id,external_id,message_preview,hash,published_at,created_at,source_id,source_name
1613189,25276,"✅ Long

#ETC/USDT

Entry zone : 9.183 - 9.468

Tak....08
10.36
10.64

Stop loss :8.80524

Leverage: 10x",d1387721ec67bda6903b2a84ea7fd86f,2026-09-25T05:06:57+00:00,2026-09-25T06:42:05.722506+00:00,1249,crypto_jiamiadmin1
1620541,25505,"📈 LONG #QNT/USDT 

🚀 LEVERAGE : 75x

📊 ENTRY PRICE....6

TP🟢109.0

TP🟢114.0

STOPLOSS 🔴98.0

REACTIONS?",f9cf90989c21486ae00c349c982f40c0,2026-09-25T08:17:15+00:00,2026-09-25T08:53:16.502888+00:00,1249,crypto_jiamiadmin1
1620540,25504,"⭐️#XAI/USDT  LONG 

🛡Leverage : Cross 25x50

‼️Ent...008488

Use only 3% - 5% amount of your portfolio🛍",bcab55e21ce2c99c966f1e9f0062194e,2026-09-25T08:17:15+00:00,2026-09-25T08:53:16.486375+00:00,1249,crypto_jiamiadmin1
1620539,25503,XAIUSDT LONG NOW,1efa7a773fd4761b1df870b821963d71,2026-09-25T08:17:15+00:00,2026-09-25T08:53:16.390804+00:00,1249,crypto_jiamiadmin1
1620538,25502,"#QNT/USDT LONG   

👉Leverage : Cross 10× To 30×

E...e Profit

1)  105
2)  110
3)  118

⭕Stop Loss : 95",80945cff92e5ffbfd4503a8d39b977e0,2026-09-25T08:17:15+00:00,2026-09-25T08:53:16.369531+00:00,1249,crypto_jiamiadmin1
1620537,25501,"🚨 #LSK/USDT | SHORT

⚡Leverage: Cross 20x

🎯Entry ... follow the signal and secure profits at targets.💎",14a255362156ceffe7fce14b680986e8,2026-09-25T08:17:15+00:00,2026-09-25T08:53:16.241191+00:00,1249,crypto_jiamiadmin1
1620536,25500,"🚨 #SUPER/USDT | SHORT

⚡Leverage: Cross 20X

🎯Entr... follow the signal and secure profits at targets.💎",08247b5560d5c301835738e18ebf6d24,2026-09-25T08:17:14+00:00,2026-09-25T08:53:16.228546+00:00,1249,crypto_jiamiadmin1
1620535,25499,"📈 QNT/USDT 📈

🟢 LONG SETUP

💰 Entry Zone: 102.00–9...et 1. 
✅ Move SL to breakeven after Target 1 hits.",a67e7ab95df3ae53a0e1c12be722ab68,2026-09-25T08:17:14+00:00,2026-09-25T08:53:16.227518+00:00,1249,crypto_jiamiadmin1
1620534,25498,"🚨 #PHA/USDT | LONG

⚡Leverage: Cross 20x

🎯Entry T... follow the signal and secure profits at targets.💎",f9ef3ad5618289f8c1f3fad576bb55c5,2026-09-25T08:17:14+00:00,2026-09-25T08:53:16.133562+00:00,1249,crypto_jiamiadmin1
1620528,25492,"📊#ONDO/USDT — LONG

⚡️ Leverage : 10X – 30X

💹Entr...Entry After TP1

⚖️ Follow Proper Risk Management.",94a772121a77c03cbbac1c8715fcd333,2026-09-25T06:48:44+00:00,2026-09-25T08:53:15.868686+00:00,1249,crypto_jiamiadmin1
1620527,25491,"EDUUSDTUSDT  
Exchanges: BINGX 

🟢 Long
Leverage- ....05314000
6) 0.05372000
7) 🚀🚀🚀 

⛔️ SL:
0.04775000",e72aee4d638f0a4a2b57c5dec2e64800,2026-09-25T06:48:44+00:00,2026-09-25T08:53:15.726522+00:00,1249,crypto_jiamiadmin1
1620526,25488,"✅ Long

Pair: #TRX/USDT

📊 Entry Price: 

1) 0.338...
4) 0.36143

Stop Loss: 0.31697

Leverage: 10x-20x",fd820493b29ba1bd97e588fa548dce98,2026-09-25T06:34:39+00:00,2026-09-25T08:53:15.718622+00:00,1249,crypto_jiamiadmin1
1620525,25487,"⚡️⚡️ #CATI/USDT ⚡️⚡️
Exchanges: Bingx 
Signal Type...
5) 0.06493
6) 0.06584
7) 🚀🚀🚀

Stop Targets:
5-10%",8e2f04b42c8482bbf3f727da51b179be,2026-09-25T06:34:39+00:00,2026-09-25T08:53:15.709386+00:00,1249,crypto_jiamiadmin1
1620524,25486,"⚡️⚡️ #ALLO/USDT ⚡️⚡️
Exchanges: Bingx 
Signal Type...
5) 0.30491
6) 0.30922
7) 🚀🚀🚀

Stop Targets:
5-10%",d64f225e4f91e1180fcc3e084914cf9b,2026-09-25T06:34:39+00:00,2026-09-25T08:53:15.611002+00:00,1249,crypto_jiamiadmin1
1620523,25485,"⚡️⚡️ #BOME/USDT ⚡️⚡️
Exchanges: Bingx 
Signal Type...
5) 0.00109
6) 0.00111
7) 🚀🚀🚀

Stop Targets:
5-10%",bdaa1313c5c6e6b47b76b014392db10d,2026-09-25T06:34:39+00:00,2026-09-25T08:53:15.590227+00:00,1249,crypto_jiamiadmin1
1620522,25484,"⚡️⚡️ #USELESS/USDT ⚡️⚡️
Exchanges: Bingx 
Signal T...
5) 0.30112
6) 0.30539
7) 🚀🚀🚀

Stop Targets:
5-10%",ec269bfd34d9030ac9e61b657c858c8c,2026-09-25T06:34:39+00:00,2026-09-25T08:53:15.487421+00:00,1249,crypto_jiamiadmin1
1620520,25482,"SOLUSDTUSDT  
Exchanges: BINGX 

🟢 Short
Leverage-... 112.74
5) 109.22
6) 106.87
7) 🚀🚀🚀 

⛔️ SL:
124.49",2bcfe9ebb049b87d6247e78e7595e423,2026-09-25T06:34:39+00:00,2026-09-25T08:53:15.405529+00:00,1249,crypto_jiamiadmin1
1620518,25480,"🚀 $MANA/USDT PERP 🚀

🟢 LONG

💰 Entry : 0.0895$ – 0...5X – 25X

⛔️ SL : 0.0810$

📌 Use Only 2-5% Capital",81e962c599468817c66894eab1244396,2026-09-25T06:34:39+00:00,2026-09-25T08:53:15.233997+00:00,1249,crypto_jiamiadmin1
1620517,25478,"#POL - LONG 50X

Entry  0.1084
DCA 0.096

Targets 200% -300%-500% +++

SL= 0.08

Using 1% wallet",065eb39b752a5833e9950a5856625ff9,2026-09-25T06:34:38+00:00,2026-09-25T08:53:15.232987+00:00,1249,crypto_jiamiadmin1
1620515,25477,"🔰 FET/USDT 🔰

🔴 SHORT 20X

🔳 ENTRY :- 0.2230

☑️ TARGET:- 0.2180 - 0.2100 - 0.2000

🔴 STOP :- 0.2340",0dcde56b7d47092154dd061241484cb9,2026-09-25T06:34:38+00:00,2026-09-25T08:53:15.164918+00:00,1249,crypto_jiamiadmin1
1620514,25476,"🐳 QNT/USDT #LONG🐳

✳️ ENTRY :- 93.50 - 90.00

💢 LE... 107.00

⛔️ STOP-LOSS :- 86.00

☝️ Margin Use 2–3%",28fea562b59fff6cfc1e709378839814,2026-09-25T06:34:38+00:00,2026-09-25T08:53:15.138118+00:00,1249,crypto_jiamiadmin1
1620513,25475,"🚀 #BEATUSDT LONG SIGNAL 🚀

⚡️ LEVERAGE 50X–75X
📌 E...h this move together!

🔓 Trade Smart • Trade Safe.",2136e472c8e770a9c72845fbf045361d,2026-09-25T06:34:38+00:00,2026-09-25T08:53:14.976033+00:00,1249,crypto_jiamiadmin1
1620512,25474,"📊 ACE/USDT — LONG

📍 ENTRY: 0.19550

🎯 TARGET 1: 0...Manage your risk & trade responsibly.

🔥 LET’S GO!",bb4f1585058c3c9e759db04a5547bb7c,2026-09-25T06:34:38+00:00,2026-09-25T08:53:14.966970+00:00,1249,crypto_jiamiadmin1
1620511,25473,"💵 𝐒𝐈𝐆𝐍𝐀𝐋 𝐀𝐋𝐄𝐑𝐓 💵

#MARSCOIN/USDT (25xSHORT)

✅ ENT...TARGETS:- 0.10660/0.098/0.094

❌ STOP LOSS: 0.1270",de54527e4a973bfdf85793d0b36e1bef,2026-09-25T06:34:38+00:00,2026-09-25T08:53:14.934123+00:00,1249,crypto_jiamiadmin1
1620510,25472,"⚡️$FET/USDT⚡️

SHORT
Leverage: 20X

Entry: 0.2230
...get:

1)0.2180
2)0.2100
3)0.2000

Stoploss: 0.2340",ed176f6c0b4aceee23533487b89e4203,2026-09-25T06:34:38+00:00,2026-09-25T08:53:14.923844+00:00,1249,crypto_jiamiadmin1
1620509,25471,"Coin #SAGA/USDT

Position: LONG 

Leverage:  Cross...rgets: 🎯 0.0357, 0.0389, 0.0425

Stop Loss: 0.0307",f046d85b7187511dda8449435fb116bb,2026-09-25T06:34:38+00:00,2026-09-25T08:53:14.913338+00:00,1249,crypto_jiamiadmin1
1620508,25470,"Coin #H/USDT

Position: LONG 

Leverage:  Cross 10...rgets: 🎯 0.0680, 0.0715, 0.0760

Stop Loss: 0.0620",b33a7815bc479437be81f374474d4a5e,2026-09-25T06:34:38+00:00,2026-09-25T08:53:14.734642+00:00,1249,crypto_jiamiadmin1
1620507,25469,"🪙 Coin: #PHA/USDT
🧭 Type: #LONG

📈 Entry Zone:
0.0... within the zone and maintain strict risk control.",aa5d33595f5cc794dd7f11c9c3dc1d97,2026-09-25T06:34:38+00:00,2026-09-25T08:53:14.712293+00:00,1249,crypto_jiamiadmin1
1620505,25468,"🪙 Coin: #CROSS/USDT
🧭 Type: #LONG

📈 Entry Zone:
0... within the zone and maintain strict risk control.",ea8ba5b350880dd75e26155397e56eba,2026-09-25T06:34:38+00:00,2026-09-25T08:53:14.684865+00:00,1249,crypto_jiamiadmin1
1620504,25466,"⚡ #ARK/USDT

📥 Short 

💹 Buy: 0.1853 - 0.1900

🧿 T...768 - 0.1750

🧨 StopLoss: 0.1940 

🔘 Leverage: 20x",b41dd609f9c59dddfb96975a73905e78,2026-09-25T06:34:38+00:00,2026-09-25T08:53:14.678264+00:00,1249,crypto_jiamiadmin1
1620503,25465,"#LONG 🟢🔤🔤🔤🔤🔤

#ONDO/USDT

Margin Mode : Isolated 💎...0

🟥 SL : 0.5088 - 100%   

📊 LEV : 20X

🇯🇵Premium",e64236e252f71d77f47f1902c89f54ad,2026-09-25T06:34:38+00:00,2026-09-25T08:53:14.463412+00:00,1249,crypto_jiamiadmin1
1620502,25464,"$AVA - LONG ( Swing trade ) 🟢

Entry : Market Pric...ways keep the size under control and stay relaxed.",720f34de7f9823fb93e58f49a1e0e0d1,2026-09-25T06:34:38+00:00,2026-09-25T08:53:14.451640+00:00,1249,crypto_jiamiadmin1
1620501,25462,"👑 #BILL/USDT — TRADE LONG

LEVERAGE 25X TO 50X

✅ ...

⛔️ STOP LOSS: 0.01300

⚡️ NO FEAR — JUST PROFITS",d3b9b8954d72689f6062768ef624b53c,2026-09-25T06:34:37+00:00,2026-09-25T08:53:14.411549+00:00,1249,crypto_jiamiadmin1
1620500,25463,"📊#PHA/USDT–LONG–10x - 30x 🚀

📍 𝐄𝐧𝐭𝐫𝐲 𝐙𝐨𝐧𝐞:

➥ 0.05...tal.

⚠️ Disclaimer:
Trade at your own risk. DYOR.",f40560d1bc891fe5bcd262a38d4a5f17,2026-09-25T06:34:37+00:00,2026-09-25T08:53:14.398853+00:00,1249,crypto_jiamiadmin1
1620499,25461,"🌈PAIR:- #XPL /USDT
⚡️ Direction : LONG
🛠 Leverage:...nt Usage:- 1 - 2%
(According To your Risk Setting)",8ae5cdf51b424ef20a6f84e33892ee5d,2026-09-25T06:34:37+00:00,2026-09-25T08:53:14.395400+00:00,1249,crypto_jiamiadmin1
1620498,25460,"$FET/USDT #LONG📩

✅ENTRY :-0.2230/0.2150

Target 1...𝐎𝐧𝐥𝐲 𝟏-𝟑% 𝐎𝐟 𝐎𝐮𝐫 𝐃𝐞𝐩𝐨𝐬𝐢𝐭 𝐅𝐨𝐫 𝐄𝐚𝐜𝐡 𝐓𝐫𝐚𝐝𝐞

React,??m",8719696ef9d45471450a543e079fad78,2026-09-25T06:34:37+00:00,2026-09-25T08:53:14.237114+00:00,1249,crypto_jiamiadmin1
1620497,25459,"📍Coin : #XPL/USDT

🟢 LONG 

👉 Entry: 0.1177 - 0.11...t 5: 0.1235
🎯 Target 6: 0.1248

❌ StopLoss: 0.1130",56de69642c84a1a2407a3771140b45c5,2026-09-25T06:34:37+00:00,2026-09-25T08:53:14.203492+00:00,1249,crypto_jiamiadmin1
1620496,25457,"#SAGA/USDT LONG   

👉Leverage : Cross 10× To 30×

...
1)  0.036
2)  0.039
3)  0.045

⭕Stop Loss : 0.031",13ba640dafbe9e6786c1d46df7cda596,2026-09-25T06:34:37+00:00,2026-09-25T08:53:14.030794+00:00,1249,crypto_jiamiadmin1
1620494,25456,"FET/USDT 

Position: LONG

Leverage: 10X To 25X 

...
Targets:  : 0.228 - 0.24 - 0.26

Stop Loss: 0.208",da73ffc19544fc728bd242a7e6087f7e,2026-09-25T06:34:37+00:00,2026-09-25T08:53:14.020889+00:00,1249,crypto_jiamiadmin1
1632614,25636,"💎 $LDO

2 options

either we hang around here in a...hey hold above, then on the retest a long to $0.53",ab376d1696aab505687b2ca7f523b803,2026-09-25T14:38:03+00:00,2026-09-25T15:09:01.344552+00:00,1249,crypto_jiamiadmin1
1632613,25635,"Short $LDO

Entry: 0.4596
Tp: 0,4441 / 0,4373 / 0,...2
Sl: 0,4911

Leva 30x (cross)
Leva 15x (isolated)",74719a1000c9d44c8c31a5d284aa0b6c,2026-09-25T14:38:03+00:00,2026-09-25T15:09:01.320792+00:00,1249,crypto_jiamiadmin1
1632604,25622,"🔺 $OP/USDT — LONG | 20x

🎯 ENTRY: 0.13950

🚀 TP: 0... 0.13000

⚠️ RISK MANAGEMENT: Manage risk smartly.",25a3fa840da7f208ab54b7f19038651b,2026-09-25T14:20:24+00:00,2026-09-25T15:08:50.434387+00:00,1249,crypto_jiamiadmin1
1632603,25621,"SOLUSDT

LONG LONG LONG 

OPEN MARKET PRICE 

TP 119.900
TP 120.200
TP 120.700

SL 114.400

LEV 50X",3833b62d9470d270e7e98576f90419b4,2026-09-25T14:20:24+00:00,2026-09-25T15:08:50.282726+00:00,1249,crypto_jiamiadmin1
1632602,25620,"🚨 #OP/USDT | LONG

⚡Leverage: Cross 20X

🎯Entry Ta... follow the signal and secure profits at targets.💎",27a3d2fb8d270374fcafae750800a71e,2026-09-25T14:20:23+00:00,2026-09-25T15:08:50.267944+00:00,1249,crypto_jiamiadmin1
1632601,25619,"🚨 #SOL/USDT | LONG

⚡Leverage: Cross 100X

🎯Entry ... follow the signal and secure profits at targets.💎",66522dcf1c16b2d7978c419b83a4e592,2026-09-25T14:20:23+00:00,2026-09-25T15:08:50.217676+00:00,1249,crypto_jiamiadmin1
1632600,25618,"✅ Long

Pair: #XTZ/USDT

📊 Entry Price: 

1) 0.331...) 0.354072

Stop Loss: 0.310521

Leverage: 10x-20x",e55443048def1a4d792ce47c04f25c68,2026-09-25T14:20:23+00:00,2026-09-25T15:08:50.184663+00:00,1249,crypto_jiamiadmin1
1632599,25617,"#SHORT 🔴 🔤🔤🔤🔤🔤

#ADA/USDT 

Margin Mode : Isolated...301

🟩 SL : 0.2634 - 100%

📊 LEV : 20X

🇯🇵 Premium",0648892a86bc0ed5e2063f382a9fe86a,2026-09-25T14:20:23+00:00,2026-09-25T15:08:50.171761+00:00,1249,crypto_jiamiadmin1
1632598,25616,"ADA/USD SELL 

Entry : $ 0.25500

Target1: $ 0.250...et3: $ 0.22868
Target4: $ 0.21925 

SL : $ 0.26492",32e0352ce1b2251abd4e77ccb01ddffa,2026-09-25T14:20:23+00:00,2026-09-25T15:08:50.031515+00:00,1249,crypto_jiamiadmin1
1632597,25615,"🔘 Coin : #HUMA/USDT 🔘

🟢 LONG

🔺Entry🔻: 0.029168

... 0.031061

♦️ StopLoss : 0.028125

🔱 Leverage: 25x",d950c6c2216f94cdacd1b00085c2d6ef,2026-09-25T14:20:23+00:00,2026-09-25T15:08:50.017069+00:00,1249,crypto_jiamiadmin1
1632596,25614,"🔴 SHORT

#IOTA/USDT

Entry zone : 0.051778 - 0.050...5469
0.043953

Stop loss :0.0537889

Leverage: 10x",0abf12978a571fa1d2dbd4c2b086dc31,2026-09-25T14:20:23+00:00,2026-09-25T15:08:49.970419+00:00,1249,crypto_jiamiadmin1
1632595,25613,"🔴 SHORT $TAO/USDT | Cross 50X

✅ Entry: MARKET PRICE 

🎯 TP: 250.03

🛑 SL: 320.79",0d23b79e79e9c5380df8f51fb517c302,2026-09-25T14:20:23+00:00,2026-09-25T15:08:49.963690+00:00,1249,crypto_jiamiadmin1
1632594,25612,"🔴 SHORT $DOGE/USDT | Cross 50X

✅ Entry: MARKET PRICE 

🎯 TP: 0.08464

🛑 SL: 0.10096",52fc1427af5d0dea6d5aa25b2198809a,2026-09-25T14:20:23+00:00,2026-09-25T15:08:49.938927+00:00,1249,crypto_jiamiadmin1
1632592,25610,SHORT XPL 0.11243,947d4bee0fe5f29b2c7346ebf3f42d84,2026-09-25T14:20:23+00:00,2026-09-25T15:08:49.777587+00:00,1249,crypto_jiamiadmin1
1632591,25609,"⚡️$PHA/USDT⚡️

LONG
Leverage: 20X

Entry: 0.070

Target:

1)0.073
2)0.077
3)0.082

Stoploss: 0.064",92c2c2367e913c0fd5eb871345fdfe3a,2026-09-25T14:20:23+00:00,2026-09-25T15:08:49.720551+00:00,1249,crypto_jiamiadmin1
1632590,25607,"🔰 PHA/USDT 🔰

🟢 LONG 20X

🔳 ENTRY :- 0.070

☑️ TARGET:- 0.073 - 0.077 - 0.082

🔴 STOP :- 0.064",4193219b37f77a2aa877493f2cb496a4,2026-09-25T14:20:23+00:00,2026-09-25T15:08:49.716659+00:00,1249,crypto_jiamiadmin1
1632589,25608,"🔘 Coin : #DEEP/USDT 🔘

🔴 SHORT

🔺Entry🔻: 0.02221

... - 0.02086

♦️ StopLoss : 0.02305

🔱 Leverage: 25x",50c0cf7009c5239e4f70d1ff1f9f6056,2026-09-25T14:20:23+00:00,2026-09-25T15:08:49.703836+00:00,1249,crypto_jiamiadmin1
1632588,25606,"⚡️Pair: PHA/USDT
Type: LONG 🟢
💫Leverage:  (20X_100...078
2) 0.083
3) 0.090
4) 0.099

❌ STOP LOSS: 0.065",9035889630f6a8edb8416d049206d642,2026-09-25T14:20:23+00:00,2026-09-25T15:08:49.537050+00:00,1249,crypto_jiamiadmin1
1632587,25605,"⭐️#DEEP/USDT  LONG 

🛡Leverage : Cross 25x50

‼️En....02040

Use only 3% - 5% amount of your portfolio🛍",ea1dc7453571a44e0bca5b57ccc3a631,2026-09-25T14:20:23+00:00,2026-09-25T15:08:49.524380+00:00,1249,crypto_jiamiadmin1
1632585,25603,"EXCHANGE/BYBIT/BITUNIX📌 

SHORT/CHIP/USDT📈📈📈


ENT...gement 🏆


Use only 10% of your 📈Available balance",44caab824ed8ce020c15b45325dd9475,2026-09-25T14:20:22+00:00,2026-09-25T15:08:49.468741+00:00,1249,crypto_jiamiadmin1
1632584,25602,"EXCHANGE/BYBIT/BITUNIX/OKX📌 


SHORT/WLD/USDT📈📈📈

...agement 🏆


Use only 5% of your 📈Available balance",dc610241e2257b9056b16c37385470ba,2026-09-25T14:20:22+00:00,2026-09-25T15:08:49.468037+00:00,1249,crypto_jiamiadmin1
1632583,25601,"SHORT/XRP/USDT📈📈📈


ENTRY:  (LIMIT ORDER)

ENTRY P...agement 🏆


Use only 5% of your 📈Available balance",acee6ee1bc92d6eb8398121502dcdc35,2026-09-25T14:20:22+00:00,2026-09-25T15:08:49.298229+00:00,1249,crypto_jiamiadmin1
1632582,25600,"🔴 SHORT $ZEC/USDT | Cross 50X

✅ Entry: MARKET PRICE 

🎯 TP: 1432.10

🛑 SL: 1669.42",868d087075f4b8c843cd777740902390,2026-09-25T14:20:22+00:00,2026-09-25T15:08:49.265656+00:00,1249,crypto_jiamiadmin1
1632581,25599,"Use only 2% Funds

#BTC/USDT (SHORT)

Entry 1 = 84... Profit
T.P 3 = 1000% Profit 

🔴Stop loss at 87800",e46a1313df5a7d9663e6e8884674ba2f,2026-09-25T14:20:22+00:00,2026-09-25T15:08:49.254206+00:00,1249,crypto_jiamiadmin1
1632580,25598,"🔺 $SOL/USDT — LONG | 100x

🎯 ENTRY: 119.70

🚀 TP: ...: 114.00

⚠️ RISK MANAGEMENT: Manage risk smartly.",feee6b79d741a0300209ed7aa767f0f8,2026-09-25T14:20:22+00:00,2026-09-25T15:08:49.115003+00:00,1249,crypto_jiamiadmin1
1632579,25597,"🔴 SHORT

#XRP/USDT

Entry : 

1) 1.5853
2) 1.6328
...1.4756

🛑 Stop : 1.6851

Leverage : 10x (isolated)",0d205e54956f00da437bcd9dc675f820,2026-09-25T14:20:22+00:00,2026-09-25T15:08:49.111977+00:00,1249,crypto_jiamiadmin1
1632578,25596,"🌈PAIR:- #PHA/USDT
⚡️ Direction : LONG
🛠 Leverage: ...nt Usage:- 1 - 2%
(According To your Risk Setting)",229c4be7e153f9f5734d7facb8ae620e,2026-09-25T14:20:22+00:00,2026-09-25T15:08:49.019389+00:00,1249,crypto_jiamiadmin1
1632577,25595,"⭐ CHIP /USDT — LONG

💵 ENTRY:0.04880-0.04600

⚙️ L...o

📌 Follow the setup and manage your risk wisely.",0ec177099c0eac4c44c4bc1f36899b75,2026-09-25T14:20:22+00:00,2026-09-25T15:08:49.006243+00:00,1249,crypto_jiamiadmin1
1632576,25594,"⭐ ENA /USDT — LONG

💵 ENTRY:0.23900-0.22700

⚙️ LE...o

📌 Follow the setup and manage your risk wisely.",8bd4ab27895cb38f6921a5172de14a04,2026-09-25T14:20:22+00:00,2026-09-25T15:08:48.904406+00:00,1249,crypto_jiamiadmin1
1632575,25593,"⭐ JTO /USDT — LONG

💵 ENTRY:0.5400-0.5200

⚙️ LEVE...o

📌 Follow the setup and manage your risk wisely.",822f92ec82af015b552eec541fa34421,2026-09-25T14:20:22+00:00,2026-09-25T15:08:48.881422+00:00,1249,crypto_jiamiadmin1
1632574,25592,"🔴 SHORT $ETH/USDT | Cross 50X

✅ Entry: 2714

🎯 TP: 2675 - 2625 -  2550

🛑 SL: 2805",b8980f7ede9ecc3f65908e8b27c5df9e,2026-09-25T14:20:22+00:00,2026-09-25T15:08:48.856432+00:00,1249,crypto_jiamiadmin1
1632573,25591,"🔴 SHORT $HYPE/USDT | Cross 20X

✅ Entry: 94.20

🎯 TP: 92.50 - 91.15 -  89

🛑 SL: 98",80c10587d49fcf205c9ed1ed382a0c5a,2026-09-25T14:20:22+00:00,2026-09-25T15:08:48.656684+00:00,1249,crypto_jiamiadmin1
1632560,25576,"🔴 SHORT

#ETH/USDT

Entry zone : 2818.88 - 2736.78...75.41
2392.90

Stop loss :2928.3546

Leverage: 10x",dbefba58b3e9602419507d73c43e2eab,2026-09-25T14:19:20+00:00,2026-09-25T15:08:48.100811+00:00,1249,crypto_jiamiadmin1
1632559,25575,"⭐️#JTO/USDT  LONG 

🛡Leverage : Cross 25x50

‼️Ent...0.5273

Use only 3% - 5% amount of your portfolio🛍",97390598d771e39c2fa052e999278c75,2026-09-25T14:19:20+00:00,2026-09-25T15:08:48.090017+00:00,1249,crypto_jiamiadmin1
1632558,25574,JTOUSDT LONG NOW,8d26a86d613cac0a06cce202bb1448c8,2026-09-25T14:19:20+00:00,2026-09-25T15:08:47.838669+00:00,1249,crypto_jiamiadmin1
1632557,25573,"⭐️#ARK/USDT  LONG 

🛡Leverage : Cross 25x50

‼️Ent...0.2206

Use only 3% - 5% amount of your portfolio🛍",bc7bcf33a9b20bb07d7f75ed82a3af15,2026-09-25T14:19:20+00:00,2026-09-25T15:08:47.821473+00:00,1249,crypto_jiamiadmin1
1632555,25570,"💫 Pair: UNI/USDT  💫

🔼 Direction: Long 🔼

✅ Levera...📈 Take Profit: 10.05 📈

⚠️ Stop Loss: 8.700 ⚠️

📈📈",cd8bf2eaefad93c1103354ef3c4ccd88,2026-09-25T14:19:19+00:00,2026-09-25T15:08:47.788363+00:00,1249,crypto_jiamiadmin1
1632554,25571,"↗️ LONG #ETH 200x

📌 Entry: 2.730

🎯 TP1: 2,743
💵 ...t Usage: 1-3%
⚠️ According to your risk management",0047e98b3b89f039b1be4511199d8088,2026-09-25T14:19:19+00:00,2026-09-25T15:08:47.783468+00:00,1249,crypto_jiamiadmin1
1632553,25569,"CHIP/USDT  LONG 

Leverage : Cross 25x50

Entry : ...0.04780

Use only 3% - 5% amount of your portfolio",8d75ed298e67b56fec93fb59c10aa97c,2026-09-25T14:19:19+00:00,2026-09-25T15:08:47.579448+00:00,1249,crypto_jiamiadmin1
1632552,25568,"#JTO         /USDT (SHORT) 🔽🔽

⌛LEVERAGE : 20X TO ...6


💥Use only 1%margin of your total portfolio❤️😘😇",6f88911a211699a1772b6815ed32c2b7,2026-09-25T14:19:19+00:00,2026-09-25T15:08:47.559022+00:00,1249,crypto_jiamiadmin1
1632550,25565,"↗️ LONG #SAGA 50x

📌 Entry: 0.3930

🎯 TP1: 0.4050
...t Usage: 1-3%
⚠️ According to your risk management",e1c77d2ed249c3510774c3d8fc61db7f,2026-09-25T14:19:19+00:00,2026-09-25T15:08:47.535979+00:00,1249,crypto_jiamiadmin1
1632548,25564,"#XAI/ USDT — BUY (SHORT) 
Leverage: Cross 25x – 50...T IS KEY
👉 Use ONLY 2 – 3% of your total portfolio",04d954934104af0367bd6641bba9edb2,2026-09-25T14:19:19+00:00,2026-09-25T15:08:47.299449+00:00,1249,crypto_jiamiadmin1
1632546,25561,"🔴 Short

Pair: #LINK/USDT

📊 Entry Price: 

1) 14....06
4) 13.109

Stop Loss: 14.971

Leverage: 10x-20x",027d53297bbd95cfe983861a801588ae,2026-09-25T14:19:19+00:00,2026-09-25T15:08:47.277364+00:00,1249,crypto_jiamiadmin1
1632545,25562,"Use only 2% Funds

#ADA/USDT (SHORT)

Entry 1 = 0....Profit
T.P 3 = 1000% Profit 

🔴Stop loss at 0.2720",17e8387261484c36f828ea138d4cd0d1,2026-09-25T14:19:19+00:00,2026-09-25T15:08:47.272309+00:00,1249,crypto_jiamiadmin1
1632544,25560,"#TAKE/USDT SHORT   

👉Leverage : Cross 10× To 30×
... 0.0576
2)  0.0554
3)  0.0518

⭕Stop Loss : 0.0628",db7b89dddf49fc2fbdcb11bcec631c6e,2026-09-25T14:19:19+00:00,2026-09-25T15:08:47.268874+00:00,1249,crypto_jiamiadmin1
1632541,25558,"⭐️#TAKE/USDT  SHORT 

🛡Leverage : Cross 25x50

‼️E....06476

Use only 3% - 5% amount of your portfolio🛍",4e0260ff6b2b644f9bb9e3266f82c955,2026-09-25T14:19:19+00:00,2026-09-25T15:08:47.001332+00:00,1249,crypto_jiamiadmin1
1632540,25556,"👑 #TAKE/USDT — TRADE SHORT

LEVERAGE 25X TO 50X

✅...

⛔️ STOP LOSS: 0.06280

⚡️ NO FEAR — JUST PROFITS",0d29b9d74357cb708d78682a2d6f491e,2026-09-25T14:19:18+00:00,2026-09-25T15:08:46.999669+00:00,1249,crypto_jiamiadmin1
1632539,25555,"💰#PHA  / USDT👑

💎Setup Type: Strong LONG 🔖Opportun...TP ➝ 0.06850

4️⃣TP ➝ 0.08000

🚫Stop Loss: 0.05000",271c80791a22a920caa68efe59707068,2026-09-25T14:19:18+00:00,2026-09-25T15:08:46.987914+00:00,1249,crypto_jiamiadmin1
1632537,25553,"💰#BTW  / USDT👑

💎Setup Type: Strong SHORT 🔖Opportu...

🥉TP ➝ 0.8800

4️⃣TP ➝ 0.7000

🚫Stop Loss: 1.2700",ae94ae06394df9711b562f5c497f8f0e,2026-09-25T14:19:18+00:00,2026-09-25T15:08:46.744819+00:00,1249,crypto_jiamiadmin1
1632527,25543,"🚀 SHORT: $TAKE/USDT
LEVERAGE: 50x

✔️ENTRY PRICE: ...5-0.05550-0.05100

STOP LOSS:  0.06230

REACTIONS?",4dd3fc51cb8982b39e083ef3f8fed8d2,2026-09-25T14:18:31+00:00,2026-09-25T15:08:46.123936+00:00,1249,crypto_jiamiadmin1
1632526,25542,"Long #ARK 50x 0.2280

Tp: 0.2330",179cd2a7191312cd47d4bd2c3e0ec1e5,2026-09-25T14:18:31+00:00,2026-09-25T15:08:46.070396+00:00,1249,crypto_jiamiadmin1
1632525,25541,"🚀 #NEARUSDT LONG SIGNAL 🚀

⚡️ LEVERAGE 50X–75X
📌 E...h this move together!

🔓 Trade Smart • Trade Safe.",8d2537e2cd7bd1514ba196d93793bab7,2026-09-25T14:18:31+00:00,2026-09-25T15:08:46.055827+00:00,1249,crypto_jiamiadmin1
1632524,25540,"🔰 PAIR: CRV/ USDT 💹

🟢Position: LONG🚀

☑️ Entry Zo...:
🥇 0.3486
🥈 0.3513
🥉 0.3571

❌ Stop Loss: 🔴0.3385",6b58d11a4db4ee95e585ad869d60618c,2026-09-25T14:18:31+00:00,2026-09-25T15:08:46.032385+00:00,1249,crypto_jiamiadmin1
1632522,25538,"SOL/USDT My Long Trade Idea 💡

Leverage 100X

Entr....500

Stop Loss   116.700

Follow Money Management",db3f81acfdbee9f43af438ea856d1ce8,2026-09-25T14:18:31+00:00,2026-09-25T15:08:45.853074+00:00,1249,crypto_jiamiadmin1
1632521,25537,🟢SOL/USDT LONG NOW,7ff52273b6f78091a181577af78c35a9,2026-09-25T14:18:31+00:00,2026-09-25T15:08:45.777918+00:00,1249,crypto_jiamiadmin1
1632520,25536,"#LSK   USDT — SELL (SHORT) 
🎉
🟢 Leverage: Cross  3...️Stop Loss: 0.41000

🔽 Risk Management:

 REACTION",c0be28c840eb25ba0f674043961446bd,2026-09-25T14:18:31+00:00,2026-09-25T15:08:45.768275+00:00,1249,crypto_jiamiadmin1
1632517,25533,"⭐ QNT /USDT — LONG

💵 ENTRY:101.40-98.00

⚙️ LEVER...o

📌 Follow the setup and manage your risk wisely.",823ad107bd9e90c65fe8c8e4388e3786,2026-09-25T14:18:30+00:00,2026-09-25T15:08:45.567443+00:00,1249,crypto_jiamiadmin1
1632516,25532,"🪙#FLOCK/USDT

🚩POSITION — SHORT

🔒  LEVERAGE — 20X...0.06680
TP🥉: 0.06300

⛔️ SL: 0.07500

🔥REACTIONS?😜",88d727b30a7eda6dc0991bae99451f44,2026-09-25T14:18:30+00:00,2026-09-25T15:08:45.432604+00:00,1249,crypto_jiamiadmin1
1632515,25530,"📉 SHORT #XPL/USDT 

🚀 LEVERAGE : 75x

📊 ENTRY PRIC...2

TP🟢0.109

TP🟢0.104

STOPLOSS 🔴0.121

REACTIONS?",107b0041310480fb3dad35e858713aeb,2026-09-25T14:18:30+00:00,2026-09-25T15:08:45.414827+00:00,1249,crypto_jiamiadmin1
1632514,25531,"#FLOCK/USDT SHORT NOW 📉
🏠ENTRY: ( 0.07043 )",91242377b1beec90c8b2095ce203aeac,2026-09-25T14:18:30+00:00,2026-09-25T15:08:45.412379+00:00,1249,crypto_jiamiadmin1
1632513,25529,"#AKE/USDT
🔴 Direction: SHORT 📉
🎯 Entry Zone: 0.034... management. High leverage can cause rapid losses.",969ed7eee5321fcc6a4063c6b4564212,2026-09-25T14:18:30+00:00,2026-09-25T15:08:45.277019+00:00,1249,crypto_jiamiadmin1
1632512,25528,"⭐ PHA /USDT — LONG

💵 ENTRY:0.5700-0.5400

⚙️ LEVE...o

📌 Follow the setup and manage your risk wisely.",85498ce7de314c890ec404ae70d41527,2026-09-25T14:18:30+00:00,2026-09-25T15:08:45.246195+00:00,1249,crypto_jiamiadmin1
1632510,25527,"⭐ XAI /USDT — LONG

💵 ENTRY:0.09030-0.08570

⚙️ LE...o

📌 Follow the setup and manage your risk wisely.",ea0cb50d9d3ed0b80f815b170be10622,2026-09-25T14:18:30+00:00,2026-09-25T15:08:44.967636+00:00,1249,crypto_jiamiadmin1
1632509,25526,"📊 Let’s LONG #PHA/USDT

💥 Leverage:  Cross 20×  - ...1) 0.0571
2) 0.0591
3) 0.0611

🔖 Stop Loss: 0.0523",387aeade61d6fcc501fe59d91e1f4477,2026-09-25T14:18:30+00:00,2026-09-25T15:08:44.962752+00:00,1249,crypto_jiamiadmin1
1639030,25683,"🌈PAIR:- #PHA/USDT
⚡️ Direction : LONG
🛠 Leverage: ...nt Usage:- 1 - 2%
(According To your Risk Setting)",ab99af2d79a0748ad898f11e3e9c4a91,2026-09-25T18:40:28+00:00,2026-09-25T19:13:10.144283+00:00,1249,crypto_jiamiadmin1
1639029,25682,"SPKUSDTUSDT  
Exchanges: BINGX 

🟢 Long
Leverage- ...5.25
5) 3537.27
6) 3820.25
7) 🚀🚀🚀 

⛔️ SL:
2450.00",4bc26cc3a8c6760e1632a83f11de24d1,2026-09-25T18:40:28+00:00,2026-09-25T19:13:10.119907+00:00,1249,crypto_jiamiadmin1
1639028,25681,"🔴 SHORT $WLD/USDT | Cross 50X

✅ Entry: MARKET PRICE 

🎯 TP: 0.4029

🛑 SL: 0.4802",6d1d6ce0ab19eba6017fdd3f314afa07,2026-09-25T18:40:28+00:00,2026-09-25T19:13:10.118543+00:00,1249,crypto_jiamiadmin1
1639027,25680,"🔴 SHORT $SEI/USDT | Cross 50X

✅ Entry: MARKET PRICE 

🎯 TP: 0.05748

🛑 SL: 0.07343",b33302bbf566345b07be9d727f550df1,2026-09-25T18:40:28+00:00,2026-09-25T19:13:09.875597+00:00,1249,crypto_jiamiadmin1
1639026,25679,"#SAGA/ USDT — BUY (SHORT) 
Leverage: Cross 25x – 5...T IS KEY
👉 Use ONLY 2 – 3% of your total portfolio",96a2823f8d392e4f9193c3e8a461fe89,2026-09-25T18:40:28+00:00,2026-09-25T19:13:09.865971+00:00,1249,crypto_jiamiadmin1
1639024,25678,"💸 SHORT — LINK

Entry: 13.744

💸 Targets: 13.605 /...77

💸  Stop: 14.440

💸 Move SL to entry after TP1.",98198d174a92b8f675aac435346efa07,2026-09-25T18:40:28+00:00,2026-09-25T19:13:09.854746+00:00,1249,crypto_jiamiadmin1
1639013,25664,"🟢 Long

#KAVA/USDT

Entry : 

1) 0.067400
2) 0.065...2011

🛑 Stop : 0.063153

Leverage : 10x (isolated)",f4b79f94869eddeda6b8b412d6ae0330,2026-09-25T18:39:50+00:00,2026-09-25T19:13:09.283270+00:00,1249,crypto_jiamiadmin1
1639012,25663,"🚀 #USUSDT LONG SIGNAL 🚀

⚡️ LEVERAGE 50X–75X
📌 ENT...h this move together!

🔓 Trade Smart • Trade Safe.",f708d6b624f12fbe1bc64b7910d0de89,2026-09-25T18:39:50+00:00,2026-09-25T19:13:09.055830+00:00,1249,crypto_jiamiadmin1
1639011,25662,"👑 #NIL/USDT — TRADE LONG

LEVERAGE 25X TO 50X

✅ E...0

⛔️ STOP LOSS: 0.1250

⚡️ NO FEAR — JUST PROFITS",fa594be3ed6c74cd1fbb0b74d5312cc0,2026-09-25T18:39:50+00:00,2026-09-25T19:13:09.034060+00:00,1249,crypto_jiamiadmin1
1639010,25661,"⚡️ BTC/USDT ⚡️

🔻 SCALP LONG

💎 Leverage: 10x – 15...oss: $82800

⚠️ Trade with proper risk management.",e567f4a10d61841e9e0a4551032cc73b,2026-09-25T18:39:50+00:00,2026-09-25T19:13:09.018536+00:00,1249,crypto_jiamiadmin1
1639009,25660,"🪙#HUMA/USDT

🚩POSITION — SHORT

🔒  LEVERAGE — 20X7...0.02590
TP🥉: 0.02450

⛔️ SL: 0.03000

🔥REACTIONS?😜",e2048b38850d498697efcee6f5562c56,2026-09-25T18:39:50+00:00,2026-09-25T19:13:09.016483+00:00,1249,crypto_jiamiadmin1
1639008,25659,"#HUMA/USDT SHORT NOW 📉
🏠ENTRY: ( 0.02726 )",b0a448b2779d44ffc5f811fc6a99f8d0,2026-09-25T18:39:50+00:00,2026-09-25T19:13:08.917516+00:00,1249,crypto_jiamiadmin1
1639007,25658,"🪙#MUBARAK/USDT

🚩POSITION — LONG

🔒  LEVERAGE — 20...0.05250
TP🥉: 0.05500

⛔️ SL: 0.04350

🔥REACTIONS?😜",6bef8166b9995f229cfec8f44dca4a8c,2026-09-25T18:39:50+00:00,2026-09-25T19:13:08.800170+00:00,1249,crypto_jiamiadmin1
1639006,25656,"✨HYPE/USDT

🎗 Trade Type = SHORT 🔴

⭐️ Leverage :-...[ 91.020, 90.199, 89.224, 88.242, 87.305, 86.162 ]",9c21b1af769bafff84097cf1d6ee22ed,2026-09-25T18:39:50+00:00,2026-09-25T19:13:08.787866+00:00,1249,crypto_jiamiadmin1
1639003,25657,"#MUBARAK/USDT LONG NOW 📉
🏠ENTRY: ( 0.04992 )",3788c22507d85dea6c5356e12761e125,2026-09-25T18:39:50+00:00,2026-09-25T19:13:08.771554+00:00,1249,crypto_jiamiadmin1
1639004,25655,"#PHA USDT — BUY (LONG) 
🎉
🟢 Leverage: Cross  30x

...️Stop Loss: 0.06500

🔽 Risk Management:

 REACTION",cdc326046f12bdabd4ee0a4b706c5c9e,2026-09-25T18:39:49+00:00,2026-09-25T19:13:08.772630+00:00,1249,crypto_jiamiadmin1
1639002,25652,"⭐️#PHA/USDT  LONG 

🛡Leverage : Cross 25x50

‼️Ent....06284

Use only 3% - 5% amount of your portfolio🛍",99bdb0b56fe98f0d59b0e674e06c96dd,2026-09-25T18:39:49+00:00,2026-09-25T19:13:08.526088+00:00,1249,crypto_jiamiadmin1
1639001,25653,"✅ Long

#ETC/USDT

Entry zone : 9.127 - 9.410

Tak...0.01
10.29
10.58

Stop loss :8.7513

Leverage: 10x",cf12e59b9e5c37da858308777a85d453,2026-09-25T18:39:49+00:00,2026-09-25T19:13:08.518292+00:00,1249,crypto_jiamiadmin1
1638999,25648,"🚀 LONG: $PHA/USDT
LEVERAGE: 50x

✔️ENTRY PRICE: 0....7710-0.8089-0.8700

STOP LOSS:  0.7060

REACTIONS?",6263fc726cbc5984aa9e48a4bbee9a54,2026-09-25T18:39:49+00:00,2026-09-25T19:13:08.511371+00:00,1249,crypto_jiamiadmin1
1638997,25646,#NEARUSDT LONG 5.135 TP1 5.250,60a4455fa51fe20e9919e1fb6c3b61da,2026-09-25T18:39:49+00:00,2026-09-25T19:13:08.137887+00:00,1249,crypto_jiamiadmin1
1638996,25647,"🚀 #NEARUSDT LONG SIGNAL 🚀

⚡️ LEVERAGE 50X–75X
📌 E...h this move together!

🔓 Trade Smart • Trade Safe.",f97d6aa8c489df1f8496d9866af233c8,2026-09-25T18:39:49+00:00,2026-09-25T19:13:08.132541+00:00,1249,crypto_jiamiadmin1
1638995,25644,"🔺 $PHA/USDT — LONG | 25–50x

🎯 ENTRY: 0.07582

🚀 T... RISK MANAGEMENT: Use only 3–5% of your portfolio.",da7894be6a24888587d9e65d34f59630,2026-09-25T18:39:48+00:00,2026-09-25T19:13:08.131559+00:00,1249,crypto_jiamiadmin1
1641500,25695,"⌛#ONE/USDT  ( LONG )

🍁 Leverage 👉 20X to 25X 

⛩️...85 | 0.0025396 | 0.0025687

🔕 Stoploss = 0.0023523",096d2c3b7b569eacedd4d411f255b4ea,2026-09-25T19:30:54+00:00,2026-09-25T21:05:22.476095+00:00,1249,crypto_jiamiadmin1
1648889,25753,"🔺 $POWER/USDT — LONG | 25x

🎯 ENTRY: 0.1162 → 0.11... 0.1378
🛑 SL: 0.1080

⚠️ TRADE SMART • MANAGE RISK",22aba3131d7284120c2b76cf1fc68e04,2026-09-26T06:24:19+00:00,2026-09-26T06:27:22.495327+00:00,1249,crypto_jiamiadmin1
1648880,25739,"Long #PHA 50x 0.08730

Tp: 0.08900",80146bafd50b8371f7a1eee5dc83ef8b,2026-09-26T06:23:37+00:00,2026-09-26T06:27:21.591013+00:00,1249,crypto_jiamiadmin1
1648879,25738,"↗️ LONG #PHA 50x

📌 Entry: 0.08500

🎯 TP: 0.08750
...t Usage: 1-3%
⚠️ According to your risk management",483f29931ef3b27d174d94720e6c8682,2026-09-26T06:23:37+00:00,2026-09-26T06:27:21.590258+00:00,1249,crypto_jiamiadmin1
1648876,25717,"🔴 SHORT

#RLC/USDT

Entry : 

1) 0.3674
2) 0.3784
...0.3419

🛑 Stop : 0.3905

Leverage : 10x (isolated)",496c103a24f2d1d36bb895d44e1f08d1,2026-09-26T06:22:43+00:00,2026-09-26T06:27:21.566150+00:00,1249,crypto_jiamiadmin1
1650898,25800,"📊 Let’s LONG #RARE/USDT

💥 Leverage:  Cross 20×  -...) 0.0231
2) 0.0248
3) 0.0260

🔖 Stop Loss: 0.02070",85a5577291f19b9c5d6bbdb1f01408ac,2026-09-26T07:40:49+00:00,2026-09-26T08:26:15.690819+00:00,1249,crypto_jiamiadmin1
1650897,25799,"#RARE/USDT LONG   

👉Leverage : Cross 10× To 30×

... 0.0215
2)  0.0225
3)  0.0240

⭕Stop Loss : 0.0196",b84e224e787bdb11e4655a69a0ec4a3c,2026-09-26T07:12:16+00:00,2026-09-26T08:26:15.607081+00:00,1249,crypto_jiamiadmin1
1650895,25797,"📈 LONG #RARE/USDT 

🚀 LEVERAGE : 50x

📊 ENTRY PRIC...TP🟢0.0225

TP🟢0.0240

STOPLOSS 🔴0.0195

REACTIONS?",e34065d9d894ff42424583c389fa3716,2026-09-26T07:12:16+00:00,2026-09-26T08:26:15.529492+00:00,1249,crypto_jiamiadmin1
1650894,25796,"📈 LONG #ARK/USDT 

🚀 LEVERAGE : 20x

📊 ENTRY PRICE...2

TP🟢0.302

TP🟢0.320

STOPLOSS 🔴0.272

REACTIONS?",8141dadf4480fb5bb5766d29c136444d,2026-09-26T07:12:16+00:00,2026-09-26T08:26:15.241696+00:00,1249,crypto_jiamiadmin1
1650892,25793,"Coin #RARE/USDT

Position: LONG 

Leverage:  Cross...rgets: 🎯 0.0201, 0.0212, 0.0230

Stop Loss: 0.0179",fe50c321679451bc98836c6777e3beb9,2026-09-26T07:12:16+00:00,2026-09-26T08:26:15.147222+00:00,1249,crypto_jiamiadmin1
1650889,25790,"💵 𝐒𝐈𝐆𝐍𝐀𝐋 𝐀𝐋𝐄𝐑𝐓 💵

#BTW/USDT (25xSHORT)

✅ ENTRY:0.....9650

TARGETS:- 0.90/0.83/0.75

❌ STOP LOSS: 1.13",c79311a2203b2b2e7a747068f1570c17,2026-09-26T07:12:16+00:00,2026-09-26T08:26:14.809891+00:00,1249,crypto_jiamiadmin1
1650888,25789,"📍Coin : #VELODROME/USDT

🟢 LONG 

👉 Entry: 0.03880...: 0.04080
🎯 Target 6: 0.04122

❌ StopLoss: 0.03650",a834e796e0d24ef8fa73bf591f08247f,2026-09-26T07:12:16+00:00,2026-09-26T08:26:14.788670+00:00,1249,crypto_jiamiadmin1
1650887,25788,"⚡ #MARSCOIN/USDT

📤 Long 

💹 Buy: 0.1169 - 0.1147
...228 - 0.1240

🧨 StopLoss: 0.1115 

🔘 Leverage: 20x",7251dea0f79e1ee20d8469f27edcea37,2026-09-26T07:12:16+00:00,2026-09-26T08:26:14.717749+00:00,1249,crypto_jiamiadmin1
1650886,25787,"#ENA/USDT LONG   

👉Leverage : Cross 10× To 30×

E...1)  0.281
2)  0.290
3)  0.302

⭕Stop Loss : 0.2596",55c003823d8197ece8f8a453850b03cd,2026-09-26T07:12:16+00:00,2026-09-26T08:26:14.697392+00:00,1249,crypto_jiamiadmin1
1650884,25785,"❖ ARK/USDT

❖ SHORT [ 10×20 ]

➤ Entry Zone:- 0.28... TP2: 0.2650
▪️ TP3: 0.2500

➤ Stop Loss :- 0.3000",dce1cfa9c026f18270551eb8d2ec8f50,2026-09-26T07:12:16+00:00,2026-09-26T08:26:14.380437+00:00,1249,crypto_jiamiadmin1
1650883,25784,"🚀 $ARK/USDT PERP 🚀

🟢 LONG

💰 Entry : 0.270$ – 0.2... 5X – 25X

⛔️ SL : 0.200$

📌 Use Only 2-5% Capital",88e32b431bf6189959b927061539afa1,2026-09-26T07:12:15+00:00,2026-09-26T08:26:14.361974+00:00,1249,crypto_jiamiadmin1
1650882,25783,"🪙 Coin: #ENA/USDT
🧭 Type: #LONG

📈 Entry Zone:
0.2... within the zone and maintain strict risk control.",3790defd577fb6a72e585b70bffd61bc,2026-09-26T07:12:15+00:00,2026-09-26T08:26:14.291906+00:00,1249,crypto_jiamiadmin1
1650881,25782,"#LONG 🟢🔤🔤🔤🔤🔤

#DOT/USDT

Margin Mode : Isolated 💎
...8

🟥 SL : 1.1709 - 100%   

📊 LEV : 20X

🇯🇵Premium",f19194a9e6340b568c77f98fa4ca1a47,2026-09-26T07:12:15+00:00,2026-09-26T08:26:14.267725+00:00,1249,crypto_jiamiadmin1
1650880,25781,"Coin #PHA/USDT

Position: LONG 

Leverage:  Cross ...rgets: 🎯 0.0875, 0.0928, 0.1000

Stop Loss: 0.0775",3864eafafefddb6d215c228cbfed7073,2026-09-26T07:12:15+00:00,2026-09-26T08:26:13.977079+00:00,1249,crypto_jiamiadmin1
1650879,25779,"📈 AERO/USDT 📈

🟢 LONG SETUP

💰 Entry Zone: 0.88 – ...et 1. 
✅ Move SL to breakeven after Target 1 hits.",3628ca9f9bac350e68b2fbc31e50eba3,2026-09-26T07:12:15+00:00,2026-09-26T08:26:13.970037+00:00,1249,crypto_jiamiadmin1
1650878,25780,"📊 SAGA/USDT — LONG

📍 ENTRY: 0.045

🎯 TARGET 1: 0....Manage your risk & trade responsibly.

🔥 LET’S GO!",aaab98880c52908505562580d9a82b14,2026-09-26T07:12:15+00:00,2026-09-26T08:26:13.965870+00:00,1249,crypto_jiamiadmin1
1650876,25777,"🔴 SHORT $PUMPFUN/USDT | Cross 50X

✅ Entry: MARKET PRICE 

🎯 TP: 0.003894

🛑 SL: 0.004764",6ca314f74d5189b41bd16529095cea63,2026-09-26T07:12:15+00:00,2026-09-26T08:26:13.647213+00:00,1249,crypto_jiamiadmin1
1650875,25775,"💫 Pair: BTC/USDT  💫

 🔽 Direction: Short 🔽

✅ Leve... Profit: 80800.00 📉

⚠️ Stop Loss: 85100.00 ⚠️

📉📉",d6610aa4a1a1784602050c173ac361a7,2026-09-26T07:12:15+00:00,2026-09-26T08:26:13.566896+00:00,1249,crypto_jiamiadmin1
1650874,25776,"🔴 SHORT $LINK/USDT | Cross 50X

✅ Entry: MARKET PRICE 

🎯 TP: 12.153

🛑 SL: 14.797",24a6ebaa12d9d89f1d67320ceb0d7a52,2026-09-26T07:12:15+00:00,2026-09-26T08:26:13.565163+00:00,1249,crypto_jiamiadmin1
1650873,25774,"🟢 Long

#KAVA/USDT

Entry : 

1) 0.067920
2) 0.065...2566

🛑 Stop : 0.063641

Leverage : 10x (isolated)",af0803548ac3e2fa6dfa59c277ff3cbf,2026-09-26T07:12:15+00:00,2026-09-26T08:26:13.544933+00:00,1249,crypto_jiamiadmin1
1650872,25773,"🐳 JTO/USDT #LONG🐳

✳️ ENTRY :- 0.58 - 0.55

💢 LEVE...3 : 0.70

⛔️ STOP-LOSS :- 0.52

☝️ Margin Use 2–3%",6d934330b6bf0b589bf52d907d584004,2026-09-26T07:12:15+00:00,2026-09-26T08:26:13.271588+00:00,1249,crypto_jiamiadmin1
1650871,25772,"🚀 #CCUSDT LONG SIGNAL 🚀

⚡️ LEVERAGE 50X–75X
📌 ENT...h this move together!

🔓 Trade Smart • Trade Safe.",5be16c8d13f775a3ac89d8d62e04b5b9,2026-09-26T07:12:15+00:00,2026-09-26T08:26:13.262353+00:00,1249,crypto_jiamiadmin1
1650870,25771,"$SENT/USDT #LONG📩

✅ENTRY :-0.02420/0.02340

Targe...𝐎𝐧𝐥𝐲 𝟏-𝟑% 𝐎𝐟 𝐎𝐮𝐫 𝐃𝐞𝐩𝐨𝐬𝐢𝐭 𝐅𝐨𝐫 𝐄𝐚𝐜𝐡 𝐓𝐫𝐚𝐝𝐞

React,??m",f2a0bd440916dd99298c7331152c1bbc,2026-09-26T07:12:15+00:00,2026-09-26T08:26:13.146214+00:00,1249,crypto_jiamiadmin1
1650869,25770,"📊 #AERO/USDT

🟢 POSITION: LONG

💰 ENTRY RANGE
➤ 0....
➤ 0.790

━━━━━━━━━━━━━━━━━━

✅ Manage risk wisely",8bf277dbccccb25908e72e9f63a73bd4,2026-09-26T07:12:15+00:00,2026-09-26T08:26:13.139046+00:00,1249,crypto_jiamiadmin1
1650868,25769,"✅ Long

#XTZ/USDT

Entry zone : 0.313407 - 0.32310...53632
0.363277

Stop loss :0.300483

Leverage: 10x",32117acb5540ac336237820129479d10,2026-09-26T07:12:15+00:00,2026-09-26T08:26:13.127727+00:00,1249,crypto_jiamiadmin1
1650867,25768,"📊#ENA/USDT–LONG–10x - 30x 🚀

📍 𝐄𝐧𝐭𝐫𝐲 𝐙𝐨𝐧𝐞:

➥ 0.27...tal.

⚠️ Disclaimer:
Trade at your own risk. DYOR.",dd44169bc5b6ea7dd19e014d21730409,2026-09-26T07:12:15+00:00,2026-09-26T08:26:13.110011+00:00,1249,crypto_jiamiadmin1
1650866,25767,"⚡️⚡️ #TWT/USDT ⚡️⚡️
Exchanges: Bingx 
Signal Type:...
5) 0.62498
6) 0.63382
7) 🚀🚀🚀

Stop Targets:
5-10%",2030d0f8eb701dc7754e49ec0b1c8eb3,2026-09-26T07:12:15+00:00,2026-09-26T08:26:12.878060+00:00,1249,crypto_jiamiadmin1
1650865,25766,"⚡️⚡️ #QTUM/USDT ⚡️⚡️
Exchanges: Bingx 
Signal Type...
5) 1.10081
6) 1.11639
7) 🚀🚀🚀

Stop Targets:
5-10%",7077333c9c7f579a5c50bba338e5fc19,2026-09-26T07:12:15+00:00,2026-09-26T08:26:12.726210+00:00,1249,crypto_jiamiadmin1
1650863,25764,"⚡️⚡️ #XMR/USDT ⚡️⚡️
Exchanges: Bingx 
Signal Type:...593.25020
6) 601.64525
7) 🚀🚀🚀

Stop Targets:
5-10%",55a52f55f2dd4d7f78465434136de809,2026-09-26T07:12:14+00:00,2026-09-26T08:26:12.716373+00:00,1249,crypto_jiamiadmin1
1650862,25762,"BTCUSDTUSDT  
Exchanges: BINGX 

🟢 Short
Leverage-...5
5) 72605.43
6) 66797.00
7) 🚀🚀🚀 

⛔️ SL:
87966.98",c18881f13adce21f12704e33a64a903c,2026-09-26T07:12:14+00:00,2026-09-26T08:26:12.706862+00:00,1249,crypto_jiamiadmin1
1650859,25759,"#POWERUSDT — BUY (LONG) 
🎉
🟢 Leverage: Cross  25x
...️Stop Loss: 0.1080

⬇️ Risk Management:

 REACTION",e571e22f4c34b591e9a8320166c0c3c2,2026-09-26T07:12:14+00:00,2026-09-26T08:26:12.261664+00:00,1249,crypto_jiamiadmin1
1650857,25760,"📊#SKY/USDT — LONG

⚡️ Leverage : 10X – 30X

💹Entry...Entry After TP1

⚖️ Follow Proper Risk Management.",348210fd46c4bc79f4049bd9cc48a2e9,2026-09-26T07:12:14+00:00,2026-09-26T08:26:12.259604+00:00,1249,crypto_jiamiadmin1
1650856,25761,"#SPK /USDT

📈Signal: Long Leverage: Cross 20X

⚡️E...even after TP1 is hit.

📣Trade Smart • Follow Risk",70b2ba69039dd6db330bab23a30e2bb7,2026-09-26T07:12:14+00:00,2026-09-26T08:26:12.258124+00:00,1249,crypto_jiamiadmin1
1660013,25857,"📊 Let’s LONG #2Z/USDT

💥 Leverage:  Cross 20×  - 
...1) 0.0744
2) 0.0769
3) 0.0840

🔖 Stop Loss: 0.0537",4b52d746cc48a2dcf0333ba84569f193,2026-09-26T12:28:25+00:00,2026-09-26T13:05:37.857994+00:00,1249,crypto_jiamiadmin1
1660012,25856,"Pair: #TAO/USDT

Short • (20X)

Entry
313.65

Targ...t your own risk. Always use proper risk management",5812dafd0a79fde67ffd458bae5ddc35,2026-09-26T12:28:25+00:00,2026-09-26T13:05:37.734403+00:00,1249,crypto_jiamiadmin1
1660011,25855,"📉 SHORT #RARE/USDT 

🚀 LEVERAGE : 50x

📊 ENTRY PRI...TP🟢0.0200

TP🟢0.0185

STOPLOSS 🔴0.0230

REACTIONS?",15b0078499e4b394f74c13cdd8ffe274,2026-09-26T12:28:25+00:00,2026-09-26T13:05:37.178076+00:00,1249,crypto_jiamiadmin1
1660009,25853,"📈 LONG #ARK/USDT 

🚀 LEVERAGE : 20x

📊 ENTRY PRICE...2

TP🟢0.302

TP🟢0.320

STOPLOSS 🔴0.272

REACTIONS?",8141dadf4480fb5bb5766d29c136444d,2026-09-26T12:28:25+00:00,2026-09-26T13:05:37.155119+00:00,1249,crypto_jiamiadmin1
1660008,25852,"📊 Let’s LONG #RARE/USDT

💥 Leverage:  Cross 20×  -...) 0.0231
2) 0.0248
3) 0.0260

🔖 Stop Loss: 0.02070",85a5577291f19b9c5d6bbdb1f01408ac,2026-09-26T12:28:24+00:00,2026-09-26T13:05:37.117514+00:00,1249,crypto_jiamiadmin1
1660007,25851,"Coin #RARE/USDT

Position: LONG 

Leverage:  Cross...rgets: 🎯 0.0201, 0.0212, 0.0230

Stop Loss: 0.0179",fe50c321679451bc98836c6777e3beb9,2026-09-26T12:28:24+00:00,2026-09-26T13:05:36.929662+00:00,1249,crypto_jiamiadmin1
1660003,25849,"📈 LONG #RARE/USDT 

🚀 LEVERAGE : 50x

📊 ENTRY PRIC...TP🟢0.0225

TP🟢0.0240

STOPLOSS 🔴0.0195

REACTIONS?",e34065d9d894ff42424583c389fa3716,2026-09-26T12:28:19+00:00,2026-09-26T13:05:36.332263+00:00,1249,crypto_jiamiadmin1
1660002,25848,"#RARE/USDT LONG   

👉Leverage : Cross 10× To 30×

... 0.0215
2)  0.0225
3)  0.0240

⭕Stop Loss : 0.0196",b84e224e787bdb11e4655a69a0ec4a3c,2026-09-26T12:28:19+00:00,2026-09-26T13:05:36.310799+00:00,1249,crypto_jiamiadmin1
1660000,25844,"💵 𝐒𝐈𝐆𝐍𝐀𝐋 𝐀𝐋𝐄𝐑𝐓 💵

#BTW/USDT (25xSHORT)

✅ ENTRY:0.....9650

TARGETS:- 0.90/0.83/0.75

❌ STOP LOSS: 1.13",c79311a2203b2b2e7a747068f1570c17,2026-09-26T12:28:18+00:00,2026-09-26T13:05:35.678515+00:00,1249,crypto_jiamiadmin1
1659999,25843,"#ENA/USDT LONG   

👉Leverage : Cross 10× To 30×

E...1)  0.281
2)  0.290
3)  0.302

⭕Stop Loss : 0.2596",55c003823d8197ece8f8a453850b03cd,2026-09-26T12:28:18+00:00,2026-09-26T13:05:35.665739+00:00,1249,crypto_jiamiadmin1
1659998,25842,"📍Coin : #VELODROME/USDT

🟢 LONG 

👉 Entry: 0.03880...: 0.04080
🎯 Target 6: 0.04122

❌ StopLoss: 0.03650",a834e796e0d24ef8fa73bf591f08247f,2026-09-26T12:28:18+00:00,2026-09-26T13:05:35.610602+00:00,1249,crypto_jiamiadmin1
1659997,25841,"⚡ #MARSCOIN/USDT

📤 Long 

💹 Buy: 0.1169 - 0.1147
...228 - 0.1240

🧨 StopLoss: 0.1115 

🔘 Leverage: 20x",7251dea0f79e1ee20d8469f27edcea37,2026-09-26T12:28:18+00:00,2026-09-26T13:05:35.600031+00:00,1249,crypto_jiamiadmin1
1659996,25840,"🚀 $ARK/USDT PERP 🚀

🟢 LONG

💰 Entry : 0.270$ – 0.2... 5X – 25X

⛔️ SL : 0.200$

📌 Use Only 2-5% Capital",88e32b431bf6189959b927061539afa1,2026-09-26T12:28:18+00:00,2026-09-26T13:05:35.584263+00:00,1249,crypto_jiamiadmin1
1659995,25839,"🪙 Coin: #ENA/USDT
🧭 Type: #LONG

📈 Entry Zone:
0.2... within the zone and maintain strict risk control.",3790defd577fb6a72e585b70bffd61bc,2026-09-26T12:28:18+00:00,2026-09-26T13:05:34.934937+00:00,1249,crypto_jiamiadmin1
1659994,25838,"❖ ARK/USDT

❖ SHORT [ 10×20 ]

➤ Entry Zone:- 0.28... TP2: 0.2650
▪️ TP3: 0.2500

➤ Stop Loss :- 0.3000",dce1cfa9c026f18270551eb8d2ec8f50,2026-09-26T12:28:18+00:00,2026-09-26T13:05:34.914479+00:00,1249,crypto_jiamiadmin1
1659991,25835,"🪙 Coin: #ENA/USDT
🧭 Type: #LONG

📈 Entry Zone:
0.2... within the zone and maintain strict risk control.",3790defd577fb6a72e585b70bffd61bc,2026-09-26T12:28:18+00:00,2026-09-26T13:05:34.361512+00:00,1249,crypto_jiamiadmin1
1659990,25834,"#LONG 🟢🔤🔤🔤🔤🔤

#DOT/USDT

Margin Mode : Isolated 💎
...8

🟥 SL : 1.1709 - 100%   

📊 LEV : 20X

🇯🇵Premium",f19194a9e6340b568c77f98fa4ca1a47,2026-09-26T12:28:18+00:00,2026-09-26T13:05:34.246525+00:00,1249,crypto_jiamiadmin1
1659989,25832,"📊 SAGA/USDT — LONG

📍 ENTRY: 0.045

🎯 TARGET 1: 0....Manage your risk & trade responsibly.

🔥 LET’S GO!",aaab98880c52908505562580d9a82b14,2026-09-26T12:28:18+00:00,2026-09-26T13:05:34.217039+00:00,1249,crypto_jiamiadmin1
1659988,25831,"📈 AERO/USDT 📈

🟢 LONG SETUP

💰 Entry Zone: 0.88 – ...et 1. 
✅ Move SL to breakeven after Target 1 hits.",3628ca9f9bac350e68b2fbc31e50eba3,2026-09-26T12:28:17+00:00,2026-09-26T13:05:34.197974+00:00,1249,crypto_jiamiadmin1
1659986,25826,"💫 Pair: BTC/USDT  💫

 🔽 Direction: Short 🔽

✅ Leve... Profit: 80800.00 📉

⚠️ Stop Loss: 85100.00 ⚠️

📉📉",d6610aa4a1a1784602050c173ac361a7,2026-09-26T12:28:17+00:00,2026-09-26T13:05:33.676120+00:00,1249,crypto_jiamiadmin1
1659985,25825,"$SENT/USDT #LONG📩

✅ENTRY :-0.02420/0.02340

Targe...𝐎𝐧𝐥𝐲 𝟏-𝟑% 𝐎𝐟 𝐎𝐮𝐫 𝐃𝐞𝐩𝐨𝐬𝐢𝐭 𝐅𝐨𝐫 𝐄𝐚𝐜𝐡 𝐓𝐫𝐚𝐝𝐞

React,??m",f2a0bd440916dd99298c7331152c1bbc,2026-09-26T12:28:17+00:00,2026-09-26T13:05:33.575612+00:00,1249,crypto_jiamiadmin1
1659984,25824,"🐳 JTO/USDT #LONG🐳

✳️ ENTRY :- 0.58 - 0.55

💢 LEVE...3 : 0.70

⛔️ STOP-LOSS :- 0.52

☝️ Margin Use 2–3%",6d934330b6bf0b589bf52d907d584004,2026-09-26T12:28:17+00:00,2026-09-26T13:05:33.540653+00:00,1249,crypto_jiamiadmin1
1659983,25822,"✅ Long

#XTZ/USDT

Entry zone : 0.313407 - 0.32310...53632
0.363277

Stop loss :0.300483

Leverage: 10x",32117acb5540ac336237820129479d10,2026-09-26T12:28:17+00:00,2026-09-26T13:05:33.530104+00:00,1249,crypto_jiamiadmin1
1659982,25823,"🟢 Long

#KAVA/USDT

Entry : 

1) 0.067920
2) 0.065...2566

🛑 Stop : 0.063641

Leverage : 10x (isolated)",af0803548ac3e2fa6dfa59c277ff3cbf,2026-09-26T12:28:17+00:00,2026-09-26T13:05:33.526477+00:00,1249,crypto_jiamiadmin1
1659981,25821,"📊 #AERO/USDT

🟢 POSITION: LONG

💰 ENTRY RANGE
➤ 0....
➤ 0.790

━━━━━━━━━━━━━━━━━━

✅ Manage risk wisely",8bf277dbccccb25908e72e9f63a73bd4,2026-09-26T12:28:17+00:00,2026-09-26T13:05:33.068614+00:00,1249,crypto_jiamiadmin1
1659979,25819,"📊#ENA/USDT–LONG–10x - 30x 🚀

📍 𝐄𝐧𝐭𝐫𝐲 𝐙𝐨𝐧𝐞:

➥ 0.27...tal.

⚠️ Disclaimer:
Trade at your own risk. DYOR.",dd44169bc5b6ea7dd19e014d21730409,2026-09-26T12:28:17+00:00,2026-09-26T13:05:32.910405+00:00,1249,crypto_jiamiadmin1
1659978,25817,"⚡️⚡️ #XMR/USDT ⚡️⚡️
Exchanges: Bingx 
Signal Type:...593.25020
6) 601.64525
7) 🚀🚀🚀

Stop Targets:
5-10%",55a52f55f2dd4d7f78465434136de809,2026-09-26T12:28:16+00:00,2026-09-26T13:05:32.904617+00:00,1249,crypto_jiamiadmin1
1659977,25816,"⚡️⚡️ #TWT/USDT ⚡️⚡️
Exchanges: Bingx 
Signal Type:...
5) 0.62498
6) 0.63382
7) 🚀🚀🚀

Stop Targets:
5-10%",2030d0f8eb701dc7754e49ec0b1c8eb3,2026-09-26T12:28:16+00:00,2026-09-26T13:05:32.311731+00:00,1249,crypto_jiamiadmin1
1659976,25815,"⚡️⚡️ #QTUM/USDT ⚡️⚡️
Exchanges: Bingx 
Signal Type...
5) 1.10081
6) 1.11639
7) 🚀🚀🚀

Stop Targets:
5-10%",7077333c9c7f579a5c50bba338e5fc19,2026-09-26T12:28:16+00:00,2026-09-26T13:05:32.293420+00:00,1249,crypto_jiamiadmin1
1659974,25812,"BTCUSDTUSDT  
Exchanges: BINGX 

🟢 Short
Leverage-...5
5) 72605.43
6) 66797.00
7) 🚀🚀🚀 

⛔️ SL:
87966.98",c18881f13adce21f12704e33a64a903c,2026-09-26T12:28:16+00:00,2026-09-26T13:05:32.105818+00:00,1249,crypto_jiamiadmin1
1659972,25811,"#SPK /USDT

📈Signal: Long Leverage: Cross 20X

⚡️E...even after TP1 is hit.

📣Trade Smart • Follow Risk",70b2ba69039dd6db330bab23a30e2bb7,2026-09-26T12:28:16+00:00,2026-09-26T13:05:32.092694+00:00,1249,crypto_jiamiadmin1
1659971,25810,"📊#SKY/USDT — LONG

⚡️ Leverage : 10X – 30X

💹Entry...Entry After TP1

⚖️ Follow Proper Risk Management.",348210fd46c4bc79f4049bd9cc48a2e9,2026-09-26T12:28:16+00:00,2026-09-26T13:05:31.194600+00:00,1249,crypto_jiamiadmin1
1663442,25875,"#SHORT 🔴 🔤🔤🔤🔤🔤

#BCH/USDT 

Margin Mode : Isolated...00.6

🟩 SL : 347.2 - 100%

📊 LEV : 20X

🇯🇵 Premium",d1f5521e22d3b4ed7c826bf9d48caf40,2026-09-26T14:23:47+00:00,2026-09-26T15:10:02.856978+00:00,1249,crypto_jiamiadmin1
1663441,25873,"⭐ Q /USDT — LONG

💵 ENTRY:0.022500-0.020000

⚙️ LE...o

📌 Follow the setup and manage your risk wisely.",790bdc7dfcad77335ac2b992d5735cc5,2026-09-26T14:23:46+00:00,2026-09-26T15:10:02.840962+00:00,1249,crypto_jiamiadmin1
1663440,25874,"👑My Coin: $Q/USDT
👀Looking for SHORT

🌟0.037053 Wi...I Will Set: 0.038476
°°°°°°°°°°°°°° As my stoploss",309d27c0deb52f145565a86f3af151d9,2026-09-26T14:23:46+00:00,2026-09-26T15:10:02.836079+00:00,1249,crypto_jiamiadmin1
1663438,25872,"⭐️#PHA/USDT  LONG

🛡Leverage : Cross 25x50

‼️Entr....07487

Use only 3% - 5% amount of your portfolio🛍",4bfff4251edd21519d2ea242ad262724,2026-09-26T14:23:46+00:00,2026-09-26T15:10:02.204894+00:00,1249,crypto_jiamiadmin1
1663439,25871,"🪙#HUMA/USDT

🚩POSITION — LONG

🔒  LEVERAGE — 20X75...0.02960
TP🥉: 0.03100

⛔️ SL: 0.02400

🔥REACTIONS?😜",bd0dda267ca6fcc6db8c8a9afa01cc35,2026-09-26T13:20:11+00:00,2026-09-26T15:10:02.209207+00:00,1249,crypto_jiamiadmin1
1663437,25869,"#HUMA/USDT LONG NOW 📈
🏠ENTRY: ( 0.02819 )",68d357a332d9ec98ca442023dccdc74c,2026-09-26T13:19:24+00:00,2026-09-26T15:10:02.190086+00:00,1249,crypto_jiamiadmin1
1663436,25870,"#LINK/USDT | LONG 🔥

Leverage: Cross 30X
Entry: 14...4: 20.000

SL: 12.000

⚡ Trade Smart • Manage Risk",f9b478fa1e36df069e81e5b0a5fce822,2026-09-26T13:19:24+00:00,2026-09-26T15:10:02.187548+00:00,1249,crypto_jiamiadmin1
1666779,25930,"✨BCH/USDT

🎗 Trade Type = SHORT 🔴

⭐️ Leverage :- ...[ 329.79, 326.25, 322.69, 319.14, 315.86, 312.52 ]",17c684dd498453c91dff1322ee7b0978,2026-09-26T15:22:16+00:00,2026-09-26T17:17:17.637395+00:00,1249,crypto_jiamiadmin1
1666777,25929,"SHIBUSDTUSDT  
Exchanges: BINGX 

🟢 Long
Leverage-... 6.00
4) 6.00
5) 6.48
6) 7.00
7) 🚀🚀🚀 

⛔️ SL:
5.63",da50a99ebb905483b508d77e9dc7e4a8,2026-09-26T15:22:16+00:00,2026-09-26T17:17:17.072418+00:00,1249,crypto_jiamiadmin1
1666776,25928,"🚀 #BEATUSDT LONG SIGNAL 🚀

⚡️ LEVERAGE 50X–75X
📌 E...h this move together!

🔓 Trade Smart • Trade Safe.",7ea207b7002849007bc122406a8a809c,2026-09-26T15:22:15+00:00,2026-09-26T17:17:17.053896+00:00,1249,crypto_jiamiadmin1
1666753,25902,"SHIBUSDTUSDT  
Exchanges: BINGX 

🟢 Long
Leverage-... 6.00
4) 6.00
5) 6.48
6) 7.00
7) 🚀🚀🚀 

⛔️ SL:
5.63",da50a99ebb905483b508d77e9dc7e4a8,2026-09-26T15:21:01+00:00,2026-09-26T17:17:13.259440+00:00,1249,crypto_jiamiadmin1
1666752,25900,"🚀 #BEATUSDT LONG SIGNAL 🚀

⚡️ LEVERAGE 50X–75X
📌 E...h this move together!

🔓 Trade Smart • Trade Safe.",7ea207b7002849007bc122406a8a809c,2026-09-26T15:21:01+00:00,2026-09-26T17:17:13.202778+00:00,1249,crypto_jiamiadmin1
1666750,25901,"✨BCH/USDT

🎗 Trade Type = SHORT 🔴

⭐️ Leverage :- ...[ 329.79, 326.25, 322.69, 319.14, 315.86, 312.52 ]",17c684dd498453c91dff1322ee7b0978,2026-09-26T15:21:01+00:00,2026-09-26T17:17:13.186723+00:00,1249,crypto_jiamiadmin1
1666749,25898,"💹#HEI/USDT — LONG SETUP

HEI is compressing inside... next expansion move.

Invalidation below $0.1347.",582902e413411f99821a51153ad2832c,2026-09-26T15:21:01+00:00,2026-09-26T17:17:12.518697+00:00,1249,crypto_jiamiadmin1
1666747,25891,"🌈PAIR:- #US/USDT
⚡️ Direction : LONG
🛠 Leverage: C...nt Usage:- 1 - 2%
(According To your Risk Setting)",3ce9f817829d582dc422bf5267b0f3e0,2026-09-26T15:21:01+00:00,2026-09-26T17:17:11.577636+00:00,1249,crypto_jiamiadmin1
1666745,25890,"⭐ RARE /USDT — LONG

💵 ENTRY:0.023500-0.022300

⚙️...o

📌 Follow the setup and manage your risk wisely.",c22b1e9db00c231b93283247f694b6db,2026-09-26T15:21:01+00:00,2026-09-26T17:17:11.572838+00:00,1249,crypto_jiamiadmin1
1666744,25889,"#RARE/ USDT — BUY (LONG) 
Leverage: Cross 25x – 50...T IS KEY
👉 Use ONLY 2 – 3% of your total portfolio",e9edeeb655b3f1b8dbbc7e831e4ef91f,2026-09-26T15:21:00+00:00,2026-09-26T17:17:11.563107+00:00,1249,crypto_jiamiadmin1
1670584,26055,"✅ Long

#VET/USDT

Entry zone : 0.009179 - 0.00946...357
0.010639

Stop loss :0.00880059

Leverage: 10x",ed3e9b535ab5158ea34b21ee1e5ef573,2026-09-26T19:01:20+00:00,2026-09-26T19:16:15.415096+00:00,1249,crypto_jiamiadmin1
1670583,26054,"🟢 Long

#QTUM/USDT

Entry : 

1) 1.036900
2) 1.005...7839

🛑 Stop : 0.971575

Leverage : 10x (isolated)",dff30cfe93ec1cf65714d251f89c2302,2026-09-26T19:01:20+00:00,2026-09-26T19:16:14.659795+00:00,1249,crypto_jiamiadmin1
1670579,26048,"🚨 #ATOM/USDT | LONG

⚡Leverage: Cross 20x

🎯Entry ... follow the signal and secure profits at targets.💎",f591f353687ba9b396e05cef1e6f7267,2026-09-26T18:13:57+00:00,2026-09-26T19:16:14.564081+00:00,1249,crypto_jiamiadmin1
1670578,26047,"⚡️⚡️#NEAR/USDT⚡️⚡️

Signal Type : Short
Leverage :....911
2) 4.729
3) 4.559
4) 4.464

Stop Loss : 5.223",9e3f24d687a5fb0b0e90ba62ddf833c6,2026-09-26T18:13:57+00:00,2026-09-26T19:16:13.920413+00:00,1249,crypto_jiamiadmin1
1670575,26044,"$FLOW Again Buying Setup

Entry: CMP 
TP: 0.0380
S... very confident on this setup. It should work fine",332e8c68220579140bc45ec10e5edf89,2026-09-26T18:13:57+00:00,2026-09-26T19:16:13.212715+00:00,1249,crypto_jiamiadmin1
1670574,26043,"#LINK USDT — BUY (LONG) 
🎉
🟢 Leverage: Cross  30x
...️Stop Loss: 12.500

⬇️ Risk Management:

 REACTION",bd2ac5e3405eb57ffac89220bd2d260f,2026-09-26T18:13:57+00:00,2026-09-26T19:16:13.198601+00:00,1249,crypto_jiamiadmin1
1670573,26042,"🪙#DOT/USDT

🚩POSITION — LONG

🔒  LEVERAGE — 20X75
...🥈: 1.2750
TP🥉: 1.3200

⛔️ SL: 1.1500

🔥REACTIONS?😜",a522c53198f4fa528b18e980bcf76e1e,2026-09-26T18:13:57+00:00,2026-09-26T19:16:13.177180+00:00,1249,crypto_jiamiadmin1
1670572,26041,"#DOT/USDT LONG NOW 📈
🏠ENTRY: ( 1.2313 )",834973da52c21f2af1a8996f2fa6bbd7,2026-09-26T18:13:57+00:00,2026-09-26T19:16:13.100412+00:00,1249,crypto_jiamiadmin1
1670571,26040,"🔴 Short

Pair: #ZIL/USDT

📊 Entry Price: 

1) 0.00...0.0036180

Stop Loss: 0.0041318

Leverage: 10x-20x",6c9b52872419ab45479acbc6896ad2f6,2026-09-26T18:13:57+00:00,2026-09-26T19:16:13.097183+00:00,1249,crypto_jiamiadmin1
1670569,26038,"🔴 SHORT

#ALGO/USDT

Entry zone : 0.125175 - 0.121...9923
0.106259

Stop loss :0.1300371

Leverage: 10x",38292f2cbdce0939d227e92003718286,2026-09-26T18:13:57+00:00,2026-09-26T19:16:12.375833+00:00,1249,crypto_jiamiadmin1
1670568,26037,"#QNT/ USDT — BUY (LONG) 
Leverage: Cross 25x – 50x...T IS KEY
👉 Use ONLY 2 – 3% of your total portfolio",9fabb35c8761240a03072c19df055071,2026-09-26T18:13:57+00:00,2026-09-26T19:16:12.347953+00:00,1249,crypto_jiamiadmin1
1670567,26036,"👑 #RARE /USDT — TRADE LONG

LEVERAGE 25X TO 50X

✔...

⛔️ STOP LOSS: 0.02130

⚡️ NO FEAR — JUST PROFITS",9e47c19be91fba8bd4b4499422a356fd,2026-09-26T18:13:56+00:00,2026-09-26T19:16:11.708865+00:00,1249,crypto_jiamiadmin1
1670566,26035,"🔴SHORT  #ETHUSDT

🔶 Entry : 2700.00 - 2702.00

➡️ ...Profit Targets :

👉 2670.00

🛑 Stop Loss : 2734.00",f321a243f08b9c54166cf62a15f03213,2026-09-26T18:13:21+00:00,2026-09-26T19:16:11.677877+00:00,1249,crypto_jiamiadmin1
1670565,26034,"👑 #HUMA/USDT — TRADE LONG

LEVERAGE 25X TO 50X

✔️...

⛔️ STOP LOSS: 0.02770

⚡️ NO FEAR — JUST PROFITS",8c3d71c2265d70ea31ac492b89e9dce7,2026-09-26T18:13:21+00:00,2026-09-26T19:16:11.615245+00:00,1249,crypto_jiamiadmin1
1670562,26031,"📊 SPOT SIGNAL

#BR/USDT ☑️

Signal Type: SPOT BUY ...isk properly and avoid overexposure.

Cryptotegic™",d9162e8b6e09d208c73b79f4373295ea,2026-09-26T18:13:21+00:00,2026-09-26T19:16:10.802369+00:00,1249,crypto_jiamiadmin1
1670561,26030,"SHIBUSDTUSDT  
Exchanges: BINGX 

🟢 Long
Leverage-... 6.00
4) 6.00
5) 6.48
6) 7.00
7) 🚀🚀🚀 

⛔️ SL:
5.63",da50a99ebb905483b508d77e9dc7e4a8,2026-09-26T18:13:21+00:00,2026-09-26T19:16:10.776641+00:00,1249,crypto_jiamiadmin1
1670560,26029,"✨BCH/USDT

🎗 Trade Type = SHORT 🔴

⭐️ Leverage :- ...[ 329.79, 326.25, 322.69, 319.14, 315.86, 312.52 ]",17c684dd498453c91dff1322ee7b0978,2026-09-26T18:13:21+00:00,2026-09-26T19:16:10.723041+00:00,1249,crypto_jiamiadmin1
1670559,26028,"🚀 #BEATUSDT LONG SIGNAL 🚀

⚡️ LEVERAGE 50X–75X
📌 E...h this move together!

🔓 Trade Smart • Trade Safe.",7ea207b7002849007bc122406a8a809c,2026-09-26T18:13:20+00:00,2026-09-26T19:16:10.706555+00:00,1249,crypto_jiamiadmin1
1670555,26018,"💹#HEI/USDT — LONG SETUP

HEI is compressing inside... next expansion move.

Invalidation below $0.1347.",582902e413411f99821a51153ad2832c,2026-09-26T18:13:02+00:00,2026-09-26T19:16:09.901668+00:00,1249,crypto_jiamiadmin1
1670554,26017,"🌈PAIR:- #US/USDT
⚡️ Direction : LONG
🛠 Leverage: C...nt Usage:- 1 - 2%
(According To your Risk Setting)",3ce9f817829d582dc422bf5267b0f3e0,2026-09-26T18:13:02+00:00,2026-09-26T19:16:09.317162+00:00,1249,crypto_jiamiadmin1
1670553,26016,"⭐ RARE /USDT — LONG

💵 ENTRY:0.023500-0.022300

⚙️...o

📌 Follow the setup and manage your risk wisely.",c22b1e9db00c231b93283247f694b6db,2026-09-26T18:13:02+00:00,2026-09-26T19:16:09.272491+00:00,1249,crypto_jiamiadmin1
1670552,26015,"#RARE/ USDT — BUY (LONG) 
Leverage: Cross 25x – 50...T IS KEY
👉 Use ONLY 2 – 3% of your total portfolio",e9edeeb655b3f1b8dbbc7e831e4ef91f,2026-09-26T18:13:02+00:00,2026-09-26T19:16:09.200791+00:00,1249,crypto_jiamiadmin1
1670549,26012,"#SHORT 🔴 🔤🔤🔤🔤🔤

#BCH/USDT 

Margin Mode : Isolated...00.6

🟩 SL : 347.2 - 100%

📊 LEV : 20X

🇯🇵 Premium",d1f5521e22d3b4ed7c826bf9d48caf40,2026-09-26T18:13:02+00:00,2026-09-26T19:16:08.446346+00:00,1249,crypto_jiamiadmin1
1670548,26011,"👑My Coin: $Q/USDT
👀Looking for SHORT

🌟0.037053 Wi...I Will Set: 0.038476
°°°°°°°°°°°°°° As my stoploss",309d27c0deb52f145565a86f3af151d9,2026-09-26T18:13:01+00:00,2026-09-26T19:16:08.418555+00:00,1249,crypto_jiamiadmin1
1670547,26010,"⭐ Q /USDT — LONG

💵 ENTRY:0.022500-0.020000

⚙️ LE...o

📌 Follow the setup and manage your risk wisely.",790bdc7dfcad77335ac2b992d5735cc5,2026-09-26T18:13:01+00:00,2026-09-26T19:16:08.332358+00:00,1249,crypto_jiamiadmin1
1670546,26009,"⭐️#PHA/USDT  LONG

🛡Leverage : Cross 25x50

‼️Entr....07487

Use only 3% - 5% amount of your portfolio🛍",4bfff4251edd21519d2ea242ad262724,2026-09-26T18:13:01+00:00,2026-09-26T19:16:08.324814+00:00,1249,crypto_jiamiadmin1
1670545,26008,PHAUSDT LONG NOW,4d93fe1df00ae15d06e6ad907a8aad57,2026-09-26T18:13:01+00:00,2026-09-26T19:16:07.626162+00:00,1249,crypto_jiamiadmin1
1670544,26007,"🪙#HUMA/USDT

🚩POSITION — LONG

🔒  LEVERAGE — 20X75...0.02960
TP🥉: 0.03100

⛔️ SL: 0.02400

🔥REACTIONS?😜",bd0dda267ca6fcc6db8c8a9afa01cc35,2026-09-26T18:13:01+00:00,2026-09-26T19:16:07.583336+00:00,1249,crypto_jiamiadmin1
1670543,26006,"#HUMA/USDT LONG NOW 📈
🏠ENTRY: ( 0.02819 )",68d357a332d9ec98ca442023dccdc74c,2026-09-26T18:13:01+00:00,2026-09-26T19:16:07.566751+00:00,1249,crypto_jiamiadmin1
1670542,26005,"💰#LINK / USDT👑

💎Setup Type: Strong LONG 🔖Opportun...

🥉TP ➝ 16.000

4️⃣TP ➝ 20.000

🚫Stop Loss: 12.000",da71edde5d2a348a9e5e1b976f6f41e7,2026-09-26T18:13:01+00:00,2026-09-26T19:16:06.720010+00:00,1249,crypto_jiamiadmin1
1670541,26004,"🔴 SHORT

#BAND/USDT

Entry : 

1) 0.2282
2) 0.2350...0.2124

🛑 Stop : 0.2425

Leverage : 10x (isolated)",b0f3ff3dce749c59e3063dcedbc30b9c,2026-09-26T18:13:01+00:00,2026-09-26T19:16:06.712456+00:00,1249,crypto_jiamiadmin1
1670540,26003,"🪙#龙虾/USDT

🚩POSITION — SHORT

🔒  LEVERAGE — 20X75
...0.09800
TP🥉: 0.09300

⛔️ SL: 0.11800

🔥REACTIONS?😜",170c273346add7b7bf0efd02eed05cfe,2026-09-26T18:13:01+00:00,2026-09-26T19:16:06.709500+00:00,1249,crypto_jiamiadmin1
1670538,26001,"🔴 SHORT

#DASH/USDT

Entry zone : 70.53 - 68.48

T....00
61.94
59.87

Stop loss :73.2736

Leverage: 10x",5ec9a4273c53c9f425d14cc313474f60,2026-09-26T18:13:01+00:00,2026-09-26T19:16:06.621325+00:00,1249,crypto_jiamiadmin1
1670537,26000,"🚨 #DOT/USDT | LONG

⚡Leverage: Cross 20x

🎯Entry T... follow the signal and secure profits at targets.💎",696ebd4b7783e3d9a501a583974ef527,2026-09-26T18:13:00+00:00,2026-09-26T19:16:05.871937+00:00,1249,crypto_jiamiadmin1
1670536,25999,"🚨 #LINK/USDT | LONG

⚡Leverage: Cross 20x

🎯Entry ... follow the signal and secure profits at targets.💎",78a33c3084eed28aaa98a5094ed59cba,2026-09-26T18:13:00+00:00,2026-09-26T19:16:05.868159+00:00,1249,crypto_jiamiadmin1
1670535,25998,"🚨 #ONDO/USDT | LONG

⚡Leverage: Cross 20x

🎯Entry ... follow the signal and secure profits at targets.💎",d50eaa381364a0a610ad4b504153e558,2026-09-26T18:13:00+00:00,2026-09-26T19:16:05.860896+00:00,1249,crypto_jiamiadmin1
1670534,25997,"Coin #SPELL/USDT

Position: LONG 

Leverage:  Cros... 0.000113, 0.000118, 0.000125

Stop Loss: 0.000104",a7ff2c6470a237831be33a8f8dbaa67d,2026-09-26T18:13:00+00:00,2026-09-26T19:16:05.818941+00:00,1249,crypto_jiamiadmin1
1670522,25982,"⭐ Q /USDT — LONG

💵 ENTRY:0.022500-0.020000

⚙️ LE...o

📌 Follow the setup and manage your risk wisely.",790bdc7dfcad77335ac2b992d5735cc5,2026-09-26T17:26:41+00:00,2026-09-26T19:16:03.302403+00:00,1249,crypto_jiamiadmin1
1670521,25984,"#SHORT 🔴 🔤🔤🔤🔤🔤

#BCH/USDT 

Margin Mode : Isolated...00.6

🟩 SL : 347.2 - 100%

📊 LEV : 20X

🇯🇵 Premium",d1f5521e22d3b4ed7c826bf9d48caf40,2026-09-26T17:26:41+00:00,2026-09-26T19:16:03.297443+00:00,1249,crypto_jiamiadmin1
1670520,25983,"👑My Coin: $Q/USDT
👀Looking for SHORT

🌟0.037053 Wi...I Will Set: 0.038476
°°°°°°°°°°°°°° As my stoploss",309d27c0deb52f145565a86f3af151d9,2026-09-26T17:26:41+00:00,2026-09-26T19:16:03.286772+00:00,1249,crypto_jiamiadmin1
1670519,25981,"⭐️#PHA/USDT  LONG

🛡Leverage : Cross 25x50

‼️Entr....07487

Use only 3% - 5% amount of your portfolio🛍",4bfff4251edd21519d2ea242ad262724,2026-09-26T17:26:41+00:00,2026-09-26T19:16:03.280475+00:00,1249,crypto_jiamiadmin1
1672189,26065,"✅ Long

Pair: #COMP/USDT

📊 Entry Price: 

1) 23.9...5.03
4) 25.53

Stop Loss: 22.39

Leverage: 10x-20x",84a2d6b746177aa64073a8467c4cbe32,2026-09-26T21:11:42+00:00,2026-09-26T21:19:13.212542+00:00,1249,crypto_jiamiadmin1
1672188,26064,"#HNT | LONG SETUP

💰 Entry: $0.5598

🎯 Target1: $0...t4: $0.58107
🎯 Target5: $0.58891

🛡 STOP: $0.53181",03fb30bee5cd1907732a582c0fd588ca,2026-09-26T21:11:42+00:00,2026-09-26T21:19:13.211278+00:00,1249,crypto_jiamiadmin1
1672187,26063,"💎 #Free Signal

✅ Long

Pair: #COMP/USDT

📊 Entry ...5.03
4) 25.53

Stop Loss: 22.39

Leverage: 10x-20x",6d02a724f00cb2fcf8c88c10251ec8ea,2026-09-26T21:11:42+00:00,2026-09-26T21:19:12.444540+00:00,1249,crypto_jiamiadmin1
1672183,26058,"🟢 Long

#QTUM/USDT

Entry : 

1) 1.036900
2) 1.005...7839

🛑 Stop : 0.971575

Leverage : 10x (isolated)",dff30cfe93ec1cf65714d251f89c2302,2026-09-26T19:34:04+00:00,2026-09-26T21:19:11.586267+00:00,1249,crypto_jiamiadmin1
1672181,26056,"🚨 #ATOM/USDT | LONG

⚡Leverage: Cross 20x

🎯Entry ... follow the signal and secure profits at targets.💎",f591f353687ba9b396e05cef1e6f7267,2026-09-26T19:34:04+00:00,2026-09-26T21:19:11.567993+00:00,1249,crypto_jiamiadmin1
1676107,26106,"🔴 SHORT

#ZEC/USDT

Entry : 

1) 1677.41
2) 1727.7...61.35

🛑 Stop : 1783.08

Leverage : 10x (isolated)",20bbe42fd877090f80b1bd5f8c14a497,2026-09-26T22:30:31+00:00,2026-09-26T23:26:17.923157+00:00,1249,crypto_jiamiadmin1
1676105,26104,"💎 #Free Signal

🟢 Long

 #COMP/USDT

Entry : 

1) ...) 25.53

🛑 Stop  : 22.39

Leverage: 10x (isolated)",441652a122e9a77d9e9f3090f854d7ec,2026-09-26T22:30:30+00:00,2026-09-26T23:26:17.826973+00:00,1249,crypto_jiamiadmin1
1676104,26103,"💫 Pair: NEAR/USDT  💫

🔼 Direction: Long 🔼

✅ Lever...📈 Take Profit: 5.440 📈

⚠️ Stop Loss: 4.450 ⚠️

📈📈",9f145e39d84c95671e8837125f7c7265,2026-09-26T22:29:26+00:00,2026-09-26T23:26:17.022844+00:00,1249,crypto_jiamiadmin1
1676096,26095,"💎 #Free Signal

✅ Long

Pair: #COMP/USDT

📊 Entry ...5.03
4) 25.53

Stop Loss: 22.39

Leverage: 10x-20x",6d02a724f00cb2fcf8c88c10251ec8ea,2026-09-26T22:05:08+00:00,2026-09-26T23:26:15.976745+00:00,1249,crypto_jiamiadmin1
1676094,26093,"💫 Pair: NEAR/USDT  💫

🔼 Direction: Long 🔼

✅ Lever...📈 Take Profit: 5.440 📈

⚠️ Stop Loss: 4.450 ⚠️

📈📈",9f145e39d84c95671e8837125f7c7265,2026-09-26T21:56:54+00:00,2026-09-26T23:26:15.186144+00:00,1249,crypto_jiamiadmin1
1691846,26168,"✅ Long

Pair: #DASH/USDT

📊 Entry Price: 

1) 68.5...1.84
4) 73.28

Stop Loss: 64.26

Leverage: 10x-20x",07fd84e097ee056f36b6c73af61a3dc0,2026-09-27T12:32:56+00:00,2026-09-27T14:06:06.459028+00:00,1249,crypto_jiamiadmin1
1691845,26167,"❖ SOON/USDT

❖ SHORT [ 10×20 ]

➤ Entry Zone:- 0.2...
▪️ TP2: 0.270
▪️ TP3: 0.250

➤ Stop Loss :- 0.315",1d6888575ba1cf316fabc615b1a9fb7d,2026-09-27T12:32:56+00:00,2026-09-27T14:06:06.432600+00:00,1249,crypto_jiamiadmin1
1691844,26166,"✨ARB/USDT

🎗 Trade Type = SHORT 🔴

⭐️ Leverage :- ...590, 0.22360, 0.22082, 0.21866, 0.21659, 0.21380 ]",6aff67faefa4f2cd1abd60fce7d2610b,2026-09-27T12:32:56+00:00,2026-09-27T14:06:06.398664+00:00,1249,crypto_jiamiadmin1
1691843,26164,"🚀 #WLDUSDT LONG SIGNAL 🚀

⚡️ LEVERAGE 50X–75X
📌 EN...h this move together!

🔓 Trade Smart • Trade Safe.",23f5942d2f2e0f2f8ce606fb888fce14,2026-09-27T12:32:56+00:00,2026-09-27T14:06:06.305000+00:00,1249,crypto_jiamiadmin1
1691842,26165,"🔴 SHORT $BTC/USDT | Cross 10X

✅ Entry: MARKET PRICE 

🎯 TP: 85369.3

🛑 SL: 83427.6",fea746f3d177430d6e2bfb48f0b92d42,2026-09-27T12:32:56+00:00,2026-09-27T14:06:06.294443+00:00,1249,crypto_jiamiadmin1
1691840,26163,"📈 LONG #GRASS/USDT 

🚀 LEVERAGE : 75x

📊 ENTRY PRI... 

TP¹🟢0.64

TP²🟢0.67

STOPLOSS 🔴0.60


REACTIONS?",72b6ad9d1b227d95ea51abd2ac0ccebe,2026-09-27T12:32:56+00:00,2026-09-27T14:06:06.273022+00:00,1249,crypto_jiamiadmin1
1691839,26161,"🌈PAIR:- #Q/USDT
⚡️ Direction : LONG
🛠 Leverage: Cr...nt Usage:- 1 - 2%
(According To your Risk Setting)",b91550587d049784c104fa84f9f52469,2026-09-27T12:32:56+00:00,2026-09-27T14:06:06.198717+00:00,1249,crypto_jiamiadmin1
1691838,26160,"#QNT USDT — BUY (LONG) 
🎉
🟢 Leverage: Cross  50x

...️Stop Loss: 158.00

⬇️ Risk Management:

 REACTION",e1b89f8aee67a417450a67898595e260,2026-09-27T11:47:52+00:00,2026-09-27T14:06:06.091330+00:00,1249,crypto_jiamiadmin1
1691837,26159,"📊 Q/USDT — LONG

📍 ENTRY: 0.04670

🎯 TARGET 1: 0.0...Manage your risk & trade responsibly.

🔥 LET’S GO!",8f09a0fae84a27fa86a200bff1bb1e08,2026-09-27T11:47:52+00:00,2026-09-27T14:06:06.077365+00:00,1249,crypto_jiamiadmin1
1691836,26158,"⚡️Pair: Q/USDT
Type: LONG 🟢
💫Leverage:  (20X_100X)...52
2) 0.059
3) 0.072
4) 0.099

❌ STOP LOSS: 0.035❌",82216b3cab86facc9d0d9f46c886a021,2026-09-27T11:47:52+00:00,2026-09-27T14:06:06.074336+00:00,1249,crypto_jiamiadmin1
1691835,26157,"🔰 PAIR: ADA/ USDT 💹

🟢Position: LONG🚀

☑️ Entry Zo...:
🥇 0.2570
🥈 0.2600
🥉 0.2632

❌ Stop Loss: 🔴0.2500",ea84a76a73c291e1881262621ae6034a,2026-09-27T11:47:52+00:00,2026-09-27T14:06:06.068591+00:00,1249,crypto_jiamiadmin1
1691833,26155,"👑 #Q/USDT — TRADE LONG

LEVERAGE 25X TO 50X

✔️ EN...

⛔️ STOP LOSS: 0.04420

⚡️ NO FEAR — JUST PROFITS",c5eaeb79de06e034bf5537947c547a76,2026-09-27T11:47:52+00:00,2026-09-27T14:06:05.887471+00:00,1249,crypto_jiamiadmin1
1691832,26154,"🚀 LONG: $QNT/USDT
LEVERAGE: 50x

✔️ENTRY PRICE: 17...176.50-187.00-203.00

STOP LOSS:  164


REACTIONS?",91228b86d31266a3eb4eced973c3bf11,2026-09-27T11:47:52+00:00,2026-09-27T14:06:05.884405+00:00,1249,crypto_jiamiadmin1
1691831,26153,"💎#W/USDT  SHORT

👍Leverage : Cross 25x50

🔝Entry :...016250

Use only 3% - 5% amount of your portfolio🤩",12ef3a44b265adbd32b493a6c72ecd26,2026-09-27T11:47:52+00:00,2026-09-27T14:06:05.871755+00:00,1249,crypto_jiamiadmin1
1691828,26149,"🟢ETH/USDT My Short Trade Setup

Leverage 100X

Ent... 2670

Stop Loss  :  2725

Follow Money Management",f7efdf68379765b97307c67772ad9fde,2026-09-27T11:47:52+00:00,2026-09-27T14:06:05.688900+00:00,1249,crypto_jiamiadmin1
1691827,26150,"📊 Let’s LONG #Q/USDT

💥 Leverage:  Cross 20×  - 

...1) 0.0488
2) 0.0503
3) 0.0560

🔖 Stop Loss: 0.0442",1ae7a51ab4705211881d9c83c8265c4b,2026-09-27T11:47:52+00:00,2026-09-27T14:06:05.685471+00:00,1249,crypto_jiamiadmin1
1691826,26148,"📈 LONG #XVG/USDT 

🚀 LEVERAGE : 50x

📊 ENTRY PRICE...🟢0.0038

TP²🟢0.0040

STOPLOSS 🔴0.0035


REACTIONS?",c2016e2f7437a4d97be5be1594c8cd0c,2026-09-27T11:47:52+00:00,2026-09-27T14:06:05.670768+00:00,1249,crypto_jiamiadmin1
1691825,26147,"🔴 SHORT $WLD/USDT | Cross 50X

✅ Entry: MARKET PRICE 

🎯 TP: 0.5125

🛑 SL: 0.5583",4d67268b5d2279cd826f23b151b39224,2026-09-27T11:47:52+00:00,2026-09-27T14:06:05.662905+00:00,1249,crypto_jiamiadmin1
1691824,26146,"#QNT/USDT

📈Signal: Long Leverage: Cross 20X

⚡️En...even after TP1 is hit.

📣Trade Smart • Follow Risk",479708a777a9851a3a9b8025f72a652e,2026-09-27T11:47:51+00:00,2026-09-27T14:06:05.657168+00:00,1249,crypto_jiamiadmin1
1691823,26145,"📉 SHORT #W/USDT 

🚀 LEVERAGE : 50x

📊 ENTRY PRICE ...TP🟢0.0146

TP🟢0.0141

STOPLOSS 🔴0.0158

REACTIONS?",616a211aacb8c5cfc18a534a80c75f7d,2026-09-27T11:47:51+00:00,2026-09-27T14:06:03.122157+00:00,1249,crypto_jiamiadmin1
1691821,26142,"📊#DEEP/USDT — LONG

⚡️ Leverage : 10X – 30X

💹Entr...Entry After TP1

⚖️ Follow Proper Risk Management.",77c053c9c0218e4532c282a3a6c62c8a,2026-09-27T11:47:51+00:00,2026-09-27T14:06:03.114358+00:00,1249,crypto_jiamiadmin1
1691820,26144,"⭐️#US/USDT  LONG 

🛡Leverage : Cross 25x50

‼️Entr...029725

Use only 3% - 5% amount of your portfolio🛍",6cfceed3dd82b9f6838dc47a318ce495,2026-09-27T11:47:51+00:00,2026-09-27T14:06:03.112045+00:00,1249,crypto_jiamiadmin1
1691819,26141,"📊 Let’s LONG #Q/USDT

💥 Leverage:  Cross 20×  - 

...0.04730
2) 0.05150
3) 0.05600

🔖 Stop Loss: 0.0417",315fb17b6744ee1a8c0ffb6b0d19b415,2026-09-27T11:47:51+00:00,2026-09-27T14:06:03.107268+00:00,1249,crypto_jiamiadmin1
1691818,26140,"LYN/USDT

LONG LONG LONG 

OPEN MARKET PRICE 

TP ...0.04010
TP 0.04050
TP 0.04090

SL 0.03705

LEV 20X",4521cc3c87fc8120b79d62b690d221a0,2026-09-27T11:47:51+00:00,2026-09-27T14:06:02.118477+00:00,1249,crypto_jiamiadmin1
1691817,26139,"#Q/USDT

📈Signal: Long Leverage: Cross 20X

⚡️Entr...even after TP1 is hit.

📣Trade Smart • Follow Risk",f9e85251cd90d0ec92f67bf8b3c3d39d,2026-09-27T11:47:51+00:00,2026-09-27T14:06:02.115810+00:00,1249,crypto_jiamiadmin1
1691816,26138,"📈 LONG #SOON/USDT 

🚀 LEVERAGE : 50x

📊 ENTRY PRIC...TP🟢0.0309

TP🟢0.0320

STOPLOSS 🔴0.0285

REACTIONS?",821150859f271003b77dfec22e9f64a9,2026-09-27T11:47:51+00:00,2026-09-27T14:06:00.624733+00:00,1249,crypto_jiamiadmin1
1691815,26137,"NEARUSDTUSDT  
Exchanges: BINGX 

🟢 Long
Leverage-... 5.30
4) 5.60
5) 6.05
6) 6.53
7) 🚀🚀🚀 

⛔️ SL:
4.55",8491392d7a2d468f1e9044779872197a,2026-09-27T11:47:51+00:00,2026-09-27T14:06:00.613512+00:00,1249,crypto_jiamiadmin1
1691814,26136,"💰#RUNE / USDT👑

💎Setup Type: Strong LONG 🔖Opportun...

🥉TP ➝ 0.9000

4️⃣TP ➝ 0.9900

🚫Stop Loss: 0.7100",33a726c7a16d97570b52dbbe0869c8be,2026-09-27T11:47:51+00:00,2026-09-27T14:06:00.590039+00:00,1249,crypto_jiamiadmin1
1691813,26135,"#SOON/USDT LONG   

👉Leverage : Cross 10× To 30×

...
1)  0.310
2)  0.322
3)  0.338

⭕Stop Loss : 0.284",0f0c8c24f4a68179c384e4cdeeffed56,2026-09-27T11:47:51+00:00,2026-09-27T14:05:59.281014+00:00,1249,crypto_jiamiadmin1
1691811,26133,"⭐ QNT /USDT — LONG

💵 ENTRY:174.00-172.00

⚙️ LEVE...o

📌 Follow the setup and manage your risk wisely.",84908d650ef750fa43d9696de87463a9,2026-09-27T11:47:51+00:00,2026-09-27T14:05:59.265430+00:00,1249,crypto_jiamiadmin1
1691810,26132,"#SOON/ USDT — BUY (LONG) 
Leverage: Cross 25x – 50...T IS KEY
👉 Use ONLY 2 – 3% of your total portfolio",174ce7bc33e2c2fdad35d162c48cb20b,2026-09-27T11:47:51+00:00,2026-09-27T14:05:59.245596+00:00,1249,crypto_jiamiadmin1
1691809,26131,"🌈PAIR:- #SAGA/USDT
⚡️ Direction : SHORT
🛠 Leverage...nt Usage:- 1 - 2%
(According To your Risk Setting)",87d9b28387f00c726a77ccd01c6dfa68,2026-09-27T11:47:51+00:00,2026-09-27T14:05:59.227899+00:00,1249,crypto_jiamiadmin1
1691808,26130,"✅ Long

#KAVA/USDT

Entry zone : 0.065979 - 0.0680...4447
0.076478

Stop loss :0.0632586

Leverage: 10x",49a8198e555c87ca5bb354780b7dbd10,2026-09-27T11:47:50+00:00,2026-09-27T14:05:57.727868+00:00,1249,crypto_jiamiadmin1
1691807,26129,"#RARE/USDT

📈Signal: Long Leverage: Cross 20X

⚡️E...even after TP1 is hit.

📣Trade Smart • Follow Risk",2d3eafd7cdfab3770b4d8220a1cdda83,2026-09-27T11:47:50+00:00,2026-09-27T14:05:57.714036+00:00,1249,crypto_jiamiadmin1
1691806,26128,"🚀 #BTWUSDT LONG SIGNAL 🚀

⚡️ LEVERAGE 50X–75X
📌 EN...h this move together!

🔓 Trade Smart • Trade Safe.",0137973e876547bbcc11e33fa9323f58,2026-09-27T11:47:50+00:00,2026-09-27T14:05:57.701595+00:00,1249,crypto_jiamiadmin1
1691805,26127,"❖ US/USDT

❖ SHORT [ 10×20 ]

➤ Entry Zone:- 0.030... TP2: 0.0270
▪️ TP3: 0.0250

➤ Stop Loss :- 0.0325",06d8afefd0e39bb8882fd80b5aa991bf,2026-09-27T11:47:50+00:00,2026-09-27T14:05:57.675999+00:00,1249,crypto_jiamiadmin1
1691804,26126,"⚡️⚡️ #STEEM/USDT ⚡️⚡️
Exchanges: Bingx 
Signal Typ...
5) 0.06950
6) 0.07049
7) 🚀🚀🚀

Stop Targets:
5-10%",d7dcd3c87d577e0a83ddfb59bd4de362,2026-09-27T11:47:50+00:00,2026-09-27T14:05:57.673347+00:00,1249,crypto_jiamiadmin1
1691803,26123,"⚡️⚡️ #POL/USDT ⚡️⚡️
Exchanges: Bingx 
Signal Type:...
5) 0.12660
6) 0.12839
7) 🚀🚀🚀

Stop Targets:
5-10%",490e748554bd77aede62ab93d9b1280f,2026-09-27T11:47:50+00:00,2026-09-27T14:05:55.975053+00:00,1249,crypto_jiamiadmin1
1691802,26125,"⚡️⚡️ #VTHO/USDT ⚡️⚡️
Exchanges: Bingx 
Signal Type...
5) 0.00083
6) 0.00084
7) 🚀🚀🚀

Stop Targets:
5-10%",a3571bebd9a6f512eeb0c7e70d012fca,2026-09-27T11:47:50+00:00,2026-09-27T14:05:55.965532+00:00,1249,crypto_jiamiadmin1
1691801,26122,"⚡️⚡️ #UMA/USDT ⚡️⚡️
Exchanges: Bingx 
Signal Type:...
5) 0.44944
6) 0.45580
7) 🚀🚀🚀

Stop Targets:
5-10%",3bdf2c3e5c07aa1a5d3f86943448181c,2026-09-27T11:47:50+00:00,2026-09-27T14:05:55.952328+00:00,1249,crypto_jiamiadmin1
1691800,26124,"⚡️⚡️ #THE/USDT ⚡️⚡️
Exchanges: Bingx 
Signal Type:...
5) 0.08752
6) 0.08876
7) 🚀🚀🚀

Stop Targets:
5-10%",5d98ef7aa8208c324c924911c707388d,2026-09-27T11:47:50+00:00,2026-09-27T14:05:55.943722+00:00,1249,crypto_jiamiadmin1
1691799,26121,"⚡️⚡️ #XAI/USDT ⚡️⚡️
Exchanges: Bingx 
Signal Type:...
5) 0.00976
6) 0.00990
7) 🚀🚀🚀

Stop Targets:
5-10%",7d65daf11667087103fa6b7ec91f055e,2026-09-27T11:47:50+00:00,2026-09-27T14:05:54.449736+00:00,1249,crypto_jiamiadmin1
1691798,26119,"🟢 Long

#ZIL/USDT

Entry : 

1) 0.0037200
2) 0.003...745

🛑 Stop : 0.0034856

Leverage : 10x (isolated)",6d8d51566fcac70c789a4ee7cbbdd913,2026-09-27T11:47:50+00:00,2026-09-27T14:05:54.275018+00:00,1249,crypto_jiamiadmin1
1691797,26120,"📊#TAIKO/USDT–LONG–10x - 30x 🚀

📍 𝐄𝐧𝐭𝐫𝐲 𝐙𝐨𝐧𝐞:

➥ 0....tal.

⚠️ Disclaimer:
Trade at your own risk. DYOR.",53559901e3b5d9a6d8ad966e3fc38b23,2026-09-27T11:47:50+00:00,2026-09-27T14:05:54.268770+00:00,1249,crypto_jiamiadmin1
1691795,26117,"🔰 SEI/USDT 🔰

🟢 LONG 20X

🔳 ENTRY :- 0.07265

☑️ TARGET:- 0.07460 - 0.079 - 0.086

🔴 STOP :- 0.068",ae9569b88b839201417b4a3386701f97,2026-09-27T11:47:50+00:00,2026-09-27T14:05:52.901012+00:00,1249,crypto_jiamiadmin1
1691794,26116,"⌛#AVAX/USDT  ( SHORT )

🍁 Leverage 👉 20X to 25X 

...09 | 10.300 | 10.191 | 10.054

🔕 Stoploss = 11.161",fcf3ccc1b16f3bf1bf4ed0966740af6d,2026-09-27T11:47:49+00:00,2026-09-27T14:05:52.881980+00:00,1249,crypto_jiamiadmin1
1691793,26114,"🐳 KITE/USDT #LONG🐳

✳️ ENTRY :- 0.158 - 0.151

💢 L...: 0.182

⛔️ STOP-LOSS :- 0.144

☝️ Margin Use 2–3%",0cd92e8644ef6a4b43a4f36b50ceeefc,2026-09-27T11:47:49+00:00,2026-09-27T14:05:51.225479+00:00,1249,crypto_jiamiadmin1
1691792,26115,"💵 𝐒𝐈𝐆𝐍𝐀𝐋 𝐀𝐋𝐄𝐑𝐓 💵

#IN/USDT (25xLONG)

✅ ENTRY:0.04...
TARGETS:- 0.04450/0.047/0.051

❌ STOP LOSS: 0.037",dec5e7db7847e1ca9c66f93edb63ec11,2026-09-27T11:47:49+00:00,2026-09-27T14:05:51.223682+00:00,1249,crypto_jiamiadmin1
1691791,26113,"📊 #IN/USDT

🟢 POSITION: LONG

💰 ENTRY RANGE
➤ 0.04...➤ 0.0360

━━━━━━━━━━━━━━━━━━

✅ Manage risk wisely",3bb5fe66dbff06db3ca69c28ebb4458d,2026-09-27T11:47:49+00:00,2026-09-27T14:05:51.215665+00:00,1249,crypto_jiamiadmin1
1691790,26112,"🚀LONG: $RARE/USDT🚀
LEVERAGE: 20X-50X

🤍 ENTRY PRIC...350- 0.02570
—————

❌ STOP LOSS: 0.019❌

REACTIONS",2d2a9b1b853794871ab84433a5e067e4,2026-09-27T11:47:49+00:00,2026-09-27T14:05:51.213332+00:00,1249,crypto_jiamiadmin1
1700787,26280,"#W/USDT - Long🟢

Entry: 0.01589
Stop Loss: 0.01489...
Target 2: 0.01687
Target 3: 0.0188

Leverage: x14",672960d89ea81192b6cee5847c0bab96,2026-09-27T20:34:53+00:00,2026-09-27T21:13:26.576517+00:00,1249,crypto_jiamiadmin1
1700772,26268,"APTUSDTUSDT  
Exchanges: BINGX 

🟢 Long
Leverage- ...6040000
5) 1.04
6) 1.12
7) 🚀🚀🚀 

⛔️ SL:
0.78890000",2cf6c5563093354087aa62418f3f47ce,2026-09-27T20:34:52+00:00,2026-09-27T21:13:21.099373+00:00,1249,crypto_jiamiadmin1
1700757,26260,"🪙#PLAY/USDT

🚩POSITION — LONG

🔒  LEVERAGE — 20X75...0.03450
TP🥉: 0.03660

⛔️ SL: 0.02800

🔥REACTIONS?😜",fce519d2490b374d702f13adb80ed76e,2026-09-27T20:34:52+00:00,2026-09-27T21:13:14.270348+00:00,1249,crypto_jiamiadmin1
1700755,26259,"#PLAY/USDT LONG NOW 📈
🏠ENTRY: ( 0.03254 )",e448ee80f9bd0f6e2efce1b3d06980f9,2026-09-27T20:34:52+00:00,2026-09-27T21:13:12.370969+00:00,1249,crypto_jiamiadmin1
1700754,26258,"#DYM | LONG SETUP

💰 Entry: $0.02111

🎯 Target1: $...t4: $0.02191
🎯 Target5: $0.02221

🛡 STOP: $0.02005",12f8c7836461a247be1276a0b00a6583,2026-09-27T20:34:52+00:00,2026-09-27T21:13:12.360427+00:00,1249,crypto_jiamiadmin1
1700748,26239,"$JUPUSDT

SHORT

RR : 2

LEVERAGE : 15x

ENTRY : 0.3397

TAKE PROFITS 👇

1️⃣ 0.317

STOPLOSS : 0.351",364fa3eb1ac2177b16e0440cc956411b,2026-09-27T20:11:28+00:00,2026-09-27T21:13:10.436399+00:00,1249,crypto_jiamiadmin1
1700720,26209,"💹#BNB/USDT — BREAKOUT LONG SETUP

BNB just broke o...kens.

Let the breakout work. Don't chase candles.",daa69de1c04db990269afe3e54804a9e,2026-09-27T20:10:25+00:00,2026-09-27T21:12:57.533624+00:00,1249,crypto_jiamiadmin1
1700719,26207,"📉 SHORT #US/USDT 

🚀 LEVERAGE : 50x

📊 ENTRY PRICE...TP🟢0.0288

TP🟢0.0275

STOPLOSS 🔴0.0313

REACTIONS?",71dc2b65efebaf3ed1c8a36a232d6da6,2026-09-27T20:10:25+00:00,2026-09-27T21:12:57.476252+00:00,1249,crypto_jiamiadmin1
1700716,26198,"#NIGHTUSDT — BUY (LONG) 
🎉
🟢 Leverage: Cross  25x
...Stop Loss: 0.02472

⬇️ Risk Management:

 REACTION",1dcb439e9f6ea997d0da00c1762462b0,2026-09-27T20:10:24+00:00,2026-09-27T21:12:55.853347+00:00,1249,crypto_jiamiadmin1
1700715,26197,"🚀 LONG: $QNT/USDT
LEVERAGE: 50x

✔️ENTRY PRICE: 16....00-179.00-195.00

STOP LOSS:  158.00


REACTIONS?",6ba834068cfbc8e4a9193ab11a60c957,2026-09-27T20:10:24+00:00,2026-09-27T21:12:55.728582+00:00,1249,crypto_jiamiadmin1
1718311,26414,"💎#HBAR/USDT  LONG

👍Leverage : Cross 25x50

🏠Entry....10625

Use only 3% - 5% amount of your portfolio🤩",53ea369695715f492f288f47f4148af9,2026-09-28T10:57:37+00:00,2026-09-28T12:19:05.540814+00:00,1249,crypto_jiamiadmin1
1718310,26413,"⚡️$GRT/USDT⚡️

LONG
Leverage: 20x

Entry: 0.03142 ...1)0.03205
2)0.03268
3)0.03331

Stoploss: 0.0285922",ed3afc72f6f3e5481dbfb0e54ba5488c,2026-09-28T10:55:13+00:00,2026-09-28T12:19:05.532659+00:00,1249,crypto_jiamiadmin1
1718308,26407,"🚀 $ALGO/USDT PERP 🚀

🟢 LONG

💰 Entry : 0.129$ – 0.... 5X – 25X

⛔️ SL : 0.114$

📌 Use Only 2-5% Capital",6cf40cc00d010247bbfdb997108596d1,2026-09-28T10:55:13+00:00,2026-09-28T12:19:02.143072+00:00,1249,crypto_jiamiadmin1
1718306,26406,"🚀SHORT: $QNT/USDT🚀
LEVERAGE: 20X-50X

🤍 ENTRY PRIC...220- 209- 192
—————

❌ STOP LOSS: 256❌


REACTIONS",9ed761aeb660cee92a3e985a57f8572b,2026-09-28T10:55:13+00:00,2026-09-28T12:19:02.117101+00:00,1249,crypto_jiamiadmin1
1718307,26405,"📊 #ALGO/USDT

🟢 POSITION: LONG

💰 ENTRY RANGE
➤ 0....
➤ 0.113

━━━━━━━━━━━━━━━━━━

✅ Manage risk wisely",8d783450c44a736cc77cc82e9be804cc,2026-09-28T10:55:12+00:00,2026-09-28T12:19:02.118588+00:00,1249,crypto_jiamiadmin1
1718305,26403,"#BTW/USDT LONG   

👉Leverage : Cross 10× To 30×

E...fit

1)  1.41
2)  1.47
3)  1.55

⭕Stop Loss : 1.29",267b5ead44a5ab255c7e1e96edec4e08,2026-09-28T10:55:12+00:00,2026-09-28T12:18:59.633390+00:00,1249,crypto_jiamiadmin1
1718301,26402,"👑 #BTW/USDT — TRADE LONG


✔️ ENTRY ZONE: 1.3850

...500

⛔️ STOP LOSS: 1.29

⚡️ NO FEAR — JUST PROFITS",e76490fce3080319139be741b7f7e82a,2026-09-28T10:55:12+00:00,2026-09-28T12:18:53.799674+00:00,1249,crypto_jiamiadmin1
1718300,26401,"QNTUSDTUSDT  
Exchanges: BINGX 

🟢 Short
Leverage-... 170.20
5) 156.58
6) 144.06
7) 🚀🚀🚀 

⛔️ SL:
232.00",15d43cb62aed1f3b49cfff4821109fc4,2026-09-28T10:55:12+00:00,2026-09-28T12:18:53.779022+00:00,1249,crypto_jiamiadmin1
1718299,26392,"#QNT/ USDT — BUY (SHORT) 
Leverage: Cross 25x – 50...T IS KEY
👉 Use ONLY 2 – 3% of your total portfolio",e0a9eab1e63c8c16eef155410bdb19b0,2026-09-28T10:55:12+00:00,2026-09-28T12:18:53.765538+00:00,1249,crypto_jiamiadmin1
1718297,26399,"SHORT

HBAR/USDT

MARKET PRICE 

Leverage: 10X

TP...5% of capital 

Always use proper risk management.",f8db52614de65dff32149fae5d4b1301,2026-09-28T10:55:12+00:00,2026-09-28T12:18:53.734707+00:00,1249,crypto_jiamiadmin1
1718296,26400,"✨AAVE/USDT

🎗 Trade Type = SHORT 🔴

⭐️ Leverage :-...[ 145.03, 143.59, 141.82, 140.33, 139.04, 136.95 ]",a5753c8bcb5e02a6aaba1ad62d82331b,2026-09-28T10:55:12+00:00,2026-09-28T12:18:53.732821+00:00,1249,crypto_jiamiadmin1
1718287,26388,"🪙 Coin: #HBAR/USDT
🧭 Type: #LONG

📈 Entry Zone:
0.... within the zone and maintain strict risk control.",3fc2cf2312fd65afa8b438b17bdaca5c,2026-09-28T10:55:11+00:00,2026-09-28T12:18:45.622737+00:00,1249,crypto_jiamiadmin1
1718290,26385,"#MARSCOIN/USDT

📈Signal: long Leverage: Cross 20X
...even after TP1 is hit.

📣Trade Smart • Follow Risk",80f204deb2a2467f3eaf8fbdb9233b26,2026-09-28T10:55:07+00:00,2026-09-28T12:18:48.191653+00:00,1249,crypto_jiamiadmin1
1718281,26384,"#Q/USDT SHORT   

👉Leverage : Cross 10× To 30×

En...0.0272
2)  0.0250
3)  0.02300

⭕Stop Loss : 0.0296",2ba5a169fecd007c4d7d44f8a785c210,2026-09-28T10:55:07+00:00,2026-09-28T12:18:27.900365+00:00,1249,crypto_jiamiadmin1
1718280,26383,"$PUMP/USDT #LONG📩

✅ENTRY :-0.004830/0.0047

Targe... 𝐎𝐧𝐥𝐲 𝟏-𝟑% 𝐎𝐟 𝐎𝐮𝐫 𝐃𝐞𝐩𝐨𝐬𝐢𝐭 𝐅𝐨𝐫 𝐄𝐚𝐜𝐡 𝐓𝐫𝐚𝐝𝐞

React,??",7354847073fc6d87dea5e2b38e96852a,2026-09-28T10:55:07+00:00,2026-09-28T12:18:27.874310+00:00,1249,crypto_jiamiadmin1
1718279,26382,"✅ Long

#XLM/USDT

Entry zone : 0.20187 - 0.20812
...22778
0.23399

Stop loss :0.1935516

Leverage: 10x",315eeabe6008754728af70f61ffc64fa,2026-09-28T10:55:07+00:00,2026-09-28T12:18:27.786717+00:00,1249,crypto_jiamiadmin1
1718278,26381,"📊 Let’s LONG #MARSCOIN/USDT

💥 Leverage:  Cross 20...s: 

1) 0.143
2) 0.150
3) 0.157

🔖 Stop Loss: 0.12",8aa200525160552f0199e37f9d7d3ead,2026-09-28T10:55:07+00:00,2026-09-28T12:18:27.683166+00:00,1249,crypto_jiamiadmin1
1718276,26376,"🚀LONG: $RARE/USDT🚀
LEVERAGE: 20X-50X

🤍 ENTRY PRIC...22- 0.024
—————

❌ STOP LOSS: 0.01720❌


REACTIONS",d6fd727c5b75354f7f1e26f497fcefcb,2026-09-28T10:55:07+00:00,2026-09-28T12:18:27.565625+00:00,1249,crypto_jiamiadmin1
1718275,26375,"❖ GRT/USDT

❖ SHORT [ 10×20 ]

➤ Entry Zone:- 0.03... TP2: 0.0300
▪️ TP3: 0.0285

➤ Stop Loss :- 0.0345",af66b69a0a645704812d3aacc4cbf2bd,2026-09-28T10:55:07+00:00,2026-09-28T12:18:27.512998+00:00,1249,crypto_jiamiadmin1
1718274,26374,"Coin #QNT/USDT

Position: LONG 

Leverage:  Cross ...82 - 272

Targets: 🎯 292, 306, 342

Stop Loss: 262",c3aa142f1fb02201bac204d48316443f,2026-09-28T10:55:07+00:00,2026-09-28T12:18:27.506405+00:00,1249,crypto_jiamiadmin1
1718273,26372,"📈 SYN/USDT 📈

🔴 SHORT SETUP

💰 Entry Zone: 0.1730 ...et 1. 
✅ Move SL to breakeven after Target 1 hits.",7b7af650384dc80a9bb662bd51a6442a,2026-09-28T10:55:06+00:00,2026-09-28T12:18:27.504708+00:00,1249,crypto_jiamiadmin1
1718271,26370,"📊 ONDO/USDT — SHORT

📍 ENTRY: 0.5850

🎯 TARGET 1: ...Manage your risk & trade responsibly.

🔥 LET’S GO!",c6ab769c9b401cf537ed22a086c110ba,2026-09-28T10:55:06+00:00,2026-09-28T12:18:27.377692+00:00,1249,crypto_jiamiadmin1
1718270,26369,"#LONG 🟢🔤🔤🔤🔤🔤

#WLD/USDT

Margin Mode : Isolated 💎
...6

🟥 SL : 0.5064 - 100%   

📊 LEV : 20X

🇯🇵Premium",c2c67f9a4f88dbde0435f1e6ff0679d3,2026-09-28T10:55:06+00:00,2026-09-28T12:18:27.320793+00:00,1249,crypto_jiamiadmin1
1718269,26368,"📊#IMX/USDT–SHORT–10x - 30x 🚀

📍 𝐄𝐧𝐭𝐫𝐲 𝐙𝐨𝐧𝐞:

➥ 0.1...tal.

⚠️ Disclaimer:
Trade at your own risk. DYOR.",e821ea1a1be254b900dc0dcf4b8927fe,2026-09-28T10:55:06+00:00,2026-09-28T12:18:27.288863+00:00,1249,crypto_jiamiadmin1
1718268,26367,"💵 𝐒𝐈𝐆𝐍𝐀𝐋 𝐀𝐋𝐄𝐑𝐓 💵

#GRT/USDT (25xLONG)

✅ ENTRY:0.0...TS:- 0.03550/0.03790/0.04250

❌ STOP LOSS: 0.02950",b6cc8594629893ac46235c8adf554b25,2026-09-28T10:55:06+00:00,2026-09-28T12:18:27.286594+00:00,1249,crypto_jiamiadmin1
1718266,26363,"🟢 Long

#NEO/USDT

Entry : 

1) 2.621
2) 2.542

Ta...) 2.800

🛑 Stop : 2.455

Leverage : 10x (isolated)",3623867339885d5d0e3883a26a664401,2026-09-28T10:55:06+00:00,2026-09-28T12:18:27.148752+00:00,1249,crypto_jiamiadmin1
1718265,26364,"$INX/USDT #LONG📩

✅ENTRY :-0.007050/0.0068

Target... 𝐎𝐧𝐥𝐲 𝟏-𝟑% 𝐎𝐟 𝐎𝐮𝐫 𝐃𝐞𝐩𝐨𝐬𝐢𝐭 𝐅𝐨𝐫 𝐄𝐚𝐜𝐡 𝐓𝐫𝐚𝐝𝐞

React,??",9800ac6a428bd61160ea182194073749,2026-09-28T10:55:06+00:00,2026-09-28T12:18:27.134411+00:00,1249,crypto_jiamiadmin1
1718264,26362,"⚡️⚡️ #VET/USDT ⚡️⚡️
Exchanges: Bingx 
Signal Type:...
5) 0.00968
6) 0.00981
7) 🚀🚀🚀

Stop Targets:
5-10%",cc253a09a9b54147f9df29aea540bdf1,2026-09-28T10:55:06+00:00,2026-09-28T12:18:27.088064+00:00,1249,crypto_jiamiadmin1
1718263,26361,"🟢 Long

#NEO/USDT

Entry : 

1) 2.621
2) 2.542

Ta...) 2.800

🛑 Stop : 2.455

Leverage : 10x (isolated)",3623867339885d5d0e3883a26a664401,2026-09-28T10:55:06+00:00,2026-09-28T12:18:27.084287+00:00,1249,crypto_jiamiadmin1
1718262,26360,"⚡️⚡️ #STBL/USDT ⚡️⚡️
Exchanges: Bingx 
Signal Type...
5) 0.02889
6) 0.02929
7) 🚀🚀🚀

Stop Targets:
5-10%",46fe56653c4973de86c9176534d50ce6,2026-09-28T10:55:05+00:00,2026-09-28T12:18:27.014704+00:00,1249,crypto_jiamiadmin1
1718261,26359,"⚡️⚡️ #THE/USDT ⚡️⚡️
Exchanges: Bingx 
Signal Type:...
5) 0.08787
6) 0.08912
7) 🚀🚀🚀

Stop Targets:
5-10%",f1872800b7f86e7bc2e8e56c50a41c2f,2026-09-28T10:55:05+00:00,2026-09-28T12:18:26.958899+00:00,1249,crypto_jiamiadmin1
1718260,26358,"⚡️⚡️ #TRB/USDT ⚡️⚡️
Exchanges: Bingx 
Signal Type:...) 20.59262
6) 20.88403
7) 🚀🚀🚀

Stop Targets:
5-10%",8c6749c8063a1c429aa005d8c96a749b,2026-09-28T10:55:05+00:00,2026-09-28T12:18:26.902927+00:00,1249,crypto_jiamiadmin1
1718259,26357,"⚡️⚡️ #TURTLE/USDT ⚡️⚡️
Exchanges: Bingx 
Signal Ty...
5) 0.04710
6) 0.04776
7) 🚀🚀🚀

Stop Targets:
5-10%",f8f6e2b06ec7307b5651991e2fa2c1ec,2026-09-28T10:55:05+00:00,2026-09-28T12:18:23.981074+00:00,1249,crypto_jiamiadmin1
1718258,26356,"⚡️⚡️ #WOO/USDT ⚡️⚡️
Exchanges: Bingx 
Signal Type:...
5) 0.01518
6) 0.01539
7) 🚀🚀🚀

Stop Targets:
5-10%",1fe3d642f9f49db3bb54b8f66d0cc773,2026-09-28T10:55:05+00:00,2026-09-28T12:18:23.979568+00:00,1249,crypto_jiamiadmin1
1718257,26355,"⚡️⚡️ #USELESS/USDT ⚡️⚡️
Exchanges: Bingx 
Signal T...
5) 0.30158
6) 0.30585
7) 🚀🚀🚀

Stop Targets:
5-10%",af658e9aad0b8479233771db3d505342,2026-09-28T10:55:05+00:00,2026-09-28T12:18:23.888102+00:00,1249,crypto_jiamiadmin1
1718256,26354,"⚡️⚡️ #TOSHI/USDT ⚡️⚡️
Exchanges: Bingx 
Signal Typ...
5) 0.00013
6) 0.00014
7) 🚀🚀🚀

Stop Targets:
5-10%",f9ba6bccac895609a904e02f997f5469,2026-09-28T10:55:05+00:00,2026-09-28T12:18:23.886152+00:00,1249,crypto_jiamiadmin1
1718255,26353,"⚡️⚡️ #TIA/USDT ⚡️⚡️
Exchanges: Bingx 
Signal Type:...
5) 0.53413
6) 0.54169
7) 🚀🚀🚀

Stop Targets:
5-10%",24484f1b5e8d4f0245789469cf829f98,2026-09-28T10:55:05+00:00,2026-09-28T12:18:21.947311+00:00,1249,crypto_jiamiadmin1
1718254,26352,"PYTHUSDTUSDT  
Exchanges: BINGX 

🟢 Short
Leverage....07658000
6) 0.07045000
7) 🚀🚀🚀 

⛔️ SL:
0.07849000",968acb683211af99fb416b5124d2421b,2026-09-28T10:55:05+00:00,2026-09-28T12:18:21.908044+00:00,1249,crypto_jiamiadmin1
1718251,26349,"🪙 Coin: #GRT/USDT
🧭 Type: #LONG

📈 Entry Zone:
0.0... within the zone and maintain strict risk control.",f14469e1ac549daa832b1ae88eee8da5,2026-09-28T10:55:05+00:00,2026-09-28T12:18:21.804504+00:00,1249,crypto_jiamiadmin1
1718250,26348,"🚀 $SKY/USDT PERP 🚀

🟢 LONG

💰 Entry : 0.0850$ – 0....5X – 25X

⛔️ SL : 0.0730$

📌 Use Only 2-5% Capital",e03d7fc44017d063ac42f5fd4e071ccb,2026-09-28T10:55:05+00:00,2026-09-28T12:18:19.648400+00:00,1249,crypto_jiamiadmin1
1718249,26347,"🐳 ONE/USDT #LONG🐳

✳️ ENTRY :- 0.0028 - 0.0029

💢 ...0.0037

⛔️ STOP-LOSS :- 0.0024

☝️ Margin Use 2–3%",e8bbc28f2e019f7e285da54d70a4cad5,2026-09-28T10:55:05+00:00,2026-09-28T12:18:19.551096+00:00,1249,crypto_jiamiadmin1
1718248,26346,"💫 Pair: MERL/USDT  💫

🔼 Direction: Long 🔼

✅ Lever...ke Profit: 0.03250 📈

⚠️ Stop Loss: 0.02932 ⚠️

📈📈",cddb3e375f87f878204a6934a1e01227,2026-09-28T10:55:04+00:00,2026-09-28T12:18:19.549016+00:00,1249,crypto_jiamiadmin1
1718243,26342,"🌈PAIR:- #SEI/USDT
⚡️ Direction : LONG
🛠 Leverage: ...nt Usage:- 1 - 2%
(According To your Risk Setting)",af5b6b98b0db7bbaa9ef15272b8d7c31,2026-09-28T10:55:04+00:00,2026-09-28T12:18:17.156140+00:00,1249,crypto_jiamiadmin1
1718242,26340,"📊#CAP/USDT — LONG

⚡️ Leverage : 10X – 30X

💹Entry...Entry After TP1

⚖️ Follow Proper Risk Management.",338d0d0121d7102faccd2981c6cfd0ee,2026-09-28T10:55:04+00:00,2026-09-28T12:18:16.991965+00:00,1249,crypto_jiamiadmin1
1718239,26339,"#SYN/USDT SHORT   

👉Leverage : Cross 10× To 30×

...

1)  0.166
2)  0.158
3)  0.150

⭕Stop Loss : 0.18",c80941253e5ef46f3c34235f00024851,2026-09-28T10:55:04+00:00,2026-09-28T12:18:14.481333+00:00,1249,crypto_jiamiadmin1
1718235,26338,"#ONE/USDT LONG   

👉Leverage : Cross 10× To 30×

E...0276
2)  0.00288
3)  0.00310

⭕Stop Loss : 0.00254",fffef13c54fd6a1c962fc39c39944ece,2026-09-28T10:55:04+00:00,2026-09-28T12:18:11.831334+00:00,1249,crypto_jiamiadmin1
1718198,26300,"🟢 Long

#XTZ/USDT

Entry : 

1) 0.319500
2) 0.3099...1358

🛑 Stop : 0.299371

Leverage : 10x (isolated)",b5241666c2434f86837864998a3279d2,2026-09-28T10:50:53+00:00,2026-09-28T12:17:50.783768+00:00,1249,crypto_jiamiadmin1
1718197,26299,"✅ Long

#ETH/USDT

Entry zone : 2594.71 - 2674.96
...27.74
3007.59

Stop loss :2487.7128

Leverage: 10x",2cfed52358fbcd9c05aa2b5e6d492828,2026-09-28T10:50:52+00:00,2026-09-28T12:17:50.774377+00:00,1249,crypto_jiamiadmin1
1718196,26297,"🪙#PLAY/USDT

🚩POSITION — LONG

🔒  LEVERAGE — 20X75...0.03450
TP🥉: 0.03660

⛔️ SL: 0.02800

🔥REACTIONS?😜",fce519d2490b374d702f13adb80ed76e,2026-09-28T10:50:52+00:00,2026-09-28T12:17:50.561434+00:00,1249,crypto_jiamiadmin1
1718195,26296,"#DYM | LONG SETUP

💰 Entry: $0.02111

🎯 Target1: $...t4: $0.02191
🎯 Target5: $0.02221

🛡 STOP: $0.02005",12f8c7836461a247be1276a0b00a6583,2026-09-28T10:50:52+00:00,2026-09-28T12:17:50.557844+00:00,1249,crypto_jiamiadmin1
1718192,26298,"✅ Long

Pair: #VET/USDT

📊 Entry Price: 

1) 0.009...) 0.009743

Stop Loss: 0.008545

Leverage: 10x-20x",d3136da6555a728f821460abcad4b18d,2026-09-28T10:50:52+00:00,2026-09-28T12:17:48.269474+00:00,1249,crypto_jiamiadmin1
1718194,26286,"📊 Let’s LONG #MARSCOIN/USDT

💥 Leverage:  Cross 20...s: 

1) 0.143
2) 0.150
3) 0.157

🔖 Stop Loss: 0.12",8aa200525160552f0199e37f9d7d3ead,2026-09-28T10:49:57+00:00,2026-09-28T12:17:48.278691+00:00,1249,crypto_jiamiadmin1
1722780,26471,"#GRT/USDT SHORT   

👉Leverage : Cross 10× To 30×

...3090
2)  0.02987
3)  0.02893

⭕Stop Loss : 0.03359",d2b1416586d91137439a953cfdc7f079,2026-09-28T14:56:07+00:00,2026-09-28T15:15:28.201500+00:00,1249,crypto_jiamiadmin1
1722779,26470,"📊 Let’s LONG #HBAR/USDT

💥 Leverage:  Cross 20×  -...: 

1) 0.123
2) 0.127
3) 0.136

🔖 Stop Loss: 0.112",24dadca2f799a431828f73049eeeed49,2026-09-28T14:56:06+00:00,2026-09-28T15:15:28.168813+00:00,1249,crypto_jiamiadmin1
1722778,26469,"👑 #QNT/USDT — TRADE LONG

LEVERAGE 25X TO 50X

✔️ ... 200

⛔️ STOP LOSS: 231

⚡️ NO FEAR — JUST PROFITS",bbfe5e422929589e799d90f1cbdf3ce7,2026-09-28T14:56:06+00:00,2026-09-28T15:15:28.130962+00:00,1249,crypto_jiamiadmin1
1722776,26467,"🔴 SHORT

#LINK/USDT

Entry zone : 14.884 - 14.451
...
13.070
12.635

Stop loss :15.46257

Leverage: 10x",041826dd0dae82dc6ac02c4803691cc3,2026-09-28T14:56:06+00:00,2026-09-28T15:15:25.253443+00:00,1249,crypto_jiamiadmin1
1722775,26466,"👑 #ONE/USDT — TRADE SHORT

LEVERAGE 25X TO 50X

✔️...
⛔️ STOP LOSS: 0.002530

⚡️ NO FEAR — JUST PROFITS",c8777d2f0668007e3545af1d569b3601,2026-09-28T14:56:06+00:00,2026-09-28T15:15:25.215839+00:00,1249,crypto_jiamiadmin1
1722774,26465,"#HBAR/ USDT — BUY (LONG) 
Leverage: Cross 25x – 50...T IS KEY
👉 Use ONLY 2 – 3% of your total portfolio",9371692b78639ef83c0147e637237d8e,2026-09-28T14:56:06+00:00,2026-09-28T15:15:25.194928+00:00,1249,crypto_jiamiadmin1
1722773,26464,"🔰 PAIR: ETH/ USDT 💹

🟢Position: LONG🚀

☑️ Entry Zo...2663.01
🥈 2669.75
🥉 2678.39

❌ Stop Loss: 🔴2636.38",571eca20a8741b7b3fd8ff56e30764bb,2026-09-28T14:56:06+00:00,2026-09-28T15:15:25.101616+00:00,1249,crypto_jiamiadmin1
1722772,26463,"BNB/USD BUY 

Entry : $  767.62

Target1: $ 774
Target2: $ 791
Target3: $ 806


SL : $ 753",e9ffdddc9e700ce1df752687c0621770,2026-09-28T14:56:06+00:00,2026-09-28T15:15:22.189659+00:00,1249,crypto_jiamiadmin1
1722771,26462,"⚡️ BTC/USDT ⚡️

🔻 SCALP LONG

💎 Leverage: 10x – 15...oss: $82000

⚠️ Trade with proper risk management.",166d00264fef3f0909c1a415d46ae716,2026-09-28T14:56:06+00:00,2026-09-28T15:15:22.131625+00:00,1249,crypto_jiamiadmin1
1722770,26461,"#SHORT 🔴 🔤🔤🔤🔤🔤

#POL/USDT 

Margin Mode : Isolated...55

🟩 SL : 0.12588 - 100%

📊 LEV : 20X

🇯🇵 Premium",624cf1f6e4a0f62bd65fb9ce577b9981,2026-09-28T14:56:06+00:00,2026-09-28T15:15:22.055921+00:00,1249,crypto_jiamiadmin1
1722769,26460,"#LTC | SHORT SETUP

💰 Entry: $70.1

🎯 Target1: $69... $67.43620
🎯 Target5: $66.45480

🛡 STOP: $73.60500",fbf782bf603202d872c1fab842680bc3,2026-09-28T14:56:06+00:00,2026-09-28T15:15:19.086366+00:00,1249,crypto_jiamiadmin1
1722768,26459,"🌈PAIR:- #QNT/USDT
⚡️ Direction : SHORT
🛠 Leverage:...nt Usage:- 1 - 2%
(According To your Risk Setting)",0ed018e1e2ecbf324bc46ba66cffd6be,2026-09-28T14:56:06+00:00,2026-09-28T15:15:19.008296+00:00,1249,crypto_jiamiadmin1
1722767,26458,"✨DASH/USDT

🎗 Trade Type = LONG 🟢

⭐️ Leverage :- ...fit = [ 66.59, 67.36, 67.92, 68.74, 69.28, 70.18 ]",1c8fde355fa7721214e8e5bb86b1b2c5,2026-09-28T14:56:06+00:00,2026-09-28T15:15:18.970491+00:00,1249,crypto_jiamiadmin1
1722766,26457,"✅ Long

Pair: #DASH/USDT

📊 Entry Price: 

1) 64.7...7.77
4) 69.12

Stop Loss: 60.62

Leverage: 10x-20x",a884b593df40bf4f3817f028c20b82b8,2026-09-28T14:56:06+00:00,2026-09-28T15:15:16.113768+00:00,1249,crypto_jiamiadmin1
1722765,26456,"🔘 Coin : #GRT/USDT 🔘

🔴 SHORT

🔺Entry🔻: 0.03204

⭐... - 0.03011

♦️ StopLoss : 0.03323

🔱 Leverage: 25x",44f9e17a68570b8345ba17d59594f83d,2026-09-28T14:56:06+00:00,2026-09-28T15:15:16.016557+00:00,1249,crypto_jiamiadmin1
1722764,26455,"🪙#NMR/USDT

🚩POSITION — LONG

🔒  LEVERAGE — 20X75
...P🥈: 11.100
TP🥉: 11.700

⛔️ SL: 9.150

🔥REACTIONS?😜",1993a57edf7f5cd839855771604ff334,2026-09-28T14:56:06+00:00,2026-09-28T15:15:16.010352+00:00,1249,crypto_jiamiadmin1
1722763,26454,"🔴 SHORT

#XLM/USDT

Entry : 

1) 0.22602
2) 0.2328...21038

🛑 Stop : 0.24025

Leverage : 10x (isolated)",6fe587102f91dfd73c227ad0ef7ac607,2026-09-28T14:56:05+00:00,2026-09-28T15:15:15.992697+00:00,1249,crypto_jiamiadmin1
1722761,26450,"↗️ LONG #QNT 75x

📌 Entry: 242

🎯 TP: 249

⛔️ SL: ...t Usage: 1-3%
⚠️ According to your risk management",b743ade70edada3c924e0c6e8b882385,2026-09-28T14:56:05+00:00,2026-09-28T15:15:13.204887+00:00,1249,crypto_jiamiadmin1
1722760,26449,"$WLDUSDT

LONG

RR : 2

LEVERAGE : 20x

ENTRY : 0.5140

TAKE PROFITS 👇

1️⃣ 0.5405

STOPLOSS : 0.501",ef5245f24ce6a07e57f00bd33ddbdf10,2026-09-28T14:56:05+00:00,2026-09-28T15:15:13.127771+00:00,1249,crypto_jiamiadmin1
1722757,26443,"#GRT/USDT SHORT   

👉Leverage : Cross 10× To 30×

...3090
2)  0.02987
3)  0.02893

⭕Stop Loss : 0.03359",d2b1416586d91137439a953cfdc7f079,2026-09-28T14:49:44+00:00,2026-09-28T15:15:13.096383+00:00,1249,crypto_jiamiadmin1
1722756,26442,#GRT SHORT 0.0315,1931ffafd1f3b2a521e0e714fb9b74e0,2026-09-28T14:49:44+00:00,2026-09-28T15:15:10.335120+00:00,1249,crypto_jiamiadmin1
1722755,26441,"📊 Let’s LONG #HBAR/USDT

💥 Leverage:  Cross 20×  -...: 

1) 0.123
2) 0.127
3) 0.136

🔖 Stop Loss: 0.112",24dadca2f799a431828f73049eeeed49,2026-09-28T14:49:44+00:00,2026-09-28T15:15:10.247246+00:00,1249,crypto_jiamiadmin1
1722754,26440,"⚡️ BTC/USDT ⚡️

🔻 SCALP LONG

💎 Leverage: 10x – 15...oss: $82000

⚠️ Trade with proper risk management.",166d00264fef3f0909c1a415d46ae716,2026-09-28T14:49:44+00:00,2026-09-28T15:15:10.227661+00:00,1249,crypto_jiamiadmin1
1722752,26438,SHORT GRT 0.3220,01846d286c5aab37ff3fa6155c560e17,2026-09-28T14:49:43+00:00,2026-09-28T15:15:10.205696+00:00,1249,crypto_jiamiadmin1
1722751,26437,"#LTC | SHORT SETUP

💰 Entry: $70.1

🎯 Target1: $69... $67.43620
🎯 Target5: $66.45480

🛡 STOP: $73.60500",fbf782bf603202d872c1fab842680bc3,2026-09-28T14:49:43+00:00,2026-09-28T15:15:07.295777+00:00,1249,crypto_jiamiadmin1
1722750,26435,"✨DASH/USDT

🎗 Trade Type = LONG 🟢

⭐️ Leverage :- ...fit = [ 66.59, 67.36, 67.92, 68.74, 69.28, 70.18 ]",1c8fde355fa7721214e8e5bb86b1b2c5,2026-09-28T14:49:43+00:00,2026-09-28T15:15:07.155289+00:00,1249,crypto_jiamiadmin1
1722749,26434,"🌈PAIR:- #QNT/USDT
⚡️ Direction : SHORT
🛠 Leverage:...nt Usage:- 1 - 2%
(According To your Risk Setting)",0ed018e1e2ecbf324bc46ba66cffd6be,2026-09-28T14:49:43+00:00,2026-09-28T15:15:07.138352+00:00,1249,crypto_jiamiadmin1
1722748,26436,"#SHORT 🔴 🔤🔤🔤🔤🔤

#POL/USDT 

Margin Mode : Isolated...55

🟩 SL : 0.12588 - 100%

📊 LEV : 20X

🇯🇵 Premium",624cf1f6e4a0f62bd65fb9ce577b9981,2026-09-28T14:49:43+00:00,2026-09-28T15:15:07.137163+00:00,1249,crypto_jiamiadmin1
1722747,26433,"🔘 Coin : #GRT/USDT 🔘

🔴 SHORT

🔺Entry🔻: 0.03204

⭐... - 0.03011

♦️ StopLoss : 0.03323

🔱 Leverage: 25x",44f9e17a68570b8345ba17d59594f83d,2026-09-28T14:49:43+00:00,2026-09-28T15:15:04.398218+00:00,1249,crypto_jiamiadmin1
1722746,26432,"🚀 #ONEUSDT LONG SIGNAL 🚀

⚡️ LEVERAGE 50X–75X
📌 EN...h this move together!

🔓 Trade Smart • Trade Safe.",839514a29a75d8920ccf09baab2ac4e9,2026-09-28T14:49:43+00:00,2026-09-28T15:15:04.336849+00:00,1249,crypto_jiamiadmin1
1722743,26431,"#HBAR/ USDT — BUY (LONG) 
Leverage: Cross 25x – 50...T IS KEY
👉 Use ONLY 2 – 3% of your total portfolio",9371692b78639ef83c0147e637237d8e,2026-09-28T14:49:43+00:00,2026-09-28T15:15:01.182378+00:00,1249,crypto_jiamiadmin1
1722742,26430,"↗️ LONG #QNT 75x

📌 Entry: 242

🎯 TP: 249

⛔️ SL: ...t Usage: 1-3%
⚠️ According to your risk management",b743ade70edada3c924e0c6e8b882385,2026-09-28T14:49:43+00:00,2026-09-28T15:15:01.171990+00:00,1249,crypto_jiamiadmin1
1722741,26428,"$WLDUSDT

LONG

RR : 2

LEVERAGE : 20x

ENTRY : 0.5140

TAKE PROFITS 👇

1️⃣ 0.5405

STOPLOSS : 0.501",ef5245f24ce6a07e57f00bd33ddbdf10,2026-09-28T14:49:43+00:00,2026-09-28T15:15:01.131531+00:00,1249,crypto_jiamiadmin1
1722739,26429,"🔴 SHORT

#XLM/USDT

Entry : 

1) 0.22602
2) 0.2328...21038

🛑 Stop : 0.24025

Leverage : 10x (isolated)",6fe587102f91dfd73c227ad0ef7ac607,2026-09-28T14:49:43+00:00,2026-09-28T15:15:01.118905+00:00,1249,crypto_jiamiadmin1
1722738,26426,"🔰 PAIR: ETH/ USDT 💹

🟢Position: LONG🚀

☑️ Entry Zo...2663.01
🥈 2669.75
🥉 2678.39

❌ Stop Loss: 🔴2636.38",571eca20a8741b7b3fd8ff56e30764bb,2026-09-28T14:49:43+00:00,2026-09-28T15:14:58.181460+00:00,1249,crypto_jiamiadmin1
1722736,26423,"👑 #QNT/USDT — TRADE LONG

LEVERAGE 25X TO 50X

✔️ ... 200

⛔️ STOP LOSS: 231

⚡️ NO FEAR — JUST PROFITS",bbfe5e422929589e799d90f1cbdf3ce7,2026-09-28T14:49:43+00:00,2026-09-28T15:14:58.159196+00:00,1249,crypto_jiamiadmin1
1722735,26425,"✅ Long

Pair: #DASH/USDT

📊 Entry Price: 

1) 64.7...7.77
4) 69.12

Stop Loss: 60.62

Leverage: 10x-20x",a884b593df40bf4f3817f028c20b82b8,2026-09-28T14:49:43+00:00,2026-09-28T15:14:58.154340+00:00,1249,crypto_jiamiadmin1
1722734,26422,"👑 #ONE/USDT — TRADE SHORT

LEVERAGE 25X TO 50X

✔️...
⛔️ STOP LOSS: 0.002530

⚡️ NO FEAR — JUST PROFITS",c8777d2f0668007e3545af1d569b3601,2026-09-28T14:49:43+00:00,2026-09-28T15:14:58.151139+00:00,1249,crypto_jiamiadmin1
1722733,26421,"🔴 SHORT

#LINK/USDT

Entry zone : 14.884 - 14.451
...
13.070
12.635

Stop loss :15.46257

Leverage: 10x",041826dd0dae82dc6ac02c4803691cc3,2026-09-28T14:49:42+00:00,2026-09-28T15:14:51.951652+00:00,1249,crypto_jiamiadmin1
1722732,26420,"🔴 LONG $LINK/USDT | Cross 50X

✅ Entry: MARKET PRICE 

🎯 TP: OPEN

🛑 SL: 14.419",d3467f17f65584e77d870b52d2d7663f,2026-09-28T14:49:42+00:00,2026-09-28T15:14:51.945197+00:00,1249,crypto_jiamiadmin1
1722731,26419,"🪙#NMR/USDT

🚩POSITION — LONG

🔒  LEVERAGE — 20X75
...P🥈: 11.100
TP🥉: 11.700

⛔️ SL: 9.150

🔥REACTIONS?😜",1993a57edf7f5cd839855771604ff334,2026-09-28T14:49:42+00:00,2026-09-28T15:14:51.944573+00:00,1249,crypto_jiamiadmin1
1722730,26418,"#NMR/USDT LONG NOW 📈
🏠ENTRY: ( 10.543 )",298f1e7bdc1ee1b9f2a71b9a84c18247,2026-09-28T14:49:42+00:00,2026-09-28T15:14:51.941075+00:00,1249,crypto_jiamiadmin1
1722729,26417,"QNTUSDT LONG NOW 

🏠ENTRY: 236.42",84da35fea0063cc4fe909aa3d2d62e7f,2026-09-28T14:49:42+00:00,2026-09-28T15:14:51.937866+00:00,1249,crypto_jiamiadmin1
1727018,26506,"💸 SHORT — RUNE

Entry: 0.7440

💸 Targets: 0.7367 /...87

💸  Stop: 0.7812

💸 Move SL to entry after TP1.",90f5ec8786cddaf82cceb0c26474be14,2026-09-28T17:27:48+00:00,2026-09-28T17:44:26.787304+00:00,1249,crypto_jiamiadmin1
1727016,26503,"🟢LONG  #BTCUSDT

🔶 Entry : 83000 - 83100

➡️ Lever...ake Profit Targets :

👉 83800

🛑 Stop Loss : 82200",80c5017ccee92076f74d7da0a874ce2a,2026-09-28T17:27:48+00:00,2026-09-28T17:44:26.756623+00:00,1249,crypto_jiamiadmin1
1727010,26498,"#BTW/USDT SHORT NOW 📉
🏠ENTRY: ( 1.05169 )",e7b4ee0c54ccaf0cb37e1330ac64cd5c,2026-09-28T15:35:17+00:00,2026-09-28T17:44:26.588158+00:00,1249,crypto_jiamiadmin1
1727008,26495,"💫 Pair: WLD/USDT  💫

🔼 Direction: Long 🔼

✅ Levera...Take Profit: 0.5350 📈

⚠️ Stop Loss: 0.4550 ⚠️

📈📈",1d0677d39a236867a82695c34f528b71,2026-09-28T15:35:17+00:00,2026-09-28T17:44:26.454402+00:00,1249,crypto_jiamiadmin1
1727007,26496,"📉 SHORT #QNT/USDT 

🚀 LEVERAGE : 75x

📊 ENTRY PRIC... 

TP🟢223.0

TP🟢212.0

STOPLOSS 🔴243.0

REACTIONS?",f6a3603de66502cc2b8222a3bdc8173d,2026-09-28T15:35:17+00:00,2026-09-28T17:44:26.448506+00:00,1249,crypto_jiamiadmin1
1726999,26480,"#GRT/USDT SHORT   

👉Leverage : Cross 10× To 30×

...3090
2)  0.02987
3)  0.02893

⭕Stop Loss : 0.03359",d2b1416586d91137439a953cfdc7f079,2026-09-28T15:34:35+00:00,2026-09-28T17:44:26.120578+00:00,1249,crypto_jiamiadmin1
1726997,26479,#GRT SHORT 0.0315,1931ffafd1f3b2a521e0e714fb9b74e0,2026-09-28T15:34:35+00:00,2026-09-28T17:44:26.112518+00:00,1249,crypto_jiamiadmin1
1726996,26478,"📊 Let’s LONG #HBAR/USDT

💥 Leverage:  Cross 20×  -...: 

1) 0.123
2) 0.127
3) 0.136

🔖 Stop Loss: 0.112",24dadca2f799a431828f73049eeeed49,2026-09-28T15:34:35+00:00,2026-09-28T17:44:26.110962+00:00,1249,crypto_jiamiadmin1
1726995,26477,"⚡️ BTC/USDT ⚡️

🔻 SCALP LONG

💎 Leverage: 10x – 15...oss: $82000

⚠️ Trade with proper risk management.",166d00264fef3f0909c1a415d46ae716,2026-09-28T15:34:35+00:00,2026-09-28T17:44:26.106512+00:00,1249,crypto_jiamiadmin1
1726993,26474,"#LTC | SHORT SETUP

💰 Entry: $70.1

🎯 Target1: $69... $67.43620
🎯 Target5: $66.45480

🛡 STOP: $73.60500",fbf782bf603202d872c1fab842680bc3,2026-09-28T15:34:35+00:00,2026-09-28T17:44:25.928669+00:00,1249,crypto_jiamiadmin1
1726991,26475,SHORT GRT 0.3220,01846d286c5aab37ff3fa6155c560e17,2026-09-28T15:34:35+00:00,2026-09-28T17:44:25.918128+00:00,1249,crypto_jiamiadmin1
1726992,26473,"#SHORT 🔴 🔤🔤🔤🔤🔤

#POL/USDT 

Margin Mode : Isolated...55

🟩 SL : 0.12588 - 100%

📊 LEV : 20X

🇯🇵 Premium",624cf1f6e4a0f62bd65fb9ce577b9981,2026-09-28T15:34:34+00:00,2026-09-28T17:44:25.924662+00:00,1249,crypto_jiamiadmin1
1726990,26472,"✨DASH/USDT

🎗 Trade Type = LONG 🟢

⭐️ Leverage :- ...fit = [ 66.59, 67.36, 67.92, 68.74, 69.28, 70.18 ]",1c8fde355fa7721214e8e5bb86b1b2c5,2026-09-28T15:34:34+00:00,2026-09-28T17:44:25.910125+00:00,1249,crypto_jiamiadmin1
1748841,26729,"👑My Coin: $QNT/USDT
👀Looking for SHORT

🌟255.41 Wi...⚠️I Will Set: 265.42
°°°°°°°°°°°°°° As my stoploss",844051285cae27f59861b74567b55993,2026-09-29T11:48:56+00:00,2026-09-29T12:01:58.751966+00:00,1249,crypto_jiamiadmin1
1748840,26728,"🔰 PAIR: SUI/ USDT 💹

🟢Position: LONG🚀

☑️ Entry Zo...:
🥇 1.1735
🥈 1.1809
🥉 1.1920

❌ Stop Loss: 🔴1.1425",f86436a96c4f48c0ec6dffe4bce43248,2026-09-29T11:48:56+00:00,2026-09-29T12:01:58.739620+00:00,1249,crypto_jiamiadmin1
1748834,26721,"BTC/ USDT/ SHORT
Entry at market price 

Cross || ...only 1% of your wallet. 
Manage your risk properly",82a299cbad92a913c6f8715698760937,2026-09-29T11:48:54+00:00,2026-09-29T12:01:58.453745+00:00,1249,crypto_jiamiadmin1
1748833,26720,"Pair: #GRT/USDT

Long • (20X)

Entry
0.03055 - 0.0...t your own risk. Always use proper risk management",32e42d8eefee2536988885def57a1bed,2026-09-29T11:48:54+00:00,2026-09-29T12:01:58.393195+00:00,1249,crypto_jiamiadmin1
1748832,26719,"HBARUSDTUSDT  
Exchanges: BINGX 

🟢 Long
Leverage-....15163000
6) 0.16376000
7) 🚀🚀🚀 

⛔️ SL:
0.11300000",5b93bb9daf5fd2640ef8e9c0b19534a9,2026-09-29T11:48:54+00:00,2026-09-29T12:01:58.328674+00:00,1249,crypto_jiamiadmin1
1748831,26718,"🚀 LONG: $QNT/USDT
LEVERAGE: 50x

✔️ENTRY PRICE: 25...- PROFIT

260-271-290

STOP LOSS:  239

REACTIONS?",854f801b413d9b79e1b6e27c0240cc3c,2026-09-29T11:48:54+00:00,2026-09-29T12:01:58.321839+00:00,1249,crypto_jiamiadmin1
1748830,26717,"⚡️$1INCH/USDT⚡️

SHORT
Leverage: 25X

Entry: 0.101...1)0.09969
2)0.09765
3)0.09562

Stoploss: 0.1108748",4cfeaaa4785c7916cdd485b68d9094d5,2026-09-29T11:48:54+00:00,2026-09-29T12:01:58.312809+00:00,1249,crypto_jiamiadmin1
1748829,26716,"🌈PAIR:- #0G/USDT
⚡️ Direction : LONG
🛠 Leverage: C...nt Usage:- 1 - 2%
(According To your Risk Setting)",90b9f841e368e6bbe47f8c736df6d630,2026-09-29T11:48:54+00:00,2026-09-29T12:01:58.242579+00:00,1249,crypto_jiamiadmin1
1748828,26715,"🚀 LONG: $HBAR/USDT
LEVERAGE: 50x

✔️ENTRY PRICE: 0...200-0.1250-0.1300

STOP LOSS:  0.1130


REACTIONS?",5c3f2043fcf076dece5801d30a584198,2026-09-29T11:48:54+00:00,2026-09-29T12:01:58.167645+00:00,1249,crypto_jiamiadmin1
1748816,26701,"📊#CRV/USDT–SHORT–10x - 30x 🚀

📍 𝐄𝐧𝐭𝐫𝐲 𝐙𝐨𝐧𝐞:

➥ 0.3...tal.

⚠️ Disclaimer:
Trade at your own risk. DYOR.",58e7e6b8347e055a5baf9ab40380002e,2026-09-29T11:47:32+00:00,2026-09-29T12:01:57.721177+00:00,1249,crypto_jiamiadmin1
1748815,26702,"⭐ GRASS/USDT — SHORT

💵 ENTRY: 0.6800-0.7000

⚙️ L...o

📌 Follow the setup and manage your risk wisely.",bab79044b20363579f95bb230e97f0c3,2026-09-29T11:47:32+00:00,2026-09-29T12:01:57.717433+00:00,1249,crypto_jiamiadmin1
1748812,26698,"❖ CRV/USDT

❖ SHORT [ 10×20 ]

➤ Entry Zone:- 0.39... TP2: 0.3750
▪️ TP3: 0.3600

➤ Stop Loss :- 0.4200",51b041be545bdc41f6695ff313b528c4,2026-09-29T11:47:27+00:00,2026-09-29T12:01:57.549279+00:00,1249,crypto_jiamiadmin1
1748811,26697,"🔴 Short

Pair: #COMP/USDT

📊 Entry Price: 

1) 24....3.15
4) 22.63

Stop Loss: 25.85

Leverage: 10x-20x",64c090feadfbc534a730cc2d178d9cd9,2026-09-29T11:47:25+00:00,2026-09-29T12:01:57.543494+00:00,1249,crypto_jiamiadmin1
1748810,26696,"⭐ CELO/USDT — LONG

💵 ENTRY: 0.10440-0.10200

⚙️ L...o

📌 Follow the setup and manage your risk wisely.",298ae3db13f05841d6ba5ba3566bfdc1,2026-09-29T11:47:24+00:00,2026-09-29T12:01:57.521883+00:00,1249,crypto_jiamiadmin1
1748809,26695,"#C98 | LONG SETUP

💰 Entry: $0.01613

🎯 Target1: $...t4: $0.01674
🎯 Target5: $0.01697

🛡 STOP: $0.01532",b2472f887838e5d05664d6a0db6d424a,2026-09-29T11:47:24+00:00,2026-09-29T12:01:57.509833+00:00,1249,crypto_jiamiadmin1
1748808,26694,"📊 CVX/USDT — LONG

📍 ENTRY: 2.31

🎯 TARGET 1: 2.37...Manage your risk & trade responsibly.

🔥 LET’S GO!",0a8c2ae8cf0c07af41a2aca8f06bed2f,2026-09-29T11:47:24+00:00,2026-09-29T12:01:57.391609+00:00,1249,crypto_jiamiadmin1
1748807,26693,"🪙#NMR/USDT

🚩POSITION — SHORT

🔒  LEVERAGE — 20X

...🥈: 11.700
TP🥉: 11.100

⛔️ SL: 14.400

🔥REACTIONS?😜",9fdc72ed1871b6c7ddf5a4ad82d2df3f,2026-09-29T11:47:22+00:00,2026-09-29T12:01:57.350096+00:00,1249,crypto_jiamiadmin1
1748806,26692,"#NMR/USDT SHORT NOW 📉
🏠ENTRY: ( 12.432 )",e8974c069c2d15dec75ddf320f4b7fb9,2026-09-29T11:47:22+00:00,2026-09-29T12:01:57.342028+00:00,1249,crypto_jiamiadmin1
1748805,26690,"🪙#CLO/USDT

🚩POSITION — SHORT

🔒  LEVERAGE — 20X

...🥈: 0.0555
TP🥉: 0.0520

⛔️ SL: 0.0680

🔥REACTIONS?😜",c591dbb1b25d9109b245bdba32a39bc1,2026-09-29T11:47:22+00:00,2026-09-29T12:01:57.334753+00:00,1249,crypto_jiamiadmin1
1748804,26689,"#CLO/USDT SHORT NOW 📉
🏠ENTRY: ( 0.0592 )",644f4b0f5dd39faabd81e505cb26e6bb,2026-09-29T11:47:22+00:00,2026-09-29T12:01:57.305973+00:00,1249,crypto_jiamiadmin1
1748802,26687,"⌛#INJ/USDT  ( SHORT )

🍁 Leverage 👉 20X to 25X 

⛩... 7.292 | 7.214 | 7.131 | 7.033

🔕 Stoploss = 7.811",dae4f1082842dd9d7ad9a2dccd798319,2026-09-29T11:47:22+00:00,2026-09-29T12:01:57.162707+00:00,1249,crypto_jiamiadmin1
1748800,26684,"$QNT /USDT 

Long Long Long 

Open at market price

TP 257.20
TP 259.57

Set sl : 239.65

lev 19X",0d6a1591d19aa5f88d18e9461fc17f02,2026-09-29T11:47:22+00:00,2026-09-29T12:01:57.124918+00:00,1249,crypto_jiamiadmin1
1748799,26677,"🟢 Long

#DASH/USDT

Entry : 

1) 59.91
2) 58.11

T...) 64.00

🛑 Stop : 56.13

Leverage : 10x (isolated)",4c705fccf572d26164ad5e377247cc50,2026-09-29T11:46:38+00:00,2026-09-29T12:01:57.113995+00:00,1249,crypto_jiamiadmin1
1748789,26665,"⚡️⚡️ #LINK/USDT ⚡️⚡️
Exchanges: Bingx 
Signal Type...) 13.82646
6) 13.60583
7) 🚀🚀🚀

Stop Targets:
5-10%",b9b07f026ca3a08eace1a2dfa60f0e45,2026-09-29T11:45:15+00:00,2026-09-29T12:01:56.713105+00:00,1249,crypto_jiamiadmin1
1748788,26664,"⚡️⚡️ #IOTA/USDT ⚡️⚡️
Exchanges: Bingx 
Signal Type...
5) 0.05197
6) 0.05114
7) 🚀🚀🚀

Stop Targets:
5-10%",a7092a05b44b5260fe4f9aad4cd2a72e,2026-09-29T11:45:15+00:00,2026-09-29T12:01:56.641369+00:00,1249,crypto_jiamiadmin1
1748787,26663,"⚡️⚡️ #AIN/USDT ⚡️⚡️
Exchanges: Bingx 
Signal Type:...
5) 0.02179
6) 0.02144
7) 🚀🚀🚀

Stop Targets:
5-10%",b354054f89566cbb64095c896c34ce51,2026-09-29T11:45:15+00:00,2026-09-29T12:01:56.583462+00:00,1249,crypto_jiamiadmin1
1748786,26662,"⚡️⚡️ #NMR/USDT ⚡️⚡️
Exchanges: Bingx 
Signal Type:...) 12.91184
6) 12.70580
7) 🚀🚀🚀

Stop Targets:
5-10%",8801e0673f130cea86d5abfe0c249a51,2026-09-29T11:45:15+00:00,2026-09-29T12:01:56.528351+00:00,1249,crypto_jiamiadmin1
1748785,26661,"✅ Long

Pair: #LTC/USDT

📊 Entry Price: 

1) 68.41...1.66
4) 73.09

Stop Loss: 64.10

Leverage: 10x-20x",13dd1a2ab5ede2134cc2c7b669cec42f,2026-09-29T11:45:14+00:00,2026-09-29T12:01:56.514647+00:00,1249,crypto_jiamiadmin1
1748784,26660,"⚡️⚡️ #HBAR/USDT ⚡️⚡️
Exchanges: Bingx 
Signal Type...
5) 0.11318
6) 0.11137
7) 🚀🚀🚀

Stop Targets:
5-10%",a80c36f498fa539904c36b7711f8be29,2026-09-29T11:45:08+00:00,2026-09-29T12:01:56.513004+00:00,1249,crypto_jiamiadmin1
1748783,26659,"#GRASS/ USDT — BUY (LONG) 
Leverage: Cross 25x – 5...T IS KEY
👉 Use ONLY 2 – 3% of your total portfolio",3b6547bd96e7836ece726267b28e62ac,2026-09-29T11:45:08+00:00,2026-09-29T12:01:56.456628+00:00,1249,crypto_jiamiadmin1
1748782,26658,"📊 Let’s LONG #GRASS/USDT

💥 Leverage:  Cross 20×  ...: 

1) 0.713
2) 0.745
3) 0.780

🔖 Stop Loss: 0.655",ba9485d934fc280c3c93aec328e8ac42,2026-09-29T11:45:08+00:00,2026-09-29T12:01:56.383612+00:00,1249,crypto_jiamiadmin1
1748781,26656,"📊 Let’s LONG #FIGHT/USDT

💥 Leverage:  Cross 20×  ....00433
2) 0.00440
3) 0.00460

🔖 Stop Loss: 0.00412",32d32ec13de4b40d5ee8fcb2149d5d3e,2026-09-29T11:45:07+00:00,2026-09-29T12:01:56.323107+00:00,1249,crypto_jiamiadmin1
1748779,26655,"🟢 Long

#DASH/USDT

Entry : 

1) 59.91
2) 58.11

T...) 64.00

🛑 Stop : 56.13

Leverage : 10x (isolated)",4c705fccf572d26164ad5e377247cc50,2026-09-29T11:45:04+00:00,2026-09-29T12:01:56.287181+00:00,1249,crypto_jiamiadmin1
1748778,26654,"🟢 Long

#BCH/USDT

Entry : 

1) 304.86
2) 295.71

...325.71

🛑 Stop : 285.65

Leverage : 10x (isolated)",f3438df5cfdc58ce3df1d851bb5fdfdb,2026-09-29T11:45:04+00:00,2026-09-29T12:01:56.278019+00:00,1249,crypto_jiamiadmin1
1748777,26653,"$ZEC/USDT #SHORT📩

✅ENTRY :-1380/1425

Target 1: 1... 𝐎𝐧𝐥𝐲 𝟏-𝟑% 𝐎𝐟 𝐎𝐮𝐫 𝐃𝐞𝐩𝐨𝐬𝐢𝐭 𝐅𝐨𝐫 𝐄𝐚𝐜𝐡 𝐓𝐫𝐚𝐝𝐞

React,??",d5cdd0bb3465279c4182bf52d27652ca,2026-09-29T11:45:04+00:00,2026-09-29T12:01:56.177393+00:00,1249,crypto_jiamiadmin1
1748776,26652,"🐳 CRV/USDT #LONG🐳

✳️ ENTRY :- 0.3860- 0.3700

💢 L...0.4500

⛔️ STOP-LOSS :- 0.3600

☝️ Margin Use 2–3%",93955450405dd5fd4c142e0e5da15eff,2026-09-29T11:45:04+00:00,2026-09-29T12:01:56.146584+00:00,1249,crypto_jiamiadmin1
1748773,26648,"#GRASS/USDT LONG   

👉Leverage : Cross 10× To 30×
...

1)  0.702
2)  0.745
3)  0.800

⭕Stop Loss : 0.63",2bf4e71509a89b49ce9da943c5a6581c,2026-09-29T11:45:04+00:00,2026-09-29T12:01:56.068339+00:00,1249,crypto_jiamiadmin1
1748769,26622,"#ALGO/USDT — BUY (LONG) 
🎉
🟢Leverage: Cross  25x

...⛔️Stop Loss: 0.1272

⬇️Risk Management:

 REACTION",0780c1c5cd561462f6dc98783e429afc,2026-09-29T11:45:02+00:00,2026-09-29T12:01:55.851675+00:00,1249,crypto_jiamiadmin1
1748766,26627,"🌹 #NEAR/USDT

🔴SHORT

✅ Entry: 4.561- 4.651

❌ Sto...l advice.
💰 Stay disciplined. Protect your capital",12dde59fa32e6fd17f3ea112814a6edd,2026-09-29T11:45:02+00:00,2026-09-29T12:01:55.818048+00:00,1249,crypto_jiamiadmin1
1758939,26777,"#GRASS/USDT LONG   

👉Leverage : Cross 10× To 30×
...it

1)  0.72
2)  0.75
3)  0.79

⭕Stop Loss : 0.669",b37a6ea0f76a6333ac6e65e6d7179ef5,2026-09-29T17:44:44+00:00,2026-09-29T18:44:25.328887+00:00,1249,crypto_jiamiadmin1
1758938,26776,"✅Entry  -0.4065 - 0.3960

(🆘LONG CRVUSDT 5-20x🆘)

... 5  $0.4290
🏹Target 6  $0.4330

🚫Stop loss -0.3839",6abd803fe058ee8203fe2295cc5b6766,2026-09-29T17:44:44+00:00,2026-09-29T18:44:25.292217+00:00,1249,crypto_jiamiadmin1
1758937,26775,LONG CRV 0.40654,7c7333828a4699dc1114aabaf4db35a8,2026-09-29T17:44:44+00:00,2026-09-29T18:44:25.223543+00:00,1249,crypto_jiamiadmin1
1758936,26774,"🚨 #ETHFI/USDT | LONG 

⚡Leverage: Cross 20x

🎯Entr... follow the signal and secure profits at targets.💎",0c164572d6a87c5b188ca0983979e53f,2026-09-29T17:44:44+00:00,2026-09-29T18:44:25.218473+00:00,1249,crypto_jiamiadmin1
1758935,26773,"⭐ 0G/USDT — LONG

💵 ENTRY: 0.34800-0:33800

⚙️ LEV...o

📌 Follow the setup and manage your risk wisely.",0150e7efd3f7c95721652bb81538cd43,2026-09-29T17:44:44+00:00,2026-09-29T18:44:25.119961+00:00,1249,crypto_jiamiadmin1
1758934,26772,"👑 GRASS/USDT — TRADE LONG

LEVERAGE 25X TO 50X

✅ ...0

⛔️ STOP LOSS: 0.6690

⚡️ NO FEAR — JUST PROFITS",1c84c943c54cd56c0c63795a18916880,2026-09-29T17:44:43+00:00,2026-09-29T18:44:25.102730+00:00,1249,crypto_jiamiadmin1
1758929,26767,"#LONG 🟢🔤🔤🔤🔤🔤

#ETH/USDT

Margin Mode : Isolated 💎
...992

🟥 SL : 2629 - 100%   

📊 LEV : 20X

🇯🇵Premium",9b5c200645b610439d73db5cfe2da275,2026-09-29T17:43:51+00:00,2026-09-29T18:44:24.878669+00:00,1249,crypto_jiamiadmin1
1758928,26765,"ZEC‼️ 

LONG NOW  🚀
Leverage 75X
Target 🎯 100% / 300% / 600%
Margin 1% wallet size 

Stop-loss: Wait",439d7bfed151e578e7c3d92df4699f2c,2026-09-29T17:43:51+00:00,2026-09-29T18:44:24.868545+00:00,1249,crypto_jiamiadmin1
1758927,26766,"🚀 #TRIAUSDT LONG SIGNAL 🚀

⚡️ LEVERAGE 50X–75X
📌 E...h this move together!

🔓 Trade Smart • Trade Safe.",1ef4d97f8c35cbd7c028d87ae4a1b00a,2026-09-29T17:43:51+00:00,2026-09-29T18:44:24.867745+00:00,1249,crypto_jiamiadmin1
1758926,26764,"⭐ NMR/USDT — LONG

💵 ENTRY: 12.400-12.00

⚙️ LEVER...o

📌 Follow the setup and manage your risk wisely.",e7bd79c8cf720b84132537b50d3bccdd,2026-09-29T17:43:51+00:00,2026-09-29T18:44:24.850163+00:00,1249,crypto_jiamiadmin1
1758925,26763,"🔴 SHORT

#ONT/USDT

Entry zone : 0.059925 - 0.0581...2623
0.050869

Stop loss :0.0622526

Leverage: 10x",c72f42d6ba4e8b1ab084dc271abfb1b6,2026-09-29T17:43:51+00:00,2026-09-29T18:44:24.704984+00:00,1249,crypto_jiamiadmin1
1758922,26762,"🔴 SHORT

#XRP/USDT

Entry : 

1) 1.5468
2) 1.5932
...1.4397

🛑 Stop : 1.6442

Leverage : 10x (isolated)",a2cf00f1e679226f3a047eac743303be,2026-09-29T17:43:51+00:00,2026-09-29T18:44:24.575726+00:00,1249,crypto_jiamiadmin1
1758921,26761,"💎#0G/USDT  LONG

👍Leverage : Cross 25x50

🔝Entry :...0.3192

Use only 3% - 5% amount of your portfolio🤩",169f317f54478ce6b5150f553b6dea85,2026-09-29T17:43:50+00:00,2026-09-29T18:44:24.568096+00:00,1249,crypto_jiamiadmin1
1761813,26860,"🔰 PAIR: XRP/ USDT 💹

🟢Position: LONG🚀

☑️ Entry Zo...:
🥇 1.4974
🥈 1.5040
🥉 1.5163

❌ Stop Loss: 🔴1.4742",66f19f0c9f15dfdab74f0d1b3a4b15e2,2026-09-29T20:05:58+00:00,2026-09-29T20:54:30.935554+00:00,1249,crypto_jiamiadmin1
1761810,26858,"ETH/USD BUY 

Entry : $  2686

Target1: $ 2700
Target2: $ 2770
Target3: $ 2900


SL : $ 2644",5c17ab2da531bc12b7837e8be778e037,2026-09-29T20:05:58+00:00,2026-09-29T20:54:30.771258+00:00,1249,crypto_jiamiadmin1
1761809,26857,"↗️ LONG #QNT 75x

📌 Entry: 267

🎯 TP1: 273
💵 TP2: ...t Usage: 1-3%
⚠️ According to your risk management",937d427acb33946378d09421c15fe032,2026-09-29T20:05:58+00:00,2026-09-29T20:54:30.749151+00:00,1249,crypto_jiamiadmin1
1761807,26855,"🪙#LYN/USDT

🚩POSITION — SHORT

🔒  LEVERAGE — 20X

...0.03460
TP🥉: 0.03230

⛔️ SL: 0.04300

🔥REACTIONS?😜",0a49449ddedcb4c93155fcd170af8972,2026-09-29T20:05:57+00:00,2026-09-29T20:54:30.704693+00:00,1249,crypto_jiamiadmin1
1761806,26854,"#LYN/USDT SHORT NOW 📉
🏠ENTRY: ( 0.03674 )",93f75458abda3fc9d022eb696fad38c3,2026-09-29T20:05:57+00:00,2026-09-29T20:54:30.591396+00:00,1249,crypto_jiamiadmin1
1761793,26839,"↗️ LONG #QNT 75x

📌 Entry: 254

🎯 TP: 258

⛔️ SL: ...t Usage: 1-3%
⚠️ According to your risk management",e51f12d84a2a3777d9d17f03ee31e8a0,2026-09-29T20:05:20+00:00,2026-09-29T20:54:30.136427+00:00,1249,crypto_jiamiadmin1
1761792,26836,"⚡️$LQTY/USDT⚡️

LONG
Leverage: 20x

Entry: 0.2337 ...197

1)0.2384
2)0.243
3)0.2477

Stoploss: 0.212667",dceba44f2cb5fc84267f5b81311d1952,2026-09-29T20:05:20+00:00,2026-09-29T20:54:30.113775+00:00,1249,crypto_jiamiadmin1
1761786,26826,"🔰 PAIR: XRP/ USDT 💹

🟢Position: LONG🚀

☑️ Entry Zo...:
🥇 1.4974
🥈 1.5040
🥉 1.5163

❌ Stop Loss: 🔴1.4742",66f19f0c9f15dfdab74f0d1b3a4b15e2,2026-09-29T19:54:13+00:00,2026-09-29T20:54:29.873635+00:00,1249,crypto_jiamiadmin1
1761785,26824,"ETH/USD BUY 

Entry : $  2686

Target1: $ 2700
Target2: $ 2770
Target3: $ 2900


SL : $ 2644",5c17ab2da531bc12b7837e8be778e037,2026-09-29T19:54:12+00:00,2026-09-29T20:54:29.820036+00:00,1249,crypto_jiamiadmin1
1761783,26823,"↗️ LONG #QNT 75x

📌 Entry: 267

🎯 TP1: 273
💵 TP2: ...t Usage: 1-3%
⚠️ According to your risk management",937d427acb33946378d09421c15fe032,2026-09-29T19:54:12+00:00,2026-09-29T20:54:29.672614+00:00,1249,crypto_jiamiadmin1
1761781,26821,"🪙#LYN/USDT

🚩POSITION — SHORT

🔒  LEVERAGE — 20X

...0.03460
TP🥉: 0.03230

⛔️ SL: 0.04300

🔥REACTIONS?😜",0a49449ddedcb4c93155fcd170af8972,2026-09-29T19:54:12+00:00,2026-09-29T20:54:29.657684+00:00,1249,crypto_jiamiadmin1
1761779,26820,"#LYN/USDT SHORT NOW 📉
🏠ENTRY: ( 0.03674 )",93f75458abda3fc9d022eb696fad38c3,2026-09-29T19:54:12+00:00,2026-09-29T20:54:29.589461+00:00,1249,crypto_jiamiadmin1
1761767,26804,"↗️ LONG #QNT 75x

📌 Entry: 254

🎯 TP: 258

⛔️ SL: ...t Usage: 1-3%
⚠️ According to your risk management",e51f12d84a2a3777d9d17f03ee31e8a0,2026-09-29T19:53:40+00:00,2026-09-29T20:54:29.071570+00:00,1249,crypto_jiamiadmin1
1761765,26801,"⚡️$LQTY/USDT⚡️

LONG
Leverage: 20x

Entry: 0.2337 ...197

1)0.2384
2)0.243
3)0.2477

Stoploss: 0.212667",dceba44f2cb5fc84267f5b81311d1952,2026-09-29T19:53:39+00:00,2026-09-29T20:54:29.036934+00:00,1249,crypto_jiamiadmin1
1761764,26800,"#SOL

SOL has changed its trend to an upward one. ...argets: 119.77 / 122.88 / 128.33
Stop Loss: 113.72",e8ff9a02d1d2ee47cacd57d261aed78b,2026-09-29T19:53:39+00:00,2026-09-29T20:54:28.962246+00:00,1249,crypto_jiamiadmin1
1761763,26799,"✅ Long

Pair: #LINK/USDT

📊 Entry Price: 

1) 14.9...10
4) 15.921

Stop Loss: 13.963

Leverage: 10x-20x",22158278462b7be1645531d95b59fa42,2026-09-29T19:53:39+00:00,2026-09-29T20:54:28.882862+00:00,1249,crypto_jiamiadmin1
1761762,26798,"↗️ LONG #QNT 75x

📌 Entry: 249

🎯 TP: 253

⛔️ SL: ...t Usage: 1-3%
⚠️ According to your risk management",2a407737fe891987dc8871d205560d3e,2026-09-29T19:53:39+00:00,2026-09-29T20:54:28.846723+00:00,1249,crypto_jiamiadmin1
1761761,26797,"✅ Long

#ETH/USDT

Entry zone : 2615.11 - 2695.99
...50.76
3031.23

Stop loss :2507.2707

Leverage: 10x",b08de2e40c0365b39c489001d9e8d7ae,2026-09-29T19:53:39+00:00,2026-09-29T20:54:28.837833+00:00,1249,crypto_jiamiadmin1
1761760,26796,"DEEPUSDTUSDT  
Exchanges: BINGX 

🟢 Short
Leverage....02039000
6) 0.01876000
7) 🚀🚀🚀 

⛔️ SL:
0.02258550",835f6382a746bb843f8bc50538be1bcb,2026-09-29T19:53:39+00:00,2026-09-29T20:54:28.825470+00:00,1249,crypto_jiamiadmin1
1764171,26877,"MOVRUSDTUSDT  
Exchanges: BINGX 

🟢 Long
Leverage-... 1.33
4) 1.44
5) 1.55
6) 1.68
7) 🚀🚀🚀 

⛔️ SL:
1.06",1cfc1c1887986391011365a4eae6d4ea,2026-09-29T21:37:06+00:00,2026-09-29T22:49:49.153910+00:00,1249,crypto_jiamiadmin1
1764170,26876,"↗️ LONG #MOVR 50x

📌 Entry: 1.17

🎯 TP1: 1.20
💵 TP...t Usage: 1-3%
⚠️ According to your risk management",1bcc6eceb9e097b9335c4bb0478ce11b,2026-09-29T21:37:06+00:00,2026-09-29T22:49:49.144868+00:00,1249,crypto_jiamiadmin1
1764169,26875,"🔰 PAIR: XRP/ USDT 💹

🟢Position: LONG🚀

☑️ Entry Zo...:
🥇 1.4974
🥈 1.5040
🥉 1.5163

❌ Stop Loss: 🔴1.4742",66f19f0c9f15dfdab74f0d1b3a4b15e2,2026-09-29T21:37:06+00:00,2026-09-29T22:49:49.142376+00:00,1249,crypto_jiamiadmin1
1764167,26872,"↗️ LONG #QNT 75x

📌 Entry: 267

🎯 TP1: 273
💵 TP2: ...t Usage: 1-3%
⚠️ According to your risk management",937d427acb33946378d09421c15fe032,2026-09-29T21:37:06+00:00,2026-09-29T22:49:48.932685+00:00,1249,crypto_jiamiadmin1
1764166,26873,"ETH/USD BUY 

Entry : $  2686

Target1: $ 2700
Target2: $ 2770
Target3: $ 2900


SL : $ 2644",5c17ab2da531bc12b7837e8be778e037,2026-09-29T21:37:06+00:00,2026-09-29T22:49:48.930302+00:00,1249,crypto_jiamiadmin1
1764164,26870,"🪙#LYN/USDT

🚩POSITION — SHORT

🔒  LEVERAGE — 20X

...0.03460
TP🥉: 0.03230

⛔️ SL: 0.04300

🔥REACTIONS?😜",0a49449ddedcb4c93155fcd170af8972,2026-09-29T21:37:06+00:00,2026-09-29T22:49:48.927187+00:00,1249,crypto_jiamiadmin1
1764163,26869,"#LYN/USDT SHORT NOW 📉
🏠ENTRY: ( 0.03674 )",93f75458abda3fc9d022eb696fad38c3,2026-09-29T21:37:06+00:00,2026-09-29T22:49:48.913766+00:00,1249,crypto_jiamiadmin1
