id,external_id,message_preview,hash,published_at,created_at,source_id,source_name
1022142,33818,"🔖 Signal ID: 011
📩 #PYTHUSDT 15M | EMA Cross
📉 Sho...ea; expect a rapid move to secure initial profits.",51525707ba887bbb3b12d3dc6294ead9,2026-09-01T18:53:38+00:00,2026-09-01T19:53:16.897678+00:00,652,Cryptofundtraders1
1022135,33819,"🔖 Signal ID: 012
📩 #ENAUSDT 15M | EMA Cross
📉 Shor...t objective and extension toward the final target.",ae0cf71bdc790ac20815484ff7b38460,2026-09-01T18:53:38+00:00,2026-09-01T19:53:16.854871+00:00,652,Cryptofundtraders1
1022134,33817,"🔖 Signal ID: 010
📩 #RENDERUSDT 15M | BB Breakdown
...ea; expect a rapid move to secure initial profits.",a8b826127158caed537a26bc42d78770,2026-09-01T18:53:38+00:00,2026-09-01T19:53:16.854101+00:00,652,Cryptofundtraders1
1022130,33820,"🔖 Signal ID: 013
📩 #KASUSDT 15M | MACD Cross
📉 Sho...ea; expect a rapid move to secure initial profits.",74b4f8107cb080d34361884ba2591985,2026-09-01T18:53:38+00:00,2026-09-01T19:53:16.817992+00:00,652,Cryptofundtraders1
1022127,33816,"🔖 Signal ID: 009
📩 #SEIUSDT 15M | MACD Cross
📉 Sho...t objective and extension toward the final target.",e9cbe97879ce009cd94692a11c11b836,2026-09-01T18:53:38+00:00,2026-09-01T19:53:16.801319+00:00,652,Cryptofundtraders1
1022125,33815,"🔖 Signal ID: 008
📩 #FETUSDT 15M | BB Breakdown
📉 S...ea; expect a rapid move to secure initial profits.",9d0ec12e4df40a24223837d7824a9dab,2026-09-01T18:53:38+00:00,2026-09-01T19:53:16.783342+00:00,652,Cryptofundtraders1
1022143,33812,"🔖 Signal ID: 005
📩 #LTCUSDT 15M | EMA Cross
📉 Shor...t objective and extension toward the final target.",6bd586202c50671bcbacab52ae90d9a7,2026-09-01T18:53:37+00:00,2026-09-01T19:53:16.898440+00:00,652,Cryptofundtraders1
1022124,33808,"🔖 Signal ID: 001
📩 #BTCUSDT 15M | BB Breakdown
📉 S...ea; expect a rapid move to secure initial profits.",bbba688a01dc8302bd9885c3bf05a1f5,2026-09-01T18:53:37+00:00,2026-09-01T19:53:16.782509+00:00,652,Cryptofundtraders1
1022122,33809,"🔖 Signal ID: 002
📩 #DOTUSDT 15M | MACD Cross
📉 Sho...icipate swift execution toward the nearest target.",c2e30dc842c4b79e197b2e07dfc57f7f,2026-09-01T18:53:37+00:00,2026-09-01T19:53:16.728911+00:00,652,Cryptofundtraders1
1022120,33814,"🔖 Signal ID: 007
📩 #PEPEUSDT 15M | BB Breakdown
📉 ...icipate swift execution toward the nearest target.",47a97160fbadc9fdf65ef1286ac0a5eb,2026-09-01T18:53:37+00:00,2026-09-01T19:53:16.711359+00:00,652,Cryptofundtraders1
1022118,33811,"🔖 Signal ID: 004
📩 #SHIBUSDT 15M | EMA Cross
📉 Sho...t objective and extension toward the final target.",249ddfdc45bed25d3aa4fbdf3771a3b3,2026-09-01T18:53:37+00:00,2026-09-01T19:53:16.632745+00:00,652,Cryptofundtraders1
1022115,33813,"🔖 Signal ID: 006
📩 #NEARUSDT 15M | BB Breakdown
📉 ...ea; expect a rapid move to secure initial profits.",6fdf5dbaf6a6e050c0fbc95ff0b73d68,2026-09-01T18:53:37+00:00,2026-09-01T19:53:16.494099+00:00,652,Cryptofundtraders1
1022114,33810,"🔖 Signal ID: 003
📩 #POLUSDT 15M | BB Breakdown
📉 S...t objective and extension toward the final target.",550070f414f008cb71875cb1b97acf46,2026-09-01T18:53:37+00:00,2026-09-01T19:53:16.477116+00:00,652,Cryptofundtraders1
1020292,33795,"🔖 Signal ID: 006
📩 #KASUSDT 15M | BB Breakdown
📉 S...ea; expect a rapid move to secure initial profits.",3fffacc14bc6dd69578d32ff7108ea67,2026-09-01T16:58:38+00:00,2026-09-01T18:27:07.033291+00:00,652,Cryptofundtraders1
1020290,33793,"🔖 Signal ID: 004
📩 #SHIBUSDT 15M | MACD Cross
📉 Sh...ea; expect a rapid move to secure initial profits.",32d436fa0e8619f6277a25bb2322506b,2026-09-01T16:58:38+00:00,2026-09-01T18:27:06.985731+00:00,652,Cryptofundtraders1
1020288,33792,"🔖 Signal ID: 003
📩 #LINKUSDT 15M | MACD Cross
📉 Sh...ea; expect a rapid move to secure initial profits.",f3426913195faf56209d66ea082e7450,2026-09-01T16:58:38+00:00,2026-09-01T18:27:06.967115+00:00,652,Cryptofundtraders1
1020285,33794,"🔖 Signal ID: 005
📩 #ONDOUSDT 15M | MACD Cross
📉 Sh...icipate swift execution toward the nearest target.",ee4c0a7f803e996c656b973c1b19af17,2026-09-01T16:58:38+00:00,2026-09-01T18:27:06.938826+00:00,652,Cryptofundtraders1
1020284,33791,"🔖 Signal ID: 002
📩 #DOGEUSDT 15M | MACD Cross
📉 Sh...icipate swift execution toward the nearest target.",b73b59c7151402974dcba00138aacf02,2026-09-01T16:58:38+00:00,2026-09-01T18:27:06.907616+00:00,652,Cryptofundtraders1
1020283,33790,"🔖 Signal ID: 001
📩 #BTCUSDT 15M | EMA Cross
📉 Shor...t objective and extension toward the final target.",ccb4cdecea3a933547d892fbab3913e6,2026-09-01T16:58:38+00:00,2026-09-01T18:27:06.903389+00:00,652,Cryptofundtraders1
1016822,33780,"🟢 Long

#TRX/USDT

Entry : 

1) 0.32493
2) 0.31518...34716

🛑 Stop : 0.30445

Leverage : 10x (isolated)",e0ef6185d3eeaacf62d2d24c2178da7f,2026-09-01T14:00:47+00:00,2026-09-01T14:58:13.904808+00:00,652,Cryptofundtraders1
1016813,33781,"💎 #Free Signal

🟢 Long

 #ATOM/USDT

Entry : 

1) ...) 1.570

🛑 Stop  : 1.377

Leverage: 10x (isolated)",51c47c7440cd8b321d9f59a3c85192a0,2026-09-01T14:00:47+00:00,2026-09-01T14:58:13.832380+00:00,652,Cryptofundtraders1
1012682,33757,"🔖 Signal ID: 015
📩 #JUPUSDT 15M | MACD Cross
📈 Lon...t objective and extension toward the final target.",108cb897f86f8155c8087a204e80e9b7,2026-09-01T10:40:33+00:00,2026-09-01T11:43:33.391216+00:00,652,Cryptofundtraders1
1012678,33759,"🔖 Signal ID: 017
📩 #ONDOUSDT 15M | MACD Cross
📈 Lo...icipate swift execution toward the nearest target.",174b6dcf950aca040ba8ac8a277e6f69,2026-09-01T10:40:33+00:00,2026-09-01T11:43:33.350304+00:00,652,Cryptofundtraders1
1012674,33758,"🔖 Signal ID: 016
📩 #STRKUSDT 15M | MACD Cross
📈 Lo...icipate swift execution toward the nearest target.",12d83502157f1ec751a2e154f33a7d35,2026-09-01T10:40:33+00:00,2026-09-01T11:43:33.314586+00:00,652,Cryptofundtraders1
1012675,33756,"🔖 Signal ID: 014
📩 #ICPUSDT 15M | MACD Cross
📈 Lon...t objective and extension toward the final target.",6a6453d79b50c0153048300d47ad1b91,2026-09-01T10:40:32+00:00,2026-09-01T11:43:33.323781+00:00,652,Cryptofundtraders1
1012673,33750,"🔖 Signal ID: 008
📩 #SUIUSDT 15M | MACD Cross
📈 Lon...ea; expect a rapid move to secure initial profits.",16d7e7e3e6d9071de847b1fbaf7dcab0,2026-09-01T10:40:32+00:00,2026-09-01T11:43:33.312353+00:00,652,Cryptofundtraders1
1012669,33755,"🔖 Signal ID: 013
📩 #SEIUSDT 15M | MACD Cross
📈 Lon...icipate swift execution toward the nearest target.",e1aeff857e58a8d57fe07f83ca22c5da,2026-09-01T10:40:32+00:00,2026-09-01T11:43:33.300565+00:00,652,Cryptofundtraders1
1012671,33754,"🔖 Signal ID: 012
📩 #WIFUSDT 15M | EMA Cross
📈 Long...ea; expect a rapid move to secure initial profits.",f412c84ee03a2e8ae3db8a85aaa83326,2026-09-01T10:40:32+00:00,2026-09-01T11:43:33.297311+00:00,652,Cryptofundtraders1
1012668,33745,"🔖 Signal ID: 003
📩 #DOTUSDT 15M | MACD Cross
📈 Lon...t objective and extension toward the final target.",249974839fe3baed234decd1a894b3bd,2026-09-01T10:40:32+00:00,2026-09-01T11:43:33.296534+00:00,652,Cryptofundtraders1
1012667,33747,"🔖 Signal ID: 005
📩 #SHIBUSDT 15M | EMA Cross
📈 Lon...ea; expect a rapid move to secure initial profits.",be06fee632632b883869a5863ea22ee7,2026-09-01T10:40:32+00:00,2026-09-01T11:43:33.293913+00:00,652,Cryptofundtraders1
1012665,33752,"🔖 Signal ID: 010
📩 #AAVEUSDT 15M | EMA Cross
📈 Lon...ea; expect a rapid move to secure initial profits.",ee76b5acaa0f05a6d8934d8c7b0d5ced,2026-09-01T10:40:32+00:00,2026-09-01T11:43:33.209459+00:00,652,Cryptofundtraders1
1012664,33748,"🔖 Signal ID: 006
📩 #XLMUSDT 15M | MACD Cross
📈 Lon...t objective and extension toward the final target.",dbbf21fdf962ce52323d9555a3587020,2026-09-01T10:40:32+00:00,2026-09-01T11:43:33.205521+00:00,652,Cryptofundtraders1
1012663,33749,"🔖 Signal ID: 007
📩 #APTUSDT 15M | MACD Cross
📈 Lon...icipate swift execution toward the nearest target.",fda7e18b939c1ce2312968d6e07eba7f,2026-09-01T10:40:32+00:00,2026-09-01T11:43:33.196772+00:00,652,Cryptofundtraders1
1012662,33751,"🔖 Signal ID: 009
📩 #OPUSDT 15M | MACD Cross
📈 Long...t objective and extension toward the final target.",2da6704dea9fec5556c446f62ff4370e,2026-09-01T10:40:32+00:00,2026-09-01T11:43:33.164068+00:00,652,Cryptofundtraders1
1012661,33743,"🔖 Signal ID: 001
📩 #ADAUSDT 15M | MACD Cross
📈 Lon...t objective and extension toward the final target.",acf9f6cc915864eeeac0713bd71e14c6,2026-09-01T10:40:32+00:00,2026-09-01T11:43:33.158969+00:00,652,Cryptofundtraders1
1012660,33744,"🔖 Signal ID: 002
📩 #LINKUSDT 15M | MACD Cross
📈 Lo...ea; expect a rapid move to secure initial profits.",7503e7fda40baf48be0b0e2b0e5fbcce,2026-09-01T10:40:32+00:00,2026-09-01T11:43:33.155679+00:00,652,Cryptofundtraders1
1012659,33746,"🔖 Signal ID: 004
📩 #POLUSDT 15M | EMA Cross
📈 Long...icipate swift execution toward the nearest target.",f98d27e58fc0369a97c302b35a3ae075,2026-09-01T10:40:32+00:00,2026-09-01T11:43:33.151527+00:00,652,Cryptofundtraders1
1012658,33753,"🔖 Signal ID: 011
📩 #PEPEUSDT 15M | MACD Cross
📈 Lo...t objective and extension toward the final target.",df9941ea8600d7beae2f2666e2b50413,2026-09-01T10:40:32+00:00,2026-09-01T11:43:33.133898+00:00,652,Cryptofundtraders1
1009692,33740,"🟢 Long

#LINK/USDT

Entry : 

1) 11.298
2) 10.959
...12.070

🛑 Stop : 10.586

Leverage : 10x (isolated)",8a44e5265b93cecd9c0bb2e217460d08,2026-09-01T08:31:15+00:00,2026-09-01T09:56:30.274637+00:00,652,Cryptofundtraders1
1006462,33734,"🔴 SHORT

#SNX/USDT

Entry : 

1) 0.213700
2) 0.220...8915

🛑 Stop : 0.227163

Leverage : 10x (isolated)",888edafe554682ee2a02c389ca710d7d,2026-09-01T07:59:12+00:00,2026-09-01T08:13:24.279170+00:00,652,Cryptofundtraders1
1006471,33726,"🔖 Signal ID: 012
📩 #FLOKIUSDT 15M | BB Breakout
📈 ...t objective and extension toward the final target.",bf9f58429a5c95bb43a3342f3cd314db,2026-09-01T06:18:19+00:00,2026-09-01T08:13:24.361944+00:00,652,Cryptofundtraders1
1006470,33725,"🔖 Signal ID: 011
📩 #FETUSDT 15M | MACD Cross
📈 Lon...icipate swift execution toward the nearest target.",4b34154ea2faa4a45b9617c6ed7c6f2c,2026-09-01T06:18:19+00:00,2026-09-01T08:13:24.353816+00:00,652,Cryptofundtraders1
1006468,33723,"🔖 Signal ID: 009
📩 #SUIUSDT 15M | MACD Cross
📈 Lon...ea; expect a rapid move to secure initial profits.",d0d1c1adfc55a63b6b1ebf933678e60e,2026-09-01T06:18:19+00:00,2026-09-01T08:13:24.333859+00:00,652,Cryptofundtraders1
1006467,33727,"🔖 Signal ID: 013
📩 #RENDERUSDT 15M | MACD Cross
📈 ...ea; expect a rapid move to secure initial profits.",198765bdd9266483484366fccb5b11d1,2026-09-01T06:18:19+00:00,2026-09-01T08:13:24.330666+00:00,652,Cryptofundtraders1
1006466,33721,"🔖 Signal ID: 007
📩 #UNIUSDT 15M | BB Breakout
📈 Lo...t objective and extension toward the final target.",c77acd355502686bf9fb187b25dd639d,2026-09-01T06:18:19+00:00,2026-09-01T08:13:24.317238+00:00,652,Cryptofundtraders1
1006465,33728,"🔖 Signal ID: 014
📩 #ONDOUSDT 15M | BB Breakout
📈 L...icipate swift execution toward the nearest target.",0f25bab33762f98a902d01f6ffa0b6c9,2026-09-01T06:18:19+00:00,2026-09-01T08:13:24.316221+00:00,652,Cryptofundtraders1
1006464,33724,"🔖 Signal ID: 010
📩 #PEPEUSDT 15M | MACD Cross
📈 Lo...icipate swift execution toward the nearest target.",67536f1abee1ec735b4375dffa5bf28e,2026-09-01T06:18:19+00:00,2026-09-01T08:13:24.312946+00:00,652,Cryptofundtraders1
1006463,33722,"🔖 Signal ID: 008
📩 #XLMUSDT 15M | BB Breakout
📈 Lo...ea; expect a rapid move to secure initial profits.",f68a6ba5fdb1a3e31b77075e5d92dfb6,2026-09-01T06:18:19+00:00,2026-09-01T08:13:24.293406+00:00,652,Cryptofundtraders1
1006459,33720,"🔖 Signal ID: 006
📩 #LTCUSDT 15M | BB Breakout
📈 Lo...ea; expect a rapid move to secure initial profits.",82fdae318025122951bc8f8e0e046e54,2026-09-01T06:18:19+00:00,2026-09-01T08:13:24.271039+00:00,652,Cryptofundtraders1
1006458,33719,"🔖 Signal ID: 005
📩 #LINKUSDT 15M | BB Breakout
📈 L...ea; expect a rapid move to secure initial profits.",6ed367f4fe011c6c3e3d464d6e9050f8,2026-09-01T06:18:19+00:00,2026-09-01T08:13:24.242008+00:00,652,Cryptofundtraders1
1006457,33715,"🔖 Signal ID: 001
📩 #BTCUSDT 15M | BB Breakout
📈 Lo...ea; expect a rapid move to secure initial profits.",316c6df03f5ca379fe49417675eaa9c7,2026-09-01T06:18:19+00:00,2026-09-01T08:13:24.238181+00:00,652,Cryptofundtraders1
1006456,33717,"🔖 Signal ID: 003
📩 #DOGEUSDT 15M | BB Breakout
📈 L...t objective and extension toward the final target.",e05e5fb0cdb88ae56c0c697c6ce5bf40,2026-09-01T06:18:19+00:00,2026-09-01T08:13:24.222147+00:00,652,Cryptofundtraders1
1006455,33718,"🔖 Signal ID: 004
📩 #AVAXUSDT 15M | MACD Cross
📈 Lo...t objective and extension toward the final target.",c6a4ce6597ba3575d63743207e1f3ea4,2026-09-01T06:18:19+00:00,2026-09-01T08:13:24.221523+00:00,652,Cryptofundtraders1
1006454,33716,"🔖 Signal ID: 002
📩 #ADAUSDT 15M | BB Breakout
📈 Lo...t objective and extension toward the final target.",65f1c7fb23ddd83d648f607f858afc82,2026-09-01T06:18:19+00:00,2026-09-01T08:13:24.219232+00:00,652,Cryptofundtraders1
1002409,33713,"💎 #Free Signal

🔴 Short

 #ALGO/USDT

Entry : 

1)...1613

🛑 Stop  : 0.093203

Leverage: 10x (isolated)",f88c32b368bc86078157eee370f277a6,2026-09-01T03:21:16+00:00,2026-09-01T04:40:19.420412+00:00,652,Cryptofundtraders1
1001831,33706,"🔖 Signal ID: 004
📩 #ORDIUSDT 15M | MACD Cross
📈 Lo...t objective and extension toward the final target.",62c3f749d3ac04ee88f32f59d3ef4b30,2026-09-01T01:53:21+00:00,2026-09-01T03:02:24.596353+00:00,652,Cryptofundtraders1
1001830,33705,"🔖 Signal ID: 003
📩 #ARBUSDT 15M | BB Breakout
📈 Lo...t objective and extension toward the final target.",de0f5a41219d963d46b06dd063a6d383,2026-09-01T01:53:21+00:00,2026-09-01T03:02:24.594094+00:00,652,Cryptofundtraders1
1001828,33704,"🔖 Signal ID: 002
📩 #LTCUSDT 15M | MACD Cross
📈 Lon...icipate swift execution toward the nearest target.",cbbfc939e58ae47a6c7f4c4533ea8ef7,2026-09-01T01:53:21+00:00,2026-09-01T03:02:24.587763+00:00,652,Cryptofundtraders1
1001827,33703,"🔖 Signal ID: 001
📩 #TRXUSDT 15M | BB Breakdown
📉 S...t objective and extension toward the final target.",4b0b1492f28509d1891747c8731c5eb3,2026-09-01T01:53:21+00:00,2026-09-01T03:02:24.572082+00:00,652,Cryptofundtraders1
1033220,33932,"🔖 Signal ID: 010
📩 #ORDIUSDT 15M | MACD Cross
📉 Sh...icipate swift execution toward the nearest target.",43764fb39006b22e1ee79a7fe0128242,2026-09-02T09:58:48+00:00,2026-09-02T11:37:30.657070+00:00,652,Cryptofundtraders1
1033219,33931,"🔖 Signal ID: 009
📩 #ENAUSDT 15M | EMA Cross
📉 Shor...icipate swift execution toward the nearest target.",d472c7cb0129e20ccab721474b6f013c,2026-09-02T09:58:48+00:00,2026-09-02T11:37:30.640371+00:00,652,Cryptofundtraders1
1033218,33928,"🔖 Signal ID: 006
📩 #GRTUSDT 15M | MACD Cross
📉 Sho...t objective and extension toward the final target.",08a39cbf1209484fe5c42ff1f720a760,2026-09-02T09:58:48+00:00,2026-09-02T11:37:30.636908+00:00,652,Cryptofundtraders1
1033214,33929,"🔖 Signal ID: 007
📩 #WLDUSDT 15M | MACD Cross
📉 Sho...ea; expect a rapid move to secure initial profits.",9a451dfa1448e7cfeb9f12967f448d11,2026-09-02T09:58:48+00:00,2026-09-02T11:37:30.625428+00:00,652,Cryptofundtraders1
1033213,33930,"🔖 Signal ID: 008
📩 #PYTHUSDT 15M | MACD Cross
📉 Sh...t objective and extension toward the final target.",954eee9147884719a7950ed123eed851,2026-09-02T09:58:48+00:00,2026-09-02T11:37:30.624684+00:00,652,Cryptofundtraders1
1033217,33925,"🔖 Signal ID: 003
📩 #POLUSDT 15M | EMA Cross
📉 Shor...t objective and extension toward the final target.",889afe530b266c90caed86d0e9a823de,2026-09-02T09:58:47+00:00,2026-09-02T11:37:30.631875+00:00,652,Cryptofundtraders1
1033216,33927,"🔖 Signal ID: 005
📩 #OPUSDT 15M | MACD Cross
📉 Shor...icipate swift execution toward the nearest target.",77cf6fa3d9c882bcd4a81fe2d97055c8,2026-09-02T09:58:47+00:00,2026-09-02T11:37:30.630983+00:00,652,Cryptofundtraders1
1033215,33926,"🔖 Signal ID: 004
📩 #XLMUSDT 15M | MACD Cross
📉 Sho...ea; expect a rapid move to secure initial profits.",4227eebf4efb2c8d49c5826ca9dda8fd,2026-09-02T09:58:47+00:00,2026-09-02T11:37:30.626906+00:00,652,Cryptofundtraders1
1033212,33924,"🔖 Signal ID: 002
📩 #DOTUSDT 15M | EMA Cross
📉 Shor...ea; expect a rapid move to secure initial profits.",d16ce6db5de9663b00b64c93141ec7b0,2026-09-02T09:58:47+00:00,2026-09-02T11:37:30.587241+00:00,652,Cryptofundtraders1
1033211,33923,"🔖 Signal ID: 001
📩 #TRXUSDT 15M | BB Breakout
📈 Lo...ea; expect a rapid move to secure initial profits.",7beabb80e3fe65b3a8661f57fc91b8ad,2026-09-02T09:58:47+00:00,2026-09-02T11:37:30.496751+00:00,652,Cryptofundtraders1
1033202,33914,"🟢 Long

#QTUM/USDT

Entry : 

1) 0.816600
2) 0.792...2467

🛑 Stop : 0.765154

Leverage : 10x (isolated)",2b63b354c3a4799193a33c843c895988,2026-09-02T09:58:02+00:00,2026-09-02T11:37:29.412484+00:00,652,Cryptofundtraders1
1033201,33911,"🔴 SHORT

#SNX/USDT

Entry : 

1) 0.217700
2) 0.224...2638

🛑 Stop : 0.231415

Leverage : 10x (isolated)",2ed91e7a7c3958642927fefc05f849b3,2026-09-02T09:58:02+00:00,2026-09-02T11:37:29.235845+00:00,652,Cryptofundtraders1
1033198,33913,"💎 #Free Signal

🟢 Long

 #DASH/USDT

Entry : 

1) ...) 44.72

🛑 Stop  : 39.22

Leverage: 10x (isolated)",f4b44fd59b5b28fa3ad89d53733a3612,2026-09-02T09:58:02+00:00,2026-09-02T11:37:29.200199+00:00,652,Cryptofundtraders1
1033197,33899,"🔖 Signal ID: 004
📩 #IMXUSDT 15M | EMA Cross
📉 Shor...ea; expect a rapid move to secure initial profits.",1a0bb16cff590ea66b47ff40ae813688,2026-09-02T09:57:01+00:00,2026-09-02T11:37:29.199515+00:00,652,Cryptofundtraders1
1033194,33900,"🔖 Signal ID: 005
📩 #RENDERUSDT 15M | MACD Cross
📉 ...ea; expect a rapid move to secure initial profits.",f8d4f7424f6dc6e3e44736db355df502,2026-09-02T09:57:01+00:00,2026-09-02T11:37:29.183172+00:00,652,Cryptofundtraders1
1033191,33897,"🔖 Signal ID: 002
📩 #XLMUSDT 15M | MACD Cross
📉 Sho...icipate swift execution toward the nearest target.",c58aa286b74cbdcdf81133b5fd3c6b7e,2026-09-02T09:57:01+00:00,2026-09-02T11:37:29.171485+00:00,652,Cryptofundtraders1
1033183,33901,"🔖 Signal ID: 006
📩 #JUPUSDT 15M | MACD Cross
📈 Lon...ea; expect a rapid move to secure initial profits.",95b5d1aa281c852178479b07997a5cad,2026-09-02T09:57:01+00:00,2026-09-02T11:37:29.132819+00:00,652,Cryptofundtraders1
1033182,33902,"🔖 Signal ID: 007
📩 #ENAUSDT 15M | EMA Cross
📉 Shor...icipate swift execution toward the nearest target.",004d5412f4f170f2e0284cad5c801a35,2026-09-02T09:57:01+00:00,2026-09-02T11:37:29.130136+00:00,652,Cryptofundtraders1
1033181,33896,"🔖 Signal ID: 001
📩 #POLUSDT 15M | EMA Cross
📈 Long...ea; expect a rapid move to secure initial profits.",60017e036f5b4240939127cb6c0c35ec,2026-09-02T09:57:01+00:00,2026-09-02T11:37:29.127025+00:00,652,Cryptofundtraders1
1033180,33898,"🔖 Signal ID: 003
📩 #APTUSDT 15M | MACD Cross
📉 Sho...t objective and extension toward the final target.",41f08d0d3c5675f81c4053cd3dfecda0,2026-09-02T09:57:01+00:00,2026-09-02T11:37:29.109758+00:00,652,Cryptofundtraders1
1033189,33891,"🔖 Signal ID: 003
📩 #SEIUSDT 15M | EMA Cross
📉 Shor...icipate swift execution toward the nearest target.",a0e9e41ba5d7c96146f604ad149dde11,2026-09-02T09:57:00+00:00,2026-09-02T11:37:29.153337+00:00,652,Cryptofundtraders1
1033185,33890,"🔖 Signal ID: 002
📩 #PEPEUSDT 15M | MACD Cross
📈 Lo...ea; expect a rapid move to secure initial profits.",0da8a3405feac1ba83e3c5f036e5992c,2026-09-02T09:57:00+00:00,2026-09-02T11:37:29.138095+00:00,652,Cryptofundtraders1
1033184,33892,"🔖 Signal ID: 004
📩 #RENDERUSDT 15M | MACD Cross
📈 ...ea; expect a rapid move to secure initial profits.",9e607e5a3a6e85e3bf7465e1e028bf69,2026-09-02T09:57:00+00:00,2026-09-02T11:37:29.132192+00:00,652,Cryptofundtraders1
1033179,33893,"🔖 Signal ID: 005
📩 #BONKUSDT 15M | MACD Cross
📈 Lo...icipate swift execution toward the nearest target.",0c09ba756687a33c433559d279525f3b,2026-09-02T09:57:00+00:00,2026-09-02T11:37:29.061263+00:00,652,Cryptofundtraders1
1033178,33883,"🔖 Signal ID: 004
📩 #ORDIUSDT 15M | MACD Cross
📉 Sh...icipate swift execution toward the nearest target.",a51e3b602d62dcd2fa6422e88d8a82e9,2026-09-02T09:57:00+00:00,2026-09-02T11:37:28.940569+00:00,652,Cryptofundtraders1
1033174,33889,"🔖 Signal ID: 001
📩 #XLMUSDT 15M | MACD Cross
📈 Lon...t objective and extension toward the final target.",34bb10ad2023a1076d2d392a9ff05d69,2026-09-02T09:57:00+00:00,2026-09-02T11:37:28.911065+00:00,652,Cryptofundtraders1
1033172,33880,"🔖 Signal ID: 001
📩 #UNIUSDT 15M | EMA Cross
📈 Long...ea; expect a rapid move to secure initial profits.",9dbc9bb90dce66a9c99cf87bf7977592,2026-09-02T09:57:00+00:00,2026-09-02T11:37:28.857623+00:00,652,Cryptofundtraders1
1033170,33882,"🔖 Signal ID: 003
📩 #STRKUSDT 15M | MACD Cross
📉 Sh...icipate swift execution toward the nearest target.",f25fa49d656054ffa0263ae2fa465dd8,2026-09-02T09:57:00+00:00,2026-09-02T11:37:28.818023+00:00,652,Cryptofundtraders1
1033169,33881,"🔖 Signal ID: 002
📩 #XLMUSDT 15M | MACD Cross
📉 Sho...ea; expect a rapid move to secure initial profits.",125ac2f98e0a265aa9b8f891c81a12d1,2026-09-02T09:57:00+00:00,2026-09-02T11:37:28.809802+00:00,652,Cryptofundtraders1
1033168,33884,"🔖 Signal ID: 005
📩 #KASUSDT 15M | EMA Cross
📉 Shor...ea; expect a rapid move to secure initial profits.",07a68c5cb5125c1aebd00ea43e5f45df,2026-09-02T09:57:00+00:00,2026-09-02T11:37:28.792438+00:00,652,Cryptofundtraders1
1035178,33953,"🟢 Long

#DOT/USDT

Entry : 

1) 0.846200
2) 0.8208...4092

🛑 Stop : 0.792889

Leverage : 10x (isolated)",82065db5382d3539754e37cd738daf82,2026-09-02T13:41:51+00:00,2026-09-02T13:50:19.329699+00:00,652,Cryptofundtraders1
1035177,33952,"💎 #Free Signal

🔴 Short

 #KAVA/USDT

Entry : 

1)...5256

🛑 Stop  : 0.051683

Leverage: 10x (isolated)",bb84f346ad9391bedc9bd359560e58c8,2026-09-02T13:41:51+00:00,2026-09-02T13:50:19.328862+00:00,652,Cryptofundtraders1
1035181,33951,"🔖 Signal ID: 001
📩 #POLUSDT 15M | BB Breakout
📈 Lo...ea; expect a rapid move to secure initial profits.",4002b644c0732428a95659b6aaf76cc4,2026-09-02T11:40:15+00:00,2026-09-02T13:50:19.360524+00:00,652,Cryptofundtraders1
1036850,33960,"💎 #Free Signal

🔴 Short

 #KAVA/USDT

Entry : 

1)...5256

🛑 Stop  : 0.051683

Leverage: 10x (isolated)",bb84f346ad9391bedc9bd359560e58c8,2026-09-02T14:02:00+00:00,2026-09-02T15:44:56.680601+00:00,652,Cryptofundtraders1
1036845,33961,"🟢 Long

#DOT/USDT

Entry : 

1) 0.846200
2) 0.8208...4092

🛑 Stop : 0.792889

Leverage : 10x (isolated)",82065db5382d3539754e37cd738daf82,2026-09-02T14:02:00+00:00,2026-09-02T15:44:56.647489+00:00,652,Cryptofundtraders1
1036849,33958,"💎 #Free Signal

🟢 Long

 #DASH/USDT

Entry : 

1) ...) 44.72

🛑 Stop  : 39.22

Leverage: 10x (isolated)",f4b44fd59b5b28fa3ad89d53733a3612,2026-09-02T14:01:59+00:00,2026-09-02T15:44:56.681796+00:00,652,Cryptofundtraders1
1036846,33959,"🟢 Long

#QTUM/USDT

Entry : 

1) 0.816600
2) 0.792...2467

🛑 Stop : 0.765154

Leverage : 10x (isolated)",2b63b354c3a4799193a33c843c895988,2026-09-02T14:01:59+00:00,2026-09-02T15:44:56.649550+00:00,652,Cryptofundtraders1
1036842,33956,"🔴 SHORT

#SNX/USDT

Entry : 

1) 0.217700
2) 0.224...2638

🛑 Stop : 0.231415

Leverage : 10x (isolated)",2ed91e7a7c3958642927fefc05f849b3,2026-09-02T14:01:59+00:00,2026-09-02T15:44:56.635094+00:00,652,Cryptofundtraders1
1038756,33971,"🔖 Signal ID: 005
📩 #SEIUSDT 15M | BB Breakout
📈 Lo...icipate swift execution toward the nearest target.",744bb4c0fd6f9866718be698fcdc74e4,2026-09-02T16:31:46+00:00,2026-09-02T18:01:53.845669+00:00,652,Cryptofundtraders1
1038748,33967,"🔖 Signal ID: 001
📩 #AVAXUSDT 15M | EMA Cross
📉 Sho...icipate swift execution toward the nearest target.",f9fc613f750a51f91570aa508885f19a,2026-09-02T16:31:46+00:00,2026-09-02T18:01:53.659811+00:00,652,Cryptofundtraders1
1038744,33970,"🔖 Signal ID: 004
📩 #FETUSDT 15M | MACD Cross
📉 Sho...t objective and extension toward the final target.",5188e417f18f699bf8094611d9acfd9c,2026-09-02T16:31:46+00:00,2026-09-02T18:01:53.638288+00:00,652,Cryptofundtraders1
1038745,33972,"🔖 Signal ID: 006
📩 #JUPUSDT 15M | MACD Cross
📉 Sho...icipate swift execution toward the nearest target.",b33a5c42a0464c49badf4a4295aa3b3c,2026-09-02T16:31:46+00:00,2026-09-02T18:01:53.629355+00:00,652,Cryptofundtraders1
1038741,33969,"🔖 Signal ID: 003
📩 #PEPEUSDT 15M | MACD Cross
📉 Sh...ea; expect a rapid move to secure initial profits.",842740e54f9b4a948969e4658b3fd812,2026-09-02T16:31:46+00:00,2026-09-02T18:01:53.622627+00:00,652,Cryptofundtraders1
1038743,33968,"🔖 Signal ID: 002
📩 #UNIUSDT 15M | MACD Cross
📈 Lon...ea; expect a rapid move to secure initial profits.",7a05754a446b06e760e7d28bc80b995c,2026-09-02T16:31:46+00:00,2026-09-02T18:01:53.620846+00:00,652,Cryptofundtraders1
1042157,34086,"🔖 Signal ID: 010
📩 #ORDIUSDT 15M | EMA Cross
📈 Lon...t objective and extension toward the final target.",91dc4ccd596e28e0eeb045a2d058909d,2026-09-02T19:29:33+00:00,2026-09-02T21:15:30.379956+00:00,652,Cryptofundtraders1
1042153,34085,"🔖 Signal ID: 009
📩 #ONDOUSDT 15M | EMA Cross
📈 Lon...ea; expect a rapid move to secure initial profits.",abd4bec7ccee463e62ea4972fd458292,2026-09-02T19:29:33+00:00,2026-09-02T21:15:30.360158+00:00,652,Cryptofundtraders1
1042148,34087,"🔖 Signal ID: 011
📩 #KASUSDT 15M | BB Breakout
📈 Lo...icipate swift execution toward the nearest target.",21aa778e41b54543f60327795e6739c5,2026-09-02T19:29:33+00:00,2026-09-02T21:15:30.298305+00:00,652,Cryptofundtraders1
1042165,34083,"🔖 Signal ID: 007
📩 #ICPUSDT 15M | MACD Cross
📈 Lon...t objective and extension toward the final target.",3b74e40a5cff0f0fc824e563e767c88e,2026-09-02T19:29:32+00:00,2026-09-02T21:15:30.418164+00:00,652,Cryptofundtraders1
1042164,34084,"🔖 Signal ID: 008
📩 #WLDUSDT 15M | EMA Cross
📈 Long...ea; expect a rapid move to secure initial profits.",09072266f66bda76e5abe8f807478543,2026-09-02T19:29:32+00:00,2026-09-02T21:15:30.411214+00:00,652,Cryptofundtraders1
1042162,34078,"🔖 Signal ID: 002
📩 #LTCUSDT 15M | BB Breakout
📈 Lo...ea; expect a rapid move to secure initial profits.",f853912d7886827adc91b0fde5552c77,2026-09-02T19:29:32+00:00,2026-09-02T21:15:30.389360+00:00,652,Cryptofundtraders1
1042161,34082,"🔖 Signal ID: 006
📩 #GRTUSDT 15M | EMA Cross
📈 Long...icipate swift execution toward the nearest target.",2fb000a5f9b19a2a251516c774913732,2026-09-02T19:29:32+00:00,2026-09-02T21:15:30.388470+00:00,652,Cryptofundtraders1
1042160,34079,"🔖 Signal ID: 003
📩 #NEARUSDT 15M | EMA Cross
📈 Lon...icipate swift execution toward the nearest target.",6b6e342a6d0d45591b6775d32cf05020,2026-09-02T19:29:32+00:00,2026-09-02T21:15:30.382655+00:00,652,Cryptofundtraders1
1042144,34081,"🔖 Signal ID: 005
📩 #SUIUSDT 15M | BB Breakout
📈 Lo...ea; expect a rapid move to secure initial profits.",7faf750a35d8edb4875e96493c6fd8a4,2026-09-02T19:29:32+00:00,2026-09-02T21:15:30.300966+00:00,652,Cryptofundtraders1
1042147,34077,"🔖 Signal ID: 001
📩 #TRXUSDT 15M | MACD Cross
📈 Lon...t objective and extension toward the final target.",a4b861835dd718d35978a0fd2439f90f,2026-09-02T19:29:32+00:00,2026-09-02T21:15:30.300413+00:00,652,Cryptofundtraders1
1042139,34080,"🔖 Signal ID: 004
📩 #APTUSDT 15M | BB Breakout
📈 Lo...icipate swift execution toward the nearest target.",43bcc12d0c0d8dd9f7e2ccba3c89e45c,2026-09-02T19:29:32+00:00,2026-09-02T21:15:30.233846+00:00,652,Cryptofundtraders1
1043608,34113,"🔖 Signal ID: 004
📩 #FETUSDT 15M | BB Breakout
📈 Lo...t objective and extension toward the final target.",48e470939b399062eacc917f9f350300,2026-09-02T21:56:56+00:00,2026-09-02T23:06:05.328261+00:00,652,Cryptofundtraders1
1043606,34112,"🔖 Signal ID: 003
📩 #UNIUSDT 15M | EMA Cross
📈 Long...ea; expect a rapid move to secure initial profits.",66d31615ead2d10d3a5fc07f2e31c665,2026-09-02T21:56:56+00:00,2026-09-02T23:06:05.307974+00:00,652,Cryptofundtraders1
1043605,34114,"🔖 Signal ID: 005
📩 #WLDUSDT 15M | BB Breakout
📈 Lo...ea; expect a rapid move to secure initial profits.",40dbe1150edef6b55f67a250c2565ee8,2026-09-02T21:56:56+00:00,2026-09-02T23:06:05.298503+00:00,652,Cryptofundtraders1
1043604,34111,"🔖 Signal ID: 002
📩 #SHIBUSDT 15M | EMA Cross
📈 Lon...ea; expect a rapid move to secure initial profits.",713d5dd70d42327a6a11c149b21cd936,2026-09-02T21:56:55+00:00,2026-09-02T23:06:05.297237+00:00,652,Cryptofundtraders1
1043603,34110,"🔖 Signal ID: 001
📩 #TRXUSDT 15M | MACD Cross
📈 Lon...icipate swift execution toward the nearest target.",869dba94cd8ecee6b8d84b660508a40d,2026-09-02T21:56:55+00:00,2026-09-02T23:06:05.288345+00:00,652,Cryptofundtraders1
1058101,34212,"💎 #Free Signal

🔴 Short

 #BNB/USDT

Entry : 

1) ...2.265

🛑 Stop  : 756.313

Leverage: 10x (isolated)",324115d1a204b0e93feaf807100f0eec,2026-09-03T12:20:20+00:00,2026-09-03T13:00:06.836531+00:00,652,Cryptofundtraders1
1058080,34189,"🔖 Signal ID: 008
📩 #BONKUSDT 15M | MACD Cross
📈 Lo...icipate swift execution toward the nearest target.",45dc04d5ac786ebb8cbf4c03eba5b2a9,2026-09-03T11:46:07+00:00,2026-09-03T13:00:04.917915+00:00,652,Cryptofundtraders1
1058079,34187,"🔖 Signal ID: 006
📩 #IMXUSDT 15M | MACD Cross
📈 Lon...icipate swift execution toward the nearest target.",e7ed96e2aaa4c91323f5822a3d81ca8b,2026-09-03T11:46:02+00:00,2026-09-03T13:00:04.730653+00:00,652,Cryptofundtraders1
1058078,34188,"🔖 Signal ID: 007
📩 #RENDERUSDT 15M | MACD Cross
📈 ...t objective and extension toward the final target.",4f6e07a997167fc9f5103a9e375adaf7,2026-09-03T11:46:02+00:00,2026-09-03T13:00:04.729776+00:00,652,Cryptofundtraders1
1058077,34186,"🔖 Signal ID: 005
📩 #SEIUSDT 15M | MACD Cross
📈 Lon...t objective and extension toward the final target.",5a4521a84c8386d8338fc517167fc835,2026-09-03T11:46:02+00:00,2026-09-03T13:00:04.571848+00:00,652,Cryptofundtraders1
1058076,34185,"🔖 Signal ID: 004
📩 #PEPEUSDT 15M | MACD Cross
📈 Lo...icipate swift execution toward the nearest target.",93656edc473cd3be2c3411d06cd80be8,2026-09-03T11:46:02+00:00,2026-09-03T13:00:04.568509+00:00,652,Cryptofundtraders1
1058075,34184,"🔖 Signal ID: 003
📩 #INJUSDT 15M | MACD Cross
📈 Lon...t objective and extension toward the final target.",2c06f5bba12b096269ae86774420fc1f,2026-09-03T11:46:02+00:00,2026-09-03T13:00:04.453843+00:00,652,Cryptofundtraders1
1058074,34183,"🔖 Signal ID: 002
📩 #AVAXUSDT 15M | EMA Cross
📈 Lon...icipate swift execution toward the nearest target.",0f5e8c5a3b9e24b44f460308418dbe2a,2026-09-03T11:46:02+00:00,2026-09-03T13:00:04.441153+00:00,652,Cryptofundtraders1
1058072,34182,"🔖 Signal ID: 001
📩 #BTCUSDT 15M | MACD Cross
📈 Lon...t objective and extension toward the final target.",b54b2df88bb2e7f23f33a38d98fcaf9b,2026-09-03T11:46:02+00:00,2026-09-03T13:00:04.294979+00:00,652,Cryptofundtraders1
1058059,34165,"🔖 Signal ID: 003
📩 #ATOMUSDT 15M | BB Breakout
📈 L...ea; expect a rapid move to secure initial profits.",db781a46a633bef11b653cefa201c4f4,2026-09-03T11:46:01+00:00,2026-09-03T13:00:03.351419+00:00,652,Cryptofundtraders1
1058057,34166,"🔖 Signal ID: 004
📩 #OPUSDT 15M | EMA Cross
📈 Long ...t objective and extension toward the final target.",fe043624ab793c5f986448a0e62835d8,2026-09-03T11:46:01+00:00,2026-09-03T13:00:03.130061+00:00,652,Cryptofundtraders1
1058056,34167,"🔖 Signal ID: 005
📩 #JUPUSDT 15M | EMA Cross
📈 Long...ea; expect a rapid move to secure initial profits.",45ea06a130fc3d765a95b92d8c7bb4c0,2026-09-03T11:46:01+00:00,2026-09-03T13:00:03.112346+00:00,652,Cryptofundtraders1
1058055,34164,"🔖 Signal ID: 002
📩 #UNIUSDT 15M | MACD Cross
📈 Lon...t objective and extension toward the final target.",c9047a67bcb975de5677af84f58bb974,2026-09-03T11:46:01+00:00,2026-09-03T13:00:03.017516+00:00,652,Cryptofundtraders1
1058054,34163,"🔖 Signal ID: 001
📩 #POLUSDT 15M | MACD Cross
📉 Sho...t objective and extension toward the final target.",d9a414feda44aefedf8fbb1d7f748ebe,2026-09-03T11:46:01+00:00,2026-09-03T13:00:03.004319+00:00,652,Cryptofundtraders1
1058043,34146,"🔖 Signal ID: 003
📩 #SEIUSDT 15M | MACD Cross
📈 Lon...icipate swift execution toward the nearest target.",5bb8866d5db890e879d453703380aa85,2026-09-03T11:46:00+00:00,2026-09-03T13:00:01.739738+00:00,652,Cryptofundtraders1
1058041,34145,"🔖 Signal ID: 002
📩 #NEARUSDT 15M | MACD Cross
📈 Lo...ea; expect a rapid move to secure initial profits.",d476d904a893b80ff79db426c1a00495,2026-09-03T11:46:00+00:00,2026-09-03T13:00:01.546142+00:00,652,Cryptofundtraders1
1058039,34144,"🔖 Signal ID: 001
📩 #TRXUSDT 15M | MACD Cross
📈 Lon...ea; expect a rapid move to secure initial profits.",21ff0150562dd5cdc8c69c07602b267e,2026-09-03T11:46:00+00:00,2026-09-03T13:00:01.401697+00:00,652,Cryptofundtraders1
1058038,34147,"🔖 Signal ID: 004
📩 #BONKUSDT 15M | EMA Cross
📈 Lon...ea; expect a rapid move to secure initial profits.",fb8773bf96f536b3234c005855e17439,2026-09-03T11:46:00+00:00,2026-09-03T13:00:01.397400+00:00,652,Cryptofundtraders1
1058037,34148,"🔖 Signal ID: 005
📩 #PYTHUSDT 15M | EMA Cross
📈 Lon...icipate swift execution toward the nearest target.",4dac49f8b0f5cbc08ddc3bc010c86220,2026-09-03T11:46:00+00:00,2026-09-03T13:00:01.382479+00:00,652,Cryptofundtraders1
1058019,34128,"🔖 Signal ID: 003
📩 #STRKUSDT 15M | EMA Cross
📉 Sho...ea; expect a rapid move to secure initial profits.",d8664cbd42f5cad5d6aaffc6eebeb978,2026-09-03T11:45:59+00:00,2026-09-03T12:59:59.939557+00:00,652,Cryptofundtraders1
1058018,34127,"🔖 Signal ID: 002
📩 #WIFUSDT 15M | MACD Cross
📈 Lon...icipate swift execution toward the nearest target.",621b934844ab665017a46153ee92a3db,2026-09-03T11:45:59+00:00,2026-09-03T12:59:59.894848+00:00,652,Cryptofundtraders1
1058016,34126,"🔖 Signal ID: 001
📩 #AVAXUSDT 15M | EMA Cross
📉 Sho...ea; expect a rapid move to secure initial profits.",4fcab7391532b678739d8a507994f9c7,2026-09-03T11:45:59+00:00,2026-09-03T12:59:59.890148+00:00,652,Cryptofundtraders1
1058013,34122,"🔴 SHORT

#KAVA/USDT

Entry : 

1) 0.050010
2) 0.05...6550

🛑 Stop : 0.053160

Leverage : 10x (isolated)",955e3e7b5668c188ebde39c8dc92c9ea,2026-09-03T11:44:56+00:00,2026-09-03T12:59:58.077827+00:00,652,Cryptofundtraders1
1058010,34118,"💎 #Free Signal

🔴 Short

 #NEO/USDT

Entry : 

1) ...) 1.905

🛑 Stop  : 2.175

Leverage: 10x (isolated)",251d061cd6f9b65bee40167d840dd762,2026-09-03T11:44:56+00:00,2026-09-03T12:59:58.008330+00:00,652,Cryptofundtraders1
1058012,34116,"💎 #Free Signal

🟢 Long

 #BAT/USDT

Entry : 

1) 0...2096

🛑 Stop  : 0.063228

Leverage: 10x (isolated)",5dbce73ccbd6c16438969becf0051713,2026-09-03T11:44:55+00:00,2026-09-03T12:59:58.059363+00:00,652,Cryptofundtraders1
1058009,34117,"🔴 SHORT

#ADA/USDT

Entry : 

1) 0.20340
2) 0.2095...18932

🛑 Stop : 0.21621

Leverage : 10x (isolated)",d81f055eb2e195d6021d744e5013d97c,2026-09-03T11:44:55+00:00,2026-09-03T12:59:57.945121+00:00,652,Cryptofundtraders1
1063931,34267,"🔖 Signal ID: 004
📩 #GRTUSDT 15M | MACD Cross
📉 Sho...icipate swift execution toward the nearest target.",645d70952e200e24447c2470f110a96f,2026-09-03T18:55:25+00:00,2026-09-03T21:51:50.334727+00:00,652,Cryptofundtraders1
1063925,34264,"🔖 Signal ID: 001
📩 #UNIUSDT 15M | MACD Cross
📈 Lon...t objective and extension toward the final target.",6ef78ab7eea0bc1b6cc71baae08155b5,2026-09-03T18:55:25+00:00,2026-09-03T21:51:50.287933+00:00,652,Cryptofundtraders1
1063909,34266,"🔖 Signal ID: 003
📩 #SUIUSDT 15M | MACD Cross
📉 Sho...icipate swift execution toward the nearest target.",293e66cfb0c6094ac3af606f89231619,2026-09-03T18:55:25+00:00,2026-09-03T21:51:50.209176+00:00,652,Cryptofundtraders1
1063905,34265,"🔖 Signal ID: 002
📩 #NEARUSDT 15M | MACD Cross
📉 Sh...icipate swift execution toward the nearest target.",40f02ac4920a29ef49946139880aeb8e,2026-09-03T18:55:25+00:00,2026-09-03T21:51:50.205806+00:00,652,Cryptofundtraders1
1070736,34277,"🔖 Signal ID: 002
📩 #PYTHUSDT 15M | MACD Cross
📈 Lo...ea; expect a rapid move to secure initial profits.",007874061bb5fd045b6a22e808462bdc,2026-09-03T23:32:07+00:00,2026-09-04T00:09:06.107424+00:00,652,Cryptofundtraders1
1070735,34276,"🔖 Signal ID: 001
📩 #ADAUSDT 15M | EMA Cross
📉 Shor...ea; expect a rapid move to secure initial profits.",9a336a7913f9d2b39afb6425335a334b,2026-09-03T23:32:07+00:00,2026-09-04T00:09:06.103602+00:00,652,Cryptofundtraders1
1070733,34271,"🔖 Signal ID: 001
📩 #APTUSDT 15M | MACD Cross
📉 Sho...t objective and extension toward the final target.",81f9ab0b5cee54ec5cd2e59c7ae6f0e4,2026-09-03T22:14:47+00:00,2026-09-04T00:09:06.097715+00:00,652,Cryptofundtraders1
1073627,34283,"🔖 Signal ID: 003
📩 #IMXUSDT 15M | MACD Cross
📈 Lon...ea; expect a rapid move to secure initial profits.",3f9106ce5d2f1636c052a3b4bf1d86ef,2026-09-04T02:24:14+00:00,2026-09-04T04:49:10.080896+00:00,652,Cryptofundtraders1
1073618,34281,"🔖 Signal ID: 001
📩 #POLUSDT 15M | MACD Cross
📈 Lon...icipate swift execution toward the nearest target.",b36f9ebeab87dd1df8558045b800ae02,2026-09-04T02:24:14+00:00,2026-09-04T04:49:09.601356+00:00,652,Cryptofundtraders1
1073616,34282,"🔖 Signal ID: 002
📩 #ICPUSDT 15M | EMA Cross
📈 Long...ea; expect a rapid move to secure initial profits.",96f06fdf17da9db8f1eca492ef6f7eff,2026-09-04T02:24:14+00:00,2026-09-04T04:49:09.175523+00:00,652,Cryptofundtraders1
1073614,34278,"🟢 Long

#ATOM/USDT

Entry : 

1) 1.497
2) 1.452

T...) 1.599

🛑 Stop : 1.402

Leverage : 10x (isolated)",06e18a4905e7ed2b1020d68f66c519a6,2026-09-04T02:23:56+00:00,2026-09-04T04:49:09.092779+00:00,652,Cryptofundtraders1
1077551,34385,"🔖 Signal ID: 010
📩 #FLOKIUSDT 15M | BB Breakdown
📉...t objective and extension toward the final target.",71a52c6ac768ffce229fc81a4c5a2b64,2026-09-04T06:43:20+00:00,2026-09-04T07:35:40.337281+00:00,652,Cryptofundtraders1
1077545,34384,"🔖 Signal ID: 009
📩 #PEPEUSDT 15M | BB Breakdown
📉 ...t objective and extension toward the final target.",e0b803518b1c26fbf9b5e6a2e5c6b792,2026-09-04T06:43:20+00:00,2026-09-04T07:35:40.300912+00:00,652,Cryptofundtraders1
1077537,34388,"🔖 Signal ID: 013
📩 #RENDERUSDT 15M | BB Breakdown
...t objective and extension toward the final target.",73e8bb91bb2795d5500165107d418c44,2026-09-04T06:43:20+00:00,2026-09-04T07:35:40.157925+00:00,652,Cryptofundtraders1
1077535,34386,"🔖 Signal ID: 011
📩 #WIFUSDT 15M | BB Breakdown
📉 S...t objective and extension toward the final target.",73f00e998ddba9cded4e3832c8bc2d1a,2026-09-04T06:43:20+00:00,2026-09-04T07:35:40.043378+00:00,652,Cryptofundtraders1
1077532,34387,"🔖 Signal ID: 012
📩 #IMXUSDT 15M | BB Breakdown
📉 S...icipate swift execution toward the nearest target.",d2e1c6c4775050727f1365a677a07ae5,2026-09-04T06:43:20+00:00,2026-09-04T07:35:40.026341+00:00,652,Cryptofundtraders1
1077553,34376,"🔖 Signal ID: 001
📩 #BTCUSDT 15M | EMA Cross
📉 Shor...t objective and extension toward the final target.",0a02faf8874a914bf2371c15ff9dc6d7,2026-09-04T06:43:19+00:00,2026-09-04T07:35:40.340710+00:00,652,Cryptofundtraders1
1077552,34381,"🔖 Signal ID: 006
📩 #LTCUSDT 15M | BB Breakdown
📉 S...t objective and extension toward the final target.",4d0b9ea0d66db096e515c7af4bdb77af,2026-09-04T06:43:19+00:00,2026-09-04T07:35:40.337966+00:00,652,Cryptofundtraders1
1077549,34383,"🔖 Signal ID: 008
📩 #GRTUSDT 15M | BB Breakdown
📉 S...ea; expect a rapid move to secure initial profits.",b7e914f8e2b6c6570c5b0d7aaa6fd193,2026-09-04T06:43:19+00:00,2026-09-04T07:35:40.321872+00:00,652,Cryptofundtraders1
1077548,34379,"🔖 Signal ID: 004
📩 #POLUSDT 15M | MACD Cross
📈 Lon...ea; expect a rapid move to secure initial profits.",0c0662da435f8a173fded65c85dff3fd,2026-09-04T06:43:19+00:00,2026-09-04T07:35:40.319564+00:00,652,Cryptofundtraders1
1077547,34380,"🔖 Signal ID: 005
📩 #SHIBUSDT 15M | BB Breakdown
📉 ...ea; expect a rapid move to secure initial profits.",edd3ffe8d1791dde90b6181ecb9b47ef,2026-09-04T06:43:19+00:00,2026-09-04T07:35:40.314125+00:00,652,Cryptofundtraders1
1077542,34378,"🔖 Signal ID: 003
📩 #AVAXUSDT 15M | BB Breakdown
📉 ...icipate swift execution toward the nearest target.",331a8524791abd905f0622eddb2de101,2026-09-04T06:43:19+00:00,2026-09-04T07:35:40.294909+00:00,652,Cryptofundtraders1
1077541,34382,"🔖 Signal ID: 007
📩 #AAVEUSDT 15M | MACD Cross
📉 Sh...ea; expect a rapid move to secure initial profits.",182f575a08d9e6242768af014f6d83ef,2026-09-04T06:43:19+00:00,2026-09-04T07:35:40.291094+00:00,652,Cryptofundtraders1
1077540,34377,"🔖 Signal ID: 002
📩 #DOGEUSDT 15M | MACD Cross
📉 Sh...ea; expect a rapid move to secure initial profits.",1631238ec49b4be3b48fbeae76effc15,2026-09-04T06:43:19+00:00,2026-09-04T07:35:40.270304+00:00,652,Cryptofundtraders1
1077539,34375,"💎 #Free Signal

🟢 Long

 #TRB/USDT

Entry : 

1) 1...18.682

🛑 Stop  : 16.384

Leverage: 10x (isolated)",cd87719ef08f08defdef1220f4682dd2,2026-09-04T06:42:42+00:00,2026-09-04T07:35:40.188398+00:00,652,Cryptofundtraders1
1077544,34373,"🔴 SHORT

#DASH/USDT

Entry : 

1) 52.71
2) 54.29

...) 49.06

🛑 Stop : 56.03

Leverage : 10x (isolated)",6db01488837dbf31c6e8788f744db6db,2026-09-04T05:50:43+00:00,2026-09-04T07:35:40.298644+00:00,652,Cryptofundtraders1
1077543,34370,"💎 #Free Signal

🟢 Long

 #TRX/USDT

Entry : 

1) 0...35180

🛑 Stop  : 0.30853

Leverage: 10x (isolated)",cf1af59347f7577e83b940fb3e3bfe81,2026-09-04T05:50:43+00:00,2026-09-04T07:35:40.295777+00:00,652,Cryptofundtraders1
1080638,34395,"💎 #Free Signal

🔴 Short

 #DASH/USDT

Entry : 

1)...) 47.55

🛑 Stop  : 54.30

Leverage: 10x (isolated)",643f84094fa75bf4076ef7a9b693b789,2026-09-04T09:02:38+00:00,2026-09-04T10:26:17.849269+00:00,652,Cryptofundtraders1
1080635,34394,"💎 #Free Signal

🔴 Short

 #DASH/USDT

Entry : 

1)...) 47.55

🛑 Stop  : 54.30

Leverage: 10x (isolated)",643f84094fa75bf4076ef7a9b693b789,2026-09-04T08:50:15+00:00,2026-09-04T10:26:17.828726+00:00,652,Cryptofundtraders1
1080637,34393,"🟢 Long

#TRX/USDT

Entry : 

1) 0.32797
2) 0.31813...35040

🛑 Stop : 0.30730

Leverage : 10x (isolated)",bcb7cb1a86afc9073b82586b2740c82f,2026-09-04T07:41:47+00:00,2026-09-04T10:26:17.848329+00:00,652,Cryptofundtraders1
1080634,34392,"💎 #Free Signal

🟢 Long

 #TRB/USDT

Entry : 

1) 1...18.682

🛑 Stop  : 16.384

Leverage: 10x (isolated)",cd87719ef08f08defdef1220f4682dd2,2026-09-04T07:41:21+00:00,2026-09-04T10:26:17.827982+00:00,652,Cryptofundtraders1
1083541,34407,"🔖 Signal ID: 002
📩 #PEPEUSDT 15M | BB Breakout
📈 L...icipate swift execution toward the nearest target.",6b21e0650da33a9478c15ecc574c3e73,2026-09-04T11:53:10+00:00,2026-09-04T12:31:14.409844+00:00,652,Cryptofundtraders1
1083531,34408,"🔖 Signal ID: 003
📩 #ICPUSDT 15M | MACD Cross
📈 Lon...t objective and extension toward the final target.",59d2d8149d43c89225374f85d28e56b2,2026-09-04T11:53:10+00:00,2026-09-04T12:31:14.199940+00:00,652,Cryptofundtraders1
1083522,34406,"🔖 Signal ID: 001
📩 #ADAUSDT 15M | MACD Cross
📈 Lon...icipate swift execution toward the nearest target.",43dea30cfe337e10724618894079af5e,2026-09-04T11:53:10+00:00,2026-09-04T12:31:13.925081+00:00,652,Cryptofundtraders1
1083508,34405,"🔴 SHORT

#XTZ/USDT

Entry : 

1) 0.237000
2) 0.244...0603

🛑 Stop : 0.251931

Leverage : 10x (isolated)",419c037c55848fbfccbae67d5d27a127,2026-09-04T11:02:18+00:00,2026-09-04T12:31:13.358722+00:00,652,Cryptofundtraders1
1085832,34473,"💎 #Free Signal

🔴 Short

 #ZEC/USDT

Entry : 

1) ...913.24

🛑 Stop  : 1042.9

Leverage: 10x (isolated)",0245c27b395574feb212f5be2b59a20a,2026-09-04T12:42:14+00:00,2026-09-04T14:21:22.021114+00:00,652,Cryptofundtraders1
1090933,34480,"🔖 Signal ID: 001
📩 #JUPUSDT 15M | BB Breakout
📈 Lo...icipate swift execution toward the nearest target.",2b14c978257d255afc5a52834b497fd8,2026-09-04T18:41:48+00:00,2026-09-04T18:42:34.624553+00:00,652,Cryptofundtraders1
1093176,34669,"🔖 Signal ID: 001
📩 #JUPUSDT 15M | BB Breakout
📈 Lo...icipate swift execution toward the nearest target.",2b14c978257d255afc5a52834b497fd8,2026-09-04T19:27:55+00:00,2026-09-04T20:51:58.797419+00:00,652,Cryptofundtraders1
1094339,34671,"🔖 Signal ID: 001
📩 #JUPUSDT 15M | MACD Cross
📉 Sho...t objective and extension toward the final target.",2c081cec8c538effc0c5cee8011a38d6,2026-09-04T20:59:55+00:00,2026-09-04T22:41:26.606320+00:00,652,Cryptofundtraders1
1095291,34690,"🔖 Signal ID: 001
📩 #POLUSDT 15M | EMA Cross
📈 Long...t objective and extension toward the final target.",9506de3395e5aa2234bfee1e03c95575,2026-09-05T00:55:30+00:00,2026-09-05T00:56:37.730983+00:00,652,Cryptofundtraders1
1095290,34689,"🔖 Signal ID: 004
📩 #ORDIUSDT 15M | MACD Cross
📈 Lo...icipate swift execution toward the nearest target.",94f155ecab7b9e0dc67ff9738b2ddd6f,2026-09-05T00:55:30+00:00,2026-09-05T00:56:37.726592+00:00,652,Cryptofundtraders1
1095289,34688,"🔖 Signal ID: 003
📩 #STRKUSDT 15M | MACD Cross
📉 Sh...icipate swift execution toward the nearest target.",20921b179de3fc8a27fde1655c8bc509,2026-09-05T00:55:30+00:00,2026-09-05T00:56:37.724663+00:00,652,Cryptofundtraders1
1096138,34693,"🟢 Long

#BCH/USDT

Entry : 

1) 245.79
2) 238.41

...262.60

🛑 Stop : 230.30

Leverage : 10x (isolated)",1a46fc6f81e52773a2184419f5ce4caf,2026-09-05T01:19:58+00:00,2026-09-05T02:42:23.495889+00:00,652,Cryptofundtraders1
1096140,34692,"🔖 Signal ID: 003
📩 #ICPUSDT 15M | EMA Cross
📈 Long...t objective and extension toward the final target.",56925e84b890c661c44852047a8a6783,2026-09-05T01:16:56+00:00,2026-09-05T02:42:23.502860+00:00,652,Cryptofundtraders1
1096136,34691,"🔖 Signal ID: 002
📩 #SEIUSDT 15M | EMA Cross
📈 Long...t objective and extension toward the final target.",e2bfc3a29940b7e43df257832936f15a,2026-09-05T01:16:56+00:00,2026-09-05T02:42:23.435960+00:00,652,Cryptofundtraders1
1097332,34714,"🔖 Signal ID: 003
📩 #RENDERUSDT 15M | MACD Cross
📈 ...icipate swift execution toward the nearest target.",428044e9689f1e9157d44c3a1b0d0529,2026-09-05T05:34:09+00:00,2026-09-05T05:53:12.789365+00:00,652,Cryptofundtraders1
1097334,34712,"🔖 Signal ID: 001
📩 #LINKUSDT 15M | EMA Cross
📉 Sho...icipate swift execution toward the nearest target.",32efeea4486f1de97df2af015355b46e,2026-09-05T05:33:45+00:00,2026-09-05T05:53:12.796135+00:00,652,Cryptofundtraders1
1097324,34713,"🔖 Signal ID: 002
📩 #IMXUSDT 15M | MACD Cross
📈 Lon...icipate swift execution toward the nearest target.",9a2c867c46dbfb6d6e0cb4b0e4bbd995,2026-09-05T05:33:45+00:00,2026-09-05T05:53:12.697737+00:00,652,Cryptofundtraders1
1097333,34708,"🔴 SHORT

#ALGO/USDT

Entry : 

1) 0.092550
2) 0.09...6146

🛑 Stop : 0.098380

Leverage : 10x (isolated)",b6c1fd4b706f018f59fb97d0516c8672,2026-09-05T04:35:41+00:00,2026-09-05T05:53:12.792759+00:00,652,Cryptofundtraders1
1108032,34726,"🔖 Signal ID: 004
📩 #PYTHUSDT 15M | BB Breakout
📈 L...ea; expect a rapid move to secure initial profits.",8c02d1c9f007d272c13a8813a8f49498,2026-09-05T09:28:26+00:00,2026-09-05T11:49:48.123837+00:00,652,Cryptofundtraders1
1108031,34727,"🔖 Signal ID: 005
📩 #ENAUSDT 15M | EMA Cross
📉 Shor...t objective and extension toward the final target.",4124e3763b0452e7a6fca24d4965bd67,2026-09-05T09:28:26+00:00,2026-09-05T11:49:48.119882+00:00,652,Cryptofundtraders1
1108030,34724,"🔖 Signal ID: 002
📩 #SHIBUSDT 15M | MACD Cross
📉 Sh...t objective and extension toward the final target.",5b1f3b27279760af3b41308fd6188375,2026-09-05T09:28:26+00:00,2026-09-05T11:49:48.092020+00:00,652,Cryptofundtraders1
1108028,34723,"🔖 Signal ID: 001
📩 #LINKUSDT 15M | BB Breakout
📈 L...icipate swift execution toward the nearest target.",a614e35102e04624caac3743c7812963,2026-09-05T09:28:26+00:00,2026-09-05T11:49:48.076946+00:00,652,Cryptofundtraders1
1108027,34725,"🔖 Signal ID: 003
📩 #UNIUSDT 15M | EMA Cross
📈 Long...t objective and extension toward the final target.",fd024b7e1e4d5cb21a582283f28902e5,2026-09-05T09:28:26+00:00,2026-09-05T11:49:48.073741+00:00,652,Cryptofundtraders1
1109853,34738,"🔖 Signal ID: 003
📩 #LTCUSDT 15M | MACD Cross
📈 Lon...ea; expect a rapid move to secure initial profits.",c38530fb66485753d4e10005c0f6ed6c,2026-09-05T13:04:33+00:00,2026-09-05T13:43:13.542455+00:00,652,Cryptofundtraders1
1109852,34739,"🔖 Signal ID: 004
📩 #ATOMUSDT 15M | EMA Cross
📈 Lon...ea; expect a rapid move to secure initial profits.",3caaceb110c6034230ec561337d402f8,2026-09-05T13:04:33+00:00,2026-09-05T13:43:13.538554+00:00,652,Cryptofundtraders1
1109851,34742,"🔖 Signal ID: 007
📩 #ICPUSDT 15M | EMA Cross
📈 Long...t objective and extension toward the final target.",9111c2f846a64dedcfc6bdbc8479e39c,2026-09-05T13:04:33+00:00,2026-09-05T13:43:13.534031+00:00,652,Cryptofundtraders1
1109850,34744,"🔖 Signal ID: 009
📩 #KASUSDT 15M | MACD Cross
📈 Lon...ea; expect a rapid move to secure initial profits.",31eefac488edda23426c2b6c4e3cc3d8,2026-09-05T13:04:33+00:00,2026-09-05T13:43:13.532193+00:00,652,Cryptofundtraders1
1109848,34737,"🔖 Signal ID: 002
📩 #POLUSDT 15M | BB Breakout
📈 Lo...ea; expect a rapid move to secure initial profits.",7f25ce0bf6fac4d744d7fa4d022f745f,2026-09-05T13:04:33+00:00,2026-09-05T13:43:13.527580+00:00,652,Cryptofundtraders1
1109849,34741,"🔖 Signal ID: 006
📩 #FLOKIUSDT 15M | MACD Cross
📈 L...icipate swift execution toward the nearest target.",b0c8df958f041215f393fa38019ebf18,2026-09-05T13:04:33+00:00,2026-09-05T13:43:13.525179+00:00,652,Cryptofundtraders1
1109845,34740,"🔖 Signal ID: 005
📩 #APTUSDT 15M | MACD Cross
📈 Lon...t objective and extension toward the final target.",fc1fbc2dd9c5464a0e77618888a1e9bd,2026-09-05T13:04:33+00:00,2026-09-05T13:43:13.518213+00:00,652,Cryptofundtraders1
1109844,34736,"🔖 Signal ID: 001
📩 #LINKUSDT 15M | MACD Cross
📈 Lo...t objective and extension toward the final target.",8fa0db002a35b5d8c80aba6b2eec3179,2026-09-05T13:04:33+00:00,2026-09-05T13:43:13.517350+00:00,652,Cryptofundtraders1
1109843,34743,"🔖 Signal ID: 008
📩 #STRKUSDT 15M | EMA Cross
📉 Sho...t objective and extension toward the final target.",a5278430095c183fa3c5a330bfd5d938,2026-09-05T13:04:33+00:00,2026-09-05T13:43:13.516070+00:00,652,Cryptofundtraders1
1109855,34734,"💎 #Free Signal

🔴 Short

 #DOGE/USDT

Entry : 

1)...1083

🛑 Stop  : 0.092597

Leverage: 10x (isolated)",574f035db7261ad5a918932d2c81b37e,2026-09-05T12:50:56+00:00,2026-09-05T13:43:13.555022+00:00,652,Cryptofundtraders1
1109840,34729,"🔴 SHORT

#ALGO/USDT

Entry : 

1) 0.096650
2) 0.09...9963

🛑 Stop : 0.102738

Leverage : 10x (isolated)",e3fdbcb1e3a0f2583a5525689cc3931e,2026-09-05T12:37:34+00:00,2026-09-05T13:43:13.316408+00:00,652,Cryptofundtraders1
1115698,34825,"🔖 Signal ID: 003
📩 #LTCUSDT 15M | MACD Cross
📉 Sho...t objective and extension toward the final target.",7497dd3bf5c6550e037409c9b08f81f0,2026-09-05T16:03:16+00:00,2026-09-05T17:21:09.091444+00:00,652,Cryptofundtraders1
1115690,34826,"🔖 Signal ID: 004
📩 #ORDIUSDT 15M | BB Breakout
📈 L...ea; expect a rapid move to secure initial profits.",3fe183326f9671da06c819efc8256d2a,2026-09-05T16:03:16+00:00,2026-09-05T17:21:08.839051+00:00,652,Cryptofundtraders1
1115686,34824,"🔖 Signal ID: 002
📩 #DOGEUSDT 15M | MACD Cross
📉 Sh...ea; expect a rapid move to secure initial profits.",ff585f932bca8dd64cec0af0acb88f2a,2026-09-05T16:03:16+00:00,2026-09-05T17:21:08.823477+00:00,652,Cryptofundtraders1
1115677,34823,"🔖 Signal ID: 001
📩 #BTCUSDT 15M | BB Breakout
📈 Lo...t objective and extension toward the final target.",16fc4fab0bef9368ac5ea97cd399fde3,2026-09-05T15:59:38+00:00,2026-09-05T17:21:08.756146+00:00,652,Cryptofundtraders1
1121180,34861,"💎 #Free Signal

🟢 Long

 #RLC/USDT

Entry : 

1) 0...0.3382

🛑 Stop  : 0.2966

Leverage: 10x (isolated)",a41e25e05d24178e33ba21c9e229c643,2026-09-05T20:22:32+00:00,2026-09-05T21:31:31.973948+00:00,652,Cryptofundtraders1
1121161,34834,"🔖 Signal ID: 003
📩 #STRKUSDT 15M | EMA Cross
📉 Sho...icipate swift execution toward the nearest target.",67d384251ceb6bd21e4185e3bc6112cf,2026-09-05T20:21:51+00:00,2026-09-05T21:31:31.708339+00:00,652,Cryptofundtraders1
1121156,34833,"🔖 Signal ID: 002
📩 #APTUSDT 15M | EMA Cross
📈 Long...icipate swift execution toward the nearest target.",4f2448e5ebd42a009083dcb17c6ebd1b,2026-09-05T20:21:51+00:00,2026-09-05T21:31:31.357506+00:00,652,Cryptofundtraders1
1121153,34832,"🔖 Signal ID: 001
📩 #TRXUSDT 15M | MACD Cross
📉 Sho...t objective and extension toward the final target.",70747cb7c2fdd9ae182ab3673b8bca28,2026-09-05T20:21:51+00:00,2026-09-05T21:31:31.327667+00:00,652,Cryptofundtraders1
1124465,34930,"🔖 Signal ID: 003
📩 #INJUSDT 15M | MACD Cross
📈 Lon...ea; expect a rapid move to secure initial profits.",dcc5c92979e0c4acb680778d511f2dce,2026-09-06T01:14:02+00:00,2026-09-06T02:00:21.252173+00:00,652,Cryptofundtraders1
1124463,34929,"🔖 Signal ID: 002
📩 #OPUSDT 15M | MACD Cross
📉 Shor...icipate swift execution toward the nearest target.",820835786106a1368fa32f211a2946b8,2026-09-06T01:14:02+00:00,2026-09-06T02:00:21.222167+00:00,652,Cryptofundtraders1
1124461,34928,"🔖 Signal ID: 001
📩 #APTUSDT 15M | MACD Cross
📉 Sho...icipate swift execution toward the nearest target.",c3581e69e281b7d729bee67e0162be15,2026-09-06T01:14:02+00:00,2026-09-06T02:00:21.215553+00:00,652,Cryptofundtraders1
1124455,34931,"🔖 Signal ID: 004
📩 #JUPUSDT 15M | MACD Cross
📉 Sho...icipate swift execution toward the nearest target.",cf535b4959004c47c4e7000a42a148cc,2026-09-06T01:14:02+00:00,2026-09-06T02:00:21.057840+00:00,652,Cryptofundtraders1
1124451,34932,"🔖 Signal ID: 005
📩 #PYTHUSDT 15M | MACD Cross
📈 Lo...icipate swift execution toward the nearest target.",2cc38bb46ef74d7810e3b1910aa706c6,2026-09-06T01:14:02+00:00,2026-09-06T02:00:20.994750+00:00,652,Cryptofundtraders1
1124450,34925,"🔖 Signal ID: 005
📩 #WLDUSDT 15M | EMA Cross
📈 Long...icipate swift execution toward the nearest target.",e48f7834742e5c6eba26496741628679,2026-09-06T01:14:02+00:00,2026-09-06T02:00:20.981313+00:00,652,Cryptofundtraders1
1124448,34923,"🔖 Signal ID: 003
📩 #XLMUSDT 15M | MACD Cross
📈 Lon...icipate swift execution toward the nearest target.",044489ac5a8aef3ffdb03c39146b0c31,2026-09-06T01:14:02+00:00,2026-09-06T02:00:20.954721+00:00,652,Cryptofundtraders1
1124446,34921,"🔖 Signal ID: 001
📩 #BTCUSDT 15M | EMA Cross
📈 Long...ea; expect a rapid move to secure initial profits.",c3c158b55e4056233c3754d02e2345c4,2026-09-06T01:14:02+00:00,2026-09-06T02:00:20.940101+00:00,652,Cryptofundtraders1
1124444,34924,"🔖 Signal ID: 004
📩 #FETUSDT 15M | EMA Cross
📈 Long...t objective and extension toward the final target.",c476f27c3cdcc9a3586349278cf4a3c7,2026-09-06T01:14:02+00:00,2026-09-06T02:00:20.907948+00:00,652,Cryptofundtraders1
1124436,34922,"🔖 Signal ID: 002
📩 #TRXUSDT 15M | MACD Cross
📉 Sho...icipate swift execution toward the nearest target.",8318042c91b58275f268ce2e1a9a1d6a,2026-09-06T01:14:02+00:00,2026-09-06T02:00:20.819889+00:00,652,Cryptofundtraders1
1124457,34910,"🔖 Signal ID: 001
📩 #ATOMUSDT 15M | EMA Cross
📈 Lon...t objective and extension toward the final target.",a016c283a987ede96a8549650af96c4b,2026-09-06T01:14:01+00:00,2026-09-06T02:00:21.147679+00:00,652,Cryptofundtraders1
1124441,34912,"🔖 Signal ID: 003
📩 #ORDIUSDT 15M | MACD Cross
📈 Lo...ea; expect a rapid move to secure initial profits.",aa5855819de8b5638b086b663e64b328,2026-09-06T01:14:01+00:00,2026-09-06T02:00:20.830429+00:00,652,Cryptofundtraders1
1124435,34911,"🔖 Signal ID: 002
📩 #FLOKIUSDT 15M | EMA Cross
📉 Sh...ea; expect a rapid move to secure initial profits.",bd2f5f1974dd28517dd73894f983224e,2026-09-06T01:14:01+00:00,2026-09-06T02:00:20.798127+00:00,652,Cryptofundtraders1
1124415,34862,"🟢 Long

#DASH/USDT

Entry : 

1) 65.36
2) 63.39

T...) 69.83

🛑 Stop : 61.24

Leverage : 10x (isolated)",6da6fe35331c393099feed139b19eeda,2026-09-06T01:12:13+00:00,2026-09-06T02:00:20.029944+00:00,652,Cryptofundtraders1
1130371,34971,"🟢 Long

#TRX/USDT

Entry : 

1) 0.33285
2) 0.32286...35562

🛑 Stop : 0.31188

Leverage : 10x (isolated)",215299bfb25be439ec0a7e0616473d56,2026-09-06T07:49:03+00:00,2026-09-06T08:30:42.712081+00:00,652,Cryptofundtraders1
1130364,34972,"🔴 SHORT

#ZEC/USDT

Entry : 

1) 1071.19
2) 1103.3...7.079

🛑 Stop : 1138.67

Leverage : 10x (isolated)",acbcbf7023b9a985dd703659270bde70,2026-09-06T07:49:03+00:00,2026-09-06T08:30:42.659740+00:00,652,Cryptofundtraders1
1130376,34960,"🔖 Signal ID: 011
📩 #WIFUSDT 15M | EMA Cross
📈 Long...t objective and extension toward the final target.",ac476783b360545a4d9327467fad4106,2026-09-06T07:48:49+00:00,2026-09-06T08:30:42.746113+00:00,652,Cryptofundtraders1
1130375,34957,"🔖 Signal ID: 008
📩 #GRTUSDT 15M | MACD Cross
📉 Sho...icipate swift execution toward the nearest target.",4f2093390d1b10e052f545968c8a6eb5,2026-09-06T07:48:49+00:00,2026-09-06T08:30:42.733200+00:00,652,Cryptofundtraders1
1130365,34956,"🔖 Signal ID: 007
📩 #INJUSDT 15M | MACD Cross
📉 Sho...icipate swift execution toward the nearest target.",f0a79db7ebeb431af367fa496b404e3d,2026-09-06T07:48:49+00:00,2026-09-06T08:30:42.665231+00:00,652,Cryptofundtraders1
1130366,34959,"🔖 Signal ID: 010
📩 #FETUSDT 15M | EMA Cross
📉 Shor...t objective and extension toward the final target.",c0d9b71fc0c3840efeaa12f417b0d4eb,2026-09-06T07:48:49+00:00,2026-09-06T08:30:42.664273+00:00,652,Cryptofundtraders1
1130363,34961,"🔖 Signal ID: 012
📩 #WLDUSDT 15M | EMA Cross
📉 Shor...icipate swift execution toward the nearest target.",9be3f8f1ef9db4aea9b43b4925704f11,2026-09-06T07:48:49+00:00,2026-09-06T08:30:42.655366+00:00,652,Cryptofundtraders1
1130362,34952,"🔖 Signal ID: 003
📩 #ATOMUSDT 15M | MACD Cross
📉 Sh...icipate swift execution toward the nearest target.",91bb65f30f6f1732636fc9cabf6e0f88,2026-09-06T07:48:49+00:00,2026-09-06T08:30:42.636104+00:00,652,Cryptofundtraders1
1130359,34951,"🔖 Signal ID: 002
📩 #AVAXUSDT 15M | MACD Cross
📉 Sh...t objective and extension toward the final target.",36e94106045019f3536fdde204cbd954,2026-09-06T07:48:49+00:00,2026-09-06T08:30:42.610205+00:00,652,Cryptofundtraders1
1130354,34955,"🔖 Signal ID: 006
📩 #SUIUSDT 15M | EMA Cross
📉 Shor...t objective and extension toward the final target.",b395b7154b5d17f928b7e21f3f8dc40e,2026-09-06T07:48:49+00:00,2026-09-06T08:30:42.597053+00:00,652,Cryptofundtraders1
1130356,34958,"🔖 Signal ID: 009
📩 #PEPEUSDT 15M | MACD Cross
📉 Sh...ea; expect a rapid move to secure initial profits.",bf23b2b8af5cf8b4ae97d7092e9b2d95,2026-09-06T07:48:49+00:00,2026-09-06T08:30:42.593982+00:00,652,Cryptofundtraders1
1130352,34953,"🔖 Signal ID: 004
📩 #NEARUSDT 15M | MACD Cross
📉 Sh...icipate swift execution toward the nearest target.",cdab7104d97d78ea15ae715306794cb5,2026-09-06T07:48:49+00:00,2026-09-06T08:30:42.578101+00:00,652,Cryptofundtraders1
1130350,34950,"🔖 Signal ID: 001
📩 #ADAUSDT 15M | MACD Cross
📉 Sho...icipate swift execution toward the nearest target.",9fc1dc7558337d6b6a9e69d20e3d1b57,2026-09-06T07:48:49+00:00,2026-09-06T08:30:42.506030+00:00,652,Cryptofundtraders1
1130348,34954,"🔖 Signal ID: 005
📩 #APTUSDT 15M | EMA Cross
📉 Shor...ea; expect a rapid move to secure initial profits.",e76e22c5c59218f66608d05e601c13e6,2026-09-06T07:48:49+00:00,2026-09-06T08:30:42.470792+00:00,652,Cryptofundtraders1
1133951,34981,"💎 #Free Signal

🔴 Short

 #ZEC/USDT

Entry : 

1) ...02.40

🛑 Stop  : 1258.95

Leverage: 10x (isolated)",de69caf324d274f3429211811dfef9ce,2026-09-06T10:47:20+00:00,2026-09-06T10:50:31.237318+00:00,652,Cryptofundtraders1
1133950,34978,"💎 #Free Signal

🟢 Long

 #LTC/USDT

Entry : 

1) 5...) 57.50

🛑 Stop  : 50.42

Leverage: 10x (isolated)",0b49aec8ddf86aa509a6a6168dca81d6,2026-09-06T09:29:35+00:00,2026-09-06T10:50:31.235588+00:00,652,Cryptofundtraders1
1133953,34976,"🔖 Signal ID: 003
📩 #ICPUSDT 15M | EMA Cross
📈 Long...icipate swift execution toward the nearest target.",d6dca3810dfc2e0e2012b3d6b6c020c7,2026-09-06T09:29:27+00:00,2026-09-06T10:50:31.246984+00:00,652,Cryptofundtraders1
1133949,34977,"🔖 Signal ID: 004
📩 #WLDUSDT 15M | EMA Cross
📉 Shor...ea; expect a rapid move to secure initial profits.",b07c71ec50ea1a32eefd569669177ddd,2026-09-06T09:29:27+00:00,2026-09-06T10:50:31.198955+00:00,652,Cryptofundtraders1
1133948,34974,"🔖 Signal ID: 001
📩 #LINKUSDT 15M | EMA Cross
📉 Sho...ea; expect a rapid move to secure initial profits.",63cc740a1b07f1a514c7f89e291b5dde,2026-09-06T09:29:27+00:00,2026-09-06T10:50:31.189519+00:00,652,Cryptofundtraders1
1133947,34975,"🔖 Signal ID: 002
📩 #FLOKIUSDT 15M | MACD Cross
📈 L...t objective and extension toward the final target.",e21068169376c80408b4f324a6d53420,2026-09-06T09:29:27+00:00,2026-09-06T10:50:31.187334+00:00,652,Cryptofundtraders1
1138640,34986,"🔖 Signal ID: 003
📩 #FETUSDT 15M | MACD Cross
📉 Sho...ea; expect a rapid move to secure initial profits.",df91f49943f53118aba5e8b11f342cd9,2026-09-06T13:02:34+00:00,2026-09-06T14:10:05.947110+00:00,652,Cryptofundtraders1
1138639,34988,"🔖 Signal ID: 005
📩 #STRKUSDT 15M | MACD Cross
📉 Sh...t objective and extension toward the final target.",66113534fd374339c74119231335d986,2026-09-06T13:02:34+00:00,2026-09-06T14:10:05.942205+00:00,652,Cryptofundtraders1
1138637,34985,"🔖 Signal ID: 002
📩 #SUIUSDT 15M | MACD Cross
📉 Sho...ea; expect a rapid move to secure initial profits.",35d749b7fc55722e7801a3918730d102,2026-09-06T13:02:34+00:00,2026-09-06T14:10:05.931942+00:00,652,Cryptofundtraders1
1138634,34991,"🔴 SHORT

#DOT/USDT

Entry : 

1) 0.974500
2) 1.003...7079

🛑 Stop : 1.035893

Leverage : 10x (isolated)",ce6388d965485951349c7c8b741f8821,2026-09-06T13:02:34+00:00,2026-09-06T14:10:05.910116+00:00,652,Cryptofundtraders1
1138633,34990,"🔖 Signal ID: 006
📩 #BONKUSDT 15M | EMA Cross
📉 Sho...icipate swift execution toward the nearest target.",04004c3a2560a3ea4c118e4ebdd3db29,2026-09-06T13:02:34+00:00,2026-09-06T14:10:05.906965+00:00,652,Cryptofundtraders1
1138631,34987,"🔖 Signal ID: 004
📩 #JUPUSDT 15M | MACD Cross
📉 Sho...icipate swift execution toward the nearest target.",46e5e5132c4149791418f5c8fcd5c583,2026-09-06T13:02:34+00:00,2026-09-06T14:10:05.902250+00:00,652,Cryptofundtraders1
1138630,34984,"🔖 Signal ID: 001
📩 #XLMUSDT 15M | MACD Cross
📉 Sho...t objective and extension toward the final target.",2424a4d0effdfb2d0de67d86ecd1695a,2026-09-06T13:02:34+00:00,2026-09-06T14:10:05.877826+00:00,652,Cryptofundtraders1
1142509,35091,"🔖 Signal ID: 001
📩 #ATOMUSDT 15M | MACD Cross
📈 Lo...ea; expect a rapid move to secure initial profits.",bea40f6b163aba63d01c8931435e732e,2026-09-06T16:08:57+00:00,2026-09-06T16:58:03.627034+00:00,652,Cryptofundtraders1
1142508,35093,"🔖 Signal ID: 003
📩 #ICPUSDT 15M | EMA Cross
📉 Shor...ea; expect a rapid move to secure initial profits.",660287101892e10627fb8d44be8aee93,2026-09-06T16:08:57+00:00,2026-09-06T16:58:03.626087+00:00,652,Cryptofundtraders1
1142506,35092,"🔖 Signal ID: 002
📩 #OPUSDT 15M | MACD Cross
📈 Long...icipate swift execution toward the nearest target.",4a5d7b5d45d7b76b738de6e993b68a5d,2026-09-06T16:08:57+00:00,2026-09-06T16:58:03.593744+00:00,652,Cryptofundtraders1
1142459,35014,"💎 #Free Signal

🔴 Short

 #KAVA/USDT

Entry : 

1)...9044

🛑 Stop  : 0.056009

Leverage: 10x (isolated)",9da5992b65e39a6394f8b36c4d638cb7,2026-09-06T15:33:42+00:00,2026-09-06T16:58:02.131408+00:00,652,Cryptofundtraders1
1145651,35100,"🔖 Signal ID: 004
📩 #PYTHUSDT 15M | MACD Cross
📈 Lo...icipate swift execution toward the nearest target.",0ceeb8a9fb795785fee379eb5507241e,2026-09-06T18:22:24+00:00,2026-09-06T19:33:54.140756+00:00,652,Cryptofundtraders1
1145650,35098,"🔖 Signal ID: 002
📩 #SHIBUSDT 15M | EMA Cross
📈 Lon...icipate swift execution toward the nearest target.",a21b51eced135993dbacd5716c692da9,2026-09-06T18:22:24+00:00,2026-09-06T19:33:54.137542+00:00,652,Cryptofundtraders1
1145649,35099,"🔖 Signal ID: 003
📩 #GRTUSDT 15M | MACD Cross
📈 Lon...t objective and extension toward the final target.",9ed363f79105093b918e48ad09cd0898,2026-09-06T18:22:24+00:00,2026-09-06T19:33:54.131206+00:00,652,Cryptofundtraders1
1145647,35097,"🔖 Signal ID: 001
📩 #BTCUSDT 15M | EMA Cross
📈 Long...ea; expect a rapid move to secure initial profits.",5ec0d65eb1a821037976201a6ff61256,2026-09-06T18:22:24+00:00,2026-09-06T19:33:54.038190+00:00,652,Cryptofundtraders1
1147444,35121,"💎 #Free Signal

🟢 Long

 #XMR/USDT

Entry : 

1) 5...570.13

🛑 Stop  : 500.01

Leverage: 10x (isolated)",b78ff2483ceb4b43893746155470a323,2026-09-06T21:18:26+00:00,2026-09-06T22:18:51.416314+00:00,652,Cryptofundtraders1
1147448,35103,"🔖 Signal ID: 002
📩 #LINKUSDT 15M | BB Breakout
📈 L...ea; expect a rapid move to secure initial profits.",c9aa910df8e076d83b2355e137636617,2026-09-06T21:18:15+00:00,2026-09-06T22:18:51.553168+00:00,652,Cryptofundtraders1
1147446,35109,"🔖 Signal ID: 008
📩 #STRKUSDT 15M | BB Breakout
📈 L...ea; expect a rapid move to secure initial profits.",69b7ebfe10cc82135879eaa2094a72b7,2026-09-06T21:18:15+00:00,2026-09-06T22:18:51.431916+00:00,652,Cryptofundtraders1
1147434,35110,"🔖 Signal ID: 009
📩 #KASUSDT 15M | BB Breakout
📈 Lo...ea; expect a rapid move to secure initial profits.",122613f1783b1c751f969c7e6e8533a9,2026-09-06T21:18:15+00:00,2026-09-06T22:18:51.351176+00:00,652,Cryptofundtraders1
1147433,35107,"🔖 Signal ID: 006
📩 #WIFUSDT 15M | BB Breakout
📈 Lo...ea; expect a rapid move to secure initial profits.",879aa9afbc37a4387cac4f21452392f8,2026-09-06T21:18:15+00:00,2026-09-06T22:18:51.345604+00:00,652,Cryptofundtraders1
1147435,35102,"🔖 Signal ID: 001
📩 #TRXUSDT 15M | EMA Cross
📈 Long...ea; expect a rapid move to secure initial profits.",e7def8a0fc0aa583def9f1a5c4b00e35,2026-09-06T21:18:15+00:00,2026-09-06T22:18:51.336324+00:00,652,Cryptofundtraders1
1147430,35104,"🔖 Signal ID: 003
📩 #POLUSDT 15M | BB Breakout
📈 Lo...t objective and extension toward the final target.",300912b34309b7cfb0353818f78e9b01,2026-09-06T21:18:15+00:00,2026-09-06T22:18:51.273033+00:00,652,Cryptofundtraders1
1147429,35106,"🔖 Signal ID: 005
📩 #PEPEUSDT 15M | BB Breakout
📈 L...ea; expect a rapid move to secure initial profits.",c54ba00f1683213820734b20ba58c964,2026-09-06T21:18:15+00:00,2026-09-06T22:18:51.269627+00:00,652,Cryptofundtraders1
1147427,35105,"🔖 Signal ID: 004
📩 #ATOMUSDT 15M | EMA Cross
📈 Lon...ea; expect a rapid move to secure initial profits.",e2d5e48901abcbea33b8160f1bd3e67a,2026-09-06T21:18:15+00:00,2026-09-06T22:18:51.194687+00:00,652,Cryptofundtraders1
1147426,35108,"🔖 Signal ID: 007
📩 #ICPUSDT 15M | MACD Cross
📈 Lon...t objective and extension toward the final target.",52ec0d3111c00f3aaabf6c4cb6a2f46c,2026-09-06T21:18:15+00:00,2026-09-06T22:18:51.181343+00:00,652,Cryptofundtraders1
1149890,35139,"🔖 Signal ID: 001
📩 #WIFUSDT 15M | BB Breakout
📈 Lo...icipate swift execution toward the nearest target.",ee7ec8dd04211bceba5a82becfa8cb64,2026-09-07T00:48:24+00:00,2026-09-07T01:05:12.524338+00:00,652,Cryptofundtraders1
1149893,35137,"🟢 Long

#IOST/USDT

Entry : 

1) 0.00071940
2) 0.0...61

🛑 Stop : 0.00067407

Leverage : 10x (isolated)",0dc0832ee795ef1d16ef2a4a8c63a0e6,2026-09-07T00:48:11+00:00,2026-09-07T01:05:12.561092+00:00,652,Cryptofundtraders1
1149888,35128,"💎 #Free Signal

🟢 Long

 #XMR/USDT

Entry : 

1) 5...570.13

🛑 Stop  : 500.01

Leverage: 10x (isolated)",b78ff2483ceb4b43893746155470a323,2026-09-06T22:28:02+00:00,2026-09-07T01:05:12.487432+00:00,652,Cryptofundtraders1
1149883,35127,"🔖 Signal ID: 003
📩 #STRKUSDT 15M | BB Breakout
📈 L...ea; expect a rapid move to secure initial profits.",34cc5ded7a549f38f08113d31b769ae3,2026-09-06T22:27:54+00:00,2026-09-07T01:05:12.437541+00:00,652,Cryptofundtraders1
1149881,35126,"🔖 Signal ID: 002
📩 #WIFUSDT 15M | MACD Cross
📉 Sho...ea; expect a rapid move to secure initial profits.",6e650f3fb3fbe02159d3b38f7a257d38,2026-09-06T22:27:54+00:00,2026-09-07T01:05:12.355945+00:00,652,Cryptofundtraders1
1149880,35125,"🔖 Signal ID: 001
📩 #FLOKIUSDT 15M | EMA Cross
📉 Sh...icipate swift execution toward the nearest target.",8e47c1366c82d6c69915de5930b4ef13,2026-09-06T22:27:54+00:00,2026-09-07T01:05:12.343467+00:00,652,Cryptofundtraders1
1152735,35153,"🔖 Signal ID: 010
📩 #ENAUSDT 15M | EMA Cross
📈 Long...icipate swift execution toward the nearest target.",661b215b2eff7a6ac57a3cca9a0cf083,2026-09-07T05:08:47+00:00,2026-09-07T07:01:23.163513+00:00,652,Cryptofundtraders1
1152728,35152,"🔖 Signal ID: 009
📩 #BONKUSDT 15M | MACD Cross
📈 Lo...ea; expect a rapid move to secure initial profits.",e37f73b76b30845595663b5c6a2b1fd1,2026-09-07T05:08:47+00:00,2026-09-07T07:01:23.101565+00:00,652,Cryptofundtraders1
1152737,35148,"🔖 Signal ID: 005
📩 #FLOKIUSDT 15M | MACD Cross
📈 L...t objective and extension toward the final target.",3acbcd0c29079d958fd9ff9aa1aa4334,2026-09-07T05:08:32+00:00,2026-09-07T07:01:23.189728+00:00,652,Cryptofundtraders1
1152729,35151,"🔖 Signal ID: 008
📩 #WLDUSDT 15M | EMA Cross
📈 Long...icipate swift execution toward the nearest target.",238ccfcc70e98663a3dfcd3f1d730483,2026-09-07T05:08:32+00:00,2026-09-07T07:01:23.102981+00:00,652,Cryptofundtraders1
1152726,35149,"🔖 Signal ID: 006
📩 #WIFUSDT 15M | MACD Cross
📈 Lon...ea; expect a rapid move to secure initial profits.",b1b8b4cef3728e2b2de3a515ea1ab9da,2026-09-07T05:08:32+00:00,2026-09-07T07:01:23.093184+00:00,652,Cryptofundtraders1
1152725,35150,"🔖 Signal ID: 007
📩 #SEIUSDT 15M | MACD Cross
📈 Lon...t objective and extension toward the final target.",8de7992f9be2d1a2b8b545660f503925,2026-09-07T05:08:32+00:00,2026-09-07T07:01:23.087804+00:00,652,Cryptofundtraders1
1152733,35146,"🔖 Signal ID: 003
📩 #GRTUSDT 15M | MACD Cross
📈 Lon...ea; expect a rapid move to secure initial profits.",ace9f10eec1490199f8f0b5675b2fca7,2026-09-07T05:08:31+00:00,2026-09-07T07:01:23.136452+00:00,652,Cryptofundtraders1
1152727,35147,"🔖 Signal ID: 004
📩 #FETUSDT 15M | EMA Cross
📈 Long...ea; expect a rapid move to secure initial profits.",ffbdf64a75ea2b16471db31012ae1c7b,2026-09-07T05:08:31+00:00,2026-09-07T07:01:23.097962+00:00,652,Cryptofundtraders1
1152723,35145,"🔖 Signal ID: 002
📩 #AAVEUSDT 15M | MACD Cross
📈 Lo...t objective and extension toward the final target.",66889fbe904efd114df4e6aca417edba,2026-09-07T05:08:31+00:00,2026-09-07T07:01:22.952465+00:00,652,Cryptofundtraders1
1152722,35144,"🔖 Signal ID: 001
📩 #APTUSDT 15M | MACD Cross
📈 Lon...ea; expect a rapid move to secure initial profits.",38d3ba4c2569aceee5c58a7b220c2d93,2026-09-07T05:08:31+00:00,2026-09-07T07:01:22.874414+00:00,652,Cryptofundtraders1
1152721,35143,"🔴 SHORT

#KAVA/USDT

Entry : 

1) 0.053910
2) 0.05...0180

🛑 Stop : 0.057306

Leverage : 10x (isolated)",3edc4d1e57ab73288adf6cf05c454d91,2026-09-07T04:54:38+00:00,2026-09-07T07:01:22.870362+00:00,652,Cryptofundtraders1
1156562,35163,"🟢 Long

#ZRX/USDT

Entry : 

1) 0.1031
2) 0.1000

...0.1101

🛑 Stop : 0.0966

Leverage : 10x (isolated)",ea802ed8955e4bf9c50644f06f62c08c,2026-09-07T08:06:19+00:00,2026-09-07T09:15:13.158558+00:00,652,Cryptofundtraders1
1156561,35161,"💎 #Free Signal

🟢 Long

 #BCH/USDT

Entry : 

1) 2...271.00

🛑 Stop  : 237.67

Leverage: 10x (isolated)",83fa5edf2fd9a08effacdf19f8dc1e7d,2026-09-07T08:06:01+00:00,2026-09-07T09:15:13.157668+00:00,652,Cryptofundtraders1
1159915,35168,"🔖 Signal ID: 002
📩 #PYTHUSDT 15M | BB Breakout
📈 L...ea; expect a rapid move to secure initial profits.",ad22ae2e3c4c195be4e11f333848fb06,2026-09-07T10:31:57+00:00,2026-09-07T10:53:08.777514+00:00,652,Cryptofundtraders1
1159914,35167,"🔖 Signal ID: 001
📩 #BTCUSDT 15M | MACD Cross
📈 Lon...t objective and extension toward the final target.",9e88e3492300e3d5cd4ac83bc3c607c3,2026-09-07T10:31:56+00:00,2026-09-07T10:53:08.772849+00:00,652,Cryptofundtraders1
1159913,35166,"💎 #Free Signal

🔴 Short

 #LTC/USDT

Entry : 

1) ...) 52.01

🛑 Stop  : 59.40

Leverage: 10x (isolated)",242cbb753f5334c6fd510d063a060a50,2026-09-07T10:11:41+00:00,2026-09-07T10:53:08.763259+00:00,652,Cryptofundtraders1
1166051,35235,"💎 #Free Signal

🔴 Short

 #KAVA/USDT

Entry : 

1)...2823

🛑 Stop  : 0.060325

Leverage: 10x (isolated)",8d8eeb058afa71b0a6cf232f5491e8b2,2026-09-07T15:05:40+00:00,2026-09-07T15:09:37.543497+00:00,652,Cryptofundtraders1
1166048,35224,"🔴 SHORT

#ATOM/USDT

Entry : 

1) 1.669
2) 1.719

...) 1.553

🛑 Stop : 1.774

Leverage : 10x (isolated)",4cc168eb203b5e81875aace148d9ebba,2026-09-07T13:56:50+00:00,2026-09-07T15:09:37.539427+00:00,652,Cryptofundtraders1
1171203,35239,"🔖 Signal ID: 003
📩 #STRKUSDT 15M | EMA Cross
📉 Sho...icipate swift execution toward the nearest target.",ba4d7384a8be5471eaffa81ceb83e10b,2026-09-07T16:20:59+00:00,2026-09-07T18:04:54.377590+00:00,652,Cryptofundtraders1
1171202,35237,"🔖 Signal ID: 001
📩 #INJUSDT 15M | EMA Cross
📉 Shor...icipate swift execution toward the nearest target.",3ec5f5c2ce0f46eaeeea1ceca53befb1,2026-09-07T16:20:59+00:00,2026-09-07T18:04:54.365435+00:00,652,Cryptofundtraders1
1171201,35238,"🔖 Signal ID: 002
📩 #IMXUSDT 15M | EMA Cross
📉 Shor...icipate swift execution toward the nearest target.",ad640e1521bc2b8d0485eef995bed3c4,2026-09-07T16:20:59+00:00,2026-09-07T18:04:54.019850+00:00,652,Cryptofundtraders1
1173660,35275,"🔖 Signal ID: 013
📩 #ONDOUSDT 15M | MACD Cross
📈 Lo...icipate swift execution toward the nearest target.",d2cabe242f16d60977f7f65c76a71a5a,2026-09-07T20:01:05+00:00,2026-09-07T20:08:21.362264+00:00,652,Cryptofundtraders1
1173654,35273,"🔖 Signal ID: 011
📩 #STRKUSDT 15M | MACD Cross
📈 Lo...ea; expect a rapid move to secure initial profits.",487eaac2a6f02b53994dd23d2585c9ff,2026-09-07T20:01:05+00:00,2026-09-07T20:08:21.217072+00:00,652,Cryptofundtraders1
1173651,35274,"🔖 Signal ID: 012
📩 #BONKUSDT 15M | EMA Cross
📈 Lon...ea; expect a rapid move to secure initial profits.",a051cb24e1fac417945a727d361da586,2026-09-07T20:01:05+00:00,2026-09-07T20:08:21.171886+00:00,652,Cryptofundtraders1
1173663,35271,"🔖 Signal ID: 009
📩 #RENDERUSDT 15M | MACD Cross
📈 ...t objective and extension toward the final target.",de3eae0efe619db92b9398266cbe692b,2026-09-07T19:59:33+00:00,2026-09-07T20:08:21.391106+00:00,652,Cryptofundtraders1
1173657,35272,"🔖 Signal ID: 010
📩 #JUPUSDT 15M | EMA Cross
📈 Long...t objective and extension toward the final target.",6ea15c21a14a7aca2f3911d84b18b4e5,2026-09-07T19:59:33+00:00,2026-09-07T20:08:21.298489+00:00,652,Cryptofundtraders1
1173658,35270,"🔖 Signal ID: 008
📩 #SEIUSDT 15M | MACD Cross
📈 Lon...t objective and extension toward the final target.",fa299b68874d7fe798c36a38f1db6754,2026-09-07T19:59:33+00:00,2026-09-07T20:08:21.297333+00:00,652,Cryptofundtraders1
1173653,35269,"🔖 Signal ID: 007
📩 #FLOKIUSDT 15M | BB Breakout
📈 ...t objective and extension toward the final target.",77a124f748b0573072f108db6bccdfb5,2026-09-07T19:59:33+00:00,2026-09-07T20:08:21.207360+00:00,652,Cryptofundtraders1
1173661,35267,"🔖 Signal ID: 005
📩 #XLMUSDT 15M | EMA Cross
📈 Long...t objective and extension toward the final target.",f9f5f44e4cd2bfc47405935bf354f56d,2026-09-07T19:59:32+00:00,2026-09-07T20:08:21.375562+00:00,652,Cryptofundtraders1
1173656,35268,"🔖 Signal ID: 006
📩 #PEPEUSDT 15M | EMA Cross
📈 Lon...icipate swift execution toward the nearest target.",e646b652a1d822176f7fe40b980bff16,2026-09-07T19:59:32+00:00,2026-09-07T20:08:21.276847+00:00,652,Cryptofundtraders1
1173655,35266,"🔖 Signal ID: 004
📩 #SHIBUSDT 15M | MACD Cross
📈 Lo...ea; expect a rapid move to secure initial profits.",6163eb5525a8ef7723a04878384db123,2026-09-07T19:59:32+00:00,2026-09-07T20:08:21.228275+00:00,652,Cryptofundtraders1
1173652,35265,"🔖 Signal ID: 003
📩 #DOTUSDT 15M | BB Breakdown
📉 S...icipate swift execution toward the nearest target.",637c0ff5201c47b54583bdb6b33ac5cd,2026-09-07T19:53:59+00:00,2026-09-07T20:08:21.178714+00:00,652,Cryptofundtraders1
1173659,35264,"🔖 Signal ID: 002
📩 #LINKUSDT 15M | MACD Cross
📈 Lo...icipate swift execution toward the nearest target.",e8dc660483c49604baec7141b9a3cd83,2026-09-07T19:53:58+00:00,2026-09-07T20:08:21.335760+00:00,652,Cryptofundtraders1
1173649,35263,"🔖 Signal ID: 001
📩 #ADAUSDT 15M | EMA Cross
📈 Long...t objective and extension toward the final target.",f3daaa5c6b78434dee1c941e9642a494,2026-09-07T19:53:58+00:00,2026-09-07T20:08:21.045316+00:00,652,Cryptofundtraders1
1175550,35308,"🔖 Signal ID: 006
📩 #POLUSDT 15M | BB Breakdown
📉 S...icipate swift execution toward the nearest target.",9b7023d8a247a16b0ec9105da56a6b97,2026-09-07T22:45:23+00:00,2026-09-07T22:45:50.514329+00:00,652,Cryptofundtraders1
1175546,35312,"🔖 Signal ID: 010
📩 #ICPUSDT 15M | EMA Cross
📉 Shor...ea; expect a rapid move to secure initial profits.",6015f45d2a75d9d61971d3dfc05f39c5,2026-09-07T22:45:23+00:00,2026-09-07T22:45:50.488282+00:00,652,Cryptofundtraders1
1175543,35309,"🔖 Signal ID: 007
📩 #SHIBUSDT 15M | BB Breakdown
📉 ...t objective and extension toward the final target.",a2311eaf333f74e8ea35d4fecdd47c94,2026-09-07T22:45:23+00:00,2026-09-07T22:45:50.457933+00:00,652,Cryptofundtraders1
1175542,35310,"🔖 Signal ID: 008
📩 #LTCUSDT 15M | EMA Cross
📉 Shor...ea; expect a rapid move to secure initial profits.",07e3f7592b9cef5961d4b790ef24e2e4,2026-09-07T22:45:23+00:00,2026-09-07T22:45:50.453642+00:00,652,Cryptofundtraders1
1175537,35311,"🔖 Signal ID: 009
📩 #ARBUSDT 15M | MACD Cross
📉 Sho...icipate swift execution toward the nearest target.",f405b5dcaf49cc7945180a24e822a81f,2026-09-07T22:45:23+00:00,2026-09-07T22:45:50.360296+00:00,652,Cryptofundtraders1
1175553,35307,"🔖 Signal ID: 005
📩 #LINKUSDT 15M | BB Breakdown
📉 ...ea; expect a rapid move to secure initial profits.",2e5931e00b7fe3b9d238a0b7b50d7e27,2026-09-07T22:44:49+00:00,2026-09-07T22:45:50.533281+00:00,652,Cryptofundtraders1
1175549,35304,"🔖 Signal ID: 002
📩 #ADAUSDT 15M | BB Breakdown
📉 S...ea; expect a rapid move to secure initial profits.",3c94a099c4565709ee820f9584efe0a6,2026-09-07T22:44:49+00:00,2026-09-07T22:45:50.498873+00:00,652,Cryptofundtraders1
1175548,35305,"🔖 Signal ID: 003
📩 #TRXUSDT 15M | EMA Cross
📉 Shor...ea; expect a rapid move to secure initial profits.",7a0966372fc31865283ddd76e376457e,2026-09-07T22:44:49+00:00,2026-09-07T22:45:50.498027+00:00,652,Cryptofundtraders1
1175536,35303,"🔖 Signal ID: 001
📩 #BTCUSDT 15M | BB Breakdown
📉 S...ea; expect a rapid move to secure initial profits.",3a6ce878e72f3c4da613441988cdc772,2026-09-07T22:44:49+00:00,2026-09-07T22:45:50.352085+00:00,652,Cryptofundtraders1
1175535,35306,"🔖 Signal ID: 004
📩 #AVAXUSDT 15M | EMA Cross
📉 Sho...icipate swift execution toward the nearest target.",63510447622970d6cfcc2bd668729582,2026-09-07T22:44:49+00:00,2026-09-07T22:45:50.281192+00:00,652,Cryptofundtraders1
1177293,35326,"🔖 Signal ID: 011
📩 #PYTHUSDT 15M | MACD Cross
📈 Lo...ea; expect a rapid move to secure initial profits.",55ab3a4a4c100978d2a54fdca1347fc4,2026-09-08T00:49:45+00:00,2026-09-08T01:17:28.063569+00:00,652,Cryptofundtraders1
1177304,35324,"🔖 Signal ID: 009
📩 #SUIUSDT 15M | EMA Cross
📈 Long...icipate swift execution toward the nearest target.",c5608c395320fd8b97c6e3e762e1713e,2026-09-08T00:45:54+00:00,2026-09-08T01:17:28.110236+00:00,652,Cryptofundtraders1
1177303,35322,"🔖 Signal ID: 007
📩 #NEARUSDT 15M | EMA Cross
📈 Lon...ea; expect a rapid move to secure initial profits.",719827aebd97fac72c193891fb894b83,2026-09-08T00:45:54+00:00,2026-09-08T01:17:28.103240+00:00,652,Cryptofundtraders1
1177302,35321,"🔖 Signal ID: 006
📩 #ATOMUSDT 15M | MACD Cross
📈 Lo...t objective and extension toward the final target.",f721dac75315b9c151c096a5cb8249e2,2026-09-08T00:45:54+00:00,2026-09-08T01:17:28.101130+00:00,652,Cryptofundtraders1
1177301,35319,"🔖 Signal ID: 004
📩 #TRXUSDT 15M | MACD Cross
📉 Sho...ea; expect a rapid move to secure initial profits.",ce2f478e2abadf86b83c716896d9a6ca,2026-09-08T00:45:54+00:00,2026-09-08T01:17:28.091756+00:00,652,Cryptofundtraders1
1177300,35323,"🔖 Signal ID: 008
📩 #APTUSDT 15M | MACD Cross
📈 Lon...icipate swift execution toward the nearest target.",471bf615629e16042a805007eebcda37,2026-09-08T00:45:54+00:00,2026-09-08T01:17:28.090608+00:00,652,Cryptofundtraders1
1177298,35325,"🔖 Signal ID: 010
📩 #FLOKIUSDT 15M | EMA Cross
📈 Lo...icipate swift execution toward the nearest target.",6b06aeeadf90b957d382e698ff072cb4,2026-09-08T00:45:54+00:00,2026-09-08T01:17:28.084222+00:00,652,Cryptofundtraders1
1177297,35316,"🔖 Signal ID: 001
📩 #BTCUSDT 15M | MACD Cross
📈 Lon...t objective and extension toward the final target.",b3c18f28fa9887f931e55f067b966fdf,2026-09-08T00:45:54+00:00,2026-09-08T01:17:28.082135+00:00,652,Cryptofundtraders1
1177296,35318,"🔖 Signal ID: 003
📩 #DOGEUSDT 15M | BB Breakout
📈 L...icipate swift execution toward the nearest target.",f8378ced4f3bf47f0af5bc0a5a633193,2026-09-08T00:45:54+00:00,2026-09-08T01:17:28.077104+00:00,652,Cryptofundtraders1
1177295,35320,"🔖 Signal ID: 005
📩 #DOTUSDT 15M | MACD Cross
📈 Lon...t objective and extension toward the final target.",b5fca341ec91839b49a15fbb907bb377,2026-09-08T00:45:54+00:00,2026-09-08T01:17:28.074269+00:00,652,Cryptofundtraders1
1177292,35317,"🔖 Signal ID: 002
📩 #ADAUSDT 15M | EMA Cross
📈 Long...icipate swift execution toward the nearest target.",3f5d14daf0ddaeec31b18d0f2a19ef61,2026-09-08T00:45:54+00:00,2026-09-08T01:17:27.813319+00:00,652,Cryptofundtraders1
1177289,35313,"💎 #Free Signal

🟢 Long

 #ADA/USDT

Entry : 

1) 0...23205

🛑 Stop  : 0.20351

Leverage: 10x (isolated)",25bbbb5cc2ae88b260ca8694070e574b,2026-09-07T22:46:03+00:00,2026-09-08T01:17:27.766537+00:00,652,Cryptofundtraders1
1178824,35338,"🟢 Long

#THETA/USDT

Entry : 

1) 0.1845
2) 0.1789...0.1971

🛑 Stop : 0.1728

Leverage : 10x (isolated)",1cc9a6430a837304ea3b1b6b7a0d97c8,2026-09-08T03:17:04+00:00,2026-09-08T04:45:16.425019+00:00,652,Cryptofundtraders1
1182488,35348,"🔴 SHORT

#TRX/USDT

Entry : 

1) 0.33751
2) 0.3476...31415

🛑 Stop : 0.35877

Leverage : 10x (isolated)",cd174719ba57071d8e604538e3407a93,2026-09-08T06:21:05+00:00,2026-09-08T07:39:16.829268+00:00,652,Cryptofundtraders1
1182487,35343,"🔖 Signal ID: 004
📩 #GRTUSDT 15M | EMA Cross
📉 Shor...icipate swift execution toward the nearest target.",0d865529fc741fb970cee144e1000118,2026-09-08T06:10:54+00:00,2026-09-08T07:39:16.818712+00:00,652,Cryptofundtraders1
1182486,35342,"🔖 Signal ID: 003
📩 #AAVEUSDT 15M | MACD Cross
📈 Lo...t objective and extension toward the final target.",14f3e0b2f9be4e909574b46cd639ac3b,2026-09-08T06:10:54+00:00,2026-09-08T07:39:16.814210+00:00,652,Cryptofundtraders1
1182480,35344,"🔖 Signal ID: 005
📩 #PEPEUSDT 15M | MACD Cross
📈 Lo...ea; expect a rapid move to secure initial profits.",bf58fcaa336f73e848ce1050fe7f0bd0,2026-09-08T06:10:54+00:00,2026-09-08T07:39:16.682740+00:00,652,Cryptofundtraders1
1182479,35340,"🔖 Signal ID: 001
📩 #POLUSDT 15M | MACD Cross
📈 Lon...ea; expect a rapid move to secure initial profits.",49512d658ac3e0d4d5e54a8184d52778,2026-09-08T06:10:53+00:00,2026-09-08T07:39:16.587855+00:00,652,Cryptofundtraders1
1182478,35341,"🔖 Signal ID: 002
📩 #XLMUSDT 15M | MACD Cross
📈 Lon...t objective and extension toward the final target.",8ae85e728386f3946347d2074199a01c,2026-09-08T06:10:53+00:00,2026-09-08T07:39:16.586653+00:00,652,Cryptofundtraders1
1191003,35358,"🟢 Long

#ZRX/USDT

Entry : 

1) 0.0992
2) 0.0962

...0.1059

🛑 Stop : 0.0929

Leverage : 10x (isolated)",70e5a0ed8f6f2904a9f8878e40b900f0,2026-09-08T11:31:27+00:00,2026-09-08T12:50:12.513941+00:00,652,Cryptofundtraders1
1191005,35357,"💎 #Free Signal

🔴 Short

 #VET/USDT

Entry : 

1) ...7186

🛑 Stop  : 0.008207

Leverage: 10x (isolated)",1a7f2b9d1f89923397ef7064ee8cd900,2026-09-08T10:04:02+00:00,2026-09-08T12:50:12.521782+00:00,652,Cryptofundtraders1
1191006,35355,"🔖 Signal ID: 002
📩 #FETUSDT 15M | EMA Cross
📈 Long...icipate swift execution toward the nearest target.",6867f070daebdf8ac908268061180a35,2026-09-08T10:02:55+00:00,2026-09-08T12:50:12.547895+00:00,652,Cryptofundtraders1
1191001,35356,"🔖 Signal ID: 003
📩 #ENAUSDT 15M | EMA Cross
📈 Long...icipate swift execution toward the nearest target.",8ca2fc08564785f878dc42ba0d9e1314,2026-09-08T10:02:55+00:00,2026-09-08T12:50:12.488762+00:00,652,Cryptofundtraders1
1190999,35354,"🔖 Signal ID: 001
📩 #AAVEUSDT 15M | EMA Cross
📈 Lon...ea; expect a rapid move to secure initial profits.",3a9543bd60ca2e007d4607fc86bcf54d,2026-09-08T10:02:55+00:00,2026-09-08T12:50:12.487663+00:00,652,Cryptofundtraders1
1194016,35361,"💎 #Free Signal

🟢 Long

 #NEO/USDT

Entry : 

1) 2...) 2.307

🛑 Stop  : 2.023

Leverage: 10x (isolated)",4e26ca1021868d72d89bb81d2e2f1e69,2026-09-08T13:55:20+00:00,2026-09-08T14:15:22.409224+00:00,652,Cryptofundtraders1
1200359,35387,"🔴 SHORT

#ETC/USDT

Entry : 

1) 8.739
2) 9.001

T...) 8.134

🛑 Stop : 9.289

Leverage : 10x (isolated)",35c1df28b1aac9da882b547546e6f518,2026-09-08T16:01:24+00:00,2026-09-08T17:11:07.039061+00:00,652,Cryptofundtraders1
1200339,35367,"🔖 Signal ID: 005
📩 #ONDOUSDT 15M | MACD Cross
📈 Lo...t objective and extension toward the final target.",72b2bb1967bdeaf35f0114e1e503466d,2026-09-08T14:48:50+00:00,2026-09-08T17:11:06.786693+00:00,652,Cryptofundtraders1
1200337,35368,"🔖 Signal ID: 006
📩 #ORDIUSDT 15M | EMA Cross
📈 Lon...t objective and extension toward the final target.",b471c4bc518fcc870b88aa0f0d718797,2026-09-08T14:48:50+00:00,2026-09-08T17:11:06.623074+00:00,652,Cryptofundtraders1
1200336,35366,"🔖 Signal ID: 004
📩 #JUPUSDT 15M | MACD Cross
📈 Lon...t objective and extension toward the final target.",6bf40f1fb2fab7834c428d8e912d2c38,2026-09-08T14:48:50+00:00,2026-09-08T17:11:06.602092+00:00,652,Cryptofundtraders1
1200357,35363,"🔖 Signal ID: 001
📩 #LINKUSDT 15M | MACD Cross
📈 Lo...ea; expect a rapid move to secure initial profits.",c3acaab3e3c0ef881ed2286b644287c6,2026-09-08T14:48:49+00:00,2026-09-08T17:11:07.009414+00:00,652,Cryptofundtraders1
1200338,35365,"🔖 Signal ID: 003
📩 #PEPEUSDT 15M | EMA Cross
📈 Lon...t objective and extension toward the final target.",7b42d55dacc16999896437f65e3ba2ae,2026-09-08T14:48:49+00:00,2026-09-08T17:11:06.716482+00:00,652,Cryptofundtraders1
1200335,35364,"🔖 Signal ID: 002
📩 #DOTUSDT 15M | MACD Cross
📈 Lon...ea; expect a rapid move to secure initial profits.",7c00499114ef4174dd117591c2fbff4b,2026-09-08T14:48:49+00:00,2026-09-08T17:11:06.596140+00:00,652,Cryptofundtraders1
1203929,35489,"🔖 Signal ID: 006
📩 #STRKUSDT 15M | EMA Cross
📈 Lon...t objective and extension toward the final target.",32ee32f69e2838a886ed1d383375216f,2026-09-08T19:44:32+00:00,2026-09-08T19:45:15.921540+00:00,652,Cryptofundtraders1
1203891,35484,"🔖 Signal ID: 001
📩 #SHIBUSDT 15M | EMA Cross
📉 Sho...icipate swift execution toward the nearest target.",83d325356fd9d61d804ceb799b830489,2026-09-08T19:44:32+00:00,2026-09-08T19:45:03.536303+00:00,652,Cryptofundtraders1
1203887,35488,"🔖 Signal ID: 005
📩 #AAVEUSDT 15M | MACD Cross
📈 Lo...t objective and extension toward the final target.",0a3f8223ccbe3ab420feb5f78ed97813,2026-09-08T19:44:32+00:00,2026-09-08T19:45:03.427181+00:00,652,Cryptofundtraders1
1203886,35485,"🔖 Signal ID: 002
📩 #UNIUSDT 15M | MACD Cross
📈 Lon...icipate swift execution toward the nearest target.",908baab117c3a98d457b96b5ba622754,2026-09-08T19:44:32+00:00,2026-09-08T19:45:03.418998+00:00,652,Cryptofundtraders1
1203883,35486,"🔖 Signal ID: 003
📩 #APTUSDT 15M | MACD Cross
📈 Lon...t objective and extension toward the final target.",cd3cc6f7ee7fd74de834f2a308e589d9,2026-09-08T19:44:32+00:00,2026-09-08T19:45:03.340428+00:00,652,Cryptofundtraders1
1203880,35487,"🔖 Signal ID: 004
📩 #ARBUSDT 15M | MACD Cross
📈 Lon...t objective and extension toward the final target.",6061e87135b66131e66331aca2306ded,2026-09-08T19:44:32+00:00,2026-09-08T19:45:03.314692+00:00,652,Cryptofundtraders1
1203896,35479,"💎 #Free Signal

🔴 Short

 #ATOM/USDT

Entry : 

1)...) 1.664

🛑 Stop  : 1.900

Leverage: 10x (isolated)",06e5d4f61e6c8ab1a82e523a50b12745,2026-09-08T19:37:11+00:00,2026-09-08T19:45:03.554343+00:00,652,Cryptofundtraders1
1206147,35547,"💎 #Free Signal

🔴 Short

 #ATOM/USDT

Entry : 

1)...) 1.664

🛑 Stop  : 1.900

Leverage: 10x (isolated)",06e5d4f61e6c8ab1a82e523a50b12745,2026-09-08T19:45:44+00:00,2026-09-08T21:05:07.910646+00:00,652,Cryptofundtraders1
1208307,35549,"🔖 Signal ID: 001
📩 #ATOMUSDT 15M | BB Breakout
📈 L...t objective and extension toward the final target.",11c6a5e5450b7b4eb886b73befd88687,2026-09-08T22:01:06+00:00,2026-09-08T23:58:13.804021+00:00,652,Cryptofundtraders1
1210274,35604,"💎 #Free Signal

🟢 Long

 #ZIL/USDT

Entry : 

1) 0...599

🛑 Stop  : 0.0026835

Leverage: 10x (isolated)",ea2113efcb406421fa52fca582b64d00,2026-09-09T01:38:47+00:00,2026-09-09T02:09:03.445020+00:00,652,Cryptofundtraders1
1210280,35600,"🔖 Signal ID: 008
📩 #IMXUSDT 15M | MACD Cross
📉 Sho...t objective and extension toward the final target.",d2e771217f2069a834fffaacd0c2f985,2026-09-09T01:38:25+00:00,2026-09-09T02:09:03.556787+00:00,652,Cryptofundtraders1
1210279,35602,"🔖 Signal ID: 010
📩 #ONDOUSDT 15M | MACD Cross
📉 Sh...t objective and extension toward the final target.",ddb48735910879530c9ce3b8e6f0d92a,2026-09-09T01:38:25+00:00,2026-09-09T02:09:03.525526+00:00,652,Cryptofundtraders1
1210278,35599,"🔖 Signal ID: 007
📩 #WIFUSDT 15M | BB Breakdown
📉 S...ea; expect a rapid move to secure initial profits.",3038f3de6c45d8ed3b2e38c59d81846d,2026-09-09T01:38:25+00:00,2026-09-09T02:09:03.518779+00:00,652,Cryptofundtraders1
1210276,35597,"🔖 Signal ID: 005
📩 #FETUSDT 15M | EMA Cross
📉 Shor...t objective and extension toward the final target.",5d034e03d5c3ab6e310897faf0c0f770,2026-09-09T01:38:25+00:00,2026-09-09T02:09:03.470434+00:00,652,Cryptofundtraders1
1210275,35601,"🔖 Signal ID: 009
📩 #RENDERUSDT 15M | MACD Cross
📉 ...ea; expect a rapid move to secure initial profits.",e33b689c6d75ab0f9aec14da237e14c6,2026-09-09T01:38:25+00:00,2026-09-09T02:09:03.469545+00:00,652,Cryptofundtraders1
1210273,35598,"🔖 Signal ID: 006
📩 #FLOKIUSDT 15M | MACD Cross
📉 S...ea; expect a rapid move to secure initial profits.",6e12c31fc168d464e510b166b3086334,2026-09-09T01:38:25+00:00,2026-09-09T02:09:03.444051+00:00,652,Cryptofundtraders1
1210264,35596,"🔖 Signal ID: 004
📩 #PEPEUSDT 15M | MACD Cross
📉 Sh...ea; expect a rapid move to secure initial profits.",ec4becf3339d5bfe01eee9066e2c6a8e,2026-09-09T01:38:25+00:00,2026-09-09T02:09:03.355178+00:00,652,Cryptofundtraders1
1210272,35590,"🔖 Signal ID: 003
📩 #STRKUSDT 15M | MACD Cross
📉 Sh...t objective and extension toward the final target.",53b5f91482b1fda599ea384b83cf9209,2026-09-09T01:38:24+00:00,2026-09-09T02:09:03.431910+00:00,652,Cryptofundtraders1
1210271,35595,"🔖 Signal ID: 003
📩 #APTUSDT 15M | EMA Cross
📉 Shor...ea; expect a rapid move to secure initial profits.",0fffd300c85e1515f17290ce0839a502,2026-09-09T01:38:24+00:00,2026-09-09T02:09:03.420567+00:00,652,Cryptofundtraders1
1210270,35594,"🔖 Signal ID: 002
📩 #AVAXUSDT 15M | EMA Cross
📉 Sho...ea; expect a rapid move to secure initial profits.",f411a04d3aa06717b19ac8f88b44fff7,2026-09-09T01:38:24+00:00,2026-09-09T02:09:03.398413+00:00,652,Cryptofundtraders1
1210269,35589,"🔖 Signal ID: 002
📩 #SUIUSDT 15M | MACD Cross
📉 Sho...t objective and extension toward the final target.",3ac7354b6006dea35992bbb4820237df,2026-09-09T01:38:24+00:00,2026-09-09T02:09:03.394996+00:00,652,Cryptofundtraders1
1210267,35593,"🔖 Signal ID: 001
📩 #ADAUSDT 15M | MACD Cross
📉 Sho...t objective and extension toward the final target.",f6479534d7b6c7e945c98396cb9d7be8,2026-09-09T01:38:24+00:00,2026-09-09T02:09:03.389752+00:00,652,Cryptofundtraders1
1210266,35591,"🔖 Signal ID: 004
📩 #PYTHUSDT 15M | MACD Cross
📈 Lo...ea; expect a rapid move to secure initial profits.",52d063a22e90e2663f3a897366f075f2,2026-09-09T01:38:24+00:00,2026-09-09T02:09:03.365215+00:00,652,Cryptofundtraders1
1210263,35588,"🔖 Signal ID: 001
📩 #TRXUSDT 15M | EMA Cross
📈 Long...ea; expect a rapid move to secure initial profits.",8ad2e76c1d571fc8edb989df04b32dfc,2026-09-09T01:38:24+00:00,2026-09-09T02:09:03.316782+00:00,652,Cryptofundtraders1
1216262,35621,"🔖 Signal ID: 003
📩 #ORDIUSDT 15M | EMA Cross
📈 Lon...icipate swift execution toward the nearest target.",e9dcfc9a0dd4d9639ceb3d8d145c8b4b,2026-09-09T07:05:27+00:00,2026-09-09T07:35:07.442344+00:00,652,Cryptofundtraders1
1216266,35620,"🔖 Signal ID: 002
📩 #IMXUSDT 15M | EMA Cross
📈 Long...t objective and extension toward the final target.",8be01c83c3e3dfb0eafc6445a97c1598,2026-09-09T07:05:26+00:00,2026-09-09T07:35:07.476472+00:00,652,Cryptofundtraders1
1216261,35619,"🔖 Signal ID: 001
📩 #OPUSDT 15M | EMA Cross
📈 Long ...icipate swift execution toward the nearest target.",65513e74e4e56d618c08615a9c5c8024,2026-09-09T07:05:26+00:00,2026-09-09T07:35:07.439483+00:00,652,Cryptofundtraders1
1216257,35612,"🟢 Long

#THETA/USDT

Entry : 

1) 0.1773
2) 0.1719...0.1894

🛑 Stop : 0.1661

Leverage : 10x (isolated)",0f18baed1f117db213d624ad54956818,2026-09-09T04:45:29+00:00,2026-09-09T07:35:07.339801+00:00,652,Cryptofundtraders1
1218693,35624,"🔴 SHORT

#ATOM/USDT

Entry : 

1) 1.931
2) 1.988

...) 1.797

🛑 Stop : 2.052

Leverage : 10x (isolated)",bc12681428224d3a8884bbf618ad4431,2026-09-09T09:00:07+00:00,2026-09-09T09:04:50.909720+00:00,652,Cryptofundtraders1
1220800,35627,"💎 #Free Signal

🔴 Short

 #QTUM/USDT

Entry : 

1)...4116

🛑 Stop  : 0.975408

Leverage: 10x (isolated)",384f43600dcdaad81ea26ac381fd010f,2026-09-09T10:29:32+00:00,2026-09-09T10:49:28.253353+00:00,652,Cryptofundtraders1
1224820,35642,"🔖 Signal ID: 011
📩 #STRKUSDT 15M | BB Breakout
📈 L...ea; expect a rapid move to secure initial profits.",8cb4b462b525104a8b9a3340df9f79e5,2026-09-09T12:48:13+00:00,2026-09-09T13:54:57.351543+00:00,652,Cryptofundtraders1
1224818,35640,"🔖 Signal ID: 009
📩 #RENDERUSDT 15M | MACD Cross
📈 ...t objective and extension toward the final target.",8b0258fd904fd271ab1128db991cdd3e,2026-09-09T12:48:13+00:00,2026-09-09T13:54:57.329676+00:00,652,Cryptofundtraders1
1224814,35641,"🔖 Signal ID: 010
📩 #JUPUSDT 15M | MACD Cross
📈 Lon...t objective and extension toward the final target.",65f3cc833e81064de74991b575aba902,2026-09-09T12:48:13+00:00,2026-09-09T13:54:57.271299+00:00,652,Cryptofundtraders1
1224815,35639,"🔖 Signal ID: 008
📩 #FLOKIUSDT 15M | MACD Cross
📈 L...ea; expect a rapid move to secure initial profits.",759eb9bafcb54061694641a9e9463cbf,2026-09-09T12:48:13+00:00,2026-09-09T13:54:57.268143+00:00,652,Cryptofundtraders1
1224808,35635,"🔖 Signal ID: 004
📩 #NEARUSDT 15M | BB Breakout
📈 L...t objective and extension toward the final target.",33f70b28dbcafc3874a4e3597c3fc28c,2026-09-09T12:48:13+00:00,2026-09-09T13:54:56.823241+00:00,652,Cryptofundtraders1
1224807,35634,"🔖 Signal ID: 003
📩 #POLUSDT 15M | EMA Cross
📈 Long...ea; expect a rapid move to secure initial profits.",a6a467becf68bc266b50758b9071a9b9,2026-09-09T12:48:13+00:00,2026-09-09T13:54:56.658175+00:00,652,Cryptofundtraders1
1224806,35638,"🔖 Signal ID: 007
📩 #FETUSDT 15M | EMA Cross
📈 Long...ea; expect a rapid move to secure initial profits.",8c44a9c09c285bee93992b46706c6450,2026-09-09T12:48:13+00:00,2026-09-09T13:54:56.655921+00:00,652,Cryptofundtraders1
1224805,35637,"🔖 Signal ID: 006
📩 #INJUSDT 15M | MACD Cross
📈 Lon...icipate swift execution toward the nearest target.",44856f7aeb5890b4ee540a8d4baa5c9a,2026-09-09T12:48:13+00:00,2026-09-09T13:54:56.641836+00:00,652,Cryptofundtraders1
1224804,35636,"🔖 Signal ID: 005
📩 #APTUSDT 15M | MACD Cross
📈 Lon...ea; expect a rapid move to secure initial profits.",bbeeb9b679272e5cc4bb61f2648d0d86,2026-09-09T12:48:13+00:00,2026-09-09T13:54:56.635800+00:00,652,Cryptofundtraders1
1224811,35632,"🔖 Signal ID: 001
📩 #DOGEUSDT 15M | EMA Cross
📈 Lon...ea; expect a rapid move to secure initial profits.",2d86222186de039b5ce9c0ec1feeaf16,2026-09-09T12:48:12+00:00,2026-09-09T13:54:56.849735+00:00,652,Cryptofundtraders1
1224810,35633,"🔖 Signal ID: 002
📩 #TRXUSDT 15M | MACD Cross
📈 Lon...icipate swift execution toward the nearest target.",bd60561ffe58b51ee6f9b4a9a62f5054,2026-09-09T12:48:12+00:00,2026-09-09T13:54:56.846687+00:00,652,Cryptofundtraders1
1224802,35629,"💎 #Free Signal

🔴 Short

 #QTUM/USDT

Entry : 

1)...4116

🛑 Stop  : 0.975408

Leverage: 10x (isolated)",384f43600dcdaad81ea26ac381fd010f,2026-09-09T12:47:44+00:00,2026-09-09T13:54:56.485564+00:00,652,Cryptofundtraders1
1227871,35651,"🟢 Long

#BNB/USDT

Entry : 

1) 747.740
2) 725.307...8.896

🛑 Stop : 700.632

Leverage : 10x (isolated)",8f4f60557234aa134096c3924ef9d9fc,2026-09-09T14:14:43+00:00,2026-09-09T16:08:26.329839+00:00,652,Cryptofundtraders1
1227869,35652,"💎 #Free Signal

🟢 Long

 #ZIL/USDT

Entry : 

1) 0...567

🛑 Stop  : 0.0026807

Leverage: 10x (isolated)",47639b75638557e02b6e6e641007211c,2026-09-09T14:14:43+00:00,2026-09-09T16:08:26.322618+00:00,652,Cryptofundtraders1
1307662,35849,"🔴 SHORT

#RUNE/USDT

Entry : 

1) 0.4966
2) 0.5114...0.4622

🛑 Stop : 0.5278

Leverage : 10x (isolated)",aad2a9aa7d3bd7c260bf91b9a6ee42b0,2026-09-10T11:23:54+00:00,2026-09-15T12:23:47.511843+00:00,652,Cryptofundtraders1
1307686,35847,"🔖 Signal ID: 002
📩 #TRXUSDT 15M | MACD Cross
📈 Lon...icipate swift execution toward the nearest target.",11e402f3baba42a0a01c797fe57d412d,2026-09-10T09:56:41+00:00,2026-09-15T12:23:47.624018+00:00,652,Cryptofundtraders1
1307649,35846,"🔖 Signal ID: 001
📩 #DOGEUSDT 15M | MACD Cross
📉 Sh...icipate swift execution toward the nearest target.",e3a45e70d9b1fc5febb5c694030af15d,2026-09-10T09:56:41+00:00,2026-09-15T12:23:47.392661+00:00,652,Cryptofundtraders1
1307633,35848,"🔖 Signal ID: 003
📩 #PEPEUSDT 15M | MACD Cross
📉 Sh...ea; expect a rapid move to secure initial profits.",fb6611277b027009572b0f8a4098e3e7,2026-09-10T09:56:41+00:00,2026-09-15T12:23:47.300862+00:00,652,Cryptofundtraders1
1307687,35843,"🟢 Long

#IOST/USDT

Entry : 

1) 0.00119390
2) 0.0...58

🛑 Stop : 0.00111868

Leverage : 10x (isolated)",b87125cedfd9381b89a2229a6fffcfba,2026-09-10T04:16:48+00:00,2026-09-15T12:23:47.625501+00:00,652,Cryptofundtraders1
1307688,35841,"💎 #Free Signal

🟢 Long

 #BAT/USDT

Entry : 

1) 0...8624

🛑 Stop  : 0.068953

Leverage: 10x (isolated)",003c4fe390d64d183d7a5e523ac0eb3d,2026-09-10T01:57:29+00:00,2026-09-15T12:23:47.628977+00:00,652,Cryptofundtraders1
1307691,35839,"🔖 Signal ID: 005
📩 #JUPUSDT 15M | MACD Cross
📈 Lon...ea; expect a rapid move to secure initial profits.",73a7243d3a8485a5e631b707b9f28c15,2026-09-10T00:12:19+00:00,2026-09-15T12:23:47.640179+00:00,652,Cryptofundtraders1
1307685,35835,"🔖 Signal ID: 001
📩 #LTCUSDT 15M | MACD Cross
📈 Lon...ea; expect a rapid move to secure initial profits.",4898ccb3a9f8b0f765659a4327e0bbb2,2026-09-10T00:12:19+00:00,2026-09-15T12:23:47.622540+00:00,652,Cryptofundtraders1
1307680,35840,"🔖 Signal ID: 006
📩 #ORDIUSDT 15M | MACD Cross
📈 Lo...t objective and extension toward the final target.",b9e221ea06aec4309b4167014b943000,2026-09-10T00:12:19+00:00,2026-09-15T12:23:47.607116+00:00,652,Cryptofundtraders1
1307671,35836,"🔖 Signal ID: 002
📩 #OPUSDT 15M | MACD Cross
📈 Long...icipate swift execution toward the nearest target.",8dcc7307204c17f57799a28808938957,2026-09-10T00:12:19+00:00,2026-09-15T12:23:47.564644+00:00,652,Cryptofundtraders1
1307650,35837,"🔖 Signal ID: 003
📩 #WLDUSDT 15M | MACD Cross
📈 Lon...ea; expect a rapid move to secure initial profits.",88f9328b145f8d2e62ec5cad03a9a4a7,2026-09-10T00:12:19+00:00,2026-09-15T12:23:47.393439+00:00,652,Cryptofundtraders1
1307645,35838,"🔖 Signal ID: 004
📩 #IMXUSDT 15M | MACD Cross
📈 Lon...t objective and extension toward the final target.",287bfa630d65f367456cac675380f625,2026-09-10T00:12:19+00:00,2026-09-15T12:23:47.377589+00:00,652,Cryptofundtraders1
1307670,35819,"🔖 Signal ID: 001
📩 #BTCUSDT 15M | MACD Cross
📉 Sho...ea; expect a rapid move to secure initial profits.",d9574263615ae641afe7d01f9f5e94d3,2026-09-09T21:55:17+00:00,2026-09-15T12:23:47.540399+00:00,652,Cryptofundtraders1
1307666,35820,"🔖 Signal ID: 002
📩 #GRTUSDT 15M | MACD Cross
📉 Sho...icipate swift execution toward the nearest target.",95325dfd2af922b95675dbb8ae5eaff6,2026-09-09T21:55:17+00:00,2026-09-15T12:23:47.522386+00:00,652,Cryptofundtraders1
1307622,35822,"🔖 Signal ID: 004
📩 #ORDIUSDT 15M | MACD Cross
📉 Sh...icipate swift execution toward the nearest target.",f7b4b239eef5c599e5c22e4b5d2273e8,2026-09-09T21:55:17+00:00,2026-09-15T12:23:47.113590+00:00,652,Cryptofundtraders1
1307621,35823,"🔖 Signal ID: 005
📩 #KASUSDT 15M | BB Breakout
📈 Lo...t objective and extension toward the final target.",dbe98629405fa613aab24c62c9f7f3cf,2026-09-09T21:55:17+00:00,2026-09-15T12:23:47.076985+00:00,652,Cryptofundtraders1
1307610,35821,"🔖 Signal ID: 003
📩 #JUPUSDT 15M | BB Breakdown
📉 S...icipate swift execution toward the nearest target.",4be8d21d2095351353890500e36e2d53,2026-09-09T21:55:17+00:00,2026-09-15T12:23:46.962355+00:00,652,Cryptofundtraders1
1307663,35812,"🔖 Signal ID: 005
📩 #PYTHUSDT 15M | EMA Cross
📉 Sho...ea; expect a rapid move to secure initial profits.",85ce2eafb56329b0f4539bb72fa62004,2026-09-09T21:47:50+00:00,2026-09-15T12:23:47.512588+00:00,652,Cryptofundtraders1
1307659,35808,"🔖 Signal ID: 001
📩 #TRXUSDT 15M | MACD Cross
📉 Sho...ea; expect a rapid move to secure initial profits.",eaeb5e4362aa05dd5a3ea1290e0a5c33,2026-09-09T21:47:50+00:00,2026-09-15T12:23:47.491351+00:00,652,Cryptofundtraders1
1307642,35810,"🔖 Signal ID: 003
📩 #LTCUSDT 15M | EMA Cross
📉 Shor...ea; expect a rapid move to secure initial profits.",014213588a91a759a98da6d121310a36,2026-09-09T21:47:50+00:00,2026-09-15T12:23:47.356750+00:00,652,Cryptofundtraders1
1307631,35809,"🔖 Signal ID: 002
📩 #SHIBUSDT 15M | MACD Cross
📉 Sh...icipate swift execution toward the nearest target.",f058c15c2aa577836f14d1fbf6ba3218,2026-09-09T21:47:50+00:00,2026-09-15T12:23:47.257438+00:00,652,Cryptofundtraders1
1307629,35811,"🔖 Signal ID: 004
📩 #APTUSDT 15M | MACD Cross
📉 Sho...t objective and extension toward the final target.",7740bca83778e051864bc8828d87a4be,2026-09-09T21:47:50+00:00,2026-09-15T12:23:47.252988+00:00,652,Cryptofundtraders1
1307675,35807,"💎 #Free Signal

🔴 Short

 #IOST/USDT

Entry : 

1)...07

🛑 Stop  : 0.00208082

Leverage: 10x (isolated)",a90c70cc0ba9ec47274d517beefbe260,2026-09-09T21:47:28+00:00,2026-09-15T12:23:47.583352+00:00,652,Cryptofundtraders1
1307449,35657,"🔖 Signal ID: 001
📩 #TRXUSDT 15M | EMA Cross
📈 Long...ea; expect a rapid move to secure initial profits.",f7ea1cdeb95fcaa67b04fdee6986a458,2026-09-09T17:00:23+00:00,2026-09-15T12:22:12.705456+00:00,652,Cryptofundtraders1
1312651,36054,"🔖 Signal ID: 008
📩 #SUIUSDT 15M | MACD Cross
📉 Sho...ea; expect a rapid move to secure initial profits.",d2a6f75ef2aa603c7d997cd974a32b93,2026-09-10T22:39:54+00:00,2026-09-15T13:48:19.439811+00:00,652,Cryptofundtraders1
1312640,36052,"🔖 Signal ID: 006
📩 #SHIBUSDT 15M | MACD Cross
📉 Sh...t objective and extension toward the final target.",198111b87e40e023b9a37486fcbc020c,2026-09-10T22:39:54+00:00,2026-09-15T13:48:19.404447+00:00,652,Cryptofundtraders1
1312616,36053,"🔖 Signal ID: 007
📩 #XLMUSDT 15M | BB Breakdown
📉 S...ea; expect a rapid move to secure initial profits.",3ceb9771edd1c0301095e87b5fe8db55,2026-09-10T22:39:54+00:00,2026-09-15T13:48:19.093790+00:00,652,Cryptofundtraders1
1312609,36055,"🔖 Signal ID: 009
📩 #ARBUSDT 15M | BB Breakdown
📉 S...t objective and extension toward the final target.",9384d9864f683cf0076e7406700c33c9,2026-09-10T22:39:54+00:00,2026-09-15T13:48:18.809483+00:00,652,Cryptofundtraders1
1312654,35996,"🔖 Signal ID: 004
📩 #LINKUSDT 15M | MACD Cross
📉 Sh...ea; expect a rapid move to secure initial profits.",ce38e7365a5154fca64a27586bd4b02d,2026-09-10T22:38:16+00:00,2026-09-15T13:48:19.479038+00:00,652,Cryptofundtraders1
1312630,35995,"🔖 Signal ID: 003
📩 #AVAXUSDT 15M | BB Breakdown
📉 ...ea; expect a rapid move to secure initial profits.",68e5dc98fa32bb74256f9fe815065e93,2026-09-10T22:38:16+00:00,2026-09-15T13:48:19.332386+00:00,652,Cryptofundtraders1
1312637,35993,"🔖 Signal ID: 001
📩 #BTCUSDT 15M | BB Breakdown
📉 S...t objective and extension toward the final target.",083ebfd6a772883b61aaf63659992f0c,2026-09-10T22:38:15+00:00,2026-09-15T13:48:19.393343+00:00,652,Cryptofundtraders1
1312633,35994,"🔖 Signal ID: 002
📩 #ADAUSDT 15M | BB Breakdown
📉 S...icipate swift execution toward the nearest target.",0aa63bd4b88ac56559da3e59e922412b,2026-09-10T22:38:15+00:00,2026-09-15T13:48:19.378404+00:00,652,Cryptofundtraders1
1312648,35991,"🔖 Signal ID: 004
📩 #ORDIUSDT 15M | EMA Cross
📉 Sho...ea; expect a rapid move to secure initial profits.",902e8826bf528d0c9802d6190cc706e5,2026-09-10T22:06:33+00:00,2026-09-15T13:48:19.423018+00:00,652,Cryptofundtraders1
1312641,35990,"🔖 Signal ID: 003
📩 #PYTHUSDT 15M | MACD Cross
📉 Sh...icipate swift execution toward the nearest target.",6cfc8c665bd3fdabcb287d28d57673f7,2026-09-10T22:06:33+00:00,2026-09-15T13:48:19.410005+00:00,652,Cryptofundtraders1
1312625,35988,"🔖 Signal ID: 001
📩 #LTCUSDT 15M | EMA Cross
📉 Shor...icipate swift execution toward the nearest target.",41d7244b67b54bf46e9965bdc398f620,2026-09-10T22:06:33+00:00,2026-09-15T13:48:19.308927+00:00,652,Cryptofundtraders1
1312624,35989,"🔖 Signal ID: 002
📩 #STRKUSDT 15M | MACD Cross
📉 Sh...icipate swift execution toward the nearest target.",a2a3d32dbf74b344636560d67b7ff3be,2026-09-10T22:06:33+00:00,2026-09-15T13:48:19.273307+00:00,652,Cryptofundtraders1
1312491,35953,"💎 #Free Signal

🔴 Short

 #COMP/USDT

Entry : 

1)...) 18.93

🛑 Stop  : 21.62

Leverage: 10x (isolated)",5561d109a4adce9aa38ad7765dfad3cb,2026-09-10T19:07:03+00:00,2026-09-15T13:48:05.874975+00:00,652,Cryptofundtraders1
1312532,35948,"🔖 Signal ID: 006
📩 #SEIUSDT 15M | MACD Cross
📈 Lon...t objective and extension toward the final target.",0a7a6bd4ebfcd1c0cf93ada300f2b6b0,2026-09-10T17:39:06+00:00,2026-09-15T13:48:06.087815+00:00,652,Cryptofundtraders1
1312518,35947,"🔖 Signal ID: 005
📩 #AAVEUSDT 15M | BB Breakout
📈 L...icipate swift execution toward the nearest target.",2c85fe89e7585dd55461a075ad34cad1,2026-09-10T17:39:06+00:00,2026-09-15T13:48:06.005346+00:00,652,Cryptofundtraders1
1312511,35946,"🔖 Signal ID: 004
📩 #DOTUSDT 15M | EMA Cross
📈 Long...icipate swift execution toward the nearest target.",b4b6ff6e01dc4f8f9f09670e713ff28b,2026-09-10T17:39:06+00:00,2026-09-15T13:48:05.958763+00:00,652,Cryptofundtraders1
1312501,35950,"🔖 Signal ID: 008
📩 #JUPUSDT 15M | MACD Cross
📈 Lon...ea; expect a rapid move to secure initial profits.",491d1661dda5c6f7782bf69603223267,2026-09-10T17:39:06+00:00,2026-09-15T13:48:05.904598+00:00,652,Cryptofundtraders1
1312498,35949,"🔖 Signal ID: 007
📩 #RENDERUSDT 15M | EMA Cross
📈 L...t objective and extension toward the final target.",b6e31595dc2d47ae2f139797f6b6b709,2026-09-10T17:39:06+00:00,2026-09-15T13:48:05.898414+00:00,652,Cryptofundtraders1
1312533,35945,"🔖 Signal ID: 002
📩 #TRXUSDT 15M | EMA Cross
📈 Long...t objective and extension toward the final target.",a95ddd68712d823780b8deeb6d86e31d,2026-09-10T17:38:08+00:00,2026-09-15T13:48:06.092755+00:00,652,Cryptofundtraders1
1312526,35944,"🔖 Signal ID: 001
📩 #ADAUSDT 15M | MACD Cross
📈 Lon...ea; expect a rapid move to secure initial profits.",fe03535dd4292262f1dfe156cd8e404d,2026-09-10T17:38:08+00:00,2026-09-15T13:48:06.031149+00:00,652,Cryptofundtraders1
1312450,35862,"🟢 Long

#DASH/USDT

Entry : 

1) 56.81
2) 55.10

T...) 60.69

🛑 Stop : 53.23

Leverage : 10x (isolated)",7b8efdb1ee479516f272ec5863de2c0d,2026-09-10T14:03:58+00:00,2026-09-15T13:48:04.613527+00:00,652,Cryptofundtraders1
1312447,35859,"💎 #Free Signal

🟢 Long

 #ETC/USDT

Entry : 

1) 7...) 8.275

🛑 Stop  : 7.258

Leverage: 10x (isolated)",343902154b148c35450beedb6f37825b,2026-09-10T13:56:19+00:00,2026-09-15T13:48:04.593471+00:00,652,Cryptofundtraders1
1312446,35858,"🔖 Signal ID: 001
📩 #ICPUSDT 15M | MACD Cross
📈 Lon...ea; expect a rapid move to secure initial profits.",0b5dde958926b1023669e97998de0e19,2026-09-10T13:56:09+00:00,2026-09-15T13:48:04.588458+00:00,652,Cryptofundtraders1
1312445,35857,"🔖 Signal ID: 002
📩 #PYTHUSDT 15M | MACD Cross
📈 Lo...t objective and extension toward the final target.",1747b60df5d911ef2c08d4e9a4b0490b,2026-09-10T13:56:09+00:00,2026-09-15T13:48:04.580446+00:00,652,Cryptofundtraders1
1318420,36255,"🔖 Signal ID: 003
📩 #PEPEUSDT 15M | MACD Cross
📈 Lo...t objective and extension toward the final target.",475878bd6c02fca9014923fadfd5a559,2026-09-12T10:53:06+00:00,2026-09-15T17:34:49.163558+00:00,652,Cryptofundtraders1
1318410,36253,"🔖 Signal ID: 001
📩 #DOTUSDT 15M | MACD Cross
📈 Lon...ea; expect a rapid move to secure initial profits.",8e7bf02b50fe051d8a3a7533bc3c4672,2026-09-12T10:53:05+00:00,2026-09-15T17:34:49.150953+00:00,652,Cryptofundtraders1
1318408,36254,"🔖 Signal ID: 002
📩 #POLUSDT 15M | BB Breakout
📈 Lo...t objective and extension toward the final target.",665eb9b2cd4679e9693df135408512d0,2026-09-12T10:53:05+00:00,2026-09-15T17:34:49.137593+00:00,652,Cryptofundtraders1
1318419,36238,"🔖 Signal ID: 005
📩 #ARBUSDT 15M | EMA Cross
📈 Long...ea; expect a rapid move to secure initial profits.",7220b96eac4e84974fbb7c547bd9c00f,2026-09-12T05:09:08+00:00,2026-09-15T17:34:49.162172+00:00,652,Cryptofundtraders1
1318412,36242,"🔖 Signal ID: 009
📩 #JUPUSDT 15M | BB Breakout
📈 Lo...t objective and extension toward the final target.",7a46698b703e589f4c31b7284ace63f5,2026-09-12T05:09:08+00:00,2026-09-15T17:34:49.154170+00:00,652,Cryptofundtraders1
1318391,36236,"🔖 Signal ID: 003
📩 #XLMUSDT 15M | BB Breakout
📈 Lo...ea; expect a rapid move to secure initial profits.",cdb078acbdfc3a5e22b6203c4e4cfc58,2026-09-12T05:09:08+00:00,2026-09-15T17:34:49.094967+00:00,652,Cryptofundtraders1
1318386,36239,"🔖 Signal ID: 006
📩 #FETUSDT 15M | EMA Cross
📈 Long...icipate swift execution toward the nearest target.",0669266dfd41f3cf1b5557632fd206c1,2026-09-12T05:09:08+00:00,2026-09-15T17:34:49.078882+00:00,652,Cryptofundtraders1
1318375,36243,"🔖 Signal ID: 010
📩 #BONKUSDT 15M | BB Breakout
📈 L...ea; expect a rapid move to secure initial profits.",cfc4ce40b15210b59f61e11c445272a5,2026-09-12T05:09:08+00:00,2026-09-15T17:34:48.991846+00:00,652,Cryptofundtraders1
1318366,36241,"🔖 Signal ID: 008
📩 #RENDERUSDT 15M | BB Breakout
📈...ea; expect a rapid move to secure initial profits.",8e15ca09f60aae016d686a98f7c8fbc0,2026-09-12T05:09:08+00:00,2026-09-15T17:34:48.903101+00:00,652,Cryptofundtraders1
1318362,36237,"🔖 Signal ID: 004
📩 #APTUSDT 15M | EMA Cross
📈 Long...t objective and extension toward the final target.",27ce6ae3e5653402c899b0b83ac799c4,2026-09-12T05:09:08+00:00,2026-09-15T17:34:48.857512+00:00,652,Cryptofundtraders1
1318358,36240,"🔖 Signal ID: 007
📩 #WLDUSDT 15M | EMA Cross
📈 Long...icipate swift execution toward the nearest target.",82ab7edd132dcd132614e151f7a9cbc6,2026-09-12T05:09:08+00:00,2026-09-15T17:34:48.776956+00:00,652,Cryptofundtraders1
1318415,36235,"🔖 Signal ID: 002
📩 #DOTUSDT 15M | EMA Cross
📈 Long...ea; expect a rapid move to secure initial profits.",0a9e90613ed6c5b815f34aa675fb0eae,2026-09-12T05:09:07+00:00,2026-09-15T17:34:49.156526+00:00,652,Cryptofundtraders1
1318380,36234,"🔖 Signal ID: 001
📩 #ADAUSDT 15M | EMA Cross
📈 Long...icipate swift execution toward the nearest target.",d86b78eaf1d4dc1d5b842ac352f9abee,2026-09-12T05:09:07+00:00,2026-09-15T17:34:49.061295+00:00,652,Cryptofundtraders1
1318421,36230,"🔖 Signal ID: 003
📩 #PEPEUSDT 15M | MACD Cross
📈 Lo...t objective and extension toward the final target.",475878bd6c02fca9014923fadfd5a559,2026-09-11T23:19:57+00:00,2026-09-15T17:34:49.164337+00:00,652,Cryptofundtraders1
1318384,36229,"🔖 Signal ID: 002
📩 #POLUSDT 15M | BB Breakout
📈 Lo...t objective and extension toward the final target.",665eb9b2cd4679e9693df135408512d0,2026-09-11T23:19:57+00:00,2026-09-15T17:34:49.072404+00:00,652,Cryptofundtraders1
1318367,36228,"🔖 Signal ID: 001
📩 #DOTUSDT 15M | MACD Cross
📈 Lon...ea; expect a rapid move to secure initial profits.",8e7bf02b50fe051d8a3a7533bc3c4672,2026-09-11T23:19:57+00:00,2026-09-15T17:34:48.902383+00:00,652,Cryptofundtraders1
1318407,36226,"🔖 Signal ID: 001
📩 #APTUSDT 15M | MACD Cross
📉 Sho...ea; expect a rapid move to secure initial profits.",c86caffe0cc581e8d2604b89ad358229,2026-09-11T21:17:39+00:00,2026-09-15T17:34:49.132277+00:00,652,Cryptofundtraders1
1318401,36213,"🔖 Signal ID: 004
📩 #STRKUSDT 15M | MACD Cross
📉 Sh...ea; expect a rapid move to secure initial profits.",414b98b806a400e8152ac25623f682f4,2026-09-11T18:56:26+00:00,2026-09-15T17:34:49.123497+00:00,652,Cryptofundtraders1
1318399,36212,"🔖 Signal ID: 003
📩 #RENDERUSDT 15M | EMA Cross
📉 S...icipate swift execution toward the nearest target.",96d7341b917d818dc20d629b053156ef,2026-09-11T18:56:26+00:00,2026-09-15T17:34:49.116742+00:00,652,Cryptofundtraders1
1318393,36214,"🔖 Signal ID: 005
📩 #KASUSDT 15M | MACD Cross
📈 Lon...icipate swift execution toward the nearest target.",b1adf35c64978877816f5b9febddb578,2026-09-11T18:56:26+00:00,2026-09-15T17:34:49.101709+00:00,652,Cryptofundtraders1
1318417,36211,"🔖 Signal ID: 002
📩 #ARBUSDT 15M | EMA Cross
📉 Shor...ea; expect a rapid move to secure initial profits.",2abba21737ad3be10588cab01bf4f3c0,2026-09-11T17:52:01+00:00,2026-09-15T17:34:49.158543+00:00,652,Cryptofundtraders1
1318403,36210,"🔖 Signal ID: 002
📩 #ARBUSDT 15M | EMA Cross
📉 Shor...ea; expect a rapid move to secure initial profits.",2abba21737ad3be10588cab01bf4f3c0,2026-09-11T17:52:01+00:00,2026-09-15T17:34:49.125787+00:00,652,Cryptofundtraders1
1318423,36209,"🔖 Signal ID: 002
📩 #ARBUSDT 15M | EMA Cross
📉 Shor...ea; expect a rapid move to secure initial profits.",2abba21737ad3be10588cab01bf4f3c0,2026-09-11T17:51:58+00:00,2026-09-15T17:34:49.170878+00:00,652,Cryptofundtraders1
1318392,36208,"🔖 Signal ID: 001
📩 #ADAUSDT 15M | EMA Cross
📉 Shor...ea; expect a rapid move to secure initial profits.",967ead1a304681de8fada39f9f2f911c,2026-09-11T17:51:58+00:00,2026-09-15T17:34:49.099145+00:00,652,Cryptofundtraders1
1318390,36194,"🔖 Signal ID: 001
📩 #BTCUSDT 15M | EMA Cross
📉 Shor...icipate swift execution toward the nearest target.",8bfc2dda5ce4c6238de36141497e571a,2026-09-11T09:58:12+00:00,2026-09-15T17:34:49.091692+00:00,652,Cryptofundtraders1
1318372,36195,"🔖 Signal ID: 002
📩 #FLOKIUSDT 15M | EMA Cross
📉 Sh...t objective and extension toward the final target.",334cde167487563e7c01e18c42b4d443,2026-09-11T09:58:12+00:00,2026-09-15T17:34:48.965842+00:00,652,Cryptofundtraders1
1318424,36181,"🔖 Signal ID: 002
📩 #APTUSDT 15M | EMA Cross
📉 Shor...ea; expect a rapid move to secure initial profits.",6322b386af39b8210ba590f5d6683057,2026-09-11T05:53:29+00:00,2026-09-15T17:34:49.185130+00:00,652,Cryptofundtraders1
1318363,36182,"🔖 Signal ID: 003
📩 #GRTUSDT 15M | EMA Cross
📈 Long...t objective and extension toward the final target.",8288881826554a54682b154af4ec220d,2026-09-11T05:53:29+00:00,2026-09-15T17:34:48.858257+00:00,652,Cryptofundtraders1
1318361,36180,"🔖 Signal ID: 001
📩 #NEARUSDT 15M | EMA Cross
📈 Lon...icipate swift execution toward the nearest target.",54e3b5dc25efd5420a9063fc95ea4720,2026-09-11T05:53:29+00:00,2026-09-15T17:34:48.856166+00:00,652,Cryptofundtraders1
1318343,36183,"🔖 Signal ID: 004
📩 #WLDUSDT 15M | BB Breakout
📈 Lo...ea; expect a rapid move to secure initial profits.",e44df657db5d8adff0eb1be45f79badb,2026-09-11T05:53:29+00:00,2026-09-15T17:34:48.613694+00:00,652,Cryptofundtraders1
1318339,36184,"🔖 Signal ID: 005
📩 #ORDIUSDT 15M | MACD Cross
📉 Sh...ea; expect a rapid move to secure initial profits.",c25ca83ebb2034abcde5a1c45a017120,2026-09-11T05:53:29+00:00,2026-09-15T17:34:48.565883+00:00,652,Cryptofundtraders1
1318233,36139,"🔖 Signal ID: 003
📩 #WLDUSDT 15M | MACD Cross
📈 Lon...t objective and extension toward the final target.",64f3c51e7a6dee55566e48f56822bb89,2026-09-11T00:35:43+00:00,2026-09-15T17:34:34.683927+00:00,652,Cryptofundtraders1
1318223,36138,"🔖 Signal ID: 002
📩 #WIFUSDT 15M | MACD Cross
📈 Lon...ea; expect a rapid move to secure initial profits.",5f65658873080966f9bf769b1ac33f56,2026-09-11T00:35:43+00:00,2026-09-15T17:34:34.637418+00:00,652,Cryptofundtraders1
1318186,36137,"🔖 Signal ID: 001
📩 #LTCUSDT 15M | EMA Cross
📈 Long...ea; expect a rapid move to secure initial profits.",de0360402da1bc21b73c0a14016e8a48,2026-09-11T00:35:43+00:00,2026-09-15T17:34:34.374113+00:00,652,Cryptofundtraders1
1318151,36056,"🔖 Signal ID: 010
📩 #OPUSDT 15M | BB Breakdown
📉 Sh...ea; expect a rapid move to secure initial profits.",192a9694cd01606c37d96026119c0ebb,2026-09-10T22:39:54+00:00,2026-09-15T17:34:33.254499+00:00,652,Cryptofundtraders1
1325919,36439,"🔖 Signal ID: 003
📩 #ONDOUSDT 15M | BB Breakout
📈 L...t objective and extension toward the final target.",166677c06935b3ba1f031492f7136d80,2026-09-14T05:22:41+00:00,2026-09-15T19:07:36.813708+00:00,652,Cryptofundtraders1
1325920,36443,"🔖 Signal ID: 002
📩 #ATOMUSDT 15M | EMA Cross
📉 Sho...ea; expect a rapid move to secure initial profits.",8701f183992060eaef694166efacab8a,2026-09-14T05:22:41+00:00,2026-09-15T19:07:36.812844+00:00,652,Cryptofundtraders1
1325923,36442,"🔖 Signal ID: 001
📩 #DOTUSDT 15M | EMA Cross
📉 Shor...icipate swift execution toward the nearest target.",beec542931090c9a1eb8ec3468ad703d,2026-09-14T05:22:41+00:00,2026-09-15T19:07:36.808991+00:00,652,Cryptofundtraders1
1325922,36444,"🔖 Signal ID: 003
📩 #STRKUSDT 15M | EMA Cross
📉 Sho...ea; expect a rapid move to secure initial profits.",cfeba8d235655602d512bdb53a6abfab,2026-09-14T05:22:41+00:00,2026-09-15T19:07:36.807657+00:00,652,Cryptofundtraders1
1325917,36445,"🔖 Signal ID: 004
📩 #ONDOUSDT 15M | MACD Cross
📉 Sh...ea; expect a rapid move to secure initial profits.",b15910156737acee8e79ea65905b816b,2026-09-14T05:22:41+00:00,2026-09-15T19:07:36.800723+00:00,652,Cryptofundtraders1
1325904,36437,"🔖 Signal ID: 001
📩 #LINKUSDT 15M | BB Breakout
📈 L...t objective and extension toward the final target.",02525195d0d7e4d840337acb5d398949,2026-09-14T05:22:41+00:00,2026-09-15T19:07:36.738746+00:00,652,Cryptofundtraders1
1325888,36446,"🔖 Signal ID: 005
📩 #PYTHUSDT 15M | MACD Cross
📈 Lo...icipate swift execution toward the nearest target.",b77e3ab5be161dac4aeaf96580585464,2026-09-14T05:22:41+00:00,2026-09-15T19:07:36.595776+00:00,652,Cryptofundtraders1
1325884,36438,"🔖 Signal ID: 002
📩 #FLOKIUSDT 15M | BB Breakout
📈 ...icipate swift execution toward the nearest target.",20cafb04accb5d3cd02c43598f477c8e,2026-09-14T05:22:41+00:00,2026-09-15T19:07:36.573194+00:00,652,Cryptofundtraders1
1325912,36427,"🔖 Signal ID: 001
📩 #TRXUSDT 15M | MACD Cross
📈 Lon...t objective and extension toward the final target.",e86134841b7fa602cb53b7fa6d90f199,2026-09-14T05:22:40+00:00,2026-09-15T19:07:36.785045+00:00,652,Cryptofundtraders1
1325901,36429,"🔖 Signal ID: 003
📩 #OPUSDT 15M | MACD Cross
📉 Shor...t objective and extension toward the final target.",fb274e9961f12a2ba13721eb6ee57d3b,2026-09-14T05:22:40+00:00,2026-09-15T19:07:36.716878+00:00,652,Cryptofundtraders1
1325899,36430,"🔖 Signal ID: 004
📩 #WLDUSDT 15M | MACD Cross
📉 Sho...ea; expect a rapid move to secure initial profits.",0566262229360b2a5f020c5d8947fec0,2026-09-14T05:22:40+00:00,2026-09-15T19:07:36.712888+00:00,652,Cryptofundtraders1
1325872,36428,"🔖 Signal ID: 002
📩 #XLMUSDT 15M | EMA Cross
📉 Shor...t objective and extension toward the final target.",b1b59c31e0a9e3d58b90aeffe5e2849a,2026-09-14T05:22:40+00:00,2026-09-15T19:07:36.521004+00:00,652,Cryptofundtraders1
1325896,36417,"🔖 Signal ID: 005
📩 #ORDIUSDT 15M | MACD Cross
📈 Lo...ea; expect a rapid move to secure initial profits.",34ff5b66e0e7ba770d04d0c65a230866,2026-09-13T12:05:20+00:00,2026-09-15T19:07:36.684463+00:00,652,Cryptofundtraders1
1325886,36416,"🔖 Signal ID: 004
📩 #BONKUSDT 15M | MACD Cross
📈 Lo...t objective and extension toward the final target.",d8ebdb2882ab779944789e5b269a1600,2026-09-13T12:05:20+00:00,2026-09-15T19:07:36.583535+00:00,652,Cryptofundtraders1
1325897,36397,"🔖 Signal ID: 001
📩 #POLUSDT 15M | MACD Cross
📈 Lon...icipate swift execution toward the nearest target.",f0c6ea53869a1c3d60c52554076835c7,2026-09-13T06:16:44+00:00,2026-09-15T19:07:36.685434+00:00,652,Cryptofundtraders1
1325814,36341,"🔖 Signal ID: 005
📩 #ONDOUSDT 15M | EMA Cross
📈 Lon...t objective and extension toward the final target.",113006b8f933620a8c29e8f9e6eda7fb,2026-09-13T03:49:51+00:00,2026-09-15T19:07:24.813492+00:00,652,Cryptofundtraders1
1325772,36342,"🔖 Signal ID: 006
📩 #ENAUSDT 15M | EMA Cross
📉 Shor...t objective and extension toward the final target.",26fec9feaa7d68e886863540b93f2e42,2026-09-13T03:49:51+00:00,2026-09-15T19:07:24.517555+00:00,652,Cryptofundtraders1
1325843,36334,"🔖 Signal ID: 003
📩 #SEIUSDT 15M | MACD Cross
📉 Sho...icipate swift execution toward the nearest target.",acc5ffd45023875c6562baa7ebdf527b,2026-09-13T01:09:54+00:00,2026-09-15T19:07:24.961568+00:00,652,Cryptofundtraders1
1325840,36333,"🔖 Signal ID: 002
📩 #LTCUSDT 15M | EMA Cross
📈 Long...t objective and extension toward the final target.",3230ba81ac7410d1f2bca050f5fb4aab,2026-09-13T01:09:54+00:00,2026-09-15T19:07:24.946162+00:00,652,Cryptofundtraders1
1325827,36336,"🔖 Signal ID: 005
📩 #ONDOUSDT 15M | EMA Cross
📈 Lon...t objective and extension toward the final target.",113006b8f933620a8c29e8f9e6eda7fb,2026-09-13T01:09:54+00:00,2026-09-15T19:07:24.886896+00:00,652,Cryptofundtraders1
1325824,36332,"🔖 Signal ID: 001
📩 #DOGEUSDT 15M | EMA Cross
📈 Lon...t objective and extension toward the final target.",7c7e7d1850abeb122bc9c1590c8b44b9,2026-09-13T01:09:54+00:00,2026-09-15T19:07:24.870148+00:00,652,Cryptofundtraders1
1325822,36335,"🔖 Signal ID: 004
📩 #ICPUSDT 15M | BB Breakdown
📉 S...icipate swift execution toward the nearest target.",ed256fa3c4ba7853cb975eddc22e82b7,2026-09-13T01:09:54+00:00,2026-09-15T19:07:24.853987+00:00,652,Cryptofundtraders1
1325813,36337,"🔖 Signal ID: 006
📩 #ENAUSDT 15M | EMA Cross
📉 Shor...t objective and extension toward the final target.",26fec9feaa7d68e886863540b93f2e42,2026-09-13T01:09:54+00:00,2026-09-15T19:07:24.812042+00:00,652,Cryptofundtraders1
1325831,36331,"🔖 Signal ID: 004
📩 #ENAUSDT 15M | EMA Cross
📈 Long...ea; expect a rapid move to secure initial profits.",a2f21df1124baf8d3d0512ee1e97743a,2026-09-12T23:14:52+00:00,2026-09-15T19:07:24.887531+00:00,652,Cryptofundtraders1
1325837,36329,"🔖 Signal ID: 002
📩 #ATOMUSDT 15M | BB Breakdown
📉 ...ea; expect a rapid move to secure initial profits.",45cb3dd0af5c785692b82d99ac3abf00,2026-09-12T23:14:42+00:00,2026-09-15T19:07:24.933262+00:00,652,Cryptofundtraders1
1325823,36330,"🔖 Signal ID: 003
📩 #XLMUSDT 15M | MACD Cross
📈 Lon...t objective and extension toward the final target.",94f0cb0103eb1e2661059b93d5e36861,2026-09-12T23:14:42+00:00,2026-09-15T19:07:24.861025+00:00,652,Cryptofundtraders1
1325808,36328,"🔖 Signal ID: 001
📩 #BTCUSDT 15M | EMA Cross
📈 Long...t objective and extension toward the final target.",ae07c36be9c339bff1d51438b87b5ddf,2026-09-12T23:14:29+00:00,2026-09-15T19:07:24.770550+00:00,652,Cryptofundtraders1
1325849,36326,"🔖 Signal ID: 005
📩 #ONDOUSDT 15M | MACD Cross
📈 Lo...icipate swift execution toward the nearest target.",34fd851dd088a0073b5d6f0a47754f4b,2026-09-12T21:39:15+00:00,2026-09-15T19:07:24.988398+00:00,652,Cryptofundtraders1
1325842,36323,"🔖 Signal ID: 002
📩 #DOTUSDT 15M | MACD Cross
📈 Lon...t objective and extension toward the final target.",75bc2565326b984c8952566b7640aed7,2026-09-12T21:39:15+00:00,2026-09-15T19:07:24.954958+00:00,652,Cryptofundtraders1
1325820,36324,"🔖 Signal ID: 003
📩 #IMXUSDT 15M | BB Breakdown
📉 S...t objective and extension toward the final target.",a4eb64c5ccc45608009e65ad13cc16f8,2026-09-12T21:39:15+00:00,2026-09-15T19:07:24.850098+00:00,652,Cryptofundtraders1
1325811,36322,"🔖 Signal ID: 001
📩 #ADAUSDT 15M | MACD Cross
📉 Sho...ea; expect a rapid move to secure initial profits.",1c42344f4fbc3db68647aa01367ca23d,2026-09-12T21:39:15+00:00,2026-09-15T19:07:24.796041+00:00,652,Cryptofundtraders1
1325787,36325,"🔖 Signal ID: 004
📩 #BONKUSDT 15M | MACD Cross
📉 Sh...ea; expect a rapid move to secure initial profits.",4e82ced3274aaabddef311cb6d345def,2026-09-12T21:39:15+00:00,2026-09-15T19:07:24.597900+00:00,652,Cryptofundtraders1
1325829,36315,"🔖 Signal ID: 002
📩 #PYTHUSDT 15M | BB Breakout
📈 L...ea; expect a rapid move to secure initial profits.",4bb7b7b5893c3d281dd1a86aca7cc7ce,2026-09-12T19:10:00+00:00,2026-09-15T19:07:24.889730+00:00,652,Cryptofundtraders1
1325803,36314,"🔖 Signal ID: 001
📩 #PEPEUSDT 15M | MACD Cross
📈 Lo...icipate swift execution toward the nearest target.",da8ec8bcd1dd695ce5d19004c2ead691,2026-09-12T19:10:00+00:00,2026-09-15T19:07:24.741897+00:00,652,Cryptofundtraders1
1325847,36302,"🔖 Signal ID: 001
📩 #LTCUSDT 15M | MACD Cross
📉 Sho...icipate swift execution toward the nearest target.",bd7c434d2abcc86cee71af785321c89e,2026-09-12T17:35:21+00:00,2026-09-15T19:07:24.975289+00:00,652,Cryptofundtraders1
1325807,36304,"🔖 Signal ID: 003
📩 #ARBUSDT 15M | EMA Cross
📉 Shor...icipate swift execution toward the nearest target.",f1cf7bdbdff60ef16abfcb8c7189db1c,2026-09-12T17:35:21+00:00,2026-09-15T19:07:24.756650+00:00,652,Cryptofundtraders1
1325805,36305,"🔖 Signal ID: 004
📩 #PYTHUSDT 15M | MACD Cross
📉 Sh...icipate swift execution toward the nearest target.",c6c1e0fa9c101815fb4884c9ca93f75e,2026-09-12T17:35:21+00:00,2026-09-15T19:07:24.751170+00:00,652,Cryptofundtraders1
1325780,36303,"🔖 Signal ID: 002
📩 #XLMUSDT 15M | MACD Cross
📉 Sho...t objective and extension toward the final target.",c2e8cf3f241dd7fc72059d9aa9979379,2026-09-12T17:35:21+00:00,2026-09-15T19:07:24.538706+00:00,652,Cryptofundtraders1
1325848,36267,"🔖 Signal ID: 009
📩 #JUPUSDT 15M | BB Breakout
📈 Lo...t objective and extension toward the final target.",7a46698b703e589f4c31b7284ace63f5,2026-09-12T10:53:06+00:00,2026-09-15T19:07:24.984276+00:00,652,Cryptofundtraders1
1325819,36275,"🔖 Signal ID: 001
📩 #BTCUSDT 15M | MACD Cross
📈 Lon...t objective and extension toward the final target.",7af4ffab60ee940d2157ca59eb04b0ec,2026-09-12T10:53:06+00:00,2026-09-15T19:07:24.835666+00:00,652,Cryptofundtraders1
1325804,36284,"🔖 Signal ID: 001
📩 #ICPUSDT 15M | EMA Cross
📉 Shor...ea; expect a rapid move to secure initial profits.",0e7863e23b8ab5d7292a080a88d17bb6,2026-09-12T10:53:06+00:00,2026-09-15T19:07:24.748212+00:00,652,Cryptofundtraders1
1325801,36261,"🔖 Signal ID: 003
📩 #XLMUSDT 15M | BB Breakout
📈 Lo...ea; expect a rapid move to secure initial profits.",cdb078acbdfc3a5e22b6203c4e4cfc58,2026-09-12T10:53:06+00:00,2026-09-15T19:07:24.703620+00:00,652,Cryptofundtraders1
1325792,36265,"🔖 Signal ID: 007
📩 #WLDUSDT 15M | EMA Cross
📈 Long...icipate swift execution toward the nearest target.",82ab7edd132dcd132614e151f7a9cbc6,2026-09-12T10:53:06+00:00,2026-09-15T19:07:24.641691+00:00,652,Cryptofundtraders1
1325786,36264,"🔖 Signal ID: 006
📩 #FETUSDT 15M | EMA Cross
📈 Long...icipate swift execution toward the nearest target.",0669266dfd41f3cf1b5557632fd206c1,2026-09-12T10:53:06+00:00,2026-09-15T19:07:24.593299+00:00,652,Cryptofundtraders1
1325776,36276,"🔖 Signal ID: 002
📩 #DOGEUSDT 15M | EMA Cross
📈 Lon...icipate swift execution toward the nearest target.",8a637cf48f6c3ce521bd951f97ef193a,2026-09-12T10:53:06+00:00,2026-09-15T19:07:24.524788+00:00,652,Cryptofundtraders1
1325775,36277,"🔖 Signal ID: 003
📩 #ARBUSDT 15M | EMA Cross
📉 Shor...t objective and extension toward the final target.",6104c46e3259a3782d6b946b1234d70d,2026-09-12T10:53:06+00:00,2026-09-15T19:07:24.523938+00:00,652,Cryptofundtraders1
1325766,36268,"🔖 Signal ID: 010
📩 #BONKUSDT 15M | BB Breakout
📈 L...ea; expect a rapid move to secure initial profits.",cfc4ce40b15210b59f61e11c445272a5,2026-09-12T10:53:06+00:00,2026-09-15T19:07:23.796980+00:00,652,Cryptofundtraders1
1325764,36262,"🔖 Signal ID: 004
📩 #APTUSDT 15M | EMA Cross
📈 Long...t objective and extension toward the final target.",27ce6ae3e5653402c899b0b83ac799c4,2026-09-12T10:53:06+00:00,2026-09-15T19:07:23.781870+00:00,652,Cryptofundtraders1
1325763,36266,"🔖 Signal ID: 008
📩 #RENDERUSDT 15M | BB Breakout
📈...ea; expect a rapid move to secure initial profits.",8e15ca09f60aae016d686a98f7c8fbc0,2026-09-12T10:53:06+00:00,2026-09-15T19:07:23.779327+00:00,652,Cryptofundtraders1
1325762,36259,"🔖 Signal ID: 001
📩 #ADAUSDT 15M | EMA Cross
📈 Long...icipate swift execution toward the nearest target.",d86b78eaf1d4dc1d5b842ac352f9abee,2026-09-12T10:53:06+00:00,2026-09-15T19:07:23.775537+00:00,652,Cryptofundtraders1
1325761,36263,"🔖 Signal ID: 005
📩 #ARBUSDT 15M | EMA Cross
📈 Long...ea; expect a rapid move to secure initial profits.",7220b96eac4e84974fbb7c547bd9c00f,2026-09-12T10:53:06+00:00,2026-09-15T19:07:23.743588+00:00,652,Cryptofundtraders1
1325760,36260,"🔖 Signal ID: 002
📩 #DOTUSDT 15M | EMA Cross
📈 Long...ea; expect a rapid move to secure initial profits.",0a9e90613ed6c5b815f34aa675fb0eae,2026-09-12T10:53:06+00:00,2026-09-15T19:07:23.732008+00:00,652,Cryptofundtraders1
1334175,36653,"🔖 Signal ID: 008
📩 #PYTHUSDT 15M | EMA Cross
📉 Sho...ea; expect a rapid move to secure initial profits.",7ad7f3936d1facf89e1a0a6c068251f5,2026-09-14T22:35:31+00:00,2026-09-15T20:55:10.602752+00:00,652,Cryptofundtraders1
1334128,36652,"🔖 Signal ID: 007
📩 #JUPUSDT 15M | EMA Cross
📉 Shor...ea; expect a rapid move to secure initial profits.",9a24dc96bbece330c3712f88655f9be9,2026-09-14T22:35:31+00:00,2026-09-15T20:55:10.345708+00:00,652,Cryptofundtraders1
1334177,36650,"🔖 Signal ID: 005
📩 #ICPUSDT 15M | EMA Cross
📉 Shor...icipate swift execution toward the nearest target.",594ac3a1475771c9ca3906ac0661fe85,2026-09-14T22:35:17+00:00,2026-09-15T20:55:10.613321+00:00,652,Cryptofundtraders1
1334153,36649,"🔖 Signal ID: 004
📩 #PEPEUSDT 15M | EMA Cross
📉 Sho...ea; expect a rapid move to secure initial profits.",2540eea95cb87f6056bb4e146833166b,2026-09-14T22:35:17+00:00,2026-09-15T20:55:10.523687+00:00,652,Cryptofundtraders1
1334145,36648,"🔖 Signal ID: 003
📩 #NEARUSDT 15M | EMA Cross
📉 Sho...ea; expect a rapid move to secure initial profits.",e9ae9610795b86e070b7c21548c26bb0,2026-09-14T22:35:17+00:00,2026-09-15T20:55:10.499564+00:00,652,Cryptofundtraders1
1334130,36651,"🔖 Signal ID: 006
📩 #IMXUSDT 15M | EMA Cross
📉 Shor...ea; expect a rapid move to secure initial profits.",b4deef1a62dd21720ad96bf3bf14fcc4,2026-09-14T22:35:17+00:00,2026-09-15T20:55:10.361383+00:00,652,Cryptofundtraders1
1334127,36647,"🔖 Signal ID: 002
📩 #ATOMUSDT 15M | EMA Cross
📉 Sho...ea; expect a rapid move to secure initial profits.",927be997c66d53710f4d6f232aa5c302,2026-09-14T22:35:17+00:00,2026-09-15T20:55:10.321002+00:00,652,Cryptofundtraders1
1334147,36644,"🔴 SHORT

#XRP/USDT

Entry : 

1) 1.4540
2) 1.4976
...1.3534

🛑 Stop : 1.5456

Leverage : 10x (isolated)",cc417a8a3679ae430043c17d72e70943,2026-09-14T20:41:50+00:00,2026-09-15T20:55:10.505669+00:00,652,Cryptofundtraders1
1334174,36630,"💎 #Free Signal

🔴 Short

 #KAVA/USDT

Entry : 

1)...2364

🛑 Stop  : 0.071221

Leverage: 10x (isolated)",d0634824e07be2ebe8854ddbab200972,2026-09-14T14:22:11+00:00,2026-09-15T20:55:10.594539+00:00,652,Cryptofundtraders1
1334172,36627,"🔴 SHORT

#XLM/USDT

Entry : 

1) 0.19030
2) 0.1960...17713

🛑 Stop : 0.20228

Leverage : 10x (isolated)",9b93f3eb8f584edff1a935e0fbada350,2026-09-14T11:43:34+00:00,2026-09-15T20:55:10.591210+00:00,652,Cryptofundtraders1
1334140,36625,"💎 #Free Signal

🔴 Short

 #XRP/USDT

Entry : 

1) ...1.3031

🛑 Stop  : 1.4882

Leverage: 10x (isolated)",743e088dde8339313b39ff4bf77c5b10,2026-09-14T10:26:04+00:00,2026-09-15T20:55:10.479270+00:00,652,Cryptofundtraders1
1334121,36622,"💎 #Free Signal

🟢 Long

 #XMR/USDT

Entry : 

1) 5...544.82

🛑 Stop  : 477.81

Leverage: 10x (isolated)",2983ac5424ac7ac62131eccf2732c5de,2026-09-14T09:28:11+00:00,2026-09-15T20:55:10.280481+00:00,652,Cryptofundtraders1
1334170,36620,"💎 #Free Signal

🟢 Long

 #XMR/USDT

Entry : 

1) 5...544.82

🛑 Stop  : 477.81

Leverage: 10x (isolated)",2983ac5424ac7ac62131eccf2732c5de,2026-09-14T09:18:26+00:00,2026-09-15T20:55:10.583365+00:00,652,Cryptofundtraders1
1334173,36613,"🔖 Signal ID: 005
📩 #RENDERUSDT 15M | MACD Cross
📉 ...icipate swift execution toward the nearest target.",d8847572a6d71a6c9e61f7a610bcee7b,2026-09-14T07:05:38+00:00,2026-09-15T20:55:10.592738+00:00,652,Cryptofundtraders1
1334165,36614,"🔖 Signal ID: 006
📩 #BONKUSDT 15M | BB Breakdown
📉 ...t objective and extension toward the final target.",474aa44e0ce5a8133bdc36a7bc2752c3,2026-09-14T07:05:38+00:00,2026-09-15T20:55:10.567682+00:00,652,Cryptofundtraders1
1334142,36610,"🔖 Signal ID: 002
📩 #GRTUSDT 15M | EMA Cross
📉 Shor...ea; expect a rapid move to secure initial profits.",3dc3418f1b1c31b63236fa022157fdec,2026-09-14T07:05:37+00:00,2026-09-15T20:55:10.482370+00:00,652,Cryptofundtraders1
1334136,36609,"🔖 Signal ID: 001
📩 #OPUSDT 15M | EMA Cross
📉 Short...t objective and extension toward the final target.",2d606d498e7fda1873d9bb8f1723d255,2026-09-14T07:05:37+00:00,2026-09-15T20:55:10.461470+00:00,652,Cryptofundtraders1
1334132,36612,"🔖 Signal ID: 004
📩 #WLDUSDT 15M | EMA Cross
📉 Shor...ea; expect a rapid move to secure initial profits.",310bf9eabf4f99c0909239f03beb9d93,2026-09-14T07:05:37+00:00,2026-09-15T20:55:10.368421+00:00,652,Cryptofundtraders1
1334120,36611,"🔖 Signal ID: 003
📩 #FLOKIUSDT 15M | MACD Cross
📉 S...t objective and extension toward the final target.",91d448a244af527f6e7ad317b567f3aa,2026-09-14T07:05:37+00:00,2026-09-15T20:55:10.274891+00:00,652,Cryptofundtraders1
1334064,36463,"🔖 Signal ID: 002
📩 #APTUSDT 15M | MACD Cross
📈 Lon...t objective and extension toward the final target.",26a85ed2ecd618a5ca98676f91fc529b,2026-09-14T05:22:41+00:00,2026-09-15T20:54:55.253430+00:00,652,Cryptofundtraders1
1334059,36462,"🔖 Signal ID: 001
📩 #BTCUSDT 15M | MACD Cross
📈 Lon...t objective and extension toward the final target.",30c4faf3bbe99cbde48c13f049e2c658,2026-09-14T05:22:41+00:00,2026-09-15T20:54:55.236401+00:00,652,Cryptofundtraders1
1334053,36464,"🔖 Signal ID: 003
📩 #WIFUSDT 15M | MACD Cross
📈 Lon...t objective and extension toward the final target.",7de11d02795cd05eddc7d73051a1424b,2026-09-14T05:22:41+00:00,2026-09-15T20:54:55.215918+00:00,652,Cryptofundtraders1
1339921,36781,"🟢 Long

#QTUM/USDT

Entry : 

1) 0.921600
2) 0.893...4651

🛑 Stop : 0.863539

Leverage : 10x (isolated)",95baa705e0ba3d3d4997860da4a650d0,2026-09-15T02:06:19+00:00,2026-09-16T00:40:48.603538+00:00,652,Cryptofundtraders1
1339901,36780,"🔖 Signal ID: 006
📩 #ENAUSDT 15M | EMA Cross
📈 Long...icipate swift execution toward the nearest target.",69769c3b8c7e037522cd58adae5f6a9b,2026-09-15T02:06:06+00:00,2026-09-16T00:40:48.516126+00:00,652,Cryptofundtraders1
1339897,36775,"🔖 Signal ID: 001
📩 #POLUSDT 15M | MACD Cross
📈 Lon...t objective and extension toward the final target.",13cc256a46fca45d2896082a73e53a4e,2026-09-15T02:06:06+00:00,2026-09-16T00:40:48.503883+00:00,652,Cryptofundtraders1
1339892,36776,"🔖 Signal ID: 002
📩 #UNIUSDT 15M | MACD Cross
📈 Lon...ea; expect a rapid move to secure initial profits.",6a8f9fa164ceff02ef32ef47a09a57bd,2026-09-15T02:06:06+00:00,2026-09-16T00:40:48.444553+00:00,652,Cryptofundtraders1
1339871,36777,"🔖 Signal ID: 003
📩 #GRTUSDT 15M | MACD Cross
📈 Lon...t objective and extension toward the final target.",c9aeeff8657d24cdc6de0847fc3c1965,2026-09-15T02:06:06+00:00,2026-09-16T00:40:48.081721+00:00,652,Cryptofundtraders1
1339864,36778,"🔖 Signal ID: 004
📩 #IMXUSDT 15M | EMA Cross
📈 Long...ea; expect a rapid move to secure initial profits.",3225ec0d270f9ff33dbe087246bbfe93,2026-09-15T02:06:06+00:00,2026-09-16T00:40:48.053176+00:00,652,Cryptofundtraders1
1339859,36779,"🔖 Signal ID: 005
📩 #PYTHUSDT 15M | EMA Cross
📉 Sho...t objective and extension toward the final target.",bb76c16e7291e2f45ba00c3abbf2e84b,2026-09-15T02:06:06+00:00,2026-09-16T00:40:47.984732+00:00,652,Cryptofundtraders1
1339927,36766,"💎 #Free Signal

🟢 Long

 #VET/USDT

Entry : 

1) 0...8186

🛑 Stop  : 0.007179

Leverage: 10x (isolated)",d9085e49b6d70fc5d4b7d3afe0521fbb,2026-09-14T23:17:40+00:00,2026-09-16T00:40:48.640942+00:00,652,Cryptofundtraders1
1388751,36986,"💎 #Free Signal

🔴 Short

 #ZEC/USDT

Entry : 

1) ...62.13

🛑 Stop  : 1327.16

Leverage: 10x (isolated)",838e552af8d6059f1c7f66bf5301e96c,2026-09-17T08:23:15+00:00,2026-09-17T14:31:11.259430+00:00,652,Cryptofundtraders1
1388709,36984,"🔴 SHORT

#DASH/USDT

Entry : 

1) 53.59
2) 55.19

...) 49.88

🛑 Stop : 56.96

Leverage : 10x (isolated)",b7888203bad7cc22cb848d2a6f4d821e,2026-09-17T08:23:15+00:00,2026-09-17T14:31:10.841812+00:00,652,Cryptofundtraders1
1388759,36964,"🔖 Signal ID: 008
📩 #JUPUSDT 15M | EMA Cross
📉 Shor...icipate swift execution toward the nearest target.",62315c65789460ea0ca73773225d2ecf,2026-09-17T08:22:44+00:00,2026-09-17T14:31:11.293695+00:00,652,Cryptofundtraders1
1388755,36975,"🔖 Signal ID: 004
📩 #ORDIUSDT 15M | MACD Cross
📉 Sh...t objective and extension toward the final target.",f95a3d1abf5a99de003f27a5cf2313b7,2026-09-17T08:22:44+00:00,2026-09-17T14:31:11.270065+00:00,652,Cryptofundtraders1
1388745,36974,"🔖 Signal ID: 003
📩 #ICPUSDT 15M | MACD Cross
📉 Sho...ea; expect a rapid move to secure initial profits.",9a67c4af8ac7f12d5d9e6b6c6920eb80,2026-09-17T08:22:44+00:00,2026-09-17T14:31:11.176244+00:00,652,Cryptofundtraders1
1388743,36973,"🔖 Signal ID: 002
📩 #OPUSDT 15M | MACD Cross
📉 Shor...ea; expect a rapid move to secure initial profits.",01f9ecee37138078239494353552f233,2026-09-17T08:22:44+00:00,2026-09-17T14:31:11.170595+00:00,652,Cryptofundtraders1
1388716,36980,"🔖 Signal ID: 001
📩 #WLDUSDT 15M | EMA Cross
📈 Long...icipate swift execution toward the nearest target.",652876155026e6d54f4f1a89e22e4993,2026-09-17T08:22:44+00:00,2026-09-17T14:31:10.852297+00:00,652,Cryptofundtraders1
1388707,36965,"🔖 Signal ID: 009
📩 #BONKUSDT 15M | MACD Cross
📉 Sh...t objective and extension toward the final target.",71ac18d8b9519a4a3eca0075f987a3da,2026-09-17T08:22:44+00:00,2026-09-17T14:31:10.836617+00:00,652,Cryptofundtraders1
1388701,36972,"🔖 Signal ID: 001
📩 #LINKUSDT 15M | MACD Cross
📉 Sh...ea; expect a rapid move to secure initial profits.",ea00b95afe533eafef89fa62837b2fa6,2026-09-17T08:22:44+00:00,2026-09-17T14:31:10.733604+00:00,652,Cryptofundtraders1
1388757,36963,"🔖 Signal ID: 007
📩 #RENDERUSDT 15M | MACD Cross
📉 ...ea; expect a rapid move to secure initial profits.",5c041529a01daf23e7c083be8cf12c59,2026-09-17T08:22:43+00:00,2026-09-17T14:31:11.278866+00:00,652,Cryptofundtraders1
1388738,36961,"🔖 Signal ID: 005
📩 #SEIUSDT 15M | MACD Cross
📉 Sho...t objective and extension toward the final target.",f45a13a86c20726daf47d934d6b51597,2026-09-17T08:22:43+00:00,2026-09-17T14:31:11.159139+00:00,652,Cryptofundtraders1
1388730,36959,"🔖 Signal ID: 003
📩 #NEARUSDT 15M | MACD Cross
📉 Sh...icipate swift execution toward the nearest target.",68895527c6a10caf06520d9baa239893,2026-09-17T08:22:43+00:00,2026-09-17T14:31:11.134385+00:00,652,Cryptofundtraders1
1388729,36958,"🔖 Signal ID: 002
📩 #AVAXUSDT 15M | MACD Cross
📉 Sh...t objective and extension toward the final target.",295a4322153977cba949b609ca625d14,2026-09-17T08:22:43+00:00,2026-09-17T14:31:11.129456+00:00,652,Cryptofundtraders1
1388721,36957,"🔖 Signal ID: 001
📩 #TRXUSDT 15M | EMA Cross
📉 Shor...t objective and extension toward the final target.",be050fd51b12c205fd38e9bb19f301b0,2026-09-17T08:22:43+00:00,2026-09-17T14:31:10.875974+00:00,652,Cryptofundtraders1
1388702,36962,"🔖 Signal ID: 006
📩 #IMXUSDT 15M | MACD Cross
📉 Sho...icipate swift execution toward the nearest target.",1e585930fdf48203d9a0032f5f193d80,2026-09-17T08:22:43+00:00,2026-09-17T14:31:10.744891+00:00,652,Cryptofundtraders1
1388698,36960,"🔖 Signal ID: 004
📩 #WIFUSDT 15M | MACD Cross
📉 Sho...t objective and extension toward the final target.",9a5023b5cbcda784d1349164cda55177,2026-09-17T08:22:43+00:00,2026-09-17T14:31:10.583788+00:00,652,Cryptofundtraders1
1388696,36949,"🔖 Signal ID: 003
📩 #FETUSDT 15M | BB Breakout
📈 Lo...ea; expect a rapid move to secure initial profits.",374b8ddd374d359561625fd501e4e9d3,2026-09-17T08:22:43+00:00,2026-09-17T14:31:09.691370+00:00,652,Cryptofundtraders1
1388695,36951,"🔖 Signal ID: 005
📩 #WIFUSDT 15M | BB Breakout
📈 Lo...t objective and extension toward the final target.",c7fe0db301b0e7e574fa86f2a73d2ebc,2026-09-17T08:22:43+00:00,2026-09-17T14:31:09.685064+00:00,652,Cryptofundtraders1
1388693,36950,"🔖 Signal ID: 004
📩 #FLOKIUSDT 15M | BB Breakout
📈 ...ea; expect a rapid move to secure initial profits.",4ef92ea53f8ab0eb712ce98e8f33477f,2026-09-17T08:22:43+00:00,2026-09-17T14:31:09.680619+00:00,652,Cryptofundtraders1
1388692,36952,"🔖 Signal ID: 006
📩 #SEIUSDT 15M | BB Breakout
📈 Lo...ea; expect a rapid move to secure initial profits.",78c3628c07b0d74de66d1e81271182ee,2026-09-17T08:22:43+00:00,2026-09-17T14:31:09.679668+00:00,652,Cryptofundtraders1
1388690,36947,"🔖 Signal ID: 001
📩 #POLUSDT 15M | EMA Cross
📈 Long...icipate swift execution toward the nearest target.",a793f0144c03d2fad9320a04d13db16c,2026-09-17T08:22:43+00:00,2026-09-17T14:31:09.670217+00:00,652,Cryptofundtraders1
1388689,36948,"🔖 Signal ID: 002
📩 #LTCUSDT 15M | BB Breakout
📈 Lo...t objective and extension toward the final target.",07afc4c57a3e633a37f405a759f401a3,2026-09-17T08:22:43+00:00,2026-09-17T14:31:09.668678+00:00,652,Cryptofundtraders1
1388688,36942,"🔖 Signal ID: 002
📩 #RENDERUSDT 15M | MACD Cross
📈 ...ea; expect a rapid move to secure initial profits.",5d6f2a39984cb77b1f422e399a9c68e7,2026-09-17T08:22:42+00:00,2026-09-17T14:31:09.610015+00:00,652,Cryptofundtraders1
1388685,36941,"🔖 Signal ID: 001
📩 #FETUSDT 15M | MACD Cross
📈 Lon...ea; expect a rapid move to secure initial profits.",8cfd93dead1409a112daea868178cf22,2026-09-17T08:22:42+00:00,2026-09-17T14:31:09.513132+00:00,652,Cryptofundtraders1
1395415,37302,"💎 #Free Signal

🟢 Long

 #TRX/USDT

Entry : 

1) 0...35676

🛑 Stop  : 0.31288

Leverage: 10x (isolated)",3d581bee39a2f3869d993d9836961b4b,2026-09-17T16:19:14+00:00,2026-09-17T17:45:57.922916+00:00,652,Cryptofundtraders1
1395413,37291,"🔖 Signal ID: 004
📩 #FETUSDT 15M | MACD Cross
📈 Lon...icipate swift execution toward the nearest target.",629b36ff4a14b9e4bc6a36beba165cad,2026-09-17T12:50:40+00:00,2026-09-17T17:45:57.910270+00:00,652,Cryptofundtraders1
1395402,37290,"🔖 Signal ID: 003
📩 #PEPEUSDT 15M | EMA Cross
📈 Lon...ea; expect a rapid move to secure initial profits.",d264f14b6b34e74155736d3a6adf1d83,2026-09-17T12:50:40+00:00,2026-09-17T17:45:57.862729+00:00,652,Cryptofundtraders1
1395391,37289,"🔖 Signal ID: 002
📩 #LINKUSDT 15M | EMA Cross
📈 Lon...ea; expect a rapid move to secure initial profits.",a1eb2cb4ea63af493eae4e2f87ffc49f,2026-09-17T12:50:40+00:00,2026-09-17T17:45:57.780113+00:00,652,Cryptofundtraders1
1395386,37288,"🔖 Signal ID: 001
📩 #AVAXUSDT 15M | MACD Cross
📈 Lo...t objective and extension toward the final target.",6964a74d47e4c2d385a19ae2fb0ca496,2026-09-17T12:50:40+00:00,2026-09-17T17:45:57.743955+00:00,652,Cryptofundtraders1
1395398,37285,"💎 #Free Signal

🟢 Long

 #IOST/USDT

Entry : 

1) ...09

🛑 Stop  : 0.00075868

Leverage: 10x (isolated)",9fe6919dbf10d363ca919dc8ebd944e5,2026-09-17T12:50:26+00:00,2026-09-17T17:45:57.833886+00:00,652,Cryptofundtraders1
1395393,37286,"🔴 SHORT

#THETA/USDT

Entry : 

1) 0.1851
2) 0.190...0.1722

🛑 Stop : 0.1967

Leverage : 10x (isolated)",032b71df83b39fc77f08175d18ab5316,2026-09-17T12:50:26+00:00,2026-09-17T17:45:57.794157+00:00,652,Cryptofundtraders1
1395405,37282,"💎 #Free Signal

🔴 Short

 #BCH/USDT

Entry : 

1) ...209.20

🛑 Stop  : 238.90

Leverage: 10x (isolated)",82a239779f9702f1038b3a1522a75b1a,2026-09-17T10:10:30+00:00,2026-09-17T17:45:57.871692+00:00,652,Cryptofundtraders1
1395389,37280,"🔴 SHORT

#LTC/USDT

Entry : 

1) 52.84
2) 54.42

T...) 49.18

🛑 Stop : 56.16

Leverage : 10x (isolated)",ce2210da33f082660a6a05d04f7af29d,2026-09-17T08:31:55+00:00,2026-09-17T17:45:57.759046+00:00,652,Cryptofundtraders1
1398526,37308,"💎 #Free Signal

🔴 Short

 #LTC/USDT

Entry : 

1) ...) 49.78

🛑 Stop  : 56.85

Leverage: 10x (isolated)",92d8fec5b9d837f0507abf38cbfa7238,2026-09-17T19:06:28+00:00,2026-09-17T20:09:44.551265+00:00,652,Cryptofundtraders1
1398527,37307,"🔖 Signal ID: 003
📩 #KASUSDT 15M | EMA Cross
📈 Long...ea; expect a rapid move to secure initial profits.",7aa37cf9a9d1eb11f4e4a18d9127c19e,2026-09-17T19:02:05+00:00,2026-09-17T20:09:44.553005+00:00,652,Cryptofundtraders1
1398525,37306,"🔖 Signal ID: 002
📩 #AAVEUSDT 15M | BB Breakout
📈 L...ea; expect a rapid move to secure initial profits.",92c0bb53bab603354ceb7daf81a5f3b3,2026-09-17T19:02:05+00:00,2026-09-17T20:09:44.508890+00:00,652,Cryptofundtraders1
1398524,37305,"🔖 Signal ID: 001
📩 #OPUSDT 15M | BB Breakout
📈 Lon...icipate swift execution toward the nearest target.",3c8e895c9b32a00397691480ae5d8105,2026-09-17T19:02:05+00:00,2026-09-17T20:09:44.437169+00:00,652,Cryptofundtraders1
1399832,37324,"🟢 Long

#IOST/USDT

Entry : 

1) 0.00077690
2) 0.0...05

🛑 Stop : 0.00072795

Leverage : 10x (isolated)",68d575e8a667ddbc6d7bc8b9a297a27f,2026-09-17T22:16:50+00:00,2026-09-17T22:55:49.215584+00:00,652,Cryptofundtraders1
1399831,37322,"🔖 Signal ID: 001
📩 #INJUSDT 15M | BB Breakout
📈 Lo...t objective and extension toward the final target.",4202a875b60b3ea49f8b256846deb2d2,2026-09-17T21:47:08+00:00,2026-09-17T22:55:49.213667+00:00,652,Cryptofundtraders1
