[2026-09-16 19:28:16 UTC] фильтр по датам 2026-08-12..2026-09-04: окон 4170 -> 2726
[2026-09-16 19:28:16 UTC] === СТАРТ. окон всего 2726, уже сделано 8147, к работе 2726 ===
[2026-09-16 19:28:16 UTC] свободно на диске 59.9 ГБ, пауза 0.4 с, стоп-флаг /var/lib/github_export/backfill.STOP
2026-09-16 19:28:16 [info     ] Smart minute data check        end=datetime.datetime(2026, 9, 4, 23, 59, tzinfo=datetime.timezone.utc) expected_minutes=1440 start=datetime.datetime(2026, 9, 4, 0, 0, tzinfo=datetime.timezone.utc) symbol=BTCUSDT
2026-09-16 19:28:16 [warning  ] ⚠️  Incomplete price data, downloading missing existing=111 expected_total=1440 missing=1329 status=INCOMPLETE symbol=BTCUSDT
2026-09-16 19:28:16 [info     ] Start download coin=<Coin: Bitcoin (BTCUSDT)> start_time=datetime.datetime(2026, 9, 4, 0, 0, tzinfo=datetime.timezone.utc) end_time=datetime.datetime(2026, 9, 4, 23, 59, tzinfo=datetime.timezone.utc)
2026-09-16 19:28:16 [info     ] [Bybit] Starting historical data generator for symbol='BTCUSDT', days=90
2026-09-16 19:28:16 [info     ] [Bybit] Loading data from 2026-09-04 00:00:00+00:00 to 2026-09-04 23:59:00+00:00
2026-09-16 19:28:18 [info     ] [Bybit] Yielding batch of 1000 candles for BTCUSDT
2026-09-16 19:28:18 [info     ] [Bybit] Yielding batch of 440 candles for BTCUSDT
2026-09-16 19:28:19 [info     ] [Bybit] Reached start time for BTCUSDT
2026-09-16 19:28:19 [info     ] [Bybit] Historical data generator completed for BTCUSDT
2026-09-16 19:28:19 [info     ] [Bitget] Starting historical data generator for symbol='BTCUSDT', days=90
2026-09-16 19:28:19 [info     ] [Bitget] Loading data from 2026-09-04 00:00:00+00:00 to 2026-09-04 23:59:00+00:00
2026-09-16 19:28:19 - INFO - HTTP Request: GET https://api.bitget.com/api/v2/mix/market/candles?symbol=BTCUSDT&granularity=1m&limit=1000&productType=usdt-futures&endTime=1788566340000 "HTTP/1.1 200 OK"
2026-09-16 19:28:19 [info     ] [Bitget] Yielding batch of 1000 candles for BTCUSDT
2026-09-16 19:28:19 - INFO - HTTP Request: GET https://api.bitget.com/api/v2/mix/market/candles?symbol=BTCUSDT&granularity=1m&limit=1000&productType=usdt-futures&endTime=1788506399999 "HTTP/1.1 200 OK"
2026-09-16 19:28:19 [info     ] [Bitget] Yielding batch of 440 candles for BTCUSDT
2026-09-16 19:28:20 [info     ] [Bitget] Reached start time for BTCUSDT
2026-09-16 19:28:20 [info     ] [Bitget] Historical data generator completed for BTCUSDT
2026-09-16 19:28:20 [info     ] ✅ Price data download completed successfully final_count=2996 final_result=True status=SUCCESS total_minutes=1440
[2026-09-16 19:28:20 UTC] 1/2726 | BTCUSDT 2026-09-04: +2880 свечей (прогнозов ждало 38) | всего +2880 | темп 1097 окон/ч, осталось ~2.5 ч | диск 59.9 ГБ
2026-09-16 19:28:20 [info     ] Smart minute data check        end=datetime.datetime(2026, 9, 4, 23, 59, tzinfo=datetime.timezone.utc) expected_minutes=1440 start=datetime.datetime(2026, 9, 4, 0, 0, tzinfo=datetime.timezone.utc) symbol=ETHUSDT
2026-09-16 19:28:20 [warning  ] ⚠️  Incomplete price data, downloading missing existing=115 expected_total=1440 missing=1325 status=INCOMPLETE symbol=ETHUSDT
2026-09-16 19:28:20 [info     ] Start download coin=<Coin: Ethereum (ETHUSDT)> start_time=datetime.datetime(2026, 9, 4, 0, 0, tzinfo=datetime.timezone.utc) end_time=datetime.datetime(2026, 9, 4, 23, 59, tzinfo=datetime.timezone.utc)
2026-09-16 19:28:20 [info     ] [Bybit] Starting historical data generator for symbol='ETHUSDT', days=90
2026-09-16 19:28:20 [info     ] [Bybit] Loading data from 2026-09-04 00:00:00+00:00 to 2026-09-04 23:59:00+00:00
2026-09-16 19:28:20 [info     ] [Bybit] Yielding batch of 1000 candles for ETHUSDT
2026-09-16 19:28:21 [info     ] [Bybit] Yielding batch of 440 candles for ETHUSDT
2026-09-16 19:28:21 [info     ] [Bybit] Reached start time for ETHUSDT
2026-09-16 19:28:21 [info     ] [Bybit] Historical data generator completed for ETHUSDT
2026-09-16 19:28:21 [info     ] [Bitget] Starting historical data generator for symbol='ETHUSDT', days=90
2026-09-16 19:28:21 [info     ] [Bitget] Loading data from 2026-09-04 00:00:00+00:00 to 2026-09-04 23:59:00+00:00
2026-09-16 19:28:21 - INFO - HTTP Request: GET https://api.bitget.com/api/v2/mix/market/candles?symbol=ETHUSDT&granularity=1m&limit=1000&productType=usdt-futures&endTime=1788566340000 "HTTP/1.1 200 OK"
2026-09-16 19:28:21 [info     ] [Bitget] Yielding batch of 1000 candles for ETHUSDT
2026-09-16 19:28:22 - INFO - HTTP Request: GET https://api.bitget.com/api/v2/mix/market/candles?symbol=ETHUSDT&granularity=1m&limit=1000&productType=usdt-futures&endTime=1788506399999 "HTTP/1.1 200 OK"
2026-09-16 19:28:22 [info     ] [Bitget] Yielding batch of 440 candles for ETHUSDT
2026-09-16 19:28:22 [info     ] [Bitget] Reached start time for ETHUSDT
2026-09-16 19:28:22 [info     ] [Bitget] Historical data generator completed for ETHUSDT
2026-09-16 19:28:22 [info     ] ✅ Price data download completed successfully final_count=3004 final_result=True status=SUCCESS total_minutes=1440
[2026-09-16 19:28:22 UTC] 2/2726 | ETHUSDT 2026-09-04: +2880 свечей (прогнозов ждало 4) | всего +5760 | темп 1304 окон/ч, осталось ~2.1 ч | диск 59.9 ГБ
2026-09-16 19:28:22 [info     ] Smart minute data check        end=datetime.datetime(2026, 9, 4, 23, 59, tzinfo=datetime.timezone.utc) expected_minutes=1440 start=datetime.datetime(2026, 9, 4, 0, 0, tzinfo=datetime.timezone.utc) symbol=BNBUSDT
2026-09-16 19:28:22 [warning  ] ⚠️  Incomplete price data, downloading missing existing=96 expected_total=1440 missing=1344 status=INCOMPLETE symbol=BNBUSDT
2026-09-16 19:28:22 [info     ] Start download coin=<Coin: Binance Coin (BNBUSDT)> start_time=datetime.datetime(2026, 9, 4, 0, 0, tzinfo=datetime.timezone.utc) end_time=datetime.datetime(2026, 9, 4, 23, 59, tzinfo=datetime.timezone.utc)
2026-09-16 19:28:22 [info     ] [Bybit] Starting historical data generator for symbol='BNBUSDT', days=90
2026-09-16 19:28:22 [info     ] [Bybit] Loading data from 2026-09-04 00:00:00+00:00 to 2026-09-04 23:59:00+00:00
2026-09-16 19:28:23 [info     ] [Bybit] Yielding batch of 1000 candles for BNBUSDT
2026-09-16 19:28:23 [info     ] [Bybit] Yielding batch of 440 candles for BNBUSDT
2026-09-16 19:28:24 [info     ] [Bybit] Reached start time for BNBUSDT
2026-09-16 19:28:24 [info     ] [Bybit] Historical data generator completed for BNBUSDT
2026-09-16 19:28:24 [info     ] [Bitget] Starting historical data generator for symbol='BNBUSDT', days=90
2026-09-16 19:28:24 [info     ] [Bitget] Loading data from 2026-09-04 00:00:00+00:00 to 2026-09-04 23:59:00+00:00
2026-09-16 19:28:24 - INFO - HTTP Request: GET https://api.bitget.com/api/v2/mix/market/candles?symbol=BNBUSDT&granularity=1m&limit=1000&productType=usdt-futures&endTime=1788566340000 "HTTP/1.1 200 OK"
2026-09-16 19:28:24 [info     ] [Bitget] Yielding batch of 1000 candles for BNBUSDT
2026-09-16 19:28:24 - INFO - HTTP Request: GET https://api.bitget.com/api/v2/mix/market/candles?symbol=BNBUSDT&granularity=1m&limit=1000&productType=usdt-futures&endTime=1788506399999 "HTTP/1.1 200 OK"
2026-09-16 19:28:24 [info     ] [Bitget] Yielding batch of 440 candles for BNBUSDT
2026-09-16 19:28:24 [info     ] [Bitget] Reached start time for BNBUSDT
2026-09-16 19:28:24 [info     ] [Bitget] Historical data generator completed for BNBUSDT
2026-09-16 19:28:24 [info     ] ✅ Price data download completed successfully final_count=2976 final_result=True status=SUCCESS total_minutes=1440
[2026-09-16 19:28:24 UTC] 3/2726 | BNBUSDT 2026-09-04: +2880 свечей (прогнозов ждало 20) | всего +8640 | темп 1324 окон/ч, осталось ~2.1 ч | диск 59.9 ГБ
2026-09-16 19:28:25 [info     ] Smart minute data check        end=datetime.datetime(2026, 9, 4, 23, 59, tzinfo=datetime.timezone.utc) expected_minutes=1440 start=datetime.datetime(2026, 9, 4, 0, 0, tzinfo=datetime.timezone.utc) symbol=ADAUSDT
2026-09-16 19:28:25 [warning  ] ⚠️  Incomplete price data, downloading missing existing=96 expected_total=1440 missing=1344 status=INCOMPLETE symbol=ADAUSDT
2026-09-16 19:28:25 [info     ] Start download coin=<Coin: Cardano (ADAUSDT)> start_time=datetime.datetime(2026, 9, 4, 0, 0, tzinfo=datetime.timezone.utc) end_time=datetime.datetime(2026, 9, 4, 23, 59, tzinfo=datetime.timezone.utc)
2026-09-16 19:28:25 [info     ] [Bybit] Starting historical data generator for symbol='ADAUSDT', days=90
2026-09-16 19:28:25 [info     ] [Bybit] Loading data from 2026-09-04 00:00:00+00:00 to 2026-09-04 23:59:00+00:00
2026-09-16 19:28:25 [info     ] [Bybit] Yielding batch of 1000 candles for ADAUSDT
2026-09-16 19:28:26 [info     ] [Bybit] Yielding batch of 440 candles for ADAUSDT
2026-09-16 19:28:26 [info     ] [Bybit] Reached start time for ADAUSDT
2026-09-16 19:28:26 [info     ] [Bybit] Historical data generator completed for ADAUSDT
2026-09-16 19:28:26 [info     ] [Bitget] Starting historical data generator for symbol='ADAUSDT', days=90
2026-09-16 19:28:26 [info     ] [Bitget] Loading data from 2026-09-04 00:00:00+00:00 to 2026-09-04 23:59:00+00:00
2026-09-16 19:28:26 - INFO - HTTP Request: GET https://api.bitget.com/api/v2/mix/market/candles?symbol=ADAUSDT&granularity=1m&limit=1000&productType=usdt-futures&endTime=1788566340000 "HTTP/1.1 200 OK"
2026-09-16 19:28:26 [info     ] [Bitget] Yielding batch of 1000 candles for ADAUSDT
2026-09-16 19:28:27 - INFO - HTTP Request: GET https://api.bitget.com/api/v2/mix/market/candles?symbol=ADAUSDT&granularity=1m&limit=1000&productType=usdt-futures&endTime=1788506399999 "HTTP/1.1 200 OK"
2026-09-16 19:28:27 [info     ] [Bitget] Yielding batch of 440 candles for ADAUSDT
2026-09-16 19:28:27 [info     ] [Bitget] Reached start time for ADAUSDT
2026-09-16 19:28:27 [info     ] [Bitget] Historical data generator completed for ADAUSDT
2026-09-16 19:28:27 [info     ] ✅ Price data download completed successfully final_count=2976 final_result=True status=SUCCESS total_minutes=1440
[2026-09-16 19:28:27 UTC] 4/2726 | ADAUSDT 2026-09-04: +2880 свечей (прогнозов ждало 5) | всего +11520 | темп 1363 окон/ч, осталось ~2.0 ч | диск 59.9 ГБ
2026-09-16 19:28:27 [info     ] Smart minute data check        end=datetime.datetime(2026, 9, 4, 23, 59, tzinfo=datetime.timezone.utc) expected_minutes=1440 start=datetime.datetime(2026, 9, 4, 0, 0, tzinfo=datetime.timezone.utc) symbol=SOLUSDT
2026-09-16 19:28:27 [warning  ] ⚠️  Incomplete price data, downloading missing existing=110 expected_total=1440 missing=1330 status=INCOMPLETE symbol=SOLUSDT
2026-09-16 19:28:27 [info     ] Start download coin=<Coin: Solana (SOLUSDT)> start_time=datetime.datetime(2026, 9, 4, 0, 0, tzinfo=datetime.timezone.utc) end_time=datetime.datetime(2026, 9, 4, 23, 59, tzinfo=datetime.timezone.utc)
2026-09-16 19:28:27 [info     ] [Bybit] Starting historical data generator for symbol='SOLUSDT', days=90
2026-09-16 19:28:27 [info     ] [Bybit] Loading data from 2026-09-04 00:00:00+00:00 to 2026-09-04 23:59:00+00:00
2026-09-16 19:28:28 [info     ] [Bybit] Yielding batch of 1000 candles for SOLUSDT
2026-09-16 19:28:28 [info     ] [Bybit] Yielding batch of 440 candles for SOLUSDT
2026-09-16 19:28:29 [info     ] [Bybit] Reached start time for SOLUSDT
2026-09-16 19:28:29 [info     ] [Bybit] Historical data generator completed for SOLUSDT
2026-09-16 19:28:29 [info     ] [Bitget] Starting historical data generator for symbol='SOLUSDT', days=90
2026-09-16 19:28:29 [info     ] [Bitget] Loading data from 2026-09-04 00:00:00+00:00 to 2026-09-04 23:59:00+00:00
2026-09-16 19:28:29 - INFO - HTTP Request: GET https://api.bitget.com/api/v2/mix/market/candles?symbol=SOLUSDT&granularity=1m&limit=1000&productType=usdt-futures&endTime=1788566340000 "HTTP/1.1 200 OK"
2026-09-16 19:28:29 [info     ] [Bitget] Yielding batch of 1000 candles for SOLUSDT
2026-09-16 19:28:29 - INFO - HTTP Request: GET https://api.bitget.com/api/v2/mix/market/candles?symbol=SOLUSDT&granularity=1m&limit=1000&productType=usdt-futures&endTime=1788506399999 "HTTP/1.1 200 OK"
2026-09-16 19:28:29 [info     ] [Bitget] Yielding batch of 440 candles for SOLUSDT
2026-09-16 19:28:29 [info     ] [Bitget] Reached start time for SOLUSDT
2026-09-16 19:28:29 [info     ] [Bitget] Historical data generator completed for SOLUSDT
2026-09-16 19:28:29 [info     ] ✅ Price data download completed successfully final_count=2994 final_result=True status=SUCCESS total_minutes=1440
[2026-09-16 19:28:29 UTC] 5/2726 | SOLUSDT 2026-09-04: +2880 свечей (прогнозов ждало 2) | всего +14400 | темп 1366 окон/ч, осталось ~2.0 ч | диск 59.9 ГБ
2026-09-16 19:28:30 [info     ] Smart minute data check        end=datetime.datetime(2026, 9, 4, 23, 59, tzinfo=datetime.timezone.utc) expected_minutes=1440 start=datetime.datetime(2026, 9, 4, 0, 0, tzinfo=datetime.timezone.utc) symbol=DOTUSDT
2026-09-16 19:28:30 [warning  ] ⚠️  Incomplete price data, downloading missing existing=96 expected_total=1440 missing=1344 status=INCOMPLETE symbol=DOTUSDT
2026-09-16 19:28:30 [info     ] Start download coin=<Coin: Polkadot (DOTUSDT)> start_time=datetime.datetime(2026, 9, 4, 0, 0, tzinfo=datetime.timezone.utc) end_time=datetime.datetime(2026, 9, 4, 23, 59, tzinfo=datetime.timezone.utc)
2026-09-16 19:28:30 [info     ] [Bybit] Starting historical data generator for symbol='DOTUSDT', days=90
2026-09-16 19:28:30 [info     ] [Bybit] Loading data from 2026-09-04 00:00:00+00:00 to 2026-09-04 23:59:00+00:00
2026-09-16 19:28:30 [info     ] [Bybit] Yielding batch of 1000 candles for DOTUSDT
2026-09-16 19:28:31 [info     ] [Bybit] Yielding batch of 440 candles for DOTUSDT
2026-09-16 19:28:31 [info     ] [Bybit] Reached start time for DOTUSDT
2026-09-16 19:28:31 [info     ] [Bybit] Historical data generator completed for DOTUSDT
2026-09-16 19:28:31 [info     ] [Bitget] Starting historical data generator for symbol='DOTUSDT', days=90
2026-09-16 19:28:31 [info     ] [Bitget] Loading data from 2026-09-04 00:00:00+00:00 to 2026-09-04 23:59:00+00:00
2026-09-16 19:28:31 - INFO - HTTP Request: GET https://api.bitget.com/api/v2/mix/market/candles?symbol=DOTUSDT&granularity=1m&limit=1000&productType=usdt-futures&endTime=1788566340000 "HTTP/1.1 200 OK"
2026-09-16 19:28:31 [info     ] [Bitget] Yielding batch of 1000 candles for DOTUSDT
2026-09-16 19:28:32 - INFO - HTTP Request: GET https://api.bitget.com/api/v2/mix/market/candles?symbol=DOTUSDT&granularity=1m&limit=1000&productType=usdt-futures&endTime=1788506399999 "HTTP/1.1 200 OK"
2026-09-16 19:28:32 [info     ] [Bitget] Yielding batch of 440 candles for DOTUSDT
2026-09-16 19:28:32 [info     ] [Bitget] Reached start time for DOTUSDT
2026-09-16 19:28:32 [info     ] [Bitget] Historical data generator completed for DOTUSDT
2026-09-16 19:28:32 [info     ] ✅ Price data download completed successfully final_count=2976 final_result=True status=SUCCESS total_minutes=1440
[2026-09-16 19:28:32 UTC] 6/2726 | DOTUSDT 2026-09-04: +2880 свечей (прогнозов ждало 14) | всего +17280 | темп 1373 окон/ч, осталось ~2.0 ч | диск 59.9 ГБ
2026-09-16 19:28:32 [info     ] Smart minute data check        end=datetime.datetime(2026, 9, 4, 23, 59, tzinfo=datetime.timezone.utc) expected_minutes=1440 start=datetime.datetime(2026, 9, 4, 0, 0, tzinfo=datetime.timezone.utc) symbol=DOGEUSDT
2026-09-16 19:28:32 [warning  ] ⚠️  Incomplete price data, downloading missing existing=97 expected_total=1440 missing=1343 status=INCOMPLETE symbol=DOGEUSDT
2026-09-16 19:28:32 [info     ] Start download coin=<Coin: Dogecoin (DOGEUSDT)> start_time=datetime.datetime(2026, 9, 4, 0, 0, tzinfo=datetime.timezone.utc) end_time=datetime.datetime(2026, 9, 4, 23, 59, tzinfo=datetime.timezone.utc)
2026-09-16 19:28:32 [info     ] [Bybit] Starting historical data generator for symbol='DOGEUSDT', days=90
2026-09-16 19:28:32 [info     ] [Bybit] Loading data from 2026-09-04 00:00:00+00:00 to 2026-09-04 23:59:00+00:00
2026-09-16 19:28:33 [info     ] [Bybit] Yielding batch of 1000 candles for DOGEUSDT
2026-09-16 19:28:34 [info     ] [Bybit] Yielding batch of 440 candles for DOGEUSDT
2026-09-16 19:28:34 [info     ] [Bybit] Reached start time for DOGEUSDT
2026-09-16 19:28:34 [info     ] [Bybit] Historical data generator completed for DOGEUSDT
2026-09-16 19:28:34 [info     ] [Bitget] Starting historical data generator for symbol='DOGEUSDT', days=90
2026-09-16 19:28:34 [info     ] [Bitget] Loading data from 2026-09-04 00:00:00+00:00 to 2026-09-04 23:59:00+00:00
2026-09-16 19:28:34 - INFO - HTTP Request: GET https://api.bitget.com/api/v2/mix/market/candles?symbol=DOGEUSDT&granularity=1m&limit=1000&productType=usdt-futures&endTime=1788566340000 "HTTP/1.1 200 OK"
2026-09-16 19:28:34 [info     ] [Bitget] Yielding batch of 1000 candles for DOGEUSDT
2026-09-16 19:28:35 - INFO - HTTP Request: GET https://api.bitget.com/api/v2/mix/market/candles?symbol=DOGEUSDT&granularity=1m&limit=1000&productType=usdt-futures&endTime=1788506399999 "HTTP/1.1 200 OK"
2026-09-16 19:28:35 [info     ] [Bitget] Yielding batch of 440 candles for DOGEUSDT
2026-09-16 19:28:35 [info     ] [Bitget] Reached start time for DOGEUSDT
2026-09-16 19:28:35 [info     ] [Bitget] Historical data generator completed for DOGEUSDT
2026-09-16 19:28:35 [info     ] ✅ Price data download completed successfully final_count=2977 final_result=True status=SUCCESS total_minutes=1440
[2026-09-16 19:28:35 UTC] 7/2726 | DOGEUSDT 2026-09-04: +2880 свечей (прогнозов ждало 38) | всего +20160 | темп 1345 окон/ч, осталось ~2.0 ч | диск 59.9 ГБ
2026-09-16 19:28:35 [info     ] Smart minute data check        end=datetime.datetime(2026, 9, 4, 23, 59, tzinfo=datetime.timezone.utc) expected_minutes=1440 start=datetime.datetime(2026, 9, 4, 0, 0, tzinfo=datetime.timezone.utc) symbol=XRPUSDT
2026-09-16 19:28:35 [warning  ] ⚠️  Incomplete price data, downloading missing existing=97 expected_total=1440 missing=1343 status=INCOMPLETE symbol=XRPUSDT
2026-09-16 19:28:35 [info     ] Start download coin=<Coin: Ripple (XRPUSDT)> start_time=datetime.datetime(2026, 9, 4, 0, 0, tzinfo=datetime.timezone.utc) end_time=datetime.datetime(2026, 9, 4, 23, 59, tzinfo=datetime.timezone.utc)
2026-09-16 19:28:35 [info     ] [Bybit] Starting historical data generator for symbol='XRPUSDT', days=90
2026-09-16 19:28:35 [info     ] [Bybit] Loading data from 2026-09-04 00:00:00+00:00 to 2026-09-04 23:59:00+00:00
2026-09-16 19:28:36 [info     ] [Bybit] Yielding batch of 1000 candles for XRPUSDT
2026-09-16 19:28:37 [info     ] [Bybit] Yielding batch of 440 candles for XRPUSDT
2026-09-16 19:28:37 [info     ] [Bybit] Reached start time for XRPUSDT
2026-09-16 19:28:37 [info     ] [Bybit] Historical data generator completed for XRPUSDT
2026-09-16 19:28:37 [info     ] [Bitget] Starting historical data generator for symbol='XRPUSDT', days=90
2026-09-16 19:28:37 [info     ] [Bitget] Loading data from 2026-09-04 00:00:00+00:00 to 2026-09-04 23:59:00+00:00
2026-09-16 19:28:37 - INFO - HTTP Request: GET https://api.bitget.com/api/v2/mix/market/candles?symbol=XRPUSDT&granularity=1m&limit=1000&productType=usdt-futures&endTime=1788566340000 "HTTP/1.1 200 OK"
2026-09-16 19:28:37 [info     ] [Bitget] Yielding batch of 1000 candles for XRPUSDT
2026-09-16 19:28:37 - INFO - HTTP Request: GET https://api.bitget.com/api/v2/mix/market/candles?symbol=XRPUSDT&granularity=1m&limit=1000&productType=usdt-futures&endTime=1788506399999 "HTTP/1.1 200 OK"
2026-09-16 19:28:37 [info     ] [Bitget] Yielding batch of 440 candles for XRPUSDT
2026-09-16 19:28:38 [info     ] [Bitget] Reached start time for XRPUSDT
2026-09-16 19:28:38 [info     ] [Bitget] Historical data generator completed for XRPUSDT
2026-09-16 19:28:38 [info     ] ✅ Price data download completed successfully final_count=2979 final_result=True status=SUCCESS total_minutes=1440
[2026-09-16 19:28:38 UTC] 8/2726 | XRPUSDT 2026-09-04: +2880 свечей (прогнозов ждало 43) | всего +23040 | темп 1353 окон/ч, осталось ~2.0 ч | диск 59.9 ГБ
2026-09-16 19:28:38 [info     ] Smart minute data check        end=datetime.datetime(2026, 9, 4, 23, 59, tzinfo=datetime.timezone.utc) expected_minutes=1440 start=datetime.datetime(2026, 9, 4, 0, 0, tzinfo=datetime.timezone.utc) symbol=LTCUSDT
2026-09-16 19:28:38 [warning  ] ⚠️  Incomplete price data, downloading missing existing=97 expected_total=1440 missing=1343 status=INCOMPLETE symbol=LTCUSDT
2026-09-16 19:28:38 [info     ] Start download coin=<Coin: Litecoin (LTCUSDT)> start_time=datetime.datetime(2026, 9, 4, 0, 0, tzinfo=datetime.timezone.utc) end_time=datetime.datetime(2026, 9, 4, 23, 59, tzinfo=datetime.timezone.utc)
2026-09-16 19:28:38 [info     ] [Bybit] Starting historical data generator for symbol='LTCUSDT', days=90
2026-09-16 19:28:38 [info     ] [Bybit] Loading data from 2026-09-04 00:00:00+00:00 to 2026-09-04 23:59:00+00:00
2026-09-16 19:28:38 [info     ] [Bybit] Yielding batch of 1000 candles for LTCUSDT
2026-09-16 19:28:39 [info     ] [Bybit] Yielding batch of 440 candles for LTCUSDT
2026-09-16 19:28:39 [info     ] [Bybit] Reached start time for LTCUSDT
2026-09-16 19:28:39 [info     ] [Bybit] Historical data generator completed for LTCUSDT
2026-09-16 19:28:39 [info     ] [Bitget] Starting historical data generator for symbol='LTCUSDT', days=90
2026-09-16 19:28:39 [info     ] [Bitget] Loading data from 2026-09-04 00:00:00+00:00 to 2026-09-04 23:59:00+00:00
2026-09-16 19:28:39 - INFO - HTTP Request: GET https://api.bitget.com/api/v2/mix/market/candles?symbol=LTCUSDT&granularity=1m&limit=1000&productType=usdt-futures&endTime=1788566340000 "HTTP/1.1 200 OK"
2026-09-16 19:28:39 [info     ] [Bitget] Yielding batch of 1000 candles for LTCUSDT
2026-09-16 19:28:40 - INFO - HTTP Request: GET https://api.bitget.com/api/v2/mix/market/candles?symbol=LTCUSDT&granularity=1m&limit=1000&productType=usdt-futures&endTime=1788506399999 "HTTP/1.1 200 OK"
2026-09-16 19:28:40 [info     ] [Bitget] Yielding batch of 440 candles for LTCUSDT
2026-09-16 19:28:40 [info     ] [Bitget] Reached start time for LTCUSDT
2026-09-16 19:28:40 [info     ] [Bitget] Historical data generator completed for LTCUSDT
2026-09-16 19:28:40 [info     ] ✅ Price data download completed successfully final_count=2977 final_result=True status=SUCCESS total_minutes=1440
[2026-09-16 19:28:40 UTC] 9/2726 | LTCUSDT 2026-09-04: +2880 свечей (прогнозов ждало 6) | всего +25920 | темп 1374 окон/ч, осталось ~2.0 ч | диск 59.9 ГБ
2026-09-16 19:28:40 [info     ] Smart minute data check        end=datetime.datetime(2026, 9, 4, 23, 59, tzinfo=datetime.timezone.utc) expected_minutes=1440 start=datetime.datetime(2026, 9, 4, 0, 0, tzinfo=datetime.timezone.utc) symbol=LINKUSDT
2026-09-16 19:28:40 [warning  ] ⚠️  Incomplete price data, downloading missing existing=96 expected_total=1440 missing=1344 status=INCOMPLETE symbol=LINKUSDT
2026-09-16 19:28:40 [info     ] Start download coin=<Coin: Chainlink (LINKUSDT)> start_time=datetime.datetime(2026, 9, 4, 0, 0, tzinfo=datetime.timezone.utc) end_time=datetime.datetime(2026, 9, 4, 23, 59, tzinfo=datetime.timezone.utc)
2026-09-16 19:28:40 [info     ] [Bybit] Starting historical data generator for symbol='LINKUSDT', days=90
2026-09-16 19:28:40 [info     ] [Bybit] Loading data from 2026-09-04 00:00:00+00:00 to 2026-09-04 23:59:00+00:00
2026-09-16 19:28:41 [info     ] [Bybit] Yielding batch of 1000 candles for LINKUSDT
2026-09-16 19:28:41 [info     ] [Bybit] Yielding batch of 440 candles for LINKUSDT
2026-09-16 19:28:41 [info     ] [Bybit] Reached start time for LINKUSDT
2026-09-16 19:28:41 [info     ] [Bybit] Historical data generator completed for LINKUSDT
2026-09-16 19:28:41 [info     ] [Bitget] Starting historical data generator for symbol='LINKUSDT', days=90
2026-09-16 19:28:41 [info     ] [Bitget] Loading data from 2026-09-04 00:00:00+00:00 to 2026-09-04 23:59:00+00:00
2026-09-16 19:28:42 - INFO - HTTP Request: GET https://api.bitget.com/api/v2/mix/market/candles?symbol=LINKUSDT&granularity=1m&limit=1000&productType=usdt-futures&endTime=1788566340000 "HTTP/1.1 200 OK"
2026-09-16 19:28:42 [info     ] [Bitget] Yielding batch of 1000 candles for LINKUSDT
2026-09-16 19:28:42 - INFO - HTTP Request: GET https://api.bitget.com/api/v2/mix/market/candles?symbol=LINKUSDT&granularity=1m&limit=1000&productType=usdt-futures&endTime=1788506399999 "HTTP/1.1 200 OK"
2026-09-16 19:28:42 [info     ] [Bitget] Yielding batch of 440 candles for LINKUSDT
2026-09-16 19:28:42 [info     ] [Bitget] Reached start time for LINKUSDT
2026-09-16 19:28:42 [info     ] [Bitget] Historical data generator completed for LINKUSDT
2026-09-16 19:28:42 [info     ] ✅ Price data download completed successfully final_count=2976 final_result=True status=SUCCESS total_minutes=1440
[2026-09-16 19:28:42 UTC] 10/2726 | LINKUSDT 2026-09-04: +2880 свечей (прогнозов ждало 3) | всего +28800 | темп 1390 окон/ч, осталось ~2.0 ч | диск 59.9 ГБ
2026-09-16 19:28:43 [info     ] Smart minute data check        end=datetime.datetime(2026, 9, 4, 23, 59, tzinfo=datetime.timezone.utc) expected_minutes=1440 start=datetime.datetime(2026, 9, 4, 0, 0, tzinfo=datetime.timezone.utc) symbol=AVAXUSDT
2026-09-16 19:28:43 [warning  ] ⚠️  Incomplete price data, downloading missing existing=97 expected_total=1440 missing=1343 status=INCOMPLETE symbol=AVAXUSDT
2026-09-16 19:28:43 [info     ] Start download coin=<Coin: Avalanche (AVAXUSDT)> start_time=datetime.datetime(2026, 9, 4, 0, 0, tzinfo=datetime.timezone.utc) end_time=datetime.datetime(2026, 9, 4, 23, 59, tzinfo=datetime.timezone.utc)
2026-09-16 19:28:43 [info     ] [Bybit] Starting historical data generator for symbol='AVAXUSDT', days=90
2026-09-16 19:28:43 [info     ] [Bybit] Loading data from 2026-09-04 00:00:00+00:00 to 2026-09-04 23:59:00+00:00
2026-09-16 19:28:43 [info     ] [Bybit] Yielding batch of 1000 candles for AVAXUSDT
2026-09-16 19:28:44 [info     ] [Bybit] Yielding batch of 440 candles for AVAXUSDT
2026-09-16 19:28:44 [info     ] [Bybit] Reached start time for AVAXUSDT
2026-09-16 19:28:44 [info     ] [Bybit] Historical data generator completed for AVAXUSDT
2026-09-16 19:28:44 [info     ] [Bitget] Starting historical data generator for symbol='AVAXUSDT', days=90
2026-09-16 19:28:44 [info     ] [Bitget] Loading data from 2026-09-04 00:00:00+00:00 to 2026-09-04 23:59:00+00:00
2026-09-16 19:28:44 - INFO - HTTP Request: GET https://api.bitget.com/api/v2/mix/market/candles?symbol=AVAXUSDT&granularity=1m&limit=1000&productType=usdt-futures&endTime=1788566340000 "HTTP/1.1 200 OK"
2026-09-16 19:28:44 [info     ] [Bitget] Yielding batch of 1000 candles for AVAXUSDT
2026-09-16 19:28:45 - INFO - HTTP Request: GET https://api.bitget.com/api/v2/mix/market/candles?symbol=AVAXUSDT&granularity=1m&limit=1000&productType=usdt-futures&endTime=1788506399999 "HTTP/1.1 200 OK"
2026-09-16 19:28:45 [info     ] [Bitget] Yielding batch of 440 candles for AVAXUSDT
2026-09-16 19:28:45 [info     ] [Bitget] Reached start time for AVAXUSDT
2026-09-16 19:28:45 [info     ] [Bitget] Historical data generator completed for AVAXUSDT
2026-09-16 19:28:45 [info     ] ✅ Price data download completed successfully final_count=2977 final_result=True status=SUCCESS total_minutes=1440
[2026-09-16 19:28:45 UTC] 11/2726 | AVAXUSDT 2026-09-04: +2880 свечей (прогнозов ждало 29) | всего +31680 | темп 1391 окон/ч, осталось ~2.0 ч | диск 59.9 ГБ
2026-09-16 19:28:45 [info     ] Smart minute data check        end=datetime.datetime(2026, 9, 4, 23, 59, tzinfo=datetime.timezone.utc) expected_minutes=1440 start=datetime.datetime(2026, 9, 4, 0, 0, tzinfo=datetime.timezone.utc) symbol=ATOMUSDT
2026-09-16 19:28:45 [warning  ] ⚠️  Incomplete price data, downloading missing existing=96 expected_total=1440 missing=1344 status=INCOMPLETE symbol=ATOMUSDT
2026-09-16 19:28:45 [info     ] Start download coin=<Coin: Cosmos (ATOMUSDT)> start_time=datetime.datetime(2026, 9, 4, 0, 0, tzinfo=datetime.timezone.utc) end_time=datetime.datetime(2026, 9, 4, 23, 59, tzinfo=datetime.timezone.utc)
2026-09-16 19:28:45 [info     ] [Bybit] Starting historical data generator for symbol='ATOMUSDT', days=90
2026-09-16 19:28:45 [info     ] [Bybit] Loading data from 2026-09-04 00:00:00+00:00 to 2026-09-04 23:59:00+00:00
2026-09-16 19:28:45 [info     ] [Bybit] Yielding batch of 1000 candles for ATOMUSDT
2026-09-16 19:28:46 [info     ] [Bybit] Yielding batch of 440 candles for ATOMUSDT
2026-09-16 19:28:46 [info     ] [Bybit] Reached start time for ATOMUSDT
2026-09-16 19:28:46 [info     ] [Bybit] Historical data generator completed for ATOMUSDT
2026-09-16 19:28:46 [info     ] [Bitget] Starting historical data generator for symbol='ATOMUSDT', days=90
2026-09-16 19:28:46 [info     ] [Bitget] Loading data from 2026-09-04 00:00:00+00:00 to 2026-09-04 23:59:00+00:00
2026-09-16 19:28:46 - INFO - HTTP Request: GET https://api.bitget.com/api/v2/mix/market/candles?symbol=ATOMUSDT&granularity=1m&limit=1000&productType=usdt-futures&endTime=1788566340000 "HTTP/1.1 200 OK"
2026-09-16 19:28:46 [info     ] [Bitget] Yielding batch of 1000 candles for ATOMUSDT
2026-09-16 19:28:47 - INFO - HTTP Request: GET https://api.bitget.com/api/v2/mix/market/candles?symbol=ATOMUSDT&granularity=1m&limit=1000&productType=usdt-futures&endTime=1788506399999 "HTTP/1.1 200 OK"
2026-09-16 19:28:47 [info     ] [Bitget] Yielding batch of 440 candles for ATOMUSDT
2026-09-16 19:28:47 [info     ] [Bitget] Reached start time for ATOMUSDT
2026-09-16 19:28:47 [info     ] [Bitget] Historical data generator completed for ATOMUSDT
2026-09-16 19:28:47 [info     ] ✅ Price data download completed successfully final_count=2976 final_result=True status=SUCCESS total_minutes=1440
[2026-09-16 19:28:47 UTC] 12/2726 | ATOMUSDT 2026-09-04: +2880 свечей (прогнозов ждало 1) | всего +34560 | темп 1403 окон/ч, осталось ~1.9 ч | диск 59.9 ГБ
2026-09-16 19:28:47 [info     ] Smart minute data check        end=datetime.datetime(2026, 9, 4, 23, 59, tzinfo=datetime.timezone.utc) expected_minutes=1440 start=datetime.datetime(2026, 9, 4, 0, 0, tzinfo=datetime.timezone.utc) symbol=NEARUSDT
2026-09-16 19:28:47 [warning  ] ⚠️  Incomplete price data, downloading missing existing=96 expected_total=1440 missing=1344 status=INCOMPLETE symbol=NEARUSDT
2026-09-16 19:28:47 [info     ] Start download coin=<Coin: Near Protocol (NEARUSDT)> start_time=datetime.datetime(2026, 9, 4, 0, 0, tzinfo=datetime.timezone.utc) end_time=datetime.datetime(2026, 9, 4, 23, 59, tzinfo=datetime.timezone.utc)
2026-09-16 19:28:47 [info     ] [Bybit] Starting historical data generator for symbol='NEARUSDT', days=90
2026-09-16 19:28:47 [info     ] [Bybit] Loading data from 2026-09-04 00:00:00+00:00 to 2026-09-04 23:59:00+00:00
2026-09-16 19:28:48 [info     ] [Bybit] Yielding batch of 1000 candles for NEARUSDT
2026-09-16 19:28:48 [info     ] [Bybit] Yielding batch of 440 candles for NEARUSDT
2026-09-16 19:28:48 [info     ] [Bybit] Reached start time for NEARUSDT
2026-09-16 19:28:48 [info     ] [Bybit] Historical data generator completed for NEARUSDT
2026-09-16 19:28:48 [info     ] [Bitget] Starting historical data generator for symbol='NEARUSDT', days=90
2026-09-16 19:28:48 [info     ] [Bitget] Loading data from 2026-09-04 00:00:00+00:00 to 2026-09-04 23:59:00+00:00
2026-09-16 19:28:49 - INFO - HTTP Request: GET https://api.bitget.com/api/v2/mix/market/candles?symbol=NEARUSDT&granularity=1m&limit=1000&productType=usdt-futures&endTime=1788566340000 "HTTP/1.1 200 OK"
2026-09-16 19:28:49 [info     ] [Bitget] Yielding batch of 1000 candles for NEARUSDT
2026-09-16 19:28:49 - INFO - HTTP Request: GET https://api.bitget.com/api/v2/mix/market/candles?symbol=NEARUSDT&granularity=1m&limit=1000&productType=usdt-futures&endTime=1788506399999 "HTTP/1.1 200 OK"
2026-09-16 19:28:49 [info     ] [Bitget] Yielding batch of 440 candles for NEARUSDT
2026-09-16 19:28:49 [info     ] [Bitget] Reached start time for NEARUSDT
2026-09-16 19:28:49 [info     ] [Bitget] Historical data generator completed for NEARUSDT
2026-09-16 19:28:49 [info     ] ✅ Price data download completed successfully final_count=2976 final_result=True status=SUCCESS total_minutes=1440
[2026-09-16 19:28:49 UTC] 13/2726 | NEARUSDT 2026-09-04: +2880 свечей (прогнозов ждало 22) | всего +37440 | темп 1420 окон/ч, осталось ~1.9 ч | диск 59.9 ГБ
2026-09-16 19:28:50 [info     ] Smart minute data check        end=datetime.datetime(2026, 9, 4, 23, 59, tzinfo=datetime.timezone.utc) expected_minutes=1440 start=datetime.datetime(2026, 9, 4, 0, 0, tzinfo=datetime.timezone.utc) symbol=WLDUSDT
2026-09-16 19:28:50 [warning  ] ⚠️  Incomplete price data, downloading missing existing=96 expected_total=1440 missing=1344 status=INCOMPLETE symbol=WLDUSDT
2026-09-16 19:28:50 [info     ] Start download coin=<Coin:  (WLDUSDT)> start_time=datetime.datetime(2026, 9, 4, 0, 0, tzinfo=datetime.timezone.utc) end_time=datetime.datetime(2026, 9, 4, 23, 59, tzinfo=datetime.timezone.utc)
2026-09-16 19:28:50 [info     ] [Bybit] Starting historical data generator for symbol='WLDUSDT', days=90
2026-09-16 19:28:50 [info     ] [Bybit] Loading data from 2026-09-04 00:00:00+00:00 to 2026-09-04 23:59:00+00:00
2026-09-16 19:28:50 [info     ] [Bybit] Yielding batch of 1000 candles for WLDUSDT
2026-09-16 19:28:51 [info     ] [Bybit] Yielding batch of 440 candles for WLDUSDT
2026-09-16 19:28:51 [info     ] [Bybit] Reached start time for WLDUSDT
2026-09-16 19:28:51 [info     ] [Bybit] Historical data generator completed for WLDUSDT
2026-09-16 19:28:51 [info     ] [Bitget] Starting historical data generator for symbol='WLDUSDT', days=90
2026-09-16 19:28:51 [info     ] [Bitget] Loading data from 2026-09-04 00:00:00+00:00 to 2026-09-04 23:59:00+00:00
2026-09-16 19:28:51 - INFO - HTTP Request: GET https://api.bitget.com/api/v2/mix/market/candles?symbol=WLDUSDT&granularity=1m&limit=1000&productType=usdt-futures&endTime=1788566340000 "HTTP/1.1 200 OK"
2026-09-16 19:28:51 [info     ] [Bitget] Yielding batch of 1000 candles for WLDUSDT
2026-09-16 19:28:52 - INFO - HTTP Request: GET https://api.bitget.com/api/v2/mix/market/candles?symbol=WLDUSDT&granularity=1m&limit=1000&productType=usdt-futures&endTime=1788506399999 "HTTP/1.1 200 OK"
2026-09-16 19:28:52 [info     ] [Bitget] Yielding batch of 440 candles for WLDUSDT
2026-09-16 19:28:52 [info     ] [Bitget] Reached start time for WLDUSDT
2026-09-16 19:28:52 [info     ] [Bitget] Historical data generator completed for WLDUSDT
2026-09-16 19:28:52 [info     ] ✅ Price data download completed successfully final_count=2976 final_result=True status=SUCCESS total_minutes=1440
[2026-09-16 19:28:52 UTC] 14/2726 | WLDUSDT 2026-09-04: +2880 свечей (прогнозов ждало 3) | всего +40320 | темп 1407 окон/ч, осталось ~1.9 ч | диск 59.9 ГБ
2026-09-16 19:28:53 [info     ] Smart minute data check        end=datetime.datetime(2026, 9, 4, 23, 59, tzinfo=datetime.timezone.utc) expected_minutes=1440 start=datetime.datetime(2026, 9, 4, 0, 0, tzinfo=datetime.timezone.utc) symbol=PUMPUSDT
2026-09-16 19:28:53 [warning  ] ⚠️  Incomplete price data, downloading missing existing=96 expected_total=1440 missing=1344 status=INCOMPLETE symbol=PUMPUSDT
2026-09-16 19:28:53 [info     ] Start download coin=<Coin:  (PUMPUSDT)> start_time=datetime.datetime(2026, 9, 4, 0, 0, tzinfo=datetime.timezone.utc) end_time=datetime.datetime(2026, 9, 4, 23, 59, tzinfo=datetime.timezone.utc)
2026-09-16 19:28:53 [info     ] [Bybit] Starting historical data generator for symbol='PUMPUSDT', days=90
2026-09-16 19:28:53 [info     ] [Bybit] Loading data from 2026-09-04 00:00:00+00:00 to 2026-09-04 23:59:00+00:00
2026-09-16 19:28:53 [info     ] [Bybit] No more data for PUMPUSDT
2026-09-16 19:28:53 [info     ] [Bybit] Historical data generator completed for PUMPUSDT
2026-09-16 19:28:53 [info     ] [Bitget] Starting historical data generator for symbol='PUMPUSDT', days=90
2026-09-16 19:28:53 [info     ] [Bitget] Loading data from 2026-09-04 00:00:00+00:00 to 2026-09-04 23:59:00+00:00
2026-09-16 19:28:53 - INFO - HTTP Request: GET https://api.bitget.com/api/v2/mix/market/candles?symbol=PUMPUSDT&granularity=1m&limit=1000&productType=usdt-futures&endTime=1788566340000 "HTTP/1.1 200 OK"
2026-09-16 19:28:53 [info     ] [Bitget] Yielding batch of 1000 candles for PUMPUSDT
2026-09-16 19:28:54 - INFO - HTTP Request: GET https://api.bitget.com/api/v2/mix/market/candles?symbol=PUMPUSDT&granularity=1m&limit=1000&productType=usdt-futures&endTime=1788506399999 "HTTP/1.1 200 OK"
2026-09-16 19:28:54 [info     ] [Bitget] Yielding batch of 440 candles for PUMPUSDT
2026-09-16 19:28:54 [info     ] [Bitget] Reached start time for PUMPUSDT
2026-09-16 19:28:54 [info     ] [Bitget] Historical data generator completed for PUMPUSDT
2026-09-16 19:28:54 [info     ] ✅ Price data download completed successfully final_count=1536 final_result=True status=SUCCESS total_minutes=1440
2026-09-16 19:28:54 [info     ] Smart minute data check        end=datetime.datetime(2026, 9, 4, 23, 59, tzinfo=datetime.timezone.utc) expected_minutes=1440 start=datetime.datetime(2026, 9, 4, 0, 0, tzinfo=datetime.timezone.utc) symbol=IMXUSDT
2026-09-16 19:28:54 [warning  ] ⚠️  Incomplete price data, downloading missing existing=96 expected_total=1440 missing=1344 status=INCOMPLETE symbol=IMXUSDT
2026-09-16 19:28:54 [info     ] Start download coin=<Coin:  (IMXUSDT)> start_time=datetime.datetime(2026, 9, 4, 0, 0, tzinfo=datetime.timezone.utc) end_time=datetime.datetime(2026, 9, 4, 23, 59, tzinfo=datetime.timezone.utc)
2026-09-16 19:28:54 [info     ] [Bybit] Starting historical data generator for symbol='IMXUSDT', days=90
2026-09-16 19:28:54 [info     ] [Bybit] Loading data from 2026-09-04 00:00:00+00:00 to 2026-09-04 23:59:00+00:00
2026-09-16 19:28:54 [info     ] [Bybit] Yielding batch of 1000 candles for IMXUSDT
2026-09-16 19:28:55 [info     ] [Bybit] Yielding batch of 440 candles for IMXUSDT
2026-09-16 19:28:55 [info     ] [Bybit] Reached start time for IMXUSDT
2026-09-16 19:28:55 [info     ] [Bybit] Historical data generator completed for IMXUSDT
2026-09-16 19:28:55 [info     ] [Bitget] Starting historical data generator for symbol='IMXUSDT', days=90
2026-09-16 19:28:55 [info     ] [Bitget] Loading data from 2026-09-04 00:00:00+00:00 to 2026-09-04 23:59:00+00:00
2026-09-16 19:28:55 - INFO - HTTP Request: GET https://api.bitget.com/api/v2/mix/market/candles?symbol=IMXUSDT&granularity=1m&limit=1000&productType=usdt-futures&endTime=1788566340000 "HTTP/1.1 200 OK"
2026-09-16 19:28:55 [info     ] [Bitget] Yielding batch of 1000 candles for IMXUSDT
2026-09-16 19:28:56 - INFO - HTTP Request: GET https://api.bitget.com/api/v2/mix/market/candles?symbol=IMXUSDT&granularity=1m&limit=1000&productType=usdt-futures&endTime=1788506399999 "HTTP/1.1 200 OK"
2026-09-16 19:28:56 [info     ] [Bitget] Yielding batch of 440 candles for IMXUSDT
2026-09-16 19:28:56 [info     ] [Bitget] Reached start time for IMXUSDT
2026-09-16 19:28:56 [info     ] [Bitget] Historical data generator completed for IMXUSDT
2026-09-16 19:28:56 [info     ] ✅ Price data download completed successfully final_count=2976 final_result=True status=SUCCESS total_minutes=1440
[2026-09-16 19:28:56 UTC] 16/2726 | IMXUSDT 2026-09-04: +2880 свечей (прогнозов ждало 1) | всего +44640 | темп 1458 окон/ч, осталось ~1.9 ч | диск 59.9 ГБ
2026-09-16 19:28:56 [info     ] Smart minute data check        end=datetime.datetime(2026, 9, 4, 23, 59, tzinfo=datetime.timezone.utc) expected_minutes=1440 start=datetime.datetime(2026, 9, 4, 0, 0, tzinfo=datetime.timezone.utc) symbol=ASTERUSDT
2026-09-16 19:28:56 [warning  ] ⚠️  Incomplete price data, downloading missing existing=96 expected_total=1440 missing=1344 status=INCOMPLETE symbol=ASTERUSDT
2026-09-16 19:28:56 [info     ] Start download coin=<Coin:  (ASTERUSDT)> start_time=datetime.datetime(2026, 9, 4, 0, 0, tzinfo=datetime.timezone.utc) end_time=datetime.datetime(2026, 9, 4, 23, 59, tzinfo=datetime.timezone.utc)
2026-09-16 19:28:56 [info     ] [Bybit] Starting historical data generator for symbol='ASTERUSDT', days=90
2026-09-16 19:28:56 [info     ] [Bybit] Loading data from 2026-09-04 00:00:00+00:00 to 2026-09-04 23:59:00+00:00
2026-09-16 19:28:56 [info     ] [Bybit] Yielding batch of 1000 candles for ASTERUSDT
2026-09-16 19:28:57 [info     ] [Bybit] Yielding batch of 440 candles for ASTERUSDT
2026-09-16 19:28:57 [info     ] [Bybit] Reached start time for ASTERUSDT
2026-09-16 19:28:57 [info     ] [Bybit] Historical data generator completed for ASTERUSDT
2026-09-16 19:28:57 [info     ] [Bitget] Starting historical data generator for symbol='ASTERUSDT', days=90
2026-09-16 19:28:57 [info     ] [Bitget] Loading data from 2026-09-04 00:00:00+00:00 to 2026-09-04 23:59:00+00:00
2026-09-16 19:28:57 - INFO - HTTP Request: GET https://api.bitget.com/api/v2/mix/market/candles?symbol=ASTERUSDT&granularity=1m&limit=1000&productType=usdt-futures&endTime=1788566340000 "HTTP/1.1 200 OK"
2026-09-16 19:28:57 [info     ] [Bitget] Yielding batch of 1000 candles for ASTERUSDT
2026-09-16 19:28:58 - INFO - HTTP Request: GET https://api.bitget.com/api/v2/mix/market/candles?symbol=ASTERUSDT&granularity=1m&limit=1000&productType=usdt-futures&endTime=1788506399999 "HTTP/1.1 200 OK"
2026-09-16 19:28:58 [info     ] [Bitget] Yielding batch of 440 candles for ASTERUSDT
2026-09-16 19:28:58 [info     ] [Bitget] Reached start time for ASTERUSDT
2026-09-16 19:28:58 [info     ] [Bitget] Historical data generator completed for ASTERUSDT
2026-09-16 19:28:58 [info     ] ✅ Price data download completed successfully final_count=2976 final_result=True status=SUCCESS total_minutes=1440
[2026-09-16 19:28:58 UTC] 17/2726 | ASTERUSDT 2026-09-04: +2880 свечей (прогнозов ждало 1) | всего +47520 | темп 1471 окон/ч, осталось ~1.8 ч | диск 59.9 ГБ
2026-09-16 19:28:58 [info     ] Smart minute data check        end=datetime.datetime(2026, 9, 4, 23, 59, tzinfo=datetime.timezone.utc) expected_minutes=1440 start=datetime.datetime(2026, 9, 4, 0, 0, tzinfo=datetime.timezone.utc) symbol=UNIUSDT
2026-09-16 19:28:58 [warning  ] ⚠️  Incomplete price data, downloading missing existing=116 expected_total=1440 missing=1324 status=INCOMPLETE symbol=UNIUSDT
2026-09-16 19:28:58 [info     ] Start download coin=<Coin:  (UNIUSDT)> start_time=datetime.datetime(2026, 9, 4, 0, 0, tzinfo=datetime.timezone.utc) end_time=datetime.datetime(2026, 9, 4, 23, 59, tzinfo=datetime.timezone.utc)
2026-09-16 19:28:58 [info     ] [Bybit] Starting historical data generator for symbol='UNIUSDT', days=90
2026-09-16 19:28:58 [info     ] [Bybit] Loading data from 2026-09-04 00:00:00+00:00 to 2026-09-04 23:59:00+00:00
2026-09-16 19:28:59 [info     ] [Bybit] Yielding batch of 1000 candles for UNIUSDT
2026-09-16 19:28:59 [info     ] [Bybit] Yielding batch of 440 candles for UNIUSDT
2026-09-16 19:29:00 [info     ] [Bybit] Reached start time for UNIUSDT
2026-09-16 19:29:00 [info     ] [Bybit] Historical data generator completed for UNIUSDT
2026-09-16 19:29:00 [info     ] [Bitget] Starting historical data generator for symbol='UNIUSDT', days=90
2026-09-16 19:29:00 [info     ] [Bitget] Loading data from 2026-09-04 00:00:00+00:00 to 2026-09-04 23:59:00+00:00
2026-09-16 19:29:00 - INFO - HTTP Request: GET https://api.bitget.com/api/v2/mix/market/candles?symbol=UNIUSDT&granularity=1m&limit=1000&productType=usdt-futures&endTime=1788566340000 "HTTP/1.1 200 OK"
2026-09-16 19:29:00 [info     ] [Bitget] Yielding batch of 1000 candles for UNIUSDT
2026-09-16 19:29:00 - INFO - HTTP Request: GET https://api.bitget.com/api/v2/mix/market/candles?symbol=UNIUSDT&granularity=1m&limit=1000&productType=usdt-futures&endTime=1788506399999 "HTTP/1.1 200 OK"
2026-09-16 19:29:00 [info     ] [Bitget] Yielding batch of 440 candles for UNIUSDT
2026-09-16 19:29:00 [info     ] [Bitget] Reached start time for UNIUSDT
2026-09-16 19:29:00 [info     ] [Bitget] Historical data generator completed for UNIUSDT
2026-09-16 19:29:00 [info     ] ✅ Price data download completed successfully final_count=2999 final_result=True status=SUCCESS total_minutes=1440
[2026-09-16 19:29:00 UTC] 18/2726 | UNIUSDT 2026-09-04: +2880 свечей (прогнозов ждало 5) | всего +50400 | темп 1466 окон/ч, осталось ~1.8 ч | диск 59.9 ГБ
2026-09-16 19:29:01 [info     ] Smart minute data check        end=datetime.datetime(2026, 9, 4, 23, 59, tzinfo=datetime.timezone.utc) expected_minutes=1440 start=datetime.datetime(2026, 9, 4, 0, 0, tzinfo=datetime.timezone.utc) symbol=BICOUSDT
2026-09-16 19:29:01 [warning  ] ⚠️  Incomplete price data, downloading missing existing=101 expected_total=1440 missing=1339 status=INCOMPLETE symbol=BICOUSDT
2026-09-16 19:29:01 [info     ] Start download coin=<Coin:  (BICOUSDT)> start_time=datetime.datetime(2026, 9, 4, 0, 0, tzinfo=datetime.timezone.utc) end_time=datetime.datetime(2026, 9, 4, 23, 59, tzinfo=datetime.timezone.utc)
2026-09-16 19:29:01 [info     ] [Bybit] Starting historical data generator for symbol='BICOUSDT', days=90
2026-09-16 19:29:01 [info     ] [Bybit] Loading data from 2026-09-04 00:00:00+00:00 to 2026-09-04 23:59:00+00:00
2026-09-16 19:29:01 [info     ] [Bybit] Yielding batch of 1000 candles for BICOUSDT
2026-09-16 19:29:02 [info     ] [Bybit] Yielding batch of 440 candles for BICOUSDT
2026-09-16 19:29:02 [info     ] [Bybit] Reached start time for BICOUSDT
2026-09-16 19:29:02 [info     ] [Bybit] Historical data generator completed for BICOUSDT
2026-09-16 19:29:02 [info     ] [Bitget] Starting historical data generator for symbol='BICOUSDT', days=90
2026-09-16 19:29:02 [info     ] [Bitget] Loading data from 2026-09-04 00:00:00+00:00 to 2026-09-04 23:59:00+00:00
2026-09-16 19:29:03 - INFO - HTTP Request: GET https://api.bitget.com/api/v2/mix/market/candles?symbol=BICOUSDT&granularity=1m&limit=1000&productType=usdt-futures&endTime=1788566340000 "HTTP/1.1 200 OK"
2026-09-16 19:29:03 [info     ] [Bitget] Yielding batch of 1000 candles for BICOUSDT
2026-09-16 19:29:03 - INFO - HTTP Request: GET https://api.bitget.com/api/v2/mix/market/candles?symbol=BICOUSDT&granularity=1m&limit=1000&productType=usdt-futures&endTime=1788506399999 "HTTP/1.1 200 OK"
2026-09-16 19:29:03 [info     ] [Bitget] Yielding batch of 440 candles for BICOUSDT
2026-09-16 19:29:03 [info     ] [Bitget] Reached start time for BICOUSDT
2026-09-16 19:29:03 [info     ] [Bitget] Historical data generator completed for BICOUSDT
2026-09-16 19:29:03 [info     ] ✅ Price data download completed successfully final_count=2986 final_result=True status=SUCCESS total_minutes=1440
[2026-09-16 19:29:03 UTC] 19/2726 | BICOUSDT 2026-09-04: +2880 свечей (прогнозов ждало 1) | всего +53280 | темп 1459 окон/ч, осталось ~1.9 ч | диск 59.9 ГБ
2026-09-16 19:29:04 [info     ] Smart minute data check        end=datetime.datetime(2026, 9, 4, 23, 59, tzinfo=datetime.timezone.utc) expected_minutes=1440 start=datetime.datetime(2026, 9, 4, 0, 0, tzinfo=datetime.timezone.utc) symbol=APTUSDT
2026-09-16 19:29:04 [warning  ] ⚠️  Incomplete price data, downloading missing existing=96 expected_total=1440 missing=1344 status=INCOMPLETE symbol=APTUSDT
2026-09-16 19:29:04 [info     ] Start download coin=<Coin:  (APTUSDT)> start_time=datetime.datetime(2026, 9, 4, 0, 0, tzinfo=datetime.timezone.utc) end_time=datetime.datetime(2026, 9, 4, 23, 59, tzinfo=datetime.timezone.utc)
2026-09-16 19:29:04 [info     ] [Bybit] Starting historical data generator for symbol='APTUSDT', days=90
2026-09-16 19:29:04 [info     ] [Bybit] Loading data from 2026-09-04 00:00:00+00:00 to 2026-09-04 23:59:00+00:00
2026-09-16 19:29:05 [info     ] [Bybit] Yielding batch of 1000 candles for APTUSDT
2026-09-16 19:29:06 [info     ] [Bybit] Yielding batch of 440 candles for APTUSDT
2026-09-16 19:29:06 [info     ] [Bybit] Reached start time for APTUSDT
2026-09-16 19:29:06 [info     ] [Bybit] Historical data generator completed for APTUSDT
2026-09-16 19:29:06 [info     ] [Bitget] Starting historical data generator for symbol='APTUSDT', days=90
2026-09-16 19:29:06 [info     ] [Bitget] Loading data from 2026-09-04 00:00:00+00:00 to 2026-09-04 23:59:00+00:00
2026-09-16 19:29:06 - INFO - HTTP Request: GET https://api.bitget.com/api/v2/mix/market/candles?symbol=APTUSDT&granularity=1m&limit=1000&productType=usdt-futures&endTime=1788566340000 "HTTP/1.1 200 OK"
2026-09-16 19:29:06 [info     ] [Bitget] Yielding batch of 1000 candles for APTUSDT
2026-09-16 19:29:07 - INFO - HTTP Request: GET https://api.bitget.com/api/v2/mix/market/candles?symbol=APTUSDT&granularity=1m&limit=1000&productType=usdt-futures&endTime=1788506399999 "HTTP/1.1 200 OK"
2026-09-16 19:29:07 [info     ] [Bitget] Yielding batch of 440 candles for APTUSDT
2026-09-16 19:29:07 [info     ] [Bitget] Reached start time for APTUSDT
2026-09-16 19:29:07 [info     ] [Bitget] Historical data generator completed for APTUSDT
2026-09-16 19:29:07 [info     ] ✅ Price data download completed successfully final_count=2976 final_result=True status=SUCCESS total_minutes=1440
[2026-09-16 19:29:07 UTC] 20/2726 | APTUSDT 2026-09-04: +2880 свечей (прогнозов ждало 3) | всего +56160 | темп 1421 окон/ч, осталось ~1.9 ч | диск 59.9 ГБ
2026-09-16 19:29:07 [info     ] Smart minute data check        end=datetime.datetime(2026, 9, 4, 23, 59, tzinfo=datetime.timezone.utc) expected_minutes=1440 start=datetime.datetime(2026, 9, 4, 0, 0, tzinfo=datetime.timezone.utc) symbol=HBARUSDT
2026-09-16 19:29:07 [warning  ] ⚠️  Incomplete price data, downloading missing existing=96 expected_total=1440 missing=1344 status=INCOMPLETE symbol=HBARUSDT
2026-09-16 19:29:07 [info     ] Start download coin=<Coin:  (HBARUSDT)> start_time=datetime.datetime(2026, 9, 4, 0, 0, tzinfo=datetime.timezone.utc) end_time=datetime.datetime(2026, 9, 4, 23, 59, tzinfo=datetime.timezone.utc)
2026-09-16 19:29:07 [info     ] [Bybit] Starting historical data generator for symbol='HBARUSDT', days=90
2026-09-16 19:29:07 [info     ] [Bybit] Loading data from 2026-09-04 00:00:00+00:00 to 2026-09-04 23:59:00+00:00
2026-09-16 19:29:08 [info     ] [Bybit] Yielding batch of 1000 candles for HBARUSDT
2026-09-16 19:29:09 [info     ] [Bybit] Yielding batch of 440 candles for HBARUSDT
2026-09-16 19:29:09 [info     ] [Bybit] Reached start time for HBARUSDT
2026-09-16 19:29:09 [info     ] [Bybit] Historical data generator completed for HBARUSDT
2026-09-16 19:29:09 [info     ] [Bitget] Starting historical data generator for symbol='HBARUSDT', days=90
2026-09-16 19:29:09 [info     ] [Bitget] Loading data from 2026-09-04 00:00:00+00:00 to 2026-09-04 23:59:00+00:00
2026-09-16 19:29:09 - INFO - HTTP Request: GET https://api.bitget.com/api/v2/mix/market/candles?symbol=HBARUSDT&granularity=1m&limit=1000&productType=usdt-futures&endTime=1788566340000 "HTTP/1.1 200 OK"
2026-09-16 19:29:09 [info     ] [Bitget] Yielding batch of 1000 candles for HBARUSDT
2026-09-16 19:29:10 - INFO - HTTP Request: GET https://api.bitget.com/api/v2/mix/market/candles?symbol=HBARUSDT&granularity=1m&limit=1000&productType=usdt-futures&endTime=1788506399999 "HTTP/1.1 200 OK"
2026-09-16 19:29:10 [info     ] [Bitget] Yielding batch of 440 candles for HBARUSDT
2026-09-16 19:29:10 [info     ] [Bitget] Reached start time for HBARUSDT
2026-09-16 19:29:10 [info     ] [Bitget] Historical data generator completed for HBARUSDT
2026-09-16 19:29:10 [info     ] ✅ Price data download completed successfully final_count=2976 final_result=True status=SUCCESS total_minutes=1440
[2026-09-16 19:29:10 UTC] 21/2726 | HBARUSDT 2026-09-04: +2880 свечей (прогнозов ждало 38) | всего +59040 | темп 1409 окон/ч, осталось ~1.9 ч | диск 59.9 ГБ
2026-09-16 19:29:10 [info     ] Smart minute data check        end=datetime.datetime(2026, 9, 4, 23, 59, tzinfo=datetime.timezone.utc) expected_minutes=1440 start=datetime.datetime(2026, 9, 4, 0, 0, tzinfo=datetime.timezone.utc) symbol=SUIUSDT
2026-09-16 19:29:10 [warning  ] ⚠️  Incomplete price data, downloading missing existing=97 expected_total=1440 missing=1343 status=INCOMPLETE symbol=SUIUSDT
2026-09-16 19:29:10 [info     ] Start download coin=<Coin:  (SUIUSDT)> start_time=datetime.datetime(2026, 9, 4, 0, 0, tzinfo=datetime.timezone.utc) end_time=datetime.datetime(2026, 9, 4, 23, 59, tzinfo=datetime.timezone.utc)
2026-09-16 19:29:10 [info     ] [Bybit] Starting historical data generator for symbol='SUIUSDT', days=90
2026-09-16 19:29:10 [info     ] [Bybit] Loading data from 2026-09-04 00:00:00+00:00 to 2026-09-04 23:59:00+00:00
2026-09-16 19:29:11 [info     ] [Bybit] Yielding batch of 1000 candles for SUIUSDT
2026-09-16 19:29:12 [info     ] [Bybit] Yielding batch of 440 candles for SUIUSDT
2026-09-16 19:29:12 [info     ] [Bybit] Reached start time for SUIUSDT
2026-09-16 19:29:12 [info     ] [Bybit] Historical data generator completed for SUIUSDT
2026-09-16 19:29:12 [info     ] [Bitget] Starting historical data generator for symbol='SUIUSDT', days=90
2026-09-16 19:29:12 [info     ] [Bitget] Loading data from 2026-09-04 00:00:00+00:00 to 2026-09-04 23:59:00+00:00
2026-09-16 19:29:12 - INFO - HTTP Request: GET https://api.bitget.com/api/v2/mix/market/candles?symbol=SUIUSDT&granularity=1m&limit=1000&productType=usdt-futures&endTime=1788566340000 "HTTP/1.1 200 OK"
2026-09-16 19:29:12 [info     ] [Bitget] Yielding batch of 1000 candles for SUIUSDT
2026-09-16 19:29:13 - INFO - HTTP Request: GET https://api.bitget.com/api/v2/mix/market/candles?symbol=SUIUSDT&granularity=1m&limit=1000&productType=usdt-futures&endTime=1788506399999 "HTTP/1.1 200 OK"
2026-09-16 19:29:13 [info     ] [Bitget] Yielding batch of 440 candles for SUIUSDT
2026-09-16 19:29:13 [info     ] [Bitget] Reached start time for SUIUSDT
2026-09-16 19:29:13 [info     ] [Bitget] Historical data generator completed for SUIUSDT
2026-09-16 19:29:13 [info     ] ✅ Price data download completed successfully final_count=2977 final_result=True status=SUCCESS total_minutes=1440
[2026-09-16 19:29:13 UTC] 22/2726 | SUIUSDT 2026-09-04: +2880 свечей (прогнозов ждало 3) | всего +61920 | темп 1406 окон/ч, осталось ~1.9 ч | диск 59.9 ГБ
2026-09-16 19:29:13 [info     ] Smart minute data check        end=datetime.datetime(2026, 9, 4, 23, 59, tzinfo=datetime.timezone.utc) expected_minutes=1440 start=datetime.datetime(2026, 9, 4, 0, 0, tzinfo=datetime.timezone.utc) symbol=1INCHUSDT
2026-09-16 19:29:13 [warning  ] ⚠️  Incomplete price data, downloading missing existing=96 expected_total=1440 missing=1344 status=INCOMPLETE symbol=1INCHUSDT
2026-09-16 19:29:13 [info     ] Start download coin=<Coin:  (1INCHUSDT)> start_time=datetime.datetime(2026, 9, 4, 0, 0, tzinfo=datetime.timezone.utc) end_time=datetime.datetime(2026, 9, 4, 23, 59, tzinfo=datetime.timezone.utc)
2026-09-16 19:29:13 [info     ] [Bybit] Starting historical data generator for symbol='1INCHUSDT', days=90
2026-09-16 19:29:13 [info     ] [Bybit] Loading data from 2026-09-04 00:00:00+00:00 to 2026-09-04 23:59:00+00:00
2026-09-16 19:29:14 [info     ] [Bybit] Yielding batch of 1000 candles for 1INCHUSDT
2026-09-16 19:29:15 [info     ] [Bybit] Yielding batch of 440 candles for 1INCHUSDT
2026-09-16 19:29:15 [info     ] [Bybit] Reached start time for 1INCHUSDT
2026-09-16 19:29:15 [info     ] [Bybit] Historical data generator completed for 1INCHUSDT
2026-09-16 19:29:15 [info     ] [Bitget] Starting historical data generator for symbol='1INCHUSDT', days=90
2026-09-16 19:29:15 [info     ] [Bitget] Loading data from 2026-09-04 00:00:00+00:00 to 2026-09-04 23:59:00+00:00
2026-09-16 19:29:15 - INFO - HTTP Request: GET https://api.bitget.com/api/v2/mix/market/candles?symbol=1INCHUSDT&granularity=1m&limit=1000&productType=usdt-futures&endTime=1788566340000 "HTTP/1.1 200 OK"
2026-09-16 19:29:15 [info     ] [Bitget] Yielding batch of 1000 candles for 1INCHUSDT
2026-09-16 19:29:15 - INFO - HTTP Request: GET https://api.bitget.com/api/v2/mix/market/candles?symbol=1INCHUSDT&granularity=1m&limit=1000&productType=usdt-futures&endTime=1788506399999 "HTTP/1.1 200 OK"
2026-09-16 19:29:15 [info     ] [Bitget] Yielding batch of 440 candles for 1INCHUSDT
2026-09-16 19:29:16 [info     ] [Bitget] Reached start time for 1INCHUSDT
2026-09-16 19:29:16 [info     ] [Bitget] Historical data generator completed for 1INCHUSDT
2026-09-16 19:29:16 [info     ] ✅ Price data download completed successfully final_count=2976 final_result=True status=SUCCESS total_minutes=1440
[2026-09-16 19:29:16 UTC] 23/2726 | 1INCHUSDT 2026-09-04: +2880 свечей (прогнозов ждало 53) | всего +64800 | темп 1398 окон/ч, осталось ~1.9 ч | диск 59.9 ГБ
2026-09-16 19:29:16 [info     ] Smart minute data check        end=datetime.datetime(2026, 9, 4, 23, 59, tzinfo=datetime.timezone.utc) expected_minutes=1440 start=datetime.datetime(2026, 9, 4, 0, 0, tzinfo=datetime.timezone.utc) symbol=JASMYUSDT
2026-09-16 19:29:16 [warning  ] ⚠️  Incomplete price data, downloading missing existing=96 expected_total=1440 missing=1344 status=INCOMPLETE symbol=JASMYUSDT
2026-09-16 19:29:16 [info     ] Start download coin=<Coin:  (JASMYUSDT)> start_time=datetime.datetime(2026, 9, 4, 0, 0, tzinfo=datetime.timezone.utc) end_time=datetime.datetime(2026, 9, 4, 23, 59, tzinfo=datetime.timezone.utc)
2026-09-16 19:29:16 [info     ] [Bybit] Starting historical data generator for symbol='JASMYUSDT', days=90
2026-09-16 19:29:16 [info     ] [Bybit] Loading data from 2026-09-04 00:00:00+00:00 to 2026-09-04 23:59:00+00:00
2026-09-16 19:29:17 [info     ] [Bybit] Yielding batch of 1000 candles for JASMYUSDT
2026-09-16 19:29:18 [info     ] [Bybit] Yielding batch of 440 candles for JASMYUSDT
2026-09-16 19:29:18 [info     ] [Bybit] Reached start time for JASMYUSDT
2026-09-16 19:29:18 [info     ] [Bybit] Historical data generator completed for JASMYUSDT
2026-09-16 19:29:18 [info     ] [Bitget] Starting historical data generator for symbol='JASMYUSDT', days=90
2026-09-16 19:29:18 [info     ] [Bitget] Loading data from 2026-09-04 00:00:00+00:00 to 2026-09-04 23:59:00+00:00
2026-09-16 19:29:18 - INFO - HTTP Request: GET https://api.bitget.com/api/v2/mix/market/candles?symbol=JASMYUSDT&granularity=1m&limit=1000&productType=usdt-futures&endTime=1788566340000 "HTTP/1.1 200 OK"
2026-09-16 19:29:18 [info     ] [Bitget] Yielding batch of 1000 candles for JASMYUSDT
2026-09-16 19:29:18 - INFO - HTTP Request: GET https://api.bitget.com/api/v2/mix/market/candles?symbol=JASMYUSDT&granularity=1m&limit=1000&productType=usdt-futures&endTime=1788506399999 "HTTP/1.1 200 OK"
2026-09-16 19:29:18 [info     ] [Bitget] Yielding batch of 440 candles for JASMYUSDT
2026-09-16 19:29:19 [info     ] [Bitget] Reached start time for JASMYUSDT
2026-09-16 19:29:19 [info     ] [Bitget] Historical data generator completed for JASMYUSDT
2026-09-16 19:29:19 [info     ] ✅ Price data download completed successfully final_count=2976 final_result=True status=SUCCESS total_minutes=1440
[2026-09-16 19:29:19 UTC] 24/2726 | JASMYUSDT 2026-09-04: +2880 свечей (прогнозов ждало 4) | всего +67680 | темп 1388 окон/ч, осталось ~1.9 ч | диск 59.9 ГБ
2026-09-16 19:29:19 [info     ] Smart minute data check        end=datetime.datetime(2026, 9, 4, 23, 59, tzinfo=datetime.timezone.utc) expected_minutes=1440 start=datetime.datetime(2026, 9, 4, 0, 0, tzinfo=datetime.timezone.utc) symbol=AAVEUSDT
2026-09-16 19:29:19 [warning  ] ⚠️  Incomplete price data, downloading missing existing=97 expected_total=1440 missing=1343 status=INCOMPLETE symbol=AAVEUSDT
2026-09-16 19:29:19 [info     ] Start download coin=<Coin:  (AAVEUSDT)> start_time=datetime.datetime(2026, 9, 4, 0, 0, tzinfo=datetime.timezone.utc) end_time=datetime.datetime(2026, 9, 4, 23, 59, tzinfo=datetime.timezone.utc)
2026-09-16 19:29:19 [info     ] [Bybit] Starting historical data generator for symbol='AAVEUSDT', days=90
2026-09-16 19:29:19 [info     ] [Bybit] Loading data from 2026-09-04 00:00:00+00:00 to 2026-09-04 23:59:00+00:00
2026-09-16 19:29:19 [info     ] [Bybit] Yielding batch of 1000 candles for AAVEUSDT
2026-09-16 19:29:20 [info     ] [Bybit] Yielding batch of 440 candles for AAVEUSDT
2026-09-16 19:29:20 [info     ] [Bybit] Reached start time for AAVEUSDT
2026-09-16 19:29:20 [info     ] [Bybit] Historical data generator completed for AAVEUSDT
2026-09-16 19:29:20 [info     ] [Bitget] Starting historical data generator for symbol='AAVEUSDT', days=90
2026-09-16 19:29:20 [info     ] [Bitget] Loading data from 2026-09-04 00:00:00+00:00 to 2026-09-04 23:59:00+00:00
2026-09-16 19:29:21 - INFO - HTTP Request: GET https://api.bitget.com/api/v2/mix/market/candles?symbol=AAVEUSDT&granularity=1m&limit=1000&productType=usdt-futures&endTime=1788566340000 "HTTP/1.1 200 OK"
2026-09-16 19:29:21 [info     ] [Bitget] Yielding batch of 1000 candles for AAVEUSDT
2026-09-16 19:29:21 - INFO - HTTP Request: GET https://api.bitget.com/api/v2/mix/market/candles?symbol=AAVEUSDT&granularity=1m&limit=1000&productType=usdt-futures&endTime=1788506399999 "HTTP/1.1 200 OK"
2026-09-16 19:29:21 [info     ] [Bitget] Yielding batch of 440 candles for AAVEUSDT
2026-09-16 19:29:21 [info     ] [Bitget] Reached start time for AAVEUSDT
2026-09-16 19:29:21 [info     ] [Bitget] Historical data generator completed for AAVEUSDT
2026-09-16 19:29:21 [info     ] ✅ Price data download completed successfully final_count=2977 final_result=True status=SUCCESS total_minutes=1440
[2026-09-16 19:29:21 UTC] 25/2726 | AAVEUSDT 2026-09-04: +2880 свечей (прогнозов ждало 3) | всего +70560 | темп 1388 окон/ч, осталось ~1.9 ч | диск 59.9 ГБ
2026-09-16 19:29:22 [info     ] Smart minute data check        end=datetime.datetime(2026, 9, 4, 23, 59, tzinfo=datetime.timezone.utc) expected_minutes=1440 start=datetime.datetime(2026, 9, 4, 0, 0, tzinfo=datetime.timezone.utc) symbol=KASUSDT
2026-09-16 19:29:22 [warning  ] ⚠️  Incomplete price data, downloading missing existing=96 expected_total=1440 missing=1344 status=INCOMPLETE symbol=KASUSDT
2026-09-16 19:29:22 [info     ] Start download coin=<Coin:  (KASUSDT)> start_time=datetime.datetime(2026, 9, 4, 0, 0, tzinfo=datetime.timezone.utc) end_time=datetime.datetime(2026, 9, 4, 23, 59, tzinfo=datetime.timezone.utc)
2026-09-16 19:29:22 [info     ] [Bybit] Starting historical data generator for symbol='KASUSDT', days=90
2026-09-16 19:29:22 [info     ] [Bybit] Loading data from 2026-09-04 00:00:00+00:00 to 2026-09-04 23:59:00+00:00
2026-09-16 19:29:22 [info     ] [Bybit] Yielding batch of 1000 candles for KASUSDT
2026-09-16 19:29:23 [info     ] [Bybit] Yielding batch of 440 candles for KASUSDT
2026-09-16 19:29:23 [info     ] [Bybit] Reached start time for KASUSDT
2026-09-16 19:29:23 [info     ] [Bybit] Historical data generator completed for KASUSDT
2026-09-16 19:29:23 [info     ] [Bitget] Starting historical data generator for symbol='KASUSDT', days=90
2026-09-16 19:29:23 [info     ] [Bitget] Loading data from 2026-09-04 00:00:00+00:00 to 2026-09-04 23:59:00+00:00
2026-09-16 19:29:23 - INFO - HTTP Request: GET https://api.bitget.com/api/v2/mix/market/candles?symbol=KASUSDT&granularity=1m&limit=1000&productType=usdt-futures&endTime=1788566340000 "HTTP/1.1 200 OK"
2026-09-16 19:29:23 [info     ] [Bitget] Yielding batch of 1000 candles for KASUSDT
2026-09-16 19:29:24 - INFO - HTTP Request: GET https://api.bitget.com/api/v2/mix/market/candles?symbol=KASUSDT&granularity=1m&limit=1000&productType=usdt-futures&endTime=1788506399999 "HTTP/1.1 200 OK"
2026-09-16 19:29:24 [info     ] [Bitget] Yielding batch of 440 candles for KASUSDT
2026-09-16 19:29:24 [info     ] [Bitget] Reached start time for KASUSDT
2026-09-16 19:29:24 [info     ] [Bitget] Historical data generator completed for KASUSDT
2026-09-16 19:29:24 [info     ] ✅ Price data download completed successfully final_count=2976 final_result=True status=SUCCESS total_minutes=1440
[2026-09-16 19:29:24 UTC] 26/2726 | KASUSDT 2026-09-04: +2880 свечей (прогнозов ждало 1) | всего +73440 | темп 1386 окон/ч, осталось ~1.9 ч | диск 59.9 ГБ
2026-09-16 19:29:24 [info     ] Smart minute data check        end=datetime.datetime(2026, 9, 4, 23, 59, tzinfo=datetime.timezone.utc) expected_minutes=1440 start=datetime.datetime(2026, 9, 4, 0, 0, tzinfo=datetime.timezone.utc) symbol=ARBUSDT
2026-09-16 19:29:24 [warning  ] ⚠️  Incomplete price data, downloading missing existing=98 expected_total=1440 missing=1342 status=INCOMPLETE symbol=ARBUSDT
2026-09-16 19:29:24 [info     ] Start download coin=<Coin:  (ARBUSDT)> start_time=datetime.datetime(2026, 9, 4, 0, 0, tzinfo=datetime.timezone.utc) end_time=datetime.datetime(2026, 9, 4, 23, 59, tzinfo=datetime.timezone.utc)
2026-09-16 19:29:24 [info     ] [Bybit] Starting historical data generator for symbol='ARBUSDT', days=90
2026-09-16 19:29:24 [info     ] [Bybit] Loading data from 2026-09-04 00:00:00+00:00 to 2026-09-04 23:59:00+00:00
2026-09-16 19:29:25 [info     ] [Bybit] Yielding batch of 1000 candles for ARBUSDT
2026-09-16 19:29:25 [info     ] [Bybit] Yielding batch of 440 candles for ARBUSDT
2026-09-16 19:29:26 [info     ] [Bybit] Reached start time for ARBUSDT
2026-09-16 19:29:26 [info     ] [Bybit] Historical data generator completed for ARBUSDT
2026-09-16 19:29:26 [info     ] [Bitget] Starting historical data generator for symbol='ARBUSDT', days=90
2026-09-16 19:29:26 [info     ] [Bitget] Loading data from 2026-09-04 00:00:00+00:00 to 2026-09-04 23:59:00+00:00
2026-09-16 19:29:26 - INFO - HTTP Request: GET https://api.bitget.com/api/v2/mix/market/candles?symbol=ARBUSDT&granularity=1m&limit=1000&productType=usdt-futures&endTime=1788566340000 "HTTP/1.1 200 OK"
2026-09-16 19:29:26 [info     ] [Bitget] Yielding batch of 1000 candles for ARBUSDT
2026-09-16 19:29:26 - INFO - HTTP Request: GET https://api.bitget.com/api/v2/mix/market/candles?symbol=ARBUSDT&granularity=1m&limit=1000&productType=usdt-futures&endTime=1788506399999 "HTTP/1.1 200 OK"
2026-09-16 19:29:26 [info     ] [Bitget] Yielding batch of 440 candles for ARBUSDT
2026-09-16 19:29:26 [info     ] [Bitget] Reached start time for ARBUSDT
2026-09-16 19:29:26 [info     ] [Bitget] Historical data generator completed for ARBUSDT
2026-09-16 19:29:26 [info     ] ✅ Price data download completed successfully final_count=2978 final_result=True status=SUCCESS total_minutes=1440
[2026-09-16 19:29:26 UTC] 27/2726 | ARBUSDT 2026-09-04: +2880 свечей (прогнозов ждало 2) | всего +76320 | темп 1387 окон/ч, осталось ~1.9 ч | диск 59.9 ГБ
2026-09-16 19:29:27 [info     ] Smart minute data check        end=datetime.datetime(2026, 9, 4, 23, 59, tzinfo=datetime.timezone.utc) expected_minutes=1440 start=datetime.datetime(2026, 9, 4, 0, 0, tzinfo=datetime.timezone.utc) symbol=KAVAUSDT
2026-09-16 19:29:27 [warning  ] ⚠️  Incomplete price data, downloading missing existing=96 expected_total=1440 missing=1344 status=INCOMPLETE symbol=KAVAUSDT
2026-09-16 19:29:27 [info     ] Start download coin=<Coin:  (KAVAUSDT)> start_time=datetime.datetime(2026, 9, 4, 0, 0, tzinfo=datetime.timezone.utc) end_time=datetime.datetime(2026, 9, 4, 23, 59, tzinfo=datetime.timezone.utc)
2026-09-16 19:29:27 [info     ] [Bybit] Starting historical data generator for symbol='KAVAUSDT', days=90
2026-09-16 19:29:27 [info     ] [Bybit] Loading data from 2026-09-04 00:00:00+00:00 to 2026-09-04 23:59:00+00:00
2026-09-16 19:29:27 [info     ] [Bybit] Yielding batch of 1000 candles for KAVAUSDT
2026-09-16 19:29:28 [info     ] [Bybit] Yielding batch of 440 candles for KAVAUSDT
2026-09-16 19:29:28 [info     ] [Bybit] Reached start time for KAVAUSDT
2026-09-16 19:29:28 [info     ] [Bybit] Historical data generator completed for KAVAUSDT
2026-09-16 19:29:28 [info     ] [Bitget] Starting historical data generator for symbol='KAVAUSDT', days=90
2026-09-16 19:29:28 [info     ] [Bitget] Loading data from 2026-09-04 00:00:00+00:00 to 2026-09-04 23:59:00+00:00
2026-09-16 19:29:28 - INFO - HTTP Request: GET https://api.bitget.com/api/v2/mix/market/candles?symbol=KAVAUSDT&granularity=1m&limit=1000&productType=usdt-futures&endTime=1788566340000 "HTTP/1.1 200 OK"
2026-09-16 19:29:28 [info     ] [Bitget] Yielding batch of 1000 candles for KAVAUSDT
2026-09-16 19:29:28 - INFO - HTTP Request: GET https://api.bitget.com/api/v2/mix/market/candles?symbol=KAVAUSDT&granularity=1m&limit=1000&productType=usdt-futures&endTime=1788506399999 "HTTP/1.1 200 OK"
2026-09-16 19:29:28 [info     ] [Bitget] Yielding batch of 440 candles for KAVAUSDT
2026-09-16 19:29:28 [info     ] [Bitget] Reached start time for KAVAUSDT
2026-09-16 19:29:28 [info     ] [Bitget] Historical data generator completed for KAVAUSDT
2026-09-16 19:29:28 [info     ] ✅ Price data download completed successfully final_count=2976 final_result=True status=SUCCESS total_minutes=1440
[2026-09-16 19:29:28 UTC] 28/2726 | KAVAUSDT 2026-09-04: +2880 свечей (прогнозов ждало 2) | всего +79200 | темп 1397 окон/ч, осталось ~1.9 ч | диск 59.9 ГБ
2026-09-16 19:29:29 [info     ] Smart minute data check        end=datetime.datetime(2026, 9, 4, 23, 59, tzinfo=datetime.timezone.utc) expected_minutes=1440 start=datetime.datetime(2026, 9, 4, 0, 0, tzinfo=datetime.timezone.utc) symbol=ICPUSDT
2026-09-16 19:29:29 [warning  ] ⚠️  Incomplete price data, downloading missing existing=96 expected_total=1440 missing=1344 status=INCOMPLETE symbol=ICPUSDT
2026-09-16 19:29:29 [info     ] Start download coin=<Coin:  (ICPUSDT)> start_time=datetime.datetime(2026, 9, 4, 0, 0, tzinfo=datetime.timezone.utc) end_time=datetime.datetime(2026, 9, 4, 23, 59, tzinfo=datetime.timezone.utc)
2026-09-16 19:29:29 [info     ] [Bybit] Starting historical data generator for symbol='ICPUSDT', days=90
2026-09-16 19:29:29 [info     ] [Bybit] Loading data from 2026-09-04 00:00:00+00:00 to 2026-09-04 23:59:00+00:00
2026-09-16 19:29:29 [info     ] [Bybit] Yielding batch of 1000 candles for ICPUSDT
2026-09-16 19:29:30 [info     ] [Bybit] Yielding batch of 440 candles for ICPUSDT
2026-09-16 19:29:30 [info     ] [Bybit] Reached start time for ICPUSDT
2026-09-16 19:29:30 [info     ] [Bybit] Historical data generator completed for ICPUSDT
2026-09-16 19:29:30 [info     ] [Bitget] Starting historical data generator for symbol='ICPUSDT', days=90
2026-09-16 19:29:30 [info     ] [Bitget] Loading data from 2026-09-04 00:00:00+00:00 to 2026-09-04 23:59:00+00:00
2026-09-16 19:29:30 - INFO - HTTP Request: GET https://api.bitget.com/api/v2/mix/market/candles?symbol=ICPUSDT&granularity=1m&limit=1000&productType=usdt-futures&endTime=1788566340000 "HTTP/1.1 200 OK"
2026-09-16 19:29:30 [info     ] [Bitget] Yielding batch of 1000 candles for ICPUSDT
2026-09-16 19:29:31 - INFO - HTTP Request: GET https://api.bitget.com/api/v2/mix/market/candles?symbol=ICPUSDT&granularity=1m&limit=1000&productType=usdt-futures&endTime=1788506399999 "HTTP/1.1 200 OK"
2026-09-16 19:29:31 [info     ] [Bitget] Yielding batch of 440 candles for ICPUSDT
2026-09-16 19:29:31 [info     ] [Bitget] Reached start time for ICPUSDT
2026-09-16 19:29:31 [info     ] [Bitget] Historical data generator completed for ICPUSDT
2026-09-16 19:29:31 [info     ] ✅ Price data download completed successfully final_count=2976 final_result=True status=SUCCESS total_minutes=1440
[2026-09-16 19:29:31 UTC] 29/2726 | ICPUSDT 2026-09-04: +2880 свечей (прогнозов ждало 3) | всего +82080 | темп 1400 окон/ч, осталось ~1.9 ч | диск 59.9 ГБ
2026-09-16 19:29:31 [info     ] Smart minute data check        end=datetime.datetime(2026, 9, 4, 23, 59, tzinfo=datetime.timezone.utc) expected_minutes=1440 start=datetime.datetime(2026, 9, 4, 0, 0, tzinfo=datetime.timezone.utc) symbol=STRKUSDT
2026-09-16 19:29:31 [warning  ] ⚠️  Incomplete price data, downloading missing existing=96 expected_total=1440 missing=1344 status=INCOMPLETE symbol=STRKUSDT
2026-09-16 19:29:31 [info     ] Start download coin=<Coin:  (STRKUSDT)> start_time=datetime.datetime(2026, 9, 4, 0, 0, tzinfo=datetime.timezone.utc) end_time=datetime.datetime(2026, 9, 4, 23, 59, tzinfo=datetime.timezone.utc)
2026-09-16 19:29:31 [info     ] [Bybit] Starting historical data generator for symbol='STRKUSDT', days=90
2026-09-16 19:29:31 [info     ] [Bybit] Loading data from 2026-09-04 00:00:00+00:00 to 2026-09-04 23:59:00+00:00
2026-09-16 19:29:31 [info     ] [Bybit] Yielding batch of 1000 candles for STRKUSDT
2026-09-16 19:29:32 [info     ] [Bybit] Yielding batch of 440 candles for STRKUSDT
2026-09-16 19:29:32 [info     ] [Bybit] Reached start time for STRKUSDT
2026-09-16 19:29:32 [info     ] [Bybit] Historical data generator completed for STRKUSDT
2026-09-16 19:29:32 [info     ] [Bitget] Starting historical data generator for symbol='STRKUSDT', days=90
2026-09-16 19:29:32 [info     ] [Bitget] Loading data from 2026-09-04 00:00:00+00:00 to 2026-09-04 23:59:00+00:00
2026-09-16 19:29:33 - INFO - HTTP Request: GET https://api.bitget.com/api/v2/mix/market/candles?symbol=STRKUSDT&granularity=1m&limit=1000&productType=usdt-futures&endTime=1788566340000 "HTTP/1.1 200 OK"
2026-09-16 19:29:33 [info     ] [Bitget] Yielding batch of 1000 candles for STRKUSDT
2026-09-16 19:29:33 - INFO - HTTP Request: GET https://api.bitget.com/api/v2/mix/market/candles?symbol=STRKUSDT&granularity=1m&limit=1000&productType=usdt-futures&endTime=1788506399999 "HTTP/1.1 200 OK"
2026-09-16 19:29:33 [info     ] [Bitget] Yielding batch of 440 candles for STRKUSDT
2026-09-16 19:29:33 [info     ] [Bitget] Reached start time for STRKUSDT
2026-09-16 19:29:33 [info     ] [Bitget] Historical data generator completed for STRKUSDT
2026-09-16 19:29:33 [info     ] ✅ Price data download completed successfully final_count=2976 final_result=True status=SUCCESS total_minutes=1440
[2026-09-16 19:29:33 UTC] 30/2726 | STRKUSDT 2026-09-04: +2880 свечей (прогнозов ждало 6) | всего +84960 | темп 1405 окон/ч, осталось ~1.9 ч | диск 59.9 ГБ
2026-09-16 19:29:34 [info     ] Smart minute data check        end=datetime.datetime(2026, 9, 4, 23, 59, tzinfo=datetime.timezone.utc) expected_minutes=1440 start=datetime.datetime(2026, 9, 4, 0, 0, tzinfo=datetime.timezone.utc) symbol=HUSDT
2026-09-16 19:29:34 [warning  ] ⚠️  Incomplete price data, downloading missing existing=95 expected_total=1440 missing=1345 status=INCOMPLETE symbol=HUSDT
2026-09-16 19:29:34 [info     ] Start download coin=<Coin:  (HUSDT)> start_time=datetime.datetime(2026, 9, 4, 0, 0, tzinfo=datetime.timezone.utc) end_time=datetime.datetime(2026, 9, 4, 23, 59, tzinfo=datetime.timezone.utc)
2026-09-16 19:29:34 [info     ] [Bybit] Starting historical data generator for symbol='HUSDT', days=90
2026-09-16 19:29:34 [info     ] [Bybit] Loading data from 2026-09-04 00:00:00+00:00 to 2026-09-04 23:59:00+00:00
2026-09-16 19:29:34 [info     ] [Bybit] Yielding batch of 1000 candles for HUSDT
2026-09-16 19:29:34 [info     ] [Bybit] Yielding batch of 440 candles for HUSDT
2026-09-16 19:29:34 [info     ] [Bybit] Reached start time for HUSDT
2026-09-16 19:29:34 [info     ] [Bybit] Historical data generator completed for HUSDT
2026-09-16 19:29:34 [info     ] [Bitget] Starting historical data generator for symbol='HUSDT', days=90
2026-09-16 19:29:34 [info     ] [Bitget] Loading data from 2026-09-04 00:00:00+00:00 to 2026-09-04 23:59:00+00:00
2026-09-16 19:29:35 - INFO - HTTP Request: GET https://api.bitget.com/api/v2/mix/market/candles?symbol=HUSDT&granularity=1m&limit=1000&productType=usdt-futures&endTime=1788566340000 "HTTP/1.1 200 OK"
2026-09-16 19:29:35 [info     ] [Bitget] Yielding batch of 1000 candles for HUSDT
2026-09-16 19:29:35 - INFO - HTTP Request: GET https://api.bitget.com/api/v2/mix/market/candles?symbol=HUSDT&granularity=1m&limit=1000&productType=usdt-futures&endTime=1788506399999 "HTTP/1.1 200 OK"
2026-09-16 19:29:35 [info     ] [Bitget] Yielding batch of 440 candles for HUSDT
2026-09-16 19:29:35 [info     ] [Bitget] Reached start time for HUSDT
2026-09-16 19:29:35 [info     ] [Bitget] Historical data generator completed for HUSDT
2026-09-16 19:29:35 [info     ] ✅ Price data download completed successfully final_count=2975 final_result=True status=SUCCESS total_minutes=1440
[2026-09-16 19:29:35 UTC] 31/2726 | HUSDT 2026-09-04: +2880 свечей (прогнозов ждало 2) | всего +87840 | темп 1412 окон/ч, осталось ~1.9 ч | диск 59.9 ГБ
2026-09-16 19:29:36 [info     ] Smart minute data check        end=datetime.datetime(2026, 9, 4, 23, 59, tzinfo=datetime.timezone.utc) expected_minutes=1440 start=datetime.datetime(2026, 9, 4, 0, 0, tzinfo=datetime.timezone.utc) symbol=EIGENUSDT
2026-09-16 19:29:36 [warning  ] ⚠️  Incomplete price data, downloading missing existing=95 expected_total=1440 missing=1345 status=INCOMPLETE symbol=EIGENUSDT
2026-09-16 19:29:36 [info     ] Start download coin=<Coin:  (EIGENUSDT)> start_time=datetime.datetime(2026, 9, 4, 0, 0, tzinfo=datetime.timezone.utc) end_time=datetime.datetime(2026, 9, 4, 23, 59, tzinfo=datetime.timezone.utc)
2026-09-16 19:29:36 [info     ] [Bybit] Starting historical data generator for symbol='EIGENUSDT', days=90
2026-09-16 19:29:36 [info     ] [Bybit] Loading data from 2026-09-04 00:00:00+00:00 to 2026-09-04 23:59:00+00:00
2026-09-16 19:29:36 [info     ] [Bybit] Yielding batch of 1000 candles for EIGENUSDT
2026-09-16 19:29:37 [info     ] [Bybit] Yielding batch of 440 candles for EIGENUSDT
2026-09-16 19:29:37 [info     ] [Bybit] Reached start time for EIGENUSDT
2026-09-16 19:29:37 [info     ] [Bybit] Historical data generator completed for EIGENUSDT
2026-09-16 19:29:37 [info     ] [Bitget] Starting historical data generator for symbol='EIGENUSDT', days=90
2026-09-16 19:29:37 [info     ] [Bitget] Loading data from 2026-09-04 00:00:00+00:00 to 2026-09-04 23:59:00+00:00
2026-09-16 19:29:38 - INFO - HTTP Request: GET https://api.bitget.com/api/v2/mix/market/candles?symbol=EIGENUSDT&granularity=1m&limit=1000&productType=usdt-futures&endTime=1788566340000 "HTTP/1.1 200 OK"
2026-09-16 19:29:38 [info     ] [Bitget] Yielding batch of 1000 candles for EIGENUSDT
2026-09-16 19:29:38 - INFO - HTTP Request: GET https://api.bitget.com/api/v2/mix/market/candles?symbol=EIGENUSDT&granularity=1m&limit=1000&productType=usdt-futures&endTime=1788506399999 "HTTP/1.1 200 OK"
2026-09-16 19:29:38 [info     ] [Bitget] Yielding batch of 440 candles for EIGENUSDT
2026-09-16 19:29:38 [info     ] [Bitget] Reached start time for EIGENUSDT
2026-09-16 19:29:38 [info     ] [Bitget] Historical data generator completed for EIGENUSDT
2026-09-16 19:29:38 [info     ] ✅ Price data download completed successfully final_count=2975 final_result=True status=SUCCESS total_minutes=1440
[2026-09-16 19:29:38 UTC] 32/2726 | EIGENUSDT 2026-09-04: +2880 свечей (прогнозов ждало 2) | всего +90720 | темп 1406 окон/ч, осталось ~1.9 ч | диск 59.9 ГБ
2026-09-16 19:29:39 [info     ] Smart minute data check        end=datetime.datetime(2026, 9, 4, 23, 59, tzinfo=datetime.timezone.utc) expected_minutes=1440 start=datetime.datetime(2026, 9, 4, 0, 0, tzinfo=datetime.timezone.utc) symbol=FILUSDT
2026-09-16 19:29:39 [warning  ] ⚠️  Incomplete price data, downloading missing existing=95 expected_total=1440 missing=1345 status=INCOMPLETE symbol=FILUSDT
2026-09-16 19:29:39 [info     ] Start download coin=<Coin:  (FILUSDT)> start_time=datetime.datetime(2026, 9, 4, 0, 0, tzinfo=datetime.timezone.utc) end_time=datetime.datetime(2026, 9, 4, 23, 59, tzinfo=datetime.timezone.utc)
2026-09-16 19:29:39 [info     ] [Bybit] Starting historical data generator for symbol='FILUSDT', days=90
2026-09-16 19:29:39 [info     ] [Bybit] Loading data from 2026-09-04 00:00:00+00:00 to 2026-09-04 23:59:00+00:00
2026-09-16 19:29:39 [info     ] [Bybit] Yielding batch of 1000 candles for FILUSDT
2026-09-16 19:29:40 [info     ] [Bybit] Yielding batch of 440 candles for FILUSDT
2026-09-16 19:29:40 [info     ] [Bybit] Reached start time for FILUSDT
2026-09-16 19:29:40 [info     ] [Bybit] Historical data generator completed for FILUSDT
2026-09-16 19:29:40 [info     ] [Bitget] Starting historical data generator for symbol='FILUSDT', days=90
2026-09-16 19:29:40 [info     ] [Bitget] Loading data from 2026-09-04 00:00:00+00:00 to 2026-09-04 23:59:00+00:00
2026-09-16 19:29:40 - INFO - HTTP Request: GET https://api.bitget.com/api/v2/mix/market/candles?symbol=FILUSDT&granularity=1m&limit=1000&productType=usdt-futures&endTime=1788566340000 "HTTP/1.1 200 OK"
2026-09-16 19:29:40 [info     ] [Bitget] Yielding batch of 1000 candles for FILUSDT
2026-09-16 19:29:41 - INFO - HTTP Request: GET https://api.bitget.com/api/v2/mix/market/candles?symbol=FILUSDT&granularity=1m&limit=1000&productType=usdt-futures&endTime=1788506399999 "HTTP/1.1 200 OK"
2026-09-16 19:29:41 [info     ] [Bitget] Yielding batch of 440 candles for FILUSDT
2026-09-16 19:29:41 [info     ] [Bitget] Reached start time for FILUSDT
2026-09-16 19:29:41 [info     ] [Bitget] Historical data generator completed for FILUSDT
2026-09-16 19:29:41 [info     ] ✅ Price data download completed successfully final_count=2975 final_result=True status=SUCCESS total_minutes=1440
[2026-09-16 19:29:41 UTC] 33/2726 | FILUSDT 2026-09-04: +2880 свечей (прогнозов ждало 1) | всего +93600 | темп 1403 окон/ч, осталось ~1.9 ч | диск 59.9 ГБ
2026-09-16 19:29:41 [info     ] Smart minute data check        end=datetime.datetime(2026, 9, 4, 23, 59, tzinfo=datetime.timezone.utc) expected_minutes=1440 start=datetime.datetime(2026, 9, 4, 0, 0, tzinfo=datetime.timezone.utc) symbol=TRUMPUSDT
2026-09-16 19:29:41 [warning  ] ⚠️  Incomplete price data, downloading missing existing=95 expected_total=1440 missing=1345 status=INCOMPLETE symbol=TRUMPUSDT
2026-09-16 19:29:41 [info     ] Start download coin=<Coin:  (TRUMPUSDT)> start_time=datetime.datetime(2026, 9, 4, 0, 0, tzinfo=datetime.timezone.utc) end_time=datetime.datetime(2026, 9, 4, 23, 59, tzinfo=datetime.timezone.utc)
2026-09-16 19:29:41 [info     ] [Bybit] Starting historical data generator for symbol='TRUMPUSDT', days=90
2026-09-16 19:29:41 [info     ] [Bybit] Loading data from 2026-09-04 00:00:00+00:00 to 2026-09-04 23:59:00+00:00
2026-09-16 19:29:42 [info     ] [Bybit] Yielding batch of 1000 candles for TRUMPUSDT
2026-09-16 19:29:42 [info     ] [Bybit] Yielding batch of 440 candles for TRUMPUSDT
2026-09-16 19:29:42 [info     ] [Bybit] Reached start time for TRUMPUSDT
2026-09-16 19:29:42 [info     ] [Bybit] Historical data generator completed for TRUMPUSDT
2026-09-16 19:29:42 [info     ] [Bitget] Starting historical data generator for symbol='TRUMPUSDT', days=90
2026-09-16 19:29:42 [info     ] [Bitget] Loading data from 2026-09-04 00:00:00+00:00 to 2026-09-04 23:59:00+00:00
2026-09-16 19:29:43 - INFO - HTTP Request: GET https://api.bitget.com/api/v2/mix/market/candles?symbol=TRUMPUSDT&granularity=1m&limit=1000&productType=usdt-futures&endTime=1788566340000 "HTTP/1.1 200 OK"
2026-09-16 19:29:43 [info     ] [Bitget] Yielding batch of 1000 candles for TRUMPUSDT
2026-09-16 19:29:43 - INFO - HTTP Request: GET https://api.bitget.com/api/v2/mix/market/candles?symbol=TRUMPUSDT&granularity=1m&limit=1000&productType=usdt-futures&endTime=1788506399999 "HTTP/1.1 200 OK"
2026-09-16 19:29:43 [info     ] [Bitget] Yielding batch of 440 candles for TRUMPUSDT
2026-09-16 19:29:43 [info     ] [Bitget] Reached start time for TRUMPUSDT
2026-09-16 19:29:43 [info     ] [Bitget] Historical data generator completed for TRUMPUSDT
2026-09-16 19:29:43 [info     ] ✅ Price data download completed successfully final_count=2975 final_result=True status=SUCCESS total_minutes=1440
[2026-09-16 19:29:43 UTC] 34/2726 | TRUMPUSDT 2026-09-04: +2880 свечей (прогнозов ждало 6) | всего +96480 | темп 1409 окон/ч, осталось ~1.9 ч | диск 59.9 ГБ
2026-09-16 19:29:44 [info     ] Smart minute data check        end=datetime.datetime(2026, 9, 4, 23, 59, tzinfo=datetime.timezone.utc) expected_minutes=1440 start=datetime.datetime(2026, 9, 4, 0, 0, tzinfo=datetime.timezone.utc) symbol=HYPEUSDT
2026-09-16 19:29:44 [warning  ] ⚠️  Incomplete price data, downloading missing existing=110 expected_total=1440 missing=1330 status=INCOMPLETE symbol=HYPEUSDT
2026-09-16 19:29:44 [info     ] Start download coin=<Coin:  (HYPEUSDT)> start_time=datetime.datetime(2026, 9, 4, 0, 0, tzinfo=datetime.timezone.utc) end_time=datetime.datetime(2026, 9, 4, 23, 59, tzinfo=datetime.timezone.utc)
2026-09-16 19:29:44 [info     ] [Bybit] Starting historical data generator for symbol='HYPEUSDT', days=90
2026-09-16 19:29:44 [info     ] [Bybit] Loading data from 2026-09-04 00:00:00+00:00 to 2026-09-04 23:59:00+00:00
2026-09-16 19:29:44 [info     ] [Bybit] Yielding batch of 1000 candles for HYPEUSDT
2026-09-16 19:29:45 [info     ] [Bybit] Yielding batch of 440 candles for HYPEUSDT
2026-09-16 19:29:45 [info     ] [Bybit] Reached start time for HYPEUSDT
2026-09-16 19:29:45 [info     ] [Bybit] Historical data generator completed for HYPEUSDT
2026-09-16 19:29:45 [info     ] [Bitget] Starting historical data generator for symbol='HYPEUSDT', days=90
2026-09-16 19:29:45 [info     ] [Bitget] Loading data from 2026-09-04 00:00:00+00:00 to 2026-09-04 23:59:00+00:00
2026-09-16 19:29:45 - INFO - HTTP Request: GET https://api.bitget.com/api/v2/mix/market/candles?symbol=HYPEUSDT&granularity=1m&limit=1000&productType=usdt-futures&endTime=1788566340000 "HTTP/1.1 200 OK"
2026-09-16 19:29:45 [info     ] [Bitget] Yielding batch of 1000 candles for HYPEUSDT
2026-09-16 19:29:46 - INFO - HTTP Request: GET https://api.bitget.com/api/v2/mix/market/candles?symbol=HYPEUSDT&granularity=1m&limit=1000&productType=usdt-futures&endTime=1788506399999 "HTTP/1.1 200 OK"
2026-09-16 19:29:46 [info     ] [Bitget] Yielding batch of 440 candles for HYPEUSDT
2026-09-16 19:29:46 [info     ] [Bitget] Reached start time for HYPEUSDT
2026-09-16 19:29:46 [info     ] [Bitget] Historical data generator completed for HYPEUSDT
2026-09-16 19:29:46 [info     ] ✅ Price data download completed successfully final_count=2997 final_result=True status=SUCCESS total_minutes=1440
[2026-09-16 19:29:46 UTC] 35/2726 | HYPEUSDT 2026-09-04: +2880 свечей (прогнозов ждало 1) | всего +99360 | темп 1408 окон/ч, осталось ~1.9 ч | диск 59.9 ГБ
2026-09-16 19:29:46 [info     ] Smart minute data check        end=datetime.datetime(2026, 9, 4, 23, 59, tzinfo=datetime.timezone.utc) expected_minutes=1440 start=datetime.datetime(2026, 9, 4, 0, 0, tzinfo=datetime.timezone.utc) symbol=ONDOUSDT
2026-09-16 19:29:46 [warning  ] ⚠️  Incomplete price data, downloading missing existing=96 expected_total=1440 missing=1344 status=INCOMPLETE symbol=ONDOUSDT
2026-09-16 19:29:46 [info     ] Start download coin=<Coin:  (ONDOUSDT)> start_time=datetime.datetime(2026, 9, 4, 0, 0, tzinfo=datetime.timezone.utc) end_time=datetime.datetime(2026, 9, 4, 23, 59, tzinfo=datetime.timezone.utc)
2026-09-16 19:29:46 [info     ] [Bybit] Starting historical data generator for symbol='ONDOUSDT', days=90
2026-09-16 19:29:46 [info     ] [Bybit] Loading data from 2026-09-04 00:00:00+00:00 to 2026-09-04 23:59:00+00:00
2026-09-16 19:29:47 [info     ] [Bybit] Yielding batch of 1000 candles for ONDOUSDT
2026-09-16 19:29:48 [info     ] [Bybit] Yielding batch of 440 candles for ONDOUSDT
2026-09-16 19:29:48 [info     ] [Bybit] Reached start time for ONDOUSDT
2026-09-16 19:29:48 [info     ] [Bybit] Historical data generator completed for ONDOUSDT
2026-09-16 19:29:48 [info     ] [Bitget] Starting historical data generator for symbol='ONDOUSDT', days=90
2026-09-16 19:29:48 [info     ] [Bitget] Loading data from 2026-09-04 00:00:00+00:00 to 2026-09-04 23:59:00+00:00
2026-09-16 19:29:48 - INFO - HTTP Request: GET https://api.bitget.com/api/v2/mix/market/candles?symbol=ONDOUSDT&granularity=1m&limit=1000&productType=usdt-futures&endTime=1788566340000 "HTTP/1.1 200 OK"
2026-09-16 19:29:48 [info     ] [Bitget] Yielding batch of 1000 candles for ONDOUSDT
2026-09-16 19:29:49 - INFO - HTTP Request: GET https://api.bitget.com/api/v2/mix/market/candles?symbol=ONDOUSDT&granularity=1m&limit=1000&productType=usdt-futures&endTime=1788506399999 "HTTP/1.1 200 OK"
2026-09-16 19:29:49 [info     ] [Bitget] Yielding batch of 440 candles for ONDOUSDT
2026-09-16 19:29:49 [info     ] [Bitget] Reached start time for ONDOUSDT
2026-09-16 19:29:49 [info     ] [Bitget] Historical data generator completed for ONDOUSDT
2026-09-16 19:29:49 [info     ] ✅ Price data download completed successfully final_count=2976 final_result=True status=SUCCESS total_minutes=1440
[2026-09-16 19:29:49 UTC] 36/2726 | ONDOUSDT 2026-09-04: +2880 свечей (прогнозов ждало 2) | всего +102240 | темп 1402 окон/ч, осталось ~1.9 ч | диск 59.9 ГБ
2026-09-16 19:29:49 [info     ] Smart minute data check        end=datetime.datetime(2026, 9, 4, 23, 59, tzinfo=datetime.timezone.utc) expected_minutes=1440 start=datetime.datetime(2026, 9, 4, 0, 0, tzinfo=datetime.timezone.utc) symbol=CAKEUSDT
2026-09-16 19:29:49 [warning  ] ⚠️  Incomplete price data, downloading missing existing=95 expected_total=1440 missing=1345 status=INCOMPLETE symbol=CAKEUSDT
2026-09-16 19:29:49 [info     ] Start download coin=<Coin:  (CAKEUSDT)> start_time=datetime.datetime(2026, 9, 4, 0, 0, tzinfo=datetime.timezone.utc) end_time=datetime.datetime(2026, 9, 4, 23, 59, tzinfo=datetime.timezone.utc)
2026-09-16 19:29:49 [info     ] [Bybit] Starting historical data generator for symbol='CAKEUSDT', days=90
2026-09-16 19:29:49 [info     ] [Bybit] Loading data from 2026-09-04 00:00:00+00:00 to 2026-09-04 23:59:00+00:00
2026-09-16 19:29:50 [info     ] [Bybit] Yielding batch of 1000 candles for CAKEUSDT
2026-09-16 19:29:50 [info     ] [Bybit] Yielding batch of 440 candles for CAKEUSDT
2026-09-16 19:29:50 [info     ] [Bybit] Reached start time for CAKEUSDT
2026-09-16 19:29:50 [info     ] [Bybit] Historical data generator completed for CAKEUSDT
2026-09-16 19:29:50 [info     ] [Bitget] Starting historical data generator for symbol='CAKEUSDT', days=90
2026-09-16 19:29:50 [info     ] [Bitget] Loading data from 2026-09-04 00:00:00+00:00 to 2026-09-04 23:59:00+00:00
2026-09-16 19:29:51 - INFO - HTTP Request: GET https://api.bitget.com/api/v2/mix/market/candles?symbol=CAKEUSDT&granularity=1m&limit=1000&productType=usdt-futures&endTime=1788566340000 "HTTP/1.1 200 OK"
2026-09-16 19:29:51 [info     ] [Bitget] Yielding batch of 1000 candles for CAKEUSDT
2026-09-16 19:29:51 - INFO - HTTP Request: GET https://api.bitget.com/api/v2/mix/market/candles?symbol=CAKEUSDT&granularity=1m&limit=1000&productType=usdt-futures&endTime=1788506399999 "HTTP/1.1 200 OK"
2026-09-16 19:29:51 [info     ] [Bitget] Yielding batch of 440 candles for CAKEUSDT
2026-09-16 19:29:51 [info     ] [Bitget] Reached start time for CAKEUSDT
2026-09-16 19:29:51 [info     ] [Bitget] Historical data generator completed for CAKEUSDT
2026-09-16 19:29:51 [info     ] ✅ Price data download completed successfully final_count=2975 final_result=True status=SUCCESS total_minutes=1440
[2026-09-16 19:29:51 UTC] 37/2726 | CAKEUSDT 2026-09-04: +2880 свечей (прогнозов ждало 35) | всего +105120 | темп 1403 окон/ч, осталось ~1.9 ч | диск 59.9 ГБ
2026-09-16 19:29:52 [info     ] Smart minute data check        end=datetime.datetime(2026, 9, 4, 23, 59, tzinfo=datetime.timezone.utc) expected_minutes=1440 start=datetime.datetime(2026, 9, 4, 0, 0, tzinfo=datetime.timezone.utc) symbol=OPUSDT
2026-09-16 19:29:52 [warning  ] ⚠️  Incomplete price data, downloading missing existing=95 expected_total=1440 missing=1345 status=INCOMPLETE symbol=OPUSDT
2026-09-16 19:29:52 [info     ] Start download coin=<Coin:  (OPUSDT)> start_time=datetime.datetime(2026, 9, 4, 0, 0, tzinfo=datetime.timezone.utc) end_time=datetime.datetime(2026, 9, 4, 23, 59, tzinfo=datetime.timezone.utc)
2026-09-16 19:29:52 [info     ] [Bybit] Starting historical data generator for symbol='OPUSDT', days=90
2026-09-16 19:29:52 [info     ] [Bybit] Loading data from 2026-09-04 00:00:00+00:00 to 2026-09-04 23:59:00+00:00
2026-09-16 19:29:52 [info     ] [Bybit] Yielding batch of 1000 candles for OPUSDT
2026-09-16 19:29:53 [info     ] [Bybit] Yielding batch of 440 candles for OPUSDT
2026-09-16 19:29:53 [info     ] [Bybit] Reached start time for OPUSDT
2026-09-16 19:29:53 [info     ] [Bybit] Historical data generator completed for OPUSDT
2026-09-16 19:29:53 [info     ] [Bitget] Starting historical data generator for symbol='OPUSDT', days=90
2026-09-16 19:29:53 [info     ] [Bitget] Loading data from 2026-09-04 00:00:00+00:00 to 2026-09-04 23:59:00+00:00
2026-09-16 19:29:53 - INFO - HTTP Request: GET https://api.bitget.com/api/v2/mix/market/candles?symbol=OPUSDT&granularity=1m&limit=1000&productType=usdt-futures&endTime=1788566340000 "HTTP/1.1 200 OK"
2026-09-16 19:29:53 [info     ] [Bitget] Yielding batch of 1000 candles for OPUSDT
2026-09-16 19:29:54 - INFO - HTTP Request: GET https://api.bitget.com/api/v2/mix/market/candles?symbol=OPUSDT&granularity=1m&limit=1000&productType=usdt-futures&endTime=1788506399999 "HTTP/1.1 200 OK"
2026-09-16 19:29:54 [info     ] [Bitget] Yielding batch of 440 candles for OPUSDT
2026-09-16 19:29:54 [info     ] [Bitget] Reached start time for OPUSDT
2026-09-16 19:29:54 [info     ] [Bitget] Historical data generator completed for OPUSDT
2026-09-16 19:29:54 [info     ] ✅ Price data download completed successfully final_count=2975 final_result=True status=SUCCESS total_minutes=1440
[2026-09-16 19:29:54 UTC] 38/2726 | OPUSDT 2026-09-04: +2880 свечей (прогнозов ждало 2) | всего +108000 | темп 1405 окон/ч, осталось ~1.9 ч | диск 59.9 ГБ
2026-09-16 19:29:54 [info     ] Smart minute data check        end=datetime.datetime(2026, 9, 4, 23, 59, tzinfo=datetime.timezone.utc) expected_minutes=1440 start=datetime.datetime(2026, 9, 4, 0, 0, tzinfo=datetime.timezone.utc) symbol=WUSDT
2026-09-16 19:29:54 [warning  ] ⚠️  Incomplete price data, downloading missing existing=95 expected_total=1440 missing=1345 status=INCOMPLETE symbol=WUSDT
2026-09-16 19:29:54 [info     ] Start download coin=<Coin:  (WUSDT)> start_time=datetime.datetime(2026, 9, 4, 0, 0, tzinfo=datetime.timezone.utc) end_time=datetime.datetime(2026, 9, 4, 23, 59, tzinfo=datetime.timezone.utc)
2026-09-16 19:29:54 [info     ] [Bybit] Starting historical data generator for symbol='WUSDT', days=90
2026-09-16 19:29:54 [info     ] [Bybit] Loading data from 2026-09-04 00:00:00+00:00 to 2026-09-04 23:59:00+00:00
2026-09-16 19:29:55 [info     ] [Bybit] Yielding batch of 1000 candles for WUSDT
2026-09-16 19:29:55 [info     ] [Bybit] Yielding batch of 440 candles for WUSDT
2026-09-16 19:29:55 [info     ] [Bybit] Reached start time for WUSDT
2026-09-16 19:29:55 [info     ] [Bybit] Historical data generator completed for WUSDT
2026-09-16 19:29:55 [info     ] [Bitget] Starting historical data generator for symbol='WUSDT', days=90
2026-09-16 19:29:55 [info     ] [Bitget] Loading data from 2026-09-04 00:00:00+00:00 to 2026-09-04 23:59:00+00:00
2026-09-16 19:29:55 - INFO - HTTP Request: GET https://api.bitget.com/api/v2/mix/market/candles?symbol=WUSDT&granularity=1m&limit=1000&productType=usdt-futures&endTime=1788566340000 "HTTP/1.1 200 OK"
2026-09-16 19:29:55 [info     ] [Bitget] Yielding batch of 1000 candles for WUSDT
2026-09-16 19:29:56 - INFO - HTTP Request: GET https://api.bitget.com/api/v2/mix/market/candles?symbol=WUSDT&granularity=1m&limit=1000&productType=usdt-futures&endTime=1788506399999 "HTTP/1.1 200 OK"
2026-09-16 19:29:56 [info     ] [Bitget] Yielding batch of 440 candles for WUSDT
2026-09-16 19:29:56 [info     ] [Bitget] Reached start time for WUSDT
2026-09-16 19:29:56 [info     ] [Bitget] Historical data generator completed for WUSDT
2026-09-16 19:29:56 [info     ] ✅ Price data download completed successfully final_count=2975 final_result=True status=SUCCESS total_minutes=1440
[2026-09-16 19:29:56 UTC] 39/2726 | WUSDT 2026-09-04: +2880 свечей (прогнозов ждало 1) | всего +110880 | темп 1409 окон/ч, осталось ~1.9 ч | диск 59.9 ГБ
2026-09-16 19:29:56 [info     ] Smart minute data check        end=datetime.datetime(2026, 9, 4, 23, 59, tzinfo=datetime.timezone.utc) expected_minutes=1440 start=datetime.datetime(2026, 9, 4, 0, 0, tzinfo=datetime.timezone.utc) symbol=CATIUSDT
2026-09-16 19:29:56 [warning  ] ⚠️  Incomplete price data, downloading missing existing=95 expected_total=1440 missing=1345 status=INCOMPLETE symbol=CATIUSDT
2026-09-16 19:29:56 [info     ] Start download coin=<Coin:  (CATIUSDT)> start_time=datetime.datetime(2026, 9, 4, 0, 0, tzinfo=datetime.timezone.utc) end_time=datetime.datetime(2026, 9, 4, 23, 59, tzinfo=datetime.timezone.utc)
2026-09-16 19:29:56 [info     ] [Bybit] Starting historical data generator for symbol='CATIUSDT', days=90
2026-09-16 19:29:56 [info     ] [Bybit] Loading data from 2026-09-04 00:00:00+00:00 to 2026-09-04 23:59:00+00:00
2026-09-16 19:29:57 [info     ] [Bybit] Yielding batch of 1000 candles for CATIUSDT
2026-09-16 19:29:57 [info     ] [Bybit] Yielding batch of 440 candles for CATIUSDT
2026-09-16 19:29:57 [info     ] [Bybit] Reached start time for CATIUSDT
2026-09-16 19:29:57 [info     ] [Bybit] Historical data generator completed for CATIUSDT
2026-09-16 19:29:57 [info     ] [Bitget] Starting historical data generator for symbol='CATIUSDT', days=90
2026-09-16 19:29:57 [info     ] [Bitget] Loading data from 2026-09-04 00:00:00+00:00 to 2026-09-04 23:59:00+00:00
2026-09-16 19:29:57 - INFO - HTTP Request: GET https://api.bitget.com/api/v2/mix/market/candles?symbol=CATIUSDT&granularity=1m&limit=1000&productType=usdt-futures&endTime=1788566340000 "HTTP/1.1 200 OK"
2026-09-16 19:29:57 [info     ] [Bitget] Yielding batch of 1000 candles for CATIUSDT
2026-09-16 19:29:58 - INFO - HTTP Request: GET https://api.bitget.com/api/v2/mix/market/candles?symbol=CATIUSDT&granularity=1m&limit=1000&productType=usdt-futures&endTime=1788506399999 "HTTP/1.1 200 OK"
2026-09-16 19:29:58 [info     ] [Bitget] Yielding batch of 440 candles for CATIUSDT
2026-09-16 19:29:58 [info     ] [Bitget] Reached start time for CATIUSDT
2026-09-16 19:29:58 [info     ] [Bitget] Historical data generator completed for CATIUSDT
2026-09-16 19:29:58 [info     ] ✅ Price data download completed successfully final_count=2975 final_result=True status=SUCCESS total_minutes=1440
[2026-09-16 19:29:58 UTC] 40/2726 | CATIUSDT 2026-09-04: +2880 свечей (прогнозов ждало 1) | всего +113760 | темп 1414 окон/ч, осталось ~1.9 ч | диск 59.9 ГБ
2026-09-16 19:29:59 [info     ] Smart minute data check        end=datetime.datetime(2026, 9, 4, 23, 59, tzinfo=datetime.timezone.utc) expected_minutes=1440 start=datetime.datetime(2026, 9, 4, 0, 0, tzinfo=datetime.timezone.utc) symbol=MOVRUSDT
2026-09-16 19:29:59 [warning  ] ⚠️  Incomplete price data, downloading missing existing=95 expected_total=1440 missing=1345 status=INCOMPLETE symbol=MOVRUSDT
2026-09-16 19:29:59 [info     ] Start download coin=<Coin:  (MOVRUSDT)> start_time=datetime.datetime(2026, 9, 4, 0, 0, tzinfo=datetime.timezone.utc) end_time=datetime.datetime(2026, 9, 4, 23, 59, tzinfo=datetime.timezone.utc)
2026-09-16 19:29:59 [info     ] [Bybit] Starting historical data generator for symbol='MOVRUSDT', days=90
2026-09-16 19:29:59 [info     ] [Bybit] Loading data from 2026-09-04 00:00:00+00:00 to 2026-09-04 23:59:00+00:00
2026-09-16 19:29:59 [info     ] [Bybit] Yielding batch of 1000 candles for MOVRUSDT
2026-09-16 19:29:59 [info     ] [Bybit] Yielding batch of 440 candles for MOVRUSDT
2026-09-16 19:30:00 [info     ] [Bybit] Reached start time for MOVRUSDT
2026-09-16 19:30:00 [info     ] [Bybit] Historical data generator completed for MOVRUSDT
2026-09-16 19:30:00 [info     ] [Bitget] Starting historical data generator for symbol='MOVRUSDT', days=90
2026-09-16 19:30:00 [info     ] [Bitget] Loading data from 2026-09-04 00:00:00+00:00 to 2026-09-04 23:59:00+00:00
2026-09-16 19:30:00 - INFO - HTTP Request: GET https://api.bitget.com/api/v2/mix/market/candles?symbol=MOVRUSDT&granularity=1m&limit=1000&productType=usdt-futures&endTime=1788566340000 "HTTP/1.1 200 OK"
2026-09-16 19:30:00 [info     ] [Bitget] Yielding batch of 1000 candles for MOVRUSDT
2026-09-16 19:30:00 - INFO - HTTP Request: GET https://api.bitget.com/api/v2/mix/market/candles?symbol=MOVRUSDT&granularity=1m&limit=1000&productType=usdt-futures&endTime=1788506399999 "HTTP/1.1 200 OK"
2026-09-16 19:30:00 [info     ] [Bitget] Yielding batch of 440 candles for MOVRUSDT
2026-09-16 19:30:00 [info     ] [Bitget] Reached start time for MOVRUSDT
2026-09-16 19:30:00 [info     ] [Bitget] Historical data generator completed for MOVRUSDT
2026-09-16 19:30:00 [info     ] ✅ Price data download completed successfully final_count=2975 final_result=True status=SUCCESS total_minutes=1440
[2026-09-16 19:30:00 UTC] 41/2726 | MOVRUSDT 2026-09-04: +2880 свечей (прогнозов ждало 7) | всего +116640 | темп 1416 окон/ч, осталось ~1.9 ч | диск 59.9 ГБ
2026-09-16 19:30:01 [info     ] Smart minute data check        end=datetime.datetime(2026, 9, 4, 23, 59, tzinfo=datetime.timezone.utc) expected_minutes=1440 start=datetime.datetime(2026, 9, 4, 0, 0, tzinfo=datetime.timezone.utc) symbol=INJUSDT
2026-09-16 19:30:01 [warning  ] ⚠️  Incomplete price data, downloading missing existing=99 expected_total=1440 missing=1341 status=INCOMPLETE symbol=INJUSDT
2026-09-16 19:30:01 [info     ] Start download coin=<Coin:  (INJUSDT)> start_time=datetime.datetime(2026, 9, 4, 0, 0, tzinfo=datetime.timezone.utc) end_time=datetime.datetime(2026, 9, 4, 23, 59, tzinfo=datetime.timezone.utc)
2026-09-16 19:30:01 [info     ] [Bybit] Starting historical data generator for symbol='INJUSDT', days=90
2026-09-16 19:30:01 [info     ] [Bybit] Loading data from 2026-09-04 00:00:00+00:00 to 2026-09-04 23:59:00+00:00
2026-09-16 19:30:02 [info     ] [Bybit] Yielding batch of 1000 candles for INJUSDT
2026-09-16 19:30:03 [info     ] [Bybit] Yielding batch of 440 candles for INJUSDT
2026-09-16 19:30:03 [info     ] [Bybit] Reached start time for INJUSDT
2026-09-16 19:30:03 [info     ] [Bybit] Historical data generator completed for INJUSDT
2026-09-16 19:30:03 [info     ] [Bitget] Starting historical data generator for symbol='INJUSDT', days=90
2026-09-16 19:30:03 [info     ] [Bitget] Loading data from 2026-09-04 00:00:00+00:00 to 2026-09-04 23:59:00+00:00
2026-09-16 19:30:03 - INFO - HTTP Request: GET https://api.bitget.com/api/v2/mix/market/candles?symbol=INJUSDT&granularity=1m&limit=1000&productType=usdt-futures&endTime=1788566340000 "HTTP/1.1 200 OK"
2026-09-16 19:30:03 [info     ] [Bitget] Yielding batch of 1000 candles for INJUSDT
2026-09-16 19:30:04 - INFO - HTTP Request: GET https://api.bitget.com/api/v2/mix/market/candles?symbol=INJUSDT&granularity=1m&limit=1000&productType=usdt-futures&endTime=1788506399999 "HTTP/1.1 200 OK"
2026-09-16 19:30:04 [info     ] [Bitget] Yielding batch of 440 candles for INJUSDT
2026-09-16 19:30:04 [info     ] [Bitget] Reached start time for INJUSDT
2026-09-16 19:30:04 [info     ] [Bitget] Historical data generator completed for INJUSDT
2026-09-16 19:30:04 [info     ] ✅ Price data download completed successfully final_count=2979 final_result=True status=SUCCESS total_minutes=1440
[2026-09-16 19:30:04 UTC] 42/2726 | INJUSDT 2026-09-04: +2880 свечей (прогнозов ждало 18) | всего +119520 | темп 1408 окон/ч, осталось ~1.9 ч | диск 59.9 ГБ
2026-09-16 19:30:04 [info     ] Smart minute data check        end=datetime.datetime(2026, 9, 4, 23, 59, tzinfo=datetime.timezone.utc) expected_minutes=1440 start=datetime.datetime(2026, 9, 4, 0, 0, tzinfo=datetime.timezone.utc) symbol=C98USDT
2026-09-16 19:30:04 [warning  ] ⚠️  Incomplete price data, downloading missing existing=95 expected_total=1440 missing=1345 status=INCOMPLETE symbol=C98USDT
2026-09-16 19:30:04 [info     ] Start download coin=<Coin:  (C98USDT)> start_time=datetime.datetime(2026, 9, 4, 0, 0, tzinfo=datetime.timezone.utc) end_time=datetime.datetime(2026, 9, 4, 23, 59, tzinfo=datetime.timezone.utc)
2026-09-16 19:30:04 [info     ] [Bybit] Starting historical data generator for symbol='C98USDT', days=90
2026-09-16 19:30:04 [info     ] [Bybit] Loading data from 2026-09-04 00:00:00+00:00 to 2026-09-04 23:59:00+00:00
2026-09-16 19:30:05 [info     ] [Bybit] Yielding batch of 1000 candles for C98USDT
2026-09-16 19:30:06 [info     ] [Bybit] Yielding batch of 440 candles for C98USDT
2026-09-16 19:30:06 [info     ] [Bybit] Reached start time for C98USDT
2026-09-16 19:30:06 [info     ] [Bybit] Historical data generator completed for C98USDT
2026-09-16 19:30:06 [info     ] [Bitget] Starting historical data generator for symbol='C98USDT', days=90
2026-09-16 19:30:06 [info     ] [Bitget] Loading data from 2026-09-04 00:00:00+00:00 to 2026-09-04 23:59:00+00:00
2026-09-16 19:30:06 - INFO - HTTP Request: GET https://api.bitget.com/api/v2/mix/market/candles?symbol=C98USDT&granularity=1m&limit=1000&productType=usdt-futures&endTime=1788566340000 "HTTP/1.1 200 OK"
2026-09-16 19:30:06 [info     ] [Bitget] Yielding batch of 1000 candles for C98USDT
2026-09-16 19:30:07 - INFO - HTTP Request: GET https://api.bitget.com/api/v2/mix/market/candles?symbol=C98USDT&granularity=1m&limit=1000&productType=usdt-futures&endTime=1788506399999 "HTTP/1.1 200 OK"
2026-09-16 19:30:07 [info     ] [Bitget] Yielding batch of 440 candles for C98USDT
2026-09-16 19:30:07 [info     ] [Bitget] Reached start time for C98USDT
2026-09-16 19:30:07 [info     ] [Bitget] Historical data generator completed for C98USDT
2026-09-16 19:30:07 [info     ] ✅ Price data download completed successfully final_count=2975 final_result=True status=SUCCESS total_minutes=1440
[2026-09-16 19:30:07 UTC] 43/2726 | C98USDT 2026-09-04: +2880 свечей (прогнозов ждало 3) | всего +122400 | темп 1402 окон/ч, осталось ~1.9 ч | диск 59.9 ГБ
2026-09-16 19:30:07 [info     ] Smart minute data check        end=datetime.datetime(2026, 9, 4, 23, 59, tzinfo=datetime.timezone.utc) expected_minutes=1440 start=datetime.datetime(2026, 9, 4, 0, 0, tzinfo=datetime.timezone.utc) symbol=VETUSDT
2026-09-16 19:30:07 [warning  ] ⚠️  Incomplete price data, downloading missing existing=95 expected_total=1440 missing=1345 status=INCOMPLETE symbol=VETUSDT
2026-09-16 19:30:07 [info     ] Start download coin=<Coin:  (VETUSDT)> start_time=datetime.datetime(2026, 9, 4, 0, 0, tzinfo=datetime.timezone.utc) end_time=datetime.datetime(2026, 9, 4, 23, 59, tzinfo=datetime.timezone.utc)
2026-09-16 19:30:07 [info     ] [Bybit] Starting historical data generator for symbol='VETUSDT', days=90
2026-09-16 19:30:07 [info     ] [Bybit] Loading data from 2026-09-04 00:00:00+00:00 to 2026-09-04 23:59:00+00:00
2026-09-16 19:30:07 [info     ] [Bybit] Yielding batch of 1000 candles for VETUSDT
2026-09-16 19:30:08 [info     ] [Bybit] Yielding batch of 440 candles for VETUSDT
2026-09-16 19:30:08 [info     ] [Bybit] Reached start time for VETUSDT
2026-09-16 19:30:08 [info     ] [Bybit] Historical data generator completed for VETUSDT
2026-09-16 19:30:08 [info     ] [Bitget] Starting historical data generator for symbol='VETUSDT', days=90
2026-09-16 19:30:08 [info     ] [Bitget] Loading data from 2026-09-04 00:00:00+00:00 to 2026-09-04 23:59:00+00:00
2026-09-16 19:30:08 - INFO - HTTP Request: GET https://api.bitget.com/api/v2/mix/market/candles?symbol=VETUSDT&granularity=1m&limit=1000&productType=usdt-futures&endTime=1788566340000 "HTTP/1.1 200 OK"
2026-09-16 19:30:08 [info     ] [Bitget] Yielding batch of 1000 candles for VETUSDT
2026-09-16 19:30:09 - INFO - HTTP Request: GET https://api.bitget.com/api/v2/mix/market/candles?symbol=VETUSDT&granularity=1m&limit=1000&productType=usdt-futures&endTime=1788506399999 "HTTP/1.1 200 OK"
2026-09-16 19:30:09 [info     ] [Bitget] Yielding batch of 440 candles for VETUSDT
2026-09-16 19:30:09 [info     ] [Bitget] Reached start time for VETUSDT
2026-09-16 19:30:09 [info     ] [Bitget] Historical data generator completed for VETUSDT
2026-09-16 19:30:09 [info     ] ✅ Price data download completed successfully final_count=2975 final_result=True status=SUCCESS total_minutes=1440
[2026-09-16 19:30:09 UTC] 44/2726 | VETUSDT 2026-09-04: +2880 свечей (прогнозов ждало 1) | всего +125280 | темп 1407 окон/ч, осталось ~1.9 ч | диск 59.9 ГБ
2026-09-16 19:30:09 [info     ] Smart minute data check        end=datetime.datetime(2026, 9, 4, 23, 59, tzinfo=datetime.timezone.utc) expected_minutes=1440 start=datetime.datetime(2026, 9, 4, 0, 0, tzinfo=datetime.timezone.utc) symbol=PEPEUSDT
2026-09-16 19:30:09 [warning  ] ⚠️  Incomplete price data, downloading missing existing=95 expected_total=1440 missing=1345 status=INCOMPLETE symbol=PEPEUSDT
2026-09-16 19:30:09 [info     ] Start download coin=<Coin:  (PEPEUSDT)> start_time=datetime.datetime(2026, 9, 4, 0, 0, tzinfo=datetime.timezone.utc) end_time=datetime.datetime(2026, 9, 4, 23, 59, tzinfo=datetime.timezone.utc)
2026-09-16 19:30:09 [info     ] [Bybit] Starting historical data generator for symbol='PEPEUSDT', days=90
2026-09-16 19:30:09 [info     ] [Bybit] Loading data from 2026-09-04 00:00:00+00:00 to 2026-09-04 23:59:00+00:00
2026-09-16 19:30:10 [error    ] [Bybit] Failed to get historical data batch for symbol='PEPEUSDT'
Traceback (most recent call last):
  File "/srv/www/services/crypto_market.py", line 179, in get_historical_candles_generator
    response = self.http_client.get_kline(
        symbol=symbol,
    ...<2 lines>...
        end=str(current_end_time_ms),  # Загружаем до этого времени
    )
  File "/srv/docker-venv/lib/python3.14/site-packages/pybit/_v5_market.py", line 33, in get_kline
    return self._submit_request(
           ~~~~~~~~~~~~~~~~~~~~^
        method="GET",
        ^^^^^^^^^^^^^
        path=f"{self.endpoint}{Market.GET_KLINE}",
        ^^^^^^^^^^^^^^^^^^^^^^^^^^^^^^^^^^^^^^^^^^
        query=kwargs,
        ^^^^^^^^^^^^^
    )
    ^
  File "/srv/docker-venv/lib/python3.14/site-packages/pybit/_http_manager.py", line 197, in _submit_request
    return self._handle_response(response, method, path, req_params, recv_window, retries_attempted)
           ~~~~~~~~~~~~~~~~~~~~~^^^^^^^^^^^^^^^^^^^^^^^^^^^^^^^^^^^^^^^^^^^^^^^^^^^^^^^^^^^^^^^^^^^^
  File "/srv/docker-venv/lib/python3.14/site-packages/pybit/_http_manager.py", line 282, in _handle_response
    raise InvalidRequestError(
    ...<5 lines>...
    )
pybit.exceptions.InvalidRequestError: params error: Symbol Is Invalid (ErrCode: 10001) (ErrTime: 19:30:10).
Request → GET https://api.bybit.com/v5/market/kline: end=1788566340000&interval=1&limit=1000&symbol=PEPEUSDT.
2026-09-16 19:30:10 [error    ] Error download coin history interval start_time=datetime.datetime(2026, 9, 4, 0, 0, tzinfo=datetime.timezone.utc) end_time=datetime.datetime(2026, 9, 4, 23, 59, tzinfo=datetime.timezone.utc)
Traceback (most recent call last):
  File "/srv/www/services/crypto_market.py", line 179, in get_historical_candles_generator
    response = self.http_client.get_kline(
        symbol=symbol,
    ...<2 lines>...
        end=str(current_end_time_ms),  # Загружаем до этого времени
    )
  File "/srv/docker-venv/lib/python3.14/site-packages/pybit/_v5_market.py", line 33, in get_kline
    return self._submit_request(
           ~~~~~~~~~~~~~~~~~~~~^
        method="GET",
        ^^^^^^^^^^^^^
        path=f"{self.endpoint}{Market.GET_KLINE}",
        ^^^^^^^^^^^^^^^^^^^^^^^^^^^^^^^^^^^^^^^^^^
        query=kwargs,
        ^^^^^^^^^^^^^
    )
    ^
  File "/srv/docker-venv/lib/python3.14/site-packages/pybit/_http_manager.py", line 197, in _submit_request
    return self._handle_response(response, method, path, req_params, recv_window, retries_attempted)
           ~~~~~~~~~~~~~~~~~~~~~^^^^^^^^^^^^^^^^^^^^^^^^^^^^^^^^^^^^^^^^^^^^^^^^^^^^^^^^^^^^^^^^^^^^
  File "/srv/docker-venv/lib/python3.14/site-packages/pybit/_http_manager.py", line 282, in _handle_response
    raise InvalidRequestError(
    ...<5 lines>...
    )
pybit.exceptions.InvalidRequestError: params error: Symbol Is Invalid (ErrCode: 10001) (ErrTime: 19:30:10).
Request → GET https://api.bybit.com/v5/market/kline: end=1788566340000&interval=1&limit=1000&symbol=PEPEUSDT.

The above exception was the direct cause of the following exception:

Traceback (most recent call last):
  File "/srv/www/services/price_sync.py", line 255, in ensure_minute_data_smart
    self.download_coin_history_interval(coin=coin, start_time=start_time, end_time=end_time)
    ~~~~~~~~~~~~~~~~~~~~~~~~~~~~~~~~~~~^^^^^^^^^^^^^^^^^^^^^^^^^^^^^^^^^^^^^^^^^^^^^^^^^^^^^
  File "/srv/www/services/price_sync.py", line 295, in download_coin_history_interval
    for batch_candles in client.get_historical_candles_generator(
                         ~~~~~~~~~~~~~~~~~~~~~~~~~~~~~~~~~~~~~~~^
        symbol=coin.symbol, start_time=start_time, end_time=end_time
        ^^^^^^^^^^^^^^^^^^^^^^^^^^^^^^^^^^^^^^^^^^^^^^^^^^^^^^^^^^^^
    ):
    ^
  File "/srv/www/services/crypto_market.py", line 187, in get_historical_candles_generator
    raise BybitResponseError("Failed to get historical data batch") from exception
services.crypto_market.BybitResponseError: Failed to get historical data batch
2026-09-16 19:30:10 [info     ] Smart minute data check        end=datetime.datetime(2026, 9, 4, 23, 59, tzinfo=datetime.timezone.utc) expected_minutes=1440 start=datetime.datetime(2026, 9, 4, 0, 0, tzinfo=datetime.timezone.utc) symbol=SSVUSDT
2026-09-16 19:30:10 [warning  ] ⚠️  Incomplete price data, downloading missing existing=95 expected_total=1440 missing=1345 status=INCOMPLETE symbol=SSVUSDT
2026-09-16 19:30:10 [info     ] Start download coin=<Coin:  (SSVUSDT)> start_time=datetime.datetime(2026, 9, 4, 0, 0, tzinfo=datetime.timezone.utc) end_time=datetime.datetime(2026, 9, 4, 23, 59, tzinfo=datetime.timezone.utc)
2026-09-16 19:30:10 [info     ] [Bybit] Starting historical data generator for symbol='SSVUSDT', days=90
2026-09-16 19:30:10 [info     ] [Bybit] Loading data from 2026-09-04 00:00:00+00:00 to 2026-09-04 23:59:00+00:00
2026-09-16 19:30:11 [info     ] [Bybit] Yielding batch of 1000 candles for SSVUSDT
2026-09-16 19:30:12 [info     ] [Bybit] Yielding batch of 440 candles for SSVUSDT
2026-09-16 19:30:12 [info     ] [Bybit] Reached start time for SSVUSDT
2026-09-16 19:30:12 [info     ] [Bybit] Historical data generator completed for SSVUSDT
2026-09-16 19:30:12 [info     ] [Bitget] Starting historical data generator for symbol='SSVUSDT', days=90
2026-09-16 19:30:12 [info     ] [Bitget] Loading data from 2026-09-04 00:00:00+00:00 to 2026-09-04 23:59:00+00:00
2026-09-16 19:30:12 - INFO - HTTP Request: GET https://api.bitget.com/api/v2/mix/market/candles?symbol=SSVUSDT&granularity=1m&limit=1000&productType=usdt-futures&endTime=1788566340000 "HTTP/1.1 200 OK"
2026-09-16 19:30:12 [info     ] [Bitget] Yielding batch of 1000 candles for SSVUSDT
2026-09-16 19:30:12 - INFO - HTTP Request: GET https://api.bitget.com/api/v2/mix/market/candles?symbol=SSVUSDT&granularity=1m&limit=1000&productType=usdt-futures&endTime=1788506399999 "HTTP/1.1 200 OK"
2026-09-16 19:30:12 [info     ] [Bitget] Yielding batch of 440 candles for SSVUSDT
2026-09-16 19:30:13 [info     ] [Bitget] Reached start time for SSVUSDT
2026-09-16 19:30:13 [info     ] [Bitget] Historical data generator completed for SSVUSDT
2026-09-16 19:30:13 [info     ] ✅ Price data download completed successfully final_count=2975 final_result=True status=SUCCESS total_minutes=1440
[2026-09-16 19:30:13 UTC] 46/2726 | SSVUSDT 2026-09-04: +2880 свечей (прогнозов ждало 3) | всего +128160 | темп 1424 окон/ч, осталось ~1.9 ч | диск 59.9 ГБ
2026-09-16 19:30:13 [info     ] Smart minute data check        end=datetime.datetime(2026, 9, 4, 23, 59, tzinfo=datetime.timezone.utc) expected_minutes=1440 start=datetime.datetime(2026, 9, 4, 0, 0, tzinfo=datetime.timezone.utc) symbol=ROSEUSDT
2026-09-16 19:30:13 [warning  ] ⚠️  Incomplete price data, downloading missing existing=96 expected_total=1440 missing=1344 status=INCOMPLETE symbol=ROSEUSDT
2026-09-16 19:30:13 [info     ] Start download coin=<Coin:  (ROSEUSDT)> start_time=datetime.datetime(2026, 9, 4, 0, 0, tzinfo=datetime.timezone.utc) end_time=datetime.datetime(2026, 9, 4, 23, 59, tzinfo=datetime.timezone.utc)
2026-09-16 19:30:13 [info     ] [Bybit] Starting historical data generator for symbol='ROSEUSDT', days=90
2026-09-16 19:30:13 [info     ] [Bybit] Loading data from 2026-09-04 00:00:00+00:00 to 2026-09-04 23:59:00+00:00
2026-09-16 19:30:13 [info     ] [Bybit] Yielding batch of 1000 candles for ROSEUSDT
2026-09-16 19:30:14 [info     ] [Bybit] Yielding batch of 440 candles for ROSEUSDT
2026-09-16 19:30:15 [info     ] [Bybit] Reached start time for ROSEUSDT
2026-09-16 19:30:15 [info     ] [Bybit] Historical data generator completed for ROSEUSDT
2026-09-16 19:30:15 [info     ] [Bitget] Starting historical data generator for symbol='ROSEUSDT', days=90
2026-09-16 19:30:15 [info     ] [Bitget] Loading data from 2026-09-04 00:00:00+00:00 to 2026-09-04 23:59:00+00:00
2026-09-16 19:30:15 - INFO - HTTP Request: GET https://api.bitget.com/api/v2/mix/market/candles?symbol=ROSEUSDT&granularity=1m&limit=1000&productType=usdt-futures&endTime=1788566340000 "HTTP/1.1 200 OK"
2026-09-16 19:30:15 [info     ] [Bitget] Yielding batch of 1000 candles for ROSEUSDT
2026-09-16 19:30:15 - INFO - HTTP Request: GET https://api.bitget.com/api/v2/mix/market/candles?symbol=ROSEUSDT&granularity=1m&limit=1000&productType=usdt-futures&endTime=1788506399999 "HTTP/1.1 200 OK"
2026-09-16 19:30:15 [info     ] [Bitget] Yielding batch of 440 candles for ROSEUSDT
2026-09-16 19:30:15 [info     ] [Bitget] Reached start time for ROSEUSDT
2026-09-16 19:30:15 [info     ] [Bitget] Historical data generator completed for ROSEUSDT
2026-09-16 19:30:15 [info     ] ✅ Price data download completed successfully final_count=2977 final_result=True status=SUCCESS total_minutes=1440
[2026-09-16 19:30:15 UTC] 47/2726 | ROSEUSDT 2026-09-04: +2880 свечей (прогнозов ждало 1) | всего +131040 | темп 1421 окон/ч, осталось ~1.9 ч | диск 59.9 ГБ
2026-09-16 19:30:16 [info     ] Smart minute data check        end=datetime.datetime(2026, 9, 4, 23, 59, tzinfo=datetime.timezone.utc) expected_minutes=1440 start=datetime.datetime(2026, 9, 4, 0, 0, tzinfo=datetime.timezone.utc) symbol=BATUSDT
2026-09-16 19:30:16 [warning  ] ⚠️  Incomplete price data, downloading missing existing=95 expected_total=1440 missing=1345 status=INCOMPLETE symbol=BATUSDT
2026-09-16 19:30:16 [info     ] Start download coin=<Coin:  (BATUSDT)> start_time=datetime.datetime(2026, 9, 4, 0, 0, tzinfo=datetime.timezone.utc) end_time=datetime.datetime(2026, 9, 4, 23, 59, tzinfo=datetime.timezone.utc)
2026-09-16 19:30:16 [info     ] [Bybit] Starting historical data generator for symbol='BATUSDT', days=90
2026-09-16 19:30:16 [info     ] [Bybit] Loading data from 2026-09-04 00:00:00+00:00 to 2026-09-04 23:59:00+00:00
2026-09-16 19:30:16 [info     ] [Bybit] Yielding batch of 1000 candles for BATUSDT
2026-09-16 19:30:17 [info     ] [Bybit] Yielding batch of 440 candles for BATUSDT
2026-09-16 19:30:17 [info     ] [Bybit] Reached start time for BATUSDT
2026-09-16 19:30:17 [info     ] [Bybit] Historical data generator completed for BATUSDT
2026-09-16 19:30:17 [info     ] [Bitget] Starting historical data generator for symbol='BATUSDT', days=90
2026-09-16 19:30:17 [info     ] [Bitget] Loading data from 2026-09-04 00:00:00+00:00 to 2026-09-04 23:59:00+00:00
2026-09-16 19:30:17 - INFO - HTTP Request: GET https://api.bitget.com/api/v2/mix/market/candles?symbol=BATUSDT&granularity=1m&limit=1000&productType=usdt-futures&endTime=1788566340000 "HTTP/1.1 200 OK"
2026-09-16 19:30:17 [info     ] [Bitget] Yielding batch of 1000 candles for BATUSDT
2026-09-16 19:30:18 - INFO - HTTP Request: GET https://api.bitget.com/api/v2/mix/market/candles?symbol=BATUSDT&granularity=1m&limit=1000&productType=usdt-futures&endTime=1788506399999 "HTTP/1.1 200 OK"
2026-09-16 19:30:18 [info     ] [Bitget] Yielding batch of 440 candles for BATUSDT
2026-09-16 19:30:18 [info     ] [Bitget] Reached start time for BATUSDT
2026-09-16 19:30:18 [info     ] [Bitget] Historical data generator completed for BATUSDT
2026-09-16 19:30:18 [info     ] ✅ Price data download completed successfully final_count=2975 final_result=True status=SUCCESS total_minutes=1440
[2026-09-16 19:30:18 UTC] 48/2726 | BATUSDT 2026-09-04: +2880 свечей (прогнозов ждало 4) | всего +133920 | темп 1421 окон/ч, осталось ~1.9 ч | диск 59.9 ГБ
2026-09-16 19:30:18 [info     ] Smart minute data check        end=datetime.datetime(2026, 9, 4, 23, 59, tzinfo=datetime.timezone.utc) expected_minutes=1440 start=datetime.datetime(2026, 9, 4, 0, 0, tzinfo=datetime.timezone.utc) symbol=TACUSDT
2026-09-16 19:30:18 [warning  ] ⚠️  Incomplete price data, downloading missing existing=96 expected_total=1440 missing=1344 status=INCOMPLETE symbol=TACUSDT
2026-09-16 19:30:18 [info     ] Start download coin=<Coin:  (TACUSDT)> start_time=datetime.datetime(2026, 9, 4, 0, 0, tzinfo=datetime.timezone.utc) end_time=datetime.datetime(2026, 9, 4, 23, 59, tzinfo=datetime.timezone.utc)
2026-09-16 19:30:18 [info     ] [Bybit] Starting historical data generator for symbol='TACUSDT', days=90
2026-09-16 19:30:18 [info     ] [Bybit] Loading data from 2026-09-04 00:00:00+00:00 to 2026-09-04 23:59:00+00:00
2026-09-16 19:30:19 [info     ] [Bybit] Yielding batch of 1000 candles for TACUSDT
2026-09-16 19:30:19 [info     ] [Bybit] Yielding batch of 440 candles for TACUSDT
2026-09-16 19:30:20 [info     ] [Bybit] Reached start time for TACUSDT
2026-09-16 19:30:20 [info     ] [Bybit] Historical data generator completed for TACUSDT
2026-09-16 19:30:20 [info     ] [Bitget] Starting historical data generator for symbol='TACUSDT', days=90
2026-09-16 19:30:20 [info     ] [Bitget] Loading data from 2026-09-04 00:00:00+00:00 to 2026-09-04 23:59:00+00:00
2026-09-16 19:30:20 - INFO - HTTP Request: GET https://api.bitget.com/api/v2/mix/market/candles?symbol=TACUSDT&granularity=1m&limit=1000&productType=usdt-futures&endTime=1788566340000 "HTTP/1.1 400 Bad Request"
2026-09-16 19:30:20 [error    ] [Bitget] Failed to get historical data batch for symbol='TACUSDT'
Traceback (most recent call last):
  File "/srv/www/services/crypto_market.py", line 404, in get_historical_candles_generator
    response = self._make_kline_request(
        symbol=symbol, limit=self.BATCH_SIZE, end_time_ms=current_end_time_ms, granularity="1m"
    )
  File "/srv/www/services/crypto_market.py", line 364, in _make_kline_request
    response.raise_for_status()
    ~~~~~~~~~~~~~~~~~~~~~~~~~^^
  File "/srv/docker-venv/lib/python3.14/site-packages/httpx/_models.py", line 829, in raise_for_status
    raise HTTPStatusError(message, request=request, response=self)
httpx.HTTPStatusError: Client error '400 Bad Request' for url 'https://api.bitget.com/api/v2/mix/market/candles?symbol=TACUSDT&granularity=1m&limit=1000&productType=usdt-futures&endTime=1788566340000'
For more information check: https://developer.mozilla.org/en-US/docs/Web/HTTP/Status/400
2026-09-16 19:30:20 [error    ] Error download coin history interval start_time=datetime.datetime(2026, 9, 4, 0, 0, tzinfo=datetime.timezone.utc) end_time=datetime.datetime(2026, 9, 4, 23, 59, tzinfo=datetime.timezone.utc)
Traceback (most recent call last):
  File "/srv/www/services/crypto_market.py", line 404, in get_historical_candles_generator
    response = self._make_kline_request(
        symbol=symbol, limit=self.BATCH_SIZE, end_time_ms=current_end_time_ms, granularity="1m"
    )
  File "/srv/www/services/crypto_market.py", line 364, in _make_kline_request
    response.raise_for_status()
    ~~~~~~~~~~~~~~~~~~~~~~~~~^^
  File "/srv/docker-venv/lib/python3.14/site-packages/httpx/_models.py", line 829, in raise_for_status
    raise HTTPStatusError(message, request=request, response=self)
httpx.HTTPStatusError: Client error '400 Bad Request' for url 'https://api.bitget.com/api/v2/mix/market/candles?symbol=TACUSDT&granularity=1m&limit=1000&productType=usdt-futures&endTime=1788566340000'
For more information check: https://developer.mozilla.org/en-US/docs/Web/HTTP/Status/400

The above exception was the direct cause of the following exception:

Traceback (most recent call last):
  File "/srv/www/services/price_sync.py", line 255, in ensure_minute_data_smart
    self.download_coin_history_interval(coin=coin, start_time=start_time, end_time=end_time)
    ~~~~~~~~~~~~~~~~~~~~~~~~~~~~~~~~~~~^^^^^^^^^^^^^^^^^^^^^^^^^^^^^^^^^^^^^^^^^^^^^^^^^^^^^
  File "/srv/www/services/price_sync.py", line 295, in download_coin_history_interval
    for batch_candles in client.get_historical_candles_generator(
                         ~~~~~~~~~~~~~~~~~~~~~~~~~~~~~~~~~~~~~~~^
        symbol=coin.symbol, start_time=start_time, end_time=end_time
        ^^^^^^^^^^^^^^^^^^^^^^^^^^^^^^^^^^^^^^^^^^^^^^^^^^^^^^^^^^^^
    ):
    ^
  File "/srv/www/services/crypto_market.py", line 409, in get_historical_candles_generator
    raise BitgetResponseError("Failed to get historical data batch") from exception
services.crypto_market.BitgetResponseError: Failed to get historical data batch
2026-09-16 19:30:20 [info     ] Smart minute data check        end=datetime.datetime(2026, 9, 4, 23, 59, tzinfo=datetime.timezone.utc) expected_minutes=1440 start=datetime.datetime(2026, 9, 4, 0, 0, tzinfo=datetime.timezone.utc) symbol=APRUSDT
2026-09-16 19:30:20 [warning  ] ⚠️  Incomplete price data, downloading missing existing=95 expected_total=1440 missing=1345 status=INCOMPLETE symbol=APRUSDT
2026-09-16 19:30:20 [info     ] Start download coin=<Coin:  (APRUSDT)> start_time=datetime.datetime(2026, 9, 4, 0, 0, tzinfo=datetime.timezone.utc) end_time=datetime.datetime(2026, 9, 4, 23, 59, tzinfo=datetime.timezone.utc)
2026-09-16 19:30:20 [info     ] [Bybit] Starting historical data generator for symbol='APRUSDT', days=90
2026-09-16 19:30:20 [info     ] [Bybit] Loading data from 2026-09-04 00:00:00+00:00 to 2026-09-04 23:59:00+00:00
2026-09-16 19:30:21 [info     ] [Bybit] Yielding batch of 1000 candles for APRUSDT
2026-09-16 19:30:21 [info     ] [Bybit] Yielding batch of 440 candles for APRUSDT
2026-09-16 19:30:22 [info     ] [Bybit] Reached start time for APRUSDT
2026-09-16 19:30:22 [info     ] [Bybit] Historical data generator completed for APRUSDT
2026-09-16 19:30:22 [info     ] [Bitget] Starting historical data generator for symbol='APRUSDT', days=90
2026-09-16 19:30:22 [info     ] [Bitget] Loading data from 2026-09-04 00:00:00+00:00 to 2026-09-04 23:59:00+00:00
2026-09-16 19:30:22 - INFO - HTTP Request: GET https://api.bitget.com/api/v2/mix/market/candles?symbol=APRUSDT&granularity=1m&limit=1000&productType=usdt-futures&endTime=1788566340000 "HTTP/1.1 200 OK"
2026-09-16 19:30:22 [info     ] [Bitget] Yielding batch of 1000 candles for APRUSDT
2026-09-16 19:30:22 - INFO - HTTP Request: GET https://api.bitget.com/api/v2/mix/market/candles?symbol=APRUSDT&granularity=1m&limit=1000&productType=usdt-futures&endTime=1788506399999 "HTTP/1.1 200 OK"
2026-09-16 19:30:22 [info     ] [Bitget] Yielding batch of 440 candles for APRUSDT
2026-09-16 19:30:22 [info     ] [Bitget] Reached start time for APRUSDT
2026-09-16 19:30:22 [info     ] [Bitget] Historical data generator completed for APRUSDT
2026-09-16 19:30:22 [info     ] ✅ Price data download completed successfully final_count=2975 final_result=True status=SUCCESS total_minutes=1440
[2026-09-16 19:30:22 UTC] 50/2726 | APRUSDT 2026-09-04: +2880 свечей (прогнозов ждало 1) | всего +138240 | темп 1427 окон/ч, осталось ~1.9 ч | диск 59.9 ГБ
2026-09-16 19:30:23 [info     ] Smart minute data check        end=datetime.datetime(2026, 9, 4, 23, 59, tzinfo=datetime.timezone.utc) expected_minutes=1440 start=datetime.datetime(2026, 9, 4, 0, 0, tzinfo=datetime.timezone.utc) symbol=TRXUSDT
2026-09-16 19:30:23 [warning  ] ⚠️  Incomplete price data, downloading missing existing=95 expected_total=1440 missing=1345 status=INCOMPLETE symbol=TRXUSDT
2026-09-16 19:30:23 [info     ] Start download coin=<Coin:  (TRXUSDT)> start_time=datetime.datetime(2026, 9, 4, 0, 0, tzinfo=datetime.timezone.utc) end_time=datetime.datetime(2026, 9, 4, 23, 59, tzinfo=datetime.timezone.utc)
2026-09-16 19:30:23 [info     ] [Bybit] Starting historical data generator for symbol='TRXUSDT', days=90
2026-09-16 19:30:23 [info     ] [Bybit] Loading data from 2026-09-04 00:00:00+00:00 to 2026-09-04 23:59:00+00:00
2026-09-16 19:30:23 [info     ] [Bybit] Yielding batch of 1000 candles for TRXUSDT
2026-09-16 19:30:24 [info     ] [Bybit] Yielding batch of 440 candles for TRXUSDT
2026-09-16 19:30:25 [info     ] [Bybit] Reached start time for TRXUSDT
2026-09-16 19:30:25 [info     ] [Bybit] Historical data generator completed for TRXUSDT
2026-09-16 19:30:25 [info     ] [Bitget] Starting historical data generator for symbol='TRXUSDT', days=90
2026-09-16 19:30:25 [info     ] [Bitget] Loading data from 2026-09-04 00:00:00+00:00 to 2026-09-04 23:59:00+00:00
2026-09-16 19:30:25 - INFO - HTTP Request: GET https://api.bitget.com/api/v2/mix/market/candles?symbol=TRXUSDT&granularity=1m&limit=1000&productType=usdt-futures&endTime=1788566340000 "HTTP/1.1 200 OK"
2026-09-16 19:30:25 [info     ] [Bitget] Yielding batch of 1000 candles for TRXUSDT
2026-09-16 19:30:25 - INFO - HTTP Request: GET https://api.bitget.com/api/v2/mix/market/candles?symbol=TRXUSDT&granularity=1m&limit=1000&productType=usdt-futures&endTime=1788506399999 "HTTP/1.1 200 OK"
2026-09-16 19:30:25 [info     ] [Bitget] Yielding batch of 440 candles for TRXUSDT
2026-09-16 19:30:25 [info     ] [Bitget] Reached start time for TRXUSDT
2026-09-16 19:30:25 [info     ] [Bitget] Historical data generator completed for TRXUSDT
2026-09-16 19:30:25 [info     ] ✅ Price data download completed successfully final_count=2975 final_result=True status=SUCCESS total_minutes=1440
[2026-09-16 19:30:25 UTC] 51/2726 | TRXUSDT 2026-09-04: +2880 свечей (прогнозов ждало 41) | всего +141120 | темп 1422 окон/ч, осталось ~1.9 ч | диск 59.9 ГБ
2026-09-16 19:30:26 [info     ] Smart minute data check        end=datetime.datetime(2026, 9, 4, 23, 59, tzinfo=datetime.timezone.utc) expected_minutes=1440 start=datetime.datetime(2026, 9, 4, 0, 0, tzinfo=datetime.timezone.utc) symbol=COTIUSDT
2026-09-16 19:30:26 [warning  ] ⚠️  Incomplete price data, downloading missing existing=95 expected_total=1440 missing=1345 status=INCOMPLETE symbol=COTIUSDT
2026-09-16 19:30:26 [info     ] Start download coin=<Coin:  (COTIUSDT)> start_time=datetime.datetime(2026, 9, 4, 0, 0, tzinfo=datetime.timezone.utc) end_time=datetime.datetime(2026, 9, 4, 23, 59, tzinfo=datetime.timezone.utc)
2026-09-16 19:30:26 [info     ] [Bybit] Starting historical data generator for symbol='COTIUSDT', days=90
2026-09-16 19:30:26 [info     ] [Bybit] Loading data from 2026-09-04 00:00:00+00:00 to 2026-09-04 23:59:00+00:00
2026-09-16 19:30:26 [info     ] [Bybit] Yielding batch of 1000 candles for COTIUSDT
2026-09-16 19:30:27 [info     ] [Bybit] Yielding batch of 440 candles for COTIUSDT
2026-09-16 19:30:27 [info     ] [Bybit] Reached start time for COTIUSDT
2026-09-16 19:30:27 [info     ] [Bybit] Historical data generator completed for COTIUSDT
2026-09-16 19:30:27 [info     ] [Bitget] Starting historical data generator for symbol='COTIUSDT', days=90
2026-09-16 19:30:27 [info     ] [Bitget] Loading data from 2026-09-04 00:00:00+00:00 to 2026-09-04 23:59:00+00:00
2026-09-16 19:30:27 - INFO - HTTP Request: GET https://api.bitget.com/api/v2/mix/market/candles?symbol=COTIUSDT&granularity=1m&limit=1000&productType=usdt-futures&endTime=1788566340000 "HTTP/1.1 200 OK"
2026-09-16 19:30:27 [info     ] [Bitget] Yielding batch of 1000 candles for COTIUSDT
2026-09-16 19:30:28 - INFO - HTTP Request: GET https://api.bitget.com/api/v2/mix/market/candles?symbol=COTIUSDT&granularity=1m&limit=1000&productType=usdt-futures&endTime=1788506399999 "HTTP/1.1 200 OK"
2026-09-16 19:30:28 [info     ] [Bitget] Yielding batch of 440 candles for COTIUSDT
2026-09-16 19:30:28 [info     ] [Bitget] Reached start time for COTIUSDT
2026-09-16 19:30:28 [info     ] [Bitget] Historical data generator completed for COTIUSDT
2026-09-16 19:30:28 [info     ] ✅ Price data download completed successfully final_count=2975 final_result=True status=SUCCESS total_minutes=1440
[2026-09-16 19:30:28 UTC] 52/2726 | COTIUSDT 2026-09-04: +2880 свечей (прогнозов ждало 8) | всего +144000 | темп 1421 окон/ч, осталось ~1.9 ч | диск 59.9 ГБ
2026-09-16 19:30:28 [info     ] Smart minute data check        end=datetime.datetime(2026, 9, 4, 23, 59, tzinfo=datetime.timezone.utc) expected_minutes=1440 start=datetime.datetime(2026, 9, 4, 0, 0, tzinfo=datetime.timezone.utc) symbol=SEIUSDT
2026-09-16 19:30:28 [warning  ] ⚠️  Incomplete price data, downloading missing existing=96 expected_total=1440 missing=1344 status=INCOMPLETE symbol=SEIUSDT
2026-09-16 19:30:28 [info     ] Start download coin=<Coin:  (SEIUSDT)> start_time=datetime.datetime(2026, 9, 4, 0, 0, tzinfo=datetime.timezone.utc) end_time=datetime.datetime(2026, 9, 4, 23, 59, tzinfo=datetime.timezone.utc)
2026-09-16 19:30:28 [info     ] [Bybit] Starting historical data generator for symbol='SEIUSDT', days=90
2026-09-16 19:30:28 [info     ] [Bybit] Loading data from 2026-09-04 00:00:00+00:00 to 2026-09-04 23:59:00+00:00
2026-09-16 19:30:29 [info     ] [Bybit] Yielding batch of 1000 candles for SEIUSDT
2026-09-16 19:30:30 [info     ] [Bybit] Yielding batch of 440 candles for SEIUSDT
2026-09-16 19:30:30 [info     ] [Bybit] Reached start time for SEIUSDT
2026-09-16 19:30:30 [info     ] [Bybit] Historical data generator completed for SEIUSDT
2026-09-16 19:30:30 [info     ] [Bitget] Starting historical data generator for symbol='SEIUSDT', days=90
2026-09-16 19:30:30 [info     ] [Bitget] Loading data from 2026-09-04 00:00:00+00:00 to 2026-09-04 23:59:00+00:00
2026-09-16 19:30:30 - INFO - HTTP Request: GET https://api.bitget.com/api/v2/mix/market/candles?symbol=SEIUSDT&granularity=1m&limit=1000&productType=usdt-futures&endTime=1788566340000 "HTTP/1.1 200 OK"
2026-09-16 19:30:30 [info     ] [Bitget] Yielding batch of 1000 candles for SEIUSDT
2026-09-16 19:30:31 - INFO - HTTP Request: GET https://api.bitget.com/api/v2/mix/market/candles?symbol=SEIUSDT&granularity=1m&limit=1000&productType=usdt-futures&endTime=1788506399999 "HTTP/1.1 200 OK"
2026-09-16 19:30:31 [info     ] [Bitget] Yielding batch of 440 candles for SEIUSDT
2026-09-16 19:30:31 [info     ] [Bitget] Reached start time for SEIUSDT
2026-09-16 19:30:31 [info     ] [Bitget] Historical data generator completed for SEIUSDT
2026-09-16 19:30:31 [info     ] ✅ Price data download completed successfully final_count=2976 final_result=True status=SUCCESS total_minutes=1440
[2026-09-16 19:30:31 UTC] 53/2726 | SEIUSDT 2026-09-04: +2880 свечей (прогнозов ждало 1) | всего +146880 | темп 1419 окон/ч, осталось ~1.9 ч | диск 59.9 ГБ
2026-09-16 19:30:31 [info     ] Smart minute data check        end=datetime.datetime(2026, 9, 4, 23, 59, tzinfo=datetime.timezone.utc) expected_minutes=1440 start=datetime.datetime(2026, 9, 4, 0, 0, tzinfo=datetime.timezone.utc) symbol=SFPUSDT
2026-09-16 19:30:31 [warning  ] ⚠️  Incomplete price data, downloading missing existing=96 expected_total=1440 missing=1344 status=INCOMPLETE symbol=SFPUSDT
2026-09-16 19:30:31 [info     ] Start download coin=<Coin:  (SFPUSDT)> start_time=datetime.datetime(2026, 9, 4, 0, 0, tzinfo=datetime.timezone.utc) end_time=datetime.datetime(2026, 9, 4, 23, 59, tzinfo=datetime.timezone.utc)
2026-09-16 19:30:31 [info     ] [Bybit] Starting historical data generator for symbol='SFPUSDT', days=90
2026-09-16 19:30:31 [info     ] [Bybit] Loading data from 2026-09-04 00:00:00+00:00 to 2026-09-04 23:59:00+00:00
2026-09-16 19:30:31 [info     ] [Bybit] No more data for SFPUSDT
2026-09-16 19:30:31 [info     ] [Bybit] Historical data generator completed for SFPUSDT
2026-09-16 19:30:31 [info     ] [Bitget] Starting historical data generator for symbol='SFPUSDT', days=90
2026-09-16 19:30:31 [info     ] [Bitget] Loading data from 2026-09-04 00:00:00+00:00 to 2026-09-04 23:59:00+00:00
2026-09-16 19:30:32 - INFO - HTTP Request: GET https://api.bitget.com/api/v2/mix/market/candles?symbol=SFPUSDT&granularity=1m&limit=1000&productType=usdt-futures&endTime=1788566340000 "HTTP/1.1 200 OK"
2026-09-16 19:30:32 [info     ] [Bitget] Yielding batch of 1000 candles for SFPUSDT
2026-09-16 19:30:32 - INFO - HTTP Request: GET https://api.bitget.com/api/v2/mix/market/candles?symbol=SFPUSDT&granularity=1m&limit=1000&productType=usdt-futures&endTime=1788506399999 "HTTP/1.1 200 OK"
2026-09-16 19:30:32 [info     ] [Bitget] Yielding batch of 440 candles for SFPUSDT
2026-09-16 19:30:32 [info     ] [Bitget] Reached start time for SFPUSDT
2026-09-16 19:30:32 [info     ] [Bitget] Historical data generator completed for SFPUSDT
2026-09-16 19:30:32 [info     ] ✅ Price data download completed successfully final_count=1536 final_result=True status=SUCCESS total_minutes=1440
2026-09-16 19:30:33 [info     ] Smart minute data check        end=datetime.datetime(2026, 9, 4, 23, 59, tzinfo=datetime.timezone.utc) expected_minutes=1440 start=datetime.datetime(2026, 9, 4, 0, 0, tzinfo=datetime.timezone.utc) symbol=PORTALUSDT
2026-09-16 19:30:33 [warning  ] ⚠️  Incomplete price data, downloading missing existing=96 expected_total=1440 missing=1344 status=INCOMPLETE symbol=PORTALUSDT
2026-09-16 19:30:33 [info     ] Start download coin=<Coin:  (PORTALUSDT)> start_time=datetime.datetime(2026, 9, 4, 0, 0, tzinfo=datetime.timezone.utc) end_time=datetime.datetime(2026, 9, 4, 23, 59, tzinfo=datetime.timezone.utc)
2026-09-16 19:30:33 [info     ] [Bybit] Starting historical data generator for symbol='PORTALUSDT', days=90
2026-09-16 19:30:33 [info     ] [Bybit] Loading data from 2026-09-04 00:00:00+00:00 to 2026-09-04 23:59:00+00:00
2026-09-16 19:30:33 [info     ] [Bybit] Yielding batch of 1000 candles for PORTALUSDT
2026-09-16 19:30:33 [info     ] [Bybit] Yielding batch of 440 candles for PORTALUSDT
2026-09-16 19:30:34 [info     ] [Bybit] Reached start time for PORTALUSDT
2026-09-16 19:30:34 [info     ] [Bybit] Historical data generator completed for PORTALUSDT
2026-09-16 19:30:34 [info     ] [Bitget] Starting historical data generator for symbol='PORTALUSDT', days=90
2026-09-16 19:30:34 [info     ] [Bitget] Loading data from 2026-09-04 00:00:00+00:00 to 2026-09-04 23:59:00+00:00
2026-09-16 19:30:34 - INFO - HTTP Request: GET https://api.bitget.com/api/v2/mix/market/candles?symbol=PORTALUSDT&granularity=1m&limit=1000&productType=usdt-futures&endTime=1788566340000 "HTTP/1.1 400 Bad Request"
2026-09-16 19:30:34 [error    ] [Bitget] Failed to get historical data batch for symbol='PORTALUSDT'
Traceback (most recent call last):
  File "/srv/www/services/crypto_market.py", line 404, in get_historical_candles_generator
    response = self._make_kline_request(
        symbol=symbol, limit=self.BATCH_SIZE, end_time_ms=current_end_time_ms, granularity="1m"
    )
  File "/srv/www/services/crypto_market.py", line 364, in _make_kline_request
    response.raise_for_status()
    ~~~~~~~~~~~~~~~~~~~~~~~~~^^
  File "/srv/docker-venv/lib/python3.14/site-packages/httpx/_models.py", line 829, in raise_for_status
    raise HTTPStatusError(message, request=request, response=self)
httpx.HTTPStatusError: Client error '400 Bad Request' for url 'https://api.bitget.com/api/v2/mix/market/candles?symbol=PORTALUSDT&granularity=1m&limit=1000&productType=usdt-futures&endTime=1788566340000'
For more information check: https://developer.mozilla.org/en-US/docs/Web/HTTP/Status/400
2026-09-16 19:30:34 [error    ] Error download coin history interval start_time=datetime.datetime(2026, 9, 4, 0, 0, tzinfo=datetime.timezone.utc) end_time=datetime.datetime(2026, 9, 4, 23, 59, tzinfo=datetime.timezone.utc)
Traceback (most recent call last):
  File "/srv/www/services/crypto_market.py", line 404, in get_historical_candles_generator
    response = self._make_kline_request(
        symbol=symbol, limit=self.BATCH_SIZE, end_time_ms=current_end_time_ms, granularity="1m"
    )
  File "/srv/www/services/crypto_market.py", line 364, in _make_kline_request
    response.raise_for_status()
    ~~~~~~~~~~~~~~~~~~~~~~~~~^^
  File "/srv/docker-venv/lib/python3.14/site-packages/httpx/_models.py", line 829, in raise_for_status
    raise HTTPStatusError(message, request=request, response=self)
httpx.HTTPStatusError: Client error '400 Bad Request' for url 'https://api.bitget.com/api/v2/mix/market/candles?symbol=PORTALUSDT&granularity=1m&limit=1000&productType=usdt-futures&endTime=1788566340000'
For more information check: https://developer.mozilla.org/en-US/docs/Web/HTTP/Status/400

The above exception was the direct cause of the following exception:

Traceback (most recent call last):
  File "/srv/www/services/price_sync.py", line 255, in ensure_minute_data_smart
    self.download_coin_history_interval(coin=coin, start_time=start_time, end_time=end_time)
    ~~~~~~~~~~~~~~~~~~~~~~~~~~~~~~~~~~~^^^^^^^^^^^^^^^^^^^^^^^^^^^^^^^^^^^^^^^^^^^^^^^^^^^^^
  File "/srv/www/services/price_sync.py", line 295, in download_coin_history_interval
    for batch_candles in client.get_historical_candles_generator(
                         ~~~~~~~~~~~~~~~~~~~~~~~~~~~~~~~~~~~~~~~^
        symbol=coin.symbol, start_time=start_time, end_time=end_time
        ^^^^^^^^^^^^^^^^^^^^^^^^^^^^^^^^^^^^^^^^^^^^^^^^^^^^^^^^^^^^
    ):
    ^
  File "/srv/www/services/crypto_market.py", line 409, in get_historical_candles_generator
    raise BitgetResponseError("Failed to get historical data batch") from exception
services.crypto_market.BitgetResponseError: Failed to get historical data batch
2026-09-16 19:30:34 [info     ] Smart minute data check        end=datetime.datetime(2026, 9, 4, 23, 59, tzinfo=datetime.timezone.utc) expected_minutes=1440 start=datetime.datetime(2026, 9, 4, 0, 0, tzinfo=datetime.timezone.utc) symbol=TRADOORUSDT
2026-09-16 19:30:34 [warning  ] ⚠️  Incomplete price data, downloading missing existing=0 expected_total=1440 missing=1440 status=INCOMPLETE symbol=TRADOORUSDT
2026-09-16 19:30:34 [info     ] Start download coin=<Coin:  (TRADOORUSDT)> start_time=datetime.datetime(2026, 9, 4, 0, 0, tzinfo=datetime.timezone.utc) end_time=datetime.datetime(2026, 9, 4, 23, 59, tzinfo=datetime.timezone.utc)
2026-09-16 19:30:34 [info     ] [Bybit] Starting historical data generator for symbol='TRADOORUSDT', days=90
2026-09-16 19:30:34 [info     ] [Bybit] Loading data from 2026-09-04 00:00:00+00:00 to 2026-09-04 23:59:00+00:00
2026-09-16 19:30:34 [error    ] [Bybit] Failed to get historical data batch for symbol='TRADOORUSDT'
Traceback (most recent call last):
  File "/srv/www/services/crypto_market.py", line 179, in get_historical_candles_generator
    response = self.http_client.get_kline(
        symbol=symbol,
    ...<2 lines>...
        end=str(current_end_time_ms),  # Загружаем до этого времени
    )
  File "/srv/docker-venv/lib/python3.14/site-packages/pybit/_v5_market.py", line 33, in get_kline
    return self._submit_request(
           ~~~~~~~~~~~~~~~~~~~~^
        method="GET",
        ^^^^^^^^^^^^^
        path=f"{self.endpoint}{Market.GET_KLINE}",
        ^^^^^^^^^^^^^^^^^^^^^^^^^^^^^^^^^^^^^^^^^^
        query=kwargs,
        ^^^^^^^^^^^^^
    )
    ^
  File "/srv/docker-venv/lib/python3.14/site-packages/pybit/_http_manager.py", line 197, in _submit_request
    return self._handle_response(response, method, path, req_params, recv_window, retries_attempted)
           ~~~~~~~~~~~~~~~~~~~~~^^^^^^^^^^^^^^^^^^^^^^^^^^^^^^^^^^^^^^^^^^^^^^^^^^^^^^^^^^^^^^^^^^^^
  File "/srv/docker-venv/lib/python3.14/site-packages/pybit/_http_manager.py", line 282, in _handle_response
    raise InvalidRequestError(
    ...<5 lines>...
    )
pybit.exceptions.InvalidRequestError: params error: Symbol Is Invalid (ErrCode: 10001) (ErrTime: 19:30:34).
Request → GET https://api.bybit.com/v5/market/kline: end=1788566340000&interval=1&limit=1000&symbol=TRADOORUSDT.
2026-09-16 19:30:34 [error    ] Error download coin history interval start_time=datetime.datetime(2026, 9, 4, 0, 0, tzinfo=datetime.timezone.utc) end_time=datetime.datetime(2026, 9, 4, 23, 59, tzinfo=datetime.timezone.utc)
Traceback (most recent call last):
  File "/srv/www/services/crypto_market.py", line 179, in get_historical_candles_generator
    response = self.http_client.get_kline(
        symbol=symbol,
    ...<2 lines>...
        end=str(current_end_time_ms),  # Загружаем до этого времени
    )
  File "/srv/docker-venv/lib/python3.14/site-packages/pybit/_v5_market.py", line 33, in get_kline
    return self._submit_request(
           ~~~~~~~~~~~~~~~~~~~~^
        method="GET",
        ^^^^^^^^^^^^^
        path=f"{self.endpoint}{Market.GET_KLINE}",
        ^^^^^^^^^^^^^^^^^^^^^^^^^^^^^^^^^^^^^^^^^^
        query=kwargs,
        ^^^^^^^^^^^^^
    )
    ^
  File "/srv/docker-venv/lib/python3.14/site-packages/pybit/_http_manager.py", line 197, in _submit_request
    return self._handle_response(response, method, path, req_params, recv_window, retries_attempted)
           ~~~~~~~~~~~~~~~~~~~~~^^^^^^^^^^^^^^^^^^^^^^^^^^^^^^^^^^^^^^^^^^^^^^^^^^^^^^^^^^^^^^^^^^^^
  File "/srv/docker-venv/lib/python3.14/site-packages/pybit/_http_manager.py", line 282, in _handle_response
    raise InvalidRequestError(
    ...<5 lines>...
    )
pybit.exceptions.InvalidRequestError: params error: Symbol Is Invalid (ErrCode: 10001) (ErrTime: 19:30:34).
Request → GET https://api.bybit.com/v5/market/kline: end=1788566340000&interval=1&limit=1000&symbol=TRADOORUSDT.

The above exception was the direct cause of the following exception:

Traceback (most recent call last):
  File "/srv/www/services/price_sync.py", line 255, in ensure_minute_data_smart
    self.download_coin_history_interval(coin=coin, start_time=start_time, end_time=end_time)
    ~~~~~~~~~~~~~~~~~~~~~~~~~~~~~~~~~~~^^^^^^^^^^^^^^^^^^^^^^^^^^^^^^^^^^^^^^^^^^^^^^^^^^^^^
  File "/srv/www/services/price_sync.py", line 295, in download_coin_history_interval
    for batch_candles in client.get_historical_candles_generator(
                         ~~~~~~~~~~~~~~~~~~~~~~~~~~~~~~~~~~~~~~~^
        symbol=coin.symbol, start_time=start_time, end_time=end_time
        ^^^^^^^^^^^^^^^^^^^^^^^^^^^^^^^^^^^^^^^^^^^^^^^^^^^^^^^^^^^^
    ):
    ^
  File "/srv/www/services/crypto_market.py", line 187, in get_historical_candles_generator
    raise BybitResponseError("Failed to get historical data batch") from exception
services.crypto_market.BybitResponseError: Failed to get historical data batch
2026-09-16 19:30:35 [info     ] Smart minute data check        end=datetime.datetime(2026, 9, 4, 23, 59, tzinfo=datetime.timezone.utc) expected_minutes=1440 start=datetime.datetime(2026, 9, 4, 0, 0, tzinfo=datetime.timezone.utc) symbol=ONTUSDT
2026-09-16 19:30:35 [warning  ] ⚠️  Incomplete price data, downloading missing existing=96 expected_total=1440 missing=1344 status=INCOMPLETE symbol=ONTUSDT
2026-09-16 19:30:35 [info     ] Start download coin=<Coin:  (ONTUSDT)> start_time=datetime.datetime(2026, 9, 4, 0, 0, tzinfo=datetime.timezone.utc) end_time=datetime.datetime(2026, 9, 4, 23, 59, tzinfo=datetime.timezone.utc)
2026-09-16 19:30:35 [info     ] [Bybit] Starting historical data generator for symbol='ONTUSDT', days=90
2026-09-16 19:30:35 [info     ] [Bybit] Loading data from 2026-09-04 00:00:00+00:00 to 2026-09-04 23:59:00+00:00
2026-09-16 19:30:35 [info     ] [Bybit] Yielding batch of 1000 candles for ONTUSDT
2026-09-16 19:30:36 [info     ] [Bybit] Yielding batch of 440 candles for ONTUSDT
2026-09-16 19:30:36 [info     ] [Bybit] Reached start time for ONTUSDT
2026-09-16 19:30:36 [info     ] [Bybit] Historical data generator completed for ONTUSDT
2026-09-16 19:30:36 [info     ] [Bitget] Starting historical data generator for symbol='ONTUSDT', days=90
2026-09-16 19:30:36 [info     ] [Bitget] Loading data from 2026-09-04 00:00:00+00:00 to 2026-09-04 23:59:00+00:00
2026-09-16 19:30:36 - INFO - HTTP Request: GET https://api.bitget.com/api/v2/mix/market/candles?symbol=ONTUSDT&granularity=1m&limit=1000&productType=usdt-futures&endTime=1788566340000 "HTTP/1.1 200 OK"
2026-09-16 19:30:36 [info     ] [Bitget] Yielding batch of 1000 candles for ONTUSDT
2026-09-16 19:30:36 - INFO - HTTP Request: GET https://api.bitget.com/api/v2/mix/market/candles?symbol=ONTUSDT&granularity=1m&limit=1000&productType=usdt-futures&endTime=1788506399999 "HTTP/1.1 200 OK"
2026-09-16 19:30:36 [info     ] [Bitget] Yielding batch of 440 candles for ONTUSDT
2026-09-16 19:30:37 [info     ] [Bitget] Reached start time for ONTUSDT
2026-09-16 19:30:37 [info     ] [Bitget] Historical data generator completed for ONTUSDT
2026-09-16 19:30:37 [info     ] ✅ Price data download completed successfully final_count=2976 final_result=True status=SUCCESS total_minutes=1440
[2026-09-16 19:30:37 UTC] 57/2726 | ONTUSDT 2026-09-04: +2880 свечей (прогнозов ждало 1) | всего +152640 | темп 1463 окон/ч, осталось ~1.8 ч | диск 59.9 ГБ
2026-09-16 19:30:37 [info     ] Smart minute data check        end=datetime.datetime(2026, 9, 4, 23, 59, tzinfo=datetime.timezone.utc) expected_minutes=1440 start=datetime.datetime(2026, 9, 4, 0, 0, tzinfo=datetime.timezone.utc) symbol=ZENUSDT
2026-09-16 19:30:37 [warning  ] ⚠️  Incomplete price data, downloading missing existing=97 expected_total=1440 missing=1343 status=INCOMPLETE symbol=ZENUSDT
2026-09-16 19:30:37 [info     ] Start download coin=<Coin:  (ZENUSDT)> start_time=datetime.datetime(2026, 9, 4, 0, 0, tzinfo=datetime.timezone.utc) end_time=datetime.datetime(2026, 9, 4, 23, 59, tzinfo=datetime.timezone.utc)
2026-09-16 19:30:37 [info     ] [Bybit] Starting historical data generator for symbol='ZENUSDT', days=90
2026-09-16 19:30:37 [info     ] [Bybit] Loading data from 2026-09-04 00:00:00+00:00 to 2026-09-04 23:59:00+00:00
2026-09-16 19:30:37 [info     ] [Bybit] Yielding batch of 1000 candles for ZENUSDT
2026-09-16 19:30:38 [info     ] [Bybit] Yielding batch of 440 candles for ZENUSDT
2026-09-16 19:30:38 [info     ] [Bybit] Reached start time for ZENUSDT
2026-09-16 19:30:38 [info     ] [Bybit] Historical data generator completed for ZENUSDT
2026-09-16 19:30:38 [info     ] [Bitget] Starting historical data generator for symbol='ZENUSDT', days=90
2026-09-16 19:30:38 [info     ] [Bitget] Loading data from 2026-09-04 00:00:00+00:00 to 2026-09-04 23:59:00+00:00
2026-09-16 19:30:38 - INFO - HTTP Request: GET https://api.bitget.com/api/v2/mix/market/candles?symbol=ZENUSDT&granularity=1m&limit=1000&productType=usdt-futures&endTime=1788566340000 "HTTP/1.1 200 OK"
2026-09-16 19:30:38 [info     ] [Bitget] Yielding batch of 1000 candles for ZENUSDT
2026-09-16 19:30:39 - INFO - HTTP Request: GET https://api.bitget.com/api/v2/mix/market/candles?symbol=ZENUSDT&granularity=1m&limit=1000&productType=usdt-futures&endTime=1788506399999 "HTTP/1.1 200 OK"
2026-09-16 19:30:39 [info     ] [Bitget] Yielding batch of 440 candles for ZENUSDT
2026-09-16 19:30:39 [info     ] [Bitget] Reached start time for ZENUSDT
2026-09-16 19:30:39 [info     ] [Bitget] Historical data generator completed for ZENUSDT
2026-09-16 19:30:39 [info     ] ✅ Price data download completed successfully final_count=2977 final_result=True status=SUCCESS total_minutes=1440
[2026-09-16 19:30:39 UTC] 58/2726 | ZENUSDT 2026-09-04: +2880 свечей (прогнозов ждало 3) | всего +155520 | темп 1463 окон/ч, осталось ~1.8 ч | диск 59.9 ГБ
2026-09-16 19:30:39 [info     ] Smart minute data check        end=datetime.datetime(2026, 9, 4, 23, 59, tzinfo=datetime.timezone.utc) expected_minutes=1440 start=datetime.datetime(2026, 9, 4, 0, 0, tzinfo=datetime.timezone.utc) symbol=DGBUSDT
2026-09-16 19:30:39 [warning  ] ⚠️  Incomplete price data, downloading missing existing=0 expected_total=1440 missing=1440 status=INCOMPLETE symbol=DGBUSDT
2026-09-16 19:30:39 [info     ] Start download coin=<Coin:  (DGBUSDT)> start_time=datetime.datetime(2026, 9, 4, 0, 0, tzinfo=datetime.timezone.utc) end_time=datetime.datetime(2026, 9, 4, 23, 59, tzinfo=datetime.timezone.utc)
2026-09-16 19:30:39 [info     ] [Bybit] Starting historical data generator for symbol='DGBUSDT', days=90
2026-09-16 19:30:39 [info     ] [Bybit] Loading data from 2026-09-04 00:00:00+00:00 to 2026-09-04 23:59:00+00:00
2026-09-16 19:30:40 [info     ] [Bybit] No more data for DGBUSDT
2026-09-16 19:30:40 [info     ] [Bybit] Historical data generator completed for DGBUSDT
2026-09-16 19:30:40 [info     ] [Bitget] Starting historical data generator for symbol='DGBUSDT', days=90
2026-09-16 19:30:40 [info     ] [Bitget] Loading data from 2026-09-04 00:00:00+00:00 to 2026-09-04 23:59:00+00:00
2026-09-16 19:30:40 - INFO - HTTP Request: GET https://api.bitget.com/api/v2/mix/market/candles?symbol=DGBUSDT&granularity=1m&limit=1000&productType=usdt-futures&endTime=1788566340000 "HTTP/1.1 400 Bad Request"
2026-09-16 19:30:40 [error    ] [Bitget] Failed to get historical data batch for symbol='DGBUSDT'
Traceback (most recent call last):
  File "/srv/www/services/crypto_market.py", line 404, in get_historical_candles_generator
    response = self._make_kline_request(
        symbol=symbol, limit=self.BATCH_SIZE, end_time_ms=current_end_time_ms, granularity="1m"
    )
  File "/srv/www/services/crypto_market.py", line 364, in _make_kline_request
    response.raise_for_status()
    ~~~~~~~~~~~~~~~~~~~~~~~~~^^
  File "/srv/docker-venv/lib/python3.14/site-packages/httpx/_models.py", line 829, in raise_for_status
    raise HTTPStatusError(message, request=request, response=self)
httpx.HTTPStatusError: Client error '400 Bad Request' for url 'https://api.bitget.com/api/v2/mix/market/candles?symbol=DGBUSDT&granularity=1m&limit=1000&productType=usdt-futures&endTime=1788566340000'
For more information check: https://developer.mozilla.org/en-US/docs/Web/HTTP/Status/400
2026-09-16 19:30:40 [error    ] Error download coin history interval start_time=datetime.datetime(2026, 9, 4, 0, 0, tzinfo=datetime.timezone.utc) end_time=datetime.datetime(2026, 9, 4, 23, 59, tzinfo=datetime.timezone.utc)
Traceback (most recent call last):
  File "/srv/www/services/crypto_market.py", line 404, in get_historical_candles_generator
    response = self._make_kline_request(
        symbol=symbol, limit=self.BATCH_SIZE, end_time_ms=current_end_time_ms, granularity="1m"
    )
  File "/srv/www/services/crypto_market.py", line 364, in _make_kline_request
    response.raise_for_status()
    ~~~~~~~~~~~~~~~~~~~~~~~~~^^
  File "/srv/docker-venv/lib/python3.14/site-packages/httpx/_models.py", line 829, in raise_for_status
    raise HTTPStatusError(message, request=request, response=self)
httpx.HTTPStatusError: Client error '400 Bad Request' for url 'https://api.bitget.com/api/v2/mix/market/candles?symbol=DGBUSDT&granularity=1m&limit=1000&productType=usdt-futures&endTime=1788566340000'
For more information check: https://developer.mozilla.org/en-US/docs/Web/HTTP/Status/400

The above exception was the direct cause of the following exception:

Traceback (most recent call last):
  File "/srv/www/services/price_sync.py", line 255, in ensure_minute_data_smart
    self.download_coin_history_interval(coin=coin, start_time=start_time, end_time=end_time)
    ~~~~~~~~~~~~~~~~~~~~~~~~~~~~~~~~~~~^^^^^^^^^^^^^^^^^^^^^^^^^^^^^^^^^^^^^^^^^^^^^^^^^^^^^
  File "/srv/www/services/price_sync.py", line 295, in download_coin_history_interval
    for batch_candles in client.get_historical_candles_generator(
                         ~~~~~~~~~~~~~~~~~~~~~~~~~~~~~~~~~~~~~~~^
        symbol=coin.symbol, start_time=start_time, end_time=end_time
        ^^^^^^^^^^^^^^^^^^^^^^^^^^^^^^^^^^^^^^^^^^^^^^^^^^^^^^^^^^^^
    ):
    ^
  File "/srv/www/services/crypto_market.py", line 409, in get_historical_candles_generator
    raise BitgetResponseError("Failed to get historical data batch") from exception
services.crypto_market.BitgetResponseError: Failed to get historical data batch
2026-09-16 19:30:40 [info     ] Smart minute data check        end=datetime.datetime(2026, 9, 4, 23, 59, tzinfo=datetime.timezone.utc) expected_minutes=1440 start=datetime.datetime(2026, 9, 4, 0, 0, tzinfo=datetime.timezone.utc) symbol=TWTUSDT
2026-09-16 19:30:40 [warning  ] ⚠️  Incomplete price data, downloading missing existing=96 expected_total=1440 missing=1344 status=INCOMPLETE symbol=TWTUSDT
2026-09-16 19:30:40 [info     ] Start download coin=<Coin:  (TWTUSDT)> start_time=datetime.datetime(2026, 9, 4, 0, 0, tzinfo=datetime.timezone.utc) end_time=datetime.datetime(2026, 9, 4, 23, 59, tzinfo=datetime.timezone.utc)
2026-09-16 19:30:40 [info     ] [Bybit] Starting historical data generator for symbol='TWTUSDT', days=90
2026-09-16 19:30:40 [info     ] [Bybit] Loading data from 2026-09-04 00:00:00+00:00 to 2026-09-04 23:59:00+00:00
2026-09-16 19:30:41 [info     ] [Bybit] Yielding batch of 1000 candles for TWTUSDT
2026-09-16 19:30:42 [info     ] [Bybit] Yielding batch of 440 candles for TWTUSDT
2026-09-16 19:30:42 [info     ] [Bybit] Reached start time for TWTUSDT
2026-09-16 19:30:42 [info     ] [Bybit] Historical data generator completed for TWTUSDT
2026-09-16 19:30:42 [info     ] [Bitget] Starting historical data generator for symbol='TWTUSDT', days=90
2026-09-16 19:30:42 [info     ] [Bitget] Loading data from 2026-09-04 00:00:00+00:00 to 2026-09-04 23:59:00+00:00
2026-09-16 19:30:42 - INFO - HTTP Request: GET https://api.bitget.com/api/v2/mix/market/candles?symbol=TWTUSDT&granularity=1m&limit=1000&productType=usdt-futures&endTime=1788566340000 "HTTP/1.1 400 Bad Request"
2026-09-16 19:30:42 [error    ] [Bitget] Failed to get historical data batch for symbol='TWTUSDT'
Traceback (most recent call last):
  File "/srv/www/services/crypto_market.py", line 404, in get_historical_candles_generator
    response = self._make_kline_request(
        symbol=symbol, limit=self.BATCH_SIZE, end_time_ms=current_end_time_ms, granularity="1m"
    )
  File "/srv/www/services/crypto_market.py", line 364, in _make_kline_request
    response.raise_for_status()
    ~~~~~~~~~~~~~~~~~~~~~~~~~^^
  File "/srv/docker-venv/lib/python3.14/site-packages/httpx/_models.py", line 829, in raise_for_status
    raise HTTPStatusError(message, request=request, response=self)
httpx.HTTPStatusError: Client error '400 Bad Request' for url 'https://api.bitget.com/api/v2/mix/market/candles?symbol=TWTUSDT&granularity=1m&limit=1000&productType=usdt-futures&endTime=1788566340000'
For more information check: https://developer.mozilla.org/en-US/docs/Web/HTTP/Status/400
2026-09-16 19:30:42 [error    ] Error download coin history interval start_time=datetime.datetime(2026, 9, 4, 0, 0, tzinfo=datetime.timezone.utc) end_time=datetime.datetime(2026, 9, 4, 23, 59, tzinfo=datetime.timezone.utc)
Traceback (most recent call last):
  File "/srv/www/services/crypto_market.py", line 404, in get_historical_candles_generator
    response = self._make_kline_request(
        symbol=symbol, limit=self.BATCH_SIZE, end_time_ms=current_end_time_ms, granularity="1m"
    )
  File "/srv/www/services/crypto_market.py", line 364, in _make_kline_request
    response.raise_for_status()
    ~~~~~~~~~~~~~~~~~~~~~~~~~^^
  File "/srv/docker-venv/lib/python3.14/site-packages/httpx/_models.py", line 829, in raise_for_status
    raise HTTPStatusError(message, request=request, response=self)
httpx.HTTPStatusError: Client error '400 Bad Request' for url 'https://api.bitget.com/api/v2/mix/market/candles?symbol=TWTUSDT&granularity=1m&limit=1000&productType=usdt-futures&endTime=1788566340000'
For more information check: https://developer.mozilla.org/en-US/docs/Web/HTTP/Status/400

The above exception was the direct cause of the following exception:

Traceback (most recent call last):
  File "/srv/www/services/price_sync.py", line 255, in ensure_minute_data_smart
    self.download_coin_history_interval(coin=coin, start_time=start_time, end_time=end_time)
    ~~~~~~~~~~~~~~~~~~~~~~~~~~~~~~~~~~~^^^^^^^^^^^^^^^^^^^^^^^^^^^^^^^^^^^^^^^^^^^^^^^^^^^^^
  File "/srv/www/services/price_sync.py", line 295, in download_coin_history_interval
    for batch_candles in client.get_historical_candles_generator(
                         ~~~~~~~~~~~~~~~~~~~~~~~~~~~~~~~~~~~~~~~^
        symbol=coin.symbol, start_time=start_time, end_time=end_time
        ^^^^^^^^^^^^^^^^^^^^^^^^^^^^^^^^^^^^^^^^^^^^^^^^^^^^^^^^^^^^
    ):
    ^
  File "/srv/www/services/crypto_market.py", line 409, in get_historical_candles_generator
    raise BitgetResponseError("Failed to get historical data batch") from exception
services.crypto_market.BitgetResponseError: Failed to get historical data batch
2026-09-16 19:30:42 [info     ] Smart minute data check        end=datetime.datetime(2026, 9, 4, 23, 59, tzinfo=datetime.timezone.utc) expected_minutes=1440 start=datetime.datetime(2026, 9, 4, 0, 0, tzinfo=datetime.timezone.utc) symbol=MOVEUSDT
2026-09-16 19:30:42 [warning  ] ⚠️  Incomplete price data, downloading missing existing=96 expected_total=1440 missing=1344 status=INCOMPLETE symbol=MOVEUSDT
2026-09-16 19:30:42 [info     ] Start download coin=<Coin:  (MOVEUSDT)> start_time=datetime.datetime(2026, 9, 4, 0, 0, tzinfo=datetime.timezone.utc) end_time=datetime.datetime(2026, 9, 4, 23, 59, tzinfo=datetime.timezone.utc)
2026-09-16 19:30:42 [info     ] [Bybit] Starting historical data generator for symbol='MOVEUSDT', days=90
2026-09-16 19:30:42 [info     ] [Bybit] Loading data from 2026-09-04 00:00:00+00:00 to 2026-09-04 23:59:00+00:00
2026-09-16 19:30:43 [info     ] [Bybit] Yielding batch of 1000 candles for MOVEUSDT
2026-09-16 19:30:43 [info     ] [Bybit] Yielding batch of 440 candles for MOVEUSDT
2026-09-16 19:30:43 [info     ] [Bybit] Reached start time for MOVEUSDT
2026-09-16 19:30:43 [info     ] [Bybit] Historical data generator completed for MOVEUSDT
2026-09-16 19:30:43 [info     ] [Bitget] Starting historical data generator for symbol='MOVEUSDT', days=90
2026-09-16 19:30:43 [info     ] [Bitget] Loading data from 2026-09-04 00:00:00+00:00 to 2026-09-04 23:59:00+00:00
2026-09-16 19:30:44 - INFO - HTTP Request: GET https://api.bitget.com/api/v2/mix/market/candles?symbol=MOVEUSDT&granularity=1m&limit=1000&productType=usdt-futures&endTime=1788566340000 "HTTP/1.1 200 OK"
2026-09-16 19:30:44 [info     ] [Bitget] Yielding batch of 1000 candles for MOVEUSDT
2026-09-16 19:30:44 - INFO - HTTP Request: GET https://api.bitget.com/api/v2/mix/market/candles?symbol=MOVEUSDT&granularity=1m&limit=1000&productType=usdt-futures&endTime=1788506399999 "HTTP/1.1 200 OK"
2026-09-16 19:30:44 [info     ] [Bitget] Yielding batch of 440 candles for MOVEUSDT
2026-09-16 19:30:44 [info     ] [Bitget] Reached start time for MOVEUSDT
2026-09-16 19:30:44 [info     ] [Bitget] Historical data generator completed for MOVEUSDT
2026-09-16 19:30:44 [info     ] ✅ Price data download completed successfully final_count=2976 final_result=True status=SUCCESS total_minutes=1440
[2026-09-16 19:30:44 UTC] 61/2726 | MOVEUSDT 2026-09-04: +2880 свечей (прогнозов ждало 3) | всего +159840 | темп 1485 окон/ч, осталось ~1.8 ч | диск 59.9 ГБ
2026-09-16 19:30:45 [info     ] Smart minute data check        end=datetime.datetime(2026, 9, 4, 23, 59, tzinfo=datetime.timezone.utc) expected_minutes=1440 start=datetime.datetime(2026, 9, 4, 0, 0, tzinfo=datetime.timezone.utc) symbol=DUSKUSDT
2026-09-16 19:30:45 [warning  ] ⚠️  Incomplete price data, downloading missing existing=96 expected_total=1440 missing=1344 status=INCOMPLETE symbol=DUSKUSDT
2026-09-16 19:30:45 [info     ] Start download coin=<Coin:  (DUSKUSDT)> start_time=datetime.datetime(2026, 9, 4, 0, 0, tzinfo=datetime.timezone.utc) end_time=datetime.datetime(2026, 9, 4, 23, 59, tzinfo=datetime.timezone.utc)
2026-09-16 19:30:45 [info     ] [Bybit] Starting historical data generator for symbol='DUSKUSDT', days=90
2026-09-16 19:30:45 [info     ] [Bybit] Loading data from 2026-09-04 00:00:00+00:00 to 2026-09-04 23:59:00+00:00
2026-09-16 19:30:45 [info     ] [Bybit] Yielding batch of 1000 candles for DUSKUSDT
2026-09-16 19:30:45 [info     ] [Bybit] Yielding batch of 440 candles for DUSKUSDT
2026-09-16 19:30:45 [info     ] [Bybit] Reached start time for DUSKUSDT
2026-09-16 19:30:45 [info     ] [Bybit] Historical data generator completed for DUSKUSDT
2026-09-16 19:30:45 [info     ] [Bitget] Starting historical data generator for symbol='DUSKUSDT', days=90
2026-09-16 19:30:45 [info     ] [Bitget] Loading data from 2026-09-04 00:00:00+00:00 to 2026-09-04 23:59:00+00:00
2026-09-16 19:30:46 - INFO - HTTP Request: GET https://api.bitget.com/api/v2/mix/market/candles?symbol=DUSKUSDT&granularity=1m&limit=1000&productType=usdt-futures&endTime=1788566340000 "HTTP/1.1 400 Bad Request"
2026-09-16 19:30:46 [error    ] [Bitget] Failed to get historical data batch for symbol='DUSKUSDT'
Traceback (most recent call last):
  File "/srv/www/services/crypto_market.py", line 404, in get_historical_candles_generator
    response = self._make_kline_request(
        symbol=symbol, limit=self.BATCH_SIZE, end_time_ms=current_end_time_ms, granularity="1m"
    )
  File "/srv/www/services/crypto_market.py", line 364, in _make_kline_request
    response.raise_for_status()
    ~~~~~~~~~~~~~~~~~~~~~~~~~^^
  File "/srv/docker-venv/lib/python3.14/site-packages/httpx/_models.py", line 829, in raise_for_status
    raise HTTPStatusError(message, request=request, response=self)
httpx.HTTPStatusError: Client error '400 Bad Request' for url 'https://api.bitget.com/api/v2/mix/market/candles?symbol=DUSKUSDT&granularity=1m&limit=1000&productType=usdt-futures&endTime=1788566340000'
For more information check: https://developer.mozilla.org/en-US/docs/Web/HTTP/Status/400
2026-09-16 19:30:46 [error    ] Error download coin history interval start_time=datetime.datetime(2026, 9, 4, 0, 0, tzinfo=datetime.timezone.utc) end_time=datetime.datetime(2026, 9, 4, 23, 59, tzinfo=datetime.timezone.utc)
Traceback (most recent call last):
  File "/srv/www/services/crypto_market.py", line 404, in get_historical_candles_generator
    response = self._make_kline_request(
        symbol=symbol, limit=self.BATCH_SIZE, end_time_ms=current_end_time_ms, granularity="1m"
    )
  File "/srv/www/services/crypto_market.py", line 364, in _make_kline_request
    response.raise_for_status()
    ~~~~~~~~~~~~~~~~~~~~~~~~~^^
  File "/srv/docker-venv/lib/python3.14/site-packages/httpx/_models.py", line 829, in raise_for_status
    raise HTTPStatusError(message, request=request, response=self)
httpx.HTTPStatusError: Client error '400 Bad Request' for url 'https://api.bitget.com/api/v2/mix/market/candles?symbol=DUSKUSDT&granularity=1m&limit=1000&productType=usdt-futures&endTime=1788566340000'
For more information check: https://developer.mozilla.org/en-US/docs/Web/HTTP/Status/400

The above exception was the direct cause of the following exception:

Traceback (most recent call last):
  File "/srv/www/services/price_sync.py", line 255, in ensure_minute_data_smart
    self.download_coin_history_interval(coin=coin, start_time=start_time, end_time=end_time)
    ~~~~~~~~~~~~~~~~~~~~~~~~~~~~~~~~~~~^^^^^^^^^^^^^^^^^^^^^^^^^^^^^^^^^^^^^^^^^^^^^^^^^^^^^
  File "/srv/www/services/price_sync.py", line 295, in download_coin_history_interval
    for batch_candles in client.get_historical_candles_generator(
                         ~~~~~~~~~~~~~~~~~~~~~~~~~~~~~~~~~~~~~~~^
        symbol=coin.symbol, start_time=start_time, end_time=end_time
        ^^^^^^^^^^^^^^^^^^^^^^^^^^^^^^^^^^^^^^^^^^^^^^^^^^^^^^^^^^^^
    ):
    ^
  File "/srv/www/services/crypto_market.py", line 409, in get_historical_candles_generator
    raise BitgetResponseError("Failed to get historical data batch") from exception
services.crypto_market.BitgetResponseError: Failed to get historical data batch
2026-09-16 19:30:46 [info     ] Smart minute data check        end=datetime.datetime(2026, 9, 4, 23, 59, tzinfo=datetime.timezone.utc) expected_minutes=1440 start=datetime.datetime(2026, 9, 4, 0, 0, tzinfo=datetime.timezone.utc) symbol=POPCATUSDT
2026-09-16 19:30:46 [warning  ] ⚠️  Incomplete price data, downloading missing existing=96 expected_total=1440 missing=1344 status=INCOMPLETE symbol=POPCATUSDT
2026-09-16 19:30:46 [info     ] Start download coin=<Coin:  (POPCATUSDT)> start_time=datetime.datetime(2026, 9, 4, 0, 0, tzinfo=datetime.timezone.utc) end_time=datetime.datetime(2026, 9, 4, 23, 59, tzinfo=datetime.timezone.utc)
2026-09-16 19:30:46 [info     ] [Bybit] Starting historical data generator for symbol='POPCATUSDT', days=90
2026-09-16 19:30:46 [info     ] [Bybit] Loading data from 2026-09-04 00:00:00+00:00 to 2026-09-04 23:59:00+00:00
2026-09-16 19:30:46 [info     ] [Bybit] Yielding batch of 1000 candles for POPCATUSDT
2026-09-16 19:30:47 [info     ] [Bybit] Yielding batch of 440 candles for POPCATUSDT
2026-09-16 19:30:47 [info     ] [Bybit] Reached start time for POPCATUSDT
2026-09-16 19:30:47 [info     ] [Bybit] Historical data generator completed for POPCATUSDT
2026-09-16 19:30:47 [info     ] [Bitget] Starting historical data generator for symbol='POPCATUSDT', days=90
2026-09-16 19:30:47 [info     ] [Bitget] Loading data from 2026-09-04 00:00:00+00:00 to 2026-09-04 23:59:00+00:00
2026-09-16 19:30:47 - INFO - HTTP Request: GET https://api.bitget.com/api/v2/mix/market/candles?symbol=POPCATUSDT&granularity=1m&limit=1000&productType=usdt-futures&endTime=1788566340000 "HTTP/1.1 200 OK"
2026-09-16 19:30:47 [info     ] [Bitget] Yielding batch of 1000 candles for POPCATUSDT
2026-09-16 19:30:48 - INFO - HTTP Request: GET https://api.bitget.com/api/v2/mix/market/candles?symbol=POPCATUSDT&granularity=1m&limit=1000&productType=usdt-futures&endTime=1788506399999 "HTTP/1.1 200 OK"
2026-09-16 19:30:48 [info     ] [Bitget] Yielding batch of 440 candles for POPCATUSDT
2026-09-16 19:30:48 [info     ] [Bitget] Reached start time for POPCATUSDT
2026-09-16 19:30:48 [info     ] [Bitget] Historical data generator completed for POPCATUSDT
2026-09-16 19:30:48 [info     ] ✅ Price data download completed successfully final_count=2976 final_result=True status=SUCCESS total_minutes=1440
[2026-09-16 19:30:48 UTC] 63/2726 | POPCATUSDT 2026-09-04: +2880 свечей (прогнозов ждало 3) | всего +164160 | темп 1496 окон/ч, осталось ~1.8 ч | диск 59.9 ГБ
2026-09-16 19:30:48 [info     ] Smart minute data check        end=datetime.datetime(2026, 9, 4, 23, 59, tzinfo=datetime.timezone.utc) expected_minutes=1440 start=datetime.datetime(2026, 9, 4, 0, 0, tzinfo=datetime.timezone.utc) symbol=TAOUSDT
2026-09-16 19:30:48 [warning  ] ⚠️  Incomplete price data, downloading missing existing=96 expected_total=1440 missing=1344 status=INCOMPLETE symbol=TAOUSDT
2026-09-16 19:30:48 [info     ] Start download coin=<Coin:  (TAOUSDT)> start_time=datetime.datetime(2026, 9, 4, 0, 0, tzinfo=datetime.timezone.utc) end_time=datetime.datetime(2026, 9, 4, 23, 59, tzinfo=datetime.timezone.utc)
2026-09-16 19:30:48 [info     ] [Bybit] Starting historical data generator for symbol='TAOUSDT', days=90
2026-09-16 19:30:48 [info     ] [Bybit] Loading data from 2026-09-04 00:00:00+00:00 to 2026-09-04 23:59:00+00:00
2026-09-16 19:30:49 [info     ] [Bybit] Yielding batch of 1000 candles for TAOUSDT
2026-09-16 19:30:49 [info     ] [Bybit] Yielding batch of 440 candles for TAOUSDT
2026-09-16 19:30:50 [info     ] [Bybit] Reached start time for TAOUSDT
2026-09-16 19:30:50 [info     ] [Bybit] Historical data generator completed for TAOUSDT
2026-09-16 19:30:50 [info     ] [Bitget] Starting historical data generator for symbol='TAOUSDT', days=90
2026-09-16 19:30:50 [info     ] [Bitget] Loading data from 2026-09-04 00:00:00+00:00 to 2026-09-04 23:59:00+00:00
2026-09-16 19:30:50 - INFO - HTTP Request: GET https://api.bitget.com/api/v2/mix/market/candles?symbol=TAOUSDT&granularity=1m&limit=1000&productType=usdt-futures&endTime=1788566340000 "HTTP/1.1 200 OK"
2026-09-16 19:30:50 [info     ] [Bitget] Yielding batch of 1000 candles for TAOUSDT
2026-09-16 19:30:50 - INFO - HTTP Request: GET https://api.bitget.com/api/v2/mix/market/candles?symbol=TAOUSDT&granularity=1m&limit=1000&productType=usdt-futures&endTime=1788506399999 "HTTP/1.1 200 OK"
2026-09-16 19:30:50 [info     ] [Bitget] Yielding batch of 440 candles for TAOUSDT
2026-09-16 19:30:50 [info     ] [Bitget] Reached start time for TAOUSDT
2026-09-16 19:30:50 [info     ] [Bitget] Historical data generator completed for TAOUSDT
2026-09-16 19:30:50 [info     ] ✅ Price data download completed successfully final_count=2977 final_result=True status=SUCCESS total_minutes=1440
[2026-09-16 19:30:50 UTC] 64/2726 | TAOUSDT 2026-09-04: +2880 свечей (прогнозов ждало 2) | всего +167040 | темп 1495 окон/ч, осталось ~1.8 ч | диск 59.9 ГБ
2026-09-16 19:30:51 [info     ] Smart minute data check        end=datetime.datetime(2026, 9, 4, 23, 59, tzinfo=datetime.timezone.utc) expected_minutes=1440 start=datetime.datetime(2026, 9, 4, 0, 0, tzinfo=datetime.timezone.utc) symbol=GRTUSDT
2026-09-16 19:30:51 [warning  ] ⚠️  Incomplete price data, downloading missing existing=96 expected_total=1440 missing=1344 status=INCOMPLETE symbol=GRTUSDT
2026-09-16 19:30:51 [info     ] Start download coin=<Coin:  (GRTUSDT)> start_time=datetime.datetime(2026, 9, 4, 0, 0, tzinfo=datetime.timezone.utc) end_time=datetime.datetime(2026, 9, 4, 23, 59, tzinfo=datetime.timezone.utc)
2026-09-16 19:30:51 [info     ] [Bybit] Starting historical data generator for symbol='GRTUSDT', days=90
2026-09-16 19:30:51 [info     ] [Bybit] Loading data from 2026-09-04 00:00:00+00:00 to 2026-09-04 23:59:00+00:00
2026-09-16 19:30:51 [info     ] [Bybit] Yielding batch of 1000 candles for GRTUSDT
2026-09-16 19:30:52 [info     ] [Bybit] Yielding batch of 440 candles for GRTUSDT
2026-09-16 19:30:52 [info     ] [Bybit] Reached start time for GRTUSDT
2026-09-16 19:30:52 [info     ] [Bybit] Historical data generator completed for GRTUSDT
2026-09-16 19:30:52 [info     ] [Bitget] Starting historical data generator for symbol='GRTUSDT', days=90
2026-09-16 19:30:52 [info     ] [Bitget] Loading data from 2026-09-04 00:00:00+00:00 to 2026-09-04 23:59:00+00:00
2026-09-16 19:30:52 - INFO - HTTP Request: GET https://api.bitget.com/api/v2/mix/market/candles?symbol=GRTUSDT&granularity=1m&limit=1000&productType=usdt-futures&endTime=1788566340000 "HTTP/1.1 200 OK"
2026-09-16 19:30:52 [info     ] [Bitget] Yielding batch of 1000 candles for GRTUSDT
2026-09-16 19:30:52 - INFO - HTTP Request: GET https://api.bitget.com/api/v2/mix/market/candles?symbol=GRTUSDT&granularity=1m&limit=1000&productType=usdt-futures&endTime=1788506399999 "HTTP/1.1 200 OK"
2026-09-16 19:30:52 [info     ] [Bitget] Yielding batch of 440 candles for GRTUSDT
2026-09-16 19:30:52 [info     ] [Bitget] Reached start time for GRTUSDT
2026-09-16 19:30:52 [info     ] [Bitget] Historical data generator completed for GRTUSDT
2026-09-16 19:30:52 [info     ] ✅ Price data download completed successfully final_count=2976 final_result=True status=SUCCESS total_minutes=1440
[2026-09-16 19:30:52 UTC] 65/2726 | GRTUSDT 2026-09-04: +2880 свечей (прогнозов ждало 3) | всего +169920 | темп 1498 окон/ч, осталось ~1.8 ч | диск 59.9 ГБ
2026-09-16 19:30:53 [info     ] Smart minute data check        end=datetime.datetime(2026, 9, 4, 23, 59, tzinfo=datetime.timezone.utc) expected_minutes=1440 start=datetime.datetime(2026, 9, 4, 0, 0, tzinfo=datetime.timezone.utc) symbol=RUNEUSDT
2026-09-16 19:30:53 [warning  ] ⚠️  Incomplete price data, downloading missing existing=96 expected_total=1440 missing=1344 status=INCOMPLETE symbol=RUNEUSDT
2026-09-16 19:30:53 [info     ] Start download coin=<Coin:  (RUNEUSDT)> start_time=datetime.datetime(2026, 9, 4, 0, 0, tzinfo=datetime.timezone.utc) end_time=datetime.datetime(2026, 9, 4, 23, 59, tzinfo=datetime.timezone.utc)
2026-09-16 19:30:53 [info     ] [Bybit] Starting historical data generator for symbol='RUNEUSDT', days=90
2026-09-16 19:30:53 [info     ] [Bybit] Loading data from 2026-09-04 00:00:00+00:00 to 2026-09-04 23:59:00+00:00
2026-09-16 19:30:54 [info     ] [Bybit] Yielding batch of 1000 candles for RUNEUSDT
2026-09-16 19:30:55 [info     ] [Bybit] Yielding batch of 440 candles for RUNEUSDT
2026-09-16 19:30:55 [info     ] [Bybit] Reached start time for RUNEUSDT
2026-09-16 19:30:55 [info     ] [Bybit] Historical data generator completed for RUNEUSDT
2026-09-16 19:30:55 [info     ] [Bitget] Starting historical data generator for symbol='RUNEUSDT', days=90
2026-09-16 19:30:55 [info     ] [Bitget] Loading data from 2026-09-04 00:00:00+00:00 to 2026-09-04 23:59:00+00:00
2026-09-16 19:30:55 - INFO - HTTP Request: GET https://api.bitget.com/api/v2/mix/market/candles?symbol=RUNEUSDT&granularity=1m&limit=1000&productType=usdt-futures&endTime=1788566340000 "HTTP/1.1 200 OK"
2026-09-16 19:30:55 [info     ] [Bitget] Yielding batch of 1000 candles for RUNEUSDT
2026-09-16 19:30:56 - INFO - HTTP Request: GET https://api.bitget.com/api/v2/mix/market/candles?symbol=RUNEUSDT&granularity=1m&limit=1000&productType=usdt-futures&endTime=1788506399999 "HTTP/1.1 200 OK"
2026-09-16 19:30:56 [info     ] [Bitget] Yielding batch of 440 candles for RUNEUSDT
2026-09-16 19:30:56 [info     ] [Bitget] Reached start time for RUNEUSDT
2026-09-16 19:30:56 [info     ] [Bitget] Historical data generator completed for RUNEUSDT
2026-09-16 19:30:56 [info     ] ✅ Price data download completed successfully final_count=2976 final_result=True status=SUCCESS total_minutes=1440
[2026-09-16 19:30:56 UTC] 66/2726 | RUNEUSDT 2026-09-04: +2880 свечей (прогнозов ждало 3) | всего +172800 | темп 1489 окон/ч, осталось ~1.8 ч | диск 59.9 ГБ
2026-09-16 19:30:56 [info     ] Smart minute data check        end=datetime.datetime(2026, 9, 4, 23, 59, tzinfo=datetime.timezone.utc) expected_minutes=1440 start=datetime.datetime(2026, 9, 4, 0, 0, tzinfo=datetime.timezone.utc) symbol=VELOUSDT
2026-09-16 19:30:56 [warning  ] ⚠️  Incomplete price data, downloading missing existing=95 expected_total=1440 missing=1345 status=INCOMPLETE symbol=VELOUSDT
2026-09-16 19:30:56 [info     ] Start download coin=<Coin:  (VELOUSDT)> start_time=datetime.datetime(2026, 9, 4, 0, 0, tzinfo=datetime.timezone.utc) end_time=datetime.datetime(2026, 9, 4, 23, 59, tzinfo=datetime.timezone.utc)
2026-09-16 19:30:56 [info     ] [Bybit] Starting historical data generator for symbol='VELOUSDT', days=90
2026-09-16 19:30:56 [info     ] [Bybit] Loading data from 2026-09-04 00:00:00+00:00 to 2026-09-04 23:59:00+00:00
2026-09-16 19:30:57 [info     ] [Bybit] Yielding batch of 1000 candles for VELOUSDT
2026-09-16 19:30:58 [info     ] [Bybit] Yielding batch of 440 candles for VELOUSDT
2026-09-16 19:30:58 [info     ] [Bybit] Reached start time for VELOUSDT
2026-09-16 19:30:58 [info     ] [Bybit] Historical data generator completed for VELOUSDT
2026-09-16 19:30:58 [info     ] [Bitget] Starting historical data generator for symbol='VELOUSDT', days=90
2026-09-16 19:30:58 [info     ] [Bitget] Loading data from 2026-09-04 00:00:00+00:00 to 2026-09-04 23:59:00+00:00
2026-09-16 19:30:58 - INFO - HTTP Request: GET https://api.bitget.com/api/v2/mix/market/candles?symbol=VELOUSDT&granularity=1m&limit=1000&productType=usdt-futures&endTime=1788566340000 "HTTP/1.1 400 Bad Request"
2026-09-16 19:30:58 [error    ] [Bitget] Failed to get historical data batch for symbol='VELOUSDT'
Traceback (most recent call last):
  File "/srv/www/services/crypto_market.py", line 404, in get_historical_candles_generator
    response = self._make_kline_request(
        symbol=symbol, limit=self.BATCH_SIZE, end_time_ms=current_end_time_ms, granularity="1m"
    )
  File "/srv/www/services/crypto_market.py", line 364, in _make_kline_request
    response.raise_for_status()
    ~~~~~~~~~~~~~~~~~~~~~~~~~^^
  File "/srv/docker-venv/lib/python3.14/site-packages/httpx/_models.py", line 829, in raise_for_status
    raise HTTPStatusError(message, request=request, response=self)
httpx.HTTPStatusError: Client error '400 Bad Request' for url 'https://api.bitget.com/api/v2/mix/market/candles?symbol=VELOUSDT&granularity=1m&limit=1000&productType=usdt-futures&endTime=1788566340000'
For more information check: https://developer.mozilla.org/en-US/docs/Web/HTTP/Status/400
2026-09-16 19:30:58 [error    ] Error download coin history interval start_time=datetime.datetime(2026, 9, 4, 0, 0, tzinfo=datetime.timezone.utc) end_time=datetime.datetime(2026, 9, 4, 23, 59, tzinfo=datetime.timezone.utc)
Traceback (most recent call last):
  File "/srv/www/services/crypto_market.py", line 404, in get_historical_candles_generator
    response = self._make_kline_request(
        symbol=symbol, limit=self.BATCH_SIZE, end_time_ms=current_end_time_ms, granularity="1m"
    )
  File "/srv/www/services/crypto_market.py", line 364, in _make_kline_request
    response.raise_for_status()
    ~~~~~~~~~~~~~~~~~~~~~~~~~^^
  File "/srv/docker-venv/lib/python3.14/site-packages/httpx/_models.py", line 829, in raise_for_status
    raise HTTPStatusError(message, request=request, response=self)
httpx.HTTPStatusError: Client error '400 Bad Request' for url 'https://api.bitget.com/api/v2/mix/market/candles?symbol=VELOUSDT&granularity=1m&limit=1000&productType=usdt-futures&endTime=1788566340000'
For more information check: https://developer.mozilla.org/en-US/docs/Web/HTTP/Status/400

The above exception was the direct cause of the following exception:

Traceback (most recent call last):
  File "/srv/www/services/price_sync.py", line 255, in ensure_minute_data_smart
    self.download_coin_history_interval(coin=coin, start_time=start_time, end_time=end_time)
    ~~~~~~~~~~~~~~~~~~~~~~~~~~~~~~~~~~~^^^^^^^^^^^^^^^^^^^^^^^^^^^^^^^^^^^^^^^^^^^^^^^^^^^^^
  File "/srv/www/services/price_sync.py", line 295, in download_coin_history_interval
    for batch_candles in client.get_historical_candles_generator(
                         ~~~~~~~~~~~~~~~~~~~~~~~~~~~~~~~~~~~~~~~^
        symbol=coin.symbol, start_time=start_time, end_time=end_time
        ^^^^^^^^^^^^^^^^^^^^^^^^^^^^^^^^^^^^^^^^^^^^^^^^^^^^^^^^^^^^
    ):
    ^
  File "/srv/www/services/crypto_market.py", line 409, in get_historical_candles_generator
    raise BitgetResponseError("Failed to get historical data batch") from exception
services.crypto_market.BitgetResponseError: Failed to get historical data batch
2026-09-16 19:30:59 [info     ] Smart minute data check        end=datetime.datetime(2026, 9, 4, 23, 59, tzinfo=datetime.timezone.utc) expected_minutes=1440 start=datetime.datetime(2026, 9, 4, 0, 0, tzinfo=datetime.timezone.utc) symbol=TRBUSDT
2026-09-16 19:30:59 [warning  ] ⚠️  Incomplete price data, downloading missing existing=95 expected_total=1440 missing=1345 status=INCOMPLETE symbol=TRBUSDT
2026-09-16 19:30:59 [info     ] Start download coin=<Coin:  (TRBUSDT)> start_time=datetime.datetime(2026, 9, 4, 0, 0, tzinfo=datetime.timezone.utc) end_time=datetime.datetime(2026, 9, 4, 23, 59, tzinfo=datetime.timezone.utc)
2026-09-16 19:30:59 [info     ] [Bybit] Starting historical data generator for symbol='TRBUSDT', days=90
2026-09-16 19:30:59 [info     ] [Bybit] Loading data from 2026-09-04 00:00:00+00:00 to 2026-09-04 23:59:00+00:00
2026-09-16 19:30:59 [info     ] [Bybit] Yielding batch of 1000 candles for TRBUSDT
2026-09-16 19:31:00 [info     ] [Bybit] Yielding batch of 440 candles for TRBUSDT
2026-09-16 19:31:00 [info     ] [Bybit] Reached start time for TRBUSDT
2026-09-16 19:31:00 [info     ] [Bybit] Historical data generator completed for TRBUSDT
2026-09-16 19:31:00 [info     ] [Bitget] Starting historical data generator for symbol='TRBUSDT', days=90
2026-09-16 19:31:00 [info     ] [Bitget] Loading data from 2026-09-04 00:00:00+00:00 to 2026-09-04 23:59:00+00:00
2026-09-16 19:31:00 - INFO - HTTP Request: GET https://api.bitget.com/api/v2/mix/market/candles?symbol=TRBUSDT&granularity=1m&limit=1000&productType=usdt-futures&endTime=1788566340000 "HTTP/1.1 200 OK"
2026-09-16 19:31:00 [info     ] [Bitget] Yielding batch of 1000 candles for TRBUSDT
2026-09-16 19:31:01 - INFO - HTTP Request: GET https://api.bitget.com/api/v2/mix/market/candles?symbol=TRBUSDT&granularity=1m&limit=1000&productType=usdt-futures&endTime=1788506399999 "HTTP/1.1 200 OK"
2026-09-16 19:31:01 [info     ] [Bitget] Yielding batch of 440 candles for TRBUSDT
2026-09-16 19:31:01 [info     ] [Bitget] Reached start time for TRBUSDT
2026-09-16 19:31:01 [info     ] [Bitget] Historical data generator completed for TRBUSDT
2026-09-16 19:31:01 [info     ] ✅ Price data download completed successfully final_count=2975 final_result=True status=SUCCESS total_minutes=1440
[2026-09-16 19:31:01 UTC] 68/2726 | TRBUSDT 2026-09-04: +2880 свечей (прогнозов ждало 32) | всего +177120 | темп 1489 окон/ч, осталось ~1.8 ч | диск 59.9 ГБ
2026-09-16 19:31:01 [info     ] Smart minute data check        end=datetime.datetime(2026, 9, 4, 23, 59, tzinfo=datetime.timezone.utc) expected_minutes=1440 start=datetime.datetime(2026, 9, 4, 0, 0, tzinfo=datetime.timezone.utc) symbol=NILUSDT
2026-09-16 19:31:01 [warning  ] ⚠️  Incomplete price data, downloading missing existing=96 expected_total=1440 missing=1344 status=INCOMPLETE symbol=NILUSDT
2026-09-16 19:31:01 [info     ] Start download coin=<Coin:  (NILUSDT)> start_time=datetime.datetime(2026, 9, 4, 0, 0, tzinfo=datetime.timezone.utc) end_time=datetime.datetime(2026, 9, 4, 23, 59, tzinfo=datetime.timezone.utc)
2026-09-16 19:31:01 [info     ] [Bybit] Starting historical data generator for symbol='NILUSDT', days=90
2026-09-16 19:31:01 [info     ] [Bybit] Loading data from 2026-09-04 00:00:00+00:00 to 2026-09-04 23:59:00+00:00
2026-09-16 19:31:01 [info     ] [Bybit] Yielding batch of 1000 candles for NILUSDT
2026-09-16 19:31:02 [info     ] [Bybit] Yielding batch of 440 candles for NILUSDT
2026-09-16 19:31:02 [info     ] [Bybit] Reached start time for NILUSDT
2026-09-16 19:31:02 [info     ] [Bybit] Historical data generator completed for NILUSDT
2026-09-16 19:31:02 [info     ] [Bitget] Starting historical data generator for symbol='NILUSDT', days=90
2026-09-16 19:31:02 [info     ] [Bitget] Loading data from 2026-09-04 00:00:00+00:00 to 2026-09-04 23:59:00+00:00
2026-09-16 19:31:03 - INFO - HTTP Request: GET https://api.bitget.com/api/v2/mix/market/candles?symbol=NILUSDT&granularity=1m&limit=1000&productType=usdt-futures&endTime=1788566340000 "HTTP/1.1 200 OK"
2026-09-16 19:31:03 [info     ] [Bitget] Yielding batch of 1000 candles for NILUSDT
2026-09-16 19:31:03 - INFO - HTTP Request: GET https://api.bitget.com/api/v2/mix/market/candles?symbol=NILUSDT&granularity=1m&limit=1000&productType=usdt-futures&endTime=1788506399999 "HTTP/1.1 200 OK"
2026-09-16 19:31:03 [info     ] [Bitget] Yielding batch of 440 candles for NILUSDT
2026-09-16 19:31:03 [info     ] [Bitget] Reached start time for NILUSDT
2026-09-16 19:31:03 [info     ] [Bitget] Historical data generator completed for NILUSDT
2026-09-16 19:31:03 [info     ] ✅ Price data download completed successfully final_count=2976 final_result=True status=SUCCESS total_minutes=1440
[2026-09-16 19:31:03 UTC] 69/2726 | NILUSDT 2026-09-04: +2880 свечей (прогнозов ждало 6) | всего +180000 | темп 1487 окон/ч, осталось ~1.8 ч | диск 59.9 ГБ
2026-09-16 19:31:04 [info     ] Smart minute data check        end=datetime.datetime(2026, 9, 4, 23, 59, tzinfo=datetime.timezone.utc) expected_minutes=1440 start=datetime.datetime(2026, 9, 4, 0, 0, tzinfo=datetime.timezone.utc) symbol=XANUSDT
2026-09-16 19:31:04 [warning  ] ⚠️  Incomplete price data, downloading missing existing=95 expected_total=1440 missing=1345 status=INCOMPLETE symbol=XANUSDT
2026-09-16 19:31:04 [info     ] Start download coin=<Coin:  (XANUSDT)> start_time=datetime.datetime(2026, 9, 4, 0, 0, tzinfo=datetime.timezone.utc) end_time=datetime.datetime(2026, 9, 4, 23, 59, tzinfo=datetime.timezone.utc)
2026-09-16 19:31:04 [info     ] [Bybit] Starting historical data generator for symbol='XANUSDT', days=90
2026-09-16 19:31:04 [info     ] [Bybit] Loading data from 2026-09-04 00:00:00+00:00 to 2026-09-04 23:59:00+00:00
2026-09-16 19:31:04 [info     ] [Bybit] Yielding batch of 1000 candles for XANUSDT
2026-09-16 19:31:05 [info     ] [Bybit] Yielding batch of 440 candles for XANUSDT
2026-09-16 19:31:05 [info     ] [Bybit] Reached start time for XANUSDT
2026-09-16 19:31:05 [info     ] [Bybit] Historical data generator completed for XANUSDT
2026-09-16 19:31:05 [info     ] [Bitget] Starting historical data generator for symbol='XANUSDT', days=90
2026-09-16 19:31:05 [info     ] [Bitget] Loading data from 2026-09-04 00:00:00+00:00 to 2026-09-04 23:59:00+00:00
2026-09-16 19:31:05 - INFO - HTTP Request: GET https://api.bitget.com/api/v2/mix/market/candles?symbol=XANUSDT&granularity=1m&limit=1000&productType=usdt-futures&endTime=1788566340000 "HTTP/1.1 200 OK"
2026-09-16 19:31:05 [info     ] [Bitget] Yielding batch of 1000 candles for XANUSDT
2026-09-16 19:31:06 - INFO - HTTP Request: GET https://api.bitget.com/api/v2/mix/market/candles?symbol=XANUSDT&granularity=1m&limit=1000&productType=usdt-futures&endTime=1788506399999 "HTTP/1.1 200 OK"
2026-09-16 19:31:06 [info     ] [Bitget] Yielding batch of 440 candles for XANUSDT
2026-09-16 19:31:06 [info     ] [Bitget] Reached start time for XANUSDT
2026-09-16 19:31:06 [info     ] [Bitget] Historical data generator completed for XANUSDT
2026-09-16 19:31:06 [info     ] ✅ Price data download completed successfully final_count=2975 final_result=True status=SUCCESS total_minutes=1440
[2026-09-16 19:31:06 UTC] 70/2726 | XANUSDT 2026-09-04: +2880 свечей (прогнозов ждало 3) | всего +182880 | темп 1486 окон/ч, осталось ~1.8 ч | диск 59.9 ГБ
2026-09-16 19:31:06 [info     ] Smart minute data check        end=datetime.datetime(2026, 9, 4, 23, 59, tzinfo=datetime.timezone.utc) expected_minutes=1440 start=datetime.datetime(2026, 9, 4, 0, 0, tzinfo=datetime.timezone.utc) symbol=SPXUSDT
2026-09-16 19:31:06 [warning  ] ⚠️  Incomplete price data, downloading missing existing=95 expected_total=1440 missing=1345 status=INCOMPLETE symbol=SPXUSDT
2026-09-16 19:31:06 [info     ] Start download coin=<Coin:  (SPXUSDT)> start_time=datetime.datetime(2026, 9, 4, 0, 0, tzinfo=datetime.timezone.utc) end_time=datetime.datetime(2026, 9, 4, 23, 59, tzinfo=datetime.timezone.utc)
2026-09-16 19:31:06 [info     ] [Bybit] Starting historical data generator for symbol='SPXUSDT', days=90
2026-09-16 19:31:06 [info     ] [Bybit] Loading data from 2026-09-04 00:00:00+00:00 to 2026-09-04 23:59:00+00:00
2026-09-16 19:31:07 [info     ] [Bybit] Yielding batch of 1000 candles for SPXUSDT
2026-09-16 19:31:08 [info     ] [Bybit] Yielding batch of 440 candles for SPXUSDT
2026-09-16 19:31:08 [info     ] [Bybit] Reached start time for SPXUSDT
2026-09-16 19:31:08 [info     ] [Bybit] Historical data generator completed for SPXUSDT
2026-09-16 19:31:08 [info     ] [Bitget] Starting historical data generator for symbol='SPXUSDT', days=90
2026-09-16 19:31:08 [info     ] [Bitget] Loading data from 2026-09-04 00:00:00+00:00 to 2026-09-04 23:59:00+00:00
2026-09-16 19:31:08 - INFO - HTTP Request: GET https://api.bitget.com/api/v2/mix/market/candles?symbol=SPXUSDT&granularity=1m&limit=1000&productType=usdt-futures&endTime=1788566340000 "HTTP/1.1 200 OK"
2026-09-16 19:31:08 [info     ] [Bitget] Yielding batch of 1000 candles for SPXUSDT
2026-09-16 19:31:09 - INFO - HTTP Request: GET https://api.bitget.com/api/v2/mix/market/candles?symbol=SPXUSDT&granularity=1m&limit=1000&productType=usdt-futures&endTime=1788506399999 "HTTP/1.1 200 OK"
2026-09-16 19:31:09 [info     ] [Bitget] Yielding batch of 440 candles for SPXUSDT
2026-09-16 19:31:09 [info     ] [Bitget] Reached start time for SPXUSDT
2026-09-16 19:31:09 [info     ] [Bitget] Historical data generator completed for SPXUSDT
2026-09-16 19:31:09 [info     ] ✅ Price data download completed successfully final_count=2975 final_result=True status=SUCCESS total_minutes=1440
[2026-09-16 19:31:09 UTC] 71/2726 | SPXUSDT 2026-09-04: +2880 свечей (прогнозов ждало 13) | всего +185760 | темп 1480 окон/ч, осталось ~1.8 ч | диск 59.9 ГБ
2026-09-16 19:31:09 [info     ] Smart minute data check        end=datetime.datetime(2026, 9, 4, 23, 59, tzinfo=datetime.timezone.utc) expected_minutes=1440 start=datetime.datetime(2026, 9, 4, 0, 0, tzinfo=datetime.timezone.utc) symbol=SANDUSDT
2026-09-16 19:31:09 [warning  ] ⚠️  Incomplete price data, downloading missing existing=95 expected_total=1440 missing=1345 status=INCOMPLETE symbol=SANDUSDT
2026-09-16 19:31:09 [info     ] Start download coin=<Coin:  (SANDUSDT)> start_time=datetime.datetime(2026, 9, 4, 0, 0, tzinfo=datetime.timezone.utc) end_time=datetime.datetime(2026, 9, 4, 23, 59, tzinfo=datetime.timezone.utc)
2026-09-16 19:31:09 [info     ] [Bybit] Starting historical data generator for symbol='SANDUSDT', days=90
2026-09-16 19:31:09 [info     ] [Bybit] Loading data from 2026-09-04 00:00:00+00:00 to 2026-09-04 23:59:00+00:00
2026-09-16 19:31:10 [info     ] [Bybit] Yielding batch of 1000 candles for SANDUSDT
2026-09-16 19:31:11 [info     ] [Bybit] Yielding batch of 440 candles for SANDUSDT
2026-09-16 19:31:11 [info     ] [Bybit] Reached start time for SANDUSDT
2026-09-16 19:31:11 [info     ] [Bybit] Historical data generator completed for SANDUSDT
2026-09-16 19:31:11 [info     ] [Bitget] Starting historical data generator for symbol='SANDUSDT', days=90
2026-09-16 19:31:11 [info     ] [Bitget] Loading data from 2026-09-04 00:00:00+00:00 to 2026-09-04 23:59:00+00:00
2026-09-16 19:31:11 - INFO - HTTP Request: GET https://api.bitget.com/api/v2/mix/market/candles?symbol=SANDUSDT&granularity=1m&limit=1000&productType=usdt-futures&endTime=1788566340000 "HTTP/1.1 200 OK"
2026-09-16 19:31:11 [info     ] [Bitget] Yielding batch of 1000 candles for SANDUSDT
2026-09-16 19:31:11 - INFO - HTTP Request: GET https://api.bitget.com/api/v2/mix/market/candles?symbol=SANDUSDT&granularity=1m&limit=1000&productType=usdt-futures&endTime=1788506399999 "HTTP/1.1 200 OK"
2026-09-16 19:31:11 [info     ] [Bitget] Yielding batch of 440 candles for SANDUSDT
2026-09-16 19:31:12 [info     ] [Bitget] Reached start time for SANDUSDT
2026-09-16 19:31:12 [info     ] [Bitget] Historical data generator completed for SANDUSDT
2026-09-16 19:31:12 [info     ] ✅ Price data download completed successfully final_count=2975 final_result=True status=SUCCESS total_minutes=1440
[2026-09-16 19:31:12 UTC] 72/2726 | SANDUSDT 2026-09-04: +2880 свечей (прогнозов ждало 3) | всего +188640 | темп 1478 окон/ч, осталось ~1.8 ч | диск 59.9 ГБ
2026-09-16 19:31:12 [info     ] Smart minute data check        end=datetime.datetime(2026, 9, 4, 23, 59, tzinfo=datetime.timezone.utc) expected_minutes=1440 start=datetime.datetime(2026, 9, 4, 0, 0, tzinfo=datetime.timezone.utc) symbol=AIAUSDT
2026-09-16 19:31:12 [warning  ] ⚠️  Incomplete price data, downloading missing existing=0 expected_total=1440 missing=1440 status=INCOMPLETE symbol=AIAUSDT
2026-09-16 19:31:12 [info     ] Start download coin=<Coin:  (AIAUSDT)> start_time=datetime.datetime(2026, 9, 4, 0, 0, tzinfo=datetime.timezone.utc) end_time=datetime.datetime(2026, 9, 4, 23, 59, tzinfo=datetime.timezone.utc)
2026-09-16 19:31:12 [info     ] [Bybit] Starting historical data generator for symbol='AIAUSDT', days=90
2026-09-16 19:31:12 [info     ] [Bybit] Loading data from 2026-09-04 00:00:00+00:00 to 2026-09-04 23:59:00+00:00
2026-09-16 19:31:12 [info     ] [Bybit] No more data for AIAUSDT
2026-09-16 19:31:12 [info     ] [Bybit] Historical data generator completed for AIAUSDT
2026-09-16 19:31:12 [info     ] [Bitget] Starting historical data generator for symbol='AIAUSDT', days=90
2026-09-16 19:31:12 [info     ] [Bitget] Loading data from 2026-09-04 00:00:00+00:00 to 2026-09-04 23:59:00+00:00
2026-09-16 19:31:12 - INFO - HTTP Request: GET https://api.bitget.com/api/v2/mix/market/candles?symbol=AIAUSDT&granularity=1m&limit=1000&productType=usdt-futures&endTime=1788566340000 "HTTP/1.1 400 Bad Request"
2026-09-16 19:31:12 [error    ] [Bitget] Failed to get historical data batch for symbol='AIAUSDT'
Traceback (most recent call last):
  File "/srv/www/services/crypto_market.py", line 404, in get_historical_candles_generator
    response = self._make_kline_request(
        symbol=symbol, limit=self.BATCH_SIZE, end_time_ms=current_end_time_ms, granularity="1m"
    )
  File "/srv/www/services/crypto_market.py", line 364, in _make_kline_request
    response.raise_for_status()
    ~~~~~~~~~~~~~~~~~~~~~~~~~^^
  File "/srv/docker-venv/lib/python3.14/site-packages/httpx/_models.py", line 829, in raise_for_status
    raise HTTPStatusError(message, request=request, response=self)
httpx.HTTPStatusError: Client error '400 Bad Request' for url 'https://api.bitget.com/api/v2/mix/market/candles?symbol=AIAUSDT&granularity=1m&limit=1000&productType=usdt-futures&endTime=1788566340000'
For more information check: https://developer.mozilla.org/en-US/docs/Web/HTTP/Status/400
2026-09-16 19:31:12 [error    ] Error download coin history interval start_time=datetime.datetime(2026, 9, 4, 0, 0, tzinfo=datetime.timezone.utc) end_time=datetime.datetime(2026, 9, 4, 23, 59, tzinfo=datetime.timezone.utc)
Traceback (most recent call last):
  File "/srv/www/services/crypto_market.py", line 404, in get_historical_candles_generator
    response = self._make_kline_request(
        symbol=symbol, limit=self.BATCH_SIZE, end_time_ms=current_end_time_ms, granularity="1m"
    )
  File "/srv/www/services/crypto_market.py", line 364, in _make_kline_request
    response.raise_for_status()
    ~~~~~~~~~~~~~~~~~~~~~~~~~^^
  File "/srv/docker-venv/lib/python3.14/site-packages/httpx/_models.py", line 829, in raise_for_status
    raise HTTPStatusError(message, request=request, response=self)
httpx.HTTPStatusError: Client error '400 Bad Request' for url 'https://api.bitget.com/api/v2/mix/market/candles?symbol=AIAUSDT&granularity=1m&limit=1000&productType=usdt-futures&endTime=1788566340000'
For more information check: https://developer.mozilla.org/en-US/docs/Web/HTTP/Status/400

The above exception was the direct cause of the following exception:

Traceback (most recent call last):
  File "/srv/www/services/price_sync.py", line 255, in ensure_minute_data_smart
    self.download_coin_history_interval(coin=coin, start_time=start_time, end_time=end_time)
    ~~~~~~~~~~~~~~~~~~~~~~~~~~~~~~~~~~~^^^^^^^^^^^^^^^^^^^^^^^^^^^^^^^^^^^^^^^^^^^^^^^^^^^^^
  File "/srv/www/services/price_sync.py", line 295, in download_coin_history_interval
    for batch_candles in client.get_historical_candles_generator(
                         ~~~~~~~~~~~~~~~~~~~~~~~~~~~~~~~~~~~~~~~^
        symbol=coin.symbol, start_time=start_time, end_time=end_time
        ^^^^^^^^^^^^^^^^^^^^^^^^^^^^^^^^^^^^^^^^^^^^^^^^^^^^^^^^^^^^
    ):
    ^
  File "/srv/www/services/crypto_market.py", line 409, in get_historical_candles_generator
    raise BitgetResponseError("Failed to get historical data batch") from exception
services.crypto_market.BitgetResponseError: Failed to get historical data batch
2026-09-16 19:31:13 [info     ] Smart minute data check        end=datetime.datetime(2026, 9, 4, 23, 59, tzinfo=datetime.timezone.utc) expected_minutes=1440 start=datetime.datetime(2026, 9, 4, 0, 0, tzinfo=datetime.timezone.utc) symbol=BLESSUSDT
2026-09-16 19:31:13 [warning  ] ⚠️  Incomplete price data, downloading missing existing=95 expected_total=1440 missing=1345 status=INCOMPLETE symbol=BLESSUSDT
2026-09-16 19:31:13 [info     ] Start download coin=<Coin:  (BLESSUSDT)> start_time=datetime.datetime(2026, 9, 4, 0, 0, tzinfo=datetime.timezone.utc) end_time=datetime.datetime(2026, 9, 4, 23, 59, tzinfo=datetime.timezone.utc)
2026-09-16 19:31:13 [info     ] [Bybit] Starting historical data generator for symbol='BLESSUSDT', days=90
2026-09-16 19:31:13 [info     ] [Bybit] Loading data from 2026-09-04 00:00:00+00:00 to 2026-09-04 23:59:00+00:00
2026-09-16 19:31:13 [info     ] [Bybit] Yielding batch of 1000 candles for BLESSUSDT
2026-09-16 19:31:14 [info     ] [Bybit] Yielding batch of 440 candles for BLESSUSDT
2026-09-16 19:31:14 [info     ] [Bybit] Reached start time for BLESSUSDT
2026-09-16 19:31:14 [info     ] [Bybit] Historical data generator completed for BLESSUSDT
2026-09-16 19:31:14 [info     ] [Bitget] Starting historical data generator for symbol='BLESSUSDT', days=90
2026-09-16 19:31:14 [info     ] [Bitget] Loading data from 2026-09-04 00:00:00+00:00 to 2026-09-04 23:59:00+00:00
2026-09-16 19:31:14 - INFO - HTTP Request: GET https://api.bitget.com/api/v2/mix/market/candles?symbol=BLESSUSDT&granularity=1m&limit=1000&productType=usdt-futures&endTime=1788566340000 "HTTP/1.1 200 OK"
2026-09-16 19:31:14 [info     ] [Bitget] Yielding batch of 1000 candles for BLESSUSDT
2026-09-16 19:31:15 - INFO - HTTP Request: GET https://api.bitget.com/api/v2/mix/market/candles?symbol=BLESSUSDT&granularity=1m&limit=1000&productType=usdt-futures&endTime=1788506399999 "HTTP/1.1 200 OK"
2026-09-16 19:31:15 [info     ] [Bitget] Yielding batch of 440 candles for BLESSUSDT
2026-09-16 19:31:15 [info     ] [Bitget] Reached start time for BLESSUSDT
2026-09-16 19:31:15 [info     ] [Bitget] Historical data generator completed for BLESSUSDT
2026-09-16 19:31:15 [info     ] ✅ Price data download completed successfully final_count=2975 final_result=True status=SUCCESS total_minutes=1440
[2026-09-16 19:31:15 UTC] 74/2726 | BLESSUSDT 2026-09-04: +2880 свечей (прогнозов ждало 3) | всего +191520 | темп 1491 окон/ч, осталось ~1.8 ч | диск 59.9 ГБ
2026-09-16 19:31:15 [info     ] Smart minute data check        end=datetime.datetime(2026, 9, 4, 23, 59, tzinfo=datetime.timezone.utc) expected_minutes=1440 start=datetime.datetime(2026, 9, 4, 0, 0, tzinfo=datetime.timezone.utc) symbol=MONUSDT
2026-09-16 19:31:15 [warning  ] ⚠️  Incomplete price data, downloading missing existing=96 expected_total=1440 missing=1344 status=INCOMPLETE symbol=MONUSDT
2026-09-16 19:31:15 [info     ] Start download coin=<Coin:  (MONUSDT)> start_time=datetime.datetime(2026, 9, 4, 0, 0, tzinfo=datetime.timezone.utc) end_time=datetime.datetime(2026, 9, 4, 23, 59, tzinfo=datetime.timezone.utc)
2026-09-16 19:31:15 [info     ] [Bybit] Starting historical data generator for symbol='MONUSDT', days=90
2026-09-16 19:31:15 [info     ] [Bybit] Loading data from 2026-09-04 00:00:00+00:00 to 2026-09-04 23:59:00+00:00
2026-09-16 19:31:16 [info     ] [Bybit] Yielding batch of 1000 candles for MONUSDT
2026-09-16 19:31:17 [info     ] [Bybit] Yielding batch of 440 candles for MONUSDT
2026-09-16 19:31:17 [info     ] [Bybit] Reached start time for MONUSDT
2026-09-16 19:31:17 [info     ] [Bybit] Historical data generator completed for MONUSDT
2026-09-16 19:31:17 [info     ] [Bitget] Starting historical data generator for symbol='MONUSDT', days=90
2026-09-16 19:31:17 [info     ] [Bitget] Loading data from 2026-09-04 00:00:00+00:00 to 2026-09-04 23:59:00+00:00
2026-09-16 19:31:17 - INFO - HTTP Request: GET https://api.bitget.com/api/v2/mix/market/candles?symbol=MONUSDT&granularity=1m&limit=1000&productType=usdt-futures&endTime=1788566340000 "HTTP/1.1 200 OK"
2026-09-16 19:31:17 [info     ] [Bitget] Yielding batch of 1000 candles for MONUSDT
2026-09-16 19:31:17 - INFO - HTTP Request: GET https://api.bitget.com/api/v2/mix/market/candles?symbol=MONUSDT&granularity=1m&limit=1000&productType=usdt-futures&endTime=1788506399999 "HTTP/1.1 200 OK"
2026-09-16 19:31:17 [info     ] [Bitget] Yielding batch of 440 candles for MONUSDT
2026-09-16 19:31:17 [info     ] [Bitget] Reached start time for MONUSDT
2026-09-16 19:31:17 [info     ] [Bitget] Historical data generator completed for MONUSDT
2026-09-16 19:31:17 [info     ] ✅ Price data download completed successfully final_count=2976 final_result=True status=SUCCESS total_minutes=1440
[2026-09-16 19:31:17 UTC] 75/2726 | MONUSDT 2026-09-04: +2880 свечей (прогнозов ждало 2) | всего +194400 | темп 1490 окон/ч, осталось ~1.8 ч | диск 59.9 ГБ
2026-09-16 19:31:18 [info     ] Smart minute data check        end=datetime.datetime(2026, 9, 4, 23, 59, tzinfo=datetime.timezone.utc) expected_minutes=1440 start=datetime.datetime(2026, 9, 4, 0, 0, tzinfo=datetime.timezone.utc) symbol=ENSOUSDT
2026-09-16 19:31:18 [warning  ] ⚠️  Incomplete price data, downloading missing existing=95 expected_total=1440 missing=1345 status=INCOMPLETE symbol=ENSOUSDT
2026-09-16 19:31:18 [info     ] Start download coin=<Coin:  (ENSOUSDT)> start_time=datetime.datetime(2026, 9, 4, 0, 0, tzinfo=datetime.timezone.utc) end_time=datetime.datetime(2026, 9, 4, 23, 59, tzinfo=datetime.timezone.utc)
2026-09-16 19:31:18 [info     ] [Bybit] Starting historical data generator for symbol='ENSOUSDT', days=90
2026-09-16 19:31:18 [info     ] [Bybit] Loading data from 2026-09-04 00:00:00+00:00 to 2026-09-04 23:59:00+00:00
2026-09-16 19:31:18 [info     ] [Bybit] Yielding batch of 1000 candles for ENSOUSDT
2026-09-16 19:31:19 [info     ] [Bybit] Yielding batch of 440 candles for ENSOUSDT
2026-09-16 19:31:19 [info     ] [Bybit] Reached start time for ENSOUSDT
2026-09-16 19:31:19 [info     ] [Bybit] Historical data generator completed for ENSOUSDT
2026-09-16 19:31:19 [info     ] [Bitget] Starting historical data generator for symbol='ENSOUSDT', days=90
2026-09-16 19:31:19 [info     ] [Bitget] Loading data from 2026-09-04 00:00:00+00:00 to 2026-09-04 23:59:00+00:00
2026-09-16 19:31:19 - INFO - HTTP Request: GET https://api.bitget.com/api/v2/mix/market/candles?symbol=ENSOUSDT&granularity=1m&limit=1000&productType=usdt-futures&endTime=1788566340000 "HTTP/1.1 200 OK"
2026-09-16 19:31:19 [info     ] [Bitget] Yielding batch of 1000 candles for ENSOUSDT
2026-09-16 19:31:19 - INFO - HTTP Request: GET https://api.bitget.com/api/v2/mix/market/candles?symbol=ENSOUSDT&granularity=1m&limit=1000&productType=usdt-futures&endTime=1788506399999 "HTTP/1.1 200 OK"
2026-09-16 19:31:19 [info     ] [Bitget] Yielding batch of 440 candles for ENSOUSDT
2026-09-16 19:31:20 [info     ] [Bitget] Reached start time for ENSOUSDT
2026-09-16 19:31:20 [info     ] [Bitget] Historical data generator completed for ENSOUSDT
2026-09-16 19:31:20 [info     ] ✅ Price data download completed successfully final_count=2975 final_result=True status=SUCCESS total_minutes=1440
[2026-09-16 19:31:20 UTC] 76/2726 | ENSOUSDT 2026-09-04: +2880 свечей (прогнозов ждало 7) | всего +197280 | темп 1493 окон/ч, осталось ~1.8 ч | диск 59.9 ГБ
2026-09-16 19:31:20 [info     ] Smart minute data check        end=datetime.datetime(2026, 9, 4, 23, 59, tzinfo=datetime.timezone.utc) expected_minutes=1440 start=datetime.datetime(2026, 9, 4, 0, 0, tzinfo=datetime.timezone.utc) symbol=XPLUSDT
2026-09-16 19:31:20 [warning  ] ⚠️  Incomplete price data, downloading missing existing=95 expected_total=1440 missing=1345 status=INCOMPLETE symbol=XPLUSDT
2026-09-16 19:31:20 [info     ] Start download coin=<Coin:  (XPLUSDT)> start_time=datetime.datetime(2026, 9, 4, 0, 0, tzinfo=datetime.timezone.utc) end_time=datetime.datetime(2026, 9, 4, 23, 59, tzinfo=datetime.timezone.utc)
2026-09-16 19:31:20 [info     ] [Bybit] Starting historical data generator for symbol='XPLUSDT', days=90
2026-09-16 19:31:20 [info     ] [Bybit] Loading data from 2026-09-04 00:00:00+00:00 to 2026-09-04 23:59:00+00:00
2026-09-16 19:31:20 [info     ] [Bybit] Yielding batch of 1000 candles for XPLUSDT
2026-09-16 19:31:21 [info     ] [Bybit] Yielding batch of 440 candles for XPLUSDT
2026-09-16 19:31:21 [info     ] [Bybit] Reached start time for XPLUSDT
2026-09-16 19:31:21 [info     ] [Bybit] Historical data generator completed for XPLUSDT
2026-09-16 19:31:21 [info     ] [Bitget] Starting historical data generator for symbol='XPLUSDT', days=90
2026-09-16 19:31:21 [info     ] [Bitget] Loading data from 2026-09-04 00:00:00+00:00 to 2026-09-04 23:59:00+00:00
2026-09-16 19:31:21 - INFO - HTTP Request: GET https://api.bitget.com/api/v2/mix/market/candles?symbol=XPLUSDT&granularity=1m&limit=1000&productType=usdt-futures&endTime=1788566340000 "HTTP/1.1 200 OK"
2026-09-16 19:31:21 [info     ] [Bitget] Yielding batch of 1000 candles for XPLUSDT
2026-09-16 19:31:22 - INFO - HTTP Request: GET https://api.bitget.com/api/v2/mix/market/candles?symbol=XPLUSDT&granularity=1m&limit=1000&productType=usdt-futures&endTime=1788506399999 "HTTP/1.1 200 OK"
2026-09-16 19:31:22 [info     ] [Bitget] Yielding batch of 440 candles for XPLUSDT
2026-09-16 19:31:22 [info     ] [Bitget] Reached start time for XPLUSDT
2026-09-16 19:31:22 [info     ] [Bitget] Historical data generator completed for XPLUSDT
2026-09-16 19:31:22 [info     ] ✅ Price data download completed successfully final_count=2975 final_result=True status=SUCCESS total_minutes=1440
[2026-09-16 19:31:22 UTC] 77/2726 | XPLUSDT 2026-09-04: +2880 свечей (прогнозов ждало 4) | всего +200160 | темп 1495 окон/ч, осталось ~1.8 ч | диск 59.9 ГБ
2026-09-16 19:31:22 [info     ] Smart minute data check        end=datetime.datetime(2026, 9, 4, 23, 59, tzinfo=datetime.timezone.utc) expected_minutes=1440 start=datetime.datetime(2026, 9, 4, 0, 0, tzinfo=datetime.timezone.utc) symbol=EGLDUSDT
2026-09-16 19:31:22 [warning  ] ⚠️  Incomplete price data, downloading missing existing=95 expected_total=1440 missing=1345 status=INCOMPLETE symbol=EGLDUSDT
2026-09-16 19:31:22 [info     ] Start download coin=<Coin:  (EGLDUSDT)> start_time=datetime.datetime(2026, 9, 4, 0, 0, tzinfo=datetime.timezone.utc) end_time=datetime.datetime(2026, 9, 4, 23, 59, tzinfo=datetime.timezone.utc)
2026-09-16 19:31:22 [info     ] [Bybit] Starting historical data generator for symbol='EGLDUSDT', days=90
2026-09-16 19:31:22 [info     ] [Bybit] Loading data from 2026-09-04 00:00:00+00:00 to 2026-09-04 23:59:00+00:00
2026-09-16 19:31:23 [info     ] [Bybit] Yielding batch of 1000 candles for EGLDUSDT
2026-09-16 19:31:23 [info     ] [Bybit] Yielding batch of 440 candles for EGLDUSDT
2026-09-16 19:31:23 [info     ] [Bybit] Reached start time for EGLDUSDT
2026-09-16 19:31:23 [info     ] [Bybit] Historical data generator completed for EGLDUSDT
2026-09-16 19:31:23 [info     ] [Bitget] Starting historical data generator for symbol='EGLDUSDT', days=90
2026-09-16 19:31:23 [info     ] [Bitget] Loading data from 2026-09-04 00:00:00+00:00 to 2026-09-04 23:59:00+00:00
2026-09-16 19:31:23 - INFO - HTTP Request: GET https://api.bitget.com/api/v2/mix/market/candles?symbol=EGLDUSDT&granularity=1m&limit=1000&productType=usdt-futures&endTime=1788566340000 "HTTP/1.1 200 OK"
2026-09-16 19:31:23 [info     ] [Bitget] Yielding batch of 1000 candles for EGLDUSDT
2026-09-16 19:31:24 - INFO - HTTP Request: GET https://api.bitget.com/api/v2/mix/market/candles?symbol=EGLDUSDT&granularity=1m&limit=1000&productType=usdt-futures&endTime=1788506399999 "HTTP/1.1 200 OK"
2026-09-16 19:31:24 [info     ] [Bitget] Yielding batch of 440 candles for EGLDUSDT
2026-09-16 19:31:24 [info     ] [Bitget] Reached start time for EGLDUSDT
2026-09-16 19:31:24 [info     ] [Bitget] Historical data generator completed for EGLDUSDT
2026-09-16 19:31:24 [info     ] ✅ Price data download completed successfully final_count=2975 final_result=True status=SUCCESS total_minutes=1440
[2026-09-16 19:31:24 UTC] 78/2726 | EGLDUSDT 2026-09-04: +2880 свечей (прогнозов ждало 6) | всего +203040 | темп 1495 окон/ч, осталось ~1.8 ч | диск 59.9 ГБ
2026-09-16 19:31:24 [info     ] Smart minute data check        end=datetime.datetime(2026, 9, 4, 23, 59, tzinfo=datetime.timezone.utc) expected_minutes=1440 start=datetime.datetime(2026, 9, 4, 0, 0, tzinfo=datetime.timezone.utc) symbol=ZILUSDT
2026-09-16 19:31:24 [warning  ] ⚠️  Incomplete price data, downloading missing existing=95 expected_total=1440 missing=1345 status=INCOMPLETE symbol=ZILUSDT
2026-09-16 19:31:24 [info     ] Start download coin=<Coin:  (ZILUSDT)> start_time=datetime.datetime(2026, 9, 4, 0, 0, tzinfo=datetime.timezone.utc) end_time=datetime.datetime(2026, 9, 4, 23, 59, tzinfo=datetime.timezone.utc)
2026-09-16 19:31:24 [info     ] [Bybit] Starting historical data generator for symbol='ZILUSDT', days=90
2026-09-16 19:31:24 [info     ] [Bybit] Loading data from 2026-09-04 00:00:00+00:00 to 2026-09-04 23:59:00+00:00
2026-09-16 19:31:25 [info     ] [Bybit] Yielding batch of 1000 candles for ZILUSDT
2026-09-16 19:31:26 [info     ] [Bybit] Yielding batch of 440 candles for ZILUSDT
2026-09-16 19:31:26 [info     ] [Bybit] Reached start time for ZILUSDT
2026-09-16 19:31:26 [info     ] [Bybit] Historical data generator completed for ZILUSDT
2026-09-16 19:31:26 [info     ] [Bitget] Starting historical data generator for symbol='ZILUSDT', days=90
2026-09-16 19:31:26 [info     ] [Bitget] Loading data from 2026-09-04 00:00:00+00:00 to 2026-09-04 23:59:00+00:00
2026-09-16 19:31:26 - INFO - HTTP Request: GET https://api.bitget.com/api/v2/mix/market/candles?symbol=ZILUSDT&granularity=1m&limit=1000&productType=usdt-futures&endTime=1788566340000 "HTTP/1.1 200 OK"
2026-09-16 19:31:26 [info     ] [Bitget] Yielding batch of 1000 candles for ZILUSDT
2026-09-16 19:31:27 - INFO - HTTP Request: GET https://api.bitget.com/api/v2/mix/market/candles?symbol=ZILUSDT&granularity=1m&limit=1000&productType=usdt-futures&endTime=1788506399999 "HTTP/1.1 200 OK"
2026-09-16 19:31:27 [info     ] [Bitget] Yielding batch of 440 candles for ZILUSDT
2026-09-16 19:31:27 [info     ] [Bitget] Reached start time for ZILUSDT
2026-09-16 19:31:27 [info     ] [Bitget] Historical data generator completed for ZILUSDT
2026-09-16 19:31:27 [info     ] ✅ Price data download completed successfully final_count=2975 final_result=True status=SUCCESS total_minutes=1440
[2026-09-16 19:31:27 UTC] 79/2726 | ZILUSDT 2026-09-04: +2880 свечей (прогнозов ждало 1) | всего +205920 | темп 1494 окон/ч, осталось ~1.8 ч | диск 59.9 ГБ
2026-09-16 19:31:27 [info     ] Smart minute data check        end=datetime.datetime(2026, 9, 4, 23, 59, tzinfo=datetime.timezone.utc) expected_minutes=1440 start=datetime.datetime(2026, 9, 4, 0, 0, tzinfo=datetime.timezone.utc) symbol=SIGNUSDT
2026-09-16 19:31:27 [warning  ] ⚠️  Incomplete price data, downloading missing existing=95 expected_total=1440 missing=1345 status=INCOMPLETE symbol=SIGNUSDT
2026-09-16 19:31:27 [info     ] Start download coin=<Coin:  (SIGNUSDT)> start_time=datetime.datetime(2026, 9, 4, 0, 0, tzinfo=datetime.timezone.utc) end_time=datetime.datetime(2026, 9, 4, 23, 59, tzinfo=datetime.timezone.utc)
2026-09-16 19:31:27 [info     ] [Bybit] Starting historical data generator for symbol='SIGNUSDT', days=90
2026-09-16 19:31:27 [info     ] [Bybit] Loading data from 2026-09-04 00:00:00+00:00 to 2026-09-04 23:59:00+00:00
2026-09-16 19:31:27 [info     ] [Bybit] Yielding batch of 1000 candles for SIGNUSDT
2026-09-16 19:31:28 [info     ] [Bybit] Yielding batch of 440 candles for SIGNUSDT
2026-09-16 19:31:28 [info     ] [Bybit] Reached start time for SIGNUSDT
2026-09-16 19:31:28 [info     ] [Bybit] Historical data generator completed for SIGNUSDT
2026-09-16 19:31:28 [info     ] [Bitget] Starting historical data generator for symbol='SIGNUSDT', days=90
2026-09-16 19:31:28 [info     ] [Bitget] Loading data from 2026-09-04 00:00:00+00:00 to 2026-09-04 23:59:00+00:00
2026-09-16 19:31:28 - INFO - HTTP Request: GET https://api.bitget.com/api/v2/mix/market/candles?symbol=SIGNUSDT&granularity=1m&limit=1000&productType=usdt-futures&endTime=1788566340000 "HTTP/1.1 200 OK"
2026-09-16 19:31:28 [info     ] [Bitget] Yielding batch of 1000 candles for SIGNUSDT
2026-09-16 19:31:29 - INFO - HTTP Request: GET https://api.bitget.com/api/v2/mix/market/candles?symbol=SIGNUSDT&granularity=1m&limit=1000&productType=usdt-futures&endTime=1788506399999 "HTTP/1.1 200 OK"
2026-09-16 19:31:29 [info     ] [Bitget] Yielding batch of 440 candles for SIGNUSDT
2026-09-16 19:31:29 [info     ] [Bitget] Reached start time for SIGNUSDT
2026-09-16 19:31:29 [info     ] [Bitget] Historical data generator completed for SIGNUSDT
2026-09-16 19:31:29 [info     ] ✅ Price data download completed successfully final_count=2975 final_result=True status=SUCCESS total_minutes=1440
[2026-09-16 19:31:29 UTC] 80/2726 | SIGNUSDT 2026-09-04: +2880 свечей (прогнозов ждало 33) | всего +208800 | темп 1497 окон/ч, осталось ~1.8 ч | диск 59.9 ГБ
2026-09-16 19:31:29 [info     ] Smart minute data check        end=datetime.datetime(2026, 9, 4, 23, 59, tzinfo=datetime.timezone.utc) expected_minutes=1440 start=datetime.datetime(2026, 9, 4, 0, 0, tzinfo=datetime.timezone.utc) symbol=QTUMUSDT
2026-09-16 19:31:29 [warning  ] ⚠️  Incomplete price data, downloading missing existing=96 expected_total=1440 missing=1344 status=INCOMPLETE symbol=QTUMUSDT
2026-09-16 19:31:29 [info     ] Start download coin=<Coin:  (QTUMUSDT)> start_time=datetime.datetime(2026, 9, 4, 0, 0, tzinfo=datetime.timezone.utc) end_time=datetime.datetime(2026, 9, 4, 23, 59, tzinfo=datetime.timezone.utc)
2026-09-16 19:31:29 [info     ] [Bybit] Starting historical data generator for symbol='QTUMUSDT', days=90
2026-09-16 19:31:29 [info     ] [Bybit] Loading data from 2026-09-04 00:00:00+00:00 to 2026-09-04 23:59:00+00:00
2026-09-16 19:31:30 [info     ] [Bybit] Yielding batch of 1000 candles for QTUMUSDT
2026-09-16 19:31:31 [info     ] [Bybit] Yielding batch of 440 candles for QTUMUSDT
2026-09-16 19:31:31 [info     ] [Bybit] Reached start time for QTUMUSDT
2026-09-16 19:31:31 [info     ] [Bybit] Historical data generator completed for QTUMUSDT
2026-09-16 19:31:31 [info     ] [Bitget] Starting historical data generator for symbol='QTUMUSDT', days=90
2026-09-16 19:31:31 [info     ] [Bitget] Loading data from 2026-09-04 00:00:00+00:00 to 2026-09-04 23:59:00+00:00
2026-09-16 19:31:31 - INFO - HTTP Request: GET https://api.bitget.com/api/v2/mix/market/candles?symbol=QTUMUSDT&granularity=1m&limit=1000&productType=usdt-futures&endTime=1788566340000 "HTTP/1.1 200 OK"
2026-09-16 19:31:31 [info     ] [Bitget] Yielding batch of 1000 candles for QTUMUSDT
2026-09-16 19:31:32 - INFO - HTTP Request: GET https://api.bitget.com/api/v2/mix/market/candles?symbol=QTUMUSDT&granularity=1m&limit=1000&productType=usdt-futures&endTime=1788506399999 "HTTP/1.1 200 OK"
2026-09-16 19:31:32 [info     ] [Bitget] Yielding batch of 440 candles for QTUMUSDT
2026-09-16 19:31:32 [info     ] [Bitget] Reached start time for QTUMUSDT
2026-09-16 19:31:32 [info     ] [Bitget] Historical data generator completed for QTUMUSDT
2026-09-16 19:31:32 [info     ] ✅ Price data download completed successfully final_count=2976 final_result=True status=SUCCESS total_minutes=1440
[2026-09-16 19:31:32 UTC] 81/2726 | QTUMUSDT 2026-09-04: +2880 свечей (прогнозов ждало 2) | всего +211680 | темп 1492 окон/ч, осталось ~1.8 ч | диск 59.9 ГБ
2026-09-16 19:31:32 [info     ] Smart minute data check        end=datetime.datetime(2026, 9, 4, 23, 59, tzinfo=datetime.timezone.utc) expected_minutes=1440 start=datetime.datetime(2026, 9, 4, 0, 0, tzinfo=datetime.timezone.utc) symbol=BRUSDT
2026-09-16 19:31:32 [warning  ] ⚠️  Incomplete price data, downloading missing existing=96 expected_total=1440 missing=1344 status=INCOMPLETE symbol=BRUSDT
2026-09-16 19:31:32 [info     ] Start download coin=<Coin:  (BRUSDT)> start_time=datetime.datetime(2026, 9, 4, 0, 0, tzinfo=datetime.timezone.utc) end_time=datetime.datetime(2026, 9, 4, 23, 59, tzinfo=datetime.timezone.utc)
2026-09-16 19:31:32 [info     ] [Bybit] Starting historical data generator for symbol='BRUSDT', days=90
2026-09-16 19:31:32 [info     ] [Bybit] Loading data from 2026-09-04 00:00:00+00:00 to 2026-09-04 23:59:00+00:00
2026-09-16 19:31:32 [info     ] [Bybit] Yielding batch of 1000 candles for BRUSDT
2026-09-16 19:31:33 [info     ] [Bybit] Yielding batch of 440 candles for BRUSDT
2026-09-16 19:31:33 [info     ] [Bybit] Reached start time for BRUSDT
2026-09-16 19:31:33 [info     ] [Bybit] Historical data generator completed for BRUSDT
2026-09-16 19:31:33 [info     ] [Bitget] Starting historical data generator for symbol='BRUSDT', days=90
2026-09-16 19:31:33 [info     ] [Bitget] Loading data from 2026-09-04 00:00:00+00:00 to 2026-09-04 23:59:00+00:00
2026-09-16 19:31:33 - INFO - HTTP Request: GET https://api.bitget.com/api/v2/mix/market/candles?symbol=BRUSDT&granularity=1m&limit=1000&productType=usdt-futures&endTime=1788566340000 "HTTP/1.1 200 OK"
2026-09-16 19:31:33 [info     ] [Bitget] Yielding batch of 1000 candles for BRUSDT
2026-09-16 19:31:34 - INFO - HTTP Request: GET https://api.bitget.com/api/v2/mix/market/candles?symbol=BRUSDT&granularity=1m&limit=1000&productType=usdt-futures&endTime=1788506399999 "HTTP/1.1 200 OK"
2026-09-16 19:31:34 [info     ] [Bitget] Yielding batch of 440 candles for BRUSDT
2026-09-16 19:31:34 [info     ] [Bitget] Reached start time for BRUSDT
2026-09-16 19:31:34 [info     ] [Bitget] Historical data generator completed for BRUSDT
2026-09-16 19:31:34 [info     ] ✅ Price data download completed successfully final_count=2976 final_result=True status=SUCCESS total_minutes=1440
[2026-09-16 19:31:34 UTC] 82/2726 | BRUSDT 2026-09-04: +2880 свечей (прогнозов ждало 1) | всего +214560 | темп 1495 окон/ч, осталось ~1.8 ч | диск 59.9 ГБ
2026-09-16 19:31:34 [info     ] Smart minute data check        end=datetime.datetime(2026, 9, 4, 23, 59, tzinfo=datetime.timezone.utc) expected_minutes=1440 start=datetime.datetime(2026, 9, 4, 0, 0, tzinfo=datetime.timezone.utc) symbol=GPSUSDT
2026-09-16 19:31:34 [warning  ] ⚠️  Incomplete price data, downloading missing existing=113 expected_total=1440 missing=1327 status=INCOMPLETE symbol=GPSUSDT
2026-09-16 19:31:34 [info     ] Start download coin=<Coin:  (GPSUSDT)> start_time=datetime.datetime(2026, 9, 4, 0, 0, tzinfo=datetime.timezone.utc) end_time=datetime.datetime(2026, 9, 4, 23, 59, tzinfo=datetime.timezone.utc)
2026-09-16 19:31:34 [info     ] [Bybit] Starting historical data generator for symbol='GPSUSDT', days=90
2026-09-16 19:31:34 [info     ] [Bybit] Loading data from 2026-09-04 00:00:00+00:00 to 2026-09-04 23:59:00+00:00
2026-09-16 19:31:34 [info     ] [Bybit] Yielding batch of 1000 candles for GPSUSDT
2026-09-16 19:31:35 [info     ] [Bybit] Yielding batch of 440 candles for GPSUSDT
2026-09-16 19:31:36 [info     ] [Bybit] Reached start time for GPSUSDT
2026-09-16 19:31:36 [info     ] [Bybit] Historical data generator completed for GPSUSDT
2026-09-16 19:31:36 [info     ] [Bitget] Starting historical data generator for symbol='GPSUSDT', days=90
2026-09-16 19:31:36 [info     ] [Bitget] Loading data from 2026-09-04 00:00:00+00:00 to 2026-09-04 23:59:00+00:00
2026-09-16 19:31:36 - INFO - HTTP Request: GET https://api.bitget.com/api/v2/mix/market/candles?symbol=GPSUSDT&granularity=1m&limit=1000&productType=usdt-futures&endTime=1788566340000 "HTTP/1.1 200 OK"
2026-09-16 19:31:36 [info     ] [Bitget] Yielding batch of 1000 candles for GPSUSDT
2026-09-16 19:31:36 - INFO - HTTP Request: GET https://api.bitget.com/api/v2/mix/market/candles?symbol=GPSUSDT&granularity=1m&limit=1000&productType=usdt-futures&endTime=1788506399999 "HTTP/1.1 200 OK"
2026-09-16 19:31:36 [info     ] [Bitget] Yielding batch of 440 candles for GPSUSDT
2026-09-16 19:31:36 [info     ] [Bitget] Reached start time for GPSUSDT
2026-09-16 19:31:36 [info     ] [Bitget] Historical data generator completed for GPSUSDT
2026-09-16 19:31:36 [info     ] ✅ Price data download completed successfully final_count=2999 final_result=True status=SUCCESS total_minutes=1440
[2026-09-16 19:31:36 UTC] 83/2726 | GPSUSDT 2026-09-04: +2880 свечей (прогнозов ждало 2) | всего +217440 | темп 1493 окон/ч, осталось ~1.8 ч | диск 59.9 ГБ
2026-09-16 19:31:37 [info     ] Smart minute data check        end=datetime.datetime(2026, 9, 4, 23, 59, tzinfo=datetime.timezone.utc) expected_minutes=1440 start=datetime.datetime(2026, 9, 4, 0, 0, tzinfo=datetime.timezone.utc) symbol=FLOCKUSDT
2026-09-16 19:31:37 [warning  ] ⚠️  Incomplete price data, downloading missing existing=100 expected_total=1440 missing=1340 status=INCOMPLETE symbol=FLOCKUSDT
2026-09-16 19:31:37 [info     ] Start download coin=<Coin:  (FLOCKUSDT)> start_time=datetime.datetime(2026, 9, 4, 0, 0, tzinfo=datetime.timezone.utc) end_time=datetime.datetime(2026, 9, 4, 23, 59, tzinfo=datetime.timezone.utc)
2026-09-16 19:31:37 [info     ] [Bybit] Starting historical data generator for symbol='FLOCKUSDT', days=90
2026-09-16 19:31:37 [info     ] [Bybit] Loading data from 2026-09-04 00:00:00+00:00 to 2026-09-04 23:59:00+00:00
2026-09-16 19:31:37 [info     ] [Bybit] Yielding batch of 1000 candles for FLOCKUSDT
2026-09-16 19:31:38 [info     ] [Bybit] Yielding batch of 440 candles for FLOCKUSDT
2026-09-16 19:31:38 [info     ] [Bybit] Reached start time for FLOCKUSDT
2026-09-16 19:31:38 [info     ] [Bybit] Historical data generator completed for FLOCKUSDT
2026-09-16 19:31:38 [info     ] [Bitget] Starting historical data generator for symbol='FLOCKUSDT', days=90
2026-09-16 19:31:38 [info     ] [Bitget] Loading data from 2026-09-04 00:00:00+00:00 to 2026-09-04 23:59:00+00:00
2026-09-16 19:31:38 - INFO - HTTP Request: GET https://api.bitget.com/api/v2/mix/market/candles?symbol=FLOCKUSDT&granularity=1m&limit=1000&productType=usdt-futures&endTime=1788566340000 "HTTP/1.1 200 OK"
2026-09-16 19:31:38 [info     ] [Bitget] Yielding batch of 1000 candles for FLOCKUSDT
2026-09-16 19:31:39 - INFO - HTTP Request: GET https://api.bitget.com/api/v2/mix/market/candles?symbol=FLOCKUSDT&granularity=1m&limit=1000&productType=usdt-futures&endTime=1788506399999 "HTTP/1.1 200 OK"
2026-09-16 19:31:39 [info     ] [Bitget] Yielding batch of 440 candles for FLOCKUSDT
2026-09-16 19:31:39 [info     ] [Bitget] Reached start time for FLOCKUSDT
2026-09-16 19:31:39 [info     ] [Bitget] Historical data generator completed for FLOCKUSDT
2026-09-16 19:31:39 [info     ] ✅ Price data download completed successfully final_count=2980 final_result=True status=SUCCESS total_minutes=1440
[2026-09-16 19:31:39 UTC] 84/2726 | FLOCKUSDT 2026-09-04: +2880 свечей (прогнозов ждало 3) | всего +220320 | темп 1494 окон/ч, осталось ~1.8 ч | диск 59.9 ГБ
2026-09-16 19:31:39 [info     ] Smart minute data check        end=datetime.datetime(2026, 9, 4, 23, 59, tzinfo=datetime.timezone.utc) expected_minutes=1440 start=datetime.datetime(2026, 9, 4, 0, 0, tzinfo=datetime.timezone.utc) symbol=MNTUSDT
2026-09-16 19:31:39 [warning  ] ⚠️  Incomplete price data, downloading missing existing=96 expected_total=1440 missing=1344 status=INCOMPLETE symbol=MNTUSDT
2026-09-16 19:31:39 [info     ] Start download coin=<Coin:  (MNTUSDT)> start_time=datetime.datetime(2026, 9, 4, 0, 0, tzinfo=datetime.timezone.utc) end_time=datetime.datetime(2026, 9, 4, 23, 59, tzinfo=datetime.timezone.utc)
2026-09-16 19:31:39 [info     ] [Bybit] Starting historical data generator for symbol='MNTUSDT', days=90
2026-09-16 19:31:39 [info     ] [Bybit] Loading data from 2026-09-04 00:00:00+00:00 to 2026-09-04 23:59:00+00:00
2026-09-16 19:31:39 [info     ] [Bybit] Yielding batch of 1000 candles for MNTUSDT
2026-09-16 19:31:40 [info     ] [Bybit] Yielding batch of 440 candles for MNTUSDT
2026-09-16 19:31:40 [info     ] [Bybit] Reached start time for MNTUSDT
2026-09-16 19:31:40 [info     ] [Bybit] Historical data generator completed for MNTUSDT
2026-09-16 19:31:40 [info     ] [Bitget] Starting historical data generator for symbol='MNTUSDT', days=90
2026-09-16 19:31:40 [info     ] [Bitget] Loading data from 2026-09-04 00:00:00+00:00 to 2026-09-04 23:59:00+00:00
2026-09-16 19:31:40 - INFO - HTTP Request: GET https://api.bitget.com/api/v2/mix/market/candles?symbol=MNTUSDT&granularity=1m&limit=1000&productType=usdt-futures&endTime=1788566340000 "HTTP/1.1 400 Bad Request"
2026-09-16 19:31:40 [error    ] [Bitget] Failed to get historical data batch for symbol='MNTUSDT'
Traceback (most recent call last):
  File "/srv/www/services/crypto_market.py", line 404, in get_historical_candles_generator
    response = self._make_kline_request(
        symbol=symbol, limit=self.BATCH_SIZE, end_time_ms=current_end_time_ms, granularity="1m"
    )
  File "/srv/www/services/crypto_market.py", line 364, in _make_kline_request
    response.raise_for_status()
    ~~~~~~~~~~~~~~~~~~~~~~~~~^^
  File "/srv/docker-venv/lib/python3.14/site-packages/httpx/_models.py", line 829, in raise_for_status
    raise HTTPStatusError(message, request=request, response=self)
httpx.HTTPStatusError: Client error '400 Bad Request' for url 'https://api.bitget.com/api/v2/mix/market/candles?symbol=MNTUSDT&granularity=1m&limit=1000&productType=usdt-futures&endTime=1788566340000'
For more information check: https://developer.mozilla.org/en-US/docs/Web/HTTP/Status/400
2026-09-16 19:31:40 [error    ] Error download coin history interval start_time=datetime.datetime(2026, 9, 4, 0, 0, tzinfo=datetime.timezone.utc) end_time=datetime.datetime(2026, 9, 4, 23, 59, tzinfo=datetime.timezone.utc)
Traceback (most recent call last):
  File "/srv/www/services/crypto_market.py", line 404, in get_historical_candles_generator
    response = self._make_kline_request(
        symbol=symbol, limit=self.BATCH_SIZE, end_time_ms=current_end_time_ms, granularity="1m"
    )
  File "/srv/www/services/crypto_market.py", line 364, in _make_kline_request
    response.raise_for_status()
    ~~~~~~~~~~~~~~~~~~~~~~~~~^^
  File "/srv/docker-venv/lib/python3.14/site-packages/httpx/_models.py", line 829, in raise_for_status
    raise HTTPStatusError(message, request=request, response=self)
httpx.HTTPStatusError: Client error '400 Bad Request' for url 'https://api.bitget.com/api/v2/mix/market/candles?symbol=MNTUSDT&granularity=1m&limit=1000&productType=usdt-futures&endTime=1788566340000'
For more information check: https://developer.mozilla.org/en-US/docs/Web/HTTP/Status/400

The above exception was the direct cause of the following exception:

Traceback (most recent call last):
  File "/srv/www/services/price_sync.py", line 255, in ensure_minute_data_smart
    self.download_coin_history_interval(coin=coin, start_time=start_time, end_time=end_time)
    ~~~~~~~~~~~~~~~~~~~~~~~~~~~~~~~~~~~^^^^^^^^^^^^^^^^^^^^^^^^^^^^^^^^^^^^^^^^^^^^^^^^^^^^^
  File "/srv/www/services/price_sync.py", line 295, in download_coin_history_interval
    for batch_candles in client.get_historical_candles_generator(
                         ~~~~~~~~~~~~~~~~~~~~~~~~~~~~~~~~~~~~~~~^
        symbol=coin.symbol, start_time=start_time, end_time=end_time
        ^^^^^^^^^^^^^^^^^^^^^^^^^^^^^^^^^^^^^^^^^^^^^^^^^^^^^^^^^^^^
    ):
    ^
  File "/srv/www/services/crypto_market.py", line 409, in get_historical_candles_generator
    raise BitgetResponseError("Failed to get historical data batch") from exception
services.crypto_market.BitgetResponseError: Failed to get historical data batch
2026-09-16 19:31:41 [info     ] Smart minute data check        end=datetime.datetime(2026, 9, 4, 23, 59, tzinfo=datetime.timezone.utc) expected_minutes=1440 start=datetime.datetime(2026, 9, 4, 0, 0, tzinfo=datetime.timezone.utc) symbol=ZECUSDT
2026-09-16 19:31:41 [warning  ] ⚠️  Incomplete price data, downloading missing existing=115 expected_total=1440 missing=1325 status=INCOMPLETE symbol=ZECUSDT
2026-09-16 19:31:41 [info     ] Start download coin=<Coin:  (ZECUSDT)> start_time=datetime.datetime(2026, 9, 4, 0, 0, tzinfo=datetime.timezone.utc) end_time=datetime.datetime(2026, 9, 4, 23, 59, tzinfo=datetime.timezone.utc)
2026-09-16 19:31:41 [info     ] [Bybit] Starting historical data generator for symbol='ZECUSDT', days=90
2026-09-16 19:31:41 [info     ] [Bybit] Loading data from 2026-09-04 00:00:00+00:00 to 2026-09-04 23:59:00+00:00
2026-09-16 19:31:41 [info     ] [Bybit] Yielding batch of 1000 candles for ZECUSDT
2026-09-16 19:31:42 [info     ] [Bybit] Yielding batch of 440 candles for ZECUSDT
2026-09-16 19:31:42 [info     ] [Bybit] Reached start time for ZECUSDT
2026-09-16 19:31:42 [info     ] [Bybit] Historical data generator completed for ZECUSDT
2026-09-16 19:31:42 [info     ] [Bitget] Starting historical data generator for symbol='ZECUSDT', days=90
2026-09-16 19:31:42 [info     ] [Bitget] Loading data from 2026-09-04 00:00:00+00:00 to 2026-09-04 23:59:00+00:00
2026-09-16 19:31:42 - INFO - HTTP Request: GET https://api.bitget.com/api/v2/mix/market/candles?symbol=ZECUSDT&granularity=1m&limit=1000&productType=usdt-futures&endTime=1788566340000 "HTTP/1.1 200 OK"
2026-09-16 19:31:42 [info     ] [Bitget] Yielding batch of 1000 candles for ZECUSDT
2026-09-16 19:31:43 - INFO - HTTP Request: GET https://api.bitget.com/api/v2/mix/market/candles?symbol=ZECUSDT&granularity=1m&limit=1000&productType=usdt-futures&endTime=1788506399999 "HTTP/1.1 200 OK"
2026-09-16 19:31:43 [info     ] [Bitget] Yielding batch of 440 candles for ZECUSDT
2026-09-16 19:31:43 [info     ] [Bitget] Reached start time for ZECUSDT
2026-09-16 19:31:43 [info     ] [Bitget] Historical data generator completed for ZECUSDT
2026-09-16 19:31:43 [info     ] ✅ Price data download completed successfully final_count=2996 final_result=True status=SUCCESS total_minutes=1440
[2026-09-16 19:31:43 UTC] 86/2726 | ZECUSDT 2026-09-04: +2880 свечей (прогнозов ждало 40) | всего +224640 | темп 1500 окон/ч, осталось ~1.8 ч | диск 59.9 ГБ
2026-09-16 19:31:43 [info     ] Smart minute data check        end=datetime.datetime(2026, 9, 4, 23, 59, tzinfo=datetime.timezone.utc) expected_minutes=1440 start=datetime.datetime(2026, 9, 4, 0, 0, tzinfo=datetime.timezone.utc) symbol=NIGHTUSDT
2026-09-16 19:31:43 [warning  ] ⚠️  Incomplete price data, downloading missing existing=96 expected_total=1440 missing=1344 status=INCOMPLETE symbol=NIGHTUSDT
2026-09-16 19:31:43 [info     ] Start download coin=<Coin:  (NIGHTUSDT)> start_time=datetime.datetime(2026, 9, 4, 0, 0, tzinfo=datetime.timezone.utc) end_time=datetime.datetime(2026, 9, 4, 23, 59, tzinfo=datetime.timezone.utc)
2026-09-16 19:31:43 [info     ] [Bybit] Starting historical data generator for symbol='NIGHTUSDT', days=90
2026-09-16 19:31:43 [info     ] [Bybit] Loading data from 2026-09-04 00:00:00+00:00 to 2026-09-04 23:59:00+00:00
2026-09-16 19:31:43 [info     ] [Bybit] Yielding batch of 1000 candles for NIGHTUSDT
2026-09-16 19:31:44 [info     ] [Bybit] Yielding batch of 440 candles for NIGHTUSDT
2026-09-16 19:31:44 [info     ] [Bybit] Reached start time for NIGHTUSDT
2026-09-16 19:31:44 [info     ] [Bybit] Historical data generator completed for NIGHTUSDT
2026-09-16 19:31:44 [info     ] [Bitget] Starting historical data generator for symbol='NIGHTUSDT', days=90
2026-09-16 19:31:44 [info     ] [Bitget] Loading data from 2026-09-04 00:00:00+00:00 to 2026-09-04 23:59:00+00:00
2026-09-16 19:31:44 - INFO - HTTP Request: GET https://api.bitget.com/api/v2/mix/market/candles?symbol=NIGHTUSDT&granularity=1m&limit=1000&productType=usdt-futures&endTime=1788566340000 "HTTP/1.1 200 OK"
2026-09-16 19:31:44 [info     ] [Bitget] Yielding batch of 1000 candles for NIGHTUSDT
2026-09-16 19:31:45 - INFO - HTTP Request: GET https://api.bitget.com/api/v2/mix/market/candles?symbol=NIGHTUSDT&granularity=1m&limit=1000&productType=usdt-futures&endTime=1788506399999 "HTTP/1.1 200 OK"
2026-09-16 19:31:45 [info     ] [Bitget] Yielding batch of 440 candles for NIGHTUSDT
2026-09-16 19:31:45 [info     ] [Bitget] Reached start time for NIGHTUSDT
2026-09-16 19:31:45 [info     ] [Bitget] Historical data generator completed for NIGHTUSDT
2026-09-16 19:31:45 [info     ] ✅ Price data download completed successfully final_count=2976 final_result=True status=SUCCESS total_minutes=1440
[2026-09-16 19:31:45 UTC] 87/2726 | NIGHTUSDT 2026-09-04: +2880 свечей (прогнозов ждало 2) | всего +227520 | темп 1500 окон/ч, осталось ~1.8 ч | диск 59.9 ГБ
2026-09-16 19:31:45 [info     ] Smart minute data check        end=datetime.datetime(2026, 9, 4, 23, 59, tzinfo=datetime.timezone.utc) expected_minutes=1440 start=datetime.datetime(2026, 9, 4, 0, 0, tzinfo=datetime.timezone.utc) symbol=LPTUSDT
2026-09-16 19:31:45 [warning  ] ⚠️  Incomplete price data, downloading missing existing=97 expected_total=1440 missing=1343 status=INCOMPLETE symbol=LPTUSDT
2026-09-16 19:31:45 [info     ] Start download coin=<Coin:  (LPTUSDT)> start_time=datetime.datetime(2026, 9, 4, 0, 0, tzinfo=datetime.timezone.utc) end_time=datetime.datetime(2026, 9, 4, 23, 59, tzinfo=datetime.timezone.utc)
2026-09-16 19:31:45 [info     ] [Bybit] Starting historical data generator for symbol='LPTUSDT', days=90
2026-09-16 19:31:45 [info     ] [Bybit] Loading data from 2026-09-04 00:00:00+00:00 to 2026-09-04 23:59:00+00:00
2026-09-16 19:31:46 [info     ] [Bybit] Yielding batch of 1000 candles for LPTUSDT
2026-09-16 19:31:47 [info     ] [Bybit] Yielding batch of 440 candles for LPTUSDT
2026-09-16 19:31:47 [info     ] [Bybit] Reached start time for LPTUSDT
2026-09-16 19:31:47 [info     ] [Bybit] Historical data generator completed for LPTUSDT
2026-09-16 19:31:47 [info     ] [Bitget] Starting historical data generator for symbol='LPTUSDT', days=90
2026-09-16 19:31:47 [info     ] [Bitget] Loading data from 2026-09-04 00:00:00+00:00 to 2026-09-04 23:59:00+00:00
2026-09-16 19:31:47 - INFO - HTTP Request: GET https://api.bitget.com/api/v2/mix/market/candles?symbol=LPTUSDT&granularity=1m&limit=1000&productType=usdt-futures&endTime=1788566340000 "HTTP/1.1 200 OK"
2026-09-16 19:31:47 [info     ] [Bitget] Yielding batch of 1000 candles for LPTUSDT
2026-09-16 19:31:48 - INFO - HTTP Request: GET https://api.bitget.com/api/v2/mix/market/candles?symbol=LPTUSDT&granularity=1m&limit=1000&productType=usdt-futures&endTime=1788506399999 "HTTP/1.1 200 OK"
2026-09-16 19:31:48 [info     ] [Bitget] Yielding batch of 440 candles for LPTUSDT
2026-09-16 19:31:48 [info     ] [Bitget] Reached start time for LPTUSDT
2026-09-16 19:31:48 [info     ] [Bitget] Historical data generator completed for LPTUSDT
2026-09-16 19:31:48 [info     ] ✅ Price data download completed successfully final_count=2978 final_result=True status=SUCCESS total_minutes=1440
[2026-09-16 19:31:48 UTC] 88/2726 | LPTUSDT 2026-09-04: +2880 свечей (прогнозов ждало 1) | всего +230400 | темп 1496 окон/ч, осталось ~1.8 ч | диск 59.9 ГБ
2026-09-16 19:31:48 [info     ] Smart minute data check        end=datetime.datetime(2026, 9, 4, 23, 59, tzinfo=datetime.timezone.utc) expected_minutes=1440 start=datetime.datetime(2026, 9, 4, 0, 0, tzinfo=datetime.timezone.utc) symbol=QUSDT
2026-09-16 19:31:48 [warning  ] ⚠️  Incomplete price data, downloading missing existing=96 expected_total=1440 missing=1344 status=INCOMPLETE symbol=QUSDT
2026-09-16 19:31:48 [info     ] Start download coin=<Coin:  (QUSDT)> start_time=datetime.datetime(2026, 9, 4, 0, 0, tzinfo=datetime.timezone.utc) end_time=datetime.datetime(2026, 9, 4, 23, 59, tzinfo=datetime.timezone.utc)
2026-09-16 19:31:48 [info     ] [Bybit] Starting historical data generator for symbol='QUSDT', days=90
2026-09-16 19:31:48 [info     ] [Bybit] Loading data from 2026-09-04 00:00:00+00:00 to 2026-09-04 23:59:00+00:00
2026-09-16 19:31:49 [info     ] [Bybit] Yielding batch of 1000 candles for QUSDT
2026-09-16 19:31:50 [info     ] [Bybit] Yielding batch of 440 candles for QUSDT
2026-09-16 19:31:50 [info     ] [Bybit] Reached start time for QUSDT
2026-09-16 19:31:50 [info     ] [Bybit] Historical data generator completed for QUSDT
2026-09-16 19:31:50 [info     ] [Bitget] Starting historical data generator for symbol='QUSDT', days=90
2026-09-16 19:31:50 [info     ] [Bitget] Loading data from 2026-09-04 00:00:00+00:00 to 2026-09-04 23:59:00+00:00
2026-09-16 19:31:50 - INFO - HTTP Request: GET https://api.bitget.com/api/v2/mix/market/candles?symbol=QUSDT&granularity=1m&limit=1000&productType=usdt-futures&endTime=1788566340000 "HTTP/1.1 200 OK"
2026-09-16 19:31:50 [info     ] [Bitget] Yielding batch of 1000 candles for QUSDT
2026-09-16 19:31:51 - INFO - HTTP Request: GET https://api.bitget.com/api/v2/mix/market/candles?symbol=QUSDT&granularity=1m&limit=1000&productType=usdt-futures&endTime=1788506399999 "HTTP/1.1 200 OK"
2026-09-16 19:31:51 [info     ] [Bitget] Yielding batch of 440 candles for QUSDT
2026-09-16 19:31:51 [info     ] [Bitget] Reached start time for QUSDT
2026-09-16 19:31:51 [info     ] [Bitget] Historical data generator completed for QUSDT
2026-09-16 19:31:51 [info     ] ✅ Price data download completed successfully final_count=2976 final_result=True status=SUCCESS total_minutes=1440
[2026-09-16 19:31:51 UTC] 89/2726 | QUSDT 2026-09-04: +2880 свечей (прогнозов ждало 3) | всего +233280 | темп 1493 окон/ч, осталось ~1.8 ч | диск 59.9 ГБ
2026-09-16 19:31:51 [info     ] Smart minute data check        end=datetime.datetime(2026, 9, 4, 23, 59, tzinfo=datetime.timezone.utc) expected_minutes=1440 start=datetime.datetime(2026, 9, 4, 0, 0, tzinfo=datetime.timezone.utc) symbol=PIXELUSDT
2026-09-16 19:31:51 [warning  ] ⚠️  Incomplete price data, downloading missing existing=95 expected_total=1440 missing=1345 status=INCOMPLETE symbol=PIXELUSDT
2026-09-16 19:31:51 [info     ] Start download coin=<Coin:  (PIXELUSDT)> start_time=datetime.datetime(2026, 9, 4, 0, 0, tzinfo=datetime.timezone.utc) end_time=datetime.datetime(2026, 9, 4, 23, 59, tzinfo=datetime.timezone.utc)
2026-09-16 19:31:51 [info     ] [Bybit] Starting historical data generator for symbol='PIXELUSDT', days=90
2026-09-16 19:31:51 [info     ] [Bybit] Loading data from 2026-09-04 00:00:00+00:00 to 2026-09-04 23:59:00+00:00
2026-09-16 19:31:52 [info     ] [Bybit] Yielding batch of 1000 candles for PIXELUSDT
2026-09-16 19:31:53 [info     ] [Bybit] Yielding batch of 440 candles for PIXELUSDT
2026-09-16 19:31:53 [info     ] [Bybit] Reached start time for PIXELUSDT
2026-09-16 19:31:53 [info     ] [Bybit] Historical data generator completed for PIXELUSDT
2026-09-16 19:31:53 [info     ] [Bitget] Starting historical data generator for symbol='PIXELUSDT', days=90
2026-09-16 19:31:53 [info     ] [Bitget] Loading data from 2026-09-04 00:00:00+00:00 to 2026-09-04 23:59:00+00:00
2026-09-16 19:31:53 - INFO - HTTP Request: GET https://api.bitget.com/api/v2/mix/market/candles?symbol=PIXELUSDT&granularity=1m&limit=1000&productType=usdt-futures&endTime=1788566340000 "HTTP/1.1 200 OK"
2026-09-16 19:31:53 [info     ] [Bitget] Yielding batch of 1000 candles for PIXELUSDT
2026-09-16 19:31:53 - INFO - HTTP Request: GET https://api.bitget.com/api/v2/mix/market/candles?symbol=PIXELUSDT&granularity=1m&limit=1000&productType=usdt-futures&endTime=1788506399999 "HTTP/1.1 200 OK"
2026-09-16 19:31:53 [info     ] [Bitget] Yielding batch of 440 candles for PIXELUSDT
2026-09-16 19:31:54 [info     ] [Bitget] Reached start time for PIXELUSDT
2026-09-16 19:31:54 [info     ] [Bitget] Historical data generator completed for PIXELUSDT
2026-09-16 19:31:54 [info     ] ✅ Price data download completed successfully final_count=2975 final_result=True status=SUCCESS total_minutes=1440
[2026-09-16 19:31:54 UTC] 90/2726 | PIXELUSDT 2026-09-04: +2880 свечей (прогнозов ждало 1) | всего +236160 | темп 1491 окон/ч, осталось ~1.8 ч | диск 59.9 ГБ
2026-09-16 19:31:54 [info     ] Smart minute data check        end=datetime.datetime(2026, 9, 4, 23, 59, tzinfo=datetime.timezone.utc) expected_minutes=1440 start=datetime.datetime(2026, 9, 4, 0, 0, tzinfo=datetime.timezone.utc) symbol=NEOUSDT
2026-09-16 19:31:54 [warning  ] ⚠️  Incomplete price data, downloading missing existing=96 expected_total=1440 missing=1344 status=INCOMPLETE symbol=NEOUSDT
2026-09-16 19:31:54 [info     ] Start download coin=<Coin:  (NEOUSDT)> start_time=datetime.datetime(2026, 9, 4, 0, 0, tzinfo=datetime.timezone.utc) end_time=datetime.datetime(2026, 9, 4, 23, 59, tzinfo=datetime.timezone.utc)
2026-09-16 19:31:54 [info     ] [Bybit] Starting historical data generator for symbol='NEOUSDT', days=90
2026-09-16 19:31:54 [info     ] [Bybit] Loading data from 2026-09-04 00:00:00+00:00 to 2026-09-04 23:59:00+00:00
2026-09-16 19:31:55 [info     ] [Bybit] Yielding batch of 1000 candles for NEOUSDT
2026-09-16 19:31:56 [info     ] [Bybit] Yielding batch of 440 candles for NEOUSDT
2026-09-16 19:31:56 [info     ] [Bybit] Reached start time for NEOUSDT
2026-09-16 19:31:56 [info     ] [Bybit] Historical data generator completed for NEOUSDT
2026-09-16 19:31:56 [info     ] [Bitget] Starting historical data generator for symbol='NEOUSDT', days=90
2026-09-16 19:31:56 [info     ] [Bitget] Loading data from 2026-09-04 00:00:00+00:00 to 2026-09-04 23:59:00+00:00
2026-09-16 19:31:57 - INFO - HTTP Request: GET https://api.bitget.com/api/v2/mix/market/candles?symbol=NEOUSDT&granularity=1m&limit=1000&productType=usdt-futures&endTime=1788566340000 "HTTP/1.1 200 OK"
2026-09-16 19:31:57 [info     ] [Bitget] Yielding batch of 1000 candles for NEOUSDT
2026-09-16 19:31:57 - INFO - HTTP Request: GET https://api.bitget.com/api/v2/mix/market/candles?symbol=NEOUSDT&granularity=1m&limit=1000&productType=usdt-futures&endTime=1788506399999 "HTTP/1.1 200 OK"
2026-09-16 19:31:57 [info     ] [Bitget] Yielding batch of 440 candles for NEOUSDT
2026-09-16 19:31:57 [info     ] [Bitget] Reached start time for NEOUSDT
2026-09-16 19:31:57 [info     ] [Bitget] Historical data generator completed for NEOUSDT
2026-09-16 19:31:57 [info     ] ✅ Price data download completed successfully final_count=2976 final_result=True status=SUCCESS total_minutes=1440
[2026-09-16 19:31:57 UTC] 91/2726 | NEOUSDT 2026-09-04: +2880 свечей (прогнозов ждало 3) | всего +239040 | темп 1482 окон/ч, осталось ~1.8 ч | диск 59.9 ГБ
2026-09-16 19:31:58 [info     ] Smart minute data check        end=datetime.datetime(2026, 9, 4, 23, 59, tzinfo=datetime.timezone.utc) expected_minutes=1440 start=datetime.datetime(2026, 9, 4, 0, 0, tzinfo=datetime.timezone.utc) symbol=UAIUSDT
2026-09-16 19:31:58 [warning  ] ⚠️  Incomplete price data, downloading missing existing=95 expected_total=1440 missing=1345 status=INCOMPLETE symbol=UAIUSDT
2026-09-16 19:31:58 [info     ] Start download coin=<Coin:  (UAIUSDT)> start_time=datetime.datetime(2026, 9, 4, 0, 0, tzinfo=datetime.timezone.utc) end_time=datetime.datetime(2026, 9, 4, 23, 59, tzinfo=datetime.timezone.utc)
2026-09-16 19:31:58 [info     ] [Bybit] Starting historical data generator for symbol='UAIUSDT', days=90
2026-09-16 19:31:58 [info     ] [Bybit] Loading data from 2026-09-04 00:00:00+00:00 to 2026-09-04 23:59:00+00:00
2026-09-16 19:31:59 [info     ] [Bybit] Yielding batch of 1000 candles for UAIUSDT
2026-09-16 19:31:59 [info     ] [Bybit] Yielding batch of 440 candles for UAIUSDT
2026-09-16 19:31:59 [info     ] [Bybit] Reached start time for UAIUSDT
2026-09-16 19:31:59 [info     ] [Bybit] Historical data generator completed for UAIUSDT
2026-09-16 19:31:59 [info     ] [Bitget] Starting historical data generator for symbol='UAIUSDT', days=90
2026-09-16 19:31:59 [info     ] [Bitget] Loading data from 2026-09-04 00:00:00+00:00 to 2026-09-04 23:59:00+00:00
2026-09-16 19:32:00 - INFO - HTTP Request: GET https://api.bitget.com/api/v2/mix/market/candles?symbol=UAIUSDT&granularity=1m&limit=1000&productType=usdt-futures&endTime=1788566340000 "HTTP/1.1 200 OK"
2026-09-16 19:32:00 [info     ] [Bitget] Yielding batch of 1000 candles for UAIUSDT
2026-09-16 19:32:00 - INFO - HTTP Request: GET https://api.bitget.com/api/v2/mix/market/candles?symbol=UAIUSDT&granularity=1m&limit=1000&productType=usdt-futures&endTime=1788506399999 "HTTP/1.1 200 OK"
2026-09-16 19:32:00 [info     ] [Bitget] Yielding batch of 440 candles for UAIUSDT
2026-09-16 19:32:00 [info     ] [Bitget] Reached start time for UAIUSDT
2026-09-16 19:32:00 [info     ] [Bitget] Historical data generator completed for UAIUSDT
2026-09-16 19:32:00 [info     ] ✅ Price data download completed successfully final_count=2975 final_result=True status=SUCCESS total_minutes=1440
[2026-09-16 19:32:00 UTC] 92/2726 | UAIUSDT 2026-09-04: +2880 свечей (прогнозов ждало 4) | всего +241920 | темп 1479 окон/ч, осталось ~1.8 ч | диск 59.9 ГБ
2026-09-16 19:32:01 [info     ] Smart minute data check        end=datetime.datetime(2026, 9, 4, 23, 59, tzinfo=datetime.timezone.utc) expected_minutes=1440 start=datetime.datetime(2026, 9, 4, 0, 0, tzinfo=datetime.timezone.utc) symbol=KNCUSDT
2026-09-16 19:32:01 [warning  ] ⚠️  Incomplete price data, downloading missing existing=95 expected_total=1440 missing=1345 status=INCOMPLETE symbol=KNCUSDT
2026-09-16 19:32:01 [info     ] Start download coin=<Coin:  (KNCUSDT)> start_time=datetime.datetime(2026, 9, 4, 0, 0, tzinfo=datetime.timezone.utc) end_time=datetime.datetime(2026, 9, 4, 23, 59, tzinfo=datetime.timezone.utc)
2026-09-16 19:32:01 [info     ] [Bybit] Starting historical data generator for symbol='KNCUSDT', days=90
2026-09-16 19:32:01 [info     ] [Bybit] Loading data from 2026-09-04 00:00:00+00:00 to 2026-09-04 23:59:00+00:00
2026-09-16 19:32:02 [info     ] [Bybit] Yielding batch of 1000 candles for KNCUSDT
2026-09-16 19:32:02 [info     ] [Bybit] Yielding batch of 440 candles for KNCUSDT
2026-09-16 19:32:02 [info     ] [Bybit] Reached start time for KNCUSDT
2026-09-16 19:32:02 [info     ] [Bybit] Historical data generator completed for KNCUSDT
2026-09-16 19:32:02 [info     ] [Bitget] Starting historical data generator for symbol='KNCUSDT', days=90
2026-09-16 19:32:02 [info     ] [Bitget] Loading data from 2026-09-04 00:00:00+00:00 to 2026-09-04 23:59:00+00:00
2026-09-16 19:32:03 - INFO - HTTP Request: GET https://api.bitget.com/api/v2/mix/market/candles?symbol=KNCUSDT&granularity=1m&limit=1000&productType=usdt-futures&endTime=1788566340000 "HTTP/1.1 200 OK"
2026-09-16 19:32:03 [info     ] [Bitget] Yielding batch of 1000 candles for KNCUSDT
2026-09-16 19:32:03 - INFO - HTTP Request: GET https://api.bitget.com/api/v2/mix/market/candles?symbol=KNCUSDT&granularity=1m&limit=1000&productType=usdt-futures&endTime=1788506399999 "HTTP/1.1 200 OK"
2026-09-16 19:32:03 [info     ] [Bitget] Yielding batch of 440 candles for KNCUSDT
2026-09-16 19:32:03 [info     ] [Bitget] Reached start time for KNCUSDT
2026-09-16 19:32:03 [info     ] [Bitget] Historical data generator completed for KNCUSDT
2026-09-16 19:32:03 [info     ] ✅ Price data download completed successfully final_count=2975 final_result=True status=SUCCESS total_minutes=1440
[2026-09-16 19:32:03 UTC] 93/2726 | KNCUSDT 2026-09-04: +2880 свечей (прогнозов ждало 7) | всего +244800 | темп 1475 окон/ч, осталось ~1.8 ч | диск 59.9 ГБ
2026-09-16 19:32:04 [info     ] Smart minute data check        end=datetime.datetime(2026, 9, 4, 23, 59, tzinfo=datetime.timezone.utc) expected_minutes=1440 start=datetime.datetime(2026, 9, 4, 0, 0, tzinfo=datetime.timezone.utc) symbol=BIOUSDT
2026-09-16 19:32:04 [warning  ] ⚠️  Incomplete price data, downloading missing existing=96 expected_total=1440 missing=1344 status=INCOMPLETE symbol=BIOUSDT
2026-09-16 19:32:04 [info     ] Start download coin=<Coin:  (BIOUSDT)> start_time=datetime.datetime(2026, 9, 4, 0, 0, tzinfo=datetime.timezone.utc) end_time=datetime.datetime(2026, 9, 4, 23, 59, tzinfo=datetime.timezone.utc)
2026-09-16 19:32:04 [info     ] [Bybit] Starting historical data generator for symbol='BIOUSDT', days=90
2026-09-16 19:32:04 [info     ] [Bybit] Loading data from 2026-09-04 00:00:00+00:00 to 2026-09-04 23:59:00+00:00
2026-09-16 19:32:04 [info     ] [Bybit] Yielding batch of 1000 candles for BIOUSDT
2026-09-16 19:32:05 [info     ] [Bybit] Yielding batch of 440 candles for BIOUSDT
2026-09-16 19:32:05 [info     ] [Bybit] Reached start time for BIOUSDT
2026-09-16 19:32:05 [info     ] [Bybit] Historical data generator completed for BIOUSDT
2026-09-16 19:32:05 [info     ] [Bitget] Starting historical data generator for symbol='BIOUSDT', days=90
2026-09-16 19:32:05 [info     ] [Bitget] Loading data from 2026-09-04 00:00:00+00:00 to 2026-09-04 23:59:00+00:00
2026-09-16 19:32:06 - INFO - HTTP Request: GET https://api.bitget.com/api/v2/mix/market/candles?symbol=BIOUSDT&granularity=1m&limit=1000&productType=usdt-futures&endTime=1788566340000 "HTTP/1.1 200 OK"
2026-09-16 19:32:06 [info     ] [Bitget] Yielding batch of 1000 candles for BIOUSDT
2026-09-16 19:32:06 - INFO - HTTP Request: GET https://api.bitget.com/api/v2/mix/market/candles?symbol=BIOUSDT&granularity=1m&limit=1000&productType=usdt-futures&endTime=1788506399999 "HTTP/1.1 200 OK"
2026-09-16 19:32:06 [info     ] [Bitget] Yielding batch of 440 candles for BIOUSDT
2026-09-16 19:32:06 [info     ] [Bitget] Reached start time for BIOUSDT
2026-09-16 19:32:06 [info     ] [Bitget] Historical data generator completed for BIOUSDT
2026-09-16 19:32:06 [info     ] ✅ Price data download completed successfully final_count=2976 final_result=True status=SUCCESS total_minutes=1440
[2026-09-16 19:32:06 UTC] 94/2726 | BIOUSDT 2026-09-04: +2880 свечей (прогнозов ждало 1) | всего +247680 | темп 1471 окон/ч, осталось ~1.8 ч | диск 59.9 ГБ
2026-09-16 19:32:07 [info     ] Smart minute data check        end=datetime.datetime(2026, 9, 4, 23, 59, tzinfo=datetime.timezone.utc) expected_minutes=1440 start=datetime.datetime(2026, 9, 4, 0, 0, tzinfo=datetime.timezone.utc) symbol=CYSUSDT
2026-09-16 19:32:07 [warning  ] ⚠️  Incomplete price data, downloading missing existing=96 expected_total=1440 missing=1344 status=INCOMPLETE symbol=CYSUSDT
2026-09-16 19:32:07 [info     ] Start download coin=<Coin:  (CYSUSDT)> start_time=datetime.datetime(2026, 9, 4, 0, 0, tzinfo=datetime.timezone.utc) end_time=datetime.datetime(2026, 9, 4, 23, 59, tzinfo=datetime.timezone.utc)
2026-09-16 19:32:07 [info     ] [Bybit] Starting historical data generator for symbol='CYSUSDT', days=90
2026-09-16 19:32:07 [info     ] [Bybit] Loading data from 2026-09-04 00:00:00+00:00 to 2026-09-04 23:59:00+00:00
2026-09-16 19:32:07 [info     ] [Bybit] Yielding batch of 1000 candles for CYSUSDT
2026-09-16 19:32:08 [info     ] [Bybit] Yielding batch of 440 candles for CYSUSDT
2026-09-16 19:32:08 [info     ] [Bybit] Reached start time for CYSUSDT
2026-09-16 19:32:08 [info     ] [Bybit] Historical data generator completed for CYSUSDT
2026-09-16 19:32:08 [info     ] [Bitget] Starting historical data generator for symbol='CYSUSDT', days=90
2026-09-16 19:32:08 [info     ] [Bitget] Loading data from 2026-09-04 00:00:00+00:00 to 2026-09-04 23:59:00+00:00
2026-09-16 19:32:08 - INFO - HTTP Request: GET https://api.bitget.com/api/v2/mix/market/candles?symbol=CYSUSDT&granularity=1m&limit=1000&productType=usdt-futures&endTime=1788566340000 "HTTP/1.1 200 OK"
2026-09-16 19:32:08 [info     ] [Bitget] Yielding batch of 1000 candles for CYSUSDT
2026-09-16 19:32:09 - INFO - HTTP Request: GET https://api.bitget.com/api/v2/mix/market/candles?symbol=CYSUSDT&granularity=1m&limit=1000&productType=usdt-futures&endTime=1788506399999 "HTTP/1.1 200 OK"
2026-09-16 19:32:09 [info     ] [Bitget] Yielding batch of 440 candles for CYSUSDT
2026-09-16 19:32:09 [info     ] [Bitget] Reached start time for CYSUSDT
2026-09-16 19:32:09 [info     ] [Bitget] Historical data generator completed for CYSUSDT
2026-09-16 19:32:09 [info     ] ✅ Price data download completed successfully final_count=2976 final_result=True status=SUCCESS total_minutes=1440
[2026-09-16 19:32:09 UTC] 95/2726 | CYSUSDT 2026-09-04: +2880 свечей (прогнозов ждало 28) | всего +250560 | темп 1470 окон/ч, осталось ~1.8 ч | диск 59.9 ГБ
2026-09-16 19:32:09 [info     ] Smart minute data check        end=datetime.datetime(2026, 9, 4, 23, 59, tzinfo=datetime.timezone.utc) expected_minutes=1440 start=datetime.datetime(2026, 9, 4, 0, 0, tzinfo=datetime.timezone.utc) symbol=PROMUSDT
2026-09-16 19:32:09 [warning  ] ⚠️  Incomplete price data, downloading missing existing=96 expected_total=1440 missing=1344 status=INCOMPLETE symbol=PROMUSDT
2026-09-16 19:32:09 [info     ] Start download coin=<Coin:  (PROMUSDT)> start_time=datetime.datetime(2026, 9, 4, 0, 0, tzinfo=datetime.timezone.utc) end_time=datetime.datetime(2026, 9, 4, 23, 59, tzinfo=datetime.timezone.utc)
2026-09-16 19:32:09 [info     ] [Bybit] Starting historical data generator for symbol='PROMUSDT', days=90
2026-09-16 19:32:09 [info     ] [Bybit] Loading data from 2026-09-04 00:00:00+00:00 to 2026-09-04 23:59:00+00:00
2026-09-16 19:32:10 [info     ] [Bybit] No more data for PROMUSDT
2026-09-16 19:32:10 [info     ] [Bybit] Historical data generator completed for PROMUSDT
2026-09-16 19:32:10 [info     ] [Bitget] Starting historical data generator for symbol='PROMUSDT', days=90
2026-09-16 19:32:10 [info     ] [Bitget] Loading data from 2026-09-04 00:00:00+00:00 to 2026-09-04 23:59:00+00:00
2026-09-16 19:32:10 - INFO - HTTP Request: GET https://api.bitget.com/api/v2/mix/market/candles?symbol=PROMUSDT&granularity=1m&limit=1000&productType=usdt-futures&endTime=1788566340000 "HTTP/1.1 200 OK"
2026-09-16 19:32:10 [info     ] [Bitget] Yielding batch of 1000 candles for PROMUSDT
2026-09-16 19:32:10 - INFO - HTTP Request: GET https://api.bitget.com/api/v2/mix/market/candles?symbol=PROMUSDT&granularity=1m&limit=1000&productType=usdt-futures&endTime=1788506399999 "HTTP/1.1 200 OK"
2026-09-16 19:32:10 [info     ] [Bitget] Yielding batch of 440 candles for PROMUSDT
2026-09-16 19:32:11 [info     ] [Bitget] Reached start time for PROMUSDT
2026-09-16 19:32:11 [info     ] [Bitget] Historical data generator completed for PROMUSDT
2026-09-16 19:32:11 [info     ] ✅ Price data download completed successfully final_count=1536 final_result=True status=SUCCESS total_minutes=1440
2026-09-16 19:32:11 [info     ] Smart minute data check        end=datetime.datetime(2026, 9, 4, 23, 59, tzinfo=datetime.timezone.utc) expected_minutes=1440 start=datetime.datetime(2026, 9, 4, 0, 0, tzinfo=datetime.timezone.utc) symbol=DOGUSDT
2026-09-16 19:32:11 [warning  ] ⚠️  Incomplete price data, downloading missing existing=0 expected_total=1440 missing=1440 status=INCOMPLETE symbol=DOGUSDT
2026-09-16 19:32:11 [info     ] Start download coin=<Coin:  (DOGUSDT)> start_time=datetime.datetime(2026, 9, 4, 0, 0, tzinfo=datetime.timezone.utc) end_time=datetime.datetime(2026, 9, 4, 23, 59, tzinfo=datetime.timezone.utc)
2026-09-16 19:32:11 [info     ] [Bybit] Starting historical data generator for symbol='DOGUSDT', days=90
2026-09-16 19:32:11 [info     ] [Bybit] Loading data from 2026-09-04 00:00:00+00:00 to 2026-09-04 23:59:00+00:00
2026-09-16 19:32:11 [info     ] [Bybit] No more data for DOGUSDT
2026-09-16 19:32:11 [info     ] [Bybit] Historical data generator completed for DOGUSDT
2026-09-16 19:32:11 [info     ] [Bitget] Starting historical data generator for symbol='DOGUSDT', days=90
2026-09-16 19:32:11 [info     ] [Bitget] Loading data from 2026-09-04 00:00:00+00:00 to 2026-09-04 23:59:00+00:00
2026-09-16 19:32:11 - INFO - HTTP Request: GET https://api.bitget.com/api/v2/mix/market/candles?symbol=DOGUSDT&granularity=1m&limit=1000&productType=usdt-futures&endTime=1788566340000 "HTTP/1.1 400 Bad Request"
2026-09-16 19:32:11 [error    ] [Bitget] Failed to get historical data batch for symbol='DOGUSDT'
Traceback (most recent call last):
  File "/srv/www/services/crypto_market.py", line 404, in get_historical_candles_generator
    response = self._make_kline_request(
        symbol=symbol, limit=self.BATCH_SIZE, end_time_ms=current_end_time_ms, granularity="1m"
    )
  File "/srv/www/services/crypto_market.py", line 364, in _make_kline_request
    response.raise_for_status()
    ~~~~~~~~~~~~~~~~~~~~~~~~~^^
  File "/srv/docker-venv/lib/python3.14/site-packages/httpx/_models.py", line 829, in raise_for_status
    raise HTTPStatusError(message, request=request, response=self)
httpx.HTTPStatusError: Client error '400 Bad Request' for url 'https://api.bitget.com/api/v2/mix/market/candles?symbol=DOGUSDT&granularity=1m&limit=1000&productType=usdt-futures&endTime=1788566340000'
For more information check: https://developer.mozilla.org/en-US/docs/Web/HTTP/Status/400
2026-09-16 19:32:11 [error    ] Error download coin history interval start_time=datetime.datetime(2026, 9, 4, 0, 0, tzinfo=datetime.timezone.utc) end_time=datetime.datetime(2026, 9, 4, 23, 59, tzinfo=datetime.timezone.utc)
Traceback (most recent call last):
  File "/srv/www/services/crypto_market.py", line 404, in get_historical_candles_generator
    response = self._make_kline_request(
        symbol=symbol, limit=self.BATCH_SIZE, end_time_ms=current_end_time_ms, granularity="1m"
    )
  File "/srv/www/services/crypto_market.py", line 364, in _make_kline_request
    response.raise_for_status()
    ~~~~~~~~~~~~~~~~~~~~~~~~~^^
  File "/srv/docker-venv/lib/python3.14/site-packages/httpx/_models.py", line 829, in raise_for_status
    raise HTTPStatusError(message, request=request, response=self)
httpx.HTTPStatusError: Client error '400 Bad Request' for url 'https://api.bitget.com/api/v2/mix/market/candles?symbol=DOGUSDT&granularity=1m&limit=1000&productType=usdt-futures&endTime=1788566340000'
For more information check: https://developer.mozilla.org/en-US/docs/Web/HTTP/Status/400

The above exception was the direct cause of the following exception:

Traceback (most recent call last):
  File "/srv/www/services/price_sync.py", line 255, in ensure_minute_data_smart
    self.download_coin_history_interval(coin=coin, start_time=start_time, end_time=end_time)
    ~~~~~~~~~~~~~~~~~~~~~~~~~~~~~~~~~~~^^^^^^^^^^^^^^^^^^^^^^^^^^^^^^^^^^^^^^^^^^^^^^^^^^^^^
  File "/srv/www/services/price_sync.py", line 295, in download_coin_history_interval
    for batch_candles in client.get_historical_candles_generator(
                         ~~~~~~~~~~~~~~~~~~~~~~~~~~~~~~~~~~~~~~~^
        symbol=coin.symbol, start_time=start_time, end_time=end_time
        ^^^^^^^^^^^^^^^^^^^^^^^^^^^^^^^^^^^^^^^^^^^^^^^^^^^^^^^^^^^^
    ):
    ^
  File "/srv/www/services/crypto_market.py", line 409, in get_historical_candles_generator
    raise BitgetResponseError("Failed to get historical data batch") from exception
services.crypto_market.BitgetResponseError: Failed to get historical data batch
2026-09-16 19:32:12 [info     ] Smart minute data check        end=datetime.datetime(2026, 9, 4, 23, 59, tzinfo=datetime.timezone.utc) expected_minutes=1440 start=datetime.datetime(2026, 9, 4, 0, 0, tzinfo=datetime.timezone.utc) symbol=BTRUSDT
2026-09-16 19:32:12 [warning  ] ⚠️  Incomplete price data, downloading missing existing=113 expected_total=1440 missing=1327 status=INCOMPLETE symbol=BTRUSDT
2026-09-16 19:32:12 [info     ] Start download coin=<Coin:  (BTRUSDT)> start_time=datetime.datetime(2026, 9, 4, 0, 0, tzinfo=datetime.timezone.utc) end_time=datetime.datetime(2026, 9, 4, 23, 59, tzinfo=datetime.timezone.utc)
2026-09-16 19:32:12 [info     ] [Bybit] Starting historical data generator for symbol='BTRUSDT', days=90
2026-09-16 19:32:12 [info     ] [Bybit] Loading data from 2026-09-04 00:00:00+00:00 to 2026-09-04 23:59:00+00:00
2026-09-16 19:32:12 [info     ] [Bybit] Yielding batch of 1000 candles for BTRUSDT
2026-09-16 19:32:13 [info     ] [Bybit] Yielding batch of 440 candles for BTRUSDT
2026-09-16 19:32:13 [info     ] [Bybit] Reached start time for BTRUSDT
2026-09-16 19:32:13 [info     ] [Bybit] Historical data generator completed for BTRUSDT
2026-09-16 19:32:13 [info     ] [Bitget] Starting historical data generator for symbol='BTRUSDT', days=90
2026-09-16 19:32:13 [info     ] [Bitget] Loading data from 2026-09-04 00:00:00+00:00 to 2026-09-04 23:59:00+00:00
2026-09-16 19:32:13 - INFO - HTTP Request: GET https://api.bitget.com/api/v2/mix/market/candles?symbol=BTRUSDT&granularity=1m&limit=1000&productType=usdt-futures&endTime=1788566340000 "HTTP/1.1 400 Bad Request"
2026-09-16 19:32:13 [error    ] [Bitget] Failed to get historical data batch for symbol='BTRUSDT'
Traceback (most recent call last):
  File "/srv/www/services/crypto_market.py", line 404, in get_historical_candles_generator
    response = self._make_kline_request(
        symbol=symbol, limit=self.BATCH_SIZE, end_time_ms=current_end_time_ms, granularity="1m"
    )
  File "/srv/www/services/crypto_market.py", line 364, in _make_kline_request
    response.raise_for_status()
    ~~~~~~~~~~~~~~~~~~~~~~~~~^^
  File "/srv/docker-venv/lib/python3.14/site-packages/httpx/_models.py", line 829, in raise_for_status
    raise HTTPStatusError(message, request=request, response=self)
httpx.HTTPStatusError: Client error '400 Bad Request' for url 'https://api.bitget.com/api/v2/mix/market/candles?symbol=BTRUSDT&granularity=1m&limit=1000&productType=usdt-futures&endTime=1788566340000'
For more information check: https://developer.mozilla.org/en-US/docs/Web/HTTP/Status/400
2026-09-16 19:32:13 [error    ] Error download coin history interval start_time=datetime.datetime(2026, 9, 4, 0, 0, tzinfo=datetime.timezone.utc) end_time=datetime.datetime(2026, 9, 4, 23, 59, tzinfo=datetime.timezone.utc)
Traceback (most recent call last):
  File "/srv/www/services/crypto_market.py", line 404, in get_historical_candles_generator
    response = self._make_kline_request(
        symbol=symbol, limit=self.BATCH_SIZE, end_time_ms=current_end_time_ms, granularity="1m"
    )
  File "/srv/www/services/crypto_market.py", line 364, in _make_kline_request
    response.raise_for_status()
    ~~~~~~~~~~~~~~~~~~~~~~~~~^^
  File "/srv/docker-venv/lib/python3.14/site-packages/httpx/_models.py", line 829, in raise_for_status
    raise HTTPStatusError(message, request=request, response=self)
httpx.HTTPStatusError: Client error '400 Bad Request' for url 'https://api.bitget.com/api/v2/mix/market/candles?symbol=BTRUSDT&granularity=1m&limit=1000&productType=usdt-futures&endTime=1788566340000'
For more information check: https://developer.mozilla.org/en-US/docs/Web/HTTP/Status/400

The above exception was the direct cause of the following exception:

Traceback (most recent call last):
  File "/srv/www/services/price_sync.py", line 255, in ensure_minute_data_smart
    self.download_coin_history_interval(coin=coin, start_time=start_time, end_time=end_time)
    ~~~~~~~~~~~~~~~~~~~~~~~~~~~~~~~~~~~^^^^^^^^^^^^^^^^^^^^^^^^^^^^^^^^^^^^^^^^^^^^^^^^^^^^^
  File "/srv/www/services/price_sync.py", line 295, in download_coin_history_interval
    for batch_candles in client.get_historical_candles_generator(
                         ~~~~~~~~~~~~~~~~~~~~~~~~~~~~~~~~~~~~~~~^
        symbol=coin.symbol, start_time=start_time, end_time=end_time
        ^^^^^^^^^^^^^^^^^^^^^^^^^^^^^^^^^^^^^^^^^^^^^^^^^^^^^^^^^^^^
    ):
    ^
  File "/srv/www/services/crypto_market.py", line 409, in get_historical_candles_generator
    raise BitgetResponseError("Failed to get historical data batch") from exception
services.crypto_market.BitgetResponseError: Failed to get historical data batch
2026-09-16 19:32:14 [info     ] Smart minute data check        end=datetime.datetime(2026, 9, 4, 23, 59, tzinfo=datetime.timezone.utc) expected_minutes=1440 start=datetime.datetime(2026, 9, 4, 0, 0, tzinfo=datetime.timezone.utc) symbol=MAGMAUSDT
2026-09-16 19:32:14 [warning  ] ⚠️  Incomplete price data, downloading missing existing=123 expected_total=1440 missing=1317 status=INCOMPLETE symbol=MAGMAUSDT
2026-09-16 19:32:14 [info     ] Start download coin=<Coin:  (MAGMAUSDT)> start_time=datetime.datetime(2026, 9, 4, 0, 0, tzinfo=datetime.timezone.utc) end_time=datetime.datetime(2026, 9, 4, 23, 59, tzinfo=datetime.timezone.utc)
2026-09-16 19:32:14 [info     ] [Bybit] Starting historical data generator for symbol='MAGMAUSDT', days=90
2026-09-16 19:32:14 [info     ] [Bybit] Loading data from 2026-09-04 00:00:00+00:00 to 2026-09-04 23:59:00+00:00
2026-09-16 19:32:14 [info     ] [Bybit] Yielding batch of 1000 candles for MAGMAUSDT
2026-09-16 19:32:15 [info     ] [Bybit] Yielding batch of 440 candles for MAGMAUSDT
2026-09-16 19:32:15 [info     ] [Bybit] Reached start time for MAGMAUSDT
2026-09-16 19:32:15 [info     ] [Bybit] Historical data generator completed for MAGMAUSDT
2026-09-16 19:32:15 [info     ] [Bitget] Starting historical data generator for symbol='MAGMAUSDT', days=90
2026-09-16 19:32:15 [info     ] [Bitget] Loading data from 2026-09-04 00:00:00+00:00 to 2026-09-04 23:59:00+00:00
2026-09-16 19:32:15 - INFO - HTTP Request: GET https://api.bitget.com/api/v2/mix/market/candles?symbol=MAGMAUSDT&granularity=1m&limit=1000&productType=usdt-futures&endTime=1788566340000 "HTTP/1.1 200 OK"
2026-09-16 19:32:15 [info     ] [Bitget] Yielding batch of 1000 candles for MAGMAUSDT
2026-09-16 19:32:16 - INFO - HTTP Request: GET https://api.bitget.com/api/v2/mix/market/candles?symbol=MAGMAUSDT&granularity=1m&limit=1000&productType=usdt-futures&endTime=1788506399999 "HTTP/1.1 200 OK"
2026-09-16 19:32:16 [info     ] [Bitget] Yielding batch of 440 candles for MAGMAUSDT
2026-09-16 19:32:16 [info     ] [Bitget] Reached start time for MAGMAUSDT
2026-09-16 19:32:16 [info     ] [Bitget] Historical data generator completed for MAGMAUSDT
2026-09-16 19:32:16 [info     ] ✅ Price data download completed successfully final_count=3011 final_result=True status=SUCCESS total_minutes=1440
[2026-09-16 19:32:16 UTC] 99/2726 | MAGMAUSDT 2026-09-04: +2880 свечей (прогнозов ждало 17) | всего +256320 | темп 1487 окон/ч, осталось ~1.8 ч | диск 59.9 ГБ
2026-09-16 19:32:16 [info     ] Smart minute data check        end=datetime.datetime(2026, 9, 4, 23, 59, tzinfo=datetime.timezone.utc) expected_minutes=1440 start=datetime.datetime(2026, 9, 4, 0, 0, tzinfo=datetime.timezone.utc) symbol=ONGUSDT
2026-09-16 19:32:16 [warning  ] ⚠️  Incomplete price data, downloading missing existing=106 expected_total=1440 missing=1334 status=INCOMPLETE symbol=ONGUSDT
2026-09-16 19:32:16 [info     ] Start download coin=<Coin:  (ONGUSDT)> start_time=datetime.datetime(2026, 9, 4, 0, 0, tzinfo=datetime.timezone.utc) end_time=datetime.datetime(2026, 9, 4, 23, 59, tzinfo=datetime.timezone.utc)
2026-09-16 19:32:16 [info     ] [Bybit] Starting historical data generator for symbol='ONGUSDT', days=90
2026-09-16 19:32:16 [info     ] [Bybit] Loading data from 2026-09-04 00:00:00+00:00 to 2026-09-04 23:59:00+00:00
2026-09-16 19:32:17 [info     ] [Bybit] Yielding batch of 1000 candles for ONGUSDT
2026-09-16 19:32:17 [info     ] [Bybit] Yielding batch of 440 candles for ONGUSDT
2026-09-16 19:32:18 [info     ] [Bybit] Reached start time for ONGUSDT
2026-09-16 19:32:18 [info     ] [Bybit] Historical data generator completed for ONGUSDT
2026-09-16 19:32:18 [info     ] [Bitget] Starting historical data generator for symbol='ONGUSDT', days=90
2026-09-16 19:32:18 [info     ] [Bitget] Loading data from 2026-09-04 00:00:00+00:00 to 2026-09-04 23:59:00+00:00
2026-09-16 19:32:18 - INFO - HTTP Request: GET https://api.bitget.com/api/v2/mix/market/candles?symbol=ONGUSDT&granularity=1m&limit=1000&productType=usdt-futures&endTime=1788566340000 "HTTP/1.1 200 OK"
2026-09-16 19:32:18 [info     ] [Bitget] Yielding batch of 1000 candles for ONGUSDT
2026-09-16 19:32:18 - INFO - HTTP Request: GET https://api.bitget.com/api/v2/mix/market/candles?symbol=ONGUSDT&granularity=1m&limit=1000&productType=usdt-futures&endTime=1788506399999 "HTTP/1.1 200 OK"
2026-09-16 19:32:18 [info     ] [Bitget] Yielding batch of 440 candles for ONGUSDT
2026-09-16 19:32:18 [info     ] [Bitget] Reached start time for ONGUSDT
2026-09-16 19:32:18 [info     ] [Bitget] Historical data generator completed for ONGUSDT
2026-09-16 19:32:18 [info     ] ✅ Price data download completed successfully final_count=2993 final_result=True status=SUCCESS total_minutes=1440
[2026-09-16 19:32:18 UTC] 100/2726 | ONGUSDT 2026-09-04: +2880 свечей (прогнозов ждало 11) | всего +259200 | темп 1487 окон/ч, осталось ~1.8 ч | диск 59.9 ГБ
2026-09-16 19:32:19 [info     ] Smart minute data check        end=datetime.datetime(2026, 9, 4, 23, 59, tzinfo=datetime.timezone.utc) expected_minutes=1440 start=datetime.datetime(2026, 9, 4, 0, 0, tzinfo=datetime.timezone.utc) symbol=BEATUSDT
2026-09-16 19:32:19 [warning  ] ⚠️  Incomplete price data, downloading missing existing=98 expected_total=1440 missing=1342 status=INCOMPLETE symbol=BEATUSDT
2026-09-16 19:32:19 [info     ] Start download coin=<Coin:  (BEATUSDT)> start_time=datetime.datetime(2026, 9, 4, 0, 0, tzinfo=datetime.timezone.utc) end_time=datetime.datetime(2026, 9, 4, 23, 59, tzinfo=datetime.timezone.utc)
2026-09-16 19:32:19 [info     ] [Bybit] Starting historical data generator for symbol='BEATUSDT', days=90
2026-09-16 19:32:19 [info     ] [Bybit] Loading data from 2026-09-04 00:00:00+00:00 to 2026-09-04 23:59:00+00:00
2026-09-16 19:32:19 [info     ] [Bybit] Yielding batch of 1000 candles for BEATUSDT
2026-09-16 19:32:20 [info     ] [Bybit] Yielding batch of 440 candles for BEATUSDT
2026-09-16 19:32:20 [info     ] [Bybit] Reached start time for BEATUSDT
2026-09-16 19:32:20 [info     ] [Bybit] Historical data generator completed for BEATUSDT
2026-09-16 19:32:20 [info     ] [Bitget] Starting historical data generator for symbol='BEATUSDT', days=90
2026-09-16 19:32:20 [info     ] [Bitget] Loading data from 2026-09-04 00:00:00+00:00 to 2026-09-04 23:59:00+00:00
2026-09-16 19:32:20 - INFO - HTTP Request: GET https://api.bitget.com/api/v2/mix/market/candles?symbol=BEATUSDT&granularity=1m&limit=1000&productType=usdt-futures&endTime=1788566340000 "HTTP/1.1 200 OK"
2026-09-16 19:32:20 [info     ] [Bitget] Yielding batch of 1000 candles for BEATUSDT
2026-09-16 19:32:21 - INFO - HTTP Request: GET https://api.bitget.com/api/v2/mix/market/candles?symbol=BEATUSDT&granularity=1m&limit=1000&productType=usdt-futures&endTime=1788506399999 "HTTP/1.1 200 OK"
2026-09-16 19:32:21 [info     ] [Bitget] Yielding batch of 440 candles for BEATUSDT
2026-09-16 19:32:21 [info     ] [Bitget] Reached start time for BEATUSDT
2026-09-16 19:32:21 [info     ] [Bitget] Historical data generator completed for BEATUSDT
2026-09-16 19:32:21 [info     ] ✅ Price data download completed successfully final_count=2978 final_result=True status=SUCCESS total_minutes=1440
[2026-09-16 19:32:21 UTC] 101/2726 | BEATUSDT 2026-09-04: +2880 свечей (прогнозов ждало 3) | всего +262080 | темп 1487 окон/ч, осталось ~1.8 ч | диск 59.9 ГБ
2026-09-16 19:32:21 [info     ] Smart minute data check        end=datetime.datetime(2026, 9, 4, 23, 59, tzinfo=datetime.timezone.utc) expected_minutes=1440 start=datetime.datetime(2026, 9, 4, 0, 0, tzinfo=datetime.timezone.utc) symbol=XMRUSDT
2026-09-16 19:32:21 [warning  ] ⚠️  Incomplete price data, downloading missing existing=95 expected_total=1440 missing=1345 status=INCOMPLETE symbol=XMRUSDT
2026-09-16 19:32:21 [info     ] Start download coin=<Coin:  (XMRUSDT)> start_time=datetime.datetime(2026, 9, 4, 0, 0, tzinfo=datetime.timezone.utc) end_time=datetime.datetime(2026, 9, 4, 23, 59, tzinfo=datetime.timezone.utc)
2026-09-16 19:32:21 [info     ] [Bybit] Starting historical data generator for symbol='XMRUSDT', days=90
2026-09-16 19:32:21 [info     ] [Bybit] Loading data from 2026-09-04 00:00:00+00:00 to 2026-09-04 23:59:00+00:00
2026-09-16 19:32:21 [info     ] [Bybit] Yielding batch of 1000 candles for XMRUSDT
2026-09-16 19:32:22 [info     ] [Bybit] Yielding batch of 440 candles for XMRUSDT
2026-09-16 19:32:22 [info     ] [Bybit] Reached start time for XMRUSDT
2026-09-16 19:32:22 [info     ] [Bybit] Historical data generator completed for XMRUSDT
2026-09-16 19:32:22 [info     ] [Bitget] Starting historical data generator for symbol='XMRUSDT', days=90
2026-09-16 19:32:22 [info     ] [Bitget] Loading data from 2026-09-04 00:00:00+00:00 to 2026-09-04 23:59:00+00:00
2026-09-16 19:32:23 - INFO - HTTP Request: GET https://api.bitget.com/api/v2/mix/market/candles?symbol=XMRUSDT&granularity=1m&limit=1000&productType=usdt-futures&endTime=1788566340000 "HTTP/1.1 200 OK"
2026-09-16 19:32:23 [info     ] [Bitget] Yielding batch of 1000 candles for XMRUSDT
2026-09-16 19:32:23 - INFO - HTTP Request: GET https://api.bitget.com/api/v2/mix/market/candles?symbol=XMRUSDT&granularity=1m&limit=1000&productType=usdt-futures&endTime=1788506399999 "HTTP/1.1 200 OK"
2026-09-16 19:32:23 [info     ] [Bitget] Yielding batch of 440 candles for XMRUSDT
2026-09-16 19:32:23 [info     ] [Bitget] Reached start time for XMRUSDT
2026-09-16 19:32:23 [info     ] [Bitget] Historical data generator completed for XMRUSDT
2026-09-16 19:32:23 [info     ] ✅ Price data download completed successfully final_count=2975 final_result=True status=SUCCESS total_minutes=1440
[2026-09-16 19:32:23 UTC] 102/2726 | XMRUSDT 2026-09-04: +2880 свечей (прогнозов ждало 65) | всего +264960 | темп 1486 окон/ч, осталось ~1.8 ч | диск 59.9 ГБ
2026-09-16 19:32:24 [info     ] Smart minute data check        end=datetime.datetime(2026, 9, 4, 23, 59, tzinfo=datetime.timezone.utc) expected_minutes=1440 start=datetime.datetime(2026, 9, 4, 0, 0, tzinfo=datetime.timezone.utc) symbol=BASUSDT
2026-09-16 19:32:24 [warning  ] ⚠️  Incomplete price data, downloading missing existing=0 expected_total=1440 missing=1440 status=INCOMPLETE symbol=BASUSDT
2026-09-16 19:32:24 [info     ] Start download coin=<Coin:  (BASUSDT)> start_time=datetime.datetime(2026, 9, 4, 0, 0, tzinfo=datetime.timezone.utc) end_time=datetime.datetime(2026, 9, 4, 23, 59, tzinfo=datetime.timezone.utc)
2026-09-16 19:32:24 [info     ] [Bybit] Starting historical data generator for symbol='BASUSDT', days=90
2026-09-16 19:32:24 [info     ] [Bybit] Loading data from 2026-09-04 00:00:00+00:00 to 2026-09-04 23:59:00+00:00
2026-09-16 19:32:24 [error    ] [Bybit] Failed to get historical data batch for symbol='BASUSDT'
Traceback (most recent call last):
  File "/srv/www/services/crypto_market.py", line 179, in get_historical_candles_generator
    response = self.http_client.get_kline(
        symbol=symbol,
    ...<2 lines>...
        end=str(current_end_time_ms),  # Загружаем до этого времени
    )
  File "/srv/docker-venv/lib/python3.14/site-packages/pybit/_v5_market.py", line 33, in get_kline
    return self._submit_request(
           ~~~~~~~~~~~~~~~~~~~~^
        method="GET",
        ^^^^^^^^^^^^^
        path=f"{self.endpoint}{Market.GET_KLINE}",
        ^^^^^^^^^^^^^^^^^^^^^^^^^^^^^^^^^^^^^^^^^^
        query=kwargs,
        ^^^^^^^^^^^^^
    )
    ^
  File "/srv/docker-venv/lib/python3.14/site-packages/pybit/_http_manager.py", line 197, in _submit_request
    return self._handle_response(response, method, path, req_params, recv_window, retries_attempted)
           ~~~~~~~~~~~~~~~~~~~~~^^^^^^^^^^^^^^^^^^^^^^^^^^^^^^^^^^^^^^^^^^^^^^^^^^^^^^^^^^^^^^^^^^^^
  File "/srv/docker-venv/lib/python3.14/site-packages/pybit/_http_manager.py", line 282, in _handle_response
    raise InvalidRequestError(
    ...<5 lines>...
    )
pybit.exceptions.InvalidRequestError: params error: Symbol Is Invalid (ErrCode: 10001) (ErrTime: 19:32:24).
Request → GET https://api.bybit.com/v5/market/kline: end=1788566340000&interval=1&limit=1000&symbol=BASUSDT.
2026-09-16 19:32:24 [error    ] Error download coin history interval start_time=datetime.datetime(2026, 9, 4, 0, 0, tzinfo=datetime.timezone.utc) end_time=datetime.datetime(2026, 9, 4, 23, 59, tzinfo=datetime.timezone.utc)
Traceback (most recent call last):
  File "/srv/www/services/crypto_market.py", line 179, in get_historical_candles_generator
    response = self.http_client.get_kline(
        symbol=symbol,
    ...<2 lines>...
        end=str(current_end_time_ms),  # Загружаем до этого времени
    )
  File "/srv/docker-venv/lib/python3.14/site-packages/pybit/_v5_market.py", line 33, in get_kline
    return self._submit_request(
           ~~~~~~~~~~~~~~~~~~~~^
        method="GET",
        ^^^^^^^^^^^^^
        path=f"{self.endpoint}{Market.GET_KLINE}",
        ^^^^^^^^^^^^^^^^^^^^^^^^^^^^^^^^^^^^^^^^^^
        query=kwargs,
        ^^^^^^^^^^^^^
    )
    ^
  File "/srv/docker-venv/lib/python3.14/site-packages/pybit/_http_manager.py", line 197, in _submit_request
    return self._handle_response(response, method, path, req_params, recv_window, retries_attempted)
           ~~~~~~~~~~~~~~~~~~~~~^^^^^^^^^^^^^^^^^^^^^^^^^^^^^^^^^^^^^^^^^^^^^^^^^^^^^^^^^^^^^^^^^^^^
  File "/srv/docker-venv/lib/python3.14/site-packages/pybit/_http_manager.py", line 282, in _handle_response
    raise InvalidRequestError(
    ...<5 lines>...
    )
pybit.exceptions.InvalidRequestError: params error: Symbol Is Invalid (ErrCode: 10001) (ErrTime: 19:32:24).
Request → GET https://api.bybit.com/v5/market/kline: end=1788566340000&interval=1&limit=1000&symbol=BASUSDT.

The above exception was the direct cause of the following exception:

Traceback (most recent call last):
  File "/srv/www/services/price_sync.py", line 255, in ensure_minute_data_smart
    self.download_coin_history_interval(coin=coin, start_time=start_time, end_time=end_time)
    ~~~~~~~~~~~~~~~~~~~~~~~~~~~~~~~~~~~^^^^^^^^^^^^^^^^^^^^^^^^^^^^^^^^^^^^^^^^^^^^^^^^^^^^^
  File "/srv/www/services/price_sync.py", line 295, in download_coin_history_interval
    for batch_candles in client.get_historical_candles_generator(
                         ~~~~~~~~~~~~~~~~~~~~~~~~~~~~~~~~~~~~~~~^
        symbol=coin.symbol, start_time=start_time, end_time=end_time
        ^^^^^^^^^^^^^^^^^^^^^^^^^^^^^^^^^^^^^^^^^^^^^^^^^^^^^^^^^^^^
    ):
    ^
  File "/srv/www/services/crypto_market.py", line 187, in get_historical_candles_generator
    raise BybitResponseError("Failed to get historical data batch") from exception
services.crypto_market.BybitResponseError: Failed to get historical data batch
2026-09-16 19:32:24 [info     ] Smart minute data check        end=datetime.datetime(2026, 9, 4, 23, 59, tzinfo=datetime.timezone.utc) expected_minutes=1440 start=datetime.datetime(2026, 9, 4, 0, 0, tzinfo=datetime.timezone.utc) symbol=4USDT
2026-09-16 19:32:24 [warning  ] ⚠️  Incomplete price data, downloading missing existing=95 expected_total=1440 missing=1345 status=INCOMPLETE symbol=4USDT
2026-09-16 19:32:24 [info     ] Start download coin=<Coin:  (4USDT)> start_time=datetime.datetime(2026, 9, 4, 0, 0, tzinfo=datetime.timezone.utc) end_time=datetime.datetime(2026, 9, 4, 23, 59, tzinfo=datetime.timezone.utc)
2026-09-16 19:32:24 [info     ] [Bybit] Starting historical data generator for symbol='4USDT', days=90
2026-09-16 19:32:24 [info     ] [Bybit] Loading data from 2026-09-04 00:00:00+00:00 to 2026-09-04 23:59:00+00:00
2026-09-16 19:32:25 [info     ] [Bybit] Yielding batch of 1000 candles for 4USDT
2026-09-16 19:32:26 [info     ] [Bybit] Yielding batch of 440 candles for 4USDT
2026-09-16 19:32:26 [info     ] [Bybit] Reached start time for 4USDT
2026-09-16 19:32:26 [info     ] [Bybit] Historical data generator completed for 4USDT
2026-09-16 19:32:26 [info     ] [Bitget] Starting historical data generator for symbol='4USDT', days=90
2026-09-16 19:32:26 [info     ] [Bitget] Loading data from 2026-09-04 00:00:00+00:00 to 2026-09-04 23:59:00+00:00
2026-09-16 19:32:26 - INFO - HTTP Request: GET https://api.bitget.com/api/v2/mix/market/candles?symbol=4USDT&granularity=1m&limit=1000&productType=usdt-futures&endTime=1788566340000 "HTTP/1.1 400 Bad Request"
2026-09-16 19:32:26 [error    ] [Bitget] Failed to get historical data batch for symbol='4USDT'
Traceback (most recent call last):
  File "/srv/www/services/crypto_market.py", line 404, in get_historical_candles_generator
    response = self._make_kline_request(
        symbol=symbol, limit=self.BATCH_SIZE, end_time_ms=current_end_time_ms, granularity="1m"
    )
  File "/srv/www/services/crypto_market.py", line 364, in _make_kline_request
    response.raise_for_status()
    ~~~~~~~~~~~~~~~~~~~~~~~~~^^
  File "/srv/docker-venv/lib/python3.14/site-packages/httpx/_models.py", line 829, in raise_for_status
    raise HTTPStatusError(message, request=request, response=self)
httpx.HTTPStatusError: Client error '400 Bad Request' for url 'https://api.bitget.com/api/v2/mix/market/candles?symbol=4USDT&granularity=1m&limit=1000&productType=usdt-futures&endTime=1788566340000'
For more information check: https://developer.mozilla.org/en-US/docs/Web/HTTP/Status/400
2026-09-16 19:32:26 [error    ] Error download coin history interval start_time=datetime.datetime(2026, 9, 4, 0, 0, tzinfo=datetime.timezone.utc) end_time=datetime.datetime(2026, 9, 4, 23, 59, tzinfo=datetime.timezone.utc)
Traceback (most recent call last):
  File "/srv/www/services/crypto_market.py", line 404, in get_historical_candles_generator
    response = self._make_kline_request(
        symbol=symbol, limit=self.BATCH_SIZE, end_time_ms=current_end_time_ms, granularity="1m"
    )
  File "/srv/www/services/crypto_market.py", line 364, in _make_kline_request
    response.raise_for_status()
    ~~~~~~~~~~~~~~~~~~~~~~~~~^^
  File "/srv/docker-venv/lib/python3.14/site-packages/httpx/_models.py", line 829, in raise_for_status
    raise HTTPStatusError(message, request=request, response=self)
httpx.HTTPStatusError: Client error '400 Bad Request' for url 'https://api.bitget.com/api/v2/mix/market/candles?symbol=4USDT&granularity=1m&limit=1000&productType=usdt-futures&endTime=1788566340000'
For more information check: https://developer.mozilla.org/en-US/docs/Web/HTTP/Status/400

The above exception was the direct cause of the following exception:

Traceback (most recent call last):
  File "/srv/www/services/price_sync.py", line 255, in ensure_minute_data_smart
    self.download_coin_history_interval(coin=coin, start_time=start_time, end_time=end_time)
    ~~~~~~~~~~~~~~~~~~~~~~~~~~~~~~~~~~~^^^^^^^^^^^^^^^^^^^^^^^^^^^^^^^^^^^^^^^^^^^^^^^^^^^^^
  File "/srv/www/services/price_sync.py", line 295, in download_coin_history_interval
    for batch_candles in client.get_historical_candles_generator(
                         ~~~~~~~~~~~~~~~~~~~~~~~~~~~~~~~~~~~~~~~^
        symbol=coin.symbol, start_time=start_time, end_time=end_time
        ^^^^^^^^^^^^^^^^^^^^^^^^^^^^^^^^^^^^^^^^^^^^^^^^^^^^^^^^^^^^
    ):
    ^
  File "/srv/www/services/crypto_market.py", line 409, in get_historical_candles_generator
    raise BitgetResponseError("Failed to get historical data batch") from exception
services.crypto_market.BitgetResponseError: Failed to get historical data batch
2026-09-16 19:32:26 [info     ] Smart minute data check        end=datetime.datetime(2026, 9, 4, 23, 59, tzinfo=datetime.timezone.utc) expected_minutes=1440 start=datetime.datetime(2026, 9, 4, 0, 0, tzinfo=datetime.timezone.utc) symbol=XVGUSDT
2026-09-16 19:32:26 [warning  ] ⚠️  Incomplete price data, downloading missing existing=95 expected_total=1440 missing=1345 status=INCOMPLETE symbol=XVGUSDT
2026-09-16 19:32:26 [info     ] Start download coin=<Coin:  (XVGUSDT)> start_time=datetime.datetime(2026, 9, 4, 0, 0, tzinfo=datetime.timezone.utc) end_time=datetime.datetime(2026, 9, 4, 23, 59, tzinfo=datetime.timezone.utc)
2026-09-16 19:32:26 [info     ] [Bybit] Starting historical data generator for symbol='XVGUSDT', days=90
2026-09-16 19:32:26 [info     ] [Bybit] Loading data from 2026-09-04 00:00:00+00:00 to 2026-09-04 23:59:00+00:00
2026-09-16 19:32:27 [info     ] [Bybit] Yielding batch of 1000 candles for XVGUSDT
2026-09-16 19:32:28 [info     ] [Bybit] Yielding batch of 440 candles for XVGUSDT
2026-09-16 19:32:28 [info     ] [Bybit] Reached start time for XVGUSDT
2026-09-16 19:32:28 [info     ] [Bybit] Historical data generator completed for XVGUSDT
2026-09-16 19:32:28 [info     ] [Bitget] Starting historical data generator for symbol='XVGUSDT', days=90
2026-09-16 19:32:28 [info     ] [Bitget] Loading data from 2026-09-04 00:00:00+00:00 to 2026-09-04 23:59:00+00:00
2026-09-16 19:32:28 - INFO - HTTP Request: GET https://api.bitget.com/api/v2/mix/market/candles?symbol=XVGUSDT&granularity=1m&limit=1000&productType=usdt-futures&endTime=1788566340000 "HTTP/1.1 200 OK"
2026-09-16 19:32:28 [info     ] [Bitget] Yielding batch of 1000 candles for XVGUSDT
2026-09-16 19:32:28 - INFO - HTTP Request: GET https://api.bitget.com/api/v2/mix/market/candles?symbol=XVGUSDT&granularity=1m&limit=1000&productType=usdt-futures&endTime=1788506399999 "HTTP/1.1 200 OK"
2026-09-16 19:32:28 [info     ] [Bitget] Yielding batch of 440 candles for XVGUSDT
2026-09-16 19:32:28 [info     ] [Bitget] Reached start time for XVGUSDT
2026-09-16 19:32:28 [info     ] [Bitget] Historical data generator completed for XVGUSDT
2026-09-16 19:32:28 [info     ] ✅ Price data download completed successfully final_count=2975 final_result=True status=SUCCESS total_minutes=1440
[2026-09-16 19:32:28 UTC] 105/2726 | XVGUSDT 2026-09-04: +2880 свечей (прогнозов ждало 1) | всего +269280 | темп 1499 окон/ч, осталось ~1.7 ч | диск 59.9 ГБ
2026-09-16 19:32:29 [info     ] Smart minute data check        end=datetime.datetime(2026, 9, 4, 23, 59, tzinfo=datetime.timezone.utc) expected_minutes=1440 start=datetime.datetime(2026, 9, 4, 0, 0, tzinfo=datetime.timezone.utc) symbol=TSTUSDT
2026-09-16 19:32:29 [warning  ] ⚠️  Incomplete price data, downloading missing existing=0 expected_total=1440 missing=1440 status=INCOMPLETE symbol=TSTUSDT
2026-09-16 19:32:29 [info     ] Start download coin=<Coin:  (TSTUSDT)> start_time=datetime.datetime(2026, 9, 4, 0, 0, tzinfo=datetime.timezone.utc) end_time=datetime.datetime(2026, 9, 4, 23, 59, tzinfo=datetime.timezone.utc)
2026-09-16 19:32:29 [info     ] [Bybit] Starting historical data generator for symbol='TSTUSDT', days=90
2026-09-16 19:32:29 [info     ] [Bybit] Loading data from 2026-09-04 00:00:00+00:00 to 2026-09-04 23:59:00+00:00
2026-09-16 19:32:29 [error    ] [Bybit] Failed to get historical data batch for symbol='TSTUSDT'
Traceback (most recent call last):
  File "/srv/www/services/crypto_market.py", line 179, in get_historical_candles_generator
    response = self.http_client.get_kline(
        symbol=symbol,
    ...<2 lines>...
        end=str(current_end_time_ms),  # Загружаем до этого времени
    )
  File "/srv/docker-venv/lib/python3.14/site-packages/pybit/_v5_market.py", line 33, in get_kline
    return self._submit_request(
           ~~~~~~~~~~~~~~~~~~~~^
        method="GET",
        ^^^^^^^^^^^^^
        path=f"{self.endpoint}{Market.GET_KLINE}",
        ^^^^^^^^^^^^^^^^^^^^^^^^^^^^^^^^^^^^^^^^^^
        query=kwargs,
        ^^^^^^^^^^^^^
    )
    ^
  File "/srv/docker-venv/lib/python3.14/site-packages/pybit/_http_manager.py", line 197, in _submit_request
    return self._handle_response(response, method, path, req_params, recv_window, retries_attempted)
           ~~~~~~~~~~~~~~~~~~~~~^^^^^^^^^^^^^^^^^^^^^^^^^^^^^^^^^^^^^^^^^^^^^^^^^^^^^^^^^^^^^^^^^^^^
  File "/srv/docker-venv/lib/python3.14/site-packages/pybit/_http_manager.py", line 282, in _handle_response
    raise InvalidRequestError(
    ...<5 lines>...
    )
pybit.exceptions.InvalidRequestError: params error: Symbol Is Invalid (ErrCode: 10001) (ErrTime: 19:32:29).
Request → GET https://api.bybit.com/v5/market/kline: end=1788566340000&interval=1&limit=1000&symbol=TSTUSDT.
2026-09-16 19:32:29 [error    ] Error download coin history interval start_time=datetime.datetime(2026, 9, 4, 0, 0, tzinfo=datetime.timezone.utc) end_time=datetime.datetime(2026, 9, 4, 23, 59, tzinfo=datetime.timezone.utc)
Traceback (most recent call last):
  File "/srv/www/services/crypto_market.py", line 179, in get_historical_candles_generator
    response = self.http_client.get_kline(
        symbol=symbol,
    ...<2 lines>...
        end=str(current_end_time_ms),  # Загружаем до этого времени
    )
  File "/srv/docker-venv/lib/python3.14/site-packages/pybit/_v5_market.py", line 33, in get_kline
    return self._submit_request(
           ~~~~~~~~~~~~~~~~~~~~^
        method="GET",
        ^^^^^^^^^^^^^
        path=f"{self.endpoint}{Market.GET_KLINE}",
        ^^^^^^^^^^^^^^^^^^^^^^^^^^^^^^^^^^^^^^^^^^
        query=kwargs,
        ^^^^^^^^^^^^^
    )
    ^
  File "/srv/docker-venv/lib/python3.14/site-packages/pybit/_http_manager.py", line 197, in _submit_request
    return self._handle_response(response, method, path, req_params, recv_window, retries_attempted)
           ~~~~~~~~~~~~~~~~~~~~~^^^^^^^^^^^^^^^^^^^^^^^^^^^^^^^^^^^^^^^^^^^^^^^^^^^^^^^^^^^^^^^^^^^^
  File "/srv/docker-venv/lib/python3.14/site-packages/pybit/_http_manager.py", line 282, in _handle_response
    raise InvalidRequestError(
    ...<5 lines>...
    )
pybit.exceptions.InvalidRequestError: params error: Symbol Is Invalid (ErrCode: 10001) (ErrTime: 19:32:29).
Request → GET https://api.bybit.com/v5/market/kline: end=1788566340000&interval=1&limit=1000&symbol=TSTUSDT.

The above exception was the direct cause of the following exception:

Traceback (most recent call last):
  File "/srv/www/services/price_sync.py", line 255, in ensure_minute_data_smart
    self.download_coin_history_interval(coin=coin, start_time=start_time, end_time=end_time)
    ~~~~~~~~~~~~~~~~~~~~~~~~~~~~~~~~~~~^^^^^^^^^^^^^^^^^^^^^^^^^^^^^^^^^^^^^^^^^^^^^^^^^^^^^
  File "/srv/www/services/price_sync.py", line 295, in download_coin_history_interval
    for batch_candles in client.get_historical_candles_generator(
                         ~~~~~~~~~~~~~~~~~~~~~~~~~~~~~~~~~~~~~~~^
        symbol=coin.symbol, start_time=start_time, end_time=end_time
        ^^^^^^^^^^^^^^^^^^^^^^^^^^^^^^^^^^^^^^^^^^^^^^^^^^^^^^^^^^^^
    ):
    ^
  File "/srv/www/services/crypto_market.py", line 187, in get_historical_candles_generator
    raise BybitResponseError("Failed to get historical data batch") from exception
services.crypto_market.BybitResponseError: Failed to get historical data batch
2026-09-16 19:32:29 [info     ] Smart minute data check        end=datetime.datetime(2026, 9, 4, 23, 59, tzinfo=datetime.timezone.utc) expected_minutes=1440 start=datetime.datetime(2026, 9, 4, 0, 0, tzinfo=datetime.timezone.utc) symbol=DASHUSDT
2026-09-16 19:32:29 [warning  ] ⚠️  Incomplete price data, downloading missing existing=102 expected_total=1440 missing=1338 status=INCOMPLETE symbol=DASHUSDT
2026-09-16 19:32:29 [info     ] Start download coin=<Coin:  (DASHUSDT)> start_time=datetime.datetime(2026, 9, 4, 0, 0, tzinfo=datetime.timezone.utc) end_time=datetime.datetime(2026, 9, 4, 23, 59, tzinfo=datetime.timezone.utc)
2026-09-16 19:32:29 [info     ] [Bybit] Starting historical data generator for symbol='DASHUSDT', days=90
2026-09-16 19:32:29 [info     ] [Bybit] Loading data from 2026-09-04 00:00:00+00:00 to 2026-09-04 23:59:00+00:00
2026-09-16 19:32:30 [info     ] [Bybit] Yielding batch of 1000 candles for DASHUSDT
2026-09-16 19:32:31 [info     ] [Bybit] Yielding batch of 440 candles for DASHUSDT
2026-09-16 19:32:31 [info     ] [Bybit] Reached start time for DASHUSDT
2026-09-16 19:32:31 [info     ] [Bybit] Historical data generator completed for DASHUSDT
2026-09-16 19:32:31 [info     ] [Bitget] Starting historical data generator for symbol='DASHUSDT', days=90
2026-09-16 19:32:31 [info     ] [Bitget] Loading data from 2026-09-04 00:00:00+00:00 to 2026-09-04 23:59:00+00:00
2026-09-16 19:32:31 - INFO - HTTP Request: GET https://api.bitget.com/api/v2/mix/market/candles?symbol=DASHUSDT&granularity=1m&limit=1000&productType=usdt-futures&endTime=1788566340000 "HTTP/1.1 200 OK"
2026-09-16 19:32:31 [info     ] [Bitget] Yielding batch of 1000 candles for DASHUSDT
2026-09-16 19:32:32 - INFO - HTTP Request: GET https://api.bitget.com/api/v2/mix/market/candles?symbol=DASHUSDT&granularity=1m&limit=1000&productType=usdt-futures&endTime=1788506399999 "HTTP/1.1 200 OK"
2026-09-16 19:32:32 [info     ] [Bitget] Yielding batch of 440 candles for DASHUSDT
2026-09-16 19:32:32 [info     ] [Bitget] Reached start time for DASHUSDT
2026-09-16 19:32:32 [info     ] [Bitget] Historical data generator completed for DASHUSDT
2026-09-16 19:32:32 [info     ] ✅ Price data download completed successfully final_count=2989 final_result=True status=SUCCESS total_minutes=1440
[2026-09-16 19:32:32 UTC] 107/2726 | DASHUSDT 2026-09-04: +2880 свечей (прогнозов ждало 151) | всего +272160 | темп 1507 окон/ч, осталось ~1.7 ч | диск 59.9 ГБ
2026-09-16 19:32:32 [info     ] Smart minute data check        end=datetime.datetime(2026, 9, 4, 23, 59, tzinfo=datetime.timezone.utc) expected_minutes=1440 start=datetime.datetime(2026, 9, 4, 0, 0, tzinfo=datetime.timezone.utc) symbol=CLOUSDT
2026-09-16 19:32:32 [warning  ] ⚠️  Incomplete price data, downloading missing existing=95 expected_total=1440 missing=1345 status=INCOMPLETE symbol=CLOUSDT
2026-09-16 19:32:32 [info     ] Start download coin=<Coin:  (CLOUSDT)> start_time=datetime.datetime(2026, 9, 4, 0, 0, tzinfo=datetime.timezone.utc) end_time=datetime.datetime(2026, 9, 4, 23, 59, tzinfo=datetime.timezone.utc)
2026-09-16 19:32:32 [info     ] [Bybit] Starting historical data generator for symbol='CLOUSDT', days=90
2026-09-16 19:32:32 [info     ] [Bybit] Loading data from 2026-09-04 00:00:00+00:00 to 2026-09-04 23:59:00+00:00
2026-09-16 19:32:33 [info     ] [Bybit] Yielding batch of 1000 candles for CLOUSDT
2026-09-16 19:32:34 [info     ] [Bybit] Yielding batch of 440 candles for CLOUSDT
2026-09-16 19:32:34 [info     ] [Bybit] Reached start time for CLOUSDT
2026-09-16 19:32:34 [info     ] [Bybit] Historical data generator completed for CLOUSDT
2026-09-16 19:32:34 [info     ] [Bitget] Starting historical data generator for symbol='CLOUSDT', days=90
2026-09-16 19:32:34 [info     ] [Bitget] Loading data from 2026-09-04 00:00:00+00:00 to 2026-09-04 23:59:00+00:00
2026-09-16 19:32:34 - INFO - HTTP Request: GET https://api.bitget.com/api/v2/mix/market/candles?symbol=CLOUSDT&granularity=1m&limit=1000&productType=usdt-futures&endTime=1788566340000 "HTTP/1.1 400 Bad Request"
2026-09-16 19:32:34 [error    ] [Bitget] Failed to get historical data batch for symbol='CLOUSDT'
Traceback (most recent call last):
  File "/srv/www/services/crypto_market.py", line 404, in get_historical_candles_generator
    response = self._make_kline_request(
        symbol=symbol, limit=self.BATCH_SIZE, end_time_ms=current_end_time_ms, granularity="1m"
    )
  File "/srv/www/services/crypto_market.py", line 364, in _make_kline_request
    response.raise_for_status()
    ~~~~~~~~~~~~~~~~~~~~~~~~~^^
  File "/srv/docker-venv/lib/python3.14/site-packages/httpx/_models.py", line 829, in raise_for_status
    raise HTTPStatusError(message, request=request, response=self)
httpx.HTTPStatusError: Client error '400 Bad Request' for url 'https://api.bitget.com/api/v2/mix/market/candles?symbol=CLOUSDT&granularity=1m&limit=1000&productType=usdt-futures&endTime=1788566340000'
For more information check: https://developer.mozilla.org/en-US/docs/Web/HTTP/Status/400
2026-09-16 19:32:34 [error    ] Error download coin history interval start_time=datetime.datetime(2026, 9, 4, 0, 0, tzinfo=datetime.timezone.utc) end_time=datetime.datetime(2026, 9, 4, 23, 59, tzinfo=datetime.timezone.utc)
Traceback (most recent call last):
  File "/srv/www/services/crypto_market.py", line 404, in get_historical_candles_generator
    response = self._make_kline_request(
        symbol=symbol, limit=self.BATCH_SIZE, end_time_ms=current_end_time_ms, granularity="1m"
    )
  File "/srv/www/services/crypto_market.py", line 364, in _make_kline_request
    response.raise_for_status()
    ~~~~~~~~~~~~~~~~~~~~~~~~~^^
  File "/srv/docker-venv/lib/python3.14/site-packages/httpx/_models.py", line 829, in raise_for_status
    raise HTTPStatusError(message, request=request, response=self)
httpx.HTTPStatusError: Client error '400 Bad Request' for url 'https://api.bitget.com/api/v2/mix/market/candles?symbol=CLOUSDT&granularity=1m&limit=1000&productType=usdt-futures&endTime=1788566340000'
For more information check: https://developer.mozilla.org/en-US/docs/Web/HTTP/Status/400

The above exception was the direct cause of the following exception:

Traceback (most recent call last):
  File "/srv/www/services/price_sync.py", line 255, in ensure_minute_data_smart
    self.download_coin_history_interval(coin=coin, start_time=start_time, end_time=end_time)
    ~~~~~~~~~~~~~~~~~~~~~~~~~~~~~~~~~~~^^^^^^^^^^^^^^^^^^^^^^^^^^^^^^^^^^^^^^^^^^^^^^^^^^^^^
  File "/srv/www/services/price_sync.py", line 295, in download_coin_history_interval
    for batch_candles in client.get_historical_candles_generator(
                         ~~~~~~~~~~~~~~~~~~~~~~~~~~~~~~~~~~~~~~~^
        symbol=coin.symbol, start_time=start_time, end_time=end_time
        ^^^^^^^^^^^^^^^^^^^^^^^^^^^^^^^^^^^^^^^^^^^^^^^^^^^^^^^^^^^^
    ):
    ^
  File "/srv/www/services/crypto_market.py", line 409, in get_historical_candles_generator
    raise BitgetResponseError("Failed to get historical data batch") from exception
services.crypto_market.BitgetResponseError: Failed to get historical data batch
2026-09-16 19:32:34 [info     ] Smart minute data check        end=datetime.datetime(2026, 9, 4, 23, 59, tzinfo=datetime.timezone.utc) expected_minutes=1440 start=datetime.datetime(2026, 9, 4, 0, 0, tzinfo=datetime.timezone.utc) symbol=GRIFFAINUSDT
2026-09-16 19:32:34 [warning  ] ⚠️  Incomplete price data, downloading missing existing=95 expected_total=1440 missing=1345 status=INCOMPLETE symbol=GRIFFAINUSDT
2026-09-16 19:32:34 [info     ] Start download coin=<Coin:  (GRIFFAINUSDT)> start_time=datetime.datetime(2026, 9, 4, 0, 0, tzinfo=datetime.timezone.utc) end_time=datetime.datetime(2026, 9, 4, 23, 59, tzinfo=datetime.timezone.utc)
2026-09-16 19:32:34 [info     ] [Bybit] Starting historical data generator for symbol='GRIFFAINUSDT', days=90
2026-09-16 19:32:34 [info     ] [Bybit] Loading data from 2026-09-04 00:00:00+00:00 to 2026-09-04 23:59:00+00:00
2026-09-16 19:32:34 [info     ] [Bybit] Yielding batch of 1000 candles for GRIFFAINUSDT
2026-09-16 19:32:35 [info     ] [Bybit] Yielding batch of 440 candles for GRIFFAINUSDT
2026-09-16 19:32:35 [info     ] [Bybit] Reached start time for GRIFFAINUSDT
2026-09-16 19:32:35 [info     ] [Bybit] Historical data generator completed for GRIFFAINUSDT
2026-09-16 19:32:35 [info     ] [Bitget] Starting historical data generator for symbol='GRIFFAINUSDT', days=90
2026-09-16 19:32:35 [info     ] [Bitget] Loading data from 2026-09-04 00:00:00+00:00 to 2026-09-04 23:59:00+00:00
2026-09-16 19:32:36 - INFO - HTTP Request: GET https://api.bitget.com/api/v2/mix/market/candles?symbol=GRIFFAINUSDT&granularity=1m&limit=1000&productType=usdt-futures&endTime=1788566340000 "HTTP/1.1 200 OK"
2026-09-16 19:32:36 [info     ] [Bitget] Yielding batch of 1000 candles for GRIFFAINUSDT
2026-09-16 19:32:36 - INFO - HTTP Request: GET https://api.bitget.com/api/v2/mix/market/candles?symbol=GRIFFAINUSDT&granularity=1m&limit=1000&productType=usdt-futures&endTime=1788506399999 "HTTP/1.1 200 OK"
2026-09-16 19:32:36 [info     ] [Bitget] Yielding batch of 440 candles for GRIFFAINUSDT
2026-09-16 19:32:36 [info     ] [Bitget] Reached start time for GRIFFAINUSDT
2026-09-16 19:32:36 [info     ] [Bitget] Historical data generator completed for GRIFFAINUSDT
2026-09-16 19:32:36 [info     ] ✅ Price data download completed successfully final_count=2975 final_result=True status=SUCCESS total_minutes=1440
[2026-09-16 19:32:36 UTC] 109/2726 | GRIFFAINUSDT 2026-09-04: +2880 свечей (прогнозов ждало 12) | всего +276480 | темп 1510 окон/ч, осталось ~1.7 ч | диск 59.9 ГБ
2026-09-16 19:32:37 [info     ] Smart minute data check        end=datetime.datetime(2026, 9, 4, 23, 59, tzinfo=datetime.timezone.utc) expected_minutes=1440 start=datetime.datetime(2026, 9, 4, 0, 0, tzinfo=datetime.timezone.utc) symbol=USELESSUSDT
2026-09-16 19:32:37 [warning  ] ⚠️  Incomplete price data, downloading missing existing=98 expected_total=1440 missing=1342 status=INCOMPLETE symbol=USELESSUSDT
2026-09-16 19:32:37 [info     ] Start download coin=<Coin:  (USELESSUSDT)> start_time=datetime.datetime(2026, 9, 4, 0, 0, tzinfo=datetime.timezone.utc) end_time=datetime.datetime(2026, 9, 4, 23, 59, tzinfo=datetime.timezone.utc)
2026-09-16 19:32:37 [info     ] [Bybit] Starting historical data generator for symbol='USELESSUSDT', days=90
2026-09-16 19:32:37 [info     ] [Bybit] Loading data from 2026-09-04 00:00:00+00:00 to 2026-09-04 23:59:00+00:00
2026-09-16 19:32:37 [info     ] [Bybit] Yielding batch of 1000 candles for USELESSUSDT
2026-09-16 19:32:38 [info     ] [Bybit] Yielding batch of 440 candles for USELESSUSDT
2026-09-16 19:32:38 [info     ] [Bybit] Reached start time for USELESSUSDT
2026-09-16 19:32:38 [info     ] [Bybit] Historical data generator completed for USELESSUSDT
2026-09-16 19:32:38 [info     ] [Bitget] Starting historical data generator for symbol='USELESSUSDT', days=90
2026-09-16 19:32:38 [info     ] [Bitget] Loading data from 2026-09-04 00:00:00+00:00 to 2026-09-04 23:59:00+00:00
2026-09-16 19:32:38 - INFO - HTTP Request: GET https://api.bitget.com/api/v2/mix/market/candles?symbol=USELESSUSDT&granularity=1m&limit=1000&productType=usdt-futures&endTime=1788566340000 "HTTP/1.1 200 OK"
2026-09-16 19:32:38 [info     ] [Bitget] Yielding batch of 1000 candles for USELESSUSDT
2026-09-16 19:32:39 - INFO - HTTP Request: GET https://api.bitget.com/api/v2/mix/market/candles?symbol=USELESSUSDT&granularity=1m&limit=1000&productType=usdt-futures&endTime=1788506399999 "HTTP/1.1 200 OK"
2026-09-16 19:32:39 [info     ] [Bitget] Yielding batch of 440 candles for USELESSUSDT
2026-09-16 19:32:39 [info     ] [Bitget] Reached start time for USELESSUSDT
2026-09-16 19:32:39 [info     ] [Bitget] Historical data generator completed for USELESSUSDT
2026-09-16 19:32:39 [info     ] ✅ Price data download completed successfully final_count=2979 final_result=True status=SUCCESS total_minutes=1440
[2026-09-16 19:32:39 UTC] 110/2726 | USELESSUSDT 2026-09-04: +2880 свечей (прогнозов ждало 10) | всего +279360 | темп 1509 окон/ч, осталось ~1.7 ч | диск 59.9 ГБ
2026-09-16 19:32:39 [info     ] Smart minute data check        end=datetime.datetime(2026, 9, 4, 23, 59, tzinfo=datetime.timezone.utc) expected_minutes=1440 start=datetime.datetime(2026, 9, 4, 0, 0, tzinfo=datetime.timezone.utc) symbol=MUBARAKUSDT
2026-09-16 19:32:39 [warning  ] ⚠️  Incomplete price data, downloading missing existing=95 expected_total=1440 missing=1345 status=INCOMPLETE symbol=MUBARAKUSDT
2026-09-16 19:32:39 [info     ] Start download coin=<Coin:  (MUBARAKUSDT)> start_time=datetime.datetime(2026, 9, 4, 0, 0, tzinfo=datetime.timezone.utc) end_time=datetime.datetime(2026, 9, 4, 23, 59, tzinfo=datetime.timezone.utc)
2026-09-16 19:32:39 [info     ] [Bybit] Starting historical data generator for symbol='MUBARAKUSDT', days=90
2026-09-16 19:32:39 [info     ] [Bybit] Loading data from 2026-09-04 00:00:00+00:00 to 2026-09-04 23:59:00+00:00
2026-09-16 19:32:40 [info     ] [Bybit] Yielding batch of 1000 candles for MUBARAKUSDT
2026-09-16 19:32:41 [info     ] [Bybit] Yielding batch of 440 candles for MUBARAKUSDT
2026-09-16 19:32:41 [info     ] [Bybit] Reached start time for MUBARAKUSDT
2026-09-16 19:32:41 [info     ] [Bybit] Historical data generator completed for MUBARAKUSDT
2026-09-16 19:32:41 [info     ] [Bitget] Starting historical data generator for symbol='MUBARAKUSDT', days=90
2026-09-16 19:32:41 [info     ] [Bitget] Loading data from 2026-09-04 00:00:00+00:00 to 2026-09-04 23:59:00+00:00
2026-09-16 19:32:41 - INFO - HTTP Request: GET https://api.bitget.com/api/v2/mix/market/candles?symbol=MUBARAKUSDT&granularity=1m&limit=1000&productType=usdt-futures&endTime=1788566340000 "HTTP/1.1 200 OK"
2026-09-16 19:32:41 [info     ] [Bitget] Yielding batch of 1000 candles for MUBARAKUSDT
2026-09-16 19:32:41 - INFO - HTTP Request: GET https://api.bitget.com/api/v2/mix/market/candles?symbol=MUBARAKUSDT&granularity=1m&limit=1000&productType=usdt-futures&endTime=1788506399999 "HTTP/1.1 200 OK"
2026-09-16 19:32:41 [info     ] [Bitget] Yielding batch of 440 candles for MUBARAKUSDT
2026-09-16 19:32:42 [info     ] [Bitget] Reached start time for MUBARAKUSDT
2026-09-16 19:32:42 [info     ] [Bitget] Historical data generator completed for MUBARAKUSDT
2026-09-16 19:32:42 [info     ] ✅ Price data download completed successfully final_count=2975 final_result=True status=SUCCESS total_minutes=1440
[2026-09-16 19:32:42 UTC] 111/2726 | MUBARAKUSDT 2026-09-04: +2880 свечей (прогнозов ждало 7) | всего +282240 | темп 1506 окон/ч, осталось ~1.7 ч | диск 59.9 ГБ
2026-09-16 19:32:42 [info     ] Smart minute data check        end=datetime.datetime(2026, 9, 4, 23, 59, tzinfo=datetime.timezone.utc) expected_minutes=1440 start=datetime.datetime(2026, 9, 4, 0, 0, tzinfo=datetime.timezone.utc) symbol=DEXEUSDT
2026-09-16 19:32:42 [warning  ] ⚠️  Incomplete price data, downloading missing existing=95 expected_total=1440 missing=1345 status=INCOMPLETE symbol=DEXEUSDT
2026-09-16 19:32:42 [info     ] Start download coin=<Coin:  (DEXEUSDT)> start_time=datetime.datetime(2026, 9, 4, 0, 0, tzinfo=datetime.timezone.utc) end_time=datetime.datetime(2026, 9, 4, 23, 59, tzinfo=datetime.timezone.utc)
2026-09-16 19:32:42 [info     ] [Bybit] Starting historical data generator for symbol='DEXEUSDT', days=90
2026-09-16 19:32:42 [info     ] [Bybit] Loading data from 2026-09-04 00:00:00+00:00 to 2026-09-04 23:59:00+00:00
2026-09-16 19:32:42 [info     ] [Bybit] Yielding batch of 1000 candles for DEXEUSDT
2026-09-16 19:32:43 [info     ] [Bybit] Yielding batch of 440 candles for DEXEUSDT
2026-09-16 19:32:43 [info     ] [Bybit] Reached start time for DEXEUSDT
2026-09-16 19:32:43 [info     ] [Bybit] Historical data generator completed for DEXEUSDT
2026-09-16 19:32:43 [info     ] [Bitget] Starting historical data generator for symbol='DEXEUSDT', days=90
2026-09-16 19:32:43 [info     ] [Bitget] Loading data from 2026-09-04 00:00:00+00:00 to 2026-09-04 23:59:00+00:00
2026-09-16 19:32:43 - INFO - HTTP Request: GET https://api.bitget.com/api/v2/mix/market/candles?symbol=DEXEUSDT&granularity=1m&limit=1000&productType=usdt-futures&endTime=1788566340000 "HTTP/1.1 200 OK"
2026-09-16 19:32:43 [info     ] [Bitget] Yielding batch of 1000 candles for DEXEUSDT
2026-09-16 19:32:44 - INFO - HTTP Request: GET https://api.bitget.com/api/v2/mix/market/candles?symbol=DEXEUSDT&granularity=1m&limit=1000&productType=usdt-futures&endTime=1788506399999 "HTTP/1.1 200 OK"
2026-09-16 19:32:44 [info     ] [Bitget] Yielding batch of 440 candles for DEXEUSDT
2026-09-16 19:32:44 [info     ] [Bitget] Reached start time for DEXEUSDT
2026-09-16 19:32:44 [info     ] [Bitget] Historical data generator completed for DEXEUSDT
2026-09-16 19:32:44 [info     ] ✅ Price data download completed successfully final_count=2975 final_result=True status=SUCCESS total_minutes=1440
[2026-09-16 19:32:44 UTC] 112/2726 | DEXEUSDT 2026-09-04: +2880 свечей (прогнозов ждало 6) | всего +285120 | темп 1508 окон/ч, осталось ~1.7 ч | диск 59.9 ГБ
2026-09-16 19:32:44 [info     ] Smart minute data check        end=datetime.datetime(2026, 9, 4, 23, 59, tzinfo=datetime.timezone.utc) expected_minutes=1440 start=datetime.datetime(2026, 9, 4, 0, 0, tzinfo=datetime.timezone.utc) symbol=TUSDT
2026-09-16 19:32:44 [warning  ] ⚠️  Incomplete price data, downloading missing existing=97 expected_total=1440 missing=1343 status=INCOMPLETE symbol=TUSDT
2026-09-16 19:32:44 [info     ] Start download coin=<Coin:  (TUSDT)> start_time=datetime.datetime(2026, 9, 4, 0, 0, tzinfo=datetime.timezone.utc) end_time=datetime.datetime(2026, 9, 4, 23, 59, tzinfo=datetime.timezone.utc)
2026-09-16 19:32:44 [info     ] [Bybit] Starting historical data generator for symbol='TUSDT', days=90
2026-09-16 19:32:44 [info     ] [Bybit] Loading data from 2026-09-04 00:00:00+00:00 to 2026-09-04 23:59:00+00:00
2026-09-16 19:32:45 [info     ] [Bybit] Yielding batch of 1000 candles for TUSDT
2026-09-16 19:32:45 [info     ] [Bybit] Yielding batch of 440 candles for TUSDT
2026-09-16 19:32:45 [info     ] [Bybit] Reached start time for TUSDT
2026-09-16 19:32:45 [info     ] [Bybit] Historical data generator completed for TUSDT
2026-09-16 19:32:45 [info     ] [Bitget] Starting historical data generator for symbol='TUSDT', days=90
2026-09-16 19:32:45 [info     ] [Bitget] Loading data from 2026-09-04 00:00:00+00:00 to 2026-09-04 23:59:00+00:00
2026-09-16 19:32:45 - INFO - HTTP Request: GET https://api.bitget.com/api/v2/mix/market/candles?symbol=TUSDT&granularity=1m&limit=1000&productType=usdt-futures&endTime=1788566340000 "HTTP/1.1 200 OK"
2026-09-16 19:32:45 [info     ] [Bitget] Yielding batch of 1000 candles for TUSDT
2026-09-16 19:32:46 - INFO - HTTP Request: GET https://api.bitget.com/api/v2/mix/market/candles?symbol=TUSDT&granularity=1m&limit=1000&productType=usdt-futures&endTime=1788506399999 "HTTP/1.1 200 OK"
2026-09-16 19:32:46 [info     ] [Bitget] Yielding batch of 440 candles for TUSDT
2026-09-16 19:32:46 [info     ] [Bitget] Reached start time for TUSDT
2026-09-16 19:32:46 [info     ] [Bitget] Historical data generator completed for TUSDT
2026-09-16 19:32:46 [info     ] ✅ Price data download completed successfully final_count=2977 final_result=True status=SUCCESS total_minutes=1440
[2026-09-16 19:32:46 UTC] 113/2726 | TUSDT 2026-09-04: +2880 свечей (прогнозов ждало 1) | всего +288000 | темп 1508 окон/ч, осталось ~1.7 ч | диск 59.9 ГБ
2026-09-16 19:32:46 [info     ] Smart minute data check        end=datetime.datetime(2026, 9, 4, 23, 59, tzinfo=datetime.timezone.utc) expected_minutes=1440 start=datetime.datetime(2026, 9, 4, 0, 0, tzinfo=datetime.timezone.utc) symbol=LITUSDT
2026-09-16 19:32:46 [warning  ] ⚠️  Incomplete price data, downloading missing existing=95 expected_total=1440 missing=1345 status=INCOMPLETE symbol=LITUSDT
2026-09-16 19:32:46 [info     ] Start download coin=<Coin:  (LITUSDT)> start_time=datetime.datetime(2026, 9, 4, 0, 0, tzinfo=datetime.timezone.utc) end_time=datetime.datetime(2026, 9, 4, 23, 59, tzinfo=datetime.timezone.utc)
2026-09-16 19:32:46 [info     ] [Bybit] Starting historical data generator for symbol='LITUSDT', days=90
2026-09-16 19:32:46 [info     ] [Bybit] Loading data from 2026-09-04 00:00:00+00:00 to 2026-09-04 23:59:00+00:00
2026-09-16 19:32:47 [info     ] [Bybit] Yielding batch of 1000 candles for LITUSDT
2026-09-16 19:32:48 [info     ] [Bybit] Yielding batch of 440 candles for LITUSDT
2026-09-16 19:32:48 [info     ] [Bybit] Reached start time for LITUSDT
2026-09-16 19:32:48 [info     ] [Bybit] Historical data generator completed for LITUSDT
2026-09-16 19:32:48 [info     ] [Bitget] Starting historical data generator for symbol='LITUSDT', days=90
2026-09-16 19:32:48 [info     ] [Bitget] Loading data from 2026-09-04 00:00:00+00:00 to 2026-09-04 23:59:00+00:00
2026-09-16 19:32:48 - INFO - HTTP Request: GET https://api.bitget.com/api/v2/mix/market/candles?symbol=LITUSDT&granularity=1m&limit=1000&productType=usdt-futures&endTime=1788566340000 "HTTP/1.1 200 OK"
2026-09-16 19:32:48 [info     ] [Bitget] Yielding batch of 1000 candles for LITUSDT
2026-09-16 19:32:49 - INFO - HTTP Request: GET https://api.bitget.com/api/v2/mix/market/candles?symbol=LITUSDT&granularity=1m&limit=1000&productType=usdt-futures&endTime=1788506399999 "HTTP/1.1 200 OK"
2026-09-16 19:32:49 [info     ] [Bitget] Yielding batch of 440 candles for LITUSDT
2026-09-16 19:32:49 [info     ] [Bitget] Reached start time for LITUSDT
2026-09-16 19:32:49 [info     ] [Bitget] Historical data generator completed for LITUSDT
2026-09-16 19:32:49 [info     ] ✅ Price data download completed successfully final_count=2975 final_result=True status=SUCCESS total_minutes=1440
[2026-09-16 19:32:49 UTC] 114/2726 | LITUSDT 2026-09-04: +2880 свечей (прогнозов ждало 3) | всего +290880 | темп 1505 окон/ч, осталось ~1.7 ч | диск 59.9 ГБ
2026-09-16 19:32:49 [info     ] Smart minute data check        end=datetime.datetime(2026, 9, 4, 23, 59, tzinfo=datetime.timezone.utc) expected_minutes=1440 start=datetime.datetime(2026, 9, 4, 0, 0, tzinfo=datetime.timezone.utc) symbol=EDUUSDT
2026-09-16 19:32:49 [warning  ] ⚠️  Incomplete price data, downloading missing existing=95 expected_total=1440 missing=1345 status=INCOMPLETE symbol=EDUUSDT
2026-09-16 19:32:49 [info     ] Start download coin=<Coin:  (EDUUSDT)> start_time=datetime.datetime(2026, 9, 4, 0, 0, tzinfo=datetime.timezone.utc) end_time=datetime.datetime(2026, 9, 4, 23, 59, tzinfo=datetime.timezone.utc)
2026-09-16 19:32:49 [info     ] [Bybit] Starting historical data generator for symbol='EDUUSDT', days=90
2026-09-16 19:32:49 [info     ] [Bybit] Loading data from 2026-09-04 00:00:00+00:00 to 2026-09-04 23:59:00+00:00
2026-09-16 19:32:50 [info     ] [Bybit] Yielding batch of 1000 candles for EDUUSDT
2026-09-16 19:32:51 [info     ] [Bybit] Yielding batch of 440 candles for EDUUSDT
2026-09-16 19:32:51 [info     ] [Bybit] Reached start time for EDUUSDT
2026-09-16 19:32:51 [info     ] [Bybit] Historical data generator completed for EDUUSDT
2026-09-16 19:32:51 [info     ] [Bitget] Starting historical data generator for symbol='EDUUSDT', days=90
2026-09-16 19:32:51 [info     ] [Bitget] Loading data from 2026-09-04 00:00:00+00:00 to 2026-09-04 23:59:00+00:00
2026-09-16 19:32:52 - INFO - HTTP Request: GET https://api.bitget.com/api/v2/mix/market/candles?symbol=EDUUSDT&granularity=1m&limit=1000&productType=usdt-futures&endTime=1788566340000 "HTTP/1.1 400 Bad Request"
2026-09-16 19:32:52 [error    ] [Bitget] Failed to get historical data batch for symbol='EDUUSDT'
Traceback (most recent call last):
  File "/srv/www/services/crypto_market.py", line 404, in get_historical_candles_generator
    response = self._make_kline_request(
        symbol=symbol, limit=self.BATCH_SIZE, end_time_ms=current_end_time_ms, granularity="1m"
    )
  File "/srv/www/services/crypto_market.py", line 364, in _make_kline_request
    response.raise_for_status()
    ~~~~~~~~~~~~~~~~~~~~~~~~~^^
  File "/srv/docker-venv/lib/python3.14/site-packages/httpx/_models.py", line 829, in raise_for_status
    raise HTTPStatusError(message, request=request, response=self)
httpx.HTTPStatusError: Client error '400 Bad Request' for url 'https://api.bitget.com/api/v2/mix/market/candles?symbol=EDUUSDT&granularity=1m&limit=1000&productType=usdt-futures&endTime=1788566340000'
For more information check: https://developer.mozilla.org/en-US/docs/Web/HTTP/Status/400
2026-09-16 19:32:52 [error    ] Error download coin history interval start_time=datetime.datetime(2026, 9, 4, 0, 0, tzinfo=datetime.timezone.utc) end_time=datetime.datetime(2026, 9, 4, 23, 59, tzinfo=datetime.timezone.utc)
Traceback (most recent call last):
  File "/srv/www/services/crypto_market.py", line 404, in get_historical_candles_generator
    response = self._make_kline_request(
        symbol=symbol, limit=self.BATCH_SIZE, end_time_ms=current_end_time_ms, granularity="1m"
    )
  File "/srv/www/services/crypto_market.py", line 364, in _make_kline_request
    response.raise_for_status()
    ~~~~~~~~~~~~~~~~~~~~~~~~~^^
  File "/srv/docker-venv/lib/python3.14/site-packages/httpx/_models.py", line 829, in raise_for_status
    raise HTTPStatusError(message, request=request, response=self)
httpx.HTTPStatusError: Client error '400 Bad Request' for url 'https://api.bitget.com/api/v2/mix/market/candles?symbol=EDUUSDT&granularity=1m&limit=1000&productType=usdt-futures&endTime=1788566340000'
For more information check: https://developer.mozilla.org/en-US/docs/Web/HTTP/Status/400

The above exception was the direct cause of the following exception:

Traceback (most recent call last):
  File "/srv/www/services/price_sync.py", line 255, in ensure_minute_data_smart
    self.download_coin_history_interval(coin=coin, start_time=start_time, end_time=end_time)
    ~~~~~~~~~~~~~~~~~~~~~~~~~~~~~~~~~~~^^^^^^^^^^^^^^^^^^^^^^^^^^^^^^^^^^^^^^^^^^^^^^^^^^^^^
  File "/srv/www/services/price_sync.py", line 295, in download_coin_history_interval
    for batch_candles in client.get_historical_candles_generator(
                         ~~~~~~~~~~~~~~~~~~~~~~~~~~~~~~~~~~~~~~~^
        symbol=coin.symbol, start_time=start_time, end_time=end_time
        ^^^^^^^^^^^^^^^^^^^^^^^^^^^^^^^^^^^^^^^^^^^^^^^^^^^^^^^^^^^^
    ):
    ^
  File "/srv/www/services/crypto_market.py", line 409, in get_historical_candles_generator
    raise BitgetResponseError("Failed to get historical data batch") from exception
services.crypto_market.BitgetResponseError: Failed to get historical data batch
2026-09-16 19:32:52 [info     ] Smart minute data check        end=datetime.datetime(2026, 9, 4, 23, 59, tzinfo=datetime.timezone.utc) expected_minutes=1440 start=datetime.datetime(2026, 9, 4, 0, 0, tzinfo=datetime.timezone.utc) symbol=TUTUSDT
2026-09-16 19:32:52 [warning  ] ⚠️  Incomplete price data, downloading missing existing=95 expected_total=1440 missing=1345 status=INCOMPLETE symbol=TUTUSDT
2026-09-16 19:32:52 [info     ] Start download coin=<Coin:  (TUTUSDT)> start_time=datetime.datetime(2026, 9, 4, 0, 0, tzinfo=datetime.timezone.utc) end_time=datetime.datetime(2026, 9, 4, 23, 59, tzinfo=datetime.timezone.utc)
2026-09-16 19:32:52 [info     ] [Bybit] Starting historical data generator for symbol='TUTUSDT', days=90
2026-09-16 19:32:52 [info     ] [Bybit] Loading data from 2026-09-04 00:00:00+00:00 to 2026-09-04 23:59:00+00:00
2026-09-16 19:32:52 [info     ] [Bybit] Yielding batch of 1000 candles for TUTUSDT
2026-09-16 19:32:53 [info     ] [Bybit] Yielding batch of 440 candles for TUTUSDT
2026-09-16 19:32:53 [info     ] [Bybit] Reached start time for TUTUSDT
2026-09-16 19:32:53 [info     ] [Bybit] Historical data generator completed for TUTUSDT
2026-09-16 19:32:53 [info     ] [Bitget] Starting historical data generator for symbol='TUTUSDT', days=90
2026-09-16 19:32:53 [info     ] [Bitget] Loading data from 2026-09-04 00:00:00+00:00 to 2026-09-04 23:59:00+00:00
2026-09-16 19:32:53 - INFO - HTTP Request: GET https://api.bitget.com/api/v2/mix/market/candles?symbol=TUTUSDT&granularity=1m&limit=1000&productType=usdt-futures&endTime=1788566340000 "HTTP/1.1 200 OK"
2026-09-16 19:32:53 [info     ] [Bitget] Yielding batch of 1000 candles for TUTUSDT
2026-09-16 19:32:54 - INFO - HTTP Request: GET https://api.bitget.com/api/v2/mix/market/candles?symbol=TUTUSDT&granularity=1m&limit=1000&productType=usdt-futures&endTime=1788506399999 "HTTP/1.1 200 OK"
2026-09-16 19:32:54 [info     ] [Bitget] Yielding batch of 440 candles for TUTUSDT
2026-09-16 19:32:54 [info     ] [Bitget] Reached start time for TUTUSDT
2026-09-16 19:32:54 [info     ] [Bitget] Historical data generator completed for TUTUSDT
2026-09-16 19:32:54 [info     ] ✅ Price data download completed successfully final_count=2975 final_result=True status=SUCCESS total_minutes=1440
[2026-09-16 19:32:54 UTC] 116/2726 | TUTUSDT 2026-09-04: +2880 свечей (прогнозов ждало 3) | всего +295200 | темп 1503 окон/ч, осталось ~1.7 ч | диск 59.9 ГБ
2026-09-16 19:32:54 [info     ] Smart minute data check        end=datetime.datetime(2026, 9, 4, 23, 59, tzinfo=datetime.timezone.utc) expected_minutes=1440 start=datetime.datetime(2026, 9, 4, 0, 0, tzinfo=datetime.timezone.utc) symbol=AKEUSDT
2026-09-16 19:32:54 [warning  ] ⚠️  Incomplete price data, downloading missing existing=100 expected_total=1440 missing=1340 status=INCOMPLETE symbol=AKEUSDT
2026-09-16 19:32:54 [info     ] Start download coin=<Coin:  (AKEUSDT)> start_time=datetime.datetime(2026, 9, 4, 0, 0, tzinfo=datetime.timezone.utc) end_time=datetime.datetime(2026, 9, 4, 23, 59, tzinfo=datetime.timezone.utc)
2026-09-16 19:32:54 [info     ] [Bybit] Starting historical data generator for symbol='AKEUSDT', days=90
2026-09-16 19:32:54 [info     ] [Bybit] Loading data from 2026-09-04 00:00:00+00:00 to 2026-09-04 23:59:00+00:00
2026-09-16 19:32:55 [info     ] [Bybit] Yielding batch of 1000 candles for AKEUSDT
2026-09-16 19:32:56 [info     ] [Bybit] Yielding batch of 440 candles for AKEUSDT
2026-09-16 19:32:56 [info     ] [Bybit] Reached start time for AKEUSDT
2026-09-16 19:32:56 [info     ] [Bybit] Historical data generator completed for AKEUSDT
2026-09-16 19:32:56 [info     ] [Bitget] Starting historical data generator for symbol='AKEUSDT', days=90
2026-09-16 19:32:56 [info     ] [Bitget] Loading data from 2026-09-04 00:00:00+00:00 to 2026-09-04 23:59:00+00:00
2026-09-16 19:32:56 - INFO - HTTP Request: GET https://api.bitget.com/api/v2/mix/market/candles?symbol=AKEUSDT&granularity=1m&limit=1000&productType=usdt-futures&endTime=1788566340000 "HTTP/1.1 200 OK"
2026-09-16 19:32:56 [info     ] [Bitget] Yielding batch of 1000 candles for AKEUSDT
2026-09-16 19:32:57 - INFO - HTTP Request: GET https://api.bitget.com/api/v2/mix/market/candles?symbol=AKEUSDT&granularity=1m&limit=1000&productType=usdt-futures&endTime=1788506399999 "HTTP/1.1 200 OK"
2026-09-16 19:32:57 [info     ] [Bitget] Yielding batch of 440 candles for AKEUSDT
2026-09-16 19:32:57 [info     ] [Bitget] Reached start time for AKEUSDT
2026-09-16 19:32:57 [info     ] [Bitget] Historical data generator completed for AKEUSDT
2026-09-16 19:32:57 [info     ] ✅ Price data download completed successfully final_count=2980 final_result=True status=SUCCESS total_minutes=1440
[2026-09-16 19:32:57 UTC] 117/2726 | AKEUSDT 2026-09-04: +2880 свечей (прогнозов ждало 2) | всего +298080 | темп 1501 окон/ч, осталось ~1.7 ч | диск 59.8 ГБ
2026-09-16 19:32:57 [info     ] Smart minute data check        end=datetime.datetime(2026, 9, 4, 23, 59, tzinfo=datetime.timezone.utc) expected_minutes=1440 start=datetime.datetime(2026, 9, 4, 0, 0, tzinfo=datetime.timezone.utc) symbol=HEMIUSDT
2026-09-16 19:32:57 [warning  ] ⚠️  Incomplete price data, downloading missing existing=95 expected_total=1440 missing=1345 status=INCOMPLETE symbol=HEMIUSDT
2026-09-16 19:32:57 [info     ] Start download coin=<Coin:  (HEMIUSDT)> start_time=datetime.datetime(2026, 9, 4, 0, 0, tzinfo=datetime.timezone.utc) end_time=datetime.datetime(2026, 9, 4, 23, 59, tzinfo=datetime.timezone.utc)
2026-09-16 19:32:57 [info     ] [Bybit] Starting historical data generator for symbol='HEMIUSDT', days=90
2026-09-16 19:32:57 [info     ] [Bybit] Loading data from 2026-09-04 00:00:00+00:00 to 2026-09-04 23:59:00+00:00
2026-09-16 19:32:58 [info     ] [Bybit] Yielding batch of 1000 candles for HEMIUSDT
2026-09-16 19:32:59 [info     ] [Bybit] Yielding batch of 440 candles for HEMIUSDT
2026-09-16 19:32:59 [info     ] [Bybit] Reached start time for HEMIUSDT
2026-09-16 19:32:59 [info     ] [Bybit] Historical data generator completed for HEMIUSDT
2026-09-16 19:32:59 [info     ] [Bitget] Starting historical data generator for symbol='HEMIUSDT', days=90
2026-09-16 19:32:59 [info     ] [Bitget] Loading data from 2026-09-04 00:00:00+00:00 to 2026-09-04 23:59:00+00:00
2026-09-16 19:32:59 - INFO - HTTP Request: GET https://api.bitget.com/api/v2/mix/market/candles?symbol=HEMIUSDT&granularity=1m&limit=1000&productType=usdt-futures&endTime=1788566340000 "HTTP/1.1 400 Bad Request"
2026-09-16 19:32:59 [error    ] [Bitget] Failed to get historical data batch for symbol='HEMIUSDT'
Traceback (most recent call last):
  File "/srv/www/services/crypto_market.py", line 404, in get_historical_candles_generator
    response = self._make_kline_request(
        symbol=symbol, limit=self.BATCH_SIZE, end_time_ms=current_end_time_ms, granularity="1m"
    )
  File "/srv/www/services/crypto_market.py", line 364, in _make_kline_request
    response.raise_for_status()
    ~~~~~~~~~~~~~~~~~~~~~~~~~^^
  File "/srv/docker-venv/lib/python3.14/site-packages/httpx/_models.py", line 829, in raise_for_status
    raise HTTPStatusError(message, request=request, response=self)
httpx.HTTPStatusError: Client error '400 Bad Request' for url 'https://api.bitget.com/api/v2/mix/market/candles?symbol=HEMIUSDT&granularity=1m&limit=1000&productType=usdt-futures&endTime=1788566340000'
For more information check: https://developer.mozilla.org/en-US/docs/Web/HTTP/Status/400
2026-09-16 19:32:59 [error    ] Error download coin history interval start_time=datetime.datetime(2026, 9, 4, 0, 0, tzinfo=datetime.timezone.utc) end_time=datetime.datetime(2026, 9, 4, 23, 59, tzinfo=datetime.timezone.utc)
Traceback (most recent call last):
  File "/srv/www/services/crypto_market.py", line 404, in get_historical_candles_generator
    response = self._make_kline_request(
        symbol=symbol, limit=self.BATCH_SIZE, end_time_ms=current_end_time_ms, granularity="1m"
    )
  File "/srv/www/services/crypto_market.py", line 364, in _make_kline_request
    response.raise_for_status()
    ~~~~~~~~~~~~~~~~~~~~~~~~~^^
  File "/srv/docker-venv/lib/python3.14/site-packages/httpx/_models.py", line 829, in raise_for_status
    raise HTTPStatusError(message, request=request, response=self)
httpx.HTTPStatusError: Client error '400 Bad Request' for url 'https://api.bitget.com/api/v2/mix/market/candles?symbol=HEMIUSDT&granularity=1m&limit=1000&productType=usdt-futures&endTime=1788566340000'
For more information check: https://developer.mozilla.org/en-US/docs/Web/HTTP/Status/400

The above exception was the direct cause of the following exception:

Traceback (most recent call last):
  File "/srv/www/services/price_sync.py", line 255, in ensure_minute_data_smart
    self.download_coin_history_interval(coin=coin, start_time=start_time, end_time=end_time)
    ~~~~~~~~~~~~~~~~~~~~~~~~~~~~~~~~~~~^^^^^^^^^^^^^^^^^^^^^^^^^^^^^^^^^^^^^^^^^^^^^^^^^^^^^
  File "/srv/www/services/price_sync.py", line 295, in download_coin_history_interval
    for batch_candles in client.get_historical_candles_generator(
                         ~~~~~~~~~~~~~~~~~~~~~~~~~~~~~~~~~~~~~~~^
        symbol=coin.symbol, start_time=start_time, end_time=end_time
        ^^^^^^^^^^^^^^^^^^^^^^^^^^^^^^^^^^^^^^^^^^^^^^^^^^^^^^^^^^^^
    ):
    ^
  File "/srv/www/services/crypto_market.py", line 409, in get_historical_candles_generator
    raise BitgetResponseError("Failed to get historical data batch") from exception
services.crypto_market.BitgetResponseError: Failed to get historical data batch
2026-09-16 19:32:59 [info     ] Smart minute data check        end=datetime.datetime(2026, 9, 4, 23, 59, tzinfo=datetime.timezone.utc) expected_minutes=1440 start=datetime.datetime(2026, 9, 4, 0, 0, tzinfo=datetime.timezone.utc) symbol=XAGUSDT
2026-09-16 19:32:59 [warning  ] ⚠️  Incomplete price data, downloading missing existing=95 expected_total=1440 missing=1345 status=INCOMPLETE symbol=XAGUSDT
2026-09-16 19:32:59 [info     ] Start download coin=<Coin:  (XAGUSDT)> start_time=datetime.datetime(2026, 9, 4, 0, 0, tzinfo=datetime.timezone.utc) end_time=datetime.datetime(2026, 9, 4, 23, 59, tzinfo=datetime.timezone.utc)
2026-09-16 19:32:59 [info     ] [Bybit] Starting historical data generator for symbol='XAGUSDT', days=90
2026-09-16 19:32:59 [info     ] [Bybit] Loading data from 2026-09-04 00:00:00+00:00 to 2026-09-04 23:59:00+00:00
2026-09-16 19:33:00 [info     ] [Bybit] Yielding batch of 1000 candles for XAGUSDT
2026-09-16 19:33:01 [info     ] [Bybit] Yielding batch of 440 candles for XAGUSDT
2026-09-16 19:33:01 [info     ] [Bybit] Reached start time for XAGUSDT
2026-09-16 19:33:01 [info     ] [Bybit] Historical data generator completed for XAGUSDT
2026-09-16 19:33:01 [info     ] [Bitget] Starting historical data generator for symbol='XAGUSDT', days=90
2026-09-16 19:33:01 [info     ] [Bitget] Loading data from 2026-09-04 00:00:00+00:00 to 2026-09-04 23:59:00+00:00
2026-09-16 19:33:01 - INFO - HTTP Request: GET https://api.bitget.com/api/v2/mix/market/candles?symbol=XAGUSDT&granularity=1m&limit=1000&productType=usdt-futures&endTime=1788566340000 "HTTP/1.1 200 OK"
2026-09-16 19:33:01 [info     ] [Bitget] Yielding batch of 1000 candles for XAGUSDT
2026-09-16 19:33:01 - INFO - HTTP Request: GET https://api.bitget.com/api/v2/mix/market/candles?symbol=XAGUSDT&granularity=1m&limit=1000&productType=usdt-futures&endTime=1788506399999 "HTTP/1.1 200 OK"
2026-09-16 19:33:01 [info     ] [Bitget] Yielding batch of 440 candles for XAGUSDT
2026-09-16 19:33:01 [info     ] [Bitget] Reached start time for XAGUSDT
2026-09-16 19:33:01 [info     ] [Bitget] Historical data generator completed for XAGUSDT
2026-09-16 19:33:01 [info     ] ✅ Price data download completed successfully final_count=2975 final_result=True status=SUCCESS total_minutes=1440
[2026-09-16 19:33:01 UTC] 119/2726 | XAGUSDT 2026-09-04: +2880 свечей (прогнозов ждало 27) | всего +302400 | темп 1502 окон/ч, осталось ~1.7 ч | диск 59.8 ГБ
2026-09-16 19:33:02 [info     ] Smart minute data check        end=datetime.datetime(2026, 9, 4, 23, 59, tzinfo=datetime.timezone.utc) expected_minutes=1440 start=datetime.datetime(2026, 9, 4, 0, 0, tzinfo=datetime.timezone.utc) symbol=FRAXUSDT
2026-09-16 19:33:02 [warning  ] ⚠️  Incomplete price data, downloading missing existing=95 expected_total=1440 missing=1345 status=INCOMPLETE symbol=FRAXUSDT
2026-09-16 19:33:02 [info     ] Start download coin=<Coin:  (FRAXUSDT)> start_time=datetime.datetime(2026, 9, 4, 0, 0, tzinfo=datetime.timezone.utc) end_time=datetime.datetime(2026, 9, 4, 23, 59, tzinfo=datetime.timezone.utc)
2026-09-16 19:33:02 [info     ] [Bybit] Starting historical data generator for symbol='FRAXUSDT', days=90
2026-09-16 19:33:02 [info     ] [Bybit] Loading data from 2026-09-04 00:00:00+00:00 to 2026-09-04 23:59:00+00:00
2026-09-16 19:33:02 [error    ] [Bybit] Failed to get historical data batch for symbol='FRAXUSDT'
Traceback (most recent call last):
  File "/srv/www/services/crypto_market.py", line 179, in get_historical_candles_generator
    response = self.http_client.get_kline(
        symbol=symbol,
    ...<2 lines>...
        end=str(current_end_time_ms),  # Загружаем до этого времени
    )
  File "/srv/docker-venv/lib/python3.14/site-packages/pybit/_v5_market.py", line 33, in get_kline
    return self._submit_request(
           ~~~~~~~~~~~~~~~~~~~~^
        method="GET",
        ^^^^^^^^^^^^^
        path=f"{self.endpoint}{Market.GET_KLINE}",
        ^^^^^^^^^^^^^^^^^^^^^^^^^^^^^^^^^^^^^^^^^^
        query=kwargs,
        ^^^^^^^^^^^^^
    )
    ^
  File "/srv/docker-venv/lib/python3.14/site-packages/pybit/_http_manager.py", line 197, in _submit_request
    return self._handle_response(response, method, path, req_params, recv_window, retries_attempted)
           ~~~~~~~~~~~~~~~~~~~~~^^^^^^^^^^^^^^^^^^^^^^^^^^^^^^^^^^^^^^^^^^^^^^^^^^^^^^^^^^^^^^^^^^^^
  File "/srv/docker-venv/lib/python3.14/site-packages/pybit/_http_manager.py", line 282, in _handle_response
    raise InvalidRequestError(
    ...<5 lines>...
    )
pybit.exceptions.InvalidRequestError: params error: Symbol Is Invalid (ErrCode: 10001) (ErrTime: 19:33:02).
Request → GET https://api.bybit.com/v5/market/kline: end=1788566340000&interval=1&limit=1000&symbol=FRAXUSDT.
2026-09-16 19:33:02 [error    ] Error download coin history interval start_time=datetime.datetime(2026, 9, 4, 0, 0, tzinfo=datetime.timezone.utc) end_time=datetime.datetime(2026, 9, 4, 23, 59, tzinfo=datetime.timezone.utc)
Traceback (most recent call last):
  File "/srv/www/services/crypto_market.py", line 179, in get_historical_candles_generator
    response = self.http_client.get_kline(
        symbol=symbol,
    ...<2 lines>...
        end=str(current_end_time_ms),  # Загружаем до этого времени
    )
  File "/srv/docker-venv/lib/python3.14/site-packages/pybit/_v5_market.py", line 33, in get_kline
    return self._submit_request(
           ~~~~~~~~~~~~~~~~~~~~^
        method="GET",
        ^^^^^^^^^^^^^
        path=f"{self.endpoint}{Market.GET_KLINE}",
        ^^^^^^^^^^^^^^^^^^^^^^^^^^^^^^^^^^^^^^^^^^
        query=kwargs,
        ^^^^^^^^^^^^^
    )
    ^
  File "/srv/docker-venv/lib/python3.14/site-packages/pybit/_http_manager.py", line 197, in _submit_request
    return self._handle_response(response, method, path, req_params, recv_window, retries_attempted)
           ~~~~~~~~~~~~~~~~~~~~~^^^^^^^^^^^^^^^^^^^^^^^^^^^^^^^^^^^^^^^^^^^^^^^^^^^^^^^^^^^^^^^^^^^^
  File "/srv/docker-venv/lib/python3.14/site-packages/pybit/_http_manager.py", line 282, in _handle_response
    raise InvalidRequestError(
    ...<5 lines>...
    )
pybit.exceptions.InvalidRequestError: params error: Symbol Is Invalid (ErrCode: 10001) (ErrTime: 19:33:02).
Request → GET https://api.bybit.com/v5/market/kline: end=1788566340000&interval=1&limit=1000&symbol=FRAXUSDT.

The above exception was the direct cause of the following exception:

Traceback (most recent call last):
  File "/srv/www/services/price_sync.py", line 255, in ensure_minute_data_smart
    self.download_coin_history_interval(coin=coin, start_time=start_time, end_time=end_time)
    ~~~~~~~~~~~~~~~~~~~~~~~~~~~~~~~~~~~^^^^^^^^^^^^^^^^^^^^^^^^^^^^^^^^^^^^^^^^^^^^^^^^^^^^^
  File "/srv/www/services/price_sync.py", line 295, in download_coin_history_interval
    for batch_candles in client.get_historical_candles_generator(
                         ~~~~~~~~~~~~~~~~~~~~~~~~~~~~~~~~~~~~~~~^
        symbol=coin.symbol, start_time=start_time, end_time=end_time
        ^^^^^^^^^^^^^^^^^^^^^^^^^^^^^^^^^^^^^^^^^^^^^^^^^^^^^^^^^^^^
    ):
    ^
  File "/srv/www/services/crypto_market.py", line 187, in get_historical_candles_generator
    raise BybitResponseError("Failed to get historical data batch") from exception
services.crypto_market.BybitResponseError: Failed to get historical data batch
2026-09-16 19:33:03 [info     ] Smart minute data check        end=datetime.datetime(2026, 9, 4, 23, 59, tzinfo=datetime.timezone.utc) expected_minutes=1440 start=datetime.datetime(2026, 9, 4, 0, 0, tzinfo=datetime.timezone.utc) symbol=SKRUSDT
2026-09-16 19:33:03 [warning  ] ⚠️  Incomplete price data, downloading missing existing=96 expected_total=1440 missing=1344 status=INCOMPLETE symbol=SKRUSDT
2026-09-16 19:33:03 [info     ] Start download coin=<Coin:  (SKRUSDT)> start_time=datetime.datetime(2026, 9, 4, 0, 0, tzinfo=datetime.timezone.utc) end_time=datetime.datetime(2026, 9, 4, 23, 59, tzinfo=datetime.timezone.utc)
2026-09-16 19:33:03 [info     ] [Bybit] Starting historical data generator for symbol='SKRUSDT', days=90
2026-09-16 19:33:03 [info     ] [Bybit] Loading data from 2026-09-04 00:00:00+00:00 to 2026-09-04 23:59:00+00:00
2026-09-16 19:33:03 [info     ] [Bybit] Yielding batch of 1000 candles for SKRUSDT
2026-09-16 19:33:04 [info     ] [Bybit] Yielding batch of 440 candles for SKRUSDT
2026-09-16 19:33:04 [info     ] [Bybit] Reached start time for SKRUSDT
2026-09-16 19:33:04 [info     ] [Bybit] Historical data generator completed for SKRUSDT
2026-09-16 19:33:04 [info     ] [Bitget] Starting historical data generator for symbol='SKRUSDT', days=90
2026-09-16 19:33:04 [info     ] [Bitget] Loading data from 2026-09-04 00:00:00+00:00 to 2026-09-04 23:59:00+00:00
2026-09-16 19:33:04 - INFO - HTTP Request: GET https://api.bitget.com/api/v2/mix/market/candles?symbol=SKRUSDT&granularity=1m&limit=1000&productType=usdt-futures&endTime=1788566340000 "HTTP/1.1 200 OK"
2026-09-16 19:33:04 [info     ] [Bitget] Yielding batch of 1000 candles for SKRUSDT
2026-09-16 19:33:04 - INFO - HTTP Request: GET https://api.bitget.com/api/v2/mix/market/candles?symbol=SKRUSDT&granularity=1m&limit=1000&productType=usdt-futures&endTime=1788506399999 "HTTP/1.1 200 OK"
2026-09-16 19:33:04 [info     ] [Bitget] Yielding batch of 440 candles for SKRUSDT
2026-09-16 19:33:05 [info     ] [Bitget] Reached start time for SKRUSDT
2026-09-16 19:33:05 [info     ] [Bitget] Historical data generator completed for SKRUSDT
2026-09-16 19:33:05 [info     ] ✅ Price data download completed successfully final_count=2976 final_result=True status=SUCCESS total_minutes=1440
[2026-09-16 19:33:05 UTC] 121/2726 | SKRUSDT 2026-09-04: +2880 свечей (прогнозов ждало 35) | всего +305280 | темп 1511 окон/ч, осталось ~1.7 ч | диск 59.8 ГБ
2026-09-16 19:33:05 [info     ] Smart minute data check        end=datetime.datetime(2026, 9, 4, 23, 59, tzinfo=datetime.timezone.utc) expected_minutes=1440 start=datetime.datetime(2026, 9, 4, 0, 0, tzinfo=datetime.timezone.utc) symbol=TSLAUSDT
2026-09-16 19:33:05 [warning  ] ⚠️  Incomplete price data, downloading missing existing=95 expected_total=1440 missing=1345 status=INCOMPLETE symbol=TSLAUSDT
2026-09-16 19:33:05 [info     ] Start download coin=<Coin:  (TSLAUSDT)> start_time=datetime.datetime(2026, 9, 4, 0, 0, tzinfo=datetime.timezone.utc) end_time=datetime.datetime(2026, 9, 4, 23, 59, tzinfo=datetime.timezone.utc)
2026-09-16 19:33:05 [info     ] [Bybit] Starting historical data generator for symbol='TSLAUSDT', days=90
2026-09-16 19:33:05 [info     ] [Bybit] Loading data from 2026-09-04 00:00:00+00:00 to 2026-09-04 23:59:00+00:00
2026-09-16 19:33:06 [info     ] [Bybit] Yielding batch of 1000 candles for TSLAUSDT
2026-09-16 19:33:07 [info     ] [Bybit] Yielding batch of 440 candles for TSLAUSDT
2026-09-16 19:33:07 [info     ] [Bybit] Reached start time for TSLAUSDT
2026-09-16 19:33:07 [info     ] [Bybit] Historical data generator completed for TSLAUSDT
2026-09-16 19:33:07 [info     ] [Bitget] Starting historical data generator for symbol='TSLAUSDT', days=90
2026-09-16 19:33:07 [info     ] [Bitget] Loading data from 2026-09-04 00:00:00+00:00 to 2026-09-04 23:59:00+00:00
2026-09-16 19:33:07 - INFO - HTTP Request: GET https://api.bitget.com/api/v2/mix/market/candles?symbol=TSLAUSDT&granularity=1m&limit=1000&productType=usdt-futures&endTime=1788566340000 "HTTP/1.1 200 OK"
2026-09-16 19:33:07 [info     ] [Bitget] Yielding batch of 1000 candles for TSLAUSDT
2026-09-16 19:33:08 - INFO - HTTP Request: GET https://api.bitget.com/api/v2/mix/market/candles?symbol=TSLAUSDT&granularity=1m&limit=1000&productType=usdt-futures&endTime=1788506399999 "HTTP/1.1 200 OK"
2026-09-16 19:33:08 [info     ] [Bitget] Yielding batch of 440 candles for TSLAUSDT
2026-09-16 19:33:08 [info     ] [Bitget] Reached start time for TSLAUSDT
2026-09-16 19:33:08 [info     ] [Bitget] Historical data generator completed for TSLAUSDT
2026-09-16 19:33:08 [info     ] ✅ Price data download completed successfully final_count=2975 final_result=True status=SUCCESS total_minutes=1440
[2026-09-16 19:33:08 UTC] 122/2726 | TSLAUSDT 2026-09-04: +2880 свечей (прогнозов ждало 1) | всего +308160 | темп 1506 окон/ч, осталось ~1.7 ч | диск 59.8 ГБ
2026-09-16 19:33:08 [info     ] Smart minute data check        end=datetime.datetime(2026, 9, 4, 23, 59, tzinfo=datetime.timezone.utc) expected_minutes=1440 start=datetime.datetime(2026, 9, 4, 0, 0, tzinfo=datetime.timezone.utc) symbol=TRIAUSDT
2026-09-16 19:33:08 [warning  ] ⚠️  Incomplete price data, downloading missing existing=96 expected_total=1440 missing=1344 status=INCOMPLETE symbol=TRIAUSDT
2026-09-16 19:33:08 [info     ] Start download coin=<Coin:  (TRIAUSDT)> start_time=datetime.datetime(2026, 9, 4, 0, 0, tzinfo=datetime.timezone.utc) end_time=datetime.datetime(2026, 9, 4, 23, 59, tzinfo=datetime.timezone.utc)
2026-09-16 19:33:08 [info     ] [Bybit] Starting historical data generator for symbol='TRIAUSDT', days=90
2026-09-16 19:33:08 [info     ] [Bybit] Loading data from 2026-09-04 00:00:00+00:00 to 2026-09-04 23:59:00+00:00
2026-09-16 19:33:09 [info     ] [Bybit] Yielding batch of 1000 candles for TRIAUSDT
2026-09-16 19:33:10 [info     ] [Bybit] Yielding batch of 440 candles for TRIAUSDT
2026-09-16 19:33:10 [info     ] [Bybit] Reached start time for TRIAUSDT
2026-09-16 19:33:10 [info     ] [Bybit] Historical data generator completed for TRIAUSDT
2026-09-16 19:33:10 [info     ] [Bitget] Starting historical data generator for symbol='TRIAUSDT', days=90
2026-09-16 19:33:10 [info     ] [Bitget] Loading data from 2026-09-04 00:00:00+00:00 to 2026-09-04 23:59:00+00:00
2026-09-16 19:33:10 - INFO - HTTP Request: GET https://api.bitget.com/api/v2/mix/market/candles?symbol=TRIAUSDT&granularity=1m&limit=1000&productType=usdt-futures&endTime=1788566340000 "HTTP/1.1 200 OK"
2026-09-16 19:33:10 [info     ] [Bitget] Yielding batch of 1000 candles for TRIAUSDT
2026-09-16 19:33:11 - INFO - HTTP Request: GET https://api.bitget.com/api/v2/mix/market/candles?symbol=TRIAUSDT&granularity=1m&limit=1000&productType=usdt-futures&endTime=1788506399999 "HTTP/1.1 200 OK"
2026-09-16 19:33:11 [info     ] [Bitget] Yielding batch of 440 candles for TRIAUSDT
2026-09-16 19:33:11 [info     ] [Bitget] Reached start time for TRIAUSDT
2026-09-16 19:33:11 [info     ] [Bitget] Historical data generator completed for TRIAUSDT
2026-09-16 19:33:11 [info     ] ✅ Price data download completed successfully final_count=2976 final_result=True status=SUCCESS total_minutes=1440
[2026-09-16 19:33:11 UTC] 123/2726 | TRIAUSDT 2026-09-04: +2880 свечей (прогнозов ждало 66) | всего +311040 | темп 1502 окон/ч, осталось ~1.7 ч | диск 59.8 ГБ
2026-09-16 19:33:11 [info     ] Smart minute data check        end=datetime.datetime(2026, 9, 4, 23, 59, tzinfo=datetime.timezone.utc) expected_minutes=1440 start=datetime.datetime(2026, 9, 4, 0, 0, tzinfo=datetime.timezone.utc) symbol=AZTECUSDT
2026-09-16 19:33:11 [warning  ] ⚠️  Incomplete price data, downloading missing existing=95 expected_total=1440 missing=1345 status=INCOMPLETE symbol=AZTECUSDT
2026-09-16 19:33:11 [info     ] Start download coin=<Coin:  (AZTECUSDT)> start_time=datetime.datetime(2026, 9, 4, 0, 0, tzinfo=datetime.timezone.utc) end_time=datetime.datetime(2026, 9, 4, 23, 59, tzinfo=datetime.timezone.utc)
2026-09-16 19:33:11 [info     ] [Bybit] Starting historical data generator for symbol='AZTECUSDT', days=90
2026-09-16 19:33:11 [info     ] [Bybit] Loading data from 2026-09-04 00:00:00+00:00 to 2026-09-04 23:59:00+00:00
2026-09-16 19:33:12 [info     ] [Bybit] Yielding batch of 1000 candles for AZTECUSDT
2026-09-16 19:33:13 [info     ] [Bybit] Yielding batch of 440 candles for AZTECUSDT
2026-09-16 19:33:13 [info     ] [Bybit] Reached start time for AZTECUSDT
2026-09-16 19:33:13 [info     ] [Bybit] Historical data generator completed for AZTECUSDT
2026-09-16 19:33:13 [info     ] [Bitget] Starting historical data generator for symbol='AZTECUSDT', days=90
2026-09-16 19:33:13 [info     ] [Bitget] Loading data from 2026-09-04 00:00:00+00:00 to 2026-09-04 23:59:00+00:00
2026-09-16 19:33:13 - INFO - HTTP Request: GET https://api.bitget.com/api/v2/mix/market/candles?symbol=AZTECUSDT&granularity=1m&limit=1000&productType=usdt-futures&endTime=1788566340000 "HTTP/1.1 200 OK"
2026-09-16 19:33:13 [info     ] [Bitget] Yielding batch of 1000 candles for AZTECUSDT
2026-09-16 19:33:13 - INFO - HTTP Request: GET https://api.bitget.com/api/v2/mix/market/candles?symbol=AZTECUSDT&granularity=1m&limit=1000&productType=usdt-futures&endTime=1788506399999 "HTTP/1.1 200 OK"
2026-09-16 19:33:13 [info     ] [Bitget] Yielding batch of 440 candles for AZTECUSDT
2026-09-16 19:33:13 [info     ] [Bitget] Reached start time for AZTECUSDT
2026-09-16 19:33:13 [info     ] [Bitget] Historical data generator completed for AZTECUSDT
2026-09-16 19:33:13 [info     ] ✅ Price data download completed successfully final_count=2975 final_result=True status=SUCCESS total_minutes=1440
[2026-09-16 19:33:13 UTC] 124/2726 | AZTECUSDT 2026-09-04: +2880 свечей (прогнозов ждало 7) | всего +313920 | темп 1502 окон/ч, осталось ~1.7 ч | диск 59.8 ГБ
2026-09-16 19:33:14 [info     ] Smart minute data check        end=datetime.datetime(2026, 9, 4, 23, 59, tzinfo=datetime.timezone.utc) expected_minutes=1440 start=datetime.datetime(2026, 9, 4, 0, 0, tzinfo=datetime.timezone.utc) symbol=EDGEUSDT
2026-09-16 19:33:14 [warning  ] ⚠️  Incomplete price data, downloading missing existing=105 expected_total=1440 missing=1335 status=INCOMPLETE symbol=EDGEUSDT
2026-09-16 19:33:14 [info     ] Start download coin=<Coin:  (EDGEUSDT)> start_time=datetime.datetime(2026, 9, 4, 0, 0, tzinfo=datetime.timezone.utc) end_time=datetime.datetime(2026, 9, 4, 23, 59, tzinfo=datetime.timezone.utc)
2026-09-16 19:33:14 [info     ] [Bybit] Starting historical data generator for symbol='EDGEUSDT', days=90
2026-09-16 19:33:14 [info     ] [Bybit] Loading data from 2026-09-04 00:00:00+00:00 to 2026-09-04 23:59:00+00:00
2026-09-16 19:33:14 [info     ] [Bybit] Yielding batch of 1000 candles for EDGEUSDT
2026-09-16 19:33:15 [info     ] [Bybit] Yielding batch of 440 candles for EDGEUSDT
2026-09-16 19:33:15 [info     ] [Bybit] Reached start time for EDGEUSDT
2026-09-16 19:33:15 [info     ] [Bybit] Historical data generator completed for EDGEUSDT
2026-09-16 19:33:15 [info     ] [Bitget] Starting historical data generator for symbol='EDGEUSDT', days=90
2026-09-16 19:33:15 [info     ] [Bitget] Loading data from 2026-09-04 00:00:00+00:00 to 2026-09-04 23:59:00+00:00
2026-09-16 19:33:15 - INFO - HTTP Request: GET https://api.bitget.com/api/v2/mix/market/candles?symbol=EDGEUSDT&granularity=1m&limit=1000&productType=usdt-futures&endTime=1788566340000 "HTTP/1.1 200 OK"
2026-09-16 19:33:15 [info     ] [Bitget] Yielding batch of 1000 candles for EDGEUSDT
2026-09-16 19:33:16 - INFO - HTTP Request: GET https://api.bitget.com/api/v2/mix/market/candles?symbol=EDGEUSDT&granularity=1m&limit=1000&productType=usdt-futures&endTime=1788506399999 "HTTP/1.1 200 OK"
2026-09-16 19:33:16 [info     ] [Bitget] Yielding batch of 440 candles for EDGEUSDT
2026-09-16 19:33:16 [info     ] [Bitget] Reached start time for EDGEUSDT
2026-09-16 19:33:16 [info     ] [Bitget] Historical data generator completed for EDGEUSDT
2026-09-16 19:33:16 [info     ] ✅ Price data download completed successfully final_count=2986 final_result=True status=SUCCESS total_minutes=1440
[2026-09-16 19:33:16 UTC] 125/2726 | EDGEUSDT 2026-09-04: +2880 свечей (прогнозов ждало 62) | всего +316800 | темп 1502 окон/ч, осталось ~1.7 ч | диск 59.8 ГБ
2026-09-16 19:33:16 [info     ] Smart minute data check        end=datetime.datetime(2026, 9, 4, 23, 59, tzinfo=datetime.timezone.utc) expected_minutes=1440 start=datetime.datetime(2026, 9, 4, 0, 0, tzinfo=datetime.timezone.utc) symbol=CHIPUSDT
2026-09-16 19:33:16 [warning  ] ⚠️  Incomplete price data, downloading missing existing=97 expected_total=1440 missing=1343 status=INCOMPLETE symbol=CHIPUSDT
2026-09-16 19:33:16 [info     ] Start download coin=<Coin:  (CHIPUSDT)> start_time=datetime.datetime(2026, 9, 4, 0, 0, tzinfo=datetime.timezone.utc) end_time=datetime.datetime(2026, 9, 4, 23, 59, tzinfo=datetime.timezone.utc)
2026-09-16 19:33:16 [info     ] [Bybit] Starting historical data generator for symbol='CHIPUSDT', days=90
2026-09-16 19:33:16 [info     ] [Bybit] Loading data from 2026-09-04 00:00:00+00:00 to 2026-09-04 23:59:00+00:00
2026-09-16 19:33:17 [info     ] [Bybit] Yielding batch of 1000 candles for CHIPUSDT
2026-09-16 19:33:18 [info     ] [Bybit] Yielding batch of 440 candles for CHIPUSDT
2026-09-16 19:33:18 [info     ] [Bybit] Reached start time for CHIPUSDT
2026-09-16 19:33:18 [info     ] [Bybit] Historical data generator completed for CHIPUSDT
2026-09-16 19:33:18 [info     ] [Bitget] Starting historical data generator for symbol='CHIPUSDT', days=90
2026-09-16 19:33:18 [info     ] [Bitget] Loading data from 2026-09-04 00:00:00+00:00 to 2026-09-04 23:59:00+00:00
2026-09-16 19:33:18 - INFO - HTTP Request: GET https://api.bitget.com/api/v2/mix/market/candles?symbol=CHIPUSDT&granularity=1m&limit=1000&productType=usdt-futures&endTime=1788566340000 "HTTP/1.1 200 OK"
2026-09-16 19:33:18 [info     ] [Bitget] Yielding batch of 1000 candles for CHIPUSDT
2026-09-16 19:33:19 - INFO - HTTP Request: GET https://api.bitget.com/api/v2/mix/market/candles?symbol=CHIPUSDT&granularity=1m&limit=1000&productType=usdt-futures&endTime=1788506399999 "HTTP/1.1 200 OK"
2026-09-16 19:33:19 [info     ] [Bitget] Yielding batch of 440 candles for CHIPUSDT
2026-09-16 19:33:19 [info     ] [Bitget] Reached start time for CHIPUSDT
2026-09-16 19:33:19 [info     ] [Bitget] Historical data generator completed for CHIPUSDT
2026-09-16 19:33:19 [info     ] ✅ Price data download completed successfully final_count=2979 final_result=True status=SUCCESS total_minutes=1440
[2026-09-16 19:33:19 UTC] 126/2726 | CHIPUSDT 2026-09-04: +2880 свечей (прогнозов ждало 2) | всего +319680 | темп 1500 окон/ч, осталось ~1.7 ч | диск 59.8 ГБ
2026-09-16 19:33:19 [info     ] Smart minute data check        end=datetime.datetime(2026, 9, 4, 23, 59, tzinfo=datetime.timezone.utc) expected_minutes=1440 start=datetime.datetime(2026, 9, 4, 0, 0, tzinfo=datetime.timezone.utc) symbol=ZESTUSDT
2026-09-16 19:33:19 [warning  ] ⚠️  Incomplete price data, downloading missing existing=95 expected_total=1440 missing=1345 status=INCOMPLETE symbol=ZESTUSDT
2026-09-16 19:33:19 [info     ] Start download coin=<Coin:  (ZESTUSDT)> start_time=datetime.datetime(2026, 9, 4, 0, 0, tzinfo=datetime.timezone.utc) end_time=datetime.datetime(2026, 9, 4, 23, 59, tzinfo=datetime.timezone.utc)
2026-09-16 19:33:19 [info     ] [Bybit] Starting historical data generator for symbol='ZESTUSDT', days=90
2026-09-16 19:33:19 [info     ] [Bybit] Loading data from 2026-09-04 00:00:00+00:00 to 2026-09-04 23:59:00+00:00
2026-09-16 19:33:19 [info     ] [Bybit] Yielding batch of 1000 candles for ZESTUSDT
2026-09-16 19:33:20 [info     ] [Bybit] Yielding batch of 440 candles for ZESTUSDT
2026-09-16 19:33:20 [info     ] [Bybit] Reached start time for ZESTUSDT
2026-09-16 19:33:20 [info     ] [Bybit] Historical data generator completed for ZESTUSDT
2026-09-16 19:33:20 [info     ] [Bitget] Starting historical data generator for symbol='ZESTUSDT', days=90
2026-09-16 19:33:20 [info     ] [Bitget] Loading data from 2026-09-04 00:00:00+00:00 to 2026-09-04 23:59:00+00:00
2026-09-16 19:33:21 - INFO - HTTP Request: GET https://api.bitget.com/api/v2/mix/market/candles?symbol=ZESTUSDT&granularity=1m&limit=1000&productType=usdt-futures&endTime=1788566340000 "HTTP/1.1 200 OK"
2026-09-16 19:33:21 [info     ] [Bitget] Yielding batch of 1000 candles for ZESTUSDT
2026-09-16 19:33:21 - INFO - HTTP Request: GET https://api.bitget.com/api/v2/mix/market/candles?symbol=ZESTUSDT&granularity=1m&limit=1000&productType=usdt-futures&endTime=1788506399999 "HTTP/1.1 200 OK"
2026-09-16 19:33:21 [info     ] [Bitget] Yielding batch of 440 candles for ZESTUSDT
2026-09-16 19:33:21 [info     ] [Bitget] Reached start time for ZESTUSDT
2026-09-16 19:33:21 [info     ] [Bitget] Historical data generator completed for ZESTUSDT
2026-09-16 19:33:21 [info     ] ✅ Price data download completed successfully final_count=2975 final_result=True status=SUCCESS total_minutes=1440
[2026-09-16 19:33:21 UTC] 127/2726 | ZESTUSDT 2026-09-04: +2880 свечей (прогнозов ждало 3) | всего +322560 | темп 1499 окон/ч, осталось ~1.7 ч | диск 59.8 ГБ
2026-09-16 19:33:22 [info     ] Smart minute data check        end=datetime.datetime(2026, 9, 4, 23, 59, tzinfo=datetime.timezone.utc) expected_minutes=1440 start=datetime.datetime(2026, 9, 4, 0, 0, tzinfo=datetime.timezone.utc) symbol=SNDKUSDT
2026-09-16 19:33:22 [warning  ] ⚠️  Incomplete price data, downloading missing existing=95 expected_total=1440 missing=1345 status=INCOMPLETE symbol=SNDKUSDT
2026-09-16 19:33:22 [info     ] Start download coin=<Coin:  (SNDKUSDT)> start_time=datetime.datetime(2026, 9, 4, 0, 0, tzinfo=datetime.timezone.utc) end_time=datetime.datetime(2026, 9, 4, 23, 59, tzinfo=datetime.timezone.utc)
2026-09-16 19:33:22 [info     ] [Bybit] Starting historical data generator for symbol='SNDKUSDT', days=90
2026-09-16 19:33:22 [info     ] [Bybit] Loading data from 2026-09-04 00:00:00+00:00 to 2026-09-04 23:59:00+00:00
2026-09-16 19:33:22 [info     ] [Bybit] Yielding batch of 1000 candles for SNDKUSDT
2026-09-16 19:33:23 [info     ] [Bybit] Yielding batch of 440 candles for SNDKUSDT
2026-09-16 19:33:23 [info     ] [Bybit] Reached start time for SNDKUSDT
2026-09-16 19:33:23 [info     ] [Bybit] Historical data generator completed for SNDKUSDT
2026-09-16 19:33:23 [info     ] [Bitget] Starting historical data generator for symbol='SNDKUSDT', days=90
2026-09-16 19:33:23 [info     ] [Bitget] Loading data from 2026-09-04 00:00:00+00:00 to 2026-09-04 23:59:00+00:00
2026-09-16 19:33:23 - INFO - HTTP Request: GET https://api.bitget.com/api/v2/mix/market/candles?symbol=SNDKUSDT&granularity=1m&limit=1000&productType=usdt-futures&endTime=1788566340000 "HTTP/1.1 200 OK"
2026-09-16 19:33:23 [info     ] [Bitget] Yielding batch of 1000 candles for SNDKUSDT
2026-09-16 19:33:24 - INFO - HTTP Request: GET https://api.bitget.com/api/v2/mix/market/candles?symbol=SNDKUSDT&granularity=1m&limit=1000&productType=usdt-futures&endTime=1788506399999 "HTTP/1.1 200 OK"
2026-09-16 19:33:24 [info     ] [Bitget] Yielding batch of 440 candles for SNDKUSDT
2026-09-16 19:33:24 [info     ] [Bitget] Reached start time for SNDKUSDT
2026-09-16 19:33:24 [info     ] [Bitget] Historical data generator completed for SNDKUSDT
2026-09-16 19:33:24 [info     ] ✅ Price data download completed successfully final_count=2975 final_result=True status=SUCCESS total_minutes=1440
[2026-09-16 19:33:24 UTC] 128/2726 | SNDKUSDT 2026-09-04: +2880 свечей (прогнозов ждало 1) | всего +325440 | темп 1498 окон/ч, осталось ~1.7 ч | диск 59.8 ГБ
2026-09-16 19:33:24 [info     ] Smart minute data check        end=datetime.datetime(2026, 9, 4, 23, 59, tzinfo=datetime.timezone.utc) expected_minutes=1440 start=datetime.datetime(2026, 9, 4, 0, 0, tzinfo=datetime.timezone.utc) symbol=CAPUSDT
2026-09-16 19:33:24 [warning  ] ⚠️  Incomplete price data, downloading missing existing=95 expected_total=1440 missing=1345 status=INCOMPLETE symbol=CAPUSDT
2026-09-16 19:33:24 [info     ] Start download coin=<Coin:  (CAPUSDT)> start_time=datetime.datetime(2026, 9, 4, 0, 0, tzinfo=datetime.timezone.utc) end_time=datetime.datetime(2026, 9, 4, 23, 59, tzinfo=datetime.timezone.utc)
2026-09-16 19:33:24 [info     ] [Bybit] Starting historical data generator for symbol='CAPUSDT', days=90
2026-09-16 19:33:24 [info     ] [Bybit] Loading data from 2026-09-04 00:00:00+00:00 to 2026-09-04 23:59:00+00:00
2026-09-16 19:33:25 [info     ] [Bybit] Yielding batch of 1000 candles for CAPUSDT
2026-09-16 19:33:25 [info     ] [Bybit] Yielding batch of 440 candles for CAPUSDT
2026-09-16 19:33:26 [info     ] [Bybit] Reached start time for CAPUSDT
2026-09-16 19:33:26 [info     ] [Bybit] Historical data generator completed for CAPUSDT
2026-09-16 19:33:26 [info     ] [Bitget] Starting historical data generator for symbol='CAPUSDT', days=90
2026-09-16 19:33:26 [info     ] [Bitget] Loading data from 2026-09-04 00:00:00+00:00 to 2026-09-04 23:59:00+00:00
2026-09-16 19:33:26 - INFO - HTTP Request: GET https://api.bitget.com/api/v2/mix/market/candles?symbol=CAPUSDT&granularity=1m&limit=1000&productType=usdt-futures&endTime=1788566340000 "HTTP/1.1 200 OK"
2026-09-16 19:33:26 [info     ] [Bitget] Yielding batch of 1000 candles for CAPUSDT
2026-09-16 19:33:26 - INFO - HTTP Request: GET https://api.bitget.com/api/v2/mix/market/candles?symbol=CAPUSDT&granularity=1m&limit=1000&productType=usdt-futures&endTime=1788506399999 "HTTP/1.1 200 OK"
2026-09-16 19:33:26 [info     ] [Bitget] Yielding batch of 440 candles for CAPUSDT
2026-09-16 19:33:26 [info     ] [Bitget] Reached start time for CAPUSDT
2026-09-16 19:33:26 [info     ] [Bitget] Historical data generator completed for CAPUSDT
2026-09-16 19:33:26 [info     ] ✅ Price data download completed successfully final_count=2975 final_result=True status=SUCCESS total_minutes=1440
[2026-09-16 19:33:26 UTC] 129/2726 | CAPUSDT 2026-09-04: +2880 свечей (прогнозов ждало 1) | всего +328320 | темп 1498 окон/ч, осталось ~1.7 ч | диск 59.8 ГБ
2026-09-16 19:33:27 [info     ] Smart minute data check        end=datetime.datetime(2026, 9, 4, 23, 59, tzinfo=datetime.timezone.utc) expected_minutes=1440 start=datetime.datetime(2026, 9, 4, 0, 0, tzinfo=datetime.timezone.utc) symbol=SNXXUSDT
2026-09-16 19:33:27 [warning  ] ⚠️  Incomplete price data, downloading missing existing=95 expected_total=1440 missing=1345 status=INCOMPLETE symbol=SNXXUSDT
2026-09-16 19:33:27 [info     ] Start download coin=<Coin:  (SNXXUSDT)> start_time=datetime.datetime(2026, 9, 4, 0, 0, tzinfo=datetime.timezone.utc) end_time=datetime.datetime(2026, 9, 4, 23, 59, tzinfo=datetime.timezone.utc)
2026-09-16 19:33:27 [info     ] [Bybit] Starting historical data generator for symbol='SNXXUSDT', days=90
2026-09-16 19:33:27 [info     ] [Bybit] Loading data from 2026-09-04 00:00:00+00:00 to 2026-09-04 23:59:00+00:00
2026-09-16 19:33:27 [info     ] [Bybit] Yielding batch of 1000 candles for SNXXUSDT
2026-09-16 19:33:28 [info     ] [Bybit] Yielding batch of 440 candles for SNXXUSDT
2026-09-16 19:33:28 [info     ] [Bybit] Reached start time for SNXXUSDT
2026-09-16 19:33:28 [info     ] [Bybit] Historical data generator completed for SNXXUSDT
2026-09-16 19:33:28 [info     ] [Bitget] Starting historical data generator for symbol='SNXXUSDT', days=90
2026-09-16 19:33:28 [info     ] [Bitget] Loading data from 2026-09-04 00:00:00+00:00 to 2026-09-04 23:59:00+00:00
2026-09-16 19:33:28 - INFO - HTTP Request: GET https://api.bitget.com/api/v2/mix/market/candles?symbol=SNXXUSDT&granularity=1m&limit=1000&productType=usdt-futures&endTime=1788566340000 "HTTP/1.1 200 OK"
2026-09-16 19:33:28 [info     ] [Bitget] Yielding batch of 1000 candles for SNXXUSDT
2026-09-16 19:33:28 - INFO - HTTP Request: GET https://api.bitget.com/api/v2/mix/market/candles?symbol=SNXXUSDT&granularity=1m&limit=1000&productType=usdt-futures&endTime=1788506399999 "HTTP/1.1 200 OK"
2026-09-16 19:33:28 [info     ] [Bitget] Yielding batch of 440 candles for SNXXUSDT
2026-09-16 19:33:29 [info     ] [Bitget] Reached start time for SNXXUSDT
2026-09-16 19:33:29 [info     ] [Bitget] Historical data generator completed for SNXXUSDT
2026-09-16 19:33:29 [info     ] ✅ Price data download completed successfully final_count=2975 final_result=True status=SUCCESS total_minutes=1440
[2026-09-16 19:33:29 UTC] 130/2726 | SNXXUSDT 2026-09-04: +2880 свечей (прогнозов ждало 1) | всего +331200 | темп 1499 окон/ч, осталось ~1.7 ч | диск 59.8 ГБ
2026-09-16 19:33:29 [info     ] Smart minute data check        end=datetime.datetime(2026, 9, 4, 23, 59, tzinfo=datetime.timezone.utc) expected_minutes=1440 start=datetime.datetime(2026, 9, 4, 0, 0, tzinfo=datetime.timezone.utc) symbol=DOSUSDT
2026-09-16 19:33:29 [warning  ] ⚠️  Incomplete price data, downloading missing existing=95 expected_total=1440 missing=1345 status=INCOMPLETE symbol=DOSUSDT
2026-09-16 19:33:29 [info     ] Start download coin=<Coin:  (DOSUSDT)> start_time=datetime.datetime(2026, 9, 4, 0, 0, tzinfo=datetime.timezone.utc) end_time=datetime.datetime(2026, 9, 4, 23, 59, tzinfo=datetime.timezone.utc)
2026-09-16 19:33:29 [info     ] [Bybit] Starting historical data generator for symbol='DOSUSDT', days=90
2026-09-16 19:33:29 [info     ] [Bybit] Loading data from 2026-09-04 00:00:00+00:00 to 2026-09-04 23:59:00+00:00
2026-09-16 19:33:29 [info     ] [Bybit] Yielding batch of 1000 candles for DOSUSDT
2026-09-16 19:33:30 [info     ] [Bybit] Yielding batch of 440 candles for DOSUSDT
2026-09-16 19:33:30 [info     ] [Bybit] Reached start time for DOSUSDT
2026-09-16 19:33:30 [info     ] [Bybit] Historical data generator completed for DOSUSDT
2026-09-16 19:33:30 [info     ] [Bitget] Starting historical data generator for symbol='DOSUSDT', days=90
2026-09-16 19:33:30 [info     ] [Bitget] Loading data from 2026-09-04 00:00:00+00:00 to 2026-09-04 23:59:00+00:00
2026-09-16 19:33:30 - INFO - HTTP Request: GET https://api.bitget.com/api/v2/mix/market/candles?symbol=DOSUSDT&granularity=1m&limit=1000&productType=usdt-futures&endTime=1788566340000 "HTTP/1.1 200 OK"
2026-09-16 19:33:31 [info     ] [Bitget] Yielding batch of 1000 candles for DOSUSDT
2026-09-16 19:33:31 - INFO - HTTP Request: GET https://api.bitget.com/api/v2/mix/market/candles?symbol=DOSUSDT&granularity=1m&limit=1000&productType=usdt-futures&endTime=1788506399999 "HTTP/1.1 200 OK"
2026-09-16 19:33:31 [info     ] [Bitget] Yielding batch of 440 candles for DOSUSDT
2026-09-16 19:33:31 [info     ] [Bitget] Reached start time for DOSUSDT
2026-09-16 19:33:31 [info     ] [Bitget] Historical data generator completed for DOSUSDT
2026-09-16 19:33:31 [info     ] ✅ Price data download completed successfully final_count=2975 final_result=True status=SUCCESS total_minutes=1440
[2026-09-16 19:33:31 UTC] 131/2726 | DOSUSDT 2026-09-04: +2880 свечей (прогнозов ждало 3) | всего +334080 | темп 1498 окон/ч, осталось ~1.7 ч | диск 59.8 ГБ
2026-09-16 19:33:32 [info     ] Smart minute data check        end=datetime.datetime(2026, 9, 4, 23, 59, tzinfo=datetime.timezone.utc) expected_minutes=1440 start=datetime.datetime(2026, 9, 4, 0, 0, tzinfo=datetime.timezone.utc) symbol=DOTUSD
2026-09-16 19:33:32 [warning  ] ⚠️  Incomplete price data, downloading missing existing=95 expected_total=1440 missing=1345 status=INCOMPLETE symbol=DOTUSD
2026-09-16 19:33:32 [info     ] Start download coin=<Coin:  (DOTUSD)> start_time=datetime.datetime(2026, 9, 4, 0, 0, tzinfo=datetime.timezone.utc) end_time=datetime.datetime(2026, 9, 4, 23, 59, tzinfo=datetime.timezone.utc)
2026-09-16 19:33:32 [info     ] [Bybit] Starting historical data generator for symbol='DOTUSD', days=90
2026-09-16 19:33:32 [info     ] [Bybit] Loading data from 2026-09-04 00:00:00+00:00 to 2026-09-04 23:59:00+00:00
2026-09-16 19:33:32 [info     ] [Bybit] Yielding batch of 1000 candles for DOTUSD
2026-09-16 19:33:33 [info     ] [Bybit] Yielding batch of 440 candles for DOTUSD
2026-09-16 19:33:33 [info     ] [Bybit] Reached start time for DOTUSD
2026-09-16 19:33:33 [info     ] [Bybit] Historical data generator completed for DOTUSD
2026-09-16 19:33:33 [info     ] [Bitget] Starting historical data generator for symbol='DOTUSD', days=90
2026-09-16 19:33:33 [info     ] [Bitget] Loading data from 2026-09-04 00:00:00+00:00 to 2026-09-04 23:59:00+00:00
2026-09-16 19:33:33 - INFO - HTTP Request: GET https://api.bitget.com/api/v2/mix/market/candles?symbol=DOTUSD&granularity=1m&limit=1000&productType=usdt-futures&endTime=1788566340000 "HTTP/1.1 400 Bad Request"
2026-09-16 19:33:33 [error    ] [Bitget] Failed to get historical data batch for symbol='DOTUSD'
Traceback (most recent call last):
  File "/srv/www/services/crypto_market.py", line 404, in get_historical_candles_generator
    response = self._make_kline_request(
        symbol=symbol, limit=self.BATCH_SIZE, end_time_ms=current_end_time_ms, granularity="1m"
    )
  File "/srv/www/services/crypto_market.py", line 364, in _make_kline_request
    response.raise_for_status()
    ~~~~~~~~~~~~~~~~~~~~~~~~~^^
  File "/srv/docker-venv/lib/python3.14/site-packages/httpx/_models.py", line 829, in raise_for_status
    raise HTTPStatusError(message, request=request, response=self)
httpx.HTTPStatusError: Client error '400 Bad Request' for url 'https://api.bitget.com/api/v2/mix/market/candles?symbol=DOTUSD&granularity=1m&limit=1000&productType=usdt-futures&endTime=1788566340000'
For more information check: https://developer.mozilla.org/en-US/docs/Web/HTTP/Status/400
2026-09-16 19:33:33 [error    ] Error download coin history interval start_time=datetime.datetime(2026, 9, 4, 0, 0, tzinfo=datetime.timezone.utc) end_time=datetime.datetime(2026, 9, 4, 23, 59, tzinfo=datetime.timezone.utc)
Traceback (most recent call last):
  File "/srv/www/services/crypto_market.py", line 404, in get_historical_candles_generator
    response = self._make_kline_request(
        symbol=symbol, limit=self.BATCH_SIZE, end_time_ms=current_end_time_ms, granularity="1m"
    )
  File "/srv/www/services/crypto_market.py", line 364, in _make_kline_request
    response.raise_for_status()
    ~~~~~~~~~~~~~~~~~~~~~~~~~^^
  File "/srv/docker-venv/lib/python3.14/site-packages/httpx/_models.py", line 829, in raise_for_status
    raise HTTPStatusError(message, request=request, response=self)
httpx.HTTPStatusError: Client error '400 Bad Request' for url 'https://api.bitget.com/api/v2/mix/market/candles?symbol=DOTUSD&granularity=1m&limit=1000&productType=usdt-futures&endTime=1788566340000'
For more information check: https://developer.mozilla.org/en-US/docs/Web/HTTP/Status/400

The above exception was the direct cause of the following exception:

Traceback (most recent call last):
  File "/srv/www/services/price_sync.py", line 255, in ensure_minute_data_smart
    self.download_coin_history_interval(coin=coin, start_time=start_time, end_time=end_time)
    ~~~~~~~~~~~~~~~~~~~~~~~~~~~~~~~~~~~^^^^^^^^^^^^^^^^^^^^^^^^^^^^^^^^^^^^^^^^^^^^^^^^^^^^^
  File "/srv/www/services/price_sync.py", line 295, in download_coin_history_interval
    for batch_candles in client.get_historical_candles_generator(
                         ~~~~~~~~~~~~~~~~~~~~~~~~~~~~~~~~~~~~~~~^
        symbol=coin.symbol, start_time=start_time, end_time=end_time
        ^^^^^^^^^^^^^^^^^^^^^^^^^^^^^^^^^^^^^^^^^^^^^^^^^^^^^^^^^^^^
    ):
    ^
  File "/srv/www/services/crypto_market.py", line 409, in get_historical_candles_generator
    raise BitgetResponseError("Failed to get historical data batch") from exception
services.crypto_market.BitgetResponseError: Failed to get historical data batch
2026-09-16 19:33:34 [info     ] Smart minute data check        end=datetime.datetime(2026, 9, 4, 23, 59, tzinfo=datetime.timezone.utc) expected_minutes=1440 start=datetime.datetime(2026, 9, 4, 0, 0, tzinfo=datetime.timezone.utc) symbol=PENGUSDT
2026-09-16 19:33:34 [warning  ] ⚠️  Incomplete price data, downloading missing existing=95 expected_total=1440 missing=1345 status=INCOMPLETE symbol=PENGUSDT
2026-09-16 19:33:34 [info     ] Start download coin=<Coin:  (PENGUSDT)> start_time=datetime.datetime(2026, 9, 4, 0, 0, tzinfo=datetime.timezone.utc) end_time=datetime.datetime(2026, 9, 4, 23, 59, tzinfo=datetime.timezone.utc)
2026-09-16 19:33:34 [info     ] [Bybit] Starting historical data generator for symbol='PENGUSDT', days=90
2026-09-16 19:33:34 [info     ] [Bybit] Loading data from 2026-09-04 00:00:00+00:00 to 2026-09-04 23:59:00+00:00
2026-09-16 19:33:34 [info     ] [Bybit] No more data for PENGUSDT
2026-09-16 19:33:34 [info     ] [Bybit] Historical data generator completed for PENGUSDT
2026-09-16 19:33:34 [info     ] [Bitget] Starting historical data generator for symbol='PENGUSDT', days=90
2026-09-16 19:33:34 [info     ] [Bitget] Loading data from 2026-09-04 00:00:00+00:00 to 2026-09-04 23:59:00+00:00
2026-09-16 19:33:34 - INFO - HTTP Request: GET https://api.bitget.com/api/v2/mix/market/candles?symbol=PENGUSDT&granularity=1m&limit=1000&productType=usdt-futures&endTime=1788566340000 "HTTP/1.1 200 OK"
2026-09-16 19:33:34 [info     ] [Bitget] Yielding batch of 1000 candles for PENGUSDT
2026-09-16 19:33:34 - INFO - HTTP Request: GET https://api.bitget.com/api/v2/mix/market/candles?symbol=PENGUSDT&granularity=1m&limit=1000&productType=usdt-futures&endTime=1788506399999 "HTTP/1.1 200 OK"
2026-09-16 19:33:34 [info     ] [Bitget] Yielding batch of 440 candles for PENGUSDT
2026-09-16 19:33:35 [info     ] [Bitget] Reached start time for PENGUSDT
2026-09-16 19:33:35 [info     ] [Bitget] Historical data generator completed for PENGUSDT
2026-09-16 19:33:35 [info     ] ✅ Price data download completed successfully final_count=1535 final_result=True status=SUCCESS total_minutes=1440
2026-09-16 19:33:35 [info     ] Smart minute data check        end=datetime.datetime(2026, 9, 4, 23, 59, tzinfo=datetime.timezone.utc) expected_minutes=1440 start=datetime.datetime(2026, 9, 4, 0, 0, tzinfo=datetime.timezone.utc) symbol=NIULAIUSDT
2026-09-16 19:33:35 [warning  ] ⚠️  Incomplete price data, downloading missing existing=96 expected_total=1440 missing=1344 status=INCOMPLETE symbol=NIULAIUSDT
2026-09-16 19:33:35 [info     ] Start download coin=<Coin:  (NIULAIUSDT)> start_time=datetime.datetime(2026, 9, 4, 0, 0, tzinfo=datetime.timezone.utc) end_time=datetime.datetime(2026, 9, 4, 23, 59, tzinfo=datetime.timezone.utc)
2026-09-16 19:33:35 [info     ] [Bybit] Starting historical data generator for symbol='NIULAIUSDT', days=90
2026-09-16 19:33:35 [info     ] [Bybit] Loading data from 2026-09-04 00:00:00+00:00 to 2026-09-04 23:59:00+00:00
2026-09-16 19:33:35 [info     ] [Bybit] Yielding batch of 1000 candles for NIULAIUSDT
2026-09-16 19:33:36 [info     ] [Bybit] Yielding batch of 440 candles for NIULAIUSDT
2026-09-16 19:33:36 [info     ] [Bybit] Reached start time for NIULAIUSDT
2026-09-16 19:33:36 [info     ] [Bybit] Historical data generator completed for NIULAIUSDT
2026-09-16 19:33:36 [info     ] [Bitget] Starting historical data generator for symbol='NIULAIUSDT', days=90
2026-09-16 19:33:36 [info     ] [Bitget] Loading data from 2026-09-04 00:00:00+00:00 to 2026-09-04 23:59:00+00:00
2026-09-16 19:33:36 - INFO - HTTP Request: GET https://api.bitget.com/api/v2/mix/market/candles?symbol=NIULAIUSDT&granularity=1m&limit=1000&productType=usdt-futures&endTime=1788566340000 "HTTP/1.1 400 Bad Request"
2026-09-16 19:33:36 [error    ] [Bitget] Failed to get historical data batch for symbol='NIULAIUSDT'
Traceback (most recent call last):
  File "/srv/www/services/crypto_market.py", line 404, in get_historical_candles_generator
    response = self._make_kline_request(
        symbol=symbol, limit=self.BATCH_SIZE, end_time_ms=current_end_time_ms, granularity="1m"
    )
  File "/srv/www/services/crypto_market.py", line 364, in _make_kline_request
    response.raise_for_status()
    ~~~~~~~~~~~~~~~~~~~~~~~~~^^
  File "/srv/docker-venv/lib/python3.14/site-packages/httpx/_models.py", line 829, in raise_for_status
    raise HTTPStatusError(message, request=request, response=self)
httpx.HTTPStatusError: Client error '400 Bad Request' for url 'https://api.bitget.com/api/v2/mix/market/candles?symbol=NIULAIUSDT&granularity=1m&limit=1000&productType=usdt-futures&endTime=1788566340000'
For more information check: https://developer.mozilla.org/en-US/docs/Web/HTTP/Status/400
2026-09-16 19:33:36 [error    ] Error download coin history interval start_time=datetime.datetime(2026, 9, 4, 0, 0, tzinfo=datetime.timezone.utc) end_time=datetime.datetime(2026, 9, 4, 23, 59, tzinfo=datetime.timezone.utc)
Traceback (most recent call last):
  File "/srv/www/services/crypto_market.py", line 404, in get_historical_candles_generator
    response = self._make_kline_request(
        symbol=symbol, limit=self.BATCH_SIZE, end_time_ms=current_end_time_ms, granularity="1m"
    )
  File "/srv/www/services/crypto_market.py", line 364, in _make_kline_request
    response.raise_for_status()
    ~~~~~~~~~~~~~~~~~~~~~~~~~^^
  File "/srv/docker-venv/lib/python3.14/site-packages/httpx/_models.py", line 829, in raise_for_status
    raise HTTPStatusError(message, request=request, response=self)
httpx.HTTPStatusError: Client error '400 Bad Request' for url 'https://api.bitget.com/api/v2/mix/market/candles?symbol=NIULAIUSDT&granularity=1m&limit=1000&productType=usdt-futures&endTime=1788566340000'
For more information check: https://developer.mozilla.org/en-US/docs/Web/HTTP/Status/400

The above exception was the direct cause of the following exception:

Traceback (most recent call last):
  File "/srv/www/services/price_sync.py", line 255, in ensure_minute_data_smart
    self.download_coin_history_interval(coin=coin, start_time=start_time, end_time=end_time)
    ~~~~~~~~~~~~~~~~~~~~~~~~~~~~~~~~~~~^^^^^^^^^^^^^^^^^^^^^^^^^^^^^^^^^^^^^^^^^^^^^^^^^^^^^
  File "/srv/www/services/price_sync.py", line 295, in download_coin_history_interval
    for batch_candles in client.get_historical_candles_generator(
                         ~~~~~~~~~~~~~~~~~~~~~~~~~~~~~~~~~~~~~~~^
        symbol=coin.symbol, start_time=start_time, end_time=end_time
        ^^^^^^^^^^^^^^^^^^^^^^^^^^^^^^^^^^^^^^^^^^^^^^^^^^^^^^^^^^^^
    ):
    ^
  File "/srv/www/services/crypto_market.py", line 409, in get_historical_candles_generator
    raise BitgetResponseError("Failed to get historical data batch") from exception
services.crypto_market.BitgetResponseError: Failed to get historical data batch
2026-09-16 19:33:36 [info     ] Smart minute data check        end=datetime.datetime(2026, 9, 4, 23, 59, tzinfo=datetime.timezone.utc) expected_minutes=1440 start=datetime.datetime(2026, 9, 4, 0, 0, tzinfo=datetime.timezone.utc) symbol=MARSCOINUSDT
2026-09-16 19:33:36 [warning  ] ⚠️  Incomplete price data, downloading missing existing=95 expected_total=1440 missing=1345 status=INCOMPLETE symbol=MARSCOINUSDT
2026-09-16 19:33:36 [info     ] Start download coin=<Coin:  (MARSCOINUSDT)> start_time=datetime.datetime(2026, 9, 4, 0, 0, tzinfo=datetime.timezone.utc) end_time=datetime.datetime(2026, 9, 4, 23, 59, tzinfo=datetime.timezone.utc)
2026-09-16 19:33:36 [info     ] [Bybit] Starting historical data generator for symbol='MARSCOINUSDT', days=90
2026-09-16 19:33:36 [info     ] [Bybit] Loading data from 2026-09-04 00:00:00+00:00 to 2026-09-04 23:59:00+00:00
2026-09-16 19:33:37 [info     ] [Bybit] Yielding batch of 1000 candles for MARSCOINUSDT
2026-09-16 19:33:38 [info     ] [Bybit] Yielding batch of 440 candles for MARSCOINUSDT
2026-09-16 19:33:38 [info     ] [Bybit] Reached start time for MARSCOINUSDT
2026-09-16 19:33:38 [info     ] [Bybit] Historical data generator completed for MARSCOINUSDT
2026-09-16 19:33:38 [info     ] [Bitget] Starting historical data generator for symbol='MARSCOINUSDT', days=90
2026-09-16 19:33:38 [info     ] [Bitget] Loading data from 2026-09-04 00:00:00+00:00 to 2026-09-04 23:59:00+00:00
2026-09-16 19:33:38 - INFO - HTTP Request: GET https://api.bitget.com/api/v2/mix/market/candles?symbol=MARSCOINUSDT&granularity=1m&limit=1000&productType=usdt-futures&endTime=1788566340000 "HTTP/1.1 200 OK"
2026-09-16 19:33:38 [info     ] [Bitget] Yielding batch of 1000 candles for MARSCOINUSDT
2026-09-16 19:33:39 - INFO - HTTP Request: GET https://api.bitget.com/api/v2/mix/market/candles?symbol=MARSCOINUSDT&granularity=1m&limit=1000&productType=usdt-futures&endTime=1788506399999 "HTTP/1.1 200 OK"
2026-09-16 19:33:39 [info     ] [Bitget] Yielding batch of 440 candles for MARSCOINUSDT
2026-09-16 19:33:39 [info     ] [Bitget] Reached start time for MARSCOINUSDT
2026-09-16 19:33:39 [info     ] [Bitget] Historical data generator completed for MARSCOINUSDT
2026-09-16 19:33:39 [info     ] ✅ Price data download completed successfully final_count=2975 final_result=True status=SUCCESS total_minutes=1440
[2026-09-16 19:33:39 UTC] 135/2726 | MARSCOINUSDT 2026-09-04: +2880 свечей (прогнозов ждало 31) | всего +341280 | темп 1508 окон/ч, осталось ~1.7 ч | диск 59.8 ГБ
2026-09-16 19:33:39 [info     ] Smart minute data check        end=datetime.datetime(2026, 9, 3, 23, 59, tzinfo=datetime.timezone.utc) expected_minutes=1440 start=datetime.datetime(2026, 9, 3, 0, 0, tzinfo=datetime.timezone.utc) symbol=BTCUSDT
2026-09-16 19:33:39 [warning  ] ⚠️  Incomplete price data, downloading missing existing=142 expected_total=1440 missing=1298 status=INCOMPLETE symbol=BTCUSDT
2026-09-16 19:33:39 [info     ] Start download coin=<Coin: Bitcoin (BTCUSDT)> start_time=datetime.datetime(2026, 9, 3, 0, 0, tzinfo=datetime.timezone.utc) end_time=datetime.datetime(2026, 9, 3, 23, 59, tzinfo=datetime.timezone.utc)
2026-09-16 19:33:39 [info     ] [Bybit] Starting historical data generator for symbol='BTCUSDT', days=90
2026-09-16 19:33:39 [info     ] [Bybit] Loading data from 2026-09-03 00:00:00+00:00 to 2026-09-03 23:59:00+00:00
2026-09-16 19:33:39 [info     ] [Bybit] Yielding batch of 1000 candles for BTCUSDT
2026-09-16 19:33:40 [info     ] [Bybit] Yielding batch of 440 candles for BTCUSDT
2026-09-16 19:33:40 [info     ] [Bybit] Reached start time for BTCUSDT
2026-09-16 19:33:40 [info     ] [Bybit] Historical data generator completed for BTCUSDT
2026-09-16 19:33:40 [info     ] [Bitget] Starting historical data generator for symbol='BTCUSDT', days=90
2026-09-16 19:33:40 [info     ] [Bitget] Loading data from 2026-09-03 00:00:00+00:00 to 2026-09-03 23:59:00+00:00
2026-09-16 19:33:41 - INFO - HTTP Request: GET https://api.bitget.com/api/v2/mix/market/candles?symbol=BTCUSDT&granularity=1m&limit=1000&productType=usdt-futures&endTime=1788479940000 "HTTP/1.1 200 OK"
2026-09-16 19:33:41 [info     ] [Bitget] Yielding batch of 1000 candles for BTCUSDT
2026-09-16 19:33:41 - INFO - HTTP Request: GET https://api.bitget.com/api/v2/mix/market/candles?symbol=BTCUSDT&granularity=1m&limit=1000&productType=usdt-futures&endTime=1788419999999 "HTTP/1.1 200 OK"
2026-09-16 19:33:41 [info     ] [Bitget] Yielding batch of 440 candles for BTCUSDT
2026-09-16 19:33:41 [info     ] [Bitget] Reached start time for BTCUSDT
2026-09-16 19:33:41 [info     ] [Bitget] Historical data generator completed for BTCUSDT
2026-09-16 19:33:41 [info     ] ✅ Price data download completed successfully final_count=3045 final_result=True status=SUCCESS total_minutes=1440
[2026-09-16 19:33:41 UTC] 136/2726 | BTCUSDT 2026-09-03: +2880 свечей (прогнозов ждало 93) | всего +344160 | темп 1507 окон/ч, осталось ~1.7 ч | диск 59.8 ГБ
2026-09-16 19:33:42 [info     ] Smart minute data check        end=datetime.datetime(2026, 9, 3, 23, 59, tzinfo=datetime.timezone.utc) expected_minutes=1440 start=datetime.datetime(2026, 9, 3, 0, 0, tzinfo=datetime.timezone.utc) symbol=ETHUSDT
2026-09-16 19:33:42 [warning  ] ⚠️  Incomplete price data, downloading missing existing=118 expected_total=1440 missing=1322 status=INCOMPLETE symbol=ETHUSDT
2026-09-16 19:33:42 [info     ] Start download coin=<Coin: Ethereum (ETHUSDT)> start_time=datetime.datetime(2026, 9, 3, 0, 0, tzinfo=datetime.timezone.utc) end_time=datetime.datetime(2026, 9, 3, 23, 59, tzinfo=datetime.timezone.utc)
2026-09-16 19:33:42 [info     ] [Bybit] Starting historical data generator for symbol='ETHUSDT', days=90
2026-09-16 19:33:42 [info     ] [Bybit] Loading data from 2026-09-03 00:00:00+00:00 to 2026-09-03 23:59:00+00:00
2026-09-16 19:33:43 [info     ] [Bybit] Yielding batch of 1000 candles for ETHUSDT
2026-09-16 19:33:44 [info     ] [Bybit] Yielding batch of 440 candles for ETHUSDT
2026-09-16 19:33:44 [info     ] [Bybit] Reached start time for ETHUSDT
2026-09-16 19:33:44 [info     ] [Bybit] Historical data generator completed for ETHUSDT
2026-09-16 19:33:44 [info     ] [Bitget] Starting historical data generator for symbol='ETHUSDT', days=90
2026-09-16 19:33:44 [info     ] [Bitget] Loading data from 2026-09-03 00:00:00+00:00 to 2026-09-03 23:59:00+00:00
2026-09-16 19:33:44 - INFO - HTTP Request: GET https://api.bitget.com/api/v2/mix/market/candles?symbol=ETHUSDT&granularity=1m&limit=1000&productType=usdt-futures&endTime=1788479940000 "HTTP/1.1 200 OK"
2026-09-16 19:33:44 [info     ] [Bitget] Yielding batch of 1000 candles for ETHUSDT
2026-09-16 19:33:45 - INFO - HTTP Request: GET https://api.bitget.com/api/v2/mix/market/candles?symbol=ETHUSDT&granularity=1m&limit=1000&productType=usdt-futures&endTime=1788419999999 "HTTP/1.1 200 OK"
2026-09-16 19:33:45 [info     ] [Bitget] Yielding batch of 440 candles for ETHUSDT
2026-09-16 19:33:45 [info     ] [Bitget] Reached start time for ETHUSDT
2026-09-16 19:33:45 [info     ] [Bitget] Historical data generator completed for ETHUSDT
2026-09-16 19:33:45 [info     ] ✅ Price data download completed successfully final_count=3005 final_result=True status=SUCCESS total_minutes=1440
[2026-09-16 19:33:45 UTC] 137/2726 | ETHUSDT 2026-09-03: +2880 свечей (прогнозов ждало 36) | всего +347040 | темп 1500 окон/ч, осталось ~1.7 ч | диск 59.8 ГБ
2026-09-16 19:33:45 [info     ] Smart minute data check        end=datetime.datetime(2026, 9, 3, 23, 59, tzinfo=datetime.timezone.utc) expected_minutes=1440 start=datetime.datetime(2026, 9, 3, 0, 0, tzinfo=datetime.timezone.utc) symbol=BNBUSDT
2026-09-16 19:33:45 [warning  ] ⚠️  Incomplete price data, downloading missing existing=96 expected_total=1440 missing=1344 status=INCOMPLETE symbol=BNBUSDT
2026-09-16 19:33:45 [info     ] Start download coin=<Coin: Binance Coin (BNBUSDT)> start_time=datetime.datetime(2026, 9, 3, 0, 0, tzinfo=datetime.timezone.utc) end_time=datetime.datetime(2026, 9, 3, 23, 59, tzinfo=datetime.timezone.utc)
2026-09-16 19:33:45 [info     ] [Bybit] Starting historical data generator for symbol='BNBUSDT', days=90
2026-09-16 19:33:45 [info     ] [Bybit] Loading data from 2026-09-03 00:00:00+00:00 to 2026-09-03 23:59:00+00:00
2026-09-16 19:33:47 [info     ] [Bybit] Yielding batch of 1000 candles for BNBUSDT
2026-09-16 19:33:48 [info     ] [Bybit] Yielding batch of 440 candles for BNBUSDT
2026-09-16 19:33:48 [info     ] [Bybit] Reached start time for BNBUSDT
2026-09-16 19:33:48 [info     ] [Bybit] Historical data generator completed for BNBUSDT
2026-09-16 19:33:48 [info     ] [Bitget] Starting historical data generator for symbol='BNBUSDT', days=90
2026-09-16 19:33:48 [info     ] [Bitget] Loading data from 2026-09-03 00:00:00+00:00 to 2026-09-03 23:59:00+00:00
2026-09-16 19:33:48 - INFO - HTTP Request: GET https://api.bitget.com/api/v2/mix/market/candles?symbol=BNBUSDT&granularity=1m&limit=1000&productType=usdt-futures&endTime=1788479940000 "HTTP/1.1 200 OK"
2026-09-16 19:33:48 [info     ] [Bitget] Yielding batch of 1000 candles for BNBUSDT
2026-09-16 19:33:48 - INFO - HTTP Request: GET https://api.bitget.com/api/v2/mix/market/candles?symbol=BNBUSDT&granularity=1m&limit=1000&productType=usdt-futures&endTime=1788419999999 "HTTP/1.1 200 OK"
2026-09-16 19:33:48 [info     ] [Bitget] Yielding batch of 440 candles for BNBUSDT
2026-09-16 19:33:49 [info     ] [Bitget] Reached start time for BNBUSDT
2026-09-16 19:33:49 [info     ] [Bitget] Historical data generator completed for BNBUSDT
2026-09-16 19:33:49 [info     ] ✅ Price data download completed successfully final_count=2976 final_result=True status=SUCCESS total_minutes=1440
[2026-09-16 19:33:49 UTC] 138/2726 | BNBUSDT 2026-09-03: +2880 свечей (прогнозов ждало 94) | всего +349920 | темп 1495 окон/ч, осталось ~1.7 ч | диск 59.8 ГБ
2026-09-16 19:33:49 [info     ] Smart minute data check        end=datetime.datetime(2026, 9, 3, 23, 59, tzinfo=datetime.timezone.utc) expected_minutes=1440 start=datetime.datetime(2026, 9, 3, 0, 0, tzinfo=datetime.timezone.utc) symbol=ADAUSDT
2026-09-16 19:33:49 [warning  ] ⚠️  Incomplete price data, downloading missing existing=97 expected_total=1440 missing=1343 status=INCOMPLETE symbol=ADAUSDT
2026-09-16 19:33:49 [info     ] Start download coin=<Coin: Cardano (ADAUSDT)> start_time=datetime.datetime(2026, 9, 3, 0, 0, tzinfo=datetime.timezone.utc) end_time=datetime.datetime(2026, 9, 3, 23, 59, tzinfo=datetime.timezone.utc)
2026-09-16 19:33:49 [info     ] [Bybit] Starting historical data generator for symbol='ADAUSDT', days=90
2026-09-16 19:33:49 [info     ] [Bybit] Loading data from 2026-09-03 00:00:00+00:00 to 2026-09-03 23:59:00+00:00
2026-09-16 19:33:49 [info     ] [Bybit] Yielding batch of 1000 candles for ADAUSDT
2026-09-16 19:33:50 [info     ] [Bybit] Yielding batch of 440 candles for ADAUSDT
2026-09-16 19:33:50 [info     ] [Bybit] Reached start time for ADAUSDT
2026-09-16 19:33:50 [info     ] [Bybit] Historical data generator completed for ADAUSDT
2026-09-16 19:33:50 [info     ] [Bitget] Starting historical data generator for symbol='ADAUSDT', days=90
2026-09-16 19:33:50 [info     ] [Bitget] Loading data from 2026-09-03 00:00:00+00:00 to 2026-09-03 23:59:00+00:00
2026-09-16 19:33:50 - INFO - HTTP Request: GET https://api.bitget.com/api/v2/mix/market/candles?symbol=ADAUSDT&granularity=1m&limit=1000&productType=usdt-futures&endTime=1788479940000 "HTTP/1.1 200 OK"
2026-09-16 19:33:50 [info     ] [Bitget] Yielding batch of 1000 candles for ADAUSDT
2026-09-16 19:33:51 - INFO - HTTP Request: GET https://api.bitget.com/api/v2/mix/market/candles?symbol=ADAUSDT&granularity=1m&limit=1000&productType=usdt-futures&endTime=1788419999999 "HTTP/1.1 200 OK"
2026-09-16 19:33:51 [info     ] [Bitget] Yielding batch of 440 candles for ADAUSDT
2026-09-16 19:33:51 [info     ] [Bitget] Reached start time for ADAUSDT
2026-09-16 19:33:51 [info     ] [Bitget] Historical data generator completed for ADAUSDT
2026-09-16 19:33:51 [info     ] ✅ Price data download completed successfully final_count=2977 final_result=True status=SUCCESS total_minutes=1440
[2026-09-16 19:33:51 UTC] 139/2726 | ADAUSDT 2026-09-03: +2880 свечей (прогнозов ждало 43) | всего +352800 | темп 1494 окон/ч, осталось ~1.7 ч | диск 59.8 ГБ
2026-09-16 19:33:52 [info     ] Smart minute data check        end=datetime.datetime(2026, 9, 3, 23, 59, tzinfo=datetime.timezone.utc) expected_minutes=1440 start=datetime.datetime(2026, 9, 3, 0, 0, tzinfo=datetime.timezone.utc) symbol=SOLUSDT
2026-09-16 19:33:52 [warning  ] ⚠️  Incomplete price data, downloading missing existing=100 expected_total=1440 missing=1340 status=INCOMPLETE symbol=SOLUSDT
2026-09-16 19:33:52 [info     ] Start download coin=<Coin: Solana (SOLUSDT)> start_time=datetime.datetime(2026, 9, 3, 0, 0, tzinfo=datetime.timezone.utc) end_time=datetime.datetime(2026, 9, 3, 23, 59, tzinfo=datetime.timezone.utc)
2026-09-16 19:33:52 [info     ] [Bybit] Starting historical data generator for symbol='SOLUSDT', days=90
2026-09-16 19:33:52 [info     ] [Bybit] Loading data from 2026-09-03 00:00:00+00:00 to 2026-09-03 23:59:00+00:00
2026-09-16 19:33:52 [info     ] [Bybit] Yielding batch of 1000 candles for SOLUSDT
2026-09-16 19:33:53 [info     ] [Bybit] Yielding batch of 440 candles for SOLUSDT
2026-09-16 19:33:53 [info     ] [Bybit] Reached start time for SOLUSDT
2026-09-16 19:33:53 [info     ] [Bybit] Historical data generator completed for SOLUSDT
2026-09-16 19:33:53 [info     ] [Bitget] Starting historical data generator for symbol='SOLUSDT', days=90
2026-09-16 19:33:53 [info     ] [Bitget] Loading data from 2026-09-03 00:00:00+00:00 to 2026-09-03 23:59:00+00:00
2026-09-16 19:33:53 - INFO - HTTP Request: GET https://api.bitget.com/api/v2/mix/market/candles?symbol=SOLUSDT&granularity=1m&limit=1000&productType=usdt-futures&endTime=1788479940000 "HTTP/1.1 200 OK"
2026-09-16 19:33:53 [info     ] [Bitget] Yielding batch of 1000 candles for SOLUSDT
2026-09-16 19:33:54 - INFO - HTTP Request: GET https://api.bitget.com/api/v2/mix/market/candles?symbol=SOLUSDT&granularity=1m&limit=1000&productType=usdt-futures&endTime=1788419999999 "HTTP/1.1 200 OK"
2026-09-16 19:33:54 [info     ] [Bitget] Yielding batch of 440 candles for SOLUSDT
2026-09-16 19:33:54 [info     ] [Bitget] Reached start time for SOLUSDT
2026-09-16 19:33:54 [info     ] [Bitget] Historical data generator completed for SOLUSDT
2026-09-16 19:33:54 [info     ] ✅ Price data download completed successfully final_count=2982 final_result=True status=SUCCESS total_minutes=1440
[2026-09-16 19:33:54 UTC] 140/2726 | SOLUSDT 2026-09-03: +2880 свечей (прогнозов ждало 5) | всего +355680 | темп 1494 окон/ч, осталось ~1.7 ч | диск 59.8 ГБ
2026-09-16 19:33:54 [info     ] Smart minute data check        end=datetime.datetime(2026, 9, 3, 23, 59, tzinfo=datetime.timezone.utc) expected_minutes=1440 start=datetime.datetime(2026, 9, 3, 0, 0, tzinfo=datetime.timezone.utc) symbol=DOTUSDT
2026-09-16 19:33:54 [warning  ] ⚠️  Incomplete price data, downloading missing existing=97 expected_total=1440 missing=1343 status=INCOMPLETE symbol=DOTUSDT
2026-09-16 19:33:54 [info     ] Start download coin=<Coin: Polkadot (DOTUSDT)> start_time=datetime.datetime(2026, 9, 3, 0, 0, tzinfo=datetime.timezone.utc) end_time=datetime.datetime(2026, 9, 3, 23, 59, tzinfo=datetime.timezone.utc)
2026-09-16 19:33:54 [info     ] [Bybit] Starting historical data generator for symbol='DOTUSDT', days=90
2026-09-16 19:33:54 [info     ] [Bybit] Loading data from 2026-09-03 00:00:00+00:00 to 2026-09-03 23:59:00+00:00
2026-09-16 19:33:55 [info     ] [Bybit] Yielding batch of 1000 candles for DOTUSDT
2026-09-16 19:33:55 [info     ] [Bybit] Yielding batch of 440 candles for DOTUSDT
2026-09-16 19:33:56 [info     ] [Bybit] Reached start time for DOTUSDT
2026-09-16 19:33:56 [info     ] [Bybit] Historical data generator completed for DOTUSDT
2026-09-16 19:33:56 [info     ] [Bitget] Starting historical data generator for symbol='DOTUSDT', days=90
2026-09-16 19:33:56 [info     ] [Bitget] Loading data from 2026-09-03 00:00:00+00:00 to 2026-09-03 23:59:00+00:00
2026-09-16 19:33:56 - INFO - HTTP Request: GET https://api.bitget.com/api/v2/mix/market/candles?symbol=DOTUSDT&granularity=1m&limit=1000&productType=usdt-futures&endTime=1788479940000 "HTTP/1.1 200 OK"
2026-09-16 19:33:56 [info     ] [Bitget] Yielding batch of 1000 candles for DOTUSDT
2026-09-16 19:33:56 - INFO - HTTP Request: GET https://api.bitget.com/api/v2/mix/market/candles?symbol=DOTUSDT&granularity=1m&limit=1000&productType=usdt-futures&endTime=1788419999999 "HTTP/1.1 200 OK"
2026-09-16 19:33:56 [info     ] [Bitget] Yielding batch of 440 candles for DOTUSDT
2026-09-16 19:33:56 [info     ] [Bitget] Reached start time for DOTUSDT
2026-09-16 19:33:56 [info     ] [Bitget] Historical data generator completed for DOTUSDT
2026-09-16 19:33:56 [info     ] ✅ Price data download completed successfully final_count=2977 final_result=True status=SUCCESS total_minutes=1440
[2026-09-16 19:33:56 UTC] 141/2726 | DOTUSDT 2026-09-03: +2880 свечей (прогнозов ждало 1) | всего +358560 | темп 1492 окон/ч, осталось ~1.7 ч | диск 59.8 ГБ
2026-09-16 19:33:57 [info     ] Smart minute data check        end=datetime.datetime(2026, 9, 3, 23, 59, tzinfo=datetime.timezone.utc) expected_minutes=1440 start=datetime.datetime(2026, 9, 3, 0, 0, tzinfo=datetime.timezone.utc) symbol=DOGEUSDT
2026-09-16 19:33:57 [warning  ] ⚠️  Incomplete price data, downloading missing existing=96 expected_total=1440 missing=1344 status=INCOMPLETE symbol=DOGEUSDT
2026-09-16 19:33:57 [info     ] Start download coin=<Coin: Dogecoin (DOGEUSDT)> start_time=datetime.datetime(2026, 9, 3, 0, 0, tzinfo=datetime.timezone.utc) end_time=datetime.datetime(2026, 9, 3, 23, 59, tzinfo=datetime.timezone.utc)
2026-09-16 19:33:57 [info     ] [Bybit] Starting historical data generator for symbol='DOGEUSDT', days=90
2026-09-16 19:33:57 [info     ] [Bybit] Loading data from 2026-09-03 00:00:00+00:00 to 2026-09-03 23:59:00+00:00
2026-09-16 19:33:57 [info     ] [Bybit] Yielding batch of 1000 candles for DOGEUSDT
2026-09-16 19:33:58 [info     ] [Bybit] Yielding batch of 440 candles for DOGEUSDT
2026-09-16 19:33:58 [info     ] [Bybit] Reached start time for DOGEUSDT
2026-09-16 19:33:58 [info     ] [Bybit] Historical data generator completed for DOGEUSDT
2026-09-16 19:33:58 [info     ] [Bitget] Starting historical data generator for symbol='DOGEUSDT', days=90
2026-09-16 19:33:58 [info     ] [Bitget] Loading data from 2026-09-03 00:00:00+00:00 to 2026-09-03 23:59:00+00:00
2026-09-16 19:33:58 - INFO - HTTP Request: GET https://api.bitget.com/api/v2/mix/market/candles?symbol=DOGEUSDT&granularity=1m&limit=1000&productType=usdt-futures&endTime=1788479940000 "HTTP/1.1 200 OK"
2026-09-16 19:33:58 [info     ] [Bitget] Yielding batch of 1000 candles for DOGEUSDT
2026-09-16 19:33:59 - INFO - HTTP Request: GET https://api.bitget.com/api/v2/mix/market/candles?symbol=DOGEUSDT&granularity=1m&limit=1000&productType=usdt-futures&endTime=1788419999999 "HTTP/1.1 200 OK"
2026-09-16 19:33:59 [info     ] [Bitget] Yielding batch of 440 candles for DOGEUSDT
2026-09-16 19:33:59 [info     ] [Bitget] Reached start time for DOGEUSDT
2026-09-16 19:33:59 [info     ] [Bitget] Historical data generator completed for DOGEUSDT
2026-09-16 19:33:59 [info     ] ✅ Price data download completed successfully final_count=2976 final_result=True status=SUCCESS total_minutes=1440
[2026-09-16 19:33:59 UTC] 142/2726 | DOGEUSDT 2026-09-03: +2880 свечей (прогнозов ждало 47) | всего +361440 | темп 1491 окон/ч, осталось ~1.7 ч | диск 59.8 ГБ
2026-09-16 19:34:00 [info     ] Smart minute data check        end=datetime.datetime(2026, 9, 3, 23, 59, tzinfo=datetime.timezone.utc) expected_minutes=1440 start=datetime.datetime(2026, 9, 3, 0, 0, tzinfo=datetime.timezone.utc) symbol=XRPUSDT
2026-09-16 19:34:00 [warning  ] ⚠️  Incomplete price data, downloading missing existing=96 expected_total=1440 missing=1344 status=INCOMPLETE symbol=XRPUSDT
2026-09-16 19:34:00 [info     ] Start download coin=<Coin: Ripple (XRPUSDT)> start_time=datetime.datetime(2026, 9, 3, 0, 0, tzinfo=datetime.timezone.utc) end_time=datetime.datetime(2026, 9, 3, 23, 59, tzinfo=datetime.timezone.utc)
2026-09-16 19:34:00 [info     ] [Bybit] Starting historical data generator for symbol='XRPUSDT', days=90
2026-09-16 19:34:00 [info     ] [Bybit] Loading data from 2026-09-03 00:00:00+00:00 to 2026-09-03 23:59:00+00:00
2026-09-16 19:34:00 [info     ] [Bybit] Yielding batch of 1000 candles for XRPUSDT
2026-09-16 19:34:00 [info     ] [Bybit] Yielding batch of 440 candles for XRPUSDT
2026-09-16 19:34:00 [info     ] [Bybit] Reached start time for XRPUSDT
2026-09-16 19:34:00 [info     ] [Bybit] Historical data generator completed for XRPUSDT
2026-09-16 19:34:00 [info     ] [Bitget] Starting historical data generator for symbol='XRPUSDT', days=90
2026-09-16 19:34:00 [info     ] [Bitget] Loading data from 2026-09-03 00:00:00+00:00 to 2026-09-03 23:59:00+00:00
2026-09-16 19:34:01 - INFO - HTTP Request: GET https://api.bitget.com/api/v2/mix/market/candles?symbol=XRPUSDT&granularity=1m&limit=1000&productType=usdt-futures&endTime=1788479940000 "HTTP/1.1 200 OK"
2026-09-16 19:34:01 [info     ] [Bitget] Yielding batch of 1000 candles for XRPUSDT
2026-09-16 19:34:01 - INFO - HTTP Request: GET https://api.bitget.com/api/v2/mix/market/candles?symbol=XRPUSDT&granularity=1m&limit=1000&productType=usdt-futures&endTime=1788419999999 "HTTP/1.1 200 OK"
2026-09-16 19:34:01 [info     ] [Bitget] Yielding batch of 440 candles for XRPUSDT
2026-09-16 19:34:01 [info     ] [Bitget] Reached start time for XRPUSDT
2026-09-16 19:34:01 [info     ] [Bitget] Historical data generator completed for XRPUSDT
2026-09-16 19:34:01 [info     ] ✅ Price data download completed successfully final_count=2977 final_result=True status=SUCCESS total_minutes=1440
[2026-09-16 19:34:01 UTC] 143/2726 | XRPUSDT 2026-09-03: +2880 свечей (прогнозов ждало 5) | всего +364320 | темп 1492 окон/ч, осталось ~1.7 ч | диск 59.8 ГБ
2026-09-16 19:34:02 [info     ] Smart minute data check        end=datetime.datetime(2026, 9, 3, 23, 59, tzinfo=datetime.timezone.utc) expected_minutes=1440 start=datetime.datetime(2026, 9, 3, 0, 0, tzinfo=datetime.timezone.utc) symbol=LINKUSDT
2026-09-16 19:34:02 [warning  ] ⚠️  Incomplete price data, downloading missing existing=96 expected_total=1440 missing=1344 status=INCOMPLETE symbol=LINKUSDT
2026-09-16 19:34:02 [info     ] Start download coin=<Coin: Chainlink (LINKUSDT)> start_time=datetime.datetime(2026, 9, 3, 0, 0, tzinfo=datetime.timezone.utc) end_time=datetime.datetime(2026, 9, 3, 23, 59, tzinfo=datetime.timezone.utc)
2026-09-16 19:34:02 [info     ] [Bybit] Starting historical data generator for symbol='LINKUSDT', days=90
2026-09-16 19:34:02 [info     ] [Bybit] Loading data from 2026-09-03 00:00:00+00:00 to 2026-09-03 23:59:00+00:00
2026-09-16 19:34:02 [info     ] [Bybit] Yielding batch of 1000 candles for LINKUSDT
2026-09-16 19:34:03 [info     ] [Bybit] Yielding batch of 440 candles for LINKUSDT
2026-09-16 19:34:04 [info     ] [Bybit] Reached start time for LINKUSDT
2026-09-16 19:34:04 [info     ] [Bybit] Historical data generator completed for LINKUSDT
2026-09-16 19:34:04 [info     ] [Bitget] Starting historical data generator for symbol='LINKUSDT', days=90
2026-09-16 19:34:04 [info     ] [Bitget] Loading data from 2026-09-03 00:00:00+00:00 to 2026-09-03 23:59:00+00:00
2026-09-16 19:34:04 - INFO - HTTP Request: GET https://api.bitget.com/api/v2/mix/market/candles?symbol=LINKUSDT&granularity=1m&limit=1000&productType=usdt-futures&endTime=1788479940000 "HTTP/1.1 200 OK"
2026-09-16 19:34:04 [info     ] [Bitget] Yielding batch of 1000 candles for LINKUSDT
2026-09-16 19:34:04 - INFO - HTTP Request: GET https://api.bitget.com/api/v2/mix/market/candles?symbol=LINKUSDT&granularity=1m&limit=1000&productType=usdt-futures&endTime=1788419999999 "HTTP/1.1 200 OK"
2026-09-16 19:34:04 [info     ] [Bitget] Yielding batch of 440 candles for LINKUSDT
2026-09-16 19:34:04 [info     ] [Bitget] Reached start time for LINKUSDT
2026-09-16 19:34:04 [info     ] [Bitget] Historical data generator completed for LINKUSDT
2026-09-16 19:34:04 [info     ] ✅ Price data download completed successfully final_count=2976 final_result=True status=SUCCESS total_minutes=1440
[2026-09-16 19:34:04 UTC] 144/2726 | LINKUSDT 2026-09-03: +2880 свечей (прогнозов ждало 61) | всего +367200 | темп 1489 окон/ч, осталось ~1.7 ч | диск 59.8 ГБ
2026-09-16 19:34:05 [info     ] Smart minute data check        end=datetime.datetime(2026, 9, 3, 23, 59, tzinfo=datetime.timezone.utc) expected_minutes=1440 start=datetime.datetime(2026, 9, 3, 0, 0, tzinfo=datetime.timezone.utc) symbol=AVAXUSDT
2026-09-16 19:34:05 [warning  ] ⚠️  Incomplete price data, downloading missing existing=96 expected_total=1440 missing=1344 status=INCOMPLETE symbol=AVAXUSDT
2026-09-16 19:34:05 [info     ] Start download coin=<Coin: Avalanche (AVAXUSDT)> start_time=datetime.datetime(2026, 9, 3, 0, 0, tzinfo=datetime.timezone.utc) end_time=datetime.datetime(2026, 9, 3, 23, 59, tzinfo=datetime.timezone.utc)
2026-09-16 19:34:05 [info     ] [Bybit] Starting historical data generator for symbol='AVAXUSDT', days=90
2026-09-16 19:34:05 [info     ] [Bybit] Loading data from 2026-09-03 00:00:00+00:00 to 2026-09-03 23:59:00+00:00
2026-09-16 19:34:05 [info     ] [Bybit] Yielding batch of 1000 candles for AVAXUSDT
2026-09-16 19:34:06 [info     ] [Bybit] Yielding batch of 440 candles for AVAXUSDT
2026-09-16 19:34:06 [info     ] [Bybit] Reached start time for AVAXUSDT
2026-09-16 19:34:06 [info     ] [Bybit] Historical data generator completed for AVAXUSDT
2026-09-16 19:34:06 [info     ] [Bitget] Starting historical data generator for symbol='AVAXUSDT', days=90
2026-09-16 19:34:06 [info     ] [Bitget] Loading data from 2026-09-03 00:00:00+00:00 to 2026-09-03 23:59:00+00:00
2026-09-16 19:34:06 - INFO - HTTP Request: GET https://api.bitget.com/api/v2/mix/market/candles?symbol=AVAXUSDT&granularity=1m&limit=1000&productType=usdt-futures&endTime=1788479940000 "HTTP/1.1 200 OK"
2026-09-16 19:34:06 [info     ] [Bitget] Yielding batch of 1000 candles for AVAXUSDT
2026-09-16 19:34:07 - INFO - HTTP Request: GET https://api.bitget.com/api/v2/mix/market/candles?symbol=AVAXUSDT&granularity=1m&limit=1000&productType=usdt-futures&endTime=1788419999999 "HTTP/1.1 200 OK"
2026-09-16 19:34:07 [info     ] [Bitget] Yielding batch of 440 candles for AVAXUSDT
2026-09-16 19:34:07 [info     ] [Bitget] Reached start time for AVAXUSDT
2026-09-16 19:34:07 [info     ] [Bitget] Historical data generator completed for AVAXUSDT
2026-09-16 19:34:07 [info     ] ✅ Price data download completed successfully final_count=2976 final_result=True status=SUCCESS total_minutes=1440
[2026-09-16 19:34:07 UTC] 145/2726 | AVAXUSDT 2026-09-03: +2880 свечей (прогнозов ждало 48) | всего +370080 | темп 1489 окон/ч, осталось ~1.7 ч | диск 59.8 ГБ
2026-09-16 19:34:07 [info     ] Smart minute data check        end=datetime.datetime(2026, 9, 3, 23, 59, tzinfo=datetime.timezone.utc) expected_minutes=1440 start=datetime.datetime(2026, 9, 3, 0, 0, tzinfo=datetime.timezone.utc) symbol=ATOMUSDT
2026-09-16 19:34:07 [warning  ] ⚠️  Incomplete price data, downloading missing existing=96 expected_total=1440 missing=1344 status=INCOMPLETE symbol=ATOMUSDT
2026-09-16 19:34:07 [info     ] Start download coin=<Coin: Cosmos (ATOMUSDT)> start_time=datetime.datetime(2026, 9, 3, 0, 0, tzinfo=datetime.timezone.utc) end_time=datetime.datetime(2026, 9, 3, 23, 59, tzinfo=datetime.timezone.utc)
2026-09-16 19:34:07 [info     ] [Bybit] Starting historical data generator for symbol='ATOMUSDT', days=90
2026-09-16 19:34:07 [info     ] [Bybit] Loading data from 2026-09-03 00:00:00+00:00 to 2026-09-03 23:59:00+00:00
2026-09-16 19:34:08 [info     ] [Bybit] Yielding batch of 1000 candles for ATOMUSDT
2026-09-16 19:34:09 [info     ] [Bybit] Yielding batch of 440 candles for ATOMUSDT
2026-09-16 19:34:09 [info     ] [Bybit] Reached start time for ATOMUSDT
2026-09-16 19:34:09 [info     ] [Bybit] Historical data generator completed for ATOMUSDT
2026-09-16 19:34:09 [info     ] [Bitget] Starting historical data generator for symbol='ATOMUSDT', days=90
2026-09-16 19:34:09 [info     ] [Bitget] Loading data from 2026-09-03 00:00:00+00:00 to 2026-09-03 23:59:00+00:00
2026-09-16 19:34:09 - INFO - HTTP Request: GET https://api.bitget.com/api/v2/mix/market/candles?symbol=ATOMUSDT&granularity=1m&limit=1000&productType=usdt-futures&endTime=1788479940000 "HTTP/1.1 200 OK"
2026-09-16 19:34:09 [info     ] [Bitget] Yielding batch of 1000 candles for ATOMUSDT
2026-09-16 19:34:09 - INFO - HTTP Request: GET https://api.bitget.com/api/v2/mix/market/candles?symbol=ATOMUSDT&granularity=1m&limit=1000&productType=usdt-futures&endTime=1788419999999 "HTTP/1.1 200 OK"
2026-09-16 19:34:09 [info     ] [Bitget] Yielding batch of 440 candles for ATOMUSDT
2026-09-16 19:34:09 [info     ] [Bitget] Reached start time for ATOMUSDT
2026-09-16 19:34:09 [info     ] [Bitget] Historical data generator completed for ATOMUSDT
2026-09-16 19:34:10 [info     ] ✅ Price data download completed successfully final_count=2976 final_result=True status=SUCCESS total_minutes=1440
[2026-09-16 19:34:10 UTC] 146/2726 | ATOMUSDT 2026-09-03: +2880 свечей (прогнозов ждало 14) | всего +372960 | темп 1488 окон/ч, осталось ~1.7 ч | диск 59.8 ГБ
2026-09-16 19:34:10 [info     ] Smart minute data check        end=datetime.datetime(2026, 9, 3, 23, 59, tzinfo=datetime.timezone.utc) expected_minutes=1440 start=datetime.datetime(2026, 9, 3, 0, 0, tzinfo=datetime.timezone.utc) symbol=NEARUSDT
2026-09-16 19:34:10 [warning  ] ⚠️  Incomplete price data, downloading missing existing=96 expected_total=1440 missing=1344 status=INCOMPLETE symbol=NEARUSDT
2026-09-16 19:34:10 [info     ] Start download coin=<Coin: Near Protocol (NEARUSDT)> start_time=datetime.datetime(2026, 9, 3, 0, 0, tzinfo=datetime.timezone.utc) end_time=datetime.datetime(2026, 9, 3, 23, 59, tzinfo=datetime.timezone.utc)
2026-09-16 19:34:10 [info     ] [Bybit] Starting historical data generator for symbol='NEARUSDT', days=90
2026-09-16 19:34:10 [info     ] [Bybit] Loading data from 2026-09-03 00:00:00+00:00 to 2026-09-03 23:59:00+00:00
2026-09-16 19:34:10 [info     ] [Bybit] Yielding batch of 1000 candles for NEARUSDT
2026-09-16 19:34:11 [info     ] [Bybit] Yielding batch of 440 candles for NEARUSDT
2026-09-16 19:34:11 [info     ] [Bybit] Reached start time for NEARUSDT
2026-09-16 19:34:11 [info     ] [Bybit] Historical data generator completed for NEARUSDT
2026-09-16 19:34:11 [info     ] [Bitget] Starting historical data generator for symbol='NEARUSDT', days=90
2026-09-16 19:34:11 [info     ] [Bitget] Loading data from 2026-09-03 00:00:00+00:00 to 2026-09-03 23:59:00+00:00
2026-09-16 19:34:11 - INFO - HTTP Request: GET https://api.bitget.com/api/v2/mix/market/candles?symbol=NEARUSDT&granularity=1m&limit=1000&productType=usdt-futures&endTime=1788479940000 "HTTP/1.1 200 OK"
2026-09-16 19:34:11 [info     ] [Bitget] Yielding batch of 1000 candles for NEARUSDT
2026-09-16 19:34:12 - INFO - HTTP Request: GET https://api.bitget.com/api/v2/mix/market/candles?symbol=NEARUSDT&granularity=1m&limit=1000&productType=usdt-futures&endTime=1788419999999 "HTTP/1.1 200 OK"
2026-09-16 19:34:12 [info     ] [Bitget] Yielding batch of 440 candles for NEARUSDT
2026-09-16 19:34:12 [info     ] [Bitget] Reached start time for NEARUSDT
2026-09-16 19:34:12 [info     ] [Bitget] Historical data generator completed for NEARUSDT
2026-09-16 19:34:12 [info     ] ✅ Price data download completed successfully final_count=2976 final_result=True status=SUCCESS total_minutes=1440
[2026-09-16 19:34:12 UTC] 147/2726 | NEARUSDT 2026-09-03: +2880 свечей (прогнозов ждало 1) | всего +375840 | темп 1489 окон/ч, осталось ~1.7 ч | диск 59.8 ГБ
2026-09-16 19:34:12 [info     ] Smart minute data check        end=datetime.datetime(2026, 9, 3, 23, 59, tzinfo=datetime.timezone.utc) expected_minutes=1440 start=datetime.datetime(2026, 9, 3, 0, 0, tzinfo=datetime.timezone.utc) symbol=XLMUSDT
2026-09-16 19:34:12 [warning  ] ⚠️  Incomplete price data, downloading missing existing=96 expected_total=1440 missing=1344 status=INCOMPLETE symbol=XLMUSDT
2026-09-16 19:34:12 [info     ] Start download coin=<Coin: Stellar (XLMUSDT)> start_time=datetime.datetime(2026, 9, 3, 0, 0, tzinfo=datetime.timezone.utc) end_time=datetime.datetime(2026, 9, 3, 23, 59, tzinfo=datetime.timezone.utc)
2026-09-16 19:34:12 [info     ] [Bybit] Starting historical data generator for symbol='XLMUSDT', days=90
2026-09-16 19:34:12 [info     ] [Bybit] Loading data from 2026-09-03 00:00:00+00:00 to 2026-09-03 23:59:00+00:00
2026-09-16 19:34:12 [info     ] [Bybit] Yielding batch of 1000 candles for XLMUSDT
2026-09-16 19:34:13 [info     ] [Bybit] Yielding batch of 440 candles for XLMUSDT
2026-09-16 19:34:13 [info     ] [Bybit] Reached start time for XLMUSDT
2026-09-16 19:34:13 [info     ] [Bybit] Historical data generator completed for XLMUSDT
2026-09-16 19:34:13 [info     ] [Bitget] Starting historical data generator for symbol='XLMUSDT', days=90
2026-09-16 19:34:13 [info     ] [Bitget] Loading data from 2026-09-03 00:00:00+00:00 to 2026-09-03 23:59:00+00:00
2026-09-16 19:34:13 - INFO - HTTP Request: GET https://api.bitget.com/api/v2/mix/market/candles?symbol=XLMUSDT&granularity=1m&limit=1000&productType=usdt-futures&endTime=1788479940000 "HTTP/1.1 200 OK"
2026-09-16 19:34:13 [info     ] [Bitget] Yielding batch of 1000 candles for XLMUSDT
2026-09-16 19:34:14 - INFO - HTTP Request: GET https://api.bitget.com/api/v2/mix/market/candles?symbol=XLMUSDT&granularity=1m&limit=1000&productType=usdt-futures&endTime=1788419999999 "HTTP/1.1 200 OK"
2026-09-16 19:34:14 [info     ] [Bitget] Yielding batch of 440 candles for XLMUSDT
2026-09-16 19:34:14 [info     ] [Bitget] Reached start time for XLMUSDT
2026-09-16 19:34:14 [info     ] [Bitget] Historical data generator completed for XLMUSDT
2026-09-16 19:34:14 [info     ] ✅ Price data download completed successfully final_count=2976 final_result=True status=SUCCESS total_minutes=1440
[2026-09-16 19:34:14 UTC] 148/2726 | XLMUSDT 2026-09-03: +2880 свечей (прогнозов ждало 3) | всего +378720 | темп 1490 окон/ч, осталось ~1.7 ч | диск 59.8 ГБ
2026-09-16 19:34:14 [info     ] Smart minute data check        end=datetime.datetime(2026, 9, 3, 23, 59, tzinfo=datetime.timezone.utc) expected_minutes=1440 start=datetime.datetime(2026, 9, 3, 0, 0, tzinfo=datetime.timezone.utc) symbol=ALGOUSDT
2026-09-16 19:34:14 [warning  ] ⚠️  Incomplete price data, downloading missing existing=96 expected_total=1440 missing=1344 status=INCOMPLETE symbol=ALGOUSDT
2026-09-16 19:34:14 [info     ] Start download coin=<Coin: Algorand (ALGOUSDT)> start_time=datetime.datetime(2026, 9, 3, 0, 0, tzinfo=datetime.timezone.utc) end_time=datetime.datetime(2026, 9, 3, 23, 59, tzinfo=datetime.timezone.utc)
2026-09-16 19:34:14 [info     ] [Bybit] Starting historical data generator for symbol='ALGOUSDT', days=90
2026-09-16 19:34:14 [info     ] [Bybit] Loading data from 2026-09-03 00:00:00+00:00 to 2026-09-03 23:59:00+00:00
2026-09-16 19:34:15 [info     ] [Bybit] Yielding batch of 1000 candles for ALGOUSDT
2026-09-16 19:34:16 [info     ] [Bybit] Yielding batch of 440 candles for ALGOUSDT
2026-09-16 19:34:16 [info     ] [Bybit] Reached start time for ALGOUSDT
2026-09-16 19:34:16 [info     ] [Bybit] Historical data generator completed for ALGOUSDT
2026-09-16 19:34:16 [info     ] [Bitget] Starting historical data generator for symbol='ALGOUSDT', days=90
2026-09-16 19:34:16 [info     ] [Bitget] Loading data from 2026-09-03 00:00:00+00:00 to 2026-09-03 23:59:00+00:00
2026-09-16 19:34:16 - INFO - HTTP Request: GET https://api.bitget.com/api/v2/mix/market/candles?symbol=ALGOUSDT&granularity=1m&limit=1000&productType=usdt-futures&endTime=1788479940000 "HTTP/1.1 200 OK"
2026-09-16 19:34:16 [info     ] [Bitget] Yielding batch of 1000 candles for ALGOUSDT
2026-09-16 19:34:16 - INFO - HTTP Request: GET https://api.bitget.com/api/v2/mix/market/candles?symbol=ALGOUSDT&granularity=1m&limit=1000&productType=usdt-futures&endTime=1788419999999 "HTTP/1.1 200 OK"
2026-09-16 19:34:16 [info     ] [Bitget] Yielding batch of 440 candles for ALGOUSDT
2026-09-16 19:34:17 [info     ] [Bitget] Reached start time for ALGOUSDT
2026-09-16 19:34:17 [info     ] [Bitget] Historical data generator completed for ALGOUSDT
2026-09-16 19:34:17 [info     ] ✅ Price data download completed successfully final_count=2976 final_result=True status=SUCCESS total_minutes=1440
[2026-09-16 19:34:17 UTC] 149/2726 | ALGOUSDT 2026-09-03: +2880 свечей (прогнозов ждало 1) | всего +381600 | темп 1489 окон/ч, осталось ~1.7 ч | диск 59.8 ГБ
2026-09-16 19:34:17 [info     ] Smart minute data check        end=datetime.datetime(2026, 9, 3, 23, 59, tzinfo=datetime.timezone.utc) expected_minutes=1440 start=datetime.datetime(2026, 9, 3, 0, 0, tzinfo=datetime.timezone.utc) symbol=XTZUSDT
2026-09-16 19:34:17 [warning  ] ⚠️  Incomplete price data, downloading missing existing=96 expected_total=1440 missing=1344 status=INCOMPLETE symbol=XTZUSDT
2026-09-16 19:34:17 [info     ] Start download coin=<Coin:  (XTZUSDT)> start_time=datetime.datetime(2026, 9, 3, 0, 0, tzinfo=datetime.timezone.utc) end_time=datetime.datetime(2026, 9, 3, 23, 59, tzinfo=datetime.timezone.utc)
2026-09-16 19:34:17 [info     ] [Bybit] Starting historical data generator for symbol='XTZUSDT', days=90
2026-09-16 19:34:17 [info     ] [Bybit] Loading data from 2026-09-03 00:00:00+00:00 to 2026-09-03 23:59:00+00:00
2026-09-16 19:34:17 [info     ] [Bybit] Yielding batch of 1000 candles for XTZUSDT
2026-09-16 19:34:18 [info     ] [Bybit] Yielding batch of 440 candles for XTZUSDT
2026-09-16 19:34:18 [info     ] [Bybit] Reached start time for XTZUSDT
2026-09-16 19:34:18 [info     ] [Bybit] Historical data generator completed for XTZUSDT
2026-09-16 19:34:18 [info     ] [Bitget] Starting historical data generator for symbol='XTZUSDT', days=90
2026-09-16 19:34:18 [info     ] [Bitget] Loading data from 2026-09-03 00:00:00+00:00 to 2026-09-03 23:59:00+00:00
2026-09-16 19:34:18 - INFO - HTTP Request: GET https://api.bitget.com/api/v2/mix/market/candles?symbol=XTZUSDT&granularity=1m&limit=1000&productType=usdt-futures&endTime=1788479940000 "HTTP/1.1 200 OK"
2026-09-16 19:34:18 [info     ] [Bitget] Yielding batch of 1000 candles for XTZUSDT
2026-09-16 19:34:19 - INFO - HTTP Request: GET https://api.bitget.com/api/v2/mix/market/candles?symbol=XTZUSDT&granularity=1m&limit=1000&productType=usdt-futures&endTime=1788419999999 "HTTP/1.1 200 OK"
2026-09-16 19:34:19 [info     ] [Bitget] Yielding batch of 440 candles for XTZUSDT
2026-09-16 19:34:19 [info     ] [Bitget] Reached start time for XTZUSDT
2026-09-16 19:34:19 [info     ] [Bitget] Historical data generator completed for XTZUSDT
2026-09-16 19:34:19 [info     ] ✅ Price data download completed successfully final_count=2976 final_result=True status=SUCCESS total_minutes=1440
[2026-09-16 19:34:19 UTC] 150/2726 | XTZUSDT 2026-09-03: +2880 свечей (прогнозов ждало 1) | всего +384480 | темп 1490 окон/ч, осталось ~1.7 ч | диск 59.8 ГБ
2026-09-16 19:34:19 [info     ] Smart minute data check        end=datetime.datetime(2026, 9, 3, 23, 59, tzinfo=datetime.timezone.utc) expected_minutes=1440 start=datetime.datetime(2026, 9, 3, 0, 0, tzinfo=datetime.timezone.utc) symbol=ARUSDT
2026-09-16 19:34:19 [warning  ] ⚠️  Incomplete price data, downloading missing existing=96 expected_total=1440 missing=1344 status=INCOMPLETE symbol=ARUSDT
2026-09-16 19:34:19 [info     ] Start download coin=<Coin:  (ARUSDT)> start_time=datetime.datetime(2026, 9, 3, 0, 0, tzinfo=datetime.timezone.utc) end_time=datetime.datetime(2026, 9, 3, 23, 59, tzinfo=datetime.timezone.utc)
2026-09-16 19:34:19 [info     ] [Bybit] Starting historical data generator for symbol='ARUSDT', days=90
2026-09-16 19:34:19 [info     ] [Bybit] Loading data from 2026-09-03 00:00:00+00:00 to 2026-09-03 23:59:00+00:00
2026-09-16 19:34:19 [info     ] [Bybit] Yielding batch of 1000 candles for ARUSDT
2026-09-16 19:34:21 [info     ] [Bybit] Yielding batch of 440 candles for ARUSDT
2026-09-16 19:34:21 [info     ] [Bybit] Reached start time for ARUSDT
2026-09-16 19:34:21 [info     ] [Bybit] Historical data generator completed for ARUSDT
2026-09-16 19:34:21 [info     ] [Bitget] Starting historical data generator for symbol='ARUSDT', days=90
2026-09-16 19:34:21 [info     ] [Bitget] Loading data from 2026-09-03 00:00:00+00:00 to 2026-09-03 23:59:00+00:00
2026-09-16 19:34:21 - INFO - HTTP Request: GET https://api.bitget.com/api/v2/mix/market/candles?symbol=ARUSDT&granularity=1m&limit=1000&productType=usdt-futures&endTime=1788479940000 "HTTP/1.1 200 OK"
2026-09-16 19:34:21 [info     ] [Bitget] Yielding batch of 1000 candles for ARUSDT
2026-09-16 19:34:22 - INFO - HTTP Request: GET https://api.bitget.com/api/v2/mix/market/candles?symbol=ARUSDT&granularity=1m&limit=1000&productType=usdt-futures&endTime=1788419999999 "HTTP/1.1 200 OK"
2026-09-16 19:34:22 [info     ] [Bitget] Yielding batch of 440 candles for ARUSDT
2026-09-16 19:34:22 [info     ] [Bitget] Reached start time for ARUSDT
2026-09-16 19:34:22 [info     ] [Bitget] Historical data generator completed for ARUSDT
2026-09-16 19:34:22 [info     ] ✅ Price data download completed successfully final_count=2976 final_result=True status=SUCCESS total_minutes=1440
[2026-09-16 19:34:22 UTC] 151/2726 | ARUSDT 2026-09-03: +2880 свечей (прогнозов ждало 3) | всего +387360 | темп 1488 окон/ч, осталось ~1.7 ч | диск 59.8 ГБ
2026-09-16 19:34:22 [info     ] Smart minute data check        end=datetime.datetime(2026, 9, 3, 23, 59, tzinfo=datetime.timezone.utc) expected_minutes=1440 start=datetime.datetime(2026, 9, 3, 0, 0, tzinfo=datetime.timezone.utc) symbol=WLDUSDT
2026-09-16 19:34:22 [warning  ] ⚠️  Incomplete price data, downloading missing existing=96 expected_total=1440 missing=1344 status=INCOMPLETE symbol=WLDUSDT
2026-09-16 19:34:22 [info     ] Start download coin=<Coin:  (WLDUSDT)> start_time=datetime.datetime(2026, 9, 3, 0, 0, tzinfo=datetime.timezone.utc) end_time=datetime.datetime(2026, 9, 3, 23, 59, tzinfo=datetime.timezone.utc)
2026-09-16 19:34:22 [info     ] [Bybit] Starting historical data generator for symbol='WLDUSDT', days=90
2026-09-16 19:34:22 [info     ] [Bybit] Loading data from 2026-09-03 00:00:00+00:00 to 2026-09-03 23:59:00+00:00
2026-09-16 19:34:22 [info     ] [Bybit] Yielding batch of 1000 candles for WLDUSDT
2026-09-16 19:34:23 [info     ] [Bybit] Yielding batch of 440 candles for WLDUSDT
2026-09-16 19:34:23 [info     ] [Bybit] Reached start time for WLDUSDT
2026-09-16 19:34:23 [info     ] [Bybit] Historical data generator completed for WLDUSDT
2026-09-16 19:34:23 [info     ] [Bitget] Starting historical data generator for symbol='WLDUSDT', days=90
2026-09-16 19:34:23 [info     ] [Bitget] Loading data from 2026-09-03 00:00:00+00:00 to 2026-09-03 23:59:00+00:00
2026-09-16 19:34:23 - INFO - HTTP Request: GET https://api.bitget.com/api/v2/mix/market/candles?symbol=WLDUSDT&granularity=1m&limit=1000&productType=usdt-futures&endTime=1788479940000 "HTTP/1.1 200 OK"
2026-09-16 19:34:23 [info     ] [Bitget] Yielding batch of 1000 candles for WLDUSDT
2026-09-16 19:34:24 - INFO - HTTP Request: GET https://api.bitget.com/api/v2/mix/market/candles?symbol=WLDUSDT&granularity=1m&limit=1000&productType=usdt-futures&endTime=1788419999999 "HTTP/1.1 200 OK"
2026-09-16 19:34:24 [info     ] [Bitget] Yielding batch of 440 candles for WLDUSDT
2026-09-16 19:34:24 [info     ] [Bitget] Reached start time for WLDUSDT
2026-09-16 19:34:24 [info     ] [Bitget] Historical data generator completed for WLDUSDT
2026-09-16 19:34:24 [info     ] ✅ Price data download completed successfully final_count=2976 final_result=True status=SUCCESS total_minutes=1440
[2026-09-16 19:34:24 UTC] 152/2726 | WLDUSDT 2026-09-03: +2880 свечей (прогнозов ждало 2) | всего +390240 | темп 1489 окон/ч, осталось ~1.7 ч | диск 59.8 ГБ
2026-09-16 19:34:24 [info     ] Smart minute data check        end=datetime.datetime(2026, 9, 3, 23, 59, tzinfo=datetime.timezone.utc) expected_minutes=1440 start=datetime.datetime(2026, 9, 3, 0, 0, tzinfo=datetime.timezone.utc) symbol=ZRXUSDT
2026-09-16 19:34:24 [warning  ] ⚠️  Incomplete price data, downloading missing existing=96 expected_total=1440 missing=1344 status=INCOMPLETE symbol=ZRXUSDT
2026-09-16 19:34:24 [info     ] Start download coin=<Coin:  (ZRXUSDT)> start_time=datetime.datetime(2026, 9, 3, 0, 0, tzinfo=datetime.timezone.utc) end_time=datetime.datetime(2026, 9, 3, 23, 59, tzinfo=datetime.timezone.utc)
2026-09-16 19:34:24 [info     ] [Bybit] Starting historical data generator for symbol='ZRXUSDT', days=90
2026-09-16 19:34:24 [info     ] [Bybit] Loading data from 2026-09-03 00:00:00+00:00 to 2026-09-03 23:59:00+00:00
2026-09-16 19:34:24 [info     ] [Bybit] Yielding batch of 1000 candles for ZRXUSDT
2026-09-16 19:34:25 [info     ] [Bybit] Yielding batch of 440 candles for ZRXUSDT
2026-09-16 19:34:26 [info     ] [Bybit] Reached start time for ZRXUSDT
2026-09-16 19:34:26 [info     ] [Bybit] Historical data generator completed for ZRXUSDT
2026-09-16 19:34:26 [info     ] [Bitget] Starting historical data generator for symbol='ZRXUSDT', days=90
2026-09-16 19:34:26 [info     ] [Bitget] Loading data from 2026-09-03 00:00:00+00:00 to 2026-09-03 23:59:00+00:00
2026-09-16 19:34:26 - INFO - HTTP Request: GET https://api.bitget.com/api/v2/mix/market/candles?symbol=ZRXUSDT&granularity=1m&limit=1000&productType=usdt-futures&endTime=1788479940000 "HTTP/1.1 200 OK"
2026-09-16 19:34:26 [info     ] [Bitget] Yielding batch of 1000 candles for ZRXUSDT
2026-09-16 19:34:26 - INFO - HTTP Request: GET https://api.bitget.com/api/v2/mix/market/candles?symbol=ZRXUSDT&granularity=1m&limit=1000&productType=usdt-futures&endTime=1788419999999 "HTTP/1.1 200 OK"
2026-09-16 19:34:26 [info     ] [Bitget] Yielding batch of 440 candles for ZRXUSDT
2026-09-16 19:34:26 [info     ] [Bitget] Reached start time for ZRXUSDT
2026-09-16 19:34:26 [info     ] [Bitget] Historical data generator completed for ZRXUSDT
2026-09-16 19:34:26 [info     ] ✅ Price data download completed successfully final_count=2976 final_result=True status=SUCCESS total_minutes=1440
[2026-09-16 19:34:26 UTC] 153/2726 | ZRXUSDT 2026-09-03: +2880 свечей (прогнозов ждало 1) | всего +393120 | темп 1488 окон/ч, осталось ~1.7 ч | диск 59.8 ГБ
2026-09-16 19:34:27 [info     ] Smart minute data check        end=datetime.datetime(2026, 9, 3, 23, 59, tzinfo=datetime.timezone.utc) expected_minutes=1440 start=datetime.datetime(2026, 9, 3, 0, 0, tzinfo=datetime.timezone.utc) symbol=ENAUSDT
2026-09-16 19:34:27 [warning  ] ⚠️  Incomplete price data, downloading missing existing=96 expected_total=1440 missing=1344 status=INCOMPLETE symbol=ENAUSDT
2026-09-16 19:34:27 [info     ] Start download coin=<Coin:  (ENAUSDT)> start_time=datetime.datetime(2026, 9, 3, 0, 0, tzinfo=datetime.timezone.utc) end_time=datetime.datetime(2026, 9, 3, 23, 59, tzinfo=datetime.timezone.utc)
2026-09-16 19:34:27 [info     ] [Bybit] Starting historical data generator for symbol='ENAUSDT', days=90
2026-09-16 19:34:27 [info     ] [Bybit] Loading data from 2026-09-03 00:00:00+00:00 to 2026-09-03 23:59:00+00:00
2026-09-16 19:34:27 [info     ] [Bybit] Yielding batch of 1000 candles for ENAUSDT
2026-09-16 19:34:29 [info     ] [Bybit] Yielding batch of 440 candles for ENAUSDT
2026-09-16 19:34:29 [info     ] [Bybit] Reached start time for ENAUSDT
2026-09-16 19:34:29 [info     ] [Bybit] Historical data generator completed for ENAUSDT
2026-09-16 19:34:29 [info     ] [Bitget] Starting historical data generator for symbol='ENAUSDT', days=90
2026-09-16 19:34:29 [info     ] [Bitget] Loading data from 2026-09-03 00:00:00+00:00 to 2026-09-03 23:59:00+00:00
2026-09-16 19:34:29 - INFO - HTTP Request: GET https://api.bitget.com/api/v2/mix/market/candles?symbol=ENAUSDT&granularity=1m&limit=1000&productType=usdt-futures&endTime=1788479940000 "HTTP/1.1 200 OK"
2026-09-16 19:34:29 [info     ] [Bitget] Yielding batch of 1000 candles for ENAUSDT
2026-09-16 19:34:30 - INFO - HTTP Request: GET https://api.bitget.com/api/v2/mix/market/candles?symbol=ENAUSDT&granularity=1m&limit=1000&productType=usdt-futures&endTime=1788419999999 "HTTP/1.1 200 OK"
2026-09-16 19:34:30 [info     ] [Bitget] Yielding batch of 440 candles for ENAUSDT
2026-09-16 19:34:30 [info     ] [Bitget] Reached start time for ENAUSDT
2026-09-16 19:34:30 [info     ] [Bitget] Historical data generator completed for ENAUSDT
2026-09-16 19:34:30 [info     ] ✅ Price data download completed successfully final_count=2976 final_result=True status=SUCCESS total_minutes=1440
[2026-09-16 19:34:30 UTC] 154/2726 | ENAUSDT 2026-09-03: +2880 свечей (прогнозов ждало 7) | всего +396000 | темп 1485 окон/ч, осталось ~1.7 ч | диск 59.8 ГБ
2026-09-16 19:34:30 [info     ] Smart minute data check        end=datetime.datetime(2026, 9, 3, 23, 59, tzinfo=datetime.timezone.utc) expected_minutes=1440 start=datetime.datetime(2026, 9, 3, 0, 0, tzinfo=datetime.timezone.utc) symbol=SHIBUSDT
2026-09-16 19:34:30 [warning  ] ⚠️  Incomplete price data, downloading missing existing=96 expected_total=1440 missing=1344 status=INCOMPLETE symbol=SHIBUSDT
2026-09-16 19:34:30 [info     ] Start download coin=<Coin:  (SHIBUSDT)> start_time=datetime.datetime(2026, 9, 3, 0, 0, tzinfo=datetime.timezone.utc) end_time=datetime.datetime(2026, 9, 3, 23, 59, tzinfo=datetime.timezone.utc)
2026-09-16 19:34:30 [info     ] [Bybit] Starting historical data generator for symbol='SHIBUSDT', days=90
2026-09-16 19:34:30 [info     ] [Bybit] Loading data from 2026-09-03 00:00:00+00:00 to 2026-09-03 23:59:00+00:00
2026-09-16 19:34:30 [error    ] [Bybit] Failed to get historical data batch for symbol='SHIBUSDT'
Traceback (most recent call last):
  File "/srv/www/services/crypto_market.py", line 179, in get_historical_candles_generator
    response = self.http_client.get_kline(
        symbol=symbol,
    ...<2 lines>...
        end=str(current_end_time_ms),  # Загружаем до этого времени
    )
  File "/srv/docker-venv/lib/python3.14/site-packages/pybit/_v5_market.py", line 33, in get_kline
    return self._submit_request(
           ~~~~~~~~~~~~~~~~~~~~^
        method="GET",
        ^^^^^^^^^^^^^
        path=f"{self.endpoint}{Market.GET_KLINE}",
        ^^^^^^^^^^^^^^^^^^^^^^^^^^^^^^^^^^^^^^^^^^
        query=kwargs,
        ^^^^^^^^^^^^^
    )
    ^
  File "/srv/docker-venv/lib/python3.14/site-packages/pybit/_http_manager.py", line 197, in _submit_request
    return self._handle_response(response, method, path, req_params, recv_window, retries_attempted)
           ~~~~~~~~~~~~~~~~~~~~~^^^^^^^^^^^^^^^^^^^^^^^^^^^^^^^^^^^^^^^^^^^^^^^^^^^^^^^^^^^^^^^^^^^^
  File "/srv/docker-venv/lib/python3.14/site-packages/pybit/_http_manager.py", line 282, in _handle_response
    raise InvalidRequestError(
    ...<5 lines>...
    )
pybit.exceptions.InvalidRequestError: params error: Symbol Is Invalid (ErrCode: 10001) (ErrTime: 19:34:30).
Request → GET https://api.bybit.com/v5/market/kline: end=1788479940000&interval=1&limit=1000&symbol=SHIBUSDT.
2026-09-16 19:34:30 [error    ] Error download coin history interval start_time=datetime.datetime(2026, 9, 3, 0, 0, tzinfo=datetime.timezone.utc) end_time=datetime.datetime(2026, 9, 3, 23, 59, tzinfo=datetime.timezone.utc)
Traceback (most recent call last):
  File "/srv/www/services/crypto_market.py", line 179, in get_historical_candles_generator
    response = self.http_client.get_kline(
        symbol=symbol,
    ...<2 lines>...
        end=str(current_end_time_ms),  # Загружаем до этого времени
    )
  File "/srv/docker-venv/lib/python3.14/site-packages/pybit/_v5_market.py", line 33, in get_kline
    return self._submit_request(
           ~~~~~~~~~~~~~~~~~~~~^
        method="GET",
        ^^^^^^^^^^^^^
        path=f"{self.endpoint}{Market.GET_KLINE}",
        ^^^^^^^^^^^^^^^^^^^^^^^^^^^^^^^^^^^^^^^^^^
        query=kwargs,
        ^^^^^^^^^^^^^
    )
    ^
  File "/srv/docker-venv/lib/python3.14/site-packages/pybit/_http_manager.py", line 197, in _submit_request
    return self._handle_response(response, method, path, req_params, recv_window, retries_attempted)
           ~~~~~~~~~~~~~~~~~~~~~^^^^^^^^^^^^^^^^^^^^^^^^^^^^^^^^^^^^^^^^^^^^^^^^^^^^^^^^^^^^^^^^^^^^
  File "/srv/docker-venv/lib/python3.14/site-packages/pybit/_http_manager.py", line 282, in _handle_response
    raise InvalidRequestError(
    ...<5 lines>...
    )
pybit.exceptions.InvalidRequestError: params error: Symbol Is Invalid (ErrCode: 10001) (ErrTime: 19:34:30).
Request → GET https://api.bybit.com/v5/market/kline: end=1788479940000&interval=1&limit=1000&symbol=SHIBUSDT.

The above exception was the direct cause of the following exception:

Traceback (most recent call last):
  File "/srv/www/services/price_sync.py", line 255, in ensure_minute_data_smart
    self.download_coin_history_interval(coin=coin, start_time=start_time, end_time=end_time)
    ~~~~~~~~~~~~~~~~~~~~~~~~~~~~~~~~~~~^^^^^^^^^^^^^^^^^^^^^^^^^^^^^^^^^^^^^^^^^^^^^^^^^^^^^
  File "/srv/www/services/price_sync.py", line 295, in download_coin_history_interval
    for batch_candles in client.get_historical_candles_generator(
                         ~~~~~~~~~~~~~~~~~~~~~~~~~~~~~~~~~~~~~~~^
        symbol=coin.symbol, start_time=start_time, end_time=end_time
        ^^^^^^^^^^^^^^^^^^^^^^^^^^^^^^^^^^^^^^^^^^^^^^^^^^^^^^^^^^^^
    ):
    ^
  File "/srv/www/services/crypto_market.py", line 187, in get_historical_candles_generator
    raise BybitResponseError("Failed to get historical data batch") from exception
services.crypto_market.BybitResponseError: Failed to get historical data batch
2026-09-16 19:34:31 [info     ] Smart minute data check        end=datetime.datetime(2026, 9, 3, 23, 59, tzinfo=datetime.timezone.utc) expected_minutes=1440 start=datetime.datetime(2026, 9, 3, 0, 0, tzinfo=datetime.timezone.utc) symbol=0GUSDT
2026-09-16 19:34:31 [warning  ] ⚠️  Incomplete price data, downloading missing existing=96 expected_total=1440 missing=1344 status=INCOMPLETE symbol=0GUSDT
2026-09-16 19:34:31 [info     ] Start download coin=<Coin:  (0GUSDT)> start_time=datetime.datetime(2026, 9, 3, 0, 0, tzinfo=datetime.timezone.utc) end_time=datetime.datetime(2026, 9, 3, 23, 59, tzinfo=datetime.timezone.utc)
2026-09-16 19:34:31 [info     ] [Bybit] Starting historical data generator for symbol='0GUSDT', days=90
2026-09-16 19:34:31 [info     ] [Bybit] Loading data from 2026-09-03 00:00:00+00:00 to 2026-09-03 23:59:00+00:00
2026-09-16 19:34:31 [info     ] [Bybit] Yielding batch of 1000 candles for 0GUSDT
2026-09-16 19:34:32 [info     ] [Bybit] Yielding batch of 440 candles for 0GUSDT
2026-09-16 19:34:32 [info     ] [Bybit] Reached start time for 0GUSDT
2026-09-16 19:34:32 [info     ] [Bybit] Historical data generator completed for 0GUSDT
2026-09-16 19:34:32 [info     ] [Bitget] Starting historical data generator for symbol='0GUSDT', days=90
2026-09-16 19:34:32 [info     ] [Bitget] Loading data from 2026-09-03 00:00:00+00:00 to 2026-09-03 23:59:00+00:00
2026-09-16 19:34:32 - INFO - HTTP Request: GET https://api.bitget.com/api/v2/mix/market/candles?symbol=0GUSDT&granularity=1m&limit=1000&productType=usdt-futures&endTime=1788479940000 "HTTP/1.1 200 OK"
2026-09-16 19:34:32 [info     ] [Bitget] Yielding batch of 1000 candles for 0GUSDT
2026-09-16 19:34:33 - INFO - HTTP Request: GET https://api.bitget.com/api/v2/mix/market/candles?symbol=0GUSDT&granularity=1m&limit=1000&productType=usdt-futures&endTime=1788419999999 "HTTP/1.1 200 OK"
2026-09-16 19:34:33 [info     ] [Bitget] Yielding batch of 440 candles for 0GUSDT
2026-09-16 19:34:33 [info     ] [Bitget] Reached start time for 0GUSDT
2026-09-16 19:34:33 [info     ] [Bitget] Historical data generator completed for 0GUSDT
2026-09-16 19:34:33 [info     ] ✅ Price data download completed successfully final_count=2976 final_result=True status=SUCCESS total_minutes=1440
[2026-09-16 19:34:33 UTC] 156/2726 | 0GUSDT 2026-09-03: +2880 свечей (прогнозов ждало 2) | всего +398880 | темп 1492 окон/ч, осталось ~1.7 ч | диск 59.8 ГБ
2026-09-16 19:34:33 [info     ] Smart minute data check        end=datetime.datetime(2026, 9, 3, 23, 59, tzinfo=datetime.timezone.utc) expected_minutes=1440 start=datetime.datetime(2026, 9, 3, 0, 0, tzinfo=datetime.timezone.utc) symbol=ZKCUSDT
2026-09-16 19:34:33 [warning  ] ⚠️  Incomplete price data, downloading missing existing=96 expected_total=1440 missing=1344 status=INCOMPLETE symbol=ZKCUSDT
2026-09-16 19:34:33 [info     ] Start download coin=<Coin:  (ZKCUSDT)> start_time=datetime.datetime(2026, 9, 3, 0, 0, tzinfo=datetime.timezone.utc) end_time=datetime.datetime(2026, 9, 3, 23, 59, tzinfo=datetime.timezone.utc)
2026-09-16 19:34:33 [info     ] [Bybit] Starting historical data generator for symbol='ZKCUSDT', days=90
2026-09-16 19:34:33 [info     ] [Bybit] Loading data from 2026-09-03 00:00:00+00:00 to 2026-09-03 23:59:00+00:00
2026-09-16 19:34:34 [info     ] [Bybit] Yielding batch of 1000 candles for ZKCUSDT
2026-09-16 19:34:34 [info     ] [Bybit] Yielding batch of 440 candles for ZKCUSDT
2026-09-16 19:34:35 [info     ] [Bybit] Reached start time for ZKCUSDT
2026-09-16 19:34:35 [info     ] [Bybit] Historical data generator completed for ZKCUSDT
2026-09-16 19:34:35 [info     ] [Bitget] Starting historical data generator for symbol='ZKCUSDT', days=90
2026-09-16 19:34:35 [info     ] [Bitget] Loading data from 2026-09-03 00:00:00+00:00 to 2026-09-03 23:59:00+00:00
2026-09-16 19:34:35 - INFO - HTTP Request: GET https://api.bitget.com/api/v2/mix/market/candles?symbol=ZKCUSDT&granularity=1m&limit=1000&productType=usdt-futures&endTime=1788479940000 "HTTP/1.1 200 OK"
2026-09-16 19:34:35 [info     ] [Bitget] Yielding batch of 1000 candles for ZKCUSDT
2026-09-16 19:34:35 - INFO - HTTP Request: GET https://api.bitget.com/api/v2/mix/market/candles?symbol=ZKCUSDT&granularity=1m&limit=1000&productType=usdt-futures&endTime=1788419999999 "HTTP/1.1 200 OK"
2026-09-16 19:34:35 [info     ] [Bitget] Yielding batch of 440 candles for ZKCUSDT
2026-09-16 19:34:35 [info     ] [Bitget] Reached start time for ZKCUSDT
2026-09-16 19:34:35 [info     ] [Bitget] Historical data generator completed for ZKCUSDT
2026-09-16 19:34:35 [info     ] ✅ Price data download completed successfully final_count=2976 final_result=True status=SUCCESS total_minutes=1440
[2026-09-16 19:34:35 UTC] 157/2726 | ZKCUSDT 2026-09-03: +2880 свечей (прогнозов ждало 1) | всего +401760 | темп 1491 окон/ч, осталось ~1.7 ч | диск 59.8 ГБ
2026-09-16 19:34:36 [info     ] Smart minute data check        end=datetime.datetime(2026, 9, 3, 23, 59, tzinfo=datetime.timezone.utc) expected_minutes=1440 start=datetime.datetime(2026, 9, 3, 0, 0, tzinfo=datetime.timezone.utc) symbol=RVNUSDT
2026-09-16 19:34:36 [warning  ] ⚠️  Incomplete price data, downloading missing existing=96 expected_total=1440 missing=1344 status=INCOMPLETE symbol=RVNUSDT
2026-09-16 19:34:36 [info     ] Start download coin=<Coin:  (RVNUSDT)> start_time=datetime.datetime(2026, 9, 3, 0, 0, tzinfo=datetime.timezone.utc) end_time=datetime.datetime(2026, 9, 3, 23, 59, tzinfo=datetime.timezone.utc)
2026-09-16 19:34:36 [info     ] [Bybit] Starting historical data generator for symbol='RVNUSDT', days=90
2026-09-16 19:34:36 [info     ] [Bybit] Loading data from 2026-09-03 00:00:00+00:00 to 2026-09-03 23:59:00+00:00
2026-09-16 19:34:36 [info     ] [Bybit] Yielding batch of 1000 candles for RVNUSDT
2026-09-16 19:34:37 [info     ] [Bybit] Yielding batch of 440 candles for RVNUSDT
2026-09-16 19:34:37 [info     ] [Bybit] Reached start time for RVNUSDT
2026-09-16 19:34:37 [info     ] [Bybit] Historical data generator completed for RVNUSDT
2026-09-16 19:34:37 [info     ] [Bitget] Starting historical data generator for symbol='RVNUSDT', days=90
2026-09-16 19:34:37 [info     ] [Bitget] Loading data from 2026-09-03 00:00:00+00:00 to 2026-09-03 23:59:00+00:00
2026-09-16 19:34:37 - INFO - HTTP Request: GET https://api.bitget.com/api/v2/mix/market/candles?symbol=RVNUSDT&granularity=1m&limit=1000&productType=usdt-futures&endTime=1788479940000 "HTTP/1.1 200 OK"
2026-09-16 19:34:37 [info     ] [Bitget] Yielding batch of 1000 candles for RVNUSDT
2026-09-16 19:34:38 - INFO - HTTP Request: GET https://api.bitget.com/api/v2/mix/market/candles?symbol=RVNUSDT&granularity=1m&limit=1000&productType=usdt-futures&endTime=1788419999999 "HTTP/1.1 200 OK"
2026-09-16 19:34:38 [info     ] [Bitget] Yielding batch of 440 candles for RVNUSDT
2026-09-16 19:34:38 [info     ] [Bitget] Reached start time for RVNUSDT
2026-09-16 19:34:38 [info     ] [Bitget] Historical data generator completed for RVNUSDT
2026-09-16 19:34:38 [info     ] ✅ Price data download completed successfully final_count=2976 final_result=True status=SUCCESS total_minutes=1440
[2026-09-16 19:34:38 UTC] 158/2726 | RVNUSDT 2026-09-03: +2880 свечей (прогнозов ждало 1) | всего +404640 | темп 1491 окон/ч, осталось ~1.7 ч | диск 59.8 ГБ
2026-09-16 19:34:38 [info     ] Smart minute data check        end=datetime.datetime(2026, 9, 3, 23, 59, tzinfo=datetime.timezone.utc) expected_minutes=1440 start=datetime.datetime(2026, 9, 3, 0, 0, tzinfo=datetime.timezone.utc) symbol=UNIUSDT
2026-09-16 19:34:38 [warning  ] ⚠️  Incomplete price data, downloading missing existing=100 expected_total=1440 missing=1340 status=INCOMPLETE symbol=UNIUSDT
2026-09-16 19:34:38 [info     ] Start download coin=<Coin:  (UNIUSDT)> start_time=datetime.datetime(2026, 9, 3, 0, 0, tzinfo=datetime.timezone.utc) end_time=datetime.datetime(2026, 9, 3, 23, 59, tzinfo=datetime.timezone.utc)
2026-09-16 19:34:38 [info     ] [Bybit] Starting historical data generator for symbol='UNIUSDT', days=90
2026-09-16 19:34:38 [info     ] [Bybit] Loading data from 2026-09-03 00:00:00+00:00 to 2026-09-03 23:59:00+00:00
2026-09-16 19:34:38 [info     ] [Bybit] Yielding batch of 1000 candles for UNIUSDT
2026-09-16 19:34:39 [info     ] [Bybit] Yielding batch of 440 candles for UNIUSDT
2026-09-16 19:34:40 [info     ] [Bybit] Reached start time for UNIUSDT
2026-09-16 19:34:40 [info     ] [Bybit] Historical data generator completed for UNIUSDT
2026-09-16 19:34:40 [info     ] [Bitget] Starting historical data generator for symbol='UNIUSDT', days=90
2026-09-16 19:34:40 [info     ] [Bitget] Loading data from 2026-09-03 00:00:00+00:00 to 2026-09-03 23:59:00+00:00
2026-09-16 19:34:40 - INFO - HTTP Request: GET https://api.bitget.com/api/v2/mix/market/candles?symbol=UNIUSDT&granularity=1m&limit=1000&productType=usdt-futures&endTime=1788479940000 "HTTP/1.1 200 OK"
2026-09-16 19:34:40 [info     ] [Bitget] Yielding batch of 1000 candles for UNIUSDT
2026-09-16 19:34:40 - INFO - HTTP Request: GET https://api.bitget.com/api/v2/mix/market/candles?symbol=UNIUSDT&granularity=1m&limit=1000&productType=usdt-futures&endTime=1788419999999 "HTTP/1.1 200 OK"
2026-09-16 19:34:40 [info     ] [Bitget] Yielding batch of 440 candles for UNIUSDT
2026-09-16 19:34:40 [info     ] [Bitget] Reached start time for UNIUSDT
2026-09-16 19:34:40 [info     ] [Bitget] Historical data generator completed for UNIUSDT
2026-09-16 19:34:40 [info     ] ✅ Price data download completed successfully final_count=2982 final_result=True status=SUCCESS total_minutes=1440
[2026-09-16 19:34:40 UTC] 159/2726 | UNIUSDT 2026-09-03: +2880 свечей (прогнозов ждало 19) | всего +407520 | темп 1490 окон/ч, осталось ~1.7 ч | диск 59.8 ГБ
2026-09-16 19:34:41 [info     ] Smart minute data check        end=datetime.datetime(2026, 9, 3, 23, 59, tzinfo=datetime.timezone.utc) expected_minutes=1440 start=datetime.datetime(2026, 9, 3, 0, 0, tzinfo=datetime.timezone.utc) symbol=APTUSDT
2026-09-16 19:34:41 [warning  ] ⚠️  Incomplete price data, downloading missing existing=97 expected_total=1440 missing=1343 status=INCOMPLETE symbol=APTUSDT
2026-09-16 19:34:41 [info     ] Start download coin=<Coin:  (APTUSDT)> start_time=datetime.datetime(2026, 9, 3, 0, 0, tzinfo=datetime.timezone.utc) end_time=datetime.datetime(2026, 9, 3, 23, 59, tzinfo=datetime.timezone.utc)
2026-09-16 19:34:41 [info     ] [Bybit] Starting historical data generator for symbol='APTUSDT', days=90
2026-09-16 19:34:41 [info     ] [Bybit] Loading data from 2026-09-03 00:00:00+00:00 to 2026-09-03 23:59:00+00:00
2026-09-16 19:34:41 [info     ] [Bybit] Yielding batch of 1000 candles for APTUSDT
2026-09-16 19:34:42 [info     ] [Bybit] Yielding batch of 440 candles for APTUSDT
2026-09-16 19:34:43 [info     ] [Bybit] Reached start time for APTUSDT
2026-09-16 19:34:43 [info     ] [Bybit] Historical data generator completed for APTUSDT
2026-09-16 19:34:43 [info     ] [Bitget] Starting historical data generator for symbol='APTUSDT', days=90
2026-09-16 19:34:43 [info     ] [Bitget] Loading data from 2026-09-03 00:00:00+00:00 to 2026-09-03 23:59:00+00:00
2026-09-16 19:34:43 - INFO - HTTP Request: GET https://api.bitget.com/api/v2/mix/market/candles?symbol=APTUSDT&granularity=1m&limit=1000&productType=usdt-futures&endTime=1788479940000 "HTTP/1.1 200 OK"
2026-09-16 19:34:43 [info     ] [Bitget] Yielding batch of 1000 candles for APTUSDT
2026-09-16 19:34:43 - INFO - HTTP Request: GET https://api.bitget.com/api/v2/mix/market/candles?symbol=APTUSDT&granularity=1m&limit=1000&productType=usdt-futures&endTime=1788419999999 "HTTP/1.1 200 OK"
2026-09-16 19:34:43 [info     ] [Bitget] Yielding batch of 440 candles for APTUSDT
2026-09-16 19:34:43 [info     ] [Bitget] Reached start time for APTUSDT
2026-09-16 19:34:43 [info     ] [Bitget] Historical data generator completed for APTUSDT
2026-09-16 19:34:43 [info     ] ✅ Price data download completed successfully final_count=2978 final_result=True status=SUCCESS total_minutes=1440
[2026-09-16 19:34:43 UTC] 160/2726 | APTUSDT 2026-09-03: +2880 свечей (прогнозов ждало 15) | всего +410400 | темп 1488 окон/ч, осталось ~1.7 ч | диск 59.8 ГБ
2026-09-16 19:34:44 [info     ] Smart minute data check        end=datetime.datetime(2026, 9, 3, 23, 59, tzinfo=datetime.timezone.utc) expected_minutes=1440 start=datetime.datetime(2026, 9, 3, 0, 0, tzinfo=datetime.timezone.utc) symbol=SUIUSDT
2026-09-16 19:34:44 [warning  ] ⚠️  Incomplete price data, downloading missing existing=96 expected_total=1440 missing=1344 status=INCOMPLETE symbol=SUIUSDT
2026-09-16 19:34:44 [info     ] Start download coin=<Coin:  (SUIUSDT)> start_time=datetime.datetime(2026, 9, 3, 0, 0, tzinfo=datetime.timezone.utc) end_time=datetime.datetime(2026, 9, 3, 23, 59, tzinfo=datetime.timezone.utc)
2026-09-16 19:34:44 [info     ] [Bybit] Starting historical data generator for symbol='SUIUSDT', days=90
2026-09-16 19:34:44 [info     ] [Bybit] Loading data from 2026-09-03 00:00:00+00:00 to 2026-09-03 23:59:00+00:00
2026-09-16 19:34:44 [info     ] [Bybit] Yielding batch of 1000 candles for SUIUSDT
2026-09-16 19:34:45 [info     ] [Bybit] Yielding batch of 440 candles for SUIUSDT
2026-09-16 19:34:45 [info     ] [Bybit] Reached start time for SUIUSDT
2026-09-16 19:34:45 [info     ] [Bybit] Historical data generator completed for SUIUSDT
2026-09-16 19:34:45 [info     ] [Bitget] Starting historical data generator for symbol='SUIUSDT', days=90
2026-09-16 19:34:45 [info     ] [Bitget] Loading data from 2026-09-03 00:00:00+00:00 to 2026-09-03 23:59:00+00:00
2026-09-16 19:34:45 - INFO - HTTP Request: GET https://api.bitget.com/api/v2/mix/market/candles?symbol=SUIUSDT&granularity=1m&limit=1000&productType=usdt-futures&endTime=1788479940000 "HTTP/1.1 200 OK"
2026-09-16 19:34:45 [info     ] [Bitget] Yielding batch of 1000 candles for SUIUSDT
2026-09-16 19:34:46 - INFO - HTTP Request: GET https://api.bitget.com/api/v2/mix/market/candles?symbol=SUIUSDT&granularity=1m&limit=1000&productType=usdt-futures&endTime=1788419999999 "HTTP/1.1 200 OK"
2026-09-16 19:34:46 [info     ] [Bitget] Yielding batch of 440 candles for SUIUSDT
2026-09-16 19:34:46 [info     ] [Bitget] Reached start time for SUIUSDT
2026-09-16 19:34:46 [info     ] [Bitget] Historical data generator completed for SUIUSDT
2026-09-16 19:34:46 [info     ] ✅ Price data download completed successfully final_count=2976 final_result=True status=SUCCESS total_minutes=1440
[2026-09-16 19:34:46 UTC] 161/2726 | SUIUSDT 2026-09-03: +2880 свечей (прогнозов ждало 3) | всего +413280 | темп 1487 окон/ч, осталось ~1.7 ч | диск 59.8 ГБ
2026-09-16 19:34:46 [info     ] Smart minute data check        end=datetime.datetime(2026, 9, 3, 23, 59, tzinfo=datetime.timezone.utc) expected_minutes=1440 start=datetime.datetime(2026, 9, 3, 0, 0, tzinfo=datetime.timezone.utc) symbol=JASMYUSDT
2026-09-16 19:34:46 [warning  ] ⚠️  Incomplete price data, downloading missing existing=96 expected_total=1440 missing=1344 status=INCOMPLETE symbol=JASMYUSDT
2026-09-16 19:34:46 [info     ] Start download coin=<Coin:  (JASMYUSDT)> start_time=datetime.datetime(2026, 9, 3, 0, 0, tzinfo=datetime.timezone.utc) end_time=datetime.datetime(2026, 9, 3, 23, 59, tzinfo=datetime.timezone.utc)
2026-09-16 19:34:46 [info     ] [Bybit] Starting historical data generator for symbol='JASMYUSDT', days=90
2026-09-16 19:34:46 [info     ] [Bybit] Loading data from 2026-09-03 00:00:00+00:00 to 2026-09-03 23:59:00+00:00
2026-09-16 19:34:47 [info     ] [Bybit] Yielding batch of 1000 candles for JASMYUSDT
2026-09-16 19:34:48 [info     ] [Bybit] Yielding batch of 440 candles for JASMYUSDT
2026-09-16 19:34:48 [info     ] [Bybit] Reached start time for JASMYUSDT
2026-09-16 19:34:48 [info     ] [Bybit] Historical data generator completed for JASMYUSDT
2026-09-16 19:34:48 [info     ] [Bitget] Starting historical data generator for symbol='JASMYUSDT', days=90
2026-09-16 19:34:48 [info     ] [Bitget] Loading data from 2026-09-03 00:00:00+00:00 to 2026-09-03 23:59:00+00:00
2026-09-16 19:34:48 - INFO - HTTP Request: GET https://api.bitget.com/api/v2/mix/market/candles?symbol=JASMYUSDT&granularity=1m&limit=1000&productType=usdt-futures&endTime=1788479940000 "HTTP/1.1 200 OK"
2026-09-16 19:34:48 [info     ] [Bitget] Yielding batch of 1000 candles for JASMYUSDT
2026-09-16 19:34:49 - INFO - HTTP Request: GET https://api.bitget.com/api/v2/mix/market/candles?symbol=JASMYUSDT&granularity=1m&limit=1000&productType=usdt-futures&endTime=1788419999999 "HTTP/1.1 200 OK"
2026-09-16 19:34:49 [info     ] [Bitget] Yielding batch of 440 candles for JASMYUSDT
2026-09-16 19:34:49 [info     ] [Bitget] Reached start time for JASMYUSDT
2026-09-16 19:34:49 [info     ] [Bitget] Historical data generator completed for JASMYUSDT
2026-09-16 19:34:49 [info     ] ✅ Price data download completed successfully final_count=2976 final_result=True status=SUCCESS total_minutes=1440
[2026-09-16 19:34:49 UTC] 162/2726 | JASMYUSDT 2026-09-03: +2880 свечей (прогнозов ждало 1) | всего +416160 | темп 1486 окон/ч, осталось ~1.7 ч | диск 59.8 ГБ
2026-09-16 19:34:49 [info     ] Smart minute data check        end=datetime.datetime(2026, 9, 3, 23, 59, tzinfo=datetime.timezone.utc) expected_minutes=1440 start=datetime.datetime(2026, 9, 3, 0, 0, tzinfo=datetime.timezone.utc) symbol=AAVEUSDT
2026-09-16 19:34:49 [warning  ] ⚠️  Incomplete price data, downloading missing existing=97 expected_total=1440 missing=1343 status=INCOMPLETE symbol=AAVEUSDT
2026-09-16 19:34:49 [info     ] Start download coin=<Coin:  (AAVEUSDT)> start_time=datetime.datetime(2026, 9, 3, 0, 0, tzinfo=datetime.timezone.utc) end_time=datetime.datetime(2026, 9, 3, 23, 59, tzinfo=datetime.timezone.utc)
2026-09-16 19:34:49 [info     ] [Bybit] Starting historical data generator for symbol='AAVEUSDT', days=90
2026-09-16 19:34:49 [info     ] [Bybit] Loading data from 2026-09-03 00:00:00+00:00 to 2026-09-03 23:59:00+00:00
2026-09-16 19:34:49 [info     ] [Bybit] Yielding batch of 1000 candles for AAVEUSDT
2026-09-16 19:34:50 [info     ] [Bybit] Yielding batch of 440 candles for AAVEUSDT
2026-09-16 19:34:50 [info     ] [Bybit] Reached start time for AAVEUSDT
2026-09-16 19:34:50 [info     ] [Bybit] Historical data generator completed for AAVEUSDT
2026-09-16 19:34:50 [info     ] [Bitget] Starting historical data generator for symbol='AAVEUSDT', days=90
2026-09-16 19:34:50 [info     ] [Bitget] Loading data from 2026-09-03 00:00:00+00:00 to 2026-09-03 23:59:00+00:00
2026-09-16 19:34:50 - INFO - HTTP Request: GET https://api.bitget.com/api/v2/mix/market/candles?symbol=AAVEUSDT&granularity=1m&limit=1000&productType=usdt-futures&endTime=1788479940000 "HTTP/1.1 200 OK"
2026-09-16 19:34:50 [info     ] [Bitget] Yielding batch of 1000 candles for AAVEUSDT
2026-09-16 19:34:51 - INFO - HTTP Request: GET https://api.bitget.com/api/v2/mix/market/candles?symbol=AAVEUSDT&granularity=1m&limit=1000&productType=usdt-futures&endTime=1788419999999 "HTTP/1.1 200 OK"
2026-09-16 19:34:51 [info     ] [Bitget] Yielding batch of 440 candles for AAVEUSDT
2026-09-16 19:34:51 [info     ] [Bitget] Reached start time for AAVEUSDT
2026-09-16 19:34:51 [info     ] [Bitget] Historical data generator completed for AAVEUSDT
2026-09-16 19:34:51 [info     ] ✅ Price data download completed successfully final_count=2977 final_result=True status=SUCCESS total_minutes=1440
[2026-09-16 19:34:51 UTC] 163/2726 | AAVEUSDT 2026-09-03: +2880 свечей (прогнозов ждало 15) | всего +419040 | темп 1485 окон/ч, осталось ~1.7 ч | диск 59.8 ГБ
2026-09-16 19:34:52 [info     ] Smart minute data check        end=datetime.datetime(2026, 9, 3, 23, 59, tzinfo=datetime.timezone.utc) expected_minutes=1440 start=datetime.datetime(2026, 9, 3, 0, 0, tzinfo=datetime.timezone.utc) symbol=KASUSDT
2026-09-16 19:34:52 [warning  ] ⚠️  Incomplete price data, downloading missing existing=96 expected_total=1440 missing=1344 status=INCOMPLETE symbol=KASUSDT
2026-09-16 19:34:52 [info     ] Start download coin=<Coin:  (KASUSDT)> start_time=datetime.datetime(2026, 9, 3, 0, 0, tzinfo=datetime.timezone.utc) end_time=datetime.datetime(2026, 9, 3, 23, 59, tzinfo=datetime.timezone.utc)
2026-09-16 19:34:52 [info     ] [Bybit] Starting historical data generator for symbol='KASUSDT', days=90
2026-09-16 19:34:52 [info     ] [Bybit] Loading data from 2026-09-03 00:00:00+00:00 to 2026-09-03 23:59:00+00:00
2026-09-16 19:34:52 [info     ] [Bybit] Yielding batch of 1000 candles for KASUSDT
2026-09-16 19:34:53 [info     ] [Bybit] Yielding batch of 440 candles for KASUSDT
2026-09-16 19:34:53 [info     ] [Bybit] Reached start time for KASUSDT
2026-09-16 19:34:53 [info     ] [Bybit] Historical data generator completed for KASUSDT
2026-09-16 19:34:53 [info     ] [Bitget] Starting historical data generator for symbol='KASUSDT', days=90
2026-09-16 19:34:53 [info     ] [Bitget] Loading data from 2026-09-03 00:00:00+00:00 to 2026-09-03 23:59:00+00:00
2026-09-16 19:34:54 - INFO - HTTP Request: GET https://api.bitget.com/api/v2/mix/market/candles?symbol=KASUSDT&granularity=1m&limit=1000&productType=usdt-futures&endTime=1788479940000 "HTTP/1.1 200 OK"
2026-09-16 19:34:54 [info     ] [Bitget] Yielding batch of 1000 candles for KASUSDT
2026-09-16 19:34:54 - INFO - HTTP Request: GET https://api.bitget.com/api/v2/mix/market/candles?symbol=KASUSDT&granularity=1m&limit=1000&productType=usdt-futures&endTime=1788419999999 "HTTP/1.1 200 OK"
2026-09-16 19:34:54 [info     ] [Bitget] Yielding batch of 440 candles for KASUSDT
2026-09-16 19:34:54 [info     ] [Bitget] Reached start time for KASUSDT
2026-09-16 19:34:54 [info     ] [Bitget] Historical data generator completed for KASUSDT
2026-09-16 19:34:54 [info     ] ✅ Price data download completed successfully final_count=2976 final_result=True status=SUCCESS total_minutes=1440
[2026-09-16 19:34:54 UTC] 164/2726 | KASUSDT 2026-09-03: +2880 свечей (прогнозов ждало 3) | всего +421920 | темп 1483 окон/ч, осталось ~1.7 ч | диск 59.8 ГБ
2026-09-16 19:34:55 [info     ] Smart minute data check        end=datetime.datetime(2026, 9, 3, 23, 59, tzinfo=datetime.timezone.utc) expected_minutes=1440 start=datetime.datetime(2026, 9, 3, 0, 0, tzinfo=datetime.timezone.utc) symbol=COMPUSDT
2026-09-16 19:34:55 [warning  ] ⚠️  Incomplete price data, downloading missing existing=106 expected_total=1440 missing=1334 status=INCOMPLETE symbol=COMPUSDT
2026-09-16 19:34:55 [info     ] Start download coin=<Coin:  (COMPUSDT)> start_time=datetime.datetime(2026, 9, 3, 0, 0, tzinfo=datetime.timezone.utc) end_time=datetime.datetime(2026, 9, 3, 23, 59, tzinfo=datetime.timezone.utc)
2026-09-16 19:34:55 [info     ] [Bybit] Starting historical data generator for symbol='COMPUSDT', days=90
2026-09-16 19:34:55 [info     ] [Bybit] Loading data from 2026-09-03 00:00:00+00:00 to 2026-09-03 23:59:00+00:00
2026-09-16 19:34:55 [info     ] [Bybit] Yielding batch of 1000 candles for COMPUSDT
2026-09-16 19:34:56 [info     ] [Bybit] Yielding batch of 440 candles for COMPUSDT
2026-09-16 19:34:56 [info     ] [Bybit] Reached start time for COMPUSDT
2026-09-16 19:34:56 [info     ] [Bybit] Historical data generator completed for COMPUSDT
2026-09-16 19:34:56 [info     ] [Bitget] Starting historical data generator for symbol='COMPUSDT', days=90
2026-09-16 19:34:56 [info     ] [Bitget] Loading data from 2026-09-03 00:00:00+00:00 to 2026-09-03 23:59:00+00:00
2026-09-16 19:34:56 - INFO - HTTP Request: GET https://api.bitget.com/api/v2/mix/market/candles?symbol=COMPUSDT&granularity=1m&limit=1000&productType=usdt-futures&endTime=1788479940000 "HTTP/1.1 200 OK"
2026-09-16 19:34:56 [info     ] [Bitget] Yielding batch of 1000 candles for COMPUSDT
2026-09-16 19:34:56 - INFO - HTTP Request: GET https://api.bitget.com/api/v2/mix/market/candles?symbol=COMPUSDT&granularity=1m&limit=1000&productType=usdt-futures&endTime=1788419999999 "HTTP/1.1 200 OK"
2026-09-16 19:34:56 [info     ] [Bitget] Yielding batch of 440 candles for COMPUSDT
2026-09-16 19:34:56 [info     ] [Bitget] Reached start time for COMPUSDT
2026-09-16 19:34:56 [info     ] [Bitget] Historical data generator completed for COMPUSDT
2026-09-16 19:34:56 [info     ] ✅ Price data download completed successfully final_count=2987 final_result=True status=SUCCESS total_minutes=1440
[2026-09-16 19:34:56 UTC] 165/2726 | COMPUSDT 2026-09-03: +2880 свечей (прогнозов ждало 16) | всего +424800 | темп 1484 окон/ч, осталось ~1.7 ч | диск 59.8 ГБ
2026-09-16 19:34:57 [info     ] Smart minute data check        end=datetime.datetime(2026, 9, 3, 23, 59, tzinfo=datetime.timezone.utc) expected_minutes=1440 start=datetime.datetime(2026, 9, 3, 0, 0, tzinfo=datetime.timezone.utc) symbol=ARBUSDT
2026-09-16 19:34:57 [warning  ] ⚠️  Incomplete price data, downloading missing existing=99 expected_total=1440 missing=1341 status=INCOMPLETE symbol=ARBUSDT
2026-09-16 19:34:57 [info     ] Start download coin=<Coin:  (ARBUSDT)> start_time=datetime.datetime(2026, 9, 3, 0, 0, tzinfo=datetime.timezone.utc) end_time=datetime.datetime(2026, 9, 3, 23, 59, tzinfo=datetime.timezone.utc)
2026-09-16 19:34:57 [info     ] [Bybit] Starting historical data generator for symbol='ARBUSDT', days=90
2026-09-16 19:34:57 [info     ] [Bybit] Loading data from 2026-09-03 00:00:00+00:00 to 2026-09-03 23:59:00+00:00
2026-09-16 19:34:57 [info     ] [Bybit] Yielding batch of 1000 candles for ARBUSDT
2026-09-16 19:34:58 [info     ] [Bybit] Yielding batch of 440 candles for ARBUSDT
2026-09-16 19:34:58 [info     ] [Bybit] Reached start time for ARBUSDT
2026-09-16 19:34:58 [info     ] [Bybit] Historical data generator completed for ARBUSDT
2026-09-16 19:34:58 [info     ] [Bitget] Starting historical data generator for symbol='ARBUSDT', days=90
2026-09-16 19:34:58 [info     ] [Bitget] Loading data from 2026-09-03 00:00:00+00:00 to 2026-09-03 23:59:00+00:00
2026-09-16 19:34:59 - INFO - HTTP Request: GET https://api.bitget.com/api/v2/mix/market/candles?symbol=ARBUSDT&granularity=1m&limit=1000&productType=usdt-futures&endTime=1788479940000 "HTTP/1.1 200 OK"
2026-09-16 19:34:59 [info     ] [Bitget] Yielding batch of 1000 candles for ARBUSDT
2026-09-16 19:34:59 - INFO - HTTP Request: GET https://api.bitget.com/api/v2/mix/market/candles?symbol=ARBUSDT&granularity=1m&limit=1000&productType=usdt-futures&endTime=1788419999999 "HTTP/1.1 200 OK"
2026-09-16 19:34:59 [info     ] [Bitget] Yielding batch of 440 candles for ARBUSDT
2026-09-16 19:34:59 [info     ] [Bitget] Reached start time for ARBUSDT
2026-09-16 19:34:59 [info     ] [Bitget] Historical data generator completed for ARBUSDT
2026-09-16 19:34:59 [info     ] ✅ Price data download completed successfully final_count=2979 final_result=True status=SUCCESS total_minutes=1440
[2026-09-16 19:34:59 UTC] 166/2726 | ARBUSDT 2026-09-03: +2880 свечей (прогнозов ждало 10) | всего +427680 | темп 1483 окон/ч, осталось ~1.7 ч | диск 59.8 ГБ
2026-09-16 19:35:00 [info     ] Smart minute data check        end=datetime.datetime(2026, 9, 3, 23, 59, tzinfo=datetime.timezone.utc) expected_minutes=1440 start=datetime.datetime(2026, 9, 3, 0, 0, tzinfo=datetime.timezone.utc) symbol=BCHUSDT
2026-09-16 19:35:00 [warning  ] ⚠️  Incomplete price data, downloading missing existing=96 expected_total=1440 missing=1344 status=INCOMPLETE symbol=BCHUSDT
2026-09-16 19:35:00 [info     ] Start download coin=<Coin:  (BCHUSDT)> start_time=datetime.datetime(2026, 9, 3, 0, 0, tzinfo=datetime.timezone.utc) end_time=datetime.datetime(2026, 9, 3, 23, 59, tzinfo=datetime.timezone.utc)
2026-09-16 19:35:00 [info     ] [Bybit] Starting historical data generator for symbol='BCHUSDT', days=90
2026-09-16 19:35:00 [info     ] [Bybit] Loading data from 2026-09-03 00:00:00+00:00 to 2026-09-03 23:59:00+00:00
2026-09-16 19:35:00 [info     ] [Bybit] Yielding batch of 1000 candles for BCHUSDT
2026-09-16 19:35:01 [info     ] [Bybit] Yielding batch of 440 candles for BCHUSDT
2026-09-16 19:35:01 [info     ] [Bybit] Reached start time for BCHUSDT
2026-09-16 19:35:01 [info     ] [Bybit] Historical data generator completed for BCHUSDT
2026-09-16 19:35:01 [info     ] [Bitget] Starting historical data generator for symbol='BCHUSDT', days=90
2026-09-16 19:35:01 [info     ] [Bitget] Loading data from 2026-09-03 00:00:00+00:00 to 2026-09-03 23:59:00+00:00
2026-09-16 19:35:02 - INFO - HTTP Request: GET https://api.bitget.com/api/v2/mix/market/candles?symbol=BCHUSDT&granularity=1m&limit=1000&productType=usdt-futures&endTime=1788479940000 "HTTP/1.1 200 OK"
2026-09-16 19:35:02 [info     ] [Bitget] Yielding batch of 1000 candles for BCHUSDT
2026-09-16 19:35:02 - INFO - HTTP Request: GET https://api.bitget.com/api/v2/mix/market/candles?symbol=BCHUSDT&granularity=1m&limit=1000&productType=usdt-futures&endTime=1788419999999 "HTTP/1.1 200 OK"
2026-09-16 19:35:02 [info     ] [Bitget] Yielding batch of 440 candles for BCHUSDT
2026-09-16 19:35:02 [info     ] [Bitget] Reached start time for BCHUSDT
2026-09-16 19:35:02 [info     ] [Bitget] Historical data generator completed for BCHUSDT
2026-09-16 19:35:02 [info     ] ✅ Price data download completed successfully final_count=2976 final_result=True status=SUCCESS total_minutes=1440
[2026-09-16 19:35:02 UTC] 167/2726 | BCHUSDT 2026-09-03: +2880 свечей (прогнозов ждало 1) | всего +430560 | темп 1481 окон/ч, осталось ~1.7 ч | диск 59.8 ГБ
2026-09-16 19:35:03 [info     ] Smart minute data check        end=datetime.datetime(2026, 9, 3, 23, 59, tzinfo=datetime.timezone.utc) expected_minutes=1440 start=datetime.datetime(2026, 9, 3, 0, 0, tzinfo=datetime.timezone.utc) symbol=HUSDT
2026-09-16 19:35:03 [warning  ] ⚠️  Incomplete price data, downloading missing existing=96 expected_total=1440 missing=1344 status=INCOMPLETE symbol=HUSDT
2026-09-16 19:35:03 [info     ] Start download coin=<Coin:  (HUSDT)> start_time=datetime.datetime(2026, 9, 3, 0, 0, tzinfo=datetime.timezone.utc) end_time=datetime.datetime(2026, 9, 3, 23, 59, tzinfo=datetime.timezone.utc)
2026-09-16 19:35:03 [info     ] [Bybit] Starting historical data generator for symbol='HUSDT', days=90
2026-09-16 19:35:03 [info     ] [Bybit] Loading data from 2026-09-03 00:00:00+00:00 to 2026-09-03 23:59:00+00:00
2026-09-16 19:35:03 [info     ] [Bybit] Yielding batch of 1000 candles for HUSDT
2026-09-16 19:35:04 [info     ] [Bybit] Yielding batch of 440 candles for HUSDT
2026-09-16 19:35:04 [info     ] [Bybit] Reached start time for HUSDT
2026-09-16 19:35:04 [info     ] [Bybit] Historical data generator completed for HUSDT
2026-09-16 19:35:04 [info     ] [Bitget] Starting historical data generator for symbol='HUSDT', days=90
2026-09-16 19:35:04 [info     ] [Bitget] Loading data from 2026-09-03 00:00:00+00:00 to 2026-09-03 23:59:00+00:00
2026-09-16 19:35:04 - INFO - HTTP Request: GET https://api.bitget.com/api/v2/mix/market/candles?symbol=HUSDT&granularity=1m&limit=1000&productType=usdt-futures&endTime=1788479940000 "HTTP/1.1 200 OK"
2026-09-16 19:35:04 [info     ] [Bitget] Yielding batch of 1000 candles for HUSDT
2026-09-16 19:35:05 - INFO - HTTP Request: GET https://api.bitget.com/api/v2/mix/market/candles?symbol=HUSDT&granularity=1m&limit=1000&productType=usdt-futures&endTime=1788419999999 "HTTP/1.1 200 OK"
2026-09-16 19:35:05 [info     ] [Bitget] Yielding batch of 440 candles for HUSDT
2026-09-16 19:35:05 [info     ] [Bitget] Reached start time for HUSDT
2026-09-16 19:35:05 [info     ] [Bitget] Historical data generator completed for HUSDT
2026-09-16 19:35:05 [info     ] ✅ Price data download completed successfully final_count=2976 final_result=True status=SUCCESS total_minutes=1440
[2026-09-16 19:35:05 UTC] 168/2726 | HUSDT 2026-09-03: +2880 свечей (прогнозов ждало 21) | всего +433440 | темп 1481 окон/ч, осталось ~1.7 ч | диск 59.8 ГБ
2026-09-16 19:35:05 [info     ] Smart minute data check        end=datetime.datetime(2026, 9, 3, 23, 59, tzinfo=datetime.timezone.utc) expected_minutes=1440 start=datetime.datetime(2026, 9, 3, 0, 0, tzinfo=datetime.timezone.utc) symbol=TRUMPUSDT
2026-09-16 19:35:05 [warning  ] ⚠️  Incomplete price data, downloading missing existing=96 expected_total=1440 missing=1344 status=INCOMPLETE symbol=TRUMPUSDT
2026-09-16 19:35:05 [info     ] Start download coin=<Coin:  (TRUMPUSDT)> start_time=datetime.datetime(2026, 9, 3, 0, 0, tzinfo=datetime.timezone.utc) end_time=datetime.datetime(2026, 9, 3, 23, 59, tzinfo=datetime.timezone.utc)
2026-09-16 19:35:05 [info     ] [Bybit] Starting historical data generator for symbol='TRUMPUSDT', days=90
2026-09-16 19:35:05 [info     ] [Bybit] Loading data from 2026-09-03 00:00:00+00:00 to 2026-09-03 23:59:00+00:00
2026-09-16 19:35:05 [info     ] [Bybit] Yielding batch of 1000 candles for TRUMPUSDT
2026-09-16 19:35:06 [info     ] [Bybit] Yielding batch of 440 candles for TRUMPUSDT
2026-09-16 19:35:07 [info     ] [Bybit] Reached start time for TRUMPUSDT
2026-09-16 19:35:07 [info     ] [Bybit] Historical data generator completed for TRUMPUSDT
2026-09-16 19:35:07 [info     ] [Bitget] Starting historical data generator for symbol='TRUMPUSDT', days=90
2026-09-16 19:35:07 [info     ] [Bitget] Loading data from 2026-09-03 00:00:00+00:00 to 2026-09-03 23:59:00+00:00
2026-09-16 19:35:07 - INFO - HTTP Request: GET https://api.bitget.com/api/v2/mix/market/candles?symbol=TRUMPUSDT&granularity=1m&limit=1000&productType=usdt-futures&endTime=1788479940000 "HTTP/1.1 200 OK"
2026-09-16 19:35:07 [info     ] [Bitget] Yielding batch of 1000 candles for TRUMPUSDT
2026-09-16 19:35:07 - INFO - HTTP Request: GET https://api.bitget.com/api/v2/mix/market/candles?symbol=TRUMPUSDT&granularity=1m&limit=1000&productType=usdt-futures&endTime=1788419999999 "HTTP/1.1 200 OK"
2026-09-16 19:35:07 [info     ] [Bitget] Yielding batch of 440 candles for TRUMPUSDT
2026-09-16 19:35:08 [info     ] [Bitget] Reached start time for TRUMPUSDT
2026-09-16 19:35:08 [info     ] [Bitget] Historical data generator completed for TRUMPUSDT
2026-09-16 19:35:08 [info     ] ✅ Price data download completed successfully final_count=2976 final_result=True status=SUCCESS total_minutes=1440
[2026-09-16 19:35:08 UTC] 169/2726 | TRUMPUSDT 2026-09-03: +2880 свечей (прогнозов ждало 12) | всего +436320 | темп 1479 окон/ч, осталось ~1.7 ч | диск 59.8 ГБ
2026-09-16 19:35:08 [info     ] Smart minute data check        end=datetime.datetime(2026, 9, 3, 23, 59, tzinfo=datetime.timezone.utc) expected_minutes=1440 start=datetime.datetime(2026, 9, 3, 0, 0, tzinfo=datetime.timezone.utc) symbol=HYPEUSDT
2026-09-16 19:35:08 [warning  ] ⚠️  Incomplete price data, downloading missing existing=96 expected_total=1440 missing=1344 status=INCOMPLETE symbol=HYPEUSDT
2026-09-16 19:35:08 [info     ] Start download coin=<Coin:  (HYPEUSDT)> start_time=datetime.datetime(2026, 9, 3, 0, 0, tzinfo=datetime.timezone.utc) end_time=datetime.datetime(2026, 9, 3, 23, 59, tzinfo=datetime.timezone.utc)
2026-09-16 19:35:08 [info     ] [Bybit] Starting historical data generator for symbol='HYPEUSDT', days=90
2026-09-16 19:35:08 [info     ] [Bybit] Loading data from 2026-09-03 00:00:00+00:00 to 2026-09-03 23:59:00+00:00
2026-09-16 19:35:08 [info     ] [Bybit] Yielding batch of 1000 candles for HYPEUSDT
2026-09-16 19:35:09 [info     ] [Bybit] Yielding batch of 440 candles for HYPEUSDT
2026-09-16 19:35:09 [info     ] [Bybit] Reached start time for HYPEUSDT
2026-09-16 19:35:09 [info     ] [Bybit] Historical data generator completed for HYPEUSDT
2026-09-16 19:35:09 [info     ] [Bitget] Starting historical data generator for symbol='HYPEUSDT', days=90
2026-09-16 19:35:09 [info     ] [Bitget] Loading data from 2026-09-03 00:00:00+00:00 to 2026-09-03 23:59:00+00:00
2026-09-16 19:35:09 - INFO - HTTP Request: GET https://api.bitget.com/api/v2/mix/market/candles?symbol=HYPEUSDT&granularity=1m&limit=1000&productType=usdt-futures&endTime=1788479940000 "HTTP/1.1 200 OK"
2026-09-16 19:35:09 [info     ] [Bitget] Yielding batch of 1000 candles for HYPEUSDT
2026-09-16 19:35:10 - INFO - HTTP Request: GET https://api.bitget.com/api/v2/mix/market/candles?symbol=HYPEUSDT&granularity=1m&limit=1000&productType=usdt-futures&endTime=1788419999999 "HTTP/1.1 200 OK"
2026-09-16 19:35:10 [info     ] [Bitget] Yielding batch of 440 candles for HYPEUSDT
2026-09-16 19:35:10 [info     ] [Bitget] Reached start time for HYPEUSDT
2026-09-16 19:35:10 [info     ] [Bitget] Historical data generator completed for HYPEUSDT
2026-09-16 19:35:10 [info     ] ✅ Price data download completed successfully final_count=2976 final_result=True status=SUCCESS total_minutes=1440
[2026-09-16 19:35:10 UTC] 170/2726 | HYPEUSDT 2026-09-03: +2880 свечей (прогнозов ждало 19) | всего +439200 | темп 1479 окон/ч, осталось ~1.7 ч | диск 59.8 ГБ
2026-09-16 19:35:10 [info     ] Smart minute data check        end=datetime.datetime(2026, 9, 3, 23, 59, tzinfo=datetime.timezone.utc) expected_minutes=1440 start=datetime.datetime(2026, 9, 3, 0, 0, tzinfo=datetime.timezone.utc) symbol=CAKEUSDT
2026-09-16 19:35:10 [warning  ] ⚠️  Incomplete price data, downloading missing existing=96 expected_total=1440 missing=1344 status=INCOMPLETE symbol=CAKEUSDT
2026-09-16 19:35:10 [info     ] Start download coin=<Coin:  (CAKEUSDT)> start_time=datetime.datetime(2026, 9, 3, 0, 0, tzinfo=datetime.timezone.utc) end_time=datetime.datetime(2026, 9, 3, 23, 59, tzinfo=datetime.timezone.utc)
2026-09-16 19:35:10 [info     ] [Bybit] Starting historical data generator for symbol='CAKEUSDT', days=90
2026-09-16 19:35:10 [info     ] [Bybit] Loading data from 2026-09-03 00:00:00+00:00 to 2026-09-03 23:59:00+00:00
2026-09-16 19:35:11 [info     ] [Bybit] Yielding batch of 1000 candles for CAKEUSDT
2026-09-16 19:35:12 [info     ] [Bybit] Yielding batch of 440 candles for CAKEUSDT
2026-09-16 19:35:12 [info     ] [Bybit] Reached start time for CAKEUSDT
2026-09-16 19:35:12 [info     ] [Bybit] Historical data generator completed for CAKEUSDT
2026-09-16 19:35:12 [info     ] [Bitget] Starting historical data generator for symbol='CAKEUSDT', days=90
2026-09-16 19:35:12 [info     ] [Bitget] Loading data from 2026-09-03 00:00:00+00:00 to 2026-09-03 23:59:00+00:00
2026-09-16 19:35:12 - INFO - HTTP Request: GET https://api.bitget.com/api/v2/mix/market/candles?symbol=CAKEUSDT&granularity=1m&limit=1000&productType=usdt-futures&endTime=1788479940000 "HTTP/1.1 200 OK"
2026-09-16 19:35:12 [info     ] [Bitget] Yielding batch of 1000 candles for CAKEUSDT
2026-09-16 19:35:13 - INFO - HTTP Request: GET https://api.bitget.com/api/v2/mix/market/candles?symbol=CAKEUSDT&granularity=1m&limit=1000&productType=usdt-futures&endTime=1788419999999 "HTTP/1.1 200 OK"
2026-09-16 19:35:13 [info     ] [Bitget] Yielding batch of 440 candles for CAKEUSDT
2026-09-16 19:35:13 [info     ] [Bitget] Reached start time for CAKEUSDT
2026-09-16 19:35:13 [info     ] [Bitget] Historical data generator completed for CAKEUSDT
2026-09-16 19:35:13 [info     ] ✅ Price data download completed successfully final_count=2976 final_result=True status=SUCCESS total_minutes=1440
[2026-09-16 19:35:13 UTC] 171/2726 | CAKEUSDT 2026-09-03: +2880 свечей (прогнозов ждало 1) | всего +442080 | темп 1478 окон/ч, осталось ~1.7 ч | диск 59.8 ГБ
2026-09-16 19:35:13 [info     ] Smart minute data check        end=datetime.datetime(2026, 9, 3, 23, 59, tzinfo=datetime.timezone.utc) expected_minutes=1440 start=datetime.datetime(2026, 9, 3, 0, 0, tzinfo=datetime.timezone.utc) symbol=MINAUSDT
2026-09-16 19:35:13 [warning  ] ⚠️  Incomplete price data, downloading missing existing=96 expected_total=1440 missing=1344 status=INCOMPLETE symbol=MINAUSDT
2026-09-16 19:35:13 [info     ] Start download coin=<Coin:  (MINAUSDT)> start_time=datetime.datetime(2026, 9, 3, 0, 0, tzinfo=datetime.timezone.utc) end_time=datetime.datetime(2026, 9, 3, 23, 59, tzinfo=datetime.timezone.utc)
2026-09-16 19:35:13 [info     ] [Bybit] Starting historical data generator for symbol='MINAUSDT', days=90
2026-09-16 19:35:13 [info     ] [Bybit] Loading data from 2026-09-03 00:00:00+00:00 to 2026-09-03 23:59:00+00:00
2026-09-16 19:35:14 [info     ] [Bybit] Yielding batch of 1000 candles for MINAUSDT
2026-09-16 19:35:15 [info     ] [Bybit] Yielding batch of 440 candles for MINAUSDT
2026-09-16 19:35:15 [info     ] [Bybit] Reached start time for MINAUSDT
2026-09-16 19:35:15 [info     ] [Bybit] Historical data generator completed for MINAUSDT
2026-09-16 19:35:15 [info     ] [Bitget] Starting historical data generator for symbol='MINAUSDT', days=90
2026-09-16 19:35:15 [info     ] [Bitget] Loading data from 2026-09-03 00:00:00+00:00 to 2026-09-03 23:59:00+00:00
2026-09-16 19:35:15 - INFO - HTTP Request: GET https://api.bitget.com/api/v2/mix/market/candles?symbol=MINAUSDT&granularity=1m&limit=1000&productType=usdt-futures&endTime=1788479940000 "HTTP/1.1 200 OK"
2026-09-16 19:35:15 [info     ] [Bitget] Yielding batch of 1000 candles for MINAUSDT
2026-09-16 19:35:16 - INFO - HTTP Request: GET https://api.bitget.com/api/v2/mix/market/candles?symbol=MINAUSDT&granularity=1m&limit=1000&productType=usdt-futures&endTime=1788419999999 "HTTP/1.1 200 OK"
2026-09-16 19:35:16 [info     ] [Bitget] Yielding batch of 440 candles for MINAUSDT
2026-09-16 19:35:16 [info     ] [Bitget] Reached start time for MINAUSDT
2026-09-16 19:35:16 [info     ] [Bitget] Historical data generator completed for MINAUSDT
2026-09-16 19:35:16 [info     ] ✅ Price data download completed successfully final_count=2976 final_result=True status=SUCCESS total_minutes=1440
[2026-09-16 19:35:16 UTC] 172/2726 | MINAUSDT 2026-09-03: +2880 свечей (прогнозов ждало 1) | всего +444960 | темп 1476 окон/ч, осталось ~1.7 ч | диск 59.8 ГБ
2026-09-16 19:35:16 [info     ] Smart minute data check        end=datetime.datetime(2026, 9, 3, 23, 59, tzinfo=datetime.timezone.utc) expected_minutes=1440 start=datetime.datetime(2026, 9, 3, 0, 0, tzinfo=datetime.timezone.utc) symbol=CATIUSDT
2026-09-16 19:35:16 [warning  ] ⚠️  Incomplete price data, downloading missing existing=97 expected_total=1440 missing=1343 status=INCOMPLETE symbol=CATIUSDT
2026-09-16 19:35:16 [info     ] Start download coin=<Coin:  (CATIUSDT)> start_time=datetime.datetime(2026, 9, 3, 0, 0, tzinfo=datetime.timezone.utc) end_time=datetime.datetime(2026, 9, 3, 23, 59, tzinfo=datetime.timezone.utc)
2026-09-16 19:35:16 [info     ] [Bybit] Starting historical data generator for symbol='CATIUSDT', days=90
2026-09-16 19:35:16 [info     ] [Bybit] Loading data from 2026-09-03 00:00:00+00:00 to 2026-09-03 23:59:00+00:00
2026-09-16 19:35:17 [info     ] [Bybit] Yielding batch of 1000 candles for CATIUSDT
2026-09-16 19:35:17 [info     ] [Bybit] Yielding batch of 440 candles for CATIUSDT
2026-09-16 19:35:17 [info     ] [Bybit] Reached start time for CATIUSDT
2026-09-16 19:35:17 [info     ] [Bybit] Historical data generator completed for CATIUSDT
2026-09-16 19:35:17 [info     ] [Bitget] Starting historical data generator for symbol='CATIUSDT', days=90
2026-09-16 19:35:17 [info     ] [Bitget] Loading data from 2026-09-03 00:00:00+00:00 to 2026-09-03 23:59:00+00:00
2026-09-16 19:35:18 - INFO - HTTP Request: GET https://api.bitget.com/api/v2/mix/market/candles?symbol=CATIUSDT&granularity=1m&limit=1000&productType=usdt-futures&endTime=1788479940000 "HTTP/1.1 200 OK"
2026-09-16 19:35:18 [info     ] [Bitget] Yielding batch of 1000 candles for CATIUSDT
2026-09-16 19:35:18 - INFO - HTTP Request: GET https://api.bitget.com/api/v2/mix/market/candles?symbol=CATIUSDT&granularity=1m&limit=1000&productType=usdt-futures&endTime=1788419999999 "HTTP/1.1 200 OK"
2026-09-16 19:35:18 [info     ] [Bitget] Yielding batch of 440 candles for CATIUSDT
2026-09-16 19:35:18 [info     ] [Bitget] Reached start time for CATIUSDT
2026-09-16 19:35:18 [info     ] [Bitget] Historical data generator completed for CATIUSDT
2026-09-16 19:35:18 [info     ] ✅ Price data download completed successfully final_count=2979 final_result=True status=SUCCESS total_minutes=1440
[2026-09-16 19:35:18 UTC] 173/2726 | CATIUSDT 2026-09-03: +2880 свечей (прогнозов ждало 10) | всего +447840 | темп 1476 окон/ч, осталось ~1.7 ч | диск 59.8 ГБ
2026-09-16 19:35:19 [info     ] Smart minute data check        end=datetime.datetime(2026, 9, 3, 23, 59, tzinfo=datetime.timezone.utc) expected_minutes=1440 start=datetime.datetime(2026, 9, 3, 0, 0, tzinfo=datetime.timezone.utc) symbol=INJUSDT
2026-09-16 19:35:19 [warning  ] ⚠️  Incomplete price data, downloading missing existing=96 expected_total=1440 missing=1344 status=INCOMPLETE symbol=INJUSDT
2026-09-16 19:35:19 [info     ] Start download coin=<Coin:  (INJUSDT)> start_time=datetime.datetime(2026, 9, 3, 0, 0, tzinfo=datetime.timezone.utc) end_time=datetime.datetime(2026, 9, 3, 23, 59, tzinfo=datetime.timezone.utc)
2026-09-16 19:35:19 [info     ] [Bybit] Starting historical data generator for symbol='INJUSDT', days=90
2026-09-16 19:35:19 [info     ] [Bybit] Loading data from 2026-09-03 00:00:00+00:00 to 2026-09-03 23:59:00+00:00
2026-09-16 19:35:19 [info     ] [Bybit] Yielding batch of 1000 candles for INJUSDT
2026-09-16 19:35:20 [info     ] [Bybit] Yielding batch of 440 candles for INJUSDT
2026-09-16 19:35:20 [info     ] [Bybit] Reached start time for INJUSDT
2026-09-16 19:35:20 [info     ] [Bybit] Historical data generator completed for INJUSDT
2026-09-16 19:35:20 [info     ] [Bitget] Starting historical data generator for symbol='INJUSDT', days=90
2026-09-16 19:35:20 [info     ] [Bitget] Loading data from 2026-09-03 00:00:00+00:00 to 2026-09-03 23:59:00+00:00
2026-09-16 19:35:20 - INFO - HTTP Request: GET https://api.bitget.com/api/v2/mix/market/candles?symbol=INJUSDT&granularity=1m&limit=1000&productType=usdt-futures&endTime=1788479940000 "HTTP/1.1 200 OK"
2026-09-16 19:35:20 [info     ] [Bitget] Yielding batch of 1000 candles for INJUSDT
2026-09-16 19:35:21 - INFO - HTTP Request: GET https://api.bitget.com/api/v2/mix/market/candles?symbol=INJUSDT&granularity=1m&limit=1000&productType=usdt-futures&endTime=1788419999999 "HTTP/1.1 200 OK"
2026-09-16 19:35:21 [info     ] [Bitget] Yielding batch of 440 candles for INJUSDT
2026-09-16 19:35:21 [info     ] [Bitget] Reached start time for INJUSDT
2026-09-16 19:35:21 [info     ] [Bitget] Historical data generator completed for INJUSDT
2026-09-16 19:35:21 [info     ] ✅ Price data download completed successfully final_count=2976 final_result=True status=SUCCESS total_minutes=1440
[2026-09-16 19:35:21 UTC] 174/2726 | INJUSDT 2026-09-03: +2880 свечей (прогнозов ждало 6) | всего +450720 | темп 1474 окон/ч, осталось ~1.7 ч | диск 59.8 ГБ
2026-09-16 19:35:22 [info     ] Smart minute data check        end=datetime.datetime(2026, 9, 3, 23, 59, tzinfo=datetime.timezone.utc) expected_minutes=1440 start=datetime.datetime(2026, 9, 3, 0, 0, tzinfo=datetime.timezone.utc) symbol=C98USDT
2026-09-16 19:35:22 [warning  ] ⚠️  Incomplete price data, downloading missing existing=96 expected_total=1440 missing=1344 status=INCOMPLETE symbol=C98USDT
2026-09-16 19:35:22 [info     ] Start download coin=<Coin:  (C98USDT)> start_time=datetime.datetime(2026, 9, 3, 0, 0, tzinfo=datetime.timezone.utc) end_time=datetime.datetime(2026, 9, 3, 23, 59, tzinfo=datetime.timezone.utc)
2026-09-16 19:35:22 [info     ] [Bybit] Starting historical data generator for symbol='C98USDT', days=90
2026-09-16 19:35:22 [info     ] [Bybit] Loading data from 2026-09-03 00:00:00+00:00 to 2026-09-03 23:59:00+00:00
2026-09-16 19:35:22 [info     ] [Bybit] Yielding batch of 1000 candles for C98USDT
2026-09-16 19:35:22 [info     ] [Bybit] Yielding batch of 440 candles for C98USDT
2026-09-16 19:35:23 [info     ] [Bybit] Reached start time for C98USDT
2026-09-16 19:35:23 [info     ] [Bybit] Historical data generator completed for C98USDT
2026-09-16 19:35:23 [info     ] [Bitget] Starting historical data generator for symbol='C98USDT', days=90
2026-09-16 19:35:23 [info     ] [Bitget] Loading data from 2026-09-03 00:00:00+00:00 to 2026-09-03 23:59:00+00:00
2026-09-16 19:35:23 - INFO - HTTP Request: GET https://api.bitget.com/api/v2/mix/market/candles?symbol=C98USDT&granularity=1m&limit=1000&productType=usdt-futures&endTime=1788479940000 "HTTP/1.1 200 OK"
2026-09-16 19:35:23 [info     ] [Bitget] Yielding batch of 1000 candles for C98USDT
2026-09-16 19:35:23 - INFO - HTTP Request: GET https://api.bitget.com/api/v2/mix/market/candles?symbol=C98USDT&granularity=1m&limit=1000&productType=usdt-futures&endTime=1788419999999 "HTTP/1.1 200 OK"
2026-09-16 19:35:23 [info     ] [Bitget] Yielding batch of 440 candles for C98USDT
2026-09-16 19:35:23 [info     ] [Bitget] Reached start time for C98USDT
2026-09-16 19:35:23 [info     ] [Bitget] Historical data generator completed for C98USDT
2026-09-16 19:35:23 [info     ] ✅ Price data download completed successfully final_count=2976 final_result=True status=SUCCESS total_minutes=1440
[2026-09-16 19:35:23 UTC] 175/2726 | C98USDT 2026-09-03: +2880 свечей (прогнозов ждало 21) | всего +453600 | темп 1475 окон/ч, осталось ~1.7 ч | диск 59.8 ГБ
2026-09-16 19:35:24 [info     ] Smart minute data check        end=datetime.datetime(2026, 9, 3, 23, 59, tzinfo=datetime.timezone.utc) expected_minutes=1440 start=datetime.datetime(2026, 9, 3, 0, 0, tzinfo=datetime.timezone.utc) symbol=PEPEUSDT
2026-09-16 19:35:24 [warning  ] ⚠️  Incomplete price data, downloading missing existing=98 expected_total=1440 missing=1342 status=INCOMPLETE symbol=PEPEUSDT
2026-09-16 19:35:24 [info     ] Start download coin=<Coin:  (PEPEUSDT)> start_time=datetime.datetime(2026, 9, 3, 0, 0, tzinfo=datetime.timezone.utc) end_time=datetime.datetime(2026, 9, 3, 23, 59, tzinfo=datetime.timezone.utc)
2026-09-16 19:35:24 [info     ] [Bybit] Starting historical data generator for symbol='PEPEUSDT', days=90
2026-09-16 19:35:24 [info     ] [Bybit] Loading data from 2026-09-03 00:00:00+00:00 to 2026-09-03 23:59:00+00:00
2026-09-16 19:35:24 [error    ] [Bybit] Failed to get historical data batch for symbol='PEPEUSDT'
Traceback (most recent call last):
  File "/srv/www/services/crypto_market.py", line 179, in get_historical_candles_generator
    response = self.http_client.get_kline(
        symbol=symbol,
    ...<2 lines>...
        end=str(current_end_time_ms),  # Загружаем до этого времени
    )
  File "/srv/docker-venv/lib/python3.14/site-packages/pybit/_v5_market.py", line 33, in get_kline
    return self._submit_request(
           ~~~~~~~~~~~~~~~~~~~~^
        method="GET",
        ^^^^^^^^^^^^^
        path=f"{self.endpoint}{Market.GET_KLINE}",
        ^^^^^^^^^^^^^^^^^^^^^^^^^^^^^^^^^^^^^^^^^^
        query=kwargs,
        ^^^^^^^^^^^^^
    )
    ^
  File "/srv/docker-venv/lib/python3.14/site-packages/pybit/_http_manager.py", line 197, in _submit_request
    return self._handle_response(response, method, path, req_params, recv_window, retries_attempted)
           ~~~~~~~~~~~~~~~~~~~~~^^^^^^^^^^^^^^^^^^^^^^^^^^^^^^^^^^^^^^^^^^^^^^^^^^^^^^^^^^^^^^^^^^^^
  File "/srv/docker-venv/lib/python3.14/site-packages/pybit/_http_manager.py", line 282, in _handle_response
    raise InvalidRequestError(
    ...<5 lines>...
    )
pybit.exceptions.InvalidRequestError: params error: Symbol Is Invalid (ErrCode: 10001) (ErrTime: 19:35:24).
Request → GET https://api.bybit.com/v5/market/kline: end=1788479940000&interval=1&limit=1000&symbol=PEPEUSDT.
2026-09-16 19:35:24 [error    ] Error download coin history interval start_time=datetime.datetime(2026, 9, 3, 0, 0, tzinfo=datetime.timezone.utc) end_time=datetime.datetime(2026, 9, 3, 23, 59, tzinfo=datetime.timezone.utc)
Traceback (most recent call last):
  File "/srv/www/services/crypto_market.py", line 179, in get_historical_candles_generator
    response = self.http_client.get_kline(
        symbol=symbol,
    ...<2 lines>...
        end=str(current_end_time_ms),  # Загружаем до этого времени
    )
  File "/srv/docker-venv/lib/python3.14/site-packages/pybit/_v5_market.py", line 33, in get_kline
    return self._submit_request(
           ~~~~~~~~~~~~~~~~~~~~^
        method="GET",
        ^^^^^^^^^^^^^
        path=f"{self.endpoint}{Market.GET_KLINE}",
        ^^^^^^^^^^^^^^^^^^^^^^^^^^^^^^^^^^^^^^^^^^
        query=kwargs,
        ^^^^^^^^^^^^^
    )
    ^
  File "/srv/docker-venv/lib/python3.14/site-packages/pybit/_http_manager.py", line 197, in _submit_request
    return self._handle_response(response, method, path, req_params, recv_window, retries_attempted)
           ~~~~~~~~~~~~~~~~~~~~~^^^^^^^^^^^^^^^^^^^^^^^^^^^^^^^^^^^^^^^^^^^^^^^^^^^^^^^^^^^^^^^^^^^^
  File "/srv/docker-venv/lib/python3.14/site-packages/pybit/_http_manager.py", line 282, in _handle_response
    raise InvalidRequestError(
    ...<5 lines>...
    )
pybit.exceptions.InvalidRequestError: params error: Symbol Is Invalid (ErrCode: 10001) (ErrTime: 19:35:24).
Request → GET https://api.bybit.com/v5/market/kline: end=1788479940000&interval=1&limit=1000&symbol=PEPEUSDT.

The above exception was the direct cause of the following exception:

Traceback (most recent call last):
  File "/srv/www/services/price_sync.py", line 255, in ensure_minute_data_smart
    self.download_coin_history_interval(coin=coin, start_time=start_time, end_time=end_time)
    ~~~~~~~~~~~~~~~~~~~~~~~~~~~~~~~~~~~^^^^^^^^^^^^^^^^^^^^^^^^^^^^^^^^^^^^^^^^^^^^^^^^^^^^^
  File "/srv/www/services/price_sync.py", line 295, in download_coin_history_interval
    for batch_candles in client.get_historical_candles_generator(
                         ~~~~~~~~~~~~~~~~~~~~~~~~~~~~~~~~~~~~~~~^
        symbol=coin.symbol, start_time=start_time, end_time=end_time
        ^^^^^^^^^^^^^^^^^^^^^^^^^^^^^^^^^^^^^^^^^^^^^^^^^^^^^^^^^^^^
    ):
    ^
  File "/srv/www/services/crypto_market.py", line 187, in get_historical_candles_generator
    raise BybitResponseError("Failed to get historical data batch") from exception
services.crypto_market.BybitResponseError: Failed to get historical data batch
2026-09-16 19:35:24 [info     ] Smart minute data check        end=datetime.datetime(2026, 9, 3, 23, 59, tzinfo=datetime.timezone.utc) expected_minutes=1440 start=datetime.datetime(2026, 9, 3, 0, 0, tzinfo=datetime.timezone.utc) symbol=CELOUSDT
2026-09-16 19:35:24 [warning  ] ⚠️  Incomplete price data, downloading missing existing=96 expected_total=1440 missing=1344 status=INCOMPLETE symbol=CELOUSDT
2026-09-16 19:35:24 [info     ] Start download coin=<Coin:  (CELOUSDT)> start_time=datetime.datetime(2026, 9, 3, 0, 0, tzinfo=datetime.timezone.utc) end_time=datetime.datetime(2026, 9, 3, 23, 59, tzinfo=datetime.timezone.utc)
2026-09-16 19:35:24 [info     ] [Bybit] Starting historical data generator for symbol='CELOUSDT', days=90
2026-09-16 19:35:24 [info     ] [Bybit] Loading data from 2026-09-03 00:00:00+00:00 to 2026-09-03 23:59:00+00:00
2026-09-16 19:35:25 [info     ] [Bybit] Yielding batch of 1000 candles for CELOUSDT
2026-09-16 19:35:25 [info     ] [Bybit] Yielding batch of 440 candles for CELOUSDT
2026-09-16 19:35:26 [info     ] [Bybit] Reached start time for CELOUSDT
2026-09-16 19:35:26 [info     ] [Bybit] Historical data generator completed for CELOUSDT
2026-09-16 19:35:26 [info     ] [Bitget] Starting historical data generator for symbol='CELOUSDT', days=90
2026-09-16 19:35:26 [info     ] [Bitget] Loading data from 2026-09-03 00:00:00+00:00 to 2026-09-03 23:59:00+00:00
2026-09-16 19:35:26 - INFO - HTTP Request: GET https://api.bitget.com/api/v2/mix/market/candles?symbol=CELOUSDT&granularity=1m&limit=1000&productType=usdt-futures&endTime=1788479940000 "HTTP/1.1 200 OK"
2026-09-16 19:35:26 [info     ] [Bitget] Yielding batch of 1000 candles for CELOUSDT
2026-09-16 19:35:27 - INFO - HTTP Request: GET https://api.bitget.com/api/v2/mix/market/candles?symbol=CELOUSDT&granularity=1m&limit=1000&productType=usdt-futures&endTime=1788419999999 "HTTP/1.1 200 OK"
2026-09-16 19:35:27 [info     ] [Bitget] Yielding batch of 440 candles for CELOUSDT
2026-09-16 19:35:27 [info     ] [Bitget] Reached start time for CELOUSDT
2026-09-16 19:35:27 [info     ] [Bitget] Historical data generator completed for CELOUSDT
2026-09-16 19:35:27 [info     ] ✅ Price data download completed successfully final_count=2976 final_result=True status=SUCCESS total_minutes=1440
[2026-09-16 19:35:27 UTC] 177/2726 | CELOUSDT 2026-09-03: +2880 свечей (прогнозов ждало 1) | всего +456480 | темп 1480 окон/ч, осталось ~1.7 ч | диск 59.8 ГБ
2026-09-16 19:35:27 [info     ] Smart minute data check        end=datetime.datetime(2026, 9, 3, 23, 59, tzinfo=datetime.timezone.utc) expected_minutes=1440 start=datetime.datetime(2026, 9, 3, 0, 0, tzinfo=datetime.timezone.utc) symbol=SCRUSDT
2026-09-16 19:35:27 [warning  ] ⚠️  Incomplete price data, downloading missing existing=0 expected_total=1440 missing=1440 status=INCOMPLETE symbol=SCRUSDT
2026-09-16 19:35:27 [info     ] Start download coin=<Coin:  (SCRUSDT)> start_time=datetime.datetime(2026, 9, 3, 0, 0, tzinfo=datetime.timezone.utc) end_time=datetime.datetime(2026, 9, 3, 23, 59, tzinfo=datetime.timezone.utc)
2026-09-16 19:35:27 [info     ] [Bybit] Starting historical data generator for symbol='SCRUSDT', days=90
2026-09-16 19:35:27 [info     ] [Bybit] Loading data from 2026-09-03 00:00:00+00:00 to 2026-09-03 23:59:00+00:00
2026-09-16 19:35:27 [info     ] [Bybit] No more data for SCRUSDT
2026-09-16 19:35:27 [info     ] [Bybit] Historical data generator completed for SCRUSDT
2026-09-16 19:35:27 [info     ] [Bitget] Starting historical data generator for symbol='SCRUSDT', days=90
2026-09-16 19:35:27 [info     ] [Bitget] Loading data from 2026-09-03 00:00:00+00:00 to 2026-09-03 23:59:00+00:00
2026-09-16 19:35:27 - INFO - HTTP Request: GET https://api.bitget.com/api/v2/mix/market/candles?symbol=SCRUSDT&granularity=1m&limit=1000&productType=usdt-futures&endTime=1788479940000 "HTTP/1.1 400 Bad Request"
2026-09-16 19:35:27 [error    ] [Bitget] Failed to get historical data batch for symbol='SCRUSDT'
Traceback (most recent call last):
  File "/srv/www/services/crypto_market.py", line 404, in get_historical_candles_generator
    response = self._make_kline_request(
        symbol=symbol, limit=self.BATCH_SIZE, end_time_ms=current_end_time_ms, granularity="1m"
    )
  File "/srv/www/services/crypto_market.py", line 364, in _make_kline_request
    response.raise_for_status()
    ~~~~~~~~~~~~~~~~~~~~~~~~~^^
  File "/srv/docker-venv/lib/python3.14/site-packages/httpx/_models.py", line 829, in raise_for_status
    raise HTTPStatusError(message, request=request, response=self)
httpx.HTTPStatusError: Client error '400 Bad Request' for url 'https://api.bitget.com/api/v2/mix/market/candles?symbol=SCRUSDT&granularity=1m&limit=1000&productType=usdt-futures&endTime=1788479940000'
For more information check: https://developer.mozilla.org/en-US/docs/Web/HTTP/Status/400
2026-09-16 19:35:27 [error    ] Error download coin history interval start_time=datetime.datetime(2026, 9, 3, 0, 0, tzinfo=datetime.timezone.utc) end_time=datetime.datetime(2026, 9, 3, 23, 59, tzinfo=datetime.timezone.utc)
Traceback (most recent call last):
  File "/srv/www/services/crypto_market.py", line 404, in get_historical_candles_generator
    response = self._make_kline_request(
        symbol=symbol, limit=self.BATCH_SIZE, end_time_ms=current_end_time_ms, granularity="1m"
    )
  File "/srv/www/services/crypto_market.py", line 364, in _make_kline_request
    response.raise_for_status()
    ~~~~~~~~~~~~~~~~~~~~~~~~~^^
  File "/srv/docker-venv/lib/python3.14/site-packages/httpx/_models.py", line 829, in raise_for_status
    raise HTTPStatusError(message, request=request, response=self)
httpx.HTTPStatusError: Client error '400 Bad Request' for url 'https://api.bitget.com/api/v2/mix/market/candles?symbol=SCRUSDT&granularity=1m&limit=1000&productType=usdt-futures&endTime=1788479940000'
For more information check: https://developer.mozilla.org/en-US/docs/Web/HTTP/Status/400

The above exception was the direct cause of the following exception:

Traceback (most recent call last):
  File "/srv/www/services/price_sync.py", line 255, in ensure_minute_data_smart
    self.download_coin_history_interval(coin=coin, start_time=start_time, end_time=end_time)
    ~~~~~~~~~~~~~~~~~~~~~~~~~~~~~~~~~~~^^^^^^^^^^^^^^^^^^^^^^^^^^^^^^^^^^^^^^^^^^^^^^^^^^^^^
  File "/srv/www/services/price_sync.py", line 295, in download_coin_history_interval
    for batch_candles in client.get_historical_candles_generator(
                         ~~~~~~~~~~~~~~~~~~~~~~~~~~~~~~~~~~~~~~~^
        symbol=coin.symbol, start_time=start_time, end_time=end_time
        ^^^^^^^^^^^^^^^^^^^^^^^^^^^^^^^^^^^^^^^^^^^^^^^^^^^^^^^^^^^^
    ):
    ^
  File "/srv/www/services/crypto_market.py", line 409, in get_historical_candles_generator
    raise BitgetResponseError("Failed to get historical data batch") from exception
services.crypto_market.BitgetResponseError: Failed to get historical data batch
2026-09-16 19:35:28 [info     ] Smart minute data check        end=datetime.datetime(2026, 9, 3, 23, 59, tzinfo=datetime.timezone.utc) expected_minutes=1440 start=datetime.datetime(2026, 9, 3, 0, 0, tzinfo=datetime.timezone.utc) symbol=ENSUSDT
2026-09-16 19:35:28 [warning  ] ⚠️  Incomplete price data, downloading missing existing=96 expected_total=1440 missing=1344 status=INCOMPLETE symbol=ENSUSDT
2026-09-16 19:35:28 [info     ] Start download coin=<Coin:  (ENSUSDT)> start_time=datetime.datetime(2026, 9, 3, 0, 0, tzinfo=datetime.timezone.utc) end_time=datetime.datetime(2026, 9, 3, 23, 59, tzinfo=datetime.timezone.utc)
2026-09-16 19:35:28 [info     ] [Bybit] Starting historical data generator for symbol='ENSUSDT', days=90
2026-09-16 19:35:28 [info     ] [Bybit] Loading data from 2026-09-03 00:00:00+00:00 to 2026-09-03 23:59:00+00:00
2026-09-16 19:35:29 [info     ] [Bybit] Yielding batch of 1000 candles for ENSUSDT
2026-09-16 19:35:30 [info     ] [Bybit] Yielding batch of 440 candles for ENSUSDT
2026-09-16 19:35:30 [info     ] [Bybit] Reached start time for ENSUSDT
2026-09-16 19:35:30 [info     ] [Bybit] Historical data generator completed for ENSUSDT
2026-09-16 19:35:30 [info     ] [Bitget] Starting historical data generator for symbol='ENSUSDT', days=90
2026-09-16 19:35:30 [info     ] [Bitget] Loading data from 2026-09-03 00:00:00+00:00 to 2026-09-03 23:59:00+00:00
2026-09-16 19:35:30 - INFO - HTTP Request: GET https://api.bitget.com/api/v2/mix/market/candles?symbol=ENSUSDT&granularity=1m&limit=1000&productType=usdt-futures&endTime=1788479940000 "HTTP/1.1 200 OK"
2026-09-16 19:35:30 [info     ] [Bitget] Yielding batch of 1000 candles for ENSUSDT
2026-09-16 19:35:30 - INFO - HTTP Request: GET https://api.bitget.com/api/v2/mix/market/candles?symbol=ENSUSDT&granularity=1m&limit=1000&productType=usdt-futures&endTime=1788419999999 "HTTP/1.1 200 OK"
2026-09-16 19:35:30 [info     ] [Bitget] Yielding batch of 440 candles for ENSUSDT
2026-09-16 19:35:31 [info     ] [Bitget] Reached start time for ENSUSDT
2026-09-16 19:35:31 [info     ] [Bitget] Historical data generator completed for ENSUSDT
2026-09-16 19:35:31 [info     ] ✅ Price data download completed successfully final_count=2976 final_result=True status=SUCCESS total_minutes=1440
[2026-09-16 19:35:31 UTC] 179/2726 | ENSUSDT 2026-09-03: +2880 свечей (прогнозов ждало 1) | всего +459360 | темп 1484 окон/ч, осталось ~1.7 ч | диск 59.8 ГБ
2026-09-16 19:35:31 [info     ] Smart minute data check        end=datetime.datetime(2026, 9, 3, 23, 59, tzinfo=datetime.timezone.utc) expected_minutes=1440 start=datetime.datetime(2026, 9, 3, 0, 0, tzinfo=datetime.timezone.utc) symbol=BATUSDT
2026-09-16 19:35:31 [warning  ] ⚠️  Incomplete price data, downloading missing existing=96 expected_total=1440 missing=1344 status=INCOMPLETE symbol=BATUSDT
2026-09-16 19:35:31 [info     ] Start download coin=<Coin:  (BATUSDT)> start_time=datetime.datetime(2026, 9, 3, 0, 0, tzinfo=datetime.timezone.utc) end_time=datetime.datetime(2026, 9, 3, 23, 59, tzinfo=datetime.timezone.utc)
2026-09-16 19:35:31 [info     ] [Bybit] Starting historical data generator for symbol='BATUSDT', days=90
2026-09-16 19:35:31 [info     ] [Bybit] Loading data from 2026-09-03 00:00:00+00:00 to 2026-09-03 23:59:00+00:00
2026-09-16 19:35:31 [info     ] [Bybit] Yielding batch of 1000 candles for BATUSDT
2026-09-16 19:35:32 [info     ] [Bybit] Yielding batch of 440 candles for BATUSDT
2026-09-16 19:35:32 [info     ] [Bybit] Reached start time for BATUSDT
2026-09-16 19:35:32 [info     ] [Bybit] Historical data generator completed for BATUSDT
2026-09-16 19:35:32 [info     ] [Bitget] Starting historical data generator for symbol='BATUSDT', days=90
2026-09-16 19:35:32 [info     ] [Bitget] Loading data from 2026-09-03 00:00:00+00:00 to 2026-09-03 23:59:00+00:00
2026-09-16 19:35:32 - INFO - HTTP Request: GET https://api.bitget.com/api/v2/mix/market/candles?symbol=BATUSDT&granularity=1m&limit=1000&productType=usdt-futures&endTime=1788479940000 "HTTP/1.1 200 OK"
2026-09-16 19:35:32 [info     ] [Bitget] Yielding batch of 1000 candles for BATUSDT
2026-09-16 19:35:33 - INFO - HTTP Request: GET https://api.bitget.com/api/v2/mix/market/candles?symbol=BATUSDT&granularity=1m&limit=1000&productType=usdt-futures&endTime=1788419999999 "HTTP/1.1 200 OK"
2026-09-16 19:35:33 [info     ] [Bitget] Yielding batch of 440 candles for BATUSDT
2026-09-16 19:35:33 [info     ] [Bitget] Reached start time for BATUSDT
2026-09-16 19:35:33 [info     ] [Bitget] Historical data generator completed for BATUSDT
2026-09-16 19:35:33 [info     ] ✅ Price data download completed successfully final_count=2976 final_result=True status=SUCCESS total_minutes=1440
[2026-09-16 19:35:33 UTC] 180/2726 | BATUSDT 2026-09-03: +2880 свечей (прогнозов ждало 24) | всего +462240 | темп 1485 окон/ч, осталось ~1.7 ч | диск 59.8 ГБ
2026-09-16 19:35:33 [info     ] Smart minute data check        end=datetime.datetime(2026, 9, 3, 23, 59, tzinfo=datetime.timezone.utc) expected_minutes=1440 start=datetime.datetime(2026, 9, 3, 0, 0, tzinfo=datetime.timezone.utc) symbol=PARTIUSDT
2026-09-16 19:35:33 [warning  ] ⚠️  Incomplete price data, downloading missing existing=96 expected_total=1440 missing=1344 status=INCOMPLETE symbol=PARTIUSDT
2026-09-16 19:35:33 [info     ] Start download coin=<Coin:  (PARTIUSDT)> start_time=datetime.datetime(2026, 9, 3, 0, 0, tzinfo=datetime.timezone.utc) end_time=datetime.datetime(2026, 9, 3, 23, 59, tzinfo=datetime.timezone.utc)
2026-09-16 19:35:33 [info     ] [Bybit] Starting historical data generator for symbol='PARTIUSDT', days=90
2026-09-16 19:35:33 [info     ] [Bybit] Loading data from 2026-09-03 00:00:00+00:00 to 2026-09-03 23:59:00+00:00
2026-09-16 19:35:34 [info     ] [Bybit] Yielding batch of 1000 candles for PARTIUSDT
2026-09-16 19:35:34 [info     ] [Bybit] Yielding batch of 440 candles for PARTIUSDT
2026-09-16 19:35:35 [info     ] [Bybit] Reached start time for PARTIUSDT
2026-09-16 19:35:35 [info     ] [Bybit] Historical data generator completed for PARTIUSDT
2026-09-16 19:35:35 [info     ] [Bitget] Starting historical data generator for symbol='PARTIUSDT', days=90
2026-09-16 19:35:35 [info     ] [Bitget] Loading data from 2026-09-03 00:00:00+00:00 to 2026-09-03 23:59:00+00:00
2026-09-16 19:35:35 - INFO - HTTP Request: GET https://api.bitget.com/api/v2/mix/market/candles?symbol=PARTIUSDT&granularity=1m&limit=1000&productType=usdt-futures&endTime=1788479940000 "HTTP/1.1 200 OK"
2026-09-16 19:35:35 [info     ] [Bitget] Yielding batch of 1000 candles for PARTIUSDT
2026-09-16 19:35:35 - INFO - HTTP Request: GET https://api.bitget.com/api/v2/mix/market/candles?symbol=PARTIUSDT&granularity=1m&limit=1000&productType=usdt-futures&endTime=1788419999999 "HTTP/1.1 200 OK"
2026-09-16 19:35:35 [info     ] [Bitget] Yielding batch of 440 candles for PARTIUSDT
2026-09-16 19:35:35 [info     ] [Bitget] Reached start time for PARTIUSDT
2026-09-16 19:35:35 [info     ] [Bitget] Historical data generator completed for PARTIUSDT
2026-09-16 19:35:35 [info     ] ✅ Price data download completed successfully final_count=2976 final_result=True status=SUCCESS total_minutes=1440
[2026-09-16 19:35:35 UTC] 181/2726 | PARTIUSDT 2026-09-03: +2880 свечей (прогнозов ждало 2) | всего +465120 | темп 1484 окон/ч, осталось ~1.7 ч | диск 59.8 ГБ
2026-09-16 19:35:36 [info     ] Smart minute data check        end=datetime.datetime(2026, 9, 3, 23, 59, tzinfo=datetime.timezone.utc) expected_minutes=1440 start=datetime.datetime(2026, 9, 3, 0, 0, tzinfo=datetime.timezone.utc) symbol=APRUSDT
2026-09-16 19:35:36 [warning  ] ⚠️  Incomplete price data, downloading missing existing=96 expected_total=1440 missing=1344 status=INCOMPLETE symbol=APRUSDT
2026-09-16 19:35:36 [info     ] Start download coin=<Coin:  (APRUSDT)> start_time=datetime.datetime(2026, 9, 3, 0, 0, tzinfo=datetime.timezone.utc) end_time=datetime.datetime(2026, 9, 3, 23, 59, tzinfo=datetime.timezone.utc)
2026-09-16 19:35:36 [info     ] [Bybit] Starting historical data generator for symbol='APRUSDT', days=90
2026-09-16 19:35:36 [info     ] [Bybit] Loading data from 2026-09-03 00:00:00+00:00 to 2026-09-03 23:59:00+00:00
2026-09-16 19:35:36 [info     ] [Bybit] Yielding batch of 1000 candles for APRUSDT
2026-09-16 19:35:37 [info     ] [Bybit] Yielding batch of 440 candles for APRUSDT
2026-09-16 19:35:37 [info     ] [Bybit] Reached start time for APRUSDT
2026-09-16 19:35:37 [info     ] [Bybit] Historical data generator completed for APRUSDT
2026-09-16 19:35:37 [info     ] [Bitget] Starting historical data generator for symbol='APRUSDT', days=90
2026-09-16 19:35:37 [info     ] [Bitget] Loading data from 2026-09-03 00:00:00+00:00 to 2026-09-03 23:59:00+00:00
2026-09-16 19:35:37 - INFO - HTTP Request: GET https://api.bitget.com/api/v2/mix/market/candles?symbol=APRUSDT&granularity=1m&limit=1000&productType=usdt-futures&endTime=1788479940000 "HTTP/1.1 200 OK"
2026-09-16 19:35:37 [info     ] [Bitget] Yielding batch of 1000 candles for APRUSDT
2026-09-16 19:35:37 - INFO - HTTP Request: GET https://api.bitget.com/api/v2/mix/market/candles?symbol=APRUSDT&granularity=1m&limit=1000&productType=usdt-futures&endTime=1788419999999 "HTTP/1.1 200 OK"
2026-09-16 19:35:37 [info     ] [Bitget] Yielding batch of 440 candles for APRUSDT
2026-09-16 19:35:38 [info     ] [Bitget] Reached start time for APRUSDT
2026-09-16 19:35:38 [info     ] [Bitget] Historical data generator completed for APRUSDT
2026-09-16 19:35:38 [info     ] ✅ Price data download completed successfully final_count=2976 final_result=True status=SUCCESS total_minutes=1440
[2026-09-16 19:35:38 UTC] 182/2726 | APRUSDT 2026-09-03: +2880 свечей (прогнозов ждало 1) | всего +468000 | темп 1485 окон/ч, осталось ~1.7 ч | диск 59.8 ГБ
2026-09-16 19:35:38 [info     ] Smart minute data check        end=datetime.datetime(2026, 9, 3, 23, 59, tzinfo=datetime.timezone.utc) expected_minutes=1440 start=datetime.datetime(2026, 9, 3, 0, 0, tzinfo=datetime.timezone.utc) symbol=TRXUSDT
2026-09-16 19:35:38 [warning  ] ⚠️  Incomplete price data, downloading missing existing=96 expected_total=1440 missing=1344 status=INCOMPLETE symbol=TRXUSDT
2026-09-16 19:35:38 [info     ] Start download coin=<Coin:  (TRXUSDT)> start_time=datetime.datetime(2026, 9, 3, 0, 0, tzinfo=datetime.timezone.utc) end_time=datetime.datetime(2026, 9, 3, 23, 59, tzinfo=datetime.timezone.utc)
2026-09-16 19:35:38 [info     ] [Bybit] Starting historical data generator for symbol='TRXUSDT', days=90
2026-09-16 19:35:38 [info     ] [Bybit] Loading data from 2026-09-03 00:00:00+00:00 to 2026-09-03 23:59:00+00:00
2026-09-16 19:35:38 [info     ] [Bybit] Yielding batch of 1000 candles for TRXUSDT
2026-09-16 19:35:39 [info     ] [Bybit] Yielding batch of 440 candles for TRXUSDT
2026-09-16 19:35:39 [info     ] [Bybit] Reached start time for TRXUSDT
2026-09-16 19:35:39 [info     ] [Bybit] Historical data generator completed for TRXUSDT
2026-09-16 19:35:39 [info     ] [Bitget] Starting historical data generator for symbol='TRXUSDT', days=90
2026-09-16 19:35:39 [info     ] [Bitget] Loading data from 2026-09-03 00:00:00+00:00 to 2026-09-03 23:59:00+00:00
2026-09-16 19:35:40 - INFO - HTTP Request: GET https://api.bitget.com/api/v2/mix/market/candles?symbol=TRXUSDT&granularity=1m&limit=1000&productType=usdt-futures&endTime=1788479940000 "HTTP/1.1 200 OK"
2026-09-16 19:35:40 [info     ] [Bitget] Yielding batch of 1000 candles for TRXUSDT
2026-09-16 19:35:40 - INFO - HTTP Request: GET https://api.bitget.com/api/v2/mix/market/candles?symbol=TRXUSDT&granularity=1m&limit=1000&productType=usdt-futures&endTime=1788419999999 "HTTP/1.1 200 OK"
2026-09-16 19:35:40 [info     ] [Bitget] Yielding batch of 440 candles for TRXUSDT
2026-09-16 19:35:40 [info     ] [Bitget] Reached start time for TRXUSDT
2026-09-16 19:35:40 [info     ] [Bitget] Historical data generator completed for TRXUSDT
2026-09-16 19:35:40 [info     ] ✅ Price data download completed successfully final_count=2977 final_result=True status=SUCCESS total_minutes=1440
[2026-09-16 19:35:40 UTC] 183/2726 | TRXUSDT 2026-09-03: +2880 свечей (прогнозов ждало 9) | всего +470880 | темп 1484 окон/ч, осталось ~1.7 ч | диск 59.8 ГБ
2026-09-16 19:35:41 [info     ] Smart minute data check        end=datetime.datetime(2026, 9, 3, 23, 59, tzinfo=datetime.timezone.utc) expected_minutes=1440 start=datetime.datetime(2026, 9, 3, 0, 0, tzinfo=datetime.timezone.utc) symbol=COTIUSDT
2026-09-16 19:35:41 [warning  ] ⚠️  Incomplete price data, downloading missing existing=96 expected_total=1440 missing=1344 status=INCOMPLETE symbol=COTIUSDT
2026-09-16 19:35:41 [info     ] Start download coin=<Coin:  (COTIUSDT)> start_time=datetime.datetime(2026, 9, 3, 0, 0, tzinfo=datetime.timezone.utc) end_time=datetime.datetime(2026, 9, 3, 23, 59, tzinfo=datetime.timezone.utc)
2026-09-16 19:35:41 [info     ] [Bybit] Starting historical data generator for symbol='COTIUSDT', days=90
2026-09-16 19:35:41 [info     ] [Bybit] Loading data from 2026-09-03 00:00:00+00:00 to 2026-09-03 23:59:00+00:00
2026-09-16 19:35:41 [info     ] [Bybit] Yielding batch of 1000 candles for COTIUSDT
2026-09-16 19:35:42 [info     ] [Bybit] Yielding batch of 440 candles for COTIUSDT
2026-09-16 19:35:42 [info     ] [Bybit] Reached start time for COTIUSDT
2026-09-16 19:35:42 [info     ] [Bybit] Historical data generator completed for COTIUSDT
2026-09-16 19:35:42 [info     ] [Bitget] Starting historical data generator for symbol='COTIUSDT', days=90
2026-09-16 19:35:42 [info     ] [Bitget] Loading data from 2026-09-03 00:00:00+00:00 to 2026-09-03 23:59:00+00:00
2026-09-16 19:35:42 - INFO - HTTP Request: GET https://api.bitget.com/api/v2/mix/market/candles?symbol=COTIUSDT&granularity=1m&limit=1000&productType=usdt-futures&endTime=1788479940000 "HTTP/1.1 200 OK"
2026-09-16 19:35:42 [info     ] [Bitget] Yielding batch of 1000 candles for COTIUSDT
2026-09-16 19:35:43 - INFO - HTTP Request: GET https://api.bitget.com/api/v2/mix/market/candles?symbol=COTIUSDT&granularity=1m&limit=1000&productType=usdt-futures&endTime=1788419999999 "HTTP/1.1 200 OK"
2026-09-16 19:35:43 [info     ] [Bitget] Yielding batch of 440 candles for COTIUSDT
2026-09-16 19:35:43 [info     ] [Bitget] Reached start time for COTIUSDT
2026-09-16 19:35:43 [info     ] [Bitget] Historical data generator completed for COTIUSDT
2026-09-16 19:35:43 [info     ] ✅ Price data download completed successfully final_count=2976 final_result=True status=SUCCESS total_minutes=1440
[2026-09-16 19:35:43 UTC] 184/2726 | COTIUSDT 2026-09-03: +2880 свечей (прогнозов ждало 1) | всего +473760 | темп 1484 окон/ч, осталось ~1.7 ч | диск 59.8 ГБ
2026-09-16 19:35:43 [info     ] Smart minute data check        end=datetime.datetime(2026, 9, 3, 23, 59, tzinfo=datetime.timezone.utc) expected_minutes=1440 start=datetime.datetime(2026, 9, 3, 0, 0, tzinfo=datetime.timezone.utc) symbol=SOMIUSDT
2026-09-16 19:35:43 [warning  ] ⚠️  Incomplete price data, downloading missing existing=96 expected_total=1440 missing=1344 status=INCOMPLETE symbol=SOMIUSDT
2026-09-16 19:35:43 [info     ] Start download coin=<Coin:  (SOMIUSDT)> start_time=datetime.datetime(2026, 9, 3, 0, 0, tzinfo=datetime.timezone.utc) end_time=datetime.datetime(2026, 9, 3, 23, 59, tzinfo=datetime.timezone.utc)
2026-09-16 19:35:43 [info     ] [Bybit] Starting historical data generator for symbol='SOMIUSDT', days=90
2026-09-16 19:35:43 [info     ] [Bybit] Loading data from 2026-09-03 00:00:00+00:00 to 2026-09-03 23:59:00+00:00
2026-09-16 19:35:43 [info     ] [Bybit] Yielding batch of 1000 candles for SOMIUSDT
2026-09-16 19:35:44 [info     ] [Bybit] Yielding batch of 440 candles for SOMIUSDT
2026-09-16 19:35:44 [info     ] [Bybit] Reached start time for SOMIUSDT
2026-09-16 19:35:44 [info     ] [Bybit] Historical data generator completed for SOMIUSDT
2026-09-16 19:35:44 [info     ] [Bitget] Starting historical data generator for symbol='SOMIUSDT', days=90
2026-09-16 19:35:44 [info     ] [Bitget] Loading data from 2026-09-03 00:00:00+00:00 to 2026-09-03 23:59:00+00:00
2026-09-16 19:35:45 - INFO - HTTP Request: GET https://api.bitget.com/api/v2/mix/market/candles?symbol=SOMIUSDT&granularity=1m&limit=1000&productType=usdt-futures&endTime=1788479940000 "HTTP/1.1 200 OK"
2026-09-16 19:35:45 [info     ] [Bitget] Yielding batch of 1000 candles for SOMIUSDT
2026-09-16 19:35:45 - INFO - HTTP Request: GET https://api.bitget.com/api/v2/mix/market/candles?symbol=SOMIUSDT&granularity=1m&limit=1000&productType=usdt-futures&endTime=1788419999999 "HTTP/1.1 200 OK"
2026-09-16 19:35:45 [info     ] [Bitget] Yielding batch of 440 candles for SOMIUSDT
2026-09-16 19:35:45 [info     ] [Bitget] Reached start time for SOMIUSDT
2026-09-16 19:35:45 [info     ] [Bitget] Historical data generator completed for SOMIUSDT
2026-09-16 19:35:45 [info     ] ✅ Price data download completed successfully final_count=2976 final_result=True status=SUCCESS total_minutes=1440
[2026-09-16 19:35:45 UTC] 185/2726 | SOMIUSDT 2026-09-03: +2880 свечей (прогнозов ждало 1) | всего +476640 | темп 1483 окон/ч, осталось ~1.7 ч | диск 59.8 ГБ
2026-09-16 19:35:46 [info     ] Smart minute data check        end=datetime.datetime(2026, 9, 3, 23, 59, tzinfo=datetime.timezone.utc) expected_minutes=1440 start=datetime.datetime(2026, 9, 3, 0, 0, tzinfo=datetime.timezone.utc) symbol=BONKUSDT
2026-09-16 19:35:46 [warning  ] ⚠️  Incomplete price data, downloading missing existing=0 expected_total=1440 missing=1440 status=INCOMPLETE symbol=BONKUSDT
2026-09-16 19:35:46 [info     ] Start download coin=<Coin:  (BONKUSDT)> start_time=datetime.datetime(2026, 9, 3, 0, 0, tzinfo=datetime.timezone.utc) end_time=datetime.datetime(2026, 9, 3, 23, 59, tzinfo=datetime.timezone.utc)
2026-09-16 19:35:46 [info     ] [Bybit] Starting historical data generator for symbol='BONKUSDT', days=90
2026-09-16 19:35:46 [info     ] [Bybit] Loading data from 2026-09-03 00:00:00+00:00 to 2026-09-03 23:59:00+00:00
2026-09-16 19:35:46 [error    ] [Bybit] Failed to get historical data batch for symbol='BONKUSDT'
Traceback (most recent call last):
  File "/srv/www/services/crypto_market.py", line 179, in get_historical_candles_generator
    response = self.http_client.get_kline(
        symbol=symbol,
    ...<2 lines>...
        end=str(current_end_time_ms),  # Загружаем до этого времени
    )
  File "/srv/docker-venv/lib/python3.14/site-packages/pybit/_v5_market.py", line 33, in get_kline
    return self._submit_request(
           ~~~~~~~~~~~~~~~~~~~~^
        method="GET",
        ^^^^^^^^^^^^^
        path=f"{self.endpoint}{Market.GET_KLINE}",
        ^^^^^^^^^^^^^^^^^^^^^^^^^^^^^^^^^^^^^^^^^^
        query=kwargs,
        ^^^^^^^^^^^^^
    )
    ^
  File "/srv/docker-venv/lib/python3.14/site-packages/pybit/_http_manager.py", line 197, in _submit_request
    return self._handle_response(response, method, path, req_params, recv_window, retries_attempted)
           ~~~~~~~~~~~~~~~~~~~~~^^^^^^^^^^^^^^^^^^^^^^^^^^^^^^^^^^^^^^^^^^^^^^^^^^^^^^^^^^^^^^^^^^^^
  File "/srv/docker-venv/lib/python3.14/site-packages/pybit/_http_manager.py", line 282, in _handle_response
    raise InvalidRequestError(
    ...<5 lines>...
    )
pybit.exceptions.InvalidRequestError: params error: Symbol Is Invalid (ErrCode: 10001) (ErrTime: 19:35:46).
Request → GET https://api.bybit.com/v5/market/kline: end=1788479940000&interval=1&limit=1000&symbol=BONKUSDT.
2026-09-16 19:35:46 [error    ] Error download coin history interval start_time=datetime.datetime(2026, 9, 3, 0, 0, tzinfo=datetime.timezone.utc) end_time=datetime.datetime(2026, 9, 3, 23, 59, tzinfo=datetime.timezone.utc)
Traceback (most recent call last):
  File "/srv/www/services/crypto_market.py", line 179, in get_historical_candles_generator
    response = self.http_client.get_kline(
        symbol=symbol,
    ...<2 lines>...
        end=str(current_end_time_ms),  # Загружаем до этого времени
    )
  File "/srv/docker-venv/lib/python3.14/site-packages/pybit/_v5_market.py", line 33, in get_kline
    return self._submit_request(
           ~~~~~~~~~~~~~~~~~~~~^
        method="GET",
        ^^^^^^^^^^^^^
        path=f"{self.endpoint}{Market.GET_KLINE}",
        ^^^^^^^^^^^^^^^^^^^^^^^^^^^^^^^^^^^^^^^^^^
        query=kwargs,
        ^^^^^^^^^^^^^
    )
    ^
  File "/srv/docker-venv/lib/python3.14/site-packages/pybit/_http_manager.py", line 197, in _submit_request
    return self._handle_response(response, method, path, req_params, recv_window, retries_attempted)
           ~~~~~~~~~~~~~~~~~~~~~^^^^^^^^^^^^^^^^^^^^^^^^^^^^^^^^^^^^^^^^^^^^^^^^^^^^^^^^^^^^^^^^^^^^
  File "/srv/docker-venv/lib/python3.14/site-packages/pybit/_http_manager.py", line 282, in _handle_response
    raise InvalidRequestError(
    ...<5 lines>...
    )
pybit.exceptions.InvalidRequestError: params error: Symbol Is Invalid (ErrCode: 10001) (ErrTime: 19:35:46).
Request → GET https://api.bybit.com/v5/market/kline: end=1788479940000&interval=1&limit=1000&symbol=BONKUSDT.

The above exception was the direct cause of the following exception:

Traceback (most recent call last):
  File "/srv/www/services/price_sync.py", line 255, in ensure_minute_data_smart
    self.download_coin_history_interval(coin=coin, start_time=start_time, end_time=end_time)
    ~~~~~~~~~~~~~~~~~~~~~~~~~~~~~~~~~~~^^^^^^^^^^^^^^^^^^^^^^^^^^^^^^^^^^^^^^^^^^^^^^^^^^^^^
  File "/srv/www/services/price_sync.py", line 295, in download_coin_history_interval
    for batch_candles in client.get_historical_candles_generator(
                         ~~~~~~~~~~~~~~~~~~~~~~~~~~~~~~~~~~~~~~~^
        symbol=coin.symbol, start_time=start_time, end_time=end_time
        ^^^^^^^^^^^^^^^^^^^^^^^^^^^^^^^^^^^^^^^^^^^^^^^^^^^^^^^^^^^^
    ):
    ^
  File "/srv/www/services/crypto_market.py", line 187, in get_historical_candles_generator
    raise BybitResponseError("Failed to get historical data batch") from exception
services.crypto_market.BybitResponseError: Failed to get historical data batch
2026-09-16 19:35:46 [info     ] Smart minute data check        end=datetime.datetime(2026, 9, 3, 23, 59, tzinfo=datetime.timezone.utc) expected_minutes=1440 start=datetime.datetime(2026, 9, 3, 0, 0, tzinfo=datetime.timezone.utc) symbol=ANKRUSDT
2026-09-16 19:35:46 [warning  ] ⚠️  Incomplete price data, downloading missing existing=96 expected_total=1440 missing=1344 status=INCOMPLETE symbol=ANKRUSDT
2026-09-16 19:35:46 [info     ] Start download coin=<Coin:  (ANKRUSDT)> start_time=datetime.datetime(2026, 9, 3, 0, 0, tzinfo=datetime.timezone.utc) end_time=datetime.datetime(2026, 9, 3, 23, 59, tzinfo=datetime.timezone.utc)
2026-09-16 19:35:46 [info     ] [Bybit] Starting historical data generator for symbol='ANKRUSDT', days=90
2026-09-16 19:35:46 [info     ] [Bybit] Loading data from 2026-09-03 00:00:00+00:00 to 2026-09-03 23:59:00+00:00
2026-09-16 19:35:47 [info     ] [Bybit] Yielding batch of 1000 candles for ANKRUSDT
2026-09-16 19:35:48 [info     ] [Bybit] Yielding batch of 440 candles for ANKRUSDT
2026-09-16 19:35:48 [info     ] [Bybit] Reached start time for ANKRUSDT
2026-09-16 19:35:48 [info     ] [Bybit] Historical data generator completed for ANKRUSDT
2026-09-16 19:35:48 [info     ] [Bitget] Starting historical data generator for symbol='ANKRUSDT', days=90
2026-09-16 19:35:48 [info     ] [Bitget] Loading data from 2026-09-03 00:00:00+00:00 to 2026-09-03 23:59:00+00:00
2026-09-16 19:35:48 - INFO - HTTP Request: GET https://api.bitget.com/api/v2/mix/market/candles?symbol=ANKRUSDT&granularity=1m&limit=1000&productType=usdt-futures&endTime=1788479940000 "HTTP/1.1 200 OK"
2026-09-16 19:35:48 [info     ] [Bitget] Yielding batch of 1000 candles for ANKRUSDT
2026-09-16 19:35:49 - INFO - HTTP Request: GET https://api.bitget.com/api/v2/mix/market/candles?symbol=ANKRUSDT&granularity=1m&limit=1000&productType=usdt-futures&endTime=1788419999999 "HTTP/1.1 200 OK"
2026-09-16 19:35:49 [info     ] [Bitget] Yielding batch of 440 candles for ANKRUSDT
2026-09-16 19:35:49 [info     ] [Bitget] Reached start time for ANKRUSDT
2026-09-16 19:35:49 [info     ] [Bitget] Historical data generator completed for ANKRUSDT
2026-09-16 19:35:49 [info     ] ✅ Price data download completed successfully final_count=2976 final_result=True status=SUCCESS total_minutes=1440
[2026-09-16 19:35:49 UTC] 187/2726 | ANKRUSDT 2026-09-03: +2880 свечей (прогнозов ждало 33) | всего +479520 | темп 1487 окон/ч, осталось ~1.7 ч | диск 59.8 ГБ
2026-09-16 19:35:49 [info     ] Smart minute data check        end=datetime.datetime(2026, 9, 3, 23, 59, tzinfo=datetime.timezone.utc) expected_minutes=1440 start=datetime.datetime(2026, 9, 3, 0, 0, tzinfo=datetime.timezone.utc) symbol=TRADOORUSDT
2026-09-16 19:35:49 [warning  ] ⚠️  Incomplete price data, downloading missing existing=0 expected_total=1440 missing=1440 status=INCOMPLETE symbol=TRADOORUSDT
2026-09-16 19:35:49 [info     ] Start download coin=<Coin:  (TRADOORUSDT)> start_time=datetime.datetime(2026, 9, 3, 0, 0, tzinfo=datetime.timezone.utc) end_time=datetime.datetime(2026, 9, 3, 23, 59, tzinfo=datetime.timezone.utc)
2026-09-16 19:35:49 [info     ] [Bybit] Starting historical data generator for symbol='TRADOORUSDT', days=90
2026-09-16 19:35:49 [info     ] [Bybit] Loading data from 2026-09-03 00:00:00+00:00 to 2026-09-03 23:59:00+00:00
2026-09-16 19:35:50 [error    ] [Bybit] Failed to get historical data batch for symbol='TRADOORUSDT'
Traceback (most recent call last):
  File "/srv/www/services/crypto_market.py", line 179, in get_historical_candles_generator
    response = self.http_client.get_kline(
        symbol=symbol,
    ...<2 lines>...
        end=str(current_end_time_ms),  # Загружаем до этого времени
    )
  File "/srv/docker-venv/lib/python3.14/site-packages/pybit/_v5_market.py", line 33, in get_kline
    return self._submit_request(
           ~~~~~~~~~~~~~~~~~~~~^
        method="GET",
        ^^^^^^^^^^^^^
        path=f"{self.endpoint}{Market.GET_KLINE}",
        ^^^^^^^^^^^^^^^^^^^^^^^^^^^^^^^^^^^^^^^^^^
        query=kwargs,
        ^^^^^^^^^^^^^
    )
    ^
  File "/srv/docker-venv/lib/python3.14/site-packages/pybit/_http_manager.py", line 197, in _submit_request
    return self._handle_response(response, method, path, req_params, recv_window, retries_attempted)
           ~~~~~~~~~~~~~~~~~~~~~^^^^^^^^^^^^^^^^^^^^^^^^^^^^^^^^^^^^^^^^^^^^^^^^^^^^^^^^^^^^^^^^^^^^
  File "/srv/docker-venv/lib/python3.14/site-packages/pybit/_http_manager.py", line 282, in _handle_response
    raise InvalidRequestError(
    ...<5 lines>...
    )
pybit.exceptions.InvalidRequestError: params error: Symbol Is Invalid (ErrCode: 10001) (ErrTime: 19:35:50).
Request → GET https://api.bybit.com/v5/market/kline: end=1788479940000&interval=1&limit=1000&symbol=TRADOORUSDT.
2026-09-16 19:35:50 [error    ] Error download coin history interval start_time=datetime.datetime(2026, 9, 3, 0, 0, tzinfo=datetime.timezone.utc) end_time=datetime.datetime(2026, 9, 3, 23, 59, tzinfo=datetime.timezone.utc)
Traceback (most recent call last):
  File "/srv/www/services/crypto_market.py", line 179, in get_historical_candles_generator
    response = self.http_client.get_kline(
        symbol=symbol,
    ...<2 lines>...
        end=str(current_end_time_ms),  # Загружаем до этого времени
    )
  File "/srv/docker-venv/lib/python3.14/site-packages/pybit/_v5_market.py", line 33, in get_kline
    return self._submit_request(
           ~~~~~~~~~~~~~~~~~~~~^
        method="GET",
        ^^^^^^^^^^^^^
        path=f"{self.endpoint}{Market.GET_KLINE}",
        ^^^^^^^^^^^^^^^^^^^^^^^^^^^^^^^^^^^^^^^^^^
        query=kwargs,
        ^^^^^^^^^^^^^
    )
    ^
  File "/srv/docker-venv/lib/python3.14/site-packages/pybit/_http_manager.py", line 197, in _submit_request
    return self._handle_response(response, method, path, req_params, recv_window, retries_attempted)
           ~~~~~~~~~~~~~~~~~~~~~^^^^^^^^^^^^^^^^^^^^^^^^^^^^^^^^^^^^^^^^^^^^^^^^^^^^^^^^^^^^^^^^^^^^
  File "/srv/docker-venv/lib/python3.14/site-packages/pybit/_http_manager.py", line 282, in _handle_response
    raise InvalidRequestError(
    ...<5 lines>...
    )
pybit.exceptions.InvalidRequestError: params error: Symbol Is Invalid (ErrCode: 10001) (ErrTime: 19:35:50).
Request → GET https://api.bybit.com/v5/market/kline: end=1788479940000&interval=1&limit=1000&symbol=TRADOORUSDT.

The above exception was the direct cause of the following exception:

Traceback (most recent call last):
  File "/srv/www/services/price_sync.py", line 255, in ensure_minute_data_smart
    self.download_coin_history_interval(coin=coin, start_time=start_time, end_time=end_time)
    ~~~~~~~~~~~~~~~~~~~~~~~~~~~~~~~~~~~^^^^^^^^^^^^^^^^^^^^^^^^^^^^^^^^^^^^^^^^^^^^^^^^^^^^^
  File "/srv/www/services/price_sync.py", line 295, in download_coin_history_interval
    for batch_candles in client.get_historical_candles_generator(
                         ~~~~~~~~~~~~~~~~~~~~~~~~~~~~~~~~~~~~~~~^
        symbol=coin.symbol, start_time=start_time, end_time=end_time
        ^^^^^^^^^^^^^^^^^^^^^^^^^^^^^^^^^^^^^^^^^^^^^^^^^^^^^^^^^^^^
    ):
    ^
  File "/srv/www/services/crypto_market.py", line 187, in get_historical_candles_generator
    raise BybitResponseError("Failed to get historical data batch") from exception
services.crypto_market.BybitResponseError: Failed to get historical data batch
2026-09-16 19:35:50 [info     ] Smart minute data check        end=datetime.datetime(2026, 9, 3, 23, 59, tzinfo=datetime.timezone.utc) expected_minutes=1440 start=datetime.datetime(2026, 9, 3, 0, 0, tzinfo=datetime.timezone.utc) symbol=DGBUSDT
2026-09-16 19:35:50 [warning  ] ⚠️  Incomplete price data, downloading missing existing=0 expected_total=1440 missing=1440 status=INCOMPLETE symbol=DGBUSDT
2026-09-16 19:35:50 [info     ] Start download coin=<Coin:  (DGBUSDT)> start_time=datetime.datetime(2026, 9, 3, 0, 0, tzinfo=datetime.timezone.utc) end_time=datetime.datetime(2026, 9, 3, 23, 59, tzinfo=datetime.timezone.utc)
2026-09-16 19:35:50 [info     ] [Bybit] Starting historical data generator for symbol='DGBUSDT', days=90
2026-09-16 19:35:50 [info     ] [Bybit] Loading data from 2026-09-03 00:00:00+00:00 to 2026-09-03 23:59:00+00:00
2026-09-16 19:35:50 [info     ] [Bybit] No more data for DGBUSDT
2026-09-16 19:35:50 [info     ] [Bybit] Historical data generator completed for DGBUSDT
2026-09-16 19:35:50 [info     ] [Bitget] Starting historical data generator for symbol='DGBUSDT', days=90
2026-09-16 19:35:50 [info     ] [Bitget] Loading data from 2026-09-03 00:00:00+00:00 to 2026-09-03 23:59:00+00:00
2026-09-16 19:35:50 - INFO - HTTP Request: GET https://api.bitget.com/api/v2/mix/market/candles?symbol=DGBUSDT&granularity=1m&limit=1000&productType=usdt-futures&endTime=1788479940000 "HTTP/1.1 400 Bad Request"
2026-09-16 19:35:50 [error    ] [Bitget] Failed to get historical data batch for symbol='DGBUSDT'
Traceback (most recent call last):
  File "/srv/www/services/crypto_market.py", line 404, in get_historical_candles_generator
    response = self._make_kline_request(
        symbol=symbol, limit=self.BATCH_SIZE, end_time_ms=current_end_time_ms, granularity="1m"
    )
  File "/srv/www/services/crypto_market.py", line 364, in _make_kline_request
    response.raise_for_status()
    ~~~~~~~~~~~~~~~~~~~~~~~~~^^
  File "/srv/docker-venv/lib/python3.14/site-packages/httpx/_models.py", line 829, in raise_for_status
    raise HTTPStatusError(message, request=request, response=self)
httpx.HTTPStatusError: Client error '400 Bad Request' for url 'https://api.bitget.com/api/v2/mix/market/candles?symbol=DGBUSDT&granularity=1m&limit=1000&productType=usdt-futures&endTime=1788479940000'
For more information check: https://developer.mozilla.org/en-US/docs/Web/HTTP/Status/400
2026-09-16 19:35:50 [error    ] Error download coin history interval start_time=datetime.datetime(2026, 9, 3, 0, 0, tzinfo=datetime.timezone.utc) end_time=datetime.datetime(2026, 9, 3, 23, 59, tzinfo=datetime.timezone.utc)
Traceback (most recent call last):
  File "/srv/www/services/crypto_market.py", line 404, in get_historical_candles_generator
    response = self._make_kline_request(
        symbol=symbol, limit=self.BATCH_SIZE, end_time_ms=current_end_time_ms, granularity="1m"
    )
  File "/srv/www/services/crypto_market.py", line 364, in _make_kline_request
    response.raise_for_status()
    ~~~~~~~~~~~~~~~~~~~~~~~~~^^
  File "/srv/docker-venv/lib/python3.14/site-packages/httpx/_models.py", line 829, in raise_for_status
    raise HTTPStatusError(message, request=request, response=self)
httpx.HTTPStatusError: Client error '400 Bad Request' for url 'https://api.bitget.com/api/v2/mix/market/candles?symbol=DGBUSDT&granularity=1m&limit=1000&productType=usdt-futures&endTime=1788479940000'
For more information check: https://developer.mozilla.org/en-US/docs/Web/HTTP/Status/400

The above exception was the direct cause of the following exception:

Traceback (most recent call last):
  File "/srv/www/services/price_sync.py", line 255, in ensure_minute_data_smart
    self.download_coin_history_interval(coin=coin, start_time=start_time, end_time=end_time)
    ~~~~~~~~~~~~~~~~~~~~~~~~~~~~~~~~~~~^^^^^^^^^^^^^^^^^^^^^^^^^^^^^^^^^^^^^^^^^^^^^^^^^^^^^
  File "/srv/www/services/price_sync.py", line 295, in download_coin_history_interval
    for batch_candles in client.get_historical_candles_generator(
                         ~~~~~~~~~~~~~~~~~~~~~~~~~~~~~~~~~~~~~~~^
        symbol=coin.symbol, start_time=start_time, end_time=end_time
        ^^^^^^^^^^^^^^^^^^^^^^^^^^^^^^^^^^^^^^^^^^^^^^^^^^^^^^^^^^^^
    ):
    ^
  File "/srv/www/services/crypto_market.py", line 409, in get_historical_candles_generator
    raise BitgetResponseError("Failed to get historical data batch") from exception
services.crypto_market.BitgetResponseError: Failed to get historical data batch
2026-09-16 19:35:51 [info     ] Smart minute data check        end=datetime.datetime(2026, 9, 3, 23, 59, tzinfo=datetime.timezone.utc) expected_minutes=1440 start=datetime.datetime(2026, 9, 3, 0, 0, tzinfo=datetime.timezone.utc) symbol=FFUSDT
2026-09-16 19:35:51 [warning  ] ⚠️  Incomplete price data, downloading missing existing=96 expected_total=1440 missing=1344 status=INCOMPLETE symbol=FFUSDT
2026-09-16 19:35:51 [info     ] Start download coin=<Coin:  (FFUSDT)> start_time=datetime.datetime(2026, 9, 3, 0, 0, tzinfo=datetime.timezone.utc) end_time=datetime.datetime(2026, 9, 3, 23, 59, tzinfo=datetime.timezone.utc)
2026-09-16 19:35:51 [info     ] [Bybit] Starting historical data generator for symbol='FFUSDT', days=90
2026-09-16 19:35:51 [info     ] [Bybit] Loading data from 2026-09-03 00:00:00+00:00 to 2026-09-03 23:59:00+00:00
2026-09-16 19:35:52 [info     ] [Bybit] Yielding batch of 1000 candles for FFUSDT
2026-09-16 19:35:53 [info     ] [Bybit] Yielding batch of 440 candles for FFUSDT
2026-09-16 19:35:53 [info     ] [Bybit] Reached start time for FFUSDT
2026-09-16 19:35:53 [info     ] [Bybit] Historical data generator completed for FFUSDT
2026-09-16 19:35:53 [info     ] [Bitget] Starting historical data generator for symbol='FFUSDT', days=90
2026-09-16 19:35:53 [info     ] [Bitget] Loading data from 2026-09-03 00:00:00+00:00 to 2026-09-03 23:59:00+00:00
2026-09-16 19:35:53 - INFO - HTTP Request: GET https://api.bitget.com/api/v2/mix/market/candles?symbol=FFUSDT&granularity=1m&limit=1000&productType=usdt-futures&endTime=1788479940000 "HTTP/1.1 200 OK"
2026-09-16 19:35:53 [info     ] [Bitget] Yielding batch of 1000 candles for FFUSDT
2026-09-16 19:35:54 - INFO - HTTP Request: GET https://api.bitget.com/api/v2/mix/market/candles?symbol=FFUSDT&granularity=1m&limit=1000&productType=usdt-futures&endTime=1788419999999 "HTTP/1.1 200 OK"
2026-09-16 19:35:54 [info     ] [Bitget] Yielding batch of 440 candles for FFUSDT
2026-09-16 19:35:54 [info     ] [Bitget] Reached start time for FFUSDT
2026-09-16 19:35:54 [info     ] [Bitget] Historical data generator completed for FFUSDT
2026-09-16 19:35:54 [info     ] ✅ Price data download completed successfully final_count=2976 final_result=True status=SUCCESS total_minutes=1440
[2026-09-16 19:35:54 UTC] 190/2726 | FFUSDT 2026-09-03: +2880 свечей (прогнозов ждало 1) | всего +482400 | темп 1495 окон/ч, осталось ~1.7 ч | диск 59.8 ГБ
2026-09-16 19:35:54 [info     ] Smart minute data check        end=datetime.datetime(2026, 9, 3, 23, 59, tzinfo=datetime.timezone.utc) expected_minutes=1440 start=datetime.datetime(2026, 9, 3, 0, 0, tzinfo=datetime.timezone.utc) symbol=TAOUSDT
2026-09-16 19:35:54 [warning  ] ⚠️  Incomplete price data, downloading missing existing=96 expected_total=1440 missing=1344 status=INCOMPLETE symbol=TAOUSDT
2026-09-16 19:35:54 [info     ] Start download coin=<Coin:  (TAOUSDT)> start_time=datetime.datetime(2026, 9, 3, 0, 0, tzinfo=datetime.timezone.utc) end_time=datetime.datetime(2026, 9, 3, 23, 59, tzinfo=datetime.timezone.utc)
2026-09-16 19:35:54 [info     ] [Bybit] Starting historical data generator for symbol='TAOUSDT', days=90
2026-09-16 19:35:54 [info     ] [Bybit] Loading data from 2026-09-03 00:00:00+00:00 to 2026-09-03 23:59:00+00:00
2026-09-16 19:35:55 [info     ] [Bybit] Yielding batch of 1000 candles for TAOUSDT
2026-09-16 19:35:56 [info     ] [Bybit] Yielding batch of 440 candles for TAOUSDT
2026-09-16 19:35:56 [info     ] [Bybit] Reached start time for TAOUSDT
2026-09-16 19:35:56 [info     ] [Bybit] Historical data generator completed for TAOUSDT
2026-09-16 19:35:56 [info     ] [Bitget] Starting historical data generator for symbol='TAOUSDT', days=90
2026-09-16 19:35:56 [info     ] [Bitget] Loading data from 2026-09-03 00:00:00+00:00 to 2026-09-03 23:59:00+00:00
2026-09-16 19:35:56 - INFO - HTTP Request: GET https://api.bitget.com/api/v2/mix/market/candles?symbol=TAOUSDT&granularity=1m&limit=1000&productType=usdt-futures&endTime=1788479940000 "HTTP/1.1 200 OK"
2026-09-16 19:35:56 [info     ] [Bitget] Yielding batch of 1000 candles for TAOUSDT
2026-09-16 19:35:57 - INFO - HTTP Request: GET https://api.bitget.com/api/v2/mix/market/candles?symbol=TAOUSDT&granularity=1m&limit=1000&productType=usdt-futures&endTime=1788419999999 "HTTP/1.1 200 OK"
2026-09-16 19:35:57 [info     ] [Bitget] Yielding batch of 440 candles for TAOUSDT
2026-09-16 19:35:57 [info     ] [Bitget] Reached start time for TAOUSDT
2026-09-16 19:35:57 [info     ] [Bitget] Historical data generator completed for TAOUSDT
2026-09-16 19:35:57 [info     ] ✅ Price data download completed successfully final_count=2976 final_result=True status=SUCCESS total_minutes=1440
[2026-09-16 19:35:57 UTC] 191/2726 | TAOUSDT 2026-09-03: +2880 свечей (прогнозов ждало 2) | всего +485280 | темп 1494 окон/ч, осталось ~1.7 ч | диск 59.8 ГБ
2026-09-16 19:35:57 [info     ] Smart minute data check        end=datetime.datetime(2026, 9, 3, 23, 59, tzinfo=datetime.timezone.utc) expected_minutes=1440 start=datetime.datetime(2026, 9, 3, 0, 0, tzinfo=datetime.timezone.utc) symbol=GRTUSDT
2026-09-16 19:35:57 [warning  ] ⚠️  Incomplete price data, downloading missing existing=96 expected_total=1440 missing=1344 status=INCOMPLETE symbol=GRTUSDT
2026-09-16 19:35:57 [info     ] Start download coin=<Coin:  (GRTUSDT)> start_time=datetime.datetime(2026, 9, 3, 0, 0, tzinfo=datetime.timezone.utc) end_time=datetime.datetime(2026, 9, 3, 23, 59, tzinfo=datetime.timezone.utc)
2026-09-16 19:35:57 [info     ] [Bybit] Starting historical data generator for symbol='GRTUSDT', days=90
2026-09-16 19:35:57 [info     ] [Bybit] Loading data from 2026-09-03 00:00:00+00:00 to 2026-09-03 23:59:00+00:00
2026-09-16 19:35:58 [info     ] [Bybit] Yielding batch of 1000 candles for GRTUSDT
2026-09-16 19:35:59 [info     ] [Bybit] Yielding batch of 440 candles for GRTUSDT
2026-09-16 19:35:59 [info     ] [Bybit] Reached start time for GRTUSDT
2026-09-16 19:35:59 [info     ] [Bybit] Historical data generator completed for GRTUSDT
2026-09-16 19:35:59 [info     ] [Bitget] Starting historical data generator for symbol='GRTUSDT', days=90
2026-09-16 19:35:59 [info     ] [Bitget] Loading data from 2026-09-03 00:00:00+00:00 to 2026-09-03 23:59:00+00:00
2026-09-16 19:35:59 - INFO - HTTP Request: GET https://api.bitget.com/api/v2/mix/market/candles?symbol=GRTUSDT&granularity=1m&limit=1000&productType=usdt-futures&endTime=1788479940000 "HTTP/1.1 200 OK"
2026-09-16 19:35:59 [info     ] [Bitget] Yielding batch of 1000 candles for GRTUSDT
2026-09-16 19:35:59 - INFO - HTTP Request: GET https://api.bitget.com/api/v2/mix/market/candles?symbol=GRTUSDT&granularity=1m&limit=1000&productType=usdt-futures&endTime=1788419999999 "HTTP/1.1 200 OK"
2026-09-16 19:35:59 [info     ] [Bitget] Yielding batch of 440 candles for GRTUSDT
2026-09-16 19:36:00 [info     ] [Bitget] Reached start time for GRTUSDT
2026-09-16 19:36:00 [info     ] [Bitget] Historical data generator completed for GRTUSDT
2026-09-16 19:36:00 [info     ] ✅ Price data download completed successfully final_count=2976 final_result=True status=SUCCESS total_minutes=1440
[2026-09-16 19:36:00 UTC] 192/2726 | GRTUSDT 2026-09-03: +2880 свечей (прогнозов ждало 1) | всего +488160 | темп 1492 окон/ч, осталось ~1.7 ч | диск 59.8 ГБ
2026-09-16 19:36:00 [info     ] Smart minute data check        end=datetime.datetime(2026, 9, 3, 23, 59, tzinfo=datetime.timezone.utc) expected_minutes=1440 start=datetime.datetime(2026, 9, 3, 0, 0, tzinfo=datetime.timezone.utc) symbol=RUNEUSDT
2026-09-16 19:36:00 [warning  ] ⚠️  Incomplete price data, downloading missing existing=96 expected_total=1440 missing=1344 status=INCOMPLETE symbol=RUNEUSDT
2026-09-16 19:36:00 [info     ] Start download coin=<Coin:  (RUNEUSDT)> start_time=datetime.datetime(2026, 9, 3, 0, 0, tzinfo=datetime.timezone.utc) end_time=datetime.datetime(2026, 9, 3, 23, 59, tzinfo=datetime.timezone.utc)
2026-09-16 19:36:00 [info     ] [Bybit] Starting historical data generator for symbol='RUNEUSDT', days=90
2026-09-16 19:36:00 [info     ] [Bybit] Loading data from 2026-09-03 00:00:00+00:00 to 2026-09-03 23:59:00+00:00
2026-09-16 19:36:01 [info     ] [Bybit] Yielding batch of 1000 candles for RUNEUSDT
2026-09-16 19:36:02 [info     ] [Bybit] Yielding batch of 440 candles for RUNEUSDT
2026-09-16 19:36:02 [info     ] [Bybit] Reached start time for RUNEUSDT
2026-09-16 19:36:02 [info     ] [Bybit] Historical data generator completed for RUNEUSDT
2026-09-16 19:36:02 [info     ] [Bitget] Starting historical data generator for symbol='RUNEUSDT', days=90
2026-09-16 19:36:02 [info     ] [Bitget] Loading data from 2026-09-03 00:00:00+00:00 to 2026-09-03 23:59:00+00:00
2026-09-16 19:36:02 - INFO - HTTP Request: GET https://api.bitget.com/api/v2/mix/market/candles?symbol=RUNEUSDT&granularity=1m&limit=1000&productType=usdt-futures&endTime=1788479940000 "HTTP/1.1 200 OK"
2026-09-16 19:36:02 [info     ] [Bitget] Yielding batch of 1000 candles for RUNEUSDT
2026-09-16 19:36:03 - INFO - HTTP Request: GET https://api.bitget.com/api/v2/mix/market/candles?symbol=RUNEUSDT&granularity=1m&limit=1000&productType=usdt-futures&endTime=1788419999999 "HTTP/1.1 200 OK"
2026-09-16 19:36:03 [info     ] [Bitget] Yielding batch of 440 candles for RUNEUSDT
2026-09-16 19:36:03 [info     ] [Bitget] Reached start time for RUNEUSDT
2026-09-16 19:36:03 [info     ] [Bitget] Historical data generator completed for RUNEUSDT
2026-09-16 19:36:03 [info     ] ✅ Price data download completed successfully final_count=2976 final_result=True status=SUCCESS total_minutes=1440
[2026-09-16 19:36:03 UTC] 193/2726 | RUNEUSDT 2026-09-03: +2880 свечей (прогнозов ждало 1) | всего +491040 | темп 1490 окон/ч, осталось ~1.7 ч | диск 59.8 ГБ
2026-09-16 19:36:03 [info     ] Smart minute data check        end=datetime.datetime(2026, 9, 3, 23, 59, tzinfo=datetime.timezone.utc) expected_minutes=1440 start=datetime.datetime(2026, 9, 3, 0, 0, tzinfo=datetime.timezone.utc) symbol=AUCTIONUSDT
2026-09-16 19:36:03 [warning  ] ⚠️  Incomplete price data, downloading missing existing=96 expected_total=1440 missing=1344 status=INCOMPLETE symbol=AUCTIONUSDT
2026-09-16 19:36:03 [info     ] Start download coin=<Coin:  (AUCTIONUSDT)> start_time=datetime.datetime(2026, 9, 3, 0, 0, tzinfo=datetime.timezone.utc) end_time=datetime.datetime(2026, 9, 3, 23, 59, tzinfo=datetime.timezone.utc)
2026-09-16 19:36:03 [info     ] [Bybit] Starting historical data generator for symbol='AUCTIONUSDT', days=90
2026-09-16 19:36:03 [info     ] [Bybit] Loading data from 2026-09-03 00:00:00+00:00 to 2026-09-03 23:59:00+00:00
2026-09-16 19:36:04 [info     ] [Bybit] Yielding batch of 1000 candles for AUCTIONUSDT
2026-09-16 19:36:05 [info     ] [Bybit] Yielding batch of 440 candles for AUCTIONUSDT
2026-09-16 19:36:05 [info     ] [Bybit] Reached start time for AUCTIONUSDT
2026-09-16 19:36:05 [info     ] [Bybit] Historical data generator completed for AUCTIONUSDT
2026-09-16 19:36:05 [info     ] [Bitget] Starting historical data generator for symbol='AUCTIONUSDT', days=90
2026-09-16 19:36:05 [info     ] [Bitget] Loading data from 2026-09-03 00:00:00+00:00 to 2026-09-03 23:59:00+00:00
2026-09-16 19:36:05 - INFO - HTTP Request: GET https://api.bitget.com/api/v2/mix/market/candles?symbol=AUCTIONUSDT&granularity=1m&limit=1000&productType=usdt-futures&endTime=1788479940000 "HTTP/1.1 200 OK"
2026-09-16 19:36:05 [info     ] [Bitget] Yielding batch of 1000 candles for AUCTIONUSDT
2026-09-16 19:36:06 - INFO - HTTP Request: GET https://api.bitget.com/api/v2/mix/market/candles?symbol=AUCTIONUSDT&granularity=1m&limit=1000&productType=usdt-futures&endTime=1788419999999 "HTTP/1.1 200 OK"
2026-09-16 19:36:06 [info     ] [Bitget] Yielding batch of 440 candles for AUCTIONUSDT
2026-09-16 19:36:06 [info     ] [Bitget] Reached start time for AUCTIONUSDT
2026-09-16 19:36:06 [info     ] [Bitget] Historical data generator completed for AUCTIONUSDT
2026-09-16 19:36:06 [info     ] ✅ Price data download completed successfully final_count=2976 final_result=True status=SUCCESS total_minutes=1440
[2026-09-16 19:36:06 UTC] 194/2726 | AUCTIONUSDT 2026-09-03: +2880 свечей (прогнозов ждало 1) | всего +493920 | темп 1488 окон/ч, осталось ~1.7 ч | диск 59.8 ГБ
2026-09-16 19:36:06 [info     ] Smart minute data check        end=datetime.datetime(2026, 9, 3, 23, 59, tzinfo=datetime.timezone.utc) expected_minutes=1440 start=datetime.datetime(2026, 9, 3, 0, 0, tzinfo=datetime.timezone.utc) symbol=NILUSDT
2026-09-16 19:36:06 [warning  ] ⚠️  Incomplete price data, downloading missing existing=96 expected_total=1440 missing=1344 status=INCOMPLETE symbol=NILUSDT
2026-09-16 19:36:06 [info     ] Start download coin=<Coin:  (NILUSDT)> start_time=datetime.datetime(2026, 9, 3, 0, 0, tzinfo=datetime.timezone.utc) end_time=datetime.datetime(2026, 9, 3, 23, 59, tzinfo=datetime.timezone.utc)
2026-09-16 19:36:06 [info     ] [Bybit] Starting historical data generator for symbol='NILUSDT', days=90
2026-09-16 19:36:06 [info     ] [Bybit] Loading data from 2026-09-03 00:00:00+00:00 to 2026-09-03 23:59:00+00:00
2026-09-16 19:36:06 [info     ] [Bybit] Yielding batch of 1000 candles for NILUSDT
2026-09-16 19:36:07 [info     ] [Bybit] Yielding batch of 440 candles for NILUSDT
2026-09-16 19:36:07 [info     ] [Bybit] Reached start time for NILUSDT
2026-09-16 19:36:07 [info     ] [Bybit] Historical data generator completed for NILUSDT
2026-09-16 19:36:07 [info     ] [Bitget] Starting historical data generator for symbol='NILUSDT', days=90
2026-09-16 19:36:07 [info     ] [Bitget] Loading data from 2026-09-03 00:00:00+00:00 to 2026-09-03 23:59:00+00:00
2026-09-16 19:36:07 - INFO - HTTP Request: GET https://api.bitget.com/api/v2/mix/market/candles?symbol=NILUSDT&granularity=1m&limit=1000&productType=usdt-futures&endTime=1788479940000 "HTTP/1.1 200 OK"
2026-09-16 19:36:07 [info     ] [Bitget] Yielding batch of 1000 candles for NILUSDT
2026-09-16 19:36:08 - INFO - HTTP Request: GET https://api.bitget.com/api/v2/mix/market/candles?symbol=NILUSDT&granularity=1m&limit=1000&productType=usdt-futures&endTime=1788419999999 "HTTP/1.1 200 OK"
2026-09-16 19:36:08 [info     ] [Bitget] Yielding batch of 440 candles for NILUSDT
2026-09-16 19:36:08 [info     ] [Bitget] Reached start time for NILUSDT
2026-09-16 19:36:08 [info     ] [Bitget] Historical data generator completed for NILUSDT
2026-09-16 19:36:08 [info     ] ✅ Price data download completed successfully final_count=2976 final_result=True status=SUCCESS total_minutes=1440
[2026-09-16 19:36:08 UTC] 195/2726 | NILUSDT 2026-09-03: +2880 свечей (прогнозов ждало 1) | всего +496800 | темп 1488 окон/ч, осталось ~1.7 ч | диск 59.8 ГБ
2026-09-16 19:36:08 [info     ] Smart minute data check        end=datetime.datetime(2026, 9, 3, 23, 59, tzinfo=datetime.timezone.utc) expected_minutes=1440 start=datetime.datetime(2026, 9, 3, 0, 0, tzinfo=datetime.timezone.utc) symbol=SANDUSDT
2026-09-16 19:36:08 [warning  ] ⚠️  Incomplete price data, downloading missing existing=98 expected_total=1440 missing=1342 status=INCOMPLETE symbol=SANDUSDT
2026-09-16 19:36:08 [info     ] Start download coin=<Coin:  (SANDUSDT)> start_time=datetime.datetime(2026, 9, 3, 0, 0, tzinfo=datetime.timezone.utc) end_time=datetime.datetime(2026, 9, 3, 23, 59, tzinfo=datetime.timezone.utc)
2026-09-16 19:36:08 [info     ] [Bybit] Starting historical data generator for symbol='SANDUSDT', days=90
2026-09-16 19:36:08 [info     ] [Bybit] Loading data from 2026-09-03 00:00:00+00:00 to 2026-09-03 23:59:00+00:00
2026-09-16 19:36:09 [info     ] [Bybit] Yielding batch of 1000 candles for SANDUSDT
2026-09-16 19:36:10 [info     ] [Bybit] Yielding batch of 440 candles for SANDUSDT
2026-09-16 19:36:10 [info     ] [Bybit] Reached start time for SANDUSDT
2026-09-16 19:36:10 [info     ] [Bybit] Historical data generator completed for SANDUSDT
2026-09-16 19:36:10 [info     ] [Bitget] Starting historical data generator for symbol='SANDUSDT', days=90
2026-09-16 19:36:10 [info     ] [Bitget] Loading data from 2026-09-03 00:00:00+00:00 to 2026-09-03 23:59:00+00:00
2026-09-16 19:36:10 - INFO - HTTP Request: GET https://api.bitget.com/api/v2/mix/market/candles?symbol=SANDUSDT&granularity=1m&limit=1000&productType=usdt-futures&endTime=1788479940000 "HTTP/1.1 200 OK"
2026-09-16 19:36:10 [info     ] [Bitget] Yielding batch of 1000 candles for SANDUSDT
2026-09-16 19:36:10 - INFO - HTTP Request: GET https://api.bitget.com/api/v2/mix/market/candles?symbol=SANDUSDT&granularity=1m&limit=1000&productType=usdt-futures&endTime=1788419999999 "HTTP/1.1 200 OK"
2026-09-16 19:36:10 [info     ] [Bitget] Yielding batch of 440 candles for SANDUSDT
2026-09-16 19:36:10 [info     ] [Bitget] Reached start time for SANDUSDT
2026-09-16 19:36:10 [info     ] [Bitget] Historical data generator completed for SANDUSDT
2026-09-16 19:36:10 [info     ] ✅ Price data download completed successfully final_count=2980 final_result=True status=SUCCESS total_minutes=1440
[2026-09-16 19:36:10 UTC] 196/2726 | SANDUSDT 2026-09-03: +2880 свечей (прогнозов ждало 6) | всего +499680 | темп 1488 окон/ч, осталось ~1.7 ч | диск 59.8 ГБ
2026-09-16 19:36:11 [info     ] Smart minute data check        end=datetime.datetime(2026, 9, 3, 23, 59, tzinfo=datetime.timezone.utc) expected_minutes=1440 start=datetime.datetime(2026, 9, 3, 0, 0, tzinfo=datetime.timezone.utc) symbol=AIAUSDT
2026-09-16 19:36:11 [warning  ] ⚠️  Incomplete price data, downloading missing existing=0 expected_total=1440 missing=1440 status=INCOMPLETE symbol=AIAUSDT
2026-09-16 19:36:11 [info     ] Start download coin=<Coin:  (AIAUSDT)> start_time=datetime.datetime(2026, 9, 3, 0, 0, tzinfo=datetime.timezone.utc) end_time=datetime.datetime(2026, 9, 3, 23, 59, tzinfo=datetime.timezone.utc)
2026-09-16 19:36:11 [info     ] [Bybit] Starting historical data generator for symbol='AIAUSDT', days=90
2026-09-16 19:36:11 [info     ] [Bybit] Loading data from 2026-09-03 00:00:00+00:00 to 2026-09-03 23:59:00+00:00
2026-09-16 19:36:11 [info     ] [Bybit] No more data for AIAUSDT
2026-09-16 19:36:11 [info     ] [Bybit] Historical data generator completed for AIAUSDT
2026-09-16 19:36:11 [info     ] [Bitget] Starting historical data generator for symbol='AIAUSDT', days=90
2026-09-16 19:36:11 [info     ] [Bitget] Loading data from 2026-09-03 00:00:00+00:00 to 2026-09-03 23:59:00+00:00
2026-09-16 19:36:11 - INFO - HTTP Request: GET https://api.bitget.com/api/v2/mix/market/candles?symbol=AIAUSDT&granularity=1m&limit=1000&productType=usdt-futures&endTime=1788479940000 "HTTP/1.1 400 Bad Request"
2026-09-16 19:36:11 [error    ] [Bitget] Failed to get historical data batch for symbol='AIAUSDT'
Traceback (most recent call last):
  File "/srv/www/services/crypto_market.py", line 404, in get_historical_candles_generator
    response = self._make_kline_request(
        symbol=symbol, limit=self.BATCH_SIZE, end_time_ms=current_end_time_ms, granularity="1m"
    )
  File "/srv/www/services/crypto_market.py", line 364, in _make_kline_request
    response.raise_for_status()
    ~~~~~~~~~~~~~~~~~~~~~~~~~^^
  File "/srv/docker-venv/lib/python3.14/site-packages/httpx/_models.py", line 829, in raise_for_status
    raise HTTPStatusError(message, request=request, response=self)
httpx.HTTPStatusError: Client error '400 Bad Request' for url 'https://api.bitget.com/api/v2/mix/market/candles?symbol=AIAUSDT&granularity=1m&limit=1000&productType=usdt-futures&endTime=1788479940000'
For more information check: https://developer.mozilla.org/en-US/docs/Web/HTTP/Status/400
2026-09-16 19:36:11 [error    ] Error download coin history interval start_time=datetime.datetime(2026, 9, 3, 0, 0, tzinfo=datetime.timezone.utc) end_time=datetime.datetime(2026, 9, 3, 23, 59, tzinfo=datetime.timezone.utc)
Traceback (most recent call last):
  File "/srv/www/services/crypto_market.py", line 404, in get_historical_candles_generator
    response = self._make_kline_request(
        symbol=symbol, limit=self.BATCH_SIZE, end_time_ms=current_end_time_ms, granularity="1m"
    )
  File "/srv/www/services/crypto_market.py", line 364, in _make_kline_request
    response.raise_for_status()
    ~~~~~~~~~~~~~~~~~~~~~~~~~^^
  File "/srv/docker-venv/lib/python3.14/site-packages/httpx/_models.py", line 829, in raise_for_status
    raise HTTPStatusError(message, request=request, response=self)
httpx.HTTPStatusError: Client error '400 Bad Request' for url 'https://api.bitget.com/api/v2/mix/market/candles?symbol=AIAUSDT&granularity=1m&limit=1000&productType=usdt-futures&endTime=1788479940000'
For more information check: https://developer.mozilla.org/en-US/docs/Web/HTTP/Status/400

The above exception was the direct cause of the following exception:

Traceback (most recent call last):
  File "/srv/www/services/price_sync.py", line 255, in ensure_minute_data_smart
    self.download_coin_history_interval(coin=coin, start_time=start_time, end_time=end_time)
    ~~~~~~~~~~~~~~~~~~~~~~~~~~~~~~~~~~~^^^^^^^^^^^^^^^^^^^^^^^^^^^^^^^^^^^^^^^^^^^^^^^^^^^^^
  File "/srv/www/services/price_sync.py", line 295, in download_coin_history_interval
    for batch_candles in client.get_historical_candles_generator(
                         ~~~~~~~~~~~~~~~~~~~~~~~~~~~~~~~~~~~~~~~^
        symbol=coin.symbol, start_time=start_time, end_time=end_time
        ^^^^^^^^^^^^^^^^^^^^^^^^^^^^^^^^^^^^^^^^^^^^^^^^^^^^^^^^^^^^
    ):
    ^
  File "/srv/www/services/crypto_market.py", line 409, in get_historical_candles_generator
    raise BitgetResponseError("Failed to get historical data batch") from exception
services.crypto_market.BitgetResponseError: Failed to get historical data batch
2026-09-16 19:36:12 [info     ] Smart minute data check        end=datetime.datetime(2026, 9, 3, 23, 59, tzinfo=datetime.timezone.utc) expected_minutes=1440 start=datetime.datetime(2026, 9, 3, 0, 0, tzinfo=datetime.timezone.utc) symbol=BLESSUSDT
2026-09-16 19:36:12 [warning  ] ⚠️  Incomplete price data, downloading missing existing=96 expected_total=1440 missing=1344 status=INCOMPLETE symbol=BLESSUSDT
2026-09-16 19:36:12 [info     ] Start download coin=<Coin:  (BLESSUSDT)> start_time=datetime.datetime(2026, 9, 3, 0, 0, tzinfo=datetime.timezone.utc) end_time=datetime.datetime(2026, 9, 3, 23, 59, tzinfo=datetime.timezone.utc)
2026-09-16 19:36:12 [info     ] [Bybit] Starting historical data generator for symbol='BLESSUSDT', days=90
2026-09-16 19:36:12 [info     ] [Bybit] Loading data from 2026-09-03 00:00:00+00:00 to 2026-09-03 23:59:00+00:00
2026-09-16 19:36:12 [info     ] [Bybit] Yielding batch of 1000 candles for BLESSUSDT
2026-09-16 19:36:13 [info     ] [Bybit] Yielding batch of 440 candles for BLESSUSDT
2026-09-16 19:36:13 [info     ] [Bybit] Reached start time for BLESSUSDT
2026-09-16 19:36:13 [info     ] [Bybit] Historical data generator completed for BLESSUSDT
2026-09-16 19:36:13 [info     ] [Bitget] Starting historical data generator for symbol='BLESSUSDT', days=90
2026-09-16 19:36:13 [info     ] [Bitget] Loading data from 2026-09-03 00:00:00+00:00 to 2026-09-03 23:59:00+00:00
2026-09-16 19:36:13 - INFO - HTTP Request: GET https://api.bitget.com/api/v2/mix/market/candles?symbol=BLESSUSDT&granularity=1m&limit=1000&productType=usdt-futures&endTime=1788479940000 "HTTP/1.1 200 OK"
2026-09-16 19:36:13 [info     ] [Bitget] Yielding batch of 1000 candles for BLESSUSDT
2026-09-16 19:36:14 - INFO - HTTP Request: GET https://api.bitget.com/api/v2/mix/market/candles?symbol=BLESSUSDT&granularity=1m&limit=1000&productType=usdt-futures&endTime=1788419999999 "HTTP/1.1 200 OK"
2026-09-16 19:36:14 [info     ] [Bitget] Yielding batch of 440 candles for BLESSUSDT
2026-09-16 19:36:14 [info     ] [Bitget] Reached start time for BLESSUSDT
2026-09-16 19:36:14 [info     ] [Bitget] Historical data generator completed for BLESSUSDT
2026-09-16 19:36:14 [info     ] ✅ Price data download completed successfully final_count=2976 final_result=True status=SUCCESS total_minutes=1440
[2026-09-16 19:36:14 UTC] 198/2726 | BLESSUSDT 2026-09-03: +2880 свечей (прогнозов ждало 1) | всего +502560 | темп 1493 окон/ч, осталось ~1.7 ч | диск 59.8 ГБ
2026-09-16 19:36:14 [info     ] Smart minute data check        end=datetime.datetime(2026, 9, 3, 23, 59, tzinfo=datetime.timezone.utc) expected_minutes=1440 start=datetime.datetime(2026, 9, 3, 0, 0, tzinfo=datetime.timezone.utc) symbol=2ZUSDT
2026-09-16 19:36:14 [warning  ] ⚠️  Incomplete price data, downloading missing existing=96 expected_total=1440 missing=1344 status=INCOMPLETE symbol=2ZUSDT
2026-09-16 19:36:14 [info     ] Start download coin=<Coin:  (2ZUSDT)> start_time=datetime.datetime(2026, 9, 3, 0, 0, tzinfo=datetime.timezone.utc) end_time=datetime.datetime(2026, 9, 3, 23, 59, tzinfo=datetime.timezone.utc)
2026-09-16 19:36:14 [info     ] [Bybit] Starting historical data generator for symbol='2ZUSDT', days=90
2026-09-16 19:36:14 [info     ] [Bybit] Loading data from 2026-09-03 00:00:00+00:00 to 2026-09-03 23:59:00+00:00
2026-09-16 19:36:14 [info     ] [Bybit] Yielding batch of 1000 candles for 2ZUSDT
2026-09-16 19:36:15 [info     ] [Bybit] Yielding batch of 440 candles for 2ZUSDT
2026-09-16 19:36:16 [info     ] [Bybit] Reached start time for 2ZUSDT
2026-09-16 19:36:16 [info     ] [Bybit] Historical data generator completed for 2ZUSDT
2026-09-16 19:36:16 [info     ] [Bitget] Starting historical data generator for symbol='2ZUSDT', days=90
2026-09-16 19:36:16 [info     ] [Bitget] Loading data from 2026-09-03 00:00:00+00:00 to 2026-09-03 23:59:00+00:00
2026-09-16 19:36:16 - INFO - HTTP Request: GET https://api.bitget.com/api/v2/mix/market/candles?symbol=2ZUSDT&granularity=1m&limit=1000&productType=usdt-futures&endTime=1788479940000 "HTTP/1.1 200 OK"
2026-09-16 19:36:16 [info     ] [Bitget] Yielding batch of 1000 candles for 2ZUSDT
2026-09-16 19:36:16 - INFO - HTTP Request: GET https://api.bitget.com/api/v2/mix/market/candles?symbol=2ZUSDT&granularity=1m&limit=1000&productType=usdt-futures&endTime=1788419999999 "HTTP/1.1 200 OK"
2026-09-16 19:36:16 [info     ] [Bitget] Yielding batch of 440 candles for 2ZUSDT
2026-09-16 19:36:16 [info     ] [Bitget] Reached start time for 2ZUSDT
2026-09-16 19:36:16 [info     ] [Bitget] Historical data generator completed for 2ZUSDT
2026-09-16 19:36:16 [info     ] ✅ Price data download completed successfully final_count=2976 final_result=True status=SUCCESS total_minutes=1440
[2026-09-16 19:36:16 UTC] 199/2726 | 2ZUSDT 2026-09-03: +2880 свечей (прогнозов ждало 8) | всего +505440 | темп 1492 окон/ч, осталось ~1.7 ч | диск 59.8 ГБ
2026-09-16 19:36:17 [info     ] Smart minute data check        end=datetime.datetime(2026, 9, 3, 23, 59, tzinfo=datetime.timezone.utc) expected_minutes=1440 start=datetime.datetime(2026, 9, 3, 0, 0, tzinfo=datetime.timezone.utc) symbol=XPLUSDT
2026-09-16 19:36:17 [warning  ] ⚠️  Incomplete price data, downloading missing existing=96 expected_total=1440 missing=1344 status=INCOMPLETE symbol=XPLUSDT
2026-09-16 19:36:17 [info     ] Start download coin=<Coin:  (XPLUSDT)> start_time=datetime.datetime(2026, 9, 3, 0, 0, tzinfo=datetime.timezone.utc) end_time=datetime.datetime(2026, 9, 3, 23, 59, tzinfo=datetime.timezone.utc)
2026-09-16 19:36:17 [info     ] [Bybit] Starting historical data generator for symbol='XPLUSDT', days=90
2026-09-16 19:36:17 [info     ] [Bybit] Loading data from 2026-09-03 00:00:00+00:00 to 2026-09-03 23:59:00+00:00
2026-09-16 19:36:18 [info     ] [Bybit] Yielding batch of 1000 candles for XPLUSDT
2026-09-16 19:36:18 [info     ] [Bybit] Yielding batch of 440 candles for XPLUSDT
2026-09-16 19:36:18 [info     ] [Bybit] Reached start time for XPLUSDT
2026-09-16 19:36:18 [info     ] [Bybit] Historical data generator completed for XPLUSDT
2026-09-16 19:36:18 [info     ] [Bitget] Starting historical data generator for symbol='XPLUSDT', days=90
2026-09-16 19:36:18 [info     ] [Bitget] Loading data from 2026-09-03 00:00:00+00:00 to 2026-09-03 23:59:00+00:00
2026-09-16 19:36:19 - INFO - HTTP Request: GET https://api.bitget.com/api/v2/mix/market/candles?symbol=XPLUSDT&granularity=1m&limit=1000&productType=usdt-futures&endTime=1788479940000 "HTTP/1.1 200 OK"
2026-09-16 19:36:19 [info     ] [Bitget] Yielding batch of 1000 candles for XPLUSDT
2026-09-16 19:36:19 - INFO - HTTP Request: GET https://api.bitget.com/api/v2/mix/market/candles?symbol=XPLUSDT&granularity=1m&limit=1000&productType=usdt-futures&endTime=1788419999999 "HTTP/1.1 200 OK"
2026-09-16 19:36:19 [info     ] [Bitget] Yielding batch of 440 candles for XPLUSDT
2026-09-16 19:36:19 [info     ] [Bitget] Reached start time for XPLUSDT
2026-09-16 19:36:19 [info     ] [Bitget] Historical data generator completed for XPLUSDT
2026-09-16 19:36:19 [info     ] ✅ Price data download completed successfully final_count=2976 final_result=True status=SUCCESS total_minutes=1440
[2026-09-16 19:36:19 UTC] 200/2726 | XPLUSDT 2026-09-03: +2880 свечей (прогнозов ждало 2) | всего +508320 | темп 1491 окон/ч, осталось ~1.7 ч | диск 59.8 ГБ
2026-09-16 19:36:20 [info     ] Smart minute data check        end=datetime.datetime(2026, 9, 3, 23, 59, tzinfo=datetime.timezone.utc) expected_minutes=1440 start=datetime.datetime(2026, 9, 3, 0, 0, tzinfo=datetime.timezone.utc) symbol=EGLDUSDT
2026-09-16 19:36:20 [warning  ] ⚠️  Incomplete price data, downloading missing existing=96 expected_total=1440 missing=1344 status=INCOMPLETE symbol=EGLDUSDT
2026-09-16 19:36:20 [info     ] Start download coin=<Coin:  (EGLDUSDT)> start_time=datetime.datetime(2026, 9, 3, 0, 0, tzinfo=datetime.timezone.utc) end_time=datetime.datetime(2026, 9, 3, 23, 59, tzinfo=datetime.timezone.utc)
2026-09-16 19:36:20 [info     ] [Bybit] Starting historical data generator for symbol='EGLDUSDT', days=90
2026-09-16 19:36:20 [info     ] [Bybit] Loading data from 2026-09-03 00:00:00+00:00 to 2026-09-03 23:59:00+00:00
2026-09-16 19:36:20 [info     ] [Bybit] Yielding batch of 1000 candles for EGLDUSDT
2026-09-16 19:36:20 [info     ] [Bybit] Yielding batch of 440 candles for EGLDUSDT
2026-09-16 19:36:21 [info     ] [Bybit] Reached start time for EGLDUSDT
2026-09-16 19:36:21 [info     ] [Bybit] Historical data generator completed for EGLDUSDT
2026-09-16 19:36:21 [info     ] [Bitget] Starting historical data generator for symbol='EGLDUSDT', days=90
2026-09-16 19:36:21 [info     ] [Bitget] Loading data from 2026-09-03 00:00:00+00:00 to 2026-09-03 23:59:00+00:00
2026-09-16 19:36:21 - INFO - HTTP Request: GET https://api.bitget.com/api/v2/mix/market/candles?symbol=EGLDUSDT&granularity=1m&limit=1000&productType=usdt-futures&endTime=1788479940000 "HTTP/1.1 200 OK"
2026-09-16 19:36:21 [info     ] [Bitget] Yielding batch of 1000 candles for EGLDUSDT
2026-09-16 19:36:22 - INFO - HTTP Request: GET https://api.bitget.com/api/v2/mix/market/candles?symbol=EGLDUSDT&granularity=1m&limit=1000&productType=usdt-futures&endTime=1788419999999 "HTTP/1.1 200 OK"
2026-09-16 19:36:22 [info     ] [Bitget] Yielding batch of 440 candles for EGLDUSDT
2026-09-16 19:36:22 [info     ] [Bitget] Reached start time for EGLDUSDT
2026-09-16 19:36:22 [info     ] [Bitget] Historical data generator completed for EGLDUSDT
2026-09-16 19:36:22 [info     ] ✅ Price data download completed successfully final_count=2976 final_result=True status=SUCCESS total_minutes=1440
[2026-09-16 19:36:22 UTC] 201/2726 | EGLDUSDT 2026-09-03: +2880 свечей (прогнозов ждало 66) | всего +511200 | темп 1491 окон/ч, осталось ~1.7 ч | диск 59.8 ГБ
2026-09-16 19:36:22 [info     ] Smart minute data check        end=datetime.datetime(2026, 9, 3, 23, 59, tzinfo=datetime.timezone.utc) expected_minutes=1440 start=datetime.datetime(2026, 9, 3, 0, 0, tzinfo=datetime.timezone.utc) symbol=BLURUSDT
2026-09-16 19:36:22 [warning  ] ⚠️  Incomplete price data, downloading missing existing=96 expected_total=1440 missing=1344 status=INCOMPLETE symbol=BLURUSDT
2026-09-16 19:36:22 [info     ] Start download coin=<Coin:  (BLURUSDT)> start_time=datetime.datetime(2026, 9, 3, 0, 0, tzinfo=datetime.timezone.utc) end_time=datetime.datetime(2026, 9, 3, 23, 59, tzinfo=datetime.timezone.utc)
2026-09-16 19:36:22 [info     ] [Bybit] Starting historical data generator for symbol='BLURUSDT', days=90
2026-09-16 19:36:22 [info     ] [Bybit] Loading data from 2026-09-03 00:00:00+00:00 to 2026-09-03 23:59:00+00:00
2026-09-16 19:36:22 [info     ] [Bybit] Yielding batch of 1000 candles for BLURUSDT
2026-09-16 19:36:23 [info     ] [Bybit] Yielding batch of 440 candles for BLURUSDT
2026-09-16 19:36:23 [info     ] [Bybit] Reached start time for BLURUSDT
2026-09-16 19:36:23 [info     ] [Bybit] Historical data generator completed for BLURUSDT
2026-09-16 19:36:23 [info     ] [Bitget] Starting historical data generator for symbol='BLURUSDT', days=90
2026-09-16 19:36:23 [info     ] [Bitget] Loading data from 2026-09-03 00:00:00+00:00 to 2026-09-03 23:59:00+00:00
2026-09-16 19:36:23 - INFO - HTTP Request: GET https://api.bitget.com/api/v2/mix/market/candles?symbol=BLURUSDT&granularity=1m&limit=1000&productType=usdt-futures&endTime=1788479940000 "HTTP/1.1 200 OK"
2026-09-16 19:36:23 [info     ] [Bitget] Yielding batch of 1000 candles for BLURUSDT
2026-09-16 19:36:24 - INFO - HTTP Request: GET https://api.bitget.com/api/v2/mix/market/candles?symbol=BLURUSDT&granularity=1m&limit=1000&productType=usdt-futures&endTime=1788419999999 "HTTP/1.1 200 OK"
2026-09-16 19:36:24 [info     ] [Bitget] Yielding batch of 440 candles for BLURUSDT
2026-09-16 19:36:24 [info     ] [Bitget] Reached start time for BLURUSDT
2026-09-16 19:36:24 [info     ] [Bitget] Historical data generator completed for BLURUSDT
2026-09-16 19:36:24 [info     ] ✅ Price data download completed successfully final_count=2976 final_result=True status=SUCCESS total_minutes=1440
[2026-09-16 19:36:24 UTC] 202/2726 | BLURUSDT 2026-09-03: +2880 свечей (прогнозов ждало 26) | всего +514080 | темп 1491 окон/ч, осталось ~1.7 ч | диск 59.8 ГБ
2026-09-16 19:36:24 [info     ] Smart minute data check        end=datetime.datetime(2026, 9, 3, 23, 59, tzinfo=datetime.timezone.utc) expected_minutes=1440 start=datetime.datetime(2026, 9, 3, 0, 0, tzinfo=datetime.timezone.utc) symbol=BRUSDT
2026-09-16 19:36:24 [warning  ] ⚠️  Incomplete price data, downloading missing existing=97 expected_total=1440 missing=1343 status=INCOMPLETE symbol=BRUSDT
2026-09-16 19:36:24 [info     ] Start download coin=<Coin:  (BRUSDT)> start_time=datetime.datetime(2026, 9, 3, 0, 0, tzinfo=datetime.timezone.utc) end_time=datetime.datetime(2026, 9, 3, 23, 59, tzinfo=datetime.timezone.utc)
2026-09-16 19:36:24 [info     ] [Bybit] Starting historical data generator for symbol='BRUSDT', days=90
2026-09-16 19:36:24 [info     ] [Bybit] Loading data from 2026-09-03 00:00:00+00:00 to 2026-09-03 23:59:00+00:00
2026-09-16 19:36:25 [info     ] [Bybit] Yielding batch of 1000 candles for BRUSDT
2026-09-16 19:36:26 [info     ] [Bybit] Yielding batch of 440 candles for BRUSDT
2026-09-16 19:36:26 [info     ] [Bybit] Reached start time for BRUSDT
2026-09-16 19:36:26 [info     ] [Bybit] Historical data generator completed for BRUSDT
2026-09-16 19:36:26 [info     ] [Bitget] Starting historical data generator for symbol='BRUSDT', days=90
2026-09-16 19:36:26 [info     ] [Bitget] Loading data from 2026-09-03 00:00:00+00:00 to 2026-09-03 23:59:00+00:00
2026-09-16 19:36:26 - INFO - HTTP Request: GET https://api.bitget.com/api/v2/mix/market/candles?symbol=BRUSDT&granularity=1m&limit=1000&productType=usdt-futures&endTime=1788479940000 "HTTP/1.1 200 OK"
2026-09-16 19:36:26 [info     ] [Bitget] Yielding batch of 1000 candles for BRUSDT
2026-09-16 19:36:27 - INFO - HTTP Request: GET https://api.bitget.com/api/v2/mix/market/candles?symbol=BRUSDT&granularity=1m&limit=1000&productType=usdt-futures&endTime=1788419999999 "HTTP/1.1 200 OK"
2026-09-16 19:36:27 [info     ] [Bitget] Yielding batch of 440 candles for BRUSDT
2026-09-16 19:36:27 [info     ] [Bitget] Reached start time for BRUSDT
2026-09-16 19:36:27 [info     ] [Bitget] Historical data generator completed for BRUSDT
2026-09-16 19:36:27 [info     ] ✅ Price data download completed successfully final_count=2977 final_result=True status=SUCCESS total_minutes=1440
[2026-09-16 19:36:27 UTC] 203/2726 | BRUSDT 2026-09-03: +2880 свечей (прогнозов ждало 5) | всего +516960 | темп 1490 окон/ч, осталось ~1.7 ч | диск 59.8 ГБ
2026-09-16 19:36:27 [info     ] Smart minute data check        end=datetime.datetime(2026, 9, 3, 23, 59, tzinfo=datetime.timezone.utc) expected_minutes=1440 start=datetime.datetime(2026, 9, 3, 0, 0, tzinfo=datetime.timezone.utc) symbol=HMSTRUSDT
2026-09-16 19:36:27 [warning  ] ⚠️  Incomplete price data, downloading missing existing=96 expected_total=1440 missing=1344 status=INCOMPLETE symbol=HMSTRUSDT
2026-09-16 19:36:27 [info     ] Start download coin=<Coin:  (HMSTRUSDT)> start_time=datetime.datetime(2026, 9, 3, 0, 0, tzinfo=datetime.timezone.utc) end_time=datetime.datetime(2026, 9, 3, 23, 59, tzinfo=datetime.timezone.utc)
2026-09-16 19:36:27 [info     ] [Bybit] Starting historical data generator for symbol='HMSTRUSDT', days=90
2026-09-16 19:36:27 [info     ] [Bybit] Loading data from 2026-09-03 00:00:00+00:00 to 2026-09-03 23:59:00+00:00
2026-09-16 19:36:28 [info     ] [Bybit] Yielding batch of 1000 candles for HMSTRUSDT
2026-09-16 19:36:29 [info     ] [Bybit] Yielding batch of 440 candles for HMSTRUSDT
2026-09-16 19:36:29 [info     ] [Bybit] Reached start time for HMSTRUSDT
2026-09-16 19:36:29 [info     ] [Bybit] Historical data generator completed for HMSTRUSDT
2026-09-16 19:36:29 [info     ] [Bitget] Starting historical data generator for symbol='HMSTRUSDT', days=90
2026-09-16 19:36:29 [info     ] [Bitget] Loading data from 2026-09-03 00:00:00+00:00 to 2026-09-03 23:59:00+00:00
2026-09-16 19:36:29 - INFO - HTTP Request: GET https://api.bitget.com/api/v2/mix/market/candles?symbol=HMSTRUSDT&granularity=1m&limit=1000&productType=usdt-futures&endTime=1788479940000 "HTTP/1.1 400 Bad Request"
2026-09-16 19:36:29 [error    ] [Bitget] Failed to get historical data batch for symbol='HMSTRUSDT'
Traceback (most recent call last):
  File "/srv/www/services/crypto_market.py", line 404, in get_historical_candles_generator
    response = self._make_kline_request(
        symbol=symbol, limit=self.BATCH_SIZE, end_time_ms=current_end_time_ms, granularity="1m"
    )
  File "/srv/www/services/crypto_market.py", line 364, in _make_kline_request
    response.raise_for_status()
    ~~~~~~~~~~~~~~~~~~~~~~~~~^^
  File "/srv/docker-venv/lib/python3.14/site-packages/httpx/_models.py", line 829, in raise_for_status
    raise HTTPStatusError(message, request=request, response=self)
httpx.HTTPStatusError: Client error '400 Bad Request' for url 'https://api.bitget.com/api/v2/mix/market/candles?symbol=HMSTRUSDT&granularity=1m&limit=1000&productType=usdt-futures&endTime=1788479940000'
For more information check: https://developer.mozilla.org/en-US/docs/Web/HTTP/Status/400
2026-09-16 19:36:29 [error    ] Error download coin history interval start_time=datetime.datetime(2026, 9, 3, 0, 0, tzinfo=datetime.timezone.utc) end_time=datetime.datetime(2026, 9, 3, 23, 59, tzinfo=datetime.timezone.utc)
Traceback (most recent call last):
  File "/srv/www/services/crypto_market.py", line 404, in get_historical_candles_generator
    response = self._make_kline_request(
        symbol=symbol, limit=self.BATCH_SIZE, end_time_ms=current_end_time_ms, granularity="1m"
    )
  File "/srv/www/services/crypto_market.py", line 364, in _make_kline_request
    response.raise_for_status()
    ~~~~~~~~~~~~~~~~~~~~~~~~~^^
  File "/srv/docker-venv/lib/python3.14/site-packages/httpx/_models.py", line 829, in raise_for_status
    raise HTTPStatusError(message, request=request, response=self)
httpx.HTTPStatusError: Client error '400 Bad Request' for url 'https://api.bitget.com/api/v2/mix/market/candles?symbol=HMSTRUSDT&granularity=1m&limit=1000&productType=usdt-futures&endTime=1788479940000'
For more information check: https://developer.mozilla.org/en-US/docs/Web/HTTP/Status/400

The above exception was the direct cause of the following exception:

Traceback (most recent call last):
  File "/srv/www/services/price_sync.py", line 255, in ensure_minute_data_smart
    self.download_coin_history_interval(coin=coin, start_time=start_time, end_time=end_time)
    ~~~~~~~~~~~~~~~~~~~~~~~~~~~~~~~~~~~^^^^^^^^^^^^^^^^^^^^^^^^^^^^^^^^^^^^^^^^^^^^^^^^^^^^^
  File "/srv/www/services/price_sync.py", line 295, in download_coin_history_interval
    for batch_candles in client.get_historical_candles_generator(
                         ~~~~~~~~~~~~~~~~~~~~~~~~~~~~~~~~~~~~~~~^
        symbol=coin.symbol, start_time=start_time, end_time=end_time
        ^^^^^^^^^^^^^^^^^^^^^^^^^^^^^^^^^^^^^^^^^^^^^^^^^^^^^^^^^^^^
    ):
    ^
  File "/srv/www/services/crypto_market.py", line 409, in get_historical_candles_generator
    raise BitgetResponseError("Failed to get historical data batch") from exception
services.crypto_market.BitgetResponseError: Failed to get historical data batch
2026-09-16 19:36:30 [info     ] Smart minute data check        end=datetime.datetime(2026, 9, 3, 23, 59, tzinfo=datetime.timezone.utc) expected_minutes=1440 start=datetime.datetime(2026, 9, 3, 0, 0, tzinfo=datetime.timezone.utc) symbol=GPSUSDT
2026-09-16 19:36:30 [warning  ] ⚠️  Incomplete price data, downloading missing existing=96 expected_total=1440 missing=1344 status=INCOMPLETE symbol=GPSUSDT
2026-09-16 19:36:30 [info     ] Start download coin=<Coin:  (GPSUSDT)> start_time=datetime.datetime(2026, 9, 3, 0, 0, tzinfo=datetime.timezone.utc) end_time=datetime.datetime(2026, 9, 3, 23, 59, tzinfo=datetime.timezone.utc)
2026-09-16 19:36:30 [info     ] [Bybit] Starting historical data generator for symbol='GPSUSDT', days=90
2026-09-16 19:36:30 [info     ] [Bybit] Loading data from 2026-09-03 00:00:00+00:00 to 2026-09-03 23:59:00+00:00
2026-09-16 19:36:30 [info     ] [Bybit] Yielding batch of 1000 candles for GPSUSDT
2026-09-16 19:36:31 [info     ] [Bybit] Yielding batch of 440 candles for GPSUSDT
2026-09-16 19:36:31 [info     ] [Bybit] Reached start time for GPSUSDT
2026-09-16 19:36:31 [info     ] [Bybit] Historical data generator completed for GPSUSDT
2026-09-16 19:36:31 [info     ] [Bitget] Starting historical data generator for symbol='GPSUSDT', days=90
2026-09-16 19:36:31 [info     ] [Bitget] Loading data from 2026-09-03 00:00:00+00:00 to 2026-09-03 23:59:00+00:00
2026-09-16 19:36:31 - INFO - HTTP Request: GET https://api.bitget.com/api/v2/mix/market/candles?symbol=GPSUSDT&granularity=1m&limit=1000&productType=usdt-futures&endTime=1788479940000 "HTTP/1.1 200 OK"
2026-09-16 19:36:31 [info     ] [Bitget] Yielding batch of 1000 candles for GPSUSDT
2026-09-16 19:36:32 - INFO - HTTP Request: GET https://api.bitget.com/api/v2/mix/market/candles?symbol=GPSUSDT&granularity=1m&limit=1000&productType=usdt-futures&endTime=1788419999999 "HTTP/1.1 200 OK"
2026-09-16 19:36:32 [info     ] [Bitget] Yielding batch of 440 candles for GPSUSDT
2026-09-16 19:36:32 [info     ] [Bitget] Reached start time for GPSUSDT
2026-09-16 19:36:32 [info     ] [Bitget] Historical data generator completed for GPSUSDT
2026-09-16 19:36:32 [info     ] ✅ Price data download completed successfully final_count=2976 final_result=True status=SUCCESS total_minutes=1440
[2026-09-16 19:36:32 UTC] 205/2726 | GPSUSDT 2026-09-03: +2880 свечей (прогнозов ждало 18) | всего +521280 | темп 1490 окон/ч, осталось ~1.7 ч | диск 59.8 ГБ
2026-09-16 19:36:32 [info     ] Smart minute data check        end=datetime.datetime(2026, 9, 3, 23, 59, tzinfo=datetime.timezone.utc) expected_minutes=1440 start=datetime.datetime(2026, 9, 3, 0, 0, tzinfo=datetime.timezone.utc) symbol=FLOCKUSDT
2026-09-16 19:36:32 [warning  ] ⚠️  Incomplete price data, downloading missing existing=97 expected_total=1440 missing=1343 status=INCOMPLETE symbol=FLOCKUSDT
2026-09-16 19:36:32 [info     ] Start download coin=<Coin:  (FLOCKUSDT)> start_time=datetime.datetime(2026, 9, 3, 0, 0, tzinfo=datetime.timezone.utc) end_time=datetime.datetime(2026, 9, 3, 23, 59, tzinfo=datetime.timezone.utc)
2026-09-16 19:36:32 [info     ] [Bybit] Starting historical data generator for symbol='FLOCKUSDT', days=90
2026-09-16 19:36:32 [info     ] [Bybit] Loading data from 2026-09-03 00:00:00+00:00 to 2026-09-03 23:59:00+00:00
2026-09-16 19:36:33 [info     ] [Bybit] Yielding batch of 1000 candles for FLOCKUSDT
2026-09-16 19:36:33 [info     ] [Bybit] Yielding batch of 440 candles for FLOCKUSDT
2026-09-16 19:36:33 [info     ] [Bybit] Reached start time for FLOCKUSDT
2026-09-16 19:36:33 [info     ] [Bybit] Historical data generator completed for FLOCKUSDT
2026-09-16 19:36:33 [info     ] [Bitget] Starting historical data generator for symbol='FLOCKUSDT', days=90
2026-09-16 19:36:33 [info     ] [Bitget] Loading data from 2026-09-03 00:00:00+00:00 to 2026-09-03 23:59:00+00:00
2026-09-16 19:36:34 - INFO - HTTP Request: GET https://api.bitget.com/api/v2/mix/market/candles?symbol=FLOCKUSDT&granularity=1m&limit=1000&productType=usdt-futures&endTime=1788479940000 "HTTP/1.1 200 OK"
2026-09-16 19:36:34 [info     ] [Bitget] Yielding batch of 1000 candles for FLOCKUSDT
2026-09-16 19:36:34 - INFO - HTTP Request: GET https://api.bitget.com/api/v2/mix/market/candles?symbol=FLOCKUSDT&granularity=1m&limit=1000&productType=usdt-futures&endTime=1788419999999 "HTTP/1.1 200 OK"
2026-09-16 19:36:34 [info     ] [Bitget] Yielding batch of 440 candles for FLOCKUSDT
2026-09-16 19:36:34 [info     ] [Bitget] Reached start time for FLOCKUSDT
2026-09-16 19:36:34 [info     ] [Bitget] Historical data generator completed for FLOCKUSDT
2026-09-16 19:36:34 [info     ] ✅ Price data download completed successfully final_count=2977 final_result=True status=SUCCESS total_minutes=1440
[2026-09-16 19:36:34 UTC] 206/2726 | FLOCKUSDT 2026-09-03: +2880 свечей (прогнозов ждало 3) | всего +524160 | темп 1489 окон/ч, осталось ~1.7 ч | диск 59.8 ГБ
2026-09-16 19:36:35 [info     ] Smart minute data check        end=datetime.datetime(2026, 9, 3, 23, 59, tzinfo=datetime.timezone.utc) expected_minutes=1440 start=datetime.datetime(2026, 9, 3, 0, 0, tzinfo=datetime.timezone.utc) symbol=NOTUSDT
2026-09-16 19:36:35 [warning  ] ⚠️  Incomplete price data, downloading missing existing=96 expected_total=1440 missing=1344 status=INCOMPLETE symbol=NOTUSDT
2026-09-16 19:36:35 [info     ] Start download coin=<Coin:  (NOTUSDT)> start_time=datetime.datetime(2026, 9, 3, 0, 0, tzinfo=datetime.timezone.utc) end_time=datetime.datetime(2026, 9, 3, 23, 59, tzinfo=datetime.timezone.utc)
2026-09-16 19:36:35 [info     ] [Bybit] Starting historical data generator for symbol='NOTUSDT', days=90
2026-09-16 19:36:35 [info     ] [Bybit] Loading data from 2026-09-03 00:00:00+00:00 to 2026-09-03 23:59:00+00:00
2026-09-16 19:36:35 [info     ] [Bybit] Yielding batch of 1000 candles for NOTUSDT
2026-09-16 19:36:36 [info     ] [Bybit] Yielding batch of 440 candles for NOTUSDT
2026-09-16 19:36:37 [info     ] [Bybit] Reached start time for NOTUSDT
2026-09-16 19:36:37 [info     ] [Bybit] Historical data generator completed for NOTUSDT
2026-09-16 19:36:37 [info     ] [Bitget] Starting historical data generator for symbol='NOTUSDT', days=90
2026-09-16 19:36:37 [info     ] [Bitget] Loading data from 2026-09-03 00:00:00+00:00 to 2026-09-03 23:59:00+00:00
2026-09-16 19:36:37 - INFO - HTTP Request: GET https://api.bitget.com/api/v2/mix/market/candles?symbol=NOTUSDT&granularity=1m&limit=1000&productType=usdt-futures&endTime=1788479940000 "HTTP/1.1 200 OK"
2026-09-16 19:36:37 [info     ] [Bitget] Yielding batch of 1000 candles for NOTUSDT
2026-09-16 19:36:37 - INFO - HTTP Request: GET https://api.bitget.com/api/v2/mix/market/candles?symbol=NOTUSDT&granularity=1m&limit=1000&productType=usdt-futures&endTime=1788419999999 "HTTP/1.1 200 OK"
2026-09-16 19:36:37 [info     ] [Bitget] Yielding batch of 440 candles for NOTUSDT
2026-09-16 19:36:37 [info     ] [Bitget] Reached start time for NOTUSDT
2026-09-16 19:36:37 [info     ] [Bitget] Historical data generator completed for NOTUSDT
2026-09-16 19:36:37 [info     ] ✅ Price data download completed successfully final_count=2976 final_result=True status=SUCCESS total_minutes=1440
[2026-09-16 19:36:37 UTC] 207/2726 | NOTUSDT 2026-09-03: +2880 свечей (прогнозов ждало 1) | всего +527040 | темп 1487 окон/ч, осталось ~1.7 ч | диск 59.8 ГБ
2026-09-16 19:36:38 [info     ] Smart minute data check        end=datetime.datetime(2026, 9, 3, 23, 59, tzinfo=datetime.timezone.utc) expected_minutes=1440 start=datetime.datetime(2026, 9, 3, 0, 0, tzinfo=datetime.timezone.utc) symbol=ZECUSDT
2026-09-16 19:36:38 [warning  ] ⚠️  Incomplete price data, downloading missing existing=98 expected_total=1440 missing=1342 status=INCOMPLETE symbol=ZECUSDT
2026-09-16 19:36:38 [info     ] Start download coin=<Coin:  (ZECUSDT)> start_time=datetime.datetime(2026, 9, 3, 0, 0, tzinfo=datetime.timezone.utc) end_time=datetime.datetime(2026, 9, 3, 23, 59, tzinfo=datetime.timezone.utc)
2026-09-16 19:36:38 [info     ] [Bybit] Starting historical data generator for symbol='ZECUSDT', days=90
2026-09-16 19:36:38 [info     ] [Bybit] Loading data from 2026-09-03 00:00:00+00:00 to 2026-09-03 23:59:00+00:00
