id,external_id,message_preview,hash,published_at,created_at,source_id,source_name
1599146,16827,"👑My Coin: $LSK/USDT
👀Looking for SHORT

🌟0.40243 W...️I Will Set: 0.41694
°°°°°°°°°°°°°° As my stoploss",0cc4b409569aa472405955e578f95e2b,2026-09-24T15:46:21+00:00,2026-09-24T16:31:12.418744+00:00,1239,mars_cryptosignai
1599145,16825,"📈 LONG #LSK/USDT 

🚀 LEVERAGE : 50x

📊 ENTRY PRICE...

TP🟢0.440

TP🟢0.470

STOPLOSS 🔴0.385


REACTIONS?",564a4a9b5a9616716e73358e34ae59ff,2026-09-24T15:46:18+00:00,2026-09-24T16:31:12.417939+00:00,1239,mars_cryptosignai
1599144,16824,"#LONG 🟢🔤🔤🔤🔤🔤

#ETH/USDT

Margin Mode : Isolated 💎
...2802

🟥 SL : 2605- 100%   

📊 LEV : 30X

🇯🇵Premium",a3b1e922cb024cfeaa03be36f58eec30,2026-09-24T15:46:17+00:00,2026-09-24T16:31:12.415632+00:00,1239,mars_cryptosignai
1599143,16823,"BTC/USD SELL 

Entry : $ 85764

Target1: $  84320
Target2: $  81986
Target3: $  79837


SL : $ 88240",9a2cbbbaa4c84ce3bc4721fd1ccac74c,2026-09-24T15:46:17+00:00,2026-09-24T16:31:12.209993+00:00,1239,mars_cryptosignai
1599142,16822,"💰#ONE / USDT👑

💎Setup Type: Strong SHORT  🔖Opportu....0018000

4️⃣TP ➝ 0.0014000

🚫Stop Loss: 0.0028500",d993cba29d18fad944d52905172f90ad,2026-09-24T15:46:16+00:00,2026-09-24T16:31:12.172322+00:00,1239,mars_cryptosignai
1599141,16821,"🪙#NIL/USDT

🚩POSITION — SHORT

🔒  LEVERAGE — 20X75...0.10400
TP🥉: 0.10000

⛔️ SL: 0.12000

🔥REACTIONS?😜",f52770c029639d99a2d532045f13f44d,2026-09-24T15:46:16+00:00,2026-09-24T16:31:12.140703+00:00,1239,mars_cryptosignai
1599140,16820,"#NIL/USDT SHORT NOW 📉
🏠ENTRY: ( 0.10923 )",4c42954678fce06be6ff5d8d4c11f948,2026-09-24T15:46:16+00:00,2026-09-24T16:31:12.101151+00:00,1239,mars_cryptosignai
1599139,16817,"#NIL  USDT — SELL (SHORT) 
🎉
🟢 Leverage: Cross  30...️Stop Loss: 0.13500

🔽 Risk Management:

 REACTION",83ff250514999a9a8c71365623cbc8a4,2026-09-24T15:46:16+00:00,2026-09-24T16:31:12.098563+00:00,1239,mars_cryptosignai
1599137,16815,"🚀 SHORT: $ONE/USDT
LEVERAGE: 50x

✔️ENTRY PRICE: 0...025600-0.002000

STOP LOSS:  0.002570


REACTIONS?",d1b94ab8d2588f465b1a61dfe09790b2,2026-09-24T15:46:16+00:00,2026-09-24T16:31:11.927338+00:00,1239,mars_cryptosignai
1599136,16813,"🚀 SHORT: $LSK/USDT
LEVERAGE: 50x

✔️ENTRY PRICE: 0...890-0.3700-0.3300

STOP LOSS:  0.4180


REACTIONS?",9b3afcc497996c593d3bf6469bac2862,2026-09-24T15:46:16+00:00,2026-09-24T16:31:11.911860+00:00,1239,mars_cryptosignai
1599135,16811,"🚀 #INITUSDT LONG SIGNAL 🚀
⚡️ LEVERAGE 50X–75X

📌 E...tch this move together!
🔓 Trade Smart • Trade Safe",a11eb235e7152f3a6fe1e4e1053eacbc,2026-09-24T15:46:16+00:00,2026-09-24T16:31:11.841444+00:00,1239,mars_cryptosignai
1599119,16795,"✅ Long

Pair: #IOTA/USDT

📊 Entry Price: 

1) 0.04...) 0.049072

Stop Loss: 0.043036

Leverage: 10x-20x",e7b98c6552a3427a872fe1adcfe97803,2026-09-24T15:45:51+00:00,2026-09-24T16:31:11.042824+00:00,1239,mars_cryptosignai
1599117,16793,"BTC/USDT Long  | 

Entry  :  83400 

TP   :  83700 / 84000 / 85000

SL  :  82500 | Risk 3% to 5%",852c7a81f5df7d06164df88b2cdbd86f,2026-09-24T15:45:51+00:00,2026-09-24T16:31:10.890167+00:00,1239,mars_cryptosignai
1599116,16792,"⚡️⚡️#LSK/USDT⚡️⚡️

Long
Leverage: Cross  25x

Entr...6000
TP3: 0.51000
TP4: 0.63500

Stop Loss: 0.32000",f72fe13eb79ac397ba12d8390f175e37,2026-09-24T15:45:50+00:00,2026-09-24T16:31:10.889258+00:00,1239,mars_cryptosignai
1599115,16790,"Long #ZEC

Entry: now - 1495
SL: 1476
TP: 1549 - 1575 - 1605",619de9a50c2d3e3df5a0c3f63af791bb,2026-09-24T15:45:49+00:00,2026-09-24T16:31:10.795871+00:00,1239,mars_cryptosignai
1599109,16784,"🔘 Coin : #BTW/USDT 🔘

🔴 SHORT

🔺Entry🔻: 1.0236

⭐️...23 - 0.9621

♦️ StopLoss : 1.0598

🔱 Leverage: 25x",cada093e648cca783c876852154549c4,2026-09-24T15:45:49+00:00,2026-09-24T16:31:10.548287+00:00,1239,mars_cryptosignai
1599107,16783,"🔰 PAIR: GUN/ USDT 💹

🔴Position: SHORT🚀

☑️ Entry Z...0.00295
🥈 0.00292
🥉 0.00286

❌ Stop Loss: 🔴0.00307",1c661f341a5032b6edfe31f815092a43,2026-09-24T15:45:49+00:00,2026-09-24T16:31:10.413140+00:00,1239,mars_cryptosignai
1599106,16782,"📊 Let’s SHORT #FOGO/USDT

💥 Leverage:  Cross 20×  ...260
2) 0.005940
3) 0.005750

🔖 Stop Loss: 0.006650",3ab335fff9f7fa81f1a4c352df80d938,2026-09-24T15:45:49+00:00,2026-09-24T16:31:10.298367+00:00,1239,mars_cryptosignai
1599105,16781,"🚨 #BR/USDT | LONG

⚡Leverage: Cross 20x

🎯Entry Ta... follow the signal and secure profits at targets.💎",10eb3f1a848b21f3dea7a824921ee67c,2026-09-24T15:45:49+00:00,2026-09-24T16:31:10.285432+00:00,1239,mars_cryptosignai
1599104,16779,"🔘 Coin : #ARX/USDT 🔘

🔴 SHORT

🔺Entry🔻: 0.2475

⭐️...76 - 0.2326

♦️ StopLoss : 0.2566

🔱 Leverage: 25x",f3e9e4920e832a9b23dcb278b55748da,2026-09-24T15:45:49+00:00,2026-09-24T16:31:10.277278+00:00,1239,mars_cryptosignai
1599103,16780,"📊 Let’s SHORT #XRP/USDT

💥 Leverage:  Cross 20×  -...1) 1.4200
2) 1.4000
3) 1.3450

🔖 Stop Loss: 1.5450",d8049a31c9752719b4b22def366fb11e,2026-09-24T15:45:49+00:00,2026-09-24T16:31:10.273470+00:00,1239,mars_cryptosignai
1599101,16775,"📊 Let’s LONG #UNI/USDT

💥 Leverage:  Cross 20×  - ...rgets: 

1) 9.7
2) 10.8
3) 11.7

🔖 Stop Loss: 8.08",6b929326b35889f4d444d173772d6716,2026-09-24T15:45:49+00:00,2026-09-24T16:31:09.983032+00:00,1239,mars_cryptosignai
1599100,16774,"ATOMUSDTUSDT  
Exchanges: BINGX 

🟢 Short
Leverage... 1.73
4) 1.72
5) 1.58
6) 1.45
7) 🚀🚀🚀 

⛔️ SL:
1.62",990052d2a9f9e5f40d051e8b4065c921,2026-09-24T15:45:49+00:00,2026-09-24T16:31:09.981570+00:00,1239,mars_cryptosignai
1599099,16772,"↗️ LONG #PROM 50x

📌 Entry: 5.80

🎯 TP: 5.95

⛔️ S...t Usage: 1-3%
⚠️ According to your risk management",525b23912f9a8967d8f1df4af7b30bf7,2026-09-24T15:45:49+00:00,2026-09-24T16:31:09.980413+00:00,1239,mars_cryptosignai
1599096,16768,"🚀 #PROMUSDT LONG SIGNAL 🚀
⚡️ LEVERAGE 50X–75X

📌 E...tch this move together!
🔓 Trade Smart • Trade Safe",43ca82a9e1e242237efb673532409315,2026-09-24T15:45:48+00:00,2026-09-24T16:31:09.669889+00:00,1239,mars_cryptosignai
1599094,16766,"BROCCOLI/ USDT/ LONG
Entry at market price 

Cross...only 1% of your wallet. 
Manage your risk properly",0aa2b35dc999698ceaedb52602be7388,2026-09-24T15:45:48+00:00,2026-09-24T16:31:09.663134+00:00,1239,mars_cryptosignai
1604597,16840,"$BB long trade:

This is a  risky trade so manage ...target: 0.0125

NFA.(Only for educational purpose)",7938068ea8dc620a5ea9672f8f16ed7a,2026-09-24T20:05:10+00:00,2026-09-24T20:31:53.248227+00:00,1239,mars_cryptosignai
1606434,17029,"↗️ LONG #LSK 50x

📌 Entry: 0.43200

🎯 TP: 0.44200
...t Usage: 1-3%
⚠️ According to your risk management",029955faab27e677e672e9ace672c291,2026-09-24T20:55:30+00:00,2026-09-24T22:27:04.123207+00:00,1239,mars_cryptosignai
1606432,17028,"🌹 #NOM/USDT

🔴SHORT

✅ Entry: 0.00223- 0.00228

❌ ...l advice.
💰 Stay disciplined. Protect your capital",18688cdb61518568f96fb9104ac4dc7d,2026-09-24T20:55:30+00:00,2026-09-24T22:27:04.102323+00:00,1239,mars_cryptosignai
1606421,17006,"#ETH

ETH is forming a consolidation below the res...61
🚀 Targets: 2634 / 2576 / 2478
📉 Stop Loss: 2751",bcba26315133d72f6c48d89eb58b392e,2026-09-24T20:55:04+00:00,2026-09-24T22:27:03.523204+00:00,1239,mars_cryptosignai
1606420,17004,"⚡️⚡️#UNI/USDT⚡️⚡️

Long
Leverage:  Cross 20×  -  5...Targets: 

1) 9.7
2) 10.8
3) 11.7

Stop Loss: 8.08",f72ef26de57abb73004b6bd408bdeb44,2026-09-24T20:55:04+00:00,2026-09-24T22:27:03.403836+00:00,1239,mars_cryptosignai
1606417,17002,"⚡️⚡️$NIL/USDT⚡️⚡️

LONG
LEVERAGE: 50x

ENTRY PRICE...- PROFIT

0.1340-0.1400-0.1500

STOP LOSS:  0.1235",5bf0b17ae44e1119b9f12f3dcad98ebb,2026-09-24T20:55:04+00:00,2026-09-24T22:27:03.380169+00:00,1239,mars_cryptosignai
1606414,16998,"📊 Let’s SHORT #XRP/USDT

💥 Leverage:  Cross 20×  -...1) 1.4200
2) 1.4000
3) 1.3450

🔖 Stop Loss: 1.5450",d8049a31c9752719b4b22def366fb11e,2026-09-24T20:55:03+00:00,2026-09-24T22:27:03.123573+00:00,1239,mars_cryptosignai
1606413,16997,"📊 Let’s LONG #UNI/USDT

💥 Leverage:  Cross 20×  - ...rgets: 

1) 9.7
2) 10.8
3) 11.7

🔖 Stop Loss: 8.08",6b929326b35889f4d444d173772d6716,2026-09-24T20:55:03+00:00,2026-09-24T22:27:03.123001+00:00,1239,mars_cryptosignai
1606412,16999,"📊 Let’s SHORT #FOGO/USDT

💥 Leverage:  Cross 20×  ...260
2) 0.005940
3) 0.005750

🔖 Stop Loss: 0.006650",3ab335fff9f7fa81f1a4c352df80d938,2026-09-24T20:55:03+00:00,2026-09-24T22:27:03.121860+00:00,1239,mars_cryptosignai
1606406,16993,🎯 SONICUSDT POTENTIAL TRADE | Up to +13.79% Target...ntries and full analysis by subscribing to VIP. DM,ddaf9fb788209fb4010236d203079732,2026-09-24T20:55:03+00:00,2026-09-24T22:27:02.877886+00:00,1239,mars_cryptosignai
1606408,16992,"TRADE🪙: #XPL/USDT 

Signal Type📈: Regular (Long)
L...ANAGEMENT AND USE ONLY 10-20% OF CAPITAL PER TRADE",4fea07ba7f1385267c7b5152b13b51cf,2026-09-24T20:54:49+00:00,2026-09-24T22:27:02.887579+00:00,1239,mars_cryptosignai
1606407,16991,"TRADE🪙: #ONDO/USDT 

Signal Type📈: Regular (Long)
...ANAGEMENT AND USE ONLY 10-20% OF CAPITAL PER TRADE",c7811c3fc3b2f6f91f86f1df28e360f9,2026-09-24T20:54:49+00:00,2026-09-24T22:27:02.880494+00:00,1239,mars_cryptosignai
1606405,16990,"TRADE🪙: #CVC/USDT 

Signal Type📈: Regular (Long)
L...ANAGEMENT AND USE ONLY 10-20% OF CAPITAL PER TRADE",532a0d6fcf68bfca95efb2fe4aae2771,2026-09-24T20:54:49+00:00,2026-09-24T22:27:02.699277+00:00,1239,mars_cryptosignai
1606404,16989,"TRADE🪙: #LTC/USDT 

Signal Type📈: Regular (Long)
L...ANAGEMENT AND USE ONLY 10-20% OF CAPITAL PER TRADE",3cafd8d6e8160a3428308406fa93c99f,2026-09-24T20:54:49+00:00,2026-09-24T22:27:02.591020+00:00,1239,mars_cryptosignai
1606403,16988,"TRADE🪙: #NIL/USDT 

Signal Type📈: Regular (Long)
L...ANAGEMENT AND USE ONLY 10-20% OF CAPITAL PER TRADE",e16fa86857049c650e767e0a3cf5484c,2026-09-24T20:54:49+00:00,2026-09-24T22:27:02.585220+00:00,1239,mars_cryptosignai
1606402,16987,"TRADE🪙: #BOME/USDT 

Signal Type📈: Regular (Long)
...ANAGEMENT AND USE ONLY 10-20% OF CAPITAL PER TRADE",4c6105c1a32f65ba9df539b9ffc96110,2026-09-24T20:54:49+00:00,2026-09-24T22:27:02.577926+00:00,1239,mars_cryptosignai
1606401,16986,"TRADE🪙: #LSK/USDT 

Signal Type📈: Regular (Long)
L...ANAGEMENT AND USE ONLY 10-20% OF CAPITAL PER TRADE",cf90eb588f53288a00d7569351f6862e,2026-09-24T20:54:49+00:00,2026-09-24T22:27:02.560921+00:00,1239,mars_cryptosignai
1606400,16985,"TRADE🪙: #VTHO/USDT 

Signal Type📈: Regular (Long)
...ANAGEMENT AND USE ONLY 10-20% OF CAPITAL PER TRADE",7d83ddcad0b256e3b43a7f2113a69778,2026-09-24T20:54:49+00:00,2026-09-24T22:27:02.505358+00:00,1239,mars_cryptosignai
1606398,16983,"#ETH

ETH is forming a consolidation below the res...61
🚀 Targets: 2634 / 2576 / 2478
📉 Stop Loss: 2751",bcba26315133d72f6c48d89eb58b392e,2026-09-24T20:54:40+00:00,2026-09-24T22:27:02.324655+00:00,1239,mars_cryptosignai
1606397,16982,"🔴SHORT  #BTCUSDT

🔶 Entry : 84500 - 84600

➡️ Leve...ake Profit Targets :

👉 83800

🛑 Stop Loss : 85400",a7c50b9d06f2f3907dc3731f743fe904,2026-09-24T20:54:40+00:00,2026-09-24T22:27:02.318535+00:00,1239,mars_cryptosignai
1606391,16974,"🪙#PLAY/USDT

🚩POSITION — SHORT

🔒  LEVERAGE — 20X7...0.03120
TP🥉: 0.03800

⛔️ SL: 0.03000

🔥REACTIONS?😜",a1ada2f9c3ddb3d1303d2d13892b574c,2026-09-24T20:54:28+00:00,2026-09-24T22:27:02.068463+00:00,1239,mars_cryptosignai
1606389,16973,"#PLAY/USDT SHORT NOW 📉
🏠ENTRY: ( 0.03577 )",1a86145fd5517ce893d47758694f8c3b,2026-09-24T20:54:28+00:00,2026-09-24T22:27:01.872265+00:00,1239,mars_cryptosignai
1606388,16972,"#NIL/ USDT — BUY (SHORT) 
Leverage: Cross 25x – 50...T IS KEY
👉 Use ONLY 2 – 3% of your total portfolio",381ca2976ba0612c0a9797c3373f8aa9,2026-09-24T20:54:28+00:00,2026-09-24T22:27:01.858405+00:00,1239,mars_cryptosignai
1606387,16971,"💰#BTW  / USDT👑

💎Setup Type: Strong LONG 🔖Opportun...

🥉TP ➝ 1.3500

4️⃣TP ➝ 1.5000

🚫Stop Loss: 0.8800",66440a76363bbe9244958361c4f72931,2026-09-24T20:54:28+00:00,2026-09-24T22:27:01.814589+00:00,1239,mars_cryptosignai
1606373,16956,"🚀 #FOLKSUSDT LONG SIGNAL 🚀
⚡️ LEVERAGE 50X–75X

📌 ...tch this move together!
🔓 Trade Smart • Trade Safe",dc6f257a2da0800c98b95d4111152e84,2026-09-24T20:53:44+00:00,2026-09-24T22:27:01.122094+00:00,1239,mars_cryptosignai
1606372,16955,"#BB/USDT

📈Signal: long Leverage: Cross 20X

⚡️Ent...even after TP1 is hit.

📣Trade Smart • Follow Risk",055899b8b8b66f668163cd8730617e26,2026-09-24T20:53:44+00:00,2026-09-24T22:27:01.020920+00:00,1239,mars_cryptosignai
1606371,16952,"↗️ LONG #BROCCOLi714 50x

📌 Entry: 0.03200

🎯 TP: ...t Usage: 1-3%
⚠️ According to your risk management",ee5836687c29b2af0c8e05064d6958d6,2026-09-24T20:53:44+00:00,2026-09-24T22:27:01.006158+00:00,1239,mars_cryptosignai
1606370,16954,"📈 LONG #ONDO/USDT 

🚀 LEVERAGE : 75x

📊 ENTRY PRIC...9

TP🟢0.525

TP🟢0.550

STOPLOSS 🔴0.470

REACTIONS?",545c9192cd0cef9539bb275a73e545df,2026-09-24T20:53:44+00:00,2026-09-24T22:27:01.000421+00:00,1239,mars_cryptosignai
1606368,16951,"🌈PAIR:- LSK/USDT
⚡️ Direction : SHORT
🛠 Leverage: ...nt Usage:- 1 - 2%
(According To your Risk Setting)",6b25080930454b8b0be319e49d46673f,2026-09-24T20:53:43+00:00,2026-09-24T22:27:00.913392+00:00,1239,mars_cryptosignai
1606367,16950,"LSK/USDT 

SHORT SHORT SHORT 

OPEN MARKET PRICE 
...0.40500
TP 0.40200
TP 0.39900

SL 0.43500

LEV 16x",6c6b57ba5cda49d23289912c9c62a68b,2026-09-24T20:53:43+00:00,2026-09-24T22:27:00.775193+00:00,1239,mars_cryptosignai
1606366,16948,"Pair: #BROCCOLI/USDT

Short • (25X)

Entry
0.03084...t your own risk. Always use proper risk management",c5ef74e20826e1ca24f6ff24587e68a5,2026-09-24T20:53:43+00:00,2026-09-24T22:27:00.768491+00:00,1239,mars_cryptosignai
1606365,16949,"🚨 #NEAR/USDT | LONG

⚡Leverage: Cross 20x

🎯Entry ... follow the signal and secure profits at targets.💎",79fc3ddcc46c73defe7dc175bf00fd23,2026-09-24T20:53:43+00:00,2026-09-24T22:27:00.763900+00:00,1239,mars_cryptosignai
1606364,16947,"TAKE/USDT BUY (SHORT) 

⚡️Leverage : Cross 20x to ...06900

⚠️Use only 3% - 5% amount of your portfolio",6ed2c677a5b42a1a7b414322b174cc06,2026-09-24T20:53:43+00:00,2026-09-24T22:27:00.761852+00:00,1239,mars_cryptosignai
1606363,16946,"✅Entry  -0.4100-0.4050

(🆘LONG LSKUSDT 5-20x🆘)

🏹 ...5  $0.4305
🏹Target 6  $0.4360

🚫Stop loss -0.38696",6d1abfbe163684c11c1c3d46bcca4803,2026-09-24T20:53:43+00:00,2026-09-24T22:27:00.740559+00:00,1239,mars_cryptosignai
1606362,16941,"✅Entry  -0.4100-0.4050

(🆘LONG LSKUSDT 5-20x🆘)

🏹 ...5  $0.4305
🏹Target 6  $0.4360

🚫Stop loss -0.38696",6d1abfbe163684c11c1c3d46bcca4803,2026-09-24T20:53:43+00:00,2026-09-24T22:27:00.522224+00:00,1239,mars_cryptosignai
1606361,16945,LONG LSK 0.41072,3163f1a3fb4e5ff86d8b6d6f06e2c6fc,2026-09-24T20:53:43+00:00,2026-09-24T22:27:00.513316+00:00,1239,mars_cryptosignai
1606359,16944,"🚨 #NEAR/USDT | LONG

⚡Leverage: Cross 20x

🎯Entry ... follow the signal and secure profits at targets.💎",79fc3ddcc46c73defe7dc175bf00fd23,2026-09-24T20:53:43+00:00,2026-09-24T22:27:00.509047+00:00,1239,mars_cryptosignai
1606358,16943,"Pair: #BROCCOLI/USDT

Short • (25X)

Entry
0.03084...t your own risk. Always use proper risk management",c5ef74e20826e1ca24f6ff24587e68a5,2026-09-24T20:53:43+00:00,2026-09-24T22:27:00.500967+00:00,1239,mars_cryptosignai
1606357,16940,LONG LSK 0.41072,3163f1a3fb4e5ff86d8b6d6f06e2c6fc,2026-09-24T20:53:43+00:00,2026-09-24T22:26:50.395177+00:00,1239,mars_cryptosignai
1606356,16939,"💰#ONE / USDT👑

💎Setup Type: Strong SHORT  🔖Opportu....0018000

4️⃣TP ➝ 0.0014000

🚫Stop Loss: 0.0028500",d993cba29d18fad944d52905172f90ad,2026-09-24T20:53:38+00:00,2026-09-24T22:26:50.330077+00:00,1239,mars_cryptosignai
1606355,16938,"🪙#NIL/USDT

🚩POSITION — SHORT

🔒  LEVERAGE — 20X75...0.10400
TP🥉: 0.10000

⛔️ SL: 0.12000

🔥REACTIONS?😜",f52770c029639d99a2d532045f13f44d,2026-09-24T20:53:38+00:00,2026-09-24T22:26:50.322941+00:00,1239,mars_cryptosignai
1606354,16937,"#NIL/USDT SHORT NOW 📉
🏠ENTRY: ( 0.10923 )",4c42954678fce06be6ff5d8d4c11f948,2026-09-24T20:53:38+00:00,2026-09-24T22:26:50.278825+00:00,1239,mars_cryptosignai
1606353,16935,"BTC/USD SELL 

Entry : $ 85764

Target1: $  84320
Target2: $  81986
Target3: $  79837


SL : $ 88240",9a2cbbbaa4c84ce3bc4721fd1ccac74c,2026-09-24T20:53:38+00:00,2026-09-24T22:26:50.152519+00:00,1239,mars_cryptosignai
1606351,16936,"📈 LONG #LSK/USDT 

🚀 LEVERAGE : 50x

📊 ENTRY PRICE...

TP🟢0.440

TP🟢0.470

STOPLOSS 🔴0.385


REACTIONS?",564a4a9b5a9616716e73358e34ae59ff,2026-09-24T20:53:38+00:00,2026-09-24T22:26:50.150952+00:00,1239,mars_cryptosignai
1606350,16934,"#NIL  USDT — SELL (SHORT) 
🎉
🟢 Leverage: Cross  30...️Stop Loss: 0.13500

🔽 Risk Management:

 REACTION",83ff250514999a9a8c71365623cbc8a4,2026-09-24T20:53:38+00:00,2026-09-24T22:26:50.149964+00:00,1239,mars_cryptosignai
1606349,16932,"🚀 SHORT: $ONE/USDT
LEVERAGE: 50x

✔️ENTRY PRICE: 0...025600-0.002000

STOP LOSS:  0.002570


REACTIONS?",d1b94ab8d2588f465b1a61dfe09790b2,2026-09-24T20:53:38+00:00,2026-09-24T22:26:50.136941+00:00,1239,mars_cryptosignai
1606348,16931,"#LONG 🟢🔤🔤🔤🔤🔤

#ETH/USDT

Margin Mode : Isolated 💎
...2802

🟥 SL : 2605- 100%   

📊 LEV : 30X

🇯🇵Premium",a3b1e922cb024cfeaa03be36f58eec30,2026-09-24T20:53:38+00:00,2026-09-24T22:26:49.950688+00:00,1239,mars_cryptosignai
1606347,16930,"🚀 SHORT: $LSK/USDT
LEVERAGE: 50x

✔️ENTRY PRICE: 0...890-0.3700-0.3300

STOP LOSS:  0.4180


REACTIONS?",9b3afcc497996c593d3bf6469bac2862,2026-09-24T20:53:38+00:00,2026-09-24T22:26:49.874810+00:00,1239,mars_cryptosignai
1606346,16929,"👑My Coin: $LSK/USDT
👀Looking for SHORT

🌟0.40243 W...️I Will Set: 0.41694
°°°°°°°°°°°°°° As my stoploss",0cc4b409569aa472405955e578f95e2b,2026-09-24T20:53:38+00:00,2026-09-24T22:26:49.868665+00:00,1239,mars_cryptosignai
1606345,16928,"🚀 #INITUSDT LONG SIGNAL 🚀
⚡️ LEVERAGE 50X–75X

📌 E...tch this move together!
🔓 Trade Smart • Trade Safe",a11eb235e7152f3a6fe1e4e1053eacbc,2026-09-24T20:53:38+00:00,2026-09-24T22:26:49.858636+00:00,1239,mars_cryptosignai
1606344,16927,"🔘 Coin : #BTW/USDT 🔘

🔴 SHORT

🔺Entry🔻: 1.0236

⭐️...23 - 0.9621

♦️ StopLoss : 1.0598

🔱 Leverage: 25x",cada093e648cca783c876852154549c4,2026-09-24T20:53:38+00:00,2026-09-24T22:26:49.855826+00:00,1239,mars_cryptosignai
1606343,16926,"🔰 PAIR: GUN/ USDT 💹

🔴Position: SHORT🚀

☑️ Entry Z...0.00295
🥈 0.00292
🥉 0.00286

❌ Stop Loss: 🔴0.00307",1c661f341a5032b6edfe31f815092a43,2026-09-24T20:53:38+00:00,2026-09-24T22:26:49.753744+00:00,1239,mars_cryptosignai
1606342,16925,"📊 Let’s SHORT #FOGO/USDT

💥 Leverage:  Cross 20×  ...260
2) 0.005940
3) 0.005750

🔖 Stop Loss: 0.006650",3ab335fff9f7fa81f1a4c352df80d938,2026-09-24T20:53:38+00:00,2026-09-24T22:26:49.689198+00:00,1239,mars_cryptosignai
1606341,16924,"🚨 #BR/USDT | LONG

⚡Leverage: Cross 20x

🎯Entry Ta... follow the signal and secure profits at targets.💎",10eb3f1a848b21f3dea7a824921ee67c,2026-09-24T20:53:38+00:00,2026-09-24T22:26:49.668179+00:00,1239,mars_cryptosignai
1606340,16923,"📊 Let’s SHORT #XRP/USDT

💥 Leverage:  Cross 20×  -...1) 1.4200
2) 1.4000
3) 1.3450

🔖 Stop Loss: 1.5450",d8049a31c9752719b4b22def366fb11e,2026-09-24T20:53:37+00:00,2026-09-24T22:26:49.652473+00:00,1239,mars_cryptosignai
1606339,16922,"🔘 Coin : #ARX/USDT 🔘

🔴 SHORT

🔺Entry🔻: 0.2475

⭐️...76 - 0.2326

♦️ StopLoss : 0.2566

🔱 Leverage: 25x",f3e9e4920e832a9b23dcb278b55748da,2026-09-24T20:53:37+00:00,2026-09-24T22:26:49.651669+00:00,1239,mars_cryptosignai
1606338,16921,"BTC/USDT Long  | 

Entry  :  83400 

TP   :  83700 / 84000 / 85000

SL  :  82500 | Risk 3% to 5%",852c7a81f5df7d06164df88b2cdbd86f,2026-09-24T20:53:37+00:00,2026-09-24T22:26:49.592156+00:00,1239,mars_cryptosignai
1606336,16918,"📊 Let’s LONG #UNI/USDT

💥 Leverage:  Cross 20×  - ...rgets: 

1) 9.7
2) 10.8
3) 11.7

🔖 Stop Loss: 8.08",6b929326b35889f4d444d173772d6716,2026-09-24T20:53:37+00:00,2026-09-24T22:26:49.485776+00:00,1239,mars_cryptosignai
1606335,16919,"✅ Long

Pair: #IOTA/USDT

📊 Entry Price: 

1) 0.04...) 0.049072

Stop Loss: 0.043036

Leverage: 10x-20x",e7b98c6552a3427a872fe1adcfe97803,2026-09-24T20:53:37+00:00,2026-09-24T22:26:49.484652+00:00,1239,mars_cryptosignai
1606334,16917,"ATOMUSDTUSDT  
Exchanges: BINGX 

🟢 Short
Leverage... 1.73
4) 1.72
5) 1.58
6) 1.45
7) 🚀🚀🚀 

⛔️ SL:
1.62",990052d2a9f9e5f40d051e8b4065c921,2026-09-24T20:53:37+00:00,2026-09-24T22:26:49.451699+00:00,1239,mars_cryptosignai
1606332,16915,"↗️ LONG #PROM 50x

📌 Entry: 5.80

🎯 TP: 5.95

⛔️ S...t Usage: 1-3%
⚠️ According to your risk management",525b23912f9a8967d8f1df4af7b30bf7,2026-09-24T20:53:37+00:00,2026-09-24T22:26:49.387323+00:00,1239,mars_cryptosignai
1606330,16913,"🚀 #PROMUSDT LONG SIGNAL 🚀
⚡️ LEVERAGE 50X–75X

📌 E...tch this move together!
🔓 Trade Smart • Trade Safe",43ca82a9e1e242237efb673532409315,2026-09-24T20:53:32+00:00,2026-09-24T22:26:49.299034+00:00,1239,mars_cryptosignai
1606328,16911,"🚀 LONG: $NIL/USDT
LEVERAGE: 50x

✔️ENTRY PRICE: 0....1340-0.1400-0.1500

STOP LOSS:  0.1235

REACTIONS?",a1165db0513db3d99e488025edf886b3,2026-09-24T20:53:32+00:00,2026-09-24T22:26:49.265828+00:00,1239,mars_cryptosignai
1606327,16910,"🟢 Long

#XRP/USDT

Entry : 

1) 1.4667
2) 1.4226

...1.5670

🛑 Stop : 1.3742

Leverage : 10x (isolated)",2644c69a0d676dde6b21a5731b52fc62,2026-09-24T20:53:32+00:00,2026-09-24T22:26:49.216734+00:00,1239,mars_cryptosignai
1606326,16909,"TRUMPUSDTUSDT  
Exchanges: BINGX 

🟢 Short
Leverag... 1.91
4) 1.88
5) 1.83
6) 1.79
7) 🚀🚀🚀 

⛔️ SL:
2.08",48eebef89edc0d29122169f5c059cdbe,2026-09-24T20:53:32+00:00,2026-09-24T22:26:49.161512+00:00,1239,mars_cryptosignai
1606325,16908,"👑My Coin: $NOM/USDT
👀Looking for LONG

🌟0.002415 W...I Will Set: 0.002324
°°°°°°°°°°°°°° As my stoploss",1d2d440a79ae224924ff6be36a81add1,2026-09-24T20:53:32+00:00,2026-09-24T22:26:49.130729+00:00,1239,mars_cryptosignai
1606324,16907,"✅ Long

#QTUM/USDT

Entry zone : 0.923052 - 0.9516...41526
1.069931

Stop loss :0.884988

Leverage: 10x",f79ad52ca2b330e137474c38fd42cb84,2026-09-24T20:53:32+00:00,2026-09-24T22:26:49.105275+00:00,1239,mars_cryptosignai
1606321,16904,"Use only 2% Funds

#SUI/USDT (SHORT)

Entry 1 = 0....Profit
T.P 3 = 1000% Profit 

🔴Stop loss at 1.0400",db710f34d3c88b77fa68684f3b27021d,2026-09-24T20:53:32+00:00,2026-09-24T22:26:48.997000+00:00,1239,mars_cryptosignai
1606320,16903,"Pair: #BCH/USDT

Short • (25X)

Entry
329.00

Targ...t your own risk. Always use proper risk management",6d08dc431296e8a267d944a0bb6986bd,2026-09-24T20:53:31+00:00,2026-09-24T22:26:48.942675+00:00,1239,mars_cryptosignai
1606319,16902,"📊 #TUT/USDT

🟢 POSITION: LONG

💰 ENTRY RANGE
➤ 0.0...➤ 0.0210

━━━━━━━━━━━━━━━━━━

✅ Manage risk wisely",697f69f7caffb47573afec00c8123ddd,2026-09-24T20:53:31+00:00,2026-09-24T22:26:48.940263+00:00,1239,mars_cryptosignai
1606318,16901,"📊 Let’s LONG #NOM/USDT

💥 Leverage:  Cross 20×  - ....00265
2) 0.00276
3) 0.00298

🔖 Stop Loss: 0.00242",8b1e3e8b1edc30412693458f276dd0c6,2026-09-24T20:53:31+00:00,2026-09-24T22:26:48.908092+00:00,1239,mars_cryptosignai
1606317,16900,"#NIL/ USDT — BUY (LONG) 
Leverage: Cross 25x – 50x...T IS KEY
👉 Use ONLY 2 – 3% of your total portfolio",26f6a29ffd934988dd4189e3044a2fb9,2026-09-24T20:53:31+00:00,2026-09-24T22:26:48.898254+00:00,1239,mars_cryptosignai
1606316,16899,"👑 #NOM/USDT — TRADE LONG

LEVERAGE 25X TO 50X

✅ E...
⛔️ STOP LOSS: 0.002420

⚡️ NO FEAR — JUST PROFITS",4fd9baa41d0ee0ff44f347b72777f897,2026-09-24T20:53:31+00:00,2026-09-24T22:26:48.828717+00:00,1239,mars_cryptosignai
1606315,16898,"#LSK/USDT LONG   

👉Leverage : Cross 10× To 30×

E...
1)  0.413
2)  0.525
3)  0.450

⭕Stop Loss : 0.379",eb20eae6973c752801e21eba538dfa0b,2026-09-24T20:53:31+00:00,2026-09-24T22:26:48.800519+00:00,1239,mars_cryptosignai
1606314,16897,"💰#LSK / USDT👑

💎Setup Type: Strong LONG  🔖Opportun...TP ➝ 0.50000

4️⃣TP ➝ 0.60000

🚫Stop Loss: 0.32000",26362be2796b2fd4ffd9886cb0b30e1f,2026-09-24T20:53:31+00:00,2026-09-24T22:26:48.773081+00:00,1239,mars_cryptosignai
1606312,16895,"⭐️#NIL/USDT  SHORT

🛡Leverage : Cross 25x50

‼️Ent....14973

Use only 3% - 5% amount of your portfolio🛍",8effc32465d9cf705598ff8b60519068,2026-09-24T20:53:31+00:00,2026-09-24T22:26:48.721783+00:00,1239,mars_cryptosignai
1606311,16894,NILUSDT SHORT NOW,50b69475e0b68b33dd522650a4c940b3,2026-09-24T20:53:31+00:00,2026-09-24T22:26:48.675713+00:00,1239,mars_cryptosignai
1606310,16893,"👑 #LSK/USDT — TRADE LONG

LEVERAGE 25X TO 50X

✅ E...0

⛔️ STOP LOSS: 0.3790

⚡️ NO FEAR — JUST PROFITS",eeb1fd304dcd5cc14a536270a9ea18b0,2026-09-24T20:53:31+00:00,2026-09-24T22:26:48.629924+00:00,1239,mars_cryptosignai
1606309,16892,"🔰 PAIR: ETH/ USDT 💹

🔴Position: SHORT🚀

☑️ Entry Z... Targets:
🥇 2652
🥈 2642
🥉 2625

❌ Stop Loss: 🔴2695",759d8074e733d94f765cbfcf0b4b4d99,2026-09-24T20:53:31+00:00,2026-09-24T22:26:48.619451+00:00,1239,mars_cryptosignai
1606308,16891,"⭐️#LSK/USDT  LONG 

🛡Leverage : Cross 25x50

‼️Ent....36326

Use only 3% - 5% amount of your portfolio🛍",0ea05f12806726096de5ec146215b1ad,2026-09-24T20:53:31+00:00,2026-09-24T22:26:48.558548+00:00,1239,mars_cryptosignai
1606307,16890,LSKUSDT LONG NOW,07887acd90ec447520841ce4b3124c9c,2026-09-24T20:53:31+00:00,2026-09-24T22:26:48.535745+00:00,1239,mars_cryptosignai
1606306,16889,"✨BCH/USDT

🎗 Trade Type = SHORT 🔴

⭐️ Leverage :- ...[ 323.96, 320.32, 316.86, 314.38, 310.37, 306.42 ]",14ef7c99e10a5b2b7c4f478be5992472,2026-09-24T20:53:31+00:00,2026-09-24T22:26:48.514450+00:00,1239,mars_cryptosignai
1606305,16888,"#CYS  USDT — BUY (LONG) 
🎉
🟢 Leverage: Cross  30x
...⛔️Stop Loss: 0.1600

🔽 Risk Management:

 REACTION",e07c9462d729fe9b718c491b16db88f7,2026-09-24T20:53:31+00:00,2026-09-24T22:26:48.471738+00:00,1239,mars_cryptosignai
1606304,16887,"BTC / USDT 

SHORT SHORT SHORT 

IST ENTRY AT MARKET PRICE 

TP 82900

20x Leverage 

SL 85000",4d7d8085c6555ccc6438b9f9659ce45e,2026-09-24T20:53:31+00:00,2026-09-24T22:26:48.424024+00:00,1239,mars_cryptosignai
1606303,16886,"ETH / USDT/ LONG
Entry at market price 

Cross || ...only 1% of your wallet. 
Manage your risk properly",8cac514bcef347b3484bf8d0c52c3761,2026-09-24T20:53:31+00:00,2026-09-24T22:26:48.375406+00:00,1239,mars_cryptosignai
1606302,16885,"🌹 #FOLKS/USDT

🟢 LONG

✅ Entry: 2.487- 2.432

❌ St...l advice.
💰 Stay disciplined. Protect your capital",8973870649f3c5118576badfe29f2e0c,2026-09-24T20:53:31+00:00,2026-09-24T22:26:48.365218+00:00,1239,mars_cryptosignai
1606301,16884,"🪙#SUPER/USDT

🚩POSITION — SHORT

🔒  LEVERAGE — 20X...0.15400
TP🥉: 0.14200

⛔️ SL: 0.20500

🔥REACTIONS?😜",db535c9651ccc0da98b9c0ffbc3ab592,2026-09-24T20:53:31+00:00,2026-09-24T22:26:48.318762+00:00,1239,mars_cryptosignai
1606300,16883,"#SUPER/USDT SHORT NOW 📉
🏠ENTRY: ( 0.17107 )",3092f4767b11b491cdddc9ac7c7f1cfa,2026-09-24T20:53:30+00:00,2026-09-24T22:26:48.291795+00:00,1239,mars_cryptosignai
1606299,16882,"🚨 #LSK/USDT | SHORT

⚡Leverage: Cross 20x

🎯Entry ... follow the signal and secure profits at targets.💎",0065ee7b57704bcb23bcc1a08363d54d,2026-09-24T20:53:30+00:00,2026-09-24T22:26:48.259734+00:00,1239,mars_cryptosignai
1606298,16881,"💰#CYS / USDT👑

💎Setup Type: Strong LONG  🔖Opportun...

🥉TP ➝ 0.2200

4️⃣TP ➝ 0.3000

🚫Stop Loss: 0.1550",f375b0daeb7f40f16a56bd16ee97bdc7,2026-09-24T20:53:30+00:00,2026-09-24T22:26:48.075958+00:00,1239,mars_cryptosignai
1606296,16879,"⭐ BLESS /USDT — LONG

💵 ENTRY:0.01000-0.090000

⚙️...o

📌 Follow the setup and manage your risk wisely.",73d3bc968a797633090330940a6f803a,2026-09-24T20:53:30+00:00,2026-09-24T22:26:48.048639+00:00,1239,mars_cryptosignai
1606295,16878,"⭐ CYS /USDT — LONG

💵 ENTRY:0.1850-0.1700

⚙️ LEVE...o

📌 Follow the setup and manage your risk wisely.",d50ca8b2de38986b95ec7d2e7adf9a47,2026-09-24T20:53:30+00:00,2026-09-24T22:26:48.012763+00:00,1239,mars_cryptosignai
1606293,16876,"Quick Scalping Trade 🟢
B2 USDT
Long 
Market Price 
Target 🎯 
0.5300
0.5400
0.5500

Sl
0.50000",e774c0465ec93a180b75037c7101f00f,2026-09-24T20:53:30+00:00,2026-09-24T22:26:47.862601+00:00,1239,mars_cryptosignai
1606292,16875,"🔴 Short

Pair: #ETC/USDT

📊 Entry Price: 

1) 9.60....144
4) 8.941

Stop Loss: 10.21

Leverage: 10x-20x",2ec8f6ce72c9ea91bf37a91afedee4c8,2026-09-24T20:53:30+00:00,2026-09-24T22:26:47.854760+00:00,1239,mars_cryptosignai
1606291,16873,"🔴 SHORT

#DASH/USDT

Entry zone : 63.11 - 61.28

T....27
55.42
53.58

Stop loss :65.5696

Leverage: 10x",1335750f2ee2cc00221afd3102f0b957,2026-09-24T20:53:30+00:00,2026-09-24T22:26:47.822633+00:00,1239,mars_cryptosignai
1606290,16874,"🔴 SHORT

#BAT/USDT

Entry : 

1) 0.091780
2) 0.094...5430

🛑 Stop : 0.097562

Leverage : 10x (isolated)",170d171f574ccdbe22d8dad6842b79ef,2026-09-24T20:53:30+00:00,2026-09-24T22:26:47.819418+00:00,1239,mars_cryptosignai
1606288,16871,"NIL/USDT 

Position: LONG

Leverage: 10X To 25X 

...ss: 0.117

High volatile token so use low margin 🤝",99ef145d34dd0a73f24fe92ed9cf3e57,2026-09-24T20:53:30+00:00,2026-09-24T22:26:47.642793+00:00,1239,mars_cryptosignai
1606287,16870,"#LSK  USDT — BUY (LONG) 
🎉
🟢 Leverage: Cross  25x
...️Stop Loss: 0.32000

🔽 Risk Management:

 REACTION",b39058ca0492b142618047fc9d748980,2026-09-24T20:53:30+00:00,2026-09-24T22:26:47.635780+00:00,1239,mars_cryptosignai
1606284,16867,"#BLESS/USDT 🔴 SHORT

📍 Entry Zone: 0.009732 – 0.01...: SHORT

⚠️ Manage your risk and trade responsibly",a4bdd66927ed5295ec16f030cc695a7d,2026-09-24T20:53:30+00:00,2026-09-24T22:26:47.458165+00:00,1239,mars_cryptosignai
1606283,16866,"✨KMNO/USDT

🎗 Trade Type = LONG 🟢

⭐️ Leverage :- ...[ 0.0371, 0.0375, 0.0378, 0.0382, 0.0386, 0.0391 ]",94bfa7516f6242ad15d57bdb93dbeeda,2026-09-24T20:53:30+00:00,2026-09-24T22:26:47.407970+00:00,1239,mars_cryptosignai
1606282,16865,"📊 Let’s SHORT #NIL/USDT

💥 Leverage:  Cross 20×  -...: 

1) 0.125
2) 0.119
3) 0.107

🔖 Stop Loss: 0.137",b297e7600482517a0a588c3787f14156,2026-09-24T20:53:30+00:00,2026-09-24T22:26:47.389285+00:00,1239,mars_cryptosignai
1606280,16863,"👑 #NIL/USDT — TRADE SHORT

LEVERAGE 25X TO 50X

✅ ...0

⛔️ STOP LOSS: 0.1360

⚡️ NO FEAR — JUST PROFITS",77f51c9abfec29170abcef2d221fbdf4,2026-09-24T20:53:29+00:00,2026-09-24T22:26:47.356893+00:00,1239,mars_cryptosignai
1606279,16862,"#FF/USDT LONG   

👉Leverage : Cross 10× To 30×

En...
1)  0.140
2)  0.147
3)  0.157

⭕Stop Loss : 0.131",848992c6deb232918bae27d5e048bb13,2026-09-24T20:53:29+00:00,2026-09-24T22:26:47.228862+00:00,1239,mars_cryptosignai
1606278,16861,"#NOM/USDT LONG   

👉Leverage : Cross 10× To 30×

E...00275
2)  0.00287
3)  0.00300

⭕Stop Loss : 0.0025",150a5665304c9e018c9ae4dac6c3e78b,2026-09-24T20:53:29+00:00,2026-09-24T22:26:47.170494+00:00,1239,mars_cryptosignai
1606277,16860,"#LSK/USDT

📈Signal: long Leverage: Cross 50X

⚡️En...even after TP1 is hit.

📣Trade Smart • Follow Risk",1454c1106ca7e44d52714fc9a62d30bb,2026-09-24T20:53:29+00:00,2026-09-24T22:26:47.138411+00:00,1239,mars_cryptosignai
1606276,16859,"🪙 Coin: #FF/USDT
🧭 Type: #LONG

📈 Entry Zone:
0.13... within the zone and maintain strict risk control.",185464d2e1ad0e97883855ec5eedf796,2026-09-24T20:53:29+00:00,2026-09-24T22:26:47.130545+00:00,1239,mars_cryptosignai
1606275,16858,"👑 #NOM/USDT — TRADE LONG

LEVERAGE 25X TO 50X

✅ E...
⛔️ STOP LOSS: 0.002590

⚡️ NO FEAR — JUST PROFITS",11d806c425662b70a91a6e3d2d6fc4a6,2026-09-24T20:53:29+00:00,2026-09-24T22:26:47.115110+00:00,1239,mars_cryptosignai
1606274,16857,"📈 LONG #NIL/USDT 

🚀 LEVERAGE : 50x

📊 ENTRY PRICE...2

TP🟢0.136

TP🟢0.142

STOPLOSS 🔴0.121

REACTIONS?",61898db92d6eb5602031e246a4e1b316,2026-09-24T20:53:29+00:00,2026-09-24T22:26:47.010769+00:00,1239,mars_cryptosignai
1606273,16856,"🚀 #FFUSDT LONG SIGNAL 🚀

⚡️ LEVERAGE 50X–75X
📌 ENT...h this move together!

🔓 Trade Smart • Trade Safe.",81d5753d8bfecfcea346c3d46684c604,2026-09-24T20:53:29+00:00,2026-09-24T22:26:46.968452+00:00,1239,mars_cryptosignai
1606272,16855,"⌛#LINK/USDT  ( LONG )

🍁 Leverage 👉 20X to 25X 

⛩...54 | 12.879 | 13.009 | 13.155

🔕 Stoploss = 12.028",fa3b0d56e441b194a834c4cd1e0fb676,2026-09-24T20:53:29+00:00,2026-09-24T22:26:46.908942+00:00,1239,mars_cryptosignai
1606269,16852,"📊 Let’s SHORT #ONE/USDT

💥 Leverage:  Cross 20×  -....00234
2) 0.00217
3) 0.00200

🔖 Stop Loss: 0.00253",db3e60f879e51920994e6cc51b0aac8f,2026-09-24T20:53:29+00:00,2026-09-24T22:26:46.747528+00:00,1239,mars_cryptosignai
1606268,16851,"🚀SHORT: $ONE/USDT🚀
LEVERAGE: 20X-50X

🤍 ENTRY PRIC...5- 0.0020
—————

❌ STOP LOSS: 0.002770❌

REACTIONS",5f859d0f760d23dde2f448c47a257526,2026-09-24T20:53:29+00:00,2026-09-24T22:26:46.717101+00:00,1239,mars_cryptosignai
1606267,16850,"#NIL/USDT

📈Signal: long Leverage: Cross 50X

⚡️En...even after TP1 is hit.

📣Trade Smart • Follow Risk",d0b76feba90b45c50882e9673e1da363,2026-09-24T20:53:29+00:00,2026-09-24T22:26:46.637477+00:00,1239,mars_cryptosignai
1606266,16849,"Coin #BTR/USDT

Position: LONG 

Leverage:  Cross ...rgets: 🎯 0.0551, 0.0579, 0.0620

Stop Loss: 0.0506",4bdfe969efe6645fd44d2cb092a9e29d,2026-09-24T20:53:29+00:00,2026-09-24T22:26:46.560874+00:00,1239,mars_cryptosignai
1606265,16848,"⚡️⚡️ #UNI/USDT ⚡️⚡️
Exchanges: Bingx 
Signal Type:...5) 9.92584
6) 10.06630
7) 🚀🚀🚀

Stop Targets:
5-10%",e8d453eef3805f27429664bf9443a0bc,2026-09-24T20:53:29+00:00,2026-09-24T22:26:46.546526+00:00,1239,mars_cryptosignai
1606264,16847,"⚡️⚡️ #FLOKI/USDT ⚡️⚡️
Exchanges: Bingx 
Signal Typ...
5) 0.00003
6) 0.00003
7) 🚀🚀🚀

Stop Targets:
5-10%",8af6fa318ab6318e039d979f10269598,2026-09-24T20:53:28+00:00,2026-09-24T22:26:46.515093+00:00,1239,mars_cryptosignai
1606263,16846,"⚡️⚡️ #FLOCK/USDT ⚡️⚡️
Exchanges: Bingx 
Signal Typ...
5) 0.07404
6) 0.07509
7) 🚀🚀🚀

Stop Targets:
5-10%",1841a87609efd2431eebf839077b1686,2026-09-24T20:53:28+00:00,2026-09-24T22:26:46.481264+00:00,1239,mars_cryptosignai
1606261,16844,"⚡️⚡️ #MUBARAK/USDT ⚡️⚡️
Exchanges: Bingx 
Signal T...
5) 0.05812
6) 0.05894
7) 🚀🚀🚀

Stop Targets:
5-10%",328434b8b0260175e7ff04d0ce3d9ab3,2026-09-24T20:53:28+00:00,2026-09-24T22:26:46.285973+00:00,1239,mars_cryptosignai
1606259,16842,"💵 𝐒𝐈𝐆𝐍𝐀𝐋 𝐀𝐋𝐄𝐑𝐓 💵

#BTW/USDT (25xLONG)

✅ ENTRY:1.0...9750

TARGETS:-1.05/1.10/1.20

❌ STOP LOSS: 0.8650",f8b556cec5a7675314b5ec775f876b81,2026-09-24T20:53:28+00:00,2026-09-24T22:26:46.272130+00:00,1239,mars_cryptosignai
1606258,16841,"📈 NIL/USDT 📈

🔴 SHORT SETUP

💰 Entry Zone: 0.132 –...et 1. 
✅ Move SL to breakeven after Target 1 hits.",5812ff4aaf0906b77dc74c5131cb5ab7,2026-09-24T20:53:28+00:00,2026-09-24T22:26:46.264962+00:00,1239,mars_cryptosignai
1608146,17052,"🎯 BTRUSDT POTENTIAL TRADE | Up to +20.55% Target

...ntries and full analysis by subscribing to VIP. DM",23ae9eceb6993fbbeba7fa0cb3cbf1a0,2026-09-24T20:55:44+00:00,2026-09-25T00:06:23.751843+00:00,1239,mars_cryptosignai
1608142,17043,"TRADE🪙: #XAI/USDT 

Signal Type📈: Regular (Long)
L...ANAGEMENT AND USE ONLY 10-20% OF CAPITAL PER TRADE",01449a44f6448461f49607b69784e0c5,2026-09-24T20:55:38+00:00,2026-09-25T00:06:23.472735+00:00,1239,mars_cryptosignai
1608140,17042,"TRADE🪙: #QNT/USDT 

Signal Type📈: Regular (Long)
L...ANAGEMENT AND USE ONLY 10-20% OF CAPITAL PER TRADE",8a4da5833344ab065f8b1cf7468ccc41,2026-09-24T20:55:38+00:00,2026-09-25T00:06:23.465202+00:00,1239,mars_cryptosignai
1608138,17041,"📉 SHORT #LSK 50x

📌 Entry: 0.43400

🎯 TP: 0.42200
...t Usage: 1-3%
⚠️ According to your risk management",511898d7172d9c9e2607c0e424179490,2026-09-24T20:55:31+00:00,2026-09-25T00:06:23.441727+00:00,1239,mars_cryptosignai
1620601,17101,"✅ Long

#ETC/USDT

Entry zone : 9.183 - 9.468

Tak....08
10.36
10.64

Stop loss :8.80524

Leverage: 10x",d1387721ec67bda6903b2a84ea7fd86f,2026-09-25T07:04:01+00:00,2026-09-25T08:55:01.568482+00:00,1239,mars_cryptosignai
1620593,17071,"⚡️$PLAY/USDT⚡️

LONG
Leverage: 10X - 20X 

Entry: ...get:

1)0.0410
2)0.0425
3)0.0450

Stoploss: 0.0360",3bfe7ca63c4aabfdf82213dc305ca390,2026-09-25T07:03:36+00:00,2026-09-25T08:55:01.286001+00:00,1239,mars_cryptosignai
1632843,17306,"⭐ JTO /USDT — LONG

💵 ENTRY:0.5400-0.5200

⚙️ LEVE...o

📌 Follow the setup and manage your risk wisely.",822f92ec82af015b552eec541fa34421,2026-09-25T14:35:01+00:00,2026-09-25T15:10:56.761942+00:00,1239,mars_cryptosignai
1632842,17305,"🔴 SHORT $ETH/USDT | Cross 50X

✅ Entry: 2714

🎯 TP: 2675 - 2625 -  2550

🛑 SL: 2805",b8980f7ede9ecc3f65908e8b27c5df9e,2026-09-25T14:35:01+00:00,2026-09-25T15:10:56.749576+00:00,1239,mars_cryptosignai
1632841,17304,"🔴 SHORT $HYPE/USDT | Cross 20X

✅ Entry: 94.20

🎯 TP: 92.50 - 91.15 -  89

🛑 SL: 98",80c10587d49fcf205c9ed1ed382a0c5a,2026-09-25T14:35:01+00:00,2026-09-25T15:10:56.679657+00:00,1239,mars_cryptosignai
1632838,17301,"AVA - LONG ( Swing trade ) 🟢

Entry : Market Price...ways keep the size under control and stay relaxed.",e08d3b68644b231733ee09a7494551ac,2026-09-25T14:34:45+00:00,2026-09-25T15:10:56.532843+00:00,1239,mars_cryptosignai
1632837,17300,"📊 Let’s LONG #PHA/USDT

💥 Leverage:  Cross 20×  - ...1) 0.0571
2) 0.0591
3) 0.0611

🔖 Stop Loss: 0.0523",387aeade61d6fcc501fe59d91e1f4477,2026-09-25T14:34:45+00:00,2026-09-25T15:10:56.520318+00:00,1239,mars_cryptosignai
1632835,17298,"⚡️⚡️#BILL/USDT⚡️⚡️

LONG
LEVERAGE 25X TO 50X

ENTR...435
TP2 → 0.01470
TP2 →0.01570

STOP LOSS: 0.01300",65075c7ccdb8d03b1a7e195aab1d7508,2026-09-25T14:34:45+00:00,2026-09-25T15:10:56.331626+00:00,1239,mars_cryptosignai
1632834,17297,"⚡️⚡️#SAGA/USDT⚡️⚡️

Position: LONG 
Leverage:  Cro...Targets: 0.0357, 0.0389, 0.0425

Stop Loss: 0.0307",e8f8b73a08dbbc1642a557a9be49b6e3,2026-09-25T14:34:45+00:00,2026-09-25T15:10:56.329594+00:00,1239,mars_cryptosignai
1632833,17296,"#LONG 🟢

#ONDO/USDT

Margin Mode : Isolated 💎

Sig...850

🟥 SL : 0.5088 - 100%   

📊 LEV : 20X

Premium",5ca3df8c0f81f068a1bd38ce211e8b48,2026-09-25T14:34:45+00:00,2026-09-25T15:10:56.302057+00:00,1239,mars_cryptosignai
1632831,17294,"New longs #BTC 25x lev at : $83,900 📈

Target : 86,000 

S/L : 82,000",b0bdb2c10a371e590e9f1285fbd947ac,2026-09-25T14:34:45+00:00,2026-09-25T15:10:56.124674+00:00,1239,mars_cryptosignai
1632830,17293,"⚡️⚡️#SAGA/USDT⚡️⚡️

Position: LONG 
Leverage:  Cro...Targets: 0.0357, 0.0389, 0.0425

Stop Loss: 0.0307",16792a4a12613293c4b754eb0b4dec7a,2026-09-25T14:34:45+00:00,2026-09-25T15:10:56.115617+00:00,1239,mars_cryptosignai
1632829,17292,"⚡️$FET/USDT⚡️

SHORT
Leverage: 20X

Entry: 0.2230
...get:

1)0.2180
2)0.2100
3)0.2000

Stoploss: 0.2340",ed176f6c0b4aceee23533487b89e4203,2026-09-25T14:34:45+00:00,2026-09-25T15:10:56.103119+00:00,1239,mars_cryptosignai
1632828,17291,"⭐ QNT /USDT — LONG

💵 ENTRY:101.40-98.00

⚙️ LEVER...o

📌 Follow the setup and manage your risk wisely.",823ad107bd9e90c65fe8c8e4388e3786,2026-09-25T14:34:44+00:00,2026-09-25T15:10:56.097794+00:00,1239,mars_cryptosignai
1632827,17290,"🪙#FLOCK/USDT

🚩POSITION — SHORT

🔒  LEVERAGE — 20X...0.06680
TP🥉: 0.06300

⛔️ SL: 0.07500

🔥REACTIONS?😜",88d727b30a7eda6dc0991bae99451f44,2026-09-25T14:34:37+00:00,2026-09-25T15:10:56.054339+00:00,1239,mars_cryptosignai
1632826,17289,"#FLOCK/USDT SHORT NOW 📉
🏠ENTRY: ( 0.07043 )",91242377b1beec90c8b2095ce203aeac,2026-09-25T14:34:37+00:00,2026-09-25T15:10:55.889789+00:00,1239,mars_cryptosignai
1632825,17288,"📉 SHORT #XPL/USDT 

🚀 LEVERAGE : 75x

📊 ENTRY PRIC...2

TP🟢0.109

TP🟢0.104

STOPLOSS 🔴0.121

REACTIONS?",107b0041310480fb3dad35e858713aeb,2026-09-25T14:34:37+00:00,2026-09-25T15:10:55.882987+00:00,1239,mars_cryptosignai
1632824,17287,"#AKE/USDT
🔴 Direction: SHORT 📉
🎯 Entry Zone: 0.034... management. High leverage can cause rapid losses.",969ed7eee5321fcc6a4063c6b4564212,2026-09-25T14:34:37+00:00,2026-09-25T15:10:55.831126+00:00,1239,mars_cryptosignai
1632823,17286,"⭐ PHA /USDT — LONG

💵 ENTRY:0.5700-0.5400

⚙️ LEVE...o

📌 Follow the setup and manage your risk wisely.",85498ce7de314c890ec404ae70d41527,2026-09-25T14:34:37+00:00,2026-09-25T15:10:55.820066+00:00,1239,mars_cryptosignai
1632822,17285,"⭐ XAI /USDT — LONG

💵 ENTRY:0.09030-0.08570

⚙️ LE...o

📌 Follow the setup and manage your risk wisely.",ea0cb50d9d3ed0b80f815b170be10622,2026-09-25T14:34:36+00:00,2026-09-25T15:10:55.802841+00:00,1239,mars_cryptosignai
1632821,17284,"📊 Let’s LONG #PHA/USDT

💥 Leverage:  Cross 20×  - ...1) 0.0571
2) 0.0591
3) 0.0611

🔖 Stop Loss: 0.0523",387aeade61d6fcc501fe59d91e1f4477,2026-09-25T14:34:36+00:00,2026-09-25T15:10:55.630920+00:00,1239,mars_cryptosignai
1632820,17283,"📈 LONG #QNT/USDT 

🚀 LEVERAGE : 75x

📊 ENTRY PRICE....6

TP🟢109.0

TP🟢114.0

STOPLOSS 🔴98.0

REACTIONS?",f9cf90989c21486ae00c349c982f40c0,2026-09-25T14:34:36+00:00,2026-09-25T15:10:55.627809+00:00,1239,mars_cryptosignai
1632819,17282,"⭐️#XAI/USDT  LONG 

🛡Leverage : Cross 25x50

‼️Ent...008488

Use only 3% - 5% amount of your portfolio🛍",bcab55e21ce2c99c966f1e9f0062194e,2026-09-25T14:34:36+00:00,2026-09-25T15:10:55.586199+00:00,1239,mars_cryptosignai
1632817,17280,"#QNT/USDT LONG   

👉Leverage : Cross 10× To 30×

E...e Profit

1)  105
2)  110
3)  118

⭕Stop Loss : 95",80945cff92e5ffbfd4503a8d39b977e0,2026-09-25T14:34:36+00:00,2026-09-25T15:10:55.562409+00:00,1239,mars_cryptosignai
1632816,17279,"🚨 #LSK/USDT | SHORT

⚡Leverage: Cross 20x

🎯Entry ... follow the signal and secure profits at targets.💎",14a255362156ceffe7fce14b680986e8,2026-09-25T14:34:36+00:00,2026-09-25T15:10:55.384130+00:00,1239,mars_cryptosignai
1632815,17278,"🚨 #SUPER/USDT | SHORT

⚡Leverage: Cross 20X

🎯Entr... follow the signal and secure profits at targets.💎",08247b5560d5c301835738e18ebf6d24,2026-09-25T14:34:36+00:00,2026-09-25T15:10:55.372037+00:00,1239,mars_cryptosignai
1632814,17277,"📈 QNT/USDT 📈

🟢 LONG SETUP

💰 Entry Zone: 102.00–9...et 1. 
✅ Move SL to breakeven after Target 1 hits.",a67e7ab95df3ae53a0e1c12be722ab68,2026-09-25T14:34:36+00:00,2026-09-25T15:10:55.354362+00:00,1239,mars_cryptosignai
1632813,17276,"🚨 #PHA/USDT | LONG

⚡Leverage: Cross 20x

🎯Entry T... follow the signal and secure profits at targets.💎",f9ef3ad5618289f8c1f3fad576bb55c5,2026-09-25T14:34:36+00:00,2026-09-25T15:10:55.261946+00:00,1239,mars_cryptosignai
1632812,17275,"📊#ONDO/USDT — LONG

⚡️ Leverage : 10X – 30X

💹Entr...Entry After TP1

⚖️ Follow Proper Risk Management.",94a772121a77c03cbbac1c8715fcd333,2026-09-25T14:34:36+00:00,2026-09-25T15:10:55.249985+00:00,1239,mars_cryptosignai
1632811,17274,"EDUUSDTUSDT  
Exchanges: BINGX 

🟢 Long
Leverage- ....05314000
6) 0.05372000
7) 🚀🚀🚀 

⛔️ SL:
0.04775000",e72aee4d638f0a4a2b57c5dec2e64800,2026-09-25T14:34:36+00:00,2026-09-25T15:10:55.131438+00:00,1239,mars_cryptosignai
1632810,17273,"✅ Long

Pair: #TRX/USDT

📊 Entry Price: 

1) 0.338...
4) 0.36143

Stop Loss: 0.31697

Leverage: 10x-20x",fd820493b29ba1bd97e588fa548dce98,2026-09-25T14:34:36+00:00,2026-09-25T15:10:55.112955+00:00,1239,mars_cryptosignai
1632809,17272,"⚡️⚡️ #CATI/USDT ⚡️⚡️
Exchanges: Bingx 
Signal Type...
5) 0.06493
6) 0.06584
7) 🚀🚀🚀

Stop Targets:
5-10%",8e2f04b42c8482bbf3f727da51b179be,2026-09-25T14:34:36+00:00,2026-09-25T15:10:55.097227+00:00,1239,mars_cryptosignai
1632808,17271,"⚡️⚡️ #ALLO/USDT ⚡️⚡️
Exchanges: Bingx 
Signal Type...
5) 0.30491
6) 0.30922
7) 🚀🚀🚀

Stop Targets:
5-10%",d64f225e4f91e1180fcc3e084914cf9b,2026-09-25T14:34:36+00:00,2026-09-25T15:10:55.018780+00:00,1239,mars_cryptosignai
1632807,17270,"⚡️⚡️ #BOME/USDT ⚡️⚡️
Exchanges: Bingx 
Signal Type...
5) 0.00109
6) 0.00111
7) 🚀🚀🚀

Stop Targets:
5-10%",bdaa1313c5c6e6b47b76b014392db10d,2026-09-25T14:34:36+00:00,2026-09-25T15:10:55.006909+00:00,1239,mars_cryptosignai
1632806,17269,"⚡️⚡️ #USELESS/USDT ⚡️⚡️
Exchanges: Bingx 
Signal T...
5) 0.30112
6) 0.30539
7) 🚀🚀🚀

Stop Targets:
5-10%",ec269bfd34d9030ac9e61b657c858c8c,2026-09-25T14:34:36+00:00,2026-09-25T15:10:54.886679+00:00,1239,mars_cryptosignai
1632805,17267,"SOLUSDTUSDT  
Exchanges: BINGX 

🟢 Short
Leverage-... 112.74
5) 109.22
6) 106.87
7) 🚀🚀🚀 

⛔️ SL:
124.49",2bcfe9ebb049b87d6247e78e7595e423,2026-09-25T14:34:36+00:00,2026-09-25T15:10:54.864667+00:00,1239,mars_cryptosignai
1632802,17265,"🚀 $MANA/USDT PERP 🚀

🟢 LONG

💰 Entry : 0.0895$ – 0...5X – 25X

⛔️ SL : 0.0810$

📌 Use Only 2-5% Capital",81e962c599468817c66894eab1244396,2026-09-25T14:34:35+00:00,2026-09-25T15:10:54.785877+00:00,1239,mars_cryptosignai
1632800,17263,"#POL - LONG 50X

Entry  0.1084
DCA 0.096

Targets 200% -300%-500% +++

SL= 0.08

Using 1% wallet",065eb39b752a5833e9950a5856625ff9,2026-09-25T14:34:35+00:00,2026-09-25T15:10:54.556855+00:00,1239,mars_cryptosignai
1632799,17261,"🐳 QNT/USDT #LONG🐳

✳️ ENTRY :- 93.50 - 90.00

💢 LE... 107.00

⛔️ STOP-LOSS :- 86.00

☝️ Margin Use 2–3%",28fea562b59fff6cfc1e709378839814,2026-09-25T14:34:35+00:00,2026-09-25T15:10:54.539629+00:00,1239,mars_cryptosignai
1632798,17262,"🔰 FET/USDT 🔰

🔴 SHORT 20X

🔳 ENTRY :- 0.2230

☑️ TARGET:- 0.2180 - 0.2100 - 0.2000

🔴 STOP :- 0.2340",0dcde56b7d47092154dd061241484cb9,2026-09-25T14:34:35+00:00,2026-09-25T15:10:54.538895+00:00,1239,mars_cryptosignai
1632797,17260,"🚀 #BEATUSDT LONG SIGNAL 🚀

⚡️ LEVERAGE 50X–75X
📌 E...h this move together!

🔓 Trade Smart • Trade Safe.",2136e472c8e770a9c72845fbf045361d,2026-09-25T14:34:35+00:00,2026-09-25T15:10:54.530424+00:00,1239,mars_cryptosignai
1632796,17259,"📊 ACE/USDT — LONG

📍 ENTRY: 0.19550

🎯 TARGET 1: 0...Manage your risk & trade responsibly.

🔥 LET’S GO!",bb4f1585058c3c9e759db04a5547bb7c,2026-09-25T14:34:35+00:00,2026-09-25T15:10:54.441919+00:00,1239,mars_cryptosignai
1632795,17258,"💵 𝐒𝐈𝐆𝐍𝐀𝐋 𝐀𝐋𝐄𝐑𝐓 💵

#MARSCOIN/USDT (25xSHORT)

✅ ENT...TARGETS:- 0.10660/0.098/0.094

❌ STOP LOSS: 0.1270",de54527e4a973bfdf85793d0b36e1bef,2026-09-25T14:34:35+00:00,2026-09-25T15:10:54.328649+00:00,1239,mars_cryptosignai
1632794,17257,"⚡️$FET/USDT⚡️

SHORT
Leverage: 20X

Entry: 0.2230
...get:

1)0.2180
2)0.2100
3)0.2000

Stoploss: 0.2340",ed176f6c0b4aceee23533487b89e4203,2026-09-25T14:34:35+00:00,2026-09-25T15:10:54.318006+00:00,1239,mars_cryptosignai
1632793,17256,"Coin #SAGA/USDT

Position: LONG 

Leverage:  Cross...rgets: 🎯 0.0357, 0.0389, 0.0425

Stop Loss: 0.0307",f046d85b7187511dda8449435fb116bb,2026-09-25T14:34:35+00:00,2026-09-25T15:10:54.291975+00:00,1239,mars_cryptosignai
1632792,17255,"Coin #H/USDT

Position: LONG 

Leverage:  Cross 10...rgets: 🎯 0.0680, 0.0715, 0.0760

Stop Loss: 0.0620",b33a7815bc479437be81f374474d4a5e,2026-09-25T14:34:35+00:00,2026-09-25T15:10:54.285866+00:00,1239,mars_cryptosignai
1632791,17254,"🪙 Coin: #PHA/USDT
🧭 Type: #LONG

📈 Entry Zone:
0.0... within the zone and maintain strict risk control.",aa5d33595f5cc794dd7f11c9c3dc1d97,2026-09-25T14:34:35+00:00,2026-09-25T15:10:54.207963+00:00,1239,mars_cryptosignai
1632790,17253,"🪙 Coin: #CROSS/USDT
🧭 Type: #LONG

📈 Entry Zone:
0... within the zone and maintain strict risk control.",ea8ba5b350880dd75e26155397e56eba,2026-09-25T14:34:35+00:00,2026-09-25T15:10:54.197382+00:00,1239,mars_cryptosignai
1632788,17251,"⚡ #ARK/USDT

📥 Short 

💹 Buy: 0.1853 - 0.1900

🧿 T...768 - 0.1750

🧨 StopLoss: 0.1940 

🔘 Leverage: 20x",b41dd609f9c59dddfb96975a73905e78,2026-09-25T14:34:35+00:00,2026-09-25T15:10:54.135623+00:00,1239,mars_cryptosignai
1632787,17250,"#LONG 🟢🔤🔤🔤🔤🔤

#ONDO/USDT

Margin Mode : Isolated 💎...0

🟥 SL : 0.5088 - 100%   

📊 LEV : 20X

🇯🇵Premium",e64236e252f71d77f47f1902c89f54ad,2026-09-25T14:34:35+00:00,2026-09-25T15:10:54.127666+00:00,1239,mars_cryptosignai
1632786,17249,"$AVA - LONG ( Swing trade ) 🟢

Entry : Market Pric...ways keep the size under control and stay relaxed.",720f34de7f9823fb93e58f49a1e0e0d1,2026-09-25T14:34:35+00:00,2026-09-25T15:10:54.048793+00:00,1239,mars_cryptosignai
1632785,17248,"📊#PHA/USDT–LONG–10x - 30x 🚀

📍 𝐄𝐧𝐭𝐫𝐲 𝐙𝐨𝐧𝐞:

➥ 0.05...tal.

⚠️ Disclaimer:
Trade at your own risk. DYOR.",f40560d1bc891fe5bcd262a38d4a5f17,2026-09-25T14:34:35+00:00,2026-09-25T15:10:54.045334+00:00,1239,mars_cryptosignai
1632784,17247,"👑 #BILL/USDT — TRADE LONG

LEVERAGE 25X TO 50X

✅ ...

⛔️ STOP LOSS: 0.01300

⚡️ NO FEAR — JUST PROFITS",d3b9b8954d72689f6062768ef624b53c,2026-09-25T14:34:35+00:00,2026-09-25T15:10:54.004710+00:00,1239,mars_cryptosignai
1632783,17246,"🌈PAIR:- #XPL /USDT
⚡️ Direction : LONG
🛠 Leverage:...nt Usage:- 1 - 2%
(According To your Risk Setting)",8ae5cdf51b424ef20a6f84e33892ee5d,2026-09-25T14:34:35+00:00,2026-09-25T15:10:53.986033+00:00,1239,mars_cryptosignai
1632782,17245,"$FET/USDT #LONG📩

✅ENTRY :-0.2230/0.2150

Target 1...𝐎𝐧𝐥𝐲 𝟏-𝟑% 𝐎𝐟 𝐎𝐮𝐫 𝐃𝐞𝐩𝐨𝐬𝐢𝐭 𝐅𝐨𝐫 𝐄𝐚𝐜𝐡 𝐓𝐫𝐚𝐝𝐞

React,??m",8719696ef9d45471450a543e079fad78,2026-09-25T14:34:35+00:00,2026-09-25T15:10:53.947812+00:00,1239,mars_cryptosignai
1632781,17244,"📍Coin : #XPL/USDT

🟢 LONG 

👉 Entry: 0.1177 - 0.11...t 5: 0.1235
🎯 Target 6: 0.1248

❌ StopLoss: 0.1130",56de69642c84a1a2407a3771140b45c5,2026-09-25T14:34:34+00:00,2026-09-25T15:10:53.860088+00:00,1239,mars_cryptosignai
1632779,17242,"#SAGA/USDT LONG   

👉Leverage : Cross 10× To 30×

...
1)  0.036
2)  0.039
3)  0.045

⭕Stop Loss : 0.031",13ba640dafbe9e6786c1d46df7cda596,2026-09-25T14:34:34+00:00,2026-09-25T15:10:53.841419+00:00,1239,mars_cryptosignai
1632778,17241,"FET/USDT 

Position: LONG

Leverage: 10X To 25X 

...
Targets:  : 0.228 - 0.24 - 0.26

Stop Loss: 0.208",da73ffc19544fc728bd242a7e6087f7e,2026-09-25T14:34:34+00:00,2026-09-25T15:10:53.806482+00:00,1239,mars_cryptosignai
1632666,17111,"📊 Let’s LONG #PHA/USDT

💥 Leverage:  Cross 20×  - ...1) 0.0571
2) 0.0591
3) 0.0611

🔖 Stop Loss: 0.0523",387aeade61d6fcc501fe59d91e1f4477,2026-09-25T14:30:15+00:00,2026-09-25T15:10:35.988762+00:00,1239,mars_cryptosignai
1632667,17110,"⚡️$FET/USDT⚡️

SHORT
Leverage: 20X

Entry: 0.2230
...get:

1)0.2180
2)0.2100
3)0.2000

Stoploss: 0.2340",ed176f6c0b4aceee23533487b89e4203,2026-09-25T14:30:14+00:00,2026-09-25T15:10:35.999279+00:00,1239,mars_cryptosignai
1632665,17109,"⚡️$XPL/USDT⚡️

LONG
Leverage: 25X

Entry: 0.113

Target:

1)0.117
2)0.122
3)0.130

Stoploss: 0.0985",30a72212a75a391164acf292a759bd29,2026-09-25T14:30:14+00:00,2026-09-25T15:10:35.986465+00:00,1239,mars_cryptosignai
1636394,17356,"🪙 $CRV/USDT

↗️ The price of #CRV may continue its...l then see a rise to the previous high of $0.4060.",cb1e669260427541cf7d08ac6ed18b41,2026-09-25T14:43:50+00:00,2026-09-25T17:14:23.878905+00:00,1239,mars_cryptosignai
1636393,17354,"⚡️⚡️XPL/USDT⚡️⚡️ 

Short
Leverage: 20X

Entry: $0.... 5  $0.1070
Target 6  $0.1060

Stop loss : 0.11924",e7a130879bff0beaf538012d2ce44545,2026-09-25T14:43:45+00:00,2026-09-25T17:14:23.733997+00:00,1239,mars_cryptosignai
1636388,17350,"#SHORT 🔴 

#ADA/USDT 

Margin Mode : Isolated💎

Si....2301

🟩 SL : 0.2634 - 100%

📊 LEV : 20X

 Premium",03eba3ed60f0cf66ac448b4964f273a6,2026-09-25T14:43:37+00:00,2026-09-25T17:14:23.473537+00:00,1239,mars_cryptosignai
1636384,17346,"LONG #XRP
MARKET ORDER

ENTRY 1.5541
TP 1.59
SL 1.5157

Use only 5–7% of your capital",f6a558d23e28f071b3fc951cda486f0b,2026-09-25T14:43:37+00:00,2026-09-25T17:14:23.214001+00:00,1239,mars_cryptosignai
1636382,17345,"TRADE🪙: #NEAR/USDT 

Signal Type📈: Regular (Long)
...ANAGEMENT AND USE ONLY 10-20% OF CAPITAL PER TRADE",f9c21546dab4c198ed10abb5911eed12,2026-09-25T14:43:37+00:00,2026-09-25T17:14:23.192681+00:00,1239,mars_cryptosignai
1636383,17344,"SOLUSDT

LONG LONG LONG 

OPEN MARKET PRICE 

TP 119.900
TP 120.200
TP 120.700

SL 114.400

LEV 50X",3833b62d9470d270e7e98576f90419b4,2026-09-25T14:41:00+00:00,2026-09-25T17:14:23.199568+00:00,1239,mars_cryptosignai
1636381,17343,"🚨 #OP/USDT | LONG

⚡Leverage: Cross 20X

🎯Entry Ta... follow the signal and secure profits at targets.💎",27a3d2fb8d270374fcafae750800a71e,2026-09-25T14:41:00+00:00,2026-09-25T17:14:23.062623+00:00,1239,mars_cryptosignai
1636380,17342,"🚨 #SOL/USDT | LONG

⚡Leverage: Cross 100X

🎯Entry ... follow the signal and secure profits at targets.💎",66522dcf1c16b2d7978c419b83a4e592,2026-09-25T14:41:00+00:00,2026-09-25T17:14:22.968754+00:00,1239,mars_cryptosignai
1636379,17341,"✅ Long

Pair: #XTZ/USDT

📊 Entry Price: 

1) 0.331...) 0.354072

Stop Loss: 0.310521

Leverage: 10x-20x",e55443048def1a4d792ce47c04f25c68,2026-09-25T14:41:00+00:00,2026-09-25T17:14:22.931099+00:00,1239,mars_cryptosignai
1636378,17340,"#SHORT 🔴 🔤🔤🔤🔤🔤

#ADA/USDT 

Margin Mode : Isolated...301

🟩 SL : 0.2634 - 100%

📊 LEV : 20X

🇯🇵 Premium",0648892a86bc0ed5e2063f382a9fe86a,2026-09-25T14:41:00+00:00,2026-09-25T17:14:22.924723+00:00,1239,mars_cryptosignai
1636377,17339,"ADA/USD SELL 

Entry : $ 0.25500

Target1: $ 0.250...et3: $ 0.22868
Target4: $ 0.21925 

SL : $ 0.26492",32e0352ce1b2251abd4e77ccb01ddffa,2026-09-25T14:41:00+00:00,2026-09-25T17:14:22.911177+00:00,1239,mars_cryptosignai
1636376,17338,"🔘 Coin : #HUMA/USDT 🔘

🟢 LONG

🔺Entry🔻: 0.029168

... 0.031061

♦️ StopLoss : 0.028125

🔱 Leverage: 25x",d950c6c2216f94cdacd1b00085c2d6ef,2026-09-25T14:41:00+00:00,2026-09-25T17:14:22.785946+00:00,1239,mars_cryptosignai
1636375,17337,"🔴 SHORT

#IOTA/USDT

Entry zone : 0.051778 - 0.050...5469
0.043953

Stop loss :0.0537889

Leverage: 10x",0abf12978a571fa1d2dbd4c2b086dc31,2026-09-25T14:41:00+00:00,2026-09-25T17:14:22.737265+00:00,1239,mars_cryptosignai
1636374,17336,"🔴 SHORT $TAO/USDT | Cross 50X

✅ Entry: MARKET PRICE 

🎯 TP: 250.03

🛑 SL: 320.79",0d23b79e79e9c5380df8f51fb517c302,2026-09-25T14:41:00+00:00,2026-09-25T17:14:22.671713+00:00,1239,mars_cryptosignai
1636372,17335,"🔴 SHORT $DOGE/USDT | Cross 50X

✅ Entry: MARKET PRICE 

🎯 TP: 0.08464

🛑 SL: 0.10096",52fc1427af5d0dea6d5aa25b2198809a,2026-09-25T14:41:00+00:00,2026-09-25T17:14:22.523964+00:00,1239,mars_cryptosignai
1636370,17332,"⚡️$PHA/USDT⚡️

LONG
Leverage: 20X

Entry: 0.070

Target:

1)0.073
2)0.077
3)0.082

Stoploss: 0.064",92c2c2367e913c0fd5eb871345fdfe3a,2026-09-25T14:41:00+00:00,2026-09-25T17:14:22.468955+00:00,1239,mars_cryptosignai
1636369,17331,"🔘 Coin : #DEEP/USDT 🔘

🔴 SHORT

🔺Entry🔻: 0.02221

... - 0.02086

♦️ StopLoss : 0.02305

🔱 Leverage: 25x",50c0cf7009c5239e4f70d1ff1f9f6056,2026-09-25T14:41:00+00:00,2026-09-25T17:14:22.277515+00:00,1239,mars_cryptosignai
1636368,17330,"🔰 PHA/USDT 🔰

🟢 LONG 20X

🔳 ENTRY :- 0.070

☑️ TARGET:- 0.073 - 0.077 - 0.082

🔴 STOP :- 0.064",4193219b37f77a2aa877493f2cb496a4,2026-09-25T14:41:00+00:00,2026-09-25T17:14:22.273072+00:00,1239,mars_cryptosignai
1636367,17329,"⚡️Pair: PHA/USDT
Type: LONG 🟢
💫Leverage:  (20X_100...078
2) 0.083
3) 0.090
4) 0.099

❌ STOP LOSS: 0.065",9035889630f6a8edb8416d049206d642,2026-09-25T14:40:59+00:00,2026-09-25T17:14:22.265447+00:00,1239,mars_cryptosignai
1636366,17328,"⭐️#DEEP/USDT  LONG 

🛡Leverage : Cross 25x50

‼️En....02040

Use only 3% - 5% amount of your portfolio🛍",ea1dc7453571a44e0bca5b57ccc3a631,2026-09-25T14:40:59+00:00,2026-09-25T17:14:22.247328+00:00,1239,mars_cryptosignai
1636364,17326,"EXCHANGE/BYBIT/BITUNIX📌 

SHORT/CHIP/USDT📈📈📈


ENT...gement 🏆


Use only 10% of your 📈Available balance",44caab824ed8ce020c15b45325dd9475,2026-09-25T14:40:59+00:00,2026-09-25T17:14:22.005451+00:00,1239,mars_cryptosignai
1636363,17325,"EXCHANGE/BYBIT/BITUNIX/OKX📌 


SHORT/WLD/USDT📈📈📈

...agement 🏆


Use only 5% of your 📈Available balance",dc610241e2257b9056b16c37385470ba,2026-09-25T14:40:59+00:00,2026-09-25T17:14:21.999954+00:00,1239,mars_cryptosignai
1636362,17323,"🔴 SHORT $ZEC/USDT | Cross 50X

✅ Entry: MARKET PRICE 

🎯 TP: 1432.10

🛑 SL: 1669.42",868d087075f4b8c843cd777740902390,2026-09-25T14:40:59+00:00,2026-09-25T17:14:21.997875+00:00,1239,mars_cryptosignai
1636361,17324,"SHORT/XRP/USDT📈📈📈


ENTRY:  (LIMIT ORDER)

ENTRY P...agement 🏆


Use only 5% of your 📈Available balance",acee6ee1bc92d6eb8398121502dcdc35,2026-09-25T14:40:59+00:00,2026-09-25T17:14:21.995727+00:00,1239,mars_cryptosignai
1636360,17322,"Use only 2% Funds

#BTC/USDT (SHORT)

Entry 1 = 84... Profit
T.P 3 = 1000% Profit 

🔴Stop loss at 87800",e46a1313df5a7d9663e6e8884674ba2f,2026-09-25T14:40:59+00:00,2026-09-25T17:14:21.976187+00:00,1239,mars_cryptosignai
1636359,17321,"⚡️Pair: #PHA/USDT
Type: LONG 🟢
💫Leverage:  (20X_10...78
2) 0.083
3) 0.090
4) 0.099

❌ STOP LOSS: 0.065❌",8a970243d6c45b338ce3180254ab10e8,2026-09-25T14:35:02+00:00,2026-09-25T17:14:21.786984+00:00,1239,mars_cryptosignai
1636358,17320,"TRADE🪙: #JTO/USDT 

Signal Type📈: Regular (Long)
L...ANAGEMENT AND USE ONLY 10-20% OF CAPITAL PER TRADE",168ea759cb876a73fc715838412cd8c1,2026-09-25T14:35:02+00:00,2026-09-25T17:14:21.659280+00:00,1239,mars_cryptosignai
1636357,17315,"🔴 SHORT $HYPE/USDT | Cross 20X

✅ Entry: 94.20

🎯 TP: 92.50 - 91.15 -  89

🛑 SL: 98",80c10587d49fcf205c9ed1ed382a0c5a,2026-09-25T14:35:02+00:00,2026-09-25T17:14:21.641473+00:00,1239,mars_cryptosignai
1636355,17316,"🔴 SHORT $ETH/USDT | Cross 50X

✅ Entry: 2730

🎯 TP: 2675 - 2625 -  2550

🛑 SL: 2805",e6ddd5c297dd4b3651c62e9e66cd7f81,2026-09-25T14:35:02+00:00,2026-09-25T17:14:21.638985+00:00,1239,mars_cryptosignai
1636354,17314,"⚡️$PHA/USDT⚡️

LONG
Leverage: 20X

Entry: 0.070

Target:

1)0.073
2)0.077
3)0.082

Stoploss: 0.064",92c2c2367e913c0fd5eb871345fdfe3a,2026-09-25T14:35:02+00:00,2026-09-25T17:14:21.626852+00:00,1239,mars_cryptosignai
1636353,17310,"🔴 SHORT

#XRP/USDT

Entry : 

1) 1.5853
2) 1.6328
...1.4756

🛑 Stop : 1.6851

Leverage : 10x (isolated)",0d205e54956f00da437bcd9dc675f820,2026-09-25T14:35:02+00:00,2026-09-25T17:14:21.265954+00:00,1239,mars_cryptosignai
1636352,17313,"⚡️$PHA/USDT⚡️

LONG
Leverage: 20X

Entry: 0.070

Target:

1)0.073
2)0.077
3)0.082

Stoploss: 0.064",92c2c2367e913c0fd5eb871345fdfe3a,2026-09-25T14:35:02+00:00,2026-09-25T17:14:21.263923+00:00,1239,mars_cryptosignai
1636351,17309,"🌈PAIR:- #PHA/USDT
⚡️ Direction : LONG
🛠 Leverage: ...nt Usage:- 1 - 2%
(According To your Risk Setting)",229c4be7e153f9f5734d7facb8ae620e,2026-09-25T14:35:02+00:00,2026-09-25T17:14:21.249810+00:00,1239,mars_cryptosignai
1636350,17308,"⭐ CHIP /USDT — LONG

💵 ENTRY:0.04880-0.04600

⚙️ L...o

📌 Follow the setup and manage your risk wisely.",0ec177099c0eac4c44c4bc1f36899b75,2026-09-25T14:35:02+00:00,2026-09-25T17:14:21.248897+00:00,1239,mars_cryptosignai
1636349,17307,"⭐ ENA /USDT — LONG

💵 ENTRY:0.23900-0.22700

⚙️ LE...o

📌 Follow the setup and manage your risk wisely.",8bd4ab27895cb38f6921a5172de14a04,2026-09-25T14:35:01+00:00,2026-09-25T17:14:21.243923+00:00,1239,mars_cryptosignai
1670746,17560,"🐳 JTO/USDT #LONG🐳

✳️ ENTRY :- 0.58 - 0.55

💢 LEVE...3 : 0.70

⛔️ STOP-LOSS :- 0.52

☝️ Margin Use 2–3%",6d934330b6bf0b589bf52d907d584004,2026-09-26T18:37:56+00:00,2026-09-26T19:18:33.816640+00:00,1239,mars_cryptosignai
1670745,17559,"🚀 #CCUSDT LONG SIGNAL 🚀

⚡️ LEVERAGE 50X–75X
📌 ENT...h this move together!

🔓 Trade Smart • Trade Safe.",5be16c8d13f775a3ac89d8d62e04b5b9,2026-09-26T18:37:56+00:00,2026-09-26T19:18:33.036620+00:00,1239,mars_cryptosignai
1670744,17557,"📊 #AERO/USDT

🟢 POSITION: LONG

💰 ENTRY RANGE
➤ 0....
➤ 0.790

━━━━━━━━━━━━━━━━━━

✅ Manage risk wisely",8bf277dbccccb25908e72e9f63a73bd4,2026-09-26T18:37:56+00:00,2026-09-26T19:18:32.964096+00:00,1239,mars_cryptosignai
1670743,17558,"$SENT/USDT #LONG📩

✅ENTRY :-0.02420/0.02340

Targe...𝐎𝐧𝐥𝐲 𝟏-𝟑% 𝐎𝐟 𝐎𝐮𝐫 𝐃𝐞𝐩𝐨𝐬𝐢𝐭 𝐅𝐨𝐫 𝐄𝐚𝐜𝐡 𝐓𝐫𝐚𝐝𝐞

React,??m",f2a0bd440916dd99298c7331152c1bbc,2026-09-26T18:37:56+00:00,2026-09-26T19:18:32.946690+00:00,1239,mars_cryptosignai
1670742,17555,"📊#ENA/USDT–LONG–10x - 30x 🚀

📍 𝐄𝐧𝐭𝐫𝐲 𝐙𝐨𝐧𝐞:

➥ 0.27...tal.

⚠️ Disclaimer:
Trade at your own risk. DYOR.",dd44169bc5b6ea7dd19e014d21730409,2026-09-26T18:37:56+00:00,2026-09-26T19:18:32.930778+00:00,1239,mars_cryptosignai
1670741,17556,"✅ Long

#XTZ/USDT

Entry zone : 0.313407 - 0.32310...53632
0.363277

Stop loss :0.300483

Leverage: 10x",32117acb5540ac336237820129479d10,2026-09-26T18:37:56+00:00,2026-09-26T19:18:32.929583+00:00,1239,mars_cryptosignai
1670740,17554,"⚡️⚡️ #TWT/USDT ⚡️⚡️
Exchanges: Bingx 
Signal Type:...
5) 0.62498
6) 0.63382
7) 🚀🚀🚀

Stop Targets:
5-10%",2030d0f8eb701dc7754e49ec0b1c8eb3,2026-09-26T18:37:56+00:00,2026-09-26T19:18:31.911594+00:00,1239,mars_cryptosignai
1670738,17552,"⚡️⚡️ #QTUM/USDT ⚡️⚡️
Exchanges: Bingx 
Signal Type...
5) 1.10081
6) 1.11639
7) 🚀🚀🚀

Stop Targets:
5-10%",7077333c9c7f579a5c50bba338e5fc19,2026-09-26T18:37:56+00:00,2026-09-26T19:18:31.874351+00:00,1239,mars_cryptosignai
1670737,17551,"⚡️⚡️ #XMR/USDT ⚡️⚡️
Exchanges: Bingx 
Signal Type:...593.25020
6) 601.64525
7) 🚀🚀🚀

Stop Targets:
5-10%",55a52f55f2dd4d7f78465434136de809,2026-09-26T18:37:56+00:00,2026-09-26T19:18:31.873198+00:00,1239,mars_cryptosignai
1670735,17549,"BTCUSDTUSDT  
Exchanges: BINGX 

🟢 Short
Leverage-...5
5) 72605.43
6) 66797.00
7) 🚀🚀🚀 

⛔️ SL:
87966.98",c18881f13adce21f12704e33a64a903c,2026-09-26T18:37:56+00:00,2026-09-26T19:18:31.385401+00:00,1239,mars_cryptosignai
1670734,17548,"#SPK /USDT

📈Signal: Long Leverage: Cross 20X

⚡️E...even after TP1 is hit.

📣Trade Smart • Follow Risk",70b2ba69039dd6db330bab23a30e2bb7,2026-09-26T18:37:56+00:00,2026-09-26T19:18:31.374179+00:00,1239,mars_cryptosignai
1670733,17547,"#POWERUSDT — BUY (LONG) 
🎉
🟢 Leverage: Cross  25x
...️Stop Loss: 0.1080

⬇️ Risk Management:

 REACTION",e571e22f4c34b591e9a8320166c0c3c2,2026-09-26T18:37:56+00:00,2026-09-26T19:18:31.362682+00:00,1239,mars_cryptosignai
1670732,17546,"📊#SKY/USDT — LONG

⚡️ Leverage : 10X – 30X

💹Entry...Entry After TP1

⚖️ Follow Proper Risk Management.",348210fd46c4bc79f4049bd9cc48a2e9,2026-09-26T18:37:55+00:00,2026-09-26T19:18:31.350283+00:00,1239,mars_cryptosignai
1670731,17545,"Long #PHA 50x 0.08730

Tp: 0.08900",80146bafd50b8371f7a1eee5dc83ef8b,2026-09-26T18:37:55+00:00,2026-09-26T19:18:31.348967+00:00,1239,mars_cryptosignai
1670730,17544,"↗️ LONG #PHA 50x

📌 Entry: 0.08500

🎯 TP: 0.08750
...t Usage: 1-3%
⚠️ According to your risk management",483f29931ef3b27d174d94720e6c8682,2026-09-26T18:37:55+00:00,2026-09-26T19:18:31.217210+00:00,1239,mars_cryptosignai
1670729,17543,"🔴 SHORT

#RLC/USDT

Entry : 

1) 0.3674
2) 0.3784
...0.3419

🛑 Stop : 0.3905

Leverage : 10x (isolated)",496c103a24f2d1d36bb895d44e1f08d1,2026-09-26T18:37:55+00:00,2026-09-26T19:18:31.210010+00:00,1239,mars_cryptosignai
1670715,17527,"Long #PHA 50x 0.08730

Tp: 0.08900",80146bafd50b8371f7a1eee5dc83ef8b,2026-09-26T18:36:04+00:00,2026-09-26T19:18:30.695450+00:00,1239,mars_cryptosignai
1670714,17526,"↗️ LONG #PHA 50x

📌 Entry: 0.08500

🎯 TP: 0.08750
...t Usage: 1-3%
⚠️ According to your risk management",483f29931ef3b27d174d94720e6c8682,2026-09-26T18:36:04+00:00,2026-09-26T19:18:30.692049+00:00,1239,mars_cryptosignai
1670711,17507,"🔴 SHORT

#RLC/USDT

Entry : 

1) 0.3674
2) 0.3784
...0.3419

🛑 Stop : 0.3905

Leverage : 10x (isolated)",496c103a24f2d1d36bb895d44e1f08d1,2026-09-26T18:35:55+00:00,2026-09-26T19:18:30.629179+00:00,1239,mars_cryptosignai
1670706,17483,"⌛#ONE/USDT  ( LONG )

🍁 Leverage 👉 20X to 25X 

⛩️...85 | 0.0025396 | 0.0025687

🔕 Stoploss = 0.0023523",096d2c3b7b569eacedd4d411f255b4ea,2026-09-26T18:35:52+00:00,2026-09-26T19:18:28.323483+00:00,1239,mars_cryptosignai
1670705,17482,"🌈PAIR:- #PHA/USDT
⚡️ Direction : LONG
🛠 Leverage: ...nt Usage:- 1 - 2%
(According To your Risk Setting)",ab99af2d79a0748ad898f11e3e9c4a91,2026-09-26T18:35:21+00:00,2026-09-26T19:18:27.430253+00:00,1239,mars_cryptosignai
1670704,17481,"SPKUSDTUSDT  
Exchanges: BINGX 

🟢 Long
Leverage- ...5.25
5) 3537.27
6) 3820.25
7) 🚀🚀🚀 

⛔️ SL:
2450.00",4bc26cc3a8c6760e1632a83f11de24d1,2026-09-26T18:35:21+00:00,2026-09-26T19:18:27.415236+00:00,1239,mars_cryptosignai
1670703,17480,"🔴 SHORT $WLD/USDT | Cross 50X

✅ Entry: MARKET PRICE 

🎯 TP: 0.4029

🛑 SL: 0.4802",6d1d6ce0ab19eba6017fdd3f314afa07,2026-09-26T18:35:21+00:00,2026-09-26T19:18:26.543647+00:00,1239,mars_cryptosignai
1670702,17479,"🔴 SHORT $SEI/USDT | Cross 50X

✅ Entry: MARKET PRICE 

🎯 TP: 0.05748

🛑 SL: 0.07343",b33302bbf566345b07be9d727f550df1,2026-09-26T18:35:21+00:00,2026-09-26T19:18:26.522081+00:00,1239,mars_cryptosignai
1670701,17478,"#SAGA/ USDT — BUY (SHORT) 
Leverage: Cross 25x – 5...T IS KEY
👉 Use ONLY 2 – 3% of your total portfolio",96a2823f8d392e4f9193c3e8a461fe89,2026-09-26T18:35:21+00:00,2026-09-26T19:18:26.506199+00:00,1239,mars_cryptosignai
1670700,17477,"💸 SHORT — LINK

Entry: 13.744

💸 Targets: 13.605 /...77

💸  Stop: 14.440

💸 Move SL to entry after TP1.",98198d174a92b8f675aac435346efa07,2026-09-26T18:35:21+00:00,2026-09-26T19:18:26.435491+00:00,1239,mars_cryptosignai
1670699,17476,"🟢 Long

#KAVA/USDT

Entry : 

1) 0.067400
2) 0.065...2011

🛑 Stop : 0.063153

Leverage : 10x (isolated)",f4b79f94869eddeda6b8b412d6ae0330,2026-09-26T18:35:20+00:00,2026-09-26T19:18:26.418899+00:00,1239,mars_cryptosignai
1670697,17474,"👑 #NIL/USDT — TRADE LONG

LEVERAGE 25X TO 50X

✅ E...0

⛔️ STOP LOSS: 0.1250

⚡️ NO FEAR — JUST PROFITS",fa594be3ed6c74cd1fbb0b74d5312cc0,2026-09-26T18:35:20+00:00,2026-09-26T19:18:25.806640+00:00,1239,mars_cryptosignai
1670696,17473,"⚡️ BTC/USDT ⚡️

🔻 SCALP LONG

💎 Leverage: 10x – 15...oss: $82800

⚠️ Trade with proper risk management.",e567f4a10d61841e9e0a4551032cc73b,2026-09-26T18:35:20+00:00,2026-09-26T19:18:25.770710+00:00,1239,mars_cryptosignai
1670695,17472,"🪙#HUMA/USDT

🚩POSITION — SHORT

🔒  LEVERAGE — 20X7...0.02590
TP🥉: 0.02450

⛔️ SL: 0.03000

🔥REACTIONS?😜",e2048b38850d498697efcee6f5562c56,2026-09-26T18:35:20+00:00,2026-09-26T19:18:25.740610+00:00,1239,mars_cryptosignai
1670694,17471,"#HUMA/USDT SHORT NOW 📉
🏠ENTRY: ( 0.02726 )",b0a448b2779d44ffc5f811fc6a99f8d0,2026-09-26T18:35:20+00:00,2026-09-26T19:18:25.718641+00:00,1239,mars_cryptosignai
1670693,17470,"🪙#MUBARAK/USDT

🚩POSITION — LONG

🔒  LEVERAGE — 20...0.05250
TP🥉: 0.05500

⛔️ SL: 0.04350

🔥REACTIONS?😜",6bef8166b9995f229cfec8f44dca4a8c,2026-09-26T18:35:20+00:00,2026-09-26T19:18:25.031997+00:00,1239,mars_cryptosignai
1670692,17468,"✨HYPE/USDT

🎗 Trade Type = SHORT 🔴

⭐️ Leverage :-...[ 91.020, 90.199, 89.224, 88.242, 87.305, 86.162 ]",9c21b1af769bafff84097cf1d6ee22ed,2026-09-26T18:35:20+00:00,2026-09-26T19:18:24.994267+00:00,1239,mars_cryptosignai
1670691,17469,"#MUBARAK/USDT LONG NOW 📉
🏠ENTRY: ( 0.04992 )",3788c22507d85dea6c5356e12761e125,2026-09-26T18:35:20+00:00,2026-09-26T19:18:24.992605+00:00,1239,mars_cryptosignai
1670690,17467,"#PHA USDT — BUY (LONG) 
🎉
🟢 Leverage: Cross  30x

...️Stop Loss: 0.06500

🔽 Risk Management:

 REACTION",cdc326046f12bdabd4ee0a4b706c5c9e,2026-09-26T18:35:20+00:00,2026-09-26T19:18:24.366015+00:00,1239,mars_cryptosignai
1670688,17464,"⭐️#PHA/USDT  LONG 

🛡Leverage : Cross 25x50

‼️Ent....06284

Use only 3% - 5% amount of your portfolio🛍",99bdb0b56fe98f0d59b0e674e06c96dd,2026-09-26T18:35:20+00:00,2026-09-26T19:18:24.221736+00:00,1239,mars_cryptosignai
1670687,17465,"✅ Long

#ETC/USDT

Entry zone : 9.127 - 9.410

Tak...0.01
10.29
10.58

Stop loss :8.7513

Leverage: 10x",cf12e59b9e5c37da858308777a85d453,2026-09-26T18:35:20+00:00,2026-09-26T19:18:24.220026+00:00,1239,mars_cryptosignai
1670686,17461,"🚀 #NEARUSDT LONG SIGNAL 🚀

⚡️ LEVERAGE 50X–75X
📌 E...h this move together!

🔓 Trade Smart • Trade Safe.",f97d6aa8c489df1f8496d9866af233c8,2026-09-26T18:35:20+00:00,2026-09-26T19:18:24.208361+00:00,1239,mars_cryptosignai
1670685,17462,"🚀 LONG: $PHA/USDT
LEVERAGE: 50x

✔️ENTRY PRICE: 0....7710-0.8089-0.8700

STOP LOSS:  0.7060

REACTIONS?",6263fc726cbc5984aa9e48a4bbee9a54,2026-09-26T18:35:20+00:00,2026-09-26T19:18:24.204627+00:00,1239,mars_cryptosignai
1670683,17460,#NEARUSDT LONG 5.135 TP1 5.250,60a4455fa51fe20e9919e1fb6c3b61da,2026-09-26T18:35:20+00:00,2026-09-26T19:18:14.233919+00:00,1239,mars_cryptosignai
1670682,17459,"SOLUSDT

LONG LONG LONG 

OPEN MARKET PRICE 

TP 119.900
TP 120.200
TP 120.700

SL 114.400

LEV 50X",3833b62d9470d270e7e98576f90419b4,2026-09-26T18:35:20+00:00,2026-09-26T19:18:14.216541+00:00,1239,mars_cryptosignai
1670681,17458,"🚨 #OP/USDT | LONG

⚡Leverage: Cross 20X

🎯Entry Ta... follow the signal and secure profits at targets.💎",27a3d2fb8d270374fcafae750800a71e,2026-09-26T18:35:20+00:00,2026-09-26T19:18:14.176778+00:00,1239,mars_cryptosignai
1670680,17457,"🚨 #SOL/USDT | LONG

⚡Leverage: Cross 100X

🎯Entry ... follow the signal and secure profits at targets.💎",66522dcf1c16b2d7978c419b83a4e592,2026-09-26T18:35:19+00:00,2026-09-26T19:18:14.108713+00:00,1239,mars_cryptosignai
1670679,17456,"✅ Long

Pair: #XTZ/USDT

📊 Entry Price: 

1) 0.331...) 0.354072

Stop Loss: 0.310521

Leverage: 10x-20x",e55443048def1a4d792ce47c04f25c68,2026-09-26T18:35:19+00:00,2026-09-26T19:18:14.090268+00:00,1239,mars_cryptosignai
1670678,17455,"#SHORT 🔴 🔤🔤🔤🔤🔤

#ADA/USDT 

Margin Mode : Isolated...301

🟩 SL : 0.2634 - 100%

📊 LEV : 20X

🇯🇵 Premium",0648892a86bc0ed5e2063f382a9fe86a,2026-09-26T18:35:19+00:00,2026-09-26T19:18:13.489927+00:00,1239,mars_cryptosignai
1670677,17454,"ADA/USD SELL 

Entry : $ 0.25500

Target1: $ 0.250...et3: $ 0.22868
Target4: $ 0.21925 

SL : $ 0.26492",32e0352ce1b2251abd4e77ccb01ddffa,2026-09-26T18:35:19+00:00,2026-09-26T19:18:13.471454+00:00,1239,mars_cryptosignai
1670676,17453,"🔘 Coin : #HUMA/USDT 🔘

🟢 LONG

🔺Entry🔻: 0.029168

... 0.031061

♦️ StopLoss : 0.028125

🔱 Leverage: 25x",d950c6c2216f94cdacd1b00085c2d6ef,2026-09-26T18:35:19+00:00,2026-09-26T19:18:13.393069+00:00,1239,mars_cryptosignai
1670675,17452,"🔴 SHORT

#IOTA/USDT

Entry zone : 0.051778 - 0.050...5469
0.043953

Stop loss :0.0537889

Leverage: 10x",0abf12978a571fa1d2dbd4c2b086dc31,2026-09-26T18:35:19+00:00,2026-09-26T19:18:13.360074+00:00,1239,mars_cryptosignai
1670674,17451,"🔴 SHORT $TAO/USDT | Cross 50X

✅ Entry: MARKET PRICE 

🎯 TP: 250.03

🛑 SL: 320.79",0d23b79e79e9c5380df8f51fb517c302,2026-09-26T18:35:19+00:00,2026-09-26T19:18:12.754858+00:00,1239,mars_cryptosignai
1670673,17450,"🔴 SHORT $DOGE/USDT | Cross 50X

✅ Entry: MARKET PRICE 

🎯 TP: 0.08464

🛑 SL: 0.10096",52fc1427af5d0dea6d5aa25b2198809a,2026-09-26T18:35:19+00:00,2026-09-26T19:18:12.678889+00:00,1239,mars_cryptosignai
1670671,17447,"⚡️$PHA/USDT⚡️

LONG
Leverage: 20X

Entry: 0.070

Target:

1)0.073
2)0.077
3)0.082

Stoploss: 0.064",92c2c2367e913c0fd5eb871345fdfe3a,2026-09-26T18:35:19+00:00,2026-09-26T19:18:12.049751+00:00,1239,mars_cryptosignai
1670669,17446,"🔘 Coin : #DEEP/USDT 🔘

🔴 SHORT

🔺Entry🔻: 0.02221

... - 0.02086

♦️ StopLoss : 0.02305

🔱 Leverage: 25x",50c0cf7009c5239e4f70d1ff1f9f6056,2026-09-26T18:35:19+00:00,2026-09-26T19:18:12.040595+00:00,1239,mars_cryptosignai
1670668,17445,"🔰 PHA/USDT 🔰

🟢 LONG 20X

🔳 ENTRY :- 0.070

☑️ TARGET:- 0.073 - 0.077 - 0.082

🔴 STOP :- 0.064",4193219b37f77a2aa877493f2cb496a4,2026-09-26T18:35:19+00:00,2026-09-26T19:18:11.954139+00:00,1239,mars_cryptosignai
1670667,17444,"⚡️Pair: PHA/USDT
Type: LONG 🟢
💫Leverage:  (20X_100...078
2) 0.083
3) 0.090
4) 0.099

❌ STOP LOSS: 0.065",9035889630f6a8edb8416d049206d642,2026-09-26T18:35:19+00:00,2026-09-26T19:18:11.399475+00:00,1239,mars_cryptosignai
1670666,17443,"⭐️#DEEP/USDT  LONG 

🛡Leverage : Cross 25x50

‼️En....02040

Use only 3% - 5% amount of your portfolio🛍",ea1dc7453571a44e0bca5b57ccc3a631,2026-09-26T18:35:19+00:00,2026-09-26T19:18:11.331573+00:00,1239,mars_cryptosignai
1670664,17441,"EXCHANGE/BYBIT/BITUNIX📌 

SHORT/CHIP/USDT📈📈📈


ENT...gement 🏆


Use only 10% of your 📈Available balance",44caab824ed8ce020c15b45325dd9475,2026-09-26T18:35:19+00:00,2026-09-26T19:18:11.296294+00:00,1239,mars_cryptosignai
1670663,17440,"EXCHANGE/BYBIT/BITUNIX/OKX📌 


SHORT/WLD/USDT📈📈📈

...agement 🏆


Use only 5% of your 📈Available balance",dc610241e2257b9056b16c37385470ba,2026-09-26T18:35:19+00:00,2026-09-26T19:18:11.280329+00:00,1239,mars_cryptosignai
1670662,17439,"SHORT/XRP/USDT📈📈📈


ENTRY:  (LIMIT ORDER)

ENTRY P...agement 🏆


Use only 5% of your 📈Available balance",acee6ee1bc92d6eb8398121502dcdc35,2026-09-26T18:35:19+00:00,2026-09-26T19:18:10.728774+00:00,1239,mars_cryptosignai
1670661,17438,"🔴 SHORT $ZEC/USDT | Cross 50X

✅ Entry: MARKET PRICE 

🎯 TP: 1432.10

🛑 SL: 1669.42",868d087075f4b8c843cd777740902390,2026-09-26T18:35:18+00:00,2026-09-26T19:18:10.628872+00:00,1239,mars_cryptosignai
1670660,17437,"Use only 2% Funds

#BTC/USDT (SHORT)

Entry 1 = 84... Profit
T.P 3 = 1000% Profit 

🔴Stop loss at 87800",e46a1313df5a7d9663e6e8884674ba2f,2026-09-26T18:35:18+00:00,2026-09-26T19:18:10.609417+00:00,1239,mars_cryptosignai
1670659,17436,"🔴 SHORT

#XRP/USDT

Entry : 

1) 1.5853
2) 1.6328
...1.4756

🛑 Stop : 1.6851

Leverage : 10x (isolated)",0d205e54956f00da437bcd9dc675f820,2026-09-26T18:35:18+00:00,2026-09-26T19:18:10.597657+00:00,1239,mars_cryptosignai
1670658,17435,"🌈PAIR:- #PHA/USDT
⚡️ Direction : LONG
🛠 Leverage: ...nt Usage:- 1 - 2%
(According To your Risk Setting)",229c4be7e153f9f5734d7facb8ae620e,2026-09-26T18:35:18+00:00,2026-09-26T19:18:09.981484+00:00,1239,mars_cryptosignai
1670657,17434,"⭐ CHIP /USDT — LONG

💵 ENTRY:0.04880-0.04600

⚙️ L...o

📌 Follow the setup and manage your risk wisely.",0ec177099c0eac4c44c4bc1f36899b75,2026-09-26T18:35:18+00:00,2026-09-26T19:18:09.961199+00:00,1239,mars_cryptosignai
1670656,17433,"⭐ ENA /USDT — LONG

💵 ENTRY:0.23900-0.22700

⚙️ LE...o

📌 Follow the setup and manage your risk wisely.",8bd4ab27895cb38f6921a5172de14a04,2026-09-26T18:35:18+00:00,2026-09-26T19:18:09.876761+00:00,1239,mars_cryptosignai
1670655,17432,"⭐ JTO /USDT — LONG

💵 ENTRY:0.5400-0.5200

⚙️ LEVE...o

📌 Follow the setup and manage your risk wisely.",822f92ec82af015b552eec541fa34421,2026-09-26T18:35:18+00:00,2026-09-26T19:18:09.859127+00:00,1239,mars_cryptosignai
1670654,17431,"🔴 SHORT $ETH/USDT | Cross 50X

✅ Entry: 2714

🎯 TP: 2675 - 2625 -  2550

🛑 SL: 2805",b8980f7ede9ecc3f65908e8b27c5df9e,2026-09-26T18:35:18+00:00,2026-09-26T19:18:09.328460+00:00,1239,mars_cryptosignai
1670653,17430,"🔴 SHORT $HYPE/USDT | Cross 20X

✅ Entry: 94.20

🎯 TP: 92.50 - 91.15 -  89

🛑 SL: 98",80c10587d49fcf205c9ed1ed382a0c5a,2026-09-26T18:35:18+00:00,2026-09-26T19:18:09.307947+00:00,1239,mars_cryptosignai
1670652,17429,"🔴 SHORT

#ETH/USDT

Entry zone : 2818.88 - 2736.78...75.41
2392.90

Stop loss :2928.3546

Leverage: 10x",dbefba58b3e9602419507d73c43e2eab,2026-09-26T18:35:18+00:00,2026-09-26T19:18:09.299916+00:00,1239,mars_cryptosignai
1670651,17428,"⭐️#JTO/USDT  LONG 

🛡Leverage : Cross 25x50

‼️Ent...0.5273

Use only 3% - 5% amount of your portfolio🛍",97390598d771e39c2fa052e999278c75,2026-09-26T18:35:18+00:00,2026-09-26T19:18:09.205671+00:00,1239,mars_cryptosignai
1670649,17426,"⭐️#ARK/USDT  LONG 

🛡Leverage : Cross 25x50

‼️Ent...0.2206

Use only 3% - 5% amount of your portfolio🛍",bc7bcf33a9b20bb07d7f75ed82a3af15,2026-09-26T18:35:18+00:00,2026-09-26T19:18:09.147786+00:00,1239,mars_cryptosignai
1670647,17424,"↗️ LONG #ETH 200x

📌 Entry: 2.730

🎯 TP1: 2,743
💵 ...t Usage: 1-3%
⚠️ According to your risk management",0047e98b3b89f039b1be4511199d8088,2026-09-26T18:35:18+00:00,2026-09-26T19:18:08.611731+00:00,1239,mars_cryptosignai
1670646,17423,"💫 Pair: UNI/USDT  💫

🔼 Direction: Long 🔼

✅ Levera...📈 Take Profit: 10.05 📈

⚠️ Stop Loss: 8.700 ⚠️

📈📈",cd8bf2eaefad93c1103354ef3c4ccd88,2026-09-26T18:35:18+00:00,2026-09-26T19:18:08.513048+00:00,1239,mars_cryptosignai
1670645,17422,"CHIP/USDT  LONG 

Leverage : Cross 25x50

Entry : ...0.04780

Use only 3% - 5% amount of your portfolio",8d75ed298e67b56fec93fb59c10aa97c,2026-09-26T18:35:18+00:00,2026-09-26T19:18:08.499380+00:00,1239,mars_cryptosignai
1670644,17421,"#JTO         /USDT (SHORT) 🔽🔽

⌛LEVERAGE : 20X TO ...6


💥Use only 1%margin of your total portfolio❤️😘😇",6f88911a211699a1772b6815ed32c2b7,2026-09-26T18:35:18+00:00,2026-09-26T19:18:07.942729+00:00,1239,mars_cryptosignai
1670641,17417,"#XAI/ USDT — BUY (SHORT) 
Leverage: Cross 25x – 50...T IS KEY
👉 Use ONLY 2 – 3% of your total portfolio",04d954934104af0367bd6641bba9edb2,2026-09-26T18:35:17+00:00,2026-09-26T19:18:07.105270+00:00,1239,mars_cryptosignai
1670640,17418,"↗️ LONG #SAGA 50x

📌 Entry: 0.3930

🎯 TP1: 0.4050
...t Usage: 1-3%
⚠️ According to your risk management",e1c77d2ed249c3510774c3d8fc61db7f,2026-09-26T18:35:17+00:00,2026-09-26T19:18:07.089218+00:00,1239,mars_cryptosignai
1670638,17415,"Use only 2% Funds

#ADA/USDT (SHORT)

Entry 1 = 0....Profit
T.P 3 = 1000% Profit 

🔴Stop loss at 0.2720",17e8387261484c36f828ea138d4cd0d1,2026-09-26T18:35:17+00:00,2026-09-26T19:18:07.022532+00:00,1239,mars_cryptosignai
1670637,17414,"🔴 Short

Pair: #LINK/USDT

📊 Entry Price: 

1) 14....06
4) 13.109

Stop Loss: 14.971

Leverage: 10x-20x",027d53297bbd95cfe983861a801588ae,2026-09-26T18:35:17+00:00,2026-09-26T19:18:06.995635+00:00,1239,mars_cryptosignai
1670636,17413,"#TAKE/USDT SHORT   

👉Leverage : Cross 10× To 30×
... 0.0576
2)  0.0554
3)  0.0518

⭕Stop Loss : 0.0628",db7b89dddf49fc2fbdcb11bcec631c6e,2026-09-26T18:35:17+00:00,2026-09-26T19:18:06.355841+00:00,1239,mars_cryptosignai
1670634,17411,"⌛#ONE/USDT  ( LONG )

🍁 Leverage 👉 20X to 25X 

⛩️...85 | 0.0025396 | 0.0025687

🔕 Stoploss = 0.0023523",096d2c3b7b569eacedd4d411f255b4ea,2026-09-26T18:35:17+00:00,2026-09-26T19:18:06.316701+00:00,1239,mars_cryptosignai
1670629,17405,"Opening a $ENA SHORT position🔽

🟢Entry: At market
...anagement, using no more than 1-2% of the deposit!",2800d6808b2ad7ddb0e44fbcd69841db,2026-09-26T18:34:08+00:00,2026-09-26T19:18:05.483014+00:00,1239,mars_cryptosignai
1670621,17396,"🌈PAIR:- #PHA/USDT
⚡️ Direction : LONG
🛠 Leverage: ...nt Usage:- 1 - 2%
(According To your Risk Setting)",ab99af2d79a0748ad898f11e3e9c4a91,2026-09-26T18:33:55+00:00,2026-09-26T19:18:04.018227+00:00,1239,mars_cryptosignai
1670620,17395,"SPKUSDTUSDT  
Exchanges: BINGX 

🟢 Long
Leverage- ...5.25
5) 3537.27
6) 3820.25
7) 🚀🚀🚀 

⛔️ SL:
2450.00",4bc26cc3a8c6760e1632a83f11de24d1,2026-09-26T18:33:55+00:00,2026-09-26T19:18:03.938921+00:00,1239,mars_cryptosignai
1670619,17394,"🔴 SHORT $WLD/USDT | Cross 50X

✅ Entry: MARKET PRICE 

🎯 TP: 0.4029

🛑 SL: 0.4802",6d1d6ce0ab19eba6017fdd3f314afa07,2026-09-26T18:33:55+00:00,2026-09-26T19:18:03.361568+00:00,1239,mars_cryptosignai
1670618,17393,"🔴 SHORT $SEI/USDT | Cross 50X

✅ Entry: MARKET PRICE 

🎯 TP: 0.05748

🛑 SL: 0.07343",b33302bbf566345b07be9d727f550df1,2026-09-26T18:33:55+00:00,2026-09-26T19:18:03.352042+00:00,1239,mars_cryptosignai
1670617,17392,"#SAGA/ USDT — BUY (SHORT) 
Leverage: Cross 25x – 5...T IS KEY
👉 Use ONLY 2 – 3% of your total portfolio",96a2823f8d392e4f9193c3e8a461fe89,2026-09-26T18:33:55+00:00,2026-09-26T19:18:03.321160+00:00,1239,mars_cryptosignai
1670616,17391,"💸 SHORT — LINK

Entry: 13.744

💸 Targets: 13.605 /...77

💸  Stop: 14.440

💸 Move SL to entry after TP1.",98198d174a92b8f675aac435346efa07,2026-09-26T18:33:55+00:00,2026-09-26T19:18:03.310635+00:00,1239,mars_cryptosignai
1670604,17377,"🟢 Long

#KAVA/USDT

Entry : 

1) 0.067400
2) 0.065...2011

🛑 Stop : 0.063153

Leverage : 10x (isolated)",f4b79f94869eddeda6b8b412d6ae0330,2026-09-26T18:33:16+00:00,2026-09-26T19:18:01.065528+00:00,1239,mars_cryptosignai
1670602,17374,"⚡️ BTC/USDT ⚡️

🔻 SCALP LONG

💎 Leverage: 10x – 15...oss: $82800

⚠️ Trade with proper risk management.",e567f4a10d61841e9e0a4551032cc73b,2026-09-26T18:33:16+00:00,2026-09-26T19:18:01.018029+00:00,1239,mars_cryptosignai
1670601,17375,"👑 #NIL/USDT — TRADE LONG

LEVERAGE 25X TO 50X

✅ E...0

⛔️ STOP LOSS: 0.1250

⚡️ NO FEAR — JUST PROFITS",fa594be3ed6c74cd1fbb0b74d5312cc0,2026-09-26T18:33:16+00:00,2026-09-26T19:18:01.015151+00:00,1239,mars_cryptosignai
1670600,17373,"🪙#HUMA/USDT

🚩POSITION — SHORT

🔒  LEVERAGE — 20X7...0.02590
TP🥉: 0.02450

⛔️ SL: 0.03000

🔥REACTIONS?😜",e2048b38850d498697efcee6f5562c56,2026-09-26T18:33:16+00:00,2026-09-26T19:18:00.428111+00:00,1239,mars_cryptosignai
1670599,17372,"#HUMA/USDT SHORT NOW 📉
🏠ENTRY: ( 0.02726 )",b0a448b2779d44ffc5f811fc6a99f8d0,2026-09-26T18:33:16+00:00,2026-09-26T19:18:00.307495+00:00,1239,mars_cryptosignai
1670598,17371,"🪙#MUBARAK/USDT

🚩POSITION — LONG

🔒  LEVERAGE — 20...0.05250
TP🥉: 0.05500

⛔️ SL: 0.04350

🔥REACTIONS?😜",6bef8166b9995f229cfec8f44dca4a8c,2026-09-26T18:33:16+00:00,2026-09-26T19:17:59.541730+00:00,1239,mars_cryptosignai
1670597,17370,"#MUBARAK/USDT LONG NOW 📉
🏠ENTRY: ( 0.04992 )",3788c22507d85dea6c5356e12761e125,2026-09-26T18:33:16+00:00,2026-09-26T19:17:59.531476+00:00,1239,mars_cryptosignai
1670596,17369,"✨HYPE/USDT

🎗 Trade Type = SHORT 🔴

⭐️ Leverage :-...[ 91.020, 90.199, 89.224, 88.242, 87.305, 86.162 ]",9c21b1af769bafff84097cf1d6ee22ed,2026-09-26T18:33:16+00:00,2026-09-26T19:17:59.525183+00:00,1239,mars_cryptosignai
1670595,17368,"#PHA USDT — BUY (LONG) 
🎉
🟢 Leverage: Cross  30x

...️Stop Loss: 0.06500

🔽 Risk Management:

 REACTION",cdc326046f12bdabd4ee0a4b706c5c9e,2026-09-26T18:33:15+00:00,2026-09-26T19:17:59.518197+00:00,1239,mars_cryptosignai
1670593,17365,"⭐️#PHA/USDT  LONG 

🛡Leverage : Cross 25x50

‼️Ent....06284

Use only 3% - 5% amount of your portfolio🛍",99bdb0b56fe98f0d59b0e674e06c96dd,2026-09-26T18:33:15+00:00,2026-09-26T19:17:58.681078+00:00,1239,mars_cryptosignai
1670592,17366,"✅ Long

#ETC/USDT

Entry zone : 9.127 - 9.410

Tak...0.01
10.29
10.58

Stop loss :8.7513

Leverage: 10x",cf12e59b9e5c37da858308777a85d453,2026-09-26T18:33:15+00:00,2026-09-26T19:17:58.677015+00:00,1239,mars_cryptosignai
1670589,17361,"🚀 LONG: $PHA/USDT
LEVERAGE: 50x

✔️ENTRY PRICE: 0....7710-0.8089-0.8700

STOP LOSS:  0.7060

REACTIONS?",6263fc726cbc5984aa9e48a4bbee9a54,2026-09-26T18:33:15+00:00,2026-09-26T19:17:58.646563+00:00,1239,mars_cryptosignai
1672393,17757,"SHORT $ZEC

💰 Entry: $1,530 – $1,580
🛑 SL: $1,590
TP: 1,500- 1,450
#ZEC #CRYPTO",754744c4e87be243a7d54b79857fb6a4,2026-09-26T18:40:02+00:00,2026-09-26T21:21:49.175810+00:00,1239,mars_cryptosignai
1672392,17756,"SHORT $BTC

💰 Entry: $83,900 – $84,800
🛑 SL: $85,000
TP: 83,200- 82,400
#CRYPTO #BTC",542e3ede8fec904191715b40d9af2c84,2026-09-26T18:40:02+00:00,2026-09-26T21:21:49.135708+00:00,1239,mars_cryptosignai
1672391,17755,"SHORT $ETH

💰 Entry: $2,686 – $2,720
🛑 SL: $2,738
TP: 2,650- 2,620
#ETH #CRYPTO",19dfea94c8cf159018984c669e17c42a,2026-09-26T18:40:02+00:00,2026-09-26T21:21:49.075063+00:00,1239,mars_cryptosignai
1672390,17754,"LONG $DOT

💰 Entry: $1.220 – $1.230
🛑 SL: $1.205
TP: 1.240- 1.255- 1.270
#CRYPTO #DOT",3732007162c4bb2eba536a078963ecdd,2026-09-26T18:40:02+00:00,2026-09-26T21:21:49.062659+00:00,1239,mars_cryptosignai
1672388,17752,"SHORT $SOL

💰 Entry: $120.50 – $122.00
🛑 SL: $124.60
TP: 119.00- 118.00- 116.50
#CRYPTO #SOL",74ce9cffdff3629a1e1f3fd09f12cb63,2026-09-26T18:40:02+00:00,2026-09-26T21:21:49.008011+00:00,1239,mars_cryptosignai
1672387,17751,"LONG $LINK

💰 Entry: $13.80 – $14.20
🛑 SL: $12.70
TP: 14.60- 15.00- 16.00
#LINK #CRYPTO",a36d7f42d9576c957d551039c00c6a56,2026-09-26T18:40:02+00:00,2026-09-26T21:21:48.927168+00:00,1239,mars_cryptosignai
1672386,17750,"⚡️$SENT/USDT⚡️

LONG
Leverage: 25X

Entry: 0.0244
...get:

1)0.0248
2)0.0255
3)0.0265

Stoploss: 0.0230",c0970f4d82ed6c9634a351feda7c5bfe,2026-09-26T18:40:02+00:00,2026-09-26T21:21:47.552316+00:00,1239,mars_cryptosignai
1672385,17749,"⚡️$BTW/USDT⚡️

SHORT
Leverage: 20X

Entry: 0.9320 ...650

Target:

1)0.90
2)0.83
3)0.75

Stoploss: 1.13",b92c6c0a60c85d3101145bea8c77591c,2026-09-26T18:40:02+00:00,2026-09-26T21:21:47.542106+00:00,1239,mars_cryptosignai
1672384,17748,"⚡️$VELODROME/USDT⚡️

LONG
Leverage: 20X

Entry: 0....

1)0.03800
2)0.04000
3)0.04300

Stoploss: 0.03400",5b49f80f2f982afe4a52762c089a9478,2026-09-26T18:40:02+00:00,2026-09-26T21:21:47.495607+00:00,1239,mars_cryptosignai
1672383,17747,"⭐️#RARE/USDT  SHORT

🛡Leverage : Cross 25x50

‼️En....02413

Use only 3% - 5% amount of your portfolio🛍",06e260bbf67bb6492b33ae4b08212668,2026-09-26T18:40:02+00:00,2026-09-26T21:21:47.484799+00:00,1239,mars_cryptosignai
1672381,17745,"#MUBARAK/USDT

📈Signal: Long Leverage: Cross 20X

...even after TP1 is hit.

📣Trade Smart • Follow Risk",06b493c7dbade071a8330a5bfa8a2a5e,2026-09-26T18:40:02+00:00,2026-09-26T21:21:46.196860+00:00,1239,mars_cryptosignai
1672380,17744,"📈 LONG #ENA/USDT 

🚀 LEVERAGE : 75x

📊 ENTRY PRICE...2

TP🟢0.290

TP🟢0.305

STOPLOSS 🔴0.260

REACTIONS?",4a0c2086705b268c65363986ae28e539,2026-09-26T18:40:02+00:00,2026-09-26T21:21:46.186129+00:00,1239,mars_cryptosignai
1672379,17743,"🚀 #RUNEUSDT LONG SIGNAL 🚀

⚡️ LEVERAGE 50X–75X
📌 E...h this move together!

🔓 Trade Smart • Trade Safe.",2df08f93a26b280e73e2fbed5c8af43e,2026-09-26T18:40:01+00:00,2026-09-26T21:21:46.154763+00:00,1239,mars_cryptosignai
1672378,17742,"📉 SHORT #PHA/USDT 

🚀 LEVERAGE : 50x

📊 ENTRY PRIC...TP🟢0.0720

TP🟢0.0690

STOPLOSS 🔴0.0810

REACTIONS?",6fd85780bb279d25680f6cd91862ed89,2026-09-26T18:40:01+00:00,2026-09-26T21:21:45.597033+00:00,1239,mars_cryptosignai
1672377,17741,"📈 LONG #2Z/USDT 

🚀 LEVERAGE : 50x

📊 ENTRY PRICE ...TP🟢0.0780

TP🟢0.0820

STOPLOSS 🔴0.0695

REACTIONS?",ed91d37928075a49915a3cedb84a559c,2026-09-26T18:40:01+00:00,2026-09-26T21:21:45.523710+00:00,1239,mars_cryptosignai
1672376,17740,"Pair: #TAO/USDT

Short • (20X)

Entry
313.65

Targ...t your own risk. Always use proper risk management",5812dafd0a79fde67ffd458bae5ddc35,2026-09-26T18:40:01+00:00,2026-09-26T21:21:45.472704+00:00,1239,mars_cryptosignai
1672375,17738,"📊 Let’s LONG #RARE/USDT

💥 Leverage:  Cross 20×  -...) 0.0231
2) 0.0248
3) 0.0260

🔖 Stop Loss: 0.02070",85a5577291f19b9c5d6bbdb1f01408ac,2026-09-26T18:40:01+00:00,2026-09-26T21:21:45.437854+00:00,1239,mars_cryptosignai
1672374,17739,"📉 SHORT #RARE/USDT 

🚀 LEVERAGE : 50x

📊 ENTRY PRI...TP🟢0.0200

TP🟢0.0185

STOPLOSS 🔴0.0230

REACTIONS?",15b0078499e4b394f74c13cdd8ffe274,2026-09-26T18:40:01+00:00,2026-09-26T21:21:44.824120+00:00,1239,mars_cryptosignai
1672373,17737,"🪙#AKE/USDT

🚩POSITION — LONG

🔒  LEVERAGE — 20X75
...38300
TP🥉: 0.040500

⛔️ SL: 0.030000

🔥REACTIONS?😜",f72d6ead53be83df21964da671f14291,2026-09-26T18:40:01+00:00,2026-09-26T21:21:44.781898+00:00,1239,mars_cryptosignai
1672372,17736,"#AKE/USDT LONG NOW 📈
🏠ENTRY: ( 0.036164 )",5510f581fcf20ba28ddefa3eb8ded2bf,2026-09-26T18:40:01+00:00,2026-09-26T21:21:44.686587+00:00,1239,mars_cryptosignai
1672371,17735,"#RARE/USDT LONG   

👉Leverage : Cross 10× To 30×

... 0.0215
2)  0.0225
3)  0.0240

⭕Stop Loss : 0.0196",b84e224e787bdb11e4655a69a0ec4a3c,2026-09-26T18:40:01+00:00,2026-09-26T21:21:44.633100+00:00,1239,mars_cryptosignai
1672333,17690,"📈 LONG #RARE/USDT 

🚀 LEVERAGE : 50x

📊 ENTRY PRIC...TP🟢0.0225

TP🟢0.0240

STOPLOSS 🔴0.0195

REACTIONS?",e34065d9d894ff42424583c389fa3716,2026-09-26T18:39:06+00:00,2026-09-26T21:21:37.886676+00:00,1239,mars_cryptosignai
1672331,17689,"📈 LONG #ARK/USDT 

🚀 LEVERAGE : 20x

📊 ENTRY PRICE...2

TP🟢0.302

TP🟢0.320

STOPLOSS 🔴0.272

REACTIONS?",8141dadf4480fb5bb5766d29c136444d,2026-09-26T18:39:06+00:00,2026-09-26T21:21:37.849138+00:00,1239,mars_cryptosignai
1672329,17686,"Coin #RARE/USDT

Position: LONG 

Leverage:  Cross...rgets: 🎯 0.0201, 0.0212, 0.0230

Stop Loss: 0.0179",fe50c321679451bc98836c6777e3beb9,2026-09-26T18:39:06+00:00,2026-09-26T21:21:37.230788+00:00,1239,mars_cryptosignai
1672328,17685,"💵 𝐒𝐈𝐆𝐍𝐀𝐋 𝐀𝐋𝐄𝐑𝐓 💵

#BTW/USDT (25xSHORT)

✅ ENTRY:0.....9650

TARGETS:- 0.90/0.83/0.75

❌ STOP LOSS: 1.13",c79311a2203b2b2e7a747068f1570c17,2026-09-26T18:39:06+00:00,2026-09-26T21:21:37.111804+00:00,1239,mars_cryptosignai
1672327,17683,"⚡ #MARSCOIN/USDT

📤 Long 

💹 Buy: 0.1169 - 0.1147
...228 - 0.1240

🧨 StopLoss: 0.1115 

🔘 Leverage: 20x",7251dea0f79e1ee20d8469f27edcea37,2026-09-26T18:39:06+00:00,2026-09-26T21:21:37.109805+00:00,1239,mars_cryptosignai
1672326,17684,"📍Coin : #VELODROME/USDT

🟢 LONG 

👉 Entry: 0.03880...: 0.04080
🎯 Target 6: 0.04122

❌ StopLoss: 0.03650",a834e796e0d24ef8fa73bf591f08247f,2026-09-26T18:39:06+00:00,2026-09-26T21:21:37.108806+00:00,1239,mars_cryptosignai
1672325,17682,"#ENA/USDT LONG   

👉Leverage : Cross 10× To 30×

E...1)  0.281
2)  0.290
3)  0.302

⭕Stop Loss : 0.2596",55c003823d8197ece8f8a453850b03cd,2026-09-26T18:39:05+00:00,2026-09-26T21:21:37.092983+00:00,1239,mars_cryptosignai
1672323,17680,"❖ ARK/USDT

❖ SHORT [ 10×20 ]

➤ Entry Zone:- 0.28... TP2: 0.2650
▪️ TP3: 0.2500

➤ Stop Loss :- 0.3000",dce1cfa9c026f18270551eb8d2ec8f50,2026-09-26T18:39:05+00:00,2026-09-26T21:21:36.380885+00:00,1239,mars_cryptosignai
1672322,17677,"#LONG 🟢🔤🔤🔤🔤🔤

#DOT/USDT

Margin Mode : Isolated 💎
...8

🟥 SL : 1.1709 - 100%   

📊 LEV : 20X

🇯🇵Premium",f19194a9e6340b568c77f98fa4ca1a47,2026-09-26T18:39:05+00:00,2026-09-26T21:21:36.368000+00:00,1239,mars_cryptosignai
1672321,17678,"🪙 Coin: #ENA/USDT
🧭 Type: #LONG

📈 Entry Zone:
0.2... within the zone and maintain strict risk control.",3790defd577fb6a72e585b70bffd61bc,2026-09-26T18:39:05+00:00,2026-09-26T21:21:36.364525+00:00,1239,mars_cryptosignai
1672320,17679,"🚀 $ARK/USDT PERP 🚀

🟢 LONG

💰 Entry : 0.270$ – 0.2... 5X – 25X

⛔️ SL : 0.200$

📌 Use Only 2-5% Capital",88e32b431bf6189959b927061539afa1,2026-09-26T18:39:05+00:00,2026-09-26T21:21:36.363511+00:00,1239,mars_cryptosignai
1672319,17675,"📊 SAGA/USDT — LONG

📍 ENTRY: 0.045

🎯 TARGET 1: 0....Manage your risk & trade responsibly.

🔥 LET’S GO!",aaab98880c52908505562580d9a82b14,2026-09-26T18:39:05+00:00,2026-09-26T21:21:35.714971+00:00,1239,mars_cryptosignai
1672318,17670,"💫 Pair: BTC/USDT  💫

 🔽 Direction: Short 🔽

✅ Leve... Profit: 80800.00 📉

⚠️ Stop Loss: 85100.00 ⚠️

📉📉",d6610aa4a1a1784602050c173ac361a7,2026-09-26T18:39:05+00:00,2026-09-26T21:21:35.625510+00:00,1239,mars_cryptosignai
1672317,17674,"📈 AERO/USDT 📈

🟢 LONG SETUP

💰 Entry Zone: 0.88 – ...et 1. 
✅ Move SL to breakeven after Target 1 hits.",3628ca9f9bac350e68b2fbc31e50eba3,2026-09-26T18:39:05+00:00,2026-09-26T21:21:35.618342+00:00,1239,mars_cryptosignai
1672316,17668,"🐳 JTO/USDT #LONG🐳

✳️ ENTRY :- 0.58 - 0.55

💢 LEVE...3 : 0.70

⛔️ STOP-LOSS :- 0.52

☝️ Margin Use 2–3%",6d934330b6bf0b589bf52d907d584004,2026-09-26T18:39:05+00:00,2026-09-26T21:21:35.614370+00:00,1239,mars_cryptosignai
1672315,17669,"🟢 Long

#KAVA/USDT

Entry : 

1) 0.067920
2) 0.065...2566

🛑 Stop : 0.063641

Leverage : 10x (isolated)",af0803548ac3e2fa6dfa59c277ff3cbf,2026-09-26T18:39:05+00:00,2026-09-26T21:21:35.613572+00:00,1239,mars_cryptosignai
1672314,17666,"$SENT/USDT #LONG📩

✅ENTRY :-0.02420/0.02340

Targe...𝐎𝐧𝐥𝐲 𝟏-𝟑% 𝐎𝐟 𝐎𝐮𝐫 𝐃𝐞𝐩𝐨𝐬𝐢𝐭 𝐅𝐨𝐫 𝐄𝐚𝐜𝐡 𝐓𝐫𝐚𝐝𝐞

React,??m",f2a0bd440916dd99298c7331152c1bbc,2026-09-26T18:39:05+00:00,2026-09-26T21:21:34.986305+00:00,1239,mars_cryptosignai
1672312,17664,"✅ Long

#XTZ/USDT

Entry zone : 0.313407 - 0.32310...53632
0.363277

Stop loss :0.300483

Leverage: 10x",32117acb5540ac336237820129479d10,2026-09-26T18:39:05+00:00,2026-09-26T21:21:34.239130+00:00,1239,mars_cryptosignai
1672311,17665,"📊 #AERO/USDT

🟢 POSITION: LONG

💰 ENTRY RANGE
➤ 0....
➤ 0.790

━━━━━━━━━━━━━━━━━━

✅ Manage risk wisely",8bf277dbccccb25908e72e9f63a73bd4,2026-09-26T18:39:05+00:00,2026-09-26T21:21:34.234889+00:00,1239,mars_cryptosignai
1672310,17663,"📊#ENA/USDT–LONG–10x - 30x 🚀

📍 𝐄𝐧𝐭𝐫𝐲 𝐙𝐨𝐧𝐞:

➥ 0.27...tal.

⚠️ Disclaimer:
Trade at your own risk. DYOR.",dd44169bc5b6ea7dd19e014d21730409,2026-09-26T18:39:04+00:00,2026-09-26T21:21:34.229860+00:00,1239,mars_cryptosignai
1672309,17662,"⚡️⚡️ #TWT/USDT ⚡️⚡️
Exchanges: Bingx 
Signal Type:...
5) 0.62498
6) 0.63382
7) 🚀🚀🚀

Stop Targets:
5-10%",2030d0f8eb701dc7754e49ec0b1c8eb3,2026-09-26T18:39:04+00:00,2026-09-26T21:21:34.208274+00:00,1239,mars_cryptosignai
1672308,17660,"⚡️⚡️ #QTUM/USDT ⚡️⚡️
Exchanges: Bingx 
Signal Type...
5) 1.10081
6) 1.11639
7) 🚀🚀🚀

Stop Targets:
5-10%",7077333c9c7f579a5c50bba338e5fc19,2026-09-26T18:39:04+00:00,2026-09-26T21:21:24.247569+00:00,1239,mars_cryptosignai
1672307,17659,"⚡️⚡️ #XMR/USDT ⚡️⚡️
Exchanges: Bingx 
Signal Type:...593.25020
6) 601.64525
7) 🚀🚀🚀

Stop Targets:
5-10%",55a52f55f2dd4d7f78465434136de809,2026-09-26T18:39:04+00:00,2026-09-26T21:21:24.204074+00:00,1239,mars_cryptosignai
1672305,17657,"BTCUSDTUSDT  
Exchanges: BINGX 

🟢 Short
Leverage-...5
5) 72605.43
6) 66797.00
7) 🚀🚀🚀 

⛔️ SL:
87966.98",c18881f13adce21f12704e33a64a903c,2026-09-26T18:39:04+00:00,2026-09-26T21:21:24.179354+00:00,1239,mars_cryptosignai
1672304,17656,"#SPK /USDT

📈Signal: Long Leverage: Cross 20X

⚡️E...even after TP1 is hit.

📣Trade Smart • Follow Risk",70b2ba69039dd6db330bab23a30e2bb7,2026-09-26T18:39:04+00:00,2026-09-26T21:21:24.165951+00:00,1239,mars_cryptosignai
1672303,17654,"📊#SKY/USDT — LONG

⚡️ Leverage : 10X – 30X

💹Entry...Entry After TP1

⚖️ Follow Proper Risk Management.",348210fd46c4bc79f4049bd9cc48a2e9,2026-09-26T18:39:04+00:00,2026-09-26T21:21:23.462538+00:00,1239,mars_cryptosignai
1672292,17635,"📉 SHORT #RARE/USDT 

🚀 LEVERAGE : 50x

📊 ENTRY PRI...TP🟢0.0200

TP🟢0.0185

STOPLOSS 🔴0.0230

REACTIONS?",15b0078499e4b394f74c13cdd8ffe274,2026-09-26T18:38:10+00:00,2026-09-26T21:21:21.975717+00:00,1239,mars_cryptosignai
1672291,17634,"📈 LONG #ARK/USDT 

🚀 LEVERAGE : 20x

📊 ENTRY PRICE...2

TP🟢0.302

TP🟢0.320

STOPLOSS 🔴0.272

REACTIONS?",8141dadf4480fb5bb5766d29c136444d,2026-09-26T18:38:04+00:00,2026-09-26T21:21:21.392043+00:00,1239,mars_cryptosignai
1672290,17633,"📊 Let’s LONG #RARE/USDT

💥 Leverage:  Cross 20×  -...) 0.0231
2) 0.0248
3) 0.0260

🔖 Stop Loss: 0.02070",85a5577291f19b9c5d6bbdb1f01408ac,2026-09-26T18:38:04+00:00,2026-09-26T21:21:21.390919+00:00,1239,mars_cryptosignai
1672289,17632,"Coin #RARE/USDT

Position: LONG 

Leverage:  Cross...rgets: 🎯 0.0201, 0.0212, 0.0230

Stop Loss: 0.0179",fe50c321679451bc98836c6777e3beb9,2026-09-26T18:38:04+00:00,2026-09-26T21:21:21.355694+00:00,1239,mars_cryptosignai
1672288,17631,"📈 LONG #RARE/USDT 

🚀 LEVERAGE : 50x

📊 ENTRY PRIC...TP🟢0.0225

TP🟢0.0240

STOPLOSS 🔴0.0195

REACTIONS?",e34065d9d894ff42424583c389fa3716,2026-09-26T18:38:04+00:00,2026-09-26T21:21:21.351536+00:00,1239,mars_cryptosignai
1672287,17630,"#RARE/USDT LONG   

👉Leverage : Cross 10× To 30×

... 0.0215
2)  0.0225
3)  0.0240

⭕Stop Loss : 0.0196",b84e224e787bdb11e4655a69a0ec4a3c,2026-09-26T18:38:04+00:00,2026-09-26T21:21:20.730787+00:00,1239,mars_cryptosignai
1672286,17627,"💵 𝐒𝐈𝐆𝐍𝐀𝐋 𝐀𝐋𝐄𝐑𝐓 💵

#BTW/USDT (25xSHORT)

✅ ENTRY:0.....9650

TARGETS:- 0.90/0.83/0.75

❌ STOP LOSS: 1.13",c79311a2203b2b2e7a747068f1570c17,2026-09-26T18:38:04+00:00,2026-09-26T21:21:20.671819+00:00,1239,mars_cryptosignai
1672285,17626,"#ENA/USDT LONG   

👉Leverage : Cross 10× To 30×

E...1)  0.281
2)  0.290
3)  0.302

⭕Stop Loss : 0.2596",55c003823d8197ece8f8a453850b03cd,2026-09-26T18:38:04+00:00,2026-09-26T21:21:20.664534+00:00,1239,mars_cryptosignai
1672284,17625,"📍Coin : #VELODROME/USDT

🟢 LONG 

👉 Entry: 0.03880...: 0.04080
🎯 Target 6: 0.04122

❌ StopLoss: 0.03650",a834e796e0d24ef8fa73bf591f08247f,2026-09-26T18:38:04+00:00,2026-09-26T21:21:20.023182+00:00,1239,mars_cryptosignai
1672283,17624,"⚡ #MARSCOIN/USDT

📤 Long 

💹 Buy: 0.1169 - 0.1147
...228 - 0.1240

🧨 StopLoss: 0.1115 

🔘 Leverage: 20x",7251dea0f79e1ee20d8469f27edcea37,2026-09-26T18:38:04+00:00,2026-09-26T21:21:20.020202+00:00,1239,mars_cryptosignai
1672282,17623,"🚀 $ARK/USDT PERP 🚀

🟢 LONG

💰 Entry : 0.270$ – 0.2... 5X – 25X

⛔️ SL : 0.200$

📌 Use Only 2-5% Capital",88e32b431bf6189959b927061539afa1,2026-09-26T18:38:04+00:00,2026-09-26T21:21:19.994296+00:00,1239,mars_cryptosignai
1672281,17622,"🪙 Coin: #ENA/USDT
🧭 Type: #LONG

📈 Entry Zone:
0.2... within the zone and maintain strict risk control.",3790defd577fb6a72e585b70bffd61bc,2026-09-26T18:38:04+00:00,2026-09-26T21:21:19.914876+00:00,1239,mars_cryptosignai
1672280,17621,"❖ ARK/USDT

❖ SHORT [ 10×20 ]

➤ Entry Zone:- 0.28... TP2: 0.2650
▪️ TP3: 0.2500

➤ Stop Loss :- 0.3000",dce1cfa9c026f18270551eb8d2ec8f50,2026-09-26T18:37:59+00:00,2026-09-26T21:21:19.904560+00:00,1239,mars_cryptosignai
1672279,17620,"🪙 Coin: #ENA/USDT
🧭 Type: #LONG

📈 Entry Zone:
0.2... within the zone and maintain strict risk control.",3790defd577fb6a72e585b70bffd61bc,2026-09-26T18:37:59+00:00,2026-09-26T21:21:19.342838+00:00,1239,mars_cryptosignai
1672278,17619,"#LONG 🟢🔤🔤🔤🔤🔤

#DOT/USDT

Margin Mode : Isolated 💎
...8

🟥 SL : 1.1709 - 100%   

📊 LEV : 20X

🇯🇵Premium",f19194a9e6340b568c77f98fa4ca1a47,2026-09-26T18:37:59+00:00,2026-09-26T21:21:19.332869+00:00,1239,mars_cryptosignai
1672277,17617,"📊 SAGA/USDT — LONG

📍 ENTRY: 0.045

🎯 TARGET 1: 0....Manage your risk & trade responsibly.

🔥 LET’S GO!",aaab98880c52908505562580d9a82b14,2026-09-26T18:37:59+00:00,2026-09-26T21:21:19.302441+00:00,1239,mars_cryptosignai
1672276,17616,"📈 AERO/USDT 📈

🟢 LONG SETUP

💰 Entry Zone: 0.88 – ...et 1. 
✅ Move SL to breakeven after Target 1 hits.",3628ca9f9bac350e68b2fbc31e50eba3,2026-09-26T18:37:59+00:00,2026-09-26T21:21:19.231653+00:00,1239,mars_cryptosignai
1672275,17612,"💫 Pair: BTC/USDT  💫

 🔽 Direction: Short 🔽

✅ Leve... Profit: 80800.00 📉

⚠️ Stop Loss: 85100.00 ⚠️

📉📉",d6610aa4a1a1784602050c173ac361a7,2026-09-26T18:37:58+00:00,2026-09-26T21:21:18.664426+00:00,1239,mars_cryptosignai
1672274,17611,"$SENT/USDT #LONG📩

✅ENTRY :-0.02420/0.02340

Targe...𝐎𝐧𝐥𝐲 𝟏-𝟑% 𝐎𝐟 𝐎𝐮𝐫 𝐃𝐞𝐩𝐨𝐬𝐢𝐭 𝐅𝐨𝐫 𝐄𝐚𝐜𝐡 𝐓𝐫𝐚𝐝𝐞

React,??m",f2a0bd440916dd99298c7331152c1bbc,2026-09-26T18:37:58+00:00,2026-09-26T21:21:18.590281+00:00,1239,mars_cryptosignai
1672273,17610,"🐳 JTO/USDT #LONG🐳

✳️ ENTRY :- 0.58 - 0.55

💢 LEVE...3 : 0.70

⛔️ STOP-LOSS :- 0.52

☝️ Margin Use 2–3%",6d934330b6bf0b589bf52d907d584004,2026-09-26T18:37:58+00:00,2026-09-26T21:21:18.576903+00:00,1239,mars_cryptosignai
1672272,17609,"🟢 Long

#KAVA/USDT

Entry : 

1) 0.067920
2) 0.065...2566

🛑 Stop : 0.063641

Leverage : 10x (isolated)",af0803548ac3e2fa6dfa59c277ff3cbf,2026-09-26T18:37:58+00:00,2026-09-26T21:21:18.562887+00:00,1239,mars_cryptosignai
1672271,17608,"✅ Long

#XTZ/USDT

Entry zone : 0.313407 - 0.32310...53632
0.363277

Stop loss :0.300483

Leverage: 10x",32117acb5540ac336237820129479d10,2026-09-26T18:37:58+00:00,2026-09-26T21:21:17.921164+00:00,1239,mars_cryptosignai
1672269,17606,"📊#ENA/USDT–LONG–10x - 30x 🚀

📍 𝐄𝐧𝐭𝐫𝐲 𝐙𝐨𝐧𝐞:

➥ 0.27...tal.

⚠️ Disclaimer:
Trade at your own risk. DYOR.",dd44169bc5b6ea7dd19e014d21730409,2026-09-26T18:37:58+00:00,2026-09-26T21:21:17.845053+00:00,1239,mars_cryptosignai
1672268,17604,"⚡️⚡️ #XMR/USDT ⚡️⚡️
Exchanges: Bingx 
Signal Type:...593.25020
6) 601.64525
7) 🚀🚀🚀

Stop Targets:
5-10%",55a52f55f2dd4d7f78465434136de809,2026-09-26T18:37:58+00:00,2026-09-26T21:21:17.800096+00:00,1239,mars_cryptosignai
1672267,17603,"⚡️⚡️ #TWT/USDT ⚡️⚡️
Exchanges: Bingx 
Signal Type:...
5) 0.62498
6) 0.63382
7) 🚀🚀🚀

Stop Targets:
5-10%",2030d0f8eb701dc7754e49ec0b1c8eb3,2026-09-26T18:37:58+00:00,2026-09-26T21:21:17.108536+00:00,1239,mars_cryptosignai
1672266,17602,"⚡️⚡️ #QTUM/USDT ⚡️⚡️
Exchanges: Bingx 
Signal Type...
5) 1.10081
6) 1.11639
7) 🚀🚀🚀

Stop Targets:
5-10%",7077333c9c7f579a5c50bba338e5fc19,2026-09-26T18:37:58+00:00,2026-09-26T21:21:17.078948+00:00,1239,mars_cryptosignai
1672263,17599,"BTCUSDTUSDT  
Exchanges: BINGX 

🟢 Short
Leverage-...5
5) 72605.43
6) 66797.00
7) 🚀🚀🚀 

⛔️ SL:
87966.98",c18881f13adce21f12704e33a64a903c,2026-09-26T18:37:58+00:00,2026-09-26T21:21:16.995686+00:00,1239,mars_cryptosignai
1672262,17598,"#SPK /USDT

📈Signal: Long Leverage: Cross 20X

⚡️E...even after TP1 is hit.

📣Trade Smart • Follow Risk",70b2ba69039dd6db330bab23a30e2bb7,2026-09-26T18:37:58+00:00,2026-09-26T21:21:16.289825+00:00,1239,mars_cryptosignai
1672261,17597,"📊#SKY/USDT — LONG

⚡️ Leverage : 10X – 30X

💹Entry...Entry After TP1

⚖️ Follow Proper Risk Management.",348210fd46c4bc79f4049bd9cc48a2e9,2026-09-26T18:37:58+00:00,2026-09-26T21:21:16.280557+00:00,1239,mars_cryptosignai
1672260,17594,"🚀 #RUNEUSDT LONG SIGNAL 🚀

⚡️ LEVERAGE 50X–75X
📌 E...h this move together!

🔓 Trade Smart • Trade Safe.",2df08f93a26b280e73e2fbed5c8af43e,2026-09-26T18:37:58+00:00,2026-09-26T21:21:16.238264+00:00,1239,mars_cryptosignai
1672259,17595,"📊 Let’s LONG #RARE/USDT

💥 Leverage:  Cross 20×  -...) 0.0231
2) 0.0248
3) 0.0260

🔖 Stop Loss: 0.02070",85a5577291f19b9c5d6bbdb1f01408ac,2026-09-26T18:37:58+00:00,2026-09-26T21:21:16.229253+00:00,1239,mars_cryptosignai
1672258,17593,"📉 SHORT #PHA/USDT 

🚀 LEVERAGE : 50x

📊 ENTRY PRIC...TP🟢0.0720

TP🟢0.0690

STOPLOSS 🔴0.0810

REACTIONS?",6fd85780bb279d25680f6cd91862ed89,2026-09-26T18:37:58+00:00,2026-09-26T21:21:15.559991+00:00,1239,mars_cryptosignai
1672257,17592,"📈 LONG #2Z/USDT 

🚀 LEVERAGE : 50x

📊 ENTRY PRICE ...TP🟢0.0780

TP🟢0.0820

STOPLOSS 🔴0.0695

REACTIONS?",ed91d37928075a49915a3cedb84a559c,2026-09-26T18:37:58+00:00,2026-09-26T21:21:15.500692+00:00,1239,mars_cryptosignai
1672256,17591,"Pair: #TAO/USDT

Short • (20X)

Entry
313.65

Targ...t your own risk. Always use proper risk management",5812dafd0a79fde67ffd458bae5ddc35,2026-09-26T18:37:58+00:00,2026-09-26T21:21:15.475524+00:00,1239,mars_cryptosignai
1672254,17590,"📉 SHORT #RARE/USDT 

🚀 LEVERAGE : 50x

📊 ENTRY PRI...TP🟢0.0200

TP🟢0.0185

STOPLOSS 🔴0.0230

REACTIONS?",15b0078499e4b394f74c13cdd8ffe274,2026-09-26T18:37:58+00:00,2026-09-26T21:21:15.390430+00:00,1239,mars_cryptosignai
1672255,17589,"📊 Let’s LONG #RARE/USDT

💥 Leverage:  Cross 20×  -...) 0.0231
2) 0.0248
3) 0.0260

🔖 Stop Loss: 0.02070",85a5577291f19b9c5d6bbdb1f01408ac,2026-09-26T18:37:57+00:00,2026-09-26T21:21:15.412246+00:00,1239,mars_cryptosignai
1672253,17588,"🪙#AKE/USDT

🚩POSITION — LONG

🔒  LEVERAGE — 20X75
...38300
TP🥉: 0.040500

⛔️ SL: 0.030000

🔥REACTIONS?😜",f72d6ead53be83df21964da671f14291,2026-09-26T18:37:57+00:00,2026-09-26T21:21:14.804994+00:00,1239,mars_cryptosignai
1672252,17587,"#AKE/USDT LONG NOW 📈
🏠ENTRY: ( 0.036164 )",5510f581fcf20ba28ddefa3eb8ded2bf,2026-09-26T18:37:57+00:00,2026-09-26T21:21:14.748278+00:00,1239,mars_cryptosignai
1672251,17586,"#RARE/USDT LONG   

👉Leverage : Cross 10× To 30×

... 0.0215
2)  0.0225
3)  0.0240

⭕Stop Loss : 0.0196",b84e224e787bdb11e4655a69a0ec4a3c,2026-09-26T18:37:57+00:00,2026-09-26T21:21:14.704962+00:00,1239,mars_cryptosignai
1672249,17584,"📈 LONG #RARE/USDT 

🚀 LEVERAGE : 50x

📊 ENTRY PRIC...TP🟢0.0225

TP🟢0.0240

STOPLOSS 🔴0.0195

REACTIONS?",e34065d9d894ff42424583c389fa3716,2026-09-26T18:37:57+00:00,2026-09-26T21:21:14.675163+00:00,1239,mars_cryptosignai
1672248,17583,"📈 LONG #ARK/USDT 

🚀 LEVERAGE : 20x

📊 ENTRY PRICE...2

TP🟢0.302

TP🟢0.320

STOPLOSS 🔴0.272

REACTIONS?",8141dadf4480fb5bb5766d29c136444d,2026-09-26T18:37:57+00:00,2026-09-26T21:21:14.030934+00:00,1239,mars_cryptosignai
1672246,17580,"Coin #RARE/USDT

Position: LONG 

Leverage:  Cross...rgets: 🎯 0.0201, 0.0212, 0.0230

Stop Loss: 0.0179",fe50c321679451bc98836c6777e3beb9,2026-09-26T18:37:57+00:00,2026-09-26T21:21:13.934415+00:00,1239,mars_cryptosignai
1672243,17577,"💵 𝐒𝐈𝐆𝐍𝐀𝐋 𝐀𝐋𝐄𝐑𝐓 💵

#BTW/USDT (25xSHORT)

✅ ENTRY:0.....9650

TARGETS:- 0.90/0.83/0.75

❌ STOP LOSS: 1.13",c79311a2203b2b2e7a747068f1570c17,2026-09-26T18:37:57+00:00,2026-09-26T21:21:13.257852+00:00,1239,mars_cryptosignai
1672242,17576,"📍Coin : #VELODROME/USDT

🟢 LONG 

👉 Entry: 0.03880...: 0.04080
🎯 Target 6: 0.04122

❌ StopLoss: 0.03650",a834e796e0d24ef8fa73bf591f08247f,2026-09-26T18:37:57+00:00,2026-09-26T21:21:13.199128+00:00,1239,mars_cryptosignai
1672240,17575,"⚡ #MARSCOIN/USDT

📤 Long 

💹 Buy: 0.1169 - 0.1147
...228 - 0.1240

🧨 StopLoss: 0.1115 

🔘 Leverage: 20x",7251dea0f79e1ee20d8469f27edcea37,2026-09-26T18:37:57+00:00,2026-09-26T21:21:12.463122+00:00,1239,mars_cryptosignai
1672239,17574,"#ENA/USDT LONG   

👉Leverage : Cross 10× To 30×

E...1)  0.281
2)  0.290
3)  0.302

⭕Stop Loss : 0.2596",55c003823d8197ece8f8a453850b03cd,2026-09-26T18:37:57+00:00,2026-09-26T21:21:12.457168+00:00,1239,mars_cryptosignai
1672238,17572,"❖ ARK/USDT

❖ SHORT [ 10×20 ]

➤ Entry Zone:- 0.28... TP2: 0.2650
▪️ TP3: 0.2500

➤ Stop Loss :- 0.3000",dce1cfa9c026f18270551eb8d2ec8f50,2026-09-26T18:37:57+00:00,2026-09-26T21:21:12.437259+00:00,1239,mars_cryptosignai
1672237,17571,"🚀 $ARK/USDT PERP 🚀

🟢 LONG

💰 Entry : 0.270$ – 0.2... 5X – 25X

⛔️ SL : 0.200$

📌 Use Only 2-5% Capital",88e32b431bf6189959b927061539afa1,2026-09-26T18:37:57+00:00,2026-09-26T21:21:12.385900+00:00,1239,mars_cryptosignai
1672236,17570,"🪙 Coin: #ENA/USDT
🧭 Type: #LONG

📈 Entry Zone:
0.2... within the zone and maintain strict risk control.",3790defd577fb6a72e585b70bffd61bc,2026-09-26T18:37:57+00:00,2026-09-26T21:21:11.636276+00:00,1239,mars_cryptosignai
1672234,17569,"#LONG 🟢🔤🔤🔤🔤🔤

#DOT/USDT

Margin Mode : Isolated 💎
...8

🟥 SL : 1.1709 - 100%   

📊 LEV : 20X

🇯🇵Premium",f19194a9e6340b568c77f98fa4ca1a47,2026-09-26T18:37:57+00:00,2026-09-26T21:21:11.609580+00:00,1239,mars_cryptosignai
1672235,17568,"Coin #PHA/USDT

Position: LONG 

Leverage:  Cross ...rgets: 🎯 0.0875, 0.0928, 0.1000

Stop Loss: 0.0775",3864eafafefddb6d215c228cbfed7073,2026-09-26T18:37:56+00:00,2026-09-26T21:21:11.613570+00:00,1239,mars_cryptosignai
1672233,17567,"📊 SAGA/USDT — LONG

📍 ENTRY: 0.045

🎯 TARGET 1: 0....Manage your risk & trade responsibly.

🔥 LET’S GO!",aaab98880c52908505562580d9a82b14,2026-09-26T18:37:56+00:00,2026-09-26T21:21:11.594899+00:00,1239,mars_cryptosignai
1672232,17566,"📈 AERO/USDT 📈

🟢 LONG SETUP

💰 Entry Zone: 0.88 – ...et 1. 
✅ Move SL to breakeven after Target 1 hits.",3628ca9f9bac350e68b2fbc31e50eba3,2026-09-26T18:37:56+00:00,2026-09-26T21:21:11.591912+00:00,1239,mars_cryptosignai
1672230,17563,"🔴 SHORT $LINK/USDT | Cross 50X

✅ Entry: MARKET PRICE 

🎯 TP: 12.153

🛑 SL: 14.797",24a6ebaa12d9d89f1d67320ceb0d7a52,2026-09-26T18:37:56+00:00,2026-09-26T21:21:10.817250+00:00,1239,mars_cryptosignai
1672229,17562,"💫 Pair: BTC/USDT  💫

 🔽 Direction: Short 🔽

✅ Leve... Profit: 80800.00 📉

⚠️ Stop Loss: 85100.00 ⚠️

📉📉",d6610aa4a1a1784602050c173ac361a7,2026-09-26T18:37:56+00:00,2026-09-26T21:21:10.816390+00:00,1239,mars_cryptosignai
1672228,17564,"🔴 SHORT $PUMPFUN/USDT | Cross 50X

✅ Entry: MARKET PRICE 

🎯 TP: 0.003894

🛑 SL: 0.004764",6ca314f74d5189b41bd16529095cea63,2026-09-26T18:37:56+00:00,2026-09-26T21:21:10.813430+00:00,1239,mars_cryptosignai
1672227,17561,"🟢 Long

#KAVA/USDT

Entry : 

1) 0.067920
2) 0.065...2566

🛑 Stop : 0.063641

Leverage : 10x (isolated)",af0803548ac3e2fa6dfa59c277ff3cbf,2026-09-26T18:37:56+00:00,2026-09-26T21:21:10.802481+00:00,1239,mars_cryptosignai
1676283,17939,"⚡️⚡️#NEAR/USDT⚡️⚡️

Signal Type : Short
Leverage :....911
2) 4.729
3) 4.559
4) 4.464

Stop Loss : 5.223",9e3f24d687a5fb0b0e90ba62ddf833c6,2026-09-26T18:43:25+00:00,2026-09-26T23:28:25.688203+00:00,1239,mars_cryptosignai
1676280,17936,"$FLOW Again Buying Setup

Entry: CMP 
TP: 0.0380
S... very confident on this setup. It should work fine",332e8c68220579140bc45ec10e5edf89,2026-09-26T18:43:25+00:00,2026-09-26T23:28:24.542530+00:00,1239,mars_cryptosignai
1676279,17935,"#LINK USDT — BUY (LONG) 
🎉
🟢 Leverage: Cross  30x
...️Stop Loss: 12.500

⬇️ Risk Management:

 REACTION",bd2ac5e3405eb57ffac89220bd2d260f,2026-09-26T18:43:25+00:00,2026-09-26T23:28:24.385972+00:00,1239,mars_cryptosignai
1676278,17934,"🪙#DOT/USDT

🚩POSITION — LONG

🔒  LEVERAGE — 20X75
...🥈: 1.2750
TP🥉: 1.3200

⛔️ SL: 1.1500

🔥REACTIONS?😜",a522c53198f4fa528b18e980bcf76e1e,2026-09-26T18:43:25+00:00,2026-09-26T23:28:23.150391+00:00,1239,mars_cryptosignai
1676277,17933,"#DOT/USDT LONG NOW 📈
🏠ENTRY: ( 1.2313 )",834973da52c21f2af1a8996f2fa6bbd7,2026-09-26T18:43:25+00:00,2026-09-26T23:28:23.106871+00:00,1239,mars_cryptosignai
1676276,17932,"🔴 Short

Pair: #ZIL/USDT

📊 Entry Price: 

1) 0.00...0.0036180

Stop Loss: 0.0041318

Leverage: 10x-20x",6c9b52872419ab45479acbc6896ad2f6,2026-09-26T18:43:25+00:00,2026-09-26T23:28:23.100549+00:00,1239,mars_cryptosignai
1676273,17930,"🔴 SHORT

#ALGO/USDT

Entry zone : 0.125175 - 0.121...9923
0.106259

Stop loss :0.1300371

Leverage: 10x",38292f2cbdce0939d227e92003718286,2026-09-26T18:43:25+00:00,2026-09-26T23:28:22.050359+00:00,1239,mars_cryptosignai
1676274,17929,"#QNT/ USDT — BUY (LONG) 
Leverage: Cross 25x – 50x...T IS KEY
👉 Use ONLY 2 – 3% of your total portfolio",9fabb35c8761240a03072c19df055071,2026-09-26T18:43:24+00:00,2026-09-26T23:28:22.053256+00:00,1239,mars_cryptosignai
1676271,17925,"👑 #RARE /USDT — TRADE LONG

LEVERAGE 25X TO 50X

✔...

⛔️ STOP LOSS: 0.02130

⚡️ NO FEAR — JUST PROFITS",9e47c19be91fba8bd4b4499422a356fd,2026-09-26T18:43:24+00:00,2026-09-26T23:28:22.012547+00:00,1239,mars_cryptosignai
1676270,17924,"🔴SHORT  #ETHUSDT

🔶 Entry : 2700.00 - 2702.00

➡️ ...Profit Targets :

👉 2670.00

🛑 Stop Loss : 2734.00",f321a243f08b9c54166cf62a15f03213,2026-09-26T18:43:24+00:00,2026-09-26T23:28:22.011578+00:00,1239,mars_cryptosignai
1676269,17923,"👑 #HUMA/USDT — TRADE LONG

LEVERAGE 25X TO 50X

✔️...

⛔️ STOP LOSS: 0.02770

⚡️ NO FEAR — JUST PROFITS",8c3d71c2265d70ea31ac492b89e9dce7,2026-09-26T18:43:24+00:00,2026-09-26T23:28:20.934746+00:00,1239,mars_cryptosignai
1676267,17920,"📊 SPOT SIGNAL

#BR/USDT ☑️

Signal Type: SPOT BUY ...isk properly and avoid overexposure.

Cryptotegic™",d9162e8b6e09d208c73b79f4373295ea,2026-09-26T18:43:24+00:00,2026-09-26T23:28:20.921200+00:00,1239,mars_cryptosignai
1676242,17894,"SHIBUSDTUSDT  
Exchanges: BINGX 

🟢 Long
Leverage-... 6.00
4) 6.00
5) 6.48
6) 7.00
7) 🚀🚀🚀 

⛔️ SL:
5.63",da50a99ebb905483b508d77e9dc7e4a8,2026-09-26T18:42:41+00:00,2026-09-26T23:28:15.901201+00:00,1239,mars_cryptosignai
1676243,17893,"✨BCH/USDT

🎗 Trade Type = SHORT 🔴

⭐️ Leverage :- ...[ 329.79, 326.25, 322.69, 319.14, 315.86, 312.52 ]",17c684dd498453c91dff1322ee7b0978,2026-09-26T18:42:40+00:00,2026-09-26T23:28:15.912800+00:00,1239,mars_cryptosignai
1676241,17892,"🚀 #BEATUSDT LONG SIGNAL 🚀

⚡️ LEVERAGE 50X–75X
📌 E...h this move together!

🔓 Trade Smart • Trade Safe.",7ea207b7002849007bc122406a8a809c,2026-09-26T18:42:40+00:00,2026-09-26T23:28:15.892898+00:00,1239,mars_cryptosignai
1676239,17890,"💹#HEI/USDT — LONG SETUP

HEI is compressing inside... next expansion move.

Invalidation below $0.1347.",582902e413411f99821a51153ad2832c,2026-09-26T18:42:40+00:00,2026-09-26T23:28:14.839997+00:00,1239,mars_cryptosignai
1676238,17883,"🌈PAIR:- #US/USDT
⚡️ Direction : LONG
🛠 Leverage: C...nt Usage:- 1 - 2%
(According To your Risk Setting)",3ce9f817829d582dc422bf5267b0f3e0,2026-09-26T18:42:40+00:00,2026-09-26T23:28:14.831116+00:00,1239,mars_cryptosignai
1676236,17882,"⭐ RARE /USDT — LONG

💵 ENTRY:0.023500-0.022300

⚙️...o

📌 Follow the setup and manage your risk wisely.",c22b1e9db00c231b93283247f694b6db,2026-09-26T18:42:40+00:00,2026-09-26T23:28:14.818491+00:00,1239,mars_cryptosignai
1676235,17881,"#RARE/ USDT — BUY (LONG) 
Leverage: Cross 25x – 50...T IS KEY
👉 Use ONLY 2 – 3% of your total portfolio",e9edeeb655b3f1b8dbbc7e831e4ef91f,2026-09-26T18:42:40+00:00,2026-09-26T23:28:13.922574+00:00,1239,mars_cryptosignai
1676231,17878,"#SHORT 🔴 🔤🔤🔤🔤🔤

#BCH/USDT 

Margin Mode : Isolated...00.6

🟩 SL : 347.2 - 100%

📊 LEV : 20X

🇯🇵 Premium",d1f5521e22d3b4ed7c826bf9d48caf40,2026-09-26T18:42:40+00:00,2026-09-26T23:28:13.759160+00:00,1239,mars_cryptosignai
1676230,17877,"👑My Coin: $Q/USDT
👀Looking for SHORT

🌟0.037053 Wi...I Will Set: 0.038476
°°°°°°°°°°°°°° As my stoploss",309d27c0deb52f145565a86f3af151d9,2026-09-26T18:42:40+00:00,2026-09-26T23:28:13.749815+00:00,1239,mars_cryptosignai
1676232,17876,"⭐ Q /USDT — LONG

💵 ENTRY:0.022500-0.020000

⚙️ LE...o

📌 Follow the setup and manage your risk wisely.",790bdc7dfcad77335ac2b992d5735cc5,2026-09-26T18:42:39+00:00,2026-09-26T23:28:13.764044+00:00,1239,mars_cryptosignai
1676229,17875,"⭐️#PHA/USDT  LONG

🛡Leverage : Cross 25x50

‼️Entr....07487

Use only 3% - 5% amount of your portfolio🛍",4bfff4251edd21519d2ea242ad262724,2026-09-26T18:42:39+00:00,2026-09-26T23:28:12.476364+00:00,1239,mars_cryptosignai
1676228,17873,"🪙#HUMA/USDT

🚩POSITION — LONG

🔒  LEVERAGE — 20X75...0.02960
TP🥉: 0.03100

⛔️ SL: 0.02400

🔥REACTIONS?😜",bd0dda267ca6fcc6db8c8a9afa01cc35,2026-09-26T18:42:39+00:00,2026-09-26T23:28:12.436962+00:00,1239,mars_cryptosignai
1676226,17872,"#HUMA/USDT LONG NOW 📈
🏠ENTRY: ( 0.02819 )",68d357a332d9ec98ca442023dccdc74c,2026-09-26T18:42:39+00:00,2026-09-26T23:28:11.322163+00:00,1239,mars_cryptosignai
1676225,17871,"💰#LINK / USDT👑

💎Setup Type: Strong LONG 🔖Opportun...

🥉TP ➝ 16.000

4️⃣TP ➝ 20.000

🚫Stop Loss: 12.000",da71edde5d2a348a9e5e1b976f6f41e7,2026-09-26T18:42:39+00:00,2026-09-26T23:28:11.318442+00:00,1239,mars_cryptosignai
1676224,17869,"🪙#龙虾/USDT

🚩POSITION — SHORT

🔒  LEVERAGE — 20X75
...0.09800
TP🥉: 0.09300

⛔️ SL: 0.11800

🔥REACTIONS?😜",170c273346add7b7bf0efd02eed05cfe,2026-09-26T18:42:39+00:00,2026-09-26T23:28:11.194654+00:00,1239,mars_cryptosignai
1676222,17870,"🔴 SHORT

#BAND/USDT

Entry : 

1) 0.2282
2) 0.2350...0.2124

🛑 Stop : 0.2425

Leverage : 10x (isolated)",b0f3ff3dce749c59e3063dcedbc30b9c,2026-09-26T18:42:39+00:00,2026-09-26T23:28:11.177016+00:00,1239,mars_cryptosignai
1676221,17867,"🔴 SHORT

#DASH/USDT

Entry zone : 70.53 - 68.48

T....00
61.94
59.87

Stop loss :73.2736

Leverage: 10x",5ec9a4273c53c9f425d14cc313474f60,2026-09-26T18:42:39+00:00,2026-09-26T23:28:10.258332+00:00,1239,mars_cryptosignai
1676220,17866,"🚨 #DOT/USDT | LONG

⚡Leverage: Cross 20x

🎯Entry T... follow the signal and secure profits at targets.💎",696ebd4b7783e3d9a501a583974ef527,2026-09-26T18:42:39+00:00,2026-09-26T23:28:10.246638+00:00,1239,mars_cryptosignai
1676217,17864,"#ARK/USDT

📈Signal: Long Leverage: Cross 20X

⚡️En...even after TP1 is hit.

📣Trade Smart • Follow Risk",a06cb31559d1709fda02a3a7be036677,2026-09-26T18:42:39+00:00,2026-09-26T23:28:10.068702+00:00,1239,mars_cryptosignai
1676216,17865,"🚨 #LINK/USDT | LONG

⚡Leverage: Cross 20x

🎯Entry ... follow the signal and secure profits at targets.💎",78a33c3084eed28aaa98a5094ed59cba,2026-09-26T18:42:39+00:00,2026-09-26T23:28:09.265676+00:00,1239,mars_cryptosignai
1676215,17861,"✨NEAR/USDT

🎗 Trade Type = LONG 🟢

💫 Leverage :- 2...fit = [ 4.964, 5.019, 5.064, 5.121, 5.164, 5.231 ]",4d1e133e1f45df0999bc66683ef6abd7,2026-09-26T18:42:39+00:00,2026-09-26T23:28:09.255051+00:00,1239,mars_cryptosignai
1676214,17860,"⭐️#US/USDT  LONG 

🛡Leverage : Cross 25x50

‼️Entr...021720

Use only 3% - 5% amount of your portfolio🛍",50059e11ab8f8acacef57877a84498ec,2026-09-26T18:42:39+00:00,2026-09-26T23:27:56.733865+00:00,1239,mars_cryptosignai
1676212,17857,"🚀 #CLOUSDT LONG SIGNAL 🚀

⚡️ LEVERAGE 50X–75X
📌 EN...h this move together!

🔓 Trade Smart • Trade Safe.",16599bc2fa0c1230269e8b3fc0e7bbea,2026-09-26T18:42:39+00:00,2026-09-26T23:27:56.620937+00:00,1239,mars_cryptosignai
1676211,17858,"↗️ LONG #PHA 50x

📌 Entry: 0.08050

🎯 TP: 0.08300
...t Usage: 1-3%
⚠️ According to your risk management",820698c780aab2184877aec464a6d420,2026-09-26T18:42:39+00:00,2026-09-26T23:27:56.615739+00:00,1239,mars_cryptosignai
1676209,17855,"🔰 PAIR: RUNE/ USDT 💹

🟢Position: LONG🚀

☑️ Entry Z...gets:
🥇 0.709
🥈 0.715
🥉 0.725

❌ Stop Loss: 🔴0.686",cbbc096151058a2aec259b608aba8e37,2026-09-26T18:42:38+00:00,2026-09-26T23:27:55.719083+00:00,1239,mars_cryptosignai
1676208,17854,"✅Entry  -0.1210-0.1200

(🆘LONG XPLUSDT 5-20x🆘)

🏹 ...5  $0.1266
🏹Target 6  $0.1278

🚫Stop loss -0.11653",908c5e5778092a8540b99fe3645c866b,2026-09-26T18:42:38+00:00,2026-09-26T23:27:55.617903+00:00,1239,mars_cryptosignai
1676207,17853,LONG XPL 0.12106,0e08f663ad8a54171dbde4e1ea187c99,2026-09-26T18:42:38+00:00,2026-09-26T23:27:54.866590+00:00,1239,mars_cryptosignai
1676205,17851,"#SOMIUSDT — BUY (LONG) 
🎉
🟢 Leverage: Cross  25x

...️Stop Loss: 0.2018

⬇️ Risk Management:

 REACTION",5282876bd3ce1bf175e3999d1c8622aa,2026-09-26T18:42:38+00:00,2026-09-26T23:27:54.838381+00:00,1239,mars_cryptosignai
1676204,17850,"📊 Let’s SHORT #ARK/USDT

💥 Leverage:  Cross 20×  -...
1) 0.2657
2) 0.2575
3) 0.2478

🔖 Stop Loss: 0.289",0deeadefa40b652bb6e7689633194094,2026-09-26T18:42:38+00:00,2026-09-26T23:27:54.809837+00:00,1239,mars_cryptosignai
1676203,17849,"#RARE        /USDT (SHORT) 🔽🔽

⌛LEVERAGE : 20X TO ...55

💥Use only 1%margin of your total portfolio❤️😘😇",0677958a5e2a077c4b250e8c5a0fdfb3,2026-09-26T18:42:38+00:00,2026-09-26T23:27:53.672070+00:00,1239,mars_cryptosignai
1676202,17848,"⭐ ENA /USDT — LONG

💵 ENTRY:0.27700-0.25000

⚙️ LE...o

📌 Follow the setup and manage your risk wisely.",29b6327690be1e253d287d19bdb5ad3e,2026-09-26T18:42:38+00:00,2026-09-26T23:27:53.664764+00:00,1239,mars_cryptosignai
1676201,17847,"🚀 LONG: $MUBARAK/USDT
LEVERAGE: 50x

✔️ENTRY PRICE...-0.05900-0.06200

STOP LOSS:  0.05230


REACTIONS?",9c7483c57a5224c47c6987d40f4498ff,2026-09-26T18:42:38+00:00,2026-09-26T23:27:53.663020+00:00,1239,mars_cryptosignai
1676200,17846,"✅ Long

Pair: #XRP/USDT

📊 Entry Price: 

1) 1.539...30
4) 1.6452

Stop Loss: 1.4428

Leverage: 10x-20x",dc43fcb0647278390285f5c8df9a271e,2026-09-26T18:42:38+00:00,2026-09-26T23:27:53.650671+00:00,1239,mars_cryptosignai
1676199,17845,"#RESOLV/USDT LONG   

👉Leverage : Cross 10× To 30×... 0.0214
2)  0.0220
3)  0.0240

⭕Stop Loss : 0.0198",82765afc72908949bde112ec3d9c78b4,2026-09-26T18:42:38+00:00,2026-09-26T23:27:53.636955+00:00,1239,mars_cryptosignai
1676198,17844,"📊 Let’s LONG #TNSR/USDT

💥 Leverage:  Cross 20×  -...0.04535
2) 0.04600
3) 0.04699

🔖 Stop Loss: 0.0415",44b1bc2bc17987e0973d564966089692,2026-09-26T18:42:38+00:00,2026-09-26T23:27:53.016496+00:00,1239,mars_cryptosignai
1676197,17843,"👑 #RESOLV/USDT — TRADE LONG

LEVERAGE 25X TO 50X

...

⛔️ STOP LOSS: 0.01980

⚡️ NO FEAR — JUST PROFITS",9642eef34df8671b9c8669f5c83ca24e,2026-09-26T18:42:38+00:00,2026-09-26T23:27:53.009493+00:00,1239,mars_cryptosignai
1676196,17842,"📊 Let’s LONG #2Z/USDT

💥 Leverage:  Cross 20×  - 
...1) 0.0744
2) 0.0769
3) 0.0840

🔖 Stop Loss: 0.0537",4b52d746cc48a2dcf0333ba84569f193,2026-09-26T18:42:38+00:00,2026-09-26T23:27:53.000253+00:00,1239,mars_cryptosignai
1676195,17841,"$BATUSDT

LONG

RR : 2

LEVERAGE : 20x

ENTRY : 0....0

TAKE PROFITS 👇

1️⃣ 0.09777

STOPLOSS : 0.09067",6c6a55cf1f479c6918d887e795967965,2026-09-26T18:42:38+00:00,2026-09-26T23:27:52.989037+00:00,1239,mars_cryptosignai
1676194,17840,"#2Z/ USDT — BUY (LONG) 
Leverage: Cross 25x – 50x
...T IS KEY
👉 Use ONLY 2 – 3% of your total portfolio",3a8afb9988f8b4be86a082fe11d0c50c,2026-09-26T18:42:38+00:00,2026-09-26T23:27:52.956529+00:00,1239,mars_cryptosignai
1676193,17839,"#SHORT 🔴 🔤🔤🔤🔤🔤

#BCH/USDT 

Margin Mode : Isolated...00.6

🟩 SL : 347.2 - 100%

📊 LEV : 20X

🇯🇵 Premium",d1f5521e22d3b4ed7c826bf9d48caf40,2026-09-26T18:42:38+00:00,2026-09-26T23:27:52.858400+00:00,1239,mars_cryptosignai
1676192,17838,"👑My Coin: $Q/USDT
👀Looking for SHORT

🌟0.037053 Wi...I Will Set: 0.038476
°°°°°°°°°°°°°° As my stoploss",309d27c0deb52f145565a86f3af151d9,2026-09-26T18:42:37+00:00,2026-09-26T23:27:52.811087+00:00,1239,mars_cryptosignai
1676191,17837,"⭐ Q /USDT — LONG

💵 ENTRY:0.022500-0.020000

⚙️ LE...o

📌 Follow the setup and manage your risk wisely.",790bdc7dfcad77335ac2b992d5735cc5,2026-09-26T18:42:37+00:00,2026-09-26T23:27:52.790457+00:00,1239,mars_cryptosignai
1676190,17836,"⭐️#PHA/USDT  LONG

🛡Leverage : Cross 25x50

‼️Entr....07487

Use only 3% - 5% amount of your portfolio🛍",4bfff4251edd21519d2ea242ad262724,2026-09-26T18:42:37+00:00,2026-09-26T23:27:52.787591+00:00,1239,mars_cryptosignai
1676188,17834,"🪙#HUMA/USDT

🚩POSITION — LONG

🔒  LEVERAGE — 20X75...0.02960
TP🥉: 0.03100

⛔️ SL: 0.02400

🔥REACTIONS?😜",bd0dda267ca6fcc6db8c8a9afa01cc35,2026-09-26T18:42:37+00:00,2026-09-26T23:27:52.671507+00:00,1239,mars_cryptosignai
1676187,17833,"#HUMA/USDT LONG NOW 📈
🏠ENTRY: ( 0.02819 )",68d357a332d9ec98ca442023dccdc74c,2026-09-26T18:42:37+00:00,2026-09-26T23:27:52.652163+00:00,1239,mars_cryptosignai
1676186,17832,"💰#LINK / USDT👑

💎Setup Type: Strong LONG 🔖Opportun...

🥉TP ➝ 16.000

4️⃣TP ➝ 20.000

🚫Stop Loss: 12.000",da71edde5d2a348a9e5e1b976f6f41e7,2026-09-26T18:42:37+00:00,2026-09-26T23:27:52.590855+00:00,1239,mars_cryptosignai
1676185,17831,"🔴 SHORT

#BAND/USDT

Entry : 

1) 0.2282
2) 0.2350...0.2124

🛑 Stop : 0.2425

Leverage : 10x (isolated)",b0f3ff3dce749c59e3063dcedbc30b9c,2026-09-26T18:42:37+00:00,2026-09-26T23:27:52.588121+00:00,1239,mars_cryptosignai
1676181,17826,"🔴 SHORT

#DASH/USDT

Entry zone : 70.53 - 68.48

T....00
61.94
59.87

Stop loss :73.2736

Leverage: 10x",5ec9a4273c53c9f425d14cc313474f60,2026-09-26T18:42:37+00:00,2026-09-26T23:27:52.408686+00:00,1239,mars_cryptosignai
1676180,17825,"🚨 #DOT/USDT | LONG

⚡Leverage: Cross 20x

🎯Entry T... follow the signal and secure profits at targets.💎",696ebd4b7783e3d9a501a583974ef527,2026-09-26T18:42:37+00:00,2026-09-26T23:27:52.389406+00:00,1239,mars_cryptosignai
1676179,17824,"🚨 #LINK/USDT | LONG

⚡Leverage: Cross 20x

🎯Entry ... follow the signal and secure profits at targets.💎",78a33c3084eed28aaa98a5094ed59cba,2026-09-26T18:42:37+00:00,2026-09-26T23:27:52.372054+00:00,1239,mars_cryptosignai
1676178,17823,"🚨 #ONDO/USDT | LONG

⚡Leverage: Cross 20x

🎯Entry ... follow the signal and secure profits at targets.💎",d50eaa381364a0a610ad4b504153e558,2026-09-26T18:42:37+00:00,2026-09-26T23:27:52.273191+00:00,1239,mars_cryptosignai
1676177,17822,"Coin #SPELL/USDT

Position: LONG 

Leverage:  Cros... 0.000113, 0.000118, 0.000125

Stop Loss: 0.000104",a7ff2c6470a237831be33a8f8dbaa67d,2026-09-26T18:42:37+00:00,2026-09-26T23:27:52.265474+00:00,1239,mars_cryptosignai
1676176,17821,"#MOODENG/USDT 🟢 LONG

📍 Entry Zone: 0.049794 – 0.0...n: LONG

⚠️ Manage your risk and trade responsibly",e20cd32a71ac0466924fdddfa180f017,2026-09-26T18:42:37+00:00,2026-09-26T23:27:52.214518+00:00,1239,mars_cryptosignai
1676164,17807,"#ARK/USDT

📈Signal: Long Leverage: Cross 20X

⚡️En...even after TP1 is hit.

📣Trade Smart • Follow Risk",a06cb31559d1709fda02a3a7be036677,2026-09-26T18:40:58+00:00,2026-09-26T23:27:49.199212+00:00,1239,mars_cryptosignai
1676162,17804,"✨NEAR/USDT

🎗 Trade Type = LONG 🟢

💫 Leverage :- 2...fit = [ 4.964, 5.019, 5.064, 5.121, 5.164, 5.231 ]",4d1e133e1f45df0999bc66683ef6abd7,2026-09-26T18:40:57+00:00,2026-09-26T23:27:49.118429+00:00,1239,mars_cryptosignai
1676159,17801,"↗️ LONG #PHA 50x

📌 Entry: 0.08050

🎯 TP: 0.08300
...t Usage: 1-3%
⚠️ According to your risk management",820698c780aab2184877aec464a6d420,2026-09-26T18:40:57+00:00,2026-09-26T23:27:48.088354+00:00,1239,mars_cryptosignai
1676157,17798,"🔰 PAIR: RUNE/ USDT 💹

🟢Position: LONG🚀

☑️ Entry Z...gets:
🥇 0.709
🥈 0.715
🥉 0.725

❌ Stop Loss: 🔴0.686",cbbc096151058a2aec259b608aba8e37,2026-09-26T18:40:57+00:00,2026-09-26T23:27:48.013872+00:00,1239,mars_cryptosignai
1676155,17793,"📊 Let’s SHORT #ARK/USDT

💥 Leverage:  Cross 20×  -...
1) 0.2657
2) 0.2575
3) 0.2478

🔖 Stop Loss: 0.289",0deeadefa40b652bb6e7689633194094,2026-09-26T18:40:57+00:00,2026-09-26T23:27:47.359212+00:00,1239,mars_cryptosignai
1676154,17792,"#RARE        /USDT (SHORT) 🔽🔽

⌛LEVERAGE : 20X TO ...55

💥Use only 1%margin of your total portfolio❤️😘😇",0677958a5e2a077c4b250e8c5a0fdfb3,2026-09-26T18:40:57+00:00,2026-09-26T23:27:47.251149+00:00,1239,mars_cryptosignai
1676153,17790,"⭐ ENA /USDT — LONG

💵 ENTRY:0.27700-0.25000

⚙️ LE...o

📌 Follow the setup and manage your risk wisely.",29b6327690be1e253d287d19bdb5ad3e,2026-09-26T18:40:57+00:00,2026-09-26T23:27:47.197613+00:00,1239,mars_cryptosignai
1676148,17782,"⚡️$PHA/USDT⚡️

LONG
Leverage: 20X

Entry: 0.070

Target:

1)0.073
2)0.077
3)0.082

Stoploss: 0.064",92c2c2367e913c0fd5eb871345fdfe3a,2026-09-26T18:40:31+00:00,2026-09-26T23:27:46.290279+00:00,1239,mars_cryptosignai
1676145,17781,"✅ Long

Pair: #XRP/USDT

📊 Entry Price: 

1) 1.539...30
4) 1.6452

Stop Loss: 1.4428

Leverage: 10x-20x",dc43fcb0647278390285f5c8df9a271e,2026-09-26T18:40:31+00:00,2026-09-26T23:27:45.618048+00:00,1239,mars_cryptosignai
1676144,17780,"#RESOLV/USDT LONG   

👉Leverage : Cross 10× To 30×... 0.0214
2)  0.0220
3)  0.0240

⭕Stop Loss : 0.0198",82765afc72908949bde112ec3d9c78b4,2026-09-26T18:40:31+00:00,2026-09-26T23:27:45.481193+00:00,1239,mars_cryptosignai
1676143,17779,"📊 Let’s LONG #TNSR/USDT

💥 Leverage:  Cross 20×  -...0.04535
2) 0.04600
3) 0.04699

🔖 Stop Loss: 0.0415",44b1bc2bc17987e0973d564966089692,2026-09-26T18:40:31+00:00,2026-09-26T23:27:45.466069+00:00,1239,mars_cryptosignai
1676142,17777,"📊 Let’s LONG #2Z/USDT

💥 Leverage:  Cross 20×  - 
...1) 0.0744
2) 0.0769
3) 0.0840

🔖 Stop Loss: 0.0537",4b52d746cc48a2dcf0333ba84569f193,2026-09-26T18:40:31+00:00,2026-09-26T23:27:45.464094+00:00,1239,mars_cryptosignai
1676141,17778,"👑 #RESOLV/USDT — TRADE LONG

LEVERAGE 25X TO 50X

...

⛔️ STOP LOSS: 0.01980

⚡️ NO FEAR — JUST PROFITS",9642eef34df8671b9c8669f5c83ca24e,2026-09-26T18:40:31+00:00,2026-09-26T23:27:45.460681+00:00,1239,mars_cryptosignai
1676140,17776,"$BATUSDT

LONG

RR : 2

LEVERAGE : 20x

ENTRY : 0....0

TAKE PROFITS 👇

1️⃣ 0.09777

STOPLOSS : 0.09067",6c6a55cf1f479c6918d887e795967965,2026-09-26T18:40:31+00:00,2026-09-26T23:27:44.741565+00:00,1239,mars_cryptosignai
1676139,17775,"#2Z/ USDT — BUY (LONG) 
Leverage: Cross 25x – 50x
...T IS KEY
👉 Use ONLY 2 – 3% of your total portfolio",3a8afb9988f8b4be86a082fe11d0c50c,2026-09-26T18:40:31+00:00,2026-09-26T23:27:44.605117+00:00,1239,mars_cryptosignai
1676138,17774,"#REZ/USDT LONG   

👉Leverage : Cross 10× To 30×

E...0458
2)  0.00470
3)  0.00482

⭕Stop Loss : 0.00420",11802a6d8a16315f69fb79dd1104206a,2026-09-26T18:40:31+00:00,2026-09-26T23:27:44.590821+00:00,1239,mars_cryptosignai
1676136,17773,"⭐️#RARE/USDT  SHORT

🛡Leverage : Cross 25x50

‼️En....02413

Use only 3% - 5% amount of your portfolio🛍",06e260bbf67bb6492b33ae4b08212668,2026-09-26T18:40:31+00:00,2026-09-26T23:27:44.579823+00:00,1239,mars_cryptosignai
1676135,17771,"#MUBARAK/USDT

📈Signal: Long Leverage: Cross 20X

...even after TP1 is hit.

📣Trade Smart • Follow Risk",06b493c7dbade071a8330a5bfa8a2a5e,2026-09-26T18:40:31+00:00,2026-09-26T23:27:44.571496+00:00,1239,mars_cryptosignai
1676132,17768,"⚡️ ⚡️FARTCOIN/USDT ⚡️⚡️

LONG

Entry Targets :

1.... 
4. 0.2299
5. 0.2484
6. 0.2836

Stoploss : 0.1747",c151be901600ec662ef346b9731277af,2026-09-26T18:40:30+00:00,2026-09-26T23:27:43.046029+00:00,1239,mars_cryptosignai
1676131,17766,"TRADE🪙: #AERO/USDT 

Signal Type📈: Regular (Long)
...ANAGEMENT AND USE ONLY 10-20% OF CAPITAL PER TRADE",c8913775190bb55b910dec43d66806dd,2026-09-26T18:40:09+00:00,2026-09-26T23:27:43.037286+00:00,1239,mars_cryptosignai
1676129,17765,"TRADE🪙: #LYN/USDT 

Signal Type📈: Regular (Long)
L...ANAGEMENT AND USE ONLY 10-20% OF CAPITAL PER TRADE",263f1117ab195c347e6ce9ad3e14b300,2026-09-26T18:40:09+00:00,2026-09-26T23:27:42.308093+00:00,1239,mars_cryptosignai
1676128,17762,"TRADE🪙: #GRASS/USDT 

Signal Type📈: Regular (Long)...ANAGEMENT AND USE ONLY 10-20% OF CAPITAL PER TRADE",b0fcb95bc534194113aaaabc3217c501,2026-09-26T18:40:09+00:00,2026-09-26T23:27:42.299855+00:00,1239,mars_cryptosignai
1676127,17764,"TRADE🪙: #ENA/USDT 

Signal Type📈: Regular (Long)
L...ANAGEMENT AND USE ONLY 10-20% OF CAPITAL PER TRADE",22360a50b1d80b70064ba5578ef5ec54,2026-09-26T18:40:09+00:00,2026-09-26T23:27:42.293309+00:00,1239,mars_cryptosignai
1676126,17763,"TRADE🪙: #NIL/USDT 

Signal Type📈: Regular (Long)
L...ANAGEMENT AND USE ONLY 10-20% OF CAPITAL PER TRADE",ec35ed2d1d1723ebfef40802f903bc7d,2026-09-26T18:40:09+00:00,2026-09-26T23:27:42.290415+00:00,1239,mars_cryptosignai
1676125,17761,"#ARK 🟢 — LONG 

📌 Entry: $0.28
🎯 TP: $0.31 - $0.50
🛑 Stop-Loss: $0.22",b21f397a548a73fc865daa3be451c5da,2026-09-26T18:40:02+00:00,2026-09-26T23:27:42.279218+00:00,1239,mars_cryptosignai
1694301,18196,"🔴 SHORT $WLD/USDT | Cross 50X

✅ Entry: MARKET PRICE 

🎯 TP: 0.5125

🛑 SL: 0.5583",4d67268b5d2279cd826f23b151b39224,2026-09-27T15:48:14+00:00,2026-09-27T16:29:57.439702+00:00,1239,mars_cryptosignai
1694300,18193,"⭐️#US/USDT  LONG 

🛡Leverage : Cross 25x50

‼️Entr...029725

Use only 3% - 5% amount of your portfolio🛍",6cfceed3dd82b9f6838dc47a318ce495,2026-09-27T15:48:14+00:00,2026-09-27T16:29:57.321229+00:00,1239,mars_cryptosignai
1694298,18190,"⚡️$Q/USDT⚡️

LONG
Leverage: 25X

Entry: 0.0433

Ta...get:

1)0.0455
2)0.0490
3)0.0530

Stoploss: 0.0343",322b07ff424fe0a4914a45e49eab0863,2026-09-27T15:48:14+00:00,2026-09-27T16:29:55.698279+00:00,1239,mars_cryptosignai
1694294,18188,"📊 Let’s LONG #Q/USDT

💥 Leverage:  Cross 20×  - 

...0.04730
2) 0.05150
3) 0.05600

🔖 Stop Loss: 0.0417",315fb17b6744ee1a8c0ffb6b0d19b415,2026-09-27T15:48:14+00:00,2026-09-27T16:29:55.623950+00:00,1239,mars_cryptosignai
1694292,18186,"LYN/USDT

LONG LONG LONG 

OPEN MARKET PRICE 

TP ...0.04010
TP 0.04050
TP 0.04090

SL 0.03705

LEV 20X",4521cc3c87fc8120b79d62b690d221a0,2026-09-27T15:48:14+00:00,2026-09-27T16:29:54.053067+00:00,1239,mars_cryptosignai
1694291,18185,"#Q/USDT

📈Signal: Long Leverage: Cross 20X

⚡️Entr...even after TP1 is hit.

📣Trade Smart • Follow Risk",f9e85251cd90d0ec92f67bf8b3c3d39d,2026-09-27T15:48:14+00:00,2026-09-27T16:29:54.033902+00:00,1239,mars_cryptosignai
1694290,18184,"📈 LONG #SOON/USDT 

🚀 LEVERAGE : 50x

📊 ENTRY PRIC...TP🟢0.0309

TP🟢0.0320

STOPLOSS 🔴0.0285

REACTIONS?",821150859f271003b77dfec22e9f64a9,2026-09-27T15:48:14+00:00,2026-09-27T16:29:52.441603+00:00,1239,mars_cryptosignai
1694289,18183,"NEARUSDTUSDT  
Exchanges: BINGX 

🟢 Long
Leverage-... 5.30
4) 5.60
5) 6.05
6) 6.53
7) 🚀🚀🚀 

⛔️ SL:
4.55",8491392d7a2d468f1e9044779872197a,2026-09-27T15:48:14+00:00,2026-09-27T16:29:52.327093+00:00,1239,mars_cryptosignai
1694288,18180,"💰#RUNE / USDT👑

💎Setup Type: Strong LONG 🔖Opportun...

🥉TP ➝ 0.9000

4️⃣TP ➝ 0.9900

🚫Stop Loss: 0.7100",33a726c7a16d97570b52dbbe0869c8be,2026-09-27T15:48:13+00:00,2026-09-27T16:29:50.852310+00:00,1239,mars_cryptosignai
1694286,18179,"#SOON/USDT LONG   

👉Leverage : Cross 10× To 30×

...
1)  0.310
2)  0.322
3)  0.338

⭕Stop Loss : 0.284",0f0c8c24f4a68179c384e4cdeeffed56,2026-09-27T15:48:13+00:00,2026-09-27T16:29:50.810728+00:00,1239,mars_cryptosignai
1694283,18164,"#US/USDT LONG   

👉Leverage : Cross 10× To 30×

En... 0.0320
2)  0.0331
3)  0.0350

⭕Stop Loss : 0.0295",dbc5d76ae5ec5a395009982fbd0da511,2026-09-27T15:48:12+00:00,2026-09-27T16:29:49.193712+00:00,1239,mars_cryptosignai
1694276,18156,"🔰 SEI/USDT 🔰

🟢 LONG 20X

🔳 ENTRY :- 0.07265

☑️ TARGET:- 0.07460 - 0.079 - 0.086

🔴 STOP :- 0.068",ae9569b88b839201417b4a3386701f97,2026-09-27T15:47:09+00:00,2026-09-27T16:29:47.235006+00:00,1239,mars_cryptosignai
1694275,18157,"⚡️⚡️ #POL/USDT ⚡️⚡️
Exchanges: Bingx 
Signal Type:...
5) 0.12660
6) 0.12839
7) 🚀🚀🚀

Stop Targets:
5-10%",490e748554bd77aede62ab93d9b1280f,2026-09-27T15:47:09+00:00,2026-09-27T16:29:47.227840+00:00,1239,mars_cryptosignai
1694274,18155,"🟢 Long

#ZIL/USDT

Entry : 

1) 0.0037200
2) 0.003...745

🛑 Stop : 0.0034856

Leverage : 10x (isolated)",6d8d51566fcac70c789a4ee7cbbdd913,2026-09-27T15:47:09+00:00,2026-09-27T16:29:45.656824+00:00,1239,mars_cryptosignai
1694273,18154,"💵 𝐒𝐈𝐆𝐍𝐀𝐋 𝐀𝐋𝐄𝐑𝐓 💵

#IN/USDT (25xLONG)

✅ ENTRY:0.04...
TARGETS:- 0.04450/0.047/0.051

❌ STOP LOSS: 0.037",dec5e7db7847e1ca9c66f93edb63ec11,2026-09-27T15:47:09+00:00,2026-09-27T16:29:45.592653+00:00,1239,mars_cryptosignai
1694272,18153,"⚡️⚡️ #XAI/USDT ⚡️⚡️
Exchanges: Bingx 
Signal Type:...
5) 0.00976
6) 0.00990
7) 🚀🚀🚀

Stop Targets:
5-10%",7d65daf11667087103fa6b7ec91f055e,2026-09-27T15:47:09+00:00,2026-09-27T16:29:45.546851+00:00,1239,mars_cryptosignai
1694263,18143,"📊 #IN/USDT

🟢 POSITION: LONG

💰 ENTRY RANGE
➤ 0.04...➤ 0.0360

━━━━━━━━━━━━━━━━━━

✅ Manage risk wisely",3bb5fe66dbff06db3ca69c28ebb4458d,2026-09-27T15:47:04+00:00,2026-09-27T16:29:42.257253+00:00,1239,mars_cryptosignai
1694262,18142,"🐳 KITE/USDT #LONG🐳

✳️ ENTRY :- 0.158 - 0.151

💢 L...: 0.182

⛔️ STOP-LOSS :- 0.144

☝️ Margin Use 2–3%",0cd92e8644ef6a4b43a4f36b50ceeefc,2026-09-27T15:47:04+00:00,2026-09-27T16:29:42.251814+00:00,1239,mars_cryptosignai
1694261,18141,"#TRUST/USDT

📈Signal: Long Leverage: Cross 20X

⚡️...even after TP1 is hit.

📣Trade Smart • Follow Risk",b8c2f9233625b6addf016763fe587d36,2026-09-27T15:47:04+00:00,2026-09-27T16:29:42.238614+00:00,1239,mars_cryptosignai
1694260,18140,"$GRASS/USDT #LONG📩

✅ENTRY :-0.5790/0.5590

Target...𝐎𝐧𝐥𝐲 𝟏-𝟑% 𝐎𝐟 𝐎𝐮𝐫 𝐃𝐞𝐩𝐨𝐬𝐢𝐭 𝐅𝐨𝐫 𝐄𝐚𝐜𝐡 𝐓𝐫𝐚𝐝𝐞

React,??m",09eddc5a6a8d61368e639b9cb17bac47,2026-09-27T15:47:04+00:00,2026-09-27T16:29:40.618848+00:00,1239,mars_cryptosignai
1694257,18139,"📈 LONG #US/USDT

♻ Leverage: 20X

➡️ Entry :- 0.03...1) 0.0315
2) 0.0330
3) 0.0350

⭕ Stop Loss: 0.0262",1fbd03d0ed531044f6b86df68cab90d1,2026-09-27T15:47:04+00:00,2026-09-27T16:29:40.594659+00:00,1239,mars_cryptosignai
1694259,18138,"⚡️$Q/USDT⚡️

LONG
Leverage: 25X

Entry: 0.0433

Ta...get:

1)0.0455
2)0.0490
3)0.0530

Stoploss: 0.0343",322b07ff424fe0a4914a45e49eab0863,2026-09-27T15:47:03+00:00,2026-09-27T16:29:40.600163+00:00,1239,mars_cryptosignai
1694258,18135,"#RARE/USDT

📈Signal: Long Leverage: Cross 20X

⚡️E...even after TP1 is hit.

📣Trade Smart • Follow Risk",2d3eafd7cdfab3770b4d8220a1cdda83,2026-09-27T15:47:03+00:00,2026-09-27T16:29:40.597372+00:00,1239,mars_cryptosignai
1694255,18113,"📈 SOON/USDT 📈

🟢 LONG SETUP

💰 Entry Zone: 0.2670 ...et 1. 
✅ Move SL to breakeven after Target 1 hits.",5d07a0a6b26dc96e431a8b721cf184f4,2026-09-27T15:47:02+00:00,2026-09-27T16:29:37.439996+00:00,1239,mars_cryptosignai
1694254,18112,"⭐ US /USDT — LONG

💵 ENTRY:0.030880-0.029300

⚙️ L...o

📌 Follow the setup and manage your risk wisely.",90eebb217f7fa56af7f7e476a7744fed,2026-09-27T15:47:02+00:00,2026-09-27T16:29:37.423746+00:00,1239,mars_cryptosignai
1694208,18057,"⚡️$EPIC/USDT⚡️

LONG
Leverage: 25X

Entry: 0.534

Target:

1)0.540
2)0.550
3)0.565

Stoploss: 0.511",3923bcbad8520465ae95322c096dd214,2026-09-27T15:46:03+00:00,2026-09-27T16:29:08.346795+00:00,1239,mars_cryptosignai
1694207,18056,"⚡️$SEI/USDT⚡️

LONG
Leverage: 20X

Entry: 0.07265
...arget:

1)0.07460
2)0.079
3)0.086

Stoploss: 0.068",f8bcfeb6077d9006e700e5ab823c3ba5,2026-09-27T15:46:03+00:00,2026-09-27T16:29:06.695669+00:00,1239,mars_cryptosignai
1694206,18055,"🔴 SHORT

#ZEC/USDT

Entry : 

1) 1677.41
2) 1727.7...61.35

🛑 Stop : 1783.08

Leverage : 10x (isolated)",20bbe42fd877090f80b1bd5f8c14a497,2026-09-27T15:46:03+00:00,2026-09-27T16:29:06.508887+00:00,1239,mars_cryptosignai
1694205,18054,"⚡️$QNT/USDT⚡️

LONG
Leverage: 25X

Entry: 174

Target:

1)177
2)180
3)190

Stoploss: 160",16db229a2df4c20b0a23213730e72a10,2026-09-27T15:46:03+00:00,2026-09-27T16:29:06.484788+00:00,1239,mars_cryptosignai
1694204,18053,"⚡️$US/USDT⚡️

LONG
Leverage: 20X

Entry: 0.0305

T...et: 

1)0.0315
2)0.0330
3)0.0350

Stoploss: 0.0262",17d747028a40d4a26bebf9202b78e620,2026-09-27T15:46:03+00:00,2026-09-27T16:29:04.970280+00:00,1239,mars_cryptosignai
1694203,18036,"TRADE🪙: #KMNO/USDT 

Signal Type📈: Regular (Long)
...ANAGEMENT AND USE ONLY 10-20% OF CAPITAL PER TRADE",11fe26183b5403d475f05a932eb13189,2026-09-27T15:45:44+00:00,2026-09-27T16:29:04.968093+00:00,1239,mars_cryptosignai
1694202,18035,"🎯 TRIAUSDT POTENTIAL TRADE | Up to +17.46% Target
...ntries and full analysis by subscribing to VIP. DM",8039b927873d9a556a0bced9c337dc59,2026-09-27T15:45:41+00:00,2026-09-27T16:29:04.949080+00:00,1239,mars_cryptosignai
1694198,18028,"🎯 CTRUSDT POTENTIAL TRADE | Up to +7.37% Target

💎...ntries and full analysis by subscribing to VIP. DM",d6ea6f0954e964d02085a0c6f5a1c98c,2026-09-27T15:45:28+00:00,2026-09-27T16:29:03.128133+00:00,1239,mars_cryptosignai
1694196,18026,"TRADE🪙: #KAS/USDT 

Signal Type📈: Regular (Long)
L...ANAGEMENT AND USE ONLY 10-20% OF CAPITAL PER TRADE",3ef6f110643a7fba6b090ba66d00819b,2026-09-27T15:45:22+00:00,2026-09-27T16:29:03.022925+00:00,1239,mars_cryptosignai
1694189,18022,"#SHORT 🔴 

#BCH/USDT 

Margin Mode : Isolated💎

Si...🟥 300.6

🟩 SL : 347.2 - 100%

📊 LEV : 20X

Premium",2ae0b03fdcb43dea77debdd27e4e183e,2026-09-27T15:45:22+00:00,2026-09-27T16:29:01.118831+00:00,1239,mars_cryptosignai
1694187,18020,"#LONG 🟢

#DOT/USDT

Margin Mode : Isolated 💎

Sign...428

🟥 SL : 1.1709 - 100%   

📊 LEV : 20X

Premium",a5ed970a08f0b89047653f2a4d9bbeaf,2026-09-27T15:45:22+00:00,2026-09-27T16:28:59.475749+00:00,1239,mars_cryptosignai
1694183,18013,"TRADE🪙: #ARK/USDT 

Signal Type📈: Regular (Long)
L...ANAGEMENT AND USE ONLY 10-20% OF CAPITAL PER TRADE",1ec554bd0d7449b4f7d48c86e1c64f2f,2026-09-27T15:45:04+00:00,2026-09-27T16:28:57.778326+00:00,1239,mars_cryptosignai
1694182,18012,"TRADE🪙: #RARE/USDT 

Signal Type📈: Regular (Long)
...ANAGEMENT AND USE ONLY 10-20% OF CAPITAL PER TRADE",1c67dfd42e9746b41ddb02aafa8bcd81,2026-09-27T15:45:04+00:00,2026-09-27T16:28:56.199767+00:00,1239,mars_cryptosignai
1694181,18011,"TRADE🪙: #SEI/USDT 

Signal Type📈: Regular (Long)
L...ANAGEMENT AND USE ONLY 10-20% OF CAPITAL PER TRADE",ae5a4abe2959bcf95f1fef28b915b4e8,2026-09-27T15:45:04+00:00,2026-09-27T16:28:56.196094+00:00,1239,mars_cryptosignai
1694178,18008,"TRADE🪙: #WLD/USDT 

Signal Type📈: Regular (Long)
L...ANAGEMENT AND USE ONLY 10-20% OF CAPITAL PER TRADE",df2d9b2d1ee0e82008a158292e0fcb5c,2026-09-27T15:44:58+00:00,2026-09-27T16:28:54.583785+00:00,1239,mars_cryptosignai
1694177,18007,"TRADE🪙: #CC/USDT 

Signal Type📈: Regular (Long)
Le...ANAGEMENT AND USE ONLY 10-20% OF CAPITAL PER TRADE",b0ff27dafd76fd27841da92c5fdcbafe,2026-09-27T15:44:58+00:00,2026-09-27T16:28:54.476614+00:00,1239,mars_cryptosignai
1694176,18005,"TRADE🪙: #PROM/USDT 

Signal Type📈: Regular (Long)
...ANAGEMENT AND USE ONLY 10-20% OF CAPITAL PER TRADE",eb575b792b75302cf98905a7adeacd23,2026-09-27T15:44:58+00:00,2026-09-27T16:28:54.470091+00:00,1239,mars_cryptosignai
1694175,18006,"TRADE🪙: #Q/USDT 

Signal Type📈: Regular (Long)
Lev...ANAGEMENT AND USE ONLY 10-20% OF CAPITAL PER TRADE",46d85a8a0cc873e43f2f8a2ff7b1df64,2026-09-27T15:44:58+00:00,2026-09-27T16:28:54.449228+00:00,1239,mars_cryptosignai
1694174,18004,"TRADE🪙: #RARE/USDT 

Signal Type📈: Regular (Long)
...ANAGEMENT AND USE ONLY 10-20% OF CAPITAL PER TRADE",1c67dfd42e9746b41ddb02aafa8bcd81,2026-09-27T15:44:58+00:00,2026-09-27T16:28:52.955198+00:00,1239,mars_cryptosignai
1694173,17994,"⚡️⚡️#ENA/USDT⚡️⚡️

LONG
LEVERAGE : 75x

ENTRY PRIC...GET  

TP 0.282
TP 0.290
TP 0.305

STOPLOSS: 0.260",319da2b58418fd092c48e5c23c563027,2026-09-27T15:44:49+00:00,2026-09-27T16:28:52.891351+00:00,1239,mars_cryptosignai
1694172,17993,"💫 Pair: NEAR/USDT  💫

🔼 Direction: Long 🔼

✅ Lever...📈 Take Profit: 5.440 📈

⚠️ Stop Loss: 4.450 ⚠️

📈📈",9f145e39d84c95671e8837125f7c7265,2026-09-27T15:44:49+00:00,2026-09-27T16:28:52.816787+00:00,1239,mars_cryptosignai
1694170,17992,"⚡️⚡️#REZ/USDT⚡️⚡️

LONG 
LEVERAGE : 25x - 75x

ENT...
TP2 = 0.00470

TP3 = 0.00482

STOPLOSS  = 0.00420",772704b330643ce666b7b25c2593c638,2026-09-27T15:44:49+00:00,2026-09-27T16:28:52.791967+00:00,1239,mars_cryptosignai
1694171,17991,"⚡️⚡️#PHA/USDT⚡️⚡️

SHORT
LEVERAGE : 50x

ENTRY PRI...:

TP 0.0745
TP 0.0720
TP 0.0690

STOPLOSS: 0.0810",f2fd1b54ab305c1859b6b321e83dc451,2026-09-27T15:44:48+00:00,2026-09-27T16:28:52.798884+00:00,1239,mars_cryptosignai
1694169,17990,"🔴 SHORT $LINK/USDT | Cross 20X

✅ Entry: 14.23

🎯 TP: 13.95 - 13.60 - 13.25

🛑 SL: 15",faef0c3299cc44f74e0b194fc6d6f006,2026-09-27T15:44:48+00:00,2026-09-27T16:28:51.361071+00:00,1239,mars_cryptosignai
1694168,17989,"⚡️⚡️#RESOLV/USDT⚡️⚡️

LONG
LEVERAGE 25X TO 50X

EN...160
TP2 → 0.02220
TP3 →0.02400

STOP LOSS: 0.01980",1bd5df98c41aecea59e26771f4330166,2026-09-27T15:44:48+00:00,2026-09-27T16:28:51.331004+00:00,1239,mars_cryptosignai
1694151,17967,"✅ Long

Pair: #COMP/USDT

📊 Entry Price: 

1) 23.9...5.03
4) 25.53

Stop Loss: 22.39

Leverage: 10x-20x",84a2d6b746177aa64073a8467c4cbe32,2026-09-27T15:44:29+00:00,2026-09-27T16:28:44.363686+00:00,1239,mars_cryptosignai
1694150,17965,"#HNT | LONG SETUP

💰 Entry: $0.5598

🎯 Target1: $0...t4: $0.58107
🎯 Target5: $0.58891

🛡 STOP: $0.53181",03fb30bee5cd1907732a582c0fd588ca,2026-09-27T15:44:28+00:00,2026-09-27T16:28:44.231576+00:00,1239,mars_cryptosignai
1694138,17951,"✅ Long

#VET/USDT

Entry zone : 0.009179 - 0.00946...357
0.010639

Stop loss :0.00880059

Leverage: 10x",ed3e9b535ab5158ea34b21ee1e5ef573,2026-09-27T15:44:09+00:00,2026-09-27T16:28:40.447126+00:00,1239,mars_cryptosignai
1694136,17950,"🟢 Long

#QTUM/USDT

Entry : 

1) 1.036900
2) 1.005...7839

🛑 Stop : 0.971575

Leverage : 10x (isolated)",dff30cfe93ec1cf65714d251f89c2302,2026-09-27T15:44:09+00:00,2026-09-27T16:28:40.443082+00:00,1239,mars_cryptosignai
1698555,18405,"💎#ONE/USDT  LONG

👍Leverage : Cross 25x50

🔝Entry ...019850

Use only 3% - 5% amount of your portfolio🤩",fc6cb8dd49ada1e92d70f26b6c9c3d02,2026-09-27T15:50:16+00:00,2026-09-27T19:01:04.987833+00:00,1239,mars_cryptosignai
1698548,18403,"🪙#ONE/USDT

🚩POSITION — LONG

🔒  LEVERAGE — 20X75
...200
TP🥉: 0.0024500

⛔️ SL: 0.0018700

🔥REACTIONS?😜",311898c9a3b767117094699484f25b52,2026-09-27T15:50:16+00:00,2026-09-27T19:01:01.308130+00:00,1239,mars_cryptosignai
1698547,18404,ONEUSDT LONG NOW,7e6af733c9a8e38a5150db3d8fc179c1,2026-09-27T15:50:16+00:00,2026-09-27T19:01:01.299066+00:00,1239,mars_cryptosignai
1698546,18402,"#ONE/USDT LONG NOW 📈
🏠ENTRY: ( 0.0021489 )",a2c0429b42712c2a5173b92534be63b3,2026-09-27T15:50:16+00:00,2026-09-27T19:01:01.209804+00:00,1239,mars_cryptosignai
1698544,18400,"XLMUSDTUSDT  
Exchanges: BINGX 

🟢 Long
Leverage- ....26127000
6) 0.28217000
7) 🚀🚀🚀 

⛔️ SL:
0.19872000",2c747ade1617a4ffde595d19a95efe02,2026-09-27T15:50:15+00:00,2026-09-27T19:01:01.174445+00:00,1239,mars_cryptosignai
1698540,18394,"🔴 SHORT

#SNX/USDT

Entry zone : 0.275731 - 0.2677...42134
0.234063

Stop loss :0.286439

Leverage: 10x",ce01e2ae428c8d6dc9ebb32decb92e47,2026-09-27T15:50:15+00:00,2026-09-27T19:00:57.963302+00:00,1239,mars_cryptosignai
1698539,18393,"🪙#ONE/USDT

🚩POSITION — LONG

🔒  LEVERAGE — 20X75
...200
TP🥉: 0.0024500

⛔️ SL: 0.0018700

🔥REACTIONS?😜",311898c9a3b767117094699484f25b52,2026-09-27T15:50:15+00:00,2026-09-27T19:00:57.948784+00:00,1239,mars_cryptosignai
1698538,18392,"#ONE/USDT LONG NOW 📈
🏠ENTRY: ( 0.0021489 )",a2c0429b42712c2a5173b92534be63b3,2026-09-27T15:50:15+00:00,2026-09-27T19:00:57.879368+00:00,1239,mars_cryptosignai
1698537,18391,"#HYPE - LONG 50X

Entry  92.2
DCA will update if n...% -200%-300% +++

SL= Will update

Using 1% wallet",38d41cb39ce619ece4a49f28e30d7176,2026-09-27T15:50:15+00:00,2026-09-27T19:00:57.858509+00:00,1239,mars_cryptosignai
1698535,18390,"XLMUSDTUSDT  
Exchanges: BINGX 

🟢 Long
Leverage- ....26127000
6) 0.28217000
7) 🚀🚀🚀 

⛔️ SL:
0.19872000",2c747ade1617a4ffde595d19a95efe02,2026-09-27T15:50:15+00:00,2026-09-27T19:00:56.331946+00:00,1239,mars_cryptosignai
1698533,18387,"🔴 SHORT

#SNX/USDT

Entry zone : 0.275731 - 0.2677...42134
0.234063

Stop loss :0.286439

Leverage: 10x",ce01e2ae428c8d6dc9ebb32decb92e47,2026-09-27T15:50:15+00:00,2026-09-27T19:00:56.278646+00:00,1239,mars_cryptosignai
1698528,18382,"⚡️Pair: #Q/USDT
Type: LONG 🟢
💫Leverage:  (20X_100X...52
2) 0.059
3) 0.072
4) 0.099

❌ STOP LOSS: 0.035❌",388fdc80467e0121cb9d4dc72485da59,2026-09-27T15:49:53+00:00,2026-09-27T19:00:54.551925+00:00,1239,mars_cryptosignai
1698525,18379,"🎯 MMTUSDT POTENTIAL TRADE | Up to +11.01% Target

...ntries and full analysis by subscribing to VIP. DM",4c4c1e6974327c706b17a6cdcc7e79ac,2026-09-27T15:49:47+00:00,2026-09-27T19:00:52.709621+00:00,1239,mars_cryptosignai
1698522,18374,"🟢 Buy - $BTR
Futures pair: BTRUSDT

- Entry market...ot financial advice. Trade at your own risk.

#BTR",e3362879e103cbe621d9edef1e8a99c4,2026-09-27T15:49:40+00:00,2026-09-27T19:00:51.005956+00:00,1239,mars_cryptosignai
1698520,18372,"⚡️⚡️#W/USDT⚡️⚡️

SHORT
LEVERAGE : 50x

ENTRY: 0.01...FIT TARGET:

TP 0.0146
TP 0.0141

STOPLOSS: 0.0158",e8ef5051f09ab516cb8278e1c4d7fd06,2026-09-27T15:49:31+00:00,2026-09-27T19:00:50.868474+00:00,1239,mars_cryptosignai
1698519,18371,"⚡️⚡️#RUNE/USDT⚡️⚡️

Long
Leverage: 30x 

Entry: 0.... 0.8400
TP ➝ 0.9000
TP ➝ 0.9900

Stop Loss: 0.7100",eb537917a01e43690ec34ca90933a68a,2026-09-27T15:49:31+00:00,2026-09-27T19:00:50.847606+00:00,1239,mars_cryptosignai
1698516,18368,"TRADE🪙: #US/USDT 

Signal Type📈: Regular (Long)
Le...ANAGEMENT AND USE ONLY 10-20% OF CAPITAL PER TRADE",631e5115d8265193a96365e95893ea1c,2026-09-27T15:49:20+00:00,2026-09-27T19:00:48.894185+00:00,1239,mars_cryptosignai
1698514,18366,"TRADE🪙: #QNT/USDT 

Signal Type📈: Regular (Long)
L...ANAGEMENT AND USE ONLY 10-20% OF CAPITAL PER TRADE",d0d01f516735d1657e20a33a22dcb413,2026-09-27T15:49:20+00:00,2026-09-27T19:00:46.510038+00:00,1239,mars_cryptosignai
1698513,18365,"TRADE🪙: #RUNE/USDT 

Signal Type📈: Regular (Long)
...ANAGEMENT AND USE ONLY 10-20% OF CAPITAL PER TRADE",82b4b8c091fbe6e343b5ac6074a5df42,2026-09-27T15:49:20+00:00,2026-09-27T19:00:46.509402+00:00,1239,mars_cryptosignai
1698511,18361,"✅ Long

Pair: #DASH/USDT

📊 Entry Price: 

1) 68.5...1.84
4) 73.28

Stop Loss: 64.26

Leverage: 10x-20x",07fd84e097ee056f36b6c73af61a3dc0,2026-09-27T15:49:17+00:00,2026-09-27T19:00:44.584395+00:00,1239,mars_cryptosignai
1698510,18360,"❖ SOON/USDT

❖ SHORT [ 10×20 ]

➤ Entry Zone:- 0.2...
▪️ TP2: 0.270
▪️ TP3: 0.250

➤ Stop Loss :- 0.315",1d6888575ba1cf316fabc615b1a9fb7d,2026-09-27T15:49:16+00:00,2026-09-27T19:00:44.516506+00:00,1239,mars_cryptosignai
1698509,18359,"✨ARB/USDT

🎗 Trade Type = SHORT 🔴

⭐️ Leverage :- ...590, 0.22360, 0.22082, 0.21866, 0.21659, 0.21380 ]",6aff67faefa4f2cd1abd60fce7d2610b,2026-09-27T15:49:16+00:00,2026-09-27T19:00:44.474075+00:00,1239,mars_cryptosignai
1698508,18356,"📈 LONG #GRASS/USDT 

🚀 LEVERAGE : 75x

📊 ENTRY PRI... 

TP¹🟢0.64

TP²🟢0.67

STOPLOSS 🔴0.60


REACTIONS?",72b6ad9d1b227d95ea51abd2ac0ccebe,2026-09-27T15:49:16+00:00,2026-09-27T19:00:44.466193+00:00,1239,mars_cryptosignai
1698506,18354,"🌈PAIR:- #Q/USDT
⚡️ Direction : LONG
🛠 Leverage: Cr...nt Usage:- 1 - 2%
(According To your Risk Setting)",b91550587d049784c104fa84f9f52469,2026-09-27T15:49:16+00:00,2026-09-27T19:00:42.704401+00:00,1239,mars_cryptosignai
1698505,18353,"✅ Long

Pair: #DASH/USDT

📊 Entry Price: 

1) 68.5...1.84
4) 73.28

Stop Loss: 64.26

Leverage: 10x-20x",07fd84e097ee056f36b6c73af61a3dc0,2026-09-27T15:49:16+00:00,2026-09-27T19:00:42.659558+00:00,1239,mars_cryptosignai
1698504,18352,"❖ SOON/USDT

❖ SHORT [ 10×20 ]

➤ Entry Zone:- 0.2...
▪️ TP2: 0.270
▪️ TP3: 0.250

➤ Stop Loss :- 0.315",1d6888575ba1cf316fabc615b1a9fb7d,2026-09-27T15:49:16+00:00,2026-09-27T19:00:42.643764+00:00,1239,mars_cryptosignai
1698503,18348,"📈 LONG #GRASS/USDT 

🚀 LEVERAGE : 75x

📊 ENTRY PRI... 

TP¹🟢0.64

TP²🟢0.67

STOPLOSS 🔴0.60


REACTIONS?",72b6ad9d1b227d95ea51abd2ac0ccebe,2026-09-27T15:49:16+00:00,2026-09-27T19:00:42.622641+00:00,1239,mars_cryptosignai
1698502,18351,"✨ARB/USDT

🎗 Trade Type = SHORT 🔴

⭐️ Leverage :- ...590, 0.22360, 0.22082, 0.21866, 0.21659, 0.21380 ]",6aff67faefa4f2cd1abd60fce7d2610b,2026-09-27T15:49:16+00:00,2026-09-27T19:00:40.617130+00:00,1239,mars_cryptosignai
1698500,18346,"🌈PAIR:- #Q/USDT
⚡️ Direction : LONG
🛠 Leverage: Cr...nt Usage:- 1 - 2%
(According To your Risk Setting)",b91550587d049784c104fa84f9f52469,2026-09-27T15:49:16+00:00,2026-09-27T19:00:40.441966+00:00,1239,mars_cryptosignai
1698499,18342,"🔰 PAIR: ADA/ USDT 💹

🟢Position: LONG🚀

☑️ Entry Zo...:
🥇 0.2570
🥈 0.2600
🥉 0.2632

❌ Stop Loss: 🔴0.2500",ea84a76a73c291e1881262621ae6034a,2026-09-27T15:49:16+00:00,2026-09-27T19:00:40.421794+00:00,1239,mars_cryptosignai
1698497,18344,"📊 Q/USDT — LONG

📍 ENTRY: 0.04670

🎯 TARGET 1: 0.0...Manage your risk & trade responsibly.

🔥 LET’S GO!",8f09a0fae84a27fa86a200bff1bb1e08,2026-09-27T15:49:16+00:00,2026-09-27T19:00:40.406555+00:00,1239,mars_cryptosignai
1698496,18340,"👑 #Q/USDT — TRADE LONG

LEVERAGE 25X TO 50X

✔️ EN...

⛔️ STOP LOSS: 0.04420

⚡️ NO FEAR — JUST PROFITS",c5eaeb79de06e034bf5537947c547a76,2026-09-27T15:49:15+00:00,2026-09-27T19:00:38.674581+00:00,1239,mars_cryptosignai
1698493,18334,"🟢ETH/USDT My Short Trade Setup

Leverage 100X

Ent... 2670

Stop Loss  :  2725

Follow Money Management",f7efdf68379765b97307c67772ad9fde,2026-09-27T15:49:15+00:00,2026-09-27T19:00:38.536763+00:00,1239,mars_cryptosignai
1698492,18335,"📊 Let’s LONG #Q/USDT

💥 Leverage:  Cross 20×  - 

...1) 0.0488
2) 0.0503
3) 0.0560

🔖 Stop Loss: 0.0442",1ae7a51ab4705211881d9c83c8265c4b,2026-09-27T15:49:15+00:00,2026-09-27T19:00:38.534879+00:00,1239,mars_cryptosignai
1698491,18333,"📈 LONG #XVG/USDT 

🚀 LEVERAGE : 50x

📊 ENTRY PRICE...🟢0.0038

TP²🟢0.0040

STOPLOSS 🔴0.0035


REACTIONS?",c2016e2f7437a4d97be5be1594c8cd0c,2026-09-27T15:49:15+00:00,2026-09-27T19:00:37.002432+00:00,1239,mars_cryptosignai
1698490,18331,"#QNT/USDT

📈Signal: Long Leverage: Cross 20X

⚡️En...even after TP1 is hit.

📣Trade Smart • Follow Risk",479708a777a9851a3a9b8025f72a652e,2026-09-27T15:49:15+00:00,2026-09-27T19:00:36.896421+00:00,1239,mars_cryptosignai
1698489,18330,"📉 SHORT #W/USDT 

🚀 LEVERAGE : 50x

📊 ENTRY PRICE ...TP🟢0.0146

TP🟢0.0141

STOPLOSS 🔴0.0158

REACTIONS?",616a211aacb8c5cfc18a534a80c75f7d,2026-09-27T15:49:15+00:00,2026-09-27T19:00:36.869814+00:00,1239,mars_cryptosignai
1698487,18327,"📊#DEEP/USDT — LONG

⚡️ Leverage : 10X – 30X

💹Entr...Entry After TP1

⚖️ Follow Proper Risk Management.",77c053c9c0218e4532c282a3a6c62c8a,2026-09-27T15:49:15+00:00,2026-09-27T19:00:34.789275+00:00,1239,mars_cryptosignai
1698486,18326,"📊 Let’s LONG #Q/USDT

💥 Leverage:  Cross 20×  - 

...0.04730
2) 0.05150
3) 0.05600

🔖 Stop Loss: 0.0417",315fb17b6744ee1a8c0ffb6b0d19b415,2026-09-27T15:49:15+00:00,2026-09-27T19:00:34.765143+00:00,1239,mars_cryptosignai
1698484,18324,"#Q/USDT

📈Signal: Long Leverage: Cross 20X

⚡️Entr...even after TP1 is hit.

📣Trade Smart • Follow Risk",f9e85251cd90d0ec92f67bf8b3c3d39d,2026-09-27T15:49:15+00:00,2026-09-27T19:00:32.989343+00:00,1239,mars_cryptosignai
1698483,18323,"📈 LONG #SOON/USDT 

🚀 LEVERAGE : 50x

📊 ENTRY PRIC...TP🟢0.0309

TP🟢0.0320

STOPLOSS 🔴0.0285

REACTIONS?",821150859f271003b77dfec22e9f64a9,2026-09-27T15:49:15+00:00,2026-09-27T19:00:32.988281+00:00,1239,mars_cryptosignai
1698485,18320,"👑My Coin: $LYN/USDT
👀Looking for LONG

🌟0.03932 Wi...️I Will Set: 0.03801
°°°°°°°°°°°°°° As my stoploss",01a8d6887d409f90cbf3b6194fa2b8e3,2026-09-27T15:49:14+00:00,2026-09-27T19:00:34.613534+00:00,1239,mars_cryptosignai
1698482,18321,"📍Coin : #SUPER/USDT

🟢 LONG 

👉 Entry: 0.2047 - 0....t 5: 0.2149
🎯 Target 6: 0.2170

❌ StopLoss: 0.1954",7b6c5598d1523db709d4c52016932360,2026-09-27T15:49:14+00:00,2026-09-27T19:00:32.974989+00:00,1239,mars_cryptosignai
1698481,18322,"NEARUSDTUSDT  
Exchanges: BINGX 

🟢 Long
Leverage-... 5.30
4) 5.60
5) 6.05
6) 6.53
7) 🚀🚀🚀 

⛔️ SL:
4.55",8491392d7a2d468f1e9044779872197a,2026-09-27T15:49:14+00:00,2026-09-27T19:00:32.973806+00:00,1239,mars_cryptosignai
1698480,18318,"#SOON/USDT LONG   

👉Leverage : Cross 10× To 30×

...
1)  0.310
2)  0.322
3)  0.338

⭕Stop Loss : 0.284",0f0c8c24f4a68179c384e4cdeeffed56,2026-09-27T15:49:14+00:00,2026-09-27T19:00:20.885548+00:00,1239,mars_cryptosignai
1698478,18316,"⭐ QNT /USDT — LONG

💵 ENTRY:174.00-172.00

⚙️ LEVE...o

📌 Follow the setup and manage your risk wisely.",84908d650ef750fa43d9696de87463a9,2026-09-27T15:49:14+00:00,2026-09-27T19:00:20.840161+00:00,1239,mars_cryptosignai
1698477,18315,"#SOON/ USDT — BUY (LONG) 
Leverage: Cross 25x – 50...T IS KEY
👉 Use ONLY 2 – 3% of your total portfolio",174ce7bc33e2c2fdad35d162c48cb20b,2026-09-27T15:49:14+00:00,2026-09-27T19:00:20.774358+00:00,1239,mars_cryptosignai
1698476,18314,"🌈PAIR:- #SAGA/USDT
⚡️ Direction : SHORT
🛠 Leverage...nt Usage:- 1 - 2%
(According To your Risk Setting)",87d9b28387f00c726a77ccd01c6dfa68,2026-09-27T15:49:14+00:00,2026-09-27T19:00:20.762938+00:00,1239,mars_cryptosignai
1698475,18313,"✅ Long

#KAVA/USDT

Entry zone : 0.065979 - 0.0680...4447
0.076478

Stop loss :0.0632586

Leverage: 10x",49a8198e555c87ca5bb354780b7dbd10,2026-09-27T15:49:14+00:00,2026-09-27T19:00:20.714039+00:00,1239,mars_cryptosignai
1698474,18312,"Coin #RUNE/USDT

Position: LONG 

Leverage:  Cross...rgets: 🎯 0.8000, 0.8370, 0.8890

Stop Loss: 0.7320",46a14001e3628c1315b637710670d5e8,2026-09-27T15:49:14+00:00,2026-09-27T19:00:20.649318+00:00,1239,mars_cryptosignai
1698473,18311,"#QNT/ USDT — BUY (LONG) 
Leverage: Cross 25x – 50x...T IS KEY
👉 Use ONLY 2 – 3% of your total portfolio",4c4d5057f8f9c4b934f4d6b9c12ad2cd,2026-09-27T15:49:14+00:00,2026-09-27T19:00:20.619587+00:00,1239,mars_cryptosignai
1698472,18310,"#US/USDT LONG   

👉Leverage : Cross 10× To 30×

En... 0.0320
2)  0.0331
3)  0.0350

⭕Stop Loss : 0.0295",dbc5d76ae5ec5a395009982fbd0da511,2026-09-27T15:49:14+00:00,2026-09-27T19:00:20.590676+00:00,1239,mars_cryptosignai
1698471,18309,"⚡️$Q/USDT⚡️

LONG
Leverage: 25X

Entry: 0.0433

Ta...get:

1)0.0455
2)0.0490
3)0.0530

Stoploss: 0.0343",322b07ff424fe0a4914a45e49eab0863,2026-09-27T15:49:14+00:00,2026-09-27T19:00:20.579937+00:00,1239,mars_cryptosignai
1698470,18308,"#QNT/USDT LONG   

👉Leverage : Cross 10× To 30×

E... Profit

1)  185
2)  191
3)  200

⭕Stop Loss : 170",0a4589a5020e806821b2717e88bb604b,2026-09-27T15:49:14+00:00,2026-09-27T19:00:20.554510+00:00,1239,mars_cryptosignai
1698463,18299,"📈 LONG #US/USDT

♻ Leverage: 20X

➡️ Entry :- 0.03...1) 0.0315
2) 0.0330
3) 0.0350

⭕ Stop Loss: 0.0262",1fbd03d0ed531044f6b86df68cab90d1,2026-09-27T15:48:24+00:00,2026-09-27T19:00:20.243155+00:00,1239,mars_cryptosignai
1698461,18297,"#QNT USDT — BUY (LONG) 
🎉
🟢 Leverage: Cross  50x

...️Stop Loss: 158.00

⬇️ Risk Management:

 REACTION",e1b89f8aee67a417450a67898595e260,2026-09-27T15:48:24+00:00,2026-09-27T19:00:20.196371+00:00,1239,mars_cryptosignai
1698460,18296,"📊 Q/USDT — LONG

📍 ENTRY: 0.04670

🎯 TARGET 1: 0.0...Manage your risk & trade responsibly.

🔥 LET’S GO!",8f09a0fae84a27fa86a200bff1bb1e08,2026-09-27T15:48:24+00:00,2026-09-27T19:00:20.125114+00:00,1239,mars_cryptosignai
1698459,18295,"⚡️Pair: Q/USDT
Type: LONG 🟢
💫Leverage:  (20X_100X)...52
2) 0.059
3) 0.072
4) 0.099

❌ STOP LOSS: 0.035❌",82216b3cab86facc9d0d9f46c886a021,2026-09-27T15:48:24+00:00,2026-09-27T19:00:20.037028+00:00,1239,mars_cryptosignai
1698458,18294,"🔰 PAIR: ADA/ USDT 💹

🟢Position: LONG🚀

☑️ Entry Zo...:
🥇 0.2570
🥈 0.2600
🥉 0.2632

❌ Stop Loss: 🔴0.2500",ea84a76a73c291e1881262621ae6034a,2026-09-27T15:48:23+00:00,2026-09-27T19:00:20.026915+00:00,1239,mars_cryptosignai
1698456,18292,"👑 #Q/USDT — TRADE LONG

LEVERAGE 25X TO 50X

✔️ EN...

⛔️ STOP LOSS: 0.04420

⚡️ NO FEAR — JUST PROFITS",c5eaeb79de06e034bf5537947c547a76,2026-09-27T15:48:23+00:00,2026-09-27T19:00:19.981594+00:00,1239,mars_cryptosignai
1698455,18291,"🚀 LONG: $QNT/USDT
LEVERAGE: 50x

✔️ENTRY PRICE: 17...176.50-187.00-203.00

STOP LOSS:  164


REACTIONS?",91228b86d31266a3eb4eced973c3bf11,2026-09-27T15:48:23+00:00,2026-09-27T19:00:19.963719+00:00,1239,mars_cryptosignai
1698454,18290,"💎#W/USDT  SHORT

👍Leverage : Cross 25x50

🔝Entry :...016250

Use only 3% - 5% amount of your portfolio🤩",12ef3a44b265adbd32b493a6c72ecd26,2026-09-27T15:48:23+00:00,2026-09-27T19:00:17.693225+00:00,1239,mars_cryptosignai
1698453,18289,"❖ US/USDT

❖ SHORT [ 10×20 ]

➤ Entry Zone:- 0.030... TP2: 0.0270
▪️ TP3: 0.0250

➤ Stop Loss :- 0.0325",06d8afefd0e39bb8882fd80b5aa991bf,2026-09-27T15:48:23+00:00,2026-09-27T19:00:17.690254+00:00,1239,mars_cryptosignai
1698452,18288,"⚡️⚡️ #STEEM/USDT ⚡️⚡️
Exchanges: Bingx 
Signal Typ...
5) 0.06950
6) 0.07049
7) 🚀🚀🚀

Stop Targets:
5-10%",d7dcd3c87d577e0a83ddfb59bd4de362,2026-09-27T15:48:23+00:00,2026-09-27T19:00:17.672566+00:00,1239,mars_cryptosignai
1698451,18287,"⚡️⚡️ #VTHO/USDT ⚡️⚡️
Exchanges: Bingx 
Signal Type...
5) 0.00083
6) 0.00084
7) 🚀🚀🚀

Stop Targets:
5-10%",a3571bebd9a6f512eeb0c7e70d012fca,2026-09-27T15:48:23+00:00,2026-09-27T19:00:17.667073+00:00,1239,mars_cryptosignai
1698450,18286,"⚡️⚡️ #THE/USDT ⚡️⚡️
Exchanges: Bingx 
Signal Type:...
5) 0.08752
6) 0.08876
7) 🚀🚀🚀

Stop Targets:
5-10%",5d98ef7aa8208c324c924911c707388d,2026-09-27T15:48:23+00:00,2026-09-27T19:00:17.663290+00:00,1239,mars_cryptosignai
1698449,18283,"⚡️⚡️ #XAI/USDT ⚡️⚡️
Exchanges: Bingx 
Signal Type:...
5) 0.00976
6) 0.00990
7) 🚀🚀🚀

Stop Targets:
5-10%",7d65daf11667087103fa6b7ec91f055e,2026-09-27T15:48:23+00:00,2026-09-27T19:00:16.487307+00:00,1239,mars_cryptosignai
1698448,18285,"⚡️⚡️ #POL/USDT ⚡️⚡️
Exchanges: Bingx 
Signal Type:...
5) 0.12660
6) 0.12839
7) 🚀🚀🚀

Stop Targets:
5-10%",490e748554bd77aede62ab93d9b1280f,2026-09-27T15:48:23+00:00,2026-09-27T19:00:16.473471+00:00,1239,mars_cryptosignai
1698447,18284,"⚡️⚡️ #UMA/USDT ⚡️⚡️
Exchanges: Bingx 
Signal Type:...
5) 0.44944
6) 0.45580
7) 🚀🚀🚀

Stop Targets:
5-10%",3bdf2c3e5c07aa1a5d3f86943448181c,2026-09-27T15:48:23+00:00,2026-09-27T19:00:16.447881+00:00,1239,mars_cryptosignai
1698446,18282,"📊#TAIKO/USDT–LONG–10x - 30x 🚀

📍 𝐄𝐧𝐭𝐫𝐲 𝐙𝐨𝐧𝐞:

➥ 0....tal.

⚠️ Disclaimer:
Trade at your own risk. DYOR.",53559901e3b5d9a6d8ad966e3fc38b23,2026-09-27T15:48:23+00:00,2026-09-27T19:00:14.873520+00:00,1239,mars_cryptosignai
1698445,18281,"🟢 Long

#ZIL/USDT

Entry : 

1) 0.0037200
2) 0.003...745

🛑 Stop : 0.0034856

Leverage : 10x (isolated)",6d8d51566fcac70c789a4ee7cbbdd913,2026-09-27T15:48:23+00:00,2026-09-27T19:00:14.795884+00:00,1239,mars_cryptosignai
1698444,18280,"🔰 SEI/USDT 🔰

🟢 LONG 20X

🔳 ENTRY :- 0.07265

☑️ TARGET:- 0.07460 - 0.079 - 0.086

🔴 STOP :- 0.068",ae9569b88b839201417b4a3386701f97,2026-09-27T15:48:23+00:00,2026-09-27T19:00:14.722875+00:00,1239,mars_cryptosignai
1698443,18279,"💵 𝐒𝐈𝐆𝐍𝐀𝐋 𝐀𝐋𝐄𝐑𝐓 💵

#IN/USDT (25xLONG)

✅ ENTRY:0.04...
TARGETS:- 0.04450/0.047/0.051

❌ STOP LOSS: 0.037",dec5e7db7847e1ca9c66f93edb63ec11,2026-09-27T15:48:23+00:00,2026-09-27T19:00:14.704219+00:00,1239,mars_cryptosignai
1698442,18278,"🐳 KITE/USDT #LONG🐳

✳️ ENTRY :- 0.158 - 0.151

💢 L...: 0.182

⛔️ STOP-LOSS :- 0.144

☝️ Margin Use 2–3%",0cd92e8644ef6a4b43a4f36b50ceeefc,2026-09-27T15:48:23+00:00,2026-09-27T19:00:14.700346+00:00,1239,mars_cryptosignai
1698441,18277,"📊 #IN/USDT

🟢 POSITION: LONG

💰 ENTRY RANGE
➤ 0.04...➤ 0.0360

━━━━━━━━━━━━━━━━━━

✅ Manage risk wisely",3bb5fe66dbff06db3ca69c28ebb4458d,2026-09-27T15:48:23+00:00,2026-09-27T19:00:13.410667+00:00,1239,mars_cryptosignai
1698440,18276,"🚀LONG: $RARE/USDT🚀
LEVERAGE: 20X-50X

🤍 ENTRY PRIC...350- 0.02570
—————

❌ STOP LOSS: 0.019❌

REACTIONS",2d2a9b1b853794871ab84433a5e067e4,2026-09-27T15:48:23+00:00,2026-09-27T19:00:13.324678+00:00,1239,mars_cryptosignai
1698438,18274,"🚀 $KITE/USDT PERP 🚀

🟢 LONG

💰 Entry : 0.156$ – 0.... 5X – 25X

⛔️ SL : 0.130$

📌 Use Only 2-5% Capital",17f470cea0fe425fa34ca147695d4850,2026-09-27T15:48:22+00:00,2026-09-27T19:00:13.251262+00:00,1239,mars_cryptosignai
1698437,18273,"📈 LONG #US/USDT

♻ Leverage: 20X

➡️ Entry :- 0.03...1) 0.0315
2) 0.0330
3) 0.0350

⭕ Stop Loss: 0.0262",1fbd03d0ed531044f6b86df68cab90d1,2026-09-27T15:48:22+00:00,2026-09-27T19:00:13.241226+00:00,1239,mars_cryptosignai
1698436,18272,"$GRASS/USDT #LONG📩

✅ENTRY :-0.5790/0.5590

Target...𝐎𝐧𝐥𝐲 𝟏-𝟑% 𝐎𝐟 𝐎𝐮𝐫 𝐃𝐞𝐩𝐨𝐬𝐢𝐭 𝐅𝐨𝐫 𝐄𝐚𝐜𝐡 𝐓𝐫𝐚𝐝𝐞

React,??m",09eddc5a6a8d61368e639b9cb17bac47,2026-09-27T15:48:22+00:00,2026-09-27T19:00:13.222519+00:00,1239,mars_cryptosignai
1698435,18271,"#TRUST/USDT

📈Signal: Long Leverage: Cross 20X

⚡️...even after TP1 is hit.

📣Trade Smart • Follow Risk",b8c2f9233625b6addf016763fe587d36,2026-09-27T15:48:22+00:00,2026-09-27T19:00:11.714480+00:00,1239,mars_cryptosignai
1698434,18269,"📈 LONG #XVG/USDT 

🚀 LEVERAGE : 50x

📊 ENTRY PRICE...🟢0.0038

TP²🟢0.0040

STOPLOSS 🔴0.0035


REACTIONS?",c2016e2f7437a4d97be5be1594c8cd0c,2026-09-27T15:48:22+00:00,2026-09-27T19:00:11.608591+00:00,1239,mars_cryptosignai
1698433,18268,"#QNT/USDT

📈Signal: Long Leverage: Cross 20X

⚡️En...even after TP1 is hit.

📣Trade Smart • Follow Risk",479708a777a9851a3a9b8025f72a652e,2026-09-27T15:48:22+00:00,2026-09-27T19:00:11.603724+00:00,1239,mars_cryptosignai
1698432,18270,"🟢ETH/USDT My Short Trade Setup

Leverage 100X

Ent... 2670

Stop Loss  :  2725

Follow Money Management",f7efdf68379765b97307c67772ad9fde,2026-09-27T15:48:22+00:00,2026-09-27T19:00:11.600992+00:00,1239,mars_cryptosignai
1698431,18267,"📉 SHORT #W/USDT 

🚀 LEVERAGE : 50x

📊 ENTRY PRICE ...TP🟢0.0146

TP🟢0.0141

STOPLOSS 🔴0.0158

REACTIONS?",616a211aacb8c5cfc18a534a80c75f7d,2026-09-27T15:48:22+00:00,2026-09-27T19:00:11.586797+00:00,1239,mars_cryptosignai
1698430,18266,"📊#DEEP/USDT — LONG

⚡️ Leverage : 10X – 30X

💹Entr...Entry After TP1

⚖️ Follow Proper Risk Management.",77c053c9c0218e4532c282a3a6c62c8a,2026-09-27T15:48:22+00:00,2026-09-27T19:00:10.015394+00:00,1239,mars_cryptosignai
1698429,18265,"⚡️⚡️#SUPER/USDT⚡️⚡️

Long 
Leverage: 20x

Entry: 0...arget 5: 0.2149
Target 6: 0.2170

StopLoss: 0.1954",efeedaaee9853661a2fdf3838ef3012f,2026-09-27T15:48:22+00:00,2026-09-27T19:00:09.932653+00:00,1239,mars_cryptosignai
1698428,18264,"📍Coin : #SUPER/USDT

🟢 LONG 

👉 Entry: 0.2047 - 0....t 5: 0.2149
🎯 Target 6: 0.2170

❌ StopLoss: 0.1954",7b6c5598d1523db709d4c52016932360,2026-09-27T15:48:22+00:00,2026-09-27T19:00:09.879023+00:00,1239,mars_cryptosignai
1698427,18263,"👑My Coin: $LYN/USDT
👀Looking for LONG

🌟0.03932 Wi...️I Will Set: 0.03801
°°°°°°°°°°°°°° As my stoploss",01a8d6887d409f90cbf3b6194fa2b8e3,2026-09-27T15:48:22+00:00,2026-09-27T19:00:09.866077+00:00,1239,mars_cryptosignai
1698426,18262,"⭐ QNT /USDT — LONG

💵 ENTRY:174.00-172.00

⚙️ LEVE...o

📌 Follow the setup and manage your risk wisely.",84908d650ef750fa43d9696de87463a9,2026-09-27T15:48:22+00:00,2026-09-27T19:00:08.314407+00:00,1239,mars_cryptosignai
1698425,18261,"#SOON/ USDT — BUY (LONG) 
Leverage: Cross 25x – 50...T IS KEY
👉 Use ONLY 2 – 3% of your total portfolio",174ce7bc33e2c2fdad35d162c48cb20b,2026-09-27T15:48:22+00:00,2026-09-27T19:00:08.304163+00:00,1239,mars_cryptosignai
1698424,18260,"🌈PAIR:- #SAGA/USDT
⚡️ Direction : SHORT
🛠 Leverage...nt Usage:- 1 - 2%
(According To your Risk Setting)",87d9b28387f00c726a77ccd01c6dfa68,2026-09-27T15:48:22+00:00,2026-09-27T19:00:08.265525+00:00,1239,mars_cryptosignai
1698423,18258,"Coin #RUNE/USDT

Position: LONG 

Leverage:  Cross...rgets: 🎯 0.8000, 0.8370, 0.8890

Stop Loss: 0.7320",46a14001e3628c1315b637710670d5e8,2026-09-27T15:48:22+00:00,2026-09-27T19:00:08.154078+00:00,1239,mars_cryptosignai
1698422,18259,"✅ Long

#KAVA/USDT

Entry zone : 0.065979 - 0.0680...4447
0.076478

Stop loss :0.0632586

Leverage: 10x",49a8198e555c87ca5bb354780b7dbd10,2026-09-27T15:48:22+00:00,2026-09-27T19:00:08.150787+00:00,1239,mars_cryptosignai
1698421,18257,"#QNT/ USDT — BUY (LONG) 
Leverage: Cross 25x – 50x...T IS KEY
👉 Use ONLY 2 – 3% of your total portfolio",4c4d5057f8f9c4b934f4d6b9c12ad2cd,2026-09-27T15:48:22+00:00,2026-09-27T19:00:06.555504+00:00,1239,mars_cryptosignai
1698420,18256,"📊#DEEP/USDT — LONG

⚡️ Leverage : 10X – 30X

💹Entr...Entry After TP1

⚖️ Follow Proper Risk Management.",77c053c9c0218e4532c282a3a6c62c8a,2026-09-27T15:48:19+00:00,2026-09-27T19:00:06.546797+00:00,1239,mars_cryptosignai
1698419,18255,"📉 SHORT #W/USDT 

🚀 LEVERAGE : 50x

📊 ENTRY PRICE ...TP🟢0.0146

TP🟢0.0141

STOPLOSS 🔴0.0158

REACTIONS?",616a211aacb8c5cfc18a534a80c75f7d,2026-09-27T15:48:19+00:00,2026-09-27T19:00:06.534150+00:00,1239,mars_cryptosignai
1698418,18254,"👑My Coin: $LYN/USDT
👀Looking for LONG

🌟0.03932 Wi...️I Will Set: 0.03801
°°°°°°°°°°°°°° As my stoploss",01a8d6887d409f90cbf3b6194fa2b8e3,2026-09-27T15:48:19+00:00,2026-09-27T19:00:04.809334+00:00,1239,mars_cryptosignai
1698416,18252,"#SOON/ USDT — BUY (LONG) 
Leverage: Cross 25x – 50...T IS KEY
👉 Use ONLY 2 – 3% of your total portfolio",174ce7bc33e2c2fdad35d162c48cb20b,2026-09-27T15:48:19+00:00,2026-09-27T19:00:04.740323+00:00,1239,mars_cryptosignai
1698412,18248,"📊 Let’s LONG #Q/USDT

💥 Leverage:  Cross 20×  - 

...1) 0.0488
2) 0.0503
3) 0.0560

🔖 Stop Loss: 0.0442",1ae7a51ab4705211881d9c83c8265c4b,2026-09-27T15:48:16+00:00,2026-09-27T19:00:03.189698+00:00,1239,mars_cryptosignai
1698411,18247,"#RARE/USDT

📈Signal: Long Leverage: Cross 20X

⚡️E...even after TP1 is hit.

📣Trade Smart • Follow Risk",2d3eafd7cdfab3770b4d8220a1cdda83,2026-09-27T15:48:16+00:00,2026-09-27T19:00:03.136603+00:00,1239,mars_cryptosignai
1698409,18246,"🚀 #BTWUSDT LONG SIGNAL 🚀

⚡️ LEVERAGE 50X–75X
📌 EN...h this move together!

🔓 Trade Smart • Trade Safe.",0137973e876547bbcc11e33fa9323f58,2026-09-27T15:48:16+00:00,2026-09-27T19:00:03.105775+00:00,1239,mars_cryptosignai
1698408,18234,"⌛#AVAX/USDT  ( SHORT )

🍁 Leverage 👉 20X to 25X 

...09 | 10.300 | 10.191 | 10.054

🔕 Stoploss = 11.161",fcf3ccc1b16f3bf1bf4ed0966740af6d,2026-09-27T15:48:16+00:00,2026-09-27T19:00:01.140390+00:00,1239,mars_cryptosignai
1698405,18225,"📈 SOON/USDT 📈

🟢 LONG SETUP

💰 Entry Zone: 0.2670 ...et 1. 
✅ Move SL to breakeven after Target 1 hits.",5d07a0a6b26dc96e431a8b721cf184f4,2026-09-27T15:48:15+00:00,2026-09-27T19:00:01.103186+00:00,1239,mars_cryptosignai
1698404,18224,"⭐ US /USDT — LONG

💵 ENTRY:0.030880-0.029300

⚙️ L...o

📌 Follow the setup and manage your risk wisely.",90eebb217f7fa56af7f7e476a7744fed,2026-09-27T15:48:15+00:00,2026-09-27T19:00:01.091298+00:00,1239,mars_cryptosignai
1698402,18220,"#MARSCOIN/USDT

LONG LONG LONG 

OPEN MARKET PRICE...3200
TP 0.13500
TP 0.13700

 SL  0.11150

 LEV 15X",5fc4ed6999b64df497294b0b40c88387,2026-09-27T15:48:15+00:00,2026-09-27T18:59:59.350088+00:00,1239,mars_cryptosignai
1698401,18217,"⭐ QNT /USDT — LONG

💵 ENTRY:174.00-172.00

⚙️ LEVE...o

📌 Follow the setup and manage your risk wisely.",84908d650ef750fa43d9696de87463a9,2026-09-27T15:48:15+00:00,2026-09-27T18:59:59.339423+00:00,1239,mars_cryptosignai
1698399,18216,"#CROSSUSDT — BUY (LONG) 
🎉
🟢 Leverage: Cross  25x
...️Stop Loss: 0.1460

⬇️ Risk Management:

 REACTION",f008a9514998f46be7648ed76063cbef,2026-09-27T15:48:15+00:00,2026-09-27T18:59:57.946874+00:00,1239,mars_cryptosignai
1698398,18212,"Coin #RUNE/USDT

Position: LONG 

Leverage:  Cross...rgets: 🎯 0.8000, 0.8370, 0.8890

Stop Loss: 0.7320",46a14001e3628c1315b637710670d5e8,2026-09-27T15:48:15+00:00,2026-09-27T18:59:57.786228+00:00,1239,mars_cryptosignai
1698397,18215,"🌈PAIR:- #SAGA/USDT
⚡️ Direction : SHORT
🛠 Leverage...nt Usage:- 1 - 2%
(According To your Risk Setting)",87d9b28387f00c726a77ccd01c6dfa68,2026-09-27T15:48:15+00:00,2026-09-27T18:59:57.771791+00:00,1239,mars_cryptosignai
1698391,18209,"✅ Long

#KAVA/USDT

Entry zone : 0.065979 - 0.0680...4447
0.076478

Stop loss :0.0632586

Leverage: 10x",49a8198e555c87ca5bb354780b7dbd10,2026-09-27T15:48:15+00:00,2026-09-27T18:59:56.207533+00:00,1239,mars_cryptosignai
1698389,18208,"⌛#AVAX/USDT  ( SHORT )

🍁 Leverage 👉 20X to 25X 

...09 | 10.300 | 10.191 | 10.054

🔕 Stoploss = 11.161",fcf3ccc1b16f3bf1bf4ed0966740af6d,2026-09-27T15:48:15+00:00,2026-09-27T18:59:56.201934+00:00,1239,mars_cryptosignai
1718591,18678,"🟢 Long

#NEO/USDT

Entry : 

1) 2.621
2) 2.542

Ta...) 2.800

🛑 Stop : 2.455

Leverage : 10x (isolated)",3623867339885d5d0e3883a26a664401,2026-09-28T09:45:11+00:00,2026-09-28T12:23:37.497627+00:00,1239,mars_cryptosignai
1718590,18679,"$INX/USDT #LONG📩

✅ENTRY :-0.007050/0.0068

Target... 𝐎𝐧𝐥𝐲 𝟏-𝟑% 𝐎𝐟 𝐎𝐮𝐫 𝐃𝐞𝐩𝐨𝐬𝐢𝐭 𝐅𝐨𝐫 𝐄𝐚𝐜𝐡 𝐓𝐫𝐚𝐝𝐞

React,??",9800ac6a428bd61160ea182194073749,2026-09-28T09:45:11+00:00,2026-09-28T12:23:37.495885+00:00,1239,mars_cryptosignai
1718587,18677,"PYTHUSDTUSDT  
Exchanges: BINGX 

🟢 Short
Leverage....07658000
6) 0.07045000
7) 🚀🚀🚀 

⛔️ SL:
0.07849000",968acb683211af99fb416b5124d2421b,2026-09-28T09:45:11+00:00,2026-09-28T12:23:37.370949+00:00,1239,mars_cryptosignai
1718586,18676,"⚡️⚡️ #STBL/USDT ⚡️⚡️
Exchanges: Bingx 
Signal Type...
5) 0.02889
6) 0.02929
7) 🚀🚀🚀

Stop Targets:
5-10%",46fe56653c4973de86c9176534d50ce6,2026-09-28T09:45:11+00:00,2026-09-28T12:23:37.335741+00:00,1239,mars_cryptosignai
1718585,18675,"⚡️⚡️ #THE/USDT ⚡️⚡️
Exchanges: Bingx 
Signal Type:...
5) 0.08787
6) 0.08912
7) 🚀🚀🚀

Stop Targets:
5-10%",f1872800b7f86e7bc2e8e56c50a41c2f,2026-09-28T09:45:11+00:00,2026-09-28T12:23:37.309427+00:00,1239,mars_cryptosignai
1718582,18674,"⚡️⚡️ #TOSHI/USDT ⚡️⚡️
Exchanges: Bingx 
Signal Typ...
5) 0.00013
6) 0.00014
7) 🚀🚀🚀

Stop Targets:
5-10%",f9ba6bccac895609a904e02f997f5469,2026-09-28T09:45:11+00:00,2026-09-28T12:23:37.121065+00:00,1239,mars_cryptosignai
1718579,18673,"⚡️⚡️ #TRB/USDT ⚡️⚡️
Exchanges: Bingx 
Signal Type:...) 20.59262
6) 20.88403
7) 🚀🚀🚀

Stop Targets:
5-10%",8c6749c8063a1c429aa005d8c96a749b,2026-09-28T09:45:11+00:00,2026-09-28T12:23:37.038545+00:00,1239,mars_cryptosignai
1718577,18671,"⚡️⚡️ #TURTLE/USDT ⚡️⚡️
Exchanges: Bingx 
Signal Ty...
5) 0.04710
6) 0.04776
7) 🚀🚀🚀

Stop Targets:
5-10%",f8f6e2b06ec7307b5651991e2fa2c1ec,2026-09-28T09:45:11+00:00,2026-09-28T12:23:36.930196+00:00,1239,mars_cryptosignai
1718576,18672,"⚡️⚡️ #VET/USDT ⚡️⚡️
Exchanges: Bingx 
Signal Type:...
5) 0.00968
6) 0.00981
7) 🚀🚀🚀

Stop Targets:
5-10%",cc253a09a9b54147f9df29aea540bdf1,2026-09-28T09:45:11+00:00,2026-09-28T12:23:36.926692+00:00,1239,mars_cryptosignai
1718574,18670,"⚡️⚡️ #USELESS/USDT ⚡️⚡️
Exchanges: Bingx 
Signal T...
5) 0.30158
6) 0.30585
7) 🚀🚀🚀

Stop Targets:
5-10%",af658e9aad0b8479233771db3d505342,2026-09-28T09:45:11+00:00,2026-09-28T12:23:36.858026+00:00,1239,mars_cryptosignai
1718570,18669,"⚡️⚡️ #TIA/USDT ⚡️⚡️
Exchanges: Bingx 
Signal Type:...
5) 0.53413
6) 0.54169
7) 🚀🚀🚀

Stop Targets:
5-10%",24484f1b5e8d4f0245789469cf829f98,2026-09-28T09:45:11+00:00,2026-09-28T12:23:33.769933+00:00,1239,mars_cryptosignai
1718568,18668,"⚡️⚡️ #WOO/USDT ⚡️⚡️
Exchanges: Bingx 
Signal Type:...
5) 0.01518
6) 0.01539
7) 🚀🚀🚀

Stop Targets:
5-10%",1fe3d642f9f49db3bb54b8f66d0cc773,2026-09-28T09:45:11+00:00,2026-09-28T12:23:31.492211+00:00,1239,mars_cryptosignai
1718567,18667,"💫 Pair: MERL/USDT  💫

🔼 Direction: Long 🔼

✅ Lever...ke Profit: 0.03250 📈

⚠️ Stop Loss: 0.02932 ⚠️

📈📈",cddb3e375f87f878204a6934a1e01227,2026-09-28T09:45:11+00:00,2026-09-28T12:23:31.440949+00:00,1239,mars_cryptosignai
1718566,18666,"#ONE/USDT now at current market price (Spot + Futu...00300
2. $0.00329
3. $0.00358

Stop loss : $0.0024",2ae9d794bc1dd07a2df483174fa3af3c,2026-09-28T09:45:11+00:00,2026-09-28T12:23:31.425044+00:00,1239,mars_cryptosignai
1718564,18665,"🐳 ONE/USDT #LONG🐳

✳️ ENTRY :- 0.0028 - 0.0029

💢 ...0.0037

⛔️ STOP-LOSS :- 0.0024

☝️ Margin Use 2–3%",e8bbc28f2e019f7e285da54d70a4cad5,2026-09-28T09:45:11+00:00,2026-09-28T12:23:29.219932+00:00,1239,mars_cryptosignai
1718561,18663,"✅ Long

Pair: #VET/USDT

📊 Entry Price: 

1) 0.009...) 0.009743

Stop Loss: 0.008545

Leverage: 10x-20x",d3136da6555a728f821460abcad4b18d,2026-09-28T09:45:11+00:00,2026-09-28T12:23:28.969257+00:00,1239,mars_cryptosignai
1718559,18664,"🚀 $SKY/USDT PERP 🚀

🟢 LONG

💰 Entry : 0.0850$ – 0....5X – 25X

⛔️ SL : 0.0730$

📌 Use Only 2-5% Capital",e03d7fc44017d063ac42f5fd4e071ccb,2026-09-28T09:45:11+00:00,2026-09-28T12:23:28.943536+00:00,1239,mars_cryptosignai
1718557,18662,"✅ Long

#ETH/USDT

Entry zone : 2594.71 - 2674.96
...27.74
3007.59

Stop loss :2487.7128

Leverage: 10x",2cfed52358fbcd9c05aa2b5e6d492828,2026-09-28T09:45:11+00:00,2026-09-28T12:23:26.550357+00:00,1239,mars_cryptosignai
1718554,18661,"🟢 Long

#XTZ/USDT

Entry : 

1) 0.319500
2) 0.3099...1358

🛑 Stop : 0.299371

Leverage : 10x (isolated)",b5241666c2434f86837864998a3279d2,2026-09-28T09:45:11+00:00,2026-09-28T12:23:26.531070+00:00,1239,mars_cryptosignai
1718553,18660,"🪙 Coin: #HBAR/USDT
🧭 Type: #LONG

📈 Entry Zone:
0.... within the zone and maintain strict risk control.",3fc2cf2312fd65afa8b438b17bdaca5c,2026-09-28T09:45:10+00:00,2026-09-28T12:23:24.154269+00:00,1239,mars_cryptosignai
1718550,18657,"#MARSCOIN/USDT

📈Signal: long Leverage: Cross 20X
...even after TP1 is hit.

📣Trade Smart • Follow Risk",80f204deb2a2467f3eaf8fbdb9233b26,2026-09-28T09:45:10+00:00,2026-09-28T12:23:21.317076+00:00,1239,mars_cryptosignai
1718547,18656,"#Q/USDT SHORT   

👉Leverage : Cross 10× To 30×

En...0.0272
2)  0.0250
3)  0.02300

⭕Stop Loss : 0.0296",2ba5a169fecd007c4d7d44f8a785c210,2026-09-28T09:45:10+00:00,2026-09-28T12:23:21.293571+00:00,1239,mars_cryptosignai
1718544,18654,"✅ Long

#XLM/USDT

Entry zone : 0.20187 - 0.20812
...22778
0.23399

Stop loss :0.1935516

Leverage: 10x",315eeabe6008754728af70f61ffc64fa,2026-09-28T09:45:10+00:00,2026-09-28T12:23:18.798069+00:00,1239,mars_cryptosignai
1718543,18655,"$PUMP/USDT #LONG📩

✅ENTRY :-0.004830/0.0047

Targe... 𝐎𝐧𝐥𝐲 𝟏-𝟑% 𝐎𝐟 𝐎𝐮𝐫 𝐃𝐞𝐩𝐨𝐬𝐢𝐭 𝐅𝐨𝐫 𝐄𝐚𝐜𝐡 𝐓𝐫𝐚𝐝𝐞

React,??",7354847073fc6d87dea5e2b38e96852a,2026-09-28T09:45:10+00:00,2026-09-28T12:23:18.795385+00:00,1239,mars_cryptosignai
1718542,18649,"🚀LONG: $RARE/USDT🚀
LEVERAGE: 20X-50X

🤍 ENTRY PRIC...22- 0.024
—————

❌ STOP LOSS: 0.01720❌


REACTIONS",d6fd727c5b75354f7f1e26f497fcefcb,2026-09-28T09:45:10+00:00,2026-09-28T12:23:15.947824+00:00,1239,mars_cryptosignai
1718541,18653,"📊 Let’s LONG #MARSCOIN/USDT

💥 Leverage:  Cross 20...s: 

1) 0.143
2) 0.150
3) 0.157

🔖 Stop Loss: 0.12",8aa200525160552f0199e37f9d7d3ead,2026-09-28T09:45:10+00:00,2026-09-28T12:23:15.916857+00:00,1239,mars_cryptosignai
1718537,18647,"Coin #QNT/USDT

Position: LONG 

Leverage:  Cross ...82 - 272

Targets: 🎯 292, 306, 342

Stop Loss: 262",c3aa142f1fb02201bac204d48316443f,2026-09-28T09:45:10+00:00,2026-09-28T12:23:15.871729+00:00,1239,mars_cryptosignai
1718536,18648,"❖ GRT/USDT

❖ SHORT [ 10×20 ]

➤ Entry Zone:- 0.03... TP2: 0.0300
▪️ TP3: 0.0285

➤ Stop Loss :- 0.0345",af66b69a0a645704812d3aacc4cbf2bd,2026-09-28T09:45:10+00:00,2026-09-28T12:23:15.865099+00:00,1239,mars_cryptosignai
1718533,18645,"📈 SYN/USDT 📈

🔴 SHORT SETUP

💰 Entry Zone: 0.1730 ...et 1. 
✅ Move SL to breakeven after Target 1 hits.",7b7af650384dc80a9bb662bd51a6442a,2026-09-28T09:45:10+00:00,2026-09-28T12:23:13.596880+00:00,1239,mars_cryptosignai
1718532,18644,"📊 ONDO/USDT — SHORT

📍 ENTRY: 0.5850

🎯 TARGET 1: ...Manage your risk & trade responsibly.

🔥 LET’S GO!",c6ab769c9b401cf537ed22a086c110ba,2026-09-28T09:45:10+00:00,2026-09-28T12:23:10.971580+00:00,1239,mars_cryptosignai
1718531,18643,"#LONG 🟢🔤🔤🔤🔤🔤

#WLD/USDT

Margin Mode : Isolated 💎
...6

🟥 SL : 0.5064 - 100%   

📊 LEV : 20X

🇯🇵Premium",c2c67f9a4f88dbde0435f1e6ff0679d3,2026-09-28T09:45:10+00:00,2026-09-28T12:23:10.931452+00:00,1239,mars_cryptosignai
1718530,18642,"📊#IMX/USDT–SHORT–10x - 30x 🚀

📍 𝐄𝐧𝐭𝐫𝐲 𝐙𝐨𝐧𝐞:

➥ 0.1...tal.

⚠️ Disclaimer:
Trade at your own risk. DYOR.",e821ea1a1be254b900dc0dcf4b8927fe,2026-09-28T09:45:10+00:00,2026-09-28T12:23:10.883599+00:00,1239,mars_cryptosignai
1718527,18641,"💵 𝐒𝐈𝐆𝐍𝐀𝐋 𝐀𝐋𝐄𝐑𝐓 💵

#GRT/USDT (25xLONG)

✅ ENTRY:0.0...TS:- 0.03550/0.03790/0.04250

❌ STOP LOSS: 0.02950",b6cc8594629893ac46235c8adf554b25,2026-09-28T09:45:10+00:00,2026-09-28T12:23:08.227642+00:00,1239,mars_cryptosignai
1718522,18638,"$INX/USDT #LONG📩

✅ENTRY :-0.007050/0.0068

Target... 𝐎𝐧𝐥𝐲 𝟏-𝟑% 𝐎𝐟 𝐎𝐮𝐫 𝐃𝐞𝐩𝐨𝐬𝐢𝐭 𝐅𝐨𝐫 𝐄𝐚𝐜𝐡 𝐓𝐫𝐚𝐝𝐞

React,??",9800ac6a428bd61160ea182194073749,2026-09-28T09:45:09+00:00,2026-09-28T12:23:05.603298+00:00,1239,mars_cryptosignai
1718520,18637,"🟢 Long

#NEO/USDT

Entry : 

1) 2.621
2) 2.542

Ta...) 2.800

🛑 Stop : 2.455

Leverage : 10x (isolated)",3623867339885d5d0e3883a26a664401,2026-09-28T09:45:09+00:00,2026-09-28T12:23:05.352146+00:00,1239,mars_cryptosignai
1718518,18635,"🟢 Long

#NEO/USDT

Entry : 

1) 2.621
2) 2.542

Ta...) 2.800

🛑 Stop : 2.455

Leverage : 10x (isolated)",3623867339885d5d0e3883a26a664401,2026-09-28T09:45:09+00:00,2026-09-28T12:23:03.045161+00:00,1239,mars_cryptosignai
1718514,18636,"⚡️⚡️ #VET/USDT ⚡️⚡️
Exchanges: Bingx 
Signal Type:...
5) 0.00968
6) 0.00981
7) 🚀🚀🚀

Stop Targets:
5-10%",cc253a09a9b54147f9df29aea540bdf1,2026-09-28T09:45:09+00:00,2026-09-28T12:23:03.012925+00:00,1239,mars_cryptosignai
1718513,18634,"⚡️⚡️ #STBL/USDT ⚡️⚡️
Exchanges: Bingx 
Signal Type...
5) 0.02889
6) 0.02929
7) 🚀🚀🚀

Stop Targets:
5-10%",46fe56653c4973de86c9176534d50ce6,2026-09-28T09:45:09+00:00,2026-09-28T12:23:00.616249+00:00,1239,mars_cryptosignai
1718512,18633,"⚡️⚡️ #THE/USDT ⚡️⚡️
Exchanges: Bingx 
Signal Type:...
5) 0.08787
6) 0.08912
7) 🚀🚀🚀

Stop Targets:
5-10%",f1872800b7f86e7bc2e8e56c50a41c2f,2026-09-28T09:45:09+00:00,2026-09-28T12:23:00.615479+00:00,1239,mars_cryptosignai
1718511,18632,"⚡️⚡️ #TRB/USDT ⚡️⚡️
Exchanges: Bingx 
Signal Type:...) 20.59262
6) 20.88403
7) 🚀🚀🚀

Stop Targets:
5-10%",8c6749c8063a1c429aa005d8c96a749b,2026-09-28T09:45:09+00:00,2026-09-28T12:22:58.124067+00:00,1239,mars_cryptosignai
1718510,18631,"⚡️⚡️ #TURTLE/USDT ⚡️⚡️
Exchanges: Bingx 
Signal Ty...
5) 0.04710
6) 0.04776
7) 🚀🚀🚀

Stop Targets:
5-10%",f8f6e2b06ec7307b5651991e2fa2c1ec,2026-09-28T09:45:09+00:00,2026-09-28T12:22:58.024132+00:00,1239,mars_cryptosignai
1718509,18630,"⚡️⚡️ #WOO/USDT ⚡️⚡️
Exchanges: Bingx 
Signal Type:...
5) 0.01518
6) 0.01539
7) 🚀🚀🚀

Stop Targets:
5-10%",1fe3d642f9f49db3bb54b8f66d0cc773,2026-09-28T09:45:09+00:00,2026-09-28T12:22:58.021847+00:00,1239,mars_cryptosignai
1718508,18629,"⚡️⚡️ #USELESS/USDT ⚡️⚡️
Exchanges: Bingx 
Signal T...
5) 0.30158
6) 0.30585
7) 🚀🚀🚀

Stop Targets:
5-10%",af658e9aad0b8479233771db3d505342,2026-09-28T09:45:09+00:00,2026-09-28T12:22:58.019351+00:00,1239,mars_cryptosignai
1718507,18628,"⚡️⚡️ #TOSHI/USDT ⚡️⚡️
Exchanges: Bingx 
Signal Typ...
5) 0.00013
6) 0.00014
7) 🚀🚀🚀

Stop Targets:
5-10%",f9ba6bccac895609a904e02f997f5469,2026-09-28T09:45:09+00:00,2026-09-28T12:22:55.622430+00:00,1239,mars_cryptosignai
1718506,18627,"⚡️⚡️ #TIA/USDT ⚡️⚡️
Exchanges: Bingx 
Signal Type:...
5) 0.53413
6) 0.54169
7) 🚀🚀🚀

Stop Targets:
5-10%",24484f1b5e8d4f0245789469cf829f98,2026-09-28T09:45:09+00:00,2026-09-28T12:22:55.482023+00:00,1239,mars_cryptosignai
1718505,18626,"PYTHUSDTUSDT  
Exchanges: BINGX 

🟢 Short
Leverage....07658000
6) 0.07045000
7) 🚀🚀🚀 

⛔️ SL:
0.07849000",968acb683211af99fb416b5124d2421b,2026-09-28T09:45:09+00:00,2026-09-28T12:22:53.083765+00:00,1239,mars_cryptosignai
1718504,18623,"🐳 ONE/USDT #LONG🐳

✳️ ENTRY :- 0.0028 - 0.0029

💢 ...0.0037

⛔️ STOP-LOSS :- 0.0024

☝️ Margin Use 2–3%",e8bbc28f2e019f7e285da54d70a4cad5,2026-09-28T09:45:09+00:00,2026-09-28T12:22:53.079702+00:00,1239,mars_cryptosignai
1718503,18625,"🪙 Coin: #GRT/USDT
🧭 Type: #LONG

📈 Entry Zone:
0.0... within the zone and maintain strict risk control.",f14469e1ac549daa832b1ae88eee8da5,2026-09-28T09:45:09+00:00,2026-09-28T12:22:53.073072+00:00,1239,mars_cryptosignai
1718502,18624,"🚀 $SKY/USDT PERP 🚀

🟢 LONG

💰 Entry : 0.0850$ – 0....5X – 25X

⛔️ SL : 0.0730$

📌 Use Only 2-5% Capital",e03d7fc44017d063ac42f5fd4e071ccb,2026-09-28T09:45:09+00:00,2026-09-28T12:22:53.066526+00:00,1239,mars_cryptosignai
1718501,18622,"💫 Pair: MERL/USDT  💫

🔼 Direction: Long 🔼

✅ Lever...ke Profit: 0.03250 📈

⚠️ Stop Loss: 0.02932 ⚠️

📈📈",cddb3e375f87f878204a6934a1e01227,2026-09-28T09:45:09+00:00,2026-09-28T12:22:52.942326+00:00,1239,mars_cryptosignai
1718500,18620,"🌈PAIR:- #SEI/USDT
⚡️ Direction : LONG
🛠 Leverage: ...nt Usage:- 1 - 2%
(According To your Risk Setting)",af5b6b98b0db7bbaa9ef15272b8d7c31,2026-09-28T09:45:09+00:00,2026-09-28T12:22:50.431588+00:00,1239,mars_cryptosignai
1718498,18618,"📊#CAP/USDT — LONG

⚡️ Leverage : 10X – 30X

💹Entry...Entry After TP1

⚖️ Follow Proper Risk Management.",338d0d0121d7102faccd2981c6cfd0ee,2026-09-28T09:45:08+00:00,2026-09-28T12:22:50.351878+00:00,1239,mars_cryptosignai
1718497,18617,"#SYN/USDT SHORT   

👉Leverage : Cross 10× To 30×

...

1)  0.166
2)  0.158
3)  0.150

⭕Stop Loss : 0.18",c80941253e5ef46f3c34235f00024851,2026-09-28T09:45:08+00:00,2026-09-28T12:22:50.322834+00:00,1239,mars_cryptosignai
1718495,18616,"#ONE/USDT LONG   

👉Leverage : Cross 10× To 30×

E...0276
2)  0.00288
3)  0.00310

⭕Stop Loss : 0.00254",fffef13c54fd6a1c962fc39c39944ece,2026-09-28T09:45:08+00:00,2026-09-28T12:22:47.730580+00:00,1239,mars_cryptosignai
1718494,18614,"🟢 Long

#XTZ/USDT

Entry : 

1) 0.319500
2) 0.3099...1358

🛑 Stop : 0.299371

Leverage : 10x (isolated)",b5241666c2434f86837864998a3279d2,2026-09-28T09:45:08+00:00,2026-09-28T12:22:47.710584+00:00,1239,mars_cryptosignai
1718493,18613,"✅ Long

#ETH/USDT

Entry zone : 2594.71 - 2674.96
...27.74
3007.59

Stop loss :2487.7128

Leverage: 10x",2cfed52358fbcd9c05aa2b5e6d492828,2026-09-28T09:45:08+00:00,2026-09-28T12:22:47.631939+00:00,1239,mars_cryptosignai
1718492,18612,"✅ Long

Pair: #VET/USDT

📊 Entry Price: 

1) 0.009...) 0.009743

Stop Loss: 0.008545

Leverage: 10x-20x",d3136da6555a728f821460abcad4b18d,2026-09-28T09:45:08+00:00,2026-09-28T12:22:47.622529+00:00,1239,mars_cryptosignai
1718491,18610,"#DYM | LONG SETUP

💰 Entry: $0.02111

🎯 Target1: $...t4: $0.02191
🎯 Target5: $0.02221

🛡 STOP: $0.02005",12f8c7836461a247be1276a0b00a6583,2026-09-28T09:45:08+00:00,2026-09-28T12:22:45.094624+00:00,1239,mars_cryptosignai
1718490,18611,"🪙#PLAY/USDT

🚩POSITION — LONG

🔒  LEVERAGE — 20X75...0.03450
TP🥉: 0.03660

⛔️ SL: 0.02800

🔥REACTIONS?😜",fce519d2490b374d702f13adb80ed76e,2026-09-28T09:45:08+00:00,2026-09-28T12:22:45.083224+00:00,1239,mars_cryptosignai
1718489,18609,"📊 Let’s LONG #MARSCOIN/USDT

💥 Leverage:  Cross 20...s: 

1) 0.143
2) 0.150
3) 0.157

🔖 Stop Loss: 0.12",8aa200525160552f0199e37f9d7d3ead,2026-09-28T09:45:08+00:00,2026-09-28T12:22:45.049426+00:00,1239,mars_cryptosignai
1718487,18607,"⚡️$GRT/USDT⚡️

LONG
Leverage: 25X

Entry: 0.03440 ...

1)0.03550
2)0.03790
3)0.04250

Stoploss: 0.02950",198150d772f2c9e235c947f8a466d9b8,2026-09-28T09:45:08+00:00,2026-09-28T12:22:42.621132+00:00,1239,mars_cryptosignai
1718486,18606,"⚡️$IRYS/USDT⚡️

LONG
Leverage: 20X

Entry: 0.02090...

1)0.02160
2)0.02280
3)0.02400

Stoploss: 0.01900",11a4c12f3f0552de694ab8c4f1ac8a61,2026-09-28T09:45:08+00:00,2026-09-28T12:22:42.563964+00:00,1239,mars_cryptosignai
1718485,18605,"⚡️$PUMP/USDT⚡️

LONG
Leverage: 20X

Entry: 0.00515...

1)0.00525
2)0.00540
3)0.00560

Stoploss: 0.00450",cd5b86dc3aa2d4d12aea51999311caa7,2026-09-28T09:45:08+00:00,2026-09-28T12:22:40.031933+00:00,1239,mars_cryptosignai
1718476,18594,"✅ Long

#ETH/USDT

Entry zone : 2594.71 - 2674.96
...27.74
3007.59

Stop loss :2487.7128

Leverage: 10x",2cfed52358fbcd9c05aa2b5e6d492828,2026-09-28T09:43:24+00:00,2026-09-28T12:22:37.302131+00:00,1239,mars_cryptosignai
1718475,18595,"✅ Long

Pair: #VET/USDT

📊 Entry Price: 

1) 0.009...) 0.009743

Stop Loss: 0.008545

Leverage: 10x-20x",d3136da6555a728f821460abcad4b18d,2026-09-28T09:43:24+00:00,2026-09-28T12:22:37.299080+00:00,1239,mars_cryptosignai
1718474,18593,"🟢 Long

#XTZ/USDT

Entry : 

1) 0.319500
2) 0.3099...1358

🛑 Stop : 0.299371

Leverage : 10x (isolated)",b5241666c2434f86837864998a3279d2,2026-09-28T09:43:24+00:00,2026-09-28T12:22:37.290559+00:00,1239,mars_cryptosignai
1718408,18561,"APTUSDTUSDT  
Exchanges: BINGX 

🟢 Long
Leverage- ...6040000
5) 1.04
6) 1.12
7) 🚀🚀🚀 

⛔️ SL:
0.78890000",2cf6c5563093354087aa62418f3f47ce,2026-09-28T09:42:36+00:00,2026-09-28T12:21:54.234742+00:00,1239,mars_cryptosignai
1718406,18559,"#PLAY/USDT LONG NOW 📈
🏠ENTRY: ( 0.03254 )",e448ee80f9bd0f6e2efce1b3d06980f9,2026-09-28T09:42:36+00:00,2026-09-28T12:21:51.559732+00:00,1239,mars_cryptosignai
1718403,18558,"#DYM | LONG SETUP

💰 Entry: $0.02111

🎯 Target1: $...t4: $0.02191
🎯 Target5: $0.02221

🛡 STOP: $0.02005",12f8c7836461a247be1276a0b00a6583,2026-09-28T09:42:36+00:00,2026-09-28T12:21:51.492181+00:00,1239,mars_cryptosignai
1718400,18547,"#Q/USDT SHORT NOW 📉
🏠ENTRY: ( 0.033029 )",dfc440e7c4e7b9cacbbfe6029bde2935,2026-09-28T09:42:35+00:00,2026-09-28T12:21:49.106391+00:00,1239,mars_cryptosignai
1718399,18542,"💹#BNB/USDT — BREAKOUT LONG SETUP

BNB just broke o...kens.

Let the breakout work. Don't chase candles.",daa69de1c04db990269afe3e54804a9e,2026-09-28T09:42:35+00:00,2026-09-28T12:21:49.023678+00:00,1239,mars_cryptosignai
1718386,18529,"$JUPUSDT

SHORT

RR : 2

LEVERAGE : 15x

ENTRY : 0.3397

TAKE PROFITS 👇

1️⃣ 0.317

STOPLOSS : 0.351",364fa3eb1ac2177b16e0440cc956411b,2026-09-28T09:42:04+00:00,2026-09-28T12:21:40.816419+00:00,1239,mars_cryptosignai
1718358,18499,"💹#BNB/USDT — BREAKOUT LONG SETUP

BNB just broke o...kens.

Let the breakout work. Don't chase candles.",daa69de1c04db990269afe3e54804a9e,2026-09-28T09:41:17+00:00,2026-09-28T12:21:22.167128+00:00,1239,mars_cryptosignai
1718357,18497,"📉 SHORT #US/USDT 

🚀 LEVERAGE : 50x

📊 ENTRY PRICE...TP🟢0.0288

TP🟢0.0275

STOPLOSS 🔴0.0313

REACTIONS?",71dc2b65efebaf3ed1c8a36a232d6da6,2026-09-28T09:41:17+00:00,2026-09-28T12:21:22.125312+00:00,1239,mars_cryptosignai
1718356,18487,"🚀 LONG: $QNT/USDT
LEVERAGE: 50x

✔️ENTRY PRICE: 16....00-179.00-195.00

STOP LOSS:  158.00


REACTIONS?",6ba834068cfbc8e4a9193ab11a60c957,2026-09-28T09:41:16+00:00,2026-09-28T12:21:21.955495+00:00,1239,mars_cryptosignai
1718354,18488,"#NIGHTUSDT — BUY (LONG) 
🎉
🟢 Leverage: Cross  25x
...Stop Loss: 0.02472

⬇️ Risk Management:

 REACTION",1dcb439e9f6ea997d0da00c1762462b0,2026-09-28T09:41:16+00:00,2026-09-28T12:21:21.945600+00:00,1239,mars_cryptosignai
1718353,18486,"EXCHANGE/BYBIT/BITUNIX/OKX📌 



LONG/MAGIC/USDT📈📈📈...agement 🏆


Use only 5% of your 📈Available balance",5c014da2b240c1582c3edceb9484896a,2026-09-28T09:41:16+00:00,2026-09-28T12:21:21.943086+00:00,1239,mars_cryptosignai
1722987,18871,"⚡️$GRT/USDT⚡️

LONG
Leverage: 20x

Entry: 0.03142 ...1)0.03205
2)0.03268
3)0.03331

Stoploss: 0.0285922",ed3afc72f6f3e5481dbfb0e54ba5488c,2026-09-28T10:52:40+00:00,2026-09-28T15:19:20.351961+00:00,1239,mars_cryptosignai
1722986,18869,"⚡️$GRT/USDT⚡️

LONG
Leverage: 20x

Entry: 0.03142 ...1)0.03205
2)0.03268
3)0.03331

Stoploss: 0.0285922",ed3afc72f6f3e5481dbfb0e54ba5488c,2026-09-28T10:52:40+00:00,2026-09-28T15:19:20.310025+00:00,1239,mars_cryptosignai
1722985,18870,"⚡️⚡️$ALGO/USDT⚡️⚡️

LONG
Leverage: 25X

Entry: 0.1...0
Target:
1)0.132
2)0.140
3)0.150

Stoploss: 0.113",4a2b62ac6029818f9414bce60fba81ff,2026-09-28T10:52:40+00:00,2026-09-28T15:19:20.292459+00:00,1239,mars_cryptosignai
1722984,18868,"⚡️$GRT/USDT⚡️

LONG
Leverage: 20x

Entry: 0.03142 ...1)0.03205
2)0.03268
3)0.03331

Stoploss: 0.0285922",ed3afc72f6f3e5481dbfb0e54ba5488c,2026-09-28T10:52:40+00:00,2026-09-28T15:19:20.170157+00:00,1239,mars_cryptosignai
1722982,18862,"🚀 $ALGO/USDT PERP 🚀

🟢 LONG

💰 Entry : 0.129$ – 0.... 5X – 25X

⛔️ SL : 0.114$

📌 Use Only 2-5% Capital",6cf40cc00d010247bbfdb997108596d1,2026-09-28T10:52:40+00:00,2026-09-28T15:19:16.859571+00:00,1239,mars_cryptosignai
1722981,18861,"🚀SHORT: $QNT/USDT🚀
LEVERAGE: 20X-50X

🤍 ENTRY PRIC...220- 209- 192
—————

❌ STOP LOSS: 256❌


REACTIONS",9ed761aeb660cee92a3e985a57f8572b,2026-09-28T10:52:40+00:00,2026-09-28T15:19:16.796510+00:00,1239,mars_cryptosignai
1722980,18860,"📊 #ALGO/USDT

🟢 POSITION: LONG

💰 ENTRY RANGE
➤ 0....
➤ 0.113

━━━━━━━━━━━━━━━━━━

✅ Manage risk wisely",8d783450c44a736cc77cc82e9be804cc,2026-09-28T10:52:39+00:00,2026-09-28T15:19:16.778818+00:00,1239,mars_cryptosignai
1722979,18858,"QNTUSDT LONG NOW 

🏠ENTRY: 212.67",ed6960bb1d676064f2da0af3749c98f0,2026-09-28T10:52:39+00:00,2026-09-28T15:19:16.679466+00:00,1239,mars_cryptosignai
1722978,18857,"#BTW/USDT LONG   

👉Leverage : Cross 10× To 30×

E...fit

1)  1.41
2)  1.47
3)  1.55

⭕Stop Loss : 1.29",267b5ead44a5ab255c7e1e96edec4e08,2026-09-28T10:52:39+00:00,2026-09-28T15:19:16.660132+00:00,1239,mars_cryptosignai
1722976,18855,"👑 #BTW/USDT — TRADE LONG


✔️ ENTRY ZONE: 1.3850

...500

⛔️ STOP LOSS: 1.29

⚡️ NO FEAR — JUST PROFITS",e76490fce3080319139be741b7f7e82a,2026-09-28T10:52:39+00:00,2026-09-28T15:19:13.432929+00:00,1239,mars_cryptosignai
1722975,18854,"QNTUSDTUSDT  
Exchanges: BINGX 

🟢 Short
Leverage-... 170.20
5) 156.58
6) 144.06
7) 🚀🚀🚀 

⛔️ SL:
232.00",15d43cb62aed1f3b49cfff4821109fc4,2026-09-28T10:52:39+00:00,2026-09-28T15:19:13.413608+00:00,1239,mars_cryptosignai
1722974,18852,"SHORT

HBAR/USDT

MARKET PRICE 

Leverage: 10X

TP...5% of capital 

Always use proper risk management.",f8db52614de65dff32149fae5d4b1301,2026-09-28T10:52:39+00:00,2026-09-28T15:19:13.335440+00:00,1239,mars_cryptosignai
1722973,18853,"✨AAVE/USDT

🎗 Trade Type = SHORT 🔴

⭐️ Leverage :-...[ 145.03, 143.59, 141.82, 140.33, 139.04, 136.95 ]",a5753c8bcb5e02a6aaba1ad62d82331b,2026-09-28T10:52:39+00:00,2026-09-28T15:19:13.313968+00:00,1239,mars_cryptosignai
1722972,18850,"#RARE/USDT SHORT NOW 📉
🏠ENTRY: ( 0.01841 )",a5d9612858f16f1fb503e923722b3540,2026-09-28T10:52:39+00:00,2026-09-28T15:19:10.481817+00:00,1239,mars_cryptosignai
1722971,18848,"#QNT/ USDT — BUY (SHORT) 
Leverage: Cross 25x – 50...T IS KEY
👉 Use ONLY 2 – 3% of your total portfolio",e0a9eab1e63c8c16eef155410bdb19b0,2026-09-28T10:52:39+00:00,2026-09-28T15:19:10.389544+00:00,1239,mars_cryptosignai
1722969,18845,"⚡️$GRT/USDT⚡️

LONG
Leverage: 20x

Entry: 0.03142 ...1)0.03205
2)0.03268
3)0.03331

Stoploss: 0.0285922",ed3afc72f6f3e5481dbfb0e54ba5488c,2026-09-28T10:52:39+00:00,2026-09-28T15:19:10.257537+00:00,1239,mars_cryptosignai
1722968,18844,"🐳 ALGO/USDT #LONG🐳

✳️ ENTRY :- 0.128 - 0.121

💢 L...: 0.150

⛔️ STOP-LOSS :- 0.113

☝️ Margin Use 2–3%",b1f1956c4d0481f1eddd7de6a61cc5f4,2026-09-28T10:52:39+00:00,2026-09-28T15:19:10.256774+00:00,1239,mars_cryptosignai
1722967,18839,"🚀 $ALGO/USDT PERP 🚀

🟢 LONG

💰 Entry : 0.129$ – 0.... 5X – 25X

⛔️ SL : 0.114$

📌 Use Only 2-5% Capital",6cf40cc00d010247bbfdb997108596d1,2026-09-28T10:52:38+00:00,2026-09-28T15:19:06.634060+00:00,1239,mars_cryptosignai
1722966,18838,"🚀SHORT: $QNT/USDT🚀
LEVERAGE: 20X-50X

🤍 ENTRY PRIC...220- 209- 192
—————

❌ STOP LOSS: 256❌


REACTIONS",9ed761aeb660cee92a3e985a57f8572b,2026-09-28T10:52:38+00:00,2026-09-28T15:19:06.627796+00:00,1239,mars_cryptosignai
1722965,18837,"📊 #ALGO/USDT

🟢 POSITION: LONG

💰 ENTRY RANGE
➤ 0....
➤ 0.113

━━━━━━━━━━━━━━━━━━

✅ Manage risk wisely",8d783450c44a736cc77cc82e9be804cc,2026-09-28T10:52:38+00:00,2026-09-28T15:19:06.506672+00:00,1239,mars_cryptosignai
1722964,18835,"#BTW/USDT LONG   

👉Leverage : Cross 10× To 30×

E...fit

1)  1.41
2)  1.47
3)  1.55

⭕Stop Loss : 1.29",267b5ead44a5ab255c7e1e96edec4e08,2026-09-28T10:52:38+00:00,2026-09-28T15:19:03.240948+00:00,1239,mars_cryptosignai
1722963,18834,"👑 #BTW/USDT — TRADE LONG


✔️ ENTRY ZONE: 1.3850

...500

⛔️ STOP LOSS: 1.29

⚡️ NO FEAR — JUST PROFITS",e76490fce3080319139be741b7f7e82a,2026-09-28T10:52:38+00:00,2026-09-28T15:19:03.201966+00:00,1239,mars_cryptosignai
1722962,18833,"QNTUSDTUSDT  
Exchanges: BINGX 

🟢 Short
Leverage-... 170.20
5) 156.58
6) 144.06
7) 🚀🚀🚀 

⛔️ SL:
232.00",15d43cb62aed1f3b49cfff4821109fc4,2026-09-28T10:52:38+00:00,2026-09-28T15:19:03.141316+00:00,1239,mars_cryptosignai
1722961,18832,"✨AAVE/USDT

🎗 Trade Type = SHORT 🔴

⭐️ Leverage :-...[ 145.03, 143.59, 141.82, 140.33, 139.04, 136.95 ]",a5753c8bcb5e02a6aaba1ad62d82331b,2026-09-28T10:52:38+00:00,2026-09-28T15:19:03.074689+00:00,1239,mars_cryptosignai
1722960,18831,"SHORT

HBAR/USDT

MARKET PRICE 

Leverage: 10X

TP...5% of capital 

Always use proper risk management.",f8db52614de65dff32149fae5d4b1301,2026-09-28T10:52:38+00:00,2026-09-28T15:19:03.059722+00:00,1239,mars_cryptosignai
1722959,18824,"#QNT/ USDT — BUY (SHORT) 
Leverage: Cross 25x – 50...T IS KEY
👉 Use ONLY 2 – 3% of your total portfolio",e0a9eab1e63c8c16eef155410bdb19b0,2026-09-28T10:52:38+00:00,2026-09-28T15:19:03.042125+00:00,1239,mars_cryptosignai
1722957,18822,"🪙 Coin: #HBAR/USDT
🧭 Type: #LONG

📈 Entry Zone:
0.... within the zone and maintain strict risk control.",3fc2cf2312fd65afa8b438b17bdaca5c,2026-09-28T10:52:38+00:00,2026-09-28T15:18:58.995521+00:00,1239,mars_cryptosignai
1722956,18819,"ONEUSDT LONG NOW 

🏠ENTRY: 0.0025410",ac37f8637a295b695fb34e79167a5ab8,2026-09-28T10:52:38+00:00,2026-09-28T15:18:58.881969+00:00,1239,mars_cryptosignai
1722955,18818,"#MARSCOIN/USDT

📈Signal: long Leverage: Cross 20X
...even after TP1 is hit.

📣Trade Smart • Follow Risk",80f204deb2a2467f3eaf8fbdb9233b26,2026-09-28T10:52:37+00:00,2026-09-28T15:18:55.827276+00:00,1239,mars_cryptosignai
1722954,18817,"#Q/USDT SHORT   

👉Leverage : Cross 10× To 30×

En...0.0272
2)  0.0250
3)  0.02300

⭕Stop Loss : 0.0296",2ba5a169fecd007c4d7d44f8a785c210,2026-09-28T10:52:37+00:00,2026-09-28T15:18:55.799793+00:00,1239,mars_cryptosignai
1722952,18815,"$PUMP/USDT #LONG📩

✅ENTRY :-0.004830/0.0047

Targe... 𝐎𝐧𝐥𝐲 𝟏-𝟑% 𝐎𝐟 𝐎𝐮𝐫 𝐃𝐞𝐩𝐨𝐬𝐢𝐭 𝐅𝐨𝐫 𝐄𝐚𝐜𝐡 𝐓𝐫𝐚𝐝𝐞

React,??",7354847073fc6d87dea5e2b38e96852a,2026-09-28T10:52:37+00:00,2026-09-28T15:18:55.729217+00:00,1239,mars_cryptosignai
1722951,18814,"✅ Long

#XLM/USDT

Entry zone : 0.20187 - 0.20812
...22778
0.23399

Stop loss :0.1935516

Leverage: 10x",315eeabe6008754728af70f61ffc64fa,2026-09-28T10:52:37+00:00,2026-09-28T15:18:55.439590+00:00,1239,mars_cryptosignai
1722950,18813,"📊 Let’s LONG #MARSCOIN/USDT

💥 Leverage:  Cross 20...s: 

1) 0.143
2) 0.150
3) 0.157

🔖 Stop Loss: 0.12",8aa200525160552f0199e37f9d7d3ead,2026-09-28T10:52:37+00:00,2026-09-28T15:18:55.383907+00:00,1239,mars_cryptosignai
1722947,18807,"❖ GRT/USDT

❖ SHORT [ 10×20 ]

➤ Entry Zone:- 0.03... TP2: 0.0300
▪️ TP3: 0.0285

➤ Stop Loss :- 0.0345",af66b69a0a645704812d3aacc4cbf2bd,2026-09-28T10:52:37+00:00,2026-09-28T15:18:55.309148+00:00,1239,mars_cryptosignai
1722946,18806,"Coin #QNT/USDT

Position: LONG 

Leverage:  Cross ...82 - 272

Targets: 🎯 292, 306, 342

Stop Loss: 262",c3aa142f1fb02201bac204d48316443f,2026-09-28T10:52:37+00:00,2026-09-28T15:18:55.257765+00:00,1239,mars_cryptosignai
1722934,18797,"TRADE🪙: #QNT/USDT 

Signal Type📈: Regular (Long)
L...ANAGEMENT AND USE ONLY 10-20% OF CAPITAL PER TRADE",287b1103adf7f629d293b8fb0fa77b79,2026-09-28T09:48:01+00:00,2026-09-28T15:18:54.481418+00:00,1239,mars_cryptosignai
1722933,18796,"TRADE🪙: #PUMP/USDT 

Signal Type📈: Regular (Long)
...ANAGEMENT AND USE ONLY 10-20% OF CAPITAL PER TRADE",93ab76ae470a27589ed45483ff6f0638,2026-09-28T09:48:01+00:00,2026-09-28T15:18:54.476895+00:00,1239,mars_cryptosignai
1722922,18788,"TRADE🪙: #ONE/USDT 

Signal Type📈: Regular (Long)
L...ANAGEMENT AND USE ONLY 10-20% OF CAPITAL PER TRADE",63852e6bd10a1e553b24e2cf315f7e0d,2026-09-28T09:47:44+00:00,2026-09-28T15:18:48.958613+00:00,1239,mars_cryptosignai
1722919,18789,"#LONG 🟢

#NEAR/USDT

Margin Mode : Isolated 💎

Sig....541

🟥 SL : 4.832 - 100%   

📊 LEV : 20X

Premium",853710fdc1335a4c07ca92bb73a5ed73,2026-09-28T09:47:44+00:00,2026-09-28T15:18:48.935632+00:00,1239,mars_cryptosignai
1722918,18787,"TRADE🪙: #GRAM/USDT 

Signal Type📈: Regular (Long)
...ANAGEMENT AND USE ONLY 10-20% OF CAPITAL PER TRADE",b7aaf95cf8561cd7944b43ee2a3cf890,2026-09-28T09:47:44+00:00,2026-09-28T15:18:48.901689+00:00,1239,mars_cryptosignai
1722916,18783,"TRADE🪙: #SOON/USDT 

Signal Type📈: Regular (Long)
...ANAGEMENT AND USE ONLY 10-20% OF CAPITAL PER TRADE",3d6b6cfacd6349289897306e5eef7539,2026-09-28T09:47:44+00:00,2026-09-28T15:18:43.008435+00:00,1239,mars_cryptosignai
1722915,18784,"TRADE🪙: #GRASS/USDT 

Signal Type📈: Regular (Long)...ANAGEMENT AND USE ONLY 10-20% OF CAPITAL PER TRADE",85d57b7f785102c0565b75307cb5e64a,2026-09-28T09:47:44+00:00,2026-09-28T15:18:43.005420+00:00,1239,mars_cryptosignai
1722913,18786,"TRADE🪙: #GRT/USDT 

Signal Type📈: Regular (Long)
L...ANAGEMENT AND USE ONLY 10-20% OF CAPITAL PER TRADE",821566fe40d8cfd7498e2d4d516da1e4,2026-09-28T09:47:44+00:00,2026-09-28T15:18:42.988017+00:00,1239,mars_cryptosignai
1722909,18785,"TRADE🪙: #SUPER/USDT 

Signal Type📈: Regular (Long)...ANAGEMENT AND USE ONLY 10-20% OF CAPITAL PER TRADE",fea3d67ca9e0e8a3073df64934967268,2026-09-28T09:47:44+00:00,2026-09-28T15:18:42.980950+00:00,1239,mars_cryptosignai
1722908,18782,"TRADE🪙: #W/USDT 

Signal Type📈: Regular (Long)
Lev...ANAGEMENT AND USE ONLY 10-20% OF CAPITAL PER TRADE",221d450bc597cf8c1ea0df41c19613f8,2026-09-28T09:47:43+00:00,2026-09-28T15:18:42.979109+00:00,1239,mars_cryptosignai
1722904,18768,"🪙 Coin: #HBAR/USDT
🧭 Type: #LONG

📈 Entry Zone:
0.... within the zone and maintain strict risk control.",3fc2cf2312fd65afa8b438b17bdaca5c,2026-09-28T09:47:38+00:00,2026-09-28T15:18:25.783061+00:00,1239,mars_cryptosignai
1722902,18765,"ONEUSDT LONG NOW 

🏠ENTRY: 0.0025410",ac37f8637a295b695fb34e79167a5ab8,2026-09-28T09:47:38+00:00,2026-09-28T15:18:25.714517+00:00,1239,mars_cryptosignai
1722901,18764,"#MARSCOIN/USDT

📈Signal: long Leverage: Cross 20X
...even after TP1 is hit.

📣Trade Smart • Follow Risk",80f204deb2a2467f3eaf8fbdb9233b26,2026-09-28T09:47:38+00:00,2026-09-28T15:18:22.972085+00:00,1239,mars_cryptosignai
1722900,18763,"#Q/USDT SHORT   

👉Leverage : Cross 10× To 30×

En...0.0272
2)  0.0250
3)  0.02300

⭕Stop Loss : 0.0296",2ba5a169fecd007c4d7d44f8a785c210,2026-09-28T09:47:38+00:00,2026-09-28T15:18:22.891920+00:00,1239,mars_cryptosignai
1722898,18761,"🐳 ONE/USDT #LONG🐳

✳️ ENTRY :- 0.0028 - 0.0029

💢 ...0.0037

⛔️ STOP-LOSS :- 0.0024

☝️ Margin Use 2–3%",e8bbc28f2e019f7e285da54d70a4cad5,2026-09-28T09:47:38+00:00,2026-09-28T15:18:20.119150+00:00,1239,mars_cryptosignai
1722897,18760,"⚡️⚡️ #TURTLE/USDT ⚡️⚡️
Exchanges: Bingx 
Signal Ty...
5) 0.04710
6) 0.04776
7) 🚀🚀🚀

Stop Targets:
5-10%",f8f6e2b06ec7307b5651991e2fa2c1ec,2026-09-28T09:47:38+00:00,2026-09-28T15:18:20.101412+00:00,1239,mars_cryptosignai
1722896,18759,"📊#CAP/USDT — LONG

⚡️ Leverage : 10X – 30X

💹Entry...Entry After TP1

⚖️ Follow Proper Risk Management.",338d0d0121d7102faccd2981c6cfd0ee,2026-09-28T09:47:37+00:00,2026-09-28T15:18:20.066397+00:00,1239,mars_cryptosignai
1722895,18758,"⚡️⚡️ #THE/USDT ⚡️⚡️
Exchanges: Bingx 
Signal Type:...
5) 0.08787
6) 0.08912
7) 🚀🚀🚀

Stop Targets:
5-10%",f1872800b7f86e7bc2e8e56c50a41c2f,2026-09-28T09:47:37+00:00,2026-09-28T15:18:20.000070+00:00,1239,mars_cryptosignai
1722894,18757,"⚡️⚡️ #TIA/USDT ⚡️⚡️
Exchanges: Bingx 
Signal Type:...
5) 0.53413
6) 0.54169
7) 🚀🚀🚀

Stop Targets:
5-10%",24484f1b5e8d4f0245789469cf829f98,2026-09-28T09:47:37+00:00,2026-09-28T15:18:17.428390+00:00,1239,mars_cryptosignai
1722893,18756,"#SYN/USDT SHORT   

👉Leverage : Cross 10× To 30×

...

1)  0.166
2)  0.158
3)  0.150

⭕Stop Loss : 0.18",c80941253e5ef46f3c34235f00024851,2026-09-28T09:47:37+00:00,2026-09-28T15:18:17.316704+00:00,1239,mars_cryptosignai
1722892,18755,"🪙 Coin: #GRT/USDT
🧭 Type: #LONG

📈 Entry Zone:
0.0... within the zone and maintain strict risk control.",f14469e1ac549daa832b1ae88eee8da5,2026-09-28T09:47:37+00:00,2026-09-28T15:18:17.303309+00:00,1239,mars_cryptosignai
1722891,18754,"⚡️⚡️ #WOO/USDT ⚡️⚡️
Exchanges: Bingx 
Signal Type:...
5) 0.01518
6) 0.01539
7) 🚀🚀🚀

Stop Targets:
5-10%",1fe3d642f9f49db3bb54b8f66d0cc773,2026-09-28T09:47:37+00:00,2026-09-28T15:18:17.227244+00:00,1239,mars_cryptosignai
1722889,18753,"⚡️⚡️ #TOSHI/USDT ⚡️⚡️
Exchanges: Bingx 
Signal Typ...
5) 0.00013
6) 0.00014
7) 🚀🚀🚀

Stop Targets:
5-10%",f9ba6bccac895609a904e02f997f5469,2026-09-28T09:47:37+00:00,2026-09-28T15:18:14.249572+00:00,1239,mars_cryptosignai
1722887,18746,"📈 SYN/USDT 📈

🔴 SHORT SETUP

💰 Entry Zone: 0.1730 ...et 1. 
✅ Move SL to breakeven after Target 1 hits.",7b7af650384dc80a9bb662bd51a6442a,2026-09-28T09:47:37+00:00,2026-09-28T15:18:14.163580+00:00,1239,mars_cryptosignai
1722886,18745,"$INX/USDT #LONG📩

✅ENTRY :-0.007050/0.0068

Target... 𝐎𝐧𝐥𝐲 𝟏-𝟑% 𝐎𝐟 𝐎𝐮𝐫 𝐃𝐞𝐩𝐨𝐬𝐢𝐭 𝐅𝐨𝐫 𝐄𝐚𝐜𝐡 𝐓𝐫𝐚𝐝𝐞

React,??",9800ac6a428bd61160ea182194073749,2026-09-28T09:47:37+00:00,2026-09-28T15:18:11.386771+00:00,1239,mars_cryptosignai
1722885,18744,"PYTHUSDTUSDT  
Exchanges: BINGX 

🟢 Short
Leverage....07658000
6) 0.07045000
7) 🚀🚀🚀 

⛔️ SL:
0.07849000",968acb683211af99fb416b5124d2421b,2026-09-28T09:47:37+00:00,2026-09-28T15:18:11.275889+00:00,1239,mars_cryptosignai
1722884,18743,"💫 Pair: MERL/USDT  💫

🔼 Direction: Long 🔼

✅ Lever...ke Profit: 0.03250 📈

⚠️ Stop Loss: 0.02932 ⚠️

📈📈",cddb3e375f87f878204a6934a1e01227,2026-09-28T09:47:37+00:00,2026-09-28T15:18:11.259373+00:00,1239,mars_cryptosignai
1722835,18708,"💫 Pair:Qnt/USDT  💫

🔼 Directio: Long
✅ Leverage: C...fit: 290📈
📈 Take Profit: 333📈

⚠️ Stop Loss: 242⚠️",6ae114e2e1bf210ded0b80357540a4e6,2026-09-28T09:45:49+00:00,2026-09-28T15:17:36.065764+00:00,1239,mars_cryptosignai
1722833,18705,"🚀AZTEC/USDT |LONG SIGNAL 🚀

📍 Entry Zone: 0.0180

...h target.

📈 Risk Managed Trade | High R:R Setup 💎",f7e304739c3c64db5014131957e261eb,2026-09-28T09:45:49+00:00,2026-09-28T15:17:33.135770+00:00,1239,mars_cryptosignai
1722830,18702,"SHORT $ETH 
MARKET ORDER

ENTRY NOW 2652
TP 2610
S...se only 5–7% of your capital.
Discipline = Success",389586626c068d5c44b6c36be3466d84,2026-09-28T09:45:49+00:00,2026-09-28T15:17:32.959283+00:00,1239,mars_cryptosignai
1722829,18701,"🔥 BTC UPDATE — SEPTEMBER 28

BTC is showing strong...ew setup.
No FOMO. Let the pullback come to us. 🎯💜",347c115ba4a02dd44af92555feb5158a,2026-09-28T09:45:49+00:00,2026-09-28T15:17:32.937786+00:00,1239,mars_cryptosignai
1722828,18700,"PYTHUSDTUSDT  
Exchanges: BINGX 

🟢 Short
Leverage....07658000
6) 0.07045000
7) 🚀🚀🚀 

⛔️ SL:
0.07849000",968acb683211af99fb416b5124d2421b,2026-09-28T09:45:49+00:00,2026-09-28T15:17:29.938053+00:00,1239,mars_cryptosignai
1722827,18699,"🔰 $JST/USDT PERPETUAL 🔰

🟢 Trade Bias: LONG

📥 Acc...y.

🔥  BULLS PREMIUM | Trade Smart. Manage Risk. 🔥",7af746e6946fcb9289fb6076b7053f10,2026-09-28T09:45:49+00:00,2026-09-28T15:17:29.879769+00:00,1239,mars_cryptosignai
1722826,18698,"BTC UPDATE ON 9/28 - STRATEGY WILL CHANGE 📉

With ...EMAPRO indicator, trading will be very effective 📊",3521945e744df9a42260698efc03f91c,2026-09-28T09:45:49+00:00,2026-09-28T15:17:29.810990+00:00,1239,mars_cryptosignai
1722823,18695,"🪙 Pair: GRT/USDT

⚔️ Position: LONG (25X)

📍 Entry... Loss
━━━━━━━━━━━━━━━━━━━━━vb
👑 — Trade Like a Pro",4125c39f66d15915ca6b31fcd01db27f,2026-09-28T09:45:49+00:00,2026-09-28T15:17:26.730288+00:00,1239,mars_cryptosignai
1722822,18694,"#LONG 🟢🔤🔤🔤🔤🔤

#WLD/USDT

Margin Mode : Isolated 💎
...6

🟥 SL : 0.5064 - 100%   

📊 LEV : 20X

🇯🇵Premium",c2c67f9a4f88dbde0435f1e6ff0679d3,2026-09-28T09:45:49+00:00,2026-09-28T15:17:26.642258+00:00,1239,mars_cryptosignai
1722815,18686,"📈 SYN/USDT 📈

🔴 SHORT SETUP

💰 Entry Zone: 0.1730 ...et 1. 
✅ Move SL to breakeven after Target 1 hits.",7b7af650384dc80a9bb662bd51a6442a,2026-09-28T09:45:15+00:00,2026-09-28T15:17:20.767001+00:00,1239,mars_cryptosignai
1722814,18687,"🚀LONG: $RARE/USDT🚀
LEVERAGE: 20X-50X

🤍 ENTRY PRIC...22- 0.024
—————

❌ STOP LOSS: 0.01720❌


REACTIONS",d6fd727c5b75354f7f1e26f497fcefcb,2026-09-28T09:45:15+00:00,2026-09-28T15:17:20.743313+00:00,1239,mars_cryptosignai
1722813,18685,"📊 ONDO/USDT — SHORT

📍 ENTRY: 0.5850

🎯 TARGET 1: ...Manage your risk & trade responsibly.

🔥 LET’S GO!",c6ab769c9b401cf537ed22a086c110ba,2026-09-28T09:45:12+00:00,2026-09-28T15:17:20.722009+00:00,1239,mars_cryptosignai
1722812,18683,"📊#IMX/USDT–SHORT–10x - 30x 🚀

📍 𝐄𝐧𝐭𝐫𝐲 𝐙𝐨𝐧𝐞:

➥ 0.1...tal.

⚠️ Disclaimer:
Trade at your own risk. DYOR.",e821ea1a1be254b900dc0dcf4b8927fe,2026-09-28T09:45:12+00:00,2026-09-28T15:17:18.054857+00:00,1239,mars_cryptosignai
1722811,18682,"💵 𝐒𝐈𝐆𝐍𝐀𝐋 𝐀𝐋𝐄𝐑𝐓 💵

#GRT/USDT (25xLONG)

✅ ENTRY:0.0...TS:- 0.03550/0.03790/0.04250

❌ STOP LOSS: 0.02950",b6cc8594629893ac46235c8adf554b25,2026-09-28T09:45:12+00:00,2026-09-28T15:17:18.022449+00:00,1239,mars_cryptosignai
1722810,18684,"#LONG 🟢🔤🔤🔤🔤🔤

#WLD/USDT

Margin Mode : Isolated 💎
...6

🟥 SL : 0.5064 - 100%   

📊 LEV : 20X

🇯🇵Premium",c2c67f9a4f88dbde0435f1e6ff0679d3,2026-09-28T09:45:12+00:00,2026-09-28T15:17:18.021277+00:00,1239,mars_cryptosignai
1722808,18680,"#ENA | SHORT SETUP

💰 Entry: $0.26373

🎯 Target1: ...t4: $0.25371
🎯 Target5: $0.25002

🛡 STOP: $0.27692",45cb8876c9fee31bd3dc5f259c143429,2026-09-28T09:45:12+00:00,2026-09-28T15:17:18.009812+00:00,1239,mars_cryptosignai
1727150,19024,"💸 SHORT — RUNE

Entry: 0.7440

💸 Targets: 0.7367 /...87

💸  Stop: 0.7812

💸 Move SL to entry after TP1.",90f5ec8786cddaf82cceb0c26474be14,2026-09-28T16:23:28+00:00,2026-09-28T17:46:24.455564+00:00,1239,mars_cryptosignai
1727147,19021,"🟢LONG  #BTCUSDT

🔶 Entry : 83000 - 83100

➡️ Lever...ake Profit Targets :

👉 83800

🛑 Stop Loss : 82200",80c5017ccee92076f74d7da0a874ce2a,2026-09-28T16:23:28+00:00,2026-09-28T17:46:24.364387+00:00,1239,mars_cryptosignai
1727145,19019,"🚨 #MARSCOIN/USDT | LONG 

⚡Leverage: Cross 20x

🎯E... follow the signal and secure profits at targets.💎",1573b87cb8623fc9512c9b64651f4ed5,2026-09-28T16:23:28+00:00,2026-09-28T17:46:24.297454+00:00,1239,mars_cryptosignai
1727143,19017,"#BTW/USDT SHORT NOW 📉
🏠ENTRY: ( 1.05169 )",e7b4ee0c54ccaf0cb37e1330ac64cd5c,2026-09-28T16:23:27+00:00,2026-09-28T17:46:24.270779+00:00,1239,mars_cryptosignai
1727141,19015,"📉 SHORT #QNT/USDT 

🚀 LEVERAGE : 75x

📊 ENTRY PRIC... 

TP🟢223.0

TP🟢212.0

STOPLOSS 🔴243.0

REACTIONS?",f6a3603de66502cc2b8222a3bdc8173d,2026-09-28T16:23:27+00:00,2026-09-28T17:46:24.151892+00:00,1239,mars_cryptosignai
1727140,19014,"💫 Pair: WLD/USDT  💫

🔼 Direction: Long 🔼

✅ Levera...Take Profit: 0.5350 📈

⚠️ Stop Loss: 0.4550 ⚠️

📈📈",1d0677d39a236867a82695c34f528b71,2026-09-28T16:23:27+00:00,2026-09-28T17:46:24.143150+00:00,1239,mars_cryptosignai
1727131,18999,"#GRT/USDT SHORT   

👉Leverage : Cross 10× To 30×

...3090
2)  0.02987
3)  0.02893

⭕Stop Loss : 0.03359",d2b1416586d91137439a953cfdc7f079,2026-09-28T16:23:08+00:00,2026-09-28T17:46:23.730096+00:00,1239,mars_cryptosignai
1727130,18997,"📊 Let’s LONG #HBAR/USDT

💥 Leverage:  Cross 20×  -...: 

1) 0.123
2) 0.127
3) 0.136

🔖 Stop Loss: 0.112",24dadca2f799a431828f73049eeeed49,2026-09-28T16:23:07+00:00,2026-09-28T17:46:23.693976+00:00,1239,mars_cryptosignai
1727129,18998,#GRT SHORT 0.0315,1931ffafd1f3b2a521e0e714fb9b74e0,2026-09-28T16:23:07+00:00,2026-09-28T17:46:23.687715+00:00,1239,mars_cryptosignai
1727128,18996,"⚡️ BTC/USDT ⚡️

🔻 SCALP LONG

💎 Leverage: 10x – 15...oss: $82000

⚠️ Trade with proper risk management.",166d00264fef3f0909c1a415d46ae716,2026-09-28T16:23:07+00:00,2026-09-28T17:46:23.683601+00:00,1239,mars_cryptosignai
1727126,18994,SHORT GRT 0.3220,01846d286c5aab37ff3fa6155c560e17,2026-09-28T16:23:07+00:00,2026-09-28T17:46:23.557210+00:00,1239,mars_cryptosignai
1727125,18993,"#LTC | SHORT SETUP

💰 Entry: $70.1

🎯 Target1: $69... $67.43620
🎯 Target5: $66.45480

🛡 STOP: $73.60500",fbf782bf603202d872c1fab842680bc3,2026-09-28T16:23:07+00:00,2026-09-28T17:46:23.502193+00:00,1239,mars_cryptosignai
1727124,18991,"✨DASH/USDT

🎗 Trade Type = LONG 🟢

⭐️ Leverage :- ...fit = [ 66.59, 67.36, 67.92, 68.74, 69.28, 70.18 ]",1c8fde355fa7721214e8e5bb86b1b2c5,2026-09-28T16:23:07+00:00,2026-09-28T17:46:23.485712+00:00,1239,mars_cryptosignai
1727123,18992,"#SHORT 🔴 🔤🔤🔤🔤🔤

#POL/USDT 

Margin Mode : Isolated...55

🟩 SL : 0.12588 - 100%

📊 LEV : 20X

🇯🇵 Premium",624cf1f6e4a0f62bd65fb9ce577b9981,2026-09-28T16:23:07+00:00,2026-09-28T17:46:23.482458+00:00,1239,mars_cryptosignai
1727122,18990,"🌈PAIR:- #QNT/USDT
⚡️ Direction : SHORT
🛠 Leverage:...nt Usage:- 1 - 2%
(According To your Risk Setting)",0ed018e1e2ecbf324bc46ba66cffd6be,2026-09-28T16:23:07+00:00,2026-09-28T17:46:23.464657+00:00,1239,mars_cryptosignai
1727121,18989,"🔘 Coin : #GRT/USDT 🔘

🔴 SHORT

🔺Entry🔻: 0.03204

⭐... - 0.03011

♦️ StopLoss : 0.03323

🔱 Leverage: 25x",44f9e17a68570b8345ba17d59594f83d,2026-09-28T16:23:07+00:00,2026-09-28T17:46:23.343811+00:00,1239,mars_cryptosignai
1727120,18988,"🚀 #ONEUSDT LONG SIGNAL 🚀

⚡️ LEVERAGE 50X–75X
📌 EN...h this move together!

🔓 Trade Smart • Trade Safe.",839514a29a75d8920ccf09baab2ac4e9,2026-09-28T16:23:07+00:00,2026-09-28T17:46:23.326456+00:00,1239,mars_cryptosignai
1727119,18987,"#HBAR/ USDT — BUY (LONG) 
Leverage: Cross 25x – 50...T IS KEY
👉 Use ONLY 2 – 3% of your total portfolio",9371692b78639ef83c0147e637237d8e,2026-09-28T16:23:07+00:00,2026-09-28T17:46:23.319798+00:00,1239,mars_cryptosignai
1727118,18985,"#GRT/USDT SHORT   

👉Leverage : Cross 10× To 30×

...3090
2)  0.02987
3)  0.02893

⭕Stop Loss : 0.03359",d2b1416586d91137439a953cfdc7f079,2026-09-28T16:23:07+00:00,2026-09-28T17:46:23.296519+00:00,1239,mars_cryptosignai
1727117,18986,"↗️ LONG #QNT 75x

📌 Entry: 242

🎯 TP: 249

⛔️ SL: ...t Usage: 1-3%
⚠️ According to your risk management",b743ade70edada3c924e0c6e8b882385,2026-09-28T16:23:07+00:00,2026-09-28T17:46:23.295426+00:00,1239,mars_cryptosignai
1727114,18984,"📊 Let’s LONG #HBAR/USDT

💥 Leverage:  Cross 20×  -...: 

1) 0.123
2) 0.127
3) 0.136

🔖 Stop Loss: 0.112",24dadca2f799a431828f73049eeeed49,2026-09-28T16:23:07+00:00,2026-09-28T17:46:23.133784+00:00,1239,mars_cryptosignai
1727113,18983,"👑 #QNT/USDT — TRADE LONG

LEVERAGE 25X TO 50X

✔️ ... 200

⛔️ STOP LOSS: 231

⚡️ NO FEAR — JUST PROFITS",bbfe5e422929589e799d90f1cbdf3ce7,2026-09-28T16:23:07+00:00,2026-09-28T17:46:23.128680+00:00,1239,mars_cryptosignai
1727116,18980,"👑 #ONE/USDT — TRADE SHORT

LEVERAGE 25X TO 50X

✔️...
⛔️ STOP LOSS: 0.002530

⚡️ NO FEAR — JUST PROFITS",c8777d2f0668007e3545af1d569b3601,2026-09-28T16:23:06+00:00,2026-09-28T17:46:23.147368+00:00,1239,mars_cryptosignai
1727112,18981,"🔴 SHORT

#LINK/USDT

Entry zone : 14.884 - 14.451
...
13.070
12.635

Stop loss :15.46257

Leverage: 10x",041826dd0dae82dc6ac02c4803691cc3,2026-09-28T16:23:06+00:00,2026-09-28T17:46:23.124299+00:00,1239,mars_cryptosignai
1727111,18979,"#HBAR/ USDT — BUY (LONG) 
Leverage: Cross 25x – 50...T IS KEY
👉 Use ONLY 2 – 3% of your total portfolio",9371692b78639ef83c0147e637237d8e,2026-09-28T16:23:06+00:00,2026-09-28T17:46:12.150514+00:00,1239,mars_cryptosignai
1727110,18978,"🔰 PAIR: ETH/ USDT 💹

🟢Position: LONG🚀

☑️ Entry Zo...2663.01
🥈 2669.75
🥉 2678.39

❌ Stop Loss: 🔴2636.38",571eca20a8741b7b3fd8ff56e30764bb,2026-09-28T16:23:06+00:00,2026-09-28T17:46:12.102384+00:00,1239,mars_cryptosignai
1727108,18976,"⚡️ BTC/USDT ⚡️

🔻 SCALP LONG

💎 Leverage: 10x – 15...oss: $82000

⚠️ Trade with proper risk management.",166d00264fef3f0909c1a415d46ae716,2026-09-28T16:23:06+00:00,2026-09-28T17:46:12.034416+00:00,1239,mars_cryptosignai
1727107,18975,"#SHORT 🔴 🔤🔤🔤🔤🔤

#POL/USDT 

Margin Mode : Isolated...55

🟩 SL : 0.12588 - 100%

📊 LEV : 20X

🇯🇵 Premium",624cf1f6e4a0f62bd65fb9ce577b9981,2026-09-28T16:23:06+00:00,2026-09-28T17:46:12.008330+00:00,1239,mars_cryptosignai
1727106,18974,"#LTC | SHORT SETUP

💰 Entry: $70.1

🎯 Target1: $69... $67.43620
🎯 Target5: $66.45480

🛡 STOP: $73.60500",fbf782bf603202d872c1fab842680bc3,2026-09-28T16:23:06+00:00,2026-09-28T17:46:11.979622+00:00,1239,mars_cryptosignai
1727105,18973,"🌈PAIR:- #QNT/USDT
⚡️ Direction : SHORT
🛠 Leverage:...nt Usage:- 1 - 2%
(According To your Risk Setting)",0ed018e1e2ecbf324bc46ba66cffd6be,2026-09-28T16:23:06+00:00,2026-09-28T17:46:11.949961+00:00,1239,mars_cryptosignai
1727104,18972,"✨DASH/USDT

🎗 Trade Type = LONG 🟢

⭐️ Leverage :- ...fit = [ 66.59, 67.36, 67.92, 68.74, 69.28, 70.18 ]",1c8fde355fa7721214e8e5bb86b1b2c5,2026-09-28T16:23:06+00:00,2026-09-28T17:46:11.905174+00:00,1239,mars_cryptosignai
1727103,18971,"✅ Long

Pair: #DASH/USDT

📊 Entry Price: 

1) 64.7...7.77
4) 69.12

Stop Loss: 60.62

Leverage: 10x-20x",a884b593df40bf4f3817f028c20b82b8,2026-09-28T16:23:06+00:00,2026-09-28T17:46:11.849520+00:00,1239,mars_cryptosignai
1727102,18970,"🔘 Coin : #GRT/USDT 🔘

🔴 SHORT

🔺Entry🔻: 0.03204

⭐... - 0.03011

♦️ StopLoss : 0.03323

🔱 Leverage: 25x",44f9e17a68570b8345ba17d59594f83d,2026-09-28T16:23:06+00:00,2026-09-28T17:46:11.835584+00:00,1239,mars_cryptosignai
1727101,18969,"🪙#NMR/USDT

🚩POSITION — LONG

🔒  LEVERAGE — 20X75
...P🥈: 11.100
TP🥉: 11.700

⛔️ SL: 9.150

🔥REACTIONS?😜",1993a57edf7f5cd839855771604ff334,2026-09-28T16:23:06+00:00,2026-09-28T17:46:11.794188+00:00,1239,mars_cryptosignai
1727100,18968,"🔴 SHORT

#XLM/USDT

Entry : 

1) 0.22602
2) 0.2328...21038

🛑 Stop : 0.24025

Leverage : 10x (isolated)",6fe587102f91dfd73c227ad0ef7ac607,2026-09-28T16:23:06+00:00,2026-09-28T17:46:11.765070+00:00,1239,mars_cryptosignai
1727098,18964,"↗️ LONG #QNT 75x

📌 Entry: 242

🎯 TP: 249

⛔️ SL: ...t Usage: 1-3%
⚠️ According to your risk management",b743ade70edada3c924e0c6e8b882385,2026-09-28T16:23:06+00:00,2026-09-28T17:46:11.685381+00:00,1239,mars_cryptosignai
1727097,18963,"$WLDUSDT

LONG

RR : 2

LEVERAGE : 20x

ENTRY : 0.5140

TAKE PROFITS 👇

1️⃣ 0.5405

STOPLOSS : 0.501",ef5245f24ce6a07e57f00bd33ddbdf10,2026-09-28T16:23:06+00:00,2026-09-28T17:46:11.674455+00:00,1239,mars_cryptosignai
1727095,18958,"📊 Let’s LONG #HBAR/USDT

💥 Leverage:  Cross 20×  -...: 

1) 0.123
2) 0.127
3) 0.136

🔖 Stop Loss: 0.112",24dadca2f799a431828f73049eeeed49,2026-09-28T16:23:05+00:00,2026-09-28T17:46:11.568094+00:00,1239,mars_cryptosignai
1727090,18953,"🔴 SHORT

#XLM/USDT

Entry : 

1) 0.22602
2) 0.2328...21038

🛑 Stop : 0.24025

Leverage : 10x (isolated)",6fe587102f91dfd73c227ad0ef7ac607,2026-09-28T16:10:20+00:00,2026-09-28T17:46:11.423542+00:00,1239,mars_cryptosignai
1727089,18952,"$WLDUSDT

LONG

RR : 2

LEVERAGE : 20x

ENTRY : 0.5140

TAKE PROFITS 👇

1️⃣ 0.5405

STOPLOSS : 0.501",ef5245f24ce6a07e57f00bd33ddbdf10,2026-09-28T16:10:20+00:00,2026-09-28T17:46:11.356252+00:00,1239,mars_cryptosignai
1727087,18950,"🔰 PAIR: ETH/ USDT 💹

🟢Position: LONG🚀

☑️ Entry Zo...2663.01
🥈 2669.75
🥉 2678.39

❌ Stop Loss: 🔴2636.38",571eca20a8741b7b3fd8ff56e30764bb,2026-09-28T16:10:20+00:00,2026-09-28T17:46:11.305637+00:00,1239,mars_cryptosignai
1727086,18949,"✅ Long

Pair: #DASH/USDT

📊 Entry Price: 

1) 64.7...7.77
4) 69.12

Stop Loss: 60.62

Leverage: 10x-20x",a884b593df40bf4f3817f028c20b82b8,2026-09-28T16:10:20+00:00,2026-09-28T17:46:11.274982+00:00,1239,mars_cryptosignai
1727084,18947,"👑 #QNT/USDT — TRADE LONG

LEVERAGE 25X TO 50X

✔️ ... 200

⛔️ STOP LOSS: 231

⚡️ NO FEAR — JUST PROFITS",bbfe5e422929589e799d90f1cbdf3ce7,2026-09-28T16:10:19+00:00,2026-09-28T17:46:11.177627+00:00,1239,mars_cryptosignai
1727083,18946,"👑 #ONE/USDT — TRADE SHORT

LEVERAGE 25X TO 50X

✔️...
⛔️ STOP LOSS: 0.002530

⚡️ NO FEAR — JUST PROFITS",c8777d2f0668007e3545af1d569b3601,2026-09-28T16:10:19+00:00,2026-09-28T17:46:11.155967+00:00,1239,mars_cryptosignai
1727082,18945,"🔴 SHORT

#LINK/USDT

Entry zone : 14.884 - 14.451
...
13.070
12.635

Stop loss :15.46257

Leverage: 10x",041826dd0dae82dc6ac02c4803691cc3,2026-09-28T16:10:19+00:00,2026-09-28T17:46:11.127314+00:00,1239,mars_cryptosignai
1727081,18944,"🔴 LONG $LINK/USDT | Cross 50X

✅ Entry: MARKET PRICE 

🎯 TP: OPEN

🛑 SL: 14.419",d3467f17f65584e77d870b52d2d7663f,2026-09-28T16:10:19+00:00,2026-09-28T17:46:11.084164+00:00,1239,mars_cryptosignai
1727080,18943,"🪙#NMR/USDT

🚩POSITION — LONG

🔒  LEVERAGE — 20X75
...P🥈: 11.100
TP🥉: 11.700

⛔️ SL: 9.150

🔥REACTIONS?😜",1993a57edf7f5cd839855771604ff334,2026-09-28T16:10:19+00:00,2026-09-28T17:46:10.999284+00:00,1239,mars_cryptosignai
1727079,18942,"#NMR/USDT LONG NOW 📈
🏠ENTRY: ( 10.543 )",298f1e7bdc1ee1b9f2a71b9a84c18247,2026-09-28T16:10:19+00:00,2026-09-28T17:46:10.995909+00:00,1239,mars_cryptosignai
1727078,18941,"💎#QNT/USDT  LONG

👍Leverage : Cross 25x50

🏠Entry ...211.90

Use only 3% - 5% amount of your portfolio🤩",3ae11d74ea25b764f9cf71ddc737e2df,2026-09-28T16:10:19+00:00,2026-09-28T17:46:10.981172+00:00,1239,mars_cryptosignai
1727077,18940,"QNTUSDT LONG NOW 

🏠ENTRY: 236.42",84da35fea0063cc4fe909aa3d2d62e7f,2026-09-28T16:10:19+00:00,2026-09-28T17:46:10.949334+00:00,1239,mars_cryptosignai
1727076,18939,"💎#QNT/USDT  LONG

👍Leverage : Cross 25x50

🏠Entry ...211.90

Use only 3% - 5% amount of your portfolio🤩",3ae11d74ea25b764f9cf71ddc737e2df,2026-09-28T16:10:19+00:00,2026-09-28T17:46:10.900357+00:00,1239,mars_cryptosignai
1727075,18938,"QNTUSDT LONG NOW 

🏠ENTRY: 236.42",84da35fea0063cc4fe909aa3d2d62e7f,2026-09-28T16:10:19+00:00,2026-09-28T17:46:10.809517+00:00,1239,mars_cryptosignai
1727067,18928,"$BNB/USD BUY 

Entry : $  767.62

Target1: $ 774
Target2: $ 791
Target3: $ 806


SL : $ 753",1fcf20b50ec9ce401fa4bc29ec494b11,2026-09-28T16:09:47+00:00,2026-09-28T17:46:10.549543+00:00,1239,mars_cryptosignai
1727066,18927,"🔴 SHORT

#XLM/USDT

Entry : 

1) 0.22602
2) 0.2328...21038

🛑 Stop : 0.24025

Leverage : 10x (isolated)",6fe587102f91dfd73c227ad0ef7ac607,2026-09-28T16:09:47+00:00,2026-09-28T17:46:10.536018+00:00,1239,mars_cryptosignai
1727065,18926,"$WLDUSDT

LONG

RR : 2

LEVERAGE : 20x

ENTRY : 0.5140

TAKE PROFITS 👇

1️⃣ 0.5405

STOPLOSS : 0.501",ef5245f24ce6a07e57f00bd33ddbdf10,2026-09-28T16:09:47+00:00,2026-09-28T17:46:10.424165+00:00,1239,mars_cryptosignai
1727063,18924,"🔰 PAIR: ETH/ USDT 💹

🟢Position: LONG🚀

☑️ Entry Zo...2663.01
🥈 2669.75
🥉 2678.39

❌ Stop Loss: 🔴2636.38",571eca20a8741b7b3fd8ff56e30764bb,2026-09-28T16:09:46+00:00,2026-09-28T17:46:10.389396+00:00,1239,mars_cryptosignai
1727062,18923,"✅ Long

Pair: #DASH/USDT

📊 Entry Price: 

1) 64.7...7.77
4) 69.12

Stop Loss: 60.62

Leverage: 10x-20x",a884b593df40bf4f3817f028c20b82b8,2026-09-28T16:09:46+00:00,2026-09-28T17:46:10.368578+00:00,1239,mars_cryptosignai
1727060,18920,"👑 #ONE/USDT — TRADE SHORT

LEVERAGE 25X TO 50X

✔️...
⛔️ STOP LOSS: 0.002530

⚡️ NO FEAR — JUST PROFITS",c8777d2f0668007e3545af1d569b3601,2026-09-28T16:09:46+00:00,2026-09-28T17:46:10.252461+00:00,1239,mars_cryptosignai
1727059,18921,"👑 #QNT/USDT — TRADE LONG

LEVERAGE 25X TO 50X

✔️ ... 200

⛔️ STOP LOSS: 231

⚡️ NO FEAR — JUST PROFITS",bbfe5e422929589e799d90f1cbdf3ce7,2026-09-28T16:09:46+00:00,2026-09-28T17:46:10.241225+00:00,1239,mars_cryptosignai
1727058,18919,"🔴 SHORT

#LINK/USDT

Entry zone : 14.884 - 14.451
...
13.070
12.635

Stop loss :15.46257

Leverage: 10x",041826dd0dae82dc6ac02c4803691cc3,2026-09-28T16:09:46+00:00,2026-09-28T17:46:10.232079+00:00,1239,mars_cryptosignai
1727057,18917,"🪙#NMR/USDT

🚩POSITION — LONG

🔒  LEVERAGE — 20X75
...P🥈: 11.100
TP🥉: 11.700

⛔️ SL: 9.150

🔥REACTIONS?😜",1993a57edf7f5cd839855771604ff334,2026-09-28T16:09:46+00:00,2026-09-28T17:46:10.190220+00:00,1239,mars_cryptosignai
1727056,18916,"#NMR/USDT LONG NOW 📈
🏠ENTRY: ( 10.543 )",298f1e7bdc1ee1b9f2a71b9a84c18247,2026-09-28T16:09:46+00:00,2026-09-28T17:46:10.181135+00:00,1239,mars_cryptosignai
1727055,18914,"QNTUSDT LONG NOW 

🏠ENTRY: 236.42",84da35fea0063cc4fe909aa3d2d62e7f,2026-09-28T16:09:46+00:00,2026-09-28T17:46:10.068412+00:00,1239,mars_cryptosignai
1727054,18912,"HBARUSDT LONG NOW 

🏠ENTRY: 0.11510",65d30e213045febc28326682e5a192bf,2026-09-28T16:09:46+00:00,2026-09-28T17:46:10.056625+00:00,1239,mars_cryptosignai
1727053,18906,"HBARUSDT LONG NOW 

🏠ENTRY: 0.11510",65d30e213045febc28326682e5a192bf,2026-09-28T16:09:46+00:00,2026-09-28T17:46:10.054679+00:00,1239,mars_cryptosignai
1727052,18904,"⚡️$GRT/USDT⚡️

LONG
Leverage: 20x

Entry: 0.03142 ...1)0.03205
2)0.03268
3)0.03331

Stoploss: 0.0285922",ed3afc72f6f3e5481dbfb0e54ba5488c,2026-09-28T16:09:45+00:00,2026-09-28T17:46:10.014350+00:00,1239,mars_cryptosignai
1727051,18903,"🐳 ALGO/USDT #LONG🐳

✳️ ENTRY :- 0.128 - 0.121

💢 L...: 0.150

⛔️ STOP-LOSS :- 0.113

☝️ Margin Use 2–3%",b1f1956c4d0481f1eddd7de6a61cc5f4,2026-09-28T16:09:45+00:00,2026-09-28T17:46:10.001222+00:00,1239,mars_cryptosignai
1727050,18900,"🚀 $ALGO/USDT PERP 🚀

🟢 LONG

💰 Entry : 0.129$ – 0.... 5X – 25X

⛔️ SL : 0.114$

📌 Use Only 2-5% Capital",6cf40cc00d010247bbfdb997108596d1,2026-09-28T16:09:45+00:00,2026-09-28T17:46:09.893344+00:00,1239,mars_cryptosignai
1727049,18899,"🚀SHORT: $QNT/USDT🚀
LEVERAGE: 20X-50X

🤍 ENTRY PRIC...220- 209- 192
—————

❌ STOP LOSS: 256❌


REACTIONS",9ed761aeb660cee92a3e985a57f8572b,2026-09-28T16:09:45+00:00,2026-09-28T17:46:09.889740+00:00,1239,mars_cryptosignai
1727048,18898,"📊 #ALGO/USDT

🟢 POSITION: LONG

💰 ENTRY RANGE
➤ 0....
➤ 0.113

━━━━━━━━━━━━━━━━━━

✅ Manage risk wisely",8d783450c44a736cc77cc82e9be804cc,2026-09-28T16:09:45+00:00,2026-09-28T17:46:09.883366+00:00,1239,mars_cryptosignai
1727047,18895,"#BTW/USDT LONG   

👉Leverage : Cross 10× To 30×

E...fit

1)  1.41
2)  1.47
3)  1.55

⭕Stop Loss : 1.29",267b5ead44a5ab255c7e1e96edec4e08,2026-09-28T16:09:45+00:00,2026-09-28T17:46:09.832036+00:00,1239,mars_cryptosignai
1727046,18896,"QNTUSDT LONG NOW 

🏠ENTRY: 212.67",ed6960bb1d676064f2da0af3749c98f0,2026-09-28T16:09:45+00:00,2026-09-28T17:46:09.816794+00:00,1239,mars_cryptosignai
1727044,18892,"QNTUSDTUSDT  
Exchanges: BINGX 

🟢 Short
Leverage-... 170.20
5) 156.58
6) 144.06
7) 🚀🚀🚀 

⛔️ SL:
232.00",15d43cb62aed1f3b49cfff4821109fc4,2026-09-28T16:09:45+00:00,2026-09-28T17:46:09.704692+00:00,1239,mars_cryptosignai
1727043,18893,"👑 #BTW/USDT — TRADE LONG


✔️ ENTRY ZONE: 1.3850

...500

⛔️ STOP LOSS: 1.29

⚡️ NO FEAR — JUST PROFITS",e76490fce3080319139be741b7f7e82a,2026-09-28T16:09:45+00:00,2026-09-28T17:46:09.696646+00:00,1239,mars_cryptosignai
1727042,18891,"✨AAVE/USDT

🎗 Trade Type = SHORT 🔴

⭐️ Leverage :-...[ 145.03, 143.59, 141.82, 140.33, 139.04, 136.95 ]",a5753c8bcb5e02a6aaba1ad62d82331b,2026-09-28T16:09:45+00:00,2026-09-28T17:46:09.654618+00:00,1239,mars_cryptosignai
1727041,18890,"SHORT

HBAR/USDT

MARKET PRICE 

Leverage: 10X

TP...5% of capital 

Always use proper risk management.",f8db52614de65dff32149fae5d4b1301,2026-09-28T16:09:45+00:00,2026-09-28T17:46:09.632791+00:00,1239,mars_cryptosignai
1727040,18886,"#QNT/ USDT — BUY (SHORT) 
Leverage: Cross 25x – 50...T IS KEY
👉 Use ONLY 2 – 3% of your total portfolio",e0a9eab1e63c8c16eef155410bdb19b0,2026-09-28T16:09:45+00:00,2026-09-28T17:46:09.497627+00:00,1239,mars_cryptosignai
1727038,18888,"#RARE/USDT SHORT NOW 📉
🏠ENTRY: ( 0.01841 )",a5d9612858f16f1fb503e923722b3540,2026-09-28T16:09:45+00:00,2026-09-28T17:46:09.496410+00:00,1239,mars_cryptosignai
1730948,19057,"⚡️⚡️#STRK/USDT⚡️⚡️

Signal Type : Long
Leverage : ...0.04079
2) 0.04203
3) 0.04327

Stop Loss : 0.03889",788aefb7249ca10240e5fc3e6f9e5ba5,2026-09-28T19:47:11+00:00,2026-09-28T21:42:23.406808+00:00,1239,mars_cryptosignai
1730932,19035,"🔴 SHORT

#ALGO/USDT

Entry : 

1) 0.137490
2) 0.14...7977

🛑 Stop : 0.146151

Leverage : 10x (isolated)",d13b0f16060bf37e3b62f3ad6d0fd7a3,2026-09-28T19:46:24+00:00,2026-09-28T21:42:22.814349+00:00,1239,mars_cryptosignai
1730929,19034,"🔴 SHORT

#CRV/USDT

Entry zone : 0.355865 - 0.3455...12504
0.302087

Stop loss :0.369685

Leverage: 10x",b398500306f7da4cb043ee8d12418816,2026-09-28T19:46:24+00:00,2026-09-28T21:42:22.802667+00:00,1239,mars_cryptosignai
1744842,19076,"#LRC | SHORT SETUP

💰 Entry: $0.00989

🎯 Target1: ...t4: $0.00951
🎯 Target5: $0.00938

🛡 STOP: $0.01038",a17e7dfec3139760c29d1f15b4a75ab2,2026-09-29T08:05:59+00:00,2026-09-29T09:49:49.231618+00:00,1239,mars_cryptosignai
1744841,19075,"#LIT | SHORT SETUP

💰 Entry: $4.364

🎯 Target1: $4...t4: $4.19817
🎯 Target5: $4.13707

🛡 STOP: $4.58220",d4c0e49576bd3b2b0aaab21b4307e0ed,2026-09-29T08:05:59+00:00,2026-09-29T09:49:49.046218+00:00,1239,mars_cryptosignai
1744840,19073,"🚨 #ZEC/USDT | LONG

⚡Leverage: Cross 20x

🎯Entry T... follow the signal and secure profits at targets.💎",9d36ff18b5b2345e69b27b54b4d06ad1,2026-09-29T08:05:59+00:00,2026-09-29T09:49:49.042475+00:00,1239,mars_cryptosignai
1744837,19069,"Long #QNT 75x 237

Tp: 241",36146528ec3bf5c67f199ed5b08bfefc,2026-09-29T08:05:59+00:00,2026-09-29T09:49:49.032281+00:00,1239,mars_cryptosignai
