id,external_id,message_preview,hash,published_at,created_at,source_id,source_name
1549402,9819,"#SHORT 🔴

#GRT/USDT (RISKY)

Margin Mode : Isolate...79
5)🟥 0.02244

🟩 SL : 0.02421 - 100%

📊 LEV : 30X",4b80500041da30b4e4594cfd2de3eb2d,2026-09-23T06:04:31+00:00,2026-09-23T06:04:36.505914+00:00,1219,cryptosignalsworldfree_10
1549399,9806,"📊 Let’s LONG #SUPER/USDT

💥 Leverage:  Cross 20×  ...s: 

1) 0.189
2) 0.198
3) 0.215

🔖 Stop Loss: 0.17",5eca83c7cda46ef64c8724c60b2eba4d,2026-09-23T06:04:29+00:00,2026-09-23T06:04:36.344546+00:00,1219,cryptosignalsworldfree_10
1549398,9805,"🔰 NIL/USDT 🔰

🟢 LONG 20X

🔳 ENTRY :- 0.090

☑️ TARGET:- 0.093 - 0.097 - 0.105

🔴 STOP :- 0.082",07c1b412362d9f6326566c3ec6dbacb6,2026-09-23T06:04:29+00:00,2026-09-23T06:04:36.342991+00:00,1219,cryptosignalsworldfree_10
1549397,9804,"🟢MUBARAK/USDT 📈

📈 long Setup 

💰 Entry Zone: 0.07...et 1. 
✅ Move SL to breakeven after Target 1 hits.",c2c9be79d285c04e128dcf141d49e4a5,2026-09-23T06:04:28+00:00,2026-09-23T06:04:36.329081+00:00,1219,cryptosignalsworldfree_10
1549396,9803,"Trade: #SUPER/USDT

Direction: 📈 LONG 

🟢 Entry Ra...09
• Target 6: 0.1827

💠 Leverage : 5x - 10x - 20x",34def54f7d2f9f1037e389eb4dba4941,2026-09-23T06:04:28+00:00,2026-09-23T06:04:36.261655+00:00,1219,cryptosignalsworldfree_10
1549395,9802,"SUPERUSDTUSDT  
Exchanges: BINGX 

🟢 Long
Leverage...4) 1.00
5) 2.00
6) 3.00
7) 🚀🚀🚀 

⛔️ SL:
0.17000000",628e4060d87f927d658dd2fea6880d2d,2026-09-23T06:04:28+00:00,2026-09-23T06:04:36.174917+00:00,1219,cryptosignalsworldfree_10
1549394,9801,"📊 #BAT/USDT

🟢 POSITION: LONG

💰 ENTRY RANGE
➤ 0.0...➤ 0.0830

━━━━━━━━━━━━━━━━━━

✅ Manage risk wisely",821a8bd6cb22aae0b92844aecb1a8e35,2026-09-23T06:04:27+00:00,2026-09-23T06:04:36.159326+00:00,1219,cryptosignalsworldfree_10
1549393,9800,"#MET/USDT LONG   

👉Leverage : Cross 10× To 30×

E...
1)  0.361
2)  0.370
3)  0.382

⭕Stop Loss : 0.332",43da0626b64bcaf95608dcea46299332,2026-09-23T06:04:27+00:00,2026-09-23T06:04:36.144089+00:00,1219,cryptosignalsworldfree_10
1549392,9799,"#USELESS/USDT LONG   

👉Leverage : Cross 10× To 30...
1)  0.356
2)  0.364
3)  0.371

⭕Stop Loss : 0.329",9017f2b6be9efa19817dd5a5f5343d62,2026-09-23T06:04:27+00:00,2026-09-23T06:04:36.142382+00:00,1219,cryptosignalsworldfree_10
1549390,9797,"$MINA/USDT #LONG📩

✅ENTRY :-0.1530/0.1480

Target ...𝐎𝐧𝐥𝐲 𝟏-𝟑% 𝐎𝐟 𝐎𝐮𝐫 𝐃𝐞𝐩𝐨𝐬𝐢𝐭 𝐅𝐨𝐫 𝐄𝐚𝐜𝐡 𝐓𝐫𝐚𝐝𝐞

React,??m",bcb6f1621ea7f781c0567a79430b7697,2026-09-23T06:04:26+00:00,2026-09-23T06:04:35.980182+00:00,1219,cryptosignalsworldfree_10
1549388,9795,"🪙 Coin: #CHR/USDT
🧭 Type: #LONG

📈 Entry Zone:
0.0... within the zone and maintain strict risk control.",4f99390b9ecea4db2af1ccd3597c320f,2026-09-23T06:04:26+00:00,2026-09-23T06:04:35.957882+00:00,1219,cryptosignalsworldfree_10
1549387,9794,"🐳 PENGU/USDT #LONG🐳

✳️ ENTRY :- 0.0107  0.0102

💢...0.0130

⛔️ STOP-LOSS :- 0.0097

☝️ Margin Use 2–3%",a72e93fb978d5ad3c56f488c0f2afb6c,2026-09-23T06:04:25+00:00,2026-09-23T06:04:35.930541+00:00,1219,cryptosignalsworldfree_10
1549386,9793,"🚀 $PENGU/USDT PERP 🚀

🟢 LONG

💰 Entry : 0.0107$ – ...5X – 25X

⛔️ SL : 0.0085$

📌 Use Only 2-5% Capital",421a01477083936e19eb04121a570996,2026-09-23T06:04:25+00:00,2026-09-23T06:04:35.915654+00:00,1219,cryptosignalsworldfree_10
1549385,9792,"📈 LONG #GRT/USDT

♻ Leverage: 20X

➡️ Entry :- 0.0...1) 0.02750
2) 0.02850
3) 0.032

⭕ Stop Loss: 0.019",c4e6a364cffd5dd7abd12d5118c8e2ba,2026-09-23T06:04:25+00:00,2026-09-23T06:04:35.765835+00:00,1219,cryptosignalsworldfree_10
1549384,9790,"🚀LONG: $SUPER/USDT🚀
LEVERAGE: 20X-50X

🤍 ENTRY PRI...80- 0.2150
—————

❌ STOP LOSS: 0.1580❌


REACTIONS",d35538291d29b5a96e88a05dfb910eaa,2026-09-23T06:04:24+00:00,2026-09-23T06:04:35.764899+00:00,1219,cryptosignalsworldfree_10
1549383,9791,"📊#PONS/USDT–LONG–10x - 20x 🚀

📍 𝐄𝐧𝐭𝐫𝐲 𝐙𝐨𝐧𝐞:

➥ 0.7...tal.

⚠️ Disclaimer:
Trade at your own risk. DYOR.",b5cb75b5dee329e6e94e74f4570da0a6,2026-09-23T06:04:24+00:00,2026-09-23T06:04:35.764054+00:00,1219,cryptosignalsworldfree_10
1549382,9789,"#LONG 🟢🔤🔤🔤🔤🔤

#XLM/USDT

Margin Mode : Isolated 💎
...

🟥 SL : 0.21418 - 100%   

📊 LEV : 20X

🇯🇵Premium",299498064061a038603404069879a9b0,2026-09-23T06:04:24+00:00,2026-09-23T06:04:35.753075+00:00,1219,cryptosignalsworldfree_10
1549381,9788,"Coin #NIL /USDT

Position: LONG 

Leverage:  Cross...rgets: 🎯 0.1030, 0.1070, 0.1130

Stop Loss: 0.0940",37f4802cab8cfd6a592f1cda4286e4fb,2026-09-23T06:04:24+00:00,2026-09-23T06:04:35.737733+00:00,1219,cryptosignalsworldfree_10
1549379,9787,"⌛#NEAR/USDT  ( LONG )

🍁 Leverage 👉 20X to 25X 

⛩... 4.624 | 4.673 | 4.724 | 4.778

🔕 Stoploss = 4.322",1abc6093514a4dfbe416666ffb7dc9ef,2026-09-23T06:04:23+00:00,2026-09-23T06:04:35.547025+00:00,1219,cryptosignalsworldfree_10
1549377,9784,"🌈Pair: NIL/USDT

📈Direction: LONG

📌Leverage: 25x ...nt

📊 Trade smart. Manage risk. Stay disciplined..",fb41297d8799376c3c4e2ecc86ac3c4f,2026-09-23T06:04:23+00:00,2026-09-23T06:04:35.537549+00:00,1219,cryptosignalsworldfree_10
1549372,9779,"⚡️⚡️ #API3/USDT ⚡️⚡️
Exchanges: Bingx 
Signal Type...
5) 0.29998
6) 0.30423
7) 🚀🚀🚀

Stop Targets:
5-10%",8279e2cc6707e29a8c735bdd4cfd09bc,2026-09-23T06:04:21+00:00,2026-09-23T06:04:25.817954+00:00,1219,cryptosignalsworldfree_10
1549371,9778,"⚡️⚡️ #APT/USDT ⚡️⚡️
Exchanges: Bingx 
Signal Type:...
5) 0.88828
6) 0.90085
7) 🚀🚀🚀

Stop Targets:
5-10%",ffbcba5d5a43e33f51a597ad279896ff,2026-09-23T06:04:21+00:00,2026-09-23T06:04:25.790883+00:00,1219,cryptosignalsworldfree_10
1549370,9777,"⚡️⚡️ #ANIME/USDT ⚡️⚡️
Exchanges: Bingx 
Signal Typ...
5) 0.00375
6) 0.00381
7) 🚀🚀🚀

Stop Targets:
5-10%",183d6d178f1b72fb819bf4e07b19ff35,2026-09-23T06:04:21+00:00,2026-09-23T06:04:25.776214+00:00,1219,cryptosignalsworldfree_10
1549369,9776,"⚡️⚡️ #AGLD/USDT ⚡️⚡️
Exchanges: Bingx 
Signal Type...
5) 0.22811
6) 0.23134
7) 🚀🚀🚀

Stop Targets:
5-10%",c0452a676b03a7055d8ece4c511fbeba,2026-09-23T06:04:20+00:00,2026-09-23T06:04:25.774857+00:00,1219,cryptosignalsworldfree_10
1549368,9775,"⚡️⚡️ #AEVO/USDT ⚡️⚡️
Exchanges: Bingx 
Signal Type...
5) 0.02771
6) 0.02810
7) 🚀🚀🚀

Stop Targets:
5-10%",3b9628d94d8f20cb3a0ffcfc5136bbcd,2026-09-23T06:04:20+00:00,2026-09-23T06:04:25.689901+00:00,1219,cryptosignalsworldfree_10
1549367,9774,"⚡️⚡️ #ANKR/USDT ⚡️⚡️
Exchanges: Bingx 
Signal Type...
5) 0.00542
6) 0.00550
7) 🚀🚀🚀

Stop Targets:
5-10%",ccc76069b22790f4e897a7c5759e8a48,2026-09-23T06:04:20+00:00,2026-09-23T06:04:25.657691+00:00,1219,cryptosignalsworldfree_10
1549364,9772,"⚡️⚡️ #1000PEPE/USDT ⚡️⚡️
Exchanges: Bingx 
Signal ...
5) 0.00534
6) 0.00542
7) 🚀🚀🚀

Stop Targets:
5-10%",a5c4e8766cc3b56ad6d51528182dcaae,2026-09-23T06:04:19+00:00,2026-09-23T06:04:25.557753+00:00,1219,cryptosignalsworldfree_10
1549363,9770,"📊 Let’s LONG #NIL/USDT

💥 Leverage:  Cross 20×  - ...: 

1) 0.105
2) 0.109
3) 0.120

🔖 Stop Loss: 0.097",599eedfa9a78dd8d60347c472b1caf48,2026-09-23T06:04:19+00:00,2026-09-23T06:04:25.512474+00:00,1219,cryptosignalsworldfree_10
1549362,9769,"#FLOW/USDT

📈Signal: long Leverage: Cross 20X

⚡️E...even after TP1 is hit.

📣Trade Smart • Follow Risk",1f34e371931b8fd9a0472f6f101bafbe,2026-09-23T06:04:19+00:00,2026-09-23T06:04:25.493226+00:00,1219,cryptosignalsworldfree_10
1549361,9768,"#NIL / USDT — BUY (LONG) 
Leverage: Cross 25x – 50...T IS KEY
👉 Use ONLY 2 – 3% of your total portfolio",304f4d42a22464ad4aff6ec69e5c75dd,2026-09-23T06:04:18+00:00,2026-09-23T06:04:25.376182+00:00,1219,cryptosignalsworldfree_10
1549360,9767,"📊#SENT/USDT — LONG

⚡️ Leverage : 10X – 30X

💹Entr...Entry After TP1

⚖️ Follow Proper Risk Management.",f09dc4770baebea6aa38ef3d2dc5611b,2026-09-23T06:04:18+00:00,2026-09-23T06:04:25.373186+00:00,1219,cryptosignalsworldfree_10
1560608,9909,"📈 LONG #4/USDT 

🚀 LEVERAGE : 50x

📊 ENTRY PRICE  ...P🟢0.0267

TP🟢0.0280

STOPLOSS 🔴0.0238


REACTIONS?",72030dcd82b50f1bcda6116113e0b881,2026-09-23T11:22:21+00:00,2026-09-23T11:40:47.896641+00:00,1219,cryptosignalsworldfree_10
1560607,9908,"#CHR/USDT SHORT   

👉Leverage : Cross 10× To 30×

... 0.0212
2)  0.0204
3)  0.0199

⭕Stop Loss : 0.0227",611b1119c36a5b049c9c3a8b365ceea4,2026-09-23T11:15:25+00:00,2026-09-23T11:40:47.836251+00:00,1219,cryptosignalsworldfree_10
1560604,9905,"#TAKE / USDT — BUY (LONG) 
Leverage: Cross 25x – 5...T IS KEY
👉 Use ONLY 2 – 3% of your total portfolio",158572f75aa7d80b41832abecafcf70b,2026-09-23T11:01:49+00:00,2026-09-23T11:40:47.711493+00:00,1219,cryptosignalsworldfree_10
1560603,9904,"🚨 #BCH/USDT | SHORT

⚡Leverage: Cross 20x

🎯Entry ... follow the signal and secure profits at targets.💎",46681e63e4ca2aeb6e1925c3d905bcea,2026-09-23T10:56:07+00:00,2026-09-23T11:40:47.704861+00:00,1219,cryptosignalsworldfree_10
1560602,9903,"🚨 #ONE/USDT | SHORT

⚡Leverage: Cross 20x

🎯Entry ... follow the signal and secure profits at targets.💎",fbc603e7f82c075450efd83cf6f660bd,2026-09-23T10:56:07+00:00,2026-09-23T11:40:47.659916+00:00,1219,cryptosignalsworldfree_10
1560601,9902,"⭐️#NIL/USDT  LONG 

🛡Leverage : Cross 25x50

‼️Ent....09134

Use only 3% - 5% amount of your portfolio🛍",bc956c5f8f648a97880058d50c041f62,2026-09-23T10:56:06+00:00,2026-09-23T11:40:47.603877+00:00,1219,cryptosignalsworldfree_10
1560600,9901,"#NIL USDT — BUY (SHORT) 
🎉
🟢 Leverage: Cross  25x
...Stop Loss: 0.08900

🔽 Risk Management:

 REACTS !!",21d879eaf6694379a4291945a2762aba,2026-09-23T10:55:07+00:00,2026-09-23T11:40:47.572444+00:00,1219,cryptosignalsworldfree_10
1560598,9900,"💰#NIL / USDT👑

💎Setup Type: Strong LONG  🔖Opportun...TP ➝ 0.13400

4️⃣TP ➝ 0.17000

🚫Stop Loss: 0.08800",74ee33a30a208ef5c69a3910fe2b4699,2026-09-23T10:55:07+00:00,2026-09-23T11:40:47.514159+00:00,1219,cryptosignalsworldfree_10
1560599,9899,"Pair: #BB/USDT

Long • (20X)

Entry
0.010485 - 0.0...t your own risk. Always use proper risk management",28ad6e5d40edcf3a57b2fbcd95794d9e,2026-09-23T10:55:05+00:00,2026-09-23T11:40:47.523165+00:00,1219,cryptosignalsworldfree_10
1560597,9898,"⭐️#TAKE/USDT  LONG 

🛡Leverage : Cross 25x50

‼️En....10222

Use only 3% - 5% amount of your portfolio🛍",379b564bd893eb9c8d566a11c8a5d1f6,2026-09-23T10:55:04+00:00,2026-09-23T11:40:47.469507+00:00,1219,cryptosignalsworldfree_10
1560596,9897,"↗️ LONG #AKE 50x

📌 Entry: 0.04800

🎯 TP: 0.049500...t Usage: 1-3%
⚠️ According to your risk management",6f42ed5417317d26c9843b9350003b63,2026-09-23T10:55:03+00:00,2026-09-23T11:40:47.421492+00:00,1219,cryptosignalsworldfree_10
1560593,9894,"📊 BSV/USDT — SHORT

📍 ENTRY: 22.20

🎯 TARGET 1: 21...Manage your risk & trade responsibly.

🔥 LET’S GO!",f236a3c7c8e6c770421a93c42c144b2e,2026-09-23T10:55:02+00:00,2026-09-23T11:40:47.333300+00:00,1219,cryptosignalsworldfree_10
1560590,9891,"🚀 #USUSDT LONG SIGNAL 🚀
⚡️ LEVERAGE 50X–75X

📌 ENT...tch this move together!
🔓 Trade Smart • Trade Safe",bba28fc0b4df0de1ae413c9adb3b8980,2026-09-23T10:55:01+00:00,2026-09-23T11:40:47.221627+00:00,1219,cryptosignalsworldfree_10
1560589,9890,"PENGU/USDT

SHORT SHORT SHORT 

OPEN MARKET PRICE ...450
TP 0.010360
TP 0.010270

SL  0.011900

LEV 10X",7d7e68af73c27d2b574c0bf166ee65a0,2026-09-23T10:55:01+00:00,2026-09-23T11:40:47.197585+00:00,1219,cryptosignalsworldfree_10
1560585,9885,"↗️ LONG #BCH 75x

📌 Entry: 361

🎯 TP1: 365
💵 TP2: ...t Usage: 1-3%
⚠️ According to your risk management",181335103a749b99baeabdb258c8ec93,2026-09-23T10:54:52+00:00,2026-09-23T11:40:47.036645+00:00,1219,cryptosignalsworldfree_10
1560584,9884,"🔰 PAIR: GUN/ USDT 💹

🟢Position: LONG🚀

☑️ Entry Zo...0.00318
🥈 0.00324
🥉 0.00340

❌ Stop Loss: 🔴0.00303",14f00d8df5fe681374a74817e8267769,2026-09-23T10:54:52+00:00,2026-09-23T11:40:47.025120+00:00,1219,cryptosignalsworldfree_10
1560583,9883,"👑 #MET/USDT — TRADE LONG

LEVERAGE 25X TO 50X

✅ E...0

⛔️ STOP LOSS: 0.3680

⚡️ NO FEAR — JUST PROFITS",64e75a6315b965c87665db554fcbcb9f,2026-09-23T10:54:51+00:00,2026-09-23T11:40:46.962698+00:00,1219,cryptosignalsworldfree_10
1560580,9879,"🟢 LONG $HYPE/USDT | Cross 20X 

✅ Entry: 96

🎯 TP: 97.50  - 99.20 -  102

🛑 SL: 92",fb8846fa4d425fcd8b16f1940b81c2df,2026-09-23T10:54:48+00:00,2026-09-23T11:40:46.876785+00:00,1219,cryptosignalsworldfree_10
1560579,9878,"🔘 Coin : #SUPER/USDT 🔘

🔴 SHORT

🔺Entry🔻: 0.19651
... - 0.18078

♦️ StopLoss : 0.20388

🔱 Leverage: 25x",098b1c998e7b999cdb822a47ba72b970,2026-09-23T10:54:48+00:00,2026-09-23T11:40:46.871336+00:00,1219,cryptosignalsworldfree_10
1560578,9877,"🚀 LONG: $SUPER/USDT
LEVERAGE: 50x

✔️ENTRY PRICE: ...2030-0.2100-0.2280

STOP LOSS:  0.1850

REACTIONS?",f6e414607482bd661acacbbe73a35893,2026-09-23T10:54:48+00:00,2026-09-23T11:40:46.762082+00:00,1219,cryptosignalsworldfree_10
1560577,9876,"Pair: #BCH/USDT

Short • (25X)

Entry
352.65

Targ...t your own risk. Always use proper risk management",f4df9feeb1df0e18d489a4410b3a28c3,2026-09-23T10:54:47+00:00,2026-09-23T11:40:46.755431+00:00,1219,cryptosignalsworldfree_10
1560576,9875,"#TAKE        /USDT (SHORT) 🔽🔽

⌛LEVERAGE : 20X TO ...3


💥Use only 1%margin of your total portfolio❤️😘😇",81d518cafd29863155c352610dba5a37,2026-09-23T10:54:47+00:00,2026-09-23T11:40:46.711270+00:00,1219,cryptosignalsworldfree_10
1560575,9874,"#CORE        /USDT (SHORT) 🔽🔽

⌛LEVERAGE : 20X TO ...9


💥Use only 1%margin of your total portfolio❤️😘😇",ac5e70c3c04575f27a98b47ec5311cc8,2026-09-23T10:54:46+00:00,2026-09-23T11:40:46.705050+00:00,1219,cryptosignalsworldfree_10
1560574,9873,"#TAKE  USDT — BUY (LONG) 
🎉
🟢 Leverage: Cross  25x...Stop Loss: 0.15000

🔽 Risk Management:

 REACTS !!",42e86a5b826eb0d6df8b8389c24a7b1f,2026-09-23T10:54:46+00:00,2026-09-23T11:40:46.672423+00:00,1219,cryptosignalsworldfree_10
1560573,9872,"🟢 Long

#BTC/USDT

Entry : 

1) 85868.60
2) 83292....3.31

🛑 Stop : 80458.87

Leverage : 10x (isolated)",3b1df33124cb838119310ac38167eb84,2026-09-23T10:54:45+00:00,2026-09-23T11:40:46.581029+00:00,1219,cryptosignalsworldfree_10
1560572,9871,"👑My Coin: $PENGU/USDT
👀Looking for SHORT

🌟0.01081...I Will Set: 0.011199
°°°°°°°°°°°°°° As my stoploss",4d1e37576db0f7cec9df4aaf6523a84a,2026-09-23T10:54:45+00:00,2026-09-23T11:40:46.547158+00:00,1219,cryptosignalsworldfree_10
1560571,9870,"🪙#B2/USDT

🚩POSITION — SHORT

🔒  LEVERAGE — 20X75
...🥈: 0.4600
TP🥉: 0.4420

⛔️ SL: 0.5200

🔥REACTIONS?😜",50db07619e1363e33f5f4176c0dc7b3c,2026-09-23T10:54:45+00:00,2026-09-23T11:40:46.546584+00:00,1219,cryptosignalsworldfree_10
1560570,9868,"⭐️#PENGU/USDT  LONG 

🛡Leverage : Cross 25x50

‼️E...009973

Use only 3% - 5% amount of your portfolio🛍",f67f0bcf484c3de7902522390bffc2f1,2026-09-23T10:54:44+00:00,2026-09-23T11:40:46.544267+00:00,1219,cryptosignalsworldfree_10
1560569,9869,"#B2/USDT SHORT NOW 📉
🏠ENTRY: ( 0.4748 )",47294056161cef81830d11a71109aa50,2026-09-23T10:54:44+00:00,2026-09-23T11:40:46.531918+00:00,1219,cryptosignalsworldfree_10
1560567,9866,"💰#TAKE / USDT👑

💎Setup Type: Strong LONG  🔖Opportu...TP ➝ 0.21500

4️⃣TP ➝ 0.25000

🚫Stop Loss: 0.14000",76033e2a16d503c2c89b22b38f26feb1,2026-09-23T10:54:44+00:00,2026-09-23T11:40:46.384581+00:00,1219,cryptosignalsworldfree_10
1560565,9864,"✅ Long

#DOT/USDT

Entry zone : 1.141108 - 1.17640...87569
1.322685

Stop loss :1.094052

Leverage: 10x",73dda60e4702a617135e452b36ba5d90,2026-09-23T10:54:43+00:00,2026-09-23T11:40:46.354977+00:00,1219,cryptosignalsworldfree_10
1560564,9863,"$BTC LONG🟢 (25x Lev) 

Entry -  86200$

Targets

1...00$
3)87300$

SL- 85850$

Scalp With Very Small SL",5fd554ea55b37cd2702266c6028ed42b,2026-09-23T10:54:42+00:00,2026-09-23T11:40:46.348917+00:00,1219,cryptosignalsworldfree_10
1560561,9861,"#MET/USDT 🟢 LONG

📍 Entry Zone: 0.34839 – 0.36261
...n: LONG

⚠️ Manage your risk and trade responsibly",d28d1c19e05b385c4bb64a32c3558f84,2026-09-23T10:54:42+00:00,2026-09-23T11:40:46.197582+00:00,1219,cryptosignalsworldfree_10
1560560,9862,"✅ Long

Pair: #THETA/USDT

📊 Entry Price: 

1) 0.2...94
4) 0.2442

Stop Loss: 0.2141

Leverage: 10x-20x",93542362a72c34c8ae167f5312ea3ac3,2026-09-23T10:54:42+00:00,2026-09-23T11:40:46.195728+00:00,1219,cryptosignalsworldfree_10
1560562,9858,"⭐ NIL /USDT — LONG

💵 ENTRY:0.10900-0.10500

⚙️ LE...o

📌 Follow the setup and manage your risk wisely.",6ff3efe94be84030ef1e50c349d28d46,2026-09-23T10:54:40+00:00,2026-09-23T11:40:46.206948+00:00,1219,cryptosignalsworldfree_10
1560556,9856,"#B2/USDT

📈Signal: short Leverage: Cross 20X

⚡️En...even after TP1 is hit.

📣Trade Smart • Follow Risk",9050b18a82a7f5e5275c141058e5fa2a,2026-09-23T10:54:39+00:00,2026-09-23T11:40:45.988254+00:00,1219,cryptosignalsworldfree_10
1560557,9854,"📊#BB/USDT–LONG–10x - 30x 🚀

📍 𝐄𝐧𝐭𝐫𝐲 𝐙𝐨𝐧𝐞:

➥ 0.010...tal.

⚠️ Disclaimer:
Trade at your own risk. DYOR.",299b3b027b9ba84cca06082165520c8e,2026-09-23T10:54:37+00:00,2026-09-23T11:40:45.991128+00:00,1219,cryptosignalsworldfree_10
1568632,9956,"🚀 #LITUSDT LONG SIGNAL 🚀
⚡️ LEVERAGE 50X–75X

📌 EN...tch this move together!
🔓 Trade Smart • Trade Safe",90d3030fbbfa24044d7426ce66cb3bb6,2026-09-23T14:30:09+00:00,2026-09-23T16:29:00.313048+00:00,1219,cryptosignalsworldfree_10
1568631,9955,"#SHORT 🔴 🔤🔤🔤🔤🔤

#DOT/USDT 

Margin Mode : Isolated...391

🟩 SL : 1.2004 - 100%

📊 LEV : 20X

🇯🇵 Premium",25f135bcaaf3ed3c8802411937e02425,2026-09-23T14:30:08+00:00,2026-09-23T16:29:00.292818+00:00,1219,cryptosignalsworldfree_10
1568630,9954,"🔰 PAIR: SUI/ USDT 💹

🔴Position: SHORT🚀

☑️ Entry Z...:
🥇 1.0004
🥈 0.9925
🥉 0.9859

❌ Stop Loss: 🔴1.0383",7642a9b6a5c3cae2f5d671223e618ae0,2026-09-23T14:30:07+00:00,2026-09-23T16:29:00.278782+00:00,1219,cryptosignalsworldfree_10
1568629,9953,"🪙#MUBARAK/USDT

🚩POSITION — SHORT

🔒  LEVERAGE — 2...0.05150
TP🥉: 0.04850

⛔️ SL: 0.06200

🔥REACTIONS?😜",064dfe620f2516f118581cfaf7a121ab,2026-09-23T14:30:04+00:00,2026-09-23T16:29:00.214293+00:00,1219,cryptosignalsworldfree_10
1568628,9952,"#MUBARAK/USDT SHORT NOW 📉
🏠ENTRY: ( 0.05411 )",ecb865099165009a6da0c16fc80a23aa,2026-09-23T14:30:04+00:00,2026-09-23T16:29:00.190952+00:00,1219,cryptosignalsworldfree_10
1568627,9951,"🪙#ONE/USDT

🚩POSITION — SHORT

🔒  LEVERAGE — 20X75...200
TP🥉: 0.0025700

⛔️ SL: 0.0037000

🔥REACTIONS?😜",d6d8708515b84563a230cccc7be6dcbe,2026-09-23T14:30:04+00:00,2026-09-23T16:29:00.117814+00:00,1219,cryptosignalsworldfree_10
1568626,9950,"#ONE/USDT SHORT NOW 📉
🏠ENTRY: ( 0.002952 )",ae36a3ed912079a2760be8db6d57749d,2026-09-23T14:30:03+00:00,2026-09-23T16:29:00.090645+00:00,1219,cryptosignalsworldfree_10
1568616,9938,"➡️ #SAGA      /USDT (LONG) 🔼🔼

⌛LEVERAGE : 20X TO ...0


💥Use only 1%margin of your total portfolio❤️😘😇",f30e36c9fdc5725b17f69b74637b5f20,2026-09-23T14:29:42+00:00,2026-09-23T16:28:59.684927+00:00,1219,cryptosignalsworldfree_10
1568615,9937,"📉 SHORT #MET/USDT 

🚀 LEVERAGE : 50x

📊 ENTRY PRIC...4

TP🟢0.360

TP🟢0.340

STOPLOSS 🔴0.403

REACTIONS?",66bb7f825e19abaf722b92a47e1baa6f,2026-09-23T14:29:41+00:00,2026-09-23T16:28:59.673661+00:00,1219,cryptosignalsworldfree_10
1568614,9936,"Pair: #FIL/USDT

Long • (25X)

Entry
1.0235 - 1.01...t your own risk. Always use proper risk management",63288bb33e1b8e55bdb2ac7bc4488d7f,2026-09-23T14:29:41+00:00,2026-09-23T16:28:59.670168+00:00,1219,cryptosignalsworldfree_10
1568613,9935,"🚨 #FIGHT USDT | SHORT

⚡Leverage: Cross 10-20X

🎯E... follow the signal and secure profits at targets.💎",5d75d93e5d6b6ed4fba5ccab39a6f9ad,2026-09-23T14:29:36+00:00,2026-09-23T16:28:59.605942+00:00,1219,cryptosignalsworldfree_10
1568608,9929,"✨FIL/USDT

🎗 Trade Type = LONG 🟢

⭐️ Leverage :- 2...[ 1.0354, 1.0451, 1.0569, 1.0683, 1.0771, 1.0894 ]",9c550ca1e57d17feafd5618fa6618319,2026-09-23T14:29:34+00:00,2026-09-23T16:28:59.410289+00:00,1219,cryptosignalsworldfree_10
1568605,9928,"#SAGA/USDT now at current market price (Spot + Fut...$0.0526
2. $0.0567
3. $0.0615

Stop loss : $0.0429",2cabccde922ebe11dd684b13d3a3acda,2026-09-23T14:29:33+00:00,2026-09-23T16:28:59.256826+00:00,1219,cryptosignalsworldfree_10
1568606,9927,"$ALLO LONG NOW

ENTRY: 0.3450 - 0.3300

TP:- 0.36 - 0.38 - 0.42

SL:- 0.3100",0595a5cee3802d0a292905ffe7e6dd96,2026-09-23T14:29:32+00:00,2026-09-23T16:28:59.264831+00:00,1219,cryptosignalsworldfree_10
1568604,9924,"#ONE  USDT — SELL (SHORT) 
🎉
🟢 Leverage: Cross  25...top Loss: 0.0035000

🔽 Risk Management:

 REACTION",4f0052e3498713d4ab920d4c7cbcb0ec,2026-09-23T14:29:31+00:00,2026-09-23T16:28:59.254380+00:00,1219,cryptosignalsworldfree_10
1568601,9921,"SHORT ETH

🔖MARKET SETUP

 ✔️ Entry: 2722
 ⛔️ SL: ...TP: 2677

⚠️ Capital: 3% max. Discipline = Profit!",e84e4a3c941229ef39da97b0196a1f3d,2026-09-23T14:29:30+00:00,2026-09-23T16:28:59.073570+00:00,1219,cryptosignalsworldfree_10
1568600,9922,"🚀 SHORT: $ONE/USDT
LEVERAGE: 50x

✔️ENTRY PRICE: 0...002850-0.002600

STOP LOSS:  0.003200


REACTIONS?",63d7959b2144c58a510c8ce1fc23b3a0,2026-09-23T14:29:30+00:00,2026-09-23T16:28:59.069870+00:00,1219,cryptosignalsworldfree_10
1568598,9920,"🟢XRP/USDT My Short Trade Setup

Leverage 100X

Ent...1.5300

Stop Loss: 1.6000

Follow Money Management",26a24811ce86faee7c8fb406377f0c37,2026-09-23T14:29:30+00:00,2026-09-23T16:28:59.061600+00:00,1219,cryptosignalsworldfree_10
1568595,9917,"✅ Long

Pair: #ADA/USDT

📊 Entry Price: 

1) 0.250...
4) 0.26795

Stop Loss: 0.23499

Leverage: 10x-20x",189afa35056ff8a6dab70d7bed1f2e54,2026-09-23T14:29:29+00:00,2026-09-23T16:28:58.881395+00:00,1219,cryptosignalsworldfree_10
1568594,9916,"✅ Long

#ETH/USDT

Entry zone : 2639.67 - 2721.31
...78.47
3059.70

Stop loss :2530.8183

Leverage: 10x",e0276db63be9fb109f894ac48298ceea,2026-09-23T14:29:28+00:00,2026-09-23T16:28:58.870061+00:00,1219,cryptosignalsworldfree_10
1568593,9914,"💎 #Free Signal

✅ Long

Pair: #ADA/USDT

📊 Entry P...
4) 0.26795

Stop Loss: 0.23499

Leverage: 10x-20x",0431fcd5c05ebb1778c25c65a9401b49,2026-09-23T14:27:51+00:00,2026-09-23T16:28:58.841706+00:00,1219,cryptosignalsworldfree_10
1571245,9985,"🟢 Long

#ZEC/USDT

Entry : 

1) 1523.43
2) 1477.72...27.65

🛑 Stop : 1427.45

Leverage : 10x (isolated)",b50c56ff5bc329cb98e9d7e0d8d296a2,2026-09-23T18:21:39+00:00,2026-09-23T18:32:43.331626+00:00,1219,cryptosignalsworldfree_10
1571244,9984,"$ONDOUSDT

SHORT

RR : 2

LEVERAGE : 15x

ENTRY : ...216

TAKE PROFITS 👇

1️⃣ 0.3925

STOPLOSS : 0.4358",cf3c0b8cacc9a3fb6c3673f5041ce29a,2026-09-23T18:21:39+00:00,2026-09-23T18:32:43.234707+00:00,1219,cryptosignalsworldfree_10
1571243,9983,"KAIAUSDTUSDT  
Exchanges: BINGX 

🟢 Long
Leverage-....03560000
6) 0.03620000
7) 🚀🚀🚀 

⛔️ SL:
0.03220000",91252a41b5d03dfe4c85f39cc49e45b6,2026-09-23T18:21:39+00:00,2026-09-23T18:32:43.219632+00:00,1219,cryptosignalsworldfree_10
1571235,9968,"🔱 Trade: #ETH/USDT 🔱

🟢 LONG ENTRY: 2663 : 2635

🀄...3. 2750
4. 2780
5. 2820
6. 2870

🛑 STOP LOSS: 2580",2367082e1c9cdb0986da04b10bef49f6,2026-09-23T16:56:30+00:00,2026-09-23T18:32:42.886794+00:00,1219,cryptosignalsworldfree_10
1571233,9964,"🟢 Doge/Usdt long with 0.5% wallet on market price ...ro long term trade ha

Dca 0.09306
2nd Dca 0.09136",b4a270b301040b85ea8e0005f2ea8815,2026-09-23T16:56:27+00:00,2026-09-23T18:32:42.750848+00:00,1219,cryptosignalsworldfree_10
1571231,9963,"📈 LONG #SAGA/USDT 

🚀 LEVERAGE : 50x

📊 ENTRY PRIC...TP🟢0.0540

TP🟢0.0570

STOPLOSS 🔴0.0475

REACTIONS?",8a9187252b40e470d4b02284535f2e30,2026-09-23T16:56:26+00:00,2026-09-23T18:32:42.723962+00:00,1219,cryptosignalsworldfree_10
1571230,9962,"🐳 ZRO/USDT #LONG🐳

✳️ ENTRY :- 1.54 - 1.45

💢 LEVE...3 : 1.78

⛔️ STOP-LOSS :- 1.39

☝️ Margin Use 2–3%",cc0588c88d5b56314c1f65b7afee16cb,2026-09-23T16:56:26+00:00,2026-09-23T18:32:42.639284+00:00,1219,cryptosignalsworldfree_10
1571229,9961,"🌈Pair: TAKE/USDT

📈Direction: LONG

📌Leverage: 25x...nt

📊 Trade smart. Manage risk. Stay disciplined..",d9d1c2925f7a25784687e1ddd601c7f7,2026-09-23T16:56:25+00:00,2026-09-23T18:32:42.479700+00:00,1219,cryptosignalsworldfree_10
1571228,9960,"🚨 SHORT
FLOCK/USDT
ENTRY 0.07655

🚀 0.07540
🚀 0.05... 0.08202
LEVRAGE 10x- 40x

1% WALLET 

Dca 0.07873",3a09c3df6a089f85ba08ee4e6c5be68c,2026-09-23T16:56:24+00:00,2026-09-23T18:32:42.477895+00:00,1219,cryptosignalsworldfree_10
1571225,9957,"🌈Pair: TAKE/USDT

📈Direction: SHORT

📌Leverage: 25...nt

📊 Trade smart. Manage risk. Stay disciplined..",a3744486c09bbd0af6b3b376f28c62fa,2026-09-23T16:56:23+00:00,2026-09-23T18:32:42.454872+00:00,1219,cryptosignalsworldfree_10
1574084,9999,"#ALCH buy setup long ✅

Tp 0.058$-0.062-0.068-0.080-0.10 

Stop lose 0.052$ 

Use 1-5X max",bb223ad5357a2ac189e099880215a718,2026-09-23T19:11:47+00:00,2026-09-23T20:16:51.469492+00:00,1219,cryptosignalsworldfree_10
1574080,9997,"Pair: #XLM/USDT

Short • (25X)

Entry
0.20325

Tar...t your own risk. Always use proper risk management",5b5e8f7f6688343528c65900cad59e62,2026-09-23T18:49:17+00:00,2026-09-23T20:16:51.245557+00:00,1219,cryptosignalsworldfree_10
1574081,9995,SHORT META 0.3480,2958778930f765d87895834247ad5933,2026-09-23T18:33:49+00:00,2026-09-23T20:16:51.248488+00:00,1219,cryptosignalsworldfree_10
1574079,9994,"✨XLM/USDT

🎗 Trade Type = SHORT 🔴

⭐️ Leverage :- ...075, 0.19871, 0.19659, 0.19472, 0.19234, 0.19028 ]",29a7b6cb37491c3bacfd074414e90258,2026-09-23T18:33:43+00:00,2026-09-23T20:16:51.221850+00:00,1219,cryptosignalsworldfree_10
1574997,10002,"🔰 PAIR: XRP/ USDT 💹

🔴Position: SHORT🚀

☑️ Entry Z...:
🥇 1.4859
🥈 1.4823
🥉 1.4726

❌ Stop Loss: 🔴1.5135",58e634017adf5b03ee134c5b83ac1f60,2026-09-23T20:48:41+00:00,2026-09-23T21:44:55.212212+00:00,1219,cryptosignalsworldfree_10
1584215,10202,"🔴 SHORT

#BAT/USDT

Entry : 

1) 0.091780
2) 0.094...5430

🛑 Stop : 0.097562

Leverage : 10x (isolated)",170d171f574ccdbe22d8dad6842b79ef,2026-09-24T08:07:10+00:00,2026-09-24T08:12:57.144424+00:00,1219,cryptosignalsworldfree_10
1584214,10201,"🔴 SHORT

#DASH/USDT

Entry zone : 63.11 - 61.28

T....27
55.42
53.58

Stop loss :65.5696

Leverage: 10x",1335750f2ee2cc00221afd3102f0b957,2026-09-24T08:07:10+00:00,2026-09-24T08:12:57.136542+00:00,1219,cryptosignalsworldfree_10
1584212,10199,"NIL/USDT 

Position: LONG

Leverage: 10X To 25X 

...ss: 0.117

High volatile token so use low margin 🤝",99ef145d34dd0a73f24fe92ed9cf3e57,2026-09-24T08:07:09+00:00,2026-09-24T08:12:57.011689+00:00,1219,cryptosignalsworldfree_10
1584211,10198,"#LSK  USDT — BUY (LONG) 
🎉
🟢 Leverage: Cross  25x
...️Stop Loss: 0.32000

🔽 Risk Management:

 REACTION",b39058ca0492b142618047fc9d748980,2026-09-24T08:07:08+00:00,2026-09-24T08:12:56.988080+00:00,1219,cryptosignalsworldfree_10
1584208,10195,"#BLESS/USDT 🔴 SHORT

📍 Entry Zone: 0.009732 – 0.01...: SHORT

⚠️ Manage your risk and trade responsibly",a4bdd66927ed5295ec16f030cc695a7d,2026-09-24T07:27:30+00:00,2026-09-24T08:12:56.901281+00:00,1219,cryptosignalsworldfree_10
1584207,10194,"✨KMNO/USDT

🎗 Trade Type = LONG 🟢

⭐️ Leverage :- ...[ 0.0371, 0.0375, 0.0378, 0.0382, 0.0386, 0.0391 ]",94bfa7516f6242ad15d57bdb93dbeeda,2026-09-24T07:21:35+00:00,2026-09-24T08:12:56.807519+00:00,1219,cryptosignalsworldfree_10
1584206,10193,"📊 Let’s SHORT #NIL/USDT

💥 Leverage:  Cross 20×  -...: 

1) 0.125
2) 0.119
3) 0.107

🔖 Stop Loss: 0.137",b297e7600482517a0a588c3787f14156,2026-09-24T07:21:34+00:00,2026-09-24T08:12:56.792114+00:00,1219,cryptosignalsworldfree_10
1584204,10191,"👑 #NIL/USDT — TRADE SHORT

LEVERAGE 25X TO 50X

✅ ...0

⛔️ STOP LOSS: 0.1360

⚡️ NO FEAR — JUST PROFITS",77f51c9abfec29170abcef2d221fbdf4,2026-09-24T07:21:34+00:00,2026-09-24T08:12:56.676740+00:00,1219,cryptosignalsworldfree_10
1584203,10190,"#FF/USDT LONG   

👉Leverage : Cross 10× To 30×

En...
1)  0.140
2)  0.147
3)  0.157

⭕Stop Loss : 0.131",848992c6deb232918bae27d5e048bb13,2026-09-24T06:58:31+00:00,2026-09-24T08:12:56.656897+00:00,1219,cryptosignalsworldfree_10
1584202,10189,"#NOM/USDT LONG   

👉Leverage : Cross 10× To 30×

E...00275
2)  0.00287
3)  0.00300

⭕Stop Loss : 0.0025",150a5665304c9e018c9ae4dac6c3e78b,2026-09-24T06:58:31+00:00,2026-09-24T08:12:56.597494+00:00,1219,cryptosignalsworldfree_10
1584200,10188,"#LSK/USDT

📈Signal: long Leverage: Cross 50X

⚡️En...even after TP1 is hit.

📣Trade Smart • Follow Risk",1454c1106ca7e44d52714fc9a62d30bb,2026-09-24T06:58:31+00:00,2026-09-24T08:12:56.568449+00:00,1219,cryptosignalsworldfree_10
1584201,10187,"🪙 Coin: #FF/USDT
🧭 Type: #LONG

📈 Entry Zone:
0.13... within the zone and maintain strict risk control.",185464d2e1ad0e97883855ec5eedf796,2026-09-24T06:51:34+00:00,2026-09-24T08:12:56.579767+00:00,1219,cryptosignalsworldfree_10
1584199,10186,"👑 #NOM/USDT — TRADE LONG

LEVERAGE 25X TO 50X

✅ E...
⛔️ STOP LOSS: 0.002590

⚡️ NO FEAR — JUST PROFITS",11d806c425662b70a91a6e3d2d6fc4a6,2026-09-24T06:51:34+00:00,2026-09-24T08:12:56.479510+00:00,1219,cryptosignalsworldfree_10
1584198,10185,"📈 LONG #NIL/USDT 

🚀 LEVERAGE : 50x

📊 ENTRY PRICE...2

TP🟢0.136

TP🟢0.142

STOPLOSS 🔴0.121

REACTIONS?",61898db92d6eb5602031e246a4e1b316,2026-09-24T06:51:34+00:00,2026-09-24T08:12:56.457569+00:00,1219,cryptosignalsworldfree_10
1584155,10137,"🚀 #FFUSDT LONG SIGNAL 🚀

⚡️ LEVERAGE 50X–75X
📌 ENT...h this move together!

🔓 Trade Smart • Trade Safe.",81d5753d8bfecfcea346c3d46684c604,2026-09-24T06:29:20+00:00,2026-09-24T08:12:54.717036+00:00,1219,cryptosignalsworldfree_10
1584156,10136,"⌛#LINK/USDT  ( LONG )

🍁 Leverage 👉 20X to 25X 

⛩...54 | 12.879 | 13.009 | 13.155

🔕 Stoploss = 12.028",fa3b0d56e441b194a834c4cd1e0fb676,2026-09-24T06:23:28+00:00,2026-09-24T08:12:54.718494+00:00,1219,cryptosignalsworldfree_10
1584152,10133,"📊 Let’s SHORT #ONE/USDT

💥 Leverage:  Cross 20×  -....00234
2) 0.00217
3) 0.00200

🔖 Stop Loss: 0.00253",db3e60f879e51920994e6cc51b0aac8f,2026-09-24T06:23:27+00:00,2026-09-24T08:12:46.408087+00:00,1219,cryptosignalsworldfree_10
1584150,10130,"🚀SHORT: $ONE/USDT🚀
LEVERAGE: 20X-50X

🤍 ENTRY PRIC...5- 0.0020
—————

❌ STOP LOSS: 0.002770❌

REACTIONS",5f859d0f760d23dde2f448c47a257526,2026-09-24T06:21:31+00:00,2026-09-24T08:12:46.235765+00:00,1219,cryptosignalsworldfree_10
1584148,10129,"#NIL/USDT

📈Signal: long Leverage: Cross 50X

⚡️En...even after TP1 is hit.

📣Trade Smart • Follow Risk",d0b76feba90b45c50882e9673e1da363,2026-09-24T06:21:31+00:00,2026-09-24T08:12:46.225780+00:00,1219,cryptosignalsworldfree_10
1584147,10128,"Coin #BTR/USDT

Position: LONG 

Leverage:  Cross ...rgets: 🎯 0.0551, 0.0579, 0.0620

Stop Loss: 0.0506",4bdfe969efe6645fd44d2cb092a9e29d,2026-09-24T06:21:31+00:00,2026-09-24T08:12:46.208868+00:00,1219,cryptosignalsworldfree_10
1584146,10127,"⚡️⚡️ #UNI/USDT ⚡️⚡️
Exchanges: Bingx 
Signal Type:...5) 9.92584
6) 10.06630
7) 🚀🚀🚀

Stop Targets:
5-10%",e8d453eef3805f27429664bf9443a0bc,2026-09-24T06:21:31+00:00,2026-09-24T08:12:46.041926+00:00,1219,cryptosignalsworldfree_10
1584145,10126,"⚡️⚡️ #FLOKI/USDT ⚡️⚡️
Exchanges: Bingx 
Signal Typ...
5) 0.00003
6) 0.00003
7) 🚀🚀🚀

Stop Targets:
5-10%",8af6fa318ab6318e039d979f10269598,2026-09-24T06:21:30+00:00,2026-09-24T08:12:45.975115+00:00,1219,cryptosignalsworldfree_10
1584144,10125,"⚡️⚡️ #FLOCK/USDT ⚡️⚡️
Exchanges: Bingx 
Signal Typ...
5) 0.07404
6) 0.07509
7) 🚀🚀🚀

Stop Targets:
5-10%",1841a87609efd2431eebf839077b1686,2026-09-24T06:21:30+00:00,2026-09-24T08:12:45.966165+00:00,1219,cryptosignalsworldfree_10
1584142,10123,"⚡️⚡️ #MUBARAK/USDT ⚡️⚡️
Exchanges: Bingx 
Signal T...
5) 0.05812
6) 0.05894
7) 🚀🚀🚀

Stop Targets:
5-10%",328434b8b0260175e7ff04d0ce3d9ab3,2026-09-24T06:21:29+00:00,2026-09-24T08:12:45.928122+00:00,1219,cryptosignalsworldfree_10
1584140,10121,"💵 𝐒𝐈𝐆𝐍𝐀𝐋 𝐀𝐋𝐄𝐑𝐓 💵

#BTW/USDT (25xLONG)

✅ ENTRY:1.0...9750

TARGETS:-1.05/1.10/1.20

❌ STOP LOSS: 0.8650",f8b556cec5a7675314b5ec775f876b81,2026-09-24T06:21:29+00:00,2026-09-24T08:12:45.784278+00:00,1219,cryptosignalsworldfree_10
1584139,10120,"📈 NIL/USDT 📈

🔴 SHORT SETUP

💰 Entry Zone: 0.132 –...et 1. 
✅ Move SL to breakeven after Target 1 hits.",5812ff4aaf0906b77dc74c5131cb5ab7,2026-09-24T06:21:29+00:00,2026-09-24T08:12:45.738866+00:00,1219,cryptosignalsworldfree_10
1584138,10119,"📍Coin : #1000SHIB/USDT

🟢 LONG 

👉 Entry: 0.005708....006000
🎯 Target 6: 0.006060

❌ StopLoss: 0.005430",b6ff2cf349f8f216d2ffa92465328410,2026-09-24T06:21:28+00:00,2026-09-24T08:12:45.725679+00:00,1219,cryptosignalsworldfree_10
1584137,10118,"🔴 SHORT

#ETC/USDT

Entry : 

1) 9.115
2) 9.388

T...) 8.484

🛑 Stop : 9.689

Leverage : 10x (isolated)",692e5b8000ec7169309d298cf85c4e1b,2026-09-24T06:21:28+00:00,2026-09-24T08:12:45.664634+00:00,1219,cryptosignalsworldfree_10
1584136,10117,"🐳 TRIA/USDT #LONG🐳

✳️ ENTRY :- 0.0046 - 0.0044

💢...0.0056

⛔️ STOP-LOSS :- 0.0041

☝️ Margin Use 2–3%",8742ed1bfbb324e14c9c0c2406c32f08,2026-09-24T06:21:28+00:00,2026-09-24T08:12:45.645926+00:00,1219,cryptosignalsworldfree_10
1584135,10116,"#NIL        /USDT (SHORT) 🔽🔽

⌛LEVERAGE : 20X TO 7...0


💥Use only 1%margin of your total portfolio❤️😘😇",946548c1ea8dcd6b577a6a9191b599c4,2026-09-24T06:21:28+00:00,2026-09-24T08:12:45.583102+00:00,1219,cryptosignalsworldfree_10
1584134,10115,"➡️ #TAKE     /USDT (LONG) 🔼🔼

⌛LEVERAGE : 20X TO 7...0


💥Use only 1%margin of your total portfolio❤️😘😇",c254967e3b0c38a11034cd4ed495e277,2026-09-24T06:21:27+00:00,2026-09-24T08:12:45.535629+00:00,1219,cryptosignalsworldfree_10
1584133,10114,"⚡ #AVNT/USDT

📤 Long 

💹 Buy: 0.1110 - 0.1080

🧿 T...165 - 0.1176

🧨 StopLoss: 0.1052 

🔘 Leverage: 20x",8050dc3ba8f5237e9b210f63f1cbb1b0,2026-09-24T06:21:27+00:00,2026-09-24T08:12:45.517007+00:00,1219,cryptosignalsworldfree_10
1584132,10113,"Coin #ARK/USDT

Position: LONG 

Leverage:  Cross ...rgets: 🎯 0.1770, 0.1860, 0.2000

Stop Loss: 0.1610",7d9314a81e09d48c40c07eb6029c501f,2026-09-24T06:21:27+00:00,2026-09-24T08:12:45.470014+00:00,1219,cryptosignalsworldfree_10
1584131,10112,"🔰STG/USDT 🔰   

🟢 LONG 10X 20X

♻ ENTRY 
1️⃣ 0.139...

1️⃣ 0.142
2️⃣ 0.145
3️⃣ 0.150

⛔ STOPLOSS  0.130",fa4ef5951f899ff8b524b2be5b415985,2026-09-24T06:21:26+00:00,2026-09-24T08:12:45.447400+00:00,1219,cryptosignalsworldfree_10
1584128,10110,"🔴 SHORT

#LTC/USDT

Entry zone : 67.87 - 65.90

Ta...1.59
59.60
57.61

Stop loss :70.513

Leverage: 10x",658d77d54712d07cc5c6e956121fe223,2026-09-24T06:21:26+00:00,2026-09-24T08:12:45.319602+00:00,1219,cryptosignalsworldfree_10
1584127,10108,"$STEEM/USDT #SHORT📩

✅ENTRY :-0.067/0.06950

Targe...𝐎𝐧𝐥𝐲 𝟏-𝟑% 𝐎𝐟 𝐎𝐮𝐫 𝐃𝐞𝐩𝐨𝐬𝐢𝐭 𝐅𝐨𝐫 𝐄𝐚𝐜𝐡 𝐓𝐫𝐚𝐝𝐞

React,??m",4d82938ab1ae053af48a6618f97305a8,2026-09-24T06:21:25+00:00,2026-09-24T08:12:45.257571+00:00,1219,cryptosignalsworldfree_10
1584126,10107,"🔴 Short

Pair: #TRX/USDT

📊 Entry Price: 

1) 0.34...
4) 0.31890

Stop Loss: 0.36419

Leverage: 10x-20x",ba9a24c10211c74e3e54462bce75d3db,2026-09-24T06:21:25+00:00,2026-09-24T08:12:45.228475+00:00,1219,cryptosignalsworldfree_10
1584125,10106,"📈 LONG #XNY/USDT

♻ Leverage: 20X

➡️ Entry :- 0.0...1) 0.0081
2) 0.0083
3) 0.0086

⭕ Stop Loss: 0.0069",47efaa43c67f7b5bf2bc88613660e4b8,2026-09-24T06:21:25+00:00,2026-09-24T08:12:45.162086+00:00,1219,cryptosignalsworldfree_10
1584124,10105,"📊#ZRO/USDT–LONG–10x - 30x 🚀

📍 𝐄𝐧𝐭𝐫𝐲 𝐙𝐨𝐧𝐞:

➥ 1.57...tal.

⚠️ Disclaimer:
Trade at your own risk. DYOR.",acb9106d920b278fea08ea4d44b94256,2026-09-24T06:21:23+00:00,2026-09-24T08:12:45.092292+00:00,1219,cryptosignalsworldfree_10
1584123,10104,"📊#LSK/USDT–LONG–10x - 30x 🚀

📍 𝐄𝐧𝐭𝐫𝐲 𝐙𝐨𝐧𝐞:

➥ 0.36...tal.

⚠️ Disclaimer:
Trade at your own risk. DYOR.",3d4169a39c11390d9c4d1ea55e1478af,2026-09-24T06:21:22+00:00,2026-09-24T08:12:45.055921+00:00,1219,cryptosignalsworldfree_10
1584122,10103,"#SHORT 🔴 🔤🔤🔤🔤🔤

#BTC/USDT 

Margin Mode : Isolated...226

🟩 SL : 84,818 - 100%

📊 LEV : 30X

🇯🇵 Premium",5caa982b8dde455cc54c489420ab1173,2026-09-24T06:21:21+00:00,2026-09-24T08:12:45.051370+00:00,1219,cryptosignalsworldfree_10
1584121,10102,"#LONG 🟢🔤🔤🔤🔤🔤

#LTC/USDT

Margin Mode : Isolated 💎
...98

🟥 SL : 64.53 - 100%   

📊 LEV : 20X

🇯🇵Premium",e3e00e4fb8ff6469d98f97a1e53b3d8f,2026-09-24T06:21:21+00:00,2026-09-24T08:12:45.030139+00:00,1219,cryptosignalsworldfree_10
1584119,10101,"📊 NOM/USDT — LONG

📍 ENTRY: 0.002340

🎯 TARGET 1: ...Manage your risk & trade responsibly.

🔥 LET’S GO!",ddc9b3d0842c811c419a37b393b988a9,2026-09-24T06:21:21+00:00,2026-09-24T08:12:44.939542+00:00,1219,cryptosignalsworldfree_10
1584120,10100,"#LSK/USDT LONG   

👉Leverage : Cross 10× To 30×

E...
1)  0.366
2)  0.378
3)  0.389

⭕Stop Loss : 0.334",80a247ab447cdada016e70bbb7c0f656,2026-09-24T06:21:20+00:00,2026-09-24T08:12:44.952805+00:00,1219,cryptosignalsworldfree_10
1584118,10099,#LSK LONG 0.355,0a1cf40709875423e7587b7702a4ea7b,2026-09-24T06:21:20+00:00,2026-09-24T08:12:44.842360+00:00,1219,cryptosignalsworldfree_10
1584117,10098,"🟢 LONG $NEAR/USDT | Cross 19X 

✅ Entry: 4.39

🎯 TP: 4.52  - 4.65 -  4.80

🛑 SL: 4",ad814ff70010f24d3d24c61888624934,2026-09-24T06:21:20+00:00,2026-09-24T08:12:44.840009+00:00,1219,cryptosignalsworldfree_10
1584116,10097,"🟢 LONG $UNI/USDT | Cross 20X 

✅ Entry: 9.28

🎯 TP: 9.65  - 10.05 -  10.50

🛑 SL: 8.50",78f3a14f0ee41ba158d3871676f2fb83,2026-09-24T06:21:19+00:00,2026-09-24T08:12:44.815972+00:00,1219,cryptosignalsworldfree_10
1584115,10096,"📊#CVC/USDT — LONG

⚡️ Leverage : 10X – 30X

💹Entry...Entry After TP1

⚖️ Follow Proper Risk Management.",c1e2208cf72f3b8c0396424310664d60,2026-09-24T06:21:19+00:00,2026-09-24T08:12:44.736899+00:00,1219,cryptosignalsworldfree_10
1584114,10095,"#LSK/ USDT — BUY (LONG) 
Leverage: Cross 25x – 50x...T IS KEY
👉 Use ONLY 2 – 3% of your total portfolio",db1ba2c26f1b44d87d3051a25779219f,2026-09-24T06:21:19+00:00,2026-09-24T08:12:44.665753+00:00,1219,cryptosignalsworldfree_10
1592758,10263,"🚀 #PROMUSDT LONG SIGNAL 🚀
⚡️ LEVERAGE 50X–75X

📌 E...tch this move together!
🔓 Trade Smart • Trade Safe",43ca82a9e1e242237efb673532409315,2026-09-24T11:41:51+00:00,2026-09-24T12:39:26.975851+00:00,1219,cryptosignalsworldfree_10
1592756,10261,"BROCCOLI/ USDT/ LONG
Entry at market price 

Cross...only 1% of your wallet. 
Manage your risk properly",0aa2b35dc999698ceaedb52602be7388,2026-09-24T11:41:51+00:00,2026-09-24T12:39:26.845527+00:00,1219,cryptosignalsworldfree_10
1592755,10258,"🟢 Long

#XRP/USDT

Entry : 

1) 1.4667
2) 1.4226

...1.5670

🛑 Stop : 1.3742

Leverage : 10x (isolated)",2644c69a0d676dde6b21a5731b52fc62,2026-09-24T11:23:12+00:00,2026-09-24T12:39:26.772536+00:00,1219,cryptosignalsworldfree_10
1592754,10257,"TRUMPUSDTUSDT  
Exchanges: BINGX 

🟢 Short
Leverag... 1.91
4) 1.88
5) 1.83
6) 1.79
7) 🚀🚀🚀 

⛔️ SL:
2.08",48eebef89edc0d29122169f5c059cdbe,2026-09-24T11:23:12+00:00,2026-09-24T12:39:26.770172+00:00,1219,cryptosignalsworldfree_10
1592753,10259,"🚀 LONG: $NIL/USDT
LEVERAGE: 50x

✔️ENTRY PRICE: 0....1340-0.1400-0.1500

STOP LOSS:  0.1235

REACTIONS?",a1165db0513db3d99e488025edf886b3,2026-09-24T11:23:12+00:00,2026-09-24T12:39:26.763098+00:00,1219,cryptosignalsworldfree_10
1592752,10256,"👑My Coin: $NOM/USDT
👀Looking for LONG

🌟0.002415 W...I Will Set: 0.002324
°°°°°°°°°°°°°° As my stoploss",1d2d440a79ae224924ff6be36a81add1,2026-09-24T11:23:11+00:00,2026-09-24T12:39:26.624832+00:00,1219,cryptosignalsworldfree_10
1592751,10255,"✅ Long

#QTUM/USDT

Entry zone : 0.923052 - 0.9516...41526
1.069931

Stop loss :0.884988

Leverage: 10x",f79ad52ca2b330e137474c38fd42cb84,2026-09-24T11:23:11+00:00,2026-09-24T12:39:26.609638+00:00,1219,cryptosignalsworldfree_10
1592735,10244,"Use only 2% Funds

#SUI/USDT (SHORT)

Entry 1 = 0....Profit
T.P 3 = 1000% Profit 

🔴Stop loss at 1.0400",db710f34d3c88b77fa68684f3b27021d,2026-09-24T11:23:07+00:00,2026-09-24T12:39:25.818062+00:00,1219,cryptosignalsworldfree_10
1592734,10243,"Pair: #BCH/USDT

Short • (25X)

Entry
329.00

Targ...t your own risk. Always use proper risk management",6d08dc431296e8a267d944a0bb6986bd,2026-09-24T11:23:07+00:00,2026-09-24T12:39:25.807391+00:00,1219,cryptosignalsworldfree_10
1592732,10242,"📊 #TUT/USDT

🟢 POSITION: LONG

💰 ENTRY RANGE
➤ 0.0...➤ 0.0210

━━━━━━━━━━━━━━━━━━

✅ Manage risk wisely",697f69f7caffb47573afec00c8123ddd,2026-09-24T11:23:07+00:00,2026-09-24T12:39:25.800349+00:00,1219,cryptosignalsworldfree_10
1592730,10241,"📊 Let’s LONG #NOM/USDT

💥 Leverage:  Cross 20×  - ....00265
2) 0.00276
3) 0.00298

🔖 Stop Loss: 0.00242",8b1e3e8b1edc30412693458f276dd0c6,2026-09-24T11:23:06+00:00,2026-09-24T12:39:25.787148+00:00,1219,cryptosignalsworldfree_10
1592726,10240,"#NIL/ USDT — BUY (LONG) 
Leverage: Cross 25x – 50x...T IS KEY
👉 Use ONLY 2 – 3% of your total portfolio",26f6a29ffd934988dd4189e3044a2fb9,2026-09-24T11:23:06+00:00,2026-09-24T12:39:25.471845+00:00,1219,cryptosignalsworldfree_10
1592725,10238,"#LSK/USDT LONG   

👉Leverage : Cross 10× To 30×

E...
1)  0.413
2)  0.525
3)  0.450

⭕Stop Loss : 0.379",eb20eae6973c752801e21eba538dfa0b,2026-09-24T11:23:05+00:00,2026-09-24T12:39:25.411023+00:00,1219,cryptosignalsworldfree_10
1592723,10239,"👑 #NOM/USDT — TRADE LONG

LEVERAGE 25X TO 50X

✅ E...
⛔️ STOP LOSS: 0.002420

⚡️ NO FEAR — JUST PROFITS",4fd9baa41d0ee0ff44f347b72777f897,2026-09-24T11:23:05+00:00,2026-09-24T12:39:25.396652+00:00,1219,cryptosignalsworldfree_10
1592722,10237,"💰#LSK / USDT👑

💎Setup Type: Strong LONG  🔖Opportun...TP ➝ 0.50000

4️⃣TP ➝ 0.60000

🚫Stop Loss: 0.32000",26362be2796b2fd4ffd9886cb0b30e1f,2026-09-24T11:23:05+00:00,2026-09-24T12:39:25.389626+00:00,1219,cryptosignalsworldfree_10
1592716,10235,"⭐️#NIL/USDT  SHORT

🛡Leverage : Cross 25x50

‼️Ent....14973

Use only 3% - 5% amount of your portfolio🛍",8effc32465d9cf705598ff8b60519068,2026-09-24T11:23:04+00:00,2026-09-24T12:39:25.073802+00:00,1219,cryptosignalsworldfree_10
1592713,10233,"👑 #LSK/USDT — TRADE LONG

LEVERAGE 25X TO 50X

✅ E...0

⛔️ STOP LOSS: 0.3790

⚡️ NO FEAR — JUST PROFITS",eeb1fd304dcd5cc14a536270a9ea18b0,2026-09-24T11:23:04+00:00,2026-09-24T12:39:24.954351+00:00,1219,cryptosignalsworldfree_10
1592712,10231,"⭐️#LSK/USDT  LONG 

🛡Leverage : Cross 25x50

‼️Ent....36326

Use only 3% - 5% amount of your portfolio🛍",0ea05f12806726096de5ec146215b1ad,2026-09-24T11:23:03+00:00,2026-09-24T12:39:24.953290+00:00,1219,cryptosignalsworldfree_10
1592711,10232,"🔰 PAIR: ETH/ USDT 💹

🔴Position: SHORT🚀

☑️ Entry Z... Targets:
🥇 2652
🥈 2642
🥉 2625

❌ Stop Loss: 🔴2695",759d8074e733d94f765cbfcf0b4b4d99,2026-09-24T11:23:03+00:00,2026-09-24T12:39:24.947480+00:00,1219,cryptosignalsworldfree_10
1592706,10230,LSKUSDT LONG NOW,07887acd90ec447520841ce4b3124c9c,2026-09-24T11:23:03+00:00,2026-09-24T12:39:24.654967+00:00,1219,cryptosignalsworldfree_10
1592704,10229,"✨BCH/USDT

🎗 Trade Type = SHORT 🔴

⭐️ Leverage :- ...[ 323.96, 320.32, 316.86, 314.38, 310.37, 306.42 ]",14ef7c99e10a5b2b7c4f478be5992472,2026-09-24T11:23:03+00:00,2026-09-24T12:39:24.583056+00:00,1219,cryptosignalsworldfree_10
1592695,10221,"#CYS  USDT — BUY (LONG) 
🎉
🟢 Leverage: Cross  30x
...⛔️Stop Loss: 0.1600

🔽 Risk Management:

 REACTION",e07c9462d729fe9b718c491b16db88f7,2026-09-24T11:22:43+00:00,2026-09-24T12:39:24.203799+00:00,1219,cryptosignalsworldfree_10
1592693,10220,"BTC / USDT 

SHORT SHORT SHORT 

IST ENTRY AT MARKET PRICE 

TP 82900

20x Leverage 

SL 85000",4d7d8085c6555ccc6438b9f9659ce45e,2026-09-24T11:22:43+00:00,2026-09-24T12:39:24.192898+00:00,1219,cryptosignalsworldfree_10
1592691,10219,"ETH / USDT/ LONG
Entry at market price 

Cross || ...only 1% of your wallet. 
Manage your risk properly",8cac514bcef347b3484bf8d0c52c3761,2026-09-24T11:22:43+00:00,2026-09-24T12:39:24.078828+00:00,1219,cryptosignalsworldfree_10
1592689,10218,"🌹 #FOLKS/USDT

🟢 LONG

✅ Entry: 2.487- 2.432

❌ St...l advice.
💰 Stay disciplined. Protect your capital",8973870649f3c5118576badfe29f2e0c,2026-09-24T11:22:42+00:00,2026-09-24T12:39:24.034617+00:00,1219,cryptosignalsworldfree_10
1592686,10217,"🪙#SUPER/USDT

🚩POSITION — SHORT

🔒  LEVERAGE — 20X...0.15400
TP🥉: 0.14200

⛔️ SL: 0.20500

🔥REACTIONS?😜",db535c9651ccc0da98b9c0ffbc3ab592,2026-09-24T11:22:42+00:00,2026-09-24T12:39:23.810861+00:00,1219,cryptosignalsworldfree_10
1592685,10216,"#SUPER/USDT SHORT NOW 📉
🏠ENTRY: ( 0.17107 )",3092f4767b11b491cdddc9ac7c7f1cfa,2026-09-24T11:22:42+00:00,2026-09-24T12:39:23.799289+00:00,1219,cryptosignalsworldfree_10
1592684,10215,"🚨 #LSK/USDT | SHORT

⚡Leverage: Cross 20x

🎯Entry ... follow the signal and secure profits at targets.💎",0065ee7b57704bcb23bcc1a08363d54d,2026-09-24T11:22:41+00:00,2026-09-24T12:39:23.774916+00:00,1219,cryptosignalsworldfree_10
1592683,10214,"💰#CYS / USDT👑

💎Setup Type: Strong LONG  🔖Opportun...

🥉TP ➝ 0.2200

4️⃣TP ➝ 0.3000

🚫Stop Loss: 0.1550",f375b0daeb7f40f16a56bd16ee97bdc7,2026-09-24T11:22:41+00:00,2026-09-24T12:39:23.768857+00:00,1219,cryptosignalsworldfree_10
1592676,10212,"⭐ BLESS /USDT — LONG

💵 ENTRY:0.01000-0.090000

⚙️...o

📌 Follow the setup and manage your risk wisely.",73d3bc968a797633090330940a6f803a,2026-09-24T11:22:41+00:00,2026-09-24T12:39:23.502559+00:00,1219,cryptosignalsworldfree_10
1592674,10211,"⭐ CYS /USDT — LONG

💵 ENTRY:0.1850-0.1700

⚙️ LEVE...o

📌 Follow the setup and manage your risk wisely.",d50ca8b2de38986b95ec7d2e7adf9a47,2026-09-24T11:22:40+00:00,2026-09-24T12:39:23.481472+00:00,1219,cryptosignalsworldfree_10
1592673,10209,"Quick Scalping Trade 🟢
B2 USDT
Long 
Market Price 
Target 🎯 
0.5300
0.5400
0.5500

Sl
0.50000",e774c0465ec93a180b75037c7101f00f,2026-09-24T11:22:40+00:00,2026-09-24T12:39:23.474817+00:00,1219,cryptosignalsworldfree_10
1592672,10208,"🔴 Short

Pair: #ETC/USDT

📊 Entry Price: 

1) 9.60....144
4) 8.941

Stop Loss: 10.21

Leverage: 10x-20x",2ec8f6ce72c9ea91bf37a91afedee4c8,2026-09-24T11:22:40+00:00,2026-09-24T12:39:23.461537+00:00,1219,cryptosignalsworldfree_10
1596339,10269,"↗️ LONG #BROCCOLi714 50x

📌 Entry: 0.03200

🎯 TP: ...t Usage: 1-3%
⚠️ According to your risk management",ee5836687c29b2af0c8e05064d6958d6,2026-09-24T14:19:39+00:00,2026-09-24T14:36:04.630506+00:00,1219,cryptosignalsworldfree_10
1596337,10267,"LSK/USDT 

SHORT SHORT SHORT 

OPEN MARKET PRICE 
...0.40500
TP 0.40200
TP 0.39900

SL 0.43500

LEV 16x",6c6b57ba5cda49d23289912c9c62a68b,2026-09-24T14:16:59+00:00,2026-09-24T14:36:04.618643+00:00,1219,cryptosignalsworldfree_10
1596336,10268,"🌈PAIR:- LSK/USDT
⚡️ Direction : SHORT
🛠 Leverage: ...nt Usage:- 1 - 2%
(According To your Risk Setting)",6b25080930454b8b0be319e49d46673f,2026-09-24T14:16:59+00:00,2026-09-24T14:36:04.613090+00:00,1219,cryptosignalsworldfree_10
1596335,10266,"🚨 #NEAR/USDT | LONG

⚡Leverage: Cross 20x

🎯Entry ... follow the signal and secure profits at targets.💎",79fc3ddcc46c73defe7dc175bf00fd23,2026-09-24T14:16:59+00:00,2026-09-24T14:36:04.592758+00:00,1219,cryptosignalsworldfree_10
1599470,10272,"#BB/USDT

📈Signal: long Leverage: Cross 20X

⚡️Ent...even after TP1 is hit.

📣Trade Smart • Follow Risk",055899b8b8b66f668163cd8730617e26,2026-09-24T14:54:37+00:00,2026-09-24T16:34:58.696791+00:00,1219,cryptosignalsworldfree_10
1599469,10271,"📈 LONG #ONDO/USDT 

🚀 LEVERAGE : 75x

📊 ENTRY PRIC...9

TP🟢0.525

TP🟢0.550

STOPLOSS 🔴0.470

REACTIONS?",545c9192cd0cef9539bb275a73e545df,2026-09-24T14:54:37+00:00,2026-09-24T16:34:58.692910+00:00,1219,cryptosignalsworldfree_10
1603092,10300,"#ETH

ETH is forming a consolidation below the res...61
🚀 Targets: 2634 / 2576 / 2478
📉 Stop Loss: 2751",bcba26315133d72f6c48d89eb58b392e,2026-09-24T18:29:23+00:00,2026-09-24T18:37:10.231583+00:00,1219,cryptosignalsworldfree_10
1603076,10281,"🔴SHORT  #BTCUSDT

🔶 Entry : 84500 - 84600

➡️ Leve...ake Profit Targets :

👉 83800

🛑 Stop Loss : 85400",a7c50b9d06f2f3907dc3731f743fe904,2026-09-24T17:21:31+00:00,2026-09-24T18:37:09.358220+00:00,1219,cryptosignalsworldfree_10
1603075,10280,"🪙#PLAY/USDT

🚩POSITION — SHORT

🔒  LEVERAGE — 20X7...0.03120
TP🥉: 0.03800

⛔️ SL: 0.03000

🔥REACTIONS?😜",a1ada2f9c3ddb3d1303d2d13892b574c,2026-09-24T17:21:31+00:00,2026-09-24T18:37:09.276576+00:00,1219,cryptosignalsworldfree_10
1603074,10279,"#PLAY/USDT SHORT NOW 📉
🏠ENTRY: ( 0.03577 )",1a86145fd5517ce893d47758694f8c3b,2026-09-24T17:21:30+00:00,2026-09-24T18:37:09.277208+00:00,1219,cryptosignalsworldfree_10
1603073,10278,"#NIL/ USDT — BUY (SHORT) 
Leverage: Cross 25x – 50...T IS KEY
👉 Use ONLY 2 – 3% of your total portfolio",381ca2976ba0612c0a9797c3373f8aa9,2026-09-24T17:21:30+00:00,2026-09-24T18:37:09.195066+00:00,1219,cryptosignalsworldfree_10
1603072,10277,"💰#BTW  / USDT👑

💎Setup Type: Strong LONG 🔖Opportun...

🥉TP ➝ 1.3500

4️⃣TP ➝ 1.5000

🚫Stop Loss: 0.8800",66440a76363bbe9244958361c4f72931,2026-09-24T17:21:30+00:00,2026-09-24T18:37:09.001848+00:00,1219,cryptosignalsworldfree_10
1603068,10273,"🚀 #FOLKSUSDT LONG SIGNAL 🚀
⚡️ LEVERAGE 50X–75X

📌 ...tch this move together!
🔓 Trade Smart • Trade Safe",dc6f257a2da0800c98b95d4111152e84,2026-09-24T17:21:28+00:00,2026-09-24T18:37:08.952502+00:00,1219,cryptosignalsworldfree_10
1604726,10313,"📉 SHORT #LSK 50x

📌 Entry: 0.43400

🎯 TP: 0.42200
...t Usage: 1-3%
⚠️ According to your risk management",511898d7172d9c9e2607c0e424179490,2026-09-24T19:59:30+00:00,2026-09-24T20:34:31.217668+00:00,1219,cryptosignalsworldfree_10
1604717,10303,"🌹 #NOM/USDT

🔴SHORT

✅ Entry: 0.00223- 0.00228

❌ ...l advice.
💰 Stay disciplined. Protect your capital",18688cdb61518568f96fb9104ac4dc7d,2026-09-24T19:04:25+00:00,2026-09-24T20:34:30.690820+00:00,1219,cryptosignalsworldfree_10
1614665,10525,"⚡ #ARK/USDT

📥 Short 

💹 Buy: 0.1853 - 0.1900

🧿 T...768 - 0.1750

🧨 StopLoss: 0.1940 

🔘 Leverage: 20x",b41dd609f9c59dddfb96975a73905e78,2026-09-25T06:20:14+00:00,2026-09-25T06:48:05.914975+00:00,1219,cryptosignalsworldfree_10
1614664,10524,"#LONG 🟢🔤🔤🔤🔤🔤

#ONDO/USDT

Margin Mode : Isolated 💎...0

🟥 SL : 0.5088 - 100%   

📊 LEV : 20X

🇯🇵Premium",e64236e252f71d77f47f1902c89f54ad,2026-09-25T06:20:14+00:00,2026-09-25T06:48:05.869830+00:00,1219,cryptosignalsworldfree_10
1614663,10523,"$AVA - LONG ( Swing trade ) 🟢

Entry : Market Pric...ways keep the size under control and stay relaxed.",720f34de7f9823fb93e58f49a1e0e0d1,2026-09-25T06:20:13+00:00,2026-09-25T06:48:05.842170+00:00,1219,cryptosignalsworldfree_10
1614662,10522,"📊#PHA/USDT–LONG–10x - 30x 🚀

📍 𝐄𝐧𝐭𝐫𝐲 𝐙𝐨𝐧𝐞:

➥ 0.05...tal.

⚠️ Disclaimer:
Trade at your own risk. DYOR.",f40560d1bc891fe5bcd262a38d4a5f17,2026-09-25T06:18:08+00:00,2026-09-25T06:48:05.691795+00:00,1219,cryptosignalsworldfree_10
1614660,10521,"👑 #BILL/USDT — TRADE LONG

LEVERAGE 25X TO 50X

✅ ...

⛔️ STOP LOSS: 0.01300

⚡️ NO FEAR — JUST PROFITS",d3b9b8954d72689f6062768ef624b53c,2026-09-25T06:18:08+00:00,2026-09-25T06:48:05.661127+00:00,1219,cryptosignalsworldfree_10
1614661,10520,"✨ Project Type :- SCALP 🌟

🌈PAIR:- #XPL /USDT
⚡️ D... Risk Setting) 


Published By - @cryptohunter7717",69c4a525b1b09bff4353439090a6308a,2026-09-25T06:17:51+00:00,2026-09-25T06:48:05.662059+00:00,1219,cryptosignalsworldfree_10
1614659,10519,"$FET/USDT #LONG📩

✅ENTRY :-0.2230/0.2150

Target 1...𝐎𝐧𝐥𝐲 𝟏-𝟑% 𝐎𝐟 𝐎𝐮𝐫 𝐃𝐞𝐩𝐨𝐬𝐢𝐭 𝐅𝐨𝐫 𝐄𝐚𝐜𝐡 𝐓𝐫𝐚𝐝𝐞

React,??m",8719696ef9d45471450a543e079fad78,2026-09-25T06:17:51+00:00,2026-09-25T06:48:05.569581+00:00,1219,cryptosignalsworldfree_10
1614658,10518,"📍Coin : #XPL/USDT

🟢 LONG 

👉 Entry: 0.1177 - 0.11...t 5: 0.1235
🎯 Target 6: 0.1248

❌ StopLoss: 0.1130",56de69642c84a1a2407a3771140b45c5,2026-09-25T06:17:50+00:00,2026-09-25T06:48:05.462478+00:00,1219,cryptosignalsworldfree_10
1614656,10516,"#SAGA/USDT LONG   

👉Leverage : Cross 10× To 30×

...
1)  0.036
2)  0.039
3)  0.045

⭕Stop Loss : 0.031",13ba640dafbe9e6786c1d46df7cda596,2026-09-25T06:17:50+00:00,2026-09-25T06:48:05.350879+00:00,1219,cryptosignalsworldfree_10
1614655,10515,"FET/USDT 

Position: LONG

Leverage: 10X To 25X 

...
Targets:  : 0.228 - 0.24 - 0.26

Stop Loss: 0.208",da73ffc19544fc728bd242a7e6087f7e,2026-09-25T06:17:49+00:00,2026-09-25T06:48:05.343054+00:00,1219,cryptosignalsworldfree_10
1614482,10351,"✅ Long

#ETC/USDT

Entry zone : 9.183 - 9.468

Tak....08
10.36
10.64

Stop loss :8.80524

Leverage: 10x",d1387721ec67bda6903b2a84ea7fd86f,2026-09-25T04:18:26+00:00,2026-09-25T06:47:48.466660+00:00,1219,cryptosignalsworldfree_10
1614470,10339,HAKA LONG $ZEC🟢,0fd9aff047caf08e0d0d8bec15abadbd,2026-09-25T04:17:16+00:00,2026-09-25T06:47:47.832824+00:00,1219,cryptosignalsworldfree_10
1620958,10561,"#AKE/USDT
🔴 Direction: SHORT 📉
🎯 Entry Zone: 0.034... management. High leverage can cause rapid losses.",969ed7eee5321fcc6a4063c6b4564212,2026-09-25T07:46:07+00:00,2026-09-25T08:58:25.065020+00:00,1219,cryptosignalsworldfree_10
1620957,10560,"⭐ PHA /USDT — LONG

💵 ENTRY:0.5700-0.5400

⚙️ LEVE...o

📌 Follow the setup and manage your risk wisely.",85498ce7de314c890ec404ae70d41527,2026-09-25T07:46:07+00:00,2026-09-25T08:58:25.061835+00:00,1219,cryptosignalsworldfree_10
1620956,10559,"⭐ XAI /USDT — LONG

💵 ENTRY:0.09030-0.08570

⚙️ LE...o

📌 Follow the setup and manage your risk wisely.",ea0cb50d9d3ed0b80f815b170be10622,2026-09-25T07:46:07+00:00,2026-09-25T08:58:25.043454+00:00,1219,cryptosignalsworldfree_10
1620955,10558,"📊 Let’s LONG #PHA/USDT

💥 Leverage:  Cross 20×  - ...1) 0.0571
2) 0.0591
3) 0.0611

🔖 Stop Loss: 0.0523",387aeade61d6fcc501fe59d91e1f4477,2026-09-25T07:35:57+00:00,2026-09-25T08:58:25.003035+00:00,1219,cryptosignalsworldfree_10
1620954,10557,"📈 LONG #QNT/USDT 

🚀 LEVERAGE : 75x

📊 ENTRY PRICE....6

TP🟢109.0

TP🟢114.0

STOPLOSS 🔴98.0

REACTIONS?",f9cf90989c21486ae00c349c982f40c0,2026-09-25T07:35:57+00:00,2026-09-25T08:58:24.984033+00:00,1219,cryptosignalsworldfree_10
1620953,10556,"⭐️#XAI/USDT  LONG 

🛡Leverage : Cross 25x50

‼️Ent...008488

Use only 3% - 5% amount of your portfolio🛍",bcab55e21ce2c99c966f1e9f0062194e,2026-09-25T07:35:57+00:00,2026-09-25T08:58:24.876432+00:00,1219,cryptosignalsworldfree_10
1620951,10554,"#QNT/USDT LONG   

👉Leverage : Cross 10× To 30×

E...e Profit

1)  105
2)  110
3)  118

⭕Stop Loss : 95",80945cff92e5ffbfd4503a8d39b977e0,2026-09-25T07:35:56+00:00,2026-09-25T08:58:24.866809+00:00,1219,cryptosignalsworldfree_10
1620950,10553,"🚨 #LSK/USDT | SHORT

⚡Leverage: Cross 20x

🎯Entry ... follow the signal and secure profits at targets.💎",14a255362156ceffe7fce14b680986e8,2026-09-25T07:35:55+00:00,2026-09-25T08:58:24.852229+00:00,1219,cryptosignalsworldfree_10
1620949,10552,"🚨 #SUPER/USDT | SHORT

⚡Leverage: Cross 20X

🎯Entr... follow the signal and secure profits at targets.💎",08247b5560d5c301835738e18ebf6d24,2026-09-25T07:35:53+00:00,2026-09-25T08:58:24.790256+00:00,1219,cryptosignalsworldfree_10
1620948,10551,"📈 QNT/USDT 📈

🟢 LONG SETUP

💰 Entry Zone: 102.00–9...et 1. 
✅ Move SL to breakeven after Target 1 hits.",a67e7ab95df3ae53a0e1c12be722ab68,2026-09-25T07:35:53+00:00,2026-09-25T08:58:24.755559+00:00,1219,cryptosignalsworldfree_10
1620947,10550,"🚨 #PHA/USDT | LONG

⚡Leverage: Cross 20x

🎯Entry T... follow the signal and secure profits at targets.💎",f9ef3ad5618289f8c1f3fad576bb55c5,2026-09-25T07:35:52+00:00,2026-09-25T08:58:24.700669+00:00,1219,cryptosignalsworldfree_10
1620946,10549,"📊#ONDO/USDT — LONG

⚡️ Leverage : 10X – 30X

💹Entr...Entry After TP1

⚖️ Follow Proper Risk Management.",94a772121a77c03cbbac1c8715fcd333,2026-09-25T06:49:23+00:00,2026-09-25T08:58:24.693119+00:00,1219,cryptosignalsworldfree_10
1620945,10548,"EDUUSDTUSDT  
Exchanges: BINGX 

🟢 Long
Leverage- ....05314000
6) 0.05372000
7) 🚀🚀🚀 

⛔️ SL:
0.04775000",e72aee4d638f0a4a2b57c5dec2e64800,2026-09-25T06:49:23+00:00,2026-09-25T08:58:24.680768+00:00,1219,cryptosignalsworldfree_10
1620944,10547,"✅ Long

Pair: #TRX/USDT

📊 Entry Price: 

1) 0.338...
4) 0.36143

Stop Loss: 0.31697

Leverage: 10x-20x",fd820493b29ba1bd97e588fa548dce98,2026-09-25T06:23:51+00:00,2026-09-25T08:58:24.617410+00:00,1219,cryptosignalsworldfree_10
1620943,10546,"⚡️⚡️ #CATI/USDT ⚡️⚡️
Exchanges: Bingx 
Signal Type...
5) 0.06493
6) 0.06584
7) 🚀🚀🚀

Stop Targets:
5-10%",8e2f04b42c8482bbf3f727da51b179be,2026-09-25T06:23:28+00:00,2026-09-25T08:58:24.602294+00:00,1219,cryptosignalsworldfree_10
1620942,10545,"⚡️⚡️ #ALLO/USDT ⚡️⚡️
Exchanges: Bingx 
Signal Type...
5) 0.30491
6) 0.30922
7) 🚀🚀🚀

Stop Targets:
5-10%",d64f225e4f91e1180fcc3e084914cf9b,2026-09-25T06:23:27+00:00,2026-09-25T08:58:24.522185+00:00,1219,cryptosignalsworldfree_10
1620941,10544,"⚡️⚡️ #BOME/USDT ⚡️⚡️
Exchanges: Bingx 
Signal Type...
5) 0.00109
6) 0.00111
7) 🚀🚀🚀

Stop Targets:
5-10%",bdaa1313c5c6e6b47b76b014392db10d,2026-09-25T06:23:27+00:00,2026-09-25T08:58:24.515966+00:00,1219,cryptosignalsworldfree_10
1620940,10543,"⚡️⚡️ #USELESS/USDT ⚡️⚡️
Exchanges: Bingx 
Signal T...
5) 0.30112
6) 0.30539
7) 🚀🚀🚀

Stop Targets:
5-10%",ec269bfd34d9030ac9e61b657c858c8c,2026-09-25T06:23:27+00:00,2026-09-25T08:58:24.511993+00:00,1219,cryptosignalsworldfree_10
1620938,10541,"SOLUSDTUSDT  
Exchanges: BINGX 

🟢 Short
Leverage-... 112.74
5) 109.22
6) 106.87
7) 🚀🚀🚀 

⛔️ SL:
124.49",2bcfe9ebb049b87d6247e78e7595e423,2026-09-25T06:23:26+00:00,2026-09-25T08:58:24.427055+00:00,1219,cryptosignalsworldfree_10
1620935,10539,"🚀 $MANA/USDT PERP 🚀

🟢 LONG

💰 Entry : 0.0895$ – 0...5X – 25X

⛔️ SL : 0.0810$

📌 Use Only 2-5% Capital",81e962c599468817c66894eab1244396,2026-09-25T06:22:59+00:00,2026-09-25T08:58:24.333584+00:00,1219,cryptosignalsworldfree_10
1620934,10537,"#POL - LONG 50X

Entry  0.1084
DCA 0.096

Targets 200% -300%-500% +++

SL= 0.08

Using 1% wallet",065eb39b752a5833e9950a5856625ff9,2026-09-25T06:21:57+00:00,2026-09-25T08:58:24.297892+00:00,1219,cryptosignalsworldfree_10
1620933,10536,"🔰 FET/USDT 🔰

🔴 SHORT 20X

🔳 ENTRY :- 0.2230

☑️ TARGET:- 0.2180 - 0.2100 - 0.2000

🔴 STOP :- 0.2340",0dcde56b7d47092154dd061241484cb9,2026-09-25T06:21:56+00:00,2026-09-25T08:58:24.279022+00:00,1219,cryptosignalsworldfree_10
1620932,10534,"🚀 #BEATUSDT LONG SIGNAL 🚀

⚡️ LEVERAGE 50X–75X
📌 E...h this move together!

🔓 Trade Smart • Trade Safe.",2136e472c8e770a9c72845fbf045361d,2026-09-25T06:21:56+00:00,2026-09-25T08:58:24.171829+00:00,1219,cryptosignalsworldfree_10
1620931,10535,"🐳 QNT/USDT #LONG🐳

✳️ ENTRY :- 93.50 - 90.00

💢 LE... 107.00

⛔️ STOP-LOSS :- 86.00

☝️ Margin Use 2–3%",28fea562b59fff6cfc1e709378839814,2026-09-25T06:21:56+00:00,2026-09-25T08:58:24.170602+00:00,1219,cryptosignalsworldfree_10
1620929,10533,"📊 ACE/USDT — LONG

📍 ENTRY: 0.19550

🎯 TARGET 1: 0...Manage your risk & trade responsibly.

🔥 LET’S GO!",bb4f1585058c3c9e759db04a5547bb7c,2026-09-25T06:20:52+00:00,2026-09-25T08:58:24.155332+00:00,1219,cryptosignalsworldfree_10
1620930,10532,"💵 𝐒𝐈𝐆𝐍𝐀𝐋 𝐀𝐋𝐄𝐑𝐓 💵

#MARSCOIN/USDT (25xSHORT)

✅ ENT...TARGETS:- 0.10660/0.098/0.094

❌ STOP LOSS: 0.1270",de54527e4a973bfdf85793d0b36e1bef,2026-09-25T06:20:51+00:00,2026-09-25T08:58:24.159698+00:00,1219,cryptosignalsworldfree_10
1620928,10531,"⚡️$FET/USDT⚡️

SHORT
Leverage: 20X

Entry: 0.2230
...get:

1)0.2180
2)0.2100
3)0.2000

Stoploss: 0.2340",ed176f6c0b4aceee23533487b89e4203,2026-09-25T06:20:51+00:00,2026-09-25T08:58:24.138909+00:00,1219,cryptosignalsworldfree_10
1620927,10529,"Coin #H/USDT

Position: LONG 

Leverage:  Cross 10...rgets: 🎯 0.0680, 0.0715, 0.0760

Stop Loss: 0.0620",b33a7815bc479437be81f374474d4a5e,2026-09-25T06:20:15+00:00,2026-09-25T08:58:23.977627+00:00,1219,cryptosignalsworldfree_10
1620926,10528,"🪙 Coin: #PHA/USDT
🧭 Type: #LONG

📈 Entry Zone:
0.0... within the zone and maintain strict risk control.",aa5d33595f5cc794dd7f11c9c3dc1d97,2026-09-25T06:20:15+00:00,2026-09-25T08:58:23.976141+00:00,1219,cryptosignalsworldfree_10
1620925,10527,"🪙 Coin: #CROSS/USDT
🧭 Type: #LONG

📈 Entry Zone:
0... within the zone and maintain strict risk control.",ea8ba5b350880dd75e26155397e56eba,2026-09-25T06:20:15+00:00,2026-09-25T08:58:23.963614+00:00,1219,cryptosignalsworldfree_10
1620923,10530,"Coin #SAGA/USDT

Position: LONG 

Leverage:  Cross...rgets: 🎯 0.0357, 0.0389, 0.0425

Stop Loss: 0.0307",f046d85b7187511dda8449435fb116bb,2026-09-25T06:20:15+00:00,2026-09-25T08:58:23.961050+00:00,1219,cryptosignalsworldfree_10
1636778,10672,"#PHA USDT — BUY (LONG) 
🎉
🟢 Leverage: Cross  30x

...️Stop Loss: 0.06500

🔽 Risk Management:

 REACTION",cdc326046f12bdabd4ee0a4b706c5c9e,2026-09-25T16:52:15+00:00,2026-09-25T17:18:17.580884+00:00,1219,cryptosignalsworldfree_10
1636776,10671,"⭐️#PHA/USDT  LONG 

🛡Leverage : Cross 25x50

‼️Ent....06284

Use only 3% - 5% amount of your portfolio🛍",99bdb0b56fe98f0d59b0e674e06c96dd,2026-09-25T16:52:14+00:00,2026-09-25T17:18:17.061218+00:00,1219,cryptosignalsworldfree_10
1636775,10669,"🚀 #NEARUSDT LONG SIGNAL 🚀

⚡️ LEVERAGE 50X–75X
📌 E...h this move together!

🔓 Trade Smart • Trade Safe.",f97d6aa8c489df1f8496d9866af233c8,2026-09-25T16:52:14+00:00,2026-09-25T17:18:17.050411+00:00,1219,cryptosignalsworldfree_10
1636774,10670,"🚀 LONG: $PHA/USDT
LEVERAGE: 50x

✔️ENTRY PRICE: 0....7710-0.8089-0.8700

STOP LOSS:  0.7060

REACTIONS?",6263fc726cbc5984aa9e48a4bbee9a54,2026-09-25T16:52:14+00:00,2026-09-25T17:18:17.049517+00:00,1219,cryptosignalsworldfree_10
1636773,10667,"🚨 #OP/USDT | LONG

⚡Leverage: Cross 20X

🎯Entry Ta... follow the signal and secure profits at targets.💎",27a3d2fb8d270374fcafae750800a71e,2026-09-25T16:52:13+00:00,2026-09-25T17:18:17.038913+00:00,1219,cryptosignalsworldfree_10
1636772,10668,"SOLUSDT

LONG LONG LONG 

OPEN MARKET PRICE 

TP 119.900
TP 120.200
TP 120.700

SL 114.400

LEV 50X",3833b62d9470d270e7e98576f90419b4,2026-09-25T16:52:13+00:00,2026-09-25T17:18:17.034839+00:00,1219,cryptosignalsworldfree_10
1636771,10666,"🚨 #SOL/USDT | LONG

⚡Leverage: Cross 100X

🎯Entry ... follow the signal and secure profits at targets.💎",66522dcf1c16b2d7978c419b83a4e592,2026-09-25T16:52:12+00:00,2026-09-25T17:18:16.739520+00:00,1219,cryptosignalsworldfree_10
1636767,10665,"🔴 SHORT $TAO/USDT | Cross 50X

✅ Entry: MARKET PRICE 

🎯 TP: 250.03

🛑 SL: 320.79",0d23b79e79e9c5380df8f51fb517c302,2026-09-25T16:52:11+00:00,2026-09-25T17:18:16.725018+00:00,1219,cryptosignalsworldfree_10
1636770,10664,"🔴 SHORT $DOGE/USDT | Cross 50X

✅ Entry: MARKET PRICE 

🎯 TP: 0.08464

🛑 SL: 0.10096",52fc1427af5d0dea6d5aa25b2198809a,2026-09-25T16:48:18+00:00,2026-09-25T17:18:16.738610+00:00,1219,cryptosignalsworldfree_10
1636768,10662,"⚡️Pair: PHA/USDT
Type: LONG 🟢
💫Leverage:  (20X_100...078
2) 0.083
3) 0.090
4) 0.099

❌ STOP LOSS: 0.065",9035889630f6a8edb8416d049206d642,2026-09-25T16:48:16+00:00,2026-09-25T17:18:16.725861+00:00,1219,cryptosignalsworldfree_10
1636766,10661,"⭐️#DEEP/USDT  LONG 

🛡Leverage : Cross 25x50

‼️En....02040

Use only 3% - 5% amount of your portfolio🛍",ea1dc7453571a44e0bca5b57ccc3a631,2026-09-25T16:48:15+00:00,2026-09-25T17:18:07.238339+00:00,1219,cryptosignalsworldfree_10
1636765,10660,"EXCHANGE/BYBIT/BITUNIX📌 

SHORT/CHIP/USDT📈📈📈


ENT...gement 🏆


Use only 10% of your 📈Available balance",44caab824ed8ce020c15b45325dd9475,2026-09-25T16:48:15+00:00,2026-09-25T17:18:07.208126+00:00,1219,cryptosignalsworldfree_10
1636764,10659,"#SAGA/ USDT — BUY (SHORT) 
Leverage: Cross 25x – 5...T IS KEY
👉 Use ONLY 2 – 3% of your total portfolio",96a2823f8d392e4f9193c3e8a461fe89,2026-09-25T16:45:10+00:00,2026-09-25T17:18:07.174370+00:00,1219,cryptosignalsworldfree_10
1636763,10658,"💸 SHORT — LINK

Entry: 13.744

💸 Targets: 13.605 /...77

💸  Stop: 14.440

💸 Move SL to entry after TP1.",98198d174a92b8f675aac435346efa07,2026-09-25T16:45:10+00:00,2026-09-25T17:18:07.069291+00:00,1219,cryptosignalsworldfree_10
1636762,10657,"🟢 Long

#KAVA/USDT

Entry : 

1) 0.067400
2) 0.065...2011

🛑 Stop : 0.063153

Leverage : 10x (isolated)",f4b79f94869eddeda6b8b412d6ae0330,2026-09-25T16:45:09+00:00,2026-09-25T17:18:07.055378+00:00,1219,cryptosignalsworldfree_10
1636761,10656,"🚀 #USUSDT LONG SIGNAL 🚀

⚡️ LEVERAGE 50X–75X
📌 ENT...h this move together!

🔓 Trade Smart • Trade Safe.",f708d6b624f12fbe1bc64b7910d0de89,2026-09-25T16:45:09+00:00,2026-09-25T17:18:07.051096+00:00,1219,cryptosignalsworldfree_10
1636760,10655,"👑 #NIL/USDT — TRADE LONG

LEVERAGE 25X TO 50X

✅ E...0

⛔️ STOP LOSS: 0.1250

⚡️ NO FEAR — JUST PROFITS",fa594be3ed6c74cd1fbb0b74d5312cc0,2026-09-25T16:45:09+00:00,2026-09-25T17:18:06.932145+00:00,1219,cryptosignalsworldfree_10
1636759,10654,"⚡️ BTC/USDT ⚡️

🔻 SCALP LONG

💎 Leverage: 10x – 15...oss: $82800

⚠️ Trade with proper risk management.",e567f4a10d61841e9e0a4551032cc73b,2026-09-25T16:45:09+00:00,2026-09-25T17:18:06.883574+00:00,1219,cryptosignalsworldfree_10
1636758,10653,"🪙#HUMA/USDT

🚩POSITION — SHORT

🔒  LEVERAGE — 20X7...0.02590
TP🥉: 0.02450

⛔️ SL: 0.03000

🔥REACTIONS?😜",e2048b38850d498697efcee6f5562c56,2026-09-25T16:45:08+00:00,2026-09-25T17:18:06.772923+00:00,1219,cryptosignalsworldfree_10
1636757,10652,"#HUMA/USDT SHORT NOW 📉
🏠ENTRY: ( 0.02726 )",b0a448b2779d44ffc5f811fc6a99f8d0,2026-09-25T16:45:08+00:00,2026-09-25T17:18:06.657313+00:00,1219,cryptosignalsworldfree_10
1636756,10651,"🪙#MUBARAK/USDT

🚩POSITION — LONG

🔒  LEVERAGE — 20...0.05250
TP🥉: 0.05500

⛔️ SL: 0.04350

🔥REACTIONS?😜",6bef8166b9995f229cfec8f44dca4a8c,2026-09-25T16:45:07+00:00,2026-09-25T17:18:06.646913+00:00,1219,cryptosignalsworldfree_10
1636755,10650,"#MUBARAK/USDT LONG NOW 📉
🏠ENTRY: ( 0.04992 )",3788c22507d85dea6c5356e12761e125,2026-09-25T16:45:07+00:00,2026-09-25T17:18:06.619734+00:00,1219,cryptosignalsworldfree_10
1636754,10649,"✨HYPE/USDT

🎗 Trade Type = SHORT 🔴

⭐️ Leverage :-...[ 91.020, 90.199, 89.224, 88.242, 87.305, 86.162 ]",9c21b1af769bafff84097cf1d6ee22ed,2026-09-25T16:45:07+00:00,2026-09-25T17:18:06.593325+00:00,1219,cryptosignalsworldfree_10
1636753,10647,"✅ Long

#ETC/USDT

Entry zone : 9.127 - 9.410

Tak...0.01
10.29
10.58

Stop loss :8.7513

Leverage: 10x",cf12e59b9e5c37da858308777a85d453,2026-09-25T16:45:06+00:00,2026-09-25T17:18:06.396918+00:00,1219,cryptosignalsworldfree_10
1636750,10645,#NEARUSDT LONG 5.135 TP1 5.250,60a4455fa51fe20e9919e1fb6c3b61da,2026-09-25T16:45:05+00:00,2026-09-25T17:18:06.341925+00:00,1219,cryptosignalsworldfree_10
1636749,10644,"✅ Long

Pair: #XTZ/USDT

📊 Entry Price: 

1) 0.331...) 0.354072

Stop Loss: 0.310521

Leverage: 10x-20x",e55443048def1a4d792ce47c04f25c68,2026-09-25T16:45:04+00:00,2026-09-25T17:18:06.334972+00:00,1219,cryptosignalsworldfree_10
1636748,10643,"#SHORT 🔴 🔤🔤🔤🔤🔤

#ADA/USDT 

Margin Mode : Isolated...301

🟩 SL : 0.2634 - 100%

📊 LEV : 20X

🇯🇵 Premium",0648892a86bc0ed5e2063f382a9fe86a,2026-09-25T16:45:03+00:00,2026-09-25T17:18:06.126619+00:00,1219,cryptosignalsworldfree_10
1636747,10642,"ADA/USD SELL 

Entry : $ 0.25500

Target1: $ 0.250...et3: $ 0.22868
Target4: $ 0.21925 

SL : $ 0.26492",32e0352ce1b2251abd4e77ccb01ddffa,2026-09-25T16:45:03+00:00,2026-09-25T17:18:06.125124+00:00,1219,cryptosignalsworldfree_10
1636746,10641,"🔘 Coin : #HUMA/USDT 🔘

🟢 LONG

🔺Entry🔻: 0.029168

... 0.031061

♦️ StopLoss : 0.028125

🔱 Leverage: 25x",d950c6c2216f94cdacd1b00085c2d6ef,2026-09-25T16:45:03+00:00,2026-09-25T17:18:06.097402+00:00,1219,cryptosignalsworldfree_10
1636745,10640,"🔴 SHORT

#IOTA/USDT

Entry zone : 0.051778 - 0.050...5469
0.043953

Stop loss :0.0537889

Leverage: 10x",0abf12978a571fa1d2dbd4c2b086dc31,2026-09-25T16:45:03+00:00,2026-09-25T17:18:06.056626+00:00,1219,cryptosignalsworldfree_10
1636744,10639,SHORT XPL 0.11243,947d4bee0fe5f29b2c7346ebf3f42d84,2026-09-25T16:45:02+00:00,2026-09-25T17:18:06.044773+00:00,1219,cryptosignalsworldfree_10
1636743,10638,"⚡️$PHA/USDT⚡️

LONG
Leverage: 20X

Entry: 0.070

Target:

1)0.073
2)0.077
3)0.082

Stoploss: 0.064",92c2c2367e913c0fd5eb871345fdfe3a,2026-09-25T16:45:01+00:00,2026-09-25T17:18:05.841626+00:00,1219,cryptosignalsworldfree_10
1636742,10637,"🔘 Coin : #DEEP/USDT 🔘

🔴 SHORT

🔺Entry🔻: 0.02221

... - 0.02086

♦️ StopLoss : 0.02305

🔱 Leverage: 25x",50c0cf7009c5239e4f70d1ff1f9f6056,2026-09-25T16:45:01+00:00,2026-09-25T17:18:05.822635+00:00,1219,cryptosignalsworldfree_10
1636741,10636,"🔰 PHA/USDT 🔰

🟢 LONG 20X

🔳 ENTRY :- 0.070

☑️ TARGET:- 0.073 - 0.077 - 0.082

🔴 STOP :- 0.064",4193219b37f77a2aa877493f2cb496a4,2026-09-25T16:45:01+00:00,2026-09-25T17:18:05.804781+00:00,1219,cryptosignalsworldfree_10
1636740,10634,"EXCHANGE/BYBIT/BITUNIX/OKX📌 


SHORT/WLD/USDT📈📈📈

...agement 🏆


Use only 5% of your 📈Available balance",dc610241e2257b9056b16c37385470ba,2026-09-25T16:45:00+00:00,2026-09-25T17:18:05.799804+00:00,1219,cryptosignalsworldfree_10
1636738,10633,"SHORT/XRP/USDT📈📈📈


ENTRY:  (LIMIT ORDER)

ENTRY P...agement 🏆


Use only 5% of your 📈Available balance",acee6ee1bc92d6eb8398121502dcdc35,2026-09-25T16:44:59+00:00,2026-09-25T17:18:05.587932+00:00,1219,cryptosignalsworldfree_10
1636737,10632,"🔴 SHORT $ZEC/USDT | Cross 50X

✅ Entry: MARKET PRICE 

🎯 TP: 1432.10

🛑 SL: 1669.42",868d087075f4b8c843cd777740902390,2026-09-25T16:44:35+00:00,2026-09-25T17:18:05.540246+00:00,1219,cryptosignalsworldfree_10
1636736,10631,"Use only 2% Funds

#BTC/USDT (SHORT)

Entry 1 = 84... Profit
T.P 3 = 1000% Profit 

🔴Stop loss at 87800",e46a1313df5a7d9663e6e8884674ba2f,2026-09-25T16:44:35+00:00,2026-09-25T17:18:05.525357+00:00,1219,cryptosignalsworldfree_10
1636735,10629,"🔴 SHORT $HYPE/USDT | Cross 20X

✅ Entry: 94.20

🎯 TP: 92.50 - 91.15 -  89

🛑 SL: 98",80c10587d49fcf205c9ed1ed382a0c5a,2026-09-25T16:44:34+00:00,2026-09-25T17:18:05.513364+00:00,1219,cryptosignalsworldfree_10
1636734,10630,"🔴 SHORT $ETH/USDT | Cross 50X

✅ Entry: 2714

🎯 TP: 2675 - 2625 -  2550

🛑 SL: 2805",b8980f7ede9ecc3f65908e8b27c5df9e,2026-09-25T16:44:34+00:00,2026-09-25T17:18:05.512335+00:00,1219,cryptosignalsworldfree_10
1636733,10628,"⭐️#JTO/USDT  LONG 

🛡Leverage : Cross 25x50

‼️Ent...0.5273

Use only 3% - 5% amount of your portfolio🛍",97390598d771e39c2fa052e999278c75,2026-09-25T16:44:34+00:00,2026-09-25T17:18:05.314434+00:00,1219,cryptosignalsworldfree_10
1636732,10627,"⭐️#ARK/USDT  LONG 

🛡Leverage : Cross 25x50

‼️Ent...0.2206

Use only 3% - 5% amount of your portfolio🛍",bc7bcf33a9b20bb07d7f75ed82a3af15,2026-09-25T16:44:33+00:00,2026-09-25T17:18:05.246965+00:00,1219,cryptosignalsworldfree_10
1636730,10626,"CHIP/USDT  LONG 

Leverage : Cross 25x50

Entry : ...0.04780

Use only 3% - 5% amount of your portfolio",8d75ed298e67b56fec93fb59c10aa97c,2026-09-25T16:44:33+00:00,2026-09-25T17:18:05.235551+00:00,1219,cryptosignalsworldfree_10
1636731,10624,"Use only 2% Funds

#ADA/USDT (SHORT)

Entry 1 = 0....Profit
T.P 3 = 1000% Profit 

🔴Stop loss at 0.2720",17e8387261484c36f828ea138d4cd0d1,2026-09-25T16:44:32+00:00,2026-09-25T17:18:05.239949+00:00,1219,cryptosignalsworldfree_10
1636715,10608,"🔴 SHORT

#XRP/USDT

Entry : 

1) 1.5853
2) 1.6328
...1.4756

🛑 Stop : 1.6851

Leverage : 10x (isolated)",0d205e54956f00da437bcd9dc675f820,2026-09-25T16:44:26+00:00,2026-09-25T17:18:04.245100+00:00,1219,cryptosignalsworldfree_10
1636714,10607,"🌈PAIR:- #PHA/USDT
⚡️ Direction : LONG
🛠 Leverage: ...nt Usage:- 1 - 2%
(According To your Risk Setting)",229c4be7e153f9f5734d7facb8ae620e,2026-09-25T16:44:25+00:00,2026-09-25T17:18:04.244107+00:00,1219,cryptosignalsworldfree_10
1636713,10606,"⭐ CHIP /USDT — LONG

💵 ENTRY:0.04880-0.04600

⚙️ L...o

📌 Follow the setup and manage your risk wisely.",0ec177099c0eac4c44c4bc1f36899b75,2026-09-25T16:44:25+00:00,2026-09-25T17:18:04.179257+00:00,1219,cryptosignalsworldfree_10
1636712,10605,"⭐ ENA /USDT — LONG

💵 ENTRY:0.23900-0.22700

⚙️ LE...o

📌 Follow the setup and manage your risk wisely.",8bd4ab27895cb38f6921a5172de14a04,2026-09-25T16:44:24+00:00,2026-09-25T17:18:04.167452+00:00,1219,cryptosignalsworldfree_10
1636711,10604,"⭐ JTO /USDT — LONG

💵 ENTRY:0.5400-0.5200

⚙️ LEVE...o

📌 Follow the setup and manage your risk wisely.",822f92ec82af015b552eec541fa34421,2026-09-25T16:44:24+00:00,2026-09-25T17:18:04.006445+00:00,1219,cryptosignalsworldfree_10
1636710,10603,"🔴 SHORT

#ETH/USDT

Entry zone : 2818.88 - 2736.78...75.41
2392.90

Stop loss :2928.3546

Leverage: 10x",dbefba58b3e9602419507d73c43e2eab,2026-09-25T16:44:23+00:00,2026-09-25T17:18:03.944784+00:00,1219,cryptosignalsworldfree_10
1636708,10602,JTOUSDT LONG NOW,8d26a86d613cac0a06cce202bb1448c8,2026-09-25T16:44:23+00:00,2026-09-25T17:18:03.927890+00:00,1219,cryptosignalsworldfree_10
1636707,10600,"↗️ LONG #ETH 200x

📌 Entry: 2.730

🎯 TP1: 2,743
💵 ...t Usage: 1-3%
⚠️ According to your risk management",0047e98b3b89f039b1be4511199d8088,2026-09-25T16:44:22+00:00,2026-09-25T17:18:03.771958+00:00,1219,cryptosignalsworldfree_10
1636706,10599,"💫 Pair: UNI/USDT  💫

🔼 Direction: Long 🔼

✅ Levera...📈 Take Profit: 10.05 📈

⚠️ Stop Loss: 8.700 ⚠️

📈📈",cd8bf2eaefad93c1103354ef3c4ccd88,2026-09-25T16:44:22+00:00,2026-09-25T17:18:03.732976+00:00,1219,cryptosignalsworldfree_10
1636705,10598,"#JTO         /USDT (SHORT) 🔽🔽

⌛LEVERAGE : 20X TO ...6


💥Use only 1%margin of your total portfolio❤️😘😇",6f88911a211699a1772b6815ed32c2b7,2026-09-25T16:44:21+00:00,2026-09-25T17:18:03.696797+00:00,1219,cryptosignalsworldfree_10
1636704,10596,"↗️ LONG #SAGA 50x

📌 Entry: 0.3930

🎯 TP1: 0.4050
...t Usage: 1-3%
⚠️ According to your risk management",e1c77d2ed249c3510774c3d8fc61db7f,2026-09-25T16:44:20+00:00,2026-09-25T17:18:03.539997+00:00,1219,cryptosignalsworldfree_10
1636702,10595,"#XAI/ USDT — BUY (SHORT) 
Leverage: Cross 25x – 50...T IS KEY
👉 Use ONLY 2 – 3% of your total portfolio",04d954934104af0367bd6641bba9edb2,2026-09-25T16:44:20+00:00,2026-09-25T17:18:03.500832+00:00,1219,cryptosignalsworldfree_10
1636700,10593,"🔴 Short

Pair: #LINK/USDT

📊 Entry Price: 

1) 14....06
4) 13.109

Stop Loss: 14.971

Leverage: 10x-20x",027d53297bbd95cfe983861a801588ae,2026-09-25T16:44:19+00:00,2026-09-25T17:18:03.441546+00:00,1219,cryptosignalsworldfree_10
1636699,10592,"#TAKE/USDT SHORT   

👉Leverage : Cross 10× To 30×
... 0.0576
2)  0.0554
3)  0.0518

⭕Stop Loss : 0.0628",db7b89dddf49fc2fbdcb11bcec631c6e,2026-09-25T16:44:19+00:00,2026-09-25T17:18:03.261017+00:00,1219,cryptosignalsworldfree_10
1636696,10589,"💰#PHA  / USDT👑

💎Setup Type: Strong LONG 🔖Opportun...TP ➝ 0.06850

4️⃣TP ➝ 0.08000

🚫Stop Loss: 0.05000",271c80791a22a920caa68efe59707068,2026-09-25T16:43:36+00:00,2026-09-25T17:18:03.081474+00:00,1219,cryptosignalsworldfree_10
1636695,10588,"💰#BTW  / USDT👑

💎Setup Type: Strong SHORT 🔖Opportu...

🥉TP ➝ 0.8800

4️⃣TP ➝ 0.7000

🚫Stop Loss: 1.2700",ae94ae06394df9711b562f5c497f8f0e,2026-09-25T16:43:35+00:00,2026-09-25T17:18:03.067453+00:00,1219,cryptosignalsworldfree_10
1636694,10587,"🚀 SHORT: $TAKE/USDT
LEVERAGE: 50x

✔️ENTRY PRICE: ...5-0.05550-0.05100

STOP LOSS:  0.06230

REACTIONS?",4dd3fc51cb8982b39e083ef3f8fed8d2,2026-09-25T16:43:35+00:00,2026-09-25T17:18:03.030538+00:00,1219,cryptosignalsworldfree_10
1636693,10586,"🚀 #NEARUSDT LONG SIGNAL 🚀

⚡️ LEVERAGE 50X–75X
📌 E...h this move together!

🔓 Trade Smart • Trade Safe.",8d2537e2cd7bd1514ba196d93793bab7,2026-09-25T16:43:35+00:00,2026-09-25T17:18:02.980185+00:00,1219,cryptosignalsworldfree_10
1636691,10584,"#LSK   USDT — SELL (SHORT) 
🎉
🟢 Leverage: Cross  3...️Stop Loss: 0.41000

🔽 Risk Management:

 REACTION",c0be28c840eb25ba0f674043961446bd,2026-09-25T16:43:34+00:00,2026-09-25T17:18:02.785639+00:00,1219,cryptosignalsworldfree_10
1636690,10583,"🪙#FLOCK/USDT

🚩POSITION — SHORT

🔒  LEVERAGE — 20X...0.06680
TP🥉: 0.06300

⛔️ SL: 0.07500

🔥REACTIONS?😜",88d727b30a7eda6dc0991bae99451f44,2026-09-25T16:43:34+00:00,2026-09-25T17:18:02.773789+00:00,1219,cryptosignalsworldfree_10
1636683,10574,"👑 #TAKE/USDT — TRADE SHORT

LEVERAGE 25X TO 50X

✅...

⛔️ STOP LOSS: 0.06280

⚡️ NO FEAR — JUST PROFITS",0d29b9d74357cb708d78682a2d6f491e,2026-09-25T16:43:28+00:00,2026-09-25T17:18:02.223896+00:00,1219,cryptosignalsworldfree_10
1636677,10571,"Long #ARK 50x 0.2280

Tp: 0.2330",179cd2a7191312cd47d4bd2c3e0ec1e5,2026-09-25T16:43:26+00:00,2026-09-25T17:18:01.889951+00:00,1219,cryptosignalsworldfree_10
1636678,10570,"🔰 PAIR: CRV/ USDT 💹

🟢Position: LONG🚀

☑️ Entry Zo...:
🥇 0.3486
🥈 0.3513
🥉 0.3571

❌ Stop Loss: 🔴0.3385",6b58d11a4db4ee95e585ad869d60618c,2026-09-25T16:43:25+00:00,2026-09-25T17:18:01.905584+00:00,1219,cryptosignalsworldfree_10
1636676,10569,"SOL/USDT My Long Trade Idea 💡

Leverage 100X

Entr....500

Stop Loss   116.700

Follow Money Management",db3f81acfdbee9f43af438ea856d1ce8,2026-09-25T16:43:24+00:00,2026-09-25T17:18:01.887836+00:00,1219,cryptosignalsworldfree_10
1636673,10565,"⭐ QNT /USDT — LONG

💵 ENTRY:101.40-98.00

⚙️ LEVER...o

📌 Follow the setup and manage your risk wisely.",823ad107bd9e90c65fe8c8e4388e3786,2026-09-25T16:43:23+00:00,2026-09-25T17:18:01.484778+00:00,1219,cryptosignalsworldfree_10
1639418,10698,"⌛#ONE/USDT  ( LONG )

🍁 Leverage 👉 20X to 25X 

⛩️...85 | 0.0025396 | 0.0025687

🔕 Stoploss = 0.0023523",096d2c3b7b569eacedd4d411f255b4ea,2026-09-25T18:45:01+00:00,2026-09-25T19:17:54.551987+00:00,1219,cryptosignalsworldfree_10
1639402,10678,"🌈PAIR:- #PHA/USDT
⚡️ Direction : LONG
🛠 Leverage: ...nt Usage:- 1 - 2%
(According To your Risk Setting)",ab99af2d79a0748ad898f11e3e9c4a91,2026-09-25T18:17:12+00:00,2026-09-25T19:17:52.751976+00:00,1219,cryptosignalsworldfree_10
1639400,10676,"🔴 SHORT $WLD/USDT | Cross 50X

✅ Entry: MARKET PRICE 

🎯 TP: 0.4029

🛑 SL: 0.4802",6d1d6ce0ab19eba6017fdd3f314afa07,2026-09-25T18:17:12+00:00,2026-09-25T19:17:52.741360+00:00,1219,cryptosignalsworldfree_10
1639399,10677,"SPKUSDTUSDT  
Exchanges: BINGX 

🟢 Long
Leverage- ...5.25
5) 3537.27
6) 3820.25
7) 🚀🚀🚀 

⛔️ SL:
2450.00",4bc26cc3a8c6760e1632a83f11de24d1,2026-09-25T18:17:12+00:00,2026-09-25T19:17:52.734526+00:00,1219,cryptosignalsworldfree_10
1639398,10675,"🔴 SHORT $SEI/USDT | Cross 50X

✅ Entry: MARKET PRICE 

🎯 TP: 0.05748

🛑 SL: 0.07343",b33302bbf566345b07be9d727f550df1,2026-09-25T18:17:12+00:00,2026-09-25T19:17:52.732811+00:00,1219,cryptosignalsworldfree_10
1641614,10702,"🔴 SHORT

#RLC/USDT

Entry : 

1) 0.3674
2) 0.3784
...0.3419

🛑 Stop : 0.3905

Leverage : 10x (isolated)",496c103a24f2d1d36bb895d44e1f08d1,2026-09-25T20:36:12+00:00,2026-09-25T21:09:55.752295+00:00,1219,cryptosignalsworldfree_10
1643107,10705,"Long #PHA 50x 0.08730

Tp: 0.08900",80146bafd50b8371f7a1eee5dc83ef8b,2026-09-25T21:14:49+00:00,2026-09-25T23:09:36.424301+00:00,1219,cryptosignalsworldfree_10
1643106,10704,"↗️ LONG #PHA 50x

📌 Entry: 0.08500

🎯 TP: 0.08750
...t Usage: 1-3%
⚠️ According to your risk management",483f29931ef3b27d174d94720e6c8682,2026-09-25T21:14:49+00:00,2026-09-25T23:09:36.423517+00:00,1219,cryptosignalsworldfree_10
1649067,10795,"💵 𝐒𝐈𝐆𝐍𝐀𝐋 𝐀𝐋𝐄𝐑𝐓 💵

#BTW/USDT (25xSHORT)

✅ ENTRY:0.....9650

TARGETS:- 0.90/0.83/0.75

❌ STOP LOSS: 1.13",c79311a2203b2b2e7a747068f1570c17,2026-09-26T06:30:56+00:00,2026-09-26T06:31:25.675723+00:00,1219,cryptosignalsworldfree_10
1649066,10794,"📍Coin : #VELODROME/USDT

🟢 LONG 

👉 Entry: 0.03880...: 0.04080
🎯 Target 6: 0.04122

❌ StopLoss: 0.03650",a834e796e0d24ef8fa73bf591f08247f,2026-09-26T06:30:56+00:00,2026-09-26T06:31:25.656749+00:00,1219,cryptosignalsworldfree_10
1649065,10793,"⚡ #MARSCOIN/USDT

📤 Long 

💹 Buy: 0.1169 - 0.1147
...228 - 0.1240

🧨 StopLoss: 0.1115 

🔘 Leverage: 20x",7251dea0f79e1ee20d8469f27edcea37,2026-09-26T06:30:56+00:00,2026-09-26T06:31:25.645666+00:00,1219,cryptosignalsworldfree_10
1649064,10792,"#ENA/USDT LONG   

👉Leverage : Cross 10× To 30×

E...1)  0.281
2)  0.290
3)  0.302

⭕Stop Loss : 0.2596",55c003823d8197ece8f8a453850b03cd,2026-09-26T06:30:55+00:00,2026-09-26T06:31:25.630385+00:00,1219,cryptosignalsworldfree_10
1649062,10790,"❖ ARK/USDT

❖ SHORT [ 10×20 ]

➤ Entry Zone:- 0.28... TP2: 0.2650
▪️ TP3: 0.2500

➤ Stop Loss :- 0.3000",dce1cfa9c026f18270551eb8d2ec8f50,2026-09-26T06:29:42+00:00,2026-09-26T06:31:25.266460+00:00,1219,cryptosignalsworldfree_10
1649061,10789,"🚀 $ARK/USDT PERP 🚀

🟢 LONG

💰 Entry : 0.270$ – 0.2... 5X – 25X

⛔️ SL : 0.200$

📌 Use Only 2-5% Capital",88e32b431bf6189959b927061539afa1,2026-09-26T06:29:42+00:00,2026-09-26T06:31:25.243560+00:00,1219,cryptosignalsworldfree_10
1649059,10784,"🪙 Coin: #ENA/USDT
🧭 Type: #LONG

📈 Entry Zone:
0.2... within the zone and maintain strict risk control.",3790defd577fb6a72e585b70bffd61bc,2026-09-26T06:29:35+00:00,2026-09-26T06:31:25.214508+00:00,1219,cryptosignalsworldfree_10
1649058,10783,"#LONG 🟢🔤🔤🔤🔤🔤

#DOT/USDT

Margin Mode : Isolated 💎
...8

🟥 SL : 1.1709 - 100%   

📊 LEV : 20X

🇯🇵Premium",f19194a9e6340b568c77f98fa4ca1a47,2026-09-26T06:29:34+00:00,2026-09-26T06:31:24.957895+00:00,1219,cryptosignalsworldfree_10
1649057,10782,"Coin #PHA/USDT

Position: LONG 

Leverage:  Cross ...rgets: 🎯 0.0875, 0.0928, 0.1000

Stop Loss: 0.0775",3864eafafefddb6d215c228cbfed7073,2026-09-26T06:29:34+00:00,2026-09-26T06:31:24.924074+00:00,1219,cryptosignalsworldfree_10
1649056,10781,"📊 SAGA/USDT — LONG

📍 ENTRY: 0.045

🎯 TARGET 1: 0....Manage your risk & trade responsibly.

🔥 LET’S GO!",aaab98880c52908505562580d9a82b14,2026-09-26T06:29:34+00:00,2026-09-26T06:31:24.893881+00:00,1219,cryptosignalsworldfree_10
1649055,10780,"📈 AERO/USDT 📈

🟢 LONG SETUP

💰 Entry Zone: 0.88 – ...et 1. 
✅ Move SL to breakeven after Target 1 hits.",3628ca9f9bac350e68b2fbc31e50eba3,2026-09-26T06:29:34+00:00,2026-09-26T06:31:24.632174+00:00,1219,cryptosignalsworldfree_10
1649054,10778,"🔴 SHORT $PUMPFUN/USDT | Cross 50X

✅ Entry: MARKET PRICE 

🎯 TP: 0.003894

🛑 SL: 0.004764",6ca314f74d5189b41bd16529095cea63,2026-09-26T06:29:32+00:00,2026-09-26T06:31:24.627300+00:00,1219,cryptosignalsworldfree_10
1649052,10777,"🔴 SHORT $LINK/USDT | Cross 50X

✅ Entry: MARKET PRICE 

🎯 TP: 12.153

🛑 SL: 14.797",24a6ebaa12d9d89f1d67320ceb0d7a52,2026-09-26T06:29:32+00:00,2026-09-26T06:31:24.541689+00:00,1219,cryptosignalsworldfree_10
1649051,10776,"💫 Pair: BTC/USDT  💫

 🔽 Direction: Short 🔽

✅ Leve... Profit: 80800.00 📉

⚠️ Stop Loss: 85100.00 ⚠️

📉📉",d6610aa4a1a1784602050c173ac361a7,2026-09-26T06:29:32+00:00,2026-09-26T06:31:24.499975+00:00,1219,cryptosignalsworldfree_10
1649050,10775,"🟢 Long

#KAVA/USDT

Entry : 

1) 0.067920
2) 0.065...2566

🛑 Stop : 0.063641

Leverage : 10x (isolated)",af0803548ac3e2fa6dfa59c277ff3cbf,2026-09-26T06:29:31+00:00,2026-09-26T06:31:24.486408+00:00,1219,cryptosignalsworldfree_10
1649049,10774,"🐳 JTO/USDT #LONG🐳

✳️ ENTRY :- 0.58 - 0.55

💢 LEVE...3 : 0.70

⛔️ STOP-LOSS :- 0.52

☝️ Margin Use 2–3%",6d934330b6bf0b589bf52d907d584004,2026-09-26T06:29:31+00:00,2026-09-26T06:31:24.211048+00:00,1219,cryptosignalsworldfree_10
1649048,10773,"🚀 #CCUSDT LONG SIGNAL 🚀

⚡️ LEVERAGE 50X–75X
📌 ENT...h this move together!

🔓 Trade Smart • Trade Safe.",5be16c8d13f775a3ac89d8d62e04b5b9,2026-09-26T06:29:31+00:00,2026-09-26T06:31:24.209928+00:00,1219,cryptosignalsworldfree_10
1649047,10772,"$SENT/USDT #LONG📩

✅ENTRY :-0.02420/0.02340

Targe...𝐎𝐧𝐥𝐲 𝟏-𝟑% 𝐎𝐟 𝐎𝐮𝐫 𝐃𝐞𝐩𝐨𝐬𝐢𝐭 𝐅𝐨𝐫 𝐄𝐚𝐜𝐡 𝐓𝐫𝐚𝐝𝐞

React,??m",f2a0bd440916dd99298c7331152c1bbc,2026-09-26T06:29:31+00:00,2026-09-26T06:31:24.147406+00:00,1219,cryptosignalsworldfree_10
1649046,10771,"📊 #AERO/USDT

🟢 POSITION: LONG

💰 ENTRY RANGE
➤ 0....
➤ 0.790

━━━━━━━━━━━━━━━━━━

✅ Manage risk wisely",8bf277dbccccb25908e72e9f63a73bd4,2026-09-26T06:29:30+00:00,2026-09-26T06:31:24.118304+00:00,1219,cryptosignalsworldfree_10
1649045,10770,"✅ Long

#XTZ/USDT

Entry zone : 0.313407 - 0.32310...53632
0.363277

Stop loss :0.300483

Leverage: 10x",32117acb5540ac336237820129479d10,2026-09-26T06:29:30+00:00,2026-09-26T06:31:23.867283+00:00,1219,cryptosignalsworldfree_10
1649044,10769,"📊#ENA/USDT–LONG–10x - 30x 🚀

📍 𝐄𝐧𝐭𝐫𝐲 𝐙𝐨𝐧𝐞:

➥ 0.27...tal.

⚠️ Disclaimer:
Trade at your own risk. DYOR.",dd44169bc5b6ea7dd19e014d21730409,2026-09-26T06:29:30+00:00,2026-09-26T06:31:23.821544+00:00,1219,cryptosignalsworldfree_10
1649043,10768,"⚡️⚡️ #TWT/USDT ⚡️⚡️
Exchanges: Bingx 
Signal Type:...
5) 0.62498
6) 0.63382
7) 🚀🚀🚀

Stop Targets:
5-10%",2030d0f8eb701dc7754e49ec0b1c8eb3,2026-09-26T06:29:30+00:00,2026-09-26T06:31:23.809042+00:00,1219,cryptosignalsworldfree_10
1649041,10766,"⚡️⚡️ #QTUM/USDT ⚡️⚡️
Exchanges: Bingx 
Signal Type...
5) 1.10081
6) 1.11639
7) 🚀🚀🚀

Stop Targets:
5-10%",7077333c9c7f579a5c50bba338e5fc19,2026-09-26T06:29:29+00:00,2026-09-26T06:31:23.755691+00:00,1219,cryptosignalsworldfree_10
1649040,10765,"⚡️⚡️ #XMR/USDT ⚡️⚡️
Exchanges: Bingx 
Signal Type:...593.25020
6) 601.64525
7) 🚀🚀🚀

Stop Targets:
5-10%",55a52f55f2dd4d7f78465434136de809,2026-09-26T06:29:29+00:00,2026-09-26T06:31:23.488549+00:00,1219,cryptosignalsworldfree_10
1649039,10763,"BTCUSDTUSDT  
Exchanges: BINGX 

🟢 Short
Leverage-...5
5) 72605.43
6) 66797.00
7) 🚀🚀🚀 

⛔️ SL:
87966.98",c18881f13adce21f12704e33a64a903c,2026-09-26T06:29:28+00:00,2026-09-26T06:31:23.386652+00:00,1219,cryptosignalsworldfree_10
1649037,10761,"#POWERUSDT — BUY (LONG) 
🎉
🟢 Leverage: Cross  25x
...️Stop Loss: 0.1080

⬇️ Risk Management:

 REACTION",e571e22f4c34b591e9a8320166c0c3c2,2026-09-26T06:29:28+00:00,2026-09-26T06:31:23.359185+00:00,1219,cryptosignalsworldfree_10
1649036,10762,"#SPK /USDT

📈Signal: Long Leverage: Cross 20X

⚡️E...even after TP1 is hit.

📣Trade Smart • Follow Risk",70b2ba69039dd6db330bab23a30e2bb7,2026-09-26T06:29:28+00:00,2026-09-26T06:31:23.355719+00:00,1219,cryptosignalsworldfree_10
1649035,10760,"📊#SKY/USDT — LONG

⚡️ Leverage : 10X – 30X

💹Entry...Entry After TP1

⚖️ Follow Proper Risk Management.",348210fd46c4bc79f4049bd9cc48a2e9,2026-09-26T06:29:28+00:00,2026-09-26T06:31:23.104266+00:00,1219,cryptosignalsworldfree_10
1651857,10851,"📉 SHORT #RARE/USDT 

🚀 LEVERAGE : 50x

📊 ENTRY PRI...TP🟢0.0200

TP🟢0.0185

STOPLOSS 🔴0.0230

REACTIONS?",15b0078499e4b394f74c13cdd8ffe274,2026-09-26T08:00:14+00:00,2026-09-26T08:32:18.515824+00:00,1219,cryptosignalsworldfree_10
1651819,10807,"📊 Let’s LONG #RARE/USDT

💥 Leverage:  Cross 20×  -...) 0.0231
2) 0.0248
3) 0.0260

🔖 Stop Loss: 0.02070",85a5577291f19b9c5d6bbdb1f01408ac,2026-09-26T07:40:36+00:00,2026-09-26T08:32:15.486685+00:00,1219,cryptosignalsworldfree_10
1651816,10804,"🪙#AKE/USDT

🚩POSITION — LONG

🔒  LEVERAGE — 20X75
...38300
TP🥉: 0.040500

⛔️ SL: 0.030000

🔥REACTIONS?😜",f72d6ead53be83df21964da671f14291,2026-09-26T07:36:15+00:00,2026-09-26T08:32:15.404786+00:00,1219,cryptosignalsworldfree_10
1651815,10803,"📈 LONG #RARE/USDT 

🚀 LEVERAGE : 50x

📊 ENTRY PRIC...TP🟢0.0225

TP🟢0.0240

STOPLOSS 🔴0.0195

REACTIONS?",e34065d9d894ff42424583c389fa3716,2026-09-26T06:57:12+00:00,2026-09-26T08:32:15.400771+00:00,1219,cryptosignalsworldfree_10
1651814,10802,"📈 LONG #ARK/USDT 

🚀 LEVERAGE : 20x

📊 ENTRY PRICE...2

TP🟢0.302

TP🟢0.320

STOPLOSS 🔴0.272

REACTIONS?",8141dadf4480fb5bb5766d29c136444d,2026-09-26T06:57:11+00:00,2026-09-26T08:32:15.116407+00:00,1219,cryptosignalsworldfree_10
1651810,10799,"Coin #RARE/USDT

Position: LONG 

Leverage:  Cross...rgets: 🎯 0.0201, 0.0212, 0.0230

Stop Loss: 0.0179",fe50c321679451bc98836c6777e3beb9,2026-09-26T06:57:11+00:00,2026-09-26T08:32:14.794975+00:00,1219,cryptosignalsworldfree_10
1656825,10868,"✅ Long

Pair: #XRP/USDT

📊 Entry Price: 

1) 1.539...30
4) 1.6452

Stop Loss: 1.4428

Leverage: 10x-20x",dc43fcb0647278390285f5c8df9a271e,2026-09-26T10:00:15+00:00,2026-09-26T10:56:28.071505+00:00,1219,cryptosignalsworldfree_10
1656824,10867,"#RESOLV/USDT LONG   

👉Leverage : Cross 10× To 30×... 0.0214
2)  0.0220
3)  0.0240

⭕Stop Loss : 0.0198",82765afc72908949bde112ec3d9c78b4,2026-09-26T10:00:14+00:00,2026-09-26T10:56:28.046769+00:00,1219,cryptosignalsworldfree_10
1656823,10866,"📊 Let’s LONG #TNSR/USDT

💥 Leverage:  Cross 20×  -...0.04535
2) 0.04600
3) 0.04699

🔖 Stop Loss: 0.0415",44b1bc2bc17987e0973d564966089692,2026-09-26T10:00:14+00:00,2026-09-26T10:56:27.935537+00:00,1219,cryptosignalsworldfree_10
1656822,10865,"👑 #RESOLV/USDT — TRADE LONG

LEVERAGE 25X TO 50X

...

⛔️ STOP LOSS: 0.01980

⚡️ NO FEAR — JUST PROFITS",9642eef34df8671b9c8669f5c83ca24e,2026-09-26T10:00:14+00:00,2026-09-26T10:56:27.934005+00:00,1219,cryptosignalsworldfree_10
1656821,10864,"📊 Let’s LONG #2Z/USDT

💥 Leverage:  Cross 20×  - 
...1) 0.0744
2) 0.0769
3) 0.0840

🔖 Stop Loss: 0.0537",4b52d746cc48a2dcf0333ba84569f193,2026-09-26T10:00:12+00:00,2026-09-26T10:56:27.784903+00:00,1219,cryptosignalsworldfree_10
1656820,10863,"$BATUSDT

LONG

RR : 2

LEVERAGE : 20x

ENTRY : 0....0

TAKE PROFITS 👇

1️⃣ 0.09777

STOPLOSS : 0.09067",6c6a55cf1f479c6918d887e795967965,2026-09-26T10:00:11+00:00,2026-09-26T10:56:27.761331+00:00,1219,cryptosignalsworldfree_10
1656819,10862,"#2Z/ USDT — BUY (LONG) 
Leverage: Cross 25x – 50x
...T IS KEY
👉 Use ONLY 2 – 3% of your total portfolio",3a8afb9988f8b4be86a082fe11d0c50c,2026-09-26T10:00:11+00:00,2026-09-26T10:56:27.723473+00:00,1219,cryptosignalsworldfree_10
1656815,10861,"#REZ/USDT LONG   

👉Leverage : Cross 10× To 30×

E...0458
2)  0.00470
3)  0.00482

⭕Stop Loss : 0.00420",11802a6d8a16315f69fb79dd1104206a,2026-09-26T10:00:11+00:00,2026-09-26T10:56:27.550754+00:00,1219,cryptosignalsworldfree_10
1656818,10858,"#MUBARAK/USDT

📈Signal: Long Leverage: Cross 20X

...even after TP1 is hit.

📣Trade Smart • Follow Risk",06b493c7dbade071a8330a5bfa8a2a5e,2026-09-26T10:00:10+00:00,2026-09-26T10:56:27.575141+00:00,1219,cryptosignalsworldfree_10
1656817,10860,"⭐️#RARE/USDT  SHORT

🛡Leverage : Cross 25x50

‼️En....02413

Use only 3% - 5% amount of your portfolio🛍",06e260bbf67bb6492b33ae4b08212668,2026-09-26T10:00:10+00:00,2026-09-26T10:56:27.571675+00:00,1219,cryptosignalsworldfree_10
1656814,10857,"📈 LONG #ENA/USDT 

🚀 LEVERAGE : 75x

📊 ENTRY PRICE...2

TP🟢0.290

TP🟢0.305

STOPLOSS 🔴0.260

REACTIONS?",4a0c2086705b268c65363986ae28e539,2026-09-26T10:00:09+00:00,2026-09-26T10:56:27.457310+00:00,1219,cryptosignalsworldfree_10
1656805,10856,"🚀 #RUNEUSDT LONG SIGNAL 🚀

⚡️ LEVERAGE 50X–75X
📌 E...h this move together!

🔓 Trade Smart • Trade Safe.",2df08f93a26b280e73e2fbed5c8af43e,2026-09-26T10:00:09+00:00,2026-09-26T10:56:27.136821+00:00,1219,cryptosignalsworldfree_10
1656804,10855,"📉 SHORT #PHA/USDT 

🚀 LEVERAGE : 50x

📊 ENTRY PRIC...TP🟢0.0720

TP🟢0.0690

STOPLOSS 🔴0.0810

REACTIONS?",6fd85780bb279d25680f6cd91862ed89,2026-09-26T10:00:09+00:00,2026-09-26T10:56:27.121806+00:00,1219,cryptosignalsworldfree_10
1656808,10853,"Pair: #TAO/USDT

Short • (20X)

Entry
313.65

Targ...t your own risk. Always use proper risk management",5812dafd0a79fde67ffd458bae5ddc35,2026-09-26T10:00:08+00:00,2026-09-26T10:56:27.150203+00:00,1219,cryptosignalsworldfree_10
1656806,10854,"📈 LONG #2Z/USDT 

🚀 LEVERAGE : 50x

📊 ENTRY PRICE ...TP🟢0.0780

TP🟢0.0820

STOPLOSS 🔴0.0695

REACTIONS?",ed91d37928075a49915a3cedb84a559c,2026-09-26T10:00:08+00:00,2026-09-26T10:56:27.138149+00:00,1219,cryptosignalsworldfree_10
1656807,10852,"🚀 #RUNEUSDT LONG SIGNAL 🚀

⚡️ LEVERAGE 50X–75X
📌 E...h this move together!

🔓 Trade Smart • Trade Safe.",2df08f93a26b280e73e2fbed5c8af43e,2026-09-26T09:59:50+00:00,2026-09-26T10:56:27.140865+00:00,1219,cryptosignalsworldfree_10
1660429,10884,"✨NEAR/USDT

🎗 Trade Type = LONG 🟢

💫 Leverage :- 2...fit = [ 4.964, 5.019, 5.064, 5.121, 5.164, 5.231 ]",4d1e133e1f45df0999bc66683ef6abd7,2026-09-26T11:10:15+00:00,2026-09-26T13:11:09.749584+00:00,1219,cryptosignalsworldfree_10
1660428,10883,"⭐️#US/USDT  LONG 

🛡Leverage : Cross 25x50

‼️Entr...021720

Use only 3% - 5% amount of your portfolio🛍",50059e11ab8f8acacef57877a84498ec,2026-09-26T11:10:15+00:00,2026-09-26T13:11:09.217599+00:00,1219,cryptosignalsworldfree_10
1660426,10881,"↗️ LONG #PHA 50x

📌 Entry: 0.08050

🎯 TP: 0.08300
...t Usage: 1-3%
⚠️ According to your risk management",820698c780aab2184877aec464a6d420,2026-09-26T11:10:14+00:00,2026-09-26T13:11:09.117726+00:00,1219,cryptosignalsworldfree_10
1660425,10880,"🚀 #CLOUSDT LONG SIGNAL 🚀

⚡️ LEVERAGE 50X–75X
📌 EN...h this move together!

🔓 Trade Smart • Trade Safe.",16599bc2fa0c1230269e8b3fc0e7bbea,2026-09-26T11:10:14+00:00,2026-09-26T13:11:09.075649+00:00,1219,cryptosignalsworldfree_10
1660423,10878,"🔰 PAIR: RUNE/ USDT 💹

🟢Position: LONG🚀

☑️ Entry Z...gets:
🥇 0.709
🥈 0.715
🥉 0.725

❌ Stop Loss: 🔴0.686",cbbc096151058a2aec259b608aba8e37,2026-09-26T11:10:13+00:00,2026-09-26T13:11:08.485845+00:00,1219,cryptosignalsworldfree_10
1660422,10877,"✅Entry  -0.1210-0.1200

(🆘LONG XPLUSDT 5-20x🆘)

🏹 ...5  $0.1266
🏹Target 6  $0.1278

🚫Stop loss -0.11653",908c5e5778092a8540b99fe3645c866b,2026-09-26T11:10:12+00:00,2026-09-26T13:11:08.420764+00:00,1219,cryptosignalsworldfree_10
1660421,10876,LONG XPL 0.12106,0e08f663ad8a54171dbde4e1ea187c99,2026-09-26T11:10:12+00:00,2026-09-26T13:11:08.401546+00:00,1219,cryptosignalsworldfree_10
1660420,10874,"#SOMIUSDT — BUY (LONG) 
🎉
🟢 Leverage: Cross  25x

...️Stop Loss: 0.2018

⬇️ Risk Management:

 REACTION",5282876bd3ce1bf175e3999d1c8622aa,2026-09-26T11:10:11+00:00,2026-09-26T13:11:08.384320+00:00,1219,cryptosignalsworldfree_10
1660416,10873,"📊 Let’s SHORT #ARK/USDT

💥 Leverage:  Cross 20×  -...
1) 0.2657
2) 0.2575
3) 0.2478

🔖 Stop Loss: 0.289",0deeadefa40b652bb6e7689633194094,2026-09-26T11:10:11+00:00,2026-09-26T13:11:07.606121+00:00,1219,cryptosignalsworldfree_10
1660418,10872,"#RARE        /USDT (SHORT) 🔽🔽

⌛LEVERAGE : 20X TO ...55

💥Use only 1%margin of your total portfolio❤️😘😇",0677958a5e2a077c4b250e8c5a0fdfb3,2026-09-26T11:10:10+00:00,2026-09-26T13:11:07.632174+00:00,1219,cryptosignalsworldfree_10
1660415,10870,"⭐ ENA /USDT — LONG

💵 ENTRY:0.27700-0.25000

⚙️ LE...o

📌 Follow the setup and manage your risk wisely.",29b6327690be1e253d287d19bdb5ad3e,2026-09-26T11:10:10+00:00,2026-09-26T13:11:07.588705+00:00,1219,cryptosignalsworldfree_10
1660414,10869,"🚀 LONG: $MUBARAK/USDT
LEVERAGE: 50x

✔️ENTRY PRICE...-0.05900-0.06200

STOP LOSS:  0.05230


REACTIONS?",9c7483c57a5224c47c6987d40f4498ff,2026-09-26T11:10:09+00:00,2026-09-26T13:11:07.577780+00:00,1219,cryptosignalsworldfree_10
1671057,10987,"🟢 Long

#QTUM/USDT

Entry : 

1) 1.036900
2) 1.005...7839

🛑 Stop : 0.971575

Leverage : 10x (isolated)",dff30cfe93ec1cf65714d251f89c2302,2026-09-26T18:54:33+00:00,2026-09-26T19:21:59.295363+00:00,1219,cryptosignalsworldfree_10
1671056,10988,"✅ Long

#VET/USDT

Entry zone : 0.009179 - 0.00946...357
0.010639

Stop loss :0.00880059

Leverage: 10x",ed3e9b535ab5158ea34b21ee1e5ef573,2026-09-26T18:54:33+00:00,2026-09-26T19:21:59.294172+00:00,1219,cryptosignalsworldfree_10
1671049,10982,"🚨 #ATOM/USDT | LONG

⚡Leverage: Cross 20x

🎯Entry ... follow the signal and secure profits at targets.💎",f591f353687ba9b396e05cef1e6f7267,2026-09-26T18:11:14+00:00,2026-09-26T19:21:48.198529+00:00,1219,cryptosignalsworldfree_10
1671048,10981,"⚡️⚡️#NEAR/USDT⚡️⚡️

Signal Type : Short
Leverage :....911
2) 4.729
3) 4.559
4) 4.464

Stop Loss : 5.223",9e3f24d687a5fb0b0e90ba62ddf833c6,2026-09-26T18:11:14+00:00,2026-09-26T19:21:48.165523+00:00,1219,cryptosignalsworldfree_10
1671045,10978,"$FLOW Again Buying Setup

Entry: CMP 
TP: 0.0380
S... very confident on this setup. It should work fine",332e8c68220579140bc45ec10e5edf89,2026-09-26T18:11:12+00:00,2026-09-26T19:21:48.052351+00:00,1219,cryptosignalsworldfree_10
1671044,10977,"#LINK USDT — BUY (LONG) 
🎉
🟢 Leverage: Cross  30x
...️Stop Loss: 12.500

⬇️ Risk Management:

 REACTION",bd2ac5e3405eb57ffac89220bd2d260f,2026-09-26T18:11:12+00:00,2026-09-26T19:21:47.449217+00:00,1219,cryptosignalsworldfree_10
1671043,10976,"🪙#DOT/USDT

🚩POSITION — LONG

🔒  LEVERAGE — 20X75
...🥈: 1.2750
TP🥉: 1.3200

⛔️ SL: 1.1500

🔥REACTIONS?😜",a522c53198f4fa528b18e980bcf76e1e,2026-09-26T18:11:11+00:00,2026-09-26T19:21:47.410490+00:00,1219,cryptosignalsworldfree_10
1671042,10975,"#DOT/USDT LONG NOW 📈
🏠ENTRY: ( 1.2313 )",834973da52c21f2af1a8996f2fa6bbd7,2026-09-26T18:11:11+00:00,2026-09-26T19:21:47.405783+00:00,1219,cryptosignalsworldfree_10
1671041,10974,"🔴 Short

Pair: #ZIL/USDT

📊 Entry Price: 

1) 0.00...0.0036180

Stop Loss: 0.0041318

Leverage: 10x-20x",6c9b52872419ab45479acbc6896ad2f6,2026-09-26T18:11:11+00:00,2026-09-26T19:21:47.344971+00:00,1219,cryptosignalsworldfree_10
1671039,10972,"🔴 SHORT

#ALGO/USDT

Entry zone : 0.125175 - 0.121...9923
0.106259

Stop loss :0.1300371

Leverage: 10x",38292f2cbdce0939d227e92003718286,2026-09-26T18:11:10+00:00,2026-09-26T19:21:46.746910+00:00,1219,cryptosignalsworldfree_10
1671038,10971,"#QNT/ USDT — BUY (LONG) 
Leverage: Cross 25x – 50x...T IS KEY
👉 Use ONLY 2 – 3% of your total portfolio",9fabb35c8761240a03072c19df055071,2026-09-26T18:11:09+00:00,2026-09-26T19:21:46.724751+00:00,1219,cryptosignalsworldfree_10
1671037,10970,"👑 #RARE /USDT — TRADE LONG

LEVERAGE 25X TO 50X

✔...

⛔️ STOP LOSS: 0.02130

⚡️ NO FEAR — JUST PROFITS",9e47c19be91fba8bd4b4499422a356fd,2026-09-26T18:11:09+00:00,2026-09-26T19:21:46.713939+00:00,1219,cryptosignalsworldfree_10
1671019,10949,"🔴SHORT  #ETHUSDT

🔶 Entry : 2700.00 - 2702.00

➡️ ...Profit Targets :

👉 2670.00

🛑 Stop Loss : 2734.00",f321a243f08b9c54166cf62a15f03213,2026-09-26T18:10:51+00:00,2026-09-26T19:21:44.022173+00:00,1219,cryptosignalsworldfree_10
1671018,10948,"👑 #HUMA/USDT — TRADE LONG

LEVERAGE 25X TO 50X

✔️...

⛔️ STOP LOSS: 0.02770

⚡️ NO FEAR — JUST PROFITS",8c3d71c2265d70ea31ac492b89e9dce7,2026-09-26T18:10:50+00:00,2026-09-26T19:21:44.006264+00:00,1219,cryptosignalsworldfree_10
1671015,10945,"📊 SPOT SIGNAL

#BR/USDT ☑️

Signal Type: SPOT BUY ...isk properly and avoid overexposure.

Cryptotegic™",d9162e8b6e09d208c73b79f4373295ea,2026-09-26T18:10:48+00:00,2026-09-26T19:21:43.388459+00:00,1219,cryptosignalsworldfree_10
1671014,10944,"SHIBUSDTUSDT  
Exchanges: BINGX 

🟢 Long
Leverage-... 6.00
4) 6.00
5) 6.48
6) 7.00
7) 🚀🚀🚀 

⛔️ SL:
5.63",da50a99ebb905483b508d77e9dc7e4a8,2026-09-26T18:10:48+00:00,2026-09-26T19:21:43.355391+00:00,1219,cryptosignalsworldfree_10
1671013,10943,"✨BCH/USDT

🎗 Trade Type = SHORT 🔴

⭐️ Leverage :- ...[ 329.79, 326.25, 322.69, 319.14, 315.86, 312.52 ]",17c684dd498453c91dff1322ee7b0978,2026-09-26T18:10:47+00:00,2026-09-26T19:21:43.353408+00:00,1219,cryptosignalsworldfree_10
1671012,10942,"🚀 #BEATUSDT LONG SIGNAL 🚀

⚡️ LEVERAGE 50X–75X
📌 E...h this move together!

🔓 Trade Smart • Trade Safe.",7ea207b7002849007bc122406a8a809c,2026-09-26T18:10:47+00:00,2026-09-26T19:21:42.675122+00:00,1219,cryptosignalsworldfree_10
1671002,10925,"💹#HEI/USDT — LONG SETUP

HEI is compressing inside... next expansion move.

Invalidation below $0.1347.",582902e413411f99821a51153ad2832c,2026-09-26T18:10:37+00:00,2026-09-26T19:21:41.254581+00:00,1219,cryptosignalsworldfree_10
1671001,10923,"⭐ RARE /USDT — LONG

💵 ENTRY:0.023500-0.022300

⚙️...o

📌 Follow the setup and manage your risk wisely.",c22b1e9db00c231b93283247f694b6db,2026-09-26T18:10:36+00:00,2026-09-26T19:21:41.213817+00:00,1219,cryptosignalsworldfree_10
1671000,10924,"🌈PAIR:- #US/USDT
⚡️ Direction : LONG
🛠 Leverage: C...nt Usage:- 1 - 2%
(According To your Risk Setting)",3ce9f817829d582dc422bf5267b0f3e0,2026-09-26T18:10:36+00:00,2026-09-26T19:21:41.192252+00:00,1219,cryptosignalsworldfree_10
1670999,10922,"#RARE/ USDT — BUY (LONG) 
Leverage: Cross 25x – 50...T IS KEY
👉 Use ONLY 2 – 3% of your total portfolio",e9edeeb655b3f1b8dbbc7e831e4ef91f,2026-09-26T18:10:35+00:00,2026-09-26T19:21:41.184385+00:00,1219,cryptosignalsworldfree_10
1670996,10919,"#SHORT 🔴 🔤🔤🔤🔤🔤

#BCH/USDT 

Margin Mode : Isolated...00.6

🟩 SL : 347.2 - 100%

📊 LEV : 20X

🇯🇵 Premium",d1f5521e22d3b4ed7c826bf9d48caf40,2026-09-26T18:10:34+00:00,2026-09-26T19:21:39.899863+00:00,1219,cryptosignalsworldfree_10
1670995,10918,"👑My Coin: $Q/USDT
👀Looking for SHORT

🌟0.037053 Wi...I Will Set: 0.038476
°°°°°°°°°°°°°° As my stoploss",309d27c0deb52f145565a86f3af151d9,2026-09-26T18:10:33+00:00,2026-09-26T19:21:39.894989+00:00,1219,cryptosignalsworldfree_10
1670994,10917,"⭐ Q /USDT — LONG

💵 ENTRY:0.022500-0.020000

⚙️ LE...o

📌 Follow the setup and manage your risk wisely.",790bdc7dfcad77335ac2b992d5735cc5,2026-09-26T18:10:33+00:00,2026-09-26T19:21:39.883496+00:00,1219,cryptosignalsworldfree_10
1670993,10916,"⭐️#PHA/USDT  LONG

🛡Leverage : Cross 25x50

‼️Entr....07487

Use only 3% - 5% amount of your portfolio🛍",4bfff4251edd21519d2ea242ad262724,2026-09-26T18:10:32+00:00,2026-09-26T19:21:39.840164+00:00,1219,cryptosignalsworldfree_10
1670990,10914,"🪙#HUMA/USDT

🚩POSITION — LONG

🔒  LEVERAGE — 20X75...0.02960
TP🥉: 0.03100

⛔️ SL: 0.02400

🔥REACTIONS?😜",bd0dda267ca6fcc6db8c8a9afa01cc35,2026-09-26T18:10:31+00:00,2026-09-26T19:21:39.141434+00:00,1219,cryptosignalsworldfree_10
1670991,10913,"#HUMA/USDT LONG NOW 📈
🏠ENTRY: ( 0.02819 )",68d357a332d9ec98ca442023dccdc74c,2026-09-26T18:10:30+00:00,2026-09-26T19:21:39.719095+00:00,1219,cryptosignalsworldfree_10
1670989,10912,"💰#LINK / USDT👑

💎Setup Type: Strong LONG 🔖Opportun...

🥉TP ➝ 16.000

4️⃣TP ➝ 20.000

🚫Stop Loss: 12.000",da71edde5d2a348a9e5e1b976f6f41e7,2026-09-26T18:10:30+00:00,2026-09-26T19:21:39.125902+00:00,1219,cryptosignalsworldfree_10
1670988,10911,"🔴 SHORT

#BAND/USDT

Entry : 

1) 0.2282
2) 0.2350...0.2124

🛑 Stop : 0.2425

Leverage : 10x (isolated)",b0f3ff3dce749c59e3063dcedbc30b9c,2026-09-26T18:10:29+00:00,2026-09-26T19:21:39.118397+00:00,1219,cryptosignalsworldfree_10
1670987,10910,"🪙#龙虾/USDT

🚩POSITION — SHORT

🔒  LEVERAGE — 20X75
...0.09800
TP🥉: 0.09300

⛔️ SL: 0.11800

🔥REACTIONS?😜",170c273346add7b7bf0efd02eed05cfe,2026-09-26T18:10:29+00:00,2026-09-26T19:21:38.410094+00:00,1219,cryptosignalsworldfree_10
1670985,10908,"🔴 SHORT

#DASH/USDT

Entry zone : 70.53 - 68.48

T....00
61.94
59.87

Stop loss :73.2736

Leverage: 10x",5ec9a4273c53c9f425d14cc313474f60,2026-09-26T18:10:28+00:00,2026-09-26T19:21:38.368763+00:00,1219,cryptosignalsworldfree_10
1670984,10907,"🚨 #DOT/USDT | LONG

⚡Leverage: Cross 20x

🎯Entry T... follow the signal and secure profits at targets.💎",696ebd4b7783e3d9a501a583974ef527,2026-09-26T18:10:28+00:00,2026-09-26T19:21:38.333807+00:00,1219,cryptosignalsworldfree_10
1670983,10906,"🚨 #LINK/USDT | LONG

⚡Leverage: Cross 20x

🎯Entry ... follow the signal and secure profits at targets.💎",78a33c3084eed28aaa98a5094ed59cba,2026-09-26T18:10:27+00:00,2026-09-26T19:21:38.309150+00:00,1219,cryptosignalsworldfree_10
1670982,10905,"🚨 #ONDO/USDT | LONG

⚡Leverage: Cross 20x

🎯Entry ... follow the signal and secure profits at targets.💎",d50eaa381364a0a610ad4b504153e558,2026-09-26T18:10:27+00:00,2026-09-26T19:21:37.728099+00:00,1219,cryptosignalsworldfree_10
1670981,10904,"Coin #SPELL/USDT

Position: LONG 

Leverage:  Cros... 0.000113, 0.000118, 0.000125

Stop Loss: 0.000104",a7ff2c6470a237831be33a8f8dbaa67d,2026-09-26T18:10:26+00:00,2026-09-26T19:21:37.693679+00:00,1219,cryptosignalsworldfree_10
1670971,10893,"🔘 Coin : #ENA/USDT 🔘

🔴 SHORT

🔺Entry🔻: 0.27986

⭐... - 0.26853

♦️ StopLoss : 0.28826

🔱 Leverage: 25x",d584895cc22c608f1fac5848e69867ab,2026-09-26T18:09:52+00:00,2026-09-26T19:21:36.214377+00:00,1219,cryptosignalsworldfree_10
1670970,10892,"#MOODENG/USDT 🟢 LONG

📍 Entry Zone: 0.049794 – 0.0...n: LONG

⚠️ Manage your risk and trade responsibly",e20cd32a71ac0466924fdddfa180f017,2026-09-26T18:09:51+00:00,2026-09-26T19:21:36.212587+00:00,1219,cryptosignalsworldfree_10
1670969,10891,"#ARK/USDT

📈Signal: Long Leverage: Cross 20X

⚡️En...even after TP1 is hit.

📣Trade Smart • Follow Risk",a06cb31559d1709fda02a3a7be036677,2026-09-26T18:09:51+00:00,2026-09-26T19:21:36.208156+00:00,1219,cryptosignalsworldfree_10
1672514,10994,"✅ Long

Pair: #COMP/USDT

📊 Entry Price: 

1) 23.9...5.03
4) 25.53

Stop Loss: 22.39

Leverage: 10x-20x",84a2d6b746177aa64073a8467c4cbe32,2026-09-26T20:30:56+00:00,2026-09-26T21:24:35.552327+00:00,1219,cryptosignalsworldfree_10
1672510,10993,"#HNT | LONG SETUP

💰 Entry: $0.5598

🎯 Target1: $0...t4: $0.58107
🎯 Target5: $0.58891

🛡 STOP: $0.53181",03fb30bee5cd1907732a582c0fd588ca,2026-09-26T20:30:56+00:00,2026-09-26T21:24:34.555965+00:00,1219,cryptosignalsworldfree_10
1672513,10992,"💎 #Free Signal

✅ Long

Pair: #COMP/USDT

📊 Entry ...5.03
4) 25.53

Stop Loss: 22.39

Leverage: 10x-20x",6d02a724f00cb2fcf8c88c10251ec8ea,2026-09-26T20:16:41+00:00,2026-09-26T21:24:34.577844+00:00,1219,cryptosignalsworldfree_10
1676472,11022,"💫 Pair: NEAR/USDT  💫

🔼 Direction: Long 🔼

✅ Lever...📈 Take Profit: 5.440 📈

⚠️ Stop Loss: 4.450 ⚠️

📈📈",9f145e39d84c95671e8837125f7c7265,2026-09-26T21:36:05+00:00,2026-09-26T23:31:21.568185+00:00,1219,cryptosignalsworldfree_10
1682551,11127,"✅ Long

#KAVA/USDT

Entry zone : 0.065979 - 0.0680...4447
0.076478

Stop loss :0.0632586

Leverage: 10x",49a8198e555c87ca5bb354780b7dbd10,2026-09-27T06:58:49+00:00,2026-09-27T07:05:42.170779+00:00,1219,cryptosignalsworldfree_10
1682549,11128,"🌈PAIR:- #SAGA/USDT
⚡️ Direction : SHORT
🛠 Leverage...nt Usage:- 1 - 2%
(According To your Risk Setting)",87d9b28387f00c726a77ccd01c6dfa68,2026-09-27T06:58:49+00:00,2026-09-27T07:05:42.154301+00:00,1219,cryptosignalsworldfree_10
1682497,11112,"Coin #RUNE/USDT

Position: LONG 

Leverage:  Cross...rgets: 🎯 0.8000, 0.8370, 0.8890

Stop Loss: 0.7320",46a14001e3628c1315b637710670d5e8,2026-09-27T06:50:40+00:00,2026-09-27T07:05:25.201403+00:00,1219,cryptosignalsworldfree_10
1682496,11111,"#QNT/ USDT — BUY (LONG) 
Leverage: Cross 25x – 50x...T IS KEY
👉 Use ONLY 2 – 3% of your total portfolio",4c4d5057f8f9c4b934f4d6b9c12ad2cd,2026-09-27T06:50:40+00:00,2026-09-27T07:05:25.187777+00:00,1219,cryptosignalsworldfree_10
1682494,11110,"#US/USDT LONG   

👉Leverage : Cross 10× To 30×

En... 0.0320
2)  0.0331
3)  0.0350

⭕Stop Loss : 0.0295",dbc5d76ae5ec5a395009982fbd0da511,2026-09-27T06:41:54+00:00,2026-09-27T07:05:24.193119+00:00,1219,cryptosignalsworldfree_10
1682493,11109,"⚡️$Q/USDT⚡️

LONG
Leverage: 25X

Entry: 0.0433

Ta...get:

1)0.0455
2)0.0490
3)0.0530

Stoploss: 0.0343",322b07ff424fe0a4914a45e49eab0863,2026-09-27T06:41:54+00:00,2026-09-27T07:05:24.084957+00:00,1219,cryptosignalsworldfree_10
1682492,11108,"#QNT/USDT LONG   

👉Leverage : Cross 10× To 30×

E... Profit

1)  185
2)  191
3)  200

⭕Stop Loss : 170",0a4589a5020e806821b2717e88bb604b,2026-09-27T06:41:54+00:00,2026-09-27T07:05:24.052946+00:00,1219,cryptosignalsworldfree_10
1682487,11107,"Pair: #BCH/USDT

Short • (20X)

Entry
341.25 - 344...t your own risk. Always use proper risk management",1143a7f0c947b0bf7fe3f58ee694d4f9,2026-09-27T06:41:54+00:00,2026-09-27T07:05:22.882315+00:00,1219,cryptosignalsworldfree_10
1682486,11106,"#RARE/USDT

📈Signal: Long Leverage: Cross 20X

⚡️E...even after TP1 is hit.

📣Trade Smart • Follow Risk",2d3eafd7cdfab3770b4d8220a1cdda83,2026-09-27T06:05:49+00:00,2026-09-27T07:05:21.779030+00:00,1219,cryptosignalsworldfree_10
1682484,11105,"🚀 #BTWUSDT LONG SIGNAL 🚀

⚡️ LEVERAGE 50X–75X
📌 EN...h this move together!

🔓 Trade Smart • Trade Safe.",0137973e876547bbcc11e33fa9323f58,2026-09-27T06:05:49+00:00,2026-09-27T07:05:21.702689+00:00,1219,cryptosignalsworldfree_10
1682483,11104,"❖ US/USDT

❖ SHORT [ 10×20 ]

➤ Entry Zone:- 0.030... TP2: 0.0270
▪️ TP3: 0.0250

➤ Stop Loss :- 0.0325",06d8afefd0e39bb8882fd80b5aa991bf,2026-09-27T06:03:59+00:00,2026-09-27T07:05:21.637575+00:00,1219,cryptosignalsworldfree_10
1682482,11103,"⚡️⚡️ #STEEM/USDT ⚡️⚡️
Exchanges: Bingx 
Signal Typ...
5) 0.06950
6) 0.07049
7) 🚀🚀🚀

Stop Targets:
5-10%",d7dcd3c87d577e0a83ddfb59bd4de362,2026-09-27T06:03:59+00:00,2026-09-27T07:05:21.621804+00:00,1219,cryptosignalsworldfree_10
1682478,11102,"⚡️⚡️ #VTHO/USDT ⚡️⚡️
Exchanges: Bingx 
Signal Type...
5) 0.00083
6) 0.00084
7) 🚀🚀🚀

Stop Targets:
5-10%",a3571bebd9a6f512eeb0c7e70d012fca,2026-09-27T06:03:59+00:00,2026-09-27T07:05:20.397727+00:00,1219,cryptosignalsworldfree_10
1682477,11101,"⚡️⚡️ #THE/USDT ⚡️⚡️
Exchanges: Bingx 
Signal Type:...
5) 0.08752
6) 0.08876
7) 🚀🚀🚀

Stop Targets:
5-10%",5d98ef7aa8208c324c924911c707388d,2026-09-27T06:03:59+00:00,2026-09-27T07:05:19.370563+00:00,1219,cryptosignalsworldfree_10
1682474,11100,"⚡️⚡️ #POL/USDT ⚡️⚡️
Exchanges: Bingx 
Signal Type:...
5) 0.12660
6) 0.12839
7) 🚀🚀🚀

Stop Targets:
5-10%",490e748554bd77aede62ab93d9b1280f,2026-09-27T06:03:59+00:00,2026-09-27T07:05:19.204750+00:00,1219,cryptosignalsworldfree_10
1682473,11099,"⚡️⚡️ #UMA/USDT ⚡️⚡️
Exchanges: Bingx 
Signal Type:...
5) 0.44944
6) 0.45580
7) 🚀🚀🚀

Stop Targets:
5-10%",3bdf2c3e5c07aa1a5d3f86943448181c,2026-09-27T06:03:58+00:00,2026-09-27T07:05:19.180736+00:00,1219,cryptosignalsworldfree_10
1682471,11098,"⚡️⚡️ #XAI/USDT ⚡️⚡️
Exchanges: Bingx 
Signal Type:...
5) 0.00976
6) 0.00990
7) 🚀🚀🚀

Stop Targets:
5-10%",7d65daf11667087103fa6b7ec91f055e,2026-09-27T06:03:58+00:00,2026-09-27T07:05:18.236464+00:00,1219,cryptosignalsworldfree_10
1682469,11097,"📊#TAIKO/USDT–LONG–10x - 30x 🚀

📍 𝐄𝐧𝐭𝐫𝐲 𝐙𝐨𝐧𝐞:

➥ 0....tal.

⚠️ Disclaimer:
Trade at your own risk. DYOR.",53559901e3b5d9a6d8ad966e3fc38b23,2026-09-27T06:03:58+00:00,2026-09-27T07:05:18.161792+00:00,1219,cryptosignalsworldfree_10
1682465,11096,"🟢 Long

#ZIL/USDT

Entry : 

1) 0.0037200
2) 0.003...745

🛑 Stop : 0.0034856

Leverage : 10x (isolated)",6d8d51566fcac70c789a4ee7cbbdd913,2026-09-27T06:03:57+00:00,2026-09-27T07:05:17.133480+00:00,1219,cryptosignalsworldfree_10
1682463,11094,"🔰 SEI/USDT 🔰

🟢 LONG 20X

🔳 ENTRY :- 0.07265

☑️ TARGET:- 0.07460 - 0.079 - 0.086

🔴 STOP :- 0.068",ae9569b88b839201417b4a3386701f97,2026-09-27T06:03:57+00:00,2026-09-27T07:05:15.976340+00:00,1219,cryptosignalsworldfree_10
1682462,11093,"⌛#AVAX/USDT  ( SHORT )

🍁 Leverage 👉 20X to 25X 

...09 | 10.300 | 10.191 | 10.054

🔕 Stoploss = 11.161",fcf3ccc1b16f3bf1bf4ed0966740af6d,2026-09-27T06:03:57+00:00,2026-09-27T07:05:15.906716+00:00,1219,cryptosignalsworldfree_10
1682458,11092,"💵 𝐒𝐈𝐆𝐍𝐀𝐋 𝐀𝐋𝐄𝐑𝐓 💵

#IN/USDT (25xLONG)

✅ ENTRY:0.04...
TARGETS:- 0.04450/0.047/0.051

❌ STOP LOSS: 0.037",dec5e7db7847e1ca9c66f93edb63ec11,2026-09-27T06:03:57+00:00,2026-09-27T07:05:15.828587+00:00,1219,cryptosignalsworldfree_10
1682455,11091,"🐳 KITE/USDT #LONG🐳

✳️ ENTRY :- 0.158 - 0.151

💢 L...: 0.182

⛔️ STOP-LOSS :- 0.144

☝️ Margin Use 2–3%",0cd92e8644ef6a4b43a4f36b50ceeefc,2026-09-27T06:03:56+00:00,2026-09-27T07:05:14.708446+00:00,1219,cryptosignalsworldfree_10
1682454,11090,"📊 #IN/USDT

🟢 POSITION: LONG

💰 ENTRY RANGE
➤ 0.04...➤ 0.0360

━━━━━━━━━━━━━━━━━━

✅ Manage risk wisely",3bb5fe66dbff06db3ca69c28ebb4458d,2026-09-27T06:03:56+00:00,2026-09-27T07:05:13.812306+00:00,1219,cryptosignalsworldfree_10
1682453,11089,"🚀LONG: $RARE/USDT🚀
LEVERAGE: 20X-50X

🤍 ENTRY PRIC...350- 0.02570
—————

❌ STOP LOSS: 0.019❌

REACTIONS",2d2a9b1b853794871ab84433a5e067e4,2026-09-27T06:03:56+00:00,2026-09-27T07:05:13.788031+00:00,1219,cryptosignalsworldfree_10
1682449,11085,"🚀 $KITE/USDT PERP 🚀

🟢 LONG

💰 Entry : 0.156$ – 0.... 5X – 25X

⛔️ SL : 0.130$

📌 Use Only 2-5% Capital",17f470cea0fe425fa34ca147695d4850,2026-09-27T06:03:55+00:00,2026-09-27T07:05:12.684899+00:00,1219,cryptosignalsworldfree_10
1682448,11084,"📈 SOON/USDT 📈

🟢 LONG SETUP

💰 Entry Zone: 0.2670 ...et 1. 
✅ Move SL to breakeven after Target 1 hits.",5d07a0a6b26dc96e431a8b721cf184f4,2026-09-27T06:03:55+00:00,2026-09-27T07:05:12.665741+00:00,1219,cryptosignalsworldfree_10
1682447,11083,"⭐ US /USDT — LONG

💵 ENTRY:0.030880-0.029300

⚙️ L...o

📌 Follow the setup and manage your risk wisely.",90eebb217f7fa56af7f7e476a7744fed,2026-09-27T06:03:54+00:00,2026-09-27T07:05:12.556503+00:00,1219,cryptosignalsworldfree_10
1682446,11082,"📈 LONG #US/USDT

♻ Leverage: 20X

➡️ Entry :- 0.03...1) 0.0315
2) 0.0330
3) 0.0350

⭕ Stop Loss: 0.0262",1fbd03d0ed531044f6b86df68cab90d1,2026-09-27T06:03:54+00:00,2026-09-27T07:05:11.686286+00:00,1219,cryptosignalsworldfree_10
1682445,11081,"$GRASS/USDT #LONG📩

✅ENTRY :-0.5790/0.5590

Target...𝐎𝐧𝐥𝐲 𝟏-𝟑% 𝐎𝐟 𝐎𝐮𝐫 𝐃𝐞𝐩𝐨𝐬𝐢𝐭 𝐅𝐨𝐫 𝐄𝐚𝐜𝐡 𝐓𝐫𝐚𝐝𝐞

React,??m",09eddc5a6a8d61368e639b9cb17bac47,2026-09-27T06:03:54+00:00,2026-09-27T07:05:11.675931+00:00,1219,cryptosignalsworldfree_10
1682442,11079,"#MARSCOIN/USDT

LONG LONG LONG 

OPEN MARKET PRICE...3200
TP 0.13500
TP 0.13700

 SL  0.11150

 LEV 15X",5fc4ed6999b64df497294b0b40c88387,2026-09-27T06:03:53+00:00,2026-09-27T07:05:11.500160+00:00,1219,cryptosignalsworldfree_10
1682441,11077,"#TRUST/USDT

📈Signal: Long Leverage: Cross 20X

⚡️...even after TP1 is hit.

📣Trade Smart • Follow Risk",b8c2f9233625b6addf016763fe587d36,2026-09-27T06:03:53+00:00,2026-09-27T07:05:10.495175+00:00,1219,cryptosignalsworldfree_10
1682440,11076,"#CROSSUSDT — BUY (LONG) 
🎉
🟢 Leverage: Cross  25x
...️Stop Loss: 0.1460

⬇️ Risk Management:

 REACTION",f008a9514998f46be7648ed76063cbef,2026-09-27T06:03:53+00:00,2026-09-27T07:05:10.464387+00:00,1219,cryptosignalsworldfree_10
1682402,11033,"⌛#AVAX/USDT  ( SHORT )

🍁 Leverage 👉 20X to 25X 

...09 | 10.300 | 10.191 | 10.054

🔕 Stoploss = 11.161",fcf3ccc1b16f3bf1bf4ed0966740af6d,2026-09-27T05:25:47+00:00,2026-09-27T07:05:00.425717+00:00,1219,cryptosignalsworldfree_10
1682401,11032,"🚨 #NEAR/USDT | LONG

⚡Leverage: Cross 20x

🎯Entry ... follow the signal and secure profits at targets.💎",a98bedaf6258d4cff6729ee1ea01d688,2026-09-27T05:25:42+00:00,2026-09-27T07:05:00.387246+00:00,1219,cryptosignalsworldfree_10
1682400,11031,"🚨 #SUPER/USDT | LONG

⚡Leverage: Cross 20x

🎯Entry... follow the signal and secure profits at targets.💎",3813d40b0dc5691a8bbb49fd8ae2bd7c,2026-09-27T05:25:42+00:00,2026-09-27T07:05:00.336568+00:00,1219,cryptosignalsworldfree_10
1682395,11024,"🔴 SHORT

#ZEC/USDT

Entry : 

1) 1677.41
2) 1727.7...61.35

🛑 Stop : 1783.08

Leverage : 10x (isolated)",20bbe42fd877090f80b1bd5f8c14a497,2026-09-27T05:25:28+00:00,2026-09-27T07:04:59.178846+00:00,1219,cryptosignalsworldfree_10
1686133,11134,"👑My Coin: $LYN/USDT
👀Looking for LONG

🌟0.03932 Wi...️I Will Set: 0.03801
°°°°°°°°°°°°°° As my stoploss",01a8d6887d409f90cbf3b6194fa2b8e3,2026-09-27T07:24:15+00:00,2026-09-27T09:10:02.317503+00:00,1219,cryptosignalsworldfree_10
1686132,11132,"#SOON/USDT LONG   

👉Leverage : Cross 10× To 30×

...
1)  0.310
2)  0.322
3)  0.338

⭕Stop Loss : 0.284",0f0c8c24f4a68179c384e4cdeeffed56,2026-09-27T07:24:15+00:00,2026-09-27T09:10:00.857596+00:00,1219,cryptosignalsworldfree_10
1686129,11133,"💰#RUNE / USDT👑

💎Setup Type: Strong LONG 🔖Opportun...

🥉TP ➝ 0.9000

4️⃣TP ➝ 0.9900

🚫Stop Loss: 0.7100",33a726c7a16d97570b52dbbe0869c8be,2026-09-27T07:24:15+00:00,2026-09-27T09:10:00.818617+00:00,1219,cryptosignalsworldfree_10
1686130,11130,"⭐ QNT /USDT — LONG

💵 ENTRY:174.00-172.00

⚙️ LEVE...o

📌 Follow the setup and manage your risk wisely.",84908d650ef750fa43d9696de87463a9,2026-09-27T07:14:52+00:00,2026-09-27T09:10:00.846488+00:00,1219,cryptosignalsworldfree_10
1686128,11129,"#SOON/ USDT — BUY (LONG) 
Leverage: Cross 25x – 50...T IS KEY
👉 Use ONLY 2 – 3% of your total portfolio",174ce7bc33e2c2fdad35d162c48cb20b,2026-09-27T07:14:52+00:00,2026-09-27T09:10:00.808688+00:00,1219,cryptosignalsworldfree_10
1688892,11153,"#QNT USDT — BUY (LONG) 
🎉
🟢 Leverage: Cross  50x

...️Stop Loss: 158.00

⬇️ Risk Management:

 REACTION",e1b89f8aee67a417450a67898595e260,2026-09-27T10:27:47+00:00,2026-09-27T11:49:59.964258+00:00,1219,cryptosignalsworldfree_10
1688891,11152,"📊 Q/USDT — LONG

📍 ENTRY: 0.04670

🎯 TARGET 1: 0.0...Manage your risk & trade responsibly.

🔥 LET’S GO!",8f09a0fae84a27fa86a200bff1bb1e08,2026-09-27T10:27:13+00:00,2026-09-27T11:49:59.956189+00:00,1219,cryptosignalsworldfree_10
1688890,11151,"⚡️Pair: Q/USDT
Type: LONG 🟢
💫Leverage:  (20X_100X)...52
2) 0.059
3) 0.072
4) 0.099

❌ STOP LOSS: 0.035❌",82216b3cab86facc9d0d9f46c886a021,2026-09-27T10:27:13+00:00,2026-09-27T11:49:59.943401+00:00,1219,cryptosignalsworldfree_10
1688889,11150,"🔰 PAIR: ADA/ USDT 💹

🟢Position: LONG🚀

☑️ Entry Zo...:
🥇 0.2570
🥈 0.2600
🥉 0.2632

❌ Stop Loss: 🔴0.2500",ea84a76a73c291e1881262621ae6034a,2026-09-27T10:26:05+00:00,2026-09-27T11:49:58.579849+00:00,1219,cryptosignalsworldfree_10
1688882,11147,"🚀 LONG: $QNT/USDT
LEVERAGE: 50x

✔️ENTRY PRICE: 17...176.50-187.00-203.00

STOP LOSS:  164


REACTIONS?",91228b86d31266a3eb4eced973c3bf11,2026-09-27T10:26:04+00:00,2026-09-27T11:49:57.271703+00:00,1219,cryptosignalsworldfree_10
1688881,11148,"👑 #Q/USDT — TRADE LONG

LEVERAGE 25X TO 50X

✔️ EN...

⛔️ STOP LOSS: 0.04420

⚡️ NO FEAR — JUST PROFITS",c5eaeb79de06e034bf5537947c547a76,2026-09-27T10:26:04+00:00,2026-09-27T11:49:57.261591+00:00,1219,cryptosignalsworldfree_10
1688880,11146,"💎#W/USDT  SHORT

👍Leverage : Cross 25x50

🔝Entry :...016250

Use only 3% - 5% amount of your portfolio🤩",12ef3a44b265adbd32b493a6c72ecd26,2026-09-27T10:26:04+00:00,2026-09-27T11:49:57.259672+00:00,1219,cryptosignalsworldfree_10
1688877,11143,"📊 Let’s LONG #Q/USDT

💥 Leverage:  Cross 20×  - 

...1) 0.0488
2) 0.0503
3) 0.0560

🔖 Stop Loss: 0.0442",1ae7a51ab4705211881d9c83c8265c4b,2026-09-27T10:26:03+00:00,2026-09-27T11:49:54.480557+00:00,1219,cryptosignalsworldfree_10
1688876,11142,"🟢ETH/USDT My Short Trade Setup

Leverage 100X

Ent... 2670

Stop Loss  :  2725

Follow Money Management",f7efdf68379765b97307c67772ad9fde,2026-09-27T10:22:28+00:00,2026-09-27T11:49:54.469592+00:00,1219,cryptosignalsworldfree_10
1688875,11141,"📈 LONG #XVG/USDT 

🚀 LEVERAGE : 50x

📊 ENTRY PRICE...🟢0.0038

TP²🟢0.0040

STOPLOSS 🔴0.0035


REACTIONS?",c2016e2f7437a4d97be5be1594c8cd0c,2026-09-27T10:22:28+00:00,2026-09-27T11:49:54.455363+00:00,1219,cryptosignalsworldfree_10
1688874,11140,"🔴 SHORT $WLD/USDT | Cross 50X

✅ Entry: MARKET PRICE 

🎯 TP: 0.5125

🛑 SL: 0.5583",4d67268b5d2279cd826f23b151b39224,2026-09-27T10:22:28+00:00,2026-09-27T11:49:54.389100+00:00,1219,cryptosignalsworldfree_10
1688873,11138,"📉 SHORT #W/USDT 

🚀 LEVERAGE : 50x

📊 ENTRY PRICE ...TP🟢0.0146

TP🟢0.0141

STOPLOSS 🔴0.0158

REACTIONS?",616a211aacb8c5cfc18a534a80c75f7d,2026-09-27T10:22:28+00:00,2026-09-27T11:49:52.894855+00:00,1219,cryptosignalsworldfree_10
1688871,11139,"#QNT/USDT

📈Signal: Long Leverage: Cross 20X

⚡️En...even after TP1 is hit.

📣Trade Smart • Follow Risk",479708a777a9851a3a9b8025f72a652e,2026-09-27T10:22:28+00:00,2026-09-27T11:49:52.883589+00:00,1219,cryptosignalsworldfree_10
1688869,11135,"📊#DEEP/USDT — LONG

⚡️ Leverage : 10X – 30X

💹Entr...Entry After TP1

⚖️ Follow Proper Risk Management.",77c053c9c0218e4532c282a3a6c62c8a,2026-09-27T10:22:27+00:00,2026-09-27T11:49:52.845828+00:00,1219,cryptosignalsworldfree_10
1694845,11214,"🔱 Trade: #DOGE/USDT 🔱

🟢 LONG ENTRY: 0.09880 : 0.0....10600
5. 0.10800
6. 0.11000

🔴 STOP LOSS: 0.09550",ff38a1d0b16aa5c661f90e0b2a7b0c1f,2026-09-27T15:47:42+00:00,2026-09-27T16:35:19.208484+00:00,1219,cryptosignalsworldfree_10
1694840,11201,"📉 SHORT #US/USDT 

🚀 LEVERAGE : 50x

📊 ENTRY PRICE...TP🟢0.0288

TP🟢0.0275

STOPLOSS 🔴0.0313

REACTIONS?",71dc2b65efebaf3ed1c8a36a232d6da6,2026-09-27T15:47:26+00:00,2026-09-27T16:35:15.826851+00:00,1219,cryptosignalsworldfree_10
1694838,11200,"#NIGHTUSDT — BUY (LONG) 
🎉
🟢 Leverage: Cross  25x
...Stop Loss: 0.02472

⬇️ Risk Management:

 REACTION",1dcb439e9f6ea997d0da00c1762462b0,2026-09-27T15:47:26+00:00,2026-09-27T16:35:15.712157+00:00,1219,cryptosignalsworldfree_10
1694839,11199,"🚀 LONG: $QNT/USDT
LEVERAGE: 50x

✔️ENTRY PRICE: 16....00-179.00-195.00

STOP LOSS:  158.00


REACTIONS?",6ba834068cfbc8e4a9193ab11a60c957,2026-09-27T15:47:25+00:00,2026-09-27T16:35:15.719632+00:00,1219,cryptosignalsworldfree_10
1694805,11170,"🔴 SHORT $BTC/USDT | Cross 10X

✅ Entry: MARKET PRICE 

🎯 TP: 85369.3

🛑 SL: 83427.6",fea746f3d177430d6e2bfb48f0b92d42,2026-09-27T15:47:17+00:00,2026-09-27T16:35:01.026527+00:00,1219,cryptosignalsworldfree_10
1694800,11169,"🚀 #WLDUSDT LONG SIGNAL 🚀

⚡️ LEVERAGE 50X–75X
📌 EN...h this move together!

🔓 Trade Smart • Trade Safe.",23f5942d2f2e0f2f8ce606fb888fce14,2026-09-27T15:47:17+00:00,2026-09-27T16:34:58.825954+00:00,1219,cryptosignalsworldfree_10
1694801,11168,"EXCHANGE/BYBIT/BITUNIX/OKX📌 



LONG/MAGIC/USDT📈📈📈...agement 🏆


Use only 5% of your 📈Available balance",5c014da2b240c1582c3edceb9484896a,2026-09-27T15:47:15+00:00,2026-09-27T16:34:58.828359+00:00,1219,cryptosignalsworldfree_10
1694798,11167,"💎#ONE/USDT  LONG

👍Leverage : Cross 25x50

🔝Entry ...019850

Use only 3% - 5% amount of your portfolio🤩",fc6cb8dd49ada1e92d70f26b6c9c3d02,2026-09-27T15:47:15+00:00,2026-09-27T16:34:57.023536+00:00,1219,cryptosignalsworldfree_10
1694795,11165,"🪙#ONE/USDT

🚩POSITION — LONG

🔒  LEVERAGE — 20X75
...200
TP🥉: 0.0024500

⛔️ SL: 0.0018700

🔥REACTIONS?😜",311898c9a3b767117094699484f25b52,2026-09-27T15:47:14+00:00,2026-09-27T16:34:55.347275+00:00,1219,cryptosignalsworldfree_10
1694791,11164,"#ONE/USDT LONG NOW 📈
🏠ENTRY: ( 0.0021489 )",a2c0429b42712c2a5173b92534be63b3,2026-09-27T15:47:13+00:00,2026-09-27T16:34:55.210557+00:00,1219,cryptosignalsworldfree_10
1694789,11163,"#HYPE - LONG 50X

Entry  92.2
DCA will update if n...% -200%-300% +++

SL= Will update

Using 1% wallet",38d41cb39ce619ece4a49f28e30d7176,2026-09-27T15:47:13+00:00,2026-09-27T16:34:53.054327+00:00,1219,cryptosignalsworldfree_10
1694788,11162,"XLMUSDTUSDT  
Exchanges: BINGX 

🟢 Long
Leverage- ....26127000
6) 0.28217000
7) 🚀🚀🚀 

⛔️ SL:
0.19872000",2c747ade1617a4ffde595d19a95efe02,2026-09-27T15:47:13+00:00,2026-09-27T16:34:52.995709+00:00,1219,cryptosignalsworldfree_10
1694785,11160,"🔴 SHORT

#SNX/USDT

Entry zone : 0.275731 - 0.2677...42134
0.234063

Stop loss :0.286439

Leverage: 10x",ce01e2ae428c8d6dc9ebb32decb92e47,2026-09-27T15:47:12+00:00,2026-09-27T16:34:51.408615+00:00,1219,cryptosignalsworldfree_10
1694783,11159,"✅ Long

Pair: #DASH/USDT

📊 Entry Price: 

1) 68.5...1.84
4) 73.28

Stop Loss: 64.26

Leverage: 10x-20x",07fd84e097ee056f36b6c73af61a3dc0,2026-09-27T15:47:12+00:00,2026-09-27T16:34:51.341624+00:00,1219,cryptosignalsworldfree_10
1694774,11158,"❖ SOON/USDT

❖ SHORT [ 10×20 ]

➤ Entry Zone:- 0.2...
▪️ TP2: 0.270
▪️ TP3: 0.250

➤ Stop Loss :- 0.315",1d6888575ba1cf316fabc615b1a9fb7d,2026-09-27T15:47:12+00:00,2026-09-27T16:34:49.916647+00:00,1219,cryptosignalsworldfree_10
1694778,11156,"📈 LONG #GRASS/USDT 

🚀 LEVERAGE : 75x

📊 ENTRY PRI... 

TP¹🟢0.64

TP²🟢0.67

STOPLOSS 🔴0.60


REACTIONS?",72b6ad9d1b227d95ea51abd2ac0ccebe,2026-09-27T15:47:11+00:00,2026-09-27T16:34:49.974516+00:00,1219,cryptosignalsworldfree_10
1694777,11157,"✨ARB/USDT

🎗 Trade Type = SHORT 🔴

⭐️ Leverage :- ...590, 0.22360, 0.22082, 0.21866, 0.21659, 0.21380 ]",6aff67faefa4f2cd1abd60fce7d2610b,2026-09-27T15:47:11+00:00,2026-09-27T16:34:49.971543+00:00,1219,cryptosignalsworldfree_10
1694775,11154,"🌈PAIR:- #Q/USDT
⚡️ Direction : LONG
🛠 Leverage: Cr...nt Usage:- 1 - 2%
(According To your Risk Setting)",b91550587d049784c104fa84f9f52469,2026-09-27T15:47:10+00:00,2026-09-27T16:34:49.923974+00:00,1219,cryptosignalsworldfree_10
1698799,11252,"🪙#Q/USDT

🚩POSITION — SHORT

🔒  LEVERAGE — 20X75

...31350
TP🥉: 0.029600

⛔️ SL: 0.037000

🔥REACTIONS?😜",f245200e7fce7d8eabc3b973d79e7356,2026-09-27T18:49:07+00:00,2026-09-27T19:05:24.175070+00:00,1219,cryptosignalsworldfree_10
1698798,11251,"#Q/USDT SHORT NOW 📉
🏠ENTRY: ( 0.033029 )",dfc440e7c4e7b9cacbbfe6029bde2935,2026-09-27T18:49:05+00:00,2026-09-27T19:05:22.573006+00:00,1219,cryptosignalsworldfree_10
1698797,11250,"$JUPUSDT

SHORT

RR : 2

LEVERAGE : 15x

ENTRY : 0.3397

TAKE PROFITS 👇

1️⃣ 0.317

STOPLOSS : 0.351",364fa3eb1ac2177b16e0440cc956411b,2026-09-27T17:13:00+00:00,2026-09-27T19:05:22.568003+00:00,1219,cryptosignalsworldfree_10
1698794,11247,"💹#BNB/USDT — BREAKOUT LONG SETUP

BNB just broke o...kens.

Let the breakout work. Don't chase candles.",daa69de1c04db990269afe3e54804a9e,2026-09-27T17:05:18+00:00,2026-09-27T19:05:20.950613+00:00,1219,cryptosignalsworldfree_10
1700882,11272,"APTUSDTUSDT  
Exchanges: BINGX 

🟢 Long
Leverage- ...6040000
5) 1.04
6) 1.12
7) 🚀🚀🚀 

⛔️ SL:
0.78890000",2cf6c5563093354087aa62418f3f47ce,2026-09-27T20:19:09+00:00,2026-09-27T21:18:16.254287+00:00,1219,cryptosignalsworldfree_10
1700884,11271,"🪙#PLAY/USDT

🚩POSITION — LONG

🔒  LEVERAGE — 20X75...0.03450
TP🥉: 0.03660

⛔️ SL: 0.02800

🔥REACTIONS?😜",fce519d2490b374d702f13adb80ed76e,2026-09-27T19:26:02+00:00,2026-09-27T21:18:16.278479+00:00,1219,cryptosignalsworldfree_10
1700883,11270,"#PLAY/USDT LONG NOW 📈
🏠ENTRY: ( 0.03254 )",e448ee80f9bd0f6e2efce1b3d06980f9,2026-09-27T19:26:01+00:00,2026-09-27T21:18:16.273395+00:00,1219,cryptosignalsworldfree_10
1700881,11269,"#DYM | LONG SETUP

💰 Entry: $0.02111

🎯 Target1: $...t4: $0.02191
🎯 Target5: $0.02221

🛡 STOP: $0.02005",12f8c7836461a247be1276a0b00a6583,2026-09-27T19:26:01+00:00,2026-09-27T21:18:16.229760+00:00,1219,cryptosignalsworldfree_10
1704352,11275,"✅ Long

Pair: #VET/USDT

📊 Entry Price: 

1) 0.009...) 0.009743

Stop Loss: 0.008545

Leverage: 10x-20x",d3136da6555a728f821460abcad4b18d,2026-09-28T00:40:58+00:00,2026-09-28T01:17:56.632889+00:00,1219,cryptosignalsworldfree_10
1704350,11274,"✅ Long

#ETH/USDT

Entry zone : 2594.71 - 2674.96
...27.74
3007.59

Stop loss :2487.7128

Leverage: 10x",2cfed52358fbcd9c05aa2b5e6d492828,2026-09-28T00:40:58+00:00,2026-09-28T01:17:56.608983+00:00,1219,cryptosignalsworldfree_10
1704349,11273,"🟢 Long

#XTZ/USDT

Entry : 

1) 0.319500
2) 0.3099...1358

🛑 Stop : 0.299371

Leverage : 10x (isolated)",b5241666c2434f86837864998a3279d2,2026-09-28T00:40:58+00:00,2026-09-28T01:17:56.601395+00:00,1219,cryptosignalsworldfree_10
1711608,11378,"🚨 #ETH/USDT | SHORT 

⚡Leverage: Cross 200x

🎯Entr... follow the signal and secure profits at targets.💎",57a61ba4a8563d7ea1d2e78acc16916c,2026-09-28T07:50:46+00:00,2026-09-28T08:39:33.659632+00:00,1219,cryptosignalsworldfree_10
1711607,11377,"$PUMP/USDT #LONG📩

✅ENTRY :-0.004830/0.0047

Targe... 𝐎𝐧𝐥𝐲 𝟏-𝟑% 𝐎𝐟 𝐎𝐮𝐫 𝐃𝐞𝐩𝐨𝐬𝐢𝐭 𝐅𝐨𝐫 𝐄𝐚𝐜𝐡 𝐓𝐫𝐚𝐝𝐞

React,??",7354847073fc6d87dea5e2b38e96852a,2026-09-28T07:50:01+00:00,2026-09-28T08:39:33.649855+00:00,1219,cryptosignalsworldfree_10
1711582,11376,"✅ Long

#XLM/USDT

Entry zone : 0.20187 - 0.20812
...22778
0.23399

Stop loss :0.1935516

Leverage: 10x",315eeabe6008754728af70f61ffc64fa,2026-09-28T07:50:01+00:00,2026-09-28T08:39:18.765872+00:00,1219,cryptosignalsworldfree_10
1711580,11375,"📊 Let’s LONG #MARSCOIN/USDT

💥 Leverage:  Cross 20...s: 

1) 0.143
2) 0.150
3) 0.157

🔖 Stop Loss: 0.12",8aa200525160552f0199e37f9d7d3ead,2026-09-28T07:50:01+00:00,2026-09-28T08:39:18.553582+00:00,1219,cryptosignalsworldfree_10
1711576,11373,"#SAGAUSDT — BUY (LONG) 
🎉
🟢 Leverage: Cross  50x

...Stop Loss: 0.02500

⬇️ Risk Management:

 REACTION",70d9f598c9b8ad3f5e261bb3268644a9,2026-09-28T07:07:12+00:00,2026-09-28T08:39:15.686720+00:00,1219,cryptosignalsworldfree_10
1711570,11370,"❖ GRT/USDT

❖ SHORT [ 10×20 ]

➤ Entry Zone:- 0.03... TP2: 0.0300
▪️ TP3: 0.0285

➤ Stop Loss :- 0.0345",af66b69a0a645704812d3aacc4cbf2bd,2026-09-28T07:06:00+00:00,2026-09-28T08:39:13.579144+00:00,1219,cryptosignalsworldfree_10
1711567,11369,"Coin #QNT/USDT

Position: LONG 

Leverage:  Cross ...82 - 272

Targets: 🎯 292, 306, 342

Stop Loss: 262",c3aa142f1fb02201bac204d48316443f,2026-09-28T06:58:56+00:00,2026-09-28T08:39:11.104121+00:00,1219,cryptosignalsworldfree_10
1711564,11368,"🚀 #LYNUSDT LONG SIGNAL 🚀

⚡️ LEVERAGE 50X–75X
📌 EN...h this move together!

🔓 Trade Smart • Trade Safe.",033b922696cc92516cc027be302bc47f,2026-09-28T06:55:49+00:00,2026-09-28T08:39:11.060302+00:00,1219,cryptosignalsworldfree_10
1711563,11367,"🚀LONG: $RARE/USDT🚀
LEVERAGE: 20X-50X

🤍 ENTRY PRIC...22- 0.024
—————

❌ STOP LOSS: 0.01720❌


REACTIONS",d6fd727c5b75354f7f1e26f497fcefcb,2026-09-28T06:35:12+00:00,2026-09-28T08:39:09.072057+00:00,1219,cryptosignalsworldfree_10
1711561,11366,"📈 SYN/USDT 📈

🔴 SHORT SETUP

💰 Entry Zone: 0.1730 ...et 1. 
✅ Move SL to breakeven after Target 1 hits.",7b7af650384dc80a9bb662bd51a6442a,2026-09-28T06:35:11+00:00,2026-09-28T08:39:09.032942+00:00,1219,cryptosignalsworldfree_10
1711560,11365,"📊 ONDO/USDT — SHORT

📍 ENTRY: 0.5850

🎯 TARGET 1: ...Manage your risk & trade responsibly.

🔥 LET’S GO!",c6ab769c9b401cf537ed22a086c110ba,2026-09-28T06:35:11+00:00,2026-09-28T08:39:06.814914+00:00,1219,cryptosignalsworldfree_10
1711557,11364,"#LONG 🟢🔤🔤🔤🔤🔤

#WLD/USDT

Margin Mode : Isolated 💎
...6

🟥 SL : 0.5064 - 100%   

📊 LEV : 20X

🇯🇵Premium",c2c67f9a4f88dbde0435f1e6ff0679d3,2026-09-28T06:35:11+00:00,2026-09-28T08:39:06.523271+00:00,1219,cryptosignalsworldfree_10
1711554,11363,"📊#IMX/USDT–SHORT–10x - 30x 🚀

📍 𝐄𝐧𝐭𝐫𝐲 𝐙𝐨𝐧𝐞:

➥ 0.1...tal.

⚠️ Disclaimer:
Trade at your own risk. DYOR.",e821ea1a1be254b900dc0dcf4b8927fe,2026-09-28T06:35:10+00:00,2026-09-28T08:39:04.762414+00:00,1219,cryptosignalsworldfree_10
1711552,11362,"💵 𝐒𝐈𝐆𝐍𝐀𝐋 𝐀𝐋𝐄𝐑𝐓 💵

#GRT/USDT (25xLONG)

✅ ENTRY:0.0...TS:- 0.03550/0.03790/0.04250

❌ STOP LOSS: 0.02950",b6cc8594629893ac46235c8adf554b25,2026-09-28T06:32:18+00:00,2026-09-28T08:39:04.686721+00:00,1219,cryptosignalsworldfree_10
1711547,11359,"$INX/USDT #LONG📩

✅ENTRY :-0.007050/0.0068

Target... 𝐎𝐧𝐥𝐲 𝟏-𝟑% 𝐎𝐟 𝐎𝐮𝐫 𝐃𝐞𝐩𝐨𝐬𝐢𝐭 𝐅𝐨𝐫 𝐄𝐚𝐜𝐡 𝐓𝐫𝐚𝐝𝐞

React,??",9800ac6a428bd61160ea182194073749,2026-09-28T06:31:11+00:00,2026-09-28T08:39:00.105040+00:00,1219,cryptosignalsworldfree_10
1711546,11358,"🟢 Long

#NEO/USDT

Entry : 

1) 2.621
2) 2.542

Ta...) 2.800

🛑 Stop : 2.455

Leverage : 10x (isolated)",3623867339885d5d0e3883a26a664401,2026-09-28T06:31:11+00:00,2026-09-28T08:39:00.070477+00:00,1219,cryptosignalsworldfree_10
1711543,11355,"⚡️⚡️ #THE/USDT ⚡️⚡️
Exchanges: Bingx 
Signal Type:...
5) 0.08787
6) 0.08912
7) 🚀🚀🚀

Stop Targets:
5-10%",f1872800b7f86e7bc2e8e56c50a41c2f,2026-09-28T06:30:50+00:00,2026-09-28T08:39:00.022771+00:00,1219,cryptosignalsworldfree_10
1711542,11356,"⚡️⚡️ #STBL/USDT ⚡️⚡️
Exchanges: Bingx 
Signal Type...
5) 0.02889
6) 0.02929
7) 🚀🚀🚀

Stop Targets:
5-10%",46fe56653c4973de86c9176534d50ce6,2026-09-28T06:30:50+00:00,2026-09-28T08:39:00.019254+00:00,1219,cryptosignalsworldfree_10
1711541,11357,"PYTHUSDTUSDT  
Exchanges: BINGX 

🟢 Short
Leverage....07658000
6) 0.07045000
7) 🚀🚀🚀 

⛔️ SL:
0.07849000",968acb683211af99fb416b5124d2421b,2026-09-28T06:30:50+00:00,2026-09-28T08:39:00.017274+00:00,1219,cryptosignalsworldfree_10
1711537,11354,"⚡️⚡️ #TOSHI/USDT ⚡️⚡️
Exchanges: Bingx 
Signal Typ...
5) 0.00013
6) 0.00014
7) 🚀🚀🚀

Stop Targets:
5-10%",f9ba6bccac895609a904e02f997f5469,2026-09-28T06:30:50+00:00,2026-09-28T08:38:55.160016+00:00,1219,cryptosignalsworldfree_10
1711535,11353,"⚡️⚡️ #TRB/USDT ⚡️⚡️
Exchanges: Bingx 
Signal Type:...) 20.59262
6) 20.88403
7) 🚀🚀🚀

Stop Targets:
5-10%",8c6749c8063a1c429aa005d8c96a749b,2026-09-28T06:30:49+00:00,2026-09-28T08:38:55.032966+00:00,1219,cryptosignalsworldfree_10
1711534,11352,"⚡️⚡️ #VET/USDT ⚡️⚡️
Exchanges: Bingx 
Signal Type:...
5) 0.00968
6) 0.00981
7) 🚀🚀🚀

Stop Targets:
5-10%",cc253a09a9b54147f9df29aea540bdf1,2026-09-28T06:30:49+00:00,2026-09-28T08:38:55.001986+00:00,1219,cryptosignalsworldfree_10
1711528,11351,"⚡️⚡️ #TURTLE/USDT ⚡️⚡️
Exchanges: Bingx 
Signal Ty...
5) 0.04710
6) 0.04776
7) 🚀🚀🚀

Stop Targets:
5-10%",f8f6e2b06ec7307b5651991e2fa2c1ec,2026-09-28T06:30:49+00:00,2026-09-28T08:38:52.568915+00:00,1219,cryptosignalsworldfree_10
1711532,11350,"⚡️⚡️ #USELESS/USDT ⚡️⚡️
Exchanges: Bingx 
Signal T...
5) 0.30158
6) 0.30585
7) 🚀🚀🚀

Stop Targets:
5-10%",af658e9aad0b8479233771db3d505342,2026-09-28T06:30:48+00:00,2026-09-28T08:38:52.616882+00:00,1219,cryptosignalsworldfree_10
1711527,11349,"⚡️⚡️ #TIA/USDT ⚡️⚡️
Exchanges: Bingx 
Signal Type:...
5) 0.53413
6) 0.54169
7) 🚀🚀🚀

Stop Targets:
5-10%",24484f1b5e8d4f0245789469cf829f98,2026-09-28T06:30:48+00:00,2026-09-28T08:38:49.385070+00:00,1219,cryptosignalsworldfree_10
1711525,11348,"⚡️⚡️ #WOO/USDT ⚡️⚡️
Exchanges: Bingx 
Signal Type:...
5) 0.01518
6) 0.01539
7) 🚀🚀🚀

Stop Targets:
5-10%",1fe3d642f9f49db3bb54b8f66d0cc773,2026-09-28T06:30:48+00:00,2026-09-28T08:38:49.184984+00:00,1219,cryptosignalsworldfree_10
1711524,11347,"💫 Pair: MERL/USDT  💫

🔼 Direction: Long 🔼

✅ Lever...ke Profit: 0.03250 📈

⚠️ Stop Loss: 0.02932 ⚠️

📈📈",cddb3e375f87f878204a6934a1e01227,2026-09-28T06:29:29+00:00,2026-09-28T08:38:46.747669+00:00,1219,cryptosignalsworldfree_10
1711519,11345,"🐳 ONE/USDT #LONG🐳

✳️ ENTRY :- 0.0028 - 0.0029

💢 ...0.0037

⛔️ STOP-LOSS :- 0.0024

☝️ Margin Use 2–3%",e8bbc28f2e019f7e285da54d70a4cad5,2026-09-28T06:29:28+00:00,2026-09-28T08:38:46.647595+00:00,1219,cryptosignalsworldfree_10
1711517,11344,"🚀 $SKY/USDT PERP 🚀

🟢 LONG

💰 Entry : 0.0850$ – 0....5X – 25X

⛔️ SL : 0.0730$

📌 Use Only 2-5% Capital",e03d7fc44017d063ac42f5fd4e071ccb,2026-09-28T06:29:28+00:00,2026-09-28T08:38:44.138457+00:00,1219,cryptosignalsworldfree_10
1711516,11343,"🪙 Coin: #GRT/USDT
🧭 Type: #LONG

📈 Entry Zone:
0.0... within the zone and maintain strict risk control.",f14469e1ac549daa832b1ae88eee8da5,2026-09-28T06:29:27+00:00,2026-09-28T08:38:43.958921+00:00,1219,cryptosignalsworldfree_10
1711512,11341,"🌈PAIR:- #SEI/USDT
⚡️ Direction : LONG
🛠 Leverage: ...nt Usage:- 1 - 2%
(According To your Risk Setting)",af5b6b98b0db7bbaa9ef15272b8d7c31,2026-09-28T06:29:27+00:00,2026-09-28T08:38:41.212164+00:00,1219,cryptosignalsworldfree_10
1711511,11340,"#ONE/USDT LONG   

👉Leverage : Cross 10× To 30×

E...0276
2)  0.00288
3)  0.00310

⭕Stop Loss : 0.00254",fffef13c54fd6a1c962fc39c39944ece,2026-09-28T06:29:26+00:00,2026-09-28T08:38:39.136055+00:00,1219,cryptosignalsworldfree_10
1711507,11339,"#SYN/USDT SHORT   

👉Leverage : Cross 10× To 30×

...

1)  0.166
2)  0.158
3)  0.150

⭕Stop Loss : 0.18",c80941253e5ef46f3c34235f00024851,2026-09-28T06:29:26+00:00,2026-09-28T08:38:39.082743+00:00,1219,cryptosignalsworldfree_10
1711506,11338,"📊#CAP/USDT — LONG

⚡️ Leverage : 10X – 30X

💹Entry...Entry After TP1

⚖️ Follow Proper Risk Management.",338d0d0121d7102faccd2981c6cfd0ee,2026-09-28T06:29:26+00:00,2026-09-28T08:38:36.667288+00:00,1219,cryptosignalsworldfree_10
1718961,11417,"💎#HBAR/USDT  LONG

👍Leverage : Cross 25x50

🏠Entry....10625

Use only 3% - 5% amount of your portfolio🤩",53ea369695715f492f288f47f4148af9,2026-09-28T11:38:17+00:00,2026-09-28T12:29:07.166951+00:00,1219,cryptosignalsworldfree_10
1718960,11416,"HBARUSDT LONG NOW 

🏠ENTRY: 0.11510",65d30e213045febc28326682e5a192bf,2026-09-28T11:38:17+00:00,2026-09-28T12:29:07.094501+00:00,1219,cryptosignalsworldfree_10
1718959,11414,"🐳 ALGO/USDT #LONG🐳

✳️ ENTRY :- 0.128 - 0.121

💢 L...: 0.150

⛔️ STOP-LOSS :- 0.113

☝️ Margin Use 2–3%",b1f1956c4d0481f1eddd7de6a61cc5f4,2026-09-28T10:26:03+00:00,2026-09-28T12:29:07.083203+00:00,1219,cryptosignalsworldfree_10
1718958,11415,"⚡️$GRT/USDT⚡️

LONG
Leverage: 20x

Entry: 0.03142 ...1)0.03205
2)0.03268
3)0.03331

Stoploss: 0.0285922",ed3afc72f6f3e5481dbfb0e54ba5488c,2026-09-28T10:26:03+00:00,2026-09-28T12:29:07.068462+00:00,1219,cryptosignalsworldfree_10
1718957,11413,"🚀 #CAPUSDT LONG SIGNAL 🚀

⚡️ LEVERAGE 50X–75X
📌 EN...h this move together!

🔓 Trade Smart • Trade Safe.",ab3286cc9ed0922e4ca7812dfcf90cd4,2026-09-28T10:26:03+00:00,2026-09-28T12:29:07.038791+00:00,1219,cryptosignalsworldfree_10
1718953,11410,"Ethereum Classic (ETC).

The price of ETC is conso...get for the upside is the previous high of $10.40.",40d6313bdc28d0a78cf8361cc35c8e14,2026-09-28T10:10:48+00:00,2026-09-28T12:29:04.724607+00:00,1219,cryptosignalsworldfree_10
1718951,11406,"🚀 $ALGO/USDT PERP 🚀

🟢 LONG

💰 Entry : 0.129$ – 0.... 5X – 25X

⛔️ SL : 0.114$

📌 Use Only 2-5% Capital",6cf40cc00d010247bbfdb997108596d1,2026-09-28T10:10:46+00:00,2026-09-28T12:29:02.402573+00:00,1219,cryptosignalsworldfree_10
1718950,11405,"🚀SHORT: $QNT/USDT🚀
LEVERAGE: 20X-50X

🤍 ENTRY PRIC...220- 209- 192
—————

❌ STOP LOSS: 256❌


REACTIONS",9ed761aeb660cee92a3e985a57f8572b,2026-09-28T10:10:46+00:00,2026-09-28T12:29:02.324731+00:00,1219,cryptosignalsworldfree_10
1718949,11404,"📊 #ALGO/USDT

🟢 POSITION: LONG

💰 ENTRY RANGE
➤ 0....
➤ 0.113

━━━━━━━━━━━━━━━━━━

✅ Manage risk wisely",8d783450c44a736cc77cc82e9be804cc,2026-09-28T10:10:45+00:00,2026-09-28T12:28:59.888705+00:00,1219,cryptosignalsworldfree_10
1718948,11403,"💎#QNT/USDT  LONG

👍Leverage : Cross 25x50

🏠Entry ...183.66

Use only 3% - 5% amount of your portfolio🤩",4eaa7b6d0bc117e08509f1b5ceb0d1c2,2026-09-28T10:10:45+00:00,2026-09-28T12:28:59.885837+00:00,1219,cryptosignalsworldfree_10
1718947,11402,"QNTUSDT LONG NOW 

🏠ENTRY: 212.67",ed6960bb1d676064f2da0af3749c98f0,2026-09-28T10:10:45+00:00,2026-09-28T12:28:59.875213+00:00,1219,cryptosignalsworldfree_10
1718946,11401,"#BTW/USDT LONG   

👉Leverage : Cross 10× To 30×

E...fit

1)  1.41
2)  1.47
3)  1.55

⭕Stop Loss : 1.29",267b5ead44a5ab255c7e1e96edec4e08,2026-09-28T10:10:45+00:00,2026-09-28T12:28:59.789608+00:00,1219,cryptosignalsworldfree_10
1718944,11399,"👑 #BTW/USDT — TRADE LONG


✔️ ENTRY ZONE: 1.3850

...500

⛔️ STOP LOSS: 1.29

⚡️ NO FEAR — JUST PROFITS",e76490fce3080319139be741b7f7e82a,2026-09-28T10:10:44+00:00,2026-09-28T12:28:59.680843+00:00,1219,cryptosignalsworldfree_10
1718943,11398,"QNTUSDTUSDT  
Exchanges: BINGX 

🟢 Short
Leverage-... 170.20
5) 156.58
6) 144.06
7) 🚀🚀🚀 

⛔️ SL:
232.00",15d43cb62aed1f3b49cfff4821109fc4,2026-09-28T10:10:44+00:00,2026-09-28T12:28:57.206096+00:00,1219,cryptosignalsworldfree_10
1718942,11397,"✨AAVE/USDT

🎗 Trade Type = SHORT 🔴

⭐️ Leverage :-...[ 145.03, 143.59, 141.82, 140.33, 139.04, 136.95 ]",a5753c8bcb5e02a6aaba1ad62d82331b,2026-09-28T10:10:43+00:00,2026-09-28T12:28:57.168368+00:00,1219,cryptosignalsworldfree_10
1718941,11396,"SHORT

HBAR/USDT

MARKET PRICE 

Leverage: 10X

TP...5% of capital 

Always use proper risk management.",f8db52614de65dff32149fae5d4b1301,2026-09-28T10:10:43+00:00,2026-09-28T12:28:57.108675+00:00,1219,cryptosignalsworldfree_10
1718938,11391,"🪙#RARE/USDT

🚩POSITION — SHORT

🔒  LEVERAGE — 20X7...0.01750
TP🥉: 0.01650

⛔️ SL: 0.02090

🔥REACTIONS?😜",6f690a6c14c948b4b4c4d837621cf65c,2026-09-28T09:43:49+00:00,2026-09-28T12:28:54.515657+00:00,1219,cryptosignalsworldfree_10
1718937,11390,"#RARE/USDT SHORT NOW 📉
🏠ENTRY: ( 0.01841 )",a5d9612858f16f1fb503e923722b3540,2026-09-28T09:43:47+00:00,2026-09-28T12:28:54.456949+00:00,1219,cryptosignalsworldfree_10
1718936,11389,"🚨 #LYN/USDT | SHORT 

⚡Leverage: Cross 20x

🎯Entry... follow the signal and secure profits at targets.💎",383fc72c3894980d8427dc895ef56cee,2026-09-28T09:43:47+00:00,2026-09-28T12:28:54.441388+00:00,1219,cryptosignalsworldfree_10
1718935,11388,"#QNT/ USDT — BUY (SHORT) 
Leverage: Cross 25x – 50...T IS KEY
👉 Use ONLY 2 – 3% of your total portfolio",e0a9eab1e63c8c16eef155410bdb19b0,2026-09-28T09:43:47+00:00,2026-09-28T12:28:51.925521+00:00,1219,cryptosignalsworldfree_10
1718934,11387,"💰#QNT / USDT👑

💎Setup Type: Strong SHORT 🔖Opportun...

🥉TP ➝ 182.00

4️⃣TP ➝ 160.00

🚫Stop Loss: 230.00",6cd48a3acb7ba64daa59f91b4187facb,2026-09-28T09:43:46+00:00,2026-09-28T12:28:51.912697+00:00,1219,cryptosignalsworldfree_10
1718932,11385,"🪙 Coin: #HBAR/USDT
🧭 Type: #LONG

📈 Entry Zone:
0.... within the zone and maintain strict risk control.",3fc2cf2312fd65afa8b438b17bdaca5c,2026-09-28T09:40:15+00:00,2026-09-28T12:28:51.885759+00:00,1219,cryptosignalsworldfree_10
1718930,11382,"ONEUSDT LONG NOW 

🏠ENTRY: 0.0025410",ac37f8637a295b695fb34e79167a5ab8,2026-09-28T09:40:14+00:00,2026-09-28T12:28:49.408907+00:00,1219,cryptosignalsworldfree_10
1718929,11383,"💎#ONE/USDT  LONG

👍Leverage : Cross 25x50

🔝Entry ...022630

Use only 3% - 5% amount of your portfolio🤩",19ae6dbd033876cf42537081c18f818a,2026-09-28T09:40:14+00:00,2026-09-28T12:28:49.404182+00:00,1219,cryptosignalsworldfree_10
1718926,11381,"#MARSCOIN/USDT

📈Signal: long Leverage: Cross 20X
...even after TP1 is hit.

📣Trade Smart • Follow Risk",80f204deb2a2467f3eaf8fbdb9233b26,2026-09-28T09:40:14+00:00,2026-09-28T12:28:49.390792+00:00,1219,cryptosignalsworldfree_10
1718927,11380,"#Q/USDT SHORT   

👉Leverage : Cross 10× To 30×

En...0.0272
2)  0.0250
3)  0.02300

⭕Stop Loss : 0.0296",2ba5a169fecd007c4d7d44f8a785c210,2026-09-28T09:40:13+00:00,2026-09-28T12:28:49.393634+00:00,1219,cryptosignalsworldfree_10
1723327,11443,"🔴 SHORT

#XLM/USDT

Entry : 

1) 0.22602
2) 0.2328...21038

🛑 Stop : 0.24025

Leverage : 10x (isolated)",6fe587102f91dfd73c227ad0ef7ac607,2026-09-28T14:00:29+00:00,2026-09-28T15:26:21.450274+00:00,1219,cryptosignalsworldfree_10
1723326,11442,"$WLDUSDT

LONG

RR : 2

LEVERAGE : 20x

ENTRY : 0.5140

TAKE PROFITS 👇

1️⃣ 0.5405

STOPLOSS : 0.501",ef5245f24ce6a07e57f00bd33ddbdf10,2026-09-28T13:49:30+00:00,2026-09-28T15:26:21.324672+00:00,1219,cryptosignalsworldfree_10
1723325,11441,"BNB/USD BUY 

Entry : $  767.62

Target1: $ 774
Target2: $ 791
Target3: $ 806


SL : $ 753",e9ffdddc9e700ce1df752687c0621770,2026-09-28T13:49:26+00:00,2026-09-28T15:26:21.309137+00:00,1219,cryptosignalsworldfree_10
1723324,11440,"🔰 PAIR: ETH/ USDT 💹

🟢Position: LONG🚀

☑️ Entry Zo...2663.01
🥈 2669.75
🥉 2678.39

❌ Stop Loss: 🔴2636.38",571eca20a8741b7b3fd8ff56e30764bb,2026-09-28T13:49:24+00:00,2026-09-28T15:26:21.306214+00:00,1219,cryptosignalsworldfree_10
1723322,11439,"✅ Long

Pair: #DASH/USDT

📊 Entry Price: 

1) 64.7...7.77
4) 69.12

Stop Loss: 60.62

Leverage: 10x-20x",a884b593df40bf4f3817f028c20b82b8,2026-09-28T13:49:22+00:00,2026-09-28T15:26:18.454916+00:00,1219,cryptosignalsworldfree_10
1723321,11437,"👑 #QNT/USDT — TRADE LONG

LEVERAGE 25X TO 50X

✔️ ... 200

⛔️ STOP LOSS: 231

⚡️ NO FEAR — JUST PROFITS",bbfe5e422929589e799d90f1cbdf3ce7,2026-09-28T13:49:20+00:00,2026-09-28T15:26:18.295414+00:00,1219,cryptosignalsworldfree_10
1723320,11436,"👑 #ONE/USDT — TRADE SHORT

LEVERAGE 25X TO 50X

✔️...
⛔️ STOP LOSS: 0.002530

⚡️ NO FEAR — JUST PROFITS",c8777d2f0668007e3545af1d569b3601,2026-09-28T13:49:17+00:00,2026-09-28T15:26:18.286859+00:00,1219,cryptosignalsworldfree_10
1723319,11435,"🔴 SHORT

#LINK/USDT

Entry zone : 14.884 - 14.451
...
13.070
12.635

Stop loss :15.46257

Leverage: 10x",041826dd0dae82dc6ac02c4803691cc3,2026-09-28T13:49:16+00:00,2026-09-28T15:26:15.906201+00:00,1219,cryptosignalsworldfree_10
1723318,11434,"🔴 LONG $LINK/USDT | Cross 50X

✅ Entry: MARKET PRICE 

🎯 TP: OPEN

🛑 SL: 14.419",d3467f17f65584e77d870b52d2d7663f,2026-09-28T13:49:15+00:00,2026-09-28T15:26:15.894679+00:00,1219,cryptosignalsworldfree_10
1723317,11433,"🪙#NMR/USDT

🚩POSITION — LONG

🔒  LEVERAGE — 20X75
...P🥈: 11.100
TP🥉: 11.700

⛔️ SL: 9.150

🔥REACTIONS?😜",1993a57edf7f5cd839855771604ff334,2026-09-28T13:49:15+00:00,2026-09-28T15:26:15.893977+00:00,1219,cryptosignalsworldfree_10
1723313,11432,"#NMR/USDT LONG NOW 📈
🏠ENTRY: ( 10.543 )",298f1e7bdc1ee1b9f2a71b9a84c18247,2026-09-28T13:49:14+00:00,2026-09-28T15:26:12.665981+00:00,1219,cryptosignalsworldfree_10
1723314,11431,"💎#QNT/USDT  LONG

👍Leverage : Cross 25x50

🏠Entry ...211.90

Use only 3% - 5% amount of your portfolio🤩",3ae11d74ea25b764f9cf71ddc737e2df,2026-09-28T13:49:13+00:00,2026-09-28T15:26:12.684412+00:00,1219,cryptosignalsworldfree_10
1723312,11430,"QNTUSDT LONG NOW 

🏠ENTRY: 236.42",84da35fea0063cc4fe909aa3d2d62e7f,2026-09-28T13:49:13+00:00,2026-09-28T15:26:12.623787+00:00,1219,cryptosignalsworldfree_10
1729348,11497,"💵#ARX/ USDT👑

💎Setup Type: Strong SHORT 🔖Opportuni...

🥉TP ➝ 0.2215

4️⃣TP ➝ 0.2083

🚫Stop Loss: 0.2927",a7a72679ac5ae116166b7933f6404652,2026-09-28T19:34:33+00:00,2026-09-28T19:48:42.633336+00:00,1219,cryptosignalsworldfree_10
1729347,11496,"#MARSCOIN/USDT — BUY (LONG) 
🎉
🟢Leverage: Cross  2...️Stop Loss: 0.13717

⬇️Risk Management:

 REACTION",8ba5852355a3d6af80f2bff32fcb2ef9,2026-09-28T19:34:33+00:00,2026-09-28T19:48:42.625351+00:00,1219,cryptosignalsworldfree_10
1729346,11495,"🔴 SHORT $CRV/USDT | Cross 50X

✅ Entry: MARKET PRICE 

🎯 TP: 0.3280

🛑 SL: 0.3764",d44a3e090d78fee0ebf485db0ee1444c,2026-09-28T19:34:32+00:00,2026-09-28T19:48:42.577861+00:00,1219,cryptosignalsworldfree_10
1729345,11494,"💸 SHORT — RUNE

Entry: 0.7440

💸 Targets: 0.7367 /...87

💸  Stop: 0.7812

💸 Move SL to entry after TP1.",90f5ec8786cddaf82cceb0c26474be14,2026-09-28T19:34:32+00:00,2026-09-28T19:48:42.512078+00:00,1219,cryptosignalsworldfree_10
1729343,11487,"⚡️⚡️#STRK/USDT⚡️⚡️

Signal Type : Long
Leverage : ...0.04079
2) 0.04203
3) 0.04327

Stop Loss : 0.03889",788aefb7249ca10240e5fc3e6f9e5ba5,2026-09-28T19:34:21+00:00,2026-09-28T19:48:42.494952+00:00,1219,cryptosignalsworldfree_10
1729341,11485,"🔴 SHORT

#ALGO/USDT

Entry : 

1) 0.137490
2) 0.14...7977

🛑 Stop : 0.146151

Leverage : 10x (isolated)",d13b0f16060bf37e3b62f3ad6d0fd7a3,2026-09-28T19:34:20+00:00,2026-09-28T19:48:42.436415+00:00,1219,cryptosignalsworldfree_10
1729340,11484,"🔴 SHORT

#CRV/USDT

Entry zone : 0.355865 - 0.3455...12504
0.302087

Stop loss :0.369685

Leverage: 10x",b398500306f7da4cb043ee8d12418816,2026-09-28T19:34:20+00:00,2026-09-28T19:48:42.343539+00:00,1219,cryptosignalsworldfree_10
1729333,11477,"🟢LONG  #BTCUSDT

🔶 Entry : 83000 - 83100

➡️ Lever...ake Profit Targets :

👉 83800

🛑 Stop Loss : 82200",80c5017ccee92076f74d7da0a874ce2a,2026-09-28T19:34:12+00:00,2026-09-28T19:48:42.160994+00:00,1219,cryptosignalsworldfree_10
1729329,11473,"#BTW/USDT SHORT NOW 📉
🏠ENTRY: ( 1.05169 )",e7b4ee0c54ccaf0cb37e1330ac64cd5c,2026-09-28T19:34:09+00:00,2026-09-28T19:48:41.997448+00:00,1219,cryptosignalsworldfree_10
1729328,11472,"📉 SHORT #QNT/USDT 

🚀 LEVERAGE : 75x

📊 ENTRY PRIC... 

TP🟢223.0

TP🟢212.0

STOPLOSS 🔴243.0

REACTIONS?",f6a3603de66502cc2b8222a3bdc8173d,2026-09-28T19:34:08+00:00,2026-09-28T19:48:41.988174+00:00,1219,cryptosignalsworldfree_10
1729327,11471,"💫 Pair: WLD/USDT  💫

🔼 Direction: Long 🔼

✅ Levera...Take Profit: 0.5350 📈

⚠️ Stop Loss: 0.4550 ⚠️

📈📈",1d0677d39a236867a82695c34f528b71,2026-09-28T19:34:07+00:00,2026-09-28T19:48:41.957655+00:00,1219,cryptosignalsworldfree_10
1729325,11469,"🚀 #ONEUSDT LONG SIGNAL 🚀

⚡️ LEVERAGE 50X–75X
📌 EN...h this move together!

🔓 Trade Smart • Trade Safe.",839514a29a75d8920ccf09baab2ac4e9,2026-09-28T19:34:03+00:00,2026-09-28T19:48:41.850691+00:00,1219,cryptosignalsworldfree_10
1729317,11460,"#GRT/USDT SHORT   

👉Leverage : Cross 10× To 30×

...3090
2)  0.02987
3)  0.02893

⭕Stop Loss : 0.03359",d2b1416586d91137439a953cfdc7f079,2026-09-28T19:33:58+00:00,2026-09-28T19:48:41.612717+00:00,1219,cryptosignalsworldfree_10
1729316,11459,#GRT SHORT 0.0315,1931ffafd1f3b2a521e0e714fb9b74e0,2026-09-28T19:33:57+00:00,2026-09-28T19:48:41.575104+00:00,1219,cryptosignalsworldfree_10
1729311,11458,"📊 Let’s LONG #HBAR/USDT

💥 Leverage:  Cross 20×  -...: 

1) 0.123
2) 0.127
3) 0.136

🔖 Stop Loss: 0.112",24dadca2f799a431828f73049eeeed49,2026-09-28T19:33:56+00:00,2026-09-28T19:48:41.330575+00:00,1219,cryptosignalsworldfree_10
1729310,11457,"⚡️ BTC/USDT ⚡️

🔻 SCALP LONG

💎 Leverage: 10x – 15...oss: $82000

⚠️ Trade with proper risk management.",166d00264fef3f0909c1a415d46ae716,2026-09-28T19:33:56+00:00,2026-09-28T19:48:41.312349+00:00,1219,cryptosignalsworldfree_10
1729309,11456,SHORT GRT 0.3220,01846d286c5aab37ff3fa6155c560e17,2026-09-28T19:33:55+00:00,2026-09-28T19:48:41.301503+00:00,1219,cryptosignalsworldfree_10
1729307,11455,"#LTC | SHORT SETUP

💰 Entry: $70.1

🎯 Target1: $69... $67.43620
🎯 Target5: $66.45480

🛡 STOP: $73.60500",fbf782bf603202d872c1fab842680bc3,2026-09-28T19:33:55+00:00,2026-09-28T19:48:41.252880+00:00,1219,cryptosignalsworldfree_10
1729308,11454,"#SHORT 🔴 🔤🔤🔤🔤🔤

#POL/USDT 

Margin Mode : Isolated...55

🟩 SL : 0.12588 - 100%

📊 LEV : 20X

🇯🇵 Premium",624cf1f6e4a0f62bd65fb9ce577b9981,2026-09-28T19:33:53+00:00,2026-09-28T19:48:41.270601+00:00,1219,cryptosignalsworldfree_10
1729300,11453,"✨DASH/USDT

🎗 Trade Type = LONG 🟢

⭐️ Leverage :- ...fit = [ 66.59, 67.36, 67.92, 68.74, 69.28, 70.18 ]",1c8fde355fa7721214e8e5bb86b1b2c5,2026-09-28T19:33:53+00:00,2026-09-28T19:48:40.964140+00:00,1219,cryptosignalsworldfree_10
1729301,11451,"🔘 Coin : #GRT/USDT 🔘

🔴 SHORT

🔺Entry🔻: 0.03204

⭐... - 0.03011

♦️ StopLoss : 0.03323

🔱 Leverage: 25x",44f9e17a68570b8345ba17d59594f83d,2026-09-28T19:33:52+00:00,2026-09-28T19:48:40.964725+00:00,1219,cryptosignalsworldfree_10
1729299,11452,"🌈PAIR:- #QNT/USDT
⚡️ Direction : SHORT
🛠 Leverage:...nt Usage:- 1 - 2%
(According To your Risk Setting)",0ed018e1e2ecbf324bc46ba66cffd6be,2026-09-28T19:33:52+00:00,2026-09-28T19:48:40.959926+00:00,1219,cryptosignalsworldfree_10
1729298,11450,"#HBAR/ USDT — BUY (LONG) 
Leverage: Cross 25x – 50...T IS KEY
👉 Use ONLY 2 – 3% of your total portfolio",9371692b78639ef83c0147e637237d8e,2026-09-28T19:33:51+00:00,2026-09-28T19:48:40.951368+00:00,1219,cryptosignalsworldfree_10
1729297,11449,"↗️ LONG #QNT 75x

📌 Entry: 242

🎯 TP: 249

⛔️ SL: ...t Usage: 1-3%
⚠️ According to your risk management",b743ade70edada3c924e0c6e8b882385,2026-09-28T19:33:51+00:00,2026-09-28T19:48:40.944218+00:00,1219,cryptosignalsworldfree_10
1729288,11447,"LONG POSITION 🐂
XRPUSDT

Leverage: 50x
Entry: $1.4...erve the risk of no more than 2% of the deposit. 💻",8b85712e6a67dd1629a7a4e643779eba,2026-09-28T19:33:35+00:00,2026-09-28T19:48:40.593225+00:00,1219,cryptosignalsworldfree_10
1734769,11506,"🚨 #ZEC/USDT | LONG

⚡Leverage: Cross 20x

🎯Entry T... follow the signal and secure profits at targets.💎",9d36ff18b5b2345e69b27b54b4d06ad1,2026-09-29T02:05:35+00:00,2026-09-29T03:09:09.679935+00:00,1219,cryptosignalsworldfree_10
1734768,11505,"#LRC | SHORT SETUP

💰 Entry: $0.00989

🎯 Target1: ...t4: $0.00951
🎯 Target5: $0.00938

🛡 STOP: $0.01038",a17e7dfec3139760c29d1f15b4a75ab2,2026-09-29T02:05:34+00:00,2026-09-29T03:09:09.672557+00:00,1219,cryptosignalsworldfree_10
1734767,11504,"#LIT | SHORT SETUP

💰 Entry: $4.364

🎯 Target1: $4...t4: $4.19817
🎯 Target5: $4.13707

🛡 STOP: $4.58220",d4c0e49576bd3b2b0aaab21b4307e0ed,2026-09-29T02:05:34+00:00,2026-09-29T03:09:09.661563+00:00,1219,cryptosignalsworldfree_10
1734765,11502,"Long #QNT 75x 237

Tp: 241",36146528ec3bf5c67f199ed5b08bfefc,2026-09-29T02:05:33+00:00,2026-09-29T03:09:09.649798+00:00,1219,cryptosignalsworldfree_10
1736971,11546,"🐳 CRV/USDT #LONG🐳

✳️ ENTRY :- 0.3860- 0.3700

💢 L...0.4500

⛔️ STOP-LOSS :- 0.3600

☝️ Margin Use 2–3%",93955450405dd5fd4c142e0e5da15eff,2026-09-29T05:14:09+00:00,2026-09-29T05:48:42.832446+00:00,1219,cryptosignalsworldfree_10
1736966,11541,"$ZEC/USDT #SHORT📩

✅ENTRY :-1380/1425

Target 1: 1... 𝐎𝐧𝐥𝐲 𝟏-𝟑% 𝐎𝐟 𝐎𝐮𝐫 𝐃𝐞𝐩𝐨𝐬𝐢𝐭 𝐅𝐨𝐫 𝐄𝐚𝐜𝐡 𝐓𝐫𝐚𝐝𝐞

React,??",d5cdd0bb3465279c4182bf52d27652ca,2026-09-29T05:14:07+00:00,2026-09-29T05:48:42.656703+00:00,1219,cryptosignalsworldfree_10
1736964,11538,"🟢 LONG $NEAR/USDT | Cross 20X 

✅ Entry: 4.70

🎯 TP: 4.85  - 5.02 -  5.30

🛑 SL: 4.40",1f0fe6a620cbb5ed07e61ed217c63724,2026-09-29T05:14:06+00:00,2026-09-29T05:48:42.513791+00:00,1219,cryptosignalsworldfree_10
1736963,11537,"🟢 LONG $AVAX/USDT | Cross 20X 

✅ Entry: 10.37

🎯 TP: 10.60  - 10.95 -  11.40

🛑 SL: 9.70",351c2f183a3a39668fcb1b2e0966fcc5,2026-09-29T05:14:06+00:00,2026-09-29T05:48:42.499591+00:00,1219,cryptosignalsworldfree_10
1736960,11534,"#BTC has broken above the key 83,000 level, as hig... at these levels. I will look out for 96k - 110k 🐂",3ace78889757aa6cbc3928cce9cc445f,2026-09-29T05:14:05+00:00,2026-09-29T05:48:42.417091+00:00,1219,cryptosignalsworldfree_10
1741718,11704,"#AKE/USDT 🟢 LONG

📍 Entry Zone: 0.032631 – 0.03396...n: LONG

⚠️ Manage your risk and trade responsibly",1714d182b3e23f7b85b1457f9ac0bdae,2026-09-29T07:47:54+00:00,2026-09-29T07:52:18.671889+00:00,1219,cryptosignalsworldfree_10
1741717,11703,"💎#ONE/USDT  LONG

👍Leverage : Cross 25x50

🔝Entry ...020550

Use only 3% - 5% amount of your portfolio🤩",51f32f52ca61bb8c7ee93fb73fb20e13,2026-09-29T07:47:54+00:00,2026-09-29T07:52:18.569340+00:00,1219,cryptosignalsworldfree_10
1741716,11702,"ONEUSDT LONG NOW 

🏠ENTRY: 0.0022380",257071220ef1ff5a1b1da910eb401ea0,2026-09-29T07:47:54+00:00,2026-09-29T07:52:18.549764+00:00,1219,cryptosignalsworldfree_10
1741715,11701,"Coin #AKE/USDT

Position: LONG 

Leverage:  Cross ...rgets: 🎯 0.0335, 0.0455, 0.0380

Stop Loss: 0.0300",5ac69357e18f1269778bf8d8b1a2d867,2026-09-29T07:47:53+00:00,2026-09-29T07:52:18.520059+00:00,1219,cryptosignalsworldfree_10
1741710,11700,"⭐ ARX/USDT — LONG

💵 ENTRY: 0.2880-0.2700

⚙️ LEVE...o

📌 Follow the setup and manage your risk wisely.",d8ea18db06b3e0571c0bb6c33ed89f50,2026-09-29T07:47:53+00:00,2026-09-29T07:52:18.313315+00:00,1219,cryptosignalsworldfree_10
1741706,11697,"⭐ GRASS/USDT — SHORT

💵 ENTRY: 0.6800-0.7000

⚙️ L...o

📌 Follow the setup and manage your risk wisely.",bab79044b20363579f95bb230e97f0c3,2026-09-29T07:12:37+00:00,2026-09-29T07:52:18.135384+00:00,1219,cryptosignalsworldfree_10
1741705,11696,"⭐ CELO/USDT — LONG

💵 ENTRY: 0.10440-0.10200

⚙️ L...o

📌 Follow the setup and manage your risk wisely.",298ae3db13f05841d6ba5ba3566bfdc1,2026-09-29T07:12:37+00:00,2026-09-29T07:52:18.105202+00:00,1219,cryptosignalsworldfree_10
1741699,11695,"❖ CRV/USDT

❖ SHORT [ 10×20 ]

➤ Entry Zone:- 0.39... TP2: 0.3750
▪️ TP3: 0.3600

➤ Stop Loss :- 0.4200",51b041be545bdc41f6695ff313b528c4,2026-09-29T06:55:24+00:00,2026-09-29T07:52:17.924301+00:00,1219,cryptosignalsworldfree_10
1741698,11694,"🔴 Short

Pair: #COMP/USDT

📊 Entry Price: 

1) 24....3.15
4) 22.63

Stop Loss: 25.85

Leverage: 10x-20x",64c090feadfbc534a730cc2d178d9cd9,2026-09-29T06:55:24+00:00,2026-09-29T07:52:17.922642+00:00,1219,cryptosignalsworldfree_10
1741689,11689,"#C98 | LONG SETUP

💰 Entry: $0.01613

🎯 Target1: $...t4: $0.01674
🎯 Target5: $0.01697

🛡 STOP: $0.01532",b2472f887838e5d05664d6a0db6d424a,2026-09-29T06:28:47+00:00,2026-09-29T07:52:17.534098+00:00,1219,cryptosignalsworldfree_10
1741688,11688,"🚀 #HBARUSDT SHORT SIGNAL 🚀

⚡️ LEVERAGE 50X–75X
📌 ...h this move together!

🔓 Trade Smart • Trade Safe.",9ff70bd859e31c1327cd414f8d5c0dc1,2026-09-29T06:28:47+00:00,2026-09-29T07:52:17.468258+00:00,1219,cryptosignalsworldfree_10
1741687,11687,"#MINA | LONG SETUP

💰 Entry: $0.15218

🎯 Target1: ...t4: $0.15796
🎯 Target5: $0.16009

🛡 STOP: $0.14457",661b9abb47007953ef286a55978332a8,2026-09-29T06:15:38+00:00,2026-09-29T07:52:17.376774+00:00,1219,cryptosignalsworldfree_10
1741686,11686,"📊#CRV/USDT–SHORT–10x - 30x 🚀

📍 𝐄𝐧𝐭𝐫𝐲 𝐙𝐨𝐧𝐞:

➥ 0.3...tal.

⚠️ Disclaimer:
Trade at your own risk. DYOR.",58e7e6b8347e055a5baf9ab40380002e,2026-09-29T06:15:38+00:00,2026-09-29T07:52:17.359700+00:00,1219,cryptosignalsworldfree_10
1741685,11685,"🛎️ Trade: #VELODROME/USDT

Direction: 📈 LONG 

🟢 E...5
• Target 6: 0.03782

💠 Leverage : 5x - 10x - 20x",e56110a633fa795ed39873368708daa4,2026-09-29T06:05:09+00:00,2026-09-29T07:52:17.303393+00:00,1219,cryptosignalsworldfree_10
1741678,11683,"🟢 Long

#DASH/USDT

Entry : 

1) 59.91
2) 58.11

T...) 64.00

🛑 Stop : 56.13

Leverage : 10x (isolated)",4c705fccf572d26164ad5e377247cc50,2026-09-29T05:59:56+00:00,2026-09-29T07:52:17.130261+00:00,1219,cryptosignalsworldfree_10
1741677,11682,"🟢 Long

#BCH/USDT

Entry : 

1) 304.86
2) 295.71

...325.71

🛑 Stop : 285.65

Leverage : 10x (isolated)",f3438df5cfdc58ce3df1d851bb5fdfdb,2026-09-29T05:59:56+00:00,2026-09-29T07:52:16.998755+00:00,1219,cryptosignalsworldfree_10
1741676,11681,"$ZEC/USDT #SHORT📩

✅ENTRY :-1380/1425

Target 1: 1... 𝐎𝐧𝐥𝐲 𝟏-𝟑% 𝐎𝐟 𝐎𝐮𝐫 𝐃𝐞𝐩𝐨𝐬𝐢𝐭 𝐅𝐨𝐫 𝐄𝐚𝐜𝐡 𝐓𝐫𝐚𝐝𝐞

React,??",d5cdd0bb3465279c4182bf52d27652ca,2026-09-29T05:59:56+00:00,2026-09-29T07:52:16.974667+00:00,1219,cryptosignalsworldfree_10
1741675,11680,"🐳 CRV/USDT #LONG🐳

✳️ ENTRY :- 0.3860- 0.3700

💢 L...0.4500

⛔️ STOP-LOSS :- 0.3600

☝️ Margin Use 2–3%",93955450405dd5fd4c142e0e5da15eff,2026-09-29T05:59:56+00:00,2026-09-29T07:52:16.919114+00:00,1219,cryptosignalsworldfree_10
1741670,11677,"✨GRT/USDT

🎗 Trade Type = LONG 🟢

⭐️ Leverage :- 2...073, 0.03103, 0.03137, 0.03164, 0.03196, 0.03239 ]",f7104a8ee15abadd9615c8a4b1736910,2026-09-29T05:58:42+00:00,2026-09-29T07:52:16.785556+00:00,1219,cryptosignalsworldfree_10
1741667,11676,"#GRASS/USDT LONG   

👉Leverage : Cross 10× To 30×
...

1)  0.702
2)  0.745
3)  0.800

⭕Stop Loss : 0.63",2bf4e71509a89b49ce9da943c5a6581c,2026-09-29T05:58:42+00:00,2026-09-29T07:52:16.648266+00:00,1219,cryptosignalsworldfree_10
1741661,11673,"🚀LONG: $GRASS/USDT🚀
LEVERAGE: 20X-50X

🤍 ENTRY PRI...0.7450- 0.80
—————

❌ STOP LOSS: 0.58❌


REACTIONS",00da7c8a379548d47ec39b604e7410de,2026-09-29T05:57:22+00:00,2026-09-29T07:52:16.467629+00:00,1219,cryptosignalsworldfree_10
1741658,11671,"🔰NMR/USDT 🔰   

🟢 LONG 10X 20X

♻ ENTRY 
1️⃣ 14.23...

1️⃣ 14.88
2️⃣ 15.60
3️⃣ 16.80

⛔ STOPLOSS  12.14",c5bb2e58a81227486f0c4b5621eb922b,2026-09-29T05:57:05+00:00,2026-09-29T07:52:16.358543+00:00,1219,cryptosignalsworldfree_10
1741657,11672,"Coin #ALGO/USDT

Position: LONG 

Leverage:  Cross...rgets: 🎯 0.1466, 0.1652, 0.2000

Stop Loss: 0.1230",326f8d282d300af39027fb25244344e6,2026-09-29T05:57:05+00:00,2026-09-29T07:52:16.357059+00:00,1219,cryptosignalsworldfree_10
1741656,11670,"✅ Long

#ZEC/USDT

Entry zone : 1410.01 - 1453.62
...90.98
1634.37

Stop loss :1351.8666

Leverage: 10x",120fab979f69e4afad22a593bbc13fb0,2026-09-29T05:57:05+00:00,2026-09-29T07:52:16.348288+00:00,1219,cryptosignalsworldfree_10
1741655,11669,"🔰 LINK/USDT 🔰

🔴 SHORT 20X

🔳 ENTRY :- 15.05

☑️ TARGET:- 14.70 - 14.10 - 13.20

🔴 STOP :- 16.00",831406f5e6c7e9e21ff4bd0a5c432a56,2026-09-29T05:57:05+00:00,2026-09-29T07:52:16.312436+00:00,1219,cryptosignalsworldfree_10
1741654,11668,"🚀 $ARX/USDT PERP 🚀

🟢 LONG

💰 Entry : 0.265$ – 0.2... 5X – 25X

⛔️ SL : 0.210$

📌 Use Only 2-5% Capital",99e1acda7120323cec54066f61463f95,2026-09-29T05:55:29+00:00,2026-09-29T07:52:16.277417+00:00,1219,cryptosignalsworldfree_10
1741653,11667,"📈 LONG #NIGHT/USDT

♻ Leverage: 20X

➡️ Entry :- 0...
1) 0.0290
2) 0.0300
3) 0.0320

⭕ Stop Loss: 0.026",082274a3cf1bed7c281c060ddf15ef50,2026-09-29T05:55:29+00:00,2026-09-29T07:52:16.206769+00:00,1219,cryptosignalsworldfree_10
1741651,11665,"⚡ #HBAR/USDT

📥 Short 

💹 Buy: 0.1189 - 0.1228

🧿 ...144 - 0.1133

🧨 StopLoss: 0.1255 

🔘 Leverage: 20x",cebfc0d26a2d5a6ae1ec5f46b9ac1b89,2026-09-29T05:55:28+00:00,2026-09-29T07:52:16.134064+00:00,1219,cryptosignalsworldfree_10
1741650,11664,"💵 𝐒𝐈𝐆𝐍𝐀𝐋 𝐀𝐋𝐄𝐑𝐓 💵

#0G/USDT (25xLONG)

✅ ENTRY:0.27...
TARGETS:- 0.2830/0.2990/0.3250

❌ STOP LOSS: 0.24",f4ade97889b467b62ed29715ea58ef6f,2026-09-29T05:55:28+00:00,2026-09-29T07:52:16.131335+00:00,1219,cryptosignalsworldfree_10
1741649,11663,"⚡️⚡️ #LINK/USDT ⚡️⚡️
Exchanges: Bingx 
Signal Type...) 13.82646
6) 13.60583
7) 🚀🚀🚀

Stop Targets:
5-10%",b9b07f026ca3a08eace1a2dfa60f0e45,2026-09-29T05:55:28+00:00,2026-09-29T07:52:16.115214+00:00,1219,cryptosignalsworldfree_10
1741648,11662,"⚡️⚡️ #IOTA/USDT ⚡️⚡️
Exchanges: Bingx 
Signal Type...
5) 0.05197
6) 0.05114
7) 🚀🚀🚀

Stop Targets:
5-10%",a7092a05b44b5260fe4f9aad4cd2a72e,2026-09-29T05:55:27+00:00,2026-09-29T07:52:16.008984+00:00,1219,cryptosignalsworldfree_10
1741647,11661,"⚡️⚡️ #AIN/USDT ⚡️⚡️
Exchanges: Bingx 
Signal Type:...
5) 0.02179
6) 0.02144
7) 🚀🚀🚀

Stop Targets:
5-10%",b354054f89566cbb64095c896c34ce51,2026-09-29T05:55:27+00:00,2026-09-29T07:52:15.995496+00:00,1219,cryptosignalsworldfree_10
1741644,11659,"⚡️⚡️ #HBAR/USDT ⚡️⚡️
Exchanges: Bingx 
Signal Type...
5) 0.11318
6) 0.11137
7) 🚀🚀🚀

Stop Targets:
5-10%",a80c36f498fa539904c36b7711f8be29,2026-09-29T05:55:27+00:00,2026-09-29T07:52:15.934311+00:00,1219,cryptosignalsworldfree_10
1741645,11658,"⚡️⚡️ #NMR/USDT ⚡️⚡️
Exchanges: Bingx 
Signal Type:...) 12.91184
6) 12.70580
7) 🚀🚀🚀

Stop Targets:
5-10%",8801e0673f130cea86d5abfe0c249a51,2026-09-29T05:55:26+00:00,2026-09-29T07:52:15.935644+00:00,1219,cryptosignalsworldfree_10
1741643,11657,"#LONG 🟢🔤🔤🔤🔤🔤

#CRV/USDT

Margin Mode : Isolated 💎
...1

🟥 SL : 0.3664 - 100%   

📊 LEV : 20X

🇯🇵Premium",1779639ac2265d8726651db7e55cca9b,2026-09-29T05:53:31+00:00,2026-09-29T07:52:15.784706+00:00,1219,cryptosignalsworldfree_10
1741642,11656,"✅ Long

Pair: #LTC/USDT

📊 Entry Price: 

1) 68.41...1.66
4) 73.09

Stop Loss: 64.10

Leverage: 10x-20x",13dd1a2ab5ede2134cc2c7b669cec42f,2026-09-29T05:53:31+00:00,2026-09-29T07:52:15.781332+00:00,1219,cryptosignalsworldfree_10
1741641,11655,"🌹 #NEAR/USDT

🔴SHORT

✅ Entry: 4.561- 4.651

❌ Sto...l advice.
💰 Stay disciplined. Protect your capital",12dde59fa32e6fd17f3ea112814a6edd,2026-09-29T05:53:31+00:00,2026-09-29T07:52:15.751505+00:00,1219,cryptosignalsworldfree_10
1741640,11654,"#GRASS/ USDT — BUY (LONG) 
Leverage: Cross 25x – 5...T IS KEY
👉 Use ONLY 2 – 3% of your total portfolio",3b6547bd96e7836ece726267b28e62ac,2026-09-29T05:53:31+00:00,2026-09-29T07:52:15.739542+00:00,1219,cryptosignalsworldfree_10
1741639,11653,"📊 Let’s LONG #GRASS/USDT

💥 Leverage:  Cross 20×  ...: 

1) 0.713
2) 0.745
3) 0.780

🔖 Stop Loss: 0.655",ba9485d934fc280c3c93aec328e8ac42,2026-09-29T05:53:30+00:00,2026-09-29T07:52:15.690447+00:00,1219,cryptosignalsworldfree_10
1741638,11652,"📊 Let’s LONG #FIGHT/USDT

💥 Leverage:  Cross 20×  ....00433
2) 0.00440
3) 0.00460

🔖 Stop Loss: 0.00412",32d32ec13de4b40d5ee8fcb2149d5d3e,2026-09-29T05:53:30+00:00,2026-09-29T07:52:15.551133+00:00,1219,cryptosignalsworldfree_10
1741637,11650,"#ALGO/USDT — BUY (LONG) 
🎉
🟢Leverage: Cross  25x

...⛔️Stop Loss: 0.1272

⬇️Risk Management:

 REACTION",0780c1c5cd561462f6dc98783e429afc,2026-09-29T05:53:29+00:00,2026-09-29T07:52:15.549856+00:00,1219,cryptosignalsworldfree_10
1745407,11734,"HBARUSDTUSDT  
Exchanges: BINGX 

🟢 Long
Leverage-....15163000
6) 0.16376000
7) 🚀🚀🚀 

⛔️ SL:
0.11300000",5b93bb9daf5fd2640ef8e9c0b19534a9,2026-09-29T09:50:23+00:00,2026-09-29T09:53:13.640525+00:00,1219,cryptosignalsworldfree_10
1745406,11733,"🚀 LONG: $QNT/USDT
LEVERAGE: 50x

✔️ENTRY PRICE: 25...- PROFIT

260-271-290

STOP LOSS:  239

REACTIONS?",854f801b413d9b79e1b6e27c0240cc3c,2026-09-29T09:50:23+00:00,2026-09-29T09:53:13.563227+00:00,1219,cryptosignalsworldfree_10
1745405,11732,"⚡️$1INCH/USDT⚡️

SHORT
Leverage: 25X

Entry: 0.101...1)0.09969
2)0.09765
3)0.09562

Stoploss: 0.1108748",4cfeaaa4785c7916cdd485b68d9094d5,2026-09-29T09:43:44+00:00,2026-09-29T09:53:13.510832+00:00,1219,cryptosignalsworldfree_10
1745404,11731,"🌈PAIR:- #0G/USDT
⚡️ Direction : LONG
🛠 Leverage: C...nt Usage:- 1 - 2%
(According To your Risk Setting)",90b9f841e368e6bbe47f8c736df6d630,2026-09-29T09:41:10+00:00,2026-09-29T09:53:13.470273+00:00,1219,cryptosignalsworldfree_10
1745403,11730,"🚀 LONG: $HBAR/USDT
LEVERAGE: 50x

✔️ENTRY PRICE: 0...200-0.1250-0.1300

STOP LOSS:  0.1130


REACTIONS?",5c3f2043fcf076dece5801d30a584198,2026-09-29T09:41:10+00:00,2026-09-29T09:53:13.446734+00:00,1219,cryptosignalsworldfree_10
1745396,11722,"🪙#NMR/USDT

🚩POSITION — SHORT

🔒  LEVERAGE — 20X

...🥈: 11.700
TP🥉: 11.100

⛔️ SL: 14.400

🔥REACTIONS?😜",9fdc72ed1871b6c7ddf5a4ad82d2df3f,2026-09-29T09:41:03+00:00,2026-09-29T09:53:13.201517+00:00,1219,cryptosignalsworldfree_10
1745395,11721,"#NMR/USDT SHORT NOW 📉
🏠ENTRY: ( 12.432 )",e8974c069c2d15dec75ddf320f4b7fb9,2026-09-29T09:41:03+00:00,2026-09-29T09:53:13.152502+00:00,1219,cryptosignalsworldfree_10
1745394,11720,"📊 CVX/USDT — LONG

📍 ENTRY: 2.31

🎯 TARGET 1: 2.37...Manage your risk & trade responsibly.

🔥 LET’S GO!",0a8c2ae8cf0c07af41a2aca8f06bed2f,2026-09-29T09:41:02+00:00,2026-09-29T09:53:13.015387+00:00,1219,cryptosignalsworldfree_10
1745393,11719,"🪙#CLO/USDT

🚩POSITION — SHORT

🔒  LEVERAGE — 20X

...🥈: 0.0555
TP🥉: 0.0520

⛔️ SL: 0.0680

🔥REACTIONS?😜",c591dbb1b25d9109b245bdba32a39bc1,2026-09-29T09:41:02+00:00,2026-09-29T09:53:12.984758+00:00,1219,cryptosignalsworldfree_10
1745391,11718,"#CLO/USDT SHORT NOW 📉
🏠ENTRY: ( 0.0592 )",644f4b0f5dd39faabd81e505cb26e6bb,2026-09-29T09:41:01+00:00,2026-09-29T09:53:12.972534+00:00,1219,cryptosignalsworldfree_10
1745392,11717,"💎#SOON/USDT  LONG

👍Leverage : Cross 25x50

🔝Entry...0.3285

Use only 3% - 5% amount of your portfolio🤩",fcab7c226ea1013ae4690d2dca720197,2026-09-29T09:41:01+00:00,2026-09-29T09:53:12.948253+00:00,1219,cryptosignalsworldfree_10
1745390,11716,"SOONUSDT LONG NOW 

🏠ENTRY: 0.3615",291b6d1776b54a9cc8800730ab5581d8,2026-09-29T09:41:01+00:00,2026-09-29T09:53:12.933974+00:00,1219,cryptosignalsworldfree_10
1745389,11715,"⚡️$ARX/USDT⚡️

LONG
Leverage: 20X 

Entry: 0.2685

Target:

1)0.2720
2)0.29
3)0.34

Stoploss: 0.24",11dd002969ea35ef5ff1f78b2db3a01b,2026-09-29T09:41:00+00:00,2026-09-29T09:53:12.827841+00:00,1219,cryptosignalsworldfree_10
1745387,11714,"BTC/USD SELL 

Entry : $ 83718

Target1: $  82800
Target2: $  80800
Target3: $  79000

SL : $ 85425",6d4f28087f8ec5749f3ac087a4e055e0,2026-09-29T09:41:00+00:00,2026-09-29T09:53:12.701772+00:00,1219,cryptosignalsworldfree_10
1745386,11713,"👑 CRV/USDT — TRADE LONG

LEVERAGE 25X TO 50X

✅ EN...0

⛔️ STOP LOSS: 0.3750

⚡️ NO FEAR — JUST PROFITS",05210ef16e286e9d1978f1a0805cc9b5,2026-09-29T09:40:59+00:00,2026-09-29T09:53:12.695392+00:00,1219,cryptosignalsworldfree_10
1749515,11761,"DIRECTION : LONG

PAIR : #CELO/USDT 

Leverage : 5....12100
0.13000
0.13777
0.14585

Stop-Loss: 0.10300",cc0cae95c3236dbebb4a025c0c943e0a,2026-09-29T11:48:38+00:00,2026-09-29T12:07:03.481114+00:00,1219,cryptosignalsworldfree_10
1749514,11760,"💎#NMR/USDT  LONG

👍Leverage : Cross 25x50

🔝Entry ...12.340

Use only 3% - 5% amount of your portfolio🤩",8809097561f5855da5edb0a7392bc899,2026-09-29T11:48:37+00:00,2026-09-29T12:07:03.447428+00:00,1219,cryptosignalsworldfree_10
1749513,11759,"📊 #SYRUP/USDT

🟢 POSITION: LONG

💰 ENTRY RANGE
➤ 0...
➤ 0.200

━━━━━━━━━━━━━━━━━━

✅ Manage risk wisely",e6449bfd05fe1ddf7cd707fa099bfbc7,2026-09-29T11:48:37+00:00,2026-09-29T12:07:03.420314+00:00,1219,cryptosignalsworldfree_10
1749507,11752,"💵#QNT/ USDT👑

💎Setup Type: Strong LONG 🔖Opportunit...

🥉TP ➝ 295.00

4️⃣TP ➝ 350.00

🚫Stop Loss: 200.00",81a94235ce64bd17ad564914d7a1922b,2026-09-29T11:47:52+00:00,2026-09-29T12:07:03.183457+00:00,1219,cryptosignalsworldfree_10
1749505,11750,"👑 0G/USDT — TRADE LONG

LEVERAGE 25X TO 50X

✅ ENT...0

⛔️ STOP LOSS: 0.2990

⚡️ NO FEAR — JUST PROFITS",69348d8bea3e85042f0a5ac51b7cfe16,2026-09-29T11:47:51+00:00,2026-09-29T12:07:03.083158+00:00,1219,cryptosignalsworldfree_10
1749504,11749,"💎#CELO/USDT  LONG

👍Leverage : Cross 25x50

🔝Entry....10745

Use only 3% - 5% amount of your portfolio🤩",50f760ae72aa391c15e98bf7de503a9e,2026-09-29T11:47:51+00:00,2026-09-29T12:07:03.066350+00:00,1219,cryptosignalsworldfree_10
1749503,11748,"CELOUSDT LONG NOW 

🏠ENTRY: 0.11645",5308f62ba0abfbf66125203d19186223,2026-09-29T11:47:50+00:00,2026-09-29T12:07:03.029362+00:00,1219,cryptosignalsworldfree_10
1749496,11740,"📈 LONG #0G/USDT 

🚀 LEVERAGE : 50x

📊  ENTRY PRICE...

TP🟢0.324

TP🟢0.340

STOPLOSS 🔴0.300


REACTIONS?",7bc6cb6769fa75d47ea919db727aa5ed,2026-09-29T11:47:36+00:00,2026-09-29T12:07:02.785297+00:00,1219,cryptosignalsworldfree_10
1749494,11739,"💎#NMR/USDT  LONG

👍Leverage : Cross 25x50

🔝Entry ...12.340

Use only 3% - 5% amount of your portfolio🤩",8809097561f5855da5edb0a7392bc899,2026-09-29T11:47:36+00:00,2026-09-29T12:07:02.638391+00:00,1219,cryptosignalsworldfree_10
1749493,11738,"NMRUSDT LONG NOW 

🏠ENTRY: 13.121",0cb080a0b70ba3e2f682f767fa992421,2026-09-29T11:47:36+00:00,2026-09-29T12:07:02.637340+00:00,1219,cryptosignalsworldfree_10
1749495,11737,"📊 #SYRUP/USDT

🟢 POSITION: LONG

💰 ENTRY RANGE
➤ 0...
➤ 0.200

━━━━━━━━━━━━━━━━━━

✅ Manage risk wisely",e6449bfd05fe1ddf7cd707fa099bfbc7,2026-09-29T11:47:35+00:00,2026-09-29T12:07:02.644539+00:00,1219,cryptosignalsworldfree_10
1749492,11736,"BTC/ USDT/ SHORT
Entry at market price 

Cross || ...only 1% of your wallet. 
Manage your risk properly",82a299cbad92a913c6f8715698760937,2026-09-29T10:00:18+00:00,2026-09-29T12:07:02.631412+00:00,1219,cryptosignalsworldfree_10
1749491,11735,"Pair: #GRT/USDT

Long • (20X)

Entry
0.03055 - 0.0...t your own risk. Always use proper risk management",32e42d8eefee2536988885def57a1bed,2026-09-29T10:00:18+00:00,2026-09-29T12:07:02.603638+00:00,1219,cryptosignalsworldfree_10
1753143,11770,"⭐ NMR/USDT — LONG

💵 ENTRY: 12.400-12.00

⚙️ LEVER...o

📌 Follow the setup and manage your risk wisely.",e7bd79c8cf720b84132537b50d3bccdd,2026-09-29T13:25:54+00:00,2026-09-29T14:34:01.067302+00:00,1219,cryptosignalsworldfree_10
1753142,11769,"🔴 SHORT

#ONT/USDT

Entry zone : 0.059925 - 0.0581...2623
0.050869

Stop loss :0.0622526

Leverage: 10x",c72f42d6ba4e8b1ab084dc271abfb1b6,2026-09-29T13:25:53+00:00,2026-09-29T14:34:01.047172+00:00,1219,cryptosignalsworldfree_10
1753141,11768,"🔴 SHORT

#XRP/USDT

Entry : 

1) 1.5468
2) 1.5932
...1.4397

🛑 Stop : 1.6442

Leverage : 10x (isolated)",a2cf00f1e679226f3a047eac743303be,2026-09-29T13:25:53+00:00,2026-09-29T14:34:00.977190+00:00,1219,cryptosignalsworldfree_10
1753139,11767,"💎#0G/USDT  LONG

👍Leverage : Cross 25x50

🔝Entry :...0.3192

Use only 3% - 5% amount of your portfolio🤩",169f317f54478ce6b5150f553b6dea85,2026-09-29T13:25:52+00:00,2026-09-29T14:34:00.846884+00:00,1219,cryptosignalsworldfree_10
1753138,11764,"$XAI - LONG ( Swing trade ) 📈📈📈

Entry : Market Pr...having dropped 100-fold from its all-time high.📈📈📈",ea2da659dce5cd6286e9a89c518f9080,2026-09-29T13:25:50+00:00,2026-09-29T14:34:00.840699+00:00,1219,cryptosignalsworldfree_10
1753137,11765,"🔘 Coin : #WIF/USDT 🔘

🟢 LONG

🔺Entry🔻: 0.2404

⭐️ ...01 - 0.2524

♦️ StopLoss : 0.2323

🔱 Leverage: 25x",310dd4118f022095214d89fd6160d30e,2026-09-29T13:25:50+00:00,2026-09-29T14:34:00.838767+00:00,1219,cryptosignalsworldfree_10
1753136,11763,"#0G/ USDT — BUY (LONG) 
Leverage: Cross 25x – 50x
...T IS KEY
👉 Use ONLY 2 – 3% of your total portfolio",3c9f26d51ffd6559b69a6edeae32141e,2026-09-29T13:25:50+00:00,2026-09-29T14:34:00.816014+00:00,1219,cryptosignalsworldfree_10
1756799,11792,"Zcash (ZEC).

The price of ZEC has begun to show s... rally is a return to the $1,650 resistance level.",9695a325d741aa6f9acb4d1cc4ed374d,2026-09-29T15:22:37+00:00,2026-09-29T16:46:08.694537+00:00,1219,cryptosignalsworldfree_10
1756798,11791,"#GRASS/USDT LONG   

👉Leverage : Cross 10× To 30×
...it

1)  0.72
2)  0.75
3)  0.79

⭕Stop Loss : 0.669",b37a6ea0f76a6333ac6e65e6d7179ef5,2026-09-29T15:01:04+00:00,2026-09-29T16:46:08.595841+00:00,1219,cryptosignalsworldfree_10
1756792,11790,"✅Entry  -0.4065 - 0.3960

(🆘LONG CRVUSDT 5-20x🆘)

... 5  $0.4290
🏹Target 6  $0.4330

🚫Stop loss -0.3839",6abd803fe058ee8203fe2295cc5b6766,2026-09-29T15:00:05+00:00,2026-09-29T16:46:08.416366+00:00,1219,cryptosignalsworldfree_10
1756791,11789,LONG CRV 0.40654,7c7333828a4699dc1114aabaf4db35a8,2026-09-29T15:00:04+00:00,2026-09-29T16:46:08.403178+00:00,1219,cryptosignalsworldfree_10
1756790,11788,"🚨 #ETHFI/USDT | LONG 

⚡Leverage: Cross 20x

🎯Entr... follow the signal and secure profits at targets.💎",0c164572d6a87c5b188ca0983979e53f,2026-09-29T15:00:04+00:00,2026-09-29T16:46:08.390061+00:00,1219,cryptosignalsworldfree_10
1756789,11787,"🚨 #USELESS/USDT | LONG 

⚡Leverage: Cross 20x

🎯En... follow the signal and secure profits at targets.💎",6e8ccba2fc09f27c3068be4bd2fdc130,2026-09-29T15:00:03+00:00,2026-09-29T16:46:08.370584+00:00,1219,cryptosignalsworldfree_10
1756787,11785,"⭐ 0G/USDT — LONG

💵 ENTRY: 0.34800-0:33800

⚙️ LEV...o

📌 Follow the setup and manage your risk wisely.",0150e7efd3f7c95721652bb81538cd43,2026-09-29T15:00:03+00:00,2026-09-29T16:46:08.204866+00:00,1219,cryptosignalsworldfree_10
1756785,11784,"✨LINK/USDT

🎗 Trade Type = SHORT 🔴

⭐️ Leverage :-...[ 15.027, 14.871, 14.716, 14.559, 14.428, 14.236 ]",5b3b92d53d75d81ec0e3219012ecffbf,2026-09-29T15:00:02+00:00,2026-09-29T16:46:08.192544+00:00,1219,cryptosignalsworldfree_10
1756784,11782,"👑 GRASS/USDT — TRADE LONG

LEVERAGE 25X TO 50X

✅ ...0

⛔️ STOP LOSS: 0.6690

⚡️ NO FEAR — JUST PROFITS",1c84c943c54cd56c0c63795a18916880,2026-09-29T15:00:02+00:00,2026-09-29T16:46:08.188970+00:00,1219,cryptosignalsworldfree_10
1756782,11779,"🚀 #TRIAUSDT LONG SIGNAL 🚀

⚡️ LEVERAGE 50X–75X
📌 E...h this move together!

🔓 Trade Smart • Trade Safe.",1ef4d97f8c35cbd7c028d87ae4a1b00a,2026-09-29T15:00:01+00:00,2026-09-29T16:46:07.995795+00:00,1219,cryptosignalsworldfree_10
1756780,11780,"#LONG 🟢🔤🔤🔤🔤🔤

#ETH/USDT

Margin Mode : Isolated 💎
...992

🟥 SL : 2629 - 100%   

📊 LEV : 20X

🇯🇵Premium",9b5c200645b610439d73db5cfe2da275,2026-09-29T15:00:01+00:00,2026-09-29T16:46:07.991441+00:00,1219,cryptosignalsworldfree_10
1756774,11771,"ZEC‼️ 

LONG NOW  🚀
Leverage 75X
Target 🎯 100% / 300% / 600%
Margin 1% wallet size 

Stop-loss: Wait",439d7bfed151e578e7c3d92df4699f2c,2026-09-29T14:59:43+00:00,2026-09-29T16:46:07.710267+00:00,1219,cryptosignalsworldfree_10
1759321,11826,"🔰 PAIR: XRP/ USDT 💹

🟢Position: LONG🚀

☑️ Entry Zo...:
🥇 1.4974
🥈 1.5040
🥉 1.5163

❌ Stop Loss: 🔴1.4742",66f19f0c9f15dfdab74f0d1b3a4b15e2,2026-09-29T18:43:30+00:00,2026-09-29T18:48:50.991883+00:00,1219,cryptosignalsworldfree_10
1759316,11821,"🪙#LYN/USDT

🚩POSITION — SHORT

🔒  LEVERAGE — 20X

...0.03460
TP🥉: 0.03230

⛔️ SL: 0.04300

🔥REACTIONS?😜",0a49449ddedcb4c93155fcd170af8972,2026-09-29T18:43:28+00:00,2026-09-29T18:48:50.773137+00:00,1219,cryptosignalsworldfree_10
1759315,11820,"#LYN/USDT SHORT NOW 📉
🏠ENTRY: ( 0.03674 )",93f75458abda3fc9d022eb696fad38c3,2026-09-29T18:43:28+00:00,2026-09-29T18:48:50.689467+00:00,1219,cryptosignalsworldfree_10
1759295,11797,"DEEPUSDTUSDT  
Exchanges: BINGX 

🟢 Short
Leverage....02039000
6) 0.01876000
7) 🚀🚀🚀 

⛔️ SL:
0.02258550",835f6382a746bb843f8bc50538be1bcb,2026-09-29T18:18:02+00:00,2026-09-29T18:48:49.797884+00:00,1219,cryptosignalsworldfree_10
1759292,11794,"$BTC LONG🟢 (25x Lev) 

Entry -  82000$

Targets

1)83000$
2)84000$
3)85000$

SL- 81000$",277746e198a4a6e9cf70acc48bdf51e4,2026-09-29T18:17:51+00:00,2026-09-29T18:48:49.777399+00:00,1219,cryptosignalsworldfree_10
1765488,11865,"#AIOZ | SHORT SETUP

💰 Entry: $0.11112

🎯 Target1:...t4: $0.10690
🎯 Target5: $0.10534

🛡 STOP: $0.11668",7a5f98ebfabf3c52a4c2ad165be37694,2026-09-30T00:03:51+00:00,2026-09-30T00:42:23.182492+00:00,1219,cryptosignalsworldfree_10
1765486,11866,"HYPEUSDTUSDT  
Exchanges: BINGX 

🟢 Short
Leverage...0
4) 83.04
5) 81.73
6) 75.19
7) 🚀🚀🚀 

⛔️ SL:
89.48",71b0dac5e254eef83e4c6814579fa5ad,2026-09-30T00:03:51+00:00,2026-09-30T00:42:23.162421+00:00,1219,cryptosignalsworldfree_10
1765487,11864,"💫 Pair: HYPE/USDT  💫

🔼 Direction: Long 🔼

✅ Lever...📈 Take Profit: 88.90 📈

⚠️ Stop Loss: 84.20 ⚠️

📈📈",3b368ea6d501f86de477e3d46c9c92dd,2026-09-30T00:03:50+00:00,2026-09-30T00:42:23.173949+00:00,1219,cryptosignalsworldfree_10
1765476,11852,"⚡️Pair: ESPORTS/USDT
Type: LONG 🟢
💫Leverage:  (20X...15
2) 0.018
3) 0.022
4) 0.028

❌ STOP LOSS: 0.009❌",79c4533fff45a7fa67024e001be073a6,2026-09-30T00:03:36+00:00,2026-09-30T00:42:22.704511+00:00,1219,cryptosignalsworldfree_10
1765475,11851,"MOVRUSDTUSDT  
Exchanges: BINGX 

🟢 Long
Leverage-... 1.33
4) 1.44
5) 1.55
6) 1.68
7) 🚀🚀🚀 

⛔️ SL:
1.06",1cfc1c1887986391011365a4eae6d4ea,2026-09-30T00:03:35+00:00,2026-09-30T00:42:22.703371+00:00,1219,cryptosignalsworldfree_10
1765474,11850,"↗️ LONG #MOVR 50x

📌 Entry: 1.17

🎯 TP1: 1.20
💵 TP...t Usage: 1-3%
⚠️ According to your risk management",1bcc6eceb9e097b9335c4bb0478ce11b,2026-09-30T00:03:35+00:00,2026-09-30T00:42:22.702608+00:00,1219,cryptosignalsworldfree_10
1770750,11955,#MOVR LONG 1.45,ca125cd45334a7922f04e71dad943a7d,2026-09-30T06:34:40+00:00,2026-09-30T06:34:51.583174+00:00,1219,cryptosignalsworldfree_10
1770749,11956,"#MOVR/USDT LONG   

👉Leverage : Cross 10× To 30×

...fit

1)  1.48
2)  1.54
3)  1.65

⭕Stop Loss : 1.36",2f83c8438ee64c6d268cd38d5d83e5b4,2026-09-30T06:34:40+00:00,2026-09-30T06:34:51.579860+00:00,1219,cryptosignalsworldfree_10
1770748,11954,"#EPIC/USDT LONG   

👉Leverage : Cross 10× To 30×

...

1)  0.553
2)  0.577
3)  0.612

⭕Stop Loss : 0.50",0a56be1c14d154e37c5ba8cbc25e72b5,2026-09-30T06:34:40+00:00,2026-09-30T06:34:51.509574+00:00,1219,cryptosignalsworldfree_10
1770742,11953,"❖ BERA/USDT

❖ SHORT [ 10×20 ]

➤ Entry Zone:- 0.2... TP2: 0.2350
▪️ TP3: 0.2200

➤ Stop Loss :- 0.2700",d1a020b8612a7b30285f3c314c393786,2026-09-30T06:34:40+00:00,2026-09-30T06:34:51.269448+00:00,1219,cryptosignalsworldfree_10
1770741,11952,"Coin #SOON/USDT

Position: LONG 

Leverage:  Cross...rgets: 🎯 0.4400, 0.4550, 0.4700

Stop Loss: 0.4100",0b130263150f801d1fa61adbe4d7e87a,2026-09-30T06:04:33+00:00,2026-09-30T06:34:51.128116+00:00,1219,cryptosignalsworldfree_10
1770739,11949,"Coin #MOVR/USDT

Position: LONG 

Leverage:  Cross...1.32

Targets: 🎯 1.42, 1.48, 1.57

Stop Loss: 1.27",21ef64b5b0e5efb1c3fd6f69f2e3d2b6,2026-09-30T05:42:31+00:00,2026-09-30T06:34:51.099323+00:00,1219,cryptosignalsworldfree_10
1770730,11944,"📊#BERA/USDT — LONG

⚡️ Leverage : 10X – 30X

💹Entr...Entry After TP1

⚖️ Follow Proper Risk Management.",13f7268387ef84d76f4e84c2e5e4845e,2026-09-30T05:42:04+00:00,2026-09-30T06:34:50.640026+00:00,1219,cryptosignalsworldfree_10
1770729,11943,"#SHORT 🔴 🔤🔤🔤🔤🔤

#BTC/USDT 

Margin Mode : Isolated...746

🟩 SL : 84,740 - 100%

📊 LEV : 30X

🇯🇵 Premium",e22b6621dba59979f6cdb2a6e985b2c0,2026-09-30T05:42:04+00:00,2026-09-30T06:34:50.570597+00:00,1219,cryptosignalsworldfree_10
1770728,11942,"📊 BERA/USDT — LONG

📍 ENTRY: 0.25

🎯 TARGET 1: 0.2...Manage your risk & trade responsibly.

🔥 LET’S GO!",3f1f0fdff3c5b140c8c00de468c1e11b,2026-09-30T05:42:04+00:00,2026-09-30T06:34:50.506211+00:00,1219,cryptosignalsworldfree_10
1770722,11941,"Coin #INIT/USDT

Position: LONG 

Leverage:  Cross...rgets: 🎯 0.1060, 0.1120, 0.1200

Stop Loss: 0.0965",42c09ad6263e07417962bac372ee0c82,2026-09-30T05:42:03+00:00,2026-09-30T06:34:50.318307+00:00,1219,cryptosignalsworldfree_10
1770721,11940,"💵 𝐒𝐈𝐆𝐍𝐀𝐋 𝐀𝐋𝐄𝐑𝐓 💵

#QNT/USDT (25xLONG)

✅ ENTRY:288/275

TARGETS:- 298/317/330

❌ STOP LOSS: 248",85218c8fdb8ee4137d34120341a40b89,2026-09-30T05:42:03+00:00,2026-09-30T06:34:50.249159+00:00,1219,cryptosignalsworldfree_10
1770720,11938,"⚡️$FF/USDT⚡️

LONG
Leverage: 25X

Entry: 0.132

Target:

1)0.134
2)0.139
3)0.148

Stoploss: 0.122",80ac70801c1b5a406a897760369863c6,2026-09-30T05:42:03+00:00,2026-09-30T06:34:50.125927+00:00,1219,cryptosignalsworldfree_10
1770719,11939,"📈 NIGHT/USDT 📈

🟢 LONG SETUP

💰 Entry Zone: 0.0331...t Target 1. 
✅ Move SL to breakeven after Target 1",5a8cb1d47de89a7be6cf85a5366e329a,2026-09-30T05:42:03+00:00,2026-09-30T06:34:50.118898+00:00,1219,cryptosignalsworldfree_10
1770718,11937,"⚡️$QNT/USDT⚡️

LONG
Leverage: 20X

Entry: 300

Target:

1)310
2)330
3)360

Stoploss: 260",18a32e5867ddce3390f3edab79973325,2026-09-30T05:42:02+00:00,2026-09-30T06:34:50.062369+00:00,1219,cryptosignalsworldfree_10
1770712,11936,"📊#ZRO/USDT–LONG–10x - 30x 🚀

📍 𝐄𝐧𝐭𝐫𝐲 𝐙𝐨𝐧𝐞:

➥ 1.79...tal.

⚠️ Disclaimer:
Trade at your own risk. DYOR.",7b52dc7c7a4678242f71c936154548aa,2026-09-30T05:42:02+00:00,2026-09-30T06:34:49.887889+00:00,1219,cryptosignalsworldfree_10
1770711,11935,"⚡ #DOGS/USDT

📤 Long 

💹 Buy: 0.00004807 - 0.00004...00005104

🧨 StopLoss: 0.00004600 

🔘 Leverage: 20x",e444a5af378449f15b6074dc07001d4e,2026-09-30T05:42:02+00:00,2026-09-30T06:34:49.786960+00:00,1219,cryptosignalsworldfree_10
1770710,11934,"$GRASS/USDT #LONG📩

✅ENTRY :-0.73/0.70

Target 1: ... 𝐎𝐧𝐥𝐲 𝟏-𝟑% 𝐎𝐟 𝐎𝐮𝐫 𝐃𝐞𝐩𝐨𝐬𝐢𝐭 𝐅𝐨𝐫 𝐄𝐚𝐜𝐡 𝐓𝐫𝐚𝐝𝐞

React,??",f9dab47b616e8400ee7c501e4f7839ea,2026-09-30T05:42:01+00:00,2026-09-30T06:34:49.756353+00:00,1219,cryptosignalsworldfree_10
1770709,11933,"🐳 ZRO/USDT #LONG🐳

✳️ ENTRY :- 1.78 - 1.70

💢 LEVE...3 : 2.05

⛔️ STOP-LOSS :- 1.54

☝️ Margin Use 2–3%",e4e6e2f31939669299f34dd4d481b4c6,2026-09-30T05:42:01+00:00,2026-09-30T06:34:49.744257+00:00,1219,cryptosignalsworldfree_10
1770708,11932,"#QNT/USDT LONG   

👉Leverage : Cross 10× To 30×

E... Profit

1)  298
2)  310
3)  330

⭕Stop Loss : 272",b1e76286ccdbf0cb373037f2c0c424a4,2026-09-30T05:42:01+00:00,2026-09-30T06:34:49.709774+00:00,1219,cryptosignalsworldfree_10
1770707,11931,"#NIGHT/USDT LONG   

👉Leverage : Cross 10× To 30×
...)  0.034
2)  0.035
3)  0.037

⭕Stop Loss : 0.03145",77e14583c70e27b116b1b1935ad20eaf,2026-09-30T05:42:01+00:00,2026-09-30T06:34:49.592817+00:00,1219,cryptosignalsworldfree_10
1770705,11929,"✅ Long

Pair: #ETH/USDT

📊 Entry Price: 

1) 2670....
4) 2853.16

Stop Loss: 2502.22

Leverage: 10x-20x",a63e407e02c10ad40d312b4e8573aadc,2026-09-30T05:42:00+00:00,2026-09-30T06:34:49.505412+00:00,1219,cryptosignalsworldfree_10
1770704,11928,"🔰 QNT/USDT 🔰

🟢 LONG 20X

🔳 ENTRY :- 300

☑️ TARGET:- 310 - 330 - 360

🔴 STOP :- 260",7057f5c0ce11d3f4cfae38cff3587b47,2026-09-30T05:42:00+00:00,2026-09-30T06:34:49.490684+00:00,1219,cryptosignalsworldfree_10
1770703,11927,"📈 LONG #BERA/USDT

♻ Leverage: 20X

➡️ Entry :- 0....gets: 

1) 0.26
2) 0.27
3) 0.30

⭕ Stop Loss: 0.20",6c837def4f8b7e411ede2d1af0275a13,2026-09-30T05:42:00+00:00,2026-09-30T06:34:49.470879+00:00,1219,cryptosignalsworldfree_10
1770702,11926,"📍Coin : #PYTH/USDT

🔴 SHORT 

👉 Entry: 0.07814 - 0...: 0.07435
🎯 Target 6: 0.07360

❌ StopLoss: 0.08149",56ff35becb3bd2e53cf6b4ff31696548,2026-09-30T05:41:59+00:00,2026-09-30T06:34:49.331928+00:00,1219,cryptosignalsworldfree_10
1770701,11925,"🚀 $ZRO/USDT PERP 🚀

🟢 LONG

💰 Entry : 1.78$ – 1.65...: 5X – 25X

⛔️ SL : 1.40$

📌 Use Only 2-5% Capital",799b3234ca99f236c31408f541d24e18,2026-09-30T05:41:59+00:00,2026-09-30T06:34:49.292287+00:00,1219,cryptosignalsworldfree_10
1770700,11924,"$QNT LONG NOW

ENTRY: 295.00- 285.00

TP:- 305.00- 315.00- 330.00

SL:- 270.00",7e16946661656102525992f84c19d72e,2026-09-30T05:41:59+00:00,2026-09-30T06:34:49.263562+00:00,1219,cryptosignalsworldfree_10
1770698,11923,"🪙 Coin: #MEW/USDT
🧭 Type: #LONG

📈 Entry Zone:
0.0... within the zone and maintain strict risk control.",36df4645e2d465962a0eebec7cc8a035,2026-09-30T05:41:59+00:00,2026-09-30T06:34:49.145453+00:00,1219,cryptosignalsworldfree_10
1770697,11921,"🚀LONG: $INIT/USDT🚀
LEVERAGE: 20X-50X

🤍 ENTRY PRIC...- 0.12320
—————

❌ STOP LOSS: 0.089❌


REACTIONS ❓",8e0b584c74c92af8cc07a60e9af305ca,2026-09-30T05:41:58+00:00,2026-09-30T06:34:49.081260+00:00,1219,cryptosignalsworldfree_10
1770696,11919,"⚡️⚡️ #SOMI/USDT ⚡️⚡️
Exchanges: Bingx 
Signal Type...
5) 0.22027
6) 0.22339
7) 🚀🚀🚀

Stop Targets:
5-10%",c3f42eb4abbf46a6b7a1957a39496890,2026-09-30T05:41:58+00:00,2026-09-30T06:34:49.064717+00:00,1219,cryptosignalsworldfree_10
1770695,11920,"🚀 #MOVRUSDT LONG SIGNAL 🚀

⚡️ LEVERAGE 50X–75X
📌 E...h this move together!

🔓 Trade Smart • Trade Safe.",a4ee961e9894bc65431dff46474b81f6,2026-09-30T05:41:58+00:00,2026-09-30T06:34:49.063568+00:00,1219,cryptosignalsworldfree_10
1770694,11918,"⚡️⚡️ #COMP/USDT ⚡️⚡️
Exchanges: Bingx 
Signal Type...) 27.30560
6) 27.69200
7) 🚀🚀🚀

Stop Targets:
5-10%",e5103d78f71f014511349994a830ae16,2026-09-30T05:41:58+00:00,2026-09-30T06:34:48.912170+00:00,1219,cryptosignalsworldfree_10
1770693,11917,"⚡️⚡️ #1000BONK/USDT ⚡️⚡️
Exchanges: Bingx 
Signal ...
5) 0.00398
6) 0.00403
7) 🚀🚀🚀

Stop Targets:
5-10%",e7c21c22b979b941c490c13eaf0b0bdc,2026-09-30T05:41:57+00:00,2026-09-30T06:34:48.907395+00:00,1219,cryptosignalsworldfree_10
1770692,11916,"⚡️⚡️ #FARTCOIN/USDT ⚡️⚡️
Exchanges: Bingx 
Signal ...
5) 0.18910
6) 0.19178
7) 🚀🚀🚀

Stop Targets:
5-10%",013e9bff4b48cbe93f7fbdfd57cd3085,2026-09-30T05:41:57+00:00,2026-09-30T06:34:48.853666+00:00,1219,cryptosignalsworldfree_10
1770691,11915,"⚡️⚡️ #KSM/USDT ⚡️⚡️
Exchanges: Bingx 
Signal Type:...
5) 5.36254
6) 5.43843
7) 🚀🚀🚀

Stop Targets:
5-10%",c47941e38601329b0382f9d5a2497ae0,2026-09-30T05:41:57+00:00,2026-09-30T06:34:48.851552+00:00,1219,cryptosignalsworldfree_10
1770690,11914,"🔴 SHORT

#XTZ/USDT

Entry : 

1) 0.321200
2) 0.330...8977

🛑 Stop : 0.341435

Leverage : 10x (isolated)",d7f90da69ede7093617cba58fbf48bd6,2026-09-30T05:41:57+00:00,2026-09-30T06:34:48.802552+00:00,1219,cryptosignalsworldfree_10
1770686,11910,"📊 Let’s LONG #QNT/USDT

💥 Leverage:  Cross 20×  - ... Targets: 

1) 290
2) 310
3) 330

🔖 Stop Loss: 267",d12430fb59f1a6b120564d1062e560af,2026-09-30T05:41:56+00:00,2026-09-30T06:34:48.603588+00:00,1219,cryptosignalsworldfree_10
1770685,11909,"#EPIC/USDT — BUY (LONG) 
🎉
🟢Leverage: Cross  25x

...⛔️Stop Loss: 0.4880

⬇️Risk Management:

 REACTION",b7a82c8ed118ede3bef05f0326582319,2026-09-30T05:41:55+00:00,2026-09-30T06:34:48.570444+00:00,1219,cryptosignalsworldfree_10
1770684,11908,"#MEW/USDT

📈Signal: long Leverage: Cross 20X

⚡️En...even after TP1 is hit.

📣Trade Smart • Follow Risk",aed31394faec50fcd8f24d8ca36773ca,2026-09-30T05:41:55+00:00,2026-09-30T06:34:48.540922+00:00,1219,cryptosignalsworldfree_10
1770683,11907,"#QNT/ USDT — BUY (LONG) 
Leverage: Cross 25x – 50x...T IS KEY
👉 Use ONLY 2 – 3% of your total portfolio",e07f7bd336d0edf279f95de6febf1128,2026-09-30T05:41:55+00:00,2026-09-30T06:34:48.404277+00:00,1219,cryptosignalsworldfree_10
1770667,11890,"📈 APR/USDT 📈

🟢 LONG SETUP

💰 Entry Zone: 0.1380 –...t 1. 
✅ Move SL to breakeven after
 Target 1 hits.",bbf5d3c224da3af7488761165098be04,2026-09-30T04:49:17+00:00,2026-09-30T06:34:47.711578+00:00,1219,cryptosignalsworldfree_10
1770666,11889,"🔴 SHORT

#COMP/USDT

Entry zone : 27.09 - 26.31

T....59
23.79
23.00

Stop loss :28.1517

Leverage: 10x",c45be1626288972f8b563f9128d7ad49,2026-09-30T04:49:17+00:00,2026-09-30T06:34:47.607090+00:00,1219,cryptosignalsworldfree_10
1770664,11888,"🟢 COIN: MOVR/USDT LONG SETUP

📊 Leverage 25x to 50...ENT IS KEY
Use only 1–2% of your capital per trade",a4bf7cbc78083841b5b5cd9a45978b74,2026-09-30T04:49:17+00:00,2026-09-30T06:34:47.579753+00:00,1219,cryptosignalsworldfree_10
1770665,11887,"🟢 COIN: SOON/USDT LONG SETUP

📊 Leverage 25x to 50...ENT IS KEY
Use only 1–2% of your capital per trade",b9d0b1052496e6498ff21caa33b41b5a,2026-09-30T04:49:16+00:00,2026-09-30T06:34:47.582023+00:00,1219,cryptosignalsworldfree_10
1773696,11965,"MOVR /USDT — SHORT SIGNAL 📉🔥

💰 Entry: 1.72---1.77...

📊 Trade Smart • Manage Risk • Stay Disciplined ✅",895572f5bec6b7d1596bc1195a151d7c,2026-09-30T08:00:39+00:00,2026-09-30T08:25:17.235382+00:00,1219,cryptosignalsworldfree_10
1773695,11964,"#PHA/USDT LONG   

👉Leverage : Cross 10× To 30×

E...  0.0790
2)  0.0830
3)  0.0870

⭕Stop Loss : 0.069",0f1884f54d0b756ca84cccc365d18763,2026-09-30T07:48:52+00:00,2026-09-30T08:25:17.232923+00:00,1219,cryptosignalsworldfree_10
1773694,11963,"SHORT ETH

🔖 MARKET SETUP

✔️Entry: 2663
⛔️ SL: 27...TP: 2629

⚠️ Capital: 5% max. Discipline = Profit!",35727903ceab0e40ac88f55a88cce2b3,2026-09-30T07:48:52+00:00,2026-09-30T08:25:17.197690+00:00,1219,cryptosignalsworldfree_10
1773693,11962,"✅ Long

#BTC/USDT

Entry zone : 80567.03 - 83058.8...7.85
93387.16

Stop loss :77244.684

Leverage: 10x",c601e946eed06d6705d4daa0c93bc2ed,2026-09-30T07:07:13+00:00,2026-09-30T08:25:17.189291+00:00,1219,cryptosignalsworldfree_10
1773689,11961,"🟢 Long

#LINK/USDT

Entry : 

1) 14.289
2) 13.860
...15.266

🛑 Stop : 13.388

Leverage : 10x (isolated)",5c794980a24ff10730013f59c48ec3ab,2026-09-30T07:07:13+00:00,2026-09-30T08:25:16.987584+00:00,1219,cryptosignalsworldfree_10
1773691,11960,"🔴 SHORT $ZRO/USDT | Cross 50X

✅ Entry: MARKET PRI...: OPEN

🛑 SL: 1.9411

Apply Proper Risk Management",40d7b2d243c1e3812518ba9de1cf587e,2026-09-30T07:07:12+00:00,2026-09-30T08:25:16.999558+00:00,1219,cryptosignalsworldfree_10
1773692,11959,"💎#NIGHT/USDT  LONG

👍Leverage : Cross 25x50

🔝Entr....03060

Use only 3% - 5% amount of your portfolio🤩",bc2f9fff0652383ba0b3b2b2017a53ca,2026-09-30T07:03:07+00:00,2026-09-30T08:25:17.001128+00:00,1219,cryptosignalsworldfree_10
1773690,11958,"📊 #MOVR/USDT

🟢 POSITION: LONG

💰 ENTRY RANGE
➤ 1....S
➤ 1.15

━━━━━━━━━━━━━━━━━━

✅ Manage risk wisely",f3fdd7d77566a14e21a533db0912d5ce,2026-09-30T07:03:07+00:00,2026-09-30T08:25:16.988338+00:00,1219,cryptosignalsworldfree_10
1780505,12011,"1000BONKUSDTUSDT  
Exchanges: BINGX 

🟢 Short
Leve....00349000
6) 0.00321000
7) 🚀🚀🚀 

⛔️ SL:
0.00411500",4cc62108180992d321ad874b38ba1344,2026-09-30T12:03:46+00:00,2026-09-30T12:32:38.782377+00:00,1219,cryptosignalsworldfree_10
1780497,12001,"#AKT | SHORT SETUP

💰 Entry: $0.6444

🎯 Target1: $...t4: $0.61991
🎯 Target5: $0.61089

🛡 STOP: $0.67662",f69aaa3d556be841c6accff1a3576153,2026-09-30T11:24:03+00:00,2026-09-30T12:32:38.418344+00:00,1219,cryptosignalsworldfree_10
1780495,11999,"🚀 #NEARUSDT LONG SIGNAL 🚀

⚡️ LEVERAGE 50X–75X
📌 E...h this move together!

🔓 Trade Smart • Trade Safe.",a5f22b07da0f7c58a6c757ce6fa2b8a3,2026-09-30T11:24:02+00:00,2026-09-30T12:32:38.304588+00:00,1219,cryptosignalsworldfree_10
1780494,11998,"🟢 COIN: MOVR/USDT LONG SETUP

📊 Leverage 25x to 50...ENT IS KEY
Use only 1–2% of your capital per trade",ebd4cd6e6ee6dc9e6f3855ea02ddd71e,2026-09-30T11:24:01+00:00,2026-09-30T12:32:38.228391+00:00,1219,cryptosignalsworldfree_10
1780492,11996,"💎#QNT/USDT  LONG

👍Leverage : Cross 25x50

🔝Entry ...264.36

Use only 3% - 5% amount of your portfolio🤩",65a5753754c2cfe0e23359989fc9cc7f,2026-09-30T11:24:00+00:00,2026-09-30T12:32:38.097136+00:00,1219,cryptosignalsworldfree_10
1780490,11995,"↗️ LONG #MOVR 50x

📌 Entry: 1.84

🎯 TP1: 1.89
💵 TP...t Usage: 1-3%
⚠️ According to your risk management",a88fbd0f82e387a0bc033adad0006664,2026-09-30T11:24:00+00:00,2026-09-30T12:32:38.031452+00:00,1219,cryptosignalsworldfree_10
1780486,11994,"🌈PAIR:- #MOVR/USDT
⚡️ Direction : LONG
🛠 Leverage:...nt Usage:- 1 - 2%
(According To your Risk Setting)",0b52626eea489b9ad4133580a38e90d5,2026-09-30T11:23:59+00:00,2026-09-30T12:32:37.828451+00:00,1219,cryptosignalsworldfree_10
1780484,11993,"SOL/USDT My Long Trade Idea 💡

Leverage 100X

Entr....000

Stop Loss   119.000

Follow Money Management",fdf84b446560f1409ed02049fb31e4dc,2026-09-30T11:23:59+00:00,2026-09-30T12:32:37.663655+00:00,1219,cryptosignalsworldfree_10
1780482,11992,"#SOON/ USDT — BUY (LONG) 
Leverage: Cross 25x – 50...T IS KEY
👉 Use ONLY 2 – 3% of your total portfolio",054c248e0e2132d4639aa62fcdfd40ec,2026-09-30T11:23:58+00:00,2026-09-30T12:32:37.624400+00:00,1219,cryptosignalsworldfree_10
1780483,11991,"🌈PAIR:- #QNT/USDT
⚡️ Direction : LONG
🛠 Leverage: ...nt Usage:- 1 - 2%
(According To your Risk Setting)",fa31cf3819c726b6ad167604066e674b,2026-09-30T11:23:36+00:00,2026-09-30T12:32:37.623058+00:00,1219,cryptosignalsworldfree_10
1780479,11990,"↗️ LONG #QNT 75x

📌 Entry: 291

🎯 TP1: 296
💵 TP2: ...t Usage: 1-3%
⚠️ According to your risk management",77eb5e05510f4eaedf70eca7a7d00383,2026-09-30T11:23:35+00:00,2026-09-30T12:32:37.507718+00:00,1219,cryptosignalsworldfree_10
1780476,11988,"📊 Let’s LONG #MOVR/USDT

💥 Leverage:  Cross 20×  -...gets: 

1) 1.85
2) 1.92
3) 1.99

🔖 Stop Loss: 1.70",e5aa248efb7974535d246b16ee94d99d,2026-09-30T11:23:35+00:00,2026-09-30T12:32:37.288163+00:00,1219,cryptosignalsworldfree_10
1780475,11989,"🚀 SHORT: $BERA/USDT
LEVERAGE: 50x

✔️ENTRY PRICE: ...2440-0.2340-0.2150

STOP LOSS:  0.2640

REACTIONS?",1895ed55b81f2305455a221b6722cd11,2026-09-30T11:23:35+00:00,2026-09-30T12:32:37.285826+00:00,1219,cryptosignalsworldfree_10
1780473,11987,"#NIL/ USDT — BUY (LONG) 
Leverage: Cross 25x – 50x...T IS KEY
👉 Use ONLY 2 – 3% of your total portfolio",b18934e5fcaf4e61e2028281439beba7,2026-09-30T11:23:34+00:00,2026-09-30T12:32:37.147479+00:00,1219,cryptosignalsworldfree_10
1780472,11986,"Buy $ASTER In Spot (Gem)🟢

DCA- 0.6$

Targets🎯- 1$- 1.3$",77ef4178c3d16a46e76750726a408148,2026-09-30T11:23:34+00:00,2026-09-30T12:32:37.127810+00:00,1219,cryptosignalsworldfree_10
1780468,11985,"🌈PAIR:- #MOVR/USDT
⚡️ Direction : LONG
🛠 Leverage:...nt Usage:- 1 - 2%
(According To your Risk Setting)",dea87dbba0afb0b4149cd644a7fa4739,2026-09-30T11:23:33+00:00,2026-09-30T12:32:36.865677+00:00,1219,cryptosignalsworldfree_10
1780464,11983,"🔴 Short

Pair: #RLC/USDT

📊 Entry Price: 

1) 0.35...98
4) 0.3323

Stop Loss: 0.3794

Leverage: 10x-20x",2d05b6e0d63c4f35fb8ef3955deba906,2026-09-30T11:23:32+00:00,2026-09-30T12:32:36.727548+00:00,1219,cryptosignalsworldfree_10
1780463,11982,"🔴 Short

Pair: #THETA/USDT

📊 Entry Price: 

1) 0....06
4) 0.2157

Stop Loss: 0.2464

Leverage: 10x-20x",d7f4851291c3a857178ac61b4e18e32e,2026-09-30T11:23:32+00:00,2026-09-30T12:32:36.653440+00:00,1219,cryptosignalsworldfree_10
1780462,11981,"🪙#PHA/USDT

🚩POSITION — SHORT

🔒  LEVERAGE — 20X

...0.07570
TP🥉: 0.07050

⛔️ SL: 0.09300

🔥REACTIONS?😜",4180f362365814bb4fada45f73e7d65f,2026-09-30T11:23:31+00:00,2026-09-30T12:32:36.538082+00:00,1219,cryptosignalsworldfree_10
1780456,11980,"#PHA/USDT SHORT NOW 📉
🏠ENTRY: ( 0.08039 )",6c83497c3ab5286ba5281b4d4f2a82c6,2026-09-30T11:23:31+00:00,2026-09-30T12:32:36.232985+00:00,1219,cryptosignalsworldfree_10
1780455,11979,"$PEPE longed here at 0.0004325

Dca 0.000426

Stoploss: 0.0004195

Send it higher",93232c5db8b93640d184f6105b2fe654,2026-09-30T11:23:30+00:00,2026-09-30T12:32:36.210442+00:00,1219,cryptosignalsworldfree_10
1780452,11976,"GWEI/USDT — LONG SIGNAL🔥

💰 Entry: Market Price 

...
📊 Trade Smart • Manage Risk • Stay Disciplined ✅️",6c72f3a58a914b151573c937e1950d93,2026-09-30T11:23:29+00:00,2026-09-30T12:32:36.112839+00:00,1219,cryptosignalsworldfree_10
1780451,11975,"💎#SOON/USDT  LONG

👍Leverage : Cross 25x50

🔝Entry...0.4169

Use only 3% - 5% amount of your portfolio🤩",44acdc53e13fde3c4e9973d35ee6f6fe,2026-09-30T11:23:28+00:00,2026-09-30T12:32:35.978329+00:00,1219,cryptosignalsworldfree_10
1780450,11974,"🚀 #FOLKSUSDT LONG SIGNAL 🚀

⚡️ LEVERAGE 50X–75X
📌 ...h this move together!

🔓 Trade Smart • Trade Safe.",631018e88202e22471e279d25ebc0ee0,2026-09-30T11:23:28+00:00,2026-09-30T12:32:35.971433+00:00,1219,cryptosignalsworldfree_10
1780449,11973,"⌛#DOGE/USDT  ( LONG )

🍁 Leverage 👉 20X to 25X 

⛩... 0.09779 | 0.09876 | 0.09963

🔕 Stoploss = 0.09108",7af2967a8d40dec37695faee5a4f0e97,2026-09-30T11:23:28+00:00,2026-09-30T12:32:35.970693+00:00,1219,cryptosignalsworldfree_10
1780448,11972,"📊 Let’s LONG #AKE/USDT

💥 Leverage:  Cross 20×  - ... 

1) 0.035
2) 0.036
3) 0.038

🔖 Stop Loss: 0.0327",1530328f2f4dde92e09321205fac749c,2026-09-30T11:23:27+00:00,2026-09-30T12:32:35.959699+00:00,1219,cryptosignalsworldfree_10
1780447,11971,"Pair: #DOGE/USDT

Long • (25X)

Entry
0.09240

Tar...t your own risk. Always use proper risk management",511a19f2a688b6a79098aeefb35e82fb,2026-09-30T11:23:27+00:00,2026-09-30T12:32:35.857021+00:00,1219,cryptosignalsworldfree_10
1780446,11970,"⚡️$RLC/USDT⚡️

SHORT
Leverage: 20x

Entry: 0.3497 ...t:

1)0.3427
2)0.3357
3)0.3287

Stoploss: 0.381173",d535b04bca2a36ba4d338b92926f7fb5,2026-09-30T11:23:27+00:00,2026-09-30T12:32:35.646540+00:00,1219,cryptosignalsworldfree_10
1780445,11969,"💵#CAP/ USDT👑

💎Setup Type: Strong LONG 🔖Opportunit...TP ➝ 0.07300

4️⃣TP ➝ 0.08500

🚫Stop Loss: 0.05200",a31943f3b796e20f964f1b77e30358a3,2026-09-30T11:23:26+00:00,2026-09-30T12:32:35.635436+00:00,1219,cryptosignalsworldfree_10
1780443,11967,"🔰 PAIR: LINK/ USDT 💹

🟢Position: LONG🚀

☑️ Entry Z...:
🥇 14.423
🥈 14.800
🥉 15.200

❌ Stop Loss: 🔴13.565",34f72dfe31528936f04472ca269d90e7,2026-09-30T11:23:25+00:00,2026-09-30T12:32:35.631005+00:00,1219,cryptosignalsworldfree_10
1785076,12029,"🔱 Trade: #ONDO/USDT 🔱

🟢 LONG ENTRY: 0.5110 : 0.50...4. 0.5340
5. 0.5420
6. 0.5500

🔴 STOP LOSS: 0.4950",2d62625c8028234b84b5ecddcfa46481,2026-09-30T13:02:06+00:00,2026-09-30T15:01:17.096711+00:00,1219,cryptosignalsworldfree_10
1785077,12026,"📈 LONG #SOMI/USDT 

🚀 LEVERAGE : 50x

📊  ENTRY PRI...

TP🟢0.251

TP🟢0.260

STOPLOSS 🔴0.233


REACTIONS?",43a62032af6d4cb022402fb6021ada3b,2026-09-30T13:02:04+00:00,2026-09-30T15:01:17.099621+00:00,1219,cryptosignalsworldfree_10
1785074,12025,"🔴 SHORT

#BNB/USDT

Entry : 

1) 775.570
2) 798.83...1.912

🛑 Stop : 824.430

Leverage : 10x (isolated)",01b80077cca92ee5a5089e059a0acf3d,2026-09-30T13:02:04+00:00,2026-09-30T15:01:16.984740+00:00,1219,cryptosignalsworldfree_10
1785073,12024,"#ARK/USDT

📈Signal: long Leverage: Cross 20X

⚡️En...even after TP1 is hit.

📣Trade Smart • Follow Risk",ecd0b19fe8263d52d8365cdde7470ede,2026-09-30T13:02:03+00:00,2026-09-30T15:01:16.973518+00:00,1219,cryptosignalsworldfree_10
1785069,12023,"🔴 SHORT $BTC/USDT | Cross 50X

✅ Entry: MARKET PRI...984.0

🛑 SL: 85784.3

Apply Proper Risk Management",52fb6b671dc18521ab9d2416a813ceb1,2026-09-30T13:02:03+00:00,2026-09-30T15:01:16.817148+00:00,1219,cryptosignalsworldfree_10
1785071,12022,"ETH / USDT 

LONG LONG LONG 

IST ENTRY AT MARKET PRICE 

TP 2735 , 2747

SL 2620

20X LEVERAGE",43252c6bca96ec145f717e48c3860bb0,2026-09-30T13:02:02+00:00,2026-09-30T15:01:16.827567+00:00,1219,cryptosignalsworldfree_10
1785070,12020,"🔴 SHORT

#QTUM/USDT

Entry zone : 1.043184 - 1.012...16077
0.885541

Stop loss :1.083696

Leverage: 10x",b23de5d45f5d68c177c68f988a013a61,2026-09-30T13:02:01+00:00,2026-09-30T15:01:16.818170+00:00,1219,cryptosignalsworldfree_10
1785068,12019,"🟢 COIN: EPIC/USDT LONG SETUP

📊 Leverage 25x to 50...ENT IS KEY
Use only 1–2% of your capital per trade",72703461c6e929bc4e0bf670ea7da143,2026-09-30T13:02:00+00:00,2026-09-30T15:01:16.806180+00:00,1219,cryptosignalsworldfree_10
1790709,12043,"⚡️⚡️#WLD/USDT⚡️⚡️

Signal Type : Long
Leverage : 2...
1) 0.5292
2) 0.5511
3) 0.5704

Stop Loss : 0.4995",e989d62c9898a730992a58555fc534cd,2026-09-30T18:23:25+00:00,2026-09-30T19:29:57.452784+00:00,1219,cryptosignalsworldfree_10
1790710,12042,"🔴SHORT  #BTCUSDT

🔶 Entry : 84300 - 84400

➡️ Leve...ake Profit Targets :

👉 83600

🛑 Stop Loss : 85200",2cf72289b2f86371c53de754d937f697,2026-09-30T18:23:24+00:00,2026-09-30T19:29:57.458729+00:00,1219,cryptosignalsworldfree_10
1790707,12040,"↗️ LONG #MOVR 50x

📌 Entry: 1.70

🎯 TP1: 1.74
💵 TP...t Usage: 1-3%
⚠️ According to your risk management",ef65abc2f049a495bf3870e5d03632c4,2026-09-30T18:23:24+00:00,2026-09-30T19:29:57.246157+00:00,1219,cryptosignalsworldfree_10
1790706,12039,"🟢 COIN: US/USDT SHORT SETUP

📊 Leverage 25x to 50x...ENT IS KEY
Use only 1–2% of your capital per trade",2c2745dcad163b8406546d2017b09b33,2026-09-30T18:23:24+00:00,2026-09-30T19:29:57.235187+00:00,1219,cryptosignalsworldfree_10
1790705,12037,"#US/USDT SHORT NOW 📉
🏠ENTRY: ( 0.025246 )",bca005937ec5d61cf171ceaa7f617802,2026-09-30T18:23:23+00:00,2026-09-30T19:29:57.234224+00:00,1219,cryptosignalsworldfree_10
1790704,12038,"↗️ LONG #QNT 75x

📌 Entry: 297

🎯 TP1: 301
💵 TP2: ...t Usage: 1-3%
⚠️ According to your risk management",dc1009fad3c16189454ce78fd2235eb6,2026-09-30T18:23:23+00:00,2026-09-30T19:29:57.232839+00:00,1219,cryptosignalsworldfree_10
1790703,12036,"✨1000PEPE/USDT

🎗 Trade Type = SHORT 🔴

⭐️ Leverag...2524, 0.0042093, 0.0041601, 0.0041087, 0.0040711 ]",b53246e7daa14a58bb8e4fd761e5f9bf,2026-09-30T18:23:22+00:00,2026-09-30T19:29:57.226577+00:00,1219,cryptosignalsworldfree_10
1790701,12034,"🔰 PAIR: BNB/ USDT 💹

🟢Position: LONG🚀

☑️ Entry Zo...:
🥇 770.75
🥈 776.56
🥉 783.11

❌ Stop Loss: 🔴758.13",1e38a3398e98deac40287dcbea7dc51c,2026-09-30T18:23:22+00:00,2026-09-30T19:29:56.961436+00:00,1219,cryptosignalsworldfree_10
1790700,12035,"🌈PAIR:- #US/USDT
⚡️ Direction : LONG
🛠 Leverage: C...nt Usage:- 1 - 2%
(According To your Risk Setting)",b05384272afd1119029b5788dd7a06ba,2026-09-30T18:23:22+00:00,2026-09-30T19:29:56.960197+00:00,1219,cryptosignalsworldfree_10
1790702,12033,"💹$TAO LONG SETUP — BREAKOUT IN PLAY

$TAO is break...oward the targets.

Breakout → Hold → Expansion. 📈",5cf1a3214efc2631324afd129a2741d1,2026-09-30T18:23:21+00:00,2026-09-30T19:29:56.969039+00:00,1219,cryptosignalsworldfree_10
1790699,12032,"#LONG 🟢🔤🔤🔤🔤🔤

#JUP/USDT

Margin Mode : Isolated 💎
...95

🟥 SL : 0.3180- 100%   

📊 LEV : 20X

🇯🇵Premium",b7136dd8a0076bebeaaa24f145739420,2026-09-30T18:23:21+00:00,2026-09-30T19:29:56.950819+00:00,1219,cryptosignalsworldfree_10
1790747,12088,"🟢 Long

#COMP/USDT

Entry : 

1) 24.70
2) 23.95

T...) 26.38

🛑 Stop : 23.14

Leverage : 10x (isolated)",77ed1c07de77f3746074ea18b619e09c,2026-09-30T18:32:13+00:00,2026-09-30T19:29:59.140747+00:00,1219,cryptosignalsworldfree_10
1790746,12087,"✅ Long

Pair: #ZIL/USDT

📊 Entry Price: 

1) 0.003...0.0037907

Stop Loss: 0.0033244

Leverage: 10x-20x",a861027c42a543af1cb117379b9ba217,2026-09-30T18:32:13+00:00,2026-09-30T19:29:59.137529+00:00,1219,cryptosignalsworldfree_10
1790745,12086,"#ENSO | SHORT SETUP

💰 Entry: $0.9658

🎯 Target1: ...t4: $0.92910
🎯 Target5: $0.91558

🛡 STOP: $1.01409",aefeaf4bebcf540a9ba6b4a7b6431bec,2026-09-30T18:32:13+00:00,2026-09-30T19:29:59.124445+00:00,1219,cryptosignalsworldfree_10
1790722,12059,"💎 CRV – LONG

Entry: 0.3911

📈 Targets:

0.3953
0....he first take profit, move the stop loss to entry.",6975e78c43011ef5815bccdfc344ae65,2026-09-30T18:23:37+00:00,2026-09-30T19:29:57.990843+00:00,1219,cryptosignalsworldfree_10
1790718,12054,"🪙#US/USDT

🚩POSITION — SHORT

🔒  LEVERAGE — 20X

⭐...23700
TP🥉: 0.022000

⛔️ SL: 0.029000

🔥REACTIONS?😜",b12d54fdae043c9771618bf59b68ac97,2026-09-30T18:23:29+00:00,2026-09-30T19:29:57.931787+00:00,1219,cryptosignalsworldfree_10
1790717,12053,"🚀 LONG: $NIL/USDT
LEVERAGE: 50x

✔️ENTRY PRICE: 0....4-0.09880-0.1050

STOP LOSS:  0.08765


REACTIONS?",580b77100afad1169de1ca5435e382e8,2026-09-30T18:23:29+00:00,2026-09-30T19:29:57.710903+00:00,1219,cryptosignalsworldfree_10
1790716,12052,"🚀 #HUMAUSDT LONG SIGNAL 🚀

⚡️ LEVERAGE 50X–75X
📌 E...h this move together!

🔓 Trade Smart • Trade Safe.",434dec3ae69820c827bf0a14cee7776b,2026-09-30T18:23:28+00:00,2026-09-30T19:29:57.695066+00:00,1219,cryptosignalsworldfree_10
1790715,12051,"#CAP/USDT — BUY (LONG) 
🎉
🟢Leverage: Cross  25x

⚡... 0.07620

⛔️Stop Loss: 0.05885

⬇️Risk Management:",f1b95c3b4085bd6796b4e5f3b7c07028,2026-09-30T18:23:28+00:00,2026-09-30T19:29:57.683165+00:00,1219,cryptosignalsworldfree_10
1790714,12050,"🔴 SHORT $ZEC/USDT | Cross 50X

✅ Entry: MARKET PRI...63.61

🛑 SL: 1512.03

Apply Proper Risk Management",a193fed5c8fbf29bd69dc6d6961b7584,2026-09-30T18:23:28+00:00,2026-09-30T19:29:57.673492+00:00,1219,cryptosignalsworldfree_10
1790711,12044,"✅ Long

#ETC/USDT

Entry zone : 8.654 - 8.922

Tak...498
9.765
10.03

Stop loss :8.29746

Leverage: 10x",1a1a298bf1ca245b166cc785ca99e684,2026-09-30T18:23:25+00:00,2026-09-30T19:29:57.463244+00:00,1219,cryptosignalsworldfree_10
