id,external_id,message_preview,hash,published_at,created_at,source_id,source_name
1008625,16993,"#BTR /USDT — SELL (SHORT) 
🎉
🟢 Leverage: Cross 20x...Risk Management:
Use only 2%– 3%of your portfolio.",6f853b64b0f061a4440fb1e73625f7e8,2026-09-01T08:33:50+00:00,2026-09-01T09:31:07.563349+00:00,887,wolftradesupport5
1008623,16991,"✅ Long

Pair: #VET/USDT

📊 Entry Price: 

1) 0.006...) 0.007101

Stop Loss: 0.006228

Leverage: 10x-20x",e0ec4e256b53c52f7f99e97034b5d283,2026-09-01T08:33:50+00:00,2026-09-01T09:31:07.441031+00:00,887,wolftradesupport5
1008622,16989,"✅ Long

#ZEC/USDT

Entry zone : 814.72 - 839.92

T...
919.29
944.36

Stop loss :781.1256

Leverage: 10x",8c428795f0b7624d9ade6392c1a08542,2026-09-01T08:33:04+00:00,2026-09-01T09:31:07.389261+00:00,887,wolftradesupport5
1008621,16990,"🟢 Long

#LINK/USDT

Entry : 

1) 11.298
2) 10.959
...12.070

🛑 Stop : 10.586

Leverage : 10x (isolated)",8a44e5265b93cecd9c0bb2e217460d08,2026-09-01T08:33:04+00:00,2026-09-01T09:31:07.382488+00:00,887,wolftradesupport5
1008619,16988,"🔘 Coin : #ARB/USDT 🔘

🔴 SHORT

🔺Entry🔻: 0.11136

⭐... - 0.10685

♦️ StopLoss : 0.11471

🔱 Leverage: 25x",658cc843774779c7ca33e70b0b4b3fd6,2026-09-01T08:33:04+00:00,2026-09-01T09:31:07.323641+00:00,887,wolftradesupport5
1008615,16983,"🔴 SHORT

#SNX/USDT

Entry : 

1) 0.213700
2) 0.220...8915

🛑 Stop : 0.227163

Leverage : 10x (isolated)",888edafe554682ee2a02c389ca710d7d,2026-09-01T08:32:33+00:00,2026-09-01T09:31:07.255272+00:00,887,wolftradesupport5
1008613,16980,"💎🔥PAIR: AKE/USDT
📈🚀TRADE TYPE: LONG 

🎯🏹ENTRY:
➤0....tions

💎✨Trust the process. Trade with discipline.",dbd23cbcd00eb28b6c98e5a0252166b1,2026-09-01T07:54:32+00:00,2026-09-01T09:31:07.078315+00:00,887,wolftradesupport5
1008612,16979,"💎🔥PAIR: 0G/USDT
📈🚀TRADE TYPE: LONG 

🎯🏹ENTRY:
➤0.2...tions

💎✨Trust the process. Trade with discipline.",53cd88c9e7690914c544d085aeeedff7,2026-09-01T07:54:32+00:00,2026-09-01T09:31:06.991053+00:00,887,wolftradesupport5
1008609,16977,"#UNI/USDT | LONG 🔥

Leverage: Cross 75X

Entry: 5....3% of your portfolio.

⚡ Trade Smart • Manage Risk",8f925a8f32dee6806c691e32a40f67f1,2026-09-01T07:54:27+00:00,2026-09-01T09:31:06.861811+00:00,887,wolftradesupport5
1008600,16967,"⚡️⚡️ #AAVE/USDT ⚡️⚡️
Exchanges: Bingx 
Signal Type...133.65540
6) 135.54675
7) 🚀🚀🚀

Stop Targets:
5-10%",b9f267dff571217084e042f01b79a8d1,2026-09-01T07:54:22+00:00,2026-09-01T09:31:06.464083+00:00,887,wolftradesupport5
1008599,16965,"⚡️$ARB/USDT⚡️

LONG
Leverage: 10X 20X

Entry: 0.11...

Target

1)0.123
2)0.128
3)0.135

Stoploss: 0.104",b0c62be745deb5e67b99889eee5fbcb2,2026-09-01T07:54:22+00:00,2026-09-01T09:31:06.321776+00:00,887,wolftradesupport5
1008598,16966,"🔰ARB/USDT 🔰   

🟢 LONG 10X 20X

♻ ENTRY 
1️⃣ 0.119... 
1️⃣ 0.123
2️⃣ 0.128
3️⃣ 0.135

⛔ STOPLOSS  0.104",59ff9b0b0849595ad2f1da2d245bf825,2026-09-01T07:54:22+00:00,2026-09-01T09:31:06.267521+00:00,887,wolftradesupport5
1008596,16963,SHORT #CRV 0.3520,25826379d318f27970b663d5d8344ad7,2026-09-01T07:54:22+00:00,2026-09-01T09:31:06.203573+00:00,887,wolftradesupport5
1008595,16962,"⭐️$BTR/USDT  LONG

🛡Leverage : Cross 25x50

‼️Entr....14984

Use only 3% - 5% amount of your portfolio🛍",5e50c805e7a3a4a4e0e2bcdfc2bbd5bd,2026-09-01T07:54:22+00:00,2026-09-01T09:31:06.200523+00:00,887,wolftradesupport5
1008594,16961,"Coin #BTR/USDT

Position: LONG 

Leverage:  Cross ...rgets: 🎯 0.2070, 0.2280, 0.2600

Stop Loss: 0.1800",023ead2a410f999ad46674e51fb6c1a2,2026-09-01T07:54:22+00:00,2026-09-01T09:31:06.187431+00:00,887,wolftradesupport5
1008593,16959,"Coin #0G/USDT

Position: SHORT 

Leverage:  Cross ...rgets: 🎯 0.2300, 0.2170, 0.2000

Stop Loss: 0.2520",6fed062f0fe01b1a40be162d444c9d1b,2026-09-01T07:54:22+00:00,2026-09-01T09:31:06.174956+00:00,887,wolftradesupport5
1008592,16958,"#UNI  /USDT — BUY (LONG) 
🎉
🟢 Leverage: Cross 75x
...Risk Management:
Use only 2%– 3%of your portfolio.",8c2018b272e1440cae60470b9b26335c,2026-09-01T07:54:22+00:00,2026-09-01T09:31:06.169675+00:00,887,wolftradesupport5
1008589,16955,"⌛#XPL/USDT  ( SHORT )

🍁 Leverage 👉 20X to 25X 

⛩... 0.08004 | 0.07927 | 0.07831

🔕 Stoploss = 0.08599",f58e2db236b6f1ebeedd42a901c4d08b,2026-09-01T07:54:22+00:00,2026-09-01T09:31:05.911398+00:00,887,wolftradesupport5
1008588,16953,"📊#WAL/USDT — LONG

⚡️ Leverage : 20X – 35X

💹Entry...Entry After TP1

⚖️ Follow Proper Risk Management.",b8fae45a22ee076b4ee0571349706e64,2026-09-01T07:54:21+00:00,2026-09-01T09:31:05.860950+00:00,887,wolftradesupport5
1008586,16952,"#LONG 🟢🔤🔤🔤🔤🔤

#NOT/USDT

Margin Mode : Isolated 💎
...🟥 SL : 0.0004765 - 100%   

📊 LEV : 20X

🇯🇵Premium",b6b3b7368b89f92ca7e841470c137040,2026-09-01T07:54:21+00:00,2026-09-01T09:31:05.837828+00:00,887,wolftradesupport5
1008585,16950,"⚡️$0G/USDT⚡️

LONG
Leverage: 20X

Entry: 0.2550

T...get:

1)0.2630
2)0.2770
3)0.2980

Stoploss: 0.2175",8b904628bd5b1a9a7fc335972467097c,2026-09-01T07:54:21+00:00,2026-09-01T09:31:05.834072+00:00,887,wolftradesupport5
1008584,16954,"📊 Let’s LONG #USELESS/USDT

💥 Leverage:  Cross  20...09685
2) 0.10500
3) 0.11700

🔖 Stop Loss: 0.0.8925",861d369a8581573fc47ef6ea1080bfed,2026-09-01T07:54:21+00:00,2026-09-01T09:31:05.831719+00:00,887,wolftradesupport5
1008582,16949,"Trade: #ARB/USDT

Direction: 📉 Short 

🟢 Entry Ran...77
• Target 6: 0.1066

💠 Leverage : 5x - 10x - 20x",d481750d69bd1792f0ca38e97d029885,2026-09-01T07:54:21+00:00,2026-09-01T09:31:05.641710+00:00,887,wolftradesupport5
1008581,16948,"🔰 0G/USDT 🔰

🟢 LONG 20X

🔳 ENTRY :- 0.2550

☑️ TARGET:- 0.2630 - 0.2770 - 0.2980

🔴 STOP :- 0.2175",1155e42ac57d80dbd79b43a61ebe977c,2026-09-01T07:54:21+00:00,2026-09-01T09:31:05.569481+00:00,887,wolftradesupport5
1008580,16947,"ADAUSDTUSDT  
Exchanges: BINGX 

🟢 Long
Leverage- ...1435000
5) 1.00
6) 1.08
7) 🚀🚀🚀 

⛔️ SL:
0.19247000",e4e94c6d1a53638a048a7b679e12c802,2026-09-01T07:54:21+00:00,2026-09-01T09:31:05.355694+00:00,887,wolftradesupport5
1008578,16946,"📊 Let’s SHORT #ARB/USDT

💥 Leverage:  Cross  10x -...: 

1) 0.103
2) 0.090
3) 0.083

🔖 Stop Loss: 0.119",662e660bfb4d09ad3a75b0451457a238,2026-09-01T07:54:21+00:00,2026-09-01T09:31:05.299168+00:00,887,wolftradesupport5
1008575,16938,"JASMYUSDTUSDT  
Exchanges: BINGX 

🟢 Long
Leverage....00501000
6) 0.00541000
7) 🚀🚀🚀 

⛔️ SL:
0.00400330",5f971620d7bebd2656465be8887ca4ad,2026-09-01T07:54:21+00:00,2026-09-01T09:31:05.072862+00:00,887,wolftradesupport5
1008573,16935,"#BTR/USDT SHORT     

👉Leverage : Cross 20× To 30×...

1)  0.205
2)  0.190
3)  0.180

⭕Stoploss : 0.235",2bfebed023ac7c165be0d9ca7b5ff7ae,2026-09-01T07:54:21+00:00,2026-09-01T09:31:05.067750+00:00,887,wolftradesupport5
1008563,16937,"DOTUSDTUSDT  
Exchanges: BINGX 

🟢 Long
Leverage- ...9422000
5) 1.00
6) 1.08
7) 🚀🚀🚀 

⛔️ SL:
0.80294000",a2bfbec12ccdd95ee5d56ac1e7ac9a86,2026-09-01T07:54:21+00:00,2026-09-01T09:31:04.970869+00:00,887,wolftradesupport5
1008567,16930,"🟢#BTR/USDT

📈Signal: long Leverage: Cross 50X

⚡️E...even after TP1 is hit.

📣Trade Smart • Follow Risk",0da893d3c5abf960b10aa6c4584d4d74,2026-09-01T07:54:20+00:00,2026-09-01T09:31:05.016647+00:00,887,wolftradesupport5
1038574,17224,"🔘 Coin : #CLO/USDT 🔘

🔴 SHORT

🔺Entry🔻: 0.17103

⭐... - 0.15738

♦️ StopLoss : 0.17718

🔱 Leverage: 25x",1e55a6a53c379dffbcc10aee5a514ea8,2026-09-02T07:35:06+00:00,2026-09-02T17:51:20.279572+00:00,887,wolftradesupport5
1038570,17219,"🚀 #APR/USDT LONG SIGNAL 🚀
📍 Entry: 0.2120


🎯 Take... your risk, and let's catch this move together! 🪙🔥",7a8b1600d5139d9f8f683f944c42bc1d,2026-09-02T07:35:06+00:00,2026-09-02T17:51:20.260294+00:00,887,wolftradesupport5
1038569,17222,"SHORT

UAI/USDT

MARKET PRICE 

Leverage: 10X

TP:...5% of capital 

Always use proper risk management.",c5798b5a705278e31512e800f9cc130a,2026-09-02T07:35:06+00:00,2026-09-02T17:51:20.259060+00:00,887,wolftradesupport5
1038562,17221,"🟢#BTR/USDT

📈Signal: short Leverage: Cross 20X

⚡️...even after TP1 is hit.

📣Trade Smart • Follow Risk",892f1d968b7d20576f7cdfdbaf6ad751,2026-09-02T07:35:06+00:00,2026-09-02T17:51:20.193078+00:00,887,wolftradesupport5
1038560,17223,"BTCUSDTUSDT  
Exchanges: BINGX 

🟢 Long
Leverage- ...5) 101280.84
6) 109383.31
7) 🚀🚀🚀 

⛔️ SL:
76200.00",87cb502ea087f5f76d00cec7d89cac01,2026-09-02T07:35:06+00:00,2026-09-02T17:51:20.170455+00:00,887,wolftradesupport5
1038554,17228,"📇 Setup: UAI/USDT 

LONG Trade 🛫

✔️ Leverage : 75...et 1 •0.5800
💰 Target 2 • 0.5900
💰 Target3 •0.6000",82ef48ec384ebe2ccec3eaab9c909e6d,2026-09-02T07:35:06+00:00,2026-09-02T17:51:20.001888+00:00,887,wolftradesupport5
1038555,17218,"Coin #UAI/USDT

Position: LONG 

Leverage:  Cross ...0.52

Targets: 🎯 0.56, 0.59, 0.64

Stop Loss: 0.50",dc2d7ac88995f7b56e5443763f73d7c1,2026-09-02T06:39:43+00:00,2026-09-02T17:51:20.104515+00:00,887,wolftradesupport5
1038580,17216,"🚀 SHORT: $BTR/USDT🚀
LEVERAGE: 20X-50X

🤍 ENTRY PRI....079- 0.070
—————

❌ STOP LOSS: 0.1070❌

REACTIONS",247d0bd874107f68ade1263dd08b1ef5,2026-09-02T06:38:55+00:00,2026-09-02T17:51:20.337036+00:00,887,wolftradesupport5
1038579,17215,"💵 𝐒𝐈𝐆𝐍𝐀𝐋 𝐀𝐋𝐄𝐑𝐓 💵

#HEMI/USDT (25xLONG)

✅ ENTRY:0....ETS:-0.02180/0.02250/0.02450

❌ STOP LOSS: 0.01830",5c1c13c1ce3cee01801eb915318a67bc,2026-09-02T06:38:55+00:00,2026-09-02T17:51:20.336046+00:00,887,wolftradesupport5
1038578,17210,FIL long 0.8030 tp 0.8200,5415f8069702dc401906294ef896cd91,2026-09-02T06:38:36+00:00,2026-09-02T17:51:20.320199+00:00,887,wolftradesupport5
1038576,17209,"⌛#AVAX/USDT  ( LONG )

🍁 Leverage 👉 20X to 25X 

⛩... 7.479 | 7.545 | 7.622 | 7.707

🔕 Stoploss = 7.014",4fb0c4d16dd6d48b41ece2081c0c1964,2026-09-02T06:38:36+00:00,2026-09-02T17:51:20.316124+00:00,887,wolftradesupport5
1038571,17214,"🔰 UNI/USDT 🔰

🟢 LONG 20X

🔳 ENTRY :- 6.15

☑️ TARGET:- 6.35 - 6.60 - 7.00

🔴 STOP :- 5.70",ff0548531127925277680c194709b0c6,2026-09-02T06:38:36+00:00,2026-09-02T17:51:20.263121+00:00,887,wolftradesupport5
1038566,17211,"COIN: #FIL /USDT (LONG) SETUP

📊 Leverage 25x to 5...ENT IS KEY
Use only 1–2% of your capital per trade",c2b67b956820631337d1dcc572f6bff8,2026-09-02T06:38:36+00:00,2026-09-02T17:51:20.232533+00:00,887,wolftradesupport5
1038556,17212,"➡️ #UNI     /USDT (SHORT) 🔽🔽

⌛LEVERAGE : 20X TO 7...75


💥Use only 1%margin of your total portfolio❤️😘",fb4f015b11879b09527057226bad3e75,2026-09-02T06:38:36+00:00,2026-09-02T17:51:20.121117+00:00,887,wolftradesupport5
1038567,17205,"🚀 $UNI/USDT PERP 🚀

🟢 LONG

💰 Entry : 6.25$ – 5.95...: 5X – 25X

⛔️ SL : 5.35$

📌 Use Only 2-5% Capital",72b3bc3f6fb65fbbda87d2aca8b1d2d7,2026-09-02T06:37:45+00:00,2026-09-02T17:51:20.246625+00:00,887,wolftradesupport5
1038565,17201,"🐳 ONG/USDT #SHORT🐳

✳️ ENTRY :- 0.102 - 0.108

💢 L...: 0.088

⛔️ STOP-LOSS :- 0.111

☝️ Margin Use 2–3%",734e3933931a10151fe12c8ccc0cd47f,2026-09-02T06:37:45+00:00,2026-09-02T17:51:20.224050+00:00,887,wolftradesupport5
1038564,17202,"🔴 SHORT

#SNX/USDT

Entry : 

1) 0.217700
2) 0.224...2638

🛑 Stop : 0.231415

Leverage : 10x (isolated)",2ed91e7a7c3958642927fefc05f849b3,2026-09-02T06:37:45+00:00,2026-09-02T17:51:20.214363+00:00,887,wolftradesupport5
1038563,17206,"$ACE/USDT #LONG📩

✅ENTRY :-0.2030/0.1970

Target 1...𝐎𝐧𝐥𝐲 𝟏-𝟑% 𝐎𝐟 𝐎𝐮𝐫 𝐃𝐞𝐩𝐨𝐬𝐢𝐭 𝐅𝐨𝐫 𝐄𝐚𝐜𝐡 𝐓𝐫𝐚𝐝𝐞

React,??m",070883af136eef00164c1a97bd8209bb,2026-09-02T06:37:45+00:00,2026-09-02T17:51:20.192205+00:00,887,wolftradesupport5
1038561,17208,"📍Coin : #ACE/USDT

🟢 LONG 

👉 Entry: 0.2042 - 0.19...t 5: 0.2145
🎯 Target 6: 0.2166

❌ StopLoss: 0.1947",a08f334309976f6d9ab6e5620ff6e540,2026-09-02T06:37:45+00:00,2026-09-02T17:51:20.184722+00:00,887,wolftradesupport5
1038559,17207,"⚡ #DOT/USDT

📤 Long 

💹 Buy: 0.8788 - 0.8526

🧿 Ta...246 - 0.9340

🧨 StopLoss: 0.8300 

🔘 Leverage: 20x",38626c33471a0123b9d736450cd65da5,2026-09-02T06:37:45+00:00,2026-09-02T17:51:20.164855+00:00,887,wolftradesupport5
1038558,17203,"🚀 FIL/USDT — LONG 🟢

⚡ Leverage: Cross 10x
🎯 Entry... 0.754

⚠️ NFA. Trade with proper risk management.",76995c1309aa655741dc96f4e2cac7fa,2026-09-02T06:37:45+00:00,2026-09-02T17:51:20.157474+00:00,887,wolftradesupport5
1038557,17200,"🔴 SHORT

#BAND/USDT

Entry zone : 0.1904 - 0.1849
...
0.1672
0.1616

Stop loss :0.197843

Leverage: 10x",829fef77d5d57b767098cad2a82c4996,2026-09-02T06:37:45+00:00,2026-09-02T17:51:20.132047+00:00,887,wolftradesupport5
1038575,17199,"✅ Long

#DASH/USDT

Entry zone : 41.69 - 42.98

Ta....75
47.04
48.32

Stop loss :39.9714

Leverage: 10x",a50e83e1acbab963982c56e90f9ca037,2026-09-02T06:37:44+00:00,2026-09-02T17:51:20.291300+00:00,887,wolftradesupport5
1051359,17442,"🚨 #AKE/USDT | LONG

⚡Leverage: Cross 25x

🎯Entry T... follow the signal and secure profits at targets.💎",10e86787f75851256796fb3a3f05e2e1,2026-09-03T08:29:56+00:00,2026-09-03T08:30:24.674332+00:00,887,wolftradesupport5
1051344,17423,"⭐️$BR/USDT  LONG 

🛡Leverage : Cross 25x50

‼️Entr....22042

Use only 3% - 5% amount of your portfolio🛍",03f16c0019ffca60d9997d6e2bc170b0,2026-09-03T08:29:37+00:00,2026-09-03T08:30:23.412829+00:00,887,wolftradesupport5
1051335,17424,"PAIR: BR/USDT
DIRECTION: LONG

Entry Price
1) 0.27...sk Reminder: Use only 2% of your capital per trade",d886029a89ca058a77487c448bcaf431,2026-09-03T08:29:37+00:00,2026-09-03T08:30:23.352042+00:00,887,wolftradesupport5
1051348,17406,"#HEMI/USDT LONG     

👉Leverage : Cross 10× To 30×....02170
2)  0.02240
3)  0.02430

⭕Stoploss : 0.0197",e11f29f0c28bf03adb93205cf5983283,2026-09-03T08:07:55+00:00,2026-09-03T08:30:23.480384+00:00,887,wolftradesupport5
1051341,17401,"🔴 Short

Pair: #NEO/USDT

📊 Entry Price: 

1) 2.04....948
4) 1.905

Stop Loss: 2.175

Leverage: 10x-20x",86be8e6c74ff23f51d5945fcd2ae54b0,2026-09-03T08:07:55+00:00,2026-09-03T08:30:23.396675+00:00,887,wolftradesupport5
1051340,17408,"#BR/USDT LONG     

👉Leverage : Cross 10× To 30×

...

1)  0.277
2)  0.290
3)  0.318

⭕Stoploss : 0.256",4cd919ebcf910363829b93e62eae4d7d,2026-09-03T08:07:55+00:00,2026-09-03T08:30:23.385635+00:00,887,wolftradesupport5
1051338,17405,"#MARSCOIN/USDT LONG     

👉Leverage : Cross 10× To...

1)  0.092
2)  0.095
3)  0.098

⭕Stoploss : 0.086",c6521b5516bd1985432983615c37e18a,2026-09-03T08:07:55+00:00,2026-09-03T08:30:23.377209+00:00,887,wolftradesupport5
1051337,17411,"COIN: #ARB/USDT (LONG) SETUP

📊 Leverage 25x to 50...ENT IS KEY
Use only 1–2% of your capital per trade",23127075fe98a79b4f3f1f583e159b6b,2026-09-03T08:07:55+00:00,2026-09-03T08:30:23.361322+00:00,887,wolftradesupport5
1051336,17402,"$4/USDT #LONG📩

✅ENTRY :-0.015140/0.01470

Target ...𝐎𝐧𝐥𝐲 𝟏-𝟑% 𝐎𝐟 𝐎𝐮𝐫 𝐃𝐞𝐩𝐨𝐬𝐢𝐭 𝐅𝐨𝐫 𝐄𝐚𝐜𝐡 𝐓𝐫𝐚𝐝𝐞

React,??m",6a246f777c21701534726d892abbf84e,2026-09-03T08:07:55+00:00,2026-09-03T08:30:23.360599+00:00,887,wolftradesupport5
1051331,17421,"⚡️$ADA/USDT { 25X }

📈 DIRECTION : { LONG }

🔍 ENT...121
➡️0.2142
➡️0.2168
➡️0.2199

🔴STOPLOSS : 0.2000",55b82f4b7525b63933a154a9cb1205c0,2026-09-03T08:07:55+00:00,2026-09-03T08:30:23.340114+00:00,887,wolftradesupport5
1051329,17409,"📈 LONG #BR/USDT

🚀 LEVERAGE : 75x

📊 ENTRY PRICE  ...

TP🟢0.290

TP🟢0.302

STOPLOSS 🔴0.258


REACTIONS?",638f86a8658dc716d6eebe53f7efa1c8,2026-09-03T08:07:55+00:00,2026-09-03T08:30:23.338540+00:00,887,wolftradesupport5
1051332,17413,"#ARB/USDT LONG     

👉Leverage : Cross 10× To 30×
...)  0.1378
2)  0.1440
3)  0.1540

⭕Stoploss : 0.126",fd769bf855b6743ed7e49e840114c241,2026-09-03T08:07:55+00:00,2026-09-03T08:30:23.337886+00:00,887,wolftradesupport5
1051328,17399,"💵 𝐒𝐈𝐆𝐍𝐀𝐋 𝐀𝐋𝐄𝐑𝐓 💵

#T/USDT (25xLONG)

✅ ENTRY:0.004...RGETS:-0.005060/0.0053/0.0057

❌ STOP LOSS: 0.0042",0948184d562fa6e276f6584819367f71,2026-09-03T08:07:55+00:00,2026-09-03T08:30:23.313780+00:00,887,wolftradesupport5
1051324,17400,"✅ Long

Pair: #BAT/USDT

📊 Entry Price: 

1) 0.067...) 0.072096

Stop Loss: 0.063228

Leverage: 10x-20x",498642248320f2af980816c2bb23de36,2026-09-03T08:07:55+00:00,2026-09-03T08:30:23.307914+00:00,887,wolftradesupport5
1051320,17418,"📊 Let’s LONG #MARSCOIN/USDT

💥 Leverage:  Cross 20...: 

1) 0.102
2) 0.111
3) 0.125

🔖 Stop Loss: 0.095",735a4e3ccb07f195f7179a57dbedbd04,2026-09-03T08:07:55+00:00,2026-09-03T08:30:23.300420+00:00,887,wolftradesupport5
1051317,17398,"✅ Long

#KNC/USDT

Entry zone : 0.10805 - 0.11140
....12192
0.12525

Stop loss :0.103602

Leverage: 10x",8c69c56ba29c4f0e21887a20e4314ac8,2026-09-03T08:07:55+00:00,2026-09-03T08:30:23.208300+00:00,887,wolftradesupport5
1051314,17410,ARB long 0.1350 tp 0.1378,b98972ecdf1d2354b0ef8fc7ae01a8b2,2026-09-03T08:07:55+00:00,2026-09-03T08:30:23.151894+00:00,887,wolftradesupport5
1051347,17394,"APTUSDTUSDT  
Exchanges: BINGX 

🟢 Long
Leverage- ....65167000
6) 0.70380000
7) 🚀🚀🚀 

⛔️ SL:
0.57750000",83d4ead4858f9b51a3e61aae7c8c5e98,2026-09-03T08:07:54+00:00,2026-09-03T08:30:23.479001+00:00,887,wolftradesupport5
1051316,17397,"🚀 $NIGHT/USDT PERP 🚀

🟢 LONG

💰 Entry : 0.0203$ – ...5X – 25X

⛔️ SL : 0.0180$

📌 Use Only 2-5% Capital",c5e248853c173be368392156140bc5ea,2026-09-03T08:07:54+00:00,2026-09-03T08:30:23.183016+00:00,887,wolftradesupport5
1051313,17392,"HEMIUSDTUSDT  
Exchanges: BINGX 

🟢 Long
Leverage-....01528000
6) 0.01650000
7) 🚀🚀🚀 

⛔️ SL:
0.01100000",036007dfbd2112215dd6e06cbcb207ee,2026-09-03T08:07:54+00:00,2026-09-03T08:30:23.090254+00:00,887,wolftradesupport5
1051311,17385,"⚡️⚡️ #BLUR/USDT ⚡️⚡️
Exchanges: Bingx 
Signal Type...
5) 0.01698
6) 0.01722
7) 🚀🚀🚀

Stop Targets:
5-10%",4402bc94bccd841dd4ccb094d6cb77f7,2026-09-03T08:07:54+00:00,2026-09-03T08:30:14.449747+00:00,887,wolftradesupport5
1051309,17386,"APEXUSDTUSDT  
Exchanges: BINGX 

🟢 Long
Leverage-....27147000
6) 0.27531000
7) 🚀🚀🚀 

⛔️ SL:
0.24329500",31c02752e601577e9a76b342b91812b5,2026-09-03T08:07:54+00:00,2026-09-03T08:30:14.417812+00:00,887,wolftradesupport5
1051307,17382,"⚡️⚡️ #ARK/USDT ⚡️⚡️
Exchanges: Bingx 
Signal Type:...
5) 0.11914
6) 0.12083
7) 🚀🚀🚀

Stop Targets:
5-10%",5b090a4d584aa9784c1eec393bef8019,2026-09-03T08:07:54+00:00,2026-09-03T08:30:14.395801+00:00,887,wolftradesupport5
1051306,17383,"⚡️⚡️ #DASH/USDT ⚡️⚡️
Exchanges: Bingx 
Signal Type...) 45.46340
6) 46.10675
7) 🚀🚀🚀

Stop Targets:
5-10%",888a953cb6997081637753eef7b1bdde,2026-09-03T08:07:54+00:00,2026-09-03T08:30:14.384843+00:00,887,wolftradesupport5
1051305,17384,"⚡️⚡️ #APEX/USDT ⚡️⚡️
Exchanges: Bingx 
Signal Type...
5) 0.27147
6) 0.27531
7) 🚀🚀🚀

Stop Targets:
5-10%",769cad8c111057a6d271c92821ab35b8,2026-09-03T08:07:54+00:00,2026-09-03T08:30:14.383863+00:00,887,wolftradesupport5
1051304,17379,"⚡️⚡️ #ANKR/USDT ⚡️⚡️
Exchanges: Bingx 
Signal Type...
5) 0.00497
6) 0.00504
7) 🚀🚀🚀

Stop Targets:
5-10%",d3e8e2a6e94872162bfb24e905de5fda,2026-09-03T08:07:54+00:00,2026-09-03T08:30:14.346272+00:00,887,wolftradesupport5
1051303,17381,"⚡️⚡️ #AIA/USDT ⚡️⚡️
Exchanges: Bingx 
Signal Type:...
5) 0.08159
6) 0.08274
7) 🚀🚀🚀

Stop Targets:
5-10%",abdda8ea664692d8f5bd78afaae68e8c,2026-09-03T08:07:54+00:00,2026-09-03T08:30:14.332473+00:00,887,wolftradesupport5
1051302,17380,"⚡️⚡️ #ALPINE/USDT ⚡️⚡️
Exchanges: Bingx 
Signal Ty...
5) 0.37185
6) 0.37711
7) 🚀🚀🚀

Stop Targets:
5-10%",7756144f3ff7a70879facef2311ba1f0,2026-09-03T08:07:54+00:00,2026-09-03T08:30:14.282014+00:00,887,wolftradesupport5
1051301,17378,"⚡️⚡️ #1000SHIB/USDT ⚡️⚡️
Exchanges: Bingx 
Signal ...
5) 0.00556
6) 0.00563
7) 🚀🚀🚀

Stop Targets:
5-10%",e4fe3a587716926e0c9e2c7c9d460451,2026-09-03T08:07:54+00:00,2026-09-03T08:30:14.229571+00:00,887,wolftradesupport5
1051300,17377,"XLMUSDTUSDT  
Exchanges: BINGX 

🟢 Long
Leverage- ....19071000
6) 0.20597000
7) 🚀🚀🚀 

⛔️ SL:
0.16900000",1af923372f7db7c4f838dbc612322d7e,2026-09-03T08:07:54+00:00,2026-09-03T08:30:14.157713+00:00,887,wolftradesupport5
1051299,17376,"AVAXUSDTUSDT  
Exchanges: BINGX 

🟢 Short
Leverage... 6.93
4) 6.75
5) 6.21
6) 5.71
7) 🚀🚀🚀 

⛔️ SL:
7.52",5fc596e8544cc5825fad2a59acc99a93,2026-09-03T08:07:54+00:00,2026-09-03T08:30:14.104608+00:00,887,wolftradesupport5
1051298,17374,"ETHUSDT  
Exchanges: BINGX 

🟢 Short
Leverage- Cro...4.61
5) 2222.90
6) 2175.10
7) 🚀🚀🚀 

⛔️ SL:
2533.63",db060c192eb62a90ee4239f5499e8824,2026-09-03T08:07:54+00:00,2026-09-03T08:30:13.929536+00:00,887,wolftradesupport5
1051295,17372,"📍Coin : #MUBARAK/USDT

🔴 SHORT 

👉 Entry: 0.02615 ...: 0.02489
🎯 Target 6: 0.02463

❌ StopLoss: 0.02749",7943ab639ca2340ee4b072637c4ae76c,2026-09-03T08:07:54+00:00,2026-09-03T08:30:13.777066+00:00,887,wolftradesupport5
1051296,17373,"⌛#LINK/USDT  ( SHORT )

🍁 Leverage 👉 20X to 25X 

...71 | 10.779 | 10.650 | 10.536

🔕 Stoploss = 11.647",4a1831cbe2a5750232048b2fbd002463,2026-09-03T08:07:54+00:00,2026-09-03T08:30:13.775897+00:00,887,wolftradesupport5
1051293,17371,"COIN: #HEMI/USDT (LONG) SETUP

📊 Leverage 25x to 5...ENT IS KEY
Use only 1–2% of your capital per trade",41e0b95dba0492eed182dbbed11bb65e,2026-09-03T08:07:54+00:00,2026-09-03T08:30:13.740636+00:00,887,wolftradesupport5
1052993,17483,"Pair: #FIL/USDT

Short • (10X-50X)

Entry
0.7830 -... your own risk. Always use proper risk management.",c872c6e99593038a52faa5a288f3730b,2026-09-03T10:03:43+00:00,2026-09-03T10:11:05.791789+00:00,887,wolftradesupport5
1052992,17482,"🚨 #CLO/USDT | SHORT

⚡Leverage: Cross 25x

🎯Entry ... follow the signal and secure profits at targets.💎",3883cbc595c217add44965b15df6fa98,2026-09-03T10:03:43+00:00,2026-09-03T10:11:05.708351+00:00,887,wolftradesupport5
1052991,17481,"🔰 PAIR: SUI/ USDT 💹

🟢Position: LONG🚀

☑️ Entry Zo...:
🥇 0.7693
🥈 0.7775
🥉 0.7876

❌ Stop Loss: 🔴0.7431",4893ac08787771879667bd8cc416ab7d,2026-09-03T10:03:43+00:00,2026-09-03T10:11:05.600389+00:00,887,wolftradesupport5
1052990,17480,"🚀 #GPS/USDT LONG SIGNAL 🚀
📍 Entry: 0.01117


🎯 Tak... your risk, and let's catch this move together! 🪙🔥",e0670f6dfc2c1f564ff309bb6eb9a1c5,2026-09-03T09:56:19+00:00,2026-09-03T10:11:05.521365+00:00,887,wolftradesupport5
1052988,17476,"#MARSCOIN/USDT SHORT     

👉Leverage : Cross 10× T...

1)  0.094
2)  0.090
3)  0.087

⭕Stoploss : 0.102",396ec657792328791903bf8ef69ab270,2026-09-03T09:50:10+00:00,2026-09-03T10:11:04.966357+00:00,887,wolftradesupport5
1052987,17478,"🚀 LONG: $USELESS/USDT
LEVERAGE: 50x

✔️ENTRY PRICE...1553-0.1620-0.1730

STOP LOSS:  0.1430

REACTIONS?",dd22a548f06ba7f17f79cc5b0ebaa422,2026-09-03T09:50:10+00:00,2026-09-03T10:11:04.918473+00:00,887,wolftradesupport5
1052965,17477,"✨FIL/USDT

🎗 Trade Type = SHORT 🔴

⭐️ Leverage :- ...[ 0.7737, 0.7662, 0.7574, 0.7514, 0.7410, 0.7345 ]",6d89874b14c4cb08e9b56998785189a6,2026-09-03T09:50:10+00:00,2026-09-03T10:11:04.775588+00:00,887,wolftradesupport5
1052958,17474,"🟢#MARSCOIN/USDT

📈Signal: long Leverage: Cross 20X...even after TP1 is hit.

📣Trade Smart • Follow Risk",32bc25816941c991cf4ff9d8919ec952,2026-09-03T09:50:09+00:00,2026-09-03T10:11:04.697601+00:00,887,wolftradesupport5
1052983,17472,"📇 Setup: USELESS/USDT 

LONG Trade 🛫

✔️ Leverage ...1 •0.15170
💰 Target 2 • 0.15800
💰 Target3 •0.17000",d384ab61b294abe79639c0ac189a09c4,2026-09-03T09:24:14+00:00,2026-09-03T10:11:04.894184+00:00,887,wolftradesupport5
1052960,17473,"➡️ #BR    /USDT (SHORT) 🔽🔽

⌛LEVERAGE : 20X TO 75X...22

💥Use only 1%margin of your total portfolio❤️😘😇",4a8b5b9d52b863245fdb15548ccd474b,2026-09-03T09:24:14+00:00,2026-09-03T10:11:04.727195+00:00,887,wolftradesupport5
1052980,17470,"USELESSUSDTUSDT  
Exchanges: BINGX 

🟢 Long
Levera...4) 1.00
5) 2.00
6) 3.00
7) 🚀🚀🚀 

⛔️ SL:
0.13900000",c38ab3185e4737288a476e86e1db0964,2026-09-03T09:19:35+00:00,2026-09-03T10:11:04.875853+00:00,887,wolftradesupport5
1052974,17469,"📊 Let’s LONG #USELESS/USDT

💥 Leverage:  Cross 20×...1) 0.1506
2) 0.1560
3) 0.1670

🔖 Stop Loss: 0.1390",1a3f2aa4d748bc5a656c930e62d74e7d,2026-09-03T09:19:35+00:00,2026-09-03T10:11:04.833418+00:00,887,wolftradesupport5
1052978,17468,"#USELESS /USDT BUY (LONG) 

⚡️Leverage : Cross 25x....1390

⚠️Use only 3% - 5% amount of your portfolio",be6bcef39abe01c83083923904dfa9a5,2026-09-03T09:13:56+00:00,2026-09-03T10:11:04.866838+00:00,887,wolftradesupport5
1052976,17465,"⭐️$AKE/USDT  LONG 

🛡Leverage : Cross 25x50

‼️Ent...008386

Use only 3% - 5% amount of your portfolio🛍",4419636506c09fceb23bef5508cbb202,2026-09-03T09:13:56+00:00,2026-09-03T10:11:04.850173+00:00,887,wolftradesupport5
1052969,17463,"🌈PAIR:- MARSCOIN/USDT
⚡️ Direction : LONG
🛠 Levera...nt Usage:- 1 - 2%
(According To your Risk Setting)",20abb337304c7d258f42ca8473e40cf5,2026-09-03T09:13:56+00:00,2026-09-03T10:11:04.797932+00:00,887,wolftradesupport5
1052956,17466,"AKEUSDTUSDT  
Exchanges: BINGX 

🟢 Long
Leverage- ....01822000
6) 0.01968000
7) 🚀🚀🚀 

⛔️ SL:
0.00838600",5db91a974e201f4c66cb96e28855096a,2026-09-03T09:13:56+00:00,2026-09-03T10:11:04.650172+00:00,887,wolftradesupport5
1052975,17461,"PAIR: AKE/USDT
DIRECTION: LONG

Entry Price
1) 0.0...sk Reminder: Use only 2% of your capital per trade",f808a00129f2137e498d1c04911fc0e6,2026-09-03T09:07:21+00:00,2026-09-03T10:11:04.841272+00:00,887,wolftradesupport5
1052957,17462,"PAIR: EDGE/USDT
DIRECTION: LONG

Entry Price
1) 0....sk Reminder: Use only 2% of your capital per trade",f0e0111ce055899cb351ef9d32d20500,2026-09-03T09:07:21+00:00,2026-09-03T10:11:04.648760+00:00,887,wolftradesupport5
1052985,17458,"PAIR: 4/USDT
DIRECTION: LONG

Entry Price
1) 0.016...sk Reminder: Use only 2% of your capital per trade",de393ce5fa3d189fdafeae473f59c4e7,2026-09-03T08:58:37+00:00,2026-09-03T10:11:04.904888+00:00,887,wolftradesupport5
1052979,17460,"🟢LINK/USDT Long Trade Setup

Leverage 75X

Entry P...1.400

Stop Loss   11.010

Follow Money Management",ae729bc72897d653c1c93e85f1ab2726,2026-09-03T08:58:37+00:00,2026-09-03T10:11:04.864861+00:00,887,wolftradesupport5
1052967,17457,"🔴 SHORT

#COMP/USDT

Entry zone : 21.18 - 20.57

T....22
18.60
17.98

Stop loss :22.0099

Leverage: 10x",86c3e4fbee7db1c022a0678ac9b907e4,2026-09-03T08:58:37+00:00,2026-09-03T10:11:04.793547+00:00,887,wolftradesupport5
1052982,17456,"#BR   /USDT — BUY (LONG) 
🎉
🟢 Leverage: Cross  75x...Risk Management:
Use only 2%– 3%of your portfolio.",5b08459d15b4f83dcefb79f74d6ff939,2026-09-03T08:48:32+00:00,2026-09-03T10:11:04.895625+00:00,887,wolftradesupport5
1052971,17454,"⭐️$MARSCOIN/USDT  LONG 

🛡Leverage : Cross 25x50

....07179

Use only 3% - 5% amount of your portfolio🛍",2b3cb537cf537598237b496fdd28a810,2026-09-03T08:48:32+00:00,2026-09-03T10:11:04.817635+00:00,887,wolftradesupport5
1052984,17453,"PAIR: H/USDT
DIRECTION: LONG

Entry Price
1) 0.086...sk Reminder: Use only 2% of your capital per trade",8c3cfd4107287346201513dad2fb74c6,2026-09-03T08:48:31+00:00,2026-09-03T10:11:04.902575+00:00,887,wolftradesupport5
1052977,17451,"#MARSCOIN   /USDT — BUY (LONG) 
🎉
🟢 Leverage: Cros...Risk Management:
Use only 2%– 3%of your portfolio.",5c5296ada799cc5566ebcb330d2c843a,2026-09-03T08:48:31+00:00,2026-09-03T10:11:04.855991+00:00,887,wolftradesupport5
1052968,17452,"BTCUSDTUSDT  
Exchanges: BINGX 

🟢 Long
Leverage- ...
5) 94211.18
6) 101748.07
7) 🚀🚀🚀 

⛔️ SL:
71655.32",e4d4319c7452ba4ddde84735d95ae89d,2026-09-03T08:48:31+00:00,2026-09-03T10:11:04.794431+00:00,887,wolftradesupport5
1052966,17449,"💰#BR / USDT👑

💎Setup Type: Strong LONG🔖Opportunity...TP ➝ 0.34000

4️⃣TP ➝ 0.43000

🚫Stop Loss: 0.23000",2e69cf5c4c17d9e22e3c0f8e943281eb,2026-09-03T08:47:51+00:00,2026-09-03T10:11:04.788363+00:00,887,wolftradesupport5
1052973,17446,"PAIR: MUBARAK/USDT
DIRECTION: LONG

Entry Price
1)...sk Reminder: Use only 2% of your capital per trade",4409b1a134012a5add66dffb02c9abb5,2026-09-03T08:36:52+00:00,2026-09-03T10:11:04.835177+00:00,887,wolftradesupport5
1052964,17447,"MARSCOINUSDTUSDT  
Exchanges: BINGX 

🟢 Long
Lever...0
5) 0.14898000
6) 0.16090000
7) 🚀🚀🚀 

⛔️ SL:
1.00",7e3be94a63ed027ea2f6b7b882200446,2026-09-03T08:36:52+00:00,2026-09-03T10:11:04.776270+00:00,887,wolftradesupport5
1052955,17445,"PAIR: MARSCOIN/USDT
DIRECTION: LONG

Entry Price
1...sk Reminder: Use only 2% of your capital per trade",b5a2fb6db5adeb152930e9c01c07d50e,2026-09-03T08:36:52+00:00,2026-09-03T10:11:04.573247+00:00,887,wolftradesupport5
1052953,17444,"📇 Setup: BR/USDT 

LONG Trade 🛫

✔️ Leverage : 75X...1 •0.28600
💰 Target 2 • 0.29700
💰 Target3 •0.32000",4225f3ad92aaf33cc40982cf763e0a05,2026-09-03T08:36:52+00:00,2026-09-03T10:11:04.379756+00:00,887,wolftradesupport5
1057029,17508,"📊 Let’s SHORT #MARSCOIN/USDT

💥 Leverage:  Cross 2...
1) 0.1088
2) 0.1050
3) 0.1020

🔖 Stop Loss: 0.119",8a7d39deb1055b42e20e704ce0d5909b,2026-09-03T11:48:00+00:00,2026-09-03T11:49:20.269826+00:00,887,wolftradesupport5
1057028,17511,"MARSCOINUSDTUSDT  
Exchanges: BINGX 

🟢 Long
Lever...20.00
5) 21.60
6) 23.33
7) 🚀🚀🚀 

⛔️ SL:
0.11900000",6452a732ee4e05f1701657b8fd0853f9,2026-09-03T11:48:00+00:00,2026-09-03T11:49:20.225834+00:00,887,wolftradesupport5
1057027,17510,"🚩 SHORT #B/USDT

⚙️ 75X LEVERAGE

🛡 Entry: 0.1293
...TP2: 0.1250
TP3: 0.1205

🛑 SL: 0.1420

🔥REACTIONS?",be89b337d99b0d37f1817f634f981bed,2026-09-03T11:48:00+00:00,2026-09-03T11:49:20.185588+00:00,887,wolftradesupport5
1057026,17509,B/USDT SHORT NOW,2d1eb54cbc097289496517321e6189ce,2026-09-03T11:48:00+00:00,2026-09-03T11:49:20.108197+00:00,887,wolftradesupport5
1057025,17506,"🔴 SHORT

#KAVA/USDT

Entry : 

1) 0.050010
2) 0.05...6550

🛑 Stop : 0.053160

Leverage : 10x (isolated)",955e3e7b5668c188ebde39c8dc92c9ea,2026-09-03T11:06:21+00:00,2026-09-03T11:49:20.076721+00:00,887,wolftradesupport5
1057022,17505,"#EDUUSDT — BUY (LONG) 
🎉
🟢 Leverage: Cross  20x

⚡...Risk Management:
Use only 2%– 3%of your portfolio.",58d8d563ee73bdba3a1300979c3a5465,2026-09-03T11:06:21+00:00,2026-09-03T11:49:20.017307+00:00,887,wolftradesupport5
1057021,17502,"💰#EDGE / USDT👑

💎Setup Type: Strong LONG🔖Opportuni...

🥉TP ➝ 0.6500

4️⃣TP ➝ 0.8000

🚫Stop Loss: 0.3900",02b6a806832260bfe3134813f454052b,2026-09-03T10:59:45+00:00,2026-09-03T11:49:19.963247+00:00,887,wolftradesupport5
1057018,17500,"📊#SPK/USDT — LONG

⚡️ Leverage : 25X – 30X

💹Entry...Entry After TP1

⚖️ Follow Proper Risk Management.",e2a36b85cbecbb04a3a4d470aa85a058,2026-09-03T10:59:45+00:00,2026-09-03T11:49:19.916335+00:00,887,wolftradesupport5
1057017,17499,"🔘 Coin : #EDGE/USDT 🔘

🔴 SHORT

🔺Entry🔻: 0.5096

⭐...91 - 0.4688

♦️ StopLoss : 0.5289

🔱 Leverage: 25x",06467accf05e38e9598b657ad26df9b1,2026-09-03T10:59:19+00:00,2026-09-03T11:49:19.822089+00:00,887,wolftradesupport5
1057016,17498,"🚀 #ZAMA/USDT LONG SIGNAL 🚀
📍 Entry: 0.05685


🎯 Ta... your risk, and let's catch this move together! 🪙🔥",67c1ae6a35662e5ce11e0e703fb198a8,2026-09-03T10:59:19+00:00,2026-09-03T11:49:19.470646+00:00,887,wolftradesupport5
1057013,17496,"🚀 #MARSCOIN/USDT SHORT SIGNAL 🚀
📍 Entry: 0.1035


... your risk, and let's catch this move together! 🪙🔥",8939b195800e82fee4a22d86c4600767,2026-09-03T10:59:19+00:00,2026-09-03T11:49:19.310806+00:00,887,wolftradesupport5
1057011,17493,"MARSCOINUSDTUSDT  
Exchanges: BINGX 

🟢 Long
Lever....13764000
6) 0.14865000
7) 🚀🚀🚀 

⛔️ SL:
0.09850000",3c854eb46c86318d934ade4af03ae2fa,2026-09-03T10:59:19+00:00,2026-09-03T11:49:19.280030+00:00,887,wolftradesupport5
1057009,17492,"#MARSCOIN/USDT LONG     

👉Leverage : Cross 10× To...
1)  0.105
2)  0.112
3)  0.118

⭕Stoploss : 0.0985",9de4c71eec4ab7ae07867890f2446b85,2026-09-03T10:59:19+00:00,2026-09-03T11:49:19.267014+00:00,887,wolftradesupport5
1057008,17494,"📊#ZAMA/USDT–LONG–30x 🚀

📍 𝐄𝐧𝐭𝐫𝐲 𝐙𝐨𝐧𝐞:

➥ 0.0568, 0...tal.

⚠️ Disclaimer:
Trade at your own risk. DYOR.",a92e151f045429efe2c9907eefd53e44,2026-09-03T10:59:19+00:00,2026-09-03T11:49:19.252616+00:00,887,wolftradesupport5
1057006,17490,"📊 Let’s LONG #AKE/USDT

💥 Leverage:  Cross 20×

✔️....01340
2) 0.01465
3) 0.01525

🔖 Stop Loss: 0.01190",f97ede8a90b06e31bf102d2b362816f3,2026-09-03T10:59:18+00:00,2026-09-03T11:49:19.249240+00:00,887,wolftradesupport5
1057010,17489,"➡️ #FF     /USDT (LONG) 🔼🔼

⌛LEVERAGE : 20X TO 75X...5


💥Use only 1%margin of your total portfolio❤️😘😇",6f4c737ad03a116e5f6e8198cd754ed3,2026-09-03T10:19:19+00:00,2026-09-03T11:49:19.266088+00:00,887,wolftradesupport5
1057007,17486,"#FIL/USDT SHORT     

👉Leverage : Cross 10× To 30×...
1)  0.768
2)  0.750
3)  0.730

⭕Stoploss : 0.8069",57e67c9c379446bfede239619608b11c,2026-09-03T10:19:19+00:00,2026-09-03T11:49:19.250123+00:00,887,wolftradesupport5
1057005,17488,"#BR/USDT LONG     

👉Leverage : Cross 10× To 30×

...

1)  0.297
2)  0.310
3)  0.330

⭕Stoploss : 0.273",6c47a56004827bf5fda744e19028b636,2026-09-03T10:19:19+00:00,2026-09-03T11:49:19.247328+00:00,887,wolftradesupport5
1057004,17485,"COIN: #BR/USDT (LONG) SETUP

📊 Leverage 25x to 50x...ENT IS KEY
Use only 1–2% of your capital per trade",757502d406154cf6604bcd547ef15dd0,2026-09-03T10:19:19+00:00,2026-09-03T11:49:19.239302+00:00,887,wolftradesupport5
1058296,17516,"🚀 #LIT/USDT LONG SIGNAL 🚀
📍 Entry: 3.9225


🎯 Take... your risk, and let's catch this move together! 🪙🔥",3bbe92ab64fd0d4934200a0718bfb476,2026-09-03T12:00:09+00:00,2026-09-03T13:06:41.782215+00:00,887,wolftradesupport5
1058294,17514,"COIN: #TAG/USDT (LONG) SETUP

📊 Leverage 25x to 50...ENT IS KEY
Use only 1–2% of your capital per trade",9f6ba7093b55c4d5ac7d7e4c4c10bf91,2026-09-03T12:00:09+00:00,2026-09-03T13:06:41.775884+00:00,887,wolftradesupport5
1060846,17556,"✅Entry 0.05560 - 0.05460

(🆘LONG CHIPUSDT 5-20x🆘)
... $0.05830
🏹Target 6  $0.05900

🚫Stop loss -0.05325",9c405258c7b5d984e7eb00f2d6bbcfa4,2026-09-03T16:19:23+00:00,2026-09-03T20:35:29.508823+00:00,887,wolftradesupport5
1060845,17557,"🟢 LONG  - $ICNTUSDT

- Entry market: 0.1113
- Entr... the funds if trading without caution & knowledge.",b78807a364124a7bc6e1c5505a09c396,2026-09-03T16:19:23+00:00,2026-09-03T20:35:29.499772+00:00,887,wolftradesupport5
1060844,17559,"🟢#EDGE/USDT

📈Signal: long Leverage: Cross 20X

⚡️...even after TP1 is hit.

📣Trade Smart • Follow Risk",61597a6fe3c7bdd8474fdae66bda38e9,2026-09-03T16:19:23+00:00,2026-09-03T20:35:29.493014+00:00,887,wolftradesupport5
1060841,17563,"BTCUSDT  
Exchanges: BINGX 

🟢 Short
Leverage- Cro...0
5) 62633.60
6) 57622.91
7) 🚀🚀🚀 

⛔️ SL:
82900.00",1c29948f8c759d4ac8146e74a7701899,2026-09-03T16:19:23+00:00,2026-09-03T20:35:29.466731+00:00,887,wolftradesupport5
1060823,17560,"BTC/ USDT/ SHORT
Entry at market price 

Cross || ...only 1% of your wallet. 
Manage your risk properly",0182efeed1e49cf096ba7ae4c20a4547,2026-09-03T16:19:23+00:00,2026-09-03T20:35:29.284953+00:00,887,wolftradesupport5
1060852,17548,"FILUSDTUSDT  
Exchanges: BINGX 

🟢 Long
Leverage- ....85546000
6) 0.92390000
7) 🚀🚀🚀 

⛔️ SL:
0.75810000",15537f1afdb94e5aaa5da71529a6ff3d,2026-09-03T15:35:16+00:00,2026-09-03T20:35:29.581413+00:00,887,wolftradesupport5
1060838,17552,"🚀 SHORT: $UAI/USDT
LEVERAGE: 50x

✔️ENTRY PRICE: 0...585-0.3400-0.3100

STOP LOSS:  0.3870


REACTIONS?",545f23f52d1a25b63021819045ff4343,2026-09-03T15:35:16+00:00,2026-09-03T20:35:29.452069+00:00,887,wolftradesupport5
1060821,17551,"📍Coin : #MTL/USDT

🟢 LONG 

👉 Entry: 0.2336 - 0.22...t 5: 0.2456
🎯 Target 6: 0.2480

❌ StopLoss: 0.2200",d4ff059bda10218b7727e7593dd7a909,2026-09-03T15:35:16+00:00,2026-09-03T20:35:29.236163+00:00,887,wolftradesupport5
1060853,17546,"🚀 SIGNAL ALERT 🚀

💎 Pair: FIL/USDT
⏱️ Timeframe: 1...━━━
 ❌ SL: 0.7581

 ━━━━━━━━━
🟨Risk Management: 3%",1b19c8f8730a4729311eb50537cf940a,2026-09-03T15:35:15+00:00,2026-09-03T20:35:29.580667+00:00,887,wolftradesupport5
1060850,17541,"🛎️ Trade: #AVNT/USDT

Direction: 📈 LONG 

🟢 Entry ...03
• Target 6: 0.1114

💠 Leverage : 5x - 10x - 20x",6fa43e4e1ee2ec94a13c72fae95f65e1,2026-09-03T15:35:15+00:00,2026-09-03T20:35:29.541980+00:00,887,wolftradesupport5
1060837,17532,"🚀 #XPL/USDT LONG SIGNAL 🚀
📍 Entry: 0.09310


🎯 Tak...ur risk, and let's catch this move together! 🪙❤️‍🔥",e50484a999bcf7377624064b90ec4685,2026-09-03T15:35:15+00:00,2026-09-03T20:35:29.442389+00:00,887,wolftradesupport5
1060834,17545,"🚀 SIGNAL ALERT 🚀

💎 Pair: INJ/USDT
⏱️ Timeframe: 1...━━━━
 ❌ SL: 4.778

 ━━━━━━━━━
🟨Risk Management: 3%",4e5f2d12b693e4b8b10b8a42472e1445,2026-09-03T15:35:15+00:00,2026-09-03T20:35:29.416030+00:00,887,wolftradesupport5
1060832,17540,"↗️ LONG #BTC 200x

📌 Entry: 80,100

🎯 TP: 80,700

...t Usage: 1-3%
⚠️ According to your risk management",9a326a74789ea0b1d64e6e263f77fc38,2026-09-03T15:35:15+00:00,2026-09-03T20:35:29.411045+00:00,887,wolftradesupport5
1060833,17536,"$ONDOUSDT

LONG

RR : 2

LEVERAGE : 40x

ENTRY : 0...577

TAKE PROFITS 👇

1️⃣ 0.3666

STOPLOSS : 0.3533",6c5bba5b0615a22f5d91851060469fd9,2026-09-03T15:35:15+00:00,2026-09-03T20:35:29.408844+00:00,887,wolftradesupport5
1060831,17547,"Trade: #AVNT/USDT

Direction: 📈 LONG 

🟢 Entry Ran...03
• Target 6: 0.1114

💠 Leverage : 5x - 10x - 20x",fb0395c5069ad0d8f34c70903f5c1687,2026-09-03T15:35:15+00:00,2026-09-03T20:35:29.399415+00:00,887,wolftradesupport5
1060830,17544,"🚀 SIGNAL ALERT 🚀

💎 Pair: OP/USDT
⏱️ Timeframe: 15...━━
 ❌ SL: 0.09614

 ━━━━━━━━━
🟨Risk Management: 3%",551df0553fc399ab68513539d67d1ada,2026-09-03T15:35:15+00:00,2026-09-03T20:35:29.396547+00:00,887,wolftradesupport5
1060829,17543,"🚀 SIGNAL ALERT 🚀

💎 Pair: LTC/USDT
⏱️ Timeframe: 1...━━━
 ❌ SL: 48.763

 ━━━━━━━━━
🟨Risk Management: 3%",17ceb1260d93349f26ead79ee294c025,2026-09-03T15:35:15+00:00,2026-09-03T20:35:29.391555+00:00,887,wolftradesupport5
1060828,17537,"🌈PAIR:- SOL/USDT
⚡️ Direction : LONG
🛠 Leverage: C...nt Usage:- 1 - 2%
(According To your Risk Setting)",75ab319e077eb03d655759c9f1b1e849,2026-09-03T15:35:15+00:00,2026-09-03T20:35:29.378749+00:00,887,wolftradesupport5
1060824,17542,"🚀 SIGNAL ALERT 🚀

💎 Pair: DOT/USDT
⏱️ Timeframe: 1...━━
 ❌ SL: 0.84626

 ━━━━━━━━━
🟨Risk Management: 3%",1d90c8475a6ca99bd5b5afb45fdb1794,2026-09-03T15:35:15+00:00,2026-09-03T20:35:29.289912+00:00,887,wolftradesupport5
1060819,17529,"#PYTH $PYTH LONG TRADE

ENTRY: 0.0568

TARGET: 0.0708

STOPLOSS: 0.05462",04eae16a3e5b5538f840a405d9054780,2026-09-03T15:35:15+00:00,2026-09-03T20:35:29.086386+00:00,887,wolftradesupport5
1060817,17526,"#AKE USDT — BUY (LONG) 
🎉
🟢 Leverage: Cross  20x50...Risk Management:
Use only 2%– 3%of your portfolio.",ae04a16796c8d4e714192e99dbb7bb89,2026-09-03T15:35:15+00:00,2026-09-03T20:35:29.070185+00:00,887,wolftradesupport5
1060813,17528,"💰#AKE / USDT👑

💎Setup Type: Strong LONG  🔖Opportun...➝ 0.020000

4️⃣TP ➝ 0.028000

🚫Stop Loss: 0.010000",146706497b9d86ec5bc79ba1dc41c517,2026-09-03T15:35:15+00:00,2026-09-03T20:35:28.997805+00:00,887,wolftradesupport5
1060811,17523,"#SHORT 🔴 🔤🔤🔤🔤🔤

#BTC/USDT 

Margin Mode : Isolated...,507

🟩 SL : 79,310- 100%

📊 LEV : 50X

🇯🇵 Premium",63288922b08d4f4c1835690380fc2632,2026-09-03T14:24:57+00:00,2026-09-03T20:35:28.992950+00:00,887,wolftradesupport5
1060818,17522,"Coin #AKE/USDT

Position: LONG 

Leverage:  Cross ...rgets: 🎯 0.0136, 0.0147, 0.0161

Stop Loss: 0.0122",0f1c55b022929e79d3ed9cd141f4c988,2026-09-03T14:24:56+00:00,2026-09-03T20:35:29.082811+00:00,887,wolftradesupport5
1060815,17521,"🚩 LONG #TRADOOR/USDT

⚙️ 75X LEVERAGE

🛡 Entry: 0....TP2: 0.5840
TP3: 0.5999

🛑 SL: 0.5100

🔥REACTIONS?",86cfddfba9834e726b9e2ca116edd289,2026-09-03T14:24:56+00:00,2026-09-03T20:35:28.999660+00:00,887,wolftradesupport5
1060810,17519,"🟢#ONG/USDT

📈Signal: long Leverage: Cross 20X

⚡️E...even after TP1 is hit.

📣Trade Smart • Follow Risk",39ce60c657d955dbfdd3c6b2532f7e5f,2026-09-03T14:24:56+00:00,2026-09-03T20:35:28.848234+00:00,887,wolftradesupport5
1076997,17765,"📊 Let’s LONG #TRIA/USDT

💥 Leverage:  Cross 10×

✔...1) 0.0051
2) 0.0059
3) 0.0064

🔖 Stop Loss: 0.0037",0e7fcf4289b63da3bbeed05be76f3da0,2026-09-04T06:36:53+00:00,2026-09-04T07:17:15.068269+00:00,887,wolftradesupport5
1076987,17767,"📊 Let’s LONG #ARC/USDT

💥 Leverage:  Cross 20×  - ...1) 0.0770
2) 0.0800
3) 0.0835

🔖 Stop Loss: 0.0710",1233dea8a4fcd26773239c5b814647e8,2026-09-04T06:36:53+00:00,2026-09-04T07:17:14.943913+00:00,887,wolftradesupport5
1076959,17764,"#USELESSUSDT — BUY (LONG) 
🎉
🟢 Leverage: Cross  50...Risk Management:
Use only 2%– 3%of your portfolio.",2d17cfd5a1126c1c947a30cafe027ece,2026-09-04T06:36:53+00:00,2026-09-04T07:17:14.735490+00:00,887,wolftradesupport5
1076945,17766,"📊 Let’s LONG #BTR/USDT

💥 Leverage:  Cross 10×

✔️...1) 0.0558
2) 0.0590
3) 0.0630

🔖 Stop Loss: 0.0470",1137c77511b703b09126740cf82a4df1,2026-09-04T06:36:53+00:00,2026-09-04T07:17:14.420892+00:00,887,wolftradesupport5
1079048,17842,"LONG

GPS/USDT

MARKET PRICE 

Leverage: 25X

TP: ...5% of capital 

Always use proper risk management.",a99d92f3530efb4be1f5e8034248e924,2026-09-04T07:28:35+00:00,2026-09-04T08:39:20.990713+00:00,887,wolftradesupport5
1079044,17841,"LONG

BTR/USDT

MARKET PRICE 

Leverage: 25X

TP: ...5% of capital 

Always use proper risk management.",d7b6b06bf152513a79f1c00a2cd7e05c,2026-09-04T07:28:35+00:00,2026-09-04T08:39:20.955454+00:00,887,wolftradesupport5
1079039,17843,"LONG

MAGMA/USDT

MARKET PRICE 

Leverage: 20X

TP...5% of capital 

Always use proper risk management.",dea025262be6db6d0b747dd014a46669,2026-09-04T07:28:35+00:00,2026-09-04T08:39:20.930665+00:00,887,wolftradesupport5
1079047,17837,"#SIGNUSDT — BUY (LONG) 
🎉
🟢 Leverage: Cross  50x

...Risk Management:
Use only 2%– 3%of your portfolio.",25dc08de364f625f95f9d22c0d2f83d1,2026-09-04T07:15:44+00:00,2026-09-04T08:39:20.983705+00:00,887,wolftradesupport5
1079002,17838,"GRIFFAINUSDTUSDT  
Exchanges: BINGX 

🟢 Long
Lever....01808000
6) 0.01953000
7) 🚀🚀🚀 

⛔️ SL:
0.01216000",56614c3e913e65688a9f3ed5794552af,2026-09-04T07:15:44+00:00,2026-09-04T08:39:20.518494+00:00,887,wolftradesupport5
1079041,17819,"#CLO/USDT | SHORT 📉

Leverage: Cross 50X

Entry: 0...4: 0.1000

SL: 0.1720

⚡ Trade Smart • Manage Risk",0730b7f4ce76f62a03d478e64671b6d4,2026-09-04T07:01:49+00:00,2026-09-04T08:39:20.936235+00:00,887,wolftradesupport5
1079004,17821,"#4/USDT | LONG 🔥

Leverage: Cross 25X–50X

Entry: ...5% of your portfolio.

⚡ Trade Smart • Manage Risk",f5127211fdfa1e15d3e0e82810e393ad,2026-09-04T07:01:49+00:00,2026-09-04T08:39:20.574854+00:00,887,wolftradesupport5
1079051,17816,"🟢 USELESS/USDT 📈

📈 long Setup 

💰 Entry Zone: 0.2...et 1. 
✅ Move SL to breakeven after Target 1 hits.",c74c0cc1d0bf6b57fb642086cade56ae,2026-09-04T06:53:17+00:00,2026-09-04T08:39:21.058233+00:00,887,wolftradesupport5
1079050,17817,"#EDGE /USDT BUY (LONG) 

⚡️Leverage : Cross 25x to...06000

⚠️Use only 3% - 5% amount of your portfolio",a6022f2affc08b310058045e275913e3,2026-09-04T06:53:17+00:00,2026-09-04T08:39:21.040663+00:00,887,wolftradesupport5
1079036,17818,"#EDGE /USDT BUY (LONG) 

⚡️Leverage : Cross 25x to...06000

⚠️Use only 3% - 5% amount of your portfolio",a6022f2affc08b310058045e275913e3,2026-09-04T06:53:17+00:00,2026-09-04T08:39:20.905577+00:00,887,wolftradesupport5
1079031,17810,"#USELESS/USDT LONG     

👉Leverage : Cross 10× To ...

1)  0.227
2)  0.243
3)  0.265

⭕Stoploss : 0.205",820b698ef4808cf537e8cdb14435c9e1,2026-09-04T06:37:32+00:00,2026-09-04T08:39:20.837419+00:00,887,wolftradesupport5
1079022,17812,"#TRIA/USDT LONG     

👉Leverage : Cross 10× To 30×....00535
2)  0.00560
3)  0.00590

⭕Stoploss : 0.0046",ec88fb9866966086837910568b30dc6f,2026-09-04T06:37:32+00:00,2026-09-04T08:39:20.800414+00:00,887,wolftradesupport5
1079011,17808,"WIFUSDTUSDT  
Exchanges: BINGX 

🟢 Short
Leverage-....18121000
6) 0.16671000
7) 🚀🚀🚀 

⛔️ SL:
0.21956000",cb1287c0743f9a8568e68782afd96525,2026-09-04T06:37:32+00:00,2026-09-04T08:39:20.683066+00:00,887,wolftradesupport5
1079023,17807,"🔰CHIP/USDT 🔰   

🟢 LONG 10X 20X

♻ ENTRY 
1️⃣ 0.06...⃣ 0.0615
2️⃣ 0.0630
3️⃣ 0.0650

⛔ STOPLOSS  0.0565",fd4338611e190696abdf5e14fa61a5a6,2026-09-04T06:37:31+00:00,2026-09-04T08:39:20.818748+00:00,887,wolftradesupport5
1079032,17789,"✅ Long

#XMR/USDT

Entry zone : 495.02 - 510.33

T...
558.55
573.78

Stop loss :474.6069

Leverage: 10x",13660714160cbba6dde1d6a4c68495a0,2026-09-04T06:36:54+00:00,2026-09-04T08:39:20.840068+00:00,887,wolftradesupport5
1079026,17793,"#ETH - SHORT 100X

Entry  2509
DCA 2570

Targets 1...ng Target 1000%+

SL= Will Update

Using 1% wallet",5c7f950a229ad482e427137a7cc4282a,2026-09-04T06:36:54+00:00,2026-09-04T08:39:20.817457+00:00,887,wolftradesupport5
1079020,17796,"✅ Long

#DOT/USDT

Entry zone : 0.844094 - 0.87020...52433
0.978409

Stop loss :0.809286

Leverage: 10x",f0c784cf1fd2f5171160f79a306ffb6f,2026-09-04T06:36:54+00:00,2026-09-04T08:39:20.786351+00:00,887,wolftradesupport5
1079012,17786,"⚡️⚡️ #1INCH/USDT ⚡️⚡️
Exchanges: Bingx 
Signal Typ...
5) 0.09759
6) 0.09898
7) 🚀🚀🚀

Stop Targets:
5-10%",8f566e17e813c240a9e3f6070b47390e,2026-09-04T06:36:54+00:00,2026-09-04T08:39:20.687838+00:00,887,wolftradesupport5
1079010,17797,"⚡️⚡️ #CAKE/USDT ⚡️⚡️
Exchanges: Bingx 
Signal Type...
5) 2.12625
6) 2.15634
7) 🚀🚀🚀

Stop Targets:
5-10%",50404689844dd5c9d75809caf64a921c,2026-09-04T06:36:54+00:00,2026-09-04T08:39:20.677126+00:00,887,wolftradesupport5
1079009,17785,"DASHUSDTUSDT  
Exchanges: BINGX 

🟢 Short
Leverage...7
4) 49.06
5) 45.14
6) 41.52
7) 🚀🚀🚀 

⛔️ SL:
57.00",1464626e2de8bd832401339f9fb0fcdc,2026-09-04T06:36:54+00:00,2026-09-04T08:39:20.630621+00:00,887,wolftradesupport5
1079008,17782,"DOT-USD  
Exchanges: BYBIT

🔴 Short 
Leverage- Cro....61274000
6) 0.56372000
7) 🚀🚀🚀 

⛔️ SL:
0.83329250",a018dd73ff1337f2efa635a2cb545948,2026-09-04T06:36:54+00:00,2026-09-04T08:39:20.602703+00:00,887,wolftradesupport5
1079007,17799,"✅ Long

Pair: #TRB/USDT

📊 Entry Price: 

1) 17.48...17
4) 18.682

Stop Loss: 16.384

Leverage: 10x-20x",01986e096bb37b61351bc3003ff64c5a,2026-09-04T06:36:54+00:00,2026-09-04T08:39:20.595740+00:00,887,wolftradesupport5
1079006,17783,"🚀 $USELESS/USDT PERP 🚀

🟢 LONG

💰 Entry : 0.225$ –... 5X – 25X

⛔️ SL : 0.165$

📌 Use Only 2-5% Capital",76cbcf3834ca7bda9f537071f3940dc3,2026-09-04T06:36:54+00:00,2026-09-04T08:39:20.590473+00:00,887,wolftradesupport5
1079005,17800,"🚀 SHORT: $CYS/USDT🚀
LEVERAGE: 20X-50X

🤍 ENTRY PRI...0.25- 0.23
—————

❌ STOP LOSS: 0.3180❌


REACTIONS",a1b757bd5b4ad7c6d12aabfd0012db88,2026-09-04T06:36:54+00:00,2026-09-04T08:39:20.586961+00:00,887,wolftradesupport5
1079003,17798,"⚡️⚡️ #BAS/USDT ⚡️⚡️
Exchanges: Bingx 
Signal Type:...
5) 0.02818
6) 0.02858
7) 🚀🚀🚀

Stop Targets:
5-10%",d26caef8927dd6133749b565ad58afb9,2026-09-04T06:36:54+00:00,2026-09-04T08:39:20.573762+00:00,887,wolftradesupport5
1078999,17788,"PEPEUSDTUSDT  
Exchanges: BINGX 

🟢 Short
Leverage... 6.00
4) 6.00
5) 6.00
6) 5.52
7) 🚀🚀🚀 

⛔️ SL:
3.81",f405f0457dfc5a13ed4138417e75ca05,2026-09-04T06:36:54+00:00,2026-09-04T08:39:20.455630+00:00,887,wolftradesupport5
1078998,17777,"⚡️⚡️ #1000PEPE/USDT ⚡️⚡️
Exchanges: Bingx 
Signal ...
5) 0.00389
6) 0.00394
7) 🚀🚀🚀

Stop Targets:
5-10%",4c9c360f9bf73c1e4f923be8084ce021,2026-09-04T06:36:54+00:00,2026-09-04T08:39:20.428405+00:00,887,wolftradesupport5
1078997,17787,"HBARUSDTUSDT  
Exchanges: BINGX 

🟢 Long
Leverage-....08330000
6) 0.08430000
7) 🚀🚀🚀 

⛔️ SL:
0.07540000",5dcf7f67a741ea0a473e7cad870c5b87,2026-09-04T06:36:54+00:00,2026-09-04T08:39:20.409271+00:00,887,wolftradesupport5
1078991,17790,"TRIAUSDTUSDT  
Exchanges: BINGX 

🟢 Long
Leverage-....00517000
6) 0.00558000
7) 🚀🚀🚀 

⛔️ SL:
0.00427242",5aae9f59268d33eff5f01bdc72c02b54,2026-09-04T06:36:54+00:00,2026-09-04T08:39:20.286934+00:00,887,wolftradesupport5
1078990,17780,"📊 #TRIA/USDT

🟢 POSITION: LONG

💰 ENTRY RANGE
➤ 0....➤ 0.0042

━━━━━━━━━━━━━━━━━━

✅ Manage risk wisely",64f80981311bb6fce3c008c545e160af,2026-09-04T06:36:54+00:00,2026-09-04T08:39:20.285722+00:00,887,wolftradesupport5
1078988,17773,"ADA-USD  
Exchanges: BYBIT

🔴 Short 
Leverage- Cro....15493000
6) 0.14254000
7) 🚀🚀🚀 

⛔️ SL:
0.21069100",0bb84b2cf29bdf3cf4c2484fd24809fc,2026-09-04T06:36:54+00:00,2026-09-04T08:39:20.092596+00:00,887,wolftradesupport5
1078986,17771,"XMRUSDTUSDT  
Exchanges: BINGX 

🟢 Long
Leverage- ... 558.55
5) 573.78
6) 619.68
7) 🚀🚀🚀 

⛔️ SL:
474.61",c8e5d30bba121157f196f8f787bebdef,2026-09-04T06:36:53+00:00,2026-09-04T08:39:20.029978+00:00,887,wolftradesupport5
1078985,17770,"IMXUSDTUSDT  
Exchanges: BINGX 

🟢 Short
Leverage-....11639000
6) 0.10708000
7) 🚀🚀🚀 

⛔️ SL:
0.11929000",0ca778a03a64598858eafdd3055b7f16,2026-09-04T06:36:53+00:00,2026-09-04T08:39:19.934911+00:00,887,wolftradesupport5
1078984,17769,"SUIUSDTUSDT  
Exchanges: BINGX 

🟢 Short
Leverage-....72124000
6) 0.66354000
7) 🚀🚀🚀 

⛔️ SL:
0.81606000",03bddb06a6e08b8fd634223ab0771b1a,2026-09-04T06:36:53+00:00,2026-09-04T08:39:19.807031+00:00,887,wolftradesupport5
1078983,17768,"📊 Let’s SHORT #SUI/USDT

💥 Leverage:  Cross 20×  -...: 

1) 0.735
2) 0.700
3) 0.670

🔖 Stop Loss: 0.805",39d7a2b4f8d27f93efe17774c48fbdec,2026-09-04T06:36:53+00:00,2026-09-04T08:39:19.723286+00:00,887,wolftradesupport5
1100214,18007,"#NOM/USDT LONG     

👉Leverage : Cross 10× To 30×
...00192
2)  0.00202
3)  0.00214

⭕Stoploss : 0.00175",da6dac38f119d39acd2fe992f95e188f,2026-09-05T07:15:38+00:00,2026-09-05T07:20:18.023446+00:00,887,wolftradesupport5
1100213,18004,"🔴 SHORT

#ALGO/USDT

Entry : 

1) 0.092550
2) 0.09...6146

🛑 Stop : 0.098380

Leverage : 10x (isolated)",b6c1fd4b706f018f59fb97d0516c8672,2026-09-05T07:15:38+00:00,2026-09-05T07:20:18.006471+00:00,887,wolftradesupport5
1100211,17998,"$XMR LONG 🟢

10x-15x Lev 

Entry -  532$

TP - 570$- 610$

SL: 499$",cd8f6970365339b86c97f1c90d44f388,2026-09-05T07:15:38+00:00,2026-09-05T07:20:17.999463+00:00,887,wolftradesupport5
1100210,17999,"$LTC LONG 🟢

10x-15x Lev 

Entry -  53.60-51.50$

TP - 57$- 60$$

SL: 49$",2413ce203c3b0851eb1ea0b4b72858fe,2026-09-05T07:15:38+00:00,2026-09-05T07:20:17.986225+00:00,887,wolftradesupport5
1100209,18000,"⌛#BICO/USDT  ( LONG )

🍁 Leverage 👉 20X to 25X 

⛩... 0.02414 | 0.02438 | 0.02469

🔕 Stoploss = 0.02228",a4c1f69d06b4139686fe831f1c608537,2026-09-05T07:15:38+00:00,2026-09-05T07:20:17.984167+00:00,887,wolftradesupport5
1100208,18013,"#AKE/USDT BUY (LONG) 

⚡️Leverage : Cross 25x to 5...01760

⚠️Use only 3% - 5% amount of your portfolio",1e514e358c1a18a380caf1d92aa87770,2026-09-05T07:15:38+00:00,2026-09-05T07:20:17.977186+00:00,887,wolftradesupport5
1100202,18001,"#SHORT 🔴 🔤🔤🔤🔤🔤

#TAC/USDT 

Margin Mode : Isolated...7

🟩 SL : 0.002568 - 100%

📊 LEV : 20X

🇯🇵 Premium",624fb633f50ee65ad357e9157d472ef1,2026-09-05T07:15:38+00:00,2026-09-05T07:20:17.951774+00:00,887,wolftradesupport5
1100196,18012,"💵 𝐒𝐈𝐆𝐍𝐀𝐋 𝐀𝐋𝐄𝐑𝐓 💵

#AKE/USDT (25xLONG)

✅ ENTRY:0.0...ETS:-0.01920/0.02050/0.02250

❌ STOP LOSS: 0.01540",ba5e8776c4e6f5902b5bdb14492d551a,2026-09-05T07:15:38+00:00,2026-09-05T07:20:17.914750+00:00,887,wolftradesupport5
1100195,17996,"📊 Let’s SHORT #CLO/USDT

💥 Leverage:  Cross 10×  -...) 0.1170
2) 0.1090
3) 0.0960

🔖 Stop Loss: 0.13255",89f4fcf8e7fc9ffe3b13019e1dc7ce4e,2026-09-05T07:15:38+00:00,2026-09-05T07:20:17.854586+00:00,887,wolftradesupport5
1100194,18003,"#Free

#Futures_signal

🟢 Long

#BCH/USDT

Entry :...262.60

🛑 Stop : 230.30

Leverage : 10x (isolated)",0b129dff8ac375aab19939a8ac446b9e,2026-09-05T07:15:38+00:00,2026-09-05T07:20:17.848410+00:00,887,wolftradesupport5
1100189,17995,"📊 Let’s SHORT #BE/USDT

💥 Leverage:  Cross 20×  - ...: 

1) 255.0
2) 230.0
3) 200.0

🔖 Stop Loss: 275.0",c137893426375d5b62a2be396b753ba9,2026-09-05T07:15:38+00:00,2026-09-05T07:20:17.816733+00:00,887,wolftradesupport5
1100186,18009,"📊 #MYX/USDT

🟢 POSITION: LONG

💰 ENTRY RANGE
➤ 0.0...
➤ 0.068

━━━━━━━━━━━━━━━━━━

✅ Manage risk wisely",f6cd5bc356cfed165b11b05524290f2b,2026-09-05T07:15:38+00:00,2026-09-05T07:20:17.799585+00:00,887,wolftradesupport5
1100185,18014,"LAUSDTUSDT  
Exchanges: BINGX 

🟢 Long
Leverage- C....07370000
6) 0.07500000
7) 🚀🚀🚀 

⛔️ SL:
0.06640000",e1481e62e3c54ee88250b8aa674ceb07,2026-09-05T07:15:38+00:00,2026-09-05T07:20:17.733137+00:00,887,wolftradesupport5
1100182,18010,"📊#TUT/USDT–LONG–30x 🚀

📍 𝐄𝐧𝐭𝐫𝐲 𝐙𝐨𝐧𝐞:

➥ 0.0206, 0....tal.

⚠️ Disclaimer:
Trade at your own risk. DYOR.",656d80af83b97cacaf9801bab3838eae,2026-09-05T07:15:38+00:00,2026-09-05T07:20:17.718010+00:00,887,wolftradesupport5
1100179,18011,"🟢 4/USDT 📈

📈 long Setup 

💰 Entry Zone: 0.0258–0....et 1. 
✅ Move SL to breakeven after Target 1 hits.",51c92a4ae5fdfefb7c5fe6349526c334,2026-09-05T07:15:38+00:00,2026-09-05T07:20:17.677716+00:00,887,wolftradesupport5
1100177,18008,"🚀 $4/USDT PERP 🚀

🟢 LONG

💰 Entry : 0.027$ – 0.023... 5X – 25X

⛔️ SL : 0.020$

📌 Use Only 2-5% Capital",9bd3b43f068f29804aca4bd3d2c839cf,2026-09-05T07:15:38+00:00,2026-09-05T07:20:17.612044+00:00,887,wolftradesupport5
1100169,17997,"#ACUUSDT — BUY (LONG) 
🎉
🟢 Leverage: Cross  50x

⚡...Risk Management:
Use only 2%– 3%of your portfolio.",9b6f0acc147d63a443b213c4fb4d02e0,2026-09-05T07:15:38+00:00,2026-09-05T07:20:17.566244+00:00,887,wolftradesupport5
1103386,18016,"🚩 LONG #B/USDT

⚙️ 75X LEVERAGE

🛡 Entry: 0.2035

...TP2: 0.2099
TP3: 0.2170

🛑 SL: 0.1850

🔥REACTIONS?",ab82d1ef877d5298b36c56ec0c2f4499,2026-09-05T07:23:34+00:00,2026-09-05T08:44:42.717281+00:00,887,wolftradesupport5
1103385,18015,B/USDT LONG NOW 📈,d88bf57ade9fd6d34f788e4ff598fd1a,2026-09-05T07:23:34+00:00,2026-09-05T08:44:42.692924+00:00,887,wolftradesupport5
1106936,18037,"🔘 Coin : #AKE/USDT 🔘

🔴 SHORT

🔺Entry🔻: 0.018966

... 0.017449

♦️ StopLoss : 0.019664

🔱 Leverage: 25x",4153689b7a2ffe7aedd1a269a0cfcf23,2026-09-05T10:03:37+00:00,2026-09-05T10:16:07.382700+00:00,887,wolftradesupport5
1106930,18036,"HYPEUSDTUSDT  
Exchanges: BINGX 

🟢 Long
Leverage-...
4) 92.37
5) 99.76
6) 107.74
7) 🚀🚀🚀 

⛔️ SL:
84.27",1b5b3689d2d2e94dc8c888090ce800fc,2026-09-05T10:03:37+00:00,2026-09-05T10:16:07.334376+00:00,887,wolftradesupport5
1106940,18033,"🔰 PAIR: HYPE/ USDT 💹

🟢Position: LONG🚀

☑️ Entry Z...:
🥇 84.932
🥈 85.103
🥉 85.526

❌ Stop Loss: 🔴84.272",d2b3aa71031216f50a17043191ebf594,2026-09-05T10:03:09+00:00,2026-09-05T10:16:07.407091+00:00,887,wolftradesupport5
1106939,18028,"✅Entry 0.001920 - 0.001880

(🆘LONG NOMUSDT 5-20x🆘)....002023
🏹Target 6  $0.002054

🚫Stop loss -0.001825",6f80b4e3bbc72f8cb9a2d486c27e46ca,2026-09-05T10:03:09+00:00,2026-09-05T10:16:07.404706+00:00,887,wolftradesupport5
1106938,18025,SOMI LONG 0.1215 TP1 0.1240,9b31a26a744c5f33234fd95447993eba,2026-09-05T10:03:09+00:00,2026-09-05T10:16:07.399267+00:00,887,wolftradesupport5
1106935,18032,"📇 Setup: B/USDT 

SHORT Trade 🛫

✔️ Leverage : 75X... 1 •0.1850
💰 Target 2 • 0.18150
💰 Target3 • 0.1770",3e501516bbe0f24b24ac83ae66f0256d,2026-09-05T10:03:09+00:00,2026-09-05T10:16:07.363919+00:00,887,wolftradesupport5
1106934,18030,"📇 Setup: 4/USDT 

SHORT Trade 🛫

✔️ Leverage : 50X... •0.02450
💰 Target 2 • 0.02410
💰 Target3 • 0.02360",244f951151efbbb39225be1b11e30aad,2026-09-05T10:03:09+00:00,2026-09-05T10:16:07.355401+00:00,887,wolftradesupport5
1106933,18029,SHORT #4USDT 0.0251,f9860107786d8322b579923ebeaa003e,2026-09-05T10:03:09+00:00,2026-09-05T10:16:07.350555+00:00,887,wolftradesupport5
1106932,18034,"Pair: #B/USDT

Short • (20X)

Entry
0.19500

Targe... your own risk. Always use proper risk management.",06cca87334a0a0a249b87353d3ae64a5,2026-09-05T10:03:09+00:00,2026-09-05T10:16:07.346082+00:00,887,wolftradesupport5
1106927,18035,"Pair: #Q/USDT

Short • (20X)

Entry
0.028480

Targ... your own risk. Always use proper risk management.",3096d2844b5c9eb636133583b6f5146b,2026-09-05T10:03:09+00:00,2026-09-05T10:16:07.327012+00:00,887,wolftradesupport5
1106925,18026,"🚀 #SOMI/USDT LONG SIGNAL 🚀
📍 Entry: 0.1215


🎯 Tak... your risk, and let's catch this move together! 🪙🔥",4882a262060c3adee2bc3692f0da62b2,2026-09-05T10:03:09+00:00,2026-09-05T10:16:07.324407+00:00,887,wolftradesupport5
1106937,18022,"🟢 LONG  - $MAV

-  Entry market: 0.01122
- Entry l... the funds if trading without caution & knowledge.",881dfc34a236b4da5a5867264543bf70,2026-09-05T08:46:22+00:00,2026-09-05T10:16:07.392111+00:00,887,wolftradesupport5
1106929,18020,"⭐️$UB/USDT  LONG 

🛡Leverage : Cross 25x50

‼️Entr....13430

Use only 3% - 5% amount of your portfolio🛍",c8b154c7a72184b70bac38bd21eee5a3,2026-09-05T08:46:22+00:00,2026-09-05T10:16:07.331218+00:00,887,wolftradesupport5
1106923,18021,"UBUSDTUSDT  
Exchanges: BINGX 

🟢 Long
Leverage- C....17575000
6) 0.18981000
7) 🚀🚀🚀 

⛔️ SL:
0.13430000",afdf6bfa12c0c05c89f03dfc4283f0bb,2026-09-05T08:46:22+00:00,2026-09-05T10:16:07.116499+00:00,887,wolftradesupport5
1106922,18017,ZKP LONG 0.04979 TP1 0.05085,5121d37045cac4e1200ed4e97c96f336,2026-09-05T08:46:22+00:00,2026-09-05T10:16:07.065934+00:00,887,wolftradesupport5
1106921,18018,"🚀 #ZKP/USDT LONG SIGNAL 🚀
📍 Entry: 0.04978


🎯 Tak... your risk, and let's catch this move together! 🪙🔥",e374f6c5bc0d0212782315c8ebb6f8a4,2026-09-05T08:46:22+00:00,2026-09-05T10:16:06.951535+00:00,887,wolftradesupport5
1114817,18041,"⭐️$AKE/USDT  LONG

🛡Leverage : Cross 25x50

‼️Entr...015548

Use only 3% - 5% amount of your portfolio🛍",05fdfb2f43b3c561129e1dc624df5954,2026-09-05T14:45:39+00:00,2026-09-05T16:13:23.976190+00:00,887,wolftradesupport5
1114815,18043,"📇 Setup: AKE/USDT 

LONG Trade 🛫

✔️ Leverage : 75....019900
💰 Target 2 • 0.020200
💰 Target3 • 0.020600",5cee648926bfb03c871cf3e8b5e05570,2026-09-05T14:45:39+00:00,2026-09-05T16:13:23.874646+00:00,887,wolftradesupport5
1116778,18085,"✨OP/USDT

🎗 Trade Type = SHORT 🔴

⭐️ Leverage :- 2...[ 0.0989, 0.0980, 0.0970, 0.0959, 0.0949, 0.0938 ]",4b4fd0630be4225bf0dd4a30f6527ed2,2026-09-05T18:01:26+00:00,2026-09-05T18:02:08.739508+00:00,887,wolftradesupport5
1116777,18080,"NIULAIUSDTUSDT  
Exchanges: BINGX 

🟢 Short
Levera....08887000
6) 0.08176000
7) 🚀🚀🚀 

⛔️ SL:
0.13880000",1492dc42ff92d278bab9b442379b712f,2026-09-05T18:01:26+00:00,2026-09-05T18:02:08.715277+00:00,887,wolftradesupport5
1116772,18081,"🟢 SPOT SIGNAL — BINANCE

#OPN/USDT 🥂

📍 BUY ZONE: ...⚠️ Spot Trade — No Leverage
📌 Manage Risk Properly",f879a1289a73e1bda319c8c266505bd4,2026-09-05T18:01:26+00:00,2026-09-05T18:02:08.678930+00:00,887,wolftradesupport5
1116770,18076,"SUSHIUSDTUSDT  
Exchanges: BINGX 

🟢 Long
Leverage....21848000
6) 0.23596000
7) 🚀🚀🚀 

⛔️ SL:
0.17740000",bbaf5d45212d8e2d26cad8018bcb1216,2026-09-05T18:01:26+00:00,2026-09-05T18:02:08.609579+00:00,887,wolftradesupport5
1118447,18092,"$WLDUSDT

LONG

RR : 2

LEVERAGE : 30x

ENTRY : 0....969

TAKE PROFITS 👇

1️⃣ 0.4101

STOPLOSS : 0.3904",bcaddc5ed74ecefc5758d5f15b3a36b6,2026-09-05T19:11:32+00:00,2026-09-05T19:30:32.964658+00:00,887,wolftradesupport5
1118446,18090,"🚀 #MAGMA/USDT LONG SIGNAL 🚀
📍 Entry: 0.2852


🎯 Ta... your risk, and let's catch this move together! 🪙🔥",b43f89db4307c54f2bf8f31ff6e8363a,2026-09-05T19:11:32+00:00,2026-09-05T19:30:32.953003+00:00,887,wolftradesupport5
1118445,18087,"OPUSDTUSDT  
Exchanges: BINGX 

🟢 Short
Leverage- ....71639000
6) 0.65908000
7) 🚀🚀🚀 

⛔️ SL:
0.10400000",3430fd1117b8475e7e85f4d6c17ab605,2026-09-05T19:11:32+00:00,2026-09-05T19:30:32.943423+00:00,887,wolftradesupport5
1118444,18091,"✅ Long

Pair: #RLC/USDT

📊 Entry Price: 

1) 0.316...16
4) 0.3382

Stop Loss: 0.2966

Leverage: 10x-20x",30bf124fa84616b061d09c4df26ab628,2026-09-05T19:11:32+00:00,2026-09-05T19:30:32.938299+00:00,887,wolftradesupport5
1118442,18088,"Pair: #OP/USDT

Short • (25X)

Entry
0.10106 - 0.1... your own risk. Always use proper risk management.",70c95cf96be351bc7d9e79c8db6ee5ff,2026-09-05T19:11:32+00:00,2026-09-05T19:30:32.925632+00:00,887,wolftradesupport5
1118441,18086,"STRKUSDTUSDT  
Exchanges: BINGX 

🟢 Short
Leverage....02475000
6) 0.02277000
7) 🚀🚀🚀 

⛔️ SL:
0.02999000",3b2b6535a91189e13cb8842428d712e9,2026-09-05T19:11:32+00:00,2026-09-05T19:30:32.884031+00:00,887,wolftradesupport5
1133183,18207,"DASH/USDT

SHORT SHORT SHORT 

OPEN MARKET PRICE 
...9.30
TP 69.00
TP 68.80
TP 68.40

SL 74.55

LEV 32X",4930ac585ede50b2cb5f81a4c020e673,2026-09-06T08:25:52+00:00,2026-09-06T10:26:24.985699+00:00,887,wolftradesupport5
1133180,18208,"✅ Long

#BNB/USDT

Entry zone : 733.300 - 755.980
...27.420
849.986

Stop loss :703.0614

Leverage: 10x",2ceffcfb967cfbc6075dcec99a9ba499,2026-09-06T08:25:52+00:00,2026-09-06T10:26:24.966687+00:00,887,wolftradesupport5
1133181,18204,"✅ Long

Pair: #LTC/USDT

📊 Entry Price: 

1) 53.82...6.37
4) 57.50

Stop Loss: 50.42

Leverage: 10x-20x",0f8a95d02a770c1803f34ca1a4f8ca25,2026-09-06T08:25:51+00:00,2026-09-06T10:26:24.972176+00:00,887,wolftradesupport5
1133182,18202,"SUSHIUSDTUSDT  
Exchanges: BINGX 

🟢 Long
Leverage...4) 1.26
5) 1.36
6) 1.47
7) 🚀🚀🚀 

⛔️ SL:
0.22250000",5dc155423459bab441f9efb2c203ca50,2026-09-06T08:25:51+00:00,2026-09-06T10:26:24.968719+00:00,887,wolftradesupport5
1133179,18200,"UAIUSDTUSDT  
Exchanges: BINGX 

🟢 Long
Leverage- ...4) 1.00
5) 1.08
6) 1.17
7) 🚀🚀🚀 

⛔️ SL:
0.52000000",e03bbb7e298a4bca918dad5820694386,2026-09-06T08:25:51+00:00,2026-09-06T10:26:24.958587+00:00,887,wolftradesupport5
1133178,18203,"⚡ #EIGEN/USDT

📤 Long 

💹 Buy: 0.2096 - 0.2040

🧿 ...200 - 0.2222

🧨 StopLoss: 0.2000 

🔘 Leverage: 20x",a32343c10e3fdb6d70cbbc1a575d4b69,2026-09-06T08:25:51+00:00,2026-09-06T10:26:24.957310+00:00,887,wolftradesupport5
1133177,18206,"📊 Let’s LONG #MET/USDT

💥 Leverage:  Cross 20×  - ...gets: 

1) 0.22
2) 0.25
3) 0.29

🔖 Stop Loss: 0.18",eaea177339db99de6dd4dad3cd5363ef,2026-09-06T08:25:51+00:00,2026-09-06T10:26:24.925101+00:00,887,wolftradesupport5
1133176,18199,"Scalp Short $BTC - 79700🔴

SL - 80200 ❌

TP - 79200-78600🚀

Lev - 10x",b26e7461255229b23168f150a4a1c4f2,2026-09-06T08:25:51+00:00,2026-09-06T10:26:24.924066+00:00,887,wolftradesupport5
1133173,18194,"🟢 LONG  - $ZEN

- Entry market: 7.716
- Entry limi... the funds if trading without caution & knowledge.",a83cefec7eb7305a13e74b3caf360d66,2026-09-06T08:25:51+00:00,2026-09-06T10:26:24.911729+00:00,887,wolftradesupport5
1133172,18195,"🟢 Long

#DASH/USDT

Entry : 

1) 65.36
2) 63.39

T...) 69.83

🛑 Stop : 61.24

Leverage : 10x (isolated)",6da6fe35331c393099feed139b19eeda,2026-09-06T08:25:51+00:00,2026-09-06T10:26:24.803066+00:00,887,wolftradesupport5
1133171,18197,"🔴 SHORT

#ZEC/USDT

Entry : 

1) 1071.19
2) 1103.3...7.079

🛑 Stop : 1138.67

Leverage : 10x (isolated)",acbcbf7023b9a985dd703659270bde70,2026-09-06T08:25:51+00:00,2026-09-06T10:26:24.801818+00:00,887,wolftradesupport5
1133170,18196,"🟢 Long

#TRX/USDT

Entry : 

1) 0.33285
2) 0.32286...35562

🛑 Stop : 0.31188

Leverage : 10x (isolated)",215299bfb25be439ec0a7e0616473d56,2026-09-06T08:25:51+00:00,2026-09-06T10:26:24.795801+00:00,887,wolftradesupport5
1133169,18198,"💵 𝐒𝐈𝐆𝐍𝐀𝐋 𝐀𝐋𝐄𝐑𝐓 💵

#UAI/USDT (25xLONG)

✅ ENTRY:0.6...6350

TARGETS:-0.68/0.73/0.79

❌ STOP LOSS: 0.5650",4cb741d0fa237fb2d34f8515ab15e437,2026-09-06T08:25:51+00:00,2026-09-06T10:26:24.784172+00:00,887,wolftradesupport5
1133165,18182,"🐳 STRK/USDT #LONG🐳

✳️ ENTRY :- 0.03170 - 0.03000
...0.03930

⛔️ STOP-LOSS :- 0.028

☝️ Margin Use 2–3%",7a8f4c9c6c92ee7eb011f3daf06a8d0e,2026-09-06T08:25:51+00:00,2026-09-06T10:26:07.822499+00:00,887,wolftradesupport5
1133161,18184,"🌈PAIR:- ZEC/USDT
⚡️ Direction : LONG
🛠 Leverage: C...nt Usage:- 1 - 2%
(According To your Risk Setting)",370296c5d65de4120733ce6574c3209e,2026-09-06T08:25:51+00:00,2026-09-06T10:26:07.801885+00:00,887,wolftradesupport5
1133155,18190,"🚀 LONG: $XAN/USDT🚀
LEVERAGE: 20X-50X

🤍 ENTRY PRIC...- 0.01870
—————

❌ STOP LOSS: 0.01380❌


REACTIONS",ebc30fa4732d0157db15cff40b024cbc,2026-09-06T08:25:51+00:00,2026-09-06T10:26:07.786431+00:00,887,wolftradesupport5
1133148,18191,"Pair: #SUSHI/USDT

Long • (20X)

Entry
0.2415 - 0....t your own risk. Always use proper risk management",ff86911e480449f106fcf54f61ef5b15,2026-09-06T08:25:51+00:00,2026-09-06T10:26:07.739698+00:00,887,wolftradesupport5
1133141,18183,"#SHORT 🔴 🔤🔤🔤🔤🔤

#MARSCOIN/USDT 

Margin Mode : Iso...47

🟩 SL : 0.23529 - 100%

📊 LEV : 20X

🇯🇵 Premium",06d5350a9e14f9a1edbd42e8b82bab77,2026-09-06T08:25:51+00:00,2026-09-06T10:26:07.718580+00:00,887,wolftradesupport5
1133140,18189,"🟢FLOCK/USDT 📈

📈 long Setup 

💰 Entry Zone: 0.072–...et 1. 
✅ Move SL to breakeven after Target 1 hits.",d881c52d1cc20f97c868c81b2e827665,2026-09-06T08:25:51+00:00,2026-09-06T10:26:07.715496+00:00,887,wolftradesupport5
1133137,18185,"🌈PAIR:- ZEC/USDT
⚡️ Direction : LONG
🛠 Leverage: C...nt Usage:- 1 - 2%
(According To your Risk Setting)",4eb558ec122d50298d4b00c2aff1f81e,2026-09-06T08:25:51+00:00,2026-09-06T10:26:07.704354+00:00,887,wolftradesupport5
1133136,18186,"🛎️ Trade: #DOT/USDT

Direction: 📈 LONG 

🟢 Entry R...52
• Target 6: 0.9850

💠 Leverage : 5x - 10x - 20x",b101f300efab785f092aaad0c63d43aa,2026-09-06T08:25:51+00:00,2026-09-06T10:26:07.697470+00:00,887,wolftradesupport5
1133127,18188,"COIN: #IOST/USDT (LONG) SETUP

📊 Leverage 25x to 5...ENT IS KEY
Use only 1–2% of your capital per trade",efe6496f3c2278b1d977598fcc39cefe,2026-09-06T08:25:51+00:00,2026-09-06T10:26:07.675593+00:00,887,wolftradesupport5
1133118,18192,"Pair: #BLESS/USDT

Long • (20X)

Entry
0.009260 - ...t your own risk. Always use proper risk management",fbd27491d38c8d1e35c5300ec6e66eee,2026-09-06T08:25:51+00:00,2026-09-06T10:26:07.588003+00:00,887,wolftradesupport5
1133166,18178,"📍Coin : #ARB/USDT

🔴 SHORT 

👉 Entry: 0.1919 - 0.1...t 5: 0.1825
🎯 Target 6: 0.1807

❌ StopLoss: 0.1999",61af6edc31600d76e2d8bacbf48769e5,2026-09-06T08:25:50+00:00,2026-09-06T10:26:07.833742+00:00,887,wolftradesupport5
1133164,18159,"RLCUSDTUSDT  
Exchanges: BINGX 

🟢 Long
Leverage- ....36526000
6) 0.39448000
7) 🚀🚀🚀 

⛔️ SL:
0.29660000",6d84c62789e9a1b1586fbc02d865a79d,2026-09-06T08:25:50+00:00,2026-09-06T10:26:07.816288+00:00,887,wolftradesupport5
1133162,18180,"⌛#SUI/USDT  ( SHORT )

🍁 Leverage 👉 20X to 25X 

⛩...15 | 0.7653 | 0.7565 | 0.7469

🔕 Stoploss = 0.8238",552aeb8cbfd165d2818ef27410cc8c90,2026-09-06T08:25:50+00:00,2026-09-06T10:26:07.809046+00:00,887,wolftradesupport5
1133159,18175,"ZENUSDTUSDT  
Exchanges: BINGX 

🟢 Long
Leverage- ...45
4) 10.20
5) 11.02
6) 11.90
7) 🚀🚀🚀 

⛔️ SL:
1.00",ca78cb453867d82331b8eea833477df0,2026-09-06T08:25:50+00:00,2026-09-06T10:26:07.794938+00:00,887,wolftradesupport5
1133156,18157,"ZECUSDTUSDT  
Exchanges: BINGX 

🟢 Short
Leverage-...997.08
5) 917.31
6) 843.93
7) 🚀🚀🚀 

⛔️ SL:
1158.49",b9d6b72fdebcb39c69053c255d4d1e1f,2026-09-06T08:25:50+00:00,2026-09-06T10:26:07.788800+00:00,887,wolftradesupport5
1133149,18160,"⚡️⚡️ #1000000MOG/USDT ⚡️⚡️
Exchanges: Bingx 
Signa...
5) 0.11384
6) 0.11546
7) 🚀🚀🚀

Stop Targets:
5-10%",33e962facaf26c07b90b6571a2017eab,2026-09-06T08:25:50+00:00,2026-09-06T10:26:07.740648+00:00,887,wolftradesupport5
1133147,18161,"⚡️⚡️ #1000000BOB/USDT ⚡️⚡️
Exchanges: Bingx 
Signa...
5) 0.02055
6) 0.02084
7) 🚀🚀🚀

Stop Targets:
5-10%",d46e095cfdec2fe2b547c1995b1a2064,2026-09-06T08:25:50+00:00,2026-09-06T10:26:07.735698+00:00,887,wolftradesupport5
1133144,18165,"⚡️⚡️ #CRV/USDT ⚡️⚡️
Exchanges: Bingx 
Signal Type:...
5) 0.40089
6) 0.40657
7) 🚀🚀🚀

Stop Targets:
5-10%",6ba6a49161049dad09f913b3100f2e0f,2026-09-06T08:25:50+00:00,2026-09-06T10:26:07.716932+00:00,887,wolftradesupport5
1133126,18163,"⚡️⚡️ #ATH/USDT ⚡️⚡️
Exchanges: Bingx 
Signal Type:...
5) 0.00494
6) 0.00501
7) 🚀🚀🚀

Stop Targets:
5-10%",f9d070a9ab2b0ed2197e99383ec595a2,2026-09-06T08:25:50+00:00,2026-09-06T10:26:07.674967+00:00,887,wolftradesupport5
1133123,18166,"⚡️⚡️ #CELO/USDT ⚡️⚡️
Exchanges: Bingx 
Signal Type...
5) 0.08490
6) 0.08610
7) 🚀🚀🚀

Stop Targets:
5-10%",84063820d0f4237d224f67a65d26bae9,2026-09-06T08:25:50+00:00,2026-09-06T10:26:07.652627+00:00,887,wolftradesupport5
1133119,18162,"⚡️⚡️ #AERO/USDT ⚡️⚡️
Exchanges: Bingx 
Signal Type...
5) 0.57452
6) 0.58265
7) 🚀🚀🚀

Stop Targets:
5-10%",b60f29a895d52bcf1e951baa219dac63,2026-09-06T08:25:50+00:00,2026-09-06T10:26:07.579306+00:00,887,wolftradesupport5
1133109,18177,"📊#SUSHI/USDT–SHORT–30x 🚀

📍 𝐄𝐧𝐭𝐫𝐲 𝐙𝐨𝐧𝐞:

➥ 0.235, ...tal.

⚠️ Disclaimer:
Trade at your own risk. DYOR.",7a9736b25be874a81147c2fd32f20572,2026-09-06T08:25:50+00:00,2026-09-06T10:26:07.520433+00:00,887,wolftradesupport5
1133103,18156,"APTUSDTUSDT  
Exchanges: BINGX 

🟢 Long
Leverage- ....74499000
6) 0.80459000
7) 🚀🚀🚀 

⛔️ SL:
0.56663000",3d69f0e1971fb028dcbab62d7ec1e8e6,2026-09-06T08:25:50+00:00,2026-09-06T10:26:07.507134+00:00,887,wolftradesupport5
1133099,18164,"⚡️⚡️ #ARK/USDT ⚡️⚡️
Exchanges: Bingx 
Signal Type:...
5) 0.12550
6) 0.12728
7) 🚀🚀🚀

Stop Targets:
5-10%",b6822953ef980330181fa3327edb6fb0,2026-09-06T08:25:50+00:00,2026-09-06T10:26:07.495290+00:00,887,wolftradesupport5
1133167,18154,"APTUSDTUSDT  
Exchanges: BINGX 

🟢 Short
Leverage-....53238000
6) 0.48979000
7) 🚀🚀🚀 

⛔️ SL:
0.64502000",ca3456709f133ec1845ee0c69bc81dce,2026-09-06T08:25:49+00:00,2026-09-06T10:26:07.874297+00:00,887,wolftradesupport5
1133135,18152,"#NIL USDT — BUY (LONG) 
🎉
🟢 Leverage: Cross  75x

...Risk Management:
Use only 2%– 3%of your portfolio.",12177c146b7e52655cdf8bc5690d91d2,2026-09-06T08:25:49+00:00,2026-09-06T10:26:07.693248+00:00,887,wolftradesupport5
1133096,18153,"📊#UAI/USDT — LONG

⚡️ Leverage : 5X – 10X

💹Entry ...Entry After TP1

⚖️ Follow Proper Risk Management.",b955da7fc26089cc6673a72b488a0048,2026-09-06T08:25:49+00:00,2026-09-06T10:26:07.428823+00:00,887,wolftradesupport5
1137811,18223,"🚩 SHORT #NAORIS/USDT

⚙️ 75X LEVERAGE

🛡 Entry: 0....: 0.03540
TP2: 0.03470
TP3: 0.03350

🛑 SL: 0.03950",68f1b37755cb3223c5223e54b1c5e58f,2026-09-06T12:57:33+00:00,2026-09-06T13:43:08.641881+00:00,887,wolftradesupport5
1137809,18221,"FLOCKUSDTUSDT  
Exchanges: BINGX 

🟢 Long
Leverage....10000000
6) 0.11000000
7) 🚀🚀🚀 

⛔️ SL:
0.06800000",54ebe7dd2c75a94e8003c16a6f5c384e,2026-09-06T12:57:33+00:00,2026-09-06T13:43:08.630933+00:00,887,wolftradesupport5
1137808,18220,"💫 Pair: SPX/USDT  💫

🔼 Direction: Long 🔼

✅ Levera...Take Profit: 0.6350 📈

⚠️ Stop Loss: 0.5400 ⚠️

📈📈",1094d7970014af6d8af03c35dc16cb39,2026-09-06T12:57:33+00:00,2026-09-06T13:43:08.569613+00:00,887,wolftradesupport5
1137819,18211,"FLOCKUSDTUSDT  
Exchanges: BINGX 

🟢 Long
Leverage....09436000
6) 0.10191000
7) 🚀🚀🚀 

⛔️ SL:
0.06704000",4c6327a3ee4293b4a58103c299ba7889,2026-09-06T12:57:32+00:00,2026-09-06T13:43:08.687184+00:00,887,wolftradesupport5
1137818,18218,"ARB/ USDT/ SHORT
Entry at market price 

Cross || ...only 1% of your wallet. 
Manage your risk properly",70d9769d388016fae7f561a9c52f0dc6,2026-09-06T12:57:32+00:00,2026-09-06T13:43:08.680914+00:00,887,wolftradesupport5
1137817,18219,"💰#FLOCK / USDT👑

💎Setup Type: Strong LONG  🔖Opport...TP ➝ 0.08700

4️⃣TP ➝ 0.09500

🚫Stop Loss: 0.07000",b1b2ca8ac2058bc80b3138f867b9e4f7,2026-09-06T12:57:32+00:00,2026-09-06T13:43:08.675251+00:00,887,wolftradesupport5
1137815,18215,"#XAN  USDT — BUY (LONG) 
🎉
🟢 Leverage: Cross  20x5...Risk Management:
Use only 2%– 3%of your portfolio.",0fda496d9212cdea21d707d2f0165474,2026-09-06T12:57:32+00:00,2026-09-06T13:43:08.657216+00:00,887,wolftradesupport5
1137814,18214,"✨LTC/USDT

🎗 Trade Type = LONG 🟢

⭐️ Leverage :- 2...fit = [ 54.77, 55.27, 55.90, 56.36, 57.00, 57.61 ]",641732a6359a7436c3c41d350d945fad,2026-09-06T12:57:32+00:00,2026-09-06T13:43:08.654210+00:00,887,wolftradesupport5
1137813,18213,"COIN: #NAORIS/USDT (LONG) SETUP

📊 Leverage 25x to...ENT IS KEY
Use only 1–2% of your capital per trade",e3426ae6e4c04caa16d3c847e1d46293,2026-09-06T12:57:32+00:00,2026-09-06T13:43:08.647200+00:00,887,wolftradesupport5
1137812,18217,"📇 Setup: JUP/USDT 

LONG Trade 🛫

✔️ Leverage : 75...t 1 •0.2820
💰 Target 2 • 0.2870
💰 Target3 • 0.2928",30bae56b40bd865651f814fd7873f43d,2026-09-06T12:57:32+00:00,2026-09-06T13:43:08.580946+00:00,887,wolftradesupport5
1137807,18210,"🚀 LONG
TIA/USDT
ENTRY 0.3962

🚀 0.4226
🚀 0.4882
🚀 ...ROSS
🚨 STOPLOSS 0.3704
LEVRAGE 10x- 40x

1% WALLET",04b37582ffb9c53eb245ab3e8dc1a51a,2026-09-06T12:57:32+00:00,2026-09-06T13:43:08.392252+00:00,887,wolftradesupport5
1137806,18209,"🚀 LONG: $UAI/USDT
LEVERAGE: 50x

✔️ENTRY PRICE: 0....500-0.5700-0.5900

STOP LOSS:  0.5180


REACTIONS?",29ea20112917d72f7006d7de497957cc,2026-09-06T12:57:32+00:00,2026-09-06T13:43:08.391393+00:00,887,wolftradesupport5
1147135,18225,"$BTC LONG 25x Lev 

Entry -  $79500

TP - 81000$- 82000$

SL: 78600$",4754269c329e8d102d4362deb3cf3a57,2026-09-06T18:30:07+00:00,2026-09-06T20:47:22.031737+00:00,887,wolftradesupport5
1148793,18255,"LINKUSDTUSDT  
Exchanges: BINGX 

🟢 Long
Leverage-...6
4) 14.43
5) 15.59
6) 16.83
7) 🚀🚀🚀 

⛔️ SL:
11.85",81e0cfc9d5ba935c3375dc14b8686f8a,2026-09-06T22:47:50+00:00,2026-09-06T23:37:36.772077+00:00,887,wolftradesupport5
1159227,18303,"🔰 PAIR: SOL/ USDT 💹

🟢Position: LONG🚀

☑️ Entry Zo...:
🥇 105.03
🥈 105.52
🥉 106.55

❌ Stop Loss: 🔴103.08",cc931954145b4b9d9f4f33ba6f4002db,2026-09-07T09:34:06+00:00,2026-09-07T10:13:52.891485+00:00,887,wolftradesupport5
1159226,18302,"#IOST/USDT BUY (LONG) 

⚡️Leverage : Cross 25x to ...08490

⚠️Use only 3% - 5% amount of your portfolio",54e275c87c87fd80470b62f2b5995274,2026-09-07T09:34:06+00:00,2026-09-07T10:13:52.880079+00:00,887,wolftradesupport5
1159225,18301,"📊 Let’s LONG #IOST/USDT

💥 Leverage:  Cross 20×  -...922
2) 0.000952
3) 0.001020

🔖 Stop Loss: 0.000849",452d78880dd825994cda317671433f7e,2026-09-07T09:34:06+00:00,2026-09-07T10:13:52.876278+00:00,887,wolftradesupport5
1159221,18300,"⭐️$TIA/USDT  LONG

🛡Leverage : Cross 25x50

‼️Entr...0.3999

Use only 3% - 5% amount of your portfolio🛍",8a35da80f473dacbef3cdb6b2b31b273,2026-09-07T09:34:06+00:00,2026-09-07T10:13:52.851979+00:00,887,wolftradesupport5
1159229,18295,"🟢 Long

#ZRX/USDT

Entry : 

1) 0.1031
2) 0.1000

...0.1101

🛑 Stop : 0.0966

Leverage : 10x (isolated)",ea802ed8955e4bf9c50644f06f62c08c,2026-09-07T08:49:18+00:00,2026-09-07T10:13:52.907959+00:00,887,wolftradesupport5
1159228,18296,"#MARSCOIN/USDT SHORT     

👉Leverage : Cross 10× T...t

1)  0.155
2)  0.144
3)  0.133

⭕Stoploss : 0.17",07628b4701182f06b9c8789d3fbfdd79,2026-09-07T08:49:18+00:00,2026-09-07T10:13:52.904199+00:00,887,wolftradesupport5
1159218,18294,"✅ Long

Pair: #BCH/USDT

📊 Entry Price: 

1) 253.6...70
4) 271.00

Stop Loss: 237.67

Leverage: 10x-20x",bbab73757fcbd0919e37447e98707acd,2026-09-07T08:49:18+00:00,2026-09-07T10:13:52.833108+00:00,887,wolftradesupport5
1159202,18293,"✅ Long

#VET/USDT

Entry zone : 0.006854 - 0.00706...734
0.007945

Stop loss :0.00657231

Leverage: 10x",61794fd2ea7b966982cb6591c45ef5cc,2026-09-07T08:49:18+00:00,2026-09-07T10:13:52.641718+00:00,887,wolftradesupport5
1159223,18291,SOLUSDT LONG NOW,b603f5051de3680c3dad81703eef98d6,2026-09-07T08:49:17+00:00,2026-09-07T10:13:52.869631+00:00,887,wolftradesupport5
1159220,18288,"#IOST/USDT SHORT     

👉Leverage : Cross 10× To 30...00087
2)  0.00082
3)  0.00076

⭕Stoploss : 0.00094",7894ed3c53e38b40e87af5bd0719613b,2026-09-07T08:49:17+00:00,2026-09-07T10:13:52.841335+00:00,887,wolftradesupport5
1159219,18292,"⭐️$SOL/USDT  LONG

🛡Leverage : Cross 25x50

‼️Entr... 99.91

Use only 3% - 5% amount of your portfolio🛍",fcaf8e65d8bedbf27e9d63b0a4437087,2026-09-07T08:49:17+00:00,2026-09-07T10:13:52.838325+00:00,887,wolftradesupport5
1159217,18281,"SHORT

TIA/USDT

MARKET PRICE 

Leverage: 10X

TP:...5% of capital 

Always use proper risk management.",de307b9f3b52d9f5644f67c8a6709aec,2026-09-07T08:49:17+00:00,2026-09-07T10:13:52.819195+00:00,887,wolftradesupport5
1159215,18283,"SHORT

TIA/USDT

MARKET PRICE 

Leverage: 10X

TP:...5% of capital 

Always use proper risk management.",de307b9f3b52d9f5644f67c8a6709aec,2026-09-07T08:49:17+00:00,2026-09-07T10:13:52.792645+00:00,887,wolftradesupport5
1159204,18287,#IOST SHORT 0.000890,e322aa93ed24a9d8a98676d4d079a325,2026-09-07T08:49:17+00:00,2026-09-07T10:13:52.664821+00:00,887,wolftradesupport5
1159198,18282,"SHORT

CFG/USDT

MARKET PRICE 

Leverage: 10X

TP:...5% of capital 

Always use proper risk management.",e83d596c9c9cfc628ca21e47ffe80e33,2026-09-07T08:49:17+00:00,2026-09-07T10:13:52.506831+00:00,887,wolftradesupport5
1159197,18285,"⭐️$NAORIS/USDT  LONG

🛡Leverage : Cross 25x50

‼️E....03413

Use only 3% - 5% amount of your portfolio🛍",794ff0fd606f839303179d8f5d24341b,2026-09-07T08:49:17+00:00,2026-09-07T10:13:52.477782+00:00,887,wolftradesupport5
1169006,18329,"COIN: #IOST /USDT (LONG) SETUP

📊 Leverage 25x to ...ENT IS KEY
Use only 1–2% of your capital per trade",c40a36041d515b9a44c126655ecce00a,2026-09-07T16:21:51+00:00,2026-09-07T16:32:04.247311+00:00,887,wolftradesupport5
1169000,18333,"💸 LONG —MINA

Entry: 0.08045

💸 Targets: 0.08127 /...9

💸  Stop: 0.07639

💸 Move SL to entry after TP1.",2aed2a50a13bc9b82e809b423c2a350b,2026-09-07T16:21:51+00:00,2026-09-07T16:32:04.220824+00:00,887,wolftradesupport5
1168998,18332,"#BR USDT — BUY (LONG) 
🎉
🟢 Leverage: Cross  20x50
...Risk Management:
Use only 2%– 3%of your portfolio.",3df8f55a263de444f35a5505eb2fde37,2026-09-07T16:21:51+00:00,2026-09-07T16:32:04.215426+00:00,887,wolftradesupport5
1168995,18334,"COIN: #UAI  /USDT (SHORT) SETUP

📊 Leverage 25x to...ENT IS KEY
Use only 1–2% of your capital per trade",1e9273d7b10c03f0841f65add2c7f28e,2026-09-07T16:21:51+00:00,2026-09-07T16:32:04.212524+00:00,887,wolftradesupport5
1168990,18337,"🚀 #OVER99WINS | TRADE SETUP 🚀

⭐ BR /USDT — LONG

...o

📌 Follow the setup and manage your risk wisely.",25510ebfb2958501e500bd66451d0ddd,2026-09-07T16:21:51+00:00,2026-09-07T16:32:04.188477+00:00,887,wolftradesupport5
1185585,18485,"🚨 #USELESS/USDT — LONG SETUP

📍 Entry Zone: 0.215 ...ou can afford to lose.

🔥 Trade Safe. Trade Smart.",562b75877780b1c80c254df1e134a8b5,2026-09-08T08:07:05+00:00,2026-09-08T09:14:30.528310+00:00,887,wolftradesupport5
1185584,18487,"Coin #AKE/USDT

Position: LONG 

Leverage:  Cross ...rgets: 🎯 0.0188, 0.0194, 0.0203

Stop Loss: 0.0170",7ad761cdd69d1aefec43cb77fbb950fa,2026-09-08T08:07:05+00:00,2026-09-08T09:14:30.517705+00:00,887,wolftradesupport5
1185583,18490,"🚨 #SOPH/USDT | LONG

⚡Leverage: Cross 50x

🎯Entry ... follow the signal and secure profits at targets.💎",f858ed14c5ae7858f4b973e14c154c15,2026-09-08T08:07:05+00:00,2026-09-08T09:14:30.515158+00:00,887,wolftradesupport5
1185582,18489,"#USELESS/USDT LONG     

👉Leverage : Cross 10× To ...

1)  0.240
2)  0.256
3)  0.278

⭕Stoploss : 0.215",929bda7b6705e69f9d4f0ceeca4ca8c7,2026-09-08T08:07:05+00:00,2026-09-08T09:14:30.508859+00:00,887,wolftradesupport5
1185579,18483,"🟢#SOPH/USDT

📈Signal: long Leverage: Cross 20X

⚡️...even after TP1 is hit.

📣Trade Smart • Follow Risk",af771b04c9351b9f49beb5f66ced1129,2026-09-08T08:07:05+00:00,2026-09-08T09:14:30.503417+00:00,887,wolftradesupport5
1185576,18488,"🚀 LONG: $USELESS/USDT🚀
LEVERAGE: 20X-50X

🤍 ENTRY ...60- 0.2780
—————

❌ STOP LOSS: 0.2030❌


REACTIONS",154dd8ac7267710d6affc724f5b40118,2026-09-08T08:07:05+00:00,2026-09-08T09:14:30.488358+00:00,887,wolftradesupport5
1185572,18486,"Coin #SOPH/USDT

Position: LONG 

Leverage:  Cross...rgets: 🎯 0.0108, 0.0114, 0.0122

Stop Loss: 0.0096",bdf5d696d8f9aabbeadbbd18a004581d,2026-09-08T08:07:05+00:00,2026-09-08T09:14:30.472059+00:00,887,wolftradesupport5
1185570,18491,"🚨 #FLOCK/USDT | LONG

⚡Leverage: Cross 50x

🎯Entry... — follow the sign and secure profits at targets.💎",9dc2ca9320f782852732014ba38cbf8c,2026-09-08T08:07:05+00:00,2026-09-08T09:14:30.468790+00:00,887,wolftradesupport5
1185571,18492,"🟢COIN: #SOPH /USDT (LONG)

📊 Leverage 25x to 50x

...ENT IS KEY
Use only 1–2% of your capital per trade",9f950d7dc90f80592a5a4685a8437c32,2026-09-08T08:07:05+00:00,2026-09-08T09:14:30.460869+00:00,887,wolftradesupport5
1185577,18480,"🔰 SAFE/USDT 🔰

🟢 LONG 20X

🔳 ENTRY :- 0.106

☑️ TARGET:- 0.110 - 0.116 - 0.124

🔴 STOP :- 0.096",26b1c1208824ef1c77aa3e8b71b15747,2026-09-08T07:21:51+00:00,2026-09-08T09:14:30.499934+00:00,887,wolftradesupport5
1185575,18478,"🟢AERO/USDT 📈

📈 long Setup 

💰 Entry Zone: 0.6570–...et 1. 
✅ Move SL to breakeven after Target 1 hits.",05a574dcd9171505d273614e377144f8,2026-09-08T07:21:51+00:00,2026-09-08T09:14:30.480399+00:00,887,wolftradesupport5
1185573,18482,"🟢#FORM/USDT

📈Signal: long Leverage: Cross 20X

⚡️...even after TP1 is hit.

📣Trade Smart • Follow Risk",d7b52b8a29660bb62df2041d0a22d9e1,2026-09-08T07:21:51+00:00,2026-09-08T09:14:30.475850+00:00,887,wolftradesupport5
1185565,18479,"⚡️$SAFE/USDT⚡️

LONG
Leverage: 20X

Entry: 0.106

Target:

1)0.110
2)0.116
3)0.124

Stoploss: 0.096",8dcd80e2c8f0245fd263bdcb4c075109,2026-09-08T07:21:51+00:00,2026-09-08T09:14:30.403833+00:00,887,wolftradesupport5
1185564,18477,"$BR/USDT #LONG📩

✅ENTRY :-0.2720/0.2630

Target 1:...𝐎𝐧𝐥𝐲 𝟏-𝟑% 𝐎𝐟 𝐎𝐮𝐫 𝐃𝐞𝐩𝐨𝐬𝐢𝐭 𝐅𝐨𝐫 𝐄𝐚𝐜𝐡 𝐓𝐫𝐚𝐝𝐞

React,??m",61c21d0ba1c5b95f92877673d16757b0,2026-09-08T07:21:51+00:00,2026-09-08T09:14:30.399674+00:00,887,wolftradesupport5
1185560,18476,"📊#AERO/USDT–LONG–30x 🚀

📍 𝐄𝐧𝐭𝐫𝐲 𝐙𝐨𝐧𝐞:

➥ 0.668, 0....tal.

⚠️ Disclaimer:
Trade at your own risk. DYOR.",e80098dd808bcee1853060f7aee14fff,2026-09-08T07:21:51+00:00,2026-09-08T09:14:30.341448+00:00,887,wolftradesupport5
1185581,18474,"$BTC LONG🟢 (25x Lev)

Entry -  $78000

TP - 79000$- 80000$

SL: 77000$",497624811fbd48ff141e822113e07ab5,2026-09-08T07:21:50+00:00,2026-09-08T09:14:30.508058+00:00,887,wolftradesupport5
1185574,18475,"🚀 $AERO/USDT PERP 🚀

🟢 LONG

💰 Entry : 0.665$ – 0.... 5X – 25X

⛔️ SL : 0.550$

📌 Use Only 2-5% Capital",fc2f041bba7f907f6f3cd6bda5ae7d9f,2026-09-08T07:21:50+00:00,2026-09-08T09:14:30.477142+00:00,887,wolftradesupport5
1185569,18471,"🔴 SHORT

#TRX/USDT

Entry : 

1) 0.33751
2) 0.3476...31415

🛑 Stop : 0.35877

Leverage : 10x (isolated)",cd174719ba57071d8e604538e3407a93,2026-09-08T07:21:50+00:00,2026-09-08T09:14:30.457433+00:00,887,wolftradesupport5
1185568,18469,"⚡ #BICO/USDT

📤 Long 

💹 Buy: 0.02283 - 0.02240

🧿...7 - 0.02421

🧨 StopLoss: 0.02174 

🔘 Leverage: 20x",e90e6bd837a65feab517407a657bd42e,2026-09-08T07:21:50+00:00,2026-09-08T09:14:30.444306+00:00,887,wolftradesupport5
1185566,18472,"💵 𝐒𝐈𝐆𝐍𝐀𝐋 𝐀𝐋𝐄𝐑𝐓 💵

#AERO/USDT (25xLONG)

✅ ENTRY:0....62

TARGETS:-0.6650/0.70/0.75

❌ STOP LOSS: 0.5550",2df0690ca6b2aeba2c6c2dd7961fa243,2026-09-08T07:21:50+00:00,2026-09-08T09:14:30.420859+00:00,887,wolftradesupport5
1185563,18470,"🪙 Coin: #SOLV/USDT
🧭 Type: #LONG

📈 Entry Zone:
0.... within the zone and maintain strict risk control.",464790a0335146ef8ebd48f2e08d36a2,2026-09-08T07:21:50+00:00,2026-09-08T09:14:30.371280+00:00,887,wolftradesupport5
1185562,18473,"$NEAR LONG🟢 (25x Lev)

Entry- 2.80$

Targets- 2.312$- 2.340$- 2.377$- 2.415$

Stop Loss- 2.225$",b0f431648a8a5204791a43cd3f8d14ce,2026-09-08T07:21:50+00:00,2026-09-08T09:14:30.354014+00:00,887,wolftradesupport5
1185561,18467,"$WLD LONG NOW

ENTRY: 0.4980 - 0.4800

TP:- 0.52 - 0.55 - 0.59

SL:- 0.44",09787c6ef7df4ef7294249cd69bbab44,2026-09-08T07:21:50+00:00,2026-09-08T09:14:30.348885+00:00,887,wolftradesupport5
1185548,18463,"📊 Let’s LONG #SOL/USDT

💥 Leverage:  Cross 20×  - ...1) 104.55
2) 105.65
3) 106.82

🔖 Stop Loss: 101.30",b52f02097db21e5e8422f5115ddb8776,2026-09-08T07:21:50+00:00,2026-09-08T09:14:15.883440+00:00,887,wolftradesupport5
1185545,18465,"#SOPH/USDT SHORT     

👉Leverage : Cross 10× To 30...0.00988
2)  0.00950
3)  0.00900

⭕Stoploss : 0.105",adfd991c38b34adad4c22a96c0aff27a,2026-09-08T07:21:50+00:00,2026-09-08T09:14:15.831193+00:00,887,wolftradesupport5
1185531,18464,"📊 Let’s LONG #SOLV/USDT

💥 Leverage:  Cross 20×  -...1) 0.0047
2) 0.0049
3) 0.0053

🔖 Stop Loss: 0.0043",bccb3c0af4e22778a0ab21890357c044,2026-09-08T07:21:50+00:00,2026-09-08T09:14:15.692455+00:00,887,wolftradesupport5
1190003,18504,"🚩 SHORT #ACE/USDT

⚙️ 20X LEVERAGE

🛡 Entry: 0.169...2: 0.16000
TP3: 0.15000

🛑 SL: 0.2300

🔥REACTIONS?",f5294175fc872c9fbeeaba7021aefd57,2026-09-08T12:06:00+00:00,2026-09-08T12:23:57.300760+00:00,887,wolftradesupport5
1190004,18500,"🚨 #USELESS/USDT | SHORT

⚡Leverage: Cross 50x

🎯En... follow the signal and secure profits at targets.💎",ae9aeae95ce00f709405b5ea27b66eb1,2026-09-08T12:06:00+00:00,2026-09-08T12:23:57.300061+00:00,887,wolftradesupport5
1190002,18501,"🌹 #XPL/USDT

🟢 LONG

✅ Entry: 0.09965- 0.09823

❌ ...l advice.
💰 Stay disciplined. Protect your capital",5c9c2b0fcbf9c732850b0033e786a345,2026-09-08T12:06:00+00:00,2026-09-08T12:23:57.293761+00:00,887,wolftradesupport5
1189999,18505,"🟢 Long

#ZRX/USDT

Entry : 

1) 0.0992
2) 0.0962

...0.1059

🛑 Stop : 0.0929

Leverage : 10x (isolated)",70e5a0ed8f6f2904a9f8878e40b900f0,2026-09-08T12:06:00+00:00,2026-09-08T12:23:57.290851+00:00,887,wolftradesupport5
1190001,18502,"Coin #USELESS/USDT

Position: LONG 

Leverage:  Cr...rgets: 🎯 0.2510, 0.2780, 0.3200

Stop Loss: 0.2150",fd905af4d55ab0480d3f740fdf20ed57,2026-09-08T12:06:00+00:00,2026-09-08T12:23:57.287348+00:00,887,wolftradesupport5
1189997,18503,"🚩 SHORT #ON/USDT

⚙️ 50X LEVERAGE

🛡 Entry: 0.2064...TP2: 0.1960
TP3: 0.1860

🛑 SL: 0.2300

🔥REACTIONS?",11ac8a12c558a9d15fb3d909d7e26b44,2026-09-08T12:06:00+00:00,2026-09-08T12:23:57.283864+00:00,887,wolftradesupport5
1202121,18555,"#WLD $WLD LONG TRADE

ENTRY: 0.47

TARGET: 0.51

STOPLOSS: 0.4562",2f6f2c577ce4f26b9a441f54cc89f4f0,2026-09-08T15:28:48+00:00,2026-09-08T18:12:38.730852+00:00,887,wolftradesupport5
1202111,18566,"⭐️$SOPH/USDT  SHORT

🛡Leverage : Cross 25x50

‼️En...009351

Use only 3% - 5% amount of your portfolio🛍",1cc2d02676261e1e75e6d144590fcac0,2026-09-08T15:28:48+00:00,2026-09-08T18:12:38.625023+00:00,887,wolftradesupport5
1202107,18563,"#VET buy setup long 

Tp 0.0080$-0.0085$-0.01-0.012-0.016$ 

Stop lose 0.0072$ 

Use 5X",76b30c16b14ad2e4c0576a451ecf501d,2026-09-08T15:28:48+00:00,2026-09-08T18:12:38.603736+00:00,887,wolftradesupport5
1202106,18554,"EXCHANGE/BYBIT/BITUNIX/OKX📌 


DAY TRADE 🏆

LONG/H...agement 🏆


Use only 5% of your 📈Available balance",5667c32ed326163e05727fb94bd0ef05,2026-09-08T15:28:48+00:00,2026-09-08T18:12:38.600870+00:00,887,wolftradesupport5
1202105,18562,"#SCR/USDT BUY (LONG) 

⚡️Leverage : Cross 25x to 5...02330

⚠️Use only 3% - 5% amount of your portfolio",c420025546c6feb5c2df0d8d63b2d9bd,2026-09-08T15:28:48+00:00,2026-09-08T18:12:38.568586+00:00,887,wolftradesupport5
1202099,18560,"🟢#FLOCK/USDT

📈Signal: long Leverage: Cross 20X

⚡...even after TP1 is hit.

📣Trade Smart • Follow Risk",1fbba236c256dda308a9289583208a9c,2026-09-08T15:28:48+00:00,2026-09-08T18:12:38.519995+00:00,887,wolftradesupport5
1202095,18557,"🚀 #AKEUSDT LONG SIGNAL 🚀
📍 Entry: 0.01975


🎯 Take... your risk, and let's catch this move together! 🪙🔥",812bbd2204d0d5e93628aa3d818d2689,2026-09-08T15:28:48+00:00,2026-09-08T18:12:38.494578+00:00,887,wolftradesupport5
1202088,18551,"#SHORT 🔴 🔤🔤🔤🔤🔤

#DOGE/USDT 

Margin Mode : Isolate...32

🟩 SL : 0.09206 - 100%

📊 LEV : 20X

🇯🇵 Premium",42ade274659390e05ee7944da36c9edd,2026-09-08T15:28:48+00:00,2026-09-08T18:12:38.448110+00:00,887,wolftradesupport5
1202081,18556,AKE LONG 0.01975 TP1 0.02017,797727eb58398722e107a0ffb4f5094f,2026-09-08T15:28:48+00:00,2026-09-08T18:12:38.403033+00:00,887,wolftradesupport5
1202071,18558,"🔴SHORT  #BTCUSDT

🔶 Entry : 78300 - 78400

➡️ Leve...ake Profit Targets :

👉 77300

🛑 Stop Loss : 79500",ea6f2ec4256ae0c6dfad5b1d7400de46,2026-09-08T15:28:48+00:00,2026-09-08T18:12:38.277662+00:00,887,wolftradesupport5
1202072,18553,"🚀 #MEGAUSDT LONG SIGNAL 🚀
📍 Entry: 0.04210


🎯 Tak... your risk, and let's catch this move together! 🪙🔥",d66235661dbcf31b41bfa2ffa936c4fc,2026-09-08T15:28:48+00:00,2026-09-08T18:12:38.240829+00:00,887,wolftradesupport5
1202064,18550,"✅ Long

Pair: #NEO/USDT

📊 Entry Price: 

1) 2.160....262
4) 2.307

Stop Loss: 2.023

Leverage: 10x-20x",0292e0c3540914601366ffe866ce8d6b,2026-09-08T15:28:48+00:00,2026-09-08T18:12:38.121919+00:00,887,wolftradesupport5
1202092,18549,"ETH/USD SELL 

Entry : $ 2456.53

Target1: $  2431
Target2: $  2392
Target3: $  2354


SL : $ 2494",b28d3f7e626e25f3b36adc528de1a78b,2026-09-08T15:28:47+00:00,2026-09-08T18:12:38.487707+00:00,887,wolftradesupport5
1215794,18726,"🚀 $LIT/USDT PERP 🚀

🟢 LONG

💰 Entry : 5.03$ – 4.80...: 5X – 25X

⛔️ SL : 4.35$

📌 Use Only 2-5% Capital",b805282f609bbde6a63b79aff9a22479,2026-09-09T06:50:27+00:00,2026-09-09T07:18:11.196527+00:00,887,wolftradesupport5
1215788,18730,"🐳 BTR/USDT #LONG🐳

✳️ ENTRY :- 0.05170 - 0.05000

...: 0.060

⛔️ STOP-LOSS :- 0.047

☝️ Margin Use 2–3%",571727bfc82d18a1b2156be39df58c6f,2026-09-09T06:50:27+00:00,2026-09-09T07:18:11.118826+00:00,887,wolftradesupport5
1215786,18731,"📊 Let’s LONG #LIT/USDT

💥 Leverage:  Cross 20×  - ...1) 5.3785
2) 5.5650
3) 5.7520

🔖 Stop Loss: 4.9045",34061fdd1ee8995b05c7b17fec7c22f7,2026-09-09T06:50:27+00:00,2026-09-09T07:18:11.107097+00:00,887,wolftradesupport5
1215785,18728,"🔰 VVV/USDT 🔰

🟢 LONG 20X

🔳 ENTRY :- 26.80

☑️ TARGET:- 27.50 - 28.70- 31.00

🔴 STOP :- 23.70",3974e3bf3f56c5e7e0bf7e66da08d95f,2026-09-09T06:50:27+00:00,2026-09-09T07:18:11.106150+00:00,887,wolftradesupport5
1215775,18727,"🪙 Coin: #FF/USDT
🧭 Type: #LONG

📈 Entry Zone:
0.15... within the zone and maintain strict risk control.",a70f433ee612e963f79b78338c2f2b9d,2026-09-09T06:50:27+00:00,2026-09-09T07:18:11.044744+00:00,887,wolftradesupport5
1215787,18723,"🟢 Long

#THETA/USDT

Entry : 

1) 0.1773
2) 0.1719...0.1894

🛑 Stop : 0.1661

Leverage : 10x (isolated)",0f18baed1f117db213d624ad54956818,2026-09-09T06:50:26+00:00,2026-09-09T07:18:11.120817+00:00,887,wolftradesupport5
1215781,18712,"⌛#SUI/USDT  ( SHORT )

🍁 Leverage 👉 20X to 25X 

⛩...34 | 0.7763 | 0.7654 | 0.7564

🔕 Stoploss = 0.8299",06705001f3f8e9c2a1ce68051b303c7a,2026-09-09T06:50:26+00:00,2026-09-09T07:18:11.090605+00:00,887,wolftradesupport5
1215777,18713,"Coin #SKR/USDT

Position: LONG 

Leverage:  Cross ...rgets: 🎯 0.0251, 0.0286, 0.0319

Stop Loss: 0.0202",3f964ee6c0050eb4112449bc0bd5948f,2026-09-09T06:50:26+00:00,2026-09-09T07:18:11.057003+00:00,887,wolftradesupport5
1215776,18708,"🟢#IOST/USDT

📈Signal: long Leverage: Cross 20X

⚡️...even after TP1 is hit.

📣Trade Smart • Follow Risk",610eddc347ff650ace42276185e0965c,2026-09-09T06:50:26+00:00,2026-09-09T07:18:11.053592+00:00,887,wolftradesupport5
1215772,18725,"✅ Long

Pair: #ZIL/USDT

📊 Entry Price: 

1) 0.002...0.0030599

Stop Loss: 0.0026835

Leverage: 10x-20x",babec39b2ae80cc19f47d31fbaed4706,2026-09-09T06:50:26+00:00,2026-09-09T07:18:11.035255+00:00,887,wolftradesupport5
1215771,18711,"#MARSCOIN/USDT LONG     

👉Leverage : Cross 10× To...

1)  0.135
2)  0.139
3)  0.145

⭕Stoploss : 0.126",6d0f1b1457dd95d233405b6234a2c734,2026-09-09T06:50:26+00:00,2026-09-09T07:18:11.029430+00:00,887,wolftradesupport5
1215762,18716,"$KAT/USDT now at current market price (Spot + Futu...$0.0062
2. $0.0065
3. $0.0067

Stop loss : $0.0054",f1f29d80264ecb8fde309af2b8b00070,2026-09-09T06:50:26+00:00,2026-09-09T07:18:10.979636+00:00,887,wolftradesupport5
1215761,18704,"#GPSUSDT — BUY (LONG) 
🎉
🟢 Leverage: Cross  20x50
...Risk Management:
Use only 2%– 3%of your portfolio.",3ae70757d0c416bd80c692c737e9936e,2026-09-09T06:50:26+00:00,2026-09-09T07:18:10.974045+00:00,887,wolftradesupport5
1215758,18722,"🟢CATI/USDT 📈

📈 long Setup 

💰 Entry Zone: 0.0634–...et 1. 
✅ Move SL to breakeven after Target 1 hits.",1a7b08794f0da467a5add8eb42f6f449,2026-09-09T06:50:26+00:00,2026-09-09T07:18:10.921721+00:00,887,wolftradesupport5
1215752,18705,"#MAGMAUSDT — BUY (LONG) 
🎉
🟢 Leverage: Cross  25x7...Risk Management:
Use only 2%– 3%of your portfolio.",07471ae1821452304aecdfa676f3be7d,2026-09-09T06:50:26+00:00,2026-09-09T07:18:10.816292+00:00,887,wolftradesupport5
1215749,18714,"$KAT/USDT #LONG📩

✅ENTRY :-0.0060/0.005750

Target...𝐎𝐧𝐥𝐲 𝟏-𝟑% 𝐎𝐟 𝐎𝐮𝐫 𝐃𝐞𝐩𝐨𝐬𝐢𝐭 𝐅𝐨𝐫 𝐄𝐚𝐜𝐡 𝐓𝐫𝐚𝐝𝐞

React,??m",4aa3fe41d1eb57e773bf99b2ecae8d34,2026-09-09T06:50:26+00:00,2026-09-09T07:18:10.775804+00:00,887,wolftradesupport5
1215770,18700,"📊 Let’s SHORT #BEAT/USDT

💥 Leverage:  Cross 20×  ...1) 0.1230
2) 0.1190
3) 0.1135

🔖 Stop Loss: 0.1310",af1ac6ea4baa1d02c39ce5693594572e,2026-09-09T06:50:25+00:00,2026-09-09T07:18:11.017970+00:00,887,wolftradesupport5
1215764,18701,"📊 Let’s LONG #HYPE/USDT

💥 Leverage:  Cross 20×  -...: 

1) 86.80
2) 87.66
3) 88.70

🔖 Stop Loss: 83.70",b2b015bce27228413aa1d4887b5a85f6,2026-09-09T06:50:25+00:00,2026-09-09T07:18:10.991459+00:00,887,wolftradesupport5
1215760,18702,"📊 Let’s SHORT #FF/USDT

💥 Leverage:  Cross 20×  - ...: 

1) 0.140
2) 0.132
3) 0.125

🔖 Stop Loss: 0.155",8ea8a208a9720f01e6893eeff8f143ee,2026-09-09T06:50:25+00:00,2026-09-09T07:18:10.969879+00:00,887,wolftradesupport5
1220308,18742,"$SOLUSDT

LONG

RR : 2

LEVERAGE : 35x

ENTRY : 10....38

TAKE PROFITS 👇

1️⃣ 107.44

STOPLOSS : 102.87",d615d0d911101ab207110b2aad0944a9,2026-09-09T09:35:43+00:00,2026-09-09T10:17:06.193146+00:00,887,wolftradesupport5
1220306,18736,"📈 LONG #IOST/USDT

🚀 LEVERAGE : 50x

📊 ENTRY PRICE...🟢0.00128

TP🟢0.00135

STOPLOSS 🔴0.0013

REACTIONS?",a71ea14c8d486fe688d4810af0cf5eb2,2026-09-09T09:35:43+00:00,2026-09-09T10:17:06.167952+00:00,887,wolftradesupport5
1220305,18739,"📈 LONG #ATOM/USDT

🚀 LEVERAGE : 75x

📊 ENTRY PRICE...1.99

TP🟢2.05

TP🟢2.15

STOPLOSS 🔴1.84

REACTIONS?",a6e1fc32d1e25050e08063767f842adb,2026-09-09T09:35:43+00:00,2026-09-09T10:17:06.156115+00:00,887,wolftradesupport5
1220304,18744,"⭐️$SKR/USDT  LONG

🛡Leverage : Cross 25x50

‼️Entr...020890

Use only 3% - 5% amount of your portfolio🛍",edd886f37f3ed4e5973627300a943e36,2026-09-09T09:35:43+00:00,2026-09-09T10:17:06.147324+00:00,887,wolftradesupport5
1220303,18738,"🔴 SHORT

#ATOM/USDT

Entry : 

1) 1.931
2) 1.988

...) 1.797

🛑 Stop : 2.052

Leverage : 10x (isolated)",bc12681428224d3a8884bbf618ad4431,2026-09-09T09:35:43+00:00,2026-09-09T10:17:06.144643+00:00,887,wolftradesupport5
1220302,18741,"SHORT🚨

NCLD/USDT

MARKET PRICE

Leverage: 10X/25X... 5% of Your capital

Apply proper risk management📈",bba45537a39f414c31a25092079eab23,2026-09-09T09:35:43+00:00,2026-09-09T10:17:06.140166+00:00,887,wolftradesupport5
1220301,18737,"⚡️$USELESS/USDT⚡️

LONG
Leverage: 25X

Entry: 0.31...
Target:

1)0.325
2)0.365
3)0.425

Stoploss: 0.240",731f4c96babf44e2da7fe8a1d8b11db0,2026-09-09T09:35:43+00:00,2026-09-09T10:17:06.116314+00:00,887,wolftradesupport5
1220299,18735,"⚡ #XRP/USDT

📤 Long 

💹 Buy: 1.4409 - 1.4000

🧿 Ta...149 - 1.5300

🧨 StopLoss: 1.3640 

🔘 Leverage: 20x",57163b79ae0d731c87d22cacb6519b78,2026-09-09T09:35:43+00:00,2026-09-09T10:17:06.058105+00:00,887,wolftradesupport5
1245543,18934,"🔴SHORT  #BTCUSDT

🔶 Entry : 77400 - 77500

➡️ Leve...ake Profit Targets :

👉 76400

🛑 Stop Loss : 78600",0b9e75786260eec8a4d222828a450c44,2026-09-10T15:33:33+00:00,2026-09-13T20:19:44.756110+00:00,887,wolftradesupport5
1245566,18924,"📍Coin : #AVNT/USDT

🟢 LONG 

👉 Entry: 0.1004 - 0.0...t 5: 0.1055
🎯 Target 6: 0.1066

❌ StopLoss: 0.0960",89bc453640f8c88210dd149c42c2409b,2026-09-10T07:02:43+00:00,2026-09-13T20:19:44.819885+00:00,887,wolftradesupport5
1245560,18914,"Trade: #ATOM/USDT

Direction: 📉 Short 

🟢 Entry Ra...90
• Target 6: 1.7298

💠 Leverage : 5x - 10x - 20x",97429c2b5522d74e51a66c60e70d4d7b,2026-09-10T07:02:43+00:00,2026-09-13T20:19:44.812494+00:00,887,wolftradesupport5
1245556,18919,"🔴 SHORT

#KAVA/USDT

Entry : 

1) 0.062340
2) 0.06...8027

🛑 Stop : 0.066267

Leverage : 10x (isolated)",1cbfc9ec6cba0238fb8a4e00adcbbe54,2026-09-10T07:02:43+00:00,2026-09-13T20:19:44.800065+00:00,887,wolftradesupport5
1245549,18923,"✅ Long

Pair: #BAT/USDT

📊 Entry Price: 

1) 0.073...) 0.078624

Stop Loss: 0.068953

Leverage: 10x-20x",4f53a1a48981a0037a40b3d38c63c290,2026-09-10T07:02:43+00:00,2026-09-13T20:19:44.775624+00:00,887,wolftradesupport5
1245538,18920,"⚡ #ANIME/USDT

📤 Long 

💹 Buy: 0.003129 - 0.003048...- 0.003320

🧨 StopLoss: 0.002910 

🔘 Leverage: 20x",c9fc27daa41e0196d2ffed880a4dea15,2026-09-10T07:02:43+00:00,2026-09-13T20:19:44.743260+00:00,887,wolftradesupport5
1245534,18916,"$BR/USDT #LONG📩

✅ENTRY :-0.3050/0.2950

Target 1:...𝐎𝐧𝐥𝐲 𝟏-𝟑% 𝐎𝐟 𝐎𝐮𝐫 𝐃𝐞𝐩𝐨𝐬𝐢𝐭 𝐅𝐨𝐫 𝐄𝐚𝐜𝐡 𝐓𝐫𝐚𝐝𝐞

React,??m",dcf3a0b2b9f18fd10e3f3638bb71f3fa,2026-09-10T07:02:43+00:00,2026-09-13T20:19:44.733468+00:00,887,wolftradesupport5
1245531,18918,"🔰 SAHARA/USDT 🔰

🟢 LONG 20X

🔳 ENTRY :- 0.0110

☑️...TARGET:- 0.0115 - 0.0122- 0.0130

🔴 STOP :- 0.0097",4d1837722ff2b94f43877436f7665e6b,2026-09-10T07:02:43+00:00,2026-09-13T20:19:44.728219+00:00,887,wolftradesupport5
1245530,18917,"#IOST/USDT LONG     

👉Leverage : Cross 10× To 30×....00121
2)  0.00127
3)  0.00136

⭕Stoploss : 0.0010",97012e3d7a09de6fa9f52e868cda1701,2026-09-10T07:02:43+00:00,2026-09-13T20:19:44.722725+00:00,887,wolftradesupport5
1245527,18921,"🔰CROSS/USDT 🔰   

🔴 SHORT 10X 20X

♻ ENTRY 
1️⃣ 0....

1️⃣ 0.112
2️⃣ 0.110
3️⃣ 0.107

⛔ STOPLOSS  0.121",6edec8c36711edfbddf7c57c99e83728,2026-09-10T07:02:43+00:00,2026-09-13T20:19:44.695879+00:00,887,wolftradesupport5
1245523,18925,"🚀 $SAHARA/USDT PERP 🚀

🟢 LONG

💰 Entry : 0.0109$ –...5X – 25X

⛔️ SL : 0.0093$

📌 Use Only 2-5% Capital",0ded55ba854a74c875ff0c9515fa5ab4,2026-09-10T07:02:43+00:00,2026-09-13T20:19:44.692011+00:00,887,wolftradesupport5
1245517,18922,"🐳 NEAR/USDT #LONG🐳

✳️ ENTRY :- 2.52 - 2.46

💢 LEV...3 : 2.85

⛔️ STOP-LOSS :- 2.41

☝️ Margin Use 2–3%",21b39c19106af3294151d27033d62923,2026-09-10T07:02:43+00:00,2026-09-13T20:19:44.642938+00:00,887,wolftradesupport5
1245578,18913,"🟢 Long

#IOST/USDT

Entry : 

1) 0.00119390
2) 0.0...58

🛑 Stop : 0.00111868

Leverage : 10x (isolated)",b87125cedfd9381b89a2229a6fffcfba,2026-09-10T07:02:42+00:00,2026-09-13T20:19:44.871777+00:00,887,wolftradesupport5
1245577,18912,"📊#BTR/USDT–LONG–30x 🚀

📍 𝐄𝐧𝐭𝐫𝐲 𝐙𝐨𝐧𝐞:

➥ 0.066, 0.0...tal.

⚠️ Disclaimer:
Trade at your own risk. DYOR.",2adfd82f0e61d8c1d5384bcddd4edbd5,2026-09-10T07:02:42+00:00,2026-09-13T20:19:44.869314+00:00,887,wolftradesupport5
1245571,18910,"🪙 Coin: #IOST/USDT
🧭 Type: #LONG

📈 Entry Zone:
0.... within the zone and maintain strict risk control.",ec097434b404394ace3956dbb7c95349,2026-09-10T07:02:42+00:00,2026-09-13T20:19:44.838724+00:00,887,wolftradesupport5
1245565,18903,"📊 Let’s LONG #SNDK/USDT

💥 Leverage:  Cross 20×  
...gets: 

1) 1785
2) 1835
3) 1855

🔖 Stop Loss: 1720",640144b8e6f93d2a7c453ddcac8411ac,2026-09-10T07:02:42+00:00,2026-09-13T20:19:44.819036+00:00,887,wolftradesupport5
1245561,18911,"🛎️ Trade: #ATOM/USDT

Direction: 📉 Short 

🟢 Entry...90
• Target 6: 1.7298

💠 Leverage : 5x - 10x - 20x",ae765a950e707fdec3ae802b4f856f17,2026-09-10T07:02:42+00:00,2026-09-13T20:19:44.810408+00:00,887,wolftradesupport5
1245551,18900,"📊 Let’s SHORT #ZKP/USDT

💥 Leverage:  Cross 20×  -....04364
2) 0.04260
3) 0.04155

🔖 Stop Loss: 0.04700",b785ca84e08cbbd8eb85bc8e161d43cb,2026-09-10T07:02:42+00:00,2026-09-13T20:19:44.780437+00:00,887,wolftradesupport5
1245548,18902,"📊 Let’s SHORT #TAC/USDT

💥 Leverage:  Cross 20×  -...420
2) 0.001325
3) 0.001175

🔖 Stop Loss: 0.001735",9db45561c22b7bef2304bbc2e15b136e,2026-09-10T07:02:42+00:00,2026-09-13T20:19:44.771915+00:00,887,wolftradesupport5
1245545,18901,"📊 Let’s SHORT #CYS/USDT

💥 Leverage:  Cross 20×  -...1) 0.1340
2) 0.1265
3) 0.1170

🔖 Stop Loss: 0.1570",b719f899eaa8d98027030ea29d52c692,2026-09-10T07:02:42+00:00,2026-09-13T20:19:44.765923+00:00,887,wolftradesupport5
1245541,18908,"#IO - LONG 20X

Entry  0.1318

Targets 100% -200%-300% +++

SL= Will Update

Using 1% wallet",2f46e25c67f4e78c230bc00b0f5ced85,2026-09-10T07:02:42+00:00,2026-09-13T20:19:44.752961+00:00,887,wolftradesupport5
1245528,18905,"#IOST/USDT LONG     

👉Leverage : Cross 10× To 30×....00121
2)  0.00127
3)  0.00136

⭕Stoploss : 0.0010",97012e3d7a09de6fa9f52e868cda1701,2026-09-10T07:02:42+00:00,2026-09-13T20:19:44.706305+00:00,887,wolftradesupport5
1245519,18907,"#BTR/USDT LONG     

👉Leverage : Cross 10× To 30×
...  0.0691
2)  0.0720
3)  0.0770

⭕Stoploss : 0.0623",7fcc77a8e9c4a4b4867c2ba84f3ce863,2026-09-10T07:02:42+00:00,2026-09-13T20:19:44.647355+00:00,887,wolftradesupport5
1255466,19138,"🔴 SHORT

#THETA/USDT

Entry : 

1) 0.1857
2) 0.191...0.1728

🛑 Stop : 0.1973

Leverage : 10x (isolated)",280b3301d56a3fe5d30755c40fdc88f9,2026-09-11T08:12:22+00:00,2026-09-13T21:48:06.908227+00:00,887,wolftradesupport5
1255465,19137,"⭐️$NIULAI/USDT  LONG

🛡Leverage : Cross 25x50

‼️E....09974

Use only 3% - 5% amount of your portfolio🛍",0868c399a24632a3473b55212af80363,2026-09-11T08:12:22+00:00,2026-09-13T21:48:06.825882+00:00,887,wolftradesupport5
1255460,19132,"🚩 LONG #LSK/USDT

⚙️ 50X LEVERAGE

🛡 Entry: 0.1349...: 0.14050
TP3: 0.14350

🛑 SL: 0.12680

🔥REACTIONS?",566459de7760f1999b28b5b3408f0a11,2026-09-11T08:08:37+00:00,2026-09-13T21:48:06.733711+00:00,887,wolftradesupport5
1255459,19131,LONG #LSK 0.13490,087107495b201f9a1107872c0945dfac,2026-09-11T08:08:37+00:00,2026-09-13T21:48:06.681298+00:00,887,wolftradesupport5
1270936,19200,"🔰 PAIR: CRV/ USDT 💹

🟢Position: LONG🚀

☑️ Entry Zo...:
🥇 0.3560
🥈 0.3584
🥉 0.3625

❌ Stop Loss: 🔴0.3470",1e7ce2ee18d2f2c7a6ad4feb6f7ae687,2026-09-11T15:52:13+00:00,2026-09-14T11:32:46.593645+00:00,887,wolftradesupport5
1270894,19161,"💵 𝐒𝐈𝐆𝐍𝐀𝐋 𝐀𝐋𝐄𝐑𝐓 💵

#AIO/USDT (25xSHORT)

✅ ENTRY:0....TARGETS:-0.03950/0.03750/0.034

❌ STOP LOSS: 0.046",b0cc64e8d8b69d1d3beecb5a43aa87cf,2026-09-11T15:51:43+00:00,2026-09-14T11:32:46.054652+00:00,887,wolftradesupport5
1270941,19202,"EXCHANGE/BYBIT/BITUNIX/OKX📌 


DAY TRADE 🏆

LONG/F...agement 🏆


Use only 5% of your 📈Available balance",0bc1e07dce99a0317005e2214436da17,2026-09-11T15:52:13+00:00,2026-09-14T11:32:46.672478+00:00,887,wolftradesupport5
1270940,19199,"#MET/ USDT — BUY (LONG) 
Leverage: Cross 25x – 50x...T IS KEY
👉 Use ONLY 2 – 3% of your total portfolio",7c6bd68c487998f78151f0ea3682f779,2026-09-11T15:52:13+00:00,2026-09-14T11:32:46.658832+00:00,887,wolftradesupport5
1270911,19160,"🌈PAIR:- #ETH/USDT
⚡️ Direction : LONG
🛠 Leverage: ...nt Usage:- 1 - 2%
(According To your Risk Setting)",934d88f7fb3b129265d1123eec750fb6,2026-09-11T15:51:43+00:00,2026-09-14T11:32:46.111918+00:00,887,wolftradesupport5
1270904,19159,"#MAGMA/USDT

📈Signal: long Leverage: Cross 50X

⚡️...even after TP1 is hit.

📣Trade Smart • Follow Risk",a65f4f7dd727ae6f3c409918076237ff,2026-09-11T15:51:43+00:00,2026-09-14T11:32:46.089324+00:00,887,wolftradesupport5
1270903,19162,"🚨 NEW TRADE SIGNAL 🚨

📊 ETH/USDT — LONG 

📍 ENTRY:...Manage your risk & trade responsibly.

🔥 LET’S GO!",26977d223a15b6d5778c2e8980fe7c16,2026-09-11T15:51:43+00:00,2026-09-14T11:32:46.087367+00:00,887,wolftradesupport5
1270900,19166,"#THETA/ USDT — BUY (LONG) 
Leverage: Cross 25x – 5...T IS KEY
👉 Use ONLY 2 – 3% of your total portfolio",ee157bed2280bd93defc06128b050be5,2026-09-11T15:51:43+00:00,2026-09-14T11:32:46.081312+00:00,887,wolftradesupport5
1270893,19165,"🚀 #XANUSDT LONG SIGNAL 🚀

📌 ENTRY ➜ 0.01174

🎯 TAK...ch this move together!

🔓 Trade Smart • Trade Safe",d9925c83f257463d6f304bcd6aa88568,2026-09-11T15:51:43+00:00,2026-09-14T11:32:46.050868+00:00,887,wolftradesupport5
1270890,19163,"#LONG 🟢🔤🔤🔤🔤🔤

#STX/USDT

Margin Mode : Isolated 💎
...6

🟥 SL : 0.2484 - 100%   

📊 LEV : 20X

🇯🇵Premium",a6521b82cd1ff4e42b704229442cbba9,2026-09-11T15:51:43+00:00,2026-09-14T11:32:45.949187+00:00,887,wolftradesupport5
1270923,19156,"$SOL SHORT (100x) ⚡️

ENTRY : 101👍

TARGETS PRICE:...9.60
2⃣ 98.00
3️⃣ 96.00
🤩 93.38

⛔️STOP LOSS : 108",c44f29ccbbd254d0f97338c731f5c49e,2026-09-11T15:51:42+00:00,2026-09-14T11:32:46.232741+00:00,887,wolftradesupport5
1270910,19155,"#MARSCOIN/ USDT — BUY (LONG) 
Leverage: Cross 25x ...T IS KEY
👉 Use ONLY 2 – 3% of your total portfolio",6f7e6d36cc2d1bc9b00dd7401c5ece76,2026-09-11T15:51:42+00:00,2026-09-14T11:32:46.108642+00:00,887,wolftradesupport5
1270906,19151,"📊 Let’s LONG #MAGMA/USDT

💥 Leverage:  Cross 20×  ...1) 0.2575
2) 0.2660
3) 0.2780

🔖 Stop Loss: 0.2360",477227ec3ece86817fa5f8354e8050ae,2026-09-11T15:51:42+00:00,2026-09-14T11:32:46.099430+00:00,887,wolftradesupport5
1270895,19153,"📈 LONG #NIULAI/USDT

🚀 LEVERAGE : 50x

📊 ENTRY PRI...3

TP🟢0.148

TP🟢0.154

STOPLOSS 🔴0.133

REACTIONS?",b4c7b82d7152f0753e9be608c1fa702a,2026-09-11T15:51:42+00:00,2026-09-14T11:32:46.047159+00:00,887,wolftradesupport5
1270892,19157,"ETH / USDT 

SHORT SHORT SHORT 

IST ENTRY AT MARKET PRICE 

TP 2600 , 2590

SL 2680

20x Leverage",f35459a70b83b4110ea87a5736cb187f,2026-09-11T15:51:42+00:00,2026-09-14T11:32:46.025362+00:00,887,wolftradesupport5
1278705,19541,"🚨 #PUNDIX/USDT | SHORT

⚡Leverage: Cross 50x

🎯Ent... follow the signal and secure profits at targets.💎",62f9590cc34c770cc311a0a3214db5bc,2026-09-13T15:39:56+00:00,2026-09-14T12:57:15.349781+00:00,887,wolftradesupport5
1278702,19542,"🚀 LONG: $STEEM/USDT
LEVERAGE: 50x

✔️ENTRY PRICE: ...-0.06800-0.07000

STOP LOSS:  0.05800


REACTIONS?",2d63d07f2c0a375122a6f0b6c4d19929,2026-09-13T15:39:56+00:00,2026-09-14T12:57:15.346543+00:00,887,wolftradesupport5
1278698,19548,LSK LONG 0.9307 TP1 0.9515,9446d4d67308ea3e074d19f35df237c1,2026-09-13T15:39:56+00:00,2026-09-14T12:57:15.338846+00:00,887,wolftradesupport5
1278684,19547,"⭐ LSK /USDT — LONG

💵 ENTRY: 0.91800-0.8500

⚙️ LE...o

📌 Follow the setup and manage your risk wisely.",36058cad30adbcf6dd1530f0b00d483e,2026-09-13T15:39:56+00:00,2026-09-14T12:57:15.311977+00:00,887,wolftradesupport5
1278678,19545,"🔘 Coin : #BTW/USDT 🔘

🔴 SHORT

🔺Entry🔻: 0.7049

⭐️... - 0.64255

♦️ StopLoss : 0.73241

🔱 Leverage: 25x",526b6d5c05221daf21b737507b352eee,2026-09-13T15:39:56+00:00,2026-09-14T12:57:15.290575+00:00,887,wolftradesupport5
1278673,19546,"🚀 #LSKUSDT LONG SIGNAL 🚀

📌 ENTRY ➜ 0.9308

🎯 TAKE...ch this move together!

🔓 Trade Smart • Trade Safe",eca1d6826589190e305155ff5971334a,2026-09-13T15:39:56+00:00,2026-09-14T12:57:15.266140+00:00,887,wolftradesupport5
1278653,19544,"🚨 #VTHO/USDT | SHORT

⚡Leverage: Cross 50x

🎯Entry... follow the signal and secure profits at targets.💎",fa97a4b1da92edaa7114cf05ecb3f449,2026-09-13T15:39:56+00:00,2026-09-14T12:57:15.124888+00:00,887,wolftradesupport5
1278643,19543,Long LSK now 0.918,212e7b60c78c609e784e8db9e9144ae2,2026-09-13T15:39:56+00:00,2026-09-14T12:57:15.044197+00:00,887,wolftradesupport5
1278695,19539,"🚀 $API3/USDT PERP 🚀

🟢 LONG

💰 Entry : 0.255$ – 0.... 5X – 25X

⛔️ SL : 0.210$

📌 Use Only 2-5% Capital",1114fb2672ca60d0a9f3fdd71503f96e,2026-09-13T09:44:40+00:00,2026-09-14T12:57:15.335054+00:00,887,wolftradesupport5
1278690,19537,"🔰 PAIR: SAND/ USDT 💹

🟢Position: LONG🚀

☑️ Entry Z...0.03594
🥈 0.03623
🥉 0.03677

❌ Stop Loss: 🔴0.03495",6a4c62f59be80f211b5332ef69e12d91,2026-09-13T09:44:40+00:00,2026-09-14T12:57:15.327777+00:00,887,wolftradesupport5
1278668,19536,"$LTCUSDT

SHORT

RR : 2

LEVERAGE : 40x

ENTRY : 53.86

TAKE PROFITS 👇

1️⃣ 52.45

STOPLOSS : 54.56",9c52684485dce151155fbd310958afd8,2026-09-13T09:44:40+00:00,2026-09-14T12:57:15.259595+00:00,887,wolftradesupport5
1278651,19538,"✅ Long

Pair: #ATOM/USDT

📊 Entry Price: 

1) 1.57....652
4) 1.685

Stop Loss: 1.478

Leverage: 10x-20x",7f6516eecbd60479bd22188127c813a2,2026-09-13T09:44:40+00:00,2026-09-14T12:57:15.123263+00:00,887,wolftradesupport5
1278635,19533,"🚀 LONG: $ARK/USDT
LEVERAGE: 50x

✔️ENTRY PRICE: 0....750-0.1800-0.1900

STOP LOSS:  0.1600


REACTIONS?",26d70642447c3cfd0c99a42c9a78f7ba,2026-09-13T09:44:40+00:00,2026-09-14T12:57:14.904134+00:00,887,wolftradesupport5
1278628,19535,"⭐ ARK /USDT — LONG

💵 ENTRY: 0.1700-0.1680

⚙️ LEV...o

📌 Follow the setup and manage your risk wisely.",3db54b440872ae9b035a7ee7e911b9f2,2026-09-13T09:44:40+00:00,2026-09-14T12:57:14.872397+00:00,887,wolftradesupport5
1278697,19531,"🌈PAIR:- #ARK/USDT
⚡️ Direction : LONG
🛠 Leverage: ...nt Usage:- 1 - 2%
(According To your Risk Setting)",d8667ca01257c77d79c35f0a5860988b,2026-09-13T09:31:57+00:00,2026-09-14T12:57:15.336998+00:00,887,wolftradesupport5
1278657,19530,"$AVA SHORTNOW

ENTRY: 0.195- 0.200

TP:- 0.185- 0.175- 0.160

SL:- 0.0220",5ad02fca1e487ce08f149cd93c3b0ffa,2026-09-13T09:31:57+00:00,2026-09-14T12:57:15.204724+00:00,887,wolftradesupport5
1278648,19528,"🚀 LONG: $AVA/USDT
LEVERAGE: 50x

✔️ENTRY PRICE: 0....2100-0.2180-0.2350

STOP LOSS:  0.1940

REACTIONS?",6b97001fe943fca5fc97034d1407eb97,2026-09-13T09:31:57+00:00,2026-09-14T12:57:15.065854+00:00,887,wolftradesupport5
1278609,19421,"Pair: #ONDO/USDT

Long • (25X)

Entry
0.3471 - 0.3...t your own risk. Always use proper risk management",20afab003adc0605cea6d302ca5ef18d,2026-09-12T20:32:33+00:00,2026-09-14T12:57:00.750732+00:00,887,wolftradesupport5
1278585,19420,"✅ Long

#ETH/USDT

Entry zone : 2439.55 - 2515.00
...2752.66
2827.74

Stop loss :2338.95

Leverage: 10x",d0addbd1e8eeb026761a3d0b50733b1b,2026-09-12T20:32:33+00:00,2026-09-14T12:57:00.683500+00:00,887,wolftradesupport5
1278580,19414,"Long #FLOCK 75x 0.07900

Tp: 0.08200",48ff844167da41940b2ea476bffe23d9,2026-09-12T19:36:38+00:00,2026-09-14T12:57:00.582175+00:00,887,wolftradesupport5
1278582,19383,"⚡️$KAVA/USDT⚡️

SHORT 
Leverage: 35X 

Entry: 0.07....063808
4)0.061750
5)0.059691

Stoploss: 0.0730489",ae3ddce1fe6d3ef9f8f12fae8cd7ded1,2026-09-12T09:52:30+00:00,2026-09-14T12:57:00.668139+00:00,887,wolftradesupport5
1278549,19381,"🌹 #PUNDIX/USDT

🟢 LONG

✅ Entry: 0.113- 0.1096

❌ ...l advice.
💰 Stay disciplined. Protect your capital",c634b554599b326c657ca976d1252215,2026-09-12T07:19:15+00:00,2026-09-14T12:57:00.304986+00:00,887,wolftradesupport5
1278544,19378,"↗️ SPOT CALL (BINANCE)

#TUT/USDT 🥂

BUY BELOW: Ma... 0.02300 - 0.02600++ 🔥🔥

No Leverage — Spot Only 💎",66b1ca1377332349998dcdead061bf40,2026-09-12T07:19:15+00:00,2026-09-14T12:57:00.184082+00:00,887,wolftradesupport5
1278554,19376,"🔴 SHORT

#KAVA/USDT

Entry zone : 0.069051 - 0.067...0637
0.058616

Stop loss :0.0717328

Leverage: 10x",bd6b59ec66532ff33038bca8d47011c0,2026-09-12T07:18:23+00:00,2026-09-14T12:57:00.350781+00:00,887,wolftradesupport5
1278596,19374,"$PUNDIX/USDT #LONG📩

✅ENTRY :-0.1080/0.1030

Targe...𝐎𝐧𝐥𝐲 𝟏-𝟑% 𝐎𝐟 𝐎𝐮𝐫 𝐃𝐞𝐩𝐨𝐬𝐢𝐭 𝐅𝐨𝐫 𝐄𝐚𝐜𝐡 𝐓𝐫𝐚𝐝𝐞

React,??m",250ddf1b56bb194a3ab6ba1131f00c44,2026-09-12T07:17:58+00:00,2026-09-14T12:57:00.716873+00:00,887,wolftradesupport5
1278594,19370,"🚀 $LSK/USDT PERP 🚀

🟢 LONG

💰 Entry : 0.205$ – 0.1... 5X – 25X

⛔️ SL : 0.145$

📌 Use Only 2-5% Capital",1c64ae17624bc34ce635bdca9e32cbb9,2026-09-12T07:17:32+00:00,2026-09-14T12:57:00.713924+00:00,887,wolftradesupport5
1278593,19366,"🚀 LONG: $MINA/USDT🚀
LEVERAGE: 20X-50X

🤍 ENTRY PRI...0- 0.1280
—————

❌ STOP LOSS: 0.09280❌


REACTIONS",be649a50cc972741fd6c06955683d3c4,2026-09-12T07:17:32+00:00,2026-09-14T12:57:00.712110+00:00,887,wolftradesupport5
1278561,19365,"#LSK/USDT LONG     

👉Leverage : Cross 10× To 30×
...

1)  0.221
2)  0.233
3)  0.257

⭕Stoploss : 0.204",4c3bdbf9a88e71b3a8d8540ae7536793,2026-09-12T07:17:32+00:00,2026-09-14T12:57:00.530254+00:00,887,wolftradesupport5
1278559,19371,"📍Coin : #1000BONK/USDT

🟢 LONG 

👉 Entry: 0.002780....002922
🎯 Target 6: 0.002951

❌ StopLoss: 0.002595",d93463efe18982e82cb74d80466e8ae2,2026-09-12T07:17:32+00:00,2026-09-14T12:57:00.480388+00:00,887,wolftradesupport5
1278546,19369,"🪙 Coin: #MINA/USDT
🧭 Type: #LONG

📈 Entry Zone:
0.... within the zone and maintain strict risk control.",a6bfb53c23692265af8f4c6131361b9b,2026-09-12T07:17:32+00:00,2026-09-14T12:57:00.233040+00:00,887,wolftradesupport5
1278547,19363,"⌛#JUP/USDT  ( SHORT )

🍁 Leverage 👉 20X to 25X 

⛩...63 | 0.2339 | 0.2311 | 0.2288

🔕 Stoploss = 0.2527",eae39ec16292cd671bb647543ef05a8e,2026-09-12T07:17:32+00:00,2026-09-14T12:57:00.232322+00:00,887,wolftradesupport5
1278545,19367,"💵 𝐒𝐈𝐆𝐍𝐀𝐋 𝐀𝐋𝐄𝐑𝐓 💵

#RIVER/USDT (25xLONG)

✅ ENTRY:1...2/1.36

TARGETS:-1.47/1.54/1.63

❌ STOP LOSS: 1.21",bfc1e5273c0fd767fecf18d4bdbdfae4,2026-09-12T07:17:32+00:00,2026-09-14T12:57:00.219223+00:00,887,wolftradesupport5
1278537,19368,"🔴 Short

Pair: #ZIL/USDT

📊 Entry Price: 

1) 0.00...0.0025401

Stop Loss: 0.0029009

Leverage: 10x-20x",7d694ac8dfab6c2b3f6aba60c5d89b48,2026-09-12T07:17:32+00:00,2026-09-14T12:57:00.051853+00:00,887,wolftradesupport5
1278617,19361,"Coin #PUNDIX /USDT

Position: LONG 

Leverage:  Cr...rgets: 🎯 0.1150, 0.1180, 0.1220

Stop Loss: 0.1060",8325124c3472a90ec577edda42e35193,2026-09-12T07:15:05+00:00,2026-09-14T12:57:00.785609+00:00,887,wolftradesupport5
1278557,19362,"Coin #BEAT /USDT

Position: LONG 

Leverage:  Cros...rgets: 🎯 0.0970, 0.1010, 0.1050

Stop Loss: 0.0850",527bc9e7b86bf99ef61de91b351eae3f,2026-09-12T07:15:05+00:00,2026-09-14T12:57:00.463880+00:00,887,wolftradesupport5
1278599,19360,"🚀 $LSK/USDT PERP 🚀

🟢 LONG

💰 Entry : 0.205$ – 0.1... 5X – 25X

⛔️ SL : 0.145$

📌 Use Only 2-5% Capital",1c64ae17624bc34ce635bdca9e32cbb9,2026-09-12T07:14:26+00:00,2026-09-14T12:57:00.719078+00:00,887,wolftradesupport5
1278553,19354,"#ETHFIUSDT — BUY (LONG) 
🎉
🟢 Leverage: Cross  50x7...Risk Management:
Use only 2%– 3%of your portfolio.",6a7344cd2e5d3c1d3b4e62670498c52a,2026-09-12T07:14:26+00:00,2026-09-14T12:57:00.330115+00:00,887,wolftradesupport5
1278543,19352,"📊 Let’s SHORT #MARSCOIN/USDT

💥 Leverage:  Cross 2...1) 0.1020
2) 0.0960
3) 0.0850

🔖 Stop Loss: 0.1255",1141975a2024685ef5217361e118f3f9,2026-09-12T07:14:26+00:00,2026-09-14T12:57:00.185074+00:00,887,wolftradesupport5
1278542,19356,"#SOMIUSDT — BUY (LONG) 
🎉
🟢 Leverage: Cross  50x75...Risk Management:
Use only 2%– 3%of your portfolio.",51a96770f3e7386c95ff4e47f67e571e,2026-09-12T07:14:26+00:00,2026-09-14T12:57:00.172629+00:00,887,wolftradesupport5
1278538,19359,"🟢 Long

#COMP/USDT

Entry : 

1) 19.94
2) 19.34

T...) 21.30

🛑 Stop : 18.68

Leverage : 10x (isolated)",93375f5402dbf75f781fee8288971c70,2026-09-12T07:14:26+00:00,2026-09-14T12:57:00.055852+00:00,887,wolftradesupport5
1278533,19357,"🚨 NEW TRADE SIGNAL 🚨

📊 4/USDT — LONG 

📍 ENTRY: C...Manage your risk & trade responsibly.

🔥 LET’S GO!",1fb6b6d5081c2befbf38f90d36197000,2026-09-12T07:14:26+00:00,2026-09-14T12:56:59.979793+00:00,887,wolftradesupport5
1284257,19731,"🚀 #NAORISUSDT LONG SIGNAL 🚀  LEVERAGE 50X-75X

📌 E...ch this move together!

🔓 Trade Smart • Trade Safe",2a3e2c13221151c1a0db5f781dad7e74,2026-09-14T07:35:24+00:00,2026-09-14T14:20:31.147917+00:00,887,wolftradesupport5
1284245,19728,"🚀 SHORT: $VTHO/USDT🚀
LEVERAGE: 20X-50X

🤍 ENTRY PR...0.00065
—————

❌ STOP LOSS: 0.0008660❌


REACTIONS",118ad76340b291280e8f137eb7dc635f,2026-09-14T07:35:24+00:00,2026-09-14T14:20:31.026914+00:00,887,wolftradesupport5
1284243,19727,"🌈PAIR:- #ARK/USDT
⚡️ Direction : LONG
🛠 Leverage: ...nt Usage:- 1 - 2%
(According To your Risk Setting)",e67f34224a86a10f2afdb8c801ddc996,2026-09-14T07:35:24+00:00,2026-09-14T14:20:31.024825+00:00,887,wolftradesupport5
1284239,19724,"📊 POWER/USDT — LONG 

📍 ENTRY: CMP

🎯 TARGET 1: 0....Manage your risk & trade responsibly.

🔥 LET’S GO!",a7ced340d60e3e9fc6ac830dbee072bd,2026-09-14T07:35:24+00:00,2026-09-14T14:20:31.006902+00:00,887,wolftradesupport5
1284233,19729,"⚡ #DOT/USDT

📤 Long 

💹 Buy: 1.0180 - 0.9900

🧿 Ta...620 - 1.0730

🧨 StopLoss: 0.9700 

🔘 Leverage: 20x",fccce62b3784c57b3413702d7c9418c8,2026-09-14T07:35:24+00:00,2026-09-14T14:20:30.978836+00:00,887,wolftradesupport5
1284231,19723,"🔴 SHORT MTL/USDT

CROSS/LEVERAGE 50X

ENTRY: 0.410...
USE UR RISK MANAGEMENT!! 

PATIENT IS THE KEY 🐒🐒🐒",3274a5883469d035b5ef7db7f6725adb,2026-09-14T07:35:24+00:00,2026-09-14T14:20:30.914435+00:00,887,wolftradesupport5
1284230,19721,"$CVC/USDT now at current market price (Spot + Futu...$0.0368
2. $0.0401
3. $0.0441

Stop loss : $0.0291",91efb3195de365d39b5a2c2fca57f2f4,2026-09-14T07:35:24+00:00,2026-09-14T14:20:30.907009+00:00,887,wolftradesupport5
1284228,19726,"✨ADA/USDT

🎗 Trade Type = LONG 🟢

⭐️ Leverage :- 2...[ 0.2108, 0.2128, 0.2149, 0.2174, 0.2196, 0.2224 ]",330f124bd2304c2b9037375cbedaef8a,2026-09-14T07:35:24+00:00,2026-09-14T14:20:30.905831+00:00,887,wolftradesupport5
1284261,19720,"#CVC/USDT SHORT     

👉Leverage : Cross 10× To 30×...  0.0344
2)  0.0327
3)  0.0317

⭕Stoploss : 0.0375",712c0a12e0f2fc1dd92ab4580f130976,2026-09-14T07:35:23+00:00,2026-09-14T14:20:31.185322+00:00,887,wolftradesupport5
1284255,19709,"$ZEC

Long at cmp. 1136.33

Tp. 1286

Sl. 1014",c5343ae82dbe933f5a9b07f29f324c5d,2026-09-14T07:35:23+00:00,2026-09-14T14:20:31.138687+00:00,887,wolftradesupport5
1284244,19713,"🛎️ Trade: #SOMI/USDT

Direction: 📈 LONG 

🟢 Entry ...88
• Target 6: 0.1604

💠 Leverage : 5x - 10x - 20x",137ff0c49db1d43d97a1bfb0f1b08f56,2026-09-14T07:35:23+00:00,2026-09-14T14:20:31.025785+00:00,887,wolftradesupport5
1284236,19712,"#PORTALUSDT — BUY (LONG) 
🎉
🟢 Leverage: Cross  50x...Risk Management:
Use only 2%– 3%of your portfolio.",f5b93b3dda4b2f2e7dd1a59f61481140,2026-09-14T07:35:23+00:00,2026-09-14T14:20:30.984226+00:00,887,wolftradesupport5
1284234,19718,#AIN SHORT  0.108,4be1616d7b2ea80b40f1bbf662eb4319,2026-09-14T07:35:23+00:00,2026-09-14T14:20:30.979854+00:00,887,wolftradesupport5
1284226,19715,"#POWER/USDT SHORT     

👉Leverage : Cross 10× To 3...

1)  0.110
2)  0.100
3)  0.097

⭕Stoploss : 0.125",09378194ca0432ae10cd16a30a6c039d,2026-09-14T07:35:23+00:00,2026-09-14T14:20:30.899552+00:00,887,wolftradesupport5
1284221,19719,"#AIN/USDT SHORT     

👉Leverage : Cross 10× To 30×...1)  0.1040
2)  0.0970
3)  0.0870

⭕Stoploss : 0.12",34e07cb8b75e4672b9d65412fd0bb586,2026-09-14T07:35:23+00:00,2026-09-14T14:20:30.884579+00:00,887,wolftradesupport5
1284214,19717,"#MTL/USDT SHORT     

👉Leverage : Cross 10× To 30×...t

1)  0.380
2)  0.365
3)  0.349

⭕Stoploss : 0.41",ecbcf7980fd9de715c3968aecc68d7b8,2026-09-14T07:35:23+00:00,2026-09-14T14:20:30.867715+00:00,887,wolftradesupport5
1284117,19563,"➡️ #AR      /USDT (SHORT) 🔽🔽

⌛LEVERAGE : 20X TO 7...0


💥Use only 1%margin of your total portfolio❤️😘😇",0825b1b697c94809e51044f61a618c93,2026-09-13T18:07:19+00:00,2026-09-14T14:20:17.703900+00:00,887,wolftradesupport5
1284118,19562,"➡️ #FIL      /USDT (SHORT) 🔽🔽

⌛LEVERAGE : 20X TO ...0


💥Use only 1%margin of your total portfolio❤️😘😇",b067c4d6f3bc17bca297690ab4f9ce81,2026-09-13T16:43:38+00:00,2026-09-14T14:20:17.716338+00:00,887,wolftradesupport5
1284100,19561,"✅Entry 0.06040-0.05940

(🆘LONG STEEMUSDT 5-20x🆘)

... $0.06370
🏹Target 6  $0.06440

🚫Stop loss -0.05741",8225a771403a35272e0db69b60471d5c,2026-09-13T16:43:38+00:00,2026-09-14T14:20:17.424558+00:00,887,wolftradesupport5
1284099,19560,LONG STEEM 0.060404,57944bb2353180ecc4f669c83750a939,2026-09-13T16:43:38+00:00,2026-09-14T14:20:17.385311+00:00,887,wolftradesupport5
1284097,19551,"📉 SHORT #CVC/USDT 

🚀 LEVERAGE : 50x

📊 ENTRY PRIC...TP🟢0.0333

TP🟢0.0320

STOPLOSS 🔴0.0376

REACTIONS?",8579c6db98a84499fb33d8b0286c2d25,2026-09-13T16:43:37+00:00,2026-09-14T14:20:16.576588+00:00,887,wolftradesupport5
1284095,19549,"$CVC

OPEN SHORT NOW

TP (0.03300-0.03100)

SL (0.04272)",68fbf8876fbb2f7177b5ac2af061e8a4,2026-09-13T16:43:37+00:00,2026-09-14T14:20:16.478600+00:00,887,wolftradesupport5
1376858,19912,"⚡️⚡️#IO/USDT⚡️⚡️

Signal Type : Short
Leverage : 2...
1) 0.1161
2) 0.1122
3) 0.1086

Stop Loss : 0.1221",12c7c486485871db269f30bcf7134c19,2026-09-16T19:32:33+00:00,2026-09-16T20:15:13.899734+00:00,887,wolftradesupport5
1376852,19911,"ETH/USD BUY 

Entry : $ 2425.90

Target1: $  2450
... 2511
Target3: $ 2587
Target4: $ 2641

SL : $ 2340",2d4557a98521d925e33a7581f612de84,2026-09-16T19:32:33+00:00,2026-09-16T20:15:13.877471+00:00,887,wolftradesupport5
1376847,19910,"#LSK        /USDT (SHORT) 🔽🔽

⌛LEVERAGE : 20X TO 7...55

💥Use only 1%margin of your total portfolio❤️😘😇",6274e69677edb76adb98552f6312e630,2026-09-16T19:32:33+00:00,2026-09-16T20:15:13.857041+00:00,887,wolftradesupport5
1386676,20068,"⭐️$ONE/USDT  LONG 

🛡Leverage : Cross 25x50

‼️Ent...009547

Use only 3% - 5% amount of your portfolio🛍",1ae88e170d145a1d04c645f28abad055,2026-09-17T07:36:40+00:00,2026-09-17T14:01:58.080325+00:00,887,wolftradesupport5
1386674,20067,ONEUSDT LONG NOW,7e6af733c9a8e38a5150db3d8fc179c1,2026-09-17T07:36:40+00:00,2026-09-17T14:01:58.064356+00:00,887,wolftradesupport5
1386668,20065,"⚡️⚡️ #ASR/USDT ⚡️⚡️
Exchanges: Bingx 
Signal Type:...
5) 0.79468
6) 0.78200
7) 🚀🚀🚀

Stop Targets:
5-10%",d4a7f08d9bfd0e6456e56d706ca18682,2026-09-17T07:36:40+00:00,2026-09-17T14:01:58.031013+00:00,887,wolftradesupport5
1386657,20066,"✅ Long

#TRX/USDT

Entry zone : 0.32516 - 0.33522
...36689
0.37690

Stop loss :0.3117546

Leverage: 10x",7c44e75bfe983fdde295760d7d9cf620,2026-09-17T07:36:40+00:00,2026-09-17T14:01:57.992949+00:00,887,wolftradesupport5
1386671,20057,"#LONG 🟢🔤🔤🔤🔤🔤

#IO/USDT

Margin Mode : Isolated 💎

...15

🟥 SL : 0.1231- 100%   

📊 LEV : 20X

🇯🇵Premium",69c19df6814616c31f118d6aabbb9fb9,2026-09-17T07:32:48+00:00,2026-09-17T14:01:58.048926+00:00,887,wolftradesupport5
1386670,20056,"🚀 $PONS/USDT PERP 🚀

🟢 LONG

💰 Entry : 0.622$ – 0.... 5X – 25X

⛔️ SL : 0.550$

📌 Use Only 2-5% Capital",4f42a7c7b818b6221da5f86e4df6e344,2026-09-17T07:32:48+00:00,2026-09-17T14:01:58.046035+00:00,887,wolftradesupport5
1386664,20040,"$ZEC/USDT #LONG📩

✅ENTRY :-1376/1330

Target 1: 14...𝐎𝐧𝐥𝐲 𝟏-𝟑% 𝐎𝐟 𝐎𝐮𝐫 𝐃𝐞𝐩𝐨𝐬𝐢𝐭 𝐅𝐨𝐫 𝐄𝐚𝐜𝐡 𝐓𝐫𝐚𝐝𝐞

React,??m",0d0b95ff4d4df47388a0f68f87fd11ca,2026-09-17T07:32:48+00:00,2026-09-17T14:01:58.016220+00:00,887,wolftradesupport5
1386663,20051,"#BR/USDT SHORT   

👉Leverage : Cross 10× To 30×

E...ofit

1)  0.61
2)  0.56
3)  0.50

⭕Stoploss : 0.71",a8208a051290045114b7a24511f8083c,2026-09-17T07:32:48+00:00,2026-09-17T14:01:58.014558+00:00,887,wolftradesupport5
1386662,20061,"⚡️⚡️ #APE/USDT ⚡️⚡️
Exchanges: Bingx 
Signal Type:...
5) 0.13377
6) 0.13567
7) 🚀🚀🚀

Stop Targets:
5-10%",c0cf217bce96b5d1d2ad88aa5293a391,2026-09-17T07:32:48+00:00,2026-09-17T14:01:58.013883+00:00,887,wolftradesupport5
1386661,20048,"📊 DASH/USDT — LONG 

📍 ENTRY: 59

🎯 TARGET 1: 60
🎯...Manage your risk & trade responsibly.

🔥 LET’S GO!",2a630fbd6444cc045e9bf01355ec40fe,2026-09-17T07:32:48+00:00,2026-09-17T14:01:58.013106+00:00,887,wolftradesupport5
1386655,20039,"#AVA/USDT LONG   

👉Leverage : Cross 10× To 30×

E...

1)  0.245
2)  0.256
3)  0.267

⭕Stoploss : 0.228",318ff535cecfc5bccde188ff1abcb180,2026-09-17T07:32:48+00:00,2026-09-17T14:01:57.981627+00:00,887,wolftradesupport5
1386648,20055,"⭐ UB /USDT — LONG

💵 ENTRY:0.13200-0.12500

⚙️ LEV...o

📌 Follow the setup and manage your risk wisely.",cb0997dc24ab229df57e8be2bb0e088a,2026-09-17T07:32:48+00:00,2026-09-17T14:01:57.952109+00:00,887,wolftradesupport5
1386646,20049,"🚀 LONG: $AVA/USDT🚀
LEVERAGE: 20X-50X

🤍 ENTRY PRIC...0.2590- 0.28
—————

❌ STOP LOSS: 0.20❌


REACTIONS",092be452ca098dd7f3835619f66a7bf8,2026-09-17T07:32:48+00:00,2026-09-17T14:01:57.947114+00:00,887,wolftradesupport5
1386645,20042,"⌛#LINK/USDT  ( LONG )

🍁 Leverage 👉 20X to 25X 

⛩...52 | 11.572 | 11.681 | 11.806

🔕 Stoploss = 10.630",511b5644163ced7006431c6b60b45d00,2026-09-17T07:32:48+00:00,2026-09-17T14:01:57.934997+00:00,887,wolftradesupport5
1386639,20062,"⚡️⚡️ #AAVE/USDT ⚡️⚡️
Exchanges: Bingx 
Signal Type...129.10800
6) 130.93500
7) 🚀🚀🚀

Stop Targets:
5-10%",66c12424981f2445329a022e73b733de,2026-09-17T07:32:48+00:00,2026-09-17T14:01:57.844804+00:00,887,wolftradesupport5
1386638,20060,"⚡️⚡️ #ARX/USDT ⚡️⚡️
Exchanges: Bingx 
Signal Type:...
5) 0.17681
6) 0.17931
7) 🚀🚀🚀

Stop Targets:
5-10%",ab59f13999076c7fcb68c3bfd19911c3,2026-09-17T07:32:48+00:00,2026-09-17T14:01:57.832748+00:00,887,wolftradesupport5
1422879,20072,"#G USDT — BUY (LONG) 
🎉
🟢 Leverage: Cross  50x

⚡️...top Loss: 0.006500

🔽 Risk Management:

 REACTS !!",d590498992cb4f3c278101b6b7c45830,2026-09-18T11:27:43+00:00,2026-09-18T12:27:57.364902+00:00,887,wolftradesupport5
1422878,20073,"📊 Let’s SHORT #AR/USDT

💥 Leverage:  Cross 20×  - ...s: 

1) 3.097
2) 2.975
3) 2.862

🔖 Stop Loss: 3.34",39c54d684d85b7cf7ea46cfffc03af4d,2026-09-18T11:27:43+00:00,2026-09-18T12:27:57.350200+00:00,887,wolftradesupport5
1422877,20070,"⭐️$G/USDT  LONG 

🛡Leverage : Cross 25x50

‼️Entry...006165

Use only 3% - 5% amount of your portfolio🛍",66ab8bc6278085e4f64cfc8a13571f84,2026-09-18T11:27:43+00:00,2026-09-18T12:27:57.348946+00:00,887,wolftradesupport5
1429306,20090,"#CHR | LONG SETUP

💰 Entry: $0.017007

🎯 Target1: ...t4: $0.01765
🎯 Target5: $0.01789

🛡 STOP: $0.01616",5f83eb7dc0944ab7600038fc3a138abf,2026-09-18T15:39:35+00:00,2026-09-18T16:15:46.157380+00:00,887,wolftradesupport5
1429340,20082,"#METUSDT — BUY (LONG) 
🎉
🟢 Leverage: Cross  50x

⚡...️Stop Loss: 0.2355

🔽 Risk Management:

 REACTS !!",7bc31da3f063e60efea9fa3bbc3e920a,2026-09-18T15:39:34+00:00,2026-09-18T16:15:46.292629+00:00,887,wolftradesupport5
1429337,20085,"🔴 SHORT

#ETC/USDT

Entry : 

1) 7.960
2) 8.198

T...) 7.409

🛑 Stop : 8.461

Leverage : 10x (isolated)",2811d029d1b9a1ee5e89547dcb1bde44,2026-09-18T15:39:34+00:00,2026-09-18T16:15:46.280821+00:00,887,wolftradesupport5
1429334,20080,"⛽️Pair: MYX/USDT
Type: LONG 🟢
✅Leverage:  (20X_100...07
2) 0.120
3) 0.135
4) 0.158

❌ STOP LOSS: 0.080❌",b15fc39b072e539768ec76d18543a05f,2026-09-18T15:39:34+00:00,2026-09-18T16:15:46.273010+00:00,887,wolftradesupport5
1429331,20088,"🔘 Coin : #AR/USDT 🔘

🔴 SHORT

🔺Entry🔻: 3.108

⭐️ T....983 - 2.921

♦️ StopLoss : 3.213

🔱 Leverage: 25x",d300560717c9b6a0dafda7c5e1b6c53b,2026-09-18T15:39:34+00:00,2026-09-18T16:15:46.271793+00:00,887,wolftradesupport5
1429327,20086,"#LONG 🟢🔤🔤🔤🔤🔤

#ONDO/USDT

Margin Mode : Isolated 💎...0

🟥 SL : 0.3782 - 100%   

📊 LEV : 20X

🇯🇵Premium",c6d5bf5c8229c4f4342abc4e1ecc7ba3,2026-09-18T15:39:34+00:00,2026-09-18T16:15:46.260460+00:00,887,wolftradesupport5
1429325,20079,"✅Entry 0.02640 - 0.02600

(🆘LONG AKEUSDT 5-20x🆘)

... $0.02785
🏹Target 6  $0.02810

🚫Stop loss -0.02494",5f6356044d096263cbabdbe1791cccb1,2026-09-18T15:39:34+00:00,2026-09-18T16:15:46.258746+00:00,887,wolftradesupport5
1429320,20087,"🟢LONG  #BTCUSDT

🔶 Entry : 80000 - 80100

➡️ Lever...ake Profit Targets :

👉 81100

🛑 Stop Loss : 79000",ed479eefc17ad45436c759354766e584,2026-09-18T15:39:34+00:00,2026-09-18T16:15:46.246560+00:00,887,wolftradesupport5
1429321,20081,"$SOL LONG ⚡️

LEVERAGE 20-100X💎

ENTER NOW : 109🔼

TARGET: (112-115-118-121)🔥

STOPLOSS: (102.00)",3551c7252f2dd1f406c5bcc773b8d437,2026-09-18T15:39:34+00:00,2026-09-18T16:15:46.245919+00:00,887,wolftradesupport5
1429318,20083,"🚀 LONG: $NEAR/USDT
LEVERAGE: 50x

✔️ENTRY PRICE: 3...OFIT

3.73-3.90-4.20

STOP LOSS:  3.44

REACTIONS?",ff7df13e1b678148165fda2f4ed7fc6f,2026-09-18T15:39:34+00:00,2026-09-18T16:15:46.241412+00:00,887,wolftradesupport5
1429338,20076,"⭐️$MYX/USDT  LONG 

🛡Leverage : Cross 25x50

‼️Ent....07266

Use only 3% - 5% amount of your portfolio🛍",5cdacf38ca87442a6371a22278ea80ae,2026-09-18T15:39:33+00:00,2026-09-18T16:15:46.281916+00:00,887,wolftradesupport5
1429316,20075,MYXUSDT LONG NOW,498c3b41508ea86a10fc770531310032,2026-09-18T15:39:33+00:00,2026-09-18T16:15:46.231950+00:00,887,wolftradesupport5
1429303,20074,"⭐️$G/USDT  LONG 

🛡Leverage : Cross 25x50

‼️Entry...006712

Use only 3% - 5% amount of your portfolio🛍",bac5fee84d7355883246aeb096492413,2026-09-18T15:39:33+00:00,2026-09-18T16:15:45.819017+00:00,887,wolftradesupport5
1449399,20265,"XTZUSDTUSDT  
Exchanges: BINGX 

🟢 Short
Leverage-....31809000
6) 0.29264000
7) 🚀🚀🚀 

⛔️ SL:
0.38926600",ba4a28a005040b4296e0624a5ccabdaa,2026-09-19T18:17:54+00:00,2026-09-20T01:35:53.686427+00:00,887,wolftradesupport5
1449398,20267,"🔴 SHORT

#XTZ/USDT

Entry zone : 0.374714 - 0.3638...29057
0.318088

Stop loss :0.389266

Leverage: 10x",a74998ece5c400be2b4e5205c4b6ecaa,2026-09-19T18:17:54+00:00,2026-09-20T01:35:53.675332+00:00,887,wolftradesupport5
1449396,20268,"👑 #BR/USDT — TRADE LONG

LEVERAGE 25X TO 50X

✅ EN...0

⛔️ STOP LOSS: 0.9900

⚡️ NO FEAR — JUST PROFITS",70cf5385fb81980fda5b939fa76963c2,2026-09-19T18:17:54+00:00,2026-09-20T01:35:53.668175+00:00,887,wolftradesupport5
1449388,20266,"🚀 #SOMIUSDT LONG SIGNAL 🚀  LEVERAGE 50X-75X

📌 ENT...ch this move together!

🔓 Trade Smart • Trade Safe",732491b09b0e06da60f823ee9f6319e0,2026-09-19T18:17:54+00:00,2026-09-20T01:35:53.564377+00:00,887,wolftradesupport5
1449386,20264,"🚨 #ONE/USDT | LONG 

⚡Leverage: Cross 20x

🎯Entry ... follow the signal and secure profits at targets.💎",a552c308093bb2ea1ebb988ef3016d51,2026-09-19T18:17:54+00:00,2026-09-20T01:35:53.563052+00:00,887,wolftradesupport5
1449383,20263,"Doge/Usdt long 🟢
with 0.5% Wallet on market price ...osite movement pe jo 5% around the liq manage zero",28e368fd3e57cc6111dc36299e200733,2026-09-19T18:17:54+00:00,2026-09-20T01:35:53.558492+00:00,887,wolftradesupport5
1449379,20270,"🌈PAIR:- #ONE/USDT
⚡️ Direction : LONG
🛠 Leverage: ...nt Usage:- 1 - 2%
(According To your Risk Setting)",982c131e292f558ad2981eb63858d1ef,2026-09-19T18:17:54+00:00,2026-09-20T01:35:53.554155+00:00,887,wolftradesupport5
1449377,20269,"✨NEAR/USDT

🎗 Trade Type = LONG 🟢

⭐️ Leverage :- ...fit = [ 3.623, 3.659, 3.696, 3.732, 3.777, 3.814 ]",200049b204f0aaf00bf38cd732ea01c8,2026-09-19T18:17:54+00:00,2026-09-20T01:35:53.542353+00:00,887,wolftradesupport5
1449390,20262,"⭐️$ZAMA/USDT  SHORT 

🛡Leverage : Cross 25x50

‼️E....08917

Use only 3% - 5% amount of your portfolio🛍",88e5e5d56f372bed11ce2d970b545043,2026-09-19T10:17:37+00:00,2026-09-20T01:35:53.572951+00:00,887,wolftradesupport5
1449371,20261,ZAMAUSDT SHORT NOW,3618c72e6cc7b6d283a758a95385e25d,2026-09-19T10:17:36+00:00,2026-09-20T01:35:53.527527+00:00,887,wolftradesupport5
1449395,20257,"📊#VET/USDT–LONG–10x - 30x 🚀

📍 𝐄𝐧𝐭𝐫𝐲 𝐙𝐨𝐧𝐞:

➥ 0.00...tal.

⚠️ Disclaimer:
Trade at your own risk. DYOR.",5d8ac2563660a0476fc0e24d9ff8510e,2026-09-19T08:26:37+00:00,2026-09-20T01:35:53.665133+00:00,887,wolftradesupport5
1449385,20251,"#4/USDT SHORT NOW 📉
🏠ENTRY: ( 0.02481)",fa49e532dbe6aa834f2f9e0235b1a637,2026-09-19T08:26:37+00:00,2026-09-20T01:35:53.563763+00:00,887,wolftradesupport5
1449376,20253,"⚡️⚡️ #AKT/USDT ⚡️⚡️
Exchanges: Bingx 
Signal Type:...
5) 0.59498
6) 0.60340
7) 🚀🚀🚀

Stop Targets:
5-10%",44f3d046fc077ec0a122728a6c6a7ba1,2026-09-19T08:26:37+00:00,2026-09-20T01:35:53.542966+00:00,887,wolftradesupport5
1449373,20250,"⭐️$AKE/USDT  LONG 

🛡Leverage : Cross 25x50

‼️Ent...048108

Use only 3% - 5% amount of your portfolio🛍",3c7fbce79a3486cd72f74410f8d1d5b6,2026-09-19T08:26:37+00:00,2026-09-20T01:35:53.532871+00:00,887,wolftradesupport5
1449361,20252,"🪙#4/USDT

🚩POSITION — SHORT

🔒  LEVERAGE — 20X75

...0.02400
TP🥉: 0.02315

⛔️ SL: 0.02730

🔥REACTIONS?😜",8aee372346134eca50a60458946ca992,2026-09-19T08:26:37+00:00,2026-09-20T01:35:53.404351+00:00,887,wolftradesupport5
1449359,20256,"🌹 #INJ/USDT

🟢 LONG

✅ Entry: 7.575- 7.415

❌ Stop...l advice.
💰 Stay disciplined. Protect your capital",0ce648d9f65df9b3840b7de840913e5e,2026-09-19T08:26:37+00:00,2026-09-20T01:35:53.390911+00:00,887,wolftradesupport5
1449358,20254,"$LINKUSDT

SHORT

RR : 2

LEVERAGE : 50x

ENTRY : ...2.306

TAKE PROFITS 👇

1️⃣ 12.06

STOPLOSS : 12.43",06c0d84ef5f0e7744f8101578c6b9836,2026-09-19T08:26:37+00:00,2026-09-20T01:35:53.387509+00:00,887,wolftradesupport5
1467627,20394,"✨DASH/USDT

🎗 Trade Type = LONG 🟢

⭐️ Leverage :- ...fit = [ 57.24, 57.76, 58.44, 59.01, 59.56, 60.17 ]",7c486088efa7956fa7136a999a8e12e7,2026-09-20T19:49:04+00:00,2026-09-20T20:31:48.955143+00:00,887,wolftradesupport5
1467620,20395,"$BTC SHORT🔴 (25x Lev)

Entry -  81200$

Targets

1)80300$
2)79000$

SL- 82000$",13176b1d95b6988ce264b1cc8c91d7a2,2026-09-20T19:49:04+00:00,2026-09-20T20:31:48.941343+00:00,887,wolftradesupport5
1467592,20349,"✅Entry  -0.7110

(🆘LONG BTWUSDT 5-20x🆘)

🏹 Target ...5  $0.7568
🏹Target 6  $0.7635

🚫Stop loss -0.06707",72bd16ef3b79faf13e78dde6ad209d5e,2026-09-20T16:28:00+00:00,2026-09-20T20:31:29.494489+00:00,887,wolftradesupport5
1467586,20350,"⌛#FIL/USDT  ( SHORT )

🍁 Leverage 👉 20X to 25X 

⛩...82 | 0.8779 | 0.8678 | 0.8583

🔕 Stoploss = 0.9449",b737f1e25a9ebad42db9a600feef8cf2,2026-09-20T16:28:00+00:00,2026-09-20T20:31:29.450533+00:00,887,wolftradesupport5
1467562,20348,"#ZAMAUSDT — BUY (LONG) 
🎉
🟢 Leverage: Cross  25x

...Stop Loss: 0.08470

🔽 Risk Management:

 REACTS !!",c116f980f481166d45e45a9cab982b63,2026-09-20T16:28:00+00:00,2026-09-20T20:31:28.877855+00:00,887,wolftradesupport5
1467559,20352,"🔴 Short

Pair: #ALGO/USDT

📊 Entry Price: 

1) 0.1...) 0.103581

Stop Loss: 0.118290

Leverage: 10x-20x",3750fa83d5af424ad286de4a4800e5fb,2026-09-20T16:28:00+00:00,2026-09-20T20:31:28.865637+00:00,887,wolftradesupport5
1467532,20354,"🔴 SHORT

#TRX/USDT

Entry : 

1) 0.34630
2) 0.3566...32234

🛑 Stop : 0.36811

Leverage : 10x (isolated)",ddc03666f504b63ca9457f79c4059232,2026-09-20T16:28:00+00:00,2026-09-20T20:31:28.163053+00:00,887,wolftradesupport5
1467564,20319,"BTC/USDT Short  | 

Entry  :  80400 

TP   :  80000 / 79500 / 79000

SL  :  81000 | Risk 3% to 5%",3ef2b6d4427104254b79c034c785babb,2026-09-20T14:04:49+00:00,2026-09-20T20:31:28.885543+00:00,887,wolftradesupport5
1467554,20311,"⭐ ZIL /USDT — SHORT

💵 ENTRY: 0.03600-0.04000

⚙️ ...o

📌 Follow the setup and manage your risk wisely.",4a8dadfc8be1241f05be1fd3dd43fe72,2026-09-20T14:04:49+00:00,2026-09-20T20:31:28.829740+00:00,887,wolftradesupport5
1467553,20317,"#C/USDT

📈Signal: long Leverage: Cross 20X

⚡️Entr...even after TP1 is hit.

📣Trade Smart • Follow Risk",d1a6e0dbc130f9ffc9c84967858aaf83,2026-09-20T14:04:49+00:00,2026-09-20T20:31:28.828970+00:00,887,wolftradesupport5
1467552,20315,"🌈PAIR:- #M/USDT
⚡️ Direction : LONG
⚙️ Leverage: C...nt Usage:- 1 - 2%
(According To your Risk Setting)",8fcefeef2603930164e0dd8577108acd,2026-09-20T14:04:49+00:00,2026-09-20T20:31:28.816307+00:00,887,wolftradesupport5
1467548,20316,"#ZAMA/ USDT — BUY (LONG) 
Leverage: Cross 25x – 50...T IS KEY
👉 Use ONLY 2 – 3% of your total portfolio",ef9cc249ea532272de6e63b5e6821f83,2026-09-20T14:04:49+00:00,2026-09-20T20:31:28.809254+00:00,887,wolftradesupport5
1467546,20312,"⭐️#ZIL/USDT  LONG 

🛡Leverage : Cross 25x50

‼️Ent...0.0038

Use only 3% - 5% amount of your portfolio🛍",8ddbbed57c2c1b096a646c02ff7e0874,2026-09-20T14:04:49+00:00,2026-09-20T20:31:28.801475+00:00,887,wolftradesupport5
1493307,20451,"🔘 Coin : #KMNO/USDT 🔘

🟢 LONG

🔺Entry🔻: 0.03376

⭐... - 0.03546

♦️ StopLoss : 0.03259

🔱 Leverage: 25x",1506e4d53cc233fbcaa4126dbf6e83c5,2026-09-21T08:50:17+00:00,2026-09-21T09:50:57.976749+00:00,887,wolftradesupport5
1493306,20450,"#1000PEPE | LONG SETUP

💰 Entry: $0.004062

🎯 Targ...t4: $0.00422
🎯 Target5: $0.00427

🛡 STOP: $0.00386",bb357fb6ee8cd30e35efa142c30ec37b,2026-09-21T08:50:17+00:00,2026-09-21T09:50:57.861258+00:00,887,wolftradesupport5
1493304,20448,"🚀 #MINAUSDT LONG SIGNAL 🚀
⚡️ LEVERAGE 50X–75X

📌 E...tch this move together!
🔓 Trade Smart • Trade Safe",ee80b99b9cd4d93359dc89e4fcb70e0c,2026-09-21T08:50:17+00:00,2026-09-21T09:50:57.815672+00:00,887,wolftradesupport5
1493303,20447,"#ZETAUSDT — BUY (SHORT) 
🎉
🟢 Leverage: Cross  30x
...Stop Loss: 0.06845

🔽 Risk Management:

 REACTS !!",9a0f6d8ab4b5cd57e7ced760ba59f0a2,2026-09-21T08:50:17+00:00,2026-09-21T09:50:57.741684+00:00,887,wolftradesupport5
1508000,20497,"#ENS | LONG SETUP

💰 Entry: $6.792

🎯 Target1: $6....t4: $7.05010
🎯 Target5: $7.14518

🛡 STOP: $6.45240",5ac93c9e129676b69fb0f636d3fc7675,2026-09-21T17:03:37+00:00,2026-09-21T17:39:21.096991+00:00,887,wolftradesupport5
1507999,20495,"⚡️$RUNE/USDT⚡️

SHORT
Leverage: 35X

Entry: 0.6268...871
3)0.5688
4)0.5504
5)0.5321

Stoploss: 0.651202",50bfd62386a590570f28139894427d8b,2026-09-21T17:03:37+00:00,2026-09-21T17:39:21.095810+00:00,887,wolftradesupport5
1507997,20493,"#DOT | LONG SETUP

💰 Entry: $1.1939

🎯 Target1: $1...t4: $1.23927
🎯 Target5: $1.25598

🛡 STOP: $1.13420",cf84be0e3f83511b2c8172c632d685bb,2026-09-21T17:03:37+00:00,2026-09-21T17:39:20.992892+00:00,887,wolftradesupport5
1507995,20492,"Saga USDT
Long
Market Price
Target 

0.3700
0.3800
0.3900

Dca 0.3430",73c571d1a2f71d339a133aee81819d9d,2026-09-21T17:03:37+00:00,2026-09-21T17:39:20.963356+00:00,887,wolftradesupport5
1507994,20491,"📈 LONG #PHA/USDT 

🚀 LEVERAGE : 50x

📊 ENTRY PRICE...TP🟢0.0540

TP🟢0.0570

STOPLOSS 🔴0.0475

REACTIONS?",1a3fe6ceb94e3bb22238c51e22acb536,2026-09-21T17:03:36+00:00,2026-09-21T17:39:20.918782+00:00,887,wolftradesupport5
1511860,20506,"🔴 SHORT

#DOGE/USDT

Entry : 

1) 0.098190
2) 0.10...1396

🛑 Stop : 0.104375

Leverage : 10x (isolated)",225cfb39f360b09ec4c9025c60ea42b4,2026-09-21T18:56:14+00:00,2026-09-21T21:03:10.325860+00:00,887,wolftradesupport5
1511859,20505,"🟢 Long

#ZEC/USDT

Entry : 

1) 1484.41
2) 1439.87...85.96

🛑 Stop : 1390.89

Leverage : 10x (isolated)",55f9cde945d8720369b1f7abfe34b318,2026-09-21T18:56:14+00:00,2026-09-21T21:03:10.197208+00:00,887,wolftradesupport5
1511857,20501,"👑 #MUBARAK/USDT — TRADE LONG

LEVERAGE 25X TO 50X
...

⛔️ STOP LOSS: 0.04420

⚡️ NO FEAR — JUST PROFITS",afd734264041fcbe74422ab82f220253,2026-09-21T18:56:14+00:00,2026-09-21T21:03:10.188378+00:00,887,wolftradesupport5
1511856,20504,"🔰 PAIR: SAND/ USDT 💹

🟢Position: LONG🚀

☑️ Entry Z...0.04209
🥈 0.04256
🥉 0.04442

❌ Stop Loss: 🔴0.04002",173ffa0b14c98fe942d890c1a582ae20,2026-09-21T18:56:14+00:00,2026-09-21T21:03:10.173797+00:00,887,wolftradesupport5
1525567,20644,"📈 LONG #GRASS/USDT 

🚀 LEVERAGE : 75x

📊 ENTRY PRI...

TP🟢0.482

TP🟢0.505

STOPLOSS 🔴0.430


REACTIONS?",de929fe20435e69d700885ebde2e1110,2026-09-22T08:53:48+00:00,2026-09-22T09:44:03.545282+00:00,887,wolftradesupport5
1525566,20643,"⭐️#GRASS/USDT  LONG

🛡Leverage : Cross 25x50

‼️En...0.4311

Use only 3% - 5% amount of your portfolio🛍",92867f8541aef9679c4683fb464b13cc,2026-09-22T08:53:48+00:00,2026-09-22T09:44:03.532155+00:00,887,wolftradesupport5
1525563,20640,"💫 Pair:Mubarak/USDT  💫

🔼 Directio: Long
✅ Leverag...60📈
📈 Take Profit: 0.070📈

⚠️ Stop Loss: 0.04937⚠️",c4e0bff26fa668f5f731faf3bba56147,2026-09-22T08:53:42+00:00,2026-09-22T09:44:03.384840+00:00,887,wolftradesupport5
1525559,20633,"💫 Pair:Ptb/USDT  💫

🔼 Directio: Long
✅ Leverage: C...📈
📈 Take Profit: 0.0014📈

⚠️ Stop Loss: 0.001014⚠️",427df70cbe49820ddc66f6a9a3999495,2026-09-22T08:53:41+00:00,2026-09-22T09:44:03.218681+00:00,887,wolftradesupport5
1528807,20663,"👑My Coin: $AKE/USDT
👀Looking for LONG

🌟0.053664 W...I Will Set: 0.051579
°°°°°°°°°°°°°° As my stoploss",1ebbcf13f4fbfc2811cbcc9c27098037,2026-09-22T10:21:40+00:00,2026-09-22T11:50:17.200906+00:00,887,wolftradesupport5
1528805,20662,"📊 Let’s LONG #TST/USDT

💥 Leverage:  Cross 20×  - ....01895
2) 0.01920
3) 0.01988

🔖 Stop Loss: 0.01742",99d525c9c01453c3fc4cdec14682e70e,2026-09-22T10:21:40+00:00,2026-09-22T11:50:17.169518+00:00,887,wolftradesupport5
1528804,20661,"🚀 LONG: $COOKIE/USDT
LEVERAGE: 50x

✔️ENTRY PRICE:...-0.01480-0.01600

STOP LOSS:  0.01310


REACTIONS?",2565828cf19c1fe6f517be64ca9aeb4a,2026-09-22T10:21:40+00:00,2026-09-22T11:50:17.146771+00:00,887,wolftradesupport5
1528803,20660,"Pair: #AKE/USDT

Long • (20X)

Entry
0.052885

Tar...t your own risk. Always use proper risk management",0f7447ffadcfa8e15e84474b2884fb40,2026-09-22T10:21:40+00:00,2026-09-22T11:50:17.027729+00:00,887,wolftradesupport5
1528802,20659,"AKE/USDT 

LONG LONG LONG 

OPEN MARKET PRICE 

TP...13
TP 0.056328 
TP 0.057984

SL  0.051579

LEV 25X",be49846b3807990492e8c6f8aaccf084,2026-09-22T10:21:40+00:00,2026-09-22T11:50:17.012511+00:00,887,wolftradesupport5
1528800,20656,"⌛#ARB/USDT  ( SHORT )

🍁 Leverage 👉 20X to 25X 

⛩... 0.21020 | 0.20802 | 0.20479

🔕 Stoploss = 0.22563",644e56b37f8805282627b26cc73fd66e,2026-09-22T10:21:40+00:00,2026-09-22T11:50:17.009949+00:00,887,wolftradesupport5
1528798,20651,"👑 #MUBARAK/USDT — TRADE LONG

LEVERAGE 25X TO 50X
...

⛔️ STOP LOSS: 0.05450

⚡️ NO FEAR — JUST PROFITS",8437032c7484d45f8cc2e7a1f02ab071,2026-09-22T09:48:28+00:00,2026-09-22T11:50:16.837143+00:00,887,wolftradesupport5
1528797,20652,"🟢BTC/USDT Long  | 

Entry  :  86160 

TP   :  86500 / 87000 / 87500

SL  :  85500 | Risk 3% to 5%",4e0f1ad4c3d32acc2b79da897d49f462,2026-09-22T09:48:28+00:00,2026-09-22T11:50:16.834542+00:00,887,wolftradesupport5
1528793,20649,"#MUBARAK/USDT LONG   

👉Leverage : Cross 10× To 30... 0.0592
2)  0.0618
3)  0.0670

⭕Stop Loss : 0.0545",4e0e522707d3c4923c40d841f4f21666,2026-09-22T09:48:28+00:00,2026-09-22T11:50:16.588448+00:00,887,wolftradesupport5
1528791,20646,"🟢ETH/USDT My Long Trade Setup

Leverage 100X

Entr... 2800

Stop Loss  :  2720

Follow Money Management",17e5031c1702b778b5e982bba88af325,2026-09-22T09:48:28+00:00,2026-09-22T11:50:16.579217+00:00,887,wolftradesupport5
1528790,20647,"SOL/USDT My Long Trade Idea 💡

Leverage 100X

Entr....650

Stop Loss   117.000

Follow Money Management",fc548e05ed97dac0c471811764b696c1,2026-09-22T09:48:28+00:00,2026-09-22T11:50:16.578462+00:00,887,wolftradesupport5
1532223,20680,"$AVA - LONG ( Swing trade ) 🟢

Entry : Market Pric...ways keep the size under control and stay relaxed.",720f34de7f9823fb93e58f49a1e0e0d1,2026-09-22T13:35:17+00:00,2026-09-22T15:21:30.551710+00:00,887,wolftradesupport5
1532222,20677,"#KERNELUSDT — BUY (SHORT) 
🎉
🟢 Leverage: Cross  25...Stop Loss: 0.06490

🔽 Risk Management:

 REACTS !!",f8c4d4a8d07059c246e039c68d953ce4,2026-09-22T13:35:16+00:00,2026-09-22T15:21:30.529381+00:00,887,wolftradesupport5
1532221,20675,"🚀 #KERNELUSDT SHORT SIGNAL 🚀
⚡️ LEVERAGE 50X–75X

...tch this move together!
🔓 Trade Smart • Trade Safe",a7599fc94123b2b480043bb07c1619a3,2026-09-22T13:35:16+00:00,2026-09-22T15:21:30.366345+00:00,887,wolftradesupport5
1532218,20672,"$ZEC

LONG | Entry: 1504
TP1: 1605
TP2: 1723
TP3: 1864
SL: 1384",bafdfff25ea9ad52f68890b07cbd00e6,2026-09-22T12:52:41+00:00,2026-09-22T15:21:30.317033+00:00,887,wolftradesupport5
1532217,20671,"#FLOCK       /USDT (SHORT) 🔽🔽

⌛LEVERAGE : 20X TO ...99

💥Use only 1%margin of your total portfolio❤️😘😇",c781f20d55441f9f4b91388ca5fc9d97,2026-09-22T12:52:40+00:00,2026-09-22T15:21:30.315072+00:00,887,wolftradesupport5
1535692,20710,"🔴 SHORT

#BAT/USDT

Entry zone : 0.091546 - 0.0888...0391
0.077712

Stop loss :0.0951016

Leverage: 10x",0687acff60606c7f6a59f59b65ac0d0a,2026-09-22T17:20:01+00:00,2026-09-22T17:28:10.102712+00:00,887,wolftradesupport5
1535690,20706,"#UNI

UNI is in a global uptrend and is currently ...Targets: 9.189 / 9.543 / 10.122
📉 Stop Loss: 8.672",988b2ca5a80004da7e9d8a8d6a115aac,2026-09-22T17:20:00+00:00,2026-09-22T17:28:09.915060+00:00,887,wolftradesupport5
1535689,20704,"💰#MUBARAK / USDT👑

💎Setup Type: Strong LONG  🔖Oppo...TP ➝ 0.08500

4️⃣TP ➝ 0.09500

🚫Stop Loss: 0.05800",ab287b203bf60f8938a5c4bc7e8b2be9,2026-09-22T17:20:00+00:00,2026-09-22T17:28:09.908251+00:00,887,wolftradesupport5
1535687,20703,"🪙#FLOCK/USDT

🚩POSITION — SHORT

🔒  LEVERAGE — 20X...0.08830
TP🥉: 0.08500

⛔️ SL: 0.09999

🔥REACTIONS?😜",b4f731b4b4a9cd4926052062ff1b582c,2026-09-22T17:20:00+00:00,2026-09-22T17:28:09.905782+00:00,887,wolftradesupport5
1535686,20702,"#FLOCK/USDT SHORT NOW 📉
🏠ENTRY: ( 0.09126 )",1a64189f75bfab294f0729b10f2d0a8a,2026-09-22T17:20:00+00:00,2026-09-22T17:28:09.828601+00:00,887,wolftradesupport5
1535679,20694,"↗️ LONG #UAI 50x

📌 Entry: 0.4200

🎯 TP1: 0.4260
💵...t Usage: 1-3%
⚠️ According to your risk management",a837a3bdab97a16852adb78a84363f53,2026-09-22T15:38:59+00:00,2026-09-22T17:28:09.508255+00:00,887,wolftradesupport5
1535678,20693,"🌈Pair: NIL/USDT

📈Direction: LONG

📌Leverage: 25x ...nt

📊 Trade smart. Manage risk. Stay disciplined..",a645b0800e719e92819e7476a393d1a5,2026-09-22T15:38:59+00:00,2026-09-22T17:28:09.507223+00:00,887,wolftradesupport5
1535677,20692,"↗️ LONG #BCH 75x

📌 Entry: 322.00

🎯 TP1: 325.00
💵...t Usage: 1-3%
⚠️ According to your risk management",d0588ba17123a5aff877705b344f558b,2026-09-22T15:38:59+00:00,2026-09-22T17:28:09.494668+00:00,887,wolftradesupport5
1535676,20691,"👑My Coin: $USELESS/USDT
👀Looking for SHORT

🌟0.314...️I Will Set: 0.32551
°°°°°°°°°°°°°° As my stoploss",a611480718ab40bbf5527c1812ccadb3,2026-09-22T15:38:59+00:00,2026-09-22T17:28:09.475640+00:00,887,wolftradesupport5
1535675,20690,"➡️ #LAB      /USDT (LONG) 🔼🔼

⌛LEVERAGE : 20X TO 7...0


💥Use only 1%margin of your total portfolio❤️😘😇",e0a00a7b9431517ddcab2b3d10122318,2026-09-22T15:38:59+00:00,2026-09-22T17:28:09.371403+00:00,887,wolftradesupport5
1535674,20688,"🌈Pair: BSV/USDT

📈Direction: LONG

📌Leverage: 25x ...nt

📊 Trade smart. Manage risk. Stay disciplined..",83327f7d735f7d10294e962123889cb6,2026-09-22T15:38:59+00:00,2026-09-22T17:28:09.336682+00:00,887,wolftradesupport5
1535673,20689,"⭐ NIL /USDT — LONG

💵 ENTRY:0.08500-0.08000

⚙️ LE...o

📌 Follow the setup and manage your risk wisely.",88fb1ad061ff0df7c769a11b75447039,2026-09-22T15:38:59+00:00,2026-09-22T17:28:09.330351+00:00,887,wolftradesupport5
1535672,20687,"NEARUSDTUSDT  
Exchanges: BINGX 

🟢 Short
Leverage... 4.24
4) 4.18
5) 4.05
6) 3.97
7) 🚀🚀🚀 

⛔️ SL:
4.62",4914dda2f2071eae93652e25cd7f5543,2026-09-22T15:38:59+00:00,2026-09-22T17:28:09.318940+00:00,887,wolftradesupport5
1535671,20686,"BTCUSDT

LONG LONG LONG 

OPEN MARKET PRICE 

TP 86270
TP 86400
TP 86600

SL 79100

LEV 35X",c53877239f078023dbec4d6b8f197089,2026-09-22T15:38:59+00:00,2026-09-22T17:28:09.307246+00:00,887,wolftradesupport5
1535670,20684,"#CROSS/USDT SHORT NOW 📉
🏠ENTRY: ( 0.14933 )",d94587eec329eeee23360d6a8bf11d82,2026-09-22T15:38:59+00:00,2026-09-22T17:28:09.151091+00:00,887,wolftradesupport5
1535669,20685,"🪙#CROSS/USDT

🚩POSITION — SHORT

🔒  LEVERAGE — 20X...0.14430
TP🥉: 0.14000

⛔️ SL: 0.16450

🔥REACTIONS?😜",1a38e0565ec705b2d3c6770df58b2d11,2026-09-22T15:38:59+00:00,2026-09-22T17:28:09.149465+00:00,887,wolftradesupport5
1535668,20682,NILUSDT LONG NOW,89afb02fd0c4c7d13c903aded0b3e006,2026-09-22T15:38:59+00:00,2026-09-22T17:28:09.132534+00:00,887,wolftradesupport5
1535667,20683,"⭐️#NIL/USDT  LONG

🛡Leverage : Cross 25x50

‼️Entr....07913

Use only 3% - 5% amount of your portfolio🛍",57c0f007fc1c903e677cc7e799e568d3,2026-09-22T15:38:59+00:00,2026-09-22T17:28:09.131822+00:00,887,wolftradesupport5
1535666,20681,"🚀 LONG: $NIL/USDT
LEVERAGE: 50x

✔️ENTRY PRICE: 0.....09000-0.095000

STOP LOSS:  0.008000


REACTIONS?",e87301b1a2b57899fb9cb1347a3e3c80,2026-09-22T15:38:59+00:00,2026-09-22T17:28:09.125752+00:00,887,wolftradesupport5
1537798,20731,"🟢 Long

#TRX/USDT

Entry : 

1) 0.34099
2) 0.33076...36431

🛑 Stop : 0.31950

Leverage : 10x (isolated)",7491c7db562e63c683663983b0c07191,2026-09-22T18:40:50+00:00,2026-09-22T19:20:51.913443+00:00,887,wolftradesupport5
1537795,20727,"🔴SHORT  #BTCUSDT

🔶 Entry : 86500 - 86600

➡️ Leve...ake Profit Targets :

👉 85800

🛑 Stop Loss : 87400",bd7f8e243b217859384d72c47c073283,2026-09-22T17:28:33+00:00,2026-09-22T19:20:51.756632+00:00,887,wolftradesupport5
1537794,20725,"🌹 #GIGGLE/USDT

🟢 LONG

✅ Entry: 41.80- 40.90

❌ S...l advice.
💰 Stay disciplined. Protect your capital",937325720b06f28b775007cdd15a70bb,2026-09-22T17:28:33+00:00,2026-09-22T19:20:51.734128+00:00,887,wolftradesupport5
1537793,20726,"🔴 Short

Pair: #DASH/USDT

📊 Entry Price: 

1) 63....0.84
4) 59.49

Stop Loss: 67.94

Leverage: 10x-20x",fdb3e4b0285cef0ddb89c56faeb921f2,2026-09-22T17:28:33+00:00,2026-09-22T19:20:51.732295+00:00,887,wolftradesupport5
1537792,20724,"#MEW | LONG SETUP

💰 Entry: $0.0004764

🎯 Target1:...t4: $0.00049
🎯 Target5: $0.00050

🛡 STOP: $0.00045",34ed4c45f5baddef5886aec369efe204,2026-09-22T17:28:33+00:00,2026-09-22T19:20:51.678005+00:00,887,wolftradesupport5
1537791,20723,"#AXS | LONG SETUP

💰 Entry: $1.0932

🎯 Target1: $1...t4: $1.13474
🎯 Target5: $1.15005

🛡 STOP: $1.03854",51d9001c813d7160429013b2ab48d050,2026-09-22T17:28:33+00:00,2026-09-22T19:20:51.637876+00:00,887,wolftradesupport5
1537790,20719,"⭐️#CHR/USDT  SHORT

🛡Leverage : Cross 25x50

‼️Ent....02637

Use only 3% - 5% amount of your portfolio🛍",fa1df1de162c795325061dffaa77ca7e,2026-09-22T17:28:33+00:00,2026-09-22T19:20:51.511373+00:00,887,wolftradesupport5
1537789,20720,"📈 LONG #CHR/USDT 

🚀 LEVERAGE : 50x

📊 ENTRY PRICE...TP🟢0.0275

TP🟢0.0290

STOPLOSS 🔴0.0244

REACTIONS?",4be874ad750f5fefbc752b583342b4c4,2026-09-22T17:28:33+00:00,2026-09-22T19:20:51.508924+00:00,887,wolftradesupport5
1540361,20733,"#IOST $IOST LONG TRADE

ENTRY: 0.000917

TARGET: 0.001083

STOPLOSS: 0.0008885",d00d4f9ac543f03a0b26c6c59151698d,2026-09-22T19:57:01+00:00,2026-09-22T21:14:56.361668+00:00,887,wolftradesupport5
1540359,20732,"INJ

SHORT cmp

sl 9.019
tp 4.983",51a1f40450f3afe9cf4af6d43c5c657a,2026-09-22T19:57:01+00:00,2026-09-22T21:14:56.352947+00:00,887,wolftradesupport5
1554475,20786,"💥 Futures 

✅ Long

#LTC/USDT

Entry zone : 59.01 ... :56.5812

Leverage: 10x

B Y : B A N A N A  B O T",ea57c1acc15d6c483da3c590d2f41bb4,2026-09-23T07:06:54+00:00,2026-09-23T08:44:32.272383+00:00,887,wolftradesupport5
1559238,20811,"#CORE        /USDT (SHORT) 🔽🔽

⌛LEVERAGE : 20X TO ...9


💥Use only 1%margin of your total portfolio❤️😘😇",ac5e70c3c04575f27a98b47ec5311cc8,2026-09-23T09:34:46+00:00,2026-09-23T10:48:34.413520+00:00,887,wolftradesupport5
1559237,20809,"🔘 Coin : #SUPER/USDT 🔘

🔴 SHORT

🔺Entry🔻: 0.19651
... - 0.18078

♦️ StopLoss : 0.20388

🔱 Leverage: 25x",098b1c998e7b999cdb822a47ba72b970,2026-09-23T09:34:46+00:00,2026-09-23T10:48:34.396373+00:00,887,wolftradesupport5
1559234,20807,"Pair: #BCH/USDT

Short • (25X)

Entry
352.65

Targ...t your own risk. Always use proper risk management",f4df9feeb1df0e18d489a4410b3a28c3,2026-09-23T09:34:46+00:00,2026-09-23T10:48:34.359739+00:00,887,wolftradesupport5
1559233,20806,"#TAKE        /USDT (SHORT) 🔽🔽

⌛LEVERAGE : 20X TO ...3


💥Use only 1%margin of your total portfolio❤️😘😇",81d518cafd29863155c352610dba5a37,2026-09-23T09:34:46+00:00,2026-09-23T10:48:34.231510+00:00,887,wolftradesupport5
1559232,20805,"#TAKE  USDT — BUY (LONG) 
🎉
🟢 Leverage: Cross  25x...Stop Loss: 0.15000

🔽 Risk Management:

 REACTS !!",42e86a5b826eb0d6df8b8389c24a7b1f,2026-09-23T09:34:46+00:00,2026-09-23T10:48:34.220121+00:00,887,wolftradesupport5
1559230,20803,"⭐️#PENGU/USDT  LONG 

🛡Leverage : Cross 25x50

‼️E...009973

Use only 3% - 5% amount of your portfolio🛍",f67f0bcf484c3de7902522390bffc2f1,2026-09-23T09:34:46+00:00,2026-09-23T10:48:34.215407+00:00,887,wolftradesupport5
1559223,20795,"$BTC LONG🟢 (25x Lev) 

Entry -  86200$

Targets

1...00$
3)87300$

SL- 85850$

Scalp With Very Small SL",5fd554ea55b37cd2702266c6028ed42b,2026-09-23T09:32:01+00:00,2026-09-23T10:48:33.877635+00:00,887,wolftradesupport5
1559222,20794,"#MET/USDT 🟢 LONG

📍 Entry Zone: 0.34839 – 0.36261
...n: LONG

⚠️ Manage your risk and trade responsibly",d28d1c19e05b385c4bb64a32c3558f84,2026-09-23T09:32:01+00:00,2026-09-23T10:48:33.864426+00:00,887,wolftradesupport5
1559220,20793,"🚨 #BCH/USDT | SHORT

⚡Leverage: Cross 20x

🎯Entry ... follow the signal and secure profits at targets.💎",46681e63e4ca2aeb6e1925c3d905bcea,2026-09-23T09:32:01+00:00,2026-09-23T10:48:33.852388+00:00,887,wolftradesupport5
1559219,20792,"🚨 #ONE/USDT | SHORT

⚡Leverage: Cross 20x

🎯Entry ... follow the signal and secure profits at targets.💎",fbc603e7f82c075450efd83cf6f660bd,2026-09-23T09:32:01+00:00,2026-09-23T10:48:33.790030+00:00,887,wolftradesupport5
1563362,20831,"🚀 #USUSDT LONG SIGNAL 🚀
⚡️ LEVERAGE 50X–75X

📌 ENT...tch this move together!
🔓 Trade Smart • Trade Safe",bba28fc0b4df0de1ae413c9adb3b8980,2026-09-23T12:16:29+00:00,2026-09-23T13:01:38.430047+00:00,887,wolftradesupport5
1563361,20830,"PENGU/USDT

SHORT SHORT SHORT 

OPEN MARKET PRICE ...450
TP 0.010360
TP 0.010270

SL  0.011900

LEV 10X",7d7e68af73c27d2b574c0bf166ee65a0,2026-09-23T12:16:29+00:00,2026-09-23T13:01:38.387996+00:00,887,wolftradesupport5
1563357,20825,"👑 #MET/USDT — TRADE LONG

LEVERAGE 25X TO 50X

✅ E...0

⛔️ STOP LOSS: 0.3680

⚡️ NO FEAR — JUST PROFITS",64e75a6315b965c87665db554fcbcb9f,2026-09-23T12:16:05+00:00,2026-09-23T13:01:38.281608+00:00,887,wolftradesupport5
1563356,20823,"↗️ LONG #BCH 75x

📌 Entry: 361

🎯 TP1: 365
💵 TP2: ...t Usage: 1-3%
⚠️ According to your risk management",181335103a749b99baeabdb258c8ec93,2026-09-23T12:16:05+00:00,2026-09-23T13:01:38.137167+00:00,887,wolftradesupport5
1563353,20824,"🔰 PAIR: GUN/ USDT 💹

🟢Position: LONG🚀

☑️ Entry Zo...0.00318
🥈 0.00324
🥉 0.00340

❌ Stop Loss: 🔴0.00303",14f00d8df5fe681374a74817e8267769,2026-09-23T12:16:05+00:00,2026-09-23T13:01:38.122758+00:00,887,wolftradesupport5
1563352,20819,"🟢 LONG $HYPE/USDT | Cross 20X 

✅ Entry: 96

🎯 TP: 97.50  - 99.20 -  102

🛑 SL: 92",fb8846fa4d425fcd8b16f1940b81c2df,2026-09-23T12:16:05+00:00,2026-09-23T13:01:38.101686+00:00,887,wolftradesupport5
1566496,20850,"➡️ #SAGA      /USDT (LONG) 🔼🔼

⌛LEVERAGE : 20X TO ...0


💥Use only 1%margin of your total portfolio❤️😘😇",f30e36c9fdc5725b17f69b74637b5f20,2026-09-23T14:29:05+00:00,2026-09-23T15:00:21.637266+00:00,887,wolftradesupport5
1566495,20848,"Pair: #FIL/USDT

Long • (25X)

Entry
1.0235 - 1.01...t your own risk. Always use proper risk management",63288bb33e1b8e55bdb2ac7bc4488d7f,2026-09-23T14:29:05+00:00,2026-09-23T15:00:21.617838+00:00,887,wolftradesupport5
1566494,20849,"📉 SHORT #MET/USDT 

🚀 LEVERAGE : 50x

📊 ENTRY PRIC...4

TP🟢0.360

TP🟢0.340

STOPLOSS 🔴0.403

REACTIONS?",66bb7f825e19abaf722b92a47e1baa6f,2026-09-23T14:29:05+00:00,2026-09-23T15:00:21.616534+00:00,887,wolftradesupport5
1566488,20841,"✨FIL/USDT

🎗 Trade Type = LONG 🟢

⭐️ Leverage :- 2...[ 1.0354, 1.0451, 1.0569, 1.0683, 1.0771, 1.0894 ]",9c550ca1e57d17feafd5618fa6618319,2026-09-23T14:28:40+00:00,2026-09-23T15:00:21.427028+00:00,887,wolftradesupport5
1566487,20840,"#SAGA/USDT now at current market price (Spot + Fut...$0.0526
2. $0.0567
3. $0.0615

Stop loss : $0.0429",2cabccde922ebe11dd684b13d3a3acda,2026-09-23T14:28:40+00:00,2026-09-23T15:00:21.426315+00:00,887,wolftradesupport5
1566484,20837,"#ONE  USDT — SELL (SHORT) 
🎉
🟢 Leverage: Cross  25...top Loss: 0.0035000

🔽 Risk Management:

 REACTION",4f0052e3498713d4ab920d4c7cbcb0ec,2026-09-23T14:28:39+00:00,2026-09-23T15:00:21.217063+00:00,887,wolftradesupport5
1566482,20835,"🚀 SHORT: $ONE/USDT
LEVERAGE: 50x

✔️ENTRY PRICE: 0...002850-0.002600

STOP LOSS:  0.003200


REACTIONS?",63d7959b2144c58a510c8ce1fc23b3a0,2026-09-23T14:28:39+00:00,2026-09-23T15:00:21.208840+00:00,887,wolftradesupport5
1559241,20813,"👑My Coin: $PENGU/USDT
👀Looking for SHORT

🌟0.01081...I Will Set: 0.011199
°°°°°°°°°°°°°° As my stoploss",4d1e37576db0f7cec9df4aaf6523a84a,2026-09-23T09:34:46+00:00,2026-09-23T10:48:34.568935+00:00,887,wolftradesupport5
1559239,20812,"🪙#B2/USDT

🚩POSITION — SHORT

🔒  LEVERAGE — 20X75
...🥈: 0.4600
TP🥉: 0.4420

⛔️ SL: 0.5200

🔥REACTIONS?😜",50db07619e1363e33f5f4176c0dc7b3c,2026-09-23T09:34:46+00:00,2026-09-23T10:48:34.554733+00:00,887,wolftradesupport5
1559236,20810,"🟢 Long

#BTC/USDT

Entry : 

1) 85868.60
2) 83292....3.31

🛑 Stop : 80458.87

Leverage : 10x (isolated)",3b1df33124cb838119310ac38167eb84,2026-09-23T09:34:46+00:00,2026-09-23T10:48:34.388641+00:00,887,wolftradesupport5
1559235,20808,"🚀 LONG: $SUPER/USDT
LEVERAGE: 50x

✔️ENTRY PRICE: ...2030-0.2100-0.2280

STOP LOSS:  0.1850

REACTIONS?",f6e414607482bd661acacbbe73a35893,2026-09-23T09:34:46+00:00,2026-09-23T10:48:34.364944+00:00,887,wolftradesupport5
1559231,20804,"#B2/USDT SHORT NOW 📉
🏠ENTRY: ( 0.4748 )",47294056161cef81830d11a71109aa50,2026-09-23T09:34:46+00:00,2026-09-23T10:48:34.217629+00:00,887,wolftradesupport5
1559224,20797,"✅ Long

#DOT/USDT

Entry zone : 1.141108 - 1.17640...87569
1.322685

Stop loss :1.094052

Leverage: 10x",73dda60e4702a617135e452b36ba5d90,2026-09-23T09:32:01+00:00,2026-09-23T10:48:34.002387+00:00,887,wolftradesupport5
1559221,20796,"✅ Long

Pair: #THETA/USDT

📊 Entry Price: 

1) 0.2...94
4) 0.2442

Stop Loss: 0.2141

Leverage: 10x-20x",93542362a72c34c8ae167f5312ea3ac3,2026-09-23T09:32:01+00:00,2026-09-23T10:48:33.861587+00:00,887,wolftradesupport5
1559217,20791,"⭐️#NIL/USDT  LONG 

🛡Leverage : Cross 25x50

‼️Ent....09134

Use only 3% - 5% amount of your portfolio🛍",bc956c5f8f648a97880058d50c041f62,2026-09-23T09:32:01+00:00,2026-09-23T10:48:33.664950+00:00,887,wolftradesupport5
1559215,20788,"⭐ NIL /USDT — LONG

💵 ENTRY:0.10900-0.10500

⚙️ LE...o

📌 Follow the setup and manage your risk wisely.",6ff3efe94be84030ef1e50c349d28d46,2026-09-23T09:32:01+00:00,2026-09-23T10:48:33.662972+00:00,887,wolftradesupport5
1559214,20787,"#NIL USDT — BUY (SHORT) 
🎉
🟢 Leverage: Cross  25x
...Stop Loss: 0.08900

🔽 Risk Management:

 REACTS !!",21d879eaf6694379a4291945a2762aba,2026-09-23T09:32:01+00:00,2026-09-23T10:48:33.631683+00:00,887,wolftradesupport5
1315962,19740,"#SENTUSDT — BUY (LONG) 
🎉
🟢 Leverage: Cross  20x50...Risk Management:
Use only 2%– 3%of your portfolio.",e4564dd7fe9df429ff249b3d739ae329,2026-09-15T16:38:17+00:00,2026-09-15T16:53:36.014710+00:00,887,wolftradesupport5
1315960,19744,"👑 #AIN /USDT — TRADE LONG

LEVERAGE 25X TO 50X

👌 ...0

⛔️ STOP LOSS: 0.1730

⚡️ NO FEAR — JUST PROFITS",b1e89bd9998bd60cbf5acaadb25d0019,2026-09-15T16:38:17+00:00,2026-09-15T16:53:36.010534+00:00,887,wolftradesupport5
1315959,19741,IDOLUSDT LONG NOW,48116cf2102391b6727c07a588de3cec,2026-09-15T16:38:17+00:00,2026-09-15T16:53:36.006511+00:00,887,wolftradesupport5
1315958,19745,"#AIN/USDT LONG   

👉Leverage : Cross 10× To 30×

E...
1)  0.188
2)  0.196
3)  0.216

⭕Stoploss : 0.1730",3def1efba6f20ad028d5b68d50e608a4,2026-09-15T16:38:17+00:00,2026-09-15T16:53:36.001047+00:00,887,wolftradesupport5
1315956,19743,"📈 LONG #IDOL/USDT 

🚀 LEVERAGE : 50x

📊 ENTRY PRIC...TP🟢0.0120

TP🟢0.0125

STOPLOSS 🔴0.0106

REACTIONS?",307c0cffe9c344a877e4dac306af6f00,2026-09-15T16:38:17+00:00,2026-09-15T16:53:35.994074+00:00,887,wolftradesupport5
1315955,19742,"⭐️$IDOL/USDT  LONG

🛡Leverage : Cross 25x50

‼️Ent....01029

Use only 3% - 5% amount of your portfolio🛍",8e5c6063ba5fabc84f8dc28d371969e7,2026-09-15T16:38:17+00:00,2026-09-15T16:53:35.969209+00:00,887,wolftradesupport5
1572410,20874,"✨XLM/USDT

🎗 Trade Type = SHORT 🔴

⭐️ Leverage :- ...075, 0.19871, 0.19659, 0.19472, 0.19234, 0.19028 ]",29a7b6cb37491c3bacfd074414e90258,2026-09-23T18:46:58+00:00,2026-09-23T19:07:42.519345+00:00,887,wolftradesupport5
1572409,20872,"$ONDOUSDT

SHORT

RR : 2

LEVERAGE : 15x

ENTRY : ...216

TAKE PROFITS 👇

1️⃣ 0.3925

STOPLOSS : 0.4358",cf3c0b8cacc9a3fb6c3673f5041ce29a,2026-09-23T18:46:58+00:00,2026-09-23T19:07:42.476030+00:00,887,wolftradesupport5
1572407,20870,SHORT META 0.3480,2958778930f765d87895834247ad5933,2026-09-23T18:46:58+00:00,2026-09-23T19:07:42.446630+00:00,887,wolftradesupport5
1572400,20861,"$ONDOUSDT

SHORT

RR : 2

LEVERAGE : 15x

ENTRY : ...216

TAKE PROFITS 👇

1️⃣ 0.3925

STOPLOSS : 0.4358",cf3c0b8cacc9a3fb6c3673f5041ce29a,2026-09-23T18:46:20+00:00,2026-09-23T19:07:42.059699+00:00,887,wolftradesupport5
1572399,20860,"KAIAUSDTUSDT  
Exchanges: BINGX 

🟢 Long
Leverage-....03560000
6) 0.03620000
7) 🚀🚀🚀 

⛔️ SL:
0.03220000",91252a41b5d03dfe4c85f39cc49e45b6,2026-09-23T18:46:20+00:00,2026-09-23T19:07:42.057795+00:00,887,wolftradesupport5
1587024,20890,"⌛#LINK/USDT  ( LONG )

🍁 Leverage 👉 20X to 25X 

⛩...54 | 12.879 | 13.009 | 13.155

🔕 Stoploss = 12.028",fa3b0d56e441b194a834c4cd1e0fb676,2026-09-24T06:28:46+00:00,2026-09-24T08:53:32.116387+00:00,887,wolftradesupport5
1587023,20889,"#PENGU $PENGU LONG TRADE

ENTRY: 0.00994

TARGET: 0.01185

STOPLOSS: 0.009685",91bb6f117fd6fbbad1d64c6b28a9ebbb,2026-09-24T06:28:46+00:00,2026-09-24T08:53:32.106960+00:00,887,wolftradesupport5
1587022,20888,"📊 Let’s SHORT #ONE/USDT

💥 Leverage:  Cross 20×  -....00234
2) 0.00217
3) 0.00200

🔖 Stop Loss: 0.00253",db3e60f879e51920994e6cc51b0aac8f,2026-09-24T06:28:46+00:00,2026-09-24T08:53:32.014739+00:00,887,wolftradesupport5
1590915,20980,"📊 Let’s LONG #NOM/USDT

💥 Leverage:  Cross 20×  - ....00265
2) 0.00276
3) 0.00298

🔖 Stop Loss: 0.00242",8b1e3e8b1edc30412693458f276dd0c6,2026-09-24T10:54:06+00:00,2026-09-24T11:05:03.531863+00:00,887,wolftradesupport5
1590913,20979,"📊 #TUT/USDT

🟢 POSITION: LONG

💰 ENTRY RANGE
➤ 0.0...➤ 0.0210

━━━━━━━━━━━━━━━━━━

✅ Manage risk wisely",697f69f7caffb47573afec00c8123ddd,2026-09-24T10:54:06+00:00,2026-09-24T11:05:03.521526+00:00,887,wolftradesupport5
1590912,20978,"#LSK/USDT LONG   

👉Leverage : Cross 10× To 30×

E...
1)  0.413
2)  0.525
3)  0.450

⭕Stop Loss : 0.379",eb20eae6973c752801e21eba538dfa0b,2026-09-24T10:54:06+00:00,2026-09-24T11:05:03.398690+00:00,887,wolftradesupport5
1590911,20977,"✨BCH/USDT

🎗 Trade Type = SHORT 🔴

⭐️ Leverage :- ...[ 323.96, 320.32, 316.86, 314.38, 310.37, 306.42 ]",14ef7c99e10a5b2b7c4f478be5992472,2026-09-24T10:54:06+00:00,2026-09-24T11:05:03.336906+00:00,887,wolftradesupport5
1590910,20975,"👑 #LSK/USDT — TRADE LONG

LEVERAGE 25X TO 50X

✅ E...0

⛔️ STOP LOSS: 0.3790

⚡️ NO FEAR — JUST PROFITS",eeb1fd304dcd5cc14a536270a9ea18b0,2026-09-24T10:54:06+00:00,2026-09-24T11:05:03.331704+00:00,887,wolftradesupport5
1590909,20976,"👑 #NOM/USDT — TRADE LONG

LEVERAGE 25X TO 50X

✅ E...
⛔️ STOP LOSS: 0.002420

⚡️ NO FEAR — JUST PROFITS",4fd9baa41d0ee0ff44f347b72777f897,2026-09-24T10:54:06+00:00,2026-09-24T11:05:03.328298+00:00,887,wolftradesupport5
1590908,20974,"#NIL/ USDT — BUY (LONG) 
Leverage: Cross 25x – 50x...T IS KEY
👉 Use ONLY 2 – 3% of your total portfolio",26f6a29ffd934988dd4189e3044a2fb9,2026-09-24T10:54:06+00:00,2026-09-24T11:05:03.321193+00:00,887,wolftradesupport5
1590907,20973,"🔰 PAIR: ETH/ USDT 💹

🔴Position: SHORT🚀

☑️ Entry Z... Targets:
🥇 2652
🥈 2642
🥉 2625

❌ Stop Loss: 🔴2695",759d8074e733d94f765cbfcf0b4b4d99,2026-09-24T10:54:06+00:00,2026-09-24T11:05:03.207759+00:00,887,wolftradesupport5
1590906,20972,"Use only 2% Funds

#SUI/USDT (SHORT)

Entry 1 = 0....Profit
T.P 3 = 1000% Profit 

🔴Stop loss at 1.0400",db710f34d3c88b77fa68684f3b27021d,2026-09-24T10:54:06+00:00,2026-09-24T11:05:03.124735+00:00,887,wolftradesupport5
1590905,20971,"Pair: #BCH/USDT

Short • (25X)

Entry
329.00

Targ...t your own risk. Always use proper risk management",6d08dc431296e8a267d944a0bb6986bd,2026-09-24T10:54:06+00:00,2026-09-24T11:05:03.074580+00:00,887,wolftradesupport5
1590903,20970,"💰#LSK / USDT👑

💎Setup Type: Strong LONG  🔖Opportun...TP ➝ 0.50000

4️⃣TP ➝ 0.60000

🚫Stop Loss: 0.32000",26362be2796b2fd4ffd9886cb0b30e1f,2026-09-24T10:54:06+00:00,2026-09-24T11:05:03.072019+00:00,887,wolftradesupport5
1590902,20968,"⭐️#NIL/USDT  SHORT

🛡Leverage : Cross 25x50

‼️Ent....14973

Use only 3% - 5% amount of your portfolio🛍",8effc32465d9cf705598ff8b60519068,2026-09-24T10:54:06+00:00,2026-09-24T11:05:03.009470+00:00,887,wolftradesupport5
1590901,20967,NILUSDT SHORT NOW,50b69475e0b68b33dd522650a4c940b3,2026-09-24T10:54:06+00:00,2026-09-24T11:05:02.875353+00:00,887,wolftradesupport5
1590900,20966,"⭐️#LSK/USDT  LONG 

🛡Leverage : Cross 25x50

‼️Ent....36326

Use only 3% - 5% amount of your portfolio🛍",0ea05f12806726096de5ec146215b1ad,2026-09-24T10:54:06+00:00,2026-09-24T11:05:02.868686+00:00,887,wolftradesupport5
1590895,20960,"#CYS  USDT — BUY (LONG) 
🎉
🟢 Leverage: Cross  30x
...⛔️Stop Loss: 0.1600

🔽 Risk Management:

 REACTION",e07c9462d729fe9b718c491b16db88f7,2026-09-24T10:53:39+00:00,2026-09-24T11:05:02.667186+00:00,887,wolftradesupport5
1590894,20959,"BTC / USDT 

SHORT SHORT SHORT 

IST ENTRY AT MARKET PRICE 

TP 82900

20x Leverage 

SL 85000",4d7d8085c6555ccc6438b9f9659ce45e,2026-09-24T10:53:39+00:00,2026-09-24T11:05:02.648802+00:00,887,wolftradesupport5
1590892,20957,"⭐ CYS /USDT — LONG

💵 ENTRY:0.1850-0.1700

⚙️ LEVE...o

📌 Follow the setup and manage your risk wisely.",d50ca8b2de38986b95ec7d2e7adf9a47,2026-09-24T10:07:32+00:00,2026-09-24T11:05:02.614386+00:00,887,wolftradesupport5
1590891,20956,"🔴 SHORT

#DASH/USDT

Entry zone : 63.11 - 61.28

T....27
55.42
53.58

Stop loss :65.5696

Leverage: 10x",1335750f2ee2cc00221afd3102f0b957,2026-09-24T10:07:32+00:00,2026-09-24T11:05:02.479155+00:00,887,wolftradesupport5
1590890,20955,"🌹 #FOLKS/USDT

🟢 LONG

✅ Entry: 2.487- 2.432

❌ St...l advice.
💰 Stay disciplined. Protect your capital",8973870649f3c5118576badfe29f2e0c,2026-09-24T10:07:32+00:00,2026-09-24T11:05:02.462490+00:00,887,wolftradesupport5
1590889,20954,"🔴 Short

Pair: #ETC/USDT

📊 Entry Price: 

1) 9.60....144
4) 8.941

Stop Loss: 10.21

Leverage: 10x-20x",2ec8f6ce72c9ea91bf37a91afedee4c8,2026-09-24T10:07:32+00:00,2026-09-24T11:05:02.419409+00:00,887,wolftradesupport5
1590888,20953,"🔴 SHORT

#BAT/USDT

Entry : 

1) 0.091780
2) 0.094...5430

🛑 Stop : 0.097562

Leverage : 10x (isolated)",170d171f574ccdbe22d8dad6842b79ef,2026-09-24T10:07:32+00:00,2026-09-24T11:05:02.404522+00:00,887,wolftradesupport5
1590886,20949,"ETH / USDT/ LONG
Entry at market price 

Cross || ...only 1% of your wallet. 
Manage your risk properly",8cac514bcef347b3484bf8d0c52c3761,2026-09-24T10:07:31+00:00,2026-09-24T11:05:02.244744+00:00,887,wolftradesupport5
1590885,20948,"🪙#SUPER/USDT

🚩POSITION — SHORT

🔒  LEVERAGE — 20X...0.15400
TP🥉: 0.14200

⛔️ SL: 0.20500

🔥REACTIONS?😜",db535c9651ccc0da98b9c0ffbc3ab592,2026-09-24T10:07:31+00:00,2026-09-24T11:05:02.190617+00:00,887,wolftradesupport5
1590884,20947,"#SUPER/USDT SHORT NOW 📉
🏠ENTRY: ( 0.17107 )",3092f4767b11b491cdddc9ac7c7f1cfa,2026-09-24T10:07:31+00:00,2026-09-24T11:05:02.176415+00:00,887,wolftradesupport5
1590883,20946,"🚨 #LSK/USDT | SHORT

⚡Leverage: Cross 20x

🎯Entry ... follow the signal and secure profits at targets.💎",0065ee7b57704bcb23bcc1a08363d54d,2026-09-24T10:07:31+00:00,2026-09-24T11:05:02.148842+00:00,887,wolftradesupport5
1590882,20945,"💰#CYS / USDT👑

💎Setup Type: Strong LONG  🔖Opportun...

🥉TP ➝ 0.2200

4️⃣TP ➝ 0.3000

🚫Stop Loss: 0.1550",f375b0daeb7f40f16a56bd16ee97bdc7,2026-09-24T10:07:31+00:00,2026-09-24T11:05:02.089571+00:00,887,wolftradesupport5
1590880,20943,"⭐ BLESS /USDT — LONG

💵 ENTRY:0.01000-0.090000

⚙️...o

📌 Follow the setup and manage your risk wisely.",73d3bc968a797633090330940a6f803a,2026-09-24T10:07:31+00:00,2026-09-24T11:05:01.970866+00:00,887,wolftradesupport5
1590878,20941,"Quick Scalping Trade 🟢
B2 USDT
Long 
Market Price 
Target 🎯 
0.5300
0.5400
0.5500

Sl
0.50000",e774c0465ec93a180b75037c7101f00f,2026-09-24T10:07:31+00:00,2026-09-24T11:05:01.875875+00:00,887,wolftradesupport5
1590876,20939,"NIL/USDT 

Position: LONG

Leverage: 10X To 25X 

...ss: 0.117

High volatile token so use low margin 🤝",99ef145d34dd0a73f24fe92ed9cf3e57,2026-09-24T10:07:31+00:00,2026-09-24T11:05:01.744995+00:00,887,wolftradesupport5
1593991,20997,"🟢 Long

#XRP/USDT

Entry : 

1) 1.4667
2) 1.4226

...1.5670

🛑 Stop : 1.3742

Leverage : 10x (isolated)",2644c69a0d676dde6b21a5731b52fc62,2026-09-24T11:41:53+00:00,2026-09-24T13:14:30.536884+00:00,887,wolftradesupport5
1593990,20996,"✅ Long

#QTUM/USDT

Entry zone : 0.923052 - 0.9516...41526
1.069931

Stop loss :0.884988

Leverage: 10x",f79ad52ca2b330e137474c38fd42cb84,2026-09-24T11:41:53+00:00,2026-09-24T13:14:30.496885+00:00,887,wolftradesupport5
1593989,20995,"👑My Coin: $NOM/USDT
👀Looking for LONG

🌟0.002415 W...I Will Set: 0.002324
°°°°°°°°°°°°°° As my stoploss",1d2d440a79ae224924ff6be36a81add1,2026-09-24T11:41:53+00:00,2026-09-24T13:14:30.367544+00:00,887,wolftradesupport5
1593987,20993,"🚀 LONG: $NIL/USDT
LEVERAGE: 50x

✔️ENTRY PRICE: 0....1340-0.1400-0.1500

STOP LOSS:  0.1235

REACTIONS?",a1165db0513db3d99e488025edf886b3,2026-09-24T11:41:53+00:00,2026-09-24T13:14:30.363675+00:00,887,wolftradesupport5
1593985,20992,"TRUMPUSDTUSDT  
Exchanges: BINGX 

🟢 Short
Leverag... 1.91
4) 1.88
5) 1.83
6) 1.79
7) 🚀🚀🚀 

⛔️ SL:
2.08",48eebef89edc0d29122169f5c059cdbe,2026-09-24T11:41:53+00:00,2026-09-24T13:14:30.348658+00:00,887,wolftradesupport5
1605448,21032,"🌹 #NOM/USDT

🔴SHORT

✅ Entry: 0.00223- 0.00228

❌ ...l advice.
💰 Stay disciplined. Protect your capital",18688cdb61518568f96fb9104ac4dc7d,2026-09-24T20:13:57+00:00,2026-09-24T21:09:36.370183+00:00,887,wolftradesupport5
1605447,21031,"↗️ LONG #LSK 50x

📌 Entry: 0.43200

🎯 TP: 0.44200
...t Usage: 1-3%
⚠️ According to your risk management",029955faab27e677e672e9ace672c291,2026-09-24T20:13:57+00:00,2026-09-24T21:09:36.344713+00:00,887,wolftradesupport5
1605446,21030,"📉 SHORT #LSK 50x

📌 Entry: 0.43400

🎯 TP: 0.42200
...t Usage: 1-3%
⚠️ According to your risk management",511898d7172d9c9e2607c0e424179490,2026-09-24T20:13:57+00:00,2026-09-24T21:09:36.332658+00:00,887,wolftradesupport5
1605441,21017,"#ETH

ETH is forming a consolidation below the res...61
🚀 Targets: 2634 / 2576 / 2478
📉 Stop Loss: 2751",bcba26315133d72f6c48d89eb58b392e,2026-09-24T20:13:56+00:00,2026-09-24T21:09:36.150930+00:00,887,wolftradesupport5
