id,external_id,message_preview,hash,published_at,created_at,source_id,source_name
1127830,34898,"SUSHIUSDTUSDT  
Exchanges: BINGX 

🟢 Long
Leverage...4) 1.26
5) 1.36
6) 1.47
7) 🚀🚀🚀 

⛔️ SL:
0.22250000",5dc155423459bab441f9efb2c203ca50,2026-09-06T07:28:36+00:00,2026-09-06T07:28:42.133456+00:00,970,crypto_futuresking
1130913,34926,"📈 LONG #FLOCK/USDT

🚀 LEVERAGE : 50x

📊 ENTRY PRIC...P🟢0.0850

TP🟢0.0900

STOPLOSS 🔴0.0750


REACTIONS?",e01890facf6abe0646ad30634080d414,2026-09-06T08:53:14+00:00,2026-09-06T08:54:57.116967+00:00,970,crypto_futuresking
1130888,34925,"🔰 PAIR: SUI/ USDT 💹

🟢Position: LONG🚀

☑️ Entry Zo...:
🥇 0.7950
🥈 0.7991
🥉 0.8072

❌ Stop Loss: 🔴0.7800",905c76aca28b3cd07b3b8a7d080a3c41,2026-09-06T08:53:14+00:00,2026-09-06T08:54:56.793772+00:00,970,crypto_futuresking
1130890,34921,"📊 #SOLV/USDT

🟢 POSITION: LONG

💰 ENTRY RANGE
➤ 0....➤ 0.0031

━━━━━━━━━━━━━━━━━━

✅ Manage risk wisely",c260a307801fa5935a0eef6b74e27d7c,2026-09-06T08:41:08+00:00,2026-09-06T08:54:56.820466+00:00,970,crypto_futuresking
1130891,34918,"⭐️$ARB/USDT  LONG

🛡Leverage : Cross 25x50

‼️Entr....16500

Use only 3% - 5% amount of your portfolio🛍",1647b16d6f90b12635bbd5bfd24f1024,2026-09-06T08:31:09+00:00,2026-09-06T08:54:56.816347+00:00,970,crypto_futuresking
1130901,34914,"✅ Long

#BNB/USDT

Entry zone : 733.300 - 755.980
...27.420
849.986

Stop loss :703.0614

Leverage: 10x",2ceffcfb967cfbc6075dcec99a9ba499,2026-09-06T08:17:12+00:00,2026-09-06T08:54:57.004619+00:00,970,crypto_futuresking
1130884,34913,"✅ Long

#BNB/USDT

Entry zone : 733.300 - 755.980
...27.420
849.986

Stop loss :703.0614

Leverage: 10x",2ceffcfb967cfbc6075dcec99a9ba499,2026-09-06T08:17:12+00:00,2026-09-06T08:54:56.761872+00:00,970,crypto_futuresking
1130892,34908,"📊 Let’s LONG #MET/USDT

💥 Leverage:  Cross 20×  - ...gets: 

1) 0.22
2) 0.25
3) 0.29

🔖 Stop Loss: 0.18",eaea177339db99de6dd4dad3cd5363ef,2026-09-06T08:07:32+00:00,2026-09-06T08:54:56.843668+00:00,970,crypto_futuresking
1130886,34909,"DASH/USDT

SHORT SHORT SHORT 

OPEN MARKET PRICE 
...9.30
TP 69.00
TP 68.80
TP 68.40

SL 74.55

LEV 32X",4930ac585ede50b2cb5f81a4c020e673,2026-09-06T08:07:32+00:00,2026-09-06T08:54:56.773765+00:00,970,crypto_futuresking
1130879,34905,"⚡ #EIGEN/USDT

📤 Long 

💹 Buy: 0.2096 - 0.2040

🧿 ...200 - 0.2222

🧨 StopLoss: 0.2000 

🔘 Leverage: 20x",a32343c10e3fdb6d70cbbc1a575d4b69,2026-09-06T08:00:25+00:00,2026-09-06T08:54:56.389650+00:00,970,crypto_futuresking
1130878,34904,"✅ Long

Pair: #LTC/USDT

📊 Entry Price: 

1) 53.82...6.37
4) 57.50

Stop Loss: 50.42

Leverage: 10x-20x",0f8a95d02a770c1803f34ca1a4f8ca25,2026-09-06T08:00:25+00:00,2026-09-06T08:54:56.339063+00:00,970,crypto_futuresking
1134670,34978,"ARB/ USDT/ SHORT
Entry at market price 

Cross || ...only 1% of your wallet. 
Manage your risk properly",70d9769d388016fae7f561a9c52f0dc6,2026-09-06T11:31:20+00:00,2026-09-06T11:36:24.451469+00:00,970,crypto_futuresking
1134669,34977,"📇 Setup: JUP/USDT 

LONG Trade 🛫

✔️ Leverage : 75...t 1 •0.2820
💰 Target 2 • 0.2870
💰 Target3 • 0.2928",30bae56b40bd865651f814fd7873f43d,2026-09-06T11:31:17+00:00,2026-09-06T11:36:24.450045+00:00,970,crypto_futuresking
1134666,34969,"#XAN  USDT — BUY (LONG) 
🎉
🟢 Leverage: Cross  20x5...Risk Management:
Use only 2%– 3%of your portfolio.",0fda496d9212cdea21d707d2f0165474,2026-09-06T11:03:17+00:00,2026-09-06T11:36:24.429543+00:00,970,crypto_futuresking
1134679,34963,"✨LTC/USDT

🎗 Trade Type = LONG 🟢

⭐️ Leverage :- 2...fit = [ 54.77, 55.27, 55.90, 56.36, 57.00, 57.61 ]",641732a6359a7436c3c41d350d945fad,2026-09-06T10:51:18+00:00,2026-09-06T11:36:24.531313+00:00,970,crypto_futuresking
1134682,34961,"COIN: #NAORIS/USDT (LONG) SETUP

📊 Leverage 25x to...ENT IS KEY
Use only 1–2% of your capital per trade",e3426ae6e4c04caa16d3c847e1d46293,2026-09-06T10:40:34+00:00,2026-09-06T11:36:24.532434+00:00,970,crypto_futuresking
1134687,34957,"🚀 LONG: $UAI/USDT
LEVERAGE: 50x

✔️ENTRY PRICE: 0....500-0.5700-0.5900

STOP LOSS:  0.5180


REACTIONS?",29ea20112917d72f7006d7de497957cc,2026-09-06T10:40:31+00:00,2026-09-06T11:36:24.560203+00:00,970,crypto_futuresking
1134672,34958,"FLOCKUSDTUSDT  
Exchanges: BINGX 

🟢 Long
Leverage....09436000
6) 0.10191000
7) 🚀🚀🚀 

⛔️ SL:
0.06704000",4c6327a3ee4293b4a58103c299ba7889,2026-09-06T10:40:31+00:00,2026-09-06T11:36:24.460246+00:00,970,crypto_futuresking
1134685,34956,"🚀 LONG
TIA/USDT
ENTRY 0.3962

🚀 0.4226
🚀 0.4882
🚀 ...ROSS
🚨 STOPLOSS 0.3704
LEVRAGE 10x- 40x

1% WALLET",04b37582ffb9c53eb245ab3e8dc1a51a,2026-09-06T10:40:29+00:00,2026-09-06T11:36:24.546422+00:00,970,crypto_futuresking
1134692,34955,"⭐️$FLOCK/USDT  LONG

🛡Leverage : Cross 25x50

‼️En....06704

Use only 3% - 5% amount of your portfolio🛍",5f69a250ae2035b288768627ab773855,2026-09-06T10:40:25+00:00,2026-09-06T11:36:24.591573+00:00,970,crypto_futuresking
1134683,34948,"🔴 Short

Pair: #ZEC/USDT

📊 Entry Price: 

1) 1184...
4) 1102.40

Stop Loss: 1258.95

Leverage: 10x-20x",759662f7a8e3979d732221676e6e50d1,2026-09-06T09:57:49+00:00,2026-09-06T11:36:24.534305+00:00,970,crypto_futuresking
1134676,34942,"XRPUSDTUSDT  
Exchanges: BINGX 

🟢 Short
Leverage-... 1.38
4) 1.36
5) 1.32
6) 1.29
7) 🚀🚀🚀 

⛔️ SL:
1.50",51ee8d521969c07a8ea05c40aacc3b44,2026-09-06T09:25:55+00:00,2026-09-06T11:36:24.485815+00:00,970,crypto_futuresking
1134681,34941,"🔘 Coin : #AR/USDT 🔘

🟢 LONG

🔺Entry🔻: 3.009

⭐️ Ta....123 - 3.183

♦️ StopLoss : 2.904

🔱 Leverage: 25x",0fdff1bd9a7ca6f9604e8e6732d7c1b4,2026-09-06T09:25:54+00:00,2026-09-06T11:36:24.535065+00:00,970,crypto_futuresking
1134667,34939,"🚀 #AKT/USDT LONG SIGNAL 🚀
📍 Entry: 0.5563


🎯 Take... your risk, and let's catch this move together! 🪙🔥",d2ce73be29ffde0d53ccd98c137be69b,2026-09-06T09:25:53+00:00,2026-09-06T11:36:24.439788+00:00,970,crypto_futuresking
1134668,34936,AKT LONG 0.5563 TP1 0.5680,d11942e72e50db0f613e9544ad9e2aec,2026-09-06T09:25:52+00:00,2026-09-06T11:36:24.444681+00:00,970,crypto_futuresking
1134659,34932,"Long #ZEC 75x 1,190

Tp: 1,210",4cfb6a29f45f8e5c0f6071a09bd8dd53,2026-09-06T09:25:38+00:00,2026-09-06T11:36:23.990001+00:00,970,crypto_futuresking
1136365,35033,"#FLOCK/USDT SHORT     

👉Leverage : Cross 10× To 3...)  0.0717
2)  0.0697
3)  0.0650

⭕Stoploss : 0.077",5fe08c675cad26a1d4f8a27c82e8ecad,2026-09-06T13:26:05+00:00,2026-09-06T13:31:25.908586+00:00,970,crypto_futuresking
1136363,35031,"COIN: #FLOCK/USDT (SHORT) SETUP

📊 Leverage 25x to...ENT IS KEY
Use only 1–2% of your capital per trade",795cf02ae1d751e6b170903cb85401b4,2026-09-06T13:26:01+00:00,2026-09-06T13:31:25.893786+00:00,970,crypto_futuresking
1136383,35028,"#JUP /USDT BUY (LONG) 

⚡️Leverage : Cross 25x to ...02550

⚠️Use only 3% - 5% amount of your portfolio",5bbc9ba55e93042084e7f3c86c8ec948,2026-09-06T13:25:51+00:00,2026-09-06T13:31:26.085820+00:00,970,crypto_futuresking
1136393,35024,"➡️ #NAORIS    /USDT (SHORT) 🔽🔽

⌛LEVERAGE : 20X TO...0


💥Use only 1%margin of your total portfolio❤️😘😇",4f9a1013f651fec38ff7a816dc72b9f3,2026-09-06T13:17:47+00:00,2026-09-06T13:31:26.163277+00:00,970,crypto_futuresking
1136389,35023,"🚨 #ETH/USDT | LONG

⚡Leverage: Cross 200x

🎯Entry ... follow the signal and secure profits at targets.💎",1cf0234854b3d36b7017e8a23e203adb,2026-09-06T13:15:00+00:00,2026-09-06T13:31:26.126617+00:00,970,crypto_futuresking
1136358,35020,"🚨 #4/USDT | LONG

⚡Leverage: Cross 50x

🎯Entry Tar... follow the signal and secure profits at targets.💎",0ec441ff5b1a0fd209fa23873897785c,2026-09-06T13:04:18+00:00,2026-09-06T13:31:25.875242+00:00,970,crypto_futuresking
1136390,35017,"SOL/USDT My Short Trade Idea 💡

Leverage 100X

Ent....500

Stop Loss   107.500

Follow Money Management",8051f14b5d4fde49d2d7ff5bff3d660c,2026-09-06T13:02:05+00:00,2026-09-06T13:31:26.133999+00:00,970,crypto_futuresking
1136371,35016,"🔴 SHORT

#DOT/USDT

Entry : 

1) 0.974500
2) 1.003...7079

🛑 Stop : 1.035893

Leverage : 10x (isolated)",ce6388d965485951349c7c8b741f8821,2026-09-06T13:02:04+00:00,2026-09-06T13:31:25.966565+00:00,970,crypto_futuresking
1136364,35015,"SOL/USDT My Short Trade Idea 💡

Leverage 100X

Ent....500

Stop Loss   107.500

Follow Money Management",8051f14b5d4fde49d2d7ff5bff3d660c,2026-09-06T13:02:04+00:00,2026-09-06T13:31:25.896805+00:00,970,crypto_futuresking
1136353,35014,"SOLUSDTUSDT  
Exchanges: BINGX 

🟢 Short
Leverage-...4) 102.35
5) 99.15
6) 97.02
7) 🚀🚀🚀 

⛔️ SL:
113.01",2aa5d516109ca93ce88213f66f0dec95,2026-09-06T13:02:04+00:00,2026-09-06T13:31:25.820724+00:00,970,crypto_futuresking
1136380,35010,"💰#FLOCK / USDT👑

💎Setup Type: Strong SHORT  🔖Oppor...TP ➝ 0.06500

4️⃣TP ➝ 0.05500

🚫Stop Loss: 0.08000",cff08f97bab5426855d1acdc4177a672,2026-09-06T12:44:20+00:00,2026-09-06T13:31:26.054927+00:00,970,crypto_futuresking
1136381,35008,"🚩 SHORT #FLOCK/USDT

⚙️ 75X LEVERAGE

🛡 Entry: 0.0...: 0.07760
TP3: 0.07570

🛑 SL: 0.08550

🔥REACTIONS?",2d183bde95285e1936dcb242958314e5,2026-09-06T12:43:16+00:00,2026-09-06T13:31:26.057934+00:00,970,crypto_futuresking
1136369,35002,"📌Pair: FLOCK/USDT
Type: LONG 🟢
✔️Leverage:  (20X_1...92
2) 0.112
3) 0.135
4) 0.175

❌ STOP LOSS: 0.065❌",68cde7a9f908e21d85e86047c6488269,2026-09-06T12:42:18+00:00,2026-09-06T13:31:25.956109+00:00,970,crypto_futuresking
1136357,35006,"EXCHANGE/BYBIT/BITUNIX/OKX📌 


DAY TRADE 🏆

SHORT/...agement 🏆


Use only 5% of your 📈Available balance",f0389cb2b917c09a66b4baa9b10c2ff3,2026-09-06T12:42:18+00:00,2026-09-06T13:31:25.876025+00:00,970,crypto_futuresking
1136349,35005,"🚀 LONG: $METIS/USDT
LEVERAGE: 50x

✔️ENTRY PRICE: ...OFIT

3.39-3.52-3.80

STOP LOSS:  3.14

REACTIONS?",ab8c30b6697f53bcea6db26cf571aaf3,2026-09-06T12:42:18+00:00,2026-09-06T13:31:25.749797+00:00,970,crypto_futuresking
1136348,35003,"🚨 #FLOCK/USDT | SHORT

⚡Leverage: Cross 25x

🎯Entr... follow the signal and secure profits at targets.💎",a2a7bdfdc5d9366705999ba3013537e2,2026-09-06T12:42:18+00:00,2026-09-06T13:31:25.621358+00:00,970,crypto_futuresking
1136367,35000,"📇 Setup: XAN/USDT 

LONG Trade 🛫

✔️ Leverage : 75....017700
💰 Target 2 • 0.018300
💰 Target3 • 0.019800",123bf2c7539f5434d26dd848b9913572,2026-09-06T12:18:43+00:00,2026-09-06T13:31:25.919526+00:00,970,crypto_futuresking
1136350,34998,"🚩 SHORT #NAORIS/USDT

⚙️ 75X LEVERAGE

🛡 Entry: 0....: 0.03540
TP2: 0.03470
TP3: 0.03350

🛑 SL: 0.03950",68f1b37755cb3223c5223e54b1c5e58f,2026-09-06T12:17:13+00:00,2026-09-06T13:31:25.750849+00:00,970,crypto_futuresking
1136361,34997,"⭐️$NAORIS/USDT  LONG

🛡Leverage : Cross 25x50

‼️E....03322

Use only 3% - 5% amount of your portfolio🛍",08c141a36ef3f79f5358275dbe703690,2026-09-06T12:17:04+00:00,2026-09-06T13:31:25.891236+00:00,970,crypto_futuresking
1136352,34996,"#FLOCK   USDT — BUY (LONG) 
🎉
🟢 Leverage: Cross  5...Risk Management:
Use only 2%– 3%of your portfolio.",43443c641ef172766021f439f1d1d9cb,2026-09-06T12:17:04+00:00,2026-09-06T13:31:25.752898+00:00,970,crypto_futuresking
1136378,34989,"FLOCKUSDTUSDT  
Exchanges: BINGX 

🟢 Long
Leverage....10000000
6) 0.11000000
7) 🚀🚀🚀 

⛔️ SL:
0.06800000",54ebe7dd2c75a94e8003c16a6f5c384e,2026-09-06T11:58:22+00:00,2026-09-06T13:31:26.047637+00:00,970,crypto_futuresking
1136373,34987,"💰#FLOCK / USDT👑

💎Setup Type: Strong LONG  🔖Opport...TP ➝ 0.08700

4️⃣TP ➝ 0.09500

🚫Stop Loss: 0.07000",b1b2ca8ac2058bc80b3138f867b9e4f7,2026-09-06T11:57:30+00:00,2026-09-06T13:31:25.969216+00:00,970,crypto_futuresking
1136362,34988,"💫 Pair: SPX/USDT  💫

🔼 Direction: Long 🔼

✅ Levera...Take Profit: 0.6350 📈

⚠️ Stop Loss: 0.5400 ⚠️

📈📈",1094d7970014af6d8af03c35dc16cb39,2026-09-06T11:57:30+00:00,2026-09-06T13:31:25.890498+00:00,970,crypto_futuresking
1139753,35086,"COIN: #XAN/USDT (LONG) SETUP

📊 Leverage 25x to 50...ENT IS KEY
Use only 1–2% of your capital per trade",b876ca1226f13e2d7f3e6cb754785706,2026-09-06T15:00:33+00:00,2026-09-06T15:05:59.755171+00:00,970,crypto_futuresking
1139745,35081,"🚀 #ARB/USDT SHORT SIGNAL 🚀
📍 Entry: 0.1861


🎯 Tak... your risk, and let's catch this move together! 🪙🔥",0d91dee763b77db775197f9a59f56b92,2026-09-06T14:49:35+00:00,2026-09-06T15:05:59.687875+00:00,970,crypto_futuresking
1139749,35077,ARB SHORT 0.1861 TP1 0.1820,3d622a8f14732c79d7236064cd28ad55,2026-09-06T14:49:08+00:00,2026-09-06T15:05:59.707124+00:00,970,crypto_futuresking
1139734,35079,ARB SHORT 0.1861 TP1 0.1820,3d622a8f14732c79d7236064cd28ad55,2026-09-06T14:49:08+00:00,2026-09-06T15:05:59.614751+00:00,970,crypto_futuresking
1139754,35073,"🔴 Short

Pair: #KAVA/USDT

📊 Entry Price: 

1) 0.0...) 0.049044

Stop Loss: 0.056009

Leverage: 10x-20x",1f34df6df33c5a0cf6c65d41d8aac51f,2026-09-06T14:46:04+00:00,2026-09-06T15:05:59.756005+00:00,970,crypto_futuresking
1139743,35074,"KAVAUSDTUSDT  
Exchanges: BINGX 

🟢 Short
Leverage....04512000
6) 0.04151000
7) 🚀🚀🚀 

⛔️ SL:
0.05698350",e6a064292dcfda3ce4b705444ee27581,2026-09-06T14:46:04+00:00,2026-09-06T15:05:59.689905+00:00,970,crypto_futuresking
1139744,35059,"#XAN /USDT BUY (LONG) 

⚡️Leverage : Cross 25x to ...01700

⚠️Use only 3% - 5% amount of your portfolio",98ea3d643e82ad1199128beb41636635,2026-09-06T14:31:46+00:00,2026-09-06T15:05:59.691099+00:00,970,crypto_futuresking
1139750,35050,"🔴 SHORT

#BAT/USDT

Entry zone : 0.076044 - 0.0738...6779
0.064553

Stop loss :0.0789981

Leverage: 10x",b613b87e4777e532ba14a6f2ec328a8f,2026-09-06T14:12:55+00:00,2026-09-06T15:05:59.734969+00:00,970,crypto_futuresking
1139721,35043,"✨ASTER/USDT

🎗 Trade Type = SHORT 🔴

⭐️ Leverage :...[ 0.7686, 0.7606, 0.7525, 0.7449, 0.7353, 0.7256 ]",923a06e3fd98579c5cbe7be737e7ef4b,2026-09-06T13:54:56+00:00,2026-09-06T15:05:59.284317+00:00,970,crypto_futuresking
1139718,35041,"EXCHANGE/BYBIT/BITUNIX/OKX📌 


DAY TRADE 🏆

SHORT/...agement 🏆


Use only 5% of your 📈Available balance",f0389cb2b917c09a66b4baa9b10c2ff3,2026-09-06T13:46:20+00:00,2026-09-06T15:05:59.238786+00:00,970,crypto_futuresking
1139716,35039,"🚀 SHORT: $FLOCK/USDT
LEVERAGE: 50x

✔️ENTRY PRICE:...0-0.06400-0.06800

STOP LOSS:  0.07710

REACTIONS?",1f2cef8975af6a5e64979dbd0337ca86,2026-09-06T13:46:20+00:00,2026-09-06T15:05:59.204702+00:00,970,crypto_futuresking
1141116,35104,"INJUSDTUSDT  
Exchanges: BINGX 

🟢 Long
Leverage- ... 5.36
4) 5.43
5) 5.51
6) 5.60
7) 🚀🚀🚀 

⛔️ SL:
4.96",db2b439293296dec4d060c2ff4f0ca32,2026-09-06T16:16:27+00:00,2026-09-06T16:30:03.062710+00:00,970,crypto_futuresking
1141107,35101,"🚨 #UAI/USDT | LONG

⚡Leverage: Cross 25x

🎯Entry T... follow the signal and secure profits at targets.💎",59417903032908f81455d0d9985990f5,2026-09-06T16:13:03+00:00,2026-09-06T16:30:02.969438+00:00,970,crypto_futuresking
1141108,35102,"Coin #ZEC/USDT

Position: LONG 

Leverage:  Cross ...1138

Targets: 🎯 1197, 1245, 1319

Stop Loss: 1113",3a40ab77b12549bec9b4435ea9ce9f02,2026-09-06T16:13:03+00:00,2026-09-06T16:30:02.967870+00:00,970,crypto_futuresking
1141106,35099,"🟢LONG  #BTCUSDT

🔶 Entry : 79600 - 79500

➡️ Lever...ake Profit Targets :

👉 80300

🛑 Stop Loss : 78700",b3edcf4fde6155736aca88246c687e30,2026-09-06T16:13:02+00:00,2026-09-06T16:30:02.896438+00:00,970,crypto_futuresking
1141111,35097,"Sui/Usdt long 🟢
with 0.5% Wallet on market price 
...ite movement pe jo 5% around the liq manage 0.7412",db6e783626732f8bb926b9a085a55476,2026-09-06T16:13:01+00:00,2026-09-06T16:30:02.997698+00:00,970,crypto_futuresking
1141110,35098,"LAYERUSDTUSDT  
Exchanges: BINGX 

🟢 Long
Leverage...41
5) 12244.40
6) 13223.95
7) 🚀🚀🚀 

⛔️ SL:
7500.00",994b0b56d23055c60d538eaab0485683,2026-09-06T16:13:01+00:00,2026-09-06T16:30:02.977319+00:00,970,crypto_futuresking
1143945,35112,"$BTC LONG 25x Lev 

Entry -  $79500

TP - 81000$- 82000$

SL: 78600$",4754269c329e8d102d4362deb3cf3a57,2026-09-06T16:58:32+00:00,2026-09-06T17:57:37.073060+00:00,970,crypto_futuresking
1143943,35111,"INJUSDTUSDT  
Exchanges: BINGX 

🟢 Long
Leverage- ... 5.36
4) 5.43
5) 5.51
6) 5.60
7) 🚀🚀🚀 

⛔️ SL:
4.96",db2b439293296dec4d060c2ff4f0ca32,2026-09-06T16:58:32+00:00,2026-09-06T17:57:37.055235+00:00,970,crypto_futuresking
1145009,35125,"XRPUSDTUSDT  
Exchanges: BINGX 

🟢 Long
Leverage- ... 1.50
4) 1.58
5) 1.71
6) 1.84
7) 🚀🚀🚀 

⛔️ SL:
1.30",5a04d790c47573aeaad29459b24cd7ed,2026-09-06T18:09:19+00:00,2026-09-06T19:16:11.535746+00:00,970,crypto_futuresking
1148270,35150,"LINKUSDTUSDT  
Exchanges: BINGX 

🟢 Long
Leverage-...6
4) 14.43
5) 15.59
6) 16.83
7) 🚀🚀🚀 

⛔️ SL:
11.85",81e0cfc9d5ba935c3375dc14b8686f8a,2026-09-06T22:35:01+00:00,2026-09-06T23:26:10.769953+00:00,970,crypto_futuresking
1148265,35141,"✅ Long

Pair: #XMR/USDT

📊 Entry Price: 

1) 533.6...99
4) 570.13

Stop Loss: 500.01

Leverage: 10x-20x",66f2ee72e92f50fcbdc5b3cf7000edf4,2026-09-06T21:33:11+00:00,2026-09-06T23:26:10.740179+00:00,970,crypto_futuresking
1148261,35139,"✅ Long

Pair: #XMR/USDT

📊 Entry Price: 

1) 533.6...99
4) 570.13

Stop Loss: 500.01

Leverage: 10x-20x",66f2ee72e92f50fcbdc5b3cf7000edf4,2026-09-06T21:33:11+00:00,2026-09-06T23:26:10.714034+00:00,970,crypto_futuresking
1148260,35142,"✅ Long

#RLC/USDT

Entry zone : 0.2964 - 0.3056

T...
0.3344
0.3436

Stop loss :0.284208

Leverage: 10x",12685936725f1c108cff5be4b2980aaa,2026-09-06T21:33:11+00:00,2026-09-06T23:26:10.709550+00:00,970,crypto_futuresking
1148253,35138,"POLUSDTUSDT  
Exchanges: BINGX 

🟢 Long
Leverage- ....11167000
6) 0.12060000
7) 🚀🚀🚀 

⛔️ SL:
0.09284000",f02fea6d76f8a252c9f4503ad871a800,2026-09-06T21:33:10+00:00,2026-09-06T23:26:10.649891+00:00,970,crypto_futuresking
1148250,35134,"FLOCKUSDTUSDT  
Exchanges: BINGX 

🟢 Short
Leverag....06407000
6) 0.05894000
7) 🚀🚀🚀 

⛔️ SL:
0.08550000",699b1ad97f25b83ab4512c943f9688fa,2026-09-06T20:38:02+00:00,2026-09-06T23:26:10.504963+00:00,970,crypto_futuresking
1152572,35210,"🔰CFG/USDT 🔰   

🟢 LONG 10X 20X

♻ ENTRY 
1️⃣ 0.133...

1️⃣ 0.137
2️⃣ 0.142
3️⃣ 0.150

⛔ STOPLOSS  0.117",097b3d558870da0f4feaae530a87b69f,2026-09-07T06:37:51+00:00,2026-09-07T06:54:45.882814+00:00,970,crypto_futuresking
1152562,35209,"🟢#UAI/USDT

📈Signal: short Leverage: Cross 20X

⚡️...even after TP1 is hit.

📣Trade Smart • Follow Risk",e4755f7e16319c90cbe24d484fe8a6b0,2026-09-07T06:37:29+00:00,2026-09-07T06:54:45.780925+00:00,970,crypto_futuresking
1152566,35208,"🐳 TAO/USDT #LONG🐳

✳️ ENTRY :- 273 - 260

💢 LEVERA...0
3 : 320

⛔️ STOP-LOSS :- 252

☝️ Margin Use 2–3%",4741ff420534ca6731678ed8a20397e4,2026-09-07T06:37:23+00:00,2026-09-07T06:54:45.798853+00:00,970,crypto_futuresking
1152565,35207,"💵 𝐒𝐈𝐆𝐍𝐀𝐋 𝐀𝐋𝐄𝐑𝐓 💵

#FLOCK/USDT (25xSHORT)

✅ ENTRY:...

TARGETS:-0.07280/0.068/0.063

❌ STOP LOSS: 0.085",d56af3c0fd39f6fc6030a5b9dfe6d034,2026-09-07T06:37:16+00:00,2026-09-07T06:54:45.788941+00:00,970,crypto_futuresking
1152570,35206,"$ORCA/USDT #SHORT📩

✅ENTRY :-1.59/1.63

Target 1: ...𝐎𝐧𝐥𝐲 𝟏-𝟑% 𝐎𝐟 𝐎𝐮𝐫 𝐃𝐞𝐩𝐨𝐬𝐢𝐭 𝐅𝐨𝐫 𝐄𝐚𝐜𝐡 𝐓𝐫𝐚𝐝𝐞

React,??m",f52e0c089278e431db6f28de7e13d211,2026-09-07T06:36:56+00:00,2026-09-07T06:54:45.840088+00:00,970,crypto_futuresking
1152571,35204,"🟢WOO/USDT 📈

📈 long Setup 

💰 Entry Zone: 0.0120–0...et 1. 
✅ Move SL to breakeven after Target 1 hits.",5044c4f355448f4bf06a7fe28ce4b330,2026-09-07T06:36:26+00:00,2026-09-07T06:54:45.871420+00:00,970,crypto_futuresking
1152556,35203,"#LONG 🟢🔤🔤🔤🔤🔤

#SKHYNIX/USDT

Margin Mode : Isolate...

🟥 SL : 1262.12 - 100%   

📊 LEV : 20X

🇯🇵Premium",4f03f5b812696fc48b78b149365c4065,2026-09-07T06:36:20+00:00,2026-09-07T06:54:45.749857+00:00,970,crypto_futuresking
1152552,35202,"🔴 SHORT

#KAVA/USDT

Entry : 

1) 0.053910
2) 0.05...0180

🛑 Stop : 0.057306

Leverage : 10x (isolated)",3edc4d1e57ab73288adf6cf05c454d91,2026-09-07T06:36:14+00:00,2026-09-07T06:54:45.727990+00:00,970,crypto_futuresking
1152547,35201,"#CATI/USDT LONG     

👉Leverage : Cross 10× To 30×...)  0.0652
2)  0.0662
3)  0.0672

⭕Stoploss : 0.060",af7958f1a4b179d2f1116395a7f00456,2026-09-07T06:35:54+00:00,2026-09-07T06:54:45.651277+00:00,970,crypto_futuresking
1152567,35200,"📊#ASTR/USDT–LONG–30x 🚀

📍 𝐄𝐧𝐭𝐫𝐲 𝐙𝐨𝐧𝐞:

➥ 0.0067, 0...tal.

⚠️ Disclaimer:
Trade at your own risk. DYOR.",8fdc78e7448f4dec91cef4622d3ef4c9,2026-09-07T06:35:47+00:00,2026-09-07T06:54:45.820371+00:00,970,crypto_futuresking
1152549,35198,"🚀 $UAI/USDT PERP 🚀

🟢 LONG

💰 Entry : 0.680$ – 0.6... 5X – 25X

⛔️ SL : 0.550$

📌 Use Only 2-5% Capital",bbd53f439cfd56551a73437b12c33f08,2026-09-07T06:35:41+00:00,2026-09-07T06:54:45.692683+00:00,970,crypto_futuresking
1152550,35194,"Trade: #CFG/USDT

Direction: 📉 Short 

🟢 Entry Ran...41
• Target 6: 0.1227

💠 Leverage : 5x - 10x - 20x",f5968a9263f402d9efece2d39ec09b8a,2026-09-07T06:35:00+00:00,2026-09-07T06:54:45.704337+00:00,970,crypto_futuresking
1152555,35193,"🚀 #OVER99WINS | TRADE SETUP 🚀

⭐ UB /USDT — LONG

...o

📌 Follow the setup and manage your risk wisely.",bcd32cee3a093c7c9dce30826d65e7c2,2026-09-07T06:34:53+00:00,2026-09-07T06:54:45.745277+00:00,970,crypto_futuresking
1152553,35191,"NEARUSDTUSDT  
Exchanges: BINGX 

🟢 Short
Leverage... 2.31
4) 2.29
5) 2.27
6) 2.24
7) 🚀🚀🚀 

⛔️ SL:
2.55",d2832456b2deb00c17c9f24866d8286c,2026-09-07T06:34:32+00:00,2026-09-07T06:54:45.741200+00:00,970,crypto_futuresking
1152558,35190,"⌛#SUSHI/USDT  ( LONG )

🍁 Leverage 👉 20X to 25X 

...59 | 0.2479 | 0.2508 | 0.2538

🔕 Stoploss = 0.2321",24c30ff5c6886be1dfcb74b8285b0b42,2026-09-07T06:34:25+00:00,2026-09-07T06:54:45.754231+00:00,970,crypto_futuresking
1152544,35189,"#DOOD/USDT LONG     

👉Leverage : Cross 10× To 30×...00235
2)  0.00255
3)  0.00295

⭕Stoploss : 0.00205",8d879c1ee797daa905960c111de32356,2026-09-07T06:33:56+00:00,2026-09-07T06:54:45.574472+00:00,970,crypto_futuresking
1152540,35186,"#UBUSDT — BUY (LONG) 
🎉
🟢 Leverage: Cross  20x50

...Risk Management:
Use only 2%– 3%of your portfolio.",7dcac15aeb43797a7246eadfdabffc6e,2026-09-07T06:33:43+00:00,2026-09-07T06:54:45.463607+00:00,970,crypto_futuresking
1153388,35250,"SHORT

TIA/USDT

MARKET PRICE 

Leverage: 10X

TP:...5% of capital 

Always use proper risk management.",de307b9f3b52d9f5644f67c8a6709aec,2026-09-07T08:02:37+00:00,2026-09-07T08:09:44.366129+00:00,970,crypto_futuresking
1153373,35249,"✅ Long

Pair: #BCH/USDT

📊 Entry Price: 

1) 253.6...70
4) 271.00

Stop Loss: 237.67

Leverage: 10x-20x",bbab73757fcbd0919e37447e98707acd,2026-09-07T08:02:36+00:00,2026-09-07T08:09:44.234860+00:00,970,crypto_futuresking
1153368,35246,"🟢#UAI/USDT

📈Signal: long Leverage: Cross 20X

⚡️E...even after TP1 is hit.

📣Trade Smart • Follow Risk",b6f7d5d3fbe514fdcc4d954235dac761,2026-09-07T07:44:25+00:00,2026-09-07T08:09:44.163677+00:00,970,crypto_futuresking
1153384,35237,"🟢#CLANKER/USDT

📈Signal: long Leverage: Cross 20X
...even after TP1 is hit.

📣Trade Smart • Follow Risk",daf578caae134a8048d31781b51994dd,2026-09-07T07:07:56+00:00,2026-09-07T08:09:44.341099+00:00,970,crypto_futuresking
1153385,35235,"🚀 #PLAY/USDT LONG SIGNAL 🚀
📍 Entry: 0.03800


🎯 Ta... your risk, and let's catch this move together! 🪙🔥",37f14aecd05afbbf731d24d0330234c1,2026-09-07T07:07:52+00:00,2026-09-07T08:09:44.344466+00:00,970,crypto_futuresking
1153383,35231,"COIN: #ARX/USDT (LONG) SETUP

📊 Leverage 25x to 50...ENT IS KEY
Use only 1–2% of your capital per trade",ff2047f78a389ec5be88ece92c9cd1a3,2026-09-07T07:01:57+00:00,2026-09-07T08:09:44.319192+00:00,970,crypto_futuresking
1153372,35230,Arx long 0.1567 tp 0.1600,6e0fc5534332413cbc7b1ff7028e426f,2026-09-07T07:01:52+00:00,2026-09-07T08:09:44.237625+00:00,970,crypto_futuresking
1153369,35229,"#CATI/USDT LONG     

👉Leverage : Cross 10× To 30×...  0.0604
2)  0.0598
3)  0.0585

⭕Stoploss : 0.0643",b5798629a19067472ce5ea01a4d5482a,2026-09-07T07:01:51+00:00,2026-09-07T08:09:44.223524+00:00,970,crypto_futuresking
1153377,35221,"#ARX/USDT LONG     

👉Leverage : Cross 10× To 30×
...
1)  0.160
2)  0.165
3)  0.180

⭕Stoploss : 0.1480",cadcd342ec0abe82a983b399d4139992,2026-09-07T07:01:27+00:00,2026-09-07T08:09:44.281551+00:00,970,crypto_futuresking
1153366,35224,"#WLDUSDT — BUY (LONG) 
🎉
🟢 Leverage: Cross  20x50
...Risk Management:
Use only 2%– 3%of your portfolio.",a5a7ec170511911b62f8511c28a86021,2026-09-07T07:01:27+00:00,2026-09-07T08:09:44.133185+00:00,970,crypto_futuresking
1158222,35294,"EXCHANGE/BYBIT/BITUNIX/OKX📌 


DAY TRADE 🏆

SHORT/...agement 🏆


Use only 5% of your 📈Available balance",9354e420b09f9f25f99bac28fa1f8470,2026-09-07T09:54:20+00:00,2026-09-07T10:03:18.439194+00:00,970,crypto_futuresking
1158216,35293,"#BTC - SHORT 150X

Entry  79352

Targets 100% -200%-300% +++

SL= Will Update

Using 1% wallet",36cd25b40308fd23d6187ba72bc8981a,2026-09-07T09:53:09+00:00,2026-09-07T10:03:18.392162+00:00,970,crypto_futuresking
1158215,35292,"✨ZK/USDT

🎗 Trade Type = SHORT 🔴

⭐️ Leverage :- 2...0.010686, 0.010592, 0.010468, 0.010346, 0.010239 ]",ef9b8baf83e757ec54ab34e4e10188e7,2026-09-07T09:53:09+00:00,2026-09-07T10:03:18.377055+00:00,970,crypto_futuresking
1158204,35289,"EXCHANGE/BYBIT/BITUNIX/OKX📌 


DAY TRADE 🏆

SHORT/...agement 🏆


Use only 5% of your 📈Available balance",9354e420b09f9f25f99bac28fa1f8470,2026-09-07T09:53:09+00:00,2026-09-07T10:03:18.279389+00:00,970,crypto_futuresking
1158200,35290,"✨ZK/USDT

🎗 Trade Type = SHORT 🔴

⭐️ Leverage :- 2...0.010686, 0.010592, 0.010468, 0.010346, 0.010239 ]",ef9b8baf83e757ec54ab34e4e10188e7,2026-09-07T09:53:09+00:00,2026-09-07T10:03:18.254481+00:00,970,crypto_futuresking
1158193,35288,"EXCHANGE/BYBIT/BITUNIX/OKX📌 


DAY TRADE 🏆

SHORT/...agement 🏆


Use only 5% of your 📈Available balance",3ee78ba568a20b9df42feb8492406005,2026-09-07T09:53:09+00:00,2026-09-07T10:03:18.127525+00:00,970,crypto_futuresking
1158214,35279,"⭐️$TIA/USDT  LONG

🛡Leverage : Cross 25x50

‼️Entr...0.3999

Use only 3% - 5% amount of your portfolio🛍",8a35da80f473dacbef3cdb6b2b31b273,2026-09-07T09:25:33+00:00,2026-09-07T10:03:18.365609+00:00,970,crypto_futuresking
1158209,35280,"🔰 PAIR: SOL/ USDT 💹

🟢Position: LONG🚀

☑️ Entry Zo...:
🥇 105.03
🥈 105.52
🥉 106.55

❌ Stop Loss: 🔴103.08",cc931954145b4b9d9f4f33ba6f4002db,2026-09-07T09:25:33+00:00,2026-09-07T10:03:18.340496+00:00,970,crypto_futuresking
1158205,35282,"Coin #TAO/USDT

Position: LONG 

Leverage:  Cross ...65 - 260

Targets: 🎯 270, 277, 289

Stop Loss: 255",f437c27e337d0065edd5277bae74db66,2026-09-07T09:25:33+00:00,2026-09-07T10:03:18.306425+00:00,970,crypto_futuresking
1158198,35278,"📈 LONG #DOOD/USDT

🚀 LEVERAGE : 50x

📊 ENTRY PRICE....00235

TP🟢0.00245

STOPLOSS 🔴0.00208


REACTIONS?",5dfb47b9c6bb6cefcfeef57ec2b94d0f,2026-09-07T09:25:33+00:00,2026-09-07T10:03:18.233000+00:00,970,crypto_futuresking
1158202,35276,"📊 Let’s LONG #IOST/USDT

💥 Leverage:  Cross 20×  -...922
2) 0.000952
3) 0.001020

🔖 Stop Loss: 0.000849",452d78880dd825994cda317671433f7e,2026-09-07T09:25:25+00:00,2026-09-07T10:03:18.265850+00:00,970,crypto_futuresking
1158203,35274,"📊 Let’s LONG #IOST/USDT

💥 Leverage:  Cross 20×  -...922
2) 0.000952
3) 0.001020

🔖 Stop Loss: 0.000849",452d78880dd825994cda317671433f7e,2026-09-07T09:25:23+00:00,2026-09-07T10:03:18.271245+00:00,970,crypto_futuresking
1158196,35272,"#IOST/USDT BUY (LONG) 

⚡️Leverage : Cross 25x to ...08490

⚠️Use only 3% - 5% amount of your portfolio",54e275c87c87fd80470b62f2b5995274,2026-09-07T09:25:03+00:00,2026-09-07T10:03:18.196563+00:00,970,crypto_futuresking
1158212,35264,"⭐️$SOL/USDT  LONG

🛡Leverage : Cross 25x50

‼️Entr... 99.91

Use only 3% - 5% amount of your portfolio🛍",fcaf8e65d8bedbf27e9d63b0a4437087,2026-09-07T08:35:28+00:00,2026-09-07T10:03:18.356918+00:00,970,crypto_futuresking
1158199,35263,SOLUSDT LONG NOW,b603f5051de3680c3dad81703eef98d6,2026-09-07T08:35:28+00:00,2026-09-07T10:03:18.251212+00:00,970,crypto_futuresking
1158189,35260,"✅ Long

#VET/USDT

Entry zone : 0.006854 - 0.00706...734
0.007945

Stop loss :0.00657231

Leverage: 10x",61794fd2ea7b966982cb6591c45ef5cc,2026-09-07T08:32:35+00:00,2026-09-07T10:03:17.947513+00:00,970,crypto_futuresking
1158190,35258,#IOST SHORT 0.000890,e322aa93ed24a9d8a98676d4d079a325,2026-09-07T08:32:34+00:00,2026-09-07T10:03:17.929140+00:00,970,crypto_futuresking
1158188,35257,"#IOST/USDT SHORT     

👉Leverage : Cross 10× To 30...00087
2)  0.00082
3)  0.00076

⭕Stoploss : 0.00094",7894ed3c53e38b40e87af5bd0719613b,2026-09-07T08:32:34+00:00,2026-09-07T10:03:17.587022+00:00,970,crypto_futuresking
1158185,35253,"#MARSCOIN/USDT SHORT     

👉Leverage : Cross 10× T...t

1)  0.155
2)  0.144
3)  0.133

⭕Stoploss : 0.17",07628b4701182f06b9c8789d3fbfdd79,2026-09-07T08:10:09+00:00,2026-09-07T10:03:17.528487+00:00,970,crypto_futuresking
1160845,35316,"🚀 #OVER99WINS | TRADE SETUP 🚀

⭐ UNI /USDT — LONG
...o

📌 Follow the setup and manage your risk wisely.",c3a7cd5c75eddbaf129f53e682e04afd,2026-09-07T10:53:16+00:00,2026-09-07T11:34:35.677183+00:00,970,crypto_futuresking
1160835,35315,"🚀 LONG: $4/USDT
LEVERAGE: 50x

✔️ENTRY PRICE: 0.02...-0.02850-0.03100

STOP LOSS:  0.02520


REACTIONS?",3a3d1414438b344972e44c1684a4163f,2026-09-07T10:53:16+00:00,2026-09-07T11:34:35.585889+00:00,970,crypto_futuresking
1160842,35311,"🚀 #OVER99WINS | TRADE SETUP 🚀

⭐ TIA /USDT — LONG
...o

📌 Follow the setup and manage your risk wisely.",e2212d81136f37d33a201a573c257ef8,2026-09-07T10:41:17+00:00,2026-09-07T11:34:35.650685+00:00,970,crypto_futuresking
1160837,35312,"$ONDOUSDT

SHORT

RR : 2

LEVERAGE : 30x

ENTRY : ...893

TAKE PROFITS 👇

1️⃣ 0.3764

STOPLOSS : 0.3956",ed36d4e86887df07708413d74a889e72,2026-09-07T10:41:17+00:00,2026-09-07T11:34:35.597179+00:00,970,crypto_futuresking
1160844,35304,"🔴 Short

Pair: #LTC/USDT

📊 Entry Price: 

1) 55.8...3.19
4) 52.01

Stop Loss: 59.40

Leverage: 10x-20x",1001aacf7c2594c0316fcb790d6c93f6,2026-09-07T10:12:07+00:00,2026-09-07T11:34:35.658768+00:00,970,crypto_futuresking
1160846,35297,"🔴 Short

Pair: #LTC/USDT

📊 Entry Price: 

1) 55.8...3.19
4) 52.01

Stop Loss: 59.40

Leverage: 10x-20x",1001aacf7c2594c0316fcb790d6c93f6,2026-09-07T10:11:47+00:00,2026-09-07T11:34:35.681887+00:00,970,crypto_futuresking
1160828,35296,"DAY/TRADE 🏆

LONG BTC/USDT📈📈📈( continuation trend ...agement 🏆

Use only 10% of your 📈Available balance",e1a2aad4ff7ad07c6348690394c27535,2026-09-07T10:11:45+00:00,2026-09-07T11:34:35.333991+00:00,970,crypto_futuresking
1163833,35442,"$BATUSDT

LONG

RR : 2

LEVERAGE : 50x

ENTRY : 0....740

TAKE PROFITS 👇

1️⃣ 0.0756

STOPLOSS : 0.0733",bebf7859741ec2e107f3cd0bfa1197b3,2026-09-07T14:28:32+00:00,2026-09-07T14:31:25.956751+00:00,970,crypto_futuresking
1163830,35441,"Long #WLD 75x 0.4690

Tp: 0.4730",a5453adf2bf0441613c49af54f2c275d,2026-09-07T14:28:32+00:00,2026-09-07T14:31:25.932481+00:00,970,crypto_futuresking
1163828,35440,"$BATUSDT

LONG

RR : 2

LEVERAGE : 50x

ENTRY : 0....740

TAKE PROFITS 👇

1️⃣ 0.0756

STOPLOSS : 0.0733",bebf7859741ec2e107f3cd0bfa1197b3,2026-09-07T14:28:30+00:00,2026-09-07T14:31:25.919584+00:00,970,crypto_futuresking
1163826,35439,"xrp/Usdt long 🟢
with 0.5% Wallet on market price 
...osite movement pe jo 5% around the liq manage zero",5ad85cb5302241eaa00cb6ed7a53ae69,2026-09-07T14:28:30+00:00,2026-09-07T14:31:25.914477+00:00,970,crypto_futuresking
1163825,35437,"Long #WLD 75x 0.4690

Tp: 0.4730",a5453adf2bf0441613c49af54f2c275d,2026-09-07T14:28:29+00:00,2026-09-07T14:31:25.896498+00:00,970,crypto_futuresking
1163735,35425,"🚀 #PRL/USDT LONG SIGNAL 🚀
📍 Entry: 0.1342


🎯 Take... your risk, and let's catch this move together! 🪙🔥",d6ef80f841390c6c035f1f1125c8bf2a,2026-09-07T14:08:40+00:00,2026-09-07T14:31:12.068393+00:00,970,crypto_futuresking
1163741,35424,PRL LONG 0.1342 tp1 0.1370,f0fdb9a5de015b0a705fddfc9e48f0d0,2026-09-07T14:08:39+00:00,2026-09-07T14:31:12.095749+00:00,970,crypto_futuresking
1163746,35422,"🚩 SHORT #ZAMA/USDT

⚙️ 75X LEVERAGE

🛡 Entry: 0.05...: 0.05060
TP3: 0.04780

🛑 SL: 0.06100

🔥REACTIONS?",0cb686979090aa89229abde4e4265408,2026-09-07T14:08:37+00:00,2026-09-07T14:31:12.140869+00:00,970,crypto_futuresking
1163743,35417,"🔴 SHORT

#NEO/USDT

Entry zone : 2.271 - 2.205

Ta...060
1.994
1.927

Stop loss :2.35935

Leverage: 10x",3a11ca6196e27f682cbb4cf7633242f2,2026-09-07T14:08:26+00:00,2026-09-07T14:31:12.121437+00:00,970,crypto_futuresking
1163750,35411,"🚩 SHORT #FLOCK/USDT

⚙️ 75X LEVERAGE

🛡 Entry: 0.0...: 0.06450
TP3: 0.06340

🛑 SL: 0.07200

🔥REACTIONS?",0d65be6ddd3d9f10bb4d6f0b5958487c,2026-09-07T14:05:32+00:00,2026-09-07T14:31:12.199607+00:00,970,crypto_futuresking
1163742,35412,"🚩 SHORT #FLOCK/USDT

⚙️ 75X LEVERAGE

🛡 Entry: 0.0...: 0.06450
TP3: 0.06340

🛑 SL: 0.07200

🔥REACTIONS?",0d65be6ddd3d9f10bb4d6f0b5958487c,2026-09-07T14:05:32+00:00,2026-09-07T14:31:12.117021+00:00,970,crypto_futuresking
1163709,35413,"TREEUSDT - LONG ( Swing trade ) 📈

Entry : Market ...t : 

*0.048
0.05
0.055
0.06*

Stoploss at : 0.034",289a844729e92342c8b96b9b785f2967,2026-09-07T14:05:32+00:00,2026-09-07T14:31:11.658099+00:00,970,crypto_futuresking
1163725,35399,"🟢ICP/USDT My long Trade Setup

Leverage 75X

Entry...  3.100

Stop Loss: 2.950

Follow Money Management",aeef86750f14eab5333862883b6fa79c,2026-09-07T13:26:53+00:00,2026-09-07T14:31:11.917137+00:00,970,crypto_futuresking
1163724,35392,"TREEUSDT - LONG ( Swing trade ) 📈

Entry : Market ...t : 

*0.048
0.05
0.055
0.06*

Stoploss at : 0.034",289a844729e92342c8b96b9b785f2967,2026-09-07T13:20:29+00:00,2026-09-07T14:31:11.922083+00:00,970,crypto_futuresking
1163720,35388,"➡️ #SOPH     /USDT (SHORT) 🔽🔽

⌛LEVERAGE : 20X TO ...55

💥Use only 1%margin of your total portfolio❤️😘😇",3decacf0dda673ce8ed47c106f4c98ed,2026-09-07T13:20:28+00:00,2026-09-07T14:31:11.787964+00:00,970,crypto_futuresking
1163719,35391,"#SHORT 🔴 🔤🔤🔤🔤🔤

#NEAR/USDT 

Margin Mode : Isolate....155

🟩 SL : 2.506 - 100%

📊 LEV : 20X

🇯🇵 Premium",1ccd977c4e23510fd1ad1ac64f5e477b,2026-09-07T13:20:28+00:00,2026-09-07T14:31:11.749380+00:00,970,crypto_futuresking
1163716,35381,"🔘 Coin : #ORCA/USDT 🔘

🟢 LONG

🔺Entry🔻: 1.545

⭐️ ....608 - 1.638

♦️ StopLoss : 1.488

🔱 Leverage: 25x",329dff97e34bc9ce21d57fbe076ee7ff,2026-09-07T13:06:33+00:00,2026-09-07T14:31:11.715779+00:00,970,crypto_futuresking
1163679,35372,"⚡️ BTC/USDT ⚡️

🔻 SCALP LONG

💎 Leverage: 10x – 15...oss: $76595

⚠️ Trade with proper risk management.",4d0162e77848f347e061d0c97d1ac8f4,2026-09-07T13:04:57+00:00,2026-09-07T14:31:11.048492+00:00,970,crypto_futuresking
1163710,35369,"🔴 SHORT

#ATOM/USDT

Entry : 

1) 1.669
2) 1.719

...) 1.553

🛑 Stop : 1.774

Leverage : 10x (isolated)",4cc168eb203b5e81875aace148d9ebba,2026-09-07T13:04:47+00:00,2026-09-07T14:31:11.670766+00:00,970,crypto_futuresking
1163706,35370,"⚡️ BTC/USDT ⚡️

🔻 SCALP LONG

💎 Leverage: 10x – 15...oss: $76595

⚠️ Trade with proper risk management.",4d0162e77848f347e061d0c97d1ac8f4,2026-09-07T13:04:47+00:00,2026-09-07T14:31:11.653146+00:00,970,crypto_futuresking
1163703,35359,"#XAN/USDT LONG     

👉Leverage : Cross 10× To 30×
...)  0.0205
2)  0.0210
3)  0.0220

⭕Stoploss : 0.018",ef229a870206b6c37f301f040c94617d,2026-09-07T12:49:54+00:00,2026-09-07T14:31:11.504422+00:00,970,crypto_futuresking
1163690,35358,"🪙 Coin: #XAN/USDT
🧭 Type: #LONG

📈 Entry Zone:
0.0... within the zone and maintain strict risk control.",d5f0127db3dea847bd680b8d3891631b,2026-09-07T12:49:54+00:00,2026-09-07T14:31:11.285688+00:00,970,crypto_futuresking
1163686,35351,"⭐️$ZORA/USDT  LONG

🛡Leverage : Cross 25x50

‼️Ent...007809

Use only 3% - 5% amount of your portfolio🛍",f9e90102a50347300cf31510362aed4d,2026-09-07T12:35:35+00:00,2026-09-07T14:31:11.208324+00:00,970,crypto_futuresking
1163682,35344,"LUNA2 / USDT 

SHORT SHORT SHORT 

IST ENTRY AT MA...E 

TP 0.05300
TP 0.05260
TP 0.05205

15X LEVERAGE",4735d3158b005b79339ef19a179d3028,2026-09-07T12:14:53+00:00,2026-09-07T14:31:11.056125+00:00,970,crypto_futuresking
1163673,35341,"Coin #ZRO/USDT

Position: LONG 

Leverage:  Cross ...1.14

Targets: 🎯 1.20, 1.25, 1.32

Stop Loss: 1.11",ce4da70767e5847a7c6c003859e4acc1,2026-09-07T12:14:48+00:00,2026-09-07T14:31:11.033332+00:00,970,crypto_futuresking
1163674,35340,"🌈PAIR:- LUNA2/USDT
⚡️ Direction : LONG
🛠 Leverage:...nt Usage:- 1 - 2%
(According To your Risk Setting)",ef53d602106cfae325bba33324da2f37,2026-09-07T12:14:45+00:00,2026-09-07T14:31:11.036194+00:00,970,crypto_futuresking
1163672,35339,"🌈PAIR:- LUNA2/USDT
⚡️ Direction : LONG
🛠 Leverage:...nt Usage:- 1 - 2%
(According To your Risk Setting)",ef53d602106cfae325bba33324da2f37,2026-09-07T12:14:45+00:00,2026-09-07T14:31:11.034051+00:00,970,crypto_futuresking
1163669,35337,"🔘 Coin : #DOOD/USDT 🔘

🔴 SHORT

🔺Entry🔻: 0.002273
... 0.002091

♦️ StopLoss : 0.002361

🔱 Leverage: 25x",ef484b0e83d0b405189a72f0ca7b9bfb,2026-09-07T12:06:18+00:00,2026-09-07T14:31:11.015107+00:00,970,crypto_futuresking
1163675,35329,AKE LONG 0.01745 TP1 0.01782,77c1056b40b11bbb1b633910b524560a,2026-09-07T12:02:30+00:00,2026-09-07T14:31:11.037259+00:00,970,crypto_futuresking
1163665,35324,"#SOLV/USDT BUY (LONG) 

⚡️Leverage : Cross 25x to ...04250

⚠️Use only 3% - 5% amount of your portfolio",73b367e758879932f87acdf1642978ac,2026-09-07T12:02:01+00:00,2026-09-07T14:31:10.643193+00:00,970,crypto_futuresking
1163664,35322,"📊#DOOD/USDT — LONG

⚡️ Leverage : 20X – 25X

💹Entr...Entry After TP1

⚖️ Follow Proper Risk Management.",81847fecebb501e8596b8204c7ab37cb,2026-09-07T12:01:56+00:00,2026-09-07T14:31:10.511743+00:00,970,crypto_futuresking
1167424,35491,"COIN: #IOST /USDT (LONG) SETUP

📊 Leverage 25x to ...ENT IS KEY
Use only 1–2% of your capital per trade",c40a36041d515b9a44c126655ecce00a,2026-09-07T15:11:54+00:00,2026-09-07T16:20:33.493546+00:00,970,crypto_futuresking
1167451,35469,"🔴 Short

Pair: #KAVA/USDT

📊 Entry Price: 

1) 0.0...) 0.052823

Stop Loss: 0.060325

Leverage: 10x-20x",cadcca857dec8f76d4d326393c19752b,2026-09-07T14:56:30+00:00,2026-09-07T16:20:33.688609+00:00,970,crypto_futuresking
1167405,35466,"🟢#WLD/USDT

📈Signal: long Leverage: Cross 20X

⚡️E...even after TP1 is hit.

📣Trade Smart • Follow Risk",6c2368282463d9e868953a1f1e69b7b0,2026-09-07T14:56:27+00:00,2026-09-07T16:20:32.912298+00:00,970,crypto_futuresking
1167414,35461,"COIN: #IOST /USDT (SHORT) SETUP

📊 Leverage 25x to...ENT IS KEY
Use only 1–2% of your capital per trade",9e0adbb414ca11c02bb6c6cf27086fba,2026-09-07T14:55:48+00:00,2026-09-07T16:20:33.087018+00:00,970,crypto_futuresking
1167413,35462,"🚀 LONG: $PIEVERSE/USDT
LEVERAGE: 50x

✔️ENTRY PRIC...3000-1.3500-1.4700

STOP LOSS:  1.2200

REACTIONS?",3ea339eb0ab48af270643da2346e9da4,2026-09-07T14:55:48+00:00,2026-09-07T16:20:33.060883+00:00,970,crypto_futuresking
1167402,35451,"✅Entry 0.1237 -0.1220

(🆘LONG CFGUSDT 5-20x🆘)

🏹 T... 5  $0.1300
🏹Target 6  $0.1313

🚫Stop loss -0.1169",6b43b031c0a5110a5f9bbbabfe43601d,2026-09-07T14:35:39+00:00,2026-09-07T16:20:32.441597+00:00,970,crypto_futuresking
1167401,35450,LONG CFG 0.1240,e8330bf040ed01416e039d1710fe7b3c,2026-09-07T14:35:38+00:00,2026-09-07T16:20:32.440570+00:00,970,crypto_futuresking
1169776,35528,"🚨 #FLOCK/USDT | LONG

⚡Leverage: Cross 50X

🎯Entry... follow the signal and secure profits at targets.💎",0e81f3b28a2e706cb040e8d72c790e74,2026-09-07T17:01:57+00:00,2026-09-07T17:48:26.840604+00:00,970,crypto_futuresking
1169767,35523,"🚀 #DOTUSDT LONG SIGNAL 🚀
📍 Entry: 1.0882


🎯 Take ... your risk, and let's catch this move together! 🪙🔥",bb620e937e95a53434be5667fb36dae1,2026-09-07T17:00:33+00:00,2026-09-07T17:48:26.731682+00:00,970,crypto_futuresking
1169771,35521,DOT LONG 1.0882 TP1 1.1105,08e7022177e8b0f5f2280732282736e9,2026-09-07T17:00:23+00:00,2026-09-07T17:48:26.807469+00:00,970,crypto_futuresking
1169766,35517,"🚀 #BUSDT LONG SIGNAL 🚀
📍 Entry: 0.1840


🎯 Take Pr... your risk, and let's catch this move together! 🪙🔥",6dd224bc16bf1c93944c340902339cfc,2026-09-07T17:00:23+00:00,2026-09-07T17:48:26.651324+00:00,970,crypto_futuresking
1172364,35541,"💰#BR/ USDT👑

💎Setup Type: Strong LONG  🔖Opportunit...TP ➝ 0.32000

4️⃣TP ➝ 0.40000

🚫Stop Loss: 0.24000",5bc17d135f337e7c754b65d960a65b5c,2026-09-07T18:54:46+00:00,2026-09-07T19:12:58.398046+00:00,970,crypto_futuresking
1172369,35537,"🚨 NEW TRADE SIGNAL 🚨

📊 UAI/USDT — Perpetual

📞 EN...arefully.

📈 I’ll update the trade as it develops.",6ba5e9ddf6c5ad233cc648c60faa9060,2026-09-07T18:34:09+00:00,2026-09-07T19:12:58.453450+00:00,970,crypto_futuresking
1172366,35535,"🚨 #SUSHI/USDT | LONG

⚡Leverage: Cross 50X

🎯Entry... follow the signal and secure profits at targets.💎",16d7e4ad40f4be225a6f4cac3e575069,2026-09-07T18:17:28+00:00,2026-09-07T19:12:58.441550+00:00,970,crypto_futuresking
1180314,35705,"🟢#FORM/USDT

📈Signal: long Leverage: Cross 20X

⚡️...even after TP1 is hit.

📣Trade Smart • Follow Risk",d7b52b8a29660bb62df2041d0a22d9e1,2026-09-08T07:15:36+00:00,2026-09-08T07:17:22.433268+00:00,970,crypto_futuresking
1180202,35675,"⚡️$SAFE/USDT⚡️

LONG
Leverage: 20X

Entry: 0.106

Target:

1)0.110
2)0.116
3)0.124

Stoploss: 0.096",8dcd80e2c8f0245fd263bdcb4c075109,2026-09-08T07:06:54+00:00,2026-09-08T07:17:05.951725+00:00,970,crypto_futuresking
1180197,35676,"🔰 SAFE/USDT 🔰

🟢 LONG 20X

🔳 ENTRY :- 0.106

☑️ TARGET:- 0.110 - 0.116 - 0.124

🔴 STOP :- 0.096",26b1c1208824ef1c77aa3e8b71b15747,2026-09-08T07:06:54+00:00,2026-09-08T07:17:05.757697+00:00,970,crypto_futuresking
1180221,35623,"🐳 SENT/USDT #LONG🐳

✳️ ENTRY :- 0.0148 - 0.0141

💢...0.0178

⛔️ STOP-LOSS :- 0.0138

☝️ Margin Use 2–3%",f6e7d49f8a0d79459c0857358ecd69ee,2026-09-08T06:59:53+00:00,2026-09-08T07:17:06.202085+00:00,970,crypto_futuresking
1180206,35622,"$BR/USDT #LONG📩

✅ENTRY :-0.2720/0.2630

Target 1:...𝐎𝐧𝐥𝐲 𝟏-𝟑% 𝐎𝐟 𝐎𝐮𝐫 𝐃𝐞𝐩𝐨𝐬𝐢𝐭 𝐅𝐨𝐫 𝐄𝐚𝐜𝐡 𝐓𝐫𝐚𝐝𝐞

React,??m",61c21d0ba1c5b95f92877673d16757b0,2026-09-08T06:59:30+00:00,2026-09-08T07:17:06.075251+00:00,970,crypto_futuresking
1180234,35621,"💵 𝐒𝐈𝐆𝐍𝐀𝐋 𝐀𝐋𝐄𝐑𝐓 💵

#AERO/USDT (25xLONG)

✅ ENTRY:0....62

TARGETS:-0.6650/0.70/0.75

❌ STOP LOSS: 0.5550",2df0690ca6b2aeba2c6c2dd7961fa243,2026-09-08T06:59:22+00:00,2026-09-08T07:17:06.326973+00:00,970,crypto_futuresking
1180224,35620,"🟢AERO/USDT 📈

📈 long Setup 

💰 Entry Zone: 0.6570–...et 1. 
✅ Move SL to breakeven after Target 1 hits.",05a574dcd9171505d273614e377144f8,2026-09-08T06:59:09+00:00,2026-09-08T07:17:06.242640+00:00,970,crypto_futuresking
1180228,35619,"🚀 $AERO/USDT PERP 🚀

🟢 LONG

💰 Entry : 0.665$ – 0.... 5X – 25X

⛔️ SL : 0.550$

📌 Use Only 2-5% Capital",fc2f041bba7f907f6f3cd6bda5ae7d9f,2026-09-08T06:58:51+00:00,2026-09-08T07:17:06.264204+00:00,970,crypto_futuresking
1180200,35613,"$BTC LONG🟢 (25x Lev)

Entry -  $78000

TP - 79000$- 80000$

SL: 77000$",497624811fbd48ff141e822113e07ab5,2026-09-08T06:57:26+00:00,2026-09-08T07:17:05.825512+00:00,970,crypto_futuresking
1180208,35612,"$WLD LONG NOW

ENTRY: 0.4980 - 0.4800

TP:- 0.52 - 0.55 - 0.59

SL:- 0.44",09787c6ef7df4ef7294249cd69bbab44,2026-09-08T06:57:19+00:00,2026-09-08T07:17:06.076025+00:00,970,crypto_futuresking
1180212,35611,"🪙 Coin: #SOLV/USDT
🧭 Type: #LONG

📈 Entry Zone:
0.... within the zone and maintain strict risk control.",464790a0335146ef8ebd48f2e08d36a2,2026-09-08T06:56:56+00:00,2026-09-08T07:17:06.146684+00:00,970,crypto_futuresking
1180232,35610,"⚡ #BICO/USDT

📤 Long 

💹 Buy: 0.02283 - 0.02240

🧿...7 - 0.02421

🧨 StopLoss: 0.02174 

🔘 Leverage: 20x",e90e6bd837a65feab517407a657bd42e,2026-09-08T06:56:49+00:00,2026-09-08T07:17:06.320163+00:00,970,crypto_futuresking
1180227,35609,"📊 Let’s LONG #SOLV/USDT

💥 Leverage:  Cross 20×  -...1) 0.0047
2) 0.0049
3) 0.0053

🔖 Stop Loss: 0.0043",bccb3c0af4e22778a0ab21890357c044,2026-09-08T06:56:26+00:00,2026-09-08T07:17:06.267537+00:00,970,crypto_futuresking
1180210,35608,"$NEAR LONG🟢 (25x Lev)

Entry- 2.80$

Targets- 2.312$- 2.340$- 2.377$- 2.415$

Stop Loss- 2.225$",b0f431648a8a5204791a43cd3f8d14ce,2026-09-08T06:56:19+00:00,2026-09-08T07:17:06.135028+00:00,970,crypto_futuresking
1180198,35607,"🔴 SHORT

#TRX/USDT

Entry : 

1) 0.33751
2) 0.3476...31415

🛑 Stop : 0.35877

Leverage : 10x (isolated)",cd174719ba57071d8e604538e3407a93,2026-09-08T06:56:11+00:00,2026-09-08T07:17:05.759120+00:00,970,crypto_futuresking
1180194,35604,"#SOPH/USDT SHORT     

👉Leverage : Cross 10× To 30...0.00988
2)  0.00950
3)  0.00900

⭕Stoploss : 0.105",adfd991c38b34adad4c22a96c0aff27a,2026-09-08T06:55:14+00:00,2026-09-08T07:17:05.640410+00:00,970,crypto_futuresking
1180175,35603,"📊 Let’s LONG #SOL/USDT

💥 Leverage:  Cross 20×  - ...1) 104.55
2) 105.65
3) 106.82

🔖 Stop Loss: 101.30",b52f02097db21e5e8422f5115ddb8776,2026-09-08T06:55:06+00:00,2026-09-08T07:17:05.184638+00:00,970,crypto_futuresking
1180177,35590,"🔴 SHORT

#TRX/USDT

Entry : 

1) 0.33751
2) 0.3476...31415

🛑 Stop : 0.35877

Leverage : 10x (isolated)",cd174719ba57071d8e604538e3407a93,2026-09-08T06:53:18+00:00,2026-09-08T07:17:05.124230+00:00,970,crypto_futuresking
1184103,35803,"BICO/USDT 

SHORT SHORT SHORT 

OPEN MARKET PRICE ...2500
TP 0.022300
TP 0.022100

SL 0.026400

LEV 15X",18bf302d3b035f9eb618055881ea091b,2026-09-08T08:54:42+00:00,2026-09-08T09:02:19.750367+00:00,970,crypto_futuresking
1184087,35802,"💰#SOPH/ USDT👑

💎Setup Type: Strong LONG  🔖Opportun...➝ 0.011800

4️⃣TP ➝ 0.012900

🚫Stop Loss: 0.008500",66d16a8345045ba97f60ae80e2dd375a,2026-09-08T08:54:42+00:00,2026-09-08T09:02:19.611115+00:00,970,crypto_futuresking
1184102,35800,"🚀 #OVER99WINS | TRADE SETUP 🚀

⭐ SOPH /USDT — LONG...o

📌 Follow the setup and manage your risk wisely.",82f043a0c34bfff235aa19ecb8a72a2d,2026-09-08T08:54:41+00:00,2026-09-08T09:02:19.747419+00:00,970,crypto_futuresking
1184092,35788,"🔰 PAIR: SOL/ USDT 💹

🟢Position: LONG🚀

☑️ Entry Zo...:
🥇 103.10
🥈 103.39
🥉 103.66

❌ Stop Loss: 🔴101.80",d60a4b7864d14c425ba3d0ed7bbc858b,2026-09-08T08:42:44+00:00,2026-09-08T09:02:19.652350+00:00,970,crypto_futuresking
1184100,35784,"✅ Long

#BCH/USDT

Entry zone : 247.61 - 255.27

T...
279.39
287.01

Stop loss :237.4011

Leverage: 10x",80275fd6b56b43510abe23486cc62875,2026-09-08T08:39:43+00:00,2026-09-08T09:02:19.722226+00:00,970,crypto_futuresking
1184093,35775,"📊 Let’s LONG #SOPH /USDT

💥 Leverage:  Cross 20×  ... 0.0105
2) 0.0110
3) 0.0120

🔖 Stop Loss: 0.009380",a4c4481323d9402f509c83a4a8e5fe71,2026-09-08T08:10:46+00:00,2026-09-08T09:02:19.664836+00:00,970,crypto_futuresking
1184072,35762,"🟢#1000CAT/USDT

📈Signal: long Leverage: Cross 20X
...even after TP1 is hit.

📣Trade Smart • Follow Risk",a4e82516159c3d1598e0d9471f3ef8b5,2026-09-08T08:08:41+00:00,2026-09-08T09:02:19.353967+00:00,970,crypto_futuresking
1184075,35742,"🟢COIN: #SOPH /USDT (LONG)

📊 Leverage 25x to 50x

...ENT IS KEY
Use only 1–2% of your capital per trade",9f950d7dc90f80592a5a4685a8437c32,2026-09-08T08:02:30+00:00,2026-09-08T09:02:19.420691+00:00,970,crypto_futuresking
1184067,35741,"🚨 #FLOCK/USDT | LONG

⚡Leverage: Cross 50x

🎯Entry... — follow the sign and secure profits at targets.💎",9dc2ca9320f782852732014ba38cbf8c,2026-09-08T08:02:06+00:00,2026-09-08T09:02:19.273206+00:00,970,crypto_futuresking
1184069,35740,"🚨 #SOPH/USDT | LONG

⚡Leverage: Cross 50x

🎯Entry ... follow the signal and secure profits at targets.💎",f858ed14c5ae7858f4b973e14c154c15,2026-09-08T08:01:54+00:00,2026-09-08T09:02:19.323667+00:00,970,crypto_futuresking
1184066,35738,"🟢#SOPH/USDT

📈Signal: long Leverage: Cross 20X

⚡️...even after TP1 is hit.

📣Trade Smart • Follow Risk",af771b04c9351b9f49beb5f66ced1129,2026-09-08T08:01:34+00:00,2026-09-08T09:02:19.255580+00:00,970,crypto_futuresking
1184063,35736,"🚨 #USELESS/USDT — LONG SETUP

📍 Entry Zone: 0.215 ...ou can afford to lose.

🔥 Trade Safe. Trade Smart.",562b75877780b1c80c254df1e134a8b5,2026-09-08T08:00:35+00:00,2026-09-08T09:02:19.203433+00:00,970,crypto_futuresking
1187524,35863,"🔴 Short

Pair: #VET/USDT

📊 Entry Price: 

1) 0.00...) 0.007186

Stop Loss: 0.008207

Leverage: 10x-20x",01b0c40405f86ec6112fd3f949c8ead1,2026-09-08T10:04:29+00:00,2026-09-08T10:39:10.632745+00:00,970,crypto_futuresking
1187514,35862,"🔴 Short

Pair: #VET/USDT

📊 Entry Price: 

1) 0.00...) 0.007186

Stop Loss: 0.008207

Leverage: 10x-20x",01b0c40405f86ec6112fd3f949c8ead1,2026-09-08T10:04:28+00:00,2026-09-08T10:39:10.435900+00:00,970,crypto_futuresking
1187529,35859,"✨TAO/USDT

🎗 Trade Type = LONG 🟢

⭐️ Leverage :- 2...[ 258.14, 260.59, 263.33, 265.79, 269.19, 272.08 ]",72cbc34dd99a49d0b51ea5bfb5fce89f,2026-09-08T10:02:47+00:00,2026-09-08T10:39:10.727886+00:00,970,crypto_futuresking
1187522,35857,"$ATOM

LONG | Entry: 1.654
TP1: 1.701
TP2: 1.762
TP3: 1.825
SL: 1.597",e933cb6bf2c9d47c0f595c34aed5d402,2026-09-08T09:58:12+00:00,2026-09-08T10:39:10.607220+00:00,970,crypto_futuresking
1187516,35856,"#SOPH USDT — BUY (LONG) 
🎉
🟢 Leverage: Cross  50x7...Risk Management:
Use only 2%– 3%of your portfolio.",63a082d32c183342c6d055fa8d874a02,2026-09-08T09:54:39+00:00,2026-09-08T10:39:10.489142+00:00,970,crypto_futuresking
1187526,35852,IOSTUSDT LONG NOW,cd9fa5befd256cfca5a75831e938068b,2026-09-08T09:54:38+00:00,2026-09-08T10:39:10.667103+00:00,970,crypto_futuresking
1187519,35855,"⭐️$IOST/USDT  LONG

🛡Leverage : Cross 25x50

‼️Ent...008486

Use only 3% - 5% amount of your portfolio🛍",483c31e96d8aab0264adf8f189341fcc,2026-09-08T09:54:38+00:00,2026-09-08T10:39:10.535529+00:00,970,crypto_futuresking
1187518,35853,BTRUSDT LONG NOW,bb5b5b885c596b1d0121d18ff069f372,2026-09-08T09:54:38+00:00,2026-09-08T10:39:10.525816+00:00,970,crypto_futuresking
1187525,35851,"⭐️$BTR/USDT  LONG

🛡Leverage : Cross 25x50

‼️Entr....04664

Use only 3% - 5% amount of your portfolio🛍",3bec9a87947613cd2ac2c282d63fa8ef,2026-09-08T09:54:37+00:00,2026-09-08T10:39:10.647559+00:00,970,crypto_futuresking
1187502,35850,"📊 #ON/USDT

🟢 POSITION: LONG

💰 ENTRY RANGE
➤ 0.19...
➤ 0.170

━━━━━━━━━━━━━━━━━━

✅ Manage risk wisely",c9240ad7dd0e67b4f029cb793c881272,2026-09-08T09:54:37+00:00,2026-09-08T10:39:10.075059+00:00,970,crypto_futuresking
1189366,35902,"🚀 #OVER99WINS | TRADE SETUP 🚀

⭐ CROSS /USDT — LON...o

📌 Follow the setup and manage your risk wisely.",62b1a0aee3bebbb68de14a8be8fa7afd,2026-09-08T12:10:21+00:00,2026-09-08T12:12:54.171535+00:00,970,crypto_futuresking
1189368,35901,"🚀 #OVER99WINS | TRADE SETUP 🚀

⭐ CROSS /USDT — LON...o

📌 Follow the setup and manage your risk wisely.",62b1a0aee3bebbb68de14a8be8fa7afd,2026-09-08T12:10:20+00:00,2026-09-08T12:12:54.174648+00:00,970,crypto_futuresking
1189372,35895,"🟢 Long

#ZRX/USDT

Entry : 

1) 0.0992
2) 0.0962

...0.1059

🛑 Stop : 0.0929

Leverage : 10x (isolated)",70e5a0ed8f6f2904a9f8878e40b900f0,2026-09-08T11:36:42+00:00,2026-09-08T12:12:54.248635+00:00,970,crypto_futuresking
1189370,35897,"Coin #USELESS/USDT

Position: LONG 

Leverage:  Cr...rgets: 🎯 0.2510, 0.2780, 0.3200

Stop Loss: 0.2150",fd905af4d55ab0480d3f740fdf20ed57,2026-09-08T11:36:42+00:00,2026-09-08T12:12:54.232477+00:00,970,crypto_futuresking
1189365,35896,"🚩 SHORT #ACE/USDT

⚙️ 20X LEVERAGE

🛡 Entry: 0.169...2: 0.16000
TP3: 0.15000

🛑 SL: 0.2300

🔥REACTIONS?",f5294175fc872c9fbeeaba7021aefd57,2026-09-08T11:36:42+00:00,2026-09-08T12:12:54.111429+00:00,970,crypto_futuresking
1189361,35894,"🚩 SHORT #ON/USDT

⚙️ 50X LEVERAGE

🛡 Entry: 0.2064...TP2: 0.1960
TP3: 0.1860

🛑 SL: 0.2300

🔥REACTIONS?",11ac8a12c558a9d15fb3d909d7e26b44,2026-09-08T11:36:42+00:00,2026-09-08T12:12:54.015152+00:00,970,crypto_futuresking
1189363,35892,"🚩 SHORT #ON/USDT

⚙️ 50X LEVERAGE

🛡 Entry: 0.2064...TP2: 0.1960
TP3: 0.1860

🛑 SL: 0.2300

🔥REACTIONS?",11ac8a12c558a9d15fb3d909d7e26b44,2026-09-08T11:36:41+00:00,2026-09-08T12:12:54.080748+00:00,970,crypto_futuresking
1189359,35890,"🚨 #USELESS/USDT | SHORT

⚡Leverage: Cross 50x

🎯En... follow the signal and secure profits at targets.💎",ae9aeae95ce00f709405b5ea27b66eb1,2026-09-08T11:11:28+00:00,2026-09-08T12:12:53.998754+00:00,970,crypto_futuresking
1189371,35888,"📊#VET/USDT — LONG

⚡️ Leverage : 20X – 35X

💹Entry...Entry After TP1

⚖️ Follow Proper Risk Management.",a06dd4fb911de4e272701259c6f646ab,2026-09-08T11:10:42+00:00,2026-09-08T12:12:54.238908+00:00,970,crypto_futuresking
1189362,35882,"📊#VET/USDT — LONG

⚡️ Leverage : 20X – 35X

💹Entry...Entry After TP1

⚖️ Follow Proper Risk Management.",a06dd4fb911de4e272701259c6f646ab,2026-09-08T10:41:39+00:00,2026-09-08T12:12:54.053704+00:00,970,crypto_futuresking
1189354,35881,"#XPL/USDT

LONG LONG LONG 

OPEN MARKET PRICE 

TP...50
TP 0.10650
TP 0.10800

SL 0.09510

Leverage 25X",08393aba3e8b1223fb6183d9425e222f,2026-09-08T10:41:37+00:00,2026-09-08T12:12:53.764172+00:00,970,crypto_futuresking
1189353,35879,"🌹 #XPL/USDT

🟢 LONG

✅ Entry: 0.09965- 0.09823

❌ ...l advice.
💰 Stay disciplined. Protect your capital",5c9c2b0fcbf9c732850b0033e786a345,2026-09-08T10:41:37+00:00,2026-09-08T12:12:53.748547+00:00,970,crypto_futuresking
1192192,35923,"SOL/USDT My Long Trade Idea 💡

Leverage 100X

Entr....500

Stop Loss   102.300

Follow Money Management",638f8c9df4fbb77ae5cfea3453f3e4f9,2026-09-08T12:50:52+00:00,2026-09-08T13:37:07.229982+00:00,970,crypto_futuresking
1192183,35922,🟢SOL/USDT LONG NOW,7ff52273b6f78091a181577af78c35a9,2026-09-08T12:50:52+00:00,2026-09-08T13:37:07.171530+00:00,970,crypto_futuresking
1192198,35918,"🚨 #USELESS/USDT | SHORT

⚡Leverage: Cross 50x

🎯En... follow the signal and secure profits at targets.💎",5f4e0ec37d0d23e910f3c8c815f010e7,2026-09-08T12:29:06+00:00,2026-09-08T13:37:07.263723+00:00,970,crypto_futuresking
1192189,35914,"🚀 #BICOUSDT LONG SIGNAL 🚀
📍 Entry: 0.02475


🎯 Tak... your risk, and let's catch this move together! 🪙🔥",5742031480c613350992b54c39358763,2026-09-08T12:23:41+00:00,2026-09-08T13:37:07.221151+00:00,970,crypto_futuresking
1192184,35913,BICO LONG 0.02475 tp1 0.02530,4378d9e942e2538b2cccb2bdc98e9f74,2026-09-08T12:23:41+00:00,2026-09-08T13:37:07.172832+00:00,970,crypto_futuresking
1192179,35910,"🟢#VVV/USDT

📈Signal: long Leverage: Cross 20X

⚡️E...even after TP1 is hit.

📣Trade Smart • Follow Risk",d755d163c291376c1251bfcc228ab4ae,2026-09-08T12:23:22+00:00,2026-09-08T13:37:07.123062+00:00,970,crypto_futuresking
1194653,35998,"#VET buy setup long 

Tp 0.0080$-0.0085$-0.01-0.012-0.016$ 

Stop lose 0.0072$ 

Use 5X",76b30c16b14ad2e4c0576a451ecf501d,2026-09-08T14:55:49+00:00,2026-09-08T15:05:34.425368+00:00,970,crypto_futuresking
1194643,35996,"#SCR/USDT BUY (LONG) 

⚡️Leverage : Cross 25x to 5...02330

⚠️Use only 3% - 5% amount of your portfolio",c420025546c6feb5c2df0d8d63b2d9bd,2026-09-08T14:54:47+00:00,2026-09-08T15:05:34.343682+00:00,970,crypto_futuresking
1194607,35983,"🟢#FLOCK/USDT

📈Signal: long Leverage: Cross 20X

⚡...even after TP1 is hit.

📣Trade Smart • Follow Risk",1fbba236c256dda308a9289583208a9c,2026-09-08T14:34:13+00:00,2026-09-08T15:05:33.907049+00:00,970,crypto_futuresking
1194628,35971,"🔴SHORT  #BTCUSDT

🔶 Entry : 78300 - 78400

➡️ Leve...ake Profit Targets :

👉 77300

🛑 Stop Loss : 79500",ea6f2ec4256ae0c6dfad5b1d7400de46,2026-09-08T14:25:52+00:00,2026-09-08T15:05:34.212289+00:00,970,crypto_futuresking
1194648,35968,"🚀 #AKEUSDT LONG SIGNAL 🚀
📍 Entry: 0.01975


🎯 Take... your risk, and let's catch this move together! 🪙🔥",812bbd2204d0d5e93628aa3d818d2689,2026-09-08T14:25:39+00:00,2026-09-08T15:05:34.353552+00:00,970,crypto_futuresking
1194624,35964,"#WLD $WLD LONG TRADE

ENTRY: 0.47

TARGET: 0.51

STOPLOSS: 0.4562",2f6f2c577ce4f26b9a441f54cc89f4f0,2026-09-08T14:14:58+00:00,2026-09-08T15:05:34.198121+00:00,970,crypto_futuresking
1194626,35962,"EXCHANGE/BYBIT/BITUNIX/OKX📌 


DAY TRADE 🏆

LONG/H...agement 🏆


Use only 5% of your 📈Available balance",5667c32ed326163e05727fb94bd0ef05,2026-09-08T14:14:46+00:00,2026-09-08T15:05:34.205252+00:00,970,crypto_futuresking
1194617,35960,"🚀 #MEGAUSDT LONG SIGNAL 🚀
📍 Entry: 0.04210


🎯 Tak... your risk, and let's catch this move together! 🪙🔥",d66235661dbcf31b41bfa2ffa936c4fc,2026-09-08T14:14:34+00:00,2026-09-08T15:05:34.095371+00:00,970,crypto_futuresking
1194619,35949,"✅ Long

Pair: #NEO/USDT

📊 Entry Price: 

1) 2.160....262
4) 2.307

Stop Loss: 2.023

Leverage: 10x-20x",0292e0c3540914601366ffe866ce8d6b,2026-09-08T13:47:44+00:00,2026-09-08T15:05:34.150373+00:00,970,crypto_futuresking
1194651,35948,"#SHORT 🔴 🔤🔤🔤🔤🔤

#DOGE/USDT 

Margin Mode : Isolate...32

🟩 SL : 0.09206 - 100%

📊 LEV : 20X

🇯🇵 Premium",42ade274659390e05ee7944da36c9edd,2026-09-08T13:47:41+00:00,2026-09-08T15:05:34.371750+00:00,970,crypto_futuresking
1194614,35946,"✅ Long

Pair: #NEO/USDT

📊 Entry Price: 

1) 2.160....262
4) 2.307

Stop Loss: 2.023

Leverage: 10x-20x",0292e0c3540914601366ffe866ce8d6b,2026-09-08T13:47:40+00:00,2026-09-08T15:05:34.085928+00:00,970,crypto_futuresking
1197655,36085,"ADA/USD SELL 

Entry : $ 0.22657

Target1: $  0.22...2: $  0.21596
Target3: $  0.20810


SL : $ 0.23467",0db37ffc9d542660f4ca178643eaeb99,2026-09-08T16:29:54+00:00,2026-09-08T16:32:56.917277+00:00,970,crypto_futuresking
1197658,36082,"ETH/USD SELL 

Entry : $ 2491.36

Target1: $  2469
Target2: $  2442
Target3: $  2414


SL : $ 2520",1b481bf37c2bdd04a572129a1fc9d3d6,2026-09-08T16:28:35+00:00,2026-09-08T16:32:56.920105+00:00,970,crypto_futuresking
1197659,36079,"🔴 Short

Pair: #ATOM/USDT

📊 Entry Price: 

1) 1.7....702
4) 1.664

Stop Loss: 1.900

Leverage: 10x-20x",f6e6cb0cbd004f5b1cb89b18d1843899,2026-09-08T16:21:27+00:00,2026-09-08T16:32:56.963355+00:00,970,crypto_futuresking
1197653,36076,"$INJ LONG🟢 (25x Lev)

Entry- 6.40$

Targets- 6.493$- 6.567$- 6.672$- 

Stop Loss- 6.175$",1e7bed57d5def32f86be56877a546a0c,2026-09-08T16:16:50+00:00,2026-09-08T16:32:56.884877+00:00,970,crypto_futuresking
1197637,36070,"💰#EPIC/ USDT👑

💎Setup Type: Strong LONG  🔖Opportun...

🥉TP ➝ 0.5000

4️⃣TP ➝ 0.7500

🚫Stop Loss: 0.2700",feac76989618d1a3284df6ad8c5fc40e,2026-09-08T16:15:55+00:00,2026-09-08T16:32:56.758744+00:00,970,crypto_futuresking
1197628,36071,"🚨 #VVV/USDT | LONG

⚡Leverage: Cross 50x

🎯Entry T... follow the signal and secure profits at targets.💎",2cb9b3a7e7181016dd95ac0d9e278cfc,2026-09-08T16:15:55+00:00,2026-09-08T16:32:56.688862+00:00,970,crypto_futuresking
1197650,36067,"#USELESS /USDT BUY (LONG) 

⚡️Leverage : Cross 25x....2800

⚠️Use only 3% - 5% amount of your portfolio",630f4cdb7b90f547e8fd50a772ac8550,2026-09-08T16:13:01+00:00,2026-09-08T16:32:56.852623+00:00,970,crypto_futuresking
1197656,36062,"🟢COIN: #USELESS  /USDT (LONG)

📊 Leverage 25x to 5...ENT IS KEY
Use only 1–2% of your capital per trade",84664e01b4fc499de60dffe4ce6a9597,2026-09-08T16:12:46+00:00,2026-09-08T16:32:56.916435+00:00,970,crypto_futuresking
1197646,36061,"💰#KAITO/ USDT👑

💎Setup Type: Strong LONG  🔖Opportu...

🥉TP ➝ 0.4000

4️⃣TP ➝ 0.5000

🚫Stop Loss: 0.2900",243684d7c15f8f20c16ef455c820063a,2026-09-08T16:12:46+00:00,2026-09-08T16:32:56.820101+00:00,970,crypto_futuresking
1197644,36054,"📊 Let’s LONG #USELESS /USDT

💥 Leverage:  Cross 20...1) 0.3070
2) 0.3180
3) 0.3400

🔖 Stop Loss: 0.2800",9bbbe4afae3c4780070a1de8d8074d3e,2026-09-08T16:12:20+00:00,2026-09-08T16:32:56.803921+00:00,970,crypto_futuresking
1197622,36047,"🚀 #AKEUSDT LONG SIGNAL 🚀
📍 Entry: 0.01972


🎯 Take... your risk, and let's catch this move together! 🪙🔥",a62eaf78ee06fcb00aeed526d7c17a2b,2026-09-08T16:03:18+00:00,2026-09-08T16:32:56.544159+00:00,970,crypto_futuresking
1197630,36046,"✅Entry 0.6417 -0.6320

(🆘LONG AEROUSDT 5-20x🆘)

🏹 ... 5  $0.6803
🏹Target 6  $0.6900

🚫Stop loss -0.6058",fd9b94cf96ff53ae8188432612acf6e3,2026-09-08T16:03:17+00:00,2026-09-08T16:32:56.689621+00:00,970,crypto_futuresking
1197657,36042,LONG AERO 0.64367,9bf24c2e736597dd6f3c5c01a06436ee,2026-09-08T16:03:13+00:00,2026-09-08T16:32:56.919436+00:00,970,crypto_futuresking
1197619,36024,"🚀 LONG: $FORM/USDT
LEVERAGE: 50x

✔️ENTRY PRICE: 0...3180-0.3310-0.3600

STOP LOSS:  0.2925

REACTIONS?",9bc702500e655ece5fa977f5e88b02eb,2026-09-08T15:42:59+00:00,2026-09-08T16:32:56.529910+00:00,970,crypto_futuresking
1197606,36023,"📈 LONG #FORM/USDT

🚀 LEVERAGE : 50x

📊 ENTRY PRICE...

TP🟢0.330

TP🟢0.350

STOPLOSS 🔴0.290


REACTIONS?",7209223dce21df370272d47901a82a61,2026-09-08T15:42:58+00:00,2026-09-08T16:32:56.276469+00:00,970,crypto_futuresking
1197604,36021,"#SOPH USDT — SELL (SHORT) 
🎉
🟢 Leverage: Cross  50...Risk Management:
Use only 2%– 3%of your portfolio.",28cccd5326a409bae402cf01ff453cb7,2026-09-08T15:41:11+00:00,2026-09-08T16:32:56.255809+00:00,970,crypto_futuresking
1197615,36014,"🔴 SHORT

#ADA/USDT

Entry zone : 0.23545 - 0.22860....20676
0.19987

Stop loss :0.244602

Leverage: 10x",69cba36ed5bea87e83911f509b93a798,2026-09-08T15:32:42+00:00,2026-09-08T16:32:56.459622+00:00,970,crypto_futuresking
1197614,36012,"⭐️$SOPH/USDT  SHORT

🛡Leverage : Cross 25x50

‼️En...009351

Use only 3% - 5% amount of your portfolio🛍",1cc2d02676261e1e75e6d144590fcac0,2026-09-08T15:29:04+00:00,2026-09-08T16:32:56.461311+00:00,970,crypto_futuresking
1197601,36010,SOPHUSDT SHORT NOW,53ed0e1333eddd4968f5848cea7fc141,2026-09-08T15:29:03+00:00,2026-09-08T16:32:56.240904+00:00,970,crypto_futuresking
1203254,36161,"💫 Pair: ZEC/USDT  💫

🔼 Direction: Long 🔼

✅ Levera...ke Profit: 1250.00 📈

⚠️ Stop Loss: 1145.00 ⚠️

📈📈",fd2ec6eab605580fc0923f6be72b4256,2026-09-08T19:14:54+00:00,2026-09-08T19:19:33.697121+00:00,970,crypto_futuresking
1203248,36162,"🔰 PAIR: XRP/ USDT 💹

🟢Position: LONG🚀

☑️ Entry Zo...:
🥇 1.4351
🥈 1.4472
🥉 1.4727

❌ Stop Loss: 🔴1.4007",bdf981fbd2fec28f5c734b78aae76864,2026-09-08T19:14:54+00:00,2026-09-08T19:19:33.640993+00:00,970,crypto_futuresking
1203245,36164,"$ETCUSDT

LONG

RR : 2

LEVERAGE : 25x

ENTRY : 8.750

TAKE PROFITS 👇

1️⃣ 9.136

STOPLOSS : 8.561",2896f23036f09b3d12b0e8e67f27bca2,2026-09-08T19:14:54+00:00,2026-09-08T19:19:33.616239+00:00,970,crypto_futuresking
1201416,36130,"↗️ SHORT CALL ( BINANCE ) 

#CGPT/USDT 🥂

Signal T...17x LEVERAGE 👀

TAKE PROFIT -  0.01950 - 0.01700🔥🔥",dff4c61ea2287a89c21ec777035b9e88,2026-09-08T17:39:23+00:00,2026-09-08T18:02:20.907197+00:00,970,crypto_futuresking
1201404,36105,"🚨 #SOPH/USDT | SHORT

⚡Leverage: Cross 50x

🎯Entry... follow the signal and secure profits at targets.💎",e9d27d82d3661a9e920fc356245f0e6c,2026-09-08T16:53:39+00:00,2026-09-08T18:02:20.775731+00:00,970,crypto_futuresking
1201426,36102,"📊 Let’s LONG #USELESS/USDT

💥 Leverage:  Cross 20×...s: 

1) 0.302
2) 0.313
3) 0.330

🔖 Stop Loss: 0.27",1941e0c8f37976d3b9f36150d8a8a90f,2026-09-08T16:53:32+00:00,2026-09-08T18:02:20.934438+00:00,970,crypto_futuresking
1201420,36099,"🟢COIN: #USELESS  /USDT (LONG)

📊 Leverage 25x to 5...ENT IS KEY
Use only 1–2% of your capital per trade",e01db7d0f839292228d2c523f619fac0,2026-09-08T16:51:02+00:00,2026-09-08T18:02:20.927297+00:00,970,crypto_futuresking
1201414,36094,"🔴 SHORT

#ETC/USDT

Entry : 

1) 8.739
2) 9.001

T...) 8.134

🛑 Stop : 9.289

Leverage : 10x (isolated)",35c1df28b1aac9da882b547546e6f518,2026-09-08T16:39:00+00:00,2026-09-08T18:02:20.899906+00:00,970,crypto_futuresking
1201407,36093,"💰#SOPH/ USDT👑

💎Setup Type: Strong SHORT  🔖Opportu...➝ 0.005300

4️⃣TP ➝ 0.004000

🚫Stop Loss: 0.007500",5083a42f0448d225c61ab08b0c02f2d7,2026-09-08T16:36:05+00:00,2026-09-08T18:02:20.875025+00:00,970,crypto_futuresking
1201401,36092,"#SOL

After the nearest high is broken, a shift in...gets: 104.57 / 105.88 / 110.21
📉 Stop Loss: 100.11",cd2f58f8b940813a180c2aa1c0f879c0,2026-09-08T16:36:05+00:00,2026-09-08T18:02:20.520473+00:00,970,crypto_futuresking
1201399,36089,"📊 Let’s SHORT #SOPH /USDT

💥 Leverage:  Cross 20× ....00630
2) 0.00600
3) 0.00530

🔖 Stop Loss: 0.00700",9c2a2fea5fe184b88c6aa68131697710,2026-09-08T16:33:39+00:00,2026-09-08T18:02:20.477961+00:00,970,crypto_futuresking
1213427,36316,"🚀 #OVER99WINS | TRADE SETUP 🚀

⭐ LIT /USDT — LONG
...o

📌 Follow the setup and manage your risk wisely.",366c4026d43441f6a6130c8a6f634d86,2026-09-09T07:06:29+00:00,2026-09-09T07:06:39.487962+00:00,970,crypto_futuresking
1213328,36309,"🚀 $LIT/USDT PERP 🚀

🟢 LONG

💰 Entry : 5.03$ – 4.80...: 5X – 25X

⛔️ SL : 4.35$

📌 Use Only 2-5% Capital",b805282f609bbde6a63b79aff9a22479,2026-09-09T07:05:44+00:00,2026-09-09T07:05:52.538325+00:00,970,crypto_futuresking
1213246,36308,"🟢 Long

#THETA/USDT

Entry : 

1) 0.1773
2) 0.1719...0.1894

🛑 Stop : 0.1661

Leverage : 10x (isolated)",0f18baed1f117db213d624ad54956818,2026-09-09T07:05:34+00:00,2026-09-09T07:05:43.177711+00:00,970,crypto_futuresking
1213239,36307,"✅ Long

Pair: #ZIL/USDT

📊 Entry Price: 

1) 0.002...0.0030599

Stop Loss: 0.0026835

Leverage: 10x-20x",babec39b2ae80cc19f47d31fbaed4706,2026-09-09T07:05:30+00:00,2026-09-09T07:05:33.170843+00:00,970,crypto_futuresking
1213238,36305,"🟢CATI/USDT 📈

📈 long Setup 

💰 Entry Zone: 0.0634–...et 1. 
✅ Move SL to breakeven after Target 1 hits.",1a7b08794f0da467a5add8eb42f6f449,2026-09-09T07:05:22+00:00,2026-09-09T07:05:33.169010+00:00,970,crypto_futuresking
1213237,36304,"📊 Let’s LONG #LIT/USDT

💥 Leverage:  Cross 20×  - ...1) 5.3785
2) 5.5650
3) 5.7520

🔖 Stop Loss: 4.9045",34061fdd1ee8995b05c7b17fec7c22f7,2026-09-09T07:05:19+00:00,2026-09-09T07:05:22.195737+00:00,970,crypto_futuresking
1213229,36303,"🪙 Coin: #FF/USDT
🧭 Type: #LONG

📈 Entry Zone:
0.15... within the zone and maintain strict risk control.",a70f433ee612e963f79b78338c2f2b9d,2026-09-09T07:05:09+00:00,2026-09-09T07:05:11.865355+00:00,970,crypto_futuresking
1213230,36302,"🔰 VVV/USDT 🔰

🟢 LONG 20X

🔳 ENTRY :- 26.80

☑️ TARGET:- 27.50 - 28.70- 31.00

🔴 STOP :- 23.70",3974e3bf3f56c5e7e0bf7e66da08d95f,2026-09-09T07:05:05+00:00,2026-09-09T07:05:11.877538+00:00,970,crypto_futuresking
1213228,36301,"$KAT/USDT now at current market price (Spot + Futu...$0.0062
2. $0.0065
3. $0.0067

Stop loss : $0.0054",f1f29d80264ecb8fde309af2b8b00070,2026-09-09T07:05:01+00:00,2026-09-09T07:05:03.211129+00:00,970,crypto_futuresking
1213133,36299,"$KAT/USDT #LONG📩

✅ENTRY :-0.0060/0.005750

Target...𝐎𝐧𝐥𝐲 𝟏-𝟑% 𝐎𝐟 𝐎𝐮𝐫 𝐃𝐞𝐩𝐨𝐬𝐢𝐭 𝐅𝐨𝐫 𝐄𝐚𝐜𝐡 𝐓𝐫𝐚𝐝𝐞

React,??m",4aa3fe41d1eb57e773bf99b2ecae8d34,2026-09-09T07:04:39+00:00,2026-09-09T07:04:42.456601+00:00,970,crypto_futuresking
1213131,36297,"Coin #SKR/USDT

Position: LONG 

Leverage:  Cross ...rgets: 🎯 0.0251, 0.0286, 0.0319

Stop Loss: 0.0202",3f964ee6c0050eb4112449bc0bd5948f,2026-09-09T07:04:35+00:00,2026-09-09T07:04:42.428092+00:00,970,crypto_futuresking
1213043,36294,"🐳 BTR/USDT #LONG🐳

✳️ ENTRY :- 0.05170 - 0.05000

...: 0.060

⛔️ STOP-LOSS :- 0.047

☝️ Margin Use 2–3%",571727bfc82d18a1b2156be39df58c6f,2026-09-09T07:04:14+00:00,2026-09-09T07:04:15.829022+00:00,970,crypto_futuresking
1213045,36293,"⚡️$VVV/USDT⚡️

LONG
Leverage: 20X

Entry: 26.80

Target:

1)27.50
2)28.70
3)31.00

Stoploss: 23.70",039358edd671a7812132a8385a42b639,2026-09-09T07:04:11+00:00,2026-09-09T07:04:15.852427+00:00,970,crypto_futuresking
1213042,36291,"#MARSCOIN/USDT LONG     

👉Leverage : Cross 10× To...

1)  0.135
2)  0.139
3)  0.145

⭕Stoploss : 0.126",6d0f1b1457dd95d233405b6234a2c734,2026-09-09T07:03:57+00:00,2026-09-09T07:04:04.740240+00:00,970,crypto_futuresking
1213000,36289,"🔴 SHORT

#ZRX/USDT

Entry zone : 0.1084 - 0.1053

...
0.0952
0.0920

Stop loss :0.112671

Leverage: 10x",8f846f042f1d77e76cfab4d2ba99439c,2026-09-09T07:03:49+00:00,2026-09-09T07:03:56.771524+00:00,970,crypto_futuresking
1212995,36287,"✅ Long

#IOST/USDT

Entry zone : 0.00080694 - 0.00...
0.00093534

Stop loss :0.000773667

Leverage: 10x",551734e3dee410edcc40dd6b286039c0,2026-09-09T07:03:26+00:00,2026-09-09T07:03:33.819531+00:00,970,crypto_futuresking
1212885,36284,"#MAGMAUSDT — BUY (LONG) 
🎉
🟢 Leverage: Cross  25x7...Risk Management:
Use only 2%– 3%of your portfolio.",07471ae1821452304aecdfa676f3be7d,2026-09-09T07:03:00+00:00,2026-09-09T07:03:18.656352+00:00,970,crypto_futuresking
1212888,36283,"#GPSUSDT — BUY (LONG) 
🎉
🟢 Leverage: Cross  20x50
...Risk Management:
Use only 2%– 3%of your portfolio.",3ae70757d0c416bd80c692c737e9936e,2026-09-09T07:02:43+00:00,2026-09-09T07:03:18.690884+00:00,970,crypto_futuresking
1212884,36282,"🟢#IOST/USDT

📈Signal: long Leverage: Cross 20X

⚡️...even after TP1 is hit.

📣Trade Smart • Follow Risk",610eddc347ff650ace42276185e0965c,2026-09-09T07:02:35+00:00,2026-09-09T07:03:18.654765+00:00,970,crypto_futuresking
1212889,36279,"📊 Let’s SHORT #FF/USDT

💥 Leverage:  Cross 20×  - ...: 

1) 0.140
2) 0.132
3) 0.125

🔖 Stop Loss: 0.155",8ea8a208a9720f01e6893eeff8f143ee,2026-09-09T07:02:00+00:00,2026-09-09T07:03:18.693969+00:00,970,crypto_futuresking
1212875,36278,"📊 Let’s LONG #HYPE/USDT

💥 Leverage:  Cross 20×  -...: 

1) 86.80
2) 87.66
3) 88.70

🔖 Stop Loss: 83.70",b2b015bce27228413aa1d4887b5a85f6,2026-09-09T07:01:53+00:00,2026-09-09T07:03:18.602893+00:00,970,crypto_futuresking
1212898,36277,"📊 Let’s SHORT #BEAT/USDT

💥 Leverage:  Cross 20×  ...1) 0.1230
2) 0.1190
3) 0.1135

🔖 Stop Loss: 0.1310",af1ac6ea4baa1d02c39ce5693594572e,2026-09-09T07:01:45+00:00,2026-09-09T07:03:18.812638+00:00,970,crypto_futuresking
1212861,36268,"📍Coin : #DOT/USDT

🔴 SHORT 

👉 Entry: 1.1820 - 1.2...t 5: 1.1250
🎯 Target 6: 1.1105

❌ StopLoss: 1.2490",68ea2c8db9456b6b5029730f6507c475,2026-09-09T07:00:22+00:00,2026-09-09T07:03:18.476333+00:00,970,crypto_futuresking
1212844,36211,"🚀 #LITUSDT LONG SIGNAL 🚀

📌 ENTRY ➜ 5.2100

🎯 TAKE...ch this move together!

💱 Trade Smart • Trade Safe",e8fadb0042b3fadbd1862b4755eb319d,2026-09-09T06:33:21+00:00,2026-09-09T07:03:17.707321+00:00,970,crypto_futuresking
1212840,36210,LIT LONG 5.2155 TP1 5.3245,f39dc0bbdb647c929b242c968a468493,2026-09-09T06:33:21+00:00,2026-09-09T07:03:17.655944+00:00,970,crypto_futuresking
1212837,36203,"📊 #USELESS/USDT

🟢 POSITION: LONG

💰 ENTRY RANGE
➤...
➤ 0.240

━━━━━━━━━━━━━━━━━━

✅ Manage risk wisely",b09f51c77e9d1a802edbc160058961d5,2026-09-09T06:13:33+00:00,2026-09-09T07:03:17.240044+00:00,970,crypto_futuresking
1212836,36201,"⌛#SUI/USDT  ( SHORT )

🍁 Leverage 👉 20X to 25X 

⛩...34 | 0.7763 | 0.7654 | 0.7564

🔕 Stoploss = 0.8299",06705001f3f8e9c2a1ce68051b303c7a,2026-09-09T06:12:59+00:00,2026-09-09T07:03:17.234474+00:00,970,crypto_futuresking
1217541,36369,"🔴 SHORT

#ATOM/USDT

Entry : 

1) 1.931
2) 1.988

...) 1.797

🛑 Stop : 2.052

Leverage : 10x (isolated)",bc12681428224d3a8884bbf618ad4431,2026-09-09T08:37:49+00:00,2026-09-09T08:37:52.868776+00:00,970,crypto_futuresking
1217542,36368,"🔴 SHORT

#ATOM/USDT

Entry : 

1) 1.931
2) 1.988

...) 1.797

🛑 Stop : 2.052

Leverage : 10x (isolated)",bc12681428224d3a8884bbf618ad4431,2026-09-09T08:37:48+00:00,2026-09-09T08:37:52.877186+00:00,970,crypto_futuresking
1217519,36366,"⚡️$USELESS/USDT⚡️

LONG
Leverage: 25X

Entry: 0.31...
Target:

1)0.325
2)0.365
3)0.425

Stoploss: 0.240",731f4c96babf44e2da7fe8a1d8b11db0,2026-09-09T08:35:26+00:00,2026-09-09T08:37:41.501021+00:00,970,crypto_futuresking
1217506,36360,"📈 LONG #IOST/USDT

🚀 LEVERAGE : 50x

📊 ENTRY PRICE...🟢0.00128

TP🟢0.00135

STOPLOSS 🔴0.0013

REACTIONS?",a71ea14c8d486fe688d4810af0cf5eb2,2026-09-09T08:13:32+00:00,2026-09-09T08:37:41.412847+00:00,970,crypto_futuresking
1217525,36357,"⚡ #XRP/USDT

📤 Long 

💹 Buy: 1.4409 - 1.4000

🧿 Ta...149 - 1.5300

🧨 StopLoss: 1.3640 

🔘 Leverage: 20x",57163b79ae0d731c87d22cacb6519b78,2026-09-09T08:10:19+00:00,2026-09-09T08:37:41.575953+00:00,970,crypto_futuresking
1217507,36353,"🚨 #USELESS/USDT — LONG SETUP

📍 Entry Zone: 0.215 ...ou can afford to lose.

🔥 Trade Safe. Trade Smart.",562b75877780b1c80c254df1e134a8b5,2026-09-09T08:08:29+00:00,2026-09-09T08:37:41.430664+00:00,970,crypto_futuresking
1217509,36352,"Coin #AKE/USDT

Position: LONG 

Leverage:  Cross ...rgets: 🎯 0.0188, 0.0194, 0.0203

Stop Loss: 0.0170",7ad761cdd69d1aefec43cb77fbb950fa,2026-09-09T08:08:11+00:00,2026-09-09T08:37:41.423747+00:00,970,crypto_futuresking
1217510,36351,"Coin #SOPH/USDT

Position: LONG 

Leverage:  Cross...rgets: 🎯 0.0108, 0.0114, 0.0122

Stop Loss: 0.0096",bdf5d696d8f9aabbeadbbd18a004581d,2026-09-09T08:08:07+00:00,2026-09-09T08:37:41.444071+00:00,970,crypto_futuresking
1217513,36350,"#USELESS/USDT LONG     

👉Leverage : Cross 10× To ...

1)  0.240
2)  0.256
3)  0.278

⭕Stoploss : 0.215",929bda7b6705e69f9d4f0ceeca4ca8c7,2026-09-09T08:08:04+00:00,2026-09-09T08:37:41.451778+00:00,970,crypto_futuresking
1217501,36349,"🚀 LONG: $USELESS/USDT🚀
LEVERAGE: 20X-50X

🤍 ENTRY ...60- 0.2780
—————

❌ STOP LOSS: 0.2030❌


REACTIONS",154dd8ac7267710d6affc724f5b40118,2026-09-09T08:06:55+00:00,2026-09-09T08:37:41.307526+00:00,970,crypto_futuresking
1217524,36344,"💰#BR/ USDT👑

💎Setup Type: Strong LONG  🔖Opportunit...TP ➝ 0.35000

4️⃣TP ➝ 0.45000

🚫Stop Loss: 0.27000",514e9bcf1e7839c10ab5748c7abf5d07,2026-09-09T08:00:42+00:00,2026-09-09T08:37:41.568331+00:00,970,crypto_futuresking
1217523,36343,"#LENOVO | LONG SETUP

💰 Entry: $4.116

🎯 Target1: ...t4: $4.27241
🎯 Target5: $4.33003

🛡 STOP: $3.91020",f0fa330ce7fdc729f8b130e5def6a80b,2026-09-09T08:00:42+00:00,2026-09-09T08:37:41.559155+00:00,970,crypto_futuresking
1217511,36345,"🔰 PAIR: AVAX/ USDT 💹

🟢Position: LONG🚀

☑️ Entry Z...gets:
🥇 8.043
🥈 8.066
🥉 8.127

❌ Stop Loss: 🔴7.960",6ba50fe29f6edaa05cc05fd990e5e948,2026-09-09T08:00:42+00:00,2026-09-09T08:37:41.434180+00:00,970,crypto_futuresking
1217504,36342,"🚀 #OVER99WINS | TRADE SETUP 🚀

⭐ BR /USDT — LONG

...o

📌 Follow the setup and manage your risk wisely.",544fda77ccdc85e1aa796ec87a38f743,2026-09-09T08:00:39+00:00,2026-09-09T08:37:41.402419+00:00,970,crypto_futuresking
1219882,36379,"⭐️$SKR/USDT  LONG

🛡Leverage : Cross 25x50

‼️Entr...020890

Use only 3% - 5% amount of your portfolio🛍",edd886f37f3ed4e5973627300a943e36,2026-09-09T09:09:01+00:00,2026-09-09T10:06:35.355626+00:00,970,crypto_futuresking
1219889,36377,"SHORT🚨

NCLD/USDT

MARKET PRICE

Leverage: 10X/25X... 5% of Your capital

Apply proper risk management📈",bba45537a39f414c31a25092079eab23,2026-09-09T09:07:57+00:00,2026-09-09T10:06:35.403275+00:00,970,crypto_futuresking
1219881,36374,"$SOLUSDT

LONG

RR : 2

LEVERAGE : 35x

ENTRY : 10....38

TAKE PROFITS 👇

1️⃣ 107.44

STOPLOSS : 102.87",d615d0d911101ab207110b2aad0944a9,2026-09-09T09:07:56+00:00,2026-09-09T10:06:35.345737+00:00,970,crypto_futuresking
1219878,36372,"📈 LONG #ATOM/USDT

🚀 LEVERAGE : 75x

📊 ENTRY PRICE...1.99

TP🟢2.05

TP🟢2.15

STOPLOSS 🔴1.84

REACTIONS?",a6e1fc32d1e25050e08063767f842adb,2026-09-09T08:56:39+00:00,2026-09-09T10:06:35.110119+00:00,970,crypto_futuresking
1221493,36460,"⭐️$RAY/USDT  LONG

🛡Leverage : Cross 50x75

‼️Entr...1.1386

Use only 3% - 5% amount of your portfolio🛍",9d65fc079f486c3f97a29b91070a6865,2026-09-09T11:41:02+00:00,2026-09-09T11:56:17.665255+00:00,970,crypto_futuresking
1221511,36459,"Use only 2% Funds

#XRP/USDT (SHORT)

Entry 1 = 1....Profit
T.P 3 = 1000% Profit 

🔴Stop loss at 1.4950",72d3b530691c46dedf8bef3cf6d4dcae,2026-09-09T11:38:21+00:00,2026-09-09T11:56:17.791139+00:00,970,crypto_futuresking
1221507,36452,"✨ATOM/USDT

🎗 Trade Type = SHORT 🔴

⭐️ Leverage :-...fit = [ 1.918, 1.896, 1.876, 1.855, 1.836, 1.813 ]",2cc626ded2107daa367cf41923260742,2026-09-09T11:18:06+00:00,2026-09-09T11:56:17.769797+00:00,970,crypto_futuresking
1221483,36447,"📈 LONG #KAT/USDT

🚀 LEVERAGE : 50x

📊 ENTRY PRICE ...P🟢0.0059

TP🟢0.0062

STOPLOSS 🔴0.0053


REACTIONS?",a930e04ab0e969acd3a8be7b4d496979,2026-09-09T11:13:56+00:00,2026-09-09T11:56:17.414565+00:00,970,crypto_futuresking
1221501,36443,"🚨 $VVV/USDT | LONG

⚡Leverage: Cross 25x

🎯Entry T... follow the signal and secure profits at targets.💎",c0a8a6e643d79e11b42aeb8bd5536b88,2026-09-09T11:11:41+00:00,2026-09-09T11:56:17.699622+00:00,970,crypto_futuresking
1221490,36441,"🔘 Coin : #PUMP/USDT 🔘

🔴 SHORT

🔺Entry🔻: 0.004396
... 0.004131

♦️ StopLoss : 0.004551

🔱 Leverage: 25x",a7e9a214efb58c9d4236f6da8546a348,2026-09-09T11:11:38+00:00,2026-09-09T11:56:17.562695+00:00,970,crypto_futuresking
1221470,36442,"⭐️$ATOM/USDT  SHORT

🛡Leverage : Cross 25x50

‼️En... 2.218

Use only 3% - 5% amount of your portfolio🛍",bfcf8bc753be1c8206103240bedfbde3,2026-09-09T11:11:38+00:00,2026-09-09T11:56:17.100172+00:00,970,crypto_futuresking
1221461,36433,"✅ Long

#VET/USDT

Entry zone : 0.007526 - 0.00775...492
0.008723

Stop loss :0.00721587

Leverage: 10x",d4a2197e2d6de47507c1abddf32f5b93,2026-09-09T11:02:05+00:00,2026-09-09T11:56:16.421485+00:00,970,crypto_futuresking
1221498,36432,"#IOST/USDT LONG     

👉Leverage : Cross 10× To 30×...0128
2)  0.00132
3)  0.00140

⭕Stoploss : 0.001155",855579181fe84cb88a4921f81ad62b45,2026-09-09T11:01:58+00:00,2026-09-09T11:56:17.670275+00:00,970,crypto_futuresking
1221460,36429,"⭐️$ATOM/USDT  LONG

🛡Leverage : Cross 25x50

‼️Ent... 1.700

Use only 3% - 5% amount of your portfolio🛍",c20d3376c5c0c78921561871ebb559d4,2026-09-09T11:01:45+00:00,2026-09-09T11:56:16.397413+00:00,970,crypto_futuresking
1221495,36428,"#IOST /USDT BUY (LONG) 

⚡️Leverage : Cross 25x to...01145

⚠️Use only 3% - 5% amount of your portfolio",9ee3f337b818d8747ff63f3e057cc051,2026-09-09T11:01:11+00:00,2026-09-09T11:56:17.667555+00:00,970,crypto_futuresking
1221463,36426,"🚀 LONG: $IOST/USDT
LEVERAGE: 50x

✔️ENTRY PRICE: 0...001380-0.001500

STOP LOSS:  0.001200


REACTIONS?",451a5f60806dbe562580eac1d0e8165f,2026-09-09T11:01:04+00:00,2026-09-09T11:56:16.544280+00:00,970,crypto_futuresking
1221484,36424,"🚀 #OVER99WINS | TRADE SETUP 🚀

⭐ BR /USDT — LONG

...o

📌 Follow the setup and manage your risk wisely.",97125e85c8218a01e7b493857889b8fc,2026-09-09T10:58:34+00:00,2026-09-09T11:56:17.459824+00:00,970,crypto_futuresking
1221479,36415,"⚡️⚡️#EPIC/USDT⚡️⚡️

Signal Type : Long
Leverage : ...
1) 0.3913
2) 0.4063
3) 0.4211

Stop Loss : 0.3701",203cb4bac81f2f239cdbe26d4aeaa1fb,2026-09-09T10:57:11+00:00,2026-09-09T11:56:17.294190+00:00,970,crypto_futuresking
1221478,36410,"📊 Let’s LONG #USELESS/USDT

💥 Leverage:  Cross 20×...1) 0.3300
2) 0.3500
3) 0.3900

🔖 Stop Loss: 0.3000",ef70bbaf57b72b7d7a91e5882347c8f7,2026-09-09T10:42:52+00:00,2026-09-09T11:56:17.268074+00:00,970,crypto_futuresking
1221477,36403,"#BR USDT — BUY (LONG) 
🎉
🟢 Leverage: Cross  25x75
...Risk Management:
Use only 2%– 3%of your portfolio.",91a8259b90bcf9144d0d68bad81b569b,2026-09-09T10:31:44+00:00,2026-09-09T11:56:17.261576+00:00,970,crypto_futuresking
1221473,36401,"🚀 #HUMAUSDT LONG SIGNAL 🚀

📌 ENTRY ➜ 0.02319

🎯 TA...ch this move together!

🪙 Trade Smart • Trade Safe",5c139097cf484566bb73b9c2125c3677,2026-09-09T10:31:40+00:00,2026-09-09T11:56:17.225465+00:00,970,crypto_futuresking
1221462,36399,"🚀 #HUMAUSDT LONG SIGNAL 🚀

📌 ENTRY ➜ 0.02319

🎯 TA...ch this move together!

🪙 Trade Smart • Trade Safe",5c139097cf484566bb73b9c2125c3677,2026-09-09T10:31:00+00:00,2026-09-09T11:56:16.543314+00:00,970,crypto_futuresking
1221457,36391,"🚨 #BR/USDT | LONG

⚡Leverage: Cross 25x

🎯Entry Ta... follow the signal and secure profits at targets.💎",6e55575fb412fecf25b06cb5f80b1c20,2026-09-09T10:22:36+00:00,2026-09-09T11:56:16.242274+00:00,970,crypto_futuresking
1221454,36390,"🛎️ Trade: #MARSCOIN/USDT

Direction: 📈 LONG 

🟢 En...18
• Target 6: 0.1432

💠 Leverage : 5x - 10x - 20x",052c46b212f1fc577423734957698a14,2026-09-09T10:22:36+00:00,2026-09-09T11:56:15.509001+00:00,970,crypto_futuresking
1221453,36388,"🔴 Short

Pair: #QTUM/USDT

📊 Entry Price: 

1) 0.9...) 0.854116

Stop Loss: 0.975408

Leverage: 10x-20x",32372949526e3fd348f0b126a275a988,2026-09-09T10:21:33+00:00,2026-09-09T11:56:15.322214+00:00,970,crypto_futuresking
1223367,36477,"💫 Pair: CASHCAT/USDT  💫

🔼 Direction: Long 🔼

✅ Le...Take Profit: 0.2130 📈

⚠️ Stop Loss: 0.1770 ⚠️

📈📈",f9b7055574929d6836c29c4e9593b54a,2026-09-09T13:02:11+00:00,2026-09-09T13:28:01.190343+00:00,970,crypto_futuresking
1223364,36466,"IOST/ USDT/ SHORT
Entry at market price 

Cross ||...only 1% of your wallet. 
Manage your risk properly",2950d4c8e76e9017483a46a7536db003,2026-09-09T12:13:02+00:00,2026-09-09T13:28:00.659478+00:00,970,crypto_futuresking
1223363,36463,"Pair: #ATOM/USDT

Short • (25X)

Entry
1.935

Targ...t your own risk. Always use proper risk management",74479c5cfca9b6a4782bb33618913a21,2026-09-09T12:00:18+00:00,2026-09-09T13:28:00.217382+00:00,970,crypto_futuresking
1225847,36528,"#BTC - LONG 100X

Entry  78991

Targets 100% -200%-300% +++

SL= Will Update

Using 1% wallet",00db68dc347ea1d07c00f09346c40956,2026-09-09T14:51:16+00:00,2026-09-09T14:53:04.634593+00:00,970,crypto_futuresking
1225849,36525,"🔰 PAIR: OP/ USDT 💹

🔴Position: SHORT🚀

☑️ Entry Zo...:
🥇 0.1034
🥈 0.1025
🥉 0.1015

❌ Stop Loss: 🔴0.1058",be321197a9d6e927b86244707251071a,2026-09-09T14:51:15+00:00,2026-09-09T14:53:04.656748+00:00,970,crypto_futuresking
1225824,36524,"🚀 #COTIUSDT LONG SIGNAL 🚀

📌 ENTRY ➜ 0.01942

🎯 TA...ch this move together!

🪙 Trade Smart • Trade Safe",bdba71f72557d5e735767260455cef24,2026-09-09T14:51:10+00:00,2026-09-09T14:53:04.270537+00:00,970,crypto_futuresking
1225852,36523,"🚀 #USELESSUSDT SHORT SIGNAL 🚀

📌 ENTRY ➜ 0.3072

🎯...ch this move together!

🪙 Trade Smart • Trade Safe",a0e4953da606c9843ac9a81316cbe5b3,2026-09-09T14:50:02+00:00,2026-09-09T14:53:04.687590+00:00,970,crypto_futuresking
1225840,36521,"🚨 #CROSS/USDT — POWER LONG 

🎩 ENTRY ZONE: 0.1230
...re profits step by step
🗡 NO FEAR — JUST PROFITS 🪙",b6d17240e6a5f73aadd563932ead9128,2026-09-09T14:49:58+00:00,2026-09-09T14:53:04.589791+00:00,970,crypto_futuresking
1225829,36518,"🚀 #OVER99WINS | TRADE SETUP 🚀

⭐ CROSS /USDT — LON...o

📌 Follow the setup and manage your risk wisely.",d683f9906f86ccd50ec7239dc11d7cc9,2026-09-09T14:49:33+00:00,2026-09-09T14:53:04.491468+00:00,970,crypto_futuresking
1225842,36515,"ETH/ USDT/ SHORT
Entry at market price 

Cross || ...only 1% of your wallet. 
Manage your risk properly",325d4fca2572b55e4ab1aeb1fd862c65,2026-09-09T14:49:28+00:00,2026-09-09T14:53:04.599061+00:00,970,crypto_futuresking
1225853,36502,"✅ Long

Pair: #ZIL/USDT

📊 Entry Price: 

1) 0.002...0.0030567

Stop Loss: 0.0026807

Leverage: 10x-20x",b9dd0b6012ffeb51b14967c1abf36c1b,2026-09-09T13:54:17+00:00,2026-09-09T14:53:04.702727+00:00,970,crypto_futuresking
1225837,36498,"BTC/USD SELL 

Entry : $ 79494

Target1: $  79129
Target2: $ 78365
Target3: $ 77684

SL : $ 80148",2b8480b529d118db18c82e22abb5cb2e,2026-09-09T13:49:05+00:00,2026-09-09T14:53:04.540567+00:00,970,crypto_futuresking
1225826,36499,"BTC/USD SELL 

Entry : $ 79494

Target1: $  79129
Target2: $ 78365
Target3: $ 77684

SL : $ 80148",2b8480b529d118db18c82e22abb5cb2e,2026-09-09T13:49:05+00:00,2026-09-09T14:53:04.377156+00:00,970,crypto_futuresking
1225825,36497,"#SHORT 🔴 🔤🔤🔤🔤🔤

#HYPE/USDT 

Margin Mode : Isolate...8.61

🟩 SL : 89.70 - 100%

📊 LEV : 30X

🇯🇵 Premium",4be795ddfd5e517fa0a0d9fccc2ca190,2026-09-09T13:49:04+00:00,2026-09-09T14:53:04.366129+00:00,970,crypto_futuresking
1225823,36490,"🔘 Coin : #MAGMA/USDT 🔘

🟢 LONG

🔺Entry🔻: 0.26974

... - 0.29141

♦️ StopLoss : 0.25961

🔱 Leverage: 25x",1488460f0e05c51a492f680600c19b81,2026-09-09T13:49:01+00:00,2026-09-09T14:53:04.097737+00:00,970,crypto_futuresking
1228932,36618,"LONG —ORCA

Entry: 1.481

Targets: 1.495 / 1.521 /... / 1.636

Stop: 1.407

Move SL to entry after TP1.",ec0db5bcea47c4708887d3a354cba640,2026-09-09T16:54:29+00:00,2026-09-09T17:12:27.074549+00:00,970,crypto_futuresking
1228888,36574,"➡️ #IOST     /USDT (SHORT) 🔽🔽

⌛LEVERAGE : 20X TO ...8


💥Use only 1%margin of your total portfolio❤️😘😇",738c3e7181515ff972b5128ef30dbd05,2026-09-09T15:53:26+00:00,2026-09-09T17:12:26.627657+00:00,970,crypto_futuresking
1228871,36569,COTI LONG 0.01942 TP1 0.01982,a08dc054d64a629c31f3729c60c9470e,2026-09-09T15:34:44+00:00,2026-09-09T17:12:26.295421+00:00,970,crypto_futuresking
1228905,36567,"#WLD $WLD LONG TRADE

ENTRY: 0.4495

TARGET: 0.491

STOPLOSS: 0.4345",b7922643a647b7741b4dd777df046972,2026-09-09T15:34:31+00:00,2026-09-09T17:12:26.869474+00:00,970,crypto_futuresking
1228867,36566,"🟢 Long

#BNB/USDT

Entry : 

1) 747.740
2) 725.307...8.896

🛑 Stop : 700.632

Leverage : 10x (isolated)",8f4f60557234aa134096c3924ef9d9fc,2026-09-09T15:34:21+00:00,2026-09-09T17:12:26.268403+00:00,970,crypto_futuresking
1228885,36565,"BTC/USDT Short  | 

Entry  :  79210 

TP   :  78800 / 78500 / 78000

SL  :  79600 | Risk 3% to 5%",ae4396ca2c6dd5a45a50588e1fec8ba6,2026-09-09T15:34:14+00:00,2026-09-09T17:12:26.587630+00:00,970,crypto_futuresking
1228921,36546,"USELESS/USDT

SHORT SHORT SHORT 

OPEN MARKET PRIC....29600
TP 0.29200
TP 0.29050

SL  0.33900

LEV 10X",1755d428017a9660e0b4b8e20a7c1677,2026-09-09T15:11:28+00:00,2026-09-09T17:12:26.954407+00:00,970,crypto_futuresking
1237201,36807,"⭐ VTHO /USDT — LONG

💵 ENTRY: 0.06500-0.06300

⚙️ ...o

📌 Follow the setup and manage your risk wisely.",3b894f7e7b284397854c49cb41541603,2026-09-10T06:36:09+00:00,2026-09-13T19:30:17.234715+00:00,970,crypto_futuresking
1237146,36805,"#USELESS/USDT SHORT     

👉Leverage : Cross 10× To...

1)  0.223
2)  0.210
3)  0.195

⭕Stoploss : 0.251",d572cc033e857c2dc65ddbada5c3f722,2026-09-10T06:36:05+00:00,2026-09-13T19:30:16.942162+00:00,970,crypto_futuresking
1237176,36789,"Coin #VTHO/USDT

Position: LONG 

Leverage:  Cross... 0.000670, 0.000690, 0.000710

Stop Loss: 0.000610",ede54485ceb645c9fd8a50f583cae089,2026-09-10T06:34:23+00:00,2026-09-13T19:30:17.112045+00:00,970,crypto_futuresking
1236987,36676,"💫 Pair: ZEC/USDT  💫

🔼 Direction: Long 🔼

✅ Levera...ke Profit: 1250.00 📈

⚠️ Stop Loss: 1145.00 ⚠️

📈📈",fd2ec6eab605580fc0923f6be72b4256,2026-09-09T21:47:10+00:00,2026-09-13T19:30:03.667078+00:00,970,crypto_futuresking
1236986,36662,"🔴 SHORT

#IOST/USDT

Entry zone : 0.00167879 - 0.0...
0.00142510

Stop loss :0.001743993

Leverage: 10x",b7029e5f427d893bd27974a3b0b01b75,2026-09-09T21:13:55+00:00,2026-09-13T19:30:03.666174+00:00,970,crypto_futuresking
1236955,36657,"💰#IOST/ USDT👑

💎Setup Type: Strong LONG  🔖Opportun....0018000

4️⃣TP ➝ 0.0025000

🚫Stop Loss: 0.0012800",c86f3f4ce739ef10b4e302f031f5880a,2026-09-09T21:13:10+00:00,2026-09-13T19:30:03.435536+00:00,970,crypto_futuresking
1236976,36655,"🚨 #USELESS/USDT | SHORT

⚡Leverage: Cross 50x

🎯En... follow the signal and secure profits at targets.💎",3493af7c0111e7ea94cb8e9e6a28f39b,2026-09-09T21:13:03+00:00,2026-09-13T19:30:03.605719+00:00,970,crypto_futuresking
1236965,36650,"🔴 Short

Pair: #IOST/USDT

📊 Entry Price: 

1) 0.0...00182207

Stop Loss: 0.00208082

Leverage: 10x-20x",ead13f98cde30bba801469f6bae28e9d,2026-09-09T20:42:51+00:00,2026-09-13T19:30:03.503605+00:00,970,crypto_futuresking
1236948,36648,"⚡️ HEI/USDT SHORT

➡️ Entry Targets :

1. 0.1353
2...1217 💵
4. 0.1116 💵
5. 0.0850💵

🛑 Stoploss : 0.1488",74486b86bd7872de6f1f6bd137afbf15,2026-09-09T20:32:18+00:00,2026-09-13T19:30:03.351545+00:00,970,crypto_futuresking
1236962,36643,"EXCHANGE/BYBIT/BITUNIX/OKX📌 


DAY TRADE 🏆

LONG/L...agement 🏆


Use only 5% of your 📈Available balance",5385c0da3b23d8c2abc9fde4a0119df1,2026-09-09T20:19:53+00:00,2026-09-13T19:30:03.490625+00:00,970,crypto_futuresking
1236946,36623,"Thanks for your reviews!

🟢 Buy ETH on Binance or ...fits

The signal will stop working soon, hurry up!",e661c586e95ee3ed0f88effcc8e2e84f,2026-09-09T18:07:23+00:00,2026-09-13T19:30:02.910435+00:00,970,crypto_futuresking
1247199,37027,"⭐️$VTHO/USDT  LONG

🛡Leverage : Cross 25x50

‼️Ent...004527

Use only 3% - 5% amount of your portfolio🛍",0c8a19dc96fb62c6f19224efb2a021c0,2026-09-10T09:54:52+00:00,2026-09-13T20:47:11.992199+00:00,970,crypto_futuresking
1247183,37025,"✅ Long

#ETC/USDT

Entry zone : 7.572 - 7.807

Tak...311
8.544
8.777

Stop loss :7.26051

Leverage: 10x",712f66d87a23bb8806d42539e2fef3e6,2026-09-10T09:54:47+00:00,2026-09-13T20:47:11.844519+00:00,970,crypto_futuresking
1247213,37020,"🐳 LSK/USDT #LONG🐳

✳️ ENTRY :- 0.118 - 0.113

💢 LE...: 0.145

⛔️ STOP-LOSS :- 0.108

☝️ Margin Use 2–3%",80614d7a2d13c308e9f369fd6ebf121a,2026-09-10T09:49:56+00:00,2026-09-13T20:47:12.023894+00:00,970,crypto_futuresking
1247150,37019,"#KAS/USDT LONG     

👉Leverage : Cross 10× To 30×
...
1)  0.040
2)  0.042
3)  0.044

⭕Stoploss : 0.0367",d5976cbb8695bf93c6c3cc22ac58ae6b,2026-09-10T09:49:55+00:00,2026-09-13T20:47:11.449441+00:00,970,crypto_futuresking
1247242,37014,"🚨 #KAS /USDT — POWER LONG 

⚡️ ENTRY ZONE: 0.03915...re profits step by step
🪖 NO FEAR — JUST PROFITS 🪙",54359ce3303e1aea69f9018cf4d7bb19,2026-09-10T09:49:51+00:00,2026-09-13T20:47:12.076263+00:00,970,crypto_futuresking
1247216,37015,"🚨 #VTHO/USDT | SHORT

⚡Leverage: Cross 50x

🎯Entry... follow the signal and secure profits at targets.💎",49dedd3bfc96489fcb7c71e19acacf50,2026-09-10T09:49:51+00:00,2026-09-13T20:47:12.031111+00:00,970,crypto_futuresking
1247245,37002,"📊 #EGLD/USDT

🟢 POSITION: LONG

💰 ENTRY RANGE
➤ 5....S
➤ 5.00

━━━━━━━━━━━━━━━━━━

✅ Manage risk wisely",e39ff22cb0c32112c90dddf4a332c826,2026-09-10T09:24:34+00:00,2026-09-13T20:47:12.108582+00:00,970,crypto_futuresking
1247244,36999,"SHORT BNB

🔖 MARKET SETUP

 ✔️Entry: 718.5
 ⛔️ SL:... TP: 704

⚠️ Capital: 3% max. Discipline = Profit!",4f3caf7cd917f7d21262a4a0a7c905b3,2026-09-10T09:24:34+00:00,2026-09-13T20:47:12.090491+00:00,970,crypto_futuresking
1247234,37004,"📊 #EGLD/USDT

🟢 POSITION: LONG

💰 ENTRY RANGE
➤ 5....S
➤ 5.00

━━━━━━━━━━━━━━━━━━

✅ Manage risk wisely",e39ff22cb0c32112c90dddf4a332c826,2026-09-10T09:24:34+00:00,2026-09-13T20:47:12.065372+00:00,970,crypto_futuresking
1247204,37001,"⚡️$EGLD/USDT⚡️

LONG
Leverage: 25X 

Entry: 5.62 -....35

Target:

1)5.70
2)5.90
3)6.50

Stoploss: 5.00",ae64ad26c78e5aedfefd655b40b16683,2026-09-10T09:24:34+00:00,2026-09-13T20:47:12.005044+00:00,970,crypto_futuresking
1247170,36997,"SHORT BNB

🔖 MARKET SETUP

 ✔️Entry: 718.5
 ⛔️ SL:... TP: 704

⚠️ Capital: 3% max. Discipline = Profit!",4f3caf7cd917f7d21262a4a0a7c905b3,2026-09-10T09:24:25+00:00,2026-09-13T20:47:11.646903+00:00,970,crypto_futuresking
1247202,36995,"DAY/TRADE 🏆

LONG SOL/USDT📈📈📈

ENTRY: 96.59

TP1: ...agement 🏆

Use only 10% of your 📈Available balance",70ad0d436af60d7102e1496782d3f8aa,2026-09-10T09:07:36+00:00,2026-09-13T20:47:11.998383+00:00,970,crypto_futuresking
1247232,36992,"🔰 PAIR: RUNE/ USDT 💹

🟢Position: LONG🚀

☑️ Entry Z...gets:
🥇 0.487
🥈 0.490
🥉 0.500

❌ Stop Loss: 🔴0.470",f71afe32b98b44b9220b31aefc53dd00,2026-09-10T08:43:01+00:00,2026-09-13T20:47:12.059313+00:00,970,crypto_futuresking
1247166,36991,"🚀 #EGLDUSDT LONG SIGNAL 🚀

📌 ENTRY ➜ 5.285

🎯 TAKE...ch this move together!

🪙 Trade Smart • Trade Safe",aed28fdda2f7deb7f5d7c8bc06d6fe15,2026-09-10T08:42:57+00:00,2026-09-13T20:47:11.548527+00:00,970,crypto_futuresking
1247193,36987,EGLD LONG 5.285 tp1 5.400,bfca3d6cc374136202d22e5161112904,2026-09-10T08:34:02+00:00,2026-09-13T20:47:11.943403+00:00,970,crypto_futuresking
1247162,36988,"🚀 #EGLDUSDT LONG SIGNAL 🚀

📌 ENTRY ➜ 5.285

🎯 TAKE...ch this move together!

🪙 Trade Smart • Trade Safe",aed28fdda2f7deb7f5d7c8bc06d6fe15,2026-09-10T08:34:02+00:00,2026-09-13T20:47:11.535646+00:00,970,crypto_futuresking
1247217,36977,"#HIVE | SHORT SETUP

💰 Entry: $0.04445

🎯 Target1:...t4: $0.04276
🎯 Target5: $0.04214

🛡 STOP: $0.04667",70d835b40de112c453cff82de5e39057,2026-09-10T08:06:11+00:00,2026-09-13T20:47:12.032859+00:00,970,crypto_futuresking
1247198,36970,"⭐️$VTHO/USDT  LONG

🛡Leverage : Cross 25x50

‼️Ent...005131

Use only 3% - 5% amount of your portfolio🛍",74bf433745e2f624d7f2917659613d1a,2026-09-10T08:03:59+00:00,2026-09-13T20:47:11.986220+00:00,970,crypto_futuresking
1247173,36967,"🚨 #VTHO /USDT — POWER LONG 

⚡️ ENTRY ZONE: 0.0006...re profits step by step
🪖 NO FEAR — JUST PROFITS 🪙",7eeace549f99a76edcafc609dc0d1918,2026-09-10T08:03:50+00:00,2026-09-13T20:47:11.758370+00:00,970,crypto_futuresking
1247160,36966,#VTHO long 0.0006560 tp 0.0006700,a4ab9ba3cb6b0c273ae2767861d92640,2026-09-10T08:03:42+00:00,2026-09-13T20:47:11.531691+00:00,970,crypto_futuresking
1247161,36962,"⌛#ARB/USDT  ( SHORT )

🍁 Leverage 👉 20X to 25X 

⛩... 0.14249 | 0.14100 | 0.13937

🔕 Stoploss = 0.15444",3476432ee3cb7778ac03dcfa6e306b1d,2026-09-10T07:48:20+00:00,2026-09-13T20:47:11.532518+00:00,970,crypto_futuresking
1247176,36951,"#ARK/USDT SHORT     

👉Leverage : Cross 10× To 30×...

1)  0.134
2)  0.130
3)  0.126

⭕Stoploss : 0.142",f7d4fc4fefb6fa4f7ed0dca0e436cf28,2026-09-10T07:38:45+00:00,2026-09-13T20:47:11.791118+00:00,970,crypto_futuresking
1247194,36948,"#VTHO  /USDT BUY (LONG) 

⚡️Leverage : Cross 25x t...05960

⚠️Use only 3% - 5% amount of your portfolio",f6e323a1eb8dd77ae03229d74f32c97a,2026-09-10T07:38:27+00:00,2026-09-13T20:47:11.946580+00:00,970,crypto_futuresking
1247192,36945,Today the U.S unemployment data will be released a...and manage your risk according to your wallet size,09a00cafd500264c12924e1fd94be520,2026-09-10T07:38:22+00:00,2026-09-13T20:47:11.914487+00:00,970,crypto_futuresking
1247191,36935,"$BR/USDT #LONG📩

✅ENTRY :-0.3050/0.2950

Target 1:...𝐎𝐧𝐥𝐲 𝟏-𝟑% 𝐎𝐟 𝐎𝐮𝐫 𝐃𝐞𝐩𝐨𝐬𝐢𝐭 𝐅𝐨𝐫 𝐄𝐚𝐜𝐡 𝐓𝐫𝐚𝐝𝐞

React,??m",dcf3a0b2b9f18fd10e3f3638bb71f3fa,2026-09-10T07:36:32+00:00,2026-09-13T20:47:11.913530+00:00,970,crypto_futuresking
1247186,36933,"#IOST/USDT LONG     

👉Leverage : Cross 10× To 30×....00121
2)  0.00127
3)  0.00136

⭕Stoploss : 0.0010",97012e3d7a09de6fa9f52e868cda1701,2026-09-10T07:36:08+00:00,2026-09-13T20:47:11.885124+00:00,970,crypto_futuresking
1247215,36932,"🔴 SHORT

#KAVA/USDT

Entry : 

1) 0.062340
2) 0.06...8027

🛑 Stop : 0.066267

Leverage : 10x (isolated)",1cbfc9ec6cba0238fb8a4e00adcbbe54,2026-09-10T07:36:03+00:00,2026-09-13T20:47:12.026444+00:00,970,crypto_futuresking
1247159,36931,"🔰 SAHARA/USDT 🔰

🟢 LONG 20X

🔳 ENTRY :- 0.0110

☑️...TARGET:- 0.0115 - 0.0122- 0.0130

🔴 STOP :- 0.0097",4d1837722ff2b94f43877436f7665e6b,2026-09-10T07:35:58+00:00,2026-09-13T20:47:11.526179+00:00,970,crypto_futuresking
1247151,36930,"🔰CROSS/USDT 🔰   

🔴 SHORT 10X 20X

♻ ENTRY 
1️⃣ 0....

1️⃣ 0.112
2️⃣ 0.110
3️⃣ 0.107

⛔ STOPLOSS  0.121",6edec8c36711edfbddf7c57c99e83728,2026-09-10T07:35:46+00:00,2026-09-13T20:47:11.465431+00:00,970,crypto_futuresking
1247190,36929,"$VTHO/USDT now at current market price (Spot + Fut...$0.0007
2. $0.0009
3. $0.0011

Stop loss : $0.0004",49ed3d1509b05d96c29ae075eade51a2,2026-09-10T07:35:38+00:00,2026-09-13T20:47:11.908224+00:00,970,crypto_futuresking
1247149,36928,"Trade: #ATOM/USDT

Direction: 📉 Short 

🟢 Entry Ra...90
• Target 6: 1.7298

💠 Leverage : 5x - 10x - 20x",97429c2b5522d74e51a66c60e70d4d7b,2026-09-10T07:35:32+00:00,2026-09-13T20:47:10.984048+00:00,970,crypto_futuresking
1247148,36927,"🟢 Long

#IOST/USDT

Entry : 

1) 0.00119390
2) 0.0...58

🛑 Stop : 0.00111868

Leverage : 10x (isolated)",b87125cedfd9381b89a2229a6fffcfba,2026-09-10T07:35:14+00:00,2026-09-13T20:47:10.983397+00:00,970,crypto_futuresking
1247167,36926,"📊#BTR/USDT–LONG–30x 🚀

📍 𝐄𝐧𝐭𝐫𝐲 𝐙𝐨𝐧𝐞:

➥ 0.066, 0.0...tal.

⚠️ Disclaimer:
Trade at your own risk. DYOR.",2adfd82f0e61d8c1d5384bcddd4edbd5,2026-09-10T07:35:09+00:00,2026-09-13T20:47:11.570997+00:00,970,crypto_futuresking
1247246,36925,"🛎️ Trade: #ATOM/USDT

Direction: 📉 Short 

🟢 Entry...90
• Target 6: 1.7298

💠 Leverage : 5x - 10x - 20x",ae765a950e707fdec3ae802b4f856f17,2026-09-10T07:35:04+00:00,2026-09-13T20:47:12.118131+00:00,970,crypto_futuresking
1247123,36924,"🪙 Coin: #IOST/USDT
🧭 Type: #LONG

📈 Entry Zone:
0.... within the zone and maintain strict risk control.",ec097434b404394ace3956dbb7c95349,2026-09-10T07:34:58+00:00,2026-09-13T20:46:58.770249+00:00,970,crypto_futuresking
1247145,36922,"#IO - LONG 20X

Entry  0.1318

Targets 100% -200%-300% +++

SL= Will Update

Using 1% wallet",2f46e25c67f4e78c230bc00b0f5ced85,2026-09-10T07:34:37+00:00,2026-09-13T20:46:58.887609+00:00,970,crypto_futuresking
1247089,36921,"#BTR/USDT LONG     

👉Leverage : Cross 10× To 30×
...  0.0691
2)  0.0720
3)  0.0770

⭕Stoploss : 0.0623",7fcc77a8e9c4a4b4867c2ba84f3ce863,2026-09-10T07:34:28+00:00,2026-09-13T20:46:58.533625+00:00,970,crypto_futuresking
1247110,36919,"#IOST/USDT LONG     

👉Leverage : Cross 10× To 30×....00121
2)  0.00127
3)  0.00136

⭕Stoploss : 0.0010",97012e3d7a09de6fa9f52e868cda1701,2026-09-10T07:34:08+00:00,2026-09-13T20:46:58.671639+00:00,970,crypto_futuresking
1247124,36918,"#IOST LONG 0.0018 

TP .00121",014abfe30e11fd2e516937fbdd9c3beb,2026-09-10T07:34:02+00:00,2026-09-13T20:46:58.771013+00:00,970,crypto_futuresking
1247109,36917,"📊 Let’s LONG #SNDK/USDT

💥 Leverage:  Cross 20×  
...gets: 

1) 1785
2) 1835
3) 1855

🔖 Stop Loss: 1720",640144b8e6f93d2a7c453ddcac8411ac,2026-09-10T07:33:47+00:00,2026-09-13T20:46:58.672784+00:00,970,crypto_futuresking
1247127,36916,"📊 Let’s SHORT #TAC/USDT

💥 Leverage:  Cross 20×  -...420
2) 0.001325
3) 0.001175

🔖 Stop Loss: 0.001735",9db45561c22b7bef2304bbc2e15b136e,2026-09-10T07:33:41+00:00,2026-09-13T20:46:58.779161+00:00,970,crypto_futuresking
1247137,36915,"📊 Let’s SHORT #CYS/USDT

💥 Leverage:  Cross 20×  -...1) 0.1340
2) 0.1265
3) 0.1170

🔖 Stop Loss: 0.1570",b719f899eaa8d98027030ea29d52c692,2026-09-10T07:33:35+00:00,2026-09-13T20:46:58.840696+00:00,970,crypto_futuresking
1247104,36914,"📊 Let’s SHORT #ZKP/USDT

💥 Leverage:  Cross 20×  -....04364
2) 0.04260
3) 0.04155

🔖 Stop Loss: 0.04700",b785ca84e08cbbd8eb85bc8e161d43cb,2026-09-10T07:33:19+00:00,2026-09-13T20:46:58.648265+00:00,970,crypto_futuresking
1247128,36895,"$BTC LONG🟢 (25x Lev)

Entry -  $78400

Targets

1)79000$
2)79600$

SL: 77800$",50427b5b2a70c43e1af3b512ca1a252c,2026-09-10T07:28:52+00:00,2026-09-13T20:46:58.780387+00:00,970,crypto_futuresking
1247088,36894,"📊#ANIME/USDT — LONG

⚡️ Leverage : 10X – 20X

💹Ent...Entry After TP1

⚖️ Follow Proper Risk Management.",8221e02bba22ca8e6366c5da28a6456f,2026-09-10T07:28:46+00:00,2026-09-13T20:46:58.526514+00:00,970,crypto_futuresking
1247147,36890,"🔰 ANIME/USDT 🔰

🟢 LONG 20X

🔳 ENTRY :- 0.0033

☑️ TARGET:- 0.0033 - 0.0036- 0.0039

🔴 STOP :- 0.0029",1e00050c3e32c49d6bea7e6ae6f60a4f,2026-09-10T07:28:08+00:00,2026-09-13T20:46:58.911845+00:00,970,crypto_futuresking
1258623,37254,"Long #VTHO 50x 0.0006100

Tp: 0.0006300",7174b29964ada20e84f9e91b253dc3a6,2026-09-10T18:25:12+00:00,2026-09-13T22:15:00.991506+00:00,970,crypto_futuresking
1258615,37255,"🔰 PAIR: SAGA/ USDT 💹

🟢Position: LONG🚀

☑️ Entry Z...0.01819
🥈 0.01877
🥉 0.02017

❌ Stop Loss: 🔴0.01642",1f1c5aa54aca7a0e9e12148d54696ede,2026-09-10T18:25:12+00:00,2026-09-13T22:15:00.938681+00:00,970,crypto_futuresking
1258607,37252,"Long #VTHO 50x 0.0006100

Tp: 0.0006300",7174b29964ada20e84f9e91b253dc3a6,2026-09-10T18:25:12+00:00,2026-09-13T22:15:00.831015+00:00,970,crypto_futuresking
1258594,37250,"⚡️⚡️#EPIC/USDT⚡️⚡️

Signal Type : Short
Leverage :...
1) 0.3744
2) 0.3570
3) 0.3416

Stop Loss : 0.3966",124d39b693cd9ad1092d444222f4e3a2,2026-09-10T18:25:12+00:00,2026-09-13T22:15:00.785421+00:00,970,crypto_futuresking
1258584,37253,"🔰 PAIR: SAGA/ USDT 💹

🟢Position: LONG🚀

☑️ Entry Z...0.01819
🥈 0.01877
🥉 0.02017

❌ Stop Loss: 🔴0.01642",1f1c5aa54aca7a0e9e12148d54696ede,2026-09-10T18:25:12+00:00,2026-09-13T22:15:00.762389+00:00,970,crypto_futuresking
1258567,37256,"#ETH

ETH has taken out the liquidity at the botto...55
🚀 Targets: 2479 / 2546 / 2605
📉 Stop Loss: 2379",2dd088b568fd775ccc4f7667e3f81af7,2026-09-10T18:25:12+00:00,2026-09-13T22:15:00.671584+00:00,970,crypto_futuresking
1258602,37232,"🚨 #SAGA/USDT | LONG

⚡Leverage: Cross 50x

🎯Entry ... follow the signal and secure profits at targets.💎",6d2094223b1c3f42c0bcf937ae0c01b3,2026-09-10T16:50:23+00:00,2026-09-13T22:15:00.808994+00:00,970,crypto_futuresking
1258572,37228,"BTC/USD BUY

Entry : $ 77322

Target1: $  77854
Target2: $ 79047
Target3: $ 80252

SL : $ 76352",ab7f457730d5a93fa8838ced31cdf27f,2026-09-10T16:46:55+00:00,2026-09-13T22:15:00.715831+00:00,970,crypto_futuresking
1258608,37224,"🔴 SHORT

#KAVA/USDT

Entry zone : 0.065405 - 0.063...57435
0.055521

Stop loss :0.067945

Leverage: 10x",d751d1834ca5ffed88743a6c78eefa59,2026-09-10T16:46:44+00:00,2026-09-13T22:15:00.868944+00:00,970,crypto_futuresking
1258570,37225,"➡️ #BTR     /USDT (LONG) 🔼🔼

⌛LEVERAGE : 20X TO 75...99

💥Use only 1%margin of your total portfolio❤️😘😇",a996350cd9af249968c42d552f00ccae,2026-09-10T16:46:44+00:00,2026-09-13T22:15:00.679435+00:00,970,crypto_futuresking
1258597,37222,"#MET/USDT LONG     

👉Leverage : Cross 10× To 30×
...)  0.2205
2)  0.2280
3)  0.2500

⭕Stoploss : 0.202",c8d665851d91cb4bebb524036a95d246,2026-09-10T16:46:43+00:00,2026-09-13T22:15:00.794866+00:00,970,crypto_futuresking
1258563,37221,"➡️ #BTR     /USDT (LONG) 🔼🔼

⌛LEVERAGE : 20X TO 75...99

💥Use only 1%margin of your total portfolio❤️😘😇",a996350cd9af249968c42d552f00ccae,2026-09-10T16:46:30+00:00,2026-09-13T22:15:00.571546+00:00,970,crypto_futuresking
1258583,37220,"BTC/USD BUY

Entry : $ 77322

Target1: $  77854
Target2: $ 79047
Target3: $ 80252

SL : $ 76352",ab7f457730d5a93fa8838ced31cdf27f,2026-09-10T16:46:22+00:00,2026-09-13T22:15:00.760698+00:00,970,crypto_futuresking
1258601,37217,"#MET/USDT LONG     

👉Leverage : Cross 10× To 30×
...)  0.2205
2)  0.2280
3)  0.2500

⭕Stoploss : 0.202",c8d665851d91cb4bebb524036a95d246,2026-09-10T16:46:21+00:00,2026-09-13T22:15:00.806821+00:00,970,crypto_futuresking
1258580,37218,"🔴 SHORT

#KAVA/USDT

Entry zone : 0.065405 - 0.063...57435
0.055521

Stop loss :0.067945

Leverage: 10x",d751d1834ca5ffed88743a6c78eefa59,2026-09-10T16:46:21+00:00,2026-09-13T22:15:00.756194+00:00,970,crypto_futuresking
1258541,37199,"🔴SHORT  #BTCUSDT

🔶 Entry : 77400 - 77500

➡️ Leve...ake Profit Targets :

👉 76400

🛑 Stop Loss : 78600",0b9e75786260eec8a4d222828a450c44,2026-09-10T14:44:14+00:00,2026-09-13T22:14:59.516573+00:00,970,crypto_futuresking
1258546,37192,"Doge/Usdt long 🟢
with 0.5% Wallet on market price ...osite movement pe jo 5% around the liq manage zero",0c5ba45523936dd289c9aeb635f19feb,2026-09-10T14:40:36+00:00,2026-09-13T22:14:59.570050+00:00,970,crypto_futuresking
1258609,37191,"⭐️$ETHFI/USDT  LONG

🛡Leverage : Cross 25x50

‼️En...0.6535

Use only 3% - 5% amount of your portfolio🛍",d5a42e45a71c8916bbf0763714b18901,2026-09-10T14:40:35+00:00,2026-09-13T22:15:00.877692+00:00,970,crypto_futuresking
1258552,37181,"🚀 #ETHFIUSDT LONG SIGNAL 🚀

📌 ENTRY ➜ 0.6660

🎯 TA...ch this move together!

🪙 Trade Smart • Trade Safe",d0b722c604bb4a4b04e5501aefa166b2,2026-09-10T14:21:39+00:00,2026-09-13T22:14:59.622719+00:00,970,crypto_futuresking
1258547,37178,"✨ZEC/USDT

🎗 Trade Type = SHORT 🔴

⭐️ Leverage :- ....95, 1144.46, 1130.96, 1120.45, 1108.04, 1092.73 ]",89187d31c24eda728200508d2145e1a5,2026-09-10T14:19:00+00:00,2026-09-13T22:14:59.576560+00:00,970,crypto_futuresking
1258564,37168,"🟢#FLOCK/USDT

📈Signal: long Leverage: Cross 20X

⚡...even after TP1 is hit.

📣Trade Smart • Follow Risk",071f5eb031f356d160135e73f529d05d,2026-09-10T14:15:37+00:00,2026-09-13T22:15:00.572409+00:00,970,crypto_futuresking
1258532,37161,"🟢#FLOCK/USDT

📈Signal: long Leverage: Cross 20X

⚡...even after TP1 is hit.

📣Trade Smart • Follow Risk",071f5eb031f356d160135e73f529d05d,2026-09-10T14:15:01+00:00,2026-09-13T22:14:59.226345+00:00,970,crypto_futuresking
1258534,37154,"#LONG 🟢🔤🔤🔤🔤🔤

#ETH/USDT

Margin Mode : Isolated 💎
...581

🟥 SL : 2352 - 100%   

📊 LEV : 30X

🇯🇵Premium",0debbcf08e041e59539e0b0606bb6616,2026-09-10T13:33:17+00:00,2026-09-13T22:14:59.238884+00:00,970,crypto_futuresking
1258434,37149,"✅Entry : $0.0006242-0.0006345

( 🆘SHORT VTHO/USD 5...5920
🏹Target 6  $0.0005860

🚫Stop loss : 0.0006675",a5b0d023558870b8f4841e35fb91fac6,2026-09-10T13:20:46+00:00,2026-09-13T22:14:45.483034+00:00,970,crypto_futuresking
1258457,37142,"⭐ VTHO /USDT — LONG

💵 ENTRY: 0.0006450-0.0006200
...o

📌 Follow the setup and manage your risk wisely.",5319e5efe02b2ad39795bd86b8a90eec,2026-09-10T13:12:03+00:00,2026-09-13T22:14:45.595941+00:00,970,crypto_futuresking
1258437,37139,"🚨 #BR/USDT | LONG

⚡Leverage: Cross 25x

🎯Entry Ta... follow the signal and secure profits at targets.💎",e9dc46107808bf3d50a692cc9df2eedb,2026-09-10T13:07:11+00:00,2026-09-13T22:14:45.529165+00:00,970,crypto_futuresking
1258429,37138,"💫 Pair: BTC/USDT  💫

🔼 Direction: Long 🔼

✅ Levera... Profit: 80600.00 📈

⚠️ Stop Loss: 74550.00 ⚠️

📈📈",10e78d3070662e68c060b90691466201,2026-09-10T13:04:46+00:00,2026-09-13T22:14:45.471681+00:00,970,crypto_futuresking
1258444,37134,"ETH/ USDT/ LONG
Entry at market price 

Cross || L...only 1% of your wallet. 
Manage your risk properly",883e322e8d2dfb5331e9f79cba6e5f6d,2026-09-10T12:52:54+00:00,2026-09-13T22:14:45.554307+00:00,970,crypto_futuresking
1258412,37110,"💫 Pair: XAU/USDT  💫

🔼 Direction: Long 🔼

✅ Levera...ke Profit: 4495.00 📈

⚠️ Stop Loss: 4342.00 ⚠️

📈📈",69aaab00c8e976b08cf0d3ffdf3ffd47,2026-09-10T12:43:54+00:00,2026-09-13T22:14:45.313001+00:00,970,crypto_futuresking
1258415,37107,"🚩 SHORT #REZ/USDT

⚙️ 50X LEVERAGE

🛡 Entry: 0.003....003230
TP3: 0.003150

🛑 SL: 0.003580

🔥REACTIONS?",b3d738bebd25ae6bcb188009f63ad428,2026-09-10T12:43:01+00:00,2026-09-13T22:14:45.338744+00:00,970,crypto_futuresking
1258417,37105,"⭐ REZ /USDT — SHORT

💵 ENTRY: 0.003370-0.003460

⚙...o

📌 Follow the setup and manage your risk wisely.",a0b22fd2e964444dd0cd6f14244d887a,2026-09-10T12:43:00+00:00,2026-09-13T22:14:45.376332+00:00,970,crypto_futuresking
1258393,37099,"➡️ #CRV     /USDT (SHORT) 🔽🔽

⌛LEVERAGE : 20X TO 7...0


💥Use only 1%margin of your total portfolio❤️😘😇",ff7450c511a94f3a9c34126b7c3462a4,2026-09-10T12:42:56+00:00,2026-09-13T22:14:45.081744+00:00,970,crypto_futuresking
1258424,37095,"New longs #BTC 25x at $77,400 📈

TP : 79,400 

S/L : 75,400

R/R : 1:1",b0a8ab597eb0625cbfdf16e41c9e22c8,2026-09-10T12:42:34+00:00,2026-09-13T22:14:45.450485+00:00,970,crypto_futuresking
1258380,37096,"🚨 #VTHO/USDT | LONG

⚡Leverage: Cross 50x

🎯Entry ... follow the signal and secure profits at targets.💎",a4f43b0b73dcf27f809458f21e45c241,2026-09-10T12:42:34+00:00,2026-09-13T22:14:44.847749+00:00,970,crypto_futuresking
1258399,37092,"🟢#APR/USDT

📈Signal: long Leverage: Cross 20X

⚡️E...even after TP1 is hit.

📣Trade Smart • Follow Risk",456ea2c8a20b8f901f01c84e9a2b212c,2026-09-10T12:42:23+00:00,2026-09-13T22:14:45.162689+00:00,970,crypto_futuresking
1258420,37091,"🟢#APR/USDT

📈Signal: long Leverage: Cross 20X

⚡️E...even after TP1 is hit.

📣Trade Smart • Follow Risk",456ea2c8a20b8f901f01c84e9a2b212c,2026-09-10T12:42:11+00:00,2026-09-13T22:14:45.390489+00:00,970,crypto_futuresking
1258439,37089,"Long #APR 0.1505

Tp 0.1550",f8a4d4f956a509933fb28a952c434833,2026-09-10T12:42:10+00:00,2026-09-13T22:14:45.536152+00:00,970,crypto_futuresking
1258377,37087,"🚩 SHORT #ZEST/USDT

⚙️ 50X LEVERAGE

🛡 Entry: 0.13...: 0.13040
TP3: 0.12850

🛑 SL: 0.14100

🔥REACTIONS?",2091ea81a99e0d0cb6015b5adaaa7ff8,2026-09-10T12:41:42+00:00,2026-09-13T22:14:44.825675+00:00,970,crypto_futuresking
1258381,37072,"🌈PAIR:- VTHO/USDT
⚡️ Direction : LONG
🛠 Leverage: ...nt Usage:- 1 - 2%
(According To your Risk Setting)",d3f9838f30b7532d196358d3f8fe7818,2026-09-10T11:47:12+00:00,2026-09-13T22:14:44.850857+00:00,970,crypto_futuresking
1258401,37071,"💰#VTHO/ USDT👑

💎Setup Type: Strong LONG  🔖Opportun....0007300

4️⃣TP ➝ 0.0008500

🚫Stop Loss: 0.0005800",6766c8c2fe27b35da8172ec3fcf6985e,2026-09-10T11:44:29+00:00,2026-09-13T22:14:45.195016+00:00,970,crypto_futuresking
1258406,37069,"🚀 LONG: $VTHO/USDT
LEVERAGE: 50x

✔️ENTRY PRICE: 0...800-0.00072000

STOP LOSS:  0.0006090


REACTIONS?",54c4e3468bf948f5b43d2de1a24b9f16,2026-09-10T11:32:01+00:00,2026-09-13T22:14:45.248916+00:00,970,crypto_futuresking
1258394,37068,"⭐️$REZ/USDT  LONG

🛡Leverage : Cross 25x50

‼️Entr...003234

Use only 3% - 5% amount of your portfolio🛍",00559f4374fef9d9d7f93fbe12b1973d,2026-09-10T11:32:01+00:00,2026-09-13T22:14:45.090773+00:00,970,crypto_futuresking
1258430,37066,"🚨 #PHAROS/USDT | LONG

⚡Leverage: Cross 20x

🎯Entr... follow the signal and secure profits at targets.💎",e670912eb1d1ca22837666561e7738a2,2026-09-10T11:29:54+00:00,2026-09-13T22:14:45.470262+00:00,970,crypto_futuresking
1258386,37063,"Pair: #ARB/USDT

Long • (10X-50X)

Entry
0.1477 - ...t your own risk. Always use proper risk management",9d6eb8750a4f09ef3805c1d0afb4e030,2026-09-10T11:18:56+00:00,2026-09-13T22:14:44.869548+00:00,970,crypto_futuresking
1258379,37062,"🚨 #REZ/USDT | SHORT

⚡Leverage: Cross 50x

🎯Entry ... follow the signal and secure profits at targets.💎",788d9c37af34b12068cb1a549e687e8f,2026-09-10T11:15:56+00:00,2026-09-13T22:14:44.825052+00:00,970,crypto_futuresking
1258374,37058,"⛽️Pair: PHAROS/USDT
Type: LONG 🟢
✅Leverage:  (20X_...) 0.52
2) 0.55
3) 0.60
4) 0.72

❌ STOP LOSS: 0.44❌",6dd3cd0d22e67e27c84a8359983325bf,2026-09-10T11:15:06+00:00,2026-09-13T22:14:44.778615+00:00,970,crypto_futuresking
1258395,37056,"🔴 SHORT

#RUNE/USDT

Entry : 

1) 0.4966
2) 0.5114...0.4622

🛑 Stop : 0.5278

Leverage : 10x (isolated)",aad2a9aa7d3bd7c260bf91b9a6ee42b0,2026-09-10T11:15:05+00:00,2026-09-13T22:14:45.129671+00:00,970,crypto_futuresking
1258391,37054,"➡️ #REZ     /USDT (LONG) 🔼🔼

⌛LEVERAGE : 20X TO 75...9


💥Use only 1%margin of your total portfolio❤️😘😇",bb05bb78417b0f71367ee5a52357dc0a,2026-09-10T11:15:05+00:00,2026-09-13T22:14:45.011780+00:00,970,crypto_futuresking
1258368,37046,"Long #RVN 50x 0.002400

Tp: 0.002500",8dafd0b7f1c0f2f59b442c515271daad,2026-09-10T10:50:43+00:00,2026-09-13T22:14:44.570327+00:00,970,crypto_futuresking
1266053,37463,"#EVAA/USDT

📈Signal: long Leverage: Cross 50X

⚡️E...even after TP1 is hit.

🔈Trade Smart • Follow Risk",a3337ef5603740cd1ad8c21acaa2ecad,2026-09-11T09:06:16+00:00,2026-09-14T11:19:07.634126+00:00,970,crypto_futuresking
1266064,37460,"📊 Let’s LONG #EVAA/USDT

💥 Leverage:  Cross 20×  -...1) 0.5286
2) 0.5450
3) 0.5700

🔖 Stop Loss: 0.4810",83be0115c900048fe1ccc5db90407356,2026-09-11T09:05:48+00:00,2026-09-14T11:19:07.692282+00:00,970,crypto_futuresking
1266060,37459,"📊 Let’s SHORT #LSK/USDT

💥 Leverage:  Cross 20×  -...1) 0.1240
2) 0.1190
3) 0.1120

🔖 Stop Loss: 0.1320",fe9f3b57587bd3455f3171bc54e7c895,2026-09-11T09:05:36+00:00,2026-09-14T11:19:07.680694+00:00,970,crypto_futuresking
1266035,37458,"📊 Let’s SHORT #LINK/USDT

💥 Leverage:  Cross 20×  ...1.2965
2) 11.1640
3) 10.9400

🔖 Stop Loss: 11.7650",8d99287528fb09ffa08018ee7a9a8553,2026-09-11T09:05:29+00:00,2026-09-14T11:19:07.339597+00:00,970,crypto_futuresking
1266063,37456,"📊 Let’s LONG #DEXE/USDT

💥 Leverage:  Cross 20×  -...: 

1) 1.970
2) 2.035
3) 2.090

🔖 Stop Loss: 1.805",da23d718ce40208eb0305f7e7fe6f35e,2026-09-11T09:05:09+00:00,2026-09-14T11:19:07.684104+00:00,970,crypto_futuresking
1266070,37455,"$LSK/USDT

SHORT SHORT SHORT 

IST ENTRY AT MARKET... 0.12608 - 0.12532 - 0.12447

16x Lev 

SL 0.13145",b38539b0df724b5783e2eb8f46e4932a,2026-09-11T09:05:02+00:00,2026-09-14T11:19:07.707588+00:00,970,crypto_futuresking
1266095,37454,"#DOTUSDT — BUY (LONG) 
🎉
🟢 Leverage: Cross  50x75
...Risk Management:
Use only 2%– 3%of your portfolio.",7a2288f387ac879bdef191ac85808a4b,2026-09-11T09:04:47+00:00,2026-09-14T11:19:07.804209+00:00,970,crypto_futuresking
1266099,37449,"#PTBUSDT — BUY (LONG) 
🎉
🟢 Leverage: Cross  50x75
...Risk Management:
Use only 2%– 3%of your portfolio.",d807c3fe058773e3f0c968c0a48ce16b,2026-09-11T09:04:18+00:00,2026-09-14T11:19:07.830793+00:00,970,crypto_futuresking
1266102,37448,"#4USDT — BUY (LONG) 
🎉
🟢 Leverage: Cross  50x75

⚡...Risk Management:
Use only 2%– 3%of your portfolio.",38595dab214b1dd2c5d21627ef85ec3e,2026-09-11T09:04:13+00:00,2026-09-14T11:19:07.840639+00:00,970,crypto_futuresking
1266041,37437,"💰#VTHO/ USDT👑

💎Setup Type: Strong LONG  🔖Opportun....0007000

4️⃣TP ➝ 0.0008500

🚫Stop Loss: 0.0004700",cb3361cb5059e61581e62f282a9e70d8,2026-09-11T08:53:08+00:00,2026-09-14T11:19:07.543973+00:00,970,crypto_futuresking
1266033,37435,"#VTHO LONG 0.0005950

USE LOW MARGIN HIGH RISKY",747fb31aa2f216275bee0ea91320af0c,2026-09-11T08:53:01+00:00,2026-09-14T11:19:07.286594+00:00,970,crypto_futuresking
1266056,37432,"🔴 SHORT

#NEO/USDT

Entry zone : 2.248 - 2.183

Ta...040
1.974
1.908

Stop loss :2.33581

Leverage: 10x",9ce05e038d63b43edd47b3f292d5eb52,2026-09-11T08:52:27+00:00,2026-09-14T11:19:07.657410+00:00,970,crypto_futuresking
1266052,37429,"#4/USDT

📈Signal: long Leverage: Cross 50X

⚡️Entr...even after TP1 is hit.

🔈Trade Smart • Follow Risk",c7c944c888f65217b12b6a10c925c450,2026-09-11T08:51:51+00:00,2026-09-14T11:19:07.631749+00:00,970,crypto_futuresking
1266074,37428,"#4/USDT

📈Signal: long Leverage: Cross 50X

⚡️Entr...even after TP1 is hit.

🔈Trade Smart • Follow Risk",c7c944c888f65217b12b6a10c925c450,2026-09-11T08:51:44+00:00,2026-09-14T11:19:07.714718+00:00,970,crypto_futuresking
1266044,37426,"Long #4USDT 0.019800

Tp 0.020325",49d9573dedd254a34666580f9f7d61e7,2026-09-11T08:51:16+00:00,2026-09-14T11:19:07.576502+00:00,970,crypto_futuresking
1266065,37425,"Long #4USDT 0.019800

Tp 0.020325",49d9573dedd254a34666580f9f7d61e7,2026-09-11T08:51:10+00:00,2026-09-14T11:19:07.693726+00:00,970,crypto_futuresking
1266097,37423,"⭐️$SAGA/USDT  LONG

🛡Leverage : Cross 25x50

‼️Ent....01466

Use only 3% - 5% amount of your portfolio🛍",f24af5517da03a4c3616a17766687bac,2026-09-11T08:50:50+00:00,2026-09-14T11:19:07.816269+00:00,970,crypto_futuresking
1266072,37417,"🔴 SHORT

#THETA/USDT

Entry : 

1) 0.1857
2) 0.191...0.1728

🛑 Stop : 0.1973

Leverage : 10x (isolated)",280b3301d56a3fe5d30755c40fdc88f9,2026-09-11T08:49:46+00:00,2026-09-14T11:19:07.709496+00:00,970,crypto_futuresking
1266030,37413,"⭐️$NIULAI/USDT  LONG

🛡Leverage : Cross 25x50

‼️E....09974

Use only 3% - 5% amount of your portfolio🛍",0868c399a24632a3473b55212af80363,2026-09-11T08:48:56+00:00,2026-09-14T11:19:07.054068+00:00,970,crypto_futuresking
1265863,37271,"🔴 Short

Pair: #COMP/USDT

📊 Entry Price: 

1) 20....9.36
4) 18.93

Stop Loss: 21.62

Leverage: 10x-20x",99a04526f307d8e0ffbaf1cbbcd15389,2026-09-10T21:04:03+00:00,2026-09-14T11:18:53.313312+00:00,970,crypto_futuresking
1265860,37267,"🔰 PAIR: XRP/ USDT 💹

🟢Position: LONG🚀

☑️ Entry Zo...:
🥇 1.4351
🥈 1.4472
🥉 1.4727

❌ Stop Loss: 🔴1.4007",bdf981fbd2fec28f5c734b78aae76864,2026-09-10T20:27:18+00:00,2026-09-14T11:18:53.216375+00:00,970,crypto_futuresking
1274894,37672,"🚨 NEW TRADE SIGNAL 🚨

📊 USELESS/USDT — LONG 

📍 EN...Manage your risk & trade responsibly.

🔥 LET’S GO!",ea4f353aec122b4a5e246e3447f275d9,2026-09-11T13:57:44+00:00,2026-09-14T12:41:02.784377+00:00,970,crypto_futuresking
1274930,37654,"$SOL SHORT (100x) ⚡️

ENTRY : 101👍

TARGETS PRICE:...9.60
2⃣ 98.00
3️⃣ 96.00
🤩 93.38

⛔️STOP LOSS : 108",c44f29ccbbd254d0f97338c731f5c49e,2026-09-11T13:42:10+00:00,2026-09-14T12:41:03.129645+00:00,970,crypto_futuresking
1274872,37649,"📊 Let’s LONG #MAGMA/USDT

💥 Leverage:  Cross 20×  ...1) 0.2575
2) 0.2660
3) 0.2780

🔖 Stop Loss: 0.2360",477227ec3ece86817fa5f8354e8050ae,2026-09-11T13:35:07+00:00,2026-09-14T12:41:02.397953+00:00,970,crypto_futuresking
1274869,37650,"#LONG 🟢🔤🔤🔤🔤🔤

#STX/USDT

Margin Mode : Isolated 💎
...6

🟥 SL : 0.2484 - 100%   

📊 LEV : 20X

🇯🇵Premium",a6521b82cd1ff4e42b704229442cbba9,2026-09-11T13:35:07+00:00,2026-09-14T12:41:02.348984+00:00,970,crypto_futuresking
1274949,37646,"#MARSCOIN/ USDT — BUY (LONG) 
Leverage: Cross 25x ...T IS KEY
👉 Use ONLY 2 – 3% of your total portfolio",6f7e6d36cc2d1bc9b00dd7401c5ece76,2026-09-11T13:35:06+00:00,2026-09-14T12:41:03.210555+00:00,970,crypto_futuresking
1274931,37644,"💵 𝐒𝐈𝐆𝐍𝐀𝐋 𝐀𝐋𝐄𝐑𝐓 💵

#AIO/USDT (25xSHORT)

✅ ENTRY:0....TARGETS:-0.03950/0.03750/0.034

❌ STOP LOSS: 0.046",b0cc64e8d8b69d1d3beecb5a43aa87cf,2026-09-11T13:35:06+00:00,2026-09-14T12:41:03.133835+00:00,970,crypto_futuresking
1274880,37647,"📈 LONG #NIULAI/USDT

🚀 LEVERAGE : 50x

📊 ENTRY PRI...3

TP🟢0.148

TP🟢0.154

STOPLOSS 🔴0.133

REACTIONS?",b4c7b82d7152f0753e9be608c1fa702a,2026-09-11T13:35:06+00:00,2026-09-14T12:41:02.622856+00:00,970,crypto_futuresking
1274947,37633,"#MAGMA/USDT

📈Signal: long Leverage: Cross 50X

⚡️...even after TP1 is hit.

📣Trade Smart • Follow Risk",a65f4f7dd727ae6f3c409918076237ff,2026-09-11T13:34:09+00:00,2026-09-14T12:41:03.207399+00:00,970,crypto_futuresking
1274943,37631,"#THETA/ USDT — BUY (LONG) 
Leverage: Cross 25x – 5...T IS KEY
👉 Use ONLY 2 – 3% of your total portfolio",ee157bed2280bd93defc06128b050be5,2026-09-11T13:34:06+00:00,2026-09-14T12:41:03.186934+00:00,970,crypto_futuresking
1274926,37624,"⭐ FF /USDT — LONG

💵 ENTRY: 0.16400-0.15000

⚙️ LE...o

📌 Follow the setup and manage your risk wisely.",8ac37ae37d7ce88519043a0428b15c41,2026-09-11T13:05:55+00:00,2026-09-14T12:41:03.118081+00:00,970,crypto_futuresking
1274909,37621,"ETH/USD SELL 

Entry : $ 2501

Target1: $  2482
Target2: $  2442
Target3: $  2414


SL : $ 2539",9606fda8a195f00a1e7cf5028ad3a934,2026-09-11T13:05:55+00:00,2026-09-14T12:41:03.010271+00:00,970,crypto_futuresking
1274938,37614,"⭐ RAY /USDT — LONG

💵 ENTRY: 1.6090-1.5500

⚙️ LEV...o

📌 Follow the setup and manage your risk wisely.",9e65d0723304d258d80c15f4d861f62b,2026-09-11T12:58:50+00:00,2026-09-14T12:41:03.147076+00:00,970,crypto_futuresking
1274885,37593,"$ETH SHORT ⚡️

ENTRY : 2455👍

TARGETS PRICE:🔼

1️⃣ 2425
2⃣ 2389
3️⃣ 2350
🤩 2277

⛔️STOP LOSS : 2588",812b22f8fe689c82000b1a60c1fd9519,2026-09-11T12:24:06+00:00,2026-09-14T12:41:02.652929+00:00,970,crypto_futuresking
1274956,37586,"✅ Long

#ETC/USDT

Entry zone : 7.247 - 7.472

Tak...955
8.178
8.401

Stop loss :6.94896

Leverage: 10x",ed901040bbc888f2005ac05e09dcffdb,2026-09-11T12:12:30+00:00,2026-09-14T12:41:03.237136+00:00,970,crypto_futuresking
1274883,37585,"✅ Long

#ETC/USDT

Entry zone : 7.247 - 7.472

Tak...955
8.178
8.401

Stop loss :6.94896

Leverage: 10x",ed901040bbc888f2005ac05e09dcffdb,2026-09-11T12:12:30+00:00,2026-09-14T12:41:02.647325+00:00,970,crypto_futuresking
1274876,37580,"🌈PAIR:- #MET/USDT
⚡️ Direction : LONG
🛠 Leverage: ...nt Usage:- 1 - 2%
(According To your Risk Setting)",4b86a82ba9354c81319c1a4050bd2a9a,2026-09-11T12:12:29+00:00,2026-09-14T12:41:02.500047+00:00,970,crypto_futuresking
1274865,37577,"#MET/USDT BUY (LONG) 

⚡️Leverage : Cross 25x to 5....2590

⚠️Use only 3% - 5% amount of your portfolio",5b58836241f67e22574d131cd17346f3,2026-09-11T12:12:19+00:00,2026-09-14T12:41:02.332705+00:00,970,crypto_futuresking
1274750,37562,"💰#LAB / USDT👑

💎Setup Type: Strong LONG  🔖Opportun...TP ➝ 0.07300

4️⃣TP ➝ 0.08700

🚫Stop Loss: 0.05500",1fa711913d6a090db2ca3673dfd4323b,2026-09-11T11:00:40+00:00,2026-09-14T12:40:50.059268+00:00,970,crypto_futuresking
1274757,37557,"🔰 PAIR: ALICE/ USDT 💹

🟢Position: LONG🚀

☑️ Entry ...:
🥇 0.1264
🥈 0.1272
🥉 0.1284

❌ Stop Loss: 🔴0.1242",fcf86d919fb4ed867497c22bbdfb9a39,2026-09-11T11:00:38+00:00,2026-09-14T12:40:50.149822+00:00,970,crypto_futuresking
1274733,37556,"#LAB LONG

0.06300

Low fund use high risky",bd57b939bbb1e470b881bb47078aba17,2026-09-11T11:00:38+00:00,2026-09-14T12:40:49.928584+00:00,970,crypto_futuresking
1274771,37551,"⭐️$LAB/USDT  LONG

🛡Leverage : Cross 25x50

‼️Entr....05142

Use only 3% - 5% amount of your portfolio🛍",b88affde25a2361a5d9cb72de12b71da,2026-09-11T10:39:28+00:00,2026-09-14T12:40:50.199646+00:00,970,crypto_futuresking
1274700,37550,LABUSDT LONG NOW,f9c09a92d4c106bd6f674e990fc11f34,2026-09-11T10:38:00+00:00,2026-09-14T12:40:49.845207+00:00,970,crypto_futuresking
1274766,37548,"💵COIN NAME : #LAB/USDT

📈POSITION : LONG(BUY)

📊 L...
TP3 = 0.064

🔖 STOPLOSS  = 0.056


SHOW REACTIONS",2122ebd27bb34a3d7f80297df68a3731,2026-09-11T10:30:26+00:00,2026-09-14T12:40:50.178623+00:00,970,crypto_futuresking
1274752,37546,"🚨 #FF/USDT | LONG

⚡Leverage: Cross 50x

🎯Entry Ta... follow the signal and secure profits at targets.💎",53e26f12ac0630ce608537f8f45d6751,2026-09-11T10:29:11+00:00,2026-09-14T12:40:50.092010+00:00,970,crypto_futuresking
1274694,37545,"🚨 #LAB/USDT | LONG

⚡Leverage: Cross 50x

🎯Entry T... follow the signal and secure profits at targets.💎",0d0529b2a94d0712b36488eff2b5d529,2026-09-11T10:29:11+00:00,2026-09-14T12:40:49.805205+00:00,970,crypto_futuresking
1274721,37543,"🟢ETH/USDT My Short Trade Setup

Leverage 100X

Ent... 2420

Stop Loss  :  2485

Follow Money Management",622722d184b0bae0f98c5ed9f19e0e2d,2026-09-11T10:29:10+00:00,2026-09-14T12:40:49.906730+00:00,970,crypto_futuresking
1274719,37544,"➡️ #LAB      /USDT (SHORT) 🔽🔽

⌛LEVERAGE : 20X TO ...0


💥Use only 1%margin of your total portfolio❤️😘😇",a81acc92a30b424b097a026df6ea189e,2026-09-11T10:29:10+00:00,2026-09-14T12:40:49.901627+00:00,970,crypto_futuresking
1274769,37541,ETH/USDT SHORT NOW🔥,6476696a7f7a48ac609af71dc84e22fa,2026-09-11T10:29:09+00:00,2026-09-14T12:40:50.196896+00:00,970,crypto_futuresking
1274718,37536,"💰#ROYSOL #RAY/ USDT👑

💎Setup Type: Strong LONG  🔖O...

🥉TP ➝ 1.7500

4️⃣TP ➝ 1.9500

🚫Stop Loss: 1.4250",06814aa9e7c2976f51886e0b4b301385,2026-09-11T10:16:37+00:00,2026-09-14T12:40:49.898972+00:00,970,crypto_futuresking
1274706,37534,"✨ADA/USDT

🎗 Trade Type = SHORT 🔴

⭐️ Leverage :- ...[ 0.2021, 0.1997, 0.1978, 0.1955, 0.1934, 0.1913 ]",6de73c9c677a70d6752ff33a0efc9c94,2026-09-11T10:16:32+00:00,2026-09-14T12:40:49.862754+00:00,970,crypto_futuresking
1274737,37523,"🚩 LONG #LSK/USDT

⚙️ 50X LEVERAGE

🛡 Entry: 0.1349...: 0.14050
TP3: 0.14350

🛑 SL: 0.12680

🔥REACTIONS?",566459de7760f1999b28b5b3408f0a11,2026-09-11T09:55:53+00:00,2026-09-14T12:40:49.929168+00:00,970,crypto_futuresking
1274716,37515,"📈 LONG #NIULAI/USDT

🚀 LEVERAGE : 50x

📊 ENTRY PRI...8

TP🟢0.156

TP🟢0.165

STOPLOSS 🔴0.136

REACTIONS?",177160e2d0fa68f83d71ac521685d56d,2026-09-11T09:54:16+00:00,2026-09-14T12:40:49.890355+00:00,970,crypto_futuresking
1274762,37506,"#NIULAI/USDT BUY (LONG) 

⚡️Leverage : Cross 25x t....1420

⚠️Use only 3% - 5% amount of your portfolio",7dc2393c4c29948fb4e1de8d139fe09c,2026-09-11T09:53:44+00:00,2026-09-14T12:40:50.174457+00:00,970,crypto_futuresking
1274692,37502,"🚀 LONG: $MARSCOIN/USDT🚀
LEVERAGE: 20X-50X

🤍 ENTRY...30- 0.1430
—————

❌ STOP LOSS: 0.1040❌


REACTIONS",d967acd57f4e8f830f813afa7c1ccd27,2026-09-11T09:53:19+00:00,2026-09-14T12:40:49.789959+00:00,970,crypto_futuresking
1274772,37501,"🚀 $DOGS/USDT PERP 🚀

🟢 LONG

💰 Entry : 0.0000475$ ... – 25X

⛔️ SL : 0.000042$

📌 Use Only 2-5% Capital",7e48456324a47f0f3f12b737ddbda96f,2026-09-11T09:53:12+00:00,2026-09-14T12:40:50.202422+00:00,970,crypto_futuresking
1274714,37500,"Trade: #ENA/USDT

Direction: 📈 LONG 

🟢 Entry Rang...20
• Target 6: 0.1536

💠 Leverage : 5x - 10x - 20x",d9c4274fb7c6eb2fdb31f62937263959,2026-09-11T09:53:06+00:00,2026-09-14T12:40:49.887919+00:00,970,crypto_futuresking
1274708,37499,"⚡️$XAN/USDT⚡️

LONG
Leverage: 25X 

Entry: 0.0118
...h target.

📈 Risk Managed Trade | High R:R Setup 💎",ffe0f9ae4bb72545e48ef31c27d0a377,2026-09-11T09:52:50+00:00,2026-09-14T12:40:49.872455+00:00,970,crypto_futuresking
1274763,37498,"📊#FF/USDT–SHORT–30x 🚀

📍 𝐄𝐧𝐭𝐫𝐲 𝐙𝐨𝐧𝐞:

➥ 0.1693, 0....tal.

⚠️ Disclaimer:
Trade at your own risk. DYOR.",540f80c5a3426df273a0f4afcbf957a7,2026-09-11T09:52:44+00:00,2026-09-14T12:40:50.177844+00:00,970,crypto_futuresking
1274710,37497,"Coin #AKE /USDT

Position: LONG 

Leverage:  Cross...rgets: 🎯 0.0154, 0.0175, 0.0207

Stop Loss: 0.0122",9454b47cc463417ed3e4480041622432,2026-09-11T09:52:32+00:00,2026-09-14T12:40:49.874749+00:00,970,crypto_futuresking
1274687,37495,"📊 #LSK/USDT

🟢 POSITION: LONG

💰 ENTRY RANGE
➤ 0.1...
➤ 0.105

━━━━━━━━━━━━━━━━━━

✅ Manage risk wisely",d58a5d729d770ef9335e951772f33c22,2026-09-11T09:52:10+00:00,2026-09-14T12:40:49.748503+00:00,970,crypto_futuresking
1274743,37494,"#LSK/USDT LONG     

👉Leverage : Cross 10× To 30×
...

1)  0.137
2)  0.142
3)  0.154

⭕Stoploss : 0.127",6e6e5c30ffce6a82d041b18d76d5a16b,2026-09-11T09:52:03+00:00,2026-09-14T12:40:49.973662+00:00,970,crypto_futuresking
1274741,37493,"#EVAA/USDT LONG     

👉Leverage : Cross 10× To 30×...  0.5285
2)  0.5440
3)  0.5700

⭕Stoploss : 0.4940",43dd2851d36eb30b3be03056abac1d10,2026-09-11T09:51:57+00:00,2026-09-14T12:40:49.952987+00:00,970,crypto_futuresking
1274715,37480,"🚀 #FFUSDT SHORT SIGNAL 🚀

📌 ENTRY ➜ 0.1652

🎯 TAKE...ch this move together!

🔑 Trade Smart • Trade Safe",d23f64ac8b3773cb493d23ddda8f30b8,2026-09-11T09:48:07+00:00,2026-09-14T12:40:49.889729+00:00,970,crypto_futuresking
1274685,37475,"💵 𝐒𝐈𝐆𝐍𝐀𝐋 𝐀𝐋𝐄𝐑𝐓 💵

#USELESS/USDT (25xSHORT)

✅ ENTR...TARGETS:-0.2010/0.1930/0.1820

❌ STOP LOSS: 0.2370",43717fdae603c28dc6980f83761b72c0,2026-09-11T09:08:27+00:00,2026-09-14T12:40:49.701769+00:00,970,crypto_futuresking
1274726,37474,"✅ Long

#ETC/USDT

Entry zone : 7.397 - 7.626

Tak...119
8.346
8.574

Stop loss :7.09218

Leverage: 10x",6ae1f2de3fecaed25a911cfe1edba815,2026-09-11T09:08:20+00:00,2026-09-14T12:40:49.917402+00:00,970,crypto_futuresking
1274707,37473,"$ZEC/USDT #SHORT📩

✅ENTRY :-1065/1100

Target 1:10...𝐎𝐧𝐥𝐲 𝟏-𝟑% 𝐎𝐟 𝐎𝐮𝐫 𝐃𝐞𝐩𝐨𝐬𝐢𝐭 𝐅𝐨𝐫 𝐄𝐚𝐜𝐡 𝐓𝐫𝐚𝐝𝐞

React,??m",82c972382c15c796baaa5ae613bde2b0,2026-09-11T09:08:13+00:00,2026-09-14T12:40:49.869699+00:00,970,crypto_futuresking
1274684,37470,"🟢 Long

#XMR/USDT

Entry : 

1) 503.74
2) 488.62

...538.20

🛑 Stop : 472.00

Leverage : 10x (isolated)",b1910470d3196bc6816d79a8f5739dcf,2026-09-11T09:07:39+00:00,2026-09-14T12:40:49.562660+00:00,970,crypto_futuresking
1274683,37469,"🐳 NEWT/USDT #SHORT🐳

✳️ ENTRY :- 0.04120 - 0.04260...0.035

⛔️ STOP-LOSS :- 0.04430

☝️ Margin Use 2–3%",f4d04cf0931593546165a4a8d3c3b9d2,2026-09-11T09:07:32+00:00,2026-09-14T12:40:49.043605+00:00,970,crypto_futuresking
1274682,37466,"#LONG 🟢🔤🔤🔤🔤🔤

#SEI/USDT

Margin Mode : Isolated 💎
...

🟥 SL : 0.04247 - 100%   

📊 LEV : 20X

🇯🇵Premium",187c736ee4115c8b111e686c154001f5,2026-09-11T09:07:06+00:00,2026-09-14T12:40:49.036912+00:00,970,crypto_futuresking
1274679,37465,"#NIULAI/USDT BUY (SHORT) 

⚡️Leverage : Cross 25x ....1310

⚠️Use only 3% - 5% amount of your portfolio",514e35d991d4f3fc6004930779579fdc,2026-09-11T09:06:54+00:00,2026-09-14T12:40:48.948281+00:00,970,crypto_futuresking
1281121,37893,"🐳 LSK/USDT #SHORT🐳

✳️ ENTRY :- 0.195 - 0.204

💢 L...: 0.170

⛔️ STOP-LOSS :- 0.218

☝️ Margin Use 2–3%",11d72abec0febf18f9c9e33392d40a24,2026-09-12T08:05:16+00:00,2026-09-14T13:59:00.632929+00:00,970,crypto_futuresking
1281127,37885,"📊#GRIFFAIN/USDT–LONG–30x 🚀

📍 𝐄𝐧𝐭𝐫𝐲 𝐙𝐨𝐧𝐞:

➥ 0.013...tal.

⚠️ Disclaimer:
Trade at your own risk. DYOR.",223b3203c2ff1e47d6df4df9992e153a,2026-09-12T07:57:01+00:00,2026-09-14T13:59:00.777699+00:00,970,crypto_futuresking
1281176,37879,"#ALCH/USDT

📈Signal: long Leverage: Cross 20X

⚡️E...even after TP1 is hit.

📣Trade Smart • Follow Risk",ad407dbb463e195d1601a60f24cd7a2c,2026-09-12T07:53:49+00:00,2026-09-14T13:59:01.027077+00:00,970,crypto_futuresking
1281189,37872,"#GRIFFAIN/USDT LONG     

👉Leverage : Cross 10× To...  0.0135
2)  0.0137
3)  0.0143

⭕Stoploss : 0.0127",e98a228a1a00acde13d3da4bd54b34aa,2026-09-12T07:53:46+00:00,2026-09-14T13:59:01.092829+00:00,970,crypto_futuresking
1281158,37875,"🔴 SHORT

#ZRX/USDT

Entry : 

1) 0.1068
2) 0.1100
...0.0994

🛑 Stop : 0.1135

Leverage : 10x (isolated)",200e5e2cec7e8fb84e69eb72d807f8bf,2026-09-12T07:53:46+00:00,2026-09-14T13:59:00.902902+00:00,970,crypto_futuresking
1281151,37866,"📊 Let’s LONG #NIULAI/USDT

💥 Leverage:  Cross 20× ...1) 0.1595
2) 0.1740
3) 0.1900

🔖 Stop Loss: 0.1150",ebeabe8c4bb385fe8785ed737f166338,2026-09-12T07:30:29+00:00,2026-09-14T13:59:00.882553+00:00,970,crypto_futuresking
1281157,37851,"🚨 #NIULAI/USDT | SHORT

⚡Leverage: Cross 50x

🎯Ent... follow the signal and secure profits at targets.💎",6b3d05b80dff31098b6fc98f7275c79c,2026-09-11T22:26:22+00:00,2026-09-14T13:59:00.899279+00:00,970,crypto_futuresking
1281152,37850,"🚨 #SUSHI/USDT / LONG

⚡Leverage: Cross 50x

🎯Entry... follow the signal and secure profits at targets.💎",25e20897cd79acc7c1570da4c29dd9a9,2026-09-11T22:26:22+00:00,2026-09-14T13:59:00.879467+00:00,970,crypto_futuresking
1281170,37847,"🚨 #RIVER/USDT | LONG

⚡Leverage: Cross 50x

🎯Entry... follow the signal and secure profits at targets.💎",1194ecc6d6ba35b90816010e16b0594c,2026-09-11T20:00:45+00:00,2026-09-14T13:59:01.004493+00:00,970,crypto_futuresking
1281140,37833,"✅ Long

Pair: #ATOM/USDT

📊 Entry Price: 

1) 1.67....754
4) 1.789

Stop Loss: 1.569

Leverage: 10x-20x",8fdcba3be5219ab1dd93ba0fdd47a5c1,2026-09-11T19:23:26+00:00,2026-09-14T13:59:00.851752+00:00,970,crypto_futuresking
1281159,37828,LAB LONG 0.06375 TP1 0.06500,e7486addea9105a563234283910b1421,2026-09-11T19:22:50+00:00,2026-09-14T13:59:00.903857+00:00,970,crypto_futuresking
1281117,37827,"🚀 #LABUSDT LONG SIGNAL 🚀

📌 ENTRY ➜ 0.06375

🎯 TAK...ch this move together!

🔓 Trade Smart • Trade Safe",f370434978b01f0a2970b3a79b805c42,2026-09-11T19:22:45+00:00,2026-09-14T13:59:00.552627+00:00,970,crypto_futuresking
1281177,37825,"🟢 Long

#DOT/USDT

Entry : 

1) 1.056400
2) 1.0247...8673

🛑 Stop : 0.989846

Leverage : 10x (isolated)",b6e4abcbc22392da567a48fd92980cc5,2026-09-11T19:22:26+00:00,2026-09-14T13:59:01.025123+00:00,970,crypto_futuresking
1281129,37824,"🚨 #LAB/USDT | LONG

⚡Leverage: Cross 50x

🎯Entry T... follow the signal and secure profits at targets.💎",4433168da5f47480761a9ade4d5c129e,2026-09-11T19:22:21+00:00,2026-09-14T13:59:00.790103+00:00,970,crypto_futuresking
1281128,37823,"#LABUSDT — BUY (LONG) 
🎉
🟢 Leverage: Cross  50x75
...Risk Management:
Use only 2%– 3%of your portfolio.",c793d470fd980edf762d1cfc532d9ea6,2026-09-11T19:22:11+00:00,2026-09-14T13:59:00.779210+00:00,970,crypto_futuresking
1280963,37761,"✨MINA/USDT

🎗 Trade Type = SHORT 🔴

⭐️ Leverage :-...990, 0.09875, 0.09778, 0.09679, 0.09554, 0.09441 ]",6ad70df88773b8b43a6d173d20d3142b,2026-09-11T19:11:10+00:00,2026-09-14T13:58:45.429905+00:00,970,crypto_futuresking
1280986,37756,"🚨 #DOGS/USDT | LONG

⚡Leverage: Cross 50x

🎯Entry ... follow the signal and secure profits at targets.💎",19cfd01a5ccd074a962fc3871e28db7c,2026-09-11T18:24:01+00:00,2026-09-14T13:58:45.543531+00:00,970,crypto_futuresking
1280942,37757,"💰#LAB / USDT👑

💎Setup Type: Strong LONG  🔖Opportun...TP ➝ 0.08500

4️⃣TP ➝ 0.09700

🚫Stop Loss: 0.06400",9b84659b050e3c010918df6e8d501ef9,2026-09-11T18:24:01+00:00,2026-09-14T13:58:45.357070+00:00,970,crypto_futuresking
1280961,37754,"$BATUSDT

LONG

RR : 2

LEVERAGE : 20x

ENTRY : 0....1

TAKE PROFITS 👇

1️⃣ 0.07494

STOPLOSS : 0.06952",cf094843644c7946ab7961779227935e,2026-09-11T18:24:00+00:00,2026-09-14T13:58:45.422817+00:00,970,crypto_futuresking
1280955,37755,"$BATUSDT

LONG

RR : 2

LEVERAGE : 20x

ENTRY : 0....1

TAKE PROFITS 👇

1️⃣ 0.07494

STOPLOSS : 0.06952",cf094843644c7946ab7961779227935e,2026-09-11T18:24:00+00:00,2026-09-14T13:58:45.406704+00:00,970,crypto_futuresking
1280957,37743,"🚀 #TSTUSDT LONG SIGNAL 🚀

📌 ENTRY ➜ 0.01562

🎯 TAK...ch this move together!

🔓 Trade Smart • Trade Safe",f70f768df40200679e6e0242db272659,2026-09-11T17:03:08+00:00,2026-09-14T13:58:45.409725+00:00,970,crypto_futuresking
1280932,37740,"🚀 #TSTUSDT LONG SIGNAL 🚀

📌 ENTRY ➜ 0.01562

🎯 TAK...ch this move together!

🔓 Trade Smart • Trade Safe",f70f768df40200679e6e0242db272659,2026-09-11T17:02:57+00:00,2026-09-14T13:58:45.214391+00:00,970,crypto_futuresking
1280952,37724,"EXCHANGE/BYBIT/BITUNIX/OKX📌 


DAY TRADE 🏆

LONG/F...agement 🏆


Use only 5% of your 📈Available balance",0bc1e07dce99a0317005e2214436da17,2026-09-11T15:05:34+00:00,2026-09-14T13:58:45.390578+00:00,970,crypto_futuresking
1280988,37703,"🚀 #XANUSDT LONG SIGNAL 🚀

📌 ENTRY ➜ 0.01174

🎯 TAK...ch this move together!

🔓 Trade Smart • Trade Safe",d9925c83f257463d6f304bcd6aa88568,2026-09-11T14:21:22+00:00,2026-09-14T13:58:45.594909+00:00,970,crypto_futuresking
1280981,37701,"🚨 NEW TRADE SIGNAL 🚨

📊 ETH/USDT — LONG 

📍 ENTRY:...Manage your risk & trade responsibly.

🔥 LET’S GO!",26977d223a15b6d5778c2e8980fe7c16,2026-09-11T14:21:22+00:00,2026-09-14T13:58:45.525986+00:00,970,crypto_futuresking
1280954,37705,"ETH / USDT 

SHORT SHORT SHORT 

IST ENTRY AT MARKET PRICE 

TP 2600 , 2590

SL 2680

20x Leverage",f35459a70b83b4110ea87a5736cb187f,2026-09-11T14:21:22+00:00,2026-09-14T13:58:45.405672+00:00,970,crypto_futuresking
1280926,37699,"🌈PAIR:- #ETH/USDT
⚡️ Direction : LONG
🛠 Leverage: ...nt Usage:- 1 - 2%
(According To your Risk Setting)",934d88f7fb3b129265d1123eec750fb6,2026-09-11T14:21:22+00:00,2026-09-14T13:58:45.059904+00:00,970,crypto_futuresking
1280925,37700,"🌈PAIR:- #ETH/USDT
⚡️ Direction : LONG
🛠 Leverage: ...nt Usage:- 1 - 2%
(According To your Risk Setting)",934d88f7fb3b129265d1123eec750fb6,2026-09-11T14:21:22+00:00,2026-09-14T13:58:45.056923+00:00,970,crypto_futuresking
1280923,37698,"🚨 NEW TRADE SIGNAL 🚨

📊 ETH/USDT — LONG 

📍 ENTRY:...Manage your risk & trade responsibly.

🔥 LET’S GO!",26977d223a15b6d5778c2e8980fe7c16,2026-09-11T14:21:12+00:00,2026-09-14T13:58:45.046777+00:00,970,crypto_futuresking
1280909,37684,"#USELESS/USDT

📈Signal: long Leverage: Cross 50X

...even after TP1 is hit.

📣Trade Smart • Follow Risk",3830f4220c4c90b99eea89d183a05c1e,2026-09-11T14:01:51+00:00,2026-09-14T13:58:43.512973+00:00,970,crypto_futuresking
1286054,38125,"🚨 #LSK/USDT | LONG

⚡Leverage: Cross 50x

🎯Entry T... follow the signal and secure profits at targets.💎",0359bc7d5e5a65b9b27bb86baa6f0250,2026-09-12T13:54:14+00:00,2026-09-14T15:15:09.089882+00:00,970,crypto_futuresking
1286025,38124,LSK long now,dabe7b188c1258c6e534fa78a8e25535,2026-09-12T13:54:14+00:00,2026-09-14T15:15:08.998399+00:00,970,crypto_futuresking
1286035,38118,"➡️ #LSK       /USDT (SHORT) 🔽🔽

⌛LEVERAGE : 20X TO...9


💥Use only 1%margin of your total portfolio❤️😘😇",fad0b99e2fe5cec7028f415b2f518b27,2026-09-12T13:30:03+00:00,2026-09-14T15:15:09.014280+00:00,970,crypto_futuresking
1286023,38119,"📈 LONG #LSK/USDT

🚀 LEVERAGE : 50x

📊 ENTRY PRICE ...
TP🟢0.250

TP🟢0.260

STOPLOSS 🔴0.223



REACTIONS?",d661e5f7927e2203967d00e99ba03618,2026-09-12T13:30:03+00:00,2026-09-14T15:15:08.997767+00:00,970,crypto_futuresking
1285997,38106,"🔴 SHORT

#KAVA/USDT

Entry : 

1) 0.070910
2) 0.07...6004

🛑 Stop : 0.075377

Leverage : 10x (isolated)",7995d9d94ca0ff76e711218d5c3a61a6,2026-09-12T13:06:14+00:00,2026-09-14T15:15:08.815903+00:00,970,crypto_futuresking
1285986,38104,"📈 LONG #LSK/USDT

🚀 LEVERAGE : 50x

📊 ENTRY PRICE ...7

TP🟢0.234

TP🟢0.246

STOPLOSS 🔴0.210

REACTIONS?",7bad34ae1d6f0e18b1ef3e6bd0d0e690,2026-09-12T13:06:14+00:00,2026-09-14T15:15:08.699349+00:00,970,crypto_futuresking
1286048,38094,"🚀 #OPENUSDT LONG SIGNAL 🚀

📌 ENTRY ➜ 0.1328

🎯 TAK...ch this move together!

🔓 Trade Smart • Trade Safe",73942b547784cc806a4644a6f6406e6a,2026-09-12T12:48:45+00:00,2026-09-14T15:15:09.042081+00:00,970,crypto_futuresking
1286028,38095,"🚨 #UNI/USDT | LONG

⚡Leverage: Cross 50x

🎯Entry T... follow the signal and secure profits at targets.💎",ab11cd2e324d9379fc30a93c807afe75,2026-09-12T12:48:45+00:00,2026-09-14T15:15:09.004687+00:00,970,crypto_futuresking
1286030,38093,"🚀 #OPENUSDT LONG SIGNAL 🚀

📌 ENTRY ➜ 0.1328

🎯 TAK...ch this move together!

🔓 Trade Smart • Trade Safe",73942b547784cc806a4644a6f6406e6a,2026-09-12T12:48:44+00:00,2026-09-14T15:15:09.006866+00:00,970,crypto_futuresking
1285996,38091,"#LAB/ USDT — BUY (LONG) 
Leverage: Cross 25x – 50x...T IS KEY
👉 Use ONLY 2 – 3% of your total portfolio",386700c60541754c484189c0fc08ef91,2026-09-12T12:48:44+00:00,2026-09-14T15:15:08.811576+00:00,970,crypto_futuresking
1285972,38090,"🚀 #JCTUSDT LONG SIGNAL 🚀

📌 ENTRY ➜ 0.001584

🎯 TA...ch this move together!

🔓 Trade Smart • Trade Safe",beb3670759459e6648c24abdae9b7015,2026-09-12T12:48:44+00:00,2026-09-14T15:15:08.487811+00:00,970,crypto_futuresking
1286027,38079,"⭐ RIVER /USDT — LONG

💵 ENTRY: 1.2700-1.2000

⚙️ L...o

📌 Follow the setup and manage your risk wisely.",8d509b1929fe2bdbfe2a808d98b2b50d,2026-09-12T11:56:03+00:00,2026-09-14T15:15:09.002093+00:00,970,crypto_futuresking
1286041,38075,"⭐ TA /USDT — LONG

💵 ENTRY: 0.05940-0.05500

⚙️ LE...o

📌 Follow the setup and manage your risk wisely.",fb215f22bce4b957f3cb9df19aaf6edc,2026-09-12T11:56:02+00:00,2026-09-14T15:15:09.028521+00:00,970,crypto_futuresking
1285995,38066,"#ACE | SHORT SETUP

💰 Entry: $0.15993

🎯 Target1: ...t4: $0.15385
🎯 Target5: $0.15161

🛡 STOP: $0.16793",46d72ecb540d421aedad3ef51ae77279,2026-09-12T11:27:07+00:00,2026-09-14T15:15:08.807268+00:00,970,crypto_futuresking
1286046,38063,"#ACE | SHORT SETUP

💰 Entry: $0.15993

🎯 Target1: ...t4: $0.15385
🎯 Target5: $0.15161

🛡 STOP: $0.16793",46d72ecb540d421aedad3ef51ae77279,2026-09-12T11:27:06+00:00,2026-09-14T15:15:09.038040+00:00,970,crypto_futuresking
1286045,38064,"💫 Pair: USELESS/USDT  💫

🔼 Direction: Long 🔼

✅ Le...Take Profit: 0.2650 📈

⚠️ Stop Loss: 0.2120 ⚠️

📈📈",caeaddeda9be8cecab58a1ae071fe0dd,2026-09-12T11:27:06+00:00,2026-09-14T15:15:09.037212+00:00,970,crypto_futuresking
1285999,38065,"💫 Pair: USELESS/USDT  💫

🔼 Direction: Long 🔼

✅ Le...Take Profit: 0.2650 📈

⚠️ Stop Loss: 0.2120 ⚠️

📈📈",caeaddeda9be8cecab58a1ae071fe0dd,2026-09-12T11:27:06+00:00,2026-09-14T15:15:08.823444+00:00,970,crypto_futuresking
1286021,38062,"↗️ LONG #LAB 50x

📌 Entry: 0.07450

🎯 TP: 0.07600
...t Usage: 1-3%
⚠️ According to your risk management",9984872fb163c117673e200c0d4a2a8e,2026-09-12T11:26:58+00:00,2026-09-14T15:15:08.992915+00:00,970,crypto_futuresking
1285985,38060,"⭐ LSK /USDT — SHORT

💵 ENTRY: 0.02200-0.02300

⚙️ ...o

📌 Follow the setup and manage your risk wisely.",f4cd5bb71a97f7cfb0af81faa670fcbe,2026-09-12T11:26:29+00:00,2026-09-14T15:15:08.697417+00:00,970,crypto_futuresking
1286036,38056,"#FLOCK/USDT

📈Signal: long Leverage: Cross 20X

⚡️...even after TP1 is hit.

📣Trade Smart • Follow Risk",d7123575ad8d00d06c657595a37814a5,2026-09-12T11:16:38+00:00,2026-09-14T15:15:09.017319+00:00,970,crypto_futuresking
1285976,38054,"🔘 Coin : #4/USDT 🔘

🔴 SHORT

🔺Entry🔻: 0.022931

⭐️... 0.021783

♦️ StopLoss : 0.023718

🔱 Leverage: 25x",4a0ae642e63c836b0413981945e151fd,2026-09-12T11:16:38+00:00,2026-09-14T15:15:08.529541+00:00,970,crypto_futuresking
1285973,38050,"#FLOCK/USDT

📈Signal: long Leverage: Cross 20X

⚡️...even after TP1 is hit.

📣Trade Smart • Follow Risk",d7123575ad8d00d06c657595a37814a5,2026-09-12T11:16:21+00:00,2026-09-14T15:15:08.520341+00:00,970,crypto_futuresking
1286000,38045,"⭐️$LSK/USDT  SHORT

🛡Leverage : Cross 25x50

‼️Ent....24729

Use only 3% - 5% amount of your portfolio🛍",0eb13ac447b1af7dbc62cbe163089a86,2026-09-12T11:07:56+00:00,2026-09-14T15:15:08.854976+00:00,970,crypto_futuresking
1286026,38044,LSKUSDT SHORT NOW,500bece0a648b9bb1c188bb449aedb6f,2026-09-12T11:07:55+00:00,2026-09-14T15:15:09.000889+00:00,970,crypto_futuresking
1286037,38040,"📊#UAI/USDT — LONG

⚡️ Leverage : 10X – 30X

💹Entry...Entry After TP1

⚖️ Follow Proper Risk Management.",293a56064d13bba6c1d7e922aa07987a,2026-09-12T10:37:17+00:00,2026-09-14T15:15:09.017914+00:00,970,crypto_futuresking
1285998,38035,"💰#LSK/ USDT👑

💎Setup Type: Strong LONG  🔖Opportuni...TP ➝ 0.24000

4️⃣TP ➝ 0.32000

🚫Stop Loss: 0.17700",92a9a96677667d6a37df6dd29573bde8,2026-09-12T10:13:26+00:00,2026-09-14T15:15:08.822835+00:00,970,crypto_futuresking
1285993,38034,"🚨 #UAI/USDT | LONG

⚡Leverage: Cross 50x

🎯Entry T... follow the signal and secure profits at targets.💎",366ab19e34feebf7082be6bc527cd940,2026-09-12T10:09:13+00:00,2026-09-14T15:15:08.794881+00:00,970,crypto_futuresking
1285992,38033,"➡️ #UAI       /USDT (SHORT) 🔽🔽

⌛LEVERAGE : 20X TO...9


💥Use only 1%margin of your total portfolio❤️😘😇",e76e734f9064d2a5066a438435aa5294,2026-09-12T10:07:35+00:00,2026-09-14T15:15:08.755999+00:00,970,crypto_futuresking
1285980,38029,"🔰 PAIR: OP/ USDT 💹

🟢Position: LONG🚀

☑️ Entry Zon...:
🥇 0.0977
🥈 0.0982
🥉 0.0992

❌ Stop Loss: 🔴0.0960",5bc15de9121c195727cd785581501e23,2026-09-12T10:07:16+00:00,2026-09-14T15:15:08.562078+00:00,970,crypto_futuresking
1285974,38030,"🟢HYPE/USDT My Long Trade 

Leverage 75X

Entry Poi...0.500

Stop Loss   78.500

Follow Money Management",d1947827b3108fc8da9ddd6279dab953,2026-09-12T10:07:16+00:00,2026-09-14T15:15:08.521100+00:00,970,crypto_futuresking
1285966,38031,"🛎️ Trade: #SOMI/USDT

Direction: 📈 LONG 

🟢 Entry ...74
• Target 6: 0.1589

💠 Leverage : 5x - 10x - 20x",2c465f60c9b39ddde3f0380afe0da8bc,2026-09-12T10:07:16+00:00,2026-09-14T15:15:08.005247+00:00,970,crypto_futuresking
1286055,38028,"🔰 PAIR: OP/ USDT 💹

🟢Position: LONG🚀

☑️ Entry Zon...:
🥇 0.0977
🥈 0.0982
🥉 0.0992

❌ Stop Loss: 🔴0.0960",5bc15de9121c195727cd785581501e23,2026-09-12T10:07:10+00:00,2026-09-14T15:15:09.096460+00:00,970,crypto_futuresking
1285961,38014,"🚀 $LSK/USDT PERP 🚀

🟢 LONG

💰 Entry : 0.205$ – 0.1... 5X – 25X

⛔️ SL : 0.145$

📌 Use Only 2-5% Capital",1c64ae17624bc34ce635bdca9e32cbb9,2026-09-12T09:51:47+00:00,2026-09-14T15:15:07.955262+00:00,970,crypto_futuresking
1285960,38013,"$PUNDIX/USDT #LONG📩

✅ENTRY :-0.1080/0.1030

Targe...𝐎𝐧𝐥𝐲 𝟏-𝟑% 𝐎𝐟 𝐎𝐮𝐫 𝐃𝐞𝐩𝐨𝐬𝐢𝐭 𝐅𝐨𝐫 𝐄𝐚𝐜𝐡 𝐓𝐫𝐚𝐝𝐞

React,??m",250ddf1b56bb194a3ab6ba1131f00c44,2026-09-12T09:51:37+00:00,2026-09-14T15:15:07.950835+00:00,970,crypto_futuresking
1285853,38012,"🚀 $LSK/USDT PERP 🚀

🟢 LONG

💰 Entry : 0.205$ – 0.1... 5X – 25X

⛔️ SL : 0.145$

📌 Use Only 2-5% Capital",1c64ae17624bc34ce635bdca9e32cbb9,2026-09-12T09:51:32+00:00,2026-09-14T15:14:54.717802+00:00,970,crypto_futuresking
1285869,38011,"🔴 Short

Pair: #ZIL/USDT

📊 Entry Price: 

1) 0.00...0.0025401

Stop Loss: 0.0029009

Leverage: 10x-20x",7d694ac8dfab6c2b3f6aba60c5d89b48,2026-09-12T09:51:28+00:00,2026-09-14T15:14:54.824306+00:00,970,crypto_futuresking
1285831,38010,"📍Coin : #1000BONK/USDT

🟢 LONG 

👉 Entry: 0.002780....002922
🎯 Target 6: 0.002951

❌ StopLoss: 0.002595",d93463efe18982e82cb74d80466e8ae2,2026-09-12T09:51:24+00:00,2026-09-14T15:14:54.586607+00:00,970,crypto_futuresking
1285819,38007,"📊 #MINA/USDT

🟢 POSITION: LONG

💰 ENTRY RANGE
➤ 0....
➤ 0.092

━━━━━━━━━━━━━━━━━━

✅ Manage risk wisely",eaae9f373b0c6557a34a7e0a03993c65,2026-09-12T09:51:02+00:00,2026-09-14T15:14:54.461585+00:00,970,crypto_futuresking
1285825,38005,"💵 𝐒𝐈𝐆𝐍𝐀𝐋 𝐀𝐋𝐄𝐑𝐓 💵

#RIVER/USDT (25xLONG)

✅ ENTRY:1...2/1.36

TARGETS:-1.47/1.54/1.63

❌ STOP LOSS: 1.21",bfc1e5273c0fd767fecf18d4bdbdfae4,2026-09-12T09:50:47+00:00,2026-09-14T15:14:54.554995+00:00,970,crypto_futuresking
1285868,38004,"Coin #BEAT /USDT

Position: LONG 

Leverage:  Cros...rgets: 🎯 0.0970, 0.1010, 0.1050

Stop Loss: 0.0850",527bc9e7b86bf99ef61de91b351eae3f,2026-09-12T09:50:44+00:00,2026-09-14T15:14:54.817612+00:00,970,crypto_futuresking
1285822,38003,"🪙 Coin: #MINA/USDT
🧭 Type: #LONG

📈 Entry Zone:
0.... within the zone and maintain strict risk control.",a6bfb53c23692265af8f4c6131361b9b,2026-09-12T09:50:31+00:00,2026-09-14T15:14:54.484063+00:00,970,crypto_futuresking
1285830,38001,"🌹 #PUNDIX/USDT

🟢 LONG

✅ Entry: 0.113- 0.1096

❌ ...l advice.
💰 Stay disciplined. Protect your capital",c634b554599b326c657ca976d1252215,2026-09-12T09:50:16+00:00,2026-09-14T15:14:54.581511+00:00,970,crypto_futuresking
1285835,37998,"↗️ SPOT CALL (BINANCE)

#TUT/USDT 🥂

BUY BELOW: Ma... 0.02300 - 0.02600++ 🔥🔥

No Leverage — Spot Only 💎",66b1ca1377332349998dcdead061bf40,2026-09-12T09:50:05+00:00,2026-09-14T15:14:54.599616+00:00,970,crypto_futuresking
1285867,37996,"#LSK/USDT LONG     

👉Leverage : Cross 10× To 30×
...

1)  0.221
2)  0.233
3)  0.257

⭕Stoploss : 0.204",4c3bdbf9a88e71b3a8d8540ae7536793,2026-09-12T09:49:50+00:00,2026-09-14T15:14:54.815353+00:00,970,crypto_futuresking
1285812,37994,"⌛#JUP/USDT  ( SHORT )

🍁 Leverage 👉 20X to 25X 

⛩...63 | 0.2339 | 0.2311 | 0.2288

🔕 Stoploss = 0.2527",eae39ec16292cd671bb647543ef05a8e,2026-09-12T09:49:43+00:00,2026-09-14T15:14:54.372100+00:00,970,crypto_futuresking
1285864,37993,"Coin #PUNDIX /USDT

Position: LONG 

Leverage:  Cr...rgets: 🎯 0.1150, 0.1180, 0.1220

Stop Loss: 0.1060",8325124c3472a90ec577edda42e35193,2026-09-12T09:49:39+00:00,2026-09-14T15:14:54.804356+00:00,970,crypto_futuresking
1285814,37964,"🚨 #AKE/USDT | SHORT

⚡Leverage: Cross 50x

🎯Entry ... follow the signal and secure profits at targets.💎",c99bcc647e0b04016b1d06dcfa12501c,2026-09-12T09:43:32+00:00,2026-09-14T15:14:54.379697+00:00,970,crypto_futuresking
1285854,37954,"🚀 #SOPHUSDT LONG SIGNAL 🚀

📌 ENTRY ➜ 0.004813

🎯 T...ch this move together!

🔓 Trade Smart • Trade Safe",a11887d9b739d041a4e902f809332a23,2026-09-12T09:42:04+00:00,2026-09-14T15:14:54.776079+00:00,970,crypto_futuresking
1285808,37956,"➡️ #RIVER      /USDT (LONG) 🔼🔼

⌛LEVERAGE : 20X TO...0


💥Use only 1%margin of your total portfolio❤️😘😇",92be073ae72374828053d8e357a0a8da,2026-09-12T09:42:04+00:00,2026-09-14T15:14:54.285765+00:00,970,crypto_futuresking
1285800,37955,"Coin #MOVR/USDT

Position: LONG 

Leverage:  Cross...0.77

Targets: 🎯 0.81, 0.83, 0.85

Stop Loss: 0.75",cb3c4d988670584cbc8e3859318e6afc,2026-09-12T09:42:04+00:00,2026-09-14T15:14:54.167761+00:00,970,crypto_futuresking
1285852,37948,SOPH LONG 0.004813 TP1 0.004915,8b6dbb1f565e11137d4061b16072cddc,2026-09-12T09:41:44+00:00,2026-09-14T15:14:54.702740+00:00,970,crypto_futuresking
1285799,37942,"#LSKUSDT — BUY (LONG) 
🎉
🟢 Leverage: Cross  50x75
...Risk Management:
Use only 2%– 3%of your portfolio.",43c96bac35873d4b4db306375b21883c,2026-09-12T09:27:10+00:00,2026-09-14T15:14:54.163891+00:00,970,crypto_futuresking
1285809,37938,"#RIVER/USDT SHORT     

👉Leverage : Cross 10× To 3...t

1)  1.253
2)  1.230
3)  1.200

⭕Stoploss : 1.36",bdba8ac53d3417211a8da70365f819be,2026-09-12T09:22:34+00:00,2026-09-14T15:14:54.357988+00:00,970,crypto_futuresking
1285807,37932,"🚨 #LAB/USDT — TRADE LONG

LEVERAGE 25X TO 50X

⚡️ ...
⛔️ STOP LOSS: 0.07000

🪖 NO FEAR — JUST PROFITS 🧲",2d112489d8762a698490bea90c2f7200,2026-09-12T09:20:11+00:00,2026-09-14T15:14:54.277982+00:00,970,crypto_futuresking
1285855,37923,"⭐️$LAB/USDT  LONG

🛡Leverage : Cross 25x50

‼️Entr....06092

Use only 3% - 5% amount of your portfolio🛍",da342ef42e3a6febf8985c8499f8d031,2026-09-12T09:18:52+00:00,2026-09-14T15:14:54.776964+00:00,970,crypto_futuresking
1285821,37926,LABUSDT LONG NOW,f9c09a92d4c106bd6f674e990fc11f34,2026-09-12T09:18:52+00:00,2026-09-14T15:14:54.473820+00:00,970,crypto_futuresking
1285791,37924,"✅ Long

Pair: #ALGO/USDT

📊 Entry Price: 

1) 0.09...) 0.098753

Stop Loss: 0.086606

Leverage: 10x-20x",e7e9e77ba00c55b2d92a7fcba142cfc0,2026-09-12T09:18:52+00:00,2026-09-14T15:14:54.035576+00:00,970,crypto_futuresking
1285789,37918,"⚡️$KAVA/USDT⚡️

SHORT 
Leverage: 35X 

Entry: 0.07....063808
4)0.061750
5)0.059691

Stoploss: 0.0730489",ae3ddce1fe6d3ef9f8f12fae8cd7ded1,2026-09-12T09:02:07+00:00,2026-09-14T15:14:54.031891+00:00,970,crypto_futuresking
1285784,37913,"💰#UNI / USDT👑

💎Setup Type: Strong LONG  🔖Opportun...600

🥉TP ➝ 7.500

4️⃣TP ➝ 8.300

🚫Stop Loss: 5.500",07cce642c868dc9cfabf23d44fba04c7,2026-09-12T08:45:57+00:00,2026-09-14T15:14:53.928341+00:00,970,crypto_futuresking
1285790,37910,"Coin #LSK/USDT

Position: LONG 

Leverage:  Cross ...rgets: 🎯 0.2025, 0.2080, 0.2140

Stop Loss: 0.1875",6c2a3a8e6c7c8a501e4f7dffacdcb3bd,2026-09-12T08:44:34+00:00,2026-09-14T15:14:54.033016+00:00,970,crypto_futuresking
1285781,37908,"🔴 SHORT

#KAVA/USDT

Entry zone : 0.070318 - 0.068...1750
0.059691

Stop loss :0.0730489

Leverage: 10x",1e8443a459db3b2a29c6324f5e326970,2026-09-12T08:44:34+00:00,2026-09-14T15:14:53.651150+00:00,970,crypto_futuresking
