id,external_id,message_preview,hash,published_at,created_at,source_id,source_name
1095930,34832,"🔴 SHORT

#DASH/USDT

Entry zone : 59.66 - 57.93

T....14
52.39
50.65

Stop loss :61.9851

Leverage: 10x",f411d5396acb5d21a798a40ecc6bb7a1,2026-09-04T22:41:23+00:00,2026-09-05T01:56:56.945677+00:00,950,legeendofcrypto
1095928,34830,"#PUMP $PUMP LONG TRADE

ENTRY: 0.00427

TARGETS: 0.004438 - 0.004915

STOPLOSS: 0.00416",9a4f9c67de6396aa0bf5c9be7ad4337f,2026-09-04T21:44:43+00:00,2026-09-05T01:56:56.911454+00:00,950,legeendofcrypto
1095927,34829,"💰#4 / USDT👑

💎Setup Type: Strong LONG  🔖Opportunit...TP ➝ 0.02700

4️⃣TP ➝ 0.03500

🚫Stop Loss: 0.02100",193f8322957b59ad20c3ed26b6266b87,2026-09-04T20:27:24+00:00,2026-09-05T01:56:56.908737+00:00,950,legeendofcrypto
1102176,35014,"SOL/USDT My Short Trade Idea 💡

Leverage 100X

Ent....500

Stop Loss   101.500

Follow Money Management",fc6f7b10a7b512fa2ebd87b4fe860462,2026-09-05T08:35:03+00:00,2026-09-05T08:36:12.786048+00:00,950,legeendofcrypto
1102177,35018,"COIN: #UAI/USDT (LONG) SETUP

📊 Leverage 25x to 50...ENT IS KEY
Use only 1–2% of your capital per trade",81d45760a07bf5d2578fc63dbb9a291a,2026-09-05T08:35:03+00:00,2026-09-05T08:36:12.784033+00:00,950,legeendofcrypto
1102174,35019,"#UAI/USDT LONG     

👉Leverage : Cross 10× To 30×
...
1)  0.480
2)  0.497
3)  0.530

⭕Stoploss : 0.4435",88cf9362e4aac7bb034fcde508f8592e,2026-09-05T08:35:03+00:00,2026-09-05T08:36:12.778646+00:00,950,legeendofcrypto
1102197,35010,"🟢 LONG  - $MAV

-  Entry market: 0.01122
- Entry l... the funds if trading without caution & knowledge.",881dfc34a236b4da5a5867264543bf70,2026-09-05T08:27:35+00:00,2026-09-05T08:36:12.997992+00:00,950,legeendofcrypto
1102144,35013,"📈 LONG #UAI/USDT

🚀 LEVERAGE : 50x

📊 ENTRY PRICE ...7

TP🟢0.490

TP🟢0.520

STOPLOSS 🔴0.440

REACTIONS?",8a5d4bd464804bddce9409811c151427,2026-09-05T08:27:35+00:00,2026-09-05T08:36:11.986278+00:00,950,legeendofcrypto
1102188,35004,ZKP LONG 0.04979 TP1 0.05085,5121d37045cac4e1200ed4e97c96f336,2026-09-05T08:19:46+00:00,2026-09-05T08:36:12.865461+00:00,950,legeendofcrypto
1102180,35008,"UBUSDTUSDT  
Exchanges: BINGX 

🟢 Long
Leverage- C....17575000
6) 0.18981000
7) 🚀🚀🚀 

⛔️ SL:
0.13430000",afdf6bfa12c0c05c89f03dfc4283f0bb,2026-09-05T08:19:46+00:00,2026-09-05T08:36:12.793058+00:00,950,legeendofcrypto
1102181,35005,"🚀 #ZKP/USDT LONG SIGNAL 🚀
📍 Entry: 0.04978


🎯 Tak... your risk, and let's catch this move together! 🪙🔥",e374f6c5bc0d0212782315c8ebb6f8a4,2026-09-05T08:19:46+00:00,2026-09-05T08:36:12.789203+00:00,950,legeendofcrypto
1102147,35007,"⭐️$UB/USDT  LONG 

🛡Leverage : Cross 25x50

‼️Entr....13430

Use only 3% - 5% amount of your portfolio🛍",c8b154c7a72184b70bac38bd21eee5a3,2026-09-05T08:19:46+00:00,2026-09-05T08:36:12.217626+00:00,950,legeendofcrypto
1102167,35000,"Coin #UAI/USDT

Position: LONG 

Leverage:  Cross ...rgets: 🎯 0.4800, 0.4950, 0.5100

Stop Loss: 0.4350",3d91726e1a79e61ad18a096f53c4b5bb,2026-09-05T08:13:24+00:00,2026-09-05T08:36:12.732528+00:00,950,legeendofcrypto
1102159,35001,"✅ Long

#ZEC/USDT

Entry zone : 974.306 - 1004.44
...099.35
1129.34

Stop loss :934.1292

Leverage: 10x",ab688b9198dc2b16a557634c9a0716c0,2026-09-05T08:13:24+00:00,2026-09-05T08:36:12.556162+00:00,950,legeendofcrypto
1102184,34998,"#MUBARAKUSDT — BUY (LONG) 
🎉
🟢 Leverage: Cross  50...Risk Management:
Use only 2%– 3%of your portfolio.",51b17c9bd2e3bdb71781086799535897,2026-09-05T08:07:24+00:00,2026-09-05T08:36:12.835797+00:00,950,legeendofcrypto
1102175,34999,"Coin #FLOCK/USDT

Position: LONG 

Leverage:  Cros...rgets: 🎯 0.0520, 0.0535, 0.0550

Stop Loss: 0.0475",69cfa9ed8758516f83d74deb391a710e,2026-09-05T08:07:24+00:00,2026-09-05T08:36:12.776391+00:00,950,legeendofcrypto
1102200,34994,#MAGMA/USDT SHORT NOW 📉,aba7031e9846205ecb67b6273f3e2595,2026-09-05T07:51:20+00:00,2026-09-05T08:36:13.132567+00:00,950,legeendofcrypto
1102170,34990,"Short #AKE 50x 0.017900

Tp: 0.017300",ffdcb21fb8acc317eaf4e578b1c59994,2026-09-05T07:51:20+00:00,2026-09-05T08:36:12.761013+00:00,950,legeendofcrypto
1102166,34993,"Coin #AKE/USDT

Position: LONG 

Leverage:  Cross ...rgets: 🎯 0.0186, 0.0192, 0.0199

Stop Loss: 0.0168",c39cc0ca00a8233bb2e28db31e30b985,2026-09-05T07:51:20+00:00,2026-09-05T08:36:12.734954+00:00,950,legeendofcrypto
1102162,34995,"🚩 SHORT #MAGMA/USDT

⚙️ 50X LEVERAGE

🛡 Entry: 0.2...: 0.22500
TP3: 0.21200

🛑 SL: 0.27000

🔥REACTIONS?",93f315e828b5337b3126fbe071e2361d,2026-09-05T07:51:20+00:00,2026-09-05T08:36:12.563790+00:00,950,legeendofcrypto
1102201,34982,"📊#TUT/USDT–LONG–30x 🚀

📍 𝐄𝐧𝐭𝐫𝐲 𝐙𝐨𝐧𝐞:

➥ 0.0206, 0....tal.

⚠️ Disclaimer:
Trade at your own risk. DYOR.",656d80af83b97cacaf9801bab3838eae,2026-09-05T07:32:16+00:00,2026-09-05T08:36:13.357434+00:00,950,legeendofcrypto
1102196,34986,"LAUSDTUSDT  
Exchanges: BINGX 

🟢 Long
Leverage- C....07370000
6) 0.07500000
7) 🚀🚀🚀 

⛔️ SL:
0.06640000",e1481e62e3c54ee88250b8aa674ceb07,2026-09-05T07:32:16+00:00,2026-09-05T08:36:12.987643+00:00,950,legeendofcrypto
1102194,34976,"🔴 SHORT

#ALGO/USDT

Entry : 

1) 0.092550
2) 0.09...6146

🛑 Stop : 0.098380

Leverage : 10x (isolated)",b6c1fd4b706f018f59fb97d0516c8672,2026-09-05T07:32:16+00:00,2026-09-05T08:36:12.954074+00:00,950,legeendofcrypto
1102195,34981,"📊 #MYX/USDT

🟢 POSITION: LONG

💰 ENTRY RANGE
➤ 0.0...
➤ 0.068

━━━━━━━━━━━━━━━━━━

✅ Manage risk wisely",f6cd5bc356cfed165b11b05524290f2b,2026-09-05T07:32:16+00:00,2026-09-05T08:36:12.949074+00:00,950,legeendofcrypto
1102199,34968,"📊 Let’s SHORT #CLO/USDT

💥 Leverage:  Cross 10×  -...) 0.1170
2) 0.1090
3) 0.0960

🔖 Stop Loss: 0.13255",89f4fcf8e7fc9ffe3b13019e1dc7ce4e,2026-09-05T07:32:16+00:00,2026-09-05T08:36:12.937260+00:00,950,legeendofcrypto
1102190,34975,"🟢 Long

#BCH/USDT

Entry : 

1) 245.79
2) 238.41

...262.60

🛑 Stop : 230.30

Leverage : 10x (isolated)",1a46fc6f81e52773a2184419f5ce4caf,2026-09-05T07:32:16+00:00,2026-09-05T08:36:12.877120+00:00,950,legeendofcrypto
1102187,34989,"DASHUSDTUSDT  
Exchanges: BINGX 

🟢 Long
Leverage-...5
4) 91.96
5) 99.32
6) 107.26
7) 🚀🚀🚀 

⛔️ SL:
1.00",98433e4efbdbdd46e526f4110b64ad59,2026-09-05T07:32:16+00:00,2026-09-05T08:36:12.868185+00:00,950,legeendofcrypto
1102186,34970,"$XMR LONG 🟢

10x-15x Lev 

Entry -  532$

TP - 570$- 610$

SL: 499$",cd8f6970365339b86c97f1c90d44f388,2026-09-05T07:32:16+00:00,2026-09-05T08:36:12.863951+00:00,950,legeendofcrypto
1102182,34988,"🚩 LONG #B/USDT

⚙️ 75X LEVERAGE

🛡 Entry: 0.2035

...TP2: 0.2099
TP3: 0.2170

🛑 SL: 0.1850

🔥REACTIONS?",ab82d1ef877d5298b36c56ec0c2f4499,2026-09-05T07:32:16+00:00,2026-09-05T08:36:12.799917+00:00,950,legeendofcrypto
1102168,34980,"🚀 $4/USDT PERP 🚀

🟢 LONG

💰 Entry : 0.027$ – 0.023... 5X – 25X

⛔️ SL : 0.020$

📌 Use Only 2-5% Capital",9bd3b43f068f29804aca4bd3d2c839cf,2026-09-05T07:32:16+00:00,2026-09-05T08:36:12.748515+00:00,950,legeendofcrypto
1102164,34973,"#SHORT 🔴 🔤🔤🔤🔤🔤

#TAC/USDT 

Margin Mode : Isolated...7

🟩 SL : 0.002568 - 100%

📊 LEV : 20X

🇯🇵 Premium",624fb633f50ee65ad357e9157d472ef1,2026-09-05T07:32:16+00:00,2026-09-05T08:36:12.592832+00:00,950,legeendofcrypto
1102161,34967,"📊 Let’s SHORT #BE/USDT

💥 Leverage:  Cross 20×  - ...: 

1) 255.0
2) 230.0
3) 200.0

🔖 Stop Loss: 275.0",c137893426375d5b62a2be396b753ba9,2026-09-05T07:32:16+00:00,2026-09-05T08:36:12.562199+00:00,950,legeendofcrypto
1102157,34984,"💵 𝐒𝐈𝐆𝐍𝐀𝐋 𝐀𝐋𝐄𝐑𝐓 💵

#AKE/USDT (25xLONG)

✅ ENTRY:0.0...ETS:-0.01920/0.02050/0.02250

❌ STOP LOSS: 0.01540",ba5e8776c4e6f5902b5bdb14492d551a,2026-09-05T07:32:16+00:00,2026-09-05T08:36:12.538270+00:00,950,legeendofcrypto
1102158,34987,B/USDT LONG NOW 📈,d88bf57ade9fd6d34f788e4ff598fd1a,2026-09-05T07:32:16+00:00,2026-09-05T08:36:12.522263+00:00,950,legeendofcrypto
1102154,34971,"$LTC LONG 🟢

10x-15x Lev 

Entry -  53.60-51.50$

TP - 57$- 60$$

SL: 49$",2413ce203c3b0851eb1ea0b4b72858fe,2026-09-05T07:32:16+00:00,2026-09-05T08:36:12.445974+00:00,950,legeendofcrypto
1102148,34985,"#AKE/USDT BUY (LONG) 

⚡️Leverage : Cross 25x to 5...01760

⚠️Use only 3% - 5% amount of your portfolio",1e514e358c1a18a380caf1d92aa87770,2026-09-05T07:32:16+00:00,2026-09-05T08:36:12.280926+00:00,950,legeendofcrypto
1102146,34979,"#NOM/USDT LONG     

👉Leverage : Cross 10× To 30×
...00192
2)  0.00202
3)  0.00214

⭕Stoploss : 0.00175",da6dac38f119d39acd2fe992f95e188f,2026-09-05T07:32:16+00:00,2026-09-05T08:36:12.192310+00:00,950,legeendofcrypto
1102142,34969,"#ACUUSDT — BUY (LONG) 
🎉
🟢 Leverage: Cross  50x

⚡...Risk Management:
Use only 2%– 3%of your portfolio.",9b6f0acc147d63a443b213c4fb4d02e0,2026-09-05T07:32:16+00:00,2026-09-05T08:36:11.974966+00:00,950,legeendofcrypto
1102139,34983,"🟢 4/USDT 📈

📈 long Setup 

💰 Entry Zone: 0.0258–0....et 1. 
✅ Move SL to breakeven after Target 1 hits.",51c92a4ae5fdfefb7c5fe6349526c334,2026-09-05T07:32:16+00:00,2026-09-05T08:36:11.939921+00:00,950,legeendofcrypto
1102138,34972,"⌛#BICO/USDT  ( LONG )

🍁 Leverage 👉 20X to 25X 

⛩... 0.02414 | 0.02438 | 0.02469

🔕 Stoploss = 0.02228",a4c1f69d06b4139686fe831f1c608537,2026-09-05T07:32:16+00:00,2026-09-05T08:36:11.929861+00:00,950,legeendofcrypto
1105857,35040,"🚀 #SOMI/USDT LONG SIGNAL 🚀
📍 Entry: 0.1215


🎯 Tak... your risk, and let's catch this move together! 🪙🔥",4882a262060c3adee2bc3692f0da62b2,2026-09-05T09:40:57+00:00,2026-09-05T09:57:49.963247+00:00,950,legeendofcrypto
1105809,35039,SOMI LONG 0.1215 TP1 0.1240,9b31a26a744c5f33234fd95447993eba,2026-09-05T09:40:57+00:00,2026-09-05T09:57:49.129194+00:00,950,legeendofcrypto
1105845,35037,"🔘 Coin : #UAI/USDT 🔘

🔴 SHORT

🔺Entry🔻: 0.4684

⭐️...95 - 0.4401

♦️ StopLoss : 0.4851

🔱 Leverage: 25x",74547cf06904328c0bf6d0b95fd8e69a,2026-09-05T09:33:48+00:00,2026-09-05T09:57:49.877022+00:00,950,legeendofcrypto
1105824,35036,"Pair: #DASH/USDT

Short • (10X-50X)

Entry
66.60 -... your own risk. Always use proper risk management.",dd5face5b6372223f9ecfdfd1eee2396,2026-09-05T09:33:47+00:00,2026-09-05T09:57:49.464149+00:00,950,legeendofcrypto
1105830,35035,"TRUMPUSDTUSDT  
Exchanges: BINGX 

🟢 Short
Leverag... 2.33
4) 2.30
5) 2.22
6) 2.18
7) 🚀🚀🚀 

⛔️ SL:
2.54",d31c3f6597c6cd9a93cf79efb15fe27c,2026-09-05T09:28:50+00:00,2026-09-05T09:57:49.518400+00:00,950,legeendofcrypto
1105823,35031,"#4/USDT SHORT     

👉Leverage : Cross 10× To 30×

...  0.0249
2)  0.0239
3)  0.0227

⭕Stoploss : 0.0285",b58893f54bd6168ade94343dd462d0e4,2026-09-05T09:28:49+00:00,2026-09-05T09:57:49.385202+00:00,950,legeendofcrypto
1105810,35032,"🚀 LONG: $AKE/USDT
LEVERAGE: 50x

✔️ENTRY PRICE: 0....0-0.02080-0.02200

STOP LOSS:  0.01830

REACTIONS?",3885efa4fe620bff4b217259f9ed9c5c,2026-09-05T09:28:49+00:00,2026-09-05T09:57:49.134704+00:00,950,legeendofcrypto
1105844,35029,"Coin #AKE/USDT

Position: LONG 

Leverage:  Cross ...rgets: 🎯 0.0187, 0.0194, 0.0202

Stop Loss: 0.0172",0e7af6654dd50fe2c1b12204c9a9b7ce,2026-09-05T09:06:14+00:00,2026-09-05T09:57:49.865904+00:00,950,legeendofcrypto
1105807,35024,"🔴 Short

Pair: #BNB/USDT

📊 Entry Price: 

1) 748....
4) 697.115

Stop Loss: 796.112

Leverage: 10x-20x",da69c7bd61298a6cf4982bd98489fbaf,2026-09-05T08:52:26+00:00,2026-09-05T09:57:49.122717+00:00,950,legeendofcrypto
1107504,35055,"BANANAUSDTUSDT  
Exchanges: BINGX 

🟢 Long
Leverag... 4.85
4) 5.24
5) 5.66
6) 6.11
7) 🚀🚀🚀 

⛔️ SL:
5.00",a03219fdaa6b70107170f6fbf373e7ab,2026-09-05T11:12:51+00:00,2026-09-05T11:27:31.396821+00:00,950,legeendofcrypto
1107506,35052,"CTRUSDT - LONG ( Swing trade ) 📈

Entry : Market p...*0.011
0.0113
0.0118
0.0125*

Stoploss at : 0.0083",fc053a7aee278c2e03424404c87f19f3,2026-09-05T10:26:53+00:00,2026-09-05T11:27:31.422883+00:00,950,legeendofcrypto
1107503,35053,"🚀 LONG: $1000CAT/USDT🚀
LEVERAGE: 20X-50X

🤍 ENTRY ...30- 0.0027
—————

❌ STOP LOSS: 0.0020❌


REACTIONS",8852841316ea1d138c20254d240cced2,2026-09-05T10:26:53+00:00,2026-09-05T11:27:31.396027+00:00,950,legeendofcrypto
1107507,35050,"HYPEUSDTUSDT  
Exchanges: BINGX 

🟢 Long
Leverage-...
4) 92.37
5) 99.76
6) 107.74
7) 🚀🚀🚀 

⛔️ SL:
84.27",1b5b3689d2d2e94dc8c888090ce800fc,2026-09-05T10:05:57+00:00,2026-09-05T11:27:31.426134+00:00,950,legeendofcrypto
1107502,35047,"🔰 PAIR: HYPE/ USDT 💹

🟢Position: LONG🚀

☑️ Entry Z...:
🥇 84.932
🥈 85.103
🥉 85.526

❌ Stop Loss: 🔴84.272",d2b3aa71031216f50a17043191ebf594,2026-09-05T10:05:57+00:00,2026-09-05T11:27:31.393184+00:00,950,legeendofcrypto
1107501,35044,"📇 Setup: 4/USDT 

SHORT Trade 🛫

✔️ Leverage : 50X... •0.02450
💰 Target 2 • 0.02410
💰 Target3 • 0.02360",244f951151efbbb39225be1b11e30aad,2026-09-05T10:05:57+00:00,2026-09-05T11:27:31.388899+00:00,950,legeendofcrypto
1107500,35051,"🔘 Coin : #AKE/USDT 🔘

🔴 SHORT

🔺Entry🔻: 0.018966

... 0.017449

♦️ StopLoss : 0.019664

🔱 Leverage: 25x",4153689b7a2ffe7aedd1a269a0cfcf23,2026-09-05T10:05:57+00:00,2026-09-05T11:27:31.382377+00:00,950,legeendofcrypto
1107499,35049,"Pair: #Q/USDT

Short • (20X)

Entry
0.028480

Targ... your own risk. Always use proper risk management.",3096d2844b5c9eb636133583b6f5146b,2026-09-05T10:05:57+00:00,2026-09-05T11:27:31.366613+00:00,950,legeendofcrypto
1107498,35048,"Pair: #B/USDT

Short • (20X)

Entry
0.19500

Targe... your own risk. Always use proper risk management.",06cca87334a0a0a249b87353d3ae64a5,2026-09-05T10:05:57+00:00,2026-09-05T11:27:31.362413+00:00,950,legeendofcrypto
1107497,35046,"📇 Setup: B/USDT 

SHORT Trade 🛫

✔️ Leverage : 75X... 1 •0.1850
💰 Target 2 • 0.18150
💰 Target3 • 0.1770",3e501516bbe0f24b24ac83ae66f0256d,2026-09-05T10:05:57+00:00,2026-09-05T11:27:31.361700+00:00,950,legeendofcrypto
1107495,35042,"✅Entry 0.001920 - 0.001880

(🆘LONG NOMUSDT 5-20x🆘)....002023
🏹Target 6  $0.002054

🚫Stop loss -0.001825",6f80b4e3bbc72f8cb9a2d486c27e46ca,2026-09-05T10:05:57+00:00,2026-09-05T11:27:31.326096+00:00,950,legeendofcrypto
1108898,35067,"🔴 SHORT

#ALGO/USDT

Entry : 

1) 0.096650
2) 0.09...9963

🛑 Stop : 0.102738

Leverage : 10x (isolated)",e3fdbcb1e3a0f2583a5525689cc3931e,2026-09-05T12:43:54+00:00,2026-09-05T13:08:35.259864+00:00,950,legeendofcrypto
1108892,35063,"💰#AKE / USDT👑

💎Setup Type: Strong LONG  🔖Opportun...➝ 0.025000

4️⃣TP ➝ 0.037000

🚫Stop Loss: 0.015000",8fec6e8d2c0319038426ab3a6beac40a,2026-09-05T12:34:14+00:00,2026-09-05T13:08:35.068431+00:00,950,legeendofcrypto
1108901,35061,"🚨 #AKE/USDT | LONG

⚡Leverage: Cross 25x

🎯Entry T... follow the signal and secure profits at targets.💎",29ada89c5623581f17ea3d46b1073fa7,2026-09-05T12:34:13+00:00,2026-09-05T13:08:35.304334+00:00,950,legeendofcrypto
1108897,35059,"⭐️$FLOCK/USDT  SHORT

🛡Leverage : Cross 25x50

‼️E....06683

Use only 3% - 5% amount of your portfolio🛍",6d43efdc7c43bd1fe08dee320a0c86ac,2026-09-05T11:45:31+00:00,2026-09-05T13:08:35.263897+00:00,950,legeendofcrypto
1108893,35056,"Long 

 $LINK:

TP: 12.1
SL: 11.6 

I typed wrong guys, no problem!",f3a7af251ae2b8fbec2c19ba6f7b89f2,2026-09-05T11:32:30+00:00,2026-09-05T13:08:35.088848+00:00,950,legeendofcrypto
1110888,35081,"📇 Setup: AKE/USDT 

LONG Trade 🛫

✔️ Leverage : 75....019900
💰 Target 2 • 0.020200
💰 Target3 • 0.020600",5cee648926bfb03c871cf3e8b5e05570,2026-09-05T14:25:00+00:00,2026-09-05T14:35:42.067272+00:00,950,legeendofcrypto
1110883,35079,"⭐️$AKE/USDT  LONG

🛡Leverage : Cross 25x50

‼️Entr...015548

Use only 3% - 5% amount of your portfolio🛍",05fdfb2f43b3c561129e1dc624df5954,2026-09-05T14:25:00+00:00,2026-09-05T14:35:42.036476+00:00,950,legeendofcrypto
1110885,35077,"AKEUSDTUSDT  
Exchanges: BINGX 

🟢 Long
Leverage- ....02461000
6) 0.02658000
7) 🚀🚀🚀 

⛔️ SL:
0.01760000",5944b7f1e07f689466da7ebdaa57eca9,2026-09-05T13:52:42+00:00,2026-09-05T14:35:42.055242+00:00,950,legeendofcrypto
1110892,35073,"#SHORT 🔴 🔤🔤🔤🔤🔤

#NEAR/USDT 

Margin Mode : Isolate....003

🟩 SL : 2.302 - 100%

📊 LEV : 20X

🇯🇵 Premium",7ec4635b6cac295749c2995a2e2a07c1,2026-09-05T13:49:08+00:00,2026-09-05T14:35:42.119564+00:00,950,legeendofcrypto
1110886,35076,"📈 LONG #4/USDT

🚀 LEVERAGE : 50x

📊 ENTRY PRICE   ...P🟢0.0275

TP🟢0.0290

STOPLOSS 🔴0.0235


REACTIONS?",e1f870cc4f1b00c8c3f2e8c706d71cdb,2026-09-05T13:49:08+00:00,2026-09-05T14:35:42.063302+00:00,950,legeendofcrypto
1110882,35075,"🚀 #TUT/USDT LONG SIGNAL 🚀
📍 Entry: 0.02905


🎯 Tak... your risk, and let's catch this move together! 🪙🔥",b67d0167f757a40fc597062f6fa01ef1,2026-09-05T13:49:08+00:00,2026-09-05T14:35:42.027704+00:00,950,legeendofcrypto
1110890,35072,"🔴 SHORT

#ADA/USDT

Entry zone : 0.22237 - 0.21590....19528
0.18877

Stop loss :0.231013

Leverage: 10x",277bb5128deae2812e506309293bf5b3,2026-09-05T13:10:14+00:00,2026-09-05T14:35:42.113145+00:00,950,legeendofcrypto
1110881,35071,"🔴 Short

Pair: #DOGE/USDT

📊 Entry Price: 

1) 0.0...) 0.081083

Stop Loss: 0.092597

Leverage: 10x-20x",23cc5b20dc4d49bd8c10aca280863197,2026-09-05T13:10:14+00:00,2026-09-05T14:35:41.871515+00:00,950,legeendofcrypto
1110880,35068,"LTCUSDTUSDT  
Exchanges: BINGX 

🟢 Short
Leverage-...1
4) 51.07
5) 49.48
6) 48.41
7) 🚀🚀🚀 

⛔️ SL:
56.39",f360eac1d419f89dcaf765a137aa0ef5,2026-09-05T13:10:14+00:00,2026-09-05T14:35:41.795566+00:00,950,legeendofcrypto
1114066,35124,"LONG —AAVE

Entry: 131.01

Targets: 132.35 / 134.6... 144.30

Stop: 124.41

Move SL to entry after TP1.",1cb47b7d77a9cdf67b7822f5a443dabc,2026-09-05T15:37:01+00:00,2026-09-05T16:05:35.151730+00:00,950,legeendofcrypto
1114067,35121,UAI/USDT LONG NOW,55cf560395d0abf19890cfbc70a51ad1,2026-09-05T15:25:42+00:00,2026-09-05T16:05:35.193241+00:00,950,legeendofcrypto
1114062,35122,"🚩 LONG #UAI/USDT

⚙️ 50X LEVERAGE

🛡 Entry: 0.4675...TP2: 0.4900
TP3: 0.5150

🛑 SL: 0.4000

🔥REACTIONS?",d6066c412b05368c868f19fd4c6efac9,2026-09-05T15:25:42+00:00,2026-09-05T16:05:35.115953+00:00,950,legeendofcrypto
1114058,35123,"🚨 #TRADOOR/USDT | LONG

⚡Leverage: Cross 25x

🎯Ent... follow the signal and secure profits at targets.💎",f14cabeccbe53ed90712bc7da67b5f2e,2026-09-05T15:25:42+00:00,2026-09-05T16:05:35.081654+00:00,950,legeendofcrypto
1114054,35115,"➡️ #1000CAT   /USDT (SHORT) 🔽🔽

⌛LEVERAGE : 20X TO...9


💥Use only 1%margin of your total portfolio❤️😘😇",381c646c8d61e6a42f94d97335cc6018,2026-09-05T14:58:01+00:00,2026-09-05T16:05:34.953977+00:00,950,legeendofcrypto
1114053,35114,"PEPEUSDTUSDT  
Exchanges: BINGX 

🟢 Long
Leverage-... 3.78
4) 4.00
5) 6.00
6) 6.00
7) 🚀🚀🚀 

⛔️ SL:
3.28",f5069b55bfb2fd130ab3615e3dbfdfa1,2026-09-05T14:58:01+00:00,2026-09-05T16:05:34.949718+00:00,950,legeendofcrypto
1116338,35136,"✨OP/USDT

🎗 Trade Type = SHORT 🔴

⭐️ Leverage :- 2...[ 0.0989, 0.0980, 0.0970, 0.0959, 0.0949, 0.0938 ]",4b4fd0630be4225bf0dd4a30f6527ed2,2026-09-05T17:26:12+00:00,2026-09-05T17:53:49.526808+00:00,950,legeendofcrypto
1116336,35132,"🟢 SPOT SIGNAL — BINANCE

#OPN/USDT 🥂

📍 BUY ZONE: ...⚠️ Spot Trade — No Leverage
📌 Manage Risk Properly",f879a1289a73e1bda319c8c266505bd4,2026-09-05T17:26:12+00:00,2026-09-05T17:53:49.513080+00:00,950,legeendofcrypto
1116335,35131,"NIULAIUSDTUSDT  
Exchanges: BINGX 

🟢 Short
Levera....08887000
6) 0.08176000
7) 🚀🚀🚀 

⛔️ SL:
0.13880000",1492dc42ff92d278bab9b442379b712f,2026-09-05T17:26:12+00:00,2026-09-05T17:53:49.488827+00:00,950,legeendofcrypto
1116330,35126,"SUSHIUSDTUSDT  
Exchanges: BINGX 

🟢 Long
Leverage....21848000
6) 0.23596000
7) 🚀🚀🚀 

⛔️ SL:
0.17740000",bbaf5d45212d8e2d26cad8018bcb1216,2026-09-05T16:07:11+00:00,2026-09-05T17:53:49.372564+00:00,950,legeendofcrypto
1117800,35138,"OPUSDTUSDT  
Exchanges: BINGX 

🟢 Short
Leverage- ....71639000
6) 0.65908000
7) 🚀🚀🚀 

⛔️ SL:
0.10400000",3430fd1117b8475e7e85f4d6c17ab605,2026-09-05T19:00:13+00:00,2026-09-05T19:22:41.504913+00:00,950,legeendofcrypto
1117798,35139,"Pair: #OP/USDT

Short • (25X)

Entry
0.10106 - 0.1... your own risk. Always use proper risk management.",70c95cf96be351bc7d9e79c8db6ee5ff,2026-09-05T19:00:13+00:00,2026-09-05T19:22:41.493250+00:00,950,legeendofcrypto
1117796,35142,"✅ Long

Pair: #RLC/USDT

📊 Entry Price: 

1) 0.316...16
4) 0.3382

Stop Loss: 0.2966

Leverage: 10x-20x",30bf124fa84616b061d09c4df26ab628,2026-09-05T19:00:13+00:00,2026-09-05T19:22:41.480978+00:00,950,legeendofcrypto
1117795,35143,"$WLDUSDT

LONG

RR : 2

LEVERAGE : 30x

ENTRY : 0....969

TAKE PROFITS 👇

1️⃣ 0.4101

STOPLOSS : 0.3904",bcaddc5ed74ecefc5758d5f15b3a36b6,2026-09-05T19:00:13+00:00,2026-09-05T19:22:41.467064+00:00,950,legeendofcrypto
1117793,35141,"🚀 #MAGMA/USDT LONG SIGNAL 🚀
📍 Entry: 0.2852


🎯 Ta... your risk, and let's catch this move together! 🪙🔥",b43f89db4307c54f2bf8f31ff6e8363a,2026-09-05T19:00:13+00:00,2026-09-05T19:22:41.456571+00:00,950,legeendofcrypto
1117794,35137,"STRKUSDTUSDT  
Exchanges: BINGX 

🟢 Short
Leverage....02475000
6) 0.02277000
7) 🚀🚀🚀 

⛔️ SL:
0.02999000",3b2b6535a91189e13cb8842428d712e9,2026-09-05T19:00:13+00:00,2026-09-05T19:22:41.453492+00:00,950,legeendofcrypto
1119640,35151,"✅ Long

#ONT/USDT

Entry zone : 0.053970 - 0.05564...0897
0.062558

Stop loss :0.0517452

Leverage: 10x",5fbeb3cb529b6784127ff961d73d9e6d,2026-09-05T20:29:48+00:00,2026-09-05T20:56:47.598985+00:00,950,legeendofcrypto
1119642,35149,"NEARUSDTUSDT  
Exchanges: BINGX 

🟢 Short
Leverage... 2.12
4) 2.06
5) 2.00
6) 1.84
7) 🚀🚀🚀 

⛔️ SL:
2.30",e83ff013fe59e76b0dc276425feb3e18,2026-09-05T20:29:47+00:00,2026-09-05T20:56:47.619996+00:00,950,legeendofcrypto
1121790,35155,"BNBUSDTUSDT  
Exchanges: BINGX 

🟢 Short
Leverage-... 739.43
5) 716.32
6) 700.92
7) 🚀🚀🚀 

⛔️ SL:
816.45",4fe04cbe3db818b6d534973c84a68cc2,2026-09-05T21:40:53+00:00,2026-09-05T22:27:45.162503+00:00,950,legeendofcrypto
1122772,35161,"XMRUSDTUSDT  
Exchanges: BINGX 

🟢 Short
Leverage-... 502.35
5) 485.61
6) 446.76
7) 🚀🚀🚀 

⛔️ SL:
594.28",561f184a7c7b36412c47f20b0c65b7ff,2026-09-05T23:20:11+00:00,2026-09-05T23:44:18.777909+00:00,950,legeendofcrypto
1122768,35162,"🔴 SHORT

#XMR/USDT

Entry zone : 572.06 - 555.40

...0
502.35
485.61

Stop loss :594.278

Leverage: 10x",a5686deb609ef0ee227c925634ce0cd8,2026-09-05T23:20:11+00:00,2026-09-05T23:44:18.737775+00:00,950,legeendofcrypto
1122770,35158,"TRXUSDTUSDT  
Exchanges: BINGX 

🟢 Long
Leverage- ....44090000
6) 0.47617000
7) 🚀🚀🚀 

⛔️ SL:
0.33000000",b5016c9fadd901e1807408fb11eaa6a7,2026-09-05T22:47:02+00:00,2026-09-05T23:44:18.769720+00:00,950,legeendofcrypto
1122771,35159,"🚨 #SOL/USDT | LONG

⚡Leverage: Cross 100x

🎯Entry ... follow the signal and secure profits at targets.💎",83e72661e35260f2092ed718142a4137,2026-09-05T22:47:02+00:00,2026-09-05T23:44:18.753945+00:00,950,legeendofcrypto
1129120,35328,"SUSHIUSDTUSDT  
Exchanges: BINGX 

🟢 Long
Leverage...4) 1.26
5) 1.36
6) 1.47
7) 🚀🚀🚀 

⛔️ SL:
0.22250000",5dc155423459bab441f9efb2c203ca50,2026-09-06T07:30:27+00:00,2026-09-06T08:07:21.093188+00:00,950,legeendofcrypto
1129126,35317,"COIN: #IOST/USDT (LONG) SETUP

📊 Leverage 25x to 5...ENT IS KEY
Use only 1–2% of your capital per trade",efe6496f3c2278b1d977598fcc39cefe,2026-09-06T07:22:59+00:00,2026-09-06T08:07:21.125779+00:00,950,legeendofcrypto
1129123,35316,"🌈PAIR:- ZEC/USDT
⚡️ Direction : LONG
🛠 Leverage: C...nt Usage:- 1 - 2%
(According To your Risk Setting)",370296c5d65de4120733ce6574c3209e,2026-09-06T07:22:59+00:00,2026-09-06T08:07:21.116307+00:00,950,legeendofcrypto
1129115,35314,"⚡️⚡️ #CRV/USDT ⚡️⚡️
Exchanges: Bingx 
Signal Type:...
5) 0.40089
6) 0.40657
7) 🚀🚀🚀

Stop Targets:
5-10%",6ba6a49161049dad09f913b3100f2e0f,2026-09-06T07:22:59+00:00,2026-09-06T08:07:21.079022+00:00,950,legeendofcrypto
1129106,35313,"⚡️⚡️ #1000000BOB/USDT ⚡️⚡️
Exchanges: Bingx 
Signa...
5) 0.02055
6) 0.02084
7) 🚀🚀🚀

Stop Targets:
5-10%",d46e095cfdec2fe2b547c1995b1a2064,2026-09-06T07:22:59+00:00,2026-09-06T08:07:21.054042+00:00,950,legeendofcrypto
1129128,35294,"🛎️ Trade: #DOT/USDT

Direction: 📈 LONG 

🟢 Entry R...52
• Target 6: 0.9850

💠 Leverage : 5x - 10x - 20x",b101f300efab785f092aaad0c63d43aa,2026-09-06T07:22:54+00:00,2026-09-06T08:07:21.133546+00:00,950,legeendofcrypto
1129125,35299,"⚡️⚡️ #AERO/USDT ⚡️⚡️
Exchanges: Bingx 
Signal Type...
5) 0.57452
6) 0.58265
7) 🚀🚀🚀

Stop Targets:
5-10%",b60f29a895d52bcf1e951baa219dac63,2026-09-06T07:22:54+00:00,2026-09-06T08:07:21.122120+00:00,950,legeendofcrypto
1129122,35296,"📊#UAI/USDT — LONG

⚡️ Leverage : 5X – 10X

💹Entry ...Entry After TP1

⚖️ Follow Proper Risk Management.",b955da7fc26089cc6673a72b488a0048,2026-09-06T07:22:54+00:00,2026-09-06T08:07:21.115505+00:00,950,legeendofcrypto
1129116,35309,"💵 𝐒𝐈𝐆𝐍𝐀𝐋 𝐀𝐋𝐄𝐑𝐓 💵

#UAI/USDT (25xLONG)

✅ ENTRY:0.6...6350

TARGETS:-0.68/0.73/0.79

❌ STOP LOSS: 0.5650",4cb741d0fa237fb2d34f8515ab15e437,2026-09-06T07:22:54+00:00,2026-09-06T08:07:21.078006+00:00,950,legeendofcrypto
1129112,35293,"⚡️⚡️ #1000000MOG/USDT ⚡️⚡️
Exchanges: Bingx 
Signa...
5) 0.11384
6) 0.11546
7) 🚀🚀🚀

Stop Targets:
5-10%",33e962facaf26c07b90b6571a2017eab,2026-09-06T07:22:54+00:00,2026-09-06T08:07:21.073357+00:00,950,legeendofcrypto
1129110,35303,"Pair: #BLESS/USDT

Long • (20X)

Entry
0.009260 - ...t your own risk. Always use proper risk management",fbd27491d38c8d1e35c5300ec6e66eee,2026-09-06T07:22:54+00:00,2026-09-06T08:07:21.069033+00:00,950,legeendofcrypto
1129109,35301,"Pair: #SUSHI/USDT

Long • (20X)

Entry
0.2415 - 0....t your own risk. Always use proper risk management",ff86911e480449f106fcf54f61ef5b15,2026-09-06T07:22:54+00:00,2026-09-06T08:07:21.068422+00:00,950,legeendofcrypto
1129108,35305,"🟢 LONG  - $ZEN

- Entry market: 7.716
- Entry limi... the funds if trading without caution & knowledge.",a83cefec7eb7305a13e74b3caf360d66,2026-09-06T07:22:54+00:00,2026-09-06T08:07:21.067733+00:00,950,legeendofcrypto
1129107,35302,"⚡️⚡️ #CELO/USDT ⚡️⚡️
Exchanges: Bingx 
Signal Type...
5) 0.08490
6) 0.08610
7) 🚀🚀🚀

Stop Targets:
5-10%",84063820d0f4237d224f67a65d26bae9,2026-09-06T07:22:54+00:00,2026-09-06T08:07:21.055847+00:00,950,legeendofcrypto
1129103,35308,"🔴 SHORT

#ZEC/USDT

Entry : 

1) 1071.19
2) 1103.3...7.079

🛑 Stop : 1138.67

Leverage : 10x (isolated)",acbcbf7023b9a985dd703659270bde70,2026-09-06T07:22:54+00:00,2026-09-06T08:07:21.041275+00:00,950,legeendofcrypto
1129102,35291,"⚡️⚡️ #ARK/USDT ⚡️⚡️
Exchanges: Bingx 
Signal Type:...
5) 0.12550
6) 0.12728
7) 🚀🚀🚀

Stop Targets:
5-10%",b6822953ef980330181fa3327edb6fb0,2026-09-06T07:22:54+00:00,2026-09-06T08:07:21.032857+00:00,950,legeendofcrypto
1129101,35311,"UAIUSDTUSDT  
Exchanges: BINGX 

🟢 Long
Leverage- ...4) 1.00
5) 1.08
6) 1.17
7) 🚀🚀🚀 

⛔️ SL:
0.52000000",e03bbb7e298a4bca918dad5820694386,2026-09-06T07:22:54+00:00,2026-09-06T08:07:21.024382+00:00,950,legeendofcrypto
1129097,35286,"⌛#SUI/USDT  ( SHORT )

🍁 Leverage 👉 20X to 25X 

⛩...15 | 0.7653 | 0.7565 | 0.7469

🔕 Stoploss = 0.8238",552aeb8cbfd165d2818ef27410cc8c90,2026-09-06T07:22:54+00:00,2026-09-06T08:07:20.995293+00:00,950,legeendofcrypto
1129118,35281,"ZENUSDTUSDT  
Exchanges: BINGX 

🟢 Long
Leverage- ...45
4) 10.20
5) 11.02
6) 11.90
7) 🚀🚀🚀 

⛔️ SL:
1.00",ca78cb453867d82331b8eea833477df0,2026-09-06T07:22:53+00:00,2026-09-06T08:07:21.083391+00:00,950,legeendofcrypto
1129082,35260,"APTUSDTUSDT  
Exchanges: BINGX 

🟢 Short
Leverage-....53238000
6) 0.48979000
7) 🚀🚀🚀 

⛔️ SL:
0.64502000",ca3456709f133ec1845ee0c69bc81dce,2026-09-06T07:22:53+00:00,2026-09-06T08:07:07.143519+00:00,950,legeendofcrypto
1129075,35263,"ZECUSDTUSDT  
Exchanges: BINGX 

🟢 Short
Leverage-...997.08
5) 917.31
6) 843.93
7) 🚀🚀🚀 

⛔️ SL:
1158.49",b9d6b72fdebcb39c69053c255d4d1e1f,2026-09-06T07:22:53+00:00,2026-09-06T08:07:07.085012+00:00,950,legeendofcrypto
1129071,35269,"⚡️⚡️ #ATH/USDT ⚡️⚡️
Exchanges: Bingx 
Signal Type:...
5) 0.00494
6) 0.00501
7) 🚀🚀🚀

Stop Targets:
5-10%",f9d070a9ab2b0ed2197e99383ec595a2,2026-09-06T07:22:53+00:00,2026-09-06T08:07:07.069434+00:00,950,legeendofcrypto
1129052,35265,"RLCUSDTUSDT  
Exchanges: BINGX 

🟢 Long
Leverage- ....36526000
6) 0.39448000
7) 🚀🚀🚀 

⛔️ SL:
0.29660000",6d84c62789e9a1b1586fbc02d865a79d,2026-09-06T07:22:53+00:00,2026-09-06T08:07:06.969256+00:00,950,legeendofcrypto
1129046,35262,"APTUSDTUSDT  
Exchanges: BINGX 

🟢 Long
Leverage- ....74499000
6) 0.80459000
7) 🚀🚀🚀 

⛔️ SL:
0.56663000",3d69f0e1971fb028dcbab62d7ec1e8e6,2026-09-06T07:22:53+00:00,2026-09-06T08:07:06.949267+00:00,950,legeendofcrypto
1129045,35258,"#NIL USDT — BUY (LONG) 
🎉
🟢 Leverage: Cross  75x

...Risk Management:
Use only 2%– 3%of your portfolio.",12177c146b7e52655cdf8bc5690d91d2,2026-09-06T07:22:53+00:00,2026-09-06T08:07:06.948290+00:00,950,legeendofcrypto
1132005,35340,"📈 LONG #FLOCK/USDT

🚀 LEVERAGE : 50x

📊 ENTRY PRIC...P🟢0.0850

TP🟢0.0900

STOPLOSS 🔴0.0750


REACTIONS?",e01890facf6abe0646ad30634080d414,2026-09-06T08:56:43+00:00,2026-09-06T09:25:13.788890+00:00,950,legeendofcrypto
1131998,35342,"🔰 PAIR: SUI/ USDT 💹

🟢Position: LONG🚀

☑️ Entry Zo...:
🥇 0.7950
🥈 0.7991
🥉 0.8072

❌ Stop Loss: 🔴0.7800",905c76aca28b3cd07b3b8a7d080a3c41,2026-09-06T08:56:43+00:00,2026-09-06T09:25:13.707061+00:00,950,legeendofcrypto
1131993,35339,"📊 #SOLV/USDT

🟢 POSITION: LONG

💰 ENTRY RANGE
➤ 0....➤ 0.0031

━━━━━━━━━━━━━━━━━━

✅ Manage risk wisely",c260a307801fa5935a0eef6b74e27d7c,2026-09-06T08:42:38+00:00,2026-09-06T09:25:13.610752+00:00,950,legeendofcrypto
1132004,35338,"⭐️$ARB/USDT  LONG

🛡Leverage : Cross 25x50

‼️Entr....16500

Use only 3% - 5% amount of your portfolio🛍",1647b16d6f90b12635bbd5bfd24f1024,2026-09-06T08:34:13+00:00,2026-09-06T09:25:13.780962+00:00,950,legeendofcrypto
1131996,35336,"✅ Long

#BNB/USDT

Entry zone : 733.300 - 755.980
...27.420
849.986

Stop loss :703.0614

Leverage: 10x",2ceffcfb967cfbc6075dcec99a9ba499,2026-09-06T08:19:06+00:00,2026-09-06T09:25:13.703907+00:00,950,legeendofcrypto
1132000,35334,"DASH/USDT

SHORT SHORT SHORT 

OPEN MARKET PRICE 
...9.30
TP 69.00
TP 68.80
TP 68.40

SL 74.55

LEV 32X",4930ac585ede50b2cb5f81a4c020e673,2026-09-06T08:09:27+00:00,2026-09-06T09:25:13.710121+00:00,950,legeendofcrypto
1131995,35333,"📊 Let’s LONG #MET/USDT

💥 Leverage:  Cross 20×  - ...gets: 

1) 0.22
2) 0.25
3) 0.29

🔖 Stop Loss: 0.18",eaea177339db99de6dd4dad3cd5363ef,2026-09-06T08:09:27+00:00,2026-09-06T09:25:13.675448+00:00,950,legeendofcrypto
1131992,35331,"✅ Long

Pair: #LTC/USDT

📊 Entry Price: 

1) 53.82...6.37
4) 57.50

Stop Loss: 50.42

Leverage: 10x-20x",0f8a95d02a770c1803f34ca1a4f8ca25,2026-09-06T08:09:27+00:00,2026-09-06T09:25:13.600511+00:00,950,legeendofcrypto
1131989,35330,"⚡ #EIGEN/USDT

📤 Long 

💹 Buy: 0.2096 - 0.2040

🧿 ...200 - 0.2222

🧨 StopLoss: 0.2000 

🔘 Leverage: 20x",a32343c10e3fdb6d70cbbc1a575d4b69,2026-09-06T08:09:27+00:00,2026-09-06T09:25:13.291395+00:00,950,legeendofcrypto
1135007,35367,"📇 Setup: JUP/USDT 

LONG Trade 🛫

✔️ Leverage : 75...t 1 •0.2820
💰 Target 2 • 0.2870
💰 Target3 • 0.2928",30bae56b40bd865651f814fd7873f43d,2026-09-06T11:36:33+00:00,2026-09-06T11:40:08.006366+00:00,950,legeendofcrypto
1135005,35368,"ARB/ USDT/ SHORT
Entry at market price 

Cross || ...only 1% of your wallet. 
Manage your risk properly",70d9769d388016fae7f561a9c52f0dc6,2026-09-06T11:36:33+00:00,2026-09-06T11:40:07.990194+00:00,950,legeendofcrypto
1135003,35364,"#XAN  USDT — BUY (LONG) 
🎉
🟢 Leverage: Cross  20x5...Risk Management:
Use only 2%– 3%of your portfolio.",0fda496d9212cdea21d707d2f0165474,2026-09-06T11:05:12+00:00,2026-09-06T11:40:07.985433+00:00,950,legeendofcrypto
1135008,35362,"✨LTC/USDT

🎗 Trade Type = LONG 🟢

⭐️ Leverage :- 2...fit = [ 54.77, 55.27, 55.90, 56.36, 57.00, 57.61 ]",641732a6359a7436c3c41d350d945fad,2026-09-06T10:53:19+00:00,2026-09-06T11:40:08.007560+00:00,950,legeendofcrypto
1135009,35361,"COIN: #NAORIS/USDT (LONG) SETUP

📊 Leverage 25x to...ENT IS KEY
Use only 1–2% of your capital per trade",e3426ae6e4c04caa16d3c847e1d46293,2026-09-06T10:42:46+00:00,2026-09-06T11:40:08.012330+00:00,950,legeendofcrypto
1135002,35359,"FLOCKUSDTUSDT  
Exchanges: BINGX 

🟢 Long
Leverage....09436000
6) 0.10191000
7) 🚀🚀🚀 

⛔️ SL:
0.06704000",4c6327a3ee4293b4a58103c299ba7889,2026-09-06T10:42:46+00:00,2026-09-06T11:40:07.973520+00:00,950,legeendofcrypto
1134993,35358,"🚀 LONG
TIA/USDT
ENTRY 0.3962

🚀 0.4226
🚀 0.4882
🚀 ...ROSS
🚨 STOPLOSS 0.3704
LEVRAGE 10x- 40x

1% WALLET",04b37582ffb9c53eb245ab3e8dc1a51a,2026-09-06T10:42:46+00:00,2026-09-06T11:40:07.731207+00:00,950,legeendofcrypto
1134996,35357,"🚀 LONG: $UAI/USDT
LEVERAGE: 50x

✔️ENTRY PRICE: 0....500-0.5700-0.5900

STOP LOSS:  0.5180


REACTIONS?",29ea20112917d72f7006d7de497957cc,2026-09-06T10:42:45+00:00,2026-09-06T11:40:07.883758+00:00,950,legeendofcrypto
1134995,35356,"⭐️$FLOCK/USDT  LONG

🛡Leverage : Cross 25x50

‼️En....06704

Use only 3% - 5% amount of your portfolio🛍",5f69a250ae2035b288768627ab773855,2026-09-06T10:42:45+00:00,2026-09-06T11:40:07.881699+00:00,950,legeendofcrypto
1134997,35351,"🔴 Short

Pair: #ZEC/USDT

📊 Entry Price: 

1) 1184...
4) 1102.40

Stop Loss: 1258.95

Leverage: 10x-20x",759662f7a8e3979d732221676e6e50d1,2026-09-06T10:00:26+00:00,2026-09-06T11:40:07.888331+00:00,950,legeendofcrypto
1134992,35348,"🚀 #AKT/USDT LONG SIGNAL 🚀
📍 Entry: 0.5563


🎯 Take... your risk, and let's catch this move together! 🪙🔥",d2ce73be29ffde0d53ccd98c137be69b,2026-09-06T09:43:46+00:00,2026-09-06T11:40:07.723086+00:00,950,legeendofcrypto
1134991,35349,"🔘 Coin : #AR/USDT 🔘

🟢 LONG

🔺Entry🔻: 3.009

⭐️ Ta....123 - 3.183

♦️ StopLoss : 2.904

🔱 Leverage: 25x",0fdff1bd9a7ca6f9604e8e6732d7c1b4,2026-09-06T09:43:46+00:00,2026-09-06T11:40:07.629899+00:00,950,legeendofcrypto
1134990,35350,"XRPUSDTUSDT  
Exchanges: BINGX 

🟢 Short
Leverage-... 1.38
4) 1.36
5) 1.32
6) 1.29
7) 🚀🚀🚀 

⛔️ SL:
1.50",51ee8d521969c07a8ea05c40aacc3b44,2026-09-06T09:43:46+00:00,2026-09-06T11:40:07.438334+00:00,950,legeendofcrypto
1134988,35347,AKT LONG 0.5563 TP1 0.5680,d11942e72e50db0f613e9544ad9e2aec,2026-09-06T09:43:46+00:00,2026-09-06T11:40:07.420723+00:00,950,legeendofcrypto
1134987,35346,"Long #ZEC 75x 1,190

Tp: 1,210",4cfb6a29f45f8e5c0f6071a09bd8dd53,2026-09-06T09:43:46+00:00,2026-09-06T11:40:07.418492+00:00,950,legeendofcrypto
1136956,35410,"#FLOCK/USDT SHORT     

👉Leverage : Cross 10× To 3...)  0.0717
2)  0.0697
3)  0.0650

⭕Stoploss : 0.077",5fe08c675cad26a1d4f8a27c82e8ecad,2026-09-06T13:28:43+00:00,2026-09-06T13:35:29.645371+00:00,950,legeendofcrypto
1136952,35406,"#JUP /USDT BUY (LONG) 

⚡️Leverage : Cross 25x to ...02550

⚠️Use only 3% - 5% amount of your portfolio",5bbc9ba55e93042084e7f3c86c8ec948,2026-09-06T13:28:43+00:00,2026-09-06T13:35:29.614787+00:00,950,legeendofcrypto
1136938,35408,"COIN: #FLOCK/USDT (SHORT) SETUP

📊 Leverage 25x to...ENT IS KEY
Use only 1–2% of your capital per trade",795cf02ae1d751e6b170903cb85401b4,2026-09-06T13:28:43+00:00,2026-09-06T13:35:29.479508+00:00,950,legeendofcrypto
1136965,35403,"🚨 #ETH/USDT | LONG

⚡Leverage: Cross 200x

🎯Entry ... follow the signal and secure profits at targets.💎",1cf0234854b3d36b7017e8a23e203adb,2026-09-06T13:19:18+00:00,2026-09-06T13:35:29.694871+00:00,950,legeendofcrypto
1136948,35404,"➡️ #NAORIS    /USDT (SHORT) 🔽🔽

⌛LEVERAGE : 20X TO...0


💥Use only 1%margin of your total portfolio❤️😘😇",4f9a1013f651fec38ff7a816dc72b9f3,2026-09-06T13:19:18+00:00,2026-09-06T13:35:29.601606+00:00,950,legeendofcrypto
1136961,35400,"🔴 SHORT

#DOT/USDT

Entry : 

1) 0.974500
2) 1.003...7079

🛑 Stop : 1.035893

Leverage : 10x (isolated)",ce6388d965485951349c7c8b741f8821,2026-09-06T13:06:39+00:00,2026-09-06T13:35:29.661700+00:00,950,legeendofcrypto
1136960,35401,"🚨 #MARSCOIN/USDT | SHORT

⚡Leverage: Cross 25x

🎯E... follow the signal and secure profits at targets.💎",8e3771cf1e3fd59777011084b02753c9,2026-09-06T13:06:39+00:00,2026-09-06T13:35:29.660723+00:00,950,legeendofcrypto
1136941,35402,"🚨 #4/USDT | LONG

⚡Leverage: Cross 50x

🎯Entry Tar... follow the signal and secure profits at targets.💎",0ec441ff5b1a0fd209fa23873897785c,2026-09-06T13:06:39+00:00,2026-09-06T13:35:29.577060+00:00,950,legeendofcrypto
1136959,35399,"SOL/USDT My Short Trade Idea 💡

Leverage 100X

Ent....500

Stop Loss   107.500

Follow Money Management",8051f14b5d4fde49d2d7ff5bff3d660c,2026-09-06T13:06:38+00:00,2026-09-06T13:35:29.655343+00:00,950,legeendofcrypto
1136932,35398,"SOLUSDTUSDT  
Exchanges: BINGX 

🟢 Short
Leverage-...4) 102.35
5) 99.15
6) 97.02
7) 🚀🚀🚀 

⛔️ SL:
113.01",2aa5d516109ca93ce88213f66f0dec95,2026-09-06T13:06:38+00:00,2026-09-06T13:35:29.224395+00:00,950,legeendofcrypto
1136954,35394,"📌Pair: FLOCK/USDT
Type: LONG 🟢
✔️Leverage:  (20X_1...92
2) 0.112
3) 0.135
4) 0.175

❌ STOP LOSS: 0.065❌",68cde7a9f908e21d85e86047c6488269,2026-09-06T12:46:51+00:00,2026-09-06T13:35:29.632345+00:00,950,legeendofcrypto
1136942,35396,"💰#FLOCK / USDT👑

💎Setup Type: Strong SHORT  🔖Oppor...TP ➝ 0.06500

4️⃣TP ➝ 0.05500

🚫Stop Loss: 0.08000",cff08f97bab5426855d1acdc4177a672,2026-09-06T12:46:51+00:00,2026-09-06T13:35:29.574132+00:00,950,legeendofcrypto
1136962,35387,"EXCHANGE/BYBIT/BITUNIX/OKX📌 


DAY TRADE 🏆

SHORT/...agement 🏆


Use only 5% of your 📈Available balance",f0389cb2b917c09a66b4baa9b10c2ff3,2026-09-06T12:46:50+00:00,2026-09-06T13:35:29.681892+00:00,950,legeendofcrypto
1136950,35388,"🚨 #FLOCK/USDT | SHORT

⚡Leverage: Cross 25x

🎯Entr... follow the signal and secure profits at targets.💎",a2a7bdfdc5d9366705999ba3013537e2,2026-09-06T12:46:50+00:00,2026-09-06T13:35:29.607072+00:00,950,legeendofcrypto
1136947,35389,"🚀 LONG: $METIS/USDT
LEVERAGE: 50x

✔️ENTRY PRICE: ...OFIT

3.39-3.52-3.80

STOP LOSS:  3.14

REACTIONS?",ab8c30b6697f53bcea6db26cf571aaf3,2026-09-06T12:46:50+00:00,2026-09-06T13:35:29.592861+00:00,950,legeendofcrypto
1136939,35391,"🚩 SHORT #FLOCK/USDT

⚙️ 75X LEVERAGE

🛡 Entry: 0.0...: 0.07760
TP3: 0.07570

🛑 SL: 0.08550

🔥REACTIONS?",2d183bde95285e1936dcb242958314e5,2026-09-06T12:46:50+00:00,2026-09-06T13:35:29.568576+00:00,950,legeendofcrypto
1136951,35382,"🚩 SHORT #NAORIS/USDT

⚙️ 75X LEVERAGE

🛡 Entry: 0....: 0.03540
TP2: 0.03470
TP3: 0.03350

🛑 SL: 0.03950",68f1b37755cb3223c5223e54b1c5e58f,2026-09-06T12:20:33+00:00,2026-09-06T13:35:29.613142+00:00,950,legeendofcrypto
1136946,35380,"#FLOCK   USDT — BUY (LONG) 
🎉
🟢 Leverage: Cross  5...Risk Management:
Use only 2%– 3%of your portfolio.",43443c641ef172766021f439f1d1d9cb,2026-09-06T12:20:33+00:00,2026-09-06T13:35:29.595134+00:00,950,legeendofcrypto
1136945,35379,"⭐️$NAORIS/USDT  LONG

🛡Leverage : Cross 25x50

‼️E....03322

Use only 3% - 5% amount of your portfolio🛍",08c141a36ef3f79f5358275dbe703690,2026-09-06T12:20:33+00:00,2026-09-06T13:35:29.586481+00:00,950,legeendofcrypto
1136944,35383,"📇 Setup: XAN/USDT 

LONG Trade 🛫

✔️ Leverage : 75....017700
💰 Target 2 • 0.018300
💰 Target3 • 0.019800",123bf2c7539f5434d26dd848b9913572,2026-09-06T12:20:33+00:00,2026-09-06T13:35:29.583709+00:00,950,legeendofcrypto
1136936,35376,"FLOCKUSDTUSDT  
Exchanges: BINGX 

🟢 Long
Leverage....10000000
6) 0.11000000
7) 🚀🚀🚀 

⛔️ SL:
0.06800000",54ebe7dd2c75a94e8003c16a6f5c384e,2026-09-06T12:00:38+00:00,2026-09-06T13:35:29.372502+00:00,950,legeendofcrypto
1136930,35375,"💫 Pair: SPX/USDT  💫

🔼 Direction: Long 🔼

✅ Levera...Take Profit: 0.6350 📈

⚠️ Stop Loss: 0.5400 ⚠️

📈📈",1094d7970014af6d8af03c35dc16cb39,2026-09-06T12:00:38+00:00,2026-09-06T13:35:29.008949+00:00,950,legeendofcrypto
1136928,35374,"💰#FLOCK / USDT👑

💎Setup Type: Strong LONG  🔖Opport...TP ➝ 0.08700

4️⃣TP ➝ 0.09500

🚫Stop Loss: 0.07000",b1b2ca8ac2058bc80b3138f867b9e4f7,2026-09-06T12:00:38+00:00,2026-09-06T13:35:28.689834+00:00,950,legeendofcrypto
1140122,35434,"COIN: #XAN/USDT (LONG) SETUP

📊 Leverage 25x to 50...ENT IS KEY
Use only 1–2% of your capital per trade",b876ca1226f13e2d7f3e6cb754785706,2026-09-06T15:02:32+00:00,2026-09-06T15:09:54.196446+00:00,950,legeendofcrypto
1140125,35432,"🚀 #ARB/USDT SHORT SIGNAL 🚀
📍 Entry: 0.1861


🎯 Tak... your risk, and let's catch this move together! 🪙🔥",0d91dee763b77db775197f9a59f56b92,2026-09-06T14:53:08+00:00,2026-09-06T15:09:54.219831+00:00,950,legeendofcrypto
1140123,35430,"🔴 Short

Pair: #KAVA/USDT

📊 Entry Price: 

1) 0.0...) 0.049044

Stop Loss: 0.056009

Leverage: 10x-20x",1f34df6df33c5a0cf6c65d41d8aac51f,2026-09-06T14:53:08+00:00,2026-09-06T15:09:54.201564+00:00,950,legeendofcrypto
1140119,35431,ARB SHORT 0.1861 TP1 0.1820,3d622a8f14732c79d7236064cd28ad55,2026-09-06T14:53:08+00:00,2026-09-06T15:09:54.186496+00:00,950,legeendofcrypto
1140114,35429,"KAVAUSDTUSDT  
Exchanges: BINGX 

🟢 Short
Leverage....04512000
6) 0.04151000
7) 🚀🚀🚀 

⛔️ SL:
0.05698350",e6a064292dcfda3ce4b705444ee27581,2026-09-06T14:53:08+00:00,2026-09-06T15:09:54.137902+00:00,950,legeendofcrypto
1140118,35425,"#XAN /USDT BUY (LONG) 

⚡️Leverage : Cross 25x to ...01700

⚠️Use only 3% - 5% amount of your portfolio",98ea3d643e82ad1199128beb41636635,2026-09-06T14:35:49+00:00,2026-09-06T15:09:54.180167+00:00,950,legeendofcrypto
1140120,35421,"🔴 SHORT

#BAT/USDT

Entry zone : 0.076044 - 0.0738...6779
0.064553

Stop loss :0.0789981

Leverage: 10x",b613b87e4777e532ba14a6f2ec328a8f,2026-09-06T14:14:57+00:00,2026-09-06T15:09:54.188630+00:00,950,legeendofcrypto
1140115,35417,"✨ASTER/USDT

🎗 Trade Type = SHORT 🔴

⭐️ Leverage :...[ 0.7686, 0.7606, 0.7525, 0.7449, 0.7353, 0.7256 ]",923a06e3fd98579c5cbe7be737e7ef4b,2026-09-06T13:57:50+00:00,2026-09-06T15:09:54.142810+00:00,950,legeendofcrypto
1140106,35414,"🚀 SHORT: $FLOCK/USDT
LEVERAGE: 50x

✔️ENTRY PRICE:...0-0.06400-0.06800

STOP LOSS:  0.07710

REACTIONS?",1f2cef8975af6a5e64979dbd0337ca86,2026-09-06T13:49:48+00:00,2026-09-06T15:09:53.922087+00:00,950,legeendofcrypto
1140105,35416,"EXCHANGE/BYBIT/BITUNIX/OKX📌 


DAY TRADE 🏆

SHORT/...agement 🏆


Use only 5% of your 📈Available balance",f0389cb2b917c09a66b4baa9b10c2ff3,2026-09-06T13:49:48+00:00,2026-09-06T15:09:53.785696+00:00,950,legeendofcrypto
1141220,35440,"INJUSDTUSDT  
Exchanges: BINGX 

🟢 Long
Leverage- ... 5.36
4) 5.43
5) 5.51
6) 5.60
7) 🚀🚀🚀 

⛔️ SL:
4.96",db2b439293296dec4d060c2ff4f0ca32,2026-09-06T16:18:05+00:00,2026-09-06T16:33:37.802461+00:00,950,legeendofcrypto
1141221,35439,"🟢LONG  #BTCUSDT

🔶 Entry : 79600 - 79500

➡️ Lever...ake Profit Targets :

👉 80300

🛑 Stop Loss : 78700",b3edcf4fde6155736aca88246c687e30,2026-09-06T16:14:57+00:00,2026-09-06T16:33:37.830028+00:00,950,legeendofcrypto
1141219,35436,"LAYERUSDTUSDT  
Exchanges: BINGX 

🟢 Long
Leverage...41
5) 12244.40
6) 13223.95
7) 🚀🚀🚀 

⛔️ SL:
7500.00",994b0b56d23055c60d538eaab0485683,2026-09-06T16:14:57+00:00,2026-09-06T16:33:37.799536+00:00,950,legeendofcrypto
1141217,35437,"Sui/Usdt long 🟢
with 0.5% Wallet on market price 
...ite movement pe jo 5% around the liq manage 0.7412",db6e783626732f8bb926b9a085a55476,2026-09-06T16:14:57+00:00,2026-09-06T16:33:37.793781+00:00,950,legeendofcrypto
1141218,35438,"Coin #ZEC/USDT

Position: LONG 

Leverage:  Cross ...1138

Targets: 🎯 1197, 1245, 1319

Stop Loss: 1113",3a40ab77b12549bec9b4435ea9ce9f02,2026-09-06T16:14:57+00:00,2026-09-06T16:33:37.793011+00:00,950,legeendofcrypto
1141216,35435,"🚨 #UAI/USDT | LONG

⚡Leverage: Cross 25x

🎯Entry T... follow the signal and secure profits at targets.💎",59417903032908f81455d0d9985990f5,2026-09-06T16:14:57+00:00,2026-09-06T16:33:37.689966+00:00,950,legeendofcrypto
1144064,35442,"$BTC LONG 25x Lev 

Entry -  $79500

TP - 81000$- 82000$

SL: 78600$",4754269c329e8d102d4362deb3cf3a57,2026-09-06T17:00:24+00:00,2026-09-06T18:01:14.180532+00:00,950,legeendofcrypto
1145239,35463,"XRPUSDTUSDT  
Exchanges: BINGX 

🟢 Long
Leverage- ... 1.50
4) 1.58
5) 1.71
6) 1.84
7) 🚀🚀🚀 

⛔️ SL:
1.30",5a04d790c47573aeaad29459b24cd7ed,2026-09-06T18:19:36+00:00,2026-09-06T19:19:37.624795+00:00,950,legeendofcrypto
1148452,35479,"LINKUSDTUSDT  
Exchanges: BINGX 

🟢 Long
Leverage-...6
4) 14.43
5) 15.59
6) 16.83
7) 🚀🚀🚀 

⛔️ SL:
11.85",81e0cfc9d5ba935c3375dc14b8686f8a,2026-09-06T22:37:46+00:00,2026-09-06T23:29:43.843790+00:00,950,legeendofcrypto
1148451,35469,"POLUSDTUSDT  
Exchanges: BINGX 

🟢 Long
Leverage- ....11167000
6) 0.12060000
7) 🚀🚀🚀 

⛔️ SL:
0.09284000",f02fea6d76f8a252c9f4503ad871a800,2026-09-06T21:39:55+00:00,2026-09-06T23:29:43.827760+00:00,950,legeendofcrypto
1148449,35471,"✅ Long

#RLC/USDT

Entry zone : 0.2964 - 0.3056

T...
0.3344
0.3436

Stop loss :0.284208

Leverage: 10x",12685936725f1c108cff5be4b2980aaa,2026-09-06T21:39:55+00:00,2026-09-06T23:29:43.822411+00:00,950,legeendofcrypto
1148446,35470,"✅ Long

Pair: #XMR/USDT

📊 Entry Price: 

1) 533.6...99
4) 570.13

Stop Loss: 500.01

Leverage: 10x-20x",66f2ee72e92f50fcbdc5b3cf7000edf4,2026-09-06T21:39:55+00:00,2026-09-06T23:29:43.750433+00:00,950,legeendofcrypto
1148445,35468,"FLOCKUSDTUSDT  
Exchanges: BINGX 

🟢 Short
Leverag....06407000
6) 0.05894000
7) 🚀🚀🚀 

⛔️ SL:
0.08550000",699b1ad97f25b83ab4512c943f9688fa,2026-09-06T20:40:04+00:00,2026-09-06T23:29:43.714374+00:00,950,legeendofcrypto
1154161,35559,"#MARSCOIN/USDT SHORT     

👉Leverage : Cross 10× T...t

1)  0.155
2)  0.144
3)  0.133

⭕Stoploss : 0.17",07628b4701182f06b9c8789d3fbfdd79,2026-09-07T08:12:11+00:00,2026-09-07T08:13:28.437608+00:00,950,legeendofcrypto
1154133,35561,"⭐️$NAORIS/USDT  LONG

🛡Leverage : Cross 25x50

‼️E....03413

Use only 3% - 5% amount of your portfolio🛍",794ff0fd606f839303179d8f5d24341b,2026-09-07T08:12:11+00:00,2026-09-07T08:13:28.238505+00:00,950,legeendofcrypto
1154119,35563,"🟢 Long

#ZRX/USDT

Entry : 

1) 0.1031
2) 0.1000

...0.1101

🛑 Stop : 0.0966

Leverage : 10x (isolated)",ea802ed8955e4bf9c50644f06f62c08c,2026-09-07T08:12:11+00:00,2026-09-07T08:13:28.108760+00:00,950,legeendofcrypto
1154114,35558,"SHORT

TIA/USDT

MARKET PRICE 

Leverage: 10X

TP:...5% of capital 

Always use proper risk management.",de307b9f3b52d9f5644f67c8a6709aec,2026-09-07T08:12:11+00:00,2026-09-07T08:13:28.056720+00:00,950,legeendofcrypto
1154110,35557,"SHORT

CFG/USDT

MARKET PRICE 

Leverage: 10X

TP:...5% of capital 

Always use proper risk management.",e83d596c9c9cfc628ca21e47ffe80e33,2026-09-07T08:12:11+00:00,2026-09-07T08:13:27.956324+00:00,950,legeendofcrypto
1154159,35556,"✅ Long

Pair: #BCH/USDT

📊 Entry Price: 

1) 253.6...70
4) 271.00

Stop Loss: 237.67

Leverage: 10x-20x",bbab73757fcbd0919e37447e98707acd,2026-09-07T08:04:41+00:00,2026-09-07T08:13:28.382725+00:00,950,legeendofcrypto
1154127,35555,"SHORT

TIA/USDT

MARKET PRICE 

Leverage: 10X

TP:...5% of capital 

Always use proper risk management.",de307b9f3b52d9f5644f67c8a6709aec,2026-09-07T08:04:41+00:00,2026-09-07T08:13:28.169862+00:00,950,legeendofcrypto
1154156,35554,"🟢#UAI/USDT

📈Signal: long Leverage: Cross 20X

⚡️E...even after TP1 is hit.

📣Trade Smart • Follow Risk",b6f7d5d3fbe514fdcc4d954235dac761,2026-09-07T07:47:27+00:00,2026-09-07T08:13:28.336807+00:00,950,legeendofcrypto
1154157,35552,"🟢#CLANKER/USDT

📈Signal: long Leverage: Cross 20X
...even after TP1 is hit.

📣Trade Smart • Follow Risk",daf578caae134a8048d31781b51994dd,2026-09-07T07:13:20+00:00,2026-09-07T08:13:28.352121+00:00,950,legeendofcrypto
1154149,35547,Arx long 0.1567 tp 0.1600,6e0fc5534332413cbc7b1ff7028e426f,2026-09-07T07:13:20+00:00,2026-09-07T08:13:28.301869+00:00,950,legeendofcrypto
1154126,35548,"COIN: #ARX/USDT (LONG) SETUP

📊 Leverage 25x to 50...ENT IS KEY
Use only 1–2% of your capital per trade",ff2047f78a389ec5be88ece92c9cd1a3,2026-09-07T07:13:20+00:00,2026-09-07T08:13:28.144576+00:00,950,legeendofcrypto
1154109,35550,"🚀 #PLAY/USDT LONG SIGNAL 🚀
📍 Entry: 0.03800


🎯 Ta... your risk, and let's catch this move together! 🪙🔥",37f14aecd05afbbf731d24d0330234c1,2026-09-07T07:13:20+00:00,2026-09-07T08:13:27.953592+00:00,950,legeendofcrypto
1154151,35544,"#ARX/USDT LONG     

👉Leverage : Cross 10× To 30×
...
1)  0.160
2)  0.165
3)  0.180

⭕Stoploss : 0.1480",cadcd342ec0abe82a983b399d4139992,2026-09-07T07:13:19+00:00,2026-09-07T08:13:28.302814+00:00,950,legeendofcrypto
1154111,35546,"#CATI/USDT LONG     

👉Leverage : Cross 10× To 30×...  0.0604
2)  0.0598
3)  0.0585

⭕Stoploss : 0.0643",b5798629a19067472ce5ea01a4d5482a,2026-09-07T07:13:19+00:00,2026-09-07T08:13:27.996315+00:00,950,legeendofcrypto
1154106,35543,"#WLDUSDT — BUY (LONG) 
🎉
🟢 Leverage: Cross  20x50
...Risk Management:
Use only 2%– 3%of your portfolio.",a5a7ec170511911b62f8511c28a86021,2026-09-07T07:13:19+00:00,2026-09-07T08:13:27.843377+00:00,950,legeendofcrypto
1154166,35519,"#CATI/USDT LONG     

👉Leverage : Cross 10× To 30×...)  0.0652
2)  0.0662
3)  0.0672

⭕Stoploss : 0.060",af7958f1a4b179d2f1116395a7f00456,2026-09-07T06:43:15+00:00,2026-09-07T08:13:28.513815+00:00,950,legeendofcrypto
1154163,35531,"📍Coin : #DOT/USDT

🟢 LONG 

👉 Entry: 0.9729 - 0.94...t 5: 1.0300
🎯 Target 6: 1.0400

❌ StopLoss: 0.9216",3dcc31843bf6bff57eaad414fde594b4,2026-09-07T06:43:15+00:00,2026-09-07T08:13:28.449564+00:00,950,legeendofcrypto
1154152,35529,"#LONG 🟢🔤🔤🔤🔤🔤

#SKHYNIX/USDT

Margin Mode : Isolate...

🟥 SL : 1262.12 - 100%   

📊 LEV : 20X

🇯🇵Premium",4f03f5b812696fc48b78b149365c4065,2026-09-07T06:43:15+00:00,2026-09-07T08:13:28.311518+00:00,950,legeendofcrypto
1154147,35527,"$ORCA/USDT #SHORT📩

✅ENTRY :-1.59/1.63

Target 1: ...𝐎𝐧𝐥𝐲 𝟏-𝟑% 𝐎𝐟 𝐎𝐮𝐫 𝐃𝐞𝐩𝐨𝐬𝐢𝐭 𝐅𝐨𝐫 𝐄𝐚𝐜𝐡 𝐓𝐫𝐚𝐝𝐞

React,??m",f52e0c089278e431db6f28de7e13d211,2026-09-07T06:43:15+00:00,2026-09-07T08:13:28.299262+00:00,950,legeendofcrypto
1154145,35537,"📊 #F/USDT

🟢 POSITION: LONG

💰 ENTRY RANGE
➤ 0.003... 0.00315

━━━━━━━━━━━━━━━━━━

✅ Manage risk wisely",2858f8fa39ff6e7830c04fd7a8b7f92f,2026-09-07T06:43:15+00:00,2026-09-07T08:13:28.280308+00:00,950,legeendofcrypto
1154142,35535,"🔰CFG/USDT 🔰   

🟢 LONG 10X 20X

♻ ENTRY 
1️⃣ 0.133...

1️⃣ 0.137
2️⃣ 0.142
3️⃣ 0.150

⛔ STOPLOSS  0.117",097b3d558870da0f4feaae530a87b69f,2026-09-07T06:43:15+00:00,2026-09-07T08:13:28.267590+00:00,950,legeendofcrypto
1154141,35522,"NEARUSDTUSDT  
Exchanges: BINGX 

🟢 Short
Leverage... 2.31
4) 2.29
5) 2.27
6) 2.24
7) 🚀🚀🚀 

⛔️ SL:
2.55",d2832456b2deb00c17c9f24866d8286c,2026-09-07T06:43:15+00:00,2026-09-07T08:13:28.266269+00:00,950,legeendofcrypto
1154140,35538,"🚀 $UAI/USDT PERP 🚀

🟢 LONG

💰 Entry : 0.680$ – 0.6... 5X – 25X

⛔️ SL : 0.550$

📌 Use Only 2-5% Capital",bbd53f439cfd56551a73437b12c33f08,2026-09-07T06:43:15+00:00,2026-09-07T08:13:28.256242+00:00,950,legeendofcrypto
1154135,35533,"💵 𝐒𝐈𝐆𝐍𝐀𝐋 𝐀𝐋𝐄𝐑𝐓 💵

#FLOCK/USDT (25xSHORT)

✅ ENTRY:...

TARGETS:-0.07280/0.068/0.063

❌ STOP LOSS: 0.085",d56af3c0fd39f6fc6030a5b9dfe6d034,2026-09-07T06:43:15+00:00,2026-09-07T08:13:28.243344+00:00,950,legeendofcrypto
1154131,35530,"🐳 TAO/USDT #LONG🐳

✳️ ENTRY :- 273 - 260

💢 LEVERA...0
3 : 320

⛔️ STOP-LOSS :- 252

☝️ Margin Use 2–3%",4741ff420534ca6731678ed8a20397e4,2026-09-07T06:43:15+00:00,2026-09-07T08:13:28.225455+00:00,950,legeendofcrypto
1154130,35521,"⌛#SUSHI/USDT  ( LONG )

🍁 Leverage 👉 20X to 25X 

...59 | 0.2479 | 0.2508 | 0.2538

🔕 Stoploss = 0.2321",24c30ff5c6886be1dfcb74b8285b0b42,2026-09-07T06:43:15+00:00,2026-09-07T08:13:28.213722+00:00,950,legeendofcrypto
1154129,35524,"Trade: #CFG/USDT

Direction: 📉 Short 

🟢 Entry Ran...41
• Target 6: 0.1227

💠 Leverage : 5x - 10x - 20x",f5968a9263f402d9efece2d39ec09b8a,2026-09-07T06:43:15+00:00,2026-09-07T08:13:28.201796+00:00,950,legeendofcrypto
1154124,35539,"🟢#UAI/USDT

📈Signal: short Leverage: Cross 20X

⚡️...even after TP1 is hit.

📣Trade Smart • Follow Risk",e4755f7e16319c90cbe24d484fe8a6b0,2026-09-07T06:43:15+00:00,2026-09-07T08:13:28.125064+00:00,950,legeendofcrypto
1154122,35518,"#DOOD/USDT LONG     

👉Leverage : Cross 10× To 30×...00235
2)  0.00255
3)  0.00295

⭕Stoploss : 0.00205",8d879c1ee797daa905960c111de32356,2026-09-07T06:43:15+00:00,2026-09-07T08:13:28.109586+00:00,950,legeendofcrypto
1154120,35523,"🚀 #OVER99WINS | TRADE SETUP 🚀

⭐ UB /USDT — LONG

...o

📌 Follow the setup and manage your risk wisely.",bcd32cee3a093c7c9dce30826d65e7c2,2026-09-07T06:43:15+00:00,2026-09-07T08:13:28.107493+00:00,950,legeendofcrypto
1154118,35520,"🟢WOO/USDT 📈

📈 long Setup 

💰 Entry Zone: 0.0120–0...et 1. 
✅ Move SL to breakeven after Target 1 hits.",5044c4f355448f4bf06a7fe28ce4b330,2026-09-07T06:43:15+00:00,2026-09-07T08:13:28.075043+00:00,950,legeendofcrypto
1154117,35534,"⚡ #MANTRA/USDT

📤 Long 

💹 Buy: 0.004593 - 0.00440...- 0.004872

🧨 StopLoss: 0.004300 

🔘 Leverage: 20x",780e9f5d3c1872891e77f95f64ac2dce,2026-09-07T06:43:15+00:00,2026-09-07T08:13:28.065468+00:00,950,legeendofcrypto
1154115,35516,"#UBUSDT — BUY (LONG) 
🎉
🟢 Leverage: Cross  20x50

...Risk Management:
Use only 2%– 3%of your portfolio.",7dcac15aeb43797a7246eadfdabffc6e,2026-09-07T06:43:15+00:00,2026-09-07T08:13:28.063560+00:00,950,legeendofcrypto
1154107,35525,"📊#ASTR/USDT–LONG–30x 🚀

📍 𝐄𝐧𝐭𝐫𝐲 𝐙𝐨𝐧𝐞:

➥ 0.0067, 0...tal.

⚠️ Disclaimer:
Trade at your own risk. DYOR.",8fdc78e7448f4dec91cef4622d3ef4c9,2026-09-07T06:43:15+00:00,2026-09-07T08:13:27.847342+00:00,950,legeendofcrypto
1154104,35528,"🔴 SHORT

#KAVA/USDT

Entry : 

1) 0.053910
2) 0.05...0180

🛑 Stop : 0.057306

Leverage : 10x (isolated)",3edc4d1e57ab73288adf6cf05c454d91,2026-09-07T06:43:15+00:00,2026-09-07T08:13:27.825151+00:00,950,legeendofcrypto
1158562,35582,"#BTC - SHORT 150X

Entry  79352

Targets 100% -200%-300% +++

SL= Will Update

Using 1% wallet",36cd25b40308fd23d6187ba72bc8981a,2026-09-07T09:57:47+00:00,2026-09-07T10:06:34.291259+00:00,950,legeendofcrypto
1158573,35581,"EXCHANGE/BYBIT/BITUNIX/OKX📌 


DAY TRADE 🏆

SHORT/...agement 🏆


Use only 5% of your 📈Available balance",9354e420b09f9f25f99bac28fa1f8470,2026-09-07T09:57:46+00:00,2026-09-07T10:06:34.333555+00:00,950,legeendofcrypto
1158572,35580,"EXCHANGE/BYBIT/BITUNIX/OKX📌 


DAY TRADE 🏆

SHORT/...agement 🏆


Use only 5% of your 📈Available balance",3ee78ba568a20b9df42feb8492406005,2026-09-07T09:57:46+00:00,2026-09-07T10:06:34.331477+00:00,950,legeendofcrypto
1158566,35579,"✨ZK/USDT

🎗 Trade Type = SHORT 🔴

⭐️ Leverage :- 2...0.010686, 0.010592, 0.010468, 0.010346, 0.010239 ]",ef9b8baf83e757ec54ab34e4e10188e7,2026-09-07T09:57:46+00:00,2026-09-07T10:06:34.313502+00:00,950,legeendofcrypto
1158575,35573,"📊 Let’s LONG #IOST/USDT

💥 Leverage:  Cross 20×  -...922
2) 0.000952
3) 0.001020

🔖 Stop Loss: 0.000849",452d78880dd825994cda317671433f7e,2026-09-07T09:30:29+00:00,2026-09-07T10:06:34.338315+00:00,950,legeendofcrypto
1158574,35578,"Coin #TAO/USDT

Position: LONG 

Leverage:  Cross ...65 - 260

Targets: 🎯 270, 277, 289

Stop Loss: 255",f437c27e337d0065edd5277bae74db66,2026-09-07T09:30:29+00:00,2026-09-07T10:06:34.337208+00:00,950,legeendofcrypto
1158570,35577,"🔰 PAIR: SOL/ USDT 💹

🟢Position: LONG🚀

☑️ Entry Zo...:
🥇 105.03
🥈 105.52
🥉 106.55

❌ Stop Loss: 🔴103.08",cc931954145b4b9d9f4f33ba6f4002db,2026-09-07T09:30:29+00:00,2026-09-07T10:06:34.324795+00:00,950,legeendofcrypto
1158568,35575,"⭐️$TIA/USDT  LONG

🛡Leverage : Cross 25x50

‼️Entr...0.3999

Use only 3% - 5% amount of your portfolio🛍",8a35da80f473dacbef3cdb6b2b31b273,2026-09-07T09:30:29+00:00,2026-09-07T10:06:34.315811+00:00,950,legeendofcrypto
1158563,35576,"📈 LONG #DOOD/USDT

🚀 LEVERAGE : 50x

📊 ENTRY PRICE....00235

TP🟢0.00245

STOPLOSS 🔴0.00208


REACTIONS?",5dfb47b9c6bb6cefcfeef57ec2b94d0f,2026-09-07T09:30:29+00:00,2026-09-07T10:06:34.275668+00:00,950,legeendofcrypto
1158561,35572,"#IOST/USDT BUY (LONG) 

⚡️Leverage : Cross 25x to ...08490

⚠️Use only 3% - 5% amount of your portfolio",54e275c87c87fd80470b62f2b5995274,2026-09-07T09:30:29+00:00,2026-09-07T10:06:34.270842+00:00,950,legeendofcrypto
1158571,35570,"⭐️$SOL/USDT  LONG

🛡Leverage : Cross 25x50

‼️Entr... 99.91

Use only 3% - 5% amount of your portfolio🛍",fcaf8e65d8bedbf27e9d63b0a4437087,2026-09-07T08:39:36+00:00,2026-09-07T10:06:34.330570+00:00,950,legeendofcrypto
1158565,35569,SOLUSDT LONG NOW,b603f5051de3680c3dad81703eef98d6,2026-09-07T08:39:36+00:00,2026-09-07T10:06:34.306170+00:00,950,legeendofcrypto
1158560,35565,"#IOST/USDT SHORT     

👉Leverage : Cross 10× To 30...00087
2)  0.00082
3)  0.00076

⭕Stoploss : 0.00094",7894ed3c53e38b40e87af5bd0719613b,2026-09-07T08:39:36+00:00,2026-09-07T10:06:34.264233+00:00,950,legeendofcrypto
1158559,35566,"✅ Long

#VET/USDT

Entry zone : 0.006854 - 0.00706...734
0.007945

Stop loss :0.00657231

Leverage: 10x",61794fd2ea7b966982cb6591c45ef5cc,2026-09-07T08:39:36+00:00,2026-09-07T10:06:34.168911+00:00,950,legeendofcrypto
1158558,35564,#IOST SHORT 0.000890,e322aa93ed24a9d8a98676d4d079a325,2026-09-07T08:39:35+00:00,2026-09-07T10:06:34.099443+00:00,950,legeendofcrypto
1161023,35593,"🚀 #OVER99WINS | TRADE SETUP 🚀

⭐ UNI /USDT — LONG
...o

📌 Follow the setup and manage your risk wisely.",c3a7cd5c75eddbaf129f53e682e04afd,2026-09-07T10:55:27+00:00,2026-09-07T11:37:55.216407+00:00,950,legeendofcrypto
1161022,35592,"🚀 LONG: $4/USDT
LEVERAGE: 50x

✔️ENTRY PRICE: 0.02...-0.02850-0.03100

STOP LOSS:  0.02520


REACTIONS?",3a3d1414438b344972e44c1684a4163f,2026-09-07T10:55:27+00:00,2026-09-07T11:37:55.214337+00:00,950,legeendofcrypto
1161021,35590,"$ONDOUSDT

SHORT

RR : 2

LEVERAGE : 30x

ENTRY : ...893

TAKE PROFITS 👇

1️⃣ 0.3764

STOPLOSS : 0.3956",ed36d4e86887df07708413d74a889e72,2026-09-07T10:44:10+00:00,2026-09-07T11:37:55.200155+00:00,950,legeendofcrypto
1161020,35589,"🚀 #OVER99WINS | TRADE SETUP 🚀

⭐ TIA /USDT — LONG
...o

📌 Follow the setup and manage your risk wisely.",e2212d81136f37d33a201a573c257ef8,2026-09-07T10:44:10+00:00,2026-09-07T11:37:55.192900+00:00,950,legeendofcrypto
1161018,35585,"DAY/TRADE 🏆

LONG BTC/USDT📈📈📈( continuation trend ...agement 🏆

Use only 10% of your 📈Available balance",e1a2aad4ff7ad07c6348690394c27535,2026-09-07T10:13:59+00:00,2026-09-07T11:37:55.173709+00:00,950,legeendofcrypto
1161017,35586,"🔴 Short

Pair: #LTC/USDT

📊 Entry Price: 

1) 55.8...3.19
4) 52.01

Stop Loss: 59.40

Leverage: 10x-20x",1001aacf7c2594c0316fcb790d6c93f6,2026-09-07T10:13:59+00:00,2026-09-07T11:37:55.130638+00:00,950,legeendofcrypto
1164451,35661,"$BATUSDT

LONG

RR : 2

LEVERAGE : 50x

ENTRY : 0....740

TAKE PROFITS 👇

1️⃣ 0.0756

STOPLOSS : 0.0733",bebf7859741ec2e107f3cd0bfa1197b3,2026-09-07T14:33:40+00:00,2026-09-07T14:34:57.445610+00:00,950,legeendofcrypto
1164450,35660,"xrp/Usdt long 🟢
with 0.5% Wallet on market price 
...osite movement pe jo 5% around the liq manage zero",5ad85cb5302241eaa00cb6ed7a53ae69,2026-09-07T14:33:40+00:00,2026-09-07T14:34:57.444726+00:00,950,legeendofcrypto
1164459,35654,PRL LONG 0.1342 tp1 0.1370,f0fdb9a5de015b0a705fddfc9e48f0d0,2026-09-07T14:11:20+00:00,2026-09-07T14:34:57.522477+00:00,950,legeendofcrypto
1164456,35657,"🚩 SHORT #ZAMA/USDT

⚙️ 75X LEVERAGE

🛡 Entry: 0.05...: 0.05060
TP3: 0.04780

🛑 SL: 0.06100

🔥REACTIONS?",0cb686979090aa89229abde4e4265408,2026-09-07T14:11:20+00:00,2026-09-07T14:34:57.519149+00:00,950,legeendofcrypto
1164448,35656,#ZAMA/USDT SHORT NOW,5689b010aa36ecb3903f35a1dce177e5,2026-09-07T14:11:20+00:00,2026-09-07T14:34:57.438266+00:00,950,legeendofcrypto
1164444,35655,"🚀 #PRL/USDT LONG SIGNAL 🚀
📍 Entry: 0.1342


🎯 Take... your risk, and let's catch this move together! 🪙🔥",d6ef80f841390c6c035f1f1125c8bf2a,2026-09-07T14:11:20+00:00,2026-09-07T14:34:57.425383+00:00,950,legeendofcrypto
1164438,35652,"🔴 SHORT

#NEO/USDT

Entry zone : 2.271 - 2.205

Ta...060
1.994
1.927

Stop loss :2.35935

Leverage: 10x",3a11ca6196e27f682cbb4cf7633242f2,2026-09-07T14:11:20+00:00,2026-09-07T14:34:57.400555+00:00,950,legeendofcrypto
1164463,35650,"TREEUSDT - LONG ( Swing trade ) 📈

Entry : Market ...t : 

*0.048
0.05
0.055
0.06*

Stoploss at : 0.034",289a844729e92342c8b96b9b785f2967,2026-09-07T14:11:19+00:00,2026-09-07T14:34:57.535937+00:00,950,legeendofcrypto
1164417,35649,"🚩 SHORT #FLOCK/USDT

⚙️ 75X LEVERAGE

🛡 Entry: 0.0...: 0.06450
TP3: 0.06340

🛑 SL: 0.07200

🔥REACTIONS?",0d65be6ddd3d9f10bb4d6f0b5958487c,2026-09-07T14:11:19+00:00,2026-09-07T14:34:56.947208+00:00,950,legeendofcrypto
1164454,35645,"➡️ #SOPH     /USDT (SHORT) 🔽🔽

⌛LEVERAGE : 20X TO ...55

💥Use only 1%margin of your total portfolio❤️😘😇",3decacf0dda673ce8ed47c106f4c98ed,2026-09-07T13:29:37+00:00,2026-09-07T14:34:57.514974+00:00,950,legeendofcrypto
1164436,35646,"#SHORT 🔴 🔤🔤🔤🔤🔤

#NEAR/USDT 

Margin Mode : Isolate....155

🟩 SL : 2.506 - 100%

📊 LEV : 20X

🇯🇵 Premium",1ccd977c4e23510fd1ad1ac64f5e477b,2026-09-07T13:29:37+00:00,2026-09-07T14:34:57.371122+00:00,950,legeendofcrypto
1164433,35647,"🟢ICP/USDT My long Trade Setup

Leverage 75X

Entry...  3.100

Stop Loss: 2.950

Follow Money Management",aeef86750f14eab5333862883b6fa79c,2026-09-07T13:29:37+00:00,2026-09-07T14:34:57.351288+00:00,950,legeendofcrypto
1164427,35644,"TREEUSDT - LONG ( Swing trade ) 📈

Entry : Market ...t : 

*0.048
0.05
0.055
0.06*

Stoploss at : 0.034",289a844729e92342c8b96b9b785f2967,2026-09-07T13:29:37+00:00,2026-09-07T14:34:57.278472+00:00,950,legeendofcrypto
1164437,35643,"🔘 Coin : #ORCA/USDT 🔘

🟢 LONG

🔺Entry🔻: 1.545

⭐️ ....608 - 1.638

♦️ StopLoss : 1.488

🔱 Leverage: 25x",329dff97e34bc9ce21d57fbe076ee7ff,2026-09-07T13:09:55+00:00,2026-09-07T14:34:57.394683+00:00,950,legeendofcrypto
1164455,35634,"⚡️ BTC/USDT ⚡️

🔻 SCALP LONG

💎 Leverage: 10x – 15...oss: $76595

⚠️ Trade with proper risk management.",4d0162e77848f347e061d0c97d1ac8f4,2026-09-07T13:09:47+00:00,2026-09-07T14:34:57.516655+00:00,950,legeendofcrypto
1164447,35635,"🔴 SHORT

#ATOM/USDT

Entry : 

1) 1.669
2) 1.719

...) 1.553

🛑 Stop : 1.774

Leverage : 10x (isolated)",4cc168eb203b5e81875aace148d9ebba,2026-09-07T13:09:47+00:00,2026-09-07T14:34:57.437207+00:00,950,legeendofcrypto
1164446,35626,"🪙 Coin: #XAN/USDT
🧭 Type: #LONG

📈 Entry Zone:
0.0... within the zone and maintain strict risk control.",d5f0127db3dea847bd680b8d3891631b,2026-09-07T12:52:54+00:00,2026-09-07T14:34:57.433769+00:00,950,legeendofcrypto
1164426,35627,"#XAN/USDT LONG     

👉Leverage : Cross 10× To 30×
...)  0.0205
2)  0.0210
3)  0.0220

⭕Stoploss : 0.018",ef229a870206b6c37f301f040c94617d,2026-09-07T12:52:54+00:00,2026-09-07T14:34:57.239153+00:00,950,legeendofcrypto
1164424,35625,"⭐️$ZORA/USDT  LONG

🛡Leverage : Cross 25x50

‼️Ent...007809

Use only 3% - 5% amount of your portfolio🛍",f9e90102a50347300cf31510362aed4d,2026-09-07T12:38:00+00:00,2026-09-07T14:34:57.166460+00:00,950,legeendofcrypto
1164439,35611,"📍Coin : #AVNT/USDT

🟢 LONG 

👉 Entry: 0.1092 - 0.1...t 5: 0.1147
🎯 Target 6: 0.1158

❌ StopLoss: 0.1032",cb3849b54b4d95c00e40ecedd2dd776a,2026-09-07T12:37:45+00:00,2026-09-07T14:34:57.402560+00:00,950,legeendofcrypto
1164420,35605,"LUNA2 / USDT 

SHORT SHORT SHORT 

IST ENTRY AT MA...E 

TP 0.05300
TP 0.05260
TP 0.05205

15X LEVERAGE",4735d3158b005b79339ef19a179d3028,2026-09-07T12:16:29+00:00,2026-09-07T14:34:56.996214+00:00,950,legeendofcrypto
1164415,35604,"Coin #ZRO/USDT

Position: LONG 

Leverage:  Cross ...1.14

Targets: 🎯 1.20, 1.25, 1.32

Stop Loss: 1.11",ce4da70767e5847a7c6c003859e4acc1,2026-09-07T12:16:29+00:00,2026-09-07T14:34:56.673231+00:00,950,legeendofcrypto
1164418,35603,"🌈PAIR:- LUNA2/USDT
⚡️ Direction : LONG
🛠 Leverage:...nt Usage:- 1 - 2%
(According To your Risk Setting)",ef53d602106cfae325bba33324da2f37,2026-09-07T12:16:28+00:00,2026-09-07T14:34:56.962652+00:00,950,legeendofcrypto
1164416,35601,"🔘 Coin : #DOOD/USDT 🔘

🔴 SHORT

🔺Entry🔻: 0.002273
... 0.002091

♦️ StopLoss : 0.002361

🔱 Leverage: 25x",ef484b0e83d0b405189a72f0ca7b9bfb,2026-09-07T12:07:47+00:00,2026-09-07T14:34:56.689635+00:00,950,legeendofcrypto
1164414,35600,"🚀 #AKE/USDT LONG SIGNAL 🚀
📍 Entry: 0.01740


🎯 Tak... your risk, and let's catch this move together! 🪙🔥",e512642eb2f3e23659b1a75d0d49e661,2026-09-07T12:07:46+00:00,2026-09-07T14:34:56.674300+00:00,950,legeendofcrypto
1164412,35599,AKE LONG 0.01745 TP1 0.01782,77c1056b40b11bbb1b633910b524560a,2026-09-07T12:07:46+00:00,2026-09-07T14:34:56.656499+00:00,950,legeendofcrypto
1164409,35596,"#SOLV/USDT BUY (LONG) 

⚡️Leverage : Cross 25x to ...04250

⚠️Use only 3% - 5% amount of your portfolio",73b367e758879932f87acdf1642978ac,2026-09-07T12:07:46+00:00,2026-09-07T14:34:56.385337+00:00,950,legeendofcrypto
1164407,35594,"📊#DOOD/USDT — LONG

⚡️ Leverage : 20X – 25X

💹Entr...Entry After TP1

⚖️ Follow Proper Risk Management.",81847fecebb501e8596b8204c7ab37cb,2026-09-07T12:07:46+00:00,2026-09-07T14:34:56.102501+00:00,950,legeendofcrypto
1168009,35707,"💸 LONG —MINA

Entry: 0.08045

💸 Targets: 0.08127 /...9

💸  Stop: 0.07639

💸 Move SL to entry after TP1.",2aed2a50a13bc9b82e809b423c2a350b,2026-09-07T15:57:44+00:00,2026-09-07T16:24:21.515206+00:00,950,legeendofcrypto
1168007,35712,"🚀 #OVER99WINS | TRADE SETUP 🚀

⭐ BR /USDT — LONG

...o

📌 Follow the setup and manage your risk wisely.",25510ebfb2958501e500bd66451d0ddd,2026-09-07T15:57:44+00:00,2026-09-07T16:24:21.474963+00:00,950,legeendofcrypto
1168005,35709,"COIN: #UAI  /USDT (SHORT) SETUP

📊 Leverage 25x to...ENT IS KEY
Use only 1–2% of your capital per trade",1e9273d7b10c03f0841f65add2c7f28e,2026-09-07T15:57:44+00:00,2026-09-07T16:24:21.423210+00:00,950,legeendofcrypto
1168002,35706,"#BR USDT — BUY (LONG) 
🎉
🟢 Leverage: Cross  20x50
...Risk Management:
Use only 2%– 3%of your portfolio.",3df8f55a263de444f35a5505eb2fde37,2026-09-07T15:57:44+00:00,2026-09-07T16:24:21.402641+00:00,950,legeendofcrypto
1167986,35687,"COIN: #IOST /USDT (LONG) SETUP

📊 Leverage 25x to ...ENT IS KEY
Use only 1–2% of your capital per trade",c40a36041d515b9a44c126655ecce00a,2026-09-07T15:15:06+00:00,2026-09-07T16:24:21.320104+00:00,950,legeendofcrypto
1167988,35680,"🔴 Short

Pair: #KAVA/USDT

📊 Entry Price: 

1) 0.0...) 0.052823

Stop Loss: 0.060325

Leverage: 10x-20x",cadcca857dec8f76d4d326393c19752b,2026-09-07T15:04:03+00:00,2026-09-07T16:24:21.360486+00:00,950,legeendofcrypto
1167984,35677,"🟢#WLD/USDT

📈Signal: long Leverage: Cross 20X

⚡️E...even after TP1 is hit.

📣Trade Smart • Follow Risk",6c2368282463d9e868953a1f1e69b7b0,2026-09-07T15:04:03+00:00,2026-09-07T16:24:21.195904+00:00,950,legeendofcrypto
1167985,35674,"COIN: #IOST /USDT (SHORT) SETUP

📊 Leverage 25x to...ENT IS KEY
Use only 1–2% of your capital per trade",9e0adbb414ca11c02bb6c6cf27086fba,2026-09-07T15:04:02+00:00,2026-09-07T16:24:21.313059+00:00,950,legeendofcrypto
1167981,35672,"🚀 LONG: $PIEVERSE/USDT
LEVERAGE: 50x

✔️ENTRY PRIC...3000-1.3500-1.4700

STOP LOSS:  1.2200

REACTIONS?",3ea339eb0ab48af270643da2346e9da4,2026-09-07T15:04:02+00:00,2026-09-07T16:24:20.991535+00:00,950,legeendofcrypto
1167978,35669,"✅Entry 0.1237 -0.1220

(🆘LONG CFGUSDT 5-20x🆘)

🏹 T... 5  $0.1300
🏹Target 6  $0.1313

🚫Stop loss -0.1169",6b43b031c0a5110a5f9bbbabfe43601d,2026-09-07T14:39:42+00:00,2026-09-07T16:24:20.698932+00:00,950,legeendofcrypto
1167977,35668,LONG CFG 0.1240,e8330bf040ed01416e039d1710fe7b3c,2026-09-07T14:39:42+00:00,2026-09-07T16:24:20.653346+00:00,950,legeendofcrypto
1170185,35720,"↗️ SHORT CALL ( BINANCE ) 

#CGPT/USDT 🥂

Signal T...17x LEVERAGE 👀

TAKE PROFIT -  0.01950 - 0.01700🔥🔥",dff4c61ea2287a89c21ec777035b9e88,2026-09-07T17:03:43+00:00,2026-09-07T17:51:53.408413+00:00,950,legeendofcrypto
1170181,35717,DOT LONG 1.0882 TP1 1.1105,08e7022177e8b0f5f2280732282736e9,2026-09-07T17:03:43+00:00,2026-09-07T17:51:53.057765+00:00,950,legeendofcrypto
1170180,35722,"🚨 #FLOCK/USDT | LONG

⚡Leverage: Cross 50X

🎯Entry... follow the signal and secure profits at targets.💎",0e81f3b28a2e706cb040e8d72c790e74,2026-09-07T17:03:43+00:00,2026-09-07T17:51:53.052089+00:00,950,legeendofcrypto
1170178,35718,"🚀 #DOTUSDT LONG SIGNAL 🚀
📍 Entry: 1.0882


🎯 Take ... your risk, and let's catch this move together! 🪙🔥",bb620e937e95a53434be5667fb36dae1,2026-09-07T17:03:43+00:00,2026-09-07T17:51:52.776654+00:00,950,legeendofcrypto
1170176,35716,"🚀 #BUSDT LONG SIGNAL 🚀
📍 Entry: 0.1840


🎯 Take Pr... your risk, and let's catch this move together! 🪙🔥",6dd224bc16bf1c93944c340902339cfc,2026-09-07T17:03:42+00:00,2026-09-07T17:51:52.682184+00:00,950,legeendofcrypto
1172575,35750,"💰#BR/ USDT👑

💎Setup Type: Strong LONG  🔖Opportunit...TP ➝ 0.32000

4️⃣TP ➝ 0.40000

🚫Stop Loss: 0.24000",5bc17d135f337e7c754b65d960a65b5c,2026-09-07T18:58:33+00:00,2026-09-07T19:16:39.567293+00:00,950,legeendofcrypto
1172574,35748,"🚨 NEW TRADE SIGNAL 🚨

📊 UAI/USDT — Perpetual

📞 EN...arefully.

📈 I’ll update the trade as it develops.",6ba5e9ddf6c5ad233cc648c60faa9060,2026-09-07T18:37:21+00:00,2026-09-07T19:16:39.552372+00:00,950,legeendofcrypto
1172578,35746,"🚨 #SUSHI/USDT | LONG

⚡Leverage: Cross 50X

🎯Entry... follow the signal and secure profits at targets.💎",16d7e4ad40f4be225a6f4cac3e575069,2026-09-07T18:18:50+00:00,2026-09-07T19:16:39.582337+00:00,950,legeendofcrypto
1181182,35908,"🟢#FORM/USDT

📈Signal: long Leverage: Cross 20X

⚡️...even after TP1 is hit.

📣Trade Smart • Follow Risk",d7b52b8a29660bb62df2041d0a22d9e1,2026-09-08T07:17:20+00:00,2026-09-08T07:21:47.118882+00:00,950,legeendofcrypto
1181191,35905,"⚡️$SAFE/USDT⚡️

LONG
Leverage: 20X

Entry: 0.106

Target:

1)0.110
2)0.116
3)0.124

Stoploss: 0.096",8dcd80e2c8f0245fd263bdcb4c075109,2026-09-08T07:08:28+00:00,2026-09-08T07:21:47.203448+00:00,950,legeendofcrypto
1181187,35906,"🔰 SAFE/USDT 🔰

🟢 LONG 20X

🔳 ENTRY :- 0.106

☑️ TARGET:- 0.110 - 0.116 - 0.124

🔴 STOP :- 0.096",26b1c1208824ef1c77aa3e8b71b15747,2026-09-08T07:08:28+00:00,2026-09-08T07:21:47.147933+00:00,950,legeendofcrypto
1181185,35891,"$BTC LONG🟢 (25x Lev)

Entry -  $78000

TP - 79000$- 80000$

SL: 77000$",497624811fbd48ff141e822113e07ab5,2026-09-08T07:01:49+00:00,2026-09-08T07:21:47.127997+00:00,950,legeendofcrypto
1181180,35893,"🔴 SHORT

#TRX/USDT

Entry : 

1) 0.33751
2) 0.3476...31415

🛑 Stop : 0.35877

Leverage : 10x (isolated)",cd174719ba57071d8e604538e3407a93,2026-09-08T07:01:49+00:00,2026-09-08T07:21:47.099014+00:00,950,legeendofcrypto
1181178,35890,"🟢AERO/USDT 📈

📈 long Setup 

💰 Entry Zone: 0.6570–...et 1. 
✅ Move SL to breakeven after Target 1 hits.",05a574dcd9171505d273614e377144f8,2026-09-08T07:01:44+00:00,2026-09-08T07:21:47.082600+00:00,950,legeendofcrypto
1181176,35888,"$BR/USDT #LONG📩

✅ENTRY :-0.2720/0.2630

Target 1:...𝐎𝐧𝐥𝐲 𝟏-𝟑% 𝐎𝐟 𝐎𝐮𝐫 𝐃𝐞𝐩𝐨𝐬𝐢𝐭 𝐅𝐨𝐫 𝐄𝐚𝐜𝐡 𝐓𝐫𝐚𝐝𝐞

React,??m",61c21d0ba1c5b95f92877673d16757b0,2026-09-08T07:01:44+00:00,2026-09-08T07:21:47.074051+00:00,950,legeendofcrypto
1181171,35889,"🚀 $AERO/USDT PERP 🚀

🟢 LONG

💰 Entry : 0.665$ – 0.... 5X – 25X

⛔️ SL : 0.550$

📌 Use Only 2-5% Capital",fc2f041bba7f907f6f3cd6bda5ae7d9f,2026-09-08T07:01:44+00:00,2026-09-08T07:21:47.043325+00:00,950,legeendofcrypto
1181174,35886,"$WLD LONG NOW

ENTRY: 0.4980 - 0.4800

TP:- 0.52 - 0.55 - 0.59

SL:- 0.44",09787c6ef7df4ef7294249cd69bbab44,2026-09-08T07:01:44+00:00,2026-09-08T07:21:47.035056+00:00,950,legeendofcrypto
1181164,35887,"💵 𝐒𝐈𝐆𝐍𝐀𝐋 𝐀𝐋𝐄𝐑𝐓 💵

#AERO/USDT (25xLONG)

✅ ENTRY:0....62

TARGETS:-0.6650/0.70/0.75

❌ STOP LOSS: 0.5550",2df0690ca6b2aeba2c6c2dd7961fa243,2026-09-08T07:01:44+00:00,2026-09-08T07:21:46.966969+00:00,950,legeendofcrypto
1181166,35882,"🐳 SENT/USDT #LONG🐳

✳️ ENTRY :- 0.0148 - 0.0141

💢...0.0178

⛔️ STOP-LOSS :- 0.0138

☝️ Margin Use 2–3%",f6e7d49f8a0d79459c0857358ecd69ee,2026-09-08T07:01:37+00:00,2026-09-08T07:21:46.984187+00:00,950,legeendofcrypto
1181183,35880,"📊 Let’s LONG #SOLV/USDT

💥 Leverage:  Cross 20×  -...1) 0.0047
2) 0.0049
3) 0.0053

🔖 Stop Loss: 0.0043",bccb3c0af4e22778a0ab21890357c044,2026-09-08T07:01:36+00:00,2026-09-08T07:21:47.128715+00:00,950,legeendofcrypto
1181172,35879,"⚡ #BICO/USDT

📤 Long 

💹 Buy: 0.02283 - 0.02240

🧿...7 - 0.02421

🧨 StopLoss: 0.02174 

🔘 Leverage: 20x",e90e6bd837a65feab517407a657bd42e,2026-09-08T07:01:36+00:00,2026-09-08T07:21:47.054093+00:00,950,legeendofcrypto
1181169,35878,"🪙 Coin: #SOLV/USDT
🧭 Type: #LONG

📈 Entry Zone:
0.... within the zone and maintain strict risk control.",464790a0335146ef8ebd48f2e08d36a2,2026-09-08T07:01:36+00:00,2026-09-08T07:21:46.988783+00:00,950,legeendofcrypto
1181160,35871,"$NEAR LONG🟢 (25x Lev)

Entry- 2.80$

Targets- 2.312$- 2.340$- 2.377$- 2.415$

Stop Loss- 2.225$",b0f431648a8a5204791a43cd3f8d14ce,2026-09-08T07:01:34+00:00,2026-09-08T07:21:46.718406+00:00,950,legeendofcrypto
1181158,35863,"#SOPH/USDT SHORT     

👉Leverage : Cross 10× To 30...0.00988
2)  0.00950
3)  0.00900

⭕Stoploss : 0.105",adfd991c38b34adad4c22a96c0aff27a,2026-09-08T07:01:33+00:00,2026-09-08T07:21:46.519121+00:00,950,legeendofcrypto
1181157,35861,"📊 Let’s LONG #SOL/USDT

💥 Leverage:  Cross 20×  - ...1) 104.55
2) 105.65
3) 106.82

🔖 Stop Loss: 101.30",b52f02097db21e5e8422f5115ddb8776,2026-09-08T07:01:33+00:00,2026-09-08T07:21:46.505725+00:00,950,legeendofcrypto
1184619,35949,"🚀 #OVER99WINS | TRADE SETUP 🚀

⭐ SOPH /USDT — LONG...o

📌 Follow the setup and manage your risk wisely.",82f043a0c34bfff235aa19ecb8a72a2d,2026-09-08T08:56:48+00:00,2026-09-08T09:06:10.907304+00:00,950,legeendofcrypto
1184613,35947,"BICO/USDT 

SHORT SHORT SHORT 

OPEN MARKET PRICE ...2500
TP 0.022300
TP 0.022100

SL 0.026400

LEV 15X",18bf302d3b035f9eb618055881ea091b,2026-09-08T08:56:48+00:00,2026-09-08T09:06:10.844267+00:00,950,legeendofcrypto
1184611,35946,"💰#SOPH/ USDT👑

💎Setup Type: Strong LONG  🔖Opportun...➝ 0.011800

4️⃣TP ➝ 0.012900

🚫Stop Loss: 0.008500",66d16a8345045ba97f60ae80e2dd375a,2026-09-08T08:56:48+00:00,2026-09-08T09:06:10.786329+00:00,950,legeendofcrypto
1184623,35944,"✅ Long

#BCH/USDT

Entry zone : 247.61 - 255.27

T...
279.39
287.01

Stop loss :237.4011

Leverage: 10x",80275fd6b56b43510abe23486cc62875,2026-09-08T08:37:22+00:00,2026-09-08T09:06:10.946495+00:00,950,legeendofcrypto
1184622,35943,"🔰 PAIR: SOL/ USDT 💹

🟢Position: LONG🚀

☑️ Entry Zo...:
🥇 103.10
🥈 103.39
🥉 103.66

❌ Stop Loss: 🔴101.80",d60a4b7864d14c425ba3d0ed7bbc858b,2026-09-08T08:37:22+00:00,2026-09-08T09:06:10.941390+00:00,950,legeendofcrypto
1184617,35929,"📊 Let’s LONG #SOPH /USDT

💥 Leverage:  Cross 20×  ... 0.0105
2) 0.0110
3) 0.0120

🔖 Stop Loss: 0.009380",a4c4481323d9402f509c83a4a8e5fe71,2026-09-08T08:11:33+00:00,2026-09-08T09:06:10.869289+00:00,950,legeendofcrypto
1184612,35928,"🟢#1000CAT/USDT

📈Signal: long Leverage: Cross 20X
...even after TP1 is hit.

📣Trade Smart • Follow Risk",a4e82516159c3d1598e0d9471f3ef8b5,2026-09-08T08:11:33+00:00,2026-09-08T09:06:10.815324+00:00,950,legeendofcrypto
1184631,35922,"🚨 #SOPH/USDT | LONG

⚡Leverage: Cross 50x

🎯Entry ... follow the signal and secure profits at targets.💎",f858ed14c5ae7858f4b973e14c154c15,2026-09-08T08:06:26+00:00,2026-09-08T09:06:11.056678+00:00,950,legeendofcrypto
1184618,35923,"🚨 #FLOCK/USDT | LONG

⚡Leverage: Cross 50x

🎯Entry... — follow the sign and secure profits at targets.💎",9dc2ca9320f782852732014ba38cbf8c,2026-09-08T08:06:26+00:00,2026-09-08T09:06:10.908577+00:00,950,legeendofcrypto
1184607,35924,"🟢COIN: #SOPH /USDT (LONG)

📊 Leverage 25x to 50x

...ENT IS KEY
Use only 1–2% of your capital per trade",9f950d7dc90f80592a5a4685a8437c32,2026-09-08T08:06:26+00:00,2026-09-08T09:06:10.723033+00:00,950,legeendofcrypto
1184630,35919,"Coin #AKE/USDT

Position: LONG 

Leverage:  Cross ...rgets: 🎯 0.0188, 0.0194, 0.0203

Stop Loss: 0.0170",7ad761cdd69d1aefec43cb77fbb950fa,2026-09-08T08:06:20+00:00,2026-09-08T09:06:11.058672+00:00,950,legeendofcrypto
1184628,35920,"🚀 LONG: $USELESS/USDT🚀
LEVERAGE: 20X-50X

🤍 ENTRY ...60- 0.2780
—————

❌ STOP LOSS: 0.2030❌


REACTIONS",154dd8ac7267710d6affc724f5b40118,2026-09-08T08:06:20+00:00,2026-09-08T09:06:10.991514+00:00,950,legeendofcrypto
1184624,35921,"#USELESS/USDT LONG     

👉Leverage : Cross 10× To ...

1)  0.240
2)  0.256
3)  0.278

⭕Stoploss : 0.215",929bda7b6705e69f9d4f0ceeca4ca8c7,2026-09-08T08:06:20+00:00,2026-09-08T09:06:10.968622+00:00,950,legeendofcrypto
1184620,35918,"Coin #SOPH/USDT

Position: LONG 

Leverage:  Cross...rgets: 🎯 0.0108, 0.0114, 0.0122

Stop Loss: 0.0096",bdf5d696d8f9aabbeadbbd18a004581d,2026-09-08T08:06:20+00:00,2026-09-08T09:06:10.923453+00:00,950,legeendofcrypto
1184606,35917,"🚨 #USELESS/USDT — LONG SETUP

📍 Entry Zone: 0.215 ...ou can afford to lose.

🔥 Trade Safe. Trade Smart.",562b75877780b1c80c254df1e134a8b5,2026-09-08T08:06:20+00:00,2026-09-08T09:06:10.724443+00:00,950,legeendofcrypto
1184608,35915,"🟢#SOPH/USDT

📈Signal: long Leverage: Cross 20X

⚡️...even after TP1 is hit.

📣Trade Smart • Follow Risk",af771b04c9351b9f49beb5f66ced1129,2026-09-08T08:06:20+00:00,2026-09-08T09:06:10.723791+00:00,950,legeendofcrypto
1187710,35960,"✨TAO/USDT

🎗 Trade Type = LONG 🟢

⭐️ Leverage :- 2...[ 258.14, 260.59, 263.33, 265.79, 269.19, 272.08 ]",72cbc34dd99a49d0b51ea5bfb5fce89f,2026-09-08T10:08:48+00:00,2026-09-08T10:42:41.164376+00:00,950,legeendofcrypto
1187702,35961,"🔴 Short

Pair: #VET/USDT

📊 Entry Price: 

1) 0.00...) 0.007186

Stop Loss: 0.008207

Leverage: 10x-20x",01b0c40405f86ec6112fd3f949c8ead1,2026-09-08T10:08:48+00:00,2026-09-08T10:42:41.103007+00:00,950,legeendofcrypto
1187711,35958,"$ATOM

LONG | Entry: 1.654
TP1: 1.701
TP2: 1.762
TP3: 1.825
SL: 1.597",e933cb6bf2c9d47c0f595c34aed5d402,2026-09-08T10:00:17+00:00,2026-09-08T10:42:41.167681+00:00,950,legeendofcrypto
1187708,35955,"⭐️$BTR/USDT  LONG

🛡Leverage : Cross 25x50

‼️Entr....04664

Use only 3% - 5% amount of your portfolio🛍",3bec9a87947613cd2ac2c282d63fa8ef,2026-09-08T10:00:17+00:00,2026-09-08T10:42:41.149775+00:00,950,legeendofcrypto
1187706,35956,"#SOPH USDT — BUY (LONG) 
🎉
🟢 Leverage: Cross  50x7...Risk Management:
Use only 2%– 3%of your portfolio.",63a082d32c183342c6d055fa8d874a02,2026-09-08T10:00:17+00:00,2026-09-08T10:42:41.128144+00:00,950,legeendofcrypto
1187705,35957,"📊 #ON/USDT

🟢 POSITION: LONG

💰 ENTRY RANGE
➤ 0.19...
➤ 0.170

━━━━━━━━━━━━━━━━━━

✅ Manage risk wisely",c9240ad7dd0e67b4f029cb793c881272,2026-09-08T10:00:17+00:00,2026-09-08T10:42:41.119552+00:00,950,legeendofcrypto
1187704,35952,IOSTUSDT LONG NOW,cd9fa5befd256cfca5a75831e938068b,2026-09-08T10:00:17+00:00,2026-09-08T10:42:41.116465+00:00,950,legeendofcrypto
1187701,35954,BTRUSDT LONG NOW,bb5b5b885c596b1d0121d18ff069f372,2026-09-08T10:00:17+00:00,2026-09-08T10:42:41.101820+00:00,950,legeendofcrypto
1187700,35953,"⭐️$IOST/USDT  LONG

🛡Leverage : Cross 25x50

‼️Ent...008486

Use only 3% - 5% amount of your portfolio🛍",483c31e96d8aab0264adf8f189341fcc,2026-09-08T10:00:17+00:00,2026-09-08T10:42:41.092498+00:00,950,legeendofcrypto
1189588,35973,"🚀 #OVER99WINS | TRADE SETUP 🚀

⭐ CROSS /USDT — LON...o

📌 Follow the setup and manage your risk wisely.",62b1a0aee3bebbb68de14a8be8fa7afd,2026-09-08T12:14:15+00:00,2026-09-08T12:16:31.377158+00:00,950,legeendofcrypto
1189597,35970,"Coin #USELESS/USDT

Position: LONG 

Leverage:  Cr...rgets: 🎯 0.2510, 0.2780, 0.3200

Stop Loss: 0.2150",fd905af4d55ab0480d3f740fdf20ed57,2026-09-08T11:41:25+00:00,2026-09-08T12:16:31.473577+00:00,950,legeendofcrypto
1189595,35971,"🟢 Long

#ZRX/USDT

Entry : 

1) 0.0992
2) 0.0962

...0.1059

🛑 Stop : 0.0929

Leverage : 10x (isolated)",70e5a0ed8f6f2904a9f8878e40b900f0,2026-09-08T11:41:25+00:00,2026-09-08T12:16:31.446246+00:00,950,legeendofcrypto
1189594,35969,"🚩 SHORT #ON/USDT

⚙️ 50X LEVERAGE

🛡 Entry: 0.2064...TP2: 0.1960
TP3: 0.1860

🛑 SL: 0.2300

🔥REACTIONS?",11ac8a12c558a9d15fb3d909d7e26b44,2026-09-08T11:41:25+00:00,2026-09-08T12:16:31.440840+00:00,950,legeendofcrypto
1189589,35972,"🚩 SHORT #ACE/USDT

⚙️ 20X LEVERAGE

🛡 Entry: 0.169...2: 0.16000
TP3: 0.15000

🛑 SL: 0.2300

🔥REACTIONS?",f5294175fc872c9fbeeaba7021aefd57,2026-09-08T11:41:25+00:00,2026-09-08T12:16:31.378094+00:00,950,legeendofcrypto
1189592,35966,"🚨 #USELESS/USDT | SHORT

⚡Leverage: Cross 50x

🎯En... follow the signal and secure profits at targets.💎",ae9aeae95ce00f709405b5ea27b66eb1,2026-09-08T10:44:54+00:00,2026-09-08T12:16:31.415393+00:00,950,legeendofcrypto
1189591,35967,"🌹 #XPL/USDT

🟢 LONG

✅ Entry: 0.09965- 0.09823

❌ ...l advice.
💰 Stay disciplined. Protect your capital",5c9c2b0fcbf9c732850b0033e786a345,2026-09-08T10:44:54+00:00,2026-09-08T12:16:31.409992+00:00,950,legeendofcrypto
1189587,35964,"#XPL/USDT

LONG LONG LONG 

OPEN MARKET PRICE 

TP...50
TP 0.10650
TP 0.10800

SL 0.09510

Leverage 25X",08393aba3e8b1223fb6183d9425e222f,2026-09-08T10:44:54+00:00,2026-09-08T12:16:31.332645+00:00,950,legeendofcrypto
1189586,35963,"📊#VET/USDT — LONG

⚡️ Leverage : 20X – 35X

💹Entry...Entry After TP1

⚖️ Follow Proper Risk Management.",a06dd4fb911de4e272701259c6f646ab,2026-09-08T10:44:54+00:00,2026-09-08T12:16:31.285259+00:00,950,legeendofcrypto
1192532,35987,"SOL/USDT My Long Trade Idea 💡

Leverage 100X

Entr....500

Stop Loss   102.300

Follow Money Management",638f8c9df4fbb77ae5cfea3453f3e4f9,2026-09-08T12:57:14+00:00,2026-09-08T13:40:41.439622+00:00,950,legeendofcrypto
1192530,35981,"🚨 #USELESS/USDT | SHORT

⚡Leverage: Cross 50x

🎯En... follow the signal and secure profits at targets.💎",5f4e0ec37d0d23e910f3c8c815f010e7,2026-09-08T12:31:58+00:00,2026-09-08T13:40:41.430622+00:00,950,legeendofcrypto
1192529,35980,"🚀 #BICOUSDT LONG SIGNAL 🚀
📍 Entry: 0.02475


🎯 Tak... your risk, and let's catch this move together! 🪙🔥",5742031480c613350992b54c39358763,2026-09-08T12:26:36+00:00,2026-09-08T13:40:41.418381+00:00,950,legeendofcrypto
1192526,35979,BICO LONG 0.02475 tp1 0.02530,4378d9e942e2538b2cccb2bdc98e9f74,2026-09-08T12:26:36+00:00,2026-09-08T13:40:41.400025+00:00,950,legeendofcrypto
1192520,35978,"🟢#VVV/USDT

📈Signal: long Leverage: Cross 20X

⚡️E...even after TP1 is hit.

📣Trade Smart • Follow Risk",d755d163c291376c1251bfcc228ab4ae,2026-09-08T12:26:36+00:00,2026-09-08T13:40:41.260058+00:00,950,legeendofcrypto
1195370,36057,"#VET buy setup long 

Tp 0.0080$-0.0085$-0.01-0.012-0.016$ 

Stop lose 0.0072$ 

Use 5X",76b30c16b14ad2e4c0576a451ecf501d,2026-09-08T14:59:40+00:00,2026-09-08T15:09:15.882747+00:00,950,legeendofcrypto
1195364,36056,"#SCR/USDT BUY (LONG) 

⚡️Leverage : Cross 25x to 5...02330

⚠️Use only 3% - 5% amount of your portfolio",c420025546c6feb5c2df0d8d63b2d9bd,2026-09-08T14:59:40+00:00,2026-09-08T15:09:15.807142+00:00,950,legeendofcrypto
1195353,36054,"🟢#FLOCK/USDT

📈Signal: long Leverage: Cross 20X

⚡...even after TP1 is hit.

📣Trade Smart • Follow Risk",1fbba236c256dda308a9289583208a9c,2026-09-08T14:59:40+00:00,2026-09-08T15:09:15.652629+00:00,950,legeendofcrypto
1195369,36048,AKE LONG 0.01975 TP1 0.02017,797727eb58398722e107a0ffb4f5094f,2026-09-08T14:29:48+00:00,2026-09-08T15:09:15.874995+00:00,950,legeendofcrypto
1195342,36050,"🔴SHORT  #BTCUSDT

🔶 Entry : 78300 - 78400

➡️ Leve...ake Profit Targets :

👉 77300

🛑 Stop Loss : 79500",ea6f2ec4256ae0c6dfad5b1d7400de46,2026-09-08T14:29:48+00:00,2026-09-08T15:09:15.599041+00:00,950,legeendofcrypto
1195330,36049,"🚀 #AKEUSDT LONG SIGNAL 🚀
📍 Entry: 0.01975


🎯 Take... your risk, and let's catch this move together! 🪙🔥",812bbd2204d0d5e93628aa3d818d2689,2026-09-08T14:29:48+00:00,2026-09-08T15:09:15.298373+00:00,950,legeendofcrypto
1195334,36046,"EXCHANGE/BYBIT/BITUNIX/OKX📌 


DAY TRADE 🏆

LONG/H...agement 🏆


Use only 5% of your 📈Available balance",5667c32ed326163e05727fb94bd0ef05,2026-09-08T14:18:06+00:00,2026-09-08T15:09:15.499987+00:00,950,legeendofcrypto
1195325,36047,"#WLD $WLD LONG TRADE

ENTRY: 0.47

TARGET: 0.51

STOPLOSS: 0.4562",2f6f2c577ce4f26b9a441f54cc89f4f0,2026-09-08T14:18:06+00:00,2026-09-08T15:09:15.131406+00:00,950,legeendofcrypto
1195338,36045,"🚀 #MEGAUSDT LONG SIGNAL 🚀
📍 Entry: 0.04210


🎯 Tak... your risk, and let's catch this move together! 🪙🔥",d66235661dbcf31b41bfa2ffa936c4fc,2026-09-08T14:18:05+00:00,2026-09-08T15:09:15.543582+00:00,950,legeendofcrypto
1195363,36042,"✅ Long

Pair: #NEO/USDT

📊 Entry Price: 

1) 2.160....262
4) 2.307

Stop Loss: 2.023

Leverage: 10x-20x",0292e0c3540914601366ffe866ce8d6b,2026-09-08T13:56:45+00:00,2026-09-08T15:09:15.796650+00:00,950,legeendofcrypto
1195355,36043,"#SHORT 🔴 🔤🔤🔤🔤🔤

#DOGE/USDT 

Margin Mode : Isolate...32

🟩 SL : 0.09206 - 100%

📊 LEV : 20X

🇯🇵 Premium",42ade274659390e05ee7944da36c9edd,2026-09-08T13:56:45+00:00,2026-09-08T15:09:15.688759+00:00,950,legeendofcrypto
1195326,36041,"ETH/USD SELL 

Entry : $ 2456.53

Target1: $  2431
Target2: $  2392
Target3: $  2354


SL : $ 2494",b28d3f7e626e25f3b36adc528de1a78b,2026-09-08T13:56:45+00:00,2026-09-08T15:09:15.151654+00:00,950,legeendofcrypto
1198252,36101,"📊 Let’s SHORT #SOPH /USDT

💥 Leverage:  Cross 20× ....00630
2) 0.00600
3) 0.00530

🔖 Stop Loss: 0.00700",9c2a2fea5fe184b88c6aa68131697710,2026-09-08T16:35:54+00:00,2026-09-08T16:36:44.785850+00:00,950,legeendofcrypto
1198259,36099,"ETH/USD SELL 

Entry : $ 2491.36

Target1: $  2469
Target2: $  2442
Target3: $  2414


SL : $ 2520",1b481bf37c2bdd04a572129a1fc9d3d6,2026-09-08T16:31:58+00:00,2026-09-08T16:36:44.841516+00:00,950,legeendofcrypto
1198251,36100,"ADA/USD SELL 

Entry : $ 0.22657

Target1: $  0.22...2: $  0.21596
Target3: $  0.20810


SL : $ 0.23467",0db37ffc9d542660f4ca178643eaeb99,2026-09-08T16:31:58+00:00,2026-09-08T16:36:44.765053+00:00,950,legeendofcrypto
1198260,36098,"💰#SOPH/ USDT👑

💎Setup Type: Strong SHORT  🔖Opportu...➝ 0.005300

4️⃣TP ➝ 0.004000

🚫Stop Loss: 0.007500",5083a42f0448d225c61ab08b0c02f2d7,2026-09-08T16:31:57+00:00,2026-09-08T16:36:44.842850+00:00,950,legeendofcrypto
1198254,36097,"#SOL

After the nearest high is broken, a shift in...gets: 104.57 / 105.88 / 110.21
📉 Stop Loss: 100.11",cd2f58f8b940813a180c2aa1c0f879c0,2026-09-08T16:31:57+00:00,2026-09-08T16:36:44.798376+00:00,950,legeendofcrypto
1198253,36096,"🔴 Short

Pair: #ATOM/USDT

📊 Entry Price: 

1) 1.7....702
4) 1.664

Stop Loss: 1.900

Leverage: 10x-20x",f6e6cb0cbd004f5b1cb89b18d1843899,2026-09-08T16:23:05+00:00,2026-09-08T16:36:44.793401+00:00,950,legeendofcrypto
1198257,36095,"$INJ LONG🟢 (25x Lev)

Entry- 6.40$

Targets- 6.493$- 6.567$- 6.672$- 

Stop Loss- 6.175$",1e7bed57d5def32f86be56877a546a0c,2026-09-08T16:19:07+00:00,2026-09-08T16:36:44.819986+00:00,950,legeendofcrypto
1198249,36090,"🟢COIN: #USELESS  /USDT (LONG)

📊 Leverage 25x to 5...ENT IS KEY
Use only 1–2% of your capital per trade",84664e01b4fc499de60dffe4ce6a9597,2026-09-08T16:19:07+00:00,2026-09-08T16:36:44.749544+00:00,950,legeendofcrypto
1198245,36094,"🚨 #VVV/USDT | LONG

⚡Leverage: Cross 50x

🎯Entry T... follow the signal and secure profits at targets.💎",2cb9b3a7e7181016dd95ac0d9e278cfc,2026-09-08T16:19:07+00:00,2026-09-08T16:36:44.710414+00:00,950,legeendofcrypto
1198241,36093,"💰#EPIC/ USDT👑

💎Setup Type: Strong LONG  🔖Opportun...

🥉TP ➝ 0.5000

4️⃣TP ➝ 0.7500

🚫Stop Loss: 0.2700",feac76989618d1a3284df6ad8c5fc40e,2026-09-08T16:19:07+00:00,2026-09-08T16:36:44.631082+00:00,950,legeendofcrypto
1198237,36088,"💰#KAITO/ USDT👑

💎Setup Type: Strong LONG  🔖Opportu...

🥉TP ➝ 0.4000

4️⃣TP ➝ 0.5000

🚫Stop Loss: 0.2900",243684d7c15f8f20c16ef455c820063a,2026-09-08T16:19:07+00:00,2026-09-08T16:36:44.585659+00:00,950,legeendofcrypto
1198235,36092,"#USELESS /USDT BUY (LONG) 

⚡️Leverage : Cross 25x....2800

⚠️Use only 3% - 5% amount of your portfolio",630f4cdb7b90f547e8fd50a772ac8550,2026-09-08T16:19:07+00:00,2026-09-08T16:36:44.577447+00:00,950,legeendofcrypto
1198255,36086,"📊 Let’s LONG #USELESS /USDT

💥 Leverage:  Cross 20...1) 0.3070
2) 0.3180
3) 0.3400

🔖 Stop Loss: 0.2800",9bbbe4afae3c4780070a1de8d8074d3e,2026-09-08T16:19:06+00:00,2026-09-08T16:36:44.799373+00:00,950,legeendofcrypto
1198247,36080,LONG AERO 0.64367,9bf24c2e736597dd6f3c5c01a06436ee,2026-09-08T16:06:47+00:00,2026-09-08T16:36:44.730677+00:00,950,legeendofcrypto
1198240,36084,"🔴 SHORT

#ETC/USDT

Entry : 

1) 8.739
2) 9.001

T...) 8.134

🛑 Stop : 9.289

Leverage : 10x (isolated)",35c1df28b1aac9da882b547546e6f518,2026-09-08T16:06:47+00:00,2026-09-08T16:36:44.616919+00:00,950,legeendofcrypto
1198230,36081,"✅Entry 0.6417 -0.6320

(🆘LONG AEROUSDT 5-20x🆘)

🏹 ... 5  $0.6803
🏹Target 6  $0.6900

🚫Stop loss -0.6058",fd9b94cf96ff53ae8188432612acf6e3,2026-09-08T16:06:47+00:00,2026-09-08T16:36:44.523860+00:00,950,legeendofcrypto
1198227,36083,"🚀 #AKEUSDT LONG SIGNAL 🚀
📍 Entry: 0.01972


🎯 Take... your risk, and let's catch this move together! 🪙🔥",a62eaf78ee06fcb00aeed526d7c17a2b,2026-09-08T16:06:47+00:00,2026-09-08T16:36:44.519007+00:00,950,legeendofcrypto
1198246,36075,"📈 LONG #FORM/USDT

🚀 LEVERAGE : 50x

📊 ENTRY PRICE...

TP🟢0.330

TP🟢0.350

STOPLOSS 🔴0.290


REACTIONS?",7209223dce21df370272d47901a82a61,2026-09-08T15:45:17+00:00,2026-09-08T16:36:44.718079+00:00,950,legeendofcrypto
1198236,36074,"🚀 LONG: $FORM/USDT
LEVERAGE: 50x

✔️ENTRY PRICE: 0...3180-0.3310-0.3600

STOP LOSS:  0.2925

REACTIONS?",9bc702500e655ece5fa977f5e88b02eb,2026-09-08T15:45:17+00:00,2026-09-08T16:36:44.582402+00:00,950,legeendofcrypto
1198229,36073,"#SOPH USDT — SELL (SHORT) 
🎉
🟢 Leverage: Cross  50...Risk Management:
Use only 2%– 3%of your portfolio.",28cccd5326a409bae402cf01ff453cb7,2026-09-08T15:45:17+00:00,2026-09-08T16:36:44.525405+00:00,950,legeendofcrypto
1198248,36072,"🔴 SHORT

#ADA/USDT

Entry zone : 0.23545 - 0.22860....20676
0.19987

Stop loss :0.244602

Leverage: 10x",69cba36ed5bea87e83911f509b93a798,2026-09-08T15:36:51+00:00,2026-09-08T16:36:44.748441+00:00,950,legeendofcrypto
1198221,36060,"⭐️$SOPH/USDT  SHORT

🛡Leverage : Cross 25x50

‼️En...009351

Use only 3% - 5% amount of your portfolio🛍",1cc2d02676261e1e75e6d144590fcac0,2026-09-08T15:36:37+00:00,2026-09-08T16:36:44.233073+00:00,950,legeendofcrypto
1201754,36105,"🚨 #SOPH/USDT | SHORT

⚡Leverage: Cross 50x

🎯Entry... follow the signal and secure profits at targets.💎",e9d27d82d3661a9e920fc356245f0e6c,2026-09-08T17:01:42+00:00,2026-09-08T18:05:52.644297+00:00,950,legeendofcrypto
1201753,36104,"📊 Let’s LONG #USELESS/USDT

💥 Leverage:  Cross 20×...s: 

1) 0.302
2) 0.313
3) 0.330

🔖 Stop Loss: 0.27",1941e0c8f37976d3b9f36150d8a8a90f,2026-09-08T17:01:42+00:00,2026-09-08T18:05:52.508666+00:00,950,legeendofcrypto
1201752,36103,"🟢COIN: #USELESS  /USDT (LONG)

📊 Leverage 25x to 5...ENT IS KEY
Use only 1–2% of your capital per trade",e01db7d0f839292228d2c523f619fac0,2026-09-08T17:01:42+00:00,2026-09-08T18:05:52.499258+00:00,950,legeendofcrypto
1204842,36118,"$ETCUSDT

LONG

RR : 2

LEVERAGE : 25x

ENTRY : 8.750

TAKE PROFITS 👇

1️⃣ 9.136

STOPLOSS : 8.561",2896f23036f09b3d12b0e8e67f27bca2,2026-09-08T19:23:12+00:00,2026-09-08T20:40:43.410267+00:00,950,legeendofcrypto
1204841,36117,"🔰 PAIR: XRP/ USDT 💹

🟢Position: LONG🚀

☑️ Entry Zo...:
🥇 1.4351
🥈 1.4472
🥉 1.4727

❌ Stop Loss: 🔴1.4007",bdf981fbd2fec28f5c734b78aae76864,2026-09-08T19:23:12+00:00,2026-09-08T20:40:43.399099+00:00,950,legeendofcrypto
1204839,36116,"Pair: #BNB/USDT

Long • (10X-50X)

Entry
753.00

T...t your own risk. Always use proper risk management",c3f425b09496e47a8131878e80fbc91d,2026-09-08T19:23:12+00:00,2026-09-08T20:40:43.374135+00:00,950,legeendofcrypto
1204838,36120,"⚡️⚡️#EPIC/USDT⚡️⚡️

Signal Type : Long
Leverage : ...
1) 0.3913
2) 0.4063
3) 0.4211

Stop Loss : 0.3701",203cb4bac81f2f239cdbe26d4aeaa1fb,2026-09-08T19:23:12+00:00,2026-09-08T20:40:43.371006+00:00,950,legeendofcrypto
1204837,36119,"💫 Pair: ZEC/USDT  💫

🔼 Direction: Long 🔼

✅ Levera...ke Profit: 1250.00 📈

⚠️ Stop Loss: 1145.00 ⚠️

📈📈",fd2ec6eab605580fc0923f6be72b4256,2026-09-08T19:23:12+00:00,2026-09-08T20:40:43.366542+00:00,950,legeendofcrypto
1214098,36302,"📍Coin : #DOT/USDT

🔴 SHORT 

👉 Entry: 1.1820 - 1.2...t 5: 1.1250
🎯 Target 6: 1.1105

❌ StopLoss: 1.2490",68ea2c8db9456b6b5029730f6507c475,2026-09-09T07:02:41+00:00,2026-09-09T07:09:48.638203+00:00,950,legeendofcrypto
1214095,36298,"🚀 #LITUSDT LONG SIGNAL 🚀

📌 ENTRY ➜ 5.2100

🎯 TAKE...ch this move together!

💱 Trade Smart • Trade Safe",e8fadb0042b3fadbd1862b4755eb319d,2026-09-09T06:35:32+00:00,2026-09-09T07:09:48.613975+00:00,950,legeendofcrypto
1214093,36297,LIT LONG 5.2155 TP1 5.3245,f39dc0bbdb647c929b242c968a468493,2026-09-09T06:35:31+00:00,2026-09-09T07:09:48.583469+00:00,950,legeendofcrypto
1214092,36295,"📊 #USELESS/USDT

🟢 POSITION: LONG

💰 ENTRY RANGE
➤...
➤ 0.240

━━━━━━━━━━━━━━━━━━

✅ Manage risk wisely",b09f51c77e9d1a802edbc160058961d5,2026-09-09T06:27:59+00:00,2026-09-09T07:09:37.852465+00:00,950,legeendofcrypto
1214091,36290,"🚀 #OVER99WINS | TRADE SETUP 🚀

⭐ LIT /USDT — LONG
...o

📌 Follow the setup and manage your risk wisely.",366c4026d43441f6a6130c8a6f634d86,2026-09-09T06:27:53+00:00,2026-09-09T07:09:37.702817+00:00,950,legeendofcrypto
1214086,36289,"📊 Let’s LONG #LIT/USDT

💥 Leverage:  Cross 20×  - ...1) 5.3785
2) 5.5650
3) 5.7520

🔖 Stop Loss: 4.9045",34061fdd1ee8995b05c7b17fec7c22f7,2026-09-09T06:27:53+00:00,2026-09-09T07:09:37.634338+00:00,950,legeendofcrypto
1214085,36285,"$KAT/USDT now at current market price (Spot + Futu...$0.0062
2. $0.0065
3. $0.0067

Stop loss : $0.0054",f1f29d80264ecb8fde309af2b8b00070,2026-09-09T06:27:47+00:00,2026-09-09T07:09:37.601128+00:00,950,legeendofcrypto
1214082,36287,"🟢CATI/USDT 📈

📈 long Setup 

💰 Entry Zone: 0.0634–...et 1. 
✅ Move SL to breakeven after Target 1 hits.",1a7b08794f0da467a5add8eb42f6f449,2026-09-09T06:27:47+00:00,2026-09-09T07:09:37.516478+00:00,950,legeendofcrypto
1214079,36286,"🪙 Coin: #FF/USDT
🧭 Type: #LONG

📈 Entry Zone:
0.15... within the zone and maintain strict risk control.",a70f433ee612e963f79b78338c2f2b9d,2026-09-09T06:27:47+00:00,2026-09-09T07:09:37.458463+00:00,950,legeendofcrypto
1214084,36283,"🔰 VVV/USDT 🔰

🟢 LONG 20X

🔳 ENTRY :- 26.80

☑️ TARGET:- 27.50 - 28.70- 31.00

🔴 STOP :- 23.70",3974e3bf3f56c5e7e0bf7e66da08d95f,2026-09-09T06:27:39+00:00,2026-09-09T07:09:37.570209+00:00,950,legeendofcrypto
1214083,36281,"$KAT/USDT #LONG📩

✅ENTRY :-0.0060/0.005750

Target...𝐎𝐧𝐥𝐲 𝟏-𝟑% 𝐎𝐟 𝐎𝐮𝐫 𝐃𝐞𝐩𝐨𝐬𝐢𝐭 𝐅𝐨𝐫 𝐄𝐚𝐜𝐡 𝐓𝐫𝐚𝐝𝐞

React,??m",4aa3fe41d1eb57e773bf99b2ecae8d34,2026-09-09T06:27:39+00:00,2026-09-09T07:09:37.519871+00:00,950,legeendofcrypto
1214078,36282,"🟢 Long

#THETA/USDT

Entry : 

1) 0.1773
2) 0.1719...0.1894

🛑 Stop : 0.1661

Leverage : 10x (isolated)",0f18baed1f117db213d624ad54956818,2026-09-09T06:27:39+00:00,2026-09-09T07:09:37.433288+00:00,950,legeendofcrypto
1214073,36279,"Coin #SKR/USDT

Position: LONG 

Leverage:  Cross ...rgets: 🎯 0.0251, 0.0286, 0.0319

Stop Loss: 0.0202",3f964ee6c0050eb4112449bc0bd5948f,2026-09-09T06:27:39+00:00,2026-09-09T07:09:37.224324+00:00,950,legeendofcrypto
1214077,36276,"🚀 $LIT/USDT PERP 🚀

🟢 LONG

💰 Entry : 5.03$ – 4.80...: 5X – 25X

⛔️ SL : 4.35$

📌 Use Only 2-5% Capital",b805282f609bbde6a63b79aff9a22479,2026-09-09T06:27:32+00:00,2026-09-09T07:09:37.395308+00:00,950,legeendofcrypto
1214075,36275,"✅ Long

Pair: #ZIL/USDT

📊 Entry Price: 

1) 0.002...0.0030599

Stop Loss: 0.0026835

Leverage: 10x-20x",babec39b2ae80cc19f47d31fbaed4706,2026-09-09T06:27:32+00:00,2026-09-09T07:09:37.255862+00:00,950,legeendofcrypto
1214069,36274,"⌛#SUI/USDT  ( SHORT )

🍁 Leverage 👉 20X to 25X 

⛩...34 | 0.7763 | 0.7654 | 0.7564

🔕 Stoploss = 0.8299",06705001f3f8e9c2a1ce68051b303c7a,2026-09-09T06:27:32+00:00,2026-09-09T07:09:36.870759+00:00,950,legeendofcrypto
1214071,36267,"#MARSCOIN/USDT LONG     

👉Leverage : Cross 10× To...

1)  0.135
2)  0.139
3)  0.145

⭕Stoploss : 0.126",6d0f1b1457dd95d233405b6234a2c734,2026-09-09T06:27:27+00:00,2026-09-09T07:09:36.949542+00:00,950,legeendofcrypto
1214070,36273,"⚡️$VVV/USDT⚡️

LONG
Leverage: 20X

Entry: 26.80

Target:

1)27.50
2)28.70
3)31.00

Stoploss: 23.70",039358edd671a7812132a8385a42b639,2026-09-09T06:27:27+00:00,2026-09-09T07:09:36.908761+00:00,950,legeendofcrypto
1214067,36272,"🐳 BTR/USDT #LONG🐳

✳️ ENTRY :- 0.05170 - 0.05000

...: 0.060

⛔️ STOP-LOSS :- 0.047

☝️ Margin Use 2–3%",571727bfc82d18a1b2156be39df58c6f,2026-09-09T06:27:27+00:00,2026-09-09T07:09:36.837080+00:00,950,legeendofcrypto
1214065,36264,"✅ Long

#IOST/USDT

Entry zone : 0.00080694 - 0.00...
0.00093534

Stop loss :0.000773667

Leverage: 10x",551734e3dee410edcc40dd6b286039c0,2026-09-09T06:27:17+00:00,2026-09-09T07:09:36.481201+00:00,950,legeendofcrypto
1214062,36258,"#MAGMAUSDT — BUY (LONG) 
🎉
🟢 Leverage: Cross  25x7...Risk Management:
Use only 2%– 3%of your portfolio.",07471ae1821452304aecdfa676f3be7d,2026-09-09T06:27:17+00:00,2026-09-09T07:09:36.325113+00:00,950,legeendofcrypto
1214061,36263,"🔴 SHORT

#ZRX/USDT

Entry zone : 0.1084 - 0.1053

...
0.0952
0.0920

Stop loss :0.112671

Leverage: 10x",8f846f042f1d77e76cfab4d2ba99439c,2026-09-09T06:27:17+00:00,2026-09-09T07:09:36.295579+00:00,950,legeendofcrypto
1214058,36257,"#GPSUSDT — BUY (LONG) 
🎉
🟢 Leverage: Cross  20x50
...Risk Management:
Use only 2%– 3%of your portfolio.",3ae70757d0c416bd80c692c737e9936e,2026-09-09T06:27:17+00:00,2026-09-09T07:09:36.119659+00:00,950,legeendofcrypto
1214059,36256,"🟢#IOST/USDT

📈Signal: long Leverage: Cross 20X

⚡️...even after TP1 is hit.

📣Trade Smart • Follow Risk",610eddc347ff650ace42276185e0965c,2026-09-09T06:27:04+00:00,2026-09-09T07:09:36.144698+00:00,950,legeendofcrypto
1214055,36247,"📊 Let’s SHORT #BEAT/USDT

💥 Leverage:  Cross 20×  ...1) 0.1230
2) 0.1190
3) 0.1135

🔖 Stop Loss: 0.1310",af1ac6ea4baa1d02c39ce5693594572e,2026-09-09T06:26:53+00:00,2026-09-09T07:09:36.112932+00:00,950,legeendofcrypto
1214056,36248,"📊 Let’s LONG #HYPE/USDT

💥 Leverage:  Cross 20×  -...: 

1) 86.80
2) 87.66
3) 88.70

🔖 Stop Loss: 83.70",b2b015bce27228413aa1d4887b5a85f6,2026-09-09T06:26:53+00:00,2026-09-09T07:09:36.112120+00:00,950,legeendofcrypto
1214053,36249,"📊 Let’s SHORT #FF/USDT

💥 Leverage:  Cross 20×  - ...: 

1) 0.140
2) 0.132
3) 0.125

🔖 Stop Loss: 0.155",8ea8a208a9720f01e6893eeff8f143ee,2026-09-09T06:26:53+00:00,2026-09-09T07:09:36.087933+00:00,950,legeendofcrypto
1217684,36315,"🔴 SHORT

#ATOM/USDT

Entry : 

1) 1.931
2) 1.988

...) 1.797

🛑 Stop : 2.052

Leverage : 10x (isolated)",bc12681428224d3a8884bbf618ad4431,2026-09-09T08:41:19+00:00,2026-09-09T08:41:25.864861+00:00,950,legeendofcrypto
1217683,36314,"⚡️$USELESS/USDT⚡️

LONG
Leverage: 25X

Entry: 0.31...
Target:

1)0.325
2)0.365
3)0.425

Stoploss: 0.240",731f4c96babf44e2da7fe8a1d8b11db0,2026-09-09T08:41:19+00:00,2026-09-09T08:41:25.862011+00:00,950,legeendofcrypto
1217676,36311,"⚡ #XRP/USDT

📤 Long 

💹 Buy: 1.4409 - 1.4000

🧿 Ta...149 - 1.5300

🧨 StopLoss: 1.3640 

🔘 Leverage: 20x",57163b79ae0d731c87d22cacb6519b78,2026-09-09T08:15:59+00:00,2026-09-09T08:41:15.321265+00:00,950,legeendofcrypto
1217675,36312,"📈 LONG #IOST/USDT

🚀 LEVERAGE : 50x

📊 ENTRY PRICE...🟢0.00128

TP🟢0.00135

STOPLOSS 🔴0.0013

REACTIONS?",a71ea14c8d486fe688d4810af0cf5eb2,2026-09-09T08:15:59+00:00,2026-09-09T08:41:15.317687+00:00,950,legeendofcrypto
1217673,36310,"🚀 #OVER99WINS | TRADE SETUP 🚀

⭐ BR /USDT — LONG

...o

📌 Follow the setup and manage your risk wisely.",544fda77ccdc85e1aa796ec87a38f743,2026-09-09T08:03:46+00:00,2026-09-09T08:41:15.293665+00:00,950,legeendofcrypto
1217672,36307,"💰#BR/ USDT👑

💎Setup Type: Strong LONG  🔖Opportunit...TP ➝ 0.35000

4️⃣TP ➝ 0.45000

🚫Stop Loss: 0.27000",514e9bcf1e7839c10ab5748c7abf5d07,2026-09-09T08:03:46+00:00,2026-09-09T08:41:15.269579+00:00,950,legeendofcrypto
1217670,36308,"🔰 PAIR: AVAX/ USDT 💹

🟢Position: LONG🚀

☑️ Entry Z...gets:
🥇 8.043
🥈 8.066
🥉 8.127

❌ Stop Loss: 🔴7.960",6ba50fe29f6edaa05cc05fd990e5e948,2026-09-09T08:03:46+00:00,2026-09-09T08:41:15.268760+00:00,950,legeendofcrypto
1220007,36323,"⭐️$SKR/USDT  LONG

🛡Leverage : Cross 25x50

‼️Entr...020890

Use only 3% - 5% amount of your portfolio🛍",edd886f37f3ed4e5973627300a943e36,2026-09-09T09:10:54+00:00,2026-09-09T10:10:19.505160+00:00,950,legeendofcrypto
1220006,36321,"$SOLUSDT

LONG

RR : 2

LEVERAGE : 35x

ENTRY : 10....38

TAKE PROFITS 👇

1️⃣ 107.44

STOPLOSS : 102.87",d615d0d911101ab207110b2aad0944a9,2026-09-09T09:10:54+00:00,2026-09-09T10:10:19.504353+00:00,950,legeendofcrypto
1220005,36320,"SHORT🚨

NCLD/USDT

MARKET PRICE

Leverage: 10X/25X... 5% of Your capital

Apply proper risk management📈",bba45537a39f414c31a25092079eab23,2026-09-09T09:10:54+00:00,2026-09-09T10:10:19.491942+00:00,950,legeendofcrypto
1220001,36317,"📈 LONG #ATOM/USDT

🚀 LEVERAGE : 75x

📊 ENTRY PRICE...1.99

TP🟢2.05

TP🟢2.15

STOPLOSS 🔴1.84

REACTIONS?",a6e1fc32d1e25050e08063767f842adb,2026-09-09T09:00:32+00:00,2026-09-09T10:10:19.437921+00:00,950,legeendofcrypto
1221801,36361,"⭐️$RAY/USDT  LONG

🛡Leverage : Cross 50x75

‼️Entr...1.1386

Use only 3% - 5% amount of your portfolio🛍",9d65fc079f486c3f97a29b91070a6865,2026-09-09T11:45:29+00:00,2026-09-09T11:59:48.383403+00:00,950,legeendofcrypto
1221798,36360,"Use only 2% Funds

#XRP/USDT (SHORT)

Entry 1 = 1....Profit
T.P 3 = 1000% Profit 

🔴Stop loss at 1.4950",72d3b530691c46dedf8bef3cf6d4dcae,2026-09-09T11:45:29+00:00,2026-09-09T11:59:48.238189+00:00,950,legeendofcrypto
1221805,36355,"✨ATOM/USDT

🎗 Trade Type = SHORT 🔴

⭐️ Leverage :-...fit = [ 1.918, 1.896, 1.876, 1.855, 1.836, 1.813 ]",2cc626ded2107daa367cf41923260742,2026-09-09T11:20:17+00:00,2026-09-09T11:59:48.469918+00:00,950,legeendofcrypto
1221799,36354,"📈 LONG #KAT/USDT

🚀 LEVERAGE : 50x

📊 ENTRY PRICE ...P🟢0.0059

TP🟢0.0062

STOPLOSS 🔴0.0053


REACTIONS?",a930e04ab0e969acd3a8be7b4d496979,2026-09-09T11:16:00+00:00,2026-09-09T11:59:48.247718+00:00,950,legeendofcrypto
1221811,36351,"⭐️$ATOM/USDT  SHORT

🛡Leverage : Cross 25x50

‼️En... 2.218

Use only 3% - 5% amount of your portfolio🛍",bfcf8bc753be1c8206103240bedfbde3,2026-09-09T11:15:59+00:00,2026-09-09T11:59:48.613761+00:00,950,legeendofcrypto
1221800,36353,"🔘 Coin : #PUMP/USDT 🔘

🔴 SHORT

🔺Entry🔻: 0.004396
... 0.004131

♦️ StopLoss : 0.004551

🔱 Leverage: 25x",a7e9a214efb58c9d4236f6da8546a348,2026-09-09T11:15:59+00:00,2026-09-09T11:59:48.260101+00:00,950,legeendofcrypto
1221794,36352,"🚨 $VVV/USDT | LONG

⚡Leverage: Cross 25x

🎯Entry T... follow the signal and secure profits at targets.💎",c0a8a6e643d79e11b42aeb8bd5536b88,2026-09-09T11:15:59+00:00,2026-09-09T11:59:47.963582+00:00,950,legeendofcrypto
1221812,36350,"🚀 #OVER99WINS | TRADE SETUP 🚀

⭐ BR /USDT — LONG

...o

📌 Follow the setup and manage your risk wisely.",97125e85c8218a01e7b493857889b8fc,2026-09-09T11:00:52+00:00,2026-09-09T11:59:48.652203+00:00,950,legeendofcrypto
1221803,36341,"📊 Let’s LONG #USELESS/USDT

💥 Leverage:  Cross 20×...1) 0.3300
2) 0.3500
3) 0.3900

🔖 Stop Loss: 0.3000",ef70bbaf57b72b7d7a91e5882347c8f7,2026-09-09T10:44:56+00:00,2026-09-09T11:59:48.403071+00:00,950,legeendofcrypto
1221809,36340,"#BR USDT — BUY (LONG) 
🎉
🟢 Leverage: Cross  25x75
...Risk Management:
Use only 2%– 3%of your portfolio.",91a8259b90bcf9144d0d68bad81b569b,2026-09-09T10:36:10+00:00,2026-09-09T11:59:48.609470+00:00,950,legeendofcrypto
1221802,36339,"🚀 #HUMAUSDT LONG SIGNAL 🚀

📌 ENTRY ➜ 0.02319

🎯 TA...ch this move together!

🪙 Trade Smart • Trade Safe",5c139097cf484566bb73b9c2125c3677,2026-09-09T10:36:10+00:00,2026-09-09T11:59:48.398604+00:00,950,legeendofcrypto
1221806,36334,"🔴 Short

Pair: #QTUM/USDT

📊 Entry Price: 

1) 0.9...) 0.854116

Stop Loss: 0.975408

Leverage: 10x-20x",32372949526e3fd348f0b126a275a988,2026-09-09T10:28:24+00:00,2026-09-09T11:59:48.507737+00:00,950,legeendofcrypto
1221792,36336,"🚨 #BR/USDT | LONG

⚡Leverage: Cross 25x

🎯Entry Ta... follow the signal and secure profits at targets.💎",6e55575fb412fecf25b06cb5f80b1c20,2026-09-09T10:28:24+00:00,2026-09-09T11:59:47.812518+00:00,950,legeendofcrypto
1221797,36333,"✅ Long

#VET/USDT

Entry zone : 0.007526 - 0.00775...492
0.008723

Stop loss :0.00721587

Leverage: 10x",d4a2197e2d6de47507c1abddf32f5b93,2026-09-09T10:17:23+00:00,2026-09-09T11:59:48.110116+00:00,950,legeendofcrypto
1221791,36329,"⭐️$ATOM/USDT  LONG

🛡Leverage : Cross 25x50

‼️Ent... 1.700

Use only 3% - 5% amount of your portfolio🛍",c20d3376c5c0c78921561871ebb559d4,2026-09-09T10:17:23+00:00,2026-09-09T11:59:47.461643+00:00,950,legeendofcrypto
1221790,36330,"#IOST/USDT LONG     

👉Leverage : Cross 10× To 30×...0128
2)  0.00132
3)  0.00140

⭕Stoploss : 0.001155",855579181fe84cb88a4921f81ad62b45,2026-09-09T10:17:23+00:00,2026-09-09T11:59:47.450590+00:00,950,legeendofcrypto
1221789,36326,"🚀 LONG: $IOST/USDT
LEVERAGE: 50x

✔️ENTRY PRICE: 0...001380-0.001500

STOP LOSS:  0.001200


REACTIONS?",451a5f60806dbe562580eac1d0e8165f,2026-09-09T10:17:23+00:00,2026-09-09T11:59:47.372046+00:00,950,legeendofcrypto
1221787,36328,"#IOST /USDT BUY (LONG) 

⚡️Leverage : Cross 25x to...01145

⚠️Use only 3% - 5% amount of your portfolio",9ee3f337b818d8747ff63f3e057cc051,2026-09-09T10:17:23+00:00,2026-09-09T11:59:47.367740+00:00,950,legeendofcrypto
1223491,36370,"💫 Pair: CASHCAT/USDT  💫

🔼 Direction: Long 🔼

✅ Le...Take Profit: 0.2130 📈

⚠️ Stop Loss: 0.1770 ⚠️

📈📈",f9b7055574929d6836c29c4e9593b54a,2026-09-09T13:04:42+00:00,2026-09-09T13:30:35.903706+00:00,950,legeendofcrypto
1223485,36365,"IOST/ USDT/ SHORT
Entry at market price 

Cross ||...only 1% of your wallet. 
Manage your risk properly",2950d4c8e76e9017483a46a7536db003,2026-09-09T12:15:47+00:00,2026-09-09T13:30:35.763202+00:00,950,legeendofcrypto
1223489,36364,"Pair: #ATOM/USDT

Short • (25X)

Entry
1.935

Targ...t your own risk. Always use proper risk management",74479c5cfca9b6a4782bb33618913a21,2026-09-09T12:03:05+00:00,2026-09-09T13:30:35.894970+00:00,950,legeendofcrypto
1225991,36386,"✅ Long

Pair: #ZIL/USDT

📊 Entry Price: 

1) 0.002...0.0030567

Stop Loss: 0.0026807

Leverage: 10x-20x",b9dd0b6012ffeb51b14967c1abf36c1b,2026-09-09T13:55:57+00:00,2026-09-09T14:55:53.366597+00:00,950,legeendofcrypto
1225990,36383,"🟢 Long

#BNB/USDT

Entry : 

1) 747.740
2) 725.307...8.896

🛑 Stop : 700.632

Leverage : 10x (isolated)",8f4f60557234aa134096c3924ef9d9fc,2026-09-09T13:52:24+00:00,2026-09-09T14:55:53.370000+00:00,950,legeendofcrypto
1225989,36381,"BTC/USD SELL 

Entry : $ 79494

Target1: $  79129
Target2: $ 78365
Target3: $ 77684

SL : $ 80148",2b8480b529d118db18c82e22abb5cb2e,2026-09-09T13:52:24+00:00,2026-09-09T14:55:53.357741+00:00,950,legeendofcrypto
1225988,36385,"#WLD $WLD LONG TRADE

ENTRY: 0.4495

TARGET: 0.491

STOPLOSS: 0.4345",b7922643a647b7741b4dd777df046972,2026-09-09T13:52:24+00:00,2026-09-09T14:55:53.356902+00:00,950,legeendofcrypto
1225987,36384,"BTC/USDT Short  | 

Entry  :  79210 

TP   :  78800 / 78500 / 78000

SL  :  79600 | Risk 3% to 5%",ae4396ca2c6dd5a45a50588e1fec8ba6,2026-09-09T13:52:24+00:00,2026-09-09T14:55:53.353999+00:00,950,legeendofcrypto
1225984,36379,"🔘 Coin : #MAGMA/USDT 🔘

🟢 LONG

🔺Entry🔻: 0.26974

... - 0.29141

♦️ StopLoss : 0.25961

🔱 Leverage: 25x",1488460f0e05c51a492f680600c19b81,2026-09-09T13:52:24+00:00,2026-09-09T14:55:53.256128+00:00,950,legeendofcrypto
1225983,36380,"#SHORT 🔴 🔤🔤🔤🔤🔤

#HYPE/USDT 

Margin Mode : Isolate...8.61

🟩 SL : 89.70 - 100%

📊 LEV : 30X

🇯🇵 Premium",4be795ddfd5e517fa0a0d9fccc2ca190,2026-09-09T13:52:24+00:00,2026-09-09T14:55:53.247043+00:00,950,legeendofcrypto
1229471,36418,"🔴 SHORT

#IOST/USDT

Entry zone : 0.00167879 - 0.0...
0.00142510

Stop loss :0.001743993

Leverage: 10x",b7029e5f427d893bd27974a3b0b01b75,2026-09-09T16:00:31+00:00,2026-09-09T17:15:37.507912+00:00,950,legeendofcrypto
1229452,36414,"🚨 #USELESS/USDT | SHORT

⚡Leverage: Cross 50x

🎯En... follow the signal and secure profits at targets.💎",3493af7c0111e7ea94cb8e9e6a28f39b,2026-09-09T16:00:31+00:00,2026-09-09T17:15:37.300536+00:00,950,legeendofcrypto
1229446,36417,"➡️ #IOST     /USDT (SHORT) 🔽🔽

⌛LEVERAGE : 20X TO ...8


💥Use only 1%margin of your total portfolio❤️😘😇",738c3e7181515ff972b5128ef30dbd05,2026-09-09T16:00:31+00:00,2026-09-09T17:15:37.259962+00:00,950,legeendofcrypto
1229439,36416,"💰#IOST/ USDT👑

💎Setup Type: Strong LONG  🔖Opportun....0018000

4️⃣TP ➝ 0.0025000

🚫Stop Loss: 0.0012800",c86f3f4ce739ef10b4e302f031f5880a,2026-09-09T16:00:31+00:00,2026-09-09T17:15:37.110947+00:00,950,legeendofcrypto
1229476,36413,"USELESS/USDT

SHORT SHORT SHORT 

OPEN MARKET PRIC....29600
TP 0.29200
TP 0.29050

SL  0.33900

LEV 10X",1755d428017a9660e0b4b8e20a7c1677,2026-09-09T16:00:30+00:00,2026-09-09T17:15:37.520889+00:00,950,legeendofcrypto
1229450,36397,"🚀 #COTIUSDT LONG SIGNAL 🚀

📌 ENTRY ➜ 0.01942

🎯 TA...ch this move together!

🪙 Trade Smart • Trade Safe",bdba71f72557d5e735767260455cef24,2026-09-09T14:59:56+00:00,2026-09-09T17:15:37.283552+00:00,950,legeendofcrypto
1229444,36396,COTI LONG 0.01942 TP1 0.01982,a08dc054d64a629c31f3729c60c9470e,2026-09-09T14:59:56+00:00,2026-09-09T17:15:37.256916+00:00,950,legeendofcrypto
1229442,36391,"🚀 #OVER99WINS | TRADE SETUP 🚀

⭐ CROSS /USDT — LON...o

📌 Follow the setup and manage your risk wisely.",d683f9906f86ccd50ec7239dc11d7cc9,2026-09-09T14:59:56+00:00,2026-09-09T17:15:37.243125+00:00,950,legeendofcrypto
1229437,36399,"🔰 PAIR: OP/ USDT 💹

🔴Position: SHORT🚀

☑️ Entry Zo...:
🥇 0.1034
🥈 0.1025
🥉 0.1015

❌ Stop Loss: 🔴0.1058",be321197a9d6e927b86244707251071a,2026-09-09T14:59:56+00:00,2026-09-09T17:15:36.911942+00:00,950,legeendofcrypto
1229434,36393,"🚨 #CROSS/USDT — POWER LONG 

🎩 ENTRY ZONE: 0.1230
...re profits step by step
🗡 NO FEAR — JUST PROFITS 🪙",b6d17240e6a5f73aadd563932ead9128,2026-09-09T14:59:56+00:00,2026-09-09T17:15:36.834680+00:00,950,legeendofcrypto
1229433,36398,"#BTC - LONG 100X

Entry  78991

Targets 100% -200%-300% +++

SL= Will Update

Using 1% wallet",00db68dc347ea1d07c00f09346c40956,2026-09-09T14:59:56+00:00,2026-09-09T17:15:36.786785+00:00,950,legeendofcrypto
1229430,36395,"🚀 #USELESSUSDT SHORT SIGNAL 🚀

📌 ENTRY ➜ 0.3072

🎯...ch this move together!

🪙 Trade Smart • Trade Safe",a0e4953da606c9843ac9a81316cbe5b3,2026-09-09T14:59:56+00:00,2026-09-09T17:15:36.706059+00:00,950,legeendofcrypto
1229429,36388,"ETH/ USDT/ SHORT
Entry at market price 

Cross || ...only 1% of your wallet. 
Manage your risk properly",325d4fca2572b55e4ab1aeb1fd862c65,2026-09-09T14:59:44+00:00,2026-09-09T17:15:36.324133+00:00,950,legeendofcrypto
1239469,36663,"$BTC LONG🟢 (25x Lev)

Entry -  $78400

Targets

1)79000$
2)79600$

SL: 77800$",50427b5b2a70c43e1af3b512ca1a252c,2026-09-10T07:21:25+00:00,2026-09-13T19:41:23.669959+00:00,950,legeendofcrypto
1239465,36660,"📊#ANIME/USDT — LONG

⚡️ Leverage : 10X – 20X

💹Ent...Entry After TP1

⚖️ Follow Proper Risk Management.",8221e02bba22ca8e6366c5da28a6456f,2026-09-10T07:21:25+00:00,2026-09-13T19:41:23.658399+00:00,950,legeendofcrypto
1239464,36658,"🔰 ANIME/USDT 🔰

🟢 LONG 20X

🔳 ENTRY :- 0.0033

☑️ TARGET:- 0.0033 - 0.0036- 0.0039

🔴 STOP :- 0.0029",1e00050c3e32c49d6bea7e6ae6f60a4f,2026-09-10T07:06:42+00:00,2026-09-13T19:41:23.656162+00:00,950,legeendofcrypto
1239463,36647,"⭐ VTHO /USDT — LONG

💵 ENTRY: 0.06500-0.06300

⚙️ ...o

📌 Follow the setup and manage your risk wisely.",3b894f7e7b284397854c49cb41541603,2026-09-10T06:55:09+00:00,2026-09-13T19:41:23.654722+00:00,950,legeendofcrypto
1239457,36646,"Coin #VTHO/USDT

Position: LONG 

Leverage:  Cross... 0.000670, 0.000690, 0.000710

Stop Loss: 0.000610",ede54485ceb645c9fd8a50f583cae089,2026-09-10T06:55:09+00:00,2026-09-13T19:41:23.635830+00:00,950,legeendofcrypto
1239434,36648,"#USELESS/USDT SHORT     

👉Leverage : Cross 10× To...

1)  0.223
2)  0.210
3)  0.195

⭕Stoploss : 0.251",d572cc033e857c2dc65ddbada5c3f722,2026-09-10T06:55:09+00:00,2026-09-13T19:41:23.539056+00:00,950,legeendofcrypto
1239453,36634,"✅ Long

Pair: #BAT/USDT

📊 Entry Price: 

1) 0.073...) 0.078624

Stop Loss: 0.068953

Leverage: 10x-20x",4f53a1a48981a0037a40b3d38c63c290,2026-09-10T06:54:52+00:00,2026-09-13T19:41:23.625756+00:00,950,legeendofcrypto
1239432,36637,"🐳 NEAR/USDT #LONG🐳

✳️ ENTRY :- 2.52 - 2.46

💢 LEV...3 : 2.85

⛔️ STOP-LOSS :- 2.41

☝️ Margin Use 2–3%",21b39c19106af3294151d27033d62923,2026-09-10T06:54:52+00:00,2026-09-13T19:41:23.529392+00:00,950,legeendofcrypto
1239429,36635,"🔰 SAHARA/USDT 🔰

🟢 LONG 20X

🔳 ENTRY :- 0.0110

☑️...TARGET:- 0.0115 - 0.0122- 0.0130

🔴 STOP :- 0.0097",4d1837722ff2b94f43877436f7665e6b,2026-09-10T06:54:52+00:00,2026-09-13T19:41:23.518314+00:00,950,legeendofcrypto
1239426,36638,"$BR/USDT #LONG📩

✅ENTRY :-0.3050/0.2950

Target 1:...𝐎𝐧𝐥𝐲 𝟏-𝟑% 𝐎𝐟 𝐎𝐮𝐫 𝐃𝐞𝐩𝐨𝐬𝐢𝐭 𝐅𝐨𝐫 𝐄𝐚𝐜𝐡 𝐓𝐫𝐚𝐝𝐞

React,??m",dcf3a0b2b9f18fd10e3f3638bb71f3fa,2026-09-10T06:54:52+00:00,2026-09-13T19:41:23.513755+00:00,950,legeendofcrypto
1239420,36636,"🔴 SHORT

#KAVA/USDT

Entry : 

1) 0.062340
2) 0.06...8027

🛑 Stop : 0.066267

Leverage : 10x (isolated)",1cbfc9ec6cba0238fb8a4e00adcbbe54,2026-09-10T06:54:52+00:00,2026-09-13T19:41:23.476215+00:00,950,legeendofcrypto
1239462,36631,"⚡ #ANIME/USDT

📤 Long 

💹 Buy: 0.003129 - 0.003048...- 0.003320

🧨 StopLoss: 0.002910 

🔘 Leverage: 20x",c9fc27daa41e0196d2ffed880a4dea15,2026-09-10T06:54:46+00:00,2026-09-13T19:41:23.646562+00:00,950,legeendofcrypto
1239452,36627,"Trade: #ATOM/USDT

Direction: 📉 Short 

🟢 Entry Ra...90
• Target 6: 1.7298

💠 Leverage : 5x - 10x - 20x",97429c2b5522d74e51a66c60e70d4d7b,2026-09-10T06:54:46+00:00,2026-09-13T19:41:23.622761+00:00,950,legeendofcrypto
1239443,36620,"📊#BTR/USDT–LONG–30x 🚀

📍 𝐄𝐧𝐭𝐫𝐲 𝐙𝐨𝐧𝐞:

➥ 0.066, 0.0...tal.

⚠️ Disclaimer:
Trade at your own risk. DYOR.",2adfd82f0e61d8c1d5384bcddd4edbd5,2026-09-10T06:54:46+00:00,2026-09-13T19:41:23.587639+00:00,950,legeendofcrypto
1239442,36629,"SHORT: USELESS/USDT🚀
LEVERAGE: 20x - 50x

🥇ENTRY P....1950

————————

❌ STOP LOSS: 0.2610❌


REACTIONS?",f83c1e47c1d36fe005bf2924a63c64e8,2026-09-10T06:54:46+00:00,2026-09-13T19:41:23.586540+00:00,950,legeendofcrypto
1239437,36619,"🛎️ Trade: #ATOM/USDT

Direction: 📉 Short 

🟢 Entry...90
• Target 6: 1.7298

💠 Leverage : 5x - 10x - 20x",ae765a950e707fdec3ae802b4f856f17,2026-09-10T06:54:46+00:00,2026-09-13T19:41:23.555689+00:00,950,legeendofcrypto
1239435,36632,"#IOST/USDT LONG     

👉Leverage : Cross 10× To 30×....00121
2)  0.00127
3)  0.00136

⭕Stoploss : 0.0010",97012e3d7a09de6fa9f52e868cda1701,2026-09-10T06:54:46+00:00,2026-09-13T19:41:23.546777+00:00,950,legeendofcrypto
1239427,36630,"📍Coin : #AVNT/USDT

🟢 LONG 

👉 Entry: 0.1004 - 0.0...t 5: 0.1055
🎯 Target 6: 0.1066

❌ StopLoss: 0.0960",89bc453640f8c88210dd149c42c2409b,2026-09-10T06:54:46+00:00,2026-09-13T19:41:23.514916+00:00,950,legeendofcrypto
1239419,36633,"🚀 $SAHARA/USDT PERP 🚀

🟢 LONG

💰 Entry : 0.0109$ –...5X – 25X

⛔️ SL : 0.0093$

📌 Use Only 2-5% Capital",0ded55ba854a74c875ff0c9515fa5ab4,2026-09-10T06:54:46+00:00,2026-09-13T19:41:23.471184+00:00,950,legeendofcrypto
1239418,36626,"🟢 Long

#IOST/USDT

Entry : 

1) 0.00119390
2) 0.0...58

🛑 Stop : 0.00111868

Leverage : 10x (isolated)",b87125cedfd9381b89a2229a6fffcfba,2026-09-10T06:54:46+00:00,2026-09-13T19:41:23.463511+00:00,950,legeendofcrypto
1239416,36618,"🪙 Coin: #IOST/USDT
🧭 Type: #LONG

📈 Entry Zone:
0.... within the zone and maintain strict risk control.",ec097434b404394ace3956dbb7c95349,2026-09-10T06:54:46+00:00,2026-09-13T19:41:23.456727+00:00,950,legeendofcrypto
1239417,36613,"#IO - LONG 20X

Entry  0.1318

Targets 100% -200%-300% +++

SL= Will Update

Using 1% wallet",2f46e25c67f4e78c230bc00b0f5ced85,2026-09-10T06:54:46+00:00,2026-09-13T19:41:23.455933+00:00,950,legeendofcrypto
1239449,36608,"#IOST/USDT LONG     

👉Leverage : Cross 10× To 30×....00121
2)  0.00127
3)  0.00136

⭕Stoploss : 0.0010",97012e3d7a09de6fa9f52e868cda1701,2026-09-10T06:54:45+00:00,2026-09-13T19:41:23.604517+00:00,950,legeendofcrypto
1239428,36610,"#BTR/USDT LONG     

👉Leverage : Cross 10× To 30×
...  0.0691
2)  0.0720
3)  0.0770

⭕Stoploss : 0.0623",7fcc77a8e9c4a4b4867c2ba84f3ce863,2026-09-10T06:54:45+00:00,2026-09-13T19:41:23.515880+00:00,950,legeendofcrypto
1239424,36603,"📊 Let’s SHORT #CYS/USDT

💥 Leverage:  Cross 20×  -...1) 0.1340
2) 0.1265
3) 0.1170

🔖 Stop Loss: 0.1570",b719f899eaa8d98027030ea29d52c692,2026-09-10T06:54:45+00:00,2026-09-13T19:41:23.497195+00:00,950,legeendofcrypto
1239422,36605,"📊 Let’s LONG #SNDK/USDT

💥 Leverage:  Cross 20×  
...gets: 

1) 1785
2) 1835
3) 1855

🔖 Stop Loss: 1720",640144b8e6f93d2a7c453ddcac8411ac,2026-09-10T06:54:45+00:00,2026-09-13T19:41:23.492839+00:00,950,legeendofcrypto
1239413,36604,"📊 Let’s SHORT #TAC/USDT

💥 Leverage:  Cross 20×  -...420
2) 0.001325
3) 0.001175

🔖 Stop Loss: 0.001735",9db45561c22b7bef2304bbc2e15b136e,2026-09-10T06:54:45+00:00,2026-09-13T19:41:23.438788+00:00,950,legeendofcrypto
1239394,36602,"📊 Let’s SHORT #ZKP/USDT

💥 Leverage:  Cross 20×  -....04364
2) 0.04260
3) 0.04155

🔖 Stop Loss: 0.04700",b785ca84e08cbbd8eb85bc8e161d43cb,2026-09-10T06:54:45+00:00,2026-09-13T19:41:23.196687+00:00,950,legeendofcrypto
1239282,36460,"🔴 Short

Pair: #IOST/USDT

📊 Entry Price: 

1) 0.0...00182207

Stop Loss: 0.00208082

Leverage: 10x-20x",ead13f98cde30bba801469f6bae28e9d,2026-09-09T20:44:52+00:00,2026-09-13T19:41:11.881187+00:00,950,legeendofcrypto
1239206,36458,"⚡️ HEI/USDT SHORT

➡️ Entry Targets :

1. 0.1353
2...1217 💵
4. 0.1116 💵
5. 0.0850💵

🛑 Stoploss : 0.1488",74486b86bd7872de6f1f6bd137afbf15,2026-09-09T20:29:40+00:00,2026-09-13T19:41:10.807319+00:00,950,legeendofcrypto
1239211,36457,"EXCHANGE/BYBIT/BITUNIX/OKX📌 


DAY TRADE 🏆

LONG/L...agement 🏆


Use only 5% of your 📈Available balance",5385c0da3b23d8c2abc9fde4a0119df1,2026-09-09T20:29:38+00:00,2026-09-13T19:41:11.229464+00:00,950,legeendofcrypto
1250623,36878,"🚨 #SAGA/USDT | LONG

⚡Leverage: Cross 50x

🎯Entry ... follow the signal and secure profits at targets.💎",6d2094223b1c3f42c0bcf937ae0c01b3,2026-09-10T16:51:38+00:00,2026-09-13T21:36:49.936456+00:00,950,legeendofcrypto
1250606,36876,"➡️ #BTR     /USDT (LONG) 🔼🔼

⌛LEVERAGE : 20X TO 75...99

💥Use only 1%margin of your total portfolio❤️😘😇",a996350cd9af249968c42d552f00ccae,2026-09-10T16:48:40+00:00,2026-09-13T21:36:49.882270+00:00,950,legeendofcrypto
1250587,36874,"🔴 SHORT

#KAVA/USDT

Entry zone : 0.065405 - 0.063...57435
0.055521

Stop loss :0.067945

Leverage: 10x",d751d1834ca5ffed88743a6c78eefa59,2026-09-10T16:48:40+00:00,2026-09-13T21:36:49.734477+00:00,950,legeendofcrypto
1250574,36873,"BTC/USD BUY

Entry : $ 77322

Target1: $  77854
Target2: $ 79047
Target3: $ 80252

SL : $ 76352",ab7f457730d5a93fa8838ced31cdf27f,2026-09-10T16:48:40+00:00,2026-09-13T21:36:49.536822+00:00,950,legeendofcrypto
1250558,36875,"#MET/USDT LONG     

👉Leverage : Cross 10× To 30×
...)  0.2205
2)  0.2280
3)  0.2500

⭕Stoploss : 0.202",c8d665851d91cb4bebb524036a95d246,2026-09-10T16:48:40+00:00,2026-09-13T21:36:49.408946+00:00,950,legeendofcrypto
1250604,36871,"🔴SHORT  #BTCUSDT

🔶 Entry : 77400 - 77500

➡️ Leve...ake Profit Targets :

👉 76400

🛑 Stop Loss : 78600",0b9e75786260eec8a4d222828a450c44,2026-09-10T14:52:44+00:00,2026-09-13T21:36:49.878982+00:00,950,legeendofcrypto
1250580,36843,"Doge/Usdt long 🟢
with 0.5% Wallet on market price ...osite movement pe jo 5% around the liq manage zero",0c5ba45523936dd289c9aeb635f19feb,2026-09-10T14:52:22+00:00,2026-09-13T21:36:49.651828+00:00,950,legeendofcrypto
1250578,36842,"⭐️$ETHFI/USDT  LONG

🛡Leverage : Cross 25x50

‼️En...0.6535

Use only 3% - 5% amount of your portfolio🛍",d5a42e45a71c8916bbf0763714b18901,2026-09-10T14:52:22+00:00,2026-09-13T21:36:49.620714+00:00,950,legeendofcrypto
1250628,36837,"🌈PAIR:- VTHO/USDT
⚡️ Direction : LONG
🛠 Leverage: ...nt Usage:- 1 - 2%
(According To your Risk Setting)",252319429c966927e5b6645beb5c8998,2026-09-10T14:24:51+00:00,2026-09-13T21:36:49.964181+00:00,950,legeendofcrypto
1250625,36834,"📊 Let’s LONG #MARSCOIN/USDT

💥 Leverage:  Cross 20...) 0.1165
2) 0.1218
3) 0.1280

🔖 Stop Loss: 0.10380",0f59e13b524bbc413b23ba82743997f3,2026-09-10T14:24:51+00:00,2026-09-13T21:36:49.944321+00:00,950,legeendofcrypto
1250622,36833,"✅ Long

Pair: #ETC/USDT

📊 Entry Price: 

1) 7.746....114
4) 8.275

Stop Loss: 7.258

Leverage: 10x-20x",6a5247f98965a55be00657b3ec17d21e,2026-09-10T14:24:51+00:00,2026-09-13T21:36:49.928638+00:00,950,legeendofcrypto
1250613,36840,"🚀 #ETHFIUSDT LONG SIGNAL 🚀

📌 ENTRY ➜ 0.6660

🎯 TA...ch this move together!

🪙 Trade Smart • Trade Safe",d0b722c604bb4a4b04e5501aefa166b2,2026-09-10T14:24:51+00:00,2026-09-13T21:36:49.902023+00:00,950,legeendofcrypto
1250608,36832,"🟢 Long

#DASH/USDT

Entry : 

1) 56.81
2) 55.10

T...) 60.69

🛑 Stop : 53.23

Leverage : 10x (isolated)",7b8efdb1ee479516f272ec5863de2c0d,2026-09-10T14:24:51+00:00,2026-09-13T21:36:49.891780+00:00,950,legeendofcrypto
1250603,36831,"📈 LONG #ORDER/USDT

🚀 LEVERAGE : 50x

📊 ENTRY PRIC...P🟢0.0412

TP🟢0.0435

STOPLOSS 🔴0.0370


REACTIONS?",5b8d679a9036e679c8376254e78096e5,2026-09-10T14:24:51+00:00,2026-09-13T21:36:49.873748+00:00,950,legeendofcrypto
1250596,36836,"#MET /USDT BUY (LONG) 

⚡️Leverage : Cross 25x to ....2020

⚠️Use only 3% - 5% amount of your portfolio",27da5436c1048f61a3d099b097e7f817,2026-09-10T14:24:51+00:00,2026-09-13T21:36:49.840847+00:00,950,legeendofcrypto
1250575,36838,"✨ZEC/USDT

🎗 Trade Type = SHORT 🔴

⭐️ Leverage :- ....95, 1144.46, 1130.96, 1120.45, 1108.04, 1092.73 ]",89187d31c24eda728200508d2145e1a5,2026-09-10T14:24:51+00:00,2026-09-13T21:36:49.552310+00:00,950,legeendofcrypto
1250627,36827,"⭐️$ORDER/USDT  LONG

🛡Leverage : Cross 25x50

‼️En....03622

Use only 3% - 5% amount of your portfolio🛍",22cc0576cbf2bd0bf660db03dbd16f72,2026-09-10T14:24:50+00:00,2026-09-13T21:36:49.943450+00:00,950,legeendofcrypto
1250586,36824,"⭐️$VTHO/USDT  SHORT

🛡Leverage : Cross 25x50

‼️En...007164

Use only 3% - 5% amount of your portfolio🛍",a5949bc88bb9aeba708e0e4f97504cbf,2026-09-10T14:24:50+00:00,2026-09-13T21:36:49.723849+00:00,950,legeendofcrypto
1250561,36829,"💵COIN NAME : #ORDER /USDT

📈POSITION : LONG(BUY)

... = 0.04188

🔖 STOPLOSS  = 0.03665


SHOW REACTIONS",03ef076b735ec1ee3642c55c6a0130c7,2026-09-10T14:24:50+00:00,2026-09-13T21:36:49.435413+00:00,950,legeendofcrypto
1250600,36819,"🟢#FLOCK/USDT

📈Signal: long Leverage: Cross 20X

⚡...even after TP1 is hit.

📣Trade Smart • Follow Risk",071f5eb031f356d160135e73f529d05d,2026-09-10T14:24:36+00:00,2026-09-13T21:36:49.855257+00:00,950,legeendofcrypto
1250592,36814,"#LONG 🟢🔤🔤🔤🔤🔤

#ETH/USDT

Margin Mode : Isolated 💎
...581

🟥 SL : 2352 - 100%   

📊 LEV : 30X

🇯🇵Premium",0debbcf08e041e59539e0b0606bb6616,2026-09-10T13:35:53+00:00,2026-09-13T21:36:49.801770+00:00,950,legeendofcrypto
1250591,36813,"✅Entry : $0.0006242-0.0006345

( 🆘SHORT VTHO/USD 5...5920
🏹Target 6  $0.0005860

🚫Stop loss : 0.0006675",a5b0d023558870b8f4841e35fb91fac6,2026-09-10T13:22:08+00:00,2026-09-13T21:36:49.783984+00:00,950,legeendofcrypto
1250560,36811,"⭐ VTHO /USDT — LONG

💵 ENTRY: 0.0006450-0.0006200
...o

📌 Follow the setup and manage your risk wisely.",5319e5efe02b2ad39795bd86b8a90eec,2026-09-10T13:14:01+00:00,2026-09-13T21:36:49.416393+00:00,950,legeendofcrypto
1250621,36809,"🚨 #BR/USDT | LONG

⚡Leverage: Cross 25x

🎯Entry Ta... follow the signal and secure profits at targets.💎",e9dc46107808bf3d50a692cc9df2eedb,2026-09-10T13:09:39+00:00,2026-09-13T21:36:49.922951+00:00,950,legeendofcrypto
1250539,36796,"💫 Pair: BTC/USDT  💫

🔼 Direction: Long 🔼

✅ Levera... Profit: 80600.00 📈

⚠️ Stop Loss: 74550.00 ⚠️

📈📈",10e78d3070662e68c060b90691466201,2026-09-10T13:09:28+00:00,2026-09-13T21:36:48.953297+00:00,950,legeendofcrypto
1250546,36794,"ETH/ USDT/ LONG
Entry at market price 

Cross || L...only 1% of your wallet. 
Manage your risk properly",883e322e8d2dfb5331e9f79cba6e5f6d,2026-09-10T12:55:25+00:00,2026-09-13T21:36:49.018487+00:00,950,legeendofcrypto
1250549,36793,"🚩 SHORT #REZ/USDT

⚙️ 50X LEVERAGE

🛡 Entry: 0.003....003230
TP3: 0.003150

🛑 SL: 0.003580

🔥REACTIONS?",b3d738bebd25ae6bcb188009f63ad428,2026-09-10T12:49:30+00:00,2026-09-13T21:36:49.156563+00:00,950,legeendofcrypto
1250541,36791,"⭐ REZ /USDT — SHORT

💵 ENTRY: 0.003370-0.003460

⚙...o

📌 Follow the setup and manage your risk wisely.",a0b22fd2e964444dd0cd6f14244d887a,2026-09-10T12:49:30+00:00,2026-09-13T21:36:48.980196+00:00,950,legeendofcrypto
1250537,36785,"New longs #BTC 25x at $77,400 📈

TP : 79,400 

S/L : 75,400

R/R : 1:1",b0a8ab597eb0625cbfdf16e41c9e22c8,2026-09-10T12:49:30+00:00,2026-09-13T21:36:36.771268+00:00,950,legeendofcrypto
1250533,36788,"➡️ #CRV     /USDT (SHORT) 🔽🔽

⌛LEVERAGE : 20X TO 7...0


💥Use only 1%margin of your total portfolio❤️😘😇",ff7450c511a94f3a9c34126b7c3462a4,2026-09-10T12:49:30+00:00,2026-09-13T21:36:36.707757+00:00,950,legeendofcrypto
1250532,36784,"🚨 #VTHO/USDT | LONG

⚡Leverage: Cross 50x

🎯Entry ... follow the signal and secure profits at targets.💎",a4f43b0b73dcf27f809458f21e45c241,2026-09-10T12:49:29+00:00,2026-09-13T21:36:36.681699+00:00,950,legeendofcrypto
1250534,36783,"🟢#APR/USDT

📈Signal: long Leverage: Cross 20X

⚡️E...even after TP1 is hit.

📣Trade Smart • Follow Risk",456ea2c8a20b8f901f01c84e9a2b212c,2026-09-10T12:49:18+00:00,2026-09-13T21:36:36.711192+00:00,950,legeendofcrypto
1250531,36780,"🚩 SHORT #ZEST/USDT

⚙️ 50X LEVERAGE

🛡 Entry: 0.13...: 0.13040
TP3: 0.12850

🛑 SL: 0.14100

🔥REACTIONS?",2091ea81a99e0d0cb6015b5adaaa7ff8,2026-09-10T12:49:18+00:00,2026-09-13T21:36:36.664605+00:00,950,legeendofcrypto
1250530,36782,"Long #APR 0.1505

Tp 0.1550",f8a4d4f956a509933fb28a952c434833,2026-09-10T12:49:18+00:00,2026-09-13T21:36:36.663773+00:00,950,legeendofcrypto
1250526,36771,"🌈PAIR:- VTHO/USDT
⚡️ Direction : LONG
🛠 Leverage: ...nt Usage:- 1 - 2%
(According To your Risk Setting)",d3f9838f30b7532d196358d3f8fe7818,2026-09-10T11:49:04+00:00,2026-09-13T21:36:36.535635+00:00,950,legeendofcrypto
1250522,36770,"💰#VTHO/ USDT👑

💎Setup Type: Strong LONG  🔖Opportun....0007300

4️⃣TP ➝ 0.0008500

🚫Stop Loss: 0.0005800",6766c8c2fe27b35da8172ec3fcf6985e,2026-09-10T11:49:04+00:00,2026-09-13T21:36:36.473580+00:00,950,legeendofcrypto
1250514,36767,"⭐️$REZ/USDT  LONG

🛡Leverage : Cross 25x50

‼️Entr...003234

Use only 3% - 5% amount of your portfolio🛍",00559f4374fef9d9d7f93fbe12b1973d,2026-09-10T11:34:03+00:00,2026-09-13T21:36:36.175177+00:00,950,legeendofcrypto
1250505,36768,"🚀 LONG: $VTHO/USDT
LEVERAGE: 50x

✔️ENTRY PRICE: 0...800-0.00072000

STOP LOSS:  0.0006090


REACTIONS?",54c4e3468bf948f5b43d2de1a24b9f16,2026-09-10T11:34:03+00:00,2026-09-13T21:36:36.060569+00:00,950,legeendofcrypto
1250499,36765,"🚨 #PHAROS/USDT | LONG

⚡Leverage: Cross 20x

🎯Entr... follow the signal and secure profits at targets.💎",e670912eb1d1ca22837666561e7738a2,2026-09-10T11:34:02+00:00,2026-09-13T21:36:36.035424+00:00,950,legeendofcrypto
1250515,36762,"🚨 #REZ/USDT | SHORT

⚡Leverage: Cross 50x

🎯Entry ... follow the signal and secure profits at targets.💎",788d9c37af34b12068cb1a549e687e8f,2026-09-10T11:23:38+00:00,2026-09-13T21:36:36.177891+00:00,950,legeendofcrypto
1250511,36763,"Pair: #ARB/USDT

Long • (10X-50X)

Entry
0.1477 - ...t your own risk. Always use proper risk management",9d6eb8750a4f09ef3805c1d0afb4e030,2026-09-10T11:23:38+00:00,2026-09-13T21:36:36.154193+00:00,950,legeendofcrypto
1250487,36761,"➡️ #REZ     /USDT (LONG) 🔼🔼

⌛LEVERAGE : 20X TO 75...9


💥Use only 1%margin of your total portfolio❤️😘😇",bb05bb78417b0f71367ee5a52357dc0a,2026-09-10T11:23:38+00:00,2026-09-13T21:36:35.989251+00:00,950,legeendofcrypto
1250484,36759,"⛽️Pair: PHAROS/USDT
Type: LONG 🟢
✅Leverage:  (20X_...) 0.52
2) 0.55
3) 0.60
4) 0.72

❌ STOP LOSS: 0.44❌",6dd3cd0d22e67e27c84a8359983325bf,2026-09-10T11:23:38+00:00,2026-09-13T21:36:35.890097+00:00,950,legeendofcrypto
1250464,36760,"🔴 SHORT

#RUNE/USDT

Entry : 

1) 0.4966
2) 0.5114...0.4622

🛑 Stop : 0.5278

Leverage : 10x (isolated)",aad2a9aa7d3bd7c260bf91b9a6ee42b0,2026-09-10T11:23:38+00:00,2026-09-13T21:36:35.777792+00:00,950,legeendofcrypto
1250496,36758,"Long #RVN 50x 0.002400

Tp: 0.002500",8dafd0b7f1c0f2f59b442c515271daad,2026-09-10T10:54:59+00:00,2026-09-13T21:36:36.032901+00:00,950,legeendofcrypto
1250509,36756,"✨HYPE/USDT

🎗 Trade Type = LONG 🟢

⭐️ Leverage :- ...[ 83.772, 84.582, 85.535, 86.288, 87.318, 88.092 ]",69180670a8f6a80fdd18f6a14a358adb,2026-09-10T10:47:39+00:00,2026-09-13T21:36:36.135283+00:00,950,legeendofcrypto
1250493,36755,"🔘 Coin : #KAS/USDT 🔘

🔴 SHORT

🔺Entry🔻: 0.03873

⭐... - 0.03678

♦️ StopLoss : 0.03998

🔱 Leverage: 25x",96bbaa44c3b5f43e5b659e62e042c509,2026-09-10T10:47:39+00:00,2026-09-13T21:36:36.012445+00:00,950,legeendofcrypto
1250475,36757,"#ORDER/USDT LONG     

👉Leverage : Cross 10× To 30...  0.0372
2)  0.0390
3)  0.0419

⭕Stoploss : 0.0344",4a271613cd81566323f1626bfc3a11f2,2026-09-10T10:47:39+00:00,2026-09-13T21:36:35.832773+00:00,950,legeendofcrypto
1250507,36753,"📈 LONG #VTHO/USDT

🚀 LEVERAGE : 50x

📊 ENTRY PRICE...0660

TP🟢0.000700

STOPLOSS 🔴0.000570


REACTIONS?",0d119ca7caeb1fe6ab71576daa2e1acd,2026-09-10T10:47:38+00:00,2026-09-13T21:36:36.080085+00:00,950,legeendofcrypto
1250508,36752,"⚡️$LSK/USDT⚡️

LONG
Leverage: 10X

Entry: 0.1240 -...get:

1)0.1280
2)0.1360
3)0.1490

Stoploss: 0.1070",ea958f562a9ae74dd6c8a2eb69d669f9,2026-09-10T10:47:38+00:00,2026-09-13T21:36:36.079034+00:00,950,legeendofcrypto
1250483,36749,"🟢LINK/USDT My Long Trade Setup

Leverage 75X

Entr...2.100

Stop Loss   11.550

Follow Money Management",0c454bc7adf28ea9c5f46fa4ffc57d06,2026-09-10T10:47:38+00:00,2026-09-13T21:36:35.881171+00:00,950,legeendofcrypto
1250469,36751,"🚨 #ORDER/USDT — POWER LONG 

⚡️ ENTRY ZONE: 0.0363...re profits step by step
🪖 NO FEAR — JUST PROFITS 🪙",d0b98288bdc5acf5413bd8d44a5f5897,2026-09-10T10:47:38+00:00,2026-09-13T21:36:35.811963+00:00,950,legeendofcrypto
1250444,36748,🟢LINK/USDT LONG NOW,8b91e3de5ce9ab6aa526053a3264d123,2026-09-10T10:47:38+00:00,2026-09-13T21:36:35.603885+00:00,950,legeendofcrypto
1250513,36746,"$LSK/USDT #LONG📩

✅ENTRY :-0.1240/0.1190

Target 1...𝐎𝐧𝐥𝐲 𝟏-𝟑% 𝐎𝐟 𝐎𝐮𝐫 𝐃𝐞𝐩𝐨𝐬𝐢𝐭 𝐅𝐨𝐫 𝐄𝐚𝐜𝐡 𝐓𝐫𝐚𝐝𝐞

React,??m",0d106fe07e7789e3ddb46ca1915a55ae,2026-09-10T10:47:29+00:00,2026-09-13T21:36:36.174205+00:00,950,legeendofcrypto
1250497,36745,"🚀 SHORT: $VTHO/USDT
LEVERAGE: 50x

✔️ENTRY PRICE: ...05400-0.0005000

STOP LOSS:  0.000620


REACTIONS?",3386d702288a3f651dd3aeef2be0ea40,2026-09-10T10:47:29+00:00,2026-09-13T21:36:36.033737+00:00,950,legeendofcrypto
1250494,36744,"💰#VTHO/ USDT👑

💎Setup Type: Strong SHORT  🔖Opportu...0004500

4️⃣TP ➝ 0.00040000

🚫Stop Loss: 0.0006700",d6417cc92435e95f59684e92e910a618,2026-09-10T10:47:29+00:00,2026-09-13T21:36:36.022527+00:00,950,legeendofcrypto
1250492,36747,"💫 Pair: XAU/USDT  💫

🔼 Direction: Long 🔼

✅ Levera...ke Profit: 4495.00 📈

⚠️ Stop Loss: 4342.00 ⚠️

📈📈",69aaab00c8e976b08cf0d3ffdf3ffd47,2026-09-10T10:47:29+00:00,2026-09-13T21:36:36.003846+00:00,950,legeendofcrypto
1250477,36743,"💰#BR/ USDT👑

💎Setup Type: Strong LONG  🔖Opportunit...TP ➝ 0.33000

4️⃣TP ➝ 0.43000

🚫Stop Loss: 0.24800",0b103ecb7b18a1ce650c16461355dfe0,2026-09-10T10:47:29+00:00,2026-09-13T21:36:35.843991+00:00,950,legeendofcrypto
1250461,36741,"🚨 #EGLD/USDT | LONG

⚡Leverage: Cross 50x

🎯Entry ... follow the signal and secure profits at targets.💎",b77d926c65198a503697c989bdcbd09f,2026-09-10T10:47:29+00:00,2026-09-13T21:36:35.776515+00:00,950,legeendofcrypto
1250491,36740,"#BTWUSDT — BUY (LONG) 
🎉
🟢 Leverage: Cross  50x75
...Risk Management:
Use only 2%– 3%of your portfolio.",ede4057a0300208df6316c0550962614,2026-09-10T10:47:28+00:00,2026-09-13T21:36:36.004938+00:00,950,legeendofcrypto
1250470,36728,"⭐️$VTHO/USDT  LONG

🛡Leverage : Cross 25x50

‼️Ent...004527

Use only 3% - 5% amount of your portfolio🛍",0c8a19dc96fb62c6f19224efb2a021c0,2026-09-10T09:57:50+00:00,2026-09-13T21:36:35.820669+00:00,950,legeendofcrypto
1250490,36724,"🐳 LSK/USDT #LONG🐳

✳️ ENTRY :- 0.118 - 0.113

💢 LE...: 0.145

⛔️ STOP-LOSS :- 0.108

☝️ Margin Use 2–3%",80614d7a2d13c308e9f369fd6ebf121a,2026-09-10T09:57:39+00:00,2026-09-13T21:36:36.003067+00:00,950,legeendofcrypto
1250488,36725,"✅ Long

#ETC/USDT

Entry zone : 7.572 - 7.807

Tak...311
8.544
8.777

Stop loss :7.26051

Leverage: 10x",712f66d87a23bb8806d42539e2fef3e6,2026-09-10T09:57:39+00:00,2026-09-13T21:36:35.993830+00:00,950,legeendofcrypto
1250459,36726,"#KAS/USDT LONG     

👉Leverage : Cross 10× To 30×
...
1)  0.040
2)  0.042
3)  0.044

⭕Stoploss : 0.0367",d5976cbb8695bf93c6c3cc22ac58ae6b,2026-09-10T09:57:39+00:00,2026-09-13T21:36:35.754336+00:00,950,legeendofcrypto
1250485,36717,"🚨 #KAS /USDT — POWER LONG 

⚡️ ENTRY ZONE: 0.03915...re profits step by step
🪖 NO FEAR — JUST PROFITS 🪙",54359ce3303e1aea69f9018cf4d7bb19,2026-09-10T09:57:32+00:00,2026-09-13T21:36:35.923383+00:00,950,legeendofcrypto
1250440,36714,"🚨 #VTHO/USDT | SHORT

⚡Leverage: Cross 50x

🎯Entry... follow the signal and secure profits at targets.💎",49dedd3bfc96489fcb7c71e19acacf50,2026-09-10T09:57:32+00:00,2026-09-13T21:36:35.577890+00:00,950,legeendofcrypto
1250466,36694,"⚡️$EGLD/USDT⚡️

LONG
Leverage: 25X 

Entry: 5.62 -....35

Target:

1)5.70
2)5.90
3)6.50

Stoploss: 5.00",ae64ad26c78e5aedfefd655b40b16683,2026-09-10T09:31:01+00:00,2026-09-13T21:36:35.797912+00:00,950,legeendofcrypto
1250458,36692,"SHORT BNB

🔖 MARKET SETUP

 ✔️Entry: 718.5
 ⛔️ SL:... TP: 704

⚠️ Capital: 3% max. Discipline = Profit!",4f3caf7cd917f7d21262a4a0a7c905b3,2026-09-10T09:31:01+00:00,2026-09-13T21:36:35.717531+00:00,950,legeendofcrypto
1250451,36693,"📊 #EGLD/USDT

🟢 POSITION: LONG

💰 ENTRY RANGE
➤ 5....S
➤ 5.00

━━━━━━━━━━━━━━━━━━

✅ Manage risk wisely",e39ff22cb0c32112c90dddf4a332c826,2026-09-10T09:31:01+00:00,2026-09-13T21:36:35.639425+00:00,950,legeendofcrypto
1250463,36689,"DAY/TRADE 🏆

LONG SOL/USDT📈📈📈

ENTRY: 96.59

TP1: ...agement 🏆

Use only 10% of your 📈Available balance",70ad0d436af60d7102e1496782d3f8aa,2026-09-10T09:09:39+00:00,2026-09-13T21:36:35.778581+00:00,950,legeendofcrypto
1250489,36685,EGLD LONG 5.285 tp1 5.400,bfca3d6cc374136202d22e5161112904,2026-09-10T08:36:19+00:00,2026-09-13T21:36:35.997832+00:00,950,legeendofcrypto
1250455,36686,"🚀 #EGLDUSDT LONG SIGNAL 🚀

📌 ENTRY ➜ 5.285

🎯 TAKE...ch this move together!

🪙 Trade Smart • Trade Safe",aed28fdda2f7deb7f5d7c8bc06d6fe15,2026-09-10T08:36:19+00:00,2026-09-13T21:36:35.666754+00:00,950,legeendofcrypto
1250448,36687,"🔰 PAIR: RUNE/ USDT 💹

🟢Position: LONG🚀

☑️ Entry Z...gets:
🥇 0.487
🥈 0.490
🥉 0.500

❌ Stop Loss: 🔴0.470",f71afe32b98b44b9220b31aefc53dd00,2026-09-10T08:36:19+00:00,2026-09-13T21:36:35.619170+00:00,950,legeendofcrypto
1250504,36682,"#HIVE | SHORT SETUP

💰 Entry: $0.04445

🎯 Target1:...t4: $0.04276
🎯 Target5: $0.04214

🛡 STOP: $0.04667",70d835b40de112c453cff82de5e39057,2026-09-10T08:08:33+00:00,2026-09-13T21:36:36.050665+00:00,950,legeendofcrypto
1250462,36678,"🚨 #VTHO /USDT — POWER LONG 

⚡️ ENTRY ZONE: 0.0006...re profits step by step
🪖 NO FEAR — JUST PROFITS 🪙",7eeace549f99a76edcafc609dc0d1918,2026-09-10T08:08:33+00:00,2026-09-13T21:36:35.775875+00:00,950,legeendofcrypto
1250456,36677,#VTHO long 0.0006560 tp 0.0006700,a4ab9ba3cb6b0c273ae2767861d92640,2026-09-10T08:08:33+00:00,2026-09-13T21:36:35.662180+00:00,950,legeendofcrypto
1250447,36681,"⭐️$VTHO/USDT  LONG

🛡Leverage : Cross 25x50

‼️Ent...005131

Use only 3% - 5% amount of your portfolio🛍",74bf433745e2f624d7f2917659613d1a,2026-09-10T08:08:33+00:00,2026-09-13T21:36:35.606787+00:00,950,legeendofcrypto
1250476,36674,"⌛#ARB/USDT  ( SHORT )

🍁 Leverage 👉 20X to 25X 

⛩... 0.14249 | 0.14100 | 0.13937

🔕 Stoploss = 0.15444",3476432ee3cb7778ac03dcfa6e306b1d,2026-09-10T07:50:29+00:00,2026-09-13T21:36:35.842738+00:00,950,legeendofcrypto
1250439,36669,"#ARK/USDT SHORT     

👉Leverage : Cross 10× To 30×...

1)  0.134
2)  0.130
3)  0.126

⭕Stoploss : 0.142",f7d4fc4fefb6fa4f7ed0dca0e436cf28,2026-09-10T07:41:45+00:00,2026-09-13T21:36:35.459722+00:00,950,legeendofcrypto
1250438,36668,"#VTHO  /USDT BUY (LONG) 

⚡️Leverage : Cross 25x t...05960

⚠️Use only 3% - 5% amount of your portfolio",f6e323a1eb8dd77ae03229d74f32c97a,2026-09-10T07:41:40+00:00,2026-09-13T21:36:35.444553+00:00,950,legeendofcrypto
1263089,37097,"Coin #AKE /USDT

Position: LONG 

Leverage:  Cross...rgets: 🎯 0.0154, 0.0175, 0.0207

Stop Loss: 0.0122",9454b47cc463417ed3e4480041622432,2026-09-11T07:26:10+00:00,2026-09-13T22:53:59.141937+00:00,950,legeendofcrypto
1263129,37093,"📊 #LSK/USDT

🟢 POSITION: LONG

💰 ENTRY RANGE
➤ 0.1...
➤ 0.105

━━━━━━━━━━━━━━━━━━

✅ Manage risk wisely",d58a5d729d770ef9335e951772f33c22,2026-09-11T07:26:02+00:00,2026-09-13T22:53:59.266986+00:00,950,legeendofcrypto
1263122,37092,"#LSK/USDT LONG     

👉Leverage : Cross 10× To 30×
...

1)  0.137
2)  0.142
3)  0.154

⭕Stoploss : 0.127",6e6e5c30ffce6a82d041b18d76d5a16b,2026-09-11T07:26:02+00:00,2026-09-13T22:53:59.246245+00:00,950,legeendofcrypto
1263110,37091,"#EVAA/USDT LONG     

👉Leverage : Cross 10× To 30×...  0.5285
2)  0.5440
3)  0.5700

⭕Stoploss : 0.4940",43dd2851d36eb30b3be03056abac1d10,2026-09-11T07:26:02+00:00,2026-09-13T22:53:59.207084+00:00,950,legeendofcrypto
1263104,37085,"$ZEC/USDT #SHORT📩

✅ENTRY :-1065/1100

Target 1:10...𝐎𝐧𝐥𝐲 𝟏-𝟑% 𝐎𝐟 𝐎𝐮𝐫 𝐃𝐞𝐩𝐨𝐬𝐢𝐭 𝐅𝐨𝐫 𝐄𝐚𝐜𝐡 𝐓𝐫𝐚𝐝𝐞

React,??m",82c972382c15c796baaa5ae613bde2b0,2026-09-11T07:25:53+00:00,2026-09-13T22:53:59.196114+00:00,950,legeendofcrypto
1263102,37086,"✅ Long

#ETC/USDT

Entry zone : 7.397 - 7.626

Tak...119
8.346
8.574

Stop loss :7.09218

Leverage: 10x",6ae1f2de3fecaed25a911cfe1edba815,2026-09-11T07:25:53+00:00,2026-09-13T22:53:59.175892+00:00,950,legeendofcrypto
1263084,37087,"💵 𝐒𝐈𝐆𝐍𝐀𝐋 𝐀𝐋𝐄𝐑𝐓 💵

#USELESS/USDT (25xSHORT)

✅ ENTR...TARGETS:-0.2010/0.1930/0.1820

❌ STOP LOSS: 0.2370",43717fdae603c28dc6980f83761b72c0,2026-09-11T07:25:53+00:00,2026-09-13T22:53:59.122014+00:00,950,legeendofcrypto
1263114,37080,"🐳 NEWT/USDT #SHORT🐳

✳️ ENTRY :- 0.04120 - 0.04260...0.035

⛔️ STOP-LOSS :- 0.04430

☝️ Margin Use 2–3%",f4d04cf0931593546165a4a8d3c3b9d2,2026-09-11T07:25:46+00:00,2026-09-13T22:53:59.218586+00:00,950,legeendofcrypto
1263078,37079,"🟢 Long

#XMR/USDT

Entry : 

1) 503.74
2) 488.62

...538.20

🛑 Stop : 472.00

Leverage : 10x (isolated)",b1910470d3196bc6816d79a8f5739dcf,2026-09-11T07:25:46+00:00,2026-09-13T22:53:59.070658+00:00,950,legeendofcrypto
1263130,37072,"#NIULAI/USDT BUY (SHORT) 

⚡️Leverage : Cross 25x ....1310

⚠️Use only 3% - 5% amount of your portfolio",514e35d991d4f3fc6004930779579fdc,2026-09-11T07:25:39+00:00,2026-09-13T22:53:59.269006+00:00,950,legeendofcrypto
1263076,37074,"#LONG 🟢🔤🔤🔤🔤🔤

#SEI/USDT

Margin Mode : Isolated 💎
...

🟥 SL : 0.04247 - 100%   

📊 LEV : 20X

🇯🇵Premium",187c736ee4115c8b111e686c154001f5,2026-09-11T07:25:39+00:00,2026-09-13T22:53:59.062281+00:00,950,legeendofcrypto
1263082,37069,"#EVAA/USDT

📈Signal: long Leverage: Cross 50X

⚡️E...even after TP1 is hit.

🔈Trade Smart • Follow Risk",a3337ef5603740cd1ad8c21acaa2ecad,2026-09-11T07:25:28+00:00,2026-09-13T22:53:59.101707+00:00,950,legeendofcrypto
1263108,37065,"📊 Let’s LONG #EVAA/USDT

💥 Leverage:  Cross 20×  -...1) 0.5286
2) 0.5450
3) 0.5700

🔖 Stop Loss: 0.4810",83be0115c900048fe1ccc5db90407356,2026-09-11T07:25:23+00:00,2026-09-13T22:53:59.203976+00:00,950,legeendofcrypto
1263107,37062,"📊 Let’s SHORT #LINK/USDT

💥 Leverage:  Cross 20×  ...1.2965
2) 11.1640
3) 10.9400

🔖 Stop Loss: 11.7650",8d99287528fb09ffa08018ee7a9a8553,2026-09-11T07:25:23+00:00,2026-09-13T22:53:59.198842+00:00,950,legeendofcrypto
1263100,37063,"📊 Let’s SHORT #LSK/USDT

💥 Leverage:  Cross 20×  -...1) 0.1240
2) 0.1190
3) 0.1120

🔖 Stop Loss: 0.1320",fe9f3b57587bd3455f3171bc54e7c895,2026-09-11T07:25:23+00:00,2026-09-13T22:53:59.176653+00:00,950,legeendofcrypto
1263126,37054,"#PTBUSDT — BUY (LONG) 
🎉
🟢 Leverage: Cross  50x75
...Risk Management:
Use only 2%– 3%of your portfolio.",d807c3fe058773e3f0c968c0a48ce16b,2026-09-11T07:25:13+00:00,2026-09-13T22:53:59.255635+00:00,950,legeendofcrypto
1263105,37059,"📊 Let’s LONG #DEXE/USDT

💥 Leverage:  Cross 20×  -...: 

1) 1.970
2) 2.035
3) 2.090

🔖 Stop Loss: 1.805",da23d718ce40208eb0305f7e7fe6f35e,2026-09-11T07:25:13+00:00,2026-09-13T22:53:59.195496+00:00,950,legeendofcrypto
1263081,37057,"#DOTUSDT — BUY (LONG) 
🎉
🟢 Leverage: Cross  50x75
...Risk Management:
Use only 2%– 3%of your portfolio.",7a2288f387ac879bdef191ac85808a4b,2026-09-11T07:25:13+00:00,2026-09-13T22:53:59.088947+00:00,950,legeendofcrypto
1263065,37058,"$LSK/USDT

SHORT SHORT SHORT 

IST ENTRY AT MARKET... 0.12608 - 0.12532 - 0.12447

16x Lev 

SL 0.13145",b38539b0df724b5783e2eb8f46e4932a,2026-09-11T07:25:13+00:00,2026-09-13T22:53:58.978376+00:00,950,legeendofcrypto
1263031,36914,"🔴 Short

Pair: #COMP/USDT

📊 Entry Price: 

1) 20....9.36
4) 18.93

Stop Loss: 21.62

Leverage: 10x-20x",99a04526f307d8e0ffbaf1cbbcd15389,2026-09-10T21:16:12+00:00,2026-09-13T22:53:46.174447+00:00,950,legeendofcrypto
1263009,36910,"🔰 PAIR: SAGA/ USDT 💹

🟢Position: LONG🚀

☑️ Entry Z...0.01819
🥈 0.01877
🥉 0.02017

❌ Stop Loss: 🔴0.01642",1f1c5aa54aca7a0e9e12148d54696ede,2026-09-10T18:30:40+00:00,2026-09-13T22:53:45.433296+00:00,950,legeendofcrypto
1262996,36911,"⚡️⚡️#EPIC/USDT⚡️⚡️

Signal Type : Short
Leverage :...
1) 0.3744
2) 0.3570
3) 0.3416

Stop Loss : 0.3966",124d39b693cd9ad1092d444222f4e3a2,2026-09-10T18:30:40+00:00,2026-09-13T22:53:44.897770+00:00,950,legeendofcrypto
1263006,36908,"Long #VTHO 50x 0.0006100

Tp: 0.0006300",7174b29964ada20e84f9e91b253dc3a6,2026-09-10T18:30:39+00:00,2026-09-13T22:53:45.152818+00:00,950,legeendofcrypto
1263001,36909,"#ETH

ETH has taken out the liquidity at the botto...55
🚀 Targets: 2479 / 2546 / 2605
📉 Stop Loss: 2379",2dd088b568fd775ccc4f7667e3f81af7,2026-09-10T18:30:39+00:00,2026-09-13T22:53:45.072811+00:00,950,legeendofcrypto
1268233,37295,"🚀 #LABUSDT LONG SIGNAL 🚀

📌 ENTRY ➜ 0.06375

🎯 TAK...ch this move together!

🔓 Trade Smart • Trade Safe",f370434978b01f0a2970b3a79b805c42,2026-09-11T16:59:25+00:00,2026-09-14T11:23:41.128732+00:00,950,legeendofcrypto
1268227,37296,"✅ Long

Pair: #ATOM/USDT

📊 Entry Price: 

1) 1.67....754
4) 1.789

Stop Loss: 1.569

Leverage: 10x-20x",8fdcba3be5219ab1dd93ba0fdd47a5c1,2026-09-11T16:59:25+00:00,2026-09-14T11:23:41.107686+00:00,950,legeendofcrypto
1268223,37291,"🚨 #LAB/USDT | LONG

⚡Leverage: Cross 50x

🎯Entry T... follow the signal and secure profits at targets.💎",4433168da5f47480761a9ade4d5c129e,2026-09-11T16:59:25+00:00,2026-09-14T11:23:41.097648+00:00,950,legeendofcrypto
1268219,37294,LAB LONG 0.06375 TP1 0.06500,e7486addea9105a563234283910b1421,2026-09-11T16:59:25+00:00,2026-09-14T11:23:41.086747+00:00,950,legeendofcrypto
1268206,37292,"🟢 Long

#DOT/USDT

Entry : 

1) 1.056400
2) 1.0247...8673

🛑 Stop : 0.989846

Leverage : 10x (isolated)",b6e4abcbc22392da567a48fd92980cc5,2026-09-11T16:59:25+00:00,2026-09-14T11:23:40.996622+00:00,950,legeendofcrypto
1268186,37256,"EXCHANGE/BYBIT/BITUNIX/OKX📌 


DAY TRADE 🏆

LONG/F...agement 🏆


Use only 5% of your 📈Available balance",0bc1e07dce99a0317005e2214436da17,2026-09-11T15:08:41+00:00,2026-09-14T11:23:40.843728+00:00,950,legeendofcrypto
1268212,37253,"#MET/ USDT — BUY (LONG) 
Leverage: Cross 25x – 50x...T IS KEY
👉 Use ONLY 2 – 3% of your total portfolio",7c6bd68c487998f78151f0ea3682f779,2026-09-11T15:02:45+00:00,2026-09-14T11:23:41.060061+00:00,950,legeendofcrypto
1268171,37254,"🔰 PAIR: CRV/ USDT 💹

🟢Position: LONG🚀

☑️ Entry Zo...:
🥇 0.3560
🥈 0.3584
🥉 0.3625

❌ Stop Loss: 🔴0.3470",1e7ce2ee18d2f2c7a6ad4feb6f7ae687,2026-09-11T15:02:45+00:00,2026-09-14T11:23:40.605880+00:00,950,legeendofcrypto
1268208,37221,"🚨 NEW TRADE SIGNAL 🚨

📊 ETH/USDT — LONG 

📍 ENTRY:...Manage your risk & trade responsibly.

🔥 LET’S GO!",26977d223a15b6d5778c2e8980fe7c16,2026-09-11T14:23:59+00:00,2026-09-14T11:23:41.037516+00:00,950,legeendofcrypto
1268207,37223,"🚀 #XANUSDT LONG SIGNAL 🚀

📌 ENTRY ➜ 0.01174

🎯 TAK...ch this move together!

🔓 Trade Smart • Trade Safe",d9925c83f257463d6f304bcd6aa88568,2026-09-11T14:23:59+00:00,2026-09-14T11:23:41.009002+00:00,950,legeendofcrypto
1268172,37220,"🌈PAIR:- #ETH/USDT
⚡️ Direction : LONG
🛠 Leverage: ...nt Usage:- 1 - 2%
(According To your Risk Setting)",934d88f7fb3b129265d1123eec750fb6,2026-09-11T14:23:59+00:00,2026-09-14T11:23:40.618436+00:00,950,legeendofcrypto
1268164,37219,"ETH / USDT 

SHORT SHORT SHORT 

IST ENTRY AT MARKET PRICE 

TP 2600 , 2590

SL 2680

20x Leverage",f35459a70b83b4110ea87a5736cb187f,2026-09-11T14:23:59+00:00,2026-09-14T11:23:40.463748+00:00,950,legeendofcrypto
1268215,37211,"$SOL SHORT (100x) ⚡️

ENTRY : 101👍

TARGETS PRICE:...9.60
2⃣ 98.00
3️⃣ 96.00
🤩 93.38

⛔️STOP LOSS : 108",c44f29ccbbd254d0f97338c731f5c49e,2026-09-11T13:49:17+00:00,2026-09-14T11:23:41.069274+00:00,950,legeendofcrypto
1268200,37210,"#MARSCOIN/ USDT — BUY (LONG) 
Leverage: Cross 25x ...T IS KEY
👉 Use ONLY 2 – 3% of your total portfolio",6f7e6d36cc2d1bc9b00dd7401c5ece76,2026-09-11T13:49:17+00:00,2026-09-14T11:23:40.933176+00:00,950,legeendofcrypto
1268158,37207,"💵 𝐒𝐈𝐆𝐍𝐀𝐋 𝐀𝐋𝐄𝐑𝐓 💵

#AIO/USDT (25xSHORT)

✅ ENTRY:0....TARGETS:-0.03950/0.03750/0.034

❌ STOP LOSS: 0.046",b0cc64e8d8b69d1d3beecb5a43aa87cf,2026-09-11T13:49:17+00:00,2026-09-14T11:23:40.136627+00:00,950,legeendofcrypto
1268157,37208,"#LONG 🟢🔤🔤🔤🔤🔤

#STX/USDT

Margin Mode : Isolated 💎
...6

🟥 SL : 0.2484 - 100%   

📊 LEV : 20X

🇯🇵Premium",a6521b82cd1ff4e42b704229442cbba9,2026-09-11T13:49:17+00:00,2026-09-14T11:23:40.132716+00:00,950,legeendofcrypto
1268154,37201,"#THETA/ USDT — BUY (LONG) 
Leverage: Cross 25x – 5...T IS KEY
👉 Use ONLY 2 – 3% of your total portfolio",ee157bed2280bd93defc06128b050be5,2026-09-11T13:49:17+00:00,2026-09-14T11:23:39.823738+00:00,950,legeendofcrypto
1268152,37204,"📊 Let’s LONG #MAGMA/USDT

💥 Leverage:  Cross 20×  ...1) 0.2575
2) 0.2660
3) 0.2780

🔖 Stop Loss: 0.2360",477227ec3ece86817fa5f8354e8050ae,2026-09-11T13:49:17+00:00,2026-09-14T11:23:39.818734+00:00,950,legeendofcrypto
1268151,37206,"📈 LONG #NIULAI/USDT

🚀 LEVERAGE : 50x

📊 ENTRY PRI...3

TP🟢0.148

TP🟢0.154

STOPLOSS 🔴0.133

REACTIONS?",b4c7b82d7152f0753e9be608c1fa702a,2026-09-11T13:49:17+00:00,2026-09-14T11:23:39.818076+00:00,950,legeendofcrypto
1268149,37199,"#MAGMA/USDT

📈Signal: long Leverage: Cross 50X

⚡️...even after TP1 is hit.

📣Trade Smart • Follow Risk",a65f4f7dd727ae6f3c409918076237ff,2026-09-11T13:49:16+00:00,2026-09-14T11:23:39.559992+00:00,950,legeendofcrypto
1268145,37194,"ETH/USD SELL 

Entry : $ 2501

Target1: $  2482
Target2: $  2442
Target3: $  2414


SL : $ 2539",9606fda8a195f00a1e7cf5028ad3a934,2026-09-11T13:08:31+00:00,2026-09-14T11:23:25.802464+00:00,950,legeendofcrypto
1268140,37196,"⭐ FF /USDT — LONG

💵 ENTRY: 0.16400-0.15000

⚙️ LE...o

📌 Follow the setup and manage your risk wisely.",8ac37ae37d7ce88519043a0428b15c41,2026-09-11T13:08:31+00:00,2026-09-14T11:23:25.768800+00:00,950,legeendofcrypto
1268144,37192,"🚨 NEW TRADE SIGNAL 🚨

📊 USELESS/USDT — LONG 

📍 EN...Manage your risk & trade responsibly.

🔥 LET’S GO!",ea4f353aec122b4a5e246e3447f275d9,2026-09-11T13:02:07+00:00,2026-09-14T11:23:25.796015+00:00,950,legeendofcrypto
1268142,37188,"#USELESS/USDT

📈Signal: long Leverage: Cross 50X

...even after TP1 is hit.

📣Trade Smart • Follow Risk",3830f4220c4c90b99eea89d183a05c1e,2026-09-11T13:02:07+00:00,2026-09-14T11:23:25.783029+00:00,950,legeendofcrypto
1268139,37191,"⭐ RAY /USDT — LONG

💵 ENTRY: 1.6090-1.5500

⚙️ LEV...o

📌 Follow the setup and manage your risk wisely.",9e65d0723304d258d80c15f4d861f62b,2026-09-11T13:02:07+00:00,2026-09-14T11:23:25.756015+00:00,950,legeendofcrypto
1268132,37182,"🌈PAIR:- #MET/USDT
⚡️ Direction : LONG
🛠 Leverage: ...nt Usage:- 1 - 2%
(According To your Risk Setting)",4b86a82ba9354c81319c1a4050bd2a9a,2026-09-11T12:26:10+00:00,2026-09-14T11:23:25.606902+00:00,950,legeendofcrypto
1268117,37179,"✅ Long

#ETC/USDT

Entry zone : 7.247 - 7.472

Tak...955
8.178
8.401

Stop loss :6.94896

Leverage: 10x",ed901040bbc888f2005ac05e09dcffdb,2026-09-11T12:26:10+00:00,2026-09-14T11:23:25.345428+00:00,950,legeendofcrypto
1268106,37183,"$ETH SHORT ⚡️

ENTRY : 2455👍

TARGETS PRICE:🔼

1️⃣ 2425
2⃣ 2389
3️⃣ 2350
🤩 2277

⛔️STOP LOSS : 2588",812b22f8fe689c82000b1a60c1fd9519,2026-09-11T12:26:10+00:00,2026-09-14T11:23:25.315202+00:00,950,legeendofcrypto
1268068,37176,"#MET/USDT BUY (LONG) 

⚡️Leverage : Cross 25x to 5....2590

⚠️Use only 3% - 5% amount of your portfolio",5b58836241f67e22574d131cd17346f3,2026-09-11T12:26:10+00:00,2026-09-14T11:23:25.037498+00:00,950,legeendofcrypto
1268120,37169,"#LAB LONG

0.06300

Low fund use high risky",bd57b939bbb1e470b881bb47078aba17,2026-09-11T11:04:09+00:00,2026-09-14T11:23:25.354050+00:00,950,legeendofcrypto
1268114,37167,"🔰 PAIR: ALICE/ USDT 💹

🟢Position: LONG🚀

☑️ Entry ...:
🥇 0.1264
🥈 0.1272
🥉 0.1284

❌ Stop Loss: 🔴0.1242",fcf86d919fb4ed867497c22bbdfb9a39,2026-09-11T11:04:09+00:00,2026-09-14T11:23:25.333141+00:00,950,legeendofcrypto
1268083,37170,"💰#LAB / USDT👑

💎Setup Type: Strong LONG  🔖Opportun...TP ➝ 0.07300

4️⃣TP ➝ 0.08700

🚫Stop Loss: 0.05500",1fa711913d6a090db2ca3673dfd4323b,2026-09-11T11:04:09+00:00,2026-09-14T11:23:25.207113+00:00,950,legeendofcrypto
1268088,37164,LABUSDT LONG NOW,f9c09a92d4c106bd6f674e990fc11f34,2026-09-11T10:39:29+00:00,2026-09-14T11:23:25.235146+00:00,950,legeendofcrypto
1268086,37165,"⭐️$LAB/USDT  LONG

🛡Leverage : Cross 25x50

‼️Entr....05142

Use only 3% - 5% amount of your portfolio🛍",b88affde25a2361a5d9cb72de12b71da,2026-09-11T10:39:29+00:00,2026-09-14T11:23:25.231383+00:00,950,legeendofcrypto
1268129,37161,"🚨 #FF/USDT | LONG

⚡Leverage: Cross 50x

🎯Entry Ta... follow the signal and secure profits at targets.💎",53e26f12ac0630ce608537f8f45d6751,2026-09-11T10:31:42+00:00,2026-09-14T11:23:25.488683+00:00,950,legeendofcrypto
1268124,37163,"💵COIN NAME : #LAB/USDT

📈POSITION : LONG(BUY)

📊 L...
TP3 = 0.064

🔖 STOPLOSS  = 0.056


SHOW REACTIONS",2122ebd27bb34a3d7f80297df68a3731,2026-09-11T10:31:42+00:00,2026-09-14T11:23:25.380564+00:00,950,legeendofcrypto
1268073,37160,"🚨 #LAB/USDT | LONG

⚡Leverage: Cross 50x

🎯Entry T... follow the signal and secure profits at targets.💎",0d0529b2a94d0712b36488eff2b5d529,2026-09-11T10:31:42+00:00,2026-09-14T11:23:25.112320+00:00,950,legeendofcrypto
1268094,37158,"🟢ETH/USDT My Short Trade Setup

Leverage 100X

Ent... 2420

Stop Loss  :  2485

Follow Money Management",622722d184b0bae0f98c5ed9f19e0e2d,2026-09-11T10:31:41+00:00,2026-09-14T11:23:25.288001+00:00,950,legeendofcrypto
1268082,37159,"➡️ #LAB      /USDT (SHORT) 🔽🔽

⌛LEVERAGE : 20X TO ...0


💥Use only 1%margin of your total portfolio❤️😘😇",a81acc92a30b424b097a026df6ea189e,2026-09-11T10:31:41+00:00,2026-09-14T11:23:25.175226+00:00,950,legeendofcrypto
1268121,37155,"💰#ROYSOL #RAY/ USDT👑

💎Setup Type: Strong LONG  🔖O...

🥉TP ➝ 1.7500

4️⃣TP ➝ 1.9500

🚫Stop Loss: 1.4250",06814aa9e7c2976f51886e0b4b301385,2026-09-11T10:19:10+00:00,2026-09-14T11:23:25.375721+00:00,950,legeendofcrypto
1268119,37156,"✨ADA/USDT

🎗 Trade Type = SHORT 🔴

⭐️ Leverage :- ...[ 0.2021, 0.1997, 0.1978, 0.1955, 0.1934, 0.1913 ]",6de73c9c677a70d6752ff33a0efc9c94,2026-09-11T10:19:10+00:00,2026-09-14T11:23:25.353025+00:00,950,legeendofcrypto
1268095,37144,"#NIULAI/USDT BUY (LONG) 

⚡️Leverage : Cross 25x t....1420

⚠️Use only 3% - 5% amount of your portfolio",7dc2393c4c29948fb4e1de8d139fe09c,2026-09-11T09:58:28+00:00,2026-09-14T11:23:25.289935+00:00,950,legeendofcrypto
1268079,37147,"📈 LONG #NIULAI/USDT

🚀 LEVERAGE : 50x

📊 ENTRY PRI...8

TP🟢0.156

TP🟢0.165

STOPLOSS 🔴0.136

REACTIONS?",177160e2d0fa68f83d71ac521685d56d,2026-09-11T09:58:28+00:00,2026-09-14T11:23:25.152981+00:00,950,legeendofcrypto
1268100,37138,"🚀 #FFUSDT SHORT SIGNAL 🚀

📌 ENTRY ➜ 0.1652

🎯 TAKE...ch this move together!

🔑 Trade Smart • Trade Safe",d23f64ac8b3773cb493d23ddda8f30b8,2026-09-11T09:14:35+00:00,2026-09-14T11:23:25.305992+00:00,950,legeendofcrypto
1268116,37133,"#4USDT — BUY (LONG) 
🎉
🟢 Leverage: Cross  50x75

⚡...Risk Management:
Use only 2%– 3%of your portfolio.",38595dab214b1dd2c5d21627ef85ec3e,2026-09-11T09:05:40+00:00,2026-09-14T11:23:25.344742+00:00,950,legeendofcrypto
1268111,37128,"#VTHO LONG 0.0005950

USE LOW MARGIN HIGH RISKY",747fb31aa2f216275bee0ea91320af0c,2026-09-11T08:34:24+00:00,2026-09-14T11:23:25.328400+00:00,950,legeendofcrypto
1268096,37129,"💰#VTHO/ USDT👑

💎Setup Type: Strong LONG  🔖Opportun....0007000

4️⃣TP ➝ 0.0008500

🚫Stop Loss: 0.0004700",cb3361cb5059e61581e62f282a9e70d8,2026-09-11T08:34:24+00:00,2026-09-14T11:23:25.291519+00:00,950,legeendofcrypto
1268110,37127,"🔴 SHORT

#NEO/USDT

Entry zone : 2.248 - 2.183

Ta...040
1.974
1.908

Stop loss :2.33581

Leverage: 10x",9ce05e038d63b43edd47b3f292d5eb52,2026-09-11T08:26:04+00:00,2026-09-14T11:23:25.326317+00:00,950,legeendofcrypto
1268089,37125,"Long #4USDT 0.019800

Tp 0.020325",49d9573dedd254a34666580f9f7d61e7,2026-09-11T08:26:04+00:00,2026-09-14T11:23:25.244357+00:00,950,legeendofcrypto
1268081,37126,"#4/USDT

📈Signal: long Leverage: Cross 50X

⚡️Entr...even after TP1 is hit.

🔈Trade Smart • Follow Risk",c7c944c888f65217b12b6a10c925c450,2026-09-11T08:26:04+00:00,2026-09-14T11:23:25.179849+00:00,950,legeendofcrypto
1268071,37123,"⭐️$SAGA/USDT  LONG

🛡Leverage : Cross 25x50

‼️Ent....01466

Use only 3% - 5% amount of your portfolio🛍",f24af5517da03a4c3616a17766687bac,2026-09-11T08:26:04+00:00,2026-09-14T11:23:25.102445+00:00,950,legeendofcrypto
1268077,37117,"🔴 SHORT

#THETA/USDT

Entry : 

1) 0.1857
2) 0.191...0.1728

🛑 Stop : 0.1973

Leverage : 10x (isolated)",280b3301d56a3fe5d30755c40fdc88f9,2026-09-11T08:12:00+00:00,2026-09-14T11:23:25.116285+00:00,950,legeendofcrypto
1268074,37116,"⭐️$NIULAI/USDT  LONG

🛡Leverage : Cross 25x50

‼️E....09974

Use only 3% - 5% amount of your portfolio🛍",0868c399a24632a3473b55212af80363,2026-09-11T08:12:00+00:00,2026-09-14T11:23:25.114368+00:00,950,legeendofcrypto
1268122,37111,"🚩 LONG #LSK/USDT

⚙️ 50X LEVERAGE

🛡 Entry: 0.1349...: 0.14050
TP3: 0.14350

🛑 SL: 0.12680

🔥REACTIONS?",566459de7760f1999b28b5b3408f0a11,2026-09-11T07:36:30+00:00,2026-09-14T11:23:25.382678+00:00,950,legeendofcrypto
1268075,37110,LONG #LSK 0.13490,087107495b201f9a1107872c0945dfac,2026-09-11T07:36:30+00:00,2026-09-14T11:23:25.115424+00:00,950,legeendofcrypto
1268064,37102,"🚀 LONG: $MARSCOIN/USDT🚀
LEVERAGE: 20X-50X

🤍 ENTRY...30- 0.1430
—————

❌ STOP LOSS: 0.1040❌


REACTIONS",d967acd57f4e8f830f813afa7c1ccd27,2026-09-11T07:26:18+00:00,2026-09-14T11:23:24.985145+00:00,950,legeendofcrypto
1268062,37100,"Trade: #ENA/USDT

Direction: 📈 LONG 

🟢 Entry Rang...20
• Target 6: 0.1536

💠 Leverage : 5x - 10x - 20x",d9c4274fb7c6eb2fdb31f62937263959,2026-09-11T07:26:18+00:00,2026-09-14T11:23:24.968419+00:00,950,legeendofcrypto
1268053,37101,"🚀 $DOGS/USDT PERP 🚀

🟢 LONG

💰 Entry : 0.0000475$ ... – 25X

⛔️ SL : 0.000042$

📌 Use Only 2-5% Capital",7e48456324a47f0f3f12b737ddbda96f,2026-09-11T07:26:18+00:00,2026-09-14T11:23:24.680531+00:00,950,legeendofcrypto
1268057,37099,"⚡️$XAN/USDT⚡️

LONG
Leverage: 25X 

Entry: 0.0118
...h target.

📈 Risk Managed Trade | High R:R Setup 💎",ffe0f9ae4bb72545e48ef31c27d0a377,2026-09-11T07:26:10+00:00,2026-09-14T11:23:24.696660+00:00,950,legeendofcrypto
1268054,37098,"📊#FF/USDT–SHORT–30x 🚀

📍 𝐄𝐧𝐭𝐫𝐲 𝐙𝐨𝐧𝐞:

➥ 0.1693, 0....tal.

⚠️ Disclaimer:
Trade at your own risk. DYOR.",540f80c5a3426df273a0f4afcbf957a7,2026-09-11T07:26:10+00:00,2026-09-14T11:23:24.687743+00:00,950,legeendofcrypto
1276644,37514,"🔴 Short

Pair: #ZIL/USDT

📊 Entry Price: 

1) 0.00...0.0025401

Stop Loss: 0.0029009

Leverage: 10x-20x",7d694ac8dfab6c2b3f6aba60c5d89b48,2026-09-12T07:45:35+00:00,2026-09-14T12:45:06.556877+00:00,950,legeendofcrypto
1276627,37512,"🟢 Long

#COMP/USDT

Entry : 

1) 19.94
2) 19.34

T...) 21.30

🛑 Stop : 18.68

Leverage : 10x (isolated)",93375f5402dbf75f781fee8288971c70,2026-09-12T07:45:35+00:00,2026-09-14T12:45:06.501223+00:00,950,legeendofcrypto
1276624,37513,"💵 𝐒𝐈𝐆𝐍𝐀𝐋 𝐀𝐋𝐄𝐑𝐓 💵

#RIVER/USDT (25xLONG)

✅ ENTRY:1...2/1.36

TARGETS:-1.47/1.54/1.63

❌ STOP LOSS: 1.21",bfc1e5273c0fd767fecf18d4bdbdfae4,2026-09-12T07:45:35+00:00,2026-09-14T12:45:06.494663+00:00,950,legeendofcrypto
1276639,37505,"↗️ SPOT CALL (BINANCE)

#TUT/USDT 🥂

BUY BELOW: Ma... 0.02300 - 0.02600++ 🔥🔥

No Leverage — Spot Only 💎",66b1ca1377332349998dcdead061bf40,2026-09-12T07:45:34+00:00,2026-09-14T12:45:06.540444+00:00,950,legeendofcrypto
1276634,37508,"🌹 #PUNDIX/USDT

🟢 LONG

✅ Entry: 0.113- 0.1096

❌ ...l advice.
💰 Stay disciplined. Protect your capital",c634b554599b326c657ca976d1252215,2026-09-12T07:45:34+00:00,2026-09-14T12:45:06.521957+00:00,950,legeendofcrypto
1276653,37485,"📊 4/USDT — LONG 

📍 ENTRY: CMP

🎯 TARGET 1: 0.27
🎯...Manage your risk & trade responsibly.

🔥 LET’S GO!",ced1637b7a25e97da6ed9359bf9cda74,2026-09-12T07:45:33+00:00,2026-09-14T12:45:06.578027+00:00,950,legeendofcrypto
1276645,37489,"Coin #PUNDIX /USDT

Position: LONG 

Leverage:  Cr...rgets: 🎯 0.1150, 0.1180, 0.1220

Stop Loss: 0.1060",8325124c3472a90ec577edda42e35193,2026-09-12T07:45:33+00:00,2026-09-14T12:45:06.558028+00:00,950,legeendofcrypto
1276643,37493,"#LSK/USDT LONG     

👉Leverage : Cross 10× To 30×
...

1)  0.221
2)  0.233
3)  0.257

⭕Stoploss : 0.204",4c3bdbf9a88e71b3a8d8540ae7536793,2026-09-12T07:45:33+00:00,2026-09-14T12:45:06.551997+00:00,950,legeendofcrypto
1276622,37482,"#ETHFIUSDT — BUY (LONG) 
🎉
🟢 Leverage: Cross  50x7...Risk Management:
Use only 2%– 3%of your portfolio.",6a7344cd2e5d3c1d3b4e62670498c52a,2026-09-12T07:45:33+00:00,2026-09-14T12:45:06.490653+00:00,950,legeendofcrypto
1276613,37491,"⌛#JUP/USDT  ( SHORT )

🍁 Leverage 👉 20X to 25X 

⛩...63 | 0.2339 | 0.2311 | 0.2288

🔕 Stoploss = 0.2527",eae39ec16292cd671bb647543ef05a8e,2026-09-12T07:45:33+00:00,2026-09-14T12:45:06.462759+00:00,950,legeendofcrypto
1276598,37484,"#SOMIUSDT — BUY (LONG) 
🎉
🟢 Leverage: Cross  50x75...Risk Management:
Use only 2%– 3%of your portfolio.",51a96770f3e7386c95ff4e47f67e571e,2026-09-12T07:45:33+00:00,2026-09-14T12:45:06.320408+00:00,950,legeendofcrypto
1276603,37480,"📊 Let’s SHORT #MARSCOIN/USDT

💥 Leverage:  Cross 2...1) 0.1020
2) 0.0960
3) 0.0850

🔖 Stop Loss: 0.1255",1141975a2024685ef5217361e118f3f9,2026-09-12T07:45:32+00:00,2026-09-14T12:45:06.381134+00:00,950,legeendofcrypto
1276518,37323,"🚨 #NIULAI/USDT | SHORT

⚡Leverage: Cross 50x

🎯Ent... follow the signal and secure profits at targets.💎",6b3d05b80dff31098b6fc98f7275c79c,2026-09-12T05:49:46+00:00,2026-09-14T12:44:51.637432+00:00,950,legeendofcrypto
1276515,37324,"🚨 #SUSHI/USDT / LONG

⚡Leverage: Cross 50x

🎯Entry... follow the signal and secure profits at targets.💎",25e20897cd79acc7c1570da4c29dd9a9,2026-09-12T05:49:46+00:00,2026-09-14T12:44:51.628677+00:00,950,legeendofcrypto
1276507,37317,"🚨 #RIVER/USDT | LONG

⚡Leverage: Cross 50x

🎯Entry... follow the signal and secure profits at targets.💎",1194ecc6d6ba35b90816010e16b0594c,2026-09-11T20:05:05+00:00,2026-09-14T12:44:51.447931+00:00,950,legeendofcrypto
1276494,37314,"✨MINA/USDT

🎗 Trade Type = SHORT 🔴

⭐️ Leverage :-...990, 0.09875, 0.09778, 0.09679, 0.09554, 0.09441 ]",6ad70df88773b8b43a6d173d20d3142b,2026-09-11T19:14:13+00:00,2026-09-14T12:44:51.304817+00:00,950,legeendofcrypto
1276493,37310,"$BATUSDT

LONG

RR : 2

LEVERAGE : 20x

ENTRY : 0....1

TAKE PROFITS 👇

1️⃣ 0.07494

STOPLOSS : 0.06952",cf094843644c7946ab7961779227935e,2026-09-11T18:28:48+00:00,2026-09-14T12:44:51.061818+00:00,950,legeendofcrypto
1276492,37307,"🚨 #DOGS/USDT | LONG

⚡Leverage: Cross 50x

🎯Entry ... follow the signal and secure profits at targets.💎",19cfd01a5ccd074a962fc3871e28db7c,2026-09-11T18:28:48+00:00,2026-09-14T12:44:51.058683+00:00,950,legeendofcrypto
1276490,37309,"💰#LAB / USDT👑

💎Setup Type: Strong LONG  🔖Opportun...TP ➝ 0.08500

4️⃣TP ➝ 0.09700

🚫Stop Loss: 0.06400",9b84659b050e3c010918df6e8d501ef9,2026-09-11T18:28:48+00:00,2026-09-14T12:44:50.951224+00:00,950,legeendofcrypto
1276483,37302,"🚀 #TSTUSDT LONG SIGNAL 🚀

📌 ENTRY ➜ 0.01562

🎯 TAK...ch this move together!

🔓 Trade Smart • Trade Safe",f70f768df40200679e6e0242db272659,2026-09-11T17:08:15+00:00,2026-09-14T12:44:50.652574+00:00,950,legeendofcrypto
1282793,37663,"Pair: #ONDO/USDT

Long • (25X)

Entry
0.3471 - 0.3...t your own risk. Always use proper risk management",20afab003adc0605cea6d302ca5ef18d,2026-09-12T20:03:50+00:00,2026-09-14T14:08:49.541850+00:00,950,legeendofcrypto
1282794,37662,"✅ Long

#ETH/USDT

Entry zone : 2439.55 - 2515.00
...2752.66
2827.74

Stop loss :2338.95

Leverage: 10x",d0addbd1e8eeb026761a3d0b50733b1b,2026-09-12T19:58:33+00:00,2026-09-14T14:08:49.548610+00:00,950,legeendofcrypto
1282767,37633,"$NEARUSDT

SHORT

RR : 2

LEVERAGE : 40x

ENTRY : 2.387

TAKE PROFITS 👇

1️⃣ 2.324

STOPLOSS : 2.418",1d737cb100a5f480efdaff74519b56b0,2026-09-12T18:34:17+00:00,2026-09-14T14:08:48.287611+00:00,950,legeendofcrypto
1282766,37632,"⌛#TAO/USDT  ( SHORT )

🍁 Leverage 👉 20X to 25X 

⛩...42 | 224.35 | 221.61 | 219.07

🔕 Stoploss = 248.07",8deb3163c3ae35929d64fca6c0daa42c,2026-09-12T18:34:17+00:00,2026-09-14T14:08:48.280096+00:00,950,legeendofcrypto
1282765,37629,"✅ Long

Pair: #TRB/USDT

📊 Entry Price: 

1) 17.33...57
4) 18.519

Stop Loss: 16.241

Leverage: 10x-20x",8f78b3164a25281433f6f7f488f3eb00,2026-09-12T17:56:17+00:00,2026-09-14T14:08:48.246743+00:00,950,legeendofcrypto
1282768,37628,"✅ Long

#DASH/USDT

Entry zone : 54.03 - 55.71

Ta....31
60.97
62.63

Stop loss :51.8103

Leverage: 10x",0b76a03c25cce8fb980b87eb31260582,2026-09-12T16:55:25+00:00,2026-09-14T14:08:48.290073+00:00,950,legeendofcrypto
1282760,37627,"🟢 Long

#BCH/USDT

Entry : 

1) 228.58
2) 221.72

...244.21

🛑 Stop : 214.17

Leverage : 10x (isolated)",36a66c8fd80b2c6d560e2b8671fb8044,2026-09-12T16:55:25+00:00,2026-09-14T14:08:48.000877+00:00,950,legeendofcrypto
1282763,37625,"🟢LONG  #BTCUSDT

🔶 Entry : 77300 - 77400

➡️ Lever...ake Profit Targets :

👉 78400

🛑 Stop Loss : 76200",b5b9d7b2a3358e53dff71a64fa8b3c80,2026-09-12T16:34:18+00:00,2026-09-14T14:08:48.033223+00:00,950,legeendofcrypto
1282762,37626,"🔰 PAIR: ETH/ USDT 💹

🔴Position: SHORT🚀

☑️ Entry Z... Targets:
🥇 2532
🥈 2528
🥉 2520

❌ Stop Loss: 🔴2546",add0eadc7cbde9c0b2dc801195df4637,2026-09-12T16:34:18+00:00,2026-09-14T14:08:48.004801+00:00,950,legeendofcrypto
1282758,37624,"📈 LONG #LSK/USDT

🚀 LEVERAGE : 50x

📊 ENTRY PRICE ...

TP🟢0.270

TP🟢0.280

STOPLOSS 🔴0.242


REACTIONS?",4072fe254a6e3e8ddffc760d12ded276,2026-09-12T16:34:18+00:00,2026-09-14T14:08:47.973800+00:00,950,legeendofcrypto
1282756,37622,"LONG —SUI

Entry: 0.7284

Targets: 0.7357 / 0.7479... 0.8041

Stop: 0.6915

Move SL to entry after TP1.",a15825628ad048486866a498967f7450,2026-09-12T16:34:18+00:00,2026-09-14T14:08:47.940061+00:00,950,legeendofcrypto
1282759,37620,"✨HBAR/USDT

🎗 Trade Type = LONG 🟢

⭐️ Leverage :- ...526, 0.07611, 0.07673, 0.07757, 0.07841, 0.07940 ]",a21b6a78cf203be469eaa7f7073fd52b,2026-09-12T15:16:40+00:00,2026-09-14T14:08:47.982034+00:00,950,legeendofcrypto
1282757,37621,"Link/Usdt long 🟢
with 0.5% Wallet on market price ...osite movement pe jo 5% around the liq manage zero",3d7097107e2096484d570d18ee203e25,2026-09-12T15:16:40+00:00,2026-09-14T14:08:47.952882+00:00,950,legeendofcrypto
1282755,37618,"🚀 LONG: $TA/USDT
LEVERAGE: 50x

✔️ENTRY PRICE: 0.0...-0.06700-0.07000

STOP LOSS:  0.05850


REACTIONS?",e655b1eb0f81e8270328894c30cf0396,2026-09-12T15:16:40+00:00,2026-09-14T14:08:47.937363+00:00,950,legeendofcrypto
1282754,37619,"🚀 LONG
CELO/USDT
ENTRY 0.08085

🚀 0.08379
🚀 0.0889... CROSS )
LEVRAGE 10x- 40x

1% WALLET 

DCA 0.07878",01f2a89cc3b34f59210a03f3a5e403d7,2026-09-12T15:16:40+00:00,2026-09-14T14:08:47.929125+00:00,950,legeendofcrypto
1282753,37617,"$FLOCK LONG NOW📊

ENTRY (0.07150)🔄

TPS (0.07400-0.07672-0.08100)🔼

STOP (0.06000)⛔️",e726db4a9644851387bd9f560054658d,2026-09-12T15:16:40+00:00,2026-09-14T14:08:47.908897+00:00,950,legeendofcrypto
1282752,37616,"🚨 #GRIFFAIN/USDT | LONG

⚡Leverage: Cross 50x

🎯En... follow the signal and secure profits at targets.💎",6360dc9810fe3e3045e27562c826d33d,2026-09-12T15:16:40+00:00,2026-09-14T14:08:47.864684+00:00,950,legeendofcrypto
1282751,37615,"⭐ LSK /USDT — LONG

💵 ENTRY: 0.23000-0.22000

⚙️ L...o

📌 Follow the setup and manage your risk wisely.",09ca1dabb3c85acc981158aca1055920,2026-09-12T13:56:12+00:00,2026-09-14T14:08:47.770900+00:00,950,legeendofcrypto
1282663,37614,LSK long now,dabe7b188c1258c6e534fa78a8e25535,2026-09-12T13:56:12+00:00,2026-09-14T14:08:32.011700+00:00,950,legeendofcrypto
1282662,37613,"🚨 #LSK/USDT | LONG

⚡Leverage: Cross 50x

🎯Entry T... follow the signal and secure profits at targets.💎",0359bc7d5e5a65b9b27bb86baa6f0250,2026-09-12T13:56:12+00:00,2026-09-14T14:08:31.976085+00:00,950,legeendofcrypto
1282661,37612,"#SHORT 🔴 🔤🔤🔤🔤🔤

#STX/USDT 

Margin Mode : Isolated...2529

🟩 SL : 0.2729- 100%

📊 LEV : 30X

🇯🇵 Premium",330b4dfbfd57be6f897e5f254dd66fde,2026-09-12T13:56:12+00:00,2026-09-14T14:08:31.963289+00:00,950,legeendofcrypto
1282660,37611,"➡️ #LSK       /USDT (SHORT) 🔽🔽

⌛LEVERAGE : 20X TO...9


💥Use only 1%margin of your total portfolio❤️😘😇",fad0b99e2fe5cec7028f415b2f518b27,2026-09-12T13:32:10+00:00,2026-09-14T14:08:31.949273+00:00,950,legeendofcrypto
1282659,37610,"📈 LONG #LSK/USDT

🚀 LEVERAGE : 50x

📊 ENTRY PRICE ...
TP🟢0.250

TP🟢0.260

STOPLOSS 🔴0.223



REACTIONS?",d661e5f7927e2203967d00e99ba03618,2026-09-12T13:32:10+00:00,2026-09-14T14:08:31.941159+00:00,950,legeendofcrypto
1282658,37609,"📈 LONG #LSK/USDT

🚀 LEVERAGE : 50x

📊 ENTRY PRICE ...7

TP🟢0.234

TP🟢0.246

STOPLOSS 🔴0.210

REACTIONS?",7bad34ae1d6f0e18b1ef3e6bd0d0e690,2026-09-12T13:08:42+00:00,2026-09-14T14:08:31.883421+00:00,950,legeendofcrypto
1282657,37608,"🔴 SHORT

#KAVA/USDT

Entry : 

1) 0.070910
2) 0.07...6004

🛑 Stop : 0.075377

Leverage : 10x (isolated)",7995d9d94ca0ff76e711218d5c3a61a6,2026-09-12T13:08:42+00:00,2026-09-14T14:08:31.762819+00:00,950,legeendofcrypto
1282655,37602,"🚀 #OPENUSDT LONG SIGNAL 🚀

📌 ENTRY ➜ 0.1328

🎯 TAK...ch this move together!

🔓 Trade Smart • Trade Safe",73942b547784cc806a4644a6f6406e6a,2026-09-12T12:52:50+00:00,2026-09-14T14:08:31.517797+00:00,950,legeendofcrypto
1282651,37603,"#LAB/ USDT — BUY (LONG) 
Leverage: Cross 25x – 50x...T IS KEY
👉 Use ONLY 2 – 3% of your total portfolio",386700c60541754c484189c0fc08ef91,2026-09-12T12:52:50+00:00,2026-09-14T14:08:31.475862+00:00,950,legeendofcrypto
1282650,37601,"🚀 #JCTUSDT LONG SIGNAL 🚀

📌 ENTRY ➜ 0.001584

🎯 TA...ch this move together!

🔓 Trade Smart • Trade Safe",beb3670759459e6648c24abdae9b7015,2026-09-12T12:52:50+00:00,2026-09-14T14:08:31.426125+00:00,950,legeendofcrypto
1282648,37596,"🚨 #UNI/USDT | LONG

⚡Leverage: Cross 50x

🎯Entry T... follow the signal and secure profits at targets.💎",ab11cd2e324d9379fc30a93c807afe75,2026-09-12T12:52:50+00:00,2026-09-14T14:08:31.304035+00:00,950,legeendofcrypto
1282646,37594,"⭐ RIVER /USDT — LONG

💵 ENTRY: 1.2700-1.2000

⚙️ L...o

📌 Follow the setup and manage your risk wisely.",8d509b1929fe2bdbfe2a808d98b2b50d,2026-09-12T11:57:14+00:00,2026-09-14T14:08:31.063187+00:00,950,legeendofcrypto
1282644,37590,"⭐ TA /USDT — LONG

💵 ENTRY: 0.05940-0.05500

⚙️ LE...o

📌 Follow the setup and manage your risk wisely.",fb215f22bce4b957f3cb9df19aaf6edc,2026-09-12T11:57:13+00:00,2026-09-14T14:08:30.987731+00:00,950,legeendofcrypto
1282641,37587,"#ACE | SHORT SETUP

💰 Entry: $0.15993

🎯 Target1: ...t4: $0.15385
🎯 Target5: $0.15161

🛡 STOP: $0.16793",46d72ecb540d421aedad3ef51ae77279,2026-09-12T11:30:22+00:00,2026-09-14T14:08:30.863604+00:00,950,legeendofcrypto
1282640,37586,"💫 Pair: USELESS/USDT  💫

🔼 Direction: Long 🔼

✅ Le...Take Profit: 0.2650 📈

⚠️ Stop Loss: 0.2120 ⚠️

📈📈",caeaddeda9be8cecab58a1ae071fe0dd,2026-09-12T11:30:22+00:00,2026-09-14T14:08:30.809843+00:00,950,legeendofcrypto
1282639,37585,"↗️ LONG #LAB 50x

📌 Entry: 0.07450

🎯 TP: 0.07600
...t Usage: 1-3%
⚠️ According to your risk management",9984872fb163c117673e200c0d4a2a8e,2026-09-12T11:30:22+00:00,2026-09-14T14:08:30.696819+00:00,950,legeendofcrypto
1282638,37583,Short lsk now,0c4b759346bf6b7ffa6ad38cf96d3d0d,2026-09-12T11:30:22+00:00,2026-09-14T14:08:30.660764+00:00,950,legeendofcrypto
1282637,37584,"⭐ LSK /USDT — SHORT

💵 ENTRY: 0.02200-0.02300

⚙️ ...o

📌 Follow the setup and manage your risk wisely.",f4cd5bb71a97f7cfb0af81faa670fcbe,2026-09-12T11:30:22+00:00,2026-09-14T14:08:30.655415+00:00,950,legeendofcrypto
1282636,37582,"🔘 Coin : #4/USDT 🔘

🔴 SHORT

🔺Entry🔻: 0.022931

⭐️... 0.021783

♦️ StopLoss : 0.023718

🔱 Leverage: 25x",4a0ae642e63c836b0413981945e151fd,2026-09-12T11:20:14+00:00,2026-09-14T14:08:30.583899+00:00,950,legeendofcrypto
1282635,37581,"#FLOCK/USDT

📈Signal: long Leverage: Cross 20X

⚡️...even after TP1 is hit.

📣Trade Smart • Follow Risk",d7123575ad8d00d06c657595a37814a5,2026-09-12T11:20:14+00:00,2026-09-14T14:08:30.514692+00:00,950,legeendofcrypto
1282631,37577,"⭐️$LSK/USDT  SHORT

🛡Leverage : Cross 25x50

‼️Ent....24729

Use only 3% - 5% amount of your portfolio🛍",0eb13ac447b1af7dbc62cbe163089a86,2026-09-12T11:10:56+00:00,2026-09-14T14:08:30.432655+00:00,950,legeendofcrypto
1282629,37576,LSKUSDT SHORT NOW,500bece0a648b9bb1c188bb449aedb6f,2026-09-12T11:10:56+00:00,2026-09-14T14:08:30.257944+00:00,950,legeendofcrypto
1282628,37574,"📊#UAI/USDT — LONG

⚡️ Leverage : 10X – 30X

💹Entry...Entry After TP1

⚖️ Follow Proper Risk Management.",293a56064d13bba6c1d7e922aa07987a,2026-09-12T10:39:04+00:00,2026-09-14T14:08:30.100474+00:00,950,legeendofcrypto
1282626,37572,"💰#LSK/ USDT👑

💎Setup Type: Strong LONG  🔖Opportuni...TP ➝ 0.24000

4️⃣TP ➝ 0.32000

🚫Stop Loss: 0.17700",92a9a96677667d6a37df6dd29573bde8,2026-09-12T10:16:23+00:00,2026-09-14T14:08:30.028475+00:00,950,legeendofcrypto
1282625,37571,"🚨 #UAI/USDT | LONG

⚡Leverage: Cross 50x

🎯Entry T... follow the signal and secure profits at targets.💎",366ab19e34feebf7082be6bc527cd940,2026-09-12T10:10:50+00:00,2026-09-14T14:08:30.022159+00:00,950,legeendofcrypto
1282624,37568,"🔰 PAIR: OP/ USDT 💹

🟢Position: LONG🚀

☑️ Entry Zon...:
🥇 0.0977
🥈 0.0982
🥉 0.0992

❌ Stop Loss: 🔴0.0960",5bc15de9121c195727cd785581501e23,2026-09-12T10:10:50+00:00,2026-09-14T14:08:29.940528+00:00,950,legeendofcrypto
1282623,37570,"➡️ #UAI       /USDT (SHORT) 🔽🔽

⌛LEVERAGE : 20X TO...9


💥Use only 1%margin of your total portfolio❤️😘😇",e76e734f9064d2a5066a438435aa5294,2026-09-12T10:10:50+00:00,2026-09-14T14:08:29.908887+00:00,950,legeendofcrypto
1282622,37569,"🛎️ Trade: #SOMI/USDT

Direction: 📈 LONG 

🟢 Entry ...74
• Target 6: 0.1589

💠 Leverage : 5x - 10x - 20x",2c465f60c9b39ddde3f0380afe0da8bc,2026-09-12T10:10:50+00:00,2026-09-14T14:08:29.841886+00:00,950,legeendofcrypto
1282621,37567,"🟢HYPE/USDT My Long Trade 

Leverage 75X

Entry Poi...0.500

Stop Loss   78.500

Follow Money Management",d1947827b3108fc8da9ddd6279dab953,2026-09-12T10:10:49+00:00,2026-09-14T14:08:29.836894+00:00,950,legeendofcrypto
1282620,37566,"🚨 #AKE/USDT | SHORT

⚡Leverage: Cross 50x

🎯Entry ... follow the signal and secure profits at targets.💎",c99bcc647e0b04016b1d06dcfa12501c,2026-09-12T09:45:07+00:00,2026-09-14T14:08:29.771057+00:00,950,legeendofcrypto
1282619,37565,"➡️ #RIVER      /USDT (LONG) 🔼🔼

⌛LEVERAGE : 20X TO...0


💥Use only 1%margin of your total portfolio❤️😘😇",92be073ae72374828053d8e357a0a8da,2026-09-12T09:41:56+00:00,2026-09-14T14:08:29.678019+00:00,950,legeendofcrypto
1282564,37562,"🚀 #SOPHUSDT LONG SIGNAL 🚀

📌 ENTRY ➜ 0.004813

🎯 T...ch this move together!

🔓 Trade Smart • Trade Safe",a11887d9b739d041a4e902f809332a23,2026-09-12T09:41:56+00:00,2026-09-14T14:08:26.955381+00:00,950,legeendofcrypto
1282553,37561,SOPH LONG 0.004813 TP1 0.004915,8b6dbb1f565e11137d4061b16072cddc,2026-09-12T09:41:56+00:00,2026-09-14T14:08:26.924894+00:00,950,legeendofcrypto
1282516,37563,"Coin #MOVR/USDT

Position: LONG 

Leverage:  Cross...0.77

Targets: 🎯 0.81, 0.83, 0.85

Stop Loss: 0.75",cb3c4d988670584cbc8e3859318e6afc,2026-09-12T09:41:56+00:00,2026-09-14T14:08:26.513866+00:00,950,legeendofcrypto
1282563,37560,"#LSKUSDT — BUY (LONG) 
🎉
🟢 Leverage: Cross  50x75
...Risk Management:
Use only 2%– 3%of your portfolio.",43c96bac35873d4b4db306375b21883c,2026-09-12T09:28:42+00:00,2026-09-14T14:08:26.953765+00:00,950,legeendofcrypto
1282573,37558,"#RIVER/USDT SHORT     

👉Leverage : Cross 10× To 3...t

1)  1.253
2)  1.230
3)  1.200

⭕Stoploss : 1.36",bdba8ac53d3417211a8da70365f819be,2026-09-12T09:24:17+00:00,2026-09-14T14:08:27.020202+00:00,950,legeendofcrypto
1282569,37554,"⭐️$LAB/USDT  LONG

🛡Leverage : Cross 25x50

‼️Entr....06092

Use only 3% - 5% amount of your portfolio🛍",da342ef42e3a6febf8985c8499f8d031,2026-09-12T09:24:17+00:00,2026-09-14T14:08:26.982533+00:00,950,legeendofcrypto
1282556,37557,"🚨 #LAB/USDT — TRADE LONG

LEVERAGE 25X TO 50X

⚡️ ...
⛔️ STOP LOSS: 0.07000

🪖 NO FEAR — JUST PROFITS 🧲",2d112489d8762a698490bea90c2f7200,2026-09-12T09:24:17+00:00,2026-09-14T14:08:26.930447+00:00,950,legeendofcrypto
1282547,37555,"✅ Long

Pair: #ALGO/USDT

📊 Entry Price: 

1) 0.09...) 0.098753

Stop Loss: 0.086606

Leverage: 10x-20x",e7e9e77ba00c55b2d92a7fcba142cfc0,2026-09-12T09:24:17+00:00,2026-09-14T14:08:26.899660+00:00,950,legeendofcrypto
1282515,37553,LABUSDT LONG NOW,f9c09a92d4c106bd6f674e990fc11f34,2026-09-12T09:24:17+00:00,2026-09-14T14:08:26.509421+00:00,950,legeendofcrypto
1282544,37550,"⚡️$KAVA/USDT⚡️

SHORT 
Leverage: 35X 

Entry: 0.07....063808
4)0.061750
5)0.059691

Stoploss: 0.0730489",ae3ddce1fe6d3ef9f8f12fae8cd7ded1,2026-09-12T09:03:44+00:00,2026-09-14T14:08:26.890920+00:00,950,legeendofcrypto
1282555,37545,"🔴 SHORT

#KAVA/USDT

Entry zone : 0.070318 - 0.068...1750
0.059691

Stop loss :0.0730489

Leverage: 10x",1e8443a459db3b2a29c6324f5e326970,2026-09-12T08:47:40+00:00,2026-09-14T14:08:26.929644+00:00,950,legeendofcrypto
1282530,37547,"💰#UNI / USDT👑

💎Setup Type: Strong LONG  🔖Opportun...600

🥉TP ➝ 7.500

4️⃣TP ➝ 8.300

🚫Stop Loss: 5.500",07cce642c868dc9cfabf23d44fba04c7,2026-09-12T08:47:40+00:00,2026-09-14T14:08:26.552341+00:00,950,legeendofcrypto
1282519,37544,"Coin #LSK/USDT

Position: LONG 

Leverage:  Cross ...rgets: 🎯 0.2025, 0.2080, 0.2140

Stop Loss: 0.1875",6c2a3a8e6c7c8a501e4f7dffacdcb3bd,2026-09-12T08:47:40+00:00,2026-09-14T14:08:26.516838+00:00,950,legeendofcrypto
1282508,37539,"🐳 LSK/USDT #SHORT🐳

✳️ ENTRY :- 0.195 - 0.204

💢 L...: 0.170

⛔️ STOP-LOSS :- 0.218

☝️ Margin Use 2–3%",11d72abec0febf18f9c9e33392d40a24,2026-09-12T08:06:47+00:00,2026-09-14T14:08:26.296805+00:00,950,legeendofcrypto
1282509,37537,"📊#GRIFFAIN/USDT–LONG–30x 🚀

📍 𝐄𝐧𝐭𝐫𝐲 𝐙𝐨𝐧𝐞:

➥ 0.013...tal.

⚠️ Disclaimer:
Trade at your own risk. DYOR.",223b3203c2ff1e47d6df4df9992e153a,2026-09-12T07:58:44+00:00,2026-09-14T14:08:26.319488+00:00,950,legeendofcrypto
1282525,37533,"🔴 SHORT

#ZRX/USDT

Entry : 

1) 0.1068
2) 0.1100
...0.0994

🛑 Stop : 0.1135

Leverage : 10x (isolated)",200e5e2cec7e8fb84e69eb72d807f8bf,2026-09-12T07:55:32+00:00,2026-09-14T14:08:26.543170+00:00,950,legeendofcrypto
1282518,37536,"#ALCH/USDT

📈Signal: long Leverage: Cross 20X

⚡️E...even after TP1 is hit.

📣Trade Smart • Follow Risk",ad407dbb463e195d1601a60f24cd7a2c,2026-09-12T07:55:32+00:00,2026-09-14T14:08:26.518963+00:00,950,legeendofcrypto
1282488,37532,"#GRIFFAIN/USDT LONG     

👉Leverage : Cross 10× To...  0.0135
2)  0.0137
3)  0.0143

⭕Stoploss : 0.0127",e98a228a1a00acde13d3da4bd54b34aa,2026-09-12T07:55:32+00:00,2026-09-14T14:08:25.954091+00:00,950,legeendofcrypto
1282512,37521,"$PUNDIX/USDT #LONG📩

✅ENTRY :-0.1080/0.1030

Targe...𝐎𝐧𝐥𝐲 𝟏-𝟑% 𝐎𝐟 𝐎𝐮𝐫 𝐃𝐞𝐩𝐨𝐬𝐢𝐭 𝐅𝐨𝐫 𝐄𝐚𝐜𝐡 𝐓𝐫𝐚𝐝𝐞

React,??m",250ddf1b56bb194a3ab6ba1131f00c44,2026-09-12T07:45:40+00:00,2026-09-14T14:08:26.486319+00:00,950,legeendofcrypto
1282487,37520,"Coin #BEAT /USDT

Position: LONG 

Leverage:  Cros...rgets: 🎯 0.0970, 0.1010, 0.1050

Stop Loss: 0.0850",527bc9e7b86bf99ef61de91b351eae3f,2026-09-12T07:45:40+00:00,2026-09-14T14:08:25.951551+00:00,950,legeendofcrypto
1282483,37518,"🪙 Coin: #MINA/USDT
🧭 Type: #LONG

📈 Entry Zone:
0.... within the zone and maintain strict risk control.",a6bfb53c23692265af8f4c6131361b9b,2026-09-12T07:45:40+00:00,2026-09-14T14:08:25.716336+00:00,950,legeendofcrypto
1282482,37517,"🔴 SHORT

#KAVA/USDT

Entry zone : 0.069051 - 0.067...0637
0.058616

Stop loss :0.0717328

Leverage: 10x",bd6b59ec66532ff33038bca8d47011c0,2026-09-12T07:45:40+00:00,2026-09-14T14:08:25.713359+00:00,950,legeendofcrypto
1282480,37516,"🚀 $LSK/USDT PERP 🚀

🟢 LONG

💰 Entry : 0.205$ – 0.1... 5X – 25X

⛔️ SL : 0.145$

📌 Use Only 2-5% Capital",1c64ae17624bc34ce635bdca9e32cbb9,2026-09-12T07:45:35+00:00,2026-09-14T14:08:25.697336+00:00,950,legeendofcrypto
1282476,37515,"📊 #MINA/USDT

🟢 POSITION: LONG

💰 ENTRY RANGE
➤ 0....
➤ 0.092

━━━━━━━━━━━━━━━━━━

✅ Manage risk wisely",eaae9f373b0c6557a34a7e0a03993c65,2026-09-12T07:45:35+00:00,2026-09-14T14:08:24.766368+00:00,950,legeendofcrypto
1287704,37929,"💰#BERA/ USDT👑

💎Setup Type: Strong LONG  🔖Opportun...

🥉TP ➝ 0.2500

4️⃣TP ➝ 0.3200

🚫Stop Loss: 0.1600",d73760f0298f0bab74a41101d4d4344c,2026-09-13T14:52:13+00:00,2026-09-14T15:24:42.179497+00:00,950,legeendofcrypto
1287696,37930,"#WLD $WLD LONG TRADE

ENTRY: 0.396

TARGET: 0.427

STOPLOSS: 0.388",ac16c173d0de1d4cbfd5fc0c1372316e,2026-09-13T14:52:13+00:00,2026-09-14T15:24:42.154409+00:00,950,legeendofcrypto
1287695,37935,"⭐️$LSK/USDT  LONG

🛡Leverage : Cross 25x50

‼️Entr....60550

Use only 3% - 5% amount of your portfolio🛍",d063fa3998dcd36b0ae7b902e8d03773,2026-09-13T14:52:13+00:00,2026-09-14T15:24:42.152438+00:00,950,legeendofcrypto
1287675,37931,"🪙#CVC/USDT

🚩POSITION — LONG

🔒  LEVERAGE — 20X75
...0.04470
TP🥉: 0.04700

⛔️ SL: 0.03800

🔥REACTIONS?😜",96aa1d49fe936dbfcd06df6339b91175,2026-09-13T14:52:13+00:00,2026-09-14T15:24:42.060811+00:00,950,legeendofcrypto
1287666,37936,"💫 Pair: INJ/USDT  💫

🔼 Direction: Long 🔼

✅ Levera...
📈 Take Profit: 6.60 📈

⚠️ Stop Loss: 5.700 ⚠️

📈📈",7e159dd7d08312935ed54b2fdb9aab20,2026-09-13T14:52:13+00:00,2026-09-14T15:24:42.045430+00:00,950,legeendofcrypto
1287663,37933,"⭐️$CVC/USDT  SHORT

🛡Leverage : Cross 25x50

‼️Ent....04528

Use only 3% - 5% amount of your portfolio🛍",0bf9b89c891b3d7eb37fcc9e2fca9cae,2026-09-13T14:52:13+00:00,2026-09-14T15:24:42.037818+00:00,950,legeendofcrypto
1287642,37934,LSKUSDT LONG NOW,07887acd90ec447520841ce4b3124c9c,2026-09-13T14:52:13+00:00,2026-09-14T15:24:41.917909+00:00,950,legeendofcrypto
1287681,37923,"💰#STEEM/ USDT👑

💎Setup Type: Strong SHORT  🔖Opport...TP ➝ 0.06000

4️⃣TP ➝ 0.05500

🚫Stop Loss: 0.07400",391a472c5b120ffb55266024b56b030b,2026-09-13T12:53:46+00:00,2026-09-14T15:24:42.114056+00:00,950,legeendofcrypto
1287676,37925,"📉 SHORT #ARK/USDT 

🚀 LEVERAGE : 50x

📊 ENTRY PRIC...0

TP🟢0.163

TP🟢0.155

STOPLOSS 🔴0.183

REACTIONS?",7ec4a0e5f7dd8caecff63ef4eecd1a1b,2026-09-13T12:53:46+00:00,2026-09-14T15:24:42.065431+00:00,950,legeendofcrypto
1287707,37917,"DOGE/USDT Long Trade Setup⭐️

Leverage 75X

Entry ...8520

Stop Loss   0.08305

Follow Money Management",c038b5bfafc7d8569f16a1a240d9c95e,2026-09-13T12:43:14+00:00,2026-09-14T15:24:42.188659+00:00,950,legeendofcrypto
1287690,37920,"➡️ #CVC       /USDT (SHORT) 🔽🔽

⌛LEVERAGE : 20X TO...6


💥Use only 1%margin of your total portfolio❤️😘😇",04ddd3d57048b96cb59f30069ac1e25f,2026-09-13T12:43:14+00:00,2026-09-14T15:24:42.132956+00:00,950,legeendofcrypto
1287668,37919,"📈 LONG #LSK/USDT

🚀 LEVERAGE : 50x

📊 ENTRY PRICE ...70

TP🟢1.00

TP🟢1.04

STOPLOSS 🔴0.890


REACTIONS?",cfc00ddae4b5a0aec7eca1faa91505c9,2026-09-13T12:43:14+00:00,2026-09-14T15:24:42.052367+00:00,950,legeendofcrypto
1287656,37916,"⭐️$STEEM/USDT  SHORT

🛡Leverage : Cross 25x50

‼️E....08723

Use only 3% - 5% amount of your portfolio🛍",6bba5333fea0bf5cf6e86b9a3dec2fd3,2026-09-13T12:43:14+00:00,2026-09-14T15:24:42.002018+00:00,950,legeendofcrypto
1287701,37914,"#REZ/ USDT — BUY (LONG) 
Leverage: Cross 25x – 50x...T IS KEY
👉 Use ONLY 2 – 3% of your total portfolio",239da11f66ece09e93d4e65645b2f709,2026-09-13T12:14:12+00:00,2026-09-14T15:24:42.164584+00:00,950,legeendofcrypto
1287702,37911,"🔴 SHORT

#ZIL/USDT

Entry : 

1) 0.0029390
2) 0.00...356

🛑 Stop : 0.0031241

Leverage : 10x (isolated)",6927be9a998a7808cdbde85dff746fe4,2026-09-13T12:04:26+00:00,2026-09-14T15:24:42.167167+00:00,950,legeendofcrypto
1287674,37903,"#BTW/USDT

📈Signal: long Leverage: Cross 20X

⚡️En...even after TP1 is hit.

📣Trade Smart • Follow Risk",f2adab61d9315db6242afa298984e3c9,2026-09-13T12:04:26+00:00,2026-09-14T15:24:42.059559+00:00,950,legeendofcrypto
1287665,37905,"✨NEAR/USDT

🎗 Trade Type = SHORT 🔴

⭐️ Leverage :-...fit = [ 2.254, 2.231, 2.206, 2.189, 2.162, 2.134 ]",a3c67548ca5e48a1633b29de26589f09,2026-09-13T12:04:26+00:00,2026-09-14T15:24:42.046306+00:00,950,legeendofcrypto
1287661,37904,"🚀 #TAIKOUSDT LONG SIGNAL 🚀

📌 ENTRY ➜ 0.08490

🎯 T...ch this move together!

🔓 Trade Smart • Trade Safe",e21f60c2dc50afbbdadabba967c01671,2026-09-13T12:04:26+00:00,2026-09-14T15:24:42.034285+00:00,950,legeendofcrypto
1287655,37906,"🔴 SHORT

#THETA/USDT

Entry zone : 0.2165 - 0.2102...
0.1901
0.1837

Stop loss :0.224914

Leverage: 10x",e9cfc2351bd4adc35010f2c46051f798,2026-09-13T12:04:26+00:00,2026-09-14T15:24:41.998129+00:00,950,legeendofcrypto
1287627,37908,"Coin #LSK /USDT

Position: SHORT 

Leverage:  Cros...1.03

Targets: 🎯 0.92, 0.86, 0.79

Stop Loss: 1.07",dd62d7b5b750d5e202f326ff2729a056,2026-09-13T12:04:26+00:00,2026-09-14T15:24:41.744742+00:00,950,legeendofcrypto
1287711,37900,"Long #ARK 50x 0.1840

Tp: 0.1900",ccd3407761c3fb4d4f4b04f861878790,2026-09-13T12:04:14+00:00,2026-09-14T15:24:42.201114+00:00,950,legeendofcrypto
1287680,37899,"#PUNDIXUSDT — BUY (LONG) 
🎉
🟢 Leverage: Cross  50x...Risk Management:
Use only 2%– 3%of your portfolio.",6472391af3780adb3e67707c76abf77c,2026-09-13T12:04:14+00:00,2026-09-14T15:24:42.113021+00:00,950,legeendofcrypto
1287706,37892,"✅ Long

Pair: #ATOM/USDT

📊 Entry Price: 

1) 1.57....652
4) 1.685

Stop Loss: 1.478

Leverage: 10x-20x",7f6516eecbd60479bd22188127c813a2,2026-09-13T09:46:34+00:00,2026-09-14T15:24:42.186738+00:00,950,legeendofcrypto
1287687,37888,"🚀 $API3/USDT PERP 🚀

🟢 LONG

💰 Entry : 0.255$ – 0.... 5X – 25X

⛔️ SL : 0.210$

📌 Use Only 2-5% Capital",1114fb2672ca60d0a9f3fdd71503f96e,2026-09-13T09:46:34+00:00,2026-09-14T15:24:42.127043+00:00,950,legeendofcrypto
1287683,37890,"$LTCUSDT

SHORT

RR : 2

LEVERAGE : 40x

ENTRY : 53.86

TAKE PROFITS 👇

1️⃣ 52.45

STOPLOSS : 54.56",9c52684485dce151155fbd310958afd8,2026-09-13T09:46:34+00:00,2026-09-14T15:24:42.116487+00:00,950,legeendofcrypto
1287679,37889,"🔰 PAIR: SAND/ USDT 💹

🟢Position: LONG🚀

☑️ Entry Z...0.03594
🥈 0.03623
🥉 0.03677

❌ Stop Loss: 🔴0.03495",6a4c62f59be80f211b5332ef69e12d91,2026-09-13T09:46:34+00:00,2026-09-14T15:24:42.071006+00:00,950,legeendofcrypto
1287677,37885,"🚀 LONG: $ARK/USDT
LEVERAGE: 50x

✔️ENTRY PRICE: 0....750-0.1800-0.1900

STOP LOSS:  0.1600


REACTIONS?",26d70642447c3cfd0c99a42c9a78f7ba,2026-09-13T09:46:34+00:00,2026-09-14T15:24:42.070208+00:00,950,legeendofcrypto
1287670,37887,"⭐ ARK /USDT — LONG

💵 ENTRY: 0.1700-0.1680

⚙️ LEV...o

📌 Follow the setup and manage your risk wisely.",3db54b440872ae9b035a7ee7e911b9f2,2026-09-13T09:46:34+00:00,2026-09-14T15:24:42.054691+00:00,950,legeendofcrypto
1287638,37880,"$AVA SHORTNOW

ENTRY: 0.195- 0.200

TP:- 0.185- 0.175- 0.160

SL:- 0.0220",5ad02fca1e487ce08f149cd93c3b0ffa,2026-09-13T08:41:09+00:00,2026-09-14T15:24:41.887610+00:00,950,legeendofcrypto
1287688,37876,"🌈PAIR:- #ARK/USDT
⚡️ Direction : LONG
🛠 Leverage: ...nt Usage:- 1 - 2%
(According To your Risk Setting)",d8667ca01257c77d79c35f0a5860988b,2026-09-13T07:56:26+00:00,2026-09-14T15:24:42.129974+00:00,950,legeendofcrypto
1287672,37877,"🚀 LONG: $AVA/USDT
LEVERAGE: 50x

✔️ENTRY PRICE: 0....2100-0.2180-0.2350

STOP LOSS:  0.1940

REACTIONS?",6b97001fe943fca5fc97034d1407eb97,2026-09-13T07:56:26+00:00,2026-09-14T15:24:42.057188+00:00,950,legeendofcrypto
1287658,37874,"#ANIMEUSDT — BUY (LONG) 
🎉
🟢 Leverage: Cross  50x7...Risk Management:
Use only 2%– 3%of your portfolio.",157f28f3a50c23b0b3f22006a3003f64,2026-09-13T07:52:22+00:00,2026-09-14T15:24:42.018536+00:00,950,legeendofcrypto
1287708,37872,"🚀 #API3USDT LONG SIGNAL 🚀

📌 ENTRY ➜ 0.2520

🎯 TAK...ch this move together!

🔓 Trade Smart • Trade Safe",07f9146db80e979bb00b582cf8f05f86,2026-09-13T07:52:14+00:00,2026-09-14T15:24:42.191566+00:00,950,legeendofcrypto
1287643,37871,API3 LONG 0.2520 TP1 0.2582,3e658bab0c013cdcd3792ca9d394d3dd,2026-09-13T07:52:14+00:00,2026-09-14T15:24:41.923107+00:00,950,legeendofcrypto
1287647,37868,"#PUNDIX / USDT — BUY (LONG) 
Leverage: Cross 25x –...T IS KEY
👉 Use ONLY 2 – 3% of your total portfolio",d6f9c912fca494c994db8d4e45ade66d,2026-09-13T07:27:06+00:00,2026-09-14T15:24:41.975391+00:00,950,legeendofcrypto
1287632,37860,"⭐️$STEEM/USDT  SHORT

🛡Leverage : Cross 25x50

‼️E....08534

Use only 3% - 5% amount of your portfolio🛍",2a17757d143ba8c97e01c12b53ea3af6,2026-09-13T07:18:10+00:00,2026-09-14T15:24:41.844852+00:00,950,legeendofcrypto
1287616,37859,STEEMUSDT SHORT NOW,0a8b787f11243861398402f8c0334ef9,2026-09-13T07:18:10+00:00,2026-09-14T15:24:41.607108+00:00,950,legeendofcrypto
1287700,37853,"🟢GRIFFAIN/USDT 📈

📈 long Setup 

💰 Entry Zone: 0.0...et 1. 
✅ Move SL to breakeven after Target 1 hits.",3a95630eea51bee33a9f5f9a9fbd6e05,2026-09-13T07:17:52+00:00,2026-09-14T15:24:42.162330+00:00,950,legeendofcrypto
1287684,37851,"🔴 SHORT

#QTUM/USDT

Entry zone : 0.986843 - 0.958...66601
0.837714

Stop loss :1.025167

Leverage: 10x",bdf8cdf41c6320908c372856c4a42126,2026-09-13T07:17:52+00:00,2026-09-14T15:24:42.119756+00:00,950,legeendofcrypto
1287646,37852,"#LONG 🟢🔤🔤🔤🔤🔤

#SEI/USDT

Margin Mode : Isolated 💎
...

🟥 SL : 0.04247 - 100%   

📊 LEV : 20X

🇯🇵Premium",187c736ee4115c8b111e686c154001f5,2026-09-13T07:17:52+00:00,2026-09-14T15:24:41.934358+00:00,950,legeendofcrypto
1287625,37849,"🔰 KAVA/USDT 🔰

🟢 LONG 20X

🔳 ENTRY :- 0.079

☑️ TARGET:- 0.081 - 0.085 - 0.091

🔴 STOP :- 0.074",d5409e498526b37474dd67dd02dea77e,2026-09-13T07:17:52+00:00,2026-09-14T15:24:41.731942+00:00,950,legeendofcrypto
1287619,37850,"🐳 POLYX/USDT #LONG🐳

✳️ ENTRY :- 0.042 - 0.040

💢 ...: 0.048

⛔️ STOP-LOSS :- 0.038

☝️ Margin Use 2–3%",06ee3892aed9f94a2e01a06a6ebe5062,2026-09-13T07:17:52+00:00,2026-09-14T15:24:41.621497+00:00,950,legeendofcrypto
1287654,37844,"📍Coin : #AVNT/USDT

🟢 LONG 

👉 Entry: 0.1018 - 0.0...t 5: 0.1069
🎯 Target 6: 0.1080

❌ StopLoss: 0.0962",ed782693be84771e601c341d3b39f5c3,2026-09-13T07:17:47+00:00,2026-09-14T15:24:41.995403+00:00,950,legeendofcrypto
1287621,37846,"🔴 Short

Pair: #NEO/USDT

📊 Entry Price: 

1) 2.25....141
4) 2.094

Stop Loss: 2.391

Leverage: 10x-20x",407d168edba99dd8fec543d0f74545bb,2026-09-13T07:17:47+00:00,2026-09-14T15:24:41.644875+00:00,950,legeendofcrypto
1287649,37841,"🔴 Short

Pair: #KAVA/USDT

📊 Entry Price: 

1) 0.0...) 0.074828

Stop Loss: 0.085454

Leverage: 10x-20x",dc8927bcf3aa599abf1a447e5a0c008e,2026-09-13T07:17:46+00:00,2026-09-14T15:24:41.977346+00:00,950,legeendofcrypto
1287637,37842,"📊 #POWR/USDT

🟢 POSITION: LONG

💰 ENTRY RANGE
➤ 0....
➤ 0.070

━━━━━━━━━━━━━━━━━━

✅ Manage risk wisely",258da97a21a3872f7fbd37d1e28f6dfd,2026-09-13T07:17:46+00:00,2026-09-14T15:24:41.883286+00:00,950,legeendofcrypto
1287631,37834,"#LSK/USDT SHORT     

👉Leverage : Cross 10× To 30×...fit

1)  0.76
2)  0.65
3)  0.53

⭕Stoploss : 0.920",1aac9cc3cb7dbe5628c148c25a13d05e,2026-09-13T07:17:45+00:00,2026-09-14T15:24:41.843572+00:00,950,legeendofcrypto
1287620,37833,#LSK SHORT 0.803,7e1aa1d7dcd6fa29377cc5701d30ed15,2026-09-13T07:17:45+00:00,2026-09-14T15:24:41.630833+00:00,950,legeendofcrypto
1287641,37824,"🚀 #BIGTIMEUSDT LONG SIGNAL 🚀

📌 ENTRY ➜ 0.007548

...ch this move together!

🔓 Trade Smart • Trade Safe",c39aabcac200eac1221f958d8a858098,2026-09-13T07:17:23+00:00,2026-09-14T15:24:41.919012+00:00,950,legeendofcrypto
1287686,37820,"#OPENUSDT — BUY (LONG) 
🎉
🟢 Leverage: Cross  50x75...Risk Management:
Use only 2%– 3%of your portfolio.",bd00cc9e2a7d991249e7b03b8052f901,2026-09-13T07:17:22+00:00,2026-09-14T15:24:42.125645+00:00,950,legeendofcrypto
1287577,37818,"📊#FLOCK/USDT — LONG

⚡️ Leverage : 10X – 30X

💹Ent...Entry After TP1

⚖️ Follow Proper Risk Management.",a0127940963e8ba093c93f070c2cda26,2026-09-13T07:17:17+00:00,2026-09-14T15:24:29.057016+00:00,950,legeendofcrypto
1287576,37815,"#CTR/USDT

📈Signal: long Leverage: Cross 20X

⚡️En...even after TP1 is hit.

📣Trade Smart • Follow Risk",9b645a03b4b1f4cecbfcadbe2f520211,2026-09-13T07:17:05+00:00,2026-09-14T15:24:29.054304+00:00,950,legeendofcrypto
1287567,37812,"Long #CTR 0.011700

Tp 0.012700",c4c51a612082fe360fcf599f2573aed4,2026-09-13T07:16:09+00:00,2026-09-14T15:24:29.029033+00:00,950,legeendofcrypto
1295517,38345,"#LSK/USDT

📈Signal: short Leverage: Cross 50X

⚡️E...even after TP1 is hit.

📣Trade Smart • Follow Risk",9fc2e5b53e39fcb14387a3b7c4f836c0,2026-09-14T14:18:52+00:00,2026-09-14T18:06:57.800583+00:00,950,legeendofcrypto
1295508,38343,"EXCHANGE/BYBIT/BITUNIX/OKX📌 


DAY TRADE 🏆

SHORT/...agement 🏆


Use only 5% of your 📈Available balance",913345ab73a091d7cdebbcf4e5470712,2026-09-14T14:18:52+00:00,2026-09-14T18:06:57.778115+00:00,950,legeendofcrypto
1295502,38348,"#AVAAIUSDT — BUY (LONG) 
🎉
🟢 Leverage: Cross  50x7...Risk Management:
Use only 2%– 3%of your portfolio.",86f5658026aa93f95c92600f9f9fe02d,2026-09-14T14:18:52+00:00,2026-09-14T18:06:57.731886+00:00,950,legeendofcrypto
1295467,38344,"Short lsk 0.4535 50x

Tp 1 0.4350",533bb9ad13d2accfae3ccfee80dcebd1,2026-09-14T14:18:52+00:00,2026-09-14T18:06:57.542825+00:00,950,legeendofcrypto
1295514,38339,"#RONIN/USDT

📈Signal: long Leverage: Cross 20X

⚡️...even after TP1 is hit.

📣Trade Smart • Follow Risk",b802ba03d1722f4df1512fca1b5df08b,2026-09-14T13:29:21+00:00,2026-09-14T18:06:57.795800+00:00,950,legeendofcrypto
1295506,38335,"🔰 PAIR: ALICE/ USDT 💹

🟢Position: LONG🚀

☑️ Entry ...:
🥇 0.1305
🥈 0.1313
🥉 0.1332

❌ Stop Loss: 🔴0.1274",5dc3263cc801adfce38e5fb74a6c4903,2026-09-14T13:29:17+00:00,2026-09-14T18:06:57.773396+00:00,950,legeendofcrypto
1295473,38336,"📊 Let’s LONG #AIN/USDT

💥 Leverage:  Cross 20×  - ...1) 0.0100
2) 0.1050
3) 0.1120

🔖 Stop Loss: 0.0926",80befa126d81fb59db51be6fac9967e0,2026-09-14T13:29:17+00:00,2026-09-14T18:06:57.564621+00:00,950,legeendofcrypto
1295494,38334,"#SHORT 🔴 🔤🔤🔤🔤🔤

#POL/USDT (RISKY)

Margin Mode : I...164

🟩 SL : 0.09874- 100%

📊 LEV : 30X

🇯🇵 Premium",8003a6505c4c6099681ddee997015188,2026-09-14T13:29:16+00:00,2026-09-14T18:06:57.649886+00:00,950,legeendofcrypto
1295474,38333,"#AIN/ USDT — BUY (LONG) 
Leverage: Cross 25x – 50x...T IS KEY
👉 Use ONLY 2 – 3% of your total portfolio",a49b81ec200516b61290db40ef8f10bd,2026-09-14T13:29:11+00:00,2026-09-14T18:06:57.569593+00:00,950,legeendofcrypto
1295507,38323,"BTC/USD SELL 

Entry : $  77449

Target1: $  77130
Target2: $ 75886
Target3: $ 75035

SL : $ 78441",25cc590d4c7691579aabe3fc95cf3f45,2026-09-14T13:17:14+00:00,2026-09-14T18:06:57.774102+00:00,950,legeendofcrypto
1295499,38324,"⭐ BR /USDT — LONG

💵 ENTRY: 0.49700-0.47200

⚙️ LE...o

📌 Follow the setup and manage your risk wisely.",876a2a324f5a2bd7b2979cfce0045bac,2026-09-14T13:17:14+00:00,2026-09-14T18:06:57.720006+00:00,950,legeendofcrypto
1295511,38316,"Btc 78-81k zone bear market btc short ke liye entr... uper rakh ke

Dca 82k- 86k 
long term tp 76k- 72k",308c2eb76278b5666ac27203ccc68f74,2026-09-14T13:17:13+00:00,2026-09-14T18:06:57.787089+00:00,950,legeendofcrypto
1295464,38310,"🚨 #SOL/USDT | SHORT

⚡Leverage: Cross 100X

🎯Entry... follow the signal and secure profits at targets.💎",8d71844aac669a430da31ed022eece08,2026-09-14T13:17:12+00:00,2026-09-14T18:06:57.533900+00:00,950,legeendofcrypto
1295518,38307,"⌛#LDO/USDT  ( LONG )

🍁 Leverage 👉 20X to 25X 

⛩️...99 | 0.3833 | 0.3876 | 0.3917

🔕 Stoploss = 0.3562",6097898d9a81b601ff2ecdecc9bd1df8,2026-09-14T12:42:33+00:00,2026-09-14T18:06:57.804359+00:00,950,legeendofcrypto
1295470,38308,"📊 Let’s LONG #BR/USDT

💥 Leverage:  Cross 20×  -  ...: 

1) 0.511
2) 0.534
3) 0.570

🔖 Stop Loss: 0.468",8ab08b7f2e6a7745b2a43e00539da900,2026-09-14T12:42:33+00:00,2026-09-14T18:06:57.551503+00:00,950,legeendofcrypto
1295486,38279,"#BR/ USDT — BUY (LONG) 
Leverage: Cross 25x – 50x
...T IS KEY
👉 Use ONLY 2 – 3% of your total portfolio",924c8dcd4c6af0377212c3b79bf5dd0e,2026-09-14T12:35:08+00:00,2026-09-14T18:06:57.590729+00:00,950,legeendofcrypto
1295479,38284,"👑 #REZ /USDT — TRADE LONG

LEVERAGE 25X TO 50X

🤑 ... STOP LOSS: 0.004300

⚡️ NO FEAR — JUST PROFITS ✔️",d58443975a1b1e0c5448058aaf9d97e1,2026-09-14T12:35:08+00:00,2026-09-14T18:06:57.576407+00:00,950,legeendofcrypto
1295468,38282,"➡️ #T      /USDT (LONG) 🔼🔼

⌛LEVERAGE : 20X TO 75X...6


💥Use only 1%margin of your total portfolio❤️😘😇",a260ec700ad10ec99eab488f4cb49b2f,2026-09-14T12:35:08+00:00,2026-09-14T18:06:57.544058+00:00,950,legeendofcrypto
1295449,38281,"➡️ #LA       /USDT (LONG) 🔼🔼

⌛LEVERAGE : 20X TO 7...6


💥Use only 1%margin of your total portfolio❤️😘😇",cca39e379353d4a641e1a5ffea3f29fd,2026-09-14T12:35:08+00:00,2026-09-14T18:06:57.377551+00:00,950,legeendofcrypto
1295445,38285,"🔴 SHORT

#XLM/USDT

Entry : 

1) 0.19030
2) 0.1960...17713

🛑 Stop : 0.20228

Leverage : 10x (isolated)",9b93f3eb8f584edff1a935e0fbada350,2026-09-14T12:35:08+00:00,2026-09-14T18:06:57.359175+00:00,950,legeendofcrypto
1295436,38280,"BTC/ USDT/ SHORT
Entry at market price 

Cross || ...only 1% of your wallet. 
Manage your risk properly",43eec4e659b1007cbb3585c0c55b2558,2026-09-14T12:35:08+00:00,2026-09-14T18:06:57.268426+00:00,950,legeendofcrypto
1295492,38277,"🚀 #LAUSDT LONG SIGNAL 🚀  LEVERAGE 50X-75X

📌 ENTRY...ch this move together!

🔓 Trade Smart • Trade Safe",1a7e478e12719cd8c74ea092fd0643eb,2026-09-14T11:36:15+00:00,2026-09-14T18:06:57.611483+00:00,950,legeendofcrypto
1295433,38275,"➡️ #SKYAI       /USDT (LONG) 🔼🔼

⌛LEVERAGE : 20X T...00

💥Use only 1%margin of your total portfolio❤️😘😇",223214652aa6afaf61ae6847eac6546c,2026-09-14T11:36:15+00:00,2026-09-14T18:06:57.219186+00:00,950,legeendofcrypto
1295460,38274,"📈 LONG #CVC/USDT 

🚀 LEVERAGE : 50x

📊 ENTRY PRICE...P🟢0.0369

TP🟢0.0385

STOPLOSS 🔴0.0330


REACTIONS?",b376d3245a9e04e9126aa97579d70033,2026-09-14T11:36:14+00:00,2026-09-14T18:06:57.512878+00:00,950,legeendofcrypto
1295456,38272,"⭐️$CVC/USDT  SHORT

🛡Leverage : Cross 25x50

‼️Ent....04249

Use only 3% - 5% amount of your portfolio🛍",d5da93b38d5d5effa0bb7d6257cace4b,2026-09-14T11:36:14+00:00,2026-09-14T18:06:57.486823+00:00,950,legeendofcrypto
1295471,38264,"#BANKUSDT — BUY (LONG) 
🎉
🟢 Leverage: Cross  50x75...Risk Management:
Use only 2%– 3%of your portfolio.",590da8de8f2694ba695ca5c41428378b,2026-09-14T10:53:14+00:00,2026-09-14T18:06:57.554532+00:00,950,legeendofcrypto
1295458,38267,"💵COIN NAME : #T/USDT

📈POSITION : LONG(BUY)

📊 LEV...
TP3 = 0.0060

🔖 STOPLOSS  = 0.0052

SHOW REACTION",624d37824c3bc75e38460befc86e7f69,2026-09-14T10:53:14+00:00,2026-09-14T18:06:57.502714+00:00,950,legeendofcrypto
1295457,38263,"#AIN/ USDT — BUY (LONG) 
Leverage: Cross 25x – 50x...T IS KEY
👉 Use ONLY 2 – 3% of your total portfolio",e6661e94913813f59ef7b62c7128dead,2026-09-14T10:53:14+00:00,2026-09-14T18:06:57.493382+00:00,950,legeendofcrypto
1295442,38269,"🔴 SHORT

#IOTA/USDT

Entry zone : 0.044454 - 0.043...9038
0.037736

Stop loss :0.0461812

Leverage: 10x",ea2e0547b7dd84f8e364317a4199ce7a,2026-09-14T10:53:14+00:00,2026-09-14T18:06:57.325327+00:00,950,legeendofcrypto
1295441,38268,"➡️ #CVC      /USDT (SHORT) 🔽🔽

⌛LEVERAGE : 20X TO ...0


💥Use only 1%margin of your total portfolio❤️😘😇",57f6a986cd3b00c32fbdab9745851dc9,2026-09-14T10:53:14+00:00,2026-09-14T18:06:57.320816+00:00,950,legeendofcrypto
1295440,38270,"#T/USDT LONG     

👉Leverage : Cross 10× To 30×

E...  0.0056
2)  0.0058
3)  0.0060

⭕Stoploss : 0.P052",d201fea242b71706ebd117d3958c9557,2026-09-14T10:53:14+00:00,2026-09-14T18:06:57.295983+00:00,950,legeendofcrypto
1295434,38265,"#B2USDT — BUY (LONG) 
🎉
🟢 Leverage: Cross  50x75

...Risk Management:
Use only 2%– 3%of your portfolio.",e7681c0e385ef1a275ccf2558a7c7901,2026-09-14T10:53:14+00:00,2026-09-14T18:06:57.223223+00:00,950,legeendofcrypto
1295476,38258,"👑 #REZ /USDT — TRADE LONG

LEVERAGE 25X TO 50X

🤑 ... STOP LOSS: 0.004620

☄️ NO FEAR — JUST PROFITS ✔️",7a8090af09777ff4cd3ef398c7ee2570,2026-09-14T10:06:03+00:00,2026-09-14T18:06:57.570286+00:00,950,legeendofcrypto
1295452,38261,"🔴 Short

Pair: #XRP/USDT

📊 Entry Price: 

1) 1.40...26
4) 1.3031

Stop Loss: 1.4882

Leverage: 10x-20x",a164babea2c3cb2b30c7480823850d3e,2026-09-14T10:06:03+00:00,2026-09-14T18:06:57.408349+00:00,950,legeendofcrypto
1295450,38259,"#REZ/USDT LONG     

👉Leverage : Cross 10× To 30×
...00502
2)  0.00520
3)  0.00560

⭕Stoploss : 0.00462",c0fdd206613afe2bc67901561be6017d,2026-09-14T10:06:03+00:00,2026-09-14T18:06:57.379117+00:00,950,legeendofcrypto
1295444,38256,"#LSKUSDT — BUY (LONG) 
🎉
🟢 Leverage: Cross  50x75
...Risk Management:
Use only 2%– 3%of your portfolio.",1305c85890ed099370636a3a9687ea52,2026-09-14T10:06:03+00:00,2026-09-14T18:06:57.357458+00:00,950,legeendofcrypto
1295437,38260,"#REZ/ USDT — BUY (LONG) 
Leverage: Cross 25x – 50x...T IS KEY
👉 Use ONLY 2 – 3% of your total portfolio",c97289861bad94c82e6d3f96a9eb196e,2026-09-14T10:06:03+00:00,2026-09-14T18:06:57.269126+00:00,950,legeendofcrypto
1295430,38252,"#LSKUSDT — BUY (LONG) 
🎉
🟢 Leverage: Cross  50x75
...Risk Management:
Use only 2%– 3%of your portfolio.",1305c85890ed099370636a3a9687ea52,2026-09-14T10:06:03+00:00,2026-09-14T18:06:57.145041+00:00,950,legeendofcrypto
1295424,38248,"⭐️$AIN/USDT  LONG

🛡Leverage : Cross 25x50

‼️Entr....08344

Use only 3% - 5% amount of your portfolio🛍",183cecba9d757333b10d61dee8d93c6b,2026-09-14T09:49:45+00:00,2026-09-14T18:06:56.891110+00:00,950,legeendofcrypto
1295422,38246,"📊 Let’s LONG #AIN/USDT

💥 Leverage:  Cross 20×  - ...
1) 0.1075
2) 0.1130
3) 0.1200

🔖 Stop Loss: 0.098",d1095a6aafaa196d848025d27b8c5b2d,2026-09-14T09:49:45+00:00,2026-09-14T18:06:56.752442+00:00,950,legeendofcrypto
1295420,38244,"Long #TUSDT 0.005025

Tp 0.005165",846b1a5d6e582f51c73b11880f95cc8b,2026-09-14T09:49:45+00:00,2026-09-14T18:06:42.111629+00:00,950,legeendofcrypto
1295418,38242,"#AIN/ USDT — BUY (LONG) 
Leverage: Cross 25x – 50x...T IS KEY
👉 Use ONLY 2 – 3% of your total portfolio",58fd795332b000daec416ac08b0a65a0,2026-09-14T09:49:45+00:00,2026-09-14T18:06:42.012405+00:00,950,legeendofcrypto
1295416,38240,"📉 SHORT #CVC/USDT 

🚀 LEVERAGE : 50x

📊 ENTRY PRIC...P🟢0.0335

TP🟢0.0320

STOPLOSS 🔴0.0376


REACTIONS?",25b5da9619368a187f6cf78cacdbfb52,2026-09-14T09:49:45+00:00,2026-09-14T18:06:41.979518+00:00,950,legeendofcrypto
1295415,38239,SHORT #CVC 0.035,46bc947db90de2a01b5be0f139fd7122,2026-09-14T09:49:45+00:00,2026-09-14T18:06:41.944119+00:00,950,legeendofcrypto
1295414,38238,"🚀 SHORT: $LSK/USDT
LEVERAGE: 50x

✔️ENTRY PRICE: 0...870-0.8400-0.7700

STOP LOSS:  0.9600


REACTIONS?",a09aa9fbf16b305aa57bd6801bb3365d,2026-09-14T09:49:44+00:00,2026-09-14T18:06:41.860666+00:00,950,legeendofcrypto
1295413,38237,"✅ Long

Pair: #XMR/USDT

📊 Entry Price: 

1) 509.9...17
4) 544.82

Stop Loss: 477.81

Leverage: 10x-20x",58afde6d2b7d660e2d21465e8b7db7a1,2026-09-14T09:19:13+00:00,2026-09-14T18:06:41.798226+00:00,950,legeendofcrypto
1295411,38236,"FILUSDT

LONG LONG LONG 

OPEN MARKET PRICE 

TP 1.0500
TP 1.0700

Sl - 0.9420

LEV 20X",9c2b7ad12adb62f748f1a5a8fcdf17f8,2026-09-14T09:19:13+00:00,2026-09-14T18:06:41.765649+00:00,950,legeendofcrypto
1295410,38233,"#LSKUSDT — BUY (LONG) 
🎉
🟢 Leverage: Cross  50x75
...Risk Management:
Use only 2%– 3%of your portfolio.",d42c43821e70947cc0507cf4462a4919,2026-09-14T09:03:48+00:00,2026-09-14T18:06:41.752330+00:00,950,legeendofcrypto
1295408,38232,"#EDGE | SHORT SETUP

💰 Entry: $0.6053

🎯 Target1: ...t4: $0.58230
🎯 Target5: $0.57382

🛡 STOP: $0.63556",2dcf9c030918c2253233e7411f19848c,2026-09-14T09:03:48+00:00,2026-09-14T18:06:41.698705+00:00,950,legeendofcrypto
1295404,38231,"💰#CVC/ USDT👑

💎Setup Type: Strong LONG  🔖Opportuni...TP ➝ 0.04600

4️⃣TP ➝ 0.06000

🚫Stop Loss: 0.03000",2240df9e29ba574f3f9e77c06c53efaf,2026-09-14T09:03:48+00:00,2026-09-14T18:06:41.590968+00:00,950,legeendofcrypto
1295407,38228,"#CVC LONG

0.03740",76d8ca3252350ad5a3d582b8299ace77,2026-09-14T08:42:36+00:00,2026-09-14T18:06:41.615113+00:00,950,legeendofcrypto
1295406,38229,"💰#REZ/ USDT👑

💎Setup Type: Strong LONG  🔖Opportuni...➝ 0.005700

4️⃣TP ➝ 0.006690

🚫Stop Loss: 0.003800",b7d1fb7876a3555dbf6945072599d3c4,2026-09-14T08:42:36+00:00,2026-09-14T18:06:41.609555+00:00,950,legeendofcrypto
1295403,38227,"💰#REZ/ USDT👑

💎Setup Type: Strong LONG  🔖Opportuni...➝ 0.005700

4️⃣TP ➝ 0.006690

🚫Stop Loss: 0.003800",b7d1fb7876a3555dbf6945072599d3c4,2026-09-14T08:42:35+00:00,2026-09-14T18:06:41.580556+00:00,950,legeendofcrypto
1295402,38225,"⭐️$AIN/USDT  LONG

🛡Leverage : Cross 25x50

‼️Entr....08719

Use only 3% - 5% amount of your portfolio🛍",5246da5cdfbf0e5fcf8090278bcc0f56,2026-09-14T08:42:35+00:00,2026-09-14T18:06:41.491808+00:00,950,legeendofcrypto
1295401,38226,"#CVC LONG

0.03740",76d8ca3252350ad5a3d582b8299ace77,2026-09-14T08:42:35+00:00,2026-09-14T18:06:41.482074+00:00,950,legeendofcrypto
1295399,38223,"#AIN/ USDT — BUY (LONG) 
Leverage: Cross 25x – 50x...T IS KEY
👉 Use ONLY 2 – 3% of your total portfolio",a9671c2807744c6876dc425723dc89cc,2026-09-14T08:42:35+00:00,2026-09-14T18:06:41.477750+00:00,950,legeendofcrypto
1295397,38220,"🚨 #PHAROS/USDT | LONG

⚡Leverage: Cross 20x

🎯Entr... follow the signal and secure profits at targets.💎",215fec63173a10388668c90a9b4dfade,2026-09-14T08:27:19+00:00,2026-09-14T18:06:41.459935+00:00,950,legeendofcrypto
1295396,38221,"Use only 2% Funds

#CVC/USDT (LONG)

Entry 1 = 0.0...rofit
T.P 3 = 1000% Profit 

🔴Stop loss at 0.03450",016389434aa20ffb129dfc689edb5e03,2026-09-14T08:27:19+00:00,2026-09-14T18:06:41.456944+00:00,950,legeendofcrypto
1295395,38219,"🚨 #REZ/USDT | LONG

⚡Leverage: Cross 50x

🎯Entry T... follow the signal and secure profits at targets.💎",16044d65d6d3ebad3c392295e35587cb,2026-09-14T08:27:19+00:00,2026-09-14T18:06:41.360376+00:00,950,legeendofcrypto
1295394,38215,"📊 #PHAROS/USDT

🟢 POSITION: LONG

💰 ENTRY RANGE
➤ ...
➤ 0.420

━━━━━━━━━━━━━━━━━━

✅ Manage risk wisely",64e1630963af1d058338e2cc7c6bd952,2026-09-14T08:27:19+00:00,2026-09-14T18:06:41.238423+00:00,950,legeendofcrypto
1295393,38214,"⭐️$MTL/USDT  LONG

🛡Leverage : Cross 25x50

‼️Entr...0.3065

Use only 3% - 5% amount of your portfolio🛍",56460a40dbbffde9ac88ab10dc946440,2026-09-14T08:27:19+00:00,2026-09-14T18:06:41.216775+00:00,950,legeendofcrypto
1295392,38213,MTLUSDT LONG NOW,f547c1fc2af88350f53a75ccc21dc358,2026-09-14T08:27:19+00:00,2026-09-14T18:06:41.200031+00:00,950,legeendofcrypto
1295391,38212,"🔴 SHORT

#XLM/USDT

Entry zone : 0.19029 - 0.18475...16710
0.16153

Stop loss :0.1976825

Leverage: 10x",6166368f5eaa426db6edc6dd9722a8e4,2026-09-14T07:45:32+00:00,2026-09-14T18:06:41.195173+00:00,950,legeendofcrypto
1295390,38211,"#CVC/ USDT — BUY (LONG) 
Leverage: Cross 25x – 50x...T IS KEY
👉 Use ONLY 2 – 3% of your total portfolio",1b2048f10da1774973de39a83309f90a,2026-09-14T07:38:45+00:00,2026-09-14T18:06:41.158334+00:00,950,legeendofcrypto
1295388,38210,Cvc long 0.04100,209783e5f908b28392b1d00ad4054cb4,2026-09-14T07:38:45+00:00,2026-09-14T18:06:41.148566+00:00,950,legeendofcrypto
1295387,38209,"✅Entry :$0.1230 - 0.1210

(LONG POWER/USDT  5-20x🆘...5  $0.1294
🏹Target 6  $0.1306

🚫Stop loss - 0.1664",1c832cb469b8fb7c0c26580c9b628ca3,2026-09-14T07:38:45+00:00,2026-09-14T18:06:41.132049+00:00,950,legeendofcrypto
1295384,38207,"📊 Let’s LONG #HYPE/USDT

💥 Leverage:  Cross 20×  -...: 

1) 78.30
2) 77.30
3) 75.90

🔖 Stop Loss: 81.70",2f011503f92af232cf8a2cb66352682f,2026-09-14T07:38:45+00:00,2026-09-14T18:06:41.046464+00:00,950,legeendofcrypto
1295383,38206,"🚀 #NAORISUSDT LONG SIGNAL 🚀  LEVERAGE 50X-75X

📌 E...ch this move together!

🔓 Trade Smart • Trade Safe",2a3e2c13221151c1a0db5f781dad7e74,2026-09-14T07:38:45+00:00,2026-09-14T18:06:41.036346+00:00,950,legeendofcrypto
1295382,38202,"Coin #POWER/USDT

Position: SHORT 

Leverage:  Cro...rgets: 🎯 0.1130, 0.1100, 0.1070

Stop Loss: 0.1220",b606f4727e6ba499adca1894f7b46b8a,2026-09-14T07:38:45+00:00,2026-09-14T18:06:41.020501+00:00,950,legeendofcrypto
1295378,38203,"📊 POWER/USDT — LONG 

📍 ENTRY: CMP

🎯 TARGET 1: 0....Manage your risk & trade responsibly.

🔥 LET’S GO!",a7ced340d60e3e9fc6ac830dbee072bd,2026-09-14T07:38:45+00:00,2026-09-14T18:06:40.983618+00:00,950,legeendofcrypto
1295381,38200,"$CVC/USDT now at current market price (Spot + Futu...$0.0368
2. $0.0401
3. $0.0441

Stop loss : $0.0291",91efb3195de365d39b5a2c2fca57f2f4,2026-09-14T07:38:44+00:00,2026-09-14T18:06:40.992811+00:00,950,legeendofcrypto
1295380,38199,"#CVC/USDT SHORT     

👉Leverage : Cross 10× To 30×...  0.0344
2)  0.0327
3)  0.0317

⭕Stoploss : 0.0375",712c0a12e0f2fc1dd92ab4580f130976,2026-09-14T07:38:44+00:00,2026-09-14T18:06:40.988676+00:00,950,legeendofcrypto
1295379,38201,"Coin #EDGE/USDT

Position: LONG 

Leverage:  Cross...0.64

Targets: 🎯 0.68, 0.70, 0.72

Stop Loss: 0.62",6a2ea70b9fd901093ac96f7fda03a25e,2026-09-14T07:38:44+00:00,2026-09-14T18:06:40.987573+00:00,950,legeendofcrypto
1295377,38198,"#AIN/USDT SHORT     

👉Leverage : Cross 10× To 30×...1)  0.1040
2)  0.0970
3)  0.0870

⭕Stoploss : 0.12",34e07cb8b75e4672b9d65412fd0bb586,2026-09-14T07:38:44+00:00,2026-09-14T18:06:40.894038+00:00,950,legeendofcrypto
1295376,38189,"🚀 SHORT: $VTHO/USDT🚀
LEVERAGE: 20X-50X

🤍 ENTRY PR...0.00065
—————

❌ STOP LOSS: 0.0008660❌


REACTIONS",118ad76340b291280e8f137eb7dc635f,2026-09-14T07:38:44+00:00,2026-09-14T18:06:40.802282+00:00,950,legeendofcrypto
1295375,38194,"#POWER/USDT SHORT     

👉Leverage : Cross 10× To 3...

1)  0.110
2)  0.100
3)  0.097

⭕Stoploss : 0.125",09378194ca0432ae10cd16a30a6c039d,2026-09-14T07:38:44+00:00,2026-09-14T18:06:40.799274+00:00,950,legeendofcrypto
1295374,38186,"$UAI/USDT #SHORT📩

✅ENTRY :-0.54/0.56

Target 1: 0...𝐎𝐧𝐥𝐲 𝟏-𝟑% 𝐎𝐟 𝐎𝐮𝐫 𝐃𝐞𝐩𝐨𝐬𝐢𝐭 𝐅𝐨𝐫 𝐄𝐚𝐜𝐡 𝐓𝐫𝐚𝐝𝐞

React,??m",19757785f8138fc60d7773808d6b4de6,2026-09-14T07:38:44+00:00,2026-09-14T18:06:40.792346+00:00,950,legeendofcrypto
1295372,38191,"🟢 Long

#BAT/USDT

Entry : 

1) 0.076840
2) 0.0745...2097

🛑 Stop : 0.071999

Leverage : 10x (isolated)",935fa1a6aba9b2815bd17c2f2657700b,2026-09-14T07:38:44+00:00,2026-09-14T18:06:40.786040+00:00,950,legeendofcrypto
1295369,38187,"⚡ #DOT/USDT

📤 Long 

💹 Buy: 1.0180 - 0.9900

🧿 Ta...620 - 1.0730

🧨 StopLoss: 0.9700 

🔘 Leverage: 20x",fccce62b3784c57b3413702d7c9418c8,2026-09-14T07:38:44+00:00,2026-09-14T18:06:40.768560+00:00,950,legeendofcrypto
1295368,38190,"#LONG 🟢🔤🔤🔤🔤🔤

#KAVA/USDT

Margin Mode : Isolated 💎...

🟥 SL : 0.05931 - 100%   

📊 LEV : 20X

🇯🇵Premium",c6fffe5622c800ec90a50af350aaedef,2026-09-14T07:38:44+00:00,2026-09-14T18:06:40.758506+00:00,950,legeendofcrypto
1295366,38192,"🔴 SHORT MTL/USDT

CROSS/LEVERAGE 50X

ENTRY: 0.410...
USE UR RISK MANAGEMENT!! 

PATIENT IS THE KEY 🐒🐒🐒",3274a5883469d035b5ef7db7f6725adb,2026-09-14T07:38:44+00:00,2026-09-14T18:06:40.738873+00:00,950,legeendofcrypto
1295360,38197,#AIN SHORT  0.108,4be1616d7b2ea80b40f1bbf662eb4319,2026-09-14T07:38:44+00:00,2026-09-14T18:06:40.693752+00:00,950,legeendofcrypto
1295356,38196,"#MTL/USDT SHORT     

👉Leverage : Cross 10× To 30×...t

1)  0.380
2)  0.365
3)  0.349

⭕Stoploss : 0.41",ecbcf7980fd9de715c3968aecc68d7b8,2026-09-14T07:38:44+00:00,2026-09-14T18:06:40.686445+00:00,950,legeendofcrypto
1295353,38188,"🌈PAIR:- #ARK/USDT
⚡️ Direction : LONG
🛠 Leverage: ...nt Usage:- 1 - 2%
(According To your Risk Setting)",e67f34224a86a10f2afdb8c801ddc996,2026-09-14T07:38:44+00:00,2026-09-14T18:06:40.679087+00:00,950,legeendofcrypto
1295339,38185,"✨ADA/USDT

🎗 Trade Type = LONG 🟢

⭐️ Leverage :- 2...[ 0.2108, 0.2128, 0.2149, 0.2174, 0.2196, 0.2224 ]",330f124bd2304c2b9037375cbedaef8a,2026-09-14T07:38:44+00:00,2026-09-14T18:06:40.628005+00:00,950,legeendofcrypto
1295332,38184,"🛎️ Trade: #SOMI/USDT

Direction: 📈 LONG 

🟢 Entry ...88
• Target 6: 0.1604

💠 Leverage : 5x - 10x - 20x",137ff0c49db1d43d97a1bfb0f1b08f56,2026-09-14T07:38:44+00:00,2026-09-14T18:06:40.587409+00:00,950,legeendofcrypto
1295373,38180,"#PORTALUSDT — BUY (LONG) 
🎉
🟢 Leverage: Cross  50x...Risk Management:
Use only 2%– 3%of your portfolio.",f5b93b3dda4b2f2e7dd1a59f61481140,2026-09-14T07:38:25+00:00,2026-09-14T18:06:40.788106+00:00,950,legeendofcrypto
1295363,38182,"📊 Let’s LONG #IOTX/USDT

💥 Leverage:  Cross 20×  -...665
2) 0.003780
3) 0.003980

🔖 Stop Loss: 0.003320",0639c7b20ffbf8626de0847c25b75540,2026-09-14T07:38:25+00:00,2026-09-14T18:06:40.711933+00:00,950,legeendofcrypto
1295333,38177,"$ZEC

Long at cmp. 1136.33

Tp. 1286

Sl. 1014",c5343ae82dbe933f5a9b07f29f324c5d,2026-09-14T07:38:25+00:00,2026-09-14T18:06:40.598118+00:00,950,legeendofcrypto
1291720,38080,"#REZ/ USDT — BUY (LONG) 
Leverage: Cross 25x – 50x...T IS KEY
👉 Use ONLY 2 – 3% of your total portfolio",c7e1eb7a1e535bea1b2c5601cd15ac4f,2026-09-14T03:39:50+00:00,2026-09-14T16:47:09.813337+00:00,950,legeendofcrypto
1291701,38064,"👑 #REZ /USDT — TRADE LONG

LEVERAGE 25X TO 50X

🤑 ... STOP LOSS: 0.004500

☄️ NO FEAR — JUST PROFITS ✔️",66e9fe9b778b745e1d2dfd245b9e9e4d,2026-09-14T03:32:20+00:00,2026-09-14T16:47:09.702141+00:00,950,legeendofcrypto
1291682,38065,"🟢POWER/USDT 📈

📈 long Setup 

💰 Entry Zone: 0.138–...et 1. 
✅ Move SL to breakeven after Target 1 hits.",fdf89054f95402a17a9c778d547989fc,2026-09-14T03:32:20+00:00,2026-09-14T16:47:09.602678+00:00,950,legeendofcrypto
1291672,38066,"💵 𝐒𝐈𝐆𝐍𝐀𝐋 𝐀𝐋𝐄𝐑𝐓 💵

#REZ/USDT (25xLONG)

✅ ENTRY:0.0...S:-0.004750/0.004950/0.0053

❌ STOP LOSS: 0.003970",a4da9b1641e5ad4a7460d011595a38a5,2026-09-14T03:32:20+00:00,2026-09-14T16:47:09.555741+00:00,950,legeendofcrypto
1291669,38067,"📊#BR/USDT–LONG–30x 🚀

📍 𝐄𝐧𝐭𝐫𝐲 𝐙𝐨𝐧𝐞:

➥ 0.338, 0.33...tal.

⚠️ Disclaimer:
Trade at your own risk. DYOR.",2251179c96994e8f1e5bba238a279668,2026-09-14T03:32:20+00:00,2026-09-14T16:47:09.494363+00:00,950,legeendofcrypto
1291687,38062,"🔰POWER/USDT 🔰   

🟢 LONG 10X 20X

♻ ENTRY 
1️⃣ 0.1...

1️⃣ 0.140
2️⃣ 0.148
3️⃣ 0.160

⛔ STOPLOSS  0.114",0bdb4c54644f6a9ee95ba6a1db9e4e7d,2026-09-14T03:32:15+00:00,2026-09-14T16:47:09.656197+00:00,950,legeendofcrypto
1291662,38060,"➡️ #BR    /USDT (SHORT) 🔽🔽

⌛LEVERAGE : 20X TO 75X...9


💥Use only 1%margin of your total portfolio❤️😘😇",cf84944c6731787c74eb1590682db2ae,2026-09-14T03:32:15+00:00,2026-09-14T16:47:09.382540+00:00,950,legeendofcrypto
1291652,38061,"📈 LONG #BR/USDT

♻ Leverage: 20X

➡️ Entry :- 0.33...: 

1) 0.340
2) 0.355
3) 0.375

⭕ Stop Loss: 0.302",f0b524910c001174d7c7d0c7c44a946e,2026-09-14T03:32:15+00:00,2026-09-14T16:47:09.272763+00:00,950,legeendofcrypto
1291651,38063,"🐳 CAKE/USDT #LONG🐳

✳️ ENTRY :- 2.33 - 2.26

💢 LEV...3 : 2.65

⛔️ STOP-LOSS :- 2.21

☝️ Margin Use 2–3%",24e4df62a427b7a4e57185f3f960168e,2026-09-14T03:32:15+00:00,2026-09-14T16:47:09.258736+00:00,950,legeendofcrypto
1291648,38059,"❖ BR/USDT

❖ LONG [ 10×20 ]

➤ Entry Zone:- 0.3525...▪️ TP2: 0.375
▪️ TP3: 0.390

➤ Stop Loss :- 0.3300",cdf07d4b898869c0771f36ccb000578a,2026-09-14T03:32:15+00:00,2026-09-14T16:47:08.981768+00:00,950,legeendofcrypto
1291644,38041,"🟢 Long

#BNB/USDT

Entry : 

1) 716.860
2) 695.354...5.904

🛑 Stop : 671.697

Leverage : 10x (isolated)",0c1bab4622137ec937c6fa7281ff16df,2026-09-13T22:41:29+00:00,2026-09-14T16:47:08.253689+00:00,950,legeendofcrypto
1291643,38040,"✅ Long

Pair: #IOTA/USDT

📊 Entry Price: 

1) 0.04...) 0.042993

Stop Loss: 0.037704

Leverage: 10x-20x",d1c66b84028b82448f156b5145d7450f,2026-09-13T22:41:29+00:00,2026-09-14T16:47:08.220062+00:00,950,legeendofcrypto
1291641,38039,"✅ Long

#XMR/USDT

Entry zone : 509.93 - 525.71

T...
575.38
591.08

Stop loss :488.9103

Leverage: 10x",6667501e089c2b591298175556421419,2026-09-13T22:41:29+00:00,2026-09-14T16:47:08.142110+00:00,950,legeendofcrypto
1291637,38034,"#AGI | SHORT SETUP

💰 Entry: $0.005021

🎯 Target1:...t4: $0.00483
🎯 Target5: $0.00476

🛡 STOP: $0.00527",688d495053f8dae79a847344f4320d59,2026-09-13T19:05:12+00:00,2026-09-14T16:46:53.773641+00:00,950,legeendofcrypto
1291572,37975,"➡️ #AR      /USDT (SHORT) 🔽🔽

⌛LEVERAGE : 20X TO 7...0


💥Use only 1%margin of your total portfolio❤️😘😇",0825b1b697c94809e51044f61a618c93,2026-09-13T17:31:30+00:00,2026-09-14T16:46:51.741515+00:00,950,legeendofcrypto
1291582,37974,"✅ Long

#IOST/USDT

Entry zone : 0.00075514 - 0.00...
0.00087530

Stop loss :0.000724005

Leverage: 10x",cd6562e753584aad298eec12b311d808,2026-09-13T17:14:54+00:00,2026-09-14T16:46:51.857652+00:00,950,legeendofcrypto
1291577,37970,"🚨 #LSK/USDT | LONG

⚡Leverage: Cross 50x

🎯Entry T... follow the signal and secure profits at targets.💎",853cc73f7e4b0396f1bad4db25024313,2026-09-13T17:14:54+00:00,2026-09-14T16:46:51.769684+00:00,950,legeendofcrypto
1291575,37972,"$AR buying Setup 

Entry : CMP till  2.619 
TP: 3.... 30% now $AR time both same category coins storage",c4a8bd319ce2f9210a84b1008ad946be,2026-09-13T17:14:54+00:00,2026-09-14T16:46:51.756646+00:00,950,legeendofcrypto
1291570,37971,"📉 SHORT #LSK/USDT 

🚀 LEVERAGE : 50x

📊 ENTRY PRIC....01

TP🟢0.97

TP🟢0.92

STOPLOSS 🔴1.11


REACTIONS?",628d7c46019f432ce425153f05314000,2026-09-13T17:14:54+00:00,2026-09-14T16:46:51.728393+00:00,950,legeendofcrypto
1291585,37966,LONG STEEM 0.060404,57944bb2353180ecc4f669c83750a939,2026-09-13T16:26:57+00:00,2026-09-14T16:46:51.868128+00:00,950,legeendofcrypto
1291579,37967,"✅Entry 0.06040-0.05940

(🆘LONG STEEMUSDT 5-20x🆘)

... $0.06370
🏹Target 6  $0.06440

🚫Stop loss -0.05741",8225a771403a35272e0db69b60471d5c,2026-09-13T16:26:57+00:00,2026-09-14T16:46:51.781976+00:00,950,legeendofcrypto
1291574,37968,"➡️ #FIL      /USDT (SHORT) 🔽🔽

⌛LEVERAGE : 20X TO ...0


💥Use only 1%margin of your total portfolio❤️😘😇",b067c4d6f3bc17bca297690ab4f9ce81,2026-09-13T16:26:57+00:00,2026-09-14T16:46:51.752153+00:00,950,legeendofcrypto
1291568,37955,"$CVC

OPEN SHORT NOW

TP (0.03300-0.03100)

SL (0.04272)",68fbf8876fbb2f7177b5ac2af061e8a4,2026-09-13T16:26:56+00:00,2026-09-14T16:46:51.663504+00:00,950,legeendofcrypto
1291563,37957,"📉 SHORT #CVC/USDT 

🚀 LEVERAGE : 50x

📊 ENTRY PRIC...TP🟢0.0333

TP🟢0.0320

STOPLOSS 🔴0.0376

REACTIONS?",8579c6db98a84499fb33d8b0286c2d25,2026-09-13T16:26:56+00:00,2026-09-14T16:46:51.631788+00:00,950,legeendofcrypto
1291580,37952,"🚨 #VTHO/USDT | SHORT

⚡Leverage: Cross 50x

🎯Entry... follow the signal and secure profits at targets.💎",fa97a4b1da92edaa7114cf05ecb3f449,2026-09-13T15:39:44+00:00,2026-09-14T16:46:51.782760+00:00,950,legeendofcrypto
1291566,37951,"🚀 #LSKUSDT LONG SIGNAL 🚀

📌 ENTRY ➜ 0.9308

🎯 TAKE...ch this move together!

🔓 Trade Smart • Trade Safe",260206a5b9a8e7f433ad156d1c39cfd7,2026-09-13T15:39:44+00:00,2026-09-14T16:46:51.641449+00:00,950,legeendofcrypto
1291565,37948,LSK LONG 0.9307 TP1 0.9515,9446d4d67308ea3e074d19f35df237c1,2026-09-13T15:39:44+00:00,2026-09-14T16:46:51.636209+00:00,950,legeendofcrypto
1291564,37946,Long LSK now 0.918,212e7b60c78c609e784e8db9e9144ae2,2026-09-13T15:39:44+00:00,2026-09-14T16:46:51.633434+00:00,950,legeendofcrypto
1291562,37945,"🚀 LONG: $STEEM/USDT
LEVERAGE: 50x

✔️ENTRY PRICE: ...-0.06800-0.07000

STOP LOSS:  0.05800


REACTIONS?",2d63d07f2c0a375122a6f0b6c4d19929,2026-09-13T15:39:44+00:00,2026-09-14T16:46:51.628412+00:00,950,legeendofcrypto
1291561,37950,"🔘 Coin : #BTW/USDT 🔘

🔴 SHORT

🔺Entry🔻: 0.7049

⭐️... - 0.64255

♦️ StopLoss : 0.73241

🔱 Leverage: 25x",526b6d5c05221daf21b737507b352eee,2026-09-13T15:39:44+00:00,2026-09-14T16:46:51.625895+00:00,950,legeendofcrypto
1291558,37949,"🚀 #LSKUSDT LONG SIGNAL 🚀

📌 ENTRY ➜ 0.9308

🎯 TAKE...ch this move together!

🔓 Trade Smart • Trade Safe",eca1d6826589190e305155ff5971334a,2026-09-13T15:39:44+00:00,2026-09-14T16:46:51.603785+00:00,950,legeendofcrypto
1291556,37947,"⭐ LSK /USDT — LONG

💵 ENTRY: 0.91800-0.8500

⚙️ LE...o

📌 Follow the setup and manage your risk wisely.",36058cad30adbcf6dd1530f0b00d483e,2026-09-13T15:39:44+00:00,2026-09-14T16:46:51.548007+00:00,950,legeendofcrypto
1291557,37944,"🚨 #PUNDIX/USDT | SHORT

⚡Leverage: Cross 50x

🎯Ent... follow the signal and secure profits at targets.💎",62f9590cc34c770cc311a0a3214db5bc,2026-09-13T15:39:44+00:00,2026-09-14T16:46:51.547198+00:00,950,legeendofcrypto
1291559,37942,"🔴 SHORT

#IOTA/USDT

Entry : 

1) 0.041460
2) 0.04...8591

🛑 Stop : 0.044071

Leverage : 10x (isolated)",cfcb53ab41c1db3549095315dddfb893,2026-09-13T14:52:14+00:00,2026-09-14T16:46:51.623304+00:00,950,legeendofcrypto
1291567,37940,"Pair: #NEAR/USDT

Short • (25X)

Entry
2.295 - 2.3...t your own risk. Always use proper risk management",233decbdf527c866f6f20f497efcc7ba,2026-09-13T14:52:13+00:00,2026-09-14T16:46:51.662852+00:00,950,legeendofcrypto
1291555,37938,"🚀 #BIGTIMEUSDT LONG SIGNAL 🚀

📌 ENTRY ➜ 0.007818

...ch this move together!

🔓 Trade Smart • Trade Safe",f620db6e7a0bad2cf367e6d8fc079c18,2026-09-13T14:52:13+00:00,2026-09-14T16:46:51.525618+00:00,950,legeendofcrypto
1291553,37939,"Pair: #CATI/USDT

Short • (5X)

Entry
0.07010 - 0....t your own risk. Always use proper risk management",4ac5a540a1da6fc4502fa4ad764cf2b7,2026-09-13T14:52:13+00:00,2026-09-14T16:46:51.426715+00:00,950,legeendofcrypto
1297788,38407,"💰#ARK/ USDT👑

💎Setup Type: Strong LONG  🔖Opportuni...

🥉TP ➝ 0.2350

4️⃣TP ➝ 0.3000

🚫Stop Loss: 0.1000",7e0b20847d1458402dca4d29bd312d0a,2026-09-14T19:17:11+00:00,2026-09-14T19:26:55.774950+00:00,950,legeendofcrypto
1297805,38406,"🔴 SHORT

#XRP/USDT

Entry : 

1) 1.4540
2) 1.4976
...1.3534

🛑 Stop : 1.5456

Leverage : 10x (isolated)",cc417a8a3679ae430043c17d72e70943,2026-09-14T18:57:02+00:00,2026-09-14T19:26:55.814418+00:00,950,legeendofcrypto
1297773,38403,"LONG

ASTER/USDT

MARKET PRICE 

Leverage: 10X

TP...5% of capital 

Always use proper risk management.",16cfbe70de8b0b7b2f2f604f655d00ce,2026-09-14T18:57:01+00:00,2026-09-14T19:26:55.618607+00:00,950,legeendofcrypto
1297781,38372,"🚀 #AIOUSDT LONG SIGNAL 🚀  LEVERAGE 50X-75X

📌 ENTR...ch this move together!

🔓 Trade Smart • Trade Safe",e13c2d1ea1b3a912c044577efc90ad21,2026-09-14T16:44:57+00:00,2026-09-14T19:26:55.727279+00:00,950,legeendofcrypto
1297779,38377,"🔴SHORT  #BTCUSDT

🔶 Entry : 78700 - 78800

➡️ Leve...ake Profit Targets :

👉 78000

🛑 Stop Loss : 79600",3687e8199fd05698c5a2ba493b22affd,2026-09-14T16:44:57+00:00,2026-09-14T19:26:55.701315+00:00,950,legeendofcrypto
1297775,38375,"BTC/USD SELL 

Entry : $  78350

Target1: $  77600
Target2: $ 76900
Target3: $ 75035

SL : $ 79400",954f2f0ab6c1ba89fcb6f1f57b97dc56,2026-09-14T16:44:57+00:00,2026-09-14T19:26:55.643108+00:00,950,legeendofcrypto
1297767,38370,"LONG — UNI

Entry: 6.353

Targets: 6.418 / 6.527 /... / 6.997

Stop: 6.034

Move SL to entry after TP1.",997bd100be3d8c97a00a9a36eb62c759,2026-09-14T16:44:57+00:00,2026-09-14T19:26:55.605121+00:00,950,legeendofcrypto
1297764,38371,AIO LONG 0.03935 TP1 0.04020,34e2ed19a01cfa5e94d168bf842826a7,2026-09-14T16:44:57+00:00,2026-09-14T19:26:55.586420+00:00,950,legeendofcrypto
1297763,38373,"➡️ #MTL     /USDT (LONG) 🔼🔼

⌛LEVERAGE : 20X TO 75...



💥Use only 1%margin of your total portfolio❤️😘😇",53c93c56ba27e1aaf32ecab0cff6605f,2026-09-14T16:44:57+00:00,2026-09-14T19:26:55.576803+00:00,950,legeendofcrypto
1297787,38369,"⭐ LA /USDT — SHORT

💵 ENTRY: 0.07200-0.07500

⚙️ L...o

📌 Follow the setup and manage your risk wisely.",6db93517c78cbc7c3831d94aa8a89bd0,2026-09-14T15:17:10+00:00,2026-09-14T19:26:55.768300+00:00,950,legeendofcrypto
1297760,38368,"👑 #BR /USDT — TRADE LONG

LEVERAGE 25X TO 50X

🤑 E...⛔️ STOP LOSS: 0.4940

⚡️ NO FEAR — JUST PROFITS ✔️",db2f7afadb4a5c360cf1b211aefe53d6,2026-09-14T15:13:10+00:00,2026-09-14T19:26:55.466296+00:00,950,legeendofcrypto
1297799,38363,"⭐ SKYAI /USDT — LONG

💵 ENTRY: 0.052500-0.05000

⚙...o

📌 Follow the setup and manage your risk wisely.",c29755c0412b55b5977732f62ebcf087,2026-09-14T14:41:53+00:00,2026-09-14T19:26:55.791681+00:00,950,legeendofcrypto
1297778,38364,"🚨 #FIL/USDT | LONG

⚡Leverage: Cross 50x

🎯Entry T... follow the signal and secure profits at targets.💎",5d1872a68afc36e5c2b41fcaa00fff02,2026-09-14T14:41:53+00:00,2026-09-14T19:26:55.700665+00:00,950,legeendofcrypto
1297777,38362,"⭐ T /USDT — LONG

💵 ENTRY: 0.005230-0.005000

⚙️ L...o

📌 Follow the setup and manage your risk wisely.",08f406d9ab15c663e7473169eff47269,2026-09-14T14:41:52+00:00,2026-09-14T19:26:55.690947+00:00,950,legeendofcrypto
1297794,38361,"🚨 SHORT 
STEEM/USDT
ENTRY 0.05455

🚀 0.05340
🚀 0.0...ROSS
🚨 STOPLOSS 0.0602
LEVRAGE 10X-40X 

3% WALLET",f753fe2836d4f69412d20fe2010fa9fd,2026-09-14T14:27:43+00:00,2026-09-14T19:26:55.782986+00:00,950,legeendofcrypto
1297771,38357,"⭐️$LA/USDT  SHORT

🛡Leverage : Cross 25x50

‼️Entr...0.0774

Use only 3% - 5% amount of your portfolio🛍",cd5113c395527aabee1e2f137a8bc66f,2026-09-14T14:27:43+00:00,2026-09-14T19:26:55.612192+00:00,950,legeendofcrypto
1297772,38358,"⭐ AIN /USDT — LONG

💵 ENTRY: 0.10550-0.10200

⚙️ L...o

📌 Follow the setup and manage your risk wisely.",409c7ddeaa3d2d97a4c3f67ea6c26fb9,2026-09-14T14:27:43+00:00,2026-09-14T19:26:55.609500+00:00,950,legeendofcrypto
1297766,38360,"⭐ REZ /USDT — LONG

💵 ENTRY: 0.004500-0.004000

⚙️...o

📌 Follow the setup and manage your risk wisely.",2b2161e08ddca31aacb6b327468547f8,2026-09-14T14:27:43+00:00,2026-09-14T19:26:55.601217+00:00,950,legeendofcrypto
1297761,38359,"🔴 Short

Pair: #KAVA/USDT

📊 Entry Price: 

1) 0.0...) 0.062364

Stop Loss: 0.071221

Leverage: 10x-20x",3015c3ca8fba81aeb8bef1bf9ccaf699,2026-09-14T14:27:43+00:00,2026-09-14T19:26:55.517388+00:00,950,legeendofcrypto
1297759,38355,"⭐ AVAAI /USDT — LONG

💵 ENTRY: 0.01170-0.01110

⚙️...o

📌 Follow the setup and manage your risk wisely.",f8a3e4ec3226a12cd6edab953be7ee8c,2026-09-14T14:27:43+00:00,2026-09-14T19:26:55.412891+00:00,950,legeendofcrypto
1297758,38354,"📈 LONG #T/USDT 

🚀 LEVERAGE : 50x

📊 ENTRY PRICE  ....00570

TP🟢0.00600

STOPLOSS 🔴0.00497


REACTIONS?",8a5ed3aabcab74df471e0fa7f294ecf4,2026-09-14T14:18:53+00:00,2026-09-14T19:26:55.409479+00:00,950,legeendofcrypto
1297757,38353,"🚀 #XPINUSDT LONG SIGNAL 🚀  LEVERAGE 50X-75X

📌 ENT...ch this move together!

🔓 Trade Smart • Trade Safe",d1241810ad7669dfb162e5c994704e3d,2026-09-14T14:18:53+00:00,2026-09-14T19:26:55.163451+00:00,950,legeendofcrypto
1297754,38351,"#AVAAIUSDT — BUY (LONG) 
🎉
🟢 Leverage: Cross  50x7...Risk Management:
Use only 2%– 3%of your portfolio.",86f5658026aa93f95c92600f9f9fe02d,2026-09-14T14:18:53+00:00,2026-09-14T19:26:55.133891+00:00,950,legeendofcrypto
1298669,38410,"⭐ UNI /USDT — LONG

💵 ENTRY: 6.700-5.800

⚙️ LEVER...o

📌 Follow the setup and manage your risk wisely.",08391496805cdf581484591c86ce348e,2026-09-14T20:30:30+00:00,2026-09-14T20:43:22.815138+00:00,950,legeendofcrypto
1298666,38408,"📊 4/USDT — LONG 

📍 ENTRY: CMP

🎯 TARGET 1: 0.25
🎯...Manage your risk & trade responsibly.

🔥 LET’S GO!",6ad4bec04679d85ac833d1b0f19b1ea6,2026-09-14T20:30:30+00:00,2026-09-14T20:43:22.803787+00:00,950,legeendofcrypto
1299193,38413,"⭐ NIL /USDT — LONG

💵 ENTRY: 0.04250-0.03600

⚙️ L...o

📌 Follow the setup and manage your risk wisely.",03762c91f3565ed793a8fa52a2e822a2,2026-09-14T21:35:21+00:00,2026-09-14T22:05:24.249206+00:00,950,legeendofcrypto
1299192,38412,"⭐ VELODROME /USDT — LONG

💵 ENTRY: 0.02500-0.02000...o

📌 Follow the setup and manage your risk wisely.",62f57c71adcfbf0844461fe6a1eabd23,2026-09-14T21:35:21+00:00,2026-09-14T22:05:24.242074+00:00,950,legeendofcrypto
1302407,38610,"✨LIT/USDT

🎗 Trade Type = SHORT 🔴

⭐️ Leverage :- ...fit = [ 4.315, 4.273, 4.218, 4.174, 4.132, 4.081 ]",de8f2d22e3058558672c88ffac668640,2026-09-15T07:07:50+00:00,2026-09-15T07:23:09.335930+00:00,950,legeendofcrypto
1302376,38612,"⭐ ON /USDT — LONG

💵 ENTRY: 0.14500-0.13770

⚙️ LE...o

📌 Follow the setup and manage your risk wisely.",3069a2411847d1fa4f7e3a207619c23d,2026-09-15T07:07:50+00:00,2026-09-15T07:23:09.256628+00:00,950,legeendofcrypto
1302395,38596,"Coin #EVAA/USDT

Position: LONG 

Leverage:  Cross...0.50

Targets: 🎯 0.54, 0.57, 0.62

Stop Loss: 0.48",c405a3497022f3540547125a13d7d289,2026-09-15T06:40:35+00:00,2026-09-15T07:23:09.312157+00:00,950,legeendofcrypto
1302365,38595,"🚀 LONG: $AXL/USDT🚀
LEVERAGE: 20X-50X

🤍 ENTRY PRIC...060- 0.065
—————

❌ STOP LOSS: 0.04650❌

REACTIONS",056c11889fafacfdb39fd6fc180bedda,2026-09-15T06:40:35+00:00,2026-09-15T07:23:09.183772+00:00,950,legeendofcrypto
1302400,38588,"⚡ #ANKR/USDT

📥 Short 

💹 Buy: 0.004720 - 0.004902...- 0.004445

🧨 StopLoss: 0.004980 

🔘 Leverage: 20x",bd1c9545dd2ca5f05592266a4bfe3ea6,2026-09-15T06:40:27+00:00,2026-09-15T07:23:09.323554+00:00,950,legeendofcrypto
1302385,38587,"✅ Long

#BTC/USDT

Entry zone : 75567.07 - 77904.2...6.14
87591.58

Stop loss :72450.906

Leverage: 10x",7fb67c5014d332162fa9f74ff780d1e8,2026-09-15T06:40:27+00:00,2026-09-15T07:23:09.280767+00:00,950,legeendofcrypto
1302384,38589,"$BTC LONG🟢 (25x Lev)

Entry -  77600$- 77000$

Targets

1)78500
2)79500$

SL- 76300$",5ffb37de85069038478def3b27fc9eb7,2026-09-15T06:40:27+00:00,2026-09-15T07:23:09.279722+00:00,950,legeendofcrypto
1302373,38590,"🚀 $ELSA/USDT PERP 🚀

🟢 LONG

💰 Entry : 0.0525$ – 0...5X – 25X

⛔️ SL : 0.0480$

📌 Use Only 2-5% Capital",e32235d689456bae52fceaefa0b5ed6a,2026-09-15T06:40:27+00:00,2026-09-15T07:23:09.225816+00:00,950,legeendofcrypto
1302356,38586,"📊#CTR/USDT–SHORT–20x 🚀

📍 𝐄𝐧𝐭𝐫𝐲 𝐙𝐨𝐧𝐞:

➥ 0.0121, 0...tal.

⚠️ Disclaimer:
Trade at your own risk. DYOR.",5ee3654a0bc089bf12b0072e978bc459,2026-09-15T06:40:27+00:00,2026-09-15T07:23:09.125513+00:00,950,legeendofcrypto
1302389,38584,"✅ Long

#TRX/USDT

Entry zone : 0.32866 - 0.33883
...37084
0.38096

Stop loss :0.3151119

Leverage: 10x",73bd4c9c9f26b96f937a8f23c1799801,2026-09-15T06:40:22+00:00,2026-09-15T07:23:09.290511+00:00,950,legeendofcrypto
1302364,38583,"🟢AIN/USDT 📈

📈 long Setup 

💰 Entry Zone: 0.154–0....et 1. 
✅ Move SL to breakeven after Target 1 hits.",1ae2aa5eaa385f5f2b768d7a8617e7df,2026-09-15T06:40:22+00:00,2026-09-15T07:23:09.174583+00:00,950,legeendofcrypto
1302411,38566,"🚀 #ACUUSDT LONG SIGNAL 🚀  LEVERAGE 50X-75X

📌 ENTR...ch this move together!

🔓 Trade Smart • Trade Safe",dde3982e9adbf66b05a5056a56e0ea24,2026-09-15T06:40:21+00:00,2026-09-15T07:23:09.347393+00:00,950,legeendofcrypto
1302402,38581,"#LONG 🟢🔤🔤🔤🔤🔤

#PONS/USDT

Margin Mode : Isolated 💎...4

🟥 SL : 0.5997 - 100%   

📊 LEV : 20X

🇯🇵Premium",8b4ff6ed134f4bf0f18c0ac045602730,2026-09-15T06:40:21+00:00,2026-09-15T07:23:09.328335+00:00,950,legeendofcrypto
1302381,38582,"Coin #CAP /USDT

Position: LONG 

Leverage:  Cross...rgets: 🎯 0.0660, 0.0685, 0.0720

Stop Loss: 0.0600",fba91ec5a4c3eb21e4fad1096df3ddb4,2026-09-15T06:40:21+00:00,2026-09-15T07:23:09.267200+00:00,950,legeendofcrypto
1302369,38569,"🪙 Coin: #AIO/USDT
🧭 Type: #LONG

📈 Entry Zone:
0.0... within the zone and maintain strict risk control.",64fa185a33b7153366dc99e2d4c29bc4,2026-09-15T06:40:21+00:00,2026-09-15T07:23:09.202162+00:00,950,legeendofcrypto
1302410,38556,"SOL/ USDT/ SHORT
Entry at market price 

Cross || ...only 1% of your wallet. 
Manage your risk properly",491afa183c22797e0e750314e777bf0e,2026-09-15T06:40:20+00:00,2026-09-15T07:23:09.345573+00:00,950,legeendofcrypto
1302405,38557,"BTC/ USDT/ SHORT
Entry at market price 

Cross || ...only 1% of your wallet. 
Manage your risk properly",8772a0b7818783fcc7ee67ef57af3c32,2026-09-15T06:40:20+00:00,2026-09-15T07:23:09.333924+00:00,950,legeendofcrypto
1302401,38554,"💰#SENT/ USDT👑

💎Setup Type: Strong LONG  🔖Opportun...TP ➝ 0.02500

4️⃣TP ➝ 0.03500

🚫Stop Loss: 0.01000",53812d3109e365baf13fc04f13308e64,2026-09-15T06:40:20+00:00,2026-09-15T07:23:09.324136+00:00,950,legeendofcrypto
1302371,38558,"VETUSDTUSDT  
Exchanges: BINGX 

🟢 Long
Leverage- ....00884000
6) 0.00955000
7) 🚀🚀🚀 

⛔️ SL:
0.00717900",92d9d0a06958f1ab2476396cb73d973c,2026-09-15T06:40:20+00:00,2026-09-15T07:23:09.214009+00:00,950,legeendofcrypto
1302359,38555,"#ONUSDT — BUY (LONG) 
🎉
🟢 Leverage: Cross  50x75

...Risk Management:
Use only 2%– 3%of your portfolio.",0ec57a25ee9a0f4dc1f66546f8ab9010,2026-09-15T06:40:20+00:00,2026-09-15T07:23:09.149484+00:00,950,legeendofcrypto
1303428,38634,"⭐ AIN /USDT — SHORT

💵 ENTRY: 0.16000-0.18000

⚙️ ...o

📌 Follow the setup and manage your risk wisely.",cf7786ee11397b6aad9c8e8adf046bdb,2026-09-15T08:05:39+00:00,2026-09-15T08:40:20.277644+00:00,950,legeendofcrypto
1303423,38633,"#METIS | SHORT SETUP

💰 Entry: $2.959

🎯 Target1: ...t4: $2.84656
🎯 Target5: $2.80513

🛡 STOP: $3.10695",5d1140d7033c752d15d88e40d66f36f4,2026-09-15T08:05:39+00:00,2026-09-15T08:40:20.268699+00:00,950,legeendofcrypto
1303432,38628,AINUSDT SHORT NOW,7f2392fce7635f756e43bb5deaa4535a,2026-09-15T08:05:38+00:00,2026-09-15T08:40:20.296573+00:00,950,legeendofcrypto
1303427,38627,"⭐️$AKE/USDT  SHORT

🛡Leverage : Cross 25x50

‼️Ent...022119

Use only 3% - 5% amount of your portfolio🛍",ed8ca6b6b526556c53764059ee9b2715,2026-09-15T08:05:38+00:00,2026-09-15T08:40:20.276324+00:00,950,legeendofcrypto
1303426,38629,"⭐️$AIN/USDT  SHORT

🛡Leverage : Cross 25x50

‼️Ent....19074

Use only 3% - 5% amount of your portfolio🛍",5e203db389e02618a415a2973f51f26a,2026-09-15T08:05:38+00:00,2026-09-15T08:40:20.275410+00:00,950,legeendofcrypto
1303424,38623,"📊 Let’s SHORT #AIN/USDT

💥 Leverage:  Cross 20×  -...: 

1) 0.160
2) 0.155
3) 0.145

🔖 Stop Loss: 0.182",f8bde95e30a688c9796a9d8cd49534fe,2026-09-15T07:44:23+00:00,2026-09-15T08:40:20.269586+00:00,950,legeendofcrypto
1303430,38621,"👑 #CAP /USDT — TRADE LONG

LEVERAGE 25X TO 50X

🤑 ...

⛔️ STOP LOSS: 0.05700

⚡️ NO FEAR — JUST PROFITS",f645d832ff42a394c808b05230a6e914,2026-09-15T07:35:44+00:00,2026-09-15T08:40:20.287487+00:00,950,legeendofcrypto
1303420,38618,"Coin #ACE/USDT

Position: LONG 

Leverage:  Cross ...rgets: 🎯 0.1620, 0.1700, 0.1835

Stop Loss: 0.1470",c9c5b73e8b07b5a7d1f9d563287488f4,2026-09-15T07:26:48+00:00,2026-09-15T08:40:20.171389+00:00,950,legeendofcrypto
1303419,38617,"#USUSDT — BUY (LONG) 
🎉
🟢 Leverage: Cross  50x75

...Risk Management:
Use only 2%– 3%of your portfolio.",b1015012deaf740dc9005bb5590e1085,2026-09-15T07:26:48+00:00,2026-09-15T08:40:20.166810+00:00,950,legeendofcrypto
1303416,38614,"✅Entry 0.004820-0.004700

(🆘LONG TUSDT 5-20x🆘)

🏹 ....005070
🏹Target 6  $0.005120

🚫Stop loss -0.004548",e7181b083865ae1c2a3c2f8d7b186bed,2026-09-15T07:26:48+00:00,2026-09-15T08:40:20.151783+00:00,950,legeendofcrypto
1304179,38668,"⭐️$AIO/USDT  SHORT

🛡Leverage : Cross 25x50

‼️Ent....04733

Use only 3% - 5% amount of your portfolio🛍",d92c857e189ba9d4b56062ee00b35f62,2026-09-15T10:21:08+00:00,2026-09-15T10:22:45.043487+00:00,950,legeendofcrypto
1304181,38665,"🚀 #HEMIUSDT LONG SIGNAL 🚀  LEVERAGE 50X-75X

📌 ENT...ch this move together!

🔓 Trade Smart • Trade Safe",6f5e1756bd2e409b20a7df7a3c28af5d,2026-09-15T10:17:53+00:00,2026-09-15T10:22:45.046109+00:00,950,legeendofcrypto
1304184,38661,"🔰 PAIR: XRP/ USDT 💹

🟢Position: LONG🚀

☑️ Entry Zo...:
🥇 1.4086
🥈 1.4121
🥉 1.4183

❌ Stop Loss: 🔴1.3979",5ab343a157af7d9a6701583df840a534,2026-09-15T10:02:18+00:00,2026-09-15T10:22:45.073919+00:00,950,legeendofcrypto
1304177,38660,"#POWERUSDT — BUY (LONG) 
🎉
🟢 Leverage: Cross  50x
...Risk Management:
Use only 2%– 3%of your portfolio.",4555de51edb515aeb9c79f6bc098e72b,2026-09-15T10:02:18+00:00,2026-09-15T10:22:45.039153+00:00,950,legeendofcrypto
1304169,38658,"🚀 LONG: $AIN/USDT
LEVERAGE: 50x

✔️ENTRY PRICE: 0....670-0.1740-0.1860

STOP LOSS:  0.1535


REACTIONS?",79ca36817ec32452b8fecd91fa1b04e6,2026-09-15T10:02:18+00:00,2026-09-15T10:22:45.012641+00:00,950,legeendofcrypto
1304186,38656,"💰#POWER/ USDT👑

💎Setup Type: Strong LONG  🔖Opportu...TP ➝ 0.25000

4️⃣TP ➝ 0.35000

🚫Stop Loss: 0.12000",57a77fbb99042bbadb2b5b587e5dcc7c,2026-09-15T09:43:48+00:00,2026-09-15T10:22:45.084952+00:00,950,legeendofcrypto
1304185,38657,"#BTC

long CMP

sl 75824
Tp 81024

Apply risk management",9fe61b9d8bdd723928a489d86c9f4d15,2026-09-15T09:43:48+00:00,2026-09-15T10:22:45.078910+00:00,950,legeendofcrypto
1304175,38654,"BTC/USDT Long  | 

Entry  :  76900 

TP   :  77500 / 78000 / 78500

SL  :  76000 | Risk 3% to 5%",eea1dc2e4b5af5a8dd221020dc26d3ca,2026-09-15T09:25:17+00:00,2026-09-15T10:22:45.028185+00:00,950,legeendofcrypto
1304170,38653,"✅ Long

Pair: #BAT/USDT

📊 Entry Price: 

1) 0.074...) 0.079906

Stop Loss: 0.070078

Leverage: 10x-20x",1c2aa9cb5022dba9f218b339e5070c4b,2026-09-15T09:25:17+00:00,2026-09-15T10:22:45.016384+00:00,950,legeendofcrypto
1304183,38648,"#PUNDIX/USDT

📈Signal: long Leverage: Cross 50X

⚡...even after TP1 is hit.

📣Trade Smart • Follow Risk",61136592d1d2b52378e79215374373a4,2026-09-15T09:18:20+00:00,2026-09-15T10:22:45.053554+00:00,950,legeendofcrypto
1304178,38650,"🔴 SHORT $UNI/USDT | Cross 19X

✅ Entry: 6.575

🎯 TP: 6.45 - 6.33 -  6.15 

🛑 SL: 6.85",5e78718a7f8a082849480dbce434ff74,2026-09-15T09:18:20+00:00,2026-09-15T10:22:45.040223+00:00,950,legeendofcrypto
1304176,38649,"Pair: #LIT/USDT

Short • (20X)

Entry
4.4612 - 4.5...t your own risk. Always use proper risk management",29d0346d44120f9d467eef1e2d0a023b,2026-09-15T09:18:20+00:00,2026-09-15T10:22:45.028788+00:00,950,legeendofcrypto
1304168,38645,"🪙#AVAAI/USDT

🚩POSITION — LONG

🔒  LEVERAGE — 20X7...10650
TP🥉: 0.010990

⛔️ SL: 0.009350

🔥REACTIONS?😜",9a1af9c9cc88a285743174e76be4052f,2026-09-15T09:01:04+00:00,2026-09-15T10:22:45.010113+00:00,950,legeendofcrypto
1304164,38643,"⭐ US /USDT — LONG

💵 ENTRY: 0.015800-0.015300

⚙️ ...o

📌 Follow the setup and manage your risk wisely.",a2bfa776b7dcbce21f3aba8b4f3889d5,2026-09-15T09:01:04+00:00,2026-09-15T10:22:44.983619+00:00,950,legeendofcrypto
1304163,38644,"#AVAAI/USDT LONG NOW 📉
🏠ENTRY: ( 0.010316 )",54131564e0223a2db49c25f9ab0ad238,2026-09-15T09:01:04+00:00,2026-09-15T10:22:44.861869+00:00,950,legeendofcrypto
1304161,38637,"🟢TRUMP/USDT My Long Trade Setup

Leverage 50X

Ent....050

Stop Loss  :  1.920

Follow Money Management",dad9a46ab14d1cb0ea3a09a0788ddc41,2026-09-15T08:49:05+00:00,2026-09-15T10:22:44.838880+00:00,950,legeendofcrypto
1304160,38638,"ANKR/USDT

Short Short Short 

IST ENTRY AT MARKET...16 - 0.004570 

StopLoss: 0.004980 

Leverage: 16x",8fdf8d5ca56167d2f78f17652ecf5dd7,2026-09-15T08:49:05+00:00,2026-09-15T10:22:44.827621+00:00,950,legeendofcrypto
1304158,38636,"🪙#B/USDT

🚩POSITION — SHORT

🔒  LEVERAGE — 20X75

...🥈: 0.2120
TP🥉: 0.2045

⛔️ SL: 0.2390

🔥REACTIONS?😜",3c7c8673c0f575a0a7d983642d91dbaf,2026-09-15T08:49:05+00:00,2026-09-15T10:22:44.789251+00:00,950,legeendofcrypto
1304156,38635,"#B/USDT SHORT NOW 📉
🏠ENTRY: ( 0.2192 )",02319bcf54b73c07a654deac1d68d5f0,2026-09-15T08:49:05+00:00,2026-09-15T10:22:44.671974+00:00,950,legeendofcrypto
1306088,38688,"ZEC‼️ 
SHORT NOW  🚀
Leverage 75x
Target 🎯 100% - 2...%
Margin 1% wallet size 
DCA wait

Stop-loss: WAIT",6a0b349e997fa24585c303bd73674386,2026-09-15T11:47:07+00:00,2026-09-15T11:49:01.231984+00:00,950,legeendofcrypto
1306086,38683,"Long #AIN 50x 0.17300

Tp: 0.17900",9c7e7b3e6f25d1e66ba65fe0b0102d2a,2026-09-15T11:46:35+00:00,2026-09-15T11:49:01.224622+00:00,950,legeendofcrypto
1306080,38687,"Coin #BTW /USDT

Position: LONG 

Leverage:  Cross...rgets: 🎯 0.7550, 0.7900, 0.8350

Stop Loss: 0.6800",15e6a81013566c3b9e71b97a74dd55bb,2026-09-15T11:46:35+00:00,2026-09-15T11:49:01.211112+00:00,950,legeendofcrypto
1306079,38685,"🔘 Coin : #SAGA/USDT 🔘

🔴 SHORT

🔺Entry🔻: 0.02031

... - 0.01928

♦️ StopLoss : 0.02124

🔱 Leverage: 25x",126ff9aa27cb9750d8784faf532e691d,2026-09-15T11:46:35+00:00,2026-09-15T11:49:01.205524+00:00,950,legeendofcrypto
1306072,38686,"📈 LONG #AKE/USDT 

🚀 LEVERAGE : 50x

📊 ENTRY PRICE...TP🟢0.0255

TP🟢0.0270

STOPLOSS 🔴0.0223

REACTIONS?",f3f27672d8d096d3a5d8eb26720ed0b3,2026-09-15T11:46:35+00:00,2026-09-15T11:49:01.107136+00:00,950,legeendofcrypto
1306074,38682,"⭐ XPIN /USDT — LONG

💵 ENTRY: 0.08450-0.08200

⚙️ ...o

📌 Follow the setup and manage your risk wisely.",feb87147d9874365456dd6079e1dce36,2026-09-15T11:12:12+00:00,2026-09-15T11:49:01.172404+00:00,950,legeendofcrypto
1306077,38680,"BTC/USDT

LONG LONG LONG 

OPEN MARKET PRICE 

TP 77100
TP 77500
TP 77800

SL 75900

LEV 45X",056e6da84f559aed787fa7c11ebb520b,2026-09-15T11:07:40+00:00,2026-09-15T11:49:01.188328+00:00,950,legeendofcrypto
1306076,38679,"#ARIA/USDT

📈Signal: long Leverage: Cross 20X

⚡️E...even after TP1 is hit.

📣Trade Smart • Follow Risk",e4fbf0820b984db81094b14d28d0e5a6,2026-09-15T11:07:40+00:00,2026-09-15T11:49:01.185182+00:00,950,legeendofcrypto
1306070,38681,"Long #AIN 50x 0.16700

Tp: 0.17100",e96f6c49cdc0faff847dc0b666f43687,2026-09-15T11:07:40+00:00,2026-09-15T11:49:00.978323+00:00,950,legeendofcrypto
1306075,38675,"UNI/USDT

LONG LONG LONG 

OPEN MARKET PRICE 

TP ...740
TP 6.780
TP 6.840
TP 6.870

SL 6.2400

LEV 25X",eacf56b6903356b83de49c17187c87f7,2026-09-15T10:49:35+00:00,2026-09-15T11:49:01.179391+00:00,950,legeendofcrypto
1306082,38674,"➡️ #AKE      /USDT (SHORT) 🔽🔽

⌛LEVERAGE : 20X TO ...5


💥Use only 1%margin of your total portfolio❤️😘😇",99680d5cde408f4e12d620403539ae40,2026-09-15T10:34:33+00:00,2026-09-15T11:49:01.214538+00:00,950,legeendofcrypto
1306068,38673,"#XPINUSDT — BUY (LONG) 
🎉
🟢 Leverage: Cross  50x75...Risk Management:
Use only 2%– 3%of your portfolio.",3b7f26dd3e379f97d95ae264affb2942,2026-09-15T10:34:33+00:00,2026-09-15T11:49:00.915514+00:00,950,legeendofcrypto
1306067,38670,"🚀 LONG: $POWER/USDT🚀
LEVERAGE: 20X-50X

🤍 ENTRY PR...1740- 0.19
—————

❌ STOP LOSS: 0.1380❌


REACTIONS",aa9931f7d1818eeb6ea5307dd01bcaed,2026-09-15T10:24:34+00:00,2026-09-15T11:49:00.906343+00:00,950,legeendofcrypto
1306066,38669,"LONG

BTC/USDT

MARKET PRICE 

Leverage: 10X

TP: ...5% of capital 

Always use proper risk management.",c01c9bfb5f8f15277bd9dcafa969beaa,2026-09-15T10:24:34+00:00,2026-09-15T11:49:00.815629+00:00,950,legeendofcrypto
1309285,38720,"Coin #POWER /USDT

Position: LONG 

Leverage:  Cro...rgets: 🎯 0.1710, 0.1790, 0.1920

Stop Loss: 0.1530",128615ff99d110808dbc7e4a0f9f52ce,2026-09-15T12:55:33+00:00,2026-09-15T13:14:19.710200+00:00,950,legeendofcrypto
1309281,38719,"⭐ POWER /USDT — LONG

💵 ENTRY: 0.16600-0.16000

⚙️...o

📌 Follow the setup and manage your risk wisely.",1957562ac0f614dd168732d25bb32542,2026-09-15T12:55:33+00:00,2026-09-15T13:14:19.671450+00:00,950,legeendofcrypto
1309279,38718,"⭐ BTW /USDT — LONG

💵 ENTRY: 0.72000-0.68400

⚙️ L...o

📌 Follow the setup and manage your risk wisely.",0105e23034623d3a72cbec31db4519f0,2026-09-15T12:55:33+00:00,2026-09-15T13:14:19.668387+00:00,950,legeendofcrypto
1309278,38717,"💰#AKE/ USDT👑

💎Setup Type: Strong LONG  🔖Opportuni...➝ 0.027000

4️⃣TP ➝ 0.035000

🚫Stop Loss: 0.021000",1c870ccac35fc0ae82a157f3b790c679,2026-09-15T12:55:33+00:00,2026-09-15T13:14:19.650830+00:00,950,legeendofcrypto
1309284,38715,"#AXL/USDT SHORT NOW 📉
🏠ENTRY: ( 0.04757 )",0280f9a7b1614b5fe17a93a2dc996010,2026-09-15T12:55:32+00:00,2026-09-15T13:14:19.698712+00:00,950,legeendofcrypto
1309275,38716,"🪙#AXL/USDT

🚩POSITION — SHORT

🔒  LEVERAGE — 20X75...0.04520
TP🥉: 0.04260

⛔️ SL: 0.05450

🔥REACTIONS?😜",10983e9232ce55b2e435fd6c0b071800,2026-09-15T12:55:32+00:00,2026-09-15T13:14:19.636507+00:00,950,legeendofcrypto
1309282,38713,"💰#BTW/ USDT👑

💎Setup Type: Strong LONG  🔖Opportuni...TP ➝ 1.15000

4️⃣TP ➝ 1.34000

🚫Stop Loss: 0.53000",69cec9d23a873717d6c71835c6f4ddec,2026-09-15T12:22:31+00:00,2026-09-15T13:14:19.677549+00:00,950,legeendofcrypto
1309280,38707,"#PLAYUSDT — BUY (LONG) 
🎉
🟢 Leverage: Cross  50x75...Risk Management:
Use only 2%– 3%of your portfolio.",00e5f59cae6be70ff161805e1196dcb9,2026-09-15T12:22:31+00:00,2026-09-15T13:14:19.670585+00:00,950,legeendofcrypto
1338276,38863,"➡️ #G     /USDT (LONG) 🔼🔼

⌛LEVERAGE : 20X TO 75X
...8


💥Use only 1%margin of your total portfolio❤️😘😇",a981b6efb09dfa3b921c7d837acd3a18,2026-09-15T21:32:38+00:00,2026-09-15T21:37:08.935378+00:00,950,legeendofcrypto
1338275,38861,📉 SHORT BTC/USDT NOW ✔️,569381a0050804c9f14b4064e5485461,2026-09-15T21:32:38+00:00,2026-09-15T21:37:08.933387+00:00,950,legeendofcrypto
1338274,38862,"📉 SHORT #BTC/USDT 

🚀 LEVERAGE : 150x

📊 ENTRY PRI...

TP🟢74000

TP🟢73000

STOPLOSS 🔴78000


REACTIONS?",678e0ec7d08c1f89f25650d62394f953,2026-09-15T21:32:38+00:00,2026-09-15T21:37:08.931278+00:00,950,legeendofcrypto
1352046,39008,"🔴 SHORT

#DASH/USDT

Entry zone : 53.74 - 52.18

T....77
47.19
45.62

Stop loss :55.8326

Leverage: 10x",84ae2f50fc3e18747b229c09e72aaa5a,2026-09-16T07:02:49+00:00,2026-09-16T07:19:40.660268+00:00,950,legeendofcrypto
1352058,38998,"📊#ARB/USDT — LONG

⚡️ Leverage : 10X – 30X

💹Entry...Entry After TP1

⚖️ Follow Proper Risk Management.",28200376abee0abc75d113a527f5e08c,2026-09-16T06:45:19+00:00,2026-09-16T07:19:40.749282+00:00,950,legeendofcrypto
1352055,38995,"💵 𝐒𝐈𝐆𝐍𝐀𝐋 𝐀𝐋𝐄𝐑𝐓 💵

#VTHO/USDT (25xLONG)

✅ ENTRY:0....S:-0.0007350/0.00078/0.00084

❌ STOP LOSS: 0.00061",54e633222dee6d17a6e08b5945f201ea,2026-09-16T06:45:19+00:00,2026-09-16T07:19:40.729108+00:00,950,legeendofcrypto
1352053,38997,"$REZ/USDT #SHORT📩

✅ENTRY :-0.003550/0.003670

Tar...𝐎𝐧𝐥𝐲 𝟏-𝟑% 𝐎𝐟 𝐎𝐮𝐫 𝐃𝐞𝐩𝐨𝐬𝐢𝐭 𝐅𝐨𝐫 𝐄𝐚𝐜𝐡 𝐓𝐫𝐚𝐝𝐞

React,??m",c545d08bc713c392155ac4756f4e7da8,2026-09-16T06:45:19+00:00,2026-09-16T07:19:40.720307+00:00,950,legeendofcrypto
1352051,38996,"AAVE-USD  
Exchanges: BYBIT

🔴 Long 
Leverage- Cro... 155.57
5) 168.02
6) 181.46
7) 🚀🚀🚀 

⛔️ SL:
114.45",ff8c54d763bd758f34a49fc489c29701,2026-09-16T06:45:19+00:00,2026-09-16T07:19:40.701360+00:00,950,legeendofcrypto
1352047,38999,"BCH-USD  
Exchanges: BYBIT

🔴 Long 
Leverage- Cros... 283.30
5) 305.97
6) 330.45
7) 🚀🚀🚀 

⛔️ SL:
208.41",8e76171e469968692645cc954c26f3c4,2026-09-16T06:45:19+00:00,2026-09-16T07:19:40.680553+00:00,950,legeendofcrypto
1352041,38994,"⚡️⚡️ #ASTR/USDT ⚡️⚡️
Exchanges: Bingx 
Signal Type...
5) 0.00600
6) 0.00590
7) 🚀🚀🚀

Stop Targets:
5-10%",1471f37d2000764688993109457f19d0,2026-09-16T06:45:14+00:00,2026-09-16T07:19:40.558772+00:00,950,legeendofcrypto
1352060,38990,"⚡️⚡️ #AEVO/USDT ⚡️⚡️
Exchanges: Bingx 
Signal Type...
5) 0.01966
6) 0.01935
7) 🚀🚀🚀

Stop Targets:
5-10%",9866aaaa9106e681766922f2e3ec0f1f,2026-09-16T06:45:13+00:00,2026-09-16T07:19:40.792647+00:00,950,legeendofcrypto
1352045,38992,"⚡️⚡️ #APEX/USDT ⚡️⚡️
Exchanges: Bingx 
Signal Type...
5) 0.19759
6) 0.19444
7) 🚀🚀🚀

Stop Targets:
5-10%",74daad27833158d7ff308d235852cae5,2026-09-16T06:45:13+00:00,2026-09-16T07:19:40.585550+00:00,950,legeendofcrypto
1352040,38984,"MARSCOINUSDTUSDT  
Exchanges: BINGX 

🟢 Long
Lever....12830000
6) 0.13856000
7) 🚀🚀🚀 

⛔️ SL:
0.09500000",d4282b899642f5f0d63e3f0ba1efe4b6,2026-09-16T06:45:13+00:00,2026-09-16T07:19:40.537846+00:00,950,legeendofcrypto
1352043,38972,"IOSTUSDTUSDT  
Exchanges: BINGX 

🟢 Long
Leverage-....00084000
6) 0.00091000
7) 🚀🚀🚀 

⛔️ SL:
0.00066688",3dc33c30f4a9ec0fd9bf461f710509e9,2026-09-16T06:45:12+00:00,2026-09-16T07:19:40.566474+00:00,950,legeendofcrypto
1352042,38970,"⌛#ADA/USDT  ( SHORT )

🍁 Leverage 👉 20X to 25X 

⛩...89 | 0.1871 | 0.1849 | 0.1822

🔕 Stoploss = 0.2014",f76cddb4307948d78e4804a6f528b0c0,2026-09-16T06:45:12+00:00,2026-09-16T07:19:40.565656+00:00,950,legeendofcrypto
1351929,38870,"🚀 SHORT: $POWER/USDT🚀
LEVERAGE: 20X-50X

🤍 ENTRY P...1170- 0.1030
—————

❌ STOP LOSS: 0.15❌


REACTIONS",882e943c80e23df8830f19e85cdb407c,2026-09-16T06:21:20+00:00,2026-09-16T07:19:27.743865+00:00,950,legeendofcrypto
1354013,39038,"#SYN/USDT

📈Signal: long Leverage: Cross 20X

⚡️En...even after TP1 is hit.

📣Trade Smart • Follow Risk",9f9538e0c993756b6ceecf7bce4b68e6,2026-09-16T08:47:32+00:00,2026-09-16T08:49:57.634147+00:00,950,legeendofcrypto
1354003,39037,"⭐ SYN /USDT — LONG

💵 ENTRY: 0.18000-0.16000

⚙️ L...o

📌 Follow the setup and manage your risk wisely.",f8e826f259b0237bbfd71e229d76247b,2026-09-16T08:31:38+00:00,2026-09-16T08:49:57.573760+00:00,950,legeendofcrypto
1354009,39036,"SYNUSDTUSDT  
Exchanges: BINGX 

🟢 Short
Leverage-...600.00
5) 1500.00
6) 50.00
7) 🚀🚀🚀 

⛔️ SL:
2000.00",554026f3334188270fb48ded146688b2,2026-09-16T08:31:37+00:00,2026-09-16T08:49:57.607945+00:00,950,legeendofcrypto
1354012,39034,"#LSK/ USDT — BUY (LONG) 
Leverage: Cross 25x – 50x...T IS KEY
👉 Use ONLY 2 – 3% of your total portfolio",34fbad4e11036c6e660e1367aa06afba,2026-09-16T08:13:17+00:00,2026-09-16T08:49:57.631378+00:00,950,legeendofcrypto
1354008,39031,HEMIUSDT SHORT NOW,2a4fbc9346d70c9c5cdd807d51f578a1,2026-09-16T08:13:17+00:00,2026-09-16T08:49:57.604519+00:00,950,legeendofcrypto
1354007,39033,"🚀 LONG: $SYN/USDT🚀
LEVERAGE: 20X-50X

🤍 ENTRY PRIC...- 0.22- 0.25
—————

❌ STOP LOSS: 0.15❌


REACTIONS",ab895ac992f32b7a16221f1f552bd5d2,2026-09-16T08:13:17+00:00,2026-09-16T08:49:57.599687+00:00,950,legeendofcrypto
1354006,39032,"⭐️$HEMI/USDT  SHORT

🛡Leverage : Cross 25x50

‼️En...007227

Use only 3% - 5% amount of your portfolio🛍",812cf40dab7dc8863af4e2ceffe0dbf4,2026-09-16T08:13:17+00:00,2026-09-16T08:49:57.583183+00:00,950,legeendofcrypto
1353999,39030,"🔴 Short

Pair: #ZIL/USDT

📊 Entry Price: 

1) 0.00...0.0027775

Stop Loss: 0.0031719

Leverage: 10x-20x",8d6c17942bbe213fa6dabed51999051e,2026-09-16T08:13:17+00:00,2026-09-16T08:49:57.559296+00:00,950,legeendofcrypto
1354002,39029,"#SYN/USDT SHORT   

👉Leverage : Cross 10× To 30×

...

1)  0.180
2)  0.170
3)  0.160

⭕Stoploss : 0.196",6d24dbcf14cf7d40ba905d325da25c9f,2026-09-16T08:03:24+00:00,2026-09-16T08:49:57.562065+00:00,950,legeendofcrypto
1354010,39025,#AKE SHORT 0.286,f01e0781830910162599696e232d4b7c,2026-09-16T07:50:06+00:00,2026-09-16T08:49:57.609519+00:00,950,legeendofcrypto
1354004,39026,"📊 Let’s SHORT #AKE/USDT

💥 Leverage:  Cross 20×  -... 

1) 0.028
2) 0.027
3) 0.026

🔖 Stop Loss: 0.0306",b61a585eeffa0f0c90c06e8c9370cd94,2026-09-16T07:50:06+00:00,2026-09-16T08:49:57.575771+00:00,950,legeendofcrypto
1353997,39027,"🟢 Long

#CRV/USDT

Entry : 

1) 0.313300
2) 0.3039...4734

🛑 Stop : 0.293562

Leverage : 10x (isolated)",b7092c134ba46384e622978ca055872e,2026-09-16T07:50:06+00:00,2026-09-16T08:49:57.536373+00:00,950,legeendofcrypto
1353990,39015,"👑 #LSK/USDT — TRADE LONG

LEVERAGE 25X TO 50X

👌 E...0

⛔️ STOP LOSS: 0.4750

⚡️ NO FEAR — JUST PROFITS",a4c6280fc6b9dc2dab7e9799f628fc7d,2026-09-16T07:42:50+00:00,2026-09-16T08:49:57.300269+00:00,950,legeendofcrypto
1353992,39013,"🔴 SHORT

#ZEC/USDT

Entry zone : 1223.10 - 1187.48...74.07
1038.27

Stop loss :1270.6036

Leverage: 10x",9d08427b45adf80f5305eb91a029000d,2026-09-16T07:20:05+00:00,2026-09-16T08:49:57.326290+00:00,950,legeendofcrypto
1353991,39012,"⭐ USELESS /USDT — LONG

💵 ENTRY: 0.23780-0.21400

...o

📌 Follow the setup and manage your risk wisely.",3b2182b7b7c9fb647462930b1fb60db8,2026-09-16T07:20:05+00:00,2026-09-16T08:49:57.304418+00:00,950,legeendofcrypto
1353989,39014,"📊 Let’s SHORT #SYN/USDT

💥 Leverage:  Cross 20×  -...: 

1) 0.135
2) 0.126
3) 0.114

🔖 Stop Loss: 0.156",6467b9db90400b1346f46a92c6cacb2e,2026-09-16T07:20:05+00:00,2026-09-16T08:49:57.299285+00:00,950,legeendofcrypto
1353988,39011,"🚀 #LSKUSDT LONG SIGNAL 🚀  LEVERAGE 50X-75X

📌 ENTR...ch this move together!

🔓 Trade Smart • Trade Safe",123dd76ab432a29d7ee9b8edd163c8c6,2026-09-16T07:20:05+00:00,2026-09-16T08:49:57.288959+00:00,950,legeendofcrypto
1353987,39010,LSK LONG 0.5120 TP1 0.5235,071a4ac3d1d53fbff43937a7c1accb8f,2026-09-16T07:20:05+00:00,2026-09-16T08:49:57.273611+00:00,950,legeendofcrypto
1356057,39091,"Long #BR 50x 0.4700

Tp: 0.4900",d9b05eacb610d55301f1a96159516305,2026-09-16T11:15:09+00:00,2026-09-16T11:19:05.434858+00:00,950,legeendofcrypto
1356058,39090,"📊 Let’s SHORT #AKE/USDT

💥 Leverage:  Cross 20×  -...1) 0.0325
2) 0.0350
3) 0.0385

🔖 Stop Loss: 0.0240",88d4d81f7e77dda79f908cd8dfa3d2b6,2026-09-16T11:12:34+00:00,2026-09-16T11:19:05.438732+00:00,950,legeendofcrypto
1356074,39087,"➡️ #HEI     /USDT (LONG) 🔼🔼

⌛LEVERAGE : 20X TO 75...0


💥Use only 1%margin of your total portfolio❤️😘😇",c3d7a2bc91a79de5606ee26bdd2fa5f1,2026-09-16T11:08:05+00:00,2026-09-16T11:19:05.519706+00:00,950,legeendofcrypto
1356066,39088,"ZECUSDTUSDT  
Exchanges: BINGX 

🟢 Long
Leverage- ...9.86
5) 1306.65
6) 1411.18
7) 🚀🚀🚀 

⛔️ SL:
1043.49",2131cf4c7b9561030cb872ced27ecde7,2026-09-16T11:08:05+00:00,2026-09-16T11:19:05.467344+00:00,950,legeendofcrypto
1356063,39086,"⭐ LSK /USDT — LONG

💵 ENTRY: 0.5800-0.5500

⚙️ LEV...o

📌 Follow the setup and manage your risk wisely.",23d443595f47626472e2d3415b9ebf16,2026-09-16T11:08:05+00:00,2026-09-16T11:19:05.446550+00:00,950,legeendofcrypto
1356059,39089,"Long #LSK 50x 0.6700

Tp: 0.6900",bdda5c9955438a53d9c0b70c45c98b80,2026-09-16T11:08:05+00:00,2026-09-16T11:19:05.442444+00:00,950,legeendofcrypto
1356045,39085,"Long #LSK 50x 0.6200

Tp: 0.6500",d399742674604cdb4e87663124cd3986,2026-09-16T11:08:05+00:00,2026-09-16T11:19:05.300992+00:00,950,legeendofcrypto
1356055,39084,"#LSKUSDT — BUY (LONG) 
🎉
🟢 Leverage: Cross  50x

⚡...Risk Management:
Use only 2%– 3%of your portfolio.",a367d50cdf1a1145e4a47d53bf4455a3,2026-09-16T10:59:14+00:00,2026-09-16T11:19:05.430419+00:00,950,legeendofcrypto
1356073,39079,LSKUSDT LONG NOW,07887acd90ec447520841ce4b3124c9c,2026-09-16T10:52:48+00:00,2026-09-16T11:19:05.517772+00:00,950,legeendofcrypto
1356068,39078,"🚨 #UNI/USDT | LONG 

⚡Leverage: Cross 25x

🎯Entry ... follow the signal and secure profits at targets.💎",0e8e0ffebf240a723577dc8200c52e2e,2026-09-16T10:52:48+00:00,2026-09-16T11:19:05.479151+00:00,950,legeendofcrypto
1356062,39081,"👑 #SYN/USDT — TRADE LONG

LEVERAGE 25X TO 50X

👌 E...0

⛔️ STOP LOSS: 0.1660

⚡️ NO FEAR — JUST PROFITS",194fce2d03862fdd2266a50ff8620ff7,2026-09-16T10:52:48+00:00,2026-09-16T11:19:05.445046+00:00,950,legeendofcrypto
1356053,39082,"Pair: #MARSCOIN/USDT

Long • (25X)

Entry
0.10020 ...t your own risk. Always use proper risk management",bd9422a59a5842faffc0f5252bd81be4,2026-09-16T10:52:48+00:00,2026-09-16T11:19:05.403008+00:00,950,legeendofcrypto
1356052,39080,"⭐️$LSK/USDT  LONG

🛡Leverage : Cross 25x50

‼️Entr....45994

Use only 3% - 5% amount of your portfolio🛍",6ed9a9c43e5b8ed0743e5b320fe5ee22,2026-09-16T10:52:48+00:00,2026-09-16T11:19:05.382874+00:00,950,legeendofcrypto
1356050,39077,"🔘 Coin : #AKE/USDT 🔘

🟢 LONG

🔺Entry🔻: 0.028542

⭐... 0.031961

♦️ StopLoss : 0.027411

🔱 Leverage: 25x",1889d3198ef673ad207ede40e929a9f4,2026-09-16T10:52:48+00:00,2026-09-16T11:19:05.369310+00:00,950,legeendofcrypto
1356065,39070,"📉 SHORT #LSK/USDT 

🚀 LEVERAGE : 50x

📊 ENTRY PRIC...

TP🟢0.500

TP🟢0.470

STOPLOSS 🔴0.570


REACTIONS?",537083efca888114cb2cbdf4e2c171f0,2026-09-16T10:39:43+00:00,2026-09-16T11:19:05.455892+00:00,950,legeendofcrypto
1356071,39069,"📍Coin : #SYN/USDT

🔴 SHORT 

👉 Entry: 0.1713 - 0.1...t 5: 0.1618
🎯 Target 6: 0.1602

❌ StopLoss: 0.1799",ac5c3bda93969f15a3e5260e41befef7,2026-09-16T10:37:27+00:00,2026-09-16T11:19:05.501462+00:00,950,legeendofcrypto
1356061,39068,"SOL/USDT My Long Trade Idea 💡

Leverage 100X

Entr...8.500

Stop Loss   96.500

Follow Money Management",1e94480f2d4fbbd936f9607b7d322993,2026-09-16T10:37:27+00:00,2026-09-16T11:19:05.443646+00:00,950,legeendofcrypto
1356049,39067,"🚀 #MARSCOINUSDT LONG SIGNAL 🚀  LEVERAGE 50X-75X

📌...ch this move together!

🔓 Trade Smart • Trade Safe",789fa4ffea71538dd7ed91e0774ce053,2026-09-16T10:27:31+00:00,2026-09-16T11:19:05.345145+00:00,950,legeendofcrypto
1356048,39066,"🚨 #ETH/USDT | LONG 

⚡Leverage: Cross 20-200x

🎯En... follow the signal and secure profits at targets.💎",2a71455da774063dd07657286e142e7b,2026-09-16T10:27:31+00:00,2026-09-16T11:19:05.333047+00:00,950,legeendofcrypto
1356064,39053,"❖ SYN/USDT

❖ SHORT [ 10×20 ]

➤ Entry Zone:- 0.17... TP2: 0.1600
▪️ TP3: 0.1500

➤ Stop Loss :- 0.1900",c66b42f0cac01b6e1ffd7c30f8442b26,2026-09-16T10:11:14+00:00,2026-09-16T11:19:05.451135+00:00,950,legeendofcrypto
1356056,39051,LSK LONG 0.5430 TP1 0.5550,4b5ef592fe9f795325ce7d89aa52f86b,2026-09-16T10:11:14+00:00,2026-09-16T11:19:05.433737+00:00,950,legeendofcrypto
1356047,39052,"🚀 #LSKUSDT LONG SIGNAL 🚀  LEVERAGE 50X-75X

📌 ENTR...ch this move together!

🔓 Trade Smart • Trade Safe",ba00fafae684fc8b857cd3cdd3e24a25,2026-09-16T10:11:14+00:00,2026-09-16T11:19:05.331598+00:00,950,legeendofcrypto
1356042,39054,"👑 #IDOL/USDT — TRADE LONG

LEVERAGE 25X TO 50X

👌 ...

⛔️ STOP LOSS: 0.00925

⚡️ NO FEAR — JUST PROFITS",b7a1e0ea947e02a968d3a4eb20ea3853,2026-09-16T10:11:14+00:00,2026-09-16T11:19:05.271625+00:00,950,legeendofcrypto
1356069,39047,"#BR/USDT LONG NOW 📉
🏠ENTRY: ( 0.25018 )",b369d4b147e9cb4efae0be7794bd16a5,2026-09-16T10:11:13+00:00,2026-09-16T11:19:05.482860+00:00,950,legeendofcrypto
1356044,39048,"🪙#BR/USDT

🚩POSITION — LONG

🔒  LEVERAGE — 20X75

...0.25800
TP🥉: 0.26700

⛔️ SL: 0.23000

🔥REACTIONS?😜",64515c7ff57f43a478966d088232b378,2026-09-16T10:11:13+00:00,2026-09-16T11:19:05.297816+00:00,950,legeendofcrypto
1356041,39049,"🚀 LONG: $CROSS/USDT
LEVERAGE: 50x

✔️ENTRY PRICE: ...1405-0.1460-0.1600

STOP LOSS:  0.1295

REACTIONS?",b8aba330f8df18eb361c25c1b21c228c,2026-09-16T10:11:13+00:00,2026-09-16T11:19:05.164827+00:00,950,legeendofcrypto
1356038,39043,"💰#LSK/ USDT👑

💎Setup Type: Strong LONG  🔖Opportuni...TP ➝ 0.65000

4️⃣TP ➝ 0.80000

🚫Stop Loss: 0.42000",bef51718e0488a9be6974f5480449bf0,2026-09-16T08:58:19+00:00,2026-09-16T11:19:05.100328+00:00,950,legeendofcrypto
1358900,39117,"⭐️$BR/USDT  LONG

🛡Leverage : Cross 25x50

‼️Entry... 0.539

Use only 3% - 5% amount of your portfolio🛍",c77c8f4bfcaf3e992c9de0672b290cf7,2026-09-16T13:11:24+00:00,2026-09-16T13:34:37.249845+00:00,950,legeendofcrypto
1358885,39114,"🔰 PAIR: XRP/ USDT 💹

🔴Position: SHORT🚀

☑️ Entry Z...:
🥇 1.2782
🥈 1.2744
🥉 1.2655

❌ Stop Loss: 🔴1.2965",04c6a0f0281a1a956b0961b623914390,2026-09-16T13:01:34+00:00,2026-09-16T13:34:37.174339+00:00,950,legeendofcrypto
1358903,39112,"Use only 2% Funds

#LINK/USDT (SHORT)

Entry 1 = 1... Profit
T.P 3 = 1000% Profit 

🔴Stop loss at 11.50",a39ddc9959c15986dac47ff666b9138a,2026-09-16T12:58:33+00:00,2026-09-16T13:34:37.261952+00:00,950,legeendofcrypto
1358894,39113,"#LONG 🟢🔤🔤🔤🔤🔤

#BTC/USDT

Margin Mode : Isolated 💎
...8

🟥 SL : 74,509 - 100%   

📊 LEV : 30X

🇯🇵Premium",82a1716441b269b0dfc378c8a11f71c2,2026-09-16T12:58:33+00:00,2026-09-16T13:34:37.234787+00:00,950,legeendofcrypto
1358890,39109,"#SYN/USDT

📈Signal: long Leverage: Cross 20X

⚡️En...even after TP1 is hit.

📣Trade Smart • Follow Risk",6228ed9e03f8b61e81410ba550ebf956,2026-09-16T12:25:14+00:00,2026-09-16T13:34:37.213655+00:00,950,legeendofcrypto
1358891,39108,"🔴 SHORT

#DASH/USDT

Entry : 

1) 53.59
2) 55.19

...) 49.88

🛑 Stop : 56.96

Leverage : 10x (isolated)",b7888203bad7cc22cb848d2a6f4d821e,2026-09-16T12:18:04+00:00,2026-09-16T13:34:37.221130+00:00,950,legeendofcrypto
1358897,39106,"✅Entry 0.79065 - 0.78206

(🆘LONG BTWUSDT 5-20x🆘)

....828357
🏹Target 6  $0.835641

🚫Stop loss -0.749256",a254ca03f672427340bda135edb88bd2,2026-09-16T12:14:29+00:00,2026-09-16T13:34:37.241555+00:00,950,legeendofcrypto
1358880,39104,"💰#SYN/ USDT👑

💎Setup Type: Strong LONG  🔖Opportuni...

🥉TP ➝ 0.2700

4️⃣TP ➝ 0.3500

🚫Stop Loss: 0.1700",646ced3345a7b6db674cb9132ddfe5d4,2026-09-16T12:14:29+00:00,2026-09-16T13:34:37.050714+00:00,950,legeendofcrypto
1358904,39100,"🚀 SHORT: $AIN/USDT
LEVERAGE: 50x

✔️ENTRY PRICE: 0...-0.02300-0.02100

STOP LOSS:  0.02620


REACTIONS?",ed837a17ec2330950bc307f0c96b5ef7,2026-09-16T12:10:54+00:00,2026-09-16T13:34:37.270012+00:00,950,legeendofcrypto
1358896,39102,"⭐️$ARB/USDT  LONG

🛡Leverage : Cross 25x50

‼️Entr....15350

Use only 3% - 5% amount of your portfolio🛍",9f6b6e941fedb1c43e4aa62dd521def6,2026-09-16T12:10:54+00:00,2026-09-16T13:34:37.238749+00:00,950,legeendofcrypto
1358882,39099,"➡️ #LSK        /USDT (SHORT) 🔽🔽

⌛LEVERAGE : 20X T...0


💥Use only 1%margin of your total portfolio❤️😘😇",137613f9a9f4382802933f2bdcc8eb05,2026-09-16T11:54:54+00:00,2026-09-16T13:34:37.064950+00:00,950,legeendofcrypto
1358895,39097,"📈 LONG #SYN/USDT 

🚀 LEVERAGE : 50x

📊 ENTRY PRICE...1

TP🟢0.197

TP🟢0.207

STOPLOSS 🔴0.175

REACTIONS?",525b95d2287cc82ee4dfb89a1494b49a,2026-09-16T11:44:33+00:00,2026-09-16T13:34:37.235535+00:00,950,legeendofcrypto
1358881,39095,"#SYN/ USDT — BUY (LONG) 
Leverage: Cross 25x – 50x...T IS KEY
👉 Use ONLY 2 – 3% of your total portfolio",fab184754d284d209bd9dc0036141461,2026-09-16T11:44:33+00:00,2026-09-16T13:34:37.060846+00:00,950,legeendofcrypto
1358879,39096,"BTW/USDT 

SHORT SHORT SHORT 

OPEN MARKET PRICE 
...0.77800
TP 0.77200
TP 0.76900

SL 0.82500

LEV 10X",fcdbf8e235710b81ecc403eff76bb50c,2026-09-16T11:44:33+00:00,2026-09-16T13:34:36.887222+00:00,950,legeendofcrypto
1358877,39093,"Long #LSK 50x 0.6550

Tp: 0.6800",bfc0994ce679dc2dc30621abac13cad8,2026-09-16T11:33:35+00:00,2026-09-16T13:34:36.841054+00:00,950,legeendofcrypto
1358878,39092,"📊 Let’s SHORT #ADA/USDT

💥 Leverage:  Cross 20×  -...1) 0.1890
2) 0.1820
3) 0.1740

🔖 Stop Loss: 0.2000",eae183e64a049ba7a9469ea08d96009c,2026-09-16T11:27:39+00:00,2026-09-16T13:34:36.845570+00:00,950,legeendofcrypto
1362528,39178,"BRUSDTUSDT  
Exchanges: BINGX 

🟢 Long
Leverage- C....84331000
6) 0.91077000
7) 🚀🚀🚀 

⛔️ SL:
0.55100000",6759b5febc8ec01c17221036808571f6,2026-09-16T15:11:11+00:00,2026-09-16T15:11:57.357199+00:00,950,legeendofcrypto
1362517,39165,"⭐ BR /USDT — LONG

💵 ENTRY: 0.6000-0.5800

⚙️ LEVE...o

📌 Follow the setup and manage your risk wisely.",56362d10831c75e66255af74544c7e58,2026-09-16T14:41:12+00:00,2026-09-16T15:10:56.855350+00:00,950,legeendofcrypto
1362491,39161,"🪙#GLM/USDT

🚩POSITION — SHORT

🔒  LEVERAGE — 20X75...0.10450
TP🥉: 0.09880

⛔️ SL: 0.12300

🔥REACTIONS?😜",cc0ab6fc480539f3026cb1fa4f797593,2026-09-16T14:23:01+00:00,2026-09-16T15:10:56.634695+00:00,950,legeendofcrypto
1362521,39160,"#GLM/USDT SHORT NOW 📉
🏠ENTRY: ( 0.11000 )",a61e88224ec923134fdc1917f1063ff7,2026-09-16T14:17:43+00:00,2026-09-16T15:10:56.874213+00:00,950,legeendofcrypto
1362519,39159,"🚨 #BR/USDT | SHORT 

⚡Leverage: Cross 20x

🎯Entry ... follow the signal and secure profits at targets.💎",6d93e228bde4df39d05c27ea47735618,2026-09-16T14:17:43+00:00,2026-09-16T15:10:56.857001+00:00,950,legeendofcrypto
1362508,39157,"#KITE | SHORT SETUP

💰 Entry: $0.09742

🎯 Target1:...t4: $0.09372
🎯 Target5: $0.09235

🛡 STOP: $0.10229",3a64c8e14e659062e931313b41445ce0,2026-09-16T14:17:43+00:00,2026-09-16T15:10:56.817896+00:00,950,legeendofcrypto
1362502,39158,"👑My Coin: $4/USDT
👀Looking for SHORT

🌟0.023478 Wi...I Will Set: 0.024219
°°°°°°°°°°°°°° As my stoploss",8c306e2267403a0b23b9fbc8e89a477f,2026-09-16T14:17:43+00:00,2026-09-16T15:10:56.775157+00:00,950,legeendofcrypto
1362501,39156,"⭐️$HEI/USDT  LONG

🛡Leverage : Cross 25x50

‼️Entr....12360

Use only 3% - 5% amount of your portfolio🛍",e7ae8cfa39b4c01049445e9f031bcc5c,2026-09-16T14:17:43+00:00,2026-09-16T15:10:56.758027+00:00,950,legeendofcrypto
1362518,39149,"🚀 #4USDT LONG SIGNAL 🚀  LEVERAGE 50X-75X

📌 ENTRY ...ch this move together!

🔓 Trade Smart • Trade Safe",81ba489608565c7beb5c9382e546d893,2026-09-16T14:06:03+00:00,2026-09-16T15:10:56.856394+00:00,950,legeendofcrypto
1362516,39148,4USDT LONG 0.02337 TP1 0.02388,1d8dd31375e50af0445b34e7066c54d6,2026-09-16T14:06:03+00:00,2026-09-16T15:10:56.844683+00:00,950,legeendofcrypto
1362510,39150,"💹#PORTAL/USDT SHORT SETUP 

PORTAL is showing weak... $0.01650
TP4: $0.01550
TP5: $0.01512
SL: $0.01894",42a304cfe0301002937c06419868d187,2026-09-16T14:06:03+00:00,2026-09-16T15:10:56.822658+00:00,950,legeendofcrypto
1362495,39153,"👑 #4 /USDT — TRADE LONG

LEVERAGE 25X TO 50X

👌 EN...

⛔️ STOP LOSS: 0.02200

⚡️ NO FEAR — JUST PROFITS",49250f95afbb7f1873f583ef04dc82cb,2026-09-16T14:06:03+00:00,2026-09-16T15:10:56.708127+00:00,950,legeendofcrypto
1362490,39151,"🔴 Short

Pair: #ZEC/USDT

📊 Entry Price: 

1) 1248...
4) 1162.13

Stop Loss: 1327.16

Leverage: 10x-20x",57b25cbd95347517c53fcde63a4ccea4,2026-09-16T14:06:03+00:00,2026-09-16T15:10:56.626678+00:00,950,legeendofcrypto
1362522,39147,"🔴SHORT  #BTCUSDT

🔶 Entry : 75800 - 75900

➡️ Leve...ake Profit Targets :

👉 74800

🛑 Stop Loss : 77000",b26b4983cf708c580d72f1bd44a46f9f,2026-09-16T13:52:03+00:00,2026-09-16T15:10:56.877096+00:00,950,legeendofcrypto
1362496,39123,"📊 BR/USDT — LONG 

📍 ENTRY: 0.57

🎯 TARGET 1: 0.62...Manage your risk & trade responsibly.

🔥 LET’S GO!",c9ff4baa6a2f1bae19553aa84e71b752,2026-09-16T13:51:42+00:00,2026-09-16T15:10:56.732681+00:00,950,legeendofcrypto
1362484,39128,"#BR/USDT SHORT   

👉Leverage : Cross 10× To 30×

E...ofit

1)  0.57
2)  0.54
3)  0.50

⭕Stoploss : 0.62",a411e08f3db0d0e21f81b6d72336bf9f,2026-09-16T13:51:42+00:00,2026-09-16T15:10:56.575120+00:00,950,legeendofcrypto
1366202,39186,"LONG — NEAR

Entry: 2.481

Targets: 2.506 / 2.551 ... / 2.735

Stop: 2.356

Move SL to entry after TP1.",42cfd421c7f34c1aced19f76d5dab5e0,2026-09-16T16:52:29+00:00,2026-09-16T18:30:23.004436+00:00,950,legeendofcrypto
1366201,39185,"🪙#LSK/USDT

🚩POSITION — LONG

🔒  LEVERAGE — 20X75
...0.82500
TP🥉: 0.87500

⛔️ SL: 0.65000

🔥REACTIONS?😜",61f9d9728ece50be64dce70789b66298,2026-09-16T16:52:29+00:00,2026-09-16T18:30:23.000883+00:00,950,legeendofcrypto
1366197,39187,"⛽️Pair: LSK/USDT
Type: LONG 🟢
✅Leverage:  (20X_100... 0.90
2) 1.10
3) 1.38
4) 1.70

❌ STOP LOSS: 0.550❌",30ef35d53d2967df6b612c87b8f5a72e,2026-09-16T16:52:29+00:00,2026-09-16T18:30:22.987721+00:00,950,legeendofcrypto
1366193,39184,"#LSK/USDT LONG NOW 📉
🏠ENTRY: ( 0.77670)",0519636022c180e756aec2e09b602bd2,2026-09-16T16:52:29+00:00,2026-09-16T18:30:22.974986+00:00,950,legeendofcrypto
1366204,39180,"🚨 #LSK/USDT | SHORT 

⚡Leverage: Cross 20x

🎯Entry... follow the signal and secure profits at targets.💎",77de6d866e5a8666d478a9d994ec8903,2026-09-16T16:31:26+00:00,2026-09-16T18:30:23.011780+00:00,950,legeendofcrypto
1366199,39182,"$BTC LONG🟢 (25x Lev)

Entry -  75650$

Targets

1)76500
2)78000$

SL- 74900$",fc480c642afb7d88020c40f3e2c242f6,2026-09-16T16:31:26+00:00,2026-09-16T18:30:22.995964+00:00,950,legeendofcrypto
1366195,39183,"🌈PAIR:- #SYN/USDT
⚡️ Direction : LONG
🛠 Leverage: ...nt Usage:- 1 - 2%
(According To your Risk Setting)",09aa40da98bb80f9f498723f3e01803e,2026-09-16T16:31:26+00:00,2026-09-16T18:30:22.975914+00:00,950,legeendofcrypto
1366192,39181,"Long #LSK 50x 0.7200

Tp: 0.7400",e433ead8ecc79634a0c0599d2e800fc9,2026-09-16T16:31:26+00:00,2026-09-16T18:30:22.904519+00:00,950,legeendofcrypto
1376711,39202,"#BR/USDT

📈Signal: long Leverage: Cross 50X

⚡️Ent...even after TP1 is hit.

📣Trade Smart • Follow Risk",000e8f18097b773e6b5b7384ba1d74c0,2026-09-16T19:26:48+00:00,2026-09-16T20:10:48.048004+00:00,950,legeendofcrypto
1376715,39196,"⚡️$JUP/USDT { 25X }

📈 DIRECTION : { LONG }

🔍 ENT...199
➡️0.2229
➡️0.2260
➡️0.2277

🔴STOPLOSS : 0.2055",17b60dedd23643ae0906231844b3a859,2026-09-16T18:49:34+00:00,2026-09-16T20:10:48.069030+00:00,950,legeendofcrypto
1376709,39195,"ETH/USD BUY 

Entry : $ 2425.90

Target1: $  2450
... 2511
Target3: $ 2587
Target4: $ 2641

SL : $ 2340",2d4557a98521d925e33a7581f612de84,2026-09-16T18:49:34+00:00,2026-09-16T20:10:48.039652+00:00,950,legeendofcrypto
1376708,39194,"⚡️⚡️#IO/USDT⚡️⚡️

Signal Type : Short
Leverage : 2...
1) 0.1161
2) 0.1122
3) 0.1086

Stop Loss : 0.1221",12c7c486485871db269f30bcf7134c19,2026-09-16T18:49:34+00:00,2026-09-16T20:10:48.035676+00:00,950,legeendofcrypto
1376707,39193,"#LSK        /USDT (SHORT) 🔽🔽

⌛LEVERAGE : 20X TO 7...55

💥Use only 1%margin of your total portfolio❤️😘😇",6274e69677edb76adb98552f6312e630,2026-09-16T18:49:34+00:00,2026-09-16T20:10:47.931107+00:00,950,legeendofcrypto
1380523,39207,"LONG OP/USDT📈📈📈

ENTRY: 0.08755

TP1: 0.09856

TP2...agement 🏆

Use only 10% of your 📈Available balance",41a58634e52d36e58b312f05a8e8971f,2026-09-16T20:40:29+00:00,2026-09-16T21:36:25.916425+00:00,950,legeendofcrypto
1380526,39204,"📉 SHORT #LSK 50x

📌 Entry: 0.69500

🎯 TP: 0.6700

...t Usage: 1-3%
⚠️ According to your risk management",2880b57a958b4f2ff15785e6e4fe3f7f,2026-09-16T20:40:28+00:00,2026-09-16T21:36:25.925086+00:00,950,legeendofcrypto
1384812,39407,"🚀 LONG: $AVA/USDT
LEVERAGE: 50x

✔️ENTRY PRICE: 0....460-0.2540-0.2726

STOP LOSS:  0.2270


REACTIONS?",606634627d56a3bed90be314c292d3f9,2026-09-17T10:10:05+00:00,2026-09-17T13:54:33.850538+00:00,950,legeendofcrypto
1384822,39406,"🟢HYPE/USDT My Short Trade 

Leverage 75X

Entry Po...9.000

Stop Loss   81.000

Follow Money Management",462655150b1138ee8282019ffe0295e0,2026-09-17T09:58:34+00:00,2026-09-17T13:54:33.985072+00:00,950,legeendofcrypto
1384823,39403,"✨SOL/USDT

🎗 Trade Type = SHORT 🔴

⭐️ Leverage :- ...fit = [ 99.29, 98.32, 97.31, 96.18, 95.34, 94.23 ]",60e25a4d8d76b50555edf0503d4b5ea3,2026-09-17T09:54:48+00:00,2026-09-17T13:54:33.988311+00:00,950,legeendofcrypto
1384796,39404,"📊 Let’s LONG #NEAR/USDT

💥 Leverage:  Cross 20×  -...gets: 

1) 2.85
2) 2.95
3) 3.10

🔖 Stop Loss: 2.65",ee0c2da211971d38da7d89514ec93212,2026-09-17T09:54:48+00:00,2026-09-17T13:54:33.719007+00:00,950,legeendofcrypto
1384816,39399,"📊 #NEAR/USDT

🟢 POSITION: LONG

💰 ENTRY RANGE
➤ 2....S
➤ 2.55

━━━━━━━━━━━━━━━━━━

✅ Manage risk wisely",a53c152f5f6a917b46a56285b99257eb,2026-09-17T09:23:10+00:00,2026-09-17T13:54:33.964683+00:00,950,legeendofcrypto
1384807,39398,"🔴 Short

Pair: #BCH/USDT

📊 Entry Price: 

1) 224....94
4) 209.20

Stop Loss: 238.90

Leverage: 10x-20x",8a23b19891455043778e1c0f60b21acc,2026-09-17T09:23:10+00:00,2026-09-17T13:54:33.778481+00:00,950,legeendofcrypto
1384821,39393,"🚀 #NEARUSDT LONG SIGNAL 🚀  LEVERAGE 50X-75X

📌 ENT...ch this move together!

🔓 Trade Smart • Trade Safe",82fb4c9bedbd2c9d931d60bbe29c966c,2026-09-17T09:13:06+00:00,2026-09-17T13:54:33.983555+00:00,950,legeendofcrypto
1384817,39389,"#BR/USDT SHORT NOW 📉
🏠ENTRY: ( 0.58775)",20b65b94172beac43e85c7d8fb7fc766,2026-09-17T08:52:31+00:00,2026-09-17T13:54:33.970396+00:00,950,legeendofcrypto
1384810,39390,"🪙#BR/USDT

🚩POSITION — SHORT

🔒  LEVERAGE — 20X75
...0.56800
TP🥉: 0.54800

⛔️ SL: 0.62000

🔥REACTIONS?😜",f574736a979be08c9632616aa1b4f1e1,2026-09-17T08:52:31+00:00,2026-09-17T13:54:33.832546+00:00,950,legeendofcrypto
1384804,39384,"#POWER/USDT

📈Signal: short Leverage: Cross 20X

⚡...even after TP1 is hit.

📣Trade Smart • Follow Risk",58f4ad2fc9a00d03a41327aa1473c5bd,2026-09-17T08:44:23+00:00,2026-09-17T13:54:33.765259+00:00,950,legeendofcrypto
1384802,39386,"💰#BR/ USDT👑

💎Setup Type: Strong SHORT  🔖Opportuni...TP ➝ 0.50000

4️⃣TP ➝ 0.45000

🚫Stop Loss: 0.68000",2c595c05578157105c503bf3f25cc11c,2026-09-17T08:44:23+00:00,2026-09-17T13:54:33.747663+00:00,950,legeendofcrypto
1384790,39383,"Short #POWER 0.13100

Tp 0.12780",9bbd5b685bc6f1cd3203593aa4e47f03,2026-09-17T08:44:23+00:00,2026-09-17T13:54:33.712422+00:00,950,legeendofcrypto
1384809,39381,"👑 #DASH /USDT — TRADE LONG

LEVERAGE 25X TO 50X

👌...00

⛔️ STOP LOSS: 55.50

⚡️ NO FEAR — JUST PROFITS",55456d15444afee9bc4bc232e81e457f,2026-09-17T08:38:36+00:00,2026-09-17T13:54:33.831189+00:00,950,legeendofcrypto
1384827,39380,"🔴 SHORT

#LTC/USDT

Entry : 

1) 52.84
2) 54.42

T...) 49.18

🛑 Stop : 56.16

Leverage : 10x (isolated)",ce2210da33f082660a6a05d04f7af29d,2026-09-17T08:38:35+00:00,2026-09-17T13:54:34.021147+00:00,950,legeendofcrypto
1384792,39378,"#ON/USDT SHORT NOW 📉
🏠ENTRY: ( 0.1501)",a2a9528473f01d11cfb18bad6796bb43,2026-09-17T08:38:35+00:00,2026-09-17T13:54:33.713200+00:00,950,legeendofcrypto
1384787,39379,"🪙#ON/USDT

🚩POSITION — SHORT

🔒  LEVERAGE — 20X75
...🥈: 0.1425
TP🥉: 0.1350

⛔️ SL: 0.1700

🔥REACTIONS?😜",3fe1b26b9ed1079e29bdfd5fcba14b32,2026-09-17T08:38:35+00:00,2026-09-17T13:54:33.705631+00:00,950,legeendofcrypto
1384805,39376,ONEUSDT SHORT NOW,a1e64bf002c6b5acf95f47bb6c4cc8da,2026-09-17T08:28:22+00:00,2026-09-17T13:54:33.766137+00:00,950,legeendofcrypto
1384771,39377,"⭐️$ONE/USDT  SHORT

🛡Leverage : Cross 25x50

‼️Ent...013296

Use only 3% - 5% amount of your portfolio🛍",e0da0bc7f3841adea0e25476d85c8de0,2026-09-17T08:28:22+00:00,2026-09-17T13:54:33.648152+00:00,950,legeendofcrypto
1384800,39375,"📉 SHORT #ONE/USDT 

🚀 LEVERAGE : 50x

📊 ENTRY PRIC....00100

TP🟢0.00093

STOPLOSS 🔴0.00115


REACTIONS?",bc1af74837f713342b39b670cb59d9e7,2026-09-17T08:15:21+00:00,2026-09-17T13:54:33.734531+00:00,950,legeendofcrypto
1384782,39373,"📈 LONG #ONE/USDT 

🚀 LEVERAGE : 50x

📊 ENTRY PRICE....00134

TP🟢0.00140

STOPLOSS 🔴0.00119


REACTIONS?",2a9ccd2db50a8511ef0262d12723e005,2026-09-17T07:56:13+00:00,2026-09-17T13:54:33.681174+00:00,950,legeendofcrypto
1384820,39371,"👑 #ONE /USDT — TRADE LONG

LEVERAGE 25X TO 50X

👌 ...
⛔️ STOP LOSS: 0.001770

⚡️ NO FEAR — JUST PROFITS",d5a2324ca289e9c821ba690608d23c0c,2026-09-17T07:45:28+00:00,2026-09-17T13:54:33.981357+00:00,950,legeendofcrypto
1384791,39369,"⚡️$TRX/USDT⚡️

LONG
Leverage: 25X

Entry: 0.32516 ...3)0.35689
4)0.36689
5)0.37690

Stoploss: 0.3117546",e9c9053bb457d3e7ab576a2caeeb4c28,2026-09-17T07:45:28+00:00,2026-09-17T13:54:33.713998+00:00,950,legeendofcrypto
1384815,39368,"⭐️$ONE/USDT  LONG 

🛡Leverage : Cross 25x50

‼️Ent...009547

Use only 3% - 5% amount of your portfolio🛍",1ae88e170d145a1d04c645f28abad055,2026-09-17T07:34:09+00:00,2026-09-17T13:54:33.952916+00:00,950,legeendofcrypto
1384798,39366,"✅ Long

#TRX/USDT

Entry zone : 0.32516 - 0.33522
...36689
0.37690

Stop loss :0.3117546

Leverage: 10x",7c44e75bfe983fdde295760d7d9cf620,2026-09-17T07:34:08+00:00,2026-09-17T13:54:33.729839+00:00,950,legeendofcrypto
1384795,39365,"⚡️⚡️ #ASR/USDT ⚡️⚡️
Exchanges: Bingx 
Signal Type:...
5) 0.79468
6) 0.78200
7) 🚀🚀🚀

Stop Targets:
5-10%",d4a7f08d9bfd0e6456e56d706ca18682,2026-09-17T07:34:08+00:00,2026-09-17T13:54:33.717414+00:00,950,legeendofcrypto
1384769,39367,ONEUSDT LONG NOW,7e6af733c9a8e38a5150db3d8fc179c1,2026-09-17T07:34:08+00:00,2026-09-17T13:54:33.645698+00:00,950,legeendofcrypto
1384829,39358,"🐳 SKYAI/USDT #LONG🐳

✳️ ENTRY :- 0.06300 - 0.06000...: 0.071

⛔️ STOP-LOSS :- 0.056

☝️ Margin Use 2–3%",8d47ea909b97e8ac600dd9dcb63999f3,2026-09-17T07:00:12+00:00,2026-09-17T13:54:34.031472+00:00,950,legeendofcrypto
1384811,39357,"📊 DASH/USDT — LONG 

📍 ENTRY: 59

🎯 TARGET 1: 60
🎯...Manage your risk & trade responsibly.

🔥 LET’S GO!",2a630fbd6444cc045e9bf01355ec40fe,2026-09-17T07:00:12+00:00,2026-09-17T13:54:33.840370+00:00,950,legeendofcrypto
1384764,39361,"📈 LONG #SYN/USDT

♻ Leverage: 20X

➡️ Entry :- 0.1...: 

1) 0.208
2) 0.225
3) 0.250

⭕ Stop Loss: 0.150",cd7daf5f3fd6a88653181a92adebfb26,2026-09-17T07:00:12+00:00,2026-09-17T13:54:33.559052+00:00,950,legeendofcrypto
1384826,39343,"⭐ UB /USDT — LONG

💵 ENTRY:0.13200-0.12500

⚙️ LEV...o

📌 Follow the setup and manage your risk wisely.",cb0997dc24ab229df57e8be2bb0e088a,2026-09-17T07:00:11+00:00,2026-09-17T13:54:34.004426+00:00,950,legeendofcrypto
1384819,39348,"⚡️⚡️ #AIA/USDT ⚡️⚡️
Exchanges: Bingx 
Signal Type:...
5) 0.07201
6) 0.07302
7) 🚀🚀🚀

Stop Targets:
5-10%",2a23ac6f92fdd9732b96f8b01553db5b,2026-09-17T07:00:11+00:00,2026-09-17T13:54:33.980593+00:00,950,legeendofcrypto
1384794,39341,"🚀 LONG: $AVA/USDT🚀
LEVERAGE: 20X-50X

🤍 ENTRY PRIC...0.2590- 0.28
—————

❌ STOP LOSS: 0.20❌


REACTIONS",092be452ca098dd7f3835619f66a7bf8,2026-09-17T07:00:11+00:00,2026-09-17T13:54:33.718111+00:00,950,legeendofcrypto
1384789,39347,"⚡️⚡️ #AAVE/USDT ⚡️⚡️
Exchanges: Bingx 
Signal Type...129.10800
6) 130.93500
7) 🚀🚀🚀

Stop Targets:
5-10%",66c12424981f2445329a022e73b733de,2026-09-17T07:00:11+00:00,2026-09-17T13:54:33.711478+00:00,950,legeendofcrypto
1384786,39356,"⭐ TIA /USDT — LONG

💵 ENTRY: 0.3470-0.3123

⚙️ LEV...o

📌 Follow the setup and manage your risk wisely.",3dc8c28a8477fc6118fabb6021ddcd35,2026-09-17T07:00:11+00:00,2026-09-17T13:54:33.701574+00:00,950,legeendofcrypto
1384780,39349,"⚡️⚡️ #APE/USDT ⚡️⚡️
Exchanges: Bingx 
Signal Type:...
5) 0.13377
6) 0.13567
7) 🚀🚀🚀

Stop Targets:
5-10%",c0cf217bce96b5d1d2ad88aa5293a391,2026-09-17T07:00:11+00:00,2026-09-17T13:54:33.674588+00:00,950,legeendofcrypto
1384775,39337,"#AVA/USDT LONG   

👉Leverage : Cross 10× To 30×

E...

1)  0.245
2)  0.256
3)  0.267

⭕Stoploss : 0.228",318ff535cecfc5bccde188ff1abcb180,2026-09-17T07:00:11+00:00,2026-09-17T13:54:33.663034+00:00,950,legeendofcrypto
1384774,39335,"#BR/USDT SHORT   

👉Leverage : Cross 10× To 30×

E...ofit

1)  0.61
2)  0.56
3)  0.50

⭕Stoploss : 0.71",a8208a051290045114b7a24511f8083c,2026-09-17T07:00:11+00:00,2026-09-17T13:54:33.654556+00:00,950,legeendofcrypto
1384767,39350,"⚡️⚡️ #CFX/USDT ⚡️⚡️
Exchanges: Bingx 
Signal Type:...
5) 0.04800
6) 0.04868
7) 🚀🚀🚀

Stop Targets:
5-10%",1bfcee3e7532f398e20fd2c7c8950c66,2026-09-17T07:00:11+00:00,2026-09-17T13:54:33.637844+00:00,950,legeendofcrypto
1384766,39342,"🚀 $PONS/USDT PERP 🚀

🟢 LONG

💰 Entry : 0.622$ – 0.... 5X – 25X

⛔️ SL : 0.550$

📌 Use Only 2-5% Capital",4f42a7c7b818b6221da5f86e4df6e344,2026-09-17T07:00:11+00:00,2026-09-17T13:54:33.636118+00:00,950,legeendofcrypto
1384763,39351,"⚡️⚡️ #ARX/USDT ⚡️⚡️
Exchanges: Bingx 
Signal Type:...
5) 0.17681
6) 0.17931
7) 🚀🚀🚀

Stop Targets:
5-10%",ab59f13999076c7fcb68c3bfd19911c3,2026-09-17T07:00:11+00:00,2026-09-17T13:54:33.554811+00:00,950,legeendofcrypto
1384761,39340,"$ZEC/USDT #LONG📩

✅ENTRY :-1376/1330

Target 1: 14...𝐎𝐧𝐥𝐲 𝟏-𝟑% 𝐎𝐟 𝐎𝐮𝐫 𝐃𝐞𝐩𝐨𝐬𝐢𝐭 𝐅𝐨𝐫 𝐄𝐚𝐜𝐡 𝐓𝐫𝐚𝐝𝐞

React,??m",0d0b95ff4d4df47388a0f68f87fd11ca,2026-09-17T07:00:11+00:00,2026-09-17T13:54:33.525305+00:00,950,legeendofcrypto
1384759,39345,"⌛#LINK/USDT  ( LONG )

🍁 Leverage 👉 20X to 25X 

⛩...52 | 11.572 | 11.681 | 11.806

🔕 Stoploss = 10.630",511b5644163ced7006431c6b60b45d00,2026-09-17T07:00:11+00:00,2026-09-17T13:54:33.487700+00:00,950,legeendofcrypto
1384758,39338,"#LONG 🟢🔤🔤🔤🔤🔤

#IO/USDT

Margin Mode : Isolated 💎

...15

🟥 SL : 0.1231- 100%   

📊 LEV : 20X

🇯🇵Premium",69c19df6814616c31f118d6aabbb9fb9,2026-09-17T07:00:11+00:00,2026-09-17T13:54:33.456626+00:00,950,legeendofcrypto
1393915,39475,"📊 Let’s LONG #COTI/USDT

💥 Leverage:  Cross 20×  -...1) 0.0205
2) 0.0213
3) 0.0227

🔖 Stop Loss: 0.0189",1e44de182125422c8a0e91262f9cc053,2026-09-17T15:19:30+00:00,2026-09-17T15:54:10.510977+00:00,950,legeendofcrypto
1393892,39474,"👑 #COTI /USDT — TRADE LONG

LEVERAGE 25X TO 50X

✅...

⛔️ STOP LOSS: 0.01900

⚡️ NO FEAR — JUST PROFITS",da7fe5c6379a1f2f797f4672d38a5186,2026-09-17T15:19:30+00:00,2026-09-17T15:54:10.379316+00:00,950,legeendofcrypto
1393902,39471,"📈 LONG #AVA/USDT 

🚀 LEVERAGE : 75x

📊 ENTRY PRICE...0

TP🟢0.325

TP🟢0.340

STOPLOSS 🔴0.280

REACTIONS?",1a574910bf9f29ee03ddc4bd69d4bb67,2026-09-17T15:13:56+00:00,2026-09-17T15:54:10.417635+00:00,950,legeendofcrypto
1393880,39472,"#COTI     /USDT (SHORT) 🔽🔽

⌛LEVERAGE : 20X TO 75X...9


💥Use only 1%margin of your total portfolio❤️😘😇",b79197e1cddb37864094f79c5ea05422,2026-09-17T15:13:56+00:00,2026-09-17T15:54:10.333916+00:00,950,legeendofcrypto
1393916,39470,"✨ARB/USDT

🎗 Trade Type = SHORT 🔴

⭐️ Leverage :- ...125, 0.15936, 0.15785, 0.15626, 0.15452, 0.15256 ]",2c650ef2b6177c97e81225c9b7ef8a2d,2026-09-17T14:32:43+00:00,2026-09-17T15:54:10.524441+00:00,950,legeendofcrypto
1393906,39469,"🌈PAIR:- #ZEC/USDT
⚡️ Direction : LONG
🛠 Leverage: ...nt Usage:- 1 - 2%
(According To your Risk Setting)",9ff42ca91460d0a84543d7e4e2f7ff3b,2026-09-17T14:32:43+00:00,2026-09-17T15:54:10.443036+00:00,950,legeendofcrypto
1393903,39468,"🚀 #DRIFTUSDT LONG SIGNAL 🚀  LEVERAGE 50X-75X

📌 EN...ch this move together!

🔓 Trade Smart • Trade Safe",3aac47ebaa0777553c3674c3483321b2,2026-09-17T14:32:43+00:00,2026-09-17T15:54:10.421159+00:00,950,legeendofcrypto
1393891,39466,"Long #ONE 0.0012500

Tp 0.0012930",9331e142942d153c3c1cbe01d773817c,2026-09-17T14:32:43+00:00,2026-09-17T15:54:10.375541+00:00,950,legeendofcrypto
1393881,39467,"#ONE/USDT

📈Signal: long Leverage: Cross 50X

⚡️En...even after TP1 is hit.

📣Trade Smart • Follow Risk",d2e22b483e5a15186121527e2dae64f1,2026-09-17T14:32:43+00:00,2026-09-17T15:54:10.336700+00:00,950,legeendofcrypto
1393910,39463,"🚨 #ZEC/USDT | LONG

⚡Leverage: Cross 20x

🎯Entry T... follow the signal and secure profits at targets.💎",5b745695af9e64eb384f5f8c0ee29153,2026-09-17T13:59:01+00:00,2026-09-17T15:54:10.480374+00:00,950,legeendofcrypto
1393904,39462,"📊 Let’s LONG #LSK/USDT

💥 Leverage:  Cross 20×  - ...1) 0.4982
2) 0.5140
3) 0.5410

🔖 Stop Loss: 0.4482",53ecd3a11a7aef2e901f059243fe50a6,2026-09-17T13:45:59+00:00,2026-09-17T15:54:10.422122+00:00,950,legeendofcrypto
1393874,39460,"💫 Pair: ENA/USDT  💫

🔼 Direction: Long 🔼

✅ Levera...Take Profit: 0.1650 📈

⚠️ Stop Loss: 0.1412 ⚠️

📈📈",dd4eda2174aeaa2e9594b7c36f22574b,2026-09-17T13:45:59+00:00,2026-09-17T15:54:10.312645+00:00,950,legeendofcrypto
1393862,39461,"⭐ GENIUS /USDT — SHORT

💵 ENTRY: 0.3900-0.4100

⚙️...o

📌 Follow the setup and manage your risk wisely.",2c966604a71937871cfd7c807c0426c9,2026-09-17T13:45:59+00:00,2026-09-17T15:54:10.150082+00:00,950,legeendofcrypto
1393860,39459,"#LSK/USDT

📈Signal: long Leverage: Cross 50X

⚡️En...even after TP1 is hit.

📣Trade Smart • Follow Risk",11bebf408599df25bc30bef21e0cadf4,2026-09-17T13:45:58+00:00,2026-09-17T15:54:10.122938+00:00,950,legeendofcrypto
1393914,39455,"#MARSCOIN/USDT

📈Signal: long Leverage: Cross 20X
...even after TP1 is hit.

📣Trade Smart • Follow Risk",00bc7cbb0d07bede87deab4775bed288,2026-09-17T13:29:25+00:00,2026-09-17T15:54:10.506006+00:00,950,legeendofcrypto
1393899,39458,"🔰 PAIR: SOL/ USDT 💹

🟢Position: LONG🚀

☑️ Entry Zo...s:
🥇 100.78
🥈 101.37
🥉 102.07

❌ Stop Loss: 🔴99.47",5b258e5f9d78248bc88b6f89c2985fd8,2026-09-17T13:29:25+00:00,2026-09-17T15:54:10.411980+00:00,950,legeendofcrypto
1393884,39450,"🚨 #LIT/USDT | LONG 

⚡Leverage: Cross 20X

🎯Entry ... follow the signal and secure profits at targets.💎",56fe5b886a650350d92a041f8530fd03,2026-09-17T13:29:25+00:00,2026-09-17T15:54:10.349449+00:00,950,legeendofcrypto
1393877,39456,"🚨 #SOL/USDT | SHORT

⚡Leverage: Cross 100X

🎯Entry... follow the signal and secure profits at targets.💎",c2bdee80c1c4151aeee9e9688c248a22,2026-09-17T13:29:25+00:00,2026-09-17T15:54:10.318922+00:00,950,legeendofcrypto
1393863,39457,"#GENIUS    /USDT (SHORT) 🔽🔽

⌛LEVERAGE : 20X TO 75...0


💥Use only 1%margin of your total portfolio❤️😘😇",99302a1e57b1adce57e198cff6e0c40e,2026-09-17T13:29:25+00:00,2026-09-17T15:54:10.209719+00:00,950,legeendofcrypto
1393886,39449,"ETHUSDT

LONG LONG LONG 

OPEN MARKET PRICE 

TP 2465
TP 2480
TP 2495

SL 2390

LEV 42X",1b53eefedb5d93cac059de58c47ce25a,2026-09-17T13:08:02+00:00,2026-09-17T15:54:10.363161+00:00,950,legeendofcrypto
1393883,39448,"#ONE USDT — BUY (LONG) 
🎉
🟢 Leverage: Cross  50x

...Risk Management:
Use only 2%– 3%of your portfolio.",6d4f4ca467f9af08700188fbf44072df,2026-09-17T12:54:56+00:00,2026-09-17T15:54:10.342529+00:00,950,legeendofcrypto
1393912,39444,"🔴 SHORT

#THETA/USDT

Entry : 

1) 0.1851
2) 0.190...0.1722

🛑 Stop : 0.1967

Leverage : 10x (isolated)",032b71df83b39fc77f08175d18ab5316,2026-09-17T12:42:30+00:00,2026-09-17T15:54:10.504221+00:00,950,legeendofcrypto
1393901,39446,"⭐️$ONE/USDT  LONG

🛡Leverage : Cross 25x50

‼️Entr...008622

Use only 3% - 5% amount of your portfolio🛍",df62639b6d85e7ba3fe9280a3f7df75a,2026-09-17T12:42:30+00:00,2026-09-17T15:54:10.416627+00:00,950,legeendofcrypto
1393864,39445,ONEUSDT LONG NOW,7e6af733c9a8e38a5150db3d8fc179c1,2026-09-17T12:42:30+00:00,2026-09-17T15:54:10.219488+00:00,950,legeendofcrypto
1393859,39443,"✅ Long

Pair: #IOST/USDT

📊 Entry Price: 

1) 0.00...00086509

Stop Loss: 0.00075868

Leverage: 10x-20x",ff5c5825c86824ab57a035cb33b3b2b4,2026-09-17T12:42:30+00:00,2026-09-17T15:54:10.121723+00:00,950,legeendofcrypto
1393896,39442,"#ONE/ USDT — BUY (LONG) 
Leverage: Cross 25x – 50x...T IS KEY
👉 Use ONLY 2 – 3% of your total portfolio",8b5400dabc3a7b0f4536eb4e6649e5af,2026-09-17T12:30:53+00:00,2026-09-17T15:54:10.400949+00:00,950,legeendofcrypto
1393869,39441,"📈 LONG #ONE/USDT 

🚀 LEVERAGE : 50x

📊 ENTRY PRICE....00117

TP🟢0.00122

STOPLOSS 🔴0.00104


REACTIONS?",252c65b8ef908bf90a697c8447181d83,2026-09-17T12:30:53+00:00,2026-09-17T15:54:10.288093+00:00,950,legeendofcrypto
1393907,39440,"#SHORT 🔴 🔤🔤🔤🔤🔤

#LSK/USDT 

Margin Mode : Isolated...28

🟩 SL : 0.48095 - 100%

📊 LEV : 20X

🇯🇵 Premium",2b9951780b35aa577e11ba6965895c59,2026-09-17T12:16:11+00:00,2026-09-17T15:54:10.462785+00:00,950,legeendofcrypto
1393870,39437,"📊 Let’s LONG #GENIUS/USDT

💥 Leverage:  Cross 20× ...gets: 

1) 0.44
2) 0.46
3) 0.48

🔖 Stop Loss: 0.39",3301793d61da0895ea6c03ba4283e3c8,2026-09-17T11:58:19+00:00,2026-09-17T15:54:10.289320+00:00,950,legeendofcrypto
1393905,39436,"✅Entry : $0.19206-0.1940

(SYN SHORT /USDT 5-15X🆘)... $0.1820
🏹Target 6  $0.18000

🚫Stop loss : 0.20164",34af3d7113a4c114a4624659a939d5d5,2026-09-17T11:55:12+00:00,2026-09-17T15:54:10.422893+00:00,950,legeendofcrypto
1393913,39433,"#GENIUS/USDT

📈Signal: long Leverage: Cross 20X

⚡...even after TP1 is hit.

📣Trade Smart • Follow Risk",9d0890d808c2389db1da74c5002b80c3,2026-09-17T11:49:35+00:00,2026-09-17T15:54:10.505281+00:00,950,legeendofcrypto
1393861,39434,"✅ Long

#XTZ/USDT

Entry zone : 0.238329 - 0.24570...68918
0.276252

Stop loss :0.228501

Leverage: 10x",44b59f34e6261b4af6eb07b88a6e70df,2026-09-17T11:49:35+00:00,2026-09-17T15:54:10.134261+00:00,950,legeendofcrypto
1393919,39423,"LONG OP/USDT📈📈📈

ENTRY: 0.08755

TP1: 0.09856

TP2...agement 🏆

Use only 10% of your 📈Available balance",41a58634e52d36e58b312f05a8e8971f,2026-09-17T11:46:02+00:00,2026-09-17T15:54:10.570617+00:00,950,legeendofcrypto
1393918,39424,"↗️ LONG #BR 50x

📌 Entry: 0.64500

🎯 TP: 0.66500

...t Usage: 1-3%
⚠️ According to your risk management",a57e255faaa86cc532dc761e17d439a7,2026-09-17T11:46:02+00:00,2026-09-17T15:54:10.567021+00:00,950,legeendofcrypto
1393900,39428,"➡️ #REZ     /USDT (LONG) 🔼🔼

⌛LEVERAGE : 20X TO 75...99

💥Use only 1%margin of your total portfolio❤️😘😇",49c957836646a2a88f014162af7d0c4c,2026-09-17T11:46:02+00:00,2026-09-17T15:54:10.412667+00:00,950,legeendofcrypto
1393890,39427,"🔘 Coin : #ONE/USDT 🔘

🔴 SHORT

🔺Entry🔻: 0.003888

... 0.003723

♦️ StopLoss : 0.003998

🔱 Leverage: 25x",b8305c19957be647ea8655792827ab7c,2026-09-17T11:46:02+00:00,2026-09-17T15:54:10.370610+00:00,950,legeendofcrypto
1393887,39429,"👑My Coin: $ONE/USDT
👀Looking for SHORT

🌟0.0010818... Will Set: 0.0011251
°°°°°°°°°°°°°° As my stoploss",ecbdfb99887bf1852ba35c539fb31d53,2026-09-17T11:46:02+00:00,2026-09-17T15:54:10.364062+00:00,950,legeendofcrypto
1393885,39425,"💰#AVA/ USDT👑

💎Setup Type: Strong LONG  🔖Opportuni...

🥉TP ➝ 0.3300

4️⃣TP ➝ 0.3700

🚫Stop Loss: 0.2400",6533a6e0049dba7ca471e1c64f26ff1a,2026-09-17T11:46:02+00:00,2026-09-17T15:54:10.350357+00:00,950,legeendofcrypto
1393879,39430,"🔘 Coin : #PUMP/USDT 🔘

🔴 SHORT

🔺Entry🔻: 0.003888
... 0.003723

♦️ StopLoss : 0.003998

🔱 Leverage: 25x",c06fbb80d41a21acf444e6195e92ef64,2026-09-17T11:46:02+00:00,2026-09-17T15:54:10.325587+00:00,950,legeendofcrypto
1393876,39426,"⭐ AVA /USDT — LONG

💵 ENTRY: 0.2950-0.2600

⚙️ LEV...o

📌 Follow the setup and manage your risk wisely.",4f88807264aa1ae68f4156fae3bdeef4,2026-09-17T11:46:02+00:00,2026-09-17T15:54:10.322422+00:00,950,legeendofcrypto
1393867,39415,"Long #BR 50x 0.6600

Tp: 0.67500",bdef5a031299e50894751e92c4e3505a,2026-09-17T10:38:57+00:00,2026-09-17T15:54:10.242311+00:00,950,legeendofcrypto
1393866,39414,"#AVA/USDT

📈Signal: long Leverage: Cross 20X

⚡️En...even after TP1 is hit.

📣Trade Smart • Follow Risk",524882b0a8c5f707dcf67725e2436575,2026-09-17T10:38:57+00:00,2026-09-17T15:54:10.241150+00:00,950,legeendofcrypto
1393908,39410,"#SKRUSDT — BUY (LONG) 
🎉
🟢 Leverage: Cross  50x75
...Risk Management:
Use only 2%– 3%of your portfolio.",086265754b65cefad3711b704f35177b,2026-09-17T10:15:39+00:00,2026-09-17T15:54:10.467902+00:00,950,legeendofcrypto
1393855,39411,"📊#REZ/USDT–LONG–35x 🚀

📍 𝐄𝐧𝐭𝐫𝐲 𝐙𝐨𝐧𝐞:

➥ 0.00386, 0...tal.

⚠️ Disclaimer:
Trade at your own risk. DYOR.",62b163fd4de1c75c35a5e7311192b7c7,2026-09-17T10:15:39+00:00,2026-09-17T15:54:09.861601+00:00,950,legeendofcrypto
1396434,39491,"🔰 PAIR: ETH/ USDT 💹

🟢Position: LONG🚀

☑️ Entry Zo...2465.56
🥈 2473.26
🥉 2486.54

❌ Stop Loss: 🔴2446.70",acf70ccb85db306f7d8430e97f2ab845,2026-09-17T18:20:59+00:00,2026-09-17T18:41:17.136097+00:00,950,legeendofcrypto
1396437,39482,"#SUI

SUI has flipped its trend bullish and is now...gets: 0.7442 / 0.7655 / 0.7929
📉 Stop Loss: 0.7093",645a66ab54e67503cda60796639a2d14,2026-09-17T17:28:52+00:00,2026-09-17T18:41:17.156038+00:00,950,legeendofcrypto
1396432,39481,"🚨 #HYPE/USDT | LONG

⚡Leverage: Cross 20x

🎯Entry ... follow the signal and secure profits at targets.💎",35f9bc1b094a3e0c74956c160cc92dea,2026-09-17T17:28:52+00:00,2026-09-17T18:41:17.127950+00:00,950,legeendofcrypto
1396429,39479,"✅ Long

Pair: #TRX/USDT

📊 Entry Price: 

1) 0.333...
4) 0.35676

Stop Loss: 0.31288

Leverage: 10x-20x",495d7dcd5a5a44d5251034e40c6b6253,2026-09-17T16:20:00+00:00,2026-09-17T18:41:17.120741+00:00,950,legeendofcrypto
1396428,39478,"🔴 SHORT

#ZEC/USDT

Entry zone : 1517.94 - 1473.73...32.98
1288.55

Stop loss :1576.8911

Leverage: 10x",3dbc6909fe523afef8aa903c869854d9,2026-09-17T16:17:31+00:00,2026-09-17T18:41:17.117203+00:00,950,legeendofcrypto
1396426,39477,"🔴 SHORT

#DOT/USDT

Entry zone : 1.086959 - 1.0553...54518
0.922701

Stop loss :1.129171

Leverage: 10x",c19719ccbece6e3fdab4696bfa665c73,2026-09-17T16:17:31+00:00,2026-09-17T18:41:17.079399+00:00,950,legeendofcrypto
1396425,39476,"⭐ SOL /USDT — SHORT

💵 ENTRY: 103.6-105.00

⚙️ LEV...o

📌 Follow the setup and manage your risk wisely.",7b391c8608076bdda2c0a0c1e5b85e9f,2026-09-17T16:17:31+00:00,2026-09-17T18:41:17.016247+00:00,950,legeendofcrypto
1398923,39494,"⌛#ETC/USDT  ( SHORT )

🍁 Leverage 👉 20X to 25X 

⛩... 7.151 | 7.087 | 7.001 | 6.917

🔕 Stoploss = 7.627",8001e7b677cf712b62796787d0199e36,2026-09-17T19:38:37+00:00,2026-09-17T20:40:04.411045+00:00,950,legeendofcrypto
1398922,39493,"🔴 Short

Pair: #LTC/USDT

📊 Entry Price: 

1) 53.4...0.91
4) 49.78

Stop Loss: 56.85

Leverage: 10x-20x",e4b47ed708fcbbbb58990830c2698a06,2026-09-17T19:13:03+00:00,2026-09-17T20:40:04.410112+00:00,950,legeendofcrypto
1400239,39498,"📉 SHORT #ZEC 100x

📌 Entry: 1,468

🎯 TP: 1,453

⛔️...t Usage: 1-3%
⚠️ According to your risk management",492d887d4abe85be32865c99a319e7df,2026-09-17T21:38:42+00:00,2026-09-18T00:59:48.597365+00:00,950,legeendofcrypto
1400237,39497,"Short #BR 50x 0.66100

Tp: 0.6500",01a63e7d25e97d9d37414c95f4678b65,2026-09-17T21:34:53+00:00,2026-09-18T00:59:48.581097+00:00,950,legeendofcrypto
1400236,39496,"#ONE    /USDT (SHORT) 🔽🔽

⌛LEVERAGE : 20X TO 75X

...5


💥Use only 1%margin of your total portfolio❤️😘😇",658d88329de2ac727a9bcd5eb52fc228,2026-09-17T21:34:53+00:00,2026-09-18T00:59:48.577399+00:00,950,legeendofcrypto
1413678,39701,"⚡️ ETH/USDT ⚡️

🔻 SCALP LONG

💎 Leverage: 10x – 15...Loss: $2455

⚠️ Trade with proper risk management.",3e1076d46b23ef90fd73a748c792f2fe,2026-09-18T08:01:05+00:00,2026-09-18T08:17:37.253955+00:00,950,legeendofcrypto
1413654,39699,"📊 Let’s LONG #DRIFT/USDT

💥 Leverage:  Cross 20×  ...01710
2) 0.01800
3) 0.01980

🔖 Stop Loss: 0.015900",9c2723e9a55c2ea0745bb36007cda4ac,2026-09-18T07:48:36+00:00,2026-09-18T08:17:37.028069+00:00,950,legeendofcrypto
1413652,39698,"#CROSS/USDT LONG   

👉Leverage : Cross 10× To 30×
...)  0.180
2)  0.185
3)  0.195

⭕Sto ifploss : 0.167",c19753593b6c8b4f5b991747fab3a4db,2026-09-18T07:48:36+00:00,2026-09-18T08:17:37.022634+00:00,950,legeendofcrypto
1413680,39693,"#DRIFT/ USDT — BUY (LONG) 
Leverage: Cross 25x – 5...T IS KEY
👉 Use ONLY 2 – 3% of your total portfolio",d9bd0fa6279ff25969e8fc820dabee53,2026-09-18T07:40:52+00:00,2026-09-18T08:17:37.265823+00:00,950,legeendofcrypto
1413676,39695,"⭐️$G/USDT  LONG 

🛡Leverage : Cross 25x50

‼️Entry...005792

Use only 3% - 5% amount of your portfolio🛍",5e918baabc16baa1475506f70516bb1b,2026-09-18T07:40:52+00:00,2026-09-18T08:17:37.247777+00:00,950,legeendofcrypto
1413640,39696,"🪙 Coin: #CROSS/USDT
🧭 Type: #LONG

📈 Entry Zone:
0... within the zone and maintain strict risk control.",74e6d1fac4d63368a668845f0f840bb5,2026-09-18T07:40:52+00:00,2026-09-18T08:17:36.967513+00:00,950,legeendofcrypto
1413664,39692,"📊 Let’s LONG #G/USDT

💥 Leverage:  Cross 20×  - 

...1) 0.0069
2) 0.0071
3) 0.0073

🔖 Stop Loss: 0.0064",42edde19313d30080d688c9f19025211,2026-09-18T07:36:54+00:00,2026-09-18T08:17:37.145693+00:00,950,legeendofcrypto
1413636,39691,"#NEAR/USDT LONG   

👉Leverage : Cross 10× To 30×

...t

1)  3.57
2)  3.72
3)  4.00

⭕Sto ifploss : 3.29",ff91e3bd3123a3809d6d463e71e2dffa,2026-09-18T07:36:53+00:00,2026-09-18T08:17:36.912214+00:00,950,legeendofcrypto
1413668,39689,"👑 #NEAR/USDT — TRADE LONG

LEVERAGE 25X TO 50X

✅ ...0

⛔️ STOP LOSS: 3.2900

⚡️ NO FEAR — JUST PROFITS",c0bf5fccc10e79098b95b230da8e11cb,2026-09-18T07:27:41+00:00,2026-09-18T08:17:37.175475+00:00,950,legeendofcrypto
1413657,39686,"⚡️$WLD/USDT⚡️

SHORT
Leverage: 25X

Entry: 0.4278 ...t:

1)0.4192
2)0.4107
3)0.4021

Stoploss: 0.466302",e2e2324b7d3f1a0fd8fd7582464ffd00,2026-09-18T07:27:41+00:00,2026-09-18T08:17:37.045712+00:00,950,legeendofcrypto
1413655,39685,"🚨 #ARB/USDT | LONG

⚡Leverage: Cross 20x

🎯Entry T... follow the signal and secure profits at targets.💎",39a1226d10482ff64d9a49e68e92be7c,2026-09-18T07:27:41+00:00,2026-09-18T08:17:37.041003+00:00,950,legeendofcrypto
1413632,39690,"🚨 #ETH/USDT | LONG 

⚡Leverage: Cross 20-200x

🎯En... follow the signal and secure profits at targets.💎",f3a25be458840df30e28036d8c735dd8,2026-09-18T07:27:41+00:00,2026-09-18T08:17:36.865613+00:00,950,legeendofcrypto
1413627,39687,"🚨 #ETHFI/USDT | LONG

⚡Leverage: Cross 20x

🎯Entry... follow the signal and secure profits at targets.💎",0ccc6fbddb8ae02f481c6f54a7b66fe2,2026-09-18T07:27:41+00:00,2026-09-18T08:17:36.748274+00:00,950,legeendofcrypto
1413625,39688,"#G/USDT

📈Signal: long Leverage: Cross 20X

⚡️Entr...even after TP1 is hit.

📣Trade Smart • Follow Risk",bf2d1bf9b0d52c08fe59ea690a8a2ee4,2026-09-18T07:27:41+00:00,2026-09-18T08:17:36.697431+00:00,950,legeendofcrypto
1413651,39677,"⚡️⚡️ #AKT/USDT ⚡️⚡️
Exchanges: Bingx 
Signal Type:...
5) 0.57558
6) 0.58373
7) 🚀🚀🚀

Stop Targets:
5-10%",da5c2543e3d2d7099a780386b916fa84,2026-09-18T07:08:51+00:00,2026-09-18T08:17:36.997326+00:00,950,legeendofcrypto
1413642,39678,"BTC/USD SELL 

Entry : $ 77366

Target1: $  76933
Target2: $ 75970
Target3: $ 74967

SL : $ 78388",585b8f1f3d126c1a6ac335a1ebe163dc,2026-09-18T07:08:51+00:00,2026-09-18T08:17:36.975512+00:00,950,legeendofcrypto
1413638,39676,"⚡️⚡️ #CGPT/USDT ⚡️⚡️
Exchanges: Bingx 
Signal Type...
5) 0.02077
6) 0.02106
7) 🚀🚀🚀

Stop Targets:
5-10%",1e2a058cfa527e7d3c85ff5a6c618a9e,2026-09-18T07:08:51+00:00,2026-09-18T08:17:36.930145+00:00,950,legeendofcrypto
1413631,39675,"⚡️⚡️ #ALLO/USDT ⚡️⚡️
Exchanges: Bingx 
Signal Type...
5) 0.21861
6) 0.22171
7) 🚀🚀🚀

Stop Targets:
5-10%",39b28c885ecfac04f9f8762fa7be979e,2026-09-18T07:08:51+00:00,2026-09-18T08:17:36.861304+00:00,950,legeendofcrypto
1413639,39674,"⚡️⚡️ #BAS/USDT ⚡️⚡️
Exchanges: Bingx 
Signal Type:...
5) 0.02529
6) 0.02565
7) 🚀🚀🚀

Stop Targets:
5-10%",366441f8adfe3843167c051b778d4ec0,2026-09-18T07:08:50+00:00,2026-09-18T08:17:36.966823+00:00,950,legeendofcrypto
1413647,39669,"Atom   🟢   Long 

Market Price 

Target 
1.661 / 1.680 / 1.700 / 1.750

Stoploss 1.600",29a4fc2bcd12678c8dc508697d3daa07,2026-09-18T07:08:46+00:00,2026-09-18T08:17:36.992952+00:00,950,legeendofcrypto
1413677,39657,"⛽️Pair: DRIFT/USDT
Type: LONG 🟢
✅Leverage:  (20X_1...21
2) 0.025
3) 0.032
4) 0.045

❌ STOP LOSS: 0.013❌",3b96e304356d3eded7087c26f676bbc6,2026-09-18T07:08:45+00:00,2026-09-18T08:17:37.249594+00:00,950,legeendofcrypto
1413674,39644,"⚡ #POLYX/USDT

📤 Long 

💹 Buy: 0.03781 - 0.03648

...1 - 0.04010

🧨 StopLoss: 0.03400 

🔘 Leverage: 20x",fa5f0adcfa1bad245f9ea5d119d696b0,2026-09-18T07:08:45+00:00,2026-09-18T08:17:37.204650+00:00,950,legeendofcrypto
1413670,39656,"🟢 Long

#IOST/USDT

Entry : 

1) 0.00077690
2) 0.0...05

🛑 Stop : 0.00072795

Leverage : 10x (isolated)",68d575e8a667ddbc6d7bc8b9a297a27f,2026-09-18T07:08:45+00:00,2026-09-18T08:17:37.183859+00:00,950,legeendofcrypto
1413669,39653,"📊 #ONE/USDT

🔴 POSITION: SHORT

💰 ENTRY RANGE
➤ 0.... 0.00195

━━━━━━━━━━━━━━━━━━

✅ Manage risk wisely",bcb2bc1fdaf131040162e26b1e1e428e,2026-09-18T07:08:45+00:00,2026-09-18T08:17:37.176106+00:00,950,legeendofcrypto
1413656,39650,"📊#ONE/USDT–LONG–10x - 30x 🚀

📍 𝐄𝐧𝐭𝐫𝐲 𝐙𝐨𝐧𝐞:

➥ 0.00...tal.

⚠️ Disclaimer:
Trade at your own risk. DYOR.",eb40faa6fdf0d2c381a997cc3779258d,2026-09-18T07:08:45+00:00,2026-09-18T08:17:37.044649+00:00,950,legeendofcrypto
1413653,39641,"📊#FORM/USDT — LONG

⚡️ Leverage : 10X – 30X

💹Entr...Entry After TP1

⚖️ Follow Proper Risk Management.",96cd8ddaf8fbed96cf507edfc2943965,2026-09-18T07:08:45+00:00,2026-09-18T08:17:37.023912+00:00,950,legeendofcrypto
1413648,39651,"📍Coin : #POL/USDT

🟢 LONG 

👉 Entry: 0.09865 - 0.0...: 0.10370
🎯 Target 6: 0.10470

❌ StopLoss: 0.09328",640069dd034c29c81edabc6c3fcc5ed7,2026-09-18T07:08:45+00:00,2026-09-18T08:17:36.994865+00:00,950,legeendofcrypto
1413634,39643,"AVAX-USD  
Exchanges: BYBIT

🔴 Short 
Leverage- Cr... 6.50
4) 5.98
5) 5.50
6) 5.06
7) 🚀🚀🚀 

⛔️ SL:
7.48",0e19af6f21aed132383ab080f79acb52,2026-09-18T07:08:45+00:00,2026-09-18T08:17:36.873575+00:00,950,legeendofcrypto
1413667,39623,"#SOMIUSDT — BUY (LONG) 
🎉
🟢 Leverage: Cross  50x

...Risk Management:
Use only 2%– 3%of your portfolio.",2e3d23e2d175908af9944584e9f7751b,2026-09-18T07:08:44+00:00,2026-09-18T08:17:37.164691+00:00,950,legeendofcrypto
1413633,39626,"📊 Let’s LONG #PROM/USDT

💥 Leverage:  Cross 20×  -...1) 5.7200
2) 5.8180
3) 5.9650

🔖 Stop Loss: 5.3750",9788194807c4c5027f8962240f872cae,2026-09-18T07:08:44+00:00,2026-09-18T08:17:36.866464+00:00,950,legeendofcrypto
1413628,39628,"SHORT CIFR/USDT📈📈📈

ENTRY: 19.19

TP1: 17.19

TP2:...agement 🏆

Use only 10% of your 📈Available balance",68c5ad8b53ca49a5cc650a3dbbda01f8,2026-09-18T07:08:44+00:00,2026-09-18T08:17:36.788204+00:00,950,legeendofcrypto
1413626,39624,"#ONE/USDT

📈Signal: long Leverage: Cross 20X

⚡️En...even after TP1 is hit.

📣Trade Smart • Follow Risk",9bf813388de7031bd9077fb3ea46ebfd,2026-09-18T07:08:44+00:00,2026-09-18T08:17:36.701902+00:00,950,legeendofcrypto
1418452,39741,"#ETHFI USDT — BUY (LONG) 
🎉
🟢 Leverage: Cross  50x...️Stop Loss: 0.6000

🔽 Risk Management:

 REACTS !!",ebcbb1c323e7ad28df32dc0abf26666f,2026-09-18T10:08:34+00:00,2026-09-18T10:22:10.667901+00:00,950,legeendofcrypto
1418442,39740,"#ZAMA    /USDT (SHORT) 🔽🔽

⌛LEVERAGE : 20X TO 75X
...9


💥Use only 1%margin of your total portfolio❤️😘😇",4ee739f521401d67cc6cb901954c83a0,2026-09-18T10:08:34+00:00,2026-09-18T10:22:10.640618+00:00,950,legeendofcrypto
1418448,39739,"⌛#FIL/USDT  ( LONG )

🍁 Leverage 👉 20X to 25X 

⛩️...48 | 0.9125 | 0.9236 | 0.9329

🔕 Stoploss = 0.8502",71b19bde0c47a7fc1e7cbd75e954a1bd,2026-09-18T10:08:33+00:00,2026-09-18T10:22:10.659297+00:00,950,legeendofcrypto
1418453,39738,"#S    /USDT (SHORT) 🔽🔽

⌛LEVERAGE : 20X TO 75X

📊 ...8


💥Use only 1%margin of your total portfolio❤️😘😇",b1f4f27312a3515ed74a63e8d6c68309,2026-09-18T09:52:31+00:00,2026-09-18T10:22:10.666555+00:00,950,legeendofcrypto
1418464,39736,"👑 #UNI/USDT — TRADE LONG

LEVERAGE 25X TO 50X

✅ E....05

⛔️ STOP LOSS: 8.47

⚡️ NO FEAR — JUST PROFITS",f9747c63a55810877f0c20e04c4d8c3e,2026-09-18T09:48:36+00:00,2026-09-18T10:22:10.714767+00:00,950,legeendofcrypto
1418458,39737,"#UNI/USDT LONG   

👉Leverage : Cross 10× To 30×

E...

1)  9.21
2)  9.60
3)  10.05

⭕Sto ifploss : 8.47",cf8f7887211f72dbd9304cb188b874a2,2026-09-18T09:48:36+00:00,2026-09-18T10:22:10.692417+00:00,950,legeendofcrypto
1418405,39733,"⭐ G /USDT — SHORT

💵 ENTRY: 0.007460-0.007800

⚙️ ...o

📌 Follow the setup and manage your risk wisely.",ac07225adc5e15b13a6d596ed1babf8c,2026-09-18T09:31:32+00:00,2026-09-18T10:22:10.440055+00:00,950,legeendofcrypto
1418444,39731,"Long #BANK 50x 0.03020

Tp: 0.03070",38f0556e5f81701a85918c5708ae4801,2026-09-18T09:29:13+00:00,2026-09-18T10:22:10.645688+00:00,950,legeendofcrypto
1418437,39732,"🚀 #ETHFIUSDT LONG SIGNAL 🚀  LEVERAGE 50X-75X

📌 EN...ch this move together!

🔓 Trade Smart • Trade Safe",f45a612a5d88deb5fd07264d7cfdb130,2026-09-18T09:29:13+00:00,2026-09-18T10:22:10.605508+00:00,950,legeendofcrypto
1418441,39728,"⭐ ETHFI /USDT — LONG

💵 ENTRY: 0.6750-0.6500

⚙️ L...o

📌 Follow the setup and manage your risk wisely.",17149ab5996e151ba0348544fbe07c4d,2026-09-18T09:22:44+00:00,2026-09-18T10:22:10.637785+00:00,950,legeendofcrypto
1418438,39729,"🔴 Short

Pair: #YFI/USDT

📊 Entry Price: 

1) 2191....6
4) 2039.4

Stop Loss: 2329.0

Leverage: 10x-20x",177de8f8c4b7ed395ed2d2e10560233c,2026-09-18T09:22:44+00:00,2026-09-18T10:22:10.613136+00:00,950,legeendofcrypto
1418420,39730,"🚀 LONG: $ONE/USDT
LEVERAGE: 50x

✔️ENTRY PRICE: 0....001900-0.002000

STOP LOSS:  0.001680


REACTIONS?",21261cf8bb8b638f9f7610824b393832,2026-09-18T09:22:44+00:00,2026-09-18T10:22:10.555451+00:00,950,legeendofcrypto
1418413,39727,"🔰 PAIR: ACH/ USDT 💹

🟢Position: LONG🚀

☑️ Entry Zo...0.00539
🥈 0.00548
🥉 0.00564

❌ Stop Loss: 🔴0.00512",a1f4d8ff5eadf31c11c543160ac68dd5,2026-09-18T09:22:44+00:00,2026-09-18T10:22:10.520705+00:00,950,legeendofcrypto
1418460,39724,"Long #BANK 50x 0.02950

Tp: 0.03000",ddb0004333854d9585c33746cbc831cd,2026-09-18T09:13:37+00:00,2026-09-18T10:22:10.701986+00:00,950,legeendofcrypto
1418434,39726,"Coin #XRP/USDT

Position: LONG 

Leverage:  Cross ...1.27

Targets: 🎯 1.54, 1.78, 2.16

Stop Loss: 1.21",43693424e80a22a17decd8c901ed7520,2026-09-18T09:13:37+00:00,2026-09-18T10:22:10.594612+00:00,950,legeendofcrypto
1418429,39725,"⭐ ROBO /USDT — LONG

💵 ENTRY: 0.009260-0.008700

⚙...o

📌 Follow the setup and manage your risk wisely.",12f66052058f4a2eda783d6cc5e334f8,2026-09-18T09:13:37+00:00,2026-09-18T10:22:10.582992+00:00,950,legeendofcrypto
1418431,39722,"#ROBOUSDT — BUY (LONG) 
🎉
🟢 Leverage: Cross  50x

...Risk Management:
Use only 2%– 3%of your portfolio.",2f80f6ab82b3a2365e26a502516dac36,2026-09-18T09:00:14+00:00,2026-09-18T10:22:10.587588+00:00,950,legeendofcrypto
1418462,39714,"#ARXUSDT — BUY (LONG) 
🎉
🟢 Leverage: Cross  50x

⚡...Risk Management:
Use only 2%– 3%of your portfolio.",971eac19f76c692b1a3234f7489eddc0,2026-09-18T08:56:26+00:00,2026-09-18T10:22:10.710933+00:00,950,legeendofcrypto
1418459,39718,"G USDT 🟢 LONG 

Entry Now Market 

Targets: 0.0080....008700 / 0.009350

Stop Target: 0.007310

Lev 50x",1c4866a59408bb175aee89f7ab24520c,2026-09-18T08:56:26+00:00,2026-09-18T10:22:10.699705+00:00,950,legeendofcrypto
1418454,39717,"⭐ G /USDT — LONG

💵 ENTRY: 0.008000-0.007600

⚙️ L...o

📌 Follow the setup and manage your risk wisely.",7b682715d78b9f62cf14c65be94a852a,2026-09-18T08:56:26+00:00,2026-09-18T10:22:10.672734+00:00,950,legeendofcrypto
1418449,39711,"↗️ LONG #G 50x

📌 Entry: 0.008050

🎯 TP: 0.008350
...t Usage: 1-3%
⚠️ According to your risk management",e9aa9e5bdfdf9ef060ca056dd524d800,2026-09-18T08:56:26+00:00,2026-09-18T10:22:10.660697+00:00,950,legeendofcrypto
1418433,39720,"💰#ETHFI/ USDT👑

💎Setup Type: Strong LONG  🔖Opportu...00

4️⃣TP ➝ 0.9000

🚫Stop Loss: 0.5800


REACTS !!",75e331891e192dee1f977eb366cec8b6,2026-09-18T08:56:26+00:00,2026-09-18T10:22:10.593523+00:00,950,legeendofcrypto
1418432,39713,"🪙#ETHFI/USDT

🚩POSITION — LONG

🔒  LEVERAGE — 20X7...🥈: 0.6910
TP🥉: 0.7120

⛔️ SL: 0.6020

🔥REACTIONS?😜",6f0e2e4ea20b9fa8eb23eb1e3b96fea7,2026-09-18T08:56:26+00:00,2026-09-18T10:22:10.588275+00:00,950,legeendofcrypto
1418424,39716,"BTC/USDT 

LONG LONG LONG 

Entry  At Market Price...

TP    78000 / 78300

20x   Leverage 

SL   77000",8e99665c4a209f22e9594412ec075499,2026-09-18T08:56:26+00:00,2026-09-18T10:22:10.564147+00:00,950,legeendofcrypto
1418412,39712,"#ETHFI/USDT LONG NOW 📉
🏠ENTRY: ( 0.6689)",ea467442aca6eda0435c5d641a4b231d,2026-09-18T08:56:26+00:00,2026-09-18T10:22:10.510051+00:00,950,legeendofcrypto
1418400,39710,"💰#G/ USDT👑

💎Setup Type: Strong LONG  🔖Opportunity...➝ 0.009000

4️⃣TP ➝ 0.009700

🚫Stop Loss: 0.007200",21a2bb7de032010b37a3ba81a80e3daf,2026-09-18T08:56:26+00:00,2026-09-18T10:22:10.400927+00:00,950,legeendofcrypto
1418414,39705,"#ONE/USDT SHORT NOW 📉
🏠ENTRY: ( 0.0017144)",af189d1c4f7453e214809d0207a2d0ab,2026-09-18T08:34:47+00:00,2026-09-18T10:22:10.537486+00:00,950,legeendofcrypto
1418409,39706,"🪙#ONE/USDT

🚩POSITION — SHORT

🔒  LEVERAGE — 20X75...100
TP🥉: 0.0015200

⛔️ SL: 0.0018900

🔥REACTIONS?😜",2359b54f01865d39a408edc3f4e7f4c3,2026-09-18T08:34:47+00:00,2026-09-18T10:22:10.476526+00:00,950,legeendofcrypto
1418402,39709,"🔴 SHORT

#COMP/USDT

Entry : 

1) 20.35
2) 20.96

...) 18.94

🛑 Stop : 21.63

Leverage : 10x (isolated)",e6026e7fcce83d05d7a57e4e080a2c2e,2026-09-18T08:34:47+00:00,2026-09-18T10:22:10.425722+00:00,950,legeendofcrypto
1418395,39708,"🪙#ONE/USDT

🚩POSITION — SHORT

🔒  LEVERAGE — 20X75...🥈: 0.1470
TP🥉: 0.1400

⛔️ SL: 0.1770

🔥REACTIONS?😜",27ed8b3301b5d7d865fc8d9e2aea2a36,2026-09-18T08:34:47+00:00,2026-09-18T10:22:10.330289+00:00,950,legeendofcrypto
1422266,39766,"📊 ETHFI/USDT — LONG 

📍 ENTRY: 0.6940

🎯 TARGET 1:...Manage your risk & trade responsibly.

🔥 LET’S GO!",0d0b39d5590fbf443e1380dc031c8b7d,2026-09-18T12:03:56+00:00,2026-09-18T12:23:05.198988+00:00,950,legeendofcrypto
1422235,39765,"SWING/TRADE 🏆

SHORT INJ/USDT📈📈📈

ENTRY: MARKET PR...agement 🏆

Use only 10% of your 📈Available balance",b23bca15b901dcf63267ab6706ed3885,2026-09-18T12:03:56+00:00,2026-09-18T12:23:05.059813+00:00,950,legeendofcrypto
1422254,39764,"XRP/USDT 
      
LONG LONG LONG 

OPEN MARKET PRICE 

TP 1.3450
TP 1.3900

SL 1.2100

LEV 50X",569c680c0e6c0c7f5e4603a98a4bdf81,2026-09-18T12:03:55+00:00,2026-09-18T12:23:05.168591+00:00,950,legeendofcrypto
1422238,39763,"🚀 #SOMIUSDT LONG SIGNAL 🚀  LEVERAGE 50X-75X

📌 ENT...ch this move together!

🔓 Trade Smart • Trade Safe",4596e1f7ee35eaa37894cd11c253f191,2026-09-18T11:54:41+00:00,2026-09-18T12:23:05.101799+00:00,950,legeendofcrypto
1422234,39762,"👑My Coin: $APT/USDT
👀Looking for SHORT

🌟0.6763 Wi...⚠️I Will Set: 0.6995
°°°°°°°°°°°°°° As my stoploss",7403762bbbdd9883121fdccc8ee0c438,2026-09-18T11:47:54+00:00,2026-09-18T12:23:05.038023+00:00,950,legeendofcrypto
1422251,39761,"#AKE/USDT

📈Signal: long Leverage: Cross 20X

⚡️En...even after TP1 is hit.

📣Trade Smart • Follow Risk",6aa9ec64020d5547406f9b155242f35f,2026-09-18T11:44:56+00:00,2026-09-18T12:23:05.152868+00:00,950,legeendofcrypto
1422247,39760,"✅ Long

#DASH/USDT

Entry zone : 56.43 - 58.18

Ta....94
63.67
65.41

Stop loss :54.1074

Leverage: 10x",9e0a60ea0363c130b3c3520212a2e6ad,2026-09-18T11:44:55+00:00,2026-09-18T12:23:05.145064+00:00,950,legeendofcrypto
1422256,39759,"⭐ NEAR /USDT — SHORT

💵 ENTRY: 3.4500-3.7000

⚙️ L...o

📌 Follow the setup and manage your risk wisely.",257bbefb24e9ca7660df18e14b390d17,2026-09-18T11:31:59+00:00,2026-09-18T12:23:05.171303+00:00,950,legeendofcrypto
1422249,39758,"Pair: #ONE/USDT

Short • (20X)

Entry
0.001910 - 0...t your own risk. Always use proper risk management",73b4dd5b9fa7f7a0063e2ecf5df3e589,2026-09-18T11:31:59+00:00,2026-09-18T12:23:05.147161+00:00,950,legeendofcrypto
1422258,39751,"📈 LONG #G/USDT 

🚀 LEVERAGE : 50x

📊 ENTRY PRICE  ...0.00890

TP🟢0.00950

STOPLOSS 🔴0.00770

REACTIONS?",f49f85d464f7c0075d0875138fac8555,2026-09-18T11:29:07+00:00,2026-09-18T12:23:05.175718+00:00,950,legeendofcrypto
1422253,39753,"🚨 #UNI/USDT | LONG 

⚡Leverage: Cross 25x

🎯Entry ... follow the signal and secure profits at targets.💎",8ceaf343fbd9f6ac6b01585249a5ca75,2026-09-18T11:29:07+00:00,2026-09-18T12:23:05.161489+00:00,950,legeendofcrypto
1422246,39750,"⭐ G /USDT — LONG

💵 ENTRY: 0.007800-0.007200

⚙️ L...o

📌 Follow the setup and manage your risk wisely.",36d69c1cf8f30a73e4b4d941a6f2c3b1,2026-09-18T11:29:07+00:00,2026-09-18T12:23:05.145750+00:00,950,legeendofcrypto
1422240,39752,"➡️ #SYRUP    /USDT (LONG) 🔼🔼

⌛LEVERAGE : 20X TO 7...9


💥Use only 1%margin of your total portfolio❤️😘😇",779ad2eac0a4637f64201111dc956d87,2026-09-18T11:29:07+00:00,2026-09-18T12:23:05.116155+00:00,950,legeendofcrypto
1422228,39748,"📊 Let’s SHORT #AR/USDT

💥 Leverage:  Cross 20×  - ...s: 

1) 3.097
2) 2.975
3) 2.862

🔖 Stop Loss: 3.34",39c54d684d85b7cf7ea46cfffc03af4d,2026-09-18T10:27:38+00:00,2026-09-18T12:23:04.840900+00:00,950,legeendofcrypto
1422243,39747,"#G USDT — BUY (LONG) 
🎉
🟢 Leverage: Cross  50x

⚡️...top Loss: 0.006500

🔽 Risk Management:

 REACTS !!",d590498992cb4f3c278101b6b7c45830,2026-09-18T10:25:15+00:00,2026-09-18T12:23:05.130220+00:00,950,legeendofcrypto
1422226,39745,"⭐️$G/USDT  LONG 

🛡Leverage : Cross 25x50

‼️Entry...006165

Use only 3% - 5% amount of your portfolio🛍",66ab8bc6278085e4f64cfc8a13571f84,2026-09-18T10:25:15+00:00,2026-09-18T12:23:04.582155+00:00,950,legeendofcrypto
