id,external_id,message_preview,hash,published_at,created_at,source_id,source_name
1125028,28367,"NEARUSDTUSDT  
Exchanges: BINGX 

🟢 Short
Leverage... 2.12
4) 2.06
5) 2.00
6) 1.84
7) 🚀🚀🚀 

⛔️ SL:
2.30",e83ff013fe59e76b0dc276425feb3e18,2026-09-05T20:26:01+00:00,2026-09-06T02:58:58.035526+00:00,963,cryptorichsignal_free00
1125026,28368,"✅ Long

#ONT/USDT

Entry zone : 0.053970 - 0.05564...0897
0.062558

Stop loss :0.0517452

Leverage: 10x",5fbeb3cb529b6784127ff961d73d9e6d,2026-09-05T20:26:01+00:00,2026-09-06T02:58:58.030326+00:00,963,cryptorichsignal_free00
1125027,28364,"$WLDUSDT

LONG

RR : 2

LEVERAGE : 30x

ENTRY : 0....969

TAKE PROFITS 👇

1️⃣ 0.4101

STOPLOSS : 0.3904",bcaddc5ed74ecefc5758d5f15b3a36b6,2026-09-05T19:06:03+00:00,2026-09-06T02:58:58.037988+00:00,963,cryptorichsignal_free00
1131071,28523,"🔰 PAIR: SUI/ USDT 💹

🟢Position: LONG🚀

☑️ Entry Zo...p Loss: 🔴0.7800

💎 VIP Signals: @BBB_Support_Team✨",b1c3903de4c0a0d7c20e72b03b98857c,2026-09-06T08:52:43+00:00,2026-09-06T08:56:10.541813+00:00,963,cryptorichsignal_free00
1131069,28522,"📈 LONG #FLOCK/USDT

🚀 LEVERAGE : 50x

📊 ENTRY PRIC...P🟢0.0850

TP🟢0.0900

STOPLOSS 🔴0.0750


REACTIONS?",e01890facf6abe0646ad30634080d414,2026-09-06T08:52:33+00:00,2026-09-06T08:56:10.531564+00:00,963,cryptorichsignal_free00
1131057,28521,"📊 #SOLV/USDT

🟢 POSITION: LONG

💰 ENTRY RANGE
➤ 0....➤ 0.0031

━━━━━━━━━━━━━━━━━━

✅ Manage risk wisely",c260a307801fa5935a0eef6b74e27d7c,2026-09-06T08:52:33+00:00,2026-09-06T08:56:10.502720+00:00,963,cryptorichsignal_free00
1131081,28520,"⭐️$ARB/USDT  LONG

🛡Leverage : Cross 25x50

‼️Entr....16500

Use only 3% - 5% amount of your portfolio🛍",1647b16d6f90b12635bbd5bfd24f1024,2026-09-06T08:31:53+00:00,2026-09-06T08:56:10.596096+00:00,963,cryptorichsignal_free00
1131075,28514,"⚡ #EIGEN/USDT

📤 Long 

💹 Buy: 0.2096 - 0.2040

🧿 ...200 - 0.2222

🧨 StopLoss: 0.2000 

🔘 Leverage: 20x",a32343c10e3fdb6d70cbbc1a575d4b69,2026-09-06T08:31:53+00:00,2026-09-06T08:56:10.551961+00:00,963,cryptorichsignal_free00
1131053,28513,"SUSHIUSDTUSDT  
Exchanges: BINGX 

🟢 Long
Leverage...4) 1.26
5) 1.36
6) 1.47
7) 🚀🚀🚀 

⛔️ SL:
0.22250000",5dc155423459bab441f9efb2c203ca50,2026-09-06T08:31:53+00:00,2026-09-06T08:56:10.473879+00:00,963,cryptorichsignal_free00
1131049,28519,"✅ Long

#BNB/USDT

Entry zone : 733.300 - 755.980
...27.420
849.986

Stop loss :703.0614

Leverage: 10x",2ceffcfb967cfbc6075dcec99a9ba499,2026-09-06T08:31:53+00:00,2026-09-06T08:56:10.401971+00:00,963,cryptorichsignal_free00
1131047,28518,"DASH/USDT

SHORT SHORT SHORT 

OPEN MARKET PRICE 
...9.30
TP 69.00
TP 68.80
TP 68.40

SL 74.55

LEV 32X",4930ac585ede50b2cb5f81a4c020e673,2026-09-06T08:31:53+00:00,2026-09-06T08:56:10.380397+00:00,963,cryptorichsignal_free00
1131045,28517,"📊 Let’s LONG #MET/USDT

💥 Leverage:  Cross 20×  - ...gets: 

1) 0.22
2) 0.25
3) 0.29

🔖 Stop Loss: 0.18",eaea177339db99de6dd4dad3cd5363ef,2026-09-06T08:31:53+00:00,2026-09-06T08:56:10.376027+00:00,963,cryptorichsignal_free00
1131038,28515,"✅ Long

Pair: #LTC/USDT

📊 Entry Price: 

1) 53.82...6.37
4) 57.50

Stop Loss: 50.42

Leverage: 10x-20x",0f8a95d02a770c1803f34ca1a4f8ca25,2026-09-06T08:31:53+00:00,2026-09-06T08:56:10.215551+00:00,963,cryptorichsignal_free00
1131087,28502,"Pair: #SUSHI/USDT

Long • (20X)

Entry
0.2415 - 0....t your own risk. Always use proper risk management",ff86911e480449f106fcf54f61ef5b15,2026-09-06T08:31:47+00:00,2026-09-06T08:56:10.658871+00:00,963,cryptorichsignal_free00
1131073,28499,"COIN: #IOST/USDT (LONG) SETUP

📊 Leverage 25x to 5...ENT IS KEY
Use only 1–2% of your capital per trade",efe6496f3c2278b1d977598fcc39cefe,2026-09-06T08:31:47+00:00,2026-09-06T08:56:10.546099+00:00,963,cryptorichsignal_free00
1131074,28511,"UAIUSDTUSDT  
Exchanges: BINGX 

🟢 Long
Leverage- ...4) 1.00
5) 1.08
6) 1.17
7) 🚀🚀🚀 

⛔️ SL:
0.52000000",e03bbb7e298a4bca918dad5820694386,2026-09-06T08:31:47+00:00,2026-09-06T08:56:10.542701+00:00,963,cryptorichsignal_free00
1131070,28506,"🟢 Long

#DASH/USDT

Entry : 

1) 65.36
2) 63.39

T...) 69.83

🛑 Stop : 61.24

Leverage : 10x (isolated)",6da6fe35331c393099feed139b19eeda,2026-09-06T08:31:47+00:00,2026-09-06T08:56:10.535593+00:00,963,cryptorichsignal_free00
1131065,28503,"Pair: #BLESS/USDT

Long • (20X)

Entry
0.009260 - ...t your own risk. Always use proper risk management",fbd27491d38c8d1e35c5300ec6e66eee,2026-09-06T08:31:47+00:00,2026-09-06T08:56:10.523806+00:00,963,cryptorichsignal_free00
1131062,28508,"🔴 SHORT

#ZEC/USDT

Entry : 

1) 1071.19
2) 1103.3...7.079

🛑 Stop : 1138.67

Leverage : 10x (isolated)",acbcbf7023b9a985dd703659270bde70,2026-09-06T08:31:47+00:00,2026-09-06T08:56:10.519690+00:00,963,cryptorichsignal_free00
1131061,28509,"💵 𝐒𝐈𝐆𝐍𝐀𝐋 𝐀𝐋𝐄𝐑𝐓 💵

#UAI/USDT (25xLONG)

✅ ENTRY:0.6...6350

TARGETS:-0.68/0.73/0.79

❌ STOP LOSS: 0.5650",4cb741d0fa237fb2d34f8515ab15e437,2026-09-06T08:31:47+00:00,2026-09-06T08:56:10.515374+00:00,963,cryptorichsignal_free00
1131056,28500,"🟢FLOCK/USDT 📈

📈 long Setup 

💰 Entry Zone: 0.072–...et 1. 
✅ Move SL to breakeven after Target 1 hits.",d881c52d1cc20f97c868c81b2e827665,2026-09-06T08:31:47+00:00,2026-09-06T08:56:10.500356+00:00,963,cryptorichsignal_free00
1131055,28510,"Scalp Short $BTC - 79700🔴

SL - 80200 ❌

TP - 79200-78600🚀

Lev - 10x",b26e7461255229b23168f150a4a1c4f2,2026-09-06T08:31:47+00:00,2026-09-06T08:56:10.495341+00:00,963,cryptorichsignal_free00
1131052,28501,"🚀 LONG: $XAN/USDT🚀
LEVERAGE: 20X-50X

🤍 ENTRY PRIC...- 0.01870
—————

❌ STOP LOSS: 0.01380❌


REACTIONS",ebc30fa4732d0157db15cff40b024cbc,2026-09-06T08:31:47+00:00,2026-09-06T08:56:10.468311+00:00,963,cryptorichsignal_free00
1131050,28507,"🟢 Long

#TRX/USDT

Entry : 

1) 0.33285
2) 0.32286...35562

🛑 Stop : 0.31188

Leverage : 10x (isolated)",215299bfb25be439ec0a7e0616473d56,2026-09-06T08:31:47+00:00,2026-09-06T08:56:10.451870+00:00,963,cryptorichsignal_free00
1131043,28505,"🟢 LONG  - $ZEN

- Entry market: 7.716
- Entry limi... the funds if trading without caution & knowledge.",a83cefec7eb7305a13e74b3caf360d66,2026-09-06T08:31:47+00:00,2026-09-06T08:56:10.373816+00:00,963,cryptorichsignal_free00
1131085,28493,"🐳 STRK/USDT #LONG🐳

✳️ ENTRY :- 0.03170 - 0.03000
...0.03930

⛔️ STOP-LOSS :- 0.028

☝️ Margin Use 2–3%",7a8f4c9c6c92ee7eb011f3daf06a8d0e,2026-09-06T08:31:46+00:00,2026-09-06T08:56:10.628473+00:00,963,cryptorichsignal_free00
1131084,28497,"🛎️ Trade: #DOT/USDT

Direction: 📈 LONG 

🟢 Entry R...52
• Target 6: 0.9850

💠 Leverage : 5x - 10x - 20x",b101f300efab785f092aaad0c63d43aa,2026-09-06T08:31:46+00:00,2026-09-06T08:56:10.615002+00:00,963,cryptorichsignal_free00
1131082,28488,"📊#SUSHI/USDT–SHORT–30x 🚀

📍 𝐄𝐧𝐭𝐫𝐲 𝐙𝐨𝐧𝐞:

➥ 0.235, ...tal.

⚠️ Disclaimer:
Trade at your own risk. DYOR.",7a9736b25be874a81147c2fd32f20572,2026-09-06T08:31:46+00:00,2026-09-06T08:56:10.601760+00:00,963,cryptorichsignal_free00
1131080,28489,"📍Coin : #ARB/USDT

🔴 SHORT 

👉 Entry: 0.1919 - 0.1...t 5: 0.1825
🎯 Target 6: 0.1807

❌ StopLoss: 0.1999",61af6edc31600d76e2d8bacbf48769e5,2026-09-06T08:31:46+00:00,2026-09-06T08:56:10.565660+00:00,963,cryptorichsignal_free00
1131072,28491,"⌛#SUI/USDT  ( SHORT )

🍁 Leverage 👉 20X to 25X 

⛩...15 | 0.7653 | 0.7565 | 0.7469

🔕 Stoploss = 0.8238",552aeb8cbfd165d2818ef27410cc8c90,2026-09-06T08:31:46+00:00,2026-09-06T08:56:10.544813+00:00,963,cryptorichsignal_free00
1131059,28486,"ZENUSDTUSDT  
Exchanges: BINGX 

🟢 Long
Leverage- ...45
4) 10.20
5) 11.02
6) 11.90
7) 🚀🚀🚀 

⛔️ SL:
1.00",ca78cb453867d82331b8eea833477df0,2026-09-06T08:31:46+00:00,2026-09-06T08:56:10.509046+00:00,963,cryptorichsignal_free00
1131058,28494,"#SHORT 🔴 🔤🔤🔤🔤🔤

#MARSCOIN/USDT 

Margin Mode : Iso...47

🟩 SL : 0.23529 - 100%

📊 LEV : 20X

🇯🇵 Premium",06d5350a9e14f9a1edbd42e8b82bab77,2026-09-06T08:31:46+00:00,2026-09-06T08:56:10.508154+00:00,963,cryptorichsignal_free00
1131048,28495,"🌈PAIR:- ZEC/USDT
⚡️ Direction : LONG
🛠 Leverage: C...nt Usage:- 1 - 2%
(According To your Risk Setting)",370296c5d65de4120733ce6574c3209e,2026-09-06T08:31:46+00:00,2026-09-06T08:56:10.401064+00:00,963,cryptorichsignal_free00
1131042,28496,"🌈PAIR:- ZEC/USDT
⚡️ Direction : LONG
🛠 Leverage: C...nt Usage:- 1 - 2%
(According To your Risk Setting)",4eb558ec122d50298d4b00c2aff1f81e,2026-09-06T08:31:46+00:00,2026-09-06T08:56:10.359549+00:00,963,cryptorichsignal_free00
1131060,28473,"⚡️⚡️ #AERO/USDT ⚡️⚡️
Exchanges: Bingx 
Signal Type...
5) 0.57452
6) 0.58265
7) 🚀🚀🚀

Stop Targets:
5-10%",b60f29a895d52bcf1e951baa219dac63,2026-09-06T08:31:45+00:00,2026-09-06T08:56:10.510860+00:00,963,cryptorichsignal_free00
1131046,28475,"⚡️⚡️ #ARK/USDT ⚡️⚡️
Exchanges: Bingx 
Signal Type:...
5) 0.12550
6) 0.12728
7) 🚀🚀🚀

Stop Targets:
5-10%",b6822953ef980330181fa3327edb6fb0,2026-09-06T08:31:45+00:00,2026-09-06T08:56:10.379210+00:00,963,cryptorichsignal_free00
1131040,28476,"⚡️⚡️ #CRV/USDT ⚡️⚡️
Exchanges: Bingx 
Signal Type:...
5) 0.40089
6) 0.40657
7) 🚀🚀🚀

Stop Targets:
5-10%",6ba6a49161049dad09f913b3100f2e0f,2026-09-06T08:31:45+00:00,2026-09-06T08:56:10.261740+00:00,963,cryptorichsignal_free00
1131039,28477,"⚡️⚡️ #CELO/USDT ⚡️⚡️
Exchanges: Bingx 
Signal Type...
5) 0.08490
6) 0.08610
7) 🚀🚀🚀

Stop Targets:
5-10%",84063820d0f4237d224f67a65d26bae9,2026-09-06T08:31:45+00:00,2026-09-06T08:56:10.216387+00:00,963,cryptorichsignal_free00
1131037,28474,"⚡️⚡️ #ATH/USDT ⚡️⚡️
Exchanges: Bingx 
Signal Type:...
5) 0.00494
6) 0.00501
7) 🚀🚀🚀

Stop Targets:
5-10%",f9d070a9ab2b0ed2197e99383ec595a2,2026-09-06T08:31:45+00:00,2026-09-06T08:56:10.182773+00:00,963,cryptorichsignal_free00
1131036,28472,"⚡️⚡️ #1000000BOB/USDT ⚡️⚡️
Exchanges: Bingx 
Signa...
5) 0.02055
6) 0.02084
7) 🚀🚀🚀

Stop Targets:
5-10%",d46e095cfdec2fe2b547c1995b1a2064,2026-09-06T08:31:45+00:00,2026-09-06T08:56:09.920339+00:00,963,cryptorichsignal_free00
1131035,28471,"⚡️⚡️ #1000000MOG/USDT ⚡️⚡️
Exchanges: Bingx 
Signa...
5) 0.11384
6) 0.11546
7) 🚀🚀🚀

Stop Targets:
5-10%",33e962facaf26c07b90b6571a2017eab,2026-09-06T08:31:44+00:00,2026-09-06T08:56:09.638404+00:00,963,cryptorichsignal_free00
1131033,28470,"RLCUSDTUSDT  
Exchanges: BINGX 

🟢 Long
Leverage- ....36526000
6) 0.39448000
7) 🚀🚀🚀 

⛔️ SL:
0.29660000",6d84c62789e9a1b1586fbc02d865a79d,2026-09-06T08:31:44+00:00,2026-09-06T08:56:09.581392+00:00,963,cryptorichsignal_free00
1131019,28467,"APTUSDTUSDT  
Exchanges: BINGX 

🟢 Long
Leverage- ....74499000
6) 0.80459000
7) 🚀🚀🚀 

⛔️ SL:
0.56663000",3d69f0e1971fb028dcbab62d7ec1e8e6,2026-09-06T08:31:44+00:00,2026-09-06T08:55:53.975617+00:00,963,cryptorichsignal_free00
1131014,28463,"#NIL USDT — BUY (LONG) 
🎉
🟢 Leverage: Cross  75x

...Risk Management:
Use only 2%– 3%of your portfolio.",12177c146b7e52655cdf8bc5690d91d2,2026-09-06T08:31:44+00:00,2026-09-06T08:55:53.819064+00:00,963,cryptorichsignal_free00
1131001,28468,"ZECUSDTUSDT  
Exchanges: BINGX 

🟢 Short
Leverage-...997.08
5) 917.31
6) 843.93
7) 🚀🚀🚀 

⛔️ SL:
1158.49",b9d6b72fdebcb39c69053c255d4d1e1f,2026-09-06T08:31:44+00:00,2026-09-06T08:55:53.751225+00:00,963,cryptorichsignal_free00
1130982,28464,"📊#UAI/USDT — LONG

⚡️ Leverage : 5X – 10X

💹Entry ...Entry After TP1

⚖️ Follow Proper Risk Management.",b955da7fc26089cc6673a72b488a0048,2026-09-06T08:31:44+00:00,2026-09-06T08:55:53.644962+00:00,963,cryptorichsignal_free00
1130972,28465,"APTUSDTUSDT  
Exchanges: BINGX 

🟢 Short
Leverage-....53238000
6) 0.48979000
7) 🚀🚀🚀 

⛔️ SL:
0.64502000",ca3456709f133ec1845ee0c69bc81dce,2026-09-06T08:31:44+00:00,2026-09-06T08:55:53.552326+00:00,963,cryptorichsignal_free00
1130940,28375,"🔴 SHORT

#XMR/USDT

Entry zone : 572.06 - 555.40

...0
502.35
485.61

Stop loss :594.278

Leverage: 10x",a5686deb609ef0ee227c925634ce0cd8,2026-09-06T08:29:51+00:00,2026-09-06T08:55:52.684496+00:00,963,cryptorichsignal_free00
1130939,28374,"XMRUSDTUSDT  
Exchanges: BINGX 

🟢 Short
Leverage-... 502.35
5) 485.61
6) 446.76
7) 🚀🚀🚀 

⛔️ SL:
594.28",561f184a7c7b36412c47f20b0c65b7ff,2026-09-06T08:29:50+00:00,2026-09-06T08:55:52.611021+00:00,963,cryptorichsignal_free00
1130936,28372,"TRXUSDTUSDT  
Exchanges: BINGX 

🟢 Long
Leverage- ....44090000
6) 0.47617000
7) 🚀🚀🚀 

⛔️ SL:
0.33000000",b5016c9fadd901e1807408fb11eaa6a7,2026-09-06T08:29:50+00:00,2026-09-06T08:55:52.424022+00:00,963,cryptorichsignal_free00
1130935,28373,"🚨 #SOL/USDT | LONG

⚡Leverage: Cross 100x

🎯Entry ... follow the signal and secure profits at targets.💎",83e72661e35260f2092ed718142a4137,2026-09-06T08:29:50+00:00,2026-09-06T08:55:52.297931+00:00,963,cryptorichsignal_free00
1130934,28371,"BNBUSDTUSDT  
Exchanges: BINGX 

🟢 Short
Leverage-... 739.43
5) 716.32
6) 700.92
7) 🚀🚀🚀 

⛔️ SL:
816.45",4fe04cbe3db818b6d534973c84a68cc2,2026-09-06T08:29:50+00:00,2026-09-06T08:55:52.061108+00:00,963,cryptorichsignal_free00
1134755,28536,"✨LTC/USDT

🎗 Trade Type = LONG 🟢

⭐️ Leverage :- 2...fit = [ 54.77, 55.27, 55.90, 56.36, 57.00, 57.61 ]",641732a6359a7436c3c41d350d945fad,2026-09-06T10:52:11+00:00,2026-09-06T11:37:27.690716+00:00,963,cryptorichsignal_free00
1134759,28535,"COIN: #NAORIS/USDT (LONG) SETUP

📊 Leverage 25x to...ENT IS KEY
Use only 1–2% of your capital per trade",e3426ae6e4c04caa16d3c847e1d46293,2026-09-06T10:39:42+00:00,2026-09-06T11:37:27.725583+00:00,963,cryptorichsignal_free00
1134757,28533,"FLOCKUSDTUSDT  
Exchanges: BINGX 

🟢 Long
Leverage....09436000
6) 0.10191000
7) 🚀🚀🚀 

⛔️ SL:
0.06704000",4c6327a3ee4293b4a58103c299ba7889,2026-09-06T10:39:42+00:00,2026-09-06T11:37:27.705023+00:00,963,cryptorichsignal_free00
1134760,28532,"🚀 LONG
TIA/USDT
ENTRY 0.3962

🚀 0.4226
🚀 0.4882
🚀 ...ROSS
🚨 STOPLOSS 0.3704
LEVRAGE 10x- 40x

1% WALLET",04b37582ffb9c53eb245ab3e8dc1a51a,2026-09-06T10:38:50+00:00,2026-09-06T11:37:27.735016+00:00,963,cryptorichsignal_free00
1134762,28531,"🚀 LONG: $UAI/USDT
LEVERAGE: 50x

✔️ENTRY PRICE: 0....500-0.5700-0.5900

STOP LOSS:  0.5180


REACTIONS?",29ea20112917d72f7006d7de497957cc,2026-09-06T10:38:03+00:00,2026-09-06T11:37:27.758716+00:00,963,cryptorichsignal_free00
1134761,28530,"⭐️$FLOCK/USDT  LONG

🛡Leverage : Cross 25x50

‼️En....06704

Use only 3% - 5% amount of your portfolio🛍",5f69a250ae2035b288768627ab773855,2026-09-06T10:38:03+00:00,2026-09-06T11:37:27.741004+00:00,963,cryptorichsignal_free00
1134763,28529,"🔴 Short

Pair: #ZEC/USDT

📊 Entry Price: 

1) 1184...
4) 1102.40

Stop Loss: 1258.95

Leverage: 10x-20x",759662f7a8e3979d732221676e6e50d1,2026-09-06T10:10:47+00:00,2026-09-06T11:37:27.777043+00:00,963,cryptorichsignal_free00
1134756,28527,"🔘 Coin : #AR/USDT 🔘

🟢 LONG

🔺Entry🔻: 3.009

⭐️ Ta....123 - 3.183

♦️ StopLoss : 2.904

🔱 Leverage: 25x",0fdff1bd9a7ca6f9604e8e6732d7c1b4,2026-09-06T09:31:31+00:00,2026-09-06T11:37:27.701983+00:00,963,cryptorichsignal_free00
1134754,28528,"XRPUSDTUSDT  
Exchanges: BINGX 

🟢 Short
Leverage-... 1.38
4) 1.36
5) 1.32
6) 1.29
7) 🚀🚀🚀 

⛔️ SL:
1.50",51ee8d521969c07a8ea05c40aacc3b44,2026-09-06T09:31:31+00:00,2026-09-06T11:37:27.689336+00:00,963,cryptorichsignal_free00
1134753,28525,AKT LONG 0.5563 TP1 0.5680,d11942e72e50db0f613e9544ad9e2aec,2026-09-06T09:31:31+00:00,2026-09-06T11:37:27.652685+00:00,963,cryptorichsignal_free00
1134752,28526,"🚀 #AKT/USDT LONG SIGNAL 🚀
📍 Entry: 0.5563


🎯 Take... your risk, and let's catch this move together! 🪙🔥",d2ce73be29ffde0d53ccd98c137be69b,2026-09-06T09:31:31+00:00,2026-09-06T11:37:27.588000+00:00,963,cryptorichsignal_free00
1134751,28524,"Long #ZEC 75x 1,190

Tp: 1,210",4cfb6a29f45f8e5c0f6071a09bd8dd53,2026-09-06T09:31:31+00:00,2026-09-06T11:37:27.503520+00:00,963,cryptorichsignal_free00
1136492,28568,"#JUP /USDT BUY (LONG) 

⚡️Leverage : Cross 25x to ...02550

⚠️Use only 3% - 5% amount of your portfolio",5bbc9ba55e93042084e7f3c86c8ec948,2026-09-06T13:21:47+00:00,2026-09-06T13:32:24.355413+00:00,963,cryptorichsignal_free00
1136500,28565,"🚨 #ETH/USDT | LONG

⚡Leverage: Cross 200x

🎯Entry ... follow the signal and secure profits at targets.💎",1cf0234854b3d36b7017e8a23e203adb,2026-09-06T13:21:46+00:00,2026-09-06T13:32:24.401050+00:00,963,cryptorichsignal_free00
1136498,28564,"🚨 #4/USDT | LONG

⚡Leverage: Cross 50x

🎯Entry Tar... follow the signal and secure profits at targets.💎",0ec441ff5b1a0fd209fa23873897785c,2026-09-06T13:21:46+00:00,2026-09-06T13:32:24.394908+00:00,963,cryptorichsignal_free00
1136496,28562,"🔴 SHORT

#DOT/USDT

Entry : 

1) 0.974500
2) 1.003...7079

🛑 Stop : 1.035893

Leverage : 10x (isolated)",ce6388d965485951349c7c8b741f8821,2026-09-06T13:21:46+00:00,2026-09-06T13:32:24.385395+00:00,963,cryptorichsignal_free00
1136495,28566,"➡️ #NAORIS    /USDT (SHORT) 🔽🔽

⌛LEVERAGE : 20X TO...0


💥Use only 1%margin of your total portfolio❤️😘😇",4f9a1013f651fec38ff7a816dc72b9f3,2026-09-06T13:21:46+00:00,2026-09-06T13:32:24.382257+00:00,963,cryptorichsignal_free00
1136480,28561,"SOL/USDT My Short Trade Idea 💡

Leverage 100X

Ent....500

Stop Loss   107.500

Follow Money Management",8051f14b5d4fde49d2d7ff5bff3d660c,2026-09-06T13:00:42+00:00,2026-09-06T13:32:24.294439+00:00,963,cryptorichsignal_free00
1136493,28552,"🚀 LONG: $METIS/USDT
LEVERAGE: 50x

✔️ENTRY PRICE: ...OFIT

3.39-3.52-3.80

STOP LOSS:  3.14

REACTIONS?",ab8c30b6697f53bcea6db26cf571aaf3,2026-09-06T13:00:10+00:00,2026-09-06T13:32:24.360685+00:00,963,cryptorichsignal_free00
1136491,28559,"💰#FLOCK / USDT👑

💎Setup Type: Strong SHORT  🔖Oppor...TP ➝ 0.06500

4️⃣TP ➝ 0.05500

🚫Stop Loss: 0.08000",cff08f97bab5426855d1acdc4177a672,2026-09-06T13:00:10+00:00,2026-09-06T13:32:24.347807+00:00,963,cryptorichsignal_free00
1136489,28560,"SOLUSDTUSDT  
Exchanges: BINGX 

🟢 Short
Leverage-...4) 102.35
5) 99.15
6) 97.02
7) 🚀🚀🚀 

⛔️ SL:
113.01",2aa5d516109ca93ce88213f66f0dec95,2026-09-06T13:00:10+00:00,2026-09-06T13:32:24.345650+00:00,963,cryptorichsignal_free00
1136487,28557,"📌Pair: FLOCK/USDT
Type: LONG 🟢
✔️Leverage:  (20X_1...92
2) 0.112
3) 0.135
4) 0.175

❌ STOP LOSS: 0.065❌",68cde7a9f908e21d85e86047c6488269,2026-09-06T13:00:10+00:00,2026-09-06T13:32:24.343056+00:00,963,cryptorichsignal_free00
1136485,28550,"EXCHANGE/BYBIT/BITUNIX/OKX📌 


DAY TRADE 🏆

SHORT/...agement 🏆


Use only 5% of your 📈Available balance",f0389cb2b917c09a66b4baa9b10c2ff3,2026-09-06T13:00:10+00:00,2026-09-06T13:32:24.333418+00:00,963,cryptorichsignal_free00
1136474,28554,"🚩 SHORT #FLOCK/USDT

⚙️ 75X LEVERAGE

🛡 Entry: 0.0...: 0.07760
TP3: 0.07570

🛑 SL: 0.08550

🔥REACTIONS?",2d183bde95285e1936dcb242958314e5,2026-09-06T13:00:10+00:00,2026-09-06T13:32:24.194031+00:00,963,cryptorichsignal_free00
1136473,28551,"🚨 #FLOCK/USDT | SHORT

⚡Leverage: Cross 25x

🎯Entr... follow the signal and secure profits at targets.💎",a2a7bdfdc5d9366705999ba3013537e2,2026-09-06T13:00:10+00:00,2026-09-06T13:32:24.193062+00:00,963,cryptorichsignal_free00
1136499,28549,"📇 Setup: XAN/USDT 

LONG Trade 🛫

✔️ Leverage : 75....017700
💰 Target 2 • 0.018300
💰 Target3 • 0.019800",123bf2c7539f5434d26dd848b9913572,2026-09-06T12:18:47+00:00,2026-09-06T13:32:24.398491+00:00,963,cryptorichsignal_free00
1136482,28548,"🚩 SHORT #NAORIS/USDT

⚙️ 75X LEVERAGE

🛡 Entry: 0....: 0.03540
TP2: 0.03470
TP3: 0.03350

🛑 SL: 0.03950",68f1b37755cb3223c5223e54b1c5e58f,2026-09-06T12:18:47+00:00,2026-09-06T13:32:24.310167+00:00,963,cryptorichsignal_free00
1136486,28546,"#FLOCK   USDT — BUY (LONG) 
🎉
🟢 Leverage: Cross  5...Risk Management:
Use only 2%– 3%of your portfolio.",43443c641ef172766021f439f1d1d9cb,2026-09-06T12:14:06+00:00,2026-09-06T13:32:24.342132+00:00,963,cryptorichsignal_free00
1136476,28545,"⭐️$NAORIS/USDT  LONG

🛡Leverage : Cross 25x50

‼️E....03322

Use only 3% - 5% amount of your portfolio🛍",08c141a36ef3f79f5358275dbe703690,2026-09-06T12:14:06+00:00,2026-09-06T13:32:24.206286+00:00,963,cryptorichsignal_free00
1136479,28541,"💰#FLOCK / USDT👑

💎Setup Type: Strong LONG  🔖Opport...TP ➝ 0.08700

4️⃣TP ➝ 0.09500

🚫Stop Loss: 0.07000",b1b2ca8ac2058bc80b3138f867b9e4f7,2026-09-06T12:13:31+00:00,2026-09-06T13:32:24.280859+00:00,963,cryptorichsignal_free00
1136472,28542,"💫 Pair: SPX/USDT  💫

🔼 Direction: Long 🔼

✅ Levera...Take Profit: 0.6350 📈

⚠️ Stop Loss: 0.5400 ⚠️

📈📈",1094d7970014af6d8af03c35dc16cb39,2026-09-06T12:13:31+00:00,2026-09-06T13:32:24.190660+00:00,963,cryptorichsignal_free00
1136471,28543,"FLOCKUSDTUSDT  
Exchanges: BINGX 

🟢 Long
Leverage....10000000
6) 0.11000000
7) 🚀🚀🚀 

⛔️ SL:
0.06800000",54ebe7dd2c75a94e8003c16a6f5c384e,2026-09-06T12:13:31+00:00,2026-09-06T13:32:24.189356+00:00,963,cryptorichsignal_free00
1136484,28540,"ARB/ USDT/ SHORT
Entry at market price 

Cross || ...only 1% of your wallet. 
Manage your risk properly",70d9769d388016fae7f561a9c52f0dc6,2026-09-06T11:39:23+00:00,2026-09-06T13:32:24.320103+00:00,963,cryptorichsignal_free00
1136475,28539,"📇 Setup: JUP/USDT 

LONG Trade 🛫

✔️ Leverage : 75...t 1 •0.2820
💰 Target 2 • 0.2870
💰 Target3 • 0.2928",30bae56b40bd865651f814fd7873f43d,2026-09-06T11:39:10+00:00,2026-09-06T13:32:24.196938+00:00,963,cryptorichsignal_free00
1136469,28537,"#XAN  USDT — BUY (LONG) 
🎉
🟢 Leverage: Cross  20x5...Risk Management:
Use only 2%– 3%of your portfolio.",0fda496d9212cdea21d707d2f0165474,2026-09-06T11:39:10+00:00,2026-09-06T13:32:23.695114+00:00,963,cryptorichsignal_free00
1139814,28579,"✨ASTER/USDT

🎗 Trade Type = SHORT 🔴

⭐️ Leverage :...[ 0.7686, 0.7606, 0.7525, 0.7449, 0.7353, 0.7256 ]",923a06e3fd98579c5cbe7be737e7ef4b,2026-09-06T13:55:13+00:00,2026-09-06T15:07:06.669417+00:00,963,cryptorichsignal_free00
1139819,28576,"🚀 SHORT: $FLOCK/USDT
LEVERAGE: 50x

✔️ENTRY PRICE:...0-0.06400-0.06800

STOP LOSS:  0.07710

REACTIONS?",1f2cef8975af6a5e64979dbd0337ca86,2026-09-06T13:55:12+00:00,2026-09-06T15:07:06.694805+00:00,963,cryptorichsignal_free00
1139815,28575,"#MARSCOIN    USDT — SELL (SHORT) 
🎉
🟢 Leverage: Cr...Risk Management:
Use only 2%– 3%of your portfolio.",fc483efbacd85a98f46606dcb5ed4455,2026-09-06T13:55:12+00:00,2026-09-06T15:07:06.672764+00:00,963,cryptorichsignal_free00
1139813,28578,"EXCHANGE/BYBIT/BITUNIX/OKX📌 


DAY TRADE 🏆

SHORT/...agement 🏆


Use only 5% of your 📈Available balance",f0389cb2b917c09a66b4baa9b10c2ff3,2026-09-06T13:55:12+00:00,2026-09-06T15:07:06.663901+00:00,963,cryptorichsignal_free00
1139818,28572,"#FLOCK/USDT SHORT     

👉Leverage : Cross 10× To 3...)  0.0717
2)  0.0697
3)  0.0650

⭕Stoploss : 0.077",5fe08c675cad26a1d4f8a27c82e8ecad,2026-09-06T13:32:46+00:00,2026-09-06T15:07:06.693734+00:00,963,cryptorichsignal_free00
1139811,28570,"COIN: #FLOCK/USDT (SHORT) SETUP

📊 Leverage 25x to...ENT IS KEY
Use only 1–2% of your capital per trade",795cf02ae1d751e6b170903cb85401b4,2026-09-06T13:32:46+00:00,2026-09-06T15:07:06.576148+00:00,963,cryptorichsignal_free00
1145059,28620,"XRPUSDTUSDT  
Exchanges: BINGX 

🟢 Long
Leverage- ... 1.50
4) 1.58
5) 1.71
6) 1.84
7) 🚀🚀🚀 

⛔️ SL:
1.30",5a04d790c47573aeaad29459b24cd7ed,2026-09-06T19:13:59+00:00,2026-09-06T19:16:40.018258+00:00,963,cryptorichsignal_free00
1145067,28586,"KAVAUSDTUSDT  
Exchanges: BINGX 

🟢 Short
Leverage....04512000
6) 0.04151000
7) 🚀🚀🚀 

⛔️ SL:
0.05698350",e6a064292dcfda3ce4b705444ee27581,2026-09-06T19:13:21+00:00,2026-09-06T19:16:40.097549+00:00,963,cryptorichsignal_free00
1145063,28596,"🟢LONG  #BTCUSDT

🔶 Entry : 79600 - 79500

➡️ Lever...ake Profit Targets :

👉 80300

🛑 Stop Loss : 78700",b3edcf4fde6155736aca88246c687e30,2026-09-06T19:13:21+00:00,2026-09-06T19:16:40.059083+00:00,963,cryptorichsignal_free00
1145056,28593,"LAYERUSDTUSDT  
Exchanges: BINGX 

🟢 Long
Leverage...41
5) 12244.40
6) 13223.95
7) 🚀🚀🚀 

⛔️ SL:
7500.00",994b0b56d23055c60d538eaab0485683,2026-09-06T19:13:21+00:00,2026-09-06T19:16:39.997463+00:00,963,cryptorichsignal_free00
1145052,28594,"Sui/Usdt long 🟢
with 0.5% Wallet on market price 
...ite movement pe jo 5% around the liq manage 0.7412",db6e783626732f8bb926b9a085a55476,2026-09-06T19:13:21+00:00,2026-09-06T19:16:39.994932+00:00,963,cryptorichsignal_free00
1145051,28589,"🚀 #ARB/USDT SHORT SIGNAL 🚀
📍 Entry: 0.1861


🎯 Tak... your risk, and let's catch this move together! 🪙🔥",0d91dee763b77db775197f9a59f56b92,2026-09-06T19:13:21+00:00,2026-09-06T19:16:39.990325+00:00,963,cryptorichsignal_free00
1145047,28588,ARB SHORT 0.1861 TP1 0.1820,3d622a8f14732c79d7236064cd28ad55,2026-09-06T19:13:21+00:00,2026-09-06T19:16:39.947255+00:00,963,cryptorichsignal_free00
1145046,28592,"🚨 #UAI/USDT | LONG

⚡Leverage: Cross 25x

🎯Entry T... follow the signal and secure profits at targets.💎",59417903032908f81455d0d9985990f5,2026-09-06T19:13:21+00:00,2026-09-06T19:16:39.946359+00:00,963,cryptorichsignal_free00
1145043,28595,"Coin #ZEC/USDT

Position: LONG 

Leverage:  Cross ...1138

Targets: 🎯 1197, 1245, 1319

Stop Loss: 1113",3a40ab77b12549bec9b4435ea9ce9f02,2026-09-06T19:13:21+00:00,2026-09-06T19:16:39.929303+00:00,963,cryptorichsignal_free00
1145042,28599,"$BTC LONG 25x Lev 

Entry -  $79500

TP - 81000$- 82000$

SL: 78600$",4754269c329e8d102d4362deb3cf3a57,2026-09-06T19:13:21+00:00,2026-09-06T19:16:39.916565+00:00,963,cryptorichsignal_free00
1145039,28591,"COIN: #XAN/USDT (LONG) SETUP

📊 Leverage 25x to 50...ENT IS KEY
Use only 1–2% of your capital per trade",b876ca1226f13e2d7f3e6cb754785706,2026-09-06T19:13:21+00:00,2026-09-06T19:16:39.804452+00:00,963,cryptorichsignal_free00
1145037,28597,"INJUSDTUSDT  
Exchanges: BINGX 

🟢 Long
Leverage- ... 5.36
4) 5.43
5) 5.51
6) 5.60
7) 🚀🚀🚀 

⛔️ SL:
4.96",db2b439293296dec4d060c2ff4f0ca32,2026-09-06T19:13:21+00:00,2026-09-06T19:16:39.600355+00:00,963,cryptorichsignal_free00
1145036,28587,"🔴 Short

Pair: #KAVA/USDT

📊 Entry Price: 

1) 0.0...) 0.049044

Stop Loss: 0.056009

Leverage: 10x-20x",1f34df6df33c5a0cf6c65d41d8aac51f,2026-09-06T19:13:21+00:00,2026-09-06T19:16:39.597785+00:00,963,cryptorichsignal_free00
1145034,28582,"#XAN /USDT BUY (LONG) 

⚡️Leverage : Cross 25x to ...01700

⚠️Use only 3% - 5% amount of your portfolio",98ea3d643e82ad1199128beb41636635,2026-09-06T19:13:20+00:00,2026-09-06T19:16:39.311417+00:00,963,cryptorichsignal_free00
1145033,28580,"🔴 SHORT

#BAT/USDT

Entry zone : 0.076044 - 0.0738...6779
0.064553

Stop loss :0.0789981

Leverage: 10x",b613b87e4777e532ba14a6f2ec328a8f,2026-09-06T19:13:20+00:00,2026-09-06T19:16:39.222102+00:00,963,cryptorichsignal_free00
1148308,28623,"FLOCKUSDTUSDT  
Exchanges: BINGX 

🟢 Short
Leverag....06407000
6) 0.05894000
7) 🚀🚀🚀 

⛔️ SL:
0.08550000",699b1ad97f25b83ab4512c943f9688fa,2026-09-06T21:06:32+00:00,2026-09-06T23:26:39.620121+00:00,963,cryptorichsignal_free00
1153465,28694,"🟢#UAI/USDT

📈Signal: long Leverage: Cross 20X

⚡️E...even after TP1 is hit.

📣Trade Smart • Follow Risk",b6f7d5d3fbe514fdcc4d954235dac761,2026-09-07T07:48:54+00:00,2026-09-07T08:10:18.823791+00:00,963,cryptorichsignal_free00
1153482,28690,"🚀 #PLAY/USDT LONG SIGNAL 🚀
📍 Entry: 0.03800


🎯 Ta... your risk, and let's catch this move together! 🪙🔥",37f14aecd05afbbf731d24d0330234c1,2026-09-07T07:48:53+00:00,2026-09-07T08:10:19.142102+00:00,963,cryptorichsignal_free00
1153479,28683,"#WLDUSDT — BUY (LONG) 
🎉
🟢 Leverage: Cross  20x50
...Risk Management:
Use only 2%– 3%of your portfolio.",a5a7ec170511911b62f8511c28a86021,2026-09-07T07:48:53+00:00,2026-09-07T08:10:19.024377+00:00,963,cryptorichsignal_free00
1153478,28684,"#ARX/USDT LONG     

👉Leverage : Cross 10× To 30×
...
1)  0.160
2)  0.165
3)  0.180

⭕Stoploss : 0.1480",cadcd342ec0abe82a983b399d4139992,2026-09-07T07:48:53+00:00,2026-09-07T08:10:19.021643+00:00,963,cryptorichsignal_free00
1153472,28692,"🟢#CLANKER/USDT

📈Signal: long Leverage: Cross 20X
...even after TP1 is hit.

📣Trade Smart • Follow Risk",daf578caae134a8048d31781b51994dd,2026-09-07T07:48:53+00:00,2026-09-07T08:10:18.923402+00:00,963,cryptorichsignal_free00
1153467,28686,"#CATI/USDT LONG     

👉Leverage : Cross 10× To 30×...  0.0604
2)  0.0598
3)  0.0585

⭕Stoploss : 0.0643",b5798629a19067472ce5ea01a4d5482a,2026-09-07T07:48:53+00:00,2026-09-07T08:10:18.822967+00:00,963,cryptorichsignal_free00
1153452,28687,Arx long 0.1567 tp 0.1600,6e0fc5534332413cbc7b1ff7028e426f,2026-09-07T07:48:53+00:00,2026-09-07T08:10:18.719073+00:00,963,cryptorichsignal_free00
1153450,28688,"COIN: #ARX/USDT (LONG) SETUP

📊 Leverage 25x to 50...ENT IS KEY
Use only 1–2% of your capital per trade",ff2047f78a389ec5be88ece92c9cd1a3,2026-09-07T07:48:53+00:00,2026-09-07T08:10:18.708419+00:00,963,cryptorichsignal_free00
1153480,28679,"📊 #F/USDT

🟢 POSITION: LONG

💰 ENTRY RANGE
➤ 0.003... 0.00315

━━━━━━━━━━━━━━━━━━

✅ Manage risk wisely",2858f8fa39ff6e7830c04fd7a8b7f92f,2026-09-07T06:34:07+00:00,2026-09-07T08:10:19.097707+00:00,963,cryptorichsignal_free00
1153474,28680,"🚀 $UAI/USDT PERP 🚀

🟢 LONG

💰 Entry : 0.680$ – 0.6... 5X – 25X

⛔️ SL : 0.550$

📌 Use Only 2-5% Capital",bbd53f439cfd56551a73437b12c33f08,2026-09-07T06:34:07+00:00,2026-09-07T08:10:18.945667+00:00,963,cryptorichsignal_free00
1153458,28681,"🟢#UAI/USDT

📈Signal: short Leverage: Cross 20X

⚡️...even after TP1 is hit.

📣Trade Smart • Follow Risk",e4755f7e16319c90cbe24d484fe8a6b0,2026-09-07T06:34:07+00:00,2026-09-07T08:10:18.771000+00:00,963,cryptorichsignal_free00
1153451,28677,"🔰CFG/USDT 🔰   

🟢 LONG 10X 20X

♻ ENTRY 
1️⃣ 0.133...

1️⃣ 0.137
2️⃣ 0.142
3️⃣ 0.150

⛔ STOPLOSS  0.117",097b3d558870da0f4feaae530a87b69f,2026-09-07T06:34:07+00:00,2026-09-07T08:10:18.711522+00:00,963,cryptorichsignal_free00
1153481,28665,"🚀 #OVER99WINS | TRADE SETUP 🚀

⭐ UB /USDT — LONG

...o

📌 Follow the setup and manage your risk wisely.",bcd32cee3a093c7c9dce30826d65e7c2,2026-09-07T06:34:06+00:00,2026-09-07T08:10:19.115979+00:00,963,cryptorichsignal_free00
1153476,28675,"💵 𝐒𝐈𝐆𝐍𝐀𝐋 𝐀𝐋𝐄𝐑𝐓 💵

#FLOCK/USDT (25xSHORT)

✅ ENTRY:...

TARGETS:-0.07280/0.068/0.063

❌ STOP LOSS: 0.085",d56af3c0fd39f6fc6030a5b9dfe6d034,2026-09-07T06:34:06+00:00,2026-09-07T08:10:19.002465+00:00,963,cryptorichsignal_free00
1153470,28666,"Trade: #CFG/USDT

Direction: 📉 Short 

🟢 Entry Ran...41
• Target 6: 0.1227

💠 Leverage : 5x - 10x - 20x",f5968a9263f402d9efece2d39ec09b8a,2026-09-07T06:34:06+00:00,2026-09-07T08:10:18.890928+00:00,963,cryptorichsignal_free00
1153469,28672,"🐳 TAO/USDT #LONG🐳

✳️ ENTRY :- 273 - 260

💢 LEVERA...0
3 : 320

⛔️ STOP-LOSS :- 252

☝️ Margin Use 2–3%",4741ff420534ca6731678ed8a20397e4,2026-09-07T06:34:06+00:00,2026-09-07T08:10:18.863074+00:00,963,cryptorichsignal_free00
1153464,28673,"📍Coin : #DOT/USDT

🟢 LONG 

👉 Entry: 0.9729 - 0.94...t 5: 1.0300
🎯 Target 6: 1.0400

❌ StopLoss: 0.9216",3dcc31843bf6bff57eaad414fde594b4,2026-09-07T06:34:06+00:00,2026-09-07T08:10:18.802960+00:00,963,cryptorichsignal_free00
1153462,28671,"#LONG 🟢🔤🔤🔤🔤🔤

#SKHYNIX/USDT

Margin Mode : Isolate...

🟥 SL : 1262.12 - 100%   

📊 LEV : 20X

🇯🇵Premium",4f03f5b812696fc48b78b149365c4065,2026-09-07T06:34:06+00:00,2026-09-07T08:10:18.794067+00:00,963,cryptorichsignal_free00
1153460,28669,"$ORCA/USDT #SHORT📩

✅ENTRY :-1.59/1.63

Target 1: ...𝐎𝐧𝐥𝐲 𝟏-𝟑% 𝐎𝐟 𝐎𝐮𝐫 𝐃𝐞𝐩𝐨𝐬𝐢𝐭 𝐅𝐨𝐫 𝐄𝐚𝐜𝐡 𝐓𝐫𝐚𝐝𝐞

React,??m",f52e0c089278e431db6f28de7e13d211,2026-09-07T06:34:06+00:00,2026-09-07T08:10:18.782871+00:00,963,cryptorichsignal_free00
1153457,28670,"🔴 SHORT

#KAVA/USDT

Entry : 

1) 0.053910
2) 0.05...0180

🛑 Stop : 0.057306

Leverage : 10x (isolated)",3edc4d1e57ab73288adf6cf05c454d91,2026-09-07T06:34:06+00:00,2026-09-07T08:10:18.758895+00:00,963,cryptorichsignal_free00
1153455,28676,"⚡ #MANTRA/USDT

📤 Long 

💹 Buy: 0.004593 - 0.00440...- 0.004872

🧨 StopLoss: 0.004300 

🔘 Leverage: 20x",780e9f5d3c1872891e77f95f64ac2dce,2026-09-07T06:34:06+00:00,2026-09-07T08:10:18.743453+00:00,963,cryptorichsignal_free00
1153448,28664,"NEARUSDTUSDT  
Exchanges: BINGX 

🟢 Short
Leverage... 2.31
4) 2.29
5) 2.27
6) 2.24
7) 🚀🚀🚀 

⛔️ SL:
2.55",d2832456b2deb00c17c9f24866d8286c,2026-09-07T06:34:06+00:00,2026-09-07T08:10:18.690474+00:00,963,cryptorichsignal_free00
1153447,28667,"📊#ASTR/USDT–LONG–30x 🚀

📍 𝐄𝐧𝐭𝐫𝐲 𝐙𝐨𝐧𝐞:

➥ 0.0067, 0...tal.

⚠️ Disclaimer:
Trade at your own risk. DYOR.",8fdc78e7448f4dec91cef4622d3ef4c9,2026-09-07T06:34:06+00:00,2026-09-07T08:10:18.656222+00:00,963,cryptorichsignal_free00
1153466,28663,"⌛#SUSHI/USDT  ( LONG )

🍁 Leverage 👉 20X to 25X 

...59 | 0.2479 | 0.2508 | 0.2538

🔕 Stoploss = 0.2321",24c30ff5c6886be1dfcb74b8285b0b42,2026-09-07T06:34:05+00:00,2026-09-07T08:10:18.837072+00:00,963,cryptorichsignal_free00
1153454,28660,"#DOOD/USDT LONG     

👉Leverage : Cross 10× To 30×...00235
2)  0.00255
3)  0.00295

⭕Stoploss : 0.00205",8d879c1ee797daa905960c111de32356,2026-09-07T06:34:05+00:00,2026-09-07T08:10:18.740564+00:00,963,cryptorichsignal_free00
1153453,28662,"🟢WOO/USDT 📈

📈 long Setup 

💰 Entry Zone: 0.0120–0...et 1. 
✅ Move SL to breakeven after Target 1 hits.",5044c4f355448f4bf06a7fe28ce4b330,2026-09-07T06:34:05+00:00,2026-09-07T08:10:18.738010+00:00,963,cryptorichsignal_free00
1153445,28661,"#CATI/USDT LONG     

👉Leverage : Cross 10× To 30×...)  0.0652
2)  0.0662
3)  0.0672

⭕Stoploss : 0.060",af7958f1a4b179d2f1116395a7f00456,2026-09-07T06:34:05+00:00,2026-09-07T08:10:18.615070+00:00,963,cryptorichsignal_free00
1153441,28658,"#UBUSDT — BUY (LONG) 
🎉
🟢 Leverage: Cross  20x50

...Risk Management:
Use only 2%– 3%of your portfolio.",7dcac15aeb43797a7246eadfdabffc6e,2026-09-07T06:34:05+00:00,2026-09-07T08:10:18.498498+00:00,963,cryptorichsignal_free00
1153427,28634,"LINKUSDTUSDT  
Exchanges: BINGX 

🟢 Long
Leverage-...6
4) 14.43
5) 15.59
6) 16.83
7) 🚀🚀🚀 

⛔️ SL:
11.85",81e0cfc9d5ba935c3375dc14b8686f8a,2026-09-07T05:42:05+00:00,2026-09-07T08:10:18.134621+00:00,963,cryptorichsignal_free00
1153424,28626,"✅ Long

#RLC/USDT

Entry zone : 0.2964 - 0.3056

T...
0.3344
0.3436

Stop loss :0.284208

Leverage: 10x",12685936725f1c108cff5be4b2980aaa,2026-09-07T05:41:37+00:00,2026-09-07T08:10:18.075397+00:00,963,cryptorichsignal_free00
1153421,28624,"POLUSDTUSDT  
Exchanges: BINGX 

🟢 Long
Leverage- ....11167000
6) 0.12060000
7) 🚀🚀🚀 

⛔️ SL:
0.09284000",f02fea6d76f8a252c9f4503ad871a800,2026-09-07T05:41:37+00:00,2026-09-07T08:10:17.605232+00:00,963,cryptorichsignal_free00
1153418,28625,"✅ Long

Pair: #XMR/USDT

📊 Entry Price: 

1) 533.6...99
4) 570.13

Stop Loss: 500.01

Leverage: 10x-20x",66f2ee72e92f50fcbdc5b3cf7000edf4,2026-09-07T05:41:37+00:00,2026-09-07T08:10:17.559398+00:00,963,cryptorichsignal_free00
1160888,28728,"$ONDOUSDT

SHORT

RR : 2

LEVERAGE : 30x

ENTRY : ...893

TAKE PROFITS 👇

1️⃣ 0.3764

STOPLOSS : 0.3956",ed36d4e86887df07708413d74a889e72,2026-09-07T11:03:49+00:00,2026-09-07T11:35:10.765843+00:00,963,cryptorichsignal_free00
1160887,28727,"🚀 #OVER99WINS | TRADE SETUP 🚀

⭐ TIA /USDT — LONG
...o

📌 Follow the setup and manage your risk wisely.",e2212d81136f37d33a201a573c257ef8,2026-09-07T11:03:49+00:00,2026-09-07T11:35:10.736669+00:00,963,cryptorichsignal_free00
1160881,28730,"🚀 #OVER99WINS | TRADE SETUP 🚀

⭐ UNI /USDT — LONG
...o

📌 Follow the setup and manage your risk wisely.",c3a7cd5c75eddbaf129f53e682e04afd,2026-09-07T11:03:49+00:00,2026-09-07T11:35:10.710929+00:00,963,cryptorichsignal_free00
1160867,28729,"🚀 LONG: $4/USDT
LEVERAGE: 50x

✔️ENTRY PRICE: 0.02...-0.02850-0.03100

STOP LOSS:  0.02520


REACTIONS?",3a3d1414438b344972e44c1684a4163f,2026-09-07T11:03:49+00:00,2026-09-07T11:35:10.562428+00:00,963,cryptorichsignal_free00
1160879,28726,"🔴 Short

Pair: #LTC/USDT

📊 Entry Price: 

1) 55.8...3.19
4) 52.01

Stop Loss: 59.40

Leverage: 10x-20x",1001aacf7c2594c0316fcb790d6c93f6,2026-09-07T10:18:27+00:00,2026-09-07T11:35:10.701188+00:00,963,cryptorichsignal_free00
1160873,28725,"DAY/TRADE 🏆

LONG BTC/USDT📈📈📈( continuation trend ...agement 🏆

Use only 10% of your 📈Available balance",e1a2aad4ff7ad07c6348690394c27535,2026-09-07T10:18:27+00:00,2026-09-07T11:35:10.620772+00:00,963,cryptorichsignal_free00
1160886,28701,"⭐️$NAORIS/USDT  LONG

🛡Leverage : Cross 25x50

‼️E....03413

Use only 3% - 5% amount of your portfolio🛍",794ff0fd606f839303179d8f5d24341b,2026-09-07T10:18:26+00:00,2026-09-07T11:35:10.737926+00:00,963,cryptorichsignal_free00
1160884,28704,#IOST SHORT 0.000890,e322aa93ed24a9d8a98676d4d079a325,2026-09-07T10:18:26+00:00,2026-09-07T11:35:10.726429+00:00,963,cryptorichsignal_free00
1160882,28706,"✅ Long

#VET/USDT

Entry zone : 0.006854 - 0.00706...734
0.007945

Stop loss :0.00657231

Leverage: 10x",61794fd2ea7b966982cb6591c45ef5cc,2026-09-07T10:18:26+00:00,2026-09-07T11:35:10.723351+00:00,963,cryptorichsignal_free00
1160883,28699,"#MARSCOIN/USDT SHORT     

👉Leverage : Cross 10× T...t

1)  0.155
2)  0.144
3)  0.133

⭕Stoploss : 0.17",07628b4701182f06b9c8789d3fbfdd79,2026-09-07T10:18:26+00:00,2026-09-07T11:35:10.716166+00:00,963,cryptorichsignal_free00
1160878,28712,"#IOST/USDT BUY (LONG) 

⚡️Leverage : Cross 25x to ...08490

⚠️Use only 3% - 5% amount of your portfolio",54e275c87c87fd80470b62f2b5995274,2026-09-07T10:18:26+00:00,2026-09-07T11:35:10.697568+00:00,963,cryptorichsignal_free00
1160876,28697,"SHORT

CFG/USDT

MARKET PRICE 

Leverage: 10X

TP:...5% of capital 

Always use proper risk management.",e83d596c9c9cfc628ca21e47ffe80e33,2026-09-07T10:18:26+00:00,2026-09-07T11:35:10.643542+00:00,963,cryptorichsignal_free00
1160874,28717,"🔰 PAIR: SOL/ USDT 💹

🟢Position: LONG🚀

☑️ Entry Zo...:
🥇 105.03
🥈 105.52
🥉 106.55

❌ Stop Loss: 🔴103.08",cc931954145b4b9d9f4f33ba6f4002db,2026-09-07T10:18:26+00:00,2026-09-07T11:35:10.626181+00:00,963,cryptorichsignal_free00
1160875,28721,"EXCHANGE/BYBIT/BITUNIX/OKX📌 


DAY TRADE 🏆

SHORT/...agement 🏆


Use only 5% of your 📈Available balance",9354e420b09f9f25f99bac28fa1f8470,2026-09-07T10:18:26+00:00,2026-09-07T11:35:10.625240+00:00,963,cryptorichsignal_free00
1160872,28715,"⭐️$TIA/USDT  LONG

🛡Leverage : Cross 25x50

‼️Entr...0.3999

Use only 3% - 5% amount of your portfolio🛍",8a35da80f473dacbef3cdb6b2b31b273,2026-09-07T10:18:26+00:00,2026-09-07T11:35:10.607211+00:00,963,cryptorichsignal_free00
1160871,28722,"#BTC - SHORT 150X

Entry  79352

Targets 100% -200%-300% +++

SL= Will Update

Using 1% wallet",36cd25b40308fd23d6187ba72bc8981a,2026-09-07T10:18:26+00:00,2026-09-07T11:35:10.605290+00:00,963,cryptorichsignal_free00
1160869,28716,"📈 LONG #DOOD/USDT

🚀 LEVERAGE : 50x

📊 ENTRY PRICE....00235

TP🟢0.00245

STOPLOSS 🔴0.00208


REACTIONS?",5dfb47b9c6bb6cefcfeef57ec2b94d0f,2026-09-07T10:18:26+00:00,2026-09-07T11:35:10.592928+00:00,963,cryptorichsignal_free00
1160868,28720,"EXCHANGE/BYBIT/BITUNIX/OKX📌 


DAY TRADE 🏆

SHORT/...agement 🏆


Use only 5% of your 📈Available balance",3ee78ba568a20b9df42feb8492406005,2026-09-07T10:18:26+00:00,2026-09-07T11:35:10.581447+00:00,963,cryptorichsignal_free00
1160866,28710,"⭐️$SOL/USDT  LONG

🛡Leverage : Cross 25x50

‼️Entr... 99.91

Use only 3% - 5% amount of your portfolio🛍",fcaf8e65d8bedbf27e9d63b0a4437087,2026-09-07T10:18:26+00:00,2026-09-07T11:35:10.528846+00:00,963,cryptorichsignal_free00
1160865,28703,"🟢 Long

#ZRX/USDT

Entry : 

1) 0.1031
2) 0.1000

...0.1101

🛑 Stop : 0.0966

Leverage : 10x (isolated)",ea802ed8955e4bf9c50644f06f62c08c,2026-09-07T10:18:26+00:00,2026-09-07T11:35:10.514558+00:00,963,cryptorichsignal_free00
1160863,28705,"#IOST/USDT SHORT     

👉Leverage : Cross 10× To 30...00087
2)  0.00082
3)  0.00076

⭕Stoploss : 0.00094",7894ed3c53e38b40e87af5bd0719613b,2026-09-07T10:18:26+00:00,2026-09-07T11:35:10.505730+00:00,963,cryptorichsignal_free00
1160862,28709,SOLUSDT LONG NOW,b603f5051de3680c3dad81703eef98d6,2026-09-07T10:18:26+00:00,2026-09-07T11:35:10.503797+00:00,963,cryptorichsignal_free00
1160861,28719,"✨ZK/USDT

🎗 Trade Type = SHORT 🔴

⭐️ Leverage :- 2...0.010686, 0.010592, 0.010468, 0.010346, 0.010239 ]",ef9b8baf83e757ec54ab34e4e10188e7,2026-09-07T10:18:26+00:00,2026-09-07T11:35:10.497734+00:00,963,cryptorichsignal_free00
1160859,28718,"Coin #TAO/USDT

Position: LONG 

Leverage:  Cross ...65 - 260

Targets: 🎯 270, 277, 289

Stop Loss: 255",f437c27e337d0065edd5277bae74db66,2026-09-07T10:18:26+00:00,2026-09-07T11:35:10.485117+00:00,963,cryptorichsignal_free00
1160858,28713,"📊 Let’s LONG #IOST/USDT

💥 Leverage:  Cross 20×  -...922
2) 0.000952
3) 0.001020

🔖 Stop Loss: 0.000849",452d78880dd825994cda317671433f7e,2026-09-07T10:18:26+00:00,2026-09-07T11:35:10.473637+00:00,963,cryptorichsignal_free00
1160856,28698,"SHORT

TIA/USDT

MARKET PRICE 

Leverage: 10X

TP:...5% of capital 

Always use proper risk management.",de307b9f3b52d9f5644f67c8a6709aec,2026-09-07T10:18:26+00:00,2026-09-07T11:35:10.391732+00:00,963,cryptorichsignal_free00
1160870,28696,"✅ Long

Pair: #BCH/USDT

📊 Entry Price: 

1) 253.6...70
4) 271.00

Stop Loss: 237.67

Leverage: 10x-20x",bbab73757fcbd0919e37447e98707acd,2026-09-07T10:18:25+00:00,2026-09-07T11:35:10.595357+00:00,963,cryptorichsignal_free00
1160855,28695,"SHORT

TIA/USDT

MARKET PRICE 

Leverage: 10X

TP:...5% of capital 

Always use proper risk management.",de307b9f3b52d9f5644f67c8a6709aec,2026-09-07T10:18:25+00:00,2026-09-07T11:35:10.080965+00:00,963,cryptorichsignal_free00
1163882,28783,"🟢ICP/USDT My long Trade Setup

Leverage 75X

Entry...  3.100

Stop Loss: 2.950

Follow Money Management",aeef86750f14eab5333862883b6fa79c,2026-09-07T13:44:25+00:00,2026-09-07T14:32:03.606620+00:00,963,cryptorichsignal_free00
1163874,28780,"TREEUSDT - LONG ( Swing trade ) 📈

Entry : Market ...t : 

*0.048
0.05
0.055
0.06*

Stoploss at : 0.034",289a844729e92342c8b96b9b785f2967,2026-09-07T13:44:25+00:00,2026-09-07T14:32:03.471990+00:00,963,cryptorichsignal_free00
1163872,28781,"➡️ #SOPH     /USDT (SHORT) 🔽🔽

⌛LEVERAGE : 20X TO ...55

💥Use only 1%margin of your total portfolio❤️😘😇",3decacf0dda673ce8ed47c106f4c98ed,2026-09-07T13:44:25+00:00,2026-09-07T14:32:03.461498+00:00,963,cryptorichsignal_free00
1163869,28782,"#SHORT 🔴 🔤🔤🔤🔤🔤

#NEAR/USDT 

Margin Mode : Isolate....155

🟩 SL : 2.506 - 100%

📊 LEV : 20X

🇯🇵 Premium",1ccd977c4e23510fd1ad1ac64f5e477b,2026-09-07T13:44:25+00:00,2026-09-07T14:32:03.450926+00:00,963,cryptorichsignal_free00
1163868,28779,"🔘 Coin : #ORCA/USDT 🔘

🟢 LONG

🔺Entry🔻: 1.545

⭐️ ....608 - 1.638

♦️ StopLoss : 1.488

🔱 Leverage: 25x",329dff97e34bc9ce21d57fbe076ee7ff,2026-09-07T13:44:25+00:00,2026-09-07T14:32:03.449697+00:00,963,cryptorichsignal_free00
1163878,28771,"🔴 SHORT

#ATOM/USDT

Entry : 

1) 1.669
2) 1.719

...) 1.553

🛑 Stop : 1.774

Leverage : 10x (isolated)",4cc168eb203b5e81875aace148d9ebba,2026-09-07T13:44:06+00:00,2026-09-07T14:32:03.561310+00:00,963,cryptorichsignal_free00
1163871,28763,"#XAN/USDT LONG     

👉Leverage : Cross 10× To 30×
...)  0.0205
2)  0.0210
3)  0.0220

⭕Stoploss : 0.018",ef229a870206b6c37f301f040c94617d,2026-09-07T13:44:06+00:00,2026-09-07T14:32:03.463590+00:00,963,cryptorichsignal_free00
1163870,28770,"⚡️ BTC/USDT ⚡️

🔻 SCALP LONG

💎 Leverage: 10x – 15...oss: $76595

⚠️ Trade with proper risk management.",4d0162e77848f347e061d0c97d1ac8f4,2026-09-07T13:44:06+00:00,2026-09-07T14:32:03.458431+00:00,963,cryptorichsignal_free00
1163865,28761,"⭐️$ZORA/USDT  LONG

🛡Leverage : Cross 25x50

‼️Ent...007809

Use only 3% - 5% amount of your portfolio🛍",f9e90102a50347300cf31510362aed4d,2026-09-07T13:44:06+00:00,2026-09-07T14:32:03.368017+00:00,963,cryptorichsignal_free00
1163857,28762,"🪙 Coin: #XAN/USDT
🧭 Type: #LONG

📈 Entry Zone:
0.0... within the zone and maintain strict risk control.",d5f0127db3dea847bd680b8d3891631b,2026-09-07T13:44:06+00:00,2026-09-07T14:32:03.218227+00:00,963,cryptorichsignal_free00
1163855,28760,ZORAUSDT LONG NOW,7d673ed325c1cbcffa732f7228fb2435,2026-09-07T13:44:06+00:00,2026-09-07T14:32:03.206912+00:00,963,cryptorichsignal_free00
1163862,28741,"Coin #ZRO/USDT

Position: LONG 

Leverage:  Cross ...1.14

Targets: 🎯 1.20, 1.25, 1.32

Stop Loss: 1.11",ce4da70767e5847a7c6c003859e4acc1,2026-09-07T13:43:35+00:00,2026-09-07T14:32:03.253704+00:00,963,cryptorichsignal_free00
1163859,28738,"🔘 Coin : #DOOD/USDT 🔘

🔴 SHORT

🔺Entry🔻: 0.002273
... 0.002091

♦️ StopLoss : 0.002361

🔱 Leverage: 25x",ef484b0e83d0b405189a72f0ca7b9bfb,2026-09-07T13:43:35+00:00,2026-09-07T14:32:03.243631+00:00,963,cryptorichsignal_free00
1163852,28747,"📍Coin : #AVNT/USDT

🟢 LONG 

👉 Entry: 0.1092 - 0.1...t 5: 0.1147
🎯 Target 6: 0.1158

❌ StopLoss: 0.1032",cb3849b54b4d95c00e40ecedd2dd776a,2026-09-07T13:43:35+00:00,2026-09-07T14:32:03.190421+00:00,963,cryptorichsignal_free00
1163851,28740,"🌈PAIR:- LUNA2/USDT
⚡️ Direction : LONG
🛠 Leverage:...nt Usage:- 1 - 2%
(According To your Risk Setting)",ef53d602106cfae325bba33324da2f37,2026-09-07T13:43:35+00:00,2026-09-07T14:32:03.188904+00:00,963,cryptorichsignal_free00
1163849,28742,"LUNA2 / USDT 

SHORT SHORT SHORT 

IST ENTRY AT MA...E 

TP 0.05300
TP 0.05260
TP 0.05205

15X LEVERAGE",4735d3158b005b79339ef19a179d3028,2026-09-07T13:43:35+00:00,2026-09-07T14:32:03.176045+00:00,963,cryptorichsignal_free00
1163846,28737,"🚀 #AKE/USDT LONG SIGNAL 🚀
📍 Entry: 0.01740


🎯 Tak... your risk, and let's catch this move together! 🪙🔥",e512642eb2f3e23659b1a75d0d49e661,2026-09-07T13:43:35+00:00,2026-09-07T14:32:03.071775+00:00,963,cryptorichsignal_free00
1163853,28736,AKE LONG 0.01745 TP1 0.01782,77c1056b40b11bbb1b633910b524560a,2026-09-07T13:43:34+00:00,2026-09-07T14:32:03.191270+00:00,963,cryptorichsignal_free00
1163844,28733,"#SOLV/USDT BUY (LONG) 

⚡️Leverage : Cross 25x to ...04250

⚠️Use only 3% - 5% amount of your portfolio",73b367e758879932f87acdf1642978ac,2026-09-07T13:43:34+00:00,2026-09-07T14:32:02.969537+00:00,963,cryptorichsignal_free00
1163840,28731,"📊#DOOD/USDT — LONG

⚡️ Leverage : 20X – 25X

💹Entr...Entry After TP1

⚖️ Follow Proper Risk Management.",81847fecebb501e8596b8204c7ab37cb,2026-09-07T13:43:34+00:00,2026-09-07T14:32:02.727557+00:00,963,cryptorichsignal_free00
1172447,28858,"🚨 NEW TRADE SIGNAL 🚨

📊 UAI/USDT — Perpetual

📞 EN...arefully.

📈 I’ll update the trade as it develops.",6ba5e9ddf6c5ad233cc648c60faa9060,2026-09-07T18:36:51+00:00,2026-09-07T19:14:09.855736+00:00,963,cryptorichsignal_free00
1172413,28856,"🚨 #SUSHI/USDT | LONG

⚡Leverage: Cross 50X

🎯Entry... follow the signal and secure profits at targets.💎",16d7e4ad40f4be225a6f4cac3e575069,2026-09-07T18:28:17+00:00,2026-09-07T19:14:09.594158+00:00,963,cryptorichsignal_free00
1172408,28829,DOT LONG 1.0882 TP1 1.1105,08e7022177e8b0f5f2280732282736e9,2026-09-07T18:04:08+00:00,2026-09-07T19:14:09.577864+00:00,963,cryptorichsignal_free00
1172406,28825,"🚀 #OVER99WINS | TRADE SETUP 🚀

⭐ BR /USDT — LONG

...o

📌 Follow the setup and manage your risk wisely.",25510ebfb2958501e500bd66451d0ddd,2026-09-07T18:04:08+00:00,2026-09-07T19:14:09.562359+00:00,963,cryptorichsignal_free00
1172405,28824,"COIN: #UAI  /USDT (SHORT) SETUP

📊 Leverage 25x to...ENT IS KEY
Use only 1–2% of your capital per trade",1e9273d7b10c03f0841f65add2c7f28e,2026-09-07T18:04:08+00:00,2026-09-07T19:14:09.559219+00:00,963,cryptorichsignal_free00
1172404,28830,"🚀 #DOTUSDT LONG SIGNAL 🚀
📍 Entry: 1.0882


🎯 Take ... your risk, and let's catch this move together! 🪙🔥",bb620e937e95a53434be5667fb36dae1,2026-09-07T18:04:08+00:00,2026-09-07T19:14:09.553098+00:00,963,cryptorichsignal_free00
1172397,28828,"🚀 #BUSDT LONG SIGNAL 🚀
📍 Entry: 0.1840


🎯 Take Pr... your risk, and let's catch this move together! 🪙🔥",6dd224bc16bf1c93944c340902339cfc,2026-09-07T18:04:08+00:00,2026-09-07T19:14:09.378737+00:00,963,cryptorichsignal_free00
1172391,28834,"🚨 #FLOCK/USDT | LONG

⚡Leverage: Cross 50X

🎯Entry... follow the signal and secure profits at targets.💎",0e81f3b28a2e706cb040e8d72c790e74,2026-09-07T18:04:08+00:00,2026-09-07T19:14:09.329342+00:00,963,cryptorichsignal_free00
1172389,28832,"↗️ SHORT CALL ( BINANCE ) 

#CGPT/USDT 🥂

Signal T...17x LEVERAGE 👀

TAKE PROFIT -  0.01950 - 0.01700🔥🔥",dff4c61ea2287a89c21ec777035b9e88,2026-09-07T18:04:08+00:00,2026-09-07T19:14:09.310880+00:00,963,cryptorichsignal_free00
1172444,28804,"✅Entry 0.1237 -0.1220

(🆘LONG CFGUSDT 5-20x🆘)

🏹 T... 5  $0.1300
🏹Target 6  $0.1313

🚫Stop loss -0.1169",6b43b031c0a5110a5f9bbbabfe43601d,2026-09-07T18:04:07+00:00,2026-09-07T19:14:09.801616+00:00,963,cryptorichsignal_free00
1172428,28821,"#BR USDT — BUY (LONG) 
🎉
🟢 Leverage: Cross  20x50
...Risk Management:
Use only 2%– 3%of your portfolio.",3df8f55a263de444f35a5505eb2fde37,2026-09-07T18:04:07+00:00,2026-09-07T19:14:09.661226+00:00,963,cryptorichsignal_free00
1172419,28805,"🚀 LONG: $PIEVERSE/USDT
LEVERAGE: 50x

✔️ENTRY PRIC...3000-1.3500-1.4700

STOP LOSS:  1.2200

REACTIONS?",3ea339eb0ab48af270643da2346e9da4,2026-09-07T18:04:07+00:00,2026-09-07T19:14:09.633482+00:00,963,cryptorichsignal_free00
1172418,28810,"🟢#WLD/USDT

📈Signal: long Leverage: Cross 20X

⚡️E...even after TP1 is hit.

📣Trade Smart • Follow Risk",6c2368282463d9e868953a1f1e69b7b0,2026-09-07T18:04:07+00:00,2026-09-07T19:14:09.632250+00:00,963,cryptorichsignal_free00
1172415,28818,"COIN: #IOST /USDT (LONG) SETUP

📊 Leverage 25x to ...ENT IS KEY
Use only 1–2% of your capital per trade",c40a36041d515b9a44c126655ecce00a,2026-09-07T18:04:07+00:00,2026-09-07T19:14:09.619296+00:00,963,cryptorichsignal_free00
1172410,28807,"COIN: #IOST /USDT (SHORT) SETUP

📊 Leverage 25x to...ENT IS KEY
Use only 1–2% of your capital per trade",9e0adbb414ca11c02bb6c6cf27086fba,2026-09-07T18:04:07+00:00,2026-09-07T19:14:09.576118+00:00,963,cryptorichsignal_free00
1172400,28813,"🔴 Short

Pair: #KAVA/USDT

📊 Entry Price: 

1) 0.0...) 0.052823

Stop Loss: 0.060325

Leverage: 10x-20x",cadcca857dec8f76d4d326393c19752b,2026-09-07T18:04:07+00:00,2026-09-07T19:14:09.414366+00:00,963,cryptorichsignal_free00
1172392,28822,"💸 LONG —MINA

Entry: 0.08045

💸 Targets: 0.08127 /...9

💸  Stop: 0.07639

💸 Move SL to entry after TP1.",2aed2a50a13bc9b82e809b423c2a350b,2026-09-07T18:04:07+00:00,2026-09-07T19:14:09.328539+00:00,963,cryptorichsignal_free00
1172425,28803,LONG CFG 0.1240,e8330bf040ed01416e039d1710fe7b3c,2026-09-07T18:04:06+00:00,2026-09-07T19:14:09.653781+00:00,963,cryptorichsignal_free00
1172411,28795,"xrp/Usdt long 🟢
with 0.5% Wallet on market price 
...osite movement pe jo 5% around the liq manage zero",5ad85cb5302241eaa00cb6ed7a53ae69,2026-09-07T18:03:26+00:00,2026-09-07T19:14:09.577173+00:00,963,cryptorichsignal_free00
1172387,28793,"Long #WLD 75x 0.4690

Tp: 0.4730",a5453adf2bf0441613c49af54f2c275d,2026-09-07T18:03:26+00:00,2026-09-07T19:14:09.223772+00:00,963,cryptorichsignal_free00
1172386,28796,"$BATUSDT

LONG

RR : 2

LEVERAGE : 50x

ENTRY : 0....740

TAKE PROFITS 👇

1️⃣ 0.0756

STOPLOSS : 0.0733",bebf7859741ec2e107f3cd0bfa1197b3,2026-09-07T18:03:26+00:00,2026-09-07T19:14:09.105379+00:00,963,cryptorichsignal_free00
1172394,28792,"🚩 SHORT #ZAMA/USDT

⚙️ 75X LEVERAGE

🛡 Entry: 0.05...: 0.05060
TP3: 0.04780

🛑 SL: 0.06100

🔥REACTIONS?",0cb686979090aa89229abde4e4265408,2026-09-07T18:03:25+00:00,2026-09-07T19:14:09.346274+00:00,963,cryptorichsignal_free00
1172388,28791,#ZAMA/USDT SHORT NOW,5689b010aa36ecb3903f35a1dce177e5,2026-09-07T18:03:25+00:00,2026-09-07T19:14:09.295758+00:00,963,cryptorichsignal_free00
1172385,28790,"🚀 #PRL/USDT LONG SIGNAL 🚀
📍 Entry: 0.1342


🎯 Take... your risk, and let's catch this move together! 🪙🔥",d6ef80f841390c6c035f1f1125c8bf2a,2026-09-07T18:03:25+00:00,2026-09-07T19:14:08.899348+00:00,963,cryptorichsignal_free00
1172384,28789,PRL LONG 0.1342 tp1 0.1370,f0fdb9a5de015b0a705fddfc9e48f0d0,2026-09-07T18:03:25+00:00,2026-09-07T19:14:08.845065+00:00,963,cryptorichsignal_free00
1172383,28785,"TREEUSDT - LONG ( Swing trade ) 📈

Entry : Market ...t : 

*0.048
0.05
0.055
0.06*

Stoploss at : 0.034",289a844729e92342c8b96b9b785f2967,2026-09-07T18:03:25+00:00,2026-09-07T19:14:08.802837+00:00,963,cryptorichsignal_free00
1172380,28787,"🔴 SHORT

#NEO/USDT

Entry zone : 2.271 - 2.205

Ta...060
1.994
1.927

Stop loss :2.35935

Leverage: 10x",3a11ca6196e27f682cbb4cf7633242f2,2026-09-07T18:03:25+00:00,2026-09-07T19:14:08.605949+00:00,963,cryptorichsignal_free00
1172379,28784,"🚩 SHORT #FLOCK/USDT

⚙️ 75X LEVERAGE

🛡 Entry: 0.0...: 0.06450
TP3: 0.06340

🛑 SL: 0.07200

🔥REACTIONS?",0d65be6ddd3d9f10bb4d6f0b5958487c,2026-09-07T18:03:25+00:00,2026-09-07T19:14:08.548663+00:00,963,cryptorichsignal_free00
1174684,28859,"💰#BR/ USDT👑

💎Setup Type: Strong LONG  🔖Opportunit...TP ➝ 0.32000

4️⃣TP ➝ 0.40000

🚫Stop Loss: 0.24000",5bc17d135f337e7c754b65d960a65b5c,2026-09-07T19:33:23+00:00,2026-09-07T20:44:38.485972+00:00,963,cryptorichsignal_free00
1184236,28975,"🔰 SAFE/USDT 🔰

🟢 LONG 20X

🔳 ENTRY :- 0.106

☑️ TARGET:- 0.110 - 0.116 - 0.124

🔴 STOP :- 0.096",26b1c1208824ef1c77aa3e8b71b15747,2026-09-08T07:20:03+00:00,2026-09-08T09:03:12.305588+00:00,963,cryptorichsignal_free00
1184235,28974,"⚡️$SAFE/USDT⚡️

LONG
Leverage: 20X

Entry: 0.106

Target:

1)0.110
2)0.116
3)0.124

Stoploss: 0.096",8dcd80e2c8f0245fd263bdcb4c075109,2026-09-08T07:20:03+00:00,2026-09-08T09:03:12.233715+00:00,963,cryptorichsignal_free00
1184234,28977,"🟢#FORM/USDT

📈Signal: long Leverage: Cross 20X

⚡️...even after TP1 is hit.

📣Trade Smart • Follow Risk",d7b52b8a29660bb62df2041d0a22d9e1,2026-09-08T07:20:03+00:00,2026-09-08T09:03:12.207592+00:00,963,cryptorichsignal_free00
1184232,28972,"🟢AERO/USDT 📈

📈 long Setup 

💰 Entry Zone: 0.6570–...et 1. 
✅ Move SL to breakeven after Target 1 hits.",05a574dcd9171505d273614e377144f8,2026-09-08T07:20:03+00:00,2026-09-08T09:03:12.200264+00:00,963,cryptorichsignal_free00
1184230,28973,"🐳 SENT/USDT #LONG🐳

✳️ ENTRY :- 0.0148 - 0.0141

💢...0.0178

⛔️ STOP-LOSS :- 0.0138

☝️ Margin Use 2–3%",f6e7d49f8a0d79459c0857358ecd69ee,2026-09-08T07:20:03+00:00,2026-09-08T09:03:12.159563+00:00,963,cryptorichsignal_free00
1184228,28968,"$BTC LONG🟢 (25x Lev)

Entry -  $78000

TP - 79000$- 80000$

SL: 77000$",497624811fbd48ff141e822113e07ab5,2026-09-08T07:20:03+00:00,2026-09-08T09:03:12.158999+00:00,963,cryptorichsignal_free00
1184229,28970,"📊#AERO/USDT–LONG–30x 🚀

📍 𝐄𝐧𝐭𝐫𝐲 𝐙𝐨𝐧𝐞:

➥ 0.668, 0....tal.

⚠️ Disclaimer:
Trade at your own risk. DYOR.",e80098dd808bcee1853060f7aee14fff,2026-09-08T07:20:03+00:00,2026-09-08T09:03:12.158206+00:00,963,cryptorichsignal_free00
1184226,28966,"💵 𝐒𝐈𝐆𝐍𝐀𝐋 𝐀𝐋𝐄𝐑𝐓 💵

#AERO/USDT (25xLONG)

✅ ENTRY:0....62

TARGETS:-0.6650/0.70/0.75

❌ STOP LOSS: 0.5550",2df0690ca6b2aeba2c6c2dd7961fa243,2026-09-08T07:20:03+00:00,2026-09-08T09:03:12.077145+00:00,963,cryptorichsignal_free00
1184224,28967,"$NEAR LONG🟢 (25x Lev)

Entry- 2.80$

Targets- 2.312$- 2.340$- 2.377$- 2.415$

Stop Loss- 2.225$",b0f431648a8a5204791a43cd3f8d14ce,2026-09-08T07:20:03+00:00,2026-09-08T09:03:12.032427+00:00,963,cryptorichsignal_free00
1184223,28971,"$BR/USDT #LONG📩

✅ENTRY :-0.2720/0.2630

Target 1:...𝐎𝐧𝐥𝐲 𝟏-𝟑% 𝐎𝐟 𝐎𝐮𝐫 𝐃𝐞𝐩𝐨𝐬𝐢𝐭 𝐅𝐨𝐫 𝐄𝐚𝐜𝐡 𝐓𝐫𝐚𝐝𝐞

React,??m",61c21d0ba1c5b95f92877673d16757b0,2026-09-08T07:20:03+00:00,2026-09-08T09:03:12.018771+00:00,963,cryptorichsignal_free00
1184222,28969,"🚀 $AERO/USDT PERP 🚀

🟢 LONG

💰 Entry : 0.665$ – 0.... 5X – 25X

⛔️ SL : 0.550$

📌 Use Only 2-5% Capital",fc2f041bba7f907f6f3cd6bda5ae7d9f,2026-09-08T07:20:03+00:00,2026-09-08T09:03:12.004073+00:00,963,cryptorichsignal_free00
1184227,28964,"🪙 Coin: #SOLV/USDT
🧭 Type: #LONG

📈 Entry Zone:
0.... within the zone and maintain strict risk control.",464790a0335146ef8ebd48f2e08d36a2,2026-09-08T07:20:02+00:00,2026-09-08T09:03:12.086098+00:00,963,cryptorichsignal_free00
1184225,28963,"⚡ #BICO/USDT

📤 Long 

💹 Buy: 0.02283 - 0.02240

🧿...7 - 0.02421

🧨 StopLoss: 0.02174 

🔘 Leverage: 20x",e90e6bd837a65feab517407a657bd42e,2026-09-08T07:20:02+00:00,2026-09-08T09:03:12.075964+00:00,963,cryptorichsignal_free00
1184221,28965,"🔴 SHORT

#TRX/USDT

Entry : 

1) 0.33751
2) 0.3476...31415

🛑 Stop : 0.35877

Leverage : 10x (isolated)",cd174719ba57071d8e604538e3407a93,2026-09-08T07:20:02+00:00,2026-09-08T09:03:11.997531+00:00,963,cryptorichsignal_free00
1184220,28961,"$WLD LONG NOW

ENTRY: 0.4980 - 0.4800

TP:- 0.52 - 0.55 - 0.59

SL:- 0.44",09787c6ef7df4ef7294249cd69bbab44,2026-09-08T07:20:02+00:00,2026-09-08T09:02:58.780775+00:00,963,cryptorichsignal_free00
1184219,28959,"#SOPH/USDT SHORT     

👉Leverage : Cross 10× To 30...0.00988
2)  0.00950
3)  0.00900

⭕Stoploss : 0.105",adfd991c38b34adad4c22a96c0aff27a,2026-09-08T07:20:02+00:00,2026-09-08T09:02:58.762421+00:00,963,cryptorichsignal_free00
1184201,28958,"📊 Let’s LONG #SOLV/USDT

💥 Leverage:  Cross 20×  -...1) 0.0047
2) 0.0049
3) 0.0053

🔖 Stop Loss: 0.0043",bccb3c0af4e22778a0ab21890357c044,2026-09-08T07:20:02+00:00,2026-09-08T09:02:58.539486+00:00,963,cryptorichsignal_free00
1184183,28957,"📊 Let’s LONG #SOL/USDT

💥 Leverage:  Cross 20×  - ...1) 104.55
2) 105.65
3) 106.82

🔖 Stop Loss: 101.30",b52f02097db21e5e8422f5115ddb8776,2026-09-08T07:20:02+00:00,2026-09-08T09:02:58.301998+00:00,963,cryptorichsignal_free00
1192300,29016,"🚨 #USELESS/USDT | SHORT

⚡Leverage: Cross 50x

🎯En... follow the signal and secure profits at targets.💎",ae9aeae95ce00f709405b5ea27b66eb1,2026-09-08T12:57:57+00:00,2026-09-08T13:37:45.499410+00:00,963,cryptorichsignal_free00
1192299,29032,"SOL/USDT My Long Trade Idea 💡

Leverage 100X

Entr....500

Stop Loss   102.300

Follow Money Management",638f8c9df4fbb77ae5cfea3453f3e4f9,2026-09-08T12:57:57+00:00,2026-09-08T13:37:45.476067+00:00,963,cryptorichsignal_free00
1192296,29027,"🟢#VVV/USDT

📈Signal: long Leverage: Cross 20X

⚡️E...even after TP1 is hit.

📣Trade Smart • Follow Risk",d755d163c291376c1251bfcc228ab4ae,2026-09-08T12:57:57+00:00,2026-09-08T13:37:45.421162+00:00,963,cryptorichsignal_free00
1192295,29013,"📊#VET/USDT — LONG

⚡️ Leverage : 20X – 35X

💹Entry...Entry After TP1

⚖️ Follow Proper Risk Management.",a06dd4fb911de4e272701259c6f646ab,2026-09-08T12:57:57+00:00,2026-09-08T13:37:45.404986+00:00,963,cryptorichsignal_free00
1192294,29022,"🚀 #OVER99WINS | TRADE SETUP 🚀

⭐ CROSS /USDT — LON...o

📌 Follow the setup and manage your risk wisely.",62b1a0aee3bebbb68de14a8be8fa7afd,2026-09-08T12:57:57+00:00,2026-09-08T13:37:45.384086+00:00,963,cryptorichsignal_free00
1192293,29029,"🚀 #BICOUSDT LONG SIGNAL 🚀
📍 Entry: 0.02475


🎯 Tak... your risk, and let's catch this move together! 🪙🔥",5742031480c613350992b54c39358763,2026-09-08T12:57:57+00:00,2026-09-08T13:37:45.382375+00:00,963,cryptorichsignal_free00
1192292,29017,"🌹 #XPL/USDT

🟢 LONG

✅ Entry: 0.09965- 0.09823

❌ ...l advice.
💰 Stay disciplined. Protect your capital",5c9c2b0fcbf9c732850b0033e786a345,2026-09-08T12:57:57+00:00,2026-09-08T13:37:45.363775+00:00,963,cryptorichsignal_free00
1192291,29028,BICO LONG 0.02475 tp1 0.02530,4378d9e942e2538b2cccb2bdc98e9f74,2026-09-08T12:57:57+00:00,2026-09-08T13:37:45.362161+00:00,963,cryptorichsignal_free00
1192290,29019,"Coin #USELESS/USDT

Position: LONG 

Leverage:  Cr...rgets: 🎯 0.2510, 0.2780, 0.3200

Stop Loss: 0.2150",fd905af4d55ab0480d3f740fdf20ed57,2026-09-08T12:57:57+00:00,2026-09-08T13:37:45.358397+00:00,963,cryptorichsignal_free00
1192288,29021,"🚩 SHORT #ACE/USDT

⚙️ 20X LEVERAGE

🛡 Entry: 0.169...2: 0.16000
TP3: 0.15000

🛑 SL: 0.2300

🔥REACTIONS?",f5294175fc872c9fbeeaba7021aefd57,2026-09-08T12:57:57+00:00,2026-09-08T13:37:45.345103+00:00,963,cryptorichsignal_free00
1192287,29030,"🚨 #USELESS/USDT | SHORT

⚡Leverage: Cross 50x

🎯En... follow the signal and secure profits at targets.💎",5f4e0ec37d0d23e910f3c8c815f010e7,2026-09-08T12:57:57+00:00,2026-09-08T13:37:45.344294+00:00,963,cryptorichsignal_free00
1192284,29020,"🟢 Long

#ZRX/USDT

Entry : 

1) 0.0992
2) 0.0962

...0.1059

🛑 Stop : 0.0929

Leverage : 10x (isolated)",70e5a0ed8f6f2904a9f8878e40b900f0,2026-09-08T12:57:57+00:00,2026-09-08T13:37:45.296326+00:00,963,cryptorichsignal_free00
1192270,29031,🟢SOL/USDT LONG NOW,7ff52273b6f78091a181577af78c35a9,2026-09-08T12:57:57+00:00,2026-09-08T13:37:45.170665+00:00,963,cryptorichsignal_free00
1192268,29014,"#XPL/USDT

LONG LONG LONG 

OPEN MARKET PRICE 

TP...50
TP 0.10650
TP 0.10800

SL 0.09510

Leverage 25X",08393aba3e8b1223fb6183d9425e222f,2026-09-08T12:57:57+00:00,2026-09-08T13:37:45.023942+00:00,963,cryptorichsignal_free00
1192266,29018,"🚩 SHORT #ON/USDT

⚙️ 50X LEVERAGE

🛡 Entry: 0.2064...TP2: 0.1960
TP3: 0.1860

🛑 SL: 0.2300

🔥REACTIONS?",11ac8a12c558a9d15fb3d909d7e26b44,2026-09-08T12:57:57+00:00,2026-09-08T13:37:44.797822+00:00,963,cryptorichsignal_free00
1192298,28989,"🟢#1000CAT/USDT

📈Signal: long Leverage: Cross 20X
...even after TP1 is hit.

📣Trade Smart • Follow Risk",a4e82516159c3d1598e0d9471f3ef8b5,2026-09-08T12:57:56+00:00,2026-09-08T13:37:45.429907+00:00,963,cryptorichsignal_free00
1192297,29004,IOSTUSDT LONG NOW,cd9fa5befd256cfca5a75831e938068b,2026-09-08T12:57:56+00:00,2026-09-08T13:37:45.424229+00:00,963,cryptorichsignal_free00
1192289,29011,"✨TAO/USDT

🎗 Trade Type = LONG 🟢

⭐️ Leverage :- 2...[ 258.14, 260.59, 263.33, 265.79, 269.19, 272.08 ]",72cbc34dd99a49d0b51ea5bfb5fce89f,2026-09-08T12:57:56+00:00,2026-09-08T13:37:45.348985+00:00,963,cryptorichsignal_free00
1192286,29010,"$ATOM

LONG | Entry: 1.654
TP1: 1.701
TP2: 1.762
TP3: 1.825
SL: 1.597",e933cb6bf2c9d47c0f595c34aed5d402,2026-09-08T12:57:56+00:00,2026-09-08T13:37:45.330574+00:00,963,cryptorichsignal_free00
1192285,29000,"💰#SOPH/ USDT👑

💎Setup Type: Strong LONG  🔖Opportun...➝ 0.011800

4️⃣TP ➝ 0.012900

🚫Stop Loss: 0.008500",66d16a8345045ba97f60ae80e2dd375a,2026-09-08T12:57:56+00:00,2026-09-08T13:37:45.323864+00:00,963,cryptorichsignal_free00
1192282,29008,"#SOPH USDT — BUY (LONG) 
🎉
🟢 Leverage: Cross  50x7...Risk Management:
Use only 2%– 3%of your portfolio.",63a082d32c183342c6d055fa8d874a02,2026-09-08T12:57:56+00:00,2026-09-08T13:37:45.275724+00:00,963,cryptorichsignal_free00
1192280,28998,"✅ Long

#BCH/USDT

Entry zone : 247.61 - 255.27

T...
279.39
287.01

Stop loss :237.4011

Leverage: 10x",80275fd6b56b43510abe23486cc62875,2026-09-08T12:57:56+00:00,2026-09-08T13:37:45.257148+00:00,963,cryptorichsignal_free00
1192278,28997,"🔰 PAIR: SOL/ USDT 💹

🟢Position: LONG🚀

☑️ Entry Zo...:
🥇 103.10
🥈 103.39
🥉 103.66

❌ Stop Loss: 🔴101.80",d60a4b7864d14c425ba3d0ed7bbc858b,2026-09-08T12:57:56+00:00,2026-09-08T13:37:45.249689+00:00,963,cryptorichsignal_free00
1192276,29012,"🔴 Short

Pair: #VET/USDT

📊 Entry Price: 

1) 0.00...) 0.007186

Stop Loss: 0.008207

Leverage: 10x-20x",01b0c40405f86ec6112fd3f949c8ead1,2026-09-08T12:57:56+00:00,2026-09-08T13:37:45.224103+00:00,963,cryptorichsignal_free00
1192275,29003,"🚀 #OVER99WINS | TRADE SETUP 🚀

⭐ SOPH /USDT — LONG...o

📌 Follow the setup and manage your risk wisely.",82f043a0c34bfff235aa19ecb8a72a2d,2026-09-08T12:57:56+00:00,2026-09-08T13:37:45.222883+00:00,963,cryptorichsignal_free00
1192271,29006,BTRUSDT LONG NOW,bb5b5b885c596b1d0121d18ff069f372,2026-09-08T12:57:56+00:00,2026-09-08T13:37:45.177996+00:00,963,cryptorichsignal_free00
1192269,29007,"⭐️$BTR/USDT  LONG

🛡Leverage : Cross 25x50

‼️Entr....04664

Use only 3% - 5% amount of your portfolio🛍",3bec9a87947613cd2ac2c282d63fa8ef,2026-09-08T12:57:56+00:00,2026-09-08T13:37:45.034852+00:00,963,cryptorichsignal_free00
1192265,29001,"BICO/USDT 

SHORT SHORT SHORT 

OPEN MARKET PRICE ...2500
TP 0.022300
TP 0.022100

SL 0.026400

LEV 15X",18bf302d3b035f9eb618055881ea091b,2026-09-08T12:57:56+00:00,2026-09-08T13:37:44.769052+00:00,963,cryptorichsignal_free00
1192264,29005,"⭐️$IOST/USDT  LONG

🛡Leverage : Cross 25x50

‼️Ent...008486

Use only 3% - 5% amount of your portfolio🛍",483c31e96d8aab0264adf8f189341fcc,2026-09-08T12:57:56+00:00,2026-09-08T13:37:44.758997+00:00,963,cryptorichsignal_free00
1192263,28990,"📊 Let’s LONG #SOPH /USDT

💥 Leverage:  Cross 20×  ... 0.0105
2) 0.0110
3) 0.0120

🔖 Stop Loss: 0.009380",a4c4481323d9402f509c83a4a8e5fe71,2026-09-08T12:57:56+00:00,2026-09-08T13:37:44.723327+00:00,963,cryptorichsignal_free00
1192262,29009,"📊 #ON/USDT

🟢 POSITION: LONG

💰 ENTRY RANGE
➤ 0.19...
➤ 0.170

━━━━━━━━━━━━━━━━━━

✅ Manage risk wisely",c9240ad7dd0e67b4f029cb793c881272,2026-09-08T12:57:56+00:00,2026-09-08T13:37:44.721295+00:00,963,cryptorichsignal_free00
1192281,28987,"🟢COIN: #SOPH /USDT (LONG)

📊 Leverage 25x to 50x

...ENT IS KEY
Use only 1–2% of your capital per trade",9f950d7dc90f80592a5a4685a8437c32,2026-09-08T12:57:55+00:00,2026-09-08T13:37:45.269465+00:00,963,cryptorichsignal_free00
1192274,28986,"🚨 #FLOCK/USDT | LONG

⚡Leverage: Cross 50x

🎯Entry... — follow the sign and secure profits at targets.💎",9dc2ca9320f782852732014ba38cbf8c,2026-09-08T12:57:55+00:00,2026-09-08T13:37:45.209733+00:00,963,cryptorichsignal_free00
1192273,28983,"🚀 LONG: $USELESS/USDT🚀
LEVERAGE: 20X-50X

🤍 ENTRY ...60- 0.2780
—————

❌ STOP LOSS: 0.2030❌


REACTIONS",154dd8ac7267710d6affc724f5b40118,2026-09-08T12:57:55+00:00,2026-09-08T13:37:45.204848+00:00,963,cryptorichsignal_free00
1192261,28984,"#USELESS/USDT LONG     

👉Leverage : Cross 10× To ...

1)  0.240
2)  0.256
3)  0.278

⭕Stoploss : 0.215",929bda7b6705e69f9d4f0ceeca4ca8c7,2026-09-08T12:57:55+00:00,2026-09-08T13:37:44.691072+00:00,963,cryptorichsignal_free00
1192258,28980,"🚨 #USELESS/USDT — LONG SETUP

📍 Entry Zone: 0.215 ...ou can afford to lose.

🔥 Trade Safe. Trade Smart.",562b75877780b1c80c254df1e134a8b5,2026-09-08T12:57:55+00:00,2026-09-08T13:37:44.654272+00:00,963,cryptorichsignal_free00
1192257,28982,"Coin #AKE/USDT

Position: LONG 

Leverage:  Cross ...rgets: 🎯 0.0188, 0.0194, 0.0203

Stop Loss: 0.0170",7ad761cdd69d1aefec43cb77fbb950fa,2026-09-08T12:57:55+00:00,2026-09-08T13:37:44.367815+00:00,963,cryptorichsignal_free00
1192256,28985,"🚨 #SOPH/USDT | LONG

⚡Leverage: Cross 50x

🎯Entry ... follow the signal and secure profits at targets.💎",f858ed14c5ae7858f4b973e14c154c15,2026-09-08T12:57:55+00:00,2026-09-08T13:37:44.353373+00:00,963,cryptorichsignal_free00
1192255,28981,"Coin #SOPH/USDT

Position: LONG 

Leverage:  Cross...rgets: 🎯 0.0108, 0.0114, 0.0122

Stop Loss: 0.0096",bdf5d696d8f9aabbeadbbd18a004581d,2026-09-08T12:57:55+00:00,2026-09-08T13:37:44.351835+00:00,963,cryptorichsignal_free00
1192253,28978,"🟢#SOPH/USDT

📈Signal: long Leverage: Cross 20X

⚡️...even after TP1 is hit.

📣Trade Smart • Follow Risk",af771b04c9351b9f49beb5f66ced1129,2026-09-08T12:57:55+00:00,2026-09-08T13:37:44.286099+00:00,963,cryptorichsignal_free00
1194793,29084,"#SHORT 🔴 🔤🔤🔤🔤🔤

#DOGE/USDT 

Margin Mode : Isolate...32

🟩 SL : 0.09206 - 100%

📊 LEV : 20X

🇯🇵 Premium",42ade274659390e05ee7944da36c9edd,2026-09-08T14:02:43+00:00,2026-09-08T15:06:11.402888+00:00,963,cryptorichsignal_free00
1194765,29082,"ETH/USD SELL 

Entry : $ 2456.53

Target1: $  2431
Target2: $  2392
Target3: $  2354


SL : $ 2494",b28d3f7e626e25f3b36adc528de1a78b,2026-09-08T14:02:43+00:00,2026-09-08T15:06:11.148246+00:00,963,cryptorichsignal_free00
1194763,29083,"✅ Long

Pair: #NEO/USDT

📊 Entry Price: 

1) 2.160....262
4) 2.307

Stop Loss: 2.023

Leverage: 10x-20x",0292e0c3540914601366ffe866ce8d6b,2026-09-08T14:02:43+00:00,2026-09-08T15:06:11.064505+00:00,963,cryptorichsignal_free00
1197742,29098,SOPHUSDT SHORT NOW,53ed0e1333eddd4968f5848cea7fc141,2026-09-08T15:28:00+00:00,2026-09-08T16:33:41.523159+00:00,963,cryptorichsignal_free00
1197734,29099,"⭐️$SOPH/USDT  SHORT

🛡Leverage : Cross 25x50

‼️En...009351

Use only 3% - 5% amount of your portfolio🛍",1cc2d02676261e1e75e6d144590fcac0,2026-09-08T15:28:00+00:00,2026-09-08T16:33:41.442805+00:00,963,cryptorichsignal_free00
1197744,29095,"#SCR/USDT BUY (LONG) 

⚡️Leverage : Cross 25x to 5...02330

⚠️Use only 3% - 5% amount of your portfolio",c420025546c6feb5c2df0d8d63b2d9bd,2026-09-08T15:27:59+00:00,2026-09-08T16:33:41.540834+00:00,963,cryptorichsignal_free00
1197741,29091,"🔴SHORT  #BTCUSDT

🔶 Entry : 78300 - 78400

➡️ Leve...ake Profit Targets :

👉 77300

🛑 Stop Loss : 79500",ea6f2ec4256ae0c6dfad5b1d7400de46,2026-09-08T15:27:59+00:00,2026-09-08T16:33:41.508495+00:00,963,cryptorichsignal_free00
1197740,29096,"#VET buy setup long 

Tp 0.0080$-0.0085$-0.01-0.012-0.016$ 

Stop lose 0.0072$ 

Use 5X",76b30c16b14ad2e4c0576a451ecf501d,2026-09-08T15:27:59+00:00,2026-09-08T16:33:41.502382+00:00,963,cryptorichsignal_free00
1197739,29093,"🟢#FLOCK/USDT

📈Signal: long Leverage: Cross 20X

⚡...even after TP1 is hit.

📣Trade Smart • Follow Risk",1fbba236c256dda308a9289583208a9c,2026-09-08T15:27:59+00:00,2026-09-08T16:33:41.485064+00:00,963,cryptorichsignal_free00
1197730,29090,"🚀 #AKEUSDT LONG SIGNAL 🚀
📍 Entry: 0.01975


🎯 Take... your risk, and let's catch this move together! 🪙🔥",812bbd2204d0d5e93628aa3d818d2689,2026-09-08T15:27:59+00:00,2026-09-08T16:33:41.424654+00:00,963,cryptorichsignal_free00
1197729,29087,"EXCHANGE/BYBIT/BITUNIX/OKX📌 


DAY TRADE 🏆

LONG/H...agement 🏆


Use only 5% of your 📈Available balance",5667c32ed326163e05727fb94bd0ef05,2026-09-08T15:27:59+00:00,2026-09-08T16:33:41.349080+00:00,963,cryptorichsignal_free00
1197728,29088,"#WLD $WLD LONG TRADE

ENTRY: 0.47

TARGET: 0.51

STOPLOSS: 0.4562",2f6f2c577ce4f26b9a441f54cc89f4f0,2026-09-08T15:27:59+00:00,2026-09-08T16:33:41.327959+00:00,963,cryptorichsignal_free00
1197727,29086,"🚀 #MEGAUSDT LONG SIGNAL 🚀
📍 Entry: 0.04210


🎯 Tak... your risk, and let's catch this move together! 🪙🔥",d66235661dbcf31b41bfa2ffa936c4fc,2026-09-08T15:27:59+00:00,2026-09-08T16:33:41.286905+00:00,963,cryptorichsignal_free00
1201526,29133,"🚨 #VVV/USDT | LONG

⚡Leverage: Cross 50x

🎯Entry T... follow the signal and secure profits at targets.💎",2cb9b3a7e7181016dd95ac0d9e278cfc,2026-09-08T17:04:09+00:00,2026-09-08T18:03:00.224152+00:00,963,cryptorichsignal_free00
1201525,29132,"💰#EPIC/ USDT👑

💎Setup Type: Strong LONG  🔖Opportun...

🥉TP ➝ 0.5000

4️⃣TP ➝ 0.7500

🚫Stop Loss: 0.2700",feac76989618d1a3284df6ad8c5fc40e,2026-09-08T17:04:09+00:00,2026-09-08T18:03:00.203239+00:00,963,cryptorichsignal_free00
1201524,29144,"🚨 #SOPH/USDT | SHORT

⚡Leverage: Cross 50x

🎯Entry... follow the signal and secure profits at targets.💎",e9d27d82d3661a9e920fc356245f0e6c,2026-09-08T17:04:09+00:00,2026-09-08T18:03:00.177908+00:00,963,cryptorichsignal_free00
1201519,29136,"#SOL

After the nearest high is broken, a shift in...gets: 104.57 / 105.88 / 110.21
📉 Stop Loss: 100.11",cd2f58f8b940813a180c2aa1c0f879c0,2026-09-08T17:04:09+00:00,2026-09-08T18:03:00.064052+00:00,963,cryptorichsignal_free00
1201514,29139,"ADA/USD SELL 

Entry : $ 0.22657

Target1: $  0.22...2: $  0.21596
Target3: $  0.20810


SL : $ 0.23467",0db37ffc9d542660f4ca178643eaeb99,2026-09-08T17:04:09+00:00,2026-09-08T18:03:00.023921+00:00,963,cryptorichsignal_free00
1201511,29142,"🟢COIN: #USELESS  /USDT (LONG)

📊 Leverage 25x to 5...ENT IS KEY
Use only 1–2% of your capital per trade",e01db7d0f839292228d2c523f619fac0,2026-09-08T17:04:09+00:00,2026-09-08T18:02:59.994929+00:00,963,cryptorichsignal_free00
1201509,29137,"💰#SOPH/ USDT👑

💎Setup Type: Strong SHORT  🔖Opportu...➝ 0.005300

4️⃣TP ➝ 0.004000

🚫Stop Loss: 0.007500",5083a42f0448d225c61ab08b0c02f2d7,2026-09-08T17:04:09+00:00,2026-09-08T18:02:59.991343+00:00,963,cryptorichsignal_free00
1201510,29138,"ETH/USD SELL 

Entry : $ 2491.36

Target1: $  2469
Target2: $  2442
Target3: $  2414


SL : $ 2520",1b481bf37c2bdd04a572129a1fc9d3d6,2026-09-08T17:04:09+00:00,2026-09-08T18:02:59.978715+00:00,963,cryptorichsignal_free00
1201508,29143,"📊 Let’s LONG #USELESS/USDT

💥 Leverage:  Cross 20×...s: 

1) 0.302
2) 0.313
3) 0.330

🔖 Stop Loss: 0.27",1941e0c8f37976d3b9f36150d8a8a90f,2026-09-08T17:04:09+00:00,2026-09-08T18:02:59.955903+00:00,963,cryptorichsignal_free00
1201507,29135,"🔴 Short

Pair: #ATOM/USDT

📊 Entry Price: 

1) 1.7....702
4) 1.664

Stop Loss: 1.900

Leverage: 10x-20x",f6e6cb0cbd004f5b1cb89b18d1843899,2026-09-08T17:04:09+00:00,2026-09-08T18:02:59.940944+00:00,963,cryptorichsignal_free00
1201503,29140,"📊 Let’s SHORT #SOPH /USDT

💥 Leverage:  Cross 20× ....00630
2) 0.00600
3) 0.00530

🔖 Stop Loss: 0.00700",9c2a2fea5fe184b88c6aa68131697710,2026-09-08T17:04:09+00:00,2026-09-08T18:02:59.886095+00:00,963,cryptorichsignal_free00
1201501,29131,"#USELESS /USDT BUY (LONG) 

⚡️Leverage : Cross 25x....2800

⚠️Use only 3% - 5% amount of your portfolio",630f4cdb7b90f547e8fd50a772ac8550,2026-09-08T17:04:09+00:00,2026-09-08T18:02:59.791427+00:00,963,cryptorichsignal_free00
1201500,29134,"$INJ LONG🟢 (25x Lev)

Entry- 6.40$

Targets- 6.493$- 6.567$- 6.672$- 

Stop Loss- 6.175$",1e7bed57d5def32f86be56877a546a0c,2026-09-08T17:04:09+00:00,2026-09-08T18:02:59.771422+00:00,963,cryptorichsignal_free00
1201520,29125,"📊 Let’s LONG #USELESS /USDT

💥 Leverage:  Cross 20...1) 0.3070
2) 0.3180
3) 0.3400

🔖 Stop Loss: 0.2800",9bbbe4afae3c4780070a1de8d8074d3e,2026-09-08T17:04:08+00:00,2026-09-08T18:03:00.096219+00:00,963,cryptorichsignal_free00
1201512,29127,"💰#KAITO/ USDT👑

💎Setup Type: Strong LONG  🔖Opportu...

🥉TP ➝ 0.4000

4️⃣TP ➝ 0.5000

🚫Stop Loss: 0.2900",243684d7c15f8f20c16ef455c820063a,2026-09-08T17:04:08+00:00,2026-09-08T18:03:00.005224+00:00,963,cryptorichsignal_free00
1201506,29114,"📈 LONG #FORM/USDT

🚀 LEVERAGE : 50x

📊 ENTRY PRICE...

TP🟢0.330

TP🟢0.350

STOPLOSS 🔴0.290


REACTIONS?",7209223dce21df370272d47901a82a61,2026-09-08T17:04:08+00:00,2026-09-08T18:02:59.939644+00:00,963,cryptorichsignal_free00
1201504,29120,"✅Entry 0.6417 -0.6320

(🆘LONG AEROUSDT 5-20x🆘)

🏹 ... 5  $0.6803
🏹Target 6  $0.6900

🚫Stop loss -0.6058",fd9b94cf96ff53ae8188432612acf6e3,2026-09-08T17:04:08+00:00,2026-09-08T18:02:59.893598+00:00,963,cryptorichsignal_free00
1201498,29129,"🟢COIN: #USELESS  /USDT (LONG)

📊 Leverage 25x to 5...ENT IS KEY
Use only 1–2% of your capital per trade",84664e01b4fc499de60dffe4ce6a9597,2026-09-08T17:04:08+00:00,2026-09-08T18:02:59.677681+00:00,963,cryptorichsignal_free00
1201490,29123,"🔴 SHORT

#ETC/USDT

Entry : 

1) 8.739
2) 9.001

T...) 8.134

🛑 Stop : 9.289

Leverage : 10x (isolated)",35c1df28b1aac9da882b547546e6f518,2026-09-08T17:04:08+00:00,2026-09-08T18:02:59.385401+00:00,963,cryptorichsignal_free00
1201489,29121,AKE LONG 0.01972 TP1 0.02013,cda2872bd1b47fd7f2588d66b58ba2ac,2026-09-08T17:04:08+00:00,2026-09-08T18:02:59.377038+00:00,963,cryptorichsignal_free00
1201488,29122,"🚀 #AKEUSDT LONG SIGNAL 🚀
📍 Entry: 0.01972


🎯 Take... your risk, and let's catch this move together! 🪙🔥",a62eaf78ee06fcb00aeed526d7c17a2b,2026-09-08T17:04:08+00:00,2026-09-08T18:02:59.375044+00:00,963,cryptorichsignal_free00
1201499,29112,"#SOPH USDT — SELL (SHORT) 
🎉
🟢 Leverage: Cross  50...Risk Management:
Use only 2%– 3%of your portfolio.",28cccd5326a409bae402cf01ff453cb7,2026-09-08T17:04:07+00:00,2026-09-08T18:02:59.762262+00:00,963,cryptorichsignal_free00
1201493,29113,"🚀 LONG: $FORM/USDT
LEVERAGE: 50x

✔️ENTRY PRICE: 0...3180-0.3310-0.3600

STOP LOSS:  0.2925

REACTIONS?",9bc702500e655ece5fa977f5e88b02eb,2026-09-08T17:04:07+00:00,2026-09-08T18:02:59.499315+00:00,963,cryptorichsignal_free00
1201487,29111,"🔴 SHORT

#ADA/USDT

Entry zone : 0.23545 - 0.22860....20676
0.19987

Stop loss :0.244602

Leverage: 10x",69cba36ed5bea87e83911f509b93a798,2026-09-08T17:04:07+00:00,2026-09-08T18:02:59.054168+00:00,963,cryptorichsignal_free00
1204693,29154,"Pair: #BNB/USDT

Long • (10X-50X)

Entry
753.00

T...t your own risk. Always use proper risk management",c3f425b09496e47a8131878e80fbc91d,2026-09-08T19:32:05+00:00,2026-09-08T20:37:53.918925+00:00,963,cryptorichsignal_free00
1204692,29156,"$ETCUSDT

LONG

RR : 2

LEVERAGE : 25x

ENTRY : 8.750

TAKE PROFITS 👇

1️⃣ 9.136

STOPLOSS : 8.561",2896f23036f09b3d12b0e8e67f27bca2,2026-09-08T19:32:05+00:00,2026-09-08T20:37:53.907143+00:00,963,cryptorichsignal_free00
1204691,29155,"🔰 PAIR: XRP/ USDT 💹

🟢Position: LONG🚀

☑️ Entry Zo...:
🥇 1.4351
🥈 1.4472
🥉 1.4727

❌ Stop Loss: 🔴1.4007",bdf981fbd2fec28f5c734b78aae76864,2026-09-08T19:32:05+00:00,2026-09-08T20:37:53.906070+00:00,963,cryptorichsignal_free00
1204690,29157,"💫 Pair: ZEC/USDT  💫

🔼 Direction: Long 🔼

✅ Levera...ke Profit: 1250.00 📈

⚠️ Stop Loss: 1145.00 ⚠️

📈📈",fd2ec6eab605580fc0923f6be72b4256,2026-09-08T19:32:05+00:00,2026-09-08T20:37:53.890028+00:00,963,cryptorichsignal_free00
1204689,29158,"⚡️⚡️#EPIC/USDT⚡️⚡️

Signal Type : Long
Leverage : ...
1) 0.3913
2) 0.4063
3) 0.4211

Stop Loss : 0.3701",203cb4bac81f2f239cdbe26d4aeaa1fb,2026-09-08T19:32:05+00:00,2026-09-08T20:37:53.875717+00:00,963,cryptorichsignal_free00
1213127,29307,"📊 Let’s LONG #LIT/USDT

💥 Leverage:  Cross 20×  - ...1) 5.3785
2) 5.5650
3) 5.7520

🔖 Stop Loss: 4.9045",34061fdd1ee8995b05c7b17fec7c22f7,2026-09-09T06:03:14+00:00,2026-09-09T07:04:27.761800+00:00,963,cryptorichsignal_free00
1213128,29304,"🪙 Coin: #FF/USDT
🧭 Type: #LONG

📈 Entry Zone:
0.15... within the zone and maintain strict risk control.",a70f433ee612e963f79b78338c2f2b9d,2026-09-09T06:02:23+00:00,2026-09-09T07:04:27.771145+00:00,963,cryptorichsignal_free00
1213122,29305,"🟢CATI/USDT 📈

📈 long Setup 

💰 Entry Zone: 0.0634–...et 1. 
✅ Move SL to breakeven after Target 1 hits.",1a7b08794f0da467a5add8eb42f6f449,2026-09-09T06:02:23+00:00,2026-09-09T07:04:27.694682+00:00,963,cryptorichsignal_free00
1213095,29301,"🔰 VVV/USDT 🔰

🟢 LONG 20X

🔳 ENTRY :- 26.80

☑️ TARGET:- 27.50 - 28.70- 31.00

🔴 STOP :- 23.70",3974e3bf3f56c5e7e0bf7e66da08d95f,2026-09-09T06:01:57+00:00,2026-09-09T07:04:27.504633+00:00,963,cryptorichsignal_free00
1213076,29303,"$KAT/USDT now at current market price (Spot + Futu...$0.0062
2. $0.0065
3. $0.0067

Stop loss : $0.0054",f1f29d80264ecb8fde309af2b8b00070,2026-09-09T06:01:57+00:00,2026-09-09T07:04:27.282116+00:00,963,cryptorichsignal_free00
1213092,29299,"$KAT/USDT #LONG📩

✅ENTRY :-0.0060/0.005750

Target...𝐎𝐧𝐥𝐲 𝟏-𝟑% 𝐎𝐟 𝐎𝐮𝐫 𝐃𝐞𝐩𝐨𝐬𝐢𝐭 𝐅𝐨𝐫 𝐄𝐚𝐜𝐡 𝐓𝐫𝐚𝐝𝐞

React,??m",4aa3fe41d1eb57e773bf99b2ecae8d34,2026-09-09T06:01:06+00:00,2026-09-09T07:04:27.404695+00:00,963,cryptorichsignal_free00
1213082,29300,"#Free

#Futures_signal

🟢 Long

#THETA/USDT

Entry...: 0.1661

Leverage : 10x (isolated)

@crypto_musk1",db2220be9250fb274eefacdb4b8ccaeb,2026-09-09T06:01:06+00:00,2026-09-09T07:04:27.365187+00:00,963,cryptorichsignal_free00
1213105,29295,"✅ Long

Pair: #ZIL/USDT

📊 Entry Price: 

1) 0.002...0.0030599

Stop Loss: 0.0026835

Leverage: 10x-20x",babec39b2ae80cc19f47d31fbaed4706,2026-09-09T06:01:05+00:00,2026-09-09T07:04:27.607001+00:00,963,cryptorichsignal_free00
1213081,29296,"🚀 $LIT/USDT PERP 🚀

🟢 LONG

💰 Entry : 5.03$ – 4.80...: 5X – 25X

⛔️ SL : 4.35$

📌 Use Only 2-5% Capital",b805282f609bbde6a63b79aff9a22479,2026-09-09T06:01:05+00:00,2026-09-09T07:04:27.361382+00:00,963,cryptorichsignal_free00
1213071,29297,"Coin #SKR/USDT

Position: LONG 

Leverage:  Cross ...rgets: 🎯 0.0251, 0.0286, 0.0319

Stop Loss: 0.0202",3f964ee6c0050eb4112449bc0bd5948f,2026-09-09T06:01:05+00:00,2026-09-09T07:04:27.189048+00:00,963,cryptorichsignal_free00
1213079,29294,"⚡️$VVV/USDT⚡️

LONG
Leverage: 20X

Entry: 26.80

Target:

1)27.50
2)28.70
3)31.00

Stoploss: 23.70",039358edd671a7812132a8385a42b639,2026-09-09T05:59:14+00:00,2026-09-09T07:04:27.350068+00:00,963,cryptorichsignal_free00
1213109,29293,"🐳 BTR/USDT #LONG🐳

✳️ ENTRY :- 0.05170 - 0.05000

...: 0.060

⛔️ STOP-LOSS :- 0.047

☝️ Margin Use 2–3%",571727bfc82d18a1b2156be39df58c6f,2026-09-09T05:59:07+00:00,2026-09-09T07:04:27.609045+00:00,963,cryptorichsignal_free00
1213126,29291,"#MARSCOIN/USDT LONG     

👉Leverage : Cross 10× To...

1)  0.135
2)  0.139
3)  0.145

⭕Stoploss : 0.126",6d0f1b1457dd95d233405b6234a2c734,2026-09-09T05:59:06+00:00,2026-09-09T07:04:27.720444+00:00,963,cryptorichsignal_free00
1213124,29284,"#GPSUSDT — BUY (LONG) 
🎉
🟢 Leverage: Cross  20x50
...Risk Management:
Use only 2%– 3%of your portfolio.",3ae70757d0c416bd80c692c737e9936e,2026-09-09T05:59:06+00:00,2026-09-09T07:04:27.713179+00:00,963,cryptorichsignal_free00
1213123,29278,"📊 Let’s SHORT #BEAT/USDT

💥 Leverage:  Cross 20×  ...1) 0.1230
2) 0.1190
3) 0.1135

🔖 Stop Loss: 0.1310",af1ac6ea4baa1d02c39ce5693594572e,2026-09-09T05:59:06+00:00,2026-09-09T07:04:27.697720+00:00,963,cryptorichsignal_free00
1213119,29288,"✅ Long

#IOST/USDT

Entry zone : 0.00080694 - 0.00...
0.00093534

Stop loss :0.000773667

Leverage: 10x",551734e3dee410edcc40dd6b286039c0,2026-09-09T05:59:06+00:00,2026-09-09T07:04:27.677836+00:00,963,cryptorichsignal_free00
1213114,29289,"🔴 SHORT

#ZRX/USDT

Entry zone : 0.1084 - 0.1053

...
0.0952
0.0920

Stop loss :0.112671

Leverage: 10x",8f846f042f1d77e76cfab4d2ba99439c,2026-09-09T05:59:06+00:00,2026-09-09T07:04:27.643724+00:00,963,cryptorichsignal_free00
1213112,29279,"📊 Let’s LONG #HYPE/USDT

💥 Leverage:  Cross 20×  -...: 

1) 86.80
2) 87.66
3) 88.70

🔖 Stop Loss: 83.70",b2b015bce27228413aa1d4887b5a85f6,2026-09-09T05:59:06+00:00,2026-09-09T07:04:27.638724+00:00,963,cryptorichsignal_free00
1213111,29285,"#MAGMAUSDT — BUY (LONG) 
🎉
🟢 Leverage: Cross  25x7...Risk Management:
Use only 2%– 3%of your portfolio.",07471ae1821452304aecdfa676f3be7d,2026-09-09T05:59:06+00:00,2026-09-09T07:04:27.637056+00:00,963,cryptorichsignal_free00
1213099,29283,"🟢#IOST/USDT

📈Signal: long Leverage: Cross 20X

⚡️...even after TP1 is hit.

📣Trade Smart • Follow Risk",610eddc347ff650ace42276185e0965c,2026-09-09T05:59:06+00:00,2026-09-09T07:04:27.574335+00:00,963,cryptorichsignal_free00
1213090,29280,"📊 Let’s SHORT #FF/USDT

💥 Leverage:  Cross 20×  - ...: 

1) 0.140
2) 0.132
3) 0.125

🔖 Stop Loss: 0.155",8ea8a208a9720f01e6893eeff8f143ee,2026-09-09T05:59:06+00:00,2026-09-09T07:04:27.399774+00:00,963,cryptorichsignal_free00
1217563,29315,"📍Coin : #DOT/USDT

🔴 SHORT 

👉 Entry: 1.1820 - 1.2...t 5: 1.1250
🎯 Target 6: 1.1105

❌ StopLoss: 1.2490",68ea2c8db9456b6b5029730f6507c475,2026-09-09T07:42:16+00:00,2026-09-09T08:38:28.112460+00:00,963,cryptorichsignal_free00
1217562,29314,"🚀 #LITUSDT LONG SIGNAL 🚀

📌 ENTRY ➜ 5.2100

🎯 TAKE...ch this move together!

💱 Trade Smart • Trade Safe",e8fadb0042b3fadbd1862b4755eb319d,2026-09-09T07:41:19+00:00,2026-09-09T08:38:28.099998+00:00,963,cryptorichsignal_free00
1217561,29313,LIT LONG 5.2155 TP1 5.3245,f39dc0bbdb647c929b242c968a468493,2026-09-09T07:41:19+00:00,2026-09-09T08:38:28.098301+00:00,963,cryptorichsignal_free00
1217558,29312,"📊 #USELESS/USDT

🟢 POSITION: LONG

💰 ENTRY RANGE
➤...
➤ 0.240

━━━━━━━━━━━━━━━━━━

✅ Manage risk wisely",b09f51c77e9d1a802edbc160058961d5,2026-09-09T07:41:19+00:00,2026-09-09T08:38:28.074751+00:00,963,cryptorichsignal_free00
1217556,29308,"🚀 #OVER99WINS | TRADE SETUP 🚀

⭐ LIT /USDT — LONG
...o

📌 Follow the setup and manage your risk wisely.",366c4026d43441f6a6130c8a6f634d86,2026-09-09T07:41:19+00:00,2026-09-09T08:38:27.991110+00:00,963,cryptorichsignal_free00
1237525,29445,"EXCHANGE/BYBIT/BITUNIX/OKX📌 


DAY TRADE 🏆

LONG/L...agement 🏆


Use only 5% of your 📈Available balance",5385c0da3b23d8c2abc9fde4a0119df1,2026-09-10T04:59:09+00:00,2026-09-13T19:31:11.237738+00:00,963,cryptorichsignal_free00
1237503,29446,"⚡️ HEI/USDT SHORT

➡️ Entry Targets :

1. 0.1353
2...1217 💵
4. 0.1116 💵
5. 0.0850💵

🛑 Stoploss : 0.1488",74486b86bd7872de6f1f6bd137afbf15,2026-09-10T04:59:09+00:00,2026-09-13T19:31:10.992447+00:00,963,cryptorichsignal_free00
1237490,29447,"🔴 Short

Pair: #IOST/USDT

📊 Entry Price: 

1) 0.0...00182207

Stop Loss: 0.00208082

Leverage: 10x-20x",ead13f98cde30bba801469f6bae28e9d,2026-09-10T04:59:09+00:00,2026-09-13T19:31:10.463019+00:00,963,cryptorichsignal_free00
1237507,29444,"LONG —ORCA

Entry: 1.481

Targets: 1.495 / 1.521 /... / 1.636

Stop: 1.407

Move SL to entry after TP1.",ec0db5bcea47c4708887d3a354cba640,2026-09-09T18:31:07+00:00,2026-09-13T19:31:11.022150+00:00,963,cryptorichsignal_free00
1237387,29409,"💰#IOST/ USDT👑

💎Setup Type: Strong LONG  🔖Opportun....0018000

4️⃣TP ➝ 0.0025000

🚫Stop Loss: 0.0012800",c86f3f4ce739ef10b4e302f031f5880a,2026-09-09T18:30:41+00:00,2026-09-13T19:30:55.480941+00:00,963,cryptorichsignal_free00
1237372,29406,"USELESS/USDT

SHORT SHORT SHORT 

OPEN MARKET PRIC....29600
TP 0.29200
TP 0.29050

SL  0.33900

LEV 10X",1755d428017a9660e0b4b8e20a7c1677,2026-09-09T18:30:41+00:00,2026-09-13T19:30:55.424522+00:00,963,cryptorichsignal_free00
1237367,29407,"🚨 #USELESS/USDT | SHORT

⚡Leverage: Cross 50x

🎯En... follow the signal and secure profits at targets.💎",3493af7c0111e7ea94cb8e9e6a28f39b,2026-09-09T18:30:41+00:00,2026-09-13T19:30:55.405181+00:00,963,cryptorichsignal_free00
1237364,29410,"➡️ #IOST     /USDT (SHORT) 🔽🔽

⌛LEVERAGE : 20X TO ...8


💥Use only 1%margin of your total portfolio❤️😘😇",738c3e7181515ff972b5128ef30dbd05,2026-09-09T18:30:41+00:00,2026-09-13T19:30:55.399602+00:00,963,cryptorichsignal_free00
1237356,29411,"🔴 SHORT

#IOST/USDT

Entry zone : 0.00167879 - 0.0...
0.00142510

Stop loss :0.001743993

Leverage: 10x",b7029e5f427d893bd27974a3b0b01b75,2026-09-09T18:30:41+00:00,2026-09-13T19:30:55.382601+00:00,963,cryptorichsignal_free00
1237345,29397,"🔰 PAIR: OP/ USDT 💹

🔴Position: SHORT🚀

☑️ Entry Zo...:
🥇 0.1034
🥈 0.1025
🥉 0.1015

❌ Stop Loss: 🔴0.1058",be321197a9d6e927b86244707251071a,2026-09-09T18:30:14+00:00,2026-09-13T19:30:55.318531+00:00,963,cryptorichsignal_free00
1237341,29396,"#BTC - LONG 100X

Entry  78991

Targets 100% -200%-300% +++

SL= Will Update

Using 1% wallet",00db68dc347ea1d07c00f09346c40956,2026-09-09T18:30:14+00:00,2026-09-13T19:30:55.302302+00:00,963,cryptorichsignal_free00
1237385,29386,"ETH/ USDT/ SHORT
Entry at market price 

Cross || ...only 1% of your wallet. 
Manage your risk properly",325d4fca2572b55e4ab1aeb1fd862c65,2026-09-09T18:30:13+00:00,2026-09-13T19:30:55.477974+00:00,963,cryptorichsignal_free00
1237377,29382,"BTC/USDT Short  | 

Entry  :  79210 

TP   :  78800 / 78500 / 78000

SL  :  79600 | Risk 3% to 5%",ae4396ca2c6dd5a45a50588e1fec8ba6,2026-09-09T18:30:13+00:00,2026-09-13T19:30:55.450217+00:00,963,cryptorichsignal_free00
1237376,29377,"🔘 Coin : #MAGMA/USDT 🔘

🟢 LONG

🔺Entry🔻: 0.26974

... - 0.29141

♦️ StopLoss : 0.25961

🔱 Leverage: 25x",1488460f0e05c51a492f680600c19b81,2026-09-09T18:30:13+00:00,2026-09-13T19:30:55.447112+00:00,963,cryptorichsignal_free00
1237369,29394,COTI LONG 0.01942 TP1 0.01982,a08dc054d64a629c31f3729c60c9470e,2026-09-09T18:30:13+00:00,2026-09-13T19:30:55.417052+00:00,963,cryptorichsignal_free00
1237368,29389,"🚀 #OVER99WINS | TRADE SETUP 🚀

⭐ CROSS /USDT — LON...o

📌 Follow the setup and manage your risk wisely.",d683f9906f86ccd50ec7239dc11d7cc9,2026-09-09T18:30:13+00:00,2026-09-13T19:30:55.413616+00:00,963,cryptorichsignal_free00
1237362,29391,"🚨 #CROSS/USDT — POWER LONG 

🎩 ENTRY ZONE: 0.1230
...re profits step by step
🗡 NO FEAR — JUST PROFITS 🪙",b6d17240e6a5f73aadd563932ead9128,2026-09-09T18:30:13+00:00,2026-09-13T19:30:55.394035+00:00,963,cryptorichsignal_free00
1237359,29395,"🚀 #COTIUSDT LONG SIGNAL 🚀

📌 ENTRY ➜ 0.01942

🎯 TA...ch this move together!

🪙 Trade Smart • Trade Safe",bdba71f72557d5e735767260455cef24,2026-09-09T18:30:13+00:00,2026-09-13T19:30:55.389796+00:00,963,cryptorichsignal_free00
1237353,29379,"BTC/USD SELL 

Entry : $ 79494

Target1: $  79129
Target2: $ 78365
Target3: $ 77684

SL : $ 80148",2b8480b529d118db18c82e22abb5cb2e,2026-09-09T18:30:13+00:00,2026-09-13T19:30:55.380168+00:00,963,cryptorichsignal_free00
1237354,29381,"🟢 Long

#BNB/USDT

Entry : 

1) 747.740
2) 725.307...8.896

🛑 Stop : 700.632

Leverage : 10x (isolated)",8f4f60557234aa134096c3924ef9d9fc,2026-09-09T18:30:13+00:00,2026-09-13T19:30:55.378793+00:00,963,cryptorichsignal_free00
1237350,29384,"✅ Long

Pair: #ZIL/USDT

📊 Entry Price: 

1) 0.002...0.0030567

Stop Loss: 0.0026807

Leverage: 10x-20x",b9dd0b6012ffeb51b14967c1abf36c1b,2026-09-09T18:30:13+00:00,2026-09-13T19:30:55.369116+00:00,963,cryptorichsignal_free00
1237346,29383,"#WLD $WLD LONG TRADE

ENTRY: 0.4495

TARGET: 0.491

STOPLOSS: 0.4345",b7922643a647b7741b4dd777df046972,2026-09-09T18:30:13+00:00,2026-09-13T19:30:55.350166+00:00,963,cryptorichsignal_free00
1237335,29393,"🚀 #USELESSUSDT SHORT SIGNAL 🚀

📌 ENTRY ➜ 0.3072

🎯...ch this move together!

🪙 Trade Smart • Trade Safe",a0e4953da606c9843ac9a81316cbe5b3,2026-09-09T18:30:13+00:00,2026-09-13T19:30:55.275154+00:00,963,cryptorichsignal_free00
1237332,29378,"#SHORT 🔴 🔤🔤🔤🔤🔤

#HYPE/USDT 

Margin Mode : Isolate...8.61

🟩 SL : 89.70 - 100%

📊 LEV : 30X

🇯🇵 Premium",4be795ddfd5e517fa0a0d9fccc2ca190,2026-09-09T18:30:13+00:00,2026-09-13T19:30:55.267439+00:00,963,cryptorichsignal_free00
1237388,29360,"✨ATOM/USDT

🎗 Trade Type = SHORT 🔴

⭐️ Leverage :-...fit = [ 1.918, 1.896, 1.876, 1.855, 1.836, 1.813 ]",2cc626ded2107daa367cf41923260742,2026-09-09T18:30:12+00:00,2026-09-13T19:30:55.486476+00:00,963,cryptorichsignal_free00
1237381,29365,"Pair: #ATOM/USDT

Short • (25X)

Entry
1.935

Targ...t your own risk. Always use proper risk management",74479c5cfca9b6a4782bb33618913a21,2026-09-09T18:30:12+00:00,2026-09-13T19:30:55.464572+00:00,963,cryptorichsignal_free00
1237374,29361,"Use only 2% Funds

#XRP/USDT (SHORT)

Entry 1 = 1....Profit
T.P 3 = 1000% Profit 

🔴Stop loss at 1.4950",72d3b530691c46dedf8bef3cf6d4dcae,2026-09-09T18:30:12+00:00,2026-09-13T19:30:55.438835+00:00,963,cryptorichsignal_free00
1237373,29366,"IOST/ USDT/ SHORT
Entry at market price 

Cross ||...only 1% of your wallet. 
Manage your risk properly",2950d4c8e76e9017483a46a7536db003,2026-09-09T18:30:12+00:00,2026-09-13T19:30:55.437386+00:00,963,cryptorichsignal_free00
1237352,29359,"📈 LONG #KAT/USDT

🚀 LEVERAGE : 50x

📊 ENTRY PRICE ...P🟢0.0059

TP🟢0.0062

STOPLOSS 🔴0.0053


REACTIONS?",a930e04ab0e969acd3a8be7b4d496979,2026-09-09T18:30:12+00:00,2026-09-13T19:30:55.376418+00:00,963,cryptorichsignal_free00
1237351,29356,"⭐️$ATOM/USDT  SHORT

🛡Leverage : Cross 25x50

‼️En... 2.218

Use only 3% - 5% amount of your portfolio🛍",bfcf8bc753be1c8206103240bedfbde3,2026-09-09T18:30:12+00:00,2026-09-13T19:30:55.372051+00:00,963,cryptorichsignal_free00
1237348,29362,"⭐️$RAY/USDT  LONG

🛡Leverage : Cross 50x75

‼️Entr...1.1386

Use only 3% - 5% amount of your portfolio🛍",9d65fc079f486c3f97a29b91070a6865,2026-09-09T18:30:12+00:00,2026-09-13T19:30:55.362002+00:00,963,cryptorichsignal_free00
1237340,29369,"🟢#MARSCOIN/USDT

📈Signal: long Leverage: Cross 20X...even after TP1 is hit.

📣Trade Smart • Follow Risk",f91045a58a0c3e7e598f7a03bdb83b29,2026-09-09T18:30:12+00:00,2026-09-13T19:30:55.296067+00:00,963,cryptorichsignal_free00
1237333,29370,"💫 Pair: CASHCAT/USDT  💫

🔼 Direction: Long 🔼

✅ Le...Take Profit: 0.2130 📈

⚠️ Stop Loss: 0.1770 ⚠️

📈📈",f9b7055574929d6836c29c4e9593b54a,2026-09-09T18:30:12+00:00,2026-09-13T19:30:55.269165+00:00,963,cryptorichsignal_free00
1237319,29355,"🚀 #OVER99WINS | TRADE SETUP 🚀

⭐ BR /USDT — LONG

...o

📌 Follow the setup and manage your risk wisely.",97125e85c8218a01e7b493857889b8fc,2026-09-09T18:30:12+00:00,2026-09-13T19:30:55.171036+00:00,963,cryptorichsignal_free00
1237317,29358,"🔘 Coin : #PUMP/USDT 🔘

🔴 SHORT

🔺Entry🔻: 0.004396
... 0.004131

♦️ StopLoss : 0.004551

🔱 Leverage: 25x",a7e9a214efb58c9d4236f6da8546a348,2026-09-09T18:30:12+00:00,2026-09-13T19:30:55.128337+00:00,963,cryptorichsignal_free00
1237312,29357,"🚨 $VVV/USDT | LONG

⚡Leverage: Cross 25x

🎯Entry T... follow the signal and secure profits at targets.💎",c0a8a6e643d79e11b42aeb8bd5536b88,2026-09-09T18:30:12+00:00,2026-09-13T19:30:54.977831+00:00,963,cryptorichsignal_free00
1237366,29341,"🛎️ Trade: #MARSCOIN/USDT

Direction: 📈 LONG 

🟢 En...18
• Target 6: 0.1432

💠 Leverage : 5x - 10x - 20x",052c46b212f1fc577423734957698a14,2026-09-09T18:30:11+00:00,2026-09-13T19:30:55.402894+00:00,963,cryptorichsignal_free00
1237355,29345,"#BR USDT — BUY (LONG) 
🎉
🟢 Leverage: Cross  25x75
...Risk Management:
Use only 2%– 3%of your portfolio.",91a8259b90bcf9144d0d68bad81b569b,2026-09-09T18:30:11+00:00,2026-09-13T19:30:55.379548+00:00,963,cryptorichsignal_free00
1237344,29344,"🚀 #HUMAUSDT LONG SIGNAL 🚀

📌 ENTRY ➜ 0.02319

🎯 TA...ch this move together!

🪙 Trade Smart • Trade Safe",5c139097cf484566bb73b9c2125c3677,2026-09-09T18:30:11+00:00,2026-09-13T19:30:55.313637+00:00,963,cryptorichsignal_free00
1237338,29339,"✅ Long

#VET/USDT

Entry zone : 0.007526 - 0.00775...492
0.008723

Stop loss :0.00721587

Leverage: 10x",d4a2197e2d6de47507c1abddf32f5b93,2026-09-09T18:30:11+00:00,2026-09-13T19:30:55.294313+00:00,963,cryptorichsignal_free00
1237330,29342,"🚨 #BR/USDT | LONG

⚡Leverage: Cross 25x

🎯Entry Ta... follow the signal and secure profits at targets.💎",6e55575fb412fecf25b06cb5f80b1c20,2026-09-09T18:30:11+00:00,2026-09-13T19:30:55.257699+00:00,963,cryptorichsignal_free00
1237328,29346,"📊 Let’s LONG #USELESS/USDT

💥 Leverage:  Cross 20×...1) 0.3300
2) 0.3500
3) 0.3900

🔖 Stop Loss: 0.3000",ef70bbaf57b72b7d7a91e5882347c8f7,2026-09-09T18:30:11+00:00,2026-09-13T19:30:55.252145+00:00,963,cryptorichsignal_free00
1237324,29336,"#IOST/USDT LONG     

👉Leverage : Cross 10× To 30×...0128
2)  0.00132
3)  0.00140

⭕Stoploss : 0.001155",855579181fe84cb88a4921f81ad62b45,2026-09-09T18:30:11+00:00,2026-09-13T19:30:55.217951+00:00,963,cryptorichsignal_free00
1237322,29334,"#IOST /USDT BUY (LONG) 

⚡️Leverage : Cross 25x to...01145

⚠️Use only 3% - 5% amount of your portfolio",9ee3f337b818d8747ff63f3e057cc051,2026-09-09T18:30:11+00:00,2026-09-13T19:30:55.213808+00:00,963,cryptorichsignal_free00
1237320,29335,"⭐️$ATOM/USDT  LONG

🛡Leverage : Cross 25x50

‼️Ent... 1.700

Use only 3% - 5% amount of your portfolio🛍",c20d3376c5c0c78921561871ebb559d4,2026-09-09T18:30:11+00:00,2026-09-13T19:30:55.201679+00:00,963,cryptorichsignal_free00
1237318,29340,"🔴 Short

Pair: #QTUM/USDT

📊 Entry Price: 

1) 0.9...) 0.854116

Stop Loss: 0.975408

Leverage: 10x-20x",32372949526e3fd348f0b126a275a988,2026-09-09T18:30:11+00:00,2026-09-13T19:30:55.160494+00:00,963,cryptorichsignal_free00
1237336,29332,"🚀 LONG: $IOST/USDT
LEVERAGE: 50x

✔️ENTRY PRICE: 0...001380-0.001500

STOP LOSS:  0.001200


REACTIONS?",451a5f60806dbe562580eac1d0e8165f,2026-09-09T18:30:10+00:00,2026-09-13T19:30:55.279775+00:00,963,cryptorichsignal_free00
1237334,29331,"⭐️$SKR/USDT  LONG

🛡Leverage : Cross 25x50

‼️Entr...020890

Use only 3% - 5% amount of your portfolio🛍",edd886f37f3ed4e5973627300a943e36,2026-09-09T18:30:10+00:00,2026-09-13T19:30:55.271091+00:00,963,cryptorichsignal_free00
1237331,29329,"$SOLUSDT

LONG

RR : 2

LEVERAGE : 35x

ENTRY : 10....38

TAKE PROFITS 👇

1️⃣ 107.44

STOPLOSS : 102.87",d615d0d911101ab207110b2aad0944a9,2026-09-09T18:30:10+00:00,2026-09-13T19:30:55.258365+00:00,963,cryptorichsignal_free00
1237323,29325,"🔴 SHORT

#ATOM/USDT

Entry : 

1) 1.931
2) 1.988

...) 1.797

🛑 Stop : 2.052

Leverage : 10x (isolated)",bc12681428224d3a8884bbf618ad4431,2026-09-09T18:30:10+00:00,2026-09-13T19:30:55.220430+00:00,963,cryptorichsignal_free00
1237316,29324,"⚡️$USELESS/USDT⚡️

LONG
Leverage: 25X

Entry: 0.31...
Target:

1)0.325
2)0.365
3)0.425

Stoploss: 0.240",731f4c96babf44e2da7fe8a1d8b11db0,2026-09-09T18:30:10+00:00,2026-09-13T19:30:55.110017+00:00,963,cryptorichsignal_free00
1237313,29326,"📈 LONG #ATOM/USDT

🚀 LEVERAGE : 75x

📊 ENTRY PRICE...1.99

TP🟢2.05

TP🟢2.15

STOPLOSS 🔴1.84

REACTIONS?",a6e1fc32d1e25050e08063767f842adb,2026-09-09T18:30:10+00:00,2026-09-13T19:30:54.987219+00:00,963,cryptorichsignal_free00
1237311,29328,"SHORT🚨

NCLD/USDT

MARKET PRICE

Leverage: 10X/25X... 5% of Your capital

Apply proper risk management📈",bba45537a39f414c31a25092079eab23,2026-09-09T18:30:10+00:00,2026-09-13T19:30:54.956037+00:00,963,cryptorichsignal_free00
1237309,29322,"⚡ #XRP/USDT

📤 Long 

💹 Buy: 1.4409 - 1.4000

🧿 Ta...149 - 1.5300

🧨 StopLoss: 1.3640 

🔘 Leverage: 20x",57163b79ae0d731c87d22cacb6519b78,2026-09-09T18:30:10+00:00,2026-09-13T19:30:54.701302+00:00,963,cryptorichsignal_free00
1237308,29323,"📈 LONG #IOST/USDT

🚀 LEVERAGE : 50x

📊 ENTRY PRICE...🟢0.00128

TP🟢0.00135

STOPLOSS 🔴0.0013

REACTIONS?",a71ea14c8d486fe688d4810af0cf5eb2,2026-09-09T18:30:10+00:00,2026-09-13T19:30:54.689943+00:00,963,cryptorichsignal_free00
1237307,29321,"🚀 #OVER99WINS | TRADE SETUP 🚀

⭐ BR /USDT — LONG

...o

📌 Follow the setup and manage your risk wisely.",544fda77ccdc85e1aa796ec87a38f743,2026-09-09T18:30:10+00:00,2026-09-13T19:30:54.406498+00:00,963,cryptorichsignal_free00
1237306,29319,"🔰 PAIR: AVAX/ USDT 💹

🟢Position: LONG🚀

☑️ Entry Z...gets:
🥇 8.043
🥈 8.066
🥉 8.127

❌ Stop Loss: 🔴7.960",6ba50fe29f6edaa05cc05fd990e5e948,2026-09-09T18:30:10+00:00,2026-09-13T19:30:54.378062+00:00,963,cryptorichsignal_free00
1237304,29318,"💰#BR/ USDT👑

💎Setup Type: Strong LONG  🔖Opportunit...TP ➝ 0.35000

4️⃣TP ➝ 0.45000

🚫Stop Loss: 0.27000",514e9bcf1e7839c10ab5748c7abf5d07,2026-09-09T18:30:10+00:00,2026-09-13T19:30:54.333747+00:00,963,cryptorichsignal_free00
1247611,29704,"🟢#FLOCK/USDT

📈Signal: long Leverage: Cross 20X

⚡...even after TP1 is hit.

📣Trade Smart • Follow Risk",071f5eb031f356d160135e73f529d05d,2026-09-10T18:01:45+00:00,2026-09-13T20:47:58.991027+00:00,963,cryptorichsignal_free00
1247602,29712,"⭐️$ORDER/USDT  LONG

🛡Leverage : Cross 25x50

‼️En....03622

Use only 3% - 5% amount of your portfolio🛍",22cc0576cbf2bd0bf660db03dbd16f72,2026-09-10T18:01:45+00:00,2026-09-13T20:47:58.968047+00:00,963,cryptorichsignal_free00
1247598,29714,"💵COIN NAME : #ORDER /USDT

📈POSITION : LONG(BUY)

... = 0.04188

🔖 STOPLOSS  = 0.03665


SHOW REACTIONS",03ef076b735ec1ee3642c55c6a0130c7,2026-09-10T18:01:45+00:00,2026-09-13T20:47:58.944104+00:00,963,cryptorichsignal_free00
1247582,29709,"⭐️$VTHO/USDT  SHORT

🛡Leverage : Cross 25x50

‼️En...007164

Use only 3% - 5% amount of your portfolio🛍",a5949bc88bb9aeba708e0e4f97504cbf,2026-09-10T18:01:45+00:00,2026-09-13T20:47:58.805400+00:00,963,cryptorichsignal_free00
1247614,29701,"#LONG 🟢🔤🔤🔤🔤🔤

#ETH/USDT

Margin Mode : Isolated 💎
...581

🟥 SL : 2352 - 100%   

📊 LEV : 30X

🇯🇵Premium",0debbcf08e041e59539e0b0606bb6616,2026-09-10T13:41:52+00:00,2026-09-13T20:47:58.994027+00:00,963,cryptorichsignal_free00
1247600,29696,"🚨 #BR/USDT | LONG

⚡Leverage: Cross 25x

🎯Entry Ta... follow the signal and secure profits at targets.💎",e9dc46107808bf3d50a692cc9df2eedb,2026-09-10T13:21:08+00:00,2026-09-13T20:47:58.953115+00:00,963,cryptorichsignal_free00
1247578,29698,"⭐ VTHO /USDT — LONG

💵 ENTRY: 0.0006450-0.0006200
...o

📌 Follow the setup and manage your risk wisely.",5319e5efe02b2ad39795bd86b8a90eec,2026-09-10T13:21:08+00:00,2026-09-13T20:47:58.732906+00:00,963,cryptorichsignal_free00
1247569,29700,"✅Entry : $0.0006242-0.0006345

( 🆘SHORT VTHO/USD 5...5920
🏹Target 6  $0.0005860

🚫Stop loss : 0.0006675",a5b0d023558870b8f4841e35fb91fac6,2026-09-10T13:21:08+00:00,2026-09-13T20:47:58.579613+00:00,963,cryptorichsignal_free00
1247623,29664,"💰#VTHO/ USDT👑

💎Setup Type: Strong LONG  🔖Opportun....0007300

4️⃣TP ➝ 0.0008500

🚫Stop Loss: 0.0005800",6766c8c2fe27b35da8172ec3fcf6985e,2026-09-10T13:20:36+00:00,2026-09-13T20:47:59.022334+00:00,963,cryptorichsignal_free00
1247603,29680,"🚩 SHORT #REZ/USDT

⚙️ 50X LEVERAGE

🛡 Entry: 0.003....003230
TP3: 0.003150

🛑 SL: 0.003580

🔥REACTIONS?",b3d738bebd25ae6bcb188009f63ad428,2026-09-10T13:20:36+00:00,2026-09-13T20:47:58.973412+00:00,963,cryptorichsignal_free00
1247589,29681,"ETH/ USDT/ LONG
Entry at market price 

Cross || L...only 1% of your wallet. 
Manage your risk properly",883e322e8d2dfb5331e9f79cba6e5f6d,2026-09-10T13:20:36+00:00,2026-09-13T20:47:58.915879+00:00,963,cryptorichsignal_free00
1247588,29670,"🟢#APR/USDT

📈Signal: long Leverage: Cross 20X

⚡️E...even after TP1 is hit.

📣Trade Smart • Follow Risk",456ea2c8a20b8f901f01c84e9a2b212c,2026-09-10T13:20:36+00:00,2026-09-13T20:47:58.868582+00:00,963,cryptorichsignal_free00
1247584,29683,"💫 Pair: BTC/USDT  💫

🔼 Direction: Long 🔼

✅ Levera... Profit: 80600.00 📈

⚠️ Stop Loss: 74550.00 ⚠️

📈📈",10e78d3070662e68c060b90691466201,2026-09-10T13:20:36+00:00,2026-09-13T20:47:58.854209+00:00,963,cryptorichsignal_free00
1247579,29675,"➡️ #CRV     /USDT (SHORT) 🔽🔽

⌛LEVERAGE : 20X TO 7...0


💥Use only 1%margin of your total portfolio❤️😘😇",ff7450c511a94f3a9c34126b7c3462a4,2026-09-10T13:20:36+00:00,2026-09-13T20:47:58.738082+00:00,963,cryptorichsignal_free00
1247577,29678,"⭐ REZ /USDT — SHORT

💵 ENTRY: 0.003370-0.003460

⚙...o

📌 Follow the setup and manage your risk wisely.",a0b22fd2e964444dd0cd6f14244d887a,2026-09-10T13:20:36+00:00,2026-09-13T20:47:58.678000+00:00,963,cryptorichsignal_free00
1247576,29665,"🌈PAIR:- VTHO/USDT
⚡️ Direction : LONG
🛠 Leverage: ...nt Usage:- 1 - 2%
(According To your Risk Setting)",d3f9838f30b7532d196358d3f8fe7818,2026-09-10T13:20:36+00:00,2026-09-13T20:47:58.669312+00:00,963,cryptorichsignal_free00
1247575,29671,"🚨 #VTHO/USDT | LONG

⚡Leverage: Cross 50x

🎯Entry ... follow the signal and secure profits at targets.💎",a4f43b0b73dcf27f809458f21e45c241,2026-09-10T13:20:36+00:00,2026-09-13T20:47:58.654859+00:00,963,cryptorichsignal_free00
1247572,29672,"New longs #BTC 25x at $77,400 📈

TP : 79,400 

S/L : 75,400

R/R : 1:1",b0a8ab597eb0625cbfdf16e41c9e22c8,2026-09-10T13:20:36+00:00,2026-09-13T20:47:58.601107+00:00,963,cryptorichsignal_free00
1247567,29661,"⭐️$REZ/USDT  LONG

🛡Leverage : Cross 25x50

‼️Entr...003234

Use only 3% - 5% amount of your portfolio🛍",00559f4374fef9d9d7f93fbe12b1973d,2026-09-10T13:20:36+00:00,2026-09-13T20:47:58.564649+00:00,963,cryptorichsignal_free00
1247581,29662,"🚀 LONG: $VTHO/USDT
LEVERAGE: 50x

✔️ENTRY PRICE: 0...800-0.00072000

STOP LOSS:  0.0006090


REACTIONS?",54c4e3468bf948f5b43d2de1a24b9f16,2026-09-10T13:20:36+00:00,2026-09-13T20:47:58.537214+00:00,963,cryptorichsignal_free00
1247559,29669,"Long #APR 0.1505

Tp 0.1550",f8a4d4f956a509933fb28a952c434833,2026-09-10T13:20:36+00:00,2026-09-13T20:47:58.517208+00:00,963,cryptorichsignal_free00
1247548,29667,"🚩 SHORT #ZEST/USDT

⚙️ 50X LEVERAGE

🛡 Entry: 0.13...: 0.13040
TP3: 0.12850

🛑 SL: 0.14100

🔥REACTIONS?",2091ea81a99e0d0cb6015b5adaaa7ff8,2026-09-10T13:20:36+00:00,2026-09-13T20:47:58.345477+00:00,963,cryptorichsignal_free00
1247620,29654,"⛽️Pair: PHAROS/USDT
Type: LONG 🟢
✅Leverage:  (20X_...) 0.52
2) 0.55
3) 0.60
4) 0.72

❌ STOP LOSS: 0.44❌",6dd3cd0d22e67e27c84a8359983325bf,2026-09-10T13:20:35+00:00,2026-09-13T20:47:59.009727+00:00,963,cryptorichsignal_free00
1247617,29655,"🔴 SHORT

#RUNE/USDT

Entry : 

1) 0.4966
2) 0.5114...0.4622

🛑 Stop : 0.5278

Leverage : 10x (isolated)",aad2a9aa7d3bd7c260bf91b9a6ee42b0,2026-09-10T13:20:35+00:00,2026-09-13T20:47:59.002058+00:00,963,cryptorichsignal_free00
1247609,29653,"Long #RVN 50x 0.002400

Tp: 0.002500",8dafd0b7f1c0f2f59b442c515271daad,2026-09-10T13:20:35+00:00,2026-09-13T20:47:58.986644+00:00,963,cryptorichsignal_free00
1247608,29648,"📈 LONG #VTHO/USDT

🚀 LEVERAGE : 50x

📊 ENTRY PRICE...0660

TP🟢0.000700

STOPLOSS 🔴0.000570


REACTIONS?",0d119ca7caeb1fe6ab71576daa2e1acd,2026-09-10T13:20:35+00:00,2026-09-13T20:47:58.984185+00:00,963,cryptorichsignal_free00
1247601,29657,"🚨 #REZ/USDT | SHORT

⚡Leverage: Cross 50x

🎯Entry ... follow the signal and secure profits at targets.💎",788d9c37af34b12068cb1a549e687e8f,2026-09-10T13:20:35+00:00,2026-09-13T20:47:58.962333+00:00,963,cryptorichsignal_free00
1247593,29651,"✨HYPE/USDT

🎗 Trade Type = LONG 🟢

⭐️ Leverage :- ...[ 83.772, 84.582, 85.535, 86.288, 87.318, 88.092 ]",69180670a8f6a80fdd18f6a14a358adb,2026-09-10T13:20:35+00:00,2026-09-13T20:47:58.930860+00:00,963,cryptorichsignal_free00
1247592,29656,"➡️ #REZ     /USDT (LONG) 🔼🔼

⌛LEVERAGE : 20X TO 75...9


💥Use only 1%margin of your total portfolio❤️😘😇",bb05bb78417b0f71367ee5a52357dc0a,2026-09-10T13:20:35+00:00,2026-09-13T20:47:58.925742+00:00,963,cryptorichsignal_free00
1247571,29641,"$LSK/USDT #LONG📩

✅ENTRY :-0.1240/0.1190

Target 1...𝐎𝐧𝐥𝐲 𝟏-𝟑% 𝐎𝐟 𝐎𝐮𝐫 𝐃𝐞𝐩𝐨𝐬𝐢𝐭 𝐅𝐨𝐫 𝐄𝐚𝐜𝐡 𝐓𝐫𝐚𝐝𝐞

React,??m",0d106fe07e7789e3ddb46ca1915a55ae,2026-09-10T13:20:35+00:00,2026-09-13T20:47:58.597977+00:00,963,cryptorichsignal_free00
1247568,29652,"#ORDER/USDT LONG     

👉Leverage : Cross 10× To 30...  0.0372
2)  0.0390
3)  0.0419

⭕Stoploss : 0.0344",4a271613cd81566323f1626bfc3a11f2,2026-09-10T13:20:35+00:00,2026-09-13T20:47:58.573898+00:00,963,cryptorichsignal_free00
1247563,29658,"Pair: #ARB/USDT

Long • (10X-50X)

Entry
0.1477 - ...t your own risk. Always use proper risk management",9d6eb8750a4f09ef3805c1d0afb4e030,2026-09-10T13:20:35+00:00,2026-09-13T20:47:58.523062+00:00,963,cryptorichsignal_free00
1247557,29640,"🚀 SHORT: $VTHO/USDT
LEVERAGE: 50x

✔️ENTRY PRICE: ...05400-0.0005000

STOP LOSS:  0.000620


REACTIONS?",3386d702288a3f651dd3aeef2be0ea40,2026-09-10T13:20:35+00:00,2026-09-13T20:47:58.494740+00:00,963,cryptorichsignal_free00
1247554,29643,🟢LINK/USDT LONG NOW,8b91e3de5ce9ab6aa526053a3264d123,2026-09-10T13:20:35+00:00,2026-09-13T20:47:58.464784+00:00,963,cryptorichsignal_free00
1247551,29659,"🚨 #PHAROS/USDT | LONG

⚡Leverage: Cross 20x

🎯Entr... follow the signal and secure profits at targets.💎",e670912eb1d1ca22837666561e7738a2,2026-09-10T13:20:35+00:00,2026-09-13T20:47:58.386538+00:00,963,cryptorichsignal_free00
1247549,29644,"🟢LINK/USDT My Long Trade Setup

Leverage 75X

Entr...2.100

Stop Loss   11.550

Follow Money Management",0c454bc7adf28ea9c5f46fa4ffc57d06,2026-09-10T13:20:35+00:00,2026-09-13T20:47:58.380713+00:00,963,cryptorichsignal_free00
1247547,29642,"💫 Pair: XAU/USDT  💫

🔼 Direction: Long 🔼

✅ Levera...ke Profit: 4495.00 📈

⚠️ Stop Loss: 4342.00 ⚠️

📈📈",69aaab00c8e976b08cf0d3ffdf3ffd47,2026-09-10T13:20:35+00:00,2026-09-13T20:47:58.283553+00:00,963,cryptorichsignal_free00
1247545,29650,"🔘 Coin : #KAS/USDT 🔘

🔴 SHORT

🔺Entry🔻: 0.03873

⭐... - 0.03678

♦️ StopLoss : 0.03998

🔱 Leverage: 25x",96bbaa44c3b5f43e5b659e62e042c509,2026-09-10T13:20:35+00:00,2026-09-13T20:47:58.206246+00:00,963,cryptorichsignal_free00
1247544,29647,"⚡️$LSK/USDT⚡️

LONG
Leverage: 10X

Entry: 0.1240 -...get:

1)0.1280
2)0.1360
3)0.1490

Stoploss: 0.1070",ea958f562a9ae74dd6c8a2eb69d669f9,2026-09-10T13:20:35+00:00,2026-09-13T20:47:58.183397+00:00,963,cryptorichsignal_free00
1247543,29646,"🚨 #ORDER/USDT — POWER LONG 

⚡️ ENTRY ZONE: 0.0363...re profits step by step
🪖 NO FEAR — JUST PROFITS 🪙",d0b98288bdc5acf5413bd8d44a5f5897,2026-09-10T13:20:35+00:00,2026-09-13T20:47:58.174194+00:00,963,cryptorichsignal_free00
1247621,29634,"⭐️$VTHO/USDT  LONG

🛡Leverage : Cross 25x50

‼️Ent...004527

Use only 3% - 5% amount of your portfolio🛍",0c8a19dc96fb62c6f19224efb2a021c0,2026-09-10T13:20:34+00:00,2026-09-13T20:47:59.010803+00:00,963,cryptorichsignal_free00
1247561,29636,"🚨 #EGLD/USDT | LONG

⚡Leverage: Cross 50x

🎯Entry ... follow the signal and secure profits at targets.💎",b77d926c65198a503697c989bdcbd09f,2026-09-10T13:20:34+00:00,2026-09-13T20:47:58.524680+00:00,963,cryptorichsignal_free00
1247564,29635,"#BTWUSDT — BUY (LONG) 
🎉
🟢 Leverage: Cross  50x75
...Risk Management:
Use only 2%– 3%of your portfolio.",ede4057a0300208df6316c0550962614,2026-09-10T13:20:34+00:00,2026-09-13T20:47:58.523740+00:00,963,cryptorichsignal_free00
1247562,29639,"💰#VTHO/ USDT👑

💎Setup Type: Strong SHORT  🔖Opportu...0004500

4️⃣TP ➝ 0.00040000

🚫Stop Loss: 0.0006700",d6417cc92435e95f59684e92e910a618,2026-09-10T13:20:34+00:00,2026-09-13T20:47:58.517958+00:00,963,cryptorichsignal_free00
1247555,29638,"💰#BR/ USDT👑

💎Setup Type: Strong LONG  🔖Opportunit...TP ➝ 0.33000

4️⃣TP ➝ 0.43000

🚫Stop Loss: 0.24800",0b103ecb7b18a1ce650c16461355dfe0,2026-09-10T13:20:34+00:00,2026-09-13T20:47:58.466634+00:00,963,cryptorichsignal_free00
1247542,29625,"📊 #EGLD/USDT

🟢 POSITION: LONG

💰 ENTRY RANGE
➤ 5....S
➤ 5.00

━━━━━━━━━━━━━━━━━━

✅ Manage risk wisely",e39ff22cb0c32112c90dddf4a332c826,2026-09-10T13:20:34+00:00,2026-09-13T20:47:58.080709+00:00,963,cryptorichsignal_free00
1247540,29624,"SHORT BNB

🔖 MARKET SETUP

 ✔️Entry: 718.5
 ⛔️ SL:... TP: 704

⚠️ Capital: 3% max. Discipline = Profit!",4f3caf7cd917f7d21262a4a0a7c905b3,2026-09-10T13:20:34+00:00,2026-09-13T20:47:58.066547+00:00,963,cryptorichsignal_free00
1247541,29621,"🚀 #EGLDUSDT LONG SIGNAL 🚀

📌 ENTRY ➜ 5.285

🎯 TAKE...ch this move together!

🪙 Trade Smart • Trade Safe",aed28fdda2f7deb7f5d7c8bc06d6fe15,2026-09-10T13:20:34+00:00,2026-09-13T20:47:58.065619+00:00,963,cryptorichsignal_free00
1247539,29631,"🐳 LSK/USDT #LONG🐳

✳️ ENTRY :- 0.118 - 0.113

💢 LE...: 0.145

⛔️ STOP-LOSS :- 0.108

☝️ Margin Use 2–3%",80614d7a2d13c308e9f369fd6ebf121a,2026-09-10T13:20:34+00:00,2026-09-13T20:47:58.025634+00:00,963,cryptorichsignal_free00
1247538,29623,"DAY/TRADE 🏆

LONG SOL/USDT📈📈📈

ENTRY: 96.59

TP1: ...agement 🏆

Use only 10% of your 📈Available balance",70ad0d436af60d7102e1496782d3f8aa,2026-09-10T13:20:34+00:00,2026-09-13T20:47:58.017953+00:00,963,cryptorichsignal_free00
1247537,29632,"✅ Long

#ETC/USDT

Entry zone : 7.572 - 7.807

Tak...311
8.544
8.777

Stop loss :7.26051

Leverage: 10x",712f66d87a23bb8806d42539e2fef3e6,2026-09-10T13:20:34+00:00,2026-09-13T20:47:58.001909+00:00,963,cryptorichsignal_free00
1247536,29629,"🚨 #KAS /USDT — POWER LONG 

⚡️ ENTRY ZONE: 0.03915...re profits step by step
🪖 NO FEAR — JUST PROFITS 🪙",54359ce3303e1aea69f9018cf4d7bb19,2026-09-10T13:20:34+00:00,2026-09-13T20:47:57.993981+00:00,963,cryptorichsignal_free00
1247535,29622,"🔰 PAIR: RUNE/ USDT 💹

🟢Position: LONG🚀

☑️ Entry Z...gets:
🥇 0.487
🥈 0.490
🥉 0.500

❌ Stop Loss: 🔴0.470",f71afe32b98b44b9220b31aefc53dd00,2026-09-10T13:20:34+00:00,2026-09-13T20:47:57.968631+00:00,963,cryptorichsignal_free00
1247534,29626,"⚡️$EGLD/USDT⚡️

LONG
Leverage: 25X 

Entry: 5.62 -....35

Target:

1)5.70
2)5.90
3)6.50

Stoploss: 5.00",ae64ad26c78e5aedfefd655b40b16683,2026-09-10T13:20:34+00:00,2026-09-13T20:47:57.961821+00:00,963,cryptorichsignal_free00
1247533,29620,EGLD LONG 5.285 tp1 5.400,bfca3d6cc374136202d22e5161112904,2026-09-10T13:20:34+00:00,2026-09-13T20:47:57.958038+00:00,963,cryptorichsignal_free00
1247531,29630,"#KAS/USDT LONG     

👉Leverage : Cross 10× To 30×
...
1)  0.040
2)  0.042
3)  0.044

⭕Stoploss : 0.0367",d5976cbb8695bf93c6c3cc22ac58ae6b,2026-09-10T13:20:34+00:00,2026-09-13T20:47:57.945667+00:00,963,cryptorichsignal_free00
1247529,29627,"🚨 #VTHO/USDT | SHORT

⚡Leverage: Cross 50x

🎯Entry... follow the signal and secure profits at targets.💎",49dedd3bfc96489fcb7c71e19acacf50,2026-09-10T13:20:34+00:00,2026-09-13T20:47:57.867829+00:00,963,cryptorichsignal_free00
1247528,29618,"⭐️$VTHO/USDT  LONG

🛡Leverage : Cross 25x50

‼️Ent...005131

Use only 3% - 5% amount of your portfolio🛍",74bf433745e2f624d7f2917659613d1a,2026-09-10T13:20:33+00:00,2026-09-13T20:47:57.829796+00:00,963,cryptorichsignal_free00
1247527,29619,"#HIVE | SHORT SETUP

💰 Entry: $0.04445

🎯 Target1:...t4: $0.04276
🎯 Target5: $0.04214

🛡 STOP: $0.04667",70d835b40de112c453cff82de5e39057,2026-09-10T13:20:33+00:00,2026-09-13T20:47:57.828847+00:00,963,cryptorichsignal_free00
1247511,29615,"🚨 #VTHO /USDT — POWER LONG 

⚡️ ENTRY ZONE: 0.0006...re profits step by step
🪖 NO FEAR — JUST PROFITS 🪙",7eeace549f99a76edcafc609dc0d1918,2026-09-10T13:20:33+00:00,2026-09-13T20:47:45.571220+00:00,963,cryptorichsignal_free00
1247507,29614,#VTHO long 0.0006560 tp 0.0006700,a4ab9ba3cb6b0c273ae2767861d92640,2026-09-10T13:20:33+00:00,2026-09-13T20:47:45.525730+00:00,963,cryptorichsignal_free00
1247521,29608,"$BTC LONG🟢 (25x Lev)

Entry -  $78400

Targets

1)79000$
2)79600$

SL: 77800$",50427b5b2a70c43e1af3b512ca1a252c,2026-09-10T07:52:47+00:00,2026-09-13T20:47:45.609821+00:00,963,cryptorichsignal_free00
1247516,29610,"#VTHO  /USDT BUY (LONG) 

⚡️Leverage : Cross 25x t...05960

⚠️Use only 3% - 5% amount of your portfolio",f6e323a1eb8dd77ae03229d74f32c97a,2026-09-10T07:52:47+00:00,2026-09-13T20:47:45.598551+00:00,963,cryptorichsignal_free00
1247506,29613,"⌛#ARB/USDT  ( SHORT )

🍁 Leverage 👉 20X to 25X 

⛩... 0.14249 | 0.14100 | 0.13937

🔕 Stoploss = 0.15444",3476432ee3cb7778ac03dcfa6e306b1d,2026-09-10T07:52:47+00:00,2026-09-13T20:47:45.473703+00:00,963,cryptorichsignal_free00
1247493,29611,"#ARK/USDT SHORT     

👉Leverage : Cross 10× To 30×...

1)  0.134
2)  0.130
3)  0.126

⭕Stoploss : 0.142",f7d4fc4fefb6fa4f7ed0dca0e436cf28,2026-09-10T07:52:47+00:00,2026-09-13T20:47:45.428613+00:00,963,cryptorichsignal_free00
1247513,29605,"📊#ANIME/USDT — LONG

⚡️ Leverage : 10X – 20X

💹Ent...Entry After TP1

⚖️ Follow Proper Risk Management.",8221e02bba22ca8e6366c5da28a6456f,2026-09-10T07:52:46+00:00,2026-09-13T20:47:45.586208+00:00,963,cryptorichsignal_free00
1247524,29604,"🔰 ANIME/USDT 🔰

🟢 LONG 20X

🔳 ENTRY :- 0.0033

☑️ TARGET:- 0.0033 - 0.0036- 0.0039

🔴 STOP :- 0.0029",1e00050c3e32c49d6bea7e6ae6f60a4f,2026-09-10T07:14:39+00:00,2026-09-13T20:47:45.627140+00:00,963,cryptorichsignal_free00
1247515,29602,"#USELESS/USDT SHORT     

👉Leverage : Cross 10× To...

1)  0.223
2)  0.210
3)  0.195

⭕Stoploss : 0.251",d572cc033e857c2dc65ddbada5c3f722,2026-09-10T06:46:25+00:00,2026-09-13T20:47:45.594279+00:00,963,cryptorichsignal_free00
1247489,29601,"⭐ VTHO /USDT — LONG

💵 ENTRY: 0.06500-0.06300

⚙️ ...o

📌 Follow the setup and manage your risk wisely.",3b894f7e7b284397854c49cb41541603,2026-09-10T06:46:25+00:00,2026-09-13T20:47:45.391896+00:00,963,cryptorichsignal_free00
1247476,29600,"Coin #VTHO/USDT

Position: LONG 

Leverage:  Cross... 0.000670, 0.000690, 0.000710

Stop Loss: 0.000610",ede54485ceb645c9fd8a50f583cae089,2026-09-10T06:46:25+00:00,2026-09-13T20:47:45.304076+00:00,963,cryptorichsignal_free00
1247522,29598,"Trade: #ATOM/USDT

Direction: 📉 Short 

🟢 Entry Ra...90
• Target 6: 1.7298

💠 Leverage : 5x - 10x - 20x",97429c2b5522d74e51a66c60e70d4d7b,2026-09-10T06:26:40+00:00,2026-09-13T20:47:45.622582+00:00,963,cryptorichsignal_free00
1247514,29596,"#Free

#Futures_signal

🔴 SHORT

#KAVA/USDT

Entry...0.066267

Leverage : 10x (isolated)

@crypto_musk1",4dd3faa125e077d2713fd14573a0e259,2026-09-10T06:24:53+00:00,2026-09-13T20:47:45.593645+00:00,963,cryptorichsignal_free00
1247458,29597,"🟢 Long

#IOST/USDT

Entry : 

1) 0.00119390
2) 0.0...58

🛑 Stop : 0.00111868

Leverage : 10x (isolated)",b87125cedfd9381b89a2229a6fffcfba,2026-09-10T06:24:53+00:00,2026-09-13T20:47:45.093646+00:00,963,cryptorichsignal_free00
1247523,29594,"🔰 SAHARA/USDT 🔰

🟢 LONG 20X

🔳 ENTRY :- 0.0110

☑️...TARGET:- 0.0115 - 0.0122- 0.0130

🔴 STOP :- 0.0097",4d1837722ff2b94f43877436f7665e6b,2026-09-10T06:24:06+00:00,2026-09-13T20:47:45.624504+00:00,963,cryptorichsignal_free00
1247479,29595,"🐳 NEAR/USDT #LONG🐳

✳️ ENTRY :- 2.52 - 2.46

💢 LEV...3 : 2.85

⛔️ STOP-LOSS :- 2.41

☝️ Margin Use 2–3%",21b39c19106af3294151d27033d62923,2026-09-10T06:24:06+00:00,2026-09-13T20:47:45.346903+00:00,963,cryptorichsignal_free00
1247471,29593,"🔰CROSS/USDT 🔰   

🔴 SHORT 10X 20X

♻ ENTRY 
1️⃣ 0....

1️⃣ 0.112
2️⃣ 0.110
3️⃣ 0.107

⛔ STOPLOSS  0.121",6edec8c36711edfbddf7c57c99e83728,2026-09-10T06:24:06+00:00,2026-09-13T20:47:45.248926+00:00,963,cryptorichsignal_free00
1247508,29591,"📊#BTR/USDT–LONG–30x 🚀

📍 𝐄𝐧𝐭𝐫𝐲 𝐙𝐨𝐧𝐞:

➥ 0.066, 0.0...tal.

⚠️ Disclaimer:
Trade at your own risk. DYOR.",2adfd82f0e61d8c1d5384bcddd4edbd5,2026-09-10T06:24:05+00:00,2026-09-13T20:47:45.526492+00:00,963,cryptorichsignal_free00
1247499,29592,"$BR/USDT #LONG📩

✅ENTRY :-0.3050/0.2950

Target 1:...𝐎𝐧𝐥𝐲 𝟏-𝟑% 𝐎𝐟 𝐎𝐮𝐫 𝐃𝐞𝐩𝐨𝐬𝐢𝐭 𝐅𝐨𝐫 𝐄𝐚𝐜𝐡 𝐓𝐫𝐚𝐝𝐞

React,??m",dcf3a0b2b9f18fd10e3f3638bb71f3fa,2026-09-10T06:24:05+00:00,2026-09-13T20:47:45.452780+00:00,963,cryptorichsignal_free00
1247478,29590,"🛎️ Trade: #ATOM/USDT

Direction: 📉 Short 

🟢 Entry...90
• Target 6: 1.7298

💠 Leverage : 5x - 10x - 20x",ae765a950e707fdec3ae802b4f856f17,2026-09-10T06:23:46+00:00,2026-09-13T20:47:45.326635+00:00,963,cryptorichsignal_free00
1247500,29588,"🚀 $SAHARA/USDT PERP 🚀

🟢 LONG

💰 Entry : 0.0109$ –...5X – 25X

⛔️ SL : 0.0093$

📌 Use Only 2-5% Capital",0ded55ba854a74c875ff0c9515fa5ab4,2026-09-10T06:22:15+00:00,2026-09-13T20:47:45.453632+00:00,963,cryptorichsignal_free00
1247460,29589,"🪙 Coin: #IOST/USDT
🧭 Type: #LONG

📈 Entry Zone:
0.... within the zone and maintain strict risk control.",ec097434b404394ace3956dbb7c95349,2026-09-10T06:22:15+00:00,2026-09-13T20:47:45.145370+00:00,963,cryptorichsignal_free00
1247504,29586,"⚡ #ANIME/USDT

📤 Long 

💹 Buy: 0.003129 - 0.003048...- 0.003320

🧨 StopLoss: 0.002910 

🔘 Leverage: 20x",c9fc27daa41e0196d2ffed880a4dea15,2026-09-10T06:21:02+00:00,2026-09-13T20:47:45.466225+00:00,963,cryptorichsignal_free00
1247497,29585,"✅ Long

Pair: #BAT/USDT

📊 Entry Price: 

1) 0.073...) 0.078624

Stop Loss: 0.068953

Leverage: 10x-20x",4f53a1a48981a0037a40b3d38c63c290,2026-09-10T06:21:02+00:00,2026-09-13T20:47:45.448177+00:00,963,cryptorichsignal_free00
1247525,29576,"📊 Let’s SHORT #TAC/USDT

💥 Leverage:  Cross 20×  -...420
2) 0.001325
3) 0.001175

🔖 Stop Loss: 0.001735",9db45561c22b7bef2304bbc2e15b136e,2026-09-10T06:18:43+00:00,2026-09-13T20:47:45.631503+00:00,963,cryptorichsignal_free00
1247496,29578,"📍Coin : #AVNT/USDT

🟢 LONG 

👉 Entry: 0.1004 - 0.0...t 5: 0.1055
🎯 Target 6: 0.1066

❌ StopLoss: 0.0960",89bc453640f8c88210dd149c42c2409b,2026-09-10T06:18:43+00:00,2026-09-13T20:47:45.440750+00:00,963,cryptorichsignal_free00
1247492,29583,"#IOST/USDT LONG     

👉Leverage : Cross 10× To 30×....00121
2)  0.00127
3)  0.00136

⭕Stoploss : 0.0010",97012e3d7a09de6fa9f52e868cda1701,2026-09-10T06:18:43+00:00,2026-09-13T20:47:45.426690+00:00,963,cryptorichsignal_free00
1247490,29584,"SHORT: USELESS/USDT🚀
LEVERAGE: 20x - 50x

🥇ENTRY P....1950

————————

❌ STOP LOSS: 0.2610❌


REACTIONS?",f83c1e47c1d36fe005bf2924a63c64e8,2026-09-10T06:18:43+00:00,2026-09-13T20:47:45.393906+00:00,963,cryptorichsignal_free00
1247483,29580,"#IOST/USDT LONG     

👉Leverage : Cross 10× To 30×....00121
2)  0.00127
3)  0.00136

⭕Stoploss : 0.0010",97012e3d7a09de6fa9f52e868cda1701,2026-09-10T06:18:43+00:00,2026-09-13T20:47:45.361332+00:00,963,cryptorichsignal_free00
1247482,29577,"📊 Let’s LONG #SNDK/USDT

💥 Leverage:  Cross 20×  
...gets: 

1) 1785
2) 1835
3) 1855

🔖 Stop Loss: 1720",640144b8e6f93d2a7c453ddcac8411ac,2026-09-10T06:18:43+00:00,2026-09-13T20:47:45.358023+00:00,963,cryptorichsignal_free00
1247470,29582,"#BTR/USDT LONG     

👉Leverage : Cross 10× To 30×
...  0.0691
2)  0.0720
3)  0.0770

⭕Stoploss : 0.0623",7fcc77a8e9c4a4b4867c2ba84f3ce863,2026-09-10T06:18:43+00:00,2026-09-13T20:47:45.230623+00:00,963,cryptorichsignal_free00
1247503,29574,"📊 Let’s SHORT #ZKP/USDT

💥 Leverage:  Cross 20×  -....04364
2) 0.04260
3) 0.04155

🔖 Stop Loss: 0.04700",b785ca84e08cbbd8eb85bc8e161d43cb,2026-09-10T06:18:42+00:00,2026-09-13T20:47:45.464931+00:00,963,cryptorichsignal_free00
1247498,29575,"📊 Let’s SHORT #CYS/USDT

💥 Leverage:  Cross 20×  -...1) 0.1340
2) 0.1265
3) 0.1170

🔖 Stop Loss: 0.1570",b719f899eaa8d98027030ea29d52c692,2026-09-10T06:18:42+00:00,2026-09-13T20:47:45.451556+00:00,963,cryptorichsignal_free00
1258731,29796,"🔴 Short

Pair: #COMP/USDT

📊 Entry Price: 

1) 20....9.36
4) 18.93

Stop Loss: 21.62

Leverage: 10x-20x",99a04526f307d8e0ffbaf1cbbcd15389,2026-09-10T23:09:36+00:00,2026-09-13T22:15:34.844668+00:00,963,cryptorichsignal_free00
1258789,29794,"⚡️⚡️#EPIC/USDT⚡️⚡️

Signal Type : Short
Leverage :...
1) 0.3744
2) 0.3570
3) 0.3416

Stop Loss : 0.3966",124d39b693cd9ad1092d444222f4e3a2,2026-09-10T20:19:03+00:00,2026-09-13T22:15:35.462712+00:00,963,cryptorichsignal_free00
1258779,29792,"#ETH

ETH has taken out the liquidity at the botto...55
🚀 Targets: 2479 / 2546 / 2605
📉 Stop Loss: 2379",2dd088b568fd775ccc4f7667e3f81af7,2026-09-10T20:19:03+00:00,2026-09-13T22:15:35.412628+00:00,963,cryptorichsignal_free00
1258774,29793,"🔰 PAIR: SAGA/ USDT 💹

🟢Position: LONG🚀

☑️ Entry Z...0.01819
🥈 0.01877
🥉 0.02017

❌ Stop Loss: 🔴0.01642",1f1c5aa54aca7a0e9e12148d54696ede,2026-09-10T20:19:03+00:00,2026-09-13T22:15:35.404894+00:00,963,cryptorichsignal_free00
1258756,29791,"Long #VTHO 50x 0.0006100

Tp: 0.0006300",7174b29964ada20e84f9e91b253dc3a6,2026-09-10T20:19:03+00:00,2026-09-13T22:15:35.252915+00:00,963,cryptorichsignal_free00
1258782,29755,"🔴SHORT  #BTCUSDT

🔶 Entry : 77400 - 77500

➡️ Leve...ake Profit Targets :

👉 76400

🛑 Stop Loss : 78600",0b9e75786260eec8a4d222828a450c44,2026-09-10T18:02:21+00:00,2026-09-13T22:15:35.424300+00:00,963,cryptorichsignal_free00
1258758,29761,"🚨 #SAGA/USDT | LONG

⚡Leverage: Cross 50x

🎯Entry ... follow the signal and secure profits at targets.💎",6d2094223b1c3f42c0bcf937ae0c01b3,2026-09-10T18:02:21+00:00,2026-09-13T22:15:35.268373+00:00,963,cryptorichsignal_free00
1258755,29759,"➡️ #BTR     /USDT (LONG) 🔼🔼

⌛LEVERAGE : 20X TO 75...99

💥Use only 1%margin of your total portfolio❤️😘😇",a996350cd9af249968c42d552f00ccae,2026-09-10T18:02:21+00:00,2026-09-13T22:15:35.211270+00:00,963,cryptorichsignal_free00
1258754,29758,"#MET/USDT LONG     

👉Leverage : Cross 10× To 30×
...)  0.2205
2)  0.2280
3)  0.2500

⭕Stoploss : 0.202",c8d665851d91cb4bebb524036a95d246,2026-09-10T18:02:21+00:00,2026-09-13T22:15:35.207943+00:00,963,cryptorichsignal_free00
1258747,29757,"🔴 SHORT

#KAVA/USDT

Entry zone : 0.065405 - 0.063...57435
0.055521

Stop loss :0.067945

Leverage: 10x",d751d1834ca5ffed88743a6c78eefa59,2026-09-10T18:02:21+00:00,2026-09-13T22:15:34.959881+00:00,963,cryptorichsignal_free00
1258746,29756,"BTC/USD BUY

Entry : $ 77322

Target1: $  77854
Target2: $ 79047
Target3: $ 80252

SL : $ 76352",ab7f457730d5a93fa8838ced31cdf27f,2026-09-10T18:02:21+00:00,2026-09-13T22:15:34.945594+00:00,963,cryptorichsignal_free00
1258730,29728,"Doge/Usdt long 🟢
with 0.5% Wallet on market price ...osite movement pe jo 5% around the liq manage zero",0c5ba45523936dd289c9aeb635f19feb,2026-09-10T18:01:46+00:00,2026-09-13T22:15:34.787047+00:00,963,cryptorichsignal_free00
1258728,29727,"⭐️$ETHFI/USDT  LONG

🛡Leverage : Cross 25x50

‼️En...0.6535

Use only 3% - 5% amount of your portfolio🛍",d5a42e45a71c8916bbf0763714b18901,2026-09-10T18:01:46+00:00,2026-09-13T22:15:34.725109+00:00,963,cryptorichsignal_free00
1258764,29726,ETHFIUSDT LONG NOW,46692a97f1626356ee6d80433488ba2d,2026-09-10T18:01:45+00:00,2026-09-13T22:15:35.303517+00:00,963,cryptorichsignal_free00
1258727,29725,"🚀 #ETHFIUSDT LONG SIGNAL 🚀

📌 ENTRY ➜ 0.6660

🎯 TA...ch this move together!

🪙 Trade Smart • Trade Safe",d0b722c604bb4a4b04e5501aefa166b2,2026-09-10T18:01:45+00:00,2026-09-13T22:15:34.711868+00:00,963,cryptorichsignal_free00
1258725,29723,"✨ZEC/USDT

🎗 Trade Type = SHORT 🔴

⭐️ Leverage :- ....95, 1144.46, 1130.96, 1120.45, 1108.04, 1092.73 ]",89187d31c24eda728200508d2145e1a5,2026-09-10T18:01:45+00:00,2026-09-13T22:15:34.013779+00:00,963,cryptorichsignal_free00
1258723,29718,"✅ Long

Pair: #ETC/USDT

📊 Entry Price: 

1) 7.746....114
4) 8.275

Stop Loss: 7.258

Leverage: 10x-20x",6a5247f98965a55be00657b3ec17d21e,2026-09-10T18:01:45+00:00,2026-09-13T22:15:34.005579+00:00,963,cryptorichsignal_free00
1258722,29722,"🌈PAIR:- VTHO/USDT
⚡️ Direction : LONG
🛠 Leverage: ...nt Usage:- 1 - 2%
(According To your Risk Setting)",252319429c966927e5b6645beb5c8998,2026-09-10T18:01:45+00:00,2026-09-13T22:15:34.000886+00:00,963,cryptorichsignal_free00
1258721,29717,"🟢 Long

#DASH/USDT

Entry : 

1) 56.81
2) 55.10

T...) 60.69

🛑 Stop : 53.23

Leverage : 10x (isolated)",7b8efdb1ee479516f272ec5863de2c0d,2026-09-10T18:01:45+00:00,2026-09-13T22:15:33.999877+00:00,963,cryptorichsignal_free00
1258720,29719,"📊 Let’s LONG #MARSCOIN/USDT

💥 Leverage:  Cross 20...) 0.1165
2) 0.1218
3) 0.1280

🔖 Stop Loss: 0.10380",0f59e13b524bbc413b23ba82743997f3,2026-09-10T18:01:45+00:00,2026-09-13T22:15:33.990975+00:00,963,cryptorichsignal_free00
1258719,29721,"#MET /USDT BUY (LONG) 

⚡️Leverage : Cross 25x to ....2020

⚠️Use only 3% - 5% amount of your portfolio",27da5436c1048f61a3d099b097e7f817,2026-09-10T18:01:45+00:00,2026-09-13T22:15:33.945328+00:00,963,cryptorichsignal_free00
1258718,29716,"📈 LONG #ORDER/USDT

🚀 LEVERAGE : 50x

📊 ENTRY PRIC...P🟢0.0412

TP🟢0.0435

STOPLOSS 🔴0.0370


REACTIONS?",5b8d679a9036e679c8376254e78096e5,2026-09-10T18:01:45+00:00,2026-09-13T22:15:33.883164+00:00,963,cryptorichsignal_free00
1266462,30089,"#MET/ USDT — BUY (LONG) 
Leverage: Cross 25x – 50x...T IS KEY
👉 Use ONLY 2 – 3% of your total portfolio",7c6bd68c487998f78151f0ea3682f779,2026-09-11T17:34:17+00:00,2026-09-14T11:19:50.796871+00:00,963,cryptorichsignal_free00
1266447,30092,"EXCHANGE/BYBIT/BITUNIX/OKX📌 


DAY TRADE 🏆

LONG/F...agement 🏆


Use only 5% of your 📈Available balance",0bc1e07dce99a0317005e2214436da17,2026-09-11T17:34:17+00:00,2026-09-14T11:19:50.747447+00:00,963,cryptorichsignal_free00
1266422,30090,"🔰 PAIR: CRV/ USDT 💹

🟢Position: LONG🚀

☑️ Entry Zo...:
🥇 0.3560
🥈 0.3584
🥉 0.3625

❌ Stop Loss: 🔴0.3470",1e7ce2ee18d2f2c7a6ad4feb6f7ae687,2026-09-11T17:34:17+00:00,2026-09-14T11:19:50.519725+00:00,963,cryptorichsignal_free00
1266482,30059,"🚀 #XANUSDT LONG SIGNAL 🚀

📌 ENTRY ➜ 0.01174

🎯 TAK...ch this move together!

🔓 Trade Smart • Trade Safe",d9925c83f257463d6f304bcd6aa88568,2026-09-11T17:33:41+00:00,2026-09-14T11:19:50.974829+00:00,963,cryptorichsignal_free00
1266434,30055,"ETH / USDT 

SHORT SHORT SHORT 

IST ENTRY AT MARKET PRICE 

TP 2600 , 2590

SL 2680

20x Leverage",f35459a70b83b4110ea87a5736cb187f,2026-09-11T17:33:41+00:00,2026-09-14T11:19:50.616423+00:00,963,cryptorichsignal_free00
1266430,30057,"🚨 NEW TRADE SIGNAL 🚨

📊 ETH/USDT — LONG 

📍 ENTRY:...Manage your risk & trade responsibly.

🔥 LET’S GO!",26977d223a15b6d5778c2e8980fe7c16,2026-09-11T17:33:41+00:00,2026-09-14T11:19:50.591126+00:00,963,cryptorichsignal_free00
1266423,30056,"🌈PAIR:- #ETH/USDT
⚡️ Direction : LONG
🛠 Leverage: ...nt Usage:- 1 - 2%
(According To your Risk Setting)",934d88f7fb3b129265d1123eec750fb6,2026-09-11T17:33:41+00:00,2026-09-14T11:19:50.527167+00:00,963,cryptorichsignal_free00
1266457,30044,"#THETA/ USDT — BUY (LONG) 
Leverage: Cross 25x – 5...T IS KEY
👉 Use ONLY 2 – 3% of your total portfolio",ee157bed2280bd93defc06128b050be5,2026-09-11T13:54:16+00:00,2026-09-14T11:19:50.772882+00:00,963,cryptorichsignal_free00
1266451,30051,"#LONG 🟢🔤🔤🔤🔤🔤

#STX/USDT

Margin Mode : Isolated 💎
...6

🟥 SL : 0.2484 - 100%   

📊 LEV : 20X

🇯🇵Premium",a6521b82cd1ff4e42b704229442cbba9,2026-09-11T13:54:16+00:00,2026-09-14T11:19:50.760442+00:00,963,cryptorichsignal_free00
1266432,30049,"📈 LONG #NIULAI/USDT

🚀 LEVERAGE : 50x

📊 ENTRY PRI...3

TP🟢0.148

TP🟢0.154

STOPLOSS 🔴0.133

REACTIONS?",b4c7b82d7152f0753e9be608c1fa702a,2026-09-11T13:54:16+00:00,2026-09-14T11:19:50.602601+00:00,963,cryptorichsignal_free00
1266419,30047,"📊 Let’s LONG #MAGMA/USDT

💥 Leverage:  Cross 20×  ...1) 0.2575
2) 0.2660
3) 0.2780

🔖 Stop Loss: 0.2360",477227ec3ece86817fa5f8354e8050ae,2026-09-11T13:54:16+00:00,2026-09-14T11:19:50.458261+00:00,963,cryptorichsignal_free00
1266416,30053,"#MARSCOIN/ USDT — BUY (LONG) 
Leverage: Cross 25x ...T IS KEY
👉 Use ONLY 2 – 3% of your total portfolio",6f7e6d36cc2d1bc9b00dd7401c5ece76,2026-09-11T13:54:16+00:00,2026-09-14T11:19:50.409293+00:00,963,cryptorichsignal_free00
1266412,30054,"$SOL SHORT (100x) ⚡️

ENTRY : 101👍

TARGETS PRICE:...9.60
2⃣ 98.00
3️⃣ 96.00
🤩 93.38

⛔️STOP LOSS : 108",c44f29ccbbd254d0f97338c731f5c49e,2026-09-11T13:54:16+00:00,2026-09-14T11:19:50.404034+00:00,963,cryptorichsignal_free00
1266402,30050,"💵 𝐒𝐈𝐆𝐍𝐀𝐋 𝐀𝐋𝐄𝐑𝐓 💵

#AIO/USDT (25xSHORT)

✅ ENTRY:0....TARGETS:-0.03950/0.03750/0.034

❌ STOP LOSS: 0.046",b0cc64e8d8b69d1d3beecb5a43aa87cf,2026-09-11T13:54:16+00:00,2026-09-14T11:19:50.150752+00:00,963,cryptorichsignal_free00
1266455,30021,"#MET/USDT BUY (LONG) 

⚡️Leverage : Cross 25x to 5....2590

⚠️Use only 3% - 5% amount of your portfolio",5b58836241f67e22574d131cd17346f3,2026-09-11T13:54:15+00:00,2026-09-14T11:19:50.767787+00:00,963,cryptorichsignal_free00
1266437,30035,"🚨 NEW TRADE SIGNAL 🚨

📊 USELESS/USDT — LONG 

📍 EN...Manage your risk & trade responsibly.

🔥 LET’S GO!",ea4f353aec122b4a5e246e3447f275d9,2026-09-11T13:54:15+00:00,2026-09-14T11:19:50.722565+00:00,963,cryptorichsignal_free00
1266428,30042,"#MAGMA/USDT

📈Signal: long Leverage: Cross 50X

⚡️...even after TP1 is hit.

📣Trade Smart • Follow Risk",a65f4f7dd727ae6f3c409918076237ff,2026-09-11T13:54:15+00:00,2026-09-14T11:19:50.584904+00:00,963,cryptorichsignal_free00
1266426,30037,"ETH/USD SELL 

Entry : $ 2501

Target1: $  2482
Target2: $  2442
Target3: $  2414


SL : $ 2539",9606fda8a195f00a1e7cf5028ad3a934,2026-09-11T13:54:15+00:00,2026-09-14T11:19:50.576355+00:00,963,cryptorichsignal_free00
1266424,30027,"🌈PAIR:- #MET/USDT
⚡️ Direction : LONG
🛠 Leverage: ...nt Usage:- 1 - 2%
(According To your Risk Setting)",4b86a82ba9354c81319c1a4050bd2a9a,2026-09-11T13:54:15+00:00,2026-09-14T11:19:50.530725+00:00,963,cryptorichsignal_free00
1266414,30031,"#USELESS/USDT

📈Signal: long Leverage: Cross 50X

...even after TP1 is hit.

📣Trade Smart • Follow Risk",3830f4220c4c90b99eea89d183a05c1e,2026-09-11T13:54:15+00:00,2026-09-14T11:19:50.409976+00:00,963,cryptorichsignal_free00
1266409,30034,"⭐ RAY /USDT — LONG

💵 ENTRY: 1.6090-1.5500

⚙️ LEV...o

📌 Follow the setup and manage your risk wisely.",9e65d0723304d258d80c15f4d861f62b,2026-09-11T13:54:15+00:00,2026-09-14T11:19:50.352591+00:00,963,cryptorichsignal_free00
1266404,30024,"✅ Long

#ETC/USDT

Entry zone : 7.247 - 7.472

Tak...955
8.178
8.401

Stop loss :6.94896

Leverage: 10x",ed901040bbc888f2005ac05e09dcffdb,2026-09-11T13:54:15+00:00,2026-09-14T11:19:50.273117+00:00,963,cryptorichsignal_free00
1266400,30039,"⭐ FF /USDT — LONG

💵 ENTRY: 0.16400-0.15000

⚙️ LE...o

📌 Follow the setup and manage your risk wisely.",8ac37ae37d7ce88519043a0428b15c41,2026-09-11T13:54:15+00:00,2026-09-14T11:19:49.609305+00:00,963,cryptorichsignal_free00
1266396,30028,"$ETH SHORT ⚡️

ENTRY : 2455👍

TARGETS PRICE:🔼

1️⃣ 2425
2⃣ 2389
3️⃣ 2350
🤩 2277

⛔️STOP LOSS : 2588",812b22f8fe689c82000b1a60c1fd9519,2026-09-11T13:54:15+00:00,2026-09-14T11:19:49.425768+00:00,963,cryptorichsignal_free00
1266395,30018,"💰#LAB / USDT👑

💎Setup Type: Strong LONG  🔖Opportun...TP ➝ 0.07300

4️⃣TP ➝ 0.08700

🚫Stop Loss: 0.05500",1fa711913d6a090db2ca3673dfd4323b,2026-09-11T13:54:14+00:00,2026-09-14T11:19:49.414749+00:00,963,cryptorichsignal_free00
1266392,30017,"#LAB LONG

0.06300

Low fund use high risky",bd57b939bbb1e470b881bb47078aba17,2026-09-11T13:54:14+00:00,2026-09-14T11:19:49.268759+00:00,963,cryptorichsignal_free00
1266292,30012,"💵COIN NAME : #LAB/USDT

📈POSITION : LONG(BUY)

📊 L...
TP3 = 0.064

🔖 STOPLOSS  = 0.056


SHOW REACTIONS",2122ebd27bb34a3d7f80297df68a3731,2026-09-11T13:54:14+00:00,2026-09-14T11:19:37.408017+00:00,963,cryptorichsignal_free00
1266291,30015,"🔰 PAIR: ALICE/ USDT 💹

🟢Position: LONG🚀

☑️ Entry ...:
🥇 0.1264
🥈 0.1272
🥉 0.1284

❌ Stop Loss: 🔴0.1242",fcf86d919fb4ed867497c22bbdfb9a39,2026-09-11T13:54:14+00:00,2026-09-14T11:19:37.406382+00:00,963,cryptorichsignal_free00
1266290,30008,"➡️ #LAB      /USDT (SHORT) 🔽🔽

⌛LEVERAGE : 20X TO ...0


💥Use only 1%margin of your total portfolio❤️😘😇",a81acc92a30b424b097a026df6ea189e,2026-09-11T13:54:14+00:00,2026-09-14T11:19:37.398487+00:00,963,cryptorichsignal_free00
1266284,30007,"🟢ETH/USDT My Short Trade Setup

Leverage 100X

Ent... 2420

Stop Loss  :  2485

Follow Money Management",622722d184b0bae0f98c5ed9f19e0e2d,2026-09-11T13:54:14+00:00,2026-09-14T11:19:37.373886+00:00,963,cryptorichsignal_free00
1266282,30010,"🚨 #FF/USDT | LONG

⚡Leverage: Cross 50x

🎯Entry Ta... follow the signal and secure profits at targets.💎",53e26f12ac0630ce608537f8f45d6751,2026-09-11T13:54:14+00:00,2026-09-14T11:19:37.368999+00:00,963,cryptorichsignal_free00
1266279,30005,"✨ADA/USDT

🎗 Trade Type = SHORT 🔴

⭐️ Leverage :- ...[ 0.2021, 0.1997, 0.1978, 0.1955, 0.1934, 0.1913 ]",6de73c9c677a70d6752ff33a0efc9c94,2026-09-11T13:54:14+00:00,2026-09-14T11:19:37.360030+00:00,963,cryptorichsignal_free00
1266277,29997,"#NIULAI/USDT BUY (LONG) 

⚡️Leverage : Cross 25x t....1420

⚠️Use only 3% - 5% amount of your portfolio",7dc2393c4c29948fb4e1de8d139fe09c,2026-09-11T13:54:14+00:00,2026-09-14T11:19:37.358174+00:00,963,cryptorichsignal_free00
1266266,30004,"💰#ROYSOL #RAY/ USDT👑

💎Setup Type: Strong LONG  🔖O...

🥉TP ➝ 1.7500

4️⃣TP ➝ 1.9500

🚫Stop Loss: 1.4250",06814aa9e7c2976f51886e0b4b301385,2026-09-11T13:54:14+00:00,2026-09-14T11:19:37.235090+00:00,963,cryptorichsignal_free00
1266264,30014,"⭐️$LAB/USDT  LONG

🛡Leverage : Cross 25x50

‼️Entr....05142

Use only 3% - 5% amount of your portfolio🛍",b88affde25a2361a5d9cb72de12b71da,2026-09-11T13:54:14+00:00,2026-09-14T11:19:37.201287+00:00,963,cryptorichsignal_free00
1266261,30000,"📈 LONG #NIULAI/USDT

🚀 LEVERAGE : 50x

📊 ENTRY PRI...8

TP🟢0.156

TP🟢0.165

STOPLOSS 🔴0.136

REACTIONS?",177160e2d0fa68f83d71ac521685d56d,2026-09-11T13:54:14+00:00,2026-09-14T11:19:37.193383+00:00,963,cryptorichsignal_free00
1266253,30009,"🚨 #LAB/USDT | LONG

⚡Leverage: Cross 50x

🎯Entry T... follow the signal and secure profits at targets.💎",0d0529b2a94d0712b36488eff2b5d529,2026-09-11T13:54:14+00:00,2026-09-14T11:19:37.151277+00:00,963,cryptorichsignal_free00
1266250,30006,ETH/USDT SHORT NOW🔥,6476696a7f7a48ac609af71dc84e22fa,2026-09-11T13:54:14+00:00,2026-09-14T11:19:37.116499+00:00,963,cryptorichsignal_free00
1266289,29974,"⭐️$NIULAI/USDT  LONG

🛡Leverage : Cross 25x50

‼️E....09974

Use only 3% - 5% amount of your portfolio🛍",0868c399a24632a3473b55212af80363,2026-09-11T13:54:13+00:00,2026-09-14T11:19:37.395481+00:00,963,cryptorichsignal_free00
1266283,29987,"#4USDT — BUY (LONG) 
🎉
🟢 Leverage: Cross  50x75

⚡...Risk Management:
Use only 2%– 3%of your portfolio.",38595dab214b1dd2c5d21627ef85ec3e,2026-09-11T13:54:13+00:00,2026-09-14T11:19:37.374521+00:00,963,cryptorichsignal_free00
1266274,29985,"💰#VTHO/ USDT👑

💎Setup Type: Strong LONG  🔖Opportun....0007000

4️⃣TP ➝ 0.0008500

🚫Stop Loss: 0.0004700",cb3361cb5059e61581e62f282a9e70d8,2026-09-11T13:54:13+00:00,2026-09-14T11:19:37.352009+00:00,963,cryptorichsignal_free00
1266270,29983,"🔴 SHORT

#NEO/USDT

Entry zone : 2.248 - 2.183

Ta...040
1.974
1.908

Stop loss :2.33581

Leverage: 10x",9ce05e038d63b43edd47b3f292d5eb52,2026-09-11T13:54:13+00:00,2026-09-14T11:19:37.310020+00:00,963,cryptorichsignal_free00
1266260,29984,"#VTHO LONG 0.0005950

USE LOW MARGIN HIGH RISKY",747fb31aa2f216275bee0ea91320af0c,2026-09-11T13:54:13+00:00,2026-09-14T11:19:37.191993+00:00,963,cryptorichsignal_free00
1266257,29992,"🚀 #FFUSDT SHORT SIGNAL 🚀

📌 ENTRY ➜ 0.1652

🎯 TAKE...ch this move together!

🔑 Trade Smart • Trade Safe",d23f64ac8b3773cb493d23ddda8f30b8,2026-09-11T13:54:13+00:00,2026-09-14T11:19:37.184025+00:00,963,cryptorichsignal_free00
1266247,29975,"🔴 SHORT

#THETA/USDT

Entry : 

1) 0.1857
2) 0.191...0.1728

🛑 Stop : 0.1973

Leverage : 10x (isolated)",280b3301d56a3fe5d30755c40fdc88f9,2026-09-11T13:54:13+00:00,2026-09-14T11:19:37.091640+00:00,963,cryptorichsignal_free00
1266246,29972,"🚩 LONG #LSK/USDT

⚙️ 50X LEVERAGE

🛡 Entry: 0.1349...: 0.14050
TP3: 0.14350

🛑 SL: 0.12680

🔥REACTIONS?",566459de7760f1999b28b5b3408f0a11,2026-09-11T13:54:13+00:00,2026-09-14T11:19:37.074969+00:00,963,cryptorichsignal_free00
1266244,29979,"⭐️$SAGA/USDT  LONG

🛡Leverage : Cross 25x50

‼️Ent....01466

Use only 3% - 5% amount of your portfolio🛍",f24af5517da03a4c3616a17766687bac,2026-09-11T13:54:13+00:00,2026-09-14T11:19:37.027947+00:00,963,cryptorichsignal_free00
1266234,29982,"#4/USDT

📈Signal: long Leverage: Cross 50X

⚡️Entr...even after TP1 is hit.

🔈Trade Smart • Follow Risk",c7c944c888f65217b12b6a10c925c450,2026-09-11T13:54:13+00:00,2026-09-14T11:19:36.814212+00:00,963,cryptorichsignal_free00
1266233,29981,"Long #4USDT 0.019800

Tp 0.020325",49d9573dedd254a34666580f9f7d61e7,2026-09-11T13:54:13+00:00,2026-09-14T11:19:36.812294+00:00,963,cryptorichsignal_free00
1266225,29971,LONG #LSK 0.13490,087107495b201f9a1107872c0945dfac,2026-09-11T13:54:12+00:00,2026-09-14T11:19:36.790970+00:00,963,cryptorichsignal_free00
1266286,29963,"📊#FF/USDT–SHORT–30x 🚀

📍 𝐄𝐧𝐭𝐫𝐲 𝐙𝐨𝐧𝐞:

➥ 0.1693, 0....tal.

⚠️ Disclaimer:
Trade at your own risk. DYOR.",540f80c5a3426df273a0f4afcbf957a7,2026-09-11T07:03:19+00:00,2026-09-14T11:19:37.382974+00:00,963,cryptorichsignal_free00
1266276,29962,"Coin #AKE /USDT

Position: LONG 

Leverage:  Cross...rgets: 🎯 0.0154, 0.0175, 0.0207

Stop Loss: 0.0122",9454b47cc463417ed3e4480041622432,2026-09-11T07:03:19+00:00,2026-09-14T11:19:37.355759+00:00,963,cryptorichsignal_free00
1266262,29966,"🚀 $DOGS/USDT PERP 🚀

🟢 LONG

💰 Entry : 0.0000475$ ... – 25X

⛔️ SL : 0.000042$

📌 Use Only 2-5% Capital",7e48456324a47f0f3f12b737ddbda96f,2026-09-11T07:03:19+00:00,2026-09-14T11:19:37.194169+00:00,963,cryptorichsignal_free00
1266252,29967,"🚀 LONG: $MARSCOIN/USDT🚀
LEVERAGE: 20X-50X

🤍 ENTRY...30- 0.1430
—————

❌ STOP LOSS: 0.1040❌


REACTIONS",d967acd57f4e8f830f813afa7c1ccd27,2026-09-11T07:03:19+00:00,2026-09-14T11:19:37.144192+00:00,963,cryptorichsignal_free00
1266248,29964,"⚡️$XAN/USDT⚡️

LONG
Leverage: 25X 

Entry: 0.0118
...h target.

📈 Risk Managed Trade | High R:R Setup 💎",ffe0f9ae4bb72545e48ef31c27d0a377,2026-09-11T07:03:19+00:00,2026-09-14T11:19:37.089052+00:00,963,cryptorichsignal_free00
1266239,29961,"📊 #LSK/USDT

🟢 POSITION: LONG

💰 ENTRY RANGE
➤ 0.1...
➤ 0.105

━━━━━━━━━━━━━━━━━━

✅ Manage risk wisely",d58a5d729d770ef9335e951772f33c22,2026-09-11T07:03:19+00:00,2026-09-14T11:19:36.836767+00:00,963,cryptorichsignal_free00
1266232,29960,"#LSK/USDT LONG     

👉Leverage : Cross 10× To 30×
...

1)  0.137
2)  0.142
3)  0.154

⭕Stoploss : 0.127",6e6e5c30ffce6a82d041b18d76d5a16b,2026-09-11T07:03:19+00:00,2026-09-14T11:19:36.809972+00:00,963,cryptorichsignal_free00
1266210,29965,"Trade: #ENA/USDT

Direction: 📈 LONG 

🟢 Entry Rang...20
• Target 6: 0.1536

💠 Leverage : 5x - 10x - 20x",d9c4274fb7c6eb2fdb31f62937263959,2026-09-11T07:03:19+00:00,2026-09-14T11:19:36.602482+00:00,963,cryptorichsignal_free00
1266207,29959,"#EVAA/USDT LONG     

👉Leverage : Cross 10× To 30×...  0.5285
2)  0.5440
3)  0.5700

⭕Stoploss : 0.4940",43dd2851d36eb30b3be03056abac1d10,2026-09-11T07:03:19+00:00,2026-09-14T11:19:36.527410+00:00,963,cryptorichsignal_free00
1266258,29954,"💵 𝐒𝐈𝐆𝐍𝐀𝐋 𝐀𝐋𝐄𝐑𝐓 💵

#USELESS/USDT (25xSHORT)

✅ ENTR...TARGETS:-0.2010/0.1930/0.1820

❌ STOP LOSS: 0.2370",43717fdae603c28dc6980f83761b72c0,2026-09-11T07:03:18+00:00,2026-09-14T11:19:37.188330+00:00,963,cryptorichsignal_free00
1266241,29951,"🐳 NEWT/USDT #SHORT🐳

✳️ ENTRY :- 0.04120 - 0.04260...0.035

⛔️ STOP-LOSS :- 0.04430

☝️ Margin Use 2–3%",f4d04cf0931593546165a4a8d3c3b9d2,2026-09-11T07:03:18+00:00,2026-09-14T11:19:36.868820+00:00,963,cryptorichsignal_free00
1266240,29953,"✅ Long

#ETC/USDT

Entry zone : 7.397 - 7.626

Tak...119
8.346
8.574

Stop loss :7.09218

Leverage: 10x",6ae1f2de3fecaed25a911cfe1edba815,2026-09-11T07:03:18+00:00,2026-09-14T11:19:36.865095+00:00,963,cryptorichsignal_free00
1266238,29955,"$ZEC/USDT #SHORT📩

✅ENTRY :-1065/1100

Target 1:10...𝐎𝐧𝐥𝐲 𝟏-𝟑% 𝐎𝐟 𝐎𝐮𝐫 𝐃𝐞𝐩𝐨𝐬𝐢𝐭 𝐅𝐨𝐫 𝐄𝐚𝐜𝐡 𝐓𝐫𝐚𝐝𝐞

React,??m",82c972382c15c796baaa5ae613bde2b0,2026-09-11T07:03:18+00:00,2026-09-14T11:19:36.834382+00:00,963,cryptorichsignal_free00
1266236,29947,"#LONG 🟢🔤🔤🔤🔤🔤

#SEI/USDT

Margin Mode : Isolated 💎
...

🟥 SL : 0.04247 - 100%   

📊 LEV : 20X

🇯🇵Premium",187c736ee4115c8b111e686c154001f5,2026-09-11T07:03:18+00:00,2026-09-14T11:19:36.821682+00:00,963,cryptorichsignal_free00
1266220,29950,"🟢 Long

#XMR/USDT

Entry : 

1) 503.74
2) 488.62

...538.20

🛑 Stop : 472.00

Leverage : 10x (isolated)",b1910470d3196bc6816d79a8f5739dcf,2026-09-11T07:03:18+00:00,2026-09-14T11:19:36.771110+00:00,963,cryptorichsignal_free00
1266218,29946,"#NIULAI/USDT BUY (SHORT) 

⚡️Leverage : Cross 25x ....1310

⚠️Use only 3% - 5% amount of your portfolio",514e35d991d4f3fc6004930779579fdc,2026-09-11T07:03:18+00:00,2026-09-14T11:19:36.767484+00:00,963,cryptorichsignal_free00
1266263,29938,"$LSK/USDT

SHORT SHORT SHORT 

IST ENTRY AT MARKET... 0.12608 - 0.12532 - 0.12447

16x Lev 

SL 0.13145",b38539b0df724b5783e2eb8f46e4932a,2026-09-11T07:03:17+00:00,2026-09-14T11:19:37.192617+00:00,963,cryptorichsignal_free00
1266251,29934,"#PTBUSDT — BUY (LONG) 
🎉
🟢 Leverage: Cross  50x75
...Risk Management:
Use only 2%– 3%of your portfolio.",d807c3fe058773e3f0c968c0a48ce16b,2026-09-11T07:03:17+00:00,2026-09-14T11:19:37.117664+00:00,963,cryptorichsignal_free00
1266242,29939,"📊 Let’s LONG #DEXE/USDT

💥 Leverage:  Cross 20×  -...: 

1) 1.970
2) 2.035
3) 2.090

🔖 Stop Loss: 1.805",da23d718ce40208eb0305f7e7fe6f35e,2026-09-11T07:03:17+00:00,2026-09-14T11:19:36.895106+00:00,963,cryptorichsignal_free00
1266224,29941,"📊 Let’s SHORT #LINK/USDT

💥 Leverage:  Cross 20×  ...1.2965
2) 11.1640
3) 10.9400

🔖 Stop Loss: 11.7650",8d99287528fb09ffa08018ee7a9a8553,2026-09-11T07:03:17+00:00,2026-09-14T11:19:36.789669+00:00,963,cryptorichsignal_free00
1266223,29945,"#EVAA/USDT

📈Signal: long Leverage: Cross 50X

⚡️E...even after TP1 is hit.

🔈Trade Smart • Follow Risk",a3337ef5603740cd1ad8c21acaa2ecad,2026-09-11T07:03:17+00:00,2026-09-14T11:19:36.785988+00:00,963,cryptorichsignal_free00
1266217,29942,"📊 Let’s SHORT #LSK/USDT

💥 Leverage:  Cross 20×  -...1) 0.1240
2) 0.1190
3) 0.1120

🔖 Stop Loss: 0.1320",fe9f3b57587bd3455f3171bc54e7c895,2026-09-11T07:03:17+00:00,2026-09-14T11:19:36.763057+00:00,963,cryptorichsignal_free00
1266212,29943,"📊 Let’s LONG #EVAA/USDT

💥 Leverage:  Cross 20×  -...1) 0.5286
2) 0.5450
3) 0.5700

🔖 Stop Loss: 0.4810",83be0115c900048fe1ccc5db90407356,2026-09-11T07:03:17+00:00,2026-09-14T11:19:36.663822+00:00,963,cryptorichsignal_free00
1266209,29937,"#DOTUSDT — BUY (LONG) 
🎉
🟢 Leverage: Cross  50x75
...Risk Management:
Use only 2%– 3%of your portfolio.",7a2288f387ac879bdef191ac85808a4b,2026-09-11T07:03:17+00:00,2026-09-14T11:19:36.590091+00:00,963,cryptorichsignal_free00
1275306,30312,"🚀 LONG: $MINA/USDT🚀
LEVERAGE: 20X-50X

🤍 ENTRY PRI...0- 0.1280
—————

❌ STOP LOSS: 0.09280❌


REACTIONS",be649a50cc972741fd6c06955683d3c4,2026-09-12T07:41:23+00:00,2026-09-14T12:41:47.861369+00:00,963,cryptorichsignal_free00
1275304,30310,"🔴 Short

Pair: #ZIL/USDT

📊 Entry Price: 

1) 0.00...0.0025401

Stop Loss: 0.0029009

Leverage: 10x-20x",7d694ac8dfab6c2b3f6aba60c5d89b48,2026-09-12T07:41:23+00:00,2026-09-14T12:41:47.831370+00:00,963,cryptorichsignal_free00
1275291,30309,"🪙 Coin: #MINA/USDT
🧭 Type: #LONG

📈 Entry Zone:
0.... within the zone and maintain strict risk control.",a6bfb53c23692265af8f4c6131361b9b,2026-09-12T07:41:23+00:00,2026-09-14T12:41:47.778660+00:00,963,cryptorichsignal_free00
1275288,30315,"📊 #MINA/USDT

🟢 POSITION: LONG

💰 ENTRY RANGE
➤ 0....
➤ 0.092

━━━━━━━━━━━━━━━━━━

✅ Manage risk wisely",eaae9f373b0c6557a34a7e0a03993c65,2026-09-12T07:41:23+00:00,2026-09-14T12:41:47.769191+00:00,963,cryptorichsignal_free00
1275281,30314,"📍Coin : #1000BONK/USDT

🟢 LONG 

👉 Entry: 0.002780....002922
🎯 Target 6: 0.002951

❌ StopLoss: 0.002595",d93463efe18982e82cb74d80466e8ae2,2026-09-12T07:41:23+00:00,2026-09-14T12:41:47.755595+00:00,963,cryptorichsignal_free00
1275277,30313,"🚀 $LSK/USDT PERP 🚀

🟢 LONG

💰 Entry : 0.205$ – 0.1... 5X – 25X

⛔️ SL : 0.145$

📌 Use Only 2-5% Capital",1c64ae17624bc34ce635bdca9e32cbb9,2026-09-12T07:41:23+00:00,2026-09-14T12:41:47.746519+00:00,963,cryptorichsignal_free00
1275276,30311,"💵 𝐒𝐈𝐆𝐍𝐀𝐋 𝐀𝐋𝐄𝐑𝐓 💵

#RIVER/USDT (25xLONG)

✅ ENTRY:1...2/1.36

TARGETS:-1.47/1.54/1.63

❌ STOP LOSS: 1.21",bfc1e5273c0fd767fecf18d4bdbdfae4,2026-09-12T07:41:23+00:00,2026-09-14T12:41:47.743719+00:00,963,cryptorichsignal_free00
1275265,30308,"#LSK/USDT LONG     

👉Leverage : Cross 10× To 30×
...

1)  0.221
2)  0.233
3)  0.257

⭕Stoploss : 0.204",4c3bdbf9a88e71b3a8d8540ae7536793,2026-09-12T07:14:40+00:00,2026-09-14T12:41:47.710980+00:00,963,cryptorichsignal_free00
1275293,30306,"⌛#JUP/USDT  ( SHORT )

🍁 Leverage 👉 20X to 25X 

⛩...63 | 0.2339 | 0.2311 | 0.2288

🔕 Stoploss = 0.2527",eae39ec16292cd671bb647543ef05a8e,2026-09-12T07:14:12+00:00,2026-09-14T12:41:47.793712+00:00,963,cryptorichsignal_free00
1275294,30304,"Coin #PUNDIX /USDT

Position: LONG 

Leverage:  Cr...rgets: 🎯 0.1150, 0.1180, 0.1220

Stop Loss: 0.1060",8325124c3472a90ec577edda42e35193,2026-09-12T07:13:35+00:00,2026-09-14T12:41:47.801565+00:00,963,cryptorichsignal_free00
1275289,30305,"Coin #BEAT /USDT

Position: LONG 

Leverage:  Cros...rgets: 🎯 0.0970, 0.1010, 0.1050

Stop Loss: 0.0850",527bc9e7b86bf99ef61de91b351eae3f,2026-09-12T07:13:35+00:00,2026-09-14T12:41:47.774202+00:00,963,cryptorichsignal_free00
1275295,30303,"🚀 $LSK/USDT PERP 🚀

🟢 LONG

💰 Entry : 0.205$ – 0.1... 5X – 25X

⛔️ SL : 0.145$

📌 Use Only 2-5% Capital",1c64ae17624bc34ce635bdca9e32cbb9,2026-09-12T07:12:59+00:00,2026-09-14T12:41:47.805741+00:00,963,cryptorichsignal_free00
1275268,30301,"🚨 NEW TRADE SIGNAL 🚨

📊 4/USDT — LONG 

📍 ENTRY: C...Manage your risk & trade responsibly.

🔥 LET’S GO!",1fb6b6d5081c2befbf38f90d36197000,2026-09-12T07:11:45+00:00,2026-09-14T12:41:47.718134+00:00,963,cryptorichsignal_free00
1275300,30298,"#ETHFIUSDT — BUY (LONG) 
🎉
🟢 Leverage: Cross  50x7...Risk Management:
Use only 2%– 3%of your portfolio.",6a7344cd2e5d3c1d3b4e62670498c52a,2026-09-12T07:11:39+00:00,2026-09-14T12:41:47.816990+00:00,963,cryptorichsignal_free00
1275280,30300,"#SOMIUSDT — BUY (LONG) 
🎉
🟢 Leverage: Cross  50x75...Risk Management:
Use only 2%– 3%of your portfolio.",51a96770f3e7386c95ff4e47f67e571e,2026-09-12T07:11:39+00:00,2026-09-14T12:41:47.749404+00:00,963,cryptorichsignal_free00
1275122,30143,"🚨 #RIVER/USDT | LONG

⚡Leverage: Cross 50x

🎯Entry... follow the signal and secure profits at targets.💎",1194ecc6d6ba35b90816010e16b0594c,2026-09-12T03:37:27+00:00,2026-09-14T12:41:33.719744+00:00,963,cryptorichsignal_free00
1275096,30141,"💰#LAB / USDT👑

💎Setup Type: Strong LONG  🔖Opportun...TP ➝ 0.08500

4️⃣TP ➝ 0.09700

🚫Stop Loss: 0.06400",9b84659b050e3c010918df6e8d501ef9,2026-09-12T03:37:27+00:00,2026-09-14T12:41:33.657605+00:00,963,cryptorichsignal_free00
1275092,30145,"🚨 #SUSHI/USDT / LONG

⚡Leverage: Cross 50x

🎯Entry... follow the signal and secure profits at targets.💎",25e20897cd79acc7c1570da4c29dd9a9,2026-09-12T03:37:27+00:00,2026-09-14T12:41:33.629000+00:00,963,cryptorichsignal_free00
1275085,30142,"✨MINA/USDT

🎗 Trade Type = SHORT 🔴

⭐️ Leverage :-...990, 0.09875, 0.09778, 0.09679, 0.09554, 0.09441 ]",6ad70df88773b8b43a6d173d20d3142b,2026-09-12T03:37:27+00:00,2026-09-14T12:41:33.603781+00:00,963,cryptorichsignal_free00
1275083,30139,"🚨 #DOGS/USDT | LONG

⚡Leverage: Cross 50x

🎯Entry ... follow the signal and secure profits at targets.💎",19cfd01a5ccd074a962fc3871e28db7c,2026-09-12T03:37:27+00:00,2026-09-14T12:41:33.598544+00:00,963,cryptorichsignal_free00
1275073,30140,"$BATUSDT

LONG

RR : 2

LEVERAGE : 20x

ENTRY : 0....1

TAKE PROFITS 👇

1️⃣ 0.07494

STOPLOSS : 0.06952",cf094843644c7946ab7961779227935e,2026-09-12T03:37:27+00:00,2026-09-14T12:41:33.556721+00:00,963,cryptorichsignal_free00
1275066,30144,"🚨 #NIULAI/USDT | SHORT

⚡Leverage: Cross 50x

🎯Ent... follow the signal and secure profits at targets.💎",6b3d05b80dff31098b6fc98f7275c79c,2026-09-12T03:37:27+00:00,2026-09-14T12:41:33.494066+00:00,963,cryptorichsignal_free00
1275131,30138,"🚀 #TSTUSDT LONG SIGNAL 🚀

📌 ENTRY ➜ 0.01562

🎯 TAK...ch this move together!

🔓 Trade Smart • Trade Safe",f70f768df40200679e6e0242db272659,2026-09-11T17:34:55+00:00,2026-09-14T12:41:33.761772+00:00,963,cryptorichsignal_free00
1275106,30132,"✅ Long

Pair: #ATOM/USDT

📊 Entry Price: 

1) 1.67....754
4) 1.789

Stop Loss: 1.569

Leverage: 10x-20x",8fdcba3be5219ab1dd93ba0fdd47a5c1,2026-09-11T17:34:55+00:00,2026-09-14T12:41:33.675469+00:00,963,cryptorichsignal_free00
1275095,30128,"🟢 Long

#DOT/USDT

Entry : 

1) 1.056400
2) 1.0247...8673

🛑 Stop : 0.989846

Leverage : 10x (isolated)",b6e4abcbc22392da567a48fd92980cc5,2026-09-11T17:34:55+00:00,2026-09-14T12:41:33.653382+00:00,963,cryptorichsignal_free00
1275072,30130,LAB LONG 0.06375 TP1 0.06500,e7486addea9105a563234283910b1421,2026-09-11T17:34:55+00:00,2026-09-14T12:41:33.552750+00:00,963,cryptorichsignal_free00
1275065,30127,"🚨 #LAB/USDT | LONG

⚡Leverage: Cross 50x

🎯Entry T... follow the signal and secure profits at targets.💎",4433168da5f47480761a9ade4d5c129e,2026-09-11T17:34:55+00:00,2026-09-14T12:41:33.453327+00:00,963,cryptorichsignal_free00
1275063,30126,"#LABUSDT — BUY (LONG) 
🎉
🟢 Leverage: Cross  50x75
...Risk Management:
Use only 2%– 3%of your portfolio.",c793d470fd980edf762d1cfc532d9ea6,2026-09-11T17:34:55+00:00,2026-09-14T12:41:33.401351+00:00,963,cryptorichsignal_free00
1275057,30131,"🚀 #LABUSDT LONG SIGNAL 🚀

📌 ENTRY ➜ 0.06375

🎯 TAK...ch this move together!

🔓 Trade Smart • Trade Safe",f370434978b01f0a2970b3a79b805c42,2026-09-11T17:34:55+00:00,2026-09-14T12:41:33.335382+00:00,963,cryptorichsignal_free00
1281530,30444,"Pair: #ONDO/USDT

Long • (25X)

Entry
0.3471 - 0.3...t your own risk. Always use proper risk management",20afab003adc0605cea6d302ca5ef18d,2026-09-12T22:00:12+00:00,2026-09-14T13:59:51.810743+00:00,963,cryptorichsignal_free00
1281526,30443,"✅ Long

#ETH/USDT

Entry zone : 2439.55 - 2515.00
...2752.66
2827.74

Stop loss :2338.95

Leverage: 10x",d0addbd1e8eeb026761a3d0b50733b1b,2026-09-12T22:00:12+00:00,2026-09-14T13:59:51.795894+00:00,963,cryptorichsignal_free00
1281492,30437,"Long #FLOCK 75x 0.07900

Tp: 0.08200",48ff844167da41940b2ea476bffe23d9,2026-09-12T18:33:51+00:00,2026-09-14T13:59:51.449174+00:00,963,cryptorichsignal_free00
1281419,30413,"⌛#TAO/USDT  ( SHORT )

🍁 Leverage 👉 20X to 25X 

⛩...42 | 224.35 | 221.61 | 219.07

🔕 Stoploss = 248.07",8deb3163c3ae35929d64fca6c0daa42c,2026-09-12T18:33:27+00:00,2026-09-14T13:59:36.737158+00:00,963,cryptorichsignal_free00
1281418,30414,"$NEARUSDT

SHORT

RR : 2

LEVERAGE : 40x

ENTRY : 2.387

TAKE PROFITS 👇

1️⃣ 2.324

STOPLOSS : 2.418",1d737cb100a5f480efdaff74519b56b0,2026-09-12T18:33:27+00:00,2026-09-14T13:59:36.730318+00:00,963,cryptorichsignal_free00
1281416,30412,"✅ Long

Pair: #TRB/USDT

📊 Entry Price: 

1) 17.33...57
4) 18.519

Stop Loss: 16.241

Leverage: 10x-20x",8f78b3164a25281433f6f7f488f3eb00,2026-09-12T18:33:27+00:00,2026-09-14T13:59:36.707926+00:00,963,cryptorichsignal_free00
1281415,30410,"🟢 Long

#BCH/USDT

Entry : 

1) 228.58
2) 221.72

...244.21

🛑 Stop : 214.17

Leverage : 10x (isolated)",36a66c8fd80b2c6d560e2b8671fb8044,2026-09-12T18:33:27+00:00,2026-09-14T13:59:36.583546+00:00,963,cryptorichsignal_free00
1281414,30411,"✅ Long

#DASH/USDT

Entry zone : 54.03 - 55.71

Ta....31
60.97
62.63

Stop loss :51.8103

Leverage: 10x",0b76a03c25cce8fb980b87eb31260582,2026-09-12T18:33:27+00:00,2026-09-14T13:59:36.550989+00:00,963,cryptorichsignal_free00
1281413,30409,"🔰 PAIR: ETH/ USDT 💹

🔴Position: SHORT🚀

☑️ Entry Z... Targets:
🥇 2532
🥈 2528
🥉 2520

❌ Stop Loss: 🔴2546",add0eadc7cbde9c0b2dc801195df4637,2026-09-12T18:33:27+00:00,2026-09-14T13:59:36.517813+00:00,963,cryptorichsignal_free00
1281412,30408,"🟢LONG  #BTCUSDT

🔶 Entry : 77300 - 77400

➡️ Lever...ake Profit Targets :

👉 78400

🛑 Stop Loss : 76200",b5b9d7b2a3358e53dff71a64fa8b3c80,2026-09-12T18:33:27+00:00,2026-09-14T13:59:36.467834+00:00,963,cryptorichsignal_free00
1281410,30407,"📈 LONG #LSK/USDT

🚀 LEVERAGE : 50x

📊 ENTRY PRICE ...

TP🟢0.270

TP🟢0.280

STOPLOSS 🔴0.242


REACTIONS?",4072fe254a6e3e8ddffc760d12ded276,2026-09-12T18:33:27+00:00,2026-09-14T13:59:36.428156+00:00,963,cryptorichsignal_free00
1281409,30404,"Link/Usdt long 🟢
with 0.5% Wallet on market price ...osite movement pe jo 5% around the liq manage zero",3d7097107e2096484d570d18ee203e25,2026-09-12T18:33:27+00:00,2026-09-14T13:59:36.408605+00:00,963,cryptorichsignal_free00
1281408,30405,"LONG —SUI

Entry: 0.7284

Targets: 0.7357 / 0.7479... 0.8041

Stop: 0.6915

Move SL to entry after TP1.",a15825628ad048486866a498967f7450,2026-09-12T18:33:27+00:00,2026-09-14T13:59:36.397047+00:00,963,cryptorichsignal_free00
1281407,30403,"✨HBAR/USDT

🎗 Trade Type = LONG 🟢

⭐️ Leverage :- ...526, 0.07611, 0.07673, 0.07757, 0.07841, 0.07940 ]",a21b6a78cf203be469eaa7f7073fd52b,2026-09-12T18:33:27+00:00,2026-09-14T13:59:36.334970+00:00,963,cryptorichsignal_free00
1281406,30402,"🚀 LONG
CELO/USDT
ENTRY 0.08085

🚀 0.08379
🚀 0.0889... CROSS )
LEVRAGE 10x- 40x

1% WALLET 

DCA 0.07878",01f2a89cc3b34f59210a03f3a5e403d7,2026-09-12T18:33:26+00:00,2026-09-14T13:59:36.316084+00:00,963,cryptorichsignal_free00
1281405,30401,"🚀 LONG: $TA/USDT
LEVERAGE: 50x

✔️ENTRY PRICE: 0.0...-0.06700-0.07000

STOP LOSS:  0.05850


REACTIONS?",e655b1eb0f81e8270328894c30cf0396,2026-09-12T18:33:26+00:00,2026-09-14T13:59:36.230817+00:00,963,cryptorichsignal_free00
1281404,30400,"$FLOCK LONG NOW📊

ENTRY (0.07150)🔄

TPS (0.07400-0.07672-0.08100)🔼

STOP (0.06000)⛔️",e726db4a9644851387bd9f560054658d,2026-09-12T18:33:26+00:00,2026-09-14T13:59:36.208864+00:00,963,cryptorichsignal_free00
1281403,30398,"⭐ LSK /USDT — LONG

💵 ENTRY: 0.23000-0.22000

⚙️ L...o

📌 Follow the setup and manage your risk wisely.",09ca1dabb3c85acc981158aca1055920,2026-09-12T18:33:26+00:00,2026-09-14T13:59:36.103380+00:00,963,cryptorichsignal_free00
1281402,30399,"🚨 #GRIFFAIN/USDT | LONG

⚡Leverage: Cross 50x

🎯En... follow the signal and secure profits at targets.💎",6360dc9810fe3e3045e27562c826d33d,2026-09-12T18:33:26+00:00,2026-09-14T13:59:36.082288+00:00,963,cryptorichsignal_free00
1281401,30396,"🚨 #LSK/USDT | LONG

⚡Leverage: Cross 50x

🎯Entry T... follow the signal and secure profits at targets.💎",0359bc7d5e5a65b9b27bb86baa6f0250,2026-09-12T18:33:26+00:00,2026-09-14T13:59:36.035118+00:00,963,cryptorichsignal_free00
1281400,30397,LSK long now,dabe7b188c1258c6e534fa78a8e25535,2026-09-12T18:33:26+00:00,2026-09-14T13:59:36.014165+00:00,963,cryptorichsignal_free00
1281399,30395,"#SHORT 🔴 🔤🔤🔤🔤🔤

#STX/USDT 

Margin Mode : Isolated...2529

🟩 SL : 0.2729- 100%

📊 LEV : 30X

🇯🇵 Premium",330b4dfbfd57be6f897e5f254dd66fde,2026-09-12T18:33:26+00:00,2026-09-14T13:59:36.003595+00:00,963,cryptorichsignal_free00
1281398,30392,"📈 LONG #LSK/USDT

🚀 LEVERAGE : 50x

📊 ENTRY PRICE ...7

TP🟢0.234

TP🟢0.246

STOPLOSS 🔴0.210

REACTIONS?",7bad34ae1d6f0e18b1ef3e6bd0d0e690,2026-09-12T18:33:26+00:00,2026-09-14T13:59:36.001996+00:00,963,cryptorichsignal_free00
1281397,30394,"➡️ #LSK       /USDT (SHORT) 🔽🔽

⌛LEVERAGE : 20X TO...9


💥Use only 1%margin of your total portfolio❤️😘😇",fad0b99e2fe5cec7028f415b2f518b27,2026-09-12T18:33:26+00:00,2026-09-14T13:59:36.001049+00:00,963,cryptorichsignal_free00
1281396,30393,"📈 LONG #LSK/USDT

🚀 LEVERAGE : 50x

📊 ENTRY PRICE ...
TP🟢0.250

TP🟢0.260

STOPLOSS 🔴0.223



REACTIONS?",d661e5f7927e2203967d00e99ba03618,2026-09-12T18:33:26+00:00,2026-09-14T13:59:35.971617+00:00,963,cryptorichsignal_free00
1281394,30391,"🔴 SHORT

#KAVA/USDT

Entry : 

1) 0.070910
2) 0.07...6004

🛑 Stop : 0.075377

Leverage : 10x (isolated)",7995d9d94ca0ff76e711218d5c3a61a6,2026-09-12T18:33:26+00:00,2026-09-14T13:59:35.881216+00:00,963,cryptorichsignal_free00
1281393,30388,"#LAB/ USDT — BUY (LONG) 
Leverage: Cross 25x – 50x...T IS KEY
👉 Use ONLY 2 – 3% of your total portfolio",386700c60541754c484189c0fc08ef91,2026-09-12T18:33:26+00:00,2026-09-14T13:59:35.783122+00:00,963,cryptorichsignal_free00
1281392,30387,"🚀 #OPENUSDT LONG SIGNAL 🚀

📌 ENTRY ➜ 0.1328

🎯 TAK...ch this move together!

🔓 Trade Smart • Trade Safe",73942b547784cc806a4644a6f6406e6a,2026-09-12T18:33:26+00:00,2026-09-14T13:59:35.741774+00:00,963,cryptorichsignal_free00
1281391,30386,"🚀 #JCTUSDT LONG SIGNAL 🚀

📌 ENTRY ➜ 0.001584

🎯 TA...ch this move together!

🔓 Trade Smart • Trade Safe",beb3670759459e6648c24abdae9b7015,2026-09-12T18:33:25+00:00,2026-09-14T13:59:35.640213+00:00,963,cryptorichsignal_free00
1281388,30381,"🚨 #UNI/USDT | LONG

⚡Leverage: Cross 50x

🎯Entry T... follow the signal and secure profits at targets.💎",ab11cd2e324d9379fc30a93c807afe75,2026-09-12T18:33:25+00:00,2026-09-14T13:59:35.401546+00:00,963,cryptorichsignal_free00
1281389,30379,"⭐ RIVER /USDT — LONG

💵 ENTRY: 1.2700-1.2000

⚙️ L...o

📌 Follow the setup and manage your risk wisely.",8d509b1929fe2bdbfe2a808d98b2b50d,2026-09-12T12:32:52+00:00,2026-09-14T13:59:35.531985+00:00,963,cryptorichsignal_free00
1281384,30375,"⭐ TA /USDT — LONG

💵 ENTRY: 0.05940-0.05500

⚙️ LE...o

📌 Follow the setup and manage your risk wisely.",fb215f22bce4b957f3cb9df19aaf6edc,2026-09-12T12:32:52+00:00,2026-09-14T13:59:35.133029+00:00,963,cryptorichsignal_free00
1281382,30371,"↗️ LONG #LAB 50x

📌 Entry: 0.07450

🎯 TP: 0.07600
...t Usage: 1-3%
⚠️ According to your risk management",9984872fb163c117673e200c0d4a2a8e,2026-09-12T12:32:52+00:00,2026-09-14T13:59:35.012034+00:00,963,cryptorichsignal_free00
1281381,30372,"💫 Pair: USELESS/USDT  💫

🔼 Direction: Long 🔼

✅ Le...Take Profit: 0.2650 📈

⚠️ Stop Loss: 0.2120 ⚠️

📈📈",caeaddeda9be8cecab58a1ae071fe0dd,2026-09-12T12:32:52+00:00,2026-09-14T13:59:35.011083+00:00,963,cryptorichsignal_free00
1281380,30370,"⭐ LSK /USDT — SHORT

💵 ENTRY: 0.02200-0.02300

⚙️ ...o

📌 Follow the setup and manage your risk wisely.",f4cd5bb71a97f7cfb0af81faa670fcbe,2026-09-12T12:32:52+00:00,2026-09-14T13:59:34.999304+00:00,963,cryptorichsignal_free00
1281379,30369,Short lsk now,0c4b759346bf6b7ffa6ad38cf96d3d0d,2026-09-12T12:32:52+00:00,2026-09-14T13:59:34.988637+00:00,963,cryptorichsignal_free00
1281378,30373,"#ACE | SHORT SETUP

💰 Entry: $0.15993

🎯 Target1: ...t4: $0.15385
🎯 Target5: $0.15161

🛡 STOP: $0.16793",46d72ecb540d421aedad3ef51ae77279,2026-09-12T12:32:52+00:00,2026-09-14T13:59:34.984371+00:00,963,cryptorichsignal_free00
1281361,30367,"#FLOCK/USDT

📈Signal: long Leverage: Cross 20X

⚡️...even after TP1 is hit.

📣Trade Smart • Follow Risk",d7123575ad8d00d06c657595a37814a5,2026-09-12T12:32:52+00:00,2026-09-14T13:59:34.749466+00:00,963,cryptorichsignal_free00
1281345,30368,"🔘 Coin : #4/USDT 🔘

🔴 SHORT

🔺Entry🔻: 0.022931

⭐️... 0.021783

♦️ StopLoss : 0.023718

🔱 Leverage: 25x",4a0ae642e63c836b0413981945e151fd,2026-09-12T12:32:52+00:00,2026-09-14T13:59:34.569724+00:00,963,cryptorichsignal_free00
1281376,30356,"🟢HYPE/USDT My Long Trade 

Leverage 75X

Entry Poi...0.500

Stop Loss   78.500

Follow Money Management",d1947827b3108fc8da9ddd6279dab953,2026-09-12T12:32:51+00:00,2026-09-14T13:59:34.901692+00:00,963,cryptorichsignal_free00
1281371,30357,"🔰 PAIR: OP/ USDT 💹

🟢Position: LONG🚀

☑️ Entry Zon...:
🥇 0.0977
🥈 0.0982
🥉 0.0992

❌ Stop Loss: 🔴0.0960",5bc15de9121c195727cd785581501e23,2026-09-12T12:32:51+00:00,2026-09-14T13:59:34.853714+00:00,963,cryptorichsignal_free00
1281370,30359,"➡️ #UAI       /USDT (SHORT) 🔽🔽

⌛LEVERAGE : 20X TO...9


💥Use only 1%margin of your total portfolio❤️😘😇",e76e734f9064d2a5066a438435aa5294,2026-09-12T12:32:51+00:00,2026-09-14T13:59:34.834403+00:00,963,cryptorichsignal_free00
1281368,30362,"📊#UAI/USDT — LONG

⚡️ Leverage : 10X – 30X

💹Entry...Entry After TP1

⚖️ Follow Proper Risk Management.",293a56064d13bba6c1d7e922aa07987a,2026-09-12T12:32:51+00:00,2026-09-14T13:59:34.823959+00:00,963,cryptorichsignal_free00
1281366,30360,"🚨 #UAI/USDT | LONG

⚡Leverage: Cross 50x

🎯Entry T... follow the signal and secure profits at targets.💎",366ab19e34feebf7082be6bc527cd940,2026-09-12T12:32:51+00:00,2026-09-14T13:59:34.768570+00:00,963,cryptorichsignal_free00
1281348,30364,"⭐️$LSK/USDT  SHORT

🛡Leverage : Cross 25x50

‼️Ent....24729

Use only 3% - 5% amount of your portfolio🛍",0eb13ac447b1af7dbc62cbe163089a86,2026-09-12T12:32:51+00:00,2026-09-14T13:59:34.578756+00:00,963,cryptorichsignal_free00
1281347,30352,"Coin #MOVR/USDT

Position: LONG 

Leverage:  Cross...0.77

Targets: 🎯 0.81, 0.83, 0.85

Stop Loss: 0.75",cb3c4d988670584cbc8e3859318e6afc,2026-09-12T12:32:51+00:00,2026-09-14T13:59:34.577283+00:00,963,cryptorichsignal_free00
1281334,30358,"🛎️ Trade: #SOMI/USDT

Direction: 📈 LONG 

🟢 Entry ...74
• Target 6: 0.1589

💠 Leverage : 5x - 10x - 20x",2c465f60c9b39ddde3f0380afe0da8bc,2026-09-12T12:32:51+00:00,2026-09-14T13:59:34.373881+00:00,963,cryptorichsignal_free00
1281328,30361,"💰#LSK/ USDT👑

💎Setup Type: Strong LONG  🔖Opportuni...TP ➝ 0.24000

4️⃣TP ➝ 0.32000

🚫Stop Loss: 0.17700",92a9a96677667d6a37df6dd29573bde8,2026-09-12T12:32:51+00:00,2026-09-14T13:59:34.219989+00:00,963,cryptorichsignal_free00
1281325,30363,LSKUSDT SHORT NOW,500bece0a648b9bb1c188bb449aedb6f,2026-09-12T12:32:51+00:00,2026-09-14T13:59:34.201633+00:00,963,cryptorichsignal_free00
1281309,30355,"🚨 #AKE/USDT | SHORT

⚡Leverage: Cross 50x

🎯Entry ... follow the signal and secure profits at targets.💎",c99bcc647e0b04016b1d06dcfa12501c,2026-09-12T12:32:51+00:00,2026-09-14T13:59:34.088679+00:00,963,cryptorichsignal_free00
1281305,30351,"🚀 #SOPHUSDT LONG SIGNAL 🚀

📌 ENTRY ➜ 0.004813

🎯 T...ch this move together!

🔓 Trade Smart • Trade Safe",a11887d9b739d041a4e902f809332a23,2026-09-12T12:32:51+00:00,2026-09-14T13:59:34.007325+00:00,963,cryptorichsignal_free00
1281303,30354,"➡️ #RIVER      /USDT (LONG) 🔼🔼

⌛LEVERAGE : 20X TO...0


💥Use only 1%margin of your total portfolio❤️😘😇",92be073ae72374828053d8e357a0a8da,2026-09-12T12:32:51+00:00,2026-09-14T13:59:33.997986+00:00,963,cryptorichsignal_free00
1281373,30347,"#RIVER/USDT SHORT     

👉Leverage : Cross 10× To 3...t

1)  1.253
2)  1.230
3)  1.200

⭕Stoploss : 1.36",bdba8ac53d3417211a8da70365f819be,2026-09-12T09:51:11+00:00,2026-09-14T13:59:34.873382+00:00,963,cryptorichsignal_free00
1281356,30349,"#LSKUSDT — BUY (LONG) 
🎉
🟢 Leverage: Cross  50x75
...Risk Management:
Use only 2%– 3%of your portfolio.",43c96bac35873d4b4db306375b21883c,2026-09-12T09:51:11+00:00,2026-09-14T13:59:34.692070+00:00,963,cryptorichsignal_free00
1281372,30336,"🔴 SHORT

#KAVA/USDT

Entry zone : 0.070318 - 0.068...1750
0.059691

Stop loss :0.0730489

Leverage: 10x",1e8443a459db3b2a29c6324f5e326970,2026-09-12T09:51:10+00:00,2026-09-14T13:59:34.872610+00:00,963,cryptorichsignal_free00
1281369,30338,"💰#UNI / USDT👑

💎Setup Type: Strong LONG  🔖Opportun...600

🥉TP ➝ 7.500

4️⃣TP ➝ 8.300

🚫Stop Loss: 5.500",07cce642c868dc9cfabf23d44fba04c7,2026-09-12T09:51:10+00:00,2026-09-14T13:59:34.832526+00:00,963,cryptorichsignal_free00
1281343,30333,"🐳 LSK/USDT #SHORT🐳

✳️ ENTRY :- 0.195 - 0.204

💢 L...: 0.170

⛔️ STOP-LOSS :- 0.218

☝️ Margin Use 2–3%",11d72abec0febf18f9c9e33392d40a24,2026-09-12T09:51:10+00:00,2026-09-14T13:59:34.494175+00:00,963,cryptorichsignal_free00
1281342,30344,"✅ Long

Pair: #ALGO/USDT

📊 Entry Price: 

1) 0.09...) 0.098753

Stop Loss: 0.086606

Leverage: 10x-20x",e7e9e77ba00c55b2d92a7fcba142cfc0,2026-09-12T09:51:10+00:00,2026-09-14T13:59:34.471168+00:00,963,cryptorichsignal_free00
1281323,30346,"🚨 #LAB/USDT — TRADE LONG

LEVERAGE 25X TO 50X

⚡️ ...
⛔️ STOP LOSS: 0.07000

🪖 NO FEAR — JUST PROFITS 🧲",2d112489d8762a698490bea90c2f7200,2026-09-12T09:51:10+00:00,2026-09-14T13:59:34.156737+00:00,963,cryptorichsignal_free00
1281322,30342,LABUSDT LONG NOW,f9c09a92d4c106bd6f674e990fc11f34,2026-09-12T09:51:10+00:00,2026-09-14T13:59:34.143596+00:00,963,cryptorichsignal_free00
1281312,30335,"Coin #LSK/USDT

Position: LONG 

Leverage:  Cross ...rgets: 🎯 0.2025, 0.2080, 0.2140

Stop Loss: 0.1875",6c2a3a8e6c7c8a501e4f7dffacdcb3bd,2026-09-12T09:51:10+00:00,2026-09-14T13:59:34.104128+00:00,963,cryptorichsignal_free00
1281306,30343,"⭐️$LAB/USDT  LONG

🛡Leverage : Cross 25x50

‼️Entr....06092

Use only 3% - 5% amount of your portfolio🛍",da342ef42e3a6febf8985c8499f8d031,2026-09-12T09:51:10+00:00,2026-09-14T13:59:34.079798+00:00,963,cryptorichsignal_free00
1281304,30332,"📊#GRIFFAIN/USDT–LONG–30x 🚀

📍 𝐄𝐧𝐭𝐫𝐲 𝐙𝐨𝐧𝐞:

➥ 0.013...tal.

⚠️ Disclaimer:
Trade at your own risk. DYOR.",223b3203c2ff1e47d6df4df9992e153a,2026-09-12T09:51:10+00:00,2026-09-14T13:59:34.006340+00:00,963,cryptorichsignal_free00
1281302,30339,"⚡️$KAVA/USDT⚡️

SHORT 
Leverage: 35X 

Entry: 0.07....063808
4)0.061750
5)0.059691

Stoploss: 0.0730489",ae3ddce1fe6d3ef9f8f12fae8cd7ded1,2026-09-12T09:51:10+00:00,2026-09-14T13:59:33.982128+00:00,963,cryptorichsignal_free00
1281301,30331,"#ALCH/USDT

📈Signal: long Leverage: Cross 20X

⚡️E...even after TP1 is hit.

📣Trade Smart • Follow Risk",ad407dbb463e195d1601a60f24cd7a2c,2026-09-12T09:51:10+00:00,2026-09-14T13:59:33.909482+00:00,963,cryptorichsignal_free00
1281299,30328,"🔴 SHORT

#ZRX/USDT

Entry : 

1) 0.1068
2) 0.1100
...0.0994

🛑 Stop : 0.1135

Leverage : 10x (isolated)",200e5e2cec7e8fb84e69eb72d807f8bf,2026-09-12T09:51:09+00:00,2026-09-14T13:59:33.769518+00:00,963,cryptorichsignal_free00
1281296,30327,"#GRIFFAIN/USDT LONG     

👉Leverage : Cross 10× To...  0.0135
2)  0.0137
3)  0.0143

⭕Stoploss : 0.0127",e98a228a1a00acde13d3da4bd54b34aa,2026-09-12T09:51:09+00:00,2026-09-14T13:59:33.708855+00:00,963,cryptorichsignal_free00
1281295,30325,"📊 Let’s LONG #NIULAI/USDT

💥 Leverage:  Cross 20× ...1) 0.1595
2) 0.1740
3) 0.1900

🔖 Stop Loss: 0.1150",ebeabe8c4bb385fe8785ed737f166338,2026-09-12T07:41:23+00:00,2026-09-14T13:59:33.698308+00:00,963,cryptorichsignal_free00
1281286,30323,"🌹 #PUNDIX/USDT

🟢 LONG

✅ Entry: 0.113- 0.1096

❌ ...l advice.
💰 Stay disciplined. Protect your capital",c634b554599b326c657ca976d1252215,2026-09-12T07:41:23+00:00,2026-09-14T13:59:33.315849+00:00,963,cryptorichsignal_free00
1281282,30318,"🔴 SHORT

#KAVA/USDT

Entry zone : 0.069051 - 0.067...0637
0.058616

Stop loss :0.0717328

Leverage: 10x",bd6b59ec66532ff33038bca8d47011c0,2026-09-12T07:41:23+00:00,2026-09-14T13:59:32.766557+00:00,963,cryptorichsignal_free00
1281281,30320,"↗️ SPOT CALL (BINANCE)

#TUT/USDT 🥂

BUY BELOW: Ma... 0.02300 - 0.02600++ 🔥🔥

No Leverage — Spot Only 💎",66b1ca1377332349998dcdead061bf40,2026-09-12T07:41:23+00:00,2026-09-14T13:59:32.748270+00:00,963,cryptorichsignal_free00
1281280,30317,"$PUNDIX/USDT #LONG📩

✅ENTRY :-0.1080/0.1030

Targe...𝐎𝐧𝐥𝐲 𝟏-𝟑% 𝐎𝐟 𝐎𝐮𝐫 𝐃𝐞𝐩𝐨𝐬𝐢𝐭 𝐅𝐨𝐫 𝐄𝐚𝐜𝐡 𝐓𝐫𝐚𝐝𝐞

React,??m",250ddf1b56bb194a3ab6ba1131f00c44,2026-09-12T07:41:23+00:00,2026-09-14T13:59:32.682345+00:00,963,cryptorichsignal_free00
1286389,30678,"➡️ #AR      /USDT (SHORT) 🔽🔽

⌛LEVERAGE : 20X TO 7...0


💥Use only 1%margin of your total portfolio❤️😘😇",0825b1b697c94809e51044f61a618c93,2026-09-13T18:22:01+00:00,2026-09-14T15:15:49.084019+00:00,963,cryptorichsignal_free00
1286388,30677,"✅ Long

#IOST/USDT

Entry zone : 0.00075514 - 0.00...
0.00087530

Stop loss :0.000724005

Leverage: 10x",cd6562e753584aad298eec12b311d808,2026-09-13T18:22:01+00:00,2026-09-14T15:15:49.062083+00:00,963,cryptorichsignal_free00
1286387,30675,"$AR buying Setup 

Entry : CMP till  2.619 
TP: 3.... 30% now $AR time both same category coins storage",c4a8bd319ce2f9210a84b1008ad946be,2026-09-13T18:22:00+00:00,2026-09-14T15:15:49.060429+00:00,963,cryptorichsignal_free00
1286385,30673,"🚨 #LSK/USDT | LONG

⚡Leverage: Cross 50x

🎯Entry T... follow the signal and secure profits at targets.💎",853cc73f7e4b0396f1bad4db25024313,2026-09-13T18:22:00+00:00,2026-09-14T15:15:48.998692+00:00,963,cryptorichsignal_free00
1286384,30674,"📉 SHORT #LSK/USDT 

🚀 LEVERAGE : 50x

📊 ENTRY PRIC....01

TP🟢0.97

TP🟢0.92

STOPLOSS 🔴1.11


REACTIONS?",628d7c46019f432ce425153f05314000,2026-09-13T18:22:00+00:00,2026-09-14T15:15:48.945340+00:00,963,cryptorichsignal_free00
1286383,30672,"➡️ #FIL      /USDT (SHORT) 🔽🔽

⌛LEVERAGE : 20X TO ...0


💥Use only 1%margin of your total portfolio❤️😘😇",b067c4d6f3bc17bca297690ab4f9ce81,2026-09-13T18:22:00+00:00,2026-09-14T15:15:48.914957+00:00,963,cryptorichsignal_free00
1286382,30671,"✅Entry 0.06040-0.05940

(🆘LONG STEEMUSDT 5-20x🆘)

... $0.06370
🏹Target 6  $0.06440

🚫Stop loss -0.05741",8225a771403a35272e0db69b60471d5c,2026-09-13T18:22:00+00:00,2026-09-14T15:15:48.868929+00:00,963,cryptorichsignal_free00
1286381,30670,LONG STEEM 0.060404,57944bb2353180ecc4f669c83750a939,2026-09-13T18:22:00+00:00,2026-09-14T15:15:48.849535+00:00,963,cryptorichsignal_free00
1286379,30661,"📉 SHORT #CVC/USDT 

🚀 LEVERAGE : 50x

📊 ENTRY PRIC...TP🟢0.0333

TP🟢0.0320

STOPLOSS 🔴0.0376

REACTIONS?",8579c6db98a84499fb33d8b0286c2d25,2026-09-13T18:22:00+00:00,2026-09-14T15:15:48.460669+00:00,963,cryptorichsignal_free00
1286378,30659,"$CVC

OPEN SHORT NOW

TP (0.03300-0.03100)

SL (0.04272)",68fbf8876fbb2f7177b5ac2af061e8a4,2026-09-13T18:22:00+00:00,2026-09-14T15:15:48.452716+00:00,963,cryptorichsignal_free00
1286376,30657,"🚀 #LSKUSDT LONG SIGNAL 🚀

📌 ENTRY ➜ 0.9308

🎯 TAKE...ch this move together!

🔓 Trade Smart • Trade Safe",260206a5b9a8e7f433ad156d1c39cfd7,2026-09-13T18:22:00+00:00,2026-09-14T15:15:48.352990+00:00,963,cryptorichsignal_free00
1286374,30658,"🚨 #VTHO/USDT | SHORT

⚡Leverage: Cross 50x

🎯Entry... follow the signal and secure profits at targets.💎",fa97a4b1da92edaa7114cf05ecb3f449,2026-09-13T18:22:00+00:00,2026-09-14T15:15:48.343818+00:00,963,cryptorichsignal_free00
1286375,30656,"🔘 Coin : #BTW/USDT 🔘

🔴 SHORT

🔺Entry🔻: 0.7049

⭐️... - 0.64255

♦️ StopLoss : 0.73241

🔱 Leverage: 25x",526b6d5c05221daf21b737507b352eee,2026-09-13T18:21:59+00:00,2026-09-14T15:15:48.350869+00:00,963,cryptorichsignal_free00
1286373,30655,"🚀 #LSKUSDT LONG SIGNAL 🚀

📌 ENTRY ➜ 0.9308

🎯 TAKE...ch this move together!

🔓 Trade Smart • Trade Safe",eca1d6826589190e305155ff5971334a,2026-09-13T18:21:59+00:00,2026-09-14T15:15:48.332675+00:00,963,cryptorichsignal_free00
1286372,30651,"🚀 LONG: $STEEM/USDT
LEVERAGE: 50x

✔️ENTRY PRICE: ...-0.06800-0.07000

STOP LOSS:  0.05800


REACTIONS?",2d63d07f2c0a375122a6f0b6c4d19929,2026-09-13T18:21:59+00:00,2026-09-14T15:15:48.277936+00:00,963,cryptorichsignal_free00
1286371,30654,LSK LONG 0.9307 TP1 0.9515,9446d4d67308ea3e074d19f35df237c1,2026-09-13T18:21:59+00:00,2026-09-14T15:15:48.264505+00:00,963,cryptorichsignal_free00
1286370,30653,"⭐ LSK /USDT — LONG

💵 ENTRY: 0.91800-0.8500

⚙️ LE...o

📌 Follow the setup and manage your risk wisely.",36058cad30adbcf6dd1530f0b00d483e,2026-09-13T18:21:59+00:00,2026-09-14T15:15:48.227728+00:00,963,cryptorichsignal_free00
1286369,30652,Long LSK now 0.918,212e7b60c78c609e784e8db9e9144ae2,2026-09-13T18:21:59+00:00,2026-09-14T15:15:48.225738+00:00,963,cryptorichsignal_free00
1286368,30650,"🚨 #PUNDIX/USDT | SHORT

⚡Leverage: Cross 50x

🎯Ent... follow the signal and secure profits at targets.💎",62f9590cc34c770cc311a0a3214db5bc,2026-09-13T18:21:59+00:00,2026-09-14T15:15:48.205890+00:00,963,cryptorichsignal_free00
1286366,30649,"🔴 SHORT

#IOTA/USDT

Entry : 

1) 0.041460
2) 0.04...8591

🛑 Stop : 0.044071

Leverage : 10x (isolated)",cfcb53ab41c1db3549095315dddfb893,2026-09-13T18:21:59+00:00,2026-09-14T15:15:48.192119+00:00,963,cryptorichsignal_free00
1286365,30647,"Pair: #NEAR/USDT

Short • (25X)

Entry
2.295 - 2.3...t your own risk. Always use proper risk management",233decbdf527c866f6f20f497efcc7ba,2026-09-13T18:21:59+00:00,2026-09-14T15:15:48.189892+00:00,963,cryptorichsignal_free00
1286364,30646,"Pair: #CATI/USDT

Short • (5X)

Entry
0.07010 - 0....t your own risk. Always use proper risk management",4ac5a540a1da6fc4502fa4ad764cf2b7,2026-09-13T18:21:59+00:00,2026-09-14T15:15:48.187441+00:00,963,cryptorichsignal_free00
1286363,30645,"🚀 #BIGTIMEUSDT LONG SIGNAL 🚀

📌 ENTRY ➜ 0.007818

...ch this move together!

🔓 Trade Smart • Trade Safe",f620db6e7a0bad2cf367e6d8fc079c18,2026-09-13T18:21:59+00:00,2026-09-14T15:15:48.099222+00:00,963,cryptorichsignal_free00
1286362,30643,"💫 Pair: INJ/USDT  💫

🔼 Direction: Long 🔼

✅ Levera...
📈 Take Profit: 6.60 📈

⚠️ Stop Loss: 5.700 ⚠️

📈📈",7e159dd7d08312935ed54b2fdb9aab20,2026-09-13T18:21:59+00:00,2026-09-14T15:15:48.090992+00:00,963,cryptorichsignal_free00
1286361,30642,"⭐️$LSK/USDT  LONG

🛡Leverage : Cross 25x50

‼️Entr....60550

Use only 3% - 5% amount of your portfolio🛍",d063fa3998dcd36b0ae7b902e8d03773,2026-09-13T18:21:59+00:00,2026-09-14T15:15:48.085961+00:00,963,cryptorichsignal_free00
1286360,30640,"⭐️$CVC/USDT  SHORT

🛡Leverage : Cross 25x50

‼️Ent....04528

Use only 3% - 5% amount of your portfolio🛍",0bf9b89c891b3d7eb37fcc9e2fca9cae,2026-09-13T18:21:59+00:00,2026-09-14T15:15:48.083056+00:00,963,cryptorichsignal_free00
1286350,30637,"#WLD $WLD LONG TRADE

ENTRY: 0.396

TARGET: 0.427

STOPLOSS: 0.388",ac16c173d0de1d4cbfd5fc0c1372316e,2026-09-13T18:21:59+00:00,2026-09-14T15:15:47.941802+00:00,963,cryptorichsignal_free00
1286346,30641,LSKUSDT LONG NOW,07887acd90ec447520841ce4b3124c9c,2026-09-13T18:21:59+00:00,2026-09-14T15:15:47.918539+00:00,963,cryptorichsignal_free00
1286344,30638,"🪙#CVC/USDT

🚩POSITION — LONG

🔒  LEVERAGE — 20X75
...0.04470
TP🥉: 0.04700

⛔️ SL: 0.03800

🔥REACTIONS?😜",96aa1d49fe936dbfcd06df6339b91175,2026-09-13T18:21:59+00:00,2026-09-14T15:15:47.910948+00:00,963,cryptorichsignal_free00
1286347,30636,"💰#BERA/ USDT👑

💎Setup Type: Strong LONG  🔖Opportun...

🥉TP ➝ 0.2500

4️⃣TP ➝ 0.3200

🚫Stop Loss: 0.1600",d73760f0298f0bab74a41101d4d4344c,2026-09-13T18:21:58+00:00,2026-09-14T15:15:47.921723+00:00,963,cryptorichsignal_free00
1286355,30633,"💰#STEEM/ USDT👑

💎Setup Type: Strong SHORT  🔖Opport...TP ➝ 0.06000

4️⃣TP ➝ 0.05500

🚫Stop Loss: 0.07400",391a472c5b120ffb55266024b56b030b,2026-09-13T14:39:49+00:00,2026-09-14T15:15:48.035556+00:00,963,cryptorichsignal_free00
1286342,30635,"📉 SHORT #ARK/USDT 

🚀 LEVERAGE : 50x

📊 ENTRY PRIC...0

TP🟢0.163

TP🟢0.155

STOPLOSS 🔴0.183

REACTIONS?",7ec4a0e5f7dd8caecff63ef4eecd1a1b,2026-09-13T14:39:49+00:00,2026-09-14T15:15:47.897774+00:00,963,cryptorichsignal_free00
1286358,30629,"DOGE/USDT Long Trade Setup⭐️

Leverage 75X

Entry ...8520

Stop Loss   0.08305

Follow Money Management",c038b5bfafc7d8569f16a1a240d9c95e,2026-09-13T12:40:08+00:00,2026-09-14T15:15:48.056692+00:00,963,cryptorichsignal_free00
1286354,30631,"📈 LONG #LSK/USDT

🚀 LEVERAGE : 50x

📊 ENTRY PRICE ...70

TP🟢1.00

TP🟢1.04

STOPLOSS 🔴0.890


REACTIONS?",cfc00ddae4b5a0aec7eca1faa91505c9,2026-09-13T12:40:08+00:00,2026-09-14T15:15:48.017949+00:00,963,cryptorichsignal_free00
1286337,30632,"➡️ #CVC       /USDT (SHORT) 🔽🔽

⌛LEVERAGE : 20X TO...6


💥Use only 1%margin of your total portfolio❤️😘😇",04ddd3d57048b96cb59f30069ac1e25f,2026-09-13T12:40:08+00:00,2026-09-14T15:15:47.893107+00:00,963,cryptorichsignal_free00
1286336,30628,"⭐️$STEEM/USDT  SHORT

🛡Leverage : Cross 25x50

‼️E....08723

Use only 3% - 5% amount of your portfolio🛍",6bba5333fea0bf5cf6e86b9a3dec2fd3,2026-09-13T12:40:08+00:00,2026-09-14T15:15:47.878663+00:00,963,cryptorichsignal_free00
1286353,30624,"🔴 SHORT

#ZIL/USDT

Entry : 

1) 0.0029390
2) 0.00...356

🛑 Stop : 0.0031241

Leverage : 10x (isolated)",6927be9a998a7808cdbde85dff746fe4,2026-09-13T12:13:10+00:00,2026-09-14T15:15:47.999296+00:00,963,cryptorichsignal_free00
1286352,30626,"#REZ/ USDT — BUY (LONG) 
Leverage: Cross 25x – 50x...T IS KEY
👉 Use ONLY 2 – 3% of your total portfolio",239da11f66ece09e93d4e65645b2f709,2026-09-13T12:13:10+00:00,2026-09-14T15:15:47.995199+00:00,963,cryptorichsignal_free00
1286357,30621,"Coin #LSK /USDT

Position: SHORT 

Leverage:  Cros...1.03

Targets: 🎯 0.92, 0.86, 0.79

Stop Loss: 1.07",dd62d7b5b750d5e202f326ff2729a056,2026-09-13T12:13:09+00:00,2026-09-14T15:15:48.044318+00:00,963,cryptorichsignal_free00
1286348,30618,"✨NEAR/USDT

🎗 Trade Type = SHORT 🔴

⭐️ Leverage :-...fit = [ 2.254, 2.231, 2.206, 2.189, 2.162, 2.134 ]",a3c67548ca5e48a1633b29de26589f09,2026-09-13T12:13:09+00:00,2026-09-14T15:15:47.931432+00:00,963,cryptorichsignal_free00
1286343,30619,"🔴 SHORT

#THETA/USDT

Entry zone : 0.2165 - 0.2102...
0.1901
0.1837

Stop loss :0.224914

Leverage: 10x",e9cfc2351bd4adc35010f2c46051f798,2026-09-13T12:13:09+00:00,2026-09-14T15:15:47.899686+00:00,963,cryptorichsignal_free00
1286338,30617,"🚀 #TAIKOUSDT LONG SIGNAL 🚀

📌 ENTRY ➜ 0.08490

🎯 T...ch this move together!

🔓 Trade Smart • Trade Safe",e21f60c2dc50afbbdadabba967c01671,2026-09-13T12:13:09+00:00,2026-09-14T15:15:47.893870+00:00,963,cryptorichsignal_free00
1286335,30616,"#BTW/USDT

📈Signal: long Leverage: Cross 20X

⚡️En...even after TP1 is hit.

📣Trade Smart • Follow Risk",f2adab61d9315db6242afa298984e3c9,2026-09-13T12:13:09+00:00,2026-09-14T15:15:47.831411+00:00,963,cryptorichsignal_free00
1286220,30612,"#PUNDIXUSDT — BUY (LONG) 
🎉
🟢 Leverage: Cross  50x...Risk Management:
Use only 2%– 3%of your portfolio.",6472391af3780adb3e67707c76abf77c,2026-09-13T12:13:09+00:00,2026-09-14T15:15:35.673512+00:00,963,cryptorichsignal_free00
1286185,30613,"Long #ARK 50x 0.1840

Tp: 0.1900",ccd3407761c3fb4d4f4b04f861878790,2026-09-13T12:13:09+00:00,2026-09-14T15:15:35.465208+00:00,963,cryptorichsignal_free00
1286228,30609,"✅ Long

Pair: #ATOM/USDT

📊 Entry Price: 

1) 1.57....652
4) 1.685

Stop Loss: 1.478

Leverage: 10x-20x",7f6516eecbd60479bd22188127c813a2,2026-09-13T09:53:19+00:00,2026-09-14T15:15:35.752342+00:00,963,cryptorichsignal_free00
1286242,30599,"🚀 LONG: $AVA/USDT
LEVERAGE: 50x

✔️ENTRY PRICE: 0....2100-0.2180-0.2350

STOP LOSS:  0.1940

REACTIONS?",6b97001fe943fca5fc97034d1407eb97,2026-09-13T09:53:18+00:00,2026-09-14T15:15:35.807093+00:00,963,cryptorichsignal_free00
1286239,30606,"🔰 PAIR: SAND/ USDT 💹

🟢Position: LONG🚀

☑️ Entry Z...0.03594
🥈 0.03623
🥉 0.03677

❌ Stop Loss: 🔴0.03495",6a4c62f59be80f211b5332ef69e12d91,2026-09-13T09:53:18+00:00,2026-09-14T15:15:35.795911+00:00,963,cryptorichsignal_free00
1286234,30594,API3 LONG 0.2520 TP1 0.2582,3e658bab0c013cdcd3792ca9d394d3dd,2026-09-13T09:53:18+00:00,2026-09-14T15:15:35.767227+00:00,963,cryptorichsignal_free00
1286232,30607,"$LTCUSDT

SHORT

RR : 2

LEVERAGE : 40x

ENTRY : 53.86

TAKE PROFITS 👇

1️⃣ 52.45

STOPLOSS : 54.56",9c52684485dce151155fbd310958afd8,2026-09-13T09:53:18+00:00,2026-09-14T15:15:35.755253+00:00,963,cryptorichsignal_free00
1286229,30604,"⭐ ARK /USDT — LONG

💵 ENTRY: 0.1700-0.1680

⚙️ LEV...o

📌 Follow the setup and manage your risk wisely.",3db54b440872ae9b035a7ee7e911b9f2,2026-09-13T09:53:18+00:00,2026-09-14T15:15:35.753039+00:00,963,cryptorichsignal_free00
1286215,30601,"$AVA SHORTNOW

ENTRY: 0.195- 0.200

TP:- 0.185- 0.175- 0.160

SL:- 0.0220",5ad02fca1e487ce08f149cd93c3b0ffa,2026-09-13T09:53:18+00:00,2026-09-14T15:15:35.621519+00:00,963,cryptorichsignal_free00
1286213,30598,"🌈PAIR:- #ARK/USDT
⚡️ Direction : LONG
🛠 Leverage: ...nt Usage:- 1 - 2%
(According To your Risk Setting)",d8667ca01257c77d79c35f0a5860988b,2026-09-13T09:53:18+00:00,2026-09-14T15:15:35.617884+00:00,963,cryptorichsignal_free00
1286210,30597,"#ANIMEUSDT — BUY (LONG) 
🎉
🟢 Leverage: Cross  50x7...Risk Management:
Use only 2%– 3%of your portfolio.",157f28f3a50c23b0b3f22006a3003f64,2026-09-13T09:53:18+00:00,2026-09-14T15:15:35.605807+00:00,963,cryptorichsignal_free00
1286207,30605,"🚀 $API3/USDT PERP 🚀

🟢 LONG

💰 Entry : 0.255$ – 0.... 5X – 25X

⛔️ SL : 0.210$

📌 Use Only 2-5% Capital",1114fb2672ca60d0a9f3fdd71503f96e,2026-09-13T09:53:18+00:00,2026-09-14T15:15:35.597643+00:00,963,cryptorichsignal_free00
1286203,30602,"🚀 LONG: $ARK/USDT
LEVERAGE: 50x

✔️ENTRY PRICE: 0....750-0.1800-0.1900

STOP LOSS:  0.1600


REACTIONS?",26d70642447c3cfd0c99a42c9a78f7ba,2026-09-13T09:53:18+00:00,2026-09-14T15:15:35.587846+00:00,963,cryptorichsignal_free00
1286201,30593,"#PUNDIX / USDT — BUY (LONG) 
Leverage: Cross 25x –...T IS KEY
👉 Use ONLY 2 – 3% of your total portfolio",d6f9c912fca494c994db8d4e45ade66d,2026-09-13T09:53:18+00:00,2026-09-14T15:15:35.582539+00:00,963,cryptorichsignal_free00
1286200,30595,"🚀 #API3USDT LONG SIGNAL 🚀

📌 ENTRY ➜ 0.2520

🎯 TAK...ch this move together!

🔓 Trade Smart • Trade Safe",07f9146db80e979bb00b582cf8f05f86,2026-09-13T09:53:18+00:00,2026-09-14T15:15:35.581548+00:00,963,cryptorichsignal_free00
1286240,30581,"#LONG 🟢🔤🔤🔤🔤🔤

#SEI/USDT

Margin Mode : Isolated 💎
...

🟥 SL : 0.04247 - 100%   

📊 LEV : 20X

🇯🇵Premium",187c736ee4115c8b111e686c154001f5,2026-09-13T09:53:17+00:00,2026-09-14T15:15:35.797200+00:00,963,cryptorichsignal_free00
1286238,30574,"🔴 Short

Pair: #NEO/USDT

📊 Entry Price: 

1) 2.25....141
4) 2.094

Stop Loss: 2.391

Leverage: 10x-20x",407d168edba99dd8fec543d0f74545bb,2026-09-13T09:53:17+00:00,2026-09-14T15:15:35.791159+00:00,963,cryptorichsignal_free00
1286236,30578,"📊 #POWR/USDT

🟢 POSITION: LONG

💰 ENTRY RANGE
➤ 0....
➤ 0.070

━━━━━━━━━━━━━━━━━━

✅ Manage risk wisely",258da97a21a3872f7fbd37d1e28f6dfd,2026-09-13T09:53:17+00:00,2026-09-14T15:15:35.781593+00:00,963,cryptorichsignal_free00
1286231,30580,"🚀 $KAVA/USDT PERP 🚀

🟢 LONG

💰 Entry : 0.0815$ – 0... 5X – 25X

⛔️ SL : 0.066$

📌 Use Only 2-5% Capital",aa8755ab276a63cd5d61d261e8966ca6,2026-09-13T09:53:17+00:00,2026-09-14T15:15:35.757224+00:00,963,cryptorichsignal_free00
1286230,30582,#LSK SHORT 0.803,7e1aa1d7dcd6fa29377cc5701d30ed15,2026-09-13T09:53:17+00:00,2026-09-14T15:15:35.754108+00:00,963,cryptorichsignal_free00
1286224,30585,"$POLYX/USDT #LONG📩

✅ENTRY :-0.041/0.03950

Target...𝐎𝐧𝐥𝐲 𝟏-𝟑% 𝐎𝐟 𝐎𝐮𝐫 𝐃𝐞𝐩𝐨𝐬𝐢𝐭 𝐅𝐨𝐫 𝐄𝐚𝐜𝐡 𝐓𝐫𝐚𝐝𝐞

React,??m",88510197c5ebe07a0d0f7e47be41efea,2026-09-13T09:53:17+00:00,2026-09-14T15:15:35.678903+00:00,963,cryptorichsignal_free00
1286221,30584,"📍Coin : #AVNT/USDT

🟢 LONG 

👉 Entry: 0.1018 - 0.0...t 5: 0.1069
🎯 Target 6: 0.1080

❌ StopLoss: 0.0962",ed782693be84771e601c341d3b39f5c3,2026-09-13T09:53:17+00:00,2026-09-14T15:15:35.674331+00:00,963,cryptorichsignal_free00
1286219,30589,"🐳 POLYX/USDT #LONG🐳

✳️ ENTRY :- 0.042 - 0.040

💢 ...: 0.048

⛔️ STOP-LOSS :- 0.038

☝️ Margin Use 2–3%",06ee3892aed9f94a2e01a06a6ebe5062,2026-09-13T09:53:17+00:00,2026-09-14T15:15:35.668193+00:00,963,cryptorichsignal_free00
1286214,30588,"🟢GRIFFAIN/USDT 📈

📈 long Setup 

💰 Entry Zone: 0.0...et 1. 
✅ Move SL to breakeven after Target 1 hits.",3a95630eea51bee33a9f5f9a9fbd6e05,2026-09-13T09:53:17+00:00,2026-09-14T15:15:35.620531+00:00,963,cryptorichsignal_free00
1286211,30571,"#OPENUSDT — BUY (LONG) 
🎉
🟢 Leverage: Cross  50x75...Risk Management:
Use only 2%– 3%of your portfolio.",bd00cc9e2a7d991249e7b03b8052f901,2026-09-13T09:53:17+00:00,2026-09-14T15:15:35.608720+00:00,963,cryptorichsignal_free00
1286209,30576,"🔴 SHORT

#QTUM/USDT

Entry zone : 0.986843 - 0.958...66601
0.837714

Stop loss :1.025167

Leverage: 10x",bdf8cdf41c6320908c372856c4a42126,2026-09-13T09:53:17+00:00,2026-09-14T15:15:35.606508+00:00,963,cryptorichsignal_free00
1286208,30591,"⭐️$STEEM/USDT  SHORT

🛡Leverage : Cross 25x50

‼️E....08534

Use only 3% - 5% amount of your portfolio🛍",2a17757d143ba8c97e01c12b53ea3af6,2026-09-13T09:53:17+00:00,2026-09-14T15:15:35.604438+00:00,963,cryptorichsignal_free00
1286205,30570,"📊#FLOCK/USDT — LONG

⚡️ Leverage : 10X – 30X

💹Ent...Entry After TP1

⚖️ Follow Proper Risk Management.",a0127940963e8ba093c93f070c2cda26,2026-09-13T09:53:17+00:00,2026-09-14T15:15:35.595205+00:00,963,cryptorichsignal_free00
1286204,30583,"#LSK/USDT SHORT     

👉Leverage : Cross 10× To 30×...fit

1)  0.76
2)  0.65
3)  0.53

⭕Stoploss : 0.920",1aac9cc3cb7dbe5628c148c25a13d05e,2026-09-13T09:53:17+00:00,2026-09-14T15:15:35.591116+00:00,963,cryptorichsignal_free00
1286190,30569,"#CTR/USDT

📈Signal: long Leverage: Cross 20X

⚡️En...even after TP1 is hit.

📣Trade Smart • Follow Risk",9b645a03b4b1f4cecbfcadbe2f520211,2026-09-13T09:53:17+00:00,2026-09-14T15:15:35.475132+00:00,963,cryptorichsignal_free00
1286186,30573,"🚀 #BIGTIMEUSDT LONG SIGNAL 🚀

📌 ENTRY ➜ 0.007548

...ch this move together!

🔓 Trade Smart • Trade Safe",c39aabcac200eac1221f958d8a858098,2026-09-13T09:53:17+00:00,2026-09-14T15:15:35.466049+00:00,963,cryptorichsignal_free00
1286176,30586,"🟢 Long

#TRX/USDT

Entry : 

1) 0.33938
2) 0.32919...36259

🛑 Stop : 0.31799

Leverage : 10x (isolated)",cad3f91ba398a659672a16f661bd5f99,2026-09-13T09:53:17+00:00,2026-09-14T15:15:35.329754+00:00,963,cryptorichsignal_free00
1286174,30587,"🔰 KAVA/USDT 🔰

🟢 LONG 20X

🔳 ENTRY :- 0.079

☑️ TARGET:- 0.081 - 0.085 - 0.091

🔴 STOP :- 0.074",d5409e498526b37474dd67dd02dea77e,2026-09-13T09:53:17+00:00,2026-09-14T15:15:35.321890+00:00,963,cryptorichsignal_free00
1286173,30575,"🔴 Short

Pair: #KAVA/USDT

📊 Entry Price: 

1) 0.0...) 0.074828

Stop Loss: 0.085454

Leverage: 10x-20x",dc8927bcf3aa599abf1a447e5a0c008e,2026-09-13T09:53:17+00:00,2026-09-14T15:15:35.320262+00:00,963,cryptorichsignal_free00
1294425,31041,"BTC/USD SELL 

Entry : $  78350

Target1: $  77600
Target2: $ 76900
Target3: $ 75035

SL : $ 79400",954f2f0ab6c1ba89fcb6f1f57b97dc56,2026-09-14T17:37:03+00:00,2026-09-14T17:58:31.663635+00:00,963,cryptorichsignal_free00
1294413,31044,"🔴SHORT  #BTCUSDT

🔶 Entry : 78700 - 78800

➡️ Leve...ake Profit Targets :

👉 78000

🛑 Stop Loss : 79600",3687e8199fd05698c5a2ba493b22affd,2026-09-14T17:37:03+00:00,2026-09-14T17:58:31.582756+00:00,963,cryptorichsignal_free00
1294435,31037,"🚀 #AIOUSDT LONG SIGNAL 🚀  LEVERAGE 50X-75X

📌 ENTR...ch this move together!

🔓 Trade Smart • Trade Safe",e13c2d1ea1b3a912c044577efc90ad21,2026-09-14T17:37:02+00:00,2026-09-14T17:58:31.703770+00:00,963,cryptorichsignal_free00
1294434,31035,"LONG — UNI

Entry: 6.353

Targets: 6.418 / 6.527 /... / 6.997

Stop: 6.034

Move SL to entry after TP1.",997bd100be3d8c97a00a9a36eb62c759,2026-09-14T17:37:02+00:00,2026-09-14T17:58:31.696618+00:00,963,cryptorichsignal_free00
1294431,31036,AIO LONG 0.03935 TP1 0.04020,34e2ed19a01cfa5e94d168bf842826a7,2026-09-14T17:37:02+00:00,2026-09-14T17:58:31.682361+00:00,963,cryptorichsignal_free00
1294430,31031,"⭐ LA /USDT — SHORT

💵 ENTRY: 0.07200-0.07500

⚙️ L...o

📌 Follow the setup and manage your risk wisely.",6db93517c78cbc7c3831d94aa8a89bd0,2026-09-14T17:37:02+00:00,2026-09-14T17:58:31.681540+00:00,963,cryptorichsignal_free00
1294421,31021,"🚨 #FIL/USDT | LONG

⚡Leverage: Cross 50x

🎯Entry T... follow the signal and secure profits at targets.💎",5d1872a68afc36e5c2b41fcaa00fff02,2026-09-14T17:37:02+00:00,2026-09-14T17:58:31.638059+00:00,963,cryptorichsignal_free00
1294420,31027,"👑 #BR /USDT — TRADE LONG

LEVERAGE 25X TO 50X

🤑 E...⛔️ STOP LOSS: 0.4940

⚡️ NO FEAR — JUST PROFITS ✔️",db2f7afadb4a5c360cf1b211aefe53d6,2026-09-14T17:37:02+00:00,2026-09-14T17:58:31.636864+00:00,963,cryptorichsignal_free00
1294419,31038,"➡️ #MTL     /USDT (LONG) 🔼🔼

⌛LEVERAGE : 20X TO 75...



💥Use only 1%margin of your total portfolio❤️😘😇",53c93c56ba27e1aaf32ecab0cff6605f,2026-09-14T17:37:02+00:00,2026-09-14T17:58:31.632493+00:00,963,cryptorichsignal_free00
1294411,31018,"⭐ T /USDT — LONG

💵 ENTRY: 0.005230-0.005000

⚙️ L...o

📌 Follow the setup and manage your risk wisely.",08f406d9ab15c663e7473169eff47269,2026-09-14T14:38:13+00:00,2026-09-14T17:58:31.554698+00:00,963,cryptorichsignal_free00
1294409,31019,"⭐ SKYAI /USDT — LONG

💵 ENTRY: 0.052500-0.05000

⚙...o

📌 Follow the setup and manage your risk wisely.",c29755c0412b55b5977732f62ebcf087,2026-09-14T14:38:13+00:00,2026-09-14T17:58:31.542845+00:00,963,cryptorichsignal_free00
1294406,31017,"🚨 SHORT 
STEEM/USDT
ENTRY 0.05455

🚀 0.05340
🚀 0.0...ROSS
🚨 STOPLOSS 0.0602
LEVRAGE 10X-40X 

3% WALLET",f753fe2836d4f69412d20fe2010fa9fd,2026-09-14T14:38:13+00:00,2026-09-14T17:58:31.492051+00:00,963,cryptorichsignal_free00
1294418,31016,"⭐ REZ /USDT — LONG

💵 ENTRY: 0.004500-0.004000

⚙️...o

📌 Follow the setup and manage your risk wisely.",2b2161e08ddca31aacb6b327468547f8,2026-09-14T14:23:41+00:00,2026-09-14T17:58:31.623043+00:00,963,cryptorichsignal_free00
1294311,31008,"📈 LONG #T/USDT 

🚀 LEVERAGE : 50x

📊 ENTRY PRICE  ....00570

TP🟢0.00600

STOPLOSS 🔴0.00497


REACTIONS?",8a5ed3aabcab74df471e0fa7f294ecf4,2026-09-14T14:22:34+00:00,2026-09-14T17:58:17.293093+00:00,963,cryptorichsignal_free00
1294306,30999,"#LSK/USDT

📈Signal: short Leverage: Cross 50X

⚡️E...even after TP1 is hit.

📣Trade Smart • Follow Risk",9fc2e5b53e39fcb14387a3b7c4f836c0,2026-09-14T14:22:34+00:00,2026-09-14T17:58:17.207873+00:00,963,cryptorichsignal_free00
1294302,31009,"⭐ AVAAI /USDT — LONG

💵 ENTRY: 0.01170-0.01110

⚙️...o

📌 Follow the setup and manage your risk wisely.",f8a3e4ec3226a12cd6edab953be7ee8c,2026-09-14T14:22:34+00:00,2026-09-14T17:58:17.199404+00:00,963,cryptorichsignal_free00
1294296,31011,"⭐️$LA/USDT  SHORT

🛡Leverage : Cross 25x50

‼️Entr...0.0774

Use only 3% - 5% amount of your portfolio🛍",cd5113c395527aabee1e2f137a8bc66f,2026-09-14T14:22:34+00:00,2026-09-14T17:58:17.189201+00:00,963,cryptorichsignal_free00
1294298,30997,"EXCHANGE/BYBIT/BITUNIX/OKX📌 


DAY TRADE 🏆

SHORT/...agement 🏆


Use only 5% of your 📈Available balance",913345ab73a091d7cdebbcf4e5470712,2026-09-14T14:22:34+00:00,2026-09-14T17:58:17.187133+00:00,963,cryptorichsignal_free00
1294288,31002,"#AVAAIUSDT — BUY (LONG) 
🎉
🟢 Leverage: Cross  50x7...Risk Management:
Use only 2%– 3%of your portfolio.",86f5658026aa93f95c92600f9f9fe02d,2026-09-14T14:22:34+00:00,2026-09-14T17:58:17.168777+00:00,963,cryptorichsignal_free00
1294283,31012,"⭐ AIN /USDT — LONG

💵 ENTRY: 0.10550-0.10200

⚙️ L...o

📌 Follow the setup and manage your risk wisely.",409c7ddeaa3d2d97a4c3f67ea6c26fb9,2026-09-14T14:22:34+00:00,2026-09-14T17:58:17.144932+00:00,963,cryptorichsignal_free00
1294261,30998,"Short lsk 0.4535 50x

Tp 1 0.4350",533bb9ad13d2accfae3ccfee80dcebd1,2026-09-14T14:22:34+00:00,2026-09-14T17:58:17.035689+00:00,963,cryptorichsignal_free00
1294256,31007,"🚀 #XPINUSDT LONG SIGNAL 🚀  LEVERAGE 50X-75X

📌 ENT...ch this move together!

🔓 Trade Smart • Trade Safe",d1241810ad7669dfb162e5c994704e3d,2026-09-14T14:22:34+00:00,2026-09-14T17:58:16.988566+00:00,963,cryptorichsignal_free00
1294255,31005,"#AVAAIUSDT — BUY (LONG) 
🎉
🟢 Leverage: Cross  50x7...Risk Management:
Use only 2%– 3%of your portfolio.",86f5658026aa93f95c92600f9f9fe02d,2026-09-14T14:22:34+00:00,2026-09-14T17:58:16.971712+00:00,963,cryptorichsignal_free00
1294253,31013,"🔴 Short

Pair: #KAVA/USDT

📊 Entry Price: 

1) 0.0...) 0.062364

Stop Loss: 0.071221

Leverage: 10x-20x",3015c3ca8fba81aeb8bef1bf9ccaf699,2026-09-14T14:22:34+00:00,2026-09-14T17:58:16.943228+00:00,963,cryptorichsignal_free00
1294290,30991,"📊 Let’s LONG #AIN/USDT

💥 Leverage:  Cross 20×  - ...1) 0.0100
2) 0.1050
3) 0.1120

🔖 Stop Loss: 0.0926",80befa126d81fb59db51be6fac9967e0,2026-09-14T13:28:29+00:00,2026-09-14T17:58:17.177253+00:00,963,cryptorichsignal_free00
1294287,30978,"Btc 78-81k zone bear market btc short ke liye entr... uper rakh ke

Dca 82k- 86k 
long term tp 76k- 72k",308c2eb76278b5666ac27203ccc68f74,2026-09-14T13:28:29+00:00,2026-09-14T17:58:17.159381+00:00,963,cryptorichsignal_free00
1294281,30981,"BTC/USD SELL 

Entry : $  77449

Target1: $  77130
Target2: $ 75886
Target3: $ 75035

SL : $ 78441",25cc590d4c7691579aabe3fc95cf3f45,2026-09-14T13:28:29+00:00,2026-09-14T17:58:17.138532+00:00,963,cryptorichsignal_free00
1294273,30990,"🔰 PAIR: ALICE/ USDT 💹

🟢Position: LONG🚀

☑️ Entry ...:
🥇 0.1305
🥈 0.1313
🥉 0.1332

❌ Stop Loss: 🔴0.1274",5dc3263cc801adfce38e5fb74a6c4903,2026-09-14T13:28:29+00:00,2026-09-14T17:58:17.088572+00:00,963,cryptorichsignal_free00
1294259,30977,"⭐ BR /USDT — LONG

💵 ENTRY: 0.49700-0.47200

⚙️ LE...o

📌 Follow the setup and manage your risk wisely.",876a2a324f5a2bd7b2979cfce0045bac,2026-09-14T13:28:29+00:00,2026-09-14T17:58:17.003971+00:00,963,cryptorichsignal_free00
1294258,30994,"#RONIN/USDT

📈Signal: long Leverage: Cross 20X

⚡️...even after TP1 is hit.

📣Trade Smart • Follow Risk",b802ba03d1722f4df1512fca1b5df08b,2026-09-14T13:28:29+00:00,2026-09-14T17:58:17.002329+00:00,963,cryptorichsignal_free00
1294254,30989,"#SHORT 🔴 🔤🔤🔤🔤🔤

#POL/USDT (RISKY)

Margin Mode : I...164

🟩 SL : 0.09874- 100%

📊 LEV : 30X

🇯🇵 Premium",8003a6505c4c6099681ddee997015188,2026-09-14T13:28:29+00:00,2026-09-14T17:58:16.961699+00:00,963,cryptorichsignal_free00
1294251,30988,"#AIN/ USDT — BUY (LONG) 
Leverage: Cross 25x – 50x...T IS KEY
👉 Use ONLY 2 – 3% of your total portfolio",a49b81ec200516b61290db40ef8f10bd,2026-09-14T13:28:29+00:00,2026-09-14T17:58:16.935463+00:00,963,cryptorichsignal_free00
1294310,30970,"⌛#LDO/USDT  ( LONG )

🍁 Leverage 👉 20X to 25X 

⛩️...99 | 0.3833 | 0.3876 | 0.3917

🔕 Stoploss = 0.3562",6097898d9a81b601ff2ecdecc9bd1df8,2026-09-14T13:28:28+00:00,2026-09-14T17:58:17.264040+00:00,963,cryptorichsignal_free00
1294299,30971,"📊 Let’s LONG #BR/USDT

💥 Leverage:  Cross 20×  -  ...: 

1) 0.511
2) 0.534
3) 0.570

🔖 Stop Loss: 0.468",8ab08b7f2e6a7745b2a43e00539da900,2026-09-14T13:28:28+00:00,2026-09-14T17:58:17.191572+00:00,963,cryptorichsignal_free00
1294224,30972,"🚨 #SOL/USDT | SHORT

⚡Leverage: Cross 100X

🎯Entry... follow the signal and secure profits at targets.💎",8d71844aac669a430da31ed022eece08,2026-09-14T13:28:28+00:00,2026-09-14T17:58:16.696889+00:00,963,cryptorichsignal_free00
1294308,30948,"🔴 SHORT

#XLM/USDT

Entry : 

1) 0.19030
2) 0.1960...17713

🛑 Stop : 0.20228

Leverage : 10x (isolated)",9b93f3eb8f584edff1a935e0fbada350,2026-09-14T13:27:46+00:00,2026-09-14T17:58:17.215146+00:00,963,cryptorichsignal_free00
1294284,30947,"👑 #REZ /USDT — TRADE LONG

LEVERAGE 25X TO 50X

🤑 ... STOP LOSS: 0.004300

⚡️ NO FEAR — JUST PROFITS ✔️",d58443975a1b1e0c5448058aaf9d97e1,2026-09-14T13:27:46+00:00,2026-09-14T17:58:17.152145+00:00,963,cryptorichsignal_free00
1294266,30945,"➡️ #T      /USDT (LONG) 🔼🔼

⌛LEVERAGE : 20X TO 75X...6


💥Use only 1%margin of your total portfolio❤️😘😇",a260ec700ad10ec99eab488f4cb49b2f,2026-09-14T13:27:46+00:00,2026-09-14T17:58:17.059294+00:00,963,cryptorichsignal_free00
1294233,30943,"BTC/ USDT/ SHORT
Entry at market price 

Cross || ...only 1% of your wallet. 
Manage your risk properly",43eec4e659b1007cbb3585c0c55b2558,2026-09-14T13:27:46+00:00,2026-09-14T17:58:16.762288+00:00,963,cryptorichsignal_free00
1294227,30942,"#BR/ USDT — BUY (LONG) 
Leverage: Cross 25x – 50x
...T IS KEY
👉 Use ONLY 2 – 3% of your total portfolio",924c8dcd4c6af0377212c3b79bf5dd0e,2026-09-14T13:27:46+00:00,2026-09-14T17:58:16.720518+00:00,963,cryptorichsignal_free00
1294221,30940,"🚀 #LAUSDT LONG SIGNAL 🚀  LEVERAGE 50X-75X

📌 ENTRY...ch this move together!

🔓 Trade Smart • Trade Safe",1a7e478e12719cd8c74ea092fd0643eb,2026-09-14T13:27:46+00:00,2026-09-14T17:58:16.649296+00:00,963,cryptorichsignal_free00
1294220,30944,"➡️ #LA       /USDT (LONG) 🔼🔼

⌛LEVERAGE : 20X TO 7...6


💥Use only 1%margin of your total portfolio❤️😘😇",cca39e379353d4a641e1a5ffea3f29fd,2026-09-14T13:27:46+00:00,2026-09-14T17:58:16.637291+00:00,963,cryptorichsignal_free00
1294295,30938,"➡️ #SKYAI       /USDT (LONG) 🔼🔼

⌛LEVERAGE : 20X T...00

💥Use only 1%margin of your total portfolio❤️😘😇",223214652aa6afaf61ae6847eac6546c,2026-09-14T13:27:39+00:00,2026-09-14T17:58:17.188507+00:00,963,cryptorichsignal_free00
1294278,30932,"🔴 SHORT

#IOTA/USDT

Entry zone : 0.044454 - 0.043...9038
0.037736

Stop loss :0.0461812

Leverage: 10x",ea2e0547b7dd84f8e364317a4199ce7a,2026-09-14T13:27:39+00:00,2026-09-14T17:58:17.108754+00:00,963,cryptorichsignal_free00
1294271,30937,"📈 LONG #CVC/USDT 

🚀 LEVERAGE : 50x

📊 ENTRY PRICE...P🟢0.0369

TP🟢0.0385

STOPLOSS 🔴0.0330


REACTIONS?",b376d3245a9e04e9126aa97579d70033,2026-09-14T13:27:39+00:00,2026-09-14T17:58:17.080001+00:00,963,cryptorichsignal_free00
1294235,30934,CVCUSDT SHORT NOW,9d2c6dc8bc2d6438e33b1cb0badfacac,2026-09-14T13:27:39+00:00,2026-09-14T17:58:16.779430+00:00,963,cryptorichsignal_free00
1294232,30935,"⭐️$CVC/USDT  SHORT

🛡Leverage : Cross 25x50

‼️Ent....04249

Use only 3% - 5% amount of your portfolio🛍",d5da93b38d5d5effa0bb7d6257cace4b,2026-09-14T13:27:39+00:00,2026-09-14T17:58:16.751685+00:00,963,cryptorichsignal_free00
1294230,30928,"#B2USDT — BUY (LONG) 
🎉
🟢 Leverage: Cross  50x75

...Risk Management:
Use only 2%– 3%of your portfolio.",e7681c0e385ef1a275ccf2558a7c7901,2026-09-14T13:27:39+00:00,2026-09-14T17:58:16.741492+00:00,963,cryptorichsignal_free00
1294229,30930,"💵COIN NAME : #T/USDT

📈POSITION : LONG(BUY)

📊 LEV...
TP3 = 0.0060

🔖 STOPLOSS  = 0.0052

SHOW REACTION",624d37824c3bc75e38460befc86e7f69,2026-09-14T13:27:39+00:00,2026-09-14T17:58:16.733695+00:00,963,cryptorichsignal_free00
1294226,30933,"#T/USDT LONG     

👉Leverage : Cross 10× To 30×

E...  0.0056
2)  0.0058
3)  0.0060

⭕Stoploss : 0.P052",d201fea242b71706ebd117d3958c9557,2026-09-14T13:27:39+00:00,2026-09-14T17:58:16.717607+00:00,963,cryptorichsignal_free00
1294223,30931,"➡️ #CVC      /USDT (SHORT) 🔽🔽

⌛LEVERAGE : 20X TO ...0


💥Use only 1%margin of your total portfolio❤️😘😇",57f6a986cd3b00c32fbdab9745851dc9,2026-09-14T13:27:39+00:00,2026-09-14T17:58:16.685903+00:00,963,cryptorichsignal_free00
1294265,30926,"#AIN/ USDT — BUY (LONG) 
Leverage: Cross 25x – 50x...T IS KEY
👉 Use ONLY 2 – 3% of your total portfolio",e6661e94913813f59ef7b62c7128dead,2026-09-14T13:27:34+00:00,2026-09-14T17:58:17.050917+00:00,963,cryptorichsignal_free00
1294257,30922,"#REZ/USDT LONG     

👉Leverage : Cross 10× To 30×
...00502
2)  0.00520
3)  0.00560

⭕Stoploss : 0.00462",c0fdd206613afe2bc67901561be6017d,2026-09-14T13:27:34+00:00,2026-09-14T17:58:16.991822+00:00,963,cryptorichsignal_free00
1294247,30923,"#REZ/ USDT — BUY (LONG) 
Leverage: Cross 25x – 50x...T IS KEY
👉 Use ONLY 2 – 3% of your total portfolio",c97289861bad94c82e6d3f96a9eb196e,2026-09-14T13:27:34+00:00,2026-09-14T17:58:16.933546+00:00,963,cryptorichsignal_free00
1294237,30924,"🔴 Short

Pair: #XRP/USDT

📊 Entry Price: 

1) 1.40...26
4) 1.3031

Stop Loss: 1.4882

Leverage: 10x-20x",a164babea2c3cb2b30c7480823850d3e,2026-09-14T13:27:34+00:00,2026-09-14T17:58:16.793834+00:00,963,cryptorichsignal_free00
1294236,30927,"#BANKUSDT — BUY (LONG) 
🎉
🟢 Leverage: Cross  50x75...Risk Management:
Use only 2%– 3%of your portfolio.",590da8de8f2694ba695ca5c41428378b,2026-09-14T13:27:34+00:00,2026-09-14T17:58:16.792951+00:00,963,cryptorichsignal_free00
1294231,30921,"👑 #REZ /USDT — TRADE LONG

LEVERAGE 25X TO 50X

🤑 ... STOP LOSS: 0.004620

☄️ NO FEAR — JUST PROFITS ✔️",7a8090af09777ff4cd3ef398c7ee2570,2026-09-14T13:27:34+00:00,2026-09-14T17:58:16.746294+00:00,963,cryptorichsignal_free00
1294218,30919,"#LSKUSDT — BUY (LONG) 
🎉
🟢 Leverage: Cross  50x75
...Risk Management:
Use only 2%– 3%of your portfolio.",1305c85890ed099370636a3a9687ea52,2026-09-14T13:27:34+00:00,2026-09-14T17:58:16.211589+00:00,963,cryptorichsignal_free00
1290433,30915,"#LSKUSDT — BUY (LONG) 
🎉
🟢 Leverage: Cross  50x75
...Risk Management:
Use only 2%– 3%of your portfolio.",1305c85890ed099370636a3a9687ea52,2026-09-14T13:27:34+00:00,2026-09-14T16:37:55.940378+00:00,963,cryptorichsignal_free00
1290438,30897,"#LSKUSDT — BUY (LONG) 
🎉
🟢 Leverage: Cross  50x75
...Risk Management:
Use only 2%– 3%of your portfolio.",d42c43821e70947cc0507cf4462a4919,2026-09-14T13:27:33+00:00,2026-09-14T16:37:55.976347+00:00,963,cryptorichsignal_free00
1290437,30902,SHORT #CVC 0.035,46bc947db90de2a01b5be0f139fd7122,2026-09-14T13:27:33+00:00,2026-09-14T16:37:55.956330+00:00,963,cryptorichsignal_free00
1290436,30905,"#AIN/ USDT — BUY (LONG) 
Leverage: Cross 25x – 50x...T IS KEY
👉 Use ONLY 2 – 3% of your total portfolio",58fd795332b000daec416ac08b0a65a0,2026-09-14T13:27:33+00:00,2026-09-14T16:37:55.947690+00:00,963,cryptorichsignal_free00
1290431,30896,"#EDGE | SHORT SETUP

💰 Entry: $0.6053

🎯 Target1: ...t4: $0.58230
🎯 Target5: $0.57382

🛡 STOP: $0.63556",2dcf9c030918c2253233e7411f19848c,2026-09-14T13:27:33+00:00,2026-09-14T16:37:55.932675+00:00,963,cryptorichsignal_free00
1290426,30901,"🚀 SHORT: $LSK/USDT
LEVERAGE: 50x

✔️ENTRY PRICE: 0...870-0.8400-0.7700

STOP LOSS:  0.9600


REACTIONS?",a09aa9fbf16b305aa57bd6801bb3365d,2026-09-14T13:27:33+00:00,2026-09-14T16:37:55.848965+00:00,963,cryptorichsignal_free00
1290423,30892,"💰#REZ/ USDT👑

💎Setup Type: Strong LONG  🔖Opportuni...➝ 0.005700

4️⃣TP ➝ 0.006690

🚫Stop Loss: 0.003800",b7d1fb7876a3555dbf6945072599d3c4,2026-09-14T13:27:33+00:00,2026-09-14T16:37:55.823073+00:00,963,cryptorichsignal_free00
1290422,30894,"💰#REZ/ USDT👑

💎Setup Type: Strong LONG  🔖Opportuni...➝ 0.005700

4️⃣TP ➝ 0.006690

🚫Stop Loss: 0.003800",b7d1fb7876a3555dbf6945072599d3c4,2026-09-14T13:27:33+00:00,2026-09-14T16:37:55.821771+00:00,963,cryptorichsignal_free00
1290418,30891,"#CVC LONG

0.03740",76d8ca3252350ad5a3d582b8299ace77,2026-09-14T13:27:33+00:00,2026-09-14T16:37:55.815429+00:00,963,cryptorichsignal_free00
1290411,30893,"#CVC LONG

0.03740",76d8ca3252350ad5a3d582b8299ace77,2026-09-14T13:27:33+00:00,2026-09-14T16:37:55.797758+00:00,963,cryptorichsignal_free00
1290407,30903,"📉 SHORT #CVC/USDT 

🚀 LEVERAGE : 50x

📊 ENTRY PRIC...P🟢0.0335

TP🟢0.0320

STOPLOSS 🔴0.0376


REACTIONS?",25b5da9619368a187f6cf78cacdbfb52,2026-09-14T13:27:33+00:00,2026-09-14T16:37:55.780654+00:00,963,cryptorichsignal_free00
1290406,30911,"⭐️$AIN/USDT  LONG

🛡Leverage : Cross 25x50

‼️Entr....08344

Use only 3% - 5% amount of your portfolio🛍",183cecba9d757333b10d61dee8d93c6b,2026-09-14T13:27:33+00:00,2026-09-14T16:37:55.775608+00:00,963,cryptorichsignal_free00
1290404,30900,"✅ Long

Pair: #XMR/USDT

📊 Entry Price: 

1) 509.9...17
4) 544.82

Stop Loss: 477.81

Leverage: 10x-20x",58afde6d2b7d660e2d21465e8b7db7a1,2026-09-14T13:27:33+00:00,2026-09-14T16:37:55.767893+00:00,963,cryptorichsignal_free00
1290403,30898,"FILUSDT

LONG LONG LONG 

OPEN MARKET PRICE 

TP 1.0500
TP 1.0700

Sl - 0.9420

LEV 20X",9c2b7ad12adb62f748f1a5a8fcdf17f8,2026-09-14T13:27:33+00:00,2026-09-14T16:37:55.766167+00:00,963,cryptorichsignal_free00
1290399,30907,"Long #TUSDT 0.005025

Tp 0.005165",846b1a5d6e582f51c73b11880f95cc8b,2026-09-14T13:27:33+00:00,2026-09-14T16:37:55.755564+00:00,963,cryptorichsignal_free00
1290391,30895,"💰#CVC/ USDT👑

💎Setup Type: Strong LONG  🔖Opportuni...TP ➝ 0.04600

4️⃣TP ➝ 0.06000

🚫Stop Loss: 0.03000",2240df9e29ba574f3f9e77c06c53efaf,2026-09-14T13:27:33+00:00,2026-09-14T16:37:55.692609+00:00,963,cryptorichsignal_free00
1290377,30909,"📊 Let’s LONG #AIN/USDT

💥 Leverage:  Cross 20×  - ...
1) 0.1075
2) 0.1130
3) 0.1200

🔖 Stop Loss: 0.098",d1095a6aafaa196d848025d27b8c5b2d,2026-09-14T13:27:33+00:00,2026-09-14T16:37:55.539826+00:00,963,cryptorichsignal_free00
1290434,30880,"📊 #PHAROS/USDT

🟢 POSITION: LONG

💰 ENTRY RANGE
➤ ...
➤ 0.420

━━━━━━━━━━━━━━━━━━

✅ Manage risk wisely",64e1630963af1d058338e2cc7c6bd952,2026-09-14T13:27:32+00:00,2026-09-14T16:37:55.942332+00:00,963,cryptorichsignal_free00
1290429,30872,"📊 Let’s LONG #HYPE/USDT

💥 Leverage:  Cross 20×  -...: 

1) 78.30
2) 77.30
3) 75.90

🔖 Stop Loss: 81.70",2f011503f92af232cf8a2cb66352682f,2026-09-14T13:27:32+00:00,2026-09-14T16:37:55.920049+00:00,963,cryptorichsignal_free00
1290427,30884,"🚨 #REZ/USDT | LONG

⚡Leverage: Cross 50x

🎯Entry T... follow the signal and secure profits at targets.💎",16044d65d6d3ebad3c392295e35587cb,2026-09-14T13:27:32+00:00,2026-09-14T16:37:55.898012+00:00,963,cryptorichsignal_free00
1290421,30888,"#AIN/ USDT — BUY (LONG) 
Leverage: Cross 25x – 50x...T IS KEY
👉 Use ONLY 2 – 3% of your total portfolio",a9671c2807744c6876dc425723dc89cc,2026-09-14T13:27:32+00:00,2026-09-14T16:37:55.818100+00:00,963,cryptorichsignal_free00
1290420,30874,"✅Entry :$0.1230 - 0.1210

(LONG POWER/USDT  5-20x🆘...5  $0.1294
🏹Target 6  $0.1306

🚫Stop loss - 0.1664",1c832cb469b8fb7c0c26580c9b628ca3,2026-09-14T13:27:32+00:00,2026-09-14T16:37:55.817471+00:00,963,cryptorichsignal_free00
1290413,30877,"🔴 SHORT

#XLM/USDT

Entry zone : 0.19029 - 0.18475...16710
0.16153

Stop loss :0.1976825

Leverage: 10x",6166368f5eaa426db6edc6dd9722a8e4,2026-09-14T13:27:32+00:00,2026-09-14T16:37:55.804348+00:00,963,cryptorichsignal_free00
1290412,30879,"⭐️$MTL/USDT  LONG

🛡Leverage : Cross 25x50

‼️Entr...0.3065

Use only 3% - 5% amount of your portfolio🛍",56460a40dbbffde9ac88ab10dc946440,2026-09-14T13:27:32+00:00,2026-09-14T16:37:55.798669+00:00,963,cryptorichsignal_free00
1290408,30890,"⭐️$AIN/USDT  LONG

🛡Leverage : Cross 25x50

‼️Entr....08719

Use only 3% - 5% amount of your portfolio🛍",5246da5cdfbf0e5fcf8090278bcc0f56,2026-09-14T13:27:32+00:00,2026-09-14T16:37:55.784303+00:00,963,cryptorichsignal_free00
1290388,30885,"🚨 #PHAROS/USDT | LONG

⚡Leverage: Cross 20x

🎯Entr... follow the signal and secure profits at targets.💎",215fec63173a10388668c90a9b4dfade,2026-09-14T13:27:32+00:00,2026-09-14T16:37:55.672406+00:00,963,cryptorichsignal_free00
1290385,30868,"📊 POWER/USDT — LONG 

📍 ENTRY: CMP

🎯 TARGET 1: 0....Manage your risk & trade responsibly.

🔥 LET’S GO!",a7ced340d60e3e9fc6ac830dbee072bd,2026-09-14T13:27:32+00:00,2026-09-14T16:37:55.667165+00:00,963,cryptorichsignal_free00
1290383,30875,Cvc long 0.04100,209783e5f908b28392b1d00ad4054cb4,2026-09-14T13:27:32+00:00,2026-09-14T16:37:55.652104+00:00,963,cryptorichsignal_free00
1290381,30886,"Use only 2% Funds

#CVC/USDT (LONG)

Entry 1 = 0.0...rofit
T.P 3 = 1000% Profit 

🔴Stop loss at 0.03450",016389434aa20ffb129dfc689edb5e03,2026-09-14T13:27:32+00:00,2026-09-14T16:37:55.632995+00:00,963,cryptorichsignal_free00
1290374,30876,"#CVC/ USDT — BUY (LONG) 
Leverage: Cross 25x – 50x...T IS KEY
👉 Use ONLY 2 – 3% of your total portfolio",1b2048f10da1774973de39a83309f90a,2026-09-14T13:27:32+00:00,2026-09-14T16:37:55.436653+00:00,963,cryptorichsignal_free00
1290367,30871,"🚀 #NAORISUSDT LONG SIGNAL 🚀  LEVERAGE 50X-75X

📌 E...ch this move together!

🔓 Trade Smart • Trade Safe",2a3e2c13221151c1a0db5f781dad7e74,2026-09-14T13:27:32+00:00,2026-09-14T16:37:55.339628+00:00,963,cryptorichsignal_free00
1290424,30859,"#POWER/USDT SHORT     

👉Leverage : Cross 10× To 3...

1)  0.110
2)  0.100
3)  0.097

⭕Stoploss : 0.125",09378194ca0432ae10cd16a30a6c039d,2026-09-14T13:27:31+00:00,2026-09-14T16:37:55.826334+00:00,963,cryptorichsignal_free00
1290419,30862,#AIN SHORT  0.108,4be1616d7b2ea80b40f1bbf662eb4319,2026-09-14T13:27:31+00:00,2026-09-14T16:37:55.816065+00:00,963,cryptorichsignal_free00
1290396,30866,"Coin #EDGE/USDT

Position: LONG 

Leverage:  Cross...0.64

Targets: 🎯 0.68, 0.70, 0.72

Stop Loss: 0.62",6a2ea70b9fd901093ac96f7fda03a25e,2026-09-14T13:27:31+00:00,2026-09-14T16:37:55.709340+00:00,963,cryptorichsignal_free00
1290390,30850,"✨ADA/USDT

🎗 Trade Type = LONG 🟢

⭐️ Leverage :- 2...[ 0.2108, 0.2128, 0.2149, 0.2174, 0.2196, 0.2224 ]",330f124bd2304c2b9037375cbedaef8a,2026-09-14T13:27:31+00:00,2026-09-14T16:37:55.677381+00:00,963,cryptorichsignal_free00
1290387,30847,"📊 Let’s LONG #IOTX/USDT

💥 Leverage:  Cross 20×  -...665
2) 0.003780
3) 0.003980

🔖 Stop Loss: 0.003320",0639c7b20ffbf8626de0847c25b75540,2026-09-14T13:27:31+00:00,2026-09-14T16:37:55.671209+00:00,963,cryptorichsignal_free00
1290386,30863,"#AIN/USDT SHORT     

👉Leverage : Cross 10× To 30×...1)  0.1040
2)  0.0970
3)  0.0870

⭕Stoploss : 0.12",34e07cb8b75e4672b9d65412fd0bb586,2026-09-14T13:27:31+00:00,2026-09-14T16:37:55.668218+00:00,963,cryptorichsignal_free00
1290384,30861,"#MTL/USDT SHORT     

👉Leverage : Cross 10× To 30×...t

1)  0.380
2)  0.365
3)  0.349

⭕Stoploss : 0.41",ecbcf7980fd9de715c3968aecc68d7b8,2026-09-14T13:27:31+00:00,2026-09-14T16:37:55.658495+00:00,963,cryptorichsignal_free00
1290382,30849,"🛎️ Trade: #SOMI/USDT

Direction: 📈 LONG 

🟢 Entry ...88
• Target 6: 0.1604

💠 Leverage : 5x - 10x - 20x",137ff0c49db1d43d97a1bfb0f1b08f56,2026-09-14T13:27:31+00:00,2026-09-14T16:37:55.653884+00:00,963,cryptorichsignal_free00
1290379,30857,"🔴 SHORT MTL/USDT

CROSS/LEVERAGE 50X

ENTRY: 0.410...
USE UR RISK MANAGEMENT!! 

PATIENT IS THE KEY 🐒🐒🐒",3274a5883469d035b5ef7db7f6725adb,2026-09-14T13:27:31+00:00,2026-09-14T16:37:55.626998+00:00,963,cryptorichsignal_free00
1290376,30853,"🌈PAIR:- #ARK/USDT
⚡️ Direction : LONG
🛠 Leverage: ...nt Usage:- 1 - 2%
(According To your Risk Setting)",e67f34224a86a10f2afdb8c801ddc996,2026-09-14T13:27:31+00:00,2026-09-14T16:37:55.499592+00:00,963,cryptorichsignal_free00
1290375,30855,"#LONG 🟢🔤🔤🔤🔤🔤

#KAVA/USDT

Margin Mode : Isolated 💎...

🟥 SL : 0.05931 - 100%   

📊 LEV : 20X

🇯🇵Premium",c6fffe5622c800ec90a50af350aaedef,2026-09-14T13:27:31+00:00,2026-09-14T16:37:55.479086+00:00,963,cryptorichsignal_free00
1290373,30867,"Coin #POWER/USDT

Position: SHORT 

Leverage:  Cro...rgets: 🎯 0.1130, 0.1100, 0.1070

Stop Loss: 0.1220",b606f4727e6ba499adca1894f7b46b8a,2026-09-14T13:27:31+00:00,2026-09-14T16:37:55.434555+00:00,963,cryptorichsignal_free00
1290369,30851,"$UAI/USDT #SHORT📩

✅ENTRY :-0.54/0.56

Target 1: 0...𝐎𝐧𝐥𝐲 𝟏-𝟑% 𝐎𝐟 𝐎𝐮𝐫 𝐃𝐞𝐩𝐨𝐬𝐢𝐭 𝐅𝐨𝐫 𝐄𝐚𝐜𝐡 𝐓𝐫𝐚𝐝𝐞

React,??m",19757785f8138fc60d7773808d6b4de6,2026-09-14T13:27:31+00:00,2026-09-14T16:37:55.342522+00:00,963,cryptorichsignal_free00
1290366,30864,"#CVC/USDT SHORT     

👉Leverage : Cross 10× To 30×...  0.0344
2)  0.0327
3)  0.0317

⭕Stoploss : 0.0375",712c0a12e0f2fc1dd92ab4580f130976,2026-09-14T13:27:31+00:00,2026-09-14T16:37:55.334486+00:00,963,cryptorichsignal_free00
1290365,30852,"⚡ #DOT/USDT

📤 Long 

💹 Buy: 1.0180 - 0.9900

🧿 Ta...620 - 1.0730

🧨 StopLoss: 0.9700 

🔘 Leverage: 20x",fccce62b3784c57b3413702d7c9418c8,2026-09-14T13:27:31+00:00,2026-09-14T16:37:55.332710+00:00,963,cryptorichsignal_free00
1290364,30856,"🟢 Long

#BAT/USDT

Entry : 

1) 0.076840
2) 0.0745...2097

🛑 Stop : 0.071999

Leverage : 10x (isolated)",935fa1a6aba9b2815bd17c2f2657700b,2026-09-14T13:27:31+00:00,2026-09-14T16:37:55.320295+00:00,963,cryptorichsignal_free00
1290363,30854,"🚀 SHORT: $VTHO/USDT🚀
LEVERAGE: 20X-50X

🤍 ENTRY PR...0.00065
—————

❌ STOP LOSS: 0.0008660❌


REACTIONS",118ad76340b291280e8f137eb7dc635f,2026-09-14T13:27:31+00:00,2026-09-14T16:37:55.282100+00:00,963,cryptorichsignal_free00
1290400,30842,"$ZEC

Long at cmp. 1136.33

Tp. 1286

Sl. 1014",c5343ae82dbe933f5a9b07f29f324c5d,2026-09-14T13:27:30+00:00,2026-09-14T16:37:55.763178+00:00,963,cryptorichsignal_free00
1290371,30845,"#PORTALUSDT — BUY (LONG) 
🎉
🟢 Leverage: Cross  50x...Risk Management:
Use only 2%– 3%of your portfolio.",f5b93b3dda4b2f2e7dd1a59f61481140,2026-09-14T13:27:30+00:00,2026-09-14T16:37:55.373962+00:00,963,cryptorichsignal_free00
1290291,30753,"#REZ/ USDT — BUY (LONG) 
Leverage: Cross 25x – 50x...T IS KEY
👉 Use ONLY 2 – 3% of your total portfolio",c7e1eb7a1e535bea1b2c5601cd15ac4f,2026-09-14T13:22:05+00:00,2026-09-14T16:37:36.842210+00:00,963,cryptorichsignal_free00
1290287,30749,"🐳 CAKE/USDT #LONG🐳

✳️ ENTRY :- 2.33 - 2.26

💢 LEV...3 : 2.65

⛔️ STOP-LOSS :- 2.21

☝️ Margin Use 2–3%",24e4df62a427b7a4e57185f3f960168e,2026-09-14T13:22:05+00:00,2026-09-14T16:37:36.788807+00:00,963,cryptorichsignal_free00
1290286,30748,"➡️ #BR    /USDT (SHORT) 🔽🔽

⌛LEVERAGE : 20X TO 75X...9


💥Use only 1%margin of your total portfolio❤️😘😇",cf84944c6731787c74eb1590682db2ae,2026-09-14T13:22:05+00:00,2026-09-14T16:37:36.772211+00:00,963,cryptorichsignal_free00
1290285,30750,"❖ BR/USDT

❖ LONG [ 10×20 ]

➤ Entry Zone:- 0.3525...▪️ TP2: 0.375
▪️ TP3: 0.390

➤ Stop Loss :- 0.3300",cdf07d4b898869c0771f36ccb000578a,2026-09-14T13:22:05+00:00,2026-09-14T16:37:36.764642+00:00,963,cryptorichsignal_free00
1290284,30744,"👑 #REZ /USDT — TRADE LONG

LEVERAGE 25X TO 50X

🤑 ... STOP LOSS: 0.004500

☄️ NO FEAR — JUST PROFITS ✔️",66e9fe9b778b745e1d2dfd245b9e9e4d,2026-09-14T13:22:05+00:00,2026-09-14T16:37:36.532099+00:00,963,cryptorichsignal_free00
1290283,30745,"💵 𝐒𝐈𝐆𝐍𝐀𝐋 𝐀𝐋𝐄𝐑𝐓 💵

#REZ/USDT (25xLONG)

✅ ENTRY:0.0...S:-0.004750/0.004950/0.0053

❌ STOP LOSS: 0.003970",a4da9b1641e5ad4a7460d011595a38a5,2026-09-14T13:22:05+00:00,2026-09-14T16:37:36.515493+00:00,963,cryptorichsignal_free00
1290282,30747,"🟢POWER/USDT 📈

📈 long Setup 

💰 Entry Zone: 0.138–...et 1. 
✅ Move SL to breakeven after Target 1 hits.",fdf89054f95402a17a9c778d547989fc,2026-09-14T13:22:05+00:00,2026-09-14T16:37:36.513840+00:00,963,cryptorichsignal_free00
1290256,30746,"📊#BR/USDT–LONG–30x 🚀

📍 𝐄𝐧𝐭𝐫𝐲 𝐙𝐨𝐧𝐞:

➥ 0.338, 0.33...tal.

⚠️ Disclaimer:
Trade at your own risk. DYOR.",2251179c96994e8f1e5bba238a279668,2026-09-14T13:22:05+00:00,2026-09-14T16:37:36.192255+00:00,963,cryptorichsignal_free00
1290280,30738,"✅ Long

Pair: #IOTA/USDT

📊 Entry Price: 

1) 0.04...) 0.042993

Stop Loss: 0.037704

Leverage: 10x-20x",d1c66b84028b82448f156b5145d7450f,2026-09-14T13:22:04+00:00,2026-09-14T16:37:36.447547+00:00,963,cryptorichsignal_free00
1290271,30740,"📈 LONG #BR/USDT

♻ Leverage: 20X

➡️ Entry :- 0.33...: 

1) 0.340
2) 0.355
3) 0.375

⭕ Stop Loss: 0.302",f0b524910c001174d7c7d0c7c44a946e,2026-09-14T13:22:04+00:00,2026-09-14T16:37:36.398497+00:00,963,cryptorichsignal_free00
1290270,30741,"🔰POWER/USDT 🔰   

🟢 LONG 10X 20X

♻ ENTRY 
1️⃣ 0.1...

1️⃣ 0.140
2️⃣ 0.148
3️⃣ 0.160

⛔ STOPLOSS  0.114",0bdb4c54644f6a9ee95ba6a1db9e4e7d,2026-09-14T13:22:04+00:00,2026-09-14T16:37:36.355012+00:00,963,cryptorichsignal_free00
1290269,30737,"✅ Long

#XMR/USDT

Entry zone : 509.93 - 525.71

T...
575.38
591.08

Stop loss :488.9103

Leverage: 10x",6667501e089c2b591298175556421419,2026-09-14T13:22:04+00:00,2026-09-14T16:37:36.352845+00:00,963,cryptorichsignal_free00
1290263,30739,"🟢 Long

#BNB/USDT

Entry : 

1) 716.860
2) 695.354...5.904

🛑 Stop : 671.697

Leverage : 10x (isolated)",0c1bab4622137ec937c6fa7281ff16df,2026-09-14T13:22:04+00:00,2026-09-14T16:37:36.254412+00:00,963,cryptorichsignal_free00
1290261,30736,"#AGI | SHORT SETUP

💰 Entry: $0.005021

🎯 Target1:...t4: $0.00483
🎯 Target5: $0.00476

🛡 STOP: $0.00527",688d495053f8dae79a847344f4320d59,2026-09-13T20:01:35+00:00,2026-09-14T16:37:36.232219+00:00,963,cryptorichsignal_free00
1297430,31071,"🔴 SHORT

#XRP/USDT

Entry : 

1) 1.4540
2) 1.4976
...1.3534

🛑 Stop : 1.5456

Leverage : 10x (isolated)",cc417a8a3679ae430043c17d72e70943,2026-09-14T18:58:04+00:00,2026-09-14T19:18:56.013755+00:00,963,cryptorichsignal_free00
1297422,31068,"LONG

ASTER/USDT

MARKET PRICE 

Leverage: 10X

TP...5% of capital 

Always use proper risk management.",16cfbe70de8b0b7b2f2f604f655d00ce,2026-09-14T18:58:04+00:00,2026-09-14T19:18:55.967781+00:00,963,cryptorichsignal_free00
1298621,31072,"💰#ARK/ USDT👑

💎Setup Type: Strong LONG  🔖Opportuni...

🥉TP ➝ 0.2350

4️⃣TP ➝ 0.3000

🚫Stop Loss: 0.1000",7e0b20847d1458402dca4d29bd312d0a,2026-09-14T19:20:07+00:00,2026-09-14T20:35:17.929875+00:00,963,cryptorichsignal_free00
