id,external_id,message_preview,hash,published_at,created_at,source_id,source_name
365611,293338,"🔴 SELL Signal (Short) 🔴
                    
📊 Ass...🚀 Boom

🛑 Stop Loss: 9.564369

⚠️ Manage your risk",bb2080572b325c04868158435eb45f31,2026-07-01T22:48:22+00:00,2026-07-02T08:39:49.886922+00:00,73,t.me/bananaleaks
365622,293337,"🔴 SELL Signal (Short) 🔴
                    
📊 Ass...🚀 Boom

🛑 Stop Loss: 0.069417

⚠️ Manage your risk",ea48e124473a4b1e69c2ccc73434a67b,2026-07-01T22:47:51+00:00,2026-07-02T08:39:49.974777+00:00,73,t.me/bananaleaks
365603,293336,"🔴 SELL Signal (Short) 🔴
                    
📊 Ass...🚀 Boom

🛑 Stop Loss: 3.077922

⚠️ Manage your risk",91fd28e7b086a2c685703673ff6f03dd,2026-07-01T22:46:28+00:00,2026-07-02T08:39:49.839473+00:00,73,t.me/bananaleaks
365630,293335,"🔴 SELL Signal (Short) 🔴
                    
📊 Ass...Boom

🛑 Stop Loss: 327.847400

⚠️ Manage your risk",b41b8e2b4a032c60ae116039d0985d7d,2026-07-01T22:45:55+00:00,2026-07-02T08:39:50.019063+00:00,73,t.me/bananaleaks
365600,293334,"🔴 SELL Signal (Short) 🔴
                    
📊 Ass...🚀 Boom

🛑 Stop Loss: 0.043216

⚠️ Manage your risk",406bb3d4672c3d514ca7ef5e7ed4b9da,2026-07-01T22:45:29+00:00,2026-07-02T08:39:49.800457+00:00,73,t.me/bananaleaks
365663,293295,"🔴 SELL Signal (Short) 🔴
                    
📊 Ass...🚀 Boom

🛑 Stop Loss: 0.033069

⚠️ Manage your risk",b09b4b0d5bc17abefc6614ce84d6c959,2026-07-01T17:38:50+00:00,2026-07-02T08:39:51.437195+00:00,73,t.me/bananaleaks
365664,293294,"🔴 SELL Signal (Short) 🔴
                    
📊 Ass...🚀 Boom

🛑 Stop Loss: 0.889128

⚠️ Manage your risk",89ed69cf857ab8b8407b143516e105ea,2026-07-01T17:38:31+00:00,2026-07-02T08:39:51.466271+00:00,73,t.me/bananaleaks
365666,293292,"🔴 SELL Signal (Short) 🔴
                    
📊 Ass...🚀 Boom

🛑 Stop Loss: 0.341638

⚠️ Manage your risk",4d69c780433af47d1658df9e9428759a,2026-07-01T17:38:25+00:00,2026-07-02T08:39:53.494067+00:00,73,t.me/bananaleaks
365680,293289,"🔴 SELL Signal (Short) 🔴
                    
📊 Ass...🚀 Boom

🛑 Stop Loss: 0.788322

⚠️ Manage your risk",125147de66a8f358cdb032e1c4a6011f,2026-07-01T17:37:59+00:00,2026-07-02T08:39:53.791558+00:00,73,t.me/bananaleaks
365683,293287,"🔴 SELL Signal (Short) 🔴
                    
📊 Ass...🚀 Boom

🛑 Stop Loss: 5.075280

⚠️ Manage your risk",163119e7f9cedbb35a537d0bf19fa8cb,2026-07-01T17:37:52+00:00,2026-07-02T08:39:53.795701+00:00,73,t.me/bananaleaks
365665,293281,"🔴 SELL Signal (Short) 🔴
                    
📊 Ass...🚀 Boom

🛑 Stop Loss: 0.069504

⚠️ Manage your risk",e1643479cfd3505384281b5cc13b5fb0,2026-07-01T17:37:39+00:00,2026-07-02T08:39:53.472172+00:00,73,t.me/bananaleaks
365687,293277,"🔴 SELL Signal (Short) 🔴
                    
📊 Ass...🚀 Boom

🛑 Stop Loss: 0.211470

⚠️ Manage your risk",5d8c5c3954e0da0f7af37d114d9e1356,2026-07-01T17:37:25+00:00,2026-07-02T08:39:53.856493+00:00,73,t.me/bananaleaks
365688,293272,"🔴 SELL Signal (Short) 🔴
                    
📊 Ass...🚀 Boom

🛑 Stop Loss: 0.757900

⚠️ Manage your risk",65dc713d9551acd6a20c86680996af9b,2026-07-01T17:37:05+00:00,2026-07-02T08:39:53.877443+00:00,73,t.me/bananaleaks
365672,293268,"🔴 SELL Signal (Short) 🔴
                    
📊 Ass...🚀 Boom

🛑 Stop Loss: 1.641940

⚠️ Manage your risk",10d575bfeee68afe3482ccddd4e7db47,2026-07-01T17:36:39+00:00,2026-07-02T08:39:53.680229+00:00,73,t.me/bananaleaks
365670,293263,"🔴 SELL Signal (Short) 🔴
                    
📊 Ass...🚀 Boom

🛑 Stop Loss: 2.994924

⚠️ Manage your risk",8ec223ee5d0e1a804f1d6e2c5c64434c,2026-07-01T17:36:25+00:00,2026-07-02T08:39:53.677220+00:00,73,t.me/bananaleaks
365678,293260,"🔴 SELL Signal (Short) 🔴
                    
📊 Ass...Boom

🛑 Stop Loss: 217.618000

⚠️ Manage your risk",dfcb8c16ef6f21150d3b1b75ae03e4e6,2026-07-01T17:36:19+00:00,2026-07-02T08:39:53.737778+00:00,73,t.me/bananaleaks
365671,293258,"🔴 SELL Signal (Short) 🔴
                    
📊 Ass... Boom

🛑 Stop Loss: 68.136800

⚠️ Manage your risk",b218a86faba37998c65c43cce8670c4c,2026-07-01T17:36:12+00:00,2026-07-02T08:39:53.679163+00:00,73,t.me/bananaleaks
365669,293256,"🔴 SELL Signal (Short) 🔴
                    
📊 Ass...🚀 Boom

🛑 Stop Loss: 1.814720

⚠️ Manage your risk",fbe338314f3312e52cf1e20329b7f62a,2026-07-01T17:36:05+00:00,2026-07-02T08:39:53.574342+00:00,73,t.me/bananaleaks
365937,293254,"🔴 SELL Signal (Short) 🔴
                    
📊 Ass...Boom

🛑 Stop Loss: 225.886000

⚠️ Manage your risk",6ffa4d39b8f0ba697626cde2cbcaec95,2026-07-01T17:35:46+00:00,2026-07-02T08:40:09.382251+00:00,73,t.me/bananaleaks
365936,293252,"🔴 SELL Signal (Short) 🔴
                    
📊 Ass...🚀 Boom

🛑 Stop Loss: 1.939164

⚠️ Manage your risk",a5a17af98db670dd0dddaa8fe3fee998,2026-07-01T17:35:33+00:00,2026-07-02T08:40:09.367000+00:00,73,t.me/bananaleaks
365940,293247,"🔴 SELL Signal (Short) 🔴
                    
📊 Ass... Boom

🛑 Stop Loss: 45.071200

⚠️ Manage your risk",db60090ffa6468f05ea82f22fb2f1e20,2026-07-01T17:35:01+00:00,2026-07-02T08:40:09.656689+00:00,73,t.me/bananaleaks
365941,293245,"🔴 SELL Signal (Short) 🔴
                    
📊 Ass...Boom

🛑 Stop Loss: 440.779800

⚠️ Manage your risk",959ef9e735212d7e09f6ae082bb657a8,2026-07-01T17:34:55+00:00,2026-07-02T08:40:09.740002+00:00,73,t.me/bananaleaks
365943,293242,"🔴 SELL Signal (Short) 🔴
                    
📊 Ass...🚀 Boom

🛑 Stop Loss: 0.163876

⚠️ Manage your risk",d8cc64ebd056300afeba181d83094630,2026-07-01T17:34:41+00:00,2026-07-02T08:40:10.025929+00:00,73,t.me/bananaleaks
365946,293239,"🔴 SELL Signal (Short) 🔴
                    
📊 Ass...🚀 Boom

🛑 Stop Loss: 0.077592

⚠️ Manage your risk",e65d466085e45f789e1b18ccb96e9acc,2026-07-01T17:34:22+00:00,2026-07-02T08:40:10.092675+00:00,73,t.me/bananaleaks
365948,293237,"🔴 SELL Signal (Short) 🔴
                    
📊 Ass...Boom

🛑 Stop Loss: 586.763000

⚠️ Manage your risk",9bd58501a3dc9996a1f43d399235ce6c,2026-07-01T17:34:16+00:00,2026-07-02T08:40:10.110171+00:00,73,t.me/bananaleaks
365945,293235,"🔴 SELL Signal (Short) 🔴
                    
📊 Ass...🚀 Boom

🛑 Stop Loss: 1.124766

⚠️ Manage your risk",519504a09093603c5a16e1c59aea8998,2026-07-01T17:34:09+00:00,2026-07-02T08:40:10.073352+00:00,73,t.me/bananaleaks
365947,293233,"🔴 SELL Signal (Short) 🔴
                    
📊 Ass... Boom

🛑 Stop Loss: 82.383200

⚠️ Manage your risk",4cd579659875a507459b4b3a4d60351f,2026-07-01T17:34:02+00:00,2026-07-02T08:40:10.098178+00:00,73,t.me/bananaleaks
365944,293231,"🔴 SELL Signal (Short) 🔴
                    
📊 Ass...oom

🛑 Stop Loss: 1720.178600

⚠️ Manage your risk",cd1d0b01f28e0245b44d0f6a9c265dbe,2026-07-01T17:33:55+00:00,2026-07-02T08:40:10.054954+00:00,73,t.me/bananaleaks
365950,293229,"🔴 SELL Signal (Short) 🔴
                    
📊 Ass...om

🛑 Stop Loss: 63762.127000

⚠️ Manage your risk",f6e12049c280ad4db9ca234dd9c34680,2026-07-01T17:33:49+00:00,2026-07-02T08:40:10.473931+00:00,73,t.me/bananaleaks
431469,293610,"🔴 SELL Signal (Short) 🔴
                    
📊 Ass...🚀 Boom

🛑 Stop Loss: 0.568181

⚠️ Manage your risk",0f3c9f94a75ccbd0e71459f57854934d,2026-07-04T09:13:29+00:00,2026-07-29T23:40:25.066905+00:00,73,t.me/bananaleaks
431487,293608,"🔴 SELL Signal (Short) 🔴
                    
📊 Ass...Boom

🛑 Stop Loss: 352.079000

⚠️ Manage your risk",5939249a538485b609a60695acd0adcc,2026-07-04T09:12:39+00:00,2026-07-29T23:40:25.139121+00:00,73,t.me/bananaleaks
431465,293605,"🔴 SELL Signal (Short) 🔴
                    
📊 Ass... Boom

🛑 Stop Loss: 10.003750

⚠️ Manage your risk",24ce039da2874ca7cd0659c7efb11f16,2026-07-04T09:12:13+00:00,2026-07-29T23:40:25.063495+00:00,73,t.me/bananaleaks
431472,293602,"🔴 SELL Signal (Short) 🔴
                    
📊 Ass...🚀 Boom

🛑 Stop Loss: 1.916480

⚠️ Manage your risk",412e38eb31052c1ac7eafd05a0bc8f44,2026-07-04T09:12:06+00:00,2026-07-29T23:40:25.081812+00:00,73,t.me/bananaleaks
431502,293584,"🔴 SELL Signal (Short) 🔴
                    
📊 Ass...🚀 Boom

🛑 Stop Loss: 0.000005

⚠️ Manage your risk",b9a0ba6ad7173a71b3b7dd788730429d,2026-07-04T00:21:58+00:00,2026-07-29T23:40:25.245908+00:00,73,t.me/bananaleaks
431512,293583,"🔴 SELL Signal (Short) 🔴
                    
📊 Ass...🚀 Boom

🛑 Stop Loss: 2.170880

⚠️ Manage your risk",7dcff86f8065df7cc1b14a42c5f62966,2026-07-04T00:20:24+00:00,2026-07-29T23:40:25.337422+00:00,73,t.me/bananaleaks
431476,293582,"🔴 SELL Signal (Short) 🔴
                    
📊 Ass...Boom

🛑 Stop Loss: 241.998000

⚠️ Manage your risk",323d89a87ffda638f11ab39f7b31b5fc,2026-07-04T00:19:28+00:00,2026-07-29T23:40:25.095871+00:00,73,t.me/bananaleaks
431514,293578,"🔴 SELL Signal (Short) 🔴
                    
📊 Ass... Boom

🛑 Stop Loss: 47.615200

⚠️ Manage your risk",4b3682854fb82dbb9e1e8af3d7ff4bbd,2026-07-04T00:18:12+00:00,2026-07-29T23:40:25.394748+00:00,73,t.me/bananaleaks
431436,293577,"🔴 SELL Signal (Short) 🔴
                    
📊 Ass...Boom

🛑 Stop Loss: 609.372800

⚠️ Manage your risk",59c9ea67e2f4f7e220ebb3dc8872aa8e,2026-07-04T00:17:27+00:00,2026-07-29T23:40:24.718856+00:00,73,t.me/bananaleaks
431500,293576,"🔴 SELL Signal (Short) 🔴
                    
📊 Ass...🚀 Boom

🛑 Stop Loss: 0.082277

⚠️ Manage your risk",3405e3f8e7c938b96560e12379074cd4,2026-07-04T00:17:20+00:00,2026-07-29T23:40:25.238878+00:00,73,t.me/bananaleaks
431483,293575,"🔴 SELL Signal (Short) 🔴
                    
📊 Ass...oom

🛑 Stop Loss: 1867.147600

⚠️ Manage your risk",983c161e39978b0371bc4151ad5e3dad,2026-07-04T00:17:01+00:00,2026-07-29T23:40:25.132946+00:00,73,t.me/bananaleaks
431468,293559,"🔴 SELL Signal (Short) 🔴
                    
📊 Ass...🚀 Boom

🛑 Stop Loss: 0.458768

⚠️ Manage your risk",65b28adb070197c1b3db9f706aa5ef53,2026-07-03T20:26:19+00:00,2026-07-29T23:40:25.071573+00:00,73,t.me/bananaleaks
431427,293556,"🔴 SELL Signal (Short) 🔴
                    
📊 Ass...🚀 Boom

🛑 Stop Loss: 0.465340

⚠️ Manage your risk",3b42e4117e9e490352fea73c795b353b,2026-07-03T20:25:54+00:00,2026-07-29T23:40:24.153480+00:00,73,t.me/bananaleaks
431443,293553,"🔴 SELL Signal (Short) 🔴
                    
📊 Ass...🚀 Boom

🛑 Stop Loss: 0.938524

⚠️ Manage your risk",3d2ce1ab8ab7bd289df539d1610a2eeb,2026-07-03T20:25:22+00:00,2026-07-29T23:40:24.822072+00:00,73,t.me/bananaleaks
431463,293549,"🔴 SELL Signal (Short) 🔴
                    
📊 Ass...🚀 Boom

🛑 Stop Loss: 5.164320

⚠️ Manage your risk",2c2a8832ac8d0e7294cf2f273b469427,2026-07-03T20:25:09+00:00,2026-07-29T23:40:25.052454+00:00,73,t.me/bananaleaks
431441,293545,"🔴 SELL Signal (Short) 🔴
                    
📊 Ass...Boom

🛑 Stop Loss: 345.454000

⚠️ Manage your risk",8b069779c5df95576cdf54f6b2b82ac9,2026-07-03T20:23:59+00:00,2026-07-29T23:40:24.778412+00:00,73,t.me/bananaleaks
431505,293541,"🔴 SELL Signal (Short) 🔴
                    
📊 Ass...🚀 Boom

🛑 Stop Loss: 1.902700

⚠️ Manage your risk",f5b727798dcbf74fac7f75b72e6fe18c,2026-07-03T20:23:34+00:00,2026-07-29T23:40:25.257431+00:00,73,t.me/bananaleaks
431438,293536,"🔴 SELL Signal (Short) 🔴
                    
📊 Ass...🚀 Boom

🛑 Stop Loss: 1.059799

⚠️ Manage your risk",13cdde25a58cae4180fa2ee4ba4f6c38,2026-07-03T20:23:08+00:00,2026-07-29T23:40:24.751803+00:00,73,t.me/bananaleaks
431420,293516,"🔴 SELL Signal (Short) 🔴
                    
📊 Ass...🚀 Boom

🛑 Stop Loss: 0.451348

⚠️ Manage your risk",e2a6ab59629ab0212bb2c8ad620d1437,2026-07-03T15:50:37+00:00,2026-07-29T23:40:22.991990+00:00,73,t.me/bananaleaks
431495,293514,"🔴 SELL Signal (Short) 🔴
                    
📊 Ass...🚀 Boom

🛑 Stop Loss: 2.897542

⚠️ Manage your risk",58f496b65318b6c3cc21a270a839947b,2026-07-03T15:50:13+00:00,2026-07-29T23:40:25.222424+00:00,73,t.me/bananaleaks
431455,293511,"🔴 SELL Signal (Short) 🔴
                    
📊 Ass...🚀 Boom

🛑 Stop Loss: 0.119589

⚠️ Manage your risk",2248b1d0e4d0cadb5bf6d6059ae7521f,2026-07-03T15:49:47+00:00,2026-07-29T23:40:25.012942+00:00,73,t.me/bananaleaks
431456,293508,"🔴 SELL Signal (Short) 🔴
                    
📊 Ass...🚀 Boom

🛑 Stop Loss: 0.926228

⚠️ Manage your risk",108c5e342e321cf2a67e65131154b3a6,2026-07-03T15:49:34+00:00,2026-07-29T23:40:25.024152+00:00,73,t.me/bananaleaks
431450,293505,"🔴 SELL Signal (Short) 🔴
                    
📊 Ass...🚀 Boom

🛑 Stop Loss: 0.797226

⚠️ Manage your risk",4c760dabc993deaaf783f6233bb22e70,2026-07-03T15:48:49+00:00,2026-07-29T23:40:24.983624+00:00,73,t.me/bananaleaks
431478,293503,"🔴 SELL Signal (Short) 🔴
                    
📊 Ass...🚀 Boom

🛑 Stop Loss: 2.168866

⚠️ Manage your risk",e7f2ea114bf2ae56e78e6dac51df5d88,2026-07-03T15:48:42+00:00,2026-07-29T23:40:25.100915+00:00,73,t.me/bananaleaks
431467,293499,"🔴 SELL Signal (Short) 🔴
                    
📊 Ass...🚀 Boom

🛑 Stop Loss: 0.385098

⚠️ Manage your risk",50c1184545e8662aac4cd287c1ad0391,2026-07-03T15:48:23+00:00,2026-07-29T23:40:25.073960+00:00,73,t.me/bananaleaks
431416,293497,"🔴 SELL Signal (Short) 🔴
                    
📊 Ass...🚀 Boom

🛑 Stop Loss: 1.777620

⚠️ Manage your risk",addcbdfc6d334954a98149e0f61b8d4b,2026-07-03T15:48:16+00:00,2026-07-29T23:40:22.825586+00:00,73,t.me/bananaleaks
431418,293492,"🔴 SELL Signal (Short) 🔴
                    
📊 Ass... Boom

🛑 Stop Loss: 74.210600

⚠️ Manage your risk",805c5911412a9d3b3c2198770209cdb7,2026-07-03T15:47:51+00:00,2026-07-29T23:40:22.826153+00:00,73,t.me/bananaleaks
431291,293490,"🔴 SELL Signal (Short) 🔴
                    
📊 Ass...Boom

🛑 Stop Loss: 240.408000

⚠️ Manage your risk",6a5e97d59bd412e10fe160fc1b9bb82d,2026-07-03T15:47:38+00:00,2026-07-29T23:40:09.410443+00:00,73,t.me/bananaleaks
431297,293487,"🔴 SELL Signal (Short) 🔴
                    
📊 Ass...Boom

🛑 Stop Loss: 228.249800

⚠️ Manage your risk",293598fffc487aa7b89c14052cf4fe13,2026-07-03T15:47:25+00:00,2026-07-29T23:40:09.440519+00:00,73,t.me/bananaleaks
431315,293485,"🔴 SELL Signal (Short) 🔴
                    
📊 Ass...Boom

🛑 Stop Loss: 491.850600

⚠️ Manage your risk",4aaac76475997de4ddd73f060f1b4db5,2026-07-03T15:47:18+00:00,2026-07-29T23:40:09.515237+00:00,73,t.me/bananaleaks
431311,293482,"🔴 SELL Signal (Short) 🔴
                    
📊 Ass...🚀 Boom

🛑 Stop Loss: 0.339942

⚠️ Manage your risk",5dee95883eaed5150e9d94f689fc2abf,2026-07-03T15:46:08+00:00,2026-07-29T23:40:09.495439+00:00,73,t.me/bananaleaks
431261,293479,"🔴 SELL Signal (Short) 🔴
                    
📊 Ass...🚀 Boom

🛑 Stop Loss: 0.080942

⚠️ Manage your risk",0d5292a2b84a65428d87b9379a90978a,2026-07-03T15:45:55+00:00,2026-07-29T23:40:09.208064+00:00,73,t.me/bananaleaks
431313,293476,"🔴 SELL Signal (Short) 🔴
                    
📊 Ass... Boom

🛑 Stop Loss: 86.114400

⚠️ Manage your risk",2fedf45ff116978645705d9f25e5681b,2026-07-03T15:45:36+00:00,2026-07-29T23:40:09.501517+00:00,73,t.me/bananaleaks
431287,293473,"🔴 SELL Signal (Short) 🔴
                    
📊 Ass...om

🛑 Stop Loss: 65552.944000

⚠️ Manage your risk",b60cfb974fad4b55302fe4f6b140b2ae,2026-07-03T15:45:23+00:00,2026-07-29T23:40:09.398030+00:00,73,t.me/bananaleaks
431305,293468,"🟢 BUY Signal (Long) 🟢
                    
📊 Asset...Boom

🛑 Stop Loss: 300.555600

⚠️ Manage your risk",cc46c7a2ec41a5acbff853eafa4ce500,2026-07-03T08:40:00+00:00,2026-07-29T23:40:09.459176+00:00,73,t.me/bananaleaks
431278,293466,"🔴 SELL Signal (Short) 🔴
                    
📊 Ass...🚀 Boom

🛑 Stop Loss: 1.059788

⚠️ Manage your risk",492f3cc4eb04975071a9a57dd6b900a8,2026-07-03T08:37:53+00:00,2026-07-29T23:40:09.363147+00:00,73,t.me/bananaleaks
431302,293465,"🔴 SELL Signal (Short) 🔴
                    
📊 Ass...Boom

🛑 Stop Loss: 595.889600

⚠️ Manage your risk",d951773795abf1d9e488b7d5f99713a3,2026-07-03T08:37:39+00:00,2026-07-29T23:40:09.455038+00:00,73,t.me/bananaleaks
431303,293464,"🔴 SELL Signal (Short) 🔴
                    
📊 Ass...🚀 Boom

🛑 Stop Loss: 1.168120

⚠️ Manage your risk",b054537e01e792737a08929d1f683f66,2026-07-03T08:37:33+00:00,2026-07-29T23:40:09.457273+00:00,73,t.me/bananaleaks
431301,293459,"🔴 SELL Signal (Short) 🔴
                    
📊 Ass...🚀 Boom

🛑 Stop Loss: 0.111554

⚠️ Manage your risk",fb64e545efceb682dd6bc0bd005cdeae,2026-07-02T20:48:47+00:00,2026-07-29T23:40:09.451456+00:00,73,t.me/bananaleaks
431280,293457,"🔴 SELL Signal (Short) 🔴
                    
📊 Ass...🚀 Boom

🛑 Stop Loss: 2.051418

⚠️ Manage your risk",dbcbeb264b936c27f0df5f518111242f,2026-07-02T20:47:17+00:00,2026-07-29T23:40:09.371595+00:00,73,t.me/bananaleaks
431266,293456,"🔴 SELL Signal (Short) 🔴
                    
📊 Ass...Boom

🛑 Stop Loss: 333.857600

⚠️ Manage your risk",b10b3d31c566b4366d2a28eafcd70da4,2026-07-02T20:47:04+00:00,2026-07-29T23:40:09.215854+00:00,73,t.me/bananaleaks
431304,293455,"🔴 SELL Signal (Short) 🔴
                    
📊 Ass... Boom

🛑 Stop Loss: 70.235600

⚠️ Manage your risk",634fd9290576c98caed5a12431792665,2026-07-02T20:46:58+00:00,2026-07-29T23:40:09.458307+00:00,73,t.me/bananaleaks
431246,293454,"🟢 BUY Signal (Long) 🟢
                    
📊 Asset...🚀 Boom

🛑 Stop Loss: 0.008694

⚠️ Manage your risk",f40e0fd0ca128460d313023be2dd1372,2026-07-02T20:46:51+00:00,2026-07-29T23:40:09.126624+00:00,73,t.me/bananaleaks
431285,293453,"🔴 SELL Signal (Short) 🔴
                    
📊 Ass...Boom

🛑 Stop Loss: 234.260000

⚠️ Manage your risk",73a7ae6e2d73ae9386f9e6100507b39e,2026-07-02T20:46:05+00:00,2026-07-29T23:40:09.385982+00:00,73,t.me/bananaleaks
431270,293452,"🔴 SELL Signal (Short) 🔴
                    
📊 Ass... Boom

🛑 Stop Loss: 45.982800

⚠️ Manage your risk",21260f234cbb83230b7cf14015c4ff73,2026-07-02T20:45:15+00:00,2026-07-29T23:40:09.331365+00:00,73,t.me/bananaleaks
431292,293450,"🔴 SELL Signal (Short) 🔴
                    
📊 Ass... Boom

🛑 Stop Loss: 85.489000

⚠️ Manage your risk",7028416a386b9f2fc80b0f3ec6125bc6,2026-07-02T20:44:12+00:00,2026-07-29T23:40:09.415416+00:00,73,t.me/bananaleaks
431242,293449,"🔴 SELL Signal (Short) 🔴
                    
📊 Ass...om

🛑 Stop Loss: 65087.317800

⚠️ Manage your risk",d1c9ec896da9796d7efbe6de5c36fe72,2026-07-02T20:43:59+00:00,2026-07-29T23:40:09.035521+00:00,73,t.me/bananaleaks
431294,293421,"🔴 SELL Signal (Short) 🔴
                    
📊 Ass...🚀 Boom

🛑 Stop Loss: 0.100689

⚠️ Manage your risk",7aadfdb09b7f04efa7f114de009bc3a2,2026-07-02T16:36:03+00:00,2026-07-29T23:40:09.430108+00:00,73,t.me/bananaleaks
431273,293412,"🔴 SELL Signal (Short) 🔴
                    
📊 Ass...🚀 Boom

🛑 Stop Loss: 8.190620

⚠️ Manage your risk",00cfa6d61f52ff1c5868f36a64990803,2026-07-02T16:34:34+00:00,2026-07-29T23:40:09.340005+00:00,73,t.me/bananaleaks
431290,293407,"🔴 SELL Signal (Short) 🔴
                    
📊 Ass...🚀 Boom

🛑 Stop Loss: 4.871760

⚠️ Manage your risk",03ca2132c6c3ad7e8d8ccd8478770159,2026-07-02T16:34:01+00:00,2026-07-29T23:40:09.409806+00:00,73,t.me/bananaleaks
431221,293405,"🔴 SELL Signal (Short) 🔴
                    
📊 Ass...Boom

🛑 Stop Loss: 331.684600

⚠️ Manage your risk",e1981351943c2359d1a4fd34e5d968d9,2026-07-02T16:33:47+00:00,2026-07-29T23:40:08.612331+00:00,73,t.me/bananaleaks
431228,293403,"🔴 SELL Signal (Short) 🔴
                    
📊 Ass... Boom

🛑 Stop Loss: 69.228600

⚠️ Manage your risk",f7334ed319546d22f5fab45f625d80b5,2026-07-02T16:33:20+00:00,2026-07-29T23:40:08.771329+00:00,73,t.me/bananaleaks
431252,293398,"🟢 BUY Signal (Long) 🟢
                    
📊 Asset...🚀 Boom

🛑 Stop Loss: 0.007632

⚠️ Manage your risk",a9e016ccfac5b959d97989a970e02046,2026-07-02T16:32:28+00:00,2026-07-29T23:40:09.168463+00:00,73,t.me/bananaleaks
431263,293396,"🔴 SELL Signal (Short) 🔴
                    
📊 Ass...🚀 Boom

🛑 Stop Loss: 1.059470

⚠️ Manage your risk",d74c0bc94f9a8d60fa41b80f583044a1,2026-07-02T16:32:21+00:00,2026-07-29T23:40:09.208927+00:00,73,t.me/bananaleaks
431312,293393,"🔴 SELL Signal (Short) 🔴
                    
📊 Ass...🚀 Boom

🛑 Stop Loss: 0.578537

⚠️ Manage your risk",40b64dede8f2420eb676d2e3fcf20ad0,2026-07-02T16:32:08+00:00,2026-07-29T23:40:09.500445+00:00,73,t.me/bananaleaks
431281,293389,"🔴 SELL Signal (Short) 🔴
                    
📊 Ass...🚀 Boom

🛑 Stop Loss: 0.337080

⚠️ Manage your risk",0b933956b9f042e4fd0eb6f9f43933be,2026-07-02T16:31:22+00:00,2026-07-29T23:40:09.378746+00:00,73,t.me/bananaleaks
431265,293386,"🔴 SELL Signal (Short) 🔴
                    
📊 Ass...Boom

🛑 Stop Loss: 593.112400

⚠️ Manage your risk",97a7f3d0f5ed2c8627c9f4464bbfe2e1,2026-07-02T16:31:09+00:00,2026-07-29T23:40:09.209724+00:00,73,t.me/bananaleaks
431264,293382,"🔴 SELL Signal (Short) 🔴
                    
📊 Ass...oom

🛑 Stop Loss: 1790.859400

⚠️ Manage your risk",ccfbcff876a202991b448be63c2a9a46,2026-07-02T16:30:49+00:00,2026-07-29T23:40:09.210953+00:00,73,t.me/bananaleaks
431277,293380,"🔴 SELL Signal (Short) 🔴
                    
📊 Ass...om

🛑 Stop Loss: 64861.177400

⚠️ Manage your risk",c7e4819af89fd49671700ac990f26ff8,2026-07-02T16:30:43+00:00,2026-07-29T23:40:09.347621+00:00,73,t.me/bananaleaks
431217,293377,"🔴 SELL Signal (Short) 🔴
                    
📊 Ass...🚀 Boom

🛑 Stop Loss: 0.527774

⚠️ Manage your risk",110cef74c71b747d51432b7bac624ea0,2026-07-02T10:20:15+00:00,2026-07-29T23:40:08.509244+00:00,73,t.me/bananaleaks
431255,293373,"🟢 BUY Signal (Long) 🟢
                    
📊 Asset...Boom

🛑 Stop Loss: 203.604000

⚠️ Manage your risk",5985ccb91b5989c7a9cd445aea44bb34,2026-07-02T10:17:35+00:00,2026-07-29T23:40:09.181212+00:00,73,t.me/bananaleaks
431233,293371,"🔴 SELL Signal (Short) 🔴
                    
📊 Ass...🚀 Boom

🛑 Stop Loss: 1.059682

⚠️ Manage your risk",105eb4ccdac3ac27538fe448e8c9184d,2026-07-02T10:17:09+00:00,2026-07-29T23:40:08.880676+00:00,73,t.me/bananaleaks
431293,293369,"🔴 SELL Signal (Short) 🔴
                    
📊 Ass...🚀 Boom

🛑 Stop Loss: 0.008142

⚠️ Manage your risk",5a3295c91a8fde892d0737112edf6e8c,2026-07-02T10:16:55+00:00,2026-07-29T23:40:09.427206+00:00,73,t.me/bananaleaks
436691,293841,"SELL Signal (Short) 
                    
📊 Asset:...🚀 Boom

🛑 Stop Loss: 0.046375

⚠️ Manage your risk",a7a28e1258ee1eb026a472bfd190c4d0,2026-07-06T12:36:28+00:00,2026-07-30T01:38:10.334175+00:00,73,t.me/bananaleaks
436716,293835,"SELL Signal (Short) 
                    
📊 Asset:...🚀 Boom

🛑 Stop Loss: 5.077400

⚠️ Manage your risk",a18d66720b3964e4fbfda4a250f8e4c0,2026-07-06T12:35:50+00:00,2026-07-30T01:38:10.414104+00:00,73,t.me/bananaleaks
436680,293831,"SELL Signal (Short) 
                    
📊 Asset:...🚀 Boom

🛑 Stop Loss: 0.779312

⚠️ Manage your risk",f9636c28918c8c2d459c47a135fd770f,2026-07-06T12:35:37+00:00,2026-07-30T01:38:10.290669+00:00,73,t.me/bananaleaks
436708,293829,"SELL Signal (Short) 
                    
📊 Asset:...🚀 Boom

🛑 Stop Loss: 1.511560

⚠️ Manage your risk",e3bfe5b2757fe7c51f2f0485b3d454e0,2026-07-06T12:35:30+00:00,2026-07-30T01:38:10.393513+00:00,73,t.me/bananaleaks
436667,293823,"SELL Signal (Short) 
                    
📊 Asset:...Boom

🛑 Stop Loss: 337.663000

⚠️ Manage your risk",59637e533341ee70cbc8f09211cacbae,2026-07-06T12:35:05+00:00,2026-07-30T01:38:10.241025+00:00,73,t.me/bananaleaks
436717,293820,"SELL Signal (Short) 
                    
📊 Asset:...oom

🛑 Stop Loss: 4389.693200

⚠️ Manage your risk",571567e2f23ec2e74219aeee5de7d0b0,2026-07-06T12:34:46+00:00,2026-07-30T01:38:10.420139+00:00,73,t.me/bananaleaks
436685,293818,"SELL Signal (Short) 
                    
📊 Asset:...🚀 Boom

🛑 Stop Loss: 1.059671

⚠️ Manage your risk",8e2543d82f900333bc56fa50c35658cc,2026-07-06T12:34:40+00:00,2026-07-30T01:38:10.316307+00:00,73,t.me/bananaleaks
436697,293816,"SELL Signal (Short) 
                    
📊 Asset:...🚀 Boom

🛑 Stop Loss: 0.212530

⚠️ Manage your risk",7882afeea3d08720f17d59efb1a121de,2026-07-06T12:34:33+00:00,2026-07-30T01:38:10.351246+00:00,73,t.me/bananaleaks
436696,293810,"SELL Signal (Short) 
                    
📊 Asset:...🚀 Boom

🛑 Stop Loss: 1.751120

⚠️ Manage your risk",2806f13b5611985b4e0d54114451c033,2026-07-06T12:34:02+00:00,2026-07-30T01:38:10.349186+00:00,73,t.me/bananaleaks
436681,293806,"SELL Signal (Short) 
                    
📊 Asset:...🚀 Boom

🛑 Stop Loss: 0.446896

⚠️ Manage your risk",f3bd1c7fa39b269edcc3819192321037,2026-07-06T12:33:55+00:00,2026-07-30T01:38:10.291418+00:00,73,t.me/bananaleaks
436690,293804,"SELL Signal (Short) 
                    
📊 Asset:...🚀 Boom

🛑 Stop Loss: 1.856060

⚠️ Manage your risk",54ed1d243c1d74b9408ced949ca1cccc,2026-07-06T12:33:37+00:00,2026-07-30T01:38:10.332508+00:00,73,t.me/bananaleaks
436684,293802,"SELL Signal (Short) 
                    
📊 Asset:... Boom

🛑 Stop Loss: 18.045694

⚠️ Manage your risk",10a5b482a1ffdac71ce97c4a40ff036e,2026-07-06T12:33:24+00:00,2026-07-30T01:38:10.317581+00:00,73,t.me/bananaleaks
436694,293800,"SELL Signal (Short) 
                    
📊 Asset:...🚀 Boom

🛑 Stop Loss: 1.059470

⚠️ Manage your risk",b501ca06fae75405cdfbcf3c6cf48123,2026-07-06T12:32:49+00:00,2026-07-30T01:38:10.345507+00:00,73,t.me/bananaleaks
436701,293797,"SELL Signal (Short) 
                    
📊 Asset:...🚀 Boom

🛑 Stop Loss: 0.080677

⚠️ Manage your risk",b822636fc779242b3547a836e7bef6fc,2026-07-06T12:32:28+00:00,2026-07-30T01:38:10.357123+00:00,73,t.me/bananaleaks
436711,293785,"SELL Signal (Short) 
                    
📊 Asset:...🚀 Boom

🛑 Stop Loss: 0.562436

⚠️ Manage your risk",3f5abe40f21b9732d97b298c9db9c1c3,2026-07-05T22:18:28+00:00,2026-07-30T01:38:10.403937+00:00,73,t.me/bananaleaks
436659,293784,"SELL Signal (Short) 
                    
📊 Asset:...Boom

🛑 Stop Loss: 260.018000

⚠️ Manage your risk",90acb1ea5542596c99d9c4aa740bc912,2026-07-05T22:17:10+00:00,2026-07-30T01:38:10.191675+00:00,73,t.me/bananaleaks
436648,293782,"SELL Signal (Short) 
                    
📊 Asset:... Boom

🛑 Stop Loss: 17.999425

⚠️ Manage your risk",a8f01114ab57dcb098bbbcb0380bd60e,2026-07-05T22:16:50+00:00,2026-07-30T01:38:10.074600+00:00,73,t.me/bananaleaks
436678,293781,"SELL Signal (Short) 
                    
📊 Asset:...🚀 Boom

🛑 Stop Loss: 1.889980

⚠️ Manage your risk",7ba2b1f982dc9ddeda77ad9aab2f62d7,2026-07-05T22:16:44+00:00,2026-07-30T01:38:10.288676+00:00,73,t.me/bananaleaks
436652,293779,"SELL Signal (Short) 
                    
📊 Asset:... Boom

🛑 Stop Loss: 48.473800

⚠️ Manage your risk",8b231d3f01a29f0a59d73bd97df246ec,2026-07-05T22:16:24+00:00,2026-07-30T01:38:10.087354+00:00,73,t.me/bananaleaks
436719,293778,"BUY Signal (Long) 
                    
📊 Asset: D...🚀 Boom

🛑 Stop Loss: 0.073320

⚠️ Manage your risk",f2fd317f3c2963e3e8f53066d0a30cd0,2026-07-05T22:15:57+00:00,2026-07-30T01:38:10.425360+00:00,73,t.me/bananaleaks
436630,293771,"🔴 SELL Signal (Short) 🔴
                    
📊 Ass...🚀 Boom

🛑 Stop Loss: 0.801466

⚠️ Manage your risk",bd6a2c88d3373a2273e56ff920281502,2026-07-05T18:49:07+00:00,2026-07-30T01:38:09.732520+00:00,73,t.me/bananaleaks
436668,293766,"🟢 BUY Signal (Long) 🟢
                    
📊 Asset...Boom

🛑 Stop Loss: 227.104000

⚠️ Manage your risk",8513f085c9a06af2683143ad4bf71392,2026-07-05T18:46:52+00:00,2026-07-30T01:38:10.251966+00:00,73,t.me/bananaleaks
436672,293764,"🔴 SELL Signal (Short) 🔴
                    
📊 Ass...🚀 Boom

🛑 Stop Loss: 0.201400

⚠️ Manage your risk",321b5f7ee352a903ad0d9fa82c487863,2026-07-05T18:45:48+00:00,2026-07-30T01:38:10.268770+00:00,73,t.me/bananaleaks
436639,293763,"🔴 SELL Signal (Short) 🔴
                    
📊 Ass...oom

🛑 Stop Loss: 1887.796400

⚠️ Manage your risk",34c8638348907b954f83cf5ad570e0b2,2026-07-05T18:45:04+00:00,2026-07-30T01:38:09.955435+00:00,73,t.me/bananaleaks
436642,293760,"🔴 SELL Signal (Short) 🔴
                    
📊 Ass... Boom

🛑 Stop Loss: 73.733600

⚠️ Manage your risk",ecea307b18e358d5ef07dca590dd0675,2026-07-05T15:03:45+00:00,2026-07-30T01:38:09.999494+00:00,73,t.me/bananaleaks
436625,293758,"🔴 SELL Signal (Short) 🔴
                    
📊 Ass...🚀 Boom

🛑 Stop Loss: 1.797760

⚠️ Manage your risk",8c83334e5143420ca0988f231fd30d44,2026-07-05T15:02:22+00:00,2026-07-30T01:38:09.655811+00:00,73,t.me/bananaleaks
436695,293757,"🔴 SELL Signal (Short) 🔴
                    
📊 Ass...Boom

🛑 Stop Loss: 252.704000

⚠️ Manage your risk",b58c90e59ec92286081a867477c6e756,2026-07-05T15:02:02+00:00,2026-07-30T01:38:10.348062+00:00,73,t.me/bananaleaks
436658,293756,"🔴 SELL Signal (Short) 🔴
                    
📊 Ass... Boom

🛑 Stop Loss: 47.890800

⚠️ Manage your risk",9e9218e3a6fdf7379c733faefe2bf9cf,2026-07-05T15:01:49+00:00,2026-07-30T01:38:10.184613+00:00,73,t.me/bananaleaks
436627,293755,"🔴 SELL Signal (Short) 🔴
                    
📊 Ass...🚀 Boom

🛑 Stop Loss: 1.864540

⚠️ Manage your risk",0407c79dc80cd8a959605522c2320119,2026-07-05T15:01:42+00:00,2026-07-30T01:38:09.683109+00:00,73,t.me/bananaleaks
436720,293754,"🔴 SELL Signal (Short) 🔴
                    
📊 Ass... Boom

🛑 Stop Loss: 16.931359

⚠️ Manage your risk",6568b65ce1a60586edf8acbb31766ad1,2026-07-05T15:01:22+00:00,2026-07-30T01:38:10.427013+00:00,73,t.me/bananaleaks
436645,293751,"🔴 SELL Signal (Short) 🔴
                    
📊 Ass...🚀 Boom

🛑 Stop Loss: 0.076166

⚠️ Manage your risk",d214d88ccae55415585dd21be4d3b7c2,2026-07-05T09:50:36+00:00,2026-07-30T01:38:10.067924+00:00,73,t.me/bananaleaks
436693,293750,"🔴 SELL Signal (Short) 🔴
                    
📊 Ass...🚀 Boom

🛑 Stop Loss: 0.917218

⚠️ Manage your risk",24cc732d21ddc8abb5721935cfa5227e,2026-07-05T09:50:29+00:00,2026-07-30T01:38:10.337344+00:00,73,t.me/bananaleaks
436637,293749,"🔴 SELL Signal (Short) 🔴
                    
📊 Ass...🚀 Boom

🛑 Stop Loss: 0.782810

⚠️ Manage your risk",458b4bf60868bb00ec9cd4d7db8eed11,2026-07-05T09:50:16+00:00,2026-07-30T01:38:09.933121+00:00,73,t.me/bananaleaks
436632,293748,"🔴 SELL Signal (Short) 🔴
                    
📊 Ass...🚀 Boom

🛑 Stop Loss: 0.111883

⚠️ Manage your risk",b29b4cda20555a7e7c0011d90d6a4c2a,2026-07-05T09:50:03+00:00,2026-07-30T01:38:09.778145+00:00,73,t.me/bananaleaks
436634,293744,"🔴 SELL Signal (Short) 🔴
                    
📊 Ass...Boom

🛑 Stop Loss: 222.271400

⚠️ Manage your risk",17453a08bcbd64469e58274cbdfa8303,2026-07-05T09:49:00+00:00,2026-07-30T01:38:09.879797+00:00,73,t.me/bananaleaks
436653,293743,"🔴 SELL Signal (Short) 🔴
                    
📊 Ass...Boom

🛑 Stop Loss: 479.872600

⚠️ Manage your risk",23661b5324f75014c985126f09e431ce,2026-07-05T09:48:47+00:00,2026-07-30T01:38:10.093728+00:00,73,t.me/bananaleaks
436626,293742,"🔴 SELL Signal (Short) 🔴
                    
📊 Ass...Boom

🛑 Stop Loss: 253.128000

⚠️ Manage your risk",433679a2fc4cf883933c52de45126ba3,2026-07-05T09:48:16+00:00,2026-07-30T01:38:09.682276+00:00,73,t.me/bananaleaks
436674,293740,"🔴 SELL Signal (Short) 🔴
                    
📊 Ass... Boom

🛑 Stop Loss: 46.703600

⚠️ Manage your risk",8088f4968e5ed4d275725204ac303aad,2026-07-05T09:47:43+00:00,2026-07-30T01:38:10.271111+00:00,73,t.me/bananaleaks
436646,293737,"🔴 SELL Signal (Short) 🔴
                    
📊 Ass...🚀 Boom

🛑 Stop Loss: 0.344288

⚠️ Manage your risk",a8bdaa2ea5d80025c476f95c50d1a9b7,2026-07-05T09:47:24+00:00,2026-07-30T01:38:10.073650+00:00,73,t.me/bananaleaks
436629,293736,"🔴 SELL Signal (Short) 🔴
                    
📊 Ass...🚀 Boom

🛑 Stop Loss: 0.445200

⚠️ Manage your risk",9390a53e0df6c105e7ee0cfaf316e2fa,2026-07-05T09:47:11+00:00,2026-07-30T01:38:09.698018+00:00,73,t.me/bananaleaks
436641,293735,"🔴 SELL Signal (Short) 🔴
                    
📊 Ass...🚀 Boom

🛑 Stop Loss: 0.080019

⚠️ Manage your risk",841cde9bdee435869bd5dbaa791d41e0,2026-07-05T09:47:04+00:00,2026-07-30T01:38:09.989459+00:00,73,t.me/bananaleaks
436660,293734,"🔴 SELL Signal (Short) 🔴
                    
📊 Ass...Boom

🛑 Stop Loss: 607.910000

⚠️ Manage your risk",2da1e043d405e37c2876c1fc452ffdf4,2026-07-05T09:46:58+00:00,2026-07-30T01:38:10.192683+00:00,73,t.me/bananaleaks
436699,293733,"🔴 SELL Signal (Short) 🔴
                    
📊 Ass...🚀 Boom

🛑 Stop Loss: 0.200234

⚠️ Manage your risk",dd3f8e1d2a69cd7cd2a2155f881eeaf6,2026-07-05T09:46:51+00:00,2026-07-30T01:38:10.353504+00:00,73,t.me/bananaleaks
436655,293732,"🔴 SELL Signal (Short) 🔴
                    
📊 Ass...🚀 Boom

🛑 Stop Loss: 1.196634

⚠️ Manage your risk",554d21bc973f27acd5a02e9210e9921d,2026-07-05T09:46:44+00:00,2026-07-30T01:38:10.102192+00:00,73,t.me/bananaleaks
436665,293731,"🔴 SELL Signal (Short) 🔴
                    
📊 Ass... Boom

🛑 Stop Loss: 84.577400

⚠️ Manage your risk",5d46b31d23c5650a4b13a0726b14fef5,2026-07-05T09:46:37+00:00,2026-07-30T01:38:10.217144+00:00,73,t.me/bananaleaks
436631,293730,"🔴 SELL Signal (Short) 🔴
                    
📊 Ass...om

🛑 Stop Loss: 66279.796600

⚠️ Manage your risk",11848cbf3d3af839d9f1a11b7cde6fb1,2026-07-05T09:46:31+00:00,2026-07-30T01:38:09.773772+00:00,73,t.me/bananaleaks
436671,293729,"🔴 SELL Signal (Short) 🔴
                    
📊 Ass...oom

🛑 Stop Loss: 1857.183600

⚠️ Manage your risk",fc033422e5028af7672caa6db07cd971,2026-07-05T09:46:24+00:00,2026-07-30T01:38:10.253774+00:00,73,t.me/bananaleaks
436538,293701,"🔴 SELL Signal (Short) 🔴
                    
📊 Ass...🚀 Boom

🛑 Stop Loss: 0.000353

⚠️ Manage your risk",2f252a38d07ac6241c536d47d5ca4755,2026-07-04T23:49:21+00:00,2026-07-30T01:37:55.512433+00:00,73,t.me/bananaleaks
436566,293700,"🔴 SELL Signal (Short) 🔴
                    
📊 Ass...🚀 Boom

🛑 Stop Loss: 1.059565

⚠️ Manage your risk",346ac0f438025633709bb753455831ea,2026-07-04T23:48:49+00:00,2026-07-30T01:37:55.933337+00:00,73,t.me/bananaleaks
436593,293692,"🔴 SELL Signal (Short) 🔴
                    
📊 Ass...🚀 Boom

🛑 Stop Loss: 5.150540

⚠️ Manage your risk",cb498c13e10bd5e0366e6223dabde2ae,2026-07-04T20:21:54+00:00,2026-07-30T01:37:56.054889+00:00,73,t.me/bananaleaks
436600,293691,"🔴 SELL Signal (Short) 🔴
                    
📊 Ass...🚀 Boom

🛑 Stop Loss: 0.000005

⚠️ Manage your risk",e0ce1c69d31dde0b875caf86189d2b11,2026-07-04T20:21:47+00:00,2026-07-30T01:37:56.180562+00:00,73,t.me/bananaleaks
436572,293690,"🔴 SELL Signal (Short) 🔴
                    
📊 Ass...🚀 Boom

🛑 Stop Loss: 0.947746

⚠️ Manage your risk",72041673bc5ce2f8e4265bc0e2d48f88,2026-07-04T20:21:14+00:00,2026-07-30T01:37:55.957217+00:00,73,t.me/bananaleaks
436536,293689,"🔴 SELL Signal (Short) 🔴
                    
📊 Ass...Boom

🛑 Stop Loss: 231.122400

⚠️ Manage your risk",8994c5114af2b1ba36255325bba67884,2026-07-04T20:21:02+00:00,2026-07-30T01:37:55.287884+00:00,73,t.me/bananaleaks
436607,293688,"🔴 SELL Signal (Short) 🔴
                    
📊 Ass...🚀 Boom

🛑 Stop Loss: 0.817790

⚠️ Manage your risk",e1c80a13fb991dbc0d2e35d1079a82a0,2026-07-04T20:20:55+00:00,2026-07-30T01:37:56.256455+00:00,73,t.me/bananaleaks
436562,293686,"🔴 SELL Signal (Short) 🔴
                    
📊 Ass...Boom

🛑 Stop Loss: 248.570000

⚠️ Manage your risk",721b7e307846fa85c1a5e65d4de1b90f,2026-07-04T20:20:35+00:00,2026-07-30T01:37:55.910068+00:00,73,t.me/bananaleaks
436619,293684,"🔴 SELL Signal (Short) 🔴
                    
📊 Ass...🚀 Boom

🛑 Stop Loss: 0.222600

⚠️ Manage your risk",6ac9945a3e2cd0bce3503138a101f505,2026-07-04T20:20:22+00:00,2026-07-30T01:37:56.396720+00:00,73,t.me/bananaleaks
436587,293683,"🔴 SELL Signal (Short) 🔴
                    
📊 Ass...🚀 Boom

🛑 Stop Loss: 1.945100

⚠️ Manage your risk",b7d3ff18031d65dbec2b040ce2b5e0e2,2026-07-04T20:19:58+00:00,2026-07-30T01:37:56.027524+00:00,73,t.me/bananaleaks
436588,293680,"🔴 SELL Signal (Short) 🔴
                    
📊 Ass... Boom

🛑 Stop Loss: 47.859000

⚠️ Manage your risk",18dfa3e8b016412e6c114cfaf2680b72,2026-07-04T20:18:41+00:00,2026-07-30T01:37:56.028619+00:00,73,t.me/bananaleaks
436590,293679,"🔴 SELL Signal (Short) 🔴
                    
📊 Ass...Boom

🛑 Stop Loss: 609.924000

⚠️ Manage your risk",d1f1deaec474c32738f9aa90c2071aad,2026-07-04T20:17:57+00:00,2026-07-30T01:37:56.042879+00:00,73,t.me/bananaleaks
436612,293678,"🔴 SELL Signal (Short) 🔴
                    
📊 Ass...🚀 Boom

🛑 Stop Loss: 0.083390

⚠️ Manage your risk",d7006ccc7faa651379543cb28e43b944,2026-07-04T20:17:50+00:00,2026-07-30T01:37:56.371670+00:00,73,t.me/bananaleaks
436584,293677,"🔴 SELL Signal (Short) 🔴
                    
📊 Ass...🚀 Boom

🛑 Stop Loss: 0.205216

⚠️ Manage your risk",ce7694a25ae7f8b74e86a36cbe9489ee,2026-07-04T20:17:44+00:00,2026-07-30T01:37:56.025531+00:00,73,t.me/bananaleaks
436615,293676,"🔴 SELL Signal (Short) 🔴
                    
📊 Ass...oom

🛑 Stop Loss: 1902.392600

⚠️ Manage your risk",024ef0c45a69a9926c619765e95409b3,2026-07-04T20:17:25+00:00,2026-07-30T01:37:56.389432+00:00,73,t.me/bananaleaks
436539,293675,"🔴 SELL Signal (Short) 🔴
                    
📊 Ass...om

🛑 Stop Loss: 67146.696400

⚠️ Manage your risk",e53743419eaf2353b7651eaf5c4d3797,2026-07-04T20:17:17+00:00,2026-07-30T01:37:55.519986+00:00,73,t.me/bananaleaks
436556,293664,"🔴 SELL Signal (Short) 🔴
                    
📊 Ass...🚀 Boom

🛑 Stop Loss: 0.000005

⚠️ Manage your risk",644105758851a6c34b74a6b80eeb7fda,2026-07-04T16:39:06+00:00,2026-07-30T01:37:55.774445+00:00,73,t.me/bananaleaks
436568,293662,"🔴 SELL Signal (Short) 🔴
                    
📊 Ass...🚀 Boom

🛑 Stop Loss: 0.119780

⚠️ Manage your risk",31cff39456477485c9ad1068f07ab5b6,2026-07-04T16:38:54+00:00,2026-07-30T01:37:55.944095+00:00,73,t.me/bananaleaks
436602,293660,"🔴 SELL Signal (Short) 🔴
                    
📊 Ass...🚀 Boom

🛑 Stop Loss: 0.817472

⚠️ Manage your risk",43ecbbd5512b0cb349b0149e01dc1872,2026-07-04T16:38:03+00:00,2026-07-30T01:37:56.201105+00:00,73,t.me/bananaleaks
436542,293658,"🔴 SELL Signal (Short) 🔴
                    
📊 Ass...🚀 Boom

🛑 Stop Loss: 2.148832

⚠️ Manage your risk",f5ad28a0ae93ca10645c5339709eec0a,2026-07-04T16:37:37+00:00,2026-07-30T01:37:55.527719+00:00,73,t.me/bananaleaks
436580,293655,"🔴 SELL Signal (Short) 🔴
                    
📊 Ass...Boom

🛑 Stop Loss: 491.469000

⚠️ Manage your risk",d1487a71d5bed16ac9bb10e874b9dc47,2026-07-04T16:37:24+00:00,2026-07-30T01:37:56.015162+00:00,73,t.me/bananaleaks
436528,293653,"🔴 SELL Signal (Short) 🔴
                    
📊 Ass...🚀 Boom

🛑 Stop Loss: 1.059671

⚠️ Manage your risk",12c2b8614d8090e286aa2fab3594d95a,2026-07-04T16:36:59+00:00,2026-07-30T01:37:54.869007+00:00,73,t.me/bananaleaks
436579,293650,"🔴 SELL Signal (Short) 🔴
                    
📊 Ass...🚀 Boom

🛑 Stop Loss: 0.446896

⚠️ Manage your risk",80253522585cdae9036f1fc3f9e7ab3e,2026-07-04T16:35:36+00:00,2026-07-30T01:37:55.998815+00:00,73,t.me/bananaleaks
436605,293647,"🔴 SELL Signal (Short) 🔴
                    
📊 Ass...Boom

🛑 Stop Loss: 610.061800

⚠️ Manage your risk",88aa8d898c2a3200862eca22487f6d69,2026-07-04T16:35:17+00:00,2026-07-30T01:37:56.224515+00:00,73,t.me/bananaleaks
436569,293645,"🔴 SELL Signal (Short) 🔴
                    
📊 Ass...🚀 Boom

🛑 Stop Loss: 1.239988

⚠️ Manage your risk",c203ee6617d3203b2233daef09a102f8,2026-07-04T16:34:57+00:00,2026-07-30T01:37:55.945679+00:00,73,t.me/bananaleaks
436592,293642,"🔴 SELL Signal (Short) 🔴
                    
📊 Ass...om

🛑 Stop Loss: 66642.571000

⚠️ Manage your risk",2d08dc02bd7a456730026d82c8082d23,2026-07-04T16:34:37+00:00,2026-07-30T01:37:56.052142+00:00,73,t.me/bananaleaks
436604,293630,"🟢 BUY Signal (Long) 🟢
                    
📊 Asset...🚀 Boom

🛑 Stop Loss: 1.671320

⚠️ Manage your risk",0eb5989dfb1c754b6be70ad7094ec1ba,2026-07-04T12:53:12+00:00,2026-07-30T01:37:56.225901+00:00,73,t.me/bananaleaks
436575,293626,"🔴 SELL Signal (Short) 🔴
                    
📊 Ass...🚀 Boom

🛑 Stop Loss: 0.345136

⚠️ Manage your risk",f9e8dca66fc4c5c99e52b0b099893f01,2026-07-04T12:51:04+00:00,2026-07-30T01:37:55.996285+00:00,73,t.me/bananaleaks
436621,293623,"🔴 SELL Signal (Short) 🔴
                    
📊 Ass...Boom

🛑 Stop Loss: 607.348200

⚠️ Manage your risk",55b2eec44bc7a76c6334e04cc5700b2e,2026-07-04T12:50:51+00:00,2026-07-30T01:37:56.401751+00:00,73,t.me/bananaleaks
436524,293612,"🔴 SELL Signal (Short) 🔴
                    
📊 Ass...🚀 Boom

🛑 Stop Loss: 0.000352

⚠️ Manage your risk",1552716d03f099be3c5ec07274f5e9b8,2026-07-04T09:13:55+00:00,2026-07-30T01:37:53.329758+00:00,73,t.me/bananaleaks
439089,293926,"SELL Signal (Short) 
                    
📊 Asset:...om

🛑 Stop Loss: 67119.200000

⚠️ Manage your risk",a793c72d53221a6c16ac0553b9fe7548,2026-07-07T10:40:56+00:00,2026-07-30T03:41:42.832284+00:00,73,t.me/bananaleaks
439092,293908,"SELL Signal (Short) 
                    
📊 Asset:...Boom

🛑 Stop Loss: 228.048400

⚠️ Manage your risk",325a81e71f20191a91f5f7486480c8cb,2026-07-06T23:37:36+00:00,2026-07-30T03:41:43.044756+00:00,73,t.me/bananaleaks
439103,293899,"SELL Signal (Short) 
                    
📊 Asset:...🚀 Boom

🛑 Stop Loss: 0.402270

⚠️ Manage your risk",5a0f66f605b1586933bf2fe44f5d0b01,2026-07-06T19:23:17+00:00,2026-07-30T03:41:43.274078+00:00,73,t.me/bananaleaks
439177,293897,"SELL Signal (Short) 
                    
📊 Asset:...🚀 Boom

🛑 Stop Loss: 0.048930

⚠️ Manage your risk",a35cf761cb2df21ab82f25cfa964583e,2026-07-06T19:22:57+00:00,2026-07-30T03:41:43.747604+00:00,73,t.me/bananaleaks
439111,293896,"SELL Signal (Short) 
                    
📊 Asset:...Boom

🛑 Stop Loss: 477.869200

⚠️ Manage your risk",af0fa243d4bb5642f48c59daf533bbb3,2026-07-06T19:22:44+00:00,2026-07-30T03:41:43.330475+00:00,73,t.me/bananaleaks
439095,293889,"SELL Signal (Short) 
                    
📊 Asset:...Boom

🛑 Stop Loss: 228.334600

⚠️ Manage your risk",f5e891e11a3486148ae3f15a77e67799,2026-07-06T19:21:25+00:00,2026-07-30T03:41:43.101552+00:00,73,t.me/bananaleaks
439090,293872,"SELL Signal (Short) 
                    
📊 Asset:...om

🛑 Stop Loss: 67569.572800

⚠️ Manage your risk",d28234d49909f38d8983316bdee71756,2026-07-06T19:18:20+00:00,2026-07-30T03:41:42.857696+00:00,73,t.me/bananaleaks
439275,294063,"SELL Signal (Short) 
                    
📊 Asset:...Boom

🛑 Stop Loss: 491.681000

⚠️ Manage your risk",f58cdf7ee13bd4f269559c06677d4a12,2026-07-08T21:56:39+00:00,2026-07-30T03:41:59.727670+00:00,73,t.me/bananaleaks
439236,294059,"SELL Signal (Short) 
                    
📊 Asset:...🚀 Boom

🛑 Stop Loss: 0.349482

⚠️ Manage your risk",964bedee41754df25d4f371b0b9b1bfd,2026-07-08T21:55:29+00:00,2026-07-30T03:41:59.611722+00:00,73,t.me/bananaleaks
439206,294056,"SELL Signal (Short) 
                    
📊 Asset:...🚀 Boom

🛑 Stop Loss: 2.854474

⚠️ Manage your risk",434e490fe9d02f38c8c97cd808066461,2026-07-08T21:55:16+00:00,2026-07-30T03:41:59.320304+00:00,73,t.me/bananaleaks
439194,294053,"SELL Signal (Short) 
                    
📊 Asset:...Boom

🛑 Stop Loss: 599.981200

⚠️ Manage your risk",01df420df4842607d025ead41edb0899,2026-07-08T21:55:04+00:00,2026-07-30T03:41:59.102012+00:00,73,t.me/bananaleaks
439271,294049,"SELL Signal (Short) 
                    
📊 Asset:...🚀 Boom

🛑 Stop Loss: 1.154340

⚠️ Manage your risk",0ae4a1f70dd759d0f0a74f82b33729c4,2026-07-08T21:54:49+00:00,2026-07-30T03:41:59.709196+00:00,73,t.me/bananaleaks
439195,294047,"SELL Signal (Short) 
                    
📊 Asset:... Boom

🛑 Stop Loss: 81.842600

⚠️ Manage your risk",ca2a6843aecdb56eb68aee6157ace593,2026-07-08T21:54:43+00:00,2026-07-30T03:41:59.101411+00:00,73,t.me/bananaleaks
439274,294044,"SELL Signal (Short) 
                    
📊 Asset:...oom

🛑 Stop Loss: 1839.492200

⚠️ Manage your risk",75ce9423b7e54e20c8eb2172c32ea7c7,2026-07-08T21:54:36+00:00,2026-07-30T03:41:59.723703+00:00,73,t.me/bananaleaks
439273,294041,"SELL Signal (Short) 
                    
📊 Asset:...om

🛑 Stop Loss: 65805.966000

⚠️ Manage your risk",2faf1e17210fd7da76fa145b700bcc74,2026-07-08T21:54:30+00:00,2026-07-30T03:41:59.717447+00:00,73,t.me/bananaleaks
439185,294037,"SELL Signal (Short) 
                    
📊 Asset:...🚀 Boom

🛑 Stop Loss: 1.059767

⚠️ Manage your risk",00533af0d72cd46016073d97972e70da,2026-07-08T18:12:23+00:00,2026-07-30T03:41:58.916063+00:00,73,t.me/bananaleaks
439217,294035,"SELL Signal (Short) 
                    
📊 Asset:...🚀 Boom

🛑 Stop Loss: 1.706600

⚠️ Manage your risk",bed55ab1ad6d226a110f7d1494fa8280,2026-07-08T18:11:45+00:00,2026-07-30T03:41:59.558394+00:00,73,t.me/bananaleaks
439200,294032,"SELL Signal (Short) 
                    
📊 Asset:...Boom

🛑 Stop Loss: 338.479200

⚠️ Manage your risk",82abf0888c49ea4f2b4b73c822e776df,2026-07-08T18:11:38+00:00,2026-07-30T03:41:59.276678+00:00,73,t.me/bananaleaks
439270,294030,"SELL Signal (Short) 
                    
📊 Asset:...🚀 Boom

🛑 Stop Loss: 0.417428

⚠️ Manage your risk",122eb47e3586a980cdcc01dd77c8766b,2026-07-08T18:11:32+00:00,2026-07-30T03:41:59.697165+00:00,73,t.me/bananaleaks
439199,294028,"SELL Signal (Short) 
                    
📊 Asset:...🚀 Boom

🛑 Stop Loss: 0.349376

⚠️ Manage your risk",c74d56d3fc6cc25107a6e1c7b51feab0,2026-07-08T18:10:53+00:00,2026-07-30T03:41:59.273062+00:00,73,t.me/bananaleaks
439230,294026,"SELL Signal (Short) 
                    
📊 Asset:...🚀 Boom

🛑 Stop Loss: 1.059470

⚠️ Manage your risk",acda8c7d33bca3f0757aa4e71c7fee3a,2026-07-08T18:10:15+00:00,2026-07-30T03:41:59.612529+00:00,73,t.me/bananaleaks
439205,293971,"SELL Signal (Short) 
                    
📊 Asset:...🚀 Boom

🛑 Stop Loss: 1.673740

⚠️ Manage your risk",a544ff9946457941e817aeb0b6ea9656,2026-07-08T07:44:13+00:00,2026-07-30T03:41:59.315173+00:00,73,t.me/bananaleaks
439239,293968,"BUY Signal (Long) 
                    
📊 Asset: L... Boom

🛑 Stop Loss: 41.237800

⚠️ Manage your risk",f0e8205321e0d99fae7bf1ae3c31fc60,2026-07-08T07:43:41+00:00,2026-07-30T03:41:59.631056+00:00,73,t.me/bananaleaks
439267,293966,"SELL Signal (Short) 
                    
📊 Asset:...🚀 Boom

🛑 Stop Loss: 3.050574

⚠️ Manage your risk",136c6fb039fe6f662a4764f6e5a673e6,2026-07-08T07:43:15+00:00,2026-07-30T03:41:59.688113+00:00,73,t.me/bananaleaks
439151,293944,"SELL Signal (Short) 
                    
📊 Asset:...Boom

🛑 Stop Loss: 353.404000

⚠️ Manage your risk",9aa35cd4139c528711e931421c44dc53,2026-07-07T18:27:51+00:00,2026-07-30T03:41:43.565199+00:00,73,t.me/bananaleaks
439129,293943,"SELL Signal (Short) 
                    
📊 Asset:... Boom

🛑 Stop Loss: 47.085200

⚠️ Manage your risk",b1e83520b38acb6f7d260ceece6c9d5f,2026-07-07T18:26:59+00:00,2026-07-30T03:41:43.515773+00:00,73,t.me/bananaleaks
439140,293942,"SELL Signal (Short) 
                    
📊 Asset:...🚀 Boom

🛑 Stop Loss: 2.690174

⚠️ Manage your risk",211650b05c5449c201a8d677a7ef1ad0,2026-07-07T18:26:20+00:00,2026-07-30T03:41:43.536395+00:00,73,t.me/bananaleaks
439165,293937,"SELL Signal (Short) 
                    
📊 Asset:... Boom

🛑 Stop Loss: 75.896000

⚠️ Manage your risk",f6aa76ba2e321da27987452c94cbe5fe,2026-07-07T10:43:06+00:00,2026-07-30T03:41:43.678317+00:00,73,t.me/bananaleaks
439130,293936,"SELL Signal (Short) 
                    
📊 Asset:...Boom

🛑 Stop Loss: 227.041400

⚠️ Manage your risk",7fa8c3e968b6a0974bf434b7f8873f05,2026-07-07T10:42:41+00:00,2026-07-30T03:41:43.518051+00:00,73,t.me/bananaleaks
439181,293935,"SELL Signal (Short) 
                    
📊 Asset:...🚀 Boom

🛑 Stop Loss: 1.059618

⚠️ Manage your risk",22f46b99b2a13222bf770abe322031c8,2026-07-07T10:42:34+00:00,2026-07-30T03:41:43.797397+00:00,73,t.me/bananaleaks
439119,293933,"SELL Signal (Short) 
                    
📊 Asset:... Boom

🛑 Stop Loss: 46.682400

⚠️ Manage your risk",c37bb54f4877a16d4b442a2bd8836293,2026-07-07T10:42:15+00:00,2026-07-30T03:41:43.456921+00:00,73,t.me/bananaleaks
439097,293930,"SELL Signal (Short) 
                    
📊 Asset:...🚀 Boom

🛑 Stop Loss: 0.079352

⚠️ Manage your risk",e18780b69360584dd14465bd69e0bf1d,2026-07-07T10:41:29+00:00,2026-07-30T03:41:43.106577+00:00,73,t.me/bananaleaks
439168,293929,"SELL Signal (Short) 
                    
📊 Asset:...🚀 Boom

🛑 Stop Loss: 1.193666

⚠️ Manage your risk",256a91228f991ac194349c9bd9ea0fae,2026-07-07T10:41:16+00:00,2026-07-30T03:41:43.683518+00:00,73,t.me/bananaleaks
439160,293928,"SELL Signal (Short) 
                    
📊 Asset:... Boom

🛑 Stop Loss: 85.997800

⚠️ Manage your risk",abff84df862fe4272587327047837f71,2026-07-07T10:41:09+00:00,2026-07-30T03:41:43.669964+00:00,73,t.me/bananaleaks
439149,293927,"SELL Signal (Short) 
                    
📊 Asset:...oom

🛑 Stop Loss: 1886.121600

⚠️ Manage your risk",4b1be224bef99585cd4b92d86ccd60ab,2026-07-07T10:41:03+00:00,2026-07-30T03:41:43.563217+00:00,73,t.me/bananaleaks
439166,293917,"SELL Signal (Short) 
                    
📊 Asset:...🚀 Boom

🛑 Stop Loss: 7.409400

⚠️ Manage your risk",103629924b2d14227c88aed0faefbbbe,2026-07-06T23:39:59+00:00,2026-07-30T03:41:43.679803+00:00,73,t.me/bananaleaks
439102,293915,"SELL Signal (Short) 
                    
📊 Asset:...Boom

🛑 Stop Loss: 484.112600

⚠️ Manage your risk",b7aa0b3d9ec86019b6d9e3b9bd2ca77f,2026-07-06T23:39:14+00:00,2026-07-30T03:41:43.133451+00:00,73,t.me/bananaleaks
439137,293914,"SELL Signal (Short) 
                    
📊 Asset:...🚀 Boom

🛑 Stop Loss: 0.795954

⚠️ Manage your risk",34b72c8e2d50b9b65f3f9efedf2f7204,2026-07-06T23:39:01+00:00,2026-07-30T03:41:43.528080+00:00,73,t.me/bananaleaks
439139,293911,"SELL Signal (Short) 
                    
📊 Asset:...🚀 Boom

🛑 Stop Loss: 0.212106

⚠️ Manage your risk",3ffbdb58cd5922a31005708a70403eb1,2026-07-06T23:38:09+00:00,2026-07-30T03:41:43.534273+00:00,73,t.me/bananaleaks
439163,293909,"SELL Signal (Short) 
                    
📊 Asset:...🚀 Boom

🛑 Stop Loss: 1.804120

⚠️ Manage your risk",49b9721d89f85b5aa90178a03f71a481,2026-07-06T23:37:42+00:00,2026-07-30T03:41:43.673569+00:00,73,t.me/bananaleaks
439131,293906,"SELL Signal (Short) 
                    
📊 Asset:... Boom

🛑 Stop Loss: 16.080889

⚠️ Manage your risk",fe21ca05ae0d907b68a2fb739727d0bb,2026-07-06T23:36:55+00:00,2026-07-30T03:41:43.519831+00:00,73,t.me/bananaleaks
439157,293902,"SELL Signal (Short) 
                    
📊 Asset:... Boom

🛑 Stop Loss: 87.057800

⚠️ Manage your risk",bd19309c7dd46b4aadb56129f885206f,2026-07-06T23:35:26+00:00,2026-07-30T03:41:43.653574+00:00,73,t.me/bananaleaks
439101,293901,"SELL Signal (Short) 
                    
📊 Asset:...oom

🛑 Stop Loss: 1911.604000

⚠️ Manage your risk",6d65c22a8660443245ea64730ee3517e,2026-07-06T23:35:19+00:00,2026-07-30T03:41:43.144648+00:00,73,t.me/bananaleaks
439178,293900,"SELL Signal (Short) 
                    
📊 Asset:...🚀 Boom

🛑 Stop Loss: 2.756424

⚠️ Manage your risk",8903a73a698f1a56c27c6b06b006949d,2026-07-06T19:23:30+00:00,2026-07-30T03:41:43.750140+00:00,73,t.me/bananaleaks
439105,293898,"SELL Signal (Short) 
                    
📊 Asset:...🚀 Boom

🛑 Stop Loss: 7.394560

⚠️ Manage your risk",373d6a169383d0eb1859bd0a468088de,2026-07-06T19:23:04+00:00,2026-07-30T03:41:43.281404+00:00,73,t.me/bananaleaks
439180,293895,"SELL Signal (Short) 
                    
📊 Asset:...🚀 Boom

🛑 Stop Loss: 0.843972

⚠️ Manage your risk",36b84a35e139e072c06df2ed4224b2c7,2026-07-06T19:22:37+00:00,2026-07-30T03:41:43.778279+00:00,73,t.me/bananaleaks
439154,293894,"SELL Signal (Short) 
                    
📊 Asset:...🚀 Boom

🛑 Stop Loss: 2.200772

⚠️ Manage your risk",5b53ac3d6eea0995820a6a21953d1dc8,2026-07-06T19:22:30+00:00,2026-07-30T03:41:43.570307+00:00,73,t.me/bananaleaks
439162,293893,"SELL Signal (Short) 
                    
📊 Asset:...🚀 Boom

🛑 Stop Loss: 0.945414

⚠️ Manage your risk",9a5eabe88d98401c3102f506bb369f09,2026-07-06T19:22:23+00:00,2026-07-30T03:41:43.671050+00:00,73,t.me/bananaleaks
439110,293892,"SELL Signal (Short) 
                    
📊 Asset:...🚀 Boom

🛑 Stop Loss: 0.792774

⚠️ Manage your risk",16fc97b80f1516f2f0e31ead86dd1ceb,2026-07-06T19:22:04+00:00,2026-07-30T03:41:43.301618+00:00,73,t.me/bananaleaks
439153,293891,"SELL Signal (Short) 
                    
📊 Asset:...Boom

🛑 Stop Loss: 343.980600

⚠️ Manage your risk",30d3c7f583afc18a006a447260b1d5c8,2026-07-06T19:21:51+00:00,2026-07-30T03:41:43.571328+00:00,73,t.me/bananaleaks
439125,293890,"SELL Signal (Short) 
                    
📊 Asset:...🚀 Boom

🛑 Stop Loss: 5.243820

⚠️ Manage your risk",3f285e94623e70f77b74bd58ab4eec6d,2026-07-06T19:21:45+00:00,2026-07-30T03:41:43.508570+00:00,73,t.me/bananaleaks
439126,293887,"SELL Signal (Short) 
                    
📊 Asset:...🚀 Boom

🛑 Stop Loss: 0.211682

⚠️ Manage your risk",7dbdfae4e5349b0d2c480020393b120d,2026-07-06T19:21:12+00:00,2026-07-30T03:41:43.507520+00:00,73,t.me/bananaleaks
439155,293886,"SELL Signal (Short) 
                    
📊 Asset:... Boom

🛑 Stop Loss: 75.673400

⚠️ Manage your risk",0980e45a92251205f59234ecfded91e9,2026-07-06T19:21:05+00:00,2026-07-30T03:41:43.572574+00:00,73,t.me/bananaleaks
439127,293885,"SELL Signal (Short) 
                    
📊 Asset:...🚀 Boom

🛑 Stop Loss: 1.787160

⚠️ Manage your risk",e746747cdc229ee5270ed84227a21b95,2026-07-06T19:20:52+00:00,2026-07-30T03:41:43.509873+00:00,73,t.me/bananaleaks
439147,293883,"SELL Signal (Short) 
                    
📊 Asset:...🚀 Boom

🛑 Stop Loss: 0.467354

⚠️ Manage your risk",273db35f0dea8325d33c2c6d714833c1,2026-07-06T19:20:00+00:00,2026-07-30T03:41:43.558621+00:00,73,t.me/bananaleaks
439114,293882,"SELL Signal (Short) 
                    
📊 Asset:...🚀 Boom

🛑 Stop Loss: 1.880440

⚠️ Manage your risk",b49fe8e7d3b02fabf92582c548c9b362,2026-07-06T19:19:53+00:00,2026-07-30T03:41:43.418950+00:00,73,t.me/bananaleaks
439099,293881,"SELL Signal (Short) 
                    
📊 Asset:... Boom

🛑 Stop Loss: 47.922600

⚠️ Manage your risk",b0702ec75f4cb0489e4b6a790cf68b74,2026-07-06T19:19:28+00:00,2026-07-30T03:41:43.129260+00:00,73,t.me/bananaleaks
439167,293880,"SELL Signal (Short) 
                    
📊 Asset:...🚀 Boom

🛑 Stop Loss: 1.059364

⚠️ Manage your risk",c981212d92cf8617a86e762f8c9a720d,2026-07-06T19:19:21+00:00,2026-07-30T03:41:43.679170+00:00,73,t.me/bananaleaks
439158,293878,"SELL Signal (Short) 
                    
📊 Asset:...🚀 Boom

🛑 Stop Loss: 0.194828

⚠️ Manage your risk",55797debd6029f8ae2ac9cfc2ed86454,2026-07-06T19:19:07+00:00,2026-07-30T03:41:43.659326+00:00,73,t.me/bananaleaks
439159,293877,"SELL Signal (Short) 
                    
📊 Asset:...🚀 Boom

🛑 Stop Loss: 0.081599

⚠️ Manage your risk",2faa7f9e82f39dfa7546e85f9f38c88d,2026-07-06T19:18:54+00:00,2026-07-30T03:41:43.669330+00:00,73,t.me/bananaleaks
439107,293876,"SELL Signal (Short) 
                    
📊 Asset:...Boom

🛑 Stop Loss: 620.078800

⚠️ Manage your risk",95d3553d4eac71baa739101113b09f5f,2026-07-06T19:18:47+00:00,2026-07-30T03:41:43.293841+00:00,73,t.me/bananaleaks
439152,293875,"SELL Signal (Short) 
                    
📊 Asset:...🚀 Boom

🛑 Stop Loss: 1.215184

⚠️ Manage your risk",8925b139b11242ebefdec692858915a6,2026-07-06T19:18:40+00:00,2026-07-30T03:41:43.569448+00:00,73,t.me/bananaleaks
439164,293874,"SELL Signal (Short) 
                    
📊 Asset:... Boom

🛑 Stop Loss: 86.856400

⚠️ Manage your risk",686d854005d6c7d11e9e061a94a1b218,2026-07-06T19:18:33+00:00,2026-07-30T03:41:43.674186+00:00,73,t.me/bananaleaks
439117,293873,"SELL Signal (Short) 
                    
📊 Asset:...oom

🛑 Stop Loss: 1903.018000

⚠️ Manage your risk",9f5226d7e5443c555de29a4c0adecdf9,2026-07-06T19:18:26+00:00,2026-07-30T03:41:43.446599+00:00,73,t.me/bananaleaks
441520,294334,"SELL Signal (Short) 
                    
📊 Asset:...🚀 Boom

🛑 Stop Loss: 0.500193

⚠️ Manage your risk",56640cef01da1164d57bf4d3632bd2cc,2026-07-12T11:45:29+00:00,2026-07-30T05:41:38.001987+00:00,73,t.me/bananaleaks
441533,294332,"SELL Signal (Short) 
                    
📊 Asset:...🚀 Boom

🛑 Stop Loss: 0.174582

⚠️ Manage your risk",8f055966435f3dae0200bf95acb5223a,2026-07-12T11:45:04+00:00,2026-07-30T05:41:38.060393+00:00,73,t.me/bananaleaks
441524,294329,"SELL Signal (Short) 
                    
📊 Asset:...🚀 Boom

🛑 Stop Loss: 1.480078

⚠️ Manage your risk",3a9a831502218f575495b7c6d2aa9719,2026-07-12T11:44:44+00:00,2026-07-30T05:41:38.016044+00:00,73,t.me/bananaleaks
441468,294325,"SELL Signal (Short) 
                    
📊 Asset:...🚀 Boom

🛑 Stop Loss: 1.161336

⚠️ Manage your risk",9dac43585a6d4436e2fdc37c9a919489,2026-07-12T11:44:17+00:00,2026-07-30T05:41:37.635719+00:00,73,t.me/bananaleaks
441480,294320,"SELL Signal (Short) 
                    
📊 Asset:...oom

🛑 Stop Loss: 1908.837400

⚠️ Manage your risk",406e40b2d21de5a9c1bec825f4e9bf07,2026-07-12T11:44:04+00:00,2026-07-30T05:41:37.715231+00:00,73,t.me/bananaleaks
441523,294317,"SELL Signal (Short) 
                    
📊 Asset:...om

🛑 Stop Loss: 67742.564800

⚠️ Manage your risk",6bc8454820e22af36605d15a7ab471fe,2026-07-12T11:43:57+00:00,2026-07-30T05:41:38.009159+00:00,73,t.me/bananaleaks
441530,294312,"SELL Signal (Short) 
                    
📊 Asset:...🚀 Boom

🛑 Stop Loss: 0.349694

⚠️ Manage your risk",55d0acc61d90cbdeff4a3c7490bdb3e1,2026-07-12T07:49:21+00:00,2026-07-30T05:41:38.043358+00:00,73,t.me/bananaleaks
441514,294258,"SELL Signal (Short) 
                    
📊 Asset:...🚀 Boom

🛑 Stop Loss: 0.181154

⚠️ Manage your risk",8d8963dd2dbed51d19f66d404238240c,2026-07-11T17:43:40+00:00,2026-07-30T05:41:37.981115+00:00,73,t.me/bananaleaks
441448,294241,"SELL Signal (Short) 
                    
📊 Asset:...🚀 Boom

🛑 Stop Loss: 1.060042

⚠️ Manage your risk",59b0bc87a687167f1d5b7205ceaf7599,2026-07-11T14:37:17+00:00,2026-07-30T05:41:36.736634+00:00,73,t.me/bananaleaks
441444,294237,"BUY Signal (Long) 
                    
📊 Asset: S... Boom

🛑 Stop Loss: 73.677200

⚠️ Manage your risk",2980cfc6a5d2f78bf0f841f997d438c3,2026-07-11T14:36:18+00:00,2026-07-30T05:41:36.488706+00:00,73,t.me/bananaleaks
441461,294228,"SELL Signal (Short) 
                    
📊 Asset:... Boom

🛑 Stop Loss: 47.700000

⚠️ Manage your risk",ab01a61902bd06c64502d675a33d81a6,2026-07-11T10:39:02+00:00,2026-07-30T05:41:37.516049+00:00,73,t.me/bananaleaks
441447,294219,"SELL Signal (Short) 
                    
📊 Asset:...Boom

🛑 Stop Loss: 612.065200

⚠️ Manage your risk",29284cb8379c872a3035392b30c05d50,2026-07-11T10:38:10+00:00,2026-07-30T05:41:36.614351+00:00,73,t.me/bananaleaks
441451,294217,"SELL Signal (Short) 
                    
📊 Asset:...🚀 Boom

🛑 Stop Loss: 1.174798

⚠️ Manage your risk",39bb2fa4826726b9be0a6163c7377775,2026-07-11T10:38:03+00:00,2026-07-30T05:41:36.835907+00:00,73,t.me/bananaleaks
441507,294215,"SELL Signal (Short) 
                    
📊 Asset:... Boom

🛑 Stop Loss: 82.627000

⚠️ Manage your risk",aa15f290e638070073c95bcbc964eccf,2026-07-11T10:37:50+00:00,2026-07-30T05:41:37.955514+00:00,73,t.me/bananaleaks
441442,294213,"SELL Signal (Short) 
                    
📊 Asset:...om

🛑 Stop Loss: 68048.968400

⚠️ Manage your risk",8cf837c69f18fb1e35e248fa3a516c7d,2026-07-11T10:37:38+00:00,2026-07-30T05:41:36.253670+00:00,73,t.me/bananaleaks
441438,294206,"SELL Signal (Short) 
                    
📊 Asset:...🚀 Boom

🛑 Stop Loss: 0.434706

⚠️ Manage your risk",af8085c27d48501ada1650bccf292038,2026-07-11T06:05:32+00:00,2026-07-30T05:41:23.907529+00:00,73,t.me/bananaleaks
441427,294204,"SELL Signal (Short) 
                    
📊 Asset:...Boom

🛑 Stop Loss: 260.124000

⚠️ Manage your risk",68f04314a16da4855d6c10ee77e4c316,2026-07-11T06:05:25+00:00,2026-07-30T05:41:23.860271+00:00,73,t.me/bananaleaks
441433,294201,"SELL Signal (Short) 
                    
📊 Asset:...🚀 Boom

🛑 Stop Loss: 0.930362

⚠️ Manage your risk",dacc2b706ea8ad167b71cdc4d09004f6,2026-07-11T06:05:12+00:00,2026-07-30T05:41:23.891091+00:00,73,t.me/bananaleaks
441416,294199,"SELL Signal (Short) 
                    
📊 Asset:...Boom

🛑 Stop Loss: 531.961000

⚠️ Manage your risk",42274e846cfac26b07014e5a1bf4a3d4,2026-07-11T06:04:59+00:00,2026-07-30T05:41:23.813327+00:00,73,t.me/bananaleaks
441419,294196,"BUY Signal (Long) 
                    
📊 Asset: L... Boom

🛑 Stop Loss: 42.262400

⚠️ Manage your risk",8fdfeffdaec6c10a918ffab63ca3e691,2026-07-11T06:04:46+00:00,2026-07-30T05:41:23.831159+00:00,73,t.me/bananaleaks
441429,294192,"BUY Signal (Long) 
                    
📊 Asset: V...🚀 Boom

🛑 Stop Loss: 0.495982

⚠️ Manage your risk",c25b0ee2d4f7b2777f911926db44e9dc,2026-07-10T21:34:10+00:00,2026-07-30T05:41:23.865189+00:00,73,t.me/bananaleaks
441411,294187,"SELL Signal (Short) 
                    
📊 Asset:...🚀 Boom

🛑 Stop Loss: 2.490152

⚠️ Manage your risk",daeeae1508df0904e8be22d6f031d357,2026-07-10T21:32:28+00:00,2026-07-30T05:41:23.690299+00:00,73,t.me/bananaleaks
441434,294184,"SELL Signal (Short) 
                    
📊 Asset:...🚀 Boom

🛑 Stop Loss: 0.350118

⚠️ Manage your risk",2bc33b1a270d03766e468d472a9ee3c1,2026-07-10T17:23:39+00:00,2026-07-30T05:41:23.892045+00:00,73,t.me/bananaleaks
441364,294182,"SELL Signal (Short) 
                    
📊 Asset:...🚀 Boom

🛑 Stop Loss: 1.060318

⚠️ Manage your risk",f7dc9bb6f770f9d903a1e56764161b0f,2026-07-10T17:23:00+00:00,2026-07-30T05:41:23.201651+00:00,73,t.me/bananaleaks
441422,294154,"SELL Signal (Short) 
                    
📊 Asset:...Boom

🛑 Stop Loss: 534.505000

⚠️ Manage your risk",b78823723921c680f24312d5dfb49d5d,2026-07-10T10:37:43+00:00,2026-07-30T05:41:23.836432+00:00,73,t.me/bananaleaks
441378,294139,"SELL Signal (Short) 
                    
📊 Asset:...🚀 Boom

🛑 Stop Loss: 0.198538

⚠️ Manage your risk",6433018a6802624ebf57711b216e121a,2026-07-09T22:48:48+00:00,2026-07-30T05:41:23.485857+00:00,73,t.me/bananaleaks
441370,294136,"SELL Signal (Short) 
                    
📊 Asset:...Boom

🛑 Stop Loss: 514.386200

⚠️ Manage your risk",a1df49456d59775bf04a8b077b1ad7d4,2026-07-09T22:48:10+00:00,2026-07-30T05:41:23.347489+00:00,73,t.me/bananaleaks
441390,294133,"SELL Signal (Short) 
                    
📊 Asset:...🚀 Boom

🛑 Stop Loss: 0.077677

⚠️ Manage your risk",20ef125264f846623587f63b460ce674,2026-07-09T22:47:13+00:00,2026-07-30T05:41:23.525307+00:00,73,t.me/bananaleaks
441439,294130,"BUY Signal (Long) 
                    
📊 Asset: T...🚀 Boom

🛑 Stop Loss: 0.312550

⚠️ Manage your risk",9706d812c1cca73755ed9dc964a6d73f,2026-07-09T22:46:55+00:00,2026-07-30T05:41:23.908466+00:00,73,t.me/bananaleaks
441359,294127,"SELL Signal (Short) 
                    
📊 Asset:...🚀 Boom

🛑 Stop Loss: 1.163244

⚠️ Manage your risk",979f56251608ad4d7c38999567a2d46e,2026-07-09T22:46:41+00:00,2026-07-30T05:41:23.079256+00:00,73,t.me/bananaleaks
441381,294125,"SELL Signal (Short) 
                    
📊 Asset:... Boom

🛑 Stop Loss: 82.923800

⚠️ Manage your risk",2d6686b0d2825c52ef9df179300ed96a,2026-07-09T22:46:34+00:00,2026-07-30T05:41:23.495024+00:00,73,t.me/bananaleaks
441399,294123,"SELL Signal (Short) 
                    
📊 Asset:...om

🛑 Stop Loss: 67159.734400

⚠️ Manage your risk",4f067aee4a38c01291771840985ae4ee,2026-07-09T22:46:15+00:00,2026-07-30T05:41:23.630845+00:00,73,t.me/bananaleaks
441375,294120,"SELL Signal (Short) 
                    
📊 Asset:...oom

🛑 Stop Loss: 4372.309200

⚠️ Manage your risk",96da73bbc784023c79f159228d6fc9c6,2026-07-09T17:34:58+00:00,2026-07-30T05:41:23.363710+00:00,73,t.me/bananaleaks
441395,294117,"SELL Signal (Short) 
                    
📊 Asset:...Boom

🛑 Stop Loss: 604.592200

⚠️ Manage your risk",314ec5c2f9ef00c4860c99230d4e97c0,2026-07-09T17:32:59+00:00,2026-07-30T05:41:23.616693+00:00,73,t.me/bananaleaks
441377,294115,"SELL Signal (Short) 
                    
📊 Asset:...🚀 Boom

🛑 Stop Loss: 1.060000

⚠️ Manage your risk",c70cde112424dcf285f7e7d9a5d08fee,2026-07-09T17:32:47+00:00,2026-07-30T05:41:23.382917+00:00,73,t.me/bananaleaks
441372,294101,"SELL Signal (Short) 
                    
📊 Asset:...Boom

🛑 Stop Loss: 497.193000

⚠️ Manage your risk",305e1eebea318558bf5f3a37a347ab18,2026-07-09T10:35:47+00:00,2026-07-30T05:41:23.351877+00:00,73,t.me/bananaleaks
441384,294096,"SELL Signal (Short) 
                    
📊 Asset:...🚀 Boom

🛑 Stop Loss: 0.435766

⚠️ Manage your risk",0f9c37f4a15f8cafd50d7a07bce4c8d7,2026-07-09T10:34:37+00:00,2026-07-30T05:41:23.503673+00:00,73,t.me/bananaleaks
441351,294093,"SELL Signal (Short) 
                    
📊 Asset:...🚀 Boom

🛑 Stop Loss: 0.076882

⚠️ Manage your risk",ddab940b592e74f0e536c87f0cc8813a,2026-07-09T10:34:11+00:00,2026-07-30T05:41:22.133840+00:00,73,t.me/bananaleaks
441389,294091,"SELL Signal (Short) 
                    
📊 Asset:...🚀 Boom

🛑 Stop Loss: 0.351284

⚠️ Manage your risk",2bee86d7f159baf2f9ca487b3c2621a3,2026-07-09T10:34:05+00:00,2026-07-30T05:41:23.520454+00:00,73,t.me/bananaleaks
441437,294089,"SELL Signal (Short) 
                    
📊 Asset:...oom

🛑 Stop Loss: 1857.904400

⚠️ Manage your risk",a6ae0514e52f8d41428abc82786eed07,2026-07-09T10:33:21+00:00,2026-07-30T05:41:23.896589+00:00,73,t.me/bananaleaks
441441,294087,"SELL Signal (Short) 
                    
📊 Asset:...om

🛑 Stop Loss: 66659.234200

⚠️ Manage your risk",bc497b5f5e131966a682e142bd2eb04b,2026-07-09T10:33:14+00:00,2026-07-30T05:41:23.927935+00:00,73,t.me/bananaleaks
441541,294322,"SELL Signal (Short) 
                    
📊 Asset:... Boom

🛑 Stop Loss: 81.461000

⚠️ Manage your risk",7d63c61dd97375abfd37a6057cf70286,2026-07-12T11:44:11+00:00,2026-07-30T05:41:38.113545+00:00,73,t.me/bananaleaks
441504,294275,"SELL Signal (Short) 
                    
📊 Asset:...🚀 Boom

🛑 Stop Loss: 1.811858

⚠️ Manage your risk",26dfa33bea92cb5778af03e53d5b03ec,2026-07-11T20:30:08+00:00,2026-07-30T05:41:37.956639+00:00,73,t.me/bananaleaks
441518,294271,"SELL Signal (Short) 
                    
📊 Asset:...🚀 Boom

🛑 Stop Loss: 1.060021

⚠️ Manage your risk",109a4438b86e163ff6ac616203e18915,2026-07-11T20:29:36+00:00,2026-07-30T05:41:37.989770+00:00,73,t.me/bananaleaks
441534,294268,"SELL Signal (Short) 
                    
📊 Asset:...🚀 Boom

🛑 Stop Loss: 0.182108

⚠️ Manage your risk",32f16a39183c94352c1ca882b0ffdbc1,2026-07-11T20:29:10+00:00,2026-07-30T05:41:38.063486+00:00,73,t.me/bananaleaks
441478,294266,"SELL Signal (Short) 
                    
📊 Asset:...oom

🛑 Stop Loss: 1934.404600

⚠️ Manage your risk",f4769ea96ba1d879e7f2dcdca331c9f8,2026-07-11T20:28:07+00:00,2026-07-30T05:41:37.708701+00:00,73,t.me/bananaleaks
441505,294261,"SELL Signal (Short) 
                    
📊 Asset:...🚀 Boom

🛑 Stop Loss: 0.457072

⚠️ Manage your risk",7ca28ca5d79fb24d9a676ab68dd4543e,2026-07-11T17:44:18+00:00,2026-07-30T05:41:37.959094+00:00,73,t.me/bananaleaks
441499,294256,"SELL Signal (Short) 
                    
📊 Asset:...🚀 Boom

🛑 Stop Loss: 0.079723

⚠️ Manage your risk",0e47f90dbdaa7399a15e69534d340b7a,2026-07-11T17:43:08+00:00,2026-07-30T05:41:37.943001+00:00,73,t.me/bananaleaks
441485,294243,"SELL Signal (Short) 
                    
📊 Asset:...🚀 Boom

🛑 Stop Loss: 0.864027

⚠️ Manage your risk",f3bb460dadcdf7a2124341d679a88fe5,2026-07-11T14:37:37+00:00,2026-07-30T05:41:37.823812+00:00,73,t.me/bananaleaks
441458,294230,"SELL Signal (Short) 
                    
📊 Asset:...🚀 Boom

🛑 Stop Loss: 0.177762

⚠️ Manage your risk",11d92d2a6a5345c0c2085de2d93f9685,2026-07-11T10:39:08+00:00,2026-07-30T05:41:37.190322+00:00,73,t.me/bananaleaks
441467,294226,"SELL Signal (Short) 
                    
📊 Asset:...🚀 Boom

🛑 Stop Loss: 1.060011

⚠️ Manage your risk",4b8009e4f5811e6893ea1217bea3fc4c,2026-07-11T10:38:55+00:00,2026-07-30T05:41:37.634651+00:00,73,t.me/bananaleaks
447863,295058,"SELL Signal (Short) 
                    
📊 Asset:...Boom

🛑 Stop Loss: 349.694000

⚠️ Manage your risk",89e747578e454ec57cf5c957c1a9f406,2026-07-15T03:21:59+00:00,2026-07-30T11:41:03.357288+00:00,73,t.me/bananaleaks
447899,295056,"SELL Signal (Short) 
                    
📊 Asset:...🚀 Boom

🛑 Stop Loss: 0.345666

⚠️ Manage your risk",d16ab7c52f08cac6fc9acadc2189acf5,2026-07-15T03:20:55+00:00,2026-07-30T11:41:04.023785+00:00,73,t.me/bananaleaks
447890,295035,"BUY Signal (Long) 
                    
📊 Asset: D...🚀 Boom

🛑 Stop Loss: 0.800974

⚠️ Manage your risk",dda45633ee59a2952ed93553dce83fcc,2026-07-15T00:05:15+00:00,2026-07-30T11:41:03.832079+00:00,73,t.me/bananaleaks
447853,295032,"SELL Signal (Short) 
                    
📊 Asset:...🚀 Boom

🛑 Stop Loss: 0.808038

⚠️ Manage your risk",04cbd17d68c8c4056243ad6c561a12aa,2026-07-15T00:05:02+00:00,2026-07-30T11:41:03.155700+00:00,73,t.me/bananaleaks
447825,295027,"SELL Signal (Short) 
                    
📊 Asset:... Boom

🛑 Stop Loss: 48.134600

⚠️ Manage your risk",3b592adce517f5d2f5cc558c123e9289,2026-07-15T00:04:08+00:00,2026-07-30T11:41:02.533967+00:00,73,t.me/bananaleaks
447851,295024,"BUY Signal (Long) 
                    
📊 Asset: I...🚀 Boom

🛑 Stop Loss: 4.745120

⚠️ Manage your risk",079cbb9587fbdcd1f69edcc3e4bc507f,2026-07-14T23:11:31+00:00,2026-07-30T11:41:03.052828+00:00,73,t.me/bananaleaks
447823,295012,"SELL Signal (Short) 
                    
📊 Asset:...🚀 Boom

🛑 Stop Loss: 1.174586

⚠️ Manage your risk",c7d9718183e121364d526646e8b54fbd,2026-07-14T22:09:21+00:00,2026-07-30T11:41:02.457078+00:00,73,t.me/bananaleaks
447858,295005,"SELL Signal (Short) 
                    
📊 Asset:...🚀 Boom

🛑 Stop Loss: 1.176812

⚠️ Manage your risk",63f81f3b1941b22792ec5235bebe9ce8,2026-07-14T21:06:18+00:00,2026-07-30T11:41:03.202629+00:00,73,t.me/bananaleaks
447824,294986,"SELL Signal (Short) 
                    
📊 Asset:...Boom

🛑 Stop Loss: 570.661600

⚠️ Manage your risk",60c0225a61948aee63daa6be95fb2d25,2026-07-14T20:02:49+00:00,2026-07-30T11:41:02.524938+00:00,73,t.me/bananaleaks
447814,294971,"SELL Signal (Short) 
                    
📊 Asset:...🚀 Boom

🛑 Stop Loss: 0.899622

⚠️ Manage your risk",9947ef501d9b6db10e355a5f14c0ac88,2026-07-14T18:56:39+00:00,2026-07-30T11:41:01.771905+00:00,73,t.me/bananaleaks
447829,294969,"SELL Signal (Short) 
                    
📊 Asset:...🚀 Boom

🛑 Stop Loss: 0.340960

⚠️ Manage your risk",232e2454b33fca5fe230e897e81bc33c,2026-07-14T18:55:23+00:00,2026-07-30T11:41:02.607279+00:00,73,t.me/bananaleaks
447812,294966,"SELL Signal (Short) 
                    
📊 Asset:...Boom

🛑 Stop Loss: 576.555200

⚠️ Manage your risk",74d1910a7be832dd9c940f56d971b109,2026-07-14T18:54:56+00:00,2026-07-30T11:41:00.519310+00:00,73,t.me/bananaleaks
447768,294963,"SELL Signal (Short) 
                    
📊 Asset:...🚀 Boom

🛑 Stop Loss: 0.078832

⚠️ Manage your risk",2895268608930691c5a76f2169d870e2,2026-07-14T18:54:42+00:00,2026-07-30T11:40:45.716580+00:00,73,t.me/bananaleaks
447809,294960,"SELL Signal (Short) 
                    
📊 Asset:...Boom

🛑 Stop Loss: 614.619800

⚠️ Manage your risk",1d89fd41a73944775588dec55216f5fd,2026-07-14T18:54:29+00:00,2026-07-30T11:40:46.219715+00:00,73,t.me/bananaleaks
447776,294956,"SELL Signal (Short) 
                    
📊 Asset:...🚀 Boom

🛑 Stop Loss: 1.172360

⚠️ Manage your risk",3f861a48762cc4890e304cb0c76126bf,2026-07-14T18:54:22+00:00,2026-07-30T11:40:45.943539+00:00,73,t.me/bananaleaks
447763,294954,"SELL Signal (Short) 
                    
📊 Asset:... Boom

🛑 Stop Loss: 81.821400

⚠️ Manage your risk",973cf3afdf98e45574d4dd830e984eea,2026-07-14T18:54:15+00:00,2026-07-30T11:40:45.669491+00:00,73,t.me/bananaleaks
447730,294952,"SELL Signal (Short) 
                    
📊 Asset:...om

🛑 Stop Loss: 68452.902600

⚠️ Manage your risk",745b518127c046692a45021822330beb,2026-07-14T18:54:02+00:00,2026-07-30T11:40:45.173737+00:00,73,t.me/bananaleaks
447810,294941,"SELL Signal (Short) 
                    
📊 Asset:...🚀 Boom

🛑 Stop Loss: 0.905876

⚠️ Manage your risk",0c5ad83bf5596d0c9e1e263d0dcacb92,2026-07-14T17:55:14+00:00,2026-07-30T11:40:46.241781+00:00,73,t.me/bananaleaks
447732,294939,"SELL Signal (Short) 
                    
📊 Asset:...🚀 Boom

🛑 Stop Loss: 0.420926

⚠️ Manage your risk",6988fb8d5e7fa2a84af76666fc17fa82,2026-07-14T17:55:08+00:00,2026-07-30T11:40:45.194296+00:00,73,t.me/bananaleaks
447733,294936,"SELL Signal (Short) 
                    
📊 Asset:...Boom

🛑 Stop Loss: 214.045800

⚠️ Manage your risk",d4b43536f1e73c13acd9871e7c14ee89,2026-07-14T17:55:01+00:00,2026-07-30T11:40:45.195103+00:00,73,t.me/bananaleaks
447734,294933,"SELL Signal (Short) 
                    
📊 Asset:...Boom

🛑 Stop Loss: 347.213600

⚠️ Manage your risk",9b63d95707e3ba4de2f6f5be17fad5fa,2026-07-14T17:54:42+00:00,2026-07-30T11:40:45.197154+00:00,73,t.me/bananaleaks
447727,294931,"SELL Signal (Short) 
                    
📊 Asset:...🚀 Boom

🛑 Stop Loss: 0.173734

⚠️ Manage your risk",a31d92abd7fcdc77ed2aa8c64526d295,2026-07-14T17:54:16+00:00,2026-07-30T11:40:44.733233+00:00,73,t.me/bananaleaks
447783,294928,"SELL Signal (Short) 
                    
📊 Asset:... Boom

🛑 Stop Loss: 47.265400

⚠️ Manage your risk",6685e027c20481495098dacfbe4f9a1a,2026-07-14T17:54:09+00:00,2026-07-30T11:40:45.969792+00:00,73,t.me/bananaleaks
447757,294926,"SELL Signal (Short) 
                    
📊 Asset:...🚀 Boom

🛑 Stop Loss: 0.335278

⚠️ Manage your risk",7238ea3b9c20583a635c19b6516d33b6,2026-07-14T17:54:02+00:00,2026-07-30T11:40:45.503468+00:00,73,t.me/bananaleaks
447736,294922,"SELL Signal (Short) 
                    
📊 Asset:...Boom

🛑 Stop Loss: 577.551600

⚠️ Manage your risk",43b0cb807b21d6a3121d3c8a53a8216e,2026-07-14T17:53:37+00:00,2026-07-30T11:40:45.211963+00:00,73,t.me/bananaleaks
447792,294918,"SELL Signal (Short) 
                    
📊 Asset:...🚀 Boom

🛑 Stop Loss: 0.078928

⚠️ Manage your risk",ab5626883ddb37e6a8d10e871a5c4551,2026-07-14T17:53:23+00:00,2026-07-30T11:40:46.112173+00:00,73,t.me/bananaleaks
447785,294915,"SELL Signal (Short) 
                    
📊 Asset:...Boom

🛑 Stop Loss: 615.202800

⚠️ Manage your risk",2fe5293c4baef83101fd3583eb405f27,2026-07-14T17:53:10+00:00,2026-07-30T11:40:46.019582+00:00,73,t.me/bananaleaks
447784,294912,"SELL Signal (Short) 
                    
📊 Asset:...🚀 Boom

🛑 Stop Loss: 1.168332

⚠️ Manage your risk",6e134249f7da35bfa9d5908e80bc5500,2026-07-14T17:53:03+00:00,2026-07-30T11:40:45.973250+00:00,73,t.me/bananaleaks
447754,294910,"SELL Signal (Short) 
                    
📊 Asset:... Boom

🛑 Stop Loss: 81.726000

⚠️ Manage your risk",162ea939d000f1bf9e0f869649cda45e,2026-07-14T17:52:56+00:00,2026-07-30T11:40:45.500695+00:00,73,t.me/bananaleaks
447794,294906,"SELL Signal (Short) 
                    
📊 Asset:...oom

🛑 Stop Loss: 1981.087000

⚠️ Manage your risk",0c61f94ed9016f074cf5b33881a70c62,2026-07-14T17:52:50+00:00,2026-07-30T11:40:46.128351+00:00,73,t.me/bananaleaks
447740,294904,"SELL Signal (Short) 
                    
📊 Asset:...om

🛑 Stop Loss: 68393.606200

⚠️ Manage your risk",c7d5c0af477d36aa4ff8ef51779459bb,2026-07-14T17:52:43+00:00,2026-07-30T11:40:45.381923+00:00,73,t.me/bananaleaks
447798,294886,"SELL Signal (Short) 
                    
📊 Asset:...🚀 Boom

🛑 Stop Loss: 0.424212

⚠️ Manage your risk",72c963157f2633172b0d1f31c24548fa,2026-07-14T16:53:44+00:00,2026-07-30T11:40:46.145829+00:00,73,t.me/bananaleaks
447811,294883,"SELL Signal (Short) 
                    
📊 Asset:...Boom

🛑 Stop Loss: 216.006800

⚠️ Manage your risk",9fc7c42c26d726fa86d8271682f168c9,2026-07-14T16:53:37+00:00,2026-07-30T11:40:46.269634+00:00,73,t.me/bananaleaks
447775,294880,"SELL Signal (Short) 
                    
📊 Asset:...🚀 Boom

🛑 Stop Loss: 1.200980

⚠️ Manage your risk",44c09acdf23c7afea53d11ef872b6582,2026-07-14T16:53:25+00:00,2026-07-30T11:40:45.934582+00:00,73,t.me/bananaleaks
447735,294877,"SELL Signal (Short) 
                    
📊 Asset:...Boom

🛑 Stop Loss: 349.513800

⚠️ Manage your risk",333a6544fbf19cc22ded7cb43c91d1bf,2026-07-14T16:53:18+00:00,2026-07-30T11:40:45.207740+00:00,73,t.me/bananaleaks
447722,294873,"SELL Signal (Short) 
                    
📊 Asset:...🚀 Boom

🛑 Stop Loss: 0.175748

⚠️ Manage your risk",afcb1839183fe7802c82f9e3b15f42a9,2026-07-14T16:52:53+00:00,2026-07-30T11:40:44.611178+00:00,73,t.me/bananaleaks
447804,294871,"SELL Signal (Short) 
                    
📊 Asset:... Boom

🛑 Stop Loss: 47.382000

⚠️ Manage your risk",94fb610440681e1ca5dfc86e3bb21709,2026-07-14T16:52:45+00:00,2026-07-30T11:40:46.181969+00:00,73,t.me/bananaleaks
447731,294868,"SELL Signal (Short) 
                    
📊 Asset:...🚀 Boom

🛑 Stop Loss: 0.347426

⚠️ Manage your risk",e6561227e07262df845ea849235ef774,2026-07-14T16:52:39+00:00,2026-07-30T11:40:45.191146+00:00,73,t.me/bananaleaks
447737,294863,"SELL Signal (Short) 
                    
📊 Asset:...🚀 Boom

🛑 Stop Loss: 0.344606

⚠️ Manage your risk",010f93b3ed1cc4a5c0a665b07c56a025,2026-07-14T16:52:06+00:00,2026-07-30T11:40:45.216593+00:00,73,t.me/bananaleaks
447780,294860,"SELL Signal (Short) 
                    
📊 Asset:...Boom

🛑 Stop Loss: 617.110800

⚠️ Manage your risk",ee5d39f557edc4d3e9d271f00ac2c052,2026-07-14T16:51:53+00:00,2026-07-30T11:40:45.938933+00:00,73,t.me/bananaleaks
447728,294858,"SELL Signal (Short) 
                    
📊 Asset:...🚀 Boom

🛑 Stop Loss: 1.172466

⚠️ Manage your risk",f47db03989c2c3ebaa3e3e0408acab34,2026-07-14T16:51:46+00:00,2026-07-30T11:40:45.025802+00:00,73,t.me/bananaleaks
447762,294855,"SELL Signal (Short) 
                    
📊 Asset:... Boom

🛑 Stop Loss: 82.107600

⚠️ Manage your risk",4530ef571131ec209e8ab0f763d13b97,2026-07-14T16:51:33+00:00,2026-07-30T11:40:45.662721+00:00,73,t.me/bananaleaks
447725,294853,"SELL Signal (Short) 
                    
📊 Asset:...oom

🛑 Stop Loss: 1985.814600

⚠️ Manage your risk",e3d09ccba6a9f8ebfa95dbc5b3426987,2026-07-14T16:51:27+00:00,2026-07-30T11:40:44.652168+00:00,73,t.me/bananaleaks
447713,294833,"SELL Signal (Short) 
                    
📊 Asset:...🚀 Boom

🛑 Stop Loss: 5.326500

⚠️ Manage your risk",1e2cf71531f522de3b1b4e9e948d8cf2,2026-07-14T15:47:26+00:00,2026-07-30T11:40:43.647505+00:00,73,t.me/bananaleaks
447896,295083,"SELL Signal (Short) 
                    
📊 Asset:... Boom

🛑 Stop Loss: 82.171200

⚠️ Manage your risk",5c16a6f9989a463973150bc50510bc1e,2026-07-15T07:32:53+00:00,2026-07-30T11:41:03.993392+00:00,73,t.me/bananaleaks
447911,295081,"SELL Signal (Short) 
                    
📊 Asset:...oom

🛑 Stop Loss: 1978.182600

⚠️ Manage your risk",cdb3aa5acc6162525aa320cdfdd7fb5a,2026-07-15T07:32:46+00:00,2026-07-30T11:41:04.127766+00:00,73,t.me/bananaleaks
447905,295061,"SELL Signal (Short) 
                    
📊 Asset:...🚀 Boom

🛑 Stop Loss: 0.903332

⚠️ Manage your risk",dc550b9f7b6bf059e77f5860952e6806,2026-07-15T03:22:35+00:00,2026-07-30T11:41:04.079627+00:00,73,t.me/bananaleaks
447840,295021,"SELL Signal (Short) 
                    
📊 Asset:...🚀 Boom

🛑 Stop Loss: 1.176706

⚠️ Manage your risk",9af736d72aab902eacfaab407640fbca,2026-07-14T23:09:26+00:00,2026-07-30T11:41:02.857340+00:00,73,t.me/bananaleaks
447884,295014,"BUY Signal (Long) 
                    
📊 Asset: U...🚀 Boom

🛑 Stop Loss: 0.939539

⚠️ Manage your risk",12c6b7a425a02270360135e2fd94af3d,2026-07-14T22:10:37+00:00,2026-07-30T11:41:03.602685+00:00,73,t.me/bananaleaks
450057,295355,"SELL Signal (Short)

📊 Asset: HYPE/USDT
⏱️ Time: 2... Boom

🛑 Stop Loss: 69.949400

⚠️ Manage your risk",89e462d8438183fc4e9787052695cb3e,2026-07-16T08:43:21+00:00,2026-07-30T13:18:52.939039+00:00,73,t.me/bananaleaks
450044,295353,"SELL Signal (Short)

📊 Asset: AKE/USDT
⏱️ Time: 20...🚀 Boom

🛑 Stop Loss: 0.000904

⚠️ Manage your risk",ce4e90df8c01c9238fc91255293643ba,2026-07-16T08:43:06+00:00,2026-07-30T13:18:52.904708+00:00,73,t.me/bananaleaks
450023,295350,"SELL Signal (Short)

📊 Asset: XMR/USDT
⏱️ Time: 20...Boom

🛑 Stop Loss: 351.474800

⚠️ Manage your risk",7f67ecdded076f54981dde2ef6b2800f,2026-07-16T08:42:59+00:00,2026-07-30T13:18:52.710839+00:00,73,t.me/bananaleaks
450041,295345,"SELL Signal (Short)

📊 Asset: TRX/USDT
⏱️ Time: 20...🚀 Boom

🛑 Stop Loss: 0.343228

⚠️ Manage your risk",239061ea9484f566cdb357861273e72f,2026-07-16T08:41:50+00:00,2026-07-30T13:18:52.888338+00:00,73,t.me/bananaleaks
450061,295319,"SELL Signal (Short)

📊 Asset: XMR/USDT
⏱️ Time: 20...Boom

🛑 Stop Loss: 350.934200

⚠️ Manage your risk",3794dde1e56ccea6e5d5a0ea5c311600,2026-07-16T06:31:37+00:00,2026-07-30T13:18:52.952170+00:00,73,t.me/bananaleaks
450006,295317,"SELL Signal (Short)

📊 Asset: TRUMP/USDT
⏱️ Time: ...🚀 Boom

🛑 Stop Loss: 1.674800

⚠️ Manage your risk",8beb78ed0b94ebf1ac0c1c2a6bec0ea8,2026-07-16T06:31:30+00:00,2026-07-30T13:18:52.537666+00:00,73,t.me/bananaleaks
449998,295315,"SELL Signal (Short)

📊 Asset: SUI/USDT
⏱️ Time: 20...🚀 Boom

🛑 Stop Loss: 0.800406

⚠️ Manage your risk",5bf54bed711c1d626beb70e46889bc3e,2026-07-16T06:31:04+00:00,2026-07-30T13:18:52.351372+00:00,73,t.me/bananaleaks
450080,295313,"SELL Signal (Short)

📊 Asset: LTC/USDT
⏱️ Time: 20... Boom

🛑 Stop Loss: 47.922600

⚠️ Manage your risk",05a4e54d462a110e5fe50fc43ab04480,2026-07-16T06:30:38+00:00,2026-07-30T13:18:53.025693+00:00,73,t.me/bananaleaks
450055,295310,"SELL Signal (Short)

📊 Asset: DOGE/USDT
⏱️ Time: 2...🚀 Boom

🛑 Stop Loss: 0.078546

⚠️ Manage your risk",eb32cab2d8703a4fc1a4ad8618fd0032,2026-07-16T06:30:18+00:00,2026-07-30T13:18:52.936855+00:00,73,t.me/bananaleaks
450056,295308,"SELL Signal (Short)

📊 Asset: BNB/USDT
⏱️ Time: 20...Boom

🛑 Stop Loss: 617.640800

⚠️ Manage your risk",2250a1fc698f35de9482e48dda6330d7,2026-07-16T06:30:11+00:00,2026-07-30T13:18:52.937683+00:00,73,t.me/bananaleaks
450053,295306,"SELL Signal (Short)

📊 Asset: XRP/USDT
⏱️ Time: 20...🚀 Boom

🛑 Stop Loss: 1.181476

⚠️ Manage your risk",b217b511e18587107ba5f9e73b267ac4,2026-07-16T06:30:04+00:00,2026-07-30T13:18:52.931639+00:00,73,t.me/bananaleaks
450046,295297,"SELL Signal (Short)

📊 Asset: ADA/USDT
⏱️ Time: 20...🚀 Boom

🛑 Stop Loss: 0.174900

⚠️ Manage your risk",f1d2092015ba70ba4d5118f4f7d50680,2026-07-16T04:11:36+00:00,2026-07-30T13:18:52.903821+00:00,73,t.me/bananaleaks
449992,295293,"SELL Signal (Short)

📊 Asset: LTC/USDT
⏱️ Time: 20... Boom

🛑 Stop Loss: 47.912000

⚠️ Manage your risk",604f2e566861dae0a048527f9937c8db,2026-07-16T04:11:17+00:00,2026-07-30T13:18:52.015757+00:00,73,t.me/bananaleaks
450031,295291,"SELL Signal (Short)

📊 Asset: DOGE/USDT
⏱️ Time: 2...🚀 Boom

🛑 Stop Loss: 0.078429

⚠️ Manage your risk",ad8600faf85056564df2d54c1c516aed,2026-07-16T04:10:57+00:00,2026-07-30T13:18:52.756706+00:00,73,t.me/bananaleaks
449996,295278,"SELL Signal (Short)

📊 Asset: AKE/USDT
⏱️ Time: 20...🚀 Boom

🛑 Stop Loss: 0.000770

⚠️ Manage your risk",f08ba2bfeea960c7bdb026a01dd60a5b,2026-07-16T01:02:24+00:00,2026-07-30T13:18:52.322860+00:00,73,t.me/bananaleaks
450020,295276,"SELL Signal (Short)

📊 Asset: SUI/USDT
⏱️ Time: 20...🚀 Boom

🛑 Stop Loss: 0.792986

⚠️ Manage your risk",24ece9979a90c4809038f26d3307ed53,2026-07-16T01:01:58+00:00,2026-07-30T13:18:52.708241+00:00,73,t.me/bananaleaks
450048,295273,"SELL Signal (Short)

📊 Asset: ADA/USDT
⏱️ Time: 20...🚀 Boom

🛑 Stop Loss: 0.174582

⚠️ Manage your risk",541a961fbcc4495b27354e1d0b551f81,2026-07-16T01:01:51+00:00,2026-07-30T13:18:52.914042+00:00,73,t.me/bananaleaks
450051,295271,"SELL Signal (Short)

📊 Asset: LTC/USDT
⏱️ Time: 20... Boom

🛑 Stop Loss: 47.774200

⚠️ Manage your risk",6747b481cb90affa3aa9af7586dedd77,2026-07-16T01:01:25+00:00,2026-07-30T13:18:52.928465+00:00,73,t.me/bananaleaks
449988,295269,"SELL Signal (Short)

📊 Asset: DOGE/USDT
⏱️ Time: 2...🚀 Boom

🛑 Stop Loss: 0.078345

⚠️ Manage your risk",f3e5a8d094915a3581c8147da307ab16,2026-07-16T01:01:11+00:00,2026-07-30T13:18:51.673587+00:00,73,t.me/bananaleaks
449993,295266,"SELL Signal (Short)

📊 Asset: XRP/USDT
⏱️ Time: 20...🚀 Boom

🛑 Stop Loss: 1.177342

⚠️ Manage your risk",16dec23dccc92d84d1b4d0bb4bf142d0,2026-07-16T01:00:58+00:00,2026-07-30T13:18:52.293368+00:00,73,t.me/bananaleaks
450049,295260,"SELL Signal (Short)

📊 Asset: ETHFI/USDT
⏱️ Time: ...🚀 Boom

🛑 Stop Loss: 0.467142

⚠️ Manage your risk",5273689bb346be4645fe9cf2858575ca,2026-07-15T23:34:20+00:00,2026-07-30T13:18:52.919931+00:00,73,t.me/bananaleaks
450004,295255,"SELL Signal (Short)

📊 Asset: TRUMP/USDT
⏱️ Time: ...🚀 Boom

🛑 Stop Loss: 1.681160

⚠️ Manage your risk",b624073032da239a27f031ffbc3207f9,2026-07-15T22:35:59+00:00,2026-07-30T13:18:52.528557+00:00,73,t.me/bananaleaks
450012,295252,"BUY Signal (Long)

📊 Asset: ADA/USDT
⏱️ Time: 2026...🚀 Boom

🛑 Stop Loss: 0.155476

⚠️ Manage your risk",52ae9d8a0f2bd7d32f33e11b4b5257ab,2026-07-15T22:35:21+00:00,2026-07-30T13:18:52.563187+00:00,73,t.me/bananaleaks
450036,295250,"SELL Signal (Short)

📊 Asset: ETHFI/USDT
⏱️ Time: ...🚀 Boom

🛑 Stop Loss: 0.471276

⚠️ Manage your risk",c6d793f57d998f331a27fb6a60edf446,2026-07-15T22:35:08+00:00,2026-07-30T13:18:52.861169+00:00,73,t.me/bananaleaks
450000,295247,"SELL Signal (Short)

📊 Asset: BNB/USDT
⏱️ Time: 20...Boom

🛑 Stop Loss: 616.029600

⚠️ Manage your risk",a2e2cc81ae2e1413ea58562639a61b16,2026-07-15T22:34:37+00:00,2026-07-30T13:18:52.392170+00:00,73,t.me/bananaleaks
450016,295237,"SELL Signal (Short)

📊 Asset: TRUMP/USDT
⏱️ Time: ...🚀 Boom

🛑 Stop Loss: 1.679040

⚠️ Manage your risk",9e1b03808da3d707312d5ff9e566cbb1,2026-07-15T21:37:14+00:00,2026-07-30T13:18:52.683494+00:00,73,t.me/bananaleaks
450025,295234,"SELL Signal (Short)

📊 Asset: XMR/USDT
⏱️ Time: 20...Boom

🛑 Stop Loss: 351.135600

⚠️ Manage your risk",0aeea91352fa060976ce026a5fb311d6,2026-07-15T21:36:48+00:00,2026-07-30T13:18:52.736263+00:00,73,t.me/bananaleaks
450058,295232,"SELL Signal (Short)

📊 Asset: ETHFI/USDT
⏱️ Time: ...🚀 Boom

🛑 Stop Loss: 0.468732

⚠️ Manage your risk",c67e6c555aab6b9992cde44638d3bd22,2026-07-15T21:36:23+00:00,2026-07-30T13:18:52.943677+00:00,73,t.me/bananaleaks
449984,295230,"BUY Signal (Long)

📊 Asset: BNB/USDT
⏱️ Time: 2026...Boom

🛑 Stop Loss: 546.121200

⚠️ Manage your risk",744e4823fde46e05db2b28ca82b61a52,2026-07-15T21:35:50+00:00,2026-07-30T13:18:50.921106+00:00,73,t.me/bananaleaks
449968,295225,"SELL Signal (Short)

📊 Asset: XMR/USDT
⏱️ Time: 20...Boom

🛑 Stop Loss: 351.411200

⚠️ Manage your risk",b8006a2d228056ee92ee7f6c448732b9,2026-07-15T19:40:28+00:00,2026-07-30T13:18:36.165503+00:00,73,t.me/bananaleaks
449922,295222,"SELL Signal (Short)

📊 Asset: XMR/USDT
⏱️ Time: 20...Boom

🛑 Stop Loss: 352.301600

⚠️ Manage your risk",cec589711e3bbcd7ea2b57669192172b,2026-07-15T18:20:19+00:00,2026-07-30T13:18:36.001562+00:00,73,t.me/bananaleaks
449910,295217,"SELL Signal (Short)

📊 Asset: XMR/USDT
⏱️ Time: 20...Boom

🛑 Stop Loss: 351.835200

⚠️ Manage your risk",4c8fbf049e2a17716898b4aeb95e5423,2026-07-15T18:02:38+00:00,2026-07-30T13:18:35.788850+00:00,73,t.me/bananaleaks
449976,295214,"SELL Signal (Short)

📊 Asset: ETHFI/USDT
⏱️ Time: ...🚀 Boom

🛑 Stop Loss: 0.461524

⚠️ Manage your risk",a9931bce49c8d1ad9b37f7bf465de480,2026-07-15T18:02:13+00:00,2026-07-30T13:18:36.187349+00:00,73,t.me/bananaleaks
449978,295158,"SELL Signal (Short) 
                    
📊 Asset:...Boom

🛑 Stop Loss: 211.109600

⚠️ Manage your risk",b8e2febc88922a784d5d8b64d36c41fb,2026-07-15T16:00:03+00:00,2026-07-30T13:18:36.197169+00:00,73,t.me/bananaleaks
449980,295155,"SELL Signal (Short) 
                    
📊 Asset:...🚀 Boom

🛑 Stop Loss: 0.805388

⚠️ Manage your risk",34e3eb0143ee19b3efcb5ec042a82936,2026-07-15T15:59:31+00:00,2026-07-30T13:18:36.219599+00:00,73,t.me/bananaleaks
449928,295152,"SELL Signal (Short) 
                    
📊 Asset:...🚀 Boom

🛑 Stop Loss: 0.462478

⚠️ Manage your risk",a70dae84161bde42252f5425f4518dab,2026-07-15T15:59:24+00:00,2026-07-30T13:18:36.024860+00:00,73,t.me/bananaleaks
449950,295147,"SELL Signal (Short) 
                    
📊 Asset:...🚀 Boom

🛑 Stop Loss: 0.176066

⚠️ Manage your risk",758b84b88c881f1499c23446ab877368,2026-07-15T15:58:57+00:00,2026-07-30T13:18:36.107370+00:00,73,t.me/bananaleaks
449945,295144,"SELL Signal (Short) 
                    
📊 Asset:...Boom

🛑 Stop Loss: 608.726200

⚠️ Manage your risk",aeb50b999ffb4ef0ef4998f352a7b625,2026-07-15T15:58:23+00:00,2026-07-30T13:18:36.099157+00:00,73,t.me/bananaleaks
449969,295142,"SELL Signal (Short) 
                    
📊 Asset:...🚀 Boom

🛑 Stop Loss: 0.079193

⚠️ Manage your risk",52fbfca81b92cf609d21571d0e0a8632,2026-07-15T15:58:16+00:00,2026-07-30T13:18:36.168258+00:00,73,t.me/bananaleaks
449911,295140,"SELL Signal (Short) 
                    
📊 Asset:...Boom

🛑 Stop Loss: 616.655000

⚠️ Manage your risk",0c86e495f0519e7d6dde5d7742e94ab7,2026-07-15T15:58:09+00:00,2026-07-30T13:18:35.796183+00:00,73,t.me/bananaleaks
449979,295138,"SELL Signal (Short) 
                    
📊 Asset:...🚀 Boom

🛑 Stop Loss: 1.193348

⚠️ Manage your risk",f00757c33d2d1125de8d5ff055539cb6,2026-07-15T15:57:56+00:00,2026-07-30T13:18:36.208678+00:00,73,t.me/bananaleaks
449953,295136,"SELL Signal (Short) 
                    
📊 Asset:... Boom

🛑 Stop Loss: 82.828400

⚠️ Manage your risk",bc0b09f5af91316ec1d42f806fe57730,2026-07-15T15:57:49+00:00,2026-07-30T13:18:36.116535+00:00,73,t.me/bananaleaks
449908,295134,"SELL Signal (Short) 
                    
📊 Asset:...oom

🛑 Stop Loss: 2050.368600

⚠️ Manage your risk",6f80a8a298243638f9f6ecfefddaa751,2026-07-15T15:57:42+00:00,2026-07-30T13:18:35.740689+00:00,73,t.me/bananaleaks
449975,295127,"SELL Signal (Short) 
                    
📊 Asset:...🚀 Boom

🛑 Stop Loss: 0.176596

⚠️ Manage your risk",a76fc0945e80d14d4274a1e507fef4d7,2026-07-15T14:26:20+00:00,2026-07-30T13:18:36.185595+00:00,73,t.me/bananaleaks
449909,295125,"SELL Signal (Short) 
                    
📊 Asset:...Boom

🛑 Stop Loss: 615.648000

⚠️ Manage your risk",722c2bb1214f616d0b12620dbab08141,2026-07-15T14:25:54+00:00,2026-07-30T13:18:35.787281+00:00,73,t.me/bananaleaks
449963,295113,"SELL Signal (Short) 
                    
📊 Asset:...🚀 Boom

🛑 Stop Loss: 0.257357

⚠️ Manage your risk",1c19a1b5ce3eda3705cd82fcf28d3848,2026-07-15T12:42:47+00:00,2026-07-30T13:18:36.144527+00:00,73,t.me/bananaleaks
449905,295108,"SELL Signal (Short) 
                    
📊 Asset:...🚀 Boom

🛑 Stop Loss: 0.347680

⚠️ Manage your risk",90ac8faf3d440568c2fc324fd6edb10a,2026-07-15T12:41:31+00:00,2026-07-30T13:18:35.683454+00:00,73,t.me/bananaleaks
449940,295106,"SELL Signal (Short) 
                    
📊 Asset:... Boom

🛑 Stop Loss: 48.134600

⚠️ Manage your risk",8bd116641401f8729ee20187be10704e,2026-07-15T12:41:24+00:00,2026-07-30T13:18:36.089684+00:00,73,t.me/bananaleaks
449893,295103,"SELL Signal (Short) 
                    
📊 Asset:...🚀 Boom

🛑 Stop Loss: 1.173632

⚠️ Manage your risk",618e454139b67104e5abc8530c7e1f13,2026-07-15T12:40:52+00:00,2026-07-30T13:18:35.141735+00:00,73,t.me/bananaleaks
449886,295087,"SELL Signal (Short) 
                    
📊 Asset:...Boom

🛑 Stop Loss: 612.128800

⚠️ Manage your risk",b72d3291e51923ce2f85c3cf77d02905,2026-07-15T07:33:06+00:00,2026-07-30T13:18:34.277023+00:00,73,t.me/bananaleaks
470481,298696,"SELL Signal (Short)

📊 Asset: LTC/USDT
⏱️ Time: 20... Boom

🛑 Stop Loss: 47.424400

⚠️ Manage your risk",491295b084e6090045f329dc61d8a9e3,2026-07-31T21:33:34+00:00,2026-07-31T22:41:39.634909+00:00,73,t.me/bananaleaks
470484,298694,"SELL Signal (Short)

📊 Asset: DOGE/USDT
⏱️ Time: 2...🚀 Boom

🛑 Stop Loss: 0.073988

⚠️ Manage your risk",2f842339ac6c4b3b93c6dc421c3143f6,2026-07-31T21:33:08+00:00,2026-07-31T22:41:39.643308+00:00,73,t.me/bananaleaks
470487,298691,"SELL Signal (Short)

📊 Asset: BNB/USDT
⏱️ Time: 20...Boom

🛑 Stop Loss: 623.227000

⚠️ Manage your risk",4d93e01eab4f7c5735c5bcbb96e0f80d,2026-07-31T21:32:48+00:00,2026-07-31T22:41:39.648806+00:00,73,t.me/bananaleaks
470486,298689,"SELL Signal (Short)

📊 Asset: ETH/USDT
⏱️ Time: 20...oom

🛑 Stop Loss: 1974.949600

⚠️ Manage your risk",55ca743f58c8b812548e096b861d1bf3,2026-07-31T21:32:34+00:00,2026-07-31T22:41:39.644389+00:00,73,t.me/bananaleaks
470485,298687,"SELL Signal (Short)

📊 Asset: BTC/USDT
⏱️ Time: 20...om

🛑 Stop Loss: 66798.232000

⚠️ Manage your risk",a0afbdbdb436143d00276f7f9136ea5f,2026-07-31T21:32:27+00:00,2026-07-31T22:41:39.645182+00:00,73,t.me/bananaleaks
469907,298677,"SELL Signal (Short)

📊 Asset: ADA/USDT
⏱️ Time: 20...🚀 Boom

🛑 Stop Loss: 0.180518

⚠️ Manage your risk",71f9077a1ace5b45bf71a9aa2d2fb4c1,2026-07-31T20:22:30+00:00,2026-07-31T20:43:52.743081+00:00,73,t.me/bananaleaks
469914,298675,"SELL Signal (Short)

📊 Asset: DOGE/USDT
⏱️ Time: 2...🚀 Boom

🛑 Stop Loss: 0.074073

⚠️ Manage your risk",d2dbbd205865551a58bef5b601148914,2026-07-31T20:22:23+00:00,2026-07-31T20:43:52.884880+00:00,73,t.me/bananaleaks
469901,298672,"SELL Signal (Short)

📊 Asset: GRVT/USDT
⏱️ Time: 2...🚀 Boom

🛑 Stop Loss: 0.305492

⚠️ Manage your risk",d51d3c701292198b079ab1da6bd632d9,2026-07-31T20:22:15+00:00,2026-07-31T20:43:52.554111+00:00,73,t.me/bananaleaks
469904,298670,"SELL Signal (Short)

📊 Asset: XRP/USDT
⏱️ Time: 20...🚀 Boom

🛑 Stop Loss: 1.127734

⚠️ Manage your risk",52ff53f9f44cc3577172b568e1b7535b,2026-07-31T20:22:09+00:00,2026-07-31T20:43:52.730119+00:00,73,t.me/bananaleaks
469915,298667,"SELL Signal (Short)

📊 Asset: ETH/USDT
⏱️ Time: 20...oom

🛑 Stop Loss: 1981.193000

⚠️ Manage your risk",ed2ca6cb550c2cb555145f485c2eeb51,2026-07-31T20:21:49+00:00,2026-07-31T20:43:52.890670+00:00,73,t.me/bananaleaks
469913,298665,"SELL Signal (Short)

📊 Asset: BTC/USDT
⏱️ Time: 20...om

🛑 Stop Loss: 66781.261400

⚠️ Manage your risk",c76bef45c73b4b61a96ae0c23227ca8f,2026-07-31T20:21:42+00:00,2026-07-31T20:43:52.880376+00:00,73,t.me/bananaleaks
469903,298659,"SELL Signal (Short)

📊 Asset: XMR/USDT
⏱️ Time: 20...Boom

🛑 Stop Loss: 374.127000

⚠️ Manage your risk",9ab261ad6396a2ab3c8cb2940de6b9f4,2026-07-31T19:01:44+00:00,2026-07-31T20:43:52.718185+00:00,73,t.me/bananaleaks
469899,298656,"SELL Signal (Short)

📊 Asset: SOL/USDT
⏱️ Time: 20... Boom

🛑 Stop Loss: 77.507200

⚠️ Manage your risk",3bbb5adf0b4658c39a4042c5ee9e6174,2026-07-31T19:01:04+00:00,2026-07-31T20:43:52.306314+00:00,73,t.me/bananaleaks
469272,298653,"BUY Signal (Long)

📊 Asset: DOGE/USDT
⏱️ Time: 202...🚀 Boom

🛑 Stop Loss: 0.065762

⚠️ Manage your risk",8e5f9f5367647881c0e933d6017a2964,2026-07-31T17:55:06+00:00,2026-07-31T18:46:16.880152+00:00,73,t.me/bananaleaks
467603,298645,"SELL Signal (Short)

📊 Asset: GRVT/USDT
⏱️ Time: 2...🚀 Boom

🛑 Stop Loss: 0.273268

⚠️ Manage your risk",2ee59d9c1f6cff575d7ed879817682f5,2026-07-31T14:30:30+00:00,2026-07-31T15:04:59.733216+00:00,73,t.me/bananaleaks
467524,298620,"SELL Signal (Short)

📊 Asset: ADA/USDT
⏱️ Time: 20...🚀 Boom

🛑 Stop Loss: 0.180200

⚠️ Manage your risk",a87ee1db1c9735c013ac0506c8c08b9b,2026-07-31T12:11:06+00:00,2026-07-31T15:04:41.700571+00:00,73,t.me/bananaleaks
467578,298617,"SELL Signal (Short)

📊 Asset: GRVT/USDT
⏱️ Time: 2...🚀 Boom

🛑 Stop Loss: 0.265848

⚠️ Manage your risk",b8172ab2709a70eb0acbec27c7437b49,2026-07-31T12:11:05+00:00,2026-07-31T15:04:42.629499+00:00,73,t.me/bananaleaks
467587,298612,"SELL Signal (Short)

📊 Asset: ADA/USDT
⏱️ Time: 20...🚀 Boom

🛑 Stop Loss: 0.179246

⚠️ Manage your risk",4f67875f751d502b1407068f7d9b7008,2026-07-31T10:04:26+00:00,2026-07-31T15:04:42.722496+00:00,73,t.me/bananaleaks
467510,298610,"SELL Signal (Short)

📊 Asset: BNB/USDT
⏱️ Time: 20...Boom

🛑 Stop Loss: 625.898200

⚠️ Manage your risk",01d271f59ea0f3b4af68401f950f2aea,2026-07-31T10:04:13+00:00,2026-07-31T15:04:41.604889+00:00,73,t.me/bananaleaks
467519,298588,"SELL Signal (Short)

📊 Asset: ADA/USDT
⏱️ Time: 20...🚀 Boom

🛑 Stop Loss: 0.179034

⚠️ Manage your risk",3b5c8114f0d26694ffbee82c91822f25,2026-07-31T04:36:34+00:00,2026-07-31T15:04:41.683361+00:00,73,t.me/bananaleaks
467508,298585,"SELL Signal (Short)

📊 Asset: GRVT/USDT
⏱️ Time: 2...🚀 Boom

🛑 Stop Loss: 0.271466

⚠️ Manage your risk",ca866b0a43ff247dcd4c0fe83094e51c,2026-07-31T04:36:08+00:00,2026-07-31T15:04:41.391078+00:00,73,t.me/bananaleaks
467545,298569,"SELL Signal (Short)

📊 Asset: LTC/USDT
⏱️ Time: 20... Boom

🛑 Stop Loss: 48.378400

⚠️ Manage your risk",1d1aa832af9398fc7eea1a4caa145dc2,2026-07-31T01:11:03+00:00,2026-07-31T15:04:42.247006+00:00,73,t.me/bananaleaks
467540,298564,"SELL Signal (Short)

📊 Asset: XMR/USDT
⏱️ Time: 20...Boom

🛑 Stop Loss: 388.670200

⚠️ Manage your risk",db7ab61e3a45cdc00f40f67196ad3230,2026-07-30T23:40:00+00:00,2026-07-31T15:04:42.005215+00:00,73,t.me/bananaleaks
467502,298561,"SELL Signal (Short)

📊 Asset: LTC/USDT
⏱️ Time: 20... Boom

🛑 Stop Loss: 48.505600

⚠️ Manage your risk",687029a57cf0e0ecc04ddb9d26d9c4ff,2026-07-30T23:39:47+00:00,2026-07-31T15:04:41.146157+00:00,73,t.me/bananaleaks
467557,298558,"SELL Signal (Short)

📊 Asset: GRVT/USDT
⏱️ Time: 2...🚀 Boom

🛑 Stop Loss: 0.255990

⚠️ Manage your risk",f8b13c52bcb70258c847124d02968d7b,2026-07-30T23:39:09+00:00,2026-07-31T15:04:42.434044+00:00,73,t.me/bananaleaks
467556,298549,"SELL Signal (Short)

📊 Asset: BNB/USDT
⏱️ Time: 20...Boom

🛑 Stop Loss: 626.937000

⚠️ Manage your risk",dfa3c118716a5521c6024ac823eddb09,2026-07-30T21:34:42+00:00,2026-07-31T15:04:42.421190+00:00,73,t.me/bananaleaks
467500,298542,"SELL Signal (Short)

📊 Asset: DOGE/USDT
⏱️ Time: 2...🚀 Boom

🛑 Stop Loss: 0.074921

⚠️ Manage your risk",33cd96d07299b798e949d7c278bdf067,2026-07-30T20:17:52+00:00,2026-07-31T15:04:41.126332+00:00,73,t.me/bananaleaks
467565,298539,"SELL Signal (Short)

📊 Asset: BNB/USDT
⏱️ Time: 20...Boom

🛑 Stop Loss: 628.760200

⚠️ Manage your risk",508818909c249d2844926104edf3e4da,2026-07-30T20:17:32+00:00,2026-07-31T15:04:42.493811+00:00,73,t.me/bananaleaks
467558,298537,"SELL Signal (Short)

📊 Asset: SOL/USDT
⏱️ Time: 20... Boom

🛑 Stop Loss: 79.118400

⚠️ Manage your risk",847bb5c8e436c849c2c6ab5ba2282690,2026-07-30T20:17:25+00:00,2026-07-31T15:04:42.447289+00:00,73,t.me/bananaleaks
467566,298535,"SELL Signal (Short)

📊 Asset: BTC/USDT
⏱️ Time: 20...om

🛑 Stop Loss: 68675.629800

⚠️ Manage your risk",9d881302cf4cb2e8f82995d4b002c20b,2026-07-30T20:17:12+00:00,2026-07-31T15:04:42.501081+00:00,73,t.me/bananaleaks
467514,298527,"SELL Signal (Short)

📊 Asset: ADA/USDT
⏱️ Time: 20...🚀 Boom

🛑 Stop Loss: 0.182638

⚠️ Manage your risk",7b2cf38d42ffcb4c6adf807b7c8438b1,2026-07-30T19:02:10+00:00,2026-07-31T15:04:41.623144+00:00,73,t.me/bananaleaks
467582,298525,"SELL Signal (Short)

📊 Asset: DOGE/USDT
⏱️ Time: 2...🚀 Boom

🛑 Stop Loss: 0.074984

⚠️ Manage your risk",c3e3f19dccd0f7a216c1ea5f53b25b00,2026-07-30T19:02:04+00:00,2026-07-31T15:04:42.649245+00:00,73,t.me/bananaleaks
467504,298522,"SELL Signal (Short)

📊 Asset: XRP/USDT
⏱️ Time: 20...🚀 Boom

🛑 Stop Loss: 1.150524

⚠️ Manage your risk",a6dc036bdabe2b478a5333e3b78fbc16,2026-07-30T19:01:43+00:00,2026-07-31T15:04:41.156074+00:00,73,t.me/bananaleaks
467542,298520,"SELL Signal (Short)

📊 Asset: SOL/USDT
⏱️ Time: 20... Boom

🛑 Stop Loss: 79.001800

⚠️ Manage your risk",7378d07ea82da524f4c1543f47882120,2026-07-30T19:01:36+00:00,2026-07-31T15:04:42.215507+00:00,73,t.me/bananaleaks
467501,298511,"SELL Signal (Short)

📊 Asset: ADA/USDT
⏱️ Time: 20...🚀 Boom

🛑 Stop Loss: 0.181790

⚠️ Manage your risk",0fc86ee2f1fb0bba8940c5c29c6d4d54,2026-07-30T17:46:00+00:00,2026-07-31T15:04:41.140147+00:00,73,t.me/bananaleaks
467516,298508,"SELL Signal (Short)

📊 Asset: XRP/USDT
⏱️ Time: 20...🚀 Boom

🛑 Stop Loss: 1.156036

⚠️ Manage your risk",6d453e2fcfa27d18dc9eb301ba292582,2026-07-30T17:45:33+00:00,2026-07-31T15:04:41.625099+00:00,73,t.me/bananaleaks
467525,298505,"SELL Signal (Short)

📊 Asset: SOL/USDT
⏱️ Time: 20... Boom

🛑 Stop Loss: 79.129000

⚠️ Manage your risk",53eabf4e56507c81bebf28dca6a16147,2026-07-30T16:09:51+00:00,2026-07-31T15:04:41.704577+00:00,73,t.me/bananaleaks
467493,298494,"SELL Signal (Short)

📊 Asset: BNB/USDT
⏱️ Time: 20...Boom

🛑 Stop Loss: 623.354200

⚠️ Manage your risk",6f8636e81806c738845327ca17396405,2026-07-30T14:34:40+00:00,2026-07-31T15:04:37.733359+00:00,73,t.me/bananaleaks
467492,298492,"SELL Signal (Short)

📊 Asset: ETH/USDT
⏱️ Time: 20...oom

🛑 Stop Loss: 2036.525000

⚠️ Manage your risk",da28d51964b7dcbfe83f45265b290647,2026-07-30T14:34:21+00:00,2026-07-31T15:04:37.727961+00:00,73,t.me/bananaleaks
466548,298489,"SELL Signal (Short)

📊 Asset: BTC/USDT
⏱️ Time: 20...om

🛑 Stop Loss: 68668.771600

⚠️ Manage your risk",03ffb1c989be0d722405750a6c43afb1,2026-07-30T14:34:14+00:00,2026-07-31T13:06:07.353625+00:00,73,t.me/bananaleaks
466550,298479,"SELL Signal (Short)

📊 Asset: ETH/USDT
⏱️ Time: 20...oom

🛑 Stop Loss: 2042.090000

⚠️ Manage your risk",ec2d4aa0055c7209ccf2621838a46de3,2026-07-30T12:17:01+00:00,2026-07-31T13:06:07.360099+00:00,73,t.me/bananaleaks
466553,298475,"SELL Signal (Short)

📊 Asset: CASHCAT/USDT
⏱️ Time...🚀 Boom

🛑 Stop Loss: 0.044096

⚠️ Manage your risk",c5eb3b408d42434960df6b6ef5dabad7,2026-07-30T10:50:04+00:00,2026-07-31T13:06:07.418657+00:00,73,t.me/bananaleaks
466542,298472,"SELL Signal (Short)

📊 Asset: ADA/USDT
⏱️ Time: 20...🚀 Boom

🛑 Stop Loss: 0.174264

⚠️ Manage your risk",6d595e393ce76d7fd036f31e6c9228f4,2026-07-30T10:49:58+00:00,2026-07-31T13:06:07.334055+00:00,73,t.me/bananaleaks
466549,298470,"BUY Signal (Long)

📊 Asset: DOGE/USDT
⏱️ Time: 202...🚀 Boom

🛑 Stop Loss: 0.066026

⚠️ Manage your risk",23a7c16f648da8b8c7b983e5e62eefc4,2026-07-30T10:49:44+00:00,2026-07-31T13:06:07.357387+00:00,73,t.me/bananaleaks
466513,298462,"SELL Signal (Short)

📊 Asset: CASHCAT/USDT
⏱️ Time...🚀 Boom

🛑 Stop Loss: 0.050106

⚠️ Manage your risk",385444be2ff509ba16e924f4de8a6c78,2026-07-30T06:02:53+00:00,2026-07-31T13:06:06.769664+00:00,73,t.me/bananaleaks
466526,298460,"SELL Signal (Short)

📊 Asset: LTC/USDT
⏱️ Time: 20... Boom

🛑 Stop Loss: 48.208800

⚠️ Manage your risk",8401994c25b4c213231b7bc901e53952,2026-07-30T06:02:34+00:00,2026-07-31T13:06:06.837153+00:00,73,t.me/bananaleaks
466479,298458,"SELL Signal (Short)

📊 Asset: BTC/USDT
⏱️ Time: 20...om

🛑 Stop Loss: 67886.629400

⚠️ Manage your risk",12a859e31057e6ea2cf65abdf2a389e2,2026-07-30T06:01:57+00:00,2026-07-31T13:06:06.151630+00:00,73,t.me/bananaleaks
466496,298449,"SELL Signal (Short)

📊 Asset: FIL/USDT
⏱️ Time: 20...🚀 Boom

🛑 Stop Loss: 0.724298

⚠️ Manage your risk",59be8b32f6391b4a0d09cbceb0c2cfa1,2026-07-30T03:21:19+00:00,2026-07-31T13:06:06.592271+00:00,73,t.me/bananaleaks
466514,298447,"SELL Signal (Short)

📊 Asset: XMR/USDT
⏱️ Time: 20...Boom

🛑 Stop Loss: 373.915000

⚠️ Manage your risk",72445d50a7b0d274a7a1a08040a05ff2,2026-07-30T03:21:12+00:00,2026-07-31T13:06:06.771792+00:00,73,t.me/bananaleaks
466493,298444,"SELL Signal (Short)

📊 Asset: BANK/USDT
⏱️ Time: 2...🚀 Boom

🛑 Stop Loss: 0.177900

⚠️ Manage your risk",71642c9a7a743214cb1b09a99479505a,2026-07-30T03:21:05+00:00,2026-07-31T13:06:06.556937+00:00,73,t.me/bananaleaks
466511,298441,"SELL Signal (Short)

📊 Asset: LTC/USDT
⏱️ Time: 20... Boom

🛑 Stop Loss: 48.166400

⚠️ Manage your risk",f82b048a4e33ce4a0b12c8911a7e3adb,2026-07-30T03:20:52+00:00,2026-07-31T13:06:06.765787+00:00,73,t.me/bananaleaks
466498,298437,"SELL Signal (Short)

📊 Asset: DOGE/USDT
⏱️ Time: 2...🚀 Boom

🛑 Stop Loss: 0.074645

⚠️ Manage your risk",9a368dc84c0f6ebf43ba0147f87c58be,2026-07-30T03:20:46+00:00,2026-07-31T13:06:06.594372+00:00,73,t.me/bananaleaks
466473,298434,"SELL Signal (Short)

📊 Asset: BNB/USDT
⏱️ Time: 20...Boom

🛑 Stop Loss: 608.079600

⚠️ Manage your risk",b1254afa7c69221146e6284d5776be23,2026-07-30T03:20:39+00:00,2026-07-31T13:06:06.007712+00:00,73,t.me/bananaleaks
466521,298432,"SELL Signal (Short)

📊 Asset: SOL/USDT
⏱️ Time: 20... Boom

🛑 Stop Loss: 78.281000

⚠️ Manage your risk",0642270c9b6f45f301446ec28eb62d62,2026-07-30T03:20:26+00:00,2026-07-31T13:06:06.812431+00:00,73,t.me/bananaleaks
466519,298429,"SELL Signal (Short)

📊 Asset: ETH/USDT
⏱️ Time: 20...oom

🛑 Stop Loss: 2025.808400

⚠️ Manage your risk",32739c54be8e8b81033b60102bb5b66b,2026-07-30T03:20:20+00:00,2026-07-31T13:06:06.799393+00:00,73,t.me/bananaleaks
466502,298426,"SELL Signal (Short)

📊 Asset: CASHCAT/USDT
⏱️ Time...🚀 Boom

🛑 Stop Loss: 0.046099

⚠️ Manage your risk",2cb21be13174307bf6fc83bb6f938fbe,2026-07-29T23:10:16+00:00,2026-07-31T13:06:06.710587+00:00,73,t.me/bananaleaks
466470,298421,"SELL Signal (Short)

📊 Asset: ETHFI/USDT
⏱️ Time: ...🚀 Boom

🛑 Stop Loss: 0.419124

⚠️ Manage your risk",27894484d52d6ce1449c30b3131af594,2026-07-29T21:03:37+00:00,2026-07-31T13:06:05.836466+00:00,73,t.me/bananaleaks
466509,298406,"SELL Signal (Short)

📊 Asset: ETHFI/USDT
⏱️ Time: ...🚀 Boom

🛑 Stop Loss: 0.424530

⚠️ Manage your risk",71f12be7282725ea63276e3ac8a19b18,2026-07-29T20:03:05+00:00,2026-07-31T13:06:06.765051+00:00,73,t.me/bananaleaks
466506,298402,"SELL Signal (Short)

📊 Asset: XMR/USDT
⏱️ Time: 20...Boom

🛑 Stop Loss: 373.279000

⚠️ Manage your risk",bc5eddb9edc787c44523fbe38de37fc7,2026-07-29T20:02:51+00:00,2026-07-31T13:06:06.745484+00:00,73,t.me/bananaleaks
466497,298399,"SELL Signal (Short)

📊 Asset: LTC/USDT
⏱️ Time: 20... Boom

🛑 Stop Loss: 47.678800

⚠️ Manage your risk",e87e2e41aa38e82b8ada0f4c56de841f,2026-07-29T20:02:38+00:00,2026-07-31T13:06:06.593548+00:00,73,t.me/bananaleaks
466475,298397,"SELL Signal (Short)

📊 Asset: ADA/USDT
⏱️ Time: 20...🚀 Boom

🛑 Stop Loss: 0.173098

⚠️ Manage your risk",54927ddae8f632680bfb8e859cf1cce6,2026-07-29T20:02:31+00:00,2026-07-31T13:06:06.139498+00:00,73,t.me/bananaleaks
466471,298395,"SELL Signal (Short)

📊 Asset: DOGE/USDT
⏱️ Time: 2...🚀 Boom

🛑 Stop Loss: 0.073903

⚠️ Manage your risk",0da560008b1807aca69e823d0cd41b21,2026-07-29T20:02:24+00:00,2026-07-31T13:06:05.841920+00:00,73,t.me/bananaleaks
466501,298393,"SELL Signal (Short)

📊 Asset: BNB/USDT
⏱️ Time: 20...Boom

🛑 Stop Loss: 602.864400

⚠️ Manage your risk",bd123c4b7b7f21e3ac4eba9e5d8ab586,2026-07-29T20:02:19+00:00,2026-07-31T13:06:06.597466+00:00,73,t.me/bananaleaks
466512,298391,"SELL Signal (Short)

📊 Asset: XRP/USDT
⏱️ Time: 20...🚀 Boom

🛑 Stop Loss: 1.133776

⚠️ Manage your risk",ac31ee5cad96a9376123ee488c4751a8,2026-07-29T20:02:11+00:00,2026-07-31T13:06:06.766464+00:00,73,t.me/bananaleaks
466490,298389,"SELL Signal (Short)

📊 Asset: SOL/USDT
⏱️ Time: 20... Boom

🛑 Stop Loss: 77.136200

⚠️ Manage your risk",2dd9cda5e57554e2d060642ac719fbf6,2026-07-29T20:02:04+00:00,2026-07-31T13:06:06.533211+00:00,73,t.me/bananaleaks
466476,298387,"SELL Signal (Short)

📊 Asset: ETH/USDT
⏱️ Time: 20...oom

🛑 Stop Loss: 2002.615600

⚠️ Manage your risk",114f1c54acbb99d51c55ace0227dfa39,2026-07-29T20:01:57+00:00,2026-07-31T13:06:06.141015+00:00,73,t.me/bananaleaks
466528,298385,"SELL Signal (Short)

📊 Asset: BTC/USDT
⏱️ Time: 20...om

🛑 Stop Loss: 67432.769200

⚠️ Manage your risk",c351407ffb389dc18a0c7f441905d872,2026-07-29T20:01:50+00:00,2026-07-31T13:06:06.852392+00:00,73,t.me/bananaleaks
466536,298381,"SELL Signal (Short)

📊 Asset: XMR/USDT
⏱️ Time: 20...Boom

🛑 Stop Loss: 374.063400

⚠️ Manage your risk",79d3e20cd7e283295f31480a9a069c0e,2026-07-29T17:54:42+00:00,2026-07-31T13:06:07.152527+00:00,73,t.me/bananaleaks
466520,298374,"SELL Signal (Short)

📊 Asset: BANK/USDT
⏱️ Time: 2...🚀 Boom

🛑 Stop Loss: 0.181885

⚠️ Manage your risk",fd616bb17fabc74152c8961a4ca43123,2026-07-29T15:20:47+00:00,2026-07-31T13:06:06.804067+00:00,73,t.me/bananaleaks
466461,298363,"SELL Signal (Short)

📊 Asset: LTC/USDT
⏱️ Time: 20... Boom

🛑 Stop Loss: 47.986200

⚠️ Manage your risk",564f2bc6048bd556e1b7f55fff43b97c,2026-07-29T13:17:09+00:00,2026-07-31T13:06:05.106338+00:00,73,t.me/bananaleaks
466463,298361,"BUY Signal (Long)

📊 Asset: BANK/USDT
⏱️ Time: 202...🚀 Boom

🛑 Stop Loss: 0.170084

⚠️ Manage your risk",72e39188c68d755d3456507814b90b96,2026-07-29T13:16:50+00:00,2026-07-31T13:06:05.502305+00:00,73,t.me/bananaleaks
466390,298352,"SELL Signal (Short)

📊 Asset: ADA/USDT
⏱️ Time: 20...🚀 Boom

🛑 Stop Loss: 0.173840

⚠️ Manage your risk",7c7a9621af4013de71e3d24440d97127,2026-07-29T11:32:58+00:00,2026-07-31T13:05:47.849332+00:00,73,t.me/bananaleaks
466456,298350,"SELL Signal (Short)

📊 Asset: BNB/USDT
⏱️ Time: 20...Boom

🛑 Stop Loss: 605.631000

⚠️ Manage your risk",21cc48a1b3286c9e831d700ad4d4d054,2026-07-29T11:32:32+00:00,2026-07-31T13:05:48.170335+00:00,73,t.me/bananaleaks
466431,298348,"SELL Signal (Short)

📊 Asset: SOL/USDT
⏱️ Time: 20... Boom

🛑 Stop Loss: 78.387000

⚠️ Manage your risk",bbea3a8c9db240eef01d3bfe53135ce8,2026-07-29T11:32:19+00:00,2026-07-31T13:05:48.056926+00:00,73,t.me/bananaleaks
466392,298346,"SELL Signal (Short)

📊 Asset: BTC/USDT
⏱️ Time: 20...om

🛑 Stop Loss: 68385.921200

⚠️ Manage your risk",01fe6518e0ad4e4c5e0950f621e5e0d2,2026-07-29T11:32:06+00:00,2026-07-31T13:05:47.888279+00:00,73,t.me/bananaleaks
466389,298341,"SELL Signal (Short)

📊 Asset: XMR/USDT
⏱️ Time: 20...Boom

🛑 Stop Loss: 369.908200

⚠️ Manage your risk",1188267d3645f463581abe2e536a570a,2026-07-29T09:10:29+00:00,2026-07-31T13:05:47.850681+00:00,73,t.me/bananaleaks
466440,298338,"SELL Signal (Short)

📊 Asset: ZEC/USDT
⏱️ Time: 20...Boom

🛑 Stop Loss: 489.147600

⚠️ Manage your risk",fee5833a70de11b7d9124f2d0ac6fab2,2026-07-29T09:10:23+00:00,2026-07-31T13:05:48.085063+00:00,73,t.me/bananaleaks
466410,298333,"SELL Signal (Short)

📊 Asset: BANK/USDT
⏱️ Time: 2...🚀 Boom

🛑 Stop Loss: 0.177518

⚠️ Manage your risk",5a625517bfc2a9cb40de01fb3ebe3571,2026-07-29T09:10:04+00:00,2026-07-31T13:05:47.980912+00:00,73,t.me/bananaleaks
466443,298331,"SELL Signal (Short)

📊 Asset: DOGE/USDT
⏱️ Time: 2...🚀 Boom

🛑 Stop Loss: 0.075027

⚠️ Manage your risk",8f6cc59441b263b46d701c5de28609a2,2026-07-29T09:09:51+00:00,2026-07-31T13:05:48.109729+00:00,73,t.me/bananaleaks
466400,298328,"SELL Signal (Short)

📊 Asset: BNB/USDT
⏱️ Time: 20...Boom

🛑 Stop Loss: 605.503800

⚠️ Manage your risk",f6fba7f6e5257f2431cd4607c90b3009,2026-07-29T09:09:45+00:00,2026-07-31T13:05:47.946646+00:00,73,t.me/bananaleaks
466441,298324,"SELL Signal (Short)

📊 Asset: XRP/USDT
⏱️ Time: 20...🚀 Boom

🛑 Stop Loss: 1.152326

⚠️ Manage your risk",fe34c6e582da8de129dba29ab245c832,2026-07-29T09:09:38+00:00,2026-07-31T13:05:48.092533+00:00,73,t.me/bananaleaks
466399,298322,"SELL Signal (Short)

📊 Asset: SOL/USDT
⏱️ Time: 20... Boom

🛑 Stop Loss: 78.387000

⚠️ Manage your risk",1753f07290568eaa7d766f653ec94b2e,2026-07-29T09:09:31+00:00,2026-07-31T13:05:47.927671+00:00,73,t.me/bananaleaks
466428,298320,"SELL Signal (Short)

📊 Asset: ETH/USDT
⏱️ Time: 20...oom

🛑 Stop Loss: 2030.249800

⚠️ Manage your risk",b300777bebecd52d10da09f6be6ddb73,2026-07-29T09:09:24+00:00,2026-07-31T13:05:48.053598+00:00,73,t.me/bananaleaks
466386,298318,"SELL Signal (Short)

📊 Asset: BTC/USDT
⏱️ Time: 20...om

🛑 Stop Loss: 68288.019600

⚠️ Manage your risk",443f52d6c115b111274118e07fedf1c2,2026-07-29T09:09:18+00:00,2026-07-31T13:05:47.826026+00:00,73,t.me/bananaleaks
466445,298314,"BUY Signal (Long)

📊 Asset: BTC/USDT
⏱️ Time: 2026...om

🛑 Stop Loss: 60277.180400

⚠️ Manage your risk",89931d4a7ebbb9fd8e9c978fd5fcc89f,2026-07-29T06:15:18+00:00,2026-07-31T13:05:48.112596+00:00,73,t.me/bananaleaks
466439,298308,"SELL Signal (Short)

📊 Asset: BNB/USDT
⏱️ Time: 20...Boom

🛑 Stop Loss: 603.023400

⚠️ Manage your risk",7c06838afd2f582d319e121c4a2d5383,2026-07-29T03:32:54+00:00,2026-07-31T13:05:48.081230+00:00,73,t.me/bananaleaks
466416,298292,"SELL Signal (Short)

📊 Asset: BEAT/USDT
⏱️ Time: 2...🚀 Boom

🛑 Stop Loss: 3.588842

⚠️ Manage your risk",ea77e2b973160f89dd1290490ef59167,2026-07-28T23:12:03+00:00,2026-07-31T13:05:48.000871+00:00,73,t.me/bananaleaks
466412,298290,"SELL Signal (Short)

📊 Asset: ZEC/USDT
⏱️ Time: 20...Boom

🛑 Stop Loss: 490.631600

⚠️ Manage your risk",597f5531990a66d795af68f03698f7a4,2026-07-28T23:11:51+00:00,2026-07-31T13:05:47.992728+00:00,73,t.me/bananaleaks
466385,298286,"SELL Signal (Short)

📊 Asset: BNB/USDT
⏱️ Time: 20...Boom

🛑 Stop Loss: 602.959800

⚠️ Manage your risk",f0003db60e674144a89a670c6b533754,2026-07-28T23:11:24+00:00,2026-07-31T13:05:47.824584+00:00,73,t.me/bananaleaks
466409,298284,"SELL Signal (Short)

📊 Asset: XRP/USDT
⏱️ Time: 20...🚀 Boom

🛑 Stop Loss: 1.127416

⚠️ Manage your risk",b13e1661c2187ce99d94a0f5a72c36e5,2026-07-28T23:11:17+00:00,2026-07-31T13:05:47.971860+00:00,73,t.me/bananaleaks
466414,298282,"SELL Signal (Short)

📊 Asset: ETH/USDT
⏱️ Time: 20...oom

🛑 Stop Loss: 2026.656400

⚠️ Manage your risk",5c913e1f4424e3820a53c7ab0ecc88cd,2026-07-28T23:11:03+00:00,2026-07-31T13:05:47.995800+00:00,73,t.me/bananaleaks
466380,298280,"SELL Signal (Short)

📊 Asset: BTC/USDT
⏱️ Time: 20...om

🛑 Stop Loss: 67625.625600

⚠️ Manage your risk",a212a710ca42451db9bfa580aecb67ae,2026-07-28T23:10:57+00:00,2026-07-31T13:05:47.755358+00:00,73,t.me/bananaleaks
466397,298267,"SELL Signal (Short)

📊 Asset: ETH/USDT
⏱️ Time: 20...oom

🛑 Stop Loss: 2033.970400

⚠️ Manage your risk",ba4656fea701b93b65826a2940ad9513,2026-07-28T20:59:39+00:00,2026-07-31T13:05:47.916718+00:00,73,t.me/bananaleaks
466387,298265,"SELL Signal (Short)

📊 Asset: BTC/USDT
⏱️ Time: 20...om

🛑 Stop Loss: 67768.079000

⚠️ Manage your risk",94f58f5ac2661aee7074d7b553e96ffb,2026-07-28T20:59:31+00:00,2026-07-31T13:05:47.836912+00:00,73,t.me/bananaleaks
466372,298262,"SELL Signal (Short)

📊 Asset: LTC/USDT
⏱️ Time: 20... Boom

🛑 Stop Loss: 49.184000

⚠️ Manage your risk",ccc68a272435ba99e40f49b59e516c29,2026-07-28T19:57:16+00:00,2026-07-31T13:05:47.329088+00:00,73,t.me/bananaleaks
466360,298259,"SELL Signal (Short)

📊 Asset: ADA/USDT
⏱️ Time: 20...🚀 Boom

🛑 Stop Loss: 0.168010

⚠️ Manage your risk",e14e290f9c6e7c6a9f3f0fb61fcc6243,2026-07-28T19:57:03+00:00,2026-07-31T13:05:46.793734+00:00,73,t.me/bananaleaks
466375,298256,"SELL Signal (Short)

📊 Asset: DOGE/USDT
⏱️ Time: 2...🚀 Boom

🛑 Stop Loss: 0.074889

⚠️ Manage your risk",f88c3a58ea3d7b9d0501e7c55bf1a363,2026-07-28T19:56:50+00:00,2026-07-31T13:05:47.441330+00:00,73,t.me/bananaleaks
466363,298252,"SELL Signal (Short)

📊 Asset: SOL/USDT
⏱️ Time: 20... Boom

🛑 Stop Loss: 78.641400

⚠️ Manage your risk",484082cba81894f9c0e9a05f282ba658,2026-07-28T19:56:30+00:00,2026-07-31T13:05:46.926831+00:00,73,t.me/bananaleaks
466381,298249,"SELL Signal (Short)

📊 Asset: ETH/USDT
⏱️ Time: 20...oom

🛑 Stop Loss: 2030.991800

⚠️ Manage your risk",4937e4827a6b509f6f6ac318482acc17,2026-07-28T19:56:23+00:00,2026-07-31T13:05:47.769292+00:00,73,t.me/bananaleaks
466406,298247,"SELL Signal (Short)

📊 Asset: BTC/USDT
⏱️ Time: 20...om

🛑 Stop Loss: 67534.168800

⚠️ Manage your risk",44934a6a1bdb27208a82c396187b1c73,2026-07-28T19:56:17+00:00,2026-07-31T13:05:47.965860+00:00,73,t.me/bananaleaks
466447,298242,"SELL Signal (Short)

📊 Asset: ZEC/USDT
⏱️ Time: 20...Boom

🛑 Stop Loss: 496.154200

⚠️ Manage your risk",d57e8cd8afac54b57a37802ce6ed225c,2026-07-28T18:20:56+00:00,2026-07-31T13:05:48.121479+00:00,73,t.me/bananaleaks
466379,298237,"SELL Signal (Short)

📊 Asset: DOGE/USDT
⏱️ Time: 2...🚀 Boom

🛑 Stop Loss: 0.074772

⚠️ Manage your risk",a5bbcffdd368d7663227c669da9e11cb,2026-07-28T18:20:36+00:00,2026-07-31T13:05:47.719566+00:00,73,t.me/bananaleaks
466368,298234,"SELL Signal (Short)

📊 Asset: BNB/USDT
⏱️ Time: 20...Boom

🛑 Stop Loss: 602.875000

⚠️ Manage your risk",4f4ecd8357839fb96618cc898c45a06e,2026-07-28T18:20:29+00:00,2026-07-31T13:05:47.253633+00:00,73,t.me/bananaleaks
466411,298232,"SELL Signal (Short)

📊 Asset: XRP/USDT
⏱️ Time: 20...🚀 Boom

🛑 Stop Loss: 1.120950

⚠️ Manage your risk",9cd8961ace0475bb0b268b639ab36c3b,2026-07-28T18:20:22+00:00,2026-07-31T13:05:47.984203+00:00,73,t.me/bananaleaks
466403,298230,"SELL Signal (Short)

📊 Asset: SOL/USDT
⏱️ Time: 20... Boom

🛑 Stop Loss: 78.281000

⚠️ Manage your risk",46135c29c3c27898b169454c8860c12a,2026-07-28T18:20:15+00:00,2026-07-31T13:05:47.951480+00:00,73,t.me/bananaleaks
466423,298228,"SELL Signal (Short)

📊 Asset: ETH/USDT
⏱️ Time: 20...oom

🛑 Stop Loss: 2022.967600

⚠️ Manage your risk",381bc2c5719e9f1ba91d209ae88e4550,2026-07-28T18:20:08+00:00,2026-07-31T13:05:48.040643+00:00,73,t.me/bananaleaks
466369,298226,"SELL Signal (Short)

📊 Asset: BTC/USDT
⏱️ Time: 20...om

🛑 Stop Loss: 67511.760400

⚠️ Manage your risk",c2af4fb5f6200638d445a880c823cb4d,2026-07-28T18:20:01+00:00,2026-07-31T13:05:47.258250+00:00,73,t.me/bananaleaks
466364,298222,"SELL Signal (Short)

📊 Asset: BEAT/USDT
⏱️ Time: 2...🚀 Boom

🛑 Stop Loss: 3.207443

⚠️ Manage your risk",4b0fa168db98f46cab64533c78fde265,2026-07-28T15:33:51+00:00,2026-07-31T13:05:46.935204+00:00,73,t.me/bananaleaks
466358,298219,"BUY Signal (Long)

📊 Asset: DOGE/USDT
⏱️ Time: 202...🚀 Boom

🛑 Stop Loss: 0.066580

⚠️ Manage your risk",9ca6627dfd4925498b8e4d6a0f368878,2026-07-28T15:33:31+00:00,2026-07-31T13:05:45.146691+00:00,73,t.me/bananaleaks
465561,298216,"BUY Signal (Long)

📊 Asset: XRP/USDT
⏱️ Time: 2026...🚀 Boom

🛑 Stop Loss: 1.000160

⚠️ Manage your risk",2486a958e75f9fd3cb814ee49e333adb,2026-07-28T15:33:18+00:00,2026-07-31T11:16:42.794222+00:00,73,t.me/bananaleaks
465494,298203,"BUY Signal (Long)

📊 Asset: BEAT/USDT
⏱️ Time: 202...🚀 Boom

🛑 Stop Loss: 2.905277

⚠️ Manage your risk",b4244d56afb4bb50875c1ac78a24a953,2026-07-28T11:32:52+00:00,2026-07-31T11:16:41.957084+00:00,73,t.me/bananaleaks
465520,298200,"SELL Signal (Short)

📊 Asset: ADA/USDT
⏱️ Time: 20...🚀 Boom

🛑 Stop Loss: 0.166314

⚠️ Manage your risk",e9dece8b17bb96ad7f8854c16a4f187a,2026-07-28T11:32:45+00:00,2026-07-31T11:16:42.434477+00:00,73,t.me/bananaleaks
465492,298197,"SELL Signal (Short)

📊 Asset: BNB/USDT
⏱️ Time: 20...Boom

🛑 Stop Loss: 599.695000

⚠️ Manage your risk",266a174073196dbc987794afebda1bbb,2026-07-28T11:32:32+00:00,2026-07-31T11:16:41.952536+00:00,73,t.me/bananaleaks
465530,298184,"SELL Signal (Short)

📊 Asset: AKE/USDT
⏱️ Time: 20...🚀 Boom

🛑 Stop Loss: 0.004791

⚠️ Manage your risk",67ce078713a319462097a29135f64ad9,2026-07-28T09:25:08+00:00,2026-07-31T11:16:42.548809+00:00,73,t.me/bananaleaks
465522,298181,"SELL Signal (Short)

📊 Asset: LTC/USDT
⏱️ Time: 20... Boom

🛑 Stop Loss: 49.067400

⚠️ Manage your risk",da838a7ef53961bce9844dc271a2b0ed,2026-07-28T09:24:55+00:00,2026-07-31T11:16:42.273621+00:00,73,t.me/bananaleaks
465556,298179,"SELL Signal (Short)

📊 Asset: ADA/USDT
⏱️ Time: 20...🚀 Boom

🛑 Stop Loss: 0.166844

⚠️ Manage your risk",2dff16d2c5a12982c092a15bef6229ab,2026-07-28T09:24:42+00:00,2026-07-31T11:16:42.778345+00:00,73,t.me/bananaleaks
465540,298176,"SELL Signal (Short)

📊 Asset: DOGE/USDT
⏱️ Time: 2...🚀 Boom

🛑 Stop Loss: 0.074370

⚠️ Manage your risk",79296cda897085ef0fd6fb90f957d798,2026-07-28T09:24:34+00:00,2026-07-31T11:16:42.719548+00:00,73,t.me/bananaleaks
465532,298173,"SELL Signal (Short)

📊 Asset: SOL/USDT
⏱️ Time: 20... Boom

🛑 Stop Loss: 77.835800

⚠️ Manage your risk",937d78556756cbe65cc1030ccd29ecc6,2026-07-28T09:24:15+00:00,2026-07-31T11:16:42.590890+00:00,73,t.me/bananaleaks
465555,298171,"SELL Signal (Short)

📊 Asset: ETH/USDT
⏱️ Time: 20...oom

🛑 Stop Loss: 1995.799800

⚠️ Manage your risk",faf00491c0e5c3f0e0601ee36404f8f5,2026-07-28T09:24:08+00:00,2026-07-31T11:16:42.777198+00:00,73,t.me/bananaleaks
465514,298169,"SELL Signal (Short)

📊 Asset: BTC/USDT
⏱️ Time: 20...om

🛑 Stop Loss: 67242.902000

⚠️ Manage your risk",43b8d00b93a216d8e05f19f4f72c2b97,2026-07-28T09:24:01+00:00,2026-07-31T11:16:42.377038+00:00,73,t.me/bananaleaks
465568,298164,"SELL Signal (Short)

📊 Asset: ETHFI/USDT
⏱️ Time: ...🚀 Boom

🛑 Stop Loss: 0.442126

⚠️ Manage your risk",5b654dde2d321e77974f599428582f45,2026-07-28T06:44:40+00:00,2026-07-31T11:16:42.814289+00:00,73,t.me/bananaleaks
465513,298161,"SELL Signal (Short)

📊 Asset: BEAT/USDT
⏱️ Time: 2...🚀 Boom

🛑 Stop Loss: 3.168722

⚠️ Manage your risk",0e14763e5df5899d479bdf66e6d0c4ee,2026-07-28T06:44:27+00:00,2026-07-31T11:16:42.388300+00:00,73,t.me/bananaleaks
465509,298159,"SELL Signal (Short)

📊 Asset: LTC/USDT
⏱️ Time: 20... Boom

🛑 Stop Loss: 49.035600

⚠️ Manage your risk",05a9f05ec1df90ffb4d432e6afa33c70,2026-07-28T06:44:21+00:00,2026-07-31T11:16:42.368066+00:00,73,t.me/bananaleaks
465562,298156,"SELL Signal (Short)

📊 Asset: AKE/USDT
⏱️ Time: 20...🚀 Boom

🛑 Stop Loss: 0.004946

⚠️ Manage your risk",c77e2408d856ccd182b443ae963939d3,2026-07-28T06:44:13+00:00,2026-07-31T11:16:42.801565+00:00,73,t.me/bananaleaks
465542,298153,"BUY Signal (Long)

📊 Asset: ADA/USDT
⏱️ Time: 2026...🚀 Boom

🛑 Stop Loss: 0.147110

⚠️ Manage your risk",f2fa1d1231225101585bb5163feebe22,2026-07-28T06:44:08+00:00,2026-07-31T11:16:42.729030+00:00,73,t.me/bananaleaks
465553,298150,"SELL Signal (Short)

📊 Asset: BNB/USDT
⏱️ Time: 20...Boom

🛑 Stop Loss: 598.836400

⚠️ Manage your risk",ee9d83c9dfa5decd461a50f926f10036,2026-07-28T06:43:54+00:00,2026-07-31T11:16:42.767085+00:00,73,t.me/bananaleaks
465548,298147,"SELL Signal (Short)

📊 Asset: BEAT/USDT
⏱️ Time: 2...🚀 Boom

🛑 Stop Loss: 2.972537

⚠️ Manage your risk",60ea007dd347004536a84e92b85235fe,2026-07-28T04:19:40+00:00,2026-07-31T11:16:42.740750+00:00,73,t.me/bananaleaks
465538,298139,"SELL Signal (Short)

📊 Asset: BANK/USDT
⏱️ Time: 2...🚀 Boom

🛑 Stop Loss: 0.358407

⚠️ Manage your risk",7bbbf9a24313c31f521c4f863cb82b98,2026-07-27T23:45:24+00:00,2026-07-31T11:16:42.710637+00:00,73,t.me/bananaleaks
465503,298124,"SELL Signal (Short)

📊 Asset: ZEC/USDT
⏱️ Time: 20...Boom

🛑 Stop Loss: 514.078800

⚠️ Manage your risk",8b7ad55bcea13d1d2ce29e0c8f9f7768,2026-07-27T22:44:25+00:00,2026-07-31T11:16:42.230138+00:00,73,t.me/bananaleaks
465547,298121,"SELL Signal (Short)

📊 Asset: ADA/USDT
⏱️ Time: 20...🚀 Boom

🛑 Stop Loss: 0.167692

⚠️ Manage your risk",8cb7a2bd25facd613694b217e93171cb,2026-07-27T22:44:19+00:00,2026-07-31T11:16:42.735947+00:00,73,t.me/bananaleaks
465521,298119,"SELL Signal (Short)

📊 Asset: LTC/USDT
⏱️ Time: 20... Boom

🛑 Stop Loss: 49.311200

⚠️ Manage your risk",c3edaa41b60d19eb6ba2cfe9ee4df77d,2026-07-27T22:44:13+00:00,2026-07-31T11:16:42.439743+00:00,73,t.me/bananaleaks
465500,298116,"SELL Signal (Short)

📊 Asset: BANK/USDT
⏱️ Time: 2...🚀 Boom

🛑 Stop Loss: 0.363856

⚠️ Manage your risk",aa2dd907f50e39a37e00a3eee51c8514,2026-07-27T22:44:06+00:00,2026-07-31T11:16:42.108969+00:00,73,t.me/bananaleaks
465523,298113,"SELL Signal (Short)

📊 Asset: DOGE/USDT
⏱️ Time: 2...🚀 Boom

🛑 Stop Loss: 0.075885

⚠️ Manage your risk",f7ac8bc9dd057c88b272dd90b4df109d,2026-07-27T22:43:53+00:00,2026-07-31T11:16:42.555399+00:00,73,t.me/bananaleaks
465550,298111,"SELL Signal (Short)

📊 Asset: BNB/USDT
⏱️ Time: 20...Boom

🛑 Stop Loss: 606.744000

⚠️ Manage your risk",7d520f1817f313164dac6bc5778eeaf9,2026-07-27T22:43:46+00:00,2026-07-31T11:16:42.747165+00:00,73,t.me/bananaleaks
465567,298107,"SELL Signal (Short)

📊 Asset: SOL/USDT
⏱️ Time: 20... Boom

🛑 Stop Loss: 79.743800

⚠️ Manage your risk",b7c9822bce001dae0b05f6cace447f1f,2026-07-27T22:43:34+00:00,2026-07-31T11:16:42.808841+00:00,73,t.me/bananaleaks
465512,298105,"SELL Signal (Short)

📊 Asset: ETH/USDT
⏱️ Time: 20...oom

🛑 Stop Loss: 2045.323000

⚠️ Manage your risk",19fc0c7e3958c3987976d019b6798a28,2026-07-27T22:43:27+00:00,2026-07-31T11:16:42.387364+00:00,73,t.me/bananaleaks
465465,298085,"SELL Signal (Short)

📊 Asset: ZEC/USDT
⏱️ Time: 20...Boom

🛑 Stop Loss: 515.531000

⚠️ Manage your risk",2387576db8851e8a5450b48b6e0ccf99,2026-07-27T21:47:46+00:00,2026-07-31T11:16:24.997586+00:00,73,t.me/bananaleaks
465463,298083,"SELL Signal (Short)

📊 Asset: ADA/USDT
⏱️ Time: 20...🚀 Boom

🛑 Stop Loss: 0.168328

⚠️ Manage your risk",070839d48bbc1d53d0d8a106ec600edc,2026-07-27T21:47:38+00:00,2026-07-31T11:16:24.990845+00:00,73,t.me/bananaleaks
465458,298081,"SELL Signal (Short)

📊 Asset: DOGE/USDT
⏱️ Time: 2...🚀 Boom

🛑 Stop Loss: 0.076182

⚠️ Manage your risk",dcf4266562977f9070cc6febbdfcc248,2026-07-27T21:47:12+00:00,2026-07-31T11:16:24.960720+00:00,73,t.me/bananaleaks
465457,298078,"SELL Signal (Short)

📊 Asset: BNB/USDT
⏱️ Time: 20...Boom

🛑 Stop Loss: 607.973600

⚠️ Manage your risk",431a488364ca7977f8d8ab37be739600,2026-07-27T21:47:05+00:00,2026-07-31T11:16:24.959764+00:00,73,t.me/bananaleaks
465464,298076,"SELL Signal (Short)

📊 Asset: XRP/USDT
⏱️ Time: 20...🚀 Boom

🛑 Stop Loss: 1.153068

⚠️ Manage your risk",a1bb5f50c4272b404e8d9add1b398fb4,2026-07-27T21:46:58+00:00,2026-07-31T11:16:24.989942+00:00,73,t.me/bananaleaks
465423,298074,"SELL Signal (Short)

📊 Asset: SOL/USDT
⏱️ Time: 20... Boom

🛑 Stop Loss: 80.114800

⚠️ Manage your risk",1e524b177702a386d1e79e865a9329fc,2026-07-27T21:46:51+00:00,2026-07-31T11:16:24.195854+00:00,73,t.me/bananaleaks
465476,298072,"SELL Signal (Short)

📊 Asset: ETH/USDT
⏱️ Time: 20...oom

🛑 Stop Loss: 2059.251400

⚠️ Manage your risk",7a951ad9f89460821d78db3bb740551e,2026-07-27T21:46:44+00:00,2026-07-31T11:16:25.067531+00:00,73,t.me/bananaleaks
465439,298070,"SELL Signal (Short)

📊 Asset: BTC/USDT
⏱️ Time: 20...om

🛑 Stop Loss: 68708.903200

⚠️ Manage your risk",08e4b9ad63ffe566256731b9bf6c312a,2026-07-27T21:46:37+00:00,2026-07-31T11:16:24.573653+00:00,73,t.me/bananaleaks
465466,298065,"SELL Signal (Short)

📊 Asset: BNB/USDT
⏱️ Time: 20...Boom

🛑 Stop Loss: 610.104200

⚠️ Manage your risk",500bb45cacebbcab17173387e3bbd0ff,2026-07-27T20:41:45+00:00,2026-07-31T11:16:25.012569+00:00,73,t.me/bananaleaks
465478,298062,"SELL Signal (Short)

📊 Asset: AKE/USDT
⏱️ Time: 20...🚀 Boom

🛑 Stop Loss: 0.004442

⚠️ Manage your risk",962a2530ea901fd494a027fdf29d9ca6,2026-07-27T17:56:06+00:00,2026-07-31T11:16:25.157994+00:00,73,t.me/bananaleaks
465469,298049,"SELL Signal (Short)

📊 Asset: XMR/USDT
⏱️ Time: 20...Boom

🛑 Stop Loss: 370.735000

⚠️ Manage your risk",f60e82ee77476e8669c65e895c5d6f55,2026-07-27T13:58:51+00:00,2026-07-31T11:16:25.024772+00:00,73,t.me/bananaleaks
465467,298046,"BUY Signal (Long)

📊 Asset: BNB/USDT
⏱️ Time: 2026...Boom

🛑 Stop Loss: 542.013400

⚠️ Manage your risk",e2cc5c76adbaef8b8d78ca92b107c8dc,2026-07-27T13:58:19+00:00,2026-07-31T11:16:25.021319+00:00,73,t.me/bananaleaks
465443,298035,"SELL Signal (Short)

📊 Asset: ETHFI/USDT
⏱️ Time: ...🚀 Boom

🛑 Stop Loss: 0.458344

⚠️ Manage your risk",0d76630defcc6f2883f70025d0165faf,2026-07-27T08:18:10+00:00,2026-07-31T11:16:24.599872+00:00,73,t.me/bananaleaks
465470,298032,"SELL Signal (Short)

📊 Asset: LTC/USDT
⏱️ Time: 20... Boom

🛑 Stop Loss: 49.947200

⚠️ Manage your risk",907e82e627ac5fe7953b42c80e73afcb,2026-07-27T08:17:51+00:00,2026-07-31T11:16:25.025569+00:00,73,t.me/bananaleaks
465411,298027,"SELL Signal (Short)

📊 Asset: DOGE/USDT
⏱️ Time: 2...🚀 Boom

🛑 Stop Loss: 0.076956

⚠️ Manage your risk",2597def435fe52fedd1c9d36b5006bfe,2026-07-27T08:17:45+00:00,2026-07-31T11:16:23.701439+00:00,73,t.me/bananaleaks
465425,298024,"SELL Signal (Short)

📊 Asset: BNB/USDT
⏱️ Time: 20...Boom

🛑 Stop Loss: 609.097200

⚠️ Manage your risk",40840c5e807c6d6eaa5cdcae084e8737,2026-07-27T08:17:38+00:00,2026-07-31T11:16:24.224424+00:00,73,t.me/bananaleaks
465418,298021,"SELL Signal (Short)

📊 Asset: XRP/USDT
⏱️ Time: 20...🚀 Boom

🛑 Stop Loss: 1.172996

⚠️ Manage your risk",ccef7f188b9603c0025dc7719c6d4966,2026-07-27T08:17:31+00:00,2026-07-31T11:16:23.991463+00:00,73,t.me/bananaleaks
465437,298019,"SELL Signal (Short)

📊 Asset: SOL/USDT
⏱️ Time: 20... Boom

🛑 Stop Loss: 80.952200

⚠️ Manage your risk",99868495b22fea611f81b82d9ead762f,2026-07-27T08:17:24+00:00,2026-07-31T11:16:24.548219+00:00,73,t.me/bananaleaks
465454,298017,"SELL Signal (Short)

📊 Asset: ETH/USDT
⏱️ Time: 20...oom

🛑 Stop Loss: 2082.677400

⚠️ Manage your risk",a00208f106cbfb501b33ee9c660cddb6,2026-07-27T08:17:17+00:00,2026-07-31T11:16:24.820812+00:00,73,t.me/bananaleaks
465420,298015,"SELL Signal (Short)

📊 Asset: BTC/USDT
⏱️ Time: 20...om

🛑 Stop Loss: 69099.587400

⚠️ Manage your risk",5bd7c735837ffe0f6a652ff0a93686ce,2026-07-27T08:17:10+00:00,2026-07-31T11:16:24.152337+00:00,73,t.me/bananaleaks
465407,298010,"BUY Signal (Long)

📊 Asset: ETHFI/USDT
⏱️ Time: 20...🚀 Boom

🛑 Stop Loss: 0.406174

⚠️ Manage your risk",932d7286ee08e59f6f577701b28bb8ba,2026-07-27T04:50:54+00:00,2026-07-31T11:16:23.400282+00:00,73,t.me/bananaleaks
465389,298003,"SELL Signal (Short)

📊 Asset: TAO/USDT
⏱️ Time: 20...Boom

🛑 Stop Loss: 210.251000

⚠️ Manage your risk",48f801955ee6f4a6521218f5c6cf3f64,2026-07-27T01:12:02+00:00,2026-07-31T11:16:22.819756+00:00,73,t.me/bananaleaks
465394,298001,"SELL Signal (Short)

📊 Asset: INJ/USDT
⏱️ Time: 20...🚀 Boom

🛑 Stop Loss: 5.247000

⚠️ Manage your risk",999494efb1e81365f8159cd3f0c7a6b5,2026-07-27T01:11:55+00:00,2026-07-31T11:16:23.191337+00:00,73,t.me/bananaleaks
465392,297998,"SELL Signal (Short)

📊 Asset: TRUMP/USDT
⏱️ Time: ...🚀 Boom

🛑 Stop Loss: 1.685400

⚠️ Manage your risk",e748465164c7059b2845dfaa8952ae28,2026-07-27T01:11:47+00:00,2026-07-31T11:16:22.994896+00:00,73,t.me/bananaleaks
465417,297995,"SELL Signal (Short)

📊 Asset: ETHFI/USDT
⏱️ Time: ...🚀 Boom

🛑 Stop Loss: 0.451560

⚠️ Manage your risk",f5ca6b769c2960f3411e8ec7e592139f,2026-07-27T01:11:41+00:00,2026-07-31T11:16:23.984827+00:00,73,t.me/bananaleaks
465396,297992,"SELL Signal (Short)

📊 Asset: BNB/USDT
⏱️ Time: 20...Boom

🛑 Stop Loss: 606.945400

⚠️ Manage your risk",e26f8214bbccfda83a0c33f9028928a9,2026-07-27T01:11:21+00:00,2026-07-31T11:16:23.193786+00:00,73,t.me/bananaleaks
465397,297990,"SELL Signal (Short)

📊 Asset: DOGE/USDT
⏱️ Time: 2...🚀 Boom

🛑 Stop Loss: 0.077369

⚠️ Manage your risk",264e1ddc1985623e3a8bdac8fd7b6479,2026-07-27T01:11:14+00:00,2026-07-31T11:16:23.192812+00:00,73,t.me/bananaleaks
465415,297987,"SELL Signal (Short)

📊 Asset: XRP/USDT
⏱️ Time: 20...🚀 Boom

🛑 Stop Loss: 1.175328

⚠️ Manage your risk",323ec273433c9ff9f453f7610ddbe764,2026-07-27T01:11:07+00:00,2026-07-31T11:16:23.958866+00:00,73,t.me/bananaleaks
465428,297983,"SELL Signal (Short)

📊 Asset: SOL/USDT
⏱️ Time: 20... Boom

🛑 Stop Loss: 80.909800

⚠️ Manage your risk",5155088f22c047fa3b659c933e714a2f,2026-07-27T01:11:00+00:00,2026-07-31T11:16:24.393899+00:00,73,t.me/bananaleaks
465422,297980,"SELL Signal (Short)

📊 Asset: ETH/USDT
⏱️ Time: 20...oom

🛑 Stop Loss: 2059.145400

⚠️ Manage your risk",ef840cc96dc4572886ade350cf56ac0a,2026-07-27T01:10:53+00:00,2026-07-31T11:16:24.179303+00:00,73,t.me/bananaleaks
465385,297978,"SELL Signal (Short)

📊 Asset: BTC/USDT
⏱️ Time: 20...om

🛑 Stop Loss: 69036.687000

⚠️ Manage your risk",a30bbd6ee3f8e4ba8aa7be37d059d46f,2026-07-27T01:10:47+00:00,2026-07-31T11:16:22.801175+00:00,73,t.me/bananaleaks
465409,297975,"SELL Signal (Short)

📊 Asset: AKE/USDT
⏱️ Time: 20...🚀 Boom

🛑 Stop Loss: 0.003360

⚠️ Manage your risk",8c8fed245555f4fc3cc452af5fa87091,2026-07-26T21:35:31+00:00,2026-07-31T11:16:23.555266+00:00,73,t.me/bananaleaks
465408,297974,"SELL Signal (Short)

📊 Asset: BANK/USDT
⏱️ Time: 2...🚀 Boom

🛑 Stop Loss: 0.417958

⚠️ Manage your risk",f88ce1cb712293a56090be246f08d8d5,2026-07-26T21:35:06+00:00,2026-07-31T11:16:23.531304+00:00,73,t.me/bananaleaks
465390,297973,"SELL Signal (Short)

📊 Asset: TRUMP/USDT
⏱️ Time: ...🚀 Boom

🛑 Stop Loss: 1.684340

⚠️ Manage your risk",611cea4f34464db80ba1ca0c5a022318,2026-07-26T21:34:39+00:00,2026-07-31T11:16:22.821831+00:00,73,t.me/bananaleaks
465445,297968,"SELL Signal (Short)

📊 Asset: AKE/USDT
⏱️ Time: 20...🚀 Boom

🛑 Stop Loss: 0.003414

⚠️ Manage your risk",49f0c3f28f1dbe528e45396ec2fb4163,2026-07-26T20:40:10+00:00,2026-07-31T11:16:24.616504+00:00,73,t.me/bananaleaks
465406,297967,"SELL Signal (Short)

📊 Asset: BANK/USDT
⏱️ Time: 2...🚀 Boom

🛑 Stop Loss: 0.424371

⚠️ Manage your risk",7eb3260b2638341b23ae5605391c6439,2026-07-26T20:39:50+00:00,2026-07-31T11:16:23.395844+00:00,73,t.me/bananaleaks
465386,297966,"SELL Signal (Short)

📊 Asset: LTC/USDT
⏱️ Time: 20... Boom

🛑 Stop Loss: 50.678600

⚠️ Manage your risk",93e3261f8c0fb6e482f1019ca9ea8b99,2026-07-26T20:38:59+00:00,2026-07-31T11:16:22.802842+00:00,73,t.me/bananaleaks
465383,297963,"SELL Signal (Short)

📊 Asset: TRUMP/USDT
⏱️ Time: ...🚀 Boom

🛑 Stop Loss: 1.680100

⚠️ Manage your risk",22a84004f8b1cb3105ab7e22d1c53309,2026-07-26T19:47:59+00:00,2026-07-31T11:16:22.338262+00:00,73,t.me/bananaleaks
465382,297961,"SELL Signal (Short)

📊 Asset: LTC/USDT
⏱️ Time: 20... Boom

🛑 Stop Loss: 50.858800

⚠️ Manage your risk",a7213f125e98e4c58fd4596d35135d0b,2026-07-26T19:47:39+00:00,2026-07-31T11:16:20.683217+00:00,73,t.me/bananaleaks
465381,297959,"SELL Signal (Short)

📊 Asset: XRP/USDT
⏱️ Time: 20...🚀 Boom

🛑 Stop Loss: 1.168438

⚠️ Manage your risk",c86d0ca30006b6015beced5fa8416165,2026-07-26T19:47:26+00:00,2026-07-31T11:16:20.673861+00:00,73,t.me/bananaleaks
465380,297957,"SELL Signal (Short)

📊 Asset: SOL/USDT
⏱️ Time: 20... Boom

🛑 Stop Loss: 79.786200

⚠️ Manage your risk",7a42b66364843c6f91d615ae035ebbbf,2026-07-26T19:47:13+00:00,2026-07-31T11:16:20.672879+00:00,73,t.me/bananaleaks
465379,297955,"SELL Signal (Short)

📊 Asset: ETH/USDT
⏱️ Time: 20...oom

🛑 Stop Loss: 2029.656200

⚠️ Manage your risk",49385a7636382e5729c6542cdf1854cb,2026-07-26T19:47:06+00:00,2026-07-31T11:16:20.669956+00:00,73,t.me/bananaleaks
464336,297943,"SELL Signal (Short)

📊 Asset: ADA/USDT
⏱️ Time: 20...🚀 Boom

🛑 Stop Loss: 0.174476

⚠️ Manage your risk",b0bea165d710119d05ca52998d884cce,2026-07-26T18:37:06+00:00,2026-07-31T08:38:23.269714+00:00,73,t.me/bananaleaks
464314,297941,"SELL Signal (Short)

📊 Asset: FIL/USDT
⏱️ Time: 20...🚀 Boom

🛑 Stop Loss: 0.788534

⚠️ Manage your risk",bfcb42b5d147686d2983338716c4a45c,2026-07-26T18:36:59+00:00,2026-07-31T08:38:23.158428+00:00,73,t.me/bananaleaks
464333,297939,"SELL Signal (Short)

📊 Asset: ZEC/USDT
⏱️ Time: 20...Boom

🛑 Stop Loss: 521.350400

⚠️ Manage your risk",73fc511287bd86c3e9ca983201047e8e,2026-07-26T18:36:52+00:00,2026-07-31T08:38:23.257953+00:00,73,t.me/bananaleaks
464281,297936,"SELL Signal (Short)

📊 Asset: TAO/USDT
⏱️ Time: 20...Boom

🛑 Stop Loss: 209.233400

⚠️ Manage your risk",07047f66042da73b7a6fa9d5a89f47ef,2026-07-26T18:36:40+00:00,2026-07-31T08:38:22.937250+00:00,73,t.me/bananaleaks
464313,297934,"SELL Signal (Short)

📊 Asset: ETHFI/USDT
⏱️ Time: ...🚀 Boom

🛑 Stop Loss: 0.447638

⚠️ Manage your risk",134010466d6a8459de9751482093d0d0,2026-07-26T18:36:20+00:00,2026-07-31T08:38:23.151861+00:00,73,t.me/bananaleaks
464259,297931,"SELL Signal (Short)

📊 Asset: BNB/USDT
⏱️ Time: 20...Boom

🛑 Stop Loss: 606.701600

⚠️ Manage your risk",937a1e57e847679d4898e5ce3758bf09,2026-07-26T18:35:49+00:00,2026-07-31T08:38:22.406152+00:00,73,t.me/bananaleaks
464284,297928,"SELL Signal (Short)

📊 Asset: XRP/USDT
⏱️ Time: 20...🚀 Boom

🛑 Stop Loss: 1.167272

⚠️ Manage your risk",ad98f6932c631a529acb441344da0f39,2026-07-26T18:35:42+00:00,2026-07-31T08:38:22.947321+00:00,73,t.me/bananaleaks
464267,297926,"SELL Signal (Short)

📊 Asset: DOGE/USDT
⏱️ Time: 2...🚀 Boom

🛑 Stop Loss: 0.077189

⚠️ Manage your risk",b1b189c9db9ff68b7df83dfc1ce6380d,2026-07-26T18:35:35+00:00,2026-07-31T08:38:22.843908+00:00,73,t.me/bananaleaks
464262,297924,"SELL Signal (Short)

📊 Asset: SOL/USDT
⏱️ Time: 20... Boom

🛑 Stop Loss: 79.860400

⚠️ Manage your risk",3cde20c6c2a470ab63fc2c917a2ed890,2026-07-26T18:35:22+00:00,2026-07-31T08:38:22.604779+00:00,73,t.me/bananaleaks
464297,297922,"SELL Signal (Short)

📊 Asset: ETH/USDT
⏱️ Time: 20...oom

🛑 Stop Loss: 2027.949600

⚠️ Manage your risk",6b6fbbd77cfac33de767003d8f6e8bd9,2026-07-26T18:35:16+00:00,2026-07-31T08:38:23.105144+00:00,73,t.me/bananaleaks
464280,297920,"SELL Signal (Short)

📊 Asset: BTC/USDT
⏱️ Time: 20...om

🛑 Stop Loss: 68563.948200

⚠️ Manage your risk",86ba1c037fe6b4abf77a3317a46b4d9e,2026-07-26T18:35:09+00:00,2026-07-31T08:38:22.903930+00:00,73,t.me/bananaleaks
464257,297913,"SELL Signal (Short)

📊 Asset: INJ/USDT
⏱️ Time: 20...🚀 Boom

🛑 Stop Loss: 5.252300

⚠️ Manage your risk",580ad08914b86b8eeab99525c59c9716,2026-07-26T17:33:48+00:00,2026-07-31T08:38:22.139826+00:00,73,t.me/bananaleaks
464332,297911,"SELL Signal (Short)

📊 Asset: ETHFI/USDT
⏱️ Time: ...🚀 Boom

🛑 Stop Loss: 0.449122

⚠️ Manage your risk",9ead9e1b4f539da21559c4fa5edb9c9b,2026-07-26T17:33:41+00:00,2026-07-31T08:38:23.244790+00:00,73,t.me/bananaleaks
464264,297909,"SELL Signal (Short)

📊 Asset: TRX/USDT
⏱️ Time: 20...🚀 Boom

🛑 Stop Loss: 0.352450

⚠️ Manage your risk",3af02989d638f7b424ced050462ee24c,2026-07-26T17:33:15+00:00,2026-07-31T08:38:22.801455+00:00,73,t.me/bananaleaks
464261,297904,"BUY Signal (Long)

📊 Asset: ETHFI/USDT
⏱️ Time: 20...🚀 Boom

🛑 Stop Loss: 0.403448

⚠️ Manage your risk",673e33f33408f212f2bce2912bf35462,2026-07-26T16:30:55+00:00,2026-07-31T08:38:22.419336+00:00,73,t.me/bananaleaks
464253,297902,"SELL Signal (Short)

📊 Asset: TRX/USDT
⏱️ Time: 20...🚀 Boom

🛑 Stop Loss: 0.352768

⚠️ Manage your risk",a2be4448e83b91e810de3730fd8d8168,2026-07-26T16:30:27+00:00,2026-07-31T08:38:22.109767+00:00,73,t.me/bananaleaks
464248,297898,"SELL Signal (Short)

📊 Asset: ETHFI/USDT
⏱️ Time: ...🚀 Boom

🛑 Stop Loss: 0.444140

⚠️ Manage your risk",84278595ff043595fd24ef4b893b79a3,2026-07-26T15:30:22+00:00,2026-07-31T08:38:21.802413+00:00,73,t.me/bananaleaks
464245,297896,"SELL Signal (Short)

📊 Asset: INJ/USDT
⏱️ Time: 20...🚀 Boom

🛑 Stop Loss: 5.259720

⚠️ Manage your risk",cce4cc4142df7a905be82225a0cffb27,2026-07-26T15:30:16+00:00,2026-07-31T08:38:21.620429+00:00,73,t.me/bananaleaks
464251,297893,"SELL Signal (Short)

📊 Asset: TRX/USDT
⏱️ Time: 20...🚀 Boom

🛑 Stop Loss: 0.352556

⚠️ Manage your risk",1b9217c9fc33db90cf18413655bb3b7c,2026-07-26T15:29:50+00:00,2026-07-31T08:38:21.971293+00:00,73,t.me/bananaleaks
464337,297883,"SELL Signal (Short)

📊 Asset: EUL/USDT
⏱️ Time: 20...🚀 Boom

🛑 Stop Loss: 2.503720

⚠️ Manage your risk",58529bf3e42d37bfba259ef5770474c9,2026-07-26T14:16:17+00:00,2026-07-31T08:38:23.276864+00:00,73,t.me/bananaleaks
464273,297880,"BUY Signal (Long)

📊 Asset: TAO/USDT
⏱️ Time: 2026...Boom

🛑 Stop Loss: 186.223400

⚠️ Manage your risk",40da8a69da635677b611d2802557297b,2026-07-26T14:15:57+00:00,2026-07-31T08:38:22.906175+00:00,73,t.me/bananaleaks
464291,297878,"SELL Signal (Short)

📊 Asset: ETHFI/USDT
⏱️ Time: ...🚀 Boom

🛑 Stop Loss: 0.444352

⚠️ Manage your risk",f559a454c23a57f9dcd492ab0995f89f,2026-07-26T14:15:50+00:00,2026-07-31T08:38:23.081799+00:00,73,t.me/bananaleaks
464293,297876,"SELL Signal (Short)

📊 Asset: INJ/USDT
⏱️ Time: 20...🚀 Boom

🛑 Stop Loss: 5.253360

⚠️ Manage your risk",9cbca48a2456334804d3750f61df8410,2026-07-26T14:15:43+00:00,2026-07-31T08:38:23.094350+00:00,73,t.me/bananaleaks
464315,297874,"SELL Signal (Short)

📊 Asset: LTC/USDT
⏱️ Time: 20... Boom

🛑 Stop Loss: 49.767000

⚠️ Manage your risk",0b0801627651a0dc83e267b415861699,2026-07-26T14:15:29+00:00,2026-07-31T08:38:23.159411+00:00,73,t.me/bananaleaks
464275,297872,"SELL Signal (Short)

📊 Asset: TRX/USDT
⏱️ Time: 20...🚀 Boom

🛑 Stop Loss: 0.352556

⚠️ Manage your risk",f1d71a4a1fd4fc25634c25453bc9f093,2026-07-26T14:15:16+00:00,2026-07-31T08:38:22.918187+00:00,73,t.me/bananaleaks
464303,297869,"SELL Signal (Short)

📊 Asset: ETH/USDT
⏱️ Time: 20...oom

🛑 Stop Loss: 1999.859600

⚠️ Manage your risk",4d2577d4d102cf2348e937bc68abeaa9,2026-07-26T14:14:38+00:00,2026-07-31T08:38:23.117011+00:00,73,t.me/bananaleaks
464329,297859,"SELL Signal (Short)

📊 Asset: BANK/USDT
⏱️ Time: 2...🚀 Boom

🛑 Stop Loss: 0.397182

⚠️ Manage your risk",334494eb608d63d7a3bb1cffd7bc0790,2026-07-26T12:45:24+00:00,2026-07-31T08:38:23.231181+00:00,73,t.me/bananaleaks
464305,297856,"SELL Signal (Short)

📊 Asset: EUL/USDT
⏱️ Time: 20...🚀 Boom

🛑 Stop Loss: 2.662932

⚠️ Manage your risk",0974337a5c91839125f588edea5b1f7e,2026-07-26T12:45:11+00:00,2026-07-31T08:38:23.120648+00:00,73,t.me/bananaleaks
464271,297853,"SELL Signal (Short)

📊 Asset: LTC/USDT
⏱️ Time: 20... Boom

🛑 Stop Loss: 50.095600

⚠️ Manage your risk",b1710123f685d561e0d4483d1f3271f9,2026-07-26T12:44:26+00:00,2026-07-31T08:38:22.895343+00:00,73,t.me/bananaleaks
464277,297851,"SELL Signal (Short)

📊 Asset: DEXE/USDT
⏱️ Time: 2...🚀 Boom

🛑 Stop Loss: 3.897620

⚠️ Manage your risk",67cff4929fa729c17f1e8b3f38f734d7,2026-07-26T12:44:19+00:00,2026-07-31T08:38:22.922444+00:00,73,t.me/bananaleaks
464319,297847,"SELL Signal (Short)

📊 Asset: ZEC/USDT
⏱️ Time: 20...Boom

🛑 Stop Loss: 523.364400

⚠️ Manage your risk",4dbea10baa6a7bf8c3f352a4a1c57479,2026-07-26T11:42:35+00:00,2026-07-31T08:38:23.188954+00:00,73,t.me/bananaleaks
464298,297845,"SELL Signal (Short)

📊 Asset: LTC/USDT
⏱️ Time: 20... Boom

🛑 Stop Loss: 50.053200

⚠️ Manage your risk",f8590556928b108c3493a3d4731507e2,2026-07-26T11:41:30+00:00,2026-07-31T08:38:23.106029+00:00,73,t.me/bananaleaks
464287,297841,"SELL Signal (Short)

📊 Asset: BEAT/USDT
⏱️ Time: 2...🚀 Boom

🛑 Stop Loss: 3.628200

⚠️ Manage your risk",acce32fb550b5c0e71472bd1d8cd9539,2026-07-26T10:24:06+00:00,2026-07-31T08:38:22.956519+00:00,73,t.me/bananaleaks
464290,297839,"SELL Signal (Short)

📊 Asset: TRUMP/USDT
⏱️ Time: ...🚀 Boom

🛑 Stop Loss: 1.680100

⚠️ Manage your risk",60bc0aff6c99bd0fc0674c8bf0f62f70,2026-07-26T10:23:59+00:00,2026-07-31T08:38:22.958605+00:00,73,t.me/bananaleaks
464292,297836,"SELL Signal (Short)

📊 Asset: ETHFI/USDT
⏱️ Time: ...🚀 Boom

🛑 Stop Loss: 0.432798

⚠️ Manage your risk",be4d9eb9131401b95f980c68191ae23d,2026-07-26T10:23:47+00:00,2026-07-31T08:38:23.088589+00:00,73,t.me/bananaleaks
464289,297829,"SELL Signal (Short)

📊 Asset: ZEC/USDT
⏱️ Time: 20...Boom

🛑 Stop Loss: 519.771000

⚠️ Manage your risk",39a9fd4dfa350fd9a1cce028a88bcd19,2026-07-26T08:45:14+00:00,2026-07-31T08:38:22.959557+00:00,73,t.me/bananaleaks
464272,297827,"SELL Signal (Short)

📊 Asset: TRUMP/USDT
⏱️ Time: ...🚀 Boom

🛑 Stop Loss: 1.686460

⚠️ Manage your risk",bdad1061e210d554651bd24f47c50154,2026-07-26T08:45:07+00:00,2026-07-31T08:38:22.895972+00:00,73,t.me/bananaleaks
464285,297825,"SELL Signal (Short)

📊 Asset: TAO/USDT
⏱️ Time: 20...Boom

🛑 Stop Loss: 209.381800

⚠️ Manage your risk",520b0fa475b6b135ef9ec6777b3f7bae,2026-07-26T08:44:41+00:00,2026-07-31T08:38:22.948349+00:00,73,t.me/bananaleaks
464323,297821,"SELL Signal (Short)

📊 Asset: BNB/USDT
⏱️ Time: 20...Boom

🛑 Stop Loss: 605.790000

⚠️ Manage your risk",2728abb84a5f08dfa2709251db01ae77,2026-07-26T08:43:56+00:00,2026-07-31T08:38:23.213396+00:00,73,t.me/bananaleaks
464307,297819,"SELL Signal (Short)

📊 Asset: DOGE/USDT
⏱️ Time: 2...🚀 Boom

🛑 Stop Loss: 0.078048

⚠️ Manage your risk",7e5b7ced2b24c8c2378a400c666855c2,2026-07-26T08:43:43+00:00,2026-07-31T08:38:23.126819+00:00,73,t.me/bananaleaks
464299,297817,"SELL Signal (Short)

📊 Asset: SHIB/USDT
⏱️ Time: 2...🚀 Boom

🛑 Stop Loss: 0.000006

⚠️ Manage your risk",1f77c58dbd7ba1564b5c893e8027d55b,2026-07-26T08:43:36+00:00,2026-07-31T08:38:23.108287+00:00,73,t.me/bananaleaks
464218,297805,"SELL Signal (Short)

📊 Asset: ZEC/USDT
⏱️ Time: 20...Boom

🛑 Stop Loss: 517.089200

⚠️ Manage your risk",53ac979321b673b9fbff530c82751b82,2026-07-26T06:28:09+00:00,2026-07-31T08:38:06.495253+00:00,73,t.me/bananaleaks
464234,297803,"SELL Signal (Short)

📊 Asset: ADA/USDT
⏱️ Time: 20...🚀 Boom

🛑 Stop Loss: 0.175112

⚠️ Manage your risk",7903b68aacb6abd88b5ba7cbf201fdcb,2026-07-26T06:27:37+00:00,2026-07-31T08:38:06.589430+00:00,73,t.me/bananaleaks
464200,297801,"SELL Signal (Short)

📊 Asset: LTC/USDT
⏱️ Time: 20... Boom

🛑 Stop Loss: 49.502000

⚠️ Manage your risk",26b862c916c99c9e8972b98463d4d812,2026-07-26T06:27:10+00:00,2026-07-31T08:38:05.919983+00:00,73,t.me/bananaleaks
464211,297799,"SELL Signal (Short)

📊 Asset: XRP/USDT
⏱️ Time: 20...🚀 Boom

🛑 Stop Loss: 1.163138

⚠️ Manage your risk",61a651139bdd231738af3ebc554961bd,2026-07-26T06:26:43+00:00,2026-07-31T08:38:06.444258+00:00,73,t.me/bananaleaks
464193,297797,"SELL Signal (Short)

📊 Asset: DOGE/USDT
⏱️ Time: 2...🚀 Boom

🛑 Stop Loss: 0.077507

⚠️ Manage your risk",f80f8093dceb4572b19aa511b6108ef3,2026-07-26T06:26:36+00:00,2026-07-31T08:38:05.892678+00:00,73,t.me/bananaleaks
464222,297795,"SELL Signal (Short)

📊 Asset: SOL/USDT
⏱️ Time: 20... Boom

🛑 Stop Loss: 79.351600

⚠️ Manage your risk",7f19aa4fad0499d8ffb11b141b6ba9a3,2026-07-26T06:26:23+00:00,2026-07-31T08:38:06.525195+00:00,73,t.me/bananaleaks
464186,297793,"SELL Signal (Short)

📊 Asset: ETH/USDT
⏱️ Time: 20...oom

🛑 Stop Loss: 1994.040200

⚠️ Manage your risk",41f8b7ea496a010f74f10d918db6a23b,2026-07-26T06:26:16+00:00,2026-07-31T08:38:05.855447+00:00,73,t.me/bananaleaks
464203,297791,"SELL Signal (Short)

📊 Asset: BTC/USDT
⏱️ Time: 20...om

🛑 Stop Loss: 68207.438400

⚠️ Manage your risk",e136ca797917d663f543f3c78e5c0c62,2026-07-26T06:26:09+00:00,2026-07-31T08:38:05.952598+00:00,73,t.me/bananaleaks
464185,297784,"SELL Signal (Short)

📊 Asset: ZEC/USDT
⏱️ Time: 20...Boom

🛑 Stop Loss: 516.781800

⚠️ Manage your risk",5308343c0080b002d7476e19c069ae19,2026-07-26T03:52:50+00:00,2026-07-31T08:38:05.857906+00:00,73,t.me/bananaleaks
464189,297781,"SELL Signal (Short)

📊 Asset: ADA/USDT
⏱️ Time: 20...🚀 Boom

🛑 Stop Loss: 0.175324

⚠️ Manage your risk",254cfb6c26c49b9cb49ac4697195e3e3,2026-07-26T03:52:31+00:00,2026-07-31T08:38:05.877394+00:00,73,t.me/bananaleaks
464174,297778,"SELL Signal (Short)

📊 Asset: XMR/USDT
⏱️ Time: 20...Boom

🛑 Stop Loss: 386.030800

⚠️ Manage your risk",81c46b052dbe04cba1de983e2bc2edc7,2026-07-26T03:52:06+00:00,2026-07-31T08:38:05.571358+00:00,73,t.me/bananaleaks
464202,297775,"SELL Signal (Short)

📊 Asset: BNB/USDT
⏱️ Time: 20...Boom

🛑 Stop Loss: 604.454400

⚠️ Manage your risk",4af36336caea3148816da822b1a715ed,2026-07-26T03:51:46+00:00,2026-07-31T08:38:05.935425+00:00,73,t.me/bananaleaks
464198,297773,"SELL Signal (Short)

📊 Asset: SOL/USDT
⏱️ Time: 20... Boom

🛑 Stop Loss: 79.457600

⚠️ Manage your risk",e045dbac57541c2d7dae1c13fa44d403,2026-07-26T03:51:16+00:00,2026-07-31T08:38:05.909900+00:00,73,t.me/bananaleaks
464238,297769,"SELL Signal (Short)

📊 Asset: LTC/USDT
⏱️ Time: 20... Boom

🛑 Stop Loss: 49.343000

⚠️ Manage your risk",a7578f4a7cab60bfa15e417562ca2f24,2026-07-26T00:10:28+00:00,2026-07-31T08:38:06.634476+00:00,73,t.me/bananaleaks
464181,297766,"SELL Signal (Short)

📊 Asset: DEXE/USDT
⏱️ Time: 2...🚀 Boom

🛑 Stop Loss: 5.032880

⚠️ Manage your risk",bf630cbdc097f15fc9ac74972ab7bed2,2026-07-26T00:10:15+00:00,2026-07-31T08:38:05.699225+00:00,73,t.me/bananaleaks
464178,297763,"SELL Signal (Short)

📊 Asset: BNB/USDT
⏱️ Time: 20...Boom

🛑 Stop Loss: 603.224800

⚠️ Manage your risk",a4cf585bf9ebc484f4a671baa02ecd5b,2026-07-26T00:10:08+00:00,2026-07-31T08:38:05.688903+00:00,73,t.me/bananaleaks
464179,297757,"SELL Signal (Short)

📊 Asset: LTC/USDT
⏱️ Time: 20... Boom

🛑 Stop Loss: 49.353600

⚠️ Manage your risk",423017feaa8113d887712cc7be40d31e,2026-07-25T23:08:16+00:00,2026-07-31T08:38:05.697447+00:00,73,t.me/bananaleaks
464213,297755,"SELL Signal (Short)

📊 Asset: BTC/USDT
⏱️ Time: 20...om

🛑 Stop Loss: 68276.041600

⚠️ Manage your risk",e1f08b9e4275a1a354f40c75e545f55b,2026-07-25T23:07:20+00:00,2026-07-31T08:38:06.447885+00:00,73,t.me/bananaleaks
464215,297750,"SELL Signal (Short)

📊 Asset: ZEC/USDT
⏱️ Time: 20...Boom

🛑 Stop Loss: 514.375600

⚠️ Manage your risk",77bdf5b6787483f38becd82e18c66177,2026-07-25T22:09:36+00:00,2026-07-31T08:38:06.458264+00:00,73,t.me/bananaleaks
464236,297747,"SELL Signal (Short)

📊 Asset: ETHFI/USDT
⏱️ Time: ...🚀 Boom

🛑 Stop Loss: 0.438204

⚠️ Manage your risk",92113e2508eae5c87ba1a4c541a74a4d,2026-07-25T22:09:10+00:00,2026-07-31T08:38:06.617250+00:00,73,t.me/bananaleaks
464171,297744,"SELL Signal (Short)

📊 Asset: BTC/USDT
⏱️ Time: 20...om

🛑 Stop Loss: 68203.728400

⚠️ Manage your risk",e5c782fd1e15a824b457a92711e76eed,2026-07-25T22:07:47+00:00,2026-07-31T08:38:05.534477+00:00,73,t.me/bananaleaks
464177,297729,"SELL Signal (Short)

📊 Asset: ZEC/USDT
⏱️ Time: 20...Boom

🛑 Stop Loss: 513.262600

⚠️ Manage your risk",da7a5b7ea234f048b4b6db6b32be72e4,2026-07-25T21:12:59+00:00,2026-07-31T08:38:05.684954+00:00,73,t.me/bananaleaks
464201,297727,"SELL Signal (Short)

📊 Asset: HYPE/USDT
⏱️ Time: 2... Boom

🛑 Stop Loss: 61.543600

⚠️ Manage your risk",260f7ba69fef343fcd02d929d9501602,2026-07-25T21:12:52+00:00,2026-07-31T08:38:05.932142+00:00,73,t.me/bananaleaks
464191,297724,"SELL Signal (Short)

📊 Asset: LTC/USDT
⏱️ Time: 20... Boom

🛑 Stop Loss: 49.311200

⚠️ Manage your risk",0b9233ea26f757cad2c99a582667a35c,2026-07-25T21:11:56+00:00,2026-07-31T08:38:05.881692+00:00,73,t.me/bananaleaks
464192,297721,"SELL Signal (Short)

📊 Asset: BNB/USDT
⏱️ Time: 20...Boom

🛑 Stop Loss: 602.514600

⚠️ Manage your risk",766a8af6c8eb5347816d499642dcd5af,2026-07-25T21:11:37+00:00,2026-07-31T08:38:05.891263+00:00,73,t.me/bananaleaks
464226,297719,"SELL Signal (Short)

📊 Asset: SHIB/USDT
⏱️ Time: 2...🚀 Boom

🛑 Stop Loss: 0.000005

⚠️ Manage your risk",0bd7531ceb995f49c6e94d9ad871156a,2026-07-25T21:11:29+00:00,2026-07-31T08:38:06.541990+00:00,73,t.me/bananaleaks
464183,297718,"SELL Signal (Short)

📊 Asset: DOGE/USDT
⏱️ Time: 2...🚀 Boom

🛑 Stop Loss: 0.076892

⚠️ Manage your risk",f1406dfd349869e18294a1af7058057c,2026-07-25T21:11:17+00:00,2026-07-31T08:38:05.721689+00:00,73,t.me/bananaleaks
464157,297716,"SELL Signal (Short)

📊 Asset: SOL/USDT
⏱️ Time: 20... Boom

🛑 Stop Loss: 78.917000

⚠️ Manage your risk",a129fdb233cc022c1c5829cbe8674d37,2026-07-25T21:11:10+00:00,2026-07-31T08:38:04.673763+00:00,73,t.me/bananaleaks
464158,297714,"SELL Signal (Short)

📊 Asset: ETH/USDT
⏱️ Time: 20...oom

🛑 Stop Loss: 1984.616800

⚠️ Manage your risk",20275a5369e77d2a3279d9eb09a304ab,2026-07-25T21:11:03+00:00,2026-07-31T08:38:04.681684+00:00,73,t.me/bananaleaks
464161,297712,"SELL Signal (Short)

📊 Asset: BTC/USDT
⏱️ Time: 20...om

🛑 Stop Loss: 68185.655400

⚠️ Manage your risk",6e866e4b95aa70ce136998ff03629340,2026-07-25T21:10:57+00:00,2026-07-31T08:38:04.706955+00:00,73,t.me/bananaleaks
464173,297701,"SELL Signal (Short)

📊 Asset: ZEC/USDT
⏱️ Time: 20...Boom

🛑 Stop Loss: 513.951600

⚠️ Manage your risk",928564649d28cedf728075774b1ff245,2026-07-25T20:19:40+00:00,2026-07-31T08:38:05.570570+00:00,73,t.me/bananaleaks
464149,297698,"SELL Signal (Short)

📊 Asset: ADA/USDT
⏱️ Time: 20...🚀 Boom

🛑 Stop Loss: 0.174900

⚠️ Manage your risk",ab719cb5a5d3076fb5ee74b7c8b9f3fe,2026-07-25T20:19:34+00:00,2026-07-31T08:38:04.093529+00:00,73,t.me/bananaleaks
464153,297696,"SELL Signal (Short)

📊 Asset: HYPE/USDT
⏱️ Time: 2... Boom

🛑 Stop Loss: 61.352800

⚠️ Manage your risk",6b938c68adf9fb0f8209bfa77678c3af,2026-07-25T20:19:27+00:00,2026-07-31T08:38:04.236248+00:00,73,t.me/bananaleaks
464154,297693,"SELL Signal (Short)

📊 Asset: BEAT/USDT
⏱️ Time: 2...🚀 Boom

🛑 Stop Loss: 3.562331

⚠️ Manage your risk",a77e5e7c00f0a5bb4708cfeecd03d8fe,2026-07-25T20:19:08+00:00,2026-07-31T08:38:04.270472+00:00,73,t.me/bananaleaks
464151,297691,"SELL Signal (Short)

📊 Asset: LTC/USDT
⏱️ Time: 20... Boom

🛑 Stop Loss: 49.215800

⚠️ Manage your risk",e8308aa3c1c7fa806141a9d7a4d56ed8,2026-07-25T20:18:42+00:00,2026-07-31T08:38:04.107308+00:00,73,t.me/bananaleaks
464155,297689,"SELL Signal (Short)

📊 Asset: TRX/USDT
⏱️ Time: 20...🚀 Boom

🛑 Stop Loss: 0.350648

⚠️ Manage your risk",f2abb29c121595642c09ec7b5d33d964,2026-07-25T20:18:35+00:00,2026-07-31T08:38:04.297518+00:00,73,t.me/bananaleaks
464150,297687,"SELL Signal (Short)

📊 Asset: SHIB/USDT
⏱️ Time: 2...🚀 Boom

🛑 Stop Loss: 0.000005

⚠️ Manage your risk",293a715187c0983ff2b3e475fae5cb2c,2026-07-25T20:18:14+00:00,2026-07-31T08:38:04.100292+00:00,73,t.me/bananaleaks
464146,297686,"SELL Signal (Short)

📊 Asset: XRP/USDT
⏱️ Time: 20...🚀 Boom

🛑 Stop Loss: 1.167166

⚠️ Manage your risk",390521f440c590dc57c5082ab7456cb6,2026-07-25T20:18:10+00:00,2026-07-31T08:38:03.875443+00:00,73,t.me/bananaleaks
464145,297684,"SELL Signal (Short)

📊 Asset: DOGE/USDT
⏱️ Time: 2...🚀 Boom

🛑 Stop Loss: 0.077062

⚠️ Manage your risk",f3c061e98f9e962f715af1610feccc85,2026-07-25T20:18:01+00:00,2026-07-31T08:38:03.781110+00:00,73,t.me/bananaleaks
464147,297682,"SELL Signal (Short)

📊 Asset: SOL/USDT
⏱️ Time: 20... Boom

🛑 Stop Loss: 78.980600

⚠️ Manage your risk",9e859f594019d82798cdd5ddc66fdcaf,2026-07-25T20:17:54+00:00,2026-07-31T08:38:03.890981+00:00,73,t.me/bananaleaks
464144,297680,"SELL Signal (Short)

📊 Asset: ETH/USDT
⏱️ Time: 20...oom

🛑 Stop Loss: 1986.493000

⚠️ Manage your risk",554c3bb024ed1767e5bfbb06d2523d3d,2026-07-25T20:17:47+00:00,2026-07-31T08:38:03.466367+00:00,73,t.me/bananaleaks
464140,297675,"SELL Signal (Short)

📊 Asset: ADA/USDT
⏱️ Time: 20...🚀 Boom

🛑 Stop Loss: 0.175536

⚠️ Manage your risk",37e801395b9309333a7425a5119092dd,2026-07-25T19:24:56+00:00,2026-07-31T08:38:03.088759+00:00,73,t.me/bananaleaks
463339,297672,"SELL Signal (Short)

📊 Asset: BEAT/USDT
⏱️ Time: 2...🚀 Boom

🛑 Stop Loss: 3.563307

⚠️ Manage your risk",a7de263d413ebc2e75dae87756d775cd,2026-07-25T19:24:37+00:00,2026-07-31T06:40:08.959409+00:00,73,t.me/bananaleaks
463410,297670,"SELL Signal (Short)

📊 Asset: TRX/USDT
⏱️ Time: 20...🚀 Boom

🛑 Stop Loss: 0.350966

⚠️ Manage your risk",2a256194045d6e0e12d1367565feb368,2026-07-25T19:24:00+00:00,2026-07-31T06:40:09.338038+00:00,73,t.me/bananaleaks
463405,297668,"SELL Signal (Short)

📊 Asset: SHIB/USDT
⏱️ Time: 2...🚀 Boom

🛑 Stop Loss: 0.000005

⚠️ Manage your risk",2540af4335e89716f7b3ce729fefbd38,2026-07-25T19:23:52+00:00,2026-07-31T06:40:09.310453+00:00,73,t.me/bananaleaks
463368,297667,"SELL Signal (Short)

📊 Asset: XRP/USDT
⏱️ Time: 20...🚀 Boom

🛑 Stop Loss: 1.168650

⚠️ Manage your risk",eaa073eba76138b75d197ac790e4a816,2026-07-25T19:23:40+00:00,2026-07-31T06:40:09.197697+00:00,73,t.me/bananaleaks
463347,297665,"SELL Signal (Short)

📊 Asset: DOGE/USDT
⏱️ Time: 2...🚀 Boom

🛑 Stop Loss: 0.077253

⚠️ Manage your risk",f161b4700ef96da6b8ad91f394ea295b,2026-07-25T19:23:33+00:00,2026-07-31T06:40:09.036230+00:00,73,t.me/bananaleaks
463335,297662,"BUY Signal (Long)

📊 Asset: BNB/USDT
⏱️ Time: 2026...Boom

🛑 Stop Loss: 534.173800

⚠️ Manage your risk",65eba8843db3979314d6bdb595909bd0,2026-07-25T18:07:14+00:00,2026-07-31T06:40:08.776320+00:00,73,t.me/bananaleaks
463407,297661,"SELL Signal (Short)

📊 Asset: DEXE/USDT
⏱️ Time: 2...🚀 Boom

🛑 Stop Loss: 4.861160

⚠️ Manage your risk",3985ac528ad2a3aa443c13be2c0cf363,2026-07-25T18:07:11+00:00,2026-07-31T06:40:09.318462+00:00,73,t.me/bananaleaks
463380,297655,"SELL Signal (Short)

📊 Asset: ADA/USDT
⏱️ Time: 20...🚀 Boom

🛑 Stop Loss: 0.175112

⚠️ Manage your risk",8b75ac06bf8c5d3d3c90d02c6a5fef34,2026-07-25T17:14:13+00:00,2026-07-31T06:40:09.234870+00:00,73,t.me/bananaleaks
463408,297652,"SELL Signal (Short)

📊 Asset: DEXE/USDT
⏱️ Time: 2...🚀 Boom

🛑 Stop Loss: 4.845260

⚠️ Manage your risk",d49465a9a4dbdbdda64c0dc6214eec8d,2026-07-25T17:13:14+00:00,2026-07-31T06:40:09.317504+00:00,73,t.me/bananaleaks
463370,297650,"SELL Signal (Short)

📊 Asset: ETH/USDT
⏱️ Time: 20...oom

🛑 Stop Loss: 1980.186000

⚠️ Manage your risk",99722917eda6fa5ef691aa737760ea87,2026-07-25T17:12:40+00:00,2026-07-31T06:40:09.212026+00:00,73,t.me/bananaleaks
463386,297648,"SELL Signal (Short)

📊 Asset: BTC/USDT
⏱️ Time: 20...om

🛑 Stop Loss: 68063.649400

⚠️ Manage your risk",eae71e7e516d7cb19e71d97e54fe27e3,2026-07-25T17:12:34+00:00,2026-07-31T06:40:09.244780+00:00,73,t.me/bananaleaks
463404,297641,"SELL Signal (Short)

📊 Asset: XMR/USDT
⏱️ Time: 20...Boom

🛑 Stop Loss: 385.967200

⚠️ Manage your risk",3703fbee7226fc7b433930bb5cbab8db,2026-07-25T16:11:02+00:00,2026-07-31T06:40:09.298417+00:00,73,t.me/bananaleaks
463325,297639,"SELL Signal (Short)

📊 Asset: TRX/USDT
⏱️ Time: 20...🚀 Boom

🛑 Stop Loss: 0.349800

⚠️ Manage your risk",5e1e60b4b237753125f76c663e75eceb,2026-07-25T16:10:55+00:00,2026-07-31T06:40:08.516327+00:00,73,t.me/bananaleaks
463344,297636,"SELL Signal (Short)

📊 Asset: AKE/USDT
⏱️ Time: 20...🚀 Boom

🛑 Stop Loss: 0.003409

⚠️ Manage your risk",005b186784114d5c75490ddc0eb2d398,2026-07-25T16:10:49+00:00,2026-07-31T06:40:09.032805+00:00,73,t.me/bananaleaks
463415,297634,"SELL Signal (Short)

📊 Asset: BNB/USDT
⏱️ Time: 20...Boom

🛑 Stop Loss: 601.020000

⚠️ Manage your risk",6059da4788b76b6101e4ee189310122d,2026-07-25T16:10:30+00:00,2026-07-31T06:40:09.360305+00:00,73,t.me/bananaleaks
463400,297632,"SELL Signal (Short)

📊 Asset: BTC/USDT
⏱️ Time: 20...om

🛑 Stop Loss: 68037.806600

⚠️ Manage your risk",514f627eca354749d13f5cc6f8663ca0,2026-07-25T16:10:05+00:00,2026-07-31T06:40:09.285443+00:00,73,t.me/bananaleaks
463350,297627,"SELL Signal (Short)

📊 Asset: BCH/USDT
⏱️ Time: 20...Boom

🛑 Stop Loss: 222.600000

⚠️ Manage your risk",dd784c31abafa54c222313fa0cde0c6e,2026-07-25T15:05:30+00:00,2026-07-31T06:40:09.011532+00:00,73,t.me/bananaleaks
463331,297624,"SELL Signal (Short)

📊 Asset: ZEC/USDT
⏱️ Time: 20...Boom

🛑 Stop Loss: 505.100600

⚠️ Manage your risk",62bda820c81c296e8e20c752ec82e432,2026-07-25T15:04:52+00:00,2026-07-31T06:40:08.741675+00:00,73,t.me/bananaleaks
463338,297621,"SELL Signal (Short)

📊 Asset: LTC/USDT
⏱️ Time: 20... Boom

🛑 Stop Loss: 48.717600

⚠️ Manage your risk",3e2aae3ffabf3077c583c4ce4b945382,2026-07-25T15:04:33+00:00,2026-07-31T06:40:08.954659+00:00,73,t.me/bananaleaks
463385,297619,"BUY Signal (Long)

📊 Asset: AKE/USDT
⏱️ Time: 2026...🚀 Boom

🛑 Stop Loss: 0.003248

⚠️ Manage your risk",4a62d343087ee81d83fcb54f6cc97297,2026-07-25T15:04:13+00:00,2026-07-31T06:40:09.242762+00:00,73,t.me/bananaleaks
463348,297616,"SELL Signal (Short)

📊 Asset: BNB/USDT
⏱️ Time: 20...Boom

🛑 Stop Loss: 601.094200

⚠️ Manage your risk",4b4001e16ca00d38342a0b3d760ed963,2026-07-25T15:03:54+00:00,2026-07-31T06:40:09.031571+00:00,73,t.me/bananaleaks
463357,297614,"SELL Signal (Short)

📊 Asset: XRP/USDT
⏱️ Time: 20...🚀 Boom

🛑 Stop Loss: 1.159216

⚠️ Manage your risk",46bcca4bf79f58707b5082a456348346,2026-07-25T15:03:47+00:00,2026-07-31T06:40:09.159032+00:00,73,t.me/bananaleaks
463364,297612,"SELL Signal (Short)

📊 Asset: BTC/USDT
⏱️ Time: 20...om

🛑 Stop Loss: 68072.097600

⚠️ Manage your risk",f4d43064a96f33be99d37a1d5191cce3,2026-07-25T15:03:28+00:00,2026-07-31T06:40:09.182238+00:00,73,t.me/bananaleaks
463365,297606,"SELL Signal (Short)

📊 Asset: ZEC/USDT
⏱️ Time: 20...Boom

🛑 Stop Loss: 505.461000

⚠️ Manage your risk",bf5b8643da70e11c7a86c88922081a02,2026-07-25T14:01:25+00:00,2026-07-31T06:40:09.183248+00:00,73,t.me/bananaleaks
463377,297604,"SELL Signal (Short)

📊 Asset: HYPE/USDT
⏱️ Time: 2... Boom

🛑 Stop Loss: 60.812200

⚠️ Manage your risk",f0986269bb544855457e73c978ee128a,2026-07-25T14:01:19+00:00,2026-07-31T06:40:09.232113+00:00,73,t.me/bananaleaks
463333,297601,"SELL Signal (Short)

📊 Asset: BEAT/USDT
⏱️ Time: 2...🚀 Boom

🛑 Stop Loss: 3.558409

⚠️ Manage your risk",a52da163ee35dcd5cd2b9a75750321c7,2026-07-25T14:01:12+00:00,2026-07-31T06:40:08.764734+00:00,73,t.me/bananaleaks
463321,297599,"SELL Signal (Short)

📊 Asset: ETHFI/USDT
⏱️ Time: ...🚀 Boom

🛑 Stop Loss: 0.439794

⚠️ Manage your risk",7ab38d0c9be94772487fea4828d27e79,2026-07-25T14:01:05+00:00,2026-07-31T06:40:08.460930+00:00,73,t.me/bananaleaks
463362,297597,"SELL Signal (Short)

📊 Asset: TRX/USDT
⏱️ Time: 20...🚀 Boom

🛑 Stop Loss: 0.349694

⚠️ Manage your risk",614b009198509f8f36e317b3aa747278,2026-07-25T14:00:46+00:00,2026-07-31T06:40:09.177712+00:00,73,t.me/bananaleaks
463361,297591,"SELL Signal (Short)

📊 Asset: BEAT/USDT
⏱️ Time: 2...🚀 Boom

🛑 Stop Loss: 3.601498

⚠️ Manage your risk",e1ba58e6f146ef332feb7244e48617b4,2026-07-25T12:13:06+00:00,2026-07-31T06:40:09.172995+00:00,73,t.me/bananaleaks
463324,297589,"SELL Signal (Short)

📊 Asset: ETHFI/USDT
⏱️ Time: ...🚀 Boom

🛑 Stop Loss: 0.438840

⚠️ Manage your risk",2c7948d8479069d4ea2355cbc631af00,2026-07-25T12:12:59+00:00,2026-07-31T06:40:08.495469+00:00,73,t.me/bananaleaks
463403,297585,"SELL Signal (Short)

📊 Asset: AKE/USDT
⏱️ Time: 20...🚀 Boom

🛑 Stop Loss: 0.003495

⚠️ Manage your risk",6d0908e7eb30e5fc029b009d81bfdc21,2026-07-25T12:12:14+00:00,2026-07-31T06:40:09.296055+00:00,73,t.me/bananaleaks
463341,297582,"SELL Signal (Short)

📊 Asset: DOGE/USDT
⏱️ Time: 2...🚀 Boom

🛑 Stop Loss: 0.073596

⚠️ Manage your risk",d810dc264a1f1a86e927c6f0e7da9cb7,2026-07-25T12:12:08+00:00,2026-07-31T06:40:09.012623+00:00,73,t.me/bananaleaks
463383,297579,"BUY Signal (Long)

📊 Asset: BEAT/USDT
⏱️ Time: 202...🚀 Boom

🛑 Stop Loss: 3.269076

⚠️ Manage your risk",f7b00a7689bb4c4dd6ad3b16eca8d339,2026-07-25T11:20:26+00:00,2026-07-31T06:40:09.239582+00:00,73,t.me/bananaleaks
463387,297575,"SELL Signal (Short)

📊 Asset: DEXE/USDT
⏱️ Time: 2...🚀 Boom

🛑 Stop Loss: 5.609520

⚠️ Manage your risk",193a36db7c52c167bb13fdbe5ca27bd5,2026-07-25T11:19:47+00:00,2026-07-31T06:40:09.248074+00:00,73,t.me/bananaleaks
463373,297573,"SELL Signal (Short)

📊 Asset: AKE/USDT
⏱️ Time: 20...🚀 Boom

🛑 Stop Loss: 0.003382

⚠️ Manage your risk",8d66eac53324949425a157921db9d176,2026-07-25T11:19:40+00:00,2026-07-31T06:40:09.218174+00:00,73,t.me/bananaleaks
463319,297570,"BUY Signal (Long)

📊 Asset: DOGE/USDT
⏱️ Time: 202...🚀 Boom

🛑 Stop Loss: 0.065396

⚠️ Manage your risk",62c588de786435b32742b63dd0d3b6ec,2026-07-25T11:19:34+00:00,2026-07-31T06:40:08.093207+00:00,73,t.me/bananaleaks
463369,297566,"BUY Signal (Long)

📊 Asset: HYPE/USDT
⏱️ Time: 202... Boom

🛑 Stop Loss: 54.332000

⚠️ Manage your risk",bc826d02fa5351fea22aa6890374c4bc,2026-07-25T10:04:41+00:00,2026-07-31T06:40:09.203138+00:00,73,t.me/bananaleaks
463375,297563,"SELL Signal (Short)

📊 Asset: DEXE/USDT
⏱️ Time: 2...🚀 Boom

🛑 Stop Loss: 5.875580

⚠️ Manage your risk",651a88a89e51d681c24b81f80f3f883e,2026-07-25T10:03:45+00:00,2026-07-31T06:40:09.222439+00:00,73,t.me/bananaleaks
463329,297559,"SELL Signal (Short)

📊 Asset: AKE/USDT
⏱️ Time: 20...🚀 Boom

🛑 Stop Loss: 0.003502

⚠️ Manage your risk",f6a370d6be82550a92e156d868ad12ac,2026-07-25T10:03:26+00:00,2026-07-31T06:40:08.565125+00:00,73,t.me/bananaleaks
463340,297539,"SELL Signal (Short)

📊 Asset: INJ/USDT
⏱️ Time: 20...🚀 Boom

🛑 Stop Loss: 5.649800

⚠️ Manage your risk",43898fdf23a3aa4a8e44429ec4e755c9,2026-07-25T06:07:18+00:00,2026-07-31T06:40:09.010314+00:00,73,t.me/bananaleaks
463318,297536,"SELL Signal (Short)

📊 Asset: ETHFI/USDT
⏱️ Time: ...🚀 Boom

🛑 Stop Loss: 0.440642

⚠️ Manage your risk",a1be942d88efaf21a84b0668b73f4c45,2026-07-25T06:06:58+00:00,2026-07-31T06:40:07.635451+00:00,73,t.me/bananaleaks
463317,297534,"SELL Signal (Short)

📊 Asset: XMR/USDT
⏱️ Time: 20...Boom

🛑 Stop Loss: 389.550000

⚠️ Manage your risk",233a94b4fdb47e417dae40eee6bbf6af,2026-07-25T06:06:33+00:00,2026-07-31T06:40:07.521412+00:00,73,t.me/bananaleaks
463379,297531,"SELL Signal (Short)

📊 Asset: BEAT/USDT
⏱️ Time: 2...🚀 Boom

🛑 Stop Loss: 3.202006

⚠️ Manage your risk",fd1d13250bdb46fa69551d35de12a6ae,2026-07-25T06:06:13+00:00,2026-07-31T06:40:09.231097+00:00,73,t.me/bananaleaks
463306,297528,"SELL Signal (Short)

📊 Asset: BNB/USDT
⏱️ Time: 20...Boom

🛑 Stop Loss: 598.889400

⚠️ Manage your risk",374dbe7d6c51db173ffb68407b3d1653,2026-07-25T06:05:41+00:00,2026-07-31T06:39:55.577240+00:00,73,t.me/bananaleaks
463287,297526,"SELL Signal (Short)

📊 Asset: SOL/USDT
⏱️ Time: 20... Boom

🛑 Stop Loss: 78.418800

⚠️ Manage your risk",060921ab76f6b61b8700a1790b37c22d,2026-07-25T06:05:28+00:00,2026-07-31T06:39:55.512647+00:00,73,t.me/bananaleaks
463266,297524,"SELL Signal (Short)

📊 Asset: BTC/USDT
⏱️ Time: 20...om

🛑 Stop Loss: 67867.496400

⚠️ Manage your risk",c18c027e614483545fb9ebceea27abbb,2026-07-25T06:05:14+00:00,2026-07-31T06:39:55.434491+00:00,73,t.me/bananaleaks
463302,297509,"SELL Signal (Short)

📊 Asset: HYPE/USDT
⏱️ Time: 2... Boom

🛑 Stop Loss: 60.950000

⚠️ Manage your risk",c95b6417695cab0e6fa42f60bea326c0,2026-07-25T03:42:53+00:00,2026-07-31T06:39:55.549697+00:00,73,t.me/bananaleaks
463291,297507,"SELL Signal (Short)

📊 Asset: ADA/USDT
⏱️ Time: 20...🚀 Boom

🛑 Stop Loss: 0.173946

⚠️ Manage your risk",d3c27005b264f52a1cfe4863aade7b00,2026-07-25T03:42:46+00:00,2026-07-31T06:39:55.524579+00:00,73,t.me/bananaleaks
463253,297505,"SELL Signal (Short)

📊 Asset: LTC/USDT
⏱️ Time: 20... Boom

🛑 Stop Loss: 49.078000

⚠️ Manage your risk",fc983d224e28a30067e3f65340b0e1b8,2026-07-25T03:41:59+00:00,2026-07-31T06:39:55.110641+00:00,73,t.me/bananaleaks
463307,297503,"SELL Signal (Short)

📊 Asset: TRX/USDT
⏱️ Time: 20...🚀 Boom

🛑 Stop Loss: 0.349800

⚠️ Manage your risk",67d6492039348f87a2bbcb7a357f08be,2026-07-25T03:41:46+00:00,2026-07-31T06:39:55.580084+00:00,73,t.me/bananaleaks
463276,297500,"SELL Signal (Short)

📊 Asset: AKE/USDT
⏱️ Time: 20...🚀 Boom

🛑 Stop Loss: 0.002847

⚠️ Manage your risk",fc75a67497765f685f5194d0529b9d6a,2026-07-25T03:41:39+00:00,2026-07-31T06:39:55.470928+00:00,73,t.me/bananaleaks
463221,297497,"SELL Signal (Short)

📊 Asset: DOGE/USDT
⏱️ Time: 2...🚀 Boom

🛑 Stop Loss: 0.073850

⚠️ Manage your risk",44a309d5ee8a114ebb05a0c52bbb7cf0,2026-07-25T03:41:32+00:00,2026-07-31T06:39:54.653968+00:00,73,t.me/bananaleaks
463262,297495,"SELL Signal (Short)

📊 Asset: BNB/USDT
⏱️ Time: 20...Boom

🛑 Stop Loss: 599.059000

⚠️ Manage your risk",7c220e4a5c42453cee0fa040533c5a2f,2026-07-25T03:41:25+00:00,2026-07-31T06:39:55.429151+00:00,73,t.me/bananaleaks
463248,297493,"SELL Signal (Short)

📊 Asset: XRP/USDT
⏱️ Time: 20...🚀 Boom

🛑 Stop Loss: 1.158792

⚠️ Manage your risk",93009b86e0b84019aac5bb1aaedfb1dc,2026-07-25T03:41:18+00:00,2026-07-31T06:39:55.060922+00:00,73,t.me/bananaleaks
463254,297491,"SELL Signal (Short)

📊 Asset: SOL/USDT
⏱️ Time: 20... Boom

🛑 Stop Loss: 78.683800

⚠️ Manage your risk",4382fa15fa48d290a2a8394fa87a2b10,2026-07-25T03:41:11+00:00,2026-07-31T06:39:55.239352+00:00,73,t.me/bananaleaks
463298,297484,"SELL Signal (Short)

📊 Asset: BNB/USDT
⏱️ Time: 20...Boom

🛑 Stop Loss: 598.613800

⚠️ Manage your risk",d20d4036def4fffb2675121991e23f3e,2026-07-25T00:17:20+00:00,2026-07-31T06:39:55.534302+00:00,73,t.me/bananaleaks
463231,297482,"SELL Signal (Short)

📊 Asset: XRP/USDT
⏱️ Time: 20...🚀 Boom

🛑 Stop Loss: 1.157732

⚠️ Manage your risk",074f2a10964553773996ce2fc27f7b00,2026-07-25T00:17:13+00:00,2026-07-31T06:39:54.728853+00:00,73,t.me/bananaleaks
463312,297450,"SELL Signal (Short)

📊 Asset: BNB/USDT
⏱️ Time: 20...Boom

🛑 Stop Loss: 598.815200

⚠️ Manage your risk",b3603efa9547119099e0ca100a2800b7,2026-07-24T23:18:43+00:00,2026-07-31T06:39:55.607768+00:00,73,t.me/bananaleaks
463283,297440,"SELL Signal (Short)

📊 Asset: ZEC/USDT
⏱️ Time: 20...Boom

🛑 Stop Loss: 515.160000

⚠️ Manage your risk",76f1006f5dc8bad5f61f4121cfa6f7b7,2026-07-24T22:19:15+00:00,2026-07-31T06:39:55.499172+00:00,73,t.me/bananaleaks
463286,297437,"SELL Signal (Short)

📊 Asset: ADA/USDT
⏱️ Time: 20...🚀 Boom

🛑 Stop Loss: 0.173416

⚠️ Manage your risk",998d2dfef352ea15112d3bea29f44a53,2026-07-24T22:19:08+00:00,2026-07-31T06:39:55.510899+00:00,73,t.me/bananaleaks
463284,297435,"SELL Signal (Short)

📊 Asset: XMR/USDT
⏱️ Time: 20...Boom

🛑 Stop Loss: 385.310000

⚠️ Manage your risk",db702bcb02c08d59ffaf0ded975ccfc1,2026-07-24T22:18:55+00:00,2026-07-31T06:39:55.501581+00:00,73,t.me/bananaleaks
463309,297433,"SELL Signal (Short)

📊 Asset: TRX/USDT
⏱️ Time: 20...🚀 Boom

🛑 Stop Loss: 0.350330

⚠️ Manage your risk",20274ea6274ca46c92fc3567ffa0e64a,2026-07-24T22:18:22+00:00,2026-07-31T06:39:55.587234+00:00,73,t.me/bananaleaks
463282,297431,"SELL Signal (Short)

📊 Asset: DOGE/USDT
⏱️ Time: 2...🚀 Boom

🛑 Stop Loss: 0.073299

⚠️ Manage your risk",27954de83c4fc2c0fe6afddfeee6e9cd,2026-07-24T22:18:15+00:00,2026-07-31T06:39:55.488061+00:00,73,t.me/bananaleaks
463265,297428,"SELL Signal (Short)

📊 Asset: BNB/USDT
⏱️ Time: 20...Boom

🛑 Stop Loss: 598.105000

⚠️ Manage your risk",0e5b33e527afa7c77704a4f7f21b245e,2026-07-24T22:18:02+00:00,2026-07-31T06:39:55.433646+00:00,73,t.me/bananaleaks
463217,297426,"SELL Signal (Short)

📊 Asset: XRP/USDT
⏱️ Time: 20...🚀 Boom

🛑 Stop Loss: 1.156036

⚠️ Manage your risk",a743a60309b646ef3929e1888167af55,2026-07-24T22:17:54+00:00,2026-07-31T06:39:54.321609+00:00,73,t.me/bananaleaks
463233,297424,"SELL Signal (Short)

📊 Asset: ETH/USDT
⏱️ Time: 20...oom

🛑 Stop Loss: 1970.900400

⚠️ Manage your risk",e87047bc3b143b7608bac788b5e837e0,2026-07-24T22:17:40+00:00,2026-07-31T06:39:54.737800+00:00,73,t.me/bananaleaks
463311,297422,"SELL Signal (Short)

📊 Asset: BTC/USDT
⏱️ Time: 20...om

🛑 Stop Loss: 68012.419600

⚠️ Manage your risk",227f5567eb647308ef4c76d3e670952c,2026-07-24T22:17:33+00:00,2026-07-31T06:39:55.604269+00:00,73,t.me/bananaleaks
463222,297413,"SELL Signal (Short)

📊 Asset: DEXE/USDT
⏱️ Time: 2...🚀 Boom

🛑 Stop Loss: 3.678200

⚠️ Manage your risk",d32b89b77e2e0c5d125b222bf96a983b,2026-07-24T21:14:19+00:00,2026-07-31T06:39:54.655003+00:00,73,t.me/bananaleaks
463246,297411,"SELL Signal (Short)

📊 Asset: XMR/USDT
⏱️ Time: 20...Boom

🛑 Stop Loss: 386.794000

⚠️ Manage your risk",722a4d92a139fc991980b3385630bd3e,2026-07-24T21:14:12+00:00,2026-07-31T06:39:55.038945+00:00,73,t.me/bananaleaks
463227,297409,"SELL Signal (Short)

📊 Asset: TRX/USDT
⏱️ Time: 20...🚀 Boom

🛑 Stop Loss: 0.351072

⚠️ Manage your risk",6013b620e2c94ae3f77e10182cfd5eac,2026-07-24T21:13:40+00:00,2026-07-31T06:39:54.705249+00:00,73,t.me/bananaleaks
463219,297407,"SELL Signal (Short)

📊 Asset: SOL/USDT
⏱️ Time: 20... Boom

🛑 Stop Loss: 78.206800

⚠️ Manage your risk",fa213d3995cd898d7b04fdf1a2ea7b59,2026-07-24T21:13:02+00:00,2026-07-31T06:39:54.382127+00:00,73,t.me/bananaleaks
462314,297399,"SELL Signal (Short)

📊 Asset: INJ/USDT
⏱️ Time: 20...🚀 Boom

🛑 Stop Loss: 5.505640

⚠️ Manage your risk",9236c02988c611ed6a6dee789d8ed17b,2026-07-24T20:04:16+00:00,2026-07-31T04:45:20.727063+00:00,73,t.me/bananaleaks
462312,297393,"SELL Signal (Short)

📊 Asset: DEXE/USDT
⏱️ Time: 2...🚀 Boom

🛑 Stop Loss: 4.012100

⚠️ Manage your risk",bd26a64ad6882f9d1d02144ce74fa331,2026-07-24T20:03:50+00:00,2026-07-31T04:45:20.718175+00:00,73,t.me/bananaleaks
462289,297391,"SELL Signal (Short)

📊 Asset: XMR/USDT
⏱️ Time: 20...Boom

🛑 Stop Loss: 387.748000

⚠️ Manage your risk",57d4f3d0d577a48a5818d1c673ac76fe,2026-07-24T20:03:49+00:00,2026-07-31T04:45:20.490263+00:00,73,t.me/bananaleaks
462308,297388,"BUY Signal (Long)

📊 Asset: TRX/USDT
⏱️ Time: 2026...🚀 Boom

🛑 Stop Loss: 0.312268

⚠️ Manage your risk",bb46fe50da430e980dcebc01b0b30b85,2026-07-24T20:03:22+00:00,2026-07-31T04:45:20.691892+00:00,73,t.me/bananaleaks
462296,297385,"SELL Signal (Short)

📊 Asset: DOGE/USDT
⏱️ Time: 2...🚀 Boom

🛑 Stop Loss: 0.073394

⚠️ Manage your risk",fed8f2b0f8250f949b635cb3b929da2f,2026-07-24T20:03:08+00:00,2026-07-31T04:45:20.628763+00:00,73,t.me/bananaleaks
462252,297382,"SELL Signal (Short)

📊 Asset: AKE/USDT
⏱️ Time: 20...🚀 Boom

🛑 Stop Loss: 0.002753

⚠️ Manage your risk",377cda518da116dc8b36332b2536decf,2026-07-24T20:02:54+00:00,2026-07-31T04:45:20.115091+00:00,73,t.me/bananaleaks
462235,297373,"SELL Signal (Short)

📊 Asset: HYPE/USDT
⏱️ Time: 2... Boom

🛑 Stop Loss: 61.967600

⚠️ Manage your risk",f14b70dc573d9a4577cbae27321ec7b9,2026-07-24T18:45:58+00:00,2026-07-31T04:45:20.048718+00:00,73,t.me/bananaleaks
462276,297369,"SELL Signal (Short)

📊 Asset: BEAT/USDT
⏱️ Time: 2...🚀 Boom

🛑 Stop Loss: 3.391544

⚠️ Manage your risk",65c28cce86903abf371541aee301eab8,2026-07-24T18:45:08+00:00,2026-07-31T04:45:20.312664+00:00,73,t.me/bananaleaks
462221,297367,"SELL Signal (Short)

📊 Asset: LTC/USDT
⏱️ Time: 20... Boom

🛑 Stop Loss: 48.961400

⚠️ Manage your risk",881d83d7486d2024f2b51f35bfbee1e5,2026-07-24T18:44:54+00:00,2026-07-31T04:45:19.427180+00:00,73,t.me/bananaleaks
462295,297359,"SELL Signal (Short)

📊 Asset: LTC/USDT
⏱️ Time: 20... Boom

🛑 Stop Loss: 49.067400

⚠️ Manage your risk",468879ac4591b4deee565013a07ecb54,2026-07-24T17:11:05+00:00,2026-07-31T04:45:20.627642+00:00,73,t.me/bananaleaks
462233,297355,"BUY Signal (Long)

📊 Asset: BEAT/USDT
⏱️ Time: 202...🚀 Boom

🛑 Stop Loss: 3.045196

⚠️ Manage your risk",b4fd3ed3f9d7bb52a3d9e11e96c8d95e,2026-07-24T15:39:30+00:00,2026-07-31T04:45:19.917944+00:00,73,t.me/bananaleaks
462269,297346,"SELL Signal (Short)

📊 Asset: BANK/USDT
⏱️ Time: 2...🚀 Boom

🛑 Stop Loss: 0.312721

⚠️ Manage your risk",2ac9e0c3aa4f03fb29aed760b1be7f73,2026-07-24T14:07:24+00:00,2026-07-31T04:45:20.288155+00:00,73,t.me/bananaleaks
462258,297343,"SELL Signal (Short)

📊 Asset: DEXE/USDT
⏱️ Time: 2...🚀 Boom

🛑 Stop Loss: 2.907580

⚠️ Manage your risk",1be76f133a41fd9829363096d6752003,2026-07-24T14:06:53+00:00,2026-07-31T04:45:20.135541+00:00,73,t.me/bananaleaks
462251,297340,"SELL Signal (Short)

📊 Asset: AKE/USDT
⏱️ Time: 20...🚀 Boom

🛑 Stop Loss: 0.002734

⚠️ Manage your risk",5c58cc019e60e62fa2946f721881895e,2026-07-24T14:05:56+00:00,2026-07-31T04:45:20.114418+00:00,73,t.me/bananaleaks
462241,297314,"SELL Signal (Short)

📊 Asset: DEXE/USDT
⏱️ Time: 2...🚀 Boom

🛑 Stop Loss: 2.956340

⚠️ Manage your risk",5b22b7bf73330c5cf1bed7bab0c92a26,2026-07-24T12:07:17+00:00,2026-07-31T04:45:20.086901+00:00,73,t.me/bananaleaks
462285,297312,"SELL Signal (Short)

📊 Asset: TRX/USDT
⏱️ Time: 20...🚀 Boom

🛑 Stop Loss: 0.351390

⚠️ Manage your risk",030e478faa3fe73ff2f1ef4e175afa81,2026-07-24T12:06:26+00:00,2026-07-31T04:45:20.350994+00:00,73,t.me/bananaleaks
462303,297302,"SELL Signal (Short)

📊 Asset: ADA/USDT
⏱️ Time: 20...🚀 Boom

🛑 Stop Loss: 0.177020

⚠️ Manage your risk",d6942bfceeaee90d3791961273975cfd,2026-07-24T10:38:57+00:00,2026-07-31T04:45:20.673419+00:00,73,t.me/bananaleaks
462238,297300,"SELL Signal (Short)

📊 Asset: BEAT/USDT
⏱️ Time: 2...🚀 Boom

🛑 Stop Loss: 3.080360

⚠️ Manage your risk",ff2743c76a41bcd541417b5fa5c92808,2026-07-24T10:38:44+00:00,2026-07-31T04:45:20.061435+00:00,73,t.me/bananaleaks
462275,297297,"SELL Signal (Short)

📊 Asset: TRX/USDT
⏱️ Time: 20...🚀 Boom

🛑 Stop Loss: 0.351602

⚠️ Manage your risk",0b7b04df664d47623ca179c1a229b96e,2026-07-24T10:38:19+00:00,2026-07-31T04:45:20.308417+00:00,73,t.me/bananaleaks
462222,297295,"SELL Signal (Short)

📊 Asset: DOGE/USDT
⏱️ Time: 2...🚀 Boom

🛑 Stop Loss: 0.074030

⚠️ Manage your risk",a63ba6e2753fd70a8102d0bcfb55203a,2026-07-24T10:38:06+00:00,2026-07-31T04:45:19.548952+00:00,73,t.me/bananaleaks
462218,297282,"SELL Signal (Short)

📊 Asset: HYPE/USDT
⏱️ Time: 2... Boom

🛑 Stop Loss: 62.423400

⚠️ Manage your risk",07985dc814b78af41b87b98bc0d94a87,2026-07-24T08:42:59+00:00,2026-07-31T04:45:18.297421+00:00,73,t.me/bananaleaks
462217,297279,"SELL Signal (Short)

📊 Asset: TRUMP/USDT
⏱️ Time: ...🚀 Boom

🛑 Stop Loss: 1.696000

⚠️ Manage your risk",89a2029471888c856cd26b7f0fcb512f,2026-07-24T08:42:52+00:00,2026-07-31T04:45:18.154120+00:00,73,t.me/bananaleaks
462178,297275,"SELL Signal (Short)

📊 Asset: LTC/USDT
⏱️ Time: 20... Boom

🛑 Stop Loss: 49.533800

⚠️ Manage your risk",aabf82b9c17558660024be2c3b5bd663,2026-07-24T08:42:20+00:00,2026-07-31T04:45:04.501704+00:00,73,t.me/bananaleaks
462199,297272,"SELL Signal (Short)

📊 Asset: AKE/USDT
⏱️ Time: 20...🚀 Boom

🛑 Stop Loss: 0.002515

⚠️ Manage your risk",82237fb5e596fa20fab09304b5aba78e,2026-07-24T08:42:01+00:00,2026-07-31T04:45:04.608843+00:00,73,t.me/bananaleaks
462214,297270,"SELL Signal (Short)

📊 Asset: XRP/USDT
⏱️ Time: 20...🚀 Boom

🛑 Stop Loss: 1.180734

⚠️ Manage your risk",466c2f27fadb67b92392e8e1862e5ffe,2026-07-24T08:41:47+00:00,2026-07-31T04:45:04.685757+00:00,73,t.me/bananaleaks
462154,297267,"SELL Signal (Short)

📊 Asset: SOL/USDT
⏱️ Time: 20... Boom

🛑 Stop Loss: 80.369200

⚠️ Manage your risk",6b16d68c988f707f7de51bdc4562c76b,2026-07-24T08:41:41+00:00,2026-07-31T04:45:04.269986+00:00,73,t.me/bananaleaks
462126,297264,"SELL Signal (Short)

📊 Asset: ETH/USDT
⏱️ Time: 20...oom

🛑 Stop Loss: 2003.516600

⚠️ Manage your risk",20f3fde54b49839d702e75dbbb0c5fa3,2026-07-24T08:41:34+00:00,2026-07-31T04:45:03.891204+00:00,73,t.me/bananaleaks
462176,297261,"SELL Signal (Short)

📊 Asset: BTC/USDT
⏱️ Time: 20...om

🛑 Stop Loss: 69316.654200

⚠️ Manage your risk",3c0fda21c1cb91f7030683ad8de4163b,2026-07-24T08:41:27+00:00,2026-07-31T04:45:04.495303+00:00,73,t.me/bananaleaks
462175,297258,"SELL Signal (Short)

📊 Asset: CASHCAT/USDT
⏱️ Time...🚀 Boom

🛑 Stop Loss: 0.054707

⚠️ Manage your risk",3983178b5cb05b8fe4e88fa0af4c02ae,2026-07-24T06:14:46+00:00,2026-07-31T04:45:04.489928+00:00,73,t.me/bananaleaks
462183,297255,"SELL Signal (Short)

📊 Asset: HYPE/USDT
⏱️ Time: 2... Boom

🛑 Stop Loss: 61.935800

⚠️ Manage your risk",e676f2ce97ab3dc79725d4b5103c6f2d,2026-07-24T06:14:20+00:00,2026-07-31T04:45:04.515509+00:00,73,t.me/bananaleaks
462196,297252,"SELL Signal (Short)

📊 Asset: ZEC/USDT
⏱️ Time: 20...Boom

🛑 Stop Loss: 539.063000

⚠️ Manage your risk",78e633845f7d1dcebec6d6e6f05dda06,2026-07-24T06:13:48+00:00,2026-07-31T04:45:04.593122+00:00,73,t.me/bananaleaks
462130,297248,"SELL Signal (Short)

📊 Asset: XRP/USDT
⏱️ Time: 20...🚀 Boom

🛑 Stop Loss: 1.176600

⚠️ Manage your risk",c9237ca55daa66f3a729e47f743614c5,2026-07-24T06:13:03+00:00,2026-07-31T04:45:04.043957+00:00,73,t.me/bananaleaks
462193,297244,"SELL Signal (Short)

📊 Asset: ETH/USDT
⏱️ Time: 20...oom

🛑 Stop Loss: 1993.849400

⚠️ Manage your risk",7dab38a725fba837a8fdd8018dd41e6d,2026-07-24T06:12:50+00:00,2026-07-31T04:45:04.588069+00:00,73,t.me/bananaleaks
462211,297242,"SELL Signal (Short)

📊 Asset: BTC/USDT
⏱️ Time: 20...om

🛑 Stop Loss: 69244.288000

⚠️ Manage your risk",f6aba58e5827f1304d4a8dff0f074253,2026-07-24T06:12:43+00:00,2026-07-31T04:45:04.660897+00:00,73,t.me/bananaleaks
462139,297239,"SELL Signal (Short)

📊 Asset: BANK/USDT
⏱️ Time: 2...🚀 Boom

🛑 Stop Loss: 0.281324

⚠️ Manage your risk",9d986133c5c9f70328088e827e8d0988,2026-07-24T03:40:40+00:00,2026-07-31T04:45:04.117496+00:00,73,t.me/bananaleaks
462213,297235,"BUY Signal (Long)

📊 Asset: BNB/USDT
⏱️ Time: 2026...Boom

🛑 Stop Loss: 535.677800

⚠️ Manage your risk",24cca8fc8dbaa66506de8bdbd9fc2ff3,2026-07-24T03:39:26+00:00,2026-07-31T04:45:04.681129+00:00,73,t.me/bananaleaks
462153,297212,"SELL Signal (Short)

📊 Asset: XMR/USDT
⏱️ Time: 20...Boom

🛑 Stop Loss: 376.607400

⚠️ Manage your risk",64b7541a5c4024628fd42107ef1d4009,2026-07-24T00:10:56+00:00,2026-07-31T04:45:04.246384+00:00,73,t.me/bananaleaks
462194,297209,"SELL Signal (Short)

📊 Asset: LTC/USDT
⏱️ Time: 20... Boom

🛑 Stop Loss: 49.777600

⚠️ Manage your risk",fb31c689e967a29664ce1ccbf5f0c96c,2026-07-24T00:10:37+00:00,2026-07-31T04:45:04.589413+00:00,73,t.me/bananaleaks
462174,297207,"SELL Signal (Short)

📊 Asset: TRX/USDT
⏱️ Time: 20...🚀 Boom

🛑 Stop Loss: 0.348634

⚠️ Manage your risk",93855ec4477d6e321c79abb0d56a8841,2026-07-24T00:10:30+00:00,2026-07-31T04:45:04.492772+00:00,73,t.me/bananaleaks
462142,297204,"SELL Signal (Short)

📊 Asset: BNB/USDT
⏱️ Time: 20...Boom

🛑 Stop Loss: 601.348600

⚠️ Manage your risk",ffe8d0210bcc4bdee72aa08dabd9a4a8,2026-07-24T00:10:17+00:00,2026-07-31T04:45:04.169425+00:00,73,t.me/bananaleaks
462124,297202,"SELL Signal (Short)

📊 Asset: DOGE/USDT
⏱️ Time: 2...🚀 Boom

🛑 Stop Loss: 0.073352

⚠️ Manage your risk",7735ed6669f4c6f45f93446d123e013d,2026-07-24T00:10:11+00:00,2026-07-31T04:45:03.892901+00:00,73,t.me/bananaleaks
462212,297200,"SELL Signal (Short)

📊 Asset: XRP/USDT
⏱️ Time: 20...🚀 Boom

🛑 Stop Loss: 1.174374

⚠️ Manage your risk",07c0357dd1a4eb58a933a16b3a0d4b09,2026-07-24T00:10:04+00:00,2026-07-31T04:45:04.668562+00:00,73,t.me/bananaleaks
462168,297198,"SELL Signal (Short)

📊 Asset: SOL/USDT
⏱️ Time: 20... Boom

🛑 Stop Loss: 80.432800

⚠️ Manage your risk",6fa4d658b1433d9b260e617fb5df5dcb,2026-07-24T00:09:57+00:00,2026-07-31T04:45:04.478772+00:00,73,t.me/bananaleaks
462149,297196,"SELL Signal (Short)

📊 Asset: ETH/USDT
⏱️ Time: 20...oom

🛑 Stop Loss: 1991.072200

⚠️ Manage your risk",b661120d498347200a755fc49944268e,2026-07-24T00:09:50+00:00,2026-07-31T04:45:04.209719+00:00,73,t.me/bananaleaks
462121,297194,"SELL Signal (Short)

📊 Asset: BTC/USDT
⏱️ Time: 20...om

🛑 Stop Loss: 68989.093000

⚠️ Manage your risk",84bc06a120e16dce19385f55b1f2c429,2026-07-24T00:09:44+00:00,2026-07-31T04:45:03.469010+00:00,73,t.me/bananaleaks
462129,297187,"SELL Signal (Short)

📊 Asset: ADA/USDT
⏱️ Time: 20...🚀 Boom

🛑 Stop Loss: 0.179246

⚠️ Manage your risk",56d089a9eb3fb74a86633a841bc712d5,2026-07-23T23:13:53+00:00,2026-07-31T04:45:04.029181+00:00,73,t.me/bananaleaks
462128,297185,"SELL Signal (Short)

📊 Asset: LTC/USDT
⏱️ Time: 20... Boom

🛑 Stop Loss: 50.053200

⚠️ Manage your risk",884f1a92bd603fa54e9a6e1c51806be8,2026-07-23T23:13:21+00:00,2026-07-31T04:45:03.923721+00:00,73,t.me/bananaleaks
462140,297182,"SELL Signal (Short)

📊 Asset: BNB/USDT
⏱️ Time: 20...Boom

🛑 Stop Loss: 601.815000

⚠️ Manage your risk",91176f311bdeb93f04c664abd7427521,2026-07-23T23:13:02+00:00,2026-07-31T04:45:04.113365+00:00,73,t.me/bananaleaks
462173,297177,"SELL Signal (Short)

📊 Asset: ADA/USDT
⏱️ Time: 20...🚀 Boom

🛑 Stop Loss: 0.178716

⚠️ Manage your risk",3aec97595363ea3e5e1c0954b8e7bc78,2026-07-23T22:17:13+00:00,2026-07-31T04:45:04.490728+00:00,73,t.me/bananaleaks
462170,297174,"SELL Signal (Short)

📊 Asset: LTC/USDT
⏱️ Time: 20... Boom

🛑 Stop Loss: 49.904800

⚠️ Manage your risk",939320e89a37d3226024eab771ab51eb,2026-07-23T22:16:40+00:00,2026-07-31T04:45:04.481351+00:00,73,t.me/bananaleaks
462144,297171,"SELL Signal (Short)

📊 Asset: BNB/USDT
⏱️ Time: 20...Boom

🛑 Stop Loss: 600.500600

⚠️ Manage your risk",d1892a58169ea38df95a984238b01b77,2026-07-23T22:16:20+00:00,2026-07-31T04:45:04.191776+00:00,73,t.me/bananaleaks
462169,297169,"SELL Signal (Short)

📊 Asset: DOGE/USDT
⏱️ Time: 2...🚀 Boom

🛑 Stop Loss: 0.073691

⚠️ Manage your risk",06610458875a892a7d02f12d9354fbea,2026-07-23T22:16:13+00:00,2026-07-31T04:45:04.484874+00:00,73,t.me/bananaleaks
462157,297164,"BUY Signal (Long)

📊 Asset: XMR/USDT
⏱️ Time: 2026...Boom

🛑 Stop Loss: 333.512000

⚠️ Manage your risk",323bbc94058a9102450f7d6b941ebf0d,2026-07-23T20:05:26+00:00,2026-07-31T04:45:04.321278+00:00,73,t.me/bananaleaks
462123,297160,"SELL Signal (Short)

📊 Asset: AKE/USDT
⏱️ Time: 20...🚀 Boom

🛑 Stop Loss: 0.002307

⚠️ Manage your risk",32afbf60e780d09dc5cb8e0e87625e4e,2026-07-23T20:05:12+00:00,2026-07-31T04:45:03.724018+00:00,73,t.me/bananaleaks
462191,297150,"SELL Signal (Short)

📊 Asset: ETHFI/USDT
⏱️ Time: ...🚀 Boom

🛑 Stop Loss: 0.479650

⚠️ Manage your risk",59e4ea548afe2ee2498aed0d5baf08be,2026-07-23T18:55:00+00:00,2026-07-31T04:45:04.585792+00:00,73,t.me/bananaleaks
462165,297147,"SELL Signal (Short)

📊 Asset: XMR/USDT
⏱️ Time: 20...Boom

🛑 Stop Loss: 371.508800

⚠️ Manage your risk",50881e71f3b87a9d324f385b4d5f008c,2026-07-23T18:54:22+00:00,2026-07-31T04:45:04.461082+00:00,73,t.me/bananaleaks
462119,297144,"SELL Signal (Short)

📊 Asset: AKE/USDT
⏱️ Time: 20...🚀 Boom

🛑 Stop Loss: 0.002484

⚠️ Manage your risk",0b8acd1f6b01bf440c341354d1a0c4ce,2026-07-23T18:54:03+00:00,2026-07-31T04:45:02.607487+00:00,73,t.me/bananaleaks
462115,297139,"📍 SIGNAL ID: #G178
COIN: $AAVE/USDT
Direction: ⬆️ ...oward 150.0 valid.
--------------------
Banana Bot",3f2157aa0f1c74dca781dc40f2c5cbd7,2026-07-23T18:17:51+00:00,2026-07-31T04:45:01.378856+00:00,73,t.me/bananaleaks
460925,297129,"SELL Signal (Short)

📊 Asset: HYPE/USDT
⏱️ Time: 2... Boom

🛑 Stop Loss: 62.752000

⚠️ Manage your risk",ac2629594d7fbe96d59a91f02f0e8af6,2026-07-23T16:22:25+00:00,2026-07-31T02:55:48.628560+00:00,73,t.me/bananaleaks
460929,297113,"SELL Signal (Short)

📊 Asset: AKE/USDT
⏱️ Time: 20...🚀 Boom

🛑 Stop Loss: 0.002106

⚠️ Manage your risk",3dad06c16b516fd42cf8bade6f668852,2026-07-23T12:56:37+00:00,2026-07-31T02:55:48.639603+00:00,73,t.me/bananaleaks
460920,297110,"SELL Signal (Short)

📊 Asset: CASHCAT/USDT
⏱️ Time...🚀 Boom

🛑 Stop Loss: 0.050721

⚠️ Manage your risk",c278b50531b135bf390d629524daccce,2026-07-23T12:56:31+00:00,2026-07-31T02:55:48.615764+00:00,73,t.me/bananaleaks
460919,297107,"SELL Signal (Short)

📊 Asset: ZEC/USDT
⏱️ Time: 20...Boom

🛑 Stop Loss: 542.868400

⚠️ Manage your risk",642ceba83b32dd49b359660dde8fb273,2026-07-23T12:56:24+00:00,2026-07-31T02:55:48.616599+00:00,73,t.me/bananaleaks
460966,297105,"SELL Signal (Short)

📊 Asset: TRUMP/USDT
⏱️ Time: ...🚀 Boom

🛑 Stop Loss: 1.738400

⚠️ Manage your risk",0552475e5b2101ecd5d1539263278f94,2026-07-23T12:56:05+00:00,2026-07-31T02:55:48.926002+00:00,73,t.me/bananaleaks
460951,297102,"SELL Signal (Short)

📊 Asset: HYPE/USDT
⏱️ Time: 2... Boom

🛑 Stop Loss: 62.465800

⚠️ Manage your risk",5f6aa4ab7f926c1d38e753149ae22c4a,2026-07-23T12:55:39+00:00,2026-07-31T02:55:48.873395+00:00,73,t.me/bananaleaks
460958,297099,"SELL Signal (Short)

📊 Asset: ADA/USDT
⏱️ Time: 20...🚀 Boom

🛑 Stop Loss: 0.183486

⚠️ Manage your risk",e16d4c5d789155211265bb5bfdad329e,2026-07-23T12:55:32+00:00,2026-07-31T02:55:48.900417+00:00,73,t.me/bananaleaks
460937,297097,"SELL Signal (Short)

📊 Asset: DOGE/USDT
⏱️ Time: 2...🚀 Boom

🛑 Stop Loss: 0.075790

⚠️ Manage your risk",a4df8801cc50e4cf46b3323f2a5ceb35,2026-07-23T12:55:06+00:00,2026-07-31T02:55:48.793244+00:00,73,t.me/bananaleaks
460931,297093,"SELL Signal (Short)

📊 Asset: BNB/USDT
⏱️ Time: 20...Boom

🛑 Stop Loss: 602.620600

⚠️ Manage your risk",396fac47b4d21282c6ebb75cc572f9a7,2026-07-23T12:54:59+00:00,2026-07-31T02:55:48.735070+00:00,73,t.me/bananaleaks
460948,297091,"SELL Signal (Short)

📊 Asset: SOL/USDT
⏱️ Time: 20... Boom

🛑 Stop Loss: 81.514000

⚠️ Manage your risk",4e8083350fa4c6bce564716da718eb8b,2026-07-23T12:54:46+00:00,2026-07-31T02:55:48.856868+00:00,73,t.me/bananaleaks
460956,297088,"SELL Signal (Short)

📊 Asset: ETH/USDT
⏱️ Time: 20...oom

🛑 Stop Loss: 2019.003200

⚠️ Manage your risk",a61ef13905d303daabaa002d6719bf72,2026-07-23T12:54:39+00:00,2026-07-31T02:55:48.894869+00:00,73,t.me/bananaleaks
460957,297086,"SELL Signal (Short)

📊 Asset: BTC/USDT
⏱️ Time: 20...om

🛑 Stop Loss: 69028.673400

⚠️ Manage your risk",6b8cd0e80ed195cdaa595bd9d3f338cd,2026-07-23T12:54:32+00:00,2026-07-31T02:55:48.895649+00:00,73,t.me/bananaleaks
460955,297066,"SELL Signal (Short)

📊 Asset: ZEC/USDT
⏱️ Time: 20...Boom

🛑 Stop Loss: 547.140200

⚠️ Manage your risk",d4254b32a6276141cff038e83b9e3fb5,2026-07-23T11:27:19+00:00,2026-07-31T02:55:48.888621+00:00,73,t.me/bananaleaks
460939,297064,"SELL Signal (Short)

📊 Asset: TRUMP/USDT
⏱️ Time: ...🚀 Boom

🛑 Stop Loss: 1.737340

⚠️ Manage your risk",0245864f4844eb38cc13c2e98a463be1,2026-07-23T11:27:13+00:00,2026-07-31T02:55:48.804826+00:00,73,t.me/bananaleaks
460977,297062,"SELL Signal (Short)

📊 Asset: XMR/USDT
⏱️ Time: 20...Boom

🛑 Stop Loss: 374.731200

⚠️ Manage your risk",37abd7b9c04d79c9db999458434edc1c,2026-07-23T11:26:41+00:00,2026-07-31T02:55:48.999047+00:00,73,t.me/bananaleaks
460967,297058,"SELL Signal (Short)

📊 Asset: TRUMP/USDT
⏱️ Time: ...🚀 Boom

🛑 Stop Loss: 1.735220

⚠️ Manage your risk",672378fb128b3c5fff8132c1b2b4ccf0,2026-07-23T09:32:30+00:00,2026-07-31T02:55:48.945749+00:00,73,t.me/bananaleaks
460911,297049,"BUY Signal (Long)

📊 Asset: HYPE/USDT
⏱️ Time: 202... Boom

🛑 Stop Loss: 55.544600

⚠️ Manage your risk",824dc18f8f1c97811f7479ad096c4d2d,2026-07-23T07:06:27+00:00,2026-07-31T02:55:47.739963+00:00,73,t.me/bananaleaks
460889,297040,"SELL Signal (Short)

📊 Asset: BANK/USDT
⏱️ Time: 2...🚀 Boom

🛑 Stop Loss: 0.244277

⚠️ Manage your risk",ac22588ff58125c949d751d71b05e960,2026-07-23T04:30:57+00:00,2026-07-31T02:55:47.242068+00:00,73,t.me/bananaleaks
460895,297037,"BUY Signal (Long)

📊 Asset: AKE/USDT
⏱️ Time: 2026...🚀 Boom

🛑 Stop Loss: 0.001727

⚠️ Manage your risk",7c9603b81a69010ff0f1bde36a375990,2026-07-23T04:30:44+00:00,2026-07-31T02:55:47.270898+00:00,73,t.me/bananaleaks
460902,297034,"SELL Signal (Short)

📊 Asset: XMR/USDT
⏱️ Time: 20...Boom

🛑 Stop Loss: 373.512200

⚠️ Manage your risk",0a955cc52e115cc5661dc6393ce310f0,2026-07-23T04:30:30+00:00,2026-07-31T02:55:47.437326+00:00,73,t.me/bananaleaks
460912,297032,"SELL Signal (Short)

📊 Asset: LTC/USDT
⏱️ Time: 20... Boom

🛑 Stop Loss: 50.021400

⚠️ Manage your risk",04e3a1a6bd33885a19539009d7e6ccef,2026-07-23T04:30:10+00:00,2026-07-31T02:55:47.742064+00:00,73,t.me/bananaleaks
460890,297029,"SELL Signal (Short)

📊 Asset: ETHFI/USDT
⏱️ Time: ...🚀 Boom

🛑 Stop Loss: 0.486540

⚠️ Manage your risk",2a7849aa548aff0791191dffc902c01f,2026-07-23T04:29:50+00:00,2026-07-31T02:55:47.248058+00:00,73,t.me/bananaleaks
460882,297018,"BUY Signal (Long)

📊 Asset: BANK/USDT
⏱️ Time: 202...🚀 Boom

🛑 Stop Loss: 0.225027

⚠️ Manage your risk",bb3fea1783300f247d79799aab49d144,2026-07-23T01:11:55+00:00,2026-07-31T02:55:46.693255+00:00,73,t.me/bananaleaks
460981,297016,"SELL Signal (Short)

📊 Asset: LAB/USDT
⏱️ Time: 20...🚀 Boom

🛑 Stop Loss: 0.161290

⚠️ Manage your risk",47bb240ab15ac4319778a44f9bbd5da9,2026-07-23T01:11:48+00:00,2026-07-31T02:55:49.038295+00:00,73,t.me/bananaleaks
460881,297014,"SELL Signal (Short)

📊 Asset: XMR/USDT
⏱️ Time: 20...Boom

🛑 Stop Loss: 372.547600

⚠️ Manage your risk",a5b81b4191962d0f1154ad7593366be2,2026-07-23T01:11:17+00:00,2026-07-31T02:55:35.484594+00:00,73,t.me/bananaleaks
460845,297011,"BUY Signal (Long)

📊 Asset: ADA/USDT
⏱️ Time: 2026...🚀 Boom

🛑 Stop Loss: 0.165252

⚠️ Manage your risk",dc1e9638a06a7c12b46a7942950a0d9a,2026-07-23T01:10:58+00:00,2026-07-31T02:55:35.119335+00:00,73,t.me/bananaleaks
460861,297000,"SELL Signal (Short)

📊 Asset: BANK/USDT
⏱️ Time: 2...🚀 Boom

🛑 Stop Loss: 0.236475

⚠️ Manage your risk",c1019e344c97d45975344f5c1f3e7711,2026-07-22T22:45:14+00:00,2026-07-31T02:55:35.396780+00:00,73,t.me/bananaleaks
460833,296998,"SELL Signal (Short)

📊 Asset: HYPE/USDT
⏱️ Time: 2... Boom

🛑 Stop Loss: 62.571800

⚠️ Manage your risk",d92c63367525934aeaa0d7a1c6cee115,2026-07-22T22:44:42+00:00,2026-07-31T02:55:35.075873+00:00,73,t.me/bananaleaks
460863,296996,"SELL Signal (Short)

📊 Asset: LTC/USDT
⏱️ Time: 20... Boom

🛑 Stop Loss: 50.106200

⚠️ Manage your risk",13cc1668f1798a8d14b2066beae77da2,2026-07-22T22:44:35+00:00,2026-07-31T02:55:35.402749+00:00,73,t.me/bananaleaks
460870,296993,"SELL Signal (Short)

📊 Asset: TRX/USDT
⏱️ Time: 20...🚀 Boom

🛑 Stop Loss: 0.348316

⚠️ Manage your risk",12d2eae9cd35d2a5488e223df5aff5ec,2026-07-22T22:43:51+00:00,2026-07-31T02:55:35.432205+00:00,73,t.me/bananaleaks
460838,296984,"SELL Signal (Short)

📊 Asset: BANK/USDT
⏱️ Time: 2...🚀 Boom

🛑 Stop Loss: 0.231610

⚠️ Manage your risk",508cd4de23c594df5cea2b9568695f4d,2026-07-22T21:56:25+00:00,2026-07-31T02:55:35.096155+00:00,73,t.me/bananaleaks
460871,296982,"SELL Signal (Short)

📊 Asset: TRUMP/USDT
⏱️ Time: ...🚀 Boom

🛑 Stop Loss: 1.714020

⚠️ Manage your risk",e510f4e502842913bdf89ad432ea20e7,2026-07-22T21:56:13+00:00,2026-07-31T02:55:35.433710+00:00,73,t.me/bananaleaks
460856,296980,"SELL Signal (Short)

📊 Asset: HYPE/USDT
⏱️ Time: 2... Boom

🛑 Stop Loss: 62.762600

⚠️ Manage your risk",0d966e4f35fb57b4e6af3f185aeb4807,2026-07-22T21:55:48+00:00,2026-07-31T02:55:35.264050+00:00,73,t.me/bananaleaks
460873,296978,"SELL Signal (Short)

📊 Asset: TRX/USDT
⏱️ Time: 20...🚀 Boom

🛑 Stop Loss: 0.348422

⚠️ Manage your risk",b64c006845dbb76311531879ccf72dce,2026-07-22T21:55:02+00:00,2026-07-31T02:55:35.437292+00:00,73,t.me/bananaleaks
460843,296973,"SELL Signal (Short)

📊 Asset: BANK/USDT
⏱️ Time: 2...🚀 Boom

🛑 Stop Loss: 0.231790

⚠️ Manage your risk",d4f30658463b31502b2cb0b837bf4ae0,2026-07-22T20:49:29+00:00,2026-07-31T02:55:35.111640+00:00,73,t.me/bananaleaks
460862,296969,"SELL Signal (Short)

📊 Asset: TRUMP/USDT
⏱️ Time: ...🚀 Boom

🛑 Stop Loss: 1.708720

⚠️ Manage your risk",51dd0f4ca540dda621e59f29106141a1,2026-07-22T19:54:42+00:00,2026-07-31T02:55:35.404020+00:00,73,t.me/bananaleaks
460854,296967,"SELL Signal (Short)

📊 Asset: ZEC/USDT
⏱️ Time: 20...Boom

🛑 Stop Loss: 541.130000

⚠️ Manage your risk",dc8d6453fd525e2e7e36f4056793557f,2026-07-22T19:54:03+00:00,2026-07-31T02:55:35.144476+00:00,73,t.me/bananaleaks
460836,296964,"SELL Signal (Short)

📊 Asset: LTC/USDT
⏱️ Time: 20... Boom

🛑 Stop Loss: 50.000200

⚠️ Manage your risk",78938fecc38bee0fda5f71f96bb8e868,2026-07-22T19:53:56+00:00,2026-07-31T02:55:35.081969+00:00,73,t.me/bananaleaks
460824,296952,"SELL Signal (Short)

📊 Asset: FIL/USDT
⏱️ Time: 20...🚀 Boom

🛑 Stop Loss: 0.811324

⚠️ Manage your risk",cc8367f74fa92b7d6b89a14af5cf5f04,2026-07-22T18:21:04+00:00,2026-07-31T02:55:34.923134+00:00,73,t.me/bananaleaks
460815,296950,"SELL Signal (Short)

📊 Asset: LAB/USDT
⏱️ Time: 20...🚀 Boom

🛑 Stop Loss: 0.166282

⚠️ Manage your risk",081c02496b9e4f8e8422d5a7e505baa7,2026-07-22T18:20:52+00:00,2026-07-31T02:55:34.540506+00:00,73,t.me/bananaleaks
460858,296941,"SELL Signal (Short)

📊 Asset: ADA/USDT
⏱️ Time: 20...🚀 Boom

🛑 Stop Loss: 0.187726

⚠️ Manage your risk",943498a55bc0b41e9193af5b780df33f,2026-07-22T18:20:11+00:00,2026-07-31T02:55:35.282908+00:00,73,t.me/bananaleaks
460837,296938,"SELL Signal (Short)

📊 Asset: DOGE/USDT
⏱️ Time: 2...🚀 Boom

🛑 Stop Loss: 0.077518

⚠️ Manage your risk",0d37420d8d5caa91adbddd11c557c725,2026-07-22T18:19:35+00:00,2026-07-31T02:55:35.092290+00:00,73,t.me/bananaleaks
460806,296935,"SELL Signal (Short)

📊 Asset: BNB/USDT
⏱️ Time: 20...Boom

🛑 Stop Loss: 606.267000

⚠️ Manage your risk",e27158845e4f1a77c671c84113fb0d59,2026-07-22T18:19:27+00:00,2026-07-31T02:55:34.506821+00:00,73,t.me/bananaleaks
460817,296933,"SELL Signal (Short)

📊 Asset: XRP/USDT
⏱️ Time: 20...🚀 Boom

🛑 Stop Loss: 1.214760

⚠️ Manage your risk",b7857d63d4b8fff72220109d8d9ff586,2026-07-22T18:19:21+00:00,2026-07-31T02:55:34.553759+00:00,73,t.me/bananaleaks
460810,296931,"SELL Signal (Short)

📊 Asset: SOL/USDT
⏱️ Time: 20... Boom

🛑 Stop Loss: 82.775400

⚠️ Manage your risk",be2e378e5dab1b0b57eef7885573ceff,2026-07-22T18:19:14+00:00,2026-07-31T02:55:34.528123+00:00,73,t.me/bananaleaks
460814,296928,"SELL Signal (Short)

📊 Asset: ETH/USDT
⏱️ Time: 20...oom

🛑 Stop Loss: 2052.011600

⚠️ Manage your risk",70d5e0ef4911223666a31223bd7f24f8,2026-07-22T18:19:08+00:00,2026-07-31T02:55:34.537546+00:00,73,t.me/bananaleaks
460860,296926,"SELL Signal (Short)

📊 Asset: BTC/USDT
⏱️ Time: 20...om

🛑 Stop Loss: 69948.308200

⚠️ Manage your risk",c2130cfb390b658ee892164b0f249729,2026-07-22T18:19:01+00:00,2026-07-31T02:55:35.399327+00:00,73,t.me/bananaleaks
460801,296921,"SELL Signal (Short)

📊 Asset: GRAM/USDT
⏱️ Time: 2...🚀 Boom

🛑 Stop Loss: 1.609080

⚠️ Manage your risk",d275393262d66a8aa5b66489c965cb06,2026-07-22T17:09:02+00:00,2026-07-31T02:55:34.489687+00:00,73,t.me/bananaleaks
460797,296919,"SELL Signal (Short)

📊 Asset: AKE/USDT
⏱️ Time: 20...🚀 Boom

🛑 Stop Loss: 0.001982

⚠️ Manage your risk",645b98c9a512ea8adf3379b27cb8625e,2026-07-22T17:08:50+00:00,2026-07-31T02:55:34.477618+00:00,73,t.me/bananaleaks
460827,296905,"SELL Signal (Short)

📊 Asset: LAB/USDT
⏱️ Time: 20...🚀 Boom

🛑 Stop Loss: 0.164607

⚠️ Manage your risk",6e71cc7771f312518d388238c983cf0e,2026-07-22T15:57:58+00:00,2026-07-31T02:55:35.056600+00:00,73,t.me/bananaleaks
460846,296903,"SELL Signal (Short)

📊 Asset: GRAM/USDT
⏱️ Time: 2...🚀 Boom

🛑 Stop Loss: 1.612260

⚠️ Manage your risk",7e11ea1a46ee9c5dbc434eaf561387d6,2026-07-22T15:57:51+00:00,2026-07-31T02:55:35.119891+00:00,73,t.me/bananaleaks
460793,296900,"SELL Signal (Short)

📊 Asset: AKE/USDT
⏱️ Time: 20...🚀 Boom

🛑 Stop Loss: 0.001978

⚠️ Manage your risk",1fe673006a2c8040c2a2e34c1b785c9b,2026-07-22T15:57:44+00:00,2026-07-31T02:55:34.437174+00:00,73,t.me/bananaleaks
460789,296893,"SELL Signal (Short)

📊 Asset: ETHFI/USDT
⏱️ Time: ...🚀 Boom

🛑 Stop Loss: 0.506044

⚠️ Manage your risk",94ae21bce2cb825da1f9968ee166fcc3,2026-07-22T14:26:57+00:00,2026-07-31T02:55:32.524112+00:00,73,t.me/bananaleaks
460790,296891,"SELL Signal (Short)

📊 Asset: TRX/USDT
⏱️ Time: 20...🚀 Boom

🛑 Stop Loss: 0.349376

⚠️ Manage your risk",ffe10a42f30ae3c005f947d647be42fd,2026-07-22T14:26:19+00:00,2026-07-31T02:55:33.365821+00:00,73,t.me/bananaleaks
459532,296879,"SELL Signal (Short)

📊 Asset: HYPE/USDT
⏱️ Time: 2... Boom

🛑 Stop Loss: 61.946400

⚠️ Manage your risk",7a3609e71a3f6fc48b0d9ec86c08aecf,2026-07-22T12:18:52+00:00,2026-07-31T01:10:57.431228+00:00,73,t.me/bananaleaks
459486,296876,"SELL Signal (Short)

📊 Asset: ADA/USDT
⏱️ Time: 20...🚀 Boom

🛑 Stop Loss: 0.183168

⚠️ Manage your risk",73c2ec49e5a4025f43c733fb4a8c8254,2026-07-22T12:18:32+00:00,2026-07-31T01:10:56.884464+00:00,73,t.me/bananaleaks
459506,296874,"SELL Signal (Short)

📊 Asset: ZEC/USDT
⏱️ Time: 20...Boom

🛑 Stop Loss: 544.818800

⚠️ Manage your risk",61f13e759af8a482cb129fa3da8b88aa,2026-07-22T12:18:01+00:00,2026-07-31T01:10:57.286766+00:00,73,t.me/bananaleaks
459507,296872,"SELL Signal (Short)

📊 Asset: XMR/USDT
⏱️ Time: 20...Boom

🛑 Stop Loss: 370.247400

⚠️ Manage your risk",cd2f0fdc65084a239bdde3192da45e5e,2026-07-22T12:17:54+00:00,2026-07-31T01:10:57.292380+00:00,73,t.me/bananaleaks
459565,296870,"SELL Signal (Short)

📊 Asset: TRX/USDT
⏱️ Time: 20...🚀 Boom

🛑 Stop Loss: 0.349906

⚠️ Manage your risk",299e37852e84d7c97a7cc8b5cf028471,2026-07-22T12:17:47+00:00,2026-07-31T01:10:57.695769+00:00,73,t.me/bananaleaks
459497,296867,"SELL Signal (Short)

📊 Asset: BNB/USDT
⏱️ Time: 20...Boom

🛑 Stop Loss: 604.708800

⚠️ Manage your risk",527a42401c5322eeb6525bce29cfdb34,2026-07-22T12:17:35+00:00,2026-07-31T01:10:57.141311+00:00,73,t.me/bananaleaks
459502,296862,"BUY Signal (Long)

📊 Asset: XRP/USDT
⏱️ Time: 2026...🚀 Boom

🛑 Stop Loss: 1.069532

⚠️ Manage your risk",4735c92e98b143d73513f7b30108ae41,2026-07-22T10:51:09+00:00,2026-07-31T01:10:57.155138+00:00,73,t.me/bananaleaks
459525,296860,"BUY Signal (Long)

📊 Asset: SOL/USDT
⏱️ Time: 2026... Boom

🛑 Stop Loss: 72.953400

⚠️ Manage your risk",37f84a3f3ec9555e8af8e2fd66ef84da,2026-07-22T10:51:01+00:00,2026-07-31T01:10:57.377604+00:00,73,t.me/bananaleaks
459557,296850,"SELL Signal (Short)

📊 Asset: GRAM/USDT
⏱️ Time: 2...🚀 Boom

🛑 Stop Loss: 1.629220

⚠️ Manage your risk",e4189de509b1db3f01eb90e9fe22714d,2026-07-22T06:13:28+00:00,2026-07-31T01:10:57.658388+00:00,73,t.me/bananaleaks
459540,296832,"SELL Signal (Short)

📊 Asset: ADA/USDT
⏱️ Time: 20...🚀 Boom

🛑 Stop Loss: 0.184440

⚠️ Manage your risk",f7faf25971002280b634b6366d8dc8cb,2026-07-22T03:33:24+00:00,2026-07-31T01:10:57.486010+00:00,73,t.me/bananaleaks
459568,296830,"SELL Signal (Short)

📊 Asset: DOGE/USDT
⏱️ Time: 2...🚀 Boom

🛑 Stop Loss: 0.077825

⚠️ Manage your risk",b180f07a3ca2d7815a26a13c3dc68b49,2026-07-22T03:33:11+00:00,2026-07-31T01:10:57.702136+00:00,73,t.me/bananaleaks
459571,296828,"SELL Signal (Short)

📊 Asset: XRP/USDT
⏱️ Time: 20...🚀 Boom

🛑 Stop Loss: 1.209566

⚠️ Manage your risk",83c10f7f070ac03450ca37c81d8fec63,2026-07-22T03:32:58+00:00,2026-07-31T01:10:57.714107+00:00,73,t.me/bananaleaks
459564,296826,"SELL Signal (Short)

📊 Asset: SOL/USDT
⏱️ Time: 20... Boom

🛑 Stop Loss: 82.839000

⚠️ Manage your risk",f4d6d8833502023d4a4cd9c0135ed5de,2026-07-22T03:32:52+00:00,2026-07-31T01:10:57.694699+00:00,73,t.me/bananaleaks
459539,296824,"SELL Signal (Short)

📊 Asset: ETH/USDT
⏱️ Time: 20...oom

🛑 Stop Loss: 2048.004800

⚠️ Manage your risk",cc36ab9d0007d823264c1a85e9850660,2026-07-22T03:32:45+00:00,2026-07-31T01:10:57.465448+00:00,73,t.me/bananaleaks
459519,296816,"SELL Signal (Short)

📊 Asset: FIL/USDT
⏱️ Time: 20...🚀 Boom

🛑 Stop Loss: 0.815564

⚠️ Manage your risk",f344aa59dff8fdf29a6841375aec6af8,2026-07-22T00:04:43+00:00,2026-07-31T01:10:57.339997+00:00,73,t.me/bananaleaks
459517,296814,"BUY Signal (Long)

📊 Asset: BANK/USDT
⏱️ Time: 202...🚀 Boom

🛑 Stop Loss: 0.171108

⚠️ Manage your risk",53e4e928569afbe9b4e58fef301e9692,2026-07-22T00:04:30+00:00,2026-07-31T01:10:57.333601+00:00,73,t.me/bananaleaks
459530,296811,"BUY Signal (Long)

📊 Asset: BNB/USDT
⏱️ Time: 2026...Boom

🛑 Stop Loss: 539.531800

⚠️ Manage your risk",453f7458f0d10683060b6d03b927edcf,2026-07-22T00:03:14+00:00,2026-07-31T01:10:57.413195+00:00,73,t.me/bananaleaks
459529,296808,"BUY Signal (Long)

📊 Asset: BTC/USDT
⏱️ Time: 2026...om

🛑 Stop Loss: 62559.434600

⚠️ Manage your risk",225891b89365a06a88b3a6f24013200c,2026-07-22T00:02:50+00:00,2026-07-31T01:10:57.412413+00:00,73,t.me/bananaleaks
459535,296802,"SELL Signal (Short)

📊 Asset: FIL/USDT
⏱️ Time: 20...🚀 Boom

🛑 Stop Loss: 0.818850

⚠️ Manage your risk",818e753905ec189df5cc1d3534b1f91b,2026-07-21T23:09:06+00:00,2026-07-31T01:10:57.444862+00:00,73,t.me/bananaleaks
459561,296796,"SELL Signal (Short)

📊 Asset: GRAM/USDT
⏱️ Time: 2...🚀 Boom

🛑 Stop Loss: 1.628160

⚠️ Manage your risk",673cab819d44cde3537c8df0c7ba038e,2026-07-21T23:08:34+00:00,2026-07-31T01:10:57.669484+00:00,73,t.me/bananaleaks
459515,296793,"SELL Signal (Short)

📊 Asset: TRX/USDT
⏱️ Time: 20...🚀 Boom

🛑 Stop Loss: 0.349164

⚠️ Manage your risk",7e6d451db1e7c290c48a9a787783035e,2026-07-21T23:07:49+00:00,2026-07-31T01:10:57.327997+00:00,73,t.me/bananaleaks
459514,296785,"SELL Signal (Short)

📊 Asset: TRX/USDT
⏱️ Time: 20...🚀 Boom

🛑 Stop Loss: 0.349164

⚠️ Manage your risk",9ad18b1425e55fda5a59a507d98873a1,2026-07-21T22:06:35+00:00,2026-07-31T01:10:57.327312+00:00,73,t.me/bananaleaks
459526,296783,"SELL Signal (Short)

📊 Asset: DOGE/USDT
⏱️ Time: 2...🚀 Boom

🛑 Stop Loss: 0.077804

⚠️ Manage your risk",10e2af3f38f4970707a2e966398a7182,2026-07-21T22:06:22+00:00,2026-07-31T01:10:57.393154+00:00,73,t.me/bananaleaks
459483,296776,"SELL Signal (Short)

📊 Asset: GRAM/USDT
⏱️ Time: 2...🚀 Boom

🛑 Stop Loss: 1.623920

⚠️ Manage your risk",0ba0f44e4ffe03f220602afaf5db77cd,2026-07-21T21:02:19+00:00,2026-07-31T01:10:56.756090+00:00,73,t.me/bananaleaks
459488,296773,"BUY Signal (Long)

📊 Asset: XMR/USDT
⏱️ Time: 2026...Boom

🛑 Stop Loss: 332.092600

⚠️ Manage your risk",b8ea501d0c0324ca0a77abe7b692123b,2026-07-21T21:02:14+00:00,2026-07-31T01:10:56.893808+00:00,73,t.me/bananaleaks
459480,296768,"SELL Signal (Short)

📊 Asset: BANK/USDT
⏱️ Time: 2...🚀 Boom

🛑 Stop Loss: 0.179712

⚠️ Manage your risk",f21bc967ca3b01c134ccca9cf58094be,2026-07-21T19:59:06+00:00,2026-07-31T01:10:56.345272+00:00,73,t.me/bananaleaks
459496,296765,"SELL Signal (Short)

📊 Asset: GRAM/USDT
⏱️ Time: 2...🚀 Boom

🛑 Stop Loss: 1.618620

⚠️ Manage your risk",6b1b16b55eee01d28d01ba9c6d6133dd,2026-07-21T19:58:53+00:00,2026-07-31T01:10:57.130864+00:00,73,t.me/bananaleaks
459484,296762,"SELL Signal (Short)

📊 Asset: XRP/USDT
⏱️ Time: 20...🚀 Boom

🛑 Stop Loss: 1.228540

⚠️ Manage your risk",2acf521fef030569225b15d09760bfc3,2026-07-21T19:57:49+00:00,2026-07-31T01:10:56.757208+00:00,73,t.me/bananaleaks
459492,296754,"SELL Signal (Short)

📊 Asset: BANK/USDT
⏱️ Time: 2...🚀 Boom

🛑 Stop Loss: 0.186560

⚠️ Manage your risk",070ad2d233c38afe3fa4ff04a5d963f2,2026-07-21T18:26:01+00:00,2026-07-31T01:10:56.941357+00:00,73,t.me/bananaleaks
459478,296749,"SELL Signal (Short)

📊 Asset: XMR/USDT
⏱️ Time: 20...Boom

🛑 Stop Loss: 368.032000

⚠️ Manage your risk",04eafa75add212ad9998b9a16f5bb25a,2026-07-21T18:25:47+00:00,2026-07-31T01:10:56.211967+00:00,73,t.me/bananaleaks
459572,296747,"SELL Signal (Short)

📊 Asset: GRAM/USDT
⏱️ Time: 2...🚀 Boom

🛑 Stop Loss: 1.626040

⚠️ Manage your risk",1aeed46d02c24edec7b48bb7ef8e1a34,2026-07-21T18:25:40+00:00,2026-07-31T01:10:57.716141+00:00,73,t.me/bananaleaks
459422,296731,"SELL Signal (Short)

📊 Asset: BANK/USDT
⏱️ Time: 2...🚀 Boom

🛑 Stop Loss: 0.182988

⚠️ Manage your risk",5545d361ad48aba8ef963132ea357274,2026-07-21T17:10:26+00:00,2026-07-31T01:10:41.146649+00:00,73,t.me/bananaleaks
459415,296727,"SELL Signal (Short)

📊 Asset: LTC/USDT
⏱️ Time: 20... Boom

🛑 Stop Loss: 50.540800

⚠️ Manage your risk",433b15ae07a22640ecab7105b2ebdd94,2026-07-21T17:10:00+00:00,2026-07-31T01:10:41.122848+00:00,73,t.me/bananaleaks
459460,296724,"SELL Signal (Short)

📊 Asset: TRX/USDT
⏱️ Time: 20...🚀 Boom

🛑 Stop Loss: 0.348210

⚠️ Manage your risk",ad5bd732069281dd527e6c62e979be38,2026-07-21T17:09:40+00:00,2026-07-31T01:10:41.599099+00:00,73,t.me/bananaleaks
459473,296722,"SELL Signal (Short)

📊 Asset: XRP/USDT
⏱️ Time: 20...🚀 Boom

🛑 Stop Loss: 1.219742

⚠️ Manage your risk",e8cf8a38a429ac4c90075d146b7d59f9,2026-07-21T17:09:08+00:00,2026-07-31T01:10:41.687958+00:00,73,t.me/bananaleaks
459474,296720,"SELL Signal (Short)

📊 Asset: BTC/USDT
⏱️ Time: 20...om

🛑 Stop Loss: 70542.268600

⚠️ Manage your risk",4dda2bbb05542f5e7cf7d4ce3b7900cd,2026-07-21T17:08:48+00:00,2026-07-31T01:10:41.691682+00:00,73,t.me/bananaleaks
459465,296712,"SELL Signal (Short)

📊 Asset: TRX/USDT
⏱️ Time: 20...🚀 Boom

🛑 Stop Loss: 0.348316

⚠️ Manage your risk",e18a08c4090217c0c95b4fa10d3b8d65,2026-07-21T15:58:00+00:00,2026-07-31T01:10:41.655766+00:00,73,t.me/bananaleaks
459420,296710,"SELL Signal (Short)

📊 Asset: ZEC/USDT
⏱️ Time: 20...Boom

🛑 Stop Loss: 572.675600

⚠️ Manage your risk",c73ad653abe00f00ad99f4d5f7da4673,2026-07-21T15:57:47+00:00,2026-07-31T01:10:41.135749+00:00,73,t.me/bananaleaks
459418,296707,"SELL Signal (Short)

📊 Asset: ADA/USDT
⏱️ Time: 20...🚀 Boom

🛑 Stop Loss: 0.185182

⚠️ Manage your risk",4c30f4751677b2cb1384130274af3494,2026-07-21T15:57:40+00:00,2026-07-31T01:10:41.136793+00:00,73,t.me/bananaleaks
459448,296704,"SELL Signal (Short)

📊 Asset: BTC/USDT
⏱️ Time: 20...om

🛑 Stop Loss: 70619.097400

⚠️ Manage your risk",af08844b02d5bd688d8801ded474ed2f,2026-07-21T15:57:02+00:00,2026-07-31T01:10:41.552216+00:00,73,t.me/bananaleaks
459430,296676,"SELL Signal (Short)

📊 Asset: INJ/USDT
⏱️ Time: 20...🚀 Boom

🛑 Stop Loss: 5.704920

⚠️ Manage your risk",1e52da1a7066ed30a9b2574d909448d6,2026-07-21T12:16:18+00:00,2026-07-31T01:10:41.198932+00:00,73,t.me/bananaleaks
459416,296674,"SELL Signal (Short)

📊 Asset: FIL/USDT
⏱️ Time: 20...🚀 Boom

🛑 Stop Loss: 0.794682

⚠️ Manage your risk",05f7d04dc6ba7d741e7c7c831f99f35d,2026-07-21T12:16:00+00:00,2026-07-31T01:10:41.126165+00:00,73,t.me/bananaleaks
459414,296671,"SELL Signal (Short)

📊 Asset: XMR/USDT
⏱️ Time: 20...Boom

🛑 Stop Loss: 364.205400

⚠️ Manage your risk",71f1ad08e0bca8f315a52e3f33eaca34,2026-07-21T12:15:33+00:00,2026-07-31T01:10:41.119772+00:00,73,t.me/bananaleaks
459402,296668,"SELL Signal (Short)

📊 Asset: DOGE/USDT
⏱️ Time: 2...🚀 Boom

🛑 Stop Loss: 0.078069

⚠️ Manage your risk",378445bbf725d9efae39fd060b5f75a8,2026-07-21T12:14:48+00:00,2026-07-31T01:10:41.062469+00:00,73,t.me/bananaleaks
459397,296665,"SELL Signal (Short)

📊 Asset: BNB/USDT
⏱️ Time: 20...Boom

🛑 Stop Loss: 611.291400

⚠️ Manage your risk",2817c5c71e9b090e188d9e2e7f962b93,2026-07-21T12:14:41+00:00,2026-07-31T01:10:40.909391+00:00,73,t.me/bananaleaks
459395,296662,"SELL Signal (Short)

📊 Asset: BTC/USDT
⏱️ Time: 20...om

🛑 Stop Loss: 70333.660600

⚠️ Manage your risk",873461145019b980e0bdab96d92cd7c9,2026-07-21T12:14:15+00:00,2026-07-31T01:10:40.905638+00:00,73,t.me/bananaleaks
459385,296654,"SELL Signal (Short)

📊 Asset: TRX/USDT
⏱️ Time: 20...🚀 Boom

🛑 Stop Loss: 0.346514

⚠️ Manage your risk",5bc19a2760cf3957643172f880f7fc08,2026-07-21T10:51:39+00:00,2026-07-31T01:10:40.541156+00:00,73,t.me/bananaleaks
459405,296652,"SELL Signal (Short)

📊 Asset: LTC/USDT
⏱️ Time: 20... Boom

🛑 Stop Loss: 50.381800

⚠️ Manage your risk",91a6734de7edddb0cb72475cdb1b53ac,2026-07-21T10:51:32+00:00,2026-07-31T01:10:41.076977+00:00,73,t.me/bananaleaks
459399,296649,"SELL Signal (Short)

📊 Asset: DOGE/USDT
⏱️ Time: 2...🚀 Boom

🛑 Stop Loss: 0.077942

⚠️ Manage your risk",f20d0e62278f376ecf32e68b4739b6d8,2026-07-21T10:51:07+00:00,2026-07-31T01:10:40.915727+00:00,73,t.me/bananaleaks
459382,296647,"SELL Signal (Short)

📊 Asset: BNB/USDT
⏱️ Time: 20...Boom

🛑 Stop Loss: 613.538600

⚠️ Manage your risk",e571de4bd4945a0052577c0c440bf8db,2026-07-21T10:51:00+00:00,2026-07-31T01:10:40.532111+00:00,73,t.me/bananaleaks
459383,296645,"SELL Signal (Short)

📊 Asset: XRP/USDT
⏱️ Time: 20...🚀 Boom

🛑 Stop Loss: 1.200026

⚠️ Manage your risk",f8bcf768d05222e90d49bbe87af3233a,2026-07-21T10:50:53+00:00,2026-07-31T01:10:40.531278+00:00,73,t.me/bananaleaks
459434,296642,"SELL Signal (Short)

📊 Asset: ETH/USDT
⏱️ Time: 20...oom

🛑 Stop Loss: 2056.071400

⚠️ Manage your risk",1d2741ced5c1b1741650c127ddc46251,2026-07-21T10:50:40+00:00,2026-07-31T01:10:41.337751+00:00,73,t.me/bananaleaks
459393,296640,"SELL Signal (Short)

📊 Asset: BTC/USDT
⏱️ Time: 20...om

🛑 Stop Loss: 70343.412600

⚠️ Manage your risk",d52f9479cfd1a81cd47efc523f89694d,2026-07-21T10:50:33+00:00,2026-07-31T01:10:40.708542+00:00,73,t.me/bananaleaks
459400,296631,"SELL Signal (Short)

📊 Asset: HYPE/USDT
⏱️ Time: 2... Boom

🛑 Stop Loss: 66.854200

⚠️ Manage your risk",6f04bef12b52aced049586cbe37ebf8b,2026-07-21T08:47:19+00:00,2026-07-31T01:10:40.930196+00:00,73,t.me/bananaleaks
459428,296627,"SELL Signal (Short)

📊 Asset: TRUMP/USDT
⏱️ Time: ...🚀 Boom

🛑 Stop Loss: 1.692820

⚠️ Manage your risk",64413f6eedda88b041d9251f602a97f9,2026-07-21T08:47:06+00:00,2026-07-31T01:10:41.165541+00:00,73,t.me/bananaleaks
459380,296623,"SELL Signal (Short)

📊 Asset: CASHCAT/USDT
⏱️ Time...🚀 Boom

🛑 Stop Loss: 0.086114

⚠️ Manage your risk",d48806ea0ea58ab626a716434770e8b5,2026-07-21T08:46:47+00:00,2026-07-31T01:10:40.059039+00:00,73,t.me/bananaleaks
458345,296617,"SELL Signal (Short)

📊 Asset: ADA/USDT
⏱️ Time: 20...🚀 Boom

🛑 Stop Loss: 0.185712

⚠️ Manage your risk",6c98ee9b2ab8d36c3e1eedf9e61c64cf,2026-07-21T08:45:55+00:00,2026-07-30T23:04:35.019103+00:00,73,t.me/bananaleaks
458347,296615,"SELL Signal (Short)

📊 Asset: XRP/USDT
⏱️ Time: 20...🚀 Boom

🛑 Stop Loss: 1.202464

⚠️ Manage your risk",eae3d7a8dc7187249ea25ff80863c11b,2026-07-21T08:45:36+00:00,2026-07-30T23:04:35.031771+00:00,73,t.me/bananaleaks
458363,296613,"SELL Signal (Short)

📊 Asset: SOL/USDT
⏱️ Time: 20... Boom

🛑 Stop Loss: 83.146400

⚠️ Manage your risk",430bc0cc786e9728f7785dbceb6f7c8d,2026-07-21T08:45:29+00:00,2026-07-30T23:04:35.131401+00:00,73,t.me/bananaleaks
458358,296608,"SELL Signal (Short)

📊 Asset: XMR/USDT
⏱️ Time: 20...Boom

🛑 Stop Loss: 361.926400

⚠️ Manage your risk",bad33100fb37bd22900da5622407148e,2026-07-21T06:16:09+00:00,2026-07-30T23:04:35.093339+00:00,73,t.me/bananaleaks
458309,296603,"BUY Signal (Long)

📊 Asset: FIL/USDT
⏱️ Time: 2026...🚀 Boom

🛑 Stop Loss: 0.695318

⚠️ Manage your risk",30dd41b41ed3e21c892292834176330e,2026-07-21T03:40:15+00:00,2026-07-30T23:04:34.770472+00:00,73,t.me/bananaleaks
458337,296599,"SELL Signal (Short)

📊 Asset: CASHCAT/USDT
⏱️ Time...🚀 Boom

🛑 Stop Loss: 0.083433

⚠️ Manage your risk",7e006f0863178cd573e1e66cd7c6d516,2026-07-21T03:39:54+00:00,2026-07-30T23:04:34.985702+00:00,73,t.me/bananaleaks
458343,296596,"SELL Signal (Short)

📊 Asset: BANK/USDT
⏱️ Time: 2...🚀 Boom

🛑 Stop Loss: 0.287165

⚠️ Manage your risk",54c1ac590baaf74be859dc00fad844b6,2026-07-21T03:39:41+00:00,2026-07-30T23:04:35.016388+00:00,73,t.me/bananaleaks
458312,296592,"SELL Signal (Short)

📊 Asset: AKE/USDT
⏱️ Time: 20...🚀 Boom

🛑 Stop Loss: 0.001791

⚠️ Manage your risk",775d540c2a7947ae949e43e7d6a2589d,2026-07-21T00:10:05+00:00,2026-07-30T23:04:34.774911+00:00,73,t.me/bananaleaks
458354,296586,"SELL Signal (Short)

📊 Asset: AKE/USDT
⏱️ Time: 20...🚀 Boom

🛑 Stop Loss: 0.001812

⚠️ Manage your risk",945f0d3bd51b8c1d3f7decccac88026d,2026-07-20T23:13:56+00:00,2026-07-30T23:04:35.083133+00:00,73,t.me/bananaleaks
458326,296583,"SELL Signal (Short)

📊 Asset: HYPE/USDT
⏱️ Time: 2... Boom

🛑 Stop Loss: 65.995600

⚠️ Manage your risk",e2476b117909375c123879bd982b0121,2026-07-20T23:13:49+00:00,2026-07-30T23:04:34.839273+00:00,73,t.me/bananaleaks
458352,296581,"SELL Signal (Short)

📊 Asset: TRX/USDT
⏱️ Time: 20...🚀 Boom

🛑 Stop Loss: 0.346408

⚠️ Manage your risk",2f0dcd391c1c48c0d96199515f3b7163,2026-07-20T23:13:05+00:00,2026-07-30T23:04:35.055143+00:00,73,t.me/bananaleaks
458351,296578,"SELL Signal (Short)

📊 Asset: ADA/USDT
⏱️ Time: 20...🚀 Boom

🛑 Stop Loss: 0.179246

⚠️ Manage your risk",e16c54bdc5444ade0a3bd40c153fe51f,2026-07-20T23:12:58+00:00,2026-07-30T23:04:35.047154+00:00,73,t.me/bananaleaks
458290,296568,"SELL Signal (Short)

📊 Asset: GRAM/USDT
⏱️ Time: 2...🚀 Boom

🛑 Stop Loss: 1.517920

⚠️ Manage your risk",c8de76f8bb9c67bf195fe5db5b03a1c7,2026-07-20T22:10:29+00:00,2026-07-30T23:04:34.638839+00:00,73,t.me/bananaleaks
458292,296566,"BUY Signal (Long)

📊 Asset: FIL/USDT
⏱️ Time: 2026...🚀 Boom

🛑 Stop Loss: 0.691182

⚠️ Manage your risk",5ba6863865e748cebb6d852d6a06d3c1,2026-07-20T22:10:22+00:00,2026-07-30T23:04:34.640003+00:00,73,t.me/bananaleaks
458284,296564,"SELL Signal (Short)

📊 Asset: TRX/USDT
⏱️ Time: 20...🚀 Boom

🛑 Stop Loss: 0.346196

⚠️ Manage your risk",c94bf54d39ed6b96d5288e164d449cbf,2026-07-20T22:09:26+00:00,2026-07-30T23:04:34.053635+00:00,73,t.me/bananaleaks
458288,296561,"SELL Signal (Short)

📊 Asset: XRP/USDT
⏱️ Time: 20...🚀 Boom

🛑 Stop Loss: 1.182006

⚠️ Manage your risk",a3561538e716a0091e1bd4ffca67cb60,2026-07-20T22:08:47+00:00,2026-07-30T23:04:34.524737+00:00,73,t.me/bananaleaks
458320,296554,"SELL Signal (Short)

📊 Asset: INJ/USDT
⏱️ Time: 20...🚀 Boom

🛑 Stop Loss: 5.711280

⚠️ Manage your risk",90e1e2e792680e44ef5ae5e84f8c5a6a,2026-07-20T21:04:39+00:00,2026-07-30T23:04:34.813116+00:00,73,t.me/bananaleaks
458291,296549,"SELL Signal (Short)

📊 Asset: TRUMP/USDT
⏱️ Time: ...🚀 Boom

🛑 Stop Loss: 1.693880

⚠️ Manage your risk",65f66bd9714d44bb0125d30e05f28566,2026-07-20T21:03:56+00:00,2026-07-30T23:04:34.644153+00:00,73,t.me/bananaleaks
458303,296547,"SELL Signal (Short)

📊 Asset: TRX/USDT
⏱️ Time: 20...🚀 Boom

🛑 Stop Loss: 0.346408

⚠️ Manage your risk",1d5b3a61bbac3ec1cb6024c58c57f044,2026-07-20T21:03:36+00:00,2026-07-30T23:04:34.756653+00:00,73,t.me/bananaleaks
458359,296544,"SELL Signal (Short)

📊 Asset: XRP/USDT
⏱️ Time: 20...🚀 Boom

🛑 Stop Loss: 1.181476

⚠️ Manage your risk",c4a963d042424b1c9500cb020e04497d,2026-07-20T21:03:04+00:00,2026-07-30T23:04:35.098619+00:00,73,t.me/bananaleaks
458285,296542,"SELL Signal (Short)

📊 Asset: SOL/USDT
⏱️ Time: 20... Boom

🛑 Stop Loss: 82.563400

⚠️ Manage your risk",8170fda7f8a02bf3a2e146a496eba10f,2026-07-20T21:02:57+00:00,2026-07-30T23:04:34.064359+00:00,73,t.me/bananaleaks
458294,296540,"SELL Signal (Short)

📊 Asset: ETH/USDT
⏱️ Time: 20...oom

🛑 Stop Loss: 2019.151600

⚠️ Manage your risk",0e9974e6a0b65581e04fe2300699e0cc,2026-07-20T21:02:51+00:00,2026-07-30T23:04:34.664672+00:00,73,t.me/bananaleaks
458323,296532,"SELL Signal (Short)

📊 Asset: FIL/USDT
⏱️ Time: 20...🚀 Boom

🛑 Stop Loss: 0.775496

⚠️ Manage your risk",e12ad0b9f27b0db98c85a0806fd7bf5c,2026-07-20T19:58:27+00:00,2026-07-30T23:04:34.828954+00:00,73,t.me/bananaleaks
458331,296530,"SELL Signal (Short)

📊 Asset: HYPE/USDT
⏱️ Time: 2... Boom

🛑 Stop Loss: 65.836600

⚠️ Manage your risk",d47ee1a9f0c0bd7d639cc3b811cb1dbf,2026-07-20T19:58:14+00:00,2026-07-30T23:04:34.858324+00:00,73,t.me/bananaleaks
458315,296528,"SELL Signal (Short)

📊 Asset: XMR/USDT
⏱️ Time: 20...Boom

🛑 Stop Loss: 355.789000

⚠️ Manage your risk",594e65f6c7d5bc72f4ac58400775b899,2026-07-20T19:58:01+00:00,2026-07-30T23:04:34.792537+00:00,73,t.me/bananaleaks
458364,296525,"SELL Signal (Short)

📊 Asset: TRUMP/USDT
⏱️ Time: ...🚀 Boom

🛑 Stop Loss: 1.700240

⚠️ Manage your risk",e9daf72a39bf134f74a780c633d8240f,2026-07-20T19:57:49+00:00,2026-07-30T23:04:35.133612+00:00,73,t.me/bananaleaks
458350,296523,"SELL Signal (Short)

📊 Asset: ADA/USDT
⏱️ Time: 20...🚀 Boom

🛑 Stop Loss: 0.178610

⚠️ Manage your risk",ab1c680b1489a8d9b5c8f8d0df6d823b,2026-07-20T19:57:42+00:00,2026-07-30T23:04:35.046124+00:00,73,t.me/bananaleaks
458340,296520,"SELL Signal (Short)

📊 Asset: ZEC/USDT
⏱️ Time: 20...Boom

🛑 Stop Loss: 580.191000

⚠️ Manage your risk",6eee194431b4d62e689961dc99ca4ea0,2026-07-20T19:57:34+00:00,2026-07-30T23:04:35.011575+00:00,73,t.me/bananaleaks
458321,296518,"SELL Signal (Short)

📊 Asset: LTC/USDT
⏱️ Time: 20... Boom

🛑 Stop Loss: 49.989600

⚠️ Manage your risk",0e661d0e68fd435d9499b61e9ec10873,2026-07-20T19:57:15+00:00,2026-07-30T23:04:34.829751+00:00,73,t.me/bananaleaks
458286,296515,"SELL Signal (Short)

📊 Asset: BNB/USDT
⏱️ Time: 20...Boom

🛑 Stop Loss: 605.991400

⚠️ Manage your risk",f6caf7de6209de0069fd63a16f14d4af,2026-07-20T19:57:02+00:00,2026-07-30T23:04:34.478818+00:00,73,t.me/bananaleaks
458298,296511,"SELL Signal (Short)

📊 Asset: XRP/USDT
⏱️ Time: 20...🚀 Boom

🛑 Stop Loss: 1.184550

⚠️ Manage your risk",bccd66bd7dc028afc591b4e44dd28400,2026-07-20T19:56:55+00:00,2026-07-30T23:04:34.699973+00:00,73,t.me/bananaleaks
458355,296508,"SELL Signal (Short)

📊 Asset: SOL/USDT
⏱️ Time: 20... Boom

🛑 Stop Loss: 82.192400

⚠️ Manage your risk",78b23a10b2deaddbcc41e960699fe26b,2026-07-20T19:56:48+00:00,2026-07-30T23:04:35.085970+00:00,73,t.me/bananaleaks
458365,296505,"SELL Signal (Short)

📊 Asset: ETH/USDT
⏱️ Time: 20...oom

🛑 Stop Loss: 2011.222800

⚠️ Manage your risk",b021ac66ac2329f0e90153aebdc6f49e,2026-07-20T19:56:41+00:00,2026-07-30T23:04:35.141443+00:00,73,t.me/bananaleaks
458344,296503,"SELL Signal (Short)

📊 Asset: BTC/USDT
⏱️ Time: 20...om

🛑 Stop Loss: 69018.836600

⚠️ Manage your risk",90819a1b3832527a90eedc24baab1d7d,2026-07-20T19:56:34+00:00,2026-07-30T23:04:35.017077+00:00,73,t.me/bananaleaks
458281,296497,"SELL Signal (Short)

📊 Asset: FIL/USDT
⏱️ Time: 20...🚀 Boom

🛑 Stop Loss: 0.776450

⚠️ Manage your risk",d4e96cf013b330df09087297eec3b936,2026-07-20T18:16:47+00:00,2026-07-30T23:04:33.195935+00:00,73,t.me/bananaleaks
458277,296494,"SELL Signal (Short)

📊 Asset: CASHCAT/USDT
⏱️ Time...🚀 Boom

🛑 Stop Loss: 0.085298

⚠️ Manage your risk",ba9c2100b743a0dbb0bdd6578a32958b,2026-07-20T18:16:27+00:00,2026-07-30T23:04:33.057596+00:00,73,t.me/bananaleaks
458270,296486,"SELL Signal (Short)

📊 Asset: AKE/USDT
⏱️ Time: 20...🚀 Boom

🛑 Stop Loss: 0.001759

⚠️ Manage your risk",343445887740547c677ae8f1669f4195,2026-07-20T16:09:32+00:00,2026-07-30T23:04:31.876060+00:00,73,t.me/bananaleaks
458271,296483,"BUY Signal (Long)

📊 Asset: TRUMP/USDT
⏱️ Time: 20...🚀 Boom

🛑 Stop Loss: 1.499300

⚠️ Manage your risk",e205902592fb319f128faebef535a773,2026-07-20T16:09:13+00:00,2026-07-30T23:04:32.317945+00:00,73,t.me/bananaleaks
458202,296477,"SELL Signal (Short)

📊 Asset: DOT/USDT
⏱️ Time: 20...🚀 Boom

🛑 Stop Loss: 0.861356

⚠️ Manage your risk",0080c0160503d5434b57b9383e919dfc,2026-07-20T14:29:21+00:00,2026-07-30T23:04:19.909727+00:00,73,t.me/bananaleaks
458247,296475,"SELL Signal (Short)

📊 Asset: BONK/USDT
⏱️ Time: 2...🚀 Boom

🛑 Stop Loss: 0.000003

⚠️ Manage your risk",23663c9d2e56d0b8c0b84b225885d477,2026-07-20T14:29:18+00:00,2026-07-30T23:04:20.112653+00:00,73,t.me/bananaleaks
458224,296473,"SELL Signal (Short)

📊 Asset: FIL/USDT
⏱️ Time: 20...🚀 Boom

🛑 Stop Loss: 0.758748

⚠️ Manage your risk",20f59df1381b4be326c95475b68ad369,2026-07-20T14:29:17+00:00,2026-07-30T23:04:20.064440+00:00,73,t.me/bananaleaks
458236,296470,"SELL Signal (Short)

📊 Asset: HYPE/USDT
⏱️ Time: 2... Boom

🛑 Stop Loss: 64.183000

⚠️ Manage your risk",69cc781b6f363a318246e7d6afe0fb4b,2026-07-20T14:29:00+00:00,2026-07-30T23:04:20.094931+00:00,73,t.me/bananaleaks
458254,296467,"SELL Signal (Short)

📊 Asset: XMR/USDT
⏱️ Time: 20...Boom

🛑 Stop Loss: 353.404000

⚠️ Manage your risk",dfdeb82c197315c938669e606b8e9dd4,2026-07-20T14:28:47+00:00,2026-07-30T23:04:20.131957+00:00,73,t.me/bananaleaks
458190,296464,"SELL Signal (Short)

📊 Asset: TRUMP/USDT
⏱️ Time: ...🚀 Boom

🛑 Stop Loss: 1.662080

⚠️ Manage your risk",97d3b5c2d2d7d995b5a01f31dd393f5c,2026-07-20T14:28:40+00:00,2026-07-30T23:04:19.869540+00:00,73,t.me/bananaleaks
458260,296460,"SELL Signal (Short)

📊 Asset: ADA/USDT
⏱️ Time: 20...🚀 Boom

🛑 Stop Loss: 0.172144

⚠️ Manage your risk",84e60a961a96b453168463779b373542,2026-07-20T14:28:27+00:00,2026-07-30T23:04:20.159316+00:00,73,t.me/bananaleaks
458242,296458,"SELL Signal (Short)

📊 Asset: BANK/USDT
⏱️ Time: 2...🚀 Boom

🛑 Stop Loss: 0.300362

⚠️ Manage your risk",3d3b20e7da3fbbe11340964ecc8b9368,2026-07-20T14:28:20+00:00,2026-07-30T23:04:20.096150+00:00,73,t.me/bananaleaks
458241,296455,"SELL Signal (Short)

📊 Asset: ZEC/USDT
⏱️ Time: 20...Boom

🛑 Stop Loss: 559.817800

⚠️ Manage your risk",47da400360e8d3c1c7d44102fa657f85,2026-07-20T14:28:07+00:00,2026-07-30T23:04:20.104779+00:00,73,t.me/bananaleaks
458258,296451,"SELL Signal (Short)

📊 Asset: DOGE/USDT
⏱️ Time: 2...🚀 Boom

🛑 Stop Loss: 0.076415

⚠️ Manage your risk",a87540327b3d0de1230a236e2e335e46,2026-07-20T14:27:54+00:00,2026-07-30T23:04:20.147402+00:00,73,t.me/bananaleaks
458237,296449,"SELL Signal (Short)

📊 Asset: LTC/USDT
⏱️ Time: 20... Boom

🛑 Stop Loss: 49.512600

⚠️ Manage your risk",9b1446bc7bd29657ac59f1148ef1af66,2026-07-20T14:27:48+00:00,2026-07-30T23:04:20.099750+00:00,73,t.me/bananaleaks
458220,296445,"SELL Signal (Short)

📊 Asset: BNB/USDT
⏱️ Time: 20...Boom

🛑 Stop Loss: 600.341600

⚠️ Manage your risk",68424dce59f60c97ac124a1f158e783e,2026-07-20T14:27:41+00:00,2026-07-30T23:04:19.965229+00:00,73,t.me/bananaleaks
458213,296442,"SELL Signal (Short)

📊 Asset: XRP/USDT
⏱️ Time: 20...🚀 Boom

🛑 Stop Loss: 1.155612

⚠️ Manage your risk",aebfae47d20286ba0a4e97802bf9e35e,2026-07-20T14:27:34+00:00,2026-07-30T23:04:19.945660+00:00,73,t.me/bananaleaks
458231,296439,"SELL Signal (Short)

📊 Asset: SOL/USDT
⏱️ Time: 20... Boom

🛑 Stop Loss: 80.676600

⚠️ Manage your risk",ca28fad44cd1abf398b6dd1a475401be,2026-07-20T14:27:27+00:00,2026-07-30T23:04:20.086898+00:00,73,t.me/bananaleaks
458225,296436,"SELL Signal (Short)

📊 Asset: ETH/USDT
⏱️ Time: 20...oom

🛑 Stop Loss: 1973.211200

⚠️ Manage your risk",f607e4591fc766c7237724bc5a2a14e0,2026-07-20T14:27:20+00:00,2026-07-30T23:04:20.069170+00:00,73,t.me/bananaleaks
458230,296434,"SELL Signal (Short)

📊 Asset: BTC/USDT
⏱️ Time: 20...om

🛑 Stop Loss: 68181.012600

⚠️ Manage your risk",3abd9c4af24b2b83e78b7c3a1f254212,2026-07-20T14:27:13+00:00,2026-07-30T23:04:20.080896+00:00,73,t.me/bananaleaks
458262,296429,"BUY Signal (Long)

📊 Asset: TRUMP/USDT
⏱️ Time: 20...🚀 Boom

🛑 Stop Loss: 1.483320

⚠️ Manage your risk",0c990ba7dc99818b7e014bda11345a36,2026-07-20T12:05:02+00:00,2026-07-30T23:04:20.172213+00:00,73,t.me/bananaleaks
458234,296418,"SELL Signal (Short)

📊 Asset: AKE/USDT
⏱️ Time: 20...🚀 Boom

🛑 Stop Loss: 0.001795

⚠️ Manage your risk",678f1b2ff0f628452456d263eb9aa43e,2026-07-20T09:45:32+00:00,2026-07-30T23:04:20.092675+00:00,73,t.me/bananaleaks
458199,296379,"SELL Signal (Short)

📊 Asset: FIL/USDT
⏱️ Time: 20...🚀 Boom

🛑 Stop Loss: 0.764366

⚠️ Manage your risk",d2ef8ed1e1e3a7d14e17e069096f9df6,2026-07-20T03:56:08+00:00,2026-07-30T23:04:19.912221+00:00,73,t.me/bananaleaks
458216,296377,"SELL Signal (Short)

📊 Asset: SOL/USDT
⏱️ Time: 20... Boom

🛑 Stop Loss: 81.439800

⚠️ Manage your risk",5c9b088502532b243db2ba5c34456cf0,2026-07-20T03:54:27+00:00,2026-07-30T23:04:19.948720+00:00,73,t.me/bananaleaks
458182,296364,"SELL Signal (Short)

📊 Asset: XMR/USDT
⏱️ Time: 20...Boom

🛑 Stop Loss: 356.499200

⚠️ Manage your risk",f350cf8319e71144b1c613d28dfdf435,2026-07-20T00:05:24+00:00,2026-07-30T23:04:19.641133+00:00,73,t.me/bananaleaks
458170,296361,"SELL Signal (Short)

📊 Asset: ADA/USDT
⏱️ Time: 20...🚀 Boom

🛑 Stop Loss: 0.176278

⚠️ Manage your risk",e5ae25211c4415f6c119a45ca7a7b75b,2026-07-20T00:05:11+00:00,2026-07-30T23:04:19.140842+00:00,73,t.me/bananaleaks
458174,296359,"SELL Signal (Short)

📊 Asset: HYPE/USDT
⏱️ Time: 2... Boom

🛑 Stop Loss: 64.776600

⚠️ Manage your risk",4a71dcfefdf100ff604d89cc692368d9,2026-07-20T00:05:03+00:00,2026-07-30T23:04:19.204581+00:00,73,t.me/bananaleaks
458167,296356,"SELL Signal (Short)

📊 Asset: BANK/USDT
⏱️ Time: 2...🚀 Boom

🛑 Stop Loss: 0.240090

⚠️ Manage your risk",07602e65c7aecccd410d0dd4fe3fb621,2026-07-20T00:04:36+00:00,2026-07-30T23:04:18.424423+00:00,73,t.me/bananaleaks
456926,296354,"SELL Signal (Short)

📊 Asset: DOGE/USDT
⏱️ Time: 2...🚀 Boom

🛑 Stop Loss: 0.076765

⚠️ Manage your risk",d61249b3ae8e0f6699b57551f38d4942,2026-07-20T00:04:23+00:00,2026-07-30T21:05:54.218926+00:00,73,t.me/bananaleaks
456898,296352,"SELL Signal (Short)

📊 Asset: XRP/USDT
⏱️ Time: 20...🚀 Boom

🛑 Stop Loss: 1.163456

⚠️ Manage your risk",eb5e36f5383996c20ceecd298017d036,2026-07-20T00:03:57+00:00,2026-07-30T21:05:54.017299+00:00,73,t.me/bananaleaks
456905,296344,"SELL Signal (Short)

📊 Asset: BANK/USDT
⏱️ Time: 2...🚀 Boom

🛑 Stop Loss: 0.229978

⚠️ Manage your risk",d198a622e97a73b589c9d617ef8965e3,2026-07-19T23:03:12+00:00,2026-07-30T21:05:54.097901+00:00,73,t.me/bananaleaks
456934,296342,"SELL Signal (Short)

📊 Asset: LTC/USDT
⏱️ Time: 20... Boom

🛑 Stop Loss: 50.265200

⚠️ Manage your risk",42febe05db7d8ae8eff8ae3a2a2c6049,2026-07-19T23:02:47+00:00,2026-07-30T21:05:54.265995+00:00,73,t.me/bananaleaks
456955,296331,"SELL Signal (Short)

📊 Asset: ETHFI/USDT
⏱️ Time: ...🚀 Boom

🛑 Stop Loss: 0.473714

⚠️ Manage your risk",a0a012f0a5983d17e128e9e81208c8fa,2026-07-19T22:06:40+00:00,2026-07-30T21:05:54.413798+00:00,73,t.me/bananaleaks
456918,296327,"SELL Signal (Short)

📊 Asset: ADA/USDT
⏱️ Time: 20...🚀 Boom

🛑 Stop Loss: 0.175006

⚠️ Manage your risk",07db2994cb9de947d9ba7fce7ef38fb8,2026-07-19T22:06:14+00:00,2026-07-30T21:05:54.176790+00:00,73,t.me/bananaleaks
456945,296325,"SELL Signal (Short)

📊 Asset: HYPE/USDT
⏱️ Time: 2... Boom

🛑 Stop Loss: 64.585800

⚠️ Manage your risk",301b8ef2d57dbfdd9c164ee5716ddd3a,2026-07-19T22:06:06+00:00,2026-07-30T21:05:54.314171+00:00,73,t.me/bananaleaks
456931,296322,"SELL Signal (Short)

📊 Asset: BANK/USDT
⏱️ Time: 2...🚀 Boom

🛑 Stop Loss: 0.246058

⚠️ Manage your risk",c93fc90a9f09c5e01f1bd01aaa2ccc2d,2026-07-19T22:05:41+00:00,2026-07-30T21:05:54.254731+00:00,73,t.me/bananaleaks
456917,296318,"SELL Signal (Short)

📊 Asset: DOGE/USDT
⏱️ Time: 2...🚀 Boom

🛑 Stop Loss: 0.076341

⚠️ Manage your risk",6aaa3faabfd59e5151524f17b1a28900,2026-07-19T22:05:27+00:00,2026-07-30T21:05:54.171371+00:00,73,t.me/bananaleaks
456948,296315,"SELL Signal (Short)

📊 Asset: LTC/USDT
⏱️ Time: 20... Boom

🛑 Stop Loss: 50.519600

⚠️ Manage your risk",bf97ffe65ff4924c040059e79de98379,2026-07-19T22:05:14+00:00,2026-07-30T21:05:54.326275+00:00,73,t.me/bananaleaks
456950,296312,"SELL Signal (Short)

📊 Asset: XRP/USDT
⏱️ Time: 20...🚀 Boom

🛑 Stop Loss: 1.158792

⚠️ Manage your risk",492d8c04a58ced7490238df79e33f165,2026-07-19T22:05:00+00:00,2026-07-30T21:05:54.340358+00:00,73,t.me/bananaleaks
456939,296309,"SELL Signal (Short)

📊 Asset: SOL/USDT
⏱️ Time: 20... Boom

🛑 Stop Loss: 80.326800

⚠️ Manage your risk",33f6e85897f3e793abba3e756b8aa28c,2026-07-19T22:04:54+00:00,2026-07-30T21:05:54.284553+00:00,73,t.me/bananaleaks
456900,296301,"SELL Signal (Short)

📊 Asset: ETHFI/USDT
⏱️ Time: ...🚀 Boom

🛑 Stop Loss: 0.478166

⚠️ Manage your risk",ea4919247a7baba8d69ae128454f4a35,2026-07-19T21:08:50+00:00,2026-07-30T21:05:54.038604+00:00,73,t.me/bananaleaks
456879,296294,"SELL Signal (Short)

📊 Asset: CASHCAT/USDT
⏱️ Time...🚀 Boom

🛑 Stop Loss: 0.077475

⚠️ Manage your risk",3bd306a6e6421902a8364656b2ec6b78,2026-07-19T20:14:34+00:00,2026-07-30T21:05:53.729196+00:00,73,t.me/bananaleaks
456953,296287,"SELL Signal (Short)

📊 Asset: CASHCAT/USDT
⏱️ Time...🚀 Boom

🛑 Stop Loss: 0.080655

⚠️ Manage your risk",5022fb254444b336d987b8175c393ace,2026-07-19T19:22:57+00:00,2026-07-30T21:05:54.372894+00:00,73,t.me/bananaleaks
456878,296284,"BUY Signal (Long)

📊 Asset: LTC/USDT
⏱️ Time: 2026... Boom

🛑 Stop Loss: 44.603000

⚠️ Manage your risk",7050ae5d7e22a3b891aeaf2619d6912e,2026-07-19T19:22:20+00:00,2026-07-30T21:05:53.717585+00:00,73,t.me/bananaleaks
456922,296280,"SELL Signal (Short)

📊 Asset: ADA/USDT
⏱️ Time: 20...🚀 Boom

🛑 Stop Loss: 0.175112

⚠️ Manage your risk",bbcd0cd49e10fd901407744c1440d6c4,2026-07-19T18:09:02+00:00,2026-07-30T21:05:54.227506+00:00,73,t.me/bananaleaks
456891,296273,"SELL Signal (Short)

📊 Asset: BNB/USDT
⏱️ Time: 20...Boom

🛑 Stop Loss: 602.493400

⚠️ Manage your risk",833d0eeadc830dedc768fe317680f668,2026-07-19T18:07:54+00:00,2026-07-30T21:05:53.937736+00:00,73,t.me/bananaleaks
456897,296271,"SELL Signal (Short)

📊 Asset: XRP/USDT
⏱️ Time: 20...🚀 Boom

🛑 Stop Loss: 1.160170

⚠️ Manage your risk",2aab43b75dd68c11f50d6c0563fd9662,2026-07-19T18:07:47+00:00,2026-07-30T21:05:54.013901+00:00,73,t.me/bananaleaks
456902,296269,"SELL Signal (Short)

📊 Asset: BTC/USDT
⏱️ Time: 20...om

🛑 Stop Loss: 68423.678400

⚠️ Manage your risk",9946ed434c970a9378674674dbf786a4,2026-07-19T18:07:27+00:00,2026-07-30T21:05:54.081941+00:00,73,t.me/bananaleaks
456872,296265,"SELL Signal (Short)

📊 Asset: ADA/USDT
⏱️ Time: 20...🚀 Boom

🛑 Stop Loss: 0.175112

⚠️ Manage your risk",c0e28d699a1d3bce94c4e589379af8db,2026-07-19T17:13:57+00:00,2026-07-30T21:05:53.589254+00:00,73,t.me/bananaleaks
456933,296262,"SELL Signal (Short)

📊 Asset: AKE/USDT
⏱️ Time: 20...🚀 Boom

🛑 Stop Loss: 0.001938

⚠️ Manage your risk",8337f7b1573cd610f41d6721c6ee1a39,2026-07-19T17:13:31+00:00,2026-07-30T21:05:54.263983+00:00,73,t.me/bananaleaks
456923,296259,"SELL Signal (Short)

📊 Asset: LTC/USDT
⏱️ Time: 20... Boom

🛑 Stop Loss: 50.010800

⚠️ Manage your risk",a669168552afdd827eabac5b2ff11e09,2026-07-19T17:12:58+00:00,2026-07-30T21:05:54.226271+00:00,73,t.me/bananaleaks
456883,296256,"SELL Signal (Short)

📊 Asset: BNB/USDT
⏱️ Time: 20...Boom

🛑 Stop Loss: 602.355600

⚠️ Manage your risk",e4dbfa42f91f064e4af363b453d82cb7,2026-07-19T17:12:46+00:00,2026-07-30T21:05:53.776712+00:00,73,t.me/bananaleaks
456875,296252,"SELL Signal (Short)

📊 Asset: SOL/USDT
⏱️ Time: 20... Boom

🛑 Stop Loss: 80.475200

⚠️ Manage your risk",ecfaabe61c46c0b9009daf231c9a75bb,2026-07-19T17:12:33+00:00,2026-07-30T21:05:53.611389+00:00,73,t.me/bananaleaks
456884,296250,"SELL Signal (Short)

📊 Asset: ETH/USDT
⏱️ Time: 20...oom

🛑 Stop Loss: 1978.733800

⚠️ Manage your risk",e2108de8d308d6e5b025bcb905226ad5,2026-07-19T17:12:26+00:00,2026-07-30T21:05:53.795460+00:00,73,t.me/bananaleaks
456807,296228,"SELL Signal (Short)

📊 Asset: BANK/USDT
⏱️ Time: 2...🚀 Boom

🛑 Stop Loss: 0.169452

⚠️ Manage your risk",25be46581ecbd65751c2b0bc2bc5594a,2026-07-19T16:10:06+00:00,2026-07-30T21:05:37.324747+00:00,73,t.me/bananaleaks
456805,296225,"SELL Signal (Short)

📊 Asset: AKE/USDT
⏱️ Time: 20...🚀 Boom

🛑 Stop Loss: 0.002003

⚠️ Manage your risk",f6a7f85e6f820e64d09a6259aa51f1b6,2026-07-19T16:09:33+00:00,2026-07-30T21:05:37.304546+00:00,73,t.me/bananaleaks
456832,296223,"SELL Signal (Short)

📊 Asset: LTC/USDT
⏱️ Time: 20... Boom

🛑 Stop Loss: 50.021400

⚠️ Manage your risk",3bdd4e503cdcd27be51ec7b1c8d84fdc,2026-07-19T16:08:48+00:00,2026-07-30T21:05:37.563601+00:00,73,t.me/bananaleaks
456831,296221,"SELL Signal (Short)

📊 Asset: ETH/USDT
⏱️ Time: 20...oom

🛑 Stop Loss: 1983.196400

⚠️ Manage your risk",72c5c83ba2de6f24573d4975e804a9bd,2026-07-19T16:08:23+00:00,2026-07-30T21:05:37.571210+00:00,73,t.me/bananaleaks
456845,296214,"SELL Signal (Short)

📊 Asset: CASHCAT/USDT
⏱️ Time...🚀 Boom

🛑 Stop Loss: 0.070681

⚠️ Manage your risk",8c87f269d33dcf5621bd1cf9dd6efc81,2026-07-19T15:12:56+00:00,2026-07-30T21:05:37.738826+00:00,73,t.me/bananaleaks
456838,296211,"BUY Signal (Long)

📊 Asset: ADA/USDT
⏱️ Time: 2026...🚀 Boom

🛑 Stop Loss: 0.156698

⚠️ Manage your risk",38bd7a9072da7bd1230860733a3c83fb,2026-07-19T15:12:30+00:00,2026-07-30T21:05:37.700479+00:00,73,t.me/bananaleaks
456772,296209,"SELL Signal (Short)

📊 Asset: TRX/USDT
⏱️ Time: 20...🚀 Boom

🛑 Stop Loss: 0.346832

⚠️ Manage your risk",dfc80af2fe9ea888d05449f49258b0c3,2026-07-19T15:11:39+00:00,2026-07-30T21:05:36.089701+00:00,73,t.me/bananaleaks
456775,296204,"SELL Signal (Short)

📊 Asset: BANK/USDT
⏱️ Time: 2...🚀 Boom

🛑 Stop Loss: 0.201559

⚠️ Manage your risk",06118415dd6b134bad662ceec026218e,2026-07-19T14:10:46+00:00,2026-07-30T21:05:36.342170+00:00,73,t.me/bananaleaks
456809,296201,"SELL Signal (Short)

📊 Asset: TRUMP/USDT
⏱️ Time: ...🚀 Boom

🛑 Stop Loss: 1.734160

⚠️ Manage your risk",0bd196028c2db7fde2991d6d0bc12f94,2026-07-19T14:09:56+00:00,2026-07-30T21:05:37.363057+00:00,73,t.me/bananaleaks
456820,296199,"SELL Signal (Short)

📊 Asset: TRX/USDT
⏱️ Time: 20...🚀 Boom

🛑 Stop Loss: 0.346938

⚠️ Manage your risk",3bd1b917d5775285a1d3ef52d0d8b699,2026-07-19T14:09:37+00:00,2026-07-30T21:05:37.536998+00:00,73,t.me/bananaleaks
456800,296194,"SELL Signal (Short)

📊 Asset: HYPE/USDT
⏱️ Time: 2... Boom

🛑 Stop Loss: 64.448000

⚠️ Manage your risk",17e7a542d27afddac7de97753e1b73e1,2026-07-19T12:40:04+00:00,2026-07-30T21:05:37.118604+00:00,73,t.me/bananaleaks
456828,296191,"SELL Signal (Short)

📊 Asset: ETHFI/USDT
⏱️ Time: ...🚀 Boom

🛑 Stop Loss: 0.472018

⚠️ Manage your risk",ded267c331a49ca72204cef503f0da0c,2026-07-19T12:39:44+00:00,2026-07-30T21:05:37.562432+00:00,73,t.me/bananaleaks
456785,296188,"SELL Signal (Short)

📊 Asset: ETH/USDT
⏱️ Time: 20...oom

🛑 Stop Loss: 1980.928000

⚠️ Manage your risk",e660b8522c64f97694e612636171e59d,2026-07-19T12:38:32+00:00,2026-07-30T21:05:36.795488+00:00,73,t.me/bananaleaks
456850,296177,"SELL Signal (Short)

📊 Asset: HYPE/USDT
⏱️ Time: 2... Boom

🛑 Stop Loss: 64.829600

⚠️ Manage your risk",d07a25b6763fae0ce5e3bedc8b101d3e,2026-07-19T11:48:34+00:00,2026-07-30T21:05:37.777120+00:00,73,t.me/bananaleaks
456792,296174,"BUY Signal (Long)

📊 Asset: TRUMP/USDT
⏱️ Time: 20...🚀 Boom

🛑 Stop Loss: 1.548180

⚠️ Manage your risk",b00eeddc1a400fc4824a5095f5dd64a5,2026-07-19T11:47:49+00:00,2026-07-30T21:05:36.927923+00:00,73,t.me/bananaleaks
456847,296171,"BUY Signal (Long)

📊 Asset: ETH/USDT
⏱️ Time: 2026...oom

🛑 Stop Loss: 1763.054600

⚠️ Manage your risk",a370e8c290edbf1f1c50291972fff2fb,2026-07-19T11:47:06+00:00,2026-07-30T21:05:37.765044+00:00,73,t.me/bananaleaks
456781,296166,"SELL Signal (Short)

📊 Asset: HYPE/USDT
⏱️ Time: 2... Boom

🛑 Stop Loss: 64.776600

⚠️ Manage your risk",f4f8fbec12acac26ef5a6ee97523e8ab,2026-07-19T10:56:32+00:00,2026-07-30T21:05:36.774905+00:00,73,t.me/bananaleaks
456802,296163,"SELL Signal (Short)

📊 Asset: DOGE/USDT
⏱️ Time: 2...🚀 Boom

🛑 Stop Loss: 0.076914

⚠️ Manage your risk",ad1384b5fc7bb5534c656cc0199310c5,2026-07-19T10:56:12+00:00,2026-07-30T21:05:37.290356+00:00,73,t.me/bananaleaks
456835,296160,"SELL Signal (Short)

📊 Asset: SOL/USDT
⏱️ Time: 20... Boom

🛑 Stop Loss: 80.772000

⚠️ Manage your risk",f79c70da0d4bb4b4ea3f1278f7c29820,2026-07-19T10:55:09+00:00,2026-07-30T21:05:37.587512+00:00,73,t.me/bananaleaks
456843,296154,"SELL Signal (Short)

📊 Asset: BONK/USDT
⏱️ Time: 2...🚀 Boom

🛑 Stop Loss: 0.000003

⚠️ Manage your risk",b1561db55deb6d2ca407085f6fc796c2,2026-07-19T09:33:29+00:00,2026-07-30T21:05:37.722994+00:00,73,t.me/bananaleaks
456801,296152,"SELL Signal (Short)

📊 Asset: XMR/USDT
⏱️ Time: 20...Boom

🛑 Stop Loss: 358.195200

⚠️ Manage your risk",56d1ef6076a7da9b0d3181fb6459a014,2026-07-19T09:33:04+00:00,2026-07-30T21:05:37.122990+00:00,73,t.me/bananaleaks
456841,296148,"SELL Signal (Short)

📊 Asset: AKE/USDT
⏱️ Time: 20...🚀 Boom

🛑 Stop Loss: 0.001941

⚠️ Manage your risk",76f6a0d46aaa411de43ea50efb52f947,2026-07-19T09:32:38+00:00,2026-07-30T21:05:37.715900+00:00,73,t.me/bananaleaks
456810,296146,"SELL Signal (Short)

📊 Asset: ZEC/USDT
⏱️ Time: 20...Boom

🛑 Stop Loss: 592.137200

⚠️ Manage your risk",674f1fd68f5a8afd2b7c82fdbf8b5cd8,2026-07-19T09:32:32+00:00,2026-07-30T21:05:37.365598+00:00,73,t.me/bananaleaks
456812,296144,"SELL Signal (Short)

📊 Asset: LTC/USDT
⏱️ Time: 20... Boom

🛑 Stop Loss: 49.671600

⚠️ Manage your risk",33772d0fd62e5e646eb2b9289f745cfe,2026-07-19T09:32:06+00:00,2026-07-30T21:05:37.384683+00:00,73,t.me/bananaleaks
456829,296140,"SELL Signal (Short)

📊 Asset: BNB/USDT
⏱️ Time: 20...Boom

🛑 Stop Loss: 601.740800

⚠️ Manage your risk",48c1a203531fb1bc5de224c93d3d7479,2026-07-19T09:31:59+00:00,2026-07-30T21:05:37.567255+00:00,73,t.me/bananaleaks
456790,296137,"SELL Signal (Short)

📊 Asset: XRP/USDT
⏱️ Time: 20...🚀 Boom

🛑 Stop Loss: 1.161972

⚠️ Manage your risk",58a0dcb89c6f1f8ae6a7763756bb7e39,2026-07-19T09:31:52+00:00,2026-07-30T21:05:36.822850+00:00,73,t.me/bananaleaks
456788,296135,"SELL Signal (Short)

📊 Asset: SOL/USDT
⏱️ Time: 20... Boom

🛑 Stop Loss: 80.602400

⚠️ Manage your risk",39b96609b0449644fab05de41b4ab949,2026-07-19T09:31:47+00:00,2026-07-30T21:05:36.805257+00:00,73,t.me/bananaleaks
456803,296133,"SELL Signal (Short)

📊 Asset: ETH/USDT
⏱️ Time: 20...oom

🛑 Stop Loss: 1980.928000

⚠️ Manage your risk",c0fd05fabb7a76d12a4daec3e4112585,2026-07-19T09:31:39+00:00,2026-07-30T21:05:37.296048+00:00,73,t.me/bananaleaks
456799,296129,"BUY Signal (Long)

📊 Asset: SOL/USDT
⏱️ Time: 2026... Boom

🛑 Stop Loss: 71.703200

⚠️ Manage your risk",9f8c9a82c0e67b15fd8ebd2789b470d8,2026-07-19T07:47:42+00:00,2026-07-30T21:05:37.101784+00:00,73,t.me/bananaleaks
456814,296125,"SELL Signal (Short)

📊 Asset: HYPE/USDT
⏱️ Time: 2... Boom

🛑 Stop Loss: 64.543400

⚠️ Manage your risk",2d3318ed9ccd36791fee86b0f63b11d1,2026-07-19T05:39:21+00:00,2026-07-30T21:05:37.508285+00:00,73,t.me/bananaleaks
456766,296122,"SELL Signal (Short)

📊 Asset: TRUMP/USDT
⏱️ Time: ...🚀 Boom

🛑 Stop Loss: 1.745820

⚠️ Manage your risk",f59f64e21dd0c7810c7817d2f97626da,2026-07-19T05:38:31+00:00,2026-07-30T21:05:35.578656+00:00,73,t.me/bananaleaks
456780,296120,"SELL Signal (Short)

📊 Asset: SOL/USDT
⏱️ Time: 20... Boom

🛑 Stop Loss: 80.549400

⚠️ Manage your risk",bd33cdec8101c9d291f51574de6e9071,2026-07-19T05:37:59+00:00,2026-07-30T21:05:36.772846+00:00,73,t.me/bananaleaks
456769,296115,"BUY Signal (Long)

📊 Asset: ADA/USDT
⏱️ Time: 2026...🚀 Boom

🛑 Stop Loss: 0.157638

⚠️ Manage your risk",271988f723167776d89a82408707765f,2026-07-19T02:35:50+00:00,2026-07-30T21:05:35.608961+00:00,73,t.me/bananaleaks
456808,296113,"BUY Signal (Long)

📊 Asset: ETHFI/USDT
⏱️ Time: 20...🚀 Boom

🛑 Stop Loss: 0.427136

⚠️ Manage your risk",15ac67b1a26208627eba13139302df58,2026-07-19T02:35:43+00:00,2026-07-30T21:05:37.329724+00:00,73,t.me/bananaleaks
456767,296111,"BUY Signal (Long)

📊 Asset: ETH/USDT
⏱️ Time: 2026...oom

🛑 Stop Loss: 1756.164400

⚠️ Manage your risk",9c6c82685bcb40928c63bd10dd54bb9f,2026-07-19T02:34:39+00:00,2026-07-30T21:05:35.584698+00:00,73,t.me/bananaleaks
456757,296094,"SELL Signal (Short)

📊 Asset: CASHCAT/USDT
⏱️ Time...🚀 Boom

🛑 Stop Loss: 0.066218

⚠️ Manage your risk",8ed9269e4d9bb5cb86533f71bf3a2583,2026-07-19T00:00:50+00:00,2026-07-30T21:05:33.548041+00:00,73,t.me/bananaleaks
456756,296092,"SELL Signal (Short)

📊 Asset: HYPE/USDT
⏱️ Time: 2... Boom

🛑 Stop Loss: 63.907400

⚠️ Manage your risk",f33bd13cb3e86cabe20ad71ed554e658,2026-07-19T00:00:44+00:00,2026-07-30T21:05:33.451576+00:00,73,t.me/bananaleaks
455528,296088,"SELL Signal (Short)

📊 Asset: ADA/USDT
⏱️ Time: 20...🚀 Boom

🛑 Stop Loss: 0.176702

⚠️ Manage your risk",1af92e487bf6eeb4fb430aa39f5fbddc,2026-07-19T00:00:18+00:00,2026-07-30T19:10:15.892132+00:00,73,t.me/bananaleaks
455572,296086,"SELL Signal (Short)

📊 Asset: TRX/USDT
⏱️ Time: 20...🚀 Boom

🛑 Stop Loss: 0.345454

⚠️ Manage your risk",f5f947e8ed6dfbdb9df307c1877de9c4,2026-07-18T23:59:53+00:00,2026-07-30T19:10:16.214958+00:00,73,t.me/bananaleaks
455502,296084,"SELL Signal (Short)

📊 Asset: XRP/USDT
⏱️ Time: 20...🚀 Boom

🛑 Stop Loss: 1.158156

⚠️ Manage your risk",6e9522697792f7c8b5a89bb0b8ae9886,2026-07-18T23:59:40+00:00,2026-07-30T19:10:15.468168+00:00,73,t.me/bananaleaks
455555,296079,"SELL Signal (Short)

📊 Asset: ADA/USDT
⏱️ Time: 20...🚀 Boom

🛑 Stop Loss: 0.177126

⚠️ Manage your risk",07648f7bb9c30048b333e73a3fb4adf3,2026-07-18T23:02:58+00:00,2026-07-30T19:10:16.155917+00:00,73,t.me/bananaleaks
455573,296076,"SELL Signal (Short)

📊 Asset: AKE/USDT
⏱️ Time: 20...🚀 Boom

🛑 Stop Loss: 0.002049

⚠️ Manage your risk",c9331e47e6929cf6481adfa0c5d3bd02,2026-07-18T23:02:51+00:00,2026-07-30T19:10:16.238358+00:00,73,t.me/bananaleaks
455566,296074,"SELL Signal (Short)

📊 Asset: TRX/USDT
⏱️ Time: 20...🚀 Boom

🛑 Stop Loss: 0.345454

⚠️ Manage your risk",47caba934f505203037bbe693383ff47,2026-07-18T23:02:38+00:00,2026-07-30T19:10:16.197101+00:00,73,t.me/bananaleaks
455542,296072,"SELL Signal (Short)

📊 Asset: XRP/USDT
⏱️ Time: 20...🚀 Boom

🛑 Stop Loss: 1.159004

⚠️ Manage your risk",c871d2d29128427bebc6db4c1e2b0f2e,2026-07-18T23:02:32+00:00,2026-07-30T19:10:16.098597+00:00,73,t.me/bananaleaks
455544,296070,"SELL Signal (Short)

📊 Asset: ETH/USDT
⏱️ Time: 20...oom

🛑 Stop Loss: 1975.437200

⚠️ Manage your risk",e86cb928ea4d89d5173a746aea74169f,2026-07-18T23:02:00+00:00,2026-07-30T19:10:16.099360+00:00,73,t.me/bananaleaks
455571,296068,"SELL Signal (Short)

📊 Asset: BTC/USDT
⏱️ Time: 20...om

🛑 Stop Loss: 68696.045400

⚠️ Manage your risk",036aa7a99bedfff812021d9ac0bf9b94,2026-07-18T23:01:54+00:00,2026-07-30T19:10:16.213121+00:00,73,t.me/bananaleaks
455524,296058,"SELL Signal (Short)

📊 Asset: XMR/USDT
⏱️ Time: 20...Boom

🛑 Stop Loss: 353.817400

⚠️ Manage your risk",224405253a068eda2300de87d5466991,2026-07-18T22:07:43+00:00,2026-07-30T19:10:15.721668+00:00,73,t.me/bananaleaks
455564,296056,"SELL Signal (Short)

📊 Asset: HYPE/USDT
⏱️ Time: 2... Boom

🛑 Stop Loss: 63.727200

⚠️ Manage your risk",bac983ecce62b0f6367f774a55ae4a3c,2026-07-18T22:07:36+00:00,2026-07-30T19:10:16.192115+00:00,73,t.me/bananaleaks
455497,296052,"SELL Signal (Short)

📊 Asset: DOGE/USDT
⏱️ Time: 2...🚀 Boom

🛑 Stop Loss: 0.076723

⚠️ Manage your risk",4fb2c592635c81db385a220b54f21527,2026-07-18T22:07:23+00:00,2026-07-30T19:10:15.234455+00:00,73,t.me/bananaleaks
455483,296050,"SELL Signal (Short)

📊 Asset: CASHCAT/USDT
⏱️ Time...🚀 Boom

🛑 Stop Loss: 0.068296

⚠️ Manage your risk",fbddd714895987e7de4958d3de5319c9,2026-07-18T22:07:10+00:00,2026-07-30T19:10:14.262423+00:00,73,t.me/bananaleaks
455484,296047,"SELL Signal (Short)

📊 Asset: ADA/USDT
⏱️ Time: 20...🚀 Boom

🛑 Stop Loss: 0.176278

⚠️ Manage your risk",39965e26bf958683a2a600c229ebb18a,2026-07-18T22:06:57+00:00,2026-07-30T19:10:14.275541+00:00,73,t.me/bananaleaks
455510,296044,"SELL Signal (Short)

📊 Asset: AKE/USDT
⏱️ Time: 20...🚀 Boom

🛑 Stop Loss: 0.002047

⚠️ Manage your risk",5ff0e0ca27839ae8b3d04f6185b4ddeb,2026-07-18T22:06:51+00:00,2026-07-30T19:10:15.556317+00:00,73,t.me/bananaleaks
455499,296042,"SELL Signal (Short)

📊 Asset: TRX/USDT
⏱️ Time: 20...🚀 Boom

🛑 Stop Loss: 0.345030

⚠️ Manage your risk",e34f9f2d37f472438adfc93df4d7ea40,2026-07-18T22:06:38+00:00,2026-07-30T19:10:15.469560+00:00,73,t.me/bananaleaks
455487,296039,"SELL Signal (Short)

📊 Asset: XRP/USDT
⏱️ Time: 20...🚀 Boom

🛑 Stop Loss: 1.159322

⚠️ Manage your risk",69e0bfbe6a29c8cd5b584f755d2c90bf,2026-07-18T22:06:31+00:00,2026-07-30T19:10:14.528634+00:00,73,t.me/bananaleaks
455488,296035,"SELL Signal (Short)

📊 Asset: SOL/USDT
⏱️ Time: 20... Boom

🛑 Stop Loss: 80.008800

⚠️ Manage your risk",75c90070feaa6df746aba8590c00adf0,2026-07-18T22:06:05+00:00,2026-07-30T19:10:14.562824+00:00,73,t.me/bananaleaks
455493,296032,"SELL Signal (Short)

📊 Asset: ETH/USDT
⏱️ Time: 20...oom

🛑 Stop Loss: 1972.766000

⚠️ Manage your risk",9588750d688c9e9dd3e79f9cf21e0e3b,2026-07-18T22:05:58+00:00,2026-07-30T19:10:14.698947+00:00,73,t.me/bananaleaks
455503,296030,"SELL Signal (Short)

📊 Asset: BTC/USDT
⏱️ Time: 20...om

🛑 Stop Loss: 68615.591400

⚠️ Manage your risk",d1b1fe7c5f293c556cdc1bef5dca569b,2026-07-18T22:05:52+00:00,2026-07-30T19:10:15.494157+00:00,73,t.me/bananaleaks
455574,296019,"SELL Signal (Short)

📊 Asset: XMR/USDT
⏱️ Time: 20...Boom

🛑 Stop Loss: 353.838600

⚠️ Manage your risk",747ce5f268a80714a0dec28c95c6dce6,2026-07-18T21:13:43+00:00,2026-07-30T19:10:16.241795+00:00,73,t.me/bananaleaks
455557,296015,"SELL Signal (Short)

📊 Asset: HYPE/USDT
⏱️ Time: 2... Boom

🛑 Stop Loss: 63.674200

⚠️ Manage your risk",ca99af2cf211dcf05bbacfb11a0c6c2a,2026-07-18T21:13:37+00:00,2026-07-30T19:10:16.167480+00:00,73,t.me/bananaleaks
455534,296012,"SELL Signal (Short)

📊 Asset: DOGE/USDT
⏱️ Time: 2...🚀 Boom

🛑 Stop Loss: 0.076755

⚠️ Manage your risk",9ef6f907c3e9234693e61d34bab987c8,2026-07-18T21:13:23+00:00,2026-07-30T19:10:16.078286+00:00,73,t.me/bananaleaks
455515,296009,"SELL Signal (Short)

📊 Asset: AKE/USDT
⏱️ Time: 20...🚀 Boom

🛑 Stop Loss: 0.002113

⚠️ Manage your risk",51dde49573ff09f8a074738f25145615,2026-07-18T21:12:51+00:00,2026-07-30T19:10:15.681611+00:00,73,t.me/bananaleaks
455581,296006,"SELL Signal (Short)

📊 Asset: XRP/USDT
⏱️ Time: 20...🚀 Boom

🛑 Stop Loss: 1.159004

⚠️ Manage your risk",f19628affafef20553c7f24b0d6bc074,2026-07-18T21:12:35+00:00,2026-07-30T19:10:16.306657+00:00,73,t.me/bananaleaks
455575,296002,"SELL Signal (Short)

📊 Asset: LTC/USDT
⏱️ Time: 20... Boom

🛑 Stop Loss: 49.851800

⚠️ Manage your risk",deeac9b861f7ff050504c21a7ea60998,2026-07-18T21:12:19+00:00,2026-07-30T19:10:16.248022+00:00,73,t.me/bananaleaks
455568,296000,"SELL Signal (Short)

📊 Asset: SOL/USDT
⏱️ Time: 20... Boom

🛑 Stop Loss: 79.998200

⚠️ Manage your risk",41c348390f5371d94853cffcf9ecd7d8,2026-07-18T21:12:05+00:00,2026-07-30T19:10:16.209483+00:00,73,t.me/bananaleaks
455579,295997,"SELL Signal (Short)

📊 Asset: ETH/USDT
⏱️ Time: 20...oom

🛑 Stop Loss: 1968.748600

⚠️ Manage your risk",7e82bcd3470a215668247283e6617e42,2026-07-18T21:11:58+00:00,2026-07-30T19:10:16.261713+00:00,73,t.me/bananaleaks
455552,295992,"SELL Signal (Short)

📊 Asset: ZEC/USDT
⏱️ Time: 20...Boom

🛑 Stop Loss: 589.084400

⚠️ Manage your risk",95a7617cb54beb5a6f1701515a93176a,2026-07-18T20:27:59+00:00,2026-07-30T19:10:16.150417+00:00,73,t.me/bananaleaks
455505,295989,"SELL Signal (Short)

📊 Asset: LTC/USDT
⏱️ Time: 20... Boom

🛑 Stop Loss: 49.809400

⚠️ Manage your risk",f2f5c8376fb0f3c84faa3e93f3caeb4a,2026-07-18T20:27:08+00:00,2026-07-30T19:10:15.499885+00:00,73,t.me/bananaleaks
455513,295986,"SELL Signal (Short)

📊 Asset: HYPE/USDT
⏱️ Time: 2... Boom

🛑 Stop Loss: 63.451600

⚠️ Manage your risk",ab333af41e73549ac2b3cbfabcea72bd,2026-07-18T19:43:18+00:00,2026-07-30T19:10:15.675766+00:00,73,t.me/bananaleaks
455545,295984,"SELL Signal (Short)

📊 Asset: ZEC/USDT
⏱️ Time: 20...Boom

🛑 Stop Loss: 591.003000

⚠️ Manage your risk",800adaf879beb5ee8e8e14e11abcd027,2026-07-18T19:42:52+00:00,2026-07-30T19:10:16.106975+00:00,73,t.me/bananaleaks
455556,295983,"SELL Signal (Short)

📊 Asset: CASHCAT/USDT
⏱️ Time...🚀 Boom

🛑 Stop Loss: 0.063452

⚠️ Manage your risk",a8fe6c31b5d3aad1a58d59db92db417a,2026-07-18T19:42:45+00:00,2026-07-30T19:10:16.165403+00:00,73,t.me/bananaleaks
455578,295982,"SELL Signal (Short)

📊 Asset: XRP/USDT
⏱️ Time: 20...🚀 Boom

🛑 Stop Loss: 1.156990

⚠️ Manage your risk",5794c341105db7594abba852441de4ac,2026-07-18T19:42:13+00:00,2026-07-30T19:10:16.258830+00:00,73,t.me/bananaleaks
455539,295981,"SELL Signal (Short)

📊 Asset: LTC/USDT
⏱️ Time: 20... Boom

🛑 Stop Loss: 49.883600

⚠️ Manage your risk",95c9de5d5a4c79b568b8f3d9af46a7da,2026-07-18T19:42:00+00:00,2026-07-30T19:10:16.092347+00:00,73,t.me/bananaleaks
455527,295980,"SELL Signal (Short)

📊 Asset: BNB/USDT
⏱️ Time: 20...Boom

🛑 Stop Loss: 604.730000

⚠️ Manage your risk",dc99e530a10e95b9e2f972bb9e742f07,2026-07-18T19:41:53+00:00,2026-07-30T19:10:15.891083+00:00,73,t.me/bananaleaks
455514,295979,"SELL Signal (Short)

📊 Asset: SOL/USDT
⏱️ Time: 20... Boom

🛑 Stop Loss: 79.786200

⚠️ Manage your risk",4769d9775f9a07b125d9e314c083d247,2026-07-18T19:41:46+00:00,2026-07-30T19:10:15.678250+00:00,73,t.me/bananaleaks
455517,295977,"SELL Signal (Short)

📊 Asset: ZEC/USDT
⏱️ Time: 20...Boom

🛑 Stop Loss: 592.688400

⚠️ Manage your risk",46a070b76b70ca6d77714bdaeedf306d,2026-07-18T18:30:18+00:00,2026-07-30T19:10:15.695823+00:00,73,t.me/bananaleaks
455569,295974,"SELL Signal (Short)

📊 Asset: DOGE/USDT
⏱️ Time: 2...🚀 Boom

🛑 Stop Loss: 0.076532

⚠️ Manage your risk",258bad8b24b068143f6dce36cc69a188,2026-07-18T17:33:01+00:00,2026-07-30T19:10:16.206429+00:00,73,t.me/bananaleaks
455580,295973,"SELL Signal (Short)

📊 Asset: ZEC/USDT
⏱️ Time: 20...Boom

🛑 Stop Loss: 585.575800

⚠️ Manage your risk",456ba5b46b73f994f5939c68d099ff60,2026-07-18T17:32:47+00:00,2026-07-30T19:10:16.275672+00:00,73,t.me/bananaleaks
455538,295970,"SELL Signal (Short)

📊 Asset: ETHFI/USDT
⏱️ Time: ...🚀 Boom

🛑 Stop Loss: 0.488130

⚠️ Manage your risk",fd2508e21365d1390035f343acb81961,2026-07-18T16:32:09+00:00,2026-07-30T19:10:16.089594+00:00,73,t.me/bananaleaks
455519,295969,"SELL Signal (Short)

📊 Asset: LTC/USDT
⏱️ Time: 20... Boom

🛑 Stop Loss: 48.929600

⚠️ Manage your risk",dc20fffa7e5f711a53379b3759296074,2026-07-18T16:31:31+00:00,2026-07-30T19:10:15.698272+00:00,73,t.me/bananaleaks
455546,295968,"SELL Signal (Short)

📊 Asset: BTC/USDT
⏱️ Time: 20...om

🛑 Stop Loss: 67990.350400

⚠️ Manage your risk",c16ad782e520cbd29a3fe4207f146a3f,2026-07-18T16:30:54+00:00,2026-07-30T19:10:16.119545+00:00,73,t.me/bananaleaks
455570,295964,"SELL Signal (Short)

📊 Asset: INJ/USDT
⏱️ Time: 20...🚀 Boom

🛑 Stop Loss: 5.417660

⚠️ Manage your risk",7f2dcc8a6a01e00f450eedd434e62cd8,2026-07-18T15:36:48+00:00,2026-07-30T19:10:16.208251+00:00,73,t.me/bananaleaks
455522,295963,"SELL Signal (Short)

📊 Asset: ETHFI/USDT
⏱️ Time: ...🚀 Boom

🛑 Stop Loss: 0.484950

⚠️ Manage your risk",a6885e893e0d60ddd2874f49a07e3c4e,2026-07-18T15:36:11+00:00,2026-07-30T19:10:15.705141+00:00,73,t.me/bananaleaks
455500,295962,"SELL Signal (Short)

📊 Asset: DOGE/USDT
⏱️ Time: 2...🚀 Boom

🛑 Stop Loss: 0.076543

⚠️ Manage your risk",30cfe4ce7ff01e8c7e9e5005de58545a,2026-07-18T15:36:04+00:00,2026-07-30T19:10:15.474689+00:00,73,t.me/bananaleaks
455531,295961,"SELL Signal (Short)

📊 Asset: BNB/USDT
⏱️ Time: 20...Boom

🛑 Stop Loss: 604.263600

⚠️ Manage your risk",43a0b200766980236c865a556ea4f167,2026-07-18T15:35:07+00:00,2026-07-30T19:10:15.933926+00:00,73,t.me/bananaleaks
455507,295960,"SELL Signal (Short)

📊 Asset: BTC/USDT
⏱️ Time: 20...om

🛑 Stop Loss: 67933.078600

⚠️ Manage your risk",0ac34240ac04e7fade07d0f55286ee87,2026-07-18T15:34:47+00:00,2026-07-30T19:10:15.524754+00:00,73,t.me/bananaleaks
455442,295959,"SELL Signal (Short)

📊 Asset: XMR/USDT
⏱️ Time: 20...Boom

🛑 Stop Loss: 350.817600

⚠️ Manage your risk",e4ce1556091ddb8360bb5b0f52984d33,2026-07-18T14:41:08+00:00,2026-07-30T19:09:57.941787+00:00,73,t.me/bananaleaks
455433,295958,"SELL Signal (Short)

📊 Asset: ETHFI/USDT
⏱️ Time: ...🚀 Boom

🛑 Stop Loss: 0.485374

⚠️ Manage your risk",76941936eede2831e2d318173786e5ef,2026-07-18T14:40:37+00:00,2026-07-30T19:09:57.802619+00:00,73,t.me/bananaleaks
455401,295949,"SELL Signal (Short)

📊 Asset: XMR/USDT
⏱️ Time: 20...Boom

🛑 Stop Loss: 350.796400

⚠️ Manage your risk",afd8a64bb522d398214be952d8adb768,2026-07-18T13:46:53+00:00,2026-07-30T19:09:57.251193+00:00,73,t.me/bananaleaks
455452,295946,"SELL Signal (Short)

📊 Asset: ETHFI/USDT
⏱️ Time: ...🚀 Boom

🛑 Stop Loss: 0.490568

⚠️ Manage your risk",5d4a88fcf7bd16a0c8d95bfe994c4f9f,2026-07-18T13:46:20+00:00,2026-07-30T19:09:58.050635+00:00,73,t.me/bananaleaks
455413,295944,"SELL Signal (Short)

📊 Asset: DOGE/USDT
⏱️ Time: 2...🚀 Boom

🛑 Stop Loss: 0.076490

⚠️ Manage your risk",c2f45424d833f2a35a8b7f4014bd9183,2026-07-18T13:46:10+00:00,2026-07-30T19:09:57.583917+00:00,73,t.me/bananaleaks
455458,295942,"SELL Signal (Short)

📊 Asset: TRX/USDT
⏱️ Time: 20...🚀 Boom

🛑 Stop Loss: 0.343016

⚠️ Manage your risk",2672694e855c4e8fae1b99c31875b1ce,2026-07-18T13:45:55+00:00,2026-07-30T19:09:58.109560+00:00,73,t.me/bananaleaks
455414,295939,"SELL Signal (Short)

📊 Asset: ZEC/USDT
⏱️ Time: 20...Boom

🛑 Stop Loss: 576.205400

⚠️ Manage your risk",be9101f37a7b48cc33c19557661b8417,2026-07-18T13:45:41+00:00,2026-07-30T19:09:57.589765+00:00,73,t.me/bananaleaks
455459,295936,"SELL Signal (Short)

📊 Asset: TRUMP/USDT
⏱️ Time: ...🚀 Boom

🛑 Stop Loss: 1.743700

⚠️ Manage your risk",a73a5508bee08f7ec89f022e0e61f8c5,2026-07-18T13:45:28+00:00,2026-07-30T19:09:58.110436+00:00,73,t.me/bananaleaks
455406,295933,"SELL Signal (Short)

📊 Asset: BNB/USDT
⏱️ Time: 20...Boom

🛑 Stop Loss: 603.553400

⚠️ Manage your risk",989a1cccf4d2ba99891dc99b2ea0eab7,2026-07-18T13:45:21+00:00,2026-07-30T19:09:57.429554+00:00,73,t.me/bananaleaks
455449,295931,"SELL Signal (Short)

📊 Asset: SOL/USDT
⏱️ Time: 20... Boom

🛑 Stop Loss: 79.203200

⚠️ Manage your risk",5a9b0ae687db876063af61d8e35a8bd6,2026-07-18T13:45:08+00:00,2026-07-30T19:09:58.038205+00:00,73,t.me/bananaleaks
455425,295929,"SELL Signal (Short)

📊 Asset: BTC/USDT
⏱️ Time: 20...om

🛑 Stop Loss: 67899.900600

⚠️ Manage your risk",2aa45f84bdcce92efff8f08d609abfa3,2026-07-18T13:44:54+00:00,2026-07-30T19:09:57.625322+00:00,73,t.me/bananaleaks
455423,295920,"SELL Signal (Short)

📊 Asset: TRX/USDT
⏱️ Time: 20...🚀 Boom

🛑 Stop Loss: 0.343122

⚠️ Manage your risk",2cfe72821a375c2757ed1b1738d39381,2026-07-18T12:11:10+00:00,2026-07-30T19:09:57.622386+00:00,73,t.me/bananaleaks
455460,295919,"SELL Signal (Short)

📊 Asset: HYPE/USDT
⏱️ Time: 2... Boom

🛑 Stop Loss: 62.550600

⚠️ Manage your risk",3092362c740d18d3a3d6a0c2169981c4,2026-07-18T11:27:28+00:00,2026-07-30T19:09:58.112589+00:00,73,t.me/bananaleaks
455478,295918,"SELL Signal (Short)

📊 Asset: TRX/USDT
⏱️ Time: 20...🚀 Boom

🛑 Stop Loss: 0.342910

⚠️ Manage your risk",7a91924d1ff7d0e6e81f21bcf93722ea,2026-07-18T11:26:55+00:00,2026-07-30T19:09:58.264229+00:00,73,t.me/bananaleaks
455472,295917,"SELL Signal (Short)

📊 Asset: CASHCAT/USDT
⏱️ Time...🚀 Boom

🛑 Stop Loss: 0.058947

⚠️ Manage your risk",063cbd8ebca0b4a3f8818bf411c01e3a,2026-07-18T11:26:29+00:00,2026-07-30T19:09:58.186215+00:00,73,t.me/bananaleaks
455473,295915,"SELL Signal (Short)

📊 Asset: CASHCAT/USDT
⏱️ Time...🚀 Boom

🛑 Stop Loss: 0.056244

⚠️ Manage your risk",3c469f8f4d33236117d026d9198a74f6,2026-07-18T10:19:09+00:00,2026-07-30T19:09:58.191627+00:00,73,t.me/bananaleaks
455430,295914,"BUY Signal (Long)

📊 Asset: TRUMP/USDT
⏱️ Time: 20...🚀 Boom

🛑 Stop Loss: 1.598000

⚠️ Manage your risk",99b384b87c6a3bfbd9606f151c892dd5,2026-07-18T10:18:56+00:00,2026-07-30T19:09:57.759511+00:00,73,t.me/bananaleaks
455456,295908,"SELL Signal (Short)

📊 Asset: AKE/USDT
⏱️ Time: 20...🚀 Boom

🛑 Stop Loss: 0.001970

⚠️ Manage your risk",eea8a546ba0217f63fe4ab34983cc6dc,2026-07-18T09:00:57+00:00,2026-07-30T19:09:58.096557+00:00,73,t.me/bananaleaks
455467,295904,"SELL Signal (Short)

📊 Asset: TRUMP/USDT
⏱️ Time: ...🚀 Boom

🛑 Stop Loss: 1.714020

⚠️ Manage your risk",a7906d37d6d9c18cdd157c854ea36969,2026-07-18T07:16:51+00:00,2026-07-30T19:09:58.170061+00:00,73,t.me/bananaleaks
455435,295903,"BUY Signal (Long)

📊 Asset: CASHCAT/USDT
⏱️ Time: ...🚀 Boom

🛑 Stop Loss: 0.050130

⚠️ Manage your risk",dd618460a951932b7cda233dbc1359cf,2026-07-18T07:16:32+00:00,2026-07-30T19:09:57.814423+00:00,73,t.me/bananaleaks
455461,295902,"SELL Signal (Short)

📊 Asset: ETH/USDT
⏱️ Time: 20...oom

🛑 Stop Loss: 1953.834400

⚠️ Manage your risk",8422d1d43740732ec25932b698d83426,2026-07-18T07:15:48+00:00,2026-07-30T19:09:58.118103+00:00,73,t.me/bananaleaks
455399,295895,"SELL Signal (Short)

📊 Asset: TRUMP/USDT
⏱️ Time: ...🚀 Boom

🛑 Stop Loss: 1.727800

⚠️ Manage your risk",0d6413e681f7ab28d42397edb724665a,2026-07-18T05:39:46+00:00,2026-07-30T19:09:57.233969+00:00,73,t.me/bananaleaks
455409,295894,"SELL Signal (Short)

📊 Asset: LTC/USDT
⏱️ Time: 20... Boom

🛑 Stop Loss: 48.219400

⚠️ Manage your risk",629d03e0f5fbd64b66931be79f180ba5,2026-07-18T05:39:20+00:00,2026-07-30T19:09:57.547599+00:00,73,t.me/bananaleaks
455426,295889,"SELL Signal (Short)

📊 Asset: FIL/USDT
⏱️ Time: 20...🚀 Boom

🛑 Stop Loss: 0.810052

⚠️ Manage your risk",91bace48ac11d040ef577a4166af2e72,2026-07-18T03:21:05+00:00,2026-07-30T19:09:57.624579+00:00,73,t.me/bananaleaks
455402,295888,"BUY Signal (Long)

📊 Asset: AKE/USDT
⏱️ Time: 2026...🚀 Boom

🛑 Stop Loss: 0.001488

⚠️ Manage your risk",13f567f13b563739250256937e305ce3,2026-07-18T03:20:34+00:00,2026-07-30T19:09:57.266580+00:00,73,t.me/bananaleaks
455415,295887,"SELL Signal (Short)

📊 Asset: GRAM/USDT
⏱️ Time: 2...🚀 Boom

🛑 Stop Loss: 1.573040

⚠️ Manage your risk",affe1b7c2c3c1827a1cd0c167cebec8f,2026-07-18T03:20:21+00:00,2026-07-30T19:09:57.593130+00:00,73,t.me/bananaleaks
455457,295886,"SELL Signal (Short)

📊 Asset: TRX/USDT
⏱️ Time: 20...🚀 Boom

🛑 Stop Loss: 0.341956

⚠️ Manage your risk",a5c3902bab5cf87e4c61b7f660f819da,2026-07-18T03:20:08+00:00,2026-07-30T19:09:58.099773+00:00,73,t.me/bananaleaks
455441,295885,"SELL Signal (Short)

📊 Asset: ZEC/USDT
⏱️ Time: 20...Boom

🛑 Stop Loss: 580.551400

⚠️ Manage your risk",2bfe0a30d00d06de37322371a18ca0b9,2026-07-18T03:19:55+00:00,2026-07-30T19:09:57.940788+00:00,73,t.me/bananaleaks
455462,295884,"SELL Signal (Short)

📊 Asset: SOL/USDT
⏱️ Time: 20... Boom

🛑 Stop Loss: 79.743800

⚠️ Manage your risk",76829041ff542e994a831d7869202b40,2026-07-18T03:19:16+00:00,2026-07-30T19:09:58.132105+00:00,73,t.me/bananaleaks
455424,295881,"SELL Signal (Short)

📊 Asset: XMR/USDT
⏱️ Time: 20...Boom

🛑 Stop Loss: 350.531400

⚠️ Manage your risk",5e5ffd6f2b96d5c82019533626555342,2026-07-18T00:04:40+00:00,2026-07-30T19:09:57.623264+00:00,73,t.me/bananaleaks
455444,295879,"SELL Signal (Short)

📊 Asset: XMR/USDT
⏱️ Time: 20...Boom

🛑 Stop Loss: 349.503200

⚠️ Manage your risk",ff8588e5ffce82f4d06b4436449115d1,2026-07-17T23:08:16+00:00,2026-07-30T19:09:57.984304+00:00,73,t.me/bananaleaks
455398,295878,"SELL Signal (Short)

📊 Asset: ETHFI/USDT
⏱️ Time: ...🚀 Boom

🛑 Stop Loss: 0.462690

⚠️ Manage your risk",35d50567ecb200441c85ff64e78a6143,2026-07-17T23:08:09+00:00,2026-07-30T19:09:57.114218+00:00,73,t.me/bananaleaks
455438,295877,"SELL Signal (Short)

📊 Asset: AKE/USDT
⏱️ Time: 20...🚀 Boom

🛑 Stop Loss: 0.001523

⚠️ Manage your risk",a3933c5e6c3d0c8934e69a72a6fd8a25,2026-07-17T23:08:03+00:00,2026-07-30T19:09:57.928907+00:00,73,t.me/bananaleaks
455466,295876,"SELL Signal (Short)

📊 Asset: BCH/USDT
⏱️ Time: 20...Boom

🛑 Stop Loss: 232.564000

⚠️ Manage your risk",ac130ae68dde6c53ef13b1cf60d454f1,2026-07-17T23:07:44+00:00,2026-07-30T19:09:58.157352+00:00,73,t.me/bananaleaks
455445,295875,"SELL Signal (Short)

📊 Asset: LTC/USDT
⏱️ Time: 20... Boom

🛑 Stop Loss: 47.784800

⚠️ Manage your risk",c0aaef45c010f8d8104836c23acb53d1,2026-07-17T23:07:19+00:00,2026-07-30T19:09:57.999282+00:00,73,t.me/bananaleaks
455420,295874,"SELL Signal (Short)

📊 Asset: BNB/USDT
⏱️ Time: 20...Boom

🛑 Stop Loss: 601.719600

⚠️ Manage your risk",5cc7e0f6cc7306e9d0c46a45869685ad,2026-07-17T23:06:53+00:00,2026-07-30T19:09:57.616551+00:00,73,t.me/bananaleaks
455403,295870,"SELL Signal (Short)

📊 Asset: XMR/USDT
⏱️ Time: 20...Boom

🛑 Stop Loss: 349.969600

⚠️ Manage your risk",60ab499c85c0311ab13e3130a4c00aad,2026-07-17T22:13:15+00:00,2026-07-30T19:09:57.414802+00:00,73,t.me/bananaleaks
455421,295869,"SELL Signal (Short)

📊 Asset: ETHFI/USDT
⏱️ Time: ...🚀 Boom

🛑 Stop Loss: 0.461736

⚠️ Manage your risk",914f34896084c471610ee60319371681,2026-07-17T22:13:02+00:00,2026-07-30T19:09:57.619326+00:00,73,t.me/bananaleaks
455404,295868,"SELL Signal (Short)

📊 Asset: BCH/USDT
⏱️ Time: 20...Boom

🛑 Stop Loss: 232.458000

⚠️ Manage your risk",172c7e3a6dc47b5b4c280b71080b0d9f,2026-07-17T22:12:43+00:00,2026-07-30T19:09:57.419617+00:00,73,t.me/bananaleaks
455418,295867,"SELL Signal (Short)

📊 Asset: ADA/USDT
⏱️ Time: 20...🚀 Boom

🛑 Stop Loss: 0.175960

⚠️ Manage your risk",20eacd1417cb45785925f8b635de35e7,2026-07-17T22:12:30+00:00,2026-07-30T19:09:57.610425+00:00,73,t.me/bananaleaks
455390,295866,"SELL Signal (Short)

📊 Asset: LTC/USDT
⏱️ Time: 20... Boom

🛑 Stop Loss: 47.731800

⚠️ Manage your risk",9c74432716aa6bf3111364459f1ff1f6,2026-07-17T22:12:17+00:00,2026-07-30T19:09:56.050138+00:00,73,t.me/bananaleaks
455391,295865,"SELL Signal (Short)

📊 Asset: DOGE/USDT
⏱️ Time: 2...🚀 Boom

🛑 Stop Loss: 0.077030

⚠️ Manage your risk",32bc2e8539db238cc11733f014d30a22,2026-07-17T22:12:04+00:00,2026-07-30T19:09:56.047680+00:00,73,t.me/bananaleaks
455397,295864,"SELL Signal (Short)

📊 Asset: BNB/USDT
⏱️ Time: 20...Boom

🛑 Stop Loss: 602.663000

⚠️ Manage your risk",bb8cc84335568c75855b379ae0f05c18,2026-07-17T22:11:51+00:00,2026-07-30T19:09:56.337219+00:00,73,t.me/bananaleaks
455396,295863,"SELL Signal (Short)

📊 Asset: BTC/USDT
⏱️ Time: 20...om

🛑 Stop Loss: 67951.671000

⚠️ Manage your risk",09846795175f805eaaf96764b5877828,2026-07-17T22:11:32+00:00,2026-07-30T19:09:56.200106+00:00,73,t.me/bananaleaks
455394,295861,"SELL Signal (Short)

📊 Asset: ETHFI/USDT
⏱️ Time: ...🚀 Boom

🛑 Stop Loss: 0.463220

⚠️ Manage your risk",eb6c1b43bd1b308146d0e888c394ccb9,2026-07-17T21:27:38+00:00,2026-07-30T19:09:56.073095+00:00,73,t.me/bananaleaks
455392,295860,"SELL Signal (Short)

📊 Asset: BCH/USDT
⏱️ Time: 20...Boom

🛑 Stop Loss: 234.578000

⚠️ Manage your risk",019599b4fcea39f7338802a514eb3f52,2026-07-17T21:27:19+00:00,2026-07-30T19:09:56.066335+00:00,73,t.me/bananaleaks
455393,295859,"SELL Signal (Short)

📊 Asset: ADA/USDT
⏱️ Time: 20...🚀 Boom

🛑 Stop Loss: 0.176384

⚠️ Manage your risk",00414a709b1d138ec666f40aabdfe97c,2026-07-17T21:27:06+00:00,2026-07-30T19:09:56.068271+00:00,73,t.me/bananaleaks
455395,295858,"SELL Signal (Short)

📊 Asset: LTC/USDT
⏱️ Time: 20... Boom

🛑 Stop Loss: 47.890800

⚠️ Manage your risk",7d1b81b7bff7ff6de1b746a4f4605051,2026-07-17T21:26:53+00:00,2026-07-30T19:09:56.083434+00:00,73,t.me/bananaleaks
455387,295857,"SELL Signal (Short)

📊 Asset: DOGE/USDT
⏱️ Time: 2...🚀 Boom

🛑 Stop Loss: 0.077179

⚠️ Manage your risk",90f5d9487fad14b903f2fd9597492d18,2026-07-17T21:26:40+00:00,2026-07-30T19:09:55.745216+00:00,73,t.me/bananaleaks
455386,295856,"SELL Signal (Short)

📊 Asset: XRP/USDT
⏱️ Time: 20...🚀 Boom

🛑 Stop Loss: 1.153916

⚠️ Manage your risk",6ce0276ce59ac36b8dea7da5ec1eda79,2026-07-17T21:26:33+00:00,2026-07-30T19:09:55.724786+00:00,73,t.me/bananaleaks
455388,295855,"SELL Signal (Short)

📊 Asset: BNB/USDT
⏱️ Time: 20...Boom

🛑 Stop Loss: 602.387400

⚠️ Manage your risk",60085bd5337eb8ce4d22c038d4009fae,2026-07-17T21:26:26+00:00,2026-07-30T19:09:55.760606+00:00,73,t.me/bananaleaks
455385,295854,"SELL Signal (Short)

📊 Asset: SOL/USDT
⏱️ Time: 20... Boom

🛑 Stop Loss: 79.659000

⚠️ Manage your risk",0914d405508b637adc5a94fa9a5720b9,2026-07-17T21:26:20+00:00,2026-07-30T19:09:55.568252+00:00,73,t.me/bananaleaks
455384,295853,"SELL Signal (Short)

📊 Asset: ETH/USDT
⏱️ Time: 20...oom

🛑 Stop Loss: 1955.466800

⚠️ Manage your risk",8309c3cf9bd790c66172f9de8fb8b66e,2026-07-17T21:26:13+00:00,2026-07-30T19:09:54.796133+00:00,73,t.me/bananaleaks
455383,295852,"SELL Signal (Short)

📊 Asset: BTC/USDT
⏱️ Time: 20...om

🛑 Stop Loss: 68013.034400

⚠️ Manage your risk",1e069ceb94f9806e61455ee508ebcb1f,2026-07-17T21:26:06+00:00,2026-07-30T19:09:54.794379+00:00,73,t.me/bananaleaks
454091,295849,"SELL Signal (Short)

📊 Asset: DOT/USDT
⏱️ Time: 20...🚀 Boom

🛑 Stop Loss: 0.906830

⚠️ Manage your risk",aea62ceb2ffb5180fbba1a38df41048c,2026-07-17T20:37:27+00:00,2026-07-30T17:22:49.063759+00:00,73,t.me/bananaleaks
454063,295848,"BUY Signal (Long)

📊 Asset: XMR/USDT
⏱️ Time: 2026...Boom

🛑 Stop Loss: 311.798000

⚠️ Manage your risk",9134512c392165dfbc7ed34a1b2d7c16,2026-07-17T20:37:21+00:00,2026-07-30T17:22:48.898310+00:00,73,t.me/bananaleaks
454056,295847,"SELL Signal (Short)

📊 Asset: ETHFI/USDT
⏱️ Time: ...🚀 Boom

🛑 Stop Loss: 0.460146

⚠️ Manage your risk",99e0cd6d48db05d4d34099f90f9cfd4f,2026-07-17T20:37:07+00:00,2026-07-30T17:22:48.857783+00:00,73,t.me/bananaleaks
454059,295846,"SELL Signal (Short)

📊 Asset: BCH/USDT
⏱️ Time: 20...Boom

🛑 Stop Loss: 232.988000

⚠️ Manage your risk",ae1029cf22d0292e6b2aeff231e67852,2026-07-17T20:36:48+00:00,2026-07-30T17:22:48.875574+00:00,73,t.me/bananaleaks
454065,295845,"SELL Signal (Short)

📊 Asset: ADA/USDT
⏱️ Time: 20...🚀 Boom

🛑 Stop Loss: 0.175218

⚠️ Manage your risk",627252a162690acdfc26a7a8ae08d7c6,2026-07-17T20:36:35+00:00,2026-07-30T17:22:48.905014+00:00,73,t.me/bananaleaks
454097,295844,"SELL Signal (Short)

📊 Asset: CASHCAT/USDT
⏱️ Time...🚀 Boom

🛑 Stop Loss: 0.056954

⚠️ Manage your risk",dd380082dd7ca517382cf4c70bedae5f,2026-07-17T20:36:28+00:00,2026-07-30T17:22:49.096389+00:00,73,t.me/bananaleaks
454039,295843,"SELL Signal (Short)

📊 Asset: LTC/USDT
⏱️ Time: 20... Boom

🛑 Stop Loss: 47.753000

⚠️ Manage your risk",c2eb916ad8afb424863e4681a0c00ca2,2026-07-17T20:36:22+00:00,2026-07-30T17:22:48.761323+00:00,73,t.me/bananaleaks
454042,295842,"SELL Signal (Short)

📊 Asset: DOGE/USDT
⏱️ Time: 2...🚀 Boom

🛑 Stop Loss: 0.076797

⚠️ Manage your risk",813e3c0a3790c4ac9afa5f3b9f707dcb,2026-07-17T20:36:14+00:00,2026-07-30T17:22:48.767594+00:00,73,t.me/bananaleaks
454082,295841,"SELL Signal (Short)

📊 Asset: ZEC/USDT
⏱️ Time: 20...Boom

🛑 Stop Loss: 577.562200

⚠️ Manage your risk",ad4a766d9ae8529cf4b9edf29e0bfcab,2026-07-17T20:36:08+00:00,2026-07-30T17:22:48.999019+00:00,73,t.me/bananaleaks
454046,295840,"SELL Signal (Short)

📊 Asset: XRP/USDT
⏱️ Time: 20...🚀 Boom

🛑 Stop Loss: 1.154022

⚠️ Manage your risk",107880bf0b7c568c5e1d1cc7655eb4c7,2026-07-17T20:36:01+00:00,2026-07-30T17:22:48.778684+00:00,73,t.me/bananaleaks
454047,295839,"SELL Signal (Short)

📊 Asset: BNB/USDT
⏱️ Time: 20...Boom

🛑 Stop Loss: 601.772600

⚠️ Manage your risk",30fba12b37d65ea606051abd5fa8cb5b,2026-07-17T20:35:54+00:00,2026-07-30T17:22:48.784952+00:00,73,t.me/bananaleaks
454075,295838,"SELL Signal (Short)

📊 Asset: SOL/USDT
⏱️ Time: 20... Boom

🛑 Stop Loss: 79.574200

⚠️ Manage your risk",354fcbb2008b6928869fd4f0d21b773d,2026-07-17T20:35:47+00:00,2026-07-30T17:22:48.966189+00:00,73,t.me/bananaleaks
454058,295837,"SELL Signal (Short)

📊 Asset: ETH/USDT
⏱️ Time: 20...oom

🛑 Stop Loss: 1951.279800

⚠️ Manage your risk",8efbb3f65fbcac264432801c1c520888,2026-07-17T20:35:41+00:00,2026-07-30T17:22:48.873232+00:00,73,t.me/bananaleaks
454044,295836,"SELL Signal (Short)

📊 Asset: BTC/USDT
⏱️ Time: 20...om

🛑 Stop Loss: 67874.312200

⚠️ Manage your risk",0e6499e8eaf46979a637d3bdc1b2bf39,2026-07-17T20:35:34+00:00,2026-07-30T17:22:48.780179+00:00,73,t.me/bananaleaks
454087,295828,"SELL Signal (Short)

📊 Asset: WLD/USDT
⏱️ Time: 20...🚀 Boom

🛑 Stop Loss: 0.406404

⚠️ Manage your risk",c3f89d5b57176d456e7b26ddae1b2eca,2026-07-17T19:48:29+00:00,2026-07-30T17:22:49.033512+00:00,73,t.me/bananaleaks
454071,295823,"SELL Signal (Short)

📊 Asset: DOT/USDT
⏱️ Time: 20...🚀 Boom

🛑 Stop Loss: 0.905134

⚠️ Manage your risk",51ec52be485464acc46c90a0e1430e4f,2026-07-17T19:48:15+00:00,2026-07-30T17:22:48.927832+00:00,73,t.me/bananaleaks
454026,295820,"SELL Signal (Short)

📊 Asset: XMR/USDT
⏱️ Time: 20...Boom

🛑 Stop Loss: 346.588200

⚠️ Manage your risk",9d62c49fdc1fdfbc6b39bba235b6ff65,2026-07-17T19:48:08+00:00,2026-07-30T17:22:48.581377+00:00,73,t.me/bananaleaks
454081,295818,"SELL Signal (Short)

📊 Asset: ADA/USDT
⏱️ Time: 20...🚀 Boom

🛑 Stop Loss: 0.176596

⚠️ Manage your risk",4b42205185ba1589980f37c8b2b2e830,2026-07-17T19:47:30+00:00,2026-07-30T17:22:48.992754+00:00,73,t.me/bananaleaks
454037,295815,"SELL Signal (Short)

📊 Asset: CASHCAT/USDT
⏱️ Time...🚀 Boom

🛑 Stop Loss: 0.063441

⚠️ Manage your risk",42c6d7a337aefb6f08f828454664cfb9,2026-07-17T19:47:16+00:00,2026-07-30T17:22:48.740795+00:00,73,t.me/bananaleaks
454090,295814,"SELL Signal (Short)

📊 Asset: LTC/USDT
⏱️ Time: 20... Boom

🛑 Stop Loss: 47.806000

⚠️ Manage your risk",5a3df8bb950a1e907c1504f0966d7d64,2026-07-17T19:47:10+00:00,2026-07-30T17:22:49.060033+00:00,73,t.me/bananaleaks
454092,295812,"SELL Signal (Short)

📊 Asset: DOGE/USDT
⏱️ Time: 2...🚀 Boom

🛑 Stop Loss: 0.077020

⚠️ Manage your risk",c413980dfcee6863ed18de5a0da06d52,2026-07-17T19:47:03+00:00,2026-07-30T17:22:49.064689+00:00,73,t.me/bananaleaks
454099,295810,"SELL Signal (Short)

📊 Asset: ZEC/USDT
⏱️ Time: 20...Boom

🛑 Stop Loss: 580.360600

⚠️ Manage your risk",39831b8a8d52bfd29439144d0323039d,2026-07-17T19:46:56+00:00,2026-07-30T17:22:49.101381+00:00,73,t.me/bananaleaks
454102,295808,"SELL Signal (Short)

📊 Asset: XRP/USDT
⏱️ Time: 20...🚀 Boom

🛑 Stop Loss: 1.156354

⚠️ Manage your risk",42e17f60758ebd99c403f960ca775d35,2026-07-17T19:46:49+00:00,2026-07-30T17:22:49.116548+00:00,73,t.me/bananaleaks
454057,295805,"SELL Signal (Short)

📊 Asset: BNB/USDT
⏱️ Time: 20...Boom

🛑 Stop Loss: 601.730200

⚠️ Manage your risk",cb3d0771a742530f1f8c59f237564911,2026-07-17T19:46:42+00:00,2026-07-30T17:22:48.868530+00:00,73,t.me/bananaleaks
454066,295803,"SELL Signal (Short)

📊 Asset: SOL/USDT
⏱️ Time: 20... Boom

🛑 Stop Loss: 79.690800

⚠️ Manage your risk",89bfb91c5b1c32df7c24566a294a78f4,2026-07-17T19:46:35+00:00,2026-07-30T17:22:48.907130+00:00,73,t.me/bananaleaks
454089,295801,"SELL Signal (Short)

📊 Asset: ETH/USDT
⏱️ Time: 20...oom

🛑 Stop Loss: 1955.848400

⚠️ Manage your risk",35096b286c10eaa823c816aae30bc243,2026-07-17T19:46:29+00:00,2026-07-30T17:22:49.048756+00:00,73,t.me/bananaleaks
454083,295799,"SELL Signal (Short)

📊 Asset: BTC/USDT
⏱️ Time: 20...om

🛑 Stop Loss: 68024.440000

⚠️ Manage your risk",505789aed43cc38ce792b58f02430594,2026-07-17T19:46:22+00:00,2026-07-30T17:22:49.002070+00:00,73,t.me/bananaleaks
454076,295779,"SELL Signal (Short)

📊 Asset: WLD/USDT
⏱️ Time: 20...🚀 Boom

🛑 Stop Loss: 0.403860

⚠️ Manage your risk",3b15fb36663feae42825b6ac9d001b51,2026-07-17T18:44:30+00:00,2026-07-30T17:22:48.970117+00:00,73,t.me/bananaleaks
454094,295777,"SELL Signal (Short)

📊 Asset: DOT/USDT
⏱️ Time: 20...🚀 Boom

🛑 Stop Loss: 0.901742

⚠️ Manage your risk",ee29671ab291c0160c16f9e8739a98be,2026-07-17T18:44:24+00:00,2026-07-30T17:22:49.071760+00:00,73,t.me/bananaleaks
454062,295774,"SELL Signal (Short)

📊 Asset: XMR/USDT
⏱️ Time: 20...Boom

🛑 Stop Loss: 345.994600

⚠️ Manage your risk",13fb437cebbc2b1c12770d4fd76ebcf8,2026-07-17T18:44:17+00:00,2026-07-30T17:22:48.893064+00:00,73,t.me/bananaleaks
454032,295772,"SELL Signal (Short)

📊 Asset: GRAM/USDT
⏱️ Time: 2...🚀 Boom

🛑 Stop Loss: 1.617560

⚠️ Manage your risk",5f639eeea2bbad20945c78ad1dc2e569,2026-07-17T18:44:03+00:00,2026-07-30T17:22:48.690804+00:00,73,t.me/bananaleaks
454033,295769,"SELL Signal (Short)

📊 Asset: HYPE/USDT
⏱️ Time: 2... Boom

🛑 Stop Loss: 63.833200

⚠️ Manage your risk",60ca54441aa3c9d13eeca191789d2e12,2026-07-17T18:43:50+00:00,2026-07-30T17:22:48.692015+00:00,73,t.me/bananaleaks
454018,295766,"SELL Signal (Short)

📊 Asset: ADA/USDT
⏱️ Time: 20...🚀 Boom

🛑 Stop Loss: 0.175324

⚠️ Manage your risk",1adb8277af1cd01298a3c77e0d311147,2026-07-17T18:43:37+00:00,2026-07-30T17:22:47.800081+00:00,73,t.me/bananaleaks
454100,295764,"SELL Signal (Short)

📊 Asset: TRX/USDT
⏱️ Time: 20...🚀 Boom

🛑 Stop Loss: 0.342380

⚠️ Manage your risk",17848bde9b7422a40e61478c56a58b8f,2026-07-17T18:43:30+00:00,2026-07-30T17:22:49.111082+00:00,73,t.me/bananaleaks
454017,295762,"SELL Signal (Short)

📊 Asset: LTC/USDT
⏱️ Time: 20... Boom

🛑 Stop Loss: 47.678800

⚠️ Manage your risk",dea33de31558c6991d70eca447e1e130,2026-07-17T18:43:23+00:00,2026-07-30T17:22:47.796076+00:00,73,t.me/bananaleaks
454074,295759,"SELL Signal (Short)

📊 Asset: DOGE/USDT
⏱️ Time: 2...🚀 Boom

🛑 Stop Loss: 0.076861

⚠️ Manage your risk",52d6f0682565a7fc652d20111e569c59,2026-07-17T18:43:10+00:00,2026-07-30T17:22:48.963205+00:00,73,t.me/bananaleaks
454031,295756,"SELL Signal (Short)

📊 Asset: ZEC/USDT
⏱️ Time: 20...Boom

🛑 Stop Loss: 579.491400

⚠️ Manage your risk",ab3f49d88a35e2176e4ee1aa06f328e4,2026-07-17T18:43:03+00:00,2026-07-30T17:22:48.680971+00:00,73,t.me/bananaleaks
454008,295754,"SELL Signal (Short)

📊 Asset: SOL/USDT
⏱️ Time: 20... Boom

🛑 Stop Loss: 79.627200

⚠️ Manage your risk",59eb1bcd45478cc8c2bfed7120c33695,2026-07-17T18:42:46+00:00,2026-07-30T17:22:47.617553+00:00,73,t.me/bananaleaks
454078,295747,"SELL Signal (Short)

📊 Asset: TRX/USDT
⏱️ Time: 20...🚀 Boom

🛑 Stop Loss: 0.342380

⚠️ Manage your risk",9b8dc7ff177d3e8cd272c363f11eff6b,2026-07-17T17:48:23+00:00,2026-07-30T17:22:48.989065+00:00,73,t.me/bananaleaks
454086,295744,"SELL Signal (Short)

📊 Asset: TRX/USDT
⏱️ Time: 20...🚀 Boom

🛑 Stop Loss: 0.342592

⚠️ Manage your risk",4a9d55252ee23a4528a8d1234b88e6b6,2026-07-17T16:47:11+00:00,2026-07-30T17:22:49.034566+00:00,73,t.me/bananaleaks
454027,295738,"SELL Signal (Short)

📊 Asset: AKE/USDT
⏱️ Time: 20...🚀 Boom

🛑 Stop Loss: 0.001279

⚠️ Manage your risk",0507deacae71e0792e5e649f2988ea2f,2026-07-17T15:45:40+00:00,2026-07-30T17:22:48.604928+00:00,73,t.me/bananaleaks
454068,295735,"SELL Signal (Short)

📊 Asset: TRX/USDT
⏱️ Time: 20...🚀 Boom

🛑 Stop Loss: 0.342274

⚠️ Manage your risk",3ae3bfc7714c0f24f83c07a9ba3be1b3,2026-07-17T15:44:33+00:00,2026-07-30T17:22:48.914147+00:00,73,t.me/bananaleaks
454073,295728,"SELL Signal (Short)

📊 Asset: GRAM/USDT
⏱️ Time: 2...🚀 Boom

🛑 Stop Loss: 1.629220

⚠️ Manage your risk",18bc6da01778392e800252d60b4e69b3,2026-07-17T14:18:43+00:00,2026-07-30T17:22:48.964091+00:00,73,t.me/bananaleaks
453995,295698,"SELL Signal (Short)

📊 Asset: AKE/USDT
⏱️ Time: 20...🚀 Boom

🛑 Stop Loss: 0.001266

⚠️ Manage your risk",f28b4233ca842a9b63a96bea34d56272,2026-07-17T12:48:38+00:00,2026-07-30T17:22:32.375035+00:00,73,t.me/bananaleaks
453954,295694,"SELL Signal (Short)

📊 Asset: ADA/USDT
⏱️ Time: 20...🚀 Boom

🛑 Stop Loss: 0.169600

⚠️ Manage your risk",ece18c8a9bc56047e07dce0519803dcb,2026-07-17T12:48:06+00:00,2026-07-30T17:22:32.062958+00:00,73,t.me/bananaleaks
453916,295692,"SELL Signal (Short)

📊 Asset: GRAM/USDT
⏱️ Time: 2...🚀 Boom

🛑 Stop Loss: 1.631340

⚠️ Manage your risk",a4c3a19b7561a57a001c6f08b9391f0f,2026-07-17T12:47:59+00:00,2026-07-30T17:22:30.931100+00:00,73,t.me/bananaleaks
453938,295690,"SELL Signal (Short)

📊 Asset: HYPE/USDT
⏱️ Time: 2... Boom

🛑 Stop Loss: 63.653000

⚠️ Manage your risk",98d47a28bc0ca663da7ae423325cfc39,2026-07-17T12:47:40+00:00,2026-07-30T17:22:32.020807+00:00,73,t.me/bananaleaks
453943,295686,"SELL Signal (Short)

📊 Asset: ZEC/USDT
⏱️ Time: 20...Boom

🛑 Stop Loss: 563.644400

⚠️ Manage your risk",ae048a36609c06059ccde9c7540a01a6,2026-07-17T12:47:08+00:00,2026-07-30T17:22:32.034413+00:00,73,t.me/bananaleaks
453990,295684,"SELL Signal (Short)

📊 Asset: XRP/USDT
⏱️ Time: 20...🚀 Boom

🛑 Stop Loss: 1.144906

⚠️ Manage your risk",2baea57ebf92791d94ce925e1a996a98,2026-07-17T12:46:54+00:00,2026-07-30T17:22:32.350132+00:00,73,t.me/bananaleaks
453947,295682,"SELL Signal (Short)

📊 Asset: SOL/USDT
⏱️ Time: 20... Boom

🛑 Stop Loss: 78.917000

⚠️ Manage your risk",3847969684ca1f5d84136b1dc7fec420,2026-07-17T12:46:47+00:00,2026-07-30T17:22:32.045709+00:00,73,t.me/bananaleaks
453967,295680,"SELL Signal (Short)

📊 Asset: ETH/USDT
⏱️ Time: 20...oom

🛑 Stop Loss: 1939.206400

⚠️ Manage your risk",27258e8010f1ba34f27fcb63f6246910,2026-07-17T12:46:41+00:00,2026-07-30T17:22:32.223607+00:00,73,t.me/bananaleaks
453959,295672,"SELL Signal (Short)

📊 Asset: ETHFI/USDT
⏱️ Time: ...🚀 Boom

🛑 Stop Loss: 0.447744

⚠️ Manage your risk",8b75a66d4a84f57d15d33506e734c814,2026-07-17T11:41:50+00:00,2026-07-30T17:22:32.086047+00:00,73,t.me/bananaleaks
454000,295669,"SELL Signal (Short)

📊 Asset: GRAM/USDT
⏱️ Time: 2...🚀 Boom

🛑 Stop Loss: 1.629220

⚠️ Manage your risk",41e01340120e31977de3f114795d6780,2026-07-17T11:41:17+00:00,2026-07-30T17:22:32.397168+00:00,73,t.me/bananaleaks
453949,295667,"SELL Signal (Short)

📊 Asset: ADA/USDT
⏱️ Time: 20...🚀 Boom

🛑 Stop Loss: 0.170236

⚠️ Manage your risk",cc6ecb1e28d10d7bb2ce7e40913e921d,2026-07-17T11:41:11+00:00,2026-07-30T17:22:32.051444+00:00,73,t.me/bananaleaks
453994,295657,"SELL Signal (Short)

📊 Asset: TRX/USDT
⏱️ Time: 20...🚀 Boom

🛑 Stop Loss: 0.341426

⚠️ Manage your risk",6b747adcd01f9cd56b737759e87a3251,2026-07-17T10:13:24+00:00,2026-07-30T17:22:32.367772+00:00,73,t.me/bananaleaks
453960,295633,"SELL Signal (Short)

📊 Asset: CASHCAT/USDT
⏱️ Time...🚀 Boom

🛑 Stop Loss: 0.062158

⚠️ Manage your risk",458dcc3ccb711df9256108b3771c5176,2026-07-17T08:17:26+00:00,2026-07-30T17:22:32.087228+00:00,73,t.me/bananaleaks
453962,295616,"SELL Signal (Short)

📊 Asset: BCH/USDT
⏱️ Time: 20...Boom

🛑 Stop Loss: 235.320000

⚠️ Manage your risk",5df9dc930a91e19ad4c29f7a807b7ca8,2026-07-17T06:03:04+00:00,2026-07-30T17:22:32.098131+00:00,73,t.me/bananaleaks
453906,295612,"SELL Signal (Short)

📊 Asset: BLUAI/USDT
⏱️ Time: ...🚀 Boom

🛑 Stop Loss: 0.011769

⚠️ Manage your risk",9c70f8c2764068f8e61d21b785843220,2026-07-17T06:02:36+00:00,2026-07-30T17:22:28.667588+00:00,73,t.me/bananaleaks
453909,295607,"SELL Signal (Short)

📊 Asset: LTC/USDT
⏱️ Time: 20... Boom

🛑 Stop Loss: 47.848400

⚠️ Manage your risk",195f53accca2d82a1a8fe115f5701fb3,2026-07-17T06:01:46+00:00,2026-07-30T17:22:28.675687+00:00,73,t.me/bananaleaks
452303,295584,"BUY Signal (Long)

📊 Asset: BCH/USDT
⏱️ Time: 2026...Boom

🛑 Stop Loss: 210.372000

⚠️ Manage your risk",aba88242ce719de1a87789d8e7dbdc09,2026-07-17T03:35:21+00:00,2026-07-30T15:37:15.309327+00:00,73,t.me/bananaleaks
452340,295581,"BUY Signal (Long)

📊 Asset: XRP/USDT
⏱️ Time: 2026...🚀 Boom

🛑 Stop Loss: 1.028548

⚠️ Manage your risk",89ac121cf42b77619db95dd8f7bb713b,2026-07-17T03:34:38+00:00,2026-07-30T15:37:15.635198+00:00,73,t.me/bananaleaks
452311,295556,"SELL Signal (Short)

📊 Asset: TRX/USDT
⏱️ Time: 20...🚀 Boom

🛑 Stop Loss: 0.342592

⚠️ Manage your risk",7844a36f058fd725f382b97ac31c943b,2026-07-17T00:11:50+00:00,2026-07-30T15:37:15.364385+00:00,73,t.me/bananaleaks
452300,295536,"SELL Signal (Short)

📊 Asset: ADA/USDT
⏱️ Time: 20...🚀 Boom

🛑 Stop Loss: 0.170660

⚠️ Manage your risk",7beca57c0d8d18acb67acca9adba23c3,2026-07-16T23:12:21+00:00,2026-07-30T15:37:15.300177+00:00,73,t.me/bananaleaks
452273,295534,"SELL Signal (Short)

📊 Asset: ETHFI/USDT
⏱️ Time: ...🚀 Boom

🛑 Stop Loss: 0.449652

⚠️ Manage your risk",d07aadd95adbf88ee4a1689b45f02af0,2026-07-16T23:12:02+00:00,2026-07-30T15:37:14.347424+00:00,73,t.me/bananaleaks
452337,295531,"SELL Signal (Short)

📊 Asset: BNB/USDT
⏱️ Time: 20...Boom

🛑 Stop Loss: 608.090200

⚠️ Manage your risk",25848927e8469bff8d0c8550537cb642,2026-07-16T23:11:16+00:00,2026-07-30T15:37:15.492979+00:00,73,t.me/bananaleaks
452245,295529,"SELL Signal (Short)

📊 Asset: SOL/USDT
⏱️ Time: 20... Boom

🛑 Stop Loss: 79.839200

⚠️ Manage your risk",2ff3c369a2a2bb7fce1bd6c1fb43d339,2026-07-16T23:11:03+00:00,2026-07-30T15:37:13.447292+00:00,73,t.me/bananaleaks
452241,295527,"SELL Signal (Short)

📊 Asset: ETH/USDT
⏱️ Time: 20...oom

🛑 Stop Loss: 1981.044600

⚠️ Manage your risk",4d4415549f4eda91e033f97d0f06972b,2026-07-16T23:10:56+00:00,2026-07-30T15:37:13.315998+00:00,73,t.me/bananaleaks
452253,295501,"SELL Signal (Short)

📊 Asset: XMR/USDT
⏱️ Time: 20...Boom

🛑 Stop Loss: 356.138800

⚠️ Manage your risk",d1b1e4657c9542f795337ff3a793a88e,2026-07-16T21:15:18+00:00,2026-07-30T15:37:13.983546+00:00,73,t.me/bananaleaks
452328,295487,"SELL Signal (Short)

📊 Asset: LTC/USDT
⏱️ Time: 20... Boom

🛑 Stop Loss: 47.965000

⚠️ Manage your risk",34be974d4508479225a17404c648ee0d,2026-07-16T20:08:57+00:00,2026-07-30T15:37:15.440630+00:00,73,t.me/bananaleaks
452237,295477,"SELL Signal (Short)

📊 Asset: XMR/USDT
⏱️ Time: 20...Boom

🛑 Stop Loss: 356.923200

⚠️ Manage your risk",357b14743688fd93ec2d0824177bf979,2026-07-16T19:06:21+00:00,2026-07-30T15:36:59.081261+00:00,73,t.me/bananaleaks
452176,295474,"SELL Signal (Short)

📊 Asset: LTC/USDT
⏱️ Time: 20... Boom

🛑 Stop Loss: 47.965000

⚠️ Manage your risk",48b2518346f1f24ad17f27767d94c2b6,2026-07-16T19:05:06+00:00,2026-07-30T15:36:58.826464+00:00,73,t.me/bananaleaks
452158,295465,"SELL Signal (Short)

📊 Asset: XMR/USDT
⏱️ Time: 20...Boom

🛑 Stop Loss: 355.301400

⚠️ Manage your risk",caf3d8f2d6b40c409832758085295f48,2026-07-16T18:00:23+00:00,2026-07-30T15:36:58.418828+00:00,73,t.me/bananaleaks
452232,295463,"SELL Signal (Short)

📊 Asset: TRUMP/USDT
⏱️ Time: ...🚀 Boom

🛑 Stop Loss: 1.654660

⚠️ Manage your risk",c25707092839f5a33c5cbafeada70061,2026-07-16T18:00:17+00:00,2026-07-30T15:36:59.044143+00:00,73,t.me/bananaleaks
452213,295461,"SELL Signal (Short)

📊 Asset: SUI/USDT
⏱️ Time: 20...🚀 Boom

🛑 Stop Loss: 0.793834

⚠️ Manage your risk",60d48fb09c62c50c6d37b63578799568,2026-07-16T17:59:57+00:00,2026-07-30T15:36:58.929559+00:00,73,t.me/bananaleaks
452169,295457,"SELL Signal (Short)

📊 Asset: CASHCAT/USDT
⏱️ Time...🚀 Boom

🛑 Stop Loss: 0.100255

⚠️ Manage your risk",5ebb607281d777bc45895dca494376f3,2026-07-16T17:59:43+00:00,2026-07-30T15:36:58.768398+00:00,73,t.me/bananaleaks
452227,295455,"SELL Signal (Short)

📊 Asset: DOGE/USDT
⏱️ Time: 2...🚀 Boom

🛑 Stop Loss: 0.077762

⚠️ Manage your risk",9793d1655cca5be912ee037af73561a2,2026-07-16T17:59:18+00:00,2026-07-30T15:36:59.018259+00:00,73,t.me/bananaleaks
452189,295453,"SELL Signal (Short)

📊 Asset: LTC/USDT
⏱️ Time: 20... Boom

🛑 Stop Loss: 47.901400

⚠️ Manage your risk",fb1d983727aaaebc218f5aff8853d832,2026-07-16T17:58:58+00:00,2026-07-30T15:36:58.859300+00:00,73,t.me/bananaleaks
452151,295451,"SELL Signal (Short)

📊 Asset: XRP/USDT
⏱️ Time: 20...🚀 Boom

🛑 Stop Loss: 1.170558

⚠️ Manage your risk",b3e94f8c6e29fbe9d08b08ea80f1646b,2026-07-16T17:58:44+00:00,2026-07-30T15:36:58.331624+00:00,73,t.me/bananaleaks
452228,295449,"SELL Signal (Short)

📊 Asset: BTC/USDT
⏱️ Time: 20...om

🛑 Stop Loss: 67994.866000

⚠️ Manage your risk",bc683c2465ae960624b910f1c3c67e5f,2026-07-16T17:58:25+00:00,2026-07-30T15:36:59.029221+00:00,73,t.me/bananaleaks
452205,295427,"SELL Signal (Short)

📊 Asset: BLUAI/USDT
⏱️ Time: ...🚀 Boom

🛑 Stop Loss: 0.012175

⚠️ Manage your risk",64b4b271a6504e15a16290789af0bcbc,2026-07-16T16:57:10+00:00,2026-07-30T15:36:58.919235+00:00,73,t.me/bananaleaks
452207,295426,"SELL Signal (Short)

📊 Asset: TRUMP/USDT
⏱️ Time: ...🚀 Boom

🛑 Stop Loss: 1.662080

⚠️ Manage your risk",7595f1d56b8eccdedcf89af7c88e41d4,2026-07-16T16:57:04+00:00,2026-07-30T15:36:58.922283+00:00,73,t.me/bananaleaks
452219,295423,"SELL Signal (Short)

📊 Asset: SUI/USDT
⏱️ Time: 20...🚀 Boom

🛑 Stop Loss: 0.795424

⚠️ Manage your risk",4684b1cbda9548d46ce528e8376ecf4c,2026-07-16T16:56:45+00:00,2026-07-30T15:36:58.966324+00:00,73,t.me/bananaleaks
452167,295420,"SELL Signal (Short)

📊 Asset: ADA/USDT
⏱️ Time: 20...🚀 Boom

🛑 Stop Loss: 0.172674

⚠️ Manage your risk",9af942e6e2b276d7858c0f904fd6071d,2026-07-16T16:56:25+00:00,2026-07-30T15:36:58.759204+00:00,73,t.me/bananaleaks
452182,295417,"SELL Signal (Short)

📊 Asset: BCH/USDT
⏱️ Time: 20...Boom

🛑 Stop Loss: 235.214000

⚠️ Manage your risk",cb180285ac721b3ee5298b0718edd057,2026-07-16T16:56:12+00:00,2026-07-30T15:36:58.849365+00:00,73,t.me/bananaleaks
452165,295414,"SELL Signal (Short)

📊 Asset: DOGE/USDT
⏱️ Time: 2...🚀 Boom

🛑 Stop Loss: 0.077846

⚠️ Manage your risk",5bbcf9e8468e2772c8c061bdb07499d3,2026-07-16T16:56:06+00:00,2026-07-30T15:36:58.642430+00:00,73,t.me/bananaleaks
452234,295411,"SELL Signal (Short)

📊 Asset: TRX/USDT
⏱️ Time: 20...🚀 Boom

🛑 Stop Loss: 0.342698

⚠️ Manage your risk",2235457503f9796b34290baf19666cc0,2026-07-16T16:55:59+00:00,2026-07-30T15:36:59.053088+00:00,73,t.me/bananaleaks
452226,295409,"SELL Signal (Short)

📊 Asset: ZEC/USDT
⏱️ Time: 20...Boom

🛑 Stop Loss: 587.505000

⚠️ Manage your risk",d72102c77c7dd3abcfdb56f4616e14b6,2026-07-16T16:55:51+00:00,2026-07-30T15:36:59.013855+00:00,73,t.me/bananaleaks
452240,295405,"SELL Signal (Short)

📊 Asset: BNB/USDT
⏱️ Time: 20...Boom

🛑 Stop Loss: 611.598800

⚠️ Manage your risk",1be4593cde9b03d5af4c19f77ccf6d1d,2026-07-16T16:55:39+00:00,2026-07-30T15:36:59.091478+00:00,73,t.me/bananaleaks
452161,295402,"SELL Signal (Short)

📊 Asset: XRP/USDT
⏱️ Time: 20...🚀 Boom

🛑 Stop Loss: 1.174904

⚠️ Manage your risk",036cd84e54698705b55ec298b66bab75,2026-07-16T16:55:32+00:00,2026-07-30T15:36:58.607462+00:00,73,t.me/bananaleaks
452222,295399,"SELL Signal (Short)

📊 Asset: SOL/USDT
⏱️ Time: 20... Boom

🛑 Stop Loss: 80.740200

⚠️ Manage your risk",6c0b367d88dccf15828c56236c2f67f1,2026-07-16T16:55:25+00:00,2026-07-30T15:36:58.984015+00:00,73,t.me/bananaleaks
452177,295396,"SELL Signal (Short)

📊 Asset: ETH/USDT
⏱️ Time: 20...oom

🛑 Stop Loss: 1988.803800

⚠️ Manage your risk",f0243b36093ec3efcb66321d9df2d1c9,2026-07-16T16:55:18+00:00,2026-07-30T15:36:58.832297+00:00,73,t.me/bananaleaks
452164,295394,"SELL Signal (Short)

📊 Asset: BTC/USDT
⏱️ Time: 20...om

🛑 Stop Loss: 68244.199200

⚠️ Manage your risk",ea285952239a86964bfb544273f34cc8,2026-07-16T16:55:12+00:00,2026-07-30T15:36:58.634171+00:00,73,t.me/bananaleaks
452225,295384,"BUY Signal (Long)

📊 Asset: XMR/USDT
⏱️ Time: 2026...Boom

🛑 Stop Loss: 315.670800

⚠️ Manage your risk",f59827485596054ac096a2fd1879eca3,2026-07-16T15:49:22+00:00,2026-07-30T15:36:59.010777+00:00,73,t.me/bananaleaks
452178,295381,"BUY Signal (Long)

📊 Asset: CASHCAT/USDT
⏱️ Time: ...🚀 Boom

🛑 Stop Loss: 0.100044

⚠️ Manage your risk",766dacd5c6b2d7c754c766c8485a9632,2026-07-16T15:48:44+00:00,2026-07-30T15:36:58.837739+00:00,73,t.me/bananaleaks
452159,295373,"BUY Signal (Long)

📊 Asset: BCH/USDT
⏱️ Time: 2026...Boom

🛑 Stop Loss: 210.184000

⚠️ Manage your risk",6a7c2db6754f5ac63ef723781c54b5ec,2026-07-16T14:16:03+00:00,2026-07-30T15:36:58.446693+00:00,73,t.me/bananaleaks
452150,295370,"BUY Signal (Long)

📊 Asset: SOL/USDT
⏱️ Time: 2026... Boom

🛑 Stop Loss: 72.069800

⚠️ Manage your risk",d7a0bff7163c430007e5c2469d9fc043,2026-07-16T14:15:13+00:00,2026-07-30T15:36:58.308366+00:00,73,t.me/bananaleaks
452184,295368,"BUY Signal (Long)

📊 Asset: BTC/USDT
⏱️ Time: 2026...om

🛑 Stop Loss: 60508.505000

⚠️ Manage your risk",e8a094312b25a3f631edb4105d0e2f8f,2026-07-16T14:15:01+00:00,2026-07-30T15:36:58.850874+00:00,73,t.me/bananaleaks
