id,external_id,message_preview,hash,published_at,created_at,source_id,source_name
1152449,9209,"🟢#UAI/USDT

📈Signal: short Leverage: Cross 20X

⚡️...even after TP1 is hit.

📣Trade Smart • Follow Risk",e4755f7e16319c90cbe24d484fe8a6b0,2026-09-07T06:31:27+00:00,2026-09-07T06:53:30.769690+00:00,976,binancefutures_traders_vip
1152429,9208,"🚀 $UAI/USDT PERP 🚀

🟢 LONG

💰 Entry : 0.680$ – 0.6... 5X – 25X

⛔️ SL : 0.550$

📌 Use Only 2-5% Capital",bbd53f439cfd56551a73437b12c33f08,2026-09-07T06:31:27+00:00,2026-09-07T06:53:30.639231+00:00,976,binancefutures_traders_vip
1152451,9207,"📊 #F/USDT

🟢 POSITION: LONG

💰 ENTRY RANGE
➤ 0.003... 0.00315

━━━━━━━━━━━━━━━━━━

✅ Manage risk wisely",2858f8fa39ff6e7830c04fd7a8b7f92f,2026-09-07T06:30:53+00:00,2026-09-07T06:53:30.811371+00:00,976,binancefutures_traders_vip
1152440,9205,"🔰CFG/USDT 🔰   

🟢 LONG 10X 20X

♻ ENTRY 
1️⃣ 0.133...

1️⃣ 0.137
2️⃣ 0.142
3️⃣ 0.150

⛔ STOPLOSS  0.117",097b3d558870da0f4feaae530a87b69f,2026-09-07T06:30:06+00:00,2026-09-07T06:53:30.700987+00:00,976,binancefutures_traders_vip
1152448,9200,"🐳 TAO/USDT #LONG🐳

✳️ ENTRY :- 273 - 260

💢 LEVERA...0
3 : 320

⛔️ STOP-LOSS :- 252

☝️ Margin Use 2–3%",4741ff420534ca6731678ed8a20397e4,2026-09-07T06:29:58+00:00,2026-09-07T06:53:30.767245+00:00,976,binancefutures_traders_vip
1152447,9197,"$ORCA/USDT #SHORT📩

✅ENTRY :-1.59/1.63

Target 1: ...𝐎𝐧𝐥𝐲 𝟏-𝟑% 𝐎𝐟 𝐎𝐮𝐫 𝐃𝐞𝐩𝐨𝐬𝐢𝐭 𝐅𝐨𝐫 𝐄𝐚𝐜𝐡 𝐓𝐫𝐚𝐝𝐞

React,??m",f52e0c089278e431db6f28de7e13d211,2026-09-07T06:29:58+00:00,2026-09-07T06:53:30.757420+00:00,976,binancefutures_traders_vip
1152446,9203,"💵 𝐒𝐈𝐆𝐍𝐀𝐋 𝐀𝐋𝐄𝐑𝐓 💵

#FLOCK/USDT (25xSHORT)

✅ ENTRY:...

TARGETS:-0.07280/0.068/0.063

❌ STOP LOSS: 0.085",d56af3c0fd39f6fc6030a5b9dfe6d034,2026-09-07T06:29:58+00:00,2026-09-07T06:53:30.745715+00:00,976,binancefutures_traders_vip
1152445,9193,"🚀 #OVER99WINS | TRADE SETUP 🚀

⭐ UB /USDT — LONG

...o

📌 Follow the setup and manage your risk wisely.",bcd32cee3a093c7c9dce30826d65e7c2,2026-09-07T06:29:58+00:00,2026-09-07T06:53:30.743640+00:00,976,binancefutures_traders_vip
1152444,9201,"📍Coin : #DOT/USDT

🟢 LONG 

👉 Entry: 0.9729 - 0.94...t 5: 1.0300
🎯 Target 6: 1.0400

❌ StopLoss: 0.9216",3dcc31843bf6bff57eaad414fde594b4,2026-09-07T06:29:58+00:00,2026-09-07T06:53:30.742676+00:00,976,binancefutures_traders_vip
1152442,9194,"Trade: #CFG/USDT

Direction: 📉 Short 

🟢 Entry Ran...41
• Target 6: 0.1227

💠 Leverage : 5x - 10x - 20x",f5968a9263f402d9efece2d39ec09b8a,2026-09-07T06:29:58+00:00,2026-09-07T06:53:30.719471+00:00,976,binancefutures_traders_vip
1152439,9204,"⚡ #MANTRA/USDT

📤 Long 

💹 Buy: 0.004593 - 0.00440...- 0.004872

🧨 StopLoss: 0.004300 

🔘 Leverage: 20x",780e9f5d3c1872891e77f95f64ac2dce,2026-09-07T06:29:58+00:00,2026-09-07T06:53:30.685376+00:00,976,binancefutures_traders_vip
1152433,9198,"🔴 SHORT

#KAVA/USDT

Entry : 

1) 0.053910
2) 0.05...0180

🛑 Stop : 0.057306

Leverage : 10x (isolated)",3edc4d1e57ab73288adf6cf05c454d91,2026-09-07T06:29:58+00:00,2026-09-07T06:53:30.668845+00:00,976,binancefutures_traders_vip
1152432,9195,"📊#ASTR/USDT–LONG–30x 🚀

📍 𝐄𝐧𝐭𝐫𝐲 𝐙𝐨𝐧𝐞:

➥ 0.0067, 0...tal.

⚠️ Disclaimer:
Trade at your own risk. DYOR.",8fdc78e7448f4dec91cef4622d3ef4c9,2026-09-07T06:29:58+00:00,2026-09-07T06:53:30.666031+00:00,976,binancefutures_traders_vip
1152425,9199,"#LONG 🟢🔤🔤🔤🔤🔤

#SKHYNIX/USDT

Margin Mode : Isolate...

🟥 SL : 1262.12 - 100%   

📊 LEV : 20X

🇯🇵Premium",4f03f5b812696fc48b78b149365c4065,2026-09-07T06:29:58+00:00,2026-09-07T06:53:30.633432+00:00,976,binancefutures_traders_vip
1152436,9191,"⌛#SUSHI/USDT  ( LONG )

🍁 Leverage 👉 20X to 25X 

...59 | 0.2479 | 0.2508 | 0.2538

🔕 Stoploss = 0.2321",24c30ff5c6886be1dfcb74b8285b0b42,2026-09-07T06:29:57+00:00,2026-09-07T06:53:30.675256+00:00,976,binancefutures_traders_vip
1152434,9186,"#UBUSDT — BUY (LONG) 
🎉
🟢 Leverage: Cross  20x50

...Risk Management:
Use only 2%– 3%of your portfolio.",7dcac15aeb43797a7246eadfdabffc6e,2026-09-07T06:29:57+00:00,2026-09-07T06:53:30.667047+00:00,976,binancefutures_traders_vip
1152430,9190,"🟢WOO/USDT 📈

📈 long Setup 

💰 Entry Zone: 0.0120–0...et 1. 
✅ Move SL to breakeven after Target 1 hits.",5044c4f355448f4bf06a7fe28ce4b330,2026-09-07T06:29:57+00:00,2026-09-07T06:53:30.659527+00:00,976,binancefutures_traders_vip
1152426,9188,"#DOOD/USDT LONG     

👉Leverage : Cross 10× To 30×...00235
2)  0.00255
3)  0.00295

⭕Stoploss : 0.00205",8d879c1ee797daa905960c111de32356,2026-09-07T06:29:57+00:00,2026-09-07T06:53:30.637704+00:00,976,binancefutures_traders_vip
1152428,9189,"#CATI/USDT LONG     

👉Leverage : Cross 10× To 30×...)  0.0652
2)  0.0662
3)  0.0672

⭕Stoploss : 0.060",af7958f1a4b179d2f1116395a7f00456,2026-09-07T06:29:57+00:00,2026-09-07T06:53:30.637049+00:00,976,binancefutures_traders_vip
1152421,9192,"NEARUSDTUSDT  
Exchanges: BINGX 

🟢 Short
Leverage... 2.31
4) 2.29
5) 2.27
6) 2.24
7) 🚀🚀🚀 

⛔️ SL:
2.55",d2832456b2deb00c17c9f24866d8286c,2026-09-07T06:29:57+00:00,2026-09-07T06:53:30.581267+00:00,976,binancefutures_traders_vip
1160787,9213,"🚀 #OVER99WINS | TRADE SETUP 🚀

⭐ UNI /USDT — LONG
...o

📌 Follow the setup and manage your risk wisely.",c3a7cd5c75eddbaf129f53e682e04afd,2026-09-07T11:14:19+00:00,2026-09-07T11:33:27.740217+00:00,976,binancefutures_traders_vip
1160786,9212,"🚀 LONG: $4/USDT
LEVERAGE: 50x

✔️ENTRY PRICE: 0.02...-0.02850-0.03100

STOP LOSS:  0.02520


REACTIONS?",3a3d1414438b344972e44c1684a4163f,2026-09-07T11:14:18+00:00,2026-09-07T11:33:27.738724+00:00,976,binancefutures_traders_vip
1160785,9211,"$ONDOUSDT

SHORT

RR : 2

LEVERAGE : 30x

ENTRY : ...893

TAKE PROFITS 👇

1️⃣ 0.3764

STOPLOSS : 0.3956",ed36d4e86887df07708413d74a889e72,2026-09-07T10:45:33+00:00,2026-09-07T11:33:27.732084+00:00,976,binancefutures_traders_vip
1160784,9210,"🚀 #OVER99WINS | TRADE SETUP 🚀

⭐ TIA /USDT — LONG
...o

📌 Follow the setup and manage your risk wisely.",e2212d81136f37d33a201a573c257ef8,2026-09-07T10:45:33+00:00,2026-09-07T11:33:27.725505+00:00,976,binancefutures_traders_vip
1163415,9263,PRL LONG 0.1342 tp1 0.1370,f0fdb9a5de015b0a705fddfc9e48f0d0,2026-09-07T14:07:44+00:00,2026-09-07T14:29:48.665306+00:00,976,binancefutures_traders_vip
1163414,9266,"🚩 SHORT #ZAMA/USDT

⚙️ 75X LEVERAGE

🛡 Entry: 0.05...: 0.05060
TP3: 0.04780

🛑 SL: 0.06100

🔥REACTIONS?",0cb686979090aa89229abde4e4265408,2026-09-07T14:07:44+00:00,2026-09-07T14:29:48.638241+00:00,976,binancefutures_traders_vip
1163413,9264,"🚀 #PRL/USDT LONG SIGNAL 🚀
📍 Entry: 0.1342


🎯 Take... your risk, and let's catch this move together! 🪙🔥",d6ef80f841390c6c035f1f1125c8bf2a,2026-09-07T14:07:44+00:00,2026-09-07T14:29:48.625386+00:00,976,binancefutures_traders_vip
1163394,9261,"🔴 SHORT

#NEO/USDT

Entry zone : 2.271 - 2.205

Ta...060
1.994
1.927

Stop loss :2.35935

Leverage: 10x",3a11ca6196e27f682cbb4cf7633242f2,2026-09-07T14:07:44+00:00,2026-09-07T14:29:48.504608+00:00,976,binancefutures_traders_vip
1163402,9259,"TREEUSDT - LONG ( Swing trade ) 📈

Entry : Market ...t : 

*0.048
0.05
0.055
0.06*

Stoploss at : 0.034",289a844729e92342c8b96b9b785f2967,2026-09-07T14:04:43+00:00,2026-09-07T14:29:48.532207+00:00,976,binancefutures_traders_vip
1163390,9258,"🚩 SHORT #FLOCK/USDT

⚙️ 75X LEVERAGE

🛡 Entry: 0.0...: 0.06450
TP3: 0.06340

🛑 SL: 0.07200

🔥REACTIONS?",0d65be6ddd3d9f10bb4d6f0b5958487c,2026-09-07T14:04:43+00:00,2026-09-07T14:29:48.470318+00:00,976,binancefutures_traders_vip
1163411,9257,"🟢ICP/USDT My long Trade Setup

Leverage 75X

Entry...  3.100

Stop Loss: 2.950

Follow Money Management",aeef86750f14eab5333862883b6fa79c,2026-09-07T13:27:03+00:00,2026-09-07T14:29:48.612994+00:00,976,binancefutures_traders_vip
1163416,9255,"➡️ #SOPH     /USDT (SHORT) 🔽🔽

⌛LEVERAGE : 20X TO ...55

💥Use only 1%margin of your total portfolio❤️😘😇",3decacf0dda673ce8ed47c106f4c98ed,2026-09-07T13:19:48+00:00,2026-09-07T14:29:48.670459+00:00,976,binancefutures_traders_vip
1163409,9254,"TREEUSDT - LONG ( Swing trade ) 📈

Entry : Market ...t : 

*0.048
0.05
0.055
0.06*

Stoploss at : 0.034",289a844729e92342c8b96b9b785f2967,2026-09-07T13:19:48+00:00,2026-09-07T14:29:48.577729+00:00,976,binancefutures_traders_vip
1163398,9256,"#SHORT 🔴 🔤🔤🔤🔤🔤

#NEAR/USDT 

Margin Mode : Isolate....155

🟩 SL : 2.506 - 100%

📊 LEV : 20X

🇯🇵 Premium",1ccd977c4e23510fd1ad1ac64f5e477b,2026-09-07T13:19:48+00:00,2026-09-07T14:29:48.503696+00:00,976,binancefutures_traders_vip
1163401,9253,"🔘 Coin : #ORCA/USDT 🔘

🟢 LONG

🔺Entry🔻: 1.545

⭐️ ....608 - 1.638

♦️ StopLoss : 1.488

🔱 Leverage: 25x",329dff97e34bc9ce21d57fbe076ee7ff,2026-09-07T13:06:24+00:00,2026-09-07T14:29:48.518267+00:00,976,binancefutures_traders_vip
1163375,9245,"🔴 SHORT

#ATOM/USDT

Entry : 

1) 1.669
2) 1.719

...) 1.553

🛑 Stop : 1.774

Leverage : 10x (isolated)",4cc168eb203b5e81875aace148d9ebba,2026-09-07T13:03:51+00:00,2026-09-07T14:29:48.079864+00:00,976,binancefutures_traders_vip
1163408,9244,"⚡️ BTC/USDT ⚡️

🔻 SCALP LONG

💎 Leverage: 10x – 15...oss: $76595

⚠️ Trade with proper risk management.",4d0162e77848f347e061d0c97d1ac8f4,2026-09-07T13:03:43+00:00,2026-09-07T14:29:48.578666+00:00,976,binancefutures_traders_vip
1163395,9236,"🪙 Coin: #XAN/USDT
🧭 Type: #LONG

📈 Entry Zone:
0.0... within the zone and maintain strict risk control.",d5f0127db3dea847bd680b8d3891631b,2026-09-07T12:51:01+00:00,2026-09-07T14:29:48.511524+00:00,976,binancefutures_traders_vip
1163379,9237,"#XAN/USDT LONG     

👉Leverage : Cross 10× To 30×
...)  0.0205
2)  0.0210
3)  0.0220

⭕Stoploss : 0.018",ef229a870206b6c37f301f040c94617d,2026-09-07T12:51:01+00:00,2026-09-07T14:29:48.360393+00:00,976,binancefutures_traders_vip
1163405,9235,"⭐️$ZORA/USDT  LONG

🛡Leverage : Cross 25x50

‼️Ent...007809

Use only 3% - 5% amount of your portfolio🛍",f9e90102a50347300cf31510362aed4d,2026-09-07T12:35:46+00:00,2026-09-07T14:29:48.557754+00:00,976,binancefutures_traders_vip
1163397,9221,"📍Coin : #AVNT/USDT

🟢 LONG 

👉 Entry: 0.1092 - 0.1...t 5: 0.1147
🎯 Target 6: 0.1158

❌ StopLoss: 0.1032",cb3849b54b4d95c00e40ecedd2dd776a,2026-09-07T12:35:03+00:00,2026-09-07T14:29:48.513298+00:00,976,binancefutures_traders_vip
1163376,9216,"LUNA2 / USDT 

SHORT SHORT SHORT 

IST ENTRY AT MA...E 

TP 0.05300
TP 0.05260
TP 0.05205

15X LEVERAGE",4735d3158b005b79339ef19a179d3028,2026-09-07T12:29:13+00:00,2026-09-07T14:29:48.149215+00:00,976,binancefutures_traders_vip
1163373,9215,"Coin #ZRO/USDT

Position: LONG 

Leverage:  Cross ...1.14

Targets: 🎯 1.20, 1.25, 1.32

Stop Loss: 1.11",ce4da70767e5847a7c6c003859e4acc1,2026-09-07T12:29:12+00:00,2026-09-07T14:29:47.949676+00:00,976,binancefutures_traders_vip
1163372,9214,"🌈PAIR:- LUNA2/USDT
⚡️ Direction : LONG
🛠 Leverage:...nt Usage:- 1 - 2%
(According To your Risk Setting)",ef53d602106cfae325bba33324da2f37,2026-09-07T12:29:12+00:00,2026-09-07T14:29:47.618773+00:00,976,binancefutures_traders_vip
1167276,9296,"🚀 #OVER99WINS | TRADE SETUP 🚀

⭐ BR /USDT — LONG

...o

📌 Follow the setup and manage your risk wisely.",25510ebfb2958501e500bd66451d0ddd,2026-09-07T15:54:37+00:00,2026-09-07T16:19:24.229070+00:00,976,binancefutures_traders_vip
1167269,9292,"#BR USDT — BUY (LONG) 
🎉
🟢 Leverage: Cross  20x50
...Risk Management:
Use only 2%– 3%of your portfolio.",3df8f55a263de444f35a5505eb2fde37,2026-09-07T15:54:37+00:00,2026-09-07T16:19:24.160712+00:00,976,binancefutures_traders_vip
1167265,9293,"💸 LONG —MINA

Entry: 0.08045

💸 Targets: 0.08127 /...9

💸  Stop: 0.07639

💸 Move SL to entry after TP1.",2aed2a50a13bc9b82e809b423c2a350b,2026-09-07T15:54:37+00:00,2026-09-07T16:19:24.138876+00:00,976,binancefutures_traders_vip
1167257,9295,"COIN: #UAI  /USDT (SHORT) SETUP

📊 Leverage 25x to...ENT IS KEY
Use only 1–2% of your capital per trade",1e9273d7b10c03f0841f65add2c7f28e,2026-09-07T15:54:37+00:00,2026-09-07T16:19:23.990233+00:00,976,binancefutures_traders_vip
1167279,9288,"COIN: #IOST /USDT (LONG) SETUP

📊 Leverage 25x to ...ENT IS KEY
Use only 1–2% of your capital per trade",c40a36041d515b9a44c126655ecce00a,2026-09-07T15:12:13+00:00,2026-09-07T16:19:24.253536+00:00,976,binancefutures_traders_vip
1167268,9283,"🔴 Short

Pair: #KAVA/USDT

📊 Entry Price: 

1) 0.0...) 0.052823

Stop Loss: 0.060325

Leverage: 10x-20x",cadcca857dec8f76d4d326393c19752b,2026-09-07T14:55:36+00:00,2026-09-07T16:19:24.151618+00:00,976,binancefutures_traders_vip
1167263,9280,"🟢#WLD/USDT

📈Signal: long Leverage: Cross 20X

⚡️E...even after TP1 is hit.

📣Trade Smart • Follow Risk",6c2368282463d9e868953a1f1e69b7b0,2026-09-07T14:55:36+00:00,2026-09-07T16:19:24.131758+00:00,976,binancefutures_traders_vip
1167280,9277,"COIN: #IOST /USDT (SHORT) SETUP

📊 Leverage 25x to...ENT IS KEY
Use only 1–2% of your capital per trade",9e0adbb414ca11c02bb6c6cf27086fba,2026-09-07T14:54:21+00:00,2026-09-07T16:19:24.266475+00:00,976,binancefutures_traders_vip
1167256,9275,"🚀 LONG: $PIEVERSE/USDT
LEVERAGE: 50x

✔️ENTRY PRIC...3000-1.3500-1.4700

STOP LOSS:  1.2200

REACTIONS?",3ea339eb0ab48af270643da2346e9da4,2026-09-07T14:54:20+00:00,2026-09-07T16:19:23.983626+00:00,976,binancefutures_traders_vip
1167262,9274,"✅Entry 0.1237 -0.1220

(🆘LONG CFGUSDT 5-20x🆘)

🏹 T... 5  $0.1300
🏹Target 6  $0.1313

🚫Stop loss -0.1169",6b43b031c0a5110a5f9bbbabfe43601d,2026-09-07T14:50:33+00:00,2026-09-07T16:19:24.128002+00:00,976,binancefutures_traders_vip
1167261,9273,LONG CFG 0.1240,e8330bf040ed01416e039d1710fe7b3c,2026-09-07T14:50:33+00:00,2026-09-07T16:19:24.122077+00:00,976,binancefutures_traders_vip
1169718,9299,"↗️ SHORT CALL ( BINANCE ) 

#CGPT/USDT 🥂

Signal T...17x LEVERAGE 👀

TAKE PROFIT -  0.01950 - 0.01700🔥🔥",dff4c61ea2287a89c21ec777035b9e88,2026-09-07T17:16:02+00:00,2026-09-07T17:47:13.026270+00:00,976,binancefutures_traders_vip
1169717,9301,"🚨 #FLOCK/USDT | LONG

⚡Leverage: Cross 50X

🎯Entry... follow the signal and secure profits at targets.💎",0e81f3b28a2e706cb040e8d72c790e74,2026-09-07T17:16:02+00:00,2026-09-07T17:47:13.020811+00:00,976,binancefutures_traders_vip
1172338,9326,"💰#BR/ USDT👑

💎Setup Type: Strong LONG  🔖Opportunit...TP ➝ 0.32000

4️⃣TP ➝ 0.40000

🚫Stop Loss: 0.24000",5bc17d135f337e7c754b65d960a65b5c,2026-09-07T18:59:44+00:00,2026-09-07T19:12:04.443650+00:00,976,binancefutures_traders_vip
1172337,9325,"🚨 NEW TRADE SIGNAL 🚨

📊 UAI/USDT — Perpetual

📞 EN...arefully.

📈 I’ll update the trade as it develops.",6ba5e9ddf6c5ad233cc648c60faa9060,2026-09-07T18:59:44+00:00,2026-09-07T19:12:04.435729+00:00,976,binancefutures_traders_vip
1172341,9323,"🚨 #SUSHI/USDT | LONG

⚡Leverage: Cross 50X

🎯Entry... follow the signal and secure profits at targets.💎",16d7e4ad40f4be225a6f4cac3e575069,2026-09-07T18:17:20+00:00,2026-09-07T19:12:04.483157+00:00,976,binancefutures_traders_vip
1183932,9340,"🟢#1000CAT/USDT

📈Signal: long Leverage: Cross 20X
...even after TP1 is hit.

📣Trade Smart • Follow Risk",a4e82516159c3d1598e0d9471f3ef8b5,2026-09-08T08:26:24+00:00,2026-09-08T09:01:21.952137+00:00,976,binancefutures_traders_vip
1183931,9338,"🟢COIN: #SOPH /USDT (LONG)

📊 Leverage 25x to 50x

...ENT IS KEY
Use only 1–2% of your capital per trade",9f950d7dc90f80592a5a4685a8437c32,2026-09-08T08:26:24+00:00,2026-09-08T09:01:21.945084+00:00,976,binancefutures_traders_vip
1183929,9341,"📊 Let’s LONG #SOPH /USDT

💥 Leverage:  Cross 20×  ... 0.0105
2) 0.0110
3) 0.0120

🔖 Stop Loss: 0.009380",a4c4481323d9402f509c83a4a8e5fe71,2026-09-08T08:26:24+00:00,2026-09-08T09:01:21.935527+00:00,976,binancefutures_traders_vip
1183928,9337,"🚨 #FLOCK/USDT | LONG

⚡Leverage: Cross 50x

🎯Entry... — follow the sign and secure profits at targets.💎",9dc2ca9320f782852732014ba38cbf8c,2026-09-08T08:26:24+00:00,2026-09-08T09:01:21.906406+00:00,976,binancefutures_traders_vip
1183927,9336,"🚨 #SOPH/USDT | LONG

⚡Leverage: Cross 50x

🎯Entry ... follow the signal and secure profits at targets.💎",f858ed14c5ae7858f4b973e14c154c15,2026-09-08T08:26:24+00:00,2026-09-08T09:01:21.891565+00:00,976,binancefutures_traders_vip
1187413,9360,"🔴 Short

Pair: #VET/USDT

📊 Entry Price: 

1) 0.00...) 0.007186

Stop Loss: 0.008207

Leverage: 10x-20x",01b0c40405f86ec6112fd3f949c8ead1,2026-09-08T10:30:56+00:00,2026-09-08T10:38:01.008246+00:00,976,binancefutures_traders_vip
1187416,9359,"$ATOM

LONG | Entry: 1.654
TP1: 1.701
TP2: 1.762
TP3: 1.825
SL: 1.597",e933cb6bf2c9d47c0f595c34aed5d402,2026-09-08T10:02:54+00:00,2026-09-08T10:38:01.017576+00:00,976,binancefutures_traders_vip
1187415,9357,"#SOPH USDT — BUY (LONG) 
🎉
🟢 Leverage: Cross  50x7...Risk Management:
Use only 2%– 3%of your portfolio.",63a082d32c183342c6d055fa8d874a02,2026-09-08T10:02:54+00:00,2026-09-08T10:38:01.016098+00:00,976,binancefutures_traders_vip
1187410,9358,"📊 #ON/USDT

🟢 POSITION: LONG

💰 ENTRY RANGE
➤ 0.19...
➤ 0.170

━━━━━━━━━━━━━━━━━━

✅ Manage risk wisely",c9240ad7dd0e67b4f029cb793c881272,2026-09-08T10:02:54+00:00,2026-09-08T10:38:00.976971+00:00,976,binancefutures_traders_vip
1187406,9356,"⭐️$BTR/USDT  LONG

🛡Leverage : Cross 25x50

‼️Entr....04664

Use only 3% - 5% amount of your portfolio🛍",3bec9a87947613cd2ac2c282d63fa8ef,2026-09-08T10:02:54+00:00,2026-09-08T10:38:00.916516+00:00,976,binancefutures_traders_vip
1187412,9354,"⭐️$IOST/USDT  LONG

🛡Leverage : Cross 25x50

‼️Ent...008486

Use only 3% - 5% amount of your portfolio🛍",483c31e96d8aab0264adf8f189341fcc,2026-09-08T10:02:53+00:00,2026-09-08T10:38:00.995414+00:00,976,binancefutures_traders_vip
1187405,9353,IOSTUSDT LONG NOW,cd9fa5befd256cfca5a75831e938068b,2026-09-08T10:02:53+00:00,2026-09-08T10:38:00.913408+00:00,976,binancefutures_traders_vip
1187414,9349,"💰#SOPH/ USDT👑

💎Setup Type: Strong LONG  🔖Opportun...➝ 0.011800

4️⃣TP ➝ 0.012900

🚫Stop Loss: 0.008500",66d16a8345045ba97f60ae80e2dd375a,2026-09-08T09:23:47+00:00,2026-09-08T10:38:01.012315+00:00,976,binancefutures_traders_vip
1187408,9352,"🚀 #OVER99WINS | TRADE SETUP 🚀

⭐ SOPH /USDT — LONG...o

📌 Follow the setup and manage your risk wisely.",82f043a0c34bfff235aa19ecb8a72a2d,2026-09-08T09:23:47+00:00,2026-09-08T10:38:00.953083+00:00,976,binancefutures_traders_vip
1187407,9350,"BICO/USDT 

SHORT SHORT SHORT 

OPEN MARKET PRICE ...2500
TP 0.022300
TP 0.022100

SL 0.026400

LEV 15X",18bf302d3b035f9eb618055881ea091b,2026-09-08T09:23:47+00:00,2026-09-08T10:38:00.932837+00:00,976,binancefutures_traders_vip
1189300,9366,"🚀 #OVER99WINS | TRADE SETUP 🚀

⭐ CROSS /USDT — LON...o

📌 Follow the setup and manage your risk wisely.",62b1a0aee3bebbb68de14a8be8fa7afd,2026-09-08T12:11:11+00:00,2026-09-08T12:11:59.440244+00:00,976,binancefutures_traders_vip
1189303,9365,"🌹 #XPL/USDT

🟢 LONG

✅ Entry: 0.09965- 0.09823

❌ ...l advice.
💰 Stay disciplined. Protect your capital",5c9c2b0fcbf9c732850b0033e786a345,2026-09-08T10:41:44+00:00,2026-09-08T12:11:59.458027+00:00,976,binancefutures_traders_vip
1189301,9362,"#XPL/USDT

LONG LONG LONG 

OPEN MARKET PRICE 

TP...50
TP 0.10650
TP 0.10800

SL 0.09510

Leverage 25X",08393aba3e8b1223fb6183d9425e222f,2026-09-08T10:41:44+00:00,2026-09-08T12:11:59.452201+00:00,976,binancefutures_traders_vip
1189299,9364,"🚨 #USELESS/USDT | SHORT

⚡Leverage: Cross 50x

🎯En... follow the signal and secure profits at targets.💎",ae9aeae95ce00f709405b5ea27b66eb1,2026-09-08T10:41:44+00:00,2026-09-08T12:11:59.446977+00:00,976,binancefutures_traders_vip
1189298,9361,"📊#VET/USDT — LONG

⚡️ Leverage : 20X – 35X

💹Entry...Entry After TP1

⚖️ Follow Proper Risk Management.",a06dd4fb911de4e272701259c6f646ab,2026-09-08T10:41:44+00:00,2026-09-08T12:11:59.381267+00:00,976,binancefutures_traders_vip
1192064,9374,"🚨 #USELESS/USDT | SHORT

⚡Leverage: Cross 50x

🎯En... follow the signal and secure profits at targets.💎",5f4e0ec37d0d23e910f3c8c815f010e7,2026-09-08T12:28:53+00:00,2026-09-08T13:36:01.770790+00:00,976,binancefutures_traders_vip
1192061,9373,"🚀 #BICOUSDT LONG SIGNAL 🚀
📍 Entry: 0.02475


🎯 Tak... your risk, and let's catch this move together! 🪙🔥",5742031480c613350992b54c39358763,2026-09-08T12:26:55+00:00,2026-09-08T13:36:01.754654+00:00,976,binancefutures_traders_vip
1192063,9372,BICO LONG 0.02475 tp1 0.02530,4378d9e942e2538b2cccb2bdc98e9f74,2026-09-08T12:26:54+00:00,2026-09-08T13:36:01.769509+00:00,976,binancefutures_traders_vip
1192062,9371,"🟢#VVV/USDT

📈Signal: long Leverage: Cross 20X

⚡️E...even after TP1 is hit.

📣Trade Smart • Follow Risk",d755d163c291376c1251bfcc228ab4ae,2026-09-08T12:26:54+00:00,2026-09-08T13:36:01.759046+00:00,976,binancefutures_traders_vip
1194473,9437,"#VET buy setup long 

Tp 0.0080$-0.0085$-0.01-0.012-0.016$ 

Stop lose 0.0072$ 

Use 5X",76b30c16b14ad2e4c0576a451ecf501d,2026-09-08T14:55:52+00:00,2026-09-08T15:04:28.957307+00:00,976,binancefutures_traders_vip
1194469,9436,"#SCR/USDT BUY (LONG) 

⚡️Leverage : Cross 25x to 5...02330

⚠️Use only 3% - 5% amount of your portfolio",c420025546c6feb5c2df0d8d63b2d9bd,2026-09-08T14:55:19+00:00,2026-09-08T15:04:28.933424+00:00,976,binancefutures_traders_vip
1194476,9434,"🟢#FLOCK/USDT

📈Signal: long Leverage: Cross 20X

⚡...even after TP1 is hit.

📣Trade Smart • Follow Risk",1fbba236c256dda308a9289583208a9c,2026-09-08T14:46:34+00:00,2026-09-08T15:04:29.016495+00:00,976,binancefutures_traders_vip
1194475,9428,"EXCHANGE/BYBIT/BITUNIX/OKX📌 


DAY TRADE 🏆

LONG/H...agement 🏆


Use only 5% of your 📈Available balance",5667c32ed326163e05727fb94bd0ef05,2026-09-08T14:25:17+00:00,2026-09-08T15:04:29.010201+00:00,976,binancefutures_traders_vip
1194470,9427,"🚀 #MEGAUSDT LONG SIGNAL 🚀
📍 Entry: 0.04210


🎯 Tak... your risk, and let's catch this move together! 🪙🔥",d66235661dbcf31b41bfa2ffa936c4fc,2026-09-08T14:25:17+00:00,2026-09-08T15:04:28.935052+00:00,976,binancefutures_traders_vip
1194466,9431,"🚀 #AKEUSDT LONG SIGNAL 🚀
📍 Entry: 0.01975


🎯 Take... your risk, and let's catch this move together! 🪙🔥",812bbd2204d0d5e93628aa3d818d2689,2026-09-08T14:25:17+00:00,2026-09-08T15:04:28.916134+00:00,976,binancefutures_traders_vip
1194456,9432,"🔴SHORT  #BTCUSDT

🔶 Entry : 78300 - 78400

➡️ Leve...ake Profit Targets :

👉 77300

🛑 Stop Loss : 79500",ea6f2ec4256ae0c6dfad5b1d7400de46,2026-09-08T14:25:17+00:00,2026-09-08T15:04:28.733079+00:00,976,binancefutures_traders_vip
1194454,9429,"#WLD $WLD LONG TRADE

ENTRY: 0.47

TARGET: 0.51

STOPLOSS: 0.4562",2f6f2c577ce4f26b9a441f54cc89f4f0,2026-09-08T14:25:17+00:00,2026-09-08T15:04:28.722814+00:00,976,binancefutures_traders_vip
1194444,9430,AKE LONG 0.01975 TP1 0.02017,797727eb58398722e107a0ffb4f5094f,2026-09-08T14:25:17+00:00,2026-09-08T15:04:28.686860+00:00,976,binancefutures_traders_vip
1194464,9424,"✅ Long

Pair: #NEO/USDT

📊 Entry Price: 

1) 2.160....262
4) 2.307

Stop Loss: 2.023

Leverage: 10x-20x",0292e0c3540914601366ffe866ce8d6b,2026-09-08T13:49:11+00:00,2026-09-08T15:04:28.903391+00:00,976,binancefutures_traders_vip
1194455,9425,"#SHORT 🔴 🔤🔤🔤🔤🔤

#DOGE/USDT 

Margin Mode : Isolate...32

🟩 SL : 0.09206 - 100%

📊 LEV : 20X

🇯🇵 Premium",42ade274659390e05ee7944da36c9edd,2026-09-08T13:49:11+00:00,2026-09-08T15:04:28.723811+00:00,976,binancefutures_traders_vip
1194448,9423,"ETH/USD SELL 

Entry : $ 2456.53

Target1: $  2431
Target2: $  2392
Target3: $  2354


SL : $ 2494",b28d3f7e626e25f3b36adc528de1a78b,2026-09-08T13:44:44+00:00,2026-09-08T15:04:28.713418+00:00,976,binancefutures_traders_vip
1197436,9474,"ADA/USD SELL 

Entry : $ 0.22657

Target1: $  0.22...2: $  0.21596
Target3: $  0.20810


SL : $ 0.23467",0db37ffc9d542660f4ca178643eaeb99,2026-09-08T16:30:00+00:00,2026-09-08T16:31:45.189637+00:00,976,binancefutures_traders_vip
1197435,9473,"ETH/USD SELL 

Entry : $ 2491.36

Target1: $  2469
Target2: $  2442
Target3: $  2414


SL : $ 2520",1b481bf37c2bdd04a572129a1fc9d3d6,2026-09-08T16:28:50+00:00,2026-09-08T16:31:45.151129+00:00,976,binancefutures_traders_vip
1197426,9471,"#SOL

After the nearest high is broken, a shift in...gets: 104.57 / 105.88 / 110.21
📉 Stop Loss: 100.11",cd2f58f8b940813a180c2aa1c0f879c0,2026-09-08T16:28:49+00:00,2026-09-08T16:31:45.026353+00:00,976,binancefutures_traders_vip
1197425,9472,"💰#SOPH/ USDT👑

💎Setup Type: Strong SHORT  🔖Opportu...➝ 0.005300

4️⃣TP ➝ 0.004000

🚫Stop Loss: 0.007500",5083a42f0448d225c61ab08b0c02f2d7,2026-09-08T16:28:49+00:00,2026-09-08T16:31:45.010984+00:00,976,binancefutures_traders_vip
1197423,9470,"🔴 Short

Pair: #ATOM/USDT

📊 Entry Price: 

1) 1.7....702
4) 1.664

Stop Loss: 1.900

Leverage: 10x-20x",f6e6cb0cbd004f5b1cb89b18d1843899,2026-09-08T16:23:41+00:00,2026-09-08T16:31:44.967783+00:00,976,binancefutures_traders_vip
1197437,9468,"🚨 #VVV/USDT | LONG

⚡Leverage: Cross 50x

🎯Entry T... follow the signal and secure profits at targets.💎",2cb9b3a7e7181016dd95ac0d9e278cfc,2026-09-08T16:16:52+00:00,2026-09-08T16:31:45.196629+00:00,976,binancefutures_traders_vip
1197432,9469,"$INJ LONG🟢 (25x Lev)

Entry- 6.40$

Targets- 6.493$- 6.567$- 6.672$- 

Stop Loss- 6.175$",1e7bed57d5def32f86be56877a546a0c,2026-09-08T16:16:52+00:00,2026-09-08T16:31:45.105665+00:00,976,binancefutures_traders_vip
1197430,9467,"💰#EPIC/ USDT👑

💎Setup Type: Strong LONG  🔖Opportun...

🥉TP ➝ 0.5000

4️⃣TP ➝ 0.7500

🚫Stop Loss: 0.2700",feac76989618d1a3284df6ad8c5fc40e,2026-09-08T16:16:52+00:00,2026-09-08T16:31:45.096548+00:00,976,binancefutures_traders_vip
1197434,9457,"🚀 #AKEUSDT LONG SIGNAL 🚀
📍 Entry: 0.01972


🎯 Take... your risk, and let's catch this move together! 🪙🔥",a62eaf78ee06fcb00aeed526d7c17a2b,2026-09-08T16:13:13+00:00,2026-09-08T16:31:45.110329+00:00,976,binancefutures_traders_vip
1197433,9460,"📊 Let’s LONG #USELESS /USDT

💥 Leverage:  Cross 20...1) 0.3070
2) 0.3180
3) 0.3400

🔖 Stop Loss: 0.2800",9bbbe4afae3c4780070a1de8d8074d3e,2026-09-08T16:13:13+00:00,2026-09-08T16:31:45.109324+00:00,976,binancefutures_traders_vip
1197427,9466,"#USELESS /USDT BUY (LONG) 

⚡️Leverage : Cross 25x....2800

⚠️Use only 3% - 5% amount of your portfolio",630f4cdb7b90f547e8fd50a772ac8550,2026-09-08T16:13:13+00:00,2026-09-08T16:31:45.036550+00:00,976,binancefutures_traders_vip
1197424,9458,"🔴 SHORT

#ETC/USDT

Entry : 

1) 8.739
2) 9.001

T...) 8.134

🛑 Stop : 9.289

Leverage : 10x (isolated)",35c1df28b1aac9da882b547546e6f518,2026-09-08T16:13:13+00:00,2026-09-08T16:31:44.998948+00:00,976,binancefutures_traders_vip
1197421,9456,AKE LONG 0.01972 TP1 0.02013,cda2872bd1b47fd7f2588d66b58ba2ac,2026-09-08T16:13:13+00:00,2026-09-08T16:31:44.915163+00:00,976,binancefutures_traders_vip
1197422,9462,"💰#KAITO/ USDT👑

💎Setup Type: Strong LONG  🔖Opportu...

🥉TP ➝ 0.4000

4️⃣TP ➝ 0.5000

🚫Stop Loss: 0.2900",243684d7c15f8f20c16ef455c820063a,2026-09-08T16:13:13+00:00,2026-09-08T16:31:44.914473+00:00,976,binancefutures_traders_vip
1197419,9464,"🟢COIN: #USELESS  /USDT (LONG)

📊 Leverage 25x to 5...ENT IS KEY
Use only 1–2% of your capital per trade",84664e01b4fc499de60dffe4ce6a9597,2026-09-08T16:13:13+00:00,2026-09-08T16:31:44.899543+00:00,976,binancefutures_traders_vip
1197417,9455,"✅Entry 0.6417 -0.6320

(🆘LONG AEROUSDT 5-20x🆘)

🏹 ... 5  $0.6803
🏹Target 6  $0.6900

🚫Stop loss -0.6058",fd9b94cf96ff53ae8188432612acf6e3,2026-09-08T16:13:12+00:00,2026-09-08T16:31:44.866564+00:00,976,binancefutures_traders_vip
1197409,9454,LONG AERO 0.64367,9bf24c2e736597dd6f3c5c01a06436ee,2026-09-08T16:13:12+00:00,2026-09-08T16:31:44.709475+00:00,976,binancefutures_traders_vip
1197415,9449,"📈 LONG #FORM/USDT

🚀 LEVERAGE : 50x

📊 ENTRY PRICE...

TP🟢0.330

TP🟢0.350

STOPLOSS 🔴0.290


REACTIONS?",7209223dce21df370272d47901a82a61,2026-09-08T15:42:50+00:00,2026-09-08T16:31:44.831642+00:00,976,binancefutures_traders_vip
1197413,9448,"🚀 LONG: $FORM/USDT
LEVERAGE: 50x

✔️ENTRY PRICE: 0...3180-0.3310-0.3600

STOP LOSS:  0.2925

REACTIONS?",9bc702500e655ece5fa977f5e88b02eb,2026-09-08T15:42:25+00:00,2026-09-08T16:31:44.787376+00:00,976,binancefutures_traders_vip
1197411,9447,"#SOPH USDT — SELL (SHORT) 
🎉
🟢 Leverage: Cross  50...Risk Management:
Use only 2%– 3%of your portfolio.",28cccd5326a409bae402cf01ff453cb7,2026-09-08T15:40:23+00:00,2026-09-08T16:31:44.757437+00:00,976,binancefutures_traders_vip
1197410,9445,"🔴 SHORT

#ADA/USDT

Entry zone : 0.23545 - 0.22860....20676
0.19987

Stop loss :0.244602

Leverage: 10x",69cba36ed5bea87e83911f509b93a798,2026-09-08T15:32:21+00:00,2026-09-08T16:31:44.748188+00:00,976,binancefutures_traders_vip
1197403,9440,"⭐️$SOPH/USDT  SHORT

🛡Leverage : Cross 25x50

‼️En...009351

Use only 3% - 5% amount of your portfolio🛍",1cc2d02676261e1e75e6d144590fcac0,2026-09-08T15:27:14+00:00,2026-09-08T16:31:44.369979+00:00,976,binancefutures_traders_vip
1201299,9479,"🚨 #SOPH/USDT | SHORT

⚡Leverage: Cross 50x

🎯Entry... follow the signal and secure profits at targets.💎",e9d27d82d3661a9e920fc356245f0e6c,2026-09-08T16:53:35+00:00,2026-09-08T18:01:12.219756+00:00,976,binancefutures_traders_vip
1201291,9477,"🟢COIN: #USELESS  /USDT (LONG)

📊 Leverage 25x to 5...ENT IS KEY
Use only 1–2% of your capital per trade",e01db7d0f839292228d2c523f619fac0,2026-09-08T16:53:35+00:00,2026-09-08T18:01:12.161882+00:00,976,binancefutures_traders_vip
1201292,9478,"📊 Let’s LONG #USELESS/USDT

💥 Leverage:  Cross 20×...s: 

1) 0.302
2) 0.313
3) 0.330

🔖 Stop Loss: 0.27",1941e0c8f37976d3b9f36150d8a8a90f,2026-09-08T16:53:35+00:00,2026-09-08T18:01:12.160175+00:00,976,binancefutures_traders_vip
1201288,9475,"📊 Let’s SHORT #SOPH /USDT

💥 Leverage:  Cross 20× ....00630
2) 0.00600
3) 0.00530

🔖 Stop Loss: 0.00700",9c2a2fea5fe184b88c6aa68131697710,2026-09-08T16:53:35+00:00,2026-09-08T18:01:12.034459+00:00,976,binancefutures_traders_vip
1204660,9494,"$ETCUSDT

LONG

RR : 2

LEVERAGE : 25x

ENTRY : 8.750

TAKE PROFITS 👇

1️⃣ 9.136

STOPLOSS : 8.561",2896f23036f09b3d12b0e8e67f27bca2,2026-09-08T19:32:07+00:00,2026-09-08T20:36:13.832005+00:00,976,binancefutures_traders_vip
1204658,9493,"🔰 PAIR: XRP/ USDT 💹

🟢Position: LONG🚀

☑️ Entry Zo...:
🥇 1.4351
🥈 1.4472
🥉 1.4727

❌ Stop Loss: 🔴1.4007",bdf981fbd2fec28f5c734b78aae76864,2026-09-08T19:32:07+00:00,2026-09-08T20:36:13.829307+00:00,976,binancefutures_traders_vip
1204657,9496,"⚡️⚡️#EPIC/USDT⚡️⚡️

Signal Type : Long
Leverage : ...
1) 0.3913
2) 0.4063
3) 0.4211

Stop Loss : 0.3701",203cb4bac81f2f239cdbe26d4aeaa1fb,2026-09-08T19:32:07+00:00,2026-09-08T20:36:13.828267+00:00,976,binancefutures_traders_vip
1204659,9492,"Pair: #BNB/USDT

Long • (10X-50X)

Entry
753.00

T...t your own risk. Always use proper risk management",c3f425b09496e47a8131878e80fbc91d,2026-09-08T19:32:07+00:00,2026-09-08T20:36:13.827088+00:00,976,binancefutures_traders_vip
1204655,9495,"💫 Pair: ZEC/USDT  💫

🔼 Direction: Long 🔼

✅ Levera...ke Profit: 1250.00 📈

⚠️ Stop Loss: 1145.00 ⚠️

📈📈",fd2ec6eab605580fc0923f6be72b4256,2026-09-08T19:32:07+00:00,2026-09-08T20:36:13.804736+00:00,976,binancefutures_traders_vip
1217362,9593,"🚀 #LITUSDT LONG SIGNAL 🚀

📌 ENTRY ➜ 5.2100

🎯 TAKE...ch this move together!

💱 Trade Smart • Trade Safe",e8fadb0042b3fadbd1862b4755eb319d,2026-09-09T07:19:50+00:00,2026-09-09T08:36:25.333274+00:00,976,binancefutures_traders_vip
1217354,9594,"📍Coin : #DOT/USDT

🔴 SHORT 

👉 Entry: 1.1820 - 1.2...t 5: 1.1250
🎯 Target 6: 1.1105

❌ StopLoss: 1.2490",68ea2c8db9456b6b5029730f6507c475,2026-09-09T07:19:50+00:00,2026-09-09T08:36:25.242041+00:00,976,binancefutures_traders_vip
1217351,9592,LIT LONG 5.2155 TP1 5.3245,f39dc0bbdb647c929b242c968a468493,2026-09-09T07:19:50+00:00,2026-09-09T08:36:25.151542+00:00,976,binancefutures_traders_vip
1217340,9591,"📊 Let’s LONG #LIT/USDT

💥 Leverage:  Cross 20×  - ...1) 5.3785
2) 5.5650
3) 5.7520

🔖 Stop Loss: 4.9045",34061fdd1ee8995b05c7b17fec7c22f7,2026-09-09T07:19:22+00:00,2026-09-09T08:36:25.096416+00:00,976,binancefutures_traders_vip
1217366,9588,"🪙 Coin: #FF/USDT
🧭 Type: #LONG

📈 Entry Zone:
0.15... within the zone and maintain strict risk control.",a70f433ee612e963f79b78338c2f2b9d,2026-09-09T07:19:21+00:00,2026-09-09T08:36:25.399191+00:00,976,binancefutures_traders_vip
1217350,9589,"🟢CATI/USDT 📈

📈 long Setup 

💰 Entry Zone: 0.0634–...et 1. 
✅ Move SL to breakeven after Target 1 hits.",1a7b08794f0da467a5add8eb42f6f449,2026-09-09T07:19:21+00:00,2026-09-09T08:36:25.138985+00:00,976,binancefutures_traders_vip
1217339,9587,"$KAT/USDT now at current market price (Spot + Futu...$0.0062
2. $0.0065
3. $0.0067

Stop loss : $0.0054",f1f29d80264ecb8fde309af2b8b00070,2026-09-09T07:19:21+00:00,2026-09-09T08:36:25.097109+00:00,976,binancefutures_traders_vip
1217365,9583,"$KAT/USDT #LONG📩

✅ENTRY :-0.0060/0.005750

Target...𝐎𝐧𝐥𝐲 𝟏-𝟑% 𝐎𝐟 𝐎𝐮𝐫 𝐃𝐞𝐩𝐨𝐬𝐢𝐭 𝐅𝐨𝐫 𝐄𝐚𝐜𝐡 𝐓𝐫𝐚𝐝𝐞

React,??m",4aa3fe41d1eb57e773bf99b2ecae8d34,2026-09-09T07:19:20+00:00,2026-09-09T08:36:25.376379+00:00,976,binancefutures_traders_vip
1217361,9585,"🔰 VVV/USDT 🔰

🟢 LONG 20X

🔳 ENTRY :- 26.80

☑️ TARGET:- 27.50 - 28.70- 31.00

🔴 STOP :- 23.70",3974e3bf3f56c5e7e0bf7e66da08d95f,2026-09-09T07:19:20+00:00,2026-09-09T08:36:25.327503+00:00,976,binancefutures_traders_vip
1217357,9584,"🟢 Long

#THETA/USDT

Entry : 

1) 0.1773
2) 0.1719...0.1894

🛑 Stop : 0.1661

Leverage : 10x (isolated)",0f18baed1f117db213d624ad54956818,2026-09-09T07:19:20+00:00,2026-09-09T08:36:25.287306+00:00,976,binancefutures_traders_vip
1217364,9580,"🚀 $LIT/USDT PERP 🚀

🟢 LONG

💰 Entry : 5.03$ – 4.80...: 5X – 25X

⛔️ SL : 4.35$

📌 Use Only 2-5% Capital",b805282f609bbde6a63b79aff9a22479,2026-09-09T07:19:18+00:00,2026-09-09T08:36:25.363311+00:00,976,binancefutures_traders_vip
1217358,9581,"Coin #SKR/USDT

Position: LONG 

Leverage:  Cross ...rgets: 🎯 0.0251, 0.0286, 0.0319

Stop Loss: 0.0202",3f964ee6c0050eb4112449bc0bd5948f,2026-09-09T07:19:18+00:00,2026-09-09T08:36:25.292713+00:00,976,binancefutures_traders_vip
1217348,9579,"✅ Long

Pair: #ZIL/USDT

📊 Entry Price: 

1) 0.002...0.0030599

Stop Loss: 0.0026835

Leverage: 10x-20x",babec39b2ae80cc19f47d31fbaed4706,2026-09-09T07:19:18+00:00,2026-09-09T08:36:25.114453+00:00,976,binancefutures_traders_vip
1217352,9578,"⌛#SUI/USDT  ( SHORT )

🍁 Leverage 👉 20X to 25X 

⛩...34 | 0.7763 | 0.7654 | 0.7564

🔕 Stoploss = 0.8299",06705001f3f8e9c2a1ce68051b303c7a,2026-09-09T07:19:17+00:00,2026-09-09T08:36:25.175568+00:00,976,binancefutures_traders_vip
1217347,9576,"🐳 BTR/USDT #LONG🐳

✳️ ENTRY :- 0.05170 - 0.05000

...: 0.060

⛔️ STOP-LOSS :- 0.047

☝️ Margin Use 2–3%",571727bfc82d18a1b2156be39df58c6f,2026-09-09T07:19:17+00:00,2026-09-09T08:36:25.123259+00:00,976,binancefutures_traders_vip
1217336,9577,"⚡️$VVV/USDT⚡️

LONG
Leverage: 20X

Entry: 26.80

Target:

1)27.50
2)28.70
3)31.00

Stoploss: 23.70",039358edd671a7812132a8385a42b639,2026-09-09T07:19:17+00:00,2026-09-09T08:36:25.059537+00:00,976,binancefutures_traders_vip
1217341,9574,"#MARSCOIN/USDT LONG     

👉Leverage : Cross 10× To...

1)  0.135
2)  0.139
3)  0.145

⭕Stoploss : 0.126",6d0f1b1457dd95d233405b6234a2c734,2026-09-09T07:15:15+00:00,2026-09-09T08:36:25.095234+00:00,976,binancefutures_traders_vip
1217363,9571,"✅ Long

#IOST/USDT

Entry zone : 0.00080694 - 0.00...
0.00093534

Stop loss :0.000773667

Leverage: 10x",551734e3dee410edcc40dd6b286039c0,2026-09-09T07:15:14+00:00,2026-09-09T08:36:25.350400+00:00,976,binancefutures_traders_vip
1217344,9572,"🔴 SHORT

#ZRX/USDT

Entry zone : 0.1084 - 0.1053

...
0.0952
0.0920

Stop loss :0.112671

Leverage: 10x",8f846f042f1d77e76cfab4d2ba99439c,2026-09-09T07:15:14+00:00,2026-09-09T08:36:25.101944+00:00,976,binancefutures_traders_vip
1217360,9568,"#MAGMAUSDT — BUY (LONG) 
🎉
🟢 Leverage: Cross  25x7...Risk Management:
Use only 2%– 3%of your portfolio.",07471ae1821452304aecdfa676f3be7d,2026-09-09T07:15:13+00:00,2026-09-09T08:36:25.314132+00:00,976,binancefutures_traders_vip
1217355,9567,"#GPSUSDT — BUY (LONG) 
🎉
🟢 Leverage: Cross  20x50
...Risk Management:
Use only 2%– 3%of your portfolio.",3ae70757d0c416bd80c692c737e9936e,2026-09-09T07:15:13+00:00,2026-09-09T08:36:25.254334+00:00,976,binancefutures_traders_vip
1217333,9566,"🟢#IOST/USDT

📈Signal: long Leverage: Cross 20X

⚡️...even after TP1 is hit.

📣Trade Smart • Follow Risk",610eddc347ff650ace42276185e0965c,2026-09-09T07:15:13+00:00,2026-09-09T08:36:24.861236+00:00,976,binancefutures_traders_vip
1217356,9563,"📊 Let’s SHORT #FF/USDT

💥 Leverage:  Cross 20×  - ...: 

1) 0.140
2) 0.132
3) 0.125

🔖 Stop Loss: 0.155",8ea8a208a9720f01e6893eeff8f143ee,2026-09-09T07:15:12+00:00,2026-09-09T08:36:25.271587+00:00,976,binancefutures_traders_vip
1217349,9562,"📊 Let’s LONG #HYPE/USDT

💥 Leverage:  Cross 20×  -...: 

1) 86.80
2) 87.66
3) 88.70

🔖 Stop Loss: 83.70",b2b015bce27228413aa1d4887b5a85f6,2026-09-09T07:15:12+00:00,2026-09-09T08:36:25.137003+00:00,976,binancefutures_traders_vip
1217346,9561,"📊 Let’s SHORT #BEAT/USDT

💥 Leverage:  Cross 20×  ...1) 0.1230
2) 0.1190
3) 0.1135

🔖 Stop Loss: 0.1310",af1ac6ea4baa1d02c39ce5693594572e,2026-09-09T07:15:12+00:00,2026-09-09T08:36:25.101153+00:00,976,binancefutures_traders_vip
1225749,9612,"🚀 #COTIUSDT LONG SIGNAL 🚀

📌 ENTRY ➜ 0.01942

🎯 TA...ch this move together!

🪙 Trade Smart • Trade Safe",bdba71f72557d5e735767260455cef24,2026-09-09T14:48:53+00:00,2026-09-09T14:51:54.414062+00:00,976,binancefutures_traders_vip
1225748,9613,"#BTC - LONG 100X

Entry  78991

Targets 100% -200%-300% +++

SL= Will Update

Using 1% wallet",00db68dc347ea1d07c00f09346c40956,2026-09-09T14:48:53+00:00,2026-09-09T14:51:54.410270+00:00,976,binancefutures_traders_vip
1225738,9614,"🔰 PAIR: OP/ USDT 💹

🔴Position: SHORT🚀

☑️ Entry Zo...:
🥇 0.1034
🥈 0.1025
🥉 0.1015

❌ Stop Loss: 🔴0.1058",be321197a9d6e927b86244707251071a,2026-09-09T14:48:53+00:00,2026-09-09T14:51:54.335113+00:00,976,binancefutures_traders_vip
1225744,9611,COTI LONG 0.01942 TP1 0.01982,a08dc054d64a629c31f3729c60c9470e,2026-09-09T14:48:52+00:00,2026-09-09T14:51:54.382075+00:00,976,binancefutures_traders_vip
1225743,9606,"🚀 #OVER99WINS | TRADE SETUP 🚀

⭐ CROSS /USDT — LON...o

📌 Follow the setup and manage your risk wisely.",d683f9906f86ccd50ec7239dc11d7cc9,2026-09-09T14:48:52+00:00,2026-09-09T14:51:54.374136+00:00,976,binancefutures_traders_vip
1225742,9610,"🚀 #USELESSUSDT SHORT SIGNAL 🚀

📌 ENTRY ➜ 0.3072

🎯...ch this move together!

🪙 Trade Smart • Trade Safe",a0e4953da606c9843ac9a81316cbe5b3,2026-09-09T14:48:52+00:00,2026-09-09T14:51:54.372031+00:00,976,binancefutures_traders_vip
1225741,9608,"🚨 #CROSS/USDT — POWER LONG 

🎩 ENTRY ZONE: 0.1230
...re profits step by step
🗡 NO FEAR — JUST PROFITS 🪙",b6d17240e6a5f73aadd563932ead9128,2026-09-09T14:48:52+00:00,2026-09-09T14:51:54.366222+00:00,976,binancefutures_traders_vip
1225735,9603,"ETH/ USDT/ SHORT
Entry at market price 

Cross || ...only 1% of your wallet. 
Manage your risk properly",325d4fca2572b55e4ab1aeb1fd862c65,2026-09-09T14:48:52+00:00,2026-09-09T14:51:54.191612+00:00,976,binancefutures_traders_vip
1225737,9601,"#SHORT 🔴 🔤🔤🔤🔤🔤

#HYPE/USDT 

Margin Mode : Isolate...8.61

🟩 SL : 89.70 - 100%

📊 LEV : 30X

🇯🇵 Premium",4be795ddfd5e517fa0a0d9fccc2ca190,2026-09-09T13:46:24+00:00,2026-09-09T14:51:54.207444+00:00,976,binancefutures_traders_vip
1225746,9600,"🔘 Coin : #MAGMA/USDT 🔘

🟢 LONG

🔺Entry🔻: 0.26974

... - 0.29141

♦️ StopLoss : 0.25961

🔱 Leverage: 25x",1488460f0e05c51a492f680600c19b81,2026-09-09T13:46:23+00:00,2026-09-09T14:51:54.389937+00:00,976,binancefutures_traders_vip
1228651,9674,"LONG —ORCA

Entry: 1.481

Targets: 1.495 / 1.521 /... / 1.636

Stop: 1.407

Move SL to entry after TP1.",ec0db5bcea47c4708887d3a354cba640,2026-09-09T16:54:35+00:00,2026-09-09T17:10:53.111574+00:00,976,binancefutures_traders_vip
1228663,9628,"➡️ #IOST     /USDT (SHORT) 🔽🔽

⌛LEVERAGE : 20X TO ...8


💥Use only 1%margin of your total portfolio❤️😘😇",738c3e7181515ff972b5128ef30dbd05,2026-09-09T15:52:16+00:00,2026-09-09T17:10:53.187362+00:00,976,binancefutures_traders_vip
1228632,9629,"🔴 SHORT

#IOST/USDT

Entry zone : 0.00167879 - 0.0...
0.00142510

Stop loss :0.001743993

Leverage: 10x",b7029e5f427d893bd27974a3b0b01b75,2026-09-09T15:52:16+00:00,2026-09-09T17:10:52.711038+00:00,976,binancefutures_traders_vip
1228658,9625,"🚨 #USELESS/USDT | SHORT

⚡Leverage: Cross 50x

🎯En... follow the signal and secure profits at targets.💎",3493af7c0111e7ea94cb8e9e6a28f39b,2026-09-09T15:50:56+00:00,2026-09-09T17:10:53.144543+00:00,976,binancefutures_traders_vip
1228631,9627,"💰#IOST/ USDT👑

💎Setup Type: Strong LONG  🔖Opportun....0018000

4️⃣TP ➝ 0.0025000

🚫Stop Loss: 0.0012800",c86f3f4ce739ef10b4e302f031f5880a,2026-09-09T15:50:56+00:00,2026-09-09T17:10:52.679898+00:00,976,binancefutures_traders_vip
1228639,9624,"USELESS/USDT

SHORT SHORT SHORT 

OPEN MARKET PRIC....29600
TP 0.29200
TP 0.29050

SL  0.33900

LEV 10X",1755d428017a9660e0b4b8e20a7c1677,2026-09-09T15:11:02+00:00,2026-09-09T17:10:52.953773+00:00,976,binancefutures_traders_vip
1236446,9874,"🚨 #KAS /USDT — POWER LONG 

⚡️ ENTRY ZONE: 0.03915...re profits step by step
🪖 NO FEAR — JUST PROFITS 🪙",54359ce3303e1aea69f9018cf4d7bb19,2026-09-10T10:02:43+00:00,2026-09-13T19:27:45.108704+00:00,976,binancefutures_traders_vip
1236438,9872,"🚨 #VTHO/USDT | SHORT

⚡Leverage: Cross 50x

🎯Entry... follow the signal and secure profits at targets.💎",49dedd3bfc96489fcb7c71e19acacf50,2026-09-10T10:02:43+00:00,2026-09-13T19:27:45.081143+00:00,976,binancefutures_traders_vip
1236449,9866,"🚨 #KAS /USDT — POWER LONG 

⚡️ ENTRY ZONE: 0.03915...re profits step by step
🪖 NO FEAR — JUST PROFITS 🪙",54359ce3303e1aea69f9018cf4d7bb19,2026-09-10T09:54:52+00:00,2026-09-13T19:27:45.114802+00:00,976,binancefutures_traders_vip
1236433,9868,"🐳 LSK/USDT #LONG🐳

✳️ ENTRY :- 0.118 - 0.113

💢 LE...: 0.145

⛔️ STOP-LOSS :- 0.108

☝️ Margin Use 2–3%",80614d7a2d13c308e9f369fd6ebf121a,2026-09-10T09:54:52+00:00,2026-09-13T19:27:45.070287+00:00,976,binancefutures_traders_vip
1236428,9867,"#KAS/USDT LONG     

👉Leverage : Cross 10× To 30×
...
1)  0.040
2)  0.042
3)  0.044

⭕Stoploss : 0.0367",d5976cbb8695bf93c6c3cc22ac58ae6b,2026-09-10T09:54:52+00:00,2026-09-13T19:27:45.052953+00:00,976,binancefutures_traders_vip
1236427,9864,"🚨 #VTHO/USDT | SHORT

⚡Leverage: Cross 50x

🎯Entry... follow the signal and secure profits at targets.💎",49dedd3bfc96489fcb7c71e19acacf50,2026-09-10T09:54:52+00:00,2026-09-13T19:27:45.041020+00:00,976,binancefutures_traders_vip
1236422,9869,"✅ Long

#ETC/USDT

Entry zone : 7.572 - 7.807

Tak...311
8.544
8.777

Stop loss :7.26051

Leverage: 10x",712f66d87a23bb8806d42539e2fef3e6,2026-09-10T09:54:52+00:00,2026-09-13T19:27:45.024876+00:00,976,binancefutures_traders_vip
1236387,9871,"⭐️$VTHO/USDT  LONG

🛡Leverage : Cross 25x50

‼️Ent...004527

Use only 3% - 5% amount of your portfolio🛍",0c8a19dc96fb62c6f19224efb2a021c0,2026-09-10T09:54:52+00:00,2026-09-13T19:27:44.811570+00:00,976,binancefutures_traders_vip
1236437,9861,"SHORT BNB

🔖 MARKET SETUP

 ✔️Entry: 718.5
 ⛔️ SL:... TP: 704

⚠️ Capital: 3% max. Discipline = Profit!",4f3caf7cd917f7d21262a4a0a7c905b3,2026-09-10T09:23:48+00:00,2026-09-13T19:27:45.071890+00:00,976,binancefutures_traders_vip
1236406,9863,"⚡️$EGLD/USDT⚡️

LONG
Leverage: 25X 

Entry: 5.62 -....35

Target:

1)5.70
2)5.90
3)6.50

Stoploss: 5.00",ae64ad26c78e5aedfefd655b40b16683,2026-09-10T09:23:48+00:00,2026-09-13T19:27:44.942016+00:00,976,binancefutures_traders_vip
1236384,9862,"📊 #EGLD/USDT

🟢 POSITION: LONG

💰 ENTRY RANGE
➤ 5....S
➤ 5.00

━━━━━━━━━━━━━━━━━━

✅ Manage risk wisely",e39ff22cb0c32112c90dddf4a332c826,2026-09-10T09:23:48+00:00,2026-09-13T19:27:44.772212+00:00,976,binancefutures_traders_vip
1236456,9860,"DAY/TRADE 🏆

LONG SOL/USDT📈📈📈

ENTRY: 96.59

TP1: ...agement 🏆

Use only 10% of your 📈Available balance",70ad0d436af60d7102e1496782d3f8aa,2026-09-10T09:06:51+00:00,2026-09-13T19:27:45.155471+00:00,976,binancefutures_traders_vip
1236442,9859,"🔰 PAIR: RUNE/ USDT 💹

🟢Position: LONG🚀

☑️ Entry Z...gets:
🥇 0.487
🥈 0.490
🥉 0.500

❌ Stop Loss: 🔴0.470",f71afe32b98b44b9220b31aefc53dd00,2026-09-10T08:33:39+00:00,2026-09-13T19:27:45.090684+00:00,976,binancefutures_traders_vip
1236435,9858,"🚀 #EGLDUSDT LONG SIGNAL 🚀

📌 ENTRY ➜ 5.285

🎯 TAKE...ch this move together!

🪙 Trade Smart • Trade Safe",aed28fdda2f7deb7f5d7c8bc06d6fe15,2026-09-10T08:33:39+00:00,2026-09-13T19:27:45.067588+00:00,976,binancefutures_traders_vip
1236424,9857,EGLD LONG 5.285 tp1 5.400,bfca3d6cc374136202d22e5161112904,2026-09-10T08:33:39+00:00,2026-09-13T19:27:45.036644+00:00,976,binancefutures_traders_vip
1236378,9849,"#HIVE | SHORT SETUP

💰 Entry: $0.04445

🎯 Target1:...t4: $0.04276
🎯 Target5: $0.04214

🛡 STOP: $0.04667",70d835b40de112c453cff82de5e39057,2026-09-10T08:10:35+00:00,2026-09-13T19:27:44.694832+00:00,976,binancefutures_traders_vip
1236451,9844,#VTHO long 0.0006560 tp 0.0006700,a4ab9ba3cb6b0c273ae2767861d92640,2026-09-10T08:04:24+00:00,2026-09-13T19:27:45.121341+00:00,976,binancefutures_traders_vip
1236447,9845,"🚨 #VTHO /USDT — POWER LONG 

⚡️ ENTRY ZONE: 0.0006...re profits step by step
🪖 NO FEAR — JUST PROFITS 🪙",7eeace549f99a76edcafc609dc0d1918,2026-09-10T08:04:24+00:00,2026-09-13T19:27:45.107831+00:00,976,binancefutures_traders_vip
1236395,9848,"⭐️$VTHO/USDT  LONG

🛡Leverage : Cross 25x50

‼️Ent...005131

Use only 3% - 5% amount of your portfolio🛍",74bf433745e2f624d7f2917659613d1a,2026-09-10T08:04:24+00:00,2026-09-13T19:27:44.874807+00:00,976,binancefutures_traders_vip
1236411,9843,"⌛#ARB/USDT  ( SHORT )

🍁 Leverage 👉 20X to 25X 

⛩... 0.14249 | 0.14100 | 0.13937

🔕 Stoploss = 0.15444",3476432ee3cb7778ac03dcfa6e306b1d,2026-09-10T08:01:11+00:00,2026-09-13T19:27:44.975488+00:00,976,binancefutures_traders_vip
1236401,9841,"#ARK/USDT SHORT     

👉Leverage : Cross 10× To 30×...

1)  0.134
2)  0.130
3)  0.126

⭕Stoploss : 0.142",f7d4fc4fefb6fa4f7ed0dca0e436cf28,2026-09-10T08:01:11+00:00,2026-09-13T19:27:44.916463+00:00,976,binancefutures_traders_vip
1236445,9840,"#VTHO  /USDT BUY (LONG) 

⚡️Leverage : Cross 25x t...05960

⚠️Use only 3% - 5% amount of your portfolio",f6e323a1eb8dd77ae03229d74f32c97a,2026-09-10T08:01:10+00:00,2026-09-13T19:27:45.106220+00:00,976,binancefutures_traders_vip
1236417,9838,"$BTC LONG🟢 (25x Lev)

Entry -  $78400

Targets

1)79000$
2)79600$

SL: 77800$",50427b5b2a70c43e1af3b512ca1a252c,2026-09-10T07:19:00+00:00,2026-09-13T19:27:45.013003+00:00,976,binancefutures_traders_vip
1236408,9835,"📊#ANIME/USDT — LONG

⚡️ Leverage : 10X – 20X

💹Ent...Entry After TP1

⚖️ Follow Proper Risk Management.",8221e02bba22ca8e6366c5da28a6456f,2026-09-10T07:19:00+00:00,2026-09-13T19:27:44.958331+00:00,976,binancefutures_traders_vip
1236453,9834,"🔰 ANIME/USDT 🔰

🟢 LONG 20X

🔳 ENTRY :- 0.0033

☑️ TARGET:- 0.0033 - 0.0036- 0.0039

🔴 STOP :- 0.0029",1e00050c3e32c49d6bea7e6ae6f60a4f,2026-09-10T07:03:01+00:00,2026-09-13T19:27:45.124986+00:00,976,binancefutures_traders_vip
1236454,9832,"#USELESS/USDT SHORT     

👉Leverage : Cross 10× To...

1)  0.223
2)  0.210
3)  0.195

⭕Stoploss : 0.251",d572cc033e857c2dc65ddbada5c3f722,2026-09-10T06:35:55+00:00,2026-09-13T19:27:45.131404+00:00,976,binancefutures_traders_vip
1236423,9830,"Coin #VTHO/USDT

Position: LONG 

Leverage:  Cross... 0.000670, 0.000690, 0.000710

Stop Loss: 0.000610",ede54485ceb645c9fd8a50f583cae089,2026-09-10T06:35:55+00:00,2026-09-13T19:27:45.034338+00:00,976,binancefutures_traders_vip
1236409,9831,"⭐ VTHO /USDT — LONG

💵 ENTRY: 0.06500-0.06300

⚙️ ...o

📌 Follow the setup and manage your risk wisely.",3b894f7e7b284397854c49cb41541603,2026-09-10T06:35:55+00:00,2026-09-13T19:27:44.966867+00:00,976,binancefutures_traders_vip
1236455,9828,"Trade: #ATOM/USDT

Direction: 📉 Short 

🟢 Entry Ra...90
• Target 6: 1.7298

💠 Leverage : 5x - 10x - 20x",97429c2b5522d74e51a66c60e70d4d7b,2026-09-10T06:25:18+00:00,2026-09-13T19:27:45.145412+00:00,976,binancefutures_traders_vip
1236396,9827,"🟢 Long

#IOST/USDT

Entry : 

1) 0.00119390
2) 0.0...58

🛑 Stop : 0.00111868

Leverage : 10x (isolated)",b87125cedfd9381b89a2229a6fffcfba,2026-09-10T06:25:09+00:00,2026-09-13T19:27:44.883798+00:00,976,binancefutures_traders_vip
1236436,9826,"🔴 SHORT

#KAVA/USDT

Entry : 

1) 0.062340
2) 0.06...8027

🛑 Stop : 0.066267

Leverage : 10x (isolated)",1cbfc9ec6cba0238fb8a4e00adcbbe54,2026-09-10T06:25:08+00:00,2026-09-13T19:27:45.073074+00:00,976,binancefutures_traders_vip
1236426,9825,"🐳 NEAR/USDT #LONG🐳

✳️ ENTRY :- 2.52 - 2.46

💢 LEV...3 : 2.85

⛔️ STOP-LOSS :- 2.41

☝️ Margin Use 2–3%",21b39c19106af3294151d27033d62923,2026-09-10T06:24:40+00:00,2026-09-13T19:27:45.040392+00:00,976,binancefutures_traders_vip
1236416,9823,"🔰CROSS/USDT 🔰   

🔴 SHORT 10X 20X

♻ ENTRY 
1️⃣ 0....

1️⃣ 0.112
2️⃣ 0.110
3️⃣ 0.107

⛔ STOPLOSS  0.121",6edec8c36711edfbddf7c57c99e83728,2026-09-10T06:24:40+00:00,2026-09-13T19:27:45.010823+00:00,976,binancefutures_traders_vip
1236414,9824,"🔰 SAHARA/USDT 🔰

🟢 LONG 20X

🔳 ENTRY :- 0.0110

☑️...TARGET:- 0.0115 - 0.0122- 0.0130

🔴 STOP :- 0.0097",4d1837722ff2b94f43877436f7665e6b,2026-09-10T06:24:40+00:00,2026-09-13T19:27:44.993665+00:00,976,binancefutures_traders_vip
1236390,9822,"$BR/USDT #LONG📩

✅ENTRY :-0.3050/0.2950

Target 1:...𝐎𝐧𝐥𝐲 𝟏-𝟑% 𝐎𝐟 𝐎𝐮𝐫 𝐃𝐞𝐩𝐨𝐬𝐢𝐭 𝐅𝐨𝐫 𝐄𝐚𝐜𝐡 𝐓𝐫𝐚𝐝𝐞

React,??m",dcf3a0b2b9f18fd10e3f3638bb71f3fa,2026-09-10T06:23:17+00:00,2026-09-13T19:27:44.830897+00:00,976,binancefutures_traders_vip
1236432,9821,"📊#BTR/USDT–LONG–30x 🚀

📍 𝐄𝐧𝐭𝐫𝐲 𝐙𝐨𝐧𝐞:

➥ 0.066, 0.0...tal.

⚠️ Disclaimer:
Trade at your own risk. DYOR.",2adfd82f0e61d8c1d5384bcddd4edbd5,2026-09-10T06:23:02+00:00,2026-09-13T19:27:45.066038+00:00,976,binancefutures_traders_vip
1236404,9820,"🛎️ Trade: #ATOM/USDT

Direction: 📉 Short 

🟢 Entry...90
• Target 6: 1.7298

💠 Leverage : 5x - 10x - 20x",ae765a950e707fdec3ae802b4f856f17,2026-09-10T06:22:41+00:00,2026-09-13T19:27:44.934567+00:00,976,binancefutures_traders_vip
1236403,9819,"🪙 Coin: #IOST/USDT
🧭 Type: #LONG

📈 Entry Zone:
0.... within the zone and maintain strict risk control.",ec097434b404394ace3956dbb7c95349,2026-09-10T06:22:16+00:00,2026-09-13T19:27:44.927031+00:00,976,binancefutures_traders_vip
1236440,9818,"🚀 $SAHARA/USDT PERP 🚀

🟢 LONG

💰 Entry : 0.0109$ –...5X – 25X

⛔️ SL : 0.0093$

📌 Use Only 2-5% Capital",0ded55ba854a74c875ff0c9515fa5ab4,2026-09-10T06:22:02+00:00,2026-09-13T19:27:45.088110+00:00,976,binancefutures_traders_vip
1236410,9816,"⚡ #ANIME/USDT

📤 Long 

💹 Buy: 0.003129 - 0.003048...- 0.003320

🧨 StopLoss: 0.002910 

🔘 Leverage: 20x",c9fc27daa41e0196d2ffed880a4dea15,2026-09-10T06:21:00+00:00,2026-09-13T19:27:44.973932+00:00,976,binancefutures_traders_vip
1236430,9815,"✅ Long

Pair: #BAT/USDT

📊 Entry Price: 

1) 0.073...) 0.078624

Stop Loss: 0.068953

Leverage: 10x-20x",4f53a1a48981a0037a40b3d38c63c290,2026-09-10T06:20:59+00:00,2026-09-13T19:27:45.064215+00:00,976,binancefutures_traders_vip
1236425,9812,"#IOST/USDT LONG     

👉Leverage : Cross 10× To 30×....00121
2)  0.00127
3)  0.00136

⭕Stoploss : 0.0010",97012e3d7a09de6fa9f52e868cda1701,2026-09-10T06:20:59+00:00,2026-09-13T19:27:45.038373+00:00,976,binancefutures_traders_vip
1236420,9814,"#IO - LONG 20X

Entry  0.1318

Targets 100% -200%-300% +++

SL= Will Update

Using 1% wallet",2f46e25c67f4e78c230bc00b0f5ced85,2026-09-10T06:20:59+00:00,2026-09-13T19:27:45.017686+00:00,976,binancefutures_traders_vip
1236391,9806,"📊 Let’s LONG #SNDK/USDT

💥 Leverage:  Cross 20×  
...gets: 

1) 1785
2) 1835
3) 1855

🔖 Stop Loss: 1720",640144b8e6f93d2a7c453ddcac8411ac,2026-09-10T06:20:59+00:00,2026-09-13T19:27:44.843368+00:00,976,binancefutures_traders_vip
1236388,9811,"#BTR/USDT LONG     

👉Leverage : Cross 10× To 30×
...  0.0691
2)  0.0720
3)  0.0770

⭕Stoploss : 0.0623",7fcc77a8e9c4a4b4867c2ba84f3ce863,2026-09-10T06:20:59+00:00,2026-09-13T19:27:44.817309+00:00,976,binancefutures_traders_vip
1236383,9813,"SHORT: USELESS/USDT🚀
LEVERAGE: 20x - 50x

🥇ENTRY P....1950

————————

❌ STOP LOSS: 0.2610❌


REACTIONS?",f83c1e47c1d36fe005bf2924a63c64e8,2026-09-10T06:20:59+00:00,2026-09-13T19:27:44.727211+00:00,976,binancefutures_traders_vip
1236382,9805,"📊 Let’s SHORT #TAC/USDT

💥 Leverage:  Cross 20×  -...420
2) 0.001325
3) 0.001175

🔖 Stop Loss: 0.001735",9db45561c22b7bef2304bbc2e15b136e,2026-09-10T06:20:59+00:00,2026-09-13T19:27:44.717118+00:00,976,binancefutures_traders_vip
1236381,9803,"📊 Let’s SHORT #ZKP/USDT

💥 Leverage:  Cross 20×  -....04364
2) 0.04260
3) 0.04155

🔖 Stop Loss: 0.04700",b785ca84e08cbbd8eb85bc8e161d43cb,2026-09-10T06:20:59+00:00,2026-09-13T19:27:44.715942+00:00,976,binancefutures_traders_vip
1236379,9809,"#IOST/USDT LONG     

👉Leverage : Cross 10× To 30×....00121
2)  0.00127
3)  0.00136

⭕Stoploss : 0.0010",97012e3d7a09de6fa9f52e868cda1701,2026-09-10T06:20:59+00:00,2026-09-13T19:27:44.710625+00:00,976,binancefutures_traders_vip
1236375,9807,"📍Coin : #AVNT/USDT

🟢 LONG 

👉 Entry: 0.1004 - 0.0...t 5: 0.1055
🎯 Target 6: 0.1066

❌ StopLoss: 0.0960",89bc453640f8c88210dd149c42c2409b,2026-09-10T06:20:59+00:00,2026-09-13T19:27:44.659057+00:00,976,binancefutures_traders_vip
1236372,9804,"📊 Let’s SHORT #CYS/USDT

💥 Leverage:  Cross 20×  -...1) 0.1340
2) 0.1265
3) 0.1170

🔖 Stop Loss: 0.1570",b719f899eaa8d98027030ea29d52c692,2026-09-10T06:20:59+00:00,2026-09-13T19:27:44.613423+00:00,976,binancefutures_traders_vip
1236281,9677,"🔴 Short

Pair: #IOST/USDT

📊 Entry Price: 

1) 0.0...00182207

Stop Loss: 0.00208082

Leverage: 10x-20x",ead13f98cde30bba801469f6bae28e9d,2026-09-09T21:02:16+00:00,2026-09-13T19:27:29.037563+00:00,976,binancefutures_traders_vip
1236278,9676,"⚡️ HEI/USDT SHORT

➡️ Entry Targets :

1. 0.1353
2...1217 💵
4. 0.1116 💵
5. 0.0850💵

🛑 Stoploss : 0.1488",74486b86bd7872de6f1f6bd137afbf15,2026-09-09T21:02:16+00:00,2026-09-13T19:27:28.828894+00:00,976,binancefutures_traders_vip
1236277,9675,"EXCHANGE/BYBIT/BITUNIX/OKX📌 


DAY TRADE 🏆

LONG/L...agement 🏆


Use only 5% of your 📈Available balance",5385c0da3b23d8c2abc9fde4a0119df1,2026-09-09T21:02:16+00:00,2026-09-13T19:27:28.791476+00:00,976,binancefutures_traders_vip
1246629,9986,"⚡️⚡️#EPIC/USDT⚡️⚡️

Signal Type : Short
Leverage :...
1) 0.3744
2) 0.3570
3) 0.3416

Stop Loss : 0.3966",124d39b693cd9ad1092d444222f4e3a2,2026-09-10T18:25:00+00:00,2026-09-13T20:45:52.013410+00:00,976,binancefutures_traders_vip
1246628,9985,"🔰 PAIR: SAGA/ USDT 💹

🟢Position: LONG🚀

☑️ Entry Z...0.01819
🥈 0.01877
🥉 0.02017

❌ Stop Loss: 🔴0.01642",1f1c5aa54aca7a0e9e12148d54696ede,2026-09-10T18:25:00+00:00,2026-09-13T20:45:51.999608+00:00,976,binancefutures_traders_vip
1246635,9984,"#ETH

ETH has taken out the liquidity at the botto...55
🚀 Targets: 2479 / 2546 / 2605
📉 Stop Loss: 2379",2dd088b568fd775ccc4f7667e3f81af7,2026-09-10T18:24:59+00:00,2026-09-13T20:45:52.162953+00:00,976,binancefutures_traders_vip
1246627,9983,"Long #VTHO 50x 0.0006100

Tp: 0.0006300",7174b29964ada20e84f9e91b253dc3a6,2026-09-10T18:21:12+00:00,2026-09-13T20:45:52.000509+00:00,976,binancefutures_traders_vip
1246574,9953,"🚨 #SAGA/USDT | LONG

⚡Leverage: Cross 50x

🎯Entry ... follow the signal and secure profits at targets.💎",6d2094223b1c3f42c0bcf937ae0c01b3,2026-09-10T17:02:41+00:00,2026-09-13T20:45:39.130764+00:00,976,binancefutures_traders_vip
1246605,9951,"➡️ #BTR     /USDT (LONG) 🔼🔼

⌛LEVERAGE : 20X TO 75...99

💥Use only 1%margin of your total portfolio❤️😘😇",a996350cd9af249968c42d552f00ccae,2026-09-10T16:47:08+00:00,2026-09-13T20:45:39.266444+00:00,976,binancefutures_traders_vip
1246598,9949,"🔴 SHORT

#KAVA/USDT

Entry zone : 0.065405 - 0.063...57435
0.055521

Stop loss :0.067945

Leverage: 10x",d751d1834ca5ffed88743a6c78eefa59,2026-09-10T16:47:08+00:00,2026-09-13T20:45:39.248949+00:00,976,binancefutures_traders_vip
1246589,9948,"BTC/USD BUY

Entry : $ 77322

Target1: $  77854
Target2: $ 79047
Target3: $ 80252

SL : $ 76352",ab7f457730d5a93fa8838ced31cdf27f,2026-09-10T16:47:08+00:00,2026-09-13T20:45:39.175660+00:00,976,binancefutures_traders_vip
1246552,9950,"#MET/USDT LONG     

👉Leverage : Cross 10× To 30×
...)  0.2205
2)  0.2280
3)  0.2500

⭕Stoploss : 0.202",c8d665851d91cb4bebb524036a95d246,2026-09-10T16:47:08+00:00,2026-09-13T20:45:39.019832+00:00,976,binancefutures_traders_vip
1246550,9947,"🔴SHORT  #BTCUSDT

🔶 Entry : 77400 - 77500

➡️ Leve...ake Profit Targets :

👉 76400

🛑 Stop Loss : 78600",0b9e75786260eec8a4d222828a450c44,2026-09-10T14:44:00+00:00,2026-09-13T20:45:39.010278+00:00,976,binancefutures_traders_vip
1246547,9919,"Doge/Usdt long 🟢
with 0.5% Wallet on market price ...osite movement pe jo 5% around the liq manage zero",0c5ba45523936dd289c9aeb635f19feb,2026-09-10T14:39:51+00:00,2026-09-13T20:45:38.966001+00:00,976,binancefutures_traders_vip
1246600,9918,"⭐️$ETHFI/USDT  LONG

🛡Leverage : Cross 25x50

‼️En...0.6535

Use only 3% - 5% amount of your portfolio🛍",d5a42e45a71c8916bbf0763714b18901,2026-09-10T14:39:42+00:00,2026-09-13T20:45:39.251502+00:00,976,binancefutures_traders_vip
1246615,9913,"🌈PAIR:- VTHO/USDT
⚡️ Direction : LONG
🛠 Leverage: ...nt Usage:- 1 - 2%
(According To your Risk Setting)",252319429c966927e5b6645beb5c8998,2026-09-10T14:35:47+00:00,2026-09-13T20:45:39.326454+00:00,976,binancefutures_traders_vip
1246597,9910,"📊 Let’s LONG #MARSCOIN/USDT

💥 Leverage:  Cross 20...) 0.1165
2) 0.1218
3) 0.1280

🔖 Stop Loss: 0.10380",0f59e13b524bbc413b23ba82743997f3,2026-09-10T14:35:47+00:00,2026-09-13T20:45:39.244360+00:00,976,binancefutures_traders_vip
1246592,9914,"✨ZEC/USDT

🎗 Trade Type = SHORT 🔴

⭐️ Leverage :- ....95, 1144.46, 1130.96, 1120.45, 1108.04, 1092.73 ]",89187d31c24eda728200508d2145e1a5,2026-09-10T14:35:47+00:00,2026-09-13T20:45:39.184996+00:00,976,binancefutures_traders_vip
1246578,9909,"✅ Long

Pair: #ETC/USDT

📊 Entry Price: 

1) 7.746....114
4) 8.275

Stop Loss: 7.258

Leverage: 10x-20x",6a5247f98965a55be00657b3ec17d21e,2026-09-10T14:35:47+00:00,2026-09-13T20:45:39.145770+00:00,976,binancefutures_traders_vip
1246568,9916,"🚀 #ETHFIUSDT LONG SIGNAL 🚀

📌 ENTRY ➜ 0.6660

🎯 TA...ch this move together!

🪙 Trade Smart • Trade Safe",d0b722c604bb4a4b04e5501aefa166b2,2026-09-10T14:35:47+00:00,2026-09-13T20:45:39.116690+00:00,976,binancefutures_traders_vip
1246562,9907,"📈 LONG #ORDER/USDT

🚀 LEVERAGE : 50x

📊 ENTRY PRIC...P🟢0.0412

TP🟢0.0435

STOPLOSS 🔴0.0370


REACTIONS?",5b8d679a9036e679c8376254e78096e5,2026-09-10T14:35:47+00:00,2026-09-13T20:45:39.085973+00:00,976,binancefutures_traders_vip
1246561,9912,"#MET /USDT BUY (LONG) 

⚡️Leverage : Cross 25x to ....2020

⚠️Use only 3% - 5% amount of your portfolio",27da5436c1048f61a3d099b097e7f817,2026-09-10T14:35:47+00:00,2026-09-13T20:45:39.084101+00:00,976,binancefutures_traders_vip
1246543,9908,"🟢 Long

#DASH/USDT

Entry : 

1) 56.81
2) 55.10

T...) 60.69

🛑 Stop : 53.23

Leverage : 10x (isolated)",7b8efdb1ee479516f272ec5863de2c0d,2026-09-10T14:35:47+00:00,2026-09-13T20:45:38.922826+00:00,976,binancefutures_traders_vip
1246579,9906,"🚩 SHORT #REZ/USDT

⚙️ 50X LEVERAGE

🛡 Entry: 0.003....003230
TP3: 0.003150

🛑 SL: 0.003580

🔥REACTIONS?",b3d738bebd25ae6bcb188009f63ad428,2026-09-10T12:41:00+00:00,2026-09-13T20:45:39.147738+00:00,976,binancefutures_traders_vip
1246609,9904,"⭐ REZ /USDT — SHORT

💵 ENTRY: 0.003370-0.003460

⚙...o

📌 Follow the setup and manage your risk wisely.",a0b22fd2e964444dd0cd6f14244d887a,2026-09-10T12:40:27+00:00,2026-09-13T20:45:39.294383+00:00,976,binancefutures_traders_vip
1246588,9901,"➡️ #CRV     /USDT (SHORT) 🔽🔽

⌛LEVERAGE : 20X TO 7...0


💥Use only 1%margin of your total portfolio❤️😘😇",ff7450c511a94f3a9c34126b7c3462a4,2026-09-10T12:40:26+00:00,2026-09-13T20:45:39.173564+00:00,976,binancefutures_traders_vip
1246565,9898,"New longs #BTC 25x at $77,400 📈

TP : 79,400 

S/L : 75,400

R/R : 1:1",b0a8ab597eb0625cbfdf16e41c9e22c8,2026-09-10T12:40:26+00:00,2026-09-13T20:45:39.110252+00:00,976,binancefutures_traders_vip
1246585,9897,"#ORDER/USDT LONG     

👉Leverage : Cross 10× To 30...  0.0372
2)  0.0390
3)  0.0419

⭕Stoploss : 0.0344",4a271613cd81566323f1626bfc3a11f2,2026-09-10T10:38:22+00:00,2026-09-13T20:45:39.160194+00:00,976,binancefutures_traders_vip
1246541,9896,"✨HYPE/USDT

🎗 Trade Type = LONG 🟢

⭐️ Leverage :- ...[ 83.772, 84.582, 85.535, 86.288, 87.318, 88.092 ]",69180670a8f6a80fdd18f6a14a358adb,2026-09-10T10:38:22+00:00,2026-09-13T20:45:38.863225+00:00,976,binancefutures_traders_vip
1246581,9891,"🚨 #ORDER/USDT — POWER LONG 

⚡️ ENTRY ZONE: 0.0363...re profits step by step
🪖 NO FEAR — JUST PROFITS 🪙",d0b98288bdc5acf5413bd8d44a5f5897,2026-09-10T10:37:57+00:00,2026-09-13T20:45:39.150331+00:00,976,binancefutures_traders_vip
1246573,9895,"🔘 Coin : #KAS/USDT 🔘

🔴 SHORT

🔺Entry🔻: 0.03873

⭐... - 0.03678

♦️ StopLoss : 0.03998

🔱 Leverage: 25x",96bbaa44c3b5f43e5b659e62e042c509,2026-09-10T10:37:57+00:00,2026-09-13T20:45:39.123217+00:00,976,binancefutures_traders_vip
1246557,9889,"🟢LINK/USDT My Long Trade Setup

Leverage 75X

Entr...2.100

Stop Loss   11.550

Follow Money Management",0c454bc7adf28ea9c5f46fa4ffc57d06,2026-09-10T10:37:57+00:00,2026-09-13T20:45:39.078705+00:00,976,binancefutures_traders_vip
1246549,9893,"📈 LONG #VTHO/USDT

🚀 LEVERAGE : 50x

📊 ENTRY PRICE...0660

TP🟢0.000700

STOPLOSS 🔴0.000570


REACTIONS?",0d119ca7caeb1fe6ab71576daa2e1acd,2026-09-10T10:37:57+00:00,2026-09-13T20:45:38.996937+00:00,976,binancefutures_traders_vip
1246545,9892,"⚡️$LSK/USDT⚡️

LONG
Leverage: 10X

Entry: 0.1240 -...get:

1)0.1280
2)0.1360
3)0.1490

Stoploss: 0.1070",ea958f562a9ae74dd6c8a2eb69d669f9,2026-09-10T10:37:57+00:00,2026-09-13T20:45:38.955412+00:00,976,binancefutures_traders_vip
1246614,9887,"💫 Pair: XAU/USDT  💫

🔼 Direction: Long 🔼

✅ Levera...ke Profit: 4495.00 📈

⚠️ Stop Loss: 4342.00 ⚠️

📈📈",69aaab00c8e976b08cf0d3ffdf3ffd47,2026-09-10T10:35:46+00:00,2026-09-13T20:45:39.324356+00:00,976,binancefutures_traders_vip
1246546,9886,"$LSK/USDT #LONG📩

✅ENTRY :-0.1240/0.1190

Target 1...𝐎𝐧𝐥𝐲 𝟏-𝟑% 𝐎𝐟 𝐎𝐮𝐫 𝐃𝐞𝐩𝐨𝐬𝐢𝐭 𝐅𝐨𝐫 𝐄𝐚𝐜𝐡 𝐓𝐫𝐚𝐝𝐞

React,??m",0d106fe07e7789e3ddb46ca1915a55ae,2026-09-10T10:35:46+00:00,2026-09-13T20:45:38.962623+00:00,976,binancefutures_traders_vip
1246551,9885,"🚀 SHORT: $VTHO/USDT
LEVERAGE: 50x

✔️ENTRY PRICE: ...05400-0.0005000

STOP LOSS:  0.000620


REACTIONS?",3386d702288a3f651dd3aeef2be0ea40,2026-09-10T10:34:16+00:00,2026-09-13T20:45:39.013596+00:00,976,binancefutures_traders_vip
1246539,9884,"💰#VTHO/ USDT👑

💎Setup Type: Strong SHORT  🔖Opportu...0004500

4️⃣TP ➝ 0.00040000

🚫Stop Loss: 0.0006700",d6417cc92435e95f59684e92e910a618,2026-09-10T10:34:16+00:00,2026-09-13T20:45:38.818271+00:00,976,binancefutures_traders_vip
1246542,9883,"💰#BR/ USDT👑

💎Setup Type: Strong LONG  🔖Opportunit...TP ➝ 0.33000

4️⃣TP ➝ 0.43000

🚫Stop Loss: 0.24800",0b103ecb7b18a1ce650c16461355dfe0,2026-09-10T10:34:15+00:00,2026-09-13T20:45:38.886334+00:00,976,binancefutures_traders_vip
1246535,9880,"#BTWUSDT — BUY (LONG) 
🎉
🟢 Leverage: Cross  50x75
...Risk Management:
Use only 2%– 3%of your portfolio.",ede4057a0300208df6316c0550962614,2026-09-10T10:34:15+00:00,2026-09-13T20:45:38.340223+00:00,976,binancefutures_traders_vip
1246533,9881,"🚨 #EGLD/USDT | LONG

⚡Leverage: Cross 50x

🎯Entry ... follow the signal and secure profits at targets.💎",b77d926c65198a503697c989bdcbd09f,2026-09-10T10:34:15+00:00,2026-09-13T20:45:38.333350+00:00,976,binancefutures_traders_vip
1246537,9878,VTHOUSDT LONG NOW,e4c3747d12241a82b6e141f1cc5f1384,2026-09-10T10:02:43+00:00,2026-09-13T20:45:38.532418+00:00,976,binancefutures_traders_vip
1246536,9879,"⭐️$VTHO/USDT  LONG

🛡Leverage : Cross 25x50

‼️Ent...004527

Use only 3% - 5% amount of your portfolio🛍",0c8a19dc96fb62c6f19224efb2a021c0,2026-09-10T10:02:43+00:00,2026-09-13T20:45:38.349143+00:00,976,binancefutures_traders_vip
1246534,9877,"✅ Long

#ETC/USDT

Entry zone : 7.572 - 7.807

Tak...311
8.544
8.777

Stop loss :7.26051

Leverage: 10x",712f66d87a23bb8806d42539e2fef3e6,2026-09-10T10:02:43+00:00,2026-09-13T20:45:38.339558+00:00,976,binancefutures_traders_vip
1246532,9876,"🐳 LSK/USDT #LONG🐳

✳️ ENTRY :- 0.118 - 0.113

💢 LE...: 0.145

⛔️ STOP-LOSS :- 0.108

☝️ Margin Use 2–3%",80614d7a2d13c308e9f369fd6ebf121a,2026-09-10T10:02:43+00:00,2026-09-13T20:45:38.270693+00:00,976,binancefutures_traders_vip
1246531,9875,"#KAS/USDT LONG     

👉Leverage : Cross 10× To 30×
...
1)  0.040
2)  0.042
3)  0.044

⭕Stoploss : 0.0367",d5976cbb8695bf93c6c3cc22ac58ae6b,2026-09-10T10:02:43+00:00,2026-09-13T20:45:38.165764+00:00,976,binancefutures_traders_vip
1257918,10245,"EXCHANGE/BYBIT/BITUNIX/OKX📌 


DAY TRADE 🏆

LONG/F...agement 🏆


Use only 5% of your 📈Available balance",0bc1e07dce99a0317005e2214436da17,2026-09-11T15:08:37+00:00,2026-09-13T22:13:24.036465+00:00,976,binancefutures_traders_vip
1257906,10242,"#MET/ USDT — BUY (LONG) 
Leverage: Cross 25x – 50x...T IS KEY
👉 Use ONLY 2 – 3% of your total portfolio",7c6bd68c487998f78151f0ea3682f779,2026-09-11T14:40:37+00:00,2026-09-13T22:13:23.988260+00:00,976,binancefutures_traders_vip
1257878,10243,"🔰 PAIR: CRV/ USDT 💹

🟢Position: LONG🚀

☑️ Entry Zo...:
🥇 0.3560
🥈 0.3584
🥉 0.3625

❌ Stop Loss: 🔴0.3470",1e7ce2ee18d2f2c7a6ad4feb6f7ae687,2026-09-11T14:40:37+00:00,2026-09-13T22:13:23.788845+00:00,976,binancefutures_traders_vip
1257907,10212,"🚀 #XANUSDT LONG SIGNAL 🚀

📌 ENTRY ➜ 0.01174

🎯 TAK...ch this move together!

🔓 Trade Smart • Trade Safe",d9925c83f257463d6f304bcd6aa88568,2026-09-11T14:20:33+00:00,2026-09-13T22:13:23.994601+00:00,976,binancefutures_traders_vip
1257875,10210,"🚨 NEW TRADE SIGNAL 🚨

📊 ETH/USDT — LONG 

📍 ENTRY:...Manage your risk & trade responsibly.

🔥 LET’S GO!",26977d223a15b6d5778c2e8980fe7c16,2026-09-11T14:20:33+00:00,2026-09-13T22:13:23.670747+00:00,976,binancefutures_traders_vip
1257896,10209,"🌈PAIR:- #ETH/USDT
⚡️ Direction : LONG
🛠 Leverage: ...nt Usage:- 1 - 2%
(According To your Risk Setting)",934d88f7fb3b129265d1123eec750fb6,2026-09-11T14:18:13+00:00,2026-09-13T22:13:23.845577+00:00,976,binancefutures_traders_vip
1257891,10208,"ETH / USDT 

SHORT SHORT SHORT 

IST ENTRY AT MARKET PRICE 

TP 2600 , 2590

SL 2680

20x Leverage",f35459a70b83b4110ea87a5736cb187f,2026-09-11T14:17:32+00:00,2026-09-13T22:13:23.840099+00:00,976,binancefutures_traders_vip
1257908,10207,"$SOL SHORT (100x) ⚡️

ENTRY : 101👍

TARGETS PRICE:...9.60
2⃣ 98.00
3️⃣ 96.00
🤩 93.38

⛔️STOP LOSS : 108",c44f29ccbbd254d0f97338c731f5c49e,2026-09-11T13:51:38+00:00,2026-09-13T22:13:23.997821+00:00,976,binancefutures_traders_vip
1257923,10203,"💵 𝐒𝐈𝐆𝐍𝐀𝐋 𝐀𝐋𝐄𝐑𝐓 💵

#AIO/USDT (25xSHORT)

✅ ENTRY:0....TARGETS:-0.03950/0.03750/0.034

❌ STOP LOSS: 0.046",b0cc64e8d8b69d1d3beecb5a43aa87cf,2026-09-11T13:35:52+00:00,2026-09-13T22:13:24.091994+00:00,976,binancefutures_traders_vip
1257916,10206,"#MARSCOIN/ USDT — BUY (LONG) 
Leverage: Cross 25x ...T IS KEY
👉 Use ONLY 2 – 3% of your total portfolio",6f7e6d36cc2d1bc9b00dd7401c5ece76,2026-09-11T13:35:52+00:00,2026-09-13T22:13:24.034965+00:00,976,binancefutures_traders_vip
1257901,10204,"#LONG 🟢🔤🔤🔤🔤🔤

#STX/USDT

Margin Mode : Isolated 💎
...6

🟥 SL : 0.2484 - 100%   

📊 LEV : 20X

🇯🇵Premium",a6521b82cd1ff4e42b704229442cbba9,2026-09-11T13:35:52+00:00,2026-09-13T22:13:23.941136+00:00,976,binancefutures_traders_vip
1257931,10192,"⭐ FF /USDT — LONG

💵 ENTRY: 0.16400-0.15000

⚙️ LE...o

📌 Follow the setup and manage your risk wisely.",8ac37ae37d7ce88519043a0428b15c41,2026-09-11T13:35:51+00:00,2026-09-13T22:13:24.142198+00:00,976,binancefutures_traders_vip
1257927,10188,"🚨 NEW TRADE SIGNAL 🚨

📊 USELESS/USDT — LONG 

📍 EN...Manage your risk & trade responsibly.

🔥 LET’S GO!",ea4f353aec122b4a5e246e3447f275d9,2026-09-11T13:35:51+00:00,2026-09-13T22:13:24.110941+00:00,976,binancefutures_traders_vip
1257900,10200,"📊 Let’s LONG #MAGMA/USDT

💥 Leverage:  Cross 20×  ...1) 0.2575
2) 0.2660
3) 0.2780

🔖 Stop Loss: 0.2360",477227ec3ece86817fa5f8354e8050ae,2026-09-11T13:35:51+00:00,2026-09-13T22:13:23.895382+00:00,976,binancefutures_traders_vip
1257899,10190,"ETH/USD SELL 

Entry : $ 2501

Target1: $  2482
Target2: $  2442
Target3: $  2414


SL : $ 2539",9606fda8a195f00a1e7cf5028ad3a934,2026-09-11T13:35:51+00:00,2026-09-13T22:13:23.894306+00:00,976,binancefutures_traders_vip
1257885,10202,"📈 LONG #NIULAI/USDT

🚀 LEVERAGE : 50x

📊 ENTRY PRI...3

TP🟢0.148

TP🟢0.154

STOPLOSS 🔴0.133

REACTIONS?",b4c7b82d7152f0753e9be608c1fa702a,2026-09-11T13:35:51+00:00,2026-09-13T22:13:23.822691+00:00,976,binancefutures_traders_vip
1257883,10197,"#THETA/ USDT — BUY (LONG) 
Leverage: Cross 25x – 5...T IS KEY
👉 Use ONLY 2 – 3% of your total portfolio",ee157bed2280bd93defc06128b050be5,2026-09-11T13:35:51+00:00,2026-09-13T22:13:23.811557+00:00,976,binancefutures_traders_vip
1257877,10195,"#MAGMA/USDT

📈Signal: long Leverage: Cross 50X

⚡️...even after TP1 is hit.

📣Trade Smart • Follow Risk",a65f4f7dd727ae6f3c409918076237ff,2026-09-11T13:35:51+00:00,2026-09-13T22:13:23.729479+00:00,976,binancefutures_traders_vip
1257876,10187,"⭐ RAY /USDT — LONG

💵 ENTRY: 1.6090-1.5500

⚙️ LEV...o

📌 Follow the setup and manage your risk wisely.",9e65d0723304d258d80c15f4d861f62b,2026-09-11T13:35:51+00:00,2026-09-13T22:13:23.676343+00:00,976,binancefutures_traders_vip
1257909,10184,"#USELESS/USDT

📈Signal: long Leverage: Cross 50X

...even after TP1 is hit.

📣Trade Smart • Follow Risk",3830f4220c4c90b99eea89d183a05c1e,2026-09-11T13:35:50+00:00,2026-09-13T22:13:24.003680+00:00,976,binancefutures_traders_vip
1257890,10181,"$ETH SHORT ⚡️

ENTRY : 2455👍

TARGETS PRICE:🔼

1️⃣ 2425
2⃣ 2389
3️⃣ 2350
🤩 2277

⛔️STOP LOSS : 2588",812b22f8fe689c82000b1a60c1fd9519,2026-09-11T12:36:54+00:00,2026-09-13T22:13:23.834741+00:00,976,binancefutures_traders_vip
1257871,10180,"🌈PAIR:- #MET/USDT
⚡️ Direction : LONG
🛠 Leverage: ...nt Usage:- 1 - 2%
(According To your Risk Setting)",4b86a82ba9354c81319c1a4050bd2a9a,2026-09-11T12:21:05+00:00,2026-09-13T22:13:23.527489+00:00,976,binancefutures_traders_vip
1257872,10177,"✅ Long

#ETC/USDT

Entry zone : 7.247 - 7.472

Tak...955
8.178
8.401

Stop loss :6.94896

Leverage: 10x",ed901040bbc888f2005ac05e09dcffdb,2026-09-11T12:21:04+00:00,2026-09-13T22:13:23.531753+00:00,976,binancefutures_traders_vip
1257862,10174,"#MET/USDT BUY (LONG) 

⚡️Leverage : Cross 25x to 5....2590

⚠️Use only 3% - 5% amount of your portfolio",5b58836241f67e22574d131cd17346f3,2026-09-11T12:21:04+00:00,2026-09-13T22:13:07.698645+00:00,976,binancefutures_traders_vip
1257860,10170,"📈 LONG #NIULAI/USDT

🚀 LEVERAGE : 50x

📊 ENTRY PRI...8

TP🟢0.156

TP🟢0.165

STOPLOSS 🔴0.136

REACTIONS?",177160e2d0fa68f83d71ac521685d56d,2026-09-11T09:52:18+00:00,2026-09-13T22:13:07.693421+00:00,976,binancefutures_traders_vip
1257853,10167,"#NIULAI/USDT BUY (LONG) 

⚡️Leverage : Cross 25x t....1420

⚠️Use only 3% - 5% amount of your portfolio",7dc2393c4c29948fb4e1de8d139fe09c,2026-09-11T09:52:18+00:00,2026-09-13T22:13:07.667676+00:00,976,binancefutures_traders_vip
1257868,10162,"🚀 #FFUSDT SHORT SIGNAL 🚀

📌 ENTRY ➜ 0.1652

🎯 TAKE...ch this move together!

🔑 Trade Smart • Trade Safe",d23f64ac8b3773cb493d23ddda8f30b8,2026-09-11T09:11:14+00:00,2026-09-13T22:13:07.728141+00:00,976,binancefutures_traders_vip
1257825,10157,"#4USDT — BUY (LONG) 
🎉
🟢 Leverage: Cross  50x75

⚡...Risk Management:
Use only 2%– 3%of your portfolio.",38595dab214b1dd2c5d21627ef85ec3e,2026-09-11T09:05:06+00:00,2026-09-13T22:13:07.429185+00:00,976,binancefutures_traders_vip
1257859,10154,"💰#VTHO/ USDT👑

💎Setup Type: Strong LONG  🔖Opportun....0007000

4️⃣TP ➝ 0.0008500

🚫Stop Loss: 0.0004700",cb3361cb5059e61581e62f282a9e70d8,2026-09-11T08:32:14+00:00,2026-09-13T22:13:07.690310+00:00,976,binancefutures_traders_vip
1257864,10152,"🔴 SHORT

#NEO/USDT

Entry zone : 2.248 - 2.183

Ta...040
1.974
1.908

Stop loss :2.33581

Leverage: 10x",9ce05e038d63b43edd47b3f292d5eb52,2026-09-11T08:23:48+00:00,2026-09-13T22:13:07.700396+00:00,976,binancefutures_traders_vip
1257848,10150,"Long #4USDT 0.019800

Tp 0.020325",49d9573dedd254a34666580f9f7d61e7,2026-09-11T08:22:35+00:00,2026-09-13T22:13:07.652254+00:00,976,binancefutures_traders_vip
1257844,10144,"🔴 SHORT

#THETA/USDT

Entry : 

1) 0.1857
2) 0.191...0.1728

🛑 Stop : 0.1973

Leverage : 10x (isolated)",280b3301d56a3fe5d30755c40fdc88f9,2026-09-11T08:22:35+00:00,2026-09-13T22:13:07.640672+00:00,976,binancefutures_traders_vip
1257841,10151,"#4/USDT

📈Signal: long Leverage: Cross 50X

⚡️Entr...even after TP1 is hit.

🔈Trade Smart • Follow Risk",c7c944c888f65217b12b6a10c925c450,2026-09-11T08:22:35+00:00,2026-09-13T22:13:07.636703+00:00,976,binancefutures_traders_vip
1257839,10148,"⭐️$SAGA/USDT  LONG

🛡Leverage : Cross 25x50

‼️Ent....01466

Use only 3% - 5% amount of your portfolio🛍",f24af5517da03a4c3616a17766687bac,2026-09-11T08:22:35+00:00,2026-09-13T22:13:07.625375+00:00,976,binancefutures_traders_vip
1257819,10143,"⭐️$NIULAI/USDT  LONG

🛡Leverage : Cross 25x50

‼️E....09974

Use only 3% - 5% amount of your portfolio🛍",0868c399a24632a3473b55212af80363,2026-09-11T08:22:35+00:00,2026-09-13T22:13:07.223974+00:00,976,binancefutures_traders_vip
1257831,10141,"🚩 LONG #LSK/USDT

⚙️ 50X LEVERAGE

🛡 Entry: 0.1349...: 0.14050
TP3: 0.14350

🛑 SL: 0.12680

🔥REACTIONS?",566459de7760f1999b28b5b3408f0a11,2026-09-11T07:33:53+00:00,2026-09-13T22:13:07.532395+00:00,976,binancefutures_traders_vip
1257854,10135,"🚀 $DOGS/USDT PERP 🚀

🟢 LONG

💰 Entry : 0.0000475$ ... – 25X

⛔️ SL : 0.000042$

📌 Use Only 2-5% Capital",7e48456324a47f0f3f12b737ddbda96f,2026-09-11T07:15:22+00:00,2026-09-13T22:13:07.668899+00:00,976,binancefutures_traders_vip
1257849,10136,"🚀 LONG: $MARSCOIN/USDT🚀
LEVERAGE: 20X-50X

🤍 ENTRY...30- 0.1430
—————

❌ STOP LOSS: 0.1040❌


REACTIONS",d967acd57f4e8f830f813afa7c1ccd27,2026-09-11T07:15:22+00:00,2026-09-13T22:13:07.654201+00:00,976,binancefutures_traders_vip
1257852,10129,"#EVAA/USDT LONG     

👉Leverage : Cross 10× To 30×...  0.5285
2)  0.5440
3)  0.5700

⭕Stoploss : 0.4940",43dd2851d36eb30b3be03056abac1d10,2026-09-11T06:59:34+00:00,2026-09-13T22:13:07.665691+00:00,976,binancefutures_traders_vip
1257836,10132,"Coin #AKE /USDT

Position: LONG 

Leverage:  Cross...rgets: 🎯 0.0154, 0.0175, 0.0207

Stop Loss: 0.0122",9454b47cc463417ed3e4480041622432,2026-09-11T06:59:34+00:00,2026-09-13T22:13:07.616269+00:00,976,binancefutures_traders_vip
1257835,10133,"📊#FF/USDT–SHORT–30x 🚀

📍 𝐄𝐧𝐭𝐫𝐲 𝐙𝐨𝐧𝐞:

➥ 0.1693, 0....tal.

⚠️ Disclaimer:
Trade at your own risk. DYOR.",540f80c5a3426df273a0f4afcbf957a7,2026-09-11T06:59:34+00:00,2026-09-13T22:13:07.608860+00:00,976,binancefutures_traders_vip
1257834,10123,"✅ Long

#ETC/USDT

Entry zone : 7.397 - 7.626

Tak...119
8.346
8.574

Stop loss :7.09218

Leverage: 10x",6ae1f2de3fecaed25a911cfe1edba815,2026-09-11T06:59:34+00:00,2026-09-13T22:13:07.547355+00:00,976,binancefutures_traders_vip
1257832,10121,"🐳 NEWT/USDT #SHORT🐳

✳️ ENTRY :- 0.04120 - 0.04260...0.035

⛔️ STOP-LOSS :- 0.04430

☝️ Margin Use 2–3%",f4d04cf0931593546165a4a8d3c3b9d2,2026-09-11T06:59:34+00:00,2026-09-13T22:13:07.543890+00:00,976,binancefutures_traders_vip
1257830,10134,"⚡️$XAN/USDT⚡️

LONG
Leverage: 25X 

Entry: 0.0118
...h target.

📈 Risk Managed Trade | High R:R Setup 💎",ffe0f9ae4bb72545e48ef31c27d0a377,2026-09-11T06:59:34+00:00,2026-09-13T22:13:07.530167+00:00,976,binancefutures_traders_vip
1257828,10125,"$ZEC/USDT #SHORT📩

✅ENTRY :-1065/1100

Target 1:10...𝐎𝐧𝐥𝐲 𝟏-𝟑% 𝐎𝐟 𝐎𝐮𝐫 𝐃𝐞𝐩𝐨𝐬𝐢𝐭 𝐅𝐨𝐫 𝐄𝐚𝐜𝐡 𝐓𝐫𝐚𝐝𝐞

React,??m",82c972382c15c796baaa5ae613bde2b0,2026-09-11T06:59:34+00:00,2026-09-13T22:13:07.526844+00:00,976,binancefutures_traders_vip
1257826,10124,"💵 𝐒𝐈𝐆𝐍𝐀𝐋 𝐀𝐋𝐄𝐑𝐓 💵

#USELESS/USDT (25xSHORT)

✅ ENTR...TARGETS:-0.2010/0.1930/0.1820

❌ STOP LOSS: 0.2370",43717fdae603c28dc6980f83761b72c0,2026-09-11T06:59:34+00:00,2026-09-13T22:13:07.473326+00:00,976,binancefutures_traders_vip
1257823,10130,"#LSK/USDT LONG     

👉Leverage : Cross 10× To 30×
...

1)  0.137
2)  0.142
3)  0.154

⭕Stoploss : 0.127",6e6e5c30ffce6a82d041b18d76d5a16b,2026-09-11T06:59:34+00:00,2026-09-13T22:13:07.383809+00:00,976,binancefutures_traders_vip
1257820,10131,"📊 #LSK/USDT

🟢 POSITION: LONG

💰 ENTRY RANGE
➤ 0.1...
➤ 0.105

━━━━━━━━━━━━━━━━━━

✅ Manage risk wisely",d58a5d729d770ef9335e951772f33c22,2026-09-11T06:59:34+00:00,2026-09-13T22:13:07.225581+00:00,976,binancefutures_traders_vip
1257814,10120,"🟢 Long

#XMR/USDT

Entry : 

1) 503.74
2) 488.62

...538.20

🛑 Stop : 472.00

Leverage : 10x (isolated)",b1910470d3196bc6816d79a8f5739dcf,2026-09-11T06:59:34+00:00,2026-09-13T22:13:07.194936+00:00,976,binancefutures_traders_vip
1257816,10117,"#LONG 🟢🔤🔤🔤🔤🔤

#SEI/USDT

Margin Mode : Isolated 💎
...

🟥 SL : 0.04247 - 100%   

📊 LEV : 20X

🇯🇵Premium",187c736ee4115c8b111e686c154001f5,2026-09-11T06:52:59+00:00,2026-09-13T22:13:07.211728+00:00,976,binancefutures_traders_vip
1257824,10116,"#NIULAI/USDT BUY (SHORT) 

⚡️Leverage : Cross 25x ....1310

⚠️Use only 3% - 5% amount of your portfolio",514e35d991d4f3fc6004930779579fdc,2026-09-11T06:52:16+00:00,2026-09-13T22:13:07.412706+00:00,976,binancefutures_traders_vip
1257822,10113,"📊 Let’s LONG #EVAA/USDT

💥 Leverage:  Cross 20×  -...1) 0.5286
2) 0.5450
3) 0.5700

🔖 Stop Loss: 0.4810",83be0115c900048fe1ccc5db90407356,2026-09-11T06:52:16+00:00,2026-09-13T22:13:07.255566+00:00,976,binancefutures_traders_vip
1257815,10115,"#EVAA/USDT

📈Signal: long Leverage: Cross 50X

⚡️E...even after TP1 is hit.

🔈Trade Smart • Follow Risk",a3337ef5603740cd1ad8c21acaa2ecad,2026-09-11T06:52:16+00:00,2026-09-13T22:13:07.193079+00:00,976,binancefutures_traders_vip
1257812,10112,"📊 Let’s SHORT #LSK/USDT

💥 Leverage:  Cross 20×  -...1) 0.1240
2) 0.1190
3) 0.1120

🔖 Stop Loss: 0.1320",fe9f3b57587bd3455f3171bc54e7c895,2026-09-11T06:52:16+00:00,2026-09-13T22:13:07.159844+00:00,976,binancefutures_traders_vip
1257811,10111,"📊 Let’s SHORT #LINK/USDT

💥 Leverage:  Cross 20×  ...1.2965
2) 11.1640
3) 10.9400

🔖 Stop Loss: 11.7650",8d99287528fb09ffa08018ee7a9a8553,2026-09-11T06:52:15+00:00,2026-09-13T22:13:07.158985+00:00,976,binancefutures_traders_vip
1257809,10109,"📊 Let’s LONG #DEXE/USDT

💥 Leverage:  Cross 20×  -...: 

1) 1.970
2) 2.035
3) 2.090

🔖 Stop Loss: 1.805",da23d718ce40208eb0305f7e7fe6f35e,2026-09-11T06:52:15+00:00,2026-09-13T22:13:07.099657+00:00,976,binancefutures_traders_vip
1257808,10108,"$LSK/USDT

SHORT SHORT SHORT 

IST ENTRY AT MARKET... 0.12608 - 0.12532 - 0.12447

16x Lev 

SL 0.13145",b38539b0df724b5783e2eb8f46e4932a,2026-09-11T06:52:15+00:00,2026-09-13T22:13:07.063836+00:00,976,binancefutures_traders_vip
1257806,10107,"#DOTUSDT — BUY (LONG) 
🎉
🟢 Leverage: Cross  50x75
...Risk Management:
Use only 2%– 3%of your portfolio.",7a2288f387ac879bdef191ac85808a4b,2026-09-11T06:52:15+00:00,2026-09-13T22:13:07.062861+00:00,976,binancefutures_traders_vip
1257803,10104,"#PTBUSDT — BUY (LONG) 
🎉
🟢 Leverage: Cross  50x75
...Risk Management:
Use only 2%– 3%of your portfolio.",d807c3fe058773e3f0c968c0a48ce16b,2026-09-11T06:52:15+00:00,2026-09-13T22:13:07.031811+00:00,976,binancefutures_traders_vip
1265471,10475,LSK long now,dabe7b188c1258c6e534fa78a8e25535,2026-09-12T13:58:24+00:00,2026-09-14T11:17:42.584090+00:00,976,binancefutures_traders_vip
1265456,10476,"⭐ LSK /USDT — LONG

💵 ENTRY: 0.23000-0.22000

⚙️ L...o

📌 Follow the setup and manage your risk wisely.",09ca1dabb3c85acc981158aca1055920,2026-09-12T13:58:24+00:00,2026-09-14T11:17:42.477788+00:00,976,binancefutures_traders_vip
1265514,10473,"#SHORT 🔴 🔤🔤🔤🔤🔤

#STX/USDT 

Margin Mode : Isolated...2529

🟩 SL : 0.2729- 100%

📊 LEV : 30X

🇯🇵 Premium",330b4dfbfd57be6f897e5f254dd66fde,2026-09-12T13:58:23+00:00,2026-09-14T11:17:42.766740+00:00,976,binancefutures_traders_vip
1265503,10474,"🚨 #LSK/USDT | LONG

⚡Leverage: Cross 50x

🎯Entry T... follow the signal and secure profits at targets.💎",0359bc7d5e5a65b9b27bb86baa6f0250,2026-09-12T13:58:23+00:00,2026-09-14T11:17:42.696618+00:00,976,binancefutures_traders_vip
1265502,10471,"📈 LONG #LSK/USDT

🚀 LEVERAGE : 50x

📊 ENTRY PRICE ...
TP🟢0.250

TP🟢0.260

STOPLOSS 🔴0.223



REACTIONS?",d661e5f7927e2203967d00e99ba03618,2026-09-12T13:42:33+00:00,2026-09-14T11:17:42.695627+00:00,976,binancefutures_traders_vip
1265474,10472,"➡️ #LSK       /USDT (SHORT) 🔽🔽

⌛LEVERAGE : 20X TO...9


💥Use only 1%margin of your total portfolio❤️😘😇",fad0b99e2fe5cec7028f415b2f518b27,2026-09-12T13:42:33+00:00,2026-09-14T11:17:42.588584+00:00,976,binancefutures_traders_vip
1265473,10469,"🔴 SHORT

#KAVA/USDT

Entry : 

1) 0.070910
2) 0.07...6004

🛑 Stop : 0.075377

Leverage : 10x (isolated)",7995d9d94ca0ff76e711218d5c3a61a6,2026-09-12T13:07:47+00:00,2026-09-14T11:17:42.587944+00:00,976,binancefutures_traders_vip
1265458,10470,"📈 LONG #LSK/USDT

🚀 LEVERAGE : 50x

📊 ENTRY PRICE ...7

TP🟢0.234

TP🟢0.246

STOPLOSS 🔴0.210

REACTIONS?",7bad34ae1d6f0e18b1ef3e6bd0d0e690,2026-09-12T13:07:47+00:00,2026-09-14T11:17:42.498763+00:00,976,binancefutures_traders_vip
1265495,10466,"#LAB/ USDT — BUY (LONG) 
Leverage: Cross 25x – 50x...T IS KEY
👉 Use ONLY 2 – 3% of your total portfolio",386700c60541754c484189c0fc08ef91,2026-09-12T12:59:50+00:00,2026-09-14T11:17:42.678341+00:00,976,binancefutures_traders_vip
1265463,10464,"🚀 #JCTUSDT LONG SIGNAL 🚀

📌 ENTRY ➜ 0.001584

🎯 TA...ch this move together!

🔓 Trade Smart • Trade Safe",beb3670759459e6648c24abdae9b7015,2026-09-12T12:59:50+00:00,2026-09-14T11:17:42.554474+00:00,976,binancefutures_traders_vip
1265454,10465,"🚀 #OPENUSDT LONG SIGNAL 🚀

📌 ENTRY ➜ 0.1328

🎯 TAK...ch this move together!

🔓 Trade Smart • Trade Safe",73942b547784cc806a4644a6f6406e6a,2026-09-12T12:59:50+00:00,2026-09-14T11:17:42.460521+00:00,976,binancefutures_traders_vip
1265484,10459,"🚨 #UNI/USDT | LONG

⚡Leverage: Cross 50x

🎯Entry T... follow the signal and secure profits at targets.💎",ab11cd2e324d9379fc30a93c807afe75,2026-09-12T12:59:49+00:00,2026-09-14T11:17:42.638527+00:00,976,binancefutures_traders_vip
1265477,10457,"⭐ RIVER /USDT — LONG

💵 ENTRY: 1.2700-1.2000

⚙️ L...o

📌 Follow the setup and manage your risk wisely.",8d509b1929fe2bdbfe2a808d98b2b50d,2026-09-12T11:55:42+00:00,2026-09-14T11:17:42.601423+00:00,976,binancefutures_traders_vip
1265470,10453,"⭐ TA /USDT — LONG

💵 ENTRY: 0.05940-0.05500

⚙️ LE...o

📌 Follow the setup and manage your risk wisely.",fb215f22bce4b957f3cb9df19aaf6edc,2026-09-12T11:55:41+00:00,2026-09-14T11:17:42.572717+00:00,976,binancefutures_traders_vip
1265509,10451,"#ACE | SHORT SETUP

💰 Entry: $0.15993

🎯 Target1: ...t4: $0.15385
🎯 Target5: $0.15161

🛡 STOP: $0.16793",46d72ecb540d421aedad3ef51ae77279,2026-09-12T11:26:33+00:00,2026-09-14T11:17:42.717472+00:00,976,binancefutures_traders_vip
1265459,10450,"💫 Pair: USELESS/USDT  💫

🔼 Direction: Long 🔼

✅ Le...Take Profit: 0.2650 📈

⚠️ Stop Loss: 0.2120 ⚠️

📈📈",caeaddeda9be8cecab58a1ae071fe0dd,2026-09-12T11:26:33+00:00,2026-09-14T11:17:42.523985+00:00,976,binancefutures_traders_vip
1265445,10449,"↗️ LONG #LAB 50x

📌 Entry: 0.07450

🎯 TP: 0.07600
...t Usage: 1-3%
⚠️ According to your risk management",9984872fb163c117673e200c0d4a2a8e,2026-09-12T11:25:56+00:00,2026-09-14T11:17:42.301412+00:00,976,binancefutures_traders_vip
1265498,10448,"⭐ LSK /USDT — SHORT

💵 ENTRY: 0.02200-0.02300

⚙️ ...o

📌 Follow the setup and manage your risk wisely.",f4cd5bb71a97f7cfb0af81faa670fcbe,2026-09-12T11:25:40+00:00,2026-09-14T11:17:42.687955+00:00,976,binancefutures_traders_vip
1265478,10446,"🔘 Coin : #4/USDT 🔘

🔴 SHORT

🔺Entry🔻: 0.022931

⭐️... 0.021783

♦️ StopLoss : 0.023718

🔱 Leverage: 25x",4a0ae642e63c836b0413981945e151fd,2026-09-12T11:16:32+00:00,2026-09-14T11:17:42.607167+00:00,976,binancefutures_traders_vip
1265448,10445,"#FLOCK/USDT

📈Signal: long Leverage: Cross 20X

⚡️...even after TP1 is hit.

📣Trade Smart • Follow Risk",d7123575ad8d00d06c657595a37814a5,2026-09-12T11:16:32+00:00,2026-09-14T11:17:42.370706+00:00,976,binancefutures_traders_vip
1265515,10442,"⭐️$LSK/USDT  SHORT

🛡Leverage : Cross 25x50

‼️Ent....24729

Use only 3% - 5% amount of your portfolio🛍",0eb13ac447b1af7dbc62cbe163089a86,2026-09-12T11:09:30+00:00,2026-09-14T11:17:42.791405+00:00,976,binancefutures_traders_vip
1265496,10441,LSKUSDT SHORT NOW,500bece0a648b9bb1c188bb449aedb6f,2026-09-12T11:09:30+00:00,2026-09-14T11:17:42.683784+00:00,976,binancefutures_traders_vip
1265505,10440,"📊#UAI/USDT — LONG

⚡️ Leverage : 10X – 30X

💹Entry...Entry After TP1

⚖️ Follow Proper Risk Management.",293a56064d13bba6c1d7e922aa07987a,2026-09-12T10:37:24+00:00,2026-09-14T11:17:42.700194+00:00,976,binancefutures_traders_vip
1265490,10439,"💰#LSK/ USDT👑

💎Setup Type: Strong LONG  🔖Opportuni...TP ➝ 0.24000

4️⃣TP ➝ 0.32000

🚫Stop Loss: 0.17700",92a9a96677667d6a37df6dd29573bde8,2026-09-12T10:18:36+00:00,2026-09-14T11:17:42.665722+00:00,976,binancefutures_traders_vip
1265508,10437,"➡️ #UAI       /USDT (SHORT) 🔽🔽

⌛LEVERAGE : 20X TO...9


💥Use only 1%margin of your total portfolio❤️😘😇",e76e734f9064d2a5066a438435aa5294,2026-09-12T10:09:02+00:00,2026-09-14T11:17:42.705024+00:00,976,binancefutures_traders_vip
1265493,10438,"🚨 #UAI/USDT | LONG

⚡Leverage: Cross 50x

🎯Entry T... follow the signal and secure profits at targets.💎",366ab19e34feebf7082be6bc527cd940,2026-09-12T10:09:02+00:00,2026-09-14T11:17:42.676614+00:00,976,binancefutures_traders_vip
1265497,10436,"🛎️ Trade: #SOMI/USDT

Direction: 📈 LONG 

🟢 Entry ...74
• Target 6: 0.1589

💠 Leverage : 5x - 10x - 20x",2c465f60c9b39ddde3f0380afe0da8bc,2026-09-12T10:05:53+00:00,2026-09-14T11:17:42.686425+00:00,976,binancefutures_traders_vip
1265462,10435,"🔰 PAIR: OP/ USDT 💹

🟢Position: LONG🚀

☑️ Entry Zon...:
🥇 0.0977
🥈 0.0982
🥉 0.0992

❌ Stop Loss: 🔴0.0960",5bc15de9121c195727cd785581501e23,2026-09-12T10:05:23+00:00,2026-09-14T11:17:42.553794+00:00,976,binancefutures_traders_vip
1265466,10434,"🟢HYPE/USDT My Long Trade 

Leverage 75X

Entry Poi...0.500

Stop Loss   78.500

Follow Money Management",d1947827b3108fc8da9ddd6279dab953,2026-09-12T10:04:50+00:00,2026-09-14T11:17:42.564459+00:00,976,binancefutures_traders_vip
1265511,10432,"➡️ #RIVER      /USDT (LONG) 🔼🔼

⌛LEVERAGE : 20X TO...0


💥Use only 1%margin of your total portfolio❤️😘😇",92be073ae72374828053d8e357a0a8da,2026-09-12T09:52:13+00:00,2026-09-14T11:17:42.739093+00:00,976,binancefutures_traders_vip
1265506,10433,"🚨 #AKE/USDT | SHORT

⚡Leverage: Cross 50x

🎯Entry ... follow the signal and secure profits at targets.💎",c99bcc647e0b04016b1d06dcfa12501c,2026-09-12T09:52:13+00:00,2026-09-14T11:17:42.700895+00:00,976,binancefutures_traders_vip
1265500,10429,"⚡️$KAVA/USDT⚡️

SHORT 
Leverage: 35X 

Entry: 0.07....063808
4)0.061750
5)0.059691

Stoploss: 0.0730489",ae3ddce1fe6d3ef9f8f12fae8cd7ded1,2026-09-12T09:51:21+00:00,2026-09-14T11:17:42.692463+00:00,976,binancefutures_traders_vip
1265504,10428,"💰#UNI / USDT👑

💎Setup Type: Strong LONG  🔖Opportun...600

🥉TP ➝ 7.500

4️⃣TP ➝ 8.300

🚫Stop Loss: 5.500",07cce642c868dc9cfabf23d44fba04c7,2026-09-12T08:46:52+00:00,2026-09-14T11:17:42.699174+00:00,976,binancefutures_traders_vip
1265510,10426,"🔴 SHORT

#KAVA/USDT

Entry zone : 0.070318 - 0.068...1750
0.059691

Stop loss :0.0730489

Leverage: 10x",1e8443a459db3b2a29c6324f5e326970,2026-09-12T08:44:23+00:00,2026-09-14T11:17:42.719635+00:00,976,binancefutures_traders_vip
1265488,10425,"Coin #LSK/USDT

Position: LONG 

Leverage:  Cross ...rgets: 🎯 0.2025, 0.2080, 0.2140

Stop Loss: 0.1875",6c2a3a8e6c7c8a501e4f7dffacdcb3bd,2026-09-12T08:44:23+00:00,2026-09-14T11:17:42.644504+00:00,976,binancefutures_traders_vip
1265512,10421,"📊#GRIFFAIN/USDT–LONG–30x 🚀

📍 𝐄𝐧𝐭𝐫𝐲 𝐙𝐨𝐧𝐞:

➥ 0.013...tal.

⚠️ Disclaimer:
Trade at your own risk. DYOR.",223b3203c2ff1e47d6df4df9992e153a,2026-09-12T08:15:57+00:00,2026-09-14T11:17:42.744344+00:00,976,binancefutures_traders_vip
1265480,10422,"🐳 LSK/USDT #SHORT🐳

✳️ ENTRY :- 0.195 - 0.204

💢 L...: 0.170

⛔️ STOP-LOSS :- 0.218

☝️ Margin Use 2–3%",11d72abec0febf18f9c9e33392d40a24,2026-09-12T08:15:57+00:00,2026-09-14T11:17:42.610529+00:00,976,binancefutures_traders_vip
1265468,10420,"#ALCH/USDT

📈Signal: long Leverage: Cross 20X

⚡️E...even after TP1 is hit.

📣Trade Smart • Follow Risk",ad407dbb463e195d1601a60f24cd7a2c,2026-09-12T07:53:47+00:00,2026-09-14T11:17:42.565988+00:00,976,binancefutures_traders_vip
1265487,10416,"#GRIFFAIN/USDT LONG     

👉Leverage : Cross 10× To...  0.0135
2)  0.0137
3)  0.0143

⭕Stoploss : 0.0127",e98a228a1a00acde13d3da4bd54b34aa,2026-09-12T07:52:31+00:00,2026-09-14T11:17:42.643816+00:00,976,binancefutures_traders_vip
1265475,10417,"🔴 SHORT

#ZRX/USDT

Entry : 

1) 0.1068
2) 0.1100
...0.0994

🛑 Stop : 0.1135

Leverage : 10x (isolated)",200e5e2cec7e8fb84e69eb72d807f8bf,2026-09-12T07:52:31+00:00,2026-09-14T11:17:42.589180+00:00,976,binancefutures_traders_vip
1265483,10414,"📊 Let’s LONG #NIULAI/USDT

💥 Leverage:  Cross 20× ...1) 0.1595
2) 0.1740
3) 0.1900

🔖 Stop Loss: 0.1150",ebeabe8c4bb385fe8785ed737f166338,2026-09-12T07:30:02+00:00,2026-09-14T11:17:42.637032+00:00,976,binancefutures_traders_vip
1265464,10412,"🌹 #PUNDIX/USDT

🟢 LONG

✅ Entry: 0.113- 0.1096

❌ ...l advice.
💰 Stay disciplined. Protect your capital",c634b554599b326c657ca976d1252215,2026-09-12T07:18:51+00:00,2026-09-14T11:17:42.561018+00:00,976,binancefutures_traders_vip
1265436,10409,"↗️ SPOT CALL (BINANCE)

#TUT/USDT 🥂

BUY BELOW: Ma... 0.02300 - 0.02600++ 🔥🔥

No Leverage — Spot Only 💎",66b1ca1377332349998dcdead061bf40,2026-09-12T07:18:50+00:00,2026-09-14T11:17:42.239388+00:00,976,binancefutures_traders_vip
1265494,10407,"🔴 SHORT

#KAVA/USDT

Entry zone : 0.069051 - 0.067...0637
0.058616

Stop loss :0.0717328

Leverage: 10x",bd6b59ec66532ff33038bca8d47011c0,2026-09-12T07:18:30+00:00,2026-09-14T11:17:42.677221+00:00,976,binancefutures_traders_vip
1265489,10406,"$PUNDIX/USDT #LONG📩

✅ENTRY :-0.1080/0.1030

Targe...𝐎𝐧𝐥𝐲 𝟏-𝟑% 𝐎𝐟 𝐎𝐮𝐫 𝐃𝐞𝐩𝐨𝐬𝐢𝐭 𝐅𝐨𝐫 𝐄𝐚𝐜𝐡 𝐓𝐫𝐚𝐝𝐞

React,??m",250ddf1b56bb194a3ab6ba1131f00c44,2026-09-12T07:17:50+00:00,2026-09-14T11:17:42.652523+00:00,976,binancefutures_traders_vip
1265434,10404,"📍Coin : #1000BONK/USDT

🟢 LONG 

👉 Entry: 0.002780....002922
🎯 Target 6: 0.002951

❌ StopLoss: 0.002595",d93463efe18982e82cb74d80466e8ae2,2026-09-12T07:16:45+00:00,2026-09-14T11:17:42.231429+00:00,976,binancefutures_traders_vip
1265507,10403,"🚀 $LSK/USDT PERP 🚀

🟢 LONG

💰 Entry : 0.205$ – 0.1... 5X – 25X

⛔️ SL : 0.145$

📌 Use Only 2-5% Capital",1c64ae17624bc34ce635bdca9e32cbb9,2026-09-12T07:16:06+00:00,2026-09-14T11:17:42.702876+00:00,976,binancefutures_traders_vip
1265455,10402,"🚀 LONG: $MINA/USDT🚀
LEVERAGE: 20X-50X

🤍 ENTRY PRI...0- 0.1280
—————

❌ STOP LOSS: 0.09280❌


REACTIONS",be649a50cc972741fd6c06955683d3c4,2026-09-12T07:16:06+00:00,2026-09-14T11:17:42.475734+00:00,976,binancefutures_traders_vip
1265450,10399,"🪙 Coin: #MINA/USDT
🧭 Type: #LONG

📈 Entry Zone:
0.... within the zone and maintain strict risk control.",a6bfb53c23692265af8f4c6131361b9b,2026-09-12T07:16:06+00:00,2026-09-14T11:17:42.371353+00:00,976,binancefutures_traders_vip
1265441,10401,"💵 𝐒𝐈𝐆𝐍𝐀𝐋 𝐀𝐋𝐄𝐑𝐓 💵

#RIVER/USDT (25xLONG)

✅ ENTRY:1...2/1.36

TARGETS:-1.47/1.54/1.63

❌ STOP LOSS: 1.21",bfc1e5273c0fd767fecf18d4bdbdfae4,2026-09-12T07:16:06+00:00,2026-09-14T11:17:42.250752+00:00,976,binancefutures_traders_vip
1265437,10400,"🔴 Short

Pair: #ZIL/USDT

📊 Entry Price: 

1) 0.00...0.0025401

Stop Loss: 0.0029009

Leverage: 10x-20x",7d694ac8dfab6c2b3f6aba60c5d89b48,2026-09-12T07:16:06+00:00,2026-09-14T11:17:42.242447+00:00,976,binancefutures_traders_vip
1265433,10398,"#LSK/USDT LONG     

👉Leverage : Cross 10× To 30×
...

1)  0.221
2)  0.233
3)  0.257

⭕Stoploss : 0.204",4c3bdbf9a88e71b3a8d8540ae7536793,2026-09-12T07:14:49+00:00,2026-09-14T11:17:42.232573+00:00,976,binancefutures_traders_vip
1265499,10396,"⌛#JUP/USDT  ( SHORT )

🍁 Leverage 👉 20X to 25X 

⛩...63 | 0.2339 | 0.2311 | 0.2288

🔕 Stoploss = 0.2527",eae39ec16292cd671bb647543ef05a8e,2026-09-12T07:14:21+00:00,2026-09-14T11:17:42.687245+00:00,976,binancefutures_traders_vip
1265453,10395,"Coin #BEAT /USDT

Position: LONG 

Leverage:  Cros...rgets: 🎯 0.0970, 0.1010, 0.1050

Stop Loss: 0.0850",527bc9e7b86bf99ef61de91b351eae3f,2026-09-12T07:13:18+00:00,2026-09-14T11:17:42.459486+00:00,976,binancefutures_traders_vip
1265432,10394,"Coin #PUNDIX /USDT

Position: LONG 

Leverage:  Cr...rgets: 🎯 0.1150, 0.1180, 0.1220

Stop Loss: 0.1060",8325124c3472a90ec577edda42e35193,2026-09-12T07:13:18+00:00,2026-09-14T11:17:42.224004+00:00,976,binancefutures_traders_vip
1265457,10393,"🚀 $LSK/USDT PERP 🚀

🟢 LONG

💰 Entry : 0.205$ – 0.1... 5X – 25X

⛔️ SL : 0.145$

📌 Use Only 2-5% Capital",1c64ae17624bc34ce635bdca9e32cbb9,2026-09-12T07:12:45+00:00,2026-09-14T11:17:42.476891+00:00,976,binancefutures_traders_vip
1265447,10385,"📊 Let’s SHORT #MARSCOIN/USDT

💥 Leverage:  Cross 2...1) 0.1020
2) 0.0960
3) 0.0850

🔖 Stop Loss: 0.1255",1141975a2024685ef5217361e118f3f9,2026-09-12T07:12:10+00:00,2026-09-14T11:17:42.318572+00:00,976,binancefutures_traders_vip
1265446,10390,"📊 4/USDT — LONG 

📍 ENTRY: CMP

🎯 TARGET 1: 0.27
🎯...Manage your risk & trade responsibly.

🔥 LET’S GO!",ced1637b7a25e97da6ed9359bf9cda74,2026-09-12T07:12:10+00:00,2026-09-14T11:17:42.310989+00:00,976,binancefutures_traders_vip
1265440,10391,"🟢 Long

#COMP/USDT

Entry : 

1) 19.94
2) 19.34

T...) 21.30

🛑 Stop : 18.68

Leverage : 10x (isolated)",93375f5402dbf75f781fee8288971c70,2026-09-12T07:12:10+00:00,2026-09-14T11:17:42.248479+00:00,976,binancefutures_traders_vip
1265435,10387,"#ETHFIUSDT — BUY (LONG) 
🎉
🟢 Leverage: Cross  50x7...Risk Management:
Use only 2%– 3%of your portfolio.",6a7344cd2e5d3c1d3b4e62670498c52a,2026-09-12T07:12:10+00:00,2026-09-14T11:17:42.230737+00:00,976,binancefutures_traders_vip
1265430,10389,"#SOMIUSDT — BUY (LONG) 
🎉
🟢 Leverage: Cross  50x75...Risk Management:
Use only 2%– 3%of your portfolio.",51a96770f3e7386c95ff4e47f67e571e,2026-09-12T07:12:10+00:00,2026-09-14T11:17:42.152817+00:00,976,binancefutures_traders_vip
1274256,10675,"🚀 $API3/USDT PERP 🚀

🟢 LONG

💰 Entry : 0.255$ – 0.... 5X – 25X

⛔️ SL : 0.210$

📌 Use Only 2-5% Capital",1114fb2672ca60d0a9f3fdd71503f96e,2026-09-13T09:50:28+00:00,2026-09-14T12:39:09.874028+00:00,976,binancefutures_traders_vip
1274249,10676,"🔰 PAIR: SAND/ USDT 💹

🟢Position: LONG🚀

☑️ Entry Z...p Loss: 🔴0.03495

💎 VIP Signals: @Rahmans_Nazir1✨✨",e85454e841a29315032a659deb0ed6a9,2026-09-13T09:50:28+00:00,2026-09-14T12:39:09.819365+00:00,976,binancefutures_traders_vip
1274246,10674,"⭐ ARK /USDT — LONG

💵 ENTRY: 0.1700-0.1680

⚙️ LEV...o

📌 Follow the setup and manage your risk wisely.",3db54b440872ae9b035a7ee7e911b9f2,2026-09-13T09:50:28+00:00,2026-09-14T12:39:09.782781+00:00,976,binancefutures_traders_vip
1274253,10672,"🚀 LONG: $ARK/USDT
LEVERAGE: 50x

✔️ENTRY PRICE: 0....750-0.1800-0.1900

STOP LOSS:  0.1600


REACTIONS?",26d70642447c3cfd0c99a42c9a78f7ba,2026-09-13T09:50:27+00:00,2026-09-14T12:39:09.850585+00:00,976,binancefutures_traders_vip
1274250,10671,"$AVA SHORTNOW

ENTRY: 0.195- 0.200

TP:- 0.185- 0.175- 0.160

SL:- 0.0220",5ad02fca1e487ce08f149cd93c3b0ffa,2026-09-13T09:18:43+00:00,2026-09-14T12:39:09.819992+00:00,976,binancefutures_traders_vip
1274268,10669,"⭐️$STEEM/USDT  SHORT

🛡Leverage : Cross 25x50

‼️E....08534

Use only 3% - 5% amount of your portfolio🛍",2a17757d143ba8c97e01c12b53ea3af6,2026-09-13T06:52:27+00:00,2026-09-14T12:39:09.908310+00:00,976,binancefutures_traders_vip
1274277,10666,"🟢GRIFFAIN/USDT 📈

📈 long Setup 

💰 Entry Zone: 0.0...et 1. 
✅ Move SL to breakeven after Target 1 hits.",3a95630eea51bee33a9f5f9a9fbd6e05,2026-09-13T06:46:51+00:00,2026-09-14T12:39:09.953996+00:00,976,binancefutures_traders_vip
1274263,10667,"🐳 POLYX/USDT #LONG🐳

✳️ ENTRY :- 0.042 - 0.040

💢 ...: 0.048

⛔️ STOP-LOSS :- 0.038

☝️ Margin Use 2–3%",06ee3892aed9f94a2e01a06a6ebe5062,2026-09-13T06:46:51+00:00,2026-09-14T12:39:09.894702+00:00,976,binancefutures_traders_vip
1274251,10665,"🔰 KAVA/USDT 🔰

🟢 LONG 20X

🔳 ENTRY :- 0.079

☑️ TARGET:- 0.081 - 0.085 - 0.091

🔴 STOP :- 0.074",d5409e498526b37474dd67dd02dea77e,2026-09-13T06:46:51+00:00,2026-09-14T12:39:09.831552+00:00,976,binancefutures_traders_vip
1274235,10664,"🟢 Long

#TRX/USDT

Entry : 

1) 0.33938
2) 0.32919...36259

🛑 Stop : 0.31799

Leverage : 10x (isolated)",cad3f91ba398a659672a16f661bd5f99,2026-09-13T06:46:51+00:00,2026-09-14T12:39:09.704130+00:00,976,binancefutures_traders_vip
1274286,10663,"$POLYX/USDT #LONG📩

✅ENTRY :-0.041/0.03950

Target...𝐎𝐧𝐥𝐲 𝟏-𝟑% 𝐎𝐟 𝐎𝐮𝐫 𝐃𝐞𝐩𝐨𝐬𝐢𝐭 𝐅𝐨𝐫 𝐄𝐚𝐜𝐡 𝐓𝐫𝐚𝐝𝐞

React,??m",88510197c5ebe07a0d0f7e47be41efea,2026-09-13T06:46:50+00:00,2026-09-14T12:39:09.981716+00:00,976,binancefutures_traders_vip
1274282,10660,#LSK SHORT 0.803,7e1aa1d7dcd6fa29377cc5701d30ed15,2026-09-13T06:46:50+00:00,2026-09-14T12:39:09.969609+00:00,976,binancefutures_traders_vip
1274257,10661,"#LSK/USDT SHORT     

👉Leverage : Cross 10× To 30×...fit

1)  0.76
2)  0.65
3)  0.53

⭕Stoploss : 0.920",1aac9cc3cb7dbe5628c148c25a13d05e,2026-09-13T06:46:50+00:00,2026-09-14T12:39:09.881794+00:00,976,binancefutures_traders_vip
1274237,10662,"📍Coin : #AVNT/USDT

🟢 LONG 

👉 Entry: 0.1018 - 0.0...t 5: 0.1069
🎯 Target 6: 0.1080

❌ StopLoss: 0.0962",ed782693be84771e601c341d3b39f5c3,2026-09-13T06:46:50+00:00,2026-09-14T12:39:09.750872+00:00,976,binancefutures_traders_vip
1274245,10656,"📊 #POWR/USDT

🟢 POSITION: LONG

💰 ENTRY RANGE
➤ 0....
➤ 0.070

━━━━━━━━━━━━━━━━━━

✅ Manage risk wisely",258da97a21a3872f7fbd37d1e28f6dfd,2026-09-13T06:37:41+00:00,2026-09-14T12:39:09.781957+00:00,976,binancefutures_traders_vip
1274241,10658,"🚀 $KAVA/USDT PERP 🚀

🟢 LONG

💰 Entry : 0.0815$ – 0... 5X – 25X

⛔️ SL : 0.066$

📌 Use Only 2-5% Capital",aa8755ab276a63cd5d61d261e8966ca6,2026-09-13T06:37:41+00:00,2026-09-14T12:39:09.755206+00:00,976,binancefutures_traders_vip
1274232,10659,"#LONG 🟢🔤🔤🔤🔤🔤

#SEI/USDT

Margin Mode : Isolated 💎
...

🟥 SL : 0.04247 - 100%   

📊 LEV : 20X

🇯🇵Premium",187c736ee4115c8b111e686c154001f5,2026-09-13T06:37:41+00:00,2026-09-14T12:39:09.693376+00:00,976,binancefutures_traders_vip
1274278,10646,"Long #CTR 0.011700

Tp 0.012700",c4c51a612082fe360fcf599f2573aed4,2026-09-13T06:37:40+00:00,2026-09-14T12:39:09.961583+00:00,976,binancefutures_traders_vip
1274273,10647,"#CTR/USDT

📈Signal: long Leverage: Cross 20X

⚡️En...even after TP1 is hit.

📣Trade Smart • Follow Risk",9b645a03b4b1f4cecbfcadbe2f520211,2026-09-13T06:37:40+00:00,2026-09-14T12:39:09.939258+00:00,976,binancefutures_traders_vip
1274264,10651,"🚀 #BIGTIMEUSDT LONG SIGNAL 🚀

📌 ENTRY ➜ 0.007548

...ch this move together!

🔓 Trade Smart • Trade Safe",c39aabcac200eac1221f958d8a858098,2026-09-13T06:37:40+00:00,2026-09-14T12:39:09.898768+00:00,976,binancefutures_traders_vip
1274254,10648,"📊#FLOCK/USDT — LONG

⚡️ Leverage : 10X – 30X

💹Ent...Entry After TP1

⚖️ Follow Proper Risk Management.",a0127940963e8ba093c93f070c2cda26,2026-09-13T06:37:40+00:00,2026-09-14T12:39:09.851260+00:00,976,binancefutures_traders_vip
1274243,10649,"#OPENUSDT — BUY (LONG) 
🎉
🟢 Leverage: Cross  50x75...Risk Management:
Use only 2%– 3%of your portfolio.",bd00cc9e2a7d991249e7b03b8052f901,2026-09-13T06:37:40+00:00,2026-09-14T12:39:09.770833+00:00,976,binancefutures_traders_vip
1274234,10654,"🔴 SHORT

#QTUM/USDT

Entry zone : 0.986843 - 0.958...66601
0.837714

Stop loss :1.025167

Leverage: 10x",bdf8cdf41c6320908c372856c4a42126,2026-09-13T06:37:40+00:00,2026-09-14T12:39:09.700384+00:00,976,binancefutures_traders_vip
1274233,10653,"🔴 Short

Pair: #KAVA/USDT

📊 Entry Price: 

1) 0.0...) 0.074828

Stop Loss: 0.085454

Leverage: 10x-20x",dc8927bcf3aa599abf1a447e5a0c008e,2026-09-13T06:37:40+00:00,2026-09-14T12:39:09.695871+00:00,976,binancefutures_traders_vip
1274231,10652,"🔴 Short

Pair: #NEO/USDT

📊 Entry Price: 

1) 2.25....141
4) 2.094

Stop Loss: 2.391

Leverage: 10x-20x",407d168edba99dd8fec543d0f74545bb,2026-09-13T06:37:40+00:00,2026-09-14T12:39:09.690059+00:00,976,binancefutures_traders_vip
1274175,10522,"Pair: #ONDO/USDT

Long • (25X)

Entry
0.3471 - 0.3...t your own risk. Always use proper risk management",20afab003adc0605cea6d302ca5ef18d,2026-09-12T21:32:51+00:00,2026-09-14T12:38:54.912631+00:00,976,binancefutures_traders_vip
1274148,10521,"✅ Long

#ETH/USDT

Entry zone : 2439.55 - 2515.00
...2752.66
2827.74

Stop loss :2338.95

Leverage: 10x",d0addbd1e8eeb026761a3d0b50733b1b,2026-09-12T21:32:51+00:00,2026-09-14T12:38:54.499014+00:00,976,binancefutures_traders_vip
1274131,10492,"$NEARUSDT

SHORT

RR : 2

LEVERAGE : 40x

ENTRY : 2.387

TAKE PROFITS 👇

1️⃣ 2.324

STOPLOSS : 2.418",1d737cb100a5f480efdaff74519b56b0,2026-09-12T18:21:42+00:00,2026-09-14T12:38:54.387111+00:00,976,binancefutures_traders_vip
1274122,10491,"⌛#TAO/USDT  ( SHORT )

🍁 Leverage 👉 20X to 25X 

⛩...42 | 224.35 | 221.61 | 219.07

🔕 Stoploss = 248.07",8deb3163c3ae35929d64fca6c0daa42c,2026-09-12T18:21:42+00:00,2026-09-14T12:38:54.093979+00:00,976,binancefutures_traders_vip
1274120,10490,"✅ Long

Pair: #TRB/USDT

📊 Entry Price: 

1) 17.33...57
4) 18.519

Stop Loss: 16.241

Leverage: 10x-20x",8f78b3164a25281433f6f7f488f3eb00,2026-09-12T18:21:42+00:00,2026-09-14T12:38:54.014304+00:00,976,binancefutures_traders_vip
1274121,10488,"🟢 Long

#BCH/USDT

Entry : 

1) 228.58
2) 221.72

...244.21

🛑 Stop : 214.17

Leverage : 10x (isolated)",36a66c8fd80b2c6d560e2b8671fb8044,2026-09-12T16:53:31+00:00,2026-09-14T12:38:54.015583+00:00,976,binancefutures_traders_vip
1274119,10489,"✅ Long

#DASH/USDT

Entry zone : 54.03 - 55.71

Ta....31
60.97
62.63

Stop loss :51.8103

Leverage: 10x",0b76a03c25cce8fb980b87eb31260582,2026-09-12T16:53:31+00:00,2026-09-14T12:38:54.012914+00:00,976,binancefutures_traders_vip
1274116,10487,"🔰 PAIR: ETH/ USDT 💹

🔴Position: SHORT🚀

☑️ Entry Z... Targets:
🥇 2532
🥈 2528
🥉 2520

❌ Stop Loss: 🔴2546",add0eadc7cbde9c0b2dc801195df4637,2026-09-12T16:30:18+00:00,2026-09-14T12:38:53.583927+00:00,976,binancefutures_traders_vip
1274113,10485,"📈 LONG #LSK/USDT

🚀 LEVERAGE : 50x

📊 ENTRY PRICE ...

TP🟢0.270

TP🟢0.280

STOPLOSS 🔴0.242


REACTIONS?",4072fe254a6e3e8ddffc760d12ded276,2026-09-12T16:30:08+00:00,2026-09-14T12:38:53.483500+00:00,976,binancefutures_traders_vip
1274111,10486,"🟢LONG  #BTCUSDT

🔶 Entry : 77300 - 77400

➡️ Lever...ake Profit Targets :

👉 78400

🛑 Stop Loss : 76200",b5b9d7b2a3358e53dff71a64fa8b3c80,2026-09-12T16:30:08+00:00,2026-09-14T12:38:53.470304+00:00,976,binancefutures_traders_vip
1274110,10483,"LONG —SUI

Entry: 0.7284

Targets: 0.7357 / 0.7479... 0.8041

Stop: 0.6915

Move SL to entry after TP1.",a15825628ad048486866a498967f7450,2026-09-12T16:27:24+00:00,2026-09-14T12:38:53.137199+00:00,976,binancefutures_traders_vip
1274118,10482,"Link/Usdt long 🟢
with 0.5% Wallet on market price ...osite movement pe jo 5% around the liq manage zero",3d7097107e2096484d570d18ee203e25,2026-09-12T15:19:35+00:00,2026-09-14T12:38:53.738441+00:00,976,binancefutures_traders_vip
1274115,10481,"✨HBAR/USDT

🎗 Trade Type = LONG 🟢

⭐️ Leverage :- ...526, 0.07611, 0.07673, 0.07757, 0.07841, 0.07940 ]",a21b6a78cf203be469eaa7f7073fd52b,2026-09-12T15:19:35+00:00,2026-09-14T12:38:53.494173+00:00,976,binancefutures_traders_vip
1274112,10480,"🚀 LONG
CELO/USDT
ENTRY 0.08085

🚀 0.08379
🚀 0.0889... CROSS )
LEVRAGE 10x- 40x

1% WALLET 

DCA 0.07878",01f2a89cc3b34f59210a03f3a5e403d7,2026-09-12T15:11:00+00:00,2026-09-14T12:38:53.469357+00:00,976,binancefutures_traders_vip
1274117,10479,"🚀 LONG: $TA/USDT
LEVERAGE: 50x

✔️ENTRY PRICE: 0.0...-0.06700-0.07000

STOP LOSS:  0.05850


REACTIONS?",e655b1eb0f81e8270328894c30cf0396,2026-09-12T15:10:42+00:00,2026-09-14T12:38:53.654270+00:00,976,binancefutures_traders_vip
1274109,10478,"$FLOCK LONG NOW📊

ENTRY (0.07150)🔄

TPS (0.07400-0.07672-0.08100)🔼

STOP (0.06000)⛔️",e726db4a9644851387bd9f560054658d,2026-09-12T15:10:42+00:00,2026-09-14T12:38:52.985984+00:00,976,binancefutures_traders_vip
1274108,10477,"🚨 #GRIFFAIN/USDT | LONG

⚡Leverage: Cross 50x

🎯En... follow the signal and secure profits at targets.💎",6360dc9810fe3e3045e27562c826d33d,2026-09-12T15:10:42+00:00,2026-09-14T12:38:52.963734+00:00,976,binancefutures_traders_vip
1280446,10791,"#AGI | SHORT SETUP

💰 Entry: $0.005021

🎯 Target1:...t4: $0.00483
🎯 Target5: $0.00476

🛡 STOP: $0.00527",688d495053f8dae79a847344f4320d59,2026-09-13T19:21:05+00:00,2026-09-14T13:57:17.390985+00:00,976,binancefutures_traders_vip
1280388,10733,"➡️ #AR      /USDT (SHORT) 🔽🔽

⌛LEVERAGE : 20X TO 7...0


💥Use only 1%margin of your total portfolio❤️😘😇",0825b1b697c94809e51044f61a618c93,2026-09-13T18:03:07+00:00,2026-09-14T13:57:04.904837+00:00,976,binancefutures_traders_vip
1280415,10728,"🚨 #LSK/USDT | LONG

⚡Leverage: Cross 50x

🎯Entry T... follow the signal and secure profits at targets.💎",853cc73f7e4b0396f1bad4db25024313,2026-09-13T17:12:39+00:00,2026-09-14T13:57:05.221141+00:00,976,binancefutures_traders_vip
1280411,10730,"$AR buying Setup 

Entry : CMP till  2.619 
TP: 3.... 30% now $AR time both same category coins storage",c4a8bd319ce2f9210a84b1008ad946be,2026-09-13T17:12:39+00:00,2026-09-14T13:57:05.201227+00:00,976,binancefutures_traders_vip
1280402,10732,"✅ Long

#IOST/USDT

Entry zone : 0.00075514 - 0.00...
0.00087530

Stop loss :0.000724005

Leverage: 10x",cd6562e753584aad298eec12b311d808,2026-09-13T17:12:39+00:00,2026-09-14T13:57:05.166772+00:00,976,binancefutures_traders_vip
1280401,10729,"📉 SHORT #LSK/USDT 

🚀 LEVERAGE : 50x

📊 ENTRY PRIC....01

TP🟢0.97

TP🟢0.92

STOPLOSS 🔴1.11


REACTIONS?",628d7c46019f432ce425153f05314000,2026-09-13T17:12:39+00:00,2026-09-14T13:57:05.158097+00:00,976,binancefutures_traders_vip
1280384,10727,"➡️ #FIL      /USDT (SHORT) 🔽🔽

⌛LEVERAGE : 20X TO ...0


💥Use only 1%margin of your total portfolio❤️😘😇",b067c4d6f3bc17bca297690ab4f9ce81,2026-09-13T16:27:14+00:00,2026-09-14T13:57:04.610180+00:00,976,binancefutures_traders_vip
1280417,10724,"✅Entry 0.06040-0.05940

(🆘LONG STEEMUSDT 5-20x🆘)

... $0.06370
🏹Target 6  $0.06440

🚫Stop loss -0.05741",8225a771403a35272e0db69b60471d5c,2026-09-13T16:22:37+00:00,2026-09-14T13:57:05.229392+00:00,976,binancefutures_traders_vip
1280385,10723,LONG STEEM 0.060404,57944bb2353180ecc4f669c83750a939,2026-09-13T16:22:37+00:00,2026-09-14T13:57:04.612150+00:00,976,binancefutures_traders_vip
1280409,10714,"📉 SHORT #CVC/USDT 

🚀 LEVERAGE : 50x

📊 ENTRY PRIC...TP🟢0.0333

TP🟢0.0320

STOPLOSS 🔴0.0376

REACTIONS?",8579c6db98a84499fb33d8b0286c2d25,2026-09-13T16:20:53+00:00,2026-09-14T13:57:05.191548+00:00,976,binancefutures_traders_vip
1280378,10712,"$CVC

OPEN SHORT NOW

TP (0.03300-0.03100)

SL (0.04272)",68fbf8876fbb2f7177b5ac2af061e8a4,2026-09-13T16:20:52+00:00,2026-09-14T13:57:04.478724+00:00,976,binancefutures_traders_vip
1280394,10709,"🔘 Coin : #BTW/USDT 🔘

🔴 SHORT

🔺Entry🔻: 0.7049

⭐️... - 0.64255

♦️ StopLoss : 0.73241

🔱 Leverage: 25x",526b6d5c05221daf21b737507b352eee,2026-09-13T15:37:10+00:00,2026-09-14T13:57:05.116182+00:00,976,binancefutures_traders_vip
1280390,10704,"🚀 LONG: $STEEM/USDT
LEVERAGE: 50x

✔️ENTRY PRICE: ...-0.06800-0.07000

STOP LOSS:  0.05800


REACTIONS?",2d63d07f2c0a375122a6f0b6c4d19929,2026-09-13T15:37:10+00:00,2026-09-14T13:57:05.016549+00:00,976,binancefutures_traders_vip
1280387,10710,"🚀 #LSKUSDT LONG SIGNAL 🚀

📌 ENTRY ➜ 0.9308

🎯 TAKE...ch this move together!

🔓 Trade Smart • Trade Safe",260206a5b9a8e7f433ad156d1c39cfd7,2026-09-13T15:37:10+00:00,2026-09-14T13:57:04.836451+00:00,976,binancefutures_traders_vip
1280383,10711,"🚨 #VTHO/USDT | SHORT

⚡Leverage: Cross 50x

🎯Entry... follow the signal and secure profits at targets.💎",fa97a4b1da92edaa7114cf05ecb3f449,2026-09-13T15:37:10+00:00,2026-09-14T13:57:04.608178+00:00,976,binancefutures_traders_vip
1280381,10708,"🚀 #LSKUSDT LONG SIGNAL 🚀

📌 ENTRY ➜ 0.9308

🎯 TAKE...ch this move together!

🔓 Trade Smart • Trade Safe",eca1d6826589190e305155ff5971334a,2026-09-13T15:37:10+00:00,2026-09-14T13:57:04.502466+00:00,976,binancefutures_traders_vip
1280380,10706,"⭐ LSK /USDT — LONG

💵 ENTRY: 0.91800-0.8500

⚙️ LE...o

📌 Follow the setup and manage your risk wisely.",36058cad30adbcf6dd1530f0b00d483e,2026-09-13T15:37:10+00:00,2026-09-14T13:57:04.494509+00:00,976,binancefutures_traders_vip
1280375,10703,"🚨 #PUNDIX/USDT | SHORT

⚡Leverage: Cross 50x

🎯Ent... follow the signal and secure profits at targets.💎",62f9590cc34c770cc311a0a3214db5bc,2026-09-13T15:37:10+00:00,2026-09-14T13:57:04.411781+00:00,976,binancefutures_traders_vip
1280371,10705,Long LSK now 0.918,212e7b60c78c609e784e8db9e9144ae2,2026-09-13T15:37:10+00:00,2026-09-14T13:57:04.384482+00:00,976,binancefutures_traders_vip
1280370,10707,LSK LONG 0.9307 TP1 0.9515,9446d4d67308ea3e074d19f35df237c1,2026-09-13T15:37:10+00:00,2026-09-14T13:57:04.365390+00:00,976,binancefutures_traders_vip
1280396,10702,"🔴 SHORT

#IOTA/USDT

Entry : 

1) 0.041460
2) 0.04...8591

🛑 Stop : 0.044071

Leverage : 10x (isolated)",cfcb53ab41c1db3549095315dddfb893,2026-09-13T15:10:14+00:00,2026-09-14T13:57:05.118568+00:00,976,binancefutures_traders_vip
1280379,10698,"💰#STEEM/ USDT👑

💎Setup Type: Strong SHORT  🔖Opport...TP ➝ 0.06000

4️⃣TP ➝ 0.05500

🚫Stop Loss: 0.07400",391a472c5b120ffb55266024b56b030b,2026-09-13T13:06:41+00:00,2026-09-14T13:57:04.479822+00:00,976,binancefutures_traders_vip
1280374,10700,"📉 SHORT #ARK/USDT 

🚀 LEVERAGE : 50x

📊 ENTRY PRIC...0

TP🟢0.163

TP🟢0.155

STOPLOSS 🔴0.183

REACTIONS?",7ec4a0e5f7dd8caecff63ef4eecd1a1b,2026-09-13T13:06:41+00:00,2026-09-14T13:57:04.401378+00:00,976,binancefutures_traders_vip
1280376,10696,"➡️ #CVC       /USDT (SHORT) 🔽🔽

⌛LEVERAGE : 20X TO...6


💥Use only 1%margin of your total portfolio❤️😘😇",04ddd3d57048b96cb59f30069ac1e25f,2026-09-13T12:42:35+00:00,2026-09-14T13:57:04.412670+00:00,976,binancefutures_traders_vip
1280367,10695,"🔴 SHORT

#ZIL/USDT

Entry : 

1) 0.0029390
2) 0.00...356

🛑 Stop : 0.0031241

Leverage : 10x (isolated)",6927be9a998a7808cdbde85dff746fe4,2026-09-13T12:02:49+00:00,2026-09-14T13:57:04.188512+00:00,976,binancefutures_traders_vip
1280366,10692,"Coin #LSK /USDT

Position: SHORT 

Leverage:  Cros...1.03

Targets: 🎯 0.92, 0.86, 0.79

Stop Loss: 1.07",dd62d7b5b750d5e202f326ff2729a056,2026-09-13T11:48:53+00:00,2026-09-14T13:57:04.097761+00:00,976,binancefutures_traders_vip
1280368,10688,"🚀 #TAIKOUSDT LONG SIGNAL 🚀

📌 ENTRY ➜ 0.08490

🎯 T...ch this move together!

🔓 Trade Smart • Trade Safe",e21f60c2dc50afbbdadabba967c01671,2026-09-13T11:48:34+00:00,2026-09-14T13:57:04.194748+00:00,976,binancefutures_traders_vip
1280365,10683,"#PUNDIXUSDT — BUY (LONG) 
🎉
🟢 Leverage: Cross  50x...Risk Management:
Use only 2%– 3%of your portfolio.",6472391af3780adb3e67707c76abf77c,2026-09-13T11:48:34+00:00,2026-09-14T13:57:04.090164+00:00,976,binancefutures_traders_vip
1280363,10689,"✨NEAR/USDT

🎗 Trade Type = SHORT 🔴

⭐️ Leverage :-...fit = [ 2.254, 2.231, 2.206, 2.189, 2.162, 2.134 ]",a3c67548ca5e48a1633b29de26589f09,2026-09-13T11:48:34+00:00,2026-09-14T13:57:03.988410+00:00,976,binancefutures_traders_vip
1280362,10687,"#BTW/USDT

📈Signal: long Leverage: Cross 20X

⚡️En...even after TP1 is hit.

📣Trade Smart • Follow Risk",f2adab61d9315db6242afa298984e3c9,2026-09-13T11:48:34+00:00,2026-09-14T13:57:03.983596+00:00,976,binancefutures_traders_vip
1280358,10684,"Long #ARK 50x 0.1840

Tp: 0.1900",ccd3407761c3fb4d4f4b04f861878790,2026-09-13T11:48:34+00:00,2026-09-14T13:57:03.893821+00:00,976,binancefutures_traders_vip
1280356,10680,"🔴 SHORT

#THETA/USDT

Entry zone : 0.2165 - 0.2102...
0.1901
0.1837

Stop loss :0.224914

Leverage: 10x",e9cfc2351bd4adc35010f2c46051f798,2026-09-13T11:47:42+00:00,2026-09-14T13:57:03.252526+00:00,976,binancefutures_traders_vip
1280357,10679,"✅ Long

Pair: #ATOM/USDT

📊 Entry Price: 

1) 1.57....652
4) 1.685

Stop Loss: 1.478

Leverage: 10x-20x",7f6516eecbd60479bd22188127c813a2,2026-09-13T09:51:01+00:00,2026-09-14T13:57:03.265946+00:00,976,binancefutures_traders_vip
1280354,10677,"$LTCUSDT

SHORT

RR : 2

LEVERAGE : 40x

ENTRY : 53.86

TAKE PROFITS 👇

1️⃣ 52.45

STOPLOSS : 54.56",9c52684485dce151155fbd310958afd8,2026-09-13T09:51:00+00:00,2026-09-14T13:57:03.203454+00:00,976,binancefutures_traders_vip
1285380,11030,"👑 #BR /USDT — TRADE LONG

LEVERAGE 25X TO 50X

🤑 E...⛔️ STOP LOSS: 0.4940

⚡️ NO FEAR — JUST PROFITS ✔️",db2f7afadb4a5c360cf1b211aefe53d6,2026-09-14T15:09:07+00:00,2026-09-14T15:13:34.594645+00:00,976,binancefutures_traders_vip
1285365,11024,"🚨 #FIL/USDT | LONG

⚡Leverage: Cross 50x

🎯Entry T... follow the signal and secure profits at targets.💎",5d1872a68afc36e5c2b41fcaa00fff02,2026-09-14T14:46:22+00:00,2026-09-14T15:13:34.489054+00:00,976,binancefutures_traders_vip
1285361,11020,"⭐ T /USDT — LONG

💵 ENTRY: 0.005230-0.005000

⚙️ L...o

📌 Follow the setup and manage your risk wisely.",08f406d9ab15c663e7473169eff47269,2026-09-14T14:46:22+00:00,2026-09-14T15:13:34.483010+00:00,976,binancefutures_traders_vip
1285357,11021,"⭐ SKYAI /USDT — LONG

💵 ENTRY: 0.052500-0.05000

⚙...o

📌 Follow the setup and manage your risk wisely.",c29755c0412b55b5977732f62ebcf087,2026-09-14T14:46:22+00:00,2026-09-14T15:13:34.448658+00:00,976,binancefutures_traders_vip
1285373,11019,"🚨 SHORT 
STEEM/USDT
ENTRY 0.05455

🚀 0.05340
🚀 0.0...ROSS
🚨 STOPLOSS 0.0602
LEVRAGE 10X-40X 

3% WALLET",f753fe2836d4f69412d20fe2010fa9fd,2026-09-14T14:25:46+00:00,2026-09-14T15:13:34.572562+00:00,976,binancefutures_traders_vip
1285384,11018,"⭐ REZ /USDT — LONG

💵 ENTRY: 0.004500-0.004000

⚙️...o

📌 Follow the setup and manage your risk wisely.",2b2161e08ddca31aacb6b327468547f8,2026-09-14T14:23:52+00:00,2026-09-14T15:13:34.615922+00:00,976,binancefutures_traders_vip
1285351,11017,"🔴 Short

Pair: #KAVA/USDT

📊 Entry Price: 

1) 0.0...) 0.062364

Stop Loss: 0.071221

Leverage: 10x-20x",3015c3ca8fba81aeb8bef1bf9ccaf699,2026-09-14T14:22:48+00:00,2026-09-14T15:13:34.383377+00:00,976,binancefutures_traders_vip
1285378,11012,"📈 LONG #T/USDT 

🚀 LEVERAGE : 50x

📊 ENTRY PRICE  ....00570

TP🟢0.00600

STOPLOSS 🔴0.00497


REACTIONS?",8a5ed3aabcab74df471e0fa7f294ecf4,2026-09-14T14:22:16+00:00,2026-09-14T15:13:34.587969+00:00,976,binancefutures_traders_vip
1285376,11009,"#AVAAIUSDT — BUY (LONG) 
🎉
🟢 Leverage: Cross  50x7...Risk Management:
Use only 2%– 3%of your portfolio.",86f5658026aa93f95c92600f9f9fe02d,2026-09-14T14:22:16+00:00,2026-09-14T15:13:34.586061+00:00,976,binancefutures_traders_vip
1285374,11015,"⭐️$LA/USDT  SHORT

🛡Leverage : Cross 25x50

‼️Entr...0.0774

Use only 3% - 5% amount of your portfolio🛍",cd5113c395527aabee1e2f137a8bc66f,2026-09-14T14:22:16+00:00,2026-09-14T15:13:34.576806+00:00,976,binancefutures_traders_vip
1285372,11011,"🚀 #XPINUSDT LONG SIGNAL 🚀  LEVERAGE 50X-75X

📌 ENT...ch this move together!

🔓 Trade Smart • Trade Safe",d1241810ad7669dfb162e5c994704e3d,2026-09-14T14:22:16+00:00,2026-09-14T15:13:34.571476+00:00,976,binancefutures_traders_vip
1285370,11016,"⭐ AIN /USDT — LONG

💵 ENTRY: 0.10550-0.10200

⚙️ L...o

📌 Follow the setup and manage your risk wisely.",409c7ddeaa3d2d97a4c3f67ea6c26fb9,2026-09-14T14:22:16+00:00,2026-09-14T15:13:34.563565+00:00,976,binancefutures_traders_vip
1285354,11013,"⭐ AVAAI /USDT — LONG

💵 ENTRY: 0.01170-0.01110

⚙️...o

📌 Follow the setup and manage your risk wisely.",f8a3e4ec3226a12cd6edab953be7ee8c,2026-09-14T14:22:16+00:00,2026-09-14T15:13:34.412183+00:00,976,binancefutures_traders_vip
1285360,11003,"#LSK/USDT

📈Signal: short Leverage: Cross 50X

⚡️E...even after TP1 is hit.

📣Trade Smart • Follow Risk",9fc2e5b53e39fcb14387a3b7c4f836c0,2026-09-14T14:22:15+00:00,2026-09-14T15:13:34.481928+00:00,976,binancefutures_traders_vip
1285358,11006,"#AVAAIUSDT — BUY (LONG) 
🎉
🟢 Leverage: Cross  50x7...Risk Management:
Use only 2%– 3%of your portfolio.",86f5658026aa93f95c92600f9f9fe02d,2026-09-14T14:22:15+00:00,2026-09-14T15:13:34.452459+00:00,976,binancefutures_traders_vip
1285355,11002,"Short lsk 0.4535 50x

Tp 1 0.4350",533bb9ad13d2accfae3ccfee80dcebd1,2026-09-14T14:22:15+00:00,2026-09-14T15:13:34.446188+00:00,976,binancefutures_traders_vip
1285349,11001,"EXCHANGE/BYBIT/BITUNIX/OKX📌 


DAY TRADE 🏆

SHORT/...agement 🏆


Use only 5% of your 📈Available balance",913345ab73a091d7cdebbcf4e5470712,2026-09-14T14:22:15+00:00,2026-09-14T15:13:34.333923+00:00,976,binancefutures_traders_vip
1285371,10998,"#RONIN/USDT

📈Signal: long Leverage: Cross 20X

⚡️...even after TP1 is hit.

📣Trade Smart • Follow Risk",b802ba03d1722f4df1512fca1b5df08b,2026-09-14T13:24:08+00:00,2026-09-14T15:13:34.565990+00:00,976,binancefutures_traders_vip
1285345,10995,"📊 Let’s LONG #AIN/USDT

💥 Leverage:  Cross 20×  - ...1) 0.0100
2) 0.1050
3) 0.1120

🔖 Stop Loss: 0.0926",80befa126d81fb59db51be6fac9967e0,2026-09-14T13:24:08+00:00,2026-09-14T15:13:34.181537+00:00,976,binancefutures_traders_vip
1285352,10994,"🔰 PAIR: ALICE/ USDT 💹

🟢Position: LONG🚀

☑️ Entry ...:
🥇 0.1305
🥈 0.1313
🥉 0.1332

❌ Stop Loss: 🔴0.1274",5dc3263cc801adfce38e5fb74a6c4903,2026-09-14T13:23:17+00:00,2026-09-14T15:13:34.398963+00:00,976,binancefutures_traders_vip
1285341,10992,"#AIN/ USDT — BUY (LONG) 
Leverage: Cross 25x – 50x...T IS KEY
👉 Use ONLY 2 – 3% of your total portfolio",a49b81ec200516b61290db40ef8f10bd,2026-09-14T13:23:17+00:00,2026-09-14T15:13:34.118770+00:00,976,binancefutures_traders_vip
1285338,10993,"#SHORT 🔴 🔤🔤🔤🔤🔤

#POL/USDT (RISKY)

Margin Mode : I...164

🟩 SL : 0.09874- 100%

📊 LEV : 30X

🇯🇵 Premium",8003a6505c4c6099681ddee997015188,2026-09-14T13:23:17+00:00,2026-09-14T15:13:34.106768+00:00,976,binancefutures_traders_vip
1285383,10985,"BTC/USD SELL 

Entry : $  77449

Target1: $  77130
Target2: $ 75886
Target3: $ 75035

SL : $ 78441",25cc590d4c7691579aabe3fc95cf3f45,2026-09-14T13:08:51+00:00,2026-09-14T15:13:34.600638+00:00,976,binancefutures_traders_vip
1285348,10981,"⭐ BR /USDT — LONG

💵 ENTRY: 0.49700-0.47200

⚙️ LE...o

📌 Follow the setup and manage your risk wisely.",876a2a324f5a2bd7b2979cfce0045bac,2026-09-14T13:08:51+00:00,2026-09-14T15:13:34.262485+00:00,976,binancefutures_traders_vip
1285336,10982,"Btc 78-81k zone bear market btc short ke liye entr... uper rakh ke

Dca 82k- 86k 
long term tp 76k- 72k",308c2eb76278b5666ac27203ccc68f74,2026-09-14T13:08:51+00:00,2026-09-14T15:13:34.023774+00:00,976,binancefutures_traders_vip
1285302,10976,"🚨 #SOL/USDT | SHORT

⚡Leverage: Cross 100X

🎯Entry... follow the signal and secure profits at targets.💎",8d71844aac669a430da31ed022eece08,2026-09-14T13:08:50+00:00,2026-09-14T15:13:22.308424+00:00,976,binancefutures_traders_vip
1285312,10975,"📊 Let’s LONG #BR/USDT

💥 Leverage:  Cross 20×  -  ...: 

1) 0.511
2) 0.534
3) 0.570

🔖 Stop Loss: 0.468",8ab08b7f2e6a7745b2a43e00539da900,2026-09-14T12:49:21+00:00,2026-09-14T15:13:22.349864+00:00,976,binancefutures_traders_vip
1285329,10974,"⌛#LDO/USDT  ( LONG )

🍁 Leverage 👉 20X to 25X 

⛩️...99 | 0.3833 | 0.3876 | 0.3917

🔕 Stoploss = 0.3562",6097898d9a81b601ff2ecdecc9bd1df8,2026-09-14T12:38:27+00:00,2026-09-14T15:13:22.402861+00:00,976,binancefutures_traders_vip
1285324,10952,"🔴 SHORT

#XLM/USDT

Entry : 

1) 0.19030
2) 0.1960...17713

🛑 Stop : 0.20228

Leverage : 10x (isolated)",9b93f3eb8f584edff1a935e0fbada350,2026-09-14T12:30:25+00:00,2026-09-14T15:13:22.396014+00:00,976,binancefutures_traders_vip
1285322,10951,"👑 #REZ /USDT — TRADE LONG

LEVERAGE 25X TO 50X

🤑 ... STOP LOSS: 0.004300

⚡️ NO FEAR — JUST PROFITS ✔️",d58443975a1b1e0c5448058aaf9d97e1,2026-09-14T12:30:25+00:00,2026-09-14T15:13:22.382325+00:00,976,binancefutures_traders_vip
1285298,10949,"➡️ #T      /USDT (LONG) 🔼🔼

⌛LEVERAGE : 20X TO 75X...6


💥Use only 1%margin of your total portfolio❤️😘😇",a260ec700ad10ec99eab488f4cb49b2f,2026-09-14T12:29:10+00:00,2026-09-14T15:13:22.250758+00:00,976,binancefutures_traders_vip
1285311,10948,"➡️ #LA       /USDT (LONG) 🔼🔼

⌛LEVERAGE : 20X TO 7...6


💥Use only 1%margin of your total portfolio❤️😘😇",cca39e379353d4a641e1a5ffea3f29fd,2026-09-14T12:29:09+00:00,2026-09-14T15:13:22.348840+00:00,976,binancefutures_traders_vip
1285304,10946,"#BR/ USDT — BUY (LONG) 
Leverage: Cross 25x – 50x
...T IS KEY
👉 Use ONLY 2 – 3% of your total portfolio",924c8dcd4c6af0377212c3b79bf5dd0e,2026-09-14T12:29:09+00:00,2026-09-14T15:13:22.315127+00:00,976,binancefutures_traders_vip
1285286,10947,"BTC/ USDT/ SHORT
Entry at market price 

Cross || ...only 1% of your wallet. 
Manage your risk properly",43eec4e659b1007cbb3585c0c55b2558,2026-09-14T12:29:09+00:00,2026-09-14T15:13:22.137931+00:00,976,binancefutures_traders_vip
1285309,10944,"🚀 #LAUSDT LONG SIGNAL 🚀  LEVERAGE 50X-75X

📌 ENTRY...ch this move together!

🔓 Trade Smart • Trade Safe",1a7e478e12719cd8c74ea092fd0643eb,2026-09-14T12:08:02+00:00,2026-09-14T15:13:22.345443+00:00,976,binancefutures_traders_vip
1285308,10942,"➡️ #SKYAI       /USDT (LONG) 🔼🔼

⌛LEVERAGE : 20X T...00

💥Use only 1%margin of your total portfolio❤️😘😇",223214652aa6afaf61ae6847eac6546c,2026-09-14T12:08:02+00:00,2026-09-14T15:13:22.342681+00:00,976,binancefutures_traders_vip
1285296,10941,"📈 LONG #CVC/USDT 

🚀 LEVERAGE : 50x

📊 ENTRY PRICE...P🟢0.0369

TP🟢0.0385

STOPLOSS 🔴0.0330


REACTIONS?",b376d3245a9e04e9126aa97579d70033,2026-09-14T12:08:02+00:00,2026-09-14T15:13:22.231690+00:00,976,binancefutures_traders_vip
1285287,10939,"⭐️$CVC/USDT  SHORT

🛡Leverage : Cross 25x50

‼️Ent....04249

Use only 3% - 5% amount of your portfolio🛍",d5da93b38d5d5effa0bb7d6257cace4b,2026-09-14T12:08:01+00:00,2026-09-14T15:13:22.136920+00:00,976,binancefutures_traders_vip
1285328,10937,"🔴 Short

Pair: #XRP/USDT

📊 Entry Price: 

1) 1.40...26
4) 1.3031

Stop Loss: 1.4882

Leverage: 10x-20x",a164babea2c3cb2b30c7480823850d3e,2026-09-14T10:05:53+00:00,2026-09-14T15:13:22.401946+00:00,976,binancefutures_traders_vip
1285282,10936,"#REZ/ USDT — BUY (LONG) 
Leverage: Cross 25x – 50x...T IS KEY
👉 Use ONLY 2 – 3% of your total portfolio",c97289861bad94c82e6d3f96a9eb196e,2026-09-14T10:05:53+00:00,2026-09-14T15:13:22.067966+00:00,976,binancefutures_traders_vip
1285319,10935,"#REZ/USDT LONG     

👉Leverage : Cross 10× To 30×
...00502
2)  0.00520
3)  0.00560

⭕Stoploss : 0.00462",c0fdd206613afe2bc67901561be6017d,2026-09-14T10:02:07+00:00,2026-09-14T15:13:22.377610+00:00,976,binancefutures_traders_vip
1285284,10934,"👑 #REZ /USDT — TRADE LONG

LEVERAGE 25X TO 50X

🤑 ... STOP LOSS: 0.004620

☄️ NO FEAR — JUST PROFITS ✔️",7a8090af09777ff4cd3ef398c7ee2570,2026-09-14T10:01:54+00:00,2026-09-14T15:13:22.079514+00:00,976,binancefutures_traders_vip
1285315,10928,"#LSKUSDT — BUY (LONG) 
🎉
🟢 Leverage: Cross  50x75
...Risk Management:
Use only 2%– 3%of your portfolio.",1305c85890ed099370636a3a9687ea52,2026-09-14T10:00:54+00:00,2026-09-14T15:13:22.354102+00:00,976,binancefutures_traders_vip
1285285,10932,"#LSKUSDT — BUY (LONG) 
🎉
🟢 Leverage: Cross  50x75
...Risk Management:
Use only 2%– 3%of your portfolio.",1305c85890ed099370636a3a9687ea52,2026-09-14T10:00:54+00:00,2026-09-14T15:13:22.129865+00:00,976,binancefutures_traders_vip
1285310,10924,"⭐️$AIN/USDT  LONG

🛡Leverage : Cross 25x50

‼️Entr....08344

Use only 3% - 5% amount of your portfolio🛍",183cecba9d757333b10d61dee8d93c6b,2026-09-14T09:50:06+00:00,2026-09-14T15:13:22.346743+00:00,976,binancefutures_traders_vip
1285335,10922,"📊 Let’s LONG #AIN/USDT

💥 Leverage:  Cross 20×  - ...
1) 0.1075
2) 0.1130
3) 0.1200

🔖 Stop Loss: 0.098",d1095a6aafaa196d848025d27b8c5b2d,2026-09-14T09:50:05+00:00,2026-09-14T15:13:22.513630+00:00,976,binancefutures_traders_vip
1285280,10916,"📉 SHORT #CVC/USDT 

🚀 LEVERAGE : 50x

📊 ENTRY PRIC...P🟢0.0335

TP🟢0.0320

STOPLOSS 🔴0.0376


REACTIONS?",25b5da9619368a187f6cf78cacdbfb52,2026-09-14T09:50:05+00:00,2026-09-14T15:13:22.061655+00:00,976,binancefutures_traders_vip
1285277,10915,SHORT #CVC 0.035,46bc947db90de2a01b5be0f139fd7122,2026-09-14T09:50:05+00:00,2026-09-14T15:13:21.996978+00:00,976,binancefutures_traders_vip
1285264,10918,"#AIN/ USDT — BUY (LONG) 
Leverage: Cross 25x – 50x...T IS KEY
👉 Use ONLY 2 – 3% of your total portfolio",58fd795332b000daec416ac08b0a65a0,2026-09-14T09:50:05+00:00,2026-09-14T15:13:21.588928+00:00,976,binancefutures_traders_vip
1285262,10920,"Long #TUSDT 0.005025

Tp 0.005165",846b1a5d6e582f51c73b11880f95cc8b,2026-09-14T09:50:05+00:00,2026-09-14T15:13:21.575832+00:00,976,binancefutures_traders_vip
1285265,10914,"🔴 SHORT

#XLM/USDT

Entry zone : 0.19029 - 0.18475...16710
0.16153

Stop loss :0.1976825

Leverage: 10x",6166368f5eaa426db6edc6dd9722a8e4,2026-09-14T07:47:30+00:00,2026-09-14T15:13:21.659529+00:00,976,binancefutures_traders_vip
1285263,10913,"#CVC/ USDT — BUY (LONG) 
Leverage: Cross 25x – 50x...T IS KEY
👉 Use ONLY 2 – 3% of your total portfolio",1b2048f10da1774973de39a83309f90a,2026-09-14T07:22:06+00:00,2026-09-14T15:13:21.587489+00:00,976,binancefutures_traders_vip
1285276,10912,"✅Entry :$0.1230 - 0.1210

(LONG POWER/USDT  5-20x🆘...5  $0.1294
🏹Target 6  $0.1306

🚫Stop loss - 0.1664",1c832cb469b8fb7c0c26580c9b628ca3,2026-09-14T07:21:43+00:00,2026-09-14T15:13:21.993995+00:00,976,binancefutures_traders_vip
1285269,10909,"🚀 #NAORISUSDT LONG SIGNAL 🚀  LEVERAGE 50X-75X

📌 E...ch this move together!

🔓 Trade Smart • Trade Safe",2a3e2c13221151c1a0db5f781dad7e74,2026-09-14T07:15:35+00:00,2026-09-14T15:13:21.777353+00:00,976,binancefutures_traders_vip
1285267,10910,"📊 Let’s LONG #HYPE/USDT

💥 Leverage:  Cross 20×  -...: 

1) 78.30
2) 77.30
3) 75.90

🔖 Stop Loss: 81.70",2f011503f92af232cf8a2cb66352682f,2026-09-14T07:15:35+00:00,2026-09-14T15:13:21.739610+00:00,976,binancefutures_traders_vip
1285293,10901,"#AIN/USDT SHORT     

👉Leverage : Cross 10× To 30×...1)  0.1040
2)  0.0970
3)  0.0870

⭕Stoploss : 0.12",34e07cb8b75e4672b9d65412fd0bb586,2026-09-14T07:15:34+00:00,2026-09-14T15:13:22.217913+00:00,976,binancefutures_traders_vip
1285283,10906,"📊 POWER/USDT — LONG 

📍 ENTRY: CMP

🎯 TARGET 1: 0....Manage your risk & trade responsibly.

🔥 LET’S GO!",a7ced340d60e3e9fc6ac830dbee072bd,2026-09-14T07:15:34+00:00,2026-09-14T15:13:22.075847+00:00,976,binancefutures_traders_vip
1285274,10905,"Coin #POWER/USDT

Position: SHORT 

Leverage:  Cro...rgets: 🎯 0.1130, 0.1100, 0.1070

Stop Loss: 0.1220",b606f4727e6ba499adca1894f7b46b8a,2026-09-14T07:15:34+00:00,2026-09-14T15:13:21.920701+00:00,976,binancefutures_traders_vip
1285260,10897,"#POWER/USDT SHORT     

👉Leverage : Cross 10× To 3...

1)  0.110
2)  0.100
3)  0.097

⭕Stoploss : 0.125",09378194ca0432ae10cd16a30a6c039d,2026-09-14T07:15:34+00:00,2026-09-14T15:13:21.502823+00:00,976,binancefutures_traders_vip
1285259,10895,"🔴 SHORT MTL/USDT

CROSS/LEVERAGE 50X

ENTRY: 0.410...
USE UR RISK MANAGEMENT!! 

PATIENT IS THE KEY 🐒🐒🐒",3274a5883469d035b5ef7db7f6725adb,2026-09-14T07:15:34+00:00,2026-09-14T15:13:21.502200+00:00,976,binancefutures_traders_vip
1285257,10903,"$CVC/USDT now at current market price (Spot + Futu...$0.0368
2. $0.0401
3. $0.0441

Stop loss : $0.0291",91efb3195de365d39b5a2c2fca57f2f4,2026-09-14T07:15:34+00:00,2026-09-14T15:13:21.490970+00:00,976,binancefutures_traders_vip
1285256,10899,"#MTL/USDT SHORT     

👉Leverage : Cross 10× To 30×...t

1)  0.380
2)  0.365
3)  0.349

⭕Stoploss : 0.41",ecbcf7980fd9de715c3968aecc68d7b8,2026-09-14T07:15:34+00:00,2026-09-14T15:13:21.489546+00:00,976,binancefutures_traders_vip
1285255,10904,"Coin #EDGE/USDT

Position: LONG 

Leverage:  Cross...0.64

Targets: 🎯 0.68, 0.70, 0.72

Stop Loss: 0.62",6a2ea70b9fd901093ac96f7fda03a25e,2026-09-14T07:15:34+00:00,2026-09-14T15:13:21.486553+00:00,976,binancefutures_traders_vip
1285254,10902,"#CVC/USDT SHORT     

👉Leverage : Cross 10× To 30×...  0.0344
2)  0.0327
3)  0.0317

⭕Stoploss : 0.0375",712c0a12e0f2fc1dd92ab4580f130976,2026-09-14T07:15:34+00:00,2026-09-14T15:13:21.480831+00:00,976,binancefutures_traders_vip
1285252,10900,#AIN SHORT  0.108,4be1616d7b2ea80b40f1bbf662eb4319,2026-09-14T07:15:34+00:00,2026-09-14T15:13:21.363563+00:00,976,binancefutures_traders_vip
1285251,10894,"🟢 Long

#BAT/USDT

Entry : 

1) 0.076840
2) 0.0745...2097

🛑 Stop : 0.071999

Leverage : 10x (isolated)",935fa1a6aba9b2815bd17c2f2657700b,2026-09-14T07:15:34+00:00,2026-09-14T15:13:21.346631+00:00,976,binancefutures_traders_vip
1285248,10893,"#LONG 🟢🔤🔤🔤🔤🔤

#KAVA/USDT

Margin Mode : Isolated 💎...

🟥 SL : 0.05931 - 100%   

📊 LEV : 20X

🇯🇵Premium",c6fffe5622c800ec90a50af350aaedef,2026-09-14T07:15:34+00:00,2026-09-14T15:13:21.308876+00:00,976,binancefutures_traders_vip
1285250,10892,"🚀 SHORT: $VTHO/USDT🚀
LEVERAGE: 20X-50X

🤍 ENTRY PR...0.00065
—————

❌ STOP LOSS: 0.0008660❌


REACTIONS",118ad76340b291280e8f137eb7dc635f,2026-09-14T07:03:29+00:00,2026-09-14T15:13:21.333718+00:00,976,binancefutures_traders_vip
1285249,10891,"🌈PAIR:- #ARK/USDT
⚡️ Direction : LONG
🛠 Leverage: ...nt Usage:- 1 - 2%
(According To your Risk Setting)",e67f34224a86a10f2afdb8c801ddc996,2026-09-14T07:03:29+00:00,2026-09-14T15:13:21.315054+00:00,976,binancefutures_traders_vip
1285247,10890,"⚡ #DOT/USDT

📤 Long 

💹 Buy: 1.0180 - 0.9900

🧿 Ta...620 - 1.0730

🧨 StopLoss: 0.9700 

🔘 Leverage: 20x",fccce62b3784c57b3413702d7c9418c8,2026-09-14T07:02:55+00:00,2026-09-14T15:13:21.251270+00:00,976,binancefutures_traders_vip
1285246,10887,"🛎️ Trade: #SOMI/USDT

Direction: 📈 LONG 

🟢 Entry ...88
• Target 6: 0.1604

💠 Leverage : 5x - 10x - 20x",137ff0c49db1d43d97a1bfb0f1b08f56,2026-09-14T07:02:55+00:00,2026-09-14T15:13:21.242753+00:00,976,binancefutures_traders_vip
1285245,10889,"$UAI/USDT #SHORT📩

✅ENTRY :-0.54/0.56

Target 1: 0...𝐎𝐧𝐥𝐲 𝟏-𝟑% 𝐎𝐟 𝐎𝐮𝐫 𝐃𝐞𝐩𝐨𝐬𝐢𝐭 𝐅𝐨𝐫 𝐄𝐚𝐜𝐡 𝐓𝐫𝐚𝐝𝐞

React,??m",19757785f8138fc60d7773808d6b4de6,2026-09-14T07:02:55+00:00,2026-09-14T15:13:21.196514+00:00,976,binancefutures_traders_vip
1285244,10885,"📊 Let’s LONG #IOTX/USDT

💥 Leverage:  Cross 20×  -...665
2) 0.003780
3) 0.003980

🔖 Stop Loss: 0.003320",0639c7b20ffbf8626de0847c25b75540,2026-09-14T07:02:55+00:00,2026-09-14T15:13:21.192454+00:00,976,binancefutures_traders_vip
1285242,10888,"✨ADA/USDT

🎗 Trade Type = LONG 🟢

⭐️ Leverage :- 2...[ 0.2108, 0.2128, 0.2149, 0.2174, 0.2196, 0.2224 ]",330f124bd2304c2b9037375cbedaef8a,2026-09-14T07:02:55+00:00,2026-09-14T15:13:21.124350+00:00,976,binancefutures_traders_vip
1285240,10883,"#PORTALUSDT — BUY (LONG) 
🎉
🟢 Leverage: Cross  50x...Risk Management:
Use only 2%– 3%of your portfolio.",f5b93b3dda4b2f2e7dd1a59f61481140,2026-09-14T07:02:54+00:00,2026-09-14T15:13:21.068468+00:00,976,binancefutures_traders_vip
1285237,10880,"$ZEC

Long at cmp. 1136.33

Tp. 1286

Sl. 1014",c5343ae82dbe933f5a9b07f29f324c5d,2026-09-14T07:02:54+00:00,2026-09-14T15:13:20.895636+00:00,976,binancefutures_traders_vip
1289490,11039,"👑 #BR /USDT — TRADE LONG

LEVERAGE 25X TO 50X

🤑 E...⛔️ STOP LOSS: 0.4940

⚡️ NO FEAR — JUST PROFITS ✔️",db2f7afadb4a5c360cf1b211aefe53d6,2026-09-14T16:32:01+00:00,2026-09-14T16:35:34.804353+00:00,976,binancefutures_traders_vip
1289489,11034,"⭐ LA /USDT — SHORT

💵 ENTRY: 0.07200-0.07500

⚙️ L...o

📌 Follow the setup and manage your risk wisely.",6db93517c78cbc7c3831d94aa8a89bd0,2026-09-14T15:21:30+00:00,2026-09-14T16:35:34.800525+00:00,976,binancefutures_traders_vip
1293418,11060,"⭐ T /USDT — LONG

💵 ENTRY: 0.005230-0.005000

⚙️ L...o

📌 Follow the setup and manage your risk wisely.",08f406d9ab15c663e7473169eff47269,2026-09-14T17:49:49+00:00,2026-09-14T17:55:55.181557+00:00,976,binancefutures_traders_vip
1293410,11053,"🔴SHORT  #BTCUSDT

🔶 Entry : 78700 - 78800

➡️ Leve...ake Profit Targets :

👉 78000

🛑 Stop Loss : 79600",3687e8199fd05698c5a2ba493b22affd,2026-09-14T16:48:56+00:00,2026-09-14T17:55:55.165884+00:00,976,binancefutures_traders_vip
1293419,11048,"BTC/USD SELL 

Entry : $  78350

Target1: $  77600
Target2: $ 76900
Target3: $ 75035

SL : $ 79400",954f2f0ab6c1ba89fcb6f1f57b97dc56,2026-09-14T16:40:44+00:00,2026-09-14T17:55:55.184260+00:00,976,binancefutures_traders_vip
1293408,11045,"➡️ #MTL     /USDT (LONG) 🔼🔼

⌛LEVERAGE : 20X TO 75...



💥Use only 1%margin of your total portfolio❤️😘😇",53c93c56ba27e1aaf32ecab0cff6605f,2026-09-14T16:39:38+00:00,2026-09-14T17:55:55.143779+00:00,976,binancefutures_traders_vip
1293406,11043,AIO LONG 0.03935 TP1 0.04020,34e2ed19a01cfa5e94d168bf842826a7,2026-09-14T16:39:38+00:00,2026-09-14T17:55:55.118005+00:00,976,binancefutures_traders_vip
1293405,11044,"🚀 #AIOUSDT LONG SIGNAL 🚀  LEVERAGE 50X-75X

📌 ENTR...ch this move together!

🔓 Trade Smart • Trade Safe",e13c2d1ea1b3a912c044577efc90ad21,2026-09-14T16:39:38+00:00,2026-09-14T17:55:55.092000+00:00,976,binancefutures_traders_vip
1293404,11042,"LONG — UNI

Entry: 6.353

Targets: 6.418 / 6.527 /... / 6.997

Stop: 6.034

Move SL to entry after TP1.",997bd100be3d8c97a00a9a36eb62c759,2026-09-14T16:39:37+00:00,2026-09-14T17:55:55.061743+00:00,976,binancefutures_traders_vip
1296948,11089,"🔴 SHORT

#XRP/USDT

Entry : 

1) 1.4540
2) 1.4976
...1.3534

🛑 Stop : 1.5456

Leverage : 10x (isolated)",cc417a8a3679ae430043c17d72e70943,2026-09-14T18:55:32+00:00,2026-09-14T19:17:01.134602+00:00,976,binancefutures_traders_vip
1296947,11086,"LONG

ASTER/USDT

MARKET PRICE 

Leverage: 10X

TP...5% of capital 

Always use proper risk management.",16cfbe70de8b0b7b2f2f604f655d00ce,2026-09-14T18:54:10+00:00,2026-09-14T19:17:01.122660+00:00,976,binancefutures_traders_vip
1298603,11091,"💰#ARK/ USDT👑

💎Setup Type: Strong LONG  🔖Opportuni...

🥉TP ➝ 0.2350

4️⃣TP ➝ 0.3000

🚫Stop Loss: 0.1000",7e0b20847d1458402dca4d29bd312d0a,2026-09-14T19:29:19+00:00,2026-09-14T20:33:59.163877+00:00,976,binancefutures_traders_vip
1301287,11291,"⭐ ON /USDT — LONG

💵 ENTRY: 0.14500-0.13770

⚙️ LE...o

📌 Follow the setup and manage your risk wisely.",3069a2411847d1fa4f7e3a207619c23d,2026-09-15T07:08:07+00:00,2026-09-15T07:18:58.859857+00:00,976,binancefutures_traders_vip
1301212,11288,"✨LIT/USDT

🎗 Trade Type = SHORT 🔴

⭐️ Leverage :- ...fit = [ 4.315, 4.273, 4.218, 4.174, 4.132, 4.081 ]",de8f2d22e3058558672c88ffac668640,2026-09-15T07:08:06+00:00,2026-09-15T07:18:58.560973+00:00,976,binancefutures_traders_vip
1301228,11281,"Coin #EVAA/USDT

Position: LONG 

Leverage:  Cross...0.50

Targets: 🎯 0.54, 0.57, 0.62

Stop Loss: 0.48",c405a3497022f3540547125a13d7d289,2026-09-15T06:38:06+00:00,2026-09-15T07:18:58.679460+00:00,976,binancefutures_traders_vip
1301274,11272,"🚀 LONG: $AXL/USDT🚀
LEVERAGE: 20X-50X

🤍 ENTRY PRIC...060- 0.065
—————

❌ STOP LOSS: 0.04650❌

REACTIONS",056c11889fafacfdb39fd6fc180bedda,2026-09-15T06:20:05+00:00,2026-09-15T07:18:58.838181+00:00,976,binancefutures_traders_vip
1301210,11267,"📊#POWER/USDT — SHORT

⚡️ Leverage : 10X – 20X

💹En...Entry After TP1

⚖️ Follow Proper Risk Management.",4310f9cc8d4e158c0c49858b343a05d5,2026-09-15T06:12:19+00:00,2026-09-15T07:18:58.552106+00:00,976,binancefutures_traders_vip
1301285,11257,"🟢 Long

#ETC/USDT

Entry : 

1) 7.462
2) 7.238

Ta...) 7.972

🛑 Stop : 6.991

Leverage : 10x (isolated)",6c6f5b9d4852f867748dc085929323f5,2026-09-15T06:12:18+00:00,2026-09-15T07:18:58.854589+00:00,976,binancefutures_traders_vip
1301281,11264,"🐳 AIO/USDT #LONG🐳

✳️ ENTRY :- 0.042 - 0.040

💢 LE...05000

⛔️ STOP-LOSS :- 0.03800

☝️ Margin Use 2–3%",c5c67098b1edde28d47b02e67784dca3,2026-09-15T06:12:18+00:00,2026-09-15T07:18:58.845126+00:00,976,binancefutures_traders_vip
1301277,11251,"$BTC LONG🟢 (25x Lev)

Entry -  77600$- 77000$

Targets

1)78500
2)79500$

SL- 76300$",5ffb37de85069038478def3b27fc9eb7,2026-09-15T06:12:18+00:00,2026-09-15T07:18:58.838811+00:00,976,binancefutures_traders_vip
1301271,11263,"🔰 CAP/USDT 🔰

🔴 SHORT 20X

🔳 ENTRY :- 0.064

☑️ TARGET:- 0.062 - 0.058 - 0.052

🔴 STOP :- 0.072",d69f68c1e9f6e1c13dbcd2d64971f546,2026-09-15T06:12:18+00:00,2026-09-15T07:18:58.832981+00:00,976,binancefutures_traders_vip
1301265,11255,"⚡ #ANKR/USDT

📥 Short 

💹 Buy: 0.004720 - 0.004902...- 0.004445

🧨 StopLoss: 0.004980 

🔘 Leverage: 20x",bd1c9545dd2ca5f05592266a4bfe3ea6,2026-09-15T06:12:18+00:00,2026-09-15T07:18:58.811843+00:00,976,binancefutures_traders_vip
1301260,11254,"$REZ/USDT #SHORT📩

✅ENTRY :-0.004050/0.0042

Targe...𝐎𝐧𝐥𝐲 𝟏-𝟑% 𝐎𝐟 𝐎𝐮𝐫 𝐃𝐞𝐩𝐨𝐬𝐢𝐭 𝐅𝐨𝐫 𝐄𝐚𝐜𝐡 𝐓𝐫𝐚𝐝𝐞

React,??m",8a9b2094707c50a2664ff172ea190e2a,2026-09-15T06:12:18+00:00,2026-09-15T07:18:58.804120+00:00,976,binancefutures_traders_vip
1301258,11258,"🟢 Long

#QTUM/USDT

Entry : 

1) 0.921600
2) 0.893...4651

🛑 Stop : 0.863539

Leverage : 10x (isolated)",95baa705e0ba3d3d4997860da4a650d0,2026-09-15T06:12:18+00:00,2026-09-15T07:18:58.803515+00:00,976,binancefutures_traders_vip
1301248,11261,"❖ POWER/USDT

❖ SHORT [ 10×20 ]

➤ Entry Zone:- 0.... TP2: 0.1750
▪️ TP3: 0.1600

➤ Stop Loss :- 0.2070",21f626cdbc5d107f3eefa40eb9b92846,2026-09-15T06:12:18+00:00,2026-09-15T07:18:58.767432+00:00,976,binancefutures_traders_vip
1301230,11266,"🚀 $ELSA/USDT PERP 🚀

🟢 LONG

💰 Entry : 0.0525$ – 0...5X – 25X

⛔️ SL : 0.0480$

📌 Use Only 2-5% Capital",e32235d689456bae52fceaefa0b5ed6a,2026-09-15T06:12:18+00:00,2026-09-15T07:18:58.698721+00:00,976,binancefutures_traders_vip
1301283,11250,"🪙 Coin: #AIO/USDT
🧭 Type: #LONG

📈 Entry Zone:
0.0... within the zone and maintain strict risk control.",64fa185a33b7153366dc99e2d4c29bc4,2026-09-15T06:12:17+00:00,2026-09-15T07:18:58.850913+00:00,976,binancefutures_traders_vip
1301256,11241,"✅ Long

#BTC/USDT

Entry zone : 75567.07 - 77904.2...6.14
87591.58

Stop loss :72450.906

Leverage: 10x",7fb67c5014d332162fa9f74ff780d1e8,2026-09-15T06:12:17+00:00,2026-09-15T07:18:58.792413+00:00,976,binancefutures_traders_vip
1301254,11240,"✅ Long

#TRX/USDT

Entry zone : 0.32866 - 0.33883
...37084
0.38096

Stop loss :0.3151119

Leverage: 10x",73bd4c9c9f26b96f937a8f23c1799801,2026-09-15T06:12:17+00:00,2026-09-15T07:18:58.788113+00:00,976,binancefutures_traders_vip
1301247,11238,"#LONG 🟢🔤🔤🔤🔤🔤

#PONS/USDT

Margin Mode : Isolated 💎...4

🟥 SL : 0.5997 - 100%   

📊 LEV : 20X

🇯🇵Premium",8b4ff6ed134f4bf0f18c0ac045602730,2026-09-15T06:12:17+00:00,2026-09-15T07:18:58.765761+00:00,976,binancefutures_traders_vip
1301244,11235,"Coin #CAP /USDT

Position: LONG 

Leverage:  Cross...rgets: 🎯 0.0660, 0.0685, 0.0720

Stop Loss: 0.0600",fba91ec5a4c3eb21e4fad1096df3ddb4,2026-09-15T06:12:17+00:00,2026-09-15T07:18:58.746342+00:00,976,binancefutures_traders_vip
1301223,11244,"🚀 #ACUUSDT LONG SIGNAL 🚀  LEVERAGE 50X-75X

📌 ENTR...ch this move together!

🔓 Trade Smart • Trade Safe",dde3982e9adbf66b05a5056a56e0ea24,2026-09-15T06:12:17+00:00,2026-09-15T07:18:58.651613+00:00,976,binancefutures_traders_vip
1301205,11237,"🟢AIN/USDT 📈

📈 long Setup 

💰 Entry Zone: 0.154–0....et 1. 
✅ Move SL to breakeven after Target 1 hits.",1ae2aa5eaa385f5f2b768d7a8617e7df,2026-09-15T06:12:17+00:00,2026-09-15T07:18:58.499875+00:00,976,binancefutures_traders_vip
1301202,11245,"📊#CTR/USDT–SHORT–20x 🚀

📍 𝐄𝐧𝐭𝐫𝐲 𝐙𝐨𝐧𝐞:

➥ 0.0121, 0...tal.

⚠️ Disclaimer:
Trade at your own risk. DYOR.",5ee3654a0bc089bf12b0072e978bc459,2026-09-15T06:12:17+00:00,2026-09-15T07:18:58.461663+00:00,976,binancefutures_traders_vip
1301268,11229,"#ONUSDT — BUY (LONG) 
🎉
🟢 Leverage: Cross  50x75

...Risk Management:
Use only 2%– 3%of your portfolio.",0ec57a25ee9a0f4dc1f66546f8ab9010,2026-09-15T06:12:16+00:00,2026-09-15T07:18:58.820378+00:00,976,binancefutures_traders_vip
1301240,11231,"BTC/ USDT/ SHORT
Entry at market price 

Cross || ...only 1% of your wallet. 
Manage your risk properly",8772a0b7818783fcc7ee67ef57af3c32,2026-09-15T06:12:16+00:00,2026-09-15T07:18:58.732841+00:00,976,binancefutures_traders_vip
1301221,11230,"SOL/ USDT/ SHORT
Entry at market price 

Cross || ...only 1% of your wallet. 
Manage your risk properly",491afa183c22797e0e750314e777bf0e,2026-09-15T06:12:16+00:00,2026-09-15T07:18:58.648913+00:00,976,binancefutures_traders_vip
1301217,11232,"VETUSDTUSDT  
Exchanges: BINGX 

🟢 Long
Leverage- ....00884000
6) 0.00955000
7) 🚀🚀🚀 

⛔️ SL:
0.00717900",92d9d0a06958f1ab2476396cb73d973c,2026-09-15T06:12:16+00:00,2026-09-15T07:18:58.611062+00:00,976,binancefutures_traders_vip
1301209,11228,"💰#SENT/ USDT👑

💎Setup Type: Strong LONG  🔖Opportun...TP ➝ 0.02500

4️⃣TP ➝ 0.03500

🚫Stop Loss: 0.01000",53812d3109e365baf13fc04f13308e64,2026-09-15T06:12:16+00:00,2026-09-15T07:18:58.546567+00:00,976,binancefutures_traders_vip
1303222,11305,"📊 Let’s SHORT #AIN/USDT

💥 Leverage:  Cross 20×  -...: 

1) 0.160
2) 0.155
3) 0.145

🔖 Stop Loss: 0.182",f8bde95e30a688c9796a9d8cd49534fe,2026-09-15T07:38:32+00:00,2026-09-15T08:37:25.514070+00:00,976,binancefutures_traders_vip
1303217,11301,"👑 #CAP /USDT — TRADE LONG

LEVERAGE 25X TO 50X

🤑 ...

⛔️ STOP LOSS: 0.05700

⚡️ NO FEAR — JUST PROFITS",f645d832ff42a394c808b05230a6e914,2026-09-15T07:35:07+00:00,2026-09-15T08:37:25.477566+00:00,976,binancefutures_traders_vip
1303221,11296,"💥THE GHOST CRYPTO 💥

#USUSDT — BUY (LONG) 
🎉
🟢 Lev...Risk Management:
Use only 2%– 3%of your portfolio.",f32ac690172f336ac4309212fa6253b5,2026-09-15T07:20:43+00:00,2026-09-15T08:37:25.506461+00:00,976,binancefutures_traders_vip
1303215,11297,"Coin #ACE/USDT

Position: LONG 

Leverage:  Cross ...rgets: 🎯 0.1620, 0.1700, 0.1835

Stop Loss: 0.1470",c9c5b73e8b07b5a7d1f9d563287488f4,2026-09-15T07:20:43+00:00,2026-09-15T08:37:25.440345+00:00,976,binancefutures_traders_vip
1303213,11294,"✅Entry 0.004820-0.004700

(🆘LONG TUSDT 5-20x🆘)

🏹 ....005070
🏹Target 6  $0.005120

🚫Stop loss -0.004548",e7181b083865ae1c2a3c2f8d7b186bed,2026-09-15T07:19:16+00:00,2026-09-15T08:37:25.402917+00:00,976,binancefutures_traders_vip
1355702,11369,"Long #BR 50x 0.4700

Tp: 0.4900",d9b05eacb610d55301f1a96159516305,2026-09-16T11:13:22+00:00,2026-09-16T11:16:17.639262+00:00,976,binancefutures_traders_vip
1355683,11367,"📊 Let’s SHORT #AKE/USDT

💥 Leverage:  Cross 20×  -...1) 0.0325
2) 0.0350
3) 0.0385

🔖 Stop Loss: 0.0240",88d4d81f7e77dda79f908cd8dfa3d2b6,2026-09-16T11:13:02+00:00,2026-09-16T11:16:17.558122+00:00,976,binancefutures_traders_vip
1355673,11366,"#LSKUSDT — BUY (LONG) 
🎉
🟢 Leverage: Cross  50x

⚡...00
TP3: 0.68000
TP4: 0.80000

⛔️Stop Loss: 0.50000",18e513f7a23918d99de08570b82491aa,2026-09-16T11:13:02+00:00,2026-09-16T11:16:17.497192+00:00,976,binancefutures_traders_vip
1355699,11354,"🚨 #ETH/USDT | LONG 

⚡Leverage: Cross 20-200x

🎯En... follow the signal and secure profits at targets.💎",2a71455da774063dd07657286e142e7b,2026-09-16T10:42:11+00:00,2026-09-16T11:16:17.627020+00:00,976,binancefutures_traders_vip
1355695,11351,"🪙#BR/USDT

🚩POSITION — LONG

🔒  LEVERAGE — 20X75

...0.25800
TP🥉: 0.26700

⛔️ SL: 0.23000

🔥REACTIONS?😜",64515c7ff57f43a478966d088232b378,2026-09-16T09:45:03+00:00,2026-09-16T11:16:17.612158+00:00,976,binancefutures_traders_vip
1355693,11346,"📊 Let’s SHORT #AKE/USDT

💥 Leverage:  Cross 20×  -... 

1) 0.028
2) 0.027
3) 0.026

🔖 Stop Loss: 0.0306",b61a585eeffa0f0c90c06e8c9370cd94,2026-09-16T09:44:28+00:00,2026-09-16T11:16:17.608192+00:00,976,binancefutures_traders_vip
1355692,11348,"💰#LSK/ USDT👑

💎Setup Type: Strong LONG  🔖Opportuni...TP ➝ 0.65000

4️⃣TP ➝ 0.80000

🚫Stop Loss: 0.42000",bef51718e0488a9be6974f5480449bf0,2026-09-16T09:44:28+00:00,2026-09-16T11:16:17.607260+00:00,976,binancefutures_traders_vip
1355704,11343,"$XRP 4-H UPDATE 🔄

BUYING AREA: 1.2300 - 1.1800🔼

...WAIT FOR PROPER CONFIRMATION AND OUR BUYING ZONE 👀",f642917bcfca09f569783103da59ebb3,2026-09-16T09:44:27+00:00,2026-09-16T11:16:17.646098+00:00,976,binancefutures_traders_vip
1355657,11316,"#LSK/ USDT — BUY (LONG) 
Leverage: Cross 25x – 50x...T IS KEY
👉 Use ONLY 2 – 3% of your total portfolio",34fbad4e11036c6e660e1367aa06afba,2026-09-16T09:04:45+00:00,2026-09-16T11:16:17.171026+00:00,976,binancefutures_traders_vip
1358633,11371,"📊 Let’s SHORT #ADA/USDT

💥 Leverage:  Cross 20×  -...1) 0.1890
2) 0.1820
3) 0.1740

🔖 Stop Loss: 0.2000",eae183e64a049ba7a9469ea08d96009c,2026-09-16T11:25:34+00:00,2026-09-16T13:31:50.569414+00:00,976,binancefutures_traders_vip
1383278,11488,"⭐️$ONE/USDT  LONG

🛡Leverage : Cross 25x50

‼️Entr...008622

Use only 3% - 5% amount of your portfolio🛍",df62639b6d85e7ba3fe9280a3f7df75a,2026-09-17T12:45:37+00:00,2026-09-17T13:45:12.229295+00:00,976,binancefutures_traders_vip
1383271,11484,"#ONE/ USDT — BUY (LONG) 
Leverage: Cross 25x – 50x...T IS KEY
👉 Use ONLY 2 – 3% of your total portfolio",8b5400dabc3a7b0f4536eb4e6649e5af,2026-09-17T12:45:36+00:00,2026-09-17T13:45:12.085823+00:00,976,binancefutures_traders_vip
1383251,11487,ONEUSDT LONG NOW,7e6af733c9a8e38a5150db3d8fc179c1,2026-09-17T12:45:36+00:00,2026-09-17T13:45:12.025671+00:00,976,binancefutures_traders_vip
1383248,11486,"🔴 SHORT

#THETA/USDT

Entry : 

1) 0.1851
2) 0.190...0.1722

🛑 Stop : 0.1967

Leverage : 10x (isolated)",032b71df83b39fc77f08175d18ab5316,2026-09-17T12:45:36+00:00,2026-09-17T13:45:12.015097+00:00,976,binancefutures_traders_vip
1383238,11483,"📈 LONG #ONE/USDT 

🚀 LEVERAGE : 50x

📊 ENTRY PRICE....00117

TP🟢0.00122

STOPLOSS 🔴0.00104


REACTIONS?",252c65b8ef908bf90a697c8447181d83,2026-09-17T12:45:36+00:00,2026-09-17T13:45:11.985312+00:00,976,binancefutures_traders_vip
1383228,11485,"✅ Long

Pair: #IOST/USDT

📊 Entry Price: 

1) 0.00...00086509

Stop Loss: 0.00075868

Leverage: 10x-20x",ff5c5825c86824ab57a035cb33b3b2b4,2026-09-17T12:45:36+00:00,2026-09-17T13:45:11.842487+00:00,976,binancefutures_traders_vip
1383262,11482,"#SHORT 🔴 🔤🔤🔤🔤🔤

#LSK/USDT 

Margin Mode : Isolated...28

🟩 SL : 0.48095 - 100%

📊 LEV : 20X

🇯🇵 Premium",2b9951780b35aa577e11ba6965895c59,2026-09-17T12:39:50+00:00,2026-09-17T13:45:12.048177+00:00,976,binancefutures_traders_vip
1383266,11479,"📊 Let’s LONG #GENIUS/USDT

💥 Leverage:  Cross 20× ...gets: 

1) 0.44
2) 0.46
3) 0.48

🔖 Stop Loss: 0.39",3301793d61da0895ea6c03ba4283e3c8,2026-09-17T11:58:02+00:00,2026-09-17T13:45:12.056907+00:00,976,binancefutures_traders_vip
1383260,11478,"✅Entry : $0.19206-0.1940

(SYN SHORT /USDT 5-15X🆘)... $0.1820
🏹Target 6  $0.18000

🚫Stop loss : 0.20164",34af3d7113a4c114a4624659a939d5d5,2026-09-17T11:58:02+00:00,2026-09-17T13:45:12.046914+00:00,976,binancefutures_traders_vip
1383254,11475,"#GENIUS/USDT

📈Signal: long Leverage: Cross 20X

⚡...even after TP1 is hit.

📣Trade Smart • Follow Risk",9d0890d808c2389db1da74c5002b80c3,2026-09-17T11:47:49+00:00,2026-09-17T13:45:12.028375+00:00,976,binancefutures_traders_vip
1383229,11476,"✅ Long

#XTZ/USDT

Entry zone : 0.238329 - 0.24570...68918
0.276252

Stop loss :0.228501

Leverage: 10x",44b59f34e6261b4af6eb07b88a6e70df,2026-09-17T11:47:49+00:00,2026-09-17T13:45:11.845722+00:00,976,binancefutures_traders_vip
1383259,11472,"🔘 Coin : #PUMP/USDT 🔘

🔴 SHORT

🔺Entry🔻: 0.003888
... 0.003723

♦️ StopLoss : 0.003998

🔱 Leverage: 25x",c06fbb80d41a21acf444e6195e92ef64,2026-09-17T11:37:30+00:00,2026-09-17T13:45:12.044498+00:00,976,binancefutures_traders_vip
1383233,11471,"👑My Coin: $ONE/USDT
👀Looking for SHORT

🌟0.0010818... Will Set: 0.0011251
°°°°°°°°°°°°°° As my stoploss",ecbdfb99887bf1852ba35c539fb31d53,2026-09-17T11:37:30+00:00,2026-09-17T13:45:11.970385+00:00,976,binancefutures_traders_vip
1383261,11470,"➡️ #REZ     /USDT (LONG) 🔼🔼

⌛LEVERAGE : 20X TO 75...99

💥Use only 1%margin of your total portfolio❤️😘😇",49c957836646a2a88f014162af7d0c4c,2026-09-17T11:37:29+00:00,2026-09-17T13:45:12.046087+00:00,976,binancefutures_traders_vip
1383263,11469,"🔘 Coin : #ONE/USDT 🔘

🔴 SHORT

🔺Entry🔻: 0.003888

... 0.003723

♦️ StopLoss : 0.003998

🔱 Leverage: 25x",b8305c19957be647ea8655792827ab7c,2026-09-17T11:34:23+00:00,2026-09-17T13:45:12.049839+00:00,976,binancefutures_traders_vip
1383272,11468,"⭐ AVA /USDT — LONG

💵 ENTRY: 0.2950-0.2600

⚙️ LEV...o

📌 Follow the setup and manage your risk wisely.",4f88807264aa1ae68f4156fae3bdeef4,2026-09-17T11:34:14+00:00,2026-09-17T13:45:12.096053+00:00,976,binancefutures_traders_vip
1383280,11465,"LONG OP/USDT📈📈📈

ENTRY: 0.08755

TP1: 0.09856

TP2...agement 🏆

Use only 10% of your 📈Available balance",41a58634e52d36e58b312f05a8e8971f,2026-09-17T11:34:08+00:00,2026-09-17T13:45:12.243684+00:00,976,binancefutures_traders_vip
1383267,11467,"💰#AVA/ USDT👑

💎Setup Type: Strong LONG  🔖Opportuni...

🥉TP ➝ 0.3300

4️⃣TP ➝ 0.3700

🚫Stop Loss: 0.2400",6533a6e0049dba7ca471e1c64f26ff1a,2026-09-17T11:34:08+00:00,2026-09-17T13:45:12.063635+00:00,976,binancefutures_traders_vip
1383225,11466,"↗️ LONG #BR 50x

📌 Entry: 0.64500

🎯 TP: 0.66500

...t Usage: 1-3%
⚠️ According to your risk management",a57e255faaa86cc532dc761e17d439a7,2026-09-17T11:34:08+00:00,2026-09-17T13:45:11.803213+00:00,976,binancefutures_traders_vip
1383223,11434,"✨SOL/USDT

🎗 Trade Type = SHORT 🔴

⭐️ Leverage :- ...fit = [ 99.29, 98.32, 97.31, 96.18, 95.34, 94.23 ]",60e25a4d8d76b50555edf0503d4b5ea3,2026-09-17T09:52:33+00:00,2026-09-17T13:45:11.703335+00:00,976,binancefutures_traders_vip
1393360,11496,"#COTI     /USDT (SHORT) 🔽🔽

⌛LEVERAGE : 20X TO 75X...9


💥Use only 1%margin of your total portfolio❤️😘😇",b79197e1cddb37864094f79c5ea05422,2026-09-17T15:12:28+00:00,2026-09-17T15:52:28.817076+00:00,976,binancefutures_traders_vip
1393358,11495,"📈 LONG #AVA/USDT 

🚀 LEVERAGE : 75x

📊 ENTRY PRICE...0

TP🟢0.325

TP🟢0.340

STOPLOSS 🔴0.280

REACTIONS?",1a574910bf9f29ee03ddc4bd69d4bb67,2026-09-17T15:12:28+00:00,2026-09-17T15:52:28.797597+00:00,976,binancefutures_traders_vip
1393363,11493,"🌈PAIR:- #ZEC/USDT
⚡️ Direction : LONG
🛠 Leverage: ...nt Usage:- 1 - 2%
(According To your Risk Setting)",9ff42ca91460d0a84543d7e4e2f7ff3b,2026-09-17T14:31:37+00:00,2026-09-17T15:52:28.829070+00:00,976,binancefutures_traders_vip
1393362,11492,"🚀 #DRIFTUSDT LONG SIGNAL 🚀  LEVERAGE 50X-75X

📌 EN...ch this move together!

🔓 Trade Smart • Trade Safe",3aac47ebaa0777553c3674c3483321b2,2026-09-17T14:31:37+00:00,2026-09-17T15:52:28.821325+00:00,976,binancefutures_traders_vip
1393361,11494,"✨ARB/USDT

🎗 Trade Type = SHORT 🔴

⭐️ Leverage :- ...125, 0.15936, 0.15785, 0.15626, 0.15452, 0.15256 ]",2c650ef2b6177c97e81225c9b7ef8a2d,2026-09-17T14:31:37+00:00,2026-09-17T15:52:28.819648+00:00,976,binancefutures_traders_vip
1393359,11491,"#ONE/USDT

📈Signal: long Leverage: Cross 50X

⚡️En...even after TP1 is hit.

📣Trade Smart • Follow Risk",d2e22b483e5a15186121527e2dae64f1,2026-09-17T14:31:37+00:00,2026-09-17T15:52:28.811855+00:00,976,binancefutures_traders_vip
1393357,11490,"Long #ONE 0.0012500

Tp 0.0012930",9331e142942d153c3c1cbe01d773817c,2026-09-17T14:31:37+00:00,2026-09-17T15:52:28.790738+00:00,976,binancefutures_traders_vip
1396293,11498,"#SUI

SUI has flipped its trend bullish and is now...gets: 0.7442 / 0.7655 / 0.7929
📉 Stop Loss: 0.7093",645a66ab54e67503cda60796639a2d14,2026-09-17T18:04:28+00:00,2026-09-17T18:37:40.160671+00:00,976,binancefutures_traders_vip
1396291,11497,"🚨 #HYPE/USDT | LONG

⚡Leverage: Cross 20x

🎯Entry ... follow the signal and secure profits at targets.💎",35f9bc1b094a3e0c74956c160cc92dea,2026-09-17T18:04:27+00:00,2026-09-17T18:37:40.127148+00:00,976,binancefutures_traders_vip
1398876,11508,"⌛#ETC/USDT  ( SHORT )

🍁 Leverage 👉 20X to 25X 

⛩... 7.151 | 7.087 | 7.001 | 6.917

🔕 Stoploss = 7.627",8001e7b677cf712b62796787d0199e36,2026-09-17T19:36:51+00:00,2026-09-17T20:36:54.743380+00:00,976,binancefutures_traders_vip
1398875,11507,"🔴 Short

Pair: #LTC/USDT

📊 Entry Price: 

1) 53.4...0.91
4) 49.78

Stop Loss: 56.85

Leverage: 10x-20x",e4b47ed708fcbbbb58990830c2698a06,2026-09-17T19:36:51+00:00,2026-09-17T20:36:54.733499+00:00,976,binancefutures_traders_vip
1398873,11505,"🔰 PAIR: ETH/ USDT 💹

🟢Position: LONG🚀

☑️ Entry Zo...2465.56
🥈 2473.26
🥉 2486.54

❌ Stop Loss: 🔴2446.70",acf70ccb85db306f7d8430e97f2ab845,2026-09-17T18:46:21+00:00,2026-09-17T20:36:54.726398+00:00,976,binancefutures_traders_vip
