id,external_id,message_preview,hash,published_at,created_at,source_id,source_name
1074544,31977,"DOGEUSDTUSDT  
Exchanges: BINGX 

🟢 Short
Leverage....08166000
6) 0.07991000
7) 🚀🚀🚀 

⛔️ SL:
0.09307900",2f8fb8106d897a339ec3c191d20eeefa,2026-09-04T04:42:22+00:00,2026-09-04T05:48:41.476592+00:00,933,khuncoincrypto_signals
1074543,31975,"ETHUSDT  
Exchanges: BINGX 

🟢 Short
Leverage- Cro...2.29
5) 2336.90
6) 2286.65
7) 🚀🚀🚀 

⛔️ SL:
2663.57",7337c78877ebdb7b368de79000f0d189,2026-09-04T04:42:22+00:00,2026-09-04T05:48:41.473498+00:00,933,khuncoincrypto_signals
1074541,31976,"BTCUSDTUSDT  
Exchanges: BINGX 

🟢 Long
Leverage- ...5) 109791.46
6) 118574.78
7) 🚀🚀🚀 

⛔️ SL:
79300.00",e0d3cf18dc12086e79777599c0c2c38a,2026-09-04T04:42:22+00:00,2026-09-04T05:48:41.452616+00:00,933,khuncoincrypto_signals
1074539,31972,"SOL/ USDT/ SHORT
Entry at market price 

Cross || ...only 1% of your wallet. 
Manage your risk properly",2a789b060e48342efc38d58593e289f0,2026-09-04T04:42:22+00:00,2026-09-04T05:48:41.403297+00:00,933,khuncoincrypto_signals
1075562,32092,"#TRIA/USDT LONG     

👉Leverage : Cross 10× To 30×....00535
2)  0.00560
3)  0.00590

⭕Stoploss : 0.0046",ec88fb9866966086837910568b30dc6f,2026-09-04T07:03:02+00:00,2026-09-04T07:10:31.718067+00:00,933,khuncoincrypto_signals
1075561,32094,"#EDGE /USDT BUY (LONG) 

⚡️Leverage : Cross 25x to...06000

⚠️Use only 3% - 5% amount of your portfolio",a6022f2affc08b310058045e275913e3,2026-09-04T07:03:02+00:00,2026-09-04T07:10:31.702908+00:00,933,khuncoincrypto_signals
1075560,32083,"$FILUSDT

SHORT

RR : 2

LEVERAGE : 20x

ENTRY : 0...842

TAKE PROFITS 👇

1️⃣ 0.7446

STOPLOSS : 0.8038",6609c77cd0109dff2f5752b2b96852e4,2026-09-04T07:03:02+00:00,2026-09-04T07:10:31.692850+00:00,933,khuncoincrypto_signals
1075559,32087,"🔰CHIP/USDT 🔰   

🟢 LONG 10X 20X

♻ ENTRY 
1️⃣ 0.06...⃣ 0.0615
2️⃣ 0.0630
3️⃣ 0.0650

⛔ STOPLOSS  0.0565",fd4338611e190696abdf5e14fa61a5a6,2026-09-04T07:03:02+00:00,2026-09-04T07:10:31.672209+00:00,933,khuncoincrypto_signals
1075554,32095,EDGEUSDT LONG NOW,c686cf8cd98a24e3715568bea97442cf,2026-09-04T07:03:02+00:00,2026-09-04T07:10:31.653471+00:00,933,khuncoincrypto_signals
1075549,32090,"#USELESS/USDT LONG     

👉Leverage : Cross 10× To ...

1)  0.227
2)  0.243
3)  0.265

⭕Stoploss : 0.205",820b698ef4808cf537e8cdb14435c9e1,2026-09-04T07:03:02+00:00,2026-09-04T07:10:31.627410+00:00,933,khuncoincrypto_signals
1075548,32084,"$USELESS/USDT #LONG📩

✅ENTRY :-0.2190/0.21

Target...𝐎𝐧𝐥𝐲 𝟏-𝟑% 𝐎𝐟 𝐎𝐮𝐫 𝐃𝐞𝐩𝐨𝐬𝐢𝐭 𝐅𝐨𝐫 𝐄𝐚𝐜𝐡 𝐓𝐫𝐚𝐝𝐞

React,??m",4fec23467df285522b9d3ce86c7a0b68,2026-09-04T07:03:02+00:00,2026-09-04T07:10:31.595523+00:00,933,khuncoincrypto_signals
1075547,32096,"⭐️$EDGE/USDT  LONG 

🛡Leverage : Cross 25x50

‼️En...0.5113

Use only 3% - 5% amount of your portfolio🛍",394ecbadbe1b70b39dfe053b58ab105a,2026-09-04T07:03:02+00:00,2026-09-04T07:10:31.574171+00:00,933,khuncoincrypto_signals
1075545,32085,"🔴 SHORT

#DASH/USDT

Entry : 

1) 52.71
2) 54.29

...) 49.06

🛑 Stop : 56.03

Leverage : 10x (isolated)",6db01488837dbf31c6e8788f744db6db,2026-09-04T07:03:02+00:00,2026-09-04T07:10:31.547555+00:00,933,khuncoincrypto_signals
1075541,32093,"🟢 USELESS/USDT 📈

📈 long Setup 

💰 Entry Zone: 0.2...et 1. 
✅ Move SL to breakeven after Target 1 hits.",c74c0cc1d0bf6b57fb642086cade56ae,2026-09-04T07:03:02+00:00,2026-09-04T07:10:31.448764+00:00,933,khuncoincrypto_signals
1075531,32086,"#ETH - SHORT 100X

Entry  2509
DCA 2570

Targets 1...ng Target 1000%+

SL= Will Update

Using 1% wallet",5c7f950a229ad482e427137a7cc4282a,2026-09-04T07:03:02+00:00,2026-09-04T07:10:31.352061+00:00,933,khuncoincrypto_signals
1075526,32088,"WIFUSDTUSDT  
Exchanges: BINGX 

🟢 Short
Leverage-....18121000
6) 0.16671000
7) 🚀🚀🚀 

⛔️ SL:
0.21956000",cb1287c0743f9a8568e68782afd96525,2026-09-04T07:03:02+00:00,2026-09-04T07:10:31.326278+00:00,933,khuncoincrypto_signals
1075507,32079,"🚀 SIGNAL ALERT 🚀

💎 Pair: FET/USDT
⏱️ Timeframe: 1...━━
 ❌ SL: 0.16328

 ━━━━━━━━━
🟨Risk Management: 3%",3532574f0afda9f5188dede63ca97f59,2026-09-04T07:03:02+00:00,2026-09-04T07:10:31.150658+00:00,933,khuncoincrypto_signals
1075504,32078,"🚀 SIGNAL ALERT 🚀

💎 Pair: PEPE/USDT
⏱️ Timeframe: ...━
 ❌ SL: 3.81e-06

 ━━━━━━━━━
🟨Risk Management: 3%",e4308f4a55ccddd50ce70e339dbc722a,2026-09-04T07:03:02+00:00,2026-09-04T07:10:31.087104+00:00,933,khuncoincrypto_signals
1075558,32076,"🚀 SIGNAL ALERT 🚀

💎 Pair: SUI/USDT
⏱️ Timeframe: 1...━━━
 ❌ SL: 0.8042

 ━━━━━━━━━
🟨Risk Management: 3%",aca40939cff5f0d61c50c43fe174ee52,2026-09-04T07:03:01+00:00,2026-09-04T07:10:31.665325+00:00,933,khuncoincrypto_signals
1075555,32067,"🚀 SHORT: $CYS/USDT🚀
LEVERAGE: 20X-50X

🤍 ENTRY PRI...0.25- 0.23
—————

❌ STOP LOSS: 0.3180❌


REACTIONS",a1b757bd5b4ad7c6d12aabfd0012db88,2026-09-04T07:03:01+00:00,2026-09-04T07:10:31.657792+00:00,933,khuncoincrypto_signals
1075556,32077,"🚀 SIGNAL ALERT 🚀

💎 Pair: TIA/USDT
⏱️ Timeframe: 1...━━
 ❌ SL: 0.37485

 ━━━━━━━━━
🟨Risk Management: 3%",6f50819262ac57c34a18201960f64e27,2026-09-04T07:03:01+00:00,2026-09-04T07:10:31.656534+00:00,933,khuncoincrypto_signals
1075553,32066,"💵 𝐒𝐈𝐆𝐍𝐀𝐋 𝐀𝐋𝐄𝐑𝐓 💵

#MAGMA/USDT (25xSHORT)

✅ ENTRY:...2850

TARGETS:-0.2660/0.25/0.23

❌ STOP LOSS: 0.31",272e59d77e9aed1fc88440ce6eb91d40,2026-09-04T07:03:01+00:00,2026-09-04T07:10:31.652522+00:00,933,khuncoincrypto_signals
1075551,32075,"🚀 SIGNAL ALERT 🚀

💎 Pair: NEAR/USDT
⏱️ Timeframe: ...━━━━
 ❌ SL: 2.018

 ━━━━━━━━━
🟨Risk Management: 3%",2f1617813fe5a989dad05db858e09672,2026-09-04T07:03:01+00:00,2026-09-04T07:10:31.641271+00:00,933,khuncoincrypto_signals
1075542,32061,"TRIAUSDTUSDT  
Exchanges: BINGX 

🟢 Long
Leverage-....00517000
6) 0.00558000
7) 🚀🚀🚀 

⛔️ SL:
0.00427242",5aae9f59268d33eff5f01bdc72c02b54,2026-09-04T07:03:01+00:00,2026-09-04T07:10:31.453055+00:00,933,khuncoincrypto_signals
1075536,32064,"#SHORT 🔴 🔤🔤🔤🔤🔤

#MARSCOIN/USDT 

Margin Mode : Iso...45

🟩 SL : 0.13071 - 100%

📊 LEV : 20X

🇯🇵 Premium",1b61985fe0fddf7f14da5680fadf9208,2026-09-04T07:03:01+00:00,2026-09-04T07:10:31.369522+00:00,933,khuncoincrypto_signals
1075534,32065,"🐳 DASH/USDT #LONG🐳

✳️ ENTRY :- 51 - 47

💢 LEVERAG... 54
3 : 58

⛔️ STOP-LOSS :- 45

☝️ Margin Use 2–3%",18da91a2fff5bb743a9886c48b1e1ad0,2026-09-04T07:03:01+00:00,2026-09-04T07:10:31.361883+00:00,933,khuncoincrypto_signals
1075533,32049,"ADA-USD  
Exchanges: BYBIT

🔴 Short 
Leverage- Cro....15493000
6) 0.14254000
7) 🚀🚀🚀 

⛔️ SL:
0.21069100",0bb84b2cf29bdf3cf4c2484fd24809fc,2026-09-04T07:03:01+00:00,2026-09-04T07:10:31.354572+00:00,933,khuncoincrypto_signals
1075530,32072,"🚀 SIGNAL ALERT 🚀

💎 Pair: POL/USDT
⏱️ Timeframe: 1...━━━
 ❌ SL: 0.0982

 ━━━━━━━━━
🟨Risk Management: 3%",6c15525f09da102a523332e86a9cc3ab,2026-09-04T07:03:01+00:00,2026-09-04T07:10:31.347261+00:00,933,khuncoincrypto_signals
1075532,32058,"DASHUSDTUSDT  
Exchanges: BINGX 

🟢 Short
Leverage...7
4) 49.06
5) 45.14
6) 41.52
7) 🚀🚀🚀 

⛔️ SL:
57.00",1464626e2de8bd832401339f9fb0fcdc,2026-09-04T07:03:01+00:00,2026-09-04T07:10:31.344565+00:00,933,khuncoincrypto_signals
1075528,32070,"🚀 SIGNAL ALERT 🚀

💎 Pair: AVAX/USDT
⏱️ Timeframe: ...━━━━
 ❌ SL: 7.817

 ━━━━━━━━━
🟨Risk Management: 3%",d10b8be2886cc4629e39e079ef88bc8c,2026-09-04T07:03:01+00:00,2026-09-04T07:10:31.336642+00:00,933,khuncoincrypto_signals
1075529,32063,"✅ Long

Pair: #TRB/USDT

📊 Entry Price: 

1) 17.48...17
4) 18.682

Stop Loss: 16.384

Leverage: 10x-20x",01986e096bb37b61351bc3003ff64c5a,2026-09-04T07:03:01+00:00,2026-09-04T07:10:31.335856+00:00,933,khuncoincrypto_signals
1075524,32073,"🚀 SIGNAL ALERT 🚀

💎 Pair: SHIB/USDT
⏱️ Timeframe: ...━
 ❌ SL: 5.56e-06

 ━━━━━━━━━
🟨Risk Management: 3%",823de5840bc65df7e102240d98c26947,2026-09-04T07:03:01+00:00,2026-09-04T07:10:31.319795+00:00,933,khuncoincrypto_signals
1075521,32069,"🔰 GRIFFAIN/USDT 🔰

🟢 LONG 20X

🔳 ENTRY :- 0.0128

...ARGET:- 0.0134 - 0.0143 - 0.0155

🔴 STOP :- 0.0112",ae661ab2da5487aa68c2341c24c51831,2026-09-04T07:03:01+00:00,2026-09-04T07:10:31.287415+00:00,933,khuncoincrypto_signals
1075520,32074,"🚀 SIGNAL ALERT 🚀

💎 Pair: LTC/USDT
⏱️ Timeframe: 1...━━━━
 ❌ SL: 53.34

 ━━━━━━━━━
🟨Risk Management: 3%",cf788e569ccd4d90772813b68b5ab8b8,2026-09-04T07:03:01+00:00,2026-09-04T07:10:31.275984+00:00,933,khuncoincrypto_signals
1075518,32071,"🚀 SIGNAL ALERT 🚀

💎 Pair: DOT/USDT
⏱️ Timeframe: 1...━━
 ❌ SL: 0.90993

 ━━━━━━━━━
🟨Risk Management: 3%",7993a9857ff556eebb254355a1134f90,2026-09-04T07:03:01+00:00,2026-09-04T07:10:31.269712+00:00,933,khuncoincrypto_signals
1075512,32062,"✅ Long

Pair: #TRX/USDT

📊 Entry Price: 

1) 0.329...
4) 0.35180

Stop Loss: 0.30853

Leverage: 10x-20x",408f5a52a0dbeebf91a289d14c08fd78,2026-09-04T07:03:01+00:00,2026-09-04T07:10:31.243813+00:00,933,khuncoincrypto_signals
1075514,32060,"PEPEUSDTUSDT  
Exchanges: BINGX 

🟢 Short
Leverage... 6.00
4) 6.00
5) 6.00
6) 5.52
7) 🚀🚀🚀 

⛔️ SL:
3.81",f405f0457dfc5a13ed4138417e75ca05,2026-09-04T07:03:01+00:00,2026-09-04T07:10:31.241830+00:00,933,khuncoincrypto_signals
1075511,32059,"HBARUSDTUSDT  
Exchanges: BINGX 

🟢 Long
Leverage-....08330000
6) 0.08430000
7) 🚀🚀🚀 

⛔️ SL:
0.07540000",5dcf7f67a741ea0a473e7cad870c5b87,2026-09-04T07:03:01+00:00,2026-09-04T07:10:31.231295+00:00,933,khuncoincrypto_signals
1075508,32056,"DOT-USD  
Exchanges: BYBIT

🔴 Short 
Leverage- Cro....61274000
6) 0.56372000
7) 🚀🚀🚀 

⛔️ SL:
0.83329250",a018dd73ff1337f2efa635a2cb545948,2026-09-04T07:03:01+00:00,2026-09-04T07:10:31.149763+00:00,933,khuncoincrypto_signals
1075506,32068,"❖ USELESS/USDT

❖ SHORT [ 10×20 ]

➤ Entry Zone:- ... TP2: 0.2050
▪️ TP3: 0.1900

➤ Stop Loss :- 0.2400",6f00a0b30194c8828375f0a9086d4907,2026-09-04T07:03:01+00:00,2026-09-04T07:10:31.148667+00:00,933,khuncoincrypto_signals
1075552,32044,"⚡️⚡️ #1000PEPE/USDT ⚡️⚡️
Exchanges: Bingx 
Signal ...
5) 0.00389
6) 0.00394
7) 🚀🚀🚀

Stop Targets:
5-10%",4c9c360f9bf73c1e4f923be8084ce021,2026-09-04T07:03:00+00:00,2026-09-04T07:10:31.643122+00:00,933,khuncoincrypto_signals
1075544,32046,"⚡️⚡️ #BAS/USDT ⚡️⚡️
Exchanges: Bingx 
Signal Type:...
5) 0.02818
6) 0.02858
7) 🚀🚀🚀

Stop Targets:
5-10%",d26caef8927dd6133749b565ad58afb9,2026-09-04T07:03:00+00:00,2026-09-04T07:10:31.539253+00:00,933,khuncoincrypto_signals
1075540,32045,"⚡️⚡️ #CAKE/USDT ⚡️⚡️
Exchanges: Bingx 
Signal Type...
5) 2.12625
6) 2.15634
7) 🚀🚀🚀

Stop Targets:
5-10%",50404689844dd5c9d75809caf64a921c,2026-09-04T07:03:00+00:00,2026-09-04T07:10:31.407226+00:00,933,khuncoincrypto_signals
1075537,32047,"XMRUSDTUSDT  
Exchanges: BINGX 

🟢 Long
Leverage- ... 558.55
5) 573.78
6) 619.68
7) 🚀🚀🚀 

⛔️ SL:
474.61",c8e5d30bba121157f196f8f787bebdef,2026-09-04T07:03:00+00:00,2026-09-04T07:10:31.371510+00:00,933,khuncoincrypto_signals
1075527,32042,"IMXUSDTUSDT  
Exchanges: BINGX 

🟢 Short
Leverage-....11639000
6) 0.10708000
7) 🚀🚀🚀 

⛔️ SL:
0.11929000",0ca778a03a64598858eafdd3055b7f16,2026-09-04T07:03:00+00:00,2026-09-04T07:10:31.333251+00:00,933,khuncoincrypto_signals
1075525,32039,"✅ Long

#DOT/USDT

Entry zone : 0.844094 - 0.87020...52433
0.978409

Stop loss :0.809286

Leverage: 10x",f0c784cf1fd2f5171160f79a306ffb6f,2026-09-04T07:03:00+00:00,2026-09-04T07:10:31.325333+00:00,933,khuncoincrypto_signals
1075523,32041,"SUIUSDTUSDT  
Exchanges: BINGX 

🟢 Short
Leverage-....72124000
6) 0.66354000
7) 🚀🚀🚀 

⛔️ SL:
0.81606000",03bddb06a6e08b8fd634223ab0771b1a,2026-09-04T07:03:00+00:00,2026-09-04T07:10:31.318259+00:00,933,khuncoincrypto_signals
1075516,32043,"⚡️⚡️ #1INCH/USDT ⚡️⚡️
Exchanges: Bingx 
Signal Typ...
5) 0.09759
6) 0.09898
7) 🚀🚀🚀

Stop Targets:
5-10%",8f566e17e813c240a9e3f6070b47390e,2026-09-04T07:03:00+00:00,2026-09-04T07:10:31.265083+00:00,933,khuncoincrypto_signals
1075515,32040,"🚀 $USELESS/USDT PERP 🚀

🟢 LONG

💰 Entry : 0.225$ –... 5X – 25X

⛔️ SL : 0.165$

📌 Use Only 2-5% Capital",76cbcf3834ca7bda9f537071f3940dc3,2026-09-04T07:03:00+00:00,2026-09-04T07:10:31.251635+00:00,933,khuncoincrypto_signals
1075509,32038,"✅ Long

#XMR/USDT

Entry zone : 495.02 - 510.33

T...
558.55
573.78

Stop loss :474.6069

Leverage: 10x",13660714160cbba6dde1d6a4c68495a0,2026-09-04T07:03:00+00:00,2026-09-04T07:10:31.217943+00:00,933,khuncoincrypto_signals
1075503,32037,"📊 #TRIA/USDT

🟢 POSITION: LONG

💰 ENTRY RANGE
➤ 0....➤ 0.0042

━━━━━━━━━━━━━━━━━━

✅ Manage risk wisely",64f80981311bb6fce3c008c545e160af,2026-09-04T07:03:00+00:00,2026-09-04T07:10:30.675051+00:00,933,khuncoincrypto_signals
1075501,32035,"📊 Let’s LONG #ARC/USDT

💥 Leverage:  Cross 20×  - ...1) 0.0770
2) 0.0800
3) 0.0835

🔖 Stop Loss: 0.0710",1233dea8a4fcd26773239c5b814647e8,2026-09-04T07:03:00+00:00,2026-09-04T07:10:30.541801+00:00,933,khuncoincrypto_signals
1075500,32032,"#USELESSUSDT — BUY (LONG) 
🎉
🟢 Leverage: Cross  50...Risk Management:
Use only 2%– 3%of your portfolio.",2d17cfd5a1126c1c947a30cafe027ece,2026-09-04T07:03:00+00:00,2026-09-04T07:10:30.410661+00:00,933,khuncoincrypto_signals
1075499,32036,"📊 Let’s SHORT #SUI/USDT

💥 Leverage:  Cross 20×  -...: 

1) 0.735
2) 0.700
3) 0.670

🔖 Stop Loss: 0.805",39d7a2b4f8d27f93efe17774c48fbdec,2026-09-04T07:03:00+00:00,2026-09-04T07:10:30.405766+00:00,933,khuncoincrypto_signals
1075498,32033,"📊 Let’s LONG #TRIA/USDT

💥 Leverage:  Cross 10×

✔...1) 0.0051
2) 0.0059
3) 0.0064

🔖 Stop Loss: 0.0037",0e7fcf4289b63da3bbeed05be76f3da0,2026-09-04T07:03:00+00:00,2026-09-04T07:10:30.355312+00:00,933,khuncoincrypto_signals
1075496,32034,"📊 Let’s LONG #BTR/USDT

💥 Leverage:  Cross 10×

✔️...1) 0.0558
2) 0.0590
3) 0.0630

🔖 Stop Loss: 0.0470",1137c77511b703b09126740cf82a4df1,2026-09-04T07:03:00+00:00,2026-09-04T07:10:30.126494+00:00,933,khuncoincrypto_signals
1078406,32104,"COIN: #CHIP/USDT (SHORT) SETUP

📊 Leverage 25x to ...ENT IS KEY
Use only 1–2% of your capital per trade",ad41852efc748a6db97220359762c7af,2026-09-04T07:30:09+00:00,2026-09-04T08:33:42.899627+00:00,933,khuncoincrypto_signals
1078408,32102,"LONG

GPS/USDT

MARKET PRICE 

Leverage: 25X

TP: ...5% of capital 

Always use proper risk management.",a99d92f3530efb4be1f5e8034248e924,2026-09-04T07:25:17+00:00,2026-09-04T08:33:42.912428+00:00,933,khuncoincrypto_signals
1078407,32103,"LONG

MAGMA/USDT

MARKET PRICE 

Leverage: 20X

TP...5% of capital 

Always use proper risk management.",dea025262be6db6d0b747dd014a46669,2026-09-04T07:25:17+00:00,2026-09-04T08:33:42.901514+00:00,933,khuncoincrypto_signals
1078403,32101,"LONG

BTR/USDT

MARKET PRICE 

Leverage: 25X

TP: ...5% of capital 

Always use proper risk management.",d7b6b06bf152513a79f1c00a2cd7e05c,2026-09-04T07:17:23+00:00,2026-09-04T08:33:42.839738+00:00,933,khuncoincrypto_signals
1078402,32097,"#SIGNUSDT — BUY (LONG) 
🎉
🟢 Leverage: Cross  50x

...Risk Management:
Use only 2%– 3%of your portfolio.",25dc08de364f625f95f9d22c0d2f83d1,2026-09-04T07:15:30+00:00,2026-09-04T08:33:42.806422+00:00,933,khuncoincrypto_signals
1078401,32098,"GRIFFAINUSDTUSDT  
Exchanges: BINGX 

🟢 Long
Lever....01808000
6) 0.01953000
7) 🚀🚀🚀 

⛔️ SL:
0.01216000",56614c3e913e65688a9f3ed5794552af,2026-09-04T07:15:30+00:00,2026-09-04T08:33:42.800510+00:00,933,khuncoincrypto_signals
1079626,32132,"BTC/USDT Short  | 

Entry  :  81083 

TP   :  80700 / 80500 / 80000

SL  :  80500 | Risk 3% to 5%",226fc62c89286ded34ee0b1deba511c4,2026-09-04T09:53:21+00:00,2026-09-04T09:57:19.443796+00:00,933,khuncoincrypto_signals
1079625,32129,"🚀 LONG: $TRIA/USDT
LEVERAGE: 50x

✔️ENTRY PRICE: 0....005780-0.006200

STOP LOSS:  0.005120

REACTIONS?",dbe28dde9726f0b943e8fcd7d3d3a6c4,2026-09-04T09:53:21+00:00,2026-09-04T09:57:19.434739+00:00,933,khuncoincrypto_signals
1079624,32128,"USELESSUSDTUSDT  
Exchanges: BINGX 

🟢 Long
Levera....30910000
6) 0.33383000
7) 🚀🚀🚀 

⛔️ SL:
0.19950000",f428895d2a28b2965a0ab39a9b767ed1,2026-09-04T09:53:21+00:00,2026-09-04T09:57:19.429474+00:00,933,khuncoincrypto_signals
1079621,32131,"Coin #SKR/USDT

Position: LONG 

Leverage:  Cross ...rgets: 🎯 0.0250, 0.0265, 0.0288

Stop Loss: 0.0218",48ae9a36be8fcf7c6c8dd90fb29c118f,2026-09-04T09:53:21+00:00,2026-09-04T09:57:19.364709+00:00,933,khuncoincrypto_signals
1079619,32127,"#ONG/USDT

LONG LONG LONG 

OPEN MARKET PRICE 

TP....10170
TP 0.10300
TP 0.10500

SL 0.09400 

LEV 16X",e7dede7c21fc57136b024577cbb26ef9,2026-09-04T09:53:21+00:00,2026-09-04T09:57:19.355477+00:00,933,khuncoincrypto_signals
1079616,32134,"#USELESS/USDT LONG     

👉Leverage : Cross 10× To ...

1)  0.288
2)  0.304
3)  0.330

⭕Stoploss : 0.270",cfeabf5fcd78d9a9066cdc2188ac5a03,2026-09-04T09:53:21+00:00,2026-09-04T09:57:19.339902+00:00,933,khuncoincrypto_signals
1079614,32135,"🪙 Coin: #SPX/USDT
🧭 Type: #LONG

📈 Entry Zone:
0.6... within the zone and maintain strict risk control.",ba269398e682a55e09c8e322f3b2fd17,2026-09-04T09:53:21+00:00,2026-09-04T09:57:19.338173+00:00,933,khuncoincrypto_signals
1079613,32130,"🟢ETH/USDT My Short Trade Setup

Leverage 100X

Ent... 2480

Stop Loss  :  2550

Follow Money Management",25fc1d3716cd1af3bcae0c8c0b7ef0c2,2026-09-04T09:53:21+00:00,2026-09-04T09:57:19.335085+00:00,933,khuncoincrypto_signals
1079623,32126,"➡️ #EDGE     /USDT (SHORT) 🔽🔽

⌛LEVERAGE : 20X TO ...



💥Use only 1%margin of your total portfolio❤️😘😇",40dc74d23d95a21cfe5e87d60616a44f,2026-09-04T09:20:57+00:00,2026-09-04T09:57:19.389901+00:00,933,khuncoincrypto_signals
1079608,32125,"📊#EDGE/USDT — LONG

⚡️ Leverage : 25X – 30X

💹Entr...Entry After TP1

⚖️ Follow Proper Risk Management.",eb65e5cb39e5b87384d7b96895d6e086,2026-09-04T09:16:37+00:00,2026-09-04T09:57:19.266177+00:00,933,khuncoincrypto_signals
1079600,32124,"Use only 2% Funds

#XRP/USDT (SHORT)

Entry 1 = 1....Profit
T.P 3 = 1000% Profit 

🔴Stop loss at 1.5300",6d4c0df3dbc10779b126277979ff3003,2026-09-04T09:16:37+00:00,2026-09-04T09:57:19.146494+00:00,933,khuncoincrypto_signals
1079604,32122,"➡️ #TAC    /USDT (LONG) 🔼🔼

⌛LEVERAGE : 20X TO 75X...9


💥Use only 1%margin of your total portfolio❤️😘😇",0f4214b476f5f16b8f740813ba08af96,2026-09-04T09:11:18+00:00,2026-09-04T09:57:19.247118+00:00,933,khuncoincrypto_signals
1079618,32117,"💰#EDGE / USDT👑

💎Setup Type: Strong LONG  🔖Opportu...

🥉TP ➝ 0.8200

4️⃣TP ➝ 0.9800

🚫Stop Loss: 0.5400",f86012429866ff9aa5c62e477b3de9dd,2026-09-04T09:07:42+00:00,2026-09-04T09:57:19.354605+00:00,933,khuncoincrypto_signals
1079611,32119,"📇 Setup: EDGE/USDT 

LONG Trade 🛫

✔️ Leverage : 7...t 1 •0.6900
💰 Target 2 • 0.7200
💰 Target3 • 0.7800",8c922c33b2cf533e8ba805538de8437a,2026-09-04T09:07:42+00:00,2026-09-04T09:57:19.317287+00:00,933,khuncoincrypto_signals
1079609,32120,"📊#ZEN/USDT–LONG–30x 🚀

📍 𝐄𝐧𝐭𝐫𝐲 𝐙𝐨𝐧𝐞:

➥ 6.42, 6.40...tal.

⚠️ Disclaimer:
Trade at your own risk. DYOR.",cfe0385a862e7ff8c0409ef03176bfec,2026-09-04T09:07:42+00:00,2026-09-04T09:57:19.315306+00:00,933,khuncoincrypto_signals
1079605,32121,"⚡ #ONG/USDT

📤 Long 

💹 Buy: 0.09881 - 0.09600

🧿 ...39 - 0.1049

🧨 StopLoss: 0.09400 

🔘 Leverage: 20x",ab1d792833dcf012f0fcee92e59196d3,2026-09-04T09:07:42+00:00,2026-09-04T09:57:19.251887+00:00,933,khuncoincrypto_signals
1079610,32113,"🔴 Short

Pair: #DASH/USDT

📊 Entry Price: 

1) 51....8.63
4) 47.55

Stop Loss: 54.30

Leverage: 10x-20x",a949bb46a66746de4c2386ff9ebe6c2b,2026-09-04T09:07:41+00:00,2026-09-04T09:57:19.319244+00:00,933,khuncoincrypto_signals
1079602,32112,"🌈PAIR:- ZEC/USDT
⚡️ Direction : LONG
🛠 Leverage: C...nt Usage:- 1 - 2%
(According To your Risk Setting)",4d3375f59f14d63f4434d5ce26cc66d1,2026-09-04T09:07:41+00:00,2026-09-04T09:57:19.235966+00:00,933,khuncoincrypto_signals
1079615,32109,"Short $ETH - 2510$ - 2533$🔴

SL -  2550$❌

TP - 2490$ - 2460$ - 2427$ 🚀

Lev - 10x",b705bf84f1b2e3bed0d728d2c609042a,2026-09-04T08:36:07+00:00,2026-09-04T09:57:19.339186+00:00,933,khuncoincrypto_signals
1079607,32110,"1INCHUSDTUSDT  
Exchanges: BINGX 

🟢 Long
Leverage....09759000
6) 0.09898000
7) 🚀🚀🚀 

⛔️ SL:
0.08746650",5ed8b8f444a99a52402c2d754044366e,2026-09-04T08:36:07+00:00,2026-09-04T09:57:19.256716+00:00,933,khuncoincrypto_signals
1079599,32108,"🔰 PAIR: ENA/ USDT 💹

🟢Position: LONG🚀

☑️ Entry Zo...:
🥇 0.1678
🥈 0.1700
🥉 0.1721

❌ Stop Loss: 🔴0.1617",b9168221add637511fc31260addd34ff,2026-09-04T08:36:07+00:00,2026-09-04T09:57:19.056651+00:00,933,khuncoincrypto_signals
1079598,32106,"TRXUSDTUSDT  
Exchanges: BINGX 

🟢 Long
Leverage- ....37843000
6) 0.40870000
7) 🚀🚀🚀 

⛔️ SL:
0.30222350",e073b1eaf63849145751c8207439b438,2026-09-04T08:36:07+00:00,2026-09-04T09:57:18.783702+00:00,933,khuncoincrypto_signals
1079597,32107,"🟢 Long

#TRX/USDT

Entry : 

1) 0.32797
2) 0.31813...35040

🛑 Stop : 0.30730

Leverage : 10x (isolated)",bcb7cb1a86afc9073b82586b2740c82f,2026-09-04T08:36:07+00:00,2026-09-04T09:57:18.766851+00:00,933,khuncoincrypto_signals
1079596,32105,"📉 SHORT #TRIA/USDT

🚀 LEVERAGE : 50x

📊 ENTRY PRIC....00490

TP🟢0.00460

STOPLOSS 🔴0.00555


REACTIONS?",0f042d55975210a91a54d683a19ce829,2026-09-04T08:36:07+00:00,2026-09-04T09:57:18.716029+00:00,933,khuncoincrypto_signals
1082217,32169,"USELESSUSDTUSDT  
Exchanges: BINGX 

🟢 Long
Levera....31493000
6) 0.34012000
7) 🚀🚀🚀 

⛔️ SL:
0.22800000",d9602ad30d7f242e8c3e156c85ec3027,2026-09-04T11:50:44+00:00,2026-09-04T11:58:13.854200+00:00,933,khuncoincrypto_signals
1082215,32168,"⭐️$USELESS/USDT  LONG 

🛡Leverage : Cross 25x50

‼....20297

Use only 3% - 5% amount of your portfolio🛍",bd957d8d2a6de4e47e4586f0d5f0c4a0,2026-09-04T11:50:44+00:00,2026-09-04T11:58:13.820383+00:00,933,khuncoincrypto_signals
1082207,32171,"#TRIA /USDT BUY (LONG) 

⚡️Leverage : Cross 25x to...04770

⚠️Use only 3% - 5% amount of your portfolio",1a57ff9dcafb4204e15e4b0299f9759d,2026-09-04T11:50:44+00:00,2026-09-04T11:58:13.746052+00:00,933,khuncoincrypto_signals
1082213,32166,"#USELESS/USDT BUY (LONG) 

⚡️Leverage : Cross 25x ....2420

⚠️Use only 3% - 5% amount of your portfolio",5e8911237abf47b9ea0faf96139398b8,2026-09-04T11:26:28+00:00,2026-09-04T11:58:13.786609+00:00,933,khuncoincrypto_signals
1082212,32161,"➡️ #USELESS      /USDT (SHORT) 🔽🔽

⌛LEVERAGE : 20X...7


💥Use only 1%margin of your total portfolio❤️😘😇",453463cea2be81d4cea0bbfcd64a8d47,2026-09-04T11:24:23+00:00,2026-09-04T11:58:13.770675+00:00,933,khuncoincrypto_signals
1082208,32155,"📈 LONG #USELESS/USDT

🚀 LEVERAGE : 50x

📊 ENTRY PR...1

TP🟢0.260

TP🟢0.270

STOPLOSS 🔴0.228

REACTIONS?",d698acceb4184290cd06130146b7a2bd,2026-09-04T11:13:51+00:00,2026-09-04T11:58:13.753585+00:00,933,khuncoincrypto_signals
1082204,32154,"COIN: #EDGE /USDT (LONG) SETUP

📊 Leverage 25x to ...ENT IS KEY
Use only 1–2% of your capital per trade",f9dc755074c45eb53bda4a7c7f578dfb,2026-09-04T11:13:51+00:00,2026-09-04T11:58:13.720061+00:00,933,khuncoincrypto_signals
1082202,32149,"🚀 SIGNAL ALERT 🚀

💎 Pair: AAVE/USDT
⏱️ Timeframe: ...━━━
 ❌ SL: 140.27

 ━━━━━━━━━
🟨Risk Management: 3%",7908e35310398e1c10ce46086b5d36fe,2026-09-04T11:13:50+00:00,2026-09-04T11:58:13.672281+00:00,933,khuncoincrypto_signals
1082200,32150,"DASHUSDTUSDT  
Exchanges: BINGX 

🟢 Short
Leverage...7
4) 49.06
5) 45.14
6) 41.52
7) 🚀🚀🚀 

⛔️ SL:
57.00",1464626e2de8bd832401339f9fb0fcdc,2026-09-04T11:13:50+00:00,2026-09-04T11:58:13.661576+00:00,933,khuncoincrypto_signals
1082197,32152,"✨UNI/USDT

🎗 Trade Type = SHORT 🔴

⭐️ Leverage :- ...fit = [ 6.200, 6.139, 6.064, 6.014, 5.943, 5.875 ]",116cf0c0e33744dd376f2fa518ac4f32,2026-09-04T11:13:50+00:00,2026-09-04T11:58:13.593506+00:00,933,khuncoincrypto_signals
1082195,32151,"🔴 SHORT

#XTZ/USDT

Entry : 

1) 0.237000
2) 0.244...0603

🛑 Stop : 0.251931

Leverage : 10x (isolated)",419c037c55848fbfccbae67d5d27a127,2026-09-04T11:13:50+00:00,2026-09-04T11:58:13.553854+00:00,933,khuncoincrypto_signals
1082205,32148,"📊 Let’s SHORT #XAG/USDT

💥 Leverage:  Cross 20×  -...: 

1) 65.80
2) 65.00
3) 64.30

🔖 Stop Loss: 67.65",fe514a02aa6b8cc41bcb47c2f4d5afa0,2026-09-04T10:35:07+00:00,2026-09-04T11:58:13.723742+00:00,933,khuncoincrypto_signals
1082198,32147,"#USELESS/USDT SHORT     

👉Leverage : Cross 10× To...

1)  0.240
2)  0.226
3)  0.200

⭕Stoploss : 0.270",94daec916c04f4d956a9711bdad52c42,2026-09-04T10:31:44+00:00,2026-09-04T11:58:13.635939+00:00,933,khuncoincrypto_signals
1082191,32145,"SIGNUSDTUSDT  
Exchanges: BINGX 

🟢 Long
Leverage-....01005000
6) 0.01085000
7) 🚀🚀🚀 

⛔️ SL:
0.00802256",b1540bbd0472e0fc9b84f06a0e41e8e6,2026-09-04T10:31:44+00:00,2026-09-04T11:58:13.455033+00:00,933,khuncoincrypto_signals
1082194,32140,"🛎️ Trade: #DOGS/USDT

Direction: 📈 LONG 

🟢 Entry ... Target 6: 0.00004611

💠 Leverage : 5x - 10x - 20x",7942b994a64671c5ab75da017bf8ea43,2026-09-04T10:11:26+00:00,2026-09-04T11:58:13.479842+00:00,933,khuncoincrypto_signals
1082193,32143,"📇 Setup: TRIA/USDT 

LONG Trade 🛫

✔️ Leverage : 7... •0.05559
💰 Target 2 • 0.05780
💰 Target3 • 0.06240",2bea837140d3d085fc404b199f95dda2,2026-09-04T10:11:26+00:00,2026-09-04T11:58:13.462818+00:00,933,khuncoincrypto_signals
1082190,32141,"⭐️$SKR/USDT  LONG 

🛡Leverage : Cross 25x50

‼️Ent....18540

Use only 3% - 5% amount of your portfolio🛍",8dfe08cec58505c8e099ee6a079728a6,2026-09-04T10:11:26+00:00,2026-09-04T11:58:13.420459+00:00,933,khuncoincrypto_signals
1082189,32144,"Trade: #DOGS/USDT

Direction: 📈 LONG 

🟢 Entry Ran... Target 6: 0.00004611

💠 Leverage : 5x - 10x - 20x",fc113e29e171627a20cbae1dc079aba1,2026-09-04T10:11:26+00:00,2026-09-04T11:58:13.411361+00:00,933,khuncoincrypto_signals
1082192,32139,"🔴 SHORT

#ZRX/USDT

Entry zone : 0.1057 - 0.1027

...
0.0928
0.0897

Stop loss :0.109889

Leverage: 10x",81373f4d4a2a5e5349d5c796fc459eba,2026-09-04T10:03:00+00:00,2026-09-04T11:58:13.456426+00:00,933,khuncoincrypto_signals
1082186,32137,"🟢 ETH/USDT

SHORT SHORT SHORT 

OPEN MARKET PRICE 

TP 2505

SL 2566

LEV 25X",faa1c67c983600354c2a2e09950e23f1,2026-09-04T10:02:59+00:00,2026-09-04T11:58:13.258777+00:00,933,khuncoincrypto_signals
1084783,32207,"#SHORT 🔴 🔤🔤🔤🔤🔤

#UNI/USDT 

Margin Mode : Isolated....645

🟩 SL : 6.547 - 100%

📊 LEV : 20X

🇯🇵 Premium",f23586d074d1d746864c352053767ee6,2026-09-04T13:44:59+00:00,2026-09-04T13:46:47.774628+00:00,933,khuncoincrypto_signals
1084782,32190,"SHORT🚨

ZEC/USDT

MARKET PRICE

Leverage: 10X/20x
... 5% of Your capital

Apply proper risk management📈",cf6b251e72f70a9dd595d146fcdff174,2026-09-04T13:43:25+00:00,2026-09-04T13:46:47.724016+00:00,933,khuncoincrypto_signals
1084786,32189,"SHORT🚨

UNI/USDT

MARKET PRICE

Leverage: 10X/20x
... 5% of Your capital

Apply proper risk management📈",f9bf6ccfb6ff11c6bdc5b9453d0756a6,2026-09-04T13:43:24+00:00,2026-09-04T13:46:47.783092+00:00,933,khuncoincrypto_signals
1084777,32188,"💰#SIGN / USDT👑

💎Setup Type: Strong SHORT  🔖Opport...➝ 0.008300

4️⃣TP ➝ 0.006000

🚫Stop Loss: 0.010800",3e95fc1905fc42c020a27062500d7ea1,2026-09-04T13:43:24+00:00,2026-09-04T13:46:47.600996+00:00,933,khuncoincrypto_signals
1084792,32177,"🚨 #USELESS/USDT | LONG

⚡Leverage: Cross 25x

🎯Ent... follow the signal and secure profits at targets.💎",88ca1ec5236f7b912a3014740cff3ac8,2026-09-04T13:13:16+00:00,2026-09-04T13:46:47.820069+00:00,933,khuncoincrypto_signals
1084785,32178,"🚨 #TRADOOR/USDT | LONG

⚡Leverage: Cross 25x

🎯Ent... follow the signal and secure profits at targets.💎",b56f311dd66445fe4ee558b104baff94,2026-09-04T13:13:16+00:00,2026-09-04T13:46:47.781011+00:00,933,khuncoincrypto_signals
1084773,32176,"🔴 Short

Pair: #ZEC/USDT

📊 Entry Price: 

1) 981....95
4) 913.24

Stop Loss: 1042.9

Leverage: 10x-20x",4f95760afa07e1a71ec0ffdd9c157989,2026-09-04T13:13:16+00:00,2026-09-04T13:46:47.583939+00:00,933,khuncoincrypto_signals
1084774,32174,"SOLUSDTUSDT  
Exchanges: BINGX 

🟢 Long
Leverage- ...) 111.73
5) 120.67
6) 130.32
7) 🚀🚀🚀 

⛔️ SL:
97.20",efd91f05ccbb9bc5a0f1570b26dbd674,2026-09-04T13:13:15+00:00,2026-09-04T13:46:47.589268+00:00,933,khuncoincrypto_signals
1084763,32173,"🟢#TAC/USDT

📈Signal: long Leverage: Cross 20X

⚡️E...even after TP1 is hit.

📣Trade Smart • Follow Risk",7afba7828c2e0a25c6d7d92f730cd85d,2026-09-04T13:06:08+00:00,2026-09-04T13:46:47.383201+00:00,933,khuncoincrypto_signals
1087080,32220,"🚨 #SOL/USDT | LONG

⚡Leverage: Cross 100x

🎯Entry ... follow the signal and secure profits at targets.💎",21848b624ee0ad74fe657d95ed7084ae,2026-09-04T14:03:25+00:00,2026-09-04T15:04:07.390261+00:00,933,khuncoincrypto_signals
1087078,32222,"📇 Setup: Q/USDT 

LONG Trade 🛫

✔️ Leverage : 75X
....026200
💰 Target 2 • 0.026700
💰 Target3 • 0.027100",98311afd41a2633f55d844e249706288,2026-09-04T14:03:25+00:00,2026-09-04T15:04:07.380855+00:00,933,khuncoincrypto_signals
1087066,32210,"📇 Setup: USELESS/USDT 

LONG Trade 🛫

✔️ Leverage ... •0.26200
💰 Target 2 • 0.27100
💰 Target3 • 0.29300",16d28cec2dc1f3999b5cea0beeda0d8f,2026-09-04T13:51:47+00:00,2026-09-04T15:04:07.056848+00:00,933,khuncoincrypto_signals
1087064,32212,"ZECUSDTUSDT  
Exchanges: BINGX 

🟢 Short
Leverage-...20
4) 8.46
5) 7.79
6) 7.16
7) 🚀🚀🚀 

⛔️ SL:
1062.54",50d67b35a3582e4b1257bd54a96419ea,2026-09-04T13:51:47+00:00,2026-09-04T15:04:06.828803+00:00,933,khuncoincrypto_signals
1087065,32208,"📈 LONG #Q/USDT

🚀 LEVERAGE : 50x

📊 ENTRY PRICE   ...P🟢0.0272

TP🟢0.0285

STOPLOSS 🔴0.0242


REACTIONS?",bad9d1eb9a7cdacee3aa8ca2fd83ef88,2026-09-04T13:48:26+00:00,2026-09-04T15:04:06.897064+00:00,933,khuncoincrypto_signals
1088750,32260,"🚨 #PROM/USDT | SHORT

⚡Leverage: Cross 25x

🎯Entry... follow the signal and secure profits at targets.💎",41c737ebe9b6954c7023bac456d4a83f,2026-09-04T16:15:16+00:00,2026-09-04T16:58:57.678158+00:00,933,khuncoincrypto_signals
1088747,32257,"🚩 SHORT #TRADOOR/USDT

⚙️ 75X LEVERAGE

🛡 Entry: 0...TP2: 0.6100
TP3: 0.5890

🛑 SL: 0.6900

🔥REACTIONS?",69e90c8bc60d3f18a654c1ca6b57bacf,2026-09-04T16:15:16+00:00,2026-09-04T16:58:57.647193+00:00,933,khuncoincrypto_signals
1088746,32255,"#UAIUSDT — BUY (LONG) 
🎉
🟢 Leverage: Cross  50x

⚡...Risk Management:
Use only 2%– 3%of your portfolio.",c77fb0e22ea69dcc9c80d1075a28b097,2026-09-04T16:15:16+00:00,2026-09-04T16:58:57.618074+00:00,933,khuncoincrypto_signals
1088745,32259,"🚩 SHORT #NOT/USDT

⚙️ 75X LEVERAGE

🛡 Entry: 0.000...04280
TP3: 0.0004140

🛑 SL: 0.0004850

🔥REACTIONS?",6f178bcf22520154191a5f4ad2b35319,2026-09-04T16:15:16+00:00,2026-09-04T16:58:57.592232+00:00,933,khuncoincrypto_signals
1088741,32258,"DOGEUSDTUSDT  
Exchanges: BINGX 

🟢 Short
Leverage....06833000
6) 0.06286000
7) 🚀🚀🚀 

⛔️ SL:
0.09115000",8b0f9c1cfe4480c694e7077f5fbe6995,2026-09-04T16:15:16+00:00,2026-09-04T16:58:57.555799+00:00,933,khuncoincrypto_signals
1088740,32253,"🚀 LONG: $TRIA/USDT
LEVERAGE: 50x

✔️ENTRY PRICE: 0....005500-0.005880

STOP LOSS:  0.004870

REACTIONS?",051f25931b4dea4506da2b484a962287,2026-09-04T15:50:54+00:00,2026-09-04T16:58:57.484570+00:00,933,khuncoincrypto_signals
1088735,32251,"Doge/Usdt long 🟢
with 0.5% Wallet on market price ...te movement pe jo 5% around the liq manage 0.07946",39c4835638b9db8b5d95c61e942f4caa,2026-09-04T15:50:54+00:00,2026-09-04T16:58:57.336872+00:00,933,khuncoincrypto_signals
1088736,32247,"🟢 LONG  - $ICNTUSDT

- Entry market: 0.1145
- Entr... the funds if trading without caution & knowledge.",3f14cf8399e92026490363c3b00a08eb,2026-09-04T15:43:27+00:00,2026-09-04T16:58:57.347943+00:00,933,khuncoincrypto_signals
1088729,32245,"🚨 SHORT
CLO/USDT
ENTRY 0.12110

🚀 0.11958
🚀 0.1185... CROSS )
LEVRAGE 10x- 40x

1% WALLET 

DCA 0.12494",20712060c4cce84ca6073881a9d519c7,2026-09-04T15:43:27+00:00,2026-09-04T16:58:57.307785+00:00,933,khuncoincrypto_signals
1088731,32243,"BTCUSDTUSDT  
Exchanges: BINGX 

🟢 Long
Leverage- ...5) 108430.97
6) 117105.45
7) 🚀🚀🚀 

⛔️ SL:
78100.00",c9767cd711cdf6d16cde3211e99332f7,2026-09-04T15:13:35+00:00,2026-09-04T16:58:57.311895+00:00,933,khuncoincrypto_signals
1088725,32244,"🟢LONG  #BTCUSDT

🔶 Entry : 79000 - 78900

➡️ Lever...ake Profit Targets :

👉 79700

🛑 Stop Loss : 78100",45a6cb547609dae919ea7b3795332fa5,2026-09-04T15:13:35+00:00,2026-09-04T16:58:57.169689+00:00,933,khuncoincrypto_signals
1088737,32239,"SHORT🚨

ENA/USDT

MARKET PRICE

Leverage: 10X/20x
... 5% of Your capital

Apply proper risk management📈",9998801e2d7bdbc79108a68c903f36e8,2026-09-04T15:06:10+00:00,2026-09-04T16:58:57.368660+00:00,933,khuncoincrypto_signals
1088732,32242,"#TAC  /USDT BUY (LONG) 

⚡️Leverage : Cross 25x to...02510

⚠️Use only 3% - 5% amount of your portfolio",9f4b3a9c832a032e88db975631c0f5a5,2026-09-04T15:06:10+00:00,2026-09-04T16:58:57.319642+00:00,933,khuncoincrypto_signals
1088730,32238,"🚀 #TRIA/USDT LONG SIGNAL 🚀
📍 Entry: 0.004915


🎯 T... your risk, and let's catch this move together! 🪙🔥",4997a7274f47da5628f22a5abea981b3,2026-09-04T15:06:10+00:00,2026-09-04T16:58:57.281989+00:00,933,khuncoincrypto_signals
1088728,32240,"SHORT🚨

HYPE/USDT

MARKET PRICE

Leverage: 10X/20x... 5% of Your capital

Apply proper risk management📈",f340a0dec8a1439a0231af49272131ad,2026-09-04T15:06:10+00:00,2026-09-04T16:58:57.275116+00:00,933,khuncoincrypto_signals
1088727,32231,"🚀 #MARSCOIN/USDT SHORT SIGNAL 🚀
📍 Entry: 0.1750


... your risk, and let's catch this move together! 🪙🔥",8ad713515b3948ec5d96031188c0732d,2026-09-04T15:06:09+00:00,2026-09-04T16:58:57.240212+00:00,933,khuncoincrypto_signals
1088722,32236,"#TRIA /USDT BUY (LONG) 

⚡️Leverage : Cross 25x to...04510

⚠️Use only 3% - 5% amount of your portfolio",be1ff2d28409184e9284c830c46cfdd2,2026-09-04T15:06:09+00:00,2026-09-04T16:58:57.135456+00:00,933,khuncoincrypto_signals
1088719,32233,"🚀 #USELESS/USDT SHORT SIGNAL 🚀
📍 Entry: 0.2425


🎯... your risk, and let's catch this move together! 🪙🔥",82ce395a2985311b6cdd6a0c8d2d19ae,2026-09-04T15:06:09+00:00,2026-09-04T16:58:57.007654+00:00,933,khuncoincrypto_signals
1088718,32234,"$WLDUSDT

SHORT

RR : 2

LEVERAGE : 15x

ENTRY : 0...827

TAKE PROFITS 👇

1️⃣ 0.3566

STOPLOSS : 0.3954",b1c2da43248dd4f3e1b168c120e9126e,2026-09-04T15:06:09+00:00,2026-09-04T16:58:57.005231+00:00,933,khuncoincrypto_signals
1092294,32282,"🚨 #UAI/USDT | LONG

⚡Leverage: Cross 25x

🎯Entry T... follow the signal and secure profits at targets.💎",bbc1df77af7612cf6e62f46b67771e18,2026-09-04T19:31:06+00:00,2026-09-04T19:34:01.331761+00:00,933,khuncoincrypto_signals
1092291,32281,"AVAXUSDTUSDT  
Exchanges: BINGX 

🟢 Long
Leverage-... 7.81
4) 8.25
5) 8.91
6) 9.63
7) 🚀🚀🚀 

⛔️ SL:
6.78",5a782654aee1552b68e0c3cc75241104,2026-09-04T19:31:06+00:00,2026-09-04T19:34:01.186906+00:00,933,khuncoincrypto_signals
1092290,32279,"🚨 #4/USDT | LONG

⚡Leverage: Cross 50x

🎯Entry Tar... follow the signal and secure profits at targets.💎",4765334b4a98858b078ceae6218b0dc7,2026-09-04T19:31:06+00:00,2026-09-04T19:34:01.161764+00:00,933,khuncoincrypto_signals
1090336,32273,"🔰 PAIR: CRV/ USDT 💹

🟢Position: LONG🚀

☑️ Entry Zo...:
🥇 0.3548
🥈 0.3576
🥉 0.3611

❌ Stop Loss: 🔴0.3505",eabde1284f54b48cdacee9f3c060eeb3,2026-09-04T17:26:06+00:00,2026-09-04T18:15:42.936800+00:00,933,khuncoincrypto_signals
1090335,32270,"🚩 SHORT #FLOCK/USDT

⚙️ 75X LEVERAGE

🛡 Entry: 0.0...: 0.05680
TP3: 0.05490

🛑 SL: 0.06450

🔥REACTIONS?",8743eb91fd44ccd51fa1a590ab9f48f3,2026-09-04T17:26:06+00:00,2026-09-04T18:15:42.929619+00:00,933,khuncoincrypto_signals
1090334,32274,"⚡️⚡️#XRP/USDT⚡️⚡️

Signal Type : Long
Leverage : 2...
1) 1.3869
2) 1.4120
3) 1.4331

Stop Loss : 1.3419",1511e99bbd0d77d8aa6779cefcf936ee,2026-09-04T17:26:06+00:00,2026-09-04T18:15:42.926827+00:00,933,khuncoincrypto_signals
1090332,32272,"✅Entry  0.02230 - 0.02220

(LONG SKRUSDT  5-20x🆘)
...$0.02356
🏹Target 6  $0.02380

🚫Stop loss - 0.02130",b7fcc4aebb4302f635717d2cbcf431f1,2026-09-04T17:26:06+00:00,2026-09-04T18:15:42.901697+00:00,933,khuncoincrypto_signals
1093742,32323,"#PUMP $PUMP LONG TRADE

ENTRY: 0.00427

TARGETS: 0.004438 - 0.004915

STOPLOSS: 0.00416",9a4f9c67de6396aa0bf5c9be7ad4337f,2026-09-04T21:41:57+00:00,2026-09-04T22:08:36.769791+00:00,933,khuncoincrypto_signals
1094802,32327,"🔴 SHORT

#DASH/USDT

Entry zone : 59.66 - 57.93

T....14
52.39
50.65

Stop loss :61.9851

Leverage: 10x",f411d5396acb5d21a798a40ecc6bb7a1,2026-09-04T22:42:49+00:00,2026-09-05T00:27:05.496289+00:00,933,khuncoincrypto_signals
1098962,32446,"📊 #MYX/USDT

🟢 POSITION: LONG

💰 ENTRY RANGE
➤ 0.0...
➤ 0.068

━━━━━━━━━━━━━━━━━━

✅ Manage risk wisely",f6cd5bc356cfed165b11b05524290f2b,2026-09-05T07:12:50+00:00,2026-09-05T07:13:06.398882+00:00,933,khuncoincrypto_signals
1098957,32447,"🔴 SHORT

#ALGO/USDT

Entry : 

1) 0.092550
2) 0.09...6146

🛑 Stop : 0.098380

Leverage : 10x (isolated)",b6c1fd4b706f018f59fb97d0516c8672,2026-09-05T07:12:50+00:00,2026-09-05T07:13:06.348962+00:00,933,khuncoincrypto_signals
1098955,32448,"$LTC LONG 🟢

10x-15x Lev 

Entry -  53.60-51.50$

TP - 57$- 60$$

SL: 49$",2413ce203c3b0851eb1ea0b4b72858fe,2026-09-05T07:12:50+00:00,2026-09-05T07:13:06.304396+00:00,933,khuncoincrypto_signals
1098954,32449,"#AKE/USDT BUY (LONG) 

⚡️Leverage : Cross 25x to 5...01760

⚠️Use only 3% - 5% amount of your portfolio",1e514e358c1a18a380caf1d92aa87770,2026-09-05T07:12:50+00:00,2026-09-05T07:13:06.302490+00:00,933,khuncoincrypto_signals
1098950,32445,"💵 𝐒𝐈𝐆𝐍𝐀𝐋 𝐀𝐋𝐄𝐑𝐓 💵

#AKE/USDT (25xLONG)

✅ ENTRY:0.0...ETS:-0.01920/0.02050/0.02250

❌ STOP LOSS: 0.01540",ba5e8776c4e6f5902b5bdb14492d551a,2026-09-05T07:12:49+00:00,2026-09-05T07:13:06.163913+00:00,933,khuncoincrypto_signals
1098952,32435,"📊#TUT/USDT–LONG–30x 🚀

📍 𝐄𝐧𝐭𝐫𝐲 𝐙𝐨𝐧𝐞:

➥ 0.0206, 0....tal.

⚠️ Disclaimer:
Trade at your own risk. DYOR.",656d80af83b97cacaf9801bab3838eae,2026-09-05T07:12:44+00:00,2026-09-05T07:13:06.183793+00:00,933,khuncoincrypto_signals
1098951,32443,"#SHORT 🔴 🔤🔤🔤🔤🔤

#TAC/USDT 

Margin Mode : Isolated...7

🟩 SL : 0.002568 - 100%

📊 LEV : 20X

🇯🇵 Premium",624fb633f50ee65ad357e9157d472ef1,2026-09-05T07:12:44+00:00,2026-09-05T07:13:06.182885+00:00,933,khuncoincrypto_signals
1098949,32444,"$XMR LONG 🟢

10x-15x Lev 

Entry -  532$

TP - 570$- 610$

SL: 499$",cd8f6970365339b86c97f1c90d44f388,2026-09-05T07:12:44+00:00,2026-09-05T07:13:06.073292+00:00,933,khuncoincrypto_signals
1098948,32439,"LAUSDTUSDT  
Exchanges: BINGX 

🟢 Long
Leverage- C....07370000
6) 0.07500000
7) 🚀🚀🚀 

⛔️ SL:
0.06640000",e1481e62e3c54ee88250b8aa674ceb07,2026-09-05T07:12:44+00:00,2026-09-05T07:13:06.058306+00:00,933,khuncoincrypto_signals
1098947,32441,"🚀 $4/USDT PERP 🚀

🟢 LONG

💰 Entry : 0.027$ – 0.023... 5X – 25X

⛔️ SL : 0.020$

📌 Use Only 2-5% Capital",9bd3b43f068f29804aca4bd3d2c839cf,2026-09-05T07:12:44+00:00,2026-09-05T07:13:06.052685+00:00,933,khuncoincrypto_signals
1098946,32442,"🟢 Long

#BCH/USDT

Entry : 

1) 245.79
2) 238.41

...262.60

🛑 Stop : 230.30

Leverage : 10x (isolated)",1a46fc6f81e52773a2184419f5ce4caf,2026-09-05T07:12:44+00:00,2026-09-05T07:13:06.044992+00:00,933,khuncoincrypto_signals
1098945,32440,"🟢 4/USDT 📈

📈 long Setup 

💰 Entry Zone: 0.0258–0....et 1. 
✅ Move SL to breakeven after Target 1 hits.",51c92a4ae5fdfefb7c5fe6349526c334,2026-09-05T07:12:44+00:00,2026-09-05T07:13:06.039686+00:00,933,khuncoincrypto_signals
1098910,32432,"#NOM/USDT LONG     

👉Leverage : Cross 10× To 30×
...00192
2)  0.00202
3)  0.00214

⭕Stoploss : 0.00175",da6dac38f119d39acd2fe992f95e188f,2026-09-05T07:12:44+00:00,2026-09-05T07:12:51.900861+00:00,933,khuncoincrypto_signals
1098942,32420,"📊 Let’s SHORT #BE/USDT

💥 Leverage:  Cross 20×  - ...: 

1) 255.0
2) 230.0
3) 200.0

🔖 Stop Loss: 275.0",c137893426375d5b62a2be396b753ba9,2026-09-05T07:12:43+00:00,2026-09-05T07:12:52.128403+00:00,933,khuncoincrypto_signals
1098936,32422,"#ACUUSDT — BUY (LONG) 
🎉
🟢 Leverage: Cross  50x

⚡...Risk Management:
Use only 2%– 3%of your portfolio.",9b6f0acc147d63a443b213c4fb4d02e0,2026-09-05T07:12:43+00:00,2026-09-05T07:12:52.093049+00:00,933,khuncoincrypto_signals
1098935,32421,"📊 Let’s SHORT #CLO/USDT

💥 Leverage:  Cross 10×  -...) 0.1170
2) 0.1090
3) 0.0960

🔖 Stop Loss: 0.13255",89f4fcf8e7fc9ffe3b13019e1dc7ce4e,2026-09-05T07:12:43+00:00,2026-09-05T07:12:52.063824+00:00,933,khuncoincrypto_signals
1098919,32425,"⌛#BICO/USDT  ( LONG )

🍁 Leverage 👉 20X to 25X 

⛩... 0.02414 | 0.02438 | 0.02469

🔕 Stoploss = 0.02228",a4c1f69d06b4139686fe831f1c608537,2026-09-05T07:12:43+00:00,2026-09-05T07:12:51.981897+00:00,933,khuncoincrypto_signals
1102824,32463,"Short #AKE 50x 0.017900

Tp: 0.017300",ffdcb21fb8acc317eaf4e578b1c59994,2026-09-05T07:45:30+00:00,2026-09-05T08:39:12.014016+00:00,933,khuncoincrypto_signals
1102821,32466,"Coin #AKE/USDT

Position: LONG 

Leverage:  Cross ...rgets: 🎯 0.0186, 0.0192, 0.0199

Stop Loss: 0.0168",c39cc0ca00a8233bb2e28db31e30b985,2026-09-05T07:45:30+00:00,2026-09-05T08:39:11.974276+00:00,933,khuncoincrypto_signals
1102823,32461,"DASHUSDTUSDT  
Exchanges: BINGX 

🟢 Long
Leverage-...5
4) 91.96
5) 99.32
6) 107.26
7) 🚀🚀🚀 

⛔️ SL:
1.00",98433e4efbdbdd46e526f4110b64ad59,2026-09-05T07:31:44+00:00,2026-09-05T08:39:11.978595+00:00,933,khuncoincrypto_signals
1102820,32459,B/USDT LONG NOW 📈,d88bf57ade9fd6d34f788e4ff598fd1a,2026-09-05T07:31:44+00:00,2026-09-05T08:39:11.975684+00:00,933,khuncoincrypto_signals
1102819,32460,"🚩 LONG #B/USDT

⚙️ 75X LEVERAGE

🛡 Entry: 0.2035

...TP2: 0.2099
TP3: 0.2170

🛑 SL: 0.1850

🔥REACTIONS?",ab82d1ef877d5298b36c56ec0c2f4499,2026-09-05T07:31:44+00:00,2026-09-05T08:39:11.959557+00:00,933,khuncoincrypto_signals
1106104,32517,"🔘 Coin : #AKE/USDT 🔘

🔴 SHORT

🔺Entry🔻: 0.018966

... 0.017449

♦️ StopLoss : 0.019664

🔱 Leverage: 25x",4153689b7a2ffe7aedd1a269a0cfcf23,2026-09-05T10:06:37+00:00,2026-09-05T10:09:13.024287+00:00,933,khuncoincrypto_signals
1106103,32513,"🔰 PAIR: HYPE/ USDT 💹

🟢Position: LONG🚀

☑️ Entry Z...:
🥇 84.932
🥈 85.103
🥉 85.526

❌ Stop Loss: 🔴84.272",d2b3aa71031216f50a17043191ebf594,2026-09-05T10:06:37+00:00,2026-09-05T10:09:12.915113+00:00,933,khuncoincrypto_signals
1106102,32508,"✅Entry 0.001920 - 0.001880

(🆘LONG NOMUSDT 5-20x🆘)....002023
🏹Target 6  $0.002054

🚫Stop loss -0.001825",6f80b4e3bbc72f8cb9a2d486c27e46ca,2026-09-05T10:06:37+00:00,2026-09-05T10:09:12.879961+00:00,933,khuncoincrypto_signals
1106100,32512,"📇 Setup: B/USDT 

SHORT Trade 🛫

✔️ Leverage : 75X... 1 •0.1850
💰 Target 2 • 0.18150
💰 Target3 • 0.1770",3e501516bbe0f24b24ac83ae66f0256d,2026-09-05T10:06:37+00:00,2026-09-05T10:09:12.873299+00:00,933,khuncoincrypto_signals
1106091,32516,"HYPEUSDTUSDT  
Exchanges: BINGX 

🟢 Long
Leverage-...
4) 92.37
5) 99.76
6) 107.74
7) 🚀🚀🚀 

⛔️ SL:
84.27",1b5b3689d2d2e94dc8c888090ce800fc,2026-09-05T10:06:37+00:00,2026-09-05T10:09:12.741184+00:00,933,khuncoincrypto_signals
1106090,32510,"📇 Setup: 4/USDT 

SHORT Trade 🛫

✔️ Leverage : 50X... •0.02450
💰 Target 2 • 0.02410
💰 Target3 • 0.02360",244f951151efbbb39225be1b11e30aad,2026-09-05T10:06:37+00:00,2026-09-05T10:09:12.740202+00:00,933,khuncoincrypto_signals
1106080,32514,"Pair: #B/USDT

Short • (20X)

Entry
0.19500

Targe... your own risk. Always use proper risk management.",06cca87334a0a0a249b87353d3ae64a5,2026-09-05T10:06:37+00:00,2026-09-05T10:09:12.624341+00:00,933,khuncoincrypto_signals
1106070,32515,"Pair: #Q/USDT

Short • (20X)

Entry
0.028480

Targ... your own risk. Always use proper risk management.",3096d2844b5c9eb636133583b6f5146b,2026-09-05T10:06:37+00:00,2026-09-05T10:09:12.571229+00:00,933,khuncoincrypto_signals
1106101,32506,"🚀 #SOMI/USDT LONG SIGNAL 🚀
📍 Entry: 0.1215


🎯 Tak... your risk, and let's catch this move together! 🪙🔥",4882a262060c3adee2bc3692f0da62b2,2026-09-05T09:51:50+00:00,2026-09-05T10:09:12.881212+00:00,933,khuncoincrypto_signals
1106064,32505,SOMI LONG 0.1215 TP1 0.1240,9b31a26a744c5f33234fd95447993eba,2026-09-05T09:51:49+00:00,2026-09-05T10:09:12.333134+00:00,933,khuncoincrypto_signals
1106081,32504,"🔘 Coin : #UAI/USDT 🔘

🔴 SHORT

🔺Entry🔻: 0.4684

⭐️...95 - 0.4401

♦️ StopLoss : 0.4851

🔱 Leverage: 25x",74547cf06904328c0bf6d0b95fd8e69a,2026-09-05T09:32:33+00:00,2026-09-05T10:09:12.636298+00:00,933,khuncoincrypto_signals
1106098,32503,"Pair: #DASH/USDT

Short • (10X-50X)

Entry
66.60 -... your own risk. Always use proper risk management.",dd5face5b6372223f9ecfdfd1eee2396,2026-09-05T09:32:32+00:00,2026-09-05T10:09:12.845618+00:00,933,khuncoincrypto_signals
1106093,32502,"TRUMPUSDTUSDT  
Exchanges: BINGX 

🟢 Short
Leverag... 2.33
4) 2.30
5) 2.22
6) 2.18
7) 🚀🚀🚀 

⛔️ SL:
2.54",d31c3f6597c6cd9a93cf79efb15fe27c,2026-09-05T09:26:37+00:00,2026-09-05T10:09:12.760603+00:00,933,khuncoincrypto_signals
1106078,32499,"🚀 LONG: $AKE/USDT
LEVERAGE: 50x

✔️ENTRY PRICE: 0....0-0.02080-0.02200

STOP LOSS:  0.01830

REACTIONS?",3885efa4fe620bff4b217259f9ed9c5c,2026-09-05T09:26:37+00:00,2026-09-05T10:09:12.614627+00:00,933,khuncoincrypto_signals
1106097,32482,"⭐️$UB/USDT  LONG 

🛡Leverage : Cross 25x50

‼️Entr....13430

Use only 3% - 5% amount of your portfolio🛍",c8b154c7a72184b70bac38bd21eee5a3,2026-09-05T09:22:34+00:00,2026-09-05T10:09:12.834866+00:00,933,khuncoincrypto_signals
1106092,32493,"#UAI/USDT LONG     

👉Leverage : Cross 10× To 30×
...
1)  0.480
2)  0.497
3)  0.530

⭕Stoploss : 0.4435",88cf9362e4aac7bb034fcde508f8592e,2026-09-05T09:22:34+00:00,2026-09-05T10:09:12.751610+00:00,933,khuncoincrypto_signals
1106089,32484,"🟢 LONG  - $MAV

-  Entry market: 0.01122
- Entry l... the funds if trading without caution & knowledge.",881dfc34a236b4da5a5867264543bf70,2026-09-05T09:22:34+00:00,2026-09-05T10:09:12.734331+00:00,933,khuncoincrypto_signals
1106087,32494,"🔴 Short

Pair: #BNB/USDT

📊 Entry Price: 

1) 748....
4) 697.115

Stop Loss: 796.112

Leverage: 10x-20x",da69c7bd61298a6cf4982bd98489fbaf,2026-09-05T09:22:34+00:00,2026-09-05T10:09:12.730428+00:00,933,khuncoincrypto_signals
1106084,32487,"📈 LONG #UAI/USDT

🚀 LEVERAGE : 50x

📊 ENTRY PRICE ...7

TP🟢0.490

TP🟢0.520

STOPLOSS 🔴0.440

REACTIONS?",8a5d4bd464804bddce9409811c151427,2026-09-05T09:22:34+00:00,2026-09-05T10:09:12.649289+00:00,933,khuncoincrypto_signals
1106083,32483,"UBUSDTUSDT  
Exchanges: BINGX 

🟢 Long
Leverage- C....17575000
6) 0.18981000
7) 🚀🚀🚀 

⛔️ SL:
0.13430000",afdf6bfa12c0c05c89f03dfc4283f0bb,2026-09-05T09:22:34+00:00,2026-09-05T10:09:12.648250+00:00,933,khuncoincrypto_signals
1106085,32498,"#4/USDT SHORT     

👉Leverage : Cross 10× To 30×

...  0.0249
2)  0.0239
3)  0.0227

⭕Stoploss : 0.0285",b58893f54bd6168ade94343dd462d0e4,2026-09-05T09:22:34+00:00,2026-09-05T10:09:12.643655+00:00,933,khuncoincrypto_signals
1106076,32492,"COIN: #UAI/USDT (LONG) SETUP

📊 Leverage 25x to 50...ENT IS KEY
Use only 1–2% of your capital per trade",81d45760a07bf5d2578fc63dbb9a291a,2026-09-05T09:22:34+00:00,2026-09-05T10:09:12.601872+00:00,933,khuncoincrypto_signals
1106068,32497,"Coin #AKE/USDT

Position: LONG 

Leverage:  Cross ...rgets: 🎯 0.0187, 0.0194, 0.0202

Stop Loss: 0.0172",0e7af6654dd50fe2c1b12204c9a9b7ce,2026-09-05T09:22:34+00:00,2026-09-05T10:09:12.560905+00:00,933,khuncoincrypto_signals
1106067,32488,"SOL/USDT My Short Trade Idea 💡

Leverage 100X

Ent....500

Stop Loss   101.500

Follow Money Management",fc6f7b10a7b512fa2ebd87b4fe860462,2026-09-05T09:22:34+00:00,2026-09-05T10:09:12.479393+00:00,933,khuncoincrypto_signals
1106095,32476,"Coin #FLOCK/USDT

Position: LONG 

Leverage:  Cros...rgets: 🎯 0.0520, 0.0535, 0.0550

Stop Loss: 0.0475",69cfa9ed8758516f83d74deb391a710e,2026-09-05T09:22:33+00:00,2026-09-05T10:09:12.781537+00:00,933,khuncoincrypto_signals
1106077,32478,"✅ Long

#ZEC/USDT

Entry zone : 974.306 - 1004.44
...099.35
1129.34

Stop loss :934.1292

Leverage: 10x",ab688b9198dc2b16a557634c9a0716c0,2026-09-05T09:22:33+00:00,2026-09-05T10:09:12.610900+00:00,933,khuncoincrypto_signals
1106073,32475,"#MUBARAKUSDT — BUY (LONG) 
🎉
🟢 Leverage: Cross  50...Risk Management:
Use only 2%– 3%of your portfolio.",51b17c9bd2e3bdb71781086799535897,2026-09-05T09:22:33+00:00,2026-09-05T10:09:12.593516+00:00,933,khuncoincrypto_signals
1106074,32477,"Coin #UAI/USDT

Position: LONG 

Leverage:  Cross ...rgets: 🎯 0.4800, 0.4950, 0.5100

Stop Loss: 0.4350",3d91726e1a79e61ad18a096f53c4b5bb,2026-09-05T09:22:33+00:00,2026-09-05T10:09:12.587065+00:00,933,khuncoincrypto_signals
1106069,32480,"🚀 #ZKP/USDT LONG SIGNAL 🚀
📍 Entry: 0.04978


🎯 Tak... your risk, and let's catch this move together! 🪙🔥",e374f6c5bc0d0212782315c8ebb6f8a4,2026-09-05T09:22:33+00:00,2026-09-05T10:09:12.562508+00:00,933,khuncoincrypto_signals
1106062,32479,ZKP LONG 0.04979 TP1 0.05085,5121d37045cac4e1200ed4e97c96f336,2026-09-05T09:22:33+00:00,2026-09-05T10:09:12.215713+00:00,933,khuncoincrypto_signals
1106061,32471,#MAGMA/USDT SHORT NOW 📉,aba7031e9846205ecb67b6273f3e2595,2026-09-05T09:22:33+00:00,2026-09-05T10:09:12.195500+00:00,933,khuncoincrypto_signals
1106060,32472,"🚩 SHORT #MAGMA/USDT

⚙️ 50X LEVERAGE

🛡 Entry: 0.2...: 0.22500
TP3: 0.21200

🛑 SL: 0.27000

🔥REACTIONS?",93f315e828b5337b3126fbe071e2361d,2026-09-05T09:22:33+00:00,2026-09-05T10:09:12.095921+00:00,933,khuncoincrypto_signals
1107618,32520,"🚀 LONG: $1000CAT/USDT🚀
LEVERAGE: 20X-50X

🤍 ENTRY ...30- 0.0027
—————

❌ STOP LOSS: 0.0020❌


REACTIONS",8852841316ea1d138c20254d240cced2,2026-09-05T11:06:31+00:00,2026-09-05T11:30:02.109307+00:00,933,khuncoincrypto_signals
1107617,32522,"BANANAUSDTUSDT  
Exchanges: BINGX 

🟢 Long
Leverag... 4.85
4) 5.24
5) 5.66
6) 6.11
7) 🚀🚀🚀 

⛔️ SL:
5.00",a03219fdaa6b70107170f6fbf373e7ab,2026-09-05T11:06:31+00:00,2026-09-05T11:30:02.108199+00:00,933,khuncoincrypto_signals
1107616,32519,"CTRUSDT - LONG ( Swing trade ) 📈

Entry : Market p...*0.011
0.0113
0.0118
0.0125*

Stoploss at : 0.0083",fc053a7aee278c2e03424404c87f19f3,2026-09-05T11:06:31+00:00,2026-09-05T11:30:02.099598+00:00,933,khuncoincrypto_signals
1108994,32529,"💰#AKE / USDT👑

💎Setup Type: Strong LONG  🔖Opportun...➝ 0.025000

4️⃣TP ➝ 0.037000

🚫Stop Loss: 0.015000",8fec6e8d2c0319038426ab3a6beac40a,2026-09-05T12:28:14+00:00,2026-09-05T13:11:13.171970+00:00,933,khuncoincrypto_signals
1108993,32526,"⭐️$FLOCK/USDT  SHORT

🛡Leverage : Cross 25x50

‼️E....06683

Use only 3% - 5% amount of your portfolio🛍",6d43efdc7c43bd1fe08dee320a0c86ac,2026-09-05T12:28:14+00:00,2026-09-05T13:11:13.166344+00:00,933,khuncoincrypto_signals
1108992,32527,"🚨 #AKE/USDT | LONG

⚡Leverage: Cross 25x

🎯Entry T... follow the signal and secure profits at targets.💎",29ada89c5623581f17ea3d46b1073fa7,2026-09-05T12:28:14+00:00,2026-09-05T13:11:13.146910+00:00,933,khuncoincrypto_signals
1108989,32524,"Long 

 $LINK:

TP: 12.1
SL: 11.6 

I typed wrong guys, no problem!",f3a7af251ae2b8fbec2c19ba6f7b89f2,2026-09-05T12:28:14+00:00,2026-09-05T13:11:13.140567+00:00,933,khuncoincrypto_signals
1114409,32606,"SUSHIUSDTUSDT  
Exchanges: BINGX 

🟢 Long
Leverage....21848000
6) 0.23596000
7) 🚀🚀🚀 

⛔️ SL:
0.17740000",bbaf5d45212d8e2d26cad8018bcb1216,2026-09-05T16:07:39+00:00,2026-09-05T16:07:53.695995+00:00,933,khuncoincrypto_signals
1114339,32594,"LONG —AAVE

Entry: 131.01

Targets: 132.35 / 134.6... 144.30

Stop: 124.41

Move SL to entry after TP1.",1cb47b7d77a9cdf67b7822f5a443dabc,2026-09-05T16:01:54+00:00,2026-09-05T16:07:40.513705+00:00,933,khuncoincrypto_signals
1114340,32593,"🚨 #TRADOOR/USDT | LONG

⚡Leverage: Cross 25x

🎯Ent... follow the signal and secure profits at targets.💎",f14cabeccbe53ed90712bc7da67b5f2e,2026-09-05T15:28:10+00:00,2026-09-05T16:07:40.514786+00:00,933,khuncoincrypto_signals
1114333,32583,"📇 Setup: AKE/USDT 

LONG Trade 🛫

✔️ Leverage : 75....019900
💰 Target 2 • 0.020200
💰 Target3 • 0.020600",5cee648926bfb03c871cf3e8b5e05570,2026-09-05T15:28:10+00:00,2026-09-05T16:07:40.472510+00:00,933,khuncoincrypto_signals
1114324,32574,"🔴 SHORT

#ADA/USDT

Entry zone : 0.22237 - 0.21590....19528
0.18877

Stop loss :0.231013

Leverage: 10x",277bb5128deae2812e506309293bf5b3,2026-09-05T15:28:10+00:00,2026-09-05T16:07:40.417467+00:00,933,khuncoincrypto_signals
1114319,32579,"AKEUSDTUSDT  
Exchanges: BINGX 

🟢 Long
Leverage- ....02461000
6) 0.02658000
7) 🚀🚀🚀 

⛔️ SL:
0.01760000",5944b7f1e07f689466da7ebdaa57eca9,2026-09-05T15:28:10+00:00,2026-09-05T16:07:40.373007+00:00,933,khuncoincrypto_signals
1114318,32573,"🔴 Short

Pair: #DOGE/USDT

📊 Entry Price: 

1) 0.0...) 0.081083

Stop Loss: 0.092597

Leverage: 10x-20x",23cc5b20dc4d49bd8c10aca280863197,2026-09-05T15:28:10+00:00,2026-09-05T16:07:40.361025+00:00,933,khuncoincrypto_signals
1114311,32592,"🚩 LONG #UAI/USDT

⚙️ 50X LEVERAGE

🛡 Entry: 0.4675...TP2: 0.4900
TP3: 0.5150

🛑 SL: 0.4000

🔥REACTIONS?",d6066c412b05368c868f19fd4c6efac9,2026-09-05T15:28:10+00:00,2026-09-05T16:07:40.299804+00:00,933,khuncoincrypto_signals
1114309,32590,"➡️ #1000CAT   /USDT (SHORT) 🔽🔽

⌛LEVERAGE : 20X TO...9


💥Use only 1%margin of your total portfolio❤️😘😇",381c646c8d61e6a42f94d97335cc6018,2026-09-05T15:28:10+00:00,2026-09-05T16:07:40.281648+00:00,933,khuncoincrypto_signals
1114300,32577,"🚀 #TUT/USDT LONG SIGNAL 🚀
📍 Entry: 0.02905


🎯 Tak... your risk, and let's catch this move together! 🪙🔥",b67d0167f757a40fc597062f6fa01ef1,2026-09-05T15:28:10+00:00,2026-09-05T16:07:40.195778+00:00,933,khuncoincrypto_signals
1114299,32589,"PEPEUSDTUSDT  
Exchanges: BINGX 

🟢 Long
Leverage-... 3.78
4) 4.00
5) 6.00
6) 6.00
7) 🚀🚀🚀 

⛔️ SL:
3.28",f5069b55bfb2fd130ab3615e3dbfdfa1,2026-09-05T15:28:10+00:00,2026-09-05T16:07:40.195088+00:00,933,khuncoincrypto_signals
1114294,32575,"#SHORT 🔴 🔤🔤🔤🔤🔤

#NEAR/USDT 

Margin Mode : Isolate....003

🟩 SL : 2.302 - 100%

📊 LEV : 20X

🇯🇵 Premium",7ec4635b6cac295749c2995a2e2a07c1,2026-09-05T15:28:10+00:00,2026-09-05T16:07:40.152887+00:00,933,khuncoincrypto_signals
1114285,32578,"📈 LONG #4/USDT

🚀 LEVERAGE : 50x

📊 ENTRY PRICE   ...P🟢0.0275

TP🟢0.0290

STOPLOSS 🔴0.0235


REACTIONS?",e1f870cc4f1b00c8c3f2e8c706d71cdb,2026-09-05T15:28:10+00:00,2026-09-05T16:07:39.905473+00:00,933,khuncoincrypto_signals
1114283,32581,"⭐️$AKE/USDT  LONG

🛡Leverage : Cross 25x50

‼️Entr...015548

Use only 3% - 5% amount of your portfolio🛍",05fdfb2f43b3c561129e1dc624df5954,2026-09-05T15:28:10+00:00,2026-09-05T16:07:39.871574+00:00,933,khuncoincrypto_signals
1114329,32569,"🔴 SHORT

#ALGO/USDT

Entry : 

1) 0.096650
2) 0.09...9963

🛑 Stop : 0.102738

Leverage : 10x (isolated)",e3fdbcb1e3a0f2583a5525689cc3931e,2026-09-05T15:28:09+00:00,2026-09-05T16:07:40.450583+00:00,933,khuncoincrypto_signals
1114322,32570,"LTCUSDTUSDT  
Exchanges: BINGX 

🟢 Short
Leverage-...1
4) 51.07
5) 49.48
6) 48.41
7) 🚀🚀🚀 

⛔️ SL:
56.39",f360eac1d419f89dcaf765a137aa0ef5,2026-09-05T15:28:09+00:00,2026-09-05T16:07:40.383927+00:00,933,khuncoincrypto_signals
1116437,32623,"✨OP/USDT

🎗 Trade Type = SHORT 🔴

⭐️ Leverage :- 2...[ 0.0989, 0.0980, 0.0970, 0.0959, 0.0949, 0.0938 ]",4b4fd0630be4225bf0dd4a30f6527ed2,2026-09-05T17:28:13+00:00,2026-09-05T17:56:15.947368+00:00,933,khuncoincrypto_signals
1116446,32619,"🟢 SPOT SIGNAL — BINANCE

#OPN/USDT 🥂

📍 BUY ZONE: ...⚠️ Spot Trade — No Leverage
📌 Manage Risk Properly",f879a1289a73e1bda319c8c266505bd4,2026-09-05T17:28:12+00:00,2026-09-05T17:56:15.990046+00:00,933,khuncoincrypto_signals
1116439,32618,"NIULAIUSDTUSDT  
Exchanges: BINGX 

🟢 Short
Levera....08887000
6) 0.08176000
7) 🚀🚀🚀 

⛔️ SL:
0.13880000",1492dc42ff92d278bab9b442379b712f,2026-09-05T17:28:12+00:00,2026-09-05T17:56:15.948060+00:00,933,khuncoincrypto_signals
1119861,32698,"✅ Long

#ONT/USDT

Entry zone : 0.053970 - 0.05564...0897
0.062558

Stop loss :0.0517452

Leverage: 10x",5fbeb3cb529b6784127ff961d73d9e6d,2026-09-05T20:26:06+00:00,2026-09-05T20:59:10.594398+00:00,933,khuncoincrypto_signals
1119860,32697,"NEARUSDTUSDT  
Exchanges: BINGX 

🟢 Short
Leverage... 2.12
4) 2.06
5) 2.00
6) 1.84
7) 🚀🚀🚀 

⛔️ SL:
2.30",e83ff013fe59e76b0dc276425feb3e18,2026-09-05T20:26:05+00:00,2026-09-05T20:59:10.598705+00:00,933,khuncoincrypto_signals
1119798,32630,"$WLDUSDT

LONG

RR : 2

LEVERAGE : 30x

ENTRY : 0....969

TAKE PROFITS 👇

1️⃣ 0.4101

STOPLOSS : 0.3904",bcaddc5ed74ecefc5758d5f15b3a36b6,2026-09-05T19:27:05+00:00,2026-09-05T20:59:09.607236+00:00,933,khuncoincrypto_signals
1119797,32629,"✅ Long

Pair: #RLC/USDT

📊 Entry Price: 

1) 0.316...16
4) 0.3382

Stop Loss: 0.2966

Leverage: 10x-20x",30bf124fa84616b061d09c4df26ab628,2026-09-05T19:27:05+00:00,2026-09-05T20:59:09.602801+00:00,933,khuncoincrypto_signals
1119796,32628,"🚀 #MAGMA/USDT LONG SIGNAL 🚀
📍 Entry: 0.2852


🎯 Ta... your risk, and let's catch this move together! 🪙🔥",b43f89db4307c54f2bf8f31ff6e8363a,2026-09-05T19:27:05+00:00,2026-09-05T20:59:09.527442+00:00,933,khuncoincrypto_signals
1119794,32625,"OPUSDTUSDT  
Exchanges: BINGX 

🟢 Short
Leverage- ....71639000
6) 0.65908000
7) 🚀🚀🚀 

⛔️ SL:
0.10400000",3430fd1117b8475e7e85f4d6c17ab605,2026-09-05T19:27:04+00:00,2026-09-05T20:59:09.440681+00:00,933,khuncoincrypto_signals
1119793,32626,"Pair: #OP/USDT

Short • (25X)

Entry
0.10106 - 0.1... your own risk. Always use proper risk management.",70c95cf96be351bc7d9e79c8db6ee5ff,2026-09-05T19:27:04+00:00,2026-09-05T20:59:09.439141+00:00,933,khuncoincrypto_signals
1119792,32624,"STRKUSDTUSDT  
Exchanges: BINGX 

🟢 Short
Leverage....02475000
6) 0.02277000
7) 🚀🚀🚀 

⛔️ SL:
0.02999000",3b2b6535a91189e13cb8842428d712e9,2026-09-05T19:27:04+00:00,2026-09-05T20:59:09.121857+00:00,933,khuncoincrypto_signals
1121883,32724,"BNBUSDTUSDT  
Exchanges: BINGX 

🟢 Short
Leverage-... 739.43
5) 716.32
6) 700.92
7) 🚀🚀🚀 

⛔️ SL:
816.45",4fe04cbe3db818b6d534973c84a68cc2,2026-09-05T21:41:47+00:00,2026-09-05T22:30:06.623985+00:00,933,khuncoincrypto_signals
1129562,32800,"⚡ #EIGEN/USDT

📤 Long 

💹 Buy: 0.2096 - 0.2040

🧿 ...200 - 0.2222

🧨 StopLoss: 0.2000 

🔘 Leverage: 20x",a32343c10e3fdb6d70cbbc1a575d4b69,2026-09-06T08:02:19+00:00,2026-09-06T08:09:53.394773+00:00,933,khuncoincrypto_signals
1129565,32801,"✅ Long

Pair: #LTC/USDT

📊 Entry Price: 

1) 53.82...6.37
4) 57.50

Stop Loss: 50.42

Leverage: 10x-20x",0f8a95d02a770c1803f34ca1a4f8ca25,2026-09-06T08:02:19+00:00,2026-09-06T08:09:53.389303+00:00,933,khuncoincrypto_signals
1129573,32799,"SUSHIUSDTUSDT  
Exchanges: BINGX 

🟢 Long
Leverage...4) 1.26
5) 1.36
6) 1.47
7) 🚀🚀🚀 

⛔️ SL:
0.22250000",5dc155423459bab441f9efb2c203ca50,2026-09-06T07:41:31+00:00,2026-09-06T08:09:53.411334+00:00,933,khuncoincrypto_signals
1129596,32788,"Pair: #SUSHI/USDT

Long • (20X)

Entry
0.2415 - 0....t your own risk. Always use proper risk management",ff86911e480449f106fcf54f61ef5b15,2026-09-06T07:14:49+00:00,2026-09-06T08:09:53.560298+00:00,933,khuncoincrypto_signals
1129593,32781,"🌈PAIR:- ZEC/USDT
⚡️ Direction : LONG
🛠 Leverage: C...nt Usage:- 1 - 2%
(According To your Risk Setting)",370296c5d65de4120733ce6574c3209e,2026-09-06T07:14:49+00:00,2026-09-06T08:09:53.535129+00:00,933,khuncoincrypto_signals
1129591,32797,"UAIUSDTUSDT  
Exchanges: BINGX 

🟢 Long
Leverage- ...4) 1.00
5) 1.08
6) 1.17
7) 🚀🚀🚀 

⛔️ SL:
0.52000000",e03bbb7e298a4bca918dad5820694386,2026-09-06T07:14:49+00:00,2026-09-06T08:09:53.516957+00:00,933,khuncoincrypto_signals
1129587,32795,"💵 𝐒𝐈𝐆𝐍𝐀𝐋 𝐀𝐋𝐄𝐑𝐓 💵

#UAI/USDT (25xLONG)

✅ ENTRY:0.6...6350

TARGETS:-0.68/0.73/0.79

❌ STOP LOSS: 0.5650",4cb741d0fa237fb2d34f8515ab15e437,2026-09-06T07:14:49+00:00,2026-09-06T08:09:53.496356+00:00,933,khuncoincrypto_signals
1129582,32792,"🟢 Long

#DASH/USDT

Entry : 

1) 65.36
2) 63.39

T...) 69.83

🛑 Stop : 61.24

Leverage : 10x (isolated)",6da6fe35331c393099feed139b19eeda,2026-09-06T07:14:49+00:00,2026-09-06T08:09:53.482862+00:00,933,khuncoincrypto_signals
1129580,32787,"🚀 LONG: $XAN/USDT🚀
LEVERAGE: 20X-50X

🤍 ENTRY PRIC...- 0.01870
—————

❌ STOP LOSS: 0.01380❌


REACTIONS",ebc30fa4732d0157db15cff40b024cbc,2026-09-06T07:14:49+00:00,2026-09-06T08:09:53.466028+00:00,933,khuncoincrypto_signals
1129578,32785,"COIN: #IOST/USDT (LONG) SETUP

📊 Leverage 25x to 5...ENT IS KEY
Use only 1–2% of your capital per trade",efe6496f3c2278b1d977598fcc39cefe,2026-09-06T07:14:49+00:00,2026-09-06T08:09:53.458277+00:00,933,khuncoincrypto_signals
1129576,32791,"🟢 LONG  - $ZEN

- Entry market: 7.716
- Entry limi... the funds if trading without caution & knowledge.",a83cefec7eb7305a13e74b3caf360d66,2026-09-06T07:14:49+00:00,2026-09-06T08:09:53.452089+00:00,933,khuncoincrypto_signals
1129572,32777,"⌛#SUI/USDT  ( SHORT )

🍁 Leverage 👉 20X to 25X 

⛩...15 | 0.7653 | 0.7565 | 0.7469

🔕 Stoploss = 0.8238",552aeb8cbfd165d2818ef27410cc8c90,2026-09-06T07:14:49+00:00,2026-09-06T08:09:53.416308+00:00,933,khuncoincrypto_signals
1129571,32793,"🟢 Long

#TRX/USDT

Entry : 

1) 0.33285
2) 0.32286...35562

🛑 Stop : 0.31188

Leverage : 10x (isolated)",215299bfb25be439ec0a7e0616473d56,2026-09-06T07:14:49+00:00,2026-09-06T08:09:53.414418+00:00,933,khuncoincrypto_signals
1129569,32782,"🌈PAIR:- ZEC/USDT
⚡️ Direction : LONG
🛠 Leverage: C...nt Usage:- 1 - 2%
(According To your Risk Setting)",4eb558ec122d50298d4b00c2aff1f81e,2026-09-06T07:14:49+00:00,2026-09-06T08:09:53.413464+00:00,933,khuncoincrypto_signals
1129568,32780,"#SHORT 🔴 🔤🔤🔤🔤🔤

#MARSCOIN/USDT 

Margin Mode : Iso...47

🟩 SL : 0.23529 - 100%

📊 LEV : 20X

🇯🇵 Premium",06d5350a9e14f9a1edbd42e8b82bab77,2026-09-06T07:14:49+00:00,2026-09-06T08:09:53.407202+00:00,933,khuncoincrypto_signals
1129563,32786,"🟢FLOCK/USDT 📈

📈 long Setup 

💰 Entry Zone: 0.072–...et 1. 
✅ Move SL to breakeven after Target 1 hits.",d881c52d1cc20f97c868c81b2e827665,2026-09-06T07:14:49+00:00,2026-09-06T08:09:53.395985+00:00,933,khuncoincrypto_signals
1129558,32789,"Pair: #BLESS/USDT

Long • (20X)

Entry
0.009260 - ...t your own risk. Always use proper risk management",fbd27491d38c8d1e35c5300ec6e66eee,2026-09-06T07:14:49+00:00,2026-09-06T08:09:53.372400+00:00,933,khuncoincrypto_signals
1129555,32794,"🔴 SHORT

#ZEC/USDT

Entry : 

1) 1071.19
2) 1103.3...7.079

🛑 Stop : 1138.67

Leverage : 10x (isolated)",acbcbf7023b9a985dd703659270bde70,2026-09-06T07:14:49+00:00,2026-09-06T08:09:53.362631+00:00,933,khuncoincrypto_signals
1129560,32783,"🛎️ Trade: #DOT/USDT

Direction: 📈 LONG 

🟢 Entry R...52
• Target 6: 0.9850

💠 Leverage : 5x - 10x - 20x",b101f300efab785f092aaad0c63d43aa,2026-09-06T07:14:49+00:00,2026-09-06T08:09:53.360874+00:00,933,khuncoincrypto_signals
1129552,32779,"🐳 STRK/USDT #LONG🐳

✳️ ENTRY :- 0.03170 - 0.03000
...0.03930

⛔️ STOP-LOSS :- 0.028

☝️ Margin Use 2–3%",7a8f4c9c6c92ee7eb011f3daf06a8d0e,2026-09-06T07:14:49+00:00,2026-09-06T08:09:53.348611+00:00,933,khuncoincrypto_signals
1129547,32796,"Scalp Short $BTC - 79700🔴

SL - 80200 ❌

TP - 79200-78600🚀

Lev - 10x",b26e7461255229b23168f150a4a1c4f2,2026-09-06T07:14:49+00:00,2026-09-06T08:09:53.262171+00:00,933,khuncoincrypto_signals
1129595,32761,"⚡️⚡️ #ARK/USDT ⚡️⚡️
Exchanges: Bingx 
Signal Type:...
5) 0.12550
6) 0.12728
7) 🚀🚀🚀

Stop Targets:
5-10%",b6822953ef980330181fa3327edb6fb0,2026-09-06T07:14:48+00:00,2026-09-06T08:09:53.552037+00:00,933,khuncoincrypto_signals
1129590,32756,"RLCUSDTUSDT  
Exchanges: BINGX 

🟢 Long
Leverage- ....36526000
6) 0.39448000
7) 🚀🚀🚀 

⛔️ SL:
0.29660000",6d84c62789e9a1b1586fbc02d865a79d,2026-09-06T07:14:48+00:00,2026-09-06T08:09:53.507175+00:00,933,khuncoincrypto_signals
1129589,32757,"⚡️⚡️ #1000000MOG/USDT ⚡️⚡️
Exchanges: Bingx 
Signa...
5) 0.11384
6) 0.11546
7) 🚀🚀🚀

Stop Targets:
5-10%",33e962facaf26c07b90b6571a2017eab,2026-09-06T07:14:48+00:00,2026-09-06T08:09:53.506445+00:00,933,khuncoincrypto_signals
1129583,32774,"📊#SUSHI/USDT–SHORT–30x 🚀

📍 𝐄𝐧𝐭𝐫𝐲 𝐙𝐨𝐧𝐞:

➥ 0.235, ...tal.

⚠️ Disclaimer:
Trade at your own risk. DYOR.",7a9736b25be874a81147c2fd32f20572,2026-09-06T07:14:48+00:00,2026-09-06T08:09:53.487257+00:00,933,khuncoincrypto_signals
1129581,32775,"📍Coin : #ARB/USDT

🔴 SHORT 

👉 Entry: 0.1919 - 0.1...t 5: 0.1825
🎯 Target 6: 0.1807

❌ StopLoss: 0.1999",61af6edc31600d76e2d8bacbf48769e5,2026-09-06T07:14:48+00:00,2026-09-06T08:09:53.468434+00:00,933,khuncoincrypto_signals
1129577,32753,"APTUSDTUSDT  
Exchanges: BINGX 

🟢 Long
Leverage- ....74499000
6) 0.80459000
7) 🚀🚀🚀 

⛔️ SL:
0.56663000",3d69f0e1971fb028dcbab62d7ec1e8e6,2026-09-06T07:14:48+00:00,2026-09-06T08:09:53.453755+00:00,933,khuncoincrypto_signals
1129574,32751,"APTUSDTUSDT  
Exchanges: BINGX 

🟢 Short
Leverage-....53238000
6) 0.48979000
7) 🚀🚀🚀 

⛔️ SL:
0.64502000",ca3456709f133ec1845ee0c69bc81dce,2026-09-06T07:14:48+00:00,2026-09-06T08:09:53.415531+00:00,933,khuncoincrypto_signals
1129566,32772,"ZENUSDTUSDT  
Exchanges: BINGX 

🟢 Long
Leverage- ...45
4) 10.20
5) 11.02
6) 11.90
7) 🚀🚀🚀 

⛔️ SL:
1.00",ca78cb453867d82331b8eea833477df0,2026-09-06T07:14:48+00:00,2026-09-06T08:09:53.396596+00:00,933,khuncoincrypto_signals
1129564,32758,"⚡️⚡️ #1000000BOB/USDT ⚡️⚡️
Exchanges: Bingx 
Signa...
5) 0.02055
6) 0.02084
7) 🚀🚀🚀

Stop Targets:
5-10%",d46e095cfdec2fe2b547c1995b1a2064,2026-09-06T07:14:48+00:00,2026-09-06T08:09:53.395403+00:00,933,khuncoincrypto_signals
1129561,32750,"📊#UAI/USDT — LONG

⚡️ Leverage : 5X – 10X

💹Entry ...Entry After TP1

⚖️ Follow Proper Risk Management.",b955da7fc26089cc6673a72b488a0048,2026-09-06T07:14:48+00:00,2026-09-06T08:09:53.394018+00:00,933,khuncoincrypto_signals
1129553,32762,"⚡️⚡️ #CRV/USDT ⚡️⚡️
Exchanges: Bingx 
Signal Type:...
5) 0.40089
6) 0.40657
7) 🚀🚀🚀

Stop Targets:
5-10%",6ba6a49161049dad09f913b3100f2e0f,2026-09-06T07:14:48+00:00,2026-09-06T08:09:53.351354+00:00,933,khuncoincrypto_signals
1129550,32763,"⚡️⚡️ #CELO/USDT ⚡️⚡️
Exchanges: Bingx 
Signal Type...
5) 0.08490
6) 0.08610
7) 🚀🚀🚀

Stop Targets:
5-10%",84063820d0f4237d224f67a65d26bae9,2026-09-06T07:14:48+00:00,2026-09-06T08:09:53.275021+00:00,933,khuncoincrypto_signals
1129548,32760,"⚡️⚡️ #ATH/USDT ⚡️⚡️
Exchanges: Bingx 
Signal Type:...
5) 0.00494
6) 0.00501
7) 🚀🚀🚀

Stop Targets:
5-10%",f9d070a9ab2b0ed2197e99383ec595a2,2026-09-06T07:14:48+00:00,2026-09-06T08:09:53.263179+00:00,933,khuncoincrypto_signals
1129546,32754,"ZECUSDTUSDT  
Exchanges: BINGX 

🟢 Short
Leverage-...997.08
5) 917.31
6) 843.93
7) 🚀🚀🚀 

⛔️ SL:
1158.49",b9d6b72fdebcb39c69053c255d4d1e1f,2026-09-06T07:14:48+00:00,2026-09-06T08:09:53.156219+00:00,933,khuncoincrypto_signals
1129543,32749,"#NIL USDT — BUY (LONG) 
🎉
🟢 Leverage: Cross  75x

...Risk Management:
Use only 2%– 3%of your portfolio.",12177c146b7e52655cdf8bc5690d91d2,2026-09-06T07:14:47+00:00,2026-09-06T08:09:52.575642+00:00,933,khuncoincrypto_signals
1132212,32810,"🔰 PAIR: SUI/ USDT 💹

🟢Position: LONG🚀

☑️ Entry Zo...:
🥇 0.7950
🥈 0.7991
🥉 0.8072

❌ Stop Loss: 🔴0.7800",905c76aca28b3cd07b3b8a7d080a3c41,2026-09-06T09:02:33+00:00,2026-09-06T09:35:46.902563+00:00,933,khuncoincrypto_signals
1132210,32808,"📈 LONG #FLOCK/USDT

🚀 LEVERAGE : 50x

📊 ENTRY PRIC...P🟢0.0850

TP🟢0.0900

STOPLOSS 🔴0.0750


REACTIONS?",e01890facf6abe0646ad30634080d414,2026-09-06T09:02:33+00:00,2026-09-06T09:35:46.800493+00:00,933,khuncoincrypto_signals
1132217,32806,"⭐️$ARB/USDT  LONG

🛡Leverage : Cross 25x50

‼️Entr....16500

Use only 3% - 5% amount of your portfolio🛍",1647b16d6f90b12635bbd5bfd24f1024,2026-09-06T08:47:07+00:00,2026-09-06T09:35:47.058778+00:00,933,khuncoincrypto_signals
1132216,32807,"📊 #SOLV/USDT

🟢 POSITION: LONG

💰 ENTRY RANGE
➤ 0....➤ 0.0031

━━━━━━━━━━━━━━━━━━

✅ Manage risk wisely",c260a307801fa5935a0eef6b74e27d7c,2026-09-06T08:47:07+00:00,2026-09-06T09:35:47.013962+00:00,933,khuncoincrypto_signals
1132214,32804,"DASH/USDT

SHORT SHORT SHORT 

OPEN MARKET PRICE 
...9.30
TP 69.00
TP 68.80
TP 68.40

SL 74.55

LEV 32X",4930ac585ede50b2cb5f81a4c020e673,2026-09-06T08:26:44+00:00,2026-09-06T09:35:46.962297+00:00,933,khuncoincrypto_signals
1132211,32805,"✅ Long

#BNB/USDT

Entry zone : 733.300 - 755.980
...27.420
849.986

Stop loss :703.0614

Leverage: 10x",2ceffcfb967cfbc6075dcec99a9ba499,2026-09-06T08:26:44+00:00,2026-09-06T09:35:46.826633+00:00,933,khuncoincrypto_signals
1132209,32803,"📊 Let’s LONG #MET/USDT

💥 Leverage:  Cross 20×  - ...gets: 

1) 0.22
2) 0.25
3) 0.29

🔖 Stop Loss: 0.18",eaea177339db99de6dd4dad3cd5363ef,2026-09-06T08:26:43+00:00,2026-09-06T09:35:46.799573+00:00,933,khuncoincrypto_signals
1135136,32826,"#XAN  USDT — BUY (LONG) 
🎉
🟢 Leverage: Cross  20x5...Risk Management:
Use only 2%– 3%of your portfolio.",0fda496d9212cdea21d707d2f0165474,2026-09-06T11:14:18+00:00,2026-09-06T11:42:31.485808+00:00,933,khuncoincrypto_signals
1135133,32825,"✨LTC/USDT

🎗 Trade Type = LONG 🟢

⭐️ Leverage :- 2...fit = [ 54.77, 55.27, 55.90, 56.36, 57.00, 57.61 ]",641732a6359a7436c3c41d350d945fad,2026-09-06T10:53:43+00:00,2026-09-06T11:42:31.475190+00:00,933,khuncoincrypto_signals
1135135,32822,"FLOCKUSDTUSDT  
Exchanges: BINGX 

🟢 Long
Leverage....09436000
6) 0.10191000
7) 🚀🚀🚀 

⛔️ SL:
0.06704000",4c6327a3ee4293b4a58103c299ba7889,2026-09-06T10:42:32+00:00,2026-09-06T11:42:31.480322+00:00,933,khuncoincrypto_signals
1135132,32824,"COIN: #NAORIS/USDT (LONG) SETUP

📊 Leverage 25x to...ENT IS KEY
Use only 1–2% of your capital per trade",e3426ae6e4c04caa16d3c847e1d46293,2026-09-06T10:42:32+00:00,2026-09-06T11:42:31.459764+00:00,933,khuncoincrypto_signals
1135130,32821,"🚀 LONG
TIA/USDT
ENTRY 0.3962

🚀 0.4226
🚀 0.4882
🚀 ...ROSS
🚨 STOPLOSS 0.3704
LEVRAGE 10x- 40x

1% WALLET",04b37582ffb9c53eb245ab3e8dc1a51a,2026-09-06T10:42:32+00:00,2026-09-06T11:42:31.449735+00:00,933,khuncoincrypto_signals
1135127,32819,"⭐️$FLOCK/USDT  LONG

🛡Leverage : Cross 25x50

‼️En....06704

Use only 3% - 5% amount of your portfolio🛍",5f69a250ae2035b288768627ab773855,2026-09-06T10:42:32+00:00,2026-09-06T11:42:31.434410+00:00,933,khuncoincrypto_signals
1135128,32820,"🚀 LONG: $UAI/USDT
LEVERAGE: 50x

✔️ENTRY PRICE: 0....500-0.5700-0.5900

STOP LOSS:  0.5180


REACTIONS?",29ea20112917d72f7006d7de497957cc,2026-09-06T10:42:32+00:00,2026-09-06T11:42:31.433313+00:00,933,khuncoincrypto_signals
1135125,32818,"🔴 Short

Pair: #ZEC/USDT

📊 Entry Price: 

1) 1184...
4) 1102.40

Stop Loss: 1258.95

Leverage: 10x-20x",759662f7a8e3979d732221676e6e50d1,2026-09-06T10:42:32+00:00,2026-09-06T11:42:31.425207+00:00,933,khuncoincrypto_signals
1135129,32815,"🔘 Coin : #AR/USDT 🔘

🟢 LONG

🔺Entry🔻: 3.009

⭐️ Ta....123 - 3.183

♦️ StopLoss : 2.904

🔱 Leverage: 25x",0fdff1bd9a7ca6f9604e8e6732d7c1b4,2026-09-06T09:50:07+00:00,2026-09-06T11:42:31.439298+00:00,933,khuncoincrypto_signals
1135126,32813,AKT LONG 0.5563 TP1 0.5680,d11942e72e50db0f613e9544ad9e2aec,2026-09-06T09:50:07+00:00,2026-09-06T11:42:31.432514+00:00,933,khuncoincrypto_signals
1135124,32816,"XRPUSDTUSDT  
Exchanges: BINGX 

🟢 Short
Leverage-... 1.38
4) 1.36
5) 1.32
6) 1.29
7) 🚀🚀🚀 

⛔️ SL:
1.50",51ee8d521969c07a8ea05c40aacc3b44,2026-09-06T09:50:07+00:00,2026-09-06T11:42:31.415377+00:00,933,khuncoincrypto_signals
1135123,32814,"🚀 #AKT/USDT LONG SIGNAL 🚀
📍 Entry: 0.5563


🎯 Take... your risk, and let's catch this move together! 🪙🔥",d2ce73be29ffde0d53ccd98c137be69b,2026-09-06T09:50:07+00:00,2026-09-06T11:42:31.404767+00:00,933,khuncoincrypto_signals
1135122,32812,"Long #ZEC 75x 1,190

Tp: 1,210",4cfb6a29f45f8e5c0f6071a09bd8dd53,2026-09-06T09:50:07+00:00,2026-09-06T11:42:31.259118+00:00,933,khuncoincrypto_signals
1137177,32861,"#FLOCK/USDT SHORT     

👉Leverage : Cross 10× To 3...)  0.0717
2)  0.0697
3)  0.0650

⭕Stoploss : 0.077",5fe08c675cad26a1d4f8a27c82e8ecad,2026-09-06T13:26:08+00:00,2026-09-06T13:37:39.157049+00:00,933,khuncoincrypto_signals
1137165,32859,"COIN: #FLOCK/USDT (SHORT) SETUP

📊 Leverage 25x to...ENT IS KEY
Use only 1–2% of your capital per trade",795cf02ae1d751e6b170903cb85401b4,2026-09-06T13:26:08+00:00,2026-09-06T13:37:39.065518+00:00,933,khuncoincrypto_signals
1137173,32850,"SOL/USDT My Short Trade Idea 💡

Leverage 100X

Ent....500

Stop Loss   107.500

Follow Money Management",8051f14b5d4fde49d2d7ff5bff3d660c,2026-09-06T13:20:32+00:00,2026-09-06T13:37:39.113691+00:00,933,khuncoincrypto_signals
1137168,32849,"SOLUSDTUSDT  
Exchanges: BINGX 

🟢 Short
Leverage-...4) 102.35
5) 99.15
6) 97.02
7) 🚀🚀🚀 

⛔️ SL:
113.01",2aa5d516109ca93ce88213f66f0dec95,2026-09-06T13:20:32+00:00,2026-09-06T13:37:39.068578+00:00,933,khuncoincrypto_signals
1137164,32855,"➡️ #NAORIS    /USDT (SHORT) 🔽🔽

⌛LEVERAGE : 20X TO...0


💥Use only 1%margin of your total portfolio❤️😘😇",4f9a1013f651fec38ff7a816dc72b9f3,2026-09-06T13:20:32+00:00,2026-09-06T13:37:39.061557+00:00,933,khuncoincrypto_signals
1137160,32853,"🚨 #4/USDT | LONG

⚡Leverage: Cross 50x

🎯Entry Tar... follow the signal and secure profits at targets.💎",0ec441ff5b1a0fd209fa23873897785c,2026-09-06T13:20:32+00:00,2026-09-06T13:37:39.055238+00:00,933,khuncoincrypto_signals
1137157,32851,"🔴 SHORT

#DOT/USDT

Entry : 

1) 0.974500
2) 1.003...7079

🛑 Stop : 1.035893

Leverage : 10x (isolated)",ce6388d965485951349c7c8b741f8821,2026-09-06T13:20:32+00:00,2026-09-06T13:37:39.041285+00:00,933,khuncoincrypto_signals
1137155,32857,"#JUP /USDT BUY (LONG) 

⚡️Leverage : Cross 25x to ...02550

⚠️Use only 3% - 5% amount of your portfolio",5bbc9ba55e93042084e7f3c86c8ec948,2026-09-06T13:20:32+00:00,2026-09-06T13:37:39.024321+00:00,933,khuncoincrypto_signals
1137153,32854,"🚨 #ETH/USDT | LONG

⚡Leverage: Cross 200x

🎯Entry ... follow the signal and secure profits at targets.💎",1cf0234854b3d36b7017e8a23e203adb,2026-09-06T13:20:32+00:00,2026-09-06T13:37:38.928073+00:00,933,khuncoincrypto_signals
1137175,32846,"📌Pair: FLOCK/USDT
Type: LONG 🟢
✔️Leverage:  (20X_1...92
2) 0.112
3) 0.135
4) 0.175

❌ STOP LOSS: 0.065❌",68cde7a9f908e21d85e86047c6488269,2026-09-06T12:46:25+00:00,2026-09-06T13:37:39.124518+00:00,933,khuncoincrypto_signals
1137167,32848,"💰#FLOCK / USDT👑

💎Setup Type: Strong SHORT  🔖Oppor...TP ➝ 0.06500

4️⃣TP ➝ 0.05500

🚫Stop Loss: 0.08000",cff08f97bab5426855d1acdc4177a672,2026-09-06T12:46:25+00:00,2026-09-06T13:37:39.067620+00:00,933,khuncoincrypto_signals
1137171,32843,"🚩 SHORT #FLOCK/USDT

⚙️ 75X LEVERAGE

🛡 Entry: 0.0...: 0.07760
TP3: 0.07570

🛑 SL: 0.08550

🔥REACTIONS?",2d183bde95285e1936dcb242958314e5,2026-09-06T12:46:24+00:00,2026-09-06T13:37:39.075700+00:00,933,khuncoincrypto_signals
1137170,32841,"🚀 LONG: $METIS/USDT
LEVERAGE: 50x

✔️ENTRY PRICE: ...OFIT

3.39-3.52-3.80

STOP LOSS:  3.14

REACTIONS?",ab8c30b6697f53bcea6db26cf571aaf3,2026-09-06T12:46:24+00:00,2026-09-06T13:37:39.071500+00:00,933,khuncoincrypto_signals
1137161,32839,"EXCHANGE/BYBIT/BITUNIX/OKX📌 


DAY TRADE 🏆

SHORT/...agement 🏆


Use only 5% of your 📈Available balance",f0389cb2b917c09a66b4baa9b10c2ff3,2026-09-06T12:46:24+00:00,2026-09-06T13:37:39.057088+00:00,933,khuncoincrypto_signals
1137162,32838,"📇 Setup: XAN/USDT 

LONG Trade 🛫

✔️ Leverage : 75....017700
💰 Target 2 • 0.018300
💰 Target3 • 0.019800",123bf2c7539f5434d26dd848b9913572,2026-09-06T12:46:24+00:00,2026-09-06T13:37:39.053076+00:00,933,khuncoincrypto_signals
1137159,32842,#FLOCK/USDT SHORT NOW,c7d13ea535b30a0ab0835f8ae341c6d7,2026-09-06T12:46:24+00:00,2026-09-06T13:37:39.045079+00:00,933,khuncoincrypto_signals
1137154,32840,"🚨 #FLOCK/USDT | SHORT

⚡Leverage: Cross 25x

🎯Entr... follow the signal and secure profits at targets.💎",a2a7bdfdc5d9366705999ba3013537e2,2026-09-06T12:46:24+00:00,2026-09-06T13:37:38.940910+00:00,933,khuncoincrypto_signals
1137152,32834,"⭐️$NAORIS/USDT  LONG

🛡Leverage : Cross 25x50

‼️E....03322

Use only 3% - 5% amount of your portfolio🛍",08c141a36ef3f79f5358275dbe703690,2026-09-06T12:46:24+00:00,2026-09-06T13:37:38.842856+00:00,933,khuncoincrypto_signals
1137151,32835,"#FLOCK   USDT — BUY (LONG) 
🎉
🟢 Leverage: Cross  5...Risk Management:
Use only 2%– 3%of your portfolio.",43443c641ef172766021f439f1d1d9cb,2026-09-06T12:46:24+00:00,2026-09-06T13:37:38.765549+00:00,933,khuncoincrypto_signals
1137150,32837,"🚩 SHORT #NAORIS/USDT

⚙️ 75X LEVERAGE

🛡 Entry: 0....: 0.03540
TP2: 0.03470
TP3: 0.03350

🛑 SL: 0.03950",68f1b37755cb3223c5223e54b1c5e58f,2026-09-06T12:46:24+00:00,2026-09-06T13:37:38.761210+00:00,933,khuncoincrypto_signals
1137149,32831,"💫 Pair: SPX/USDT  💫

🔼 Direction: Long 🔼

✅ Levera...Take Profit: 0.6350 📈

⚠️ Stop Loss: 0.5400 ⚠️

📈📈",1094d7970014af6d8af03c35dc16cb39,2026-09-06T12:46:24+00:00,2026-09-06T13:37:38.681820+00:00,933,khuncoincrypto_signals
1137148,32830,"💰#FLOCK / USDT👑

💎Setup Type: Strong LONG  🔖Opport...TP ➝ 0.08700

4️⃣TP ➝ 0.09500

🚫Stop Loss: 0.07000",b1b2ca8ac2058bc80b3138f867b9e4f7,2026-09-06T12:46:24+00:00,2026-09-06T13:37:38.674036+00:00,933,khuncoincrypto_signals
1137147,32832,"FLOCKUSDTUSDT  
Exchanges: BINGX 

🟢 Long
Leverage....10000000
6) 0.11000000
7) 🚀🚀🚀 

⛔️ SL:
0.06800000",54ebe7dd2c75a94e8003c16a6f5c384e,2026-09-06T12:46:24+00:00,2026-09-06T13:37:38.672151+00:00,933,khuncoincrypto_signals
1137145,32829,"ARB/ USDT/ SHORT
Entry at market price 

Cross || ...only 1% of your wallet. 
Manage your risk properly",70d9769d388016fae7f561a9c52f0dc6,2026-09-06T12:46:24+00:00,2026-09-06T13:37:38.623476+00:00,933,khuncoincrypto_signals
1137144,32828,"📇 Setup: JUP/USDT 

LONG Trade 🛫

✔️ Leverage : 75...t 1 •0.2820
💰 Target 2 • 0.2870
💰 Target3 • 0.2928",30bae56b40bd865651f814fd7873f43d,2026-09-06T12:46:24+00:00,2026-09-06T13:37:38.368325+00:00,933,khuncoincrypto_signals
1140301,32888,"COIN: #XAN/USDT (LONG) SETUP

📊 Leverage 25x to 50...ENT IS KEY
Use only 1–2% of your capital per trade",b876ca1226f13e2d7f3e6cb754785706,2026-09-06T15:01:45+00:00,2026-09-06T15:12:28.366813+00:00,933,khuncoincrypto_signals
1140313,32886,"🚀 #ARB/USDT SHORT SIGNAL 🚀
📍 Entry: 0.1861


🎯 Tak... your risk, and let's catch this move together! 🪙🔥",0d91dee763b77db775197f9a59f56b92,2026-09-06T14:48:43+00:00,2026-09-06T15:12:28.451066+00:00,933,khuncoincrypto_signals
1140305,32885,ARB SHORT 0.1861 TP1 0.1820,3d622a8f14732c79d7236064cd28ad55,2026-09-06T14:48:43+00:00,2026-09-06T15:12:28.384166+00:00,933,khuncoincrypto_signals
1140312,32883,"KAVAUSDTUSDT  
Exchanges: BINGX 

🟢 Short
Leverage....04512000
6) 0.04151000
7) 🚀🚀🚀 

⛔️ SL:
0.05698350",e6a064292dcfda3ce4b705444ee27581,2026-09-06T14:48:00+00:00,2026-09-06T15:12:28.422494+00:00,933,khuncoincrypto_signals
1140309,32884,"🔴 Short

Pair: #KAVA/USDT

📊 Entry Price: 

1) 0.0...) 0.049044

Stop Loss: 0.056009

Leverage: 10x-20x",1f34df6df33c5a0cf6c65d41d8aac51f,2026-09-06T14:48:00+00:00,2026-09-06T15:12:28.406848+00:00,933,khuncoincrypto_signals
1140306,32873,"#XAN /USDT BUY (LONG) 

⚡️Leverage : Cross 25x to ...01700

⚠️Use only 3% - 5% amount of your portfolio",98ea3d643e82ad1199128beb41636635,2026-09-06T14:32:31+00:00,2026-09-06T15:12:28.389992+00:00,933,khuncoincrypto_signals
1140299,32870,"🔴 SHORT

#BAT/USDT

Entry zone : 0.076044 - 0.0738...6779
0.064553

Stop loss :0.0789981

Leverage: 10x",b613b87e4777e532ba14a6f2ec328a8f,2026-09-06T14:19:16+00:00,2026-09-06T15:12:28.244683+00:00,933,khuncoincrypto_signals
1140298,32868,"✨ASTER/USDT

🎗 Trade Type = SHORT 🔴

⭐️ Leverage :...[ 0.7686, 0.7606, 0.7525, 0.7449, 0.7353, 0.7256 ]",923a06e3fd98579c5cbe7be737e7ef4b,2026-09-06T14:03:44+00:00,2026-09-06T15:12:28.227241+00:00,933,khuncoincrypto_signals
1140297,32865,"🚀 SHORT: $FLOCK/USDT
LEVERAGE: 50x

✔️ENTRY PRICE:...0-0.06400-0.06800

STOP LOSS:  0.07710

REACTIONS?",1f2cef8975af6a5e64979dbd0337ca86,2026-09-06T13:47:45+00:00,2026-09-06T15:12:28.150168+00:00,933,khuncoincrypto_signals
1140293,32867,"EXCHANGE/BYBIT/BITUNIX/OKX📌 


DAY TRADE 🏆

SHORT/...agement 🏆


Use only 5% of your 📈Available balance",f0389cb2b917c09a66b4baa9b10c2ff3,2026-09-06T13:47:45+00:00,2026-09-06T15:12:28.125937+00:00,933,khuncoincrypto_signals
1140290,32864,"#MARSCOIN    USDT — SELL (SHORT) 
🎉
🟢 Leverage: Cr...Risk Management:
Use only 2%– 3%of your portfolio.",fc483efbacd85a98f46606dcb5ed4455,2026-09-06T13:47:45+00:00,2026-09-06T15:12:28.039702+00:00,933,khuncoincrypto_signals
1141284,32901,"🟢LONG  #BTCUSDT

🔶 Entry : 79600 - 79500

➡️ Lever...ake Profit Targets :

👉 80300

🛑 Stop Loss : 78700",b3edcf4fde6155736aca88246c687e30,2026-09-06T16:33:15+00:00,2026-09-06T16:35:34.711882+00:00,933,khuncoincrypto_signals
1141285,32902,"INJUSDTUSDT  
Exchanges: BINGX 

🟢 Long
Leverage- ... 5.36
4) 5.43
5) 5.51
6) 5.60
7) 🚀🚀🚀 

⛔️ SL:
4.96",db2b439293296dec4d060c2ff4f0ca32,2026-09-06T16:33:15+00:00,2026-09-06T16:35:34.710796+00:00,933,khuncoincrypto_signals
1141279,32900,"Coin #ZEC/USDT

Position: LONG 

Leverage:  Cross ...1138

Targets: 🎯 1197, 1245, 1319

Stop Loss: 1113",3a40ab77b12549bec9b4435ea9ce9f02,2026-09-06T16:12:27+00:00,2026-09-06T16:35:34.684288+00:00,933,khuncoincrypto_signals
1141282,32898,"Sui/Usdt long 🟢
with 0.5% Wallet on market price 
...ite movement pe jo 5% around the liq manage 0.7412",db6e783626732f8bb926b9a085a55476,2026-09-06T16:11:16+00:00,2026-09-06T16:35:34.689577+00:00,933,khuncoincrypto_signals
1141280,32897,"LAYERUSDTUSDT  
Exchanges: BINGX 

🟢 Long
Leverage...41
5) 12244.40
6) 13223.95
7) 🚀🚀🚀 

⛔️ SL:
7500.00",994b0b56d23055c60d538eaab0485683,2026-09-06T16:11:15+00:00,2026-09-06T16:35:34.688835+00:00,933,khuncoincrypto_signals
1141277,32896,"🚨 #UAI/USDT | LONG

⚡Leverage: Cross 25x

🎯Entry T... follow the signal and secure profits at targets.💎",59417903032908f81455d0d9985990f5,2026-09-06T16:11:15+00:00,2026-09-06T16:35:34.680416+00:00,933,khuncoincrypto_signals
1144123,32904,"$BTC LONG 25x Lev 

Entry -  $79500

TP - 81000$- 82000$

SL: 78600$",4754269c329e8d102d4362deb3cf3a57,2026-09-06T17:49:56+00:00,2026-09-06T18:03:25.002002+00:00,933,khuncoincrypto_signals
1146869,32921,"FLOCKUSDTUSDT  
Exchanges: BINGX 

🟢 Short
Leverag....06407000
6) 0.05894000
7) 🚀🚀🚀 

⛔️ SL:
0.08550000",699b1ad97f25b83ab4512c943f9688fa,2026-09-06T20:37:32+00:00,2026-09-06T20:41:36.219423+00:00,933,khuncoincrypto_signals
1146867,32918,"XRPUSDTUSDT  
Exchanges: BINGX 

🟢 Long
Leverage- ... 1.50
4) 1.58
5) 1.71
6) 1.84
7) 🚀🚀🚀 

⛔️ SL:
1.30",5a04d790c47573aeaad29459b24cd7ed,2026-09-06T19:07:44+00:00,2026-09-06T20:41:36.179191+00:00,933,khuncoincrypto_signals
1148521,32948,"LINKUSDTUSDT  
Exchanges: BINGX 

🟢 Long
Leverage-...6
4) 14.43
5) 15.59
6) 16.83
7) 🚀🚀🚀 

⛔️ SL:
11.85",81e0cfc9d5ba935c3375dc14b8686f8a,2026-09-06T22:34:59+00:00,2026-09-06T23:31:34.607197+00:00,933,khuncoincrypto_signals
1148517,32929,"✅ Long

#RLC/USDT

Entry zone : 0.2964 - 0.3056

T...
0.3344
0.3436

Stop loss :0.284208

Leverage: 10x",12685936725f1c108cff5be4b2980aaa,2026-09-06T21:42:36+00:00,2026-09-06T23:31:34.575948+00:00,933,khuncoincrypto_signals
1148515,32927,"POLUSDTUSDT  
Exchanges: BINGX 

🟢 Long
Leverage- ....11167000
6) 0.12060000
7) 🚀🚀🚀 

⛔️ SL:
0.09284000",f02fea6d76f8a252c9f4503ad871a800,2026-09-06T21:42:36+00:00,2026-09-06T23:31:34.553895+00:00,933,khuncoincrypto_signals
1148514,32928,"✅ Long

Pair: #XMR/USDT

📊 Entry Price: 

1) 533.6...99
4) 570.13

Stop Loss: 500.01

Leverage: 10x-20x",66f2ee72e92f50fcbdc5b3cf7000edf4,2026-09-06T21:42:36+00:00,2026-09-06T23:31:34.542502+00:00,933,khuncoincrypto_signals
1154463,33012,"🚀 #PLAY/USDT LONG SIGNAL 🚀
📍 Entry: 0.03800


🎯 Ta... your risk, and let's catch this move together! 🪙🔥",37f14aecd05afbbf731d24d0330234c1,2026-09-07T07:23:53+00:00,2026-09-07T08:15:47.027559+00:00,933,khuncoincrypto_signals
1154451,33014,"🟢#CLANKER/USDT

📈Signal: long Leverage: Cross 20X
...even after TP1 is hit.

📣Trade Smart • Follow Risk",daf578caae134a8048d31781b51994dd,2026-09-07T07:23:53+00:00,2026-09-07T08:15:46.989266+00:00,933,khuncoincrypto_signals
1154446,33010,"COIN: #ARX/USDT (LONG) SETUP

📊 Leverage 25x to 50...ENT IS KEY
Use only 1–2% of your capital per trade",ff2047f78a389ec5be88ece92c9cd1a3,2026-09-07T07:23:53+00:00,2026-09-07T08:15:46.970487+00:00,933,khuncoincrypto_signals
1154469,33006,"#ARX/USDT LONG     

👉Leverage : Cross 10× To 30×
...
1)  0.160
2)  0.165
3)  0.180

⭕Stoploss : 0.1480",cadcd342ec0abe82a983b399d4139992,2026-09-07T07:23:52+00:00,2026-09-07T08:15:47.068559+00:00,933,khuncoincrypto_signals
1154468,33008,"#CATI/USDT LONG     

👉Leverage : Cross 10× To 30×...  0.0604
2)  0.0598
3)  0.0585

⭕Stoploss : 0.0643",b5798629a19067472ce5ea01a4d5482a,2026-09-07T07:23:52+00:00,2026-09-07T08:15:47.051979+00:00,933,khuncoincrypto_signals
1154459,33005,"#WLDUSDT — BUY (LONG) 
🎉
🟢 Leverage: Cross  20x50
...Risk Management:
Use only 2%– 3%of your portfolio.",a5a7ec170511911b62f8511c28a86021,2026-09-07T07:23:52+00:00,2026-09-07T08:15:47.016597+00:00,933,khuncoincrypto_signals
1154450,33009,Arx long 0.1567 tp 0.1600,6e0fc5534332413cbc7b1ff7028e426f,2026-09-07T07:23:52+00:00,2026-09-07T08:15:46.991652+00:00,933,khuncoincrypto_signals
1154471,32989,"🔰CFG/USDT 🔰   

🟢 LONG 10X 20X

♻ ENTRY 
1️⃣ 0.133...

1️⃣ 0.137
2️⃣ 0.142
3️⃣ 0.150

⛔ STOPLOSS  0.117",097b3d558870da0f4feaae530a87b69f,2026-09-07T06:47:22+00:00,2026-09-07T08:15:47.146798+00:00,933,khuncoincrypto_signals
1154465,32990,"🟢WOO/USDT 📈

📈 long Setup 

💰 Entry Zone: 0.0120–0...et 1. 
✅ Move SL to breakeven after Target 1 hits.",5044c4f355448f4bf06a7fe28ce4b330,2026-09-07T06:47:22+00:00,2026-09-07T08:15:47.039655+00:00,933,khuncoincrypto_signals
1154460,32988,"$ORCA/USDT #SHORT📩

✅ENTRY :-1.59/1.63

Target 1: ...𝐎𝐧𝐥𝐲 𝟏-𝟑% 𝐎𝐟 𝐎𝐮𝐫 𝐃𝐞𝐩𝐨𝐬𝐢𝐭 𝐅𝐨𝐫 𝐄𝐚𝐜𝐡 𝐓𝐫𝐚𝐝𝐞

React,??m",f52e0c089278e431db6f28de7e13d211,2026-09-07T06:47:22+00:00,2026-09-07T08:15:47.017327+00:00,933,khuncoincrypto_signals
1154442,32986,"📍Coin : #DOT/USDT

🟢 LONG 

👉 Entry: 0.9729 - 0.94...t 5: 1.0300
🎯 Target 6: 1.0400

❌ StopLoss: 0.9216",3dcc31843bf6bff57eaad414fde594b4,2026-09-07T06:47:21+00:00,2026-09-07T08:15:46.907670+00:00,933,khuncoincrypto_signals
1154441,32987,"📊#ASTR/USDT–LONG–30x 🚀

📍 𝐄𝐧𝐭𝐫𝐲 𝐙𝐨𝐧𝐞:

➥ 0.0067, 0...tal.

⚠️ Disclaimer:
Trade at your own risk. DYOR.",8fdc78e7448f4dec91cef4622d3ef4c9,2026-09-07T06:47:21+00:00,2026-09-07T08:15:46.906880+00:00,933,khuncoincrypto_signals
1154457,32985,"🐳 TAO/USDT #LONG🐳

✳️ ENTRY :- 273 - 260

💢 LEVERA...0
3 : 320

⛔️ STOP-LOSS :- 252

☝️ Margin Use 2–3%",4741ff420534ca6731678ed8a20397e4,2026-09-07T06:47:16+00:00,2026-09-07T08:15:47.007786+00:00,933,khuncoincrypto_signals
1154445,32981,"#LONG 🟢🔤🔤🔤🔤🔤

#SKHYNIX/USDT

Margin Mode : Isolate...

🟥 SL : 1262.12 - 100%   

📊 LEV : 20X

🇯🇵Premium",4f03f5b812696fc48b78b149365c4065,2026-09-07T06:47:16+00:00,2026-09-07T08:15:46.953304+00:00,933,khuncoincrypto_signals
1154439,32982,"🔴 SHORT

#KAVA/USDT

Entry : 

1) 0.053910
2) 0.05...0180

🛑 Stop : 0.057306

Leverage : 10x (isolated)",3edc4d1e57ab73288adf6cf05c454d91,2026-09-07T06:47:16+00:00,2026-09-07T08:15:46.892365+00:00,933,khuncoincrypto_signals
1154434,32984,"🟢#UAI/USDT

📈Signal: short Leverage: Cross 20X

⚡️...even after TP1 is hit.

📣Trade Smart • Follow Risk",e4755f7e16319c90cbe24d484fe8a6b0,2026-09-07T06:47:16+00:00,2026-09-07T08:15:46.796145+00:00,933,khuncoincrypto_signals
1154432,32983,"⚡ #MANTRA/USDT

📤 Long 

💹 Buy: 0.004593 - 0.00440...- 0.004872

🧨 StopLoss: 0.004300 

🔘 Leverage: 20x",780e9f5d3c1872891e77f95f64ac2dce,2026-09-07T06:47:16+00:00,2026-09-07T08:15:46.732057+00:00,933,khuncoincrypto_signals
1154438,32979,"🚀 $UAI/USDT PERP 🚀

🟢 LONG

💰 Entry : 0.680$ – 0.6... 5X – 25X

⛔️ SL : 0.550$

📌 Use Only 2-5% Capital",bbd53f439cfd56551a73437b12c33f08,2026-09-07T06:47:15+00:00,2026-09-07T08:15:46.879774+00:00,933,khuncoincrypto_signals
1154437,32962,"⌛#SUSHI/USDT  ( LONG )

🍁 Leverage 👉 20X to 25X 

...59 | 0.2479 | 0.2508 | 0.2538

🔕 Stoploss = 0.2321",24c30ff5c6886be1dfcb74b8285b0b42,2026-09-07T06:47:15+00:00,2026-09-07T08:15:46.869807+00:00,933,khuncoincrypto_signals
1154433,32959,"#DOOD/USDT LONG     

👉Leverage : Cross 10× To 30×...00235
2)  0.00255
3)  0.00295

⭕Stoploss : 0.00205",8d879c1ee797daa905960c111de32356,2026-09-07T06:47:15+00:00,2026-09-07T08:15:46.795066+00:00,933,khuncoincrypto_signals
1154431,32965,"Trade: #CFG/USDT

Direction: 📉 Short 

🟢 Entry Ran...41
• Target 6: 0.1227

💠 Leverage : 5x - 10x - 20x",f5968a9263f402d9efece2d39ec09b8a,2026-09-07T06:47:15+00:00,2026-09-07T08:15:46.729149+00:00,933,khuncoincrypto_signals
1154429,32964,"🚀 #OVER99WINS | TRADE SETUP 🚀

⭐ UB /USDT — LONG

...o

📌 Follow the setup and manage your risk wisely.",bcd32cee3a093c7c9dce30826d65e7c2,2026-09-07T06:47:15+00:00,2026-09-07T08:15:46.709718+00:00,933,khuncoincrypto_signals
1154428,32963,"NEARUSDTUSDT  
Exchanges: BINGX 

🟢 Short
Leverage... 2.31
4) 2.29
5) 2.27
6) 2.24
7) 🚀🚀🚀 

⛔️ SL:
2.55",d2832456b2deb00c17c9f24866d8286c,2026-09-07T06:47:15+00:00,2026-09-07T08:15:46.649461+00:00,933,khuncoincrypto_signals
1154425,32957,"#UBUSDT — BUY (LONG) 
🎉
🟢 Leverage: Cross  20x50

...Risk Management:
Use only 2%– 3%of your portfolio.",7dcac15aeb43797a7246eadfdabffc6e,2026-09-07T06:47:15+00:00,2026-09-07T08:15:46.576465+00:00,933,khuncoincrypto_signals
1158802,33044,"EXCHANGE/BYBIT/BITUNIX/OKX📌 


DAY TRADE 🏆

SHORT/...agement 🏆


Use only 5% of your 📈Available balance",3ee78ba568a20b9df42feb8492406005,2026-09-07T09:56:47+00:00,2026-09-07T10:08:37.452888+00:00,933,khuncoincrypto_signals
1158794,33045,"EXCHANGE/BYBIT/BITUNIX/OKX📌 


DAY TRADE 🏆

SHORT/...agement 🏆


Use only 5% of your 📈Available balance",9354e420b09f9f25f99bac28fa1f8470,2026-09-07T09:56:47+00:00,2026-09-07T10:08:37.368734+00:00,933,khuncoincrypto_signals
1158782,33046,"#BTC - SHORT 150X

Entry  79352

Targets 100% -200%-300% +++

SL= Will Update

Using 1% wallet",36cd25b40308fd23d6187ba72bc8981a,2026-09-07T09:56:47+00:00,2026-09-07T10:08:37.271187+00:00,933,khuncoincrypto_signals
1158778,33043,"✨ZK/USDT

🎗 Trade Type = SHORT 🔴

⭐️ Leverage :- 2...0.010686, 0.010592, 0.010468, 0.010346, 0.010239 ]",ef9b8baf83e757ec54ab34e4e10188e7,2026-09-07T09:56:47+00:00,2026-09-07T10:08:37.247149+00:00,933,khuncoincrypto_signals
1158804,33037,"📊 Let’s LONG #IOST/USDT

💥 Leverage:  Cross 20×  -...922
2) 0.000952
3) 0.001020

🔖 Stop Loss: 0.000849",452d78880dd825994cda317671433f7e,2026-09-07T09:31:25+00:00,2026-09-07T10:08:37.508144+00:00,933,khuncoincrypto_signals
1158801,33039,"⭐️$TIA/USDT  LONG

🛡Leverage : Cross 25x50

‼️Entr...0.3999

Use only 3% - 5% amount of your portfolio🛍",8a35da80f473dacbef3cdb6b2b31b273,2026-09-07T09:31:25+00:00,2026-09-07T10:08:37.427939+00:00,933,khuncoincrypto_signals
1158800,33040,"📈 LONG #DOOD/USDT

🚀 LEVERAGE : 50x

📊 ENTRY PRICE....00235

TP🟢0.00245

STOPLOSS 🔴0.00208


REACTIONS?",5dfb47b9c6bb6cefcfeef57ec2b94d0f,2026-09-07T09:31:25+00:00,2026-09-07T10:08:37.406280+00:00,933,khuncoincrypto_signals
1158790,33041,"🔰 PAIR: SOL/ USDT 💹

🟢Position: LONG🚀

☑️ Entry Zo...:
🥇 105.03
🥈 105.52
🥉 106.55

❌ Stop Loss: 🔴103.08",cc931954145b4b9d9f4f33ba6f4002db,2026-09-07T09:31:25+00:00,2026-09-07T10:08:37.325598+00:00,933,khuncoincrypto_signals
1158787,33042,"Coin #TAO/USDT

Position: LONG 

Leverage:  Cross ...65 - 260

Targets: 🎯 270, 277, 289

Stop Loss: 255",f437c27e337d0065edd5277bae74db66,2026-09-07T09:31:25+00:00,2026-09-07T10:08:37.307138+00:00,933,khuncoincrypto_signals
1158786,33036,"#IOST/USDT BUY (LONG) 

⚡️Leverage : Cross 25x to ...08490

⚠️Use only 3% - 5% amount of your portfolio",54e275c87c87fd80470b62f2b5995274,2026-09-07T09:31:25+00:00,2026-09-07T10:08:37.302648+00:00,933,khuncoincrypto_signals
1158803,33033,SOLUSDT LONG NOW,b603f5051de3680c3dad81703eef98d6,2026-09-07T09:16:22+00:00,2026-09-07T10:08:37.487504+00:00,933,khuncoincrypto_signals
1158783,33034,"⭐️$SOL/USDT  LONG

🛡Leverage : Cross 25x50

‼️Entr... 99.91

Use only 3% - 5% amount of your portfolio🛍",fcaf8e65d8bedbf27e9d63b0a4437087,2026-09-07T09:16:22+00:00,2026-09-07T10:08:37.269823+00:00,933,khuncoincrypto_signals
1158796,33026,#IOST SHORT 0.000890,e322aa93ed24a9d8a98676d4d079a325,2026-09-07T08:31:34+00:00,2026-09-07T10:08:37.372405+00:00,933,khuncoincrypto_signals
1158775,33027,"#IOST/USDT SHORT     

👉Leverage : Cross 10× To 30...00087
2)  0.00082
3)  0.00076

⭕Stoploss : 0.00094",7894ed3c53e38b40e87af5bd0719613b,2026-09-07T08:31:34+00:00,2026-09-07T10:08:37.202188+00:00,933,khuncoincrypto_signals
1158798,33025,"🟢 Long

#ZRX/USDT

Entry : 

1) 0.1031
2) 0.1000

...0.1101

🛑 Stop : 0.0966

Leverage : 10x (isolated)",ea802ed8955e4bf9c50644f06f62c08c,2026-09-07T08:31:23+00:00,2026-09-07T10:08:37.375742+00:00,933,khuncoincrypto_signals
1158797,33020,"SHORT

TIA/USDT

MARKET PRICE 

Leverage: 10X

TP:...5% of capital 

Always use proper risk management.",de307b9f3b52d9f5644f67c8a6709aec,2026-09-07T08:31:23+00:00,2026-09-07T10:08:37.373420+00:00,933,khuncoincrypto_signals
1158792,33021,"#MARSCOIN/USDT SHORT     

👉Leverage : Cross 10× T...t

1)  0.155
2)  0.144
3)  0.133

⭕Stoploss : 0.17",07628b4701182f06b9c8789d3fbfdd79,2026-09-07T08:31:23+00:00,2026-09-07T10:08:37.358942+00:00,933,khuncoincrypto_signals
1158788,33018,"✅ Long

Pair: #BCH/USDT

📊 Entry Price: 

1) 253.6...70
4) 271.00

Stop Loss: 237.67

Leverage: 10x-20x",bbab73757fcbd0919e37447e98707acd,2026-09-07T08:31:23+00:00,2026-09-07T10:08:37.317070+00:00,933,khuncoincrypto_signals
1158785,33017,"SHORT

TIA/USDT

MARKET PRICE 

Leverage: 10X

TP:...5% of capital 

Always use proper risk management.",de307b9f3b52d9f5644f67c8a6709aec,2026-09-07T08:31:23+00:00,2026-09-07T10:08:37.299644+00:00,933,khuncoincrypto_signals
1158781,33016,"🟢#UAI/USDT

📈Signal: long Leverage: Cross 20X

⚡️E...even after TP1 is hit.

📣Trade Smart • Follow Risk",b6f7d5d3fbe514fdcc4d954235dac761,2026-09-07T08:31:23+00:00,2026-09-07T10:08:37.264760+00:00,933,khuncoincrypto_signals
1158779,33019,"SHORT

CFG/USDT

MARKET PRICE 

Leverage: 10X

TP:...5% of capital 

Always use proper risk management.",e83d596c9c9cfc628ca21e47ffe80e33,2026-09-07T08:31:23+00:00,2026-09-07T10:08:37.255930+00:00,933,khuncoincrypto_signals
1158776,33023,"⭐️$NAORIS/USDT  LONG

🛡Leverage : Cross 25x50

‼️E....03413

Use only 3% - 5% amount of your portfolio🛍",794ff0fd606f839303179d8f5d24341b,2026-09-07T08:31:23+00:00,2026-09-07T10:08:37.216718+00:00,933,khuncoincrypto_signals
1161085,33052,"🚀 #OVER99WINS | TRADE SETUP 🚀

⭐ TIA /USDT — LONG
...o

📌 Follow the setup and manage your risk wisely.",e2212d81136f37d33a201a573c257ef8,2026-09-07T10:59:18+00:00,2026-09-07T11:40:06.881197+00:00,933,khuncoincrypto_signals
1161084,33053,"$ONDOUSDT

SHORT

RR : 2

LEVERAGE : 30x

ENTRY : ...893

TAKE PROFITS 👇

1️⃣ 0.3764

STOPLOSS : 0.3956",ed36d4e86887df07708413d74a889e72,2026-09-07T10:59:18+00:00,2026-09-07T11:40:06.872464+00:00,933,khuncoincrypto_signals
1161083,33051,"🔴 Short

Pair: #LTC/USDT

📊 Entry Price: 

1) 55.8...3.19
4) 52.01

Stop Loss: 59.40

Leverage: 10x-20x",1001aacf7c2594c0316fcb790d6c93f6,2026-09-07T10:59:18+00:00,2026-09-07T11:40:06.868943+00:00,933,khuncoincrypto_signals
1161082,33050,"DAY/TRADE 🏆

LONG BTC/USDT📈📈📈( continuation trend ...agement 🏆

Use only 10% of your 📈Available balance",e1a2aad4ff7ad07c6348690394c27535,2026-09-07T10:59:18+00:00,2026-09-07T11:40:06.840263+00:00,933,khuncoincrypto_signals
1168318,33160,"COIN: #UAI  /USDT (SHORT) SETUP

📊 Leverage 25x to...ENT IS KEY
Use only 1–2% of your capital per trade",1e9273d7b10c03f0841f65add2c7f28e,2026-09-07T16:08:49+00:00,2026-09-07T16:26:31.808624+00:00,933,khuncoincrypto_signals
1168317,33161,"🚀 #OVER99WINS | TRADE SETUP 🚀

⭐ BR /USDT — LONG

...o

📌 Follow the setup and manage your risk wisely.",25510ebfb2958501e500bd66451d0ddd,2026-09-07T16:08:49+00:00,2026-09-07T16:26:31.805954+00:00,933,khuncoincrypto_signals
1168316,33158,"💸 LONG —MINA

Entry: 0.08045

💸 Targets: 0.08127 /...9

💸  Stop: 0.07639

💸 Move SL to entry after TP1.",2aed2a50a13bc9b82e809b423c2a350b,2026-09-07T16:08:49+00:00,2026-09-07T16:26:19.832793+00:00,933,khuncoincrypto_signals
1168306,33157,"#BR USDT — BUY (LONG) 
🎉
🟢 Leverage: Cross  20x50
...Risk Management:
Use only 2%– 3%of your portfolio.",3df8f55a263de444f35a5505eb2fde37,2026-09-07T16:08:49+00:00,2026-09-07T16:26:19.691167+00:00,933,khuncoincrypto_signals
1168314,33134,"🚩 SHORT #ZAMA/USDT

⚙️ 75X LEVERAGE

🛡 Entry: 0.05...: 0.05060
TP3: 0.04780

🛑 SL: 0.06100

🔥REACTIONS?",0cb686979090aa89229abde4e4265408,2026-09-07T16:08:48+00:00,2026-09-07T16:26:19.747329+00:00,933,khuncoincrypto_signals
1168311,33149,"🔴 Short

Pair: #KAVA/USDT

📊 Entry Price: 

1) 0.0...) 0.052823

Stop Loss: 0.060325

Leverage: 10x-20x",cadcca857dec8f76d4d326393c19752b,2026-09-07T16:08:48+00:00,2026-09-07T16:26:19.731965+00:00,933,khuncoincrypto_signals
1168309,33154,"COIN: #IOST /USDT (LONG) SETUP

📊 Leverage 25x to ...ENT IS KEY
Use only 1–2% of your capital per trade",c40a36041d515b9a44c126655ecce00a,2026-09-07T16:08:48+00:00,2026-09-07T16:26:19.723693+00:00,933,khuncoincrypto_signals
1168308,33135,"Long #WLD 75x 0.4690

Tp: 0.4730",a5453adf2bf0441613c49af54f2c275d,2026-09-07T16:08:48+00:00,2026-09-07T16:26:19.717580+00:00,933,khuncoincrypto_signals
1168295,33146,"🟢#WLD/USDT

📈Signal: long Leverage: Cross 20X

⚡️E...even after TP1 is hit.

📣Trade Smart • Follow Risk",6c2368282463d9e868953a1f1e69b7b0,2026-09-07T16:08:48+00:00,2026-09-07T16:26:19.591889+00:00,933,khuncoincrypto_signals
1168294,33140,"✅Entry 0.1237 -0.1220

(🆘LONG CFGUSDT 5-20x🆘)

🏹 T... 5  $0.1300
🏹Target 6  $0.1313

🚫Stop loss -0.1169",6b43b031c0a5110a5f9bbbabfe43601d,2026-09-07T16:08:48+00:00,2026-09-07T16:26:19.562746+00:00,933,khuncoincrypto_signals
1168284,33132,"🚀 #PRL/USDT LONG SIGNAL 🚀
📍 Entry: 0.1342


🎯 Take... your risk, and let's catch this move together! 🪙🔥",d6ef80f841390c6c035f1f1125c8bf2a,2026-09-07T16:08:48+00:00,2026-09-07T16:26:19.421385+00:00,933,khuncoincrypto_signals
1168283,33143,"COIN: #IOST /USDT (SHORT) SETUP

📊 Leverage 25x to...ENT IS KEY
Use only 1–2% of your capital per trade",9e0adbb414ca11c02bb6c6cf27086fba,2026-09-07T16:08:48+00:00,2026-09-07T16:26:19.420207+00:00,933,khuncoincrypto_signals
1168276,33138,"$BATUSDT

LONG

RR : 2

LEVERAGE : 50x

ENTRY : 0....740

TAKE PROFITS 👇

1️⃣ 0.0756

STOPLOSS : 0.0733",bebf7859741ec2e107f3cd0bfa1197b3,2026-09-07T16:08:48+00:00,2026-09-07T16:26:19.339354+00:00,933,khuncoincrypto_signals
1168275,33139,LONG CFG 0.1240,e8330bf040ed01416e039d1710fe7b3c,2026-09-07T16:08:48+00:00,2026-09-07T16:26:19.324365+00:00,933,khuncoincrypto_signals
1168268,33141,"🚀 LONG: $PIEVERSE/USDT
LEVERAGE: 50x

✔️ENTRY PRIC...3000-1.3500-1.4700

STOP LOSS:  1.2200

REACTIONS?",3ea339eb0ab48af270643da2346e9da4,2026-09-07T16:08:48+00:00,2026-09-07T16:26:19.243035+00:00,933,khuncoincrypto_signals
1168260,33137,"xrp/Usdt long 🟢
with 0.5% Wallet on market price 
...osite movement pe jo 5% around the liq manage zero",5ad85cb5302241eaa00cb6ed7a53ae69,2026-09-07T16:08:48+00:00,2026-09-07T16:26:19.140186+00:00,933,khuncoincrypto_signals
1168305,33121,"🔘 Coin : #ORCA/USDT 🔘

🟢 LONG

🔺Entry🔻: 1.545

⭐️ ....608 - 1.638

♦️ StopLoss : 1.488

🔱 Leverage: 25x",329dff97e34bc9ce21d57fbe076ee7ff,2026-09-07T16:08:47+00:00,2026-09-07T16:26:19.678900+00:00,933,khuncoincrypto_signals
1168297,33120,"🔴 SHORT

#ATOM/USDT

Entry : 

1) 1.669
2) 1.719

...) 1.553

🛑 Stop : 1.774

Leverage : 10x (isolated)",4cc168eb203b5e81875aace148d9ebba,2026-09-07T16:08:47+00:00,2026-09-07T16:26:19.596951+00:00,933,khuncoincrypto_signals
1168296,33110,"⭐️$ZORA/USDT  LONG

🛡Leverage : Cross 25x50

‼️Ent...007809

Use only 3% - 5% amount of your portfolio🛍",f9e90102a50347300cf31510362aed4d,2026-09-07T16:08:47+00:00,2026-09-07T16:26:19.595121+00:00,933,khuncoincrypto_signals
1168287,33125,"🟢ICP/USDT My long Trade Setup

Leverage 75X

Entry...  3.100

Stop Loss: 2.950

Follow Money Management",aeef86750f14eab5333862883b6fa79c,2026-09-07T16:08:47+00:00,2026-09-07T16:26:19.457562+00:00,933,khuncoincrypto_signals
1168286,33108,"📍Coin : #AVNT/USDT

🟢 LONG 

👉 Entry: 0.1092 - 0.1...t 5: 0.1147
🎯 Target 6: 0.1158

❌ StopLoss: 0.1032",cb3849b54b4d95c00e40ecedd2dd776a,2026-09-07T16:08:47+00:00,2026-09-07T16:26:19.431000+00:00,933,khuncoincrypto_signals
1168282,33112,"#XAN/USDT LONG     

👉Leverage : Cross 10× To 30×
...)  0.0205
2)  0.0210
3)  0.0220

⭕Stoploss : 0.018",ef229a870206b6c37f301f040c94617d,2026-09-07T16:08:47+00:00,2026-09-07T16:26:19.419381+00:00,933,khuncoincrypto_signals
1168277,33119,"⚡️ BTC/USDT ⚡️

🔻 SCALP LONG

💎 Leverage: 10x – 15...oss: $76595

⚠️ Trade with proper risk management.",4d0162e77848f347e061d0c97d1ac8f4,2026-09-07T16:08:47+00:00,2026-09-07T16:26:19.347408+00:00,933,khuncoincrypto_signals
1168270,33127,"TREEUSDT - LONG ( Swing trade ) 📈

Entry : Market ...t : 

*0.048
0.05
0.055
0.06*

Stoploss at : 0.034",289a844729e92342c8b96b9b785f2967,2026-09-07T16:08:47+00:00,2026-09-07T16:26:19.288887+00:00,933,khuncoincrypto_signals
1168267,33131,PRL LONG 0.1342 tp1 0.1370,f0fdb9a5de015b0a705fddfc9e48f0d0,2026-09-07T16:08:47+00:00,2026-09-07T16:26:19.232116+00:00,933,khuncoincrypto_signals
1168266,33122,"TREEUSDT - LONG ( Swing trade ) 📈

Entry : Market ...t : 

*0.048
0.05
0.055
0.06*

Stoploss at : 0.034",289a844729e92342c8b96b9b785f2967,2026-09-07T16:08:47+00:00,2026-09-07T16:26:19.231341+00:00,933,khuncoincrypto_signals
1168264,33111,"🪙 Coin: #XAN/USDT
🧭 Type: #LONG

📈 Entry Zone:
0.0... within the zone and maintain strict risk control.",d5f0127db3dea847bd680b8d3891631b,2026-09-07T16:08:47+00:00,2026-09-07T16:26:19.224299+00:00,933,khuncoincrypto_signals
1168262,33123,"➡️ #SOPH     /USDT (SHORT) 🔽🔽

⌛LEVERAGE : 20X TO ...55

💥Use only 1%margin of your total portfolio❤️😘😇",3decacf0dda673ce8ed47c106f4c98ed,2026-09-07T16:08:47+00:00,2026-09-07T16:26:19.153062+00:00,933,khuncoincrypto_signals
1168261,33126,"🚩 SHORT #FLOCK/USDT

⚙️ 75X LEVERAGE

🛡 Entry: 0.0...: 0.06450
TP3: 0.06340

🛑 SL: 0.07200

🔥REACTIONS?",0d65be6ddd3d9f10bb4d6f0b5958487c,2026-09-07T16:08:47+00:00,2026-09-07T16:26:19.139177+00:00,933,khuncoincrypto_signals
1168258,33124,"#SHORT 🔴 🔤🔤🔤🔤🔤

#NEAR/USDT 

Margin Mode : Isolate....155

🟩 SL : 2.506 - 100%

📊 LEV : 20X

🇯🇵 Premium",1ccd977c4e23510fd1ad1ac64f5e477b,2026-09-07T16:08:47+00:00,2026-09-07T16:26:19.111891+00:00,933,khuncoincrypto_signals
1168254,33129,"🔴 SHORT

#NEO/USDT

Entry zone : 2.271 - 2.205

Ta...060
1.994
1.927

Stop loss :2.35935

Leverage: 10x",3a11ca6196e27f682cbb4cf7633242f2,2026-09-07T16:08:47+00:00,2026-09-07T16:26:19.037056+00:00,933,khuncoincrypto_signals
1168315,33094,"#SOLV/USDT BUY (LONG) 

⚡️Leverage : Cross 25x to ...04250

⚠️Use only 3% - 5% amount of your portfolio",73b367e758879932f87acdf1642978ac,2026-09-07T16:08:46+00:00,2026-09-07T16:26:19.809017+00:00,933,khuncoincrypto_signals
1168310,33090,"🚀 LONG: $4/USDT
LEVERAGE: 50x

✔️ENTRY PRICE: 0.02...-0.02850-0.03100

STOP LOSS:  0.02520


REACTIONS?",3a3d1414438b344972e44c1684a4163f,2026-09-07T16:08:46+00:00,2026-09-07T16:26:19.730443+00:00,933,khuncoincrypto_signals
1168285,33099,"🔘 Coin : #DOOD/USDT 🔘

🔴 SHORT

🔺Entry🔻: 0.002273
... 0.002091

♦️ StopLoss : 0.002361

🔱 Leverage: 25x",ef484b0e83d0b405189a72f0ca7b9bfb,2026-09-07T16:08:46+00:00,2026-09-07T16:26:19.425406+00:00,933,khuncoincrypto_signals
1168281,33097,AKE LONG 0.01745 TP1 0.01782,77c1056b40b11bbb1b633910b524560a,2026-09-07T16:08:46+00:00,2026-09-07T16:26:19.354912+00:00,933,khuncoincrypto_signals
1168274,33102,"Coin #ZRO/USDT

Position: LONG 

Leverage:  Cross ...1.14

Targets: 🎯 1.20, 1.25, 1.32

Stop Loss: 1.11",ce4da70767e5847a7c6c003859e4acc1,2026-09-07T16:08:46+00:00,2026-09-07T16:26:19.315389+00:00,933,khuncoincrypto_signals
1168273,33092,"📊#DOOD/USDT — LONG

⚡️ Leverage : 20X – 25X

💹Entr...Entry After TP1

⚖️ Follow Proper Risk Management.",81847fecebb501e8596b8204c7ab37cb,2026-09-07T16:08:46+00:00,2026-09-07T16:26:19.308638+00:00,933,khuncoincrypto_signals
1168259,33091,"🚀 #OVER99WINS | TRADE SETUP 🚀

⭐ UNI /USDT — LONG
...o

📌 Follow the setup and manage your risk wisely.",c3a7cd5c75eddbaf129f53e682e04afd,2026-09-07T16:08:46+00:00,2026-09-07T16:26:19.110813+00:00,933,khuncoincrypto_signals
1168257,33101,"🌈PAIR:- LUNA2/USDT
⚡️ Direction : LONG
🛠 Leverage:...nt Usage:- 1 - 2%
(According To your Risk Setting)",ef53d602106cfae325bba33324da2f37,2026-09-07T16:08:46+00:00,2026-09-07T16:26:19.095433+00:00,933,khuncoincrypto_signals
1168253,33103,"LUNA2 / USDT 

SHORT SHORT SHORT 

IST ENTRY AT MA...E 

TP 0.05300
TP 0.05260
TP 0.05205

15X LEVERAGE",4735d3158b005b79339ef19a179d3028,2026-09-07T16:08:46+00:00,2026-09-07T16:26:19.035864+00:00,933,khuncoincrypto_signals
1168252,33098,"🚀 #AKE/USDT LONG SIGNAL 🚀
📍 Entry: 0.01740


🎯 Tak... your risk, and let's catch this move together! 🪙🔥",e512642eb2f3e23659b1a75d0d49e661,2026-09-07T16:08:46+00:00,2026-09-07T16:26:18.914709+00:00,933,khuncoincrypto_signals
1170349,33187,"🚨 #FLOCK/USDT | LONG

⚡Leverage: Cross 50X

🎯Entry... follow the signal and secure profits at targets.💎",0e81f3b28a2e706cb040e8d72c790e74,2026-09-07T17:00:29+00:00,2026-09-07T17:53:59.696626+00:00,933,khuncoincrypto_signals
1170346,33185,"↗️ SHORT CALL ( BINANCE ) 

#CGPT/USDT 🥂

Signal T...17x LEVERAGE 👀

TAKE PROFIT -  0.01950 - 0.01700🔥🔥",dff4c61ea2287a89c21ec777035b9e88,2026-09-07T17:00:29+00:00,2026-09-07T17:53:59.678446+00:00,933,khuncoincrypto_signals
1170348,33181,"🚀 #BUSDT LONG SIGNAL 🚀
📍 Entry: 0.1840


🎯 Take Pr... your risk, and let's catch this move together! 🪙🔥",6dd224bc16bf1c93944c340902339cfc,2026-09-07T17:00:28+00:00,2026-09-07T17:53:59.693694+00:00,933,khuncoincrypto_signals
1170341,33183,"🚀 #DOTUSDT LONG SIGNAL 🚀
📍 Entry: 1.0882


🎯 Take ... your risk, and let's catch this move together! 🪙🔥",bb620e937e95a53434be5667fb36dae1,2026-09-07T17:00:28+00:00,2026-09-07T17:53:59.602368+00:00,933,khuncoincrypto_signals
1170340,33182,DOT LONG 1.0882 TP1 1.1105,08e7022177e8b0f5f2280732282736e9,2026-09-07T17:00:28+00:00,2026-09-07T17:53:59.583981+00:00,933,khuncoincrypto_signals
1172602,33190,"🚨 NEW TRADE SIGNAL 🚨

📊 UAI/USDT — Perpetual

📞 EN...arefully.

📈 I’ll update the trade as it develops.",6ba5e9ddf6c5ad233cc648c60faa9060,2026-09-07T18:44:23+00:00,2026-09-07T19:18:52.820146+00:00,933,khuncoincrypto_signals
1172601,33188,"🚨 #SUSHI/USDT | LONG

⚡Leverage: Cross 50X

🎯Entry... follow the signal and secure profits at targets.💎",16d7e4ad40f4be225a6f4cac3e575069,2026-09-07T18:44:23+00:00,2026-09-07T19:18:52.817479+00:00,933,khuncoincrypto_signals
1176290,33191,"💰#BR/ USDT👑

💎Setup Type: Strong LONG  🔖Opportunit...TP ➝ 0.32000

4️⃣TP ➝ 0.40000

🚫Stop Loss: 0.24000",5bc17d135f337e7c754b65d960a65b5c,2026-09-07T21:58:16+00:00,2026-09-07T23:48:04.144020+00:00,933,khuncoincrypto_signals
1181500,33282,"🟢#FORM/USDT

📈Signal: long Leverage: Cross 20X

⚡️...even after TP1 is hit.

📣Trade Smart • Follow Risk",d7b52b8a29660bb62df2041d0a22d9e1,2026-09-08T07:13:05+00:00,2026-09-08T07:23:56.581243+00:00,933,khuncoincrypto_signals
1181521,33280,"🔰 SAFE/USDT 🔰

🟢 LONG 20X

🔳 ENTRY :- 0.106

☑️ TARGET:- 0.110 - 0.116 - 0.124

🔴 STOP :- 0.096",26b1c1208824ef1c77aa3e8b71b15747,2026-09-08T07:05:53+00:00,2026-09-08T07:23:56.637490+00:00,933,khuncoincrypto_signals
1181493,33279,"⚡️$SAFE/USDT⚡️

LONG
Leverage: 20X

Entry: 0.106

Target:

1)0.110
2)0.116
3)0.124

Stoploss: 0.096",8dcd80e2c8f0245fd263bdcb4c075109,2026-09-08T07:05:53+00:00,2026-09-08T07:23:56.249676+00:00,933,khuncoincrypto_signals
1181548,33262,"📊 Let’s LONG #SOL/USDT

💥 Leverage:  Cross 20×  - ...1) 104.55
2) 105.65
3) 106.82

🔖 Stop Loss: 101.30",b52f02097db21e5e8422f5115ddb8776,2026-09-08T06:55:02+00:00,2026-09-08T07:23:56.859024+00:00,933,khuncoincrypto_signals
1181546,33276,"$BR/USDT #LONG📩

✅ENTRY :-0.2720/0.2630

Target 1:...𝐎𝐧𝐥𝐲 𝟏-𝟑% 𝐎𝐟 𝐎𝐮𝐫 𝐃𝐞𝐩𝐨𝐬𝐢𝐭 𝐅𝐨𝐫 𝐄𝐚𝐜𝐡 𝐓𝐫𝐚𝐝𝐞

React,??m",61c21d0ba1c5b95f92877673d16757b0,2026-09-08T06:55:02+00:00,2026-09-08T07:23:56.840921+00:00,933,khuncoincrypto_signals
1181545,33268,"⚡ #BICO/USDT

📤 Long 

💹 Buy: 0.02283 - 0.02240

🧿...7 - 0.02421

🧨 StopLoss: 0.02174 

🔘 Leverage: 20x",e90e6bd837a65feab517407a657bd42e,2026-09-08T06:55:02+00:00,2026-09-08T07:23:56.834446+00:00,933,khuncoincrypto_signals
1181539,33274,"🚀 $AERO/USDT PERP 🚀

🟢 LONG

💰 Entry : 0.665$ – 0.... 5X – 25X

⛔️ SL : 0.550$

📌 Use Only 2-5% Capital",fc2f041bba7f907f6f3cd6bda5ae7d9f,2026-09-08T06:55:02+00:00,2026-09-08T07:23:56.801667+00:00,933,khuncoincrypto_signals
1181535,33272,"$NEAR LONG🟢 (25x Lev)

Entry- 2.80$

Targets- 2.312$- 2.340$- 2.377$- 2.415$

Stop Loss- 2.225$",b0f431648a8a5204791a43cd3f8d14ce,2026-09-08T06:55:02+00:00,2026-09-08T07:23:56.777564+00:00,933,khuncoincrypto_signals
1181534,33263,"📊 Let’s LONG #SOLV/USDT

💥 Leverage:  Cross 20×  -...1) 0.0047
2) 0.0049
3) 0.0053

🔖 Stop Loss: 0.0043",bccb3c0af4e22778a0ab21890357c044,2026-09-08T06:55:02+00:00,2026-09-08T07:23:56.762255+00:00,933,khuncoincrypto_signals
1181529,33271,"💵 𝐒𝐈𝐆𝐍𝐀𝐋 𝐀𝐋𝐄𝐑𝐓 💵

#AERO/USDT (25xLONG)

✅ ENTRY:0....62

TARGETS:-0.6650/0.70/0.75

❌ STOP LOSS: 0.5550",2df0690ca6b2aeba2c6c2dd7961fa243,2026-09-08T06:55:02+00:00,2026-09-08T07:23:56.670064+00:00,933,khuncoincrypto_signals
1181526,33266,"$WLD LONG NOW

ENTRY: 0.4980 - 0.4800

TP:- 0.52 - 0.55 - 0.59

SL:- 0.44",09787c6ef7df4ef7294249cd69bbab44,2026-09-08T06:55:02+00:00,2026-09-08T07:23:56.654620+00:00,933,khuncoincrypto_signals
1181516,33278,"🐳 SENT/USDT #LONG🐳

✳️ ENTRY :- 0.0148 - 0.0141

💢...0.0178

⛔️ STOP-LOSS :- 0.0138

☝️ Margin Use 2–3%",f6e7d49f8a0d79459c0857358ecd69ee,2026-09-08T06:55:02+00:00,2026-09-08T07:23:56.628391+00:00,933,khuncoincrypto_signals
1181517,33275,"📊#AERO/USDT–LONG–30x 🚀

📍 𝐄𝐧𝐭𝐫𝐲 𝐙𝐨𝐧𝐞:

➥ 0.668, 0....tal.

⚠️ Disclaimer:
Trade at your own risk. DYOR.",e80098dd808bcee1853060f7aee14fff,2026-09-08T06:55:02+00:00,2026-09-08T07:23:56.627543+00:00,933,khuncoincrypto_signals
1181514,33264,"#SOPH/USDT SHORT     

👉Leverage : Cross 10× To 30...0.00988
2)  0.00950
3)  0.00900

⭕Stoploss : 0.105",adfd991c38b34adad4c22a96c0aff27a,2026-09-08T06:55:02+00:00,2026-09-08T07:23:56.624734+00:00,933,khuncoincrypto_signals
1181515,33277,"🟢AERO/USDT 📈

📈 long Setup 

💰 Entry Zone: 0.6570–...et 1. 
✅ Move SL to breakeven after Target 1 hits.",05a574dcd9171505d273614e377144f8,2026-09-08T06:55:02+00:00,2026-09-08T07:23:56.623828+00:00,933,khuncoincrypto_signals
1181498,33273,"$BTC LONG🟢 (25x Lev)

Entry -  $78000

TP - 79000$- 80000$

SL: 77000$",497624811fbd48ff141e822113e07ab5,2026-09-08T06:55:02+00:00,2026-09-08T07:23:56.575220+00:00,933,khuncoincrypto_signals
1181496,33270,"🔴 SHORT

#TRX/USDT

Entry : 

1) 0.33751
2) 0.3476...31415

🛑 Stop : 0.35877

Leverage : 10x (isolated)",cd174719ba57071d8e604538e3407a93,2026-09-08T06:55:02+00:00,2026-09-08T07:23:56.565918+00:00,933,khuncoincrypto_signals
1181495,33269,"🪙 Coin: #SOLV/USDT
🧭 Type: #LONG

📈 Entry Zone:
0.... within the zone and maintain strict risk control.",464790a0335146ef8ebd48f2e08d36a2,2026-09-08T06:55:02+00:00,2026-09-08T07:23:56.549650+00:00,933,khuncoincrypto_signals
1184812,33328,"💰#SOPH/ USDT👑

💎Setup Type: Strong LONG  🔖Opportun...➝ 0.011800

4️⃣TP ➝ 0.012900

🚫Stop Loss: 0.008500",66d16a8345045ba97f60ae80e2dd375a,2026-09-08T08:56:18+00:00,2026-09-08T09:08:03.734505+00:00,933,khuncoincrypto_signals
1184807,33331,"🚀 #OVER99WINS | TRADE SETUP 🚀

⭐ SOPH /USDT — LONG...o

📌 Follow the setup and manage your risk wisely.",82f043a0c34bfff235aa19ecb8a72a2d,2026-09-08T08:56:18+00:00,2026-09-08T09:08:03.681826+00:00,933,khuncoincrypto_signals
1184805,33329,"BICO/USDT 

SHORT SHORT SHORT 

OPEN MARKET PRICE ...2500
TP 0.022300
TP 0.022100

SL 0.026400

LEV 15X",18bf302d3b035f9eb618055881ea091b,2026-09-08T08:56:18+00:00,2026-09-08T09:08:03.660713+00:00,933,khuncoincrypto_signals
1184808,33313,"✅ Long

#BCH/USDT

Entry zone : 247.61 - 255.27

T...
279.39
287.01

Stop loss :237.4011

Leverage: 10x",80275fd6b56b43510abe23486cc62875,2026-09-08T08:34:28+00:00,2026-09-08T09:08:03.739410+00:00,933,khuncoincrypto_signals
1184799,33312,"🔰 PAIR: SOL/ USDT 💹

🟢Position: LONG🚀

☑️ Entry Zo...:
🥇 103.10
🥈 103.39
🥉 103.66

❌ Stop Loss: 🔴101.80",d60a4b7864d14c425ba3d0ed7bbc858b,2026-09-08T08:34:28+00:00,2026-09-08T09:08:03.563153+00:00,933,khuncoincrypto_signals
1184795,33304,"📊 Let’s LONG #SOPH /USDT

💥 Leverage:  Cross 20×  ... 0.0105
2) 0.0110
3) 0.0120

🔖 Stop Loss: 0.009380",a4c4481323d9402f509c83a4a8e5fe71,2026-09-08T08:10:01+00:00,2026-09-08T09:08:03.438798+00:00,933,khuncoincrypto_signals
1184794,33296,"Coin #AKE/USDT

Position: LONG 

Leverage:  Cross ...rgets: 🎯 0.0188, 0.0194, 0.0203

Stop Loss: 0.0170",7ad761cdd69d1aefec43cb77fbb950fa,2026-09-08T08:10:01+00:00,2026-09-08T09:08:03.382034+00:00,933,khuncoincrypto_signals
1184793,33297,"🚀 LONG: $USELESS/USDT🚀
LEVERAGE: 20X-50X

🤍 ENTRY ...60- 0.2780
—————

❌ STOP LOSS: 0.2030❌


REACTIONS",154dd8ac7267710d6affc724f5b40118,2026-09-08T08:10:01+00:00,2026-09-08T09:08:03.352328+00:00,933,khuncoincrypto_signals
1184791,33295,"Coin #SOPH/USDT

Position: LONG 

Leverage:  Cross...rgets: 🎯 0.0108, 0.0114, 0.0122

Stop Loss: 0.0096",bdf5d696d8f9aabbeadbbd18a004581d,2026-09-08T08:10:01+00:00,2026-09-08T09:08:03.295846+00:00,933,khuncoincrypto_signals
1184792,33301,"🟢COIN: #SOPH /USDT (LONG)

📊 Leverage 25x to 50x

...ENT IS KEY
Use only 1–2% of your capital per trade",9f950d7dc90f80592a5a4685a8437c32,2026-09-08T08:10:01+00:00,2026-09-08T09:08:03.290447+00:00,933,khuncoincrypto_signals
1184790,33299,"🚨 #SOPH/USDT | LONG

⚡Leverage: Cross 50x

🎯Entry ... follow the signal and secure profits at targets.💎",f858ed14c5ae7858f4b973e14c154c15,2026-09-08T08:10:01+00:00,2026-09-08T09:08:03.284751+00:00,933,khuncoincrypto_signals
1184789,33303,"🟢#1000CAT/USDT

📈Signal: long Leverage: Cross 20X
...even after TP1 is hit.

📣Trade Smart • Follow Risk",a4e82516159c3d1598e0d9471f3ef8b5,2026-09-08T08:10:01+00:00,2026-09-08T09:08:03.277932+00:00,933,khuncoincrypto_signals
1184788,33298,"#USELESS/USDT LONG     

👉Leverage : Cross 10× To ...

1)  0.240
2)  0.256
3)  0.278

⭕Stoploss : 0.215",929bda7b6705e69f9d4f0ceeca4ca8c7,2026-09-08T08:10:01+00:00,2026-09-08T09:08:03.233152+00:00,933,khuncoincrypto_signals
1184785,33300,"🚨 #FLOCK/USDT | LONG

⚡Leverage: Cross 50x

🎯Entry... — follow the sign and secure profits at targets.💎",9dc2ca9320f782852732014ba38cbf8c,2026-09-08T08:10:01+00:00,2026-09-08T09:08:03.113497+00:00,933,khuncoincrypto_signals
1184784,33294,"🚨 #USELESS/USDT — LONG SETUP

📍 Entry Zone: 0.215 ...ou can afford to lose.

🔥 Trade Safe. Trade Smart.",562b75877780b1c80c254df1e134a8b5,2026-09-08T08:10:01+00:00,2026-09-08T09:08:03.109557+00:00,933,khuncoincrypto_signals
1184783,33292,"🟢#SOPH/USDT

📈Signal: long Leverage: Cross 20X

⚡️...even after TP1 is hit.

📣Trade Smart • Follow Risk",af771b04c9351b9f49beb5f66ced1129,2026-09-08T08:10:01+00:00,2026-09-08T09:08:03.077278+00:00,933,khuncoincrypto_signals
1187827,33351,"🚨 #USELESS/USDT | SHORT

⚡Leverage: Cross 50x

🎯En... follow the signal and secure profits at targets.💎",ae9aeae95ce00f709405b5ea27b66eb1,2026-09-08T10:44:43+00:00,2026-09-08T10:44:44.929260+00:00,933,khuncoincrypto_signals
1187826,33352,"🌹 #XPL/USDT

🟢 LONG

✅ Entry: 0.09965- 0.09823

❌ ...l advice.
💰 Stay disciplined. Protect your capital",5c9c2b0fcbf9c732850b0033e786a345,2026-09-08T10:44:43+00:00,2026-09-08T10:44:44.921157+00:00,933,khuncoincrypto_signals
1187823,33349,"#XPL/USDT

LONG LONG LONG 

OPEN MARKET PRICE 

TP...50
TP 0.10650
TP 0.10800

SL 0.09510

Leverage 25X",08393aba3e8b1223fb6183d9425e222f,2026-09-08T10:44:43+00:00,2026-09-08T10:44:44.906774+00:00,933,khuncoincrypto_signals
1187822,33348,"📊#VET/USDT — LONG

⚡️ Leverage : 20X – 35X

💹Entry...Entry After TP1

⚖️ Follow Proper Risk Management.",a06dd4fb911de4e272701259c6f646ab,2026-09-08T10:44:43+00:00,2026-09-08T10:44:44.877137+00:00,933,khuncoincrypto_signals
1187815,33345,"✨TAO/USDT

🎗 Trade Type = LONG 🟢

⭐️ Leverage :- 2...[ 258.14, 260.59, 263.33, 265.79, 269.19, 272.08 ]",72cbc34dd99a49d0b51ea5bfb5fce89f,2026-09-08T10:07:31+00:00,2026-09-08T10:44:44.810993+00:00,933,khuncoincrypto_signals
1187819,33344,"🔴 Short

Pair: #VET/USDT

📊 Entry Price: 

1) 0.00...) 0.007186

Stop Loss: 0.008207

Leverage: 10x-20x",01b0c40405f86ec6112fd3f949c8ead1,2026-09-08T10:07:30+00:00,2026-09-08T10:44:44.845572+00:00,933,khuncoincrypto_signals
1187818,33341,"$ATOM

LONG | Entry: 1.654
TP1: 1.701
TP2: 1.762
TP3: 1.825
SL: 1.597",e933cb6bf2c9d47c0f595c34aed5d402,2026-09-08T10:07:30+00:00,2026-09-08T10:44:44.844348+00:00,933,khuncoincrypto_signals
1187817,33339,"📊 #ON/USDT

🟢 POSITION: LONG

💰 ENTRY RANGE
➤ 0.19...
➤ 0.170

━━━━━━━━━━━━━━━━━━

✅ Manage risk wisely",c9240ad7dd0e67b4f029cb793c881272,2026-09-08T09:54:08+00:00,2026-09-08T10:44:44.830892+00:00,933,khuncoincrypto_signals
1187816,33333,IOSTUSDT LONG NOW,cd9fa5befd256cfca5a75831e938068b,2026-09-08T09:54:08+00:00,2026-09-08T10:44:44.815764+00:00,933,khuncoincrypto_signals
1187814,33336,"⭐️$BTR/USDT  LONG

🛡Leverage : Cross 25x50

‼️Entr....04664

Use only 3% - 5% amount of your portfolio🛍",3bec9a87947613cd2ac2c282d63fa8ef,2026-09-08T09:54:08+00:00,2026-09-08T10:44:44.806632+00:00,933,khuncoincrypto_signals
1187813,33337,"#SOPH USDT — BUY (LONG) 
🎉
🟢 Leverage: Cross  50x7...Risk Management:
Use only 2%– 3%of your portfolio.",63a082d32c183342c6d055fa8d874a02,2026-09-08T09:54:08+00:00,2026-09-08T10:44:44.798822+00:00,933,khuncoincrypto_signals
1187812,33335,BTRUSDT LONG NOW,bb5b5b885c596b1d0121d18ff069f372,2026-09-08T09:54:08+00:00,2026-09-08T10:44:44.779518+00:00,933,khuncoincrypto_signals
1187811,33334,"⭐️$IOST/USDT  LONG

🛡Leverage : Cross 25x50

‼️Ent...008486

Use only 3% - 5% amount of your portfolio🛍",483c31e96d8aab0264adf8f189341fcc,2026-09-08T09:54:08+00:00,2026-09-08T10:44:44.751098+00:00,933,khuncoincrypto_signals
