id,external_id,message_preview,hash,published_at,created_at,source_id,source_name
1027704,23540,"FREE SIGNAL 

#EGLD/USDT LONG SIGNAL 

📍 Entry: 4....e your risk, and let's catch this move together! 🪙",0bf82401c61bc080729b1e4bf070d961,2026-09-02T06:33:01+00:00,2026-09-02T06:34:44.740731+00:00,905,cryptocurrency79
1027703,23543,"COIN: #UNI/USDT

NARRATIVE: LONG

LEVERAGE: 50X

M...Tp3: 5.502
Tp4: 5.644
Tp5: 5.801

STOP LOSS: 4.932",825101bcbc560be847dd4a695f6b104b,2026-09-02T06:33:01+00:00,2026-09-02T06:34:44.739846+00:00,905,cryptocurrency79
1027700,23541,"#MAGMA/USDT 

LONG

LEVERAGE : 50x

✔️ TAKE ENTRY ...
⚠️ STOPLOSS 

1) ➡️ 0.45240

Use Only 2–3% Margin",c1d25a682e3f0e559deda83c65b3b93b,2026-09-02T06:33:01+00:00,2026-09-02T06:34:44.710615+00:00,905,cryptocurrency79
1027693,23542,"#UAI/USDT

📈Signal: long Leverage: Cross 20X

⚡️En...even after TP1 is hit.

📣Trade Smart • Follow Risk",3cf5cea1eee02323980050ee2265214c,2026-09-02T06:33:01+00:00,2026-09-02T06:34:44.675524+00:00,905,cryptocurrency79
1029994,23618,"⚡️⚡️ #UAI/USDT️️️️⚡️️⚡️
SIGNAL Type: Regular (LONG...op: Breakeven -
  Trigger: Target (1)

NO REACTS 🔥",5f2c4bfb5b88ea11a8120d52071876fb,2026-09-02T09:09:30+00:00,2026-09-02T09:26:36.373333+00:00,905,cryptocurrency79
1029972,23590,"📊 Let’s LONG #MAGMA/USDT

💥 Leverage:  Cross 20×

...s: 

1) 0.525
2) 0.565
3) 0.620

🔖 Stop Loss: 0.48",81181143752d31d2fcece29bbaab76f8,2026-09-02T09:08:57+00:00,2026-09-02T09:26:34.948704+00:00,905,cryptocurrency79
1029968,23588,"🔘 Coin : #CLO/USDT 🔘

🔴 SHORT

🔺Entry🔻: 0.17103

⭐... - 0.15738

♦️ StopLoss : 0.17718

🔱 Leverage: 25x",1e55a6a53c379dffbcc10aee5a514ea8,2026-09-02T09:08:51+00:00,2026-09-02T09:26:34.627296+00:00,905,cryptocurrency79
1029967,23586,"🚀 #APR/USDT LONG SIGNAL 🚀
📍 Entry: 0.2120


🎯 Take... your risk, and let's catch this move together! 🪙🔥",7a8b1600d5139d9f8f683f944c42bc1d,2026-09-02T09:08:51+00:00,2026-09-02T09:26:34.550349+00:00,905,cryptocurrency79
1029966,23587,"🟢#BTR/USDT

📈Signal: short Leverage: Cross 20X

⚡️...even after TP1 is hit.

📣Trade Smart • Follow Risk",892f1d968b7d20576f7cdfdbaf6ad751,2026-09-02T09:08:51+00:00,2026-09-02T09:26:34.549567+00:00,905,cryptocurrency79
1029963,23585,"📊 #MAGMA/USDT

🟢 POSITION: LONG

💰 ENTRY RANGE
➤ 0...
➤ 0.400

━━━━━━━━━━━━━━━━━━

✅ Manage risk wisely",5eeb945d9ed7274aeb4b4616ee625235,2026-09-02T09:08:51+00:00,2026-09-02T09:26:34.508255+00:00,905,cryptocurrency79
1029945,23584,"Coin #UAI/USDT

Position: LONG 

Leverage:  Cross ...0.52

Targets: 🎯 0.56, 0.59, 0.64

Stop Loss: 0.50",dc2d7ac88995f7b56e5443763f73d7c1,2026-09-02T09:08:51+00:00,2026-09-02T09:26:34.396225+00:00,905,cryptocurrency79
1029962,23579,"🪙 Coin: #FF/USDT
🧭 Type: #LONG

📈 Entry Zone:
0.10... within the zone and maintain strict risk control.",29bff6520c183b3d6a4a8ba9cef6408b,2026-09-02T09:08:50+00:00,2026-09-02T09:26:34.479645+00:00,905,cryptocurrency79
1029959,23568,"SHORT

UAI/USDT

MARKET PRICE 

Leverage: 10X

TP:...5% of capital 

Always use proper risk management.",c5798b5a705278e31512e800f9cc130a,2026-09-02T09:08:50+00:00,2026-09-02T09:26:34.455843+00:00,905,cryptocurrency79
1029954,23574,"⭐️$T/USDT  LONG 

🛡Leverage : Cross 25x50

‼️Entry...004100

Use only 3% - 5% amount of your portfolio🛍",81ba96aa932860f8050a32bacc41f3b4,2026-09-02T09:08:50+00:00,2026-09-02T09:26:34.439350+00:00,905,cryptocurrency79
1029955,23572,"📇 Setup: UAI/USDT 

LONG Trade 🛫

✔️ Leverage : 75...et 1 •0.5800
💰 Target 2 • 0.5900
💰 Target3 •0.6000",82ef48ec384ebe2ccec3eaab9c909e6d,2026-09-02T09:08:50+00:00,2026-09-02T09:26:34.423506+00:00,905,cryptocurrency79
1029947,23577,"#T/USDT SHORT     

👉Leverage : Cross 10× To 30×

...  0.0043
2)  0.0041
3)  0.0039

⭕Stoploss : 0.0047",9637fbf6349d0aba57b56881f31f6f52,2026-09-02T09:08:50+00:00,2026-09-02T09:26:34.418317+00:00,905,cryptocurrency79
1029940,23569,"BTCUSDTUSDT  
Exchanges: BINGX 

🟢 Long
Leverage- ...5) 101280.84
6) 109383.31
7) 🚀🚀🚀 

⛔️ SL:
76200.00",87cb502ea087f5f76d00cec7d89cac01,2026-09-02T09:08:50+00:00,2026-09-02T09:26:34.315609+00:00,905,cryptocurrency79
1032270,23647,"🟢#EDEN/USDT

📈Signal: long Leverage: Cross 20X

⚡️...even after TP1 is hit.

📣Trade Smart • Follow Risk",d400be8f00f507f7f5f2161d309f0264,2026-09-02T10:29:57+00:00,2026-09-02T10:46:09.602797+00:00,905,cryptocurrency79
1032268,23649,"🚀 #SIGN/USDT LONG SIGNAL 🚀
📍 Entry: 0.009440


🎯 T... your risk, and let's catch this move together! 🪙🔥",719eb3584f03898b7d92f6499118dbb5,2026-09-02T10:29:57+00:00,2026-09-02T10:46:09.596632+00:00,905,cryptocurrency79
1032277,23640,"MAGMAUSDTUSDT  
Exchanges: BINGX 

🟢 Long
Leverage...0
5) 0.97200000
6) 1.05
7) 🚀🚀🚀 

⛔️ SL:
0.42000000",8b4215dead374b30d684f9131050615e,2026-09-02T10:29:56+00:00,2026-09-02T10:46:09.641919+00:00,905,cryptocurrency79
1032272,23646,"BANK/USDT 

SHORT SHORT SHORT 

OPEN MARKET PRICE 

TP 0.03380
TP 0.03350

SL 0.03950

LEV 10X",e2e6c683ed689fc1c22e569ddb606d4e,2026-09-02T10:29:56+00:00,2026-09-02T10:46:09.598058+00:00,905,cryptocurrency79
1036019,23678,"🌈PAIR:- MAGMA/USDT
⚡️ Direction : LONG
🛠 Leverage:...nt Usage:- 1 - 2%
(According To your Risk Setting)",1c74a36fa51b6b61c04cd070c0eaad8b,2026-09-02T14:25:42+00:00,2026-09-02T14:52:19.590066+00:00,905,cryptocurrency79
1036007,23680,"🟢BTC/USDT Long Trade Configuration

Leverage 100X
..., 77500

Stop Loss: 76000

Follow Money Management",af4dd5f8d018a3bc7f2d0f8875a99317,2026-09-02T14:25:42+00:00,2026-09-02T14:52:19.521332+00:00,905,cryptocurrency79
1036017,23673,"📇 Setup: T/USDT 

LONG Trade 🛫

✔️ Leverage : 75X
...1 •0.05100
💰 Target 2 • 0.05300
💰 Target3 •0.05800",096c294c91d342138fc6e7c4ee1602f8,2026-09-02T14:25:41+00:00,2026-09-02T14:52:19.577809+00:00,905,cryptocurrency79
1036014,23670,"#POLYXUSDT 

LONG LONG LONG 

OPEN MARKET PRICE 

...0.03440
TP 0.03510
TP 0.03640

Sl 0.02900

LEV 12X",69cb96a43df0b39f5f689adfd5621e6f,2026-09-02T14:25:41+00:00,2026-09-02T14:52:19.548717+00:00,905,cryptocurrency79
1036012,23665,"🚩 SHORT #ARB/USDT

⚙️ 50X LEVERAGE

🛡 Entry: 0.110...: 0.10650
TP3: 0.10300

🛑 SL: 0.12100

🔥REACTIONS?",20c1ae5cd5ab521f9edc663769b8876e,2026-09-02T14:25:41+00:00,2026-09-02T14:52:19.541072+00:00,905,cryptocurrency79
1036005,23667,"💰#T / USDT👑

💎Setup Type: Strong LONG🔖Opportunity
...➝ 0.006000

4️⃣TP ➝ 0.007500

🚫Stop Loss: 0.004200",a82609842c5d5b28e43a7f7c04b6d624,2026-09-02T14:25:41+00:00,2026-09-02T14:52:19.494972+00:00,905,cryptocurrency79
1040034,23769,"🚨 #PROM/USDT | SHORT

⚡Leverage: Cross 25X

🎯Entry... follow the signal and secure profits at targets.💎",7d43c8488ebd0024ec5bb7f8e61c6fa2,2026-09-02T17:10:07+00:00,2026-09-02T19:13:51.051738+00:00,905,cryptocurrency79
1040029,23768,"#CLO  /USDT — BUY (LONG) 
🎉
🟢 Leverage: Cross  50x...Risk Management:
Use only 2%– 3%of your portfolio.",18423dd3857d930fa05d2ee87faac9fc,2026-09-02T17:10:07+00:00,2026-09-02T19:13:50.920555+00:00,905,cryptocurrency79
1040027,23765,"🚀 LONG: $BTR/USDT
LEVERAGE: 50x

✔️ENTRY PRICE: 0....-0.05500-0.06000

STOP LOSS:  0.04880


REACTIONS?",2d8bbac9f5801ce85457bf4a5a53735a,2026-09-02T17:10:07+00:00,2026-09-02T19:13:50.727203+00:00,905,cryptocurrency79
1040025,23766,"📌Pair: FLOCK/USDT
Type: LONG 🟢
✔️Leverage:  (20X_1...42
2) 0.048
3) 0.058
4) 0.072

❌ STOP LOSS: 0.032❌",ae89e260300b7207c6cfdfe6715b147a,2026-09-02T17:10:07+00:00,2026-09-02T19:13:50.702855+00:00,905,cryptocurrency79
1040024,23764,"💰#CLO / USDT👑

💎Setup Type: Strong LONG🔖Opportunit...TP ➝ 0.20500

4️⃣TP ➝ 0.25000

🚫Stop Loss: 0.14000",b878098d6447220b62b1a24c6638fdee,2026-09-02T17:10:07+00:00,2026-09-02T19:13:50.692358+00:00,905,cryptocurrency79
1040023,23761,"🚨 SHORT
TUT/USDT
ENTRY 0.02562

🚀 0.02446
🚀 0.0224...LOSS 0.02832 ( CROSS )
LEVRAGE 10x- 40x

1% Wallet",4c0a729d2d268ee40ae8f8f4b9550c2d,2026-09-02T17:10:07+00:00,2026-09-02T19:13:50.599926+00:00,905,cryptocurrency79
1040021,23760,"Coin #MUBARAK/USDT

Position: LONG 

Leverage:  Cr...rgets: 🎯 0.0258, 0.0275, 0.0297

Stop Loss: 0.0228",bbfff1451f0cd5e7a44b5254311c86fa,2026-09-02T17:10:07+00:00,2026-09-02T19:13:50.543396+00:00,905,cryptocurrency79
1040020,23759,"POLUSDTUSDT  
Exchanges: BINGX 

🟢 Short
Leverage-....08461000
6) 0.07784000
7) 🚀🚀🚀 

⛔️ SL:
0.09573000",22631cf3f043b6e5ec7649faeca8565c,2026-09-02T17:10:07+00:00,2026-09-02T19:13:50.502248+00:00,905,cryptocurrency79
1040019,23758,"🚨 #CLO/USDT | LONG

⚡Leverage: Cross 50x

🎯Entry T... follow the signal and secure profits at targets.💎",19c12bc71fa0fb0a64a9138dc493b9f7,2026-09-02T17:10:07+00:00,2026-09-02T19:13:50.431073+00:00,905,cryptocurrency79
1039976,23732,"PAIR: BTR/USDT
DIRECTION: SHORT

Entry Price
1) 0....sk Reminder: Use only 2% of your capital per trade",b3c43d91684c33f956ecab1faa0c3ad8,2026-09-02T17:09:51+00:00,2026-09-02T19:13:48.563917+00:00,905,cryptocurrency79
1040003,23730,"🚀 #CLO/USDT LONG SIGNAL 🚀
📍 Entry: 0.1734


🎯 Take... your risk, and let's catch this move together! 🪙🔥",65d160bc063117baf6fb5d5f03f8bc7d,2026-09-02T17:09:50+00:00,2026-09-02T19:13:48.771678+00:00,905,cryptocurrency79
1039995,23731,"📊 Let’s LONG #CLO/USDT

💥 Leverage:  Cross 20×

✔️...1) 0.1775
2) 0.1850
3) 0.1980

🔖 Stop Loss: 0.1640",1b8f2e68e488ba8a81e828093cf8609d,2026-09-02T17:09:50+00:00,2026-09-02T19:13:48.720775+00:00,905,cryptocurrency79
1039990,23729,"🚀 #ZKP/USDT LONG SIGNAL 🚀
📍 Entry: 0.04795


🎯 Tak... your risk, and let's catch this move together! 🪙🔥",5d462f5b5eea012ca1ac886ca423d9cd,2026-09-02T17:09:50+00:00,2026-09-02T19:13:48.696978+00:00,905,cryptocurrency79
1040002,23727,ZKP LONG 0.04795 TP1 0.04890,61ac45705b20cd6b938e7768f5f44306,2026-09-02T17:09:45+00:00,2026-09-02T19:13:48.765546+00:00,905,cryptocurrency79
1039999,23723,CLO LONG 0.1734 TP1 0.1770,3bda66d9ad1946e4bc72b25d249d11e4,2026-09-02T17:09:45+00:00,2026-09-02T19:13:48.751712+00:00,905,cryptocurrency79
1039998,23725,"🟢 Long

#DOT/USDT

Entry : 

1) 0.846200
2) 0.8208...4092

🛑 Stop : 0.792889

Leverage : 10x (isolated)",82065db5382d3539754e37cd738daf82,2026-09-02T17:09:45+00:00,2026-09-02T19:13:48.750395+00:00,905,cryptocurrency79
1039997,23726,MUBARAK LONG 0.02270 TP1 0.02317,ee3338f44df6d0bb2d6e9baabf00668f,2026-09-02T17:09:45+00:00,2026-09-02T19:13:48.742334+00:00,905,cryptocurrency79
1039983,23722,"🚀 #MUBARAK/USDT LONG SIGNAL 🚀
📍 Entry: 0.02270


🎯... your risk, and let's catch this move together! 🪙🔥",b2010a63df1ca291834de3e98c68e561,2026-09-02T17:09:45+00:00,2026-09-02T19:13:48.583927+00:00,905,cryptocurrency79
1039982,23717,"🚨 #T/USDT | LONG

⚡Leverage: Cross 25x

🎯Entry Tar... follow the signal and secure profits at targets.💎",1fb978f0d6e5ef214388545db0d7c50d,2026-09-02T17:09:44+00:00,2026-09-02T19:13:48.581894+00:00,905,cryptocurrency79
1039981,23719,"Coin #ROBO/USDT

Position: LONG 

Leverage:  Cross...rgets: 🎯 0.0150, 0.0171, 0.0200

Stop Loss: 0.0130",c584689d114f549c0131ad8a8e3ece43,2026-09-02T17:09:44+00:00,2026-09-02T19:13:48.567444+00:00,905,cryptocurrency79
1039973,23718,"🚨 #UNI/USDT | LONG

⚡Leverage: Cross 25x

🎯Entry T... follow the signal and secure profits at targets.💎",22b1862af5d826d8866d0f224c850c5b,2026-09-02T17:09:44+00:00,2026-09-02T19:13:48.546689+00:00,905,cryptocurrency79
1040006,23702,"📉 SHORT #LA/USDT

🚀 LEVERAGE : 50x

📊 ENTRY PRICE ...P🟢0.0620

TP🟢0.0590

STOPLOSS 🔴0.0695


REACTIONS?",95489c002d4e948775fe57c250f61176,2026-09-02T17:09:43+00:00,2026-09-02T19:13:48.813764+00:00,905,cryptocurrency79
1039989,23697,"➡️ #T     /USDT (SHORT) 🔽🔽

⌛LEVERAGE : 20X TO 75X...8


💥Use only 1%margin of your total portfolio❤️😘😇",733780c7c588a57d8afaf142959d7381,2026-09-02T17:09:43+00:00,2026-09-02T19:13:48.686080+00:00,905,cryptocurrency79
1039980,23694,"EXCHANGE/BYBIT/OKX/BITUNIX📌 


DAY TRADE 🏆

LONG/M...gement 🏆


Use only 10% of your 📈Available balance",63a0770d3c3eeb3701489d01d3672042,2026-09-02T17:09:43+00:00,2026-09-02T19:13:48.566609+00:00,905,cryptocurrency79
1039978,23695,"KAVAUSDTUSDT  
Exchanges: BINGX 

🟢 Short
Leverage....04164000
6) 0.03831000
7) 🚀🚀🚀 

⛔️ SL:
0.05168300",1851e5928657949910202df6852e91da,2026-09-02T17:09:43+00:00,2026-09-02T19:13:48.565811+00:00,905,cryptocurrency79
1039975,23703,"Doge/Usdt long 🟢
with 0.5% Wallet on market price ...ite movement pe jo 5% around the liq manage 0.7542",80e250719faf0d25abdf3c3d72fbfcc6,2026-09-02T17:09:43+00:00,2026-09-02T19:13:48.559598+00:00,905,cryptocurrency79
1039971,23691,"🟢#SAFE/USDT

📈Signal: long Leverage: Cross 20X

⚡️...even after TP1 is hit.

📣Trade Smart • Follow Risk",b17211b4634be25b50b784045f23df75,2026-09-02T17:09:43+00:00,2026-09-02T19:13:48.495613+00:00,905,cryptocurrency79
1050820,23981,"✅ Long

Pair: #BAT/USDT

📊 Entry Price: 

1) 0.067...) 0.072096

Stop Loss: 0.063228

Leverage: 10x-20x",498642248320f2af980816c2bb23de36,2026-09-03T08:23:50+00:00,2026-09-03T08:27:11.342369+00:00,905,cryptocurrency79
1050819,23982,"📈 LONG #BR/USDT

🚀 LEVERAGE : 75x

📊 ENTRY PRICE  ...

TP🟢0.290

TP🟢0.302

STOPLOSS 🔴0.258


REACTIONS?",638f86a8658dc716d6eebe53f7efa1c8,2026-09-03T08:23:50+00:00,2026-09-03T08:27:11.334443+00:00,905,cryptocurrency79
1050818,23983,"🔴 Short

Pair: #NEO/USDT

📊 Entry Price: 

1) 2.04....948
4) 1.905

Stop Loss: 2.175

Leverage: 10x-20x",86be8e6c74ff23f51d5945fcd2ae54b0,2026-09-03T08:23:50+00:00,2026-09-03T08:27:11.333363+00:00,905,cryptocurrency79
1050814,23978,"$4/USDT #LONG📩

✅ENTRY :-0.015140/0.01470

Target ...𝐎𝐧𝐥𝐲 𝟏-𝟑% 𝐎𝐟 𝐎𝐮𝐫 𝐃𝐞𝐩𝐨𝐬𝐢𝐭 𝐅𝐨𝐫 𝐄𝐚𝐜𝐡 𝐓𝐫𝐚𝐝𝐞

React,??m",6a246f777c21701534726d892abbf84e,2026-09-03T08:23:43+00:00,2026-09-03T08:27:11.220128+00:00,905,cryptocurrency79
1050813,23977,"COIN: #ARB/USDT (LONG) SETUP

📊 Leverage 25x to 50...ENT IS KEY
Use only 1–2% of your capital per trade",23127075fe98a79b4f3f1f583e159b6b,2026-09-03T08:23:43+00:00,2026-09-03T08:27:11.173028+00:00,905,cryptocurrency79
1050811,23976,ARB long 0.1350 tp 0.1378,b98972ecdf1d2354b0ef8fc7ae01a8b2,2026-09-03T08:23:43+00:00,2026-09-03T08:27:11.152269+00:00,905,cryptocurrency79
1050810,23973,"⚡️$ADA/USDT { 25X }

📈 DIRECTION : { LONG }

🔍 ENT...121
➡️0.2142
➡️0.2168
➡️0.2199

🔴STOPLOSS : 0.2000",55b82f4b7525b63933a154a9cb1205c0,2026-09-03T08:23:42+00:00,2026-09-03T08:27:11.116363+00:00,905,cryptocurrency79
1050809,23970,"📊 Let’s LONG #MARSCOIN/USDT

💥 Leverage:  Cross 20...: 

1) 0.102
2) 0.111
3) 0.125

🔖 Stop Loss: 0.095",735a4e3ccb07f195f7179a57dbedbd04,2026-09-03T08:23:42+00:00,2026-09-03T08:27:10.968749+00:00,905,cryptocurrency79
1050806,23965,"#ARB/USDT LONG     

👉Leverage : Cross 10× To 30×
...)  0.1378
2)  0.1440
3)  0.1540

⭕Stoploss : 0.126",fd769bf855b6743ed7e49e840114c241,2026-09-03T08:23:41+00:00,2026-09-03T08:27:10.764094+00:00,905,cryptocurrency79
1050800,23957,"#MARSCOIN/USDT LONG     

👉Leverage : Cross 10× To...

1)  0.092
2)  0.095
3)  0.098

⭕Stoploss : 0.086",c6521b5516bd1985432983615c37e18a,2026-09-03T08:23:41+00:00,2026-09-03T08:27:10.631371+00:00,905,cryptocurrency79
1050799,23960,"#BR/USDT LONG     

👉Leverage : Cross 10× To 30×

...

1)  0.277
2)  0.290
3)  0.318

⭕Stoploss : 0.256",4cd919ebcf910363829b93e62eae4d7d,2026-09-03T08:23:41+00:00,2026-09-03T08:27:10.627347+00:00,905,cryptocurrency79
1050798,23958,"#HEMI/USDT LONG     

👉Leverage : Cross 10× To 30×....02170
2)  0.02240
3)  0.02430

⭕Stoploss : 0.0197",e11f29f0c28bf03adb93205cf5983283,2026-09-03T08:23:41+00:00,2026-09-03T08:27:10.588776+00:00,905,cryptocurrency79
1050778,23933,"#EGLD/USDT BUY (LONG) 

⚡️Leverage : Cross 25x to ... 5.04

⚠️Use only 3% - 5% amount of your portfolio",1053ede21d241450372a0988824dc1d8,2026-09-03T07:18:22+00:00,2026-09-03T08:27:09.727796+00:00,905,cryptocurrency79
1050779,23932,LIT LONG 3.9225 TP1 4.008,87a744156f50f1338c10291e780e7187,2026-09-03T07:18:17+00:00,2026-09-03T08:27:09.732706+00:00,905,cryptocurrency79
1050777,23931,"🔰EGLD/USDT 🔰   

🔴 SHORT 10X 20X

♻ ENTRY 
1️⃣ 4.9...GET  
1️⃣ 4.85
2️⃣ 4.73
3️⃣ 4.54

⛔ STOPLOSS  5.35",64cbfe9023948ab8057c44055904a935,2026-09-03T07:18:17+00:00,2026-09-03T08:27:09.684400+00:00,905,cryptocurrency79
1050776,23930,"🔴 SHORT

#ADA/USDT

Entry : 

1) 0.20340
2) 0.2095...18932

🛑 Stop : 0.21621

Leverage : 10x (isolated)",d81f055eb2e195d6021d744e5013d97c,2026-09-03T07:18:17+00:00,2026-09-03T08:27:09.639695+00:00,905,cryptocurrency79
1050775,23929,"🚀 #LIT/USDT LONG SIGNAL 🚀
📍 Entry: 3.9225


🎯 Take... your risk, and let's catch this move together! 🪙🔥",3bbe92ab64fd0d4934200a0718bfb476,2026-09-03T07:18:17+00:00,2026-09-03T08:27:09.610187+00:00,905,cryptocurrency79
1050774,23928,"🪙 Coin: #BR/USDT
🧭 Type: #LONG

📈 Entry Zone:
0.27... within the zone and maintain strict risk control.",ae77d3cb9e1133b328f6f19e6901c49f,2026-09-03T07:18:17+00:00,2026-09-03T08:27:09.379487+00:00,905,cryptocurrency79
1050773,23924,"LYNUSDT - LONG ( Swing trade ) 📈

Entry : 0.035 - ... 

*0.0405
0.042
0.044
0.048*

Stoploss at : 0.032",aae9af047e61df9367d599a30af56ff6,2026-09-03T07:18:16+00:00,2026-09-03T08:27:09.278048+00:00,905,cryptocurrency79
1050770,23926,"⌛#LINK/USDT  ( SHORT )

🍁 Leverage 👉 20X to 25X 

...71 | 10.779 | 10.650 | 10.536

🔕 Stoploss = 11.647",4a1831cbe2a5750232048b2fbd002463,2026-09-03T07:18:16+00:00,2026-09-03T08:27:09.213060+00:00,905,cryptocurrency79
1050772,23916,"📊 Let’s LONG #HEMI/USDT

💥 Leverage:  Cross 20×

✔...1) 0.0212
2) 0.0221
3) 0.0240

🔖 Stop Loss: 0.0198",dd4208e04464c69437da7463bd2443f1,2026-09-03T07:18:15+00:00,2026-09-03T08:27:09.275570+00:00,905,cryptocurrency79
1050766,23915,"#NIGHT  /USDT — BUY (LONG) 
🎉
🟢 Leverage: Cross  5...Risk Management:
Use only 2%– 3%of your portfolio.",19b3cdd64c09c98c987a9627adb6990f,2026-09-03T07:18:15+00:00,2026-09-03T08:27:09.020961+00:00,905,cryptocurrency79
1050745,23882,"🔻 $NIGHT/USDT — LONG | 50x

🎯 ENTRY: 0.02050

🚀 TP...RISK MANAGEMENT: Use only 2%–3% of your portfolio.",b37b1e4fc9848228f0806723910dd344,2026-09-03T07:17:20+00:00,2026-09-03T08:27:07.986479+00:00,905,cryptocurrency79
1052392,24020,"📇 Setup: BR/USDT 

LONG Trade 🛫

✔️ Leverage : 75X...1 •0.28600
💰 Target 2 • 0.29700
💰 Target3 •0.32000",4225f3ad92aaf33cc40982cf763e0a05,2026-09-03T09:12:38+00:00,2026-09-03T10:08:02.995362+00:00,905,cryptocurrency79
1052376,24021,"PAIR: MARSCOIN/USDT
DIRECTION: LONG

Entry Price
1...sk Reminder: Use only 2% of your capital per trade",b5a2fb6db5adeb152930e9c01c07d50e,2026-09-03T09:12:38+00:00,2026-09-03T10:08:02.918914+00:00,905,cryptocurrency79
1052394,24019,"PAIR: MUBARAK/USDT
DIRECTION: LONG

Entry Price
1)...sk Reminder: Use only 2% of your capital per trade",4409b1a134012a5add66dffb02c9abb5,2026-09-03T09:12:37+00:00,2026-09-03T10:08:03.029575+00:00,905,cryptocurrency79
1052379,24018,"MARSCOINUSDTUSDT  
Exchanges: BINGX 

🟢 Long
Lever...0
5) 0.14898000
6) 0.16090000
7) 🚀🚀🚀 

⛔️ SL:
1.00",7e3be94a63ed027ea2f6b7b882200446,2026-09-03T09:12:37+00:00,2026-09-03T10:08:02.945407+00:00,905,cryptocurrency79
1052375,24013,"🚨 #AKE/USDT | LONG

⚡Leverage: Cross 25x

🎯Entry T... follow the signal and secure profits at targets.💎",10e86787f75851256796fb3a3f05e2e1,2026-09-03T09:12:36+00:00,2026-09-03T10:08:02.917893+00:00,905,cryptocurrency79
1052385,24012,"🚨 #MARSCOIN/USDT | LONG

⚡Leverage: Cross 25x

🎯En... follow the signal and secure profits at targets.💎",44251fd9c4d54c6a4de9955499e9c89f,2026-09-03T09:12:36+00:00,2026-09-03T10:08:02.837570+00:00,905,cryptocurrency79
1052380,23995,"PAIR: BR/USDT
DIRECTION: LONG

Entry Price
1) 0.27...sk Reminder: Use only 2% of your capital per trade",d886029a89ca058a77487c448bcaf431,2026-09-03T09:12:11+00:00,2026-09-03T10:08:02.948394+00:00,905,cryptocurrency79
1052373,23993,"⭐️$BR/USDT  LONG 

🛡Leverage : Cross 25x50

‼️Entr....22042

Use only 3% - 5% amount of your portfolio🛍",03f16c0019ffca60d9997d6e2bc170b0,2026-09-03T09:12:10+00:00,2026-09-03T10:08:02.798881+00:00,905,cryptocurrency79
1056757,24102,"🚀 #GPS/USDT LONG SIGNAL 🚀
📍 Entry: 0.01117


🎯 Tak... your risk, and let's catch this move together! 🪙🔥",e0670f6dfc2c1f564ff309bb6eb9a1c5,2026-09-03T11:11:30+00:00,2026-09-03T11:41:41.034291+00:00,905,cryptocurrency79
1056756,24104,"COIN: #BR/USDT (LONG) SETUP

📊 Leverage 25x to 50x...ENT IS KEY
Use only 1–2% of your capital per trade",757502d406154cf6604bcd547ef15dd0,2026-09-03T11:11:30+00:00,2026-09-03T11:41:41.020526+00:00,905,cryptocurrency79
1056755,24103,GPS LONG 0.01117 TP1 0.01140,9572199f40171983629c4264ec301007,2026-09-03T11:11:30+00:00,2026-09-03T11:41:40.994490+00:00,905,cryptocurrency79
1056754,24101,"🔰 PAIR: SUI/ USDT 💹

🟢Position: LONG🚀

☑️ Entry Zo...:
🥇 0.7693
🥈 0.7775
🥉 0.7876

❌ Stop Loss: 🔴0.7431",4893ac08787771879667bd8cc416ab7d,2026-09-03T11:11:25+00:00,2026-09-03T11:41:40.804297+00:00,905,cryptocurrency79
1056753,24100,"#FIL/USDT SHORT     

👉Leverage : Cross 10× To 30×...
1)  0.768
2)  0.750
3)  0.730

⭕Stoploss : 0.8069",57e67c9c379446bfede239619608b11c,2026-09-03T11:11:25+00:00,2026-09-03T11:41:40.703158+00:00,905,cryptocurrency79
1056752,24099,"✨FIL/USDT

🎗 Trade Type = SHORT 🔴

⭐️ Leverage :- ...[ 0.7737, 0.7662, 0.7574, 0.7514, 0.7410, 0.7345 ]",6d89874b14c4cb08e9b56998785189a6,2026-09-03T11:11:25+00:00,2026-09-03T11:41:40.689174+00:00,905,cryptocurrency79
1056749,24098,"🟢#MARSCOIN/USDT

📈Signal: long Leverage: Cross 20X...even after TP1 is hit.

📣Trade Smart • Follow Risk",32bc25816941c991cf4ff9d8919ec952,2026-09-03T11:11:25+00:00,2026-09-03T11:41:40.647010+00:00,905,cryptocurrency79
1056750,24095,"#MARSCOIN/USDT LONG     

👉Leverage : Cross 10× To...
1)  0.105
2)  0.112
3)  0.118

⭕Stoploss : 0.0985",9de4c71eec4ab7ae07867890f2446b85,2026-09-03T11:11:24+00:00,2026-09-03T11:41:40.658942+00:00,905,cryptocurrency79
1056751,24096,"MARSCOINUSDTUSDT  
Exchanges: BINGX 

🟢 Long
Lever....13764000
6) 0.14865000
7) 🚀🚀🚀 

⛔️ SL:
0.09850000",3c854eb46c86318d934ade4af03ae2fa,2026-09-03T11:11:24+00:00,2026-09-03T11:41:40.657719+00:00,905,cryptocurrency79
1056746,24092,"➡️ #FF     /USDT (LONG) 🔼🔼

⌛LEVERAGE : 20X TO 75X...5


💥Use only 1%margin of your total portfolio❤️😘😇",6f4c737ad03a116e5f6e8198cd754ed3,2026-09-03T11:11:24+00:00,2026-09-03T11:41:40.549164+00:00,905,cryptocurrency79
1056745,24086,"Pair: #FIL/USDT

Short • (10X-50X)

Entry
0.7830 -... your own risk. Always use proper risk management.",c872c6e99593038a52faa5a288f3730b,2026-09-03T11:11:24+00:00,2026-09-03T11:41:40.520638+00:00,905,cryptocurrency79
1056744,24093,"📊 Let’s LONG #AKE/USDT

💥 Leverage:  Cross 20×

✔️....01340
2) 0.01465
3) 0.01525

🔖 Stop Loss: 0.01190",f97ede8a90b06e31bf102d2b362816f3,2026-09-03T11:11:24+00:00,2026-09-03T11:41:40.484133+00:00,905,cryptocurrency79
1056742,24085,"🚨 #CLO/USDT | SHORT

⚡Leverage: Cross 25x

🎯Entry ... follow the signal and secure profits at targets.💎",3883cbc595c217add44965b15df6fa98,2026-09-03T11:11:24+00:00,2026-09-03T11:41:40.419230+00:00,905,cryptocurrency79
1056741,24091,"#BR/USDT LONG     

👉Leverage : Cross 10× To 30×

...

1)  0.297
2)  0.310
3)  0.330

⭕Stoploss : 0.273",6c47a56004827bf5fda744e19028b636,2026-09-03T11:11:24+00:00,2026-09-03T11:41:40.414866+00:00,905,cryptocurrency79
1056740,24081,"🚀 LONG: $USELESS/USDT
LEVERAGE: 50x

✔️ENTRY PRICE...1553-0.1620-0.1730

STOP LOSS:  0.1430

REACTIONS?",dd22a548f06ba7f17f79cc5b0ebaa422,2026-09-03T11:11:24+00:00,2026-09-03T11:41:40.343958+00:00,905,cryptocurrency79
1056739,24079,"#MARSCOIN/USDT SHORT     

👉Leverage : Cross 10× T...

1)  0.094
2)  0.090
3)  0.087

⭕Stoploss : 0.102",396ec657792328791903bf8ef69ab270,2026-09-03T11:11:23+00:00,2026-09-03T11:41:40.320048+00:00,905,cryptocurrency79
1056728,24060,"#LINK/USDT Long Trade Setup

Leverage 75X

Entry P...1.400

Stop Loss   11.010

Follow Money Management",8ae31a325e782c04e3963a8782264896,2026-09-03T10:08:30+00:00,2026-09-03T11:41:39.652778+00:00,905,cryptocurrency79
1056727,24056,"PAIR: AKE/USDT
DIRECTION: LONG

Entry Price
1) 0.0...sk Reminder: Use only 2% of your capital per trade",f808a00129f2137e498d1c04911fc0e6,2026-09-03T10:08:25+00:00,2026-09-03T11:41:39.527091+00:00,905,cryptocurrency79
1056726,24058,"🟢LINK/USDT Long Trade Setup

Leverage 75X

Entry P...1.400

Stop Loss   11.010

Follow Money Management",ae729bc72897d653c1c93e85f1ab2726,2026-09-03T10:08:25+00:00,2026-09-03T11:41:39.523430+00:00,905,cryptocurrency79
1056725,24054,"PAIR: 4/USDT
DIRECTION: LONG

Entry Price
1) 0.016...sk Reminder: Use only 2% of your capital per trade",de393ce5fa3d189fdafeae473f59c4e7,2026-09-03T10:08:25+00:00,2026-09-03T11:41:39.489358+00:00,905,cryptocurrency79
1056722,24057,"🔴 SHORT

#COMP/USDT

Entry zone : 21.18 - 20.57

T....22
18.60
17.98

Stop loss :22.0099

Leverage: 10x",86c3e4fbee7db1c022a0678ac9b907e4,2026-09-03T10:08:25+00:00,2026-09-03T11:41:39.444330+00:00,905,cryptocurrency79
1056721,24055,"⭐️$AKE/USDT  LONG 

🛡Leverage : Cross 25x50

‼️Ent...008386

Use only 3% - 5% amount of your portfolio🛍",4419636506c09fceb23bef5508cbb202,2026-09-03T10:08:25+00:00,2026-09-03T11:41:39.420239+00:00,905,cryptocurrency79
1056719,24048,"⭐️$MARSCOIN/USDT  LONG 

🛡Leverage : Cross 25x50

....07179

Use only 3% - 5% amount of your portfolio🛍",2b3cb537cf537598237b496fdd28a810,2026-09-03T10:08:24+00:00,2026-09-03T11:41:39.344289+00:00,905,cryptocurrency79
1056718,24047,"#BR / USDT

 LONG

⚡️Leverage: 50X75 (Manage Risk ...TP ➝ 0.34000

4️⃣TP ➝ 0.43000

🚫Stop Loss: 0.23000",20d2bcb91b4ea37952dc5c9a7ac04360,2026-09-03T10:08:24+00:00,2026-09-03T11:41:39.119614+00:00,905,cryptocurrency79
1056716,24045,"⭐️$AKE/USDT  LONG 

🛡Leverage : Cross 25x50

‼️Ent...008386

Use only 3% - 5% amount of your portfolio🛍",4419636506c09fceb23bef5508cbb202,2026-09-03T10:08:24+00:00,2026-09-03T11:41:39.051090+00:00,905,cryptocurrency79
1056715,24043,"🌈PAIR:- MARSCOIN/USDT
⚡️ Direction : LONG
🛠 Levera...nt Usage:- 1 - 2%
(According To your Risk Setting)",20abb337304c7d258f42ca8473e40cf5,2026-09-03T10:08:24+00:00,2026-09-03T11:41:38.981750+00:00,905,cryptocurrency79
1056711,24042,"PAIR: EDGE/USDT
DIRECTION: LONG

Entry Price
1) 0....sk Reminder: Use only 2% of your capital per trade",f0e0111ce055899cb351ef9d32d20500,2026-09-03T10:08:24+00:00,2026-09-03T11:41:38.798495+00:00,905,cryptocurrency79
1056713,24035,"⭐️$MARSCOIN/USDT  LONG 

🛡Leverage : Cross 25x50

....07179

Use only 3% - 5% amount of your portfolio🛍",2b3cb537cf537598237b496fdd28a810,2026-09-03T10:08:23+00:00,2026-09-03T11:41:38.804349+00:00,905,cryptocurrency79
1056710,24037,"#BR   /USDT — BUY (LONG) 
🎉
🟢 Leverage: Cross  75x...Risk Management:
Use only 2%– 3%of your portfolio.",5b08459d15b4f83dcefb79f74d6ff939,2026-09-03T10:08:23+00:00,2026-09-03T11:41:38.786641+00:00,905,cryptocurrency79
1056709,24033,"BTCUSDTUSDT  
Exchanges: BINGX 

🟢 Long
Leverage- ...
5) 94211.18
6) 101748.07
7) 🚀🚀🚀 

⛔️ SL:
71655.32",e4d4319c7452ba4ddde84735d95ae89d,2026-09-03T10:08:23+00:00,2026-09-03T11:41:38.778152+00:00,905,cryptocurrency79
1056708,24030,"💰#BR / USDT👑

💎Setup Type: Strong LONG🔖Opportunity...TP ➝ 0.34000

4️⃣TP ➝ 0.43000

🚫Stop Loss: 0.23000",2e69cf5c4c17d9e22e3c0f8e943281eb,2026-09-03T10:08:23+00:00,2026-09-03T11:41:38.776550+00:00,905,cryptocurrency79
1056707,24034,"PAIR: H/USDT
DIRECTION: LONG

Entry Price
1) 0.086...sk Reminder: Use only 2% of your capital per trade",8c3cfd4107287346201513dad2fb74c6,2026-09-03T10:08:23+00:00,2026-09-03T11:41:38.775480+00:00,905,cryptocurrency79
1060026,24335,"✅Entry 0.05560 - 0.05460

(🆘LONG CHIPUSDT 5-20x🆘)
... $0.05830
🏹Target 6  $0.05900

🚫Stop loss -0.05325",9c405258c7b5d984e7eb00f2d6bbcfa4,2026-09-03T15:57:31+00:00,2026-09-03T20:15:54.305871+00:00,905,cryptocurrency79
1060025,24336,"🟢 LONG  - $ICNTUSDT

- Entry market: 0.1113
- Entr... the funds if trading without caution & knowledge.",b78807a364124a7bc6e1c5505a09c396,2026-09-03T15:57:31+00:00,2026-09-03T20:15:54.262910+00:00,905,cryptocurrency79
1060008,24319,"🚀 SIGNAL ALERT 🚀

💎 Pair: LTC/USDT
⏱️ Timeframe: 1...━━━
 ❌ SL: 48.763

 ━━━━━━━━━
🟨Risk Management: 3%",17ceb1260d93349f26ead79ee294c025,2026-09-03T15:56:54+00:00,2026-09-03T20:15:53.728864+00:00,905,cryptocurrency79
1060010,24318,"🚀 SIGNAL ALERT 🚀

💎 Pair: DOT/USDT
⏱️ Timeframe: 1...━━
 ❌ SL: 0.84626

 ━━━━━━━━━
🟨Risk Management: 3%",1d90c8475a6ca99bd5b5afb45fdb1794,2026-09-03T15:56:53+00:00,2026-09-03T20:15:53.738330+00:00,905,cryptocurrency79
1060007,24317,"🚀 SIGNAL ALERT 🚀

💎 Pair: INJ/USDT
⏱️ Timeframe: 1...━━━━
 ❌ SL: 4.778

 ━━━━━━━━━
🟨Risk Management: 3%",4e5f2d12b693e4b8b10b8a42472e1445,2026-09-03T15:56:53+00:00,2026-09-03T20:15:53.631805+00:00,905,cryptocurrency79
1060006,24316,"🚀 SIGNAL ALERT 🚀

💎 Pair: FIL/USDT
⏱️ Timeframe: 1...━━━
 ❌ SL: 0.7581

 ━━━━━━━━━
🟨Risk Management: 3%",1b19c8f8730a4729311eb50537cf940a,2026-09-03T15:56:53+00:00,2026-09-03T20:15:53.626430+00:00,905,cryptocurrency79
1060003,24313,"🚀 SIGNAL ALERT 🚀

💎 Pair: OP/USDT
⏱️ Timeframe: 15...━━
 ❌ SL: 0.09614

 ━━━━━━━━━
🟨Risk Management: 3%",551df0553fc399ab68513539d67d1ada,2026-09-03T15:56:52+00:00,2026-09-03T20:15:53.300199+00:00,905,cryptocurrency79
1060000,24302,"🛎️ Trade: #AVNT/USDT

Direction: 📈 LONG 

🟢 Entry ...03
• Target 6: 0.1114

💠 Leverage : 5x - 10x - 20x",6fa43e4e1ee2ec94a13c72fae95f65e1,2026-09-03T15:56:51+00:00,2026-09-03T20:15:53.184700+00:00,905,cryptocurrency79
1059999,24308,"Trade: #AVNT/USDT

Direction: 📈 LONG 

🟢 Entry Ran...03
• Target 6: 0.1114

💠 Leverage : 5x - 10x - 20x",fb0395c5069ad0d8f34c70903f5c1687,2026-09-03T15:56:51+00:00,2026-09-03T20:15:53.144948+00:00,905,cryptocurrency79
1059997,24309,"FILUSDTUSDT  
Exchanges: BINGX 

🟢 Long
Leverage- ....85546000
6) 0.92390000
7) 🚀🚀🚀 

⛔️ SL:
0.75810000",15537f1afdb94e5aaa5da71529a6ff3d,2026-09-03T15:56:51+00:00,2026-09-03T20:15:53.063400+00:00,905,cryptocurrency79
1059847,24222,"COIN: #MARSCOIN/USDT

NARRATIVE: LONG

LEVERAGE: 2...6597
Tp4: 0.07003
Tp5: 0.07420

STOP LOSS: 0.04936",b5febbd550648684345db13930ed5898,2026-09-03T14:58:27+00:00,2026-09-03T20:15:24.009944+00:00,905,cryptocurrency79
1059845,24221,"🚀 #XPL/USDT LONG SIGNAL 🚀
📍 Entry: 0.09310


🎯 Tak...ur risk, and let's catch this move together! 🪙❤️‍🔥",e50484a999bcf7377624064b90ec4685,2026-09-03T14:58:27+00:00,2026-09-03T20:15:23.939428+00:00,905,cryptocurrency79
1059844,24218,"#PYTH $PYTH LONG TRADE

ENTRY: 0.0568

TARGET: 0.0708

STOPLOSS: 0.05462",04eae16a3e5b5538f840a405d9054780,2026-09-03T14:58:27+00:00,2026-09-03T20:15:23.670153+00:00,905,cryptocurrency79
1059841,24217,"💰#AKE / USDT👑

💎Setup Type: Strong LONG  🔖Opportun...➝ 0.020000

4️⃣TP ➝ 0.028000

🚫Stop Loss: 0.010000",146706497b9d86ec5bc79ba1dc41c517,2026-09-03T14:58:27+00:00,2026-09-03T20:15:23.453110+00:00,905,cryptocurrency79
1059838,24215,"#AKE USDT — BUY (LONG) 
🎉
🟢 Leverage: Cross  20x50...Risk Management:
Use only 2%– 3%of your portfolio.",ae04a16796c8d4e714192e99dbb7bb89,2026-09-03T14:58:27+00:00,2026-09-03T20:15:23.243225+00:00,905,cryptocurrency79
1059836,24192,"🔴 Short

Pair: #BNB/USDT

📊 Entry Price: 

1) 711....
4) 662.265

Stop Loss: 756.313

Leverage: 10x-20x",50f9d68bd042a0f724e2e09e49381eed,2026-09-03T14:58:08+00:00,2026-09-03T20:15:22.455512+00:00,905,cryptocurrency79
1059835,24195,"📊 Let’s SHORT #MARSCOIN/USDT

💥 Leverage:  Cross 2...
1) 0.1088
2) 0.1050
3) 0.1020

🔖 Stop Loss: 0.119",8a7d39deb1055b42e20e704ce0d5909b,2026-09-03T14:58:08+00:00,2026-09-03T20:15:22.322045+00:00,905,cryptocurrency79
1059831,24193,"📈 LONG #CHIP/USDT

🚀 LEVERAGE : 50x

📊 ENTRY PRICE...P🟢0.0550

TP🟢0.0580

STOPLOSS 🔴0.0490


REACTIONS?",a21ed3eb706e9c6c359c55c8f4b93c91,2026-09-03T14:58:08+00:00,2026-09-03T20:15:22.277810+00:00,905,cryptocurrency79
1059832,24185,"#MUBARAK/USDT BUY (LONG) 

⚡️Leverage : Cross 25x ...02680

⚠️Use only 3% - 5% amount of your portfolio",bf24d011bf37ddd10b5820abe2dd54ba,2026-09-03T14:58:03+00:00,2026-09-03T20:15:22.279112+00:00,905,cryptocurrency79
1059829,24188,"🚀 #LIT/USDT LONG SIGNAL 🚀
📍 Entry: 3.9225


🎯 Take... your risk, and let's catch this move together! 🪙🔥",3bbe92ab64fd0d4934200a0718bfb476,2026-09-03T14:58:03+00:00,2026-09-03T20:15:22.034378+00:00,905,cryptocurrency79
1059826,24189,"COIN: #TAG/USDT (LONG) SETUP

📊 Leverage 25x to 50...ENT IS KEY
Use only 1–2% of your capital per trade",9f6ba7093b55c4d5ac7d7e4c4c10bf91,2026-09-03T14:58:03+00:00,2026-09-03T20:15:21.967102+00:00,905,cryptocurrency79
1059825,24186,"🟢#ONG/USDT

📈Signal: long Leverage: Cross 20X

⚡️E...even after TP1 is hit.

📣Trade Smart • Follow Risk",39ce60c657d955dbfdd3c6b2532f7e5f,2026-09-03T14:58:03+00:00,2026-09-03T20:15:21.948203+00:00,905,cryptocurrency79
1059823,24187,"🚩 LONG #TRADOOR/USDT

⚙️ 75X LEVERAGE

🛡 Entry: 0....TP2: 0.5840
TP3: 0.5999

🛑 SL: 0.5100

🔥REACTIONS?",86cfddfba9834e726b9e2ca116edd289,2026-09-03T14:58:03+00:00,2026-09-03T20:15:21.809708+00:00,905,cryptocurrency79
1059817,24152,"ETH‼️ 
LONG NOW  🚀
Leverage 150x
Target 🎯 100% - 2...%
Margin 1% wallet size 
DCA wait

Stop-loss: WAIT",f42f1d8bf9757a53d1cfe5d188ac7ed5,2026-09-03T14:58:00+00:00,2026-09-03T20:15:21.089999+00:00,905,cryptocurrency79
1059815,24160,"📇 Setup: CHIP/USDT 

LONG Trade 🛫

✔️ Leverage : 7...1 •0.05290
💰 Target 2 • 0.05400
💰 Target3 •0.05500",1b6a8ee22061b2fe1df56cbd89b23b20,2026-09-03T14:58:00+00:00,2026-09-03T20:15:20.957520+00:00,905,cryptocurrency79
1059811,24156,"BNBUSDTUSDT  
Exchanges: BINGX 

🟢 Short
Leverage-... 662.26
5) 609.28
6) 560.54
7) 🚀🚀🚀 

⛔️ SL:
769.48",a3291ab43b46ab840be4d39f5e28e5bf,2026-09-03T14:58:00+00:00,2026-09-03T20:15:20.730708+00:00,905,cryptocurrency79
1059809,24165,"#SHORT 🔴 🔤🔤🔤🔤🔤

#BTC/USDT 

Margin Mode : Isolated...,507

🟩 SL : 79,310- 100%

📊 LEV : 50X

🇯🇵 Premium",63288922b08d4f4c1835690380fc2632,2026-09-03T14:58:00+00:00,2026-09-03T20:15:20.710930+00:00,905,cryptocurrency79
1059808,24158,"⭐️$4/USDT  LONG 

🛡Leverage : Cross 25x50

‼️Entry...014395

Use only 3% - 5% amount of your portfolio🛍",188d1877a7f8f887a0b63b7c19c30146,2026-09-03T14:58:00+00:00,2026-09-03T20:15:20.684225+00:00,905,cryptocurrency79
1059803,24164,"Coin #AKE/USDT

Position: LONG 

Leverage:  Cross ...rgets: 🎯 0.0136, 0.0147, 0.0161

Stop Loss: 0.0122",0f1c55b022929e79d3ed9cd141f4c988,2026-09-03T14:58:00+00:00,2026-09-03T20:15:20.644276+00:00,905,cryptocurrency79
1059795,24146,"MARSCOINUSDTUSDT  
Exchanges: BINGX 

🟢 Long
Lever...20.00
5) 21.60
6) 23.33
7) 🚀🚀🚀 

⛔️ SL:
0.11900000",6452a732ee4e05f1701657b8fd0853f9,2026-09-03T14:58:00+00:00,2026-09-03T20:15:20.446178+00:00,905,cryptocurrency79
1059794,24145,"🚩 SHORT #B/USDT

⚙️ 75X LEVERAGE

🛡 Entry: 0.1293
...TP2: 0.1250
TP3: 0.1205

🛑 SL: 0.1420

🔥REACTIONS?",be89b337d99b0d37f1817f634f981bed,2026-09-03T14:58:00+00:00,2026-09-03T20:15:20.415297+00:00,905,cryptocurrency79
1059792,24155,"💰#CLO / USDT👑

💎Setup Type: Strong SHORT 🔖Opportun...

🥉TP ➝ 0.1300

4️⃣TP ➝ 0.1000

🚫Stop Loss: 0.1720",a33cfd87dd95a2f0b15426368d43b553,2026-09-03T14:58:00+00:00,2026-09-03T20:15:20.267243+00:00,905,cryptocurrency79
1059798,24144,B/USDT SHORT NOW,2d1eb54cbc097289496517321e6189ce,2026-09-03T14:57:59+00:00,2026-09-03T20:15:20.505488+00:00,905,cryptocurrency79
1076348,24611,"#SIGNUSDT — BUY (LONG) 
🎉
🟢 Leverage: Cross  50x

...Risk Management:
Use only 2%– 3%of your portfolio.",25dc08de364f625f95f9d22c0d2f83d1,2026-09-04T07:12:56+00:00,2026-09-04T07:14:06.428873+00:00,905,cryptocurrency79
1076335,24612,"GRIFFAINUSDTUSDT  
Exchanges: BINGX 

🟢 Long
Lever....01808000
6) 0.01953000
7) 🚀🚀🚀 

⛔️ SL:
0.01216000",56614c3e913e65688a9f3ed5794552af,2026-09-04T07:12:56+00:00,2026-09-04T07:14:06.244175+00:00,905,cryptocurrency79
1076347,24589,"🟢 USELESS/USDT 📈

📈 long Setup 

💰 Entry Zone: 0.2...et 1. 
✅ Move SL to breakeven after Target 1 hits.",c74c0cc1d0bf6b57fb642086cade56ae,2026-09-04T06:59:45+00:00,2026-09-04T07:14:06.416789+00:00,905,cryptocurrency79
1076343,24588,"⭐️$EDGE/USDT  LONG 

🛡Leverage : Cross 25x50

‼️En...0.5113

Use only 3% - 5% amount of your portfolio🛍",394ecbadbe1b70b39dfe053b58ab105a,2026-09-04T06:59:45+00:00,2026-09-04T07:14:06.304163+00:00,905,cryptocurrency79
1076336,24582,"#USELESS/USDT LONG     

👉Leverage : Cross 10× To ...

1)  0.227
2)  0.243
3)  0.265

⭕Stoploss : 0.205",820b698ef4808cf537e8cdb14435c9e1,2026-09-04T06:59:45+00:00,2026-09-04T07:14:06.268994+00:00,905,cryptocurrency79
1076337,24584,"#TRIA/USDT LONG     

👉Leverage : Cross 10× To 30×....00535
2)  0.00560
3)  0.00590

⭕Stoploss : 0.0046",ec88fb9866966086837910568b30dc6f,2026-09-04T06:59:45+00:00,2026-09-04T07:14:06.267094+00:00,905,cryptocurrency79
1076334,24587,EDGEUSDT LONG NOW,c686cf8cd98a24e3715568bea97442cf,2026-09-04T06:59:45+00:00,2026-09-04T07:14:06.136606+00:00,905,cryptocurrency79
1076332,24586,"#EDGE /USDT BUY (LONG) 

⚡️Leverage : Cross 25x to...06000

⚠️Use only 3% - 5% amount of your portfolio",a6022f2affc08b310058045e275913e3,2026-09-04T06:59:45+00:00,2026-09-04T07:14:06.035557+00:00,905,cryptocurrency79
1076344,24575,"🔰CHIP/USDT 🔰   

🟢 LONG 10X 20X

♻ ENTRY 
1️⃣ 0.06...⃣ 0.0615
2️⃣ 0.0630
3️⃣ 0.0650

⛔ STOPLOSS  0.0565",fd4338611e190696abdf5e14fa61a5a6,2026-09-04T06:39:01+00:00,2026-09-04T07:14:06.326151+00:00,905,cryptocurrency79
1076329,24576,"WIFUSDTUSDT  
Exchanges: BINGX 

🟢 Short
Leverage-....18121000
6) 0.16671000
7) 🚀🚀🚀 

⛔️ SL:
0.21956000",cb1287c0743f9a8568e68782afd96525,2026-09-04T06:39:01+00:00,2026-09-04T07:14:05.459448+00:00,905,cryptocurrency79
1076328,24574,"#ETH - SHORT 100X

Entry  2509
DCA 2570

Targets 1...ng Target 1000%+

SL= Will Update

Using 1% wallet",5c7f950a229ad482e427137a7cc4282a,2026-09-04T06:39:01+00:00,2026-09-04T07:14:05.449951+00:00,905,cryptocurrency79
1076327,24573,"🔴 SHORT

#DASH/USDT

Entry : 

1) 52.71
2) 54.29

...) 49.06

🛑 Stop : 56.03

Leverage : 10x (isolated)",6db01488837dbf31c6e8788f744db6db,2026-09-04T06:39:01+00:00,2026-09-04T07:14:05.379038+00:00,905,cryptocurrency79
1076290,24572,"$USELESS/USDT #LONG📩

✅ENTRY :-0.2190/0.21

Target...𝐎𝐧𝐥𝐲 𝟏-𝟑% 𝐎𝐟 𝐎𝐮𝐫 𝐃𝐞𝐩𝐨𝐬𝐢𝐭 𝐅𝐨𝐫 𝐄𝐚𝐜𝐡 𝐓𝐫𝐚𝐝𝐞

React,??m",4fec23467df285522b9d3ce86c7a0b68,2026-09-04T06:39:01+00:00,2026-09-04T07:13:52.925600+00:00,905,cryptocurrency79
1076282,24571,"$FILUSDT

SHORT

RR : 2

LEVERAGE : 20x

ENTRY : 0...842

TAKE PROFITS 👇

1️⃣ 0.7446

STOPLOSS : 0.8038",6609c77cd0109dff2f5752b2b96852e4,2026-09-04T06:39:01+00:00,2026-09-04T07:13:52.880058+00:00,905,cryptocurrency79
1076297,24554,"🚀 $USELESS/USDT PERP 🚀

🟢 LONG

💰 Entry : 0.225$ –... 5X – 25X

⛔️ SL : 0.165$

📌 Use Only 2-5% Capital",76cbcf3834ca7bda9f537071f3940dc3,2026-09-04T06:38:48+00:00,2026-09-04T07:13:52.952489+00:00,905,cryptocurrency79
1076289,24553,"⚡️⚡️ #BAS/USDT ⚡️⚡️
Exchanges: Bingx 
Signal Type:...
5) 0.02818
6) 0.02858
7) 🚀🚀🚀

Stop Targets:
5-10%",d26caef8927dd6133749b565ad58afb9,2026-09-04T06:38:48+00:00,2026-09-04T07:13:52.921110+00:00,905,cryptocurrency79
1076273,24556,"✅ Long

Pair: #TRX/USDT

📊 Entry Price: 

1) 0.329...
4) 0.35180

Stop Loss: 0.30853

Leverage: 10x-20x",408f5a52a0dbeebf91a289d14c08fd78,2026-09-04T06:38:48+00:00,2026-09-04T07:13:52.766139+00:00,905,cryptocurrency79
1076259,24557,"🔰 GRIFFAIN/USDT 🔰

🟢 LONG 20X

🔳 ENTRY :- 0.0128

...ARGET:- 0.0134 - 0.0143 - 0.0155

🔴 STOP :- 0.0112",ae661ab2da5487aa68c2341c24c51831,2026-09-04T06:38:48+00:00,2026-09-04T07:13:52.484109+00:00,905,cryptocurrency79
1076257,24555,"✅ Long

#DOT/USDT

Entry zone : 0.844094 - 0.87020...52433
0.978409

Stop loss :0.809286

Leverage: 10x",f0c784cf1fd2f5171160f79a306ffb6f,2026-09-04T06:38:48+00:00,2026-09-04T07:13:52.475798+00:00,905,cryptocurrency79
1076299,24546,"✅ Long

#XMR/USDT

Entry zone : 495.02 - 510.33

T...
558.55
573.78

Stop loss :474.6069

Leverage: 10x",13660714160cbba6dde1d6a4c68495a0,2026-09-04T06:38:43+00:00,2026-09-04T07:13:52.967145+00:00,905,cryptocurrency79
1076278,24547,"📊 #TRIA/USDT

🟢 POSITION: LONG

💰 ENTRY RANGE
➤ 0....➤ 0.0042

━━━━━━━━━━━━━━━━━━

✅ Manage risk wisely",64f80981311bb6fce3c008c545e160af,2026-09-04T06:38:43+00:00,2026-09-04T07:13:52.820831+00:00,905,cryptocurrency79
1076309,24543,"⚡️⚡️ #1INCH/USDT ⚡️⚡️
Exchanges: Bingx 
Signal Typ...
5) 0.09759
6) 0.09898
7) 🚀🚀🚀

Stop Targets:
5-10%",8f566e17e813c240a9e3f6070b47390e,2026-09-04T06:38:42+00:00,2026-09-04T07:13:53.090634+00:00,905,cryptocurrency79
1076305,24544,"⚡️⚡️ #1000PEPE/USDT ⚡️⚡️
Exchanges: Bingx 
Signal ...
5) 0.00389
6) 0.00394
7) 🚀🚀🚀

Stop Targets:
5-10%",4c9c360f9bf73c1e4f923be8084ce021,2026-09-04T06:38:42+00:00,2026-09-04T07:13:52.997098+00:00,905,cryptocurrency79
1076241,24545,"⚡️⚡️ #CAKE/USDT ⚡️⚡️
Exchanges: Bingx 
Signal Type...
5) 2.12625
6) 2.15634
7) 🚀🚀🚀

Stop Targets:
5-10%",50404689844dd5c9d75809caf64a921c,2026-09-04T06:38:42+00:00,2026-09-04T07:13:52.265174+00:00,905,cryptocurrency79
1076301,24525,"DASHUSDTUSDT  
Exchanges: BINGX 

🟢 Short
Leverage...7
4) 49.06
5) 45.14
6) 41.52
7) 🚀🚀🚀 

⛔️ SL:
57.00",1464626e2de8bd832401339f9fb0fcdc,2026-09-04T06:38:41+00:00,2026-09-04T07:13:52.972774+00:00,905,cryptocurrency79
1076296,24526,"HBARUSDTUSDT  
Exchanges: BINGX 

🟢 Long
Leverage-....08330000
6) 0.08430000
7) 🚀🚀🚀 

⛔️ SL:
0.07540000",5dcf7f67a741ea0a473e7cad870c5b87,2026-09-04T06:38:41+00:00,2026-09-04T07:13:52.946426+00:00,905,cryptocurrency79
1076285,24528,"TRIAUSDTUSDT  
Exchanges: BINGX 

🟢 Long
Leverage-....00517000
6) 0.00558000
7) 🚀🚀🚀 

⛔️ SL:
0.00427242",5aae9f59268d33eff5f01bdc72c02b54,2026-09-04T06:38:41+00:00,2026-09-04T07:13:52.895733+00:00,905,cryptocurrency79
1076271,24527,"PEPEUSDTUSDT  
Exchanges: BINGX 

🟢 Short
Leverage... 6.00
4) 6.00
5) 6.00
6) 5.52
7) 🚀🚀🚀 

⛔️ SL:
3.81",f405f0457dfc5a13ed4138417e75ca05,2026-09-04T06:38:41+00:00,2026-09-04T07:13:52.753727+00:00,905,cryptocurrency79
1076268,24509,"IMXUSDTUSDT  
Exchanges: BINGX 

🟢 Short
Leverage-....11639000
6) 0.10708000
7) 🚀🚀🚀 

⛔️ SL:
0.11929000",0ca778a03a64598858eafdd3055b7f16,2026-09-04T06:38:41+00:00,2026-09-04T07:13:52.733300+00:00,905,cryptocurrency79
1076260,24514,"XMRUSDTUSDT  
Exchanges: BINGX 

🟢 Long
Leverage- ... 558.55
5) 573.78
6) 619.68
7) 🚀🚀🚀 

⛔️ SL:
474.61",c8e5d30bba121157f196f8f787bebdef,2026-09-04T06:38:41+00:00,2026-09-04T07:13:52.598948+00:00,905,cryptocurrency79
1076253,24523,"DOT-USD  
Exchanges: BYBIT

🔴 Short 
Leverage- Cro....61274000
6) 0.56372000
7) 🚀🚀🚀 

⛔️ SL:
0.83329250",a018dd73ff1337f2efa635a2cb545948,2026-09-04T06:38:41+00:00,2026-09-04T07:13:52.426980+00:00,905,cryptocurrency79
1076248,24516,"ADA-USD  
Exchanges: BYBIT

🔴 Short 
Leverage- Cro....15493000
6) 0.14254000
7) 🚀🚀🚀 

⛔️ SL:
0.21069100",0bb84b2cf29bdf3cf4c2484fd24809fc,2026-09-04T06:38:41+00:00,2026-09-04T07:13:52.328871+00:00,905,cryptocurrency79
1076308,24503,"📊 Let’s SHORT #SUI/USDT

💥 Leverage:  Cross 20×  -...: 

1) 0.735
2) 0.700
3) 0.670

🔖 Stop Loss: 0.805",39d7a2b4f8d27f93efe17774c48fbdec,2026-09-04T06:38:40+00:00,2026-09-04T07:13:53.054612+00:00,905,cryptocurrency79
1076267,24508,"SUIUSDTUSDT  
Exchanges: BINGX 

🟢 Short
Leverage-....72124000
6) 0.66354000
7) 🚀🚀🚀 

⛔️ SL:
0.81606000",03bddb06a6e08b8fd634223ab0771b1a,2026-09-04T06:38:40+00:00,2026-09-04T07:13:52.728622+00:00,905,cryptocurrency79
1076264,24502,"📊 Let’s LONG #ARC/USDT

💥 Leverage:  Cross 20×  - ...1) 0.0770
2) 0.0800
3) 0.0835

🔖 Stop Loss: 0.0710",1233dea8a4fcd26773239c5b814647e8,2026-09-04T06:38:40+00:00,2026-09-04T07:13:52.644858+00:00,905,cryptocurrency79
1076262,24501,"📊 Let’s LONG #BTR/USDT

💥 Leverage:  Cross 10×

✔️...1) 0.0558
2) 0.0590
3) 0.0630

🔖 Stop Loss: 0.0470",1137c77511b703b09126740cf82a4df1,2026-09-04T06:38:40+00:00,2026-09-04T07:13:52.613445+00:00,905,cryptocurrency79
1076242,24499,"#USELESSUSDT — BUY (LONG) 
🎉
🟢 Leverage: Cross  50...Risk Management:
Use only 2%– 3%of your portfolio.",2d17cfd5a1126c1c947a30cafe027ece,2026-09-04T06:38:40+00:00,2026-09-04T07:13:52.265975+00:00,905,cryptocurrency79
1076238,24500,"📊 Let’s LONG #TRIA/USDT

💥 Leverage:  Cross 10×

✔...1) 0.0051
2) 0.0059
3) 0.0064

🔖 Stop Loss: 0.0037",0e7fcf4289b63da3bbeed05be76f3da0,2026-09-04T06:38:40+00:00,2026-09-04T07:13:52.231120+00:00,905,cryptocurrency79
1076239,24487,"🟢#MARSCOIN/USDT

📈Signal: long Leverage: Cross 20X...even after TP1 is hit.

📣Trade Smart • Follow Risk",085014469739b664f51ff413489bcd01,2026-09-04T06:05:56+00:00,2026-09-04T07:13:52.247106+00:00,905,cryptocurrency79
1076279,24461,"🐳 MUBARAK/USDT #SHORT🐳

✳️ ENTRY :- 0.02815 - 0.02....02310

⛔️ STOP-LOSS :- 0.3160

☝️ Margin Use 2–3%",b33450f1d37ec654fc6cbd79086dca2a,2026-09-04T06:05:54+00:00,2026-09-04T07:13:52.826676+00:00,905,cryptocurrency79
1076231,24462,"DASHUSDTUSDT  
Exchanges: BINGX 

🟢 Short
Leverage...7
4) 49.06
5) 45.14
6) 41.52
7) 🚀🚀🚀 

⛔️ SL:
57.00",1464626e2de8bd832401339f9fb0fcdc,2026-09-04T06:05:54+00:00,2026-09-04T07:13:51.719030+00:00,905,cryptocurrency79
1076244,24458,"⚡️⚡️ #MARSCOIN/USDT️️️️⚡️️⚡️
SIGNAL Type: Regular ...op: Breakeven -
  Trigger: Target (1)

NO REACTS 🔥",664869cb799d716ae943cb5bde9ce9a1,2026-09-04T06:05:53+00:00,2026-09-04T07:13:52.270732+00:00,905,cryptocurrency79
1076227,24457,"⚡️⚡️ #USELESS/USDT️️️️⚡️️⚡️
SIGNAL Type: Regular (...op: Breakeven -
  Trigger: Target (1)

NO REACTS 🔥",a0e7c37ec787b42a0315e19162527efb,2026-09-04T06:05:53+00:00,2026-09-04T07:13:51.082932+00:00,905,cryptocurrency79
1076228,24453,"⚡️⚡️ #DASH/USDT️️️️⚡️️⚡️
SIGNAL Type: Regular (LON...op: Breakeven -
  Trigger: Target (1)

NO REACTS 🔥",2ac9b9ecbac0dd68179fb6f962882b15,2026-09-04T06:05:53+00:00,2026-09-04T07:13:51.082155+00:00,905,cryptocurrency79
1078644,24663,"1INCHUSDTUSDT  
Exchanges: BINGX 

🟢 Long
Leverage....09759000
6) 0.09898000
7) 🚀🚀🚀 

⛔️ SL:
0.08746650",5ed8b8f444a99a52402c2d754044366e,2026-09-04T08:30:47+00:00,2026-09-04T08:36:33.850932+00:00,905,cryptocurrency79
1078625,24646,"Short $ETH - 2510$ - 2533$🔴

SL -  2550$❌

TP - 2490$ - 2460$ - 2427$ 🚀

Lev - 10x",b705bf84f1b2e3bed0d728d2c609042a,2026-09-04T08:30:40+00:00,2026-09-04T08:36:33.728512+00:00,905,cryptocurrency79
1078622,24643,"LONG

MAGMA/USDT

MARKET PRICE 

Leverage: 20X

TP...5% of capital 

Always use proper risk management.",dea025262be6db6d0b747dd014a46669,2026-09-04T08:30:40+00:00,2026-09-04T08:36:33.717911+00:00,905,cryptocurrency79
1078619,24640,"COIN: #CHIP/USDT (SHORT) SETUP

📊 Leverage 25x to ...ENT IS KEY
Use only 1–2% of your capital per trade",ad41852efc748a6db97220359762c7af,2026-09-04T08:30:33+00:00,2026-09-04T08:36:33.704645+00:00,905,cryptocurrency79
1078637,24634,"🔰 PAIR: ENA/ USDT 💹

🟢Position: LONG🚀

☑️ Entry Zo...:
🥇 0.1678
🥈 0.1700
🥉 0.1721

❌ Stop Loss: 🔴0.1617",b9168221add637511fc31260addd34ff,2026-09-04T08:30:32+00:00,2026-09-04T08:36:33.809253+00:00,905,cryptocurrency79
1078636,24639,"📉 SHORT #TRIA/USDT

🚀 LEVERAGE : 50x

📊 ENTRY PRIC....00490

TP🟢0.00460

STOPLOSS 🔴0.00555


REACTIONS?",0f042d55975210a91a54d683a19ce829,2026-09-04T08:30:32+00:00,2026-09-04T08:36:33.804465+00:00,905,cryptocurrency79
1078632,24636,"🟢 Long

#TRX/USDT

Entry : 

1) 0.32797
2) 0.31813...35040

🛑 Stop : 0.30730

Leverage : 10x (isolated)",bcb7cb1a86afc9073b82586b2740c82f,2026-09-04T08:30:32+00:00,2026-09-04T08:36:33.756590+00:00,905,cryptocurrency79
1078608,24635,"LONG

GPS/USDT

MARKET PRICE 

Leverage: 25X

TP: ...5% of capital 

Always use proper risk management.",a99d92f3530efb4be1f5e8034248e924,2026-09-04T08:30:32+00:00,2026-09-04T08:36:33.449352+00:00,905,cryptocurrency79
1078618,24629,"TRXUSDTUSDT  
Exchanges: BINGX 

🟢 Long
Leverage- ....37843000
6) 0.40870000
7) 🚀🚀🚀 

⛔️ SL:
0.30222350",e073b1eaf63849145751c8207439b438,2026-09-04T08:30:31+00:00,2026-09-04T08:36:33.703109+00:00,905,cryptocurrency79
1078609,24619,"LONG

BTR/USDT

MARKET PRICE 

Leverage: 25X

TP: ...5% of capital 

Always use proper risk management.",d7b6b06bf152513a79f1c00a2cd7e05c,2026-09-04T07:27:18+00:00,2026-09-04T08:36:33.526385+00:00,905,cryptocurrency79
1082481,24718,"🚀 SIGNAL ALERT 🚀

💎 Pair: AAVE/USDT
⏱️ Timeframe: ...━━━
 ❌ SL: 140.27

 ━━━━━━━━━
🟨Risk Management: 3%",7908e35310398e1c10ce46086b5d36fe,2026-09-04T11:05:57+00:00,2026-09-04T12:01:32.233549+00:00,905,cryptocurrency79
1082480,24717,"DASHUSDTUSDT  
Exchanges: BINGX 

🟢 Short
Leverage...7
4) 49.06
5) 45.14
6) 41.52
7) 🚀🚀🚀 

⛔️ SL:
57.00",1464626e2de8bd832401339f9fb0fcdc,2026-09-04T11:05:56+00:00,2026-09-04T12:01:32.234842+00:00,905,cryptocurrency79
1087498,24756,"#USELESS/USDT BUY (LONG) 

⚡️Leverage : Cross 25x ....2420

⚠️Use only 3% - 5% amount of your portfolio",5e8911237abf47b9ea0faf96139398b8,2026-09-04T14:29:53+00:00,2026-09-04T15:07:53.061357+00:00,905,cryptocurrency79
1087509,24755,"#TRIA /USDT BUY (LONG) 

⚡️Leverage : Cross 25x to...04770

⚠️Use only 3% - 5% amount of your portfolio",1a57ff9dcafb4204e15e4b0299f9759d,2026-09-04T14:29:52+00:00,2026-09-04T15:07:53.150477+00:00,905,cryptocurrency79
1087491,24752,"⭐️$USELESS/USDT  LONG 

🛡Leverage : Cross 25x50

‼....20297

Use only 3% - 5% amount of your portfolio🛍",bd957d8d2a6de4e47e4586f0d5f0c4a0,2026-09-04T14:29:52+00:00,2026-09-04T15:07:53.030802+00:00,905,cryptocurrency79
1087492,24753,"USELESSUSDTUSDT  
Exchanges: BINGX 

🟢 Long
Levera....31493000
6) 0.34012000
7) 🚀🚀🚀 

⛔️ SL:
0.22800000",d9602ad30d7f242e8c3e156c85ec3027,2026-09-04T14:29:52+00:00,2026-09-04T15:07:53.019406+00:00,905,cryptocurrency79
1087487,24740,"✨UNI/USDT

🎗 Trade Type = SHORT 🔴

⭐️ Leverage :- ...fit = [ 6.200, 6.139, 6.064, 6.014, 5.943, 5.875 ]",116cf0c0e33744dd376f2fa518ac4f32,2026-09-04T14:29:34+00:00,2026-09-04T15:07:52.830688+00:00,905,cryptocurrency79
1087480,24737,"COIN: #EDGE /USDT (LONG) SETUP

📊 Leverage 25x to ...ENT IS KEY
Use only 1–2% of your capital per trade",f9dc755074c45eb53bda4a7c7f578dfb,2026-09-04T14:29:34+00:00,2026-09-04T15:07:52.558865+00:00,905,cryptocurrency79
1087484,24736,"📈 LONG #USELESS/USDT

🚀 LEVERAGE : 50x

📊 ENTRY PR...1

TP🟢0.260

TP🟢0.270

STOPLOSS 🔴0.228

REACTIONS?",d698acceb4184290cd06130146b7a2bd,2026-09-04T14:29:33+00:00,2026-09-04T15:07:52.581662+00:00,905,cryptocurrency79
1087483,24734,"➡️ #USELESS      /USDT (SHORT) 🔽🔽

⌛LEVERAGE : 20X...7


💥Use only 1%margin of your total portfolio❤️😘😇",453463cea2be81d4cea0bbfcd64a8d47,2026-09-04T14:29:33+00:00,2026-09-04T15:07:52.579751+00:00,905,cryptocurrency79
1089214,24870,"🚩 SHORT #NOT/USDT

⚙️ 75X LEVERAGE

🛡 Entry: 0.000...04280
TP3: 0.0004140

🛑 SL: 0.0004850

🔥REACTIONS?",6f178bcf22520154191a5f4ad2b35319,2026-09-04T16:21:48+00:00,2026-09-04T17:02:22.081611+00:00,905,cryptocurrency79
1089209,24872,"SHORT #TRADOOR/USDT

⚙️ 75X LEVERAGE

🛡 Entry: 0.6...
TP1: 0.6220
TP2: 0.6100
TP3: 0.5890

🛑 SL: 0.6900",161e4d48a8138d672b397e2665dc061f,2026-09-04T16:21:48+00:00,2026-09-04T17:02:22.065802+00:00,905,cryptocurrency79
1089230,24861,"🚩 SHORT #TRADOOR/USDT

⚙️ 75X LEVERAGE

🛡 Entry: 0...TP2: 0.6100
TP3: 0.5890

🛑 SL: 0.6900

🔥REACTIONS?",69e90c8bc60d3f18a654c1ca6b57bacf,2026-09-04T16:21:47+00:00,2026-09-04T17:02:22.152330+00:00,905,cryptocurrency79
1089223,24855,"Doge/Usdt long 🟢
with 0.5% Wallet on market price ...te movement pe jo 5% around the liq manage 0.07946",39c4835638b9db8b5d95c61e942f4caa,2026-09-04T16:21:47+00:00,2026-09-04T17:02:22.120547+00:00,905,cryptocurrency79
1089216,24857,"🚀 LONG: $TRIA/USDT
LEVERAGE: 50x

✔️ENTRY PRICE: 0....005500-0.005880

STOP LOSS:  0.004870

REACTIONS?",051f25931b4dea4506da2b484a962287,2026-09-04T16:21:47+00:00,2026-09-04T17:02:22.083156+00:00,905,cryptocurrency79
1089204,24864,"🚨 #PROM/USDT | SHORT

⚡Leverage: Cross 25x

🎯Entry... follow the signal and secure profits at targets.💎",41c737ebe9b6954c7023bac456d4a83f,2026-09-04T16:21:47+00:00,2026-09-04T17:02:22.036480+00:00,905,cryptocurrency79
1089200,24858,"#FLOCK Long.📊

Targets: 0.0590, 0.0670, 0.0800 🎁",34e191fe2fc9dc2a630d9acc1edfbaa8,2026-09-04T16:21:47+00:00,2026-09-04T17:02:21.988578+00:00,905,cryptocurrency79
1089197,24862,"DOGEUSDTUSDT  
Exchanges: BINGX 

🟢 Short
Leverage....06833000
6) 0.06286000
7) 🚀🚀🚀 

⛔️ SL:
0.09115000",8b0f9c1cfe4480c694e7077f5fbe6995,2026-09-04T16:21:47+00:00,2026-09-04T17:02:21.971690+00:00,905,cryptocurrency79
1089187,24859,"#UAIUSDT — BUY (LONG) 
🎉
🟢 Leverage: Cross  50x

⚡...Risk Management:
Use only 2%– 3%of your portfolio.",c77fb0e22ea69dcc9c80d1075a28b097,2026-09-04T16:21:47+00:00,2026-09-04T17:02:21.923129+00:00,905,cryptocurrency79
1089233,24848,"🟢 LONG  - $ICNTUSDT

- Entry market: 0.1145
- Entr... the funds if trading without caution & knowledge.",3f14cf8399e92026490363c3b00a08eb,2026-09-04T15:50:51+00:00,2026-09-04T17:02:22.182408+00:00,905,cryptocurrency79
1089220,24850,"#TAC  /USDT BUY (LONG) 

⚡️Leverage : Cross 25x to...02510

⚠️Use only 3% - 5% amount of your portfolio",9f4b3a9c832a032e88db975631c0f5a5,2026-09-04T15:50:51+00:00,2026-09-04T17:02:22.101836+00:00,905,cryptocurrency79
1089184,24851,"🟢LONG  #BTCUSDT

🔶 Entry : 79000 - 78900

➡️ Lever...ake Profit Targets :

👉 79700

🛑 Stop Loss : 78100",45a6cb547609dae919ea7b3795332fa5,2026-09-04T15:50:51+00:00,2026-09-04T17:02:21.812168+00:00,905,cryptocurrency79
1089219,24846,"🚨 SHORT
CLO/USDT
ENTRY 0.12110

🚀 0.11958
🚀 0.1185... CROSS )
LEVRAGE 10x- 40x

1% WALLET 

DCA 0.12494",20712060c4cce84ca6073881a9d519c7,2026-09-04T15:50:50+00:00,2026-09-04T17:02:22.100500+00:00,905,cryptocurrency79
1089215,24844,"BTCUSDTUSDT  
Exchanges: BINGX 

🟢 Long
Leverage- ...5) 108430.97
6) 117105.45
7) 🚀🚀🚀 

⛔️ SL:
78100.00",c9767cd711cdf6d16cde3211e99332f7,2026-09-04T15:50:50+00:00,2026-09-04T17:02:22.084201+00:00,905,cryptocurrency79
1089225,24830,"SHORT🚨

ENA/USDT

MARKET PRICE

Leverage: 10X/20x
... 5% of Your capital

Apply proper risk management📈",9998801e2d7bdbc79108a68c903f36e8,2026-09-04T15:10:15+00:00,2026-09-04T17:02:22.132142+00:00,905,cryptocurrency79
1089222,24831,"SHORT🚨

HYPE/USDT

MARKET PRICE

Leverage: 10X/20x... 5% of Your capital

Apply proper risk management📈",f340a0dec8a1439a0231af49272131ad,2026-09-04T15:10:15+00:00,2026-09-04T17:02:22.116818+00:00,905,cryptocurrency79
1089211,24828,TRIA LONG 0.004915 tp1 0.005015,f538b5c2cf435c1df65015cf2a2f24eb,2026-09-04T15:10:15+00:00,2026-09-04T17:02:22.067021+00:00,905,cryptocurrency79
1089198,24829,"🚀 #TRIA/USDT LONG SIGNAL 🚀
📍 Entry: 0.004915


🎯 T... your risk, and let's catch this move together! 🪙🔥",4997a7274f47da5628f22a5abea981b3,2026-09-04T15:10:15+00:00,2026-09-04T17:02:21.986197+00:00,905,cryptocurrency79
1089178,24810,"🚀 #USELESS/USDT SHORT SIGNAL 🚀
📍 Entry: 0.2425


🎯... your risk, and let's catch this move together! 🪙🔥",82ce395a2985311b6cdd6a0c8d2d19ae,2026-09-04T15:09:59+00:00,2026-09-04T17:02:21.727164+00:00,905,cryptocurrency79
1089172,24808,"SHORT🚨

UNI/USDT

MARKET PRICE

Leverage: 10X/20x
... 5% of Your capital

Apply proper risk management📈",f9bf6ccfb6ff11c6bdc5b9453d0756a6,2026-09-04T15:09:59+00:00,2026-09-04T17:02:21.526747+00:00,905,cryptocurrency79
1089167,24809,"#TRIA /USDT BUY (LONG) 

⚡️Leverage : Cross 25x to...04510

⚠️Use only 3% - 5% amount of your portfolio",be1ff2d28409184e9284c830c46cfdd2,2026-09-04T15:09:59+00:00,2026-09-04T17:02:21.505385+00:00,905,cryptocurrency79
1089162,24807,"$WLDUSDT

SHORT

RR : 2

LEVERAGE : 15x

ENTRY : 0...827

TAKE PROFITS 👇

1️⃣ 0.3566

STOPLOSS : 0.3954",b1c2da43248dd4f3e1b168c120e9126e,2026-09-04T15:09:59+00:00,2026-09-04T17:02:21.488518+00:00,905,cryptocurrency79
1089221,24803,"🚀 #MARSCOIN/USDT SHORT SIGNAL 🚀
📍 Entry: 0.1750


... your risk, and let's catch this move together! 🪙🔥",8ad713515b3948ec5d96031188c0732d,2026-09-04T15:09:52+00:00,2026-09-04T17:02:22.106287+00:00,905,cryptocurrency79
1089179,24801,"📈 LONG #Q/USDT

🚀 LEVERAGE : 50x

📊 ENTRY PRICE   ...P🟢0.0272

TP🟢0.0285

STOPLOSS 🔴0.0242


REACTIONS?",bad9d1eb9a7cdacee3aa8ca2fd83ef88,2026-09-04T15:09:52+00:00,2026-09-04T17:02:21.728347+00:00,905,cryptocurrency79
1089159,24805,"SHORT🚨

ZEC/USDT

MARKET PRICE

Leverage: 10X/20x
... 5% of Your capital

Apply proper risk management📈",cf6b251e72f70a9dd595d146fcdff174,2026-09-04T15:09:52+00:00,2026-09-04T17:02:21.472516+00:00,905,cryptocurrency79
1089157,24800,"#SHORT 🔴 🔤🔤🔤🔤🔤

#UNI/USDT 

Margin Mode : Isolated....645

🟩 SL : 6.547 - 100%

📊 LEV : 20X

🇯🇵 Premium",f23586d074d1d746864c352053767ee6,2026-09-04T15:09:52+00:00,2026-09-04T17:02:21.457854+00:00,905,cryptocurrency79
1089229,24781,"🚨 #SOL/USDT | LONG

⚡Leverage: Cross 100x

🎯Entry ... follow the signal and secure profits at targets.💎",21848b624ee0ad74fe657d95ed7084ae,2026-09-04T15:09:50+00:00,2026-09-04T17:02:22.150673+00:00,905,cryptocurrency79
1089181,24783,"📇 Setup: Q/USDT 

LONG Trade 🛫

✔️ Leverage : 75X
....026200
💰 Target 2 • 0.026700
💰 Target3 • 0.027100",98311afd41a2633f55d844e249706288,2026-09-04T15:09:50+00:00,2026-09-04T17:02:21.801601+00:00,905,cryptocurrency79
1089158,24780,"ZECUSDTUSDT  
Exchanges: BINGX 

🟢 Short
Leverage-...20
4) 8.46
5) 7.79
6) 7.16
7) 🚀🚀🚀 

⛔️ SL:
1062.54",50d67b35a3582e4b1257bd54a96419ea,2026-09-04T15:09:50+00:00,2026-09-04T17:02:21.459924+00:00,905,cryptocurrency79
1089152,24772,"💰#SIGN / USDT👑

💎Setup Type: Strong SHORT  🔖Opport...➝ 0.008300

4️⃣TP ➝ 0.006000

🚫Stop Loss: 0.010800",3e95fc1905fc42c020a27062500d7ea1,2026-09-04T15:09:50+00:00,2026-09-04T17:02:21.286652+00:00,905,cryptocurrency79
1089148,24778,"📇 Setup: USELESS/USDT 

LONG Trade 🛫

✔️ Leverage ... •0.26200
💰 Target 2 • 0.27100
💰 Target3 • 0.29300",16d28cec2dc1f3999b5cea0beeda0d8f,2026-09-04T15:09:50+00:00,2026-09-04T17:02:21.065063+00:00,905,cryptocurrency79
1111440,25166,"#SHORT 🔴 🔤🔤🔤🔤🔤

#NEAR/USDT 

Margin Mode : Isolate....003

🟩 SL : 2.302 - 100%

📊 LEV : 20X

🇯🇵 Premium",7ec4635b6cac295749c2995a2e2a07c1,2026-09-05T14:04:05+00:00,2026-09-05T14:41:44.140076+00:00,905,cryptocurrency79
1111418,25167,"🔴 SHORT

#ADA/USDT

Entry zone : 0.22237 - 0.21590....19528
0.18877

Stop loss :0.231013

Leverage: 10x",277bb5128deae2812e506309293bf5b3,2026-09-05T14:04:05+00:00,2026-09-05T14:41:43.954758+00:00,905,cryptocurrency79
1111447,25164,"🚀 #TUT/USDT LONG SIGNAL 🚀
📍 Entry: 0.02905


🎯 Tak... your risk, and let's catch this move together! 🪙🔥",b67d0167f757a40fc597062f6fa01ef1,2026-09-05T14:04:04+00:00,2026-09-05T14:41:44.152157+00:00,905,cryptocurrency79
1111441,25159,"📈 LONG #4/USDT

🚀 LEVERAGE : 50x

📊 ENTRY PRICE   ...P🟢0.0275

TP🟢0.0290

STOPLOSS 🔴0.0235


REACTIONS?",e1f870cc4f1b00c8c3f2e8c706d71cdb,2026-09-05T14:04:04+00:00,2026-09-05T14:41:44.140975+00:00,905,cryptocurrency79
1111438,25160,"AKEUSDTUSDT  
Exchanges: BINGX 

🟢 Long
Leverage- ....02461000
6) 0.02658000
7) 🚀🚀🚀 

⛔️ SL:
0.01760000",5944b7f1e07f689466da7ebdaa57eca9,2026-09-05T14:04:04+00:00,2026-09-05T14:41:44.088272+00:00,905,cryptocurrency79
1111416,25163,"🔴 Short

Pair: #DOGE/USDT

📊 Entry Price: 

1) 0.0...) 0.081083

Stop Loss: 0.092597

Leverage: 10x-20x",23cc5b20dc4d49bd8c10aca280863197,2026-09-05T14:04:04+00:00,2026-09-05T14:41:43.786553+00:00,905,cryptocurrency79
1111456,25153,"LTCUSDTUSDT  
Exchanges: BINGX 

🟢 Short
Leverage-...1
4) 51.07
5) 49.48
6) 48.41
7) 🚀🚀🚀 

⛔️ SL:
56.39",f360eac1d419f89dcaf765a137aa0ef5,2026-09-05T14:04:03+00:00,2026-09-05T14:41:44.184329+00:00,905,cryptocurrency79
1111459,25133,"#AKE / USDT

💎Setup Type: Strong LONG  🔖Opportunit...➝ 0.025000

4️⃣TP ➝ 0.037000

🚫Stop Loss: 0.015000",f5e175a499249a1f68b4e4b12881f4ae,2026-09-05T13:28:49+00:00,2026-09-05T14:41:44.213781+00:00,905,cryptocurrency79
1111454,25129,"💰#AKE / USDT👑

💎Setup Type: Strong LONG  🔖Opportun...➝ 0.025000

4️⃣TP ➝ 0.037000

🚫Stop Loss: 0.015000",8fec6e8d2c0319038426ab3a6beac40a,2026-09-05T13:28:49+00:00,2026-09-05T14:41:44.183605+00:00,905,cryptocurrency79
1111453,25127,"🚨 #AKE/USDT | LONG

⚡Leverage: Cross 25x

🎯Entry T... follow the signal and secure profits at targets.💎",29ada89c5623581f17ea3d46b1073fa7,2026-09-05T13:28:49+00:00,2026-09-05T14:41:44.180553+00:00,905,cryptocurrency79
1111429,25126,"⭐️$FLOCK/USDT  SHORT

🛡Leverage : Cross 25x50

‼️E....06683

Use only 3% - 5% amount of your portfolio🛍",6d43efdc7c43bd1fe08dee320a0c86ac,2026-09-05T13:28:49+00:00,2026-09-05T14:41:44.026505+00:00,905,cryptocurrency79
1111424,25124,"Long 

 $LINK:

TP: 12.1
SL: 11.6 

I typed wrong guys, no problem!",f3a7af251ae2b8fbec2c19ba6f7b89f2,2026-09-05T13:28:49+00:00,2026-09-05T14:41:43.999021+00:00,905,cryptocurrency79
1111415,25114,"📇 Setup: B/USDT 

LONG Trade 🛫

✔️ Leverage : 75X
... 1 •0.1850
💰 Target 2 • 0.18150
💰 Target3 • 0.1770",913e9415ffe21bc1f7bce63622e670bf,2026-09-05T13:28:26+00:00,2026-09-05T14:41:43.765640+00:00,905,cryptocurrency79
1111408,25092,"#CTRUSDT - LONG ( Swing trade ) 📈

Entry : Market ...*0.011
0.0113
0.0118
0.0125*

Stoploss at : 0.0083",71e36b779b5c7911d86c766219859be4,2026-09-05T13:28:06+00:00,2026-09-05T14:41:43.218072+00:00,905,cryptocurrency79
1111406,25091,"BANANAUSDTUSDT  
Exchanges: BINGX 

🟢 Long
Leverag... 4.85
4) 5.24
5) 5.66
6) 6.11
7) 🚀🚀🚀 

⛔️ SL:
5.00",a03219fdaa6b70107170f6fbf373e7ab,2026-09-05T13:28:06+00:00,2026-09-05T14:41:43.088730+00:00,905,cryptocurrency79
1111328,25055,"$LTC LONG 🟢

10x-15x Lev 

Entry -  53.60-51.50$

TP - 57$- 60$$

SL: 49$",2413ce203c3b0851eb1ea0b4b72858fe,2026-09-05T13:25:56+00:00,2026-09-05T14:41:29.341578+00:00,905,cryptocurrency79
1111348,25053,"Coin #AKE/USDT

Position: LONG 

Leverage:  Cross ...rgets: 🎯 0.0186, 0.0192, 0.0199

Stop Loss: 0.0168",c39cc0ca00a8233bb2e28db31e30b985,2026-09-05T13:25:55+00:00,2026-09-05T14:41:29.808403+00:00,905,cryptocurrency79
1111344,25054,"#AKE/USDT BUY (LONG) 

⚡️Leverage : Cross 25x to 5...01760

⚠️Use only 3% - 5% amount of your portfolio",1e514e358c1a18a380caf1d92aa87770,2026-09-05T13:25:55+00:00,2026-09-05T14:41:29.779681+00:00,905,cryptocurrency79
1111337,25052,"🚀 $4/USDT PERP 🚀

🟢 LONG

💰 Entry : 0.027$ – 0.023... 5X – 25X

⛔️ SL : 0.020$

📌 Use Only 2-5% Capital",9bd3b43f068f29804aca4bd3d2c839cf,2026-09-05T13:25:55+00:00,2026-09-05T14:41:29.667286+00:00,905,cryptocurrency79
1111320,25051,"🔴 SHORT

#ALGO/USDT

Entry : 

1) 0.092550
2) 0.09...6146

🛑 Stop : 0.098380

Leverage : 10x (isolated)",b6c1fd4b706f018f59fb97d0516c8672,2026-09-05T13:25:55+00:00,2026-09-05T14:41:29.144850+00:00,905,cryptocurrency79
1111336,25045,"🟢 Long

#BCH/USDT

Entry : 

1) 245.79
2) 238.41

...262.60

🛑 Stop : 230.30

Leverage : 10x (isolated)",1a46fc6f81e52773a2184419f5ce4caf,2026-09-05T13:25:50+00:00,2026-09-05T14:41:29.658472+00:00,905,cryptocurrency79
1111327,25042,"#SHORT 🔴 🔤🔤🔤🔤🔤

#TAC/USDT 

Margin Mode : Isolated...7

🟩 SL : 0.002568 - 100%

📊 LEV : 20X

🇯🇵 Premium",624fb633f50ee65ad357e9157d472ef1,2026-09-05T13:25:50+00:00,2026-09-05T14:41:29.338828+00:00,905,cryptocurrency79
1111315,25046,"💵 𝐒𝐈𝐆𝐍𝐀𝐋 𝐀𝐋𝐄𝐑𝐓 💵

#AKE/USDT (25xLONG)

✅ ENTRY:0.0...ETS:-0.01920/0.02050/0.02250

❌ STOP LOSS: 0.01540",ba5e8776c4e6f5902b5bdb14492d551a,2026-09-05T13:25:50+00:00,2026-09-05T14:41:29.115229+00:00,905,cryptocurrency79
1111309,25044,"🟢 4/USDT 📈

📈 long Setup 

💰 Entry Zone: 0.0258–0....et 1. 
✅ Move SL to breakeven after Target 1 hits.",51c92a4ae5fdfefb7c5fe6349526c334,2026-09-05T13:25:50+00:00,2026-09-05T14:41:29.103190+00:00,905,cryptocurrency79
1111298,25043,"📊 #MYX/USDT

🟢 POSITION: LONG

💰 ENTRY RANGE
➤ 0.0...
➤ 0.068

━━━━━━━━━━━━━━━━━━

✅ Manage risk wisely",f6cd5bc356cfed165b11b05524290f2b,2026-09-05T13:25:50+00:00,2026-09-05T14:41:28.806814+00:00,905,cryptocurrency79
1111316,25032,SHORT #4USDT 0.0251,f9860107786d8322b579923ebeaa003e,2026-09-05T13:25:49+00:00,2026-09-05T14:41:29.128557+00:00,905,cryptocurrency79
1111306,25033,"📇 Setup: 4/USDT 

SHORT Trade 🛫

✔️ Leverage : 50X... •0.02450
💰 Target 2 • 0.02410
💰 Target3 • 0.02360",244f951151efbbb39225be1b11e30aad,2026-09-05T13:25:49+00:00,2026-09-05T14:41:29.095421+00:00,905,cryptocurrency79
1111305,25038,"Pair: #Q/USDT

Short • (20X)

Entry
0.028480

Targ... your own risk. Always use proper risk management.",3096d2844b5c9eb636133583b6f5146b,2026-09-05T13:25:49+00:00,2026-09-05T14:41:29.083602+00:00,905,cryptocurrency79
1111301,25037,"Pair: #B/USDT

Short • (20X)

Entry
0.19500

Targe... your own risk. Always use proper risk management.",06cca87334a0a0a249b87353d3ae64a5,2026-09-05T13:25:49+00:00,2026-09-05T14:41:28.940446+00:00,905,cryptocurrency79
1111300,25039,"HYPEUSDTUSDT  
Exchanges: BINGX 

🟢 Long
Leverage-...
4) 92.37
5) 99.76
6) 107.74
7) 🚀🚀🚀 

⛔️ SL:
84.27",1b5b3689d2d2e94dc8c888090ce800fc,2026-09-05T13:25:49+00:00,2026-09-05T14:41:28.817523+00:00,905,cryptocurrency79
1111292,25031,"✅Entry 0.001920 - 0.001880

(🆘LONG NOMUSDT 5-20x🆘)....002023
🏹Target 6  $0.002054

🚫Stop loss -0.001825",6f80b4e3bbc72f8cb9a2d486c27e46ca,2026-09-05T13:25:49+00:00,2026-09-05T14:41:28.752453+00:00,905,cryptocurrency79
1111339,25024,"#AKE/USDT BUY (LONG) 

⚡️Leverage : Cross 25x to 5...01750

⚠️Use only 3% - 5% amount of your portfolio",0d8dbb621f1063a46a30cc79d772c31d,2026-09-05T13:25:48+00:00,2026-09-05T14:41:29.689702+00:00,905,cryptocurrency79
1111329,25009,"📈 LONG #UAI/USDT

🚀 LEVERAGE : 50x

📊 ENTRY PRICE ...7

TP🟢0.490

TP🟢0.520

STOPLOSS 🔴0.440

REACTIONS?",8a5d4bd464804bddce9409811c151427,2026-09-05T13:25:48+00:00,2026-09-05T14:41:29.368428+00:00,905,cryptocurrency79
1111321,25025,"#ACUUSDT — BUY (LONG) 

🟢 Leverage: Cross  50x

⚡️...Risk Management:
Use only 2%– 3%of your portfolio.",b7d61c1a8e85a373c9585c239bd02dfe,2026-09-05T13:25:48+00:00,2026-09-05T14:41:29.154503+00:00,905,cryptocurrency79
1111317,25018,"🚀 LONG: $AKE/USDT
LEVERAGE: 50x

✔️ENTRY PRICE: 0....0-0.02080-0.02200

STOP LOSS:  0.01830

REACTIONS?",3885efa4fe620bff4b217259f9ed9c5c,2026-09-05T13:25:48+00:00,2026-09-05T14:41:29.129884+00:00,905,cryptocurrency79
1111312,25028,"TRUMPUSDTUSDT  
Exchanges: BINGX 

🟢 Short
Leverag... 2.33
4) 2.30
5) 2.22
6) 2.18
7) 🚀🚀🚀 

⛔️ SL:
2.54",d31c3f6597c6cd9a93cf79efb15fe27c,2026-09-05T13:25:48+00:00,2026-09-05T14:41:29.110285+00:00,905,cryptocurrency79
1111310,25008,"UBUSDTUSDT  
Exchanges: BINGX 

🟢 Long
Leverage- C....17575000
6) 0.18981000
7) 🚀🚀🚀 

⛔️ SL:
0.13430000",afdf6bfa12c0c05c89f03dfc4283f0bb,2026-09-05T13:25:48+00:00,2026-09-05T14:41:29.104002+00:00,905,cryptocurrency79
1111299,25007,"⭐️$UB/USDT  LONG 

🛡Leverage : Cross 25x50

‼️Entr....13430

Use only 3% - 5% amount of your portfolio🛍",c8b154c7a72184b70bac38bd21eee5a3,2026-09-05T13:25:48+00:00,2026-09-05T14:41:28.816571+00:00,905,cryptocurrency79
1111284,25017,"🟢 LONG  - $MAV

-  Entry market: 0.01122
- Entry l... the funds if trading without caution & knowledge.",881dfc34a236b4da5a5867264543bf70,2026-09-05T13:25:48+00:00,2026-09-05T14:41:28.617824+00:00,905,cryptocurrency79
1111330,24984,"📊#TUT/USDT–LONG–30x 🚀

📍 𝐄𝐧𝐭𝐫𝐲 𝐙𝐨𝐧𝐞:

➥ 0.0206, 0....tal.

⚠️ Disclaimer:
Trade at your own risk. DYOR.",656d80af83b97cacaf9801bab3838eae,2026-09-05T13:25:47+00:00,2026-09-05T14:41:29.563168+00:00,905,cryptocurrency79
1111324,24990,"🚩 LONG #B/USDT

⚙️ 75X LEVERAGE

🛡 Entry: 0.2035

...TP2: 0.2099
TP3: 0.2170

🛑 SL: 0.1850

🔥REACTIONS?",ab82d1ef877d5298b36c56ec0c2f4499,2026-09-05T13:25:47+00:00,2026-09-05T14:41:29.219380+00:00,905,cryptocurrency79
1111308,24988,"LAUSDTUSDT  
Exchanges: BINGX 

🟢 Long
Leverage- C....07370000
6) 0.07500000
7) 🚀🚀🚀 

⛔️ SL:
0.06640000",e1481e62e3c54ee88250b8aa674ceb07,2026-09-05T13:25:47+00:00,2026-09-05T14:41:29.102505+00:00,905,cryptocurrency79
1111302,24996,#MAGMA/USDT SHORT NOW 📉,aba7031e9846205ecb67b6273f3e2595,2026-09-05T13:25:47+00:00,2026-09-05T14:41:28.956001+00:00,905,cryptocurrency79
1111297,24991,"DASHUSDTUSDT  
Exchanges: BINGX 

🟢 Long
Leverage-...5
4) 91.96
5) 99.32
6) 107.26
7) 🚀🚀🚀 

⛔️ SL:
1.00",98433e4efbdbdd46e526f4110b64ad59,2026-09-05T13:25:47+00:00,2026-09-05T14:41:28.781220+00:00,905,cryptocurrency79
1111295,24981,"#NOM/USDT LONG     

👉Leverage : Cross 10× To 30×
...00192
2)  0.00202
3)  0.00214

⭕Stoploss : 0.00175",da6dac38f119d39acd2fe992f95e188f,2026-09-05T13:25:47+00:00,2026-09-05T14:41:28.772606+00:00,905,cryptocurrency79
1111294,24989,B/USDT LONG NOW 📈,d88bf57ade9fd6d34f788e4ff598fd1a,2026-09-05T13:25:47+00:00,2026-09-05T14:41:28.764949+00:00,905,cryptocurrency79
1111291,24992,"Short #AKE 50x 0.017900

Tp: 0.017300",ffdcb21fb8acc317eaf4e578b1c59994,2026-09-05T13:25:47+00:00,2026-09-05T14:41:28.739402+00:00,905,cryptocurrency79
1111289,25000,"#MUBARAKUSDT — BUY (LONG) 
🎉
🟢 Leverage: Cross  50...Risk Management:
Use only 2%– 3%of your portfolio.",51b17c9bd2e3bdb71781086799535897,2026-09-05T13:25:47+00:00,2026-09-05T14:41:28.695290+00:00,905,cryptocurrency79
1111335,24971,"#ACUUSDT — BUY (LONG) 
🎉
🟢 Leverage: Cross  50x

⚡...Risk Management:
Use only 2%– 3%of your portfolio.",9b6f0acc147d63a443b213c4fb4d02e0,2026-09-05T13:25:46+00:00,2026-09-05T14:41:29.584956+00:00,905,cryptocurrency79
1111286,24974,"⌛#BICO/USDT  ( LONG )

🍁 Leverage 👉 20X to 25X 

⛩... 0.02414 | 0.02438 | 0.02469

🔕 Stoploss = 0.02228",a4c1f69d06b4139686fe831f1c608537,2026-09-05T13:25:46+00:00,2026-09-05T14:41:28.655951+00:00,905,cryptocurrency79
1111283,24970,"📊 Let’s SHORT #CLO/USDT

💥 Leverage:  Cross 10×  -...) 0.1170
2) 0.1090
3) 0.0960

🔖 Stop Loss: 0.13255",89f4fcf8e7fc9ffe3b13019e1dc7ce4e,2026-09-05T13:25:46+00:00,2026-09-05T14:41:28.611341+00:00,905,cryptocurrency79
1111281,24969,"📊 Let’s SHORT #BE/USDT

💥 Leverage:  Cross 20×  - ...: 

1) 255.0
2) 230.0
3) 200.0

🔖 Stop Loss: 275.0",c137893426375d5b62a2be396b753ba9,2026-09-05T13:25:46+00:00,2026-09-05T14:41:28.486143+00:00,905,cryptocurrency79
1118231,25219,"🚨 #TRADOOR/USDT | LONG

⚡Leverage: Cross 25x

🎯Ent... follow the signal and secure profits at targets.💎",f14cabeccbe53ed90712bc7da67b5f2e,2026-09-05T18:04:02+00:00,2026-09-05T19:28:02.066200+00:00,905,cryptocurrency79
1118215,25218,"🚩 LONG #UAI/USDT

⚙️ 50X LEVERAGE

🛡 Entry: 0.4675...TP2: 0.4900
TP3: 0.5150

🛑 SL: 0.4000

🔥REACTIONS?",d6066c412b05368c868f19fd4c6efac9,2026-09-05T18:04:02+00:00,2026-09-05T19:28:01.711437+00:00,905,cryptocurrency79
1118213,25217,UAI/USDT LONG NOW,55cf560395d0abf19890cfbc70a51ad1,2026-09-05T18:04:02+00:00,2026-09-05T19:28:01.695796+00:00,905,cryptocurrency79
1129909,25324,"🟢FLOCK/USDT 📈

📈 long Setup 

💰 Entry Zone: 0.072–...et 1. 
✅ Move SL to breakeven after Target 1 hits.",d881c52d1cc20f97c868c81b2e827665,2026-09-06T07:49:51+00:00,2026-09-06T08:12:53.308740+00:00,905,cryptocurrency79
1129904,25325,"Scalp Short $BTC - 79700🔴

SL - 80200 ❌

TP - 79200-78600🚀

Lev - 10x",b26e7461255229b23168f150a4a1c4f2,2026-09-06T07:49:51+00:00,2026-09-06T08:12:53.228694+00:00,905,cryptocurrency79
1129939,25319,"🟢 Long

#TRX/USDT

Entry : 

1) 0.33285
2) 0.32286...35562

🛑 Stop : 0.31188

Leverage : 10x (isolated)",215299bfb25be439ec0a7e0616473d56,2026-09-06T07:49:44+00:00,2026-09-06T08:12:53.626635+00:00,905,cryptocurrency79
1129932,25321,"🚀 LONG: $XAN/USDT🚀
LEVERAGE: 20X-50X

🤍 ENTRY PRIC...- 0.01870
—————

❌ STOP LOSS: 0.01380❌


REACTIONS",ebc30fa4732d0157db15cff40b024cbc,2026-09-06T07:49:44+00:00,2026-09-06T08:12:53.550746+00:00,905,cryptocurrency79
1129903,25323,"🟢 Long

#DASH/USDT

Entry : 

1) 65.36
2) 63.39

T...) 69.83

🛑 Stop : 61.24

Leverage : 10x (isolated)",6da6fe35331c393099feed139b19eeda,2026-09-06T07:49:44+00:00,2026-09-06T08:12:53.227023+00:00,905,cryptocurrency79
1129897,25322,"COIN: #IOST/USDT (LONG) SETUP

📊 Leverage 25x to 5...ENT IS KEY
Use only 1–2% of your capital per trade",efe6496f3c2278b1d977598fcc39cefe,2026-09-06T07:49:44+00:00,2026-09-06T08:12:53.045630+00:00,905,cryptocurrency79
1129940,25309,"SUSHIUSDTUSDT  
Exchanges: BINGX 

🟢 Long
Leverage...4) 1.26
5) 1.36
6) 1.47
7) 🚀🚀🚀 

⛔️ SL:
0.22250000",5dc155423459bab441f9efb2c203ca50,2026-09-06T07:49:43+00:00,2026-09-06T08:12:53.634940+00:00,905,cryptocurrency79
1129908,25307,"UAIUSDTUSDT  
Exchanges: BINGX 

🟢 Long
Leverage- ...4) 1.00
5) 1.08
6) 1.17
7) 🚀🚀🚀 

⛔️ SL:
0.52000000",e03bbb7e298a4bca918dad5820694386,2026-09-06T07:49:43+00:00,2026-09-06T08:12:53.307925+00:00,905,cryptocurrency79
1129938,25299,"Pair: #BLESS/USDT

Long • (20X)

Entry
0.009260 - ...t your own risk. Always use proper risk management",fbd27491d38c8d1e35c5300ec6e66eee,2026-09-06T07:49:42+00:00,2026-09-06T08:12:53.616415+00:00,905,cryptocurrency79
1129928,25298,"Pair: #SUSHI/USDT

Long • (20X)

Entry
0.2415 - 0....t your own risk. Always use proper risk management",ff86911e480449f106fcf54f61ef5b15,2026-09-06T07:49:42+00:00,2026-09-06T08:12:53.514104+00:00,905,cryptocurrency79
1129920,25293,"🛎️ Trade: #DOT/USDT

Direction: 📈 LONG 

🟢 Entry R...52
• Target 6: 0.9850

💠 Leverage : 5x - 10x - 20x",b101f300efab785f092aaad0c63d43aa,2026-09-06T07:49:42+00:00,2026-09-06T08:12:53.463960+00:00,905,cryptocurrency79
1129915,25301,"🟢 LONG  - $ZEN

- Entry market: 7.716
- Entry limi... the funds if trading without caution & knowledge.",a83cefec7eb7305a13e74b3caf360d66,2026-09-06T07:49:42+00:00,2026-09-06T08:12:53.423130+00:00,905,cryptocurrency79
1129902,25304,"🔴 SHORT

#ZEC/USDT

Entry : 

1) 1071.19
2) 1103.3...7.079

🛑 Stop : 1138.67

Leverage : 10x (isolated)",acbcbf7023b9a985dd703659270bde70,2026-09-06T07:49:42+00:00,2026-09-06T08:12:53.220708+00:00,905,cryptocurrency79
1129896,25305,"💵 𝐒𝐈𝐆𝐍𝐀𝐋 𝐀𝐋𝐄𝐑𝐓 💵

#UAI/USDT (25xLONG)

✅ ENTRY:0.6...6350

TARGETS:-0.68/0.73/0.79

❌ STOP LOSS: 0.5650",4cb741d0fa237fb2d34f8515ab15e437,2026-09-06T07:49:42+00:00,2026-09-06T08:12:52.892262+00:00,905,cryptocurrency79
1135259,25417,"COIN: #NAORIS/USDT (LONG) SETUP

📊 Leverage 25x to...ENT IS KEY
Use only 1–2% of your capital per trade",e3426ae6e4c04caa16d3c847e1d46293,2026-09-06T10:41:46+00:00,2026-09-06T11:45:35.699678+00:00,905,cryptocurrency79
1135286,25413,"🚀 LONG
TIA/USDT
ENTRY 0.3962

🚀 0.4226
🚀 0.4882
🚀 ...ROSS
🚨 STOPLOSS 0.3704
LEVRAGE 10x- 40x

1% WALLET",04b37582ffb9c53eb245ab3e8dc1a51a,2026-09-06T10:41:45+00:00,2026-09-06T11:45:35.876890+00:00,905,cryptocurrency79
1135274,25414,"FLOCKUSDTUSDT  
Exchanges: BINGX 

🟢 Long
Leverage....09436000
6) 0.10191000
7) 🚀🚀🚀 

⛔️ SL:
0.06704000",4c6327a3ee4293b4a58103c299ba7889,2026-09-06T10:41:45+00:00,2026-09-06T11:45:35.817752+00:00,905,cryptocurrency79
1135264,25399,"⭐️$FLOCK/USDT  LONG

🛡Leverage : Cross 25x50

‼️En....06704

Use only 3% - 5% amount of your portfolio🛍",5f69a250ae2035b288768627ab773855,2026-09-06T10:41:18+00:00,2026-09-06T11:45:35.783134+00:00,905,cryptocurrency79
1135257,25400,"🚀 LONG: $UAI/USDT
LEVERAGE: 50x

✔️ENTRY PRICE: 0....500-0.5700-0.5900

STOP LOSS:  0.5180


REACTIONS?",29ea20112917d72f7006d7de497957cc,2026-09-06T10:41:18+00:00,2026-09-06T11:45:35.682223+00:00,905,cryptocurrency79
1135270,25393,"✅ Long

#BNB/USDT

Entry zone : 733.300 - 755.980
...27.420
849.986

Stop loss :703.0614

Leverage: 10x",2ceffcfb967cfbc6075dcec99a9ba499,2026-09-06T10:40:37+00:00,2026-09-06T11:45:35.808252+00:00,905,cryptocurrency79
1135268,25392,"🔴 Short

Pair: #ZEC/USDT

📊 Entry Price: 

1) 1184...
4) 1102.40

Stop Loss: 1258.95

Leverage: 10x-20x",759662f7a8e3979d732221676e6e50d1,2026-09-06T10:40:37+00:00,2026-09-06T11:45:35.795245+00:00,905,cryptocurrency79
1135260,25391,"Long #ZEC 75x 1,190

Tp: 1,210",4cfb6a29f45f8e5c0f6071a09bd8dd53,2026-09-06T10:40:37+00:00,2026-09-06T11:45:35.717371+00:00,905,cryptocurrency79
1135269,25387,"📊 #SOLV/USDT

🟢 POSITION: LONG

💰 ENTRY RANGE
➤ 0....➤ 0.0031

━━━━━━━━━━━━━━━━━━

✅ Manage risk wisely",c260a307801fa5935a0eef6b74e27d7c,2026-09-06T10:40:32+00:00,2026-09-06T11:45:35.792008+00:00,905,cryptocurrency79
1135248,25389,"🔘 Coin : #AR/USDT 🔘

🟢 LONG

🔺Entry🔻: 3.009

⭐️ Ta....123 - 3.183

♦️ StopLoss : 2.904

🔱 Leverage: 25x",0fdff1bd9a7ca6f9604e8e6732d7c1b4,2026-09-06T10:40:32+00:00,2026-09-06T11:45:35.329680+00:00,905,cryptocurrency79
1135256,25386,"🚀 #AKT/USDT LONG SIGNAL 🚀
📍 Entry: 0.5563


🎯 Take... your risk, and let's catch this move together! 🪙🔥",d2ce73be29ffde0d53ccd98c137be69b,2026-09-06T10:40:31+00:00,2026-09-06T11:45:35.681214+00:00,905,cryptocurrency79
1135254,25384,AKT LONG 0.5563 TP1 0.5680,d11942e72e50db0f613e9544ad9e2aec,2026-09-06T10:40:31+00:00,2026-09-06T11:45:35.616813+00:00,905,cryptocurrency79
1135252,25385,"🔰 PAIR: SUI/ USDT 💹

🟢Position: LONG🚀

☑️ Entry Zo...:
🥇 0.7950
🥈 0.7991
🥉 0.8072

❌ Stop Loss: 🔴0.7800",905c76aca28b3cd07b3b8a7d080a3c41,2026-09-06T10:40:31+00:00,2026-09-06T11:45:35.514843+00:00,905,cryptocurrency79
1135249,25382,"XRPUSDTUSDT  
Exchanges: BINGX 

🟢 Short
Leverage-... 1.38
4) 1.36
5) 1.32
6) 1.29
7) 🚀🚀🚀 

⛔️ SL:
1.50",51ee8d521969c07a8ea05c40aacc3b44,2026-09-06T10:40:31+00:00,2026-09-06T11:45:35.428107+00:00,905,cryptocurrency79
1135245,25375,"📈 LONG #FLOCK/USDT

🚀 LEVERAGE : 50x

📊 ENTRY PRIC...P🟢0.0850

TP🟢0.0900

STOPLOSS 🔴0.0750


REACTIONS?",e01890facf6abe0646ad30634080d414,2026-09-06T10:40:31+00:00,2026-09-06T11:45:34.822408+00:00,905,cryptocurrency79
1135244,25373,"⭐️$ARB/USDT  LONG

🛡Leverage : Cross 25x50

‼️Entr....16500

Use only 3% - 5% amount of your portfolio🛍",1647b16d6f90b12635bbd5bfd24f1024,2026-09-06T10:40:30+00:00,2026-09-06T11:45:34.808020+00:00,905,cryptocurrency79
1137559,25481,"📇 Setup: JUP/USDT 

LONG Trade 🛫

✔️ Leverage : 75...t 1 •0.2820
💰 Target 2 • 0.2870
💰 Target3 • 0.2928",30bae56b40bd865651f814fd7873f43d,2026-09-06T13:27:11+00:00,2026-09-06T13:40:43.311373+00:00,905,cryptocurrency79
1137553,25485,"SOL/USDT My Short Trade Idea 💡

Leverage 100X

Ent....500

Stop Loss   107.500

Follow Money Management",8051f14b5d4fde49d2d7ff5bff3d660c,2026-09-06T13:27:11+00:00,2026-09-06T13:40:43.268187+00:00,905,cryptocurrency79
1137546,25483,"🔴 SHORT

#DOT/USDT

Entry : 

1) 0.974500
2) 1.003...7079

🛑 Stop : 1.035893

Leverage : 10x (isolated)",ce6388d965485951349c7c8b741f8821,2026-09-06T13:27:11+00:00,2026-09-06T13:40:43.232504+00:00,905,cryptocurrency79
1137537,25482,"💫 Pair: SPX/USDT  💫

🔼 Direction: Long 🔼

✅ Levera...Take Profit: 0.6350 📈

⚠️ Stop Loss: 0.5400 ⚠️

📈📈",1094d7970014af6d8af03c35dc16cb39,2026-09-06T13:27:11+00:00,2026-09-06T13:40:43.138478+00:00,905,cryptocurrency79
1137522,25484,"COIN: #FLOCK/USDT (SHORT) SETUP

📊 Leverage 25x to...ENT IS KEY
Use only 1–2% of your capital per trade",795cf02ae1d751e6b170903cb85401b4,2026-09-06T13:27:11+00:00,2026-09-06T13:40:42.777499+00:00,905,cryptocurrency79
1137540,25480,"#FLOCK/USDT SHORT     

👉Leverage : Cross 10× To 3...)  0.0717
2)  0.0697
3)  0.0650

⭕Stoploss : 0.077",5fe08c675cad26a1d4f8a27c82e8ecad,2026-09-06T13:27:10+00:00,2026-09-06T13:40:43.149143+00:00,905,cryptocurrency79
1137526,25476,"#JUP /USDT BUY (LONG) 

⚡️Leverage : Cross 25x to ...02550

⚠️Use only 3% - 5% amount of your portfolio",5bbc9ba55e93042084e7f3c86c8ec948,2026-09-06T13:27:10+00:00,2026-09-06T13:40:42.790135+00:00,905,cryptocurrency79
1137555,25474,"➡️ #NAORIS    /USDT (SHORT) 🔽🔽

⌛LEVERAGE : 20X TO...0


💥Use only 1%margin of your total portfolio❤️😘😇",4f9a1013f651fec38ff7a816dc72b9f3,2026-09-06T13:27:09+00:00,2026-09-06T13:40:43.286278+00:00,905,cryptocurrency79
1137554,25453,"⭐️$NAORIS/USDT  LONG

🛡Leverage : Cross 25x50

‼️E....03322

Use only 3% - 5% amount of your portfolio🛍",08c141a36ef3f79f5358275dbe703690,2026-09-06T13:27:09+00:00,2026-09-06T13:40:43.280858+00:00,905,cryptocurrency79
1137552,25465,"📌Pair: FLOCK/USDT
Type: LONG 🟢
✔️Leverage:  (20X_1...92
2) 0.112
3) 0.135
4) 0.175

❌ STOP LOSS: 0.065❌",68cde7a9f908e21d85e86047c6488269,2026-09-06T13:27:09+00:00,2026-09-06T13:40:43.265975+00:00,905,cryptocurrency79
1137550,25459,"🚨 #FLOCK/USDT | SHORT

⚡Leverage: Cross 25x

🎯Entr... follow the signal and secure profits at targets.💎",a2a7bdfdc5d9366705999ba3013537e2,2026-09-06T13:27:09+00:00,2026-09-06T13:40:43.253907+00:00,905,cryptocurrency79
1137548,25456,"🚩 SHORT #NAORIS/USDT

⚙️ 75X LEVERAGE

🛡 Entry: 0....: 0.03540
TP2: 0.03470
TP3: 0.03350

🛑 SL: 0.03950",68f1b37755cb3223c5223e54b1c5e58f,2026-09-06T13:27:09+00:00,2026-09-06T13:40:43.250027+00:00,905,cryptocurrency79
1137544,25457,"📇 Setup: XAN/USDT 

LONG Trade 🛫

✔️ Leverage : 75....017700
💰 Target 2 • 0.018300
💰 Target3 • 0.019800",123bf2c7539f5434d26dd848b9913572,2026-09-06T13:27:09+00:00,2026-09-06T13:40:43.184921+00:00,905,cryptocurrency79
1137543,25468,"SOLUSDTUSDT  
Exchanges: BINGX 

🟢 Short
Leverage-...4) 102.35
5) 99.15
6) 97.02
7) 🚀🚀🚀 

⛔️ SL:
113.01",2aa5d516109ca93ce88213f66f0dec95,2026-09-06T13:27:09+00:00,2026-09-06T13:40:43.173250+00:00,905,cryptocurrency79
1137541,25467,"💰#FLOCK / USDT👑

💎Setup Type: Strong SHORT  🔖Oppor...TP ➝ 0.06500

4️⃣TP ➝ 0.05500

🚫Stop Loss: 0.08000",cff08f97bab5426855d1acdc4177a672,2026-09-06T13:27:09+00:00,2026-09-06T13:40:43.151832+00:00,905,cryptocurrency79
1137538,25458,"EXCHANGE/BYBIT/BITUNIX/OKX📌 


DAY TRADE 🏆

SHORT/...agement 🏆


Use only 5% of your 📈Available balance",f0389cb2b917c09a66b4baa9b10c2ff3,2026-09-06T13:27:09+00:00,2026-09-06T13:40:43.142738+00:00,905,cryptocurrency79
1137536,25472,"🚨 #4/USDT | LONG

⚡Leverage: Cross 50x

🎯Entry Tar... follow the signal and secure profits at targets.💎",0ec441ff5b1a0fd209fa23873897785c,2026-09-06T13:27:09+00:00,2026-09-06T13:40:43.110492+00:00,905,cryptocurrency79
1137534,25473,"🚨 #ETH/USDT | LONG

⚡Leverage: Cross 200x

🎯Entry ... follow the signal and secure profits at targets.💎",1cf0234854b3d36b7017e8a23e203adb,2026-09-06T13:27:09+00:00,2026-09-06T13:40:42.979301+00:00,905,cryptocurrency79
1137533,25471,"🚨 #MARSCOIN/USDT | SHORT

⚡Leverage: Cross 25x

🎯E... follow the signal and secure profits at targets.💎",8e3771cf1e3fd59777011084b02753c9,2026-09-06T13:27:09+00:00,2026-09-06T13:40:42.952692+00:00,905,cryptocurrency79
1137530,25462,"🚩 SHORT #FLOCK/USDT

⚙️ 75X LEVERAGE

🛡 Entry: 0.0...: 0.07760
TP3: 0.07570

🛑 SL: 0.08550

🔥REACTIONS?",2d183bde95285e1936dcb242958314e5,2026-09-06T13:27:09+00:00,2026-09-06T13:40:42.810811+00:00,905,cryptocurrency79
1137518,25454,"#FLOCK   USDT — BUY (LONG) 
🎉
🟢 Leverage: Cross  5...Risk Management:
Use only 2%– 3%of your portfolio.",43443c641ef172766021f439f1d1d9cb,2026-09-06T13:27:09+00:00,2026-09-06T13:40:42.751036+00:00,905,cryptocurrency79
1137517,25451,"FLOCKUSDTUSDT  
Exchanges: BINGX 

🟢 Long
Leverage....10000000
6) 0.11000000
7) 🚀🚀🚀 

⛔️ SL:
0.06800000",54ebe7dd2c75a94e8003c16a6f5c384e,2026-09-06T13:27:09+00:00,2026-09-06T13:40:42.739162+00:00,905,cryptocurrency79
1137514,25460,"🚀 LONG: $METIS/USDT
LEVERAGE: 50x

✔️ENTRY PRICE: ...OFIT

3.39-3.52-3.80

STOP LOSS:  3.14

REACTIONS?",ab8c30b6697f53bcea6db26cf571aaf3,2026-09-06T13:27:09+00:00,2026-09-06T13:40:42.698069+00:00,905,cryptocurrency79
1137542,25449,"💰#FLOCK / USDT👑

💎Setup Type: Strong LONG  🔖Opport...TP ➝ 0.08700

4️⃣TP ➝ 0.09500

🚫Stop Loss: 0.07000",b1b2ca8ac2058bc80b3138f867b9e4f7,2026-09-06T13:27:08+00:00,2026-09-06T13:40:43.159114+00:00,905,cryptocurrency79
1137531,25448,"ARB/ USDT/ SHORT
Entry at market price 

Cross || ...only 1% of your wallet. 
Manage your risk properly",70d9769d388016fae7f561a9c52f0dc6,2026-09-06T13:27:08+00:00,2026-09-06T13:40:42.916984+00:00,905,cryptocurrency79
1137524,25435,"✨LTC/USDT

🎗 Trade Type = LONG 🟢

⭐️ Leverage :- 2...fit = [ 54.77, 55.27, 55.90, 56.36, 57.00, 57.61 ]",641732a6359a7436c3c41d350d945fad,2026-09-06T13:25:15+00:00,2026-09-06T13:40:42.778403+00:00,905,cryptocurrency79
1137523,25432,"#XAN  USDT — BUY (LONG) 
🎉
🟢 Leverage: Cross  20x5...Risk Management:
Use only 2%– 3%of your portfolio.",0fda496d9212cdea21d707d2f0165474,2026-09-06T13:25:15+00:00,2026-09-06T13:40:42.767268+00:00,905,cryptocurrency79
1141475,25527,"LAYERUSDTUSDT  
Exchanges: BINGX 

🟢 Long
Leverage...41
5) 12244.40
6) 13223.95
7) 🚀🚀🚀 

⛔️ SL:
7500.00",994b0b56d23055c60d538eaab0485683,2026-09-06T16:32:04+00:00,2026-09-06T16:38:26.740817+00:00,905,cryptocurrency79
1141473,25529,"Coin #ZEC/USDT

Position: LONG 

Leverage:  Cross ...1138

Targets: 🎯 1197, 1245, 1319

Stop Loss: 1113",3a40ab77b12549bec9b4435ea9ce9f02,2026-09-06T16:32:04+00:00,2026-09-06T16:38:26.696157+00:00,905,cryptocurrency79
1141471,25528,"Sui/Usdt long 🟢
with 0.5% Wallet on market price 
...ite movement pe jo 5% around the liq manage 0.7412",db6e783626732f8bb926b9a085a55476,2026-09-06T16:32:04+00:00,2026-09-06T16:38:26.659936+00:00,905,cryptocurrency79
1141467,25526,"🚨 #UAI/USDT | LONG

⚡Leverage: Cross 25x

🎯Entry T... follow the signal and secure profits at targets.💎",59417903032908f81455d0d9985990f5,2026-09-06T16:32:04+00:00,2026-09-06T16:38:26.335577+00:00,905,cryptocurrency79
1155076,25677,"🐳 TAO/USDT #LONG🐳

✳️ ENTRY :- 273 - 260

💢 LEVERA...0
3 : 320

⛔️ STOP-LOSS :- 252

☝️ Margin Use 2–3%",4741ff420534ca6731678ed8a20397e4,2026-09-07T07:13:29+00:00,2026-09-07T08:19:22.895800+00:00,905,cryptocurrency79
1155061,25674,"📊#ASTR/USDT–LONG–30x 🚀

📍 𝐄𝐧𝐭𝐫𝐲 𝐙𝐨𝐧𝐞:

➥ 0.0067, 0...tal.

⚠️ Disclaimer:
Trade at your own risk. DYOR.",8fdc78e7448f4dec91cef4622d3ef4c9,2026-09-07T07:13:29+00:00,2026-09-07T08:19:22.800924+00:00,905,cryptocurrency79
1155053,25672,"⚡ #MANTRA/USDT

📤 Long 

💹 Buy: 0.004593 - 0.00440...- 0.004872

🧨 StopLoss: 0.004300 

🔘 Leverage: 20x",780e9f5d3c1872891e77f95f64ac2dce,2026-09-07T07:13:29+00:00,2026-09-07T08:19:22.705025+00:00,905,cryptocurrency79
1155049,25669,"🔰CFG/USDT 🔰   

🟢 LONG 10X 20X

♻ ENTRY 
1️⃣ 0.133...

1️⃣ 0.137
2️⃣ 0.142
3️⃣ 0.150

⛔ STOPLOSS  0.117",097b3d558870da0f4feaae530a87b69f,2026-09-07T07:13:29+00:00,2026-09-07T08:19:22.694265+00:00,905,cryptocurrency79
1155050,25670,"$ORCA/USDT #SHORT📩

✅ENTRY :-1.59/1.63

Target 1: ...𝐎𝐧𝐥𝐲 𝟏-𝟑% 𝐎𝐟 𝐎𝐮𝐫 𝐃𝐞𝐩𝐨𝐬𝐢𝐭 𝐅𝐨𝐫 𝐄𝐚𝐜𝐡 𝐓𝐫𝐚𝐝𝐞

React,??m",f52e0c089278e431db6f28de7e13d211,2026-09-07T07:13:29+00:00,2026-09-07T08:19:22.691373+00:00,905,cryptocurrency79
1155060,25668,"🟢WOO/USDT 📈

📈 long Setup 

💰 Entry Zone: 0.0120–0...et 1. 
✅ Move SL to breakeven after Target 1 hits.",5044c4f355448f4bf06a7fe28ce4b330,2026-09-07T07:13:24+00:00,2026-09-07T08:19:22.775968+00:00,905,cryptocurrency79
1155052,25664,"💵 𝐒𝐈𝐆𝐍𝐀𝐋 𝐀𝐋𝐄𝐑𝐓 💵

#FLOCK/USDT (25xSHORT)

✅ ENTRY:...

TARGETS:-0.07280/0.068/0.063

❌ STOP LOSS: 0.085",d56af3c0fd39f6fc6030a5b9dfe6d034,2026-09-07T07:13:24+00:00,2026-09-07T08:19:22.696675+00:00,905,cryptocurrency79
1155046,25666,"🔴 SHORT

#KAVA/USDT

Entry : 

1) 0.053910
2) 0.05...0180

🛑 Stop : 0.057306

Leverage : 10x (isolated)",3edc4d1e57ab73288adf6cf05c454d91,2026-09-07T07:13:24+00:00,2026-09-07T08:19:22.678257+00:00,905,cryptocurrency79
1155045,25665,"#ARX/USDT LONG     

👉Leverage : Cross 10× To 30×
...
1)  0.160
2)  0.165
3)  0.180

⭕Stoploss : 0.1480",cadcd342ec0abe82a983b399d4139992,2026-09-07T07:13:24+00:00,2026-09-07T08:19:22.651365+00:00,905,cryptocurrency79
1155032,25667,"#LONG 🟢🔤🔤🔤🔤🔤

#SKHYNIX/USDT

Margin Mode : Isolate...

🟥 SL : 1262.12 - 100%   

📊 LEV : 20X

🇯🇵Premium",4f03f5b812696fc48b78b149365c4065,2026-09-07T07:13:24+00:00,2026-09-07T08:19:22.506044+00:00,905,cryptocurrency79
1155062,25663,"COIN: #ARX/USDT (LONG) SETUP

📊 Leverage 25x to 50...ENT IS KEY
Use only 1–2% of your capital per trade",ff2047f78a389ec5be88ece92c9cd1a3,2026-09-07T07:13:23+00:00,2026-09-07T08:19:22.809590+00:00,905,cryptocurrency79
1155058,25657,"🟢#UAI/USDT

📈Signal: short Leverage: Cross 20X

⚡️...even after TP1 is hit.

📣Trade Smart • Follow Risk",e4755f7e16319c90cbe24d484fe8a6b0,2026-09-07T07:13:23+00:00,2026-09-07T08:19:22.765782+00:00,905,cryptocurrency79
1155044,25658,"#WLDUSDT — BUY (LONG) 
🎉
🟢 Leverage: Cross  20x50
...Risk Management:
Use only 2%– 3%of your portfolio.",a5a7ec170511911b62f8511c28a86021,2026-09-07T07:13:23+00:00,2026-09-07T08:19:22.638241+00:00,905,cryptocurrency79
1155034,25661,"#CATI/USDT LONG     

👉Leverage : Cross 10× To 30×...  0.0604
2)  0.0598
3)  0.0585

⭕Stoploss : 0.0643",b5798629a19067472ce5ea01a4d5482a,2026-09-07T07:13:23+00:00,2026-09-07T08:19:22.509284+00:00,905,cryptocurrency79
1155078,25637,"#UBUSDT — BUY (LONG) 
🎉
🟢 Leverage: Cross  20x50

...Risk Management:
Use only 2%– 3%of your portfolio.",7dcac15aeb43797a7246eadfdabffc6e,2026-09-07T07:13:22+00:00,2026-09-07T08:19:22.902464+00:00,905,cryptocurrency79
1155067,25639,"#DOOD/USDT LONG     

👉Leverage : Cross 10× To 30×...00235
2)  0.00255
3)  0.00295

⭕Stoploss : 0.00205",8d879c1ee797daa905960c111de32356,2026-09-07T07:13:22+00:00,2026-09-07T08:19:22.834564+00:00,905,cryptocurrency79
1155051,25644,"🚀 #OVER99WINS | TRADE SETUP 🚀

⭐ UB /USDT — LONG

...o

📌 Follow the setup and manage your risk wisely.",bcd32cee3a093c7c9dce30826d65e7c2,2026-09-07T07:13:22+00:00,2026-09-07T08:19:22.699497+00:00,905,cryptocurrency79
1155048,25642,"⌛#SUSHI/USDT  ( LONG )

🍁 Leverage 👉 20X to 25X 

...59 | 0.2479 | 0.2508 | 0.2538

🔕 Stoploss = 0.2321",24c30ff5c6886be1dfcb74b8285b0b42,2026-09-07T07:13:22+00:00,2026-09-07T08:19:22.692198+00:00,905,cryptocurrency79
1155043,25645,"Trade: #CFG/USDT

Direction: 📉 Short 

🟢 Entry Ran...41
• Target 6: 0.1227

💠 Leverage : 5x - 10x - 20x",f5968a9263f402d9efece2d39ec09b8a,2026-09-07T07:13:22+00:00,2026-09-07T08:19:22.631456+00:00,905,cryptocurrency79
1155030,25640,"#CATI/USDT LONG     

👉Leverage : Cross 10× To 30×...)  0.0652
2)  0.0662
3)  0.0672

⭕Stoploss : 0.060",af7958f1a4b179d2f1116395a7f00456,2026-09-07T07:13:22+00:00,2026-09-07T08:19:22.421968+00:00,905,cryptocurrency79
1155028,25643,"NEARUSDTUSDT  
Exchanges: BINGX 

🟢 Short
Leverage... 2.31
4) 2.29
5) 2.27
6) 2.24
7) 🚀🚀🚀 

⛔️ SL:
2.55",d2832456b2deb00c17c9f24866d8286c,2026-09-07T07:13:22+00:00,2026-09-07T08:19:22.357162+00:00,905,cryptocurrency79
1161272,25733,"Coin #TAO/USDT

Position: LONG 

Leverage:  Cross ...65 - 260

Targets: 🎯 270, 277, 289

Stop Loss: 255",f437c27e337d0065edd5277bae74db66,2026-09-07T10:31:35+00:00,2026-09-07T11:43:02.398997+00:00,905,cryptocurrency79
1161263,25729,"✅ Long

#VET/USDT

Entry zone : 0.006854 - 0.00706...734
0.007945

Stop loss :0.00657231

Leverage: 10x",61794fd2ea7b966982cb6591c45ef5cc,2026-09-07T10:31:30+00:00,2026-09-07T11:43:02.348503+00:00,905,cryptocurrency79
1161259,25728,"📊 Let’s LONG #IOST/USDT

💥 Leverage:  Cross 20×  -...922
2) 0.000952
3) 0.001020

🔖 Stop Loss: 0.000849",452d78880dd825994cda317671433f7e,2026-09-07T10:31:30+00:00,2026-09-07T11:43:02.317177+00:00,905,cryptocurrency79
1161257,25730,"🟢 Long

#ZRX/USDT

Entry : 

1) 0.1031
2) 0.1000

...0.1101

🛑 Stop : 0.0966

Leverage : 10x (isolated)",ea802ed8955e4bf9c50644f06f62c08c,2026-09-07T10:31:30+00:00,2026-09-07T11:43:02.281328+00:00,905,cryptocurrency79
1161250,25732,"#IOST/USDT BUY (LONG) 

⚡️Leverage : Cross 25x to ...08490

⚠️Use only 3% - 5% amount of your portfolio",54e275c87c87fd80470b62f2b5995274,2026-09-07T10:31:30+00:00,2026-09-07T11:43:02.180093+00:00,905,cryptocurrency79
1161248,25731,"🔰 PAIR: SOL/ USDT 💹

🟢Position: LONG🚀

☑️ Entry Zo...:
🥇 105.03
🥈 105.52
🥉 106.55

❌ Stop Loss: 🔴103.08",cc931954145b4b9d9f4f33ba6f4002db,2026-09-07T10:31:30+00:00,2026-09-07T11:43:02.173677+00:00,905,cryptocurrency79
1161271,25721,"📈 LONG #DOOD/USDT

🚀 LEVERAGE : 50x

📊 ENTRY PRICE....00235

TP🟢0.00245

STOPLOSS 🔴0.00208


REACTIONS?",5dfb47b9c6bb6cefcfeef57ec2b94d0f,2026-09-07T10:31:29+00:00,2026-09-07T11:43:02.390822+00:00,905,cryptocurrency79
1161265,25715,"⭐️$SOL/USDT  LONG

🛡Leverage : Cross 25x50

‼️Entr... 99.91

Use only 3% - 5% amount of your portfolio🛍",fcaf8e65d8bedbf27e9d63b0a4437087,2026-09-07T10:31:29+00:00,2026-09-07T11:43:02.366754+00:00,905,cryptocurrency79
1161264,25720,"⭐️$TIA/USDT  LONG

🛡Leverage : Cross 25x50

‼️Entr...0.3999

Use only 3% - 5% amount of your portfolio🛍",8a35da80f473dacbef3cdb6b2b31b273,2026-09-07T10:31:29+00:00,2026-09-07T11:43:02.363622+00:00,905,cryptocurrency79
1161262,25714,SOLUSDT LONG NOW,b603f5051de3680c3dad81703eef98d6,2026-09-07T10:31:29+00:00,2026-09-07T11:43:02.344050+00:00,905,cryptocurrency79
1161261,25709,#IOST SHORT 0.000890,e322aa93ed24a9d8a98676d4d079a325,2026-09-07T10:31:28+00:00,2026-09-07T11:43:02.320854+00:00,905,cryptocurrency79
1161260,25706,"⭐️$NAORIS/USDT  LONG

🛡Leverage : Cross 25x50

‼️E....03413

Use only 3% - 5% amount of your portfolio🛍",794ff0fd606f839303179d8f5d24341b,2026-09-07T10:31:28+00:00,2026-09-07T11:43:02.318045+00:00,905,cryptocurrency79
1161249,25710,"#IOST/USDT SHORT     

👉Leverage : Cross 10× To 30...00087
2)  0.00082
3)  0.00076

⭕Stoploss : 0.00094",7894ed3c53e38b40e87af5bd0719613b,2026-09-07T10:31:28+00:00,2026-09-07T11:43:02.174579+00:00,905,cryptocurrency79
1161245,25703,"SHORT

TIA/USDT

MARKET PRICE 

Leverage: 10X

TP:...5% of capital 

Always use proper risk management.",de307b9f3b52d9f5644f67c8a6709aec,2026-09-07T10:31:28+00:00,2026-09-07T11:43:02.119321+00:00,905,cryptocurrency79
1161244,25704,"#MARSCOIN/USDT SHORT     

👉Leverage : Cross 10× T...t

1)  0.155
2)  0.144
3)  0.133

⭕Stoploss : 0.17",07628b4701182f06b9c8789d3fbfdd79,2026-09-07T10:31:28+00:00,2026-09-07T11:43:01.770395+00:00,905,cryptocurrency79
1165258,25792,"#SHORT 🔴 🔤🔤🔤🔤🔤

#NEAR/USDT 

Margin Mode : Isolate....155

🟩 SL : 2.506 - 100%

📊 LEV : 20X

🇯🇵 Premium",1ccd977c4e23510fd1ad1ac64f5e477b,2026-09-07T14:04:24+00:00,2026-09-07T14:40:52.046746+00:00,905,cryptocurrency79
1165239,25789,AKE LONG 0.01745 TP1 0.01782,77c1056b40b11bbb1b633910b524560a,2026-09-07T14:04:24+00:00,2026-09-07T14:40:51.885117+00:00,905,cryptocurrency79
1165231,25793,"Coin #ZRO/USDT

Position: LONG 

Leverage:  Cross ...1.14

Targets: 🎯 1.20, 1.25, 1.32

Stop Loss: 1.11",ce4da70767e5847a7c6c003859e4acc1,2026-09-07T14:04:24+00:00,2026-09-07T14:40:51.828407+00:00,905,cryptocurrency79
1165223,25790,"🪙 Coin: #XAN/USDT
🧭 Type: #LONG

📈 Entry Zone:
0.0... within the zone and maintain strict risk control.",d5f0127db3dea847bd680b8d3891631b,2026-09-07T14:04:24+00:00,2026-09-07T14:40:51.763753+00:00,905,cryptocurrency79
1165205,25791,"🔘 Coin : #ORCA/USDT 🔘

🟢 LONG

🔺Entry🔻: 1.545

⭐️ ....608 - 1.638

♦️ StopLoss : 1.488

🔱 Leverage: 25x",329dff97e34bc9ce21d57fbe076ee7ff,2026-09-07T14:04:24+00:00,2026-09-07T14:40:51.406129+00:00,905,cryptocurrency79
1165226,25786,"$ONDOUSDT

SHORT

RR : 2

LEVERAGE : 30x

ENTRY : ...893

TAKE PROFITS 👇

1️⃣ 0.3764

STOPLOSS : 0.3956",ed36d4e86887df07708413d74a889e72,2026-09-07T14:04:19+00:00,2026-09-07T14:40:51.806359+00:00,905,cryptocurrency79
1165217,25785,"🚀 #AKE/USDT LONG SIGNAL 🚀
📍 Entry: 0.01740


🎯 Tak... your risk, and let's catch this move together! 🪙🔥",e512642eb2f3e23659b1a75d0d49e661,2026-09-07T14:04:19+00:00,2026-09-07T14:40:51.728452+00:00,905,cryptocurrency79
1165215,25788,"🚀 #OVER99WINS | TRADE SETUP 🚀

⭐ TIA /USDT — LONG
...o

📌 Follow the setup and manage your risk wisely.",e2212d81136f37d33a201a573c257ef8,2026-09-07T14:04:19+00:00,2026-09-07T14:40:51.695043+00:00,905,cryptocurrency79
1165213,25787,"#XAN/USDT LONG     

👉Leverage : Cross 10× To 30×
...)  0.0205
2)  0.0210
3)  0.0220

⭕Stoploss : 0.018",ef229a870206b6c37f301f040c94617d,2026-09-07T14:04:19+00:00,2026-09-07T14:40:51.646351+00:00,905,cryptocurrency79
1165212,25784,"🌈PAIR:- LUNA2/USDT
⚡️ Direction : LONG
🛠 Leverage:...nt Usage:- 1 - 2%
(According To your Risk Setting)",ef53d602106cfae325bba33324da2f37,2026-09-07T14:04:19+00:00,2026-09-07T14:40:51.645431+00:00,905,cryptocurrency79
1165251,25777,"TREEUSDT - LONG ( Swing trade ) 📈

Entry : Market ...t : 

*0.048
0.05
0.055
0.06*

Stoploss at : 0.034",289a844729e92342c8b96b9b785f2967,2026-09-07T14:04:18+00:00,2026-09-07T14:40:51.966499+00:00,905,cryptocurrency79
1165242,25761,"LUNA2 / USDT 

SHORT SHORT SHORT 

IST ENTRY AT MA...E 

TP 0.05300
TP 0.05260
TP 0.05205

15X LEVERAGE",4735d3158b005b79339ef19a179d3028,2026-09-07T14:04:17+00:00,2026-09-07T14:40:51.914240+00:00,905,cryptocurrency79
1165229,25765,"⭐️$ZORA/USDT  LONG

🛡Leverage : Cross 25x50

‼️Ent...007809

Use only 3% - 5% amount of your portfolio🛍",f9e90102a50347300cf31510362aed4d,2026-09-07T14:04:17+00:00,2026-09-07T14:40:51.823000+00:00,905,cryptocurrency79
1165202,25752,"#SOLV/USDT BUY (LONG) 

⚡️Leverage : Cross 25x to ...04250

⚠️Use only 3% - 5% amount of your portfolio",73b367e758879932f87acdf1642978ac,2026-09-07T14:04:17+00:00,2026-09-07T14:40:51.353888+00:00,905,cryptocurrency79
1165201,25748,"🚀 LONG: $4/USDT
LEVERAGE: 50x

✔️ENTRY PRICE: 0.02...-0.02850-0.03100

STOP LOSS:  0.02520


REACTIONS?",3a3d1414438b344972e44c1684a4163f,2026-09-07T14:04:17+00:00,2026-09-07T14:40:51.257767+00:00,905,cryptocurrency79
1168659,25862,"🚀 #PRL/USDT LONG SIGNAL 🚀
📍 Entry: 0.1342


🎯 Take... your risk, and let's catch this move together! 🪙🔥",d6ef80f841390c6c035f1f1125c8bf2a,2026-09-07T14:54:36+00:00,2026-09-07T16:29:31.965801+00:00,905,cryptocurrency79
1168695,25856,"$BATUSDT

LONG

RR : 2

LEVERAGE : 50x

ENTRY : 0....740

TAKE PROFITS 👇

1️⃣ 0.0756

STOPLOSS : 0.0733",bebf7859741ec2e107f3cd0bfa1197b3,2026-09-07T14:54:30+00:00,2026-09-07T16:29:32.896861+00:00,905,cryptocurrency79
1168688,25852,"xrp/Usdt long 🟢
with 0.5% Wallet on market price 
...osite movement pe jo 5% around the liq manage zero",5ad85cb5302241eaa00cb6ed7a53ae69,2026-09-07T14:54:30+00:00,2026-09-07T16:29:32.865683+00:00,905,cryptocurrency79
1168686,25860,"Long #WLD 75x 0.4690

Tp: 0.4730",a5453adf2bf0441613c49af54f2c275d,2026-09-07T14:54:30+00:00,2026-09-07T16:29:32.857027+00:00,905,cryptocurrency79
1168681,25858,"🚩 SHORT #FLOCK/USDT

⚙️ 75X LEVERAGE

🛡 Entry: 0.0...: 0.06450
TP3: 0.06340

🛑 SL: 0.07200

🔥REACTIONS?",0d65be6ddd3d9f10bb4d6f0b5958487c,2026-09-07T14:54:30+00:00,2026-09-07T16:29:32.829013+00:00,905,cryptocurrency79
1168670,25859,"🔴 SHORT

#NEO/USDT

Entry zone : 2.271 - 2.205

Ta...060
1.994
1.927

Stop loss :2.35935

Leverage: 10x",3a11ca6196e27f682cbb4cf7633242f2,2026-09-07T14:54:30+00:00,2026-09-07T16:29:32.772280+00:00,905,cryptocurrency79
1168663,25855,"✅Entry 0.1237 -0.1220

(🆘LONG CFGUSDT 5-20x🆘)

🏹 T... 5  $0.1300
🏹Target 6  $0.1313

🚫Stop loss -0.1169",6b43b031c0a5110a5f9bbbabfe43601d,2026-09-07T14:54:30+00:00,2026-09-07T16:29:32.582287+00:00,905,cryptocurrency79
1168662,25854,LONG CFG 0.1240,e8330bf040ed01416e039d1710fe7b3c,2026-09-07T14:54:30+00:00,2026-09-07T16:29:32.498067+00:00,905,cryptocurrency79
1168658,25857,PRL LONG 0.1342 tp1 0.1370,f0fdb9a5de015b0a705fddfc9e48f0d0,2026-09-07T14:54:30+00:00,2026-09-07T16:29:31.920547+00:00,905,cryptocurrency79
1168660,25849,"🚩 SHORT #ZAMA/USDT

⚙️ 75X LEVERAGE

🛡 Entry: 0.05...: 0.05060
TP3: 0.04780

🛑 SL: 0.06100

🔥REACTIONS?",0cb686979090aa89229abde4e4265408,2026-09-07T14:54:29+00:00,2026-09-07T16:29:32.041288+00:00,905,cryptocurrency79
1168657,25842,"TREEUSDT - LONG ( Swing trade ) 📈

Entry : Market ...t : 

*0.048
0.05
0.055
0.06*

Stoploss at : 0.034",289a844729e92342c8b96b9b785f2967,2026-09-07T14:54:29+00:00,2026-09-07T16:29:31.822211+00:00,905,cryptocurrency79
1170867,25953,"🚀 #BUSDT LONG SIGNAL 🚀
📍 Entry: 0.1840


🎯 Take Pr... your risk, and let's catch this move together! 🪙🔥",6dd224bc16bf1c93944c340902339cfc,2026-09-07T17:51:45+00:00,2026-09-07T17:57:32.681212+00:00,905,cryptocurrency79
1170865,25941,"↗️ SHORT CALL ( BINANCE ) 

#CGPT/USDT 🥂

Signal T...17x LEVERAGE 👀

TAKE PROFIT -  0.01950 - 0.01700🔥🔥",dff4c61ea2287a89c21ec777035b9e88,2026-09-07T17:51:37+00:00,2026-09-07T17:57:32.680484+00:00,905,cryptocurrency79
1170863,25940,"🚀 #OVER99WINS | TRADE SETUP 🚀

⭐ BR /USDT — LONG

...o

📌 Follow the setup and manage your risk wisely.",25510ebfb2958501e500bd66451d0ddd,2026-09-07T17:51:37+00:00,2026-09-07T17:57:32.679696+00:00,905,cryptocurrency79
1170864,25944,DOT LONG 1.0882 TP1 1.1105,08e7022177e8b0f5f2280732282736e9,2026-09-07T17:51:37+00:00,2026-09-07T17:57:32.678777+00:00,905,cryptocurrency79
1170859,25942,"🚀 #DOTUSDT LONG SIGNAL 🚀
📍 Entry: 1.0882


🎯 Take ... your risk, and let's catch this move together! 🪙🔥",bb620e937e95a53434be5667fb36dae1,2026-09-07T17:51:37+00:00,2026-09-07T17:57:32.639980+00:00,905,cryptocurrency79
1170862,25931,"🚨 #FLOCK/USDT | LONG

⚡Leverage: Cross 50X

🎯Entry... follow the signal and secure profits at targets.💎",0e81f3b28a2e706cb040e8d72c790e74,2026-09-07T17:51:36+00:00,2026-09-07T17:57:32.663659+00:00,905,cryptocurrency79
1170871,25921,"COIN: #UAI  /USDT (SHORT) SETUP

📊 Leverage 25x to...ENT IS KEY
Use only 1–2% of your capital per trade",1e9273d7b10c03f0841f65add2c7f28e,2026-09-07T17:51:35+00:00,2026-09-07T17:57:32.709001+00:00,905,cryptocurrency79
1170861,25919,"💸 LONG —MINA

Entry: 0.08045

💸 Targets: 0.08127 /...9

💸  Stop: 0.07639

💸 Move SL to entry after TP1.",2aed2a50a13bc9b82e809b423c2a350b,2026-09-07T17:51:35+00:00,2026-09-07T17:57:32.656003+00:00,905,cryptocurrency79
1170856,25918,"#BR USDT — BUY (LONG) 
🎉
🟢 Leverage: Cross  20x50
...Risk Management:
Use only 2%– 3%of your portfolio.",3df8f55a263de444f35a5505eb2fde37,2026-09-07T17:51:35+00:00,2026-09-07T17:57:32.611859+00:00,905,cryptocurrency79
1182124,26069,"$BR/USDT #LONG📩

✅ENTRY :-0.2720/0.2630

Target 1:...𝐎𝐧𝐥𝐲 𝟏-𝟑% 𝐎𝐟 𝐎𝐮𝐫 𝐃𝐞𝐩𝐨𝐬𝐢𝐭 𝐅𝐨𝐫 𝐄𝐚𝐜𝐡 𝐓𝐫𝐚𝐝𝐞

React,??m",61c21d0ba1c5b95f92877673d16757b0,2026-09-08T07:04:10+00:00,2026-09-08T07:27:08.037471+00:00,905,cryptocurrency79
1182141,26067,"$WLD LONG NOW

ENTRY: 0.4980 - 0.4800

TP:- 0.52 - 0.55 - 0.59

SL:- 0.44",09787c6ef7df4ef7294249cd69bbab44,2026-09-08T07:04:09+00:00,2026-09-08T07:27:08.134131+00:00,905,cryptocurrency79
1182139,26066,"⚡ #BICO/USDT

📤 Long 

💹 Buy: 0.02283 - 0.02240

🧿...7 - 0.02421

🧨 StopLoss: 0.02174 

🔘 Leverage: 20x",e90e6bd837a65feab517407a657bd42e,2026-09-08T07:04:09+00:00,2026-09-08T07:27:08.127026+00:00,905,cryptocurrency79
1182134,26068,"$BTC LONG🟢 (25x Lev)

Entry -  $78000

TP - 79000$- 80000$

SL: 77000$",497624811fbd48ff141e822113e07ab5,2026-09-08T07:04:09+00:00,2026-09-08T07:27:08.075143+00:00,905,cryptocurrency79
1182121,26065,"🚀 $AERO/USDT PERP 🚀

🟢 LONG

💰 Entry : 0.665$ – 0.... 5X – 25X

⛔️ SL : 0.550$

📌 Use Only 2-5% Capital",fc2f041bba7f907f6f3cd6bda5ae7d9f,2026-09-08T07:04:09+00:00,2026-09-08T07:27:08.006268+00:00,905,cryptocurrency79
1182143,26056,"🟢AERO/USDT 📈

📈 long Setup 

💰 Entry Zone: 0.6570–...et 1. 
✅ Move SL to breakeven after Target 1 hits.",05a574dcd9171505d273614e377144f8,2026-09-08T07:04:04+00:00,2026-09-08T07:27:08.163201+00:00,905,cryptocurrency79
1182123,26058,"📊#AERO/USDT–LONG–30x 🚀

📍 𝐄𝐧𝐭𝐫𝐲 𝐙𝐨𝐧𝐞:

➥ 0.668, 0....tal.

⚠️ Disclaimer:
Trade at your own risk. DYOR.",e80098dd808bcee1853060f7aee14fff,2026-09-08T07:04:04+00:00,2026-09-08T07:27:08.039158+00:00,905,cryptocurrency79
1182119,26057,"📊 Let’s LONG #SOLV/USDT

💥 Leverage:  Cross 20×  -...1) 0.0047
2) 0.0049
3) 0.0053

🔖 Stop Loss: 0.0043",bccb3c0af4e22778a0ab21890357c044,2026-09-08T07:04:04+00:00,2026-09-08T07:27:08.001463+00:00,905,cryptocurrency79
1182115,26060,"💵 𝐒𝐈𝐆𝐍𝐀𝐋 𝐀𝐋𝐄𝐑𝐓 💵

#AERO/USDT (25xLONG)

✅ ENTRY:0....62

TARGETS:-0.6650/0.70/0.75

❌ STOP LOSS: 0.5550",2df0690ca6b2aeba2c6c2dd7961fa243,2026-09-08T07:04:04+00:00,2026-09-08T07:27:07.975350+00:00,905,cryptocurrency79
1182113,26059,"🐳 SENT/USDT #LONG🐳

✳️ ENTRY :- 0.0148 - 0.0141

💢...0.0178

⛔️ STOP-LOSS :- 0.0138

☝️ Margin Use 2–3%",f6e7d49f8a0d79459c0857358ecd69ee,2026-09-08T07:04:04+00:00,2026-09-08T07:27:07.963686+00:00,905,cryptocurrency79
1182114,26049,"$NEAR LONG🟢 (25x Lev)

Entry- 2.80$

Targets- 2.312$- 2.340$- 2.377$- 2.415$

Stop Loss- 2.225$",b0f431648a8a5204791a43cd3f8d14ce,2026-09-08T07:04:03+00:00,2026-09-08T07:27:07.977063+00:00,905,cryptocurrency79
1182133,26039,"📊 Let’s LONG #SOL/USDT

💥 Leverage:  Cross 20×  - ...1) 104.55
2) 105.65
3) 106.82

🔖 Stop Loss: 101.30",b52f02097db21e5e8422f5115ddb8776,2026-09-08T07:04:02+00:00,2026-09-08T07:27:08.073289+00:00,905,cryptocurrency79
1182129,26041,"#SOPH/USDT SHORT     

👉Leverage : Cross 10× To 30...0.00988
2)  0.00950
3)  0.00900

⭕Stoploss : 0.105",adfd991c38b34adad4c22a96c0aff27a,2026-09-08T07:04:02+00:00,2026-09-08T07:27:08.049866+00:00,905,cryptocurrency79
1192823,26160,"📊#VET/USDT — LONG

⚡️ Leverage : 20X – 35X

💹Entry...Entry After TP1

⚖️ Follow Proper Risk Management.",a06dd4fb911de4e272701259c6f646ab,2026-09-08T12:45:57+00:00,2026-09-08T13:45:48.897949+00:00,905,cryptocurrency79
1192820,26159,"✨TAO/USDT

🎗 Trade Type = LONG 🟢

⭐️ Leverage :- 2...[ 258.14, 260.59, 263.33, 265.79, 269.19, 272.08 ]",72cbc34dd99a49d0b51ea5bfb5fce89f,2026-09-08T12:45:57+00:00,2026-09-08T13:45:48.888574+00:00,905,cryptocurrency79
1192816,26158,"📊 #ON/USDT

🟢 POSITION: LONG

💰 ENTRY RANGE
➤ 0.19...
➤ 0.170

━━━━━━━━━━━━━━━━━━

✅ Manage risk wisely",c9240ad7dd0e67b4f029cb793c881272,2026-09-08T12:45:57+00:00,2026-09-08T13:45:48.798144+00:00,905,cryptocurrency79
1192810,26161,"🔴 Short

Pair: #VET/USDT

📊 Entry Price: 

1) 0.00...) 0.007186

Stop Loss: 0.008207

Leverage: 10x-20x",01b0c40405f86ec6112fd3f949c8ead1,2026-09-08T12:45:57+00:00,2026-09-08T13:45:48.736732+00:00,905,cryptocurrency79
1192826,26147,"#XPL/USDT

LONG LONG LONG 

OPEN MARKET PRICE 

TP...50
TP 0.10650
TP 0.10800

SL 0.09510

Leverage 25X",08393aba3e8b1223fb6183d9425e222f,2026-09-08T12:45:56+00:00,2026-09-08T13:45:48.918798+00:00,905,cryptocurrency79
1192815,26157,"$BTR/USDT  LONG

🛡Leverage : Cross 25x50

‼️Entry ....04664

Use only 3% - 5% amount of your portfolio🛍",272d82bc2126c86290c2ff4382ba1eb7,2026-09-08T12:45:56+00:00,2026-09-08T13:45:48.796819+00:00,905,cryptocurrency79
1192811,26154,"⭐️$IOST/USDT  LONG

🛡Leverage : Cross 25x50

‼️Ent...008486

Use only 3% - 5% amount of your portfolio🛍",483c31e96d8aab0264adf8f189341fcc,2026-09-08T12:45:56+00:00,2026-09-08T13:45:48.758673+00:00,905,cryptocurrency79
1192808,26149,"🚨 #USELESS/USDT | SHORT

⚡Leverage: Cross 50x

🎯En... follow the signal and secure profits at targets.💎",ae9aeae95ce00f709405b5ea27b66eb1,2026-09-08T12:45:56+00:00,2026-09-08T13:45:48.688255+00:00,905,cryptocurrency79
1192813,26143,"$ATOM

LONG | Entry: 1.654
TP1: 1.701
TP2: 1.762
TP3: 1.825
SL: 1.597",e933cb6bf2c9d47c0f595c34aed5d402,2026-09-08T12:45:55+00:00,2026-09-08T13:45:48.781316+00:00,905,cryptocurrency79
1192809,26138,"⭐️$IOST/USDT  LONG

🛡Leverage : Cross 25x50

‼️Ent...008486

Use only 3% - 5% amount of your portfolio🛍",483c31e96d8aab0264adf8f189341fcc,2026-09-08T12:45:55+00:00,2026-09-08T13:45:48.715680+00:00,905,cryptocurrency79
1192806,26141,"#SOPH USDT — BUY (LONG) 
🎉
🟢 Leverage: Cross  50x7...Risk Management:
Use only 2%– 3%of your portfolio.",63a082d32c183342c6d055fa8d874a02,2026-09-08T12:45:55+00:00,2026-09-08T13:45:48.648827+00:00,905,cryptocurrency79
1192804,26140,"⭐️$BTR/USDT  LONG

🛡Leverage : Cross 25x50

‼️Entr....04664

Use only 3% - 5% amount of your portfolio🛍",3bec9a87947613cd2ac2c282d63fa8ef,2026-09-08T12:45:55+00:00,2026-09-08T13:45:48.568740+00:00,905,cryptocurrency79
1196187,26200,"🚩 SHORT #ON/USDT

⚙️ 50X LEVERAGE

🛡 Entry: 0.2064...TP2: 0.1960
TP3: 0.1860

🛑 SL: 0.2300

🔥REACTIONS?",11ac8a12c558a9d15fb3d909d7e26b44,2026-09-08T14:52:03+00:00,2026-09-08T15:14:34.203372+00:00,905,cryptocurrency79
1196167,26199,BICO LONG 0.02475 tp1 0.02530,4378d9e942e2538b2cccb2bdc98e9f74,2026-09-08T14:52:03+00:00,2026-09-08T15:14:34.029637+00:00,905,cryptocurrency79
1196182,26198,"🚩 SHORT #ACE/USDT

⚙️ 20X LEVERAGE

🛡 Entry: 0.169...2: 0.16000
TP3: 0.15000

🛑 SL: 0.2300

🔥REACTIONS?",f5294175fc872c9fbeeaba7021aefd57,2026-09-08T14:52:02+00:00,2026-09-08T15:14:34.183379+00:00,905,cryptocurrency79
1196162,26197,"🚀 #BICOUSDT LONG SIGNAL 🚀
📍 Entry: 0.02475


🎯 Tak... your risk, and let's catch this move together! 🪙🔥",5742031480c613350992b54c39358763,2026-09-08T14:52:02+00:00,2026-09-08T15:14:33.936740+00:00,905,cryptocurrency79
1196191,26192,"🟢 Long

#ZRX/USDT

Entry : 

1) 0.0992
2) 0.0962

...0.1059

🛑 Stop : 0.0929

Leverage : 10x (isolated)",70e5a0ed8f6f2904a9f8878e40b900f0,2026-09-08T14:51:57+00:00,2026-09-08T15:14:34.219682+00:00,905,cryptocurrency79
1196188,26196,"SOL/USDT My Long Trade Idea 💡

Leverage 100X

Entr....500

Stop Loss   102.300

Follow Money Management",638f8c9df4fbb77ae5cfea3453f3e4f9,2026-09-08T14:51:57+00:00,2026-09-08T15:14:34.202374+00:00,905,cryptocurrency79
1196168,26195,"🟢#VVV/USDT

📈Signal: long Leverage: Cross 20X

⚡️E...even after TP1 is hit.

📣Trade Smart • Follow Risk",d755d163c291376c1251bfcc228ab4ae,2026-09-08T14:51:57+00:00,2026-09-08T15:14:34.036031+00:00,905,cryptocurrency79
1196163,26191,"🚀 #OVER99WINS | TRADE SETUP 🚀

⭐ CROSS /USDT — LON...o

📌 Follow the setup and manage your risk wisely.",62b1a0aee3bebbb68de14a8be8fa7afd,2026-09-08T14:51:57+00:00,2026-09-08T15:14:33.949366+00:00,905,cryptocurrency79
1196185,26179,"🚨 #USELESS/USDT | SHORT

⚡Leverage: Cross 50x

🎯En... follow the signal and secure profits at targets.💎",5f4e0ec37d0d23e910f3c8c815f010e7,2026-09-08T14:51:56+00:00,2026-09-08T15:14:34.186920+00:00,905,cryptocurrency79
1196156,26170,"Coin #USELESS/USDT

Position: LONG 

Leverage:  Cr...rgets: 🎯 0.2510, 0.2780, 0.3200

Stop Loss: 0.2150",fd905af4d55ab0480d3f740fdf20ed57,2026-09-08T14:51:56+00:00,2026-09-08T15:14:33.428181+00:00,905,cryptocurrency79
1205325,26306,"$INJ LONG🟢 (25x Lev)

Entry- 6.40$

Targets- 6.493$- 6.567$- 6.672$- 

Stop Loss- 6.175$",1e7bed57d5def32f86be56877a546a0c,2026-09-08T19:56:03+00:00,2026-09-08T20:47:09.420081+00:00,905,cryptocurrency79
1205321,26307,"🔴 Short

Pair: #ATOM/USDT

📊 Entry Price: 

1) 1.7....702
4) 1.664

Stop Loss: 1.900

Leverage: 10x-20x",f6e6cb0cbd004f5b1cb89b18d1843899,2026-09-08T19:56:03+00:00,2026-09-08T20:47:09.362357+00:00,905,cryptocurrency79
1205303,26303,"📊 Let’s SHORT #SOPH /USDT

💥 Leverage:  Cross 20× ....00630
2) 0.00600
3) 0.00530

🔖 Stop Loss: 0.00700",9c2a2fea5fe184b88c6aa68131697710,2026-09-08T19:56:02+00:00,2026-09-08T20:47:09.221921+00:00,905,cryptocurrency79
1205314,26301,"ETH/USD SELL 

Entry : $ 2491.36

Target1: $  2469
Target2: $  2442
Target3: $  2414


SL : $ 2520",1b481bf37c2bdd04a572129a1fc9d3d6,2026-09-08T19:55:57+00:00,2026-09-08T20:47:09.295403+00:00,905,cryptocurrency79
1205298,26298,"🔴 SHORT

#ETC/USDT

Entry : 

1) 8.739
2) 9.001

T...) 8.134

🛑 Stop : 9.289

Leverage : 10x (isolated)",35c1df28b1aac9da882b547546e6f518,2026-09-08T19:55:57+00:00,2026-09-08T20:47:09.159147+00:00,905,cryptocurrency79
1205296,26299,"ADA/USD SELL 

Entry : $ 0.22657

Target1: $  0.22...2: $  0.21596
Target3: $  0.20810


SL : $ 0.23467",0db37ffc9d542660f4ca178643eaeb99,2026-09-08T19:55:57+00:00,2026-09-08T20:47:09.152038+00:00,905,cryptocurrency79
1205319,26289,"#SOL

After the nearest high is broken, a shift in...gets: 104.57 / 105.88 / 110.21
📉 Stop Loss: 100.11",cd2f58f8b940813a180c2aa1c0f879c0,2026-09-08T19:55:56+00:00,2026-09-08T20:47:09.352086+00:00,905,cryptocurrency79
1205311,26290,"💰#SOPH/ USDT👑

💎Setup Type: Strong SHORT  🔖Opportu...➝ 0.005300

4️⃣TP ➝ 0.004000

🚫Stop Loss: 0.007500",5083a42f0448d225c61ab08b0c02f2d7,2026-09-08T19:55:56+00:00,2026-09-08T20:47:09.322052+00:00,905,cryptocurrency79
1205330,26273,"✅Entry 0.6417 -0.6320

(🆘LONG AEROUSDT 5-20x🆘)

🏹 ... 5  $0.6803
🏹Target 6  $0.6900

🚫Stop loss -0.6058",fd9b94cf96ff53ae8188432612acf6e3,2026-09-08T19:55:55+00:00,2026-09-08T20:47:09.495343+00:00,905,cryptocurrency79
1205322,26282,"🟢COIN: #USELESS  /USDT (LONG)

📊 Leverage 25x to 5...ENT IS KEY
Use only 1–2% of your capital per trade",84664e01b4fc499de60dffe4ce6a9597,2026-09-08T19:55:55+00:00,2026-09-08T20:47:09.364483+00:00,905,cryptocurrency79
1205318,26286,"🚨 #VVV/USDT | LONG

⚡Leverage: Cross 50x

🎯Entry T... follow the signal and secure profits at targets.💎",2cb9b3a7e7181016dd95ac0d9e278cfc,2026-09-08T19:55:55+00:00,2026-09-08T20:47:09.352851+00:00,905,cryptocurrency79
1205312,26278,"📊 Let’s LONG #USELESS /USDT

💥 Leverage:  Cross 20...1) 0.3070
2) 0.3180
3) 0.3400

🔖 Stop Loss: 0.2800",9bbbe4afae3c4780070a1de8d8074d3e,2026-09-08T19:55:55+00:00,2026-09-08T20:47:09.323056+00:00,905,cryptocurrency79
1205297,26284,"#USELESS /USDT BUY (LONG) 

⚡️Leverage : Cross 25x....2800

⚠️Use only 3% - 5% amount of your portfolio",630f4cdb7b90f547e8fd50a772ac8550,2026-09-08T19:55:55+00:00,2026-09-08T20:47:09.163695+00:00,905,cryptocurrency79
1205292,26280,"💰#KAITO/ USDT👑

💎Setup Type: Strong LONG  🔖Opportu...

🥉TP ➝ 0.4000

4️⃣TP ➝ 0.5000

🚫Stop Loss: 0.2900",243684d7c15f8f20c16ef455c820063a,2026-09-08T19:55:55+00:00,2026-09-08T20:47:09.108282+00:00,905,cryptocurrency79
1205289,26285,"💰#EPIC/ USDT👑

💎Setup Type: Strong LONG  🔖Opportun...

🥉TP ➝ 0.5000

4️⃣TP ➝ 0.7500

🚫Stop Loss: 0.2700",feac76989618d1a3284df6ad8c5fc40e,2026-09-08T19:55:55+00:00,2026-09-08T20:47:08.959148+00:00,905,cryptocurrency79
1205287,26275,"🚀 #AKEUSDT LONG SIGNAL 🚀
📍 Entry: 0.01972


🎯 Take... your risk, and let's catch this move together! 🪙🔥",a62eaf78ee06fcb00aeed526d7c17a2b,2026-09-08T19:55:55+00:00,2026-09-08T20:47:08.957102+00:00,905,cryptocurrency79
1205313,26250,"🔴 SHORT

#ADA/USDT

Entry zone : 0.23545 - 0.22860....20676
0.19987

Stop loss :0.244602

Leverage: 10x",69cba36ed5bea87e83911f509b93a798,2026-09-08T19:55:17+00:00,2026-09-08T20:47:09.302894+00:00,905,cryptocurrency79
1205301,26249,"📈 LONG #FORM/USDT

🚀 LEVERAGE : 50x

📊 ENTRY PRICE...

TP🟢0.330

TP🟢0.350

STOPLOSS 🔴0.290


REACTIONS?",7209223dce21df370272d47901a82a61,2026-09-08T19:55:17+00:00,2026-09-08T20:47:09.212347+00:00,905,cryptocurrency79
1205280,26244,"🚀 LONG: $FORM/USDT
LEVERAGE: 50x

✔️ENTRY PRICE: 0...3180-0.3310-0.3600

STOP LOSS:  0.2925

REACTIONS?",9bc702500e655ece5fa977f5e88b02eb,2026-09-08T19:55:16+00:00,2026-09-08T20:47:08.741031+00:00,905,cryptocurrency79
1205279,26243,"#SOPH USDT — SELL (SHORT) 
🎉
🟢 Leverage: Cross  50...Risk Management:
Use only 2%– 3%of your portfolio.",28cccd5326a409bae402cf01ff453cb7,2026-09-08T19:55:16+00:00,2026-09-08T20:47:08.740231+00:00,905,cryptocurrency79
1243964,26532,"🔴 SHORT

#IOST/USDT

Entry zone : 0.00167879 - 0.0...
0.00142510

Stop loss :0.001743993

Leverage: 10x",b7029e5f427d893bd27974a3b0b01b75,2026-09-09T19:43:29+00:00,2026-09-13T20:14:56.728793+00:00,905,cryptocurrency79
1243962,26531,"➡️ #IOST     /USDT (SHORT) 🔽🔽

⌛LEVERAGE : 20X TO ...8


💥Use only 1%margin of your total portfolio❤️😘😇",738c3e7181515ff972b5128ef30dbd05,2026-09-09T19:43:29+00:00,2026-09-13T20:14:56.632012+00:00,905,cryptocurrency79
1243960,26530,"💰#IOST/ USDT👑

💎Setup Type: Strong LONG  🔖Opportun....0018000

4️⃣TP ➝ 0.0025000

🚫Stop Loss: 0.0012800",c86f3f4ce739ef10b4e302f031f5880a,2026-09-09T19:43:29+00:00,2026-09-13T20:14:56.564756+00:00,905,cryptocurrency79
1243959,26527,"USELESS/USDT

SHORT SHORT SHORT 

OPEN MARKET PRIC....29600
TP 0.29200
TP 0.29050

SL  0.33900

LEV 10X",1755d428017a9660e0b4b8e20a7c1677,2026-09-09T19:43:29+00:00,2026-09-13T20:14:56.536417+00:00,905,cryptocurrency79
1243958,26528,"🚨 #USELESS/USDT | SHORT

⚡Leverage: Cross 50x

🎯En... follow the signal and secure profits at targets.💎",3493af7c0111e7ea94cb8e9e6a28f39b,2026-09-09T19:43:29+00:00,2026-09-13T20:14:56.527426+00:00,905,cryptocurrency79
1243955,26517,"🟢 Long

#BNB/USDT

Entry : 

1) 747.740
2) 725.307...8.896

🛑 Stop : 700.632

Leverage : 10x (isolated)",8f4f60557234aa134096c3924ef9d9fc,2026-09-09T19:43:09+00:00,2026-09-13T20:14:56.392831+00:00,905,cryptocurrency79
1243945,26518,"🚨 #CROSS/USDT — POWER LONG 

🎩 ENTRY ZONE: 0.1230
...re profits step by step
🗡 NO FEAR — JUST PROFITS 🪙",b6d17240e6a5f73aadd563932ead9128,2026-09-09T19:43:09+00:00,2026-09-13T20:14:56.328637+00:00,905,cryptocurrency79
1243941,26519,COTI LONG 0.01942 TP1 0.01982,a08dc054d64a629c31f3729c60c9470e,2026-09-09T19:43:09+00:00,2026-09-13T20:14:56.272266+00:00,905,cryptocurrency79
1243940,26516,"#SHORT 🔴 🔤🔤🔤🔤🔤

#HYPE/USDT 

Margin Mode : Isolate...8.61

🟩 SL : 89.70 - 100%

📊 LEV : 30X

🇯🇵 Premium",4be795ddfd5e517fa0a0d9fccc2ca190,2026-09-09T19:43:09+00:00,2026-09-13T20:14:56.246227+00:00,905,cryptocurrency79
1243952,26507,"BTC/USD SELL 

Entry : $ 79494

Target1: $  79129
Target2: $ 78365
Target3: $ 77684

SL : $ 80148",2b8480b529d118db18c82e22abb5cb2e,2026-09-09T19:43:04+00:00,2026-09-13T20:14:56.370107+00:00,905,cryptocurrency79
1243946,26504,"🚀 #COTIUSDT LONG SIGNAL 🚀

📌 ENTRY ➜ 0.01942

🎯 TA...ch this move together!

🪙 Trade Smart • Trade Safe",bdba71f72557d5e735767260455cef24,2026-09-09T19:43:04+00:00,2026-09-13T20:14:56.341176+00:00,905,cryptocurrency79
1243943,26508,"🔰 PAIR: OP/ USDT 💹

🔴Position: SHORT🚀

☑️ Entry Zo...:
🥇 0.1034
🥈 0.1025
🥉 0.1015

❌ Stop Loss: 🔴0.1058",be321197a9d6e927b86244707251071a,2026-09-09T19:43:04+00:00,2026-09-13T20:14:56.300690+00:00,905,cryptocurrency79
1243937,26505,"✅ Long

Pair: #ZIL/USDT

📊 Entry Price: 

1) 0.002...0.0030567

Stop Loss: 0.0026807

Leverage: 10x-20x",b9dd0b6012ffeb51b14967c1abf36c1b,2026-09-09T19:43:04+00:00,2026-09-13T20:14:56.211803+00:00,905,cryptocurrency79
1243727,26498,"#BTC - LONG 100X

Entry  78991

Targets 100% -200%-300% +++

SL= Will Update

Using 1% wallet",00db68dc347ea1d07c00f09346c40956,2026-09-09T19:43:03+00:00,2026-09-13T20:14:39.268207+00:00,905,cryptocurrency79
1243726,26501,"#WLD $WLD LONG TRADE

ENTRY: 0.4495

TARGET: 0.491

STOPLOSS: 0.4345",b7922643a647b7741b4dd777df046972,2026-09-09T19:43:03+00:00,2026-09-13T20:14:39.265586+00:00,905,cryptocurrency79
1243739,26488,"ETH/ USDT/ SHORT
Entry at market price 

Cross || ...only 1% of your wallet. 
Manage your risk properly",325d4fca2572b55e4ab1aeb1fd862c65,2026-09-09T19:43:02+00:00,2026-09-13T20:14:39.432006+00:00,905,cryptocurrency79
1243731,26480,"🔘 Coin : #MAGMA/USDT 🔘

🟢 LONG

🔺Entry🔻: 0.26974

... - 0.29141

♦️ StopLoss : 0.25961

🔱 Leverage: 25x",1488460f0e05c51a492f680600c19b81,2026-09-09T19:43:02+00:00,2026-09-13T20:14:39.307974+00:00,905,cryptocurrency79
1243728,26491,"🚀 #OVER99WINS | TRADE SETUP 🚀

⭐ CROSS /USDT — LON...o

📌 Follow the setup and manage your risk wisely.",d683f9906f86ccd50ec7239dc11d7cc9,2026-09-09T19:43:02+00:00,2026-09-13T20:14:39.273450+00:00,905,cryptocurrency79
1243706,26439,"🚀 $LIT/USDT PERP 🚀

🟢 LONG

💰 Entry : 5.03$ – 4.80...: 5X – 25X

⛔️ SL : 4.35$

📌 Use Only 2-5% Capital",b805282f609bbde6a63b79aff9a22479,2026-09-09T19:41:17+00:00,2026-09-13T20:14:39.036268+00:00,905,cryptocurrency79
1243692,26446,"✅ Long

#IOST/USDT

Entry zone : 0.00080694 - 0.00...
0.00093534

Stop loss :0.000773667

Leverage: 10x",551734e3dee410edcc40dd6b286039c0,2026-09-09T19:41:17+00:00,2026-09-13T20:14:38.906343+00:00,905,cryptocurrency79
1243685,26444,"🟢#IOST/USDT

📈Signal: long Leverage: Cross 20X

⚡️...even after TP1 is hit.

📣Trade Smart • Follow Risk",610eddc347ff650ace42276185e0965c,2026-09-09T19:41:17+00:00,2026-09-13T20:14:38.845422+00:00,905,cryptocurrency79
1243688,26432,"💫 Pair: CASHCAT/USDT  💫

🔼 Direction: Long 🔼

✅ Le...Take Profit: 0.2130 📈

⚠️ Stop Loss: 0.1770 ⚠️

📈📈",f9b7055574929d6836c29c4e9593b54a,2026-09-09T19:41:11+00:00,2026-09-13T20:14:38.869873+00:00,905,cryptocurrency79
1243679,26431,"🟢#MARSCOIN/USDT

📈Signal: long Leverage: Cross 20X...even after TP1 is hit.

📣Trade Smart • Follow Risk",f91045a58a0c3e7e598f7a03bdb83b29,2026-09-09T19:41:11+00:00,2026-09-13T20:14:38.791901+00:00,905,cryptocurrency79
1243711,26418,"📊 Let’s LONG #LIT/USDT

💥 Leverage:  Cross 20×  - ...1) 5.3785
2) 5.5650
3) 5.7520

🔖 Stop Loss: 4.9045",34061fdd1ee8995b05c7b17fec7c22f7,2026-09-09T19:41:10+00:00,2026-09-13T20:14:39.086202+00:00,905,cryptocurrency79
1243705,26426,"⭐️$RAY/USDT  LONG

🛡Leverage : Cross 50x75

‼️Entr...1.1386

Use only 3% - 5% amount of your portfolio🛍",9d65fc079f486c3f97a29b91070a6865,2026-09-09T19:41:10+00:00,2026-09-13T20:14:39.032669+00:00,905,cryptocurrency79
1243702,26413,"⚡️$VVV/USDT⚡️

LONG
Leverage: 20X

Entry: 26.80

Target:

1)27.50
2)28.70
3)31.00

Stoploss: 23.70",039358edd671a7812132a8385a42b639,2026-09-09T19:41:10+00:00,2026-09-13T20:14:38.947870+00:00,905,cryptocurrency79
1243690,26420,"🚨 #BR/USDT | LONG

⚡Leverage: Cross 25x

🎯Entry Ta... follow the signal and secure profits at targets.💎",6e55575fb412fecf25b06cb5f80b1c20,2026-09-09T19:41:10+00:00,2026-09-13T20:14:38.872542+00:00,905,cryptocurrency79
1243687,26419,"🛎️ Trade: #MARSCOIN/USDT

Direction: 📈 LONG 

🟢 En...18
• Target 6: 0.1432

💠 Leverage : 5x - 10x - 20x",052c46b212f1fc577423734957698a14,2026-09-09T19:41:10+00:00,2026-09-13T20:14:38.865614+00:00,905,cryptocurrency79
1243686,26427,"Pair: #ATOM/USDT

Short • (25X)

Entry
1.935

Targ...t your own risk. Always use proper risk management",74479c5cfca9b6a4782bb33618913a21,2026-09-09T19:41:10+00:00,2026-09-13T20:14:38.857734+00:00,905,cryptocurrency79
1243682,26425,"Use only 2% Funds

#XRP/USDT (SHORT)

Entry 1 = 1....Profit
T.P 3 = 1000% Profit 

🔴Stop loss at 1.4950",72d3b530691c46dedf8bef3cf6d4dcae,2026-09-09T19:41:10+00:00,2026-09-13T20:14:38.830991+00:00,905,cryptocurrency79
1243678,26428,"IOST/ USDT/ SHORT
Entry at market price 

Cross ||...only 1% of your wallet. 
Manage your risk properly",2950d4c8e76e9017483a46a7536db003,2026-09-09T19:41:10+00:00,2026-09-13T20:14:38.783732+00:00,905,cryptocurrency79
1243677,26424,"📊 Let’s LONG #USELESS/USDT

💥 Leverage:  Cross 20×...1) 0.3300
2) 0.3500
3) 0.3900

🔖 Stop Loss: 0.3000",ef70bbaf57b72b7d7a91e5882347c8f7,2026-09-09T19:41:10+00:00,2026-09-13T20:14:38.774401+00:00,905,cryptocurrency79
1243676,26423,"#BR USDT — BUY (LONG) 
🎉
🟢 Leverage: Cross  25x75
...Risk Management:
Use only 2%– 3%of your portfolio.",91a8259b90bcf9144d0d68bad81b569b,2026-09-09T19:41:10+00:00,2026-09-13T20:14:38.771886+00:00,905,cryptocurrency79
1243675,26416,"✅ Long

Pair: #ZIL/USDT

📊 Entry Price: 

1) 0.002...0.0030599

Stop Loss: 0.0026835

Leverage: 10x-20x",babec39b2ae80cc19f47d31fbaed4706,2026-09-09T19:41:10+00:00,2026-09-13T20:14:38.764846+00:00,905,cryptocurrency79
1243691,26411,"🐳 BTR/USDT #LONG🐳

✳️ ENTRY :- 0.05170 - 0.05000

...: 0.060

⛔️ STOP-LOSS :- 0.047

☝️ Margin Use 2–3%",571727bfc82d18a1b2156be39df58c6f,2026-09-09T19:41:09+00:00,2026-09-13T20:14:38.902697+00:00,905,cryptocurrency79
1243684,26403,"Coin #SKR/USDT

Position: LONG 

Leverage:  Cross ...rgets: 🎯 0.0251, 0.0286, 0.0319

Stop Loss: 0.0202",3f964ee6c0050eb4112449bc0bd5948f,2026-09-09T19:41:09+00:00,2026-09-13T20:14:38.844397+00:00,905,cryptocurrency79
1243680,26409,"🔴 SHORT

#ZRX/USDT

Entry zone : 0.1084 - 0.1053

...
0.0952
0.0920

Stop loss :0.112671

Leverage: 10x",8f846f042f1d77e76cfab4d2ba99439c,2026-09-09T19:41:09+00:00,2026-09-13T20:14:38.810069+00:00,905,cryptocurrency79
1243672,26405,"$KAT/USDT #LONG📩

✅ENTRY :-0.0060/0.005750

Target...𝐎𝐧𝐥𝐲 𝟏-𝟑% 𝐎𝐟 𝐎𝐮𝐫 𝐃𝐞𝐩𝐨𝐬𝐢𝐭 𝐅𝐨𝐫 𝐄𝐚𝐜𝐡 𝐓𝐫𝐚𝐝𝐞

React,??m",4aa3fe41d1eb57e773bf99b2ecae8d34,2026-09-09T19:41:09+00:00,2026-09-13T20:14:38.664662+00:00,905,cryptocurrency79
1243669,26400,"⌛#SUI/USDT  ( SHORT )

🍁 Leverage 👉 20X to 25X 

⛩...34 | 0.7763 | 0.7654 | 0.7564

🔕 Stoploss = 0.8299",06705001f3f8e9c2a1ce68051b303c7a,2026-09-09T19:41:09+00:00,2026-09-13T20:14:38.624125+00:00,905,cryptocurrency79
1243668,26395,"#MARSCOIN/USDT LONG     

👉Leverage : Cross 10× To...

1)  0.135
2)  0.139
3)  0.145

⭕Stoploss : 0.126",6d0f1b1457dd95d233405b6234a2c734,2026-09-09T19:41:09+00:00,2026-09-13T20:14:38.570150+00:00,905,cryptocurrency79
1243698,26389,"#MAGMAUSDT — BUY (LONG) 
🎉
🟢 Leverage: Cross  25x7...Risk Management:
Use only 2%– 3%of your portfolio.",07471ae1821452304aecdfa676f3be7d,2026-09-09T19:41:08+00:00,2026-09-13T20:14:38.926572+00:00,905,cryptocurrency79
1243665,26388,"#GPSUSDT — BUY (LONG) 
🎉
🟢 Leverage: Cross  20x50
...Risk Management:
Use only 2%– 3%of your portfolio.",3ae70757d0c416bd80c692c737e9936e,2026-09-09T19:41:08+00:00,2026-09-13T20:14:38.550347+00:00,905,cryptocurrency79
1243664,26384,"📊 Let’s SHORT #FF/USDT

💥 Leverage:  Cross 20×  - ...: 

1) 0.140
2) 0.132
3) 0.125

🔖 Stop Loss: 0.155",8ea8a208a9720f01e6893eeff8f143ee,2026-09-09T19:41:08+00:00,2026-09-13T20:14:38.361665+00:00,905,cryptocurrency79
1243662,26383,"📊 Let’s LONG #HYPE/USDT

💥 Leverage:  Cross 20×  -...: 

1) 86.80
2) 87.66
3) 88.70

🔖 Stop Loss: 83.70",b2b015bce27228413aa1d4887b5a85f6,2026-09-09T19:41:08+00:00,2026-09-13T20:14:38.247904+00:00,905,cryptocurrency79
1243661,26382,"📊 Let’s SHORT #BEAT/USDT

💥 Leverage:  Cross 20×  ...1) 0.1230
2) 0.1190
3) 0.1135

🔖 Stop Loss: 0.1310",af1ac6ea4baa1d02c39ce5693594572e,2026-09-09T19:41:08+00:00,2026-09-13T20:14:38.246523+00:00,905,cryptocurrency79
1254209,26827,"🚀 SHORT: $VTHO/USDT
LEVERAGE: 50x

✔️ENTRY PRICE: ...05400-0.0005000

STOP LOSS:  0.000620


REACTIONS?",3386d702288a3f651dd3aeef2be0ea40,2026-09-10T20:29:06+00:00,2026-09-13T21:45:02.239543+00:00,905,cryptocurrency79
1254206,26830,🟢LINK/USDT LONG NOW,8b91e3de5ce9ab6aa526053a3264d123,2026-09-10T20:29:06+00:00,2026-09-13T21:45:02.230583+00:00,905,cryptocurrency79
1254200,26829,"💫 Pair: XAU/USDT  💫

🔼 Direction: Long 🔼

✅ Levera...ke Profit: 4495.00 📈

⚠️ Stop Loss: 4342.00 ⚠️

📈📈",69aaab00c8e976b08cf0d3ffdf3ffd47,2026-09-10T20:29:06+00:00,2026-09-13T21:45:02.157275+00:00,905,cryptocurrency79
1254215,26826,"💰#VTHO/ USDT👑

💎Setup Type: Strong SHORT  🔖Opportu...0004500

4️⃣TP ➝ 0.00040000

🚫Stop Loss: 0.0006700",d6417cc92435e95f59684e92e910a618,2026-09-10T20:29:05+00:00,2026-09-13T21:45:02.259981+00:00,905,cryptocurrency79
1254205,26823,"🚨 #EGLD/USDT | LONG

⚡Leverage: Cross 50x

🎯Entry ... follow the signal and secure profits at targets.💎",b77d926c65198a503697c989bdcbd09f,2026-09-10T20:29:05+00:00,2026-09-13T21:45:02.218807+00:00,905,cryptocurrency79
1254199,26822,"#BTWUSDT — BUY (LONG) 
🎉
🟢 Leverage: Cross  50x75
...Risk Management:
Use only 2%– 3%of your portfolio.",ede4057a0300208df6316c0550962614,2026-09-10T20:29:05+00:00,2026-09-13T21:45:02.151649+00:00,905,cryptocurrency79
1254187,26825,"💰#BR/ USDT👑

💎Setup Type: Strong LONG  🔖Opportunit...TP ➝ 0.33000

4️⃣TP ➝ 0.43000

🚫Stop Loss: 0.24800",0b103ecb7b18a1ce650c16461355dfe0,2026-09-10T20:29:05+00:00,2026-09-13T21:45:02.113400+00:00,905,cryptocurrency79
1254184,26821,"⭐️$VTHO/USDT  LONG

🛡Leverage : Cross 25x50

‼️Ent...004527

Use only 3% - 5% amount of your portfolio🛍",0c8a19dc96fb62c6f19224efb2a021c0,2026-09-10T20:29:05+00:00,2026-09-13T21:45:02.100747+00:00,905,cryptocurrency79
1254148,26809,"🔰 PAIR: RUNE/ USDT 💹

🟢Position: LONG🚀

☑️ Entry Z...0.490
🥉 0.500

❌ Stop Loss: 🔴0.470

💎 VIP Signals✨",404a6e796a7210a40ae61ded21a9e28f,2026-09-10T20:28:21+00:00,2026-09-13T21:45:01.820554+00:00,905,cryptocurrency79
1254145,26788,"📊 #EGLD/USDT

🟢 POSITION: LONG

💰 ENTRY RANGE
➤ 5....S
➤ 5.00

━━━━━━━━━━━━━━━━━━

✅ Manage risk wisely",e39ff22cb0c32112c90dddf4a332c826,2026-09-10T20:27:53+00:00,2026-09-13T21:45:01.789653+00:00,905,cryptocurrency79
1254137,26792,"SHORT BNB

🔖 MARKET SETUP

 ✔️Entry: 718.5
 ⛔️ SL:... TP: 704

⚠️ Capital: 3% max. Discipline = Profit!",4f3caf7cd917f7d21262a4a0a7c905b3,2026-09-10T20:27:53+00:00,2026-09-13T21:45:01.643134+00:00,905,cryptocurrency79
1254127,26789,"⚡️$EGLD/USDT⚡️

LONG
Leverage: 25X 

Entry: 5.62 -....35

Target:

1)5.70
2)5.90
3)6.50

Stoploss: 5.00",ae64ad26c78e5aedfefd655b40b16683,2026-09-10T20:27:53+00:00,2026-09-13T21:45:00.762661+00:00,905,cryptocurrency79
1254207,26774,"#SAHARA /USDT BUY (LONG) 

⚡️Leverage : Cross 25x ...01005

⚠️Use only 3% - 5% amount of your portfolio",b9a9335f99020382ef319712b6e52c4f,2026-09-10T20:27:37+00:00,2026-09-13T21:45:02.232961+00:00,905,cryptocurrency79
1254180,26777,"📊 Let’s SHORT #CYS/USDT

💥 Leverage:  Cross 20×  -...1) 0.1340
2) 0.1265
3) 0.1170

🔖 Stop Loss: 0.1570",b719f899eaa8d98027030ea29d52c692,2026-09-10T20:27:37+00:00,2026-09-13T21:45:02.092589+00:00,905,cryptocurrency79
1254130,26779,"📊 Let’s LONG #SNDK/USDT

💥 Leverage:  Cross 20×  
...gets: 

1) 1785
2) 1835
3) 1855

🔖 Stop Loss: 1720",640144b8e6f93d2a7c453ddcac8411ac,2026-09-10T20:27:37+00:00,2026-09-13T21:45:00.897270+00:00,905,cryptocurrency79
1254125,26781,"PAIR: #ZEST USDT ⚡️⚡️
📈POSITION: LONG •
✨🔥LEVERAGE...P LIMIT
0.11800
📌Trade With Proper Risk Management",13eb3ee08ec4ac84fd4e19d906955e0a,2026-09-10T20:27:37+00:00,2026-09-13T21:45:00.719216+00:00,905,cryptocurrency79
1254123,26778,"📊 Let’s SHORT #TAC/USDT

💥 Leverage:  Cross 20×  -...420
2) 0.001325
3) 0.001175

🔖 Stop Loss: 0.001735",9db45561c22b7bef2304bbc2e15b136e,2026-09-10T20:27:37+00:00,2026-09-13T21:45:00.665187+00:00,905,cryptocurrency79
1254198,26759,EGLD LONG 5.285 tp1 5.400,bfca3d6cc374136202d22e5161112904,2026-09-10T20:27:03+00:00,2026-09-13T21:45:02.139745+00:00,905,cryptocurrency79
1254170,26761,"#HIVE | SHORT SETUP

💰 Entry: $0.04445

🎯 Target1:...t4: $0.04276
🎯 Target5: $0.04214

🛡 STOP: $0.04667",70d835b40de112c453cff82de5e39057,2026-09-10T20:27:03+00:00,2026-09-13T21:45:02.035675+00:00,905,cryptocurrency79
1254147,26760,"🚀 #EGLDUSDT LONG SIGNAL 🚀

📌 ENTRY ➜ 5.285

🎯 TAKE...ch this move together!

🪙 Trade Smart • Trade Safe",aed28fdda2f7deb7f5d7c8bc06d6fe15,2026-09-10T20:27:03+00:00,2026-09-13T21:45:01.804794+00:00,905,cryptocurrency79
1254186,26758,"🔰 PAIR: RUNE/ USDT 💹

🟢Position: LONG🚀

☑️ Entry Z...gets:
🥇 0.487
🥈 0.490
🥉 0.500

❌ Stop Loss: 🔴0.470",f71afe32b98b44b9220b31aefc53dd00,2026-09-10T20:27:02+00:00,2026-09-13T21:45:02.103417+00:00,905,cryptocurrency79
1254167,26757,#VTHO long 0.0006560 tp 0.0006700,a4ab9ba3cb6b0c273ae2767861d92640,2026-09-10T20:27:02+00:00,2026-09-13T21:45:02.010471+00:00,905,cryptocurrency79
1254143,26749,"🚨 #VTHO /USDT — POWER LONG 

⚡️ ENTRY ZONE: 0.0006...re profits step by step
🪖 NO FEAR — JUST PROFITS 🪙",7eeace549f99a76edcafc609dc0d1918,2026-09-10T20:27:02+00:00,2026-09-13T21:45:01.741773+00:00,905,cryptocurrency79
1254140,26752,"⭐️$VTHO/USDT  LONG

🛡Leverage : Cross 25x50

‼️Ent...005131

Use only 3% - 5% amount of your portfolio🛍",74bf433745e2f624d7f2917659613d1a,2026-09-10T20:27:02+00:00,2026-09-13T21:45:01.705761+00:00,905,cryptocurrency79
1254193,26747,"⌛#ARB/USDT  ( SHORT )

🍁 Leverage 👉 20X to 25X 

⛩... 0.14249 | 0.14100 | 0.13937

🔕 Stoploss = 0.15444",3476432ee3cb7778ac03dcfa6e306b1d,2026-09-10T20:27:01+00:00,2026-09-13T21:45:02.133033+00:00,905,cryptocurrency79
1254189,26737,"#ARK/USDT SHORT     

👉Leverage : Cross 10× To 30×...

1)  0.134
2)  0.130
3)  0.126

⭕Stoploss : 0.142",f7d4fc4fefb6fa4f7ed0dca0e436cf28,2026-09-10T20:26:26+00:00,2026-09-13T21:45:02.115114+00:00,905,cryptocurrency79
1254185,26739,"#VTHO  /USDT BUY (LONG) 

⚡️Leverage : Cross 25x t...05960

⚠️Use only 3% - 5% amount of your portfolio",f6e323a1eb8dd77ae03229d74f32c97a,2026-09-10T20:26:26+00:00,2026-09-13T21:45:02.102548+00:00,905,cryptocurrency79
1254142,26738,"📊#ANIME/USDT — LONG

⚡️ Leverage : 10X – 20X

💹Ent...Entry After TP1

⚖️ Follow Proper Risk Management.",8221e02bba22ca8e6366c5da28a6456f,2026-09-10T20:26:26+00:00,2026-09-13T21:45:01.737633+00:00,905,cryptocurrency79
1254177,26728,"🔰 ANIME/USDT 🔰

🟢 LONG 20X

🔳 ENTRY :- 0.0033

☑️ TARGET:- 0.0033 - 0.0036- 0.0039

🔴 STOP :- 0.0029",1e00050c3e32c49d6bea7e6ae6f60a4f,2026-09-10T20:26:25+00:00,2026-09-13T21:45:02.070624+00:00,905,cryptocurrency79
1254168,26730,"$BTC LONG🟢 (25x Lev)

Entry -  $78400

Targets

1)79000$
2)79600$

SL: 77800$",50427b5b2a70c43e1af3b512ca1a252c,2026-09-10T20:26:25+00:00,2026-09-13T21:45:02.020744+00:00,905,cryptocurrency79
1254003,26681,"🚀 $SAHARA/USDT PERP 🚀

🟢 LONG

💰 Entry : 0.0109$ –...5X – 25X

⛔️ SL : 0.0093$

📌 Use Only 2-5% Capital",0ded55ba854a74c875ff0c9515fa5ab4,2026-09-10T07:21:12+00:00,2026-09-13T21:44:46.503902+00:00,905,cryptocurrency79
1253964,26682,"💥 Futures (Free Signal)

🔴 SHORT

#IOST/USDT

Entr...
0.00142510

Stop loss :0.001743993

Leverage: 10x",fd7bc4c6d1b9fa2703455fb0ba111183,2026-09-10T07:21:12+00:00,2026-09-13T21:44:46.263556+00:00,905,cryptocurrency79
1254011,26679,"🔰CROSS/USDT 🔰   

🔴 SHORT 10X 20X

♻ ENTRY 
1️⃣ 0....

1️⃣ 0.112
2️⃣ 0.110
3️⃣ 0.107

⛔ STOPLOSS  0.121",6edec8c36711edfbddf7c57c99e83728,2026-09-10T07:21:11+00:00,2026-09-13T21:44:46.527642+00:00,905,cryptocurrency79
1254004,26680,"#BTC/USDT Short Trade Configuration

Leverage 100X..., 78500

Stop Loss: 80100

Follow Money Management",1d8fc1e438d6596c8d2012b7eceb985e,2026-09-10T07:21:11+00:00,2026-09-13T21:44:46.506687+00:00,905,cryptocurrency79
1253955,26678,"Coin #VTHO/USDT

Position: LONG 

Leverage:  Cross... 0.000670, 0.000690, 0.000710

Stop Loss: 0.000610",ede54485ceb645c9fd8a50f583cae089,2026-09-10T07:21:11+00:00,2026-09-13T21:44:46.177293+00:00,905,cryptocurrency79
1253996,26673,"🔰 SAHARA/USDT 🔰

🟢 LONG 20X

🔳 ENTRY :- 0.0110

☑️...TARGET:- 0.0115 - 0.0122- 0.0130

🔴 STOP :- 0.0097",4d1837722ff2b94f43877436f7665e6b,2026-09-10T07:21:06+00:00,2026-09-13T21:44:46.446284+00:00,905,cryptocurrency79
1253972,26674,"🐳 NEAR/USDT #LONG🐳

✳️ ENTRY :- 2.52 - 2.46

💢 LEV...3 : 2.85

⛔️ STOP-LOSS :- 2.41

☝️ Margin Use 2–3%",21b39c19106af3294151d27033d62923,2026-09-10T07:21:06+00:00,2026-09-13T21:44:46.306853+00:00,905,cryptocurrency79
1253969,26675,"🔴 SHORT

#KAVA/USDT

Entry : 

1) 0.062340
2) 0.06...8027

🛑 Stop : 0.066267

Leverage : 10x (isolated)",1cbfc9ec6cba0238fb8a4e00adcbbe54,2026-09-10T07:21:06+00:00,2026-09-13T21:44:46.293481+00:00,905,cryptocurrency79
1253963,26672,"#USELESS/USDT SHORT     

👉Leverage : Cross 10× To...

1)  0.223
2)  0.210
3)  0.195

⭕Stoploss : 0.251",d572cc033e857c2dc65ddbada5c3f722,2026-09-10T07:21:06+00:00,2026-09-13T21:44:46.238577+00:00,905,cryptocurrency79
1253958,26671,"$BR/USDT #LONG📩

✅ENTRY :-0.3050/0.2950

Target 1:...𝐎𝐧𝐥𝐲 𝟏-𝟑% 𝐎𝐟 𝐎𝐮𝐫 𝐃𝐞𝐩𝐨𝐬𝐢𝐭 𝐅𝐨𝐫 𝐄𝐚𝐜𝐡 𝐓𝐫𝐚𝐝𝐞

React,??m",dcf3a0b2b9f18fd10e3f3638bb71f3fa,2026-09-10T07:21:06+00:00,2026-09-13T21:44:46.214893+00:00,905,cryptocurrency79
1254017,26660,"🟢 Long

#IOST/USDT

Entry : 

1) 0.00119390
2) 0.0...58

🛑 Stop : 0.00111868

Leverage : 10x (isolated)",b87125cedfd9381b89a2229a6fffcfba,2026-09-10T07:21:05+00:00,2026-09-13T21:44:46.549954+00:00,905,cryptocurrency79
1253992,26654,"📊#BTR/USDT–LONG–30x 🚀

📍 𝐄𝐧𝐭𝐫𝐲 𝐙𝐨𝐧𝐞:

➥ 0.066, 0.0...tal.

⚠️ Disclaimer:
Trade at your own risk. DYOR.",2adfd82f0e61d8c1d5384bcddd4edbd5,2026-09-10T07:21:05+00:00,2026-09-13T21:44:46.427795+00:00,905,cryptocurrency79
1253991,26652,"🪙 Coin: #IOST/USDT
🧭 Type: #LONG

📈 Entry Zone:
0.... within the zone and maintain strict risk control.",ec097434b404394ace3956dbb7c95349,2026-09-10T07:21:05+00:00,2026-09-13T21:44:46.424311+00:00,905,cryptocurrency79
1253976,26653,"🛎️ Trade: #ATOM/USDT

Direction: 📉 Short 

🟢 Entry...90
• Target 6: 1.7298

💠 Leverage : 5x - 10x - 20x",ae765a950e707fdec3ae802b4f856f17,2026-09-10T07:21:05+00:00,2026-09-13T21:44:46.314805+00:00,905,cryptocurrency79
1253974,26661,"Trade: #ATOM/USDT

Direction: 📉 Short 

🟢 Entry Ra...90
• Target 6: 1.7298

💠 Leverage : 5x - 10x - 20x",97429c2b5522d74e51a66c60e70d4d7b,2026-09-10T07:21:05+00:00,2026-09-13T21:44:46.313520+00:00,905,cryptocurrency79
1253973,26664,"⭐ VTHO /USDT — LONG

💵 ENTRY: 0.06500-0.06300

⚙️ ...o

📌 Follow the setup and manage your risk wisely.",3b894f7e7b284397854c49cb41541603,2026-09-10T07:21:05+00:00,2026-09-13T21:44:46.307691+00:00,905,cryptocurrency79
1254006,26630,"🚀 #OVER99WINS | TRADE SETUP 🚀

⭐ IOST /USDT — SHOR...o

📌 Follow the setup and manage your risk wisely.",40afd177d09decb0acbcf580b0329836,2026-09-10T06:00:48+00:00,2026-09-13T21:44:46.513204+00:00,905,cryptocurrency79
1253941,26615,"#BTR/USDT — POWER LONG 

⚡️ ENTRY ZONE: 0.06260

😵...re profits step by step
🪖 NO FEAR — JUST PROFITS 🪙",05315c8460ab2850cbc5fea11ab10d32,2026-09-10T05:25:39+00:00,2026-09-13T21:44:45.306928+00:00,905,cryptocurrency79
1270095,26959,"📊 Let’s LONG #MARSCOIN/USDT

💥 Leverage:  Cross 20...) 0.1165
2) 0.1218
3) 0.1280

🔖 Stop Loss: 0.10380",0f59e13b524bbc413b23ba82743997f3,2026-09-10T20:30:18+00:00,2026-09-14T11:29:55.818820+00:00,905,cryptocurrency79
1270082,26960,"🚀 #ETHFIUSDT LONG SIGNAL 🚀

📌 ENTRY ➜ 0.6660

🎯 TA...ch this move together!

🪙 Trade Smart • Trade Safe",d0b722c604bb4a4b04e5501aefa166b2,2026-09-10T20:30:18+00:00,2026-09-14T11:29:55.612546+00:00,905,cryptocurrency79
1270080,26957,"✨ZEC/USDT

🎗 Trade Type = SHORT 🔴

⭐️ Leverage :- ....95, 1144.46, 1130.96, 1120.45, 1108.04, 1092.73 ]",89187d31c24eda728200508d2145e1a5,2026-09-10T20:30:18+00:00,2026-09-14T11:29:55.561643+00:00,905,cryptocurrency79
1270098,26955,"✅ Long

Pair: #ETC/USDT

📊 Entry Price: 

1) 7.746....114
4) 8.275

Stop Loss: 7.258

Leverage: 10x-20x",6a5247f98965a55be00657b3ec17d21e,2026-09-10T20:30:11+00:00,2026-09-14T11:29:55.838395+00:00,905,cryptocurrency79
1270081,26954,"🟢 Long

#DASH/USDT

Entry : 

1) 56.81
2) 55.10

T...) 60.69

🛑 Stop : 53.23

Leverage : 10x (isolated)",7b8efdb1ee479516f272ec5863de2c0d,2026-09-10T20:30:11+00:00,2026-09-14T11:29:55.568167+00:00,905,cryptocurrency79
1270079,26953,"🌈PAIR:- VTHO/USDT
⚡️ Direction : LONG
🛠 Leverage: ...nt Usage:- 1 - 2%
(According To your Risk Setting)",252319429c966927e5b6645beb5c8998,2026-09-10T20:30:10+00:00,2026-09-14T11:29:55.559752+00:00,905,cryptocurrency79
1269969,26949,"⭐️$ETHFI/USDT  LONG

🛡Leverage : Cross 25x50

‼️En...0.6535

Use only 3% - 5% amount of your portfolio🛍",d5a42e45a71c8916bbf0763714b18901,2026-09-10T20:30:10+00:00,2026-09-14T11:29:42.247374+00:00,905,cryptocurrency79
1269965,26950,"Doge/Usdt long 🟢
with 0.5% Wallet on market price ...osite movement pe jo 5% around the liq manage zero",0c5ba45523936dd289c9aeb635f19feb,2026-09-10T20:30:10+00:00,2026-09-14T11:29:42.233584+00:00,905,cryptocurrency79
1269970,26931,"⭐️$ORDER/USDT  LONG

🛡Leverage : Cross 25x50

‼️En....03622

Use only 3% - 5% amount of your portfolio🛍",22cc0576cbf2bd0bf660db03dbd16f72,2026-09-10T20:30:09+00:00,2026-09-14T11:29:42.246724+00:00,905,cryptocurrency79
1269966,26933,"💵COIN NAME : #ORDER /USDT

📈POSITION : LONG(BUY)

... = 0.04188

🔖 STOPLOSS  = 0.03665


SHOW REACTIONS",03ef076b735ec1ee3642c55c6a0130c7,2026-09-10T20:30:09+00:00,2026-09-14T11:29:42.234915+00:00,905,cryptocurrency79
1269960,26935,"📈 LONG #ORDER/USDT

🚀 LEVERAGE : 50x

📊 ENTRY PRIC...P🟢0.0412

TP🟢0.0435

STOPLOSS 🔴0.0370


REACTIONS?",5b8d679a9036e679c8376254e78096e5,2026-09-10T20:30:09+00:00,2026-09-14T11:29:42.191487+00:00,905,cryptocurrency79
1269946,26928,"⭐️$VTHO/USDT  SHORT

🛡Leverage : Cross 25x50

‼️En...007164

Use only 3% - 5% amount of your portfolio🛍",a5949bc88bb9aeba708e0e4f97504cbf,2026-09-10T20:30:09+00:00,2026-09-14T11:29:42.051274+00:00,905,cryptocurrency79
1269917,26880,"⭐️$REZ/USDT  LONG

🛡Leverage : Cross 25x50

‼️Entr...003234

Use only 3% - 5% amount of your portfolio🛍",00559f4374fef9d9d7f93fbe12b1973d,2026-09-10T20:29:25+00:00,2026-09-14T11:29:41.837559+00:00,905,cryptocurrency79
1269932,26877,"😎WHALES HIDDEN GEM 😎

🌐 100$ into 2000$ Challenge ...) 0.52
2) 0.55
3) 0.60
4) 0.72

❌ STOP LOSS: 0.44❌",8cb8552793cfd172a0867aad738e963f,2026-09-10T20:29:24+00:00,2026-09-14T11:29:41.939923+00:00,905,cryptocurrency79
1269949,26867,"⚡️$LSK/USDT⚡️

LONG
Leverage: 10X

Entry: 0.1240 -...get:

1)0.1280
2)0.1360
3)0.1490

Stoploss: 0.1070",ea958f562a9ae74dd6c8a2eb69d669f9,2026-09-10T20:29:14+00:00,2026-09-14T11:29:42.072142+00:00,905,cryptocurrency79
1269940,26870,"🌈PAIR:- VTHO/USDT
⚡️ Direction : LONG
🛠 Leverage: ...nt Usage:- 1 - 2%
(According To your Risk Setting)",d3f9838f30b7532d196358d3f8fe7818,2026-09-10T20:29:14+00:00,2026-09-14T11:29:41.990748+00:00,905,cryptocurrency79
1269928,26869,"#ORDER/USDT LONG     

👉Leverage : Cross 10× To 30...  0.0372
2)  0.0390
3)  0.0419

⭕Stoploss : 0.0344",4a271613cd81566323f1626bfc3a11f2,2026-09-10T20:29:14+00:00,2026-09-14T11:29:41.929784+00:00,905,cryptocurrency79
1269920,26868,"Long #RVN 50x 0.002400

Tp: 0.002500",8dafd0b7f1c0f2f59b442c515271daad,2026-09-10T20:29:14+00:00,2026-09-14T11:29:41.856170+00:00,905,cryptocurrency79
1269918,26871,"✨HYPE/USDT

🎗 Trade Type = LONG 🟢

⭐️ Leverage :- ...[ 83.772, 84.582, 85.535, 86.288, 87.318, 88.092 ]",69180670a8f6a80fdd18f6a14a358adb,2026-09-10T20:29:14+00:00,2026-09-14T11:29:41.838255+00:00,905,cryptocurrency79
1269954,26850,"🔘 Coin : #KAS/USDT 🔘

🔴 SHORT

🔺Entry🔻: 0.03873

⭐... - 0.03678

♦️ StopLoss : 0.03998

🔱 Leverage: 25x",96bbaa44c3b5f43e5b659e62e042c509,2026-09-10T20:29:07+00:00,2026-09-14T11:29:42.107631+00:00,905,cryptocurrency79
1269948,26856,"✅ Long

#ETC/USDT

Entry zone : 7.572 - 7.807

Tak...311
8.544
8.777

Stop loss :7.26051

Leverage: 10x",712f66d87a23bb8806d42539e2fef3e6,2026-09-10T20:29:07+00:00,2026-09-14T11:29:42.063935+00:00,905,cryptocurrency79
1269945,26853,"🟢LINK/USDT My Long Trade Setup

Leverage 75X

Entr...2.100

Stop Loss   11.550

Follow Money Management",0c454bc7adf28ea9c5f46fa4ffc57d06,2026-09-10T20:29:07+00:00,2026-09-14T11:29:42.040423+00:00,905,cryptocurrency79
1269944,26859,"$LSK/USDT #LONG📩

✅ENTRY :-0.1240/0.1190

Target 1...𝐎𝐧𝐥𝐲 𝟏-𝟑% 𝐎𝐟 𝐎𝐮𝐫 𝐃𝐞𝐩𝐨𝐬𝐢𝐭 𝐅𝐨𝐫 𝐄𝐚𝐜𝐡 𝐓𝐫𝐚𝐝𝐞

React,??m",0d106fe07e7789e3ddb46ca1915a55ae,2026-09-10T20:29:07+00:00,2026-09-14T11:29:42.039511+00:00,905,cryptocurrency79
1269930,26854,"SHORT

KASU/USDT

MARKET PRICE 

Leverage: 10X

TP...5% of capital 

Always use proper risk management.",6bf501123417bbdfb4665eb81a028f28,2026-09-10T20:29:07+00:00,2026-09-14T11:29:41.930761+00:00,905,cryptocurrency79
1269923,26852,"ETH/ USDT/ LONG
Entry at market price 

Cross || L...only 1% of your wallet. 
Manage your risk properly",883e322e8d2dfb5331e9f79cba6e5f6d,2026-09-10T20:29:07+00:00,2026-09-14T11:29:41.861761+00:00,905,cryptocurrency79
1269914,26849,"💰#VTHO/ USDT👑

💎Setup Type: Strong LONG  🔖Opportun....0007300

4️⃣TP ➝ 0.0008500

🚫Stop Loss: 0.0005800",6766c8c2fe27b35da8172ec3fcf6985e,2026-09-10T20:29:07+00:00,2026-09-14T11:29:41.740757+00:00,905,cryptocurrency79
1269916,26847,"🚨 #ORDER/USDT — POWER LONG 

⚡️ ENTRY ZONE: 0.0363...re profits step by step
🪖 NO FEAR — JUST PROFITS 🪙",d0b98288bdc5acf5413bd8d44a5f5897,2026-09-10T20:29:06+00:00,2026-09-14T11:29:41.835547+00:00,905,cryptocurrency79
1269910,26846,"🚀 LONG: $VTHO/USDT
LEVERAGE: 50x

✔️ENTRY PRICE: 0...800-0.00072000

STOP LOSS:  0.0006090


REACTIONS?",54c4e3468bf948f5b43d2de1a24b9f16,2026-09-10T20:29:06+00:00,2026-09-14T11:29:41.487488+00:00,905,cryptocurrency79
1269909,26845,"⭐️$REZ/USDT  LONG

🛡Leverage : Cross 25x50

‼️Entr...003234

Use only 3% - 5% amount of your portfolio🛍",00559f4374fef9d9d7f93fbe12b1973d,2026-09-10T20:29:06+00:00,2026-09-14T11:29:41.414052+00:00,905,cryptocurrency79
1269907,26841,"⛽️Pair: PHAROS/USDT
Type: LONG 🟢
✅Leverage:  (20X_...) 0.52
2) 0.55
3) 0.60
4) 0.72

❌ STOP LOSS: 0.44❌",6dd3cd0d22e67e27c84a8359983325bf,2026-09-10T20:29:06+00:00,2026-09-14T11:29:41.229069+00:00,905,cryptocurrency79
1269905,26842,"Pair: #ARB/USDT

Long • (10X-50X)

Entry
0.1477 - ...t your own risk. Always use proper risk management",9d6eb8750a4f09ef3805c1d0afb4e030,2026-09-10T20:29:06+00:00,2026-09-14T11:29:41.176526+00:00,905,cryptocurrency79
1269904,26843,"🚨 #PHAROS/USDT | LONG

⚡Leverage: Cross 20x

🎯Entr... follow the signal and secure profits at targets.💎",e670912eb1d1ca22837666561e7738a2,2026-09-10T20:29:06+00:00,2026-09-14T11:29:41.057510+00:00,905,cryptocurrency79
1269903,26835,"📈 LONG #VTHO/USDT

🚀 LEVERAGE : 50x

📊 ENTRY PRICE...0660

TP🟢0.000700

STOPLOSS 🔴0.000570


REACTIONS?",0d119ca7caeb1fe6ab71576daa2e1acd,2026-09-10T20:29:06+00:00,2026-09-14T11:29:40.861043+00:00,905,cryptocurrency79
1278036,27276,"✅ Long

#ETC/USDT

Entry zone : 7.247 - 7.472

Tak...955
8.178
8.401

Stop loss :6.94896

Leverage: 10x",ed901040bbc888f2005ac05e09dcffdb,2026-09-11T13:34:48+00:00,2026-09-14T12:54:46.323924+00:00,905,cryptocurrency79
1278012,27277,"🌈PAIR:- #MET/USDT
⚡️ Direction : LONG
🛠 Leverage: ...nt Usage:- 1 - 2%
(According To your Risk Setting)",4b86a82ba9354c81319c1a4050bd2a9a,2026-09-11T13:34:48+00:00,2026-09-14T12:54:46.207520+00:00,905,cryptocurrency79
1277999,27273,"#MET/USDT BUY (LONG) 

⚡️Leverage : Cross 25x to 5....2590

⚠️Use only 3% - 5% amount of your portfolio",5b58836241f67e22574d131cd17346f3,2026-09-11T13:34:48+00:00,2026-09-14T12:54:46.037996+00:00,905,cryptocurrency79
1277995,27272,"$AKE. LONG

Leverage : 50X

Type : Cross

Entry Pr...0154
TP2: 0.0175
Tp3: 0.0206

STOP LOSS 🛑 : 0.0122",33afece873b5c4f68ec07c7d50fea27e,2026-09-11T13:34:48+00:00,2026-09-14T12:54:45.922459+00:00,905,cryptocurrency79
1278010,27249,"💰#LAB / USDT👑

💎Setup Type: Strong LONG  🔖Opportun...TP ➝ 0.07300

4️⃣TP ➝ 0.08700

🚫Stop Loss: 0.05500",1fa711913d6a090db2ca3673dfd4323b,2026-09-11T13:34:47+00:00,2026-09-14T12:54:46.199005+00:00,905,cryptocurrency79
1278003,27248,"#LAB LONG

0.06300

Low fund use high risky",bd57b939bbb1e470b881bb47078aba17,2026-09-11T13:34:47+00:00,2026-09-14T12:54:46.162775+00:00,905,cryptocurrency79
1278001,27252,"#MET/USDT BUY (LONG) 

⚡️Leverage : Cross 25x to 5....2590

⚠️Use only 3% - 5% amount of your portfolio",5b58836241f67e22574d131cd17346f3,2026-09-11T13:34:47+00:00,2026-09-14T12:54:46.112915+00:00,905,cryptocurrency79
1278000,27257,"$ETH SHORT ⚡️

ENTRY : 2455👍

TARGETS PRICE:🔼

1️⃣ 2425
2⃣ 2389
3️⃣ 2350
🤩 2277

⛔️STOP LOSS : 2588",812b22f8fe689c82000b1a60c1fd9519,2026-09-11T13:34:47+00:00,2026-09-14T12:54:46.091594+00:00,905,cryptocurrency79
1278035,27213,"✨ADA/USDT

🎗 Trade Type = SHORT 🔴

⭐️ Leverage :- ...[ 0.2021, 0.1997, 0.1978, 0.1955, 0.1934, 0.1913 ]",6de73c9c677a70d6752ff33a0efc9c94,2026-09-11T11:27:51+00:00,2026-09-14T12:54:46.314449+00:00,905,cryptocurrency79
1278028,27210,LABUSDT LONG NOW,f9c09a92d4c106bd6f674e990fc11f34,2026-09-11T11:27:51+00:00,2026-09-14T12:54:46.291796+00:00,905,cryptocurrency79
1278005,27207,"🚨 #FF/USDT | LONG

⚡Leverage: Cross 50x

🎯Entry Ta... follow the signal and secure profits at targets.💎",53e26f12ac0630ce608537f8f45d6751,2026-09-11T11:27:51+00:00,2026-09-14T12:54:46.179401+00:00,905,cryptocurrency79
1277994,27214,"🟢ETH/USDT My Short Trade Setup

Leverage 100X

Ent... 2420

Stop Loss  :  2485

Follow Money Management",622722d184b0bae0f98c5ed9f19e0e2d,2026-09-11T11:27:51+00:00,2026-09-14T12:54:45.917007+00:00,905,cryptocurrency79
1277973,27212,"⭐️$LAB/USDT  LONG

🛡Leverage : Cross 25x50

‼️Entr....05142

Use only 3% - 5% amount of your portfolio🛍",b88affde25a2361a5d9cb72de12b71da,2026-09-11T11:27:51+00:00,2026-09-14T12:54:45.657625+00:00,905,cryptocurrency79
1277990,27204,"🔴 SHORT

#THETA/USDT

Entry : 

1) 0.1857
2) 0.191...0.1728

🛑 Stop : 0.1973

Leverage : 10x (isolated)",280b3301d56a3fe5d30755c40fdc88f9,2026-09-11T11:27:50+00:00,2026-09-14T12:54:45.848903+00:00,905,cryptocurrency79
1277987,27200,"💰#ROYSOL #RAY/ USDT👑

💎Setup Type: Strong LONG  🔖O...

🥉TP ➝ 1.7500

4️⃣TP ➝ 1.9500

🚫Stop Loss: 1.4250",06814aa9e7c2976f51886e0b4b301385,2026-09-11T11:27:50+00:00,2026-09-14T12:54:45.791199+00:00,905,cryptocurrency79
1277983,27205,"➡️ #LAB      /USDT (SHORT) 🔽🔽

⌛LEVERAGE : 20X TO ...0


💥Use only 1%margin of your total portfolio❤️😘😇",a81acc92a30b424b097a026df6ea189e,2026-09-11T11:27:50+00:00,2026-09-14T12:54:45.715741+00:00,905,cryptocurrency79
1277971,27206,"🚨 #LAB/USDT | LONG

⚡Leverage: Cross 50x

🎯Entry T... follow the signal and secure profits at targets.💎",0d0529b2a94d0712b36488eff2b5d529,2026-09-11T11:27:50+00:00,2026-09-14T12:54:45.601086+00:00,905,cryptocurrency79
1277992,27178,"#NIULAI/USDT BUY (LONG) 

⚡️Leverage : Cross 25x t....1420

⚠️Use only 3% - 5% amount of your portfolio",7dc2393c4c29948fb4e1de8d139fe09c,2026-09-11T11:27:49+00:00,2026-09-14T12:54:45.897945+00:00,905,cryptocurrency79
1277980,27181,"📈 LONG #NIULAI/USDT

🚀 LEVERAGE : 50x

📊 ENTRY PRI...8

TP🟢0.156

TP🟢0.165

STOPLOSS 🔴0.136

REACTIONS?",177160e2d0fa68f83d71ac521685d56d,2026-09-11T11:27:49+00:00,2026-09-14T12:54:45.715078+00:00,905,cryptocurrency79
1277938,27161,"#4USDT — BUY (LONG) 
🎉
🟢 Leverage: Cross  50x75

⚡...Risk Management:
Use only 2%– 3%of your portfolio.",38595dab214b1dd2c5d21627ef85ec3e,2026-09-11T11:27:16+00:00,2026-09-14T12:54:31.053274+00:00,905,cryptocurrency79
1277930,27166,"🚀 #FFUSDT SHORT SIGNAL 🚀

📌 ENTRY ➜ 0.1652

🎯 TAKE...ch this move together!

🔑 Trade Smart • Trade Safe",d23f64ac8b3773cb493d23ddda8f30b8,2026-09-11T11:27:16+00:00,2026-09-14T12:54:30.996635+00:00,905,cryptocurrency79
1277963,27135,"#LSK/USDT LONG     

👉Leverage : Cross 10× To 30×
...

1)  0.137
2)  0.142
3)  0.154

⭕Stoploss : 0.127",6e6e5c30ffce6a82d041b18d76d5a16b,2026-09-11T11:26:56+00:00,2026-09-14T12:54:31.242714+00:00,905,cryptocurrency79
1277902,27134,"💵 𝐒𝐈𝐆𝐍𝐀𝐋 𝐀𝐋𝐄𝐑𝐓 💵

#USELESS/USDT (25xSHORT)

✅ ENTR...TARGETS:-0.2010/0.1930/0.1820

❌ STOP LOSS: 0.2370",43717fdae603c28dc6980f83761b72c0,2026-09-11T11:26:56+00:00,2026-09-14T12:54:30.844419+00:00,905,cryptocurrency79
1277962,27133,"✅ Long

#ETC/USDT

Entry zone : 7.397 - 7.626

Tak...119
8.346
8.574

Stop loss :7.09218

Leverage: 10x",6ae1f2de3fecaed25a911cfe1edba815,2026-09-11T11:26:55+00:00,2026-09-14T12:54:31.224591+00:00,905,cryptocurrency79
1277918,27132,"🐳 NEWT/USDT #SHORT🐳

✳️ ENTRY :- 0.04120 - 0.04260...0.035

⛔️ STOP-LOSS :- 0.04430

☝️ Margin Use 2–3%",f4d04cf0931593546165a4a8d3c3b9d2,2026-09-11T11:26:55+00:00,2026-09-14T12:54:30.940229+00:00,905,cryptocurrency79
1277888,27131,"🟢 Long

#XMR/USDT

Entry : 

1) 503.74
2) 488.62

...538.20

🛑 Stop : 472.00

Leverage : 10x (isolated)",b1910470d3196bc6816d79a8f5739dcf,2026-09-11T11:26:55+00:00,2026-09-14T12:54:30.604243+00:00,905,cryptocurrency79
1277934,27121,"🚀 LONG: $MARSCOIN/USDT🚀
LEVERAGE: 20X-50X

🤍 ENTRY...30- 0.1430
—————

❌ STOP LOSS: 0.1040❌


REACTIONS",d967acd57f4e8f830f813afa7c1ccd27,2026-09-11T11:26:48+00:00,2026-09-14T12:54:31.011120+00:00,905,cryptocurrency79
1277924,27119,"Trade: #ENA/USDT

Direction: 📈 LONG 

🟢 Entry Rang...20
• Target 6: 0.1536

💠 Leverage : 5x - 10x - 20x",d9c4274fb7c6eb2fdb31f62937263959,2026-09-11T11:26:48+00:00,2026-09-14T12:54:30.970759+00:00,905,cryptocurrency79
1277921,27112,"#EVAA/USDT

📈Signal: long Leverage: Cross 50X

⚡️E...even after TP1 is hit.

🔈Trade Smart • Follow Risk",a3337ef5603740cd1ad8c21acaa2ecad,2026-09-11T11:26:48+00:00,2026-09-14T12:54:30.939382+00:00,905,cryptocurrency79
1277884,27115,"Coin #AKE /USDT

Position: LONG 

Leverage:  Cross...rgets: 🎯 0.0154, 0.0175, 0.0207

Stop Loss: 0.0122",9454b47cc463417ed3e4480041622432,2026-09-11T11:26:48+00:00,2026-09-14T12:54:30.542398+00:00,905,cryptocurrency79
1277882,27110,"#EVAA/USDT LONG     

👉Leverage : Cross 10× To 30×...  0.5285
2)  0.5440
3)  0.5700

⭕Stoploss : 0.4940",43dd2851d36eb30b3be03056abac1d10,2026-09-11T11:26:48+00:00,2026-09-14T12:54:30.484897+00:00,905,cryptocurrency79
1277883,27118,"#LONG 🟢🔤🔤🔤🔤🔤

#SEI/USDT

Margin Mode : Isolated 💎
...

🟥 SL : 0.04247 - 100%   

📊 LEV : 20X

🇯🇵Premium",187c736ee4115c8b111e686c154001f5,2026-09-11T11:26:48+00:00,2026-09-14T12:54:30.484046+00:00,905,cryptocurrency79
1277942,27097,"#NIULAI/USDT BUY (SHORT) 

⚡️Leverage : Cross 25x ....1310

⚠️Use only 3% - 5% amount of your portfolio",514e35d991d4f3fc6004930779579fdc,2026-09-11T11:26:47+00:00,2026-09-14T12:54:31.062511+00:00,905,cryptocurrency79
1277941,27089,"$LSK/USDT

SHORT SHORT SHORT 

IST ENTRY AT MARKET... 0.12608 - 0.12532 - 0.12447

16x Lev 

SL 0.13145",b38539b0df724b5783e2eb8f46e4932a,2026-09-11T11:26:47+00:00,2026-09-14T12:54:31.061916+00:00,905,cryptocurrency79
1277931,27090,"📊 Let’s LONG #DEXE/USDT

💥 Leverage:  Cross 20×  -...: 

1) 1.970
2) 2.035
3) 2.090

🔖 Stop Loss: 1.805",da23d718ce40208eb0305f7e7fe6f35e,2026-09-11T11:26:47+00:00,2026-09-14T12:54:31.006086+00:00,905,cryptocurrency79
1277915,27093,"📊 Let’s SHORT #LSK/USDT

💥 Leverage:  Cross 20×  -...1) 0.1240
2) 0.1190
3) 0.1120

🔖 Stop Loss: 0.1320",fe9f3b57587bd3455f3171bc54e7c895,2026-09-11T11:26:47+00:00,2026-09-14T12:54:30.931304+00:00,905,cryptocurrency79
1277900,27092,"📊 Let’s SHORT #LINK/USDT

💥 Leverage:  Cross 20×  ...1.2965
2) 11.1640
3) 10.9400

🔖 Stop Loss: 11.7650",8d99287528fb09ffa08018ee7a9a8553,2026-09-11T11:26:47+00:00,2026-09-14T12:54:30.802775+00:00,905,cryptocurrency79
1277894,27101,"📊 Let’s LONG #EVAA/USDT

💥 Leverage:  Cross 20×  -...1) 0.5286
2) 0.5450
3) 0.5700

🔖 Stop Loss: 0.4810",83be0115c900048fe1ccc5db90407356,2026-09-11T11:26:47+00:00,2026-09-14T12:54:30.679992+00:00,905,cryptocurrency79
1277899,27085,"#PTBUSDT — BUY (LONG) 
🎉
🟢 Leverage: Cross  50x75
...Risk Management:
Use only 2%– 3%of your portfolio.",d807c3fe058773e3f0c968c0a48ce16b,2026-09-11T11:26:46+00:00,2026-09-14T12:54:30.785957+00:00,905,cryptocurrency79
1277886,27088,"#DOTUSDT — BUY (LONG) 
🎉
🟢 Leverage: Cross  50x75
...Risk Management:
Use only 2%– 3%of your portfolio.",7a2288f387ac879bdef191ac85808a4b,2026-09-11T11:26:46+00:00,2026-09-14T12:54:30.593609+00:00,905,cryptocurrency79
1283874,27476,"✅ Long

Pair: #ATOM/USDT

📊 Entry Price: 

1) 1.67....754
4) 1.789

Stop Loss: 1.569

Leverage: 10x-20x",8fdcba3be5219ab1dd93ba0fdd47a5c1,2026-09-11T18:35:21+00:00,2026-09-14T14:13:05.737749+00:00,905,cryptocurrency79
1283841,27475,LAB LONG 0.06375 TP1 0.06500,e7486addea9105a563234283910b1421,2026-09-11T18:35:17+00:00,2026-09-14T14:13:05.446286+00:00,905,cryptocurrency79
1283876,27472,"🟢 Long

#DOT/USDT

Entry : 

1) 1.056400
2) 1.0247...8673

🛑 Stop : 0.989846

Leverage : 10x (isolated)",b6e4abcbc22392da567a48fd92980cc5,2026-09-11T18:35:16+00:00,2026-09-14T14:13:05.739383+00:00,905,cryptocurrency79
1283870,27474,"🚀 #LABUSDT LONG SIGNAL 🚀

📌 ENTRY ➜ 0.06375

🎯 TAK...ch this move together!

🔓 Trade Smart • Trade Safe",f370434978b01f0a2970b3a79b805c42,2026-09-11T18:35:16+00:00,2026-09-14T14:13:05.717414+00:00,905,cryptocurrency79
1283865,27458,"🚨 #LAB/USDT | LONG

⚡Leverage: Cross 50x

🎯Entry T... follow the signal and secure profits at targets.💎",4433168da5f47480761a9ade4d5c129e,2026-09-11T18:35:15+00:00,2026-09-14T14:13:05.699201+00:00,905,cryptocurrency79
1283844,27457,"#LABUSDT — BUY (LONG) 
🎉
🟢 Leverage: Cross  50x75
...Risk Management:
Use only 2%– 3%of your portfolio.",c793d470fd980edf762d1cfc532d9ea6,2026-09-11T18:35:15+00:00,2026-09-14T14:13:05.460763+00:00,905,cryptocurrency79
1283854,27428,"⭐️$NIULAI/USDT  LONG

🛡Leverage : Cross 25x50

‼️E....09974

Use only 3% - 5% amount of your portfolio🛍",0868c399a24632a3473b55212af80363,2026-09-11T18:34:39+00:00,2026-09-14T14:13:05.569823+00:00,905,cryptocurrency79
1283863,27422,"EXCHANGE/BYBIT/BITUNIX/OKX📌 


DAY TRADE 🏆

LONG/F...agement 🏆


Use only 5% of your 📈Available balance",0bc1e07dce99a0317005e2214436da17,2026-09-11T18:34:16+00:00,2026-09-14T14:13:05.689034+00:00,905,cryptocurrency79
1283842,27418,"🔰 PAIR: CRV/ USDT 💹

🟢Position: LONG🚀

☑️ Entry Zo...584
🥉 0.3625

❌ Stop Loss: 🔴0.3470

💎 VIP Signals✨",6849cac8ea36c15626579103a09e75d9,2026-09-11T18:34:15+00:00,2026-09-14T14:13:05.450972+00:00,905,cryptocurrency79
1283808,27357,"🚀 #XANUSDT LONG SIGNAL 🚀

📌 ENTRY ➜ 0.01174

🎯 TAK...ch this move together!

🔓 Trade Smart • Trade Safe",d9925c83f257463d6f304bcd6aa88568,2026-09-11T18:32:23+00:00,2026-09-14T14:12:48.199529+00:00,905,cryptocurrency79
1283789,27356,"🚨 NEW TRADE SIGNAL 🚨

📊 ETH/USDT — LONG 

📍 ENTRY:...Manage your risk & trade responsibly.

🔥 LET’S GO!",26977d223a15b6d5778c2e8980fe7c16,2026-09-11T18:32:23+00:00,2026-09-14T14:12:48.001785+00:00,905,cryptocurrency79
1283767,27355,"🌈PAIR:- #ETH/USDT
⚡️ Direction : LONG
🛠 Leverage: ...nt Usage:- 1 - 2%
(According To your Risk Setting)",934d88f7fb3b129265d1123eec750fb6,2026-09-11T18:32:22+00:00,2026-09-14T14:12:47.915728+00:00,905,cryptocurrency79
1283763,27351,"ETH / USDT 

SHORT SHORT SHORT 

IST ENTRY AT MARKET PRICE 

TP 2600 , 2590

SL 2680

20x Leverage",f35459a70b83b4110ea87a5736cb187f,2026-09-11T18:32:22+00:00,2026-09-14T14:12:47.878935+00:00,905,cryptocurrency79
1283773,27336,"🚨 NEW TRADE SIGNAL 🚨

📊 USELESS/USDT — LONG 

📍 EN...Manage your risk & trade responsibly.

🔥 LET’S GO!",ea4f353aec122b4a5e246e3447f275d9,2026-09-11T18:30:55+00:00,2026-09-14T14:12:47.933877+00:00,905,cryptocurrency79
1283758,27331,"#USELESS/USDT

📈Signal: long Leverage: Cross 50X

...even after TP1 is hit.

📣Trade Smart • Follow Risk",3830f4220c4c90b99eea89d183a05c1e,2026-09-11T18:30:48+00:00,2026-09-14T14:12:47.794507+00:00,905,cryptocurrency79
1283751,27332,"⭐ FF /USDT — LONG

💵 ENTRY: 0.16400-0.15000

⚙️ LE...o

📌 Follow the setup and manage your risk wisely.",8ac37ae37d7ce88519043a0428b15c41,2026-09-11T18:30:48+00:00,2026-09-14T14:12:47.469486+00:00,905,cryptocurrency79
1283796,27328,"#THETA/ USDT — BUY (LONG) 
Leverage: Cross 25x – 5...T IS KEY
👉 Use ONLY 2 – 3% of your total portfolio",ee157bed2280bd93defc06128b050be5,2026-09-11T18:30:47+00:00,2026-09-14T14:12:48.011131+00:00,905,cryptocurrency79
1283766,27330,"💵 𝐒𝐈𝐆𝐍𝐀𝐋 𝐀𝐋𝐄𝐑𝐓 💵

#AIO/USDT (25xSHORT)

✅ ENTRY:0....TARGETS:-0.03950/0.03750/0.034

❌ STOP LOSS: 0.046",b0cc64e8d8b69d1d3beecb5a43aa87cf,2026-09-11T18:30:47+00:00,2026-09-14T14:12:47.914774+00:00,905,cryptocurrency79
1283752,27329,"#LONG 🟢🔤🔤🔤🔤🔤

#STX/USDT

Margin Mode : Isolated 💎
...6

🟥 SL : 0.2484 - 100%   

📊 LEV : 20X

🇯🇵Premium",a6521b82cd1ff4e42b704229442cbba9,2026-09-11T18:30:47+00:00,2026-09-14T14:12:47.605996+00:00,905,cryptocurrency79
1283759,27320,"#MARSCOIN/ USDT — BUY (LONG) 
Leverage: Cross 25x ...T IS KEY
👉 Use ONLY 2 – 3% of your total portfolio",6f7e6d36cc2d1bc9b00dd7401c5ece76,2026-09-11T18:30:42+00:00,2026-09-14T14:12:47.803707+00:00,905,cryptocurrency79
1283756,27324,"#MAGMA/USDT

📈Signal: long Leverage: Cross 50X

⚡️...even after TP1 is hit.

📣Trade Smart • Follow Risk",a65f4f7dd727ae6f3c409918076237ff,2026-09-11T18:30:42+00:00,2026-09-14T14:12:47.789742+00:00,905,cryptocurrency79
1283746,27321,"$SOL SHORT (100x) ⚡️

ENTRY : 101👍

TARGETS PRICE:...9.60
2⃣ 98.00
3️⃣ 96.00
🤩 93.38

⛔️STOP LOSS : 108",c44f29ccbbd254d0f97338c731f5c49e,2026-09-11T18:30:42+00:00,2026-09-14T14:12:47.311399+00:00,905,cryptocurrency79
1283737,27325,"⭐ RAY /USDT — LONG

💵 ENTRY: 1.6090-1.5500

⚙️ LEV...o

📌 Follow the setup and manage your risk wisely.",9e65d0723304d258d80c15f4d861f62b,2026-09-11T18:30:42+00:00,2026-09-14T14:12:47.191123+00:00,905,cryptocurrency79
1283776,27314,"📊 Let’s LONG #MAGMA/USDT

💥 Leverage:  Cross 20×  ...1) 0.2575
2) 0.2660
3) 0.2780

🔖 Stop Loss: 0.2360",477227ec3ece86817fa5f8354e8050ae,2026-09-11T18:30:41+00:00,2026-09-14T14:12:47.946845+00:00,905,cryptocurrency79
1283761,27304,"ETH/USD SELL 

Entry : $ 2501

Target1: $  2482
Target2: $  2442
Target3: $  2414


SL : $ 2539",9606fda8a195f00a1e7cf5028ad3a934,2026-09-11T18:30:41+00:00,2026-09-14T14:12:47.823174+00:00,905,cryptocurrency79
1283736,27316,"📈 LONG #NIULAI/USDT

🚀 LEVERAGE : 50x

📊 ENTRY PRI...3

TP🟢0.148

TP🟢0.154

STOPLOSS 🔴0.133

REACTIONS?",b4c7b82d7152f0753e9be608c1fa702a,2026-09-11T18:30:41+00:00,2026-09-14T14:12:47.188166+00:00,905,cryptocurrency79
1288681,27721,"🛎️ Trade: #SOMI/USDT

Direction: 📈 LONG 

🟢 Entry ...74
• Target 6: 0.1589

💠 Leverage : 5x - 10x - 20x",2c465f60c9b39ddde3f0380afe0da8bc,2026-09-12T13:00:14+00:00,2026-09-14T15:34:20.077125+00:00,905,cryptocurrency79
1288652,27718,"🚨 #AKE/USDT | SHORT

⚡Leverage: Cross 50x

🎯Entry ... follow the signal and secure profits at targets.💎",c99bcc647e0b04016b1d06dcfa12501c,2026-09-12T13:00:14+00:00,2026-09-14T15:34:19.971469+00:00,905,cryptocurrency79
1288628,27651,$NIULAI/USDT LONG NOW 0.1395,f5d14e801c1fbf2e58b60bc7578e9b0f,2026-09-12T12:58:55+00:00,2026-09-14T15:34:19.596646+00:00,905,cryptocurrency79
1288612,27616,"🔴 Short

Pair: #ZIL/USDT

📊 Entry Price: 

1) 0.00...0.0025401

Stop Loss: 0.0029009

Leverage: 10x-20x",7d694ac8dfab6c2b3f6aba60c5d89b48,2026-09-12T12:36:47+00:00,2026-09-14T15:34:18.326305+00:00,905,cryptocurrency79
1288611,27617,"🚀 LONG: $MINA/USDT🚀
LEVERAGE: 20X-50X

🤍 ENTRY PRI...0- 0.1280
—————

❌ STOP LOSS: 0.09280❌


REACTIONS",be649a50cc972741fd6c06955683d3c4,2026-09-12T12:36:47+00:00,2026-09-14T15:34:18.276219+00:00,905,cryptocurrency79
1288610,27615,"💵 𝐒𝐈𝐆𝐍𝐀𝐋 𝐀𝐋𝐄𝐑𝐓 💵

#RIVER/USDT (25xLONG)

✅ ENTRY:1...2/1.36

TARGETS:-1.47/1.54/1.63

❌ STOP LOSS: 1.21",bfc1e5273c0fd767fecf18d4bdbdfae4,2026-09-12T12:36:47+00:00,2026-09-14T15:34:18.197552+00:00,905,cryptocurrency79
1288593,27613,"📊 #MINA/USDT

🟢 POSITION: LONG

💰 ENTRY RANGE
➤ 0....
➤ 0.092

━━━━━━━━━━━━━━━━━━

✅ Manage risk wisely",eaae9f373b0c6557a34a7e0a03993c65,2026-09-12T12:36:47+00:00,2026-09-14T15:34:02.619595+00:00,905,cryptocurrency79
1288588,27614,"$PUNDIX/USDT #LONG📩

✅ENTRY :-0.1080/0.1030

Targe...𝐎𝐧𝐥𝐲 𝟏-𝟑% 𝐎𝐟 𝐎𝐮𝐫 𝐃𝐞𝐩𝐨𝐬𝐢𝐭 𝐅𝐨𝐫 𝐄𝐚𝐜𝐡 𝐓𝐫𝐚𝐝𝐞

React,??m",250ddf1b56bb194a3ab6ba1131f00c44,2026-09-12T12:36:47+00:00,2026-09-14T15:34:02.535464+00:00,905,cryptocurrency79
1288569,27605,"🔶VIP LONG SETUP — VTHO/USDT 🔔

Entry: 0.0005580

🗝...Market conditions can change quickly—stay flexible",bfc067b62b307035c2c2ea1450082e1c,2026-09-12T12:36:40+00:00,2026-09-14T15:34:02.417786+00:00,905,cryptocurrency79
1288567,27610,"🪙 Coin: #MINA/USDT
🧭 Type: #LONG

📈 Entry Zone:
0.... within the zone and maintain strict risk control.",a6bfb53c23692265af8f4c6131361b9b,2026-09-12T12:36:40+00:00,2026-09-14T15:34:02.400646+00:00,905,cryptocurrency79
1288557,27606,"📍Coin : #1000BONK/USDT

🟢 LONG 

👉 Entry: 0.002780....002922
🎯 Target 6: 0.002951

❌ StopLoss: 0.002595",d93463efe18982e82cb74d80466e8ae2,2026-09-12T12:36:40+00:00,2026-09-14T15:34:02.251024+00:00,905,cryptocurrency79
1288596,27586,"#LSK/USDT LONG     

👉Leverage : Cross 10× To 30×
...

1)  0.221
2)  0.233
3)  0.257

⭕Stoploss : 0.204",4c3bdbf9a88e71b3a8d8540ae7536793,2026-09-12T12:36:39+00:00,2026-09-14T15:34:02.674381+00:00,905,cryptocurrency79
1288587,27584,"⌛#JUP/USDT  ( SHORT )

🍁 Leverage 👉 20X to 25X 

⛩...63 | 0.2339 | 0.2311 | 0.2288

🔕 Stoploss = 0.2527",eae39ec16292cd671bb647543ef05a8e,2026-09-12T12:36:39+00:00,2026-09-14T15:34:02.531113+00:00,905,cryptocurrency79
1288583,27600,"🚀 $LSK/USDT PERP 🚀

🟢 LONG

💰 Entry : 0.205$ – 0.1... 5X – 25X

⛔️ SL : 0.145$

📌 Use Only 2-5% Capital",1c64ae17624bc34ce635bdca9e32cbb9,2026-09-12T12:36:39+00:00,2026-09-14T15:34:02.522326+00:00,905,cryptocurrency79
1288574,27597,"Coin #BEAT /USDT

Position: LONG 

Leverage:  Cros...rgets: 🎯 0.0970, 0.1010, 0.1050

Stop Loss: 0.0850",527bc9e7b86bf99ef61de91b351eae3f,2026-09-12T12:36:39+00:00,2026-09-14T15:34:02.498538+00:00,905,cryptocurrency79
1288570,27591,"🚀 $LSK/USDT PERP 🚀

🟢 LONG

💰 Entry : 0.205$ – 0.1... 5X – 25X

⛔️ SL : 0.145$

📌 Use Only 2-5% Capital",1c64ae17624bc34ce635bdca9e32cbb9,2026-09-12T12:36:39+00:00,2026-09-14T15:34:02.476469+00:00,905,cryptocurrency79
1288563,27603,"🌹 #PUNDIX/USDT

🟢 LONG

✅ Entry: 0.113- 0.1096

❌ ...l advice.
💰 Stay disciplined. Protect your capital",c634b554599b326c657ca976d1252215,2026-09-12T12:36:39+00:00,2026-09-14T15:34:02.386919+00:00,905,cryptocurrency79
1288609,27575,"#ETHFIUSDT — BUY (LONG) 
🎉
🟢 Leverage: Cross  50x7...Risk Management:
Use only 2%– 3%of your portfolio.",6a7344cd2e5d3c1d3b4e62670498c52a,2026-09-12T12:36:38+00:00,2026-09-14T15:34:02.762768+00:00,905,cryptocurrency79
1288599,27578,"📊 4/USDT — LONG 

📍 ENTRY: CMP

🎯 TARGET 1: 0.27
🎯...Manage your risk & trade responsibly.

🔥 LET’S GO!",ced1637b7a25e97da6ed9359bf9cda74,2026-09-12T12:36:38+00:00,2026-09-14T15:34:02.697446+00:00,905,cryptocurrency79
1288597,27582,"Coin #PUNDIX /USDT

Position: LONG 

Leverage:  Cr...rgets: 🎯 0.1150, 0.1180, 0.1220

Stop Loss: 0.1060",8325124c3472a90ec577edda42e35193,2026-09-12T12:36:38+00:00,2026-09-14T15:34:02.681329+00:00,905,cryptocurrency79
1288589,27577,"#SOMIUSDT — BUY (LONG) 
🎉
🟢 Leverage: Cross  50x75...Risk Management:
Use only 2%– 3%of your portfolio.",51a96770f3e7386c95ff4e47f67e571e,2026-09-12T12:36:38+00:00,2026-09-14T15:34:02.547065+00:00,905,cryptocurrency79
1288571,27573,"📊 Let’s SHORT #MARSCOIN/USDT

💥 Leverage:  Cross 2...1) 0.1020
2) 0.0960
3) 0.0850

🔖 Stop Loss: 0.1255",1141975a2024685ef5217361e118f3f9,2026-09-12T12:36:38+00:00,2026-09-14T15:34:02.482252+00:00,905,cryptocurrency79
1296519,28132,"🚨 #LSK/USDT | LONG

⚡Leverage: Cross 50x

🎯Entry T... follow the signal and secure profits at targets.💎",853cc73f7e4b0396f1bad4db25024313,2026-09-13T17:24:54+00:00,2026-09-14T18:16:25.615287+00:00,905,cryptocurrency79
1296518,28136,"$AR buying Setup 

Entry : CMP till  2.619 
TP: 3.... 30% now $AR time both same category coins storage",c4a8bd319ce2f9210a84b1008ad946be,2026-09-13T17:24:54+00:00,2026-09-14T18:16:25.611278+00:00,905,cryptocurrency79
1296490,28130,"$CVC

OPEN SHORT NOW

TP (0.03300-0.03100)

SL (0.04272)",68fbf8876fbb2f7177b5ac2af061e8a4,2026-09-13T17:24:53+00:00,2026-09-14T18:16:25.465696+00:00,905,cryptocurrency79
1296517,28111,"🚨 #PUNDIX/USDT | SHORT

⚡Leverage: Cross 50x

🎯Ent... follow the signal and secure profits at targets.💎",62f9590cc34c770cc311a0a3214db5bc,2026-09-13T17:04:47+00:00,2026-09-14T18:16:25.612151+00:00,905,cryptocurrency79
1296510,28114,"🚨 #VTHO/USDT | SHORT

⚡Leverage: Cross 50x

🎯Entry... follow the signal and secure profits at targets.💎",fa97a4b1da92edaa7114cf05ecb3f449,2026-09-13T17:04:47+00:00,2026-09-14T18:16:25.569066+00:00,905,cryptocurrency79
1296485,28091,"☄️ VIP PREMIUM GROUP 

 🪙#CVC/USDT

🚩POSITION — LO...0.04470
TP🥉: 0.04700

⛔️ SL: 0.03800

🔥REACTIONS?😜",d39275943720e11d0149c4cefb259358,2026-09-13T15:44:52+00:00,2026-09-14T18:16:25.431324+00:00,905,cryptocurrency79
1296469,28046,"⭐️$LSK/USDT  LONG

🛡Leverage : Cross 25x50

‼️Entr....60550

Use only 3% - 5% amount of your portfolio🛍",d063fa3998dcd36b0ae7b902e8d03773,2026-09-13T15:10:11+00:00,2026-09-14T18:16:25.250111+00:00,905,cryptocurrency79
1296457,28045,"🔴 SHORT

#IOTA/USDT

Entry : 

1) 0.041460
2) 0.04...8591

🛑 Stop : 0.044071

Leverage : 10x (isolated)",cfcb53ab41c1db3549095315dddfb893,2026-09-13T15:10:11+00:00,2026-09-14T18:16:25.204163+00:00,905,cryptocurrency79
1296455,28047,"🚀 #BIGTIMEUSDT LONG SIGNAL 🚀

📌 ENTRY ➜ 0.007818

...ch this move together!

🔓 Trade Smart • Trade Safe",f620db6e7a0bad2cf367e6d8fc079c18,2026-09-13T15:10:11+00:00,2026-09-14T18:16:25.191120+00:00,905,cryptocurrency79
1296497,28039,"Pair: #NEAR/USDT

Short • (25X)

Entry
2.295 - 2.3...t your own risk. Always use proper risk management",233decbdf527c866f6f20f497efcc7ba,2026-09-13T15:10:10+00:00,2026-09-14T18:16:25.499655+00:00,905,cryptocurrency79
1296476,28043,"💫 Pair: INJ/USDT  💫

🔼 Direction: Long 🔼

✅ Levera...
📈 Take Profit: 6.60 📈

⚠️ Stop Loss: 5.700 ⚠️

📈📈",7e159dd7d08312935ed54b2fdb9aab20,2026-09-13T15:10:10+00:00,2026-09-14T18:16:25.282516+00:00,905,cryptocurrency79
1296446,28038,"Pair: #CATI/USDT

Short • (5X)

Entry
0.07010 - 0....t your own risk. Always use proper risk management",4ac5a540a1da6fc4502fa4ad764cf2b7,2026-09-13T15:10:10+00:00,2026-09-14T18:16:11.853955+00:00,905,cryptocurrency79
1296444,28031,CVCUSDT SHORT NOW,9d2c6dc8bc2d6438e33b1cb0badfacac,2026-09-13T15:10:09+00:00,2026-09-14T18:16:11.838505+00:00,905,cryptocurrency79
1296443,28029,"#WLD $WLD LONG TRADE

ENTRY: 0.396

TARGET: 0.427

STOPLOSS: 0.388",ac16c173d0de1d4cbfd5fc0c1372316e,2026-09-13T15:10:09+00:00,2026-09-14T18:16:11.836760+00:00,905,cryptocurrency79
1296403,28032,"⭐️$CVC/USDT  SHORT

🛡Leverage : Cross 25x50

‼️Ent....04528

Use only 3% - 5% amount of your portfolio🛍",0bf9b89c891b3d7eb37fcc9e2fca9cae,2026-09-13T15:10:09+00:00,2026-09-14T18:16:11.586610+00:00,905,cryptocurrency79
1296394,28030,"🪙#CVC/USDT

🚩POSITION — LONG

🔒  LEVERAGE — 20X75
...0.04470
TP🥉: 0.04700

⛔️ SL: 0.03800

🔥REACTIONS?😜",96aa1d49fe936dbfcd06df6339b91175,2026-09-13T15:10:09+00:00,2026-09-14T18:16:11.543726+00:00,905,cryptocurrency79
1296387,28028,"💰#BERA/ USDT👑

💎Setup Type: Strong LONG  🔖Opportun...

🥉TP ➝ 0.2500

4️⃣TP ➝ 0.3200

🚫Stop Loss: 0.1600",d73760f0298f0bab74a41101d4d4344c,2026-09-13T15:10:09+00:00,2026-09-14T18:16:11.513132+00:00,905,cryptocurrency79
1296406,27992,"#REZ/ USDT — BUY (LONG) 
Leverage: Cross 25x – 50x...T IS KEY
👉 Use ONLY 2 – 3% of your total portfolio",239da11f66ece09e93d4e65645b2f709,2026-09-13T14:12:44+00:00,2026-09-14T18:16:11.601393+00:00,905,cryptocurrency79
1296416,27986,"#PUNDIXUSDT — BUY (LONG) 
🎉
🟢 Leverage: Cross  50x...Risk Management:
Use only 2%– 3%of your portfolio.",8b3db68effc3005b70eff5ee0f2c332d,2026-09-13T14:12:43+00:00,2026-09-14T18:16:11.621901+00:00,905,cryptocurrency79
1296404,27990,"⭐️$STEEM/USDT  SHORT

🛡Leverage : Cross 25x50

‼️E....08723

Use only 3% - 5% amount of your portfolio🛍",6bba5333fea0bf5cf6e86b9a3dec2fd3,2026-09-13T14:12:43+00:00,2026-09-14T18:16:11.587818+00:00,905,cryptocurrency79
1296396,27983,"#AVA/ USDT — BUY (LONG) 
Leverage: Cross 25x – 50x...T IS KEY
👉 Use ONLY 2 – 3% of your total portfolio",261708546a631725ef7e3eef5306e2bd,2026-09-13T14:12:43+00:00,2026-09-14T18:16:11.557864+00:00,905,cryptocurrency79
1296415,27967,"⚡️⚡️ #LSK/USDT️️️️⚡️️⚡️
SIGNAL Type: Regular (LONG...op: Breakeven -
  Trigger: Target (1)

NO REACTS 🔥",aeec22b7492f468bc777baf13ab10ab2,2026-09-13T10:52:44+00:00,2026-09-14T18:16:11.621006+00:00,905,cryptocurrency79
1296374,27957,"⚡️⚡️ #STEEM/USDT️️️️⚡️️⚡️
SIGNAL Type: Regular (LO...op: Breakeven -
  Trigger: Target (1)

NO REACTS 🔥",a311b7a04ccae91558400526985ce8ef,2026-09-13T10:52:24+00:00,2026-09-14T18:16:10.969910+00:00,905,cryptocurrency79
1296442,27948,"💎 #Free Signal

🔴 Short

Pair: #KAVA/USDT

📊 Entry...) 0.074828

Stop Loss: 0.085454

Leverage: 10x-20x",2751a1b684936def020f0739d8bcd47d,2026-09-13T10:51:59+00:00,2026-09-14T18:16:11.836067+00:00,905,cryptocurrency79
1292592,27841,"🚨 #GRIFFAIN/USDT | LONG

⚡Leverage: Cross 50x

🎯En... follow the signal and secure profits at targets.💎",6360dc9810fe3e3045e27562c826d33d,2026-09-12T17:15:42+00:00,2026-09-14T16:56:26.687015+00:00,905,cryptocurrency79
1292641,27833,"🚨 #UNI/USDT | LONG

⚡Leverage: Cross 50x

🎯Entry T... follow the signal and secure profits at targets.💎",ab11cd2e324d9379fc30a93c807afe75,2026-09-12T17:15:41+00:00,2026-09-14T16:56:27.674284+00:00,905,cryptocurrency79
1292588,27838,"🚨 #LSK/USDT | LONG

⚡Leverage: Cross 50x

🎯Entry T... follow the signal and secure profits at targets.💎",0359bc7d5e5a65b9b27bb86baa6f0250,2026-09-12T17:15:41+00:00,2026-09-14T16:56:26.573097+00:00,905,cryptocurrency79
1292578,27820,"🔶VIP LONG SETUP — POWR/USDT 🔔

Entry: 0.04950

🗝️ ...Market conditions can change quickly—stay flexible",20af22b1b4ae046ed9485ffcdeac9cf0,2026-09-12T17:15:40+00:00,2026-09-14T16:56:13.911483+00:00,905,cryptocurrency79
1292571,27817,"🔶VIP LONG SETUP — BERA/USDT 🔔

Entry: 0.1686

🗝️ T...Market conditions can change quickly—stay flexible",e47566d2fe7fee44bdbd7f6d0604df6a,2026-09-12T17:15:40+00:00,2026-09-14T16:56:13.832409+00:00,905,cryptocurrency79
1292563,27813,"🔶VIP LONG SETUP — LSK/USDT 🔔

Entry: 0.12142

🗝️ T...Market conditions can change quickly—stay flexible",87d7c8647597e7f1c4fe778050010493,2026-09-12T17:15:40+00:00,2026-09-14T16:56:13.693966+00:00,905,cryptocurrency79
1292570,27776,"🔴 SHORT

#KAVA/USDT

Entry : 

1) 0.070910
2) 0.07...6004

🛑 Stop : 0.075377

Leverage : 10x (isolated)",7995d9d94ca0ff76e711218d5c3a61a6,2026-09-12T13:43:25+00:00,2026-09-14T16:56:13.768346+00:00,905,cryptocurrency79
1292562,27775,"🚀 #JCTUSDT LONG SIGNAL 🚀

📌 ENTRY ➜ 0.001584

🎯 TA...ch this move together!

🔓 Trade Smart • Trade Safe",beb3670759459e6648c24abdae9b7015,2026-09-12T13:43:25+00:00,2026-09-14T16:56:13.691089+00:00,905,cryptocurrency79
1292547,27777,"📈 LONG #LSK/USDT

🚀 LEVERAGE : 50x

📊 ENTRY PRICE ...7

TP🟢0.234

TP🟢0.246

STOPLOSS 🔴0.210

REACTIONS?",7bad34ae1d6f0e18b1ef3e6bd0d0e690,2026-09-12T13:43:25+00:00,2026-09-14T16:56:13.596110+00:00,905,cryptocurrency79
1292522,27774,"🚀 #OPENUSDT LONG SIGNAL 🚀

📌 ENTRY ➜ 0.1328

🎯 TAK...ch this move together!

🔓 Trade Smart • Trade Safe",73942b547784cc806a4644a6f6406e6a,2026-09-12T13:43:25+00:00,2026-09-14T16:56:13.361254+00:00,905,cryptocurrency79
1292533,27762,"🚨 #UNI/USDT | LONG

⚡Leverage: Cross 50x

🎯Entry T... follow the signal and secure profits at targets.💎",ab11cd2e324d9379fc30a93c807afe75,2026-09-12T13:43:24+00:00,2026-09-14T16:56:13.405206+00:00,905,cryptocurrency79
1292525,27765,"#LAB/ USDT — BUY (LONG) 
Leverage: Cross 25x – 50x...T IS KEY
👉 Use ONLY 2 – 3% of your total portfolio",386700c60541754c484189c0fc08ef91,2026-09-12T13:43:24+00:00,2026-09-14T16:56:13.369209+00:00,905,cryptocurrency79
1292539,27747,"#ACE | SHORT SETUP

💰 Entry: $0.15993

🎯 Target1: ...t4: $0.15385
🎯 Target5: $0.15161

🛡 STOP: $0.16793",46d72ecb540d421aedad3ef51ae77279,2026-09-12T13:00:21+00:00,2026-09-14T16:56:13.463546+00:00,905,cryptocurrency79
1292514,27746,"#FLOCK/USDT

📈Signal: long Leverage: Cross 20X

⚡️...even after TP1 is hit.

📣Trade Smart • Follow Risk",d7123575ad8d00d06c657595a37814a5,2026-09-12T13:00:21+00:00,2026-09-14T16:56:13.245698+00:00,905,cryptocurrency79
1292521,27744,"📊#UAI/USDT — LONG

⚡️ Leverage : 10X – 30X

💹Entry...Entry After TP1

⚖️ Follow Proper Risk Management.",293a56064d13bba6c1d7e922aa07987a,2026-09-12T13:00:20+00:00,2026-09-14T16:56:13.354633+00:00,905,cryptocurrency79
1292519,27745,"🚀 #SOPHUSDT LONG SIGNAL 🚀

📌 ENTRY ➜ 0.004813

🎯 T...ch this move together!

🔓 Trade Smart • Trade Safe",a11887d9b739d041a4e902f809332a23,2026-09-12T13:00:20+00:00,2026-09-14T16:56:13.308656+00:00,905,cryptocurrency79
1292529,27741,"🟢HYPE/USDT My Long Trade 

Leverage 75X

Entry Poi...0.500

Stop Loss   78.500

Follow Money Management",d1947827b3108fc8da9ddd6279dab953,2026-09-12T13:00:16+00:00,2026-09-14T16:56:13.374917+00:00,905,cryptocurrency79
1292528,27739,"💫 Pair: USELESS/USDT  💫

🔼 Direction: Long 🔼

✅ Le...Take Profit: 0.2650 📈

⚠️ Stop Loss: 0.2120 ⚠️

📈📈",caeaddeda9be8cecab58a1ae071fe0dd,2026-09-12T13:00:16+00:00,2026-09-14T16:56:13.372158+00:00,905,cryptocurrency79
1292515,27742,"🔘 Coin : #4/USDT 🔘

🔴 SHORT

🔺Entry🔻: 0.022931

⭐️... 0.021783

♦️ StopLoss : 0.023718

🔱 Leverage: 25x",4a0ae642e63c836b0413981945e151fd,2026-09-12T13:00:16+00:00,2026-09-14T16:56:13.247417+00:00,905,cryptocurrency79
1292513,27740,SOPH LONG 0.004813 TP1 0.004915,8b6dbb1f565e11137d4061b16072cddc,2026-09-12T13:00:16+00:00,2026-09-14T16:56:13.159188+00:00,905,cryptocurrency79
1292512,27738,"Coin #MOVR/USDT

Position: LONG 

Leverage:  Cross...0.77

Targets: 🎯 0.81, 0.83, 0.85

Stop Loss: 0.75",cb3c4d988670584cbc8e3859318e6afc,2026-09-12T13:00:15+00:00,2026-09-14T16:56:13.048672+00:00,905,cryptocurrency79
1292511,27731,"⭐ LSK /USDT — SHORT

💵 ENTRY: 0.02200-0.02300

⚙️ ...o

📌 Follow the setup and manage your risk wisely.",f4cd5bb71a97f7cfb0af81faa670fcbe,2026-09-12T13:00:14+00:00,2026-09-14T16:56:12.917582+00:00,905,cryptocurrency79
1292509,27732,"↗️ LONG #LAB 50x

📌 Entry: 0.07450

🎯 TP: 0.07600
...t Usage: 1-3%
⚠️ According to your risk management",9984872fb163c117673e200c0d4a2a8e,2026-09-12T13:00:14+00:00,2026-09-14T16:56:12.865280+00:00,905,cryptocurrency79
1292507,27730,Short lsk now,0c4b759346bf6b7ffa6ad38cf96d3d0d,2026-09-12T13:00:14+00:00,2026-09-14T16:56:12.748905+00:00,905,cryptocurrency79
1292506,27725,"⭐️$LSK/USDT  SHORT

🛡Leverage : Cross 25x50

‼️Ent....24729

Use only 3% - 5% amount of your portfolio🛍",0eb13ac447b1af7dbc62cbe163089a86,2026-09-12T13:00:14+00:00,2026-09-14T16:56:12.690699+00:00,905,cryptocurrency79
1292505,27724,LSKUSDT SHORT NOW,500bece0a648b9bb1c188bb449aedb6f,2026-09-12T13:00:14+00:00,2026-09-14T16:56:12.582769+00:00,905,cryptocurrency79
1298386,28270,"Coin #POWER/USDT

Position: SHORT 

Leverage:  Cro...rgets: 🎯 0.1130, 0.1100, 0.1070

Stop Loss: 0.1220",b606f4727e6ba499adca1894f7b46b8a,2026-09-14T08:33:02+00:00,2026-09-14T19:35:45.647551+00:00,905,cryptocurrency79
1298367,28268,"🟢 Long

#BAT/USDT

Entry : 

1) 0.076840
2) 0.0745...2097

🛑 Stop : 0.071999

Leverage : 10x (isolated)",935fa1a6aba9b2815bd17c2f2657700b,2026-09-14T08:33:02+00:00,2026-09-14T19:35:45.599771+00:00,905,cryptocurrency79
1298354,28267,"⚡ #DOT/USDT

📤 Long 

💹 Buy: 1.0180 - 0.9900

🧿 Ta...620 - 1.0730

🧨 StopLoss: 0.9700 

🔘 Leverage: 20x",fccce62b3784c57b3413702d7c9418c8,2026-09-14T08:33:02+00:00,2026-09-14T19:35:45.354741+00:00,905,cryptocurrency79
1298353,28266,"#POWER/USDT SHORT     

👉Leverage : Cross 10× To 3...

1)  0.110
2)  0.100
3)  0.097

⭕Stoploss : 0.125",09378194ca0432ae10cd16a30a6c039d,2026-09-14T08:33:02+00:00,2026-09-14T19:35:45.352423+00:00,905,cryptocurrency79
1298351,28269,"🚀 SHORT: $VTHO/USDT🚀
LEVERAGE: 20X-50X

🤍 ENTRY PR...0.00065
—————

❌ STOP LOSS: 0.0008660❌


REACTIONS",118ad76340b291280e8f137eb7dc635f,2026-09-14T08:33:02+00:00,2026-09-14T19:35:45.346731+00:00,905,cryptocurrency79
1298342,28221,"#AIN/USDT SHORT     

👉Leverage : Cross 10× To 30×...1)  0.1040
2)  0.0970
3)  0.0870

⭕Stoploss : 0.12",34e07cb8b75e4672b9d65412fd0bb586,2026-09-14T08:32:55+00:00,2026-09-14T19:35:32.533058+00:00,905,cryptocurrency79
1298331,28222,"#BR/USDT

 SHORT

Leverage: Cross (50X) 
Amount: 2...iguration:
Stop: Breakeven -
  Trigger: Target (1)",ef82f02426226c0cca8bf2e609602af8,2026-09-14T08:32:55+00:00,2026-09-14T19:35:32.489935+00:00,905,cryptocurrency79
1298326,28220,"#CVC/ USDT — BUY (LONG) 
Leverage: Cross 25x – 50x...T IS KEY
👉 Use ONLY 2 – 3% of your total portfolio",1b2048f10da1774973de39a83309f90a,2026-09-14T08:32:55+00:00,2026-09-14T19:35:32.478414+00:00,905,cryptocurrency79
1298324,28219,"#MTL/USDT SHORT     

👉Leverage : Cross 10× To 30×...t

1)  0.380
2)  0.365
3)  0.349

⭕Stoploss : 0.41",ecbcf7980fd9de715c3968aecc68d7b8,2026-09-14T08:32:55+00:00,2026-09-14T19:35:32.473857+00:00,905,cryptocurrency79
1298323,28224,"🔴 SHORT MTL/USDT

CROSS/LEVERAGE 50X

ENTRY: 0.410...
USE UR RISK MANAGEMENT!! 

PATIENT IS THE KEY 🐒🐒🐒",3274a5883469d035b5ef7db7f6725adb,2026-09-14T08:32:55+00:00,2026-09-14T19:35:32.472279+00:00,905,cryptocurrency79
1298319,28227,"$UAI/USDT #SHORT📩

✅ENTRY :-0.54/0.56

Target 1: 0...𝐎𝐧𝐥𝐲 𝟏-𝟑% 𝐎𝐟 𝐎𝐮𝐫 𝐃𝐞𝐩𝐨𝐬𝐢𝐭 𝐅𝐨𝐫 𝐄𝐚𝐜𝐡 𝐓𝐫𝐚𝐝𝐞

React,??m",19757785f8138fc60d7773808d6b4de6,2026-09-14T08:32:55+00:00,2026-09-14T19:35:32.448655+00:00,905,cryptocurrency79
1298317,28218,Cvc long 0.04100,209783e5f908b28392b1d00ad4054cb4,2026-09-14T08:32:55+00:00,2026-09-14T19:35:32.429099+00:00,905,cryptocurrency79
1298349,28206,"#CVC/USDT SHORT     

👉Leverage : Cross 10× To 30×...  0.0344
2)  0.0327
3)  0.0317

⭕Stoploss : 0.0375",712c0a12e0f2fc1dd92ab4580f130976,2026-09-14T08:32:54+00:00,2026-09-14T19:35:32.616862+00:00,905,cryptocurrency79
1298338,28204,#AIN SHORT  0.108,4be1616d7b2ea80b40f1bbf662eb4319,2026-09-14T08:32:54+00:00,2026-09-14T19:35:32.513226+00:00,905,cryptocurrency79
1298330,28208,"Coin #EDGE/USDT

Position: LONG 

Leverage:  Cross...0.64

Targets: 🎯 0.68, 0.70, 0.72

Stop Loss: 0.62",6a2ea70b9fd901093ac96f7fda03a25e,2026-09-14T08:32:54+00:00,2026-09-14T19:35:32.488882+00:00,905,cryptocurrency79
1298327,28216,"🌈PAIR:- #ARK/USDT
⚡️ Direction : LONG
🛠 Leverage: ...nt Usage:- 1 - 2%
(According To your Risk Setting)",e67f34224a86a10f2afdb8c801ddc996,2026-09-14T08:32:54+00:00,2026-09-14T19:35:32.484229+00:00,905,cryptocurrency79
1298322,28217,"✅Entry :$0.1230 - 0.1210

(LONG POWER/USDT  5-20x🆘...5  $0.1294
🏹Target 6  $0.1306

🚫Stop loss - 0.1664",1c832cb469b8fb7c0c26580c9b628ca3,2026-09-14T08:32:54+00:00,2026-09-14T19:35:32.471163+00:00,905,cryptocurrency79
1298341,28191,"🛎️ Trade: #SOMI/USDT

Direction: 📈 LONG 

🟢 Entry ...88
• Target 6: 0.1604

💠 Leverage : 5x - 10x - 20x",137ff0c49db1d43d97a1bfb0f1b08f56,2026-09-14T08:32:53+00:00,2026-09-14T19:35:32.530137+00:00,905,cryptocurrency79
1304454,28334,"#AVAAI/USDT LONG NOW 📉
🏠ENTRY: ( 0.010316 )",54131564e0223a2db49c25f9ab0ad238,2026-09-15T09:39:17+00:00,2026-09-15T10:32:37.802055+00:00,905,cryptocurrency79
1304447,28335,"🪙#AVAAI/USDT

🚩POSITION — LONG

🔒  LEVERAGE — 20X7...10650
TP🥉: 0.010990

⛔️ SL: 0.009350

🔥REACTIONS?😜",9a1af9c9cc88a285743174e76be4052f,2026-09-15T09:39:17+00:00,2026-09-15T10:32:37.765954+00:00,905,cryptocurrency79
1304433,28320,"📊 Let’s SHORT #AIN/USDT

💥 Leverage:  Cross 20×  -...: 

1) 0.160
2) 0.155
3) 0.145

🔖 Stop Loss: 0.182",f8bde95e30a688c9796a9d8cd49534fe,2026-09-15T09:38:49+00:00,2026-09-15T10:32:37.547180+00:00,905,cryptocurrency79
1304430,28322,"⭐️$AIN/USDT  SHORT

🛡Leverage : Cross 25x50

‼️Ent....19074

Use only 3% - 5% amount of your portfolio🛍",5e203db389e02618a415a2973f51f26a,2026-09-15T09:38:49+00:00,2026-09-15T10:32:37.541016+00:00,905,cryptocurrency79
1304421,28319,"#USUSDT — BUY (LONG) 
🎉
🟢 Leverage: Cross  50x75

...Risk Management:
Use only 2%– 3%of your portfolio.",b1015012deaf740dc9005bb5590e1085,2026-09-15T09:38:49+00:00,2026-09-15T10:32:37.432907+00:00,905,cryptocurrency79
1307986,28396,"🔺 $XPIN/USDT — LONG | 50–75x

🎯 ENTRY: 0.000875 → ... RISK MANAGEMENT: Use only 2–3% of your portfolio.",5446962b097b4d2d3f6b12c8d54cf662,2026-09-15T12:41:28+00:00,2026-09-15T12:44:21.909661+00:00,905,cryptocurrency79
1307985,28395,"🔻 $AIO/USDT — SHORT | 25–50x

🎯 ENTRY: 0.04076

🚀 ... RISK MANAGEMENT: Use only 3–5% of your portfolio.",bca646178e89d530d4dcbb4436cccd6f,2026-09-15T12:41:28+00:00,2026-09-15T12:44:21.877518+00:00,905,cryptocurrency79
1307984,28393,"Long #AIN 50x 0.17300

Tp: 0.17900",9c7e7b3e6f25d1e66ba65fe0b0102d2a,2026-09-15T12:41:13+00:00,2026-09-15T12:44:21.874655+00:00,905,cryptocurrency79
1307982,28391,"#XPINUSDT — BUY (LONG) 
🎉
🟢 Leverage: Cross  50x75...Risk Management:
Use only 2%– 3%of your portfolio.",3b7f26dd3e379f97d95ae264affb2942,2026-09-15T12:41:13+00:00,2026-09-15T12:44:21.853777+00:00,905,cryptocurrency79
1307972,28374,"🔶VIP LONG SETUP — POWER/USDT 🔔

Entry: 0.11749

🗝️...Market conditions can change quickly—stay flexible",65d415aca99bd6c15bba0d780a826938,2026-09-15T11:05:15+00:00,2026-09-15T12:44:21.644949+00:00,905,cryptocurrency79
1307967,28368,"⭐️$AIO/USDT  SHORT

🛡Leverage : Cross 25x50

‼️Ent....04733

Use only 3% - 5% amount of your portfolio🛍",d92c857e189ba9d4b56062ee00b35f62,2026-09-15T11:05:14+00:00,2026-09-15T12:44:21.451453+00:00,905,cryptocurrency79
1307966,28366,"#POWERUSDT — BUY (LONG) 
🎉
🟢 Leverage: Cross  50x
...Risk Management:
Use only 2%– 3%of your portfolio.",4555de51edb515aeb9c79f6bc098e72b,2026-09-15T11:05:14+00:00,2026-09-15T12:44:21.315679+00:00,905,cryptocurrency79
1356507,28710,"💰#LSK/ USDT👑

💎Setup Type: Strong LONG  🔖Opportuni...TP ➝ 0.65000

4️⃣TP ➝ 0.80000

🚫Stop Loss: 0.42000",bef51718e0488a9be6974f5480449bf0,2026-09-16T11:04:52+00:00,2026-09-16T11:22:17.219222+00:00,905,cryptocurrency79
1356505,28708,"📊 Let’s SHORT #AKE/USDT

💥 Leverage:  Cross 20×  -... 

1) 0.028
2) 0.027
3) 0.026

🔖 Stop Loss: 0.0306",b61a585eeffa0f0c90c06e8c9370cd94,2026-09-16T11:04:52+00:00,2026-09-16T11:22:17.207641+00:00,905,cryptocurrency79
1356480,28705,"$XRP 4-H UPDATE 🔄

BUYING AREA: 1.2300 - 1.1800🔼

...WAIT FOR PROPER CONFIRMATION AND OUR BUYING ZONE 👀",f642917bcfca09f569783103da59ebb3,2026-09-16T11:04:52+00:00,2026-09-16T11:22:17.071204+00:00,905,cryptocurrency79
1356494,28689,"⚡️⚡️ #SYN/USDT ️️️️⚡️️⚡️
SIGNAL Type: Regular (SHO...iguration:
Stop: Breakeven -
  Trigger: Target (1)",ae5c1f7e25e45dd0b688c34093c9538d,2026-09-16T10:38:30+00:00,2026-09-16T11:22:17.148039+00:00,905,cryptocurrency79
1356486,28690,"👑 #IDOL/USDT — TRADE LONG

LEVERAGE 25X TO 50X

👌 ...

⛔️ STOP LOSS: 0.00925

⚡️ NO FEAR — JUST PROFITS",b7a1e0ea947e02a968d3a4eb20ea3853,2026-09-16T10:38:30+00:00,2026-09-16T11:22:17.086012+00:00,905,cryptocurrency79
1356481,28661,"#SYN/USDT SHORT   

👉Leverage : Cross 10× To 30×

...

1)  0.180
2)  0.170
3)  0.160

⭕Stoploss : 0.196",6d24dbcf14cf7d40ba905d325da25c9f,2026-09-16T10:38:05+00:00,2026-09-16T11:22:17.076071+00:00,905,cryptocurrency79
1356477,28663,"#LSK/ USDT — BUY (LONG) 
Leverage: Cross 25x – 50x...T IS KEY
👉 Use ONLY 2 – 3% of your total portfolio",34fbad4e11036c6e660e1367aa06afba,2026-09-16T10:38:05+00:00,2026-09-16T11:22:17.058826+00:00,905,cryptocurrency79
1356454,28659,"⭐️$HEMI/USDT  SHORT

🛡Leverage : Cross 25x50

‼️En...007227

Use only 3% - 5% amount of your portfolio🛍",812cf40dab7dc8863af4e2ceffe0dbf4,2026-09-16T10:38:05+00:00,2026-09-16T11:22:16.857895+00:00,905,cryptocurrency79
1356462,28646,"🔶VIP LONG SETUP — SYN/USDT 🔔

Entry: 0.0805

🗝️ Ta...Market conditions can change quickly—stay flexible",776ca44b2fd31c00a88d0250503061f7,2026-09-16T10:38:04+00:00,2026-09-16T11:22:16.908949+00:00,905,cryptocurrency79
1356467,28640,"📊 Let’s SHORT #SYN/USDT

💥 Leverage:  Cross 20×  -...: 

1) 0.135
2) 0.126
3) 0.114

🔖 Stop Loss: 0.156",6467b9db90400b1346f46a92c6cacb2e,2026-09-16T10:37:34+00:00,2026-09-16T11:22:16.955993+00:00,905,cryptocurrency79
1356464,28637,"#LSKUSDT — BUY (LONG) 
🎉
🟢 Leverage: Cross  50x75
...Risk Management:
Use only 2%– 3%of your portfolio.",0167316de4ab2bc5270291995995237e,2026-09-16T10:37:34+00:00,2026-09-16T11:22:16.933332+00:00,905,cryptocurrency79
1356449,28633,"🪙#LSK/USDT

🚩POSITION — SHORT

🔒  LEVERAGE — 20X75... 0.39500
TP🥈: 0.38000
TP🥉: 0.35600

⛔️ SL: 0.46000",3a4c03692107b704b94f9b227fbae30b,2026-09-16T10:37:34+00:00,2026-09-16T11:22:16.832469+00:00,905,cryptocurrency79
1356446,28632,"#LSK/USDT SHORT NOW 📉
🏠ENTRY: ( 0.40588 )",686e42d1fc4c9b33fbe2533e9ce76418,2026-09-16T10:37:34+00:00,2026-09-16T11:22:16.786259+00:00,905,cryptocurrency79
1359255,28769,"💰#SYN/ USDT👑

💎Setup Type: Strong LONG  🔖Opportuni...

🥉TP ➝ 0.2700

4️⃣TP ➝ 0.3500

🚫Stop Loss: 0.1700",646ced3345a7b6db674cb9132ddfe5d4,2026-09-16T13:13:20+00:00,2026-09-16T13:37:45.779909+00:00,905,cryptocurrency79
1359275,28765,"⭐️$ARB/USDT  LONG

🛡Leverage : Cross 25x50

‼️Entr....15350

Use only 3% - 5% amount of your portfolio🛍",9f6b6e941fedb1c43e4aa62dd521def6,2026-09-16T12:17:56+00:00,2026-09-16T13:37:45.840856+00:00,905,cryptocurrency79
1359279,28724,"🚨 #ETH/USDT | LONG 

⚡Leverage: Cross 20-200x

🎯En... follow the signal and secure profits at targets.💎",2a71455da774063dd07657286e142e7b,2026-09-16T12:16:37+00:00,2026-09-16T13:37:45.862090+00:00,905,cryptocurrency79
1359271,28729,"📊 Let’s SHORT #AKE/USDT

💥 Leverage:  Cross 20×  -...1) 0.0325
2) 0.0350
3) 0.0385

🔖 Stop Loss: 0.0240",88d4d81f7e77dda79f908cd8dfa3d2b6,2026-09-16T12:16:37+00:00,2026-09-16T13:37:45.825121+00:00,905,cryptocurrency79
1359250,28728,"#LSKUSDT — BUY (LONG) 
🎉
🟢 Leverage: Cross  50x

⚡...00
TP3: 0.68000
TP4: 0.80000

⛔️Stop Loss: 0.50000",18e513f7a23918d99de08570b82491aa,2026-09-16T12:16:37+00:00,2026-09-16T13:37:45.762945+00:00,905,cryptocurrency79
1359236,28731,"Long #BR 50x 0.4700

Tp: 0.4900",d9b05eacb610d55301f1a96159516305,2026-09-16T12:16:37+00:00,2026-09-16T13:37:45.541277+00:00,905,cryptocurrency79
1359233,28727,LSKUSDT LONG NOW,07887acd90ec447520841ce4b3124c9c,2026-09-16T12:16:37+00:00,2026-09-16T13:37:45.522509+00:00,905,cryptocurrency79
1359242,28721,"↗️ LONG #BR 50x

📌 Entry: 0.3500

🎯 TP: 0.3700

⛔️...t Usage: 1-3%
⚠️ According to your risk management",9f51b62a8a32788bb063303a26c0e8d9,2026-09-16T12:16:36+00:00,2026-09-16T13:37:45.705527+00:00,905,cryptocurrency79
1359228,28713,"🪙#BR/USDT

🚩POSITION — LONG

🔒  LEVERAGE—20X75

⭐️...0.25800
TP🥉: 0.26700

⛔️ SL: 0.23000

🔥REACTIONS?😜",976674f91bfb17f11686376974be8878,2026-09-16T12:16:36+00:00,2026-09-16T13:37:45.129112+00:00,905,cryptocurrency79
1366556,28851,"Long #LSK 50x 0.7200

Tp: 0.7400",e433ead8ecc79634a0c0599d2e800fc9,2026-09-16T17:24:25+00:00,2026-09-16T18:31:11.231568+00:00,905,cryptocurrency79
1366584,28821,"🚨 #BR/USDT | SHORT 

⚡Leverage: Cross 20x

🎯Entry ... follow the signal and secure profits at targets.💎",6d93e228bde4df39d05c27ea47735618,2026-09-16T16:00:46+00:00,2026-09-16T18:31:11.358662+00:00,905,cryptocurrency79
1366575,28820,"☄️ VIP PREMIUM GROUP ☄️

 🪙#GLM/USDT

🚩POSITION — ...0.10450
TP🥉: 0.09880

⛔️ SL: 0.12300

🔥REACTIONS?😜",d679ef551c0feac019d78117dc448872,2026-09-16T16:00:46+00:00,2026-09-16T18:31:11.322379+00:00,905,cryptocurrency79
1366540,28819,"#GLM/USDT SHORT NOW 📉
🏠ENTRY: ( 0.11000 )",a61e88224ec923134fdc1917f1063ff7,2026-09-16T16:00:46+00:00,2026-09-16T18:31:10.967289+00:00,905,cryptocurrency79
1386162,29125,"⭐️$ONE/USDT  LONG

🛡Leverage : Cross 25x50

‼️Entr...008622

Use only 3% - 5% amount of your portfolio🛍",df62639b6d85e7ba3fe9280a3f7df75a,2026-09-17T13:27:50+00:00,2026-09-17T13:59:28.914445+00:00,905,cryptocurrency79
1386153,29124,ONEUSDT LONG NOW,7e6af733c9a8e38a5150db3d8fc179c1,2026-09-17T13:27:50+00:00,2026-09-17T13:59:28.847495+00:00,905,cryptocurrency79
1386138,29082,"📉 SHORT #LSK 50x

📌 Entry: 0.45500

🎯 TP: 0.4300

...t Usage: 1-3%
⚠️ According to your risk management",fd285c324c88f85ec13d58dbaa4d1e08,2026-09-17T12:34:04+00:00,2026-09-17T13:59:28.677227+00:00,905,cryptocurrency79
1386137,29079,"Long #BR 50x 0.6600

Tp: 0.67500",bdef5a031299e50894751e92c4e3505a,2026-09-17T12:34:04+00:00,2026-09-17T13:59:28.602488+00:00,905,cryptocurrency79
1386131,29080,"#AVA LONG

0.2850",ffbbd81261caa88d8e5e35373e0c7840,2026-09-17T12:34:04+00:00,2026-09-17T13:59:28.489749+00:00,905,cryptocurrency79
1386158,29066,"#SKRUSDT — BUY (LONG) 
🎉
🟢 Leverage: Cross  50x75
...Risk Management:
Use only 2%– 3%of your portfolio.",086265754b65cefad3711b704f35177b,2026-09-17T12:33:48+00:00,2026-09-17T13:59:28.885562+00:00,905,cryptocurrency79
1386157,29055,"VIP PREMIUM GROUP 

💰#BR/ USDT👑

💎Setup Type: Stro...TP ➝ 0.50000

4️⃣TP ➝ 0.45000

🚫Stop Loss: 0.68000",907b246d1b44b0c455e6a5046adca4e4,2026-09-17T12:33:47+00:00,2026-09-17T13:59:28.877938+00:00,905,cryptocurrency79
1386149,29054,"☄️ VIP PREMIUM GROUP ☄️

 🪙#ON/USDT

🚩POSITION — S...🥈: 0.1425
TP🥉: 0.1350

⛔️ SL: 0.1700

🔥REACTIONS?😜",1e5d94dfdf6a779aa75bc756c228a805,2026-09-17T12:33:47+00:00,2026-09-17T13:59:28.828434+00:00,905,cryptocurrency79
1386142,29051,"$ENA Buying Setup:

Entry: CMP till 1470
TP: 1896
...e but this time my all framework aligning let's go",c7e593509203f7207b3cde7b7dd9cee5,2026-09-17T12:33:47+00:00,2026-09-17T13:59:28.695700+00:00,905,cryptocurrency79
1386130,29063,"📊 Let’s LONG #NEAR/USDT

💥 Leverage:  Cross 20×  -...gets: 

1) 2.85
2) 2.95
3) 3.10

🔖 Stop Loss: 2.65",ee0c2da211971d38da7d89514ec93212,2026-09-17T12:33:47+00:00,2026-09-17T13:59:28.486800+00:00,905,cryptocurrency79
1386122,29046,"$HYPE Buying Setup:

Entry: CMP Till 77.2
TP: 89$
SL: 75$

Stup looks ready to me",6f4509043d84a72ac4fdfe30b4b6172d,2026-09-17T12:33:47+00:00,2026-09-17T13:59:28.294921+00:00,905,cryptocurrency79
1386121,29052,"#ON/USDT SHORT NOW 📉
🏠ENTRY: ( 0.1501)",a2a9528473f01d11cfb18bad6796bb43,2026-09-17T12:33:47+00:00,2026-09-17T13:59:28.291069+00:00,905,cryptocurrency79
1386109,28989,"⭐️$ONE/USDT  SHORT

🛡Leverage : Cross 25x50

‼️Ent...013296

Use only 3% - 5% amount of your portfolio🛍",e0da0bc7f3841adea0e25476d85c8de0,2026-09-17T12:32:34+00:00,2026-09-17T13:59:16.242276+00:00,905,cryptocurrency79
1386104,28983,"⭐️$ONE/USDT  LONG 

🛡Leverage : Cross 25x50

‼️Ent...009547

Use only 3% - 5% amount of your portfolio🛍",1ae88e170d145a1d04c645f28abad055,2026-09-17T12:32:34+00:00,2026-09-17T13:59:15.963354+00:00,905,cryptocurrency79
1386103,28982,ONEUSDT LONG NOW,7e6af733c9a8e38a5150db3d8fc179c1,2026-09-17T12:32:34+00:00,2026-09-17T13:59:15.940283+00:00,905,cryptocurrency79
1386102,28981,"🔺 $ONE/USDT — LONG | 25–50x

🎯 ENTRY: 0.0012086

🚀... RISK MANAGEMENT: Use only 3–5% of your portfolio.",06bb20cae44e9b84516744a1234e0e13,2026-09-17T12:32:34+00:00,2026-09-17T13:59:15.880540+00:00,905,cryptocurrency79
1386077,28980,"🔴 SHORT

#LTC/USDT

Entry : 

1) 52.84
2) 54.42

T...) 49.18

🛑 Stop : 56.16

Leverage : 10x (isolated)",ce2210da33f082660a6a05d04f7af29d,2026-09-17T12:32:34+00:00,2026-09-17T13:59:15.689325+00:00,905,cryptocurrency79
1386071,28936,"COIN: #ONE/USDT

NARRATIVE: LONG

LEVERAGE: 50X

M...p4: 0.0008027
Tp5: 0.0008403

STOP LOSS: 0.0006190",243726c6d8b4125d110d9cc12ca99387,2026-09-17T07:54:46+00:00,2026-09-17T13:59:15.481854+00:00,905,cryptocurrency79
1399104,29216,"📊 Let’s LONG #COTI/USDT

💥 Leverage:  Cross 20×  -...1) 0.0205
2) 0.0213
3) 0.0227

🔖 Stop Loss: 0.0189",1e44de182125422c8a0e91262f9cc053,2026-09-17T19:12:22+00:00,2026-09-17T20:43:00.464859+00:00,905,cryptocurrency79
1399088,29213,"#COTI LONG 0.02014

Tp 0.02056",ae5d132b7305c7576679479826a0e862,2026-09-17T19:12:22+00:00,2026-09-17T20:43:00.388900+00:00,905,cryptocurrency79
1399082,29219,"#COTI /USDT — TRADE LONG

LEVERAGE 25X TO 50X

✅ E...

⛔️ STOP LOSS: 0.01900

⚡️ NO FEAR — JUST PROFITS",77fd68e3b5065b62b76bb64f042baae3,2026-09-17T19:12:22+00:00,2026-09-17T20:43:00.247467+00:00,905,cryptocurrency79
1399119,29199,"🚨 #ZEC/USDT | LONG

⚡Leverage: Cross 20x

🎯Entry T... follow the signal and secure profits at targets.💎",5b745695af9e64eb384f5f8c0ee29153,2026-09-17T19:11:51+00:00,2026-09-17T20:43:00.535435+00:00,905,cryptocurrency79
1399078,29175,"🚨 #SOL/USDT | SHORT

⚡Leverage: Cross 100X

🎯Entry... follow the signal and secure profits at targets.💎",c2bdee80c1c4151aeee9e9688c248a22,2026-09-17T19:10:49+00:00,2026-09-17T20:43:00.221817+00:00,905,cryptocurrency79
1399075,29173,"💥VIP PREMIUM GROUP💥

#ONE USDT — BUY (LONG) 
🎉
🟢 L...Risk Management:
Use only 2%– 3%of your portfolio.",ef27c24d87d8fa7cf7ebb07f244b0be3,2026-09-17T19:10:48+00:00,2026-09-17T20:43:00.147970+00:00,905,cryptocurrency79
1399071,29166,"📊 Let’s LONG #LSK/USDT

💥 Leverage:  Cross 20×  - ...1) 0.4982
2) 0.5140
3) 0.5410

🔖 Stop Loss: 0.4482",53ecd3a11a7aef2e901f059243fe50a6,2026-09-17T19:10:48+00:00,2026-09-17T20:43:00.039440+00:00,905,cryptocurrency79
1399070,29164,"VIP PREMIUM GROUP

💰#AVA/ USDT👑

💎Setup Type: Stro...

🥉TP ➝ 0.3300

4️⃣TP ➝ 0.3700

🚫Stop Loss: 0.2400",2bffe35cc1bdc0dfb2a41bee4a16bc9c,2026-09-17T19:10:48+00:00,2026-09-17T20:43:00.035072+00:00,905,cryptocurrency79
1399069,29174,"🚨 #LIT/USDT | LONG 

⚡Leverage: Cross 20X

🎯Entry ... follow the signal and secure profits at targets.💎",56fe5b886a650350d92a041f8530fd03,2026-09-17T19:10:48+00:00,2026-09-17T20:43:00.025639+00:00,905,cryptocurrency79
1399066,29163,"#AVA LONG

0.2850",ffbbd81261caa88d8e5e35373e0c7840,2026-09-17T19:10:48+00:00,2026-09-17T20:42:59.847561+00:00,905,cryptocurrency79
1414344,29286,"#ONE / USDT — BUY (LONG) 
Leverage: Cross 25x – 50...T IS KEY
👉 Use ONLY 2 – 3% of your total portfolio",b6048b71981105051c52fea5c50c79f2,2026-09-18T07:06:44+00:00,2026-09-18T08:20:46.038514+00:00,905,cryptocurrency79
1422590,29401,"Pair: SUSHI/USDT

Direction: Long

Entry: Current price

StopLoss: $0.22570",a225a7572c2b1d33c297066c8b40546b,2026-09-18T11:14:53+00:00,2026-09-18T12:25:58.631434+00:00,905,cryptocurrency79
1422594,29366,"🪙#ETHFI/USDT

🚩POSITION — LONG

🔒  LEVERAGE — 20X7...🥈: 0.6910
TP🥉: 0.7120

⛔️ SL: 0.6020

🔥REACTIONS?😜",6f0e2e4ea20b9fa8eb23eb1e3b96fea7,2026-09-18T11:14:20+00:00,2026-09-18T12:25:58.638443+00:00,905,cryptocurrency79
1422600,29363,"#ROBOUSDT — BUY (LONG) 
🎉
🟢 Leverage: Cross  50x

...Risk Management:
Use only 2%– 3%of your portfolio.",2f80f6ab82b3a2365e26a502516dac36,2026-09-18T11:14:19+00:00,2026-09-18T12:25:58.648937+00:00,905,cryptocurrency79
1422598,29357,"☄️ 🪙#ONE/USDT

🚩POSITION — SHORT

🔒  LEVERAGE — 20...100
TP🥉: 0.0015200

⛔️ SL: 0.0018900

🔥REACTIONS?😜",77ca7776d073ea9dd40a0c207433c932,2026-09-18T11:14:19+00:00,2026-09-18T12:25:58.644121+00:00,905,cryptocurrency79
1422595,29362,"#ARXUSDT — BUY (LONG) 
🎉
🟢 Leverage: Cross  50x

⚡...Risk Management:
Use only 2%– 3%of your portfolio.",971eac19f76c692b1a3234f7489eddc0,2026-09-18T11:14:19+00:00,2026-09-18T12:25:58.639652+00:00,905,cryptocurrency79
1422584,29351,"⭐️$G/USDT  LONG 

🛡Leverage : Cross 25x50

‼️Entry...005792

Use only 3% - 5% amount of your portfolio🛍",5e918baabc16baa1475506f70516bb1b,2026-09-18T11:14:19+00:00,2026-09-18T12:25:58.615678+00:00,905,cryptocurrency79
1422582,29356,"#ONE/USDT SHORT NOW 📉
🏠ENTRY: ( 0.0017144)",af189d1c4f7453e214809d0207a2d0ab,2026-09-18T11:14:19+00:00,2026-09-18T12:25:58.606522+00:00,905,cryptocurrency79
1422570,29360,"💰#ETHFI/ USDT👑

💎Setup Type: Strong LONG  🔖Opportu...00

4️⃣TP ➝ 0.9000

🚫Stop Loss: 0.5800


REACTS !!",75e331891e192dee1f977eb366cec8b6,2026-09-18T11:14:19+00:00,2026-09-18T12:25:58.494941+00:00,905,cryptocurrency79
1422559,29359,"💰#G/ USDT👑

💎Setup Type: Strong LONG  🔖Opportunity...➝ 0.009000

4️⃣TP ➝ 0.009700

🚫Stop Loss: 0.007200",21a2bb7de032010b37a3ba81a80e3daf,2026-09-18T11:14:19+00:00,2026-09-18T12:25:58.288102+00:00,905,cryptocurrency79
1422555,29365,"#ETHFI/USDT LONG NOW 📉
🏠ENTRY: ( 0.6689)",ea467442aca6eda0435c5d641a4b231d,2026-09-18T11:14:19+00:00,2026-09-18T12:25:58.234575+00:00,905,cryptocurrency79
1422608,29345,"🚨 #ETH/USDT | LONG 

⚡Leverage: Cross 20-200x

🎯En... follow the signal and secure profits at targets.💎",f3a25be458840df30e28036d8c735dd8,2026-09-18T11:14:18+00:00,2026-09-18T12:25:58.666134+00:00,905,cryptocurrency79
1422568,29338,"#DRIFT/ USDT — BUY (LONG) 
Leverage: Cross 25x – 5...T IS KEY
👉 Use ONLY 2 – 3% of your total portfolio",d9bd0fa6279ff25969e8fc820dabee53,2026-09-18T11:14:18+00:00,2026-09-18T12:25:58.420554+00:00,905,cryptocurrency79
1422566,29336,"📊 Let’s LONG #G/USDT

💥 Leverage:  Cross 20×  - 

...1) 0.0069
2) 0.0071
3) 0.0073

🔖 Stop Loss: 0.0064",42edde19313d30080d688c9f19025211,2026-09-18T11:14:18+00:00,2026-09-18T12:25:58.375452+00:00,905,cryptocurrency79
1422554,29344,"🚨 #ETHFI/USDT | LONG

⚡Leverage: Cross 20x

🎯Entry... follow the signal and secure profits at targets.💎",0ccc6fbddb8ae02f481c6f54a7b66fe2,2026-09-18T11:14:18+00:00,2026-09-18T12:25:58.164465+00:00,905,cryptocurrency79
1422553,29343,"🚨 #ARB/USDT | LONG

⚡Leverage: Cross 20x

🎯Entry T... follow the signal and secure profits at targets.💎",39a1226d10482ff64d9a49e68e92be7c,2026-09-18T11:14:18+00:00,2026-09-18T12:25:58.158557+00:00,905,cryptocurrency79
1422549,29331,"$TIA buying Setup:

Entry; CMp till 0.3632
TP: 0.48
SL: 0.3453

Another high probability setup",a5810f4b9af1e91040061313189a53ee,2026-09-18T11:14:17+00:00,2026-09-18T12:25:58.011903+00:00,905,cryptocurrency79
1422548,29328,"🚨 #HYPE/USDT | LONG

⚡Leverage: Cross 20x

🎯Entry ... follow the signal and secure profits at targets.💎",35f9bc1b094a3e0c74956c160cc92dea,2026-09-18T11:14:17+00:00,2026-09-18T12:25:57.957569+00:00,905,cryptocurrency79
1429021,29472,"$SOL LONG ⚡️

LEVERAGE 20-100X💎

ENTER NOW : 109🔼

TARGET: (112-115-118-121)🔥

STOPLOSS: (102.00)",3551c7252f2dd1f406c5bcc773b8d437,2026-09-18T15:12:21+00:00,2026-09-18T16:14:01.084987+00:00,905,cryptocurrency79
1428996,29451,"Future Signal

0️⃣Coin Name: #ARBUSDT

🔼Direction:....21324 _ 0.21655 _ 0.22072

❗️Stoploss: 0.20108 ❗️",2047683bca3a70c3452c5e3094768045,2026-09-18T15:11:19+00:00,2026-09-18T16:14:00.428496+00:00,905,cryptocurrency79
1428990,29449,"😎WHALES HIDDEN GEM 😎

🌐 1000$ into 10000$ Challeng...07
2) 0.120
3) 0.135
4) 0.158

❌ STOP LOSS: 0.080❌",9733b7c33c61f80b6ef79fd32e838432,2026-09-18T15:11:19+00:00,2026-09-18T16:14:00.362886+00:00,905,cryptocurrency79
1428988,29443,"🔶VIP LONG SETUP — NEAR/USDT 🔔

Entry: 2.822

🗝️ Ta...Market conditions can change quickly—stay flexible",9a9a5078f93a2d520818883187bdbe9f,2026-09-18T15:11:19+00:00,2026-09-18T16:14:00.360621+00:00,905,cryptocurrency79
1432460,29529,"🔶VIP LONG SETUP — AR/USDT 🔔

Entry: 2.609

🗝️ Targ...Market conditions can change quickly—stay flexible",20023ba3b980df706db734fdbff1a7da,2026-09-18T18:00:57+00:00,2026-09-18T18:13:32.731777+00:00,905,cryptocurrency79
1432457,29533,"🔶VIP LONG SETUP — F/USDT 🔔

Entry: 0.003311

🗝️ Ta...Market conditions can change quickly—stay flexible",cd03f31c30c30e957c0c81ca4cf3280b,2026-09-18T18:00:57+00:00,2026-09-18T18:13:32.723983+00:00,905,cryptocurrency79
1432448,29513,"💥 Futures (Free Signal)

🔴 SHORT

#ETH/USDT

Entry...35.17
2257.33

Stop loss :2762.4511

Leverage: 10x",d1eb1aeefd9db41a22ffe2b70f6cfeb0,2026-09-18T18:00:56+00:00,2026-09-18T18:13:32.625568+00:00,905,cryptocurrency79
1432447,29512,"😎WHALES HIDDEN GEM 😎

🌐 1000$ into 10000$ Challeng....0057
3) 0.0065
4) 0.0078

❌ STOP LOSS: 0.0040❌

🏆",13f2b5a6bb16843a62c206b3daf7c0e6,2026-09-18T18:00:56+00:00,2026-09-18T18:13:32.559281+00:00,905,cryptocurrency79
1432446,29511,"💥 Futures (Free Signal)

🔴 SHORT

#ONT/USDT

Entry...7133
0.045562

Stop loss :0.0557577

Leverage: 10x",0be50ef94a63f75d87021d5025431862,2026-09-18T18:00:55+00:00,2026-09-18T18:13:32.492712+00:00,905,cryptocurrency79
1448960,29701,"XTZUSDTUSDT  
Exchanges: BINGX 

🟢 Short
Leverage-....31809000
6) 0.29264000
7) 🚀🚀🚀 

⛔️ SL:
0.38926600",ba4a28a005040b4296e0624a5ccabdaa,2026-09-19T19:37:23+00:00,2026-09-20T01:32:52.154708+00:00,905,cryptocurrency79
1448982,29691,"💥 Futures (Free Signal)

🔴 SHORT

#XTZ/USDT

Entry...57
0.318088

Stop loss :0.389266

Leverage: 10x

🆔",125367ef499b88ffc3c0908df72cfea4,2026-09-19T19:37:22+00:00,2026-09-20T01:32:52.420924+00:00,905,cryptocurrency79
1448980,29694,"🔶VIP LONG SETUP — ZAMA/USDT 🔔

Entry: 0.06099

🗝️ ...Market conditions can change quickly—stay flexible",8b98cf8d5db07c8eb215190dc8b40e97,2026-09-19T19:37:22+00:00,2026-09-20T01:32:52.330547+00:00,905,cryptocurrency79
1448970,29676,"COIN: #B2/USDT

NARRATIVE: LONG

LEVERAGE: 50X

MA... 0.4756
Tp4: 0.4977
Tp5: 0.5202

STOP LOSS: 0.3860",04c2e5b890b848cf236dd4b1105e0878,2026-09-19T19:36:56+00:00,2026-09-20T01:32:52.291911+00:00,905,cryptocurrency79
1448939,29662,"✅ SCALP TRADE - ETC

👉 ENTRY - $8.51 TO $8.34

👉 D...x

🔴TRADE VALID ON  -

Trader - ORANGE

#nfa #DYOR",7eea4e8079c2693d72400f3d5418cae1,2026-09-19T19:36:20+00:00,2026-09-20T01:32:36.953651+00:00,905,cryptocurrency79
1448929,29646,"💎 #Free Signal

🔴 Short

Pair: #ETC/USDT

📊 Entry ....145
4) 7.964

Stop Loss: 9.096

Leverage: 10x-20x",56c8b927fdb463f2814c04efb2db0f02,2026-09-19T11:14:08+00:00,2026-09-20T01:32:36.710146+00:00,905,cryptocurrency79
1448922,29635,"🔶VIP LONG SETUP — ONE/USDT 🔔

Entry: 0.0017005

🗝️...Market conditions can change quickly—stay flexible",3476e2f264b96664e4961fc3f12c4446,2026-09-19T11:14:07+00:00,2026-09-20T01:32:36.677968+00:00,905,cryptocurrency79
1448935,29595,"💎 #Free Signal

✅ Long

Pair: #SNX/USDT

📊 Entry P...) 0.237081

Stop Loss: 0.207920

Leverage: 10x-20x",6fd3716d4a8b415dd3e6c9d0eff54ac7,2026-09-19T11:12:41+00:00,2026-09-20T01:32:36.844637+00:00,905,cryptocurrency79
1448881,29577,"🔶VIP LONG SETUP — AKE/USDT 🔔

Entry: 0.021408

🗝️ ...Market conditions can change quickly—stay flexible",751cd0cc0dc840ea9129447cb439c141,2026-09-19T08:05:54+00:00,2026-09-20T01:32:34.783796+00:00,905,cryptocurrency79
1466902,29853,"🚀 #NEARUSDT LONG SIGNAL 🚀  LEVERAGE 50X-75X

📌 ENT...ch this move together!

🔓 Trade Smart • Trade Safe",b8afce029224388c534e472f2e2e605c,2026-09-20T19:06:58+00:00,2026-09-20T20:27:32.507859+00:00,905,cryptocurrency79
1466900,29854,"#GRT | LONG SETUP

💰 Entry: $0.02136

🎯 Target1: $...t4: $0.02217
🎯 Target5: $0.02247

🛡 STOP: $0.02029",acf7c3f86ee21d6710e28c9e7b9b7043,2026-09-20T19:06:58+00:00,2026-09-20T20:27:32.490854+00:00,905,cryptocurrency79
1466896,29855,"🔴 SHORT

#IOTA/USDT

Entry zone : 0.049913 - 0.048...3832
0.042371

Stop loss :0.0518522

Leverage: 10x",42b0ee3685753a380c730e8526cf015a,2026-09-20T19:06:58+00:00,2026-09-20T20:27:32.478144+00:00,905,cryptocurrency79
1466889,29839,"🔴 Short

Pair: #ALGO/USDT

📊 Entry Price: 

1) 0.1...) 0.103581

Stop Loss: 0.118290

Leverage: 10x-20x",3750fa83d5af424ad286de4a4800e5fb,2026-09-20T19:06:35+00:00,2026-09-20T20:27:19.241026+00:00,905,cryptocurrency79
1466888,29838,"⌛#FIL/USDT  ( SHORT )

🍁 Leverage 👉 20X to 25X 

⛩...82 | 0.8779 | 0.8678 | 0.8583

🔕 Stoploss = 0.9449",b737f1e25a9ebad42db9a600feef8cf2,2026-09-20T19:06:35+00:00,2026-09-20T20:27:19.230078+00:00,905,cryptocurrency79
1466887,29837,"✅Entry  -0.7110

(🆘LONG BTWUSDT 5-20x🆘)

🏹 Target ...5  $0.7568
🏹Target 6  $0.7635

🚫Stop loss -0.06707",72bd16ef3b79faf13e78dde6ad209d5e,2026-09-20T19:06:35+00:00,2026-09-20T20:27:19.212375+00:00,905,cryptocurrency79
1466886,29836,"🔴 SHORT

#TRX/USDT

Entry : 

1) 0.34630
2) 0.3566...32234

🛑 Stop : 0.36811

Leverage : 10x (isolated)",ddc03666f504b63ca9457f79c4059232,2026-09-20T19:06:35+00:00,2026-09-20T20:27:19.190820+00:00,905,cryptocurrency79
1466885,29835,"#ZAMAUSDT — BUY (LONG) 
🎉
🟢 Leverage: Cross  25x

...Stop Loss: 0.08470

🔽 Risk Management:

 REACTS !!",c116f980f481166d45e45a9cab982b63,2026-09-20T19:06:35+00:00,2026-09-20T20:27:19.079345+00:00,905,cryptocurrency79
1466868,29817,"🔴 SHORT

#XMR/USDT

Entry : 

1) 539.74
2) 555.93
...502.39

🛑 Stop : 573.74

Leverage : 10x (isolated)",624a2d7cb24936b8e818e50491b71e1c,2026-09-20T15:42:25+00:00,2026-09-20T20:27:15.111996+00:00,905,cryptocurrency79
1466867,29816,"🚨 SHORT
STG/USDT
ENTRY 0.1226

🚀 0.1120
🚀 0.1040
🚀...OSS 0.1382
LEVRAGE 10x- 40x

1% WALLET

Dca 0.1282",0e1f6c6d49a24a614b212348df2ab569,2026-09-20T15:42:25+00:00,2026-09-20T20:27:15.107967+00:00,905,cryptocurrency79
1466858,29806,"🌈PAIR:- #M/USDT
⚡️ Direction : LONG
⚙️ Leverage: C...nt Usage:- 1 - 2%
(According To your Risk Setting)",8fcefeef2603930164e0dd8577108acd,2026-09-20T15:42:09+00:00,2026-09-20T20:27:13.739624+00:00,905,cryptocurrency79
1466857,29805,"#ZAMA/ USDT — BUY (LONG) 
Leverage: Cross 25x – 50...T IS KEY
👉 Use ONLY 2 – 3% of your total portfolio",ef9cc249ea532272de6e63b5e6821f83,2026-09-20T15:42:09+00:00,2026-09-20T20:27:13.690411+00:00,905,cryptocurrency79
1466856,29804,"#C/USDT

📈Signal: long Leverage: Cross 20X

⚡️Entr...even after TP1 is hit.

📣Trade Smart • Follow Risk",d1a6e0dbc130f9ffc9c84967858aaf83,2026-09-20T15:42:09+00:00,2026-09-20T20:27:13.662704+00:00,905,cryptocurrency79
1466854,29792,"⭐️#ZIL/USDT  LONG 

🛡Leverage : Cross 25x50

‼️Ent...0.0038

Use only 3% - 5% amount of your portfolio🛍",8ddbbed57c2c1b096a646c02ff7e0874,2026-09-20T13:11:58+00:00,2026-09-20T20:27:13.097243+00:00,905,cryptocurrency79
1466852,29791,"⭐ ZIL /USDT — SHORT

💵 ENTRY: 0.03600-0.04000

⚙️ ...o

📌 Follow the setup and manage your risk wisely.",4a8dadfc8be1241f05be1fd3dd43fe72,2026-09-20T13:11:58+00:00,2026-09-20T20:27:13.057935+00:00,905,cryptocurrency79
1466851,29790,"BTC/USDT Short  | 

Entry  :  80400 

TP   :  80000 / 79500 / 79000

SL  :  81000 | Risk 3% to 5%",3ef2b6d4427104254b79c034c785babb,2026-09-20T13:11:58+00:00,2026-09-20T20:27:13.045703+00:00,905,cryptocurrency79
1466850,29789,"🪙#ETHFI/USDT

🚩POSITION — SHORT

🔒  LEVERAGE — 20X...🥈: 0.6770
TP🥉: 0.6550

⛔️ SL: 0.7690

🔥REACTIONS?😜",635377f120838f991e0694778690b6b7,2026-09-20T13:11:58+00:00,2026-09-20T20:27:13.034990+00:00,905,cryptocurrency79
1466849,29788,"#ETHFI/USDT SHORT NOW 📉
🏠ENTRY: ( 0.7004)",8a3d05ecf8ac74a11498b1fb26f0e1be,2026-09-20T13:11:58+00:00,2026-09-20T20:27:12.541748+00:00,905,cryptocurrency79
1466848,29787,"LTC/USDT 

LONG LONG LONG 

OPEN MARKET PRICE 

TP...7.30
TP 57.90
TP 58.30
TP 58.70

SL 52.10

LEV 25X",dceff3a642a1c038e920fd030a6c03b2,2026-09-20T13:11:58+00:00,2026-09-20T20:27:12.503495+00:00,905,cryptocurrency79
1466847,29786,"SOL/USDT 

LONG LONG LONG 

OPEN MARKET PRICE 

TP...108.500
TP 108.800
TP 109.100

SL 102.100

LEV 25X",5cdcc2c8c33adf6f9bb93d4ec062ed90,2026-09-20T13:11:58+00:00,2026-09-20T20:27:11.880318+00:00,905,cryptocurrency79
1466845,29785,"#EPICUSDT — BUY (LONG) 
🎉
🟢 Leverage: Cross  25x

...4: 0.5820

⛔️Stop Loss: 0.4580

🔽 Risk Management:",7159d6f54b1939af8f61e206363fc191,2026-09-20T13:11:57+00:00,2026-09-20T20:27:11.808937+00:00,905,cryptocurrency79
1466843,29782,"⭐️#EVAA/USDT  LONG 

🛡Leverage : Cross 25x50

‼️En...: 0.62

Use only 3% - 5% amount of your portfolio🛍",3a17f1d93c71ec4f8543c4e4d007179d,2026-09-20T13:11:57+00:00,2026-09-20T20:27:11.801426+00:00,905,cryptocurrency79
1466839,29769,"#UB    /USDT (SHORT) 🔽🔽

⌛LEVERAGE : 20X TO 75X

📊...8


💥Use only 1%margin of your total portfolio❤️😘😇",0a11a17cf7cae98a9398a619eafc16cc,2026-09-20T13:10:47+00:00,2026-09-20T20:27:11.218944+00:00,905,cryptocurrency79
1466838,29768,"#AKE    /USDT (SHORT) 🔽🔽

⌛LEVERAGE : 20X TO 75X

...80

💥Use only 1%margin of your total portfolio❤️😘😇",2f5eb352baf91324acc8754d393d3cc6,2026-09-20T13:10:47+00:00,2026-09-20T20:27:11.212454+00:00,905,cryptocurrency79
1466837,29767,"🚀 #SUSDT LONG SIGNAL 🚀  LEVERAGE 50X-75X

📌 ENTRY ...ch this move together!

🔓 Trade Smart • Trade Safe",79f483cca20192dc0ab41220a5cf251b,2026-09-20T13:10:47+00:00,2026-09-20T20:27:10.519564+00:00,905,cryptocurrency79
1466836,29766,"✨ADA/USDT

🎗 Trade Type = SHORT 🔴

⭐️ Leverage :- ...[ 0.2167, 0.2148, 0.2121, 0.2099, 0.2077, 0.2051 ]",fc3ba5319e7b2745f7d92596dc242d56,2026-09-20T13:10:47+00:00,2026-09-20T20:27:10.496599+00:00,905,cryptocurrency79
1466834,29761,"LONG #AKE
tip 1 (0.1524)",c7e73370a011559f53dfa01d86fbfccd,2026-09-20T13:10:47+00:00,2026-09-20T20:27:10.453517+00:00,905,cryptocurrency79
1466832,29763,"⭐️$AKE/USDT  LONG 

🛡Leverage : Cross 25x50

‼️Ent...0.9864

Use only 3% - 5% amount of your portfolio🛍",d81b220b67927a0fd316b8e99fb92e3c,2026-09-20T13:10:47+00:00,2026-09-20T20:27:10.416272+00:00,905,cryptocurrency79
1466831,29765,"👑 #CELR/USDT — TRADE LONG

LEVERAGE 25X TO 50X

✅ ...
⛔️ STOP LOSS: 0.003980

⚡️ NO FEAR — JUST PROFITS",480ce96c043584055bc052bd17a89dcf,2026-09-20T13:10:47+00:00,2026-09-20T20:27:10.396412+00:00,905,cryptocurrency79
1466828,29758,"⚡️$VET/USDT⚡️

LONG
Leverage: 35X

Entry: 0.008030....008814
4)0.009061
5)0.009308

Stoploss :0.0076994",8087ebcb5354716e070a9c06244717b9,2026-09-20T10:38:39+00:00,2026-09-20T20:27:09.823725+00:00,905,cryptocurrency79
1466827,29760,"#G/USDT

📈Signal: short Leverage: Cross 20X

⚡️Ent...even after TP1 is hit.

📣Trade Smart • Follow Risk",38f3153f49bc86d8f44baa0174de0114,2026-09-20T10:38:39+00:00,2026-09-20T20:27:09.819909+00:00,905,cryptocurrency79
1466826,29757,"⚡️$ONE/USDT⚡️

LONG
Leverage: 10X - 20X

Entry: 0....3)0.0060

Stoploss: 0.0032

B2 Recovery Trade ❤️‍🩹",af89fa97cc7d6b990d277b311ac83db8,2026-09-20T10:38:39+00:00,2026-09-20T20:27:09.817990+00:00,905,cryptocurrency79
1466824,29759,"🔰ONE/USDT 🔰   

🟢 LONG 10X 20X

♻ ENTRY 
1️⃣ 0.004...⃣ 0.0047
2️⃣ 0.0052
3️⃣ 0.0060

⛔ STOPLOSS  0.0032",a028009f3a8a121d46845d46eeebe2ea,2026-09-20T10:38:39+00:00,2026-09-20T20:27:09.796054+00:00,905,cryptocurrency79
1466830,29756,"🟢AKE/USDT 📈

📈 long Setup 

💰 Entry Zone: 0.0700–0...et 1. 
✅ Move SL to breakeven after Target 1 hits.",22900a87d0d458657bf565150af01c16,2026-09-20T09:27:44+00:00,2026-09-20T20:27:09.838030+00:00,905,cryptocurrency79
1466823,29755,"🔰 PAIR: XRP/ USDT 💹

🔴Position: SHORT🚀

☑️ Entry Z...:
🥇 1.3772
🥈 1.3737
🥉 1.3658

❌ Stop Loss: 🔴1.3916",3e63c4778b67c97fe36ae9329b70991a,2026-09-20T09:27:44+00:00,2026-09-20T20:27:09.788768+00:00,905,cryptocurrency79
1466822,29754,"📊#ONE/USDT — LONG

⚡️ Leverage : 10X – 30X

💹Entry...Entry After TP1

⚖️ Follow Proper Risk Management.",5fa27c0f050516f671bbc12c8b83a0dc,2026-09-20T09:27:43+00:00,2026-09-20T20:27:09.786322+00:00,905,cryptocurrency79
1466829,29749,"🟢G USDT 🟢
Entry Market Price 
Short

Take-Profit T... 0.006500
3. 0.005600

Stop-Loss Target:🔴
0.008400",1b50202756c37b22c3b7506052b94fc9,2026-09-20T08:31:13+00:00,2026-09-20T20:27:09.824317+00:00,905,cryptocurrency79
1466825,29752,"✅ Long

Pair: #XMR/USDT

📊 Entry Price: 

1) 525.5...52
4) 561.50

Stop Loss: 492.44

Leverage: 10x-20x",6e2e1c3696aaf3e73e9f032f6598d5a1,2026-09-20T08:31:13+00:00,2026-09-20T20:27:09.811354+00:00,905,cryptocurrency79
1466821,29753,"📈 LONG #ONE/USDT 

🚀 LEVERAGE : 50x

📊 ENTRY PRICE...TP🟢0.0043

TP🟢0.0045

STOPLOSS 🔴0.0038

REACTIONS?",036ced99d759f30b1eed509a3f437eea,2026-09-20T08:31:13+00:00,2026-09-20T20:27:09.746592+00:00,905,cryptocurrency79
1466820,29751,"🟢 Long

#KNC/USDT

Entry : 

1) 0.14320
2) 0.13890...15299

🛑 Stop : 0.13417

Leverage : 10x (isolated)",b6fa0a72b9dd89fde88520e7d59f251d,2026-09-20T08:31:13+00:00,2026-09-20T20:27:09.234661+00:00,905,cryptocurrency79
1466819,29746,"⭐ ONE /USDT — LONG

💵 ENTRY: 0.003800-0.037000

⚙️...o

📌 Follow the setup and manage your risk wisely.",4bff7d7c7031e95e917d03ff8f2fa60b,2026-09-20T08:31:13+00:00,2026-09-20T20:27:08.642730+00:00,905,cryptocurrency79
1466818,29747,"Coin #CELR/USDT

Position: LONG 

Leverage:  Cross...s: 🎯 0.00397, 0.00421, 0.00455

Stop Loss: 0.00351",6db30685b646a9cbcf11cbda518b040a,2026-09-20T08:31:13+00:00,2026-09-20T20:27:08.624709+00:00,905,cryptocurrency79
1466817,29750,"🌈PAIR:- #EVAA/USDT
⚡️ Direction : SHORT
⚙️ Leverag...nt Usage:- 1 - 2%
(According To your Risk Setting)",bf1052debcb729ff07d2d9a0a77b3996,2026-09-20T08:31:13+00:00,2026-09-20T20:27:08.622933+00:00,905,cryptocurrency79
1466813,29748,"#CTSI/USDT SHORT   

👉Leverage : Cross 10× To 30×
... 0.0298
2)  0.0287
3)  0.0279

⭕Stop Loss : 0.0325",5accbe2468d3c7b7388da1c1d1eb74ab,2026-09-20T08:31:13+00:00,2026-09-20T20:27:08.533532+00:00,905,cryptocurrency79
1466814,29743,"🌈PAIR:- #B2/USDT
⚡️ Direction : SHORT
⚙️ Leverage:...nt Usage:- 1 - 2%
(According To your Risk Setting)",19b6678ddc89a17f02c566e8b87197d1,2026-09-20T08:31:12+00:00,2026-09-20T20:27:08.559015+00:00,905,cryptocurrency79
1480093,29860,"$BTC SHORT🔴 (25x Lev)

Entry -  81200$

Targets

1)80300$
2)79000$

SL- 82000$",13176b1d95b6988ce264b1cc8c91d7a2,2026-09-20T22:27:16+00:00,2026-09-20T22:39:29.264593+00:00,905,cryptocurrency79
1480089,29859,"✨DASH/USDT

🎗 Trade Type = LONG 🟢

⭐️ Leverage :- ...fit = [ 57.24, 57.76, 58.44, 59.01, 59.56, 60.17 ]",7c486088efa7956fa7136a999a8e12e7,2026-09-20T22:27:16+00:00,2026-09-20T22:39:29.240642+00:00,905,cryptocurrency79
1493062,29986,"🌹 #BTC/USDT

🟢 LONG

✅ Entry: 83760- 82400

❌ Stop...l advice.
💰 Stay disciplined. Protect your capital",abc04239269d8729ec8830cd4550c236,2026-09-21T09:43:42+00:00,2026-09-21T09:48:56.596122+00:00,905,cryptocurrency79
1493058,29982,"📉 SHORT #ETH 200x

📌 Entry: 2,708

🎯 TP: 2,690

⛔️...t Usage: 1-3%
⚠️ According to your risk management",38104d0ac64cd31bc71dd317640d3eb8,2026-09-21T09:43:42+00:00,2026-09-21T09:48:56.558183+00:00,905,cryptocurrency79
1493055,29979,"#1000PEPE | LONG SETUP

💰 Entry: $0.004062

🎯 Targ...t4: $0.00422
🎯 Target5: $0.00427

🛡 STOP: $0.00386",bb357fb6ee8cd30e35efa142c30ec37b,2026-09-21T09:43:42+00:00,2026-09-21T09:48:56.406088+00:00,905,cryptocurrency79
1493054,29976,"🔘 Coin : #KMNO/USDT 🔘

🟢 LONG

🔺Entry🔻: 0.03376

⭐... - 0.03546

♦️ StopLoss : 0.03259

🔱 Leverage: 25x",1506e4d53cc233fbcaa4126dbf6e83c5,2026-09-21T09:43:41+00:00,2026-09-21T09:48:56.399867+00:00,905,cryptocurrency79
1493053,29975,"🚀 #MINAUSDT LONG SIGNAL 🚀
⚡️ LEVERAGE 50X–75X

📌 E...tch this move together!
🔓 Trade Smart • Trade Safe",ee80b99b9cd4d93359dc89e4fcb70e0c,2026-09-21T09:43:41+00:00,2026-09-21T09:48:56.398428+00:00,905,cryptocurrency79
1492960,29974,"#ZETAUSDT — BUY (SHORT) 
🎉
🟢 Leverage: Cross  30x
...Stop Loss: 0.06845

🔽 Risk Management:

 REACTS !!",9a0f6d8ab4b5cd57e7ced760ba59f0a2,2026-09-21T09:43:41+00:00,2026-09-21T09:48:45.397816+00:00,905,cryptocurrency79
1492957,29971,"#ZETA/ USDT — BUY (SHORT) 
Leverage: Cross 25x – 5...T IS KEY
👉 Use ONLY 2 – 3% of your total portfolio",0044c75344def3bbf94b1d33f06a618e,2026-09-21T08:40:16+00:00,2026-09-21T09:48:45.230147+00:00,905,cryptocurrency79
1492956,29969,"🌈 Pair: SAGA/USDT

📈 Direction: LONG

📌 Leverage: ...nt

📊 Trade smart. Manage risk. Stay disciplined..",06c3da2b865fe971970d815b465d4e30,2026-09-21T08:40:16+00:00,2026-09-21T09:48:45.214205+00:00,905,cryptocurrency79
1492955,29970,"👑 #SAGA/USDT — TRADE LONG

LEVERAGE 25X TO 50X

✅ ...

⛔️ STOP LOSS: 0.03420

⚡️ NO FEAR — JUST PROFITS",c25821f94b79c8a1e6eb5cdb92b9302c,2026-09-21T08:40:16+00:00,2026-09-21T09:48:45.211493+00:00,905,cryptocurrency79
1492954,29968,"⌛#TRX/USDT  ( LONG )

🍁 Leverage 👉 20X to 25X 

⛩️... 0.35658 | 0.36019 | 0.36486

🔕 Stoploss = 0.33188",9d472ac22bc33583fe5e149e2ee21927,2026-09-21T08:40:16+00:00,2026-09-21T09:48:45.169579+00:00,905,cryptocurrency79
1492953,29967,"#SAGA/USDT LONG   

👉Leverage : Cross 10× To 30×

...  0.0369
2)  0.0380
3)  0.0400

⭕Stop Loss : 0.034",ea91b4767604f4d38af6b577bfa6e737,2026-09-21T08:40:16+00:00,2026-09-21T09:48:45.152078+00:00,905,cryptocurrency79
1492952,29965,"📈 LONG #SAGA/USDT 

🚀 LEVERAGE : 50x

📊 ENTRY PRIC...TP🟢0.0380

TP🟢0.0400

STOPLOSS 🔴0.0342

REACTIONS?",acf0c315eac4e76bb7b2d5e914a8dbb6,2026-09-21T08:40:16+00:00,2026-09-21T09:48:45.027009+00:00,905,cryptocurrency79
1492951,29966,"SAGAUSDTUSDT  
Exchanges: BINGX 

🟢 Long
Leverage-....04666000
6) 0.05039000
7) 🚀🚀🚀 

⛔️ SL:
0.03400000",0c6554bf08d951c65341972b71a9ce48,2026-09-21T08:40:16+00:00,2026-09-21T09:48:45.022683+00:00,905,cryptocurrency79
1492950,29964,"🚀LONG: $OPG/USDT🚀
LEVERAGE: 20X-50X

🤍 ENTRY PRICE...1440- 0.1590
—————

❌ STOP LOSS: 0.11❌


REACTIONS",2b0054b3eb674e36b49bc2ffc8ab5be6,2026-09-21T08:40:16+00:00,2026-09-21T09:48:45.019771+00:00,905,cryptocurrency79
1492949,29963,"#ZETA/USDT LONG   

👉Leverage : Cross 10× To 30×

... 0.0675
2)  0.0695
3)  0.0725

⭕Stop Loss : 0.0635",b4251cad1ce50ac1bea168f1336e39ee,2026-09-21T08:40:15+00:00,2026-09-21T09:48:44.959837+00:00,905,cryptocurrency79
1492947,29961,"📈 LONG #ZETA/USDT 

🚀 LEVERAGE : 50x

📊 ENTRY PRIC...TP🟢0.0690

TP🟢0.0725

STOPLOSS 🔴0.0615

REACTIONS?",e78d3003ddbfed833e05714c5865636b,2026-09-21T08:40:15+00:00,2026-09-21T09:48:44.852477+00:00,905,cryptocurrency79
1492946,29960,"#RUNEUSDT — BUY (LONG) 
🎉
🟢 Leverage: Cross  30x

...️Stop Loss: 0.5335

🔽 Risk Management:

 REACTS !!",9c68e2d54e59e4b396eff2df7c1a702d,2026-09-21T08:40:15+00:00,2026-09-21T09:48:44.806024+00:00,905,cryptocurrency79
1492945,29959,"⭐ ZETA /USDT — LONG

💵 ENTRY: 0.06240-0.06000

⚙️ ...o

📌 Follow the setup and manage your risk wisely.",b8cda976678c65b8d4be974b0ff465ed,2026-09-21T08:40:15+00:00,2026-09-21T09:48:44.804022+00:00,905,cryptocurrency79
1492944,29958,"🌹 #PTB/USDT

🔴SHORT

✅ Entry: 0.0011077- 0.0011340...l advice.
💰 Stay disciplined. Protect your capital",7a5583000874029ca7ecb27a393ef9f1,2026-09-21T08:40:15+00:00,2026-09-21T09:48:44.735662+00:00,905,cryptocurrency79
1492943,29957,"⭐ ZAMA /USDT — LONG

💵 ENTRY: 0.0011100-0.0010340
...o

📌 Follow the setup and manage your risk wisely.",2c85542ca928787a3ccfbd2a27820bd1,2026-09-21T08:40:15+00:00,2026-09-21T09:48:44.669502+00:00,905,cryptocurrency79
1492942,29956,"📍Coin : #OP/USDT

🟢 LONG 

👉 Entry: 0.1266 - 0.124...t 5: 0.1329
🎯 Target 6: 0.1343

❌ StopLoss: 0.1205",4f9eb5bc3abbdd42081227e4055b5f56,2026-09-21T08:40:15+00:00,2026-09-21T09:48:44.635076+00:00,905,cryptocurrency79
1492936,29950,"⚡️⚡️ #BABY/USDT ⚡️⚡️
Exchanges: Bingx 
Signal Type...
5) 0.01235
6) 0.01252
7) 🚀🚀🚀

Stop Targets:
5-10%",a76ec41dabe4c26170a75907ff212b66,2026-09-21T08:40:15+00:00,2026-09-21T09:48:44.392261+00:00,905,cryptocurrency79
1492935,29949,"⚡️⚡️ #BAT/USDT ⚡️⚡️
Exchanges: Bingx 
Signal Type:...
5) 0.08477
6) 0.08597
7) 🚀🚀🚀

Stop Targets:
5-10%",ee2ecf88738ec53e020dd11db42ed406,2026-09-21T08:40:15+00:00,2026-09-21T09:48:44.366879+00:00,905,cryptocurrency79
1492933,29947,"⚡️⚡️ #ANIME/USDT ⚡️⚡️
Exchanges: Bingx 
Signal Typ...
5) 0.00338
6) 0.00343
7) 🚀🚀🚀

Stop Targets:
5-10%",97b85e467038d0347e6f77acdb873a9c,2026-09-21T08:40:15+00:00,2026-09-21T09:48:44.311146+00:00,905,cryptocurrency79
1492932,29946,"⚡️⚡️ #AVAX/USDT ⚡️⚡️
Exchanges: Bingx 
Signal Type...) 12.00980
6) 12.17975
7) 🚀🚀🚀

Stop Targets:
5-10%",39e6a379b0c4f4e6f784fb1d13428b12,2026-09-21T08:40:15+00:00,2026-09-21T09:48:44.225702+00:00,905,cryptocurrency79
1492931,29945,"ETHUSDT  
Exchanges: BINGX 

🟢 Short
Leverage- Cro...3.98
5) 2454.79
6) 2402.00
7) 🚀🚀🚀 

⛔️ SL:
2797.93",a8e726cc678fa960150249e4b1059724,2026-09-21T08:40:15+00:00,2026-09-21T09:48:44.167501+00:00,905,cryptocurrency79
1492929,29943,"💵 𝐒𝐈𝐆𝐍𝐀𝐋 𝐀𝐋𝐄𝐑𝐓 💵

#SAGA/USDT (25xLONG)

✅ ENTRY:0....TARGETS:-0.037/0.03940/0.04350

❌ STOP LOSS: 0.030",2938243d5f18ab0dcc4690ef3860c930,2026-09-21T08:40:15+00:00,2026-09-21T09:48:44.120958+00:00,905,cryptocurrency79
1492928,29942,"📈 LONG #MIRA/USDT

♻ Leverage: 20X

➡️ Entry :- 0.....05620
2) 0.05800
3) 0.06100

⭕ Stop Loss: 0.04800",a8ee202c557d7f02c10a010d6025aade,2026-09-21T08:40:14+00:00,2026-09-21T09:48:44.119460+00:00,905,cryptocurrency79
1492927,29941,"📊 ARC/USDT — LONG 

📍 ENTRY: 0.075

🎯 TARGET 1: 0....Manage your risk & trade responsibly.

🔥 LET’S GO!",ee2488192d3e5bbc4b0c55b2b229631a,2026-09-21T08:40:14+00:00,2026-09-21T09:48:44.046944+00:00,905,cryptocurrency79
1492926,29940,"⚡ #MTL/USDT

📤 Long 

💹 Buy: 0.2984 - 0.2896

🧿 Ta...137 - 0.3168

🧨 StopLoss: 0.2830 

🔘 Leverage: 20x",e4876b926c3cc126604e6315c3c18e5f,2026-09-21T08:40:14+00:00,2026-09-21T09:48:43.970355+00:00,905,cryptocurrency79
1492925,29939,"📊#W/USDT–LONG–10x - 30x 🚀

📍 𝐄𝐧𝐭𝐫𝐲 𝐙𝐨𝐧𝐞:

➥ 0.0120...tal.

⚠️ Disclaimer:
Trade at your own risk. DYOR.",bdf9742e3157819bdfb9dbdab1426d4e,2026-09-21T08:40:14+00:00,2026-09-21T09:48:43.936055+00:00,905,cryptocurrency79
1492924,29938,"🪙 Coin: #CFG/USDT
🧭 Type: #LONG

📈 Entry Zone:
0.1... within the zone and maintain strict risk control.",5a924dd3c8d67845cf82a90ca51bbb9a,2026-09-21T08:40:14+00:00,2026-09-21T09:48:43.923977+00:00,905,cryptocurrency79
1492923,29937,"📊 #MINA/USDT

🟢 POSITION: LONG

💰 ENTRY RANGE
➤ 0....
➤ 0.105

━━━━━━━━━━━━━━━━━━

✅ Manage risk wisely",5316468dfcf81c8796f897b19f852ccb,2026-09-21T08:40:14+00:00,2026-09-21T09:48:43.915445+00:00,905,cryptocurrency79
1492922,29936,"🚀 $JUP/USDT PERP 🚀

🟢 LONG

💰 Entry : 0.315$ – 0.2... 5X – 25X

⛔️ SL : 0.250$

📌 Use Only 2-5% Capital",2f45eb14dc035c06e4eb562877fc6f6e,2026-09-21T08:40:14+00:00,2026-09-21T09:48:43.860227+00:00,905,cryptocurrency79
1492921,29935,"#LONG 🟢🔤🔤🔤🔤🔤

#ALT/USDT

Margin Mode : Isolated 💎
...
🟥 SL : 0.007003 - 100%   

📊 LEV : 20X

🇯🇵Premium",921864d4c917a27f42ebe97f38575236,2026-09-21T08:40:14+00:00,2026-09-21T09:48:43.782386+00:00,905,cryptocurrency79
1492920,29934,"#ARB/USDT 🟢 LONG

📍 Entry Zone: 0.219834 – 0.22880...n: LONG

⚠️ Manage your risk and trade responsibly",8c1c4d3dc7a8162b144eb839c9931292,2026-09-21T08:40:14+00:00,2026-09-21T09:48:43.724575+00:00,905,cryptocurrency79
1492919,29933,"Coin #AR /USDT

Position: LONG 

Leverage:  Cross ...4.69

Targets: 🎯 4.94, 5.15, 5.40

Stop Loss: 4.59",4cdd91dc07008d305f3d160ae9c8f72b,2026-09-21T08:40:14+00:00,2026-09-21T09:48:43.722590+00:00,905,cryptocurrency79
1492918,29932,"⭐ ZAMA /USDT — LONG

💵 ENTRY: 0.06570-0.06300

⚙️ ...o

📌 Follow the setup and manage your risk wisely.",80df89778822d2a1fb33c3863f564848,2026-09-21T08:40:14+00:00,2026-09-21T09:48:43.689408+00:00,905,cryptocurrency79
1492917,29931,"✅ Long

#ATOM/USDT

Entry zone : 1.677 - 1.729

Ta...840
1.892
1.944

Stop loss :1.60797

Leverage: 10x",7a2d860a53812af2e78902b73eb31385,2026-09-21T08:40:14+00:00,2026-09-21T09:48:43.612445+00:00,905,cryptocurrency79
1492916,29930,"#ETHBTC | LONG SETUP

💰 Entry: $0.03292

🎯 Target1...t4: $0.03417
🎯 Target5: $0.03463

🛡 STOP: $0.03127",cead51eeb79f1e2223f9389860ad26ed,2026-09-21T08:40:14+00:00,2026-09-21T09:48:43.582748+00:00,905,cryptocurrency79
1492915,29929,"🟢VVV/USDT 📈

📈 long Setup 

💰 Entry Zone: 30.900–3...et 1. 
✅ Move SL to breakeven after Target 1 hits.",bfaffd6db55fdf006a935c64d2ec8c85,2026-09-21T08:40:14+00:00,2026-09-21T09:48:43.490684+00:00,905,cryptocurrency79
1492914,29928,"🚀SHORT: $ZETA/USDT🚀
LEVERAGE: 20X-50X

🤍 ENTRY PRI....054- 0.050
—————

❌ STOP LOSS: 0.068❌


REACTIONS",eee6851b121aeec61296746e9cb8b511,2026-09-21T08:40:14+00:00,2026-09-21T09:48:43.485470+00:00,905,cryptocurrency79
1492913,29927,"🐳 MINA/USDT #LONG🐳

✳️ ENTRY :- 0.130  0.123

💢 LE...: 0.152

⛔️ STOP-LOSS :- 0.115

☝️ Margin Use 2–3%",15bfa36b914cbfc8644973a724a4b8ed,2026-09-21T08:40:14+00:00,2026-09-21T09:48:43.473118+00:00,905,cryptocurrency79
1492911,29925,"#PLAYUSDT — BUY (LONG) 
🎉
🟢 Leverage: Cross  25x

...Stop Loss: 0.02612

🔽 Risk Management:

 REACTS !!",e55fecd6b047ad5ac02a63fcd8c3d7ba,2026-09-21T08:40:14+00:00,2026-09-21T09:48:43.385645+00:00,905,cryptocurrency79
1492910,29924,"💰#AKE / USDT👑

💎Setup Type: Strong SHORT  🔖Opportu...➝ 0.022000

4️⃣TP ➝ 0.015000

🚫Stop Loss: 0.045000",5a377f45c4770545d7433ccaf1956fc2,2026-09-21T08:40:14+00:00,2026-09-21T09:48:43.256620+00:00,905,cryptocurrency79
1492909,29923,"📊#ZETA/USDT — LONG

⚡️ Leverage : 10X – 30X

💹Entr...Entry After TP1

⚖️ Follow Proper Risk Management.",4deee1ee3348fe6ec4d786c0df6d8aac,2026-09-21T08:40:14+00:00,2026-09-21T09:48:43.254997+00:00,905,cryptocurrency79
1492908,29922,"$TAO

Long at cmp. 268.42

Tp. 304.4

Sl. 241.5",d22dc600eab269497c09383c388bfbc9,2026-09-21T08:40:14+00:00,2026-09-21T09:48:43.245831+00:00,905,cryptocurrency79
1492872,29877,"🔴 Short

Pair: #BNB/USDT

📊 Entry Price: 

1) 767....
4) 714.382

Stop Loss: 815.831

Leverage: 10x-20x",337c4d6002575bc8d2e861a5e97ed08a,2026-09-21T08:37:56+00:00,2026-09-21T09:48:41.568305+00:00,905,cryptocurrency79
1492869,29876,"🔴 SHORT

#ZEC/USDT

Entry zone : 1565.87 - 1520.27...75.08
1329.24

Stop loss :1626.6889

Leverage: 10x",838679a0ef165490fccd7aa45f22ddfa,2026-09-21T08:37:55+00:00,2026-09-21T09:48:41.553029+00:00,905,cryptocurrency79
1498812,30010,"⭐️#PHA/USDT  SHORT

🛡Leverage : Cross 25x50

‼️Ent... 0.061

Use only 3% - 5% amount of your portfolio🛍",cc2323e439504cc153a06a1611e98290,2026-09-21T12:28:59+00:00,2026-09-21T12:37:28.354031+00:00,905,cryptocurrency79
1498810,30008,"#ZAMA      /USDT (SHORT) 🔽🔽

⌛LEVERAGE : 20X TO 75...5


💥Use only 1%margin of your total portfolio❤️😘😇",50a057e2f34429eb2b4fc73a0cace266,2026-09-21T12:28:59+00:00,2026-09-21T12:37:28.188835+00:00,905,cryptocurrency79
1498809,30007,"#AVNTUSDT — BUY (LONG) 
🎉
🟢 Leverage: Cross  30x

...️Stop Loss: 0.1095

🔽 Risk Management:

 REACTS !!",314369e8a019d6d86d84a0e67834b9bb,2026-09-21T12:28:59+00:00,2026-09-21T12:37:28.183250+00:00,905,cryptocurrency79
1498808,30006,"👑My Coin: $UAI/USDT
👀Looking for SHORT

🌟0.5279 Wi...⚠️I Will Set: 0.5459
°°°°°°°°°°°°°° As my stoploss",edf01a3c45f5976f87187d6d6a4d828e,2026-09-21T12:28:59+00:00,2026-09-21T12:37:28.175994+00:00,905,cryptocurrency79
1498807,30005,"⚡️Pair: PHA/USDT
Type: LONG 🟢
💫Leverage:  (20X_100...70
2) 0.082
3) 0.099
4) 0.120

❌ STOP LOSS: 0.052❌",7e0c2819d06856961bc0974a2d39739b,2026-09-21T12:28:59+00:00,2026-09-21T12:37:28.164761+00:00,905,cryptocurrency79
1498806,30004,"#SEI     /USDT (SHORT) 🔽🔽

⌛LEVERAGE : 20X TO 75X
...0


💥Use only 1%margin of your total portfolio❤️😘😇",a18d8af7f2a120dfdaa1857fe4ab664e,2026-09-21T12:28:59+00:00,2026-09-21T12:37:28.093379+00:00,905,cryptocurrency79
1498805,30003,"Use only 2% Funds

#XRP/USDT (SHORT)

Entry 1 = 1....Profit
T.P 3 = 1000% Profit 

🔴Stop loss at 1.5650",7c3b83d189fe5fcb751f10763493e759,2026-09-21T12:28:59+00:00,2026-09-21T12:37:27.998852+00:00,905,cryptocurrency79
1498804,30002,"#PHA/USDT

📈Signal: long Leverage: Cross 50X

⚡️En...even after TP1 is hit.

📣Trade Smart • Follow Risk",0bcd0e7019c293e09cd3c6f5c5e5bfc3,2026-09-21T12:28:58+00:00,2026-09-21T12:37:27.971179+00:00,905,cryptocurrency79
1498803,30001,"👑My Coin: $PTB/USDT
👀Looking for SHORT

🌟0.0011053... Will Set: 0.0011468
°°°°°°°°°°°°°° As my stoploss",778d41c48a632b02b2ae6e601e966677,2026-09-21T12:28:58+00:00,2026-09-21T12:37:27.952192+00:00,905,cryptocurrency79
1498802,30000,"SOL/USDT My Long Trade Idea 💡

Leverage 100X

Entr....000

Stop Loss   115.000

Follow Money Management",7539a7af83abb3d21bad7432ce78d1f9,2026-09-21T12:28:58+00:00,2026-09-21T12:37:27.946391+00:00,905,cryptocurrency79
1498801,29999,"🚀 LONG: $AKE/USDT
LEVERAGE: 50x

✔️ENTRY PRICE: 0....-0.04770-0.05000

STOP LOSS:  0.04140


REACTIONS?",9d4021e895a4ad3ec75b40f32800973d,2026-09-21T12:28:58+00:00,2026-09-21T12:37:27.945717+00:00,905,cryptocurrency79
1498800,29998,"🔰 PAIR: OP/ USDT 💹

🟢Position: LONG🚀

☑️ Entry Zon...:
🥇 0.1291
🥈 0.1316
🥉 0.1347

❌ Stop Loss: 🔴0.1224",9b9772707f8f1aeab73174fc06c39344,2026-09-21T12:28:58+00:00,2026-09-21T12:37:27.829818+00:00,905,cryptocurrency79
1498797,29994,"🚀 #AKTUSDT LONG SIGNAL 🚀
⚡️ LEVERAGE 50X–75X

📌 EN...tch this move together!
🔓 Trade Smart • Trade Safe",023199e901d6b70f03877c0cc3095438,2026-09-21T12:28:58+00:00,2026-09-21T12:37:27.706784+00:00,905,cryptocurrency79
1498796,29993,"✨OP/USDT

🎗 Trade Type = LONG 🟢

⭐️ Leverage :- 20...877, 0.13003, 0.13136, 0.13256, 0.13389, 0.13548 ]",7089fcc6fe4a79573f1d36868d1f0f2b,2026-09-21T12:28:58+00:00,2026-09-21T12:37:27.699004+00:00,905,cryptocurrency79
1498795,29992,"#KMNO/USDT

📈Signal: long Leverage: Cross 20X

⚡️E...even after TP1 is hit.

📣Trade Smart • Follow Risk",7fbbf7fe7f6e84f0b662eb3423ae6dab,2026-09-21T12:28:58+00:00,2026-09-21T12:37:27.634372+00:00,905,cryptocurrency79
1498792,29988,"#ZAMA/ USDT — BUY (LONG) 
Leverage: Cross 25x – 50...T IS KEY
👉 Use ONLY 2 – 3% of your total portfolio",26f9a867703cf35dc305879429d29e74,2026-09-21T12:28:58+00:00,2026-09-21T12:37:27.476854+00:00,905,cryptocurrency79
1498790,29987,"#BTC/USDT

LONG LONG LONG 

OPEN MARKET PRICE 

TP...4150
TP 84550
TP 84700
TP 85100

SL 79500

LEV 27X",56a1a4961a1bb1f4e97275ed29d784c2,2026-09-21T12:28:58+00:00,2026-09-21T12:37:27.467059+00:00,905,cryptocurrency79
1503456,30035,"⭐️#NIL/USDT  LONG

🛡Leverage : Cross 25x50

‼️Entr... 0.060

Use only 3% - 5% amount of your portfolio🛍",0efdfa326dc290f9409d445046a90724,2026-09-21T13:58:05+00:00,2026-09-21T14:39:08.783981+00:00,905,cryptocurrency79
1503434,30017,"📊#ARKM/USDT–LONG–10x - 30x 🚀

📍 𝐄𝐧𝐭𝐫𝐲 𝐙𝐨𝐧𝐞:

➥ 0.1...tal.

⚠️ Disclaimer:
Trade at your own risk. DYOR.",3d876f145f5e391a62497fe3177eae57,2026-09-21T13:56:54+00:00,2026-09-21T14:39:07.975561+00:00,905,cryptocurrency79
1503432,30018,"🌈Pair: ZETA/USDT

📈Direction: LONG

📌Leverage: 25x...nt

📊 Trade smart. Manage risk. Stay disciplined..",61568e6ba55b7a53191d6c3658ce51e8,2026-09-21T13:56:54+00:00,2026-09-21T14:39:07.967538+00:00,905,cryptocurrency79
1503431,30016,"📊 Let’s LONG #TAO/USDT

💥 Leverage:  Cross 20×  - ...1) 294.95
2) 301.85
3) 312.50

🔖 Stop Loss: 270.00",c77701e15610a2d3d30ba787575c7945,2026-09-21T13:56:54+00:00,2026-09-21T14:39:07.960853+00:00,905,cryptocurrency79
1507883,30084,"#DOT | LONG SETUP

💰 Entry: $1.1939

🎯 Target1: $1...t4: $1.23927
🎯 Target5: $1.25598

🛡 STOP: $1.13420",cf84be0e3f83511b2c8172c632d685bb,2026-09-21T17:03:56+00:00,2026-09-21T17:37:35.741309+00:00,905,cryptocurrency79
1507882,30082,"Saga USDT
Long
Market Price
Target 

0.3700
0.3800
0.3900

Dca 0.3430",73c571d1a2f71d339a133aee81819d9d,2026-09-21T17:03:56+00:00,2026-09-21T17:37:35.731842+00:00,905,cryptocurrency79
1507881,30083,"#ENS | LONG SETUP

💰 Entry: $6.792

🎯 Target1: $6....t4: $7.05010
🎯 Target5: $7.14518

🛡 STOP: $6.45240",5ac93c9e129676b69fb0f636d3fc7675,2026-09-21T17:03:56+00:00,2026-09-21T17:37:35.726897+00:00,905,cryptocurrency79
1507880,30081,"📈 LONG #PHA/USDT 

🚀 LEVERAGE : 50x

📊 ENTRY PRICE...TP🟢0.0540

TP🟢0.0570

STOPLOSS 🔴0.0475

REACTIONS?",1a3fe6ceb94e3bb22238c51e22acb536,2026-09-21T17:03:56+00:00,2026-09-21T17:37:35.603782+00:00,905,cryptocurrency79
1507879,30080,"⚡️$RUNE/USDT⚡️

SHORT
Leverage: 35X

Entry: 0.6268...871
3)0.5688
4)0.5504
5)0.5321

Stoploss: 0.651202",50bfd62386a590570f28139894427d8b,2026-09-21T17:03:56+00:00,2026-09-21T17:37:35.597295+00:00,905,cryptocurrency79
1507877,30077,"🔴 SHORT

#RUNE/USDT

Entry zone : 0.6268 - 0.6086
...
0.5504
0.5321

Stop loss :0.651202

Leverage: 10x",c5d1659b0c45e4e1ba0887b5d551ab97,2026-09-21T16:20:16+00:00,2026-09-21T17:37:35.562402+00:00,905,cryptocurrency79
1507876,30078,"💸 LONG — LDO

Entry: 0.4346

💸 Targets: 0.4391 / 0...99

💸  Stop: 0.4124

💸 Move SL to entry after TP1.",3b84fb4a5362a7e36a97a2683baf7896,2026-09-21T16:20:16+00:00,2026-09-21T17:37:35.559517+00:00,905,cryptocurrency79
1507875,30076,"Long #ONE 50x 0.004300

Tp: 0.0044700",00a271378ef86d4d5e717da4dfc32b2c,2026-09-21T16:20:16+00:00,2026-09-21T17:37:35.451996+00:00,905,cryptocurrency79
1507872,30073,"$FLOW Buying Setup:

Entry; CMp till 0.031
TP: 0.0...u know what happens when a coin breakout like that",f42d83fbc5037f957a44d6304d3eafde,2026-09-21T15:49:20+00:00,2026-09-21T17:37:35.403774+00:00,905,cryptocurrency79
1507870,30070,"BTC/USD SELL 

Entry : $ 90109

Target1: $ 87975 
Target2: $ 84210
Target3: $ 80462 


SL : $ 92272",776955770d5cb23357d0cfa822bf25b7,2026-09-21T15:49:20+00:00,2026-09-21T17:37:35.298010+00:00,905,cryptocurrency79
1507869,30069,"🚀 LONG: $AKE/USDT
LEVERAGE: 50x

✔️ENTRY PRICE: 0....-0.05760-0.06210

STOP LOSS:  0.05065


REACTIONS?",074205b330fbd77d70cf8059d787f342,2026-09-21T15:49:20+00:00,2026-09-21T17:37:35.261014+00:00,905,cryptocurrency79
1507868,30068,"🔴 Short

Pair: #BNB/USDT

📊 Entry Price: 

1) 804....
4) 749.213

Stop Loss: 855.608

Leverage: 10x-20x",a4d752d5718ec3a9b6cd9fc3fec98c23,2026-09-21T15:49:20+00:00,2026-09-21T17:37:35.257432+00:00,905,cryptocurrency79
1507867,30067,"#BNB/USDT

LONG LONG LONG 

OPEN MARKET PRICE 

TP 805.50
TP 810.20
TP 825.50

SL 761.50

LEV 25X",718b46c10002a9922be7d393c132bc67,2026-09-21T15:49:20+00:00,2026-09-21T17:37:35.241377+00:00,905,cryptocurrency79
1507866,30066,"🚀 #RUNEUSDT LONG SIGNAL 🚀
⚡️ LEVERAGE 50X–75X

📌 E...tch this move together!
🔓 Trade Smart • Trade Safe",5f086b0400fe01a5646a7d184a51d907,2026-09-21T15:49:20+00:00,2026-09-21T17:37:35.218278+00:00,905,cryptocurrency79
1507865,30065,"#BTC       /USDT (SHORT) 🔽🔽

⌛LEVERAGE : 20X TO 75...0


💥Use only 1%margin of your total portfolio❤️😘😇",bda2595e09c63b874c48f48147882950,2026-09-21T15:49:20+00:00,2026-09-21T17:37:35.147050+00:00,905,cryptocurrency79
1507863,30063,"🌈Pair: ONE/USDT

📈Direction: SHORT

📌Leverage: 25x...nt

📊 Trade smart. Manage risk. Stay disciplined..",387383f84362ae1477fa4b2ccd63231e,2026-09-21T15:49:20+00:00,2026-09-21T17:37:35.063750+00:00,905,cryptocurrency79
1507862,30062,"#ONE/ USDT — BUY (SHORT) 
Leverage: Cross 25x – 50...T IS KEY
👉 Use ONLY 2 – 3% of your total portfolio",72a51be01661b200bc80bd4e53791a98,2026-09-21T15:49:19+00:00,2026-09-21T17:37:35.061972+00:00,905,cryptocurrency79
1507861,30061,"🪙#PHA/USDT

🚩POSITION — SHORT

🔒  LEVERAGE — 20X75...0.05340
TP🥉: 0.05050

⛔️ SL: 0.06400

🔥REACTIONS?😜",e3164b7d4b9abc30fe37463244125524,2026-09-21T15:49:19+00:00,2026-09-21T17:37:35.033538+00:00,905,cryptocurrency79
1507855,30053,"🌈Pair: PHA/USDT

📈Direction: LONG

📌Leverage: 25x ...nt

📊 Trade smart. Manage risk. Stay disciplined..",520893a9e18be9caec87b26b36190099,2026-09-21T15:03:31+00:00,2026-09-21T17:37:34.840611+00:00,905,cryptocurrency79
1507854,30052,"💰#SAGA / USDT👑

💎Setup Type: Strong SHORT  🔖Opport...TP ➝ 0.02783

4️⃣TP ➝ 0.02692

🚫Stop Loss: 0.03899",3ae56708a2cc2e16489633b715048e04,2026-09-21T15:03:31+00:00,2026-09-21T17:37:34.733071+00:00,905,cryptocurrency79
1507853,30051,"SHORT

AVAX/USDT

MARKET PRICE 

Leverage: 10X

TP...5% of capital 

Always use proper risk management.",4820f2c07cecf321df84e12c75bf34a4,2026-09-21T15:03:31+00:00,2026-09-21T17:37:34.722060+00:00,905,cryptocurrency79
1507852,30050,"#LONG 🟢🔤🔤🔤🔤🔤

#DOT/USDT

Margin Mode : Isolated 💎
...2

🟥 SL : 1.1225 - 100%   

📊 LEV : 20X

🇯🇵Premium",aca18dff24bd65770040467bdf798192,2026-09-21T15:03:31+00:00,2026-09-21T17:37:34.702862+00:00,905,cryptocurrency79
1507851,30049,"PUMP/USDT LONG SETUP 

PUMP is approaching a major...nel structure gives room for a larger upside move.",d602fa9643988946c4b94fe17e71d53d,2026-09-21T15:03:31+00:00,2026-09-21T17:37:34.657661+00:00,905,cryptocurrency79
1507850,30048,"🌹 #BNB/USDT

🟢 LONG

✅ Entry: 794.80- 780

❌ Stopl...l advice.
💰 Stay disciplined. Protect your capital",9ffb010af42f3cbe0ff5ccace248a8cd,2026-09-21T15:03:30+00:00,2026-09-21T17:37:34.629027+00:00,905,cryptocurrency79
1507849,30044,"⭐️#UAI/USDT  SHORT

🛡Leverage : Cross 25x50

‼️Ent... 0.573

Use only 3% - 5% amount of your portfolio🛍",586c62815fa613f1f6819e65160bb92b,2026-09-21T15:03:30+00:00,2026-09-21T17:37:34.516709+00:00,905,cryptocurrency79
1507847,30046,"🌈Pair: PTB/USDT

📈Direction: LONG

📌Leverage: 25x ...nt

📊 Trade smart. Manage risk. Stay disciplined..",f0f3ef40f741b87b651a64270bb0ad77,2026-09-21T15:03:30+00:00,2026-09-21T17:37:34.504078+00:00,905,cryptocurrency79
1507848,30047,"🔴 SHORT

#RLC/USDT

Entry : 

1) 0.3416
2) 0.3518
...0.3179

🛑 Stop : 0.3631

Leverage : 10x (isolated)",56dbca087c79718fa84f4555a628c478,2026-09-21T15:03:30+00:00,2026-09-21T17:37:34.503424+00:00,905,cryptocurrency79
1507846,30045,"🚨 #AVAX/USDT | LONG 

⚡Leverage: Cross 20x

🎯Entry... follow the signal and secure profits at targets.💎",c0dfc7515ad4bd9e7cf09e45e9994882,2026-09-21T15:03:30+00:00,2026-09-21T17:37:34.497143+00:00,905,cryptocurrency79
1513256,30122,"⚡️Pair: EVAA/USDT
Type: LONG 🟢
💫Leverage:  (20X_10...) 0.90
2) 1.00
3) 1.15
4) 1.40

❌ STOP LOSS: 0.72❌",21afdb7c7688d42af77552607e542db1,2026-09-21T19:55:12+00:00,2026-09-21T22:27:35.441829+00:00,905,cryptocurrency79
1513254,30113,"⚡️⚡️#ARKM/USDT⚡️⚡️

Signal Type : Long
Leverage : ...
2) 0.1265
3) 0.1317
4) 0.1362

Stop Loss : 0.1168",452421fe159165aad7c07f2e7d9a6424,2026-09-21T19:55:11+00:00,2026-09-21T22:27:35.343758+00:00,905,cryptocurrency79
1513253,30112,"✅Entry  -0.0042706 - 0.004230

(🆘LONG ONEUSDT 5-20...004530
🏹Target 6  $0.004580

🚫Stop loss -0.0040211",a20bdbd45daf5759fc427eaa3fd11766,2026-09-21T19:55:11+00:00,2026-09-21T22:27:35.329475+00:00,905,cryptocurrency79
1513247,30106,"🔴 SHORT

#DOGE/USDT

Entry : 

1) 0.098190
2) 0.10...1396

🛑 Stop : 0.104375

Leverage : 10x (isolated)",225cfb39f360b09ec4c9025c60ea42b4,2026-09-21T19:55:11+00:00,2026-09-21T22:27:35.139282+00:00,905,cryptocurrency79
1513246,30105,"🟢 Long

#ZEC/USDT

Entry : 

1) 1484.41
2) 1439.87...85.96

🛑 Stop : 1390.89

Leverage : 10x (isolated)",55f9cde945d8720369b1f7abfe34b318,2026-09-21T19:55:11+00:00,2026-09-21T22:27:35.111142+00:00,905,cryptocurrency79
1513233,30089,"👑 #MUBARAK/USDT — TRADE LONG

LEVERAGE 25X TO 50X
...

⛔️ STOP LOSS: 0.04420

⚡️ NO FEAR — JUST PROFITS",afd734264041fcbe74422ab82f220253,2026-09-21T19:54:45+00:00,2026-09-21T22:27:34.609102+00:00,905,cryptocurrency79
1513231,30087,"🔰 PAIR: SAND/ USDT 💹

🟢Position: LONG🚀

☑️ Entry Z...0.04209
🥈 0.04256
🥉 0.04442

❌ Stop Loss: 🔴0.04002",173ffa0b14c98fe942d890c1a582ae20,2026-09-21T19:54:45+00:00,2026-09-21T22:27:34.607426+00:00,905,cryptocurrency79
1522675,30229,"✨SOL/USDT

🎗 Trade Type = LONG 🟢

⭐️ Leverage :- 2...[ 118.12, 119.43, 120.57, 121.50, 122.99, 124.45 ]",4746341ba2f28b5528a30adb54fa0fdb,2026-09-22T05:02:42+00:00,2026-09-22T07:47:14.854936+00:00,905,cryptocurrency79
1522674,30228,"#1000PEPE/USDT LONG   

👉Leverage : Cross 10× To 3...0540
2)  0.00560
3)  0.00604

⭕Stop Loss : 0.00495",87ac93df24b78351b6a28057576ff7fb,2026-09-22T05:02:42+00:00,2026-09-22T07:47:14.784619+00:00,905,cryptocurrency79
1522671,30227,"👑 #1000PEPE/USDT — TRADE LONG

LEVERAGE 25X TO 50X...
⛔️ STOP LOSS: 0.004950

⚡️ NO FEAR — JUST PROFITS",a1e320e0b830a4a4b0561d233c5bc6f8,2026-09-22T05:02:42+00:00,2026-09-22T07:47:14.613132+00:00,905,cryptocurrency79
1522670,30226,"🚀 $PEPE/USDT PERP 🚀

🟢 LONG

💰 Entry : 0.000052$ –... – 25X

⛔️ SL : 0.000038$

📌 Use Only 2-5% Capital",659812b0b12c9ee23169b34b3018c06f,2026-09-22T05:02:42+00:00,2026-09-22T07:47:14.592606+00:00,905,cryptocurrency79
1522669,30225,"📊#WAL/USDT–LONG–10x - 30x 🚀

📍 𝐄𝐧𝐭𝐫𝐲 𝐙𝐨𝐧𝐞:

➥ 0.03...tal.

⚠️ Disclaimer:
Trade at your own risk. DYOR.",29bec662cab00a7c8f4a2e8da8f89f03,2026-09-22T05:02:42+00:00,2026-09-22T07:47:14.539477+00:00,905,cryptocurrency79
1522666,30223,"🌈Pair: 1000PEPE/USDT

📈Direction: LONG

📌Leverage:...nt

📊 Trade smart. Manage risk. Stay disciplined..",e77e226e5c6855a2dd1aac281afd9cf6,2026-09-22T05:02:42+00:00,2026-09-22T07:47:14.377794+00:00,905,cryptocurrency79
1522661,30222,"🟢KERNEL/USDT 📈

📈 long Setup 

💰 Entry Zone: 0.068...et 1. 
✅ Move SL to breakeven after Target 1 hits.",bbdad9f1d1050602d0f2b0ffded17eb3,2026-09-22T05:02:42+00:00,2026-09-22T07:47:14.191458+00:00,905,cryptocurrency79
1522660,30221,"✅ Long

#LTC/USDT

Entry zone : 59.01 - 60.84

Tak....77
66.58
68.40

Stop loss :56.5812

Leverage: 10x",c9fb1c44dfbe92abea8f7d69ba861094,2026-09-22T05:02:42+00:00,2026-09-22T07:47:14.155944+00:00,905,cryptocurrency79
1522659,30220,"🔰 NEWT/USDT 🔰

🟢 LONG 20X

🔳 ENTRY :- 0.04970

☑️ TARGET:- 0.051 - 0.053 - 0.056

🔴 STOP :- 0.047",3dd10ee728d53662e4ff6447eac762b4,2026-09-22T05:02:42+00:00,2026-09-22T07:47:14.108429+00:00,905,cryptocurrency79
1522658,30219,"🐳 ZETA/USDT #LONG🐳

✳️ ENTRY :- 0.064  0.061

💢 LE...: 0.076

⛔️ STOP-LOSS :- 0.053

☝️ Margin Use 2–3%",d462fdb3a177a12b35987ad244de4d10,2026-09-22T05:02:42+00:00,2026-09-22T07:47:14.055173+00:00,905,cryptocurrency79
1522656,30218,"🟢 Long

#ETH/USDT

Entry : 

1) 2736.07
2) 2653.98...23.25

🛑 Stop : 2563.69

Leverage : 10x (isolated)",fac84f1009a4e478792b56215ce6c6e9,2026-09-22T05:02:42+00:00,2026-09-22T07:47:13.986134+00:00,905,cryptocurrency79
1522651,30217,"📊 KERNEL/USDT — LONG 

📍 ENTRY: 0.06640

🎯 TARGET ...Manage your risk & trade responsibly.

🔥 LET’S GO!",d033ecee48311764c932ccf7a10bcbd4,2026-09-22T05:02:42+00:00,2026-09-22T07:47:13.818494+00:00,905,cryptocurrency79
1522650,30216,"🚀 #WALUSDT LONG SIGNAL 🚀
⚡️ LEVERAGE 50X–75X

📌 EN...tch this move together!
🔓 Trade Smart • Trade Safe",410cffc9352ddd8ea78d98756ab55bfb,2026-09-22T05:02:41+00:00,2026-09-22T07:47:13.766897+00:00,905,cryptocurrency79
1522649,30214,"#IN/USDT LONG   

👉Leverage : Cross 10× To 30×

En...
1)  0.040
2)  0.042
3)  0.043

⭕Stop Loss : 0.036",0324de3f7ab6c0cf88686db116a9e571,2026-09-22T05:02:41+00:00,2026-09-22T07:47:13.665118+00:00,905,cryptocurrency79
1522648,30215,"#PHA/USDT LONG   

👉Leverage : Cross 10× To 30×

E... 0.0562
2)  0.0580
3)  0.0610

⭕Stop Loss : 0.0516",f887a45f6e9910f07106ec23ff895f91,2026-09-22T05:02:41+00:00,2026-09-22T07:47:13.664248+00:00,905,cryptocurrency79
1522641,30212,"📊 #PHA/USDT

🟢 POSITION: LONG

💰 ENTRY RANGE
➤ 0.0...
➤ 0.042

━━━━━━━━━━━━━━━━━━

✅ Manage risk wisely",9f7debf853c58e947a9cbd5235cd9fff,2026-09-22T05:02:41+00:00,2026-09-22T07:47:13.419383+00:00,905,cryptocurrency79
1522639,30210,"⚡️$NEWT/USDT⚡️

LONG
Leverage: 20X

Entry: 0.04970...
Target:

1)0.051
2)0.053
3)0.056

Stoploss: 0.047",b2c2378b280fb5873a3940028615b910,2026-09-22T05:02:41+00:00,2026-09-22T07:47:13.321104+00:00,905,cryptocurrency79
1522638,30209,"⚡️$MUBARAK/USDT⚡️

LONG
Leverage: 25X 

Entry: 0.0...get:

1)0.0485
2)0.0500
3)0.0520

Stoploss: 0.0434",c2b4f19b70e86756e4be3d5ad591bc51,2026-09-22T05:02:41+00:00,2026-09-22T07:47:13.294405+00:00,905,cryptocurrency79
1522633,30207,"#FARTCOIN/USDT (25xLONG)

✅ ENTRY:0.1920/0.1860

TARGETS:-0.1970/0.2070/0.2220

❌ STOP LOSS: 0.1650",74d4e06decb0aa8813dcda4e33acf921,2026-09-22T05:02:41+00:00,2026-09-22T07:47:13.026217+00:00,905,cryptocurrency79
1522630,30206,"✅ Long

Pair: #BNB/USDT

📊 Entry Price: 

1) 790.3...
4) 844.411

Stop Loss: 740.548

Leverage: 10x-20x",9c1e22ddf19baea379d141d5e73a3bdc,2026-09-22T05:02:41+00:00,2026-09-22T07:47:12.967964+00:00,905,cryptocurrency79
1522628,30204,"📈 LONG #1000PEPE/USDT

♻ Leverage: 20X

➡️ Entry :....00515
2) 0.00535
3) 0.00566

⭕ Stop Loss: 0.00455",fb1a8ed29a8042a602bb7f8d2abecef3,2026-09-22T05:02:41+00:00,2026-09-22T07:47:12.930565+00:00,905,cryptocurrency79
1522627,30203,"$WIF/USDT #LONG📩

✅ENTRY :-0.2480/0.2390

Target 1...𝐎𝐧𝐥𝐲 𝟏-𝟑% 𝐎𝐟 𝐎𝐮𝐫 𝐃𝐞𝐩𝐨𝐬𝐢𝐭 𝐅𝐨𝐫 𝐄𝐚𝐜𝐡 𝐓𝐫𝐚𝐝𝐞

React,??m",37b303a320e107558f5155ab3c390ad2,2026-09-22T05:02:41+00:00,2026-09-22T07:47:12.881072+00:00,905,cryptocurrency79
1522621,30202,"⭐️#TAO/USDT  LONG

🛡Leverage : Cross 25x50

‼️Entr...295.34

Use only 3% - 5% amount of your portfolio🛍",704dec00598cb87bcdd4c49952751fb7,2026-09-22T05:02:41+00:00,2026-09-22T07:47:12.587851+00:00,905,cryptocurrency79
1522619,30198,"📊#ALT/USDT — LONG

⚡️ Leverage : 10X – 30X

💹Entry...Entry After TP1

⚖️ Follow Proper Risk Management.",258625ff5f37a8c7fb0cac4b962d8edd,2026-09-22T05:02:41+00:00,2026-09-22T07:47:12.558363+00:00,905,cryptocurrency79
1522618,30200,"#PHA/ USDT — BUY (LONG) 
Leverage: Cross 25x – 50x...T IS KEY
👉 Use ONLY 2 – 3% of your total portfolio",f12f2bc4e379ed48dbb1007900a1d78e,2026-09-22T05:02:41+00:00,2026-09-22T07:47:12.545980+00:00,905,cryptocurrency79
1522617,30199,"#ONE/ USDT — BUY (LONG) 
Leverage: Cross 25x – 50x...T IS KEY
👉 Use ONLY 2 – 3% of your total portfolio",d6e6525987dc898c4be98f46b75ad43d,2026-09-22T05:02:41+00:00,2026-09-22T07:47:12.544271+00:00,905,cryptocurrency79
