id,external_id,message_preview,hash,published_at,created_at,source_id,source_name
664813,22946,"🔖 Signal ID: 006
📩 #UNIUSDT 15M | MACD Cross
📉 Sho...you can put the rest of the position to breakeven.",f222a048262997942c72497fc74f10f6,2026-08-19T17:43:04+00:00,2026-08-19T18:55:16.311295+00:00,674,crytoaltlexadmin_1
664810,22942,"🔖 Signal ID: 005
📩 #LTCUSDT 15M | MACD Cross
📉 Sho...you can put the rest of the position to breakeven.",ff3f667a284316960b7ab54ccccfa3e8,2026-08-19T17:43:04+00:00,2026-08-19T18:55:16.293382+00:00,674,crytoaltlexadmin_1
664786,22945,"🔖 Signal ID: 009
📩 #OPUSDT 15M | MACD Cross
📉 Shor...you can put the rest of the position to breakeven.",8c9cfcf087f9bc137389b2471e8a367d,2026-08-19T17:43:04+00:00,2026-08-19T18:55:16.192542+00:00,674,crytoaltlexadmin_1
664782,22944,"🔖 Signal ID: 004
📩 #SHIBUSDT 15M | MACD Cross
📉 Sh...you can put the rest of the position to breakeven.",e021a8a4d5f2cef6b07268bdd762e722,2026-08-19T17:43:04+00:00,2026-08-19T18:55:16.177959+00:00,674,crytoaltlexadmin_1
664777,22943,"🔖 Signal ID: 005
📩 #LTCUSDT 15M | MACD Cross
📉 Sho...you can put the rest of the position to breakeven.",ff3f667a284316960b7ab54ccccfa3e8,2026-08-19T17:43:04+00:00,2026-08-19T18:55:16.160527+00:00,674,crytoaltlexadmin_1
664796,22929,"🔖 Signal ID: 005
📩 #LTCUSDT 15M | MACD Cross
📉 Sho...you can put the rest of the position to breakeven.",ff3f667a284316960b7ab54ccccfa3e8,2026-08-19T17:43:01+00:00,2026-08-19T18:55:16.232306+00:00,674,crytoaltlexadmin_1
664792,22921,"🔖 Signal ID: 002
📩 #DOGEUSDT 15M | MACD Cross
📉 Sh...you can put the rest of the position to breakeven.",748bc0eb51b21929e4a8b4b54e38a5d7,2026-08-19T17:43:00+00:00,2026-08-19T18:55:16.211552+00:00,674,crytoaltlexadmin_1
664769,22926,"🔖 Signal ID: 002
📩 #DOGEUSDT 15M | MACD Cross
📉 Sh...you can put the rest of the position to breakeven.",748bc0eb51b21929e4a8b4b54e38a5d7,2026-08-19T17:43:00+00:00,2026-08-19T18:55:16.087114+00:00,674,crytoaltlexadmin_1
664767,22924,"🔖 Signal ID: 002
📩 #DOGEUSDT 15M | MACD Cross
📉 Sh...you can put the rest of the position to breakeven.",748bc0eb51b21929e4a8b4b54e38a5d7,2026-08-19T17:43:00+00:00,2026-08-19T18:55:16.066664+00:00,674,crytoaltlexadmin_1
664757,22925,"🔖 Signal ID: 001
📩 #ADAUSDT 15M | MACD Cross
📉 Sho...you can put the rest of the position to breakeven.",d07a83fc374c6cba9f6d32dd5aee0c01,2026-08-19T17:43:00+00:00,2026-08-19T18:55:15.911260+00:00,674,crytoaltlexadmin_1
664785,22917,"🔖 Signal ID: 001
📩 #ADAUSDT 15M | MACD Cross
📉 Sho...you can put the rest of the position to breakeven.",d07a83fc374c6cba9f6d32dd5aee0c01,2026-08-19T17:42:59+00:00,2026-08-19T18:55:16.190198+00:00,674,crytoaltlexadmin_1
664776,22918,"🔖 Signal ID: 001
📩 #ADAUSDT 15M | MACD Cross
📉 Sho...you can put the rest of the position to breakeven.",d07a83fc374c6cba9f6d32dd5aee0c01,2026-08-19T17:42:59+00:00,2026-08-19T18:55:16.134730+00:00,674,crytoaltlexadmin_1
664802,22898,"🔖 Signal ID: 010
📩 #PEPEUSDT 15M | MACD Cross
📉 Sh...you can put the rest of the position to breakeven.",9fd0ffed179cf67f56855377e678b6cd,2026-08-19T17:40:48+00:00,2026-08-19T18:55:16.260795+00:00,674,crytoaltlexadmin_1
664797,22897,"🔖 Signal ID: 007
📩 #APTUSDT 15M | MACD Cross
📉 Sho...you can put the rest of the position to breakeven.",cad7c68d91dfec93f208eae292cbb2b5,2026-08-19T17:40:48+00:00,2026-08-19T18:55:16.236719+00:00,674,crytoaltlexadmin_1
664781,22900,"🔖 Signal ID: 012
📩 #WIFUSDT 15M | MACD Cross
📉 Sho...t objective and extension toward the final target.",d0137db2dff57bbfe557205c288dfd93,2026-08-19T17:40:48+00:00,2026-08-19T18:55:16.181674+00:00,674,crytoaltlexadmin_1
664759,22899,"🔖 Signal ID: 011
📩 #FLOKIUSDT 15M | MACD Cross
📉 S...icipate swift execution toward the nearest target.",b7ec4695db4579cd2185f95afa4bd6c9,2026-08-19T17:40:48+00:00,2026-08-19T18:55:15.942771+00:00,674,crytoaltlexadmin_1
664771,22896,"🔖 Signal ID: 008
📩 #SUIUSDT 15M | MACD Cross
📉 Sho...you can put the rest of the position to breakeven.",d901f93aefba90d32e6c40503474e9eb,2026-08-19T17:40:43+00:00,2026-08-19T18:55:16.113302+00:00,674,crytoaltlexadmin_1
664812,22894,"🔖 Signal ID: 009
📩 #OPUSDT 15M | MACD Cross
📉 Shor...you can put the rest of the position to breakeven.",8c9cfcf087f9bc137389b2471e8a367d,2026-08-19T17:40:42+00:00,2026-08-19T18:55:16.304788+00:00,674,crytoaltlexadmin_1
664789,22895,"🔖 Signal ID: 006
📩 #UNIUSDT 15M | MACD Cross
📉 Sho...you can put the rest of the position to breakeven.",f222a048262997942c72497fc74f10f6,2026-08-19T17:40:42+00:00,2026-08-19T18:55:16.207165+00:00,674,crytoaltlexadmin_1
664783,22892,"🔖 Signal ID: 003
📩 #LINKUSDT 15M | MACD Cross
📉 Sh...you can put the rest of the position to breakeven.",3d6194a10f93dadaab3070d46869e2bf,2026-08-19T17:40:42+00:00,2026-08-19T18:55:16.184347+00:00,674,crytoaltlexadmin_1
664775,22893,"🔖 Signal ID: 007
📩 #APTUSDT 15M | MACD Cross
📉 Sho...you can put the rest of the position to breakeven.",cad7c68d91dfec93f208eae292cbb2b5,2026-08-19T17:40:42+00:00,2026-08-19T18:55:16.122668+00:00,674,crytoaltlexadmin_1
664764,22888,"🔖 Signal ID: 009
📩 #OPUSDT 15M | MACD Cross
📉 Shor...you can put the rest of the position to breakeven.",8c9cfcf087f9bc137389b2471e8a367d,2026-08-19T17:40:41+00:00,2026-08-19T18:55:16.061743+00:00,674,crytoaltlexadmin_1
664778,22881,"🔖 Signal ID: 004
📩 #SHIBUSDT 15M | MACD Cross
📉 Sh...you can put the rest of the position to breakeven.",e021a8a4d5f2cef6b07268bdd762e722,2026-08-19T17:40:39+00:00,2026-08-19T18:55:16.171027+00:00,674,crytoaltlexadmin_1
664772,22878,"🔖 Signal ID: 005
📩 #LTCUSDT 15M | MACD Cross
📉 Sho...you can put the rest of the position to breakeven.",ff3f667a284316960b7ab54ccccfa3e8,2026-08-19T17:40:38+00:00,2026-08-19T18:55:16.114690+00:00,674,crytoaltlexadmin_1
664766,22875,"🔖 Signal ID: 002
📩 #DOGEUSDT 15M | MACD Cross
📉 Sh...you can put the rest of the position to breakeven.",748bc0eb51b21929e4a8b4b54e38a5d7,2026-08-19T17:40:38+00:00,2026-08-19T18:55:16.064109+00:00,674,crytoaltlexadmin_1
664760,22877,"🔖 Signal ID: 005
📩 #LTCUSDT 15M | MACD Cross
📉 Sho...you can put the rest of the position to breakeven.",ff3f667a284316960b7ab54ccccfa3e8,2026-08-19T17:40:38+00:00,2026-08-19T18:55:15.948513+00:00,674,crytoaltlexadmin_1
664815,22874,"🔖 Signal ID: 001
📩 #ADAUSDT 15M | MACD Cross
📉 Sho...you can put the rest of the position to breakeven.",d07a83fc374c6cba9f6d32dd5aee0c01,2026-08-19T17:40:37+00:00,2026-08-19T18:55:16.336575+00:00,674,crytoaltlexadmin_1
664809,22870,"🔖 Signal ID: 001
📩 #ADAUSDT 15M | MACD Cross
📉 Sho...you can put the rest of the position to breakeven.",d07a83fc374c6cba9f6d32dd5aee0c01,2026-08-19T17:40:37+00:00,2026-08-19T18:55:16.291568+00:00,674,crytoaltlexadmin_1
664787,22872,"🔖 Signal ID: 002
📩 #DOGEUSDT 15M | MACD Cross
📉 Sh...you can put the rest of the position to breakeven.",748bc0eb51b21929e4a8b4b54e38a5d7,2026-08-19T17:40:37+00:00,2026-08-19T18:55:16.197686+00:00,674,crytoaltlexadmin_1
664751,22859,"🔖 Signal ID: 009
📩 #OPUSDT 15M | MACD Cross
📉 Shor...t objective and extension toward the final target.",efa65dff22385c8230072fc8de0d4c65,2026-08-19T17:34:12+00:00,2026-08-19T18:55:15.260134+00:00,674,crytoaltlexadmin_1
664745,22855,"🔖 Signal ID: 010
📩 #PEPEUSDT 15M | MACD Cross
📉 Sh...t objective and extension toward the final target.",aff5f82efb95c1eb3df4c316de22a620,2026-08-19T17:34:08+00:00,2026-08-19T18:55:15.176988+00:00,674,crytoaltlexadmin_1
664748,22854,"🔖 Signal ID: 007
📩 #APTUSDT 15M | MACD Cross
📉 Sho...ea; expect a rapid move to secure initial profits.",5faeee2c2fb10b48da90d8e7c52d9400,2026-08-19T17:34:07+00:00,2026-08-19T18:55:15.232755+00:00,674,crytoaltlexadmin_1
664746,22853,"🔖 Signal ID: 008
📩 #SUIUSDT 15M | MACD Cross
📉 Sho...ea; expect a rapid move to secure initial profits.",fb3df6d4d59fda44a0f7e31f0f47dfff,2026-08-19T17:34:07+00:00,2026-08-19T18:55:15.181765+00:00,674,crytoaltlexadmin_1
664742,22852,"🔖 Signal ID: 006
📩 #UNIUSDT 15M | MACD Cross
📉 Sho...ea; expect a rapid move to secure initial profits.",2c06d607677fe9d32a42136ab96153ac,2026-08-19T17:34:07+00:00,2026-08-19T18:55:15.148166+00:00,674,crytoaltlexadmin_1
664747,22842,"🔖 Signal ID: 005
📩 #LTCUSDT 15M | MACD Cross
📉 Sho...ea; expect a rapid move to secure initial profits.",0511e6c21556e4d6db9bc289c4d85d97,2026-08-19T17:34:03+00:00,2026-08-19T18:55:15.185164+00:00,674,crytoaltlexadmin_1
664743,22838,"🔖 Signal ID: 003
📩 #LINKUSDT 15M | MACD Cross
📉 Sh...t objective and extension toward the final target.",5b40809f5664817a55795f753a4dbdeb,2026-08-19T17:34:03+00:00,2026-08-19T18:55:15.152177+00:00,674,crytoaltlexadmin_1
664739,22840,"🔖 Signal ID: 004
📩 #SHIBUSDT 15M | MACD Cross
📉 Sh...t objective and extension toward the final target.",2377199582bc8367cf18dc495f041a90,2026-08-19T17:34:03+00:00,2026-08-19T18:55:15.080759+00:00,674,crytoaltlexadmin_1
664749,22836,"🔖 Signal ID: 001
📩 #ADAUSDT 15M | MACD Cross
📉 Sho...t objective and extension toward the final target.",81adf990eadb417348200256dead51a9,2026-08-19T17:34:02+00:00,2026-08-19T18:55:15.244153+00:00,674,crytoaltlexadmin_1
664740,22835,"🔖 Signal ID: 002
📩 #DOGEUSDT 15M | MACD Cross
📉 Sh...t objective and extension toward the final target.",c2c361566a5fde24ca0614c3f2b653cc,2026-08-19T17:34:02+00:00,2026-08-19T18:55:15.134983+00:00,674,crytoaltlexadmin_1
666427,23215,"🔖 Signal ID: 002
📩 #OPUSDT 15M | MACD Cross
📈 Shor...you can put the rest of the position to breakeven.",dc4df0a2094aef8763ec6916d9b9feee,2026-08-19T20:13:21+00:00,2026-08-19T20:23:22.572431+00:00,674,crytoaltlexadmin_1
666468,23209,"🔖 Signal ID: 001
📩 #DOTUSDT 15M | MACD Cross
📈 Sho...you can put the rest of the position to breakeven.",766ba6e615457b85ca22f460cf076aba,2026-08-19T20:13:20+00:00,2026-08-19T20:23:22.707270+00:00,674,crytoaltlexadmin_1
666460,23211,"🔖 Signal ID: 003
📩 #FLOKIUSDT 15M | BB Breakout
📈 ...you can put the rest of the position to breakeven.",8128182632b70add0f7da933a07b3ba8,2026-08-19T20:13:20+00:00,2026-08-19T20:23:22.658920+00:00,674,crytoaltlexadmin_1
666448,23212,"🔖 Signal ID: 003
📩 #FLOKIUSDT 15M | BB Breakout
📈 ...you can put the rest of the position to breakeven.",8128182632b70add0f7da933a07b3ba8,2026-08-19T20:13:20+00:00,2026-08-19T20:23:22.619490+00:00,674,crytoaltlexadmin_1
666437,23207,"🔖 Signal ID: 003
📩 #FLOKIUSDT 15M | BB Breakout
📈 ...you can put the rest of the position to breakeven.",8128182632b70add0f7da933a07b3ba8,2026-08-19T20:13:20+00:00,2026-08-19T20:23:22.571583+00:00,674,crytoaltlexadmin_1
666451,23205,"🔖 Signal ID: 001
📩 #DOTUSDT 15M | MACD Cross
📈 Sho...you can put the rest of the position to breakeven.",766ba6e615457b85ca22f460cf076aba,2026-08-19T20:13:19+00:00,2026-08-19T20:23:22.623840+00:00,674,crytoaltlexadmin_1
666413,23202,"🔖 Signal ID: 004
📩 #WIFUSDT 15M | BB Breakout
📈 Sh...you can put the rest of the position to breakeven.",53b0d1c12d8d2c6aae47ed806cc5958e,2026-08-19T20:11:56+00:00,2026-08-19T20:23:22.475997+00:00,674,crytoaltlexadmin_1
666391,23201,"🔖 Signal ID: 002
📩 #OPUSDT 15M | MACD Cross
📈 Shor...you can put the rest of the position to breakeven.",dc4df0a2094aef8763ec6916d9b9feee,2026-08-19T20:11:56+00:00,2026-08-19T20:23:22.255595+00:00,674,crytoaltlexadmin_1
666466,23200,"🔖 Signal ID: 002
📩 #OPUSDT 15M | MACD Cross
📈 Shor...you can put the rest of the position to breakeven.",dc4df0a2094aef8763ec6916d9b9feee,2026-08-19T20:11:55+00:00,2026-08-19T20:23:22.695308+00:00,674,crytoaltlexadmin_1
666418,23199,"🔖 Signal ID: 003
📩 #FLOKIUSDT 15M | BB Breakout
📈 ...you can put the rest of the position to breakeven.",8128182632b70add0f7da933a07b3ba8,2026-08-19T20:11:55+00:00,2026-08-19T20:23:22.534232+00:00,674,crytoaltlexadmin_1
666443,23192,"🔖 Signal ID: 001
📩 #DOTUSDT 15M | MACD Cross
📈 Sho...you can put the rest of the position to breakeven.",766ba6e615457b85ca22f460cf076aba,2026-08-19T20:11:54+00:00,2026-08-19T20:23:22.610774+00:00,674,crytoaltlexadmin_1
666438,23193,"🔖 Signal ID: 001
📩 #DOTUSDT 15M | MACD Cross
📈 Sho...you can put the rest of the position to breakeven.",766ba6e615457b85ca22f460cf076aba,2026-08-19T20:11:54+00:00,2026-08-19T20:23:22.592082+00:00,674,crytoaltlexadmin_1
666414,23196,"🔖 Signal ID: 003
📩 #FLOKIUSDT 15M | BB Breakout
📈 ...you can put the rest of the position to breakeven.",8128182632b70add0f7da933a07b3ba8,2026-08-19T20:11:54+00:00,2026-08-19T20:23:22.496932+00:00,674,crytoaltlexadmin_1
666461,23189,"🔖 Signal ID: 003
📩 #FLOKIUSDT 15M | BB Breakout
📈 ...you can put the rest of the position to breakeven.",8128182632b70add0f7da933a07b3ba8,2026-08-19T20:11:53+00:00,2026-08-19T20:23:22.666360+00:00,674,crytoaltlexadmin_1
666421,23191,"🔖 Signal ID: 006
📩 #ORDIUSDT 15M | MACD Cross
📈 Sh...you can put the rest of the position to breakeven.",a8076f42749f949b902a0d2209304f79,2026-08-19T20:11:53+00:00,2026-08-19T20:23:22.535306+00:00,674,crytoaltlexadmin_1
666412,23190,"🔖 Signal ID: 006
📩 #ORDIUSDT 15M | MACD Cross
📈 Sh...you can put the rest of the position to breakeven.",a8076f42749f949b902a0d2209304f79,2026-08-19T20:11:53+00:00,2026-08-19T20:23:22.475223+00:00,674,crytoaltlexadmin_1
666415,23188,"🔖 Signal ID: 004
📩 #WIFUSDT 15M | BB Breakout
📈 Sh...you can put the rest of the position to breakeven.",53b0d1c12d8d2c6aae47ed806cc5958e,2026-08-19T20:11:52+00:00,2026-08-19T20:23:22.526013+00:00,674,crytoaltlexadmin_1
666417,23187,"🔖 Signal ID: 001
📩 #DOTUSDT 15M | MACD Cross
📈 Sho...you can put the rest of the position to breakeven.",766ba6e615457b85ca22f460cf076aba,2026-08-19T20:11:52+00:00,2026-08-19T20:23:22.516367+00:00,674,crytoaltlexadmin_1
666392,23186,"🔖 Signal ID: 001
📩 #DOTUSDT 15M | MACD Cross
📈 Sho...you can put the rest of the position to breakeven.",766ba6e615457b85ca22f460cf076aba,2026-08-19T20:11:52+00:00,2026-08-19T20:23:22.256662+00:00,674,crytoaltlexadmin_1
666455,23183,"🔖 Signal ID: 005
📩 #JUPUSDT 15M | BB Breakout
📈 Sh...you can put the rest of the position to breakeven.",1fa0aaae094e845447750dbd0957a7c2,2026-08-19T20:11:51+00:00,2026-08-19T20:23:22.633285+00:00,674,crytoaltlexadmin_1
666429,23185,"🔖 Signal ID: 001
📩 #DOTUSDT 15M | MACD Cross
📈 Sho...you can put the rest of the position to breakeven.",766ba6e615457b85ca22f460cf076aba,2026-08-19T20:11:51+00:00,2026-08-19T20:23:22.564836+00:00,674,crytoaltlexadmin_1
666428,23184,"🔖 Signal ID: 001
📩 #DOTUSDT 15M | MACD Cross
📈 Sho...you can put the rest of the position to breakeven.",766ba6e615457b85ca22f460cf076aba,2026-08-19T20:11:51+00:00,2026-08-19T20:23:22.563615+00:00,674,crytoaltlexadmin_1
666467,23180,"🔖 Signal ID: 001
📩 #DOTUSDT 15M | MACD Cross
📈 Sho...you can put the rest of the position to breakeven.",766ba6e615457b85ca22f460cf076aba,2026-08-19T20:11:50+00:00,2026-08-19T20:23:22.697661+00:00,674,crytoaltlexadmin_1
666390,23182,"🔖 Signal ID: 005
📩 #JUPUSDT 15M | BB Breakout
📈 Sh...you can put the rest of the position to breakeven.",1fa0aaae094e845447750dbd0957a7c2,2026-08-19T20:11:50+00:00,2026-08-19T20:23:22.248986+00:00,674,crytoaltlexadmin_1
666465,23178,"🔖 Signal ID: 005
📩 #JUPUSDT 15M | BB Breakout
📈 Sh...you can put the rest of the position to breakeven.",1fa0aaae094e845447750dbd0957a7c2,2026-08-19T20:11:49+00:00,2026-08-19T20:23:22.690207+00:00,674,crytoaltlexadmin_1
666442,23179,"🔖 Signal ID: 002
📩 #OPUSDT 15M | MACD Cross
📈 Shor...you can put the rest of the position to breakeven.",dc4df0a2094aef8763ec6916d9b9feee,2026-08-19T20:11:49+00:00,2026-08-19T20:23:22.600492+00:00,674,crytoaltlexadmin_1
666457,23176,"🔖 Signal ID: 004
📩 #WIFUSDT 15M | BB Breakout
📈 Sh...you can put the rest of the position to breakeven.",53b0d1c12d8d2c6aae47ed806cc5958e,2026-08-19T20:11:48+00:00,2026-08-19T20:23:22.639166+00:00,674,crytoaltlexadmin_1
666447,23177,"🔖 Signal ID: 004
📩 #WIFUSDT 15M | BB Breakout
📈 Sh...you can put the rest of the position to breakeven.",53b0d1c12d8d2c6aae47ed806cc5958e,2026-08-19T20:11:48+00:00,2026-08-19T20:23:22.618316+00:00,674,crytoaltlexadmin_1
666441,23174,"🔖 Signal ID: 004
📩 #WIFUSDT 15M | BB Breakout
📈 Sh...you can put the rest of the position to breakeven.",53b0d1c12d8d2c6aae47ed806cc5958e,2026-08-19T20:11:48+00:00,2026-08-19T20:23:22.599831+00:00,674,crytoaltlexadmin_1
666406,23173,"🔖 Signal ID: 004
📩 #WIFUSDT 15M | BB Breakout
📈 Sh...you can put the rest of the position to breakeven.",53b0d1c12d8d2c6aae47ed806cc5958e,2026-08-19T20:11:48+00:00,2026-08-19T20:23:22.424281+00:00,674,crytoaltlexadmin_1
666469,23171,"🔖 Signal ID: 004
📩 #WIFUSDT 15M | BB Breakout
📈 Sh...you can put the rest of the position to breakeven.",53b0d1c12d8d2c6aae47ed806cc5958e,2026-08-19T20:11:47+00:00,2026-08-19T20:23:22.736483+00:00,674,crytoaltlexadmin_1
666395,23170,"🔖 Signal ID: 004
📩 #WIFUSDT 15M | BB Breakout
📈 Sh...you can put the rest of the position to breakeven.",53b0d1c12d8d2c6aae47ed806cc5958e,2026-08-19T20:11:46+00:00,2026-08-19T20:23:22.330846+00:00,674,crytoaltlexadmin_1
666464,23167,"🔖 Signal ID: 002
📩 #OPUSDT 15M | MACD Cross
📈 Shor...you can put the rest of the position to breakeven.",dc4df0a2094aef8763ec6916d9b9feee,2026-08-19T20:11:45+00:00,2026-08-19T20:23:22.689270+00:00,674,crytoaltlexadmin_1
666459,23168,"🔖 Signal ID: 004
📩 #WIFUSDT 15M | BB Breakout
📈 Sh...you can put the rest of the position to breakeven.",53b0d1c12d8d2c6aae47ed806cc5958e,2026-08-19T20:11:45+00:00,2026-08-19T20:23:22.637157+00:00,674,crytoaltlexadmin_1
666409,23166,"🔖 Signal ID: 002
📩 #OPUSDT 15M | MACD Cross
📈 Shor...you can put the rest of the position to breakeven.",dc4df0a2094aef8763ec6916d9b9feee,2026-08-19T20:11:44+00:00,2026-08-19T20:23:22.461578+00:00,674,crytoaltlexadmin_1
666383,23165,"🔖 Signal ID: 002
📩 #OPUSDT 15M | MACD Cross
📈 Shor...you can put the rest of the position to breakeven.",dc4df0a2094aef8763ec6916d9b9feee,2026-08-19T20:11:44+00:00,2026-08-19T20:23:22.111166+00:00,674,crytoaltlexadmin_1
666400,23161,"🔖 Signal ID: 002
📩 #OPUSDT 15M | MACD Cross
📈 Shor...you can put the rest of the position to breakeven.",dc4df0a2094aef8763ec6916d9b9feee,2026-08-19T20:11:43+00:00,2026-08-19T20:23:22.389627+00:00,674,crytoaltlexadmin_1
666389,23163,"🔖 Signal ID: 002
📩 #OPUSDT 15M | MACD Cross
📈 Shor...you can put the rest of the position to breakeven.",dc4df0a2094aef8763ec6916d9b9feee,2026-08-19T20:11:43+00:00,2026-08-19T20:23:22.221999+00:00,674,crytoaltlexadmin_1
666439,23158,"🔖 Signal ID: 003
📩 #FLOKIUSDT 15M | BB Breakout
📈 ...you can put the rest of the position to breakeven.",8128182632b70add0f7da933a07b3ba8,2026-08-19T20:11:42+00:00,2026-08-19T20:23:22.596311+00:00,674,crytoaltlexadmin_1
666433,23156,"🔖 Signal ID: 001
📩 #DOTUSDT 15M | MACD Cross
📈 Sho...you can put the rest of the position to breakeven.",766ba6e615457b85ca22f460cf076aba,2026-08-19T20:11:42+00:00,2026-08-19T20:23:22.581659+00:00,674,crytoaltlexadmin_1
666399,23159,"🔖 Signal ID: 003
📩 #FLOKIUSDT 15M | BB Breakout
📈 ...you can put the rest of the position to breakeven.",8128182632b70add0f7da933a07b3ba8,2026-08-19T20:11:42+00:00,2026-08-19T20:23:22.383392+00:00,674,crytoaltlexadmin_1
666408,23152,"🔖 Signal ID: 004
📩 #WIFUSDT 15M | BB Breakout
📈 Sh...you can put the rest of the position to breakeven.",53b0d1c12d8d2c6aae47ed806cc5958e,2026-08-19T20:10:51+00:00,2026-08-19T20:23:22.457874+00:00,674,crytoaltlexadmin_1
666444,23151,"🔖 Signal ID: 002
📩 #OPUSDT 15M | MACD Cross
📈 Shor...you can put the rest of the position to breakeven.",dc4df0a2094aef8763ec6916d9b9feee,2026-08-19T20:10:50+00:00,2026-08-19T20:23:22.612411+00:00,674,crytoaltlexadmin_1
666393,23150,"🔖 Signal ID: 002
📩 #OPUSDT 15M | MACD Cross
📈 Shor...you can put the rest of the position to breakeven.",dc4df0a2094aef8763ec6916d9b9feee,2026-08-19T20:10:50+00:00,2026-08-19T20:23:22.227598+00:00,674,crytoaltlexadmin_1
666402,23149,"🔖 Signal ID: 003
📩 #FLOKIUSDT 15M | BB Breakout
📈 ...you can put the rest of the position to breakeven.",8128182632b70add0f7da933a07b3ba8,2026-08-19T20:10:49+00:00,2026-08-19T20:23:22.394390+00:00,674,crytoaltlexadmin_1
666456,23148,"🔖 Signal ID: 003
📩 #FLOKIUSDT 15M | BB Breakout
📈 ...you can put the rest of the position to breakeven.",8128182632b70add0f7da933a07b3ba8,2026-08-19T20:10:48+00:00,2026-08-19T20:23:22.634001+00:00,674,crytoaltlexadmin_1
666454,23147,"🔖 Signal ID: 001
📩 #DOTUSDT 15M | MACD Cross
📈 Sho...you can put the rest of the position to breakeven.",766ba6e615457b85ca22f460cf076aba,2026-08-19T20:10:47+00:00,2026-08-19T20:23:22.632367+00:00,674,crytoaltlexadmin_1
666407,23146,"🔖 Signal ID: 001
📩 #DOTUSDT 15M | MACD Cross
📈 Sho...you can put the rest of the position to breakeven.",766ba6e615457b85ca22f460cf076aba,2026-08-19T20:10:46+00:00,2026-08-19T20:23:22.435872+00:00,674,crytoaltlexadmin_1
666452,23144,"🔖 Signal ID: 006
📩 #ORDIUSDT 15M | MACD Cross
📈 Sh...you can put the rest of the position to breakeven.",a8076f42749f949b902a0d2209304f79,2026-08-19T20:10:45+00:00,2026-08-19T20:23:22.624539+00:00,674,crytoaltlexadmin_1
666435,23145,"🔖 Signal ID: 006
📩 #ORDIUSDT 15M | MACD Cross
📈 Sh...you can put the rest of the position to breakeven.",a8076f42749f949b902a0d2209304f79,2026-08-19T20:10:45+00:00,2026-08-19T20:23:22.587172+00:00,674,crytoaltlexadmin_1
666425,23139,"🔖 Signal ID: 003
📩 #FLOKIUSDT 15M | BB Breakout
📈 ...you can put the rest of the position to breakeven.",8128182632b70add0f7da933a07b3ba8,2026-08-19T20:10:44+00:00,2026-08-19T20:23:22.564218+00:00,674,crytoaltlexadmin_1
666424,23138,"🔖 Signal ID: 004
📩 #WIFUSDT 15M | BB Breakout
📈 Sh...you can put the rest of the position to breakeven.",53b0d1c12d8d2c6aae47ed806cc5958e,2026-08-19T20:10:43+00:00,2026-08-19T20:23:22.545278+00:00,674,crytoaltlexadmin_1
666423,23137,"🔖 Signal ID: 001
📩 #DOTUSDT 15M | MACD Cross
📈 Sho...you can put the rest of the position to breakeven.",766ba6e615457b85ca22f460cf076aba,2026-08-19T20:10:43+00:00,2026-08-19T20:23:22.532961+00:00,674,crytoaltlexadmin_1
666385,23136,"🔖 Signal ID: 001
📩 #DOTUSDT 15M | MACD Cross
📈 Sho...you can put the rest of the position to breakeven.",766ba6e615457b85ca22f460cf076aba,2026-08-19T20:10:42+00:00,2026-08-19T20:23:22.185215+00:00,674,crytoaltlexadmin_1
666404,23134,"🔖 Signal ID: 001
📩 #DOTUSDT 15M | MACD Cross
📈 Sho...you can put the rest of the position to breakeven.",766ba6e615457b85ca22f460cf076aba,2026-08-19T20:10:41+00:00,2026-08-19T20:23:22.404107+00:00,674,crytoaltlexadmin_1
666394,23132,"🔖 Signal ID: 001
📩 #DOTUSDT 15M | MACD Cross
📈 Sho...you can put the rest of the position to breakeven.",766ba6e615457b85ca22f460cf076aba,2026-08-19T20:10:40+00:00,2026-08-19T20:23:22.307457+00:00,674,crytoaltlexadmin_1
666462,23131,"🔖 Signal ID: 001
📩 #DOTUSDT 15M | MACD Cross
📈 Sho...you can put the rest of the position to breakeven.",766ba6e615457b85ca22f460cf076aba,2026-08-19T20:10:39+00:00,2026-08-19T20:23:22.671693+00:00,674,crytoaltlexadmin_1
666458,23127,"🔖 Signal ID: 005
📩 #JUPUSDT 15M | BB Breakout
📈 Sh...you can put the rest of the position to breakeven.",1fa0aaae094e845447750dbd0957a7c2,2026-08-19T20:10:38+00:00,2026-08-19T20:23:22.648997+00:00,674,crytoaltlexadmin_1
666405,23129,"🔖 Signal ID: 005
📩 #JUPUSDT 15M | BB Breakout
📈 Sh...you can put the rest of the position to breakeven.",1fa0aaae094e845447750dbd0957a7c2,2026-08-19T20:10:38+00:00,2026-08-19T20:23:22.423350+00:00,674,crytoaltlexadmin_1
666440,23125,"🔖 Signal ID: 004
📩 #WIFUSDT 15M | BB Breakout
📈 Sh...you can put the rest of the position to breakeven.",53b0d1c12d8d2c6aae47ed806cc5958e,2026-08-19T20:10:36+00:00,2026-08-19T20:23:22.598951+00:00,674,crytoaltlexadmin_1
666411,23124,"🔖 Signal ID: 002
📩 #OPUSDT 15M | MACD Cross
📈 Shor...you can put the rest of the position to breakeven.",dc4df0a2094aef8763ec6916d9b9feee,2026-08-19T20:10:36+00:00,2026-08-19T20:23:22.473297+00:00,674,crytoaltlexadmin_1
666449,23123,"🔖 Signal ID: 004
📩 #WIFUSDT 15M | BB Breakout
📈 Sh...you can put the rest of the position to breakeven.",53b0d1c12d8d2c6aae47ed806cc5958e,2026-08-19T20:10:35+00:00,2026-08-19T20:23:22.622918+00:00,674,crytoaltlexadmin_1
666378,23121,"🔖 Signal ID: 004
📩 #WIFUSDT 15M | BB Breakout
📈 Sh...you can put the rest of the position to breakeven.",53b0d1c12d8d2c6aae47ed806cc5958e,2026-08-19T20:10:34+00:00,2026-08-19T20:23:21.917929+00:00,674,crytoaltlexadmin_1
666388,23119,"🔖 Signal ID: 004
📩 #WIFUSDT 15M | BB Breakout
📈 Sh...you can put the rest of the position to breakeven.",53b0d1c12d8d2c6aae47ed806cc5958e,2026-08-19T20:10:33+00:00,2026-08-19T20:23:22.215836+00:00,674,crytoaltlexadmin_1
666377,23117,"🔖 Signal ID: 002
📩 #OPUSDT 15M | MACD Cross
📈 Shor...you can put the rest of the position to breakeven.",dc4df0a2094aef8763ec6916d9b9feee,2026-08-19T20:10:32+00:00,2026-08-19T20:23:21.869812+00:00,674,crytoaltlexadmin_1
666453,23115,"🔖 Signal ID: 002
📩 #OPUSDT 15M | MACD Cross
📈 Shor...you can put the rest of the position to breakeven.",dc4df0a2094aef8763ec6916d9b9feee,2026-08-19T20:10:31+00:00,2026-08-19T20:23:22.627352+00:00,674,crytoaltlexadmin_1
666380,23113,"🔖 Signal ID: 004
📩 #WIFUSDT 15M | BB Breakout
📈 Sh...you can put the rest of the position to breakeven.",53b0d1c12d8d2c6aae47ed806cc5958e,2026-08-19T20:09:38+00:00,2026-08-19T20:23:21.953960+00:00,674,crytoaltlexadmin_1
666403,23109,"🔖 Signal ID: 002
📩 #OPUSDT 15M | MACD Cross
📈 Shor...you can put the rest of the position to breakeven.",dc4df0a2094aef8763ec6916d9b9feee,2026-08-19T20:09:37+00:00,2026-08-19T20:23:22.390595+00:00,674,crytoaltlexadmin_1
666382,23112,"🔖 Signal ID: 002
📩 #OPUSDT 15M | MACD Cross
📈 Shor...you can put the rest of the position to breakeven.",dc4df0a2094aef8763ec6916d9b9feee,2026-08-19T20:09:37+00:00,2026-08-19T20:23:22.076173+00:00,674,crytoaltlexadmin_1
666416,23106,"🔖 Signal ID: 003
📩 #FLOKIUSDT 15M | BB Breakout
📈 ...you can put the rest of the position to breakeven.",8128182632b70add0f7da933a07b3ba8,2026-08-19T20:09:36+00:00,2026-08-19T20:23:22.515610+00:00,674,crytoaltlexadmin_1
666397,23105,"🔖 Signal ID: 003
📩 #FLOKIUSDT 15M | BB Breakout
📈 ...you can put the rest of the position to breakeven.",8128182632b70add0f7da933a07b3ba8,2026-08-19T20:09:35+00:00,2026-08-19T20:23:22.376925+00:00,674,crytoaltlexadmin_1
666381,23104,"🔖 Signal ID: 001
📩 #DOTUSDT 15M | MACD Cross
📈 Sho...you can put the rest of the position to breakeven.",766ba6e615457b85ca22f460cf076aba,2026-08-19T20:09:35+00:00,2026-08-19T20:23:21.986742+00:00,674,crytoaltlexadmin_1
666450,23103,"🔖 Signal ID: 001
📩 #DOTUSDT 15M | MACD Cross
📈 Sho...you can put the rest of the position to breakeven.",766ba6e615457b85ca22f460cf076aba,2026-08-19T20:09:34+00:00,2026-08-19T20:23:22.618922+00:00,674,crytoaltlexadmin_1
666420,23102,"🔖 Signal ID: 006
📩 #ORDIUSDT 15M | MACD Cross
📈 Sh...you can put the rest of the position to breakeven.",a8076f42749f949b902a0d2209304f79,2026-08-19T20:09:33+00:00,2026-08-19T20:23:22.538235+00:00,674,crytoaltlexadmin_1
666384,23100,"🔖 Signal ID: 006
📩 #ORDIUSDT 15M | MACD Cross
📈 Sh...you can put the rest of the position to breakeven.",a8076f42749f949b902a0d2209304f79,2026-08-19T20:09:33+00:00,2026-08-19T20:23:22.128636+00:00,674,crytoaltlexadmin_1
666371,23098,"🔖 Signal ID: 003
📩 #FLOKIUSDT 15M | BB Breakout
📈 ...you can put the rest of the position to breakeven.",8128182632b70add0f7da933a07b3ba8,2026-08-19T20:09:32+00:00,2026-08-19T20:23:21.547571+00:00,674,crytoaltlexadmin_1
666370,23097,"🔖 Signal ID: 004
📩 #WIFUSDT 15M | BB Breakout
📈 Sh...you can put the rest of the position to breakeven.",53b0d1c12d8d2c6aae47ed806cc5958e,2026-08-19T20:09:32+00:00,2026-08-19T20:23:21.541180+00:00,674,crytoaltlexadmin_1
666373,23096,"🔖 Signal ID: 001
📩 #DOTUSDT 15M | MACD Cross
📈 Sho...you can put the rest of the position to breakeven.",766ba6e615457b85ca22f460cf076aba,2026-08-19T20:09:31+00:00,2026-08-19T20:23:21.642387+00:00,674,crytoaltlexadmin_1
666372,23094,"🔖 Signal ID: 001
📩 #DOTUSDT 15M | MACD Cross
📈 Sho...you can put the rest of the position to breakeven.",766ba6e615457b85ca22f460cf076aba,2026-08-19T20:09:31+00:00,2026-08-19T20:23:21.552361+00:00,674,crytoaltlexadmin_1
666398,23092,"🔖 Signal ID: 001
📩 #DOTUSDT 15M | MACD Cross
📈 Sho...you can put the rest of the position to breakeven.",766ba6e615457b85ca22f460cf076aba,2026-08-19T20:09:30+00:00,2026-08-19T20:23:22.378663+00:00,674,crytoaltlexadmin_1
666374,23093,"🔖 Signal ID: 001
📩 #DOTUSDT 15M | MACD Cross
📈 Sho...you can put the rest of the position to breakeven.",766ba6e615457b85ca22f460cf076aba,2026-08-19T20:09:30+00:00,2026-08-19T20:23:21.806662+00:00,674,crytoaltlexadmin_1
666295,23090,"🔖 Signal ID: 005
📩 #JUPUSDT 15M | BB Breakout
📈 Sh...you can put the rest of the position to breakeven.",1fa0aaae094e845447750dbd0957a7c2,2026-08-19T20:09:29+00:00,2026-08-19T20:23:09.379416+00:00,674,crytoaltlexadmin_1
666369,23088,"🔖 Signal ID: 004
📩 #WIFUSDT 15M | BB Breakout
📈 Sh...you can put the rest of the position to breakeven.",53b0d1c12d8d2c6aae47ed806cc5958e,2026-08-19T20:09:28+00:00,2026-08-19T20:23:09.983519+00:00,674,crytoaltlexadmin_1
666316,23086,"🔖 Signal ID: 002
📩 #OPUSDT 15M | MACD Cross
📈 Shor...you can put the rest of the position to breakeven.",dc4df0a2094aef8763ec6916d9b9feee,2026-08-19T20:09:27+00:00,2026-08-19T20:23:09.660516+00:00,674,crytoaltlexadmin_1
666309,23084,"🔖 Signal ID: 004
📩 #WIFUSDT 15M | BB Breakout
📈 Sh...you can put the rest of the position to breakeven.",53b0d1c12d8d2c6aae47ed806cc5958e,2026-08-19T20:09:26+00:00,2026-08-19T20:23:09.571205+00:00,674,crytoaltlexadmin_1
666320,23082,"🔖 Signal ID: 004
📩 #WIFUSDT 15M | BB Breakout
📈 Sh...you can put the rest of the position to breakeven.",53b0d1c12d8d2c6aae47ed806cc5958e,2026-08-19T20:09:25+00:00,2026-08-19T20:23:09.663549+00:00,674,crytoaltlexadmin_1
666351,23080,"🔖 Signal ID: 002
📩 #OPUSDT 15M | MACD Cross
📈 Shor...you can put the rest of the position to breakeven.",dc4df0a2094aef8763ec6916d9b9feee,2026-08-19T20:09:24+00:00,2026-08-19T20:23:09.866615+00:00,674,crytoaltlexadmin_1
666319,23073,"🔖 Signal ID: 004
📩 #WIFUSDT 15M | BB Breakout
📈 Sh...you can put the rest of the position to breakeven.",53b0d1c12d8d2c6aae47ed806cc5958e,2026-08-19T20:08:13+00:00,2026-08-19T20:23:09.682827+00:00,674,crytoaltlexadmin_1
666338,23072,"🔖 Signal ID: 002
📩 #OPUSDT 15M | MACD Cross
📈 Shor...you can put the rest of the position to breakeven.",dc4df0a2094aef8763ec6916d9b9feee,2026-08-19T20:08:12+00:00,2026-08-19T20:23:09.820258+00:00,674,crytoaltlexadmin_1
666321,23071,"🔖 Signal ID: 002
📩 #OPUSDT 15M | MACD Cross
📈 Shor...you can put the rest of the position to breakeven.",dc4df0a2094aef8763ec6916d9b9feee,2026-08-19T20:08:11+00:00,2026-08-19T20:23:09.679288+00:00,674,crytoaltlexadmin_1
666307,23070,"🔖 Signal ID: 003
📩 #FLOKIUSDT 15M | BB Breakout
📈 ...you can put the rest of the position to breakeven.",8128182632b70add0f7da933a07b3ba8,2026-08-19T20:08:11+00:00,2026-08-19T20:23:09.566221+00:00,674,crytoaltlexadmin_1
666297,23069,"🔖 Signal ID: 003
📩 #FLOKIUSDT 15M | BB Breakout
📈 ...you can put the rest of the position to breakeven.",8128182632b70add0f7da933a07b3ba8,2026-08-19T20:08:10+00:00,2026-08-19T20:23:09.404205+00:00,674,crytoaltlexadmin_1
666357,23064,"🔖 Signal ID: 001
📩 #DOTUSDT 15M | MACD Cross
📈 Sho...you can put the rest of the position to breakeven.",766ba6e615457b85ca22f460cf076aba,2026-08-19T20:08:08+00:00,2026-08-19T20:23:09.883490+00:00,674,crytoaltlexadmin_1
666355,23065,"🔖 Signal ID: 001
📩 #DOTUSDT 15M | MACD Cross
📈 Sho...you can put the rest of the position to breakeven.",766ba6e615457b85ca22f460cf076aba,2026-08-19T20:08:08+00:00,2026-08-19T20:23:09.872748+00:00,674,crytoaltlexadmin_1
666352,23066,"🔖 Signal ID: 001
📩 #DOTUSDT 15M | MACD Cross
📈 Sho...you can put the rest of the position to breakeven.",766ba6e615457b85ca22f460cf076aba,2026-08-19T20:08:08+00:00,2026-08-19T20:23:09.868692+00:00,674,crytoaltlexadmin_1
666349,23067,"🔖 Signal ID: 003
📩 #FLOKIUSDT 15M | BB Breakout
📈 ...you can put the rest of the position to breakeven.",8128182632b70add0f7da933a07b3ba8,2026-08-19T20:08:08+00:00,2026-08-19T20:23:09.857238+00:00,674,crytoaltlexadmin_1
666336,23060,"🔖 Signal ID: 001
📩 #DOTUSDT 15M | MACD Cross
📈 Sho...you can put the rest of the position to breakeven.",766ba6e615457b85ca22f460cf076aba,2026-08-19T20:08:05+00:00,2026-08-19T20:23:09.818390+00:00,674,crytoaltlexadmin_1
666298,23058,"🔖 Signal ID: 006
📩 #ORDIUSDT 15M | MACD Cross
📈 Sh...you can put the rest of the position to breakeven.",a8076f42749f949b902a0d2209304f79,2026-08-19T20:08:04+00:00,2026-08-19T20:23:09.473838+00:00,674,crytoaltlexadmin_1
666368,23056,"🔖 Signal ID: 004
📩 #WIFUSDT 15M | BB Breakout
📈 Sh...you can put the rest of the position to breakeven.",53b0d1c12d8d2c6aae47ed806cc5958e,2026-08-19T20:08:03+00:00,2026-08-19T20:23:09.959457+00:00,674,crytoaltlexadmin_1
666333,23054,"🔖 Signal ID: 005
📩 #JUPUSDT 15M | BB Breakout
📈 Sh...you can put the rest of the position to breakeven.",1fa0aaae094e845447750dbd0957a7c2,2026-08-19T20:08:03+00:00,2026-08-19T20:23:09.799322+00:00,674,crytoaltlexadmin_1
666310,23050,"🔖 Signal ID: 002
📩 #OPUSDT 15M | MACD Cross
📈 Shor...you can put the rest of the position to breakeven.",dc4df0a2094aef8763ec6916d9b9feee,2026-08-19T20:08:02+00:00,2026-08-19T20:23:09.569727+00:00,674,crytoaltlexadmin_1
666300,23052,"🔖 Signal ID: 004
📩 #WIFUSDT 15M | BB Breakout
📈 Sh...you can put the rest of the position to breakeven.",53b0d1c12d8d2c6aae47ed806cc5958e,2026-08-19T20:08:02+00:00,2026-08-19T20:23:09.477920+00:00,674,crytoaltlexadmin_1
666353,23048,"🔖 Signal ID: 004
📩 #WIFUSDT 15M | BB Breakout
📈 Sh...you can put the rest of the position to breakeven.",53b0d1c12d8d2c6aae47ed806cc5958e,2026-08-19T20:07:29+00:00,2026-08-19T20:23:09.869603+00:00,674,crytoaltlexadmin_1
666325,23047,"🔖 Signal ID: 002
📩 #OPUSDT 15M | MACD Cross
📈 Shor...you can put the rest of the position to breakeven.",dc4df0a2094aef8763ec6916d9b9feee,2026-08-19T20:07:28+00:00,2026-08-19T20:23:09.704621+00:00,674,crytoaltlexadmin_1
666354,23046,"🔖 Signal ID: 002
📩 #OPUSDT 15M | MACD Cross
📈 Shor...you can put the rest of the position to breakeven.",dc4df0a2094aef8763ec6916d9b9feee,2026-08-19T20:07:27+00:00,2026-08-19T20:23:09.871252+00:00,674,crytoaltlexadmin_1
666324,23045,"🔖 Signal ID: 003
📩 #FLOKIUSDT 15M | BB Breakout
📈 ...you can put the rest of the position to breakeven.",8128182632b70add0f7da933a07b3ba8,2026-08-19T20:07:27+00:00,2026-08-19T20:23:09.696273+00:00,674,crytoaltlexadmin_1
666289,23044,"🔖 Signal ID: 003
📩 #FLOKIUSDT 15M | BB Breakout
📈 ...you can put the rest of the position to breakeven.",8128182632b70add0f7da933a07b3ba8,2026-08-19T20:07:26+00:00,2026-08-19T20:23:09.273651+00:00,674,crytoaltlexadmin_1
666365,23043,"🔖 Signal ID: 003
📩 #FLOKIUSDT 15M | BB Breakout
📈 ...you can put the rest of the position to breakeven.",8128182632b70add0f7da933a07b3ba8,2026-08-19T20:07:25+00:00,2026-08-19T20:23:09.939147+00:00,674,crytoaltlexadmin_1
666304,23042,"🔖 Signal ID: 001
📩 #DOTUSDT 15M | MACD Cross
📈 Sho...you can put the rest of the position to breakeven.",766ba6e615457b85ca22f460cf076aba,2026-08-19T20:07:25+00:00,2026-08-19T20:23:09.526796+00:00,674,crytoaltlexadmin_1
666284,23041,"🔖 Signal ID: 001
📩 #DOTUSDT 15M | MACD Cross
📈 Sho...you can put the rest of the position to breakeven.",766ba6e615457b85ca22f460cf076aba,2026-08-19T20:07:24+00:00,2026-08-19T20:23:09.016963+00:00,674,crytoaltlexadmin_1
666360,23040,"🔖 Signal ID: 001
📩 #DOTUSDT 15M | MACD Cross
📈 Sho...you can put the rest of the position to breakeven.",766ba6e615457b85ca22f460cf076aba,2026-08-19T20:07:23+00:00,2026-08-19T20:23:09.903083+00:00,674,crytoaltlexadmin_1
666312,23039,"🔖 Signal ID: 001
📩 #DOTUSDT 15M | MACD Cross
📈 Sho...you can put the rest of the position to breakeven.",766ba6e615457b85ca22f460cf076aba,2026-08-19T20:07:23+00:00,2026-08-19T20:23:09.587237+00:00,674,crytoaltlexadmin_1
666364,23028,"🔖 Signal ID: 004
📩 #WIFUSDT 15M | BB Breakout
📈 Sh...you can put the rest of the position to breakeven.",53b0d1c12d8d2c6aae47ed806cc5958e,2026-08-19T20:07:05+00:00,2026-08-19T20:23:09.923075+00:00,674,crytoaltlexadmin_1
666345,23030,"🔖 Signal ID: 004
📩 #WIFUSDT 15M | BB Breakout
📈 Sh...you can put the rest of the position to breakeven.",53b0d1c12d8d2c6aae47ed806cc5958e,2026-08-19T20:07:05+00:00,2026-08-19T20:23:09.844203+00:00,674,crytoaltlexadmin_1
666329,23031,"🔖 Signal ID: 006
📩 #ORDIUSDT 15M | MACD Cross
📈 Sh...you can put the rest of the position to breakeven.",a8076f42749f949b902a0d2209304f79,2026-08-19T20:07:05+00:00,2026-08-19T20:23:09.734482+00:00,674,crytoaltlexadmin_1
666305,23029,"🔖 Signal ID: 005
📩 #JUPUSDT 15M | BB Breakout
📈 Sh...you can put the rest of the position to breakeven.",1fa0aaae094e845447750dbd0957a7c2,2026-08-19T20:07:05+00:00,2026-08-19T20:23:09.540913+00:00,674,crytoaltlexadmin_1
666293,23027,"🔖 Signal ID: 002
📩 #OPUSDT 15M | MACD Cross
📈 Shor...you can put the rest of the position to breakeven.",dc4df0a2094aef8763ec6916d9b9feee,2026-08-19T20:07:05+00:00,2026-08-19T20:23:09.352846+00:00,674,crytoaltlexadmin_1
666296,23022,"🔖 Signal ID: 002
📩 #OPUSDT 15M | MACD Cross
📈 Shor...you can put the rest of the position to breakeven.",dc4df0a2094aef8763ec6916d9b9feee,2026-08-19T20:07:01+00:00,2026-08-19T20:23:09.389831+00:00,674,crytoaltlexadmin_1
666317,23020,"🔖 Signal ID: 003
📩 #FLOKIUSDT 15M | BB Breakout
📈 ...you can put the rest of the position to breakeven.",8128182632b70add0f7da933a07b3ba8,2026-08-19T20:06:59+00:00,2026-08-19T20:23:09.671612+00:00,674,crytoaltlexadmin_1
666359,23018,"🔖 Signal ID: 003
📩 #FLOKIUSDT 15M | BB Breakout
📈 ...you can put the rest of the position to breakeven.",8128182632b70add0f7da933a07b3ba8,2026-08-19T20:06:58+00:00,2026-08-19T20:23:09.901349+00:00,674,crytoaltlexadmin_1
666334,23016,"🔖 Signal ID: 001
📩 #DOTUSDT 15M | MACD Cross
📈 Sho...you can put the rest of the position to breakeven.",766ba6e615457b85ca22f460cf076aba,2026-08-19T20:06:58+00:00,2026-08-19T20:23:09.803492+00:00,674,crytoaltlexadmin_1
666341,23014,"🔖 Signal ID: 001
📩 #DOTUSDT 15M | MACD Cross
📈 Sho...you can put the rest of the position to breakeven.",766ba6e615457b85ca22f460cf076aba,2026-08-19T20:06:57+00:00,2026-08-19T20:23:09.828691+00:00,674,crytoaltlexadmin_1
666299,23010,"🔖 Signal ID: 004
📩 #WIFUSDT 15M | BB Breakout
📈 Sh...you can put the rest of the position to breakeven.",53b0d1c12d8d2c6aae47ed806cc5958e,2026-08-19T20:06:35+00:00,2026-08-19T20:23:09.476024+00:00,674,crytoaltlexadmin_1
666335,23008,"🔖 Signal ID: 005
📩 #JUPUSDT 15M | BB Breakout
📈 Sh...you can put the rest of the position to breakeven.",1fa0aaae094e845447750dbd0957a7c2,2026-08-19T20:06:34+00:00,2026-08-19T20:23:09.813106+00:00,674,crytoaltlexadmin_1
666327,23009,"🔖 Signal ID: 006
📩 #ORDIUSDT 15M | MACD Cross
📈 Sh...you can put the rest of the position to breakeven.",a8076f42749f949b902a0d2209304f79,2026-08-19T20:06:34+00:00,2026-08-19T20:23:09.713717+00:00,674,crytoaltlexadmin_1
666308,23007,"🔖 Signal ID: 004
📩 #WIFUSDT 15M | BB Breakout
📈 Sh...you can put the rest of the position to breakeven.",53b0d1c12d8d2c6aae47ed806cc5958e,2026-08-19T20:06:33+00:00,2026-08-19T20:23:09.567296+00:00,674,crytoaltlexadmin_1
666315,23006,"🔖 Signal ID: 002
📩 #OPUSDT 15M | MACD Cross
📈 Shor...you can put the rest of the position to breakeven.",dc4df0a2094aef8763ec6916d9b9feee,2026-08-19T20:06:32+00:00,2026-08-19T20:23:09.661306+00:00,674,crytoaltlexadmin_1
666287,23005,"🔖 Signal ID: 002
📩 #OPUSDT 15M | MACD Cross
📈 Shor...you can put the rest of the position to breakeven.",dc4df0a2094aef8763ec6916d9b9feee,2026-08-19T20:06:31+00:00,2026-08-19T20:23:09.061279+00:00,674,crytoaltlexadmin_1
666291,23004,"🔖 Signal ID: 003
📩 #FLOKIUSDT 15M | BB Breakout
📈 ...you can put the rest of the position to breakeven.",8128182632b70add0f7da933a07b3ba8,2026-08-19T20:06:30+00:00,2026-08-19T20:23:09.337204+00:00,674,crytoaltlexadmin_1
666362,23003,"🔖 Signal ID: 003
📩 #FLOKIUSDT 15M | BB Breakout
📈 ...you can put the rest of the position to breakeven.",8128182632b70add0f7da933a07b3ba8,2026-08-19T20:06:29+00:00,2026-08-19T20:23:09.912664+00:00,674,crytoaltlexadmin_1
666288,23002,"🔖 Signal ID: 001
📩 #DOTUSDT 15M | MACD Cross
📈 Sho...you can put the rest of the position to breakeven.",766ba6e615457b85ca22f460cf076aba,2026-08-19T20:06:29+00:00,2026-08-19T20:23:09.063164+00:00,674,crytoaltlexadmin_1
666306,23000,"🔖 Signal ID: 001
📩 #DOTUSDT 15M | MACD Cross
📈 Sho...you can put the rest of the position to breakeven.",766ba6e615457b85ca22f460cf076aba,2026-08-19T20:06:28+00:00,2026-08-19T20:23:09.551059+00:00,674,crytoaltlexadmin_1
666340,22996,"🔖 Signal ID: 004
📩 #WIFUSDT 15M | BB Breakout
📈 Lo...ea; expect a rapid move to secure initial profits.",ab56a5355a52bc2b1247f2179c8fb078,2026-08-19T20:06:02+00:00,2026-08-19T20:23:09.822210+00:00,674,crytoaltlexadmin_1
666347,22989,"🔖 Signal ID: 006
📩 #ORDIUSDT 15M | MACD Cross
📈 Lo...icipate swift execution toward the nearest target.",e7697bec0097554e3de0bccabe63ad10,2026-08-19T20:05:58+00:00,2026-08-19T20:23:09.847259+00:00,674,crytoaltlexadmin_1
666350,22987,"🔖 Signal ID: 005
📩 #JUPUSDT 15M | BB Breakout
📈 Lo...icipate swift execution toward the nearest target.",a03670962094133bad47b31a2c991938,2026-08-19T20:05:55+00:00,2026-08-19T20:23:09.860585+00:00,674,crytoaltlexadmin_1
666282,22984,"🔖 Signal ID: 002
📩 #OPUSDT 15M | MACD Cross
📈 Long...icipate swift execution toward the nearest target.",71d189067a5bd20ddb257b3c7722c284,2026-08-19T20:05:54+00:00,2026-08-19T20:23:08.918012+00:00,674,crytoaltlexadmin_1
666292,22979,"🔖 Signal ID: 003
📩 #FLOKIUSDT 15M | BB Breakout
📈 ...t objective and extension toward the final target.",da5fbafbffccd63bbd3553372ad4bfe4,2026-08-19T20:05:53+00:00,2026-08-19T20:23:09.348133+00:00,674,crytoaltlexadmin_1
666322,22974,"🔖 Signal ID: 001
📩 #DOTUSDT 15M | MACD Cross
📈 Lon...icipate swift execution toward the nearest target.",f7bd2cbb3ae683544a1c60bc5c02ad61,2026-08-19T20:05:52+00:00,2026-08-19T20:23:09.687588+00:00,674,crytoaltlexadmin_1
666275,22967,"🔖 Signal ID: 001
📩 #FLOKIUSDT 15M | MACD Cross
📈 L...icipate swift execution toward the nearest target.",f0a80796e0d796e2c5961d2acfbe05bb,2026-08-19T19:33:07+00:00,2026-08-19T20:23:08.238352+00:00,674,crytoaltlexadmin_1
666272,22964,"🔖 Signal ID: 003
📩 #PYTHUSDT 15M | BB Breakout
📈 L...t objective and extension toward the final target.",fae0d3f122be900a3ef35a8090e11a79,2026-08-19T19:33:06+00:00,2026-08-19T20:23:07.989737+00:00,674,crytoaltlexadmin_1
666271,22963,"🔖 Signal ID: 002
📩 #SEIUSDT 15M | EMA Cross
📉 Shor...icipate swift execution toward the nearest target.",466d63cd2fd67259d18f370146ea5292,2026-08-19T19:33:06+00:00,2026-08-19T20:23:07.984229+00:00,674,crytoaltlexadmin_1
669187,23456,"🔖 Signal ID: 002
📩 #OPUSDT 15M | MACD Cross
📈 Shor...you can put the rest of the position to breakeven.",dc4df0a2094aef8763ec6916d9b9feee,2026-08-19T20:21:29+00:00,2026-08-19T21:50:42.604437+00:00,674,crytoaltlexadmin_1
669228,23451,"🔖 Signal ID: 002
📩 #OPUSDT 15M | MACD Cross
📈 Shor...you can put the rest of the position to breakeven.",dc4df0a2094aef8763ec6916d9b9feee,2026-08-19T20:21:28+00:00,2026-08-19T21:50:42.984245+00:00,674,crytoaltlexadmin_1
669203,23453,"🔖 Signal ID: 004
📩 #WIFUSDT 15M | BB Breakout
📈 Sh...you can put the rest of the position to breakeven.",53b0d1c12d8d2c6aae47ed806cc5958e,2026-08-19T20:21:28+00:00,2026-08-19T21:50:42.739454+00:00,674,crytoaltlexadmin_1
669244,23448,"🔖 Signal ID: 004
📩 #WIFUSDT 15M | BB Breakout
📈 Sh...you can put the rest of the position to breakeven.",53b0d1c12d8d2c6aae47ed806cc5958e,2026-08-19T20:21:27+00:00,2026-08-19T21:50:43.085394+00:00,674,crytoaltlexadmin_1
669238,23447,"🔖 Signal ID: 004
📩 #WIFUSDT 15M | BB Breakout
📈 Sh...you can put the rest of the position to breakeven.",53b0d1c12d8d2c6aae47ed806cc5958e,2026-08-19T20:21:27+00:00,2026-08-19T21:50:43.040683+00:00,674,crytoaltlexadmin_1
669217,23450,"🔖 Signal ID: 001
📩 #DOTUSDT 15M | MACD Cross
📈 Sho...you can put the rest of the position to breakeven.",766ba6e615457b85ca22f460cf076aba,2026-08-19T20:21:27+00:00,2026-08-19T21:50:42.931398+00:00,674,crytoaltlexadmin_1
669207,23449,"🔖 Signal ID: 004
📩 #WIFUSDT 15M | BB Breakout
📈 Sh...you can put the rest of the position to breakeven.",53b0d1c12d8d2c6aae47ed806cc5958e,2026-08-19T20:21:27+00:00,2026-08-19T21:50:42.803937+00:00,674,crytoaltlexadmin_1
669249,23444,"🔖 Signal ID: 001
📩 #DOTUSDT 15M | MACD Cross
📈 Sho...you can put the rest of the position to breakeven.",766ba6e615457b85ca22f460cf076aba,2026-08-19T20:21:26+00:00,2026-08-19T21:50:43.129845+00:00,674,crytoaltlexadmin_1
669243,23442,"🔖 Signal ID: 001
📩 #DOTUSDT 15M | MACD Cross
📈 Sho...you can put the rest of the position to breakeven.",766ba6e615457b85ca22f460cf076aba,2026-08-19T20:21:26+00:00,2026-08-19T21:50:43.084372+00:00,674,crytoaltlexadmin_1
669240,23446,"🔖 Signal ID: 004
📩 #WIFUSDT 15M | BB Breakout
📈 Sh...you can put the rest of the position to breakeven.",53b0d1c12d8d2c6aae47ed806cc5958e,2026-08-19T20:21:26+00:00,2026-08-19T21:50:43.045246+00:00,674,crytoaltlexadmin_1
669246,23438,"🔖 Signal ID: 001
📩 #DOTUSDT 15M | MACD Cross
📈 Sho...you can put the rest of the position to breakeven.",766ba6e615457b85ca22f460cf076aba,2026-08-19T20:21:25+00:00,2026-08-19T21:50:43.094617+00:00,674,crytoaltlexadmin_1
669212,23440,"🔖 Signal ID: 001
📩 #DOTUSDT 15M | MACD Cross
📈 Sho...you can put the rest of the position to breakeven.",766ba6e615457b85ca22f460cf076aba,2026-08-19T20:21:25+00:00,2026-08-19T21:50:42.858451+00:00,674,crytoaltlexadmin_1
669239,23437,"🔖 Signal ID: 002
📩 #OPUSDT 15M | MACD Cross
📈 Shor...you can put the rest of the position to breakeven.",dc4df0a2094aef8763ec6916d9b9feee,2026-08-19T20:21:24+00:00,2026-08-19T21:50:43.035319+00:00,674,crytoaltlexadmin_1
669227,23436,"🔖 Signal ID: 002
📩 #OPUSDT 15M | MACD Cross
📈 Shor...you can put the rest of the position to breakeven.",dc4df0a2094aef8763ec6916d9b9feee,2026-08-19T20:21:24+00:00,2026-08-19T21:50:42.974325+00:00,674,crytoaltlexadmin_1
669234,23435,"🔖 Signal ID: 001
📩 #DOTUSDT 15M | MACD Cross
📈 Sho...you can put the rest of the position to breakeven.",766ba6e615457b85ca22f460cf076aba,2026-08-19T20:21:23+00:00,2026-08-19T21:50:42.997476+00:00,674,crytoaltlexadmin_1
669245,23431,"🔖 Signal ID: 002
📩 #OPUSDT 15M | MACD Cross
📈 Shor...you can put the rest of the position to breakeven.",dc4df0a2094aef8763ec6916d9b9feee,2026-08-19T20:21:22+00:00,2026-08-19T21:50:43.091021+00:00,674,crytoaltlexadmin_1
669226,23433,"🔖 Signal ID: 001
📩 #DOTUSDT 15M | MACD Cross
📈 Sho...you can put the rest of the position to breakeven.",766ba6e615457b85ca22f460cf076aba,2026-08-19T20:21:22+00:00,2026-08-19T21:50:42.976703+00:00,674,crytoaltlexadmin_1
669248,23429,"🔖 Signal ID: 002
📩 #OPUSDT 15M | MACD Cross
📈 Shor...you can put the rest of the position to breakeven.",dc4df0a2094aef8763ec6916d9b9feee,2026-08-19T20:21:21+00:00,2026-08-19T21:50:43.118057+00:00,674,crytoaltlexadmin_1
669214,23430,"🔖 Signal ID: 002
📩 #OPUSDT 15M | MACD Cross
📈 Shor...you can put the rest of the position to breakeven.",dc4df0a2094aef8763ec6916d9b9feee,2026-08-19T20:21:21+00:00,2026-08-19T21:50:42.910181+00:00,674,crytoaltlexadmin_1
669250,23428,"🔖 Signal ID: 002
📩 #OPUSDT 15M | MACD Cross
📈 Shor...you can put the rest of the position to breakeven.",dc4df0a2094aef8763ec6916d9b9feee,2026-08-19T20:21:20+00:00,2026-08-19T21:50:43.135669+00:00,674,crytoaltlexadmin_1
669196,23426,"🔖 Signal ID: 002
📩 #OPUSDT 15M | MACD Cross
📈 Shor...you can put the rest of the position to breakeven.",dc4df0a2094aef8763ec6916d9b9feee,2026-08-19T20:21:20+00:00,2026-08-19T21:50:42.696808+00:00,674,crytoaltlexadmin_1
669229,23421,"🔖 Signal ID: 003
📩 #FLOKIUSDT 15M | BB Breakout
📈 ...you can put the rest of the position to breakeven.",8128182632b70add0f7da933a07b3ba8,2026-08-19T20:19:36+00:00,2026-08-19T21:50:42.988665+00:00,674,crytoaltlexadmin_1
669231,23416,"🔖 Signal ID: 004
📩 #WIFUSDT 15M | BB Breakout
📈 Sh...you can put the rest of the position to breakeven.",53b0d1c12d8d2c6aae47ed806cc5958e,2026-08-19T20:19:35+00:00,2026-08-19T21:50:42.991243+00:00,674,crytoaltlexadmin_1
669190,23415,"🔖 Signal ID: 004
📩 #WIFUSDT 15M | BB Breakout
📈 Sh...you can put the rest of the position to breakeven.",53b0d1c12d8d2c6aae47ed806cc5958e,2026-08-19T20:19:35+00:00,2026-08-19T21:50:42.633282+00:00,674,crytoaltlexadmin_1
669247,23414,"🔖 Signal ID: 001
📩 #DOTUSDT 15M | MACD Cross
📈 Sho...you can put the rest of the position to breakeven.",766ba6e615457b85ca22f460cf076aba,2026-08-19T20:19:34+00:00,2026-08-19T21:50:43.102384+00:00,674,crytoaltlexadmin_1
669242,23413,"🔖 Signal ID: 004
📩 #WIFUSDT 15M | BB Breakout
📈 Sh...you can put the rest of the position to breakeven.",53b0d1c12d8d2c6aae47ed806cc5958e,2026-08-19T20:19:34+00:00,2026-08-19T21:50:43.079527+00:00,674,crytoaltlexadmin_1
669192,23412,"🔖 Signal ID: 004
📩 #WIFUSDT 15M | BB Breakout
📈 Sh...you can put the rest of the position to breakeven.",53b0d1c12d8d2c6aae47ed806cc5958e,2026-08-19T20:19:34+00:00,2026-08-19T21:50:42.658601+00:00,674,crytoaltlexadmin_1
669222,23410,"🔖 Signal ID: 004
📩 #WIFUSDT 15M | BB Breakout
📈 Sh...you can put the rest of the position to breakeven.",53b0d1c12d8d2c6aae47ed806cc5958e,2026-08-19T20:19:33+00:00,2026-08-19T21:50:42.957375+00:00,674,crytoaltlexadmin_1
669210,23411,"🔖 Signal ID: 004
📩 #WIFUSDT 15M | BB Breakout
📈 Sh...you can put the rest of the position to breakeven.",53b0d1c12d8d2c6aae47ed806cc5958e,2026-08-19T20:19:33+00:00,2026-08-19T21:50:42.825779+00:00,674,crytoaltlexadmin_1
669171,23409,"🔖 Signal ID: 002
📩 #OPUSDT 15M | MACD Cross
📈 Shor...you can put the rest of the position to breakeven.",dc4df0a2094aef8763ec6916d9b9feee,2026-08-19T20:19:33+00:00,2026-08-19T21:50:42.339621+00:00,674,crytoaltlexadmin_1
669189,23407,"🔖 Signal ID: 004
📩 #WIFUSDT 15M | BB Breakout
📈 Sh...you can put the rest of the position to breakeven.",53b0d1c12d8d2c6aae47ed806cc5958e,2026-08-19T20:19:32+00:00,2026-08-19T21:50:42.619181+00:00,674,crytoaltlexadmin_1
669159,23408,"🔖 Signal ID: 003
📩 #FLOKIUSDT 15M | BB Breakout
📈 ...you can put the rest of the position to breakeven.",8128182632b70add0f7da933a07b3ba8,2026-08-19T20:19:32+00:00,2026-08-19T21:50:42.237429+00:00,674,crytoaltlexadmin_1
669235,23406,"🔖 Signal ID: 004
📩 #WIFUSDT 15M | BB Breakout
📈 Sh...you can put the rest of the position to breakeven.",53b0d1c12d8d2c6aae47ed806cc5958e,2026-08-19T20:19:31+00:00,2026-08-19T21:50:43.002389+00:00,674,crytoaltlexadmin_1
669211,23405,"🔖 Signal ID: 002
📩 #OPUSDT 15M | MACD Cross
📈 Shor...you can put the rest of the position to breakeven.",dc4df0a2094aef8763ec6916d9b9feee,2026-08-19T20:19:31+00:00,2026-08-19T21:50:42.840085+00:00,674,crytoaltlexadmin_1
669230,23401,"🔖 Signal ID: 001
📩 #DOTUSDT 15M | MACD Cross
📈 Sho...you can put the rest of the position to breakeven.",766ba6e615457b85ca22f460cf076aba,2026-08-19T20:19:30+00:00,2026-08-19T21:50:42.990433+00:00,674,crytoaltlexadmin_1
669184,23400,"🔖 Signal ID: 003
📩 #FLOKIUSDT 15M | BB Breakout
📈 ...you can put the rest of the position to breakeven.",8128182632b70add0f7da933a07b3ba8,2026-08-19T20:19:30+00:00,2026-08-19T21:50:42.514718+00:00,674,crytoaltlexadmin_1
669178,23398,"🔖 Signal ID: 003
📩 #FLOKIUSDT 15M | BB Breakout
📈 ...you can put the rest of the position to breakeven.",8128182632b70add0f7da933a07b3ba8,2026-08-19T20:19:30+00:00,2026-08-19T21:50:42.379086+00:00,674,crytoaltlexadmin_1
669155,23404,"🔖 Signal ID: 002
📩 #OPUSDT 15M | MACD Cross
📈 Shor...you can put the rest of the position to breakeven.",dc4df0a2094aef8763ec6916d9b9feee,2026-08-19T20:19:30+00:00,2026-08-19T21:50:42.152995+00:00,674,crytoaltlexadmin_1
669216,23397,"🔖 Signal ID: 003
📩 #FLOKIUSDT 15M | BB Breakout
📈 ...you can put the rest of the position to breakeven.",8128182632b70add0f7da933a07b3ba8,2026-08-19T20:19:29+00:00,2026-08-19T21:50:42.929512+00:00,674,crytoaltlexadmin_1
669164,23396,"🔖 Signal ID: 003
📩 #FLOKIUSDT 15M | BB Breakout
📈 ...you can put the rest of the position to breakeven.",8128182632b70add0f7da933a07b3ba8,2026-08-19T20:19:29+00:00,2026-08-19T21:50:42.275373+00:00,674,crytoaltlexadmin_1
669224,23395,"🔖 Signal ID: 003
📩 #FLOKIUSDT 15M | BB Breakout
📈 ...you can put the rest of the position to breakeven.",8128182632b70add0f7da933a07b3ba8,2026-08-19T20:19:28+00:00,2026-08-19T21:50:42.964098+00:00,674,crytoaltlexadmin_1
669170,23394,"🔖 Signal ID: 001
📩 #DOTUSDT 15M | MACD Cross
📈 Sho...you can put the rest of the position to breakeven.",766ba6e615457b85ca22f460cf076aba,2026-08-19T20:19:28+00:00,2026-08-19T21:50:42.327688+00:00,674,crytoaltlexadmin_1
669237,23392,"🔖 Signal ID: 006
📩 #ORDIUSDT 15M | MACD Cross
📈 Sh...you can put the rest of the position to breakeven.",a8076f42749f949b902a0d2209304f79,2026-08-19T20:19:27+00:00,2026-08-19T21:50:43.031505+00:00,674,crytoaltlexadmin_1
669199,23393,"🔖 Signal ID: 001
📩 #DOTUSDT 15M | MACD Cross
📈 Sho...you can put the rest of the position to breakeven.",766ba6e615457b85ca22f460cf076aba,2026-08-19T20:19:27+00:00,2026-08-19T21:50:42.725762+00:00,674,crytoaltlexadmin_1
669215,23390,"🔖 Signal ID: 003
📩 #FLOKIUSDT 15M | BB Breakout
📈 ...you can put the rest of the position to breakeven.",8128182632b70add0f7da933a07b3ba8,2026-08-19T20:19:26+00:00,2026-08-19T21:50:42.916429+00:00,674,crytoaltlexadmin_1
669202,23391,"🔖 Signal ID: 006
📩 #ORDIUSDT 15M | MACD Cross
📈 Sh...you can put the rest of the position to breakeven.",a8076f42749f949b902a0d2209304f79,2026-08-19T20:19:26+00:00,2026-08-19T21:50:42.737836+00:00,674,crytoaltlexadmin_1
669180,23389,"🔖 Signal ID: 004
📩 #WIFUSDT 15M | BB Breakout
📈 Sh...you can put the rest of the position to breakeven.",53b0d1c12d8d2c6aae47ed806cc5958e,2026-08-19T20:19:26+00:00,2026-08-19T21:50:42.382030+00:00,674,crytoaltlexadmin_1
669221,23388,"🔖 Signal ID: 001
📩 #DOTUSDT 15M | MACD Cross
📈 Sho...you can put the rest of the position to breakeven.",766ba6e615457b85ca22f460cf076aba,2026-08-19T20:19:25+00:00,2026-08-19T21:50:42.952318+00:00,674,crytoaltlexadmin_1
669208,23385,"🔖 Signal ID: 005
📩 #JUPUSDT 15M | BB Breakout
📈 Sh...you can put the rest of the position to breakeven.",1fa0aaae094e845447750dbd0957a7c2,2026-08-19T20:19:25+00:00,2026-08-19T21:50:42.812905+00:00,674,crytoaltlexadmin_1
669174,23387,"🔖 Signal ID: 005
📩 #JUPUSDT 15M | BB Breakout
📈 Sh...you can put the rest of the position to breakeven.",1fa0aaae094e845447750dbd0957a7c2,2026-08-19T20:19:25+00:00,2026-08-19T21:50:42.348947+00:00,674,crytoaltlexadmin_1
669166,23386,"🔖 Signal ID: 002
📩 #OPUSDT 15M | MACD Cross
📈 Shor...you can put the rest of the position to breakeven.",dc4df0a2094aef8763ec6916d9b9feee,2026-08-19T20:19:25+00:00,2026-08-19T21:50:42.285254+00:00,674,crytoaltlexadmin_1
669209,23382,"🔖 Signal ID: 005
📩 #JUPUSDT 15M | BB Breakout
📈 Sh...you can put the rest of the position to breakeven.",1fa0aaae094e845447750dbd0957a7c2,2026-08-19T20:19:24+00:00,2026-08-19T21:50:42.816782+00:00,674,crytoaltlexadmin_1
669186,23384,"🔖 Signal ID: 004
📩 #WIFUSDT 15M | BB Breakout
📈 Sh...you can put the rest of the position to breakeven.",53b0d1c12d8d2c6aae47ed806cc5958e,2026-08-19T20:19:24+00:00,2026-08-19T21:50:42.605567+00:00,674,crytoaltlexadmin_1
669185,23381,"🔖 Signal ID: 002
📩 #OPUSDT 15M | MACD Cross
📈 Shor...you can put the rest of the position to breakeven.",dc4df0a2094aef8763ec6916d9b9feee,2026-08-19T20:19:24+00:00,2026-08-19T21:50:42.538201+00:00,674,crytoaltlexadmin_1
669177,23383,"🔖 Signal ID: 004
📩 #WIFUSDT 15M | BB Breakout
📈 Sh...you can put the rest of the position to breakeven.",53b0d1c12d8d2c6aae47ed806cc5958e,2026-08-19T20:19:24+00:00,2026-08-19T21:50:42.363273+00:00,674,crytoaltlexadmin_1
669161,23380,"🔖 Signal ID: 001
📩 #DOTUSDT 15M | MACD Cross
📈 Sho...you can put the rest of the position to breakeven.",766ba6e615457b85ca22f460cf076aba,2026-08-19T20:19:24+00:00,2026-08-19T21:50:42.254196+00:00,674,crytoaltlexadmin_1
669194,23376,"🔖 Signal ID: 004
📩 #WIFUSDT 15M | BB Breakout
📈 Sh...you can put the rest of the position to breakeven.",53b0d1c12d8d2c6aae47ed806cc5958e,2026-08-19T20:19:23+00:00,2026-08-19T21:50:42.688558+00:00,674,crytoaltlexadmin_1
669220,23374,"🔖 Signal ID: 001
📩 #DOTUSDT 15M | MACD Cross
📈 Sho...you can put the rest of the position to breakeven.",766ba6e615457b85ca22f460cf076aba,2026-08-19T20:19:22+00:00,2026-08-19T21:50:42.943114+00:00,674,crytoaltlexadmin_1
669218,23371,"🔖 Signal ID: 001
📩 #DOTUSDT 15M | MACD Cross
📈 Sho...you can put the rest of the position to breakeven.",766ba6e615457b85ca22f460cf076aba,2026-08-19T20:19:21+00:00,2026-08-19T21:50:42.930584+00:00,674,crytoaltlexadmin_1
669200,23368,"🔖 Signal ID: 004
📩 #WIFUSDT 15M | BB Breakout
📈 Sh...you can put the rest of the position to breakeven.",53b0d1c12d8d2c6aae47ed806cc5958e,2026-08-19T20:19:20+00:00,2026-08-19T21:50:42.732337+00:00,674,crytoaltlexadmin_1
669188,23366,"🔖 Signal ID: 002
📩 #OPUSDT 15M | MACD Cross
📈 Shor...you can put the rest of the position to breakeven.",dc4df0a2094aef8763ec6916d9b9feee,2026-08-19T20:19:20+00:00,2026-08-19T21:50:42.615428+00:00,674,crytoaltlexadmin_1
669167,23369,"🔖 Signal ID: 001
📩 #DOTUSDT 15M | MACD Cross
📈 Sho...you can put the rest of the position to breakeven.",766ba6e615457b85ca22f460cf076aba,2026-08-19T20:19:20+00:00,2026-08-19T21:50:42.300856+00:00,674,crytoaltlexadmin_1
669160,23365,"🔖 Signal ID: 002
📩 #OPUSDT 15M | MACD Cross
📈 Shor...you can put the rest of the position to breakeven.",dc4df0a2094aef8763ec6916d9b9feee,2026-08-19T20:19:20+00:00,2026-08-19T21:50:42.247430+00:00,674,crytoaltlexadmin_1
669172,23364,"🔖 Signal ID: 001
📩 #DOTUSDT 15M | MACD Cross
📈 Sho...you can put the rest of the position to breakeven.",766ba6e615457b85ca22f460cf076aba,2026-08-19T20:19:18+00:00,2026-08-19T21:50:42.335304+00:00,674,crytoaltlexadmin_1
669204,23361,"🔖 Signal ID: 002
📩 #OPUSDT 15M | MACD Cross
📈 Shor...you can put the rest of the position to breakeven.",dc4df0a2094aef8763ec6916d9b9feee,2026-08-19T20:19:17+00:00,2026-08-19T21:50:42.740565+00:00,674,crytoaltlexadmin_1
669173,23360,"🔖 Signal ID: 002
📩 #OPUSDT 15M | MACD Cross
📈 Shor...you can put the rest of the position to breakeven.",dc4df0a2094aef8763ec6916d9b9feee,2026-08-19T20:19:17+00:00,2026-08-19T21:50:42.343343+00:00,674,crytoaltlexadmin_1
669157,23362,"🔖 Signal ID: 001
📩 #DOTUSDT 15M | MACD Cross
📈 Sho...you can put the rest of the position to breakeven.",766ba6e615457b85ca22f460cf076aba,2026-08-19T20:19:17+00:00,2026-08-19T21:50:42.217002+00:00,674,crytoaltlexadmin_1
669153,23358,"🔖 Signal ID: 002
📩 #OPUSDT 15M | MACD Cross
📈 Shor...you can put the rest of the position to breakeven.",dc4df0a2094aef8763ec6916d9b9feee,2026-08-19T20:19:17+00:00,2026-08-19T21:50:42.117825+00:00,674,crytoaltlexadmin_1
669236,23335,"🔖 Signal ID: 003
📩 #FLOKIUSDT 15M | BB Breakout
📈 ...you can put the rest of the position to breakeven.",8128182632b70add0f7da933a07b3ba8,2026-08-19T20:15:45+00:00,2026-08-19T21:50:43.012302+00:00,674,crytoaltlexadmin_1
669141,23332,"🔖 Signal ID: 001
📩 #DOTUSDT 15M | MACD Cross
📈 Sho...you can put the rest of the position to breakeven.",766ba6e615457b85ca22f460cf076aba,2026-08-19T20:15:45+00:00,2026-08-19T21:50:28.287798+00:00,674,crytoaltlexadmin_1
669135,23334,"🔖 Signal ID: 004
📩 #WIFUSDT 15M | BB Breakout
📈 Sh...you can put the rest of the position to breakeven.",53b0d1c12d8d2c6aae47ed806cc5958e,2026-08-19T20:15:45+00:00,2026-08-19T21:50:28.261177+00:00,674,crytoaltlexadmin_1
669125,23330,"🔖 Signal ID: 004
📩 #WIFUSDT 15M | BB Breakout
📈 Sh...you can put the rest of the position to breakeven.",53b0d1c12d8d2c6aae47ed806cc5958e,2026-08-19T20:15:45+00:00,2026-08-19T21:50:28.231037+00:00,674,crytoaltlexadmin_1
669117,23333,"🔖 Signal ID: 004
📩 #WIFUSDT 15M | BB Breakout
📈 Sh...you can put the rest of the position to breakeven.",53b0d1c12d8d2c6aae47ed806cc5958e,2026-08-19T20:15:45+00:00,2026-08-19T21:50:28.184547+00:00,674,crytoaltlexadmin_1
669145,23328,"🔖 Signal ID: 004
📩 #WIFUSDT 15M | BB Breakout
📈 Sh...you can put the rest of the position to breakeven.",53b0d1c12d8d2c6aae47ed806cc5958e,2026-08-19T20:15:44+00:00,2026-08-19T21:50:28.324044+00:00,674,crytoaltlexadmin_1
669137,23327,"🔖 Signal ID: 004
📩 #WIFUSDT 15M | BB Breakout
📈 Sh...you can put the rest of the position to breakeven.",53b0d1c12d8d2c6aae47ed806cc5958e,2026-08-19T20:15:44+00:00,2026-08-19T21:50:28.264342+00:00,674,crytoaltlexadmin_1
669134,23329,"🔖 Signal ID: 004
📩 #WIFUSDT 15M | BB Breakout
📈 Sh...you can put the rest of the position to breakeven.",53b0d1c12d8d2c6aae47ed806cc5958e,2026-08-19T20:15:44+00:00,2026-08-19T21:50:28.259762+00:00,674,crytoaltlexadmin_1
669146,23324,"🔖 Signal ID: 004
📩 #WIFUSDT 15M | BB Breakout
📈 Sh...you can put the rest of the position to breakeven.",53b0d1c12d8d2c6aae47ed806cc5958e,2026-08-19T20:15:43+00:00,2026-08-19T21:50:28.331190+00:00,674,crytoaltlexadmin_1
669132,23325,"🔖 Signal ID: 003
📩 #FLOKIUSDT 15M | BB Breakout
📈 ...you can put the rest of the position to breakeven.",8128182632b70add0f7da933a07b3ba8,2026-08-19T20:15:43+00:00,2026-08-19T21:50:28.254285+00:00,674,crytoaltlexadmin_1
669129,23326,"🔖 Signal ID: 002
📩 #OPUSDT 15M | MACD Cross
📈 Shor...you can put the rest of the position to breakeven.",dc4df0a2094aef8763ec6916d9b9feee,2026-08-19T20:15:43+00:00,2026-08-19T21:50:28.243813+00:00,674,crytoaltlexadmin_1
669131,23322,"🔖 Signal ID: 002
📩 #OPUSDT 15M | MACD Cross
📈 Shor...you can put the rest of the position to breakeven.",dc4df0a2094aef8763ec6916d9b9feee,2026-08-19T20:15:42+00:00,2026-08-19T21:50:28.253312+00:00,674,crytoaltlexadmin_1
669121,23321,"🔖 Signal ID: 002
📩 #OPUSDT 15M | MACD Cross
📈 Shor...you can put the rest of the position to breakeven.",dc4df0a2094aef8763ec6916d9b9feee,2026-08-19T20:15:42+00:00,2026-08-19T21:50:28.207810+00:00,674,crytoaltlexadmin_1
669112,23323,"🔖 Signal ID: 004
📩 #WIFUSDT 15M | BB Breakout
📈 Sh...you can put the rest of the position to breakeven.",53b0d1c12d8d2c6aae47ed806cc5958e,2026-08-19T20:15:42+00:00,2026-08-19T21:50:28.127622+00:00,674,crytoaltlexadmin_1
669144,23318,"🔖 Signal ID: 003
📩 #FLOKIUSDT 15M | BB Breakout
📈 ...you can put the rest of the position to breakeven.",8128182632b70add0f7da933a07b3ba8,2026-08-19T20:15:41+00:00,2026-08-19T21:50:28.305552+00:00,674,crytoaltlexadmin_1
669119,23320,"🔖 Signal ID: 001
📩 #DOTUSDT 15M | MACD Cross
📈 Sho...you can put the rest of the position to breakeven.",766ba6e615457b85ca22f460cf076aba,2026-08-19T20:15:41+00:00,2026-08-19T21:50:28.203230+00:00,674,crytoaltlexadmin_1
669113,23319,"🔖 Signal ID: 003
📩 #FLOKIUSDT 15M | BB Breakout
📈 ...you can put the rest of the position to breakeven.",8128182632b70add0f7da933a07b3ba8,2026-08-19T20:15:41+00:00,2026-08-19T21:50:28.154235+00:00,674,crytoaltlexadmin_1
669143,23317,"🔖 Signal ID: 003
📩 #FLOKIUSDT 15M | BB Breakout
📈 ...you can put the rest of the position to breakeven.",8128182632b70add0f7da933a07b3ba8,2026-08-19T20:15:40+00:00,2026-08-19T21:50:28.302376+00:00,674,crytoaltlexadmin_1
669140,23312,"🔖 Signal ID: 003
📩 #FLOKIUSDT 15M | BB Breakout
📈 ...you can put the rest of the position to breakeven.",8128182632b70add0f7da933a07b3ba8,2026-08-19T20:15:40+00:00,2026-08-19T21:50:28.278366+00:00,674,crytoaltlexadmin_1
669130,23316,"🔖 Signal ID: 001
📩 #DOTUSDT 15M | MACD Cross
📈 Sho...you can put the rest of the position to breakeven.",766ba6e615457b85ca22f460cf076aba,2026-08-19T20:15:40+00:00,2026-08-19T21:50:28.245509+00:00,674,crytoaltlexadmin_1
669114,23313,"🔖 Signal ID: 006
📩 #ORDIUSDT 15M | MACD Cross
📈 Sh...you can put the rest of the position to breakeven.",a8076f42749f949b902a0d2209304f79,2026-08-19T20:15:40+00:00,2026-08-19T21:50:28.163228+00:00,674,crytoaltlexadmin_1
669108,23314,"🔖 Signal ID: 006
📩 #ORDIUSDT 15M | MACD Cross
📈 Sh...you can put the rest of the position to breakeven.",a8076f42749f949b902a0d2209304f79,2026-08-19T20:15:40+00:00,2026-08-19T21:50:27.992776+00:00,674,crytoaltlexadmin_1
669107,23315,"🔖 Signal ID: 001
📩 #DOTUSDT 15M | MACD Cross
📈 Sho...you can put the rest of the position to breakeven.",766ba6e615457b85ca22f460cf076aba,2026-08-19T20:15:40+00:00,2026-08-19T21:50:27.983641+00:00,674,crytoaltlexadmin_1
669150,23306,"🔖 Signal ID: 003
📩 #FLOKIUSDT 15M | BB Breakout
📈 ...you can put the rest of the position to breakeven.",8128182632b70add0f7da933a07b3ba8,2026-08-19T20:15:39+00:00,2026-08-19T21:50:28.341643+00:00,674,crytoaltlexadmin_1
669149,23310,"🔖 Signal ID: 001
📩 #DOTUSDT 15M | MACD Cross
📈 Sho...you can put the rest of the position to breakeven.",766ba6e615457b85ca22f460cf076aba,2026-08-19T20:15:39+00:00,2026-08-19T21:50:28.340907+00:00,674,crytoaltlexadmin_1
669139,23308,"🔖 Signal ID: 002
📩 #OPUSDT 15M | MACD Cross
📈 Shor...you can put the rest of the position to breakeven.",dc4df0a2094aef8763ec6916d9b9feee,2026-08-19T20:15:39+00:00,2026-08-19T21:50:28.277162+00:00,674,crytoaltlexadmin_1
669127,23309,"🔖 Signal ID: 005
📩 #JUPUSDT 15M | BB Breakout
📈 Sh...you can put the rest of the position to breakeven.",1fa0aaae094e845447750dbd0957a7c2,2026-08-19T20:15:39+00:00,2026-08-19T21:50:28.238490+00:00,674,crytoaltlexadmin_1
669120,23311,"🔖 Signal ID: 004
📩 #WIFUSDT 15M | BB Breakout
📈 Sh...you can put the rest of the position to breakeven.",53b0d1c12d8d2c6aae47ed806cc5958e,2026-08-19T20:15:39+00:00,2026-08-19T21:50:28.205215+00:00,674,crytoaltlexadmin_1
669105,23307,"🔖 Signal ID: 002
📩 #OPUSDT 15M | MACD Cross
📈 Shor...you can put the rest of the position to breakeven.",dc4df0a2094aef8763ec6916d9b9feee,2026-08-19T20:15:39+00:00,2026-08-19T21:50:27.888731+00:00,674,crytoaltlexadmin_1
669148,23303,"🔖 Signal ID: 004
📩 #WIFUSDT 15M | BB Breakout
📈 Sh...you can put the rest of the position to breakeven.",53b0d1c12d8d2c6aae47ed806cc5958e,2026-08-19T20:15:38+00:00,2026-08-19T21:50:28.335453+00:00,674,crytoaltlexadmin_1
669133,23304,"🔖 Signal ID: 005
📩 #JUPUSDT 15M | BB Breakout
📈 Sh...you can put the rest of the position to breakeven.",1fa0aaae094e845447750dbd0957a7c2,2026-08-19T20:15:38+00:00,2026-08-19T21:50:28.255255+00:00,674,crytoaltlexadmin_1
669110,23301,"🔖 Signal ID: 001
📩 #DOTUSDT 15M | MACD Cross
📈 Sho...you can put the rest of the position to breakeven.",766ba6e615457b85ca22f460cf076aba,2026-08-19T20:15:37+00:00,2026-08-19T21:50:28.113438+00:00,674,crytoaltlexadmin_1
669124,23296,"🔖 Signal ID: 004
📩 #WIFUSDT 15M | BB Breakout
📈 Sh...you can put the rest of the position to breakeven.",53b0d1c12d8d2c6aae47ed806cc5958e,2026-08-19T20:15:35+00:00,2026-08-19T21:50:28.227933+00:00,674,crytoaltlexadmin_1
669122,23293,"🔖 Signal ID: 001
📩 #DOTUSDT 15M | MACD Cross
📈 Sho...you can put the rest of the position to breakeven.",766ba6e615457b85ca22f460cf076aba,2026-08-19T20:15:34+00:00,2026-08-19T21:50:28.211164+00:00,674,crytoaltlexadmin_1
669115,23294,"🔖 Signal ID: 001
📩 #DOTUSDT 15M | MACD Cross
📈 Sho...you can put the rest of the position to breakeven.",766ba6e615457b85ca22f460cf076aba,2026-08-19T20:15:34+00:00,2026-08-19T21:50:28.166883+00:00,674,crytoaltlexadmin_1
669142,23292,"🔖 Signal ID: 001
📩 #DOTUSDT 15M | MACD Cross
📈 Sho...you can put the rest of the position to breakeven.",766ba6e615457b85ca22f460cf076aba,2026-08-19T20:15:33+00:00,2026-08-19T21:50:28.297778+00:00,674,crytoaltlexadmin_1
669106,23290,"🔖 Signal ID: 004
📩 #WIFUSDT 15M | BB Breakout
📈 Sh...you can put the rest of the position to breakeven.",53b0d1c12d8d2c6aae47ed806cc5958e,2026-08-19T20:15:33+00:00,2026-08-19T21:50:27.926966+00:00,674,crytoaltlexadmin_1
669147,23287,"🔖 Signal ID: 002
📩 #OPUSDT 15M | MACD Cross
📈 Shor...you can put the rest of the position to breakeven.",dc4df0a2094aef8763ec6916d9b9feee,2026-08-19T20:15:32+00:00,2026-08-19T21:50:28.333514+00:00,674,crytoaltlexadmin_1
669136,23284,"🔖 Signal ID: 001
📩 #DOTUSDT 15M | MACD Cross
📈 Sho...you can put the rest of the position to breakeven.",766ba6e615457b85ca22f460cf076aba,2026-08-19T20:15:32+00:00,2026-08-19T21:50:28.263091+00:00,674,crytoaltlexadmin_1
669109,23286,"🔖 Signal ID: 002
📩 #OPUSDT 15M | MACD Cross
📈 Shor...you can put the rest of the position to breakeven.",dc4df0a2094aef8763ec6916d9b9feee,2026-08-19T20:15:32+00:00,2026-08-19T21:50:28.108576+00:00,674,crytoaltlexadmin_1
669104,23288,"🔖 Signal ID: 002
📩 #OPUSDT 15M | MACD Cross
📈 Shor...you can put the rest of the position to breakeven.",dc4df0a2094aef8763ec6916d9b9feee,2026-08-19T20:15:32+00:00,2026-08-19T21:50:27.866335+00:00,674,crytoaltlexadmin_1
669126,23282,"🔖 Signal ID: 002
📩 #OPUSDT 15M | MACD Cross
📈 Shor...you can put the rest of the position to breakeven.",dc4df0a2094aef8763ec6916d9b9feee,2026-08-19T20:15:31+00:00,2026-08-19T21:50:28.234008+00:00,674,crytoaltlexadmin_1
669138,23277,"🔖 Signal ID: 004
📩 #WIFUSDT 15M | BB Breakout
📈 Sh...you can put the rest of the position to breakeven.",53b0d1c12d8d2c6aae47ed806cc5958e,2026-08-19T20:14:14+00:00,2026-08-19T21:50:28.269468+00:00,674,crytoaltlexadmin_1
669118,23278,"🔖 Signal ID: 004
📩 #WIFUSDT 15M | BB Breakout
📈 Sh...you can put the rest of the position to breakeven.",53b0d1c12d8d2c6aae47ed806cc5958e,2026-08-19T20:14:14+00:00,2026-08-19T21:50:28.196419+00:00,674,crytoaltlexadmin_1
669128,23275,"🔖 Signal ID: 004
📩 #WIFUSDT 15M | BB Breakout
📈 Sh...you can put the rest of the position to breakeven.",53b0d1c12d8d2c6aae47ed806cc5958e,2026-08-19T20:14:13+00:00,2026-08-19T21:50:28.240902+00:00,674,crytoaltlexadmin_1
669103,23276,"🔖 Signal ID: 004
📩 #WIFUSDT 15M | BB Breakout
📈 Sh...you can put the rest of the position to breakeven.",53b0d1c12d8d2c6aae47ed806cc5958e,2026-08-19T20:14:13+00:00,2026-08-19T21:50:27.860283+00:00,674,crytoaltlexadmin_1
669091,23273,"🔖 Signal ID: 002
📩 #OPUSDT 15M | MACD Cross
📈 Shor...you can put the rest of the position to breakeven.",dc4df0a2094aef8763ec6916d9b9feee,2026-08-19T20:14:12+00:00,2026-08-19T21:50:27.619552+00:00,674,crytoaltlexadmin_1
669088,23274,"🔖 Signal ID: 004
📩 #WIFUSDT 15M | BB Breakout
📈 Sh...you can put the rest of the position to breakeven.",53b0d1c12d8d2c6aae47ed806cc5958e,2026-08-19T20:14:12+00:00,2026-08-19T21:50:27.610758+00:00,674,crytoaltlexadmin_1
669116,23269,"🔖 Signal ID: 002
📩 #OPUSDT 15M | MACD Cross
📈 Shor...you can put the rest of the position to breakeven.",dc4df0a2094aef8763ec6916d9b9feee,2026-08-19T20:14:11+00:00,2026-08-19T21:50:28.182706+00:00,674,crytoaltlexadmin_1
669086,23272,"🔖 Signal ID: 003
📩 #FLOKIUSDT 15M | BB Breakout
📈 ...you can put the rest of the position to breakeven.",8128182632b70add0f7da933a07b3ba8,2026-08-19T20:14:11+00:00,2026-08-19T21:50:27.602369+00:00,674,crytoaltlexadmin_1
669081,23271,"🔖 Signal ID: 004
📩 #WIFUSDT 15M | BB Breakout
📈 Sh...you can put the rest of the position to breakeven.",53b0d1c12d8d2c6aae47ed806cc5958e,2026-08-19T20:14:11+00:00,2026-08-19T21:50:27.567870+00:00,674,crytoaltlexadmin_1
669077,23270,"🔖 Signal ID: 004
📩 #WIFUSDT 15M | BB Breakout
📈 Sh...you can put the rest of the position to breakeven.",53b0d1c12d8d2c6aae47ed806cc5958e,2026-08-19T20:14:11+00:00,2026-08-19T21:50:27.560038+00:00,674,crytoaltlexadmin_1
669089,23268,"🔖 Signal ID: 002
📩 #OPUSDT 15M | MACD Cross
📈 Shor...you can put the rest of the position to breakeven.",dc4df0a2094aef8763ec6916d9b9feee,2026-08-19T20:14:10+00:00,2026-08-19T21:50:27.613010+00:00,674,crytoaltlexadmin_1
669069,23266,"🔖 Signal ID: 003
📩 #FLOKIUSDT 15M | BB Breakout
📈 ...you can put the rest of the position to breakeven.",8128182632b70add0f7da933a07b3ba8,2026-08-19T20:14:10+00:00,2026-08-19T21:50:27.489980+00:00,674,crytoaltlexadmin_1
669068,23267,"🔖 Signal ID: 001
📩 #DOTUSDT 15M | MACD Cross
📈 Sho...you can put the rest of the position to breakeven.",766ba6e615457b85ca22f460cf076aba,2026-08-19T20:14:10+00:00,2026-08-19T21:50:27.480841+00:00,674,crytoaltlexadmin_1
669093,23265,"🔖 Signal ID: 003
📩 #FLOKIUSDT 15M | BB Breakout
📈 ...you can put the rest of the position to breakeven.",8128182632b70add0f7da933a07b3ba8,2026-08-19T20:14:09+00:00,2026-08-19T21:50:27.660977+00:00,674,crytoaltlexadmin_1
669087,23263,"🔖 Signal ID: 001
📩 #DOTUSDT 15M | MACD Cross
📈 Sho...you can put the rest of the position to breakeven.",766ba6e615457b85ca22f460cf076aba,2026-08-19T20:14:09+00:00,2026-08-19T21:50:27.606758+00:00,674,crytoaltlexadmin_1
669066,23264,"🔖 Signal ID: 003
📩 #FLOKIUSDT 15M | BB Breakout
📈 ...you can put the rest of the position to breakeven.",8128182632b70add0f7da933a07b3ba8,2026-08-19T20:14:09+00:00,2026-08-19T21:50:27.471448+00:00,674,crytoaltlexadmin_1
669073,23262,"🔖 Signal ID: 001
📩 #DOTUSDT 15M | MACD Cross
📈 Sho...you can put the rest of the position to breakeven.",766ba6e615457b85ca22f460cf076aba,2026-08-19T20:14:08+00:00,2026-08-19T21:50:27.499032+00:00,674,crytoaltlexadmin_1
669079,23256,"🔖 Signal ID: 004
📩 #WIFUSDT 15M | BB Breakout
📈 Sh...you can put the rest of the position to breakeven.",53b0d1c12d8d2c6aae47ed806cc5958e,2026-08-19T20:13:35+00:00,2026-08-19T21:50:27.564372+00:00,674,crytoaltlexadmin_1
669096,23255,"🔖 Signal ID: 002
📩 #OPUSDT 15M | MACD Cross
📈 Shor...you can put the rest of the position to breakeven.",dc4df0a2094aef8763ec6916d9b9feee,2026-08-19T20:13:34+00:00,2026-08-19T21:50:27.669692+00:00,674,crytoaltlexadmin_1
669076,23254,"🔖 Signal ID: 002
📩 #OPUSDT 15M | MACD Cross
📈 Shor...you can put the rest of the position to breakeven.",dc4df0a2094aef8763ec6916d9b9feee,2026-08-19T20:13:34+00:00,2026-08-19T21:50:27.554616+00:00,674,crytoaltlexadmin_1
669102,23253,"🔖 Signal ID: 003
📩 #FLOKIUSDT 15M | BB Breakout
📈 ...you can put the rest of the position to breakeven.",8128182632b70add0f7da933a07b3ba8,2026-08-19T20:13:33+00:00,2026-08-19T21:50:27.761191+00:00,674,crytoaltlexadmin_1
669053,23252,"🔖 Signal ID: 003
📩 #FLOKIUSDT 15M | BB Breakout
📈 ...you can put the rest of the position to breakeven.",8128182632b70add0f7da933a07b3ba8,2026-08-19T20:13:33+00:00,2026-08-19T21:50:27.032493+00:00,674,crytoaltlexadmin_1
669085,23246,"🔖 Signal ID: 001
📩 #DOTUSDT 15M | MACD Cross
📈 Sho...you can put the rest of the position to breakeven.",766ba6e615457b85ca22f460cf076aba,2026-08-19T20:13:32+00:00,2026-08-19T21:50:27.579719+00:00,674,crytoaltlexadmin_1
669061,23248,"🔖 Signal ID: 004
📩 #WIFUSDT 15M | BB Breakout
📈 Sh...you can put the rest of the position to breakeven.",53b0d1c12d8d2c6aae47ed806cc5958e,2026-08-19T20:13:32+00:00,2026-08-19T21:50:27.444966+00:00,674,crytoaltlexadmin_1
669058,23249,"🔖 Signal ID: 005
📩 #JUPUSDT 15M | BB Breakout
📈 Sh...you can put the rest of the position to breakeven.",1fa0aaae094e845447750dbd0957a7c2,2026-08-19T20:13:32+00:00,2026-08-19T21:50:27.259879+00:00,674,crytoaltlexadmin_1
669055,23245,"🔖 Signal ID: 001
📩 #DOTUSDT 15M | MACD Cross
📈 Sho...you can put the rest of the position to breakeven.",766ba6e615457b85ca22f460cf076aba,2026-08-19T20:13:32+00:00,2026-08-19T21:50:27.245328+00:00,674,crytoaltlexadmin_1
669054,23247,"🔖 Signal ID: 004
📩 #WIFUSDT 15M | BB Breakout
📈 Sh...you can put the rest of the position to breakeven.",53b0d1c12d8d2c6aae47ed806cc5958e,2026-08-19T20:13:32+00:00,2026-08-19T21:50:27.095869+00:00,674,crytoaltlexadmin_1
669094,23244,"🔖 Signal ID: 006
📩 #ORDIUSDT 15M | MACD Cross
📈 Sh...you can put the rest of the position to breakeven.",a8076f42749f949b902a0d2209304f79,2026-08-19T20:13:31+00:00,2026-08-19T21:50:27.662873+00:00,674,crytoaltlexadmin_1
669080,23243,"🔖 Signal ID: 006
📩 #ORDIUSDT 15M | MACD Cross
📈 Sh...you can put the rest of the position to breakeven.",a8076f42749f949b902a0d2209304f79,2026-08-19T20:13:31+00:00,2026-08-19T21:50:27.566854+00:00,674,crytoaltlexadmin_1
669075,23241,"🔖 Signal ID: 004
📩 #WIFUSDT 15M | BB Breakout
📈 Sh...you can put the rest of the position to breakeven.",53b0d1c12d8d2c6aae47ed806cc5958e,2026-08-19T20:13:30+00:00,2026-08-19T21:50:27.546955+00:00,674,crytoaltlexadmin_1
669057,23242,"🔖 Signal ID: 003
📩 #FLOKIUSDT 15M | BB Breakout
📈 ...you can put the rest of the position to breakeven.",8128182632b70add0f7da933a07b3ba8,2026-08-19T20:13:30+00:00,2026-08-19T21:50:27.255698+00:00,674,crytoaltlexadmin_1
669098,23239,"🔖 Signal ID: 001
📩 #DOTUSDT 15M | MACD Cross
📈 Sho...you can put the rest of the position to breakeven.",766ba6e615457b85ca22f460cf076aba,2026-08-19T20:13:29+00:00,2026-08-19T21:50:27.672173+00:00,674,crytoaltlexadmin_1
669095,23240,"🔖 Signal ID: 001
📩 #DOTUSDT 15M | MACD Cross
📈 Sho...you can put the rest of the position to breakeven.",766ba6e615457b85ca22f460cf076aba,2026-08-19T20:13:29+00:00,2026-08-19T21:50:27.666951+00:00,674,crytoaltlexadmin_1
669084,23238,"🔖 Signal ID: 001
📩 #DOTUSDT 15M | MACD Cross
📈 Sho...you can put the rest of the position to breakeven.",766ba6e615457b85ca22f460cf076aba,2026-08-19T20:13:28+00:00,2026-08-19T21:50:27.578287+00:00,674,crytoaltlexadmin_1
669063,23237,"🔖 Signal ID: 001
📩 #DOTUSDT 15M | MACD Cross
📈 Sho...you can put the rest of the position to breakeven.",766ba6e615457b85ca22f460cf076aba,2026-08-19T20:13:28+00:00,2026-08-19T21:50:27.451884+00:00,674,crytoaltlexadmin_1
669101,23234,"🔖 Signal ID: 002
📩 #OPUSDT 15M | MACD Cross
📈 Shor...you can put the rest of the position to breakeven.",dc4df0a2094aef8763ec6916d9b9feee,2026-08-19T20:13:27+00:00,2026-08-19T21:50:27.731023+00:00,674,crytoaltlexadmin_1
669082,23236,"🔖 Signal ID: 005
📩 #JUPUSDT 15M | BB Breakout
📈 Sh...you can put the rest of the position to breakeven.",1fa0aaae094e845447750dbd0957a7c2,2026-08-19T20:13:27+00:00,2026-08-19T21:50:27.569358+00:00,674,crytoaltlexadmin_1
669078,23231,"🔖 Signal ID: 002
📩 #OPUSDT 15M | MACD Cross
📈 Shor...you can put the rest of the position to breakeven.",dc4df0a2094aef8763ec6916d9b9feee,2026-08-19T20:13:27+00:00,2026-08-19T21:50:27.505648+00:00,674,crytoaltlexadmin_1
669072,23235,"🔖 Signal ID: 004
📩 #WIFUSDT 15M | BB Breakout
📈 Sh...you can put the rest of the position to breakeven.",53b0d1c12d8d2c6aae47ed806cc5958e,2026-08-19T20:13:27+00:00,2026-08-19T21:50:27.487953+00:00,674,crytoaltlexadmin_1
669064,23230,"🔖 Signal ID: 002
📩 #OPUSDT 15M | MACD Cross
📈 Shor...you can put the rest of the position to breakeven.",dc4df0a2094aef8763ec6916d9b9feee,2026-08-19T20:13:27+00:00,2026-08-19T21:50:27.455320+00:00,674,crytoaltlexadmin_1
669062,23228,"🔖 Signal ID: 002
📩 #OPUSDT 15M | MACD Cross
📈 Shor...you can put the rest of the position to breakeven.",dc4df0a2094aef8763ec6916d9b9feee,2026-08-19T20:13:26+00:00,2026-08-19T21:50:27.444157+00:00,674,crytoaltlexadmin_1
669059,23229,"🔖 Signal ID: 001
📩 #DOTUSDT 15M | MACD Cross
📈 Sho...you can put the rest of the position to breakeven.",766ba6e615457b85ca22f460cf076aba,2026-08-19T20:13:26+00:00,2026-08-19T21:50:27.269664+00:00,674,crytoaltlexadmin_1
669067,23226,"🔖 Signal ID: 004
📩 #WIFUSDT 15M | BB Breakout
📈 Sh...you can put the rest of the position to breakeven.",53b0d1c12d8d2c6aae47ed806cc5958e,2026-08-19T20:13:25+00:00,2026-08-19T21:50:27.479828+00:00,674,crytoaltlexadmin_1
669092,23224,"🔖 Signal ID: 004
📩 #WIFUSDT 15M | BB Breakout
📈 Sh...you can put the rest of the position to breakeven.",53b0d1c12d8d2c6aae47ed806cc5958e,2026-08-19T20:13:24+00:00,2026-08-19T21:50:27.651125+00:00,674,crytoaltlexadmin_1
669071,23225,"🔖 Signal ID: 004
📩 #WIFUSDT 15M | BB Breakout
📈 Sh...you can put the rest of the position to breakeven.",53b0d1c12d8d2c6aae47ed806cc5958e,2026-08-19T20:13:24+00:00,2026-08-19T21:50:27.492986+00:00,674,crytoaltlexadmin_1
669060,23223,"🔖 Signal ID: 004
📩 #WIFUSDT 15M | BB Breakout
📈 Sh...you can put the rest of the position to breakeven.",53b0d1c12d8d2c6aae47ed806cc5958e,2026-08-19T20:13:23+00:00,2026-08-19T21:50:27.326973+00:00,674,crytoaltlexadmin_1
669056,23220,"🔖 Signal ID: 004
📩 #WIFUSDT 15M | BB Breakout
📈 Sh...you can put the rest of the position to breakeven.",53b0d1c12d8d2c6aae47ed806cc5958e,2026-08-19T20:13:23+00:00,2026-08-19T21:50:27.248288+00:00,674,crytoaltlexadmin_1
669052,23222,"🔖 Signal ID: 004
📩 #WIFUSDT 15M | BB Breakout
📈 Sh...you can put the rest of the position to breakeven.",53b0d1c12d8d2c6aae47ed806cc5958e,2026-08-19T20:13:23+00:00,2026-08-19T21:50:26.934539+00:00,674,crytoaltlexadmin_1
669051,23216,"🔖 Signal ID: 002
📩 #OPUSDT 15M | MACD Cross
📈 Shor...you can put the rest of the position to breakeven.",dc4df0a2094aef8763ec6916d9b9feee,2026-08-19T20:13:21+00:00,2026-08-19T21:50:26.528564+00:00,674,crytoaltlexadmin_1
671172,23577,"🔖 Signal ID: 001
📩 #DOTUSDT 15M | MACD Cross
📈 Sho...you can put the rest of the position to breakeven.",766ba6e615457b85ca22f460cf076aba,2026-08-19T20:23:14+00:00,2026-08-19T23:14:20.412866+00:00,674,crytoaltlexadmin_1
671169,23575,"🔖 Signal ID: 002
📩 #OPUSDT 15M | MACD Cross
📈 Shor...you can put the rest of the position to breakeven.",dc4df0a2094aef8763ec6916d9b9feee,2026-08-19T20:23:13+00:00,2026-08-19T23:14:20.231605+00:00,674,crytoaltlexadmin_1
671168,23576,"🔖 Signal ID: 002
📩 #OPUSDT 15M | MACD Cross
📈 Shor...you can put the rest of the position to breakeven.",dc4df0a2094aef8763ec6916d9b9feee,2026-08-19T20:23:13+00:00,2026-08-19T23:14:20.220108+00:00,674,crytoaltlexadmin_1
671170,23574,"🔖 Signal ID: 002
📩 #OPUSDT 15M | MACD Cross
📈 Shor...you can put the rest of the position to breakeven.",dc4df0a2094aef8763ec6916d9b9feee,2026-08-19T20:23:12+00:00,2026-08-19T23:14:20.296187+00:00,674,crytoaltlexadmin_1
671167,23573,"🔖 Signal ID: 002
📩 #OPUSDT 15M | MACD Cross
📈 Shor...you can put the rest of the position to breakeven.",dc4df0a2094aef8763ec6916d9b9feee,2026-08-19T20:23:11+00:00,2026-08-19T23:14:19.757680+00:00,674,crytoaltlexadmin_1
671166,23572,"🔖 Signal ID: 002
📩 #OPUSDT 15M | MACD Cross
📈 Shor...you can put the rest of the position to breakeven.",dc4df0a2094aef8763ec6916d9b9feee,2026-08-19T20:23:11+00:00,2026-08-19T23:14:19.732041+00:00,674,crytoaltlexadmin_1
671246,23571,"🔖 Signal ID: 002
📩 #OPUSDT 15M | MACD Cross
📈 Shor...you can put the rest of the position to breakeven.",dc4df0a2094aef8763ec6916d9b9feee,2026-08-19T20:23:10+00:00,2026-08-19T23:14:21.434382+00:00,674,crytoaltlexadmin_1
671165,23570,"🔖 Signal ID: 001
📩 #DOTUSDT 15M | MACD Cross
📈 Sho...you can put the rest of the position to breakeven.",766ba6e615457b85ca22f460cf076aba,2026-08-19T20:23:09+00:00,2026-08-19T23:14:08.590733+00:00,674,crytoaltlexadmin_1
671164,23569,"🔖 Signal ID: 003
📩 #FLOKIUSDT 15M | BB Breakout
📈 ...you can put the rest of the position to breakeven.",8128182632b70add0f7da933a07b3ba8,2026-08-19T20:23:09+00:00,2026-08-19T23:14:08.518273+00:00,674,crytoaltlexadmin_1
671163,23568,"🔖 Signal ID: 004
📩 #WIFUSDT 15M | BB Breakout
📈 Sh...you can put the rest of the position to breakeven.",53b0d1c12d8d2c6aae47ed806cc5958e,2026-08-19T20:23:08+00:00,2026-08-19T23:14:08.482314+00:00,674,crytoaltlexadmin_1
671162,23567,"🔖 Signal ID: 004
📩 #WIFUSDT 15M | BB Breakout
📈 Sh...you can put the rest of the position to breakeven.",53b0d1c12d8d2c6aae47ed806cc5958e,2026-08-19T20:23:07+00:00,2026-08-19T23:14:08.480507+00:00,674,crytoaltlexadmin_1
671155,23566,"🔖 Signal ID: 004
📩 #WIFUSDT 15M | BB Breakout
📈 Sh...you can put the rest of the position to breakeven.",53b0d1c12d8d2c6aae47ed806cc5958e,2026-08-19T20:23:07+00:00,2026-08-19T23:14:08.421776+00:00,674,crytoaltlexadmin_1
671160,23565,"🔖 Signal ID: 004
📩 #WIFUSDT 15M | BB Breakout
📈 Sh...you can put the rest of the position to breakeven.",53b0d1c12d8d2c6aae47ed806cc5958e,2026-08-19T20:23:06+00:00,2026-08-19T23:14:08.459016+00:00,674,crytoaltlexadmin_1
671157,23564,"🔖 Signal ID: 004
📩 #WIFUSDT 15M | BB Breakout
📈 Sh...you can put the rest of the position to breakeven.",53b0d1c12d8d2c6aae47ed806cc5958e,2026-08-19T20:23:06+00:00,2026-08-19T23:14:08.443461+00:00,674,crytoaltlexadmin_1
671154,23562,"🔖 Signal ID: 002
📩 #OPUSDT 15M | MACD Cross
📈 Shor...you can put the rest of the position to breakeven.",dc4df0a2094aef8763ec6916d9b9feee,2026-08-19T20:23:05+00:00,2026-08-19T23:14:08.397039+00:00,674,crytoaltlexadmin_1
671143,23563,"🔖 Signal ID: 004
📩 #WIFUSDT 15M | BB Breakout
📈 Sh...you can put the rest of the position to breakeven.",53b0d1c12d8d2c6aae47ed806cc5958e,2026-08-19T20:23:05+00:00,2026-08-19T23:14:08.345224+00:00,674,crytoaltlexadmin_1
671088,23561,"🔖 Signal ID: 003
📩 #FLOKIUSDT 15M | BB Breakout
📈 ...you can put the rest of the position to breakeven.",8128182632b70add0f7da933a07b3ba8,2026-08-19T20:23:04+00:00,2026-08-19T23:14:08.015828+00:00,674,crytoaltlexadmin_1
671149,23560,"🔖 Signal ID: 004
📩 #WIFUSDT 15M | BB Breakout
📈 Sh...you can put the rest of the position to breakeven.",53b0d1c12d8d2c6aae47ed806cc5958e,2026-08-19T20:23:03+00:00,2026-08-19T23:14:08.365617+00:00,674,crytoaltlexadmin_1
671147,23558,"🔖 Signal ID: 001
📩 #DOTUSDT 15M | MACD Cross
📈 Sho...you can put the rest of the position to breakeven.",766ba6e615457b85ca22f460cf076aba,2026-08-19T20:23:03+00:00,2026-08-19T23:14:08.357405+00:00,674,crytoaltlexadmin_1
671110,23559,"🔖 Signal ID: 004
📩 #WIFUSDT 15M | BB Breakout
📈 Sh...you can put the rest of the position to breakeven.",53b0d1c12d8d2c6aae47ed806cc5958e,2026-08-19T20:23:03+00:00,2026-08-19T23:14:08.207795+00:00,674,crytoaltlexadmin_1
671132,23556,"🔖 Signal ID: 006
📩 #ORDIUSDT 15M | MACD Cross
📈 Sh...you can put the rest of the position to breakeven.",a8076f42749f949b902a0d2209304f79,2026-08-19T20:23:02+00:00,2026-08-19T23:14:08.307596+00:00,674,crytoaltlexadmin_1
671127,23557,"🔖 Signal ID: 006
📩 #ORDIUSDT 15M | MACD Cross
📈 Sh...you can put the rest of the position to breakeven.",a8076f42749f949b902a0d2209304f79,2026-08-19T20:23:02+00:00,2026-08-19T23:14:08.286509+00:00,674,crytoaltlexadmin_1
671124,23555,"🔖 Signal ID: 002
📩 #OPUSDT 15M | MACD Cross
📈 Shor...you can put the rest of the position to breakeven.",dc4df0a2094aef8763ec6916d9b9feee,2026-08-19T20:23:01+00:00,2026-08-19T23:14:08.267796+00:00,674,crytoaltlexadmin_1
671094,23554,"🔖 Signal ID: 002
📩 #OPUSDT 15M | MACD Cross
📈 Shor...you can put the rest of the position to breakeven.",dc4df0a2094aef8763ec6916d9b9feee,2026-08-19T20:23:01+00:00,2026-08-19T23:14:08.085341+00:00,674,crytoaltlexadmin_1
671128,23553,"🔖 Signal ID: 001
📩 #DOTUSDT 15M | MACD Cross
📈 Sho...you can put the rest of the position to breakeven.",766ba6e615457b85ca22f460cf076aba,2026-08-19T20:23:00+00:00,2026-08-19T23:14:08.290419+00:00,674,crytoaltlexadmin_1
671098,23551,"🔖 Signal ID: 003
📩 #FLOKIUSDT 15M | BB Breakout
📈 ...you can put the rest of the position to breakeven.",8128182632b70add0f7da933a07b3ba8,2026-08-19T20:22:59+00:00,2026-08-19T23:14:08.133410+00:00,674,crytoaltlexadmin_1
671089,23552,"🔖 Signal ID: 003
📩 #FLOKIUSDT 15M | BB Breakout
📈 ...you can put the rest of the position to breakeven.",8128182632b70add0f7da933a07b3ba8,2026-08-19T20:22:59+00:00,2026-08-19T23:14:08.026206+00:00,674,crytoaltlexadmin_1
671083,23550,"🔖 Signal ID: 003
📩 #FLOKIUSDT 15M | BB Breakout
📈 ...you can put the rest of the position to breakeven.",8128182632b70add0f7da933a07b3ba8,2026-08-19T20:22:58+00:00,2026-08-19T23:14:07.956487+00:00,674,crytoaltlexadmin_1
671161,23549,"🔖 Signal ID: 003
📩 #FLOKIUSDT 15M | BB Breakout
📈 ...you can put the rest of the position to breakeven.",8128182632b70add0f7da933a07b3ba8,2026-08-19T20:22:57+00:00,2026-08-19T23:14:08.460195+00:00,674,crytoaltlexadmin_1
671129,23548,"🔖 Signal ID: 003
📩 #FLOKIUSDT 15M | BB Breakout
📈 ...you can put the rest of the position to breakeven.",8128182632b70add0f7da933a07b3ba8,2026-08-19T20:22:57+00:00,2026-08-19T23:14:08.295303+00:00,674,crytoaltlexadmin_1
671134,23545,"🔖 Signal ID: 004
📩 #WIFUSDT 15M | BB Breakout
📈 Sh...you can put the rest of the position to breakeven.",53b0d1c12d8d2c6aae47ed806cc5958e,2026-08-19T20:22:56+00:00,2026-08-19T23:14:08.317976+00:00,674,crytoaltlexadmin_1
671126,23547,"🔖 Signal ID: 003
📩 #FLOKIUSDT 15M | BB Breakout
📈 ...you can put the rest of the position to breakeven.",8128182632b70add0f7da933a07b3ba8,2026-08-19T20:22:56+00:00,2026-08-19T23:14:08.272213+00:00,674,crytoaltlexadmin_1
671114,23546,"🔖 Signal ID: 005
📩 #JUPUSDT 15M | BB Breakout
📈 Sh...you can put the rest of the position to breakeven.",1fa0aaae094e845447750dbd0957a7c2,2026-08-19T20:22:56+00:00,2026-08-19T23:14:08.219528+00:00,674,crytoaltlexadmin_1
671159,23542,"🔖 Signal ID: 005
📩 #JUPUSDT 15M | BB Breakout
📈 Sh...you can put the rest of the position to breakeven.",1fa0aaae094e845447750dbd0957a7c2,2026-08-19T20:22:45+00:00,2026-08-19T23:14:08.457294+00:00,674,crytoaltlexadmin_1
671158,23543,"🔖 Signal ID: 001
📩 #DOTUSDT 15M | MACD Cross
📈 Sho...you can put the rest of the position to breakeven.",766ba6e615457b85ca22f460cf076aba,2026-08-19T20:22:45+00:00,2026-08-19T23:14:08.456525+00:00,674,crytoaltlexadmin_1
671150,23540,"🔖 Signal ID: 004
📩 #WIFUSDT 15M | BB Breakout
📈 Sh...you can put the rest of the position to breakeven.",53b0d1c12d8d2c6aae47ed806cc5958e,2026-08-19T20:22:44+00:00,2026-08-19T23:14:08.362623+00:00,674,crytoaltlexadmin_1
671144,23541,"🔖 Signal ID: 002
📩 #OPUSDT 15M | MACD Cross
📈 Shor...you can put the rest of the position to breakeven.",dc4df0a2094aef8763ec6916d9b9feee,2026-08-19T20:22:44+00:00,2026-08-19T23:14:08.345827+00:00,674,crytoaltlexadmin_1
671123,23538,"🔖 Signal ID: 004
📩 #WIFUSDT 15M | BB Breakout
📈 Sh...you can put the rest of the position to breakeven.",53b0d1c12d8d2c6aae47ed806cc5958e,2026-08-19T20:22:42+00:00,2026-08-19T23:14:08.268466+00:00,674,crytoaltlexadmin_1
671142,23537,"🔖 Signal ID: 001
📩 #DOTUSDT 15M | MACD Cross
📈 Sho...you can put the rest of the position to breakeven.",766ba6e615457b85ca22f460cf076aba,2026-08-19T20:22:41+00:00,2026-08-19T23:14:08.339702+00:00,674,crytoaltlexadmin_1
671153,23533,"🔖 Signal ID: 002
📩 #OPUSDT 15M | MACD Cross
📈 Shor...you can put the rest of the position to breakeven.",dc4df0a2094aef8763ec6916d9b9feee,2026-08-19T20:22:40+00:00,2026-08-19T23:14:08.377283+00:00,674,crytoaltlexadmin_1
671145,23530,"🔖 Signal ID: 001
📩 #DOTUSDT 15M | MACD Cross
📈 Sho...you can put the rest of the position to breakeven.",766ba6e615457b85ca22f460cf076aba,2026-08-19T20:22:39+00:00,2026-08-19T23:14:08.347339+00:00,674,crytoaltlexadmin_1
671135,23528,"🔖 Signal ID: 004
📩 #WIFUSDT 15M | BB Breakout
📈 Sh...you can put the rest of the position to breakeven.",53b0d1c12d8d2c6aae47ed806cc5958e,2026-08-19T20:22:39+00:00,2026-08-19T23:14:08.318940+00:00,674,crytoaltlexadmin_1
671151,23524,"🔖 Signal ID: 004
📩 #WIFUSDT 15M | BB Breakout
📈 Sh...you can put the rest of the position to breakeven.",53b0d1c12d8d2c6aae47ed806cc5958e,2026-08-19T20:22:38+00:00,2026-08-19T23:14:08.372289+00:00,674,crytoaltlexadmin_1
671111,23525,"🔖 Signal ID: 004
📩 #WIFUSDT 15M | BB Breakout
📈 Sh...you can put the rest of the position to breakeven.",53b0d1c12d8d2c6aae47ed806cc5958e,2026-08-19T20:22:38+00:00,2026-08-19T23:14:08.208447+00:00,674,crytoaltlexadmin_1
671141,23522,"🔖 Signal ID: 004
📩 #WIFUSDT 15M | BB Breakout
📈 Sh...you can put the rest of the position to breakeven.",53b0d1c12d8d2c6aae47ed806cc5958e,2026-08-19T20:22:37+00:00,2026-08-19T23:14:08.338938+00:00,674,crytoaltlexadmin_1
671140,23523,"🔖 Signal ID: 004
📩 #WIFUSDT 15M | BB Breakout
📈 Sh...you can put the rest of the position to breakeven.",53b0d1c12d8d2c6aae47ed806cc5958e,2026-08-19T20:22:37+00:00,2026-08-19T23:14:08.336516+00:00,674,crytoaltlexadmin_1
671125,23520,"🔖 Signal ID: 001
📩 #DOTUSDT 15M | MACD Cross
📈 Sho...you can put the rest of the position to breakeven.",766ba6e615457b85ca22f460cf076aba,2026-08-19T20:22:36+00:00,2026-08-19T23:14:08.269810+00:00,674,crytoaltlexadmin_1
671107,23521,"🔖 Signal ID: 001
📩 #DOTUSDT 15M | MACD Cross
📈 Sho...you can put the rest of the position to breakeven.",766ba6e615457b85ca22f460cf076aba,2026-08-19T20:22:36+00:00,2026-08-19T23:14:08.186848+00:00,674,crytoaltlexadmin_1
671113,23519,"🔖 Signal ID: 004
📩 #WIFUSDT 15M | BB Breakout
📈 Sh...you can put the rest of the position to breakeven.",53b0d1c12d8d2c6aae47ed806cc5958e,2026-08-19T20:22:35+00:00,2026-08-19T23:14:08.218448+00:00,674,crytoaltlexadmin_1
671093,23516,"🔖 Signal ID: 001
📩 #DOTUSDT 15M | MACD Cross
📈 Sho...you can put the rest of the position to breakeven.",766ba6e615457b85ca22f460cf076aba,2026-08-19T20:22:34+00:00,2026-08-19T23:14:08.072088+00:00,674,crytoaltlexadmin_1
671092,23517,"🔖 Signal ID: 001
📩 #DOTUSDT 15M | MACD Cross
📈 Sho...you can put the rest of the position to breakeven.",766ba6e615457b85ca22f460cf076aba,2026-08-19T20:22:34+00:00,2026-08-19T23:14:08.056840+00:00,674,crytoaltlexadmin_1
671118,23514,"🔖 Signal ID: 001
📩 #DOTUSDT 15M | MACD Cross
📈 Sho...you can put the rest of the position to breakeven.",766ba6e615457b85ca22f460cf076aba,2026-08-19T20:22:33+00:00,2026-08-19T23:14:08.235381+00:00,674,crytoaltlexadmin_1
671133,23511,"🔖 Signal ID: 002
📩 #OPUSDT 15M | MACD Cross
📈 Shor...you can put the rest of the position to breakeven.",dc4df0a2094aef8763ec6916d9b9feee,2026-08-19T20:22:31+00:00,2026-08-19T23:14:08.314120+00:00,674,crytoaltlexadmin_1
671146,23510,"🔖 Signal ID: 002
📩 #OPUSDT 15M | MACD Cross
📈 Shor...you can put the rest of the position to breakeven.",dc4df0a2094aef8763ec6916d9b9feee,2026-08-19T20:22:30+00:00,2026-08-19T23:14:08.354815+00:00,674,crytoaltlexadmin_1
671108,23509,"🔖 Signal ID: 001
📩 #DOTUSDT 15M | MACD Cross
📈 Sho...you can put the rest of the position to breakeven.",766ba6e615457b85ca22f460cf076aba,2026-08-19T20:22:29+00:00,2026-08-19T23:14:08.195409+00:00,674,crytoaltlexadmin_1
671104,23507,"🔖 Signal ID: 001
📩 #DOTUSDT 15M | MACD Cross
📈 Sho...you can put the rest of the position to breakeven.",766ba6e615457b85ca22f460cf076aba,2026-08-19T20:22:28+00:00,2026-08-19T23:14:08.172819+00:00,674,crytoaltlexadmin_1
671103,23506,"🔖 Signal ID: 001
📩 #DOTUSDT 15M | MACD Cross
📈 Sho...you can put the rest of the position to breakeven.",766ba6e615457b85ca22f460cf076aba,2026-08-19T20:22:27+00:00,2026-08-19T23:14:08.170237+00:00,674,crytoaltlexadmin_1
671136,23504,"🔖 Signal ID: 002
📩 #OPUSDT 15M | MACD Cross
📈 Shor...you can put the rest of the position to breakeven.",dc4df0a2094aef8763ec6916d9b9feee,2026-08-19T20:22:26+00:00,2026-08-19T23:14:08.322555+00:00,674,crytoaltlexadmin_1
671120,23503,"🔖 Signal ID: 002
📩 #OPUSDT 15M | MACD Cross
📈 Shor...you can put the rest of the position to breakeven.",dc4df0a2094aef8763ec6916d9b9feee,2026-08-19T20:22:25+00:00,2026-08-19T23:14:08.260385+00:00,674,crytoaltlexadmin_1
671075,23501,"🔖 Signal ID: 002
📩 #OPUSDT 15M | MACD Cross
📈 Shor...you can put the rest of the position to breakeven.",dc4df0a2094aef8763ec6916d9b9feee,2026-08-19T20:22:24+00:00,2026-08-19T23:14:07.780089+00:00,674,crytoaltlexadmin_1
671109,23499,"🔖 Signal ID: 002
📩 #OPUSDT 15M | MACD Cross
📈 Shor...you can put the rest of the position to breakeven.",dc4df0a2094aef8763ec6916d9b9feee,2026-08-19T20:22:23+00:00,2026-08-19T23:14:08.197456+00:00,674,crytoaltlexadmin_1
671096,23500,"🔖 Signal ID: 002
📩 #OPUSDT 15M | MACD Cross
📈 Shor...you can put the rest of the position to breakeven.",dc4df0a2094aef8763ec6916d9b9feee,2026-08-19T20:22:23+00:00,2026-08-19T23:14:08.098356+00:00,674,crytoaltlexadmin_1
671101,23497,"🔖 Signal ID: 002
📩 #OPUSDT 15M | MACD Cross
📈 Shor...you can put the rest of the position to breakeven.",dc4df0a2094aef8763ec6916d9b9feee,2026-08-19T20:22:22+00:00,2026-08-19T23:14:08.164962+00:00,674,crytoaltlexadmin_1
671139,23494,"🔖 Signal ID: 003
📩 #FLOKIUSDT 15M | BB Breakout
📈 ...you can put the rest of the position to breakeven.",8128182632b70add0f7da933a07b3ba8,2026-08-19T20:21:48+00:00,2026-08-19T23:14:08.333785+00:00,674,crytoaltlexadmin_1
671148,23493,"🔖 Signal ID: 004
📩 #WIFUSDT 15M | BB Breakout
📈 Sh...you can put the rest of the position to breakeven.",53b0d1c12d8d2c6aae47ed806cc5958e,2026-08-19T20:21:47+00:00,2026-08-19T23:14:08.365083+00:00,674,crytoaltlexadmin_1
671076,23492,"🔖 Signal ID: 004
📩 #WIFUSDT 15M | BB Breakout
📈 Sh...you can put the rest of the position to breakeven.",53b0d1c12d8d2c6aae47ed806cc5958e,2026-08-19T20:21:46+00:00,2026-08-19T23:14:07.787655+00:00,674,crytoaltlexadmin_1
671131,23491,"🔖 Signal ID: 001
📩 #DOTUSDT 15M | MACD Cross
📈 Sho...you can put the rest of the position to breakeven.",766ba6e615457b85ca22f460cf076aba,2026-08-19T20:21:45+00:00,2026-08-19T23:14:08.307143+00:00,674,crytoaltlexadmin_1
671152,23490,"🔖 Signal ID: 004
📩 #WIFUSDT 15M | BB Breakout
📈 Sh...you can put the rest of the position to breakeven.",53b0d1c12d8d2c6aae47ed806cc5958e,2026-08-19T20:21:44+00:00,2026-08-19T23:14:08.374331+00:00,674,crytoaltlexadmin_1
671112,23489,"🔖 Signal ID: 004
📩 #WIFUSDT 15M | BB Breakout
📈 Sh...you can put the rest of the position to breakeven.",53b0d1c12d8d2c6aae47ed806cc5958e,2026-08-19T20:21:44+00:00,2026-08-19T23:14:08.216639+00:00,674,crytoaltlexadmin_1
671086,23488,"🔖 Signal ID: 004
📩 #WIFUSDT 15M | BB Breakout
📈 Sh...you can put the rest of the position to breakeven.",53b0d1c12d8d2c6aae47ed806cc5958e,2026-08-19T20:21:43+00:00,2026-08-19T23:14:08.011007+00:00,674,crytoaltlexadmin_1
671121,23487,"🔖 Signal ID: 004
📩 #WIFUSDT 15M | BB Breakout
📈 Sh...you can put the rest of the position to breakeven.",53b0d1c12d8d2c6aae47ed806cc5958e,2026-08-19T20:21:42+00:00,2026-08-19T23:14:08.259478+00:00,674,crytoaltlexadmin_1
671084,23486,"🔖 Signal ID: 002
📩 #OPUSDT 15M | MACD Cross
📈 Shor...you can put the rest of the position to breakeven.",dc4df0a2094aef8763ec6916d9b9feee,2026-08-19T20:21:42+00:00,2026-08-19T23:14:07.982409+00:00,674,crytoaltlexadmin_1
671156,23484,"🔖 Signal ID: 004
📩 #WIFUSDT 15M | BB Breakout
📈 Sh...you can put the rest of the position to breakeven.",53b0d1c12d8d2c6aae47ed806cc5958e,2026-08-19T20:21:41+00:00,2026-08-19T23:14:08.422963+00:00,674,crytoaltlexadmin_1
671130,23485,"🔖 Signal ID: 003
📩 #FLOKIUSDT 15M | BB Breakout
📈 ...you can put the rest of the position to breakeven.",8128182632b70add0f7da933a07b3ba8,2026-08-19T20:21:41+00:00,2026-08-19T23:14:08.295986+00:00,674,crytoaltlexadmin_1
671085,23479,"🔖 Signal ID: 006
📩 #ORDIUSDT 15M | MACD Cross
📈 Sh...you can put the rest of the position to breakeven.",a8076f42749f949b902a0d2209304f79,2026-08-19T20:21:40+00:00,2026-08-19T23:14:08.002210+00:00,674,crytoaltlexadmin_1
671080,23480,"🔖 Signal ID: 001
📩 #DOTUSDT 15M | MACD Cross
📈 Sho...you can put the rest of the position to breakeven.",766ba6e615457b85ca22f460cf076aba,2026-08-19T20:21:40+00:00,2026-08-19T23:14:07.923537+00:00,674,crytoaltlexadmin_1
671078,23483,"🔖 Signal ID: 004
📩 #WIFUSDT 15M | BB Breakout
📈 Sh...you can put the rest of the position to breakeven.",53b0d1c12d8d2c6aae47ed806cc5958e,2026-08-19T20:21:40+00:00,2026-08-19T23:14:07.834676+00:00,674,crytoaltlexadmin_1
671102,23477,"🔖 Signal ID: 002
📩 #OPUSDT 15M | MACD Cross
📈 Shor...you can put the rest of the position to breakeven.",dc4df0a2094aef8763ec6916d9b9feee,2026-08-19T20:21:39+00:00,2026-08-19T23:14:08.168703+00:00,674,crytoaltlexadmin_1
671077,23476,"🔖 Signal ID: 002
📩 #OPUSDT 15M | MACD Cross
📈 Shor...you can put the rest of the position to breakeven.",dc4df0a2094aef8763ec6916d9b9feee,2026-08-19T20:21:39+00:00,2026-08-19T23:14:07.828213+00:00,674,crytoaltlexadmin_1
671066,23478,"🔖 Signal ID: 006
📩 #ORDIUSDT 15M | MACD Cross
📈 Sh...you can put the rest of the position to breakeven.",a8076f42749f949b902a0d2209304f79,2026-08-19T20:21:39+00:00,2026-08-19T23:14:07.445571+00:00,674,crytoaltlexadmin_1
671097,23475,"🔖 Signal ID: 001
📩 #DOTUSDT 15M | MACD Cross
📈 Sho...you can put the rest of the position to breakeven.",766ba6e615457b85ca22f460cf076aba,2026-08-19T20:21:38+00:00,2026-08-19T23:14:08.124531+00:00,674,crytoaltlexadmin_1
671138,23474,"🔖 Signal ID: 003
📩 #FLOKIUSDT 15M | BB Breakout
📈 ...you can put the rest of the position to breakeven.",8128182632b70add0f7da933a07b3ba8,2026-08-19T20:21:37+00:00,2026-08-19T23:14:08.332976+00:00,674,crytoaltlexadmin_1
671069,23473,"🔖 Signal ID: 003
📩 #FLOKIUSDT 15M | BB Breakout
📈 ...you can put the rest of the position to breakeven.",8128182632b70add0f7da933a07b3ba8,2026-08-19T20:21:37+00:00,2026-08-19T23:14:07.472638+00:00,674,crytoaltlexadmin_1
671079,23472,"🔖 Signal ID: 003
📩 #FLOKIUSDT 15M | BB Breakout
📈 ...you can put the rest of the position to breakeven.",8128182632b70add0f7da933a07b3ba8,2026-08-19T20:21:36+00:00,2026-08-19T23:14:07.912414+00:00,674,crytoaltlexadmin_1
671105,23471,"🔖 Signal ID: 003
📩 #FLOKIUSDT 15M | BB Breakout
📈 ...you can put the rest of the position to breakeven.",8128182632b70add0f7da933a07b3ba8,2026-08-19T20:21:35+00:00,2026-08-19T23:14:08.169406+00:00,674,crytoaltlexadmin_1
671119,23469,"🔖 Signal ID: 003
📩 #FLOKIUSDT 15M | BB Breakout
📈 ...you can put the rest of the position to breakeven.",8128182632b70add0f7da933a07b3ba8,2026-08-19T20:21:34+00:00,2026-08-19T23:14:08.242219+00:00,674,crytoaltlexadmin_1
671117,23466,"🔖 Signal ID: 005
📩 #JUPUSDT 15M | BB Breakout
📈 Sh...you can put the rest of the position to breakeven.",1fa0aaae094e845447750dbd0957a7c2,2026-08-19T20:21:34+00:00,2026-08-19T23:14:08.227684+00:00,674,crytoaltlexadmin_1
671082,23470,"🔖 Signal ID: 003
📩 #FLOKIUSDT 15M | BB Breakout
📈 ...you can put the rest of the position to breakeven.",8128182632b70add0f7da933a07b3ba8,2026-08-19T20:21:34+00:00,2026-08-19T23:14:07.935939+00:00,674,crytoaltlexadmin_1
671071,23467,"🔖 Signal ID: 004
📩 #WIFUSDT 15M | BB Breakout
📈 Sh...you can put the rest of the position to breakeven.",53b0d1c12d8d2c6aae47ed806cc5958e,2026-08-19T20:21:34+00:00,2026-08-19T23:14:07.527448+00:00,674,crytoaltlexadmin_1
671067,23468,"🔖 Signal ID: 005
📩 #JUPUSDT 15M | BB Breakout
📈 Sh...you can put the rest of the position to breakeven.",1fa0aaae094e845447750dbd0957a7c2,2026-08-19T20:21:34+00:00,2026-08-19T23:14:07.450100+00:00,674,crytoaltlexadmin_1
671072,23463,"🔖 Signal ID: 001
📩 #DOTUSDT 15M | MACD Cross
📈 Sho...you can put the rest of the position to breakeven.",766ba6e615457b85ca22f460cf076aba,2026-08-19T20:21:33+00:00,2026-08-19T23:14:07.528082+00:00,674,crytoaltlexadmin_1
671074,23459,"🔖 Signal ID: 004
📩 #WIFUSDT 15M | BB Breakout
📈 Sh...you can put the rest of the position to breakeven.",53b0d1c12d8d2c6aae47ed806cc5958e,2026-08-19T20:21:31+00:00,2026-08-19T23:14:07.727345+00:00,674,crytoaltlexadmin_1
671073,23457,"🔖 Signal ID: 005
📩 #JUPUSDT 15M | BB Breakout
📈 Sh...you can put the rest of the position to breakeven.",1fa0aaae094e845447750dbd0957a7c2,2026-08-19T20:21:30+00:00,2026-08-19T23:14:07.540500+00:00,674,crytoaltlexadmin_1
671070,23458,"🔖 Signal ID: 001
📩 #DOTUSDT 15M | MACD Cross
📈 Sho...you can put the rest of the position to breakeven.",766ba6e615457b85ca22f460cf076aba,2026-08-19T20:21:30+00:00,2026-08-19T23:14:07.522829+00:00,674,crytoaltlexadmin_1
