id,external_id,message_preview,hash,published_at,created_at,source_id,source_name
1125032,33925,"🔴 SHORT

#XMR/USDT

Entry zone : 572.06 - 555.40

...0
502.35
485.61

Stop loss :594.278

Leverage: 10x",a5686deb609ef0ee227c925634ce0cd8,2026-09-05T23:18:51+00:00,2026-09-06T02:59:11.246070+00:00,962,imrranbigbull
1128128,34068,"SUSHIUSDTUSDT  
Exchanges: BINGX 

🟢 Long
Leverage...4) 1.26
5) 1.36
6) 1.47
7) 🚀🚀🚀 

⛔️ SL:
0.22250000",5dc155423459bab441f9efb2c203ca50,2026-09-06T07:29:31+00:00,2026-09-06T07:30:44.366303+00:00,962,imrranbigbull
1128139,34055,"🟢FLOCK/USDT 📈

📈 long Setup 

💰 Entry Zone: 0.072–...et 1. 
✅ Move SL to breakeven after Target 1 hits.",d881c52d1cc20f97c868c81b2e827665,2026-09-06T07:16:49+00:00,2026-09-06T07:30:44.494891+00:00,962,imrranbigbull
1128140,34064,"💵 𝐒𝐈𝐆𝐍𝐀𝐋 𝐀𝐋𝐄𝐑𝐓 💵

#UAI/USDT (25xLONG)

✅ ENTRY:0.6...6350

TARGETS:-0.68/0.73/0.79

❌ STOP LOSS: 0.5650",4cb741d0fa237fb2d34f8515ab15e437,2026-09-06T07:16:49+00:00,2026-09-06T07:30:44.489127+00:00,962,imrranbigbull
1128134,34058,"Pair: #BLESS/USDT

Long • (20X)

Entry
0.009260 - ...t your own risk. Always use proper risk management",fbd27491d38c8d1e35c5300ec6e66eee,2026-09-06T07:16:49+00:00,2026-09-06T07:30:44.452964+00:00,962,imrranbigbull
1128133,34066,"UAIUSDTUSDT  
Exchanges: BINGX 

🟢 Long
Leverage- ...4) 1.00
5) 1.08
6) 1.17
7) 🚀🚀🚀 

⛔️ SL:
0.52000000",e03bbb7e298a4bca918dad5820694386,2026-09-06T07:16:49+00:00,2026-09-06T07:30:44.449928+00:00,962,imrranbigbull
1128131,34062,"🟢 Long

#TRX/USDT

Entry : 

1) 0.33285
2) 0.32286...35562

🛑 Stop : 0.31188

Leverage : 10x (isolated)",215299bfb25be439ec0a7e0616473d56,2026-09-06T07:16:49+00:00,2026-09-06T07:30:44.426286+00:00,962,imrranbigbull
1128129,34061,"🟢 Long

#DASH/USDT

Entry : 

1) 65.36
2) 63.39

T...) 69.83

🛑 Stop : 61.24

Leverage : 10x (isolated)",6da6fe35331c393099feed139b19eeda,2026-09-06T07:16:49+00:00,2026-09-06T07:30:44.420847+00:00,962,imrranbigbull
1128125,34057,"Pair: #SUSHI/USDT

Long • (20X)

Entry
0.2415 - 0....t your own risk. Always use proper risk management",ff86911e480449f106fcf54f61ef5b15,2026-09-06T07:16:49+00:00,2026-09-06T07:30:44.303554+00:00,962,imrranbigbull
1128120,34063,"🔴 SHORT

#ZEC/USDT

Entry : 

1) 1071.19
2) 1103.3...7.079

🛑 Stop : 1138.67

Leverage : 10x (isolated)",acbcbf7023b9a985dd703659270bde70,2026-09-06T07:16:49+00:00,2026-09-06T07:30:44.132704+00:00,962,imrranbigbull
1128119,34060,"🟢 LONG  - $ZEN

- Entry market: 7.716
- Entry limi... the funds if trading without caution & knowledge.",a83cefec7eb7305a13e74b3caf360d66,2026-09-06T07:16:49+00:00,2026-09-06T07:30:44.109534+00:00,962,imrranbigbull
1128117,34065,"Scalp Short $BTC - 79700🔴

SL - 80200 ❌

TP - 79200-78600🚀

Lev - 10x",b26e7461255229b23168f150a4a1c4f2,2026-09-06T07:16:49+00:00,2026-09-06T07:30:44.105539+00:00,962,imrranbigbull
1128116,34056,"🚀 LONG: $XAN/USDT🚀
LEVERAGE: 20X-50X

🤍 ENTRY PRIC...- 0.01870
—————

❌ STOP LOSS: 0.01380❌


REACTIONS",ebc30fa4732d0157db15cff40b024cbc,2026-09-06T07:16:49+00:00,2026-09-06T07:30:44.100007+00:00,962,imrranbigbull
1128142,34031,"⚡️⚡️ #CRV/USDT ⚡️⚡️
Exchanges: Bingx 
Signal Type:...
5) 0.40089
6) 0.40657
7) 🚀🚀🚀

Stop Targets:
5-10%",6ba6a49161049dad09f913b3100f2e0f,2026-09-06T07:16:48+00:00,2026-09-06T07:30:44.524090+00:00,962,imrranbigbull
1128138,34041,"ZENUSDTUSDT  
Exchanges: BINGX 

🟢 Long
Leverage- ...45
4) 10.20
5) 11.02
6) 11.90
7) 🚀🚀🚀 

⛔️ SL:
1.00",ca78cb453867d82331b8eea833477df0,2026-09-06T07:16:48+00:00,2026-09-06T07:30:44.473586+00:00,962,imrranbigbull
1128137,34051,"🌈PAIR:- ZEC/USDT
⚡️ Direction : LONG
🛠 Leverage: C...nt Usage:- 1 - 2%
(According To your Risk Setting)",4eb558ec122d50298d4b00c2aff1f81e,2026-09-06T07:16:48+00:00,2026-09-06T07:30:44.470996+00:00,962,imrranbigbull
1128135,34050,"🌈PAIR:- ZEC/USDT
⚡️ Direction : LONG
🛠 Leverage: C...nt Usage:- 1 - 2%
(According To your Risk Setting)",370296c5d65de4120733ce6574c3209e,2026-09-06T07:16:48+00:00,2026-09-06T07:30:44.461008+00:00,962,imrranbigbull
1128130,34046,"⌛#SUI/USDT  ( SHORT )

🍁 Leverage 👉 20X to 25X 

⛩...15 | 0.7653 | 0.7565 | 0.7469

🔕 Stoploss = 0.8238",552aeb8cbfd165d2818ef27410cc8c90,2026-09-06T07:16:48+00:00,2026-09-06T07:30:44.424868+00:00,962,imrranbigbull
1128124,34054,"COIN: #IOST/USDT (LONG) SETUP

📊 Leverage 25x to 5...ENT IS KEY
Use only 1–2% of your capital per trade",efe6496f3c2278b1d977598fcc39cefe,2026-09-06T07:16:48+00:00,2026-09-06T07:30:44.277878+00:00,962,imrranbigbull
1128123,34052,"🛎️ Trade: #DOT/USDT

Direction: 📈 LONG 

🟢 Entry R...52
• Target 6: 0.9850

💠 Leverage : 5x - 10x - 20x",b101f300efab785f092aaad0c63d43aa,2026-09-06T07:16:48+00:00,2026-09-06T07:30:44.247789+00:00,962,imrranbigbull
1128122,34044,"📍Coin : #ARB/USDT

🔴 SHORT 

👉 Entry: 0.1919 - 0.1...t 5: 0.1825
🎯 Target 6: 0.1807

❌ StopLoss: 0.1999",61af6edc31600d76e2d8bacbf48769e5,2026-09-06T07:16:48+00:00,2026-09-06T07:30:44.224407+00:00,962,imrranbigbull
1128118,34043,"📊#SUSHI/USDT–SHORT–30x 🚀

📍 𝐄𝐧𝐭𝐫𝐲 𝐙𝐨𝐧𝐞:

➥ 0.235, ...tal.

⚠️ Disclaimer:
Trade at your own risk. DYOR.",7a9736b25be874a81147c2fd32f20572,2026-09-06T07:16:48+00:00,2026-09-06T07:30:44.104665+00:00,962,imrranbigbull
1128115,34049,"#SHORT 🔴 🔤🔤🔤🔤🔤

#MARSCOIN/USDT 

Margin Mode : Iso...47

🟩 SL : 0.23529 - 100%

📊 LEV : 20X

🇯🇵 Premium",06d5350a9e14f9a1edbd42e8b82bab77,2026-09-06T07:16:48+00:00,2026-09-06T07:30:44.056392+00:00,962,imrranbigbull
1128114,34048,"🐳 STRK/USDT #LONG🐳

✳️ ENTRY :- 0.03170 - 0.03000
...0.03930

⛔️ STOP-LOSS :- 0.028

☝️ Margin Use 2–3%",7a8f4c9c6c92ee7eb011f3daf06a8d0e,2026-09-06T07:16:48+00:00,2026-09-06T07:30:44.055254+00:00,962,imrranbigbull
1128109,34032,"⚡️⚡️ #CELO/USDT ⚡️⚡️
Exchanges: Bingx 
Signal Type...
5) 0.08490
6) 0.08610
7) 🚀🚀🚀

Stop Targets:
5-10%",84063820d0f4237d224f67a65d26bae9,2026-09-06T07:16:48+00:00,2026-09-06T07:30:43.878271+00:00,962,imrranbigbull
1128093,34030,"⚡️⚡️ #ARK/USDT ⚡️⚡️
Exchanges: Bingx 
Signal Type:...
5) 0.12550
6) 0.12728
7) 🚀🚀🚀

Stop Targets:
5-10%",b6822953ef980330181fa3327edb6fb0,2026-09-06T07:16:48+00:00,2026-09-06T07:30:30.992027+00:00,962,imrranbigbull
1128101,34025,"RLCUSDTUSDT  
Exchanges: BINGX 

🟢 Long
Leverage- ....36526000
6) 0.39448000
7) 🚀🚀🚀 

⛔️ SL:
0.29660000",6d84c62789e9a1b1586fbc02d865a79d,2026-09-06T07:16:47+00:00,2026-09-06T07:30:31.205383+00:00,962,imrranbigbull
1128099,34022,"APTUSDTUSDT  
Exchanges: BINGX 

🟢 Long
Leverage- ....74499000
6) 0.80459000
7) 🚀🚀🚀 

⛔️ SL:
0.56663000",3d69f0e1971fb028dcbab62d7ec1e8e6,2026-09-06T07:16:47+00:00,2026-09-06T07:30:31.096960+00:00,962,imrranbigbull
1128096,34019,"📊#UAI/USDT — LONG

⚡️ Leverage : 5X – 10X

💹Entry ...Entry After TP1

⚖️ Follow Proper Risk Management.",b955da7fc26089cc6673a72b488a0048,2026-09-06T07:16:47+00:00,2026-09-06T07:30:31.081881+00:00,962,imrranbigbull
1128090,34023,"ZECUSDTUSDT  
Exchanges: BINGX 

🟢 Short
Leverage-...997.08
5) 917.31
6) 843.93
7) 🚀🚀🚀 

⛔️ SL:
1158.49",b9d6b72fdebcb39c69053c255d4d1e1f,2026-09-06T07:16:47+00:00,2026-09-06T07:30:30.979019+00:00,962,imrranbigbull
1128089,34029,"⚡️⚡️ #ATH/USDT ⚡️⚡️
Exchanges: Bingx 
Signal Type:...
5) 0.00494
6) 0.00501
7) 🚀🚀🚀

Stop Targets:
5-10%",f9d070a9ab2b0ed2197e99383ec595a2,2026-09-06T07:16:47+00:00,2026-09-06T07:30:30.972722+00:00,962,imrranbigbull
1128084,34028,"⚡️⚡️ #AERO/USDT ⚡️⚡️
Exchanges: Bingx 
Signal Type...
5) 0.57452
6) 0.58265
7) 🚀🚀🚀

Stop Targets:
5-10%",b60f29a895d52bcf1e951baa219dac63,2026-09-06T07:16:47+00:00,2026-09-06T07:30:30.940789+00:00,962,imrranbigbull
1128073,34018,"#NIL USDT — BUY (LONG) 
🎉
🟢 Leverage: Cross  75x

...Risk Management:
Use only 2%– 3%of your portfolio.",12177c146b7e52655cdf8bc5690d91d2,2026-09-06T07:16:47+00:00,2026-09-06T07:30:30.894174+00:00,962,imrranbigbull
1128070,34026,"⚡️⚡️ #1000000MOG/USDT ⚡️⚡️
Exchanges: Bingx 
Signa...
5) 0.11384
6) 0.11546
7) 🚀🚀🚀

Stop Targets:
5-10%",33e962facaf26c07b90b6571a2017eab,2026-09-06T07:16:47+00:00,2026-09-06T07:30:30.833003+00:00,962,imrranbigbull
1128067,34027,"⚡️⚡️ #1000000BOB/USDT ⚡️⚡️
Exchanges: Bingx 
Signa...
5) 0.02055
6) 0.02084
7) 🚀🚀🚀

Stop Targets:
5-10%",d46e095cfdec2fe2b547c1995b1a2064,2026-09-06T07:16:47+00:00,2026-09-06T07:30:30.783308+00:00,962,imrranbigbull
1128065,34020,"APTUSDTUSDT  
Exchanges: BINGX 

🟢 Short
Leverage-....53238000
6) 0.48979000
7) 🚀🚀🚀 

⛔️ SL:
0.64502000",ca3456709f133ec1845ee0c69bc81dce,2026-09-06T07:16:47+00:00,2026-09-06T07:30:30.714583+00:00,962,imrranbigbull
1131029,34079,"🔰 PAIR: SUI/ USDT 💹

🟢Position: LONG🚀

☑️ Entry Zo...:
🥇 0.7950
🥈 0.7991
🥉 0.8072

❌ Stop Loss: 🔴0.7800",905c76aca28b3cd07b3b8a7d080a3c41,2026-09-06T08:54:12+00:00,2026-09-06T08:55:56.470724+00:00,962,imrranbigbull
1131023,34077,"📈 LONG #FLOCK/USDT

🚀 LEVERAGE : 50x

📊 ENTRY PRIC...P🟢0.0850

TP🟢0.0900

STOPLOSS 🔴0.0750


REACTIONS?",e01890facf6abe0646ad30634080d414,2026-09-06T08:54:12+00:00,2026-09-06T08:55:56.361273+00:00,962,imrranbigbull
1131030,34076,"📊 #SOLV/USDT

🟢 POSITION: LONG

💰 ENTRY RANGE
➤ 0....➤ 0.0031

━━━━━━━━━━━━━━━━━━

✅ Manage risk wisely",c260a307801fa5935a0eef6b74e27d7c,2026-09-06T08:41:47+00:00,2026-09-06T08:55:56.478879+00:00,962,imrranbigbull
1131026,34075,"⭐️$ARB/USDT  LONG

🛡Leverage : Cross 25x50

‼️Entr....16500

Use only 3% - 5% amount of your portfolio🛍",1647b16d6f90b12635bbd5bfd24f1024,2026-09-06T08:33:38+00:00,2026-09-06T08:55:56.431199+00:00,962,imrranbigbull
1131024,34074,"✅ Long

#BNB/USDT

Entry zone : 733.300 - 755.980
...27.420
849.986

Stop loss :703.0614

Leverage: 10x",2ceffcfb967cfbc6075dcec99a9ba499,2026-09-06T08:17:57+00:00,2026-09-06T08:55:56.412522+00:00,962,imrranbigbull
1131032,34070,"✅ Long

Pair: #LTC/USDT

📊 Entry Price: 

1) 53.82...6.37
4) 57.50

Stop Loss: 50.42

Leverage: 10x-20x",0f8a95d02a770c1803f34ca1a4f8ca25,2026-09-06T08:10:22+00:00,2026-09-06T08:55:56.506088+00:00,962,imrranbigbull
1131031,34073,"DASH/USDT

SHORT SHORT SHORT 

OPEN MARKET PRICE 
...9.30
TP 69.00
TP 68.80
TP 68.40

SL 74.55

LEV 32X",4930ac585ede50b2cb5f81a4c020e673,2026-09-06T08:10:22+00:00,2026-09-06T08:55:56.493119+00:00,962,imrranbigbull
1131025,34072,"📊 Let’s LONG #MET/USDT

💥 Leverage:  Cross 20×  - ...gets: 

1) 0.22
2) 0.25
3) 0.29

🔖 Stop Loss: 0.18",eaea177339db99de6dd4dad3cd5363ef,2026-09-06T08:10:22+00:00,2026-09-06T08:55:56.419893+00:00,962,imrranbigbull
1131022,34069,"⚡ #EIGEN/USDT

📤 Long 

💹 Buy: 0.2096 - 0.2040

🧿 ...200 - 0.2222

🧨 StopLoss: 0.2000 

🔘 Leverage: 20x",a32343c10e3fdb6d70cbbc1a575d4b69,2026-09-06T08:10:22+00:00,2026-09-06T08:55:56.254373+00:00,962,imrranbigbull
1134781,34098,"ARB/ USDT/ SHORT
Entry at market price 

Cross || ...only 1% of your wallet. 
Manage your risk properly",70d9769d388016fae7f561a9c52f0dc6,2026-09-06T11:33:36+00:00,2026-09-06T11:37:36.694179+00:00,962,imrranbigbull
1134777,34097,"📇 Setup: JUP/USDT 

LONG Trade 🛫

✔️ Leverage : 75...t 1 •0.2820
💰 Target 2 • 0.2870
💰 Target3 • 0.2928",30bae56b40bd865651f814fd7873f43d,2026-09-06T11:33:36+00:00,2026-09-06T11:37:36.668322+00:00,962,imrranbigbull
1134778,34095,"#XAN  USDT — BUY (LONG) 
🎉
🟢 Leverage: Cross  20x5...Risk Management:
Use only 2%– 3%of your portfolio.",0fda496d9212cdea21d707d2f0165474,2026-09-06T11:04:26+00:00,2026-09-06T11:37:36.683197+00:00,962,imrranbigbull
1134769,34094,"✨LTC/USDT

🎗 Trade Type = LONG 🟢

⭐️ Leverage :- 2...fit = [ 54.77, 55.27, 55.90, 56.36, 57.00, 57.61 ]",641732a6359a7436c3c41d350d945fad,2026-09-06T10:52:36+00:00,2026-09-06T11:37:36.535980+00:00,962,imrranbigbull
1134780,34091,"FLOCKUSDTUSDT  
Exchanges: BINGX 

🟢 Long
Leverage....09436000
6) 0.10191000
7) 🚀🚀🚀 

⛔️ SL:
0.06704000",4c6327a3ee4293b4a58103c299ba7889,2026-09-06T10:41:40+00:00,2026-09-06T11:37:36.692124+00:00,962,imrranbigbull
1134771,34093,"COIN: #NAORIS/USDT (LONG) SETUP

📊 Leverage 25x to...ENT IS KEY
Use only 1–2% of your capital per trade",e3426ae6e4c04caa16d3c847e1d46293,2026-09-06T10:41:40+00:00,2026-09-06T11:37:36.548981+00:00,962,imrranbigbull
1134774,34088,"⭐️$FLOCK/USDT  LONG

🛡Leverage : Cross 25x50

‼️En....06704

Use only 3% - 5% amount of your portfolio🛍",5f69a250ae2035b288768627ab773855,2026-09-06T10:41:39+00:00,2026-09-06T11:37:36.580008+00:00,962,imrranbigbull
1134773,34089,"🚀 LONG: $UAI/USDT
LEVERAGE: 50x

✔️ENTRY PRICE: 0....500-0.5700-0.5900

STOP LOSS:  0.5180


REACTIONS?",29ea20112917d72f7006d7de497957cc,2026-09-06T10:41:39+00:00,2026-09-06T11:37:36.558462+00:00,962,imrranbigbull
1134770,34090,"🚀 LONG
TIA/USDT
ENTRY 0.3962

🚀 0.4226
🚀 0.4882
🚀 ...ROSS
🚨 STOPLOSS 0.3704
LEVRAGE 10x- 40x

1% WALLET",04b37582ffb9c53eb245ab3e8dc1a51a,2026-09-06T10:41:39+00:00,2026-09-06T11:37:36.550330+00:00,962,imrranbigbull
1134772,34085,"🔴 Short

Pair: #ZEC/USDT

📊 Entry Price: 

1) 1184...
4) 1102.40

Stop Loss: 1258.95

Leverage: 10x-20x",759662f7a8e3979d732221676e6e50d1,2026-09-06T09:58:39+00:00,2026-09-06T11:37:36.546282+00:00,962,imrranbigbull
1134768,34084,"XRPUSDTUSDT  
Exchanges: BINGX 

🟢 Short
Leverage-... 1.38
4) 1.36
5) 1.32
6) 1.29
7) 🚀🚀🚀 

⛔️ SL:
1.50",51ee8d521969c07a8ea05c40aacc3b44,2026-09-06T09:42:37+00:00,2026-09-06T11:37:36.393454+00:00,962,imrranbigbull
1134767,34083,"🔘 Coin : #AR/USDT 🔘

🟢 LONG

🔺Entry🔻: 3.009

⭐️ Ta....123 - 3.183

♦️ StopLoss : 2.904

🔱 Leverage: 25x",0fdff1bd9a7ca6f9604e8e6732d7c1b4,2026-09-06T09:42:37+00:00,2026-09-06T11:37:36.381781+00:00,962,imrranbigbull
1134766,34082,"🚀 #AKT/USDT LONG SIGNAL 🚀
📍 Entry: 0.5563


🎯 Take... your risk, and let's catch this move together! 🪙🔥",d2ce73be29ffde0d53ccd98c137be69b,2026-09-06T09:42:37+00:00,2026-09-06T11:37:36.281804+00:00,962,imrranbigbull
1134765,34080,"Long #ZEC 75x 1,190

Tp: 1,210",4cfb6a29f45f8e5c0f6071a09bd8dd53,2026-09-06T09:42:37+00:00,2026-09-06T11:37:36.268271+00:00,962,imrranbigbull
1134764,34081,AKT LONG 0.5563 TP1 0.5680,d11942e72e50db0f613e9544ad9e2aec,2026-09-06T09:42:37+00:00,2026-09-06T11:37:36.266172+00:00,962,imrranbigbull
1136524,34130,"#FLOCK/USDT SHORT     

👉Leverage : Cross 10× To 3...)  0.0717
2)  0.0697
3)  0.0650

⭕Stoploss : 0.077",5fe08c675cad26a1d4f8a27c82e8ecad,2026-09-06T13:27:39+00:00,2026-09-06T13:32:39.419950+00:00,962,imrranbigbull
1136522,34128,"COIN: #FLOCK/USDT (SHORT) SETUP

📊 Leverage 25x to...ENT IS KEY
Use only 1–2% of your capital per trade",795cf02ae1d751e6b170903cb85401b4,2026-09-06T13:27:39+00:00,2026-09-06T13:32:39.373623+00:00,962,imrranbigbull
1136512,34126,"#JUP /USDT BUY (LONG) 

⚡️Leverage : Cross 25x to ...02550

⚠️Use only 3% - 5% amount of your portfolio",5bbc9ba55e93042084e7f3c86c8ec948,2026-09-06T13:27:39+00:00,2026-09-06T13:32:39.262409+00:00,962,imrranbigbull
1136520,34124,"➡️ #NAORIS    /USDT (SHORT) 🔽🔽

⌛LEVERAGE : 20X TO...0


💥Use only 1%margin of your total portfolio❤️😘😇",4f9a1013f651fec38ff7a816dc72b9f3,2026-09-06T13:18:20+00:00,2026-09-06T13:32:39.297929+00:00,962,imrranbigbull
1136515,34123,"🚨 #ETH/USDT | LONG

⚡Leverage: Cross 200x

🎯Entry ... follow the signal and secure profits at targets.💎",1cf0234854b3d36b7017e8a23e203adb,2026-09-06T13:18:20+00:00,2026-09-06T13:32:39.266425+00:00,962,imrranbigbull
1136517,34122,"🚨 #4/USDT | LONG

⚡Leverage: Cross 50x

🎯Entry Tar... follow the signal and secure profits at targets.💎",0ec441ff5b1a0fd209fa23873897785c,2026-09-06T13:05:02+00:00,2026-09-06T13:32:39.293214+00:00,962,imrranbigbull
1136521,34119,"SOL/USDT My Short Trade Idea 💡

Leverage 100X

Ent....500

Stop Loss   107.500

Follow Money Management",8051f14b5d4fde49d2d7ff5bff3d660c,2026-09-06T13:03:57+00:00,2026-09-06T13:32:39.300757+00:00,962,imrranbigbull
1136510,34118,"SOLUSDTUSDT  
Exchanges: BINGX 

🟢 Short
Leverage-...4) 102.35
5) 99.15
6) 97.02
7) 🚀🚀🚀 

⛔️ SL:
113.01",2aa5d516109ca93ce88213f66f0dec95,2026-09-06T13:03:57+00:00,2026-09-06T13:32:39.253744+00:00,962,imrranbigbull
1136507,34120,"🔴 SHORT

#DOT/USDT

Entry : 

1) 0.974500
2) 1.003...7079

🛑 Stop : 1.035893

Leverage : 10x (isolated)",ce6388d965485951349c7c8b741f8821,2026-09-06T13:03:57+00:00,2026-09-06T13:32:39.241443+00:00,962,imrranbigbull
1136531,34109,"🚨 #FLOCK/USDT | SHORT

⚡Leverage: Cross 25x

🎯Entr... follow the signal and secure profits at targets.💎",a2a7bdfdc5d9366705999ba3013537e2,2026-09-06T12:45:15+00:00,2026-09-06T13:32:39.501954+00:00,962,imrranbigbull
1136519,34110,"🚀 LONG: $METIS/USDT
LEVERAGE: 50x

✔️ENTRY PRICE: ...OFIT

3.39-3.52-3.80

STOP LOSS:  3.14

REACTIONS?",ab8c30b6697f53bcea6db26cf571aaf3,2026-09-06T12:45:15+00:00,2026-09-06T13:32:39.297021+00:00,962,imrranbigbull
1136518,34115,"📌Pair: FLOCK/USDT
Type: LONG 🟢
✔️Leverage:  (20X_1...92
2) 0.112
3) 0.135
4) 0.175

❌ STOP LOSS: 0.065❌",68cde7a9f908e21d85e86047c6488269,2026-09-06T12:45:15+00:00,2026-09-06T13:32:39.292294+00:00,962,imrranbigbull
1136516,34108,"EXCHANGE/BYBIT/BITUNIX/OKX📌 


DAY TRADE 🏆

SHORT/...agement 🏆


Use only 5% of your 📈Available balance",f0389cb2b917c09a66b4baa9b10c2ff3,2026-09-06T12:45:15+00:00,2026-09-06T13:32:39.271198+00:00,962,imrranbigbull
1136514,34112,"🚩 SHORT #FLOCK/USDT

⚙️ 75X LEVERAGE

🛡 Entry: 0.0...: 0.07760
TP3: 0.07570

🛑 SL: 0.08550

🔥REACTIONS?",2d183bde95285e1936dcb242958314e5,2026-09-06T12:45:15+00:00,2026-09-06T13:32:39.268498+00:00,962,imrranbigbull
1136511,34117,"💰#FLOCK / USDT👑

💎Setup Type: Strong SHORT  🔖Oppor...TP ➝ 0.06500

4️⃣TP ➝ 0.05500

🚫Stop Loss: 0.08000",cff08f97bab5426855d1acdc4177a672,2026-09-06T12:45:15+00:00,2026-09-06T13:32:39.259785+00:00,962,imrranbigbull
1136529,34106,"🚩 SHORT #NAORIS/USDT

⚙️ 75X LEVERAGE

🛡 Entry: 0....: 0.03540
TP2: 0.03470
TP3: 0.03350

🛑 SL: 0.03950",68f1b37755cb3223c5223e54b1c5e58f,2026-09-06T12:19:19+00:00,2026-09-06T13:32:39.473367+00:00,962,imrranbigbull
1136509,34107,"📇 Setup: XAN/USDT 

LONG Trade 🛫

✔️ Leverage : 75....017700
💰 Target 2 • 0.018300
💰 Target3 • 0.019800",123bf2c7539f5434d26dd848b9913572,2026-09-06T12:19:19+00:00,2026-09-06T13:32:39.250421+00:00,962,imrranbigbull
1136508,34104,"#FLOCK   USDT — BUY (LONG) 
🎉
🟢 Leverage: Cross  5...Risk Management:
Use only 2%– 3%of your portfolio.",43443c641ef172766021f439f1d1d9cb,2026-09-06T12:19:19+00:00,2026-09-06T13:32:39.248094+00:00,962,imrranbigbull
1136504,34103,"⭐️$NAORIS/USDT  LONG

🛡Leverage : Cross 25x50

‼️E....03322

Use only 3% - 5% amount of your portfolio🛍",08c141a36ef3f79f5358275dbe703690,2026-09-06T12:19:19+00:00,2026-09-06T13:32:39.151563+00:00,962,imrranbigbull
1136503,34101,"FLOCKUSDTUSDT  
Exchanges: BINGX 

🟢 Long
Leverage....10000000
6) 0.11000000
7) 🚀🚀🚀 

⛔️ SL:
0.06800000",54ebe7dd2c75a94e8003c16a6f5c384e,2026-09-06T11:59:19+00:00,2026-09-06T13:32:39.074366+00:00,962,imrranbigbull
1136502,34100,"💫 Pair: SPX/USDT  💫

🔼 Direction: Long 🔼

✅ Levera...Take Profit: 0.6350 📈

⚠️ Stop Loss: 0.5400 ⚠️

📈📈",1094d7970014af6d8af03c35dc16cb39,2026-09-06T11:59:19+00:00,2026-09-06T13:32:38.656123+00:00,962,imrranbigbull
1136501,34099,"💰#FLOCK / USDT👑

💎Setup Type: Strong LONG  🔖Opport...TP ➝ 0.08700

4️⃣TP ➝ 0.09500

🚫Stop Loss: 0.07000",b1b2ca8ac2058bc80b3138f867b9e4f7,2026-09-06T11:59:19+00:00,2026-09-06T13:32:38.654875+00:00,962,imrranbigbull
1139831,34151,"COIN: #XAN/USDT (LONG) SETUP

📊 Leverage 25x to 50...ENT IS KEY
Use only 1–2% of your capital per trade",b876ca1226f13e2d7f3e6cb754785706,2026-09-06T15:01:29+00:00,2026-09-06T15:07:11.827594+00:00,962,imrranbigbull
1139840,34147,"🔴 Short

Pair: #KAVA/USDT

📊 Entry Price: 

1) 0.0...) 0.049044

Stop Loss: 0.056009

Leverage: 10x-20x",1f34df6df33c5a0cf6c65d41d8aac51f,2026-09-06T14:51:02+00:00,2026-09-06T15:07:11.894320+00:00,962,imrranbigbull
1139839,34148,ARB SHORT 0.1861 TP1 0.1820,3d622a8f14732c79d7236064cd28ad55,2026-09-06T14:51:02+00:00,2026-09-06T15:07:11.887431+00:00,962,imrranbigbull
1139834,34146,"KAVAUSDTUSDT  
Exchanges: BINGX 

🟢 Short
Leverage....04512000
6) 0.04151000
7) 🚀🚀🚀 

⛔️ SL:
0.05698350",e6a064292dcfda3ce4b705444ee27581,2026-09-06T14:51:02+00:00,2026-09-06T15:07:11.841449+00:00,962,imrranbigbull
1139828,34149,"🚀 #ARB/USDT SHORT SIGNAL 🚀
📍 Entry: 0.1861


🎯 Tak... your risk, and let's catch this move together! 🪙🔥",0d91dee763b77db775197f9a59f56b92,2026-09-06T14:51:02+00:00,2026-09-06T15:07:11.798821+00:00,962,imrranbigbull
1139835,34142,"#XAN /USDT BUY (LONG) 

⚡️Leverage : Cross 25x to ...01700

⚠️Use only 3% - 5% amount of your portfolio",98ea3d643e82ad1199128beb41636635,2026-09-06T14:34:18+00:00,2026-09-06T15:07:11.842711+00:00,962,imrranbigbull
1139825,34139,"🔴 SHORT

#BAT/USDT

Entry zone : 0.076044 - 0.0738...6779
0.064553

Stop loss :0.0789981

Leverage: 10x",b613b87e4777e532ba14a6f2ec328a8f,2026-09-06T14:13:57+00:00,2026-09-06T15:07:11.748102+00:00,962,imrranbigbull
1139836,34137,"✨ASTER/USDT

🎗 Trade Type = SHORT 🔴

⭐️ Leverage :...[ 0.7686, 0.7606, 0.7525, 0.7449, 0.7353, 0.7256 ]",923a06e3fd98579c5cbe7be737e7ef4b,2026-09-06T13:56:10+00:00,2026-09-06T15:07:11.846174+00:00,962,imrranbigbull
1139826,34134,"🚀 SHORT: $FLOCK/USDT
LEVERAGE: 50x

✔️ENTRY PRICE:...0-0.06400-0.06800

STOP LOSS:  0.07710

REACTIONS?",1f2cef8975af6a5e64979dbd0337ca86,2026-09-06T13:47:46+00:00,2026-09-06T15:07:11.749764+00:00,962,imrranbigbull
1139823,34136,"EXCHANGE/BYBIT/BITUNIX/OKX📌 


DAY TRADE 🏆

SHORT/...agement 🏆


Use only 5% of your 📈Available balance",f0389cb2b917c09a66b4baa9b10c2ff3,2026-09-06T13:47:46+00:00,2026-09-06T15:07:11.561356+00:00,962,imrranbigbull
1139822,34133,"#MARSCOIN    USDT — SELL (SHORT) 
🎉
🟢 Leverage: Cr...Risk Management:
Use only 2%– 3%of your portfolio.",fc483efbacd85a98f46606dcb5ed4455,2026-09-06T13:47:46+00:00,2026-09-06T15:07:11.463096+00:00,962,imrranbigbull
1141135,34157,"INJUSDTUSDT  
Exchanges: BINGX 

🟢 Long
Leverage- ... 5.36
4) 5.43
5) 5.51
6) 5.60
7) 🚀🚀🚀 

⛔️ SL:
4.96",db2b439293296dec4d060c2ff4f0ca32,2026-09-06T16:18:49+00:00,2026-09-06T16:31:04.227579+00:00,962,imrranbigbull
1141134,34156,"🟢LONG  #BTCUSDT

🔶 Entry : 79600 - 79500

➡️ Lever...ake Profit Targets :

👉 80300

🛑 Stop Loss : 78700",b3edcf4fde6155736aca88246c687e30,2026-09-06T16:18:49+00:00,2026-09-06T16:31:04.223938+00:00,962,imrranbigbull
1141133,34155,"Coin #ZEC/USDT

Position: LONG 

Leverage:  Cross ...1138

Targets: 🎯 1197, 1245, 1319

Stop Loss: 1113",3a40ab77b12549bec9b4435ea9ce9f02,2026-09-06T16:18:49+00:00,2026-09-06T16:31:04.220281+00:00,962,imrranbigbull
1141132,34154,"Sui/Usdt long 🟢
with 0.5% Wallet on market price 
...ite movement pe jo 5% around the liq manage 0.7412",db6e783626732f8bb926b9a085a55476,2026-09-06T16:18:49+00:00,2026-09-06T16:31:04.202446+00:00,962,imrranbigbull
1141130,34152,"🚨 #UAI/USDT | LONG

⚡Leverage: Cross 25x

🎯Entry T... follow the signal and secure profits at targets.💎",59417903032908f81455d0d9985990f5,2026-09-06T16:18:49+00:00,2026-09-06T16:31:04.200617+00:00,962,imrranbigbull
1141131,34153,"LAYERUSDTUSDT  
Exchanges: BINGX 

🟢 Long
Leverage...41
5) 12244.40
6) 13223.95
7) 🚀🚀🚀 

⛔️ SL:
7500.00",994b0b56d23055c60d538eaab0485683,2026-09-06T16:18:49+00:00,2026-09-06T16:31:04.199910+00:00,962,imrranbigbull
1143968,34159,"$BTC LONG 25x Lev 

Entry -  $79500

TP - 81000$- 82000$

SL: 78600$",4754269c329e8d102d4362deb3cf3a57,2026-09-06T16:59:13+00:00,2026-09-06T17:58:45.292560+00:00,962,imrranbigbull
1145089,34180,"XRPUSDTUSDT  
Exchanges: BINGX 

🟢 Long
Leverage- ... 1.50
4) 1.58
5) 1.71
6) 1.84
7) 🚀🚀🚀 

⛔️ SL:
1.30",5a04d790c47573aeaad29459b24cd7ed,2026-09-06T18:15:44+00:00,2026-09-06T19:17:03.656253+00:00,962,imrranbigbull
1148318,34196,"LINKUSDTUSDT  
Exchanges: BINGX 

🟢 Long
Leverage-...6
4) 14.43
5) 15.59
6) 16.83
7) 🚀🚀🚀 

⛔️ SL:
11.85",81e0cfc9d5ba935c3375dc14b8686f8a,2026-09-06T22:36:41+00:00,2026-09-06T23:27:02.905505+00:00,962,imrranbigbull
1148312,34186,"POLUSDTUSDT  
Exchanges: BINGX 

🟢 Long
Leverage- ....11167000
6) 0.12060000
7) 🚀🚀🚀 

⛔️ SL:
0.09284000",f02fea6d76f8a252c9f4503ad871a800,2026-09-06T21:37:38+00:00,2026-09-06T23:27:02.876983+00:00,962,imrranbigbull
1148314,34188,"✅ Long

#RLC/USDT

Entry zone : 0.2964 - 0.3056

T...
0.3344
0.3436

Stop loss :0.284208

Leverage: 10x",12685936725f1c108cff5be4b2980aaa,2026-09-06T21:37:38+00:00,2026-09-06T23:27:02.874755+00:00,962,imrranbigbull
1148310,34187,"✅ Long

Pair: #XMR/USDT

📊 Entry Price: 

1) 533.6...99
4) 570.13

Stop Loss: 500.01

Leverage: 10x-20x",66f2ee72e92f50fcbdc5b3cf7000edf4,2026-09-06T21:37:38+00:00,2026-09-06T23:27:02.862088+00:00,962,imrranbigbull
1148309,34185,"FLOCKUSDTUSDT  
Exchanges: BINGX 

🟢 Short
Leverag....06407000
6) 0.05894000
7) 🚀🚀🚀 

⛔️ SL:
0.08550000",699b1ad97f25b83ab4512c943f9688fa,2026-09-06T20:39:18+00:00,2026-09-06T23:27:02.718248+00:00,962,imrranbigbull
1153532,34265,"SHORT

TIA/USDT

MARKET PRICE 

Leverage: 10X

TP:...5% of capital 

Always use proper risk management.",de307b9f3b52d9f5644f67c8a6709aec,2026-09-07T08:03:19+00:00,2026-09-07T08:10:39.835118+00:00,962,imrranbigbull
1153531,34266,"✅ Long

Pair: #BCH/USDT

📊 Entry Price: 

1) 253.6...70
4) 271.00

Stop Loss: 237.67

Leverage: 10x-20x",bbab73757fcbd0919e37447e98707acd,2026-09-07T08:03:19+00:00,2026-09-07T08:10:39.833479+00:00,962,imrranbigbull
1153540,34263,"🟢#UAI/USDT

📈Signal: long Leverage: Cross 20X

⚡️E...even after TP1 is hit.

📣Trade Smart • Follow Risk",b6f7d5d3fbe514fdcc4d954235dac761,2026-09-07T07:46:28+00:00,2026-09-07T08:10:39.894662+00:00,962,imrranbigbull
1153542,34258,"🚀 #PLAY/USDT LONG SIGNAL 🚀
📍 Entry: 0.03800


🎯 Ta... your risk, and let's catch this move together! 🪙🔥",37f14aecd05afbbf731d24d0330234c1,2026-09-07T07:10:40+00:00,2026-09-07T08:10:39.908733+00:00,962,imrranbigbull
1153538,34255,Arx long 0.1567 tp 0.1600,6e0fc5534332413cbc7b1ff7028e426f,2026-09-07T07:10:40+00:00,2026-09-07T08:10:39.890136+00:00,962,imrranbigbull
1153537,34252,"#ARX/USDT LONG     

👉Leverage : Cross 10× To 30×
...
1)  0.160
2)  0.165
3)  0.180

⭕Stoploss : 0.1480",cadcd342ec0abe82a983b399d4139992,2026-09-07T07:10:40+00:00,2026-09-07T08:10:39.884119+00:00,962,imrranbigbull
1153533,34251,"#WLDUSDT — BUY (LONG) 
🎉
🟢 Leverage: Cross  20x50
...Risk Management:
Use only 2%– 3%of your portfolio.",a5a7ec170511911b62f8511c28a86021,2026-09-07T07:10:40+00:00,2026-09-07T08:10:39.843914+00:00,962,imrranbigbull
1153524,34254,"#CATI/USDT LONG     

👉Leverage : Cross 10× To 30×...  0.0604
2)  0.0598
3)  0.0585

⭕Stoploss : 0.0643",b5798629a19067472ce5ea01a4d5482a,2026-09-07T07:10:40+00:00,2026-09-07T08:10:39.804752+00:00,962,imrranbigbull
1153523,34260,"🟢#CLANKER/USDT

📈Signal: long Leverage: Cross 20X
...even after TP1 is hit.

📣Trade Smart • Follow Risk",daf578caae134a8048d31781b51994dd,2026-09-07T07:10:40+00:00,2026-09-07T08:10:39.801739+00:00,962,imrranbigbull
1153513,34256,"COIN: #ARX/USDT (LONG) SETUP

📊 Leverage 25x to 50...ENT IS KEY
Use only 1–2% of your capital per trade",ff2047f78a389ec5be88ece92c9cd1a3,2026-09-07T07:10:40+00:00,2026-09-07T08:10:39.729703+00:00,962,imrranbigbull
1153541,34229,"#CATI/USDT LONG     

👉Leverage : Cross 10× To 30×...)  0.0652
2)  0.0662
3)  0.0672

⭕Stoploss : 0.060",af7958f1a4b179d2f1116395a7f00456,2026-09-07T06:37:30+00:00,2026-09-07T08:10:39.902487+00:00,962,imrranbigbull
1153539,34245,"🔰CFG/USDT 🔰   

🟢 LONG 10X 20X

♻ ENTRY 
1️⃣ 0.133...

1️⃣ 0.137
2️⃣ 0.142
3️⃣ 0.150

⛔ STOPLOSS  0.117",097b3d558870da0f4feaae530a87b69f,2026-09-07T06:37:30+00:00,2026-09-07T08:10:39.888363+00:00,962,imrranbigbull
1153536,34234,"Trade: #CFG/USDT

Direction: 📉 Short 

🟢 Entry Ran...41
• Target 6: 0.1227

💠 Leverage : 5x - 10x - 20x",f5968a9263f402d9efece2d39ec09b8a,2026-09-07T06:37:30+00:00,2026-09-07T08:10:39.873530+00:00,962,imrranbigbull
1153526,34244,"⚡ #MANTRA/USDT

📤 Long 

💹 Buy: 0.004593 - 0.00440...- 0.004872

🧨 StopLoss: 0.004300 

🔘 Leverage: 20x",780e9f5d3c1872891e77f95f64ac2dce,2026-09-07T06:37:30+00:00,2026-09-07T08:10:39.817936+00:00,962,imrranbigbull
1153528,34249,"🟢#UAI/USDT

📈Signal: short Leverage: Cross 20X

⚡️...even after TP1 is hit.

📣Trade Smart • Follow Risk",e4755f7e16319c90cbe24d484fe8a6b0,2026-09-07T06:37:30+00:00,2026-09-07T08:10:39.817198+00:00,962,imrranbigbull
1153521,34237,"$ORCA/USDT #SHORT📩

✅ENTRY :-1.59/1.63

Target 1: ...𝐎𝐧𝐥𝐲 𝟏-𝟑% 𝐎𝐟 𝐎𝐮𝐫 𝐃𝐞𝐩𝐨𝐬𝐢𝐭 𝐅𝐨𝐫 𝐄𝐚𝐜𝐡 𝐓𝐫𝐚𝐝𝐞

React,??m",f52e0c089278e431db6f28de7e13d211,2026-09-07T06:37:30+00:00,2026-09-07T08:10:39.789630+00:00,962,imrranbigbull
1153515,34230,"🟢WOO/USDT 📈

📈 long Setup 

💰 Entry Zone: 0.0120–0...et 1. 
✅ Move SL to breakeven after Target 1 hits.",5044c4f355448f4bf06a7fe28ce4b330,2026-09-07T06:37:30+00:00,2026-09-07T08:10:39.734920+00:00,962,imrranbigbull
1153511,34239,"#LONG 🟢🔤🔤🔤🔤🔤

#SKHYNIX/USDT

Margin Mode : Isolate...

🟥 SL : 1262.12 - 100%   

📊 LEV : 20X

🇯🇵Premium",4f03f5b812696fc48b78b149365c4065,2026-09-07T06:37:30+00:00,2026-09-07T08:10:39.717181+00:00,962,imrranbigbull
1153508,34247,"📊 #F/USDT

🟢 POSITION: LONG

💰 ENTRY RANGE
➤ 0.003... 0.00315

━━━━━━━━━━━━━━━━━━

✅ Manage risk wisely",2858f8fa39ff6e7830c04fd7a8b7f92f,2026-09-07T06:37:30+00:00,2026-09-07T08:10:39.607498+00:00,962,imrranbigbull
1153506,34232,"NEARUSDTUSDT  
Exchanges: BINGX 

🟢 Short
Leverage... 2.31
4) 2.29
5) 2.27
6) 2.24
7) 🚀🚀🚀 

⛔️ SL:
2.55",d2832456b2deb00c17c9f24866d8286c,2026-09-07T06:37:30+00:00,2026-09-07T08:10:39.557930+00:00,962,imrranbigbull
1153504,34241,"📍Coin : #DOT/USDT

🟢 LONG 

👉 Entry: 0.9729 - 0.94...t 5: 1.0300
🎯 Target 6: 1.0400

❌ StopLoss: 0.9216",3dcc31843bf6bff57eaad414fde594b4,2026-09-07T06:37:30+00:00,2026-09-07T08:10:39.489965+00:00,962,imrranbigbull
1153497,34240,"🐳 TAO/USDT #LONG🐳

✳️ ENTRY :- 273 - 260

💢 LEVERA...0
3 : 320

⛔️ STOP-LOSS :- 252

☝️ Margin Use 2–3%",4741ff420534ca6731678ed8a20397e4,2026-09-07T06:37:30+00:00,2026-09-07T08:10:39.411493+00:00,962,imrranbigbull
1153496,34243,"💵 𝐒𝐈𝐆𝐍𝐀𝐋 𝐀𝐋𝐄𝐑𝐓 💵

#FLOCK/USDT (25xSHORT)

✅ ENTRY:...

TARGETS:-0.07280/0.068/0.063

❌ STOP LOSS: 0.085",d56af3c0fd39f6fc6030a5b9dfe6d034,2026-09-07T06:37:30+00:00,2026-09-07T08:10:39.403236+00:00,962,imrranbigbull
1153495,34231,"⌛#SUSHI/USDT  ( LONG )

🍁 Leverage 👉 20X to 25X 

...59 | 0.2479 | 0.2508 | 0.2538

🔕 Stoploss = 0.2321",24c30ff5c6886be1dfcb74b8285b0b42,2026-09-07T06:37:30+00:00,2026-09-07T08:10:39.393922+00:00,962,imrranbigbull
1153494,34233,"🚀 #OVER99WINS | TRADE SETUP 🚀

⭐ UB /USDT — LONG

...o

📌 Follow the setup and manage your risk wisely.",bcd32cee3a093c7c9dce30826d65e7c2,2026-09-07T06:37:30+00:00,2026-09-07T08:10:39.386398+00:00,962,imrranbigbull
1153493,34248,"🚀 $UAI/USDT PERP 🚀

🟢 LONG

💰 Entry : 0.680$ – 0.6... 5X – 25X

⛔️ SL : 0.550$

📌 Use Only 2-5% Capital",bbd53f439cfd56551a73437b12c33f08,2026-09-07T06:37:30+00:00,2026-09-07T08:10:39.385228+00:00,962,imrranbigbull
1153492,34238,"🔴 SHORT

#KAVA/USDT

Entry : 

1) 0.053910
2) 0.05...0180

🛑 Stop : 0.057306

Leverage : 10x (isolated)",3edc4d1e57ab73288adf6cf05c454d91,2026-09-07T06:37:30+00:00,2026-09-07T08:10:39.350234+00:00,962,imrranbigbull
1153491,34235,"📊#ASTR/USDT–LONG–30x 🚀

📍 𝐄𝐧𝐭𝐫𝐲 𝐙𝐨𝐧𝐞:

➥ 0.0067, 0...tal.

⚠️ Disclaimer:
Trade at your own risk. DYOR.",8fdc78e7448f4dec91cef4622d3ef4c9,2026-09-07T06:37:30+00:00,2026-09-07T08:10:39.344846+00:00,962,imrranbigbull
1153512,34226,"#UBUSDT — BUY (LONG) 
🎉
🟢 Leverage: Cross  20x50

...Risk Management:
Use only 2%– 3%of your portfolio.",7dcac15aeb43797a7246eadfdabffc6e,2026-09-07T06:37:29+00:00,2026-09-07T08:10:39.718593+00:00,962,imrranbigbull
1153501,34228,"#DOOD/USDT LONG     

👉Leverage : Cross 10× To 30×...00235
2)  0.00255
3)  0.00295

⭕Stoploss : 0.00205",8d879c1ee797daa905960c111de32356,2026-09-07T06:37:29+00:00,2026-09-07T08:10:39.434768+00:00,962,imrranbigbull
1158306,34290,"✨ZK/USDT

🎗 Trade Type = SHORT 🔴

⭐️ Leverage :- 2...0.010686, 0.010592, 0.010468, 0.010346, 0.010239 ]",ef9b8baf83e757ec54ab34e4e10188e7,2026-09-07T09:56:21+00:00,2026-09-07T10:04:04.372627+00:00,962,imrranbigbull
1158305,34293,"#BTC - SHORT 150X

Entry  79352

Targets 100% -200%-300% +++

SL= Will Update

Using 1% wallet",36cd25b40308fd23d6187ba72bc8981a,2026-09-07T09:56:21+00:00,2026-09-07T10:04:04.363375+00:00,962,imrranbigbull
1158301,34292,"EXCHANGE/BYBIT/BITUNIX/OKX📌 


DAY TRADE 🏆

SHORT/...agement 🏆


Use only 5% of your 📈Available balance",9354e420b09f9f25f99bac28fa1f8470,2026-09-07T09:56:21+00:00,2026-09-07T10:04:04.261515+00:00,962,imrranbigbull
1158296,34291,"EXCHANGE/BYBIT/BITUNIX/OKX📌 


DAY TRADE 🏆

SHORT/...agement 🏆


Use only 5% of your 📈Available balance",3ee78ba568a20b9df42feb8492406005,2026-09-07T09:56:21+00:00,2026-09-07T10:04:04.195287+00:00,962,imrranbigbull
1158304,34282,"#IOST/USDT BUY (LONG) 

⚡️Leverage : Cross 25x to ...08490

⚠️Use only 3% - 5% amount of your portfolio",54e275c87c87fd80470b62f2b5995274,2026-09-07T09:28:45+00:00,2026-09-07T10:04:04.358011+00:00,962,imrranbigbull
1158303,34283,"📊 Let’s LONG #IOST/USDT

💥 Leverage:  Cross 20×  -...922
2) 0.000952
3) 0.001020

🔖 Stop Loss: 0.000849",452d78880dd825994cda317671433f7e,2026-09-07T09:28:45+00:00,2026-09-07T10:04:04.339769+00:00,962,imrranbigbull
1158299,34285,"⭐️$TIA/USDT  LONG

🛡Leverage : Cross 25x50

‼️Entr...0.3999

Use only 3% - 5% amount of your portfolio🛍",8a35da80f473dacbef3cdb6b2b31b273,2026-09-07T09:28:45+00:00,2026-09-07T10:04:04.233978+00:00,962,imrranbigbull
1158297,34287,"🔰 PAIR: SOL/ USDT 💹

🟢Position: LONG🚀

☑️ Entry Zo...:
🥇 105.03
🥈 105.52
🥉 106.55

❌ Stop Loss: 🔴103.08",cc931954145b4b9d9f4f33ba6f4002db,2026-09-07T09:28:45+00:00,2026-09-07T10:04:04.211733+00:00,962,imrranbigbull
1158290,34286,"📈 LONG #DOOD/USDT

🚀 LEVERAGE : 50x

📊 ENTRY PRICE....00235

TP🟢0.00245

STOPLOSS 🔴0.00208


REACTIONS?",5dfb47b9c6bb6cefcfeef57ec2b94d0f,2026-09-07T09:28:45+00:00,2026-09-07T10:04:04.157260+00:00,962,imrranbigbull
1158284,34288,"Coin #TAO/USDT

Position: LONG 

Leverage:  Cross ...65 - 260

Targets: 🎯 270, 277, 289

Stop Loss: 255",f437c27e337d0065edd5277bae74db66,2026-09-07T09:28:45+00:00,2026-09-07T10:04:03.991352+00:00,962,imrranbigbull
1158283,34284,TIAUSDT LONG NOW,b9dbe84405f97ffa922e65c529793f72,2026-09-07T09:28:45+00:00,2026-09-07T10:04:03.930670+00:00,962,imrranbigbull
1158300,34276,"✅ Long

#VET/USDT

Entry zone : 0.006854 - 0.00706...734
0.007945

Stop loss :0.00657231

Leverage: 10x",61794fd2ea7b966982cb6591c45ef5cc,2026-09-07T08:36:11+00:00,2026-09-07T10:04:04.246209+00:00,962,imrranbigbull
1158295,34275,"#IOST/USDT SHORT     

👉Leverage : Cross 10× To 30...00087
2)  0.00082
3)  0.00076

⭕Stoploss : 0.00094",7894ed3c53e38b40e87af5bd0719613b,2026-09-07T08:36:11+00:00,2026-09-07T10:04:04.192826+00:00,962,imrranbigbull
1158294,34280,"⭐️$SOL/USDT  LONG

🛡Leverage : Cross 25x50

‼️Entr... 99.91

Use only 3% - 5% amount of your portfolio🛍",fcaf8e65d8bedbf27e9d63b0a4437087,2026-09-07T08:36:11+00:00,2026-09-07T10:04:04.187637+00:00,962,imrranbigbull
1158286,34279,SOLUSDT LONG NOW,b603f5051de3680c3dad81703eef98d6,2026-09-07T08:36:11+00:00,2026-09-07T10:04:04.134921+00:00,962,imrranbigbull
1158288,34274,#IOST SHORT 0.000890,e322aa93ed24a9d8a98676d4d079a325,2026-09-07T08:36:11+00:00,2026-09-07T10:04:04.133878+00:00,962,imrranbigbull
1158298,34273,"🟢 Long

#ZRX/USDT

Entry : 

1) 0.1031
2) 0.1000

...0.1101

🛑 Stop : 0.0966

Leverage : 10x (isolated)",ea802ed8955e4bf9c50644f06f62c08c,2026-09-07T08:11:07+00:00,2026-09-07T10:04:04.219649+00:00,962,imrranbigbull
1158293,34269,"#MARSCOIN/USDT SHORT     

👉Leverage : Cross 10× T...t

1)  0.155
2)  0.144
3)  0.133

⭕Stoploss : 0.17",07628b4701182f06b9c8789d3fbfdd79,2026-09-07T08:11:07+00:00,2026-09-07T10:04:04.186560+00:00,962,imrranbigbull
1158285,34271,"⭐️$NAORIS/USDT  LONG

🛡Leverage : Cross 25x50

‼️E....03413

Use only 3% - 5% amount of your portfolio🛍",794ff0fd606f839303179d8f5d24341b,2026-09-07T08:11:07+00:00,2026-09-07T10:04:03.996253+00:00,962,imrranbigbull
1158282,34268,"SHORT

TIA/USDT

MARKET PRICE 

Leverage: 10X

TP:...5% of capital 

Always use proper risk management.",de307b9f3b52d9f5644f67c8a6709aec,2026-09-07T08:11:07+00:00,2026-09-07T10:04:03.658006+00:00,962,imrranbigbull
1158281,34267,"SHORT

CFG/USDT

MARKET PRICE 

Leverage: 10X

TP:...5% of capital 

Always use proper risk management.",e83d596c9c9cfc628ca21e47ffe80e33,2026-09-07T08:11:07+00:00,2026-09-07T10:04:03.624229+00:00,962,imrranbigbull
1160895,34300,"🚀 LONG: $4/USDT
LEVERAGE: 50x

✔️ENTRY PRICE: 0.02...-0.02850-0.03100

STOP LOSS:  0.02520


REACTIONS?",3a3d1414438b344972e44c1684a4163f,2026-09-07T10:54:27+00:00,2026-09-07T11:35:15.311953+00:00,962,imrranbigbull
1160890,34301,"🚀 #OVER99WINS | TRADE SETUP 🚀

⭐ UNI /USDT — LONG
...o

📌 Follow the setup and manage your risk wisely.",c3a7cd5c75eddbaf129f53e682e04afd,2026-09-07T10:54:27+00:00,2026-09-07T11:35:15.269517+00:00,962,imrranbigbull
1160893,34299,"$ONDOUSDT

SHORT

RR : 2

LEVERAGE : 30x

ENTRY : ...893

TAKE PROFITS 👇

1️⃣ 0.3764

STOPLOSS : 0.3956",ed36d4e86887df07708413d74a889e72,2026-09-07T10:42:23+00:00,2026-09-07T11:35:15.289073+00:00,962,imrranbigbull
1160892,34298,"🚀 #OVER99WINS | TRADE SETUP 🚀

⭐ TIA /USDT — LONG
...o

📌 Follow the setup and manage your risk wisely.",e2212d81136f37d33a201a573c257ef8,2026-09-07T10:42:23+00:00,2026-09-07T11:35:15.286990+00:00,962,imrranbigbull
1160894,34296,"DAY/TRADE 🏆

LONG BTC/USDT📈📈📈( continuation trend ...agement 🏆

Use only 10% of your 📈Available balance",e1a2aad4ff7ad07c6348690394c27535,2026-09-07T10:13:03+00:00,2026-09-07T11:35:15.301042+00:00,962,imrranbigbull
1160891,34297,"🔴 Short

Pair: #LTC/USDT

📊 Entry Price: 

1) 55.8...3.19
4) 52.01

Stop Loss: 59.40

Leverage: 10x-20x",1001aacf7c2594c0316fcb790d6c93f6,2026-09-07T10:13:03+00:00,2026-09-07T11:35:15.273667+00:00,962,imrranbigbull
1163944,34377,"$BATUSDT

LONG

RR : 2

LEVERAGE : 50x

ENTRY : 0....740

TAKE PROFITS 👇

1️⃣ 0.0756

STOPLOSS : 0.0733",bebf7859741ec2e107f3cd0bfa1197b3,2026-09-07T14:31:08+00:00,2026-09-07T14:32:15.239500+00:00,962,imrranbigbull
1163939,34374,"Long #WLD 75x 0.4690

Tp: 0.4730",a5453adf2bf0441613c49af54f2c275d,2026-09-07T14:31:08+00:00,2026-09-07T14:32:15.212045+00:00,962,imrranbigbull
1163933,34376,"xrp/Usdt long 🟢
with 0.5% Wallet on market price 
...osite movement pe jo 5% around the liq manage zero",5ad85cb5302241eaa00cb6ed7a53ae69,2026-09-07T14:31:08+00:00,2026-09-07T14:32:15.200894+00:00,962,imrranbigbull
1163952,34370,PRL LONG 0.1342 tp1 0.1370,f0fdb9a5de015b0a705fddfc9e48f0d0,2026-09-07T14:09:41+00:00,2026-09-07T14:32:15.302937+00:00,962,imrranbigbull
1163943,34371,"🚀 #PRL/USDT LONG SIGNAL 🚀
📍 Entry: 0.1342


🎯 Take... your risk, and let's catch this move together! 🪙🔥",d6ef80f841390c6c035f1f1125c8bf2a,2026-09-07T14:09:41+00:00,2026-09-07T14:32:15.238806+00:00,962,imrranbigbull
1163934,34373,"🚩 SHORT #ZAMA/USDT

⚙️ 75X LEVERAGE

🛡 Entry: 0.05...: 0.05060
TP3: 0.04780

🛑 SL: 0.06100

🔥REACTIONS?",0cb686979090aa89229abde4e4265408,2026-09-07T14:09:41+00:00,2026-09-07T14:32:15.222439+00:00,962,imrranbigbull
1163935,34372,#ZAMA/USDT SHORT NOW,5689b010aa36ecb3903f35a1dce177e5,2026-09-07T14:09:41+00:00,2026-09-07T14:32:15.206891+00:00,962,imrranbigbull
1163927,34368,"🔴 SHORT

#NEO/USDT

Entry zone : 2.271 - 2.205

Ta...060
1.994
1.927

Stop loss :2.35935

Leverage: 10x",3a11ca6196e27f682cbb4cf7633242f2,2026-09-07T14:09:41+00:00,2026-09-07T14:32:15.142597+00:00,962,imrranbigbull
1163955,34366,"TREEUSDT - LONG ( Swing trade ) 📈

Entry : Market ...t : 

*0.048
0.05
0.055
0.06*

Stoploss at : 0.034",289a844729e92342c8b96b9b785f2967,2026-09-07T14:09:40+00:00,2026-09-07T14:32:15.357757+00:00,962,imrranbigbull
1163931,34365,"🚩 SHORT #FLOCK/USDT

⚙️ 75X LEVERAGE

🛡 Entry: 0.0...: 0.06450
TP3: 0.06340

🛑 SL: 0.07200

🔥REACTIONS?",0d65be6ddd3d9f10bb4d6f0b5958487c,2026-09-07T14:09:40+00:00,2026-09-07T14:32:15.180213+00:00,962,imrranbigbull
1163945,34363,"🟢ICP/USDT My long Trade Setup

Leverage 75X

Entry...  3.100

Stop Loss: 2.950

Follow Money Management",aeef86750f14eab5333862883b6fa79c,2026-09-07T13:27:55+00:00,2026-09-07T14:32:15.232380+00:00,962,imrranbigbull
1163947,34362,"#SHORT 🔴 🔤🔤🔤🔤🔤

#NEAR/USDT 

Margin Mode : Isolate....155

🟩 SL : 2.506 - 100%

📊 LEV : 20X

🇯🇵 Premium",1ccd977c4e23510fd1ad1ac64f5e477b,2026-09-07T13:23:16+00:00,2026-09-07T14:32:15.247343+00:00,962,imrranbigbull
1163946,34360,"TREEUSDT - LONG ( Swing trade ) 📈

Entry : Market ...t : 

*0.048
0.05
0.055
0.06*

Stoploss at : 0.034",289a844729e92342c8b96b9b785f2967,2026-09-07T13:23:16+00:00,2026-09-07T14:32:15.245907+00:00,962,imrranbigbull
1163936,34361,"➡️ #SOPH     /USDT (SHORT) 🔽🔽

⌛LEVERAGE : 20X TO ...55

💥Use only 1%margin of your total portfolio❤️😘😇",3decacf0dda673ce8ed47c106f4c98ed,2026-09-07T13:23:16+00:00,2026-09-07T14:32:15.207661+00:00,962,imrranbigbull
1163940,34357,"🔘 Coin : #ORCA/USDT 🔘

🟢 LONG

🔺Entry🔻: 1.545

⭐️ ....608 - 1.638

♦️ StopLoss : 1.488

🔱 Leverage: 25x",329dff97e34bc9ce21d57fbe076ee7ff,2026-09-07T13:07:38+00:00,2026-09-07T14:32:15.233407+00:00,962,imrranbigbull
1163925,34344,"🔴 SHORT

#ATOM/USDT

Entry : 

1) 1.669
2) 1.719

...) 1.553

🛑 Stop : 1.774

Leverage : 10x (isolated)",4cc168eb203b5e81875aace148d9ebba,2026-09-07T13:07:30+00:00,2026-09-07T14:32:15.118310+00:00,962,imrranbigbull
1163909,34347,"⚡️ BTC/USDT ⚡️

🔻 SCALP LONG

💎 Leverage: 10x – 15...oss: $76595

⚠️ Trade with proper risk management.",4d0162e77848f347e061d0c97d1ac8f4,2026-09-07T13:07:30+00:00,2026-09-07T14:32:14.680974+00:00,962,imrranbigbull
1163956,34334,"🪙 Coin: #XAN/USDT
🧭 Type: #LONG

📈 Entry Zone:
0.0... within the zone and maintain strict risk control.",d5f0127db3dea847bd680b8d3891631b,2026-09-07T12:51:23+00:00,2026-09-07T14:32:15.446059+00:00,962,imrranbigbull
1163920,34335,"#XAN/USDT LONG     

👉Leverage : Cross 10× To 30×
...)  0.0205
2)  0.0210
3)  0.0220

⭕Stoploss : 0.018",ef229a870206b6c37f301f040c94617d,2026-09-07T12:51:23+00:00,2026-09-07T14:32:14.881705+00:00,962,imrranbigbull
1163949,34332,ZORAUSDT LONG NOW,7d673ed325c1cbcffa732f7228fb2435,2026-09-07T12:35:42+00:00,2026-09-07T14:32:15.201646+00:00,962,imrranbigbull
1163924,34333,"⭐️$ZORA/USDT  LONG

🛡Leverage : Cross 25x50

‼️Ent...007809

Use only 3% - 5% amount of your portfolio🛍",f9e90102a50347300cf31510362aed4d,2026-09-07T12:35:42+00:00,2026-09-07T14:32:15.119187+00:00,962,imrranbigbull
1163921,34319,"📍Coin : #AVNT/USDT

🟢 LONG 

👉 Entry: 0.1092 - 0.1...t 5: 0.1147
🎯 Target 6: 0.1158

❌ StopLoss: 0.1032",cb3849b54b4d95c00e40ecedd2dd776a,2026-09-07T12:35:27+00:00,2026-09-07T14:32:14.889106+00:00,962,imrranbigbull
1163926,34312,"🌈PAIR:- LUNA2/USDT
⚡️ Direction : LONG
🛠 Leverage:...nt Usage:- 1 - 2%
(According To your Risk Setting)",ef53d602106cfae325bba33324da2f37,2026-09-07T12:17:14+00:00,2026-09-07T14:32:15.139714+00:00,962,imrranbigbull
1163922,34313,"Coin #ZRO/USDT

Position: LONG 

Leverage:  Cross ...1.14

Targets: 🎯 1.20, 1.25, 1.32

Stop Loss: 1.11",ce4da70767e5847a7c6c003859e4acc1,2026-09-07T12:17:14+00:00,2026-09-07T14:32:14.890066+00:00,962,imrranbigbull
1163906,34314,"LUNA2 / USDT 

SHORT SHORT SHORT 

IST ENTRY AT MA...E 

TP 0.05300
TP 0.05260
TP 0.05205

15X LEVERAGE",4735d3158b005b79339ef19a179d3028,2026-09-07T12:17:14+00:00,2026-09-07T14:32:14.611554+00:00,962,imrranbigbull
1163903,34309,"🚀 #AKE/USDT LONG SIGNAL 🚀
📍 Entry: 0.01740


🎯 Tak... your risk, and let's catch this move together! 🪙🔥",e512642eb2f3e23659b1a75d0d49e661,2026-09-07T12:06:03+00:00,2026-09-07T14:32:14.544101+00:00,962,imrranbigbull
1163892,34308,AKE LONG 0.01745 TP1 0.01782,77c1056b40b11bbb1b633910b524560a,2026-09-07T12:06:03+00:00,2026-09-07T14:32:14.319735+00:00,962,imrranbigbull
1163891,34310,"🔘 Coin : #DOOD/USDT 🔘

🔴 SHORT

🔺Entry🔻: 0.002273
... 0.002091

♦️ StopLoss : 0.002361

🔱 Leverage: 25x",ef484b0e83d0b405189a72f0ca7b9bfb,2026-09-07T12:06:03+00:00,2026-09-07T14:32:14.271542+00:00,962,imrranbigbull
1163889,34305,"#SOLV/USDT BUY (LONG) 

⚡️Leverage : Cross 25x to ...04250

⚠️Use only 3% - 5% amount of your portfolio",73b367e758879932f87acdf1642978ac,2026-09-07T12:06:03+00:00,2026-09-07T14:32:14.016332+00:00,962,imrranbigbull
1163887,34303,"📊#DOOD/USDT — LONG

⚡️ Leverage : 20X – 25X

💹Entr...Entry After TP1

⚖️ Follow Proper Risk Management.",81847fecebb501e8596b8204c7ab37cb,2026-09-07T12:06:03+00:00,2026-09-07T14:32:13.645093+00:00,962,imrranbigbull
1167610,34447,"🚀 #OVER99WINS | TRADE SETUP 🚀

⭐ BR /USDT — LONG

...o

📌 Follow the setup and manage your risk wisely.",25510ebfb2958501e500bd66451d0ddd,2026-09-07T15:56:21+00:00,2026-09-07T16:21:32.317133+00:00,962,imrranbigbull
1167598,34443,"#BR USDT — BUY (LONG) 
🎉
🟢 Leverage: Cross  20x50
...Risk Management:
Use only 2%– 3%of your portfolio.",3df8f55a263de444f35a5505eb2fde37,2026-09-07T15:56:21+00:00,2026-09-07T16:21:32.206847+00:00,962,imrranbigbull
1167594,34444,"💸 LONG —MINA

Entry: 0.08045

💸 Targets: 0.08127 /...9

💸  Stop: 0.07639

💸 Move SL to entry after TP1.",2aed2a50a13bc9b82e809b423c2a350b,2026-09-07T15:56:21+00:00,2026-09-07T16:21:32.166124+00:00,962,imrranbigbull
1167591,34446,"COIN: #UAI  /USDT (SHORT) SETUP

📊 Leverage 25x to...ENT IS KEY
Use only 1–2% of your capital per trade",1e9273d7b10c03f0841f65add2c7f28e,2026-09-07T15:56:21+00:00,2026-09-07T16:21:32.113661+00:00,962,imrranbigbull
1167602,34440,"COIN: #IOST /USDT (LONG) SETUP

📊 Leverage 25x to ...ENT IS KEY
Use only 1–2% of your capital per trade",c40a36041d515b9a44c126655ecce00a,2026-09-07T15:13:37+00:00,2026-09-07T16:21:32.217165+00:00,962,imrranbigbull
1167583,34427,"🔴 Short

Pair: #KAVA/USDT

📊 Entry Price: 

1) 0.0...) 0.052823

Stop Loss: 0.060325

Leverage: 10x-20x",cadcca857dec8f76d4d326393c19752b,2026-09-07T15:02:09+00:00,2026-09-07T16:21:31.907616+00:00,962,imrranbigbull
1167593,34422,"🟢#WLD/USDT

📈Signal: long Leverage: Cross 20X

⚡️E...even after TP1 is hit.

📣Trade Smart • Follow Risk",6c2368282463d9e868953a1f1e69b7b0,2026-09-07T15:02:00+00:00,2026-09-07T16:21:32.151056+00:00,962,imrranbigbull
1167604,34420,"Long #WLD 0.4700

Tp 0.4825",4ecc6756c46df0d7531e4089013996bc,2026-09-07T15:01:55+00:00,2026-09-07T16:21:32.222243+00:00,962,imrranbigbull
1167609,34416,"COIN: #IOST /USDT (SHORT) SETUP

📊 Leverage 25x to...ENT IS KEY
Use only 1–2% of your capital per trade",9e0adbb414ca11c02bb6c6cf27086fba,2026-09-07T15:01:37+00:00,2026-09-07T16:21:32.301394+00:00,962,imrranbigbull
1167582,34413,"🚀 LONG: $PIEVERSE/USDT
LEVERAGE: 50x

✔️ENTRY PRIC...3000-1.3500-1.4700

STOP LOSS:  1.2200

REACTIONS?",3ea339eb0ab48af270643da2346e9da4,2026-09-07T15:01:36+00:00,2026-09-07T16:21:31.728865+00:00,962,imrranbigbull
1167585,34385,"✅Entry 0.1237 -0.1220

(🆘LONG CFGUSDT 5-20x🆘)

🏹 T... 5  $0.1300
🏹Target 6  $0.1313

🚫Stop loss -0.1169",6b43b031c0a5110a5f9bbbabfe43601d,2026-09-07T14:37:08+00:00,2026-09-07T16:21:31.946264+00:00,962,imrranbigbull
1167580,34384,LONG CFG 0.1240,e8330bf040ed01416e039d1710fe7b3c,2026-09-07T14:37:08+00:00,2026-09-07T16:21:31.527483+00:00,962,imrranbigbull
1169847,34457,"🚨 #FLOCK/USDT | LONG

⚡Leverage: Cross 50X

🎯Entry... follow the signal and secure profits at targets.💎",0e81f3b28a2e706cb040e8d72c790e74,2026-09-07T17:02:19+00:00,2026-09-07T17:49:14.383177+00:00,962,imrranbigbull
1169841,34455,"↗️ SHORT CALL ( BINANCE ) 

#CGPT/USDT 🥂

Signal T...17x LEVERAGE 👀

TAKE PROFIT -  0.01950 - 0.01700🔥🔥",dff4c61ea2287a89c21ec777035b9e88,2026-09-07T17:02:19+00:00,2026-09-07T17:49:14.291843+00:00,962,imrranbigbull
1169837,34453,"🚀 #DOTUSDT LONG SIGNAL 🚀
📍 Entry: 1.0882


🎯 Take ... your risk, and let's catch this move together! 🪙🔥",bb620e937e95a53434be5667fb36dae1,2026-09-07T17:02:19+00:00,2026-09-07T17:49:14.284311+00:00,962,imrranbigbull
1169829,34452,DOT LONG 1.0882 TP1 1.1105,08e7022177e8b0f5f2280732282736e9,2026-09-07T17:02:19+00:00,2026-09-07T17:49:14.041579+00:00,962,imrranbigbull
1169828,34451,"🚀 #BUSDT LONG SIGNAL 🚀
📍 Entry: 0.1840


🎯 Take Pr... your risk, and let's catch this move together! 🪙🔥",6dd224bc16bf1c93944c340902339cfc,2026-09-07T17:02:19+00:00,2026-09-07T17:49:13.793088+00:00,962,imrranbigbull
1172452,34484,"💰#BR/ USDT👑

💎Setup Type: Strong LONG  🔖Opportunit...TP ➝ 0.32000

4️⃣TP ➝ 0.40000

🚫Stop Loss: 0.24000",5bc17d135f337e7c754b65d960a65b5c,2026-09-07T18:55:42+00:00,2026-09-07T19:14:12.540877+00:00,962,imrranbigbull
1172451,34483,"🚨 NEW TRADE SIGNAL 🚨

📊 UAI/USDT — Perpetual

📞 EN...arefully.

📈 I’ll update the trade as it develops.",6ba5e9ddf6c5ad233cc648c60faa9060,2026-09-07T18:35:27+00:00,2026-09-07T19:14:12.537860+00:00,962,imrranbigbull
1172449,34481,"🚨 #SUSHI/USDT | LONG

⚡Leverage: Cross 50X

🎯Entry... follow the signal and secure profits at targets.💎",16d7e4ad40f4be225a6f4cac3e575069,2026-09-07T18:18:05+00:00,2026-09-07T19:14:12.513953+00:00,962,imrranbigbull
1180470,34610,"🔰 SAFE/USDT 🔰

🟢 LONG 20X

🔳 ENTRY :- 0.106

☑️ TARGET:- 0.110 - 0.116 - 0.124

🔴 STOP :- 0.096",26b1c1208824ef1c77aa3e8b71b15747,2026-09-08T07:07:36+00:00,2026-09-08T07:18:15.406962+00:00,962,imrranbigbull
1180469,34609,"⚡️$SAFE/USDT⚡️

LONG
Leverage: 20X

Entry: 0.106

Target:

1)0.110
2)0.116
3)0.124

Stoploss: 0.096",8dcd80e2c8f0245fd263bdcb4c075109,2026-09-08T07:07:36+00:00,2026-09-08T07:18:15.384044+00:00,962,imrranbigbull
1180478,34608,"🐳 SENT/USDT #LONG🐳

✳️ ENTRY :- 0.0148 - 0.0141

💢...0.0178

⛔️ STOP-LOSS :- 0.0138

☝️ Margin Use 2–3%",f6e7d49f8a0d79459c0857358ecd69ee,2026-09-08T06:56:15+00:00,2026-09-08T07:18:15.527370+00:00,962,imrranbigbull
1180477,34607,"🟢AERO/USDT 📈

📈 long Setup 

💰 Entry Zone: 0.6570–...et 1. 
✅ Move SL to breakeven after Target 1 hits.",05a574dcd9171505d273614e377144f8,2026-09-08T06:56:14+00:00,2026-09-08T07:18:15.525729+00:00,962,imrranbigbull
1180476,34602,"$NEAR LONG🟢 (25x Lev)

Entry- 2.80$

Targets- 2.312$- 2.340$- 2.377$- 2.415$

Stop Loss- 2.225$",b0f431648a8a5204791a43cd3f8d14ce,2026-09-08T06:56:14+00:00,2026-09-08T07:18:15.516221+00:00,962,imrranbigbull
1180475,34605,"📊#AERO/USDT–LONG–30x 🚀

📍 𝐄𝐧𝐭𝐫𝐲 𝐙𝐨𝐧𝐞:

➥ 0.668, 0....tal.

⚠️ Disclaimer:
Trade at your own risk. DYOR.",e80098dd808bcee1853060f7aee14fff,2026-09-08T06:56:14+00:00,2026-09-08T07:18:15.455439+00:00,962,imrranbigbull
1180474,34606,"$BR/USDT #LONG📩

✅ENTRY :-0.2720/0.2630

Target 1:...𝐎𝐧𝐥𝐲 𝟏-𝟑% 𝐎𝐟 𝐎𝐮𝐫 𝐃𝐞𝐩𝐨𝐬𝐢𝐭 𝐅𝐨𝐫 𝐄𝐚𝐜𝐡 𝐓𝐫𝐚𝐝𝐞

React,??m",61c21d0ba1c5b95f92877673d16757b0,2026-09-08T06:56:14+00:00,2026-09-08T07:18:15.453037+00:00,962,imrranbigbull
1180472,34603,"$BTC LONG🟢 (25x Lev)

Entry -  $78000

TP - 79000$- 80000$

SL: 77000$",497624811fbd48ff141e822113e07ab5,2026-09-08T06:56:14+00:00,2026-09-08T07:18:15.450945+00:00,962,imrranbigbull
1180471,34604,"🚀 $AERO/USDT PERP 🚀

🟢 LONG

💰 Entry : 0.665$ – 0.... 5X – 25X

⛔️ SL : 0.550$

📌 Use Only 2-5% Capital",fc2f041bba7f907f6f3cd6bda5ae7d9f,2026-09-08T06:56:14+00:00,2026-09-08T07:18:15.429680+00:00,962,imrranbigbull
1180468,34600,"🔴 SHORT

#TRX/USDT

Entry : 

1) 0.33751
2) 0.3476...31415

🛑 Stop : 0.35877

Leverage : 10x (isolated)",cd174719ba57071d8e604538e3407a93,2026-09-08T06:56:14+00:00,2026-09-08T07:18:15.374875+00:00,962,imrranbigbull
1180467,34599,"🪙 Coin: #SOLV/USDT
🧭 Type: #LONG

📈 Entry Zone:
0.... within the zone and maintain strict risk control.",464790a0335146ef8ebd48f2e08d36a2,2026-09-08T06:56:14+00:00,2026-09-08T07:18:15.269566+00:00,962,imrranbigbull
1180466,34598,"⚡ #BICO/USDT

📤 Long 

💹 Buy: 0.02283 - 0.02240

🧿...7 - 0.02421

🧨 StopLoss: 0.02174 

🔘 Leverage: 20x",e90e6bd837a65feab517407a657bd42e,2026-09-08T06:56:14+00:00,2026-09-08T07:18:15.256492+00:00,962,imrranbigbull
1180464,34596,"$WLD LONG NOW

ENTRY: 0.4980 - 0.4800

TP:- 0.52 - 0.55 - 0.59

SL:- 0.44",09787c6ef7df4ef7294249cd69bbab44,2026-09-08T06:56:14+00:00,2026-09-08T07:18:15.237508+00:00,962,imrranbigbull
1180435,34592,"📊 Let’s LONG #SOL/USDT

💥 Leverage:  Cross 20×  - ...1) 104.55
2) 105.65
3) 106.82

🔖 Stop Loss: 101.30",b52f02097db21e5e8422f5115ddb8776,2026-09-08T06:56:14+00:00,2026-09-08T07:18:04.283381+00:00,962,imrranbigbull
1180420,34594,"#SOPH/USDT SHORT     

👉Leverage : Cross 10× To 30...0.00988
2)  0.00950
3)  0.00900

⭕Stoploss : 0.105",adfd991c38b34adad4c22a96c0aff27a,2026-09-08T06:56:14+00:00,2026-09-08T07:18:04.053981+00:00,962,imrranbigbull
1180411,34593,"📊 Let’s LONG #SOLV/USDT

💥 Leverage:  Cross 20×  -...1) 0.0047
2) 0.0049
3) 0.0053

🔖 Stop Loss: 0.0043",bccb3c0af4e22778a0ab21890357c044,2026-09-08T06:56:14+00:00,2026-09-08T07:18:03.699805+00:00,962,imrranbigbull
1184263,34642,"💰#SOPH/ USDT👑

💎Setup Type: Strong LONG  🔖Opportun...➝ 0.011800

4️⃣TP ➝ 0.012900

🚫Stop Loss: 0.008500",66d16a8345045ba97f60ae80e2dd375a,2026-09-08T08:55:29+00:00,2026-09-08T09:03:16.381667+00:00,962,imrranbigbull
1184259,34643,"BICO/USDT 

SHORT SHORT SHORT 

OPEN MARKET PRICE ...2500
TP 0.022300
TP 0.022100

SL 0.026400

LEV 15X",18bf302d3b035f9eb618055881ea091b,2026-09-08T08:55:29+00:00,2026-09-08T09:03:16.308055+00:00,962,imrranbigbull
1184255,34645,"🚀 #OVER99WINS | TRADE SETUP 🚀

⭐ SOPH /USDT — LONG...o

📌 Follow the setup and manage your risk wisely.",82f043a0c34bfff235aa19ecb8a72a2d,2026-09-08T08:55:29+00:00,2026-09-08T09:03:16.277013+00:00,962,imrranbigbull
1184264,34639,"✅ Long

#BCH/USDT

Entry zone : 247.61 - 255.27

T...
279.39
287.01

Stop loss :237.4011

Leverage: 10x",80275fd6b56b43510abe23486cc62875,2026-09-08T08:35:13+00:00,2026-09-08T09:03:16.393236+00:00,962,imrranbigbull
1184258,34638,"🔰 PAIR: SOL/ USDT 💹

🟢Position: LONG🚀

☑️ Entry Zo...:
🥇 103.10
🥈 103.39
🥉 103.66

❌ Stop Loss: 🔴101.80",d60a4b7864d14c425ba3d0ed7bbc858b,2026-09-08T08:35:13+00:00,2026-09-08T09:03:16.294734+00:00,962,imrranbigbull
1184253,34627,"🟢#1000CAT/USDT

📈Signal: long Leverage: Cross 20X
...even after TP1 is hit.

📣Trade Smart • Follow Risk",a4e82516159c3d1598e0d9471f3ef8b5,2026-09-08T08:09:52+00:00,2026-09-08T09:03:16.280307+00:00,962,imrranbigbull
1184254,34628,"📊 Let’s LONG #SOPH /USDT

💥 Leverage:  Cross 20×  ... 0.0105
2) 0.0110
3) 0.0120

🔖 Stop Loss: 0.009380",a4c4481323d9402f509c83a4a8e5fe71,2026-09-08T08:09:52+00:00,2026-09-08T09:03:16.278562+00:00,962,imrranbigbull
1184242,34623,"🟢COIN: #SOPH /USDT (LONG)

📊 Leverage 25x to 50x

...ENT IS KEY
Use only 1–2% of your capital per trade",9f950d7dc90f80592a5a4685a8437c32,2026-09-08T08:03:30+00:00,2026-09-08T09:03:15.719035+00:00,962,imrranbigbull
1184260,34622,"🚨 #FLOCK/USDT | LONG

⚡Leverage: Cross 50x

🎯Entry... — follow the sign and secure profits at targets.💎",9dc2ca9320f782852732014ba38cbf8c,2026-09-08T08:03:29+00:00,2026-09-08T09:03:16.354596+00:00,962,imrranbigbull
1184257,34619,"🚀 LONG: $USELESS/USDT🚀
LEVERAGE: 20X-50X

🤍 ENTRY ...60- 0.2780
—————

❌ STOP LOSS: 0.2030❌


REACTIONS",154dd8ac7267710d6affc724f5b40118,2026-09-08T08:03:29+00:00,2026-09-08T09:03:16.290442+00:00,962,imrranbigbull
1184251,34620,"#USELESS/USDT LONG     

👉Leverage : Cross 10× To ...

1)  0.240
2)  0.256
3)  0.278

⭕Stoploss : 0.215",929bda7b6705e69f9d4f0ceeca4ca8c7,2026-09-08T08:03:29+00:00,2026-09-08T09:03:16.277606+00:00,962,imrranbigbull
1184248,34616,"🚨 #USELESS/USDT — LONG SETUP

📍 Entry Zone: 0.215 ...ou can afford to lose.

🔥 Trade Safe. Trade Smart.",562b75877780b1c80c254df1e134a8b5,2026-09-08T08:03:29+00:00,2026-09-08T09:03:16.233003+00:00,962,imrranbigbull
1184246,34621,"🚨 #SOPH/USDT | LONG

⚡Leverage: Cross 50x

🎯Entry ... follow the signal and secure profits at targets.💎",f858ed14c5ae7858f4b973e14c154c15,2026-09-08T08:03:29+00:00,2026-09-08T09:03:16.205019+00:00,962,imrranbigbull
1184244,34614,"🟢#SOPH/USDT

📈Signal: long Leverage: Cross 20X

⚡️...even after TP1 is hit.

📣Trade Smart • Follow Risk",af771b04c9351b9f49beb5f66ced1129,2026-09-08T08:03:29+00:00,2026-09-08T09:03:16.016476+00:00,962,imrranbigbull
1184240,34618,"Coin #AKE/USDT

Position: LONG 

Leverage:  Cross ...rgets: 🎯 0.0188, 0.0194, 0.0203

Stop Loss: 0.0170",7ad761cdd69d1aefec43cb77fbb950fa,2026-09-08T08:03:29+00:00,2026-09-08T09:03:15.699925+00:00,962,imrranbigbull
1184239,34617,"Coin #SOPH/USDT

Position: LONG 

Leverage:  Cross...rgets: 🎯 0.0108, 0.0114, 0.0122

Stop Loss: 0.0096",bdf5d696d8f9aabbeadbbd18a004581d,2026-09-08T08:03:29+00:00,2026-09-08T09:03:15.681838+00:00,962,imrranbigbull
1184245,34613,"🟢#FORM/USDT

📈Signal: long Leverage: Cross 20X

⚡️...even after TP1 is hit.

📣Trade Smart • Follow Risk",d7b52b8a29660bb62df2041d0a22d9e1,2026-09-08T08:03:16+00:00,2026-09-08T09:03:16.095557+00:00,962,imrranbigbull
1187558,34659,"🔴 Short

Pair: #VET/USDT

📊 Entry Price: 

1) 0.00...) 0.007186

Stop Loss: 0.008207

Leverage: 10x-20x",01b0c40405f86ec6112fd3f949c8ead1,2026-09-08T10:05:14+00:00,2026-09-08T10:40:06.961617+00:00,962,imrranbigbull
1187554,34660,"✨TAO/USDT

🎗 Trade Type = LONG 🟢

⭐️ Leverage :- 2...[ 258.14, 260.59, 263.33, 265.79, 269.19, 272.08 ]",72cbc34dd99a49d0b51ea5bfb5fce89f,2026-09-08T10:05:14+00:00,2026-09-08T10:40:06.925624+00:00,962,imrranbigbull
1187556,34656,"📊 #ON/USDT

🟢 POSITION: LONG

💰 ENTRY RANGE
➤ 0.19...
➤ 0.170

━━━━━━━━━━━━━━━━━━

✅ Manage risk wisely",c9240ad7dd0e67b4f029cb793c881272,2026-09-08T09:59:05+00:00,2026-09-08T10:40:06.933128+00:00,962,imrranbigbull
1187563,34650,"⭐️$IOST/USDT  LONG

🛡Leverage : Cross 25x50

‼️Ent...008486

Use only 3% - 5% amount of your portfolio🛍",483c31e96d8aab0264adf8f189341fcc,2026-09-08T09:59:04+00:00,2026-09-08T10:40:07.003633+00:00,962,imrranbigbull
1187562,34655,"$ATOM

LONG | Entry: 1.654
TP1: 1.701
TP2: 1.762
TP3: 1.825
SL: 1.597",e933cb6bf2c9d47c0f595c34aed5d402,2026-09-08T09:59:04+00:00,2026-09-08T10:40:07.002577+00:00,962,imrranbigbull
1187560,34649,IOSTUSDT LONG NOW,cd9fa5befd256cfca5a75831e938068b,2026-09-08T09:59:04+00:00,2026-09-08T10:40:06.987742+00:00,962,imrranbigbull
1187559,34652,"⭐️$BTR/USDT  LONG

🛡Leverage : Cross 25x50

‼️Entr....04664

Use only 3% - 5% amount of your portfolio🛍",3bec9a87947613cd2ac2c282d63fa8ef,2026-09-08T09:59:04+00:00,2026-09-08T10:40:06.986725+00:00,962,imrranbigbull
1187557,34651,BTRUSDT LONG NOW,bb5b5b885c596b1d0121d18ff069f372,2026-09-08T09:59:04+00:00,2026-09-08T10:40:06.953140+00:00,962,imrranbigbull
1187555,34653,"#SOPH USDT — BUY (LONG) 
🎉
🟢 Leverage: Cross  50x7...Risk Management:
Use only 2%– 3%of your portfolio.",63a082d32c183342c6d055fa8d874a02,2026-09-08T09:59:04+00:00,2026-09-08T10:40:06.924889+00:00,962,imrranbigbull
1189420,34678,"🚀 #OVER99WINS | TRADE SETUP 🚀

⭐ CROSS /USDT — LON...o

📌 Follow the setup and manage your risk wisely.",62b1a0aee3bebbb68de14a8be8fa7afd,2026-09-08T12:12:23+00:00,2026-09-08T12:13:58.567446+00:00,962,imrranbigbull
1189426,34675,"Coin #USELESS/USDT

Position: LONG 

Leverage:  Cr...rgets: 🎯 0.2510, 0.2780, 0.3200

Stop Loss: 0.2150",fd905af4d55ab0480d3f740fdf20ed57,2026-09-08T11:39:09+00:00,2026-09-08T12:13:58.609347+00:00,962,imrranbigbull
1189422,34674,"🚩 SHORT #ON/USDT

⚙️ 50X LEVERAGE

🛡 Entry: 0.2064...TP2: 0.1960
TP3: 0.1860

🛑 SL: 0.2300

🔥REACTIONS?",11ac8a12c558a9d15fb3d909d7e26b44,2026-09-08T11:39:09+00:00,2026-09-08T12:13:58.590959+00:00,962,imrranbigbull
1189421,34677,"🚩 SHORT #ACE/USDT

⚙️ 20X LEVERAGE

🛡 Entry: 0.169...2: 0.16000
TP3: 0.15000

🛑 SL: 0.2300

🔥REACTIONS?",f5294175fc872c9fbeeaba7021aefd57,2026-09-08T11:39:09+00:00,2026-09-08T12:13:58.587237+00:00,962,imrranbigbull
1189417,34676,"🟢 Long

#ZRX/USDT

Entry : 

1) 0.0992
2) 0.0962

...0.1059

🛑 Stop : 0.0929

Leverage : 10x (isolated)",70e5a0ed8f6f2904a9f8878e40b900f0,2026-09-08T11:39:09+00:00,2026-09-08T12:13:58.543298+00:00,962,imrranbigbull
1189419,34666,"🚨 #USELESS/USDT | SHORT

⚡Leverage: Cross 50x

🎯En... follow the signal and secure profits at targets.💎",ae9aeae95ce00f709405b5ea27b66eb1,2026-09-08T10:43:55+00:00,2026-09-08T12:13:58.558224+00:00,962,imrranbigbull
1189418,34667,"🌹 #XPL/USDT

🟢 LONG

✅ Entry: 0.09965- 0.09823

❌ ...l advice.
💰 Stay disciplined. Protect your capital",5c9c2b0fcbf9c732850b0033e786a345,2026-09-08T10:43:55+00:00,2026-09-08T12:13:58.555935+00:00,962,imrranbigbull
1189425,34664,"#XPL/USDT

LONG LONG LONG 

OPEN MARKET PRICE 

TP...50
TP 0.10650
TP 0.10800

SL 0.09510

Leverage 25X",08393aba3e8b1223fb6183d9425e222f,2026-09-08T10:43:54+00:00,2026-09-08T12:13:58.597815+00:00,962,imrranbigbull
1189415,34663,"📊#VET/USDT — LONG

⚡️ Leverage : 20X – 35X

💹Entry...Entry After TP1

⚖️ Follow Proper Risk Management.",a06dd4fb911de4e272701259c6f646ab,2026-09-08T10:43:54+00:00,2026-09-08T12:13:58.456981+00:00,962,imrranbigbull
1192309,34688,"SOL/USDT My Long Trade Idea 💡

Leverage 100X

Entr....500

Stop Loss   102.300

Follow Money Management",638f8c9df4fbb77ae5cfea3453f3e4f9,2026-09-08T12:53:30+00:00,2026-09-08T13:37:52.571740+00:00,962,imrranbigbull
1192310,34686,"🚨 #USELESS/USDT | SHORT

⚡Leverage: Cross 50x

🎯En... follow the signal and secure profits at targets.💎",5f4e0ec37d0d23e910f3c8c815f010e7,2026-09-08T12:29:37+00:00,2026-09-08T13:37:52.585413+00:00,962,imrranbigbull
1192308,34683,"🟢#VVV/USDT

📈Signal: long Leverage: Cross 20X

⚡️E...even after TP1 is hit.

📣Trade Smart • Follow Risk",d755d163c291376c1251bfcc228ab4ae,2026-09-08T12:25:21+00:00,2026-09-08T13:37:52.565083+00:00,962,imrranbigbull
1192306,34684,BICO LONG 0.02475 tp1 0.02530,4378d9e942e2538b2cccb2bdc98e9f74,2026-09-08T12:25:21+00:00,2026-09-08T13:37:52.560677+00:00,962,imrranbigbull
1192305,34685,"🚀 #BICOUSDT LONG SIGNAL 🚀
📍 Entry: 0.02475


🎯 Tak... your risk, and let's catch this move together! 🪙🔥",5742031480c613350992b54c39358763,2026-09-08T12:25:21+00:00,2026-09-08T13:37:52.559862+00:00,962,imrranbigbull
1194842,34754,"#VET buy setup long 

Tp 0.0080$-0.0085$-0.01-0.012-0.016$ 

Stop lose 0.0072$ 

Use 5X",76b30c16b14ad2e4c0576a451ecf501d,2026-09-08T14:56:46+00:00,2026-09-08T15:06:35.178872+00:00,962,imrranbigbull
1194836,34753,"#SCR/USDT BUY (LONG) 

⚡️Leverage : Cross 25x to 5...02330

⚠️Use only 3% - 5% amount of your portfolio",c420025546c6feb5c2df0d8d63b2d9bd,2026-09-08T14:56:46+00:00,2026-09-08T15:06:35.148173+00:00,962,imrranbigbull
1194847,34750,"🟢#FLOCK/USDT

📈Signal: long Leverage: Cross 20X

⚡...even after TP1 is hit.

📣Trade Smart • Follow Risk",1fbba236c256dda308a9289583208a9c,2026-09-08T14:53:50+00:00,2026-09-08T15:06:35.277892+00:00,962,imrranbigbull
1194850,34746,AKE LONG 0.01975 TP1 0.02017,797727eb58398722e107a0ffb4f5094f,2026-09-08T14:27:39+00:00,2026-09-08T15:06:35.353703+00:00,962,imrranbigbull
1194841,34747,"🚀 #AKEUSDT LONG SIGNAL 🚀
📍 Entry: 0.01975


🎯 Take... your risk, and let's catch this move together! 🪙🔥",812bbd2204d0d5e93628aa3d818d2689,2026-09-08T14:27:39+00:00,2026-09-08T15:06:35.172261+00:00,962,imrranbigbull
1194837,34748,"🔴SHORT  #BTCUSDT

🔶 Entry : 78300 - 78400

➡️ Leve...ake Profit Targets :

👉 77300

🛑 Stop Loss : 79500",ea6f2ec4256ae0c6dfad5b1d7400de46,2026-09-08T14:27:39+00:00,2026-09-08T15:06:35.156331+00:00,962,imrranbigbull
1194854,34745,"#WLD $WLD LONG TRADE

ENTRY: 0.47

TARGET: 0.51

STOPLOSS: 0.4562",2f6f2c577ce4f26b9a441f54cc89f4f0,2026-09-08T14:17:08+00:00,2026-09-08T15:06:35.376021+00:00,962,imrranbigbull
1194839,34743,"🚀 #MEGAUSDT LONG SIGNAL 🚀
📍 Entry: 0.04210


🎯 Tak... your risk, and let's catch this move together! 🪙🔥",d66235661dbcf31b41bfa2ffa936c4fc,2026-09-08T14:17:08+00:00,2026-09-08T15:06:35.163795+00:00,962,imrranbigbull
1194838,34744,"EXCHANGE/BYBIT/BITUNIX/OKX📌 


DAY TRADE 🏆

LONG/H...agement 🏆


Use only 5% of your 📈Available balance",5667c32ed326163e05727fb94bd0ef05,2026-09-08T14:17:08+00:00,2026-09-08T15:06:35.162963+00:00,962,imrranbigbull
1194851,34741,"#SHORT 🔴 🔤🔤🔤🔤🔤

#DOGE/USDT 

Margin Mode : Isolate...32

🟩 SL : 0.09206 - 100%

📊 LEV : 20X

🇯🇵 Premium",42ade274659390e05ee7944da36c9edd,2026-09-08T13:50:37+00:00,2026-09-08T15:06:35.351951+00:00,962,imrranbigbull
1194849,34740,"✅ Long

Pair: #NEO/USDT

📊 Entry Price: 

1) 2.160....262
4) 2.307

Stop Loss: 2.023

Leverage: 10x-20x",0292e0c3540914601366ffe866ce8d6b,2026-09-08T13:50:37+00:00,2026-09-08T15:06:35.315309+00:00,962,imrranbigbull
1194823,34739,"ETH/USD SELL 

Entry : $ 2456.53

Target1: $  2431
Target2: $  2392
Target3: $  2354


SL : $ 2494",b28d3f7e626e25f3b36adc528de1a78b,2026-09-08T13:50:37+00:00,2026-09-08T15:06:34.868069+00:00,962,imrranbigbull
1197807,34826,"💰#SOPH/ USDT👑

💎Setup Type: Strong SHORT  🔖Opportu...➝ 0.005300

4️⃣TP ➝ 0.004000

🚫Stop Loss: 0.007500",5083a42f0448d225c61ab08b0c02f2d7,2026-09-08T16:30:47+00:00,2026-09-08T16:33:49.068329+00:00,962,imrranbigbull
1197804,34827,"ETH/USD SELL 

Entry : $ 2491.36

Target1: $  2469
Target2: $  2442
Target3: $  2414


SL : $ 2520",1b481bf37c2bdd04a572129a1fc9d3d6,2026-09-08T16:30:47+00:00,2026-09-08T16:33:48.973486+00:00,962,imrranbigbull
1197797,34828,"ADA/USD SELL 

Entry : $ 0.22657

Target1: $  0.22...2: $  0.21596
Target3: $  0.20810


SL : $ 0.23467",0db37ffc9d542660f4ca178643eaeb99,2026-09-08T16:30:47+00:00,2026-09-08T16:33:48.876564+00:00,962,imrranbigbull
1197785,34825,"#SOL

After the nearest high is broken, a shift in...gets: 104.57 / 105.88 / 110.21
📉 Stop Loss: 100.11",cd2f58f8b940813a180c2aa1c0f879c0,2026-09-08T16:30:47+00:00,2026-09-08T16:33:48.651313+00:00,962,imrranbigbull
1197806,34824,"🔴 Short

Pair: #ATOM/USDT

📊 Entry Price: 

1) 1.7....702
4) 1.664

Stop Loss: 1.900

Leverage: 10x-20x",f6e6cb0cbd004f5b1cb89b18d1843899,2026-09-08T16:22:13+00:00,2026-09-08T16:33:49.027499+00:00,962,imrranbigbull
1197802,34822,"$INJ LONG🟢 (25x Lev)

Entry- 6.40$

Targets- 6.493$- 6.567$- 6.672$- 

Stop Loss- 6.175$",1e7bed57d5def32f86be56877a546a0c,2026-09-08T16:17:39+00:00,2026-09-08T16:33:48.967377+00:00,962,imrranbigbull
1197801,34821,"🚨 #VVV/USDT | LONG

⚡Leverage: Cross 50x

🎯Entry T... follow the signal and secure profits at targets.💎",2cb9b3a7e7181016dd95ac0d9e278cfc,2026-09-08T16:17:39+00:00,2026-09-08T16:33:48.897675+00:00,962,imrranbigbull
1197792,34820,"💰#EPIC/ USDT👑

💎Setup Type: Strong LONG  🔖Opportun...

🥉TP ➝ 0.5000

4️⃣TP ➝ 0.7500

🚫Stop Loss: 0.2700",feac76989618d1a3284df6ad8c5fc40e,2026-09-08T16:17:39+00:00,2026-09-08T16:33:48.801303+00:00,962,imrranbigbull
1197798,34819,"#USELESS /USDT BUY (LONG) 

⚡️Leverage : Cross 25x....2800

⚠️Use only 3% - 5% amount of your portfolio",630f4cdb7b90f547e8fd50a772ac8550,2026-09-08T16:15:02+00:00,2026-09-08T16:33:48.880853+00:00,962,imrranbigbull
1197796,34817,"🟢COIN: #USELESS  /USDT (LONG)

📊 Leverage 25x to 5...ENT IS KEY
Use only 1–2% of your capital per trade",84664e01b4fc499de60dffe4ce6a9597,2026-09-08T16:15:02+00:00,2026-09-08T16:33:48.874014+00:00,962,imrranbigbull
1197783,34813,"📊 Let’s LONG #USELESS /USDT

💥 Leverage:  Cross 20...1) 0.3070
2) 0.3180
3) 0.3400

🔖 Stop Loss: 0.2800",9bbbe4afae3c4780070a1de8d8074d3e,2026-09-08T16:15:02+00:00,2026-09-08T16:33:48.706826+00:00,962,imrranbigbull
1197774,34815,"💰#KAITO/ USDT👑

💎Setup Type: Strong LONG  🔖Opportu...

🥉TP ➝ 0.4000

4️⃣TP ➝ 0.5000

🚫Stop Loss: 0.2900",243684d7c15f8f20c16ef455c820063a,2026-09-08T16:15:02+00:00,2026-09-08T16:33:48.608822+00:00,962,imrranbigbull
1197795,34808,AKE LONG 0.01972 TP1 0.02013,cda2872bd1b47fd7f2588d66b58ba2ac,2026-09-08T16:05:03+00:00,2026-09-08T16:33:48.867726+00:00,962,imrranbigbull
1197793,34806,LONG AERO 0.64367,9bf24c2e736597dd6f3c5c01a06436ee,2026-09-08T16:05:03+00:00,2026-09-08T16:33:48.857804+00:00,962,imrranbigbull
1197789,34809,"🚀 #AKEUSDT LONG SIGNAL 🚀
📍 Entry: 0.01972


🎯 Take... your risk, and let's catch this move together! 🪙🔥",a62eaf78ee06fcb00aeed526d7c17a2b,2026-09-08T16:05:03+00:00,2026-09-08T16:33:48.785118+00:00,962,imrranbigbull
1197779,34807,"✅Entry 0.6417 -0.6320

(🆘LONG AEROUSDT 5-20x🆘)

🏹 ... 5  $0.6803
🏹Target 6  $0.6900

🚫Stop loss -0.6058",fd9b94cf96ff53ae8188432612acf6e3,2026-09-08T16:05:03+00:00,2026-09-08T16:33:48.618214+00:00,962,imrranbigbull
1197773,34810,"🔴 SHORT

#ETC/USDT

Entry : 

1) 8.739
2) 9.001

T...) 8.134

🛑 Stop : 9.289

Leverage : 10x (isolated)",35c1df28b1aac9da882b547546e6f518,2026-09-08T16:05:03+00:00,2026-09-08T16:33:48.600411+00:00,962,imrranbigbull
1197765,34782,"📈 LONG #FORM/USDT

🚀 LEVERAGE : 50x

📊 ENTRY PRICE...

TP🟢0.330

TP🟢0.350

STOPLOSS 🔴0.290


REACTIONS?",7209223dce21df370272d47901a82a61,2026-09-08T15:43:40+00:00,2026-09-08T16:33:48.514989+00:00,962,imrranbigbull
1197770,34780,"🚀 LONG: $FORM/USDT
LEVERAGE: 50x

✔️ENTRY PRICE: 0...3180-0.3310-0.3600

STOP LOSS:  0.2925

REACTIONS?",9bc702500e655ece5fa977f5e88b02eb,2026-09-08T15:43:39+00:00,2026-09-08T16:33:48.598354+00:00,962,imrranbigbull
1197763,34779,"#SOPH USDT — SELL (SHORT) 
🎉
🟢 Leverage: Cross  50...Risk Management:
Use only 2%– 3%of your portfolio.",28cccd5326a409bae402cf01ff453cb7,2026-09-08T15:43:39+00:00,2026-09-08T16:33:48.505573+00:00,962,imrranbigbull
1197775,34775,"🔴 SHORT

#ADA/USDT

Entry zone : 0.23545 - 0.22860....20676
0.19987

Stop loss :0.244602

Leverage: 10x",69cba36ed5bea87e83911f509b93a798,2026-09-08T15:33:56+00:00,2026-09-08T16:33:48.624238+00:00,962,imrranbigbull
1197756,34761,"⭐️$SOPH/USDT  SHORT

🛡Leverage : Cross 25x50

‼️En...009351

Use only 3% - 5% amount of your portfolio🛍",1cc2d02676261e1e75e6d144590fcac0,2026-09-08T15:33:32+00:00,2026-09-08T16:33:47.999081+00:00,962,imrranbigbull
1197755,34760,SOPHUSDT SHORT NOW,53ed0e1333eddd4968f5848cea7fc141,2026-09-08T15:33:32+00:00,2026-09-08T16:33:47.755852+00:00,962,imrranbigbull
1203279,34850,"🔰 PAIR: XRP/ USDT 💹

🟢Position: LONG🚀

☑️ Entry Zo...:
🥇 1.4351
🥈 1.4472
🥉 1.4727

❌ Stop Loss: 🔴1.4007",bdf981fbd2fec28f5c734b78aae76864,2026-09-08T19:19:31+00:00,2026-09-08T19:20:38.848627+00:00,962,imrranbigbull
1203278,34852,"💫 Pair: ZEC/USDT  💫

🔼 Direction: Long 🔼

✅ Levera...ke Profit: 1250.00 📈

⚠️ Stop Loss: 1145.00 ⚠️

📈📈",fd2ec6eab605580fc0923f6be72b4256,2026-09-08T19:19:31+00:00,2026-09-08T19:20:38.847872+00:00,962,imrranbigbull
1203275,34847,"$ETCUSDT

LONG

RR : 2

LEVERAGE : 25x

ENTRY : 8.750

TAKE PROFITS 👇

1️⃣ 9.136

STOPLOSS : 8.561",2896f23036f09b3d12b0e8e67f27bca2,2026-09-08T19:19:31+00:00,2026-09-08T19:20:38.834016+00:00,962,imrranbigbull
1203274,34851,"⚡️⚡️#EPIC/USDT⚡️⚡️

Signal Type : Long
Leverage : ...
1) 0.3913
2) 0.4063
3) 0.4211

Stop Loss : 0.3701",203cb4bac81f2f239cdbe26d4aeaa1fb,2026-09-08T19:19:31+00:00,2026-09-08T19:20:38.803116+00:00,962,imrranbigbull
1203276,34845,"Pair: #BNB/USDT

Long • (10X-50X)

Entry
753.00

T...t your own risk. Always use proper risk management",c3f425b09496e47a8131878e80fbc91d,2026-09-08T19:19:30+00:00,2026-09-08T19:20:38.845795+00:00,962,imrranbigbull
1201534,34833,"🚨 #SOPH/USDT | SHORT

⚡Leverage: Cross 50x

🎯Entry... follow the signal and secure profits at targets.💎",e9d27d82d3661a9e920fc356245f0e6c,2026-09-08T16:58:04+00:00,2026-09-08T18:03:19.006446+00:00,962,imrranbigbull
1201533,34832,"📊 Let’s LONG #USELESS/USDT

💥 Leverage:  Cross 20×...s: 

1) 0.302
2) 0.313
3) 0.330

🔖 Stop Loss: 0.27",1941e0c8f37976d3b9f36150d8a8a90f,2026-09-08T16:58:04+00:00,2026-09-08T18:03:18.963766+00:00,962,imrranbigbull
1201529,34831,"🟢COIN: #USELESS  /USDT (LONG)

📊 Leverage 25x to 5...ENT IS KEY
Use only 1–2% of your capital per trade",e01db7d0f839292228d2c523f619fac0,2026-09-08T16:58:04+00:00,2026-09-08T18:03:18.754892+00:00,962,imrranbigbull
1201527,34829,"📊 Let’s SHORT #SOPH /USDT

💥 Leverage:  Cross 20× ....00630
2) 0.00600
3) 0.00530

🔖 Stop Loss: 0.00700",9c2a2fea5fe184b88c6aa68131697710,2026-09-08T16:34:38+00:00,2026-09-08T18:03:18.611124+00:00,962,imrranbigbull
1213236,35042,"📍Coin : #DOT/USDT

🔴 SHORT 

👉 Entry: 1.1820 - 1.2...t 5: 1.1250
🎯 Target 6: 1.1105

❌ StopLoss: 1.2490",68ea2c8db9456b6b5029730f6507c475,2026-09-09T07:01:14+00:00,2026-09-09T07:05:12.373621+00:00,962,imrranbigbull
1213235,35040,LIT LONG 5.2155 TP1 5.3245,f39dc0bbdb647c929b242c968a468493,2026-09-09T06:34:16+00:00,2026-09-09T07:05:12.369700+00:00,962,imrranbigbull
1213232,35041,"🚀 #LITUSDT LONG SIGNAL 🚀

📌 ENTRY ➜ 5.2100

🎯 TAKE...ch this move together!

💱 Trade Smart • Trade Safe",e8fadb0042b3fadbd1862b4755eb319d,2026-09-09T06:34:16+00:00,2026-09-09T07:05:12.327449+00:00,962,imrranbigbull
1213223,35036,"📊 #USELESS/USDT

🟢 POSITION: LONG

💰 ENTRY RANGE
➤...
➤ 0.240

━━━━━━━━━━━━━━━━━━

✅ Manage risk wisely",b09f51c77e9d1a802edbc160058961d5,2026-09-09T06:17:51+00:00,2026-09-09T07:04:59.852485+00:00,962,imrranbigbull
1213217,35030,"🚀 #OVER99WINS | TRADE SETUP 🚀

⭐ LIT /USDT — LONG
...o

📌 Follow the setup and manage your risk wisely.",366c4026d43441f6a6130c8a6f634d86,2026-09-09T06:17:43+00:00,2026-09-09T07:04:59.676430+00:00,962,imrranbigbull
1213201,35029,"📊 Let’s LONG #LIT/USDT

💥 Leverage:  Cross 20×  - ...1) 5.3785
2) 5.5650
3) 5.7520

🔖 Stop Loss: 4.9045",34061fdd1ee8995b05c7b17fec7c22f7,2026-09-09T06:17:43+00:00,2026-09-09T07:04:59.650894+00:00,962,imrranbigbull
1213227,35026,"🟢CATI/USDT 📈

📈 long Setup 

💰 Entry Zone: 0.0634–...et 1. 
✅ Move SL to breakeven after Target 1 hits.",1a7b08794f0da467a5add8eb42f6f449,2026-09-09T06:17:34+00:00,2026-09-09T07:04:59.899261+00:00,962,imrranbigbull
1213225,35027,"🪙 Coin: #FF/USDT
🧭 Type: #LONG

📈 Entry Zone:
0.15... within the zone and maintain strict risk control.",a70f433ee612e963f79b78338c2f2b9d,2026-09-09T06:17:34+00:00,2026-09-09T07:04:59.868322+00:00,962,imrranbigbull
1213214,35023,"$KAT/USDT now at current market price (Spot + Futu...$0.0062
2. $0.0065
3. $0.0067

Stop loss : $0.0054",f1f29d80264ecb8fde309af2b8b00070,2026-09-09T06:17:34+00:00,2026-09-09T07:04:59.688206+00:00,962,imrranbigbull
1213220,35019,"$KAT/USDT #LONG📩

✅ENTRY :-0.0060/0.005750

Target...𝐎𝐧𝐥𝐲 𝟏-𝟑% 𝐎𝐟 𝐎𝐮𝐫 𝐃𝐞𝐩𝐨𝐬𝐢𝐭 𝐅𝐨𝐫 𝐄𝐚𝐜𝐡 𝐓𝐫𝐚𝐝𝐞

React,??m",4aa3fe41d1eb57e773bf99b2ecae8d34,2026-09-09T06:17:26+00:00,2026-09-09T07:04:59.771286+00:00,962,imrranbigbull
1213218,35017,"Coin #SKR/USDT

Position: LONG 

Leverage:  Cross ...rgets: 🎯 0.0251, 0.0286, 0.0319

Stop Loss: 0.0202",3f964ee6c0050eb4112449bc0bd5948f,2026-09-09T06:17:26+00:00,2026-09-09T07:04:59.728497+00:00,962,imrranbigbull
1213213,35021,"🔰 VVV/USDT 🔰

🟢 LONG 20X

🔳 ENTRY :- 26.80

☑️ TARGET:- 27.50 - 28.70- 31.00

🔴 STOP :- 23.70",3974e3bf3f56c5e7e0bf7e66da08d95f,2026-09-09T06:17:26+00:00,2026-09-09T07:04:59.702274+00:00,962,imrranbigbull
1213207,35020,"🟢 Long

#THETA/USDT

Entry : 

1) 0.1773
2) 0.1719...0.1894

🛑 Stop : 0.1661

Leverage : 10x (isolated)",0f18baed1f117db213d624ad54956818,2026-09-09T06:17:26+00:00,2026-09-09T07:04:59.668706+00:00,962,imrranbigbull
1213212,35015,"✅ Long

Pair: #ZIL/USDT

📊 Entry Price: 

1) 0.002...0.0030599

Stop Loss: 0.0026835

Leverage: 10x-20x",babec39b2ae80cc19f47d31fbaed4706,2026-09-09T06:17:18+00:00,2026-09-09T07:04:59.692350+00:00,962,imrranbigbull
1213200,35016,"🚀 $LIT/USDT PERP 🚀

🟢 LONG

💰 Entry : 5.03$ – 4.80...: 5X – 25X

⛔️ SL : 4.35$

📌 Use Only 2-5% Capital",b805282f609bbde6a63b79aff9a22479,2026-09-09T06:17:18+00:00,2026-09-09T07:04:59.637212+00:00,962,imrranbigbull
1213215,35014,"⌛#SUI/USDT  ( SHORT )

🍁 Leverage 👉 20X to 25X 

⛩...34 | 0.7763 | 0.7654 | 0.7564

🔕 Stoploss = 0.8299",06705001f3f8e9c2a1ce68051b303c7a,2026-09-09T06:17:17+00:00,2026-09-09T07:04:59.686296+00:00,962,imrranbigbull
1213194,35010,"⚡️$VVV/USDT⚡️

LONG
Leverage: 20X

Entry: 26.80

Target:

1)27.50
2)28.70
3)31.00

Stoploss: 23.70",039358edd671a7812132a8385a42b639,2026-09-09T06:17:10+00:00,2026-09-09T07:04:59.605860+00:00,962,imrranbigbull
1213175,35009,"🐳 BTR/USDT #LONG🐳

✳️ ENTRY :- 0.05170 - 0.05000

...: 0.060

⛔️ STOP-LOSS :- 0.047

☝️ Margin Use 2–3%",571727bfc82d18a1b2156be39df58c6f,2026-09-09T06:17:10+00:00,2026-09-09T07:04:59.418298+00:00,962,imrranbigbull
1213192,35004,"#MARSCOIN/USDT LONG     

👉Leverage : Cross 10× To...

1)  0.135
2)  0.139
3)  0.145

⭕Stoploss : 0.126",6d0f1b1457dd95d233405b6234a2c734,2026-09-09T06:17:09+00:00,2026-09-09T07:04:59.583157+00:00,962,imrranbigbull
1213173,35002,"✅ Long

#IOST/USDT

Entry zone : 0.00080694 - 0.00...
0.00093534

Stop loss :0.000773667

Leverage: 10x",551734e3dee410edcc40dd6b286039c0,2026-09-09T06:17:00+00:00,2026-09-09T07:04:59.388728+00:00,962,imrranbigbull
1213199,34995,"#GPSUSDT — BUY (LONG) 
🎉
🟢 Leverage: Cross  20x50
...Risk Management:
Use only 2%– 3%of your portfolio.",3ae70757d0c416bd80c692c737e9936e,2026-09-09T06:16:59+00:00,2026-09-09T07:04:59.634646+00:00,962,imrranbigbull
1213198,34996,"#MAGMAUSDT — BUY (LONG) 
🎉
🟢 Leverage: Cross  25x7...Risk Management:
Use only 2%– 3%of your portfolio.",07471ae1821452304aecdfa676f3be7d,2026-09-09T06:16:59+00:00,2026-09-09T07:04:59.612303+00:00,962,imrranbigbull
1213163,35001,"🔴 SHORT

#ZRX/USDT

Entry zone : 0.1084 - 0.1053

...
0.0952
0.0920

Stop loss :0.112671

Leverage: 10x",8f846f042f1d77e76cfab4d2ba99439c,2026-09-09T06:16:59+00:00,2026-09-09T07:04:59.364948+00:00,962,imrranbigbull
1213166,34994,"🟢#IOST/USDT

📈Signal: long Leverage: Cross 20X

⚡️...even after TP1 is hit.

📣Trade Smart • Follow Risk",610eddc347ff650ace42276185e0965c,2026-09-09T06:16:48+00:00,2026-09-09T07:04:59.371480+00:00,962,imrranbigbull
1213210,34985,"📊 Let’s SHORT #BEAT/USDT

💥 Leverage:  Cross 20×  ...1) 0.1230
2) 0.1190
3) 0.1135

🔖 Stop Loss: 0.1310",af1ac6ea4baa1d02c39ce5693594572e,2026-09-09T06:16:33+00:00,2026-09-09T07:04:59.693096+00:00,962,imrranbigbull
1213203,34986,"📊 Let’s LONG #HYPE/USDT

💥 Leverage:  Cross 20×  -...: 

1) 86.80
2) 87.66
3) 88.70

🔖 Stop Loss: 83.70",b2b015bce27228413aa1d4887b5a85f6,2026-09-09T06:16:33+00:00,2026-09-09T07:04:59.654761+00:00,962,imrranbigbull
1213167,34987,"📊 Let’s SHORT #FF/USDT

💥 Leverage:  Cross 20×  - ...: 

1) 0.140
2) 0.132
3) 0.125

🔖 Stop Loss: 0.155",8ea8a208a9720f01e6893eeff8f143ee,2026-09-09T06:16:33+00:00,2026-09-09T07:04:59.380356+00:00,962,imrranbigbull
1217574,35052,"📈 LONG #IOST/USDT

🚀 LEVERAGE : 50x

📊 ENTRY PRICE...🟢0.00128

TP🟢0.00135

STOPLOSS 🔴0.0013

REACTIONS?",a71ea14c8d486fe688d4810af0cf5eb2,2026-09-09T08:14:33+00:00,2026-09-09T08:38:41.090852+00:00,962,imrranbigbull
1217565,35051,"⚡ #XRP/USDT

📤 Long 

💹 Buy: 1.4409 - 1.4000

🧿 Ta...149 - 1.5300

🧨 StopLoss: 1.3640 

🔘 Leverage: 20x",57163b79ae0d731c87d22cacb6519b78,2026-09-09T08:14:33+00:00,2026-09-09T08:38:41.003239+00:00,962,imrranbigbull
1217573,35048,"🔰 PAIR: AVAX/ USDT 💹

🟢Position: LONG🚀

☑️ Entry Z...gets:
🥇 8.043
🥈 8.066
🥉 8.127

❌ Stop Loss: 🔴7.960",6ba50fe29f6edaa05cc05fd990e5e948,2026-09-09T08:01:58+00:00,2026-09-09T08:38:41.072008+00:00,962,imrranbigbull
1217568,35049,"#LENOVO | LONG SETUP

💰 Entry: $4.116

🎯 Target1: ...t4: $4.27241
🎯 Target5: $4.33003

🛡 STOP: $3.91020",f0fa330ce7fdc729f8b130e5def6a80b,2026-09-09T08:01:58+00:00,2026-09-09T08:38:41.051340+00:00,962,imrranbigbull
1217569,35050,"🚀 #OVER99WINS | TRADE SETUP 🚀

⭐ BR /USDT — LONG

...o

📌 Follow the setup and manage your risk wisely.",544fda77ccdc85e1aa796ec87a38f743,2026-09-09T08:01:58+00:00,2026-09-09T08:38:41.048587+00:00,962,imrranbigbull
1217567,35047,"💰#BR/ USDT👑

💎Setup Type: Strong LONG  🔖Opportunit...TP ➝ 0.35000

4️⃣TP ➝ 0.45000

🚫Stop Loss: 0.27000",514e9bcf1e7839c10ab5748c7abf5d07,2026-09-09T08:01:58+00:00,2026-09-09T08:38:41.039430+00:00,962,imrranbigbull
1219913,35062,"⭐️$SKR/USDT  LONG

🛡Leverage : Cross 25x50

‼️Entr...020890

Use only 3% - 5% amount of your portfolio🛍",edd886f37f3ed4e5973627300a943e36,2026-09-09T09:09:40+00:00,2026-09-09T10:07:33.872689+00:00,962,imrranbigbull
1219912,35059,"SHORT🚨

NCLD/USDT

MARKET PRICE

Leverage: 10X/25X... 5% of Your capital

Apply proper risk management📈",bba45537a39f414c31a25092079eab23,2026-09-09T09:09:40+00:00,2026-09-09T10:07:33.867454+00:00,962,imrranbigbull
1219911,35060,"$SOLUSDT

LONG

RR : 2

LEVERAGE : 35x

ENTRY : 10....38

TAKE PROFITS 👇

1️⃣ 107.44

STOPLOSS : 102.87",d615d0d911101ab207110b2aad0944a9,2026-09-09T09:09:40+00:00,2026-09-09T10:07:33.844264+00:00,962,imrranbigbull
1219914,35057,"📈 LONG #ATOM/USDT

🚀 LEVERAGE : 75x

📊 ENTRY PRICE...1.99

TP🟢2.05

TP🟢2.15

STOPLOSS 🔴1.84

REACTIONS?",a6e1fc32d1e25050e08063767f842adb,2026-09-09T08:57:38+00:00,2026-09-09T10:07:33.880962+00:00,962,imrranbigbull
1219907,35056,"🔴 SHORT

#ATOM/USDT

Entry : 

1) 1.931
2) 1.988

...) 1.797

🛑 Stop : 2.052

Leverage : 10x (isolated)",bc12681428224d3a8884bbf618ad4431,2026-09-09T08:39:44+00:00,2026-09-09T10:07:33.823144+00:00,962,imrranbigbull
1219906,35055,"⚡️$USELESS/USDT⚡️

LONG
Leverage: 25X

Entry: 0.31...
Target:

1)0.325
2)0.365
3)0.425

Stoploss: 0.240",731f4c96babf44e2da7fe8a1d8b11db0,2026-09-09T08:39:43+00:00,2026-09-09T10:07:33.708245+00:00,962,imrranbigbull
1221550,35093,"Use only 2% Funds

#XRP/USDT (SHORT)

Entry 1 = 1....Profit
T.P 3 = 1000% Profit 

🔴Stop loss at 1.4950",72d3b530691c46dedf8bef3cf6d4dcae,2026-09-09T11:43:29+00:00,2026-09-09T11:57:09.256488+00:00,962,imrranbigbull
1221549,35094,"⭐️$RAY/USDT  LONG

🛡Leverage : Cross 50x75

‼️Entr...1.1386

Use only 3% - 5% amount of your portfolio🛍",9d65fc079f486c3f97a29b91070a6865,2026-09-09T11:43:29+00:00,2026-09-09T11:57:09.253367+00:00,962,imrranbigbull
1221562,35092,"✨ATOM/USDT

🎗 Trade Type = SHORT 🔴

⭐️ Leverage :-...fit = [ 1.918, 1.896, 1.876, 1.855, 1.836, 1.813 ]",2cc626ded2107daa367cf41923260742,2026-09-09T11:19:15+00:00,2026-09-09T11:57:09.524161+00:00,962,imrranbigbull
1221561,35089,"🚨 $VVV/USDT | LONG

⚡Leverage: Cross 25x

🎯Entry T... follow the signal and secure profits at targets.💎",c0a8a6e643d79e11b42aeb8bd5536b88,2026-09-09T11:14:47+00:00,2026-09-09T11:57:09.497794+00:00,962,imrranbigbull
1221559,35091,"📈 LONG #KAT/USDT

🚀 LEVERAGE : 50x

📊 ENTRY PRICE ...P🟢0.0059

TP🟢0.0062

STOPLOSS 🔴0.0053


REACTIONS?",a930e04ab0e969acd3a8be7b4d496979,2026-09-09T11:14:47+00:00,2026-09-09T11:57:09.454371+00:00,962,imrranbigbull
1221555,35088,"⭐️$ATOM/USDT  SHORT

🛡Leverage : Cross 25x50

‼️En... 2.218

Use only 3% - 5% amount of your portfolio🛍",bfcf8bc753be1c8206103240bedfbde3,2026-09-09T11:14:47+00:00,2026-09-09T11:57:09.403671+00:00,962,imrranbigbull
1221554,35090,"🔘 Coin : #PUMP/USDT 🔘

🔴 SHORT

🔺Entry🔻: 0.004396
... 0.004131

♦️ StopLoss : 0.004551

🔱 Leverage: 25x",a7e9a214efb58c9d4236f6da8546a348,2026-09-09T11:14:47+00:00,2026-09-09T11:57:09.373684+00:00,962,imrranbigbull
1221556,35087,"🚀 #OVER99WINS | TRADE SETUP 🚀

⭐ BR /USDT — LONG

...o

📌 Follow the setup and manage your risk wisely.",97125e85c8218a01e7b493857889b8fc,2026-09-09T10:59:20+00:00,2026-09-09T11:57:09.404532+00:00,962,imrranbigbull
1221557,35078,"📊 Let’s LONG #USELESS/USDT

💥 Leverage:  Cross 20×...1) 0.3300
2) 0.3500
3) 0.3900

🔖 Stop Loss: 0.3000",ef70bbaf57b72b7d7a91e5882347c8f7,2026-09-09T10:43:57+00:00,2026-09-09T11:57:09.417423+00:00,962,imrranbigbull
1221560,35077,"#BR USDT — BUY (LONG) 
🎉
🟢 Leverage: Cross  25x75
...Risk Management:
Use only 2%– 3%of your portfolio.",91a8259b90bcf9144d0d68bad81b569b,2026-09-09T10:33:24+00:00,2026-09-09T11:57:09.474591+00:00,962,imrranbigbull
1221546,35076,"🚀 #HUMAUSDT LONG SIGNAL 🚀

📌 ENTRY ➜ 0.02319

🎯 TA...ch this move together!

🪙 Trade Smart • Trade Safe",5c139097cf484566bb73b9c2125c3677,2026-09-09T10:33:11+00:00,2026-09-09T11:57:09.223573+00:00,962,imrranbigbull
1221552,35074,"🚨 #BR/USDT | LONG

⚡Leverage: Cross 25x

🎯Entry Ta... follow the signal and secure profits at targets.💎",6e55575fb412fecf25b06cb5f80b1c20,2026-09-09T10:24:39+00:00,2026-09-09T11:57:09.273950+00:00,962,imrranbigbull
1221547,35072,"🔴 Short

Pair: #QTUM/USDT

📊 Entry Price: 

1) 0.9...) 0.854116

Stop Loss: 0.975408

Leverage: 10x-20x",32372949526e3fd348f0b126a275a988,2026-09-09T10:24:39+00:00,2026-09-09T11:57:09.230498+00:00,962,imrranbigbull
1221544,35073,"🛎️ Trade: #MARSCOIN/USDT

Direction: 📈 LONG 

🟢 En...18
• Target 6: 0.1432

💠 Leverage : 5x - 10x - 20x",052c46b212f1fc577423734957698a14,2026-09-09T10:24:39+00:00,2026-09-09T11:57:09.212402+00:00,962,imrranbigbull
1221558,35068,"#IOST/USDT LONG     

👉Leverage : Cross 10× To 30×...0128
2)  0.00132
3)  0.00140

⭕Stoploss : 0.001155",855579181fe84cb88a4921f81ad62b45,2026-09-09T10:16:08+00:00,2026-09-09T11:57:09.423880+00:00,962,imrranbigbull
1221543,35071,"✅ Long

#VET/USDT

Entry zone : 0.007526 - 0.00775...492
0.008723

Stop loss :0.00721587

Leverage: 10x",d4a2197e2d6de47507c1abddf32f5b93,2026-09-09T10:16:08+00:00,2026-09-09T11:57:09.216230+00:00,962,imrranbigbull
1221542,35067,"⭐️$ATOM/USDT  LONG

🛡Leverage : Cross 25x50

‼️Ent... 1.700

Use only 3% - 5% amount of your portfolio🛍",c20d3376c5c0c78921561871ebb559d4,2026-09-09T10:16:08+00:00,2026-09-09T11:57:09.188719+00:00,962,imrranbigbull
1221541,35066,"#IOST /USDT BUY (LONG) 

⚡️Leverage : Cross 25x to...01145

⚠️Use only 3% - 5% amount of your portfolio",9ee3f337b818d8747ff63f3e057cc051,2026-09-09T10:16:08+00:00,2026-09-09T11:57:09.170865+00:00,962,imrranbigbull
1221539,35064,"🚀 LONG: $IOST/USDT
LEVERAGE: 50x

✔️ENTRY PRICE: 0...001380-0.001500

STOP LOSS:  0.001200


REACTIONS?",451a5f60806dbe562580eac1d0e8165f,2026-09-09T10:16:08+00:00,2026-09-09T11:57:08.521285+00:00,962,imrranbigbull
1223402,35102,"💫 Pair: CASHCAT/USDT  💫

🔼 Direction: Long 🔼

✅ Le...Take Profit: 0.2130 📈

⚠️ Stop Loss: 0.1770 ⚠️

📈📈",f9b7055574929d6836c29c4e9593b54a,2026-09-09T13:03:45+00:00,2026-09-09T13:28:28.788444+00:00,962,imrranbigbull
1223397,35098,"IOST/ USDT/ SHORT
Entry at market price 

Cross ||...only 1% of your wallet. 
Manage your risk properly",2950d4c8e76e9017483a46a7536db003,2026-09-09T12:14:37+00:00,2026-09-09T13:28:28.695217+00:00,962,imrranbigbull
1223398,35097,"Pair: #ATOM/USDT

Short • (25X)

Entry
1.935

Targ...t your own risk. Always use proper risk management",74479c5cfca9b6a4782bb33618913a21,2026-09-09T12:01:46+00:00,2026-09-09T13:28:28.717916+00:00,962,imrranbigbull
1225888,35116,"✅ Long

Pair: #ZIL/USDT

📊 Entry Price: 

1) 0.002...0.0030567

Stop Loss: 0.0026807

Leverage: 10x-20x",b9dd0b6012ffeb51b14967c1abf36c1b,2026-09-09T13:55:02+00:00,2026-09-09T14:53:41.865667+00:00,962,imrranbigbull
1225886,35109,"🔘 Coin : #MAGMA/USDT 🔘

🟢 LONG

🔺Entry🔻: 0.26974

... - 0.29141

♦️ StopLoss : 0.25961

🔱 Leverage: 25x",1488460f0e05c51a492f680600c19b81,2026-09-09T13:50:48+00:00,2026-09-09T14:53:41.793694+00:00,962,imrranbigbull
1225885,35113,"🟢 Long

#BNB/USDT

Entry : 

1) 747.740
2) 725.307...8.896

🛑 Stop : 700.632

Leverage : 10x (isolated)",8f4f60557234aa134096c3924ef9d9fc,2026-09-09T13:50:48+00:00,2026-09-09T14:53:41.677736+00:00,962,imrranbigbull
1225884,35114,"BTC/USDT Short  | 

Entry  :  79210 

TP   :  78800 / 78500 / 78000

SL  :  79600 | Risk 3% to 5%",ae4396ca2c6dd5a45a50588e1fec8ba6,2026-09-09T13:50:48+00:00,2026-09-09T14:53:41.675486+00:00,962,imrranbigbull
1225880,35111,"BTC/USD SELL 

Entry : $ 79494

Target1: $  79129
Target2: $ 78365
Target3: $ 77684

SL : $ 80148",2b8480b529d118db18c82e22abb5cb2e,2026-09-09T13:50:48+00:00,2026-09-09T14:53:41.604493+00:00,962,imrranbigbull
1225881,35110,"#SHORT 🔴 🔤🔤🔤🔤🔤

#HYPE/USDT 

Margin Mode : Isolate...8.61

🟩 SL : 89.70 - 100%

📊 LEV : 30X

🇯🇵 Premium",4be795ddfd5e517fa0a0d9fccc2ca190,2026-09-09T13:50:48+00:00,2026-09-09T14:53:41.602799+00:00,962,imrranbigbull
1225879,35115,"#WLD $WLD LONG TRADE

ENTRY: 0.4495

TARGET: 0.491

STOPLOSS: 0.4345",b7922643a647b7741b4dd777df046972,2026-09-09T13:50:48+00:00,2026-09-09T14:53:41.596950+00:00,962,imrranbigbull
1229025,35182,"LONG —ORCA

Entry: 1.481

Targets: 1.495 / 1.521 /... / 1.636

Stop: 1.407

Move SL to entry after TP1.",ec0db5bcea47c4708887d3a354cba640,2026-09-09T16:55:26+00:00,2026-09-09T17:13:06.080961+00:00,962,imrranbigbull
1229018,35145,"💰#IOST/ USDT👑

💎Setup Type: Strong LONG  🔖Opportun....0018000

4️⃣TP ➝ 0.0025000

🚫Stop Loss: 0.0012800",c86f3f4ce739ef10b4e302f031f5880a,2026-09-09T15:54:37+00:00,2026-09-09T17:13:06.025935+00:00,962,imrranbigbull
1229006,35143,"🚨 #USELESS/USDT | SHORT

⚡Leverage: Cross 50x

🎯En... follow the signal and secure profits at targets.💎",3493af7c0111e7ea94cb8e9e6a28f39b,2026-09-09T15:54:37+00:00,2026-09-09T17:13:05.963540+00:00,962,imrranbigbull
1229004,35146,"➡️ #IOST     /USDT (SHORT) 🔽🔽

⌛LEVERAGE : 20X TO ...8


💥Use only 1%margin of your total portfolio❤️😘😇",738c3e7181515ff972b5128ef30dbd05,2026-09-09T15:54:37+00:00,2026-09-09T17:13:05.848248+00:00,962,imrranbigbull
1228996,35147,"🔴 SHORT

#IOST/USDT

Entry zone : 0.00167879 - 0.0...
0.00142510

Stop loss :0.001743993

Leverage: 10x",b7029e5f427d893bd27974a3b0b01b75,2026-09-09T15:54:37+00:00,2026-09-09T17:13:05.688278+00:00,962,imrranbigbull
1228995,35142,"USELESS/USDT

SHORT SHORT SHORT 

OPEN MARKET PRIC....29600
TP 0.29200
TP 0.29050

SL  0.33900

LEV 10X",1755d428017a9660e0b4b8e20a7c1677,2026-09-09T15:54:37+00:00,2026-09-09T17:13:05.687221+00:00,962,imrranbigbull
1228985,35129,"🔰 PAIR: OP/ USDT 💹

🔴Position: SHORT🚀

☑️ Entry Zo...:
🥇 0.1034
🥈 0.1025
🥉 0.1015

❌ Stop Loss: 🔴0.1058",be321197a9d6e927b86244707251071a,2026-09-09T14:55:57+00:00,2026-09-09T17:13:05.118611+00:00,962,imrranbigbull
1229030,35127,"🚀 #COTIUSDT LONG SIGNAL 🚀

📌 ENTRY ➜ 0.01942

🎯 TA...ch this move together!

🪙 Trade Smart • Trade Safe",bdba71f72557d5e735767260455cef24,2026-09-09T14:55:56+00:00,2026-09-09T17:13:06.134101+00:00,962,imrranbigbull
1229020,35128,"#BTC - LONG 100X

Entry  78991

Targets 100% -200%-300% +++

SL= Will Update

Using 1% wallet",00db68dc347ea1d07c00f09346c40956,2026-09-09T14:55:56+00:00,2026-09-09T17:13:06.047973+00:00,962,imrranbigbull
1229016,35125,"🚀 #USELESSUSDT SHORT SIGNAL 🚀

📌 ENTRY ➜ 0.3072

🎯...ch this move together!

🪙 Trade Smart • Trade Safe",a0e4953da606c9843ac9a81316cbe5b3,2026-09-09T14:55:56+00:00,2026-09-09T17:13:06.014290+00:00,962,imrranbigbull
1228988,35126,COTI LONG 0.01942 TP1 0.01982,a08dc054d64a629c31f3729c60c9470e,2026-09-09T14:55:56+00:00,2026-09-09T17:13:05.381430+00:00,962,imrranbigbull
1228983,35123,"🚨 #CROSS/USDT — POWER LONG 

🎩 ENTRY ZONE: 0.1230
...re profits step by step
🗡 NO FEAR — JUST PROFITS 🪙",b6d17240e6a5f73aadd563932ead9128,2026-09-09T14:55:56+00:00,2026-09-09T17:13:05.096107+00:00,962,imrranbigbull
1228982,35121,"🚀 #OVER99WINS | TRADE SETUP 🚀

⭐ CROSS /USDT — LON...o

📌 Follow the setup and manage your risk wisely.",d683f9906f86ccd50ec7239dc11d7cc9,2026-09-09T14:55:56+00:00,2026-09-09T17:13:04.673273+00:00,962,imrranbigbull
1228978,35118,"ETH/ USDT/ SHORT
Entry at market price 

Cross || ...only 1% of your wallet. 
Manage your risk properly",325d4fca2572b55e4ab1aeb1fd862c65,2026-09-09T14:55:37+00:00,2026-09-09T17:13:03.930019+00:00,962,imrranbigbull
1237622,35392,"#ARK/USDT SHORT     

👉Leverage : Cross 10× To 30×...

1)  0.134
2)  0.130
3)  0.126

⭕Stoploss : 0.142",f7d4fc4fefb6fa4f7ed0dca0e436cf28,2026-09-10T07:40:03+00:00,2026-09-13T19:31:20.281273+00:00,962,imrranbigbull
1237651,35391,"#VTHO  /USDT BUY (LONG) 

⚡️Leverage : Cross 25x t...05960

⚠️Use only 3% - 5% amount of your portfolio",f6e323a1eb8dd77ae03229d74f32c97a,2026-09-10T07:39:57+00:00,2026-09-13T19:31:20.411459+00:00,962,imrranbigbull
1237632,35387,"$BTC LONG🟢 (25x Lev)

Entry -  $78400

Targets

1)79000$
2)79600$

SL: 77800$",50427b5b2a70c43e1af3b512ca1a252c,2026-09-10T07:20:16+00:00,2026-09-13T19:31:20.308188+00:00,962,imrranbigbull
1237639,35384,"📊#ANIME/USDT — LONG

⚡️ Leverage : 10X – 20X

💹Ent...Entry After TP1

⚖️ Follow Proper Risk Management.",8221e02bba22ca8e6366c5da28a6456f,2026-09-10T07:20:15+00:00,2026-09-13T19:31:20.348341+00:00,962,imrranbigbull
1237602,35382,"🔰 ANIME/USDT 🔰

🟢 LONG 20X

🔳 ENTRY :- 0.0033

☑️ TARGET:- 0.0033 - 0.0036- 0.0039

🔴 STOP :- 0.0029",1e00050c3e32c49d6bea7e6ae6f60a4f,2026-09-10T07:03:50+00:00,2026-09-13T19:31:20.132447+00:00,962,imrranbigbull
1237637,35371,"⭐ VTHO /USDT — LONG

💵 ENTRY: 0.06500-0.06300

⚙️ ...o

📌 Follow the setup and manage your risk wisely.",3b894f7e7b284397854c49cb41541603,2026-09-10T06:39:01+00:00,2026-09-13T19:31:20.344106+00:00,962,imrranbigbull
1237612,35372,"#USELESS/USDT SHORT     

👉Leverage : Cross 10× To...

1)  0.223
2)  0.210
3)  0.195

⭕Stoploss : 0.251",d572cc033e857c2dc65ddbada5c3f722,2026-09-10T06:39:01+00:00,2026-09-13T19:31:20.201878+00:00,962,imrranbigbull
1237605,35370,"Coin #VTHO/USDT

Position: LONG 

Leverage:  Cross... 0.000670, 0.000690, 0.000710

Stop Loss: 0.000610",ede54485ceb645c9fd8a50f583cae089,2026-09-10T06:39:01+00:00,2026-09-13T19:31:20.152036+00:00,962,imrranbigbull
1237655,35359,"🔰CROSS/USDT 🔰   

🔴 SHORT 10X 20X

♻ ENTRY 
1️⃣ 0....

1️⃣ 0.112
2️⃣ 0.110
3️⃣ 0.107

⛔ STOPLOSS  0.121",6edec8c36711edfbddf7c57c99e83728,2026-09-10T06:38:41+00:00,2026-09-13T19:31:20.432544+00:00,962,imrranbigbull
1237628,35360,"🐳 NEAR/USDT #LONG🐳

✳️ ENTRY :- 2.52 - 2.46

💢 LEV...3 : 2.85

⛔️ STOP-LOSS :- 2.41

☝️ Margin Use 2–3%",21b39c19106af3294151d27033d62923,2026-09-10T06:38:41+00:00,2026-09-13T19:31:20.294423+00:00,962,imrranbigbull
1237613,35361,"SHORT: USELESS/USDT🚀
LEVERAGE: 20x - 50x

🥇ENTRY P....1950

————————

❌ STOP LOSS: 0.2610❌


REACTIONS?",f83c1e47c1d36fe005bf2924a63c64e8,2026-09-10T06:38:41+00:00,2026-09-13T19:31:20.202928+00:00,962,imrranbigbull
1237654,35357,"#IOST/USDT LONG     

👉Leverage : Cross 10× To 30×....00121
2)  0.00127
3)  0.00136

⭕Stoploss : 0.0010",97012e3d7a09de6fa9f52e868cda1701,2026-09-10T06:38:40+00:00,2026-09-13T19:31:20.430946+00:00,962,imrranbigbull
1237642,35358,"🔰 SAHARA/USDT 🔰

🟢 LONG 20X

🔳 ENTRY :- 0.0110

☑️...TARGET:- 0.0115 - 0.0122- 0.0130

🔴 STOP :- 0.0097",4d1837722ff2b94f43877436f7665e6b,2026-09-10T06:38:40+00:00,2026-09-13T19:31:20.356967+00:00,962,imrranbigbull
1237648,35352,"🚀 $SAHARA/USDT PERP 🚀

🟢 LONG

💰 Entry : 0.0109$ –...5X – 25X

⛔️ SL : 0.0093$

📌 Use Only 2-5% Capital",0ded55ba854a74c875ff0c9515fa5ab4,2026-09-10T06:38:35+00:00,2026-09-13T19:31:20.396114+00:00,962,imrranbigbull
1237646,35342,"📊#BTR/USDT–LONG–30x 🚀

📍 𝐄𝐧𝐭𝐫𝐲 𝐙𝐨𝐧𝐞:

➥ 0.066, 0.0...tal.

⚠️ Disclaimer:
Trade at your own risk. DYOR.",2adfd82f0e61d8c1d5384bcddd4edbd5,2026-09-10T06:38:35+00:00,2026-09-13T19:31:20.371331+00:00,962,imrranbigbull
1237641,35354,"$BR/USDT #LONG📩

✅ENTRY :-0.3050/0.2950

Target 1:...𝐎𝐧𝐥𝐲 𝟏-𝟑% 𝐎𝐟 𝐎𝐮𝐫 𝐃𝐞𝐩𝐨𝐬𝐢𝐭 𝐅𝐨𝐫 𝐄𝐚𝐜𝐡 𝐓𝐫𝐚𝐝𝐞

React,??m",dcf3a0b2b9f18fd10e3f3638bb71f3fa,2026-09-10T06:38:35+00:00,2026-09-13T19:31:20.352503+00:00,962,imrranbigbull
1237633,35355,"✅ Long

Pair: #BAT/USDT

📊 Entry Price: 

1) 0.073...) 0.078624

Stop Loss: 0.068953

Leverage: 10x-20x",4f53a1a48981a0037a40b3d38c63c290,2026-09-10T06:38:35+00:00,2026-09-13T19:31:20.321035+00:00,962,imrranbigbull
1237608,35351,"Trade: #ATOM/USDT

Direction: 📉 Short 

🟢 Entry Ra...90
• Target 6: 1.7298

💠 Leverage : 5x - 10x - 20x",97429c2b5522d74e51a66c60e70d4d7b,2026-09-10T06:38:35+00:00,2026-09-13T19:31:20.192000+00:00,962,imrranbigbull
1237595,35341,"🛎️ Trade: #ATOM/USDT

Direction: 📉 Short 

🟢 Entry...90
• Target 6: 1.7298

💠 Leverage : 5x - 10x - 20x",ae765a950e707fdec3ae802b4f856f17,2026-09-10T06:38:35+00:00,2026-09-13T19:31:20.083177+00:00,962,imrranbigbull
1237593,35340,"🪙 Coin: #IOST/USDT
🧭 Type: #LONG

📈 Entry Zone:
0.... within the zone and maintain strict risk control.",ec097434b404394ace3956dbb7c95349,2026-09-10T06:38:35+00:00,2026-09-13T19:31:20.081048+00:00,962,imrranbigbull
1237585,35335,"#IO - LONG 20X

Entry  0.1318

Targets 100% -200%-300% +++

SL= Will Update

Using 1% wallet",2f46e25c67f4e78c230bc00b0f5ced85,2026-09-10T06:38:35+00:00,2026-09-13T19:31:20.046579+00:00,962,imrranbigbull
1237583,35330,"#IOST/USDT LONG     

👉Leverage : Cross 10× To 30×....00121
2)  0.00127
3)  0.00136

⭕Stoploss : 0.0010",97012e3d7a09de6fa9f52e868cda1701,2026-09-10T06:38:35+00:00,2026-09-13T19:31:20.042300+00:00,962,imrranbigbull
1237581,35343,"📍Coin : #AVNT/USDT

🟢 LONG 

👉 Entry: 0.1004 - 0.0...t 5: 0.1055
🎯 Target 6: 0.1066

❌ StopLoss: 0.0960",89bc453640f8c88210dd149c42c2409b,2026-09-10T06:38:35+00:00,2026-09-13T19:31:20.036409+00:00,962,imrranbigbull
1237565,35349,"🟢 Long

#IOST/USDT

Entry : 

1) 0.00119390
2) 0.0...58

🛑 Stop : 0.00111868

Leverage : 10x (isolated)",b87125cedfd9381b89a2229a6fffcfba,2026-09-10T06:38:35+00:00,2026-09-13T19:31:19.866894+00:00,962,imrranbigbull
1237564,35332,"#BTR/USDT LONG     

👉Leverage : Cross 10× To 30×
...  0.0691
2)  0.0720
3)  0.0770

⭕Stoploss : 0.0623",7fcc77a8e9c4a4b4867c2ba84f3ce863,2026-09-10T06:38:35+00:00,2026-09-13T19:31:19.846746+00:00,962,imrranbigbull
1237563,35350,"⚡ #ANIME/USDT

📤 Long 

💹 Buy: 0.003129 - 0.003048...- 0.003320

🧨 StopLoss: 0.002910 

🔘 Leverage: 20x",c9fc27daa41e0196d2ffed880a4dea15,2026-09-10T06:38:35+00:00,2026-09-13T19:31:19.795618+00:00,962,imrranbigbull
1237598,35326,"📊 Let’s SHORT #TAC/USDT

💥 Leverage:  Cross 20×  -...420
2) 0.001325
3) 0.001175

🔖 Stop Loss: 0.001735",9db45561c22b7bef2304bbc2e15b136e,2026-09-10T06:38:34+00:00,2026-09-13T19:31:20.105096+00:00,962,imrranbigbull
1237599,35325,"📊 Let’s SHORT #CYS/USDT

💥 Leverage:  Cross 20×  -...1) 0.1340
2) 0.1265
3) 0.1170

🔖 Stop Loss: 0.1570",b719f899eaa8d98027030ea29d52c692,2026-09-10T06:38:34+00:00,2026-09-13T19:31:20.104359+00:00,962,imrranbigbull
1237596,35324,"📊 Let’s SHORT #ZKP/USDT

💥 Leverage:  Cross 20×  -....04364
2) 0.04260
3) 0.04155

🔖 Stop Loss: 0.04700",b785ca84e08cbbd8eb85bc8e161d43cb,2026-09-10T06:38:34+00:00,2026-09-13T19:31:20.102498+00:00,962,imrranbigbull
1237579,35327,"📊 Let’s LONG #SNDK/USDT

💥 Leverage:  Cross 20×  
...gets: 

1) 1785
2) 1835
3) 1855

🔖 Stop Loss: 1720",640144b8e6f93d2a7c453ddcac8411ac,2026-09-10T06:38:34+00:00,2026-09-13T19:31:20.030327+00:00,962,imrranbigbull
1237396,35191,"🔴 Short

Pair: #IOST/USDT

📊 Entry Price: 

1) 0.0...00182207

Stop Loss: 0.00208082

Leverage: 10x-20x",ead13f98cde30bba801469f6bae28e9d,2026-09-09T20:44:03+00:00,2026-09-13T19:31:05.207816+00:00,962,imrranbigbull
1237398,35189,"⚡️ HEI/USDT SHORT

➡️ Entry Targets :

1. 0.1353
2...1217 💵
4. 0.1116 💵
5. 0.0850💵

🛑 Stoploss : 0.1488",74486b86bd7872de6f1f6bd137afbf15,2026-09-09T20:32:49+00:00,2026-09-13T19:31:05.219854+00:00,962,imrranbigbull
1237393,35187,"EXCHANGE/BYBIT/BITUNIX/OKX📌 


DAY TRADE 🏆

LONG/L...agement 🏆


Use only 5% of your 📈Available balance",5385c0da3b23d8c2abc9fde4a0119df1,2026-09-09T20:21:22+00:00,2026-09-13T19:31:05.145555+00:00,962,imrranbigbull
1247764,35578,"🚨 #SAGA/USDT | LONG

⚡Leverage: Cross 50x

🎯Entry ... follow the signal and secure profits at targets.💎",6d2094223b1c3f42c0bcf937ae0c01b3,2026-09-10T16:51:00+00:00,2026-09-13T20:48:14.655871+00:00,962,imrranbigbull
1247800,35574,"#MET/USDT LONG     

👉Leverage : Cross 10× To 30×
...)  0.2205
2)  0.2280
3)  0.2500

⭕Stoploss : 0.202",c8d665851d91cb4bebb524036a95d246,2026-09-10T16:49:48+00:00,2026-09-13T20:48:14.758796+00:00,962,imrranbigbull
1247776,35575,"🔴 SHORT

#KAVA/USDT

Entry zone : 0.065405 - 0.063...57435
0.055521

Stop loss :0.067945

Leverage: 10x",d751d1834ca5ffed88743a6c78eefa59,2026-09-10T16:49:48+00:00,2026-09-13T20:48:14.704283+00:00,962,imrranbigbull
1247762,35573,"➡️ #BTR     /USDT (LONG) 🔼🔼

⌛LEVERAGE : 20X TO 75...99

💥Use only 1%margin of your total portfolio❤️😘😇",a996350cd9af249968c42d552f00ccae,2026-09-10T16:49:48+00:00,2026-09-13T20:48:14.652623+00:00,962,imrranbigbull
1247780,35571,"BTC/USD BUY

Entry : $ 77322

Target1: $  77854
Target2: $ 79047
Target3: $ 80252

SL : $ 76352",ab7f457730d5a93fa8838ced31cdf27f,2026-09-10T16:49:47+00:00,2026-09-13T20:48:14.711791+00:00,962,imrranbigbull
1247748,35563,"🔴SHORT  #BTCUSDT

🔶 Entry : 77400 - 77500

➡️ Leve...ake Profit Targets :

👉 76400

🛑 Stop Loss : 78600",0b9e75786260eec8a4d222828a450c44,2026-09-10T14:48:58+00:00,2026-09-13T20:48:14.535226+00:00,962,imrranbigbull
1247793,35535,"Doge/Usdt long 🟢
with 0.5% Wallet on market price ...osite movement pe jo 5% around the liq manage zero",0c5ba45523936dd289c9aeb635f19feb,2026-09-10T14:48:34+00:00,2026-09-13T20:48:14.743847+00:00,962,imrranbigbull
1247754,35534,"⭐️$ETHFI/USDT  LONG

🛡Leverage : Cross 25x50

‼️En...0.6535

Use only 3% - 5% amount of your portfolio🛍",d5a42e45a71c8916bbf0763714b18901,2026-09-10T14:48:34+00:00,2026-09-13T20:48:14.609030+00:00,962,imrranbigbull
1247775,35531,"🚀 #ETHFIUSDT LONG SIGNAL 🚀

📌 ENTRY ➜ 0.6660

🎯 TA...ch this move together!

🪙 Trade Smart • Trade Safe",d0b722c604bb4a4b04e5501aefa166b2,2026-09-10T14:22:38+00:00,2026-09-13T20:48:14.687368+00:00,962,imrranbigbull
1247782,35523,"📊 Let’s LONG #MARSCOIN/USDT

💥 Leverage:  Cross 20...) 0.1165
2) 0.1218
3) 0.1280

🔖 Stop Loss: 0.10380",0f59e13b524bbc413b23ba82743997f3,2026-09-10T14:20:26+00:00,2026-09-13T20:48:14.712396+00:00,962,imrranbigbull
1247774,35522,"✅ Long

Pair: #ETC/USDT

📊 Entry Price: 

1) 7.746....114
4) 8.275

Stop Loss: 7.258

Leverage: 10x-20x",6a5247f98965a55be00657b3ec17d21e,2026-09-10T14:20:26+00:00,2026-09-13T20:48:14.690507+00:00,962,imrranbigbull
1247773,35518,"💵COIN NAME : #ORDER /USDT

📈POSITION : LONG(BUY)

... = 0.04188

🔖 STOPLOSS  = 0.03665


SHOW REACTIONS",03ef076b735ec1ee3642c55c6a0130c7,2026-09-10T14:20:26+00:00,2026-09-13T20:48:14.689774+00:00,962,imrranbigbull
1247765,35520,"📈 LONG #ORDER/USDT

🚀 LEVERAGE : 50x

📊 ENTRY PRIC...P🟢0.0412

TP🟢0.0435

STOPLOSS 🔴0.0370


REACTIONS?",5b8d679a9036e679c8376254e78096e5,2026-09-10T14:20:26+00:00,2026-09-13T20:48:14.659646+00:00,962,imrranbigbull
1247759,35521,"🟢 Long

#DASH/USDT

Entry : 

1) 56.81
2) 55.10

T...) 60.69

🛑 Stop : 53.23

Leverage : 10x (isolated)",7b8efdb1ee479516f272ec5863de2c0d,2026-09-10T14:20:26+00:00,2026-09-13T20:48:14.637674+00:00,962,imrranbigbull
1247751,35525,"#MET /USDT BUY (LONG) 

⚡️Leverage : Cross 25x to ....2020

⚠️Use only 3% - 5% amount of your portfolio",27da5436c1048f61a3d099b097e7f817,2026-09-10T14:20:26+00:00,2026-09-13T20:48:14.589120+00:00,962,imrranbigbull
1247744,35526,"🌈PAIR:- VTHO/USDT
⚡️ Direction : LONG
🛠 Leverage: ...nt Usage:- 1 - 2%
(According To your Risk Setting)",252319429c966927e5b6645beb5c8998,2026-09-10T14:20:26+00:00,2026-09-13T20:48:14.515321+00:00,962,imrranbigbull
1247742,35527,"✨ZEC/USDT

🎗 Trade Type = SHORT 🔴

⭐️ Leverage :- ....95, 1144.46, 1130.96, 1120.45, 1108.04, 1092.73 ]",89187d31c24eda728200508d2145e1a5,2026-09-10T14:20:26+00:00,2026-09-13T20:48:14.506661+00:00,962,imrranbigbull
1247737,35516,"⭐️$ORDER/USDT  LONG

🛡Leverage : Cross 25x50

‼️En....03622

Use only 3% - 5% amount of your portfolio🛍",22cc0576cbf2bd0bf660db03dbd16f72,2026-09-10T14:20:26+00:00,2026-09-13T20:48:14.396587+00:00,962,imrranbigbull
1247802,35511,"🟢#MARSCOIN/USDT

📈Signal: long Leverage: Cross 20X...even after TP1 is hit.

📣Trade Smart • Follow Risk",bd6dcfe2e557f530df827ef80e8aa969,2026-09-10T14:20:25+00:00,2026-09-13T20:48:14.764254+00:00,962,imrranbigbull
1247741,35513,"⭐️$VTHO/USDT  SHORT

🛡Leverage : Cross 25x50

‼️En...007164

Use only 3% - 5% amount of your portfolio🛍",a5949bc88bb9aeba708e0e4f97504cbf,2026-09-10T14:20:25+00:00,2026-09-13T20:48:14.501105+00:00,962,imrranbigbull
1247734,35508,"🟢#FLOCK/USDT

📈Signal: long Leverage: Cross 20X

⚡...even after TP1 is hit.

📣Trade Smart • Follow Risk",071f5eb031f356d160135e73f529d05d,2026-09-10T14:20:09+00:00,2026-09-13T20:48:14.225317+00:00,962,imrranbigbull
1247732,35505,"#LONG 🟢🔤🔤🔤🔤🔤

#ETH/USDT

Margin Mode : Isolated 💎
...581

🟥 SL : 2352 - 100%   

📊 LEV : 30X

🇯🇵Premium",0debbcf08e041e59539e0b0606bb6616,2026-09-10T13:34:30+00:00,2026-09-13T20:48:14.170824+00:00,962,imrranbigbull
1247726,35502,"⭐ VTHO /USDT — LONG

💵 ENTRY: 0.0006450-0.0006200
...o

📌 Follow the setup and manage your risk wisely.",5319e5efe02b2ad39795bd86b8a90eec,2026-09-10T13:13:01+00:00,2026-09-13T20:48:13.978560+00:00,962,imrranbigbull
1247725,35500,"🚨 #BR/USDT | LONG

⚡Leverage: Cross 25x

🎯Entry Ta... follow the signal and secure profits at targets.💎",e9dc46107808bf3d50a692cc9df2eedb,2026-09-10T13:07:49+00:00,2026-09-13T20:48:13.967153+00:00,962,imrranbigbull
1247716,35487,"💫 Pair: BTC/USDT  💫

🔼 Direction: Long 🔼

✅ Levera... Profit: 80600.00 📈

⚠️ Stop Loss: 74550.00 ⚠️

📈📈",10e78d3070662e68c060b90691466201,2026-09-10T13:06:02+00:00,2026-09-13T20:48:02.967779+00:00,962,imrranbigbull
1247715,35486,"SHORT

KASU/USDT

MARKET PRICE 

Leverage: 10X

TP...5% of capital 

Always use proper risk management.",6bf501123417bbdfb4665eb81a028f28,2026-09-10T12:54:22+00:00,2026-09-13T20:48:02.899358+00:00,962,imrranbigbull
1247713,35485,"ETH/ USDT/ LONG
Entry at market price 

Cross || L...only 1% of your wallet. 
Manage your risk properly",883e322e8d2dfb5331e9f79cba6e5f6d,2026-09-10T12:54:22+00:00,2026-09-13T20:48:02.854653+00:00,962,imrranbigbull
1247709,35479,"🚩 SHORT #REZ/USDT

⚙️ 50X LEVERAGE

🛡 Entry: 0.003....003230
TP3: 0.003150

🛑 SL: 0.003580

🔥REACTIONS?",b3d738bebd25ae6bcb188009f63ad428,2026-09-10T12:45:24+00:00,2026-09-13T20:48:02.770570+00:00,962,imrranbigbull
1247706,35477,"⭐ REZ /USDT — SHORT

💵 ENTRY: 0.003370-0.003460

⚙...o

📌 Follow the setup and manage your risk wisely.",a0b22fd2e964444dd0cd6f14244d887a,2026-09-10T12:45:24+00:00,2026-09-13T20:48:02.625964+00:00,962,imrranbigbull
1247703,35474,"➡️ #CRV     /USDT (SHORT) 🔽🔽

⌛LEVERAGE : 20X TO 7...0


💥Use only 1%margin of your total portfolio❤️😘😇",ff7450c511a94f3a9c34126b7c3462a4,2026-09-10T12:45:24+00:00,2026-09-13T20:48:02.486777+00:00,962,imrranbigbull
1247700,35470,"🚨 #VTHO/USDT | LONG

⚡Leverage: Cross 50x

🎯Entry ... follow the signal and secure profits at targets.💎",a4f43b0b73dcf27f809458f21e45c241,2026-09-10T12:45:24+00:00,2026-09-13T20:48:02.461014+00:00,962,imrranbigbull
1247699,35471,"New longs #BTC 25x at $77,400 📈

TP : 79,400 

S/L : 75,400

R/R : 1:1",b0a8ab597eb0625cbfdf16e41c9e22c8,2026-09-10T12:45:24+00:00,2026-09-13T20:48:02.455112+00:00,962,imrranbigbull
1247698,35469,"🟢#APR/USDT

📈Signal: long Leverage: Cross 20X

⚡️E...even after TP1 is hit.

📣Trade Smart • Follow Risk",456ea2c8a20b8f901f01c84e9a2b212c,2026-09-10T12:45:13+00:00,2026-09-13T20:48:02.451949+00:00,962,imrranbigbull
1247697,35468,"Long #APR 0.1505

Tp 0.1550",f8a4d4f956a509933fb28a952c434833,2026-09-10T12:45:13+00:00,2026-09-13T20:48:02.437300+00:00,962,imrranbigbull
1247695,35466,"🚩 SHORT #ZEST/USDT

⚙️ 50X LEVERAGE

🛡 Entry: 0.13...: 0.13040
TP3: 0.12850

🛑 SL: 0.14100

🔥REACTIONS?",2091ea81a99e0d0cb6015b5adaaa7ff8,2026-09-10T12:45:13+00:00,2026-09-13T20:48:02.364776+00:00,962,imrranbigbull
1247689,35462,"🌈PAIR:- VTHO/USDT
⚡️ Direction : LONG
🛠 Leverage: ...nt Usage:- 1 - 2%
(According To your Risk Setting)",d3f9838f30b7532d196358d3f8fe7818,2026-09-10T11:48:05+00:00,2026-09-13T20:48:02.106060+00:00,962,imrranbigbull
1247687,35461,"💰#VTHO/ USDT👑

💎Setup Type: Strong LONG  🔖Opportun....0007300

4️⃣TP ➝ 0.0008500

🚫Stop Loss: 0.0005800",6766c8c2fe27b35da8172ec3fcf6985e,2026-09-10T11:48:05+00:00,2026-09-13T20:48:02.094917+00:00,962,imrranbigbull
1247691,35459,"⭐️$REZ/USDT  LONG

🛡Leverage : Cross 25x50

‼️Entr...003234

Use only 3% - 5% amount of your portfolio🛍",00559f4374fef9d9d7f93fbe12b1973d,2026-09-10T11:33:01+00:00,2026-09-13T20:48:02.254492+00:00,962,imrranbigbull
1247686,35457,"🚨 #PHAROS/USDT | LONG

⚡Leverage: Cross 20x

🎯Entr... follow the signal and secure profits at targets.💎",e670912eb1d1ca22837666561e7738a2,2026-09-10T11:33:01+00:00,2026-09-13T20:48:02.087926+00:00,962,imrranbigbull
1247690,35455,"🚨 #REZ/USDT | SHORT

⚡Leverage: Cross 50x

🎯Entry ... follow the signal and secure profits at targets.💎",788d9c37af34b12068cb1a549e687e8f,2026-09-10T11:21:48+00:00,2026-09-13T20:48:02.136595+00:00,962,imrranbigbull
1247688,35456,"Pair: #ARB/USDT

Long • (10X-50X)

Entry
0.1477 - ...t your own risk. Always use proper risk management",9d6eb8750a4f09ef3805c1d0afb4e030,2026-09-10T11:21:48+00:00,2026-09-13T20:48:02.098699+00:00,962,imrranbigbull
1247683,35454,"➡️ #REZ     /USDT (LONG) 🔼🔼

⌛LEVERAGE : 20X TO 75...9


💥Use only 1%margin of your total portfolio❤️😘😇",bb05bb78417b0f71367ee5a52357dc0a,2026-09-10T11:21:48+00:00,2026-09-13T20:48:02.069212+00:00,962,imrranbigbull
1247682,35453,"🔴 SHORT

#RUNE/USDT

Entry : 

1) 0.4966
2) 0.5114...0.4622

🛑 Stop : 0.5278

Leverage : 10x (isolated)",aad2a9aa7d3bd7c260bf91b9a6ee42b0,2026-09-10T11:21:48+00:00,2026-09-13T20:48:02.060921+00:00,962,imrranbigbull
1247681,35452,"⛽️Pair: PHAROS/USDT
Type: LONG 🟢
✅Leverage:  (20X_...) 0.52
2) 0.55
3) 0.60
4) 0.72

❌ STOP LOSS: 0.44❌",6dd3cd0d22e67e27c84a8359983325bf,2026-09-10T11:21:48+00:00,2026-09-13T20:48:01.996469+00:00,962,imrranbigbull
1247675,35450,"Long #RVN 50x 0.002400

Tp: 0.002500",8dafd0b7f1c0f2f59b442c515271daad,2026-09-10T10:51:32+00:00,2026-09-13T20:48:01.785560+00:00,962,imrranbigbull
1247679,35445,"📈 LONG #VTHO/USDT

🚀 LEVERAGE : 50x

📊 ENTRY PRICE...0660

TP🟢0.000700

STOPLOSS 🔴0.000570


REACTIONS?",0d119ca7caeb1fe6ab71576daa2e1acd,2026-09-10T10:44:22+00:00,2026-09-13T20:48:01.837190+00:00,962,imrranbigbull
1247678,35448,"✨HYPE/USDT

🎗 Trade Type = LONG 🟢

⭐️ Leverage :- ...[ 83.772, 84.582, 85.535, 86.288, 87.318, 88.092 ]",69180670a8f6a80fdd18f6a14a358adb,2026-09-10T10:44:22+00:00,2026-09-13T20:48:01.798163+00:00,962,imrranbigbull
1247677,35449,"#ORDER/USDT LONG     

👉Leverage : Cross 10× To 30...  0.0372
2)  0.0390
3)  0.0419

⭕Stoploss : 0.0344",4a271613cd81566323f1626bfc3a11f2,2026-09-10T10:44:22+00:00,2026-09-13T20:48:01.797201+00:00,962,imrranbigbull
1247674,35443,"🚨 #ORDER/USDT — POWER LONG 

⚡️ ENTRY ZONE: 0.0363...re profits step by step
🪖 NO FEAR — JUST PROFITS 🪙",d0b98288bdc5acf5413bd8d44a5f5897,2026-09-10T10:44:22+00:00,2026-09-13T20:48:01.771170+00:00,962,imrranbigbull
1247671,35447,"🔘 Coin : #KAS/USDT 🔘

🔴 SHORT

🔺Entry🔻: 0.03873

⭐... - 0.03678

♦️ StopLoss : 0.03998

🔱 Leverage: 25x",96bbaa44c3b5f43e5b659e62e042c509,2026-09-10T10:44:22+00:00,2026-09-13T20:48:01.751113+00:00,962,imrranbigbull
1247664,35444,"⚡️$LSK/USDT⚡️

LONG
Leverage: 10X

Entry: 0.1240 -...get:

1)0.1280
2)0.1360
3)0.1490

Stoploss: 0.1070",ea958f562a9ae74dd6c8a2eb69d669f9,2026-09-10T10:44:22+00:00,2026-09-13T20:48:01.709622+00:00,962,imrranbigbull
1247662,35440,🟢LINK/USDT LONG NOW,8b91e3de5ce9ab6aa526053a3264d123,2026-09-10T10:44:22+00:00,2026-09-13T20:48:01.698549+00:00,962,imrranbigbull
1247661,35441,"🟢LINK/USDT My Long Trade Setup

Leverage 75X

Entr...2.100

Stop Loss   11.550

Follow Money Management",0c454bc7adf28ea9c5f46fa4ffc57d06,2026-09-10T10:44:22+00:00,2026-09-13T20:48:01.692479+00:00,962,imrranbigbull
1247666,35437,"🚀 SHORT: $VTHO/USDT
LEVERAGE: 50x

✔️ENTRY PRICE: ...05400-0.0005000

STOP LOSS:  0.000620


REACTIONS?",3386d702288a3f651dd3aeef2be0ea40,2026-09-10T10:44:10+00:00,2026-09-13T20:48:01.726335+00:00,962,imrranbigbull
1247658,35439,"💫 Pair: XAU/USDT  💫

🔼 Direction: Long 🔼

✅ Levera...ke Profit: 4495.00 📈

⚠️ Stop Loss: 4342.00 ⚠️

📈📈",69aaab00c8e976b08cf0d3ffdf3ffd47,2026-09-10T10:44:10+00:00,2026-09-13T20:48:01.676914+00:00,962,imrranbigbull
1247654,35436,"💰#VTHO/ USDT👑

💎Setup Type: Strong SHORT  🔖Opportu...0004500

4️⃣TP ➝ 0.00040000

🚫Stop Loss: 0.0006700",d6417cc92435e95f59684e92e910a618,2026-09-10T10:44:10+00:00,2026-09-13T20:48:01.552961+00:00,962,imrranbigbull
1247652,35432,"#BTWUSDT — BUY (LONG) 
🎉
🟢 Leverage: Cross  50x75
...Risk Management:
Use only 2%– 3%of your portfolio.",ede4057a0300208df6316c0550962614,2026-09-10T10:44:10+00:00,2026-09-13T20:48:01.524082+00:00,962,imrranbigbull
1247642,35433,"🚨 #EGLD/USDT | LONG

⚡Leverage: Cross 50x

🎯Entry ... follow the signal and secure profits at targets.💎",b77d926c65198a503697c989bdcbd09f,2026-09-10T10:44:10+00:00,2026-09-13T20:48:01.456325+00:00,962,imrranbigbull
1247638,35435,"💰#BR/ USDT👑

💎Setup Type: Strong LONG  🔖Opportunit...TP ➝ 0.33000

4️⃣TP ➝ 0.43000

🚫Stop Loss: 0.24800",0b103ecb7b18a1ce650c16461355dfe0,2026-09-10T10:44:10+00:00,2026-09-13T20:48:01.445170+00:00,962,imrranbigbull
1247629,35438,"$LSK/USDT #LONG📩

✅ENTRY :-0.1240/0.1190

Target 1...𝐎𝐧𝐥𝐲 𝟏-𝟑% 𝐎𝐟 𝐎𝐮𝐫 𝐃𝐞𝐩𝐨𝐬𝐢𝐭 𝐅𝐨𝐫 𝐄𝐚𝐜𝐡 𝐓𝐫𝐚𝐝𝐞

React,??m",0d106fe07e7789e3ddb46ca1915a55ae,2026-09-10T10:44:10+00:00,2026-09-13T20:48:01.347620+00:00,962,imrranbigbull
1247660,35419,"🚨 #VTHO/USDT | SHORT

⚡Leverage: Cross 50x

🎯Entry... follow the signal and secure profits at targets.💎",49dedd3bfc96489fcb7c71e19acacf50,2026-09-10T09:55:42+00:00,2026-09-13T20:48:01.687494+00:00,962,imrranbigbull
1247659,35424,"✅ Long

#ETC/USDT

Entry zone : 7.572 - 7.807

Tak...311
8.544
8.777

Stop loss :7.26051

Leverage: 10x",712f66d87a23bb8806d42539e2fef3e6,2026-09-10T09:55:42+00:00,2026-09-13T20:48:01.681048+00:00,962,imrranbigbull
1247651,35422,"#KAS/USDT LONG     

👉Leverage : Cross 10× To 30×
...
1)  0.040
2)  0.042
3)  0.044

⭕Stoploss : 0.0367",d5976cbb8695bf93c6c3cc22ac58ae6b,2026-09-10T09:55:42+00:00,2026-09-13T20:48:01.511257+00:00,962,imrranbigbull
1247640,35421,"🚨 #KAS /USDT — POWER LONG 

⚡️ ENTRY ZONE: 0.03915...re profits step by step
🪖 NO FEAR — JUST PROFITS 🪙",54359ce3303e1aea69f9018cf4d7bb19,2026-09-10T09:55:42+00:00,2026-09-13T20:48:01.447569+00:00,962,imrranbigbull
1247636,35423,"🐳 LSK/USDT #LONG🐳

✳️ ENTRY :- 0.118 - 0.113

💢 LE...: 0.145

⛔️ STOP-LOSS :- 0.108

☝️ Margin Use 2–3%",80614d7a2d13c308e9f369fd6ebf121a,2026-09-10T09:55:42+00:00,2026-09-13T20:48:01.437969+00:00,962,imrranbigbull
1247631,35426,"⭐️$VTHO/USDT  LONG

🛡Leverage : Cross 25x50

‼️Ent...004527

Use only 3% - 5% amount of your portfolio🛍",0c8a19dc96fb62c6f19224efb2a021c0,2026-09-10T09:55:42+00:00,2026-09-13T20:48:01.422466+00:00,962,imrranbigbull
1247655,35416,"⚡️$EGLD/USDT⚡️

LONG
Leverage: 25X 

Entry: 5.62 -....35

Target:

1)5.70
2)5.90
3)6.50

Stoploss: 5.00",ae64ad26c78e5aedfefd655b40b16683,2026-09-10T09:30:02+00:00,2026-09-13T20:48:01.574356+00:00,962,imrranbigbull
1247645,35414,"SHORT BNB

🔖 MARKET SETUP

 ✔️Entry: 718.5
 ⛔️ SL:... TP: 704

⚠️ Capital: 3% max. Discipline = Profit!",4f3caf7cd917f7d21262a4a0a7c905b3,2026-09-10T09:30:02+00:00,2026-09-13T20:48:01.462318+00:00,962,imrranbigbull
1247643,35415,"📊 #EGLD/USDT

🟢 POSITION: LONG

💰 ENTRY RANGE
➤ 5....S
➤ 5.00

━━━━━━━━━━━━━━━━━━

✅ Manage risk wisely",e39ff22cb0c32112c90dddf4a332c826,2026-09-10T09:30:02+00:00,2026-09-13T20:48:01.456928+00:00,962,imrranbigbull
1247672,35413,"DAY/TRADE 🏆

LONG SOL/USDT📈📈📈

ENTRY: 96.59

TP1: ...agement 🏆

Use only 10% of your 📈Available balance",70ad0d436af60d7102e1496782d3f8aa,2026-09-10T09:08:59+00:00,2026-09-13T20:48:01.757490+00:00,962,imrranbigbull
1247673,35411,"🔰 PAIR: RUNE/ USDT 💹

🟢Position: LONG🚀

☑️ Entry Z...gets:
🥇 0.487
🥈 0.490
🥉 0.500

❌ Stop Loss: 🔴0.470",f71afe32b98b44b9220b31aefc53dd00,2026-09-10T08:34:57+00:00,2026-09-13T20:48:01.763272+00:00,962,imrranbigbull
1247656,35410,"🚀 #EGLDUSDT LONG SIGNAL 🚀

📌 ENTRY ➜ 5.285

🎯 TAKE...ch this move together!

🪙 Trade Smart • Trade Safe",aed28fdda2f7deb7f5d7c8bc06d6fe15,2026-09-10T08:34:57+00:00,2026-09-13T20:48:01.575453+00:00,962,imrranbigbull
1247634,35409,EGLD LONG 5.285 tp1 5.400,bfca3d6cc374136202d22e5161112904,2026-09-10T08:34:57+00:00,2026-09-13T20:48:01.431770+00:00,962,imrranbigbull
1247653,35402,#VTHO long 0.0006560 tp 0.0006700,a4ab9ba3cb6b0c273ae2767861d92640,2026-09-10T08:06:33+00:00,2026-09-13T20:48:01.539269+00:00,962,imrranbigbull
1247648,35406,"⭐️$VTHO/USDT  LONG

🛡Leverage : Cross 25x50

‼️Ent...005131

Use only 3% - 5% amount of your portfolio🛍",74bf433745e2f624d7f2917659613d1a,2026-09-10T08:06:33+00:00,2026-09-13T20:48:01.470707+00:00,962,imrranbigbull
1247647,35407,"#HIVE | SHORT SETUP

💰 Entry: $0.04445

🎯 Target1:...t4: $0.04276
🎯 Target5: $0.04214

🛡 STOP: $0.04667",70d835b40de112c453cff82de5e39057,2026-09-10T08:06:33+00:00,2026-09-13T20:48:01.467624+00:00,962,imrranbigbull
1247637,35403,"🚨 #VTHO /USDT — POWER LONG 

⚡️ ENTRY ZONE: 0.0006...re profits step by step
🪖 NO FEAR — JUST PROFITS 🪙",7eeace549f99a76edcafc609dc0d1918,2026-09-10T08:06:33+00:00,2026-09-13T20:48:01.439733+00:00,962,imrranbigbull
1247650,35399,"⌛#ARB/USDT  ( SHORT )

🍁 Leverage 👉 20X to 25X 

⛩... 0.14249 | 0.14100 | 0.13937

🔕 Stoploss = 0.15444",3476432ee3cb7778ac03dcfa6e306b1d,2026-09-10T07:48:56+00:00,2026-09-13T20:48:01.509737+00:00,962,imrranbigbull
1259015,35809,"Trade: #ENA/USDT

Direction: 📈 LONG 

🟢 Entry Rang...20
• Target 6: 0.1536

💠 Leverage : 5x - 10x - 20x",d9c4274fb7c6eb2fdb31f62937263959,2026-09-11T07:13:04+00:00,2026-09-13T22:15:55.657838+00:00,962,imrranbigbull
1258990,35811,"🚀 LONG: $MARSCOIN/USDT🚀
LEVERAGE: 20X-50X

🤍 ENTRY...30- 0.1430
—————

❌ STOP LOSS: 0.1040❌


REACTIONS",d967acd57f4e8f830f813afa7c1ccd27,2026-09-11T07:13:04+00:00,2026-09-13T22:15:55.545763+00:00,962,imrranbigbull
1258973,35810,"🚀 $DOGS/USDT PERP 🚀

🟢 LONG

💰 Entry : 0.0000475$ ... – 25X

⛔️ SL : 0.000042$

📌 Use Only 2-5% Capital",7e48456324a47f0f3f12b737ddbda96f,2026-09-11T07:13:04+00:00,2026-09-13T22:15:55.417654+00:00,962,imrranbigbull
1258976,35806,"Coin #AKE /USDT

Position: LONG 

Leverage:  Cross...rgets: 🎯 0.0154, 0.0175, 0.0207

Stop Loss: 0.0122",9454b47cc463417ed3e4480041622432,2026-09-11T07:12:57+00:00,2026-09-13T22:15:55.473996+00:00,962,imrranbigbull
1258964,35807,"📊#FF/USDT–SHORT–30x 🚀

📍 𝐄𝐧𝐭𝐫𝐲 𝐙𝐨𝐧𝐞:

➥ 0.1693, 0....tal.

⚠️ Disclaimer:
Trade at your own risk. DYOR.",540f80c5a3426df273a0f4afcbf957a7,2026-09-11T07:12:57+00:00,2026-09-13T22:15:55.308088+00:00,962,imrranbigbull
1258944,35808,"⚡️$XAN/USDT⚡️

LONG
Leverage: 25X 

Entry: 0.0118
...h target.

📈 Risk Managed Trade | High R:R Setup 💎",ffe0f9ae4bb72545e48ef31c27d0a377,2026-09-11T07:12:57+00:00,2026-09-13T22:15:54.982501+00:00,962,imrranbigbull
1258995,35801,"#EVAA/USDT LONG     

👉Leverage : Cross 10× To 30×...  0.5285
2)  0.5440
3)  0.5700

⭕Stoploss : 0.4940",43dd2851d36eb30b3be03056abac1d10,2026-09-11T07:12:51+00:00,2026-09-13T22:15:55.566116+00:00,962,imrranbigbull
1258982,35802,"#LSK/USDT LONG     

👉Leverage : Cross 10× To 30×
...

1)  0.137
2)  0.142
3)  0.154

⭕Stoploss : 0.127",6e6e5c30ffce6a82d041b18d76d5a16b,2026-09-11T07:12:51+00:00,2026-09-13T22:15:55.507022+00:00,962,imrranbigbull
1258963,35803,"📊 #LSK/USDT

🟢 POSITION: LONG

💰 ENTRY RANGE
➤ 0.1...
➤ 0.105

━━━━━━━━━━━━━━━━━━

✅ Manage risk wisely",d58a5d729d770ef9335e951772f33c22,2026-09-11T07:12:51+00:00,2026-09-13T22:15:55.291689+00:00,962,imrranbigbull
1259003,35796,"$ZEC/USDT #SHORT📩

✅ENTRY :-1065/1100

Target 1:10...𝐎𝐧𝐥𝐲 𝟏-𝟑% 𝐎𝐟 𝐎𝐮𝐫 𝐃𝐞𝐩𝐨𝐬𝐢𝐭 𝐅𝐨𝐫 𝐄𝐚𝐜𝐡 𝐓𝐫𝐚𝐝𝐞

React,??m",82c972382c15c796baaa5ae613bde2b0,2026-09-11T07:12:41+00:00,2026-09-13T22:15:55.590887+00:00,962,imrranbigbull
1258987,35797,"✅ Long

#ETC/USDT

Entry zone : 7.397 - 7.626

Tak...119
8.346
8.574

Stop loss :7.09218

Leverage: 10x",6ae1f2de3fecaed25a911cfe1edba815,2026-09-11T07:12:41+00:00,2026-09-13T22:15:55.531824+00:00,962,imrranbigbull
1258972,35795,"💵 𝐒𝐈𝐆𝐍𝐀𝐋 𝐀𝐋𝐄𝐑𝐓 💵

#USELESS/USDT (25xSHORT)

✅ ENTR...TARGETS:-0.2010/0.1930/0.1820

❌ STOP LOSS: 0.2370",43717fdae603c28dc6980f83761b72c0,2026-09-11T07:12:41+00:00,2026-09-13T22:15:55.408043+00:00,962,imrranbigbull
1259010,35788,"🟢 Long

#XMR/USDT

Entry : 

1) 503.74
2) 488.62

...538.20

🛑 Stop : 472.00

Leverage : 10x (isolated)",b1910470d3196bc6816d79a8f5739dcf,2026-09-11T07:12:30+00:00,2026-09-13T22:15:55.645498+00:00,962,imrranbigbull
1259002,35789,"🐳 NEWT/USDT #SHORT🐳

✳️ ENTRY :- 0.04120 - 0.04260...0.035

⛔️ STOP-LOSS :- 0.04430

☝️ Margin Use 2–3%",f4d04cf0931593546165a4a8d3c3b9d2,2026-09-11T07:12:30+00:00,2026-09-13T22:15:55.590052+00:00,962,imrranbigbull
1258951,35783,"#LONG 🟢🔤🔤🔤🔤🔤

#SEI/USDT

Margin Mode : Isolated 💎
...

🟥 SL : 0.04247 - 100%   

📊 LEV : 20X

🇯🇵Premium",187c736ee4115c8b111e686c154001f5,2026-09-11T07:12:21+00:00,2026-09-13T22:15:55.003466+00:00,962,imrranbigbull
1258969,35779,"#EVAA/USDT

📈Signal: long Leverage: Cross 50X

⚡️E...even after TP1 is hit.

🔈Trade Smart • Follow Risk",a3337ef5603740cd1ad8c21acaa2ecad,2026-09-11T07:12:14+00:00,2026-09-13T22:15:55.386777+00:00,962,imrranbigbull
1259007,35772,"📊 Let’s SHORT #LSK/USDT

💥 Leverage:  Cross 20×  -...1) 0.1240
2) 0.1190
3) 0.1120

🔖 Stop Loss: 0.1320",fe9f3b57587bd3455f3171bc54e7c895,2026-09-11T07:12:02+00:00,2026-09-13T22:15:55.638599+00:00,962,imrranbigbull
1259004,35774,"📊 Let’s LONG #EVAA/USDT

💥 Leverage:  Cross 20×  -...1) 0.5286
2) 0.5450
3) 0.5700

🔖 Stop Loss: 0.4810",83be0115c900048fe1ccc5db90407356,2026-09-11T07:12:02+00:00,2026-09-13T22:15:55.618040+00:00,962,imrranbigbull
1258992,35771,"📊 Let’s SHORT #LINK/USDT

💥 Leverage:  Cross 20×  ...1.2965
2) 11.1640
3) 10.9400

🔖 Stop Loss: 11.7650",8d99287528fb09ffa08018ee7a9a8553,2026-09-11T07:12:02+00:00,2026-09-13T22:15:55.548735+00:00,962,imrranbigbull
1259019,35767,"$LSK/USDT

SHORT SHORT SHORT 

IST ENTRY AT MARKET... 0.12608 - 0.12532 - 0.12447

16x Lev 

SL 0.13145",b38539b0df724b5783e2eb8f46e4932a,2026-09-11T07:11:52+00:00,2026-09-13T22:15:55.724173+00:00,962,imrranbigbull
1259000,35768,"📊 Let’s LONG #DEXE/USDT

💥 Leverage:  Cross 20×  -...: 

1) 1.970
2) 2.035
3) 2.090

🔖 Stop Loss: 1.805",da23d718ce40208eb0305f7e7fe6f35e,2026-09-11T07:11:52+00:00,2026-09-13T22:15:55.585815+00:00,962,imrranbigbull
1259006,35766,"#DOTUSDT — BUY (LONG) 
🎉
🟢 Leverage: Cross  50x75
...Risk Management:
Use only 2%– 3%of your portfolio.",7a2288f387ac879bdef191ac85808a4b,2026-09-11T07:11:51+00:00,2026-09-13T22:15:55.632590+00:00,962,imrranbigbull
1258980,35763,"#PTBUSDT — BUY (LONG) 
🎉
🟢 Leverage: Cross  50x75
...Risk Management:
Use only 2%– 3%of your portfolio.",d807c3fe058773e3f0c968c0a48ce16b,2026-09-11T07:11:51+00:00,2026-09-13T22:15:55.495912+00:00,962,imrranbigbull
1258854,35616,"🔴 Short

Pair: #COMP/USDT

📊 Entry Price: 

1) 20....9.36
4) 18.93

Stop Loss: 21.62

Leverage: 10x-20x",99a04526f307d8e0ffbaf1cbbcd15389,2026-09-10T21:11:21+00:00,2026-09-13T22:15:40.187200+00:00,962,imrranbigbull
1258839,35612,"⚡️⚡️#EPIC/USDT⚡️⚡️

Signal Type : Short
Leverage :...
1) 0.3744
2) 0.3570
3) 0.3416

Stop Loss : 0.3966",124d39b693cd9ad1092d444222f4e3a2,2026-09-10T18:27:30+00:00,2026-09-13T22:15:40.064839+00:00,962,imrranbigbull
1258819,35611,"🔰 PAIR: SAGA/ USDT 💹

🟢Position: LONG🚀

☑️ Entry Z...0.01819
🥈 0.01877
🥉 0.02017

❌ Stop Loss: 🔴0.01642",1f1c5aa54aca7a0e9e12148d54696ede,2026-09-10T18:27:30+00:00,2026-09-13T22:15:39.885529+00:00,962,imrranbigbull
1258811,35609,"Long #VTHO 50x 0.0006100

Tp: 0.0006300",7174b29964ada20e84f9e91b253dc3a6,2026-09-10T18:27:30+00:00,2026-09-13T22:15:39.500044+00:00,962,imrranbigbull
1258807,35610,"#ETH

ETH has taken out the liquidity at the botto...55
🚀 Targets: 2479 / 2546 / 2605
📉 Stop Loss: 2379",2dd088b568fd775ccc4f7667e3f81af7,2026-09-10T18:27:30+00:00,2026-09-13T22:15:39.041493+00:00,962,imrranbigbull
1266555,36016,"🟢 Long

#DOT/USDT

Entry : 

1) 1.056400
2) 1.0247...8673

🛑 Stop : 0.989846

Leverage : 10x (isolated)",b6e4abcbc22392da567a48fd92980cc5,2026-09-11T16:54:24+00:00,2026-09-14T11:19:58.507678+00:00,962,imrranbigbull
1266551,36018,LAB LONG 0.06375 TP1 0.06500,e7486addea9105a563234283910b1421,2026-09-11T16:54:24+00:00,2026-09-14T11:19:58.499553+00:00,962,imrranbigbull
1266536,36015,"🚨 #LAB/USDT | LONG

⚡Leverage: Cross 50x

🎯Entry T... follow the signal and secure profits at targets.💎",4433168da5f47480761a9ade4d5c129e,2026-09-11T16:54:24+00:00,2026-09-14T11:19:58.426876+00:00,962,imrranbigbull
1266506,36014,"#LABUSDT — BUY (LONG) 
🎉
🟢 Leverage: Cross  50x75
...Risk Management:
Use only 2%– 3%of your portfolio.",c793d470fd980edf762d1cfc532d9ea6,2026-09-11T16:54:24+00:00,2026-09-14T11:19:58.242280+00:00,962,imrranbigbull
1266519,35976,"EXCHANGE/BYBIT/BITUNIX/OKX📌 


DAY TRADE 🏆

LONG/F...agement 🏆


Use only 5% of your 📈Available balance",0bc1e07dce99a0317005e2214436da17,2026-09-11T15:07:21+00:00,2026-09-14T11:19:58.304929+00:00,962,imrranbigbull
1266544,35970,"🔰 PAIR: CRV/ USDT 💹

🟢Position: LONG🚀

☑️ Entry Zo...:
🥇 0.3560
🥈 0.3584
🥉 0.3625

❌ Stop Loss: 🔴0.3470",1e7ce2ee18d2f2c7a6ad4feb6f7ae687,2026-09-11T14:44:26+00:00,2026-09-14T11:19:58.479077+00:00,962,imrranbigbull
1266509,35968,"#MET/ USDT — BUY (LONG) 
Leverage: Cross 25x – 50x...T IS KEY
👉 Use ONLY 2 – 3% of your total portfolio",7c6bd68c487998f78151f0ea3682f779,2026-09-11T14:44:21+00:00,2026-09-14T11:19:58.248116+00:00,962,imrranbigbull
1266565,35931,"🚀 #XANUSDT LONG SIGNAL 🚀

📌 ENTRY ➜ 0.01174

🎯 TAK...ch this move together!

🔓 Trade Smart • Trade Safe",d9925c83f257463d6f304bcd6aa88568,2026-09-11T14:23:32+00:00,2026-09-14T11:19:58.530401+00:00,962,imrranbigbull
1266521,35932,"🚨 NEW TRADE SIGNAL 🚨

📊 ETH/USDT — LONG 

📍 ENTRY:...Manage your risk & trade responsibly.

🔥 LET’S GO!",26977d223a15b6d5778c2e8980fe7c16,2026-09-11T14:23:32+00:00,2026-09-14T11:19:58.314379+00:00,962,imrranbigbull
1266494,35933,"🌈PAIR:- #ETH/USDT
⚡️ Direction : LONG
🛠 Leverage: ...nt Usage:- 1 - 2%
(According To your Risk Setting)",934d88f7fb3b129265d1123eec750fb6,2026-09-11T14:23:32+00:00,2026-09-14T11:19:57.980990+00:00,962,imrranbigbull
1266485,35926,"ETH / USDT 

SHORT SHORT SHORT 

IST ENTRY AT MARKET PRICE 

TP 2600 , 2590

SL 2680

20x Leverage",f35459a70b83b4110ea87a5736cb187f,2026-09-11T14:23:32+00:00,2026-09-14T11:19:57.498199+00:00,962,imrranbigbull
1266523,35919,"$SOL SHORT (100x) ⚡️

ENTRY : 101👍

TARGETS PRICE:...9.60
2⃣ 98.00
3️⃣ 96.00
🤩 93.38

⛔️STOP LOSS : 108",c44f29ccbbd254d0f97338c731f5c49e,2026-09-11T13:44:15+00:00,2026-09-14T11:19:58.317432+00:00,962,imrranbigbull
1266490,35916,"#LONG 🟢🔤🔤🔤🔤🔤

#STX/USDT

Margin Mode : Isolated 💎
...6

🟥 SL : 0.2484 - 100%   

📊 LEV : 20X

🇯🇵Premium",a6521b82cd1ff4e42b704229442cbba9,2026-09-11T13:44:15+00:00,2026-09-14T11:19:57.527591+00:00,962,imrranbigbull
1266486,35918,"#MARSCOIN/ USDT — BUY (LONG) 
Leverage: Cross 25x ...T IS KEY
👉 Use ONLY 2 – 3% of your total portfolio",6f7e6d36cc2d1bc9b00dd7401c5ece76,2026-09-11T13:44:15+00:00,2026-09-14T11:19:57.511493+00:00,962,imrranbigbull
1266484,35915,"💵 𝐒𝐈𝐆𝐍𝐀𝐋 𝐀𝐋𝐄𝐑𝐓 💵

#AIO/USDT (25xSHORT)

✅ ENTRY:0....TARGETS:-0.03950/0.03750/0.034

❌ STOP LOSS: 0.046",b0cc64e8d8b69d1d3beecb5a43aa87cf,2026-09-11T13:44:15+00:00,2026-09-14T11:19:57.429726+00:00,962,imrranbigbull
1266483,35914,"📈 LONG #NIULAI/USDT

🚀 LEVERAGE : 50x

📊 ENTRY PRI...3

TP🟢0.148

TP🟢0.154

STOPLOSS 🔴0.133

REACTIONS?",b4c7b82d7152f0753e9be608c1fa702a,2026-09-11T13:44:15+00:00,2026-09-14T11:19:57.398375+00:00,962,imrranbigbull
1266387,35912,"📊 Let’s LONG #MAGMA/USDT

💥 Leverage:  Cross 20×  ...1) 0.2575
2) 0.2660
3) 0.2780

🔖 Stop Loss: 0.2360",477227ec3ece86817fa5f8354e8050ae,2026-09-11T13:44:15+00:00,2026-09-14T11:19:45.585369+00:00,962,imrranbigbull
1266359,35909,"#THETA/ USDT — BUY (LONG) 
Leverage: Cross 25x – 5...T IS KEY
👉 Use ONLY 2 – 3% of your total portfolio",ee157bed2280bd93defc06128b050be5,2026-09-11T13:44:14+00:00,2026-09-14T11:19:45.516045+00:00,962,imrranbigbull
1266326,35907,"#MAGMA/USDT

📈Signal: long Leverage: Cross 50X

⚡️...even after TP1 is hit.

📣Trade Smart • Follow Risk",a65f4f7dd727ae6f3c409918076237ff,2026-09-11T13:44:14+00:00,2026-09-14T11:19:45.333486+00:00,962,imrranbigbull
1266354,35904,"⭐ FF /USDT — LONG

💵 ENTRY: 0.16400-0.15000

⚙️ LE...o

📌 Follow the setup and manage your risk wisely.",8ac37ae37d7ce88519043a0428b15c41,2026-09-11T13:07:01+00:00,2026-09-14T11:19:45.503886+00:00,962,imrranbigbull
1266329,35902,"ETH/USD SELL 

Entry : $ 2501

Target1: $  2482
Target2: $  2442
Target3: $  2414


SL : $ 2539",9606fda8a195f00a1e7cf5028ad3a934,2026-09-11T13:07:01+00:00,2026-09-14T11:19:45.396790+00:00,962,imrranbigbull
1266380,35899,"⭐ RAY /USDT — LONG

💵 ENTRY: 1.6090-1.5500

⚙️ LEV...o

📌 Follow the setup and manage your risk wisely.",9e65d0723304d258d80c15f4d861f62b,2026-09-11T12:59:53+00:00,2026-09-14T11:19:45.570140+00:00,962,imrranbigbull
1266361,35900,"🚨 NEW TRADE SIGNAL 🚨

📊 USELESS/USDT — LONG 

📍 EN...Manage your risk & trade responsibly.

🔥 LET’S GO!",ea4f353aec122b4a5e246e3447f275d9,2026-09-11T12:59:53+00:00,2026-09-14T11:19:45.523295+00:00,962,imrranbigbull
1266344,35896,"#USELESS/USDT

📈Signal: long Leverage: Cross 50X

...even after TP1 is hit.

📣Trade Smart • Follow Risk",3830f4220c4c90b99eea89d183a05c1e,2026-09-11T12:59:53+00:00,2026-09-14T11:19:45.479755+00:00,962,imrranbigbull
1266374,35889,"$ETH SHORT ⚡️

ENTRY : 2455👍

TARGETS PRICE:🔼

1️⃣ 2425
2⃣ 2389
3️⃣ 2350
🤩 2277

⛔️STOP LOSS : 2588",812b22f8fe689c82000b1a60c1fd9519,2026-09-11T12:24:50+00:00,2026-09-14T11:19:45.552304+00:00,962,imrranbigbull
1266357,35888,"🌈PAIR:- #MET/USDT
⚡️ Direction : LONG
🛠 Leverage: ...nt Usage:- 1 - 2%
(According To your Risk Setting)",4b86a82ba9354c81319c1a4050bd2a9a,2026-09-11T12:24:50+00:00,2026-09-14T11:19:45.510404+00:00,962,imrranbigbull
1266340,35882,"#MET/USDT BUY (LONG) 

⚡️Leverage : Cross 25x to 5....2590

⚠️Use only 3% - 5% amount of your portfolio",5b58836241f67e22574d131cd17346f3,2026-09-11T12:24:49+00:00,2026-09-14T11:19:45.459702+00:00,962,imrranbigbull
1266336,35885,"✅ Long

#ETC/USDT

Entry zone : 7.247 - 7.472

Tak...955
8.178
8.401

Stop loss :6.94896

Leverage: 10x",ed901040bbc888f2005ac05e09dcffdb,2026-09-11T12:24:49+00:00,2026-09-14T11:19:45.445872+00:00,962,imrranbigbull
1266375,35877,"💰#LAB / USDT👑

💎Setup Type: Strong LONG  🔖Opportun...TP ➝ 0.07300

4️⃣TP ➝ 0.08700

🚫Stop Loss: 0.05500",1fa711913d6a090db2ca3673dfd4323b,2026-09-11T11:02:59+00:00,2026-09-14T11:19:45.552896+00:00,962,imrranbigbull
1266351,35876,"#LAB LONG

0.06300

Low fund use high risky",bd57b939bbb1e470b881bb47078aba17,2026-09-11T11:02:59+00:00,2026-09-14T11:19:45.500803+00:00,962,imrranbigbull
1266307,35874,"🔰 PAIR: ALICE/ USDT 💹

🟢Position: LONG🚀

☑️ Entry ...:
🥇 0.1264
🥈 0.1272
🥉 0.1284

❌ Stop Loss: 🔴0.1242",fcf86d919fb4ed867497c22bbdfb9a39,2026-09-11T11:02:59+00:00,2026-09-14T11:19:45.018089+00:00,962,imrranbigbull
1266371,35873,"⭐️$LAB/USDT  LONG

🛡Leverage : Cross 25x50

‼️Entr....05142

Use only 3% - 5% amount of your portfolio🛍",b88affde25a2361a5d9cb72de12b71da,2026-09-11T10:38:51+00:00,2026-09-14T11:19:45.547506+00:00,962,imrranbigbull
1266323,35872,LABUSDT LONG NOW,f9c09a92d4c106bd6f674e990fc11f34,2026-09-11T10:38:51+00:00,2026-09-14T11:19:45.331874+00:00,962,imrranbigbull
1266384,35868,"🚨 #LAB/USDT | LONG

⚡Leverage: Cross 50x

🎯Entry T... follow the signal and secure profits at targets.💎",0d0529b2a94d0712b36488eff2b5d529,2026-09-11T10:33:04+00:00,2026-09-14T11:19:45.577343+00:00,962,imrranbigbull
1266356,35865,ETH/USDT SHORT NOW🔥,6476696a7f7a48ac609af71dc84e22fa,2026-09-11T10:33:04+00:00,2026-09-14T11:19:45.502055+00:00,962,imrranbigbull
1266337,35867,"➡️ #LAB      /USDT (SHORT) 🔽🔽

⌛LEVERAGE : 20X TO ...0


💥Use only 1%margin of your total portfolio❤️😘😇",a81acc92a30b424b097a026df6ea189e,2026-09-11T10:33:04+00:00,2026-09-14T11:19:45.452298+00:00,962,imrranbigbull
1266334,35871,"💵COIN NAME : #LAB/USDT

📈POSITION : LONG(BUY)

📊 L...
TP3 = 0.064

🔖 STOPLOSS  = 0.056


SHOW REACTIONS",2122ebd27bb34a3d7f80297df68a3731,2026-09-11T10:33:04+00:00,2026-09-14T11:19:45.423430+00:00,962,imrranbigbull
1266330,35869,"🚨 #FF/USDT | LONG

⚡Leverage: Cross 50x

🎯Entry Ta... follow the signal and secure profits at targets.💎",53e26f12ac0630ce608537f8f45d6751,2026-09-11T10:33:04+00:00,2026-09-14T11:19:45.394163+00:00,962,imrranbigbull
1266309,35866,"🟢ETH/USDT My Short Trade Setup

Leverage 100X

Ent... 2420

Stop Loss  :  2485

Follow Money Management",622722d184b0bae0f98c5ed9f19e0e2d,2026-09-11T10:33:04+00:00,2026-09-14T11:19:45.106987+00:00,962,imrranbigbull
1266355,35864,"✨ADA/USDT

🎗 Trade Type = SHORT 🔴

⭐️ Leverage :- ...[ 0.2021, 0.1997, 0.1978, 0.1955, 0.1934, 0.1913 ]",6de73c9c677a70d6752ff33a0efc9c94,2026-09-11T10:17:56+00:00,2026-09-14T11:19:45.504679+00:00,962,imrranbigbull
1266320,35863,"💰#ROYSOL #RAY/ USDT👑

💎Setup Type: Strong LONG  🔖O...

🥉TP ➝ 1.7500

4️⃣TP ➝ 1.9500

🚫Stop Loss: 1.4250",06814aa9e7c2976f51886e0b4b301385,2026-09-11T10:17:56+00:00,2026-09-14T11:19:45.229264+00:00,962,imrranbigbull
1266338,35858,"📈 LONG #NIULAI/USDT

🚀 LEVERAGE : 50x

📊 ENTRY PRI...8

TP🟢0.156

TP🟢0.165

STOPLOSS 🔴0.136

REACTIONS?",177160e2d0fa68f83d71ac521685d56d,2026-09-11T09:56:03+00:00,2026-09-14T11:19:45.455488+00:00,962,imrranbigbull
1266349,35855,"#NIULAI/USDT BUY (LONG) 

⚡️Leverage : Cross 25x t....1420

⚠️Use only 3% - 5% amount of your portfolio",7dc2393c4c29948fb4e1de8d139fe09c,2026-09-11T09:55:47+00:00,2026-09-14T11:19:45.498794+00:00,962,imrranbigbull
1266306,35849,"🚀 #FFUSDT SHORT SIGNAL 🚀

📌 ENTRY ➜ 0.1652

🎯 TAKE...ch this move together!

🔑 Trade Smart • Trade Safe",d23f64ac8b3773cb493d23ddda8f30b8,2026-09-11T09:13:30+00:00,2026-09-14T11:19:45.011695+00:00,962,imrranbigbull
1266315,35844,"#4USDT — BUY (LONG) 
🎉
🟢 Leverage: Cross  50x75

⚡...Risk Management:
Use only 2%– 3%of your portfolio.",38595dab214b1dd2c5d21627ef85ec3e,2026-09-11T09:06:09+00:00,2026-09-14T11:19:45.158985+00:00,962,imrranbigbull
1266382,35841,"💰#VTHO/ USDT👑

💎Setup Type: Strong LONG  🔖Opportun....0007000

4️⃣TP ➝ 0.0008500

🚫Stop Loss: 0.0004700",cb3361cb5059e61581e62f282a9e70d8,2026-09-11T08:33:33+00:00,2026-09-14T11:19:45.574122+00:00,962,imrranbigbull
1266308,35839,"🔴 SHORT

#NEO/USDT

Entry zone : 2.248 - 2.183

Ta...040
1.974
1.908

Stop loss :2.33581

Leverage: 10x",9ce05e038d63b43edd47b3f292d5eb52,2026-09-11T08:24:59+00:00,2026-09-14T11:19:45.066481+00:00,962,imrranbigbull
1266305,35838,"#4/USDT

📈Signal: long Leverage: Cross 50X

⚡️Entr...even after TP1 is hit.

🔈Trade Smart • Follow Risk",c7c944c888f65217b12b6a10c925c450,2026-09-11T08:24:59+00:00,2026-09-14T11:19:44.981123+00:00,962,imrranbigbull
1266367,35835,"⭐️$SAGA/USDT  LONG

🛡Leverage : Cross 25x50

‼️Ent....01466

Use only 3% - 5% amount of your portfolio🛍",f24af5517da03a4c3616a17766687bac,2026-09-11T08:24:50+00:00,2026-09-14T11:19:45.537958+00:00,962,imrranbigbull
1266312,35837,"Long #4USDT 0.019800

Tp 0.020325",49d9573dedd254a34666580f9f7d61e7,2026-09-11T08:24:50+00:00,2026-09-14T11:19:45.126464+00:00,962,imrranbigbull
1266350,35829,"🔴 SHORT

#THETA/USDT

Entry : 

1) 0.1857
2) 0.191...0.1728

🛑 Stop : 0.1973

Leverage : 10x (isolated)",280b3301d56a3fe5d30755c40fdc88f9,2026-09-11T08:09:58+00:00,2026-09-14T11:19:45.500103+00:00,962,imrranbigbull
1266333,35828,"⭐️$NIULAI/USDT  LONG

🛡Leverage : Cross 25x50

‼️E....09974

Use only 3% - 5% amount of your portfolio🛍",0868c399a24632a3473b55212af80363,2026-09-11T08:09:58+00:00,2026-09-14T11:19:45.405601+00:00,962,imrranbigbull
1266379,35822,"🚩 LONG #LSK/USDT

⚙️ 50X LEVERAGE

🛡 Entry: 0.1349...: 0.14050
TP3: 0.14350

🛑 SL: 0.12680

🔥REACTIONS?",566459de7760f1999b28b5b3408f0a11,2026-09-11T07:34:46+00:00,2026-09-14T11:19:45.566041+00:00,962,imrranbigbull
1266299,35821,LONG #LSK 0.13490,087107495b201f9a1107872c0945dfac,2026-09-11T07:34:46+00:00,2026-09-14T11:19:44.238221+00:00,962,imrranbigbull
1275395,36237,"🔴 Short

Pair: #ZIL/USDT

📊 Entry Price: 

1) 0.00...0.0025401

Stop Loss: 0.0029009

Leverage: 10x-20x",7d694ac8dfab6c2b3f6aba60c5d89b48,2026-09-12T07:37:11+00:00,2026-09-14T12:41:51.986495+00:00,962,imrranbigbull
1275394,36239,"🚀 LONG: $MINA/USDT🚀
LEVERAGE: 20X-50X

🤍 ENTRY PRI...0- 0.1280
—————

❌ STOP LOSS: 0.09280❌


REACTIONS",be649a50cc972741fd6c06955683d3c4,2026-09-12T07:37:11+00:00,2026-09-14T12:41:51.976697+00:00,962,imrranbigbull
1275392,36238,"🚀 $LSK/USDT PERP 🚀

🟢 LONG

💰 Entry : 0.205$ – 0.1... 5X – 25X

⛔️ SL : 0.145$

📌 Use Only 2-5% Capital",1c64ae17624bc34ce635bdca9e32cbb9,2026-09-12T07:37:11+00:00,2026-09-14T12:41:51.952899+00:00,962,imrranbigbull
1275391,36236,"🪙 Coin: #MINA/USDT
🧭 Type: #LONG

📈 Entry Zone:
0.... within the zone and maintain strict risk control.",a6bfb53c23692265af8f4c6131361b9b,2026-09-12T07:37:06+00:00,2026-09-14T12:41:51.852627+00:00,962,imrranbigbull
1275390,36232,"Coin #BEAT /USDT

Position: LONG 

Leverage:  Cros...rgets: 🎯 0.0970, 0.1010, 0.1050

Stop Loss: 0.0850",527bc9e7b86bf99ef61de91b351eae3f,2026-09-12T07:37:06+00:00,2026-09-14T12:41:51.850453+00:00,962,imrranbigbull
1275389,36235,"💵 𝐒𝐈𝐆𝐍𝐀𝐋 𝐀𝐋𝐄𝐑𝐓 💵

#RIVER/USDT (25xLONG)

✅ ENTRY:1...2/1.36

TARGETS:-1.47/1.54/1.63

❌ STOP LOSS: 1.21",bfc1e5273c0fd767fecf18d4bdbdfae4,2026-09-12T07:37:06+00:00,2026-09-14T12:41:51.837284+00:00,962,imrranbigbull
1275388,36231,"🌹 #PUNDIX/USDT

🟢 LONG

✅ Entry: 0.113- 0.1096

❌ ...l advice.
💰 Stay disciplined. Protect your capital",c634b554599b326c657ca976d1252215,2026-09-12T07:37:06+00:00,2026-09-14T12:41:51.831776+00:00,962,imrranbigbull
1275387,36230,"🚀 $LSK/USDT PERP 🚀

🟢 LONG

💰 Entry : 0.205$ – 0.1... 5X – 25X

⛔️ SL : 0.145$

📌 Use Only 2-5% Capital",1c64ae17624bc34ce635bdca9e32cbb9,2026-09-12T07:37:06+00:00,2026-09-14T12:41:51.826907+00:00,962,imrranbigbull
1275383,36226,"🟢 Long

#COMP/USDT

Entry : 

1) 19.94
2) 19.34

T...) 21.30

🛑 Stop : 18.68

Leverage : 10x (isolated)",93375f5402dbf75f781fee8288971c70,2026-09-12T07:37:06+00:00,2026-09-14T12:41:51.622070+00:00,962,imrranbigbull
1275376,36227,"↗️ SPOT CALL (BINANCE)

#TUT/USDT 🥂

BUY BELOW: Ma... 0.02300 - 0.02600++ 🔥🔥

No Leverage — Spot Only 💎",66b1ca1377332349998dcdead061bf40,2026-09-12T07:37:06+00:00,2026-09-14T12:41:51.583784+00:00,962,imrranbigbull
1275381,36205,"#SOMIUSDT — BUY (LONG) 
🎉
🟢 Leverage: Cross  50x75...Risk Management:
Use only 2%– 3%of your portfolio.",51a96770f3e7386c95ff4e47f67e571e,2026-09-12T07:37:05+00:00,2026-09-14T12:41:51.608791+00:00,962,imrranbigbull
1275380,36201,"📊 Let’s SHORT #MARSCOIN/USDT

💥 Leverage:  Cross 2...1) 0.1020
2) 0.0960
3) 0.0850

🔖 Stop Loss: 0.1255",1141975a2024685ef5217361e118f3f9,2026-09-12T07:37:05+00:00,2026-09-14T12:41:51.607113+00:00,962,imrranbigbull
1275379,36203,"#ETHFIUSDT — BUY (LONG) 
🎉
🟢 Leverage: Cross  50x7...Risk Management:
Use only 2%– 3%of your portfolio.",6a7344cd2e5d3c1d3b4e62670498c52a,2026-09-12T07:37:05+00:00,2026-09-14T12:41:51.600415+00:00,962,imrranbigbull
1275378,36206,"📊 4/USDT — LONG 

📍 ENTRY: CMP

🎯 TARGET 1: 0.27
🎯...Manage your risk & trade responsibly.

🔥 LET’S GO!",ced1637b7a25e97da6ed9359bf9cda74,2026-09-12T07:37:05+00:00,2026-09-14T12:41:51.587864+00:00,962,imrranbigbull
1275374,36214,"#LSK/USDT LONG     

👉Leverage : Cross 10× To 30×
...

1)  0.221
2)  0.233
3)  0.257

⭕Stoploss : 0.204",4c3bdbf9a88e71b3a8d8540ae7536793,2026-09-12T07:37:05+00:00,2026-09-14T12:41:51.570418+00:00,962,imrranbigbull
1275373,36212,"⌛#JUP/USDT  ( SHORT )

🍁 Leverage 👉 20X to 25X 

⛩...63 | 0.2339 | 0.2311 | 0.2288

🔕 Stoploss = 0.2527",eae39ec16292cd671bb647543ef05a8e,2026-09-12T07:37:05+00:00,2026-09-14T12:41:51.545142+00:00,962,imrranbigbull
1275370,36210,"Coin #PUNDIX /USDT

Position: LONG 

Leverage:  Cr...rgets: 🎯 0.1150, 0.1180, 0.1220

Stop Loss: 0.1060",8325124c3472a90ec577edda42e35193,2026-09-12T07:37:05+00:00,2026-09-14T12:41:51.526168+00:00,962,imrranbigbull
1275175,36045,"🚨 #NIULAI/USDT | SHORT

⚡Leverage: Cross 50x

🎯Ent... follow the signal and secure profits at targets.💎",6b3d05b80dff31098b6fc98f7275c79c,2026-09-12T05:44:01+00:00,2026-09-14T12:41:38.269270+00:00,962,imrranbigbull
1275144,36046,"🚨 #SUSHI/USDT / LONG

⚡Leverage: Cross 50x

🎯Entry... follow the signal and secure profits at targets.💎",25e20897cd79acc7c1570da4c29dd9a9,2026-09-12T05:44:01+00:00,2026-09-14T12:41:37.534830+00:00,962,imrranbigbull
1275170,36038,"🚨 #RIVER/USDT | LONG

⚡Leverage: Cross 50x

🎯Entry... follow the signal and secure profits at targets.💎",1194ecc6d6ba35b90816010e16b0594c,2026-09-11T20:02:45+00:00,2026-09-14T12:41:37.966607+00:00,962,imrranbigbull
1275137,36035,"✨MINA/USDT

🎗 Trade Type = SHORT 🔴

⭐️ Leverage :-...990, 0.09875, 0.09778, 0.09679, 0.09554, 0.09441 ]",6ad70df88773b8b43a6d173d20d3142b,2026-09-11T19:12:23+00:00,2026-09-14T12:41:37.055028+00:00,962,imrranbigbull
1275196,36029,"🚨 #DOGS/USDT | LONG

⚡Leverage: Cross 50x

🎯Entry ... follow the signal and secure profits at targets.💎",19cfd01a5ccd074a962fc3871e28db7c,2026-09-11T18:25:51+00:00,2026-09-14T12:41:38.558794+00:00,962,imrranbigbull
1275147,36031,"💰#LAB / USDT👑

💎Setup Type: Strong LONG  🔖Opportun...TP ➝ 0.08500

4️⃣TP ➝ 0.09700

🚫Stop Loss: 0.06400",9b84659b050e3c010918df6e8d501ef9,2026-09-11T18:25:51+00:00,2026-09-14T12:41:37.663120+00:00,962,imrranbigbull
1275143,36032,"$BATUSDT

LONG

RR : 2

LEVERAGE : 20x

ENTRY : 0....1

TAKE PROFITS 👇

1️⃣ 0.07494

STOPLOSS : 0.06952",cf094843644c7946ab7961779227935e,2026-09-11T18:25:51+00:00,2026-09-14T12:41:37.534112+00:00,962,imrranbigbull
1275138,36028,"🚀 #TSTUSDT LONG SIGNAL 🚀

📌 ENTRY ➜ 0.01562

🎯 TAK...ch this move together!

🔓 Trade Smart • Trade Safe",f70f768df40200679e6e0242db272659,2026-09-11T17:07:11+00:00,2026-09-14T12:41:37.056920+00:00,962,imrranbigbull
1275135,36020,"✅ Long

Pair: #ATOM/USDT

📊 Entry Price: 

1) 1.67....754
4) 1.789

Stop Loss: 1.569

Leverage: 10x-20x",8fdcba3be5219ab1dd93ba0fdd47a5c1,2026-09-11T16:54:24+00:00,2026-09-14T12:41:37.026845+00:00,962,imrranbigbull
1275134,36019,"🚀 #LABUSDT LONG SIGNAL 🚀

📌 ENTRY ➜ 0.06375

🎯 TAK...ch this move together!

🔓 Trade Smart • Trade Safe",f370434978b01f0a2970b3a79b805c42,2026-09-11T16:54:24+00:00,2026-09-14T12:41:37.008615+00:00,962,imrranbigbull
1281590,36393,"Pair: #ONDO/USDT

Long • (25X)

Entry
0.3471 - 0.3...t your own risk. Always use proper risk management",20afab003adc0605cea6d302ca5ef18d,2026-09-12T20:02:41+00:00,2026-09-14T13:59:54.166162+00:00,962,imrranbigbull
1281588,36392,"✅ Long

#ETH/USDT

Entry zone : 2439.55 - 2515.00
...2752.66
2827.74

Stop loss :2338.95

Leverage: 10x",d0addbd1e8eeb026761a3d0b50733b1b,2026-09-12T19:56:20+00:00,2026-09-14T13:59:54.081449+00:00,962,imrranbigbull
1281576,36360,"⌛#TAO/USDT  ( SHORT )

🍁 Leverage 👉 20X to 25X 

⛩...42 | 224.35 | 221.61 | 219.07

🔕 Stoploss = 248.07",8deb3163c3ae35929d64fca6c0daa42c,2026-09-12T18:31:58+00:00,2026-09-14T13:59:53.489696+00:00,962,imrranbigbull
1281568,36361,"$NEARUSDT

SHORT

RR : 2

LEVERAGE : 40x

ENTRY : 2.387

TAKE PROFITS 👇

1️⃣ 2.324

STOPLOSS : 2.418",1d737cb100a5f480efdaff74519b56b0,2026-09-12T18:31:58+00:00,2026-09-14T13:59:53.464676+00:00,962,imrranbigbull
1281560,36359,"✅ Long

Pair: #TRB/USDT

📊 Entry Price: 

1) 17.33...57
4) 18.519

Stop Loss: 16.241

Leverage: 10x-20x",8f78b3164a25281433f6f7f488f3eb00,2026-09-12T17:55:15+00:00,2026-09-14T13:59:53.426412+00:00,962,imrranbigbull
1281580,36357,"🟢 Long

#BCH/USDT

Entry : 

1) 228.58
2) 221.72

...244.21

🛑 Stop : 214.17

Leverage : 10x (isolated)",36a66c8fd80b2c6d560e2b8671fb8044,2026-09-12T16:54:34+00:00,2026-09-14T13:59:53.670819+00:00,962,imrranbigbull
1281570,36358,"✅ Long

#DASH/USDT

Entry zone : 54.03 - 55.71

Ta....31
60.97
62.63

Stop loss :51.8103

Leverage: 10x",0b76a03c25cce8fb980b87eb31260582,2026-09-12T16:54:34+00:00,2026-09-14T13:59:53.472100+00:00,962,imrranbigbull
1281565,36356,"🔰 PAIR: ETH/ USDT 💹

🔴Position: SHORT🚀

☑️ Entry Z... Targets:
🥇 2532
🥈 2528
🥉 2520

❌ Stop Loss: 🔴2546",add0eadc7cbde9c0b2dc801195df4637,2026-09-12T16:32:10+00:00,2026-09-14T13:59:53.449324+00:00,962,imrranbigbull
1281562,36355,"🟢LONG  #BTCUSDT

🔶 Entry : 77300 - 77400

➡️ Lever...ake Profit Targets :

👉 78400

🛑 Stop Loss : 76200",b5b9d7b2a3358e53dff71a64fa8b3c80,2026-09-12T16:32:10+00:00,2026-09-14T13:59:53.428833+00:00,962,imrranbigbull
1281561,36354,"📈 LONG #LSK/USDT

🚀 LEVERAGE : 50x

📊 ENTRY PRICE ...

TP🟢0.270

TP🟢0.280

STOPLOSS 🔴0.242


REACTIONS?",4072fe254a6e3e8ddffc760d12ded276,2026-09-12T16:32:10+00:00,2026-09-14T13:59:53.427961+00:00,962,imrranbigbull
1281566,36351,"Link/Usdt long 🟢
with 0.5% Wallet on market price ...osite movement pe jo 5% around the liq manage zero",3d7097107e2096484d570d18ee203e25,2026-09-12T15:15:31+00:00,2026-09-14T13:59:53.455300+00:00,962,imrranbigbull
1281564,36350,"✨HBAR/USDT

🎗 Trade Type = LONG 🟢

⭐️ Leverage :- ...526, 0.07611, 0.07673, 0.07757, 0.07841, 0.07940 ]",a21b6a78cf203be469eaa7f7073fd52b,2026-09-12T15:15:31+00:00,2026-09-14T13:59:53.439404+00:00,962,imrranbigbull
1281556,36349,"🚀 LONG
CELO/USDT
ENTRY 0.08085

🚀 0.08379
🚀 0.0889... CROSS )
LEVRAGE 10x- 40x

1% WALLET 

DCA 0.07878",01f2a89cc3b34f59210a03f3a5e403d7,2026-09-12T15:15:31+00:00,2026-09-14T13:59:53.340686+00:00,962,imrranbigbull
1281466,36348,"🚀 LONG: $TA/USDT
LEVERAGE: 50x

✔️ENTRY PRICE: 0.0...-0.06700-0.07000

STOP LOSS:  0.05850


REACTIONS?",e655b1eb0f81e8270328894c30cf0396,2026-09-12T15:15:31+00:00,2026-09-14T13:59:38.740755+00:00,962,imrranbigbull
1281465,36347,"$FLOCK LONG NOW📊

ENTRY (0.07150)🔄

TPS (0.07400-0.07672-0.08100)🔼

STOP (0.06000)⛔️",e726db4a9644851387bd9f560054658d,2026-09-12T15:15:31+00:00,2026-09-14T13:59:38.693622+00:00,962,imrranbigbull
1281464,36346,"🚨 #GRIFFAIN/USDT | LONG

⚡Leverage: Cross 50x

🎯En... follow the signal and secure profits at targets.💎",6360dc9810fe3e3045e27562c826d33d,2026-09-12T15:15:31+00:00,2026-09-14T13:59:38.663669+00:00,962,imrranbigbull
1281462,36344,"⭐ LSK /USDT — LONG

💵 ENTRY: 0.23000-0.22000

⚙️ L...o

📌 Follow the setup and manage your risk wisely.",09ca1dabb3c85acc981158aca1055920,2026-09-12T13:54:46+00:00,2026-09-14T13:59:38.598809+00:00,962,imrranbigbull
1281461,36342,"🚨 #LSK/USDT | LONG

⚡Leverage: Cross 50x

🎯Entry T... follow the signal and secure profits at targets.💎",0359bc7d5e5a65b9b27bb86baa6f0250,2026-09-12T13:54:46+00:00,2026-09-14T13:59:38.503023+00:00,962,imrranbigbull
1281460,36343,LSK long now,dabe7b188c1258c6e534fa78a8e25535,2026-09-12T13:54:46+00:00,2026-09-14T13:59:38.469378+00:00,962,imrranbigbull
1281459,36341,"#SHORT 🔴 🔤🔤🔤🔤🔤

#STX/USDT 

Margin Mode : Isolated...2529

🟩 SL : 0.2729- 100%

📊 LEV : 30X

🇯🇵 Premium",330b4dfbfd57be6f897e5f254dd66fde,2026-09-12T13:54:46+00:00,2026-09-14T13:59:38.395635+00:00,962,imrranbigbull
1281458,36339,"📈 LONG #LSK/USDT

🚀 LEVERAGE : 50x

📊 ENTRY PRICE ...
TP🟢0.250

TP🟢0.260

STOPLOSS 🔴0.223



REACTIONS?",d661e5f7927e2203967d00e99ba03618,2026-09-12T13:30:42+00:00,2026-09-14T13:59:38.378717+00:00,962,imrranbigbull
1281457,36340,"➡️ #LSK       /USDT (SHORT) 🔽🔽

⌛LEVERAGE : 20X TO...9


💥Use only 1%margin of your total portfolio❤️😘😇",fad0b99e2fe5cec7028f415b2f518b27,2026-09-12T13:30:42+00:00,2026-09-14T13:59:38.358384+00:00,962,imrranbigbull
1281456,36338,"📈 LONG #LSK/USDT

🚀 LEVERAGE : 50x

📊 ENTRY PRICE ...7

TP🟢0.234

TP🟢0.246

STOPLOSS 🔴0.210

REACTIONS?",7bad34ae1d6f0e18b1ef3e6bd0d0e690,2026-09-12T13:07:03+00:00,2026-09-14T13:59:38.326277+00:00,962,imrranbigbull
1281454,36337,"🔴 SHORT

#KAVA/USDT

Entry : 

1) 0.070910
2) 0.07...6004

🛑 Stop : 0.075377

Leverage : 10x (isolated)",7995d9d94ca0ff76e711218d5c3a61a6,2026-09-12T13:07:03+00:00,2026-09-14T13:59:38.203182+00:00,962,imrranbigbull
1281451,36332,"#LAB/ USDT — BUY (LONG) 
Leverage: Cross 25x – 50x...T IS KEY
👉 Use ONLY 2 – 3% of your total portfolio",386700c60541754c484189c0fc08ef91,2026-09-12T12:50:54+00:00,2026-09-14T13:59:38.099209+00:00,962,imrranbigbull
1281450,36331,"🚀 #OPENUSDT LONG SIGNAL 🚀

📌 ENTRY ➜ 0.1328

🎯 TAK...ch this move together!

🔓 Trade Smart • Trade Safe",73942b547784cc806a4644a6f6406e6a,2026-09-12T12:50:54+00:00,2026-09-14T13:59:38.069476+00:00,962,imrranbigbull
1281449,36330,"🚀 #JCTUSDT LONG SIGNAL 🚀

📌 ENTRY ➜ 0.001584

🎯 TA...ch this move together!

🔓 Trade Smart • Trade Safe",beb3670759459e6648c24abdae9b7015,2026-09-12T12:50:54+00:00,2026-09-14T13:59:37.939503+00:00,962,imrranbigbull
1281445,36325,"🚨 #UNI/USDT | LONG

⚡Leverage: Cross 50x

🎯Entry T... follow the signal and secure profits at targets.💎",ab11cd2e324d9379fc30a93c807afe75,2026-09-12T12:50:54+00:00,2026-09-14T13:59:37.831531+00:00,962,imrranbigbull
1281444,36315,"⭐ RIVER /USDT — LONG

💵 ENTRY: 1.2700-1.2000

⚙️ L...o

📌 Follow the setup and manage your risk wisely.",8d509b1929fe2bdbfe2a808d98b2b50d,2026-09-12T11:56:18+00:00,2026-09-14T13:59:37.815778+00:00,962,imrranbigbull
1281442,36311,"⭐ TA /USDT — LONG

💵 ENTRY: 0.05940-0.05500

⚙️ LE...o

📌 Follow the setup and manage your risk wisely.",fb215f22bce4b957f3cb9df19aaf6edc,2026-09-12T11:56:18+00:00,2026-09-14T13:59:37.676899+00:00,962,imrranbigbull
1281440,36308,"#ACE | SHORT SETUP

💰 Entry: $0.15993

🎯 Target1: ...t4: $0.15385
🎯 Target5: $0.15161

🛡 STOP: $0.16793",46d72ecb540d421aedad3ef51ae77279,2026-09-12T11:28:43+00:00,2026-09-14T13:59:37.569187+00:00,962,imrranbigbull
1281439,36307,"💫 Pair: USELESS/USDT  💫

🔼 Direction: Long 🔼

✅ Le...Take Profit: 0.2650 📈

⚠️ Stop Loss: 0.2120 ⚠️

📈📈",caeaddeda9be8cecab58a1ae071fe0dd,2026-09-12T11:28:43+00:00,2026-09-14T13:59:37.562697+00:00,962,imrranbigbull
1281437,36306,"↗️ LONG #LAB 50x

📌 Entry: 0.07450

🎯 TP: 0.07600
...t Usage: 1-3%
⚠️ According to your risk management",9984872fb163c117673e200c0d4a2a8e,2026-09-12T11:28:43+00:00,2026-09-14T13:59:37.499475+00:00,962,imrranbigbull
1281436,36305,"⭐ LSK /USDT — SHORT

💵 ENTRY: 0.02200-0.02300

⚙️ ...o

📌 Follow the setup and manage your risk wisely.",f4cd5bb71a97f7cfb0af81faa670fcbe,2026-09-12T11:28:43+00:00,2026-09-14T13:59:37.403414+00:00,962,imrranbigbull
1281435,36303,"🔘 Coin : #4/USDT 🔘

🔴 SHORT

🔺Entry🔻: 0.022931

⭐️... 0.021783

♦️ StopLoss : 0.023718

🔱 Leverage: 25x",4a0ae642e63c836b0413981945e151fd,2026-09-12T11:18:17+00:00,2026-09-14T13:59:37.298725+00:00,962,imrranbigbull
1281433,36302,"#FLOCK/USDT

📈Signal: long Leverage: Cross 20X

⚡️...even after TP1 is hit.

📣Trade Smart • Follow Risk",d7123575ad8d00d06c657595a37814a5,2026-09-12T11:18:17+00:00,2026-09-14T13:59:37.263314+00:00,962,imrranbigbull
1281429,36298,"⭐️$LSK/USDT  SHORT

🛡Leverage : Cross 25x50

‼️Ent....24729

Use only 3% - 5% amount of your portfolio🛍",0eb13ac447b1af7dbc62cbe163089a86,2026-09-12T11:09:17+00:00,2026-09-14T13:59:37.131401+00:00,962,imrranbigbull
1281428,36297,LSKUSDT SHORT NOW,500bece0a648b9bb1c188bb449aedb6f,2026-09-12T11:09:17+00:00,2026-09-14T13:59:37.077352+00:00,962,imrranbigbull
1281426,36295,"📊#UAI/USDT — LONG

⚡️ Leverage : 10X – 30X

💹Entry...Entry After TP1

⚖️ Follow Proper Risk Management.",293a56064d13bba6c1d7e922aa07987a,2026-09-12T10:37:52+00:00,2026-09-14T13:59:36.986844+00:00,962,imrranbigbull
1281423,36292,"💰#LSK/ USDT👑

💎Setup Type: Strong LONG  🔖Opportuni...TP ➝ 0.24000

4️⃣TP ➝ 0.32000

🚫Stop Loss: 0.17700",92a9a96677667d6a37df6dd29573bde8,2026-09-12T10:14:37+00:00,2026-09-14T13:59:36.884062+00:00,962,imrranbigbull
1281422,36291,"🚨 #UAI/USDT | LONG

⚡Leverage: Cross 50x

🎯Entry T... follow the signal and secure profits at targets.💎",366ab19e34feebf7082be6bc527cd940,2026-09-12T10:09:39+00:00,2026-09-14T13:59:36.848862+00:00,962,imrranbigbull
1281421,36290,"➡️ #UAI       /USDT (SHORT) 🔽🔽

⌛LEVERAGE : 20X TO...9


💥Use only 1%margin of your total portfolio❤️😘😇",e76e734f9064d2a5066a438435aa5294,2026-09-12T10:09:39+00:00,2026-09-14T13:59:36.818149+00:00,962,imrranbigbull
1281420,36289,"🛎️ Trade: #SOMI/USDT

Direction: 📈 LONG 

🟢 Entry ...74
• Target 6: 0.1589

💠 Leverage : 5x - 10x - 20x",2c465f60c9b39ddde3f0380afe0da8bc,2026-09-12T10:09:39+00:00,2026-09-14T13:59:36.798656+00:00,962,imrranbigbull
1281349,36288,"🔰 PAIR: OP/ USDT 💹

🟢Position: LONG🚀

☑️ Entry Zon...:
🥇 0.0977
🥈 0.0982
🥉 0.0992

❌ Stop Loss: 🔴0.0960",5bc15de9121c195727cd785581501e23,2026-09-12T10:09:39+00:00,2026-09-14T13:59:34.603041+00:00,962,imrranbigbull
1281367,36287,"🟢HYPE/USDT My Long Trade 

Leverage 75X

Entry Poi...0.500

Stop Loss   78.500

Follow Money Management",d1947827b3108fc8da9ddd6279dab953,2026-09-12T10:09:38+00:00,2026-09-14T13:59:34.805026+00:00,962,imrranbigbull
1281362,36286,"🚨 #AKE/USDT | SHORT

⚡Leverage: Cross 50x

🎯Entry ... follow the signal and secure profits at targets.💎",c99bcc647e0b04016b1d06dcfa12501c,2026-09-12T09:44:29+00:00,2026-09-14T13:59:34.753068+00:00,962,imrranbigbull
1281359,36283,"Coin #MOVR/USDT

Position: LONG 

Leverage:  Cross...0.77

Targets: 🎯 0.81, 0.83, 0.85

Stop Loss: 0.75",cb3c4d988670584cbc8e3859318e6afc,2026-09-12T09:40:43+00:00,2026-09-14T13:59:34.716951+00:00,962,imrranbigbull
1281358,36281,SOPH LONG 0.004813 TP1 0.004915,8b6dbb1f565e11137d4061b16072cddc,2026-09-12T09:40:43+00:00,2026-09-14T13:59:34.712618+00:00,962,imrranbigbull
1281326,36282,"🚀 #SOPHUSDT LONG SIGNAL 🚀

📌 ENTRY ➜ 0.004813

🎯 T...ch this move together!

🔓 Trade Smart • Trade Safe",a11887d9b739d041a4e902f809332a23,2026-09-12T09:40:43+00:00,2026-09-14T13:59:34.200754+00:00,962,imrranbigbull
1281311,36285,"➡️ #RIVER      /USDT (LONG) 🔼🔼

⌛LEVERAGE : 20X TO...0


💥Use only 1%margin of your total portfolio❤️😘😇",92be073ae72374828053d8e357a0a8da,2026-09-12T09:40:43+00:00,2026-09-14T13:59:34.097587+00:00,962,imrranbigbull
1281354,36280,"#LSKUSDT — BUY (LONG) 
🎉
🟢 Leverage: Cross  50x75
...Risk Management:
Use only 2%– 3%of your portfolio.",43c96bac35873d4b4db306375b21883c,2026-09-12T09:27:54+00:00,2026-09-14T13:59:34.668081+00:00,962,imrranbigbull
1281364,36278,"#RIVER/USDT SHORT     

👉Leverage : Cross 10× To 3...t

1)  1.253
2)  1.230
3)  1.200

⭕Stoploss : 1.36",bdba8ac53d3417211a8da70365f819be,2026-09-12T09:23:08+00:00,2026-09-14T13:59:34.759482+00:00,962,imrranbigbull
1281353,36274,"⭐️$LAB/USDT  LONG

🛡Leverage : Cross 25x50

‼️Entr....06092

Use only 3% - 5% amount of your portfolio🛍",da342ef42e3a6febf8985c8499f8d031,2026-09-12T09:20:49+00:00,2026-09-14T13:59:34.667080+00:00,962,imrranbigbull
1281352,36273,LABUSDT LONG NOW,f9c09a92d4c106bd6f674e990fc11f34,2026-09-12T09:20:49+00:00,2026-09-14T13:59:34.626453+00:00,962,imrranbigbull
1281335,36275,"✅ Long

Pair: #ALGO/USDT

📊 Entry Price: 

1) 0.09...) 0.098753

Stop Loss: 0.086606

Leverage: 10x-20x",e7e9e77ba00c55b2d92a7fcba142cfc0,2026-09-12T09:20:49+00:00,2026-09-14T13:59:34.426698+00:00,962,imrranbigbull
1281331,36277,"🚨 #LAB/USDT — TRADE LONG

LEVERAGE 25X TO 50X

⚡️ ...
⛔️ STOP LOSS: 0.07000

🪖 NO FEAR — JUST PROFITS 🧲",2d112489d8762a698490bea90c2f7200,2026-09-12T09:20:49+00:00,2026-09-14T13:59:34.291129+00:00,962,imrranbigbull
1281310,36270,"⚡️$KAVA/USDT⚡️

SHORT 
Leverage: 35X 

Entry: 0.07....063808
4)0.061750
5)0.059691

Stoploss: 0.0730489",ae3ddce1fe6d3ef9f8f12fae8cd7ded1,2026-09-12T09:02:59+00:00,2026-09-14T13:59:34.094673+00:00,962,imrranbigbull
1281363,36267,"💰#UNI / USDT👑

💎Setup Type: Strong LONG  🔖Opportun...600

🥉TP ➝ 7.500

4️⃣TP ➝ 8.300

🚫Stop Loss: 5.500",07cce642c868dc9cfabf23d44fba04c7,2026-09-12T08:46:31+00:00,2026-09-14T13:59:34.755738+00:00,962,imrranbigbull
1281360,36264,"Coin #LSK/USDT

Position: LONG 

Leverage:  Cross ...rgets: 🎯 0.2025, 0.2080, 0.2140

Stop Loss: 0.1875",6c2a3a8e6c7c8a501e4f7dffacdcb3bd,2026-09-12T08:45:16+00:00,2026-09-14T13:59:34.739195+00:00,962,imrranbigbull
1281333,36265,"🔴 SHORT

#KAVA/USDT

Entry zone : 0.070318 - 0.068...1750
0.059691

Stop loss :0.0730489

Leverage: 10x",1e8443a459db3b2a29c6324f5e326970,2026-09-12T08:45:16+00:00,2026-09-14T13:59:34.302576+00:00,962,imrranbigbull
1281351,36259,"🐳 LSK/USDT #SHORT🐳

✳️ ENTRY :- 0.195 - 0.204

💢 L...: 0.170

⛔️ STOP-LOSS :- 0.218

☝️ Margin Use 2–3%",11d72abec0febf18f9c9e33392d40a24,2026-09-12T08:06:02+00:00,2026-09-14T13:59:34.618598+00:00,962,imrranbigbull
1281314,36258,"📊#GRIFFAIN/USDT–LONG–30x 🚀

📍 𝐄𝐧𝐭𝐫𝐲 𝐙𝐨𝐧𝐞:

➥ 0.013...tal.

⚠️ Disclaimer:
Trade at your own risk. DYOR.",223b3203c2ff1e47d6df4df9992e153a,2026-09-12T07:57:50+00:00,2026-09-14T13:59:34.111020+00:00,962,imrranbigbull
1281340,36254,"🔴 SHORT

#ZRX/USDT

Entry : 

1) 0.1068
2) 0.1100
...0.0994

🛑 Stop : 0.1135

Leverage : 10x (isolated)",200e5e2cec7e8fb84e69eb72d807f8bf,2026-09-12T07:54:31+00:00,2026-09-14T13:59:34.467664+00:00,962,imrranbigbull
1281321,36253,"#GRIFFAIN/USDT LONG     

👉Leverage : Cross 10× To...  0.0135
2)  0.0137
3)  0.0143

⭕Stoploss : 0.0127",e98a228a1a00acde13d3da4bd54b34aa,2026-09-12T07:54:31+00:00,2026-09-14T13:59:34.149732+00:00,962,imrranbigbull
1281315,36257,"#ALCH/USDT

📈Signal: long Leverage: Cross 20X

⚡️E...even after TP1 is hit.

📣Trade Smart • Follow Risk",ad407dbb463e195d1601a60f24cd7a2c,2026-09-12T07:54:31+00:00,2026-09-14T13:59:34.114136+00:00,962,imrranbigbull
1281284,36241,"📍Coin : #1000BONK/USDT

🟢 LONG 

👉 Entry: 0.002780....002922
🎯 Target 6: 0.002951

❌ StopLoss: 0.002595",d93463efe18982e82cb74d80466e8ae2,2026-09-12T07:37:11+00:00,2026-09-14T13:59:32.840253+00:00,962,imrranbigbull
1286485,36672,"💰#BERA/ USDT👑

💎Setup Type: Strong LONG  🔖Opportun...

🥉TP ➝ 0.2500

4️⃣TP ➝ 0.3200

🚫Stop Loss: 0.1600",d73760f0298f0bab74a41101d4d4344c,2026-09-13T14:48:43+00:00,2026-09-14T15:16:06.375748+00:00,962,imrranbigbull
1286475,36673,"#WLD $WLD LONG TRADE

ENTRY: 0.396

TARGET: 0.427

STOPLOSS: 0.388",ac16c173d0de1d4cbfd5fc0c1372316e,2026-09-13T14:48:43+00:00,2026-09-14T15:16:06.354223+00:00,962,imrranbigbull
1286450,36674,"🪙#CVC/USDT

🚩POSITION — LONG

🔒  LEVERAGE — 20X75
...0.04470
TP🥉: 0.04700

⛔️ SL: 0.03800

🔥REACTIONS?😜",96aa1d49fe936dbfcd06df6339b91175,2026-09-13T14:48:43+00:00,2026-09-14T15:16:06.079886+00:00,962,imrranbigbull
1286513,36667,"📉 SHORT #ARK/USDT 

🚀 LEVERAGE : 50x

📊 ENTRY PRIC...0

TP🟢0.163

TP🟢0.155

STOPLOSS 🔴0.183

REACTIONS?",7ec4a0e5f7dd8caecff63ef4eecd1a1b,2026-09-13T12:49:58+00:00,2026-09-14T15:16:06.570963+00:00,962,imrranbigbull
1286497,36665,"💰#STEEM/ USDT👑

💎Setup Type: Strong SHORT  🔖Opport...TP ➝ 0.06000

4️⃣TP ➝ 0.05500

🚫Stop Loss: 0.07400",391a472c5b120ffb55266024b56b030b,2026-09-13T12:49:57+00:00,2026-09-14T15:16:06.470059+00:00,962,imrranbigbull
1286521,36657,"⭐️$STEEM/USDT  SHORT

🛡Leverage : Cross 25x50

‼️E....08723

Use only 3% - 5% amount of your portfolio🛍",6bba5333fea0bf5cf6e86b9a3dec2fd3,2026-09-13T12:41:24+00:00,2026-09-14T15:16:06.594314+00:00,962,imrranbigbull
1286510,36661,"➡️ #CVC       /USDT (SHORT) 🔽🔽

⌛LEVERAGE : 20X TO...6


💥Use only 1%margin of your total portfolio❤️😘😇",04ddd3d57048b96cb59f30069ac1e25f,2026-09-13T12:41:24+00:00,2026-09-14T15:16:06.565000+00:00,962,imrranbigbull
1286468,36658,"DOGE/USDT Long Trade Setup⭐️

Leverage 75X

Entry ...8520

Stop Loss   0.08305

Follow Money Management",c038b5bfafc7d8569f16a1a240d9c95e,2026-09-13T12:41:24+00:00,2026-09-14T15:16:06.320943+00:00,962,imrranbigbull
1286456,36660,"📈 LONG #LSK/USDT

🚀 LEVERAGE : 50x

📊 ENTRY PRICE ...70

TP🟢1.00

TP🟢1.04

STOPLOSS 🔴0.890


REACTIONS?",cfc00ddae4b5a0aec7eca1faa91505c9,2026-09-13T12:41:24+00:00,2026-09-14T15:16:06.181613+00:00,962,imrranbigbull
1286517,36653,"#REZ/ USDT — BUY (LONG) 
Leverage: Cross 25x – 50x...T IS KEY
👉 Use ONLY 2 – 3% of your total portfolio",239da11f66ece09e93d4e65645b2f709,2026-09-13T12:15:06+00:00,2026-09-14T15:16:06.582279+00:00,962,imrranbigbull
1286512,36641,"#BTW/USDT

📈Signal: long Leverage: Cross 20X

⚡️En...even after TP1 is hit.

📣Trade Smart • Follow Risk",f2adab61d9315db6242afa298984e3c9,2026-09-13T12:00:30+00:00,2026-09-14T15:16:06.569640+00:00,962,imrranbigbull
1286511,36644,"🔴 SHORT

#THETA/USDT

Entry zone : 0.2165 - 0.2102...
0.1901
0.1837

Stop loss :0.224914

Leverage: 10x",e9cfc2351bd4adc35010f2c46051f798,2026-09-13T12:00:30+00:00,2026-09-14T15:16:06.567115+00:00,962,imrranbigbull
1286508,36638,"Long #ARK 50x 0.1840

Tp: 0.1900",ccd3407761c3fb4d4f4b04f861878790,2026-09-13T12:00:30+00:00,2026-09-14T15:16:06.558024+00:00,962,imrranbigbull
1286502,36649,"🔴 SHORT

#ZIL/USDT

Entry : 

1) 0.0029390
2) 0.00...356

🛑 Stop : 0.0031241

Leverage : 10x (isolated)",6927be9a998a7808cdbde85dff746fe4,2026-09-13T12:00:30+00:00,2026-09-14T15:16:06.535406+00:00,962,imrranbigbull
1286499,36637,"#PUNDIXUSDT — BUY (LONG) 
🎉
🟢 Leverage: Cross  50x...Risk Management:
Use only 2%– 3%of your portfolio.",6472391af3780adb3e67707c76abf77c,2026-09-13T12:00:30+00:00,2026-09-14T15:16:06.467352+00:00,962,imrranbigbull
1286482,36646,"Coin #LSK /USDT

Position: SHORT 

Leverage:  Cros...1.03

Targets: 🎯 0.92, 0.86, 0.79

Stop Loss: 1.07",dd62d7b5b750d5e202f326ff2729a056,2026-09-13T12:00:30+00:00,2026-09-14T15:16:06.365549+00:00,962,imrranbigbull
1286462,36642,"🚀 #TAIKOUSDT LONG SIGNAL 🚀

📌 ENTRY ➜ 0.08490

🎯 T...ch this move together!

🔓 Trade Smart • Trade Safe",e21f60c2dc50afbbdadabba967c01671,2026-09-13T12:00:30+00:00,2026-09-14T15:16:06.245544+00:00,962,imrranbigbull
1286442,36643,"✨NEAR/USDT

🎗 Trade Type = SHORT 🔴

⭐️ Leverage :-...fit = [ 2.254, 2.231, 2.206, 2.189, 2.162, 2.134 ]",a3c67548ca5e48a1633b29de26589f09,2026-09-13T12:00:30+00:00,2026-09-14T15:16:05.862598+00:00,962,imrranbigbull
1286500,36621,"🔰 PAIR: SAND/ USDT 💹

🟢Position: LONG🚀

☑️ Entry Z...0.03594
🥈 0.03623
🥉 0.03677

❌ Stop Loss: 🔴0.03495",6a4c62f59be80f211b5332ef69e12d91,2026-09-13T09:40:01+00:00,2026-09-14T15:16:06.473738+00:00,962,imrranbigbull
1286481,36620,"🚀 $API3/USDT PERP 🚀

🟢 LONG

💰 Entry : 0.255$ – 0.... 5X – 25X

⛔️ SL : 0.210$

📌 Use Only 2-5% Capital",1114fb2672ca60d0a9f3fdd71503f96e,2026-09-13T09:40:01+00:00,2026-09-14T15:16:06.364223+00:00,962,imrranbigbull
1286463,36622,"$LTCUSDT

SHORT

RR : 2

LEVERAGE : 40x

ENTRY : 53.86

TAKE PROFITS 👇

1️⃣ 52.45

STOPLOSS : 54.56",9c52684485dce151155fbd310958afd8,2026-09-13T09:40:01+00:00,2026-09-14T15:16:06.248555+00:00,962,imrranbigbull
1286440,36624,"✅ Long

Pair: #ATOM/USDT

📊 Entry Price: 

1) 1.57....652
4) 1.685

Stop Loss: 1.478

Leverage: 10x-20x",7f6516eecbd60479bd22188127c813a2,2026-09-13T09:40:01+00:00,2026-09-14T15:16:05.850668+00:00,962,imrranbigbull
1286458,36617,"🚀 LONG: $ARK/USDT
LEVERAGE: 50x

✔️ENTRY PRICE: 0....750-0.1800-0.1900

STOP LOSS:  0.1600


REACTIONS?",26d70642447c3cfd0c99a42c9a78f7ba,2026-09-13T09:39:52+00:00,2026-09-14T15:16:06.191530+00:00,962,imrranbigbull
1286457,36619,"⭐ ARK /USDT — LONG

💵 ENTRY: 0.1700-0.1680

⚙️ LEV...o

📌 Follow the setup and manage your risk wisely.",3db54b440872ae9b035a7ee7e911b9f2,2026-09-13T09:39:52+00:00,2026-09-14T15:16:06.188122+00:00,962,imrranbigbull
1286493,36614,"$AVA SHORTNOW

ENTRY: 0.195- 0.200

TP:- 0.185- 0.175- 0.160

SL:- 0.0220",5ad02fca1e487ce08f149cd93c3b0ffa,2026-09-13T08:39:55+00:00,2026-09-14T15:16:06.446660+00:00,962,imrranbigbull
1286509,36609,"🌈PAIR:- #ARK/USDT
⚡️ Direction : LONG
🛠 Leverage: ...nt Usage:- 1 - 2%
(According To your Risk Setting)",d8667ca01257c77d79c35f0a5860988b,2026-09-13T07:57:26+00:00,2026-09-14T15:16:06.563605+00:00,962,imrranbigbull
1286495,36610,"🚀 LONG: $AVA/USDT
LEVERAGE: 50x

✔️ENTRY PRICE: 0....2100-0.2180-0.2350

STOP LOSS:  0.1940

REACTIONS?",6b97001fe943fca5fc97034d1407eb97,2026-09-13T07:57:26+00:00,2026-09-14T15:16:06.464424+00:00,962,imrranbigbull
1286470,36607,"#ANIMEUSDT — BUY (LONG) 
🎉
🟢 Leverage: Cross  50x7...Risk Management:
Use only 2%– 3%of your portfolio.",157f28f3a50c23b0b3f22006a3003f64,2026-09-13T07:50:49+00:00,2026-09-14T15:16:06.326582+00:00,962,imrranbigbull
1286478,36605,"🚀 #API3USDT LONG SIGNAL 🚀

📌 ENTRY ➜ 0.2520

🎯 TAK...ch this move together!

🔓 Trade Smart • Trade Safe",07f9146db80e979bb00b582cf8f05f86,2026-09-13T07:50:43+00:00,2026-09-14T15:16:06.358189+00:00,962,imrranbigbull
1286455,36604,API3 LONG 0.2520 TP1 0.2582,3e658bab0c013cdcd3792ca9d394d3dd,2026-09-13T07:50:43+00:00,2026-09-14T15:16:06.152990+00:00,962,imrranbigbull
1286436,36601,"#PUNDIX / USDT — BUY (LONG) 
Leverage: Cross 25x –...T IS KEY
👉 Use ONLY 2 – 3% of your total portfolio",d6f9c912fca494c994db8d4e45ade66d,2026-09-13T07:25:53+00:00,2026-09-14T15:16:05.777100+00:00,962,imrranbigbull
1286438,36596,"⭐️$STEEM/USDT  SHORT

🛡Leverage : Cross 25x50

‼️E....08534

Use only 3% - 5% amount of your portfolio🛍",2a17757d143ba8c97e01c12b53ea3af6,2026-09-13T07:02:56+00:00,2026-09-14T15:16:05.803571+00:00,962,imrranbigbull
1286483,36585,"🔴 Short

Pair: #NEO/USDT

📊 Entry Price: 

1) 2.25....141
4) 2.094

Stop Loss: 2.391

Leverage: 10x-20x",407d168edba99dd8fec543d0f74545bb,2026-09-13T07:01:44+00:00,2026-09-14T15:16:06.372952+00:00,962,imrranbigbull
1286439,36583,"🟢 Long

#TRX/USDT

Entry : 

1) 0.33938
2) 0.32919...36259

🛑 Stop : 0.31799

Leverage : 10x (isolated)",cad3f91ba398a659672a16f661bd5f99,2026-09-13T07:01:44+00:00,2026-09-14T15:16:05.838880+00:00,962,imrranbigbull
1286434,36584,"🟢GRIFFAIN/USDT 📈

📈 long Setup 

💰 Entry Zone: 0.0...et 1. 
✅ Move SL to breakeven after Target 1 hits.",3a95630eea51bee33a9f5f9a9fbd6e05,2026-09-13T07:01:44+00:00,2026-09-14T15:16:05.773646+00:00,962,imrranbigbull
1286432,36581,"$POLYX/USDT #LONG📩

✅ENTRY :-0.041/0.03950

Target...𝐎𝐧𝐥𝐲 𝟏-𝟑% 𝐎𝐟 𝐎𝐮𝐫 𝐃𝐞𝐩𝐨𝐬𝐢𝐭 𝐅𝐨𝐫 𝐄𝐚𝐜𝐡 𝐓𝐫𝐚𝐝𝐞

React,??m",88510197c5ebe07a0d0f7e47be41efea,2026-09-13T07:01:43+00:00,2026-09-14T15:16:05.383095+00:00,962,imrranbigbull
1286430,36578,"🐳 POLYX/USDT #LONG🐳

✳️ ENTRY :- 0.042 - 0.040

💢 ...: 0.048

⛔️ STOP-LOSS :- 0.038

☝️ Margin Use 2–3%",06ee3892aed9f94a2e01a06a6ebe5062,2026-09-13T07:01:38+00:00,2026-09-14T15:16:04.827579+00:00,962,imrranbigbull
1286429,36579,"📍Coin : #AVNT/USDT

🟢 LONG 

👉 Entry: 0.1018 - 0.0...t 5: 0.1069
🎯 Target 6: 0.1080

❌ StopLoss: 0.0962",ed782693be84771e601c341d3b39f5c3,2026-09-13T07:01:38+00:00,2026-09-14T15:16:04.825497+00:00,962,imrranbigbull
1286428,36575,"📊 #POWR/USDT

🟢 POSITION: LONG

💰 ENTRY RANGE
➤ 0....
➤ 0.070

━━━━━━━━━━━━━━━━━━

✅ Manage risk wisely",258da97a21a3872f7fbd37d1e28f6dfd,2026-09-13T07:01:38+00:00,2026-09-14T15:16:04.824607+00:00,962,imrranbigbull
1286427,36576,"🚀 $KAVA/USDT PERP 🚀

🟢 LONG

💰 Entry : 0.0815$ – 0... 5X – 25X

⛔️ SL : 0.066$

📌 Use Only 2-5% Capital",aa8755ab276a63cd5d61d261e8966ca6,2026-09-13T07:01:38+00:00,2026-09-14T15:16:04.823956+00:00,962,imrranbigbull
1286426,36577,"🔴 SHORT

#QTUM/USDT

Entry zone : 0.986843 - 0.958...66601
0.837714

Stop loss :1.025167

Leverage: 10x",bdf8cdf41c6320908c372856c4a42126,2026-09-13T07:01:38+00:00,2026-09-14T15:16:04.821654+00:00,962,imrranbigbull
1286425,36568,"#LSK/USDT SHORT     

👉Leverage : Cross 10× To 30×...fit

1)  0.76
2)  0.65
3)  0.53

⭕Stoploss : 0.920",1aac9cc3cb7dbe5628c148c25a13d05e,2026-09-13T07:01:37+00:00,2026-09-14T15:16:04.774029+00:00,962,imrranbigbull
1286424,36567,#LSK SHORT 0.803,7e1aa1d7dcd6fa29377cc5701d30ed15,2026-09-13T07:01:37+00:00,2026-09-14T15:16:04.696589+00:00,962,imrranbigbull
1286288,36558,"🚀 #BIGTIMEUSDT LONG SIGNAL 🚀

📌 ENTRY ➜ 0.007548

...ch this move together!

🔓 Trade Smart • Trade Safe",c39aabcac200eac1221f958d8a858098,2026-09-13T07:01:18+00:00,2026-09-14T15:15:46.951690+00:00,962,imrranbigbull
1286303,36551,"#OPENUSDT — BUY (LONG) 
🎉
🟢 Leverage: Cross  50x75...Risk Management:
Use only 2%– 3%of your portfolio.",bd00cc9e2a7d991249e7b03b8052f901,2026-09-13T07:01:06+00:00,2026-09-14T15:15:46.988318+00:00,962,imrranbigbull
1286333,36550,"📊#FLOCK/USDT — LONG

⚡️ Leverage : 10X – 30X

💹Ent...Entry After TP1

⚖️ Follow Proper Risk Management.",a0127940963e8ba093c93f070c2cda26,2026-09-13T07:01:00+00:00,2026-09-14T15:15:47.083943+00:00,962,imrranbigbull
1286274,36546,"#CTR/USDT

📈Signal: long Leverage: Cross 20X

⚡️En...even after TP1 is hit.

📣Trade Smart • Follow Risk",9b645a03b4b1f4cecbfcadbe2f520211,2026-09-13T07:00:49+00:00,2026-09-14T15:15:46.841419+00:00,962,imrranbigbull
1286311,36543,"Long #CTR 0.011700

Tp 0.012700",c4c51a612082fe360fcf599f2573aed4,2026-09-13T07:00:36+00:00,2026-09-14T15:15:47.010515+00:00,962,imrranbigbull
1294531,37101,"Short lsk 0.4535 50x

Tp 1 0.4350",533bb9ad13d2accfae3ccfee80dcebd1,2026-09-14T14:17:00+00:00,2026-09-14T17:58:36.915201+00:00,962,imrranbigbull
1294509,37102,"#LSK/USDT

📈Signal: short Leverage: Cross 50X

⚡️E...even after TP1 is hit.

📣Trade Smart • Follow Risk",9fc2e5b53e39fcb14387a3b7c4f836c0,2026-09-14T14:17:00+00:00,2026-09-14T17:58:36.793385+00:00,962,imrranbigbull
1294483,37105,"#AVAAIUSDT — BUY (LONG) 
🎉
🟢 Leverage: Cross  50x7...Risk Management:
Use only 2%– 3%of your portfolio.",86f5658026aa93f95c92600f9f9fe02d,2026-09-14T14:17:00+00:00,2026-09-14T17:58:36.669011+00:00,962,imrranbigbull
1294476,37108,"#AVAAIUSDT — BUY (LONG) 
🎉
🟢 Leverage: Cross  50x7...Risk Management:
Use only 2%– 3%of your portfolio.",86f5658026aa93f95c92600f9f9fe02d,2026-09-14T14:17:00+00:00,2026-09-14T17:58:36.621574+00:00,962,imrranbigbull
1294530,37100,"EXCHANGE/BYBIT/BITUNIX/OKX📌 


DAY TRADE 🏆

SHORT/...agement 🏆


Use only 5% of your 📈Available balance",913345ab73a091d7cdebbcf4e5470712,2026-09-14T14:16:59+00:00,2026-09-14T17:58:36.910988+00:00,962,imrranbigbull
1294534,37093,"🔰 PAIR: ALICE/ USDT 💹

🟢Position: LONG🚀

☑️ Entry ...:
🥇 0.1305
🥈 0.1313
🥉 0.1332

❌ Stop Loss: 🔴0.1274",5dc3263cc801adfce38e5fb74a6c4903,2026-09-14T13:27:31+00:00,2026-09-14T17:58:36.924609+00:00,962,imrranbigbull
1294529,37094,"📊 Let’s LONG #AIN/USDT

💥 Leverage:  Cross 20×  - ...1) 0.0100
2) 0.1050
3) 0.1120

🔖 Stop Loss: 0.0926",80befa126d81fb59db51be6fac9967e0,2026-09-14T13:27:31+00:00,2026-09-14T17:58:36.909571+00:00,962,imrranbigbull
1294521,37092,"#SHORT 🔴 🔤🔤🔤🔤🔤

#POL/USDT (RISKY)

Margin Mode : I...164

🟩 SL : 0.09874- 100%

📊 LEV : 30X

🇯🇵 Premium",8003a6505c4c6099681ddee997015188,2026-09-14T13:27:31+00:00,2026-09-14T17:58:36.818118+00:00,962,imrranbigbull
1294507,37097,"#RONIN/USDT

📈Signal: long Leverage: Cross 20X

⚡️...even after TP1 is hit.

📣Trade Smart • Follow Risk",b802ba03d1722f4df1512fca1b5df08b,2026-09-14T13:27:31+00:00,2026-09-14T17:58:36.790024+00:00,962,imrranbigbull
1294482,37091,"#AIN/ USDT — BUY (LONG) 
Leverage: Cross 25x – 50x...T IS KEY
👉 Use ONLY 2 – 3% of your total portfolio",a49b81ec200516b61290db40ef8f10bd,2026-09-14T13:27:31+00:00,2026-09-14T17:58:36.662170+00:00,962,imrranbigbull
1294527,37075,"🚨 #SOL/USDT | SHORT

⚡Leverage: Cross 100X

🎯Entry... follow the signal and secure profits at targets.💎",8d71844aac669a430da31ed022eece08,2026-09-14T13:13:38+00:00,2026-09-14T17:58:36.890444+00:00,962,imrranbigbull
1294526,37084,"BTC/USD SELL 

Entry : $  77449

Target1: $  77130
Target2: $ 75886
Target3: $ 75035

SL : $ 78441",25cc590d4c7691579aabe3fc95cf3f45,2026-09-14T13:13:38+00:00,2026-09-14T17:58:36.882625+00:00,962,imrranbigbull
1294517,37081,"Btc 78-81k zone bear market btc short ke liye entr... uper rakh ke

Dca 82k- 86k 
long term tp 76k- 72k",308c2eb76278b5666ac27203ccc68f74,2026-09-14T13:13:38+00:00,2026-09-14T17:58:36.813511+00:00,962,imrranbigbull
1294472,37080,"⭐ BR /USDT — LONG

💵 ENTRY: 0.49700-0.47200

⚙️ LE...o

📌 Follow the setup and manage your risk wisely.",876a2a324f5a2bd7b2979cfce0045bac,2026-09-14T13:13:38+00:00,2026-09-14T17:58:36.580524+00:00,962,imrranbigbull
1294487,37061,"📊 Let’s LONG #BR/USDT

💥 Leverage:  Cross 20×  -  ...: 

1) 0.511
2) 0.534
3) 0.570

🔖 Stop Loss: 0.468",8ab08b7f2e6a7745b2a43e00539da900,2026-09-14T12:40:26+00:00,2026-09-14T17:58:36.674024+00:00,962,imrranbigbull
1294470,37060,"⌛#LDO/USDT  ( LONG )

🍁 Leverage 👉 20X to 25X 

⛩️...99 | 0.3833 | 0.3876 | 0.3917

🔕 Stoploss = 0.3562",6097898d9a81b601ff2ecdecc9bd1df8,2026-09-14T12:38:58+00:00,2026-09-14T17:58:36.547939+00:00,962,imrranbigbull
1294465,37037,"👑 #REZ /USDT — TRADE LONG

LEVERAGE 25X TO 50X

🤑 ... STOP LOSS: 0.004300

⚡️ NO FEAR — JUST PROFITS ✔️",d58443975a1b1e0c5448058aaf9d97e1,2026-09-14T12:34:04+00:00,2026-09-14T17:58:36.458568+00:00,962,imrranbigbull
1294457,37035,"➡️ #T      /USDT (LONG) 🔼🔼

⌛LEVERAGE : 20X TO 75X...6


💥Use only 1%margin of your total portfolio❤️😘😇",a260ec700ad10ec99eab488f4cb49b2f,2026-09-14T12:34:04+00:00,2026-09-14T17:58:35.706865+00:00,962,imrranbigbull
1294449,37038,"🔴 SHORT

#XLM/USDT

Entry : 

1) 0.19030
2) 0.1960...17713

🛑 Stop : 0.20228

Leverage : 10x (isolated)",9b93f3eb8f584edff1a935e0fbada350,2026-09-14T12:34:04+00:00,2026-09-14T17:58:35.662623+00:00,962,imrranbigbull
1294503,37032,"#BR/ USDT — BUY (LONG) 
Leverage: Cross 25x – 50x
...T IS KEY
👉 Use ONLY 2 – 3% of your total portfolio",924c8dcd4c6af0377212c3b79bf5dd0e,2026-09-14T12:34:03+00:00,2026-09-14T17:58:36.775713+00:00,962,imrranbigbull
1294463,37033,"BTC/ USDT/ SHORT
Entry at market price 

Cross || ...only 1% of your wallet. 
Manage your risk properly",43eec4e659b1007cbb3585c0c55b2558,2026-09-14T12:34:03+00:00,2026-09-14T17:58:36.453835+00:00,962,imrranbigbull
1294462,37034,"➡️ #LA       /USDT (LONG) 🔼🔼

⌛LEVERAGE : 20X TO 7...6


💥Use only 1%margin of your total portfolio❤️😘😇",cca39e379353d4a641e1a5ffea3f29fd,2026-09-14T12:34:03+00:00,2026-09-14T17:58:36.453196+00:00,962,imrranbigbull
1294532,37030,"🚀 #LAUSDT LONG SIGNAL 🚀  LEVERAGE 50X-75X

📌 ENTRY...ch this move together!

🔓 Trade Smart • Trade Safe",1a7e478e12719cd8c74ea092fd0643eb,2026-09-14T11:34:38+00:00,2026-09-14T17:58:36.917221+00:00,962,imrranbigbull
1294501,37028,"➡️ #SKYAI       /USDT (LONG) 🔼🔼

⌛LEVERAGE : 20X T...00

💥Use only 1%margin of your total portfolio❤️😘😇",223214652aa6afaf61ae6847eac6546c,2026-09-14T11:34:38+00:00,2026-09-14T17:58:36.774042+00:00,962,imrranbigbull
1294473,37027,"📈 LONG #CVC/USDT 

🚀 LEVERAGE : 50x

📊 ENTRY PRICE...P🟢0.0369

TP🟢0.0385

STOPLOSS 🔴0.0330


REACTIONS?",b376d3245a9e04e9126aa97579d70033,2026-09-14T11:34:38+00:00,2026-09-14T17:58:36.595954+00:00,962,imrranbigbull
1294454,37025,"⭐️$CVC/USDT  SHORT

🛡Leverage : Cross 25x50

‼️Ent....04249

Use only 3% - 5% amount of your portfolio🛍",d5da93b38d5d5effa0bb7d6257cace4b,2026-09-14T11:34:38+00:00,2026-09-14T17:58:35.686463+00:00,962,imrranbigbull
1294505,37018,"#B2USDT — BUY (LONG) 
🎉
🟢 Leverage: Cross  50x75

...Risk Management:
Use only 2%– 3%of your portfolio.",e7681c0e385ef1a275ccf2558a7c7901,2026-09-14T10:51:42+00:00,2026-09-14T17:58:36.783628+00:00,962,imrranbigbull
1294502,37020,"💵COIN NAME : #T/USDT

📈POSITION : LONG(BUY)

📊 LEV...
TP3 = 0.0060

🔖 STOPLOSS  = 0.0052

SHOW REACTION",624d37824c3bc75e38460befc86e7f69,2026-09-14T10:51:42+00:00,2026-09-14T17:58:36.771859+00:00,962,imrranbigbull
1294498,37017,"#BANKUSDT — BUY (LONG) 
🎉
🟢 Leverage: Cross  50x75...Risk Management:
Use only 2%– 3%of your portfolio.",590da8de8f2694ba695ca5c41428378b,2026-09-14T10:51:42+00:00,2026-09-14T17:58:36.728955+00:00,962,imrranbigbull
1294469,37023,"#T/USDT LONG     

👉Leverage : Cross 10× To 30×

E...  0.0056
2)  0.0058
3)  0.0060

⭕Stoploss : 0.P052",d201fea242b71706ebd117d3958c9557,2026-09-14T10:51:42+00:00,2026-09-14T17:58:36.492151+00:00,962,imrranbigbull
1294451,37016,"#AIN/ USDT — BUY (LONG) 
Leverage: Cross 25x – 50x...T IS KEY
👉 Use ONLY 2 – 3% of your total portfolio",e6661e94913813f59ef7b62c7128dead,2026-09-14T10:51:42+00:00,2026-09-14T17:58:35.671515+00:00,962,imrranbigbull
1294448,37021,"➡️ #CVC      /USDT (SHORT) 🔽🔽

⌛LEVERAGE : 20X TO ...0


💥Use only 1%margin of your total portfolio❤️😘😇",57f6a986cd3b00c32fbdab9745851dc9,2026-09-14T10:51:42+00:00,2026-09-14T17:58:35.638105+00:00,962,imrranbigbull
1294446,37022,"🔴 SHORT

#IOTA/USDT

Entry zone : 0.044454 - 0.043...9038
0.037736

Stop loss :0.0461812

Leverage: 10x",ea2e0547b7dd84f8e364317a4199ce7a,2026-09-14T10:51:42+00:00,2026-09-14T17:58:35.629674+00:00,962,imrranbigbull
1294512,37013,"#REZ/ USDT — BUY (LONG) 
Leverage: Cross 25x – 50x...T IS KEY
👉 Use ONLY 2 – 3% of your total portfolio",c97289861bad94c82e6d3f96a9eb196e,2026-09-14T10:04:40+00:00,2026-09-14T17:58:36.796433+00:00,962,imrranbigbull
1294464,37012,"#REZ/USDT LONG     

👉Leverage : Cross 10× To 30×
...00502
2)  0.00520
3)  0.00560

⭕Stoploss : 0.00462",c0fdd206613afe2bc67901561be6017d,2026-09-14T10:04:40+00:00,2026-09-14T17:58:36.455281+00:00,962,imrranbigbull
1294450,37011,"👑 #REZ /USDT — TRADE LONG

LEVERAGE 25X TO 50X

🤑 ... STOP LOSS: 0.004620

☄️ NO FEAR — JUST PROFITS ✔️",7a8090af09777ff4cd3ef398c7ee2570,2026-09-14T10:04:40+00:00,2026-09-14T17:58:35.669441+00:00,962,imrranbigbull
1294447,37014,"🔴 Short

Pair: #XRP/USDT

📊 Entry Price: 

1) 1.40...26
4) 1.3031

Stop Loss: 1.4882

Leverage: 10x-20x",a164babea2c3cb2b30c7480823850d3e,2026-09-14T10:04:40+00:00,2026-09-14T17:58:35.630360+00:00,962,imrranbigbull
1294460,37009,"#LSKUSDT — BUY (LONG) 
🎉
🟢 Leverage: Cross  50x75
...Risk Management:
Use only 2%– 3%of your portfolio.",1305c85890ed099370636a3a9687ea52,2026-09-14T10:04:39+00:00,2026-09-14T17:58:36.438427+00:00,962,imrranbigbull
1294440,37005,"#LSKUSDT — BUY (LONG) 
🎉
🟢 Leverage: Cross  50x75
...Risk Management:
Use only 2%– 3%of your portfolio.",1305c85890ed099370636a3a9687ea52,2026-09-14T10:04:39+00:00,2026-09-14T17:58:35.378140+00:00,962,imrranbigbull
1294442,36988,"⭐️$AIN/USDT  LONG

🛡Leverage : Cross 25x50

‼️Entr....08344

Use only 3% - 5% amount of your portfolio🛍",183cecba9d757333b10d61dee8d93c6b,2026-09-14T09:47:09+00:00,2026-09-14T17:58:35.404223+00:00,962,imrranbigbull
1294439,36986,"📊 Let’s LONG #AIN/USDT

💥 Leverage:  Cross 20×  - ...
1) 0.1075
2) 0.1130
3) 0.1200

🔖 Stop Loss: 0.098",d1095a6aafaa196d848025d27b8c5b2d,2026-09-14T09:45:08+00:00,2026-09-14T17:58:35.322515+00:00,962,imrranbigbull
1294404,36982,"#AIN/ USDT — BUY (LONG) 
Leverage: Cross 25x – 50x...T IS KEY
👉 Use ONLY 2 – 3% of your total portfolio",58fd795332b000daec416ac08b0a65a0,2026-09-14T09:45:08+00:00,2026-09-14T17:58:21.177890+00:00,962,imrranbigbull
1294402,36984,"Long #TUSDT 0.005025

Tp 0.005165",846b1a5d6e582f51c73b11880f95cc8b,2026-09-14T09:45:08+00:00,2026-09-14T17:58:21.165596+00:00,962,imrranbigbull
1294398,36979,SHORT #CVC 0.035,46bc947db90de2a01b5be0f139fd7122,2026-09-14T09:45:08+00:00,2026-09-14T17:58:21.133258+00:00,962,imrranbigbull
1294395,36980,"📉 SHORT #CVC/USDT 

🚀 LEVERAGE : 50x

📊 ENTRY PRIC...P🟢0.0335

TP🟢0.0320

STOPLOSS 🔴0.0376


REACTIONS?",25b5da9619368a187f6cf78cacdbfb52,2026-09-14T09:45:08+00:00,2026-09-14T17:58:21.100808+00:00,962,imrranbigbull
1294393,36978,"🚀 SHORT: $LSK/USDT
LEVERAGE: 50x

✔️ENTRY PRICE: 0...870-0.8400-0.7700

STOP LOSS:  0.9600


REACTIONS?",a09aa9fbf16b305aa57bd6801bb3365d,2026-09-14T09:45:08+00:00,2026-09-14T17:58:21.092319+00:00,962,imrranbigbull
1294400,36975,"FILUSDT

LONG LONG LONG 

OPEN MARKET PRICE 

TP 1.0500
TP 1.0700

Sl - 0.9420

LEV 20X",9c2b7ad12adb62f748f1a5a8fcdf17f8,2026-09-14T09:17:37+00:00,2026-09-14T17:58:21.135792+00:00,962,imrranbigbull
1294394,36976,"✅ Long

Pair: #XMR/USDT

📊 Entry Price: 

1) 509.9...17
4) 544.82

Stop Loss: 477.81

Leverage: 10x-20x",58afde6d2b7d660e2d21465e8b7db7a1,2026-09-14T09:17:37+00:00,2026-09-14T17:58:21.099868+00:00,962,imrranbigbull
1294399,36974,"#LSKUSDT — BUY (LONG) 
🎉
🟢 Leverage: Cross  50x75
...Risk Management:
Use only 2%– 3%of your portfolio.",d42c43821e70947cc0507cf4462a4919,2026-09-14T09:03:02+00:00,2026-09-14T17:58:21.134505+00:00,962,imrranbigbull
1294397,36973,"#EDGE | SHORT SETUP

💰 Entry: $0.6053

🎯 Target1: ...t4: $0.58230
🎯 Target5: $0.57382

🛡 STOP: $0.63556",2dcf9c030918c2253233e7411f19848c,2026-09-14T09:03:02+00:00,2026-09-14T17:58:21.103387+00:00,962,imrranbigbull
1294396,36972,"💰#CVC/ USDT👑

💎Setup Type: Strong LONG  🔖Opportuni...TP ➝ 0.04600

4️⃣TP ➝ 0.06000

🚫Stop Loss: 0.03000",2240df9e29ba574f3f9e77c06c53efaf,2026-09-14T09:03:02+00:00,2026-09-14T17:58:21.101805+00:00,962,imrranbigbull
1294390,36970,"💰#REZ/ USDT👑

💎Setup Type: Strong LONG  🔖Opportuni...➝ 0.005700

4️⃣TP ➝ 0.006690

🚫Stop Loss: 0.003800",b7d1fb7876a3555dbf6945072599d3c4,2026-09-14T08:43:27+00:00,2026-09-14T17:58:20.895314+00:00,962,imrranbigbull
1294388,36968,"💰#REZ/ USDT👑

💎Setup Type: Strong LONG  🔖Opportuni...➝ 0.005700

4️⃣TP ➝ 0.006690

🚫Stop Loss: 0.003800",b7d1fb7876a3555dbf6945072599d3c4,2026-09-14T08:43:27+00:00,2026-09-14T17:58:20.807979+00:00,962,imrranbigbull
1294380,36969,"#CVC LONG

0.03740",76d8ca3252350ad5a3d582b8299ace77,2026-09-14T08:43:27+00:00,2026-09-14T17:58:20.728284+00:00,962,imrranbigbull
1294377,36967,"#CVC LONG

0.03740",76d8ca3252350ad5a3d582b8299ace77,2026-09-14T08:43:27+00:00,2026-09-14T17:58:20.721931+00:00,962,imrranbigbull
1294376,36966,"⭐️$AIN/USDT  LONG

🛡Leverage : Cross 25x50

‼️Entr....08719

Use only 3% - 5% amount of your portfolio🛍",5246da5cdfbf0e5fcf8090278bcc0f56,2026-09-14T08:43:27+00:00,2026-09-14T17:58:20.719056+00:00,962,imrranbigbull
1294375,36964,"#AIN/ USDT — BUY (LONG) 
Leverage: Cross 25x – 50x...T IS KEY
👉 Use ONLY 2 – 3% of your total portfolio",a9671c2807744c6876dc425723dc89cc,2026-09-14T08:43:19+00:00,2026-09-14T17:58:20.704877+00:00,962,imrranbigbull
1294374,36956,"📊 #PHAROS/USDT

🟢 POSITION: LONG

💰 ENTRY RANGE
➤ ...
➤ 0.420

━━━━━━━━━━━━━━━━━━

✅ Manage risk wisely",64e1630963af1d058338e2cc7c6bd952,2026-09-14T08:23:54+00:00,2026-09-14T17:58:20.687769+00:00,962,imrranbigbull
1294372,36955,"⭐️$MTL/USDT  LONG

🛡Leverage : Cross 25x50

‼️Entr...0.3065

Use only 3% - 5% amount of your portfolio🛍",56460a40dbbffde9ac88ab10dc946440,2026-09-14T08:23:54+00:00,2026-09-14T17:58:20.666644+00:00,962,imrranbigbull
1294365,36962,"Use only 2% Funds

#CVC/USDT (LONG)

Entry 1 = 0.0...rofit
T.P 3 = 1000% Profit 

🔴Stop loss at 0.03450",016389434aa20ffb129dfc689edb5e03,2026-09-14T08:23:54+00:00,2026-09-14T17:58:20.634330+00:00,962,imrranbigbull
1294364,36961,"🚨 #PHAROS/USDT | LONG

⚡Leverage: Cross 20x

🎯Entr... follow the signal and secure profits at targets.💎",215fec63173a10388668c90a9b4dfade,2026-09-14T08:23:54+00:00,2026-09-14T17:58:20.633495+00:00,962,imrranbigbull
1294320,36960,"🚨 #REZ/USDT | LONG

⚡Leverage: Cross 50x

🎯Entry T... follow the signal and secure profits at targets.💎",16044d65d6d3ebad3c392295e35587cb,2026-09-14T08:23:54+00:00,2026-09-14T17:58:20.216668+00:00,962,imrranbigbull
1294362,36953,"🔴 SHORT

#XLM/USDT

Entry zone : 0.19029 - 0.18475...16710
0.16153

Stop loss :0.1976825

Leverage: 10x",6166368f5eaa426db6edc6dd9722a8e4,2026-09-14T07:44:50+00:00,2026-09-14T17:58:20.629339+00:00,962,imrranbigbull
1294385,36948,"📊 Let’s LONG #HYPE/USDT

💥 Leverage:  Cross 20×  -...: 

1) 78.30
2) 77.30
3) 75.90

🔖 Stop Loss: 81.70",2f011503f92af232cf8a2cb66352682f,2026-09-14T07:27:04+00:00,2026-09-14T17:58:20.774866+00:00,962,imrranbigbull
1294367,36952,"#CVC/ USDT — BUY (LONG) 
Leverage: Cross 25x – 50x...T IS KEY
👉 Use ONLY 2 – 3% of your total portfolio",1b2048f10da1774973de39a83309f90a,2026-09-14T07:27:04+00:00,2026-09-14T17:58:20.645127+00:00,962,imrranbigbull
1294358,36947,"🚀 #NAORISUSDT LONG SIGNAL 🚀  LEVERAGE 50X-75X

📌 E...ch this move together!

🔓 Trade Smart • Trade Safe",2a3e2c13221151c1a0db5f781dad7e74,2026-09-14T07:27:04+00:00,2026-09-14T17:58:20.617293+00:00,962,imrranbigbull
1294346,36951,Cvc long 0.04100,209783e5f908b28392b1d00ad4054cb4,2026-09-14T07:27:04+00:00,2026-09-14T17:58:20.437908+00:00,962,imrranbigbull
1294328,36950,"✅Entry :$0.1230 - 0.1210

(LONG POWER/USDT  5-20x🆘...5  $0.1294
🏹Target 6  $0.1306

🚫Stop loss - 0.1664",1c832cb469b8fb7c0c26580c9b628ca3,2026-09-14T07:27:04+00:00,2026-09-14T17:58:20.263005+00:00,962,imrranbigbull
1294387,36940,"#CVC/USDT SHORT     

👉Leverage : Cross 10× To 30×...  0.0344
2)  0.0327
3)  0.0317

⭕Stoploss : 0.0375",712c0a12e0f2fc1dd92ab4580f130976,2026-09-14T07:26:52+00:00,2026-09-14T17:58:20.798502+00:00,962,imrranbigbull
1294379,36944,"📊 POWER/USDT — LONG 

📍 ENTRY: CMP

🎯 TARGET 1: 0....Manage your risk & trade responsibly.

🔥 LET’S GO!",a7ced340d60e3e9fc6ac830dbee072bd,2026-09-14T07:26:52+00:00,2026-09-14T17:58:20.725380+00:00,962,imrranbigbull
1294369,36942,"Coin #EDGE/USDT

Position: LONG 

Leverage:  Cross...0.64

Targets: 🎯 0.68, 0.70, 0.72

Stop Loss: 0.62",6a2ea70b9fd901093ac96f7fda03a25e,2026-09-14T07:26:52+00:00,2026-09-14T17:58:20.650501+00:00,962,imrranbigbull
1294359,36938,#AIN SHORT  0.108,4be1616d7b2ea80b40f1bbf662eb4319,2026-09-14T07:26:52+00:00,2026-09-14T17:58:20.617990+00:00,962,imrranbigbull
1294348,36937,"#MTL/USDT SHORT     

👉Leverage : Cross 10× To 30×...t

1)  0.380
2)  0.365
3)  0.349

⭕Stoploss : 0.41",ecbcf7980fd9de715c3968aecc68d7b8,2026-09-14T07:26:52+00:00,2026-09-14T17:58:20.462255+00:00,962,imrranbigbull
1294345,36939,"#AIN/USDT SHORT     

👉Leverage : Cross 10× To 30×...1)  0.1040
2)  0.0970
3)  0.0870

⭕Stoploss : 0.12",34e07cb8b75e4672b9d65412fd0bb586,2026-09-14T07:26:52+00:00,2026-09-14T17:58:20.435120+00:00,962,imrranbigbull
1294342,36943,"Coin #POWER/USDT

Position: SHORT 

Leverage:  Cro...rgets: 🎯 0.1130, 0.1100, 0.1070

Stop Loss: 0.1220",b606f4727e6ba499adca1894f7b46b8a,2026-09-14T07:26:52+00:00,2026-09-14T17:58:20.366639+00:00,962,imrranbigbull
1294391,36926,"✨ADA/USDT

🎗 Trade Type = LONG 🟢

⭐️ Leverage :- 2...[ 0.2108, 0.2128, 0.2149, 0.2174, 0.2196, 0.2224 ]",330f124bd2304c2b9037375cbedaef8a,2026-09-14T07:26:51+00:00,2026-09-14T17:58:20.920832+00:00,962,imrranbigbull
1294383,36923,"📊 Let’s LONG #IOTX/USDT

💥 Leverage:  Cross 20×  -...665
2) 0.003780
3) 0.003980

🔖 Stop Loss: 0.003320",0639c7b20ffbf8626de0847c25b75540,2026-09-14T07:26:51+00:00,2026-09-14T17:58:20.750669+00:00,962,imrranbigbull
1294382,36932,"🟢 Long

#BAT/USDT

Entry : 

1) 0.076840
2) 0.0745...2097

🛑 Stop : 0.071999

Leverage : 10x (isolated)",935fa1a6aba9b2815bd17c2f2657700b,2026-09-14T07:26:51+00:00,2026-09-14T17:58:20.749353+00:00,962,imrranbigbull
1294361,36921,"#PORTALUSDT — BUY (LONG) 
🎉
🟢 Leverage: Cross  50x...Risk Management:
Use only 2%– 3%of your portfolio.",f5b93b3dda4b2f2e7dd1a59f61481140,2026-09-14T07:26:51+00:00,2026-09-14T17:58:20.620675+00:00,962,imrranbigbull
1294357,36928,"⚡ #DOT/USDT

📤 Long 

💹 Buy: 1.0180 - 0.9900

🧿 Ta...620 - 1.0730

🧨 StopLoss: 0.9700 

🔘 Leverage: 20x",fccce62b3784c57b3413702d7c9418c8,2026-09-14T07:26:51+00:00,2026-09-14T17:58:20.598899+00:00,962,imrranbigbull
1294355,36929,"🌈PAIR:- #ARK/USDT
⚡️ Direction : LONG
🛠 Leverage: ...nt Usage:- 1 - 2%
(According To your Risk Setting)",e67f34224a86a10f2afdb8c801ddc996,2026-09-14T07:26:51+00:00,2026-09-14T17:58:20.575775+00:00,962,imrranbigbull
1294338,36930,"🚀 SHORT: $VTHO/USDT🚀
LEVERAGE: 20X-50X

🤍 ENTRY PR...0.00065
—————

❌ STOP LOSS: 0.0008660❌


REACTIONS",118ad76340b291280e8f137eb7dc635f,2026-09-14T07:26:51+00:00,2026-09-14T17:58:20.328479+00:00,962,imrranbigbull
1294334,36927,"$UAI/USDT #SHORT📩

✅ENTRY :-0.54/0.56

Target 1: 0...𝐎𝐧𝐥𝐲 𝟏-𝟑% 𝐎𝐟 𝐎𝐮𝐫 𝐃𝐞𝐩𝐨𝐬𝐢𝐭 𝐅𝐨𝐫 𝐄𝐚𝐜𝐡 𝐓𝐫𝐚𝐝𝐞

React,??m",19757785f8138fc60d7773808d6b4de6,2026-09-14T07:26:51+00:00,2026-09-14T17:58:20.312565+00:00,962,imrranbigbull
1294333,36931,"#LONG 🟢🔤🔤🔤🔤🔤

#KAVA/USDT

Margin Mode : Isolated 💎...

🟥 SL : 0.05931 - 100%   

📊 LEV : 20X

🇯🇵Premium",c6fffe5622c800ec90a50af350aaedef,2026-09-14T07:26:51+00:00,2026-09-14T17:58:20.309934+00:00,962,imrranbigbull
1294331,36925,"🛎️ Trade: #SOMI/USDT

Direction: 📈 LONG 

🟢 Entry ...88
• Target 6: 0.1604

💠 Leverage : 5x - 10x - 20x",137ff0c49db1d43d97a1bfb0f1b08f56,2026-09-14T07:26:51+00:00,2026-09-14T17:58:20.290829+00:00,962,imrranbigbull
1294326,36935,"#POWER/USDT SHORT     

👉Leverage : Cross 10× To 3...

1)  0.110
2)  0.100
3)  0.097

⭕Stoploss : 0.125",09378194ca0432ae10cd16a30a6c039d,2026-09-14T07:26:51+00:00,2026-09-14T17:58:20.255056+00:00,962,imrranbigbull
1294323,36933,"🔴 SHORT MTL/USDT

CROSS/LEVERAGE 50X

ENTRY: 0.410...
USE UR RISK MANAGEMENT!! 

PATIENT IS THE KEY 🐒🐒🐒",3274a5883469d035b5ef7db7f6725adb,2026-09-14T07:26:51+00:00,2026-09-14T17:58:20.229538+00:00,962,imrranbigbull
1294319,36918,"$ZEC

Long at cmp. 1136.33

Tp. 1286

Sl. 1014",c5343ae82dbe933f5a9b07f29f324c5d,2026-09-14T07:26:51+00:00,2026-09-14T17:58:20.205500+00:00,962,imrranbigbull
1290548,36819,"#REZ/ USDT — BUY (LONG) 
Leverage: Cross 25x – 50x...T IS KEY
👉 Use ONLY 2 – 3% of your total portfolio",c7e1eb7a1e535bea1b2c5601cd15ac4f,2026-09-14T03:38:59+00:00,2026-09-14T16:38:23.851484+00:00,962,imrranbigbull
1290573,36805,"➡️ #BR    /USDT (SHORT) 🔽🔽

⌛LEVERAGE : 20X TO 75X...9


💥Use only 1%margin of your total portfolio❤️😘😇",cf84944c6731787c74eb1590682db2ae,2026-09-14T03:29:32+00:00,2026-09-14T16:38:24.242972+00:00,962,imrranbigbull
1290553,36806,"📊#BR/USDT–LONG–30x 🚀

📍 𝐄𝐧𝐭𝐫𝐲 𝐙𝐨𝐧𝐞:

➥ 0.338, 0.33...tal.

⚠️ Disclaimer:
Trade at your own risk. DYOR.",2251179c96994e8f1e5bba238a279668,2026-09-14T03:29:32+00:00,2026-09-14T16:38:23.929179+00:00,962,imrranbigbull
1290540,36803,"🐳 CAKE/USDT #LONG🐳

✳️ ENTRY :- 2.33 - 2.26

💢 LEV...3 : 2.65

⛔️ STOP-LOSS :- 2.21

☝️ Margin Use 2–3%",24e4df62a427b7a4e57185f3f960168e,2026-09-14T03:29:32+00:00,2026-09-14T16:38:23.576497+00:00,962,imrranbigbull
1290536,36804,"📈 LONG #BR/USDT

♻ Leverage: 20X

➡️ Entry :- 0.33...: 

1) 0.340
2) 0.355
3) 0.375

⭕ Stop Loss: 0.302",f0b524910c001174d7c7d0c7c44a946e,2026-09-14T03:29:32+00:00,2026-09-14T16:38:23.552683+00:00,962,imrranbigbull
1290599,36799,"💵 𝐒𝐈𝐆𝐍𝐀𝐋 𝐀𝐋𝐄𝐑𝐓 💵

#REZ/USDT (25xLONG)

✅ ENTRY:0.0...S:-0.004750/0.004950/0.0053

❌ STOP LOSS: 0.003970",a4da9b1641e5ad4a7460d011595a38a5,2026-09-14T03:29:27+00:00,2026-09-14T16:38:24.408509+00:00,962,imrranbigbull
1290572,36798,"❖ BR/USDT

❖ LONG [ 10×20 ]

➤ Entry Zone:- 0.3525...▪️ TP2: 0.375
▪️ TP3: 0.390

➤ Stop Loss :- 0.3300",cdf07d4b898869c0771f36ccb000578a,2026-09-14T03:29:27+00:00,2026-09-14T16:38:24.143937+00:00,962,imrranbigbull
1290555,36801,"🟢POWER/USDT 📈

📈 long Setup 

💰 Entry Zone: 0.138–...et 1. 
✅ Move SL to breakeven after Target 1 hits.",fdf89054f95402a17a9c778d547989fc,2026-09-14T03:29:27+00:00,2026-09-14T16:38:24.005115+00:00,962,imrranbigbull
1290544,36800,"🔰POWER/USDT 🔰   

🟢 LONG 10X 20X

♻ ENTRY 
1️⃣ 0.1...

1️⃣ 0.140
2️⃣ 0.148
3️⃣ 0.160

⛔ STOPLOSS  0.114",0bdb4c54644f6a9ee95ba6a1db9e4e7d,2026-09-14T03:29:27+00:00,2026-09-14T16:38:23.811338+00:00,962,imrranbigbull
1290529,36802,"👑 #REZ /USDT — TRADE LONG

LEVERAGE 25X TO 50X

🤑 ... STOP LOSS: 0.004500

☄️ NO FEAR — JUST PROFITS ✔️",66e9fe9b778b745e1d2dfd245b9e9e4d,2026-09-14T03:29:27+00:00,2026-09-14T16:38:23.331108+00:00,962,imrranbigbull
1290582,36784,"🟢 Long

#BNB/USDT

Entry : 

1) 716.860
2) 695.354...5.904

🛑 Stop : 671.697

Leverage : 10x (isolated)",0c1bab4622137ec937c6fa7281ff16df,2026-09-13T22:40:14+00:00,2026-09-14T16:38:24.288967+00:00,962,imrranbigbull
1290530,36783,"✅ Long

Pair: #IOTA/USDT

📊 Entry Price: 

1) 0.04...) 0.042993

Stop Loss: 0.037704

Leverage: 10x-20x",d1c66b84028b82448f156b5145d7450f,2026-09-13T22:40:14+00:00,2026-09-14T16:38:23.405903+00:00,962,imrranbigbull
1290535,36782,"✅ Long

#XMR/USDT

Entry zone : 509.93 - 525.71

T...
575.38
591.08

Stop loss :488.9103

Leverage: 10x",6667501e089c2b591298175556421419,2026-09-13T22:40:13+00:00,2026-09-14T16:38:23.542784+00:00,962,imrranbigbull
1290528,36777,"#AGI | SHORT SETUP

💰 Entry: $0.005021

🎯 Target1:...t4: $0.00483
🎯 Target5: $0.00476

🛡 STOP: $0.00527",688d495053f8dae79a847344f4320d59,2026-09-13T19:04:03+00:00,2026-09-14T16:38:23.243502+00:00,962,imrranbigbull
1290473,36719,"➡️ #AR      /USDT (SHORT) 🔽🔽

⌛LEVERAGE : 20X TO 7...0


💥Use only 1%margin of your total portfolio❤️😘😇",0825b1b697c94809e51044f61a618c93,2026-09-13T17:30:29+00:00,2026-09-14T16:38:08.466745+00:00,962,imrranbigbull
1290483,36718,"✅ Long

#IOST/USDT

Entry zone : 0.00075514 - 0.00...
0.00087530

Stop loss :0.000724005

Leverage: 10x",cd6562e753584aad298eec12b311d808,2026-09-13T17:13:06+00:00,2026-09-14T16:38:08.563643+00:00,962,imrranbigbull
1290471,36716,"$AR buying Setup 

Entry : CMP till  2.619 
TP: 3.... 30% now $AR time both same category coins storage",c4a8bd319ce2f9210a84b1008ad946be,2026-09-13T17:13:06+00:00,2026-09-14T16:38:08.421034+00:00,962,imrranbigbull
1290466,36715,"📉 SHORT #LSK/USDT 

🚀 LEVERAGE : 50x

📊 ENTRY PRIC....01

TP🟢0.97

TP🟢0.92

STOPLOSS 🔴1.11


REACTIONS?",628d7c46019f432ce425153f05314000,2026-09-13T17:13:06+00:00,2026-09-14T16:38:08.399832+00:00,962,imrranbigbull
1290457,36714,"🚨 #LSK/USDT | LONG

⚡Leverage: Cross 50x

🎯Entry T... follow the signal and secure profits at targets.💎",853cc73f7e4b0396f1bad4db25024313,2026-09-13T17:13:06+00:00,2026-09-14T16:38:08.188102+00:00,962,imrranbigbull
1290504,36712,"➡️ #FIL      /USDT (SHORT) 🔽🔽

⌛LEVERAGE : 20X TO ...0


💥Use only 1%margin of your total portfolio❤️😘😇",b067c4d6f3bc17bca297690ab4f9ce81,2026-09-13T16:24:58+00:00,2026-09-14T16:38:08.648584+00:00,962,imrranbigbull
1290502,36710,LONG STEEM 0.060404,57944bb2353180ecc4f669c83750a939,2026-09-13T16:24:58+00:00,2026-09-14T16:38:08.634660+00:00,962,imrranbigbull
1290493,36711,"✅Entry 0.06040-0.05940

(🆘LONG STEEMUSDT 5-20x🆘)

... $0.06370
🏹Target 6  $0.06440

🚫Stop loss -0.05741",8225a771403a35272e0db69b60471d5c,2026-09-13T16:24:58+00:00,2026-09-14T16:38:08.609290+00:00,962,imrranbigbull
1290472,36699,"$CVC

OPEN SHORT NOW

TP (0.03300-0.03100)

SL (0.04272)",68fbf8876fbb2f7177b5ac2af061e8a4,2026-09-13T16:24:57+00:00,2026-09-14T16:38:08.420310+00:00,962,imrranbigbull
1290470,36701,"📉 SHORT #CVC/USDT 

🚀 LEVERAGE : 50x

📊 ENTRY PRIC...TP🟢0.0333

TP🟢0.0320

STOPLOSS 🔴0.0376

REACTIONS?",8579c6db98a84499fb33d8b0286c2d25,2026-09-13T16:24:57+00:00,2026-09-14T16:38:08.416438+00:00,962,imrranbigbull
1290489,36695,"🚀 #LSKUSDT LONG SIGNAL 🚀

📌 ENTRY ➜ 0.9308

🎯 TAKE...ch this move together!

🔓 Trade Smart • Trade Safe",260206a5b9a8e7f433ad156d1c39cfd7,2026-09-13T15:37:49+00:00,2026-09-14T16:38:08.585713+00:00,962,imrranbigbull
1290488,36694,"🔘 Coin : #BTW/USDT 🔘

🔴 SHORT

🔺Entry🔻: 0.7049

⭐️... - 0.64255

♦️ StopLoss : 0.73241

🔱 Leverage: 25x",526b6d5c05221daf21b737507b352eee,2026-09-13T15:37:49+00:00,2026-09-14T16:38:08.582662+00:00,962,imrranbigbull
1290475,36692,LSK LONG 0.9307 TP1 0.9515,9446d4d67308ea3e074d19f35df237c1,2026-09-13T15:37:49+00:00,2026-09-14T16:38:08.470760+00:00,962,imrranbigbull
1290461,36696,"🚨 #VTHO/USDT | SHORT

⚡Leverage: Cross 50x

🎯Entry... follow the signal and secure profits at targets.💎",fa97a4b1da92edaa7114cf05ecb3f449,2026-09-13T15:37:49+00:00,2026-09-14T16:38:08.300806+00:00,962,imrranbigbull
1290455,36691,"⭐ LSK /USDT — LONG

💵 ENTRY: 0.91800-0.8500

⚙️ LE...o

📌 Follow the setup and manage your risk wisely.",36058cad30adbcf6dd1530f0b00d483e,2026-09-13T15:37:49+00:00,2026-09-14T16:38:08.103113+00:00,962,imrranbigbull
1290454,36693,"🚀 #LSKUSDT LONG SIGNAL 🚀

📌 ENTRY ➜ 0.9308

🎯 TAKE...ch this move together!

🔓 Trade Smart • Trade Safe",eca1d6826589190e305155ff5971334a,2026-09-13T15:37:49+00:00,2026-09-14T16:38:07.765819+00:00,962,imrranbigbull
1290449,36688,"🚨 #PUNDIX/USDT | SHORT

⚡Leverage: Cross 50x

🎯Ent... follow the signal and secure profits at targets.💎",62f9590cc34c770cc311a0a3214db5bc,2026-09-13T15:37:48+00:00,2026-09-14T16:38:06.806173+00:00,962,imrranbigbull
1290448,36690,Long LSK now 0.918,212e7b60c78c609e784e8db9e9144ae2,2026-09-13T15:37:48+00:00,2026-09-14T16:38:06.804964+00:00,962,imrranbigbull
1290447,36689,"🚀 LONG: $STEEM/USDT
LEVERAGE: 50x

✔️ENTRY PRICE: ...-0.06800-0.07000

STOP LOSS:  0.05800


REACTIONS?",2d63d07f2c0a375122a6f0b6c4d19929,2026-09-13T15:37:48+00:00,2026-09-14T16:38:06.789368+00:00,962,imrranbigbull
1290453,36683,"Pair: #NEAR/USDT

Short • (25X)

Entry
2.295 - 2.3...t your own risk. Always use proper risk management",233decbdf527c866f6f20f497efcc7ba,2026-09-13T14:48:44+00:00,2026-09-14T16:38:06.826029+00:00,962,imrranbigbull
1290452,36685,"🔴 SHORT

#IOTA/USDT

Entry : 

1) 0.041460
2) 0.04...8591

🛑 Stop : 0.044071

Leverage : 10x (isolated)",cfcb53ab41c1db3549095315dddfb893,2026-09-13T14:48:44+00:00,2026-09-14T16:38:06.812419+00:00,962,imrranbigbull
1290443,36681,"🚀 #BIGTIMEUSDT LONG SIGNAL 🚀

📌 ENTRY ➜ 0.007818

...ch this move together!

🔓 Trade Smart • Trade Safe",f620db6e7a0bad2cf367e6d8fc079c18,2026-09-13T14:48:44+00:00,2026-09-14T16:38:06.769120+00:00,962,imrranbigbull
1290442,36682,"Pair: #CATI/USDT

Short • (5X)

Entry
0.07010 - 0....t your own risk. Always use proper risk management",4ac5a540a1da6fc4502fa4ad764cf2b7,2026-09-13T14:48:44+00:00,2026-09-14T16:38:06.706439+00:00,962,imrranbigbull
1290441,36679,"💫 Pair: INJ/USDT  💫

🔼 Direction: Long 🔼

✅ Levera...
📈 Take Profit: 6.60 📈

⚠️ Stop Loss: 5.700 ⚠️

📈📈",7e159dd7d08312935ed54b2fdb9aab20,2026-09-13T14:48:44+00:00,2026-09-14T16:38:06.683652+00:00,962,imrranbigbull
1290440,36678,"⭐️$LSK/USDT  LONG

🛡Leverage : Cross 25x50

‼️Entr....60550

Use only 3% - 5% amount of your portfolio🛍",d063fa3998dcd36b0ae7b902e8d03773,2026-09-13T14:48:44+00:00,2026-09-14T16:38:06.667533+00:00,962,imrranbigbull
1290444,36677,LSKUSDT LONG NOW,07887acd90ec447520841ce4b3124c9c,2026-09-13T14:48:43+00:00,2026-09-14T16:38:06.771672+00:00,962,imrranbigbull
1290439,36676,"⭐️$CVC/USDT  SHORT

🛡Leverage : Cross 25x50

‼️Ent....04528

Use only 3% - 5% amount of your portfolio🛍",0bf9b89c891b3d7eb37fcc9e2fca9cae,2026-09-13T14:48:43+00:00,2026-09-14T16:38:06.532714+00:00,962,imrranbigbull
1297479,37158,"💰#ARK/ USDT👑

💎Setup Type: Strong LONG  🔖Opportuni...

🥉TP ➝ 0.2350

4️⃣TP ➝ 0.3000

🚫Stop Loss: 0.1000",7e0b20847d1458402dca4d29bd312d0a,2026-09-14T19:15:31+00:00,2026-09-14T19:19:03.810812+00:00,962,imrranbigbull
1297474,37154,"LONG

ASTER/USDT

MARKET PRICE 

Leverage: 10X

TP...5% of capital 

Always use proper risk management.",16cfbe70de8b0b7b2f2f604f655d00ce,2026-09-14T18:58:20+00:00,2026-09-14T19:19:03.779811+00:00,962,imrranbigbull
1297471,37157,"🔴 SHORT

#XRP/USDT

Entry : 

1) 1.4540
2) 1.4976
...1.3534

🛑 Stop : 1.5456

Leverage : 10x (isolated)",cc417a8a3679ae430043c17d72e70943,2026-09-14T18:58:20+00:00,2026-09-14T19:19:03.774466+00:00,962,imrranbigbull
1297450,37132,"🔴SHORT  #BTCUSDT

🔶 Entry : 78700 - 78800

➡️ Leve...ake Profit Targets :

👉 78000

🛑 Stop Loss : 79600",3687e8199fd05698c5a2ba493b22affd,2026-09-14T16:46:05+00:00,2026-09-14T19:19:03.590383+00:00,962,imrranbigbull
1297454,37125,"LONG — UNI

Entry: 6.353

Targets: 6.418 / 6.527 /... / 6.997

Stop: 6.034

Move SL to entry after TP1.",997bd100be3d8c97a00a9a36eb62c759,2026-09-14T16:46:04+00:00,2026-09-14T19:19:03.625669+00:00,962,imrranbigbull
1297453,37128,"➡️ #MTL     /USDT (LONG) 🔼🔼

⌛LEVERAGE : 20X TO 75...



💥Use only 1%margin of your total portfolio❤️😘😇",53c93c56ba27e1aaf32ecab0cff6605f,2026-09-14T16:46:04+00:00,2026-09-14T19:19:03.621585+00:00,962,imrranbigbull
1297452,37126,AIO LONG 0.03935 TP1 0.04020,34e2ed19a01cfa5e94d168bf842826a7,2026-09-14T16:46:04+00:00,2026-09-14T19:19:03.615902+00:00,962,imrranbigbull
1297451,37127,"🚀 #AIOUSDT LONG SIGNAL 🚀  LEVERAGE 50X-75X

📌 ENTR...ch this move together!

🔓 Trade Smart • Trade Safe",e13c2d1ea1b3a912c044577efc90ad21,2026-09-14T16:46:04+00:00,2026-09-14T19:19:03.595408+00:00,962,imrranbigbull
1297446,37130,"BTC/USD SELL 

Entry : $  78350

Target1: $  77600
Target2: $ 76900
Target3: $ 75035

SL : $ 79400",954f2f0ab6c1ba89fcb6f1f57b97dc56,2026-09-14T16:46:04+00:00,2026-09-14T19:19:03.551288+00:00,962,imrranbigbull
1297456,37124,"⭐ LA /USDT — SHORT

💵 ENTRY: 0.07200-0.07500

⚙️ L...o

📌 Follow the setup and manage your risk wisely.",6db93517c78cbc7c3831d94aa8a89bd0,2026-09-14T15:16:11+00:00,2026-09-14T19:19:03.656619+00:00,962,imrranbigbull
1297461,37123,"👑 #BR /USDT — TRADE LONG

LEVERAGE 25X TO 50X

🤑 E...⛔️ STOP LOSS: 0.4940

⚡️ NO FEAR — JUST PROFITS ✔️",db2f7afadb4a5c360cf1b211aefe53d6,2026-09-14T15:10:57+00:00,2026-09-14T19:19:03.711144+00:00,962,imrranbigbull
1297448,37121,"🚨 #FIL/USDT | LONG

⚡Leverage: Cross 50x

🎯Entry T... follow the signal and secure profits at targets.💎",5d1872a68afc36e5c2b41fcaa00fff02,2026-09-14T14:41:01+00:00,2026-09-14T19:19:03.585434+00:00,962,imrranbigbull
1297443,37119,"⭐ T /USDT — LONG

💵 ENTRY: 0.005230-0.005000

⚙️ L...o

📌 Follow the setup and manage your risk wisely.",08f406d9ab15c663e7473169eff47269,2026-09-14T14:41:01+00:00,2026-09-14T19:19:03.476027+00:00,962,imrranbigbull
1297440,37120,"⭐ SKYAI /USDT — LONG

💵 ENTRY: 0.052500-0.05000

⚙...o

📌 Follow the setup and manage your risk wisely.",c29755c0412b55b5977732f62ebcf087,2026-09-14T14:41:01+00:00,2026-09-14T19:19:03.454834+00:00,962,imrranbigbull
1297445,37117,"⭐ REZ /USDT — LONG

💵 ENTRY: 0.004500-0.004000

⚙️...o

📌 Follow the setup and manage your risk wisely.",2b2161e08ddca31aacb6b327468547f8,2026-09-14T14:26:39+00:00,2026-09-14T19:19:03.485430+00:00,962,imrranbigbull
1297444,37116,"🔴 Short

Pair: #KAVA/USDT

📊 Entry Price: 

1) 0.0...) 0.062364

Stop Loss: 0.071221

Leverage: 10x-20x",3015c3ca8fba81aeb8bef1bf9ccaf699,2026-09-14T14:26:39+00:00,2026-09-14T19:19:03.481415+00:00,962,imrranbigbull
1297442,37114,"⭐️$LA/USDT  SHORT

🛡Leverage : Cross 25x50

‼️Entr...0.0774

Use only 3% - 5% amount of your portfolio🛍",cd5113c395527aabee1e2f137a8bc66f,2026-09-14T14:26:39+00:00,2026-09-14T19:19:03.468263+00:00,962,imrranbigbull
1297441,37118,"🚨 SHORT 
STEEM/USDT
ENTRY 0.05455

🚀 0.05340
🚀 0.0...ROSS
🚨 STOPLOSS 0.0602
LEVRAGE 10X-40X 

3% WALLET",f753fe2836d4f69412d20fe2010fa9fd,2026-09-14T14:26:39+00:00,2026-09-14T19:19:03.459487+00:00,962,imrranbigbull
1297439,37115,"⭐ AIN /USDT — LONG

💵 ENTRY: 0.10550-0.10200

⚙️ L...o

📌 Follow the setup and manage your risk wisely.",409c7ddeaa3d2d97a4c3f67ea6c26fb9,2026-09-14T14:26:39+00:00,2026-09-14T19:19:03.426743+00:00,962,imrranbigbull
1297437,37112,"⭐ AVAAI /USDT — LONG

💵 ENTRY: 0.01170-0.01110

⚙️...o

📌 Follow the setup and manage your risk wisely.",f8a3e4ec3226a12cd6edab953be7ee8c,2026-09-14T14:26:39+00:00,2026-09-14T19:19:03.360758+00:00,962,imrranbigbull
1297436,37111,"📈 LONG #T/USDT 

🚀 LEVERAGE : 50x

📊 ENTRY PRICE  ....00570

TP🟢0.00600

STOPLOSS 🔴0.00497


REACTIONS?",8a5ed3aabcab74df471e0fa7f294ecf4,2026-09-14T14:17:00+00:00,2026-09-14T19:19:03.348326+00:00,962,imrranbigbull
1297435,37110,"🚀 #XPINUSDT LONG SIGNAL 🚀  LEVERAGE 50X-75X

📌 ENT...ch this move together!

🔓 Trade Smart • Trade Safe",d1241810ad7669dfb162e5c994704e3d,2026-09-14T14:17:00+00:00,2026-09-14T19:19:03.264710+00:00,962,imrranbigbull
1298625,37161,"⭐ UNI /USDT — LONG

💵 ENTRY: 6.700-5.800

⚙️ LEVER...o

📌 Follow the setup and manage your risk wisely.",08391496805cdf581484591c86ce348e,2026-09-14T20:28:05+00:00,2026-09-14T20:35:37.427094+00:00,962,imrranbigbull
1298622,37159,"📊 4/USDT — LONG 

📍 ENTRY: CMP

🎯 TARGET 1: 0.25
🎯...Manage your risk & trade responsibly.

🔥 LET’S GO!",6ad4bec04679d85ac833d1b0f19b1ea6,2026-09-14T20:28:05+00:00,2026-09-14T20:35:37.404649+00:00,962,imrranbigbull
1299169,37164,"⭐ NIL /USDT — LONG

💵 ENTRY: 0.04250-0.03600

⚙️ L...o

📌 Follow the setup and manage your risk wisely.",03762c91f3565ed793a8fa52a2e822a2,2026-09-14T21:34:14+00:00,2026-09-14T21:57:40.978204+00:00,962,imrranbigbull
1299168,37163,"⭐ VELODROME /USDT — LONG

💵 ENTRY: 0.02500-0.02000...o

📌 Follow the setup and manage your risk wisely.",62f57c71adcfbf0844461fe6a1eabd23,2026-09-14T21:34:14+00:00,2026-09-14T21:57:40.976566+00:00,962,imrranbigbull
1301663,37363,"⭐ ON /USDT — LONG

💵 ENTRY: 0.14500-0.13770

⚙️ LE...o

📌 Follow the setup and manage your risk wisely.",3069a2411847d1fa4f7e3a207619c23d,2026-09-15T07:05:05+00:00,2026-09-15T07:20:39.300829+00:00,962,imrranbigbull
1301648,37361,"✨LIT/USDT

🎗 Trade Type = SHORT 🔴

⭐️ Leverage :- ...fit = [ 4.315, 4.273, 4.218, 4.174, 4.132, 4.081 ]",de8f2d22e3058558672c88ffac668640,2026-09-15T07:05:05+00:00,2026-09-15T07:20:39.252162+00:00,962,imrranbigbull
1301666,37352,"Coin #EVAA/USDT

Position: LONG 

Leverage:  Cross...0.50

Targets: 🎯 0.54, 0.57, 0.62

Stop Loss: 0.48",c405a3497022f3540547125a13d7d289,2026-09-15T06:30:23+00:00,2026-09-15T07:20:39.310445+00:00,962,imrranbigbull
1301673,37341,"📊#POWER/USDT — SHORT

⚡️ Leverage : 10X – 20X

💹En...Entry After TP1

⚖️ Follow Proper Risk Management.",4310f9cc8d4e158c0c49858b343a05d5,2026-09-15T06:27:48+00:00,2026-09-15T07:20:39.332055+00:00,962,imrranbigbull
1301661,37340,"🐳 AIO/USDT #LONG🐳

✳️ ENTRY :- 0.042 - 0.040

💢 LE...05000

⛔️ STOP-LOSS :- 0.03800

☝️ Margin Use 2–3%",c5c67098b1edde28d47b02e67784dca3,2026-09-15T06:27:48+00:00,2026-09-15T07:20:39.297105+00:00,962,imrranbigbull
1301654,37342,"$REZ/USDT #SHORT📩

✅ENTRY :-0.004050/0.0042

Targe...𝐎𝐧𝐥𝐲 𝟏-𝟑% 𝐎𝐟 𝐎𝐮𝐫 𝐃𝐞𝐩𝐨𝐬𝐢𝐭 𝐅𝐨𝐫 𝐄𝐚𝐜𝐡 𝐓𝐫𝐚𝐝𝐞

React,??m",8a9b2094707c50a2664ff172ea190e2a,2026-09-15T06:27:48+00:00,2026-09-15T07:20:39.283014+00:00,962,imrranbigbull
1301622,37339,"🚀 $ELSA/USDT PERP 🚀

🟢 LONG

💰 Entry : 0.0525$ – 0...5X – 25X

⛔️ SL : 0.0480$

📌 Use Only 2-5% Capital",e32235d689456bae52fceaefa0b5ed6a,2026-09-15T06:27:48+00:00,2026-09-15T07:20:38.970703+00:00,962,imrranbigbull
1301630,37338,"📊#CTR/USDT–SHORT–20x 🚀

📍 𝐄𝐧𝐭𝐫𝐲 𝐙𝐨𝐧𝐞:

➥ 0.0121, 0...tal.

⚠️ Disclaimer:
Trade at your own risk. DYOR.",5ee3654a0bc089bf12b0072e978bc459,2026-09-15T06:27:47+00:00,2026-09-15T07:20:39.030999+00:00,962,imrranbigbull
1301664,37332,"✅ Long

#TRX/USDT

Entry zone : 0.32866 - 0.33883
...37084
0.38096

Stop loss :0.3151119

Leverage: 10x",73bd4c9c9f26b96f937a8f23c1799801,2026-09-15T06:27:42+00:00,2026-09-15T07:20:39.305999+00:00,962,imrranbigbull
1301640,37336,"✅ Long

#BTC/USDT

Entry zone : 75567.07 - 77904.2...6.14
87591.58

Stop loss :72450.906

Leverage: 10x",7fb67c5014d332162fa9f74ff780d1e8,2026-09-15T06:27:42+00:00,2026-09-15T07:20:39.167731+00:00,962,imrranbigbull
1301639,37335,"🟢AIN/USDT 📈

📈 long Setup 

💰 Entry Zone: 0.154–0....et 1. 
✅ Move SL to breakeven after Target 1 hits.",1ae2aa5eaa385f5f2b768d7a8617e7df,2026-09-15T06:27:42+00:00,2026-09-15T07:20:39.166710+00:00,962,imrranbigbull
1301634,37333,"#LONG 🟢🔤🔤🔤🔤🔤

#PONS/USDT

Margin Mode : Isolated 💎...4

🟥 SL : 0.5997 - 100%   

📊 LEV : 20X

🇯🇵Premium",8b4ff6ed134f4bf0f18c0ac045602730,2026-09-15T06:27:42+00:00,2026-09-15T07:20:39.064678+00:00,962,imrranbigbull
1301676,37312,"Coin #CAP /USDT

Position: LONG 

Leverage:  Cross...rgets: 🎯 0.0660, 0.0685, 0.0720

Stop Loss: 0.0600",fba91ec5a4c3eb21e4fad1096df3ddb4,2026-09-15T06:27:41+00:00,2026-09-15T07:20:39.341149+00:00,962,imrranbigbull
1301674,37309,"VETUSDTUSDT  
Exchanges: BINGX 

🟢 Long
Leverage- ....00884000
6) 0.00955000
7) 🚀🚀🚀 

⛔️ SL:
0.00717900",92d9d0a06958f1ab2476396cb73d973c,2026-09-15T06:27:41+00:00,2026-09-15T07:20:39.335448+00:00,962,imrranbigbull
1301660,37307,"SOL/ USDT/ SHORT
Entry at market price 

Cross || ...only 1% of your wallet. 
Manage your risk properly",491afa183c22797e0e750314e777bf0e,2026-09-15T06:27:41+00:00,2026-09-15T07:20:39.297784+00:00,962,imrranbigbull
1301658,37305,"💰#SENT/ USDT👑

💎Setup Type: Strong LONG  🔖Opportun...TP ➝ 0.02500

4️⃣TP ➝ 0.03500

🚫Stop Loss: 0.01000",53812d3109e365baf13fc04f13308e64,2026-09-15T06:27:41+00:00,2026-09-15T07:20:39.294051+00:00,962,imrranbigbull
1301649,37320,"🪙 Coin: #AIO/USDT
🧭 Type: #LONG

📈 Entry Zone:
0.0... within the zone and maintain strict risk control.",64fa185a33b7153366dc99e2d4c29bc4,2026-09-15T06:27:41+00:00,2026-09-15T07:20:39.256256+00:00,962,imrranbigbull
1301645,37308,"BTC/ USDT/ SHORT
Entry at market price 

Cross || ...only 1% of your wallet. 
Manage your risk properly",8772a0b7818783fcc7ee67ef57af3c32,2026-09-15T06:27:41+00:00,2026-09-15T07:20:39.213010+00:00,962,imrranbigbull
1301637,37317,"🚀 #ACUUSDT LONG SIGNAL 🚀  LEVERAGE 50X-75X

📌 ENTR...ch this move together!

🔓 Trade Smart • Trade Safe",dde3982e9adbf66b05a5056a56e0ea24,2026-09-15T06:27:41+00:00,2026-09-15T07:20:39.096911+00:00,962,imrranbigbull
1301635,37306,"#ONUSDT — BUY (LONG) 
🎉
🟢 Leverage: Cross  50x75

...Risk Management:
Use only 2%– 3%of your portfolio.",0ec57a25ee9a0f4dc1f66546f8ab9010,2026-09-15T06:27:41+00:00,2026-09-15T07:20:39.072752+00:00,962,imrranbigbull
1303259,37385,"⭐ AIN /USDT — SHORT

💵 ENTRY: 0.16000-0.18000

⚙️ ...o

📌 Follow the setup and manage your risk wisely.",cf7786ee11397b6aad9c8e8adf046bdb,2026-09-15T08:03:09+00:00,2026-09-15T08:38:36.152996+00:00,962,imrranbigbull
1303255,37380,"⭐️$AIN/USDT  SHORT

🛡Leverage : Cross 25x50

‼️Ent....19074

Use only 3% - 5% amount of your portfolio🛍",5e203db389e02618a415a2973f51f26a,2026-09-15T08:03:09+00:00,2026-09-15T08:38:36.137769+00:00,962,imrranbigbull
1303253,37384,"#METIS | SHORT SETUP

💰 Entry: $2.959

🎯 Target1: ...t4: $2.84656
🎯 Target5: $2.80513

🛡 STOP: $3.10695",5d1140d7033c752d15d88e40d66f36f4,2026-09-15T08:03:09+00:00,2026-09-15T08:38:36.123664+00:00,962,imrranbigbull
1303249,37378,"⭐️$AKE/USDT  SHORT

🛡Leverage : Cross 25x50

‼️Ent...022119

Use only 3% - 5% amount of your portfolio🛍",ed8ca6b6b526556c53764059ee9b2715,2026-09-15T08:03:09+00:00,2026-09-15T08:38:36.109095+00:00,962,imrranbigbull
1303266,37375,"📊 Let’s SHORT #AIN/USDT

💥 Leverage:  Cross 20×  -...: 

1) 0.160
2) 0.155
3) 0.145

🔖 Stop Loss: 0.182",f8bde95e30a688c9796a9d8cd49534fe,2026-09-15T07:43:39+00:00,2026-09-15T08:38:36.173977+00:00,962,imrranbigbull
1303258,37372,"👑 #CAP /USDT — TRADE LONG

LEVERAGE 25X TO 50X

🤑 ...

⛔️ STOP LOSS: 0.05700

⚡️ NO FEAR — JUST PROFITS",f645d832ff42a394c808b05230a6e914,2026-09-15T07:34:52+00:00,2026-09-15T08:38:36.148267+00:00,962,imrranbigbull
1303254,37368,"#USUSDT — BUY (LONG) 
🎉
🟢 Leverage: Cross  50x75

...Risk Management:
Use only 2%– 3%of your portfolio.",b1015012deaf740dc9005bb5590e1085,2026-09-15T07:25:32+00:00,2026-09-15T08:38:36.125414+00:00,962,imrranbigbull
1303250,37369,"Coin #ACE/USDT

Position: LONG 

Leverage:  Cross ...rgets: 🎯 0.1620, 0.1700, 0.1835

Stop Loss: 0.1470",c9c5b73e8b07b5a7d1f9d563287488f4,2026-09-15T07:25:32+00:00,2026-09-15T08:38:36.113553+00:00,962,imrranbigbull
1303245,37365,"✅Entry 0.004820-0.004700

(🆘LONG TUSDT 5-20x🆘)

🏹 ....005070
🏹Target 6  $0.005120

🚫Stop loss -0.004548",e7181b083865ae1c2a3c2f8d7b186bed,2026-09-15T07:25:32+00:00,2026-09-15T08:38:36.026807+00:00,962,imrranbigbull
1303895,37408,"🚀 LONG: $AIN/USDT
LEVERAGE: 50x

✔️ENTRY PRICE: 0....670-0.1740-0.1860

STOP LOSS:  0.1535


REACTIONS?",79ca36817ec32452b8fecd91fa1b04e6,2026-09-15T10:01:42+00:00,2026-09-15T10:03:12.783571+00:00,962,imrranbigbull
1303885,37411,"🔰 PAIR: XRP/ USDT 💹

🟢Position: LONG🚀

☑️ Entry Zo...:
🥇 1.4086
🥈 1.4121
🥉 1.4183

❌ Stop Loss: 🔴1.3979",5ab343a157af7d9a6701583df840a534,2026-09-15T10:01:42+00:00,2026-09-15T10:03:12.726514+00:00,962,imrranbigbull
1303879,37410,"#POWERUSDT — BUY (LONG) 
🎉
🟢 Leverage: Cross  50x
...Risk Management:
Use only 2%– 3%of your portfolio.",4555de51edb515aeb9c79f6bc098e72b,2026-09-15T10:01:42+00:00,2026-09-15T10:03:12.672330+00:00,962,imrranbigbull
1303892,37406,"💰#POWER/ USDT👑

💎Setup Type: Strong LONG  🔖Opportu...TP ➝ 0.25000

4️⃣TP ➝ 0.35000

🚫Stop Loss: 0.12000",57a77fbb99042bbadb2b5b587e5dcc7c,2026-09-15T09:42:56+00:00,2026-09-15T10:03:12.751193+00:00,962,imrranbigbull
1303891,37407,"#BTC

long CMP

sl 75824
Tp 81024

Apply risk management",9fe61b9d8bdd723928a489d86c9f4d15,2026-09-15T09:42:56+00:00,2026-09-15T10:03:12.747479+00:00,962,imrranbigbull
1303887,37404,"BTC/USDT Long  | 

Entry  :  76900 

TP   :  77500 / 78000 / 78500

SL  :  76000 | Risk 3% to 5%",eea1dc2e4b5af5a8dd221020dc26d3ca,2026-09-15T09:26:14+00:00,2026-09-15T10:03:12.731489+00:00,962,imrranbigbull
1303880,37403,"✅ Long

Pair: #BAT/USDT

📊 Entry Price: 

1) 0.074...) 0.079906

Stop Loss: 0.070078

Leverage: 10x-20x",1c2aa9cb5022dba9f218b339e5070c4b,2026-09-15T09:26:14+00:00,2026-09-15T10:03:12.685089+00:00,962,imrranbigbull
1303896,37399,"Pair: #LIT/USDT

Short • (20X)

Entry
4.4612 - 4.5...t your own risk. Always use proper risk management",29d0346d44120f9d467eef1e2d0a023b,2026-09-15T09:16:45+00:00,2026-09-15T10:03:12.785193+00:00,962,imrranbigbull
1303886,37400,"🔴 SHORT $UNI/USDT | Cross 19X

✅ Entry: 6.575

🎯 TP: 6.45 - 6.33 -  6.15 

🛑 SL: 6.85",5e78718a7f8a082849480dbce434ff74,2026-09-15T09:16:45+00:00,2026-09-15T10:03:12.727489+00:00,962,imrranbigbull
1303889,37398,"#PUNDIX/USDT

📈Signal: long Leverage: Cross 50X

⚡...even after TP1 is hit.

📣Trade Smart • Follow Risk",61136592d1d2b52378e79215374373a4,2026-09-15T09:16:37+00:00,2026-09-15T10:03:12.732172+00:00,962,imrranbigbull
1303888,37393,"⭐ US /USDT — LONG

💵 ENTRY: 0.015800-0.015300

⚙️ ...o

📌 Follow the setup and manage your risk wisely.",a2bfa776b7dcbce21f3aba8b4f3889d5,2026-09-15T08:59:25+00:00,2026-09-15T10:03:12.732967+00:00,962,imrranbigbull
1303883,37394,"#AVAAI/USDT LONG NOW 📉
🏠ENTRY: ( 0.010316 )",54131564e0223a2db49c25f9ab0ad238,2026-09-15T08:59:25+00:00,2026-09-15T10:03:12.693155+00:00,962,imrranbigbull
1303882,37395,"🪙#AVAAI/USDT

🚩POSITION — LONG

🔒  LEVERAGE — 20X7...10650
TP🥉: 0.010990

⛔️ SL: 0.009350

🔥REACTIONS?😜",9a1af9c9cc88a285743174e76be4052f,2026-09-15T08:59:25+00:00,2026-09-15T10:03:12.685717+00:00,962,imrranbigbull
1303877,37389,"ANKR/USDT

Short Short Short 

IST ENTRY AT MARKET...16 - 0.004570 

StopLoss: 0.004980 

Leverage: 16x",8fdf8d5ca56167d2f78f17652ecf5dd7,2026-09-15T08:46:31+00:00,2026-09-15T10:03:12.553218+00:00,962,imrranbigbull
1303875,37388,"🟢TRUMP/USDT My Long Trade Setup

Leverage 50X

Ent....050

Stop Loss  :  1.920

Follow Money Management",dad9a46ab14d1cb0ea3a09a0788ddc41,2026-09-15T08:41:54+00:00,2026-09-15T10:03:12.540114+00:00,962,imrranbigbull
1303874,37387,"🪙#B/USDT

🚩POSITION — SHORT

🔒  LEVERAGE — 20X75

...🥈: 0.2120
TP🥉: 0.2045

⛔️ SL: 0.2390

🔥REACTIONS?😜",3c7c8673c0f575a0a7d983642d91dbaf,2026-09-15T08:41:54+00:00,2026-09-15T10:03:12.463139+00:00,962,imrranbigbull
1303873,37386,"#B/USDT SHORT NOW 📉
🏠ENTRY: ( 0.2192 )",02319bcf54b73c07a654deac1d68d5f0,2026-09-15T08:41:54+00:00,2026-09-15T10:03:12.410020+00:00,962,imrranbigbull
1305847,37439,"⭐ XPIN /USDT — LONG

💵 ENTRY: 0.08450-0.08200

⚙️ ...o

📌 Follow the setup and manage your risk wisely.",feb87147d9874365456dd6079e1dce36,2026-09-15T11:11:42+00:00,2026-09-15T11:30:53.780362+00:00,962,imrranbigbull
1305849,37437,"BTC/USDT

LONG LONG LONG 

OPEN MARKET PRICE 

TP 77100
TP 77500
TP 77800

SL 75900

LEV 45X",056e6da84f559aed787fa7c11ebb520b,2026-09-15T11:06:50+00:00,2026-09-15T11:30:53.782797+00:00,962,imrranbigbull
1305845,37436,"#ARIA/USDT

📈Signal: long Leverage: Cross 20X

⚡️E...even after TP1 is hit.

📣Trade Smart • Follow Risk",e4fbf0820b984db81094b14d28d0e5a6,2026-09-15T11:06:50+00:00,2026-09-15T11:30:53.776793+00:00,962,imrranbigbull
1305836,37438,"Long #AIN 50x 0.16700

Tp: 0.17100",e96f6c49cdc0faff847dc0b666f43687,2026-09-15T11:06:50+00:00,2026-09-15T11:30:53.746744+00:00,962,imrranbigbull
1305840,37432,"UNI/USDT

LONG LONG LONG 

OPEN MARKET PRICE 

TP ...740
TP 6.780
TP 6.840
TP 6.870

SL 6.2400

LEV 25X",eacf56b6903356b83de49c17187c87f7,2026-09-15T10:49:04+00:00,2026-09-15T11:30:53.765487+00:00,962,imrranbigbull
1305839,37430,"➡️ #AKE      /USDT (SHORT) 🔽🔽

⌛LEVERAGE : 20X TO ...5


💥Use only 1%margin of your total portfolio❤️😘😇",99680d5cde408f4e12d620403539ae40,2026-09-15T10:33:27+00:00,2026-09-15T11:30:53.752153+00:00,962,imrranbigbull
1305835,37429,"#XPINUSDT — BUY (LONG) 
🎉
🟢 Leverage: Cross  50x75...Risk Management:
Use only 2%– 3%of your portfolio.",3b7f26dd3e379f97d95ae264affb2942,2026-09-15T10:33:27+00:00,2026-09-15T11:30:53.742749+00:00,962,imrranbigbull
1305841,37425,"LONG

BTC/USDT

MARKET PRICE 

Leverage: 10X

TP: ...5% of capital 

Always use proper risk management.",c01c9bfb5f8f15277bd9dcafa969beaa,2026-09-15T10:25:12+00:00,2026-09-15T11:30:53.769143+00:00,962,imrranbigbull
1305830,37426,"🚀 LONG: $POWER/USDT🚀
LEVERAGE: 20X-50X

🤍 ENTRY PR...1740- 0.19
—————

❌ STOP LOSS: 0.1380❌


REACTIONS",aa9931f7d1818eeb6ea5307dd01bcaed,2026-09-15T10:25:12+00:00,2026-09-15T11:30:53.713595+00:00,962,imrranbigbull
1305848,37424,"⭐️$AIO/USDT  SHORT

🛡Leverage : Cross 25x50

‼️Ent....04733

Use only 3% - 5% amount of your portfolio🛍",d92c857e189ba9d4b56062ee00b35f62,2026-09-15T10:20:42+00:00,2026-09-15T11:30:53.781906+00:00,962,imrranbigbull
1305834,37421,"🚀 #HEMIUSDT LONG SIGNAL 🚀  LEVERAGE 50X-75X

📌 ENT...ch this move together!

🔓 Trade Smart • Trade Safe",6f5e1756bd2e409b20a7df7a3c28af5d,2026-09-15T10:17:09+00:00,2026-09-15T11:30:53.738957+00:00,962,imrranbigbull
1309083,37466,"🪙#AXL/USDT

🚩POSITION — SHORT

🔒  LEVERAGE — 20X75...0.04520
TP🥉: 0.04260

⛔️ SL: 0.05450

🔥REACTIONS?😜",10983e9232ce55b2e435fd6c0b071800,2026-09-15T12:53:20+00:00,2026-09-15T13:12:30.387992+00:00,962,imrranbigbull
1309081,37468,"⭐ BTW /USDT — LONG

💵 ENTRY: 0.72000-0.68400

⚙️ L...o

📌 Follow the setup and manage your risk wisely.",0105e23034623d3a72cbec31db4519f0,2026-09-15T12:53:20+00:00,2026-09-15T13:12:30.368419+00:00,962,imrranbigbull
1309080,37470,"Coin #POWER /USDT

Position: LONG 

Leverage:  Cro...rgets: 🎯 0.1710, 0.1790, 0.1920

Stop Loss: 0.1530",128615ff99d110808dbc7e4a0f9f52ce,2026-09-15T12:53:20+00:00,2026-09-15T13:12:30.365418+00:00,962,imrranbigbull
1309077,37467,"💰#AKE/ USDT👑

💎Setup Type: Strong LONG  🔖Opportuni...➝ 0.027000

4️⃣TP ➝ 0.035000

🚫Stop Loss: 0.021000",1c870ccac35fc0ae82a157f3b790c679,2026-09-15T12:53:20+00:00,2026-09-15T13:12:30.329777+00:00,962,imrranbigbull
1309074,37469,"⭐ POWER /USDT — LONG

💵 ENTRY: 0.16600-0.16000

⚙️...o

📌 Follow the setup and manage your risk wisely.",1957562ac0f614dd168732d25bb32542,2026-09-15T12:53:20+00:00,2026-09-15T13:12:30.313833+00:00,962,imrranbigbull
1309082,37465,"#AXL/USDT SHORT NOW 📉
🏠ENTRY: ( 0.04757 )",0280f9a7b1614b5fe17a93a2dc996010,2026-09-15T12:53:19+00:00,2026-09-15T13:12:30.369083+00:00,962,imrranbigbull
1309076,37463,"💰#BTW/ USDT👑

💎Setup Type: Strong LONG  🔖Opportuni...TP ➝ 1.15000

4️⃣TP ➝ 1.34000

🚫Stop Loss: 0.53000",69cec9d23a873717d6c71835c6f4ddec,2026-09-15T12:19:56+00:00,2026-09-15T13:12:30.326865+00:00,962,imrranbigbull
1309072,37457,"#PLAYUSDT — BUY (LONG) 
🎉
🟢 Leverage: Cross  50x75...Risk Management:
Use only 2%– 3%of your portfolio.",00e5f59cae6be70ff161805e1196dcb9,2026-09-15T12:16:48+00:00,2026-09-15T13:12:30.299242+00:00,962,imrranbigbull
1309065,37442,"🔘 Coin : #SAGA/USDT 🔘

🔴 SHORT

🔺Entry🔻: 0.02031

... - 0.01928

♦️ StopLoss : 0.02124

🔱 Leverage: 25x",126ff9aa27cb9750d8784faf532e691d,2026-09-15T11:45:46+00:00,2026-09-15T13:12:29.946380+00:00,962,imrranbigbull
1309064,37444,"Coin #BTW /USDT

Position: LONG 

Leverage:  Cross...rgets: 🎯 0.7550, 0.7900, 0.8350

Stop Loss: 0.6800",15e6a81013566c3b9e71b97a74dd55bb,2026-09-15T11:45:46+00:00,2026-09-15T13:12:29.932429+00:00,962,imrranbigbull
1309059,37443,"📈 LONG #AKE/USDT 

🚀 LEVERAGE : 50x

📊 ENTRY PRICE...TP🟢0.0255

TP🟢0.0270

STOPLOSS 🔴0.0223

REACTIONS?",f3f27672d8d096d3a5d8eb26720ed0b3,2026-09-15T11:45:46+00:00,2026-09-15T13:12:29.912479+00:00,962,imrranbigbull
1309058,37440,"Long #AIN 50x 0.17300

Tp: 0.17900",9c7e7b3e6f25d1e66ba65fe0b0102d2a,2026-09-15T11:45:46+00:00,2026-09-15T13:12:29.834766+00:00,962,imrranbigbull
1314504,37501,"🔰 PAIR: ETH/ USDT 💹

🔴Position: SHORT🚀

☑️ Entry Z... Targets:
🥇 2420
🥈 2401
🥉 2387

❌ Stop Loss: 🔴2459",cb1326c2bcd0743bb43d7119a5f64be1,2026-09-15T15:08:58+00:00,2026-09-15T15:23:54.626622+00:00,962,imrranbigbull
1314491,37499,"💫 Pair: ETH/USDT  💫

🔼 Direction: Long 🔼

✅ Levera...ke Profit: 2520.00 📈

⚠️ Stop Loss: 2330.00 ⚠️

📈📈",d2013a9f7ea23bf5e6a4f4991b6cdbb6,2026-09-15T15:08:58+00:00,2026-09-15T15:23:54.501573+00:00,962,imrranbigbull
1314486,37498,"🚨 #CAKE/USDT | SHORT 

⚡Leverage: Cross 20x

🎯Entr... follow the signal and secure profits at targets.💎",79e8261601017f6977bb5ad9359bb9e9,2026-09-15T15:08:58+00:00,2026-09-15T15:23:54.441606+00:00,962,imrranbigbull
1314499,37493,"🚨 #FLOCK/USDT | SHORT 

⚡Leverage: Cross 20x

🎯Ent... follow the signal and secure profits at targets.💎",5511ada74fc55b35fe145e38b145741a,2026-09-15T14:34:59+00:00,2026-09-15T15:23:54.598655+00:00,962,imrranbigbull
1314498,37492,"🚀 LONG: $CROSS/USDT
LEVERAGE: 50x

✔️ENTRY PRICE: ...345-0.1400-0.1500

STOP LOSS:  0.1240


REACTIONS?",e4edc771ee21255f9e15cf178fe66b79,2026-09-15T14:20:47+00:00,2026-09-15T15:23:54.597970+00:00,962,imrranbigbull
1314497,37490,"👑 #CROSS /USDT — TRADE LONG

LEVERAGE 25X TO 50X

...0

⛔️ STOP LOSS: 0.1240

⚡️ NO FEAR — JUST PROFITS",f0dd6d17e4e87bd98a99de3c816005e1,2026-09-15T14:19:00+00:00,2026-09-15T15:23:54.576640+00:00,962,imrranbigbull
1314485,37489,"#CROSS/USDT LONG   

👉Leverage : Cross 10× To 30×
...  0.1342
2)  0.1390
3)  0.1480

⭕Stoploss : 0.1240",74369364066f544964212ae552ba04d5,2026-09-15T14:19:00+00:00,2026-09-15T15:23:54.427341+00:00,962,imrranbigbull
1314511,37486,BLESS LONG 0.009010 TP1 0.009200,2b35ba7030910146671306ae17ec9258,2026-09-15T14:18:59+00:00,2026-09-15T15:23:54.673068+00:00,962,imrranbigbull
1314505,37485,"ETH/USD BUY 

Entry : $ 2446.51

Target1: $  2468
... 2525
Target3: $ 2587
Target4: $ 2641

SL : $ 2393",a86d7d3758b0ac3f4a944f7c214372cf,2026-09-15T14:18:59+00:00,2026-09-15T15:23:54.634794+00:00,962,imrranbigbull
1314492,37487,"🚀 #BLESSUSDT LONG SIGNAL 🚀  LEVERAGE 50X-75X

📌 EN...ch this move together!

🔓 Trade Smart • Trade Safe",198721ff0a71dbc124213f11da759b98,2026-09-15T14:18:59+00:00,2026-09-15T15:23:54.547794+00:00,962,imrranbigbull
1314484,37484,"🚨 NEW TRADE SIGNAL 🚨

📊 AKE/USDT — LONG 

📍 ENTRY:...Manage your risk & trade responsibly.

🔥 LET’S GO!",abeb100b625bc948f49a5cbe03a8dbc3,2026-09-15T14:18:59+00:00,2026-09-15T15:23:54.407954+00:00,962,imrranbigbull
1314507,37482,"$FETUSDT

SHORT

RR : 2

LEVERAGE : 20x

ENTRY : 0...603

TAKE PROFITS 👇

1️⃣ 0.1520

STOPLOSS : 0.1643",44d097dbc4d26884e4f8ef56e1dc2ac5,2026-09-15T13:47:14+00:00,2026-09-15T15:23:54.650690+00:00,962,imrranbigbull
1314493,37479,"📉 SHORT #IDOL/USDT 

🚀 LEVERAGE : 50x

📊 ENTRY PRI...P🟢0.0100

TP🟢0.0095

STOPLOSS 🔴0.0114


REACTIONS?",92d0228bfb9b92c47626805281e85e61,2026-09-15T13:47:14+00:00,2026-09-15T15:23:54.553782+00:00,962,imrranbigbull
1314489,37481,"#POWER/USDT LONG  ( SPOT ) 

👉Leverage : Cross 10×...

1)  0.205
2)  0.220
3)  0.250

⭕Stoploss : 0.145",ae6bc0c4739800783b3417fbd8eed497,2026-09-15T13:47:14+00:00,2026-09-15T15:23:54.446732+00:00,962,imrranbigbull
1314481,37473,"#SHORT 🔴 🔤🔤🔤🔤🔤

#XLM/USDT 

Margin Mode : Isolated...840

🟩 SL : 0.2002 - 100%

📊 LEV : 30X

🇯🇵 Premium",b2b0a8c19f6a3928af1f3c1ffa1f7f67,2026-09-15T13:27:18+00:00,2026-09-15T15:23:54.251115+00:00,962,imrranbigbull
1314480,37477,"⭐ POWER /USDT — LONG

💵 ENTRY: 0.17700-0.16700

⚙️...o

📌 Follow the setup and manage your risk wisely.",4af5a6a7d2e8bef14726bd435b71d87d,2026-09-15T13:27:18+00:00,2026-09-15T15:23:54.242791+00:00,962,imrranbigbull
1314476,37471,"#POWER / USDT — BUY (LONG) 
Leverage: Cross 25x – ...T IS KEY
👉 Use ONLY 2 – 3% of your total portfolio",cf630ef8aabe81cca9e86765e00a3a03,2026-09-15T13:27:18+00:00,2026-09-15T15:23:54.137712+00:00,962,imrranbigbull
1314475,37472,"💫 Pair: EIGEN/USDT  💫

🔼 Direction: Long 🔼

✅ Leve... Take Profit: 0.2160 📈

⚠️ Stop Loss: 0.190 ⚠️

📈📈",e2c4ae39e4bcfcecb5c23c0230b9373b,2026-09-15T13:27:18+00:00,2026-09-15T15:23:54.135264+00:00,962,imrranbigbull
1338443,37597,"➡️ #G     /USDT (LONG) 🔼🔼

⌛LEVERAGE : 20X TO 75X
...8


💥Use only 1%margin of your total portfolio❤️😘😇",a981b6efb09dfa3b921c7d837acd3a18,2026-09-15T21:29:16+00:00,2026-09-16T00:04:30.497391+00:00,962,imrranbigbull
1338448,37594,📉 SHORT BTC/USDT NOW ✔️,569381a0050804c9f14b4064e5485461,2026-09-15T21:29:15+00:00,2026-09-16T00:04:30.522338+00:00,962,imrranbigbull
1338444,37595,"📉 SHORT #BTC/USDT 

🚀 LEVERAGE : 150x

📊 ENTRY PRI...

TP🟢74000

TP🟢73000

STOPLOSS 🔴78000


REACTIONS?",678e0ec7d08c1f89f25650d62394f953,2026-09-15T21:29:15+00:00,2026-09-16T00:04:30.503179+00:00,962,imrranbigbull
1351485,37741,"🔴 SHORT

#DASH/USDT

Entry zone : 53.74 - 52.18

T....77
47.19
45.62

Stop loss :55.8326

Leverage: 10x",84ae2f50fc3e18747b229c09e72aaa5a,2026-09-16T07:02:12+00:00,2026-09-16T07:17:35.334968+00:00,962,imrranbigbull
1351495,37731,"$REZ/USDT #SHORT📩

✅ENTRY :-0.003550/0.003670

Tar...𝐎𝐧𝐥𝐲 𝟏-𝟑% 𝐎𝐟 𝐎𝐮𝐫 𝐃𝐞𝐩𝐨𝐬𝐢𝐭 𝐅𝐨𝐫 𝐄𝐚𝐜𝐡 𝐓𝐫𝐚𝐝𝐞

React,??m",c545d08bc713c392155ac4756f4e7da8,2026-09-16T06:39:26+00:00,2026-09-16T07:17:35.410553+00:00,962,imrranbigbull
1351491,37730,"✨DOGE/USDT

🎗 Trade Type = SHORT 🔴

⭐️ Leverage :-...921, 0.07841, 0.07755, 0.07693, 0.07591, 0.07491 ]",e928682a44aaf1c9343176b4866f590a,2026-09-16T06:39:26+00:00,2026-09-16T07:17:35.373099+00:00,962,imrranbigbull
1351490,37728,"📊 #MARSCOIN/USDT

🟢 POSITION: LONG

💰 ENTRY RANGE
...
➤ 0.088

━━━━━━━━━━━━━━━━━━

✅ Manage risk wisely",b51fa3ccfab807262949695acff15176,2026-09-16T06:39:26+00:00,2026-09-16T07:17:35.371595+00:00,962,imrranbigbull
1351489,37732,"⚡️⚡️ #APEX/USDT ⚡️⚡️
Exchanges: Bingx 
Signal Type...
5) 0.19759
6) 0.19444
7) 🚀🚀🚀

Stop Targets:
5-10%",74daad27833158d7ff308d235852cae5,2026-09-16T06:39:26+00:00,2026-09-16T07:17:35.365497+00:00,962,imrranbigbull
1351476,37729,"⚡️⚡️ #AEVO/USDT ⚡️⚡️
Exchanges: Bingx 
Signal Type...
5) 0.01966
6) 0.01935
7) 🚀🚀🚀

Stop Targets:
5-10%",9866aaaa9106e681766922f2e3ec0f1f,2026-09-16T06:39:26+00:00,2026-09-16T07:17:35.120679+00:00,962,imrranbigbull
1351493,37727,"AAVE-USD  
Exchanges: BYBIT

🔴 Long 
Leverage- Cro... 155.57
5) 168.02
6) 181.46
7) 🚀🚀🚀 

⛔️ SL:
114.45",ff8c54d763bd758f34a49fc489c29701,2026-09-16T06:39:21+00:00,2026-09-16T07:17:35.387484+00:00,962,imrranbigbull
1351492,37725,"⚡️⚡️ #AERO/USDT ⚡️⚡️
Exchanges: Bingx 
Signal Type...
5) 0.49557
6) 0.48766
7) 🚀🚀🚀

Stop Targets:
5-10%",dcfc46e0fcb2124562613734c001f1f6,2026-09-16T06:39:21+00:00,2026-09-16T07:17:35.375225+00:00,962,imrranbigbull
1351482,37726,"BCH-USD  
Exchanges: BYBIT

🔴 Long 
Leverage- Cros... 283.30
5) 305.97
6) 330.45
7) 🚀🚀🚀 

⛔️ SL:
208.41",8e76171e469968692645cc954c26f3c4,2026-09-16T06:39:21+00:00,2026-09-16T07:17:35.279210+00:00,962,imrranbigbull
1351479,37723,"⚡️⚡️ #ASTR/USDT ⚡️⚡️
Exchanges: Bingx 
Signal Type...
5) 0.00600
6) 0.00590
7) 🚀🚀🚀

Stop Targets:
5-10%",1471f37d2000764688993109457f19d0,2026-09-16T06:39:21+00:00,2026-09-16T07:17:35.204594+00:00,962,imrranbigbull
1351487,37717,"MARSCOINUSDTUSDT  
Exchanges: BINGX 

🟢 Long
Lever....12830000
6) 0.13856000
7) 🚀🚀🚀 

⛔️ SL:
0.09500000",d4282b899642f5f0d63e3f0ba1efe4b6,2026-09-16T06:39:20+00:00,2026-09-16T07:17:35.362941+00:00,962,imrranbigbull
1351473,37705,"IOSTUSDTUSDT  
Exchanges: BINGX 

🟢 Long
Leverage-....00084000
6) 0.00091000
7) 🚀🚀🚀 

⛔️ SL:
0.00066688",3dc33c30f4a9ec0fd9bf461f710509e9,2026-09-16T06:39:20+00:00,2026-09-16T07:17:35.075682+00:00,962,imrranbigbull
1351444,37703,"⌛#ADA/USDT  ( SHORT )

🍁 Leverage 👉 20X to 25X 

⛩...89 | 0.1871 | 0.1849 | 0.1822

🔕 Stoploss = 0.2014",f76cddb4307948d78e4804a6f528b0c0,2026-09-16T06:39:20+00:00,2026-09-16T07:17:20.389879+00:00,962,imrranbigbull
1351362,37603,"🚀 SHORT: $POWER/USDT🚀
LEVERAGE: 20X-50X

🤍 ENTRY P...1170- 0.1030
—————

❌ STOP LOSS: 0.15❌


REACTIONS",882e943c80e23df8830f19e85cdb407c,2026-09-16T06:20:20+00:00,2026-09-16T07:17:18.936242+00:00,962,imrranbigbull
1353717,37773,"#SYN/USDT

📈Signal: long Leverage: Cross 20X

⚡️En...even after TP1 is hit.

📣Trade Smart • Follow Risk",9f9538e0c993756b6ceecf7bce4b68e6,2026-09-16T08:46:51+00:00,2026-09-16T08:48:14.242037+00:00,962,imrranbigbull
1353704,37772,"⭐ SYN /USDT — LONG

💵 ENTRY: 0.18000-0.16000

⚙️ L...o

📌 Follow the setup and manage your risk wisely.",f8e826f259b0237bbfd71e229d76247b,2026-09-16T08:32:20+00:00,2026-09-16T08:48:14.208076+00:00,962,imrranbigbull
1353701,37771,"SYNUSDTUSDT  
Exchanges: BINGX 

🟢 Short
Leverage-...600.00
5) 1500.00
6) 50.00
7) 🚀🚀🚀 

⛔️ SL:
2000.00",554026f3334188270fb48ded146688b2,2026-09-16T08:32:20+00:00,2026-09-16T08:48:14.203042+00:00,962,imrranbigbull
1353715,37769,"#LSK/ USDT — BUY (LONG) 
Leverage: Cross 25x – 50x...T IS KEY
👉 Use ONLY 2 – 3% of your total portfolio",34fbad4e11036c6e660e1367aa06afba,2026-09-16T08:11:08+00:00,2026-09-16T08:48:14.234731+00:00,962,imrranbigbull
1353718,37765,"🔴 Short

Pair: #ZIL/USDT

📊 Entry Price: 

1) 0.00...0.0027775

Stop Loss: 0.0031719

Leverage: 10x-20x",8d6c17942bbe213fa6dabed51999051e,2026-09-16T08:09:53+00:00,2026-09-16T08:48:14.243310+00:00,962,imrranbigbull
1353705,37768,"🚀 LONG: $SYN/USDT🚀
LEVERAGE: 20X-50X

🤍 ENTRY PRIC...- 0.22- 0.25
—————

❌ STOP LOSS: 0.15❌


REACTIONS",ab895ac992f32b7a16221f1f552bd5d2,2026-09-16T08:09:53+00:00,2026-09-16T08:48:14.209629+00:00,962,imrranbigbull
1353703,37767,"⭐️$HEMI/USDT  SHORT

🛡Leverage : Cross 25x50

‼️En...007227

Use only 3% - 5% amount of your portfolio🛍",812cf40dab7dc8863af4e2ceffe0dbf4,2026-09-16T08:09:53+00:00,2026-09-16T08:48:14.204205+00:00,962,imrranbigbull
1353707,37763,"#SYN/USDT SHORT   

👉Leverage : Cross 10× To 30×

...

1)  0.180
2)  0.170
3)  0.160

⭕Stoploss : 0.196",6d24dbcf14cf7d40ba905d325da25c9f,2026-09-16T08:02:04+00:00,2026-09-16T08:48:14.219617+00:00,962,imrranbigbull
1353712,37760,"📊 Let’s SHORT #AKE/USDT

💥 Leverage:  Cross 20×  -... 

1) 0.028
2) 0.027
3) 0.026

🔖 Stop Loss: 0.0306",b61a585eeffa0f0c90c06e8c9370cd94,2026-09-16T07:49:27+00:00,2026-09-16T08:48:14.231078+00:00,962,imrranbigbull
1353709,37759,#AKE SHORT 0.286,f01e0781830910162599696e232d4b7c,2026-09-16T07:49:27+00:00,2026-09-16T08:48:14.221650+00:00,962,imrranbigbull
1353700,37761,"🟢 Long

#CRV/USDT

Entry : 

1) 0.313300
2) 0.3039...4734

🛑 Stop : 0.293562

Leverage : 10x (isolated)",b7092c134ba46384e622978ca055872e,2026-09-16T07:49:27+00:00,2026-09-16T08:48:14.200996+00:00,962,imrranbigbull
1353694,37749,"👑 #LSK/USDT — TRADE LONG

LEVERAGE 25X TO 50X

👌 E...0

⛔️ STOP LOSS: 0.4750

⚡️ NO FEAR — JUST PROFITS",a4c6280fc6b9dc2dab7e9799f628fc7d,2026-09-16T07:41:08+00:00,2026-09-16T08:48:14.049283+00:00,962,imrranbigbull
1353693,37744,"⭐ USELESS /USDT — LONG

💵 ENTRY: 0.23780-0.21400

...o

📌 Follow the setup and manage your risk wisely.",3b2182b7b7c9fb647462930b1fb60db8,2026-09-16T07:19:10+00:00,2026-09-16T08:48:14.042726+00:00,962,imrranbigbull
1353691,37746,"📊 Let’s SHORT #SYN/USDT

💥 Leverage:  Cross 20×  -...: 

1) 0.135
2) 0.126
3) 0.114

🔖 Stop Loss: 0.156",6467b9db90400b1346f46a92c6cacb2e,2026-09-16T07:19:10+00:00,2026-09-16T08:48:13.997980+00:00,962,imrranbigbull
1353690,37745,"🔴 SHORT

#ZEC/USDT

Entry zone : 1223.10 - 1187.48...74.07
1038.27

Stop loss :1270.6036

Leverage: 10x",9d08427b45adf80f5305eb91a029000d,2026-09-16T07:19:10+00:00,2026-09-16T08:48:13.985466+00:00,962,imrranbigbull
1353689,37743,"🚀 #LSKUSDT LONG SIGNAL 🚀  LEVERAGE 50X-75X

📌 ENTR...ch this move together!

🔓 Trade Smart • Trade Safe",123dd76ab432a29d7ee9b8edd163c8c6,2026-09-16T07:19:10+00:00,2026-09-16T08:48:13.943207+00:00,962,imrranbigbull
1353688,37742,LSK LONG 0.5120 TP1 0.5235,071a4ac3d1d53fbff43937a7c1accb8f,2026-09-16T07:19:10+00:00,2026-09-16T08:48:13.907484+00:00,962,imrranbigbull
1355772,37816,"Long #BR 50x 0.4700

Tp: 0.4900",d9b05eacb610d55301f1a96159516305,2026-09-16T11:14:37+00:00,2026-09-16T11:17:16.992881+00:00,962,imrranbigbull
1355779,37815,"📊 Let’s SHORT #AKE/USDT

💥 Leverage:  Cross 20×  -...1) 0.0325
2) 0.0350
3) 0.0385

🔖 Stop Loss: 0.0240",88d4d81f7e77dda79f908cd8dfa3d2b6,2026-09-16T11:11:41+00:00,2026-09-16T11:17:17.030875+00:00,962,imrranbigbull
1355778,37811,"⭐ LSK /USDT — LONG

💵 ENTRY: 0.5800-0.5500

⚙️ LEV...o

📌 Follow the setup and manage your risk wisely.",23d443595f47626472e2d3415b9ebf16,2026-09-16T11:06:58+00:00,2026-09-16T11:17:17.028399+00:00,962,imrranbigbull
1355774,37810,"Long #LSK 50x 0.6200

Tp: 0.6500",d399742674604cdb4e87663124cd3986,2026-09-16T11:06:58+00:00,2026-09-16T11:17:16.999380+00:00,962,imrranbigbull
1355768,37812,"➡️ #HEI     /USDT (LONG) 🔼🔼

⌛LEVERAGE : 20X TO 75...0


💥Use only 1%margin of your total portfolio❤️😘😇",c3d7a2bc91a79de5606ee26bdd2fa5f1,2026-09-16T11:06:58+00:00,2026-09-16T11:17:16.974384+00:00,962,imrranbigbull
1355766,37814,"Long #LSK 50x 0.6700

Tp: 0.6900",bdda5c9955438a53d9c0b70c45c98b80,2026-09-16T11:06:58+00:00,2026-09-16T11:17:16.968136+00:00,962,imrranbigbull
1355754,37813,"ZECUSDTUSDT  
Exchanges: BINGX 

🟢 Long
Leverage- ...9.86
5) 1306.65
6) 1411.18
7) 🚀🚀🚀 

⛔️ SL:
1043.49",2131cf4c7b9561030cb872ced27ecde7,2026-09-16T11:06:58+00:00,2026-09-16T11:17:16.848997+00:00,962,imrranbigbull
1355764,37808,"#LSKUSDT — BUY (LONG) 
🎉
🟢 Leverage: Cross  50x

⚡...Risk Management:
Use only 2%– 3%of your portfolio.",a367d50cdf1a1145e4a47d53bf4455a3,2026-09-16T10:58:11+00:00,2026-09-16T11:17:16.884381+00:00,962,imrranbigbull
1355770,37802,"🚨 #UNI/USDT | LONG 

⚡Leverage: Cross 25x

🎯Entry ... follow the signal and secure profits at targets.💎",0e8e0ffebf240a723577dc8200c52e2e,2026-09-16T10:51:58+00:00,2026-09-16T11:17:16.983861+00:00,962,imrranbigbull
1355767,37801,"🔘 Coin : #AKE/USDT 🔘

🟢 LONG

🔺Entry🔻: 0.028542

⭐... 0.031961

♦️ StopLoss : 0.027411

🔱 Leverage: 25x",1889d3198ef673ad207ede40e929a9f4,2026-09-16T10:51:58+00:00,2026-09-16T11:17:16.969140+00:00,962,imrranbigbull
1355762,37804,"⭐️$LSK/USDT  LONG

🛡Leverage : Cross 25x50

‼️Entr....45994

Use only 3% - 5% amount of your portfolio🛍",6ed9a9c43e5b8ed0743e5b320fe5ee22,2026-09-16T10:51:58+00:00,2026-09-16T11:17:16.874862+00:00,962,imrranbigbull
1355755,37805,"👑 #SYN/USDT — TRADE LONG

LEVERAGE 25X TO 50X

👌 E...0

⛔️ STOP LOSS: 0.1660

⚡️ NO FEAR — JUST PROFITS",194fce2d03862fdd2266a50ff8620ff7,2026-09-16T10:51:58+00:00,2026-09-16T11:17:16.849599+00:00,962,imrranbigbull
1355753,37806,"Pair: #MARSCOIN/USDT

Long • (25X)

Entry
0.10020 ...t your own risk. Always use proper risk management",bd9422a59a5842faffc0f5252bd81be4,2026-09-16T10:51:58+00:00,2026-09-16T11:17:16.841370+00:00,962,imrranbigbull
1355751,37794,"📉 SHORT #LSK/USDT 

🚀 LEVERAGE : 50x

📊 ENTRY PRIC...

TP🟢0.500

TP🟢0.470

STOPLOSS 🔴0.570


REACTIONS?",537083efca888114cb2cbdf4e2c171f0,2026-09-16T10:39:13+00:00,2026-09-16T11:17:16.817655+00:00,962,imrranbigbull
1355773,37792,"SOL/USDT My Long Trade Idea 💡

Leverage 100X

Entr...8.500

Stop Loss   96.500

Follow Money Management",1e94480f2d4fbbd936f9607b7d322993,2026-09-16T10:36:44+00:00,2026-09-16T11:17:16.996069+00:00,962,imrranbigbull
1355759,37793,"📍Coin : #SYN/USDT

🔴 SHORT 

👉 Entry: 0.1713 - 0.1...t 5: 0.1618
🎯 Target 6: 0.1602

❌ StopLoss: 0.1799",ac5c3bda93969f15a3e5260e41befef7,2026-09-16T10:36:44+00:00,2026-09-16T11:17:16.856539+00:00,962,imrranbigbull
1355769,37791,"🚀 #MARSCOINUSDT LONG SIGNAL 🚀  LEVERAGE 50X-75X

📌...ch this move together!

🔓 Trade Smart • Trade Safe",789fa4ffea71538dd7ed91e0774ce053,2026-09-16T10:24:59+00:00,2026-09-16T11:17:16.981500+00:00,962,imrranbigbull
1355761,37790,"🚨 #ETH/USDT | LONG 

⚡Leverage: Cross 20-200x

🎯En... follow the signal and secure profits at targets.💎",2a71455da774063dd07657286e142e7b,2026-09-16T10:24:59+00:00,2026-09-16T11:17:16.874193+00:00,962,imrranbigbull
1355775,37782,"🪙#BR/USDT

🚩POSITION — LONG

🔒  LEVERAGE — 20X75

...0.25800
TP🥉: 0.26700

⛔️ SL: 0.23000

🔥REACTIONS?😜",64515c7ff57f43a478966d088232b378,2026-09-16T10:09:34+00:00,2026-09-16T11:17:17.010680+00:00,962,imrranbigbull
1355771,37785,LSK LONG 0.5430 TP1 0.5550,4b5ef592fe9f795325ce7d89aa52f86b,2026-09-16T10:09:34+00:00,2026-09-16T11:17:16.989192+00:00,962,imrranbigbull
1355765,37787,"❖ SYN/USDT

❖ SHORT [ 10×20 ]

➤ Entry Zone:- 0.17... TP2: 0.1600
▪️ TP3: 0.1500

➤ Stop Loss :- 0.1900",c66b42f0cac01b6e1ffd7c30f8442b26,2026-09-16T10:09:34+00:00,2026-09-16T11:17:16.952865+00:00,962,imrranbigbull
1355760,37788,"👑 #IDOL/USDT — TRADE LONG

LEVERAGE 25X TO 50X

👌 ...

⛔️ STOP LOSS: 0.00925

⚡️ NO FEAR — JUST PROFITS",b7a1e0ea947e02a968d3a4eb20ea3853,2026-09-16T10:09:34+00:00,2026-09-16T11:17:16.871037+00:00,962,imrranbigbull
1355756,37786,"🚀 #LSKUSDT LONG SIGNAL 🚀  LEVERAGE 50X-75X

📌 ENTR...ch this move together!

🔓 Trade Smart • Trade Safe",ba00fafae684fc8b857cd3cdd3e24a25,2026-09-16T10:09:34+00:00,2026-09-16T11:17:16.850689+00:00,962,imrranbigbull
1355752,37783,"🚀 LONG: $CROSS/USDT
LEVERAGE: 50x

✔️ENTRY PRICE: ...1405-0.1460-0.1600

STOP LOSS:  0.1295

REACTIONS?",b8aba330f8df18eb361c25c1b21c228c,2026-09-16T10:09:34+00:00,2026-09-16T11:17:16.824139+00:00,962,imrranbigbull
1355747,37781,"#BR/USDT LONG NOW 📉
🏠ENTRY: ( 0.25018 )",b369d4b147e9cb4efae0be7794bd16a5,2026-09-16T10:09:34+00:00,2026-09-16T11:17:16.643194+00:00,962,imrranbigbull
1355746,37778,"💰#LSK/ USDT👑

💎Setup Type: Strong LONG  🔖Opportuni...TP ➝ 0.65000

4️⃣TP ➝ 0.80000

🚫Stop Loss: 0.42000",bef51718e0488a9be6974f5480449bf0,2026-09-16T08:57:42+00:00,2026-09-16T11:17:16.631516+00:00,962,imrranbigbull
1358678,37841,"⭐️$BR/USDT  LONG

🛡Leverage : Cross 25x50

‼️Entry... 0.539

Use only 3% - 5% amount of your portfolio🛍",c77c8f4bfcaf3e992c9de0672b290cf7,2026-09-16T13:10:38+00:00,2026-09-16T13:32:51.486690+00:00,962,imrranbigbull
1358679,37838,"🔰 PAIR: XRP/ USDT 💹

🔴Position: SHORT🚀

☑️ Entry Z...:
🥇 1.2782
🥈 1.2744
🥉 1.2655

❌ Stop Loss: 🔴1.2965",04c6a0f0281a1a956b0961b623914390,2026-09-16T13:01:04+00:00,2026-09-16T13:32:51.494386+00:00,962,imrranbigbull
1358687,37837,"#LONG 🟢🔤🔤🔤🔤🔤

#BTC/USDT

Margin Mode : Isolated 💎
...8

🟥 SL : 74,509 - 100%   

📊 LEV : 30X

🇯🇵Premium",82a1716441b269b0dfc378c8a11f71c2,2026-09-16T12:57:52+00:00,2026-09-16T13:32:51.550110+00:00,962,imrranbigbull
1358676,37836,"Use only 2% Funds

#LINK/USDT (SHORT)

Entry 1 = 1... Profit
T.P 3 = 1000% Profit 

🔴Stop loss at 11.50",a39ddc9959c15986dac47ff666b9138a,2026-09-16T12:57:52+00:00,2026-09-16T13:32:51.472846+00:00,962,imrranbigbull
1358675,37834,"#SYN/USDT

📈Signal: long Leverage: Cross 20X

⚡️En...even after TP1 is hit.

📣Trade Smart • Follow Risk",6228ed9e03f8b61e81410ba550ebf956,2026-09-16T12:24:30+00:00,2026-09-16T13:32:51.424818+00:00,962,imrranbigbull
1358692,37833,"🔴 SHORT

#DASH/USDT

Entry : 

1) 53.59
2) 55.19

...) 49.88

🛑 Stop : 56.96

Leverage : 10x (isolated)",b7888203bad7cc22cb848d2a6f4d821e,2026-09-16T12:17:31+00:00,2026-09-16T13:32:51.565731+00:00,962,imrranbigbull
1358685,37831,"✅Entry 0.79065 - 0.78206

(🆘LONG BTWUSDT 5-20x🆘)

....828357
🏹Target 6  $0.835641

🚫Stop loss -0.749256",a254ca03f672427340bda135edb88bd2,2026-09-16T12:17:31+00:00,2026-09-16T13:32:51.541065+00:00,962,imrranbigbull
1358673,37829,"💰#SYN/ USDT👑

💎Setup Type: Strong LONG  🔖Opportuni...

🥉TP ➝ 0.2700

4️⃣TP ➝ 0.3500

🚫Stop Loss: 0.1700",646ced3345a7b6db674cb9132ddfe5d4,2026-09-16T12:17:31+00:00,2026-09-16T13:32:51.410659+00:00,962,imrranbigbull
1358688,37827,"⭐️$ARB/USDT  LONG

🛡Leverage : Cross 25x50

‼️Entr....15350

Use only 3% - 5% amount of your portfolio🛍",9f6b6e941fedb1c43e4aa62dd521def6,2026-09-16T12:09:10+00:00,2026-09-16T13:32:51.555604+00:00,962,imrranbigbull
1358682,37825,"🚀 SHORT: $AIN/USDT
LEVERAGE: 50x

✔️ENTRY PRICE: 0...-0.02300-0.02100

STOP LOSS:  0.02620


REACTIONS?",ed837a17ec2330950bc307f0c96b5ef7,2026-09-16T12:09:10+00:00,2026-09-16T13:32:51.529984+00:00,962,imrranbigbull
1358669,37824,"➡️ #LSK        /USDT (SHORT) 🔽🔽

⌛LEVERAGE : 20X T...0


💥Use only 1%margin of your total portfolio❤️😘😇",137613f9a9f4382802933f2bdcc8eb05,2026-09-16T11:54:05+00:00,2026-09-16T13:32:51.340227+00:00,962,imrranbigbull
1358689,37822,"📈 LONG #SYN/USDT 

🚀 LEVERAGE : 50x

📊 ENTRY PRICE...1

TP🟢0.197

TP🟢0.207

STOPLOSS 🔴0.175

REACTIONS?",525b95d2287cc82ee4dfb89a1494b49a,2026-09-16T11:39:40+00:00,2026-09-16T13:32:51.556616+00:00,962,imrranbigbull
1358671,37820,"#SYN/ USDT — BUY (LONG) 
Leverage: Cross 25x – 50x...T IS KEY
👉 Use ONLY 2 – 3% of your total portfolio",fab184754d284d209bd9dc0036141461,2026-09-16T11:39:40+00:00,2026-09-16T13:32:51.350248+00:00,962,imrranbigbull
1358670,37821,"BTW/USDT 

SHORT SHORT SHORT 

OPEN MARKET PRICE 
...0.77800
TP 0.77200
TP 0.76900

SL 0.82500

LEV 10X",fcdbf8e235710b81ecc403eff76bb50c,2026-09-16T11:39:40+00:00,2026-09-16T13:32:51.344645+00:00,962,imrranbigbull
1358668,37818,"Long #LSK 50x 0.6550

Tp: 0.6800",bfc0994ce679dc2dc30621abac13cad8,2026-09-16T11:31:12+00:00,2026-09-16T13:32:51.313366+00:00,962,imrranbigbull
1358667,37817,"📊 Let’s SHORT #ADA/USDT

💥 Leverage:  Cross 20×  -...1) 0.1890
2) 0.1820
3) 0.1740

🔖 Stop Loss: 0.2000",eae183e64a049ba7a9469ea08d96009c,2026-09-16T11:26:04+00:00,2026-09-16T13:32:51.312196+00:00,962,imrranbigbull
1362184,37888,"⭐ BR /USDT — LONG

💵 ENTRY: 0.6000-0.5800

⚙️ LEVE...o

📌 Follow the setup and manage your risk wisely.",56362d10831c75e66255af74544c7e58,2026-09-16T14:40:04+00:00,2026-09-16T15:08:19.497100+00:00,962,imrranbigbull
1362175,37884,"🪙#GLM/USDT

🚩POSITION — SHORT

🔒  LEVERAGE — 20X75...0.10450
TP🥉: 0.09880

⛔️ SL: 0.12300

🔥REACTIONS?😜",cc0ab6fc480539f3026cb1fa4f797593,2026-09-16T14:20:22+00:00,2026-09-16T15:08:19.432710+00:00,962,imrranbigbull
1362182,37882,"🚨 #BR/USDT | SHORT 

⚡Leverage: Cross 20x

🎯Entry ... follow the signal and secure profits at targets.💎",6d93e228bde4df39d05c27ea47735618,2026-09-16T14:17:04+00:00,2026-09-16T15:08:19.476366+00:00,962,imrranbigbull
1362164,37883,"#GLM/USDT SHORT NOW 📉
🏠ENTRY: ( 0.11000 )",a61e88224ec923134fdc1917f1063ff7,2026-09-16T14:17:04+00:00,2026-09-16T15:08:19.357539+00:00,962,imrranbigbull
1362176,37881,"👑My Coin: $4/USDT
👀Looking for SHORT

🌟0.023478 Wi...I Will Set: 0.024219
°°°°°°°°°°°°°° As my stoploss",8c306e2267403a0b23b9fbc8e89a477f,2026-09-16T14:14:15+00:00,2026-09-16T15:08:19.435476+00:00,962,imrranbigbull
1362170,37879,"⭐️$HEI/USDT  LONG

🛡Leverage : Cross 25x50

‼️Entr....12360

Use only 3% - 5% amount of your portfolio🛍",e7ae8cfa39b4c01049445e9f031bcc5c,2026-09-16T14:14:15+00:00,2026-09-16T15:08:19.375756+00:00,962,imrranbigbull
1362169,37880,"#KITE | SHORT SETUP

💰 Entry: $0.09742

🎯 Target1:...t4: $0.09372
🎯 Target5: $0.09235

🛡 STOP: $0.10229",3a64c8e14e659062e931313b41445ce0,2026-09-16T14:14:15+00:00,2026-09-16T15:08:19.372092+00:00,962,imrranbigbull
1362179,37872,"🚀 #4USDT LONG SIGNAL 🚀  LEVERAGE 50X-75X

📌 ENTRY ...ch this move together!

🔓 Trade Smart • Trade Safe",81ba489608565c7beb5c9382e546d893,2026-09-16T14:05:01+00:00,2026-09-16T15:08:19.452115+00:00,962,imrranbigbull
1362174,37873,"💹#PORTAL/USDT SHORT SETUP 

PORTAL is showing weak... $0.01650
TP4: $0.01550
TP5: $0.01512
SL: $0.01894",42a304cfe0301002937c06419868d187,2026-09-16T14:05:01+00:00,2026-09-16T15:08:19.429599+00:00,962,imrranbigbull
1362158,37874,"🔴 Short

Pair: #ZEC/USDT

📊 Entry Price: 

1) 1248...
4) 1162.13

Stop Loss: 1327.16

Leverage: 10x-20x",57b25cbd95347517c53fcde63a4ccea4,2026-09-16T14:05:01+00:00,2026-09-16T15:08:19.275500+00:00,962,imrranbigbull
1362156,37871,4USDT LONG 0.02337 TP1 0.02388,1d8dd31375e50af0445b34e7066c54d6,2026-09-16T14:05:01+00:00,2026-09-16T15:08:19.261105+00:00,962,imrranbigbull
1362152,37876,"👑 #4 /USDT — TRADE LONG

LEVERAGE 25X TO 50X

👌 EN...

⛔️ STOP LOSS: 0.02200

⚡️ NO FEAR — JUST PROFITS",49250f95afbb7f1873f583ef04dc82cb,2026-09-16T14:05:01+00:00,2026-09-16T15:08:19.193735+00:00,962,imrranbigbull
1362180,37870,"🔴SHORT  #BTCUSDT

🔶 Entry : 75800 - 75900

➡️ Leve...ake Profit Targets :

👉 74800

🛑 Stop Loss : 77000",b26b4983cf708c580d72f1bd44a46f9f,2026-09-16T13:48:59+00:00,2026-09-16T15:08:19.453485+00:00,962,imrranbigbull
1362147,37846,"📊 BR/USDT — LONG 

📍 ENTRY: 0.57

🎯 TARGET 1: 0.62...Manage your risk & trade responsibly.

🔥 LET’S GO!",c9ff4baa6a2f1bae19553aa84e71b752,2026-09-16T13:48:50+00:00,2026-09-16T15:08:19.163541+00:00,962,imrranbigbull
1362139,37851,"#BR/USDT SHORT   

👉Leverage : Cross 10× To 30×

E...ofit

1)  0.57
2)  0.54
3)  0.50

⭕Stoploss : 0.62",a411e08f3db0d0e21f81b6d72336bf9f,2026-09-16T13:48:50+00:00,2026-09-16T15:08:19.083082+00:00,962,imrranbigbull
1366012,37908,"⛽️Pair: LSK/USDT
Type: LONG 🟢
✅Leverage:  (20X_100... 0.90
2) 1.10
3) 1.38
4) 1.70

❌ STOP LOSS: 0.550❌",30ef35d53d2967df6b612c87b8f5a72e,2026-09-16T16:51:38+00:00,2026-09-16T18:29:37.647025+00:00,962,imrranbigbull
1366009,37907,"LONG — NEAR

Entry: 2.481

Targets: 2.506 / 2.551 ... / 2.735

Stop: 2.356

Move SL to entry after TP1.",42cfd421c7f34c1aced19f76d5dab5e0,2026-09-16T16:51:38+00:00,2026-09-16T18:29:37.638447+00:00,962,imrranbigbull
1366008,37906,"🪙#LSK/USDT

🚩POSITION — LONG

🔒  LEVERAGE — 20X75
...0.82500
TP🥉: 0.87500

⛔️ SL: 0.65000

🔥REACTIONS?😜",61f9d9728ece50be64dce70789b66298,2026-09-16T16:51:38+00:00,2026-09-16T18:29:37.636130+00:00,962,imrranbigbull
1366000,37905,"#LSK/USDT LONG NOW 📉
🏠ENTRY: ( 0.77670)",0519636022c180e756aec2e09b602bd2,2026-09-16T16:51:38+00:00,2026-09-16T18:29:37.576649+00:00,962,imrranbigbull
1366007,37903,"$BTC LONG🟢 (25x Lev)

Entry -  75650$

Targets

1)76500
2)78000$

SL- 74900$",fc480c642afb7d88020c40f3e2c242f6,2026-09-16T16:30:25+00:00,2026-09-16T18:29:37.633131+00:00,962,imrranbigbull
1366002,37904,"🌈PAIR:- #SYN/USDT
⚡️ Direction : LONG
🛠 Leverage: ...nt Usage:- 1 - 2%
(According To your Risk Setting)",09aa40da98bb80f9f498723f3e01803e,2026-09-16T16:30:25+00:00,2026-09-16T18:29:37.594534+00:00,962,imrranbigbull
1366001,37901,"🚨 #LSK/USDT | SHORT 

⚡Leverage: Cross 20x

🎯Entry... follow the signal and secure profits at targets.💎",77de6d866e5a8666d478a9d994ec8903,2026-09-16T16:30:25+00:00,2026-09-16T18:29:37.591364+00:00,962,imrranbigbull
1365999,37902,"Long #LSK 50x 0.7200

Tp: 0.7400",e433ead8ecc79634a0c0599d2e800fc9,2026-09-16T16:30:25+00:00,2026-09-16T18:29:37.553119+00:00,962,imrranbigbull
1365998,37899,"BRUSDTUSDT  
Exchanges: BINGX 

🟢 Long
Leverage- C....84331000
6) 0.91077000
7) 🚀🚀🚀 

⛔️ SL:
0.55100000",6759b5febc8ec01c17221036808571f6,2026-09-16T15:10:17+00:00,2026-09-16T18:29:37.525865+00:00,962,imrranbigbull
1376664,37919,"#BR/USDT

📈Signal: long Leverage: Cross 50X

⚡️Ent...even after TP1 is hit.

📣Trade Smart • Follow Risk",000e8f18097b773e6b5b7384ba1d74c0,2026-09-16T19:25:28+00:00,2026-09-16T20:09:02.494271+00:00,962,imrranbigbull
1376665,37918,"⚡️$JUP/USDT { 25X }

📈 DIRECTION : { LONG }

🔍 ENT...199
➡️0.2229
➡️0.2260
➡️0.2277

🔴STOPLOSS : 0.2055",17b60dedd23643ae0906231844b3a859,2026-09-16T18:48:20+00:00,2026-09-16T20:09:02.499998+00:00,962,imrranbigbull
1376663,37917,"ETH/USD BUY 

Entry : $ 2425.90

Target1: $  2450
... 2511
Target3: $ 2587
Target4: $ 2641

SL : $ 2340",2d4557a98521d925e33a7581f612de84,2026-09-16T18:48:20+00:00,2026-09-16T20:09:02.491885+00:00,962,imrranbigbull
1376661,37916,"⚡️⚡️#IO/USDT⚡️⚡️

Signal Type : Short
Leverage : 2...
1) 0.1161
2) 0.1122
3) 0.1086

Stop Loss : 0.1221",12c7c486485871db269f30bcf7134c19,2026-09-16T18:48:20+00:00,2026-09-16T20:09:02.484151+00:00,962,imrranbigbull
1376660,37915,"#LSK        /USDT (SHORT) 🔽🔽

⌛LEVERAGE : 20X TO 7...55

💥Use only 1%margin of your total portfolio❤️😘😇",6274e69677edb76adb98552f6312e630,2026-09-16T18:48:20+00:00,2026-09-16T20:09:02.468683+00:00,962,imrranbigbull
1380487,37924,"LONG OP/USDT📈📈📈

ENTRY: 0.08755

TP1: 0.09856

TP2...agement 🏆

Use only 10% of your 📈Available balance",41a58634e52d36e58b312f05a8e8971f,2026-09-16T20:38:49+00:00,2026-09-16T21:34:39.714866+00:00,962,imrranbigbull
1380486,37921,"📉 SHORT #LSK 50x

📌 Entry: 0.69500

🎯 TP: 0.6700

...t Usage: 1-3%
⚠️ According to your risk management",2880b57a958b4f2ff15785e6e4fe3f7f,2026-09-16T20:38:49+00:00,2026-09-16T21:34:39.705489+00:00,962,imrranbigbull
1383590,38130,"🚀 LONG: $AVA/USDT
LEVERAGE: 50x

✔️ENTRY PRICE: 0....460-0.2540-0.2726

STOP LOSS:  0.2270


REACTIONS?",606634627d56a3bed90be314c292d3f9,2026-09-17T10:09:31+00:00,2026-09-17T13:48:50.943762+00:00,962,imrranbigbull
1383573,38129,"🟢HYPE/USDT My Short Trade 

Leverage 75X

Entry Po...9.000

Stop Loss   81.000

Follow Money Management",462655150b1138ee8282019ffe0295e0,2026-09-17T09:57:46+00:00,2026-09-17T13:48:50.810661+00:00,962,imrranbigbull
1383606,38127,"📊 Let’s LONG #NEAR/USDT

💥 Leverage:  Cross 20×  -...gets: 

1) 2.85
2) 2.95
3) 3.10

🔖 Stop Loss: 2.65",ee0c2da211971d38da7d89514ec93212,2026-09-17T09:54:09+00:00,2026-09-17T13:48:50.982631+00:00,962,imrranbigbull
1383581,38126,"✨SOL/USDT

🎗 Trade Type = SHORT 🔴

⭐️ Leverage :- ...fit = [ 99.29, 98.32, 97.31, 96.18, 95.34, 94.23 ]",60e25a4d8d76b50555edf0503d4b5ea3,2026-09-17T09:54:09+00:00,2026-09-17T13:48:50.884551+00:00,962,imrranbigbull
1383613,38122,"📊 #NEAR/USDT

🟢 POSITION: LONG

💰 ENTRY RANGE
➤ 2....S
➤ 2.55

━━━━━━━━━━━━━━━━━━

✅ Manage risk wisely",a53c152f5f6a917b46a56285b99257eb,2026-09-17T09:22:28+00:00,2026-09-17T13:48:50.996551+00:00,962,imrranbigbull
1383580,38121,"🔴 Short

Pair: #BCH/USDT

📊 Entry Price: 

1) 224....94
4) 209.20

Stop Loss: 238.90

Leverage: 10x-20x",8a23b19891455043778e1c0f60b21acc,2026-09-17T09:22:28+00:00,2026-09-17T13:48:50.882822+00:00,962,imrranbigbull
1383615,38116,"🚀 #NEARUSDT LONG SIGNAL 🚀  LEVERAGE 50X-75X

📌 ENT...ch this move together!

🔓 Trade Smart • Trade Safe",82fb4c9bedbd2c9d931d60bbe29c966c,2026-09-17T09:08:34+00:00,2026-09-17T13:48:51.002968+00:00,962,imrranbigbull
1383586,38108,"🪙#BR/USDT

🚩POSITION — SHORT

🔒  LEVERAGE — 20X75
...0.56800
TP🥉: 0.54800

⛔️ SL: 0.62000

🔥REACTIONS?😜",f574736a979be08c9632616aa1b4f1e1,2026-09-17T08:51:18+00:00,2026-09-17T13:48:50.922420+00:00,962,imrranbigbull
1383582,38107,"#BR/USDT SHORT NOW 📉
🏠ENTRY: ( 0.58775)",20b65b94172beac43e85c7d8fb7fc766,2026-09-17T08:51:18+00:00,2026-09-17T13:48:50.900675+00:00,962,imrranbigbull
1383629,38101,"Short #POWER 0.13100

Tp 0.12780",9bbd5b685bc6f1cd3203593aa4e47f03,2026-09-17T08:43:35+00:00,2026-09-17T13:48:51.037309+00:00,962,imrranbigbull
1383576,38102,"#POWER/USDT

📈Signal: short Leverage: Cross 20X

⚡...even after TP1 is hit.

📣Trade Smart • Follow Risk",58f4ad2fc9a00d03a41327aa1473c5bd,2026-09-17T08:43:35+00:00,2026-09-17T13:48:50.870225+00:00,962,imrranbigbull
1383568,38104,"💰#BR/ USDT👑

💎Setup Type: Strong SHORT  🔖Opportuni...TP ➝ 0.50000

4️⃣TP ➝ 0.45000

🚫Stop Loss: 0.68000",2c595c05578157105c503bf3f25cc11c,2026-09-17T08:43:35+00:00,2026-09-17T13:48:50.777552+00:00,962,imrranbigbull
1383626,38097,"🪙#ON/USDT

🚩POSITION — SHORT

🔒  LEVERAGE — 20X75
...🥈: 0.1425
TP🥉: 0.1350

⛔️ SL: 0.1700

🔥REACTIONS?😜",3fe1b26b9ed1079e29bdfd5fcba14b32,2026-09-17T08:37:24+00:00,2026-09-17T13:48:51.032790+00:00,962,imrranbigbull
1383607,38096,"#ON/USDT SHORT NOW 📉
🏠ENTRY: ( 0.1501)",a2a9528473f01d11cfb18bad6796bb43,2026-09-17T08:37:24+00:00,2026-09-17T13:48:50.983962+00:00,962,imrranbigbull
1383578,38098,"🔴 SHORT

#LTC/USDT

Entry : 

1) 52.84
2) 54.42

T...) 49.18

🛑 Stop : 56.16

Leverage : 10x (isolated)",ce2210da33f082660a6a05d04f7af29d,2026-09-17T08:37:24+00:00,2026-09-17T13:48:50.878270+00:00,962,imrranbigbull
1383572,38099,"👑 #DASH /USDT — TRADE LONG

LEVERAGE 25X TO 50X

👌...00

⛔️ STOP LOSS: 55.50

⚡️ NO FEAR — JUST PROFITS",55456d15444afee9bc4bc232e81e457f,2026-09-17T08:37:24+00:00,2026-09-17T13:48:50.809780+00:00,962,imrranbigbull
1383630,38094,ONEUSDT SHORT NOW,a1e64bf002c6b5acf95f47bb6c4cc8da,2026-09-17T08:27:03+00:00,2026-09-17T13:48:51.036509+00:00,962,imrranbigbull
1383610,38095,"⭐️$ONE/USDT  SHORT

🛡Leverage : Cross 25x50

‼️Ent...013296

Use only 3% - 5% amount of your portfolio🛍",e0da0bc7f3841adea0e25476d85c8de0,2026-09-17T08:27:03+00:00,2026-09-17T13:48:50.993661+00:00,962,imrranbigbull
1383632,38093,"📉 SHORT #ONE/USDT 

🚀 LEVERAGE : 50x

📊 ENTRY PRIC....00100

TP🟢0.00093

STOPLOSS 🔴0.00115


REACTIONS?",bc1af74837f713342b39b670cb59d9e7,2026-09-17T08:14:45+00:00,2026-09-17T13:48:51.040585+00:00,962,imrranbigbull
1383562,38091,"📈 LONG #ONE/USDT 

🚀 LEVERAGE : 50x

📊 ENTRY PRICE....00134

TP🟢0.00140

STOPLOSS 🔴0.00119


REACTIONS?",2a9ccd2db50a8511ef0262d12723e005,2026-09-17T07:55:05+00:00,2026-09-17T13:48:50.646255+00:00,962,imrranbigbull
1383579,38090,"👑 #ONE /USDT — TRADE LONG

LEVERAGE 25X TO 50X

👌 ...
⛔️ STOP LOSS: 0.001770

⚡️ NO FEAR — JUST PROFITS",d5a2324ca289e9c821ba690608d23c0c,2026-09-17T07:46:20+00:00,2026-09-17T13:48:50.878872+00:00,962,imrranbigbull
1383596,38088,"⚡️$TRX/USDT⚡️

LONG
Leverage: 25X

Entry: 0.32516 ...3)0.35689
4)0.36689
5)0.37690

Stoploss: 0.3117546",e9c9053bb457d3e7ab576a2caeeb4c28,2026-09-17T07:46:19+00:00,2026-09-17T13:48:50.955907+00:00,962,imrranbigbull
1383638,38086,ONEUSDT LONG NOW,7e6af733c9a8e38a5150db3d8fc179c1,2026-09-17T07:33:01+00:00,2026-09-17T13:48:51.169107+00:00,962,imrranbigbull
1383604,38084,"⚡️⚡️ #ASR/USDT ⚡️⚡️
Exchanges: Bingx 
Signal Type:...
5) 0.79468
6) 0.78200
7) 🚀🚀🚀

Stop Targets:
5-10%",d4a7f08d9bfd0e6456e56d706ca18682,2026-09-17T07:33:01+00:00,2026-09-17T13:48:50.981332+00:00,962,imrranbigbull
1383570,38085,"✅ Long

#TRX/USDT

Entry zone : 0.32516 - 0.33522
...36689
0.37690

Stop loss :0.3117546

Leverage: 10x",7c44e75bfe983fdde295760d7d9cf620,2026-09-17T07:33:01+00:00,2026-09-17T13:48:50.803352+00:00,962,imrranbigbull
1383565,38087,"⭐️$ONE/USDT  LONG 

🛡Leverage : Cross 25x50

‼️Ent...009547

Use only 3% - 5% amount of your portfolio🛍",1ae88e170d145a1d04c645f28abad055,2026-09-17T07:33:01+00:00,2026-09-17T13:48:50.749668+00:00,962,imrranbigbull
1383631,38066,"⚡️⚡️ #AAVE/USDT ⚡️⚡️
Exchanges: Bingx 
Signal Type...129.10800
6) 130.93500
7) 🚀🚀🚀

Stop Targets:
5-10%",66c12424981f2445329a022e73b733de,2026-09-17T07:07:01+00:00,2026-09-17T13:48:51.039430+00:00,962,imrranbigbull
1383622,38069,"⚡️⚡️ #CFX/USDT ⚡️⚡️
Exchanges: Bingx 
Signal Type:...
5) 0.04800
6) 0.04868
7) 🚀🚀🚀

Stop Targets:
5-10%",1bfcee3e7532f398e20fd2c7c8950c66,2026-09-17T07:07:01+00:00,2026-09-17T13:48:51.017136+00:00,962,imrranbigbull
1383609,38080,"📈 LONG #SYN/USDT

♻ Leverage: 20X

➡️ Entry :- 0.1...: 

1) 0.208
2) 0.225
3) 0.250

⭕ Stop Loss: 0.150",cd7daf5f3fd6a88653181a92adebfb26,2026-09-17T07:07:01+00:00,2026-09-17T13:48:50.992108+00:00,962,imrranbigbull
1383599,38067,"⚡️⚡️ #AIA/USDT ⚡️⚡️
Exchanges: Bingx 
Signal Type:...
5) 0.07201
6) 0.07302
7) 🚀🚀🚀

Stop Targets:
5-10%",2a23ac6f92fdd9732b96f8b01553db5b,2026-09-17T07:07:01+00:00,2026-09-17T13:48:50.962381+00:00,962,imrranbigbull
1383595,38077,"🐳 SKYAI/USDT #LONG🐳

✳️ ENTRY :- 0.06300 - 0.06000...: 0.071

⛔️ STOP-LOSS :- 0.056

☝️ Margin Use 2–3%",8d47ea909b97e8ac600dd9dcb63999f3,2026-09-17T07:07:01+00:00,2026-09-17T13:48:50.952967+00:00,962,imrranbigbull
1383585,38068,"⚡️⚡️ #APE/USDT ⚡️⚡️
Exchanges: Bingx 
Signal Type:...
5) 0.13377
6) 0.13567
7) 🚀🚀🚀

Stop Targets:
5-10%",c0cf217bce96b5d1d2ad88aa5293a391,2026-09-17T07:07:01+00:00,2026-09-17T13:48:50.914318+00:00,962,imrranbigbull
1383569,38076,"📊 DASH/USDT — LONG 

📍 ENTRY: 59

🎯 TARGET 1: 60
🎯...Manage your risk & trade responsibly.

🔥 LET’S GO!",2a630fbd6444cc045e9bf01355ec40fe,2026-09-17T07:07:01+00:00,2026-09-17T13:48:50.795448+00:00,962,imrranbigbull
1383566,38070,"⚡️⚡️ #ARX/USDT ⚡️⚡️
Exchanges: Bingx 
Signal Type:...
5) 0.17681
6) 0.17931
7) 🚀🚀🚀

Stop Targets:
5-10%",ab59f13999076c7fcb68c3bfd19911c3,2026-09-17T07:07:01+00:00,2026-09-17T13:48:50.763762+00:00,962,imrranbigbull
1383560,38075,"⭐ TIA /USDT — LONG

💵 ENTRY: 0.3470-0.3123

⚙️ LEV...o

📌 Follow the setup and manage your risk wisely.",3dc8c28a8477fc6118fabb6021ddcd35,2026-09-17T07:07:01+00:00,2026-09-17T13:48:50.614558+00:00,962,imrranbigbull
1383637,38060,"🚀 LONG: $AVA/USDT🚀
LEVERAGE: 20X-50X

🤍 ENTRY PRIC...0.2590- 0.28
—————

❌ STOP LOSS: 0.20❌


REACTIONS",092be452ca098dd7f3835619f66a7bf8,2026-09-17T07:07:00+00:00,2026-09-17T13:48:51.156689+00:00,962,imrranbigbull
1383624,38062,"⭐ UB /USDT — LONG

💵 ENTRY:0.13200-0.12500

⚙️ LEV...o

📌 Follow the setup and manage your risk wisely.",cb0997dc24ab229df57e8be2bb0e088a,2026-09-17T07:07:00+00:00,2026-09-17T13:48:51.019985+00:00,962,imrranbigbull
1383621,38059,"$ZEC/USDT #LONG📩

✅ENTRY :-1376/1330

Target 1: 14...𝐎𝐧𝐥𝐲 𝟏-𝟑% 𝐎𝐟 𝐎𝐮𝐫 𝐃𝐞𝐩𝐨𝐬𝐢𝐭 𝐅𝐨𝐫 𝐄𝐚𝐜𝐡 𝐓𝐫𝐚𝐝𝐞

React,??m",0d0b95ff4d4df47388a0f68f87fd11ca,2026-09-17T07:07:00+00:00,2026-09-17T13:48:51.015453+00:00,962,imrranbigbull
1383620,38056,"#AVA/USDT LONG   

👉Leverage : Cross 10× To 30×

E...

1)  0.245
2)  0.256
3)  0.267

⭕Stoploss : 0.228",318ff535cecfc5bccde188ff1abcb180,2026-09-17T07:07:00+00:00,2026-09-17T13:48:51.013868+00:00,962,imrranbigbull
1383597,38061,"🚀 $PONS/USDT PERP 🚀

🟢 LONG

💰 Entry : 0.622$ – 0.... 5X – 25X

⛔️ SL : 0.550$

📌 Use Only 2-5% Capital",4f42a7c7b818b6221da5f86e4df6e344,2026-09-17T07:07:00+00:00,2026-09-17T13:48:50.954957+00:00,962,imrranbigbull
1383591,38054,"#BR/USDT SHORT   

👉Leverage : Cross 10× To 30×

E...ofit

1)  0.61
2)  0.56
3)  0.50

⭕Stoploss : 0.71",a8208a051290045114b7a24511f8083c,2026-09-17T07:07:00+00:00,2026-09-17T13:48:50.942394+00:00,962,imrranbigbull
1383574,38064,"⌛#LINK/USDT  ( LONG )

🍁 Leverage 👉 20X to 25X 

⛩...52 | 11.572 | 11.681 | 11.806

🔕 Stoploss = 10.630",511b5644163ced7006431c6b60b45d00,2026-09-17T07:07:00+00:00,2026-09-17T13:48:50.868574+00:00,962,imrranbigbull
1383567,38057,"#LONG 🟢🔤🔤🔤🔤🔤

#IO/USDT

Margin Mode : Isolated 💎

...15

🟥 SL : 0.1231- 100%   

📊 LEV : 20X

🇯🇵Premium",69c19df6814616c31f118d6aabbb9fb9,2026-09-17T07:07:00+00:00,2026-09-17T13:48:50.764841+00:00,962,imrranbigbull
1393502,38204,"📊 Let’s LONG #COTI/USDT

💥 Leverage:  Cross 20×  -...1) 0.0205
2) 0.0213
3) 0.0227

🔖 Stop Loss: 0.0189",1e44de182125422c8a0e91262f9cc053,2026-09-17T15:18:49+00:00,2026-09-17T15:53:03.561303+00:00,962,imrranbigbull
1393501,38203,"👑 #COTI /USDT — TRADE LONG

LEVERAGE 25X TO 50X

✅...

⛔️ STOP LOSS: 0.01900

⚡️ NO FEAR — JUST PROFITS",da7fe5c6379a1f2f797f4672d38a5186,2026-09-17T15:18:49+00:00,2026-09-17T15:53:03.512163+00:00,962,imrranbigbull
1393498,38201,"#COTI     /USDT (SHORT) 🔽🔽

⌛LEVERAGE : 20X TO 75X...9


💥Use only 1%margin of your total portfolio❤️😘😇",b79197e1cddb37864094f79c5ea05422,2026-09-17T15:13:18+00:00,2026-09-17T15:53:03.482193+00:00,962,imrranbigbull
1393496,38200,"📈 LONG #AVA/USDT 

🚀 LEVERAGE : 75x

📊 ENTRY PRICE...0

TP🟢0.325

TP🟢0.340

STOPLOSS 🔴0.280

REACTIONS?",1a574910bf9f29ee03ddc4bd69d4bb67,2026-09-17T15:13:18+00:00,2026-09-17T15:53:03.429460+00:00,962,imrranbigbull
1393497,38195,"#ONE/USDT

📈Signal: long Leverage: Cross 50X

⚡️En...even after TP1 is hit.

📣Trade Smart • Follow Risk",d2e22b483e5a15186121527e2dae64f1,2026-09-17T14:30:26+00:00,2026-09-17T15:53:03.432962+00:00,962,imrranbigbull
1393495,38197,"🌈PAIR:- #ZEC/USDT
⚡️ Direction : LONG
🛠 Leverage: ...nt Usage:- 1 - 2%
(According To your Risk Setting)",9ff42ca91460d0a84543d7e4e2f7ff3b,2026-09-17T14:30:26+00:00,2026-09-17T15:53:03.419767+00:00,962,imrranbigbull
1393494,38198,"✨ARB/USDT

🎗 Trade Type = SHORT 🔴

⭐️ Leverage :- ...125, 0.15936, 0.15785, 0.15626, 0.15452, 0.15256 ]",2c650ef2b6177c97e81225c9b7ef8a2d,2026-09-17T14:30:26+00:00,2026-09-17T15:53:03.409106+00:00,962,imrranbigbull
1393492,38194,"Long #ONE 0.0012500

Tp 0.0012930",9331e142942d153c3c1cbe01d773817c,2026-09-17T14:30:26+00:00,2026-09-17T15:53:03.368102+00:00,962,imrranbigbull
1393491,38196,"🚀 #DRIFTUSDT LONG SIGNAL 🚀  LEVERAGE 50X-75X

📌 EN...ch this move together!

🔓 Trade Smart • Trade Safe",3aac47ebaa0777553c3674c3483321b2,2026-09-17T14:30:26+00:00,2026-09-17T15:53:03.347055+00:00,962,imrranbigbull
1393490,38192,"🚨 #ZEC/USDT | LONG

⚡Leverage: Cross 20x

🎯Entry T... follow the signal and secure profits at targets.💎",5b745695af9e64eb384f5f8c0ee29153,2026-09-17T13:58:13+00:00,2026-09-17T15:53:03.342191+00:00,962,imrranbigbull
1393489,38191,"📊 Let’s LONG #LSK/USDT

💥 Leverage:  Cross 20×  - ...1) 0.4982
2) 0.5140
3) 0.5410

🔖 Stop Loss: 0.4482",53ecd3a11a7aef2e901f059243fe50a6,2026-09-17T13:43:39+00:00,2026-09-17T15:53:03.311693+00:00,962,imrranbigbull
1393487,38190,"⭐ GENIUS /USDT — SHORT

💵 ENTRY: 0.3900-0.4100

⚙️...o

📌 Follow the setup and manage your risk wisely.",2c966604a71937871cfd7c807c0426c9,2026-09-17T13:43:39+00:00,2026-09-17T15:53:03.212947+00:00,962,imrranbigbull
1393485,38188,"#LSK/USDT

📈Signal: long Leverage: Cross 50X

⚡️En...even after TP1 is hit.

📣Trade Smart • Follow Risk",11bebf408599df25bc30bef21e0cadf4,2026-09-17T13:43:39+00:00,2026-09-17T15:53:03.205226+00:00,962,imrranbigbull
1393481,38189,"💫 Pair: ENA/USDT  💫

🔼 Direction: Long 🔼

✅ Levera...Take Profit: 0.1650 📈

⚠️ Stop Loss: 0.1412 ⚠️

📈📈",dd4eda2174aeaa2e9594b7c36f22574b,2026-09-17T13:43:39+00:00,2026-09-17T15:53:03.168836+00:00,962,imrranbigbull
1393488,38186,"#GENIUS    /USDT (SHORT) 🔽🔽

⌛LEVERAGE : 20X TO 75...0


💥Use only 1%margin of your total portfolio❤️😘😇",99302a1e57b1adce57e198cff6e0c40e,2026-09-17T13:27:38+00:00,2026-09-17T15:53:03.259527+00:00,962,imrranbigbull
1393482,38184,"#MARSCOIN/USDT

📈Signal: long Leverage: Cross 20X
...even after TP1 is hit.

📣Trade Smart • Follow Risk",00bc7cbb0d07bede87deab4775bed288,2026-09-17T13:27:38+00:00,2026-09-17T15:53:03.172096+00:00,962,imrranbigbull
1393480,38187,"🔰 PAIR: SOL/ USDT 💹

🟢Position: LONG🚀

☑️ Entry Zo...s:
🥇 100.78
🥈 101.37
🥉 102.07

❌ Stop Loss: 🔴99.47",5b258e5f9d78248bc88b6f89c2985fd8,2026-09-17T13:27:38+00:00,2026-09-17T15:53:03.139577+00:00,962,imrranbigbull
1393479,38185,"🚨 #SOL/USDT | SHORT

⚡Leverage: Cross 100X

🎯Entry... follow the signal and secure profits at targets.💎",c2bdee80c1c4151aeee9e9688c248a22,2026-09-17T13:27:38+00:00,2026-09-17T15:53:03.130614+00:00,962,imrranbigbull
1393472,38179,"🚨 #LIT/USDT | LONG 

⚡Leverage: Cross 20X

🎯Entry ... follow the signal and secure profits at targets.💎",56fe5b886a650350d92a041f8530fd03,2026-09-17T13:27:38+00:00,2026-09-17T15:53:03.006171+00:00,962,imrranbigbull
1393473,38178,"ETHUSDT

LONG LONG LONG 

OPEN MARKET PRICE 

TP 2465
TP 2480
TP 2495

SL 2390

LEV 42X",1b53eefedb5d93cac059de58c47ce25a,2026-09-17T13:07:28+00:00,2026-09-17T15:53:03.024005+00:00,962,imrranbigbull
1393478,38176,"#ONE USDT — BUY (LONG) 
🎉
🟢 Leverage: Cross  50x

...Risk Management:
Use only 2%– 3%of your portfolio.",6d4f4ca467f9af08700188fbf44072df,2026-09-17T12:54:05+00:00,2026-09-17T15:53:03.074469+00:00,962,imrranbigbull
1393476,38174,"⭐️$ONE/USDT  LONG

🛡Leverage : Cross 25x50

‼️Entr...008622

Use only 3% - 5% amount of your portfolio🛍",df62639b6d85e7ba3fe9280a3f7df75a,2026-09-17T12:41:45+00:00,2026-09-17T15:53:03.047615+00:00,962,imrranbigbull
1393474,38173,ONEUSDT LONG NOW,7e6af733c9a8e38a5150db3d8fc179c1,2026-09-17T12:41:45+00:00,2026-09-17T15:53:03.039739+00:00,962,imrranbigbull
1393471,38172,"🔴 SHORT

#THETA/USDT

Entry : 

1) 0.1851
2) 0.190...0.1722

🛑 Stop : 0.1967

Leverage : 10x (isolated)",032b71df83b39fc77f08175d18ab5316,2026-09-17T12:41:45+00:00,2026-09-17T15:53:02.930419+00:00,962,imrranbigbull
1393469,38171,"✅ Long

Pair: #IOST/USDT

📊 Entry Price: 

1) 0.00...00086509

Stop Loss: 0.00075868

Leverage: 10x-20x",ff5c5825c86824ab57a035cb33b3b2b4,2026-09-17T12:41:45+00:00,2026-09-17T15:53:02.868223+00:00,962,imrranbigbull
1393470,38169,"#ONE/ USDT — BUY (LONG) 
Leverage: Cross 25x – 50x...T IS KEY
👉 Use ONLY 2 – 3% of your total portfolio",8b5400dabc3a7b0f4536eb4e6649e5af,2026-09-17T12:29:18+00:00,2026-09-17T15:53:02.871901+00:00,962,imrranbigbull
1393461,38168,"📈 LONG #ONE/USDT 

🚀 LEVERAGE : 50x

📊 ENTRY PRICE....00117

TP🟢0.00122

STOPLOSS 🔴0.00104


REACTIONS?",252c65b8ef908bf90a697c8447181d83,2026-09-17T12:29:18+00:00,2026-09-17T15:53:02.533134+00:00,962,imrranbigbull
1393452,38165,"#SHORT 🔴 🔤🔤🔤🔤🔤

#LSK/USDT 

Margin Mode : Isolated...28

🟩 SL : 0.48095 - 100%

📊 LEV : 20X

🇯🇵 Premium",2b9951780b35aa577e11ba6965895c59,2026-09-17T12:14:13+00:00,2026-09-17T15:53:02.462026+00:00,962,imrranbigbull
1393457,38162,"📊 Let’s LONG #GENIUS/USDT

💥 Leverage:  Cross 20× ...gets: 

1) 0.44
2) 0.46
3) 0.48

🔖 Stop Loss: 0.39",3301793d61da0895ea6c03ba4283e3c8,2026-09-17T11:57:26+00:00,2026-09-17T15:53:02.504956+00:00,962,imrranbigbull
1393440,38161,"✅Entry : $0.19206-0.1940

(SYN SHORT /USDT 5-15X🆘)... $0.1820
🏹Target 6  $0.18000

🚫Stop loss : 0.20164",34af3d7113a4c114a4624659a939d5d5,2026-09-17T11:54:35+00:00,2026-09-17T15:53:02.300193+00:00,962,imrranbigbull
1393458,38159,"✅ Long

#XTZ/USDT

Entry zone : 0.238329 - 0.24570...68918
0.276252

Stop loss :0.228501

Leverage: 10x",44b59f34e6261b4af6eb07b88a6e70df,2026-09-17T11:48:44+00:00,2026-09-17T15:53:02.510678+00:00,962,imrranbigbull
1393453,38158,"#GENIUS/USDT

📈Signal: long Leverage: Cross 20X

⚡...even after TP1 is hit.

📣Trade Smart • Follow Risk",9d0890d808c2389db1da74c5002b80c3,2026-09-17T11:48:44+00:00,2026-09-17T15:53:02.460023+00:00,962,imrranbigbull
1393467,38155,"🔘 Coin : #PUMP/USDT 🔘

🔴 SHORT

🔺Entry🔻: 0.003888
... 0.003723

♦️ StopLoss : 0.003998

🔱 Leverage: 25x",c06fbb80d41a21acf444e6195e92ef64,2026-09-17T11:44:06+00:00,2026-09-17T15:53:02.642772+00:00,962,imrranbigbull
1393465,38153,"➡️ #REZ     /USDT (LONG) 🔼🔼

⌛LEVERAGE : 20X TO 75...99

💥Use only 1%margin of your total portfolio❤️😘😇",49c957836646a2a88f014162af7d0c4c,2026-09-17T11:44:06+00:00,2026-09-17T15:53:02.570832+00:00,962,imrranbigbull
1393462,38154,"👑My Coin: $ONE/USDT
👀Looking for SHORT

🌟0.0010818... Will Set: 0.0011251
°°°°°°°°°°°°°° As my stoploss",ecbdfb99887bf1852ba35c539fb31d53,2026-09-17T11:44:06+00:00,2026-09-17T15:53:02.534138+00:00,962,imrranbigbull
1393448,38148,"LONG OP/USDT📈📈📈

ENTRY: 0.08755

TP1: 0.09856

TP2...agement 🏆

Use only 10% of your 📈Available balance",41a58634e52d36e58b312f05a8e8971f,2026-09-17T11:44:06+00:00,2026-09-17T15:53:02.414964+00:00,962,imrranbigbull
1393442,38152,"🔘 Coin : #ONE/USDT 🔘

🔴 SHORT

🔺Entry🔻: 0.003888

... 0.003723

♦️ StopLoss : 0.003998

🔱 Leverage: 25x",b8305c19957be647ea8655792827ab7c,2026-09-17T11:44:06+00:00,2026-09-17T15:53:02.313570+00:00,962,imrranbigbull
1393443,38149,"↗️ LONG #BR 50x

📌 Entry: 0.64500

🎯 TP: 0.66500

...t Usage: 1-3%
⚠️ According to your risk management",a57e255faaa86cc532dc761e17d439a7,2026-09-17T11:44:06+00:00,2026-09-17T15:53:02.310411+00:00,962,imrranbigbull
1393438,38150,"💰#AVA/ USDT👑

💎Setup Type: Strong LONG  🔖Opportuni...

🥉TP ➝ 0.3300

4️⃣TP ➝ 0.3700

🚫Stop Loss: 0.2400",6533a6e0049dba7ca471e1c64f26ff1a,2026-09-17T11:44:06+00:00,2026-09-17T15:53:02.291728+00:00,962,imrranbigbull
1393437,38151,"⭐ AVA /USDT — LONG

💵 ENTRY: 0.2950-0.2600

⚙️ LEV...o

📌 Follow the setup and manage your risk wisely.",4f88807264aa1ae68f4156fae3bdeef4,2026-09-17T11:44:06+00:00,2026-09-17T15:53:02.276291+00:00,962,imrranbigbull
1393450,38136,"Long #AVA 0.2630

Tp 0.2740",4e17325fed89c152e8857499d07fd3ec,2026-09-17T10:38:09+00:00,2026-09-17T15:53:02.428024+00:00,962,imrranbigbull
1393449,38137,"#AVA/USDT

📈Signal: long Leverage: Cross 20X

⚡️En...even after TP1 is hit.

📣Trade Smart • Follow Risk",524882b0a8c5f707dcf67725e2436575,2026-09-17T10:38:09+00:00,2026-09-17T15:53:02.420689+00:00,962,imrranbigbull
1393451,38133,"#SKRUSDT — BUY (LONG) 
🎉
🟢 Leverage: Cross  50x75
...Risk Management:
Use only 2%– 3%of your portfolio.",086265754b65cefad3711b704f35177b,2026-09-17T10:14:48+00:00,2026-09-17T15:53:02.441741+00:00,962,imrranbigbull
1393435,38134,"📊#REZ/USDT–LONG–35x 🚀

📍 𝐄𝐧𝐭𝐫𝐲 𝐙𝐨𝐧𝐞:

➥ 0.00386, 0...tal.

⚠️ Disclaimer:
Trade at your own risk. DYOR.",62b163fd4de1c75c35a5e7311192b7c7,2026-09-17T10:14:48+00:00,2026-09-17T15:53:02.214646+00:00,962,imrranbigbull
1396325,38220,"🔰 PAIR: ETH/ USDT 💹

🟢Position: LONG🚀

☑️ Entry Zo...2465.56
🥈 2473.26
🥉 2486.54

❌ Stop Loss: 🔴2446.70",acf70ccb85db306f7d8430e97f2ab845,2026-09-17T18:20:16+00:00,2026-09-17T18:39:30.221590+00:00,962,imrranbigbull
1396326,38211,"#SUI

SUI has flipped its trend bullish and is now...gets: 0.7442 / 0.7655 / 0.7929
📉 Stop Loss: 0.7093",645a66ab54e67503cda60796639a2d14,2026-09-17T17:27:58+00:00,2026-09-17T18:39:30.222327+00:00,962,imrranbigbull
1396323,38210,"🚨 #HYPE/USDT | LONG

⚡Leverage: Cross 20x

🎯Entry ... follow the signal and secure profits at targets.💎",35f9bc1b094a3e0c74956c160cc92dea,2026-09-17T17:27:58+00:00,2026-09-17T18:39:30.193256+00:00,962,imrranbigbull
1396322,38208,"✅ Long

Pair: #TRX/USDT

📊 Entry Price: 

1) 0.333...
4) 0.35676

Stop Loss: 0.31288

Leverage: 10x-20x",495d7dcd5a5a44d5251034e40c6b6253,2026-09-17T16:19:15+00:00,2026-09-17T18:39:30.190888+00:00,962,imrranbigbull
1396319,38206,"🔴 SHORT

#DOT/USDT

Entry zone : 1.086959 - 1.0553...54518
0.922701

Stop loss :1.129171

Leverage: 10x",c19719ccbece6e3fdab4696bfa665c73,2026-09-17T16:16:52+00:00,2026-09-17T18:39:30.182441+00:00,962,imrranbigbull
1396318,38207,"🔴 SHORT

#ZEC/USDT

Entry zone : 1517.94 - 1473.73...32.98
1288.55

Stop loss :1576.8911

Leverage: 10x",3dbc6909fe523afef8aa903c869854d9,2026-09-17T16:16:52+00:00,2026-09-17T18:39:30.116359+00:00,962,imrranbigbull
1396317,38205,"⭐ SOL /USDT — SHORT

💵 ENTRY: 103.6-105.00

⚙️ LEV...o

📌 Follow the setup and manage your risk wisely.",7b391c8608076bdda2c0a0c1e5b85e9f,2026-09-17T16:16:52+00:00,2026-09-17T18:39:30.042532+00:00,962,imrranbigbull
1398891,38223,"⌛#ETC/USDT  ( SHORT )

🍁 Leverage 👉 20X to 25X 

⛩... 7.151 | 7.087 | 7.001 | 6.917

🔕 Stoploss = 7.627",8001e7b677cf712b62796787d0199e36,2026-09-17T19:36:42+00:00,2026-09-17T20:38:20.326294+00:00,962,imrranbigbull
1398889,38222,"🔴 Short

Pair: #LTC/USDT

📊 Entry Price: 

1) 53.4...0.91
4) 49.78

Stop Loss: 56.85

Leverage: 10x-20x",e4b47ed708fcbbbb58990830c2698a06,2026-09-17T19:12:32+00:00,2026-09-17T20:38:20.317895+00:00,962,imrranbigbull
1400167,38232,"📉 SHORT #ZEC 100x

📌 Entry: 1,468

🎯 TP: 1,453

⛔️...t Usage: 1-3%
⚠️ According to your risk management",492d887d4abe85be32865c99a319e7df,2026-09-17T21:37:45+00:00,2026-09-18T00:52:34.012712+00:00,962,imrranbigbull
1400164,38229,"Short #BR 50x 0.66100

Tp: 0.6500",01a63e7d25e97d9d37414c95f4678b65,2026-09-17T21:33:37+00:00,2026-09-18T00:52:33.999579+00:00,962,imrranbigbull
1400163,38227,"#ONE    /USDT (SHORT) 🔽🔽

⌛LEVERAGE : 20X TO 75X

...5


💥Use only 1%margin of your total portfolio❤️😘😇",658d88329de2ac727a9bcd5eb52fc228,2026-09-17T21:33:36+00:00,2026-09-18T00:52:33.998586+00:00,962,imrranbigbull
1411289,38459,"#CROSS/USDT LONG   

👉Leverage : Cross 10× To 30×
...)  0.180
2)  0.185
3)  0.195

⭕Sto ifploss : 0.167",c19753593b6c8b4f5b991747fab3a4db,2026-09-18T07:44:15+00:00,2026-09-18T07:45:09.508725+00:00,962,imrranbigbull
1411286,38460,"📊 Let’s LONG #DRIFT/USDT

💥 Leverage:  Cross 20×  ...01710
2) 0.01800
3) 0.01980

🔖 Stop Loss: 0.015900",9c2723e9a55c2ea0745bb36007cda4ac,2026-09-18T07:44:15+00:00,2026-09-18T07:45:09.500577+00:00,962,imrranbigbull
1411291,38457,"🪙 Coin: #CROSS/USDT
🧭 Type: #LONG

📈 Entry Zone:
0... within the zone and maintain strict risk control.",74e6d1fac4d63368a668845f0f840bb5,2026-09-18T07:41:40+00:00,2026-09-18T07:45:09.512203+00:00,962,imrranbigbull
1411281,38454,"#DRIFT/ USDT — BUY (LONG) 
Leverage: Cross 25x – 5...T IS KEY
👉 Use ONLY 2 – 3% of your total portfolio",d9bd0fa6279ff25969e8fc820dabee53,2026-09-18T07:41:40+00:00,2026-09-18T07:45:09.490867+00:00,962,imrranbigbull
1411282,38456,"⭐️$G/USDT  LONG 

🛡Leverage : Cross 25x50

‼️Entry...005792

Use only 3% - 5% amount of your portfolio🛍",5e918baabc16baa1475506f70516bb1b,2026-09-18T07:41:40+00:00,2026-09-18T07:45:09.490286+00:00,962,imrranbigbull
1411292,38452,"📊 Let’s LONG #G/USDT

💥 Leverage:  Cross 20×  - 

...1) 0.0069
2) 0.0071
3) 0.0073

🔖 Stop Loss: 0.0064",42edde19313d30080d688c9f19025211,2026-09-18T07:35:45+00:00,2026-09-18T07:45:09.516673+00:00,962,imrranbigbull
1411263,38451,"#NEAR/USDT LONG   

👉Leverage : Cross 10× To 30×

...t

1)  3.57
2)  3.72
3)  4.00

⭕Sto ifploss : 3.29",ff91e3bd3123a3809d6d463e71e2dffa,2026-09-18T07:35:45+00:00,2026-09-18T07:45:09.420933+00:00,962,imrranbigbull
1411288,38449,"🚨 #ETH/USDT | LONG 

⚡Leverage: Cross 20-200x

🎯En... follow the signal and secure profits at targets.💎",f3a25be458840df30e28036d8c735dd8,2026-09-18T07:26:12+00:00,2026-09-18T07:45:09.506454+00:00,962,imrranbigbull
1411284,38444,"🚨 #ARB/USDT | LONG

⚡Leverage: Cross 20x

🎯Entry T... follow the signal and secure profits at targets.💎",39a1226d10482ff64d9a49e68e92be7c,2026-09-18T07:26:12+00:00,2026-09-18T07:45:09.498459+00:00,962,imrranbigbull
1411278,38448,"👑 #NEAR/USDT — TRADE LONG

LEVERAGE 25X TO 50X

✅ ...0

⛔️ STOP LOSS: 3.2900

⚡️ NO FEAR — JUST PROFITS",c0bf5fccc10e79098b95b230da8e11cb,2026-09-18T07:26:12+00:00,2026-09-18T07:45:09.479294+00:00,962,imrranbigbull
1411277,38445,"⚡️$WLD/USDT⚡️

SHORT
Leverage: 25X

Entry: 0.4278 ...t:

1)0.4192
2)0.4107
3)0.4021

Stoploss: 0.466302",e2e2324b7d3f1a0fd8fd7582464ffd00,2026-09-18T07:26:12+00:00,2026-09-18T07:45:09.475331+00:00,962,imrranbigbull
1411273,38447,"#G/USDT

📈Signal: long Leverage: Cross 20X

⚡️Entr...even after TP1 is hit.

📣Trade Smart • Follow Risk",bf2d1bf9b0d52c08fe59ea690a8a2ee4,2026-09-18T07:26:12+00:00,2026-09-18T07:45:09.465545+00:00,962,imrranbigbull
1411251,38446,"🚨 #ETHFI/USDT | LONG

⚡Leverage: Cross 20x

🎯Entry... follow the signal and secure profits at targets.💎",0ccc6fbddb8ae02f481c6f54a7b66fe2,2026-09-18T07:26:12+00:00,2026-09-18T07:45:09.372778+00:00,962,imrranbigbull
1411264,38440,"#ONE/USDT SHORT   

👉Leverage : Cross 10× To 30×

...
2)  0.001800
3)  0.001775

⭕Sto ifploss : 0.00190",1feed9215b03fc39956c607b71b70220,2026-09-18T07:07:01+00:00,2026-09-18T07:45:09.427643+00:00,962,imrranbigbull
1411256,38438,"#CHIP/USDT 🟢 LONG

📍 Entry Zone: 0.043091 – 0.0448...n: LONG

⚠️ Manage your risk and trade responsibly",57bd68823683f37e09816c68d20baf40,2026-09-18T07:07:01+00:00,2026-09-18T07:45:09.388255+00:00,962,imrranbigbull
1411253,38437,"Atom   🟢   Long 

Market Price 

Target 
1.661 / 1.680 / 1.700 / 1.750

Stoploss 1.600",29a4fc2bcd12678c8dc508697d3daa07,2026-09-18T07:07:01+00:00,2026-09-18T07:45:09.376877+00:00,962,imrranbigbull
1411276,38428,"#LONG 🟢🔤🔤🔤🔤🔤

#WLD/USDT

Margin Mode : Isolated 💎
...4

🟥 SL : 0.4053 - 100%   

📊 LEV : 20X

🇯🇵Premium",2d33d752b9d76ab8092a5de7c828d6ea,2026-09-18T06:55:40+00:00,2026-09-18T07:45:09.469561+00:00,962,imrranbigbull
1411266,38430,"🚀SHORT: $ONE/USDT🚀
LEVERAGE: 20X-50X

🤍 ENTRY PRIC... 0.0015
—————

❌ STOP LOSS: 0.0020750❌


REACTIONS",78d89e46f22612cb24e985455edcebb2,2026-09-18T06:55:40+00:00,2026-09-18T07:45:09.439770+00:00,962,imrranbigbull
1411261,38425,"🟢UAI/USDT 📈

📈 long Setup 

💰 Entry Zone: 0.4290–0...et 1. 
✅ Move SL to breakeven after Target 1 hits.",84fc69ceebcf0d26a6239d6115300e59,2026-09-18T06:55:39+00:00,2026-09-18T07:45:09.414630+00:00,962,imrranbigbull
1411248,38424,"BTC/USDT Long  | 

Entry  :  77600 

TP   :  78000 / 78200 / 78500

SL  :  77000 | Risk 3% to 5%",b8687b28ca9710d54525e34358aebebf,2026-09-18T06:55:39+00:00,2026-09-18T07:45:09.363436+00:00,962,imrranbigbull
1411244,38427,"✨INJ/USDT

🎗 Trade Type = LONG 🟢

⭐️ Leverage :- 2...fit = [ 6.019, 6.087, 6.140, 6.205, 6.277, 6.340 ]",47e1073e717ae4cd10c879d18c37b6fb,2026-09-18T06:55:39+00:00,2026-09-18T07:45:09.349945+00:00,962,imrranbigbull
1411255,38411,"BTC/USD SELL 

Entry : $ 77366

Target1: $  76933
Target2: $ 75970
Target3: $ 74967

SL : $ 78388",585b8f1f3d126c1a6ac335a1ebe163dc,2026-09-18T06:52:41+00:00,2026-09-18T07:45:09.381877+00:00,962,imrranbigbull
1411247,38409,"📍Coin : #POL/USDT

🟢 LONG 

👉 Entry: 0.09865 - 0.0...: 0.10370
🎯 Target 6: 0.10470

❌ StopLoss: 0.09328",640069dd034c29c81edabc6c3fcc5ed7,2026-09-18T06:52:41+00:00,2026-09-18T07:45:09.362706+00:00,962,imrranbigbull
1411236,38410,"⚡️⚡️ #AKT/USDT ⚡️⚡️
Exchanges: Bingx 
Signal Type:...
5) 0.57558
6) 0.58373
7) 🚀🚀🚀

Stop Targets:
5-10%",da5c2543e3d2d7099a780386b916fa84,2026-09-18T06:52:41+00:00,2026-09-18T07:45:09.191848+00:00,962,imrranbigbull
1411233,38412,"⚡️⚡️ #BAS/USDT ⚡️⚡️
Exchanges: Bingx 
Signal Type:...
5) 0.02529
6) 0.02565
7) 🚀🚀🚀

Stop Targets:
5-10%",366441f8adfe3843167c051b778d4ec0,2026-09-18T06:52:41+00:00,2026-09-18T07:45:09.105321+00:00,962,imrranbigbull
1411232,38408,"📊 #ONE/USDT

🔴 POSITION: SHORT

💰 ENTRY RANGE
➤ 0.... 0.00195

━━━━━━━━━━━━━━━━━━

✅ Manage risk wisely",bcb2bc1fdaf131040162e26b1e1e428e,2026-09-18T06:52:41+00:00,2026-09-18T07:45:09.101164+00:00,962,imrranbigbull
1411271,38405,"⚡ #POLYX/USDT

📤 Long 

💹 Buy: 0.03781 - 0.03648

...1 - 0.04010

🧨 StopLoss: 0.03400 

🔘 Leverage: 20x",fa5f0adcfa1bad245f9ea5d119d696b0,2026-09-18T06:52:34+00:00,2026-09-18T07:45:09.457662+00:00,962,imrranbigbull
1411269,38404,"⚡️⚡️ #ASTR/USDT ⚡️⚡️
Exchanges: Bingx 
Signal Type...
5) 0.00673
6) 0.00683
7) 🚀🚀🚀

Stop Targets:
5-10%",44e09e24c914670f26671df958d77bfe,2026-09-18T06:52:34+00:00,2026-09-18T07:45:09.447696+00:00,962,imrranbigbull
1411242,38406,"🟢 Long

#IOST/USDT

Entry : 

1) 0.00077690
2) 0.0...05

🛑 Stop : 0.00072795

Leverage : 10x (isolated)",68d575e8a667ddbc6d7bc8b9a297a27f,2026-09-18T06:52:34+00:00,2026-09-18T07:45:09.324956+00:00,962,imrranbigbull
1411221,38407,"📊#FORM/USDT — LONG

⚡️ Leverage : 10X – 30X

💹Entr...Entry After TP1

⚖️ Follow Proper Risk Management.",96cd8ddaf8fbed96cf507edfc2943965,2026-09-18T06:52:34+00:00,2026-09-18T07:45:08.992467+00:00,962,imrranbigbull
1411245,38397,"Coin #ONE /USDT

Position: SHORT 

Leverage:  Cros...s: 🎯 0.00161, 0.00153, 0.00145

Stop Loss: 0.00185",1fe3a93b1ea4b3ec96ceb9fad357adfa,2026-09-18T06:52:33+00:00,2026-09-18T07:45:09.353604+00:00,962,imrranbigbull
1411238,38387,"📊#ONE/USDT–LONG–10x - 30x 🚀

📍 𝐄𝐧𝐭𝐫𝐲 𝐙𝐨𝐧𝐞:

➥ 0.00...tal.

⚠️ Disclaimer:
Trade at your own risk. DYOR.",eb40faa6fdf0d2c381a997cc3779258d,2026-09-18T06:52:32+00:00,2026-09-18T07:45:09.193459+00:00,962,imrranbigbull
1411234,38381,"AVAX-USD  
Exchanges: BYBIT

🔴 Short 
Leverage- Cr... 6.50
4) 5.98
5) 5.50
6) 5.06
7) 🚀🚀🚀 

⛔️ SL:
7.48",0e19af6f21aed132383ab080f79acb52,2026-09-18T06:52:32+00:00,2026-09-18T07:45:09.163669+00:00,962,imrranbigbull
1411230,38391,"⛽️Pair: DRIFT/USDT
Type: LONG 🟢
✅Leverage:  (20X_1...21
2) 0.025
3) 0.032
4) 0.045

❌ STOP LOSS: 0.013❌",3b96e304356d3eded7087c26f676bbc6,2026-09-18T06:52:32+00:00,2026-09-18T07:45:09.091546+00:00,962,imrranbigbull
1411231,38367,"SHORT CIFR/USDT📈📈📈

ENTRY: 19.19

TP1: 17.19

TP2:...agement 🏆

Use only 10% of your 📈Available balance",68c5ad8b53ca49a5cc650a3dbbda01f8,2026-09-18T06:52:31+00:00,2026-09-18T07:45:09.099512+00:00,962,imrranbigbull
1411229,38362,"#SOMIUSDT — BUY (LONG) 
🎉
🟢 Leverage: Cross  50x

...Risk Management:
Use only 2%– 3%of your portfolio.",2e3d23e2d175908af9944584e9f7751b,2026-09-18T06:52:31+00:00,2026-09-18T07:45:09.089422+00:00,962,imrranbigbull
1411223,38365,"📊 Let’s LONG #PROM/USDT

💥 Leverage:  Cross 20×  -...1) 5.7200
2) 5.8180
3) 5.9650

🔖 Stop Loss: 5.3750",9788194807c4c5027f8962240f872cae,2026-09-18T06:52:31+00:00,2026-09-18T07:45:09.033406+00:00,962,imrranbigbull
1416421,38494,"⭐ G /USDT — SHORT

💵 ENTRY: 0.007460-0.007800

⚙️ ...o

📌 Follow the setup and manage your risk wisely.",ac07225adc5e15b13a6d596ed1babf8c,2026-09-18T09:30:56+00:00,2026-09-18T09:44:57.798719+00:00,962,imrranbigbull
1416437,38492,"Long #BANK 50x 0.03020

Tp: 0.03070",38f0556e5f81701a85918c5708ae4801,2026-09-18T09:28:43+00:00,2026-09-18T09:44:57.856857+00:00,962,imrranbigbull
1416417,38493,"🚀 #ETHFIUSDT LONG SIGNAL 🚀  LEVERAGE 50X-75X

📌 EN...ch this move together!

🔓 Trade Smart • Trade Safe",f45a612a5d88deb5fd07264d7cfdb130,2026-09-18T09:28:43+00:00,2026-09-18T09:44:57.765079+00:00,962,imrranbigbull
1416431,38489,"⭐ ETHFI /USDT — LONG

💵 ENTRY: 0.6750-0.6500

⚙️ L...o

📌 Follow the setup and manage your risk wisely.",17149ab5996e151ba0348544fbe07c4d,2026-09-18T09:21:34+00:00,2026-09-18T09:44:57.839883+00:00,962,imrranbigbull
1416424,38491,"🚀 LONG: $ONE/USDT
LEVERAGE: 50x

✔️ENTRY PRICE: 0....001900-0.002000

STOP LOSS:  0.001680


REACTIONS?",21261cf8bb8b638f9f7610824b393832,2026-09-18T09:21:34+00:00,2026-09-18T09:44:57.811444+00:00,962,imrranbigbull
1416423,38488,"🔰 PAIR: ACH/ USDT 💹

🟢Position: LONG🚀

☑️ Entry Zo...0.00539
🥈 0.00548
🥉 0.00564

❌ Stop Loss: 🔴0.00512",a1f4d8ff5eadf31c11c543160ac68dd5,2026-09-18T09:21:34+00:00,2026-09-18T09:44:57.809352+00:00,962,imrranbigbull
1416419,38490,"🔴 Short

Pair: #YFI/USDT

📊 Entry Price: 

1) 2191....6
4) 2039.4

Stop Loss: 2329.0

Leverage: 10x-20x",177de8f8c4b7ed395ed2d2e10560233c,2026-09-18T09:21:34+00:00,2026-09-18T09:44:57.781592+00:00,962,imrranbigbull
1416439,38487,"Coin #XRP/USDT

Position: LONG 

Leverage:  Cross ...1.27

Targets: 🎯 1.54, 1.78, 2.16

Stop Loss: 1.21",43693424e80a22a17decd8c901ed7520,2026-09-18T09:12:24+00:00,2026-09-18T09:44:57.882188+00:00,962,imrranbigbull
1416427,38485,"Long #BANK 50x 0.02950

Tp: 0.03000",ddb0004333854d9585c33746cbc831cd,2026-09-18T09:12:24+00:00,2026-09-18T09:44:57.819465+00:00,962,imrranbigbull
1416426,38486,"⭐ ROBO /USDT — LONG

💵 ENTRY: 0.009260-0.008700

⚙...o

📌 Follow the setup and manage your risk wisely.",12f66052058f4a2eda783d6cc5e334f8,2026-09-18T09:12:24+00:00,2026-09-18T09:44:57.817987+00:00,962,imrranbigbull
1416434,38483,"#ROBOUSDT — BUY (LONG) 
🎉
🟢 Leverage: Cross  50x

...Risk Management:
Use only 2%– 3%of your portfolio.",2f80f6ab82b3a2365e26a502516dac36,2026-09-18T09:00:47+00:00,2026-09-18T09:44:57.841364+00:00,962,imrranbigbull
1416435,38474,"🪙#ETHFI/USDT

🚩POSITION — LONG

🔒  LEVERAGE — 20X7...🥈: 0.6910
TP🥉: 0.7120

⛔️ SL: 0.6020

🔥REACTIONS?😜",6f0e2e4ea20b9fa8eb23eb1e3b96fea7,2026-09-18T08:55:13+00:00,2026-09-18T09:44:57.849775+00:00,962,imrranbigbull
1416430,38478,"⭐ G /USDT — LONG

💵 ENTRY: 0.008000-0.007600

⚙️ L...o

📌 Follow the setup and manage your risk wisely.",7b682715d78b9f62cf14c65be94a852a,2026-09-18T08:55:13+00:00,2026-09-18T09:44:57.832029+00:00,962,imrranbigbull
1416429,38477,"BTC/USDT 

LONG LONG LONG 

Entry  At Market Price...

TP    78000 / 78300

20x   Leverage 

SL   77000",8e99665c4a209f22e9594412ec075499,2026-09-18T08:55:13+00:00,2026-09-18T09:44:57.826878+00:00,962,imrranbigbull
1416428,38481,"💰#ETHFI/ USDT👑

💎Setup Type: Strong LONG  🔖Opportu...00

4️⃣TP ➝ 0.9000

🚫Stop Loss: 0.5800


REACTS !!",75e331891e192dee1f977eb366cec8b6,2026-09-18T08:55:13+00:00,2026-09-18T09:44:57.824407+00:00,962,imrranbigbull
1416425,38475,"#ARXUSDT — BUY (LONG) 
🎉
🟢 Leverage: Cross  50x

⚡...Risk Management:
Use only 2%– 3%of your portfolio.",971eac19f76c692b1a3234f7489eddc0,2026-09-18T08:55:13+00:00,2026-09-18T09:44:57.817188+00:00,962,imrranbigbull
1416422,38473,"#ETHFI/USDT LONG NOW 📉
🏠ENTRY: ( 0.6689)",ea467442aca6eda0435c5d641a4b231d,2026-09-18T08:55:13+00:00,2026-09-18T09:44:57.807225+00:00,962,imrranbigbull
1416420,38479,"G USDT 🟢 LONG 

Entry Now Market 

Targets: 0.0080....008700 / 0.009350

Stop Target: 0.007310

Lev 50x",1c4866a59408bb175aee89f7ab24520c,2026-09-18T08:55:13+00:00,2026-09-18T09:44:57.789650+00:00,962,imrranbigbull
1416418,38472,"↗️ LONG #G 50x

📌 Entry: 0.008050

🎯 TP: 0.008350
...t Usage: 1-3%
⚠️ According to your risk management",e9aa9e5bdfdf9ef060ca056dd524d800,2026-09-18T08:55:13+00:00,2026-09-18T09:44:57.782298+00:00,962,imrranbigbull
1416415,38471,"💰#G/ USDT👑

💎Setup Type: Strong LONG  🔖Opportunity...➝ 0.009000

4️⃣TP ➝ 0.009700

🚫Stop Loss: 0.007200",21a2bb7de032010b37a3ba81a80e3daf,2026-09-18T08:55:13+00:00,2026-09-18T09:44:57.730653+00:00,962,imrranbigbull
1416416,38469,"🪙#ONE/USDT

🚩POSITION — SHORT

🔒  LEVERAGE — 20X75...🥈: 0.1470
TP🥉: 0.1400

⛔️ SL: 0.1770

🔥REACTIONS?😜",27ed8b3301b5d7d865fc8d9e2aea2a36,2026-09-18T08:33:30+00:00,2026-09-18T09:44:57.735548+00:00,962,imrranbigbull
1416414,38470,"🔴 SHORT

#COMP/USDT

Entry : 

1) 20.35
2) 20.96

...) 18.94

🛑 Stop : 21.63

Leverage : 10x (isolated)",e6026e7fcce83d05d7a57e4e080a2c2e,2026-09-18T08:33:30+00:00,2026-09-18T09:44:57.718264+00:00,962,imrranbigbull
1416413,38466,"#ONE/USDT SHORT NOW 📉
🏠ENTRY: ( 0.0017144)",af189d1c4f7453e214809d0207a2d0ab,2026-09-18T08:33:30+00:00,2026-09-18T09:44:57.692700+00:00,962,imrranbigbull
1416412,38467,"🪙#ONE/USDT

🚩POSITION — SHORT

🔒  LEVERAGE — 20X75...100
TP🥉: 0.0015200

⛔️ SL: 0.0018900

🔥REACTIONS?😜",2359b54f01865d39a408edc3f4e7f4c3,2026-09-18T08:33:30+00:00,2026-09-18T09:44:57.685686+00:00,962,imrranbigbull
1416409,38463,"⚡️ ETH/USDT ⚡️

🔻 SCALP LONG

💎 Leverage: 10x – 15...Loss: $2455

⚠️ Trade with proper risk management.",3e1076d46b23ef90fd73a748c792f2fe,2026-09-18T08:00:39+00:00,2026-09-18T09:44:57.638198+00:00,962,imrranbigbull
1420427,38520,"👑My Coin: $APT/USDT
👀Looking for SHORT

🌟0.6763 Wi...⚠️I Will Set: 0.6995
°°°°°°°°°°°°°° As my stoploss",7403762bbbdd9883121fdccc8ee0c438,2026-09-18T11:47:20+00:00,2026-09-18T11:48:43.803125+00:00,962,imrranbigbull
1420422,38519,"#AKE/USDT

📈Signal: long Leverage: Cross 20X

⚡️En...even after TP1 is hit.

📣Trade Smart • Follow Risk",6aa9ec64020d5547406f9b155242f35f,2026-09-18T11:44:19+00:00,2026-09-18T11:48:43.792706+00:00,962,imrranbigbull
1420423,38517,"Pair: #ONE/USDT

Short • (20X)

Entry
0.001910 - 0...t your own risk. Always use proper risk management",73b4dd5b9fa7f7a0063e2ecf5df3e589,2026-09-18T11:31:17+00:00,2026-09-18T11:48:43.794202+00:00,962,imrranbigbull
1420420,38518,"⭐ NEAR /USDT — SHORT

💵 ENTRY: 3.4500-3.7000

⚙️ L...o

📌 Follow the setup and manage your risk wisely.",257bbefb24e9ca7660df18e14b390d17,2026-09-18T11:31:17+00:00,2026-09-18T11:48:43.783147+00:00,962,imrranbigbull
1420428,38509,"⭐ G /USDT — LONG

💵 ENTRY: 0.007800-0.007200

⚙️ L...o

📌 Follow the setup and manage your risk wisely.",36d69c1cf8f30a73e4b4d941a6f2c3b1,2026-09-18T11:28:07+00:00,2026-09-18T11:48:43.805503+00:00,962,imrranbigbull
1420424,38511,"➡️ #SYRUP    /USDT (LONG) 🔼🔼

⌛LEVERAGE : 20X TO 7...9


💥Use only 1%margin of your total portfolio❤️😘😇",779ad2eac0a4637f64201111dc956d87,2026-09-18T11:28:07+00:00,2026-09-18T11:48:43.795926+00:00,962,imrranbigbull
1420416,38510,"📈 LONG #G/USDT 

🚀 LEVERAGE : 50x

📊 ENTRY PRICE  ...0.00890

TP🟢0.00950

STOPLOSS 🔴0.00770

REACTIONS?",f49f85d464f7c0075d0875138fac8555,2026-09-18T11:28:07+00:00,2026-09-18T11:48:43.763647+00:00,962,imrranbigbull
1420411,38512,"🚨 #UNI/USDT | LONG 

⚡Leverage: Cross 25x

🎯Entry ... follow the signal and secure profits at targets.💎",8ceaf343fbd9f6ac6b01585249a5ca75,2026-09-18T11:28:07+00:00,2026-09-18T11:48:43.603107+00:00,962,imrranbigbull
1420414,38507,"📊 Let’s SHORT #AR/USDT

💥 Leverage:  Cross 20×  - ...s: 

1) 3.097
2) 2.975
3) 2.862

🔖 Stop Loss: 3.34",39c54d684d85b7cf7ea46cfffc03af4d,2026-09-18T10:27:08+00:00,2026-09-18T11:48:43.720690+00:00,962,imrranbigbull
1420429,38506,"#G USDT — BUY (LONG) 
🎉
🟢 Leverage: Cross  50x

⚡️...top Loss: 0.006500

🔽 Risk Management:

 REACTS !!",d590498992cb4f3c278101b6b7c45830,2026-09-18T10:24:33+00:00,2026-09-18T11:48:43.808832+00:00,962,imrranbigbull
1420418,38504,"⭐️$G/USDT  LONG 

🛡Leverage : Cross 25x50

‼️Entry...006165

Use only 3% - 5% amount of your portfolio🛍",66ab8bc6278085e4f64cfc8a13571f84,2026-09-18T10:22:42+00:00,2026-09-18T11:48:43.773106+00:00,962,imrranbigbull
1420413,38500,"⌛#FIL/USDT  ( LONG )

🍁 Leverage 👉 20X to 25X 

⛩️...48 | 0.9125 | 0.9236 | 0.9329

🔕 Stoploss = 0.8502",71b19bde0c47a7fc1e7cbd75e954a1bd,2026-09-18T10:07:27+00:00,2026-09-18T11:48:43.715933+00:00,962,imrranbigbull
1420410,38501,"#ZAMA    /USDT (SHORT) 🔽🔽

⌛LEVERAGE : 20X TO 75X
...9


💥Use only 1%margin of your total portfolio❤️😘😇",4ee739f521401d67cc6cb901954c83a0,2026-09-18T10:07:27+00:00,2026-09-18T11:48:43.602206+00:00,962,imrranbigbull
1420409,38502,"#ETHFI USDT — BUY (LONG) 
🎉
🟢 Leverage: Cross  50x...️Stop Loss: 0.6000

🔽 Risk Management:

 REACTS !!",ebcbb1c323e7ad28df32dc0abf26666f,2026-09-18T10:07:27+00:00,2026-09-18T11:48:43.578771+00:00,962,imrranbigbull
1420408,38499,"#S    /USDT (SHORT) 🔽🔽

⌛LEVERAGE : 20X TO 75X

📊 ...8


💥Use only 1%margin of your total portfolio❤️😘😇",b1f4f27312a3515ed74a63e8d6c68309,2026-09-18T10:07:27+00:00,2026-09-18T11:48:43.495395+00:00,962,imrranbigbull
1420430,38497,"#UNI/USDT LONG   

👉Leverage : Cross 10× To 30×

E...

1)  9.21
2)  9.60
3)  10.05

⭕Sto ifploss : 8.47",cf8f7887211f72dbd9304cb188b874a2,2026-09-18T09:46:43+00:00,2026-09-18T11:48:43.815860+00:00,962,imrranbigbull
1420407,38496,"👑 #UNI/USDT — TRADE LONG

LEVERAGE 25X TO 50X

✅ E....05

⛔️ STOP LOSS: 8.47

⚡️ NO FEAR — JUST PROFITS",f9747c63a55810877f0c20e04c4d8c3e,2026-09-18T09:46:43+00:00,2026-09-18T11:48:43.490115+00:00,962,imrranbigbull
1423708,38531,"📈 LONG #G/USDT 

🚀 LEVERAGE : 50x

📊 ENTRY PRICE  ....00880

TP🟢0.00920

STOPLOSS 🔴0.00785


REACTIONS?",a9cd4c3d45a00d178c3c237f25fd9f37,2026-09-18T13:17:33+00:00,2026-09-18T13:42:41.716703+00:00,962,imrranbigbull
1423707,38533,"👑My Coin: $DRIFT/USDT
👀Looking for SHORT

🌟0.01555...️I Will Set: 0.01608
°°°°°°°°°°°°°° As my stoploss",ef34824393d45b694a20e994b166cef7,2026-09-18T13:17:33+00:00,2026-09-18T13:42:41.715481+00:00,962,imrranbigbull
1423702,38530,"📈 LONG #STRK/USDT 

🚀 LEVERAGE : 75x

📊 ENTRY PRIC...P🟢0.0360

TP🟢0.0380

STOPLOSS 🔴0.0320


REACTIONS?",3bafbdaa01bf9b24ab6d56afd062ad92,2026-09-18T13:17:33+00:00,2026-09-18T13:42:41.694872+00:00,962,imrranbigbull
1423698,38532,"#MYX    /USDT (SHORT) 🔽🔽

⌛LEVERAGE : 20X TO 75X

...0


💥Use only 1%margin of your total portfolio❤️😘😇",f32dafdeca73734b73daa8b19c7f7410,2026-09-18T13:17:33+00:00,2026-09-18T13:42:41.627332+00:00,962,imrranbigbull
1423703,38529,"🟢 Long

#BNB/USDT

Entry : 

1) 746.720
2) 724.318...7.806

🛑 Stop : 699.676

Leverage : 10x (isolated)",2fdaf11e14feae1aec808549dbc93e5d,2026-09-18T12:43:44+00:00,2026-09-18T13:42:41.696445+00:00,962,imrranbigbull
1423705,38528,"⭐️$G/USDT  LONG 

🛡Leverage : Cross 25x50

‼️Entry...006815

Use only 3% - 5% amount of your portfolio🛍",50e4db8dc63c8663f564ea763998d8b0,2026-09-18T12:30:14+00:00,2026-09-18T13:42:41.699071+00:00,962,imrranbigbull
1423697,38526,"⭐ SOMI /USDT — LONG

💵 ENTRY: 0.1800-0.17100

⚙️ L...o

📌 Follow the setup and manage your risk wisely.",c5696043994fb0e5aaf48ccd99573f14,2026-09-18T12:30:14+00:00,2026-09-18T13:42:41.615086+00:00,962,imrranbigbull
1423696,38524,"📊 ETHFI/USDT — LONG 

📍 ENTRY: 0.6940

🎯 TARGET 1:...Manage your risk & trade responsibly.

🔥 LET’S GO!",0d0b39d5590fbf443e1380dc031c8b7d,2026-09-18T12:02:56+00:00,2026-09-18T13:42:41.603276+00:00,962,imrranbigbull
1423695,38522,"XRP/USDT 
      
LONG LONG LONG 

OPEN MARKET PRICE 

TP 1.3450
TP 1.3900

SL 1.2100

LEV 50X",569c680c0e6c0c7f5e4603a98a4bdf81,2026-09-18T12:02:56+00:00,2026-09-18T13:42:41.535984+00:00,962,imrranbigbull
1423694,38523,"SWING/TRADE 🏆

SHORT INJ/USDT📈📈📈

ENTRY: MARKET PR...agement 🏆

Use only 10% of your 📈Available balance",b23bca15b901dcf63267ab6706ed3885,2026-09-18T12:02:56+00:00,2026-09-18T13:42:41.485546+00:00,962,imrranbigbull
1423693,38521,"🚀 #SOMIUSDT LONG SIGNAL 🚀  LEVERAGE 50X-75X

📌 ENT...ch this move together!

🔓 Trade Smart • Trade Safe",4596e1f7ee35eaa37894cd11c253f191,2026-09-18T11:53:23+00:00,2026-09-18T13:42:41.478093+00:00,962,imrranbigbull
1427134,38587,"⛽️Pair: F/USDT
Type: LONG 🟢
✅Leverage:  (20X_100X)...) 0.0057
3) 0.0065
4) 0.0078

❌ STOP LOSS: 0.0040❌",772d2f97c06219b2024ba69f46a8bc1b,2026-09-18T15:26:14+00:00,2026-09-18T15:35:37.344318+00:00,962,imrranbigbull
1427115,38590,"BTC/USD SELL 

Entry : $ 81000

Target1: $  79400
Target2: $ 77200
Target3: $ 74600

SL : $ 83836",cba5faeb2c7a308b8476d638f6460191,2026-09-18T15:26:14+00:00,2026-09-18T15:35:37.283387+00:00,962,imrranbigbull
1427128,38586,"⭐ MET /USDT — LONG

💵 ENTRY: 0.25100-0.24000

⚙️ L...o

📌 Follow the setup and manage your risk wisely.",04ad68bebb868984c8afa54e42abf457,2026-09-18T15:12:07+00:00,2026-09-18T15:35:37.322956+00:00,962,imrranbigbull
1427098,38565,"🚀 LONG: $NEAR/USDT
LEVERAGE: 50x

✔️ENTRY PRICE: 3...OFIT

3.73-3.90-4.20

STOP LOSS:  3.44

REACTIONS?",ff7df13e1b678148165fda2f4ed7fc6f,2026-09-18T14:51:56+00:00,2026-09-18T15:35:37.151118+00:00,962,imrranbigbull
1427127,38562,"#METUSDT — BUY (LONG) 
🎉
🟢 Leverage: Cross  50x

⚡...️Stop Loss: 0.2355

🔽 Risk Management:

 REACTS !!",7bc31da3f063e60efea9fa3bbc3e920a,2026-09-18T14:30:54+00:00,2026-09-18T15:35:37.318088+00:00,962,imrranbigbull
1427100,38560,"🟢LONG  #BTCUSDT

🔶 Entry : 80000 - 80100

➡️ Lever...ake Profit Targets :

👉 81100

🛑 Stop Loss : 79000",ed479eefc17ad45436c759354766e584,2026-09-18T14:30:54+00:00,2026-09-18T15:35:37.166372+00:00,962,imrranbigbull
1427096,38561,"$SOL LONG ⚡️

LEVERAGE 20-100X💎

ENTER NOW : 109🔼

TARGET: (112-115-118-121)🔥

STOPLOSS: (102.00)",3551c7252f2dd1f406c5bcc773b8d437,2026-09-18T14:30:54+00:00,2026-09-18T15:35:37.043998+00:00,962,imrranbigbull
1427135,38556,"#CHR | LONG SETUP

💰 Entry: $0.017007

🎯 Target1: ...t4: $0.01765
🎯 Target5: $0.01789

🛡 STOP: $0.01616",5f83eb7dc0944ab7600038fc3a138abf,2026-09-18T14:07:26+00:00,2026-09-18T15:35:37.350391+00:00,962,imrranbigbull
1427119,38548,"🔘 Coin : #AR/USDT 🔘

🔴 SHORT

🔺Entry🔻: 3.108

⭐️ T....983 - 2.921

♦️ StopLoss : 3.213

🔱 Leverage: 25x",d300560717c9b6a0dafda7c5e1b6c53b,2026-09-18T14:07:26+00:00,2026-09-18T15:35:37.296937+00:00,962,imrranbigbull
1427114,38545,"⭐️$G/USDT  LONG 

🛡Leverage : Cross 25x50

‼️Entry...006712

Use only 3% - 5% amount of your portfolio🛍",bac5fee84d7355883246aeb096492413,2026-09-18T14:07:26+00:00,2026-09-18T15:35:37.272631+00:00,962,imrranbigbull
1427104,38554,"🔴 SHORT

#ETC/USDT

Entry : 

1) 7.960
2) 8.198

T...) 7.409

🛑 Stop : 8.461

Leverage : 10x (isolated)",2811d029d1b9a1ee5e89547dcb1bde44,2026-09-18T14:07:26+00:00,2026-09-18T15:35:37.251536+00:00,962,imrranbigbull
1427099,38555,"⛽️Pair: MYX/USDT
Type: LONG 🟢
✅Leverage:  (20X_100...07
2) 0.120
3) 0.135
4) 0.158

❌ STOP LOSS: 0.080❌",b15fc39b072e539768ec76d18543a05f,2026-09-18T14:07:26+00:00,2026-09-18T15:35:37.161489+00:00,962,imrranbigbull
1427094,38550,"#LONG 🟢🔤🔤🔤🔤🔤

#ONDO/USDT

Margin Mode : Isolated 💎...0

🟥 SL : 0.3782 - 100%   

📊 LEV : 20X

🇯🇵Premium",c6d5bf5c8229c4f4342abc4e1ecc7ba3,2026-09-18T14:07:26+00:00,2026-09-18T15:35:36.859654+00:00,962,imrranbigbull
1427091,38552,"✅Entry 0.02640 - 0.02600

(🆘LONG AKEUSDT 5-20x🆘)

... $0.02785
🏹Target 6  $0.02810

🚫Stop loss -0.02494",5f6356044d096263cbabdbe1791cccb1,2026-09-18T14:07:26+00:00,2026-09-18T15:35:36.470639+00:00,962,imrranbigbull
1427089,38547,"⭐️$MYX/USDT  LONG 

🛡Leverage : Cross 25x50

‼️Ent....07266

Use only 3% - 5% amount of your portfolio🛍",5cdacf38ca87442a6371a22278ea80ae,2026-09-18T14:07:26+00:00,2026-09-18T15:35:36.463770+00:00,962,imrranbigbull
1431130,38600,"🔴 SHORT

#ETH/USDT

Entry zone : 2659.18 - 2581.73...35.17
2257.33

Stop loss :2762.4511

Leverage: 10x",235d134ccd4d2cf8484e842c61796771,2026-09-18T16:58:27+00:00,2026-09-18T17:33:43.841904+00:00,962,imrranbigbull
1431127,38599,"👑 #BR/USDT — TRADE LONG

LEVERAGE 25X TO 50X

✅ EN...0

⛔️ STOP LOSS: 0.8350

⚡️ NO FEAR — JUST PROFITS",601b5a1041a19ad77a03d3f63b01e25f,2026-09-18T16:58:27+00:00,2026-09-18T17:33:43.832220+00:00,962,imrranbigbull
1431129,38595,"#BR/ USDT — BUY (LONG) 
Leverage: Cross 25x – 50x
...T IS KEY
👉 Use ONLY 2 – 3% of your total portfolio",7381eba90e458b4e9ea879bd10a17be8,2026-09-18T15:59:07+00:00,2026-09-18T17:33:43.835572+00:00,962,imrranbigbull
1431125,38593,"🔴 SHORT

#ONT/USDT

Entry zone : 0.053673 - 0.0521...7133
0.045562

Stop loss :0.0557577

Leverage: 10x",75822277431585da77dedc3481d30773,2026-09-18T15:52:46+00:00,2026-09-18T17:33:43.780273+00:00,962,imrranbigbull
