id,external_id,message_preview,hash,published_at,created_at,source_id,source_name
1045425,11672,"🟢 Long

#DOT/USDT

Entry : 

1) 0.846200
2) 0.8208...4092

🛑 Stop : 0.792889

Leverage : 10x (isolated)",82065db5382d3539754e37cd738daf82,2026-09-02T13:05:47+00:00,2026-09-03T01:54:28.351486+00:00,926,coinmastertrad1
1045424,11671,"📊 Let’s LONG #KITE/USDT

💥 Leverage:  Cross 20×

✔...

1) 0.1405
2) 0.1423
3) 0.1460

🔖 Stop Loss: 0.13",e62dedf2f1bf8e86dd6b3226c4186205,2026-09-02T13:05:47+00:00,2026-09-03T01:54:28.344901+00:00,926,coinmastertrad1
1045423,11670,"🔴 Short

Pair: #KAVA/USDT

📊 Entry Price: 

1) 0.0...) 0.045256

Stop Loss: 0.051683

Leverage: 10x-20x",d0a11cde44ea5c99b445b0caef53f892,2026-09-02T13:05:47+00:00,2026-09-03T01:54:28.342947+00:00,926,coinmastertrad1
1045422,11669,"➡️ #T     /USDT (SHORT) 🔽🔽

⌛LEVERAGE : 20X TO 75X...8


💥Use only 1%margin of your total portfolio❤️😘😇",733780c7c588a57d8afaf142959d7381,2026-09-02T13:05:47+00:00,2026-09-03T01:54:28.335544+00:00,926,coinmastertrad1
1048175,11795,"💰#AKE / USDT👑

💎Setup Type: Strong LONG🔖Opportunit...➝ 0.028000

4️⃣TP ➝ 0.036000

🚫Stop Loss: 0.017000",9664333924de7038c0d5837001139db8,2026-09-03T05:32:13+00:00,2026-09-03T07:05:43.182641+00:00,926,coinmastertrad1
1048174,11794,"📇 Setup: AKE/USDT 

LONG Trade 🛫

✔️ Leverage : 75...1 •0.02040
💰 Target 2 • 0.02120
💰 Target3 •0.02290",5e9017c2e08443e8002993a631a727f3,2026-09-03T05:32:13+00:00,2026-09-03T07:05:43.176943+00:00,926,coinmastertrad1
1048170,11792,"#AKE long.📊

Targets: 0.0231, 0.0278, 0.0350",53f7c153704ff6a8b36ba0786817cefc,2026-09-03T05:32:13+00:00,2026-09-03T07:05:43.151677+00:00,926,coinmastertrad1
1048173,11791,"#AKE  /USDT — BUY (LONG) 
🎉
🟢 Leverage: Cross  50x...Risk Management:
Use only 2%– 3%of your portfolio.",c046eeef4d479b9f83894ce79e16be10,2026-09-03T05:32:12+00:00,2026-09-03T07:05:43.174785+00:00,926,coinmastertrad1
1048162,11789,"LITUSDTUSDT  
Exchanges: BINGX 

🟢 Short
Leverage-... 3.62
4) 3.58
5) 3.47
6) 3.39
7) 🚀🚀🚀 

⛔️ SL:
3.95",67b9fdfb1207c098b26e73aaf3bf3bd6,2026-09-03T05:32:12+00:00,2026-09-03T07:05:43.049805+00:00,926,coinmastertrad1
1048076,11727,"⚡️⚡️#XRP/USDT⚡️⚡️

Signal Type : Short
Leverage : ...
1) 1.3386
2) 1.3059
3) 1.2770

Stop Loss : 1.3943",9315645beb7cfcf8ed15bd86fd1da855,2026-09-03T05:30:53+00:00,2026-09-03T07:05:29.949210+00:00,926,coinmastertrad1
1048074,11728,"🔴 SHORT

#XMR/USDT

Entry zone : 547.12 - 531.19

...
480.46
464.44

Stop loss :568.3733

Leverage: 10x",3030fcf4a11901582aae3c494faa7843,2026-09-03T05:30:53+00:00,2026-09-03T07:05:29.935642+00:00,926,coinmastertrad1
1048073,11724,"➡️ #AKE    /USDT (SHORT) 🔽🔽

⌛LEVERAGE : 20X TO 75...9


💥Use only 1%margin of your total portfolio❤️😘😇",61045568e1613a441b3f9648e101b54a,2026-09-03T05:30:53+00:00,2026-09-03T07:05:29.864144+00:00,926,coinmastertrad1
1048071,11722,"$BTC LONG 25x Lev 

Entry -  $77300

TP - 78300$- 79500$

SL: 76200$",d22e1a28053d4196417ed2985f0f7c74,2026-09-03T05:30:53+00:00,2026-09-03T07:05:29.783674+00:00,926,coinmastertrad1
1048070,11723,"📌Pair: AKE/USDT
Type: LONG 🟢
✔️Leverage:  (20X_100...19
2) 0.024
3) 0.030
4) 0.042

❌ STOP LOSS: 0.010❌",ae61b63258693fb0f78f2d21eecc90f9,2026-09-03T05:30:53+00:00,2026-09-03T07:05:29.760036+00:00,926,coinmastertrad1
1048069,11721,"🔰 PAIR: SAND/ USDT 💹

🟢Position: LONG🚀

☑️ Entry Z...0.03903
🥈 0.03941
🥉 0.04031

❌ Stop Loss: 🔴0.03686",912c3069bd39faf671d7698b66df8ab5,2026-09-03T05:30:53+00:00,2026-09-03T07:05:29.714129+00:00,926,coinmastertrad1
1048068,11720,"🚀 SIGNAL ALERT 🚀

💎 Pair: FET/USDT
⏱️ Timeframe: 1...━━
 ❌ SL: 0.15834

 ━━━━━━━━━
🟨Risk Management: 3%",bc1d32422d2a4a98061ad65c6bc279a3,2026-09-03T05:30:53+00:00,2026-09-03T07:05:29.671821+00:00,926,coinmastertrad1
1048067,11718,"⚡️$ETH/USDT⚡️

SHORT 
Entry: now 

Target:

1)2058
2)2339
3)2296

Stoploss: 2440",7afb81ae366fa36ec9424d15a0f35eab,2026-09-03T05:30:53+00:00,2026-09-03T07:05:29.620072+00:00,926,coinmastertrad1
1048065,11719,"🔰 PAIR: AVAX/ USDT 💹

🟢Position: LONG🚀

☑️ Entry Z...gets:
🥇 7.200
🥈 7.270
🥉 7.400

❌ Stop Loss: 🔴6.970",b29c23d2131d829520f2f6db9e644e26,2026-09-03T05:30:53+00:00,2026-09-03T07:05:29.533579+00:00,926,coinmastertrad1
1048064,11715,"#T  /USDT — BUY (LONG) 
🎉
🟢 Leverage: Cross  50x

...Risk Management:
Use only 2%– 3%of your portfolio.",d32f0677f28edc49dd399e3ba58640e9,2026-09-03T05:30:53+00:00,2026-09-03T07:05:29.425231+00:00,926,coinmastertrad1
1048062,11712,"#CLO  /USDT — BUY (LONG) 
🎉
🟢 Leverage: Cross  50x...Risk Management:
Use only 2%– 3%of your portfolio.",18423dd3857d930fa05d2ee87faac9fc,2026-09-03T05:30:52+00:00,2026-09-03T07:05:29.233071+00:00,926,coinmastertrad1
1048061,11713,"🚨 #PROM/USDT | SHORT

⚡Leverage: Cross 25X

🎯Entry... follow the signal and secure profits at targets.💎",7d43c8488ebd0024ec5bb7f8e61c6fa2,2026-09-03T05:30:52+00:00,2026-09-03T07:05:29.145746+00:00,926,coinmastertrad1
1048060,11714,"LONG — ROSE

Entry: 0.006268

Targets: 0.006333 / ...06890

Stop: 0.005958

Move SL to entry after TP1.",dc713ae97da2df2eaf9897bce73fb81c,2026-09-03T05:30:52+00:00,2026-09-03T07:05:29.126339+00:00,926,coinmastertrad1
1048059,11710,"📌Pair: FLOCK/USDT
Type: LONG 🟢
✔️Leverage:  (20X_1...42
2) 0.048
3) 0.058
4) 0.072

❌ STOP LOSS: 0.032❌",ae89e260300b7207c6cfdfe6715b147a,2026-09-03T05:30:52+00:00,2026-09-03T07:05:28.562831+00:00,926,coinmastertrad1
1048057,11709,"🚀 LONG: $BTR/USDT
LEVERAGE: 50x

✔️ENTRY PRICE: 0....-0.05500-0.06000

STOP LOSS:  0.04880


REACTIONS?",2d8bbac9f5801ce85457bf4a5a53735a,2026-09-03T05:30:52+00:00,2026-09-03T07:05:28.183020+00:00,926,coinmastertrad1
1048053,11703,"POLUSDTUSDT  
Exchanges: BINGX 

🟢 Short
Leverage-....08461000
6) 0.07784000
7) 🚀🚀🚀 

⛔️ SL:
0.09573000",22631cf3f043b6e5ec7649faeca8565c,2026-09-03T05:30:52+00:00,2026-09-03T07:05:28.159770+00:00,926,coinmastertrad1
1048052,11705,"🚨 SHORT
TUT/USDT
ENTRY 0.02562

🚀 0.02446
🚀 0.0224...LOSS 0.02832 ( CROSS )
LEVRAGE 10x- 40x

1% Wallet",4c0a729d2d268ee40ae8f8f4b9550c2d,2026-09-03T05:30:52+00:00,2026-09-03T07:05:28.152665+00:00,926,coinmastertrad1
1048045,11708,"💰#CLO / USDT👑

💎Setup Type: Strong LONG🔖Opportunit...TP ➝ 0.20500

4️⃣TP ➝ 0.25000

🚫Stop Loss: 0.14000",b878098d6447220b62b1a24c6638fdee,2026-09-03T05:30:52+00:00,2026-09-03T07:05:28.108454+00:00,926,coinmastertrad1
1048042,11702,"🚨 #CLO/USDT | LONG

⚡Leverage: Cross 50x

🎯Entry T... follow the signal and secure profits at targets.💎",19c12bc71fa0fb0a64a9138dc493b9f7,2026-09-03T05:30:52+00:00,2026-09-03T07:05:28.101818+00:00,926,coinmastertrad1
1048043,11704,"Coin #MUBARAK/USDT

Position: LONG 

Leverage:  Cr...rgets: 🎯 0.0258, 0.0275, 0.0297

Stop Loss: 0.0228",bbfff1451f0cd5e7a44b5254311c86fa,2026-09-03T05:30:52+00:00,2026-09-03T07:05:28.100943+00:00,926,coinmastertrad1
1048044,11678,"COIN: #USELESS /USDT (LONG) SETUP

📊 Leverage 25x ...ENT IS KEY
Use only 1–2% of your capital per trade",509cd34c73e3650d21cf2ce5f869c71d,2026-09-03T05:29:33+00:00,2026-09-03T07:05:28.102620+00:00,926,coinmastertrad1
1048026,11676,"Coin #ROBO/USDT

Position: LONG 

Leverage:  Cross...rgets: 🎯 0.0150, 0.0171, 0.0200

Stop Loss: 0.0130",c584689d114f549c0131ad8a8e3ece43,2026-09-03T05:29:33+00:00,2026-09-03T07:05:27.752455+00:00,926,coinmastertrad1
1048025,11674,"🚨 #T/USDT | LONG

⚡Leverage: Cross 25x

🎯Entry Tar... follow the signal and secure profits at targets.💎",1fb978f0d6e5ef214388545db0d7c50d,2026-09-03T05:29:33+00:00,2026-09-03T07:05:27.747847+00:00,926,coinmastertrad1
1048024,11675,"🚨 #UNI/USDT | LONG

⚡Leverage: Cross 25x

🎯Entry T... follow the signal and secure profits at targets.💎",22b1862af5d826d8866d0f224c850c5b,2026-09-03T05:29:33+00:00,2026-09-03T07:05:27.716021+00:00,926,coinmastertrad1
1050407,11948,"PAIR: BR/USDT
DIRECTION: LONG

Entry Price
1) 0.27...sk Reminder: Use only 2% of your capital per trade",d886029a89ca058a77487c448bcaf431,2026-09-03T08:07:30+00:00,2026-09-03T08:24:57.173203+00:00,926,coinmastertrad1
1050406,11947,"⭐️$BR/USDT  LONG 

🛡Leverage : Cross 25x50

‼️Entr....22042

Use only 3% - 5% amount of your portfolio🛍",03f16c0019ffca60d9997d6e2bc170b0,2026-09-03T08:07:30+00:00,2026-09-03T08:24:57.121993+00:00,926,coinmastertrad1
1050405,11945,"⚡️$ADA/USDT { 25X }

📈 DIRECTION : { LONG }

🔍 ENT...121
➡️0.2142
➡️0.2168
➡️0.2199

🔴STOPLOSS : 0.2000",55b82f4b7525b63933a154a9cb1205c0,2026-09-03T07:29:29+00:00,2026-09-03T08:24:57.111455+00:00,926,coinmastertrad1
1050401,11942,"📊 Let’s LONG #MARSCOIN/USDT

💥 Leverage:  Cross 20...: 

1) 0.102
2) 0.111
3) 0.125

🔖 Stop Loss: 0.095",735a4e3ccb07f195f7179a57dbedbd04,2026-09-03T07:29:29+00:00,2026-09-03T08:24:56.939131+00:00,926,coinmastertrad1
1050398,11935,"COIN: #ARB/USDT (LONG) SETUP

📊 Leverage 25x to 50...ENT IS KEY
Use only 1–2% of your capital per trade",23127075fe98a79b4f3f1f583e159b6b,2026-09-03T07:29:29+00:00,2026-09-03T08:24:56.491766+00:00,926,coinmastertrad1
1050396,11937,"#ARB/USDT LONG     

👉Leverage : Cross 10× To 30×
...)  0.1378
2)  0.1440
3)  0.1540

⭕Stoploss : 0.126",fd769bf855b6743ed7e49e840114c241,2026-09-03T07:29:29+00:00,2026-09-03T08:24:56.342221+00:00,926,coinmastertrad1
1050393,11933,"📈 LONG #BR/USDT

🚀 LEVERAGE : 75x

📊 ENTRY PRICE  ...

TP🟢0.290

TP🟢0.302

STOPLOSS 🔴0.258


REACTIONS?",638f86a8658dc716d6eebe53f7efa1c8,2026-09-03T07:29:29+00:00,2026-09-03T08:24:56.153315+00:00,926,coinmastertrad1
1050392,11934,ARB long 0.1350 tp 0.1378,b98972ecdf1d2354b0ef8fc7ae01a8b2,2026-09-03T07:29:29+00:00,2026-09-03T08:24:56.119347+00:00,926,coinmastertrad1
1050391,11932,"#BR/USDT LONG     

👉Leverage : Cross 10× To 30×

...

1)  0.277
2)  0.290
3)  0.318

⭕Stoploss : 0.256",4cd919ebcf910363829b93e62eae4d7d,2026-09-03T07:29:29+00:00,2026-09-03T08:24:55.873817+00:00,926,coinmastertrad1
1050371,11930,"#HEMI/USDT LONG     

👉Leverage : Cross 10× To 30×....02170
2)  0.02240
3)  0.02430

⭕Stoploss : 0.0197",e11f29f0c28bf03adb93205cf5983283,2026-09-03T07:29:29+00:00,2026-09-03T08:24:55.281003+00:00,926,coinmastertrad1
1050369,11929,"#MARSCOIN/USDT LONG     

👉Leverage : Cross 10× To...

1)  0.092
2)  0.095
3)  0.098

⭕Stoploss : 0.086",c6521b5516bd1985432983615c37e18a,2026-09-03T07:29:29+00:00,2026-09-03T08:24:55.273017+00:00,926,coinmastertrad1
1050389,11924,"✅ Long

Pair: #BAT/USDT

📊 Entry Price: 

1) 0.067...) 0.072096

Stop Loss: 0.063228

Leverage: 10x-20x",498642248320f2af980816c2bb23de36,2026-09-03T07:29:28+00:00,2026-09-03T08:24:55.342402+00:00,926,coinmastertrad1
1050387,11907,"⚡️⚡️ #DASH/USDT ⚡️⚡️
Exchanges: Bingx 
Signal Type...) 45.46340
6) 46.10675
7) 🚀🚀🚀

Stop Targets:
5-10%",888a953cb6997081637753eef7b1bdde,2026-09-03T07:29:28+00:00,2026-09-03T08:24:55.325499+00:00,926,coinmastertrad1
1050386,11926,"$4/USDT #LONG📩

✅ENTRY :-0.015140/0.01470

Target ...𝐎𝐧𝐥𝐲 𝟏-𝟑% 𝐎𝐟 𝐎𝐮𝐫 𝐃𝐞𝐩𝐨𝐬𝐢𝐭 𝐅𝐨𝐫 𝐄𝐚𝐜𝐡 𝐓𝐫𝐚𝐝𝐞

React,??m",6a246f777c21701534726d892abbf84e,2026-09-03T07:29:28+00:00,2026-09-03T08:24:55.323484+00:00,926,coinmastertrad1
1050384,11903,"⚡️⚡️ #ANKR/USDT ⚡️⚡️
Exchanges: Bingx 
Signal Type...
5) 0.00497
6) 0.00504
7) 🚀🚀🚀

Stop Targets:
5-10%",d3e8e2a6e94872162bfb24e905de5fda,2026-09-03T07:29:28+00:00,2026-09-03T08:24:55.319894+00:00,926,coinmastertrad1
1050378,11922,"✅ Long

#KNC/USDT

Entry zone : 0.10805 - 0.11140
....12192
0.12525

Stop loss :0.103602

Leverage: 10x",8c69c56ba29c4f0e21887a20e4314ac8,2026-09-03T07:29:28+00:00,2026-09-03T08:24:55.298796+00:00,926,coinmastertrad1
1050376,11918,"APTUSDTUSDT  
Exchanges: BINGX 

🟢 Long
Leverage- ....65167000
6) 0.70380000
7) 🚀🚀🚀 

⛔️ SL:
0.57750000",83d4ead4858f9b51a3e61aae7c8c5e98,2026-09-03T07:29:28+00:00,2026-09-03T08:24:55.295674+00:00,926,coinmastertrad1
1050375,11925,"🔴 Short

Pair: #NEO/USDT

📊 Entry Price: 

1) 2.04....948
4) 1.905

Stop Loss: 2.175

Leverage: 10x-20x",86be8e6c74ff23f51d5945fcd2ae54b0,2026-09-03T07:29:28+00:00,2026-09-03T08:24:55.290041+00:00,926,coinmastertrad1
1050374,11905,"⚡️⚡️ #AIA/USDT ⚡️⚡️
Exchanges: Bingx 
Signal Type:...
5) 0.08159
6) 0.08274
7) 🚀🚀🚀

Stop Targets:
5-10%",abdda8ea664692d8f5bd78afaae68e8c,2026-09-03T07:29:28+00:00,2026-09-03T08:24:55.286668+00:00,926,coinmastertrad1
1050373,11921,"🚀 $NIGHT/USDT PERP 🚀

🟢 LONG

💰 Entry : 0.0203$ – ...5X – 25X

⛔️ SL : 0.0180$

📌 Use Only 2-5% Capital",c5e248853c173be368392156140bc5ea,2026-09-03T07:29:28+00:00,2026-09-03T08:24:55.285342+00:00,926,coinmastertrad1
1050370,11910,"APEXUSDTUSDT  
Exchanges: BINGX 

🟢 Long
Leverage-....27147000
6) 0.27531000
7) 🚀🚀🚀 

⛔️ SL:
0.24329500",31c02752e601577e9a76b342b91812b5,2026-09-03T07:29:28+00:00,2026-09-03T08:24:55.275217+00:00,926,coinmastertrad1
1050368,11902,"⚡️⚡️ #1000SHIB/USDT ⚡️⚡️
Exchanges: Bingx 
Signal ...
5) 0.00556
6) 0.00563
7) 🚀🚀🚀

Stop Targets:
5-10%",e4fe3a587716926e0c9e2c7c9d460451,2026-09-03T07:29:28+00:00,2026-09-03T08:24:55.274085+00:00,926,coinmastertrad1
1050366,11923,"💵 𝐒𝐈𝐆𝐍𝐀𝐋 𝐀𝐋𝐄𝐑𝐓 💵

#T/USDT (25xLONG)

✅ ENTRY:0.004...RGETS:-0.005060/0.0053/0.0057

❌ STOP LOSS: 0.0042",0948184d562fa6e276f6584819367f71,2026-09-03T07:29:28+00:00,2026-09-03T08:24:55.271628+00:00,926,coinmastertrad1
1050367,11909,"⚡️⚡️ #BLUR/USDT ⚡️⚡️
Exchanges: Bingx 
Signal Type...
5) 0.01698
6) 0.01722
7) 🚀🚀🚀

Stop Targets:
5-10%",4402bc94bccd841dd4ccb094d6cb77f7,2026-09-03T07:29:28+00:00,2026-09-03T08:24:55.270419+00:00,926,coinmastertrad1
1050364,11906,"⚡️⚡️ #ARK/USDT ⚡️⚡️
Exchanges: Bingx 
Signal Type:...
5) 0.11914
6) 0.12083
7) 🚀🚀🚀

Stop Targets:
5-10%",5b090a4d584aa9784c1eec393bef8019,2026-09-03T07:29:28+00:00,2026-09-03T08:24:55.254641+00:00,926,coinmastertrad1
1050362,11904,"⚡️⚡️ #ALPINE/USDT ⚡️⚡️
Exchanges: Bingx 
Signal Ty...
5) 0.37185
6) 0.37711
7) 🚀🚀🚀

Stop Targets:
5-10%",7756144f3ff7a70879facef2311ba1f0,2026-09-03T07:29:28+00:00,2026-09-03T08:24:55.176583+00:00,926,coinmastertrad1
1050361,11916,"HEMIUSDTUSDT  
Exchanges: BINGX 

🟢 Long
Leverage-....01528000
6) 0.01650000
7) 🚀🚀🚀 

⛔️ SL:
0.01100000",036007dfbd2112215dd6e06cbcb207ee,2026-09-03T07:29:28+00:00,2026-09-03T08:24:55.155591+00:00,926,coinmastertrad1
1050359,11901,"XLMUSDTUSDT  
Exchanges: BINGX 

🟢 Long
Leverage- ....19071000
6) 0.20597000
7) 🚀🚀🚀 

⛔️ SL:
0.16900000",1af923372f7db7c4f838dbc612322d7e,2026-09-03T07:29:28+00:00,2026-09-03T08:24:55.126819+00:00,926,coinmastertrad1
1050355,11908,"⚡️⚡️ #APEX/USDT ⚡️⚡️
Exchanges: Bingx 
Signal Type...
5) 0.27147
6) 0.27531
7) 🚀🚀🚀

Stop Targets:
5-10%",769cad8c111057a6d271c92821ab35b8,2026-09-03T07:29:28+00:00,2026-09-03T08:24:55.012190+00:00,926,coinmastertrad1
1050380,11898,"ETHUSDT  
Exchanges: BINGX 

🟢 Short
Leverage- Cro...4.61
5) 2222.90
6) 2175.10
7) 🚀🚀🚀 

⛔️ SL:
2533.63",db060c192eb62a90ee4239f5499e8824,2026-09-03T07:29:27+00:00,2026-09-03T08:24:55.314784+00:00,926,coinmastertrad1
1050360,11896,"📍Coin : #MUBARAK/USDT

🔴 SHORT 

👉 Entry: 0.02615 ...: 0.02489
🎯 Target 6: 0.02463

❌ StopLoss: 0.02749",7943ab639ca2340ee4b072637c4ae76c,2026-09-03T07:29:27+00:00,2026-09-03T08:24:55.136105+00:00,926,coinmastertrad1
1050358,11897,"⌛#LINK/USDT  ( SHORT )

🍁 Leverage 👉 20X to 25X 

...71 | 10.779 | 10.650 | 10.536

🔕 Stoploss = 11.647",4a1831cbe2a5750232048b2fbd002463,2026-09-03T07:29:27+00:00,2026-09-03T08:24:55.117150+00:00,926,coinmastertrad1
1050356,11900,"AVAXUSDTUSDT  
Exchanges: BINGX 

🟢 Short
Leverage... 6.93
4) 6.75
5) 6.21
6) 5.71
7) 🚀🚀🚀 

⛔️ SL:
7.52",5fc596e8544cc5825fad2a59acc99a93,2026-09-03T07:29:27+00:00,2026-09-03T08:24:55.015734+00:00,926,coinmastertrad1
1050354,11895,"COIN: #HEMI/USDT (LONG) SETUP

📊 Leverage 25x to 5...ENT IS KEY
Use only 1–2% of your capital per trade",41e0b95dba0492eed182dbbed11bb65e,2026-09-03T07:29:27+00:00,2026-09-03T08:24:41.934930+00:00,926,coinmastertrad1
1050353,11894,"Coin #HEMI/USDT

Position: LONG 

Leverage:  Cross...rgets: 🎯 0.0215, 0.0222, 0.0230

Stop Loss: 0.0200",9e7924482f0af27d218b6d266dc14add,2026-09-03T07:29:27+00:00,2026-09-03T08:24:41.907047+00:00,926,coinmastertrad1
1050352,11889,"🪙 Coin: #BR/USDT
🧭 Type: #LONG

📈 Entry Zone:
0.27... within the zone and maintain strict risk control.",ae77d3cb9e1133b328f6f19e6901c49f,2026-09-03T07:29:27+00:00,2026-09-03T08:24:41.870001+00:00,926,coinmastertrad1
1050349,11890,"#LONG 🟢🔤🔤🔤🔤🔤

#STX/USDT

Margin Mode : Isolated 💎
...0

🟥 SL : 0.2660 - 100%   

📊 LEV : 20X

🇯🇵Premium",696b5a6641a83d699649960c4658e3e2,2026-09-03T07:29:27+00:00,2026-09-03T08:24:41.832634+00:00,926,coinmastertrad1
1050348,11891,"📊 #USELESS/USDT

🟢 POSITION: LONG

💰 ENTRY RANGE
➤...
➤ 0.095

━━━━━━━━━━━━━━━━━━

✅ Manage risk wisely",81f1a2e7df51acdfa5b3a1715d21c9b1,2026-09-03T07:29:27+00:00,2026-09-03T08:24:41.800853+00:00,926,coinmastertrad1
1050346,11885,"🔴 SHORT

#ADA/USDT

Entry : 

1) 0.20340
2) 0.2095...18932

🛑 Stop : 0.21621

Leverage : 10x (isolated)",d81f055eb2e195d6021d744e5013d97c,2026-09-03T07:29:27+00:00,2026-09-03T08:24:41.673341+00:00,926,coinmastertrad1
1050345,11888,"LYNUSDT - LONG ( Swing trade ) 📈

Entry : 0.035 - ... 

*0.0405
0.042
0.044
0.048*

Stoploss at : 0.032",aae9af047e61df9367d599a30af56ff6,2026-09-03T07:29:27+00:00,2026-09-03T08:24:41.662168+00:00,926,coinmastertrad1
1050344,11884,"🔰EGLD/USDT 🔰   

🔴 SHORT 10X 20X

♻ ENTRY 
1️⃣ 4.9...GET  
1️⃣ 4.85
2️⃣ 4.73
3️⃣ 4.54

⛔ STOPLOSS  5.35",64cbfe9023948ab8057c44055904a935,2026-09-03T07:29:27+00:00,2026-09-03T08:24:41.652209+00:00,926,coinmastertrad1
1050343,11882,LIT LONG 3.9225 TP1 4.008,87a744156f50f1338c10291e780e7187,2026-09-03T07:29:27+00:00,2026-09-03T08:24:41.520799+00:00,926,coinmastertrad1
1050342,11883,"🚀 #LIT/USDT LONG SIGNAL 🚀
📍 Entry: 3.9225


🎯 Take... your risk, and let's catch this move together! 🪙🔥",3bbe92ab64fd0d4934200a0718bfb476,2026-09-03T07:29:27+00:00,2026-09-03T08:24:41.509538+00:00,926,coinmastertrad1
1050341,11881,"#EGLD/USDT BUY (LONG) 

⚡️Leverage : Cross 25x to ... 5.04

⚠️Use only 3% - 5% amount of your portfolio",1053ede21d241450372a0988824dc1d8,2026-09-03T07:29:27+00:00,2026-09-03T08:24:41.453095+00:00,926,coinmastertrad1
1050340,11878,"#NIGHT  /USDT — BUY (LONG) 
🎉
🟢 Leverage: Cross  5...Risk Management:
Use only 2%– 3%of your portfolio.",19b3cdd64c09c98c987a9627adb6990f,2026-09-03T07:29:27+00:00,2026-09-03T08:24:41.203963+00:00,926,coinmastertrad1
1050339,11879,"📊 Let’s LONG #HEMI/USDT

💥 Leverage:  Cross 20×

✔...1) 0.0212
2) 0.0221
3) 0.0240

🔖 Stop Loss: 0.0198",dd4208e04464c69437da7463bd2443f1,2026-09-03T07:29:27+00:00,2026-09-03T08:24:41.174734+00:00,926,coinmastertrad1
1052199,12007,"Pair: #FIL/USDT

Short • (10X-50X)

Entry
0.7830 -... your own risk. Always use proper risk management.",c872c6e99593038a52faa5a288f3730b,2026-09-03T10:05:04+00:00,2026-09-03T10:05:54.050629+00:00,926,coinmastertrad1
1052200,12006,"🚨 #CLO/USDT | SHORT

⚡Leverage: Cross 25x

🎯Entry ... follow the signal and secure profits at targets.💎",3883cbc595c217add44965b15df6fa98,2026-09-03T10:05:03+00:00,2026-09-03T10:05:54.060627+00:00,926,coinmastertrad1
1052198,12004,"🚀 #GPS/USDT LONG SIGNAL 🚀
📍 Entry: 0.01117


🎯 Tak... your risk, and let's catch this move together! 🪙🔥",e0670f6dfc2c1f564ff309bb6eb9a1c5,2026-09-03T10:05:03+00:00,2026-09-03T10:05:54.037104+00:00,926,coinmastertrad1
1052197,12005,"🔰 PAIR: SUI/ USDT 💹

🟢Position: LONG🚀

☑️ Entry Zo...:
🥇 0.7693
🥈 0.7775
🥉 0.7876

❌ Stop Loss: 🔴0.7431",4893ac08787771879667bd8cc416ab7d,2026-09-03T10:05:03+00:00,2026-09-03T10:05:54.033908+00:00,926,coinmastertrad1
1052196,12002,"🚀 LONG: $USELESS/USDT
LEVERAGE: 50x

✔️ENTRY PRICE...1553-0.1620-0.1730

STOP LOSS:  0.1430

REACTIONS?",dd22a548f06ba7f17f79cc5b0ebaa422,2026-09-03T10:05:03+00:00,2026-09-03T10:05:53.957425+00:00,926,coinmastertrad1
1052195,12003,GPS LONG 0.01117 TP1 0.01140,9572199f40171983629c4264ec301007,2026-09-03T10:05:03+00:00,2026-09-03T10:05:53.927759+00:00,926,coinmastertrad1
1052194,12000,"#MARSCOIN/USDT SHORT     

👉Leverage : Cross 10× T...

1)  0.094
2)  0.090
3)  0.087

⭕Stoploss : 0.102",396ec657792328791903bf8ef69ab270,2026-09-03T10:05:03+00:00,2026-09-03T10:05:53.921319+00:00,926,coinmastertrad1
1052192,12001,"✨FIL/USDT

🎗 Trade Type = SHORT 🔴

⭐️ Leverage :- ...[ 0.7737, 0.7662, 0.7574, 0.7514, 0.7410, 0.7345 ]",6d89874b14c4cb08e9b56998785189a6,2026-09-03T10:05:03+00:00,2026-09-03T10:05:53.880331+00:00,926,coinmastertrad1
1052191,11998,"🟢#MARSCOIN/USDT

📈Signal: long Leverage: Cross 20X...even after TP1 is hit.

📣Trade Smart • Follow Risk",32bc25816941c991cf4ff9d8919ec952,2026-09-03T10:05:03+00:00,2026-09-03T10:05:53.879372+00:00,926,coinmastertrad1
1052190,11997,"➡️ #BR    /USDT (SHORT) 🔽🔽

⌛LEVERAGE : 20X TO 75X...22

💥Use only 1%margin of your total portfolio❤️😘😇",4a8b5b9d52b863245fdb15548ccd474b,2026-09-03T10:05:03+00:00,2026-09-03T10:05:53.861280+00:00,926,coinmastertrad1
1052188,11996,"📇 Setup: USELESS/USDT 

LONG Trade 🛫

✔️ Leverage ...1 •0.15170
💰 Target 2 • 0.15800
💰 Target3 •0.17000",d384ab61b294abe79639c0ac189a09c4,2026-09-03T10:05:03+00:00,2026-09-03T10:05:53.846148+00:00,926,coinmastertrad1
1052187,11993,"📊 Let’s LONG #USELESS/USDT

💥 Leverage:  Cross 20×...1) 0.1506
2) 0.1560
3) 0.1670

🔖 Stop Loss: 0.1390",1a3f2aa4d748bc5a656c930e62d74e7d,2026-09-03T10:05:03+00:00,2026-09-03T10:05:53.734291+00:00,926,coinmastertrad1
1052186,11994,"USELESSUSDTUSDT  
Exchanges: BINGX 

🟢 Long
Levera...4) 1.00
5) 2.00
6) 3.00
7) 🚀🚀🚀 

⛔️ SL:
0.13900000",c38ab3185e4737288a476e86e1db0964,2026-09-03T10:05:03+00:00,2026-09-03T10:05:53.687781+00:00,926,coinmastertrad1
1052185,11992,"#USELESS /USDT BUY (LONG) 

⚡️Leverage : Cross 25x....1390

⚠️Use only 3% - 5% amount of your portfolio",be6bcef39abe01c83083923904dfa9a5,2026-09-03T10:05:03+00:00,2026-09-03T10:05:53.608352+00:00,926,coinmastertrad1
1052184,11989,"⭐️$AKE/USDT  LONG 

🛡Leverage : Cross 25x50

‼️Ent...008386

Use only 3% - 5% amount of your portfolio🛍",4419636506c09fceb23bef5508cbb202,2026-09-03T10:05:03+00:00,2026-09-03T10:05:53.311538+00:00,926,coinmastertrad1
1052183,11990,"AKEUSDTUSDT  
Exchanges: BINGX 

🟢 Long
Leverage- ....01822000
6) 0.01968000
7) 🚀🚀🚀 

⛔️ SL:
0.00838600",5db91a974e201f4c66cb96e28855096a,2026-09-03T10:05:03+00:00,2026-09-03T10:05:53.273606+00:00,926,coinmastertrad1
1052181,11987,"🌈PAIR:- MARSCOIN/USDT
⚡️ Direction : LONG
🛠 Levera...nt Usage:- 1 - 2%
(According To your Risk Setting)",20abb337304c7d258f42ca8473e40cf5,2026-09-03T10:05:03+00:00,2026-09-03T10:05:53.048939+00:00,926,coinmastertrad1
1052179,11986,"PAIR: EDGE/USDT
DIRECTION: LONG

Entry Price
1) 0....sk Reminder: Use only 2% of your capital per trade",f0e0111ce055899cb351ef9d32d20500,2026-09-03T10:05:03+00:00,2026-09-03T10:05:52.528191+00:00,926,coinmastertrad1
1052178,11985,"PAIR: AKE/USDT
DIRECTION: LONG

Entry Price
1) 0.0...sk Reminder: Use only 2% of your capital per trade",f808a00129f2137e498d1c04911fc0e6,2026-09-03T10:05:03+00:00,2026-09-03T10:05:52.448794+00:00,926,coinmastertrad1
1052166,11984,"🟢LINK/USDT Long Trade Setup

Leverage 75X

Entry P...1.400

Stop Loss   11.010

Follow Money Management",ae729bc72897d653c1c93e85f1ab2726,2026-09-03T10:05:03+00:00,2026-09-03T10:05:52.028187+00:00,926,coinmastertrad1
1052177,11982,"PAIR: 4/USDT
DIRECTION: LONG

Entry Price
1) 0.016...sk Reminder: Use only 2% of your capital per trade",de393ce5fa3d189fdafeae473f59c4e7,2026-09-03T10:05:02+00:00,2026-09-03T10:05:52.341051+00:00,926,coinmastertrad1
1052175,11966,"🚨 #AKE/USDT | LONG

⚡Leverage: Cross 25x

🎯Entry T... follow the signal and secure profits at targets.💎",10e86787f75851256796fb3a3f05e2e1,2026-09-03T10:05:02+00:00,2026-09-03T10:05:52.203050+00:00,926,coinmastertrad1
1052171,11977,"PAIR: H/USDT
DIRECTION: LONG

Entry Price
1) 0.086...sk Reminder: Use only 2% of your capital per trade",8c3cfd4107287346201513dad2fb74c6,2026-09-03T10:05:02+00:00,2026-09-03T10:05:52.104327+00:00,926,coinmastertrad1
1052169,11969,"PAIR: MARSCOIN/USDT
DIRECTION: LONG

Entry Price
1...sk Reminder: Use only 2% of your capital per trade",b5a2fb6db5adeb152930e9c01c07d50e,2026-09-03T10:05:02+00:00,2026-09-03T10:05:52.087523+00:00,926,coinmastertrad1
1052170,11978,"⭐️$MARSCOIN/USDT  LONG 

🛡Leverage : Cross 25x50

....07179

Use only 3% - 5% amount of your portfolio🛍",2b3cb537cf537598237b496fdd28a810,2026-09-03T10:05:02+00:00,2026-09-03T10:05:52.086504+00:00,926,coinmastertrad1
1052167,11970,"PAIR: MUBARAK/USDT
DIRECTION: LONG

Entry Price
1)...sk Reminder: Use only 2% of your capital per trade",4409b1a134012a5add66dffb02c9abb5,2026-09-03T10:05:02+00:00,2026-09-03T10:05:52.030924+00:00,926,coinmastertrad1
1052165,11980,"#BR   /USDT — BUY (LONG) 
🎉
🟢 Leverage: Cross  75x...Risk Management:
Use only 2%– 3%of your portfolio.",5b08459d15b4f83dcefb79f74d6ff939,2026-09-03T10:05:02+00:00,2026-09-03T10:05:52.000852+00:00,926,coinmastertrad1
1052164,11968,"📇 Setup: BR/USDT 

LONG Trade 🛫

✔️ Leverage : 75X...1 •0.28600
💰 Target 2 • 0.29700
💰 Target3 •0.32000",4225f3ad92aaf33cc40982cf763e0a05,2026-09-03T10:05:02+00:00,2026-09-03T10:05:51.995665+00:00,926,coinmastertrad1
1052162,11981,"🔴 SHORT

#COMP/USDT

Entry zone : 21.18 - 20.57

T....22
18.60
17.98

Stop loss :22.0099

Leverage: 10x",86c3e4fbee7db1c022a0678ac9b907e4,2026-09-03T10:05:02+00:00,2026-09-03T10:05:51.963930+00:00,926,coinmastertrad1
1052161,11971,"MARSCOINUSDTUSDT  
Exchanges: BINGX 

🟢 Long
Lever...0
5) 0.14898000
6) 0.16090000
7) 🚀🚀🚀 

⛔️ SL:
1.00",7e3be94a63ed027ea2f6b7b882200446,2026-09-03T10:05:02+00:00,2026-09-03T10:05:51.956523+00:00,926,coinmastertrad1
1052158,11973,"💰#BR / USDT👑

💎Setup Type: Strong LONG🔖Opportunity...TP ➝ 0.34000

4️⃣TP ➝ 0.43000

🚫Stop Loss: 0.23000",2e69cf5c4c17d9e22e3c0f8e943281eb,2026-09-03T10:05:02+00:00,2026-09-03T10:05:51.887804+00:00,926,coinmastertrad1
1052156,11976,"BTCUSDTUSDT  
Exchanges: BINGX 

🟢 Long
Leverage- ...
5) 94211.18
6) 101748.07
7) 🚀🚀🚀 

⛔️ SL:
71655.32",e4d4319c7452ba4ddde84735d95ae89d,2026-09-03T10:05:02+00:00,2026-09-03T10:05:51.886153+00:00,926,coinmastertrad1
1059123,12106,"↗️ FUTURES CALL (BINANCE) 

#JTO/USDT 🥂

LONG BELO...ROFIT -   0.4850 - 0.5150++🔥

Stop loss - 0.4100 🛑",c832b7fa1ba2a20a7c02cea1193e472a,2026-09-03T18:31:31+00:00,2026-09-03T20:04:27.545763+00:00,926,coinmastertrad1
1059119,12098,"✨INJ/USDT

🎗 Trade Type = LONG 🟢

⭐️ Leverage :- 2...fit = [ 5.111, 5.166, 5.224, 5.274, 5.321, 5.390 ]",2c08d45444b880234fb389a69ca90fab,2026-09-03T18:31:31+00:00,2026-09-03T20:04:27.512486+00:00,926,coinmastertrad1
1059112,12099,"🟢 Ltc/Usdt long with 0.5% wallet on market price w...n zero ling term trade ha

Dca 50.82
2nd Dca 49.46",aeb522b1762dbf8eade70d50cefeeac1,2026-09-03T18:31:31+00:00,2026-09-03T20:04:27.476266+00:00,926,coinmastertrad1
1059111,12100,"BTC/USD SELL 

Entry : $ 81217

Target1: $  80066
Target2: $ 78365
Target3: $ 75905

SL : $ 82818",3c05e5049f709139a134fd4daece41cd,2026-09-03T18:31:31+00:00,2026-09-03T20:04:27.469792+00:00,926,coinmastertrad1
1059109,12102,"LYNUSDT - LONG ( Swing trade ) 📈

Entry : 0.035 - ... 

*0.0405
0.042
0.044
0.048*

Stoploss at : 0.032",aae9af047e61df9367d599a30af56ff6,2026-09-03T18:31:31+00:00,2026-09-03T20:04:27.467279+00:00,926,coinmastertrad1
1059094,12101,"ZECUSDTUSDT  
Exchanges: BINGX 

🟢 Long
Leverage- ...47.11
5) 1346.88
6) 1454.63
7) 🚀🚀🚀 

⛔️ SL:
927.00",1c749d943c15a334af1e5dac8dcb4969,2026-09-03T18:31:31+00:00,2026-09-03T20:04:27.420978+00:00,926,coinmastertrad1
1059071,12097,"Pair: #INJ/USDT

Long • (10X-50X)

Entry
5.060 - 5... your own risk. Always use proper risk management.",d2faf20c7d78a1749c6a37c9ebb93c87,2026-09-03T18:31:31+00:00,2026-09-03T20:04:27.317199+00:00,926,coinmastertrad1
1059127,12088,"✅Entry 0.05560 - 0.05460

(🆘LONG CHIPUSDT 5-20x🆘)
... $0.05830
🏹Target 6  $0.05900

🚫Stop loss -0.05325",9c405258c7b5d984e7eb00f2d6bbcfa4,2026-09-03T18:03:18+00:00,2026-09-03T20:04:27.669022+00:00,926,coinmastertrad1
1059126,12078,"🚀 SIGNAL ALERT 🚀

💎 Pair: FIL/USDT
⏱️ Timeframe: 1...━━━
 ❌ SL: 0.7581

 ━━━━━━━━━
🟨Risk Management: 3%",1b19c8f8730a4729311eb50537cf940a,2026-09-03T18:03:18+00:00,2026-09-03T20:04:27.608704+00:00,926,coinmastertrad1
1059124,12079,"Trade: #AVNT/USDT

Direction: 📈 LONG 

🟢 Entry Ran...03
• Target 6: 0.1114

💠 Leverage : 5x - 10x - 20x",fb0395c5069ad0d8f34c70903f5c1687,2026-09-03T18:03:18+00:00,2026-09-03T20:04:27.562877+00:00,926,coinmastertrad1
1059116,12084,"🚀 SHORT: $UAI/USDT
LEVERAGE: 50x

✔️ENTRY PRICE: 0...585-0.3400-0.3100

STOP LOSS:  0.3870


REACTIONS?",545f23f52d1a25b63021819045ff4343,2026-09-03T18:03:18+00:00,2026-09-03T20:04:27.490488+00:00,926,coinmastertrad1
1059114,12092,"BTC/ USDT/ SHORT
Entry at market price 

Cross || ...only 1% of your wallet. 
Manage your risk properly",0182efeed1e49cf096ba7ae4c20a4547,2026-09-03T18:03:18+00:00,2026-09-03T20:04:27.481889+00:00,926,coinmastertrad1
1059113,12089,"🟢 LONG  - $ICNTUSDT

- Entry market: 0.1113
- Entr... the funds if trading without caution & knowledge.",b78807a364124a7bc6e1c5505a09c396,2026-09-03T18:03:18+00:00,2026-09-03T20:04:27.477196+00:00,926,coinmastertrad1
1059106,12091,"🟢#EDGE/USDT

📈Signal: long Leverage: Cross 20X

⚡️...even after TP1 is hit.

📣Trade Smart • Follow Risk",61597a6fe3c7bdd8474fdae66bda38e9,2026-09-03T18:03:18+00:00,2026-09-03T20:04:27.457587+00:00,926,coinmastertrad1
1059097,12095,"BTCUSDT  
Exchanges: BINGX 

🟢 Short
Leverage- Cro...0
5) 62633.60
6) 57622.91
7) 🚀🚀🚀 

⛔️ SL:
82900.00",1c29948f8c759d4ac8146e74a7701899,2026-09-03T18:03:18+00:00,2026-09-03T20:04:27.436752+00:00,926,coinmastertrad1
1059096,12083,"📍Coin : #MTL/USDT

🟢 LONG 

👉 Entry: 0.2336 - 0.22...t 5: 0.2456
🎯 Target 6: 0.2480

❌ StopLoss: 0.2200",d4ff059bda10218b7727e7593dd7a909,2026-09-03T18:03:18+00:00,2026-09-03T20:04:27.433720+00:00,926,coinmastertrad1
1059079,12080,"FILUSDTUSDT  
Exchanges: BINGX 

🟢 Long
Leverage- ....85546000
6) 0.92390000
7) 🚀🚀🚀 

⛔️ SL:
0.75810000",15537f1afdb94e5aaa5da71529a6ff3d,2026-09-03T18:03:18+00:00,2026-09-03T20:04:27.328531+00:00,926,coinmastertrad1
1059069,12096,"AKEUSDTUSDT  
Exchanges: BINGX 

🟢 Long
Leverage- ...4) 1.00
5) 2.00
6) 3.00
7) 🚀🚀🚀 

⛔️ SL:
0.01190000",8951eeb8550c9d1b7b3df7a612597510,2026-09-03T18:03:18+00:00,2026-09-03T20:04:27.201288+00:00,926,coinmastertrad1
1059125,12074,"🚀 SIGNAL ALERT 🚀

💎 Pair: DOT/USDT
⏱️ Timeframe: 1...━━
 ❌ SL: 0.84626

 ━━━━━━━━━
🟨Risk Management: 3%",1d90c8475a6ca99bd5b5afb45fdb1794,2026-09-03T18:03:17+00:00,2026-09-03T20:04:27.567719+00:00,926,coinmastertrad1
1059122,12077,"🚀 SIGNAL ALERT 🚀

💎 Pair: INJ/USDT
⏱️ Timeframe: 1...━━━━
 ❌ SL: 4.778

 ━━━━━━━━━
🟨Risk Management: 3%",4e5f2d12b693e4b8b10b8a42472e1445,2026-09-03T18:03:17+00:00,2026-09-03T20:04:27.526058+00:00,926,coinmastertrad1
1059121,12072,"↗️ LONG #BTC 200x

📌 Entry: 80,100

🎯 TP: 80,700

...t Usage: 1-3%
⚠️ According to your risk management",9a326a74789ea0b1d64e6e263f77fc38,2026-09-03T18:03:17+00:00,2026-09-03T20:04:27.523047+00:00,926,coinmastertrad1
1059120,12068,"$ONDOUSDT

LONG

RR : 2

LEVERAGE : 40x

ENTRY : 0...577

TAKE PROFITS 👇

1️⃣ 0.3666

STOPLOSS : 0.3533",6c5bba5b0615a22f5d91851060469fd9,2026-09-03T18:03:17+00:00,2026-09-03T20:04:27.517477+00:00,926,coinmastertrad1
1059104,12076,"🚀 SIGNAL ALERT 🚀

💎 Pair: OP/USDT
⏱️ Timeframe: 15...━━
 ❌ SL: 0.09614

 ━━━━━━━━━
🟨Risk Management: 3%",551df0553fc399ab68513539d67d1ada,2026-09-03T18:03:17+00:00,2026-09-03T20:04:27.455389+00:00,926,coinmastertrad1
1059098,12069,"🌈PAIR:- SOL/USDT
⚡️ Direction : LONG
🛠 Leverage: C...nt Usage:- 1 - 2%
(According To your Risk Setting)",75ab319e077eb03d655759c9f1b1e849,2026-09-03T18:03:17+00:00,2026-09-03T20:04:27.441437+00:00,926,coinmastertrad1
1059077,12075,"🚀 SIGNAL ALERT 🚀

💎 Pair: LTC/USDT
⏱️ Timeframe: 1...━━━
 ❌ SL: 48.763

 ━━━━━━━━━
🟨Risk Management: 3%",17ceb1260d93349f26ead79ee294c025,2026-09-03T18:03:17+00:00,2026-09-03T20:04:27.333183+00:00,926,coinmastertrad1
1059056,12073,"🛎️ Trade: #AVNT/USDT

Direction: 📈 LONG 

🟢 Entry ...03
• Target 6: 0.1114

💠 Leverage : 5x - 10x - 20x",6fa43e4e1ee2ec94a13c72fae95f65e1,2026-09-03T18:03:17+00:00,2026-09-03T20:04:26.955426+00:00,926,coinmastertrad1
1059110,12064,"🚀 #XPL/USDT LONG SIGNAL 🚀
📍 Entry: 0.09310


🎯 Tak...ur risk, and let's catch this move together! 🪙❤️‍🔥",e50484a999bcf7377624064b90ec4685,2026-09-03T14:26:17+00:00,2026-09-03T20:04:27.468255+00:00,926,coinmastertrad1
1059083,12061,"#PYTH $PYTH LONG TRADE

ENTRY: 0.0568

TARGET: 0.0708

STOPLOSS: 0.05462",04eae16a3e5b5538f840a405d9054780,2026-09-03T14:26:17+00:00,2026-09-03T20:04:27.369292+00:00,926,coinmastertrad1
1059073,12060,"💰#AKE / USDT👑

💎Setup Type: Strong LONG  🔖Opportun...➝ 0.020000

4️⃣TP ➝ 0.028000

🚫Stop Loss: 0.010000",146706497b9d86ec5bc79ba1dc41c517,2026-09-03T14:26:17+00:00,2026-09-03T20:04:27.322091+00:00,926,coinmastertrad1
1059074,12058,"#AKE USDT — BUY (LONG) 
🎉
🟢 Leverage: Cross  20x50...Risk Management:
Use only 2%– 3%of your portfolio.",ae04a16796c8d4e714192e99dbb7bb89,2026-09-03T14:26:17+00:00,2026-09-03T20:04:27.319869+00:00,926,coinmastertrad1
1059088,12055,"#SHORT 🔴 🔤🔤🔤🔤🔤

#BTC/USDT 

Margin Mode : Isolated...,507

🟩 SL : 79,310- 100%

📊 LEV : 50X

🇯🇵 Premium",63288922b08d4f4c1835690380fc2632,2026-09-03T13:13:53+00:00,2026-09-03T20:04:27.392650+00:00,926,coinmastertrad1
1059101,12040,"🚀 #LIT/USDT LONG SIGNAL 🚀
📍 Entry: 3.9225


🎯 Take... your risk, and let's catch this move together! 🪙🔥",3bbe92ab64fd0d4934200a0718bfb476,2026-09-03T13:13:19+00:00,2026-09-03T20:04:27.450230+00:00,926,coinmastertrad1
1059100,12044,"💰#CLO / USDT👑

💎Setup Type: Strong SHORT 🔖Opportun...

🥉TP ➝ 0.1300

4️⃣TP ➝ 0.1000

🚫Stop Loss: 0.1720",a33cfd87dd95a2f0b15426368d43b553,2026-09-03T13:13:19+00:00,2026-09-03T20:04:27.446049+00:00,926,coinmastertrad1
1059092,12042,"📈 LONG #CHIP/USDT

🚀 LEVERAGE : 50x

📊 ENTRY PRICE...P🟢0.0550

TP🟢0.0580

STOPLOSS 🔴0.0490


REACTIONS?",a21ed3eb706e9c6c359c55c8f4b93c91,2026-09-03T13:13:19+00:00,2026-09-03T20:04:27.418943+00:00,926,coinmastertrad1
1059086,12049,"📇 Setup: CHIP/USDT 

LONG Trade 🛫

✔️ Leverage : 7...1 •0.05290
💰 Target 2 • 0.05400
💰 Target3 •0.05500",1b6a8ee22061b2fe1df56cbd89b23b20,2026-09-03T13:13:19+00:00,2026-09-03T20:04:27.391780+00:00,926,coinmastertrad1
1059085,12053,"🚩 LONG #TRADOOR/USDT

⚙️ 75X LEVERAGE

🛡 Entry: 0....TP2: 0.5840
TP3: 0.5999

🛑 SL: 0.5100

🔥REACTIONS?",86cfddfba9834e726b9e2ca116edd289,2026-09-03T13:13:19+00:00,2026-09-03T20:04:27.381424+00:00,926,coinmastertrad1
1059082,12034,"🚩 SHORT #B/USDT

⚙️ 75X LEVERAGE

🛡 Entry: 0.1293
...TP2: 0.1250
TP3: 0.1205

🛑 SL: 0.1420

🔥REACTIONS?",be89b337d99b0d37f1817f634f981bed,2026-09-03T13:13:19+00:00,2026-09-03T20:04:27.362933+00:00,926,coinmastertrad1
1059081,12041,"ETH‼️ 
LONG NOW  🚀
Leverage 150x
Target 🎯 100% - 2...%
Margin 1% wallet size 
DCA wait

Stop-loss: WAIT",f42f1d8bf9757a53d1cfe5d188ac7ed5,2026-09-03T13:13:19+00:00,2026-09-03T20:04:27.351960+00:00,926,coinmastertrad1
1059078,12046,"🔴 Short

Pair: #BNB/USDT

📊 Entry Price: 

1) 711....
4) 662.265

Stop Loss: 756.313

Leverage: 10x-20x",50f9d68bd042a0f724e2e09e49381eed,2026-09-03T13:13:19+00:00,2026-09-03T20:04:27.329488+00:00,926,coinmastertrad1
1059075,12038,"COIN: #TAG/USDT (LONG) SETUP

📊 Leverage 25x to 50...ENT IS KEY
Use only 1–2% of your capital per trade",9f6ba7093b55c4d5ac7d7e4c4c10bf91,2026-09-03T13:13:19+00:00,2026-09-03T20:04:27.320563+00:00,926,coinmastertrad1
1059070,12035,"MARSCOINUSDTUSDT  
Exchanges: BINGX 

🟢 Long
Lever...20.00
5) 21.60
6) 23.33
7) 🚀🚀🚀 

⛔️ SL:
0.11900000",6452a732ee4e05f1701657b8fd0853f9,2026-09-03T13:13:19+00:00,2026-09-03T20:04:27.313080+00:00,926,coinmastertrad1
1059068,12045,"BNBUSDTUSDT  
Exchanges: BINGX 

🟢 Short
Leverage-... 662.26
5) 609.28
6) 560.54
7) 🚀🚀🚀 

⛔️ SL:
769.48",a3291ab43b46ab840be4d39f5e28e5bf,2026-09-03T13:13:19+00:00,2026-09-03T20:04:27.263390+00:00,926,coinmastertrad1
1059065,12051,"🟢#ONG/USDT

📈Signal: long Leverage: Cross 20X

⚡️E...even after TP1 is hit.

📣Trade Smart • Follow Risk",39ce60c657d955dbfdd3c6b2532f7e5f,2026-09-03T13:13:19+00:00,2026-09-03T20:04:27.207866+00:00,926,coinmastertrad1
1059061,12054,"Coin #AKE/USDT

Position: LONG 

Leverage:  Cross ...rgets: 🎯 0.0136, 0.0147, 0.0161

Stop Loss: 0.0122",0f1c55b022929e79d3ed9cd141f4c988,2026-09-03T13:13:19+00:00,2026-09-03T20:04:27.135418+00:00,926,coinmastertrad1
1059060,12043,"#MUBARAK/USDT BUY (LONG) 

⚡️Leverage : Cross 25x ...02680

⚠️Use only 3% - 5% amount of your portfolio",bf24d011bf37ddd10b5820abe2dd54ba,2026-09-03T13:13:19+00:00,2026-09-03T20:04:27.131882+00:00,926,coinmastertrad1
1059058,12047,"⭐️$4/USDT  LONG 

🛡Leverage : Cross 25x50

‼️Entry...014395

Use only 3% - 5% amount of your portfolio🛍",188d1877a7f8f887a0b63b7c19c30146,2026-09-03T13:13:19+00:00,2026-09-03T20:04:27.034051+00:00,926,coinmastertrad1
1059117,12024,"📊#SPK/USDT — LONG

⚡️ Leverage : 25X – 30X

💹Entry...Entry After TP1

⚖️ Follow Proper Risk Management.",e2a36b85cbecbb04a3a4d470aa85a058,2026-09-03T13:13:18+00:00,2026-09-03T20:04:27.509750+00:00,926,coinmastertrad1
1059115,12033,B/USDT SHORT NOW,2d1eb54cbc097289496517321e6189ce,2026-09-03T13:13:18+00:00,2026-09-03T20:04:27.484021+00:00,926,coinmastertrad1
1059107,12032,"📊 Let’s SHORT #MARSCOIN/USDT

💥 Leverage:  Cross 2...
1) 0.1088
2) 0.1050
3) 0.1020

🔖 Stop Loss: 0.119",8a7d39deb1055b42e20e704ce0d5909b,2026-09-03T13:13:18+00:00,2026-09-03T20:04:27.461569+00:00,926,coinmastertrad1
1059105,12017,"MARSCOINUSDTUSDT  
Exchanges: BINGX 

🟢 Long
Lever....13764000
6) 0.14865000
7) 🚀🚀🚀 

⛔️ SL:
0.09850000",3c854eb46c86318d934ade4af03ae2fa,2026-09-03T13:13:18+00:00,2026-09-03T20:04:27.456398+00:00,926,coinmastertrad1
1059084,12023,"🔘 Coin : #EDGE/USDT 🔘

🔴 SHORT

🔺Entry🔻: 0.5096

⭐...91 - 0.4688

♦️ StopLoss : 0.5289

🔱 Leverage: 25x",06467accf05e38e9598b657ad26df9b1,2026-09-03T13:13:18+00:00,2026-09-03T20:04:27.370101+00:00,926,coinmastertrad1
1059066,12026,"💰#EDGE / USDT👑

💎Setup Type: Strong LONG🔖Opportuni...

🥉TP ➝ 0.6500

4️⃣TP ➝ 0.8000

🚫Stop Loss: 0.3900",02b6a806832260bfe3134813f454052b,2026-09-03T13:13:18+00:00,2026-09-03T20:04:27.222805+00:00,926,coinmastertrad1
1059055,12029,"#EDUUSDT — BUY (LONG) 
🎉
🟢 Leverage: Cross  20x

⚡...Risk Management:
Use only 2%– 3%of your portfolio.",58d8d563ee73bdba3a1300979c3a5465,2026-09-03T13:13:18+00:00,2026-09-03T20:04:26.939740+00:00,926,coinmastertrad1
1059049,12030,"🔴 SHORT

#KAVA/USDT

Entry : 

1) 0.050010
2) 0.05...6550

🛑 Stop : 0.053160

Leverage : 10x (isolated)",955e3e7b5668c188ebde39c8dc92c9ea,2026-09-03T13:13:18+00:00,2026-09-03T20:04:26.862232+00:00,926,coinmastertrad1
1059045,12013,"➡️ #FF     /USDT (LONG) 🔼🔼

⌛LEVERAGE : 20X TO 75X...5


💥Use only 1%margin of your total portfolio❤️😘😇",6f4c737ad03a116e5f6e8198cd754ed3,2026-09-03T13:13:18+00:00,2026-09-03T20:04:26.740642+00:00,926,coinmastertrad1
1059044,12012,"#BR/USDT LONG     

👉Leverage : Cross 10× To 30×

...

1)  0.297
2)  0.310
3)  0.330

⭕Stoploss : 0.273",6c47a56004827bf5fda744e19028b636,2026-09-03T13:13:18+00:00,2026-09-03T20:04:26.647264+00:00,926,coinmastertrad1
1059040,12014,"📊 Let’s LONG #AKE/USDT

💥 Leverage:  Cross 20×

✔️....01340
2) 0.01465
3) 0.01525

🔖 Stop Loss: 0.01190",f97ede8a90b06e31bf102d2b362816f3,2026-09-03T13:13:18+00:00,2026-09-03T20:04:26.572248+00:00,926,coinmastertrad1
1059039,12016,"#MARSCOIN/USDT LONG     

👉Leverage : Cross 10× To...
1)  0.105
2)  0.112
3)  0.118

⭕Stoploss : 0.0985",9de4c71eec4ab7ae07867890f2446b85,2026-09-03T13:13:18+00:00,2026-09-03T20:04:26.561213+00:00,926,coinmastertrad1
1059037,12018,"📊#ZAMA/USDT–LONG–30x 🚀

📍 𝐄𝐧𝐭𝐫𝐲 𝐙𝐨𝐧𝐞:

➥ 0.0568, 0...tal.

⚠️ Disclaimer:
Trade at your own risk. DYOR.",a92e151f045429efe2c9907eefd53e44,2026-09-03T13:13:18+00:00,2026-09-03T20:04:26.515658+00:00,926,coinmastertrad1
1059036,12020,"🚀 #MARSCOIN/USDT SHORT SIGNAL 🚀
📍 Entry: 0.1035


... your risk, and let's catch this move together! 🪙🔥",8939b195800e82fee4a22d86c4600767,2026-09-03T13:13:18+00:00,2026-09-03T20:04:26.514929+00:00,926,coinmastertrad1
1059038,12022,"🚀 #ZAMA/USDT LONG SIGNAL 🚀
📍 Entry: 0.05685


🎯 Ta... your risk, and let's catch this move together! 🪙🔥",67c1ae6a35662e5ce11e0e703fb198a8,2026-09-03T13:13:18+00:00,2026-09-03T20:04:26.514222+00:00,926,coinmastertrad1
1059033,12010,"#FIL/USDT SHORT     

👉Leverage : Cross 10× To 30×...
1)  0.768
2)  0.750
3)  0.730

⭕Stoploss : 0.8069",57e67c9c379446bfede239619608b11c,2026-09-03T13:13:18+00:00,2026-09-03T20:04:26.453150+00:00,926,coinmastertrad1
1059032,12009,"COIN: #BR/USDT (LONG) SETUP

📊 Leverage 25x to 50x...ENT IS KEY
Use only 1–2% of your capital per trade",757502d406154cf6604bcd547ef15dd0,2026-09-03T13:13:18+00:00,2026-09-03T20:04:26.452368+00:00,926,coinmastertrad1
1069534,12192,"LONG

AKE/USDT

MARKET PRICE 

Leverage: 25X

TP: ...5% of capital 

Always use proper risk management.",f79acc0a533c1d4d511500974af58211,2026-09-03T21:53:13+00:00,2026-09-03T23:39:20.507753+00:00,926,coinmastertrad1
1069520,12194,"LONG

BEAT/USDT

MARKET PRICE 

Leverage: 25X

TP:...5% of capital 

Always use proper risk management.",a630af2cb2295b161974fadee3d2159b,2026-09-03T21:53:13+00:00,2026-09-03T23:39:20.436959+00:00,926,coinmastertrad1
1069508,12195,"🚀 SIGNAL ALERT 🚀

💎 Pair: UNI/USDT
⏱️ Timeframe: 1...━━━━
 ❌ SL: 6.093

 ━━━━━━━━━
🟨Risk Management: 3%",c3292d3fee073b0020bc1b3cd9312e3a,2026-09-03T21:53:13+00:00,2026-09-03T23:39:20.385028+00:00,926,coinmastertrad1
1069477,12193,"LONG

MAGMA/USDT

MARKET PRICE 

Leverage: 25X

TP...5% of capital 

Always use proper risk management.",bf9d8febdbf1aa8a37b9fe8de330b1cf,2026-09-03T21:53:13+00:00,2026-09-03T23:39:20.121712+00:00,926,coinmastertrad1
1069516,12191,"C98USDTUSDT  
Exchanges: BINGX 

🟢 Long
Leverage- ....01782000
6) 0.01925000
7) 🚀🚀🚀 

⛔️ SL:
0.01440000",e7c6aedd13089bf534154abe6703f9c4,2026-09-03T20:40:40+00:00,2026-09-03T23:39:20.415038+00:00,926,coinmastertrad1
1069535,12190,"🔴 SHORT

#BAT/USDT

Entry zone : 0.074520 - 0.0723...5440
0.063259

Stop loss :0.0774145

Leverage: 10x",c8fdd575d6df1ce87ea7d1405b87564a,2026-09-03T20:21:06+00:00,2026-09-03T23:39:20.509163+00:00,926,coinmastertrad1
1069522,12189,"🟢 LONG $JTO/USDT | Cross 20X 

✅ Entry: 0.4420

🎯 TP: 0.47  - 0.49 - 0.52

🛑 SL: 0.41",5bdc07f3306236eff0eb8b159af4daee,2026-09-03T20:21:06+00:00,2026-09-03T23:39:20.450849+00:00,926,coinmastertrad1
1069504,12188,"SUIUSDTUSDT  
Exchanges: BINGX 

🟢 Short
Leverage-....68213000
6) 0.62756000
7) 🚀🚀🚀 

⛔️ SL:
0.82646000",650f14b3e8684540da9db9e78c82f142,2026-09-03T20:17:31+00:00,2026-09-03T23:39:20.357813+00:00,926,coinmastertrad1
1074719,12200,"BTCUSDTUSDT  
Exchanges: BINGX 

🟢 Long
Leverage- ...5) 109791.46
6) 118574.78
7) 🚀🚀🚀 

⛔️ SL:
79300.00",e0d3cf18dc12086e79777599c0c2c38a,2026-09-04T05:47:12+00:00,2026-09-04T05:49:54.310591+00:00,926,coinmastertrad1
1074710,12201,"DOGEUSDTUSDT  
Exchanges: BINGX 

🟢 Short
Leverage....08166000
6) 0.07991000
7) 🚀🚀🚀 

⛔️ SL:
0.09307900",2f8fb8106d897a339ec3c191d20eeefa,2026-09-04T05:47:12+00:00,2026-09-04T05:49:54.181781+00:00,926,coinmastertrad1
1074705,12199,"ETHUSDT  
Exchanges: BINGX 

🟢 Short
Leverage- Cro...2.29
5) 2336.90
6) 2286.65
7) 🚀🚀🚀 

⛔️ SL:
2663.57",7337c78877ebdb7b368de79000f0d189,2026-09-04T05:47:12+00:00,2026-09-04T05:49:54.162243+00:00,926,coinmastertrad1
1074698,12196,"SOL/ USDT/ SHORT
Entry at market price 

Cross || ...only 1% of your wallet. 
Manage your risk properly",2a789b060e48342efc38d58593e289f0,2026-09-04T05:47:12+00:00,2026-09-04T05:49:53.373395+00:00,926,coinmastertrad1
1078535,12395,"🔰 PAIR: ENA/ USDT 💹

🟢Position: LONG🚀

☑️ Entry Zo...:
🥇 0.1678
🥈 0.1700
🥉 0.1721

❌ Stop Loss: 🔴0.1617",b9168221add637511fc31260addd34ff,2026-09-04T07:43:58+00:00,2026-09-04T08:34:49.714363+00:00,926,coinmastertrad1
1078530,12394,"🟢 Long

#TRX/USDT

Entry : 

1) 0.32797
2) 0.31813...35040

🛑 Stop : 0.30730

Leverage : 10x (isolated)",bcb7cb1a86afc9073b82586b2740c82f,2026-09-04T07:43:58+00:00,2026-09-04T08:34:49.669814+00:00,926,coinmastertrad1
1078541,12390,"LONG

GPS/USDT

MARKET PRICE 

Leverage: 25X

TP: ...5% of capital 

Always use proper risk management.",a99d92f3530efb4be1f5e8034248e924,2026-09-04T07:42:07+00:00,2026-09-04T08:34:49.770653+00:00,926,coinmastertrad1
1078516,12391,"LONG

MAGMA/USDT

MARKET PRICE 

Leverage: 20X

TP...5% of capital 

Always use proper risk management.",dea025262be6db6d0b747dd014a46669,2026-09-04T07:42:07+00:00,2026-09-04T08:34:49.633860+00:00,926,coinmastertrad1
1078512,12392,"COIN: #CHIP/USDT (SHORT) SETUP

📊 Leverage 25x to ...ENT IS KEY
Use only 1–2% of your capital per trade",ad41852efc748a6db97220359762c7af,2026-09-04T07:42:07+00:00,2026-09-04T08:34:49.615571+00:00,926,coinmastertrad1
1078489,12393,"📉 SHORT #TRIA/USDT

🚀 LEVERAGE : 50x

📊 ENTRY PRIC....00490

TP🟢0.00460

STOPLOSS 🔴0.00555


REACTIONS?",0f042d55975210a91a54d683a19ce829,2026-09-04T07:42:07+00:00,2026-09-04T08:34:49.442487+00:00,926,coinmastertrad1
1078536,12389,"LONG

BTR/USDT

MARKET PRICE 

Leverage: 25X

TP: ...5% of capital 

Always use proper risk management.",d7b6b06bf152513a79f1c00a2cd7e05c,2026-09-04T07:17:55+00:00,2026-09-04T08:34:49.716244+00:00,926,coinmastertrad1
1078537,12375,"🔰CHIP/USDT 🔰   

🟢 LONG 10X 20X

♻ ENTRY 
1️⃣ 0.06...⃣ 0.0615
2️⃣ 0.0630
3️⃣ 0.0650

⛔ STOPLOSS  0.0565",fd4338611e190696abdf5e14fa61a5a6,2026-09-04T07:13:37+00:00,2026-09-04T08:34:49.719645+00:00,926,coinmastertrad1
1078538,12364,"🚀 SIGNAL ALERT 🚀

💎 Pair: SUI/USDT
⏱️ Timeframe: 1...━━━
 ❌ SL: 0.8042

 ━━━━━━━━━
🟨Risk Management: 3%",aca40939cff5f0d61c50c43fe174ee52,2026-09-04T07:13:37+00:00,2026-09-04T08:34:49.718205+00:00,926,coinmastertrad1
1078534,12376,"WIFUSDTUSDT  
Exchanges: BINGX 

🟢 Short
Leverage-....18121000
6) 0.16671000
7) 🚀🚀🚀 

⛔️ SL:
0.21956000",cb1287c0743f9a8568e68782afd96525,2026-09-04T07:13:37+00:00,2026-09-04T08:34:49.705317+00:00,926,coinmastertrad1
1078533,12384,"⭐️$EDGE/USDT  LONG 

🛡Leverage : Cross 25x50

‼️En...0.5113

Use only 3% - 5% amount of your portfolio🛍",394ecbadbe1b70b39dfe053b58ab105a,2026-09-04T07:13:37+00:00,2026-09-04T08:34:49.693465+00:00,926,coinmastertrad1
1078531,12367,"🚀 SIGNAL ALERT 🚀

💎 Pair: FET/USDT
⏱️ Timeframe: 1...━━
 ❌ SL: 0.16328

 ━━━━━━━━━
🟨Risk Management: 3%",3532574f0afda9f5188dede63ca97f59,2026-09-04T07:13:37+00:00,2026-09-04T08:34:49.678424+00:00,926,coinmastertrad1
1078529,12363,"🚀 SIGNAL ALERT 🚀

💎 Pair: NEAR/USDT
⏱️ Timeframe: ...━━━━
 ❌ SL: 2.018

 ━━━━━━━━━
🟨Risk Management: 3%",2f1617813fe5a989dad05db858e09672,2026-09-04T07:13:37+00:00,2026-09-04T08:34:49.668812+00:00,926,coinmastertrad1
1078525,12372,"$USELESS/USDT #LONG📩

✅ENTRY :-0.2190/0.21

Target...𝐎𝐧𝐥𝐲 𝟏-𝟑% 𝐎𝐟 𝐎𝐮𝐫 𝐃𝐞𝐩𝐨𝐬𝐢𝐭 𝐅𝐨𝐫 𝐄𝐚𝐜𝐡 𝐓𝐫𝐚𝐝𝐞

React,??m",4fec23467df285522b9d3ce86c7a0b68,2026-09-04T07:13:37+00:00,2026-09-04T08:34:49.647936+00:00,926,coinmastertrad1
1078523,12378,"#USELESS/USDT LONG     

👉Leverage : Cross 10× To ...

1)  0.227
2)  0.243
3)  0.265

⭕Stoploss : 0.205",820b698ef4808cf537e8cdb14435c9e1,2026-09-04T07:13:37+00:00,2026-09-04T08:34:49.644473+00:00,926,coinmastertrad1
1078522,12373,"🔴 SHORT

#DASH/USDT

Entry : 

1) 52.71
2) 54.29

...) 49.06

🛑 Stop : 56.03

Leverage : 10x (isolated)",6db01488837dbf31c6e8788f744db6db,2026-09-04T07:13:37+00:00,2026-09-04T08:34:49.643856+00:00,926,coinmastertrad1
1078518,12361,"🚀 SIGNAL ALERT 🚀

💎 Pair: SHIB/USDT
⏱️ Timeframe: ...━
 ❌ SL: 5.56e-06

 ━━━━━━━━━
🟨Risk Management: 3%",823de5840bc65df7e102240d98c26947,2026-09-04T07:13:37+00:00,2026-09-04T08:34:49.637723+00:00,926,coinmastertrad1
1078510,12365,"🚀 SIGNAL ALERT 🚀

💎 Pair: TIA/USDT
⏱️ Timeframe: 1...━━
 ❌ SL: 0.37485

 ━━━━━━━━━
🟨Risk Management: 3%",6f50819262ac57c34a18201960f64e27,2026-09-04T07:13:37+00:00,2026-09-04T08:34:49.609261+00:00,926,coinmastertrad1
1078511,12362,"🚀 SIGNAL ALERT 🚀

💎 Pair: LTC/USDT
⏱️ Timeframe: 1...━━━━
 ❌ SL: 53.34

 ━━━━━━━━━
🟨Risk Management: 3%",cf788e569ccd4d90772813b68b5ab8b8,2026-09-04T07:13:37+00:00,2026-09-04T08:34:49.608168+00:00,926,coinmastertrad1
1078507,12383,EDGEUSDT LONG NOW,c686cf8cd98a24e3715568bea97442cf,2026-09-04T07:13:37+00:00,2026-09-04T08:34:49.579434+00:00,926,coinmastertrad1
1078506,12385,"#SIGNUSDT — BUY (LONG) 
🎉
🟢 Leverage: Cross  50x

...Risk Management:
Use only 2%– 3%of your portfolio.",25dc08de364f625f95f9d22c0d2f83d1,2026-09-04T07:13:37+00:00,2026-09-04T08:34:49.569297+00:00,926,coinmastertrad1
1078503,12386,"GRIFFAINUSDTUSDT  
Exchanges: BINGX 

🟢 Long
Lever....01808000
6) 0.01953000
7) 🚀🚀🚀 

⛔️ SL:
0.01216000",56614c3e913e65688a9f3ed5794552af,2026-09-04T07:13:37+00:00,2026-09-04T08:34:49.564209+00:00,926,coinmastertrad1
1078502,12371,"$FILUSDT

SHORT

RR : 2

LEVERAGE : 20x

ENTRY : 0...842

TAKE PROFITS 👇

1️⃣ 0.7446

STOPLOSS : 0.8038",6609c77cd0109dff2f5752b2b96852e4,2026-09-04T07:13:37+00:00,2026-09-04T08:34:49.560761+00:00,926,coinmastertrad1
1078500,12380,"#TRIA/USDT LONG     

👉Leverage : Cross 10× To 30×....00535
2)  0.00560
3)  0.00590

⭕Stoploss : 0.0046",ec88fb9866966086837910568b30dc6f,2026-09-04T07:13:37+00:00,2026-09-04T08:34:49.555193+00:00,926,coinmastertrad1
1078497,12381,"🟢 USELESS/USDT 📈

📈 long Setup 

💰 Entry Zone: 0.2...et 1. 
✅ Move SL to breakeven after Target 1 hits.",c74c0cc1d0bf6b57fb642086cade56ae,2026-09-04T07:13:37+00:00,2026-09-04T08:34:49.535957+00:00,926,coinmastertrad1
1078495,12382,"#EDGE /USDT BUY (LONG) 

⚡️Leverage : Cross 25x to...06000

⚠️Use only 3% - 5% amount of your portfolio",a6022f2affc08b310058045e275913e3,2026-09-04T07:13:37+00:00,2026-09-04T08:34:49.526156+00:00,926,coinmastertrad1
1078494,12366,"🚀 SIGNAL ALERT 🚀

💎 Pair: PEPE/USDT
⏱️ Timeframe: ...━
 ❌ SL: 3.81e-06

 ━━━━━━━━━
🟨Risk Management: 3%",e4308f4a55ccddd50ce70e339dbc722a,2026-09-04T07:13:37+00:00,2026-09-04T08:34:49.479455+00:00,926,coinmastertrad1
1078488,12374,"#ETH - SHORT 100X

Entry  2509
DCA 2570

Targets 1...ng Target 1000%+

SL= Will Update

Using 1% wallet",5c7f950a229ad482e427137a7cc4282a,2026-09-04T07:13:37+00:00,2026-09-04T08:34:49.431215+00:00,926,coinmastertrad1
1078540,12353,"🐳 DASH/USDT #LONG🐳

✳️ ENTRY :- 51 - 47

💢 LEVERAG... 54
3 : 58

⛔️ STOP-LOSS :- 45

☝️ Margin Use 2–3%",18da91a2fff5bb743a9886c48b1e1ad0,2026-09-04T07:13:36+00:00,2026-09-04T08:34:49.753130+00:00,926,coinmastertrad1
1078539,12334,"⚡️⚡️ #BAS/USDT ⚡️⚡️
Exchanges: Bingx 
Signal Type:...
5) 0.02818
6) 0.02858
7) 🚀🚀🚀

Stop Targets:
5-10%",d26caef8927dd6133749b565ad58afb9,2026-09-04T07:13:36+00:00,2026-09-04T08:34:49.722650+00:00,926,coinmastertrad1
1078532,12344,"DOT-USD  
Exchanges: BYBIT

🔴 Short 
Leverage- Cro....61274000
6) 0.56372000
7) 🚀🚀🚀 

⛔️ SL:
0.83329250",a018dd73ff1337f2efa635a2cb545948,2026-09-04T07:13:36+00:00,2026-09-04T08:34:49.683019+00:00,926,coinmastertrad1
1078527,12357,"🔰 GRIFFAIN/USDT 🔰

🟢 LONG 20X

🔳 ENTRY :- 0.0128

...ARGET:- 0.0134 - 0.0143 - 0.0155

🔴 STOP :- 0.0112",ae661ab2da5487aa68c2341c24c51831,2026-09-04T07:13:36+00:00,2026-09-04T08:34:49.660249+00:00,926,coinmastertrad1
1078524,12348,"PEPEUSDTUSDT  
Exchanges: BINGX 

🟢 Short
Leverage... 6.00
4) 6.00
5) 6.00
6) 5.52
7) 🚀🚀🚀 

⛔️ SL:
3.81",f405f0457dfc5a13ed4138417e75ca05,2026-09-04T07:13:36+00:00,2026-09-04T08:34:49.642967+00:00,926,coinmastertrad1
1078520,12346,"DASHUSDTUSDT  
Exchanges: BINGX 

🟢 Short
Leverage...7
4) 49.06
5) 45.14
6) 41.52
7) 🚀🚀🚀 

⛔️ SL:
57.00",1464626e2de8bd832401339f9fb0fcdc,2026-09-04T07:13:36+00:00,2026-09-04T08:34:49.640926+00:00,926,coinmastertrad1
1078519,12360,"🚀 SIGNAL ALERT 🚀

💎 Pair: POL/USDT
⏱️ Timeframe: 1...━━━
 ❌ SL: 0.0982

 ━━━━━━━━━
🟨Risk Management: 3%",6c15525f09da102a523332e86a9cc3ab,2026-09-04T07:13:36+00:00,2026-09-04T08:34:49.639583+00:00,926,coinmastertrad1
1078517,12355,"🚀 SHORT: $CYS/USDT🚀
LEVERAGE: 20X-50X

🤍 ENTRY PRI...0.25- 0.23
—————

❌ STOP LOSS: 0.3180❌


REACTIONS",a1b757bd5b4ad7c6d12aabfd0012db88,2026-09-04T07:13:36+00:00,2026-09-04T08:34:49.636002+00:00,926,coinmastertrad1
1078515,12354,"💵 𝐒𝐈𝐆𝐍𝐀𝐋 𝐀𝐋𝐄𝐑𝐓 💵

#MAGMA/USDT (25xSHORT)

✅ ENTRY:...2850

TARGETS:-0.2660/0.25/0.23

❌ STOP LOSS: 0.31",272e59d77e9aed1fc88440ce6eb91d40,2026-09-04T07:13:36+00:00,2026-09-04T08:34:49.632864+00:00,926,coinmastertrad1
1078513,12335,"XMRUSDTUSDT  
Exchanges: BINGX 

🟢 Long
Leverage- ... 558.55
5) 573.78
6) 619.68
7) 🚀🚀🚀 

⛔️ SL:
474.61",c8e5d30bba121157f196f8f787bebdef,2026-09-04T07:13:36+00:00,2026-09-04T08:34:49.620268+00:00,926,coinmastertrad1
1078508,12351,"✅ Long

Pair: #TRB/USDT

📊 Entry Price: 

1) 17.48...17
4) 18.682

Stop Loss: 16.384

Leverage: 10x-20x",01986e096bb37b61351bc3003ff64c5a,2026-09-04T07:13:36+00:00,2026-09-04T08:34:49.597560+00:00,926,coinmastertrad1
1078501,12347,"HBARUSDTUSDT  
Exchanges: BINGX 

🟢 Long
Leverage-....08330000
6) 0.08430000
7) 🚀🚀🚀 

⛔️ SL:
0.07540000",5dcf7f67a741ea0a473e7cad870c5b87,2026-09-04T07:13:36+00:00,2026-09-04T08:34:49.556548+00:00,926,coinmastertrad1
1078493,12349,"TRIAUSDTUSDT  
Exchanges: BINGX 

🟢 Long
Leverage-....00517000
6) 0.00558000
7) 🚀🚀🚀 

⛔️ SL:
0.00427242",5aae9f59268d33eff5f01bdc72c02b54,2026-09-04T07:13:36+00:00,2026-09-04T08:34:49.478314+00:00,926,coinmastertrad1
1078492,12358,"🚀 SIGNAL ALERT 🚀

💎 Pair: AVAX/USDT
⏱️ Timeframe: ...━━━━
 ❌ SL: 7.817

 ━━━━━━━━━
🟨Risk Management: 3%",d10b8be2886cc4629e39e079ef88bc8c,2026-09-04T07:13:36+00:00,2026-09-04T08:34:49.471841+00:00,926,coinmastertrad1
1078486,12359,"🚀 SIGNAL ALERT 🚀

💎 Pair: DOT/USDT
⏱️ Timeframe: 1...━━
 ❌ SL: 0.90993

 ━━━━━━━━━
🟨Risk Management: 3%",7993a9857ff556eebb254355a1134f90,2026-09-04T07:13:36+00:00,2026-09-04T08:34:49.392832+00:00,926,coinmastertrad1
1078483,12337,"ADA-USD  
Exchanges: BYBIT

🔴 Short 
Leverage- Cro....15493000
6) 0.14254000
7) 🚀🚀🚀 

⛔️ SL:
0.21069100",0bb84b2cf29bdf3cf4c2484fd24809fc,2026-09-04T07:13:36+00:00,2026-09-04T08:34:49.377081+00:00,926,coinmastertrad1
1078484,12356,"❖ USELESS/USDT

❖ SHORT [ 10×20 ]

➤ Entry Zone:- ... TP2: 0.2050
▪️ TP3: 0.1900

➤ Stop Loss :- 0.2400",6f00a0b30194c8828375f0a9086d4907,2026-09-04T07:13:36+00:00,2026-09-04T08:34:49.375189+00:00,926,coinmastertrad1
1078480,12350,"✅ Long

Pair: #TRX/USDT

📊 Entry Price: 

1) 0.329...
4) 0.35180

Stop Loss: 0.30853

Leverage: 10x-20x",408f5a52a0dbeebf91a289d14c08fd78,2026-09-04T07:13:36+00:00,2026-09-04T08:34:49.328510+00:00,926,coinmastertrad1
1078479,12331,"⚡️⚡️ #1INCH/USDT ⚡️⚡️
Exchanges: Bingx 
Signal Typ...
5) 0.09759
6) 0.09898
7) 🚀🚀🚀

Stop Targets:
5-10%",8f566e17e813c240a9e3f6070b47390e,2026-09-04T07:13:36+00:00,2026-09-04T08:34:49.304093+00:00,926,coinmastertrad1
1078477,12333,"⚡️⚡️ #CAKE/USDT ⚡️⚡️
Exchanges: Bingx 
Signal Type...
5) 2.12625
6) 2.15634
7) 🚀🚀🚀

Stop Targets:
5-10%",50404689844dd5c9d75809caf64a921c,2026-09-04T07:13:36+00:00,2026-09-04T08:34:49.298186+00:00,926,coinmastertrad1
1078475,12332,"⚡️⚡️ #1000PEPE/USDT ⚡️⚡️
Exchanges: Bingx 
Signal ...
5) 0.00389
6) 0.00394
7) 🚀🚀🚀

Stop Targets:
5-10%",4c9c360f9bf73c1e4f923be8084ce021,2026-09-04T07:13:36+00:00,2026-09-04T08:34:49.034767+00:00,926,coinmastertrad1
1078481,12329,"SUIUSDTUSDT  
Exchanges: BINGX 

🟢 Short
Leverage-....72124000
6) 0.66354000
7) 🚀🚀🚀 

⛔️ SL:
0.81606000",03bddb06a6e08b8fd634223ab0771b1a,2026-09-04T07:13:35+00:00,2026-09-04T08:34:49.340256+00:00,926,coinmastertrad1
1078478,12328,"🚀 $USELESS/USDT PERP 🚀

🟢 LONG

💰 Entry : 0.225$ –... 5X – 25X

⛔️ SL : 0.165$

📌 Use Only 2-5% Capital",76cbcf3834ca7bda9f537071f3940dc3,2026-09-04T07:13:35+00:00,2026-09-04T08:34:49.304954+00:00,926,coinmastertrad1
1078474,12324,"📊 Let’s SHORT #SUI/USDT

💥 Leverage:  Cross 20×  -...: 

1) 0.735
2) 0.700
3) 0.670

🔖 Stop Loss: 0.805",39d7a2b4f8d27f93efe17774c48fbdec,2026-09-04T07:13:35+00:00,2026-09-04T08:34:49.025434+00:00,926,coinmastertrad1
1078473,12326,"✅ Long

#XMR/USDT

Entry zone : 495.02 - 510.33

T...
558.55
573.78

Stop loss :474.6069

Leverage: 10x",13660714160cbba6dde1d6a4c68495a0,2026-09-04T07:13:35+00:00,2026-09-04T08:34:49.018269+00:00,926,coinmastertrad1
1078472,12323,"📊 Let’s LONG #ARC/USDT

💥 Leverage:  Cross 20×  - ...1) 0.0770
2) 0.0800
3) 0.0835

🔖 Stop Loss: 0.0710",1233dea8a4fcd26773239c5b814647e8,2026-09-04T07:13:35+00:00,2026-09-04T08:34:49.000875+00:00,926,coinmastertrad1
1078471,12330,"IMXUSDTUSDT  
Exchanges: BINGX 

🟢 Short
Leverage-....11639000
6) 0.10708000
7) 🚀🚀🚀 

⛔️ SL:
0.11929000",0ca778a03a64598858eafdd3055b7f16,2026-09-04T07:13:35+00:00,2026-09-04T08:34:48.986972+00:00,926,coinmastertrad1
1078470,12327,"✅ Long

#DOT/USDT

Entry zone : 0.844094 - 0.87020...52433
0.978409

Stop loss :0.809286

Leverage: 10x",f0c784cf1fd2f5171160f79a306ffb6f,2026-09-04T07:13:35+00:00,2026-09-04T08:34:48.914732+00:00,926,coinmastertrad1
1078469,12325,"📊 #TRIA/USDT

🟢 POSITION: LONG

💰 ENTRY RANGE
➤ 0....➤ 0.0042

━━━━━━━━━━━━━━━━━━

✅ Manage risk wisely",64f80981311bb6fce3c008c545e160af,2026-09-04T07:13:35+00:00,2026-09-04T08:34:48.842268+00:00,926,coinmastertrad1
1078468,12322,"📊 Let’s LONG #BTR/USDT

💥 Leverage:  Cross 10×

✔️...1) 0.0558
2) 0.0590
3) 0.0630

🔖 Stop Loss: 0.0470",1137c77511b703b09126740cf82a4df1,2026-09-04T07:13:35+00:00,2026-09-04T08:34:48.712883+00:00,926,coinmastertrad1
1078466,12320,"#USELESSUSDT — BUY (LONG) 
🎉
🟢 Leverage: Cross  50...Risk Management:
Use only 2%– 3%of your portfolio.",2d17cfd5a1126c1c947a30cafe027ece,2026-09-04T07:13:35+00:00,2026-09-04T08:34:48.673285+00:00,926,coinmastertrad1
1078465,12321,"📊 Let’s LONG #TRIA/USDT

💥 Leverage:  Cross 10×

✔...1) 0.0051
2) 0.0059
3) 0.0064

🔖 Stop Loss: 0.0037",0e7fcf4289b63da3bbeed05be76f3da0,2026-09-04T07:13:35+00:00,2026-09-04T08:34:48.616893+00:00,926,coinmastertrad1
1079751,12410,"📊#EDGE/USDT — LONG

⚡️ Leverage : 25X – 30X

💹Entr...Entry After TP1

⚖️ Follow Proper Risk Management.",eb65e5cb39e5b87384d7b96895d6e086,2026-09-04T09:16:13+00:00,2026-09-04T09:58:26.199061+00:00,926,coinmastertrad1
1079748,12409,"Use only 2% Funds

#XRP/USDT (SHORT)

Entry 1 = 1....Profit
T.P 3 = 1000% Profit 

🔴Stop loss at 1.5300",6d4c0df3dbc10779b126277979ff3003,2026-09-04T09:16:13+00:00,2026-09-04T09:58:26.165226+00:00,926,coinmastertrad1
1079747,12407,"⚡ #ONG/USDT

📤 Long 

💹 Buy: 0.09881 - 0.09600

🧿 ...39 - 0.1049

🧨 StopLoss: 0.09400 

🔘 Leverage: 20x",ab1d792833dcf012f0fcee92e59196d3,2026-09-04T09:16:13+00:00,2026-09-04T09:58:26.160802+00:00,926,coinmastertrad1
1079746,12405,"📇 Setup: EDGE/USDT 

LONG Trade 🛫

✔️ Leverage : 7...t 1 •0.6900
💰 Target 2 • 0.7200
💰 Target3 • 0.7800",8c922c33b2cf533e8ba805538de8437a,2026-09-04T09:16:13+00:00,2026-09-04T09:58:26.159878+00:00,926,coinmastertrad1
1079744,12406,"📊#ZEN/USDT–LONG–30x 🚀

📍 𝐄𝐧𝐭𝐫𝐲 𝐙𝐨𝐧𝐞:

➥ 6.42, 6.40...tal.

⚠️ Disclaimer:
Trade at your own risk. DYOR.",cfe0385a862e7ff8c0409ef03176bfec,2026-09-04T09:16:13+00:00,2026-09-04T09:58:26.145342+00:00,926,coinmastertrad1
1079743,12403,"💰#EDGE / USDT👑

💎Setup Type: Strong LONG  🔖Opportu...

🥉TP ➝ 0.8200

4️⃣TP ➝ 0.9800

🚫Stop Loss: 0.5400",f86012429866ff9aa5c62e477b3de9dd,2026-09-04T09:16:13+00:00,2026-09-04T09:58:26.021299+00:00,926,coinmastertrad1
1079740,12408,"➡️ #TAC    /USDT (LONG) 🔼🔼

⌛LEVERAGE : 20X TO 75X...9


💥Use only 1%margin of your total portfolio❤️😘😇",0f4214b476f5f16b8f740813ba08af96,2026-09-04T09:16:13+00:00,2026-09-04T09:58:25.930454+00:00,926,coinmastertrad1
1079750,12398,"🌈PAIR:- ZEC/USDT
⚡️ Direction : LONG
🛠 Leverage: C...nt Usage:- 1 - 2%
(According To your Risk Setting)",4d3375f59f14d63f4434d5ce26cc66d1,2026-09-04T09:16:12+00:00,2026-09-04T09:58:26.173066+00:00,926,coinmastertrad1
1079742,12399,"🔴 Short

Pair: #DASH/USDT

📊 Entry Price: 

1) 51....8.63
4) 47.55

Stop Loss: 54.30

Leverage: 10x-20x",a949bb46a66746de4c2386ff9ebe6c2b,2026-09-04T09:16:12+00:00,2026-09-04T09:58:25.982327+00:00,926,coinmastertrad1
1079739,12397,"1INCHUSDTUSDT  
Exchanges: BINGX 

🟢 Long
Leverage....09759000
6) 0.09898000
7) 🚀🚀🚀 

⛔️ SL:
0.08746650",5ed8b8f444a99a52402c2d754044366e,2026-09-04T08:45:43+00:00,2026-09-04T09:58:25.868496+00:00,926,coinmastertrad1
1079738,12396,"Short $ETH - 2510$ - 2533$🔴

SL -  2550$❌

TP - 2490$ - 2460$ - 2427$ 🚀

Lev - 10x",b705bf84f1b2e3bed0d728d2c609042a,2026-09-04T08:45:43+00:00,2026-09-04T09:58:25.857784+00:00,926,coinmastertrad1
1082360,12422,"🟢 ETH/USDT

SHORT SHORT SHORT 

OPEN MARKET PRICE 

TP 2505

SL 2566

LEV 25X",faa1c67c983600354c2a2e09950e23f1,2026-09-04T10:49:11+00:00,2026-09-04T11:59:30.955369+00:00,926,coinmastertrad1
1082358,12432,"#USELESS/USDT SHORT     

👉Leverage : Cross 10× To...

1)  0.240
2)  0.226
3)  0.200

⭕Stoploss : 0.270",94daec916c04f4d956a9711bdad52c42,2026-09-04T10:49:11+00:00,2026-09-04T11:59:30.942429+00:00,926,coinmastertrad1
1082354,12419,"#USELESS/USDT LONG     

👉Leverage : Cross 10× To ...

1)  0.288
2)  0.304
3)  0.330

⭕Stoploss : 0.270",cfeabf5fcd78d9a9066cdc2188ac5a03,2026-09-04T10:49:11+00:00,2026-09-04T11:59:30.915989+00:00,926,coinmastertrad1
1082353,12420,"🪙 Coin: #SPX/USDT
🧭 Type: #LONG

📈 Entry Zone:
0.6... within the zone and maintain strict risk control.",ba269398e682a55e09c8e322f3b2fd17,2026-09-04T10:49:11+00:00,2026-09-04T11:59:30.911052+00:00,926,coinmastertrad1
1082352,12429,"Trade: #DOGS/USDT

Direction: 📈 LONG 

🟢 Entry Ran... Target 6: 0.00004611

💠 Leverage : 5x - 10x - 20x",fc113e29e171627a20cbae1dc079aba1,2026-09-04T10:49:11+00:00,2026-09-04T11:59:30.905738+00:00,926,coinmastertrad1
1082350,12425,"🛎️ Trade: #DOGS/USDT

Direction: 📈 LONG 

🟢 Entry ... Target 6: 0.00004611

💠 Leverage : 5x - 10x - 20x",7942b994a64671c5ab75da017bf8ea43,2026-09-04T10:49:11+00:00,2026-09-04T11:59:30.886039+00:00,926,coinmastertrad1
1082349,12428,"📇 Setup: TRIA/USDT 

LONG Trade 🛫

✔️ Leverage : 7... •0.05559
💰 Target 2 • 0.05780
💰 Target3 • 0.06240",2bea837140d3d085fc404b199f95dda2,2026-09-04T10:49:11+00:00,2026-09-04T11:59:30.882632+00:00,926,coinmastertrad1
1082346,12424,"🔴 SHORT

#ZRX/USDT

Entry zone : 0.1057 - 0.1027

...
0.0928
0.0897

Stop loss :0.109889

Leverage: 10x",81373f4d4a2a5e5349d5c796fc459eba,2026-09-04T10:49:11+00:00,2026-09-04T11:59:30.800495+00:00,926,coinmastertrad1
1082345,12433,"📊 Let’s SHORT #XAG/USDT

💥 Leverage:  Cross 20×  -...: 

1) 65.80
2) 65.00
3) 64.30

🔖 Stop Loss: 67.65",fe514a02aa6b8cc41bcb47c2f4d5afa0,2026-09-04T10:49:11+00:00,2026-09-04T11:59:30.797213+00:00,926,coinmastertrad1
1082344,12426,"⭐️$SKR/USDT  LONG 

🛡Leverage : Cross 25x50

‼️Ent....18540

Use only 3% - 5% amount of your portfolio🛍",8dfe08cec58505c8e099ee6a079728a6,2026-09-04T10:49:11+00:00,2026-09-04T11:59:30.790009+00:00,926,coinmastertrad1
1082342,12430,"SIGNUSDTUSDT  
Exchanges: BINGX 

🟢 Long
Leverage-....01005000
6) 0.01085000
7) 🚀🚀🚀 

⛔️ SL:
0.00802256",b1540bbd0472e0fc9b84f06a0e41e8e6,2026-09-04T10:49:11+00:00,2026-09-04T11:59:30.775698+00:00,926,coinmastertrad1
1082356,12415,"🟢ETH/USDT My Short Trade Setup

Leverage 100X

Ent... 2480

Stop Loss  :  2550

Follow Money Management",25fc1d3716cd1af3bcae0c8c0b7ef0c2,2026-09-04T10:49:10+00:00,2026-09-04T11:59:30.921452+00:00,926,coinmastertrad1
1082351,12413,"USELESSUSDTUSDT  
Exchanges: BINGX 

🟢 Long
Levera....30910000
6) 0.33383000
7) 🚀🚀🚀 

⛔️ SL:
0.19950000",f428895d2a28b2965a0ab39a9b767ed1,2026-09-04T10:49:10+00:00,2026-09-04T11:59:30.891269+00:00,926,coinmastertrad1
1082348,12417,"BTC/USDT Short  | 

Entry  :  81083 

TP   :  80700 / 80500 / 80000

SL  :  80500 | Risk 3% to 5%",226fc62c89286ded34ee0b1deba511c4,2026-09-04T10:49:10+00:00,2026-09-04T11:59:30.874946+00:00,926,coinmastertrad1
1082347,12416,"Coin #SKR/USDT

Position: LONG 

Leverage:  Cross ...rgets: 🎯 0.0250, 0.0265, 0.0288

Stop Loss: 0.0218",48ae9a36be8fcf7c6c8dd90fb29c118f,2026-09-04T10:49:10+00:00,2026-09-04T11:59:30.869807+00:00,926,coinmastertrad1
1082341,12414,"🚀 LONG: $TRIA/USDT
LEVERAGE: 50x

✔️ENTRY PRICE: 0....005780-0.006200

STOP LOSS:  0.005120

REACTIONS?",dbe28dde9726f0b943e8fcd7d3d3a6c4,2026-09-04T10:49:10+00:00,2026-09-04T11:59:30.671437+00:00,926,coinmastertrad1
1082340,12411,"➡️ #EDGE     /USDT (SHORT) 🔽🔽

⌛LEVERAGE : 20X TO ...



💥Use only 1%margin of your total portfolio❤️😘😇",40dc74d23d95a21cfe5e87d60616a44f,2026-09-04T10:49:10+00:00,2026-09-04T11:59:30.391357+00:00,926,coinmastertrad1
1082339,12412,"#ONG/USDT

LONG LONG LONG 

OPEN MARKET PRICE 

TP....10170
TP 0.10300
TP 0.10500

SL 0.09400 

LEV 16X",e7dede7c21fc57136b024577cbb26ef9,2026-09-04T10:49:10+00:00,2026-09-04T11:59:30.390311+00:00,926,coinmastertrad1
1084918,12454,"USELESSUSDTUSDT  
Exchanges: BINGX 

🟢 Long
Levera....31493000
6) 0.34012000
7) 🚀🚀🚀 

⛔️ SL:
0.22800000",d9602ad30d7f242e8c3e156c85ec3027,2026-09-04T13:34:57+00:00,2026-09-04T13:48:22.017944+00:00,926,coinmastertrad1
1084917,12463,"🚨 #TRADOOR/USDT | LONG

⚡Leverage: Cross 25x

🎯Ent... follow the signal and secure profits at targets.💎",b56f311dd66445fe4ee558b104baff94,2026-09-04T13:34:57+00:00,2026-09-04T13:48:22.008924+00:00,926,coinmastertrad1
1084914,12458,"🟢#TAC/USDT

📈Signal: long Leverage: Cross 20X

⚡️E...even after TP1 is hit.

📣Trade Smart • Follow Risk",7afba7828c2e0a25c6d7d92f730cd85d,2026-09-04T13:34:57+00:00,2026-09-04T13:48:21.945964+00:00,926,coinmastertrad1
1084911,12453,"⭐️$USELESS/USDT  LONG 

🛡Leverage : Cross 25x50

‼....20297

Use only 3% - 5% amount of your portfolio🛍",bd957d8d2a6de4e47e4586f0d5f0c4a0,2026-09-04T13:34:57+00:00,2026-09-04T13:48:21.919413+00:00,926,coinmastertrad1
1084913,12462,"🚨 #USELESS/USDT | LONG

⚡Leverage: Cross 25x

🎯Ent... follow the signal and secure profits at targets.💎",88ca1ec5236f7b912a3014740cff3ac8,2026-09-04T13:34:57+00:00,2026-09-04T13:48:21.908668+00:00,926,coinmastertrad1
1084907,12461,"🔴 Short

Pair: #ZEC/USDT

📊 Entry Price: 

1) 981....95
4) 913.24

Stop Loss: 1042.9

Leverage: 10x-20x",4f95760afa07e1a71ec0ffdd9c157989,2026-09-04T13:34:57+00:00,2026-09-04T13:48:21.900752+00:00,926,coinmastertrad1
1084905,12451,"#USELESS/USDT BUY (LONG) 

⚡️Leverage : Cross 25x ....2420

⚠️Use only 3% - 5% amount of your portfolio",5e8911237abf47b9ea0faf96139398b8,2026-09-04T13:34:57+00:00,2026-09-04T13:48:21.889991+00:00,926,coinmastertrad1
1084904,12456,"#TRIA /USDT BUY (LONG) 

⚡️Leverage : Cross 25x to...04770

⚠️Use only 3% - 5% amount of your portfolio",1a57ff9dcafb4204e15e4b0299f9759d,2026-09-04T13:34:57+00:00,2026-09-04T13:48:21.877401+00:00,926,coinmastertrad1
1084899,12459,"SOLUSDTUSDT  
Exchanges: BINGX 

🟢 Long
Leverage- ...) 111.73
5) 120.67
6) 130.32
7) 🚀🚀🚀 

⛔️ SL:
97.20",efd91f05ccbb9bc5a0f1570b26dbd674,2026-09-04T13:34:57+00:00,2026-09-04T13:48:21.840838+00:00,926,coinmastertrad1
1084906,12440,"📈 LONG #USELESS/USDT

🚀 LEVERAGE : 50x

📊 ENTRY PR...1

TP🟢0.260

TP🟢0.270

STOPLOSS 🔴0.228

REACTIONS?",d698acceb4184290cd06130146b7a2bd,2026-09-04T13:33:04+00:00,2026-09-04T13:48:21.888756+00:00,926,coinmastertrad1
1084903,12441,"➡️ #USELESS      /USDT (SHORT) 🔽🔽

⌛LEVERAGE : 20X...7


💥Use only 1%margin of your total portfolio❤️😘😇",453463cea2be81d4cea0bbfcd64a8d47,2026-09-04T13:33:04+00:00,2026-09-04T13:48:21.873004+00:00,926,coinmastertrad1
1084898,12439,"COIN: #EDGE /USDT (LONG) SETUP

📊 Leverage 25x to ...ENT IS KEY
Use only 1–2% of your capital per trade",f9dc755074c45eb53bda4a7c7f578dfb,2026-09-04T13:33:04+00:00,2026-09-04T13:48:21.706619+00:00,926,coinmastertrad1
1084897,12436,"🔴 SHORT

#XTZ/USDT

Entry : 

1) 0.237000
2) 0.244...0603

🛑 Stop : 0.251931

Leverage : 10x (isolated)",419c037c55848fbfccbae67d5d27a127,2026-09-04T13:33:04+00:00,2026-09-04T13:48:21.517256+00:00,926,coinmastertrad1
1084896,12435,"DASHUSDTUSDT  
Exchanges: BINGX 

🟢 Short
Leverage...7
4) 49.06
5) 45.14
6) 41.52
7) 🚀🚀🚀 

⛔️ SL:
57.00",1464626e2de8bd832401339f9fb0fcdc,2026-09-04T13:33:04+00:00,2026-09-04T13:48:21.391865+00:00,926,coinmastertrad1
1084894,12434,"🚀 SIGNAL ALERT 🚀

💎 Pair: AAVE/USDT
⏱️ Timeframe: ...━━━
 ❌ SL: 140.27

 ━━━━━━━━━
🟨Risk Management: 3%",7908e35310398e1c10ce46086b5d36fe,2026-09-04T13:33:04+00:00,2026-09-04T13:48:21.296543+00:00,926,coinmastertrad1
1084893,12437,"✨UNI/USDT

🎗 Trade Type = SHORT 🔴

⭐️ Leverage :- ...fit = [ 6.200, 6.139, 6.064, 6.014, 5.943, 5.875 ]",116cf0c0e33744dd376f2fa518ac4f32,2026-09-04T13:33:04+00:00,2026-09-04T13:48:21.295473+00:00,926,coinmastertrad1
1087259,12481,"🚀 #USELESS/USDT SHORT SIGNAL 🚀
📍 Entry: 0.2425


🎯... your risk, and let's catch this move together! 🪙🔥",82ce395a2985311b6cdd6a0c8d2d19ae,2026-09-04T14:39:07+00:00,2026-09-04T15:05:52.215192+00:00,926,coinmastertrad1
1087258,12468,"SHORT🚨

ZEC/USDT

MARKET PRICE

Leverage: 10X/20x
... 5% of Your capital

Apply proper risk management📈",cf6b251e72f70a9dd595d146fcdff174,2026-09-04T14:39:07+00:00,2026-09-04T15:05:52.208342+00:00,926,coinmastertrad1
1087254,12469,"#SHORT 🔴 🔤🔤🔤🔤🔤

#UNI/USDT 

Margin Mode : Isolated....645

🟩 SL : 6.547 - 100%

📊 LEV : 20X

🇯🇵 Premium",f23586d074d1d746864c352053767ee6,2026-09-04T14:39:07+00:00,2026-09-04T15:05:52.058432+00:00,926,coinmastertrad1
1087253,12470,"📈 LONG #Q/USDT

🚀 LEVERAGE : 50x

📊 ENTRY PRICE   ...P🟢0.0272

TP🟢0.0285

STOPLOSS 🔴0.0242


REACTIONS?",bad9d1eb9a7cdacee3aa8ca2fd83ef88,2026-09-04T14:39:07+00:00,2026-09-04T15:05:52.055107+00:00,926,coinmastertrad1
1087251,12475,"🚨 #SOL/USDT | LONG

⚡Leverage: Cross 100x

🎯Entry ... follow the signal and secure profits at targets.💎",21848b624ee0ad74fe657d95ed7084ae,2026-09-04T14:39:07+00:00,2026-09-04T15:05:52.027852+00:00,926,coinmastertrad1
1087250,12479,"🚀 #MARSCOIN/USDT SHORT SIGNAL 🚀
📍 Entry: 0.1750


... your risk, and let's catch this move together! 🪙🔥",8ad713515b3948ec5d96031188c0732d,2026-09-04T14:39:07+00:00,2026-09-04T15:05:52.026992+00:00,926,coinmastertrad1
1087249,12477,"📇 Setup: Q/USDT 

LONG Trade 🛫

✔️ Leverage : 75X
....026200
💰 Target 2 • 0.026700
💰 Target3 • 0.027100",98311afd41a2633f55d844e249706288,2026-09-04T14:39:07+00:00,2026-09-04T15:05:52.018153+00:00,926,coinmastertrad1
1087247,12467,"SHORT🚨

UNI/USDT

MARKET PRICE

Leverage: 10X/20x
... 5% of Your capital

Apply proper risk management📈",f9bf6ccfb6ff11c6bdc5b9453d0756a6,2026-09-04T14:39:07+00:00,2026-09-04T15:05:52.017350+00:00,926,coinmastertrad1
1087246,12474,"ZECUSDTUSDT  
Exchanges: BINGX 

🟢 Short
Leverage-...20
4) 8.46
5) 7.79
6) 7.16
7) 🚀🚀🚀 

⛔️ SL:
1062.54",50d67b35a3582e4b1257bd54a96419ea,2026-09-04T14:39:07+00:00,2026-09-04T15:05:52.013942+00:00,926,coinmastertrad1
1087245,12472,"📇 Setup: USELESS/USDT 

LONG Trade 🛫

✔️ Leverage ... •0.26200
💰 Target 2 • 0.27100
💰 Target3 • 0.29300",16d28cec2dc1f3999b5cea0beeda0d8f,2026-09-04T14:39:07+00:00,2026-09-04T15:05:51.999862+00:00,926,coinmastertrad1
1087244,12466,"💰#SIGN / USDT👑

💎Setup Type: Strong SHORT  🔖Opport...➝ 0.008300

4️⃣TP ➝ 0.006000

🚫Stop Loss: 0.010800",3e95fc1905fc42c020a27062500d7ea1,2026-09-04T14:39:07+00:00,2026-09-04T15:05:51.837134+00:00,926,coinmastertrad1
1092402,12566,"🚨 #UAI/USDT | LONG

⚡Leverage: Cross 25x

🎯Entry T... follow the signal and secure profits at targets.💎",bbc1df77af7612cf6e62f46b67771e18,2026-09-04T19:31:21+00:00,2026-09-04T19:39:45.935555+00:00,926,coinmastertrad1
1092405,12565,"AVAXUSDTUSDT  
Exchanges: BINGX 

🟢 Long
Leverage-... 7.81
4) 8.25
5) 8.91
6) 9.63
7) 🚀🚀🚀 

⛔️ SL:
6.78",5a782654aee1552b68e0c3cc75241104,2026-09-04T19:18:21+00:00,2026-09-04T19:39:45.957099+00:00,926,coinmastertrad1
1092397,12563,"🚨 #4/USDT | LONG

⚡Leverage: Cross 50x

🎯Entry Tar... follow the signal and secure profits at targets.💎",4765334b4a98858b078ceae6218b0dc7,2026-09-04T18:52:14+00:00,2026-09-04T19:39:45.902960+00:00,926,coinmastertrad1
1092385,12509,"✅Entry  0.02230 - 0.02220

(LONG SKRUSDT  5-20x🆘)
...$0.02356
🏹Target 6  $0.02380

🚫Stop loss - 0.02130",b7fcc4aebb4302f635717d2cbcf431f1,2026-09-04T18:50:44+00:00,2026-09-04T19:39:45.600380+00:00,926,coinmastertrad1
1092383,12502,"🚩 SHORT #TRADOOR/USDT

⚙️ 75X LEVERAGE

🛡 Entry: 0...TP2: 0.6100
TP3: 0.5890

🛑 SL: 0.6900

🔥REACTIONS?",69e90c8bc60d3f18a654c1ca6b57bacf,2026-09-04T18:50:44+00:00,2026-09-04T19:39:45.569266+00:00,926,coinmastertrad1
1092375,12507,"🚩 SHORT #FLOCK/USDT

⚙️ 75X LEVERAGE

🛡 Entry: 0.0...: 0.05680
TP3: 0.05490

🛑 SL: 0.06450

🔥REACTIONS?",8743eb91fd44ccd51fa1a590ab9f48f3,2026-09-04T18:50:44+00:00,2026-09-04T19:39:45.536759+00:00,926,coinmastertrad1
1092376,12510,"🔰 PAIR: CRV/ USDT 💹

🟢Position: LONG🚀

☑️ Entry Zo...:
🥇 0.3548
🥈 0.3576
🥉 0.3611

❌ Stop Loss: 🔴0.3505",eabde1284f54b48cdacee9f3c060eeb3,2026-09-04T18:50:44+00:00,2026-09-04T19:39:45.534922+00:00,926,coinmastertrad1
1092369,12504,"🚩 SHORT #NOT/USDT

⚙️ 75X LEVERAGE

🛡 Entry: 0.000...04280
TP3: 0.0004140

🛑 SL: 0.0004850

🔥REACTIONS?",6f178bcf22520154191a5f4ad2b35319,2026-09-04T18:50:44+00:00,2026-09-04T19:39:45.493226+00:00,926,coinmastertrad1
1092361,12503,"DOGEUSDTUSDT  
Exchanges: BINGX 

🟢 Short
Leverage....06833000
6) 0.06286000
7) 🚀🚀🚀 

⛔️ SL:
0.09115000",8b0f9c1cfe4480c694e7077f5fbe6995,2026-09-04T18:50:44+00:00,2026-09-04T19:39:45.375718+00:00,926,coinmastertrad1
1092357,12511,"⚡️⚡️#XRP/USDT⚡️⚡️

Signal Type : Long
Leverage : 2...
1) 1.3869
2) 1.4120
3) 1.4331

Stop Loss : 1.3419",1511e99bbd0d77d8aa6779cefcf936ee,2026-09-04T18:50:44+00:00,2026-09-04T19:39:45.173422+00:00,926,coinmastertrad1
1092350,12505,"🚨 #PROM/USDT | SHORT

⚡Leverage: Cross 25x

🎯Entry... follow the signal and secure profits at targets.💎",41c737ebe9b6954c7023bac456d4a83f,2026-09-04T18:50:44+00:00,2026-09-04T19:39:45.049137+00:00,926,coinmastertrad1
1092347,12500,"#UAIUSDT — BUY (LONG) 
🎉
🟢 Leverage: Cross  50x

⚡...Risk Management:
Use only 2%– 3%of your portfolio.",c77fb0e22ea69dcc9c80d1075a28b097,2026-09-04T18:50:44+00:00,2026-09-04T19:39:45.025085+00:00,926,coinmastertrad1
1092389,12493,"🚨 SHORT
CLO/USDT
ENTRY 0.12110

🚀 0.11958
🚀 0.1185... CROSS )
LEVRAGE 10x- 40x

1% WALLET 

DCA 0.12494",20712060c4cce84ca6073881a9d519c7,2026-09-04T18:50:43+00:00,2026-09-04T19:39:45.636800+00:00,926,coinmastertrad1
1092378,12487,"SHORT🚨

ENA/USDT

MARKET PRICE

Leverage: 10X/20x
... 5% of Your capital

Apply proper risk management📈",9998801e2d7bdbc79108a68c903f36e8,2026-09-04T18:50:43+00:00,2026-09-04T19:39:45.545683+00:00,926,coinmastertrad1
1092372,12498,"🚀 LONG: $TRIA/USDT
LEVERAGE: 50x

✔️ENTRY PRICE: 0....005500-0.005880

STOP LOSS:  0.004870

REACTIONS?",051f25931b4dea4506da2b484a962287,2026-09-04T18:50:43+00:00,2026-09-04T19:39:45.517338+00:00,926,coinmastertrad1
1092358,12491,"BTCUSDTUSDT  
Exchanges: BINGX 

🟢 Long
Leverage- ...5) 108430.97
6) 117105.45
7) 🚀🚀🚀 

⛔️ SL:
78100.00",c9767cd711cdf6d16cde3211e99332f7,2026-09-04T18:50:43+00:00,2026-09-04T19:39:45.212492+00:00,926,coinmastertrad1
1092354,12496,"Doge/Usdt long 🟢
with 0.5% Wallet on market price ...te movement pe jo 5% around the liq manage 0.07946",39c4835638b9db8b5d95c61e942f4caa,2026-09-04T18:50:43+00:00,2026-09-04T19:39:45.089989+00:00,926,coinmastertrad1
1092351,12490,"#TAC  /USDT BUY (LONG) 

⚡️Leverage : Cross 25x to...02510

⚠️Use only 3% - 5% amount of your portfolio",9f4b3a9c832a032e88db975631c0f5a5,2026-09-04T18:50:43+00:00,2026-09-04T19:39:45.055547+00:00,926,coinmastertrad1
1092348,12495,"🟢 LONG  - $ICNTUSDT

- Entry market: 0.1145
- Entr... the funds if trading without caution & knowledge.",3f14cf8399e92026490363c3b00a08eb,2026-09-04T18:50:43+00:00,2026-09-04T19:39:45.039347+00:00,926,coinmastertrad1
1092342,12488,"SHORT🚨

HYPE/USDT

MARKET PRICE

Leverage: 10X/20x... 5% of Your capital

Apply proper risk management📈",f340a0dec8a1439a0231af49272131ad,2026-09-04T18:50:43+00:00,2026-09-04T19:39:44.753741+00:00,926,coinmastertrad1
1092341,12484,"#TRIA /USDT BUY (LONG) 

⚡️Leverage : Cross 25x to...04510

⚠️Use only 3% - 5% amount of your portfolio",be1ff2d28409184e9284c830c46cfdd2,2026-09-04T18:50:43+00:00,2026-09-04T19:39:44.673299+00:00,926,coinmastertrad1
1092339,12492,"🟢LONG  #BTCUSDT

🔶 Entry : 79000 - 78900

➡️ Lever...ake Profit Targets :

👉 79700

🛑 Stop Loss : 78100",45a6cb547609dae919ea7b3795332fa5,2026-09-04T18:50:43+00:00,2026-09-04T19:39:44.601323+00:00,926,coinmastertrad1
1092335,12486,"🚀 #TRIA/USDT LONG SIGNAL 🚀
📍 Entry: 0.004915


🎯 T... your risk, and let's catch this move together! 🪙🔥",4997a7274f47da5628f22a5abea981b3,2026-09-04T18:50:43+00:00,2026-09-04T19:39:43.827369+00:00,926,coinmastertrad1
1092334,12482,"$WLDUSDT

SHORT

RR : 2

LEVERAGE : 15x

ENTRY : 0...827

TAKE PROFITS 👇

1️⃣ 0.3566

STOPLOSS : 0.3954",b1c2da43248dd4f3e1b168c120e9126e,2026-09-04T18:50:43+00:00,2026-09-04T19:39:43.797975+00:00,926,coinmastertrad1
1093777,12568,"💰#4 / USDT👑

💎Setup Type: Strong LONG  🔖Opportunit...TP ➝ 0.02700

4️⃣TP ➝ 0.03500

🚫Stop Loss: 0.02100",193f8322957b59ad20c3ed26b6266b87,2026-09-04T21:30:18+00:00,2026-09-04T22:09:46.172260+00:00,926,coinmastertrad1
1094821,12571,"🔴 SHORT

#DASH/USDT

Entry zone : 59.66 - 57.93

T....14
52.39
50.65

Stop loss :61.9851

Leverage: 10x",f411d5396acb5d21a798a40ecc6bb7a1,2026-09-04T22:51:46+00:00,2026-09-05T00:28:13.777329+00:00,926,coinmastertrad1
1094819,12569,"#PUMP $PUMP LONG TRADE

ENTRY: 0.00427

TARGETS: 0.004438 - 0.004915

STOPLOSS: 0.00416",9a4f9c67de6396aa0bf5c9be7ad4337f,2026-09-04T22:51:46+00:00,2026-09-05T00:28:13.766436+00:00,926,coinmastertrad1
1099341,12721,"🟢 4/USDT 📈

📈 long Setup 

💰 Entry Zone: 0.0258–0....et 1. 
✅ Move SL to breakeven after Target 1 hits.",51c92a4ae5fdfefb7c5fe6349526c334,2026-09-05T07:09:08+00:00,2026-09-05T07:14:19.693248+00:00,926,coinmastertrad1
1099340,12714,"🔴 SHORT

#ALGO/USDT

Entry : 

1) 0.092550
2) 0.09...6146

🛑 Stop : 0.098380

Leverage : 10x (isolated)",b6c1fd4b706f018f59fb97d0516c8672,2026-09-05T07:09:08+00:00,2026-09-05T07:14:19.687490+00:00,926,coinmastertrad1
1099339,12720,"📊#TUT/USDT–LONG–30x 🚀

📍 𝐄𝐧𝐭𝐫𝐲 𝐙𝐨𝐧𝐞:

➥ 0.0206, 0....tal.

⚠️ Disclaimer:
Trade at your own risk. DYOR.",656d80af83b97cacaf9801bab3838eae,2026-09-05T07:09:08+00:00,2026-09-05T07:14:19.679042+00:00,926,coinmastertrad1
1099338,12717,"#NOM/USDT LONG     

👉Leverage : Cross 10× To 30×
...00192
2)  0.00202
3)  0.00214

⭕Stoploss : 0.00175",da6dac38f119d39acd2fe992f95e188f,2026-09-05T07:09:08+00:00,2026-09-05T07:14:19.666596+00:00,926,coinmastertrad1
1099335,12718,"🚀 $4/USDT PERP 🚀

🟢 LONG

💰 Entry : 0.027$ – 0.023... 5X – 25X

⛔️ SL : 0.020$

📌 Use Only 2-5% Capital",9bd3b43f068f29804aca4bd3d2c839cf,2026-09-05T07:09:08+00:00,2026-09-05T07:14:19.665600+00:00,926,coinmastertrad1
1099337,12723,"#AKE/USDT BUY (LONG) 

⚡️Leverage : Cross 25x to 5...01760

⚠️Use only 3% - 5% amount of your portfolio",1e514e358c1a18a380caf1d92aa87770,2026-09-05T07:09:08+00:00,2026-09-05T07:14:19.661503+00:00,926,coinmastertrad1
1099333,12722,"💵 𝐒𝐈𝐆𝐍𝐀𝐋 𝐀𝐋𝐄𝐑𝐓 💵

#AKE/USDT (25xLONG)

✅ ENTRY:0.0...ETS:-0.01920/0.02050/0.02250

❌ STOP LOSS: 0.01540",ba5e8776c4e6f5902b5bdb14492d551a,2026-09-05T07:09:08+00:00,2026-09-05T07:14:19.648827+00:00,926,coinmastertrad1
1099332,12719,"📊 #MYX/USDT

🟢 POSITION: LONG

💰 ENTRY RANGE
➤ 0.0...
➤ 0.068

━━━━━━━━━━━━━━━━━━

✅ Manage risk wisely",f6cd5bc356cfed165b11b05524290f2b,2026-09-05T07:09:08+00:00,2026-09-05T07:14:19.643410+00:00,926,coinmastertrad1
1099331,12713,"🟢 Long

#BCH/USDT

Entry : 

1) 245.79
2) 238.41

...262.60

🛑 Stop : 230.30

Leverage : 10x (isolated)",1a46fc6f81e52773a2184419f5ce4caf,2026-09-05T07:09:08+00:00,2026-09-05T07:14:19.636911+00:00,926,coinmastertrad1
1099329,12707,"#ACUUSDT — BUY (LONG) 
🎉
🟢 Leverage: Cross  50x

⚡...Risk Management:
Use only 2%– 3%of your portfolio.",9b6f0acc147d63a443b213c4fb4d02e0,2026-09-05T07:09:08+00:00,2026-09-05T07:14:19.623434+00:00,926,coinmastertrad1
1099327,12705,"📊 Let’s SHORT #BE/USDT

💥 Leverage:  Cross 20×  - ...: 

1) 255.0
2) 230.0
3) 200.0

🔖 Stop Loss: 275.0",c137893426375d5b62a2be396b753ba9,2026-09-05T07:09:08+00:00,2026-09-05T07:14:19.610250+00:00,926,coinmastertrad1
1099326,12706,"📊 Let’s SHORT #CLO/USDT

💥 Leverage:  Cross 10×  -...) 0.1170
2) 0.1090
3) 0.0960

🔖 Stop Loss: 0.13255",89f4fcf8e7fc9ffe3b13019e1dc7ce4e,2026-09-05T07:09:08+00:00,2026-09-05T07:14:19.589237+00:00,926,coinmastertrad1
1099323,12724,"LAUSDTUSDT  
Exchanges: BINGX 

🟢 Long
Leverage- C....07370000
6) 0.07500000
7) 🚀🚀🚀 

⛔️ SL:
0.06640000",e1481e62e3c54ee88250b8aa674ceb07,2026-09-05T07:09:08+00:00,2026-09-05T07:14:19.570440+00:00,926,coinmastertrad1
1099324,12708,"$XMR LONG 🟢

10x-15x Lev 

Entry -  532$

TP - 570$- 610$

SL: 499$",cd8f6970365339b86c97f1c90d44f388,2026-09-05T07:09:08+00:00,2026-09-05T07:14:19.569720+00:00,926,coinmastertrad1
1099321,12709,"$LTC LONG 🟢

10x-15x Lev 

Entry -  53.60-51.50$

TP - 57$- 60$$

SL: 49$",2413ce203c3b0851eb1ea0b4b72858fe,2026-09-05T07:09:08+00:00,2026-09-05T07:14:19.560214+00:00,926,coinmastertrad1
1099322,12711,"#SHORT 🔴 🔤🔤🔤🔤🔤

#TAC/USDT 

Margin Mode : Isolated...7

🟩 SL : 0.002568 - 100%

📊 LEV : 20X

🇯🇵 Premium",624fb633f50ee65ad357e9157d472ef1,2026-09-05T07:09:08+00:00,2026-09-05T07:14:19.555357+00:00,926,coinmastertrad1
1099316,12710,"⌛#BICO/USDT  ( LONG )

🍁 Leverage 👉 20X to 25X 

⛩... 0.02414 | 0.02438 | 0.02469

🔕 Stoploss = 0.02228",a4c1f69d06b4139686fe831f1c608537,2026-09-05T07:09:08+00:00,2026-09-05T07:14:19.514084+00:00,926,coinmastertrad1
1103039,12748,"📈 LONG #UAI/USDT

🚀 LEVERAGE : 50x

📊 ENTRY PRICE ...7

TP🟢0.490

TP🟢0.520

STOPLOSS 🔴0.440

REACTIONS?",8a5d4bd464804bddce9409811c151427,2026-09-05T08:38:01+00:00,2026-09-05T08:40:23.745881+00:00,926,coinmastertrad1
1103038,12749,"SOL/USDT My Short Trade Idea 💡

Leverage 100X

Ent....500

Stop Loss   101.500

Follow Money Management",fc6f7b10a7b512fa2ebd87b4fe860462,2026-09-05T08:38:01+00:00,2026-09-05T08:40:23.740150+00:00,926,coinmastertrad1
1103037,12753,"COIN: #UAI/USDT (LONG) SETUP

📊 Leverage 25x to 50...ENT IS KEY
Use only 1–2% of your capital per trade",81d45760a07bf5d2578fc63dbb9a291a,2026-09-05T08:38:01+00:00,2026-09-05T08:40:23.735803+00:00,926,coinmastertrad1
1103027,12754,"#UAI/USDT LONG     

👉Leverage : Cross 10× To 30×
...
1)  0.480
2)  0.497
3)  0.530

⭕Stoploss : 0.4435",88cf9362e4aac7bb034fcde508f8592e,2026-09-05T08:38:01+00:00,2026-09-05T08:40:23.678683+00:00,926,coinmastertrad1
1103042,12739,"✅ Long

#ZEC/USDT

Entry zone : 974.306 - 1004.44
...099.35
1129.34

Stop loss :934.1292

Leverage: 10x",ab688b9198dc2b16a557634c9a0716c0,2026-09-05T08:38:00+00:00,2026-09-05T08:40:23.802005+00:00,926,coinmastertrad1
1103040,12740,ZKP LONG 0.04979 TP1 0.05085,5121d37045cac4e1200ed4e97c96f336,2026-09-05T08:38:00+00:00,2026-09-05T08:40:23.747313+00:00,926,coinmastertrad1
1103036,12736,"#MUBARAKUSDT — BUY (LONG) 
🎉
🟢 Leverage: Cross  50...Risk Management:
Use only 2%– 3%of your portfolio.",51b17c9bd2e3bdb71781086799535897,2026-09-05T08:38:00+00:00,2026-09-05T08:40:23.732911+00:00,926,coinmastertrad1
1103034,12737,"Coin #FLOCK/USDT

Position: LONG 

Leverage:  Cros...rgets: 🎯 0.0520, 0.0535, 0.0550

Stop Loss: 0.0475",69cfa9ed8758516f83d74deb391a710e,2026-09-05T08:38:00+00:00,2026-09-05T08:40:23.724567+00:00,926,coinmastertrad1
1103031,12745,"🟢 LONG  - $MAV

-  Entry market: 0.01122
- Entry l... the funds if trading without caution & knowledge.",881dfc34a236b4da5a5867264543bf70,2026-09-05T08:38:00+00:00,2026-09-05T08:40:23.709404+00:00,926,coinmastertrad1
1103029,12743,"⭐️$UB/USDT  LONG 

🛡Leverage : Cross 25x50

‼️Entr....13430

Use only 3% - 5% amount of your portfolio🛍",c8b154c7a72184b70bac38bd21eee5a3,2026-09-05T08:38:00+00:00,2026-09-05T08:40:23.695551+00:00,926,coinmastertrad1
1103025,12744,"UBUSDTUSDT  
Exchanges: BINGX 

🟢 Long
Leverage- C....17575000
6) 0.18981000
7) 🚀🚀🚀 

⛔️ SL:
0.13430000",afdf6bfa12c0c05c89f03dfc4283f0bb,2026-09-05T08:38:00+00:00,2026-09-05T08:40:23.558322+00:00,926,coinmastertrad1
1103023,12738,"Coin #UAI/USDT

Position: LONG 

Leverage:  Cross ...rgets: 🎯 0.4800, 0.4950, 0.5100

Stop Loss: 0.4350",3d91726e1a79e61ad18a096f53c4b5bb,2026-09-05T08:38:00+00:00,2026-09-05T08:40:23.474033+00:00,926,coinmastertrad1
1103020,12741,"🚀 #ZKP/USDT LONG SIGNAL 🚀
📍 Entry: 0.04978


🎯 Tak... your risk, and let's catch this move together! 🪙🔥",e374f6c5bc0d0212782315c8ebb6f8a4,2026-09-05T08:38:00+00:00,2026-09-05T08:40:23.464961+00:00,926,coinmastertrad1
1103035,12733,"🚩 SHORT #MAGMA/USDT

⚙️ 50X LEVERAGE

🛡 Entry: 0.2...: 0.22500
TP3: 0.21200

🛑 SL: 0.27000

🔥REACTIONS?",93f315e828b5337b3126fbe071e2361d,2026-09-05T07:46:24+00:00,2026-09-05T08:40:23.725716+00:00,926,coinmastertrad1
1103044,12731,"Coin #AKE/USDT

Position: LONG 

Leverage:  Cross ...rgets: 🎯 0.0186, 0.0192, 0.0199

Stop Loss: 0.0168",c39cc0ca00a8233bb2e28db31e30b985,2026-09-05T07:44:04+00:00,2026-09-05T08:40:23.875444+00:00,926,coinmastertrad1
1103017,12728,"Short #AKE 50x 0.017900

Tp: 0.017300",ffdcb21fb8acc317eaf4e578b1c59994,2026-09-05T07:44:04+00:00,2026-09-05T08:40:23.019616+00:00,926,coinmastertrad1
1103019,12727,"DASHUSDTUSDT  
Exchanges: BINGX 

🟢 Long
Leverage-...5
4) 91.96
5) 99.32
6) 107.26
7) 🚀🚀🚀 

⛔️ SL:
1.00",98433e4efbdbdd46e526f4110b64ad59,2026-09-05T07:31:32+00:00,2026-09-05T08:40:23.221790+00:00,926,coinmastertrad1
1103018,12726,"🚩 LONG #B/USDT

⚙️ 75X LEVERAGE

🛡 Entry: 0.2035

...TP2: 0.2099
TP3: 0.2170

🛑 SL: 0.1850

🔥REACTIONS?",ab82d1ef877d5298b36c56ec0c2f4499,2026-09-05T07:31:32+00:00,2026-09-05T08:40:23.077461+00:00,926,coinmastertrad1
1103016,12725,B/USDT LONG NOW 📈,d88bf57ade9fd6d34f788e4ff598fd1a,2026-09-05T07:31:32+00:00,2026-09-05T08:40:22.989782+00:00,926,coinmastertrad1
1106234,12775,"Pair: #Q/USDT

Short • (20X)

Entry
0.028480

Targ... your own risk. Always use proper risk management.",3096d2844b5c9eb636133583b6f5146b,2026-09-05T10:02:13+00:00,2026-09-05T10:11:16.415466+00:00,926,coinmastertrad1
1106233,12771,"📇 Setup: 4/USDT 

SHORT Trade 🛫

✔️ Leverage : 50X... •0.02450
💰 Target 2 • 0.02410
💰 Target3 • 0.02360",244f951151efbbb39225be1b11e30aad,2026-09-05T10:02:13+00:00,2026-09-05T10:11:16.413409+00:00,926,coinmastertrad1
1106231,12774,"🔰 PAIR: HYPE/ USDT 💹

🟢Position: LONG🚀

☑️ Entry Z...:
🥇 84.932
🥈 85.103
🥉 85.526

❌ Stop Loss: 🔴84.272",d2b3aa71031216f50a17043191ebf594,2026-09-05T10:02:13+00:00,2026-09-05T10:11:16.393407+00:00,926,coinmastertrad1
1106230,12769,"✅Entry 0.001920 - 0.001880

(🆘LONG NOMUSDT 5-20x🆘)....002023
🏹Target 6  $0.002054

🚫Stop loss -0.001825",6f80b4e3bbc72f8cb9a2d486c27e46ca,2026-09-05T10:02:13+00:00,2026-09-05T10:11:16.390386+00:00,926,coinmastertrad1
1106227,12773,"📇 Setup: B/USDT 

SHORT Trade 🛫

✔️ Leverage : 75X... 1 •0.1850
💰 Target 2 • 0.18150
💰 Target3 • 0.1770",3e501516bbe0f24b24ac83ae66f0256d,2026-09-05T10:02:13+00:00,2026-09-05T10:11:16.358549+00:00,926,coinmastertrad1
1106232,12766,SOMI LONG 0.1215 TP1 0.1240,9b31a26a744c5f33234fd95447993eba,2026-09-05T09:48:31+00:00,2026-09-05T10:11:16.399165+00:00,926,coinmastertrad1
1106226,12765,"🔘 Coin : #UAI/USDT 🔘

🔴 SHORT

🔺Entry🔻: 0.4684

⭐️...95 - 0.4401

♦️ StopLoss : 0.4851

🔱 Leverage: 25x",74547cf06904328c0bf6d0b95fd8e69a,2026-09-05T09:48:31+00:00,2026-09-05T10:11:16.350573+00:00,926,coinmastertrad1
1106224,12767,"🚀 #SOMI/USDT LONG SIGNAL 🚀
📍 Entry: 0.1215


🎯 Tak... your risk, and let's catch this move together! 🪙🔥",4882a262060c3adee2bc3692f0da62b2,2026-09-05T09:48:31+00:00,2026-09-05T10:11:16.327011+00:00,926,coinmastertrad1
1106223,12763,"TRUMPUSDTUSDT  
Exchanges: BINGX 

🟢 Short
Leverag... 2.33
4) 2.30
5) 2.22
6) 2.18
7) 🚀🚀🚀 

⛔️ SL:
2.54",d31c3f6597c6cd9a93cf79efb15fe27c,2026-09-05T09:29:59+00:00,2026-09-05T10:11:16.319701+00:00,926,coinmastertrad1
1106218,12764,"Pair: #DASH/USDT

Short • (10X-50X)

Entry
66.60 -... your own risk. Always use proper risk management.",dd5face5b6372223f9ecfdfd1eee2396,2026-09-05T09:29:59+00:00,2026-09-05T10:11:16.145637+00:00,926,coinmastertrad1
1106220,12760,"🚀 LONG: $AKE/USDT
LEVERAGE: 50x

✔️ENTRY PRICE: 0....0-0.02080-0.02200

STOP LOSS:  0.01830

REACTIONS?",3885efa4fe620bff4b217259f9ed9c5c,2026-09-05T09:29:58+00:00,2026-09-05T10:11:16.265538+00:00,926,coinmastertrad1
1106219,12759,"#4/USDT SHORT     

👉Leverage : Cross 10× To 30×

...  0.0249
2)  0.0239
3)  0.0227

⭕Stoploss : 0.0285",b58893f54bd6168ade94343dd462d0e4,2026-09-05T09:20:17+00:00,2026-09-05T10:11:16.154671+00:00,926,coinmastertrad1
1106225,12758,"Coin #AKE/USDT

Position: LONG 

Leverage:  Cross ...rgets: 🎯 0.0187, 0.0194, 0.0202

Stop Loss: 0.0172",0e7af6654dd50fe2c1b12204c9a9b7ce,2026-09-05T09:15:04+00:00,2026-09-05T10:11:16.351906+00:00,926,coinmastertrad1
1106217,12755,"🔴 Short

Pair: #BNB/USDT

📊 Entry Price: 

1) 748....
4) 697.115

Stop Loss: 796.112

Leverage: 10x-20x",da69c7bd61298a6cf4982bd98489fbaf,2026-09-05T09:15:04+00:00,2026-09-05T10:11:15.960087+00:00,926,coinmastertrad1
1107644,12777,"🔘 Coin : #AKE/USDT 🔘

🔴 SHORT

🔺Entry🔻: 0.018966

... 0.017449

♦️ StopLoss : 0.019664

🔱 Leverage: 25x",4153689b7a2ffe7aedd1a269a0cfcf23,2026-09-05T10:12:23+00:00,2026-09-05T11:31:06.458378+00:00,926,coinmastertrad1
1107643,12776,"HYPEUSDTUSDT  
Exchanges: BINGX 

🟢 Long
Leverage-...
4) 92.37
5) 99.76
6) 107.74
7) 🚀🚀🚀 

⛔️ SL:
84.27",1b5b3689d2d2e94dc8c888090ce800fc,2026-09-05T10:12:23+00:00,2026-09-05T11:31:06.455865+00:00,926,coinmastertrad1
1109043,12791,"🔴 SHORT

#ALGO/USDT

Entry : 

1) 0.096650
2) 0.09...9963

🛑 Stop : 0.102738

Leverage : 10x (isolated)",e3fdbcb1e3a0f2583a5525689cc3931e,2026-09-05T12:51:31+00:00,2026-09-05T13:12:09.103645+00:00,926,coinmastertrad1
1109042,12785,"🚨 #AKE/USDT | LONG

⚡Leverage: Cross 25x

🎯Entry T... follow the signal and secure profits at targets.💎",29ada89c5623581f17ea3d46b1073fa7,2026-09-05T12:51:30+00:00,2026-09-05T13:12:09.104873+00:00,926,coinmastertrad1
1109040,12787,"💰#AKE / USDT👑

💎Setup Type: Strong LONG  🔖Opportun...➝ 0.025000

4️⃣TP ➝ 0.037000

🚫Stop Loss: 0.015000",8fec6e8d2c0319038426ab3a6beac40a,2026-09-05T12:51:30+00:00,2026-09-05T13:12:09.071885+00:00,926,coinmastertrad1
1109048,12784,"⭐️$FLOCK/USDT  SHORT

🛡Leverage : Cross 25x50

‼️E....06683

Use only 3% - 5% amount of your portfolio🛍",6d43efdc7c43bd1fe08dee320a0c86ac,2026-09-05T11:44:00+00:00,2026-09-05T13:12:09.127361+00:00,926,coinmastertrad1
1109045,12782,"Long 

 $LINK:

TP: 12.1
SL: 11.6 

I typed wrong guys, no problem!",f3a7af251ae2b8fbec2c19ba6f7b89f2,2026-09-05T11:42:55+00:00,2026-09-05T13:12:09.112615+00:00,926,coinmastertrad1
1109041,12781,"BANANAUSDTUSDT  
Exchanges: BINGX 

🟢 Long
Leverag... 4.85
4) 5.24
5) 5.66
6) 6.11
7) 🚀🚀🚀 

⛔️ SL:
5.00",a03219fdaa6b70107170f6fbf373e7ab,2026-09-05T11:42:55+00:00,2026-09-05T13:12:09.088268+00:00,926,coinmastertrad1
1109037,12779,"🚀 LONG: $1000CAT/USDT🚀
LEVERAGE: 20X-50X

🤍 ENTRY ...30- 0.0027
—————

❌ STOP LOSS: 0.0020❌


REACTIONS",8852841316ea1d138c20254d240cced2,2026-09-05T11:42:55+00:00,2026-09-05T13:12:08.928381+00:00,926,coinmastertrad1
1109036,12778,"CTRUSDT - LONG ( Swing trade ) 📈

Entry : Market p...*0.011
0.0113
0.0118
0.0125*

Stoploss at : 0.0083",fc053a7aee278c2e03424404c87f19f3,2026-09-05T11:42:54+00:00,2026-09-05T13:12:08.925555+00:00,926,coinmastertrad1
1111032,12805,"📇 Setup: AKE/USDT 

LONG Trade 🛫

✔️ Leverage : 75....019900
💰 Target 2 • 0.020200
💰 Target3 • 0.020600",5cee648926bfb03c871cf3e8b5e05570,2026-09-05T14:20:58+00:00,2026-09-05T14:39:10.378785+00:00,926,coinmastertrad1
1111041,12803,"⭐️$AKE/USDT  LONG

🛡Leverage : Cross 25x50

‼️Entr...015548

Use only 3% - 5% amount of your portfolio🛍",05fdfb2f43b3c561129e1dc624df5954,2026-09-05T14:18:12+00:00,2026-09-05T14:39:10.632163+00:00,926,coinmastertrad1
1111043,12800,"📈 LONG #4/USDT

🚀 LEVERAGE : 50x

📊 ENTRY PRICE   ...P🟢0.0275

TP🟢0.0290

STOPLOSS 🔴0.0235


REACTIONS?",e1f870cc4f1b00c8c3f2e8c706d71cdb,2026-09-05T14:12:09+00:00,2026-09-05T14:39:10.702005+00:00,926,coinmastertrad1
1111039,12797,"#SHORT 🔴 🔤🔤🔤🔤🔤

#NEAR/USDT 

Margin Mode : Isolate....003

🟩 SL : 2.302 - 100%

📊 LEV : 20X

🇯🇵 Premium",7ec4635b6cac295749c2995a2e2a07c1,2026-09-05T14:12:09+00:00,2026-09-05T14:39:10.600079+00:00,926,coinmastertrad1
1111037,12801,"AKEUSDTUSDT  
Exchanges: BINGX 

🟢 Long
Leverage- ....02461000
6) 0.02658000
7) 🚀🚀🚀 

⛔️ SL:
0.01760000",5944b7f1e07f689466da7ebdaa57eca9,2026-09-05T14:12:09+00:00,2026-09-05T14:39:10.545581+00:00,926,coinmastertrad1
1111035,12799,"🚀 #TUT/USDT LONG SIGNAL 🚀
📍 Entry: 0.02905


🎯 Tak... your risk, and let's catch this move together! 🪙🔥",b67d0167f757a40fc597062f6fa01ef1,2026-09-05T14:12:09+00:00,2026-09-05T14:39:10.515278+00:00,926,coinmastertrad1
1111042,12796,"🔴 SHORT

#ADA/USDT

Entry zone : 0.22237 - 0.21590....19528
0.18877

Stop loss :0.231013

Leverage: 10x",277bb5128deae2812e506309293bf5b3,2026-09-05T13:27:49+00:00,2026-09-05T14:39:10.652973+00:00,926,coinmastertrad1
1111038,12792,"LTCUSDTUSDT  
Exchanges: BINGX 

🟢 Short
Leverage-...1
4) 51.07
5) 49.48
6) 48.41
7) 🚀🚀🚀 

⛔️ SL:
56.39",f360eac1d419f89dcaf765a137aa0ef5,2026-09-05T13:27:49+00:00,2026-09-05T14:39:10.549511+00:00,926,coinmastertrad1
1111029,12795,"🔴 Short

Pair: #DOGE/USDT

📊 Entry Price: 

1) 0.0...) 0.081083

Stop Loss: 0.092597

Leverage: 10x-20x",23cc5b20dc4d49bd8c10aca280863197,2026-09-05T13:27:49+00:00,2026-09-05T14:39:10.336627+00:00,926,coinmastertrad1
1114541,12847,"LONG —AAVE

Entry: 131.01

Targets: 132.35 / 134.6... 144.30

Stop: 124.41

Move SL to entry after TP1.",1cb47b7d77a9cdf67b7822f5a443dabc,2026-09-05T15:35:02+00:00,2026-09-05T16:08:55.044736+00:00,926,coinmastertrad1
1114539,12845,"🚩 LONG #UAI/USDT

⚙️ 50X LEVERAGE

🛡 Entry: 0.4675...TP2: 0.4900
TP3: 0.5150

🛑 SL: 0.4000

🔥REACTIONS?",d6066c412b05368c868f19fd4c6efac9,2026-09-05T15:35:02+00:00,2026-09-05T16:08:54.958214+00:00,926,coinmastertrad1
1114522,12844,UAI/USDT LONG NOW,55cf560395d0abf19890cfbc70a51ad1,2026-09-05T15:35:02+00:00,2026-09-05T16:08:54.730688+00:00,926,coinmastertrad1
1114518,12846,"🚨 #TRADOOR/USDT | LONG

⚡Leverage: Cross 25x

🎯Ent... follow the signal and secure profits at targets.💎",f14cabeccbe53ed90712bc7da67b5f2e,2026-09-05T15:35:02+00:00,2026-09-05T16:08:54.617818+00:00,926,coinmastertrad1
1114544,12838,"➡️ #1000CAT   /USDT (SHORT) 🔽🔽

⌛LEVERAGE : 20X TO...9


💥Use only 1%margin of your total portfolio❤️😘😇",381c646c8d61e6a42f94d97335cc6018,2026-09-05T15:34:34+00:00,2026-09-05T16:08:55.063045+00:00,926,coinmastertrad1
1114532,12837,"PEPEUSDTUSDT  
Exchanges: BINGX 

🟢 Long
Leverage-... 3.78
4) 4.00
5) 6.00
6) 6.00
7) 🚀🚀🚀 

⛔️ SL:
3.28",f5069b55bfb2fd130ab3615e3dbfdfa1,2026-09-05T15:34:33+00:00,2026-09-05T16:08:54.884720+00:00,926,coinmastertrad1
1132644,13027,"🔘 Coin : #AR/USDT 🔘

🟢 LONG

🔺Entry🔻: 3.009

⭐️ Ta....123 - 3.183

♦️ StopLoss : 2.904

🔱 Leverage: 25x",0fdff1bd9a7ca6f9604e8e6732d7c1b4,2026-09-06T10:07:46+00:00,2026-09-06T10:10:55.753043+00:00,926,coinmastertrad1
1132642,13024,"Long #ZEC 75x 1,190

Tp: 1,210",4cfb6a29f45f8e5c0f6071a09bd8dd53,2026-09-06T10:07:46+00:00,2026-09-06T10:10:55.739078+00:00,926,coinmastertrad1
1132640,13005,"🟢 Long

#DASH/USDT

Entry : 

1) 65.36
2) 63.39

T...) 69.83

🛑 Stop : 61.24

Leverage : 10x (isolated)",6da6fe35331c393099feed139b19eeda,2026-09-06T10:07:46+00:00,2026-09-06T10:10:55.734619+00:00,926,coinmastertrad1
1132638,13007,"🔴 SHORT

#ZEC/USDT

Entry : 

1) 1071.19
2) 1103.3...7.079

🛑 Stop : 1138.67

Leverage : 10x (isolated)",acbcbf7023b9a985dd703659270bde70,2026-09-06T10:07:46+00:00,2026-09-06T10:10:55.719285+00:00,926,coinmastertrad1
1132637,13025,AKT LONG 0.5563 TP1 0.5680,d11942e72e50db0f613e9544ad9e2aec,2026-09-06T10:07:46+00:00,2026-09-06T10:10:55.707461+00:00,926,coinmastertrad1
1132636,13019,"⭐️$ARB/USDT  LONG

🛡Leverage : Cross 25x50

‼️Entr....16500

Use only 3% - 5% amount of your portfolio🛍",1647b16d6f90b12635bbd5bfd24f1024,2026-09-06T10:07:46+00:00,2026-09-06T10:10:55.690616+00:00,926,coinmastertrad1
1132630,13029,"🔴 Short

Pair: #ZEC/USDT

📊 Entry Price: 

1) 1184...
4) 1102.40

Stop Loss: 1258.95

Leverage: 10x-20x",759662f7a8e3979d732221676e6e50d1,2026-09-06T10:07:46+00:00,2026-09-06T10:10:55.631305+00:00,926,coinmastertrad1
1132629,13021,"📈 LONG #FLOCK/USDT

🚀 LEVERAGE : 50x

📊 ENTRY PRIC...P🟢0.0850

TP🟢0.0900

STOPLOSS 🔴0.0750


REACTIONS?",e01890facf6abe0646ad30634080d414,2026-09-06T10:07:46+00:00,2026-09-06T10:10:55.630393+00:00,926,coinmastertrad1
1132626,13008,"💵 𝐒𝐈𝐆𝐍𝐀𝐋 𝐀𝐋𝐄𝐑𝐓 💵

#UAI/USDT (25xLONG)

✅ ENTRY:0.6...6350

TARGETS:-0.68/0.73/0.79

❌ STOP LOSS: 0.5650",4cb741d0fa237fb2d34f8515ab15e437,2026-09-06T10:07:46+00:00,2026-09-06T10:10:55.616313+00:00,926,coinmastertrad1
1132625,13013,"⚡ #EIGEN/USDT

📤 Long 

💹 Buy: 0.2096 - 0.2040

🧿 ...200 - 0.2222

🧨 StopLoss: 0.2000 

🔘 Leverage: 20x",a32343c10e3fdb6d70cbbc1a575d4b69,2026-09-06T10:07:46+00:00,2026-09-06T10:10:55.613937+00:00,926,coinmastertrad1
1132623,13016,"📊 Let’s LONG #MET/USDT

💥 Leverage:  Cross 20×  - ...gets: 

1) 0.22
2) 0.25
3) 0.29

🔖 Stop Loss: 0.18",eaea177339db99de6dd4dad3cd5363ef,2026-09-06T10:07:46+00:00,2026-09-06T10:10:55.604387+00:00,926,coinmastertrad1
1132622,13010,"UAIUSDTUSDT  
Exchanges: BINGX 

🟢 Long
Leverage- ...4) 1.00
5) 1.08
6) 1.17
7) 🚀🚀🚀 

⛔️ SL:
0.52000000",e03bbb7e298a4bca918dad5820694386,2026-09-06T10:07:46+00:00,2026-09-06T10:10:55.590987+00:00,926,coinmastertrad1
1132621,13006,"🟢 Long

#TRX/USDT

Entry : 

1) 0.33285
2) 0.32286...35562

🛑 Stop : 0.31188

Leverage : 10x (isolated)",215299bfb25be439ec0a7e0616473d56,2026-09-06T10:07:46+00:00,2026-09-06T10:10:55.585922+00:00,926,coinmastertrad1
1132618,13012,"SUSHIUSDTUSDT  
Exchanges: BINGX 

🟢 Long
Leverage...4) 1.26
5) 1.36
6) 1.47
7) 🚀🚀🚀 

⛔️ SL:
0.22250000",5dc155423459bab441f9efb2c203ca50,2026-09-06T10:07:46+00:00,2026-09-06T10:10:55.575006+00:00,926,coinmastertrad1
1132617,13023,"🔰 PAIR: SUI/ USDT 💹

🟢Position: LONG🚀

☑️ Entry Zo...:
🥇 0.7950
🥈 0.7991
🥉 0.8072

❌ Stop Loss: 🔴0.7800",905c76aca28b3cd07b3b8a7d080a3c41,2026-09-06T10:07:46+00:00,2026-09-06T10:10:55.571818+00:00,926,coinmastertrad1
1132616,13018,"✅ Long

#BNB/USDT

Entry zone : 733.300 - 755.980
...27.420
849.986

Stop loss :703.0614

Leverage: 10x",2ceffcfb967cfbc6075dcec99a9ba499,2026-09-06T10:07:46+00:00,2026-09-06T10:10:55.571115+00:00,926,coinmastertrad1
1132615,13026,"🚀 #AKT/USDT LONG SIGNAL 🚀
📍 Entry: 0.5563


🎯 Take... your risk, and let's catch this move together! 🪙🔥",d2ce73be29ffde0d53ccd98c137be69b,2026-09-06T10:07:46+00:00,2026-09-06T10:10:55.555603+00:00,926,coinmastertrad1
1132614,13009,"Scalp Short $BTC - 79700🔴

SL - 80200 ❌

TP - 79200-78600🚀

Lev - 10x",b26e7461255229b23168f150a4a1c4f2,2026-09-06T10:07:46+00:00,2026-09-06T10:10:55.553794+00:00,926,coinmastertrad1
1132603,13004,"🟢 LONG  - $ZEN

- Entry market: 7.716
- Entry limi... the funds if trading without caution & knowledge.",a83cefec7eb7305a13e74b3caf360d66,2026-09-06T10:07:46+00:00,2026-09-06T10:10:55.496399+00:00,926,coinmastertrad1
1132601,13020,"📊 #SOLV/USDT

🟢 POSITION: LONG

💰 ENTRY RANGE
➤ 0....➤ 0.0031

━━━━━━━━━━━━━━━━━━

✅ Manage risk wisely",c260a307801fa5935a0eef6b74e27d7c,2026-09-06T10:07:46+00:00,2026-09-06T10:10:55.468521+00:00,926,coinmastertrad1
1132594,13017,"DASH/USDT

SHORT SHORT SHORT 

OPEN MARKET PRICE 
...9.30
TP 69.00
TP 68.80
TP 68.40

SL 74.55

LEV 32X",4930ac585ede50b2cb5f81a4c020e673,2026-09-06T10:07:46+00:00,2026-09-06T10:10:55.397583+00:00,926,coinmastertrad1
1132592,13028,"XRPUSDTUSDT  
Exchanges: BINGX 

🟢 Short
Leverage-... 1.38
4) 1.36
5) 1.32
6) 1.29
7) 🚀🚀🚀 

⛔️ SL:
1.50",51ee8d521969c07a8ea05c40aacc3b44,2026-09-06T10:07:46+00:00,2026-09-06T10:10:55.366716+00:00,926,coinmastertrad1
1132586,13014,"✅ Long

Pair: #LTC/USDT

📊 Entry Price: 

1) 53.82...6.37
4) 57.50

Stop Loss: 50.42

Leverage: 10x-20x",0f8a95d02a770c1803f34ca1a4f8ca25,2026-09-06T10:07:46+00:00,2026-09-06T10:10:55.295119+00:00,926,coinmastertrad1
1132645,12987,"📊#SUSHI/USDT–SHORT–30x 🚀

📍 𝐄𝐧𝐭𝐫𝐲 𝐙𝐨𝐧𝐞:

➥ 0.235, ...tal.

⚠️ Disclaimer:
Trade at your own risk. DYOR.",7a9736b25be874a81147c2fd32f20572,2026-09-06T10:07:45+00:00,2026-09-06T10:10:55.775903+00:00,926,coinmastertrad1
1132643,12998,"COIN: #IOST/USDT (LONG) SETUP

📊 Leverage 25x to 5...ENT IS KEY
Use only 1–2% of your capital per trade",efe6496f3c2278b1d977598fcc39cefe,2026-09-06T10:07:45+00:00,2026-09-06T10:10:55.745164+00:00,926,coinmastertrad1
1132634,12996,"🛎️ Trade: #DOT/USDT

Direction: 📈 LONG 

🟢 Entry R...52
• Target 6: 0.9850

💠 Leverage : 5x - 10x - 20x",b101f300efab785f092aaad0c63d43aa,2026-09-06T10:07:45+00:00,2026-09-06T10:10:55.672499+00:00,926,coinmastertrad1
1132627,12988,"📍Coin : #ARB/USDT

🔴 SHORT 

👉 Entry: 0.1919 - 0.1...t 5: 0.1825
🎯 Target 6: 0.1807

❌ StopLoss: 0.1999",61af6edc31600d76e2d8bacbf48769e5,2026-09-06T10:07:45+00:00,2026-09-06T10:10:55.626454+00:00,926,coinmastertrad1
1132610,13002,"Pair: #BLESS/USDT

Long • (20X)

Entry
0.009260 - ...t your own risk. Always use proper risk management",fbd27491d38c8d1e35c5300ec6e66eee,2026-09-06T10:07:45+00:00,2026-09-06T10:10:55.517041+00:00,926,coinmastertrad1
1132608,12995,"🌈PAIR:- ZEC/USDT
⚡️ Direction : LONG
🛠 Leverage: C...nt Usage:- 1 - 2%
(According To your Risk Setting)",4eb558ec122d50298d4b00c2aff1f81e,2026-09-06T10:07:45+00:00,2026-09-06T10:10:55.510338+00:00,926,coinmastertrad1
1132606,12985,"ZENUSDTUSDT  
Exchanges: BINGX 

🟢 Long
Leverage- ...45
4) 10.20
5) 11.02
6) 11.90
7) 🚀🚀🚀 

⛔️ SL:
1.00",ca78cb453867d82331b8eea833477df0,2026-09-06T10:07:45+00:00,2026-09-06T10:10:55.500934+00:00,926,coinmastertrad1
1132600,12992,"🐳 STRK/USDT #LONG🐳

✳️ ENTRY :- 0.03170 - 0.03000
...0.03930

⛔️ STOP-LOSS :- 0.028

☝️ Margin Use 2–3%",7a8f4c9c6c92ee7eb011f3daf06a8d0e,2026-09-06T10:07:45+00:00,2026-09-06T10:10:55.467789+00:00,926,coinmastertrad1
1132599,12994,"🌈PAIR:- ZEC/USDT
⚡️ Direction : LONG
🛠 Leverage: C...nt Usage:- 1 - 2%
(According To your Risk Setting)",370296c5d65de4120733ce6574c3209e,2026-09-06T10:07:45+00:00,2026-09-06T10:10:55.412958+00:00,926,coinmastertrad1
1132596,13000,"🚀 LONG: $XAN/USDT🚀
LEVERAGE: 20X-50X

🤍 ENTRY PRIC...- 0.01870
—————

❌ STOP LOSS: 0.01380❌


REACTIONS",ebc30fa4732d0157db15cff40b024cbc,2026-09-06T10:07:45+00:00,2026-09-06T10:10:55.401363+00:00,926,coinmastertrad1
1132595,12993,"#SHORT 🔴 🔤🔤🔤🔤🔤

#MARSCOIN/USDT 

Margin Mode : Iso...47

🟩 SL : 0.23529 - 100%

📊 LEV : 20X

🇯🇵 Premium",06d5350a9e14f9a1edbd42e8b82bab77,2026-09-06T10:07:45+00:00,2026-09-06T10:10:55.399122+00:00,926,coinmastertrad1
1132590,12999,"🟢FLOCK/USDT 📈

📈 long Setup 

💰 Entry Zone: 0.072–...et 1. 
✅ Move SL to breakeven after Target 1 hits.",d881c52d1cc20f97c868c81b2e827665,2026-09-06T10:07:45+00:00,2026-09-06T10:10:55.356685+00:00,926,coinmastertrad1
1132585,12990,"⌛#SUI/USDT  ( SHORT )

🍁 Leverage 👉 20X to 25X 

⛩...15 | 0.7653 | 0.7565 | 0.7469

🔕 Stoploss = 0.8238",552aeb8cbfd165d2818ef27410cc8c90,2026-09-06T10:07:45+00:00,2026-09-06T10:10:55.293826+00:00,926,coinmastertrad1
1132582,13001,"Pair: #SUSHI/USDT

Long • (20X)

Entry
0.2415 - 0....t your own risk. Always use proper risk management",ff86911e480449f106fcf54f61ef5b15,2026-09-06T10:07:45+00:00,2026-09-06T10:10:55.274292+00:00,926,coinmastertrad1
1132641,12976,"⚡️⚡️ #CELO/USDT ⚡️⚡️
Exchanges: Bingx 
Signal Type...
5) 0.08490
6) 0.08610
7) 🚀🚀🚀

Stop Targets:
5-10%",84063820d0f4237d224f67a65d26bae9,2026-09-06T10:07:44+00:00,2026-09-06T10:10:55.738162+00:00,926,coinmastertrad1
1132633,12971,"⚡️⚡️ #1000000BOB/USDT ⚡️⚡️
Exchanges: Bingx 
Signa...
5) 0.02055
6) 0.02084
7) 🚀🚀🚀

Stop Targets:
5-10%",d46e095cfdec2fe2b547c1995b1a2064,2026-09-06T10:07:44+00:00,2026-09-06T10:10:55.673392+00:00,926,coinmastertrad1
1132631,12966,"APTUSDTUSDT  
Exchanges: BINGX 

🟢 Long
Leverage- ....74499000
6) 0.80459000
7) 🚀🚀🚀 

⛔️ SL:
0.56663000",3d69f0e1971fb028dcbab62d7ec1e8e6,2026-09-06T10:07:44+00:00,2026-09-06T10:10:55.628816+00:00,926,coinmastertrad1
1132620,12970,"⚡️⚡️ #1000000MOG/USDT ⚡️⚡️
Exchanges: Bingx 
Signa...
5) 0.11384
6) 0.11546
7) 🚀🚀🚀

Stop Targets:
5-10%",33e962facaf26c07b90b6571a2017eab,2026-09-06T10:07:44+00:00,2026-09-06T10:10:55.577758+00:00,926,coinmastertrad1
1132613,12967,"ZECUSDTUSDT  
Exchanges: BINGX 

🟢 Short
Leverage-...997.08
5) 917.31
6) 843.93
7) 🚀🚀🚀 

⛔️ SL:
1158.49",b9d6b72fdebcb39c69053c255d4d1e1f,2026-09-06T10:07:44+00:00,2026-09-06T10:10:55.543729+00:00,926,coinmastertrad1
1132604,12974,"⚡️⚡️ #ARK/USDT ⚡️⚡️
Exchanges: Bingx 
Signal Type:...
5) 0.12550
6) 0.12728
7) 🚀🚀🚀

Stop Targets:
5-10%",b6822953ef980330181fa3327edb6fb0,2026-09-06T10:07:44+00:00,2026-09-06T10:10:55.499051+00:00,926,coinmastertrad1
1132598,12973,"⚡️⚡️ #ATH/USDT ⚡️⚡️
Exchanges: Bingx 
Signal Type:...
5) 0.00494
6) 0.00501
7) 🚀🚀🚀

Stop Targets:
5-10%",f9d070a9ab2b0ed2197e99383ec595a2,2026-09-06T10:07:44+00:00,2026-09-06T10:10:55.408417+00:00,926,coinmastertrad1
1132591,12962,"#NIL USDT — BUY (LONG) 
🎉
🟢 Leverage: Cross  75x

...Risk Management:
Use only 2%– 3%of your portfolio.",12177c146b7e52655cdf8bc5690d91d2,2026-09-06T10:07:44+00:00,2026-09-06T10:10:55.360653+00:00,926,coinmastertrad1
1132589,12963,"📊#UAI/USDT — LONG

⚡️ Leverage : 5X – 10X

💹Entry ...Entry After TP1

⚖️ Follow Proper Risk Management.",b955da7fc26089cc6673a72b488a0048,2026-09-06T10:07:44+00:00,2026-09-06T10:10:55.350717+00:00,926,coinmastertrad1
1132588,12972,"⚡️⚡️ #AERO/USDT ⚡️⚡️
Exchanges: Bingx 
Signal Type...
5) 0.57452
6) 0.58265
7) 🚀🚀🚀

Stop Targets:
5-10%",b60f29a895d52bcf1e951baa219dac63,2026-09-06T10:07:44+00:00,2026-09-06T10:10:55.328450+00:00,926,coinmastertrad1
1132577,12975,"⚡️⚡️ #CRV/USDT ⚡️⚡️
Exchanges: Bingx 
Signal Type:...
5) 0.40089
6) 0.40657
7) 🚀🚀🚀

Stop Targets:
5-10%",6ba6a49161049dad09f913b3100f2e0f,2026-09-06T10:07:44+00:00,2026-09-06T10:10:55.222972+00:00,926,coinmastertrad1
1132574,12964,"APTUSDTUSDT  
Exchanges: BINGX 

🟢 Short
Leverage-....53238000
6) 0.48979000
7) 🚀🚀🚀 

⛔️ SL:
0.64502000",ca3456709f133ec1845ee0c69bc81dce,2026-09-06T10:07:44+00:00,2026-09-06T10:10:55.217259+00:00,926,coinmastertrad1
1132571,12969,"RLCUSDTUSDT  
Exchanges: BINGX 

🟢 Long
Leverage- ....36526000
6) 0.39448000
7) 🚀🚀🚀 

⛔️ SL:
0.29660000",6d84c62789e9a1b1586fbc02d865a79d,2026-09-06T10:07:44+00:00,2026-09-06T10:10:55.121855+00:00,926,coinmastertrad1
1132526,12866,"NEARUSDTUSDT  
Exchanges: BINGX 

🟢 Short
Leverage... 2.12
4) 2.06
5) 2.00
6) 1.84
7) 🚀🚀🚀 

⛔️ SL:
2.30",e83ff013fe59e76b0dc276425feb3e18,2026-09-06T10:01:56+00:00,2026-09-06T10:09:22.607609+00:00,926,coinmastertrad1
1132521,12859,"Pair: #OP/USDT

Short • (25X)

Entry
0.10106 - 0.1... your own risk. Always use proper risk management.",70c95cf96be351bc7d9e79c8db6ee5ff,2026-09-06T10:01:56+00:00,2026-09-06T10:09:22.584553+00:00,926,coinmastertrad1
1132515,12870,"BNBUSDTUSDT  
Exchanges: BINGX 

🟢 Short
Leverage-... 739.43
5) 716.32
6) 700.92
7) 🚀🚀🚀 

⛔️ SL:
816.45",4fe04cbe3db818b6d534973c84a68cc2,2026-09-06T10:01:56+00:00,2026-09-06T10:09:22.478996+00:00,926,coinmastertrad1
1132514,12862,"✅ Long

Pair: #RLC/USDT

📊 Entry Price: 

1) 0.316...16
4) 0.3382

Stop Loss: 0.2966

Leverage: 10x-20x",30bf124fa84616b061d09c4df26ab628,2026-09-06T10:01:56+00:00,2026-09-06T10:09:22.468865+00:00,926,coinmastertrad1
1132497,12857,"STRKUSDTUSDT  
Exchanges: BINGX 

🟢 Short
Leverage....02475000
6) 0.02277000
7) 🚀🚀🚀 

⛔️ SL:
0.02999000",3b2b6535a91189e13cb8842428d712e9,2026-09-06T10:01:56+00:00,2026-09-06T10:09:22.369885+00:00,926,coinmastertrad1
1132488,12874,"🔴 SHORT

#XMR/USDT

Entry zone : 572.06 - 555.40

...0
502.35
485.61

Stop loss :594.278

Leverage: 10x",a5686deb609ef0ee227c925634ce0cd8,2026-09-06T10:01:56+00:00,2026-09-06T10:09:22.305725+00:00,926,coinmastertrad1
1132491,12872,"🚨 #SOL/USDT | LONG

⚡Leverage: Cross 100x

🎯Entry ... follow the signal and secure profits at targets.💎",83e72661e35260f2092ed718142a4137,2026-09-06T10:01:56+00:00,2026-09-06T10:09:22.299816+00:00,926,coinmastertrad1
1132482,12858,"OPUSDTUSDT  
Exchanges: BINGX 

🟢 Short
Leverage- ....71639000
6) 0.65908000
7) 🚀🚀🚀 

⛔️ SL:
0.10400000",3430fd1117b8475e7e85f4d6c17ab605,2026-09-06T10:01:56+00:00,2026-09-06T10:09:22.259463+00:00,926,coinmastertrad1
1132477,12867,"✅ Long

#ONT/USDT

Entry zone : 0.053970 - 0.05564...0897
0.062558

Stop loss :0.0517452

Leverage: 10x",5fbeb3cb529b6784127ff961d73d9e6d,2026-09-06T10:01:56+00:00,2026-09-06T10:09:22.188859+00:00,926,coinmastertrad1
1132476,12861,"🚀 #MAGMA/USDT LONG SIGNAL 🚀
📍 Entry: 0.2852


🎯 Ta... your risk, and let's catch this move together! 🪙🔥",b43f89db4307c54f2bf8f31ff6e8363a,2026-09-06T10:01:56+00:00,2026-09-06T10:09:22.183740+00:00,926,coinmastertrad1
1132475,12873,"XMRUSDTUSDT  
Exchanges: BINGX 

🟢 Short
Leverage-... 502.35
5) 485.61
6) 446.76
7) 🚀🚀🚀 

⛔️ SL:
594.28",561f184a7c7b36412c47f20b0c65b7ff,2026-09-06T10:01:56+00:00,2026-09-06T10:09:22.128455+00:00,926,coinmastertrad1
1132473,12856,"✨OP/USDT

🎗 Trade Type = SHORT 🔴

⭐️ Leverage :- 2...[ 0.0989, 0.0980, 0.0970, 0.0959, 0.0949, 0.0938 ]",4b4fd0630be4225bf0dd4a30f6527ed2,2026-09-06T10:01:56+00:00,2026-09-06T10:09:22.101417+00:00,926,coinmastertrad1
1132470,12871,"TRXUSDTUSDT  
Exchanges: BINGX 

🟢 Long
Leverage- ....44090000
6) 0.47617000
7) 🚀🚀🚀 

⛔️ SL:
0.33000000",b5016c9fadd901e1807408fb11eaa6a7,2026-09-06T10:01:56+00:00,2026-09-06T10:09:22.049438+00:00,926,coinmastertrad1
1132463,12863,"$WLDUSDT

LONG

RR : 2

LEVERAGE : 30x

ENTRY : 0....969

TAKE PROFITS 👇

1️⃣ 0.4101

STOPLOSS : 0.3904",bcaddc5ed74ecefc5758d5f15b3a36b6,2026-09-06T10:01:56+00:00,2026-09-06T10:09:21.859323+00:00,926,coinmastertrad1
1132461,12851,"NIULAIUSDTUSDT  
Exchanges: BINGX 

🟢 Short
Levera....08887000
6) 0.08176000
7) 🚀🚀🚀 

⛔️ SL:
0.13880000",1492dc42ff92d278bab9b442379b712f,2026-09-06T10:01:56+00:00,2026-09-06T10:09:21.822788+00:00,926,coinmastertrad1
1132460,12852,"🟢 SPOT SIGNAL — BINANCE

#OPN/USDT 🥂

📍 BUY ZONE: ...⚠️ Spot Trade — No Leverage
📌 Manage Risk Properly",f879a1289a73e1bda319c8c266505bd4,2026-09-06T10:01:56+00:00,2026-09-06T10:09:21.813282+00:00,926,coinmastertrad1
1132452,12848,"SUSHIUSDTUSDT  
Exchanges: BINGX 

🟢 Long
Leverage....21848000
6) 0.23596000
7) 🚀🚀🚀 

⛔️ SL:
0.17740000",bbaf5d45212d8e2d26cad8018bcb1216,2026-09-06T10:01:55+00:00,2026-09-06T10:09:20.823082+00:00,926,coinmastertrad1
1140477,13088,ARB SHORT 0.1861 TP1 0.1820,3d622a8f14732c79d7236064cd28ad55,2026-09-06T15:08:32+00:00,2026-09-06T15:13:38.460101+00:00,926,coinmastertrad1
1140470,13091,"COIN: #XAN/USDT (LONG) SETUP

📊 Leverage 25x to 50...ENT IS KEY
Use only 1–2% of your capital per trade",b876ca1226f13e2d7f3e6cb754785706,2026-09-06T15:08:32+00:00,2026-09-06T15:13:38.410868+00:00,926,coinmastertrad1
1140468,13087,"🔴 Short

Pair: #KAVA/USDT

📊 Entry Price: 

1) 0.0...) 0.049044

Stop Loss: 0.056009

Leverage: 10x-20x",1f34df6df33c5a0cf6c65d41d8aac51f,2026-09-06T15:08:32+00:00,2026-09-06T15:13:38.401336+00:00,926,coinmastertrad1
1140467,13086,"KAVAUSDTUSDT  
Exchanges: BINGX 

🟢 Short
Leverage....04512000
6) 0.04151000
7) 🚀🚀🚀 

⛔️ SL:
0.05698350",e6a064292dcfda3ce4b705444ee27581,2026-09-06T15:08:32+00:00,2026-09-06T15:13:38.388782+00:00,926,coinmastertrad1
1140455,13082,"#XAN /USDT BUY (LONG) 

⚡️Leverage : Cross 25x to ...01700

⚠️Use only 3% - 5% amount of your portfolio",98ea3d643e82ad1199128beb41636635,2026-09-06T15:08:32+00:00,2026-09-06T15:13:38.205321+00:00,926,coinmastertrad1
1140454,13089,"🚀 #ARB/USDT SHORT SIGNAL 🚀
📍 Entry: 0.1861


🎯 Tak... your risk, and let's catch this move together! 🪙🔥",0d91dee763b77db775197f9a59f56b92,2026-09-06T15:08:32+00:00,2026-09-06T15:13:38.204518+00:00,926,coinmastertrad1
1140487,13078,"EXCHANGE/BYBIT/BITUNIX/OKX📌 


DAY TRADE 🏆

SHORT/...agement 🏆


Use only 5% of your 📈Available balance",f0389cb2b917c09a66b4baa9b10c2ff3,2026-09-06T15:08:31+00:00,2026-09-06T15:13:38.528129+00:00,926,coinmastertrad1
1140485,13080,"🔴 SHORT

#BAT/USDT

Entry zone : 0.076044 - 0.0738...6779
0.064553

Stop loss :0.0789981

Leverage: 10x",b613b87e4777e532ba14a6f2ec328a8f,2026-09-06T15:08:31+00:00,2026-09-06T15:13:38.512903+00:00,926,coinmastertrad1
1140482,13062,"🔴 SHORT

#DOT/USDT

Entry : 

1) 0.974500
2) 1.003...7079

🛑 Stop : 1.035893

Leverage : 10x (isolated)",ce6388d965485951349c7c8b741f8821,2026-09-06T15:08:31+00:00,2026-09-06T15:13:38.495565+00:00,926,coinmastertrad1
1140481,13070,"COIN: #FLOCK/USDT (SHORT) SETUP

📊 Leverage 25x to...ENT IS KEY
Use only 1–2% of your capital per trade",795cf02ae1d751e6b170903cb85401b4,2026-09-06T15:08:31+00:00,2026-09-06T15:13:38.485223+00:00,926,coinmastertrad1
1140480,13059,"💰#FLOCK / USDT👑

💎Setup Type: Strong SHORT  🔖Oppor...TP ➝ 0.06500

4️⃣TP ➝ 0.05500

🚫Stop Loss: 0.08000",cff08f97bab5426855d1acdc4177a672,2026-09-06T15:08:31+00:00,2026-09-06T15:13:38.479196+00:00,926,coinmastertrad1
1140475,13066,"➡️ #NAORIS    /USDT (SHORT) 🔽🔽

⌛LEVERAGE : 20X TO...0


💥Use only 1%margin of your total portfolio❤️😘😇",4f9a1013f651fec38ff7a816dc72b9f3,2026-09-06T15:08:31+00:00,2026-09-06T15:13:38.445486+00:00,926,coinmastertrad1
1140474,13079,"✨ASTER/USDT

🎗 Trade Type = SHORT 🔴

⭐️ Leverage :...[ 0.7686, 0.7606, 0.7525, 0.7449, 0.7353, 0.7256 ]",923a06e3fd98579c5cbe7be737e7ef4b,2026-09-06T15:08:31+00:00,2026-09-06T15:13:38.441749+00:00,926,coinmastertrad1
1140472,13068,"#JUP /USDT BUY (LONG) 

⚡️Leverage : Cross 25x to ...02550

⚠️Use only 3% - 5% amount of your portfolio",5bbc9ba55e93042084e7f3c86c8ec948,2026-09-06T15:08:31+00:00,2026-09-06T15:13:38.427845+00:00,926,coinmastertrad1
1140469,13065,"🚨 #ETH/USDT | LONG

⚡Leverage: Cross 200x

🎯Entry ... follow the signal and secure profits at targets.💎",1cf0234854b3d36b7017e8a23e203adb,2026-09-06T15:08:31+00:00,2026-09-06T15:13:38.404367+00:00,926,coinmastertrad1
1140466,13072,"#FLOCK/USDT SHORT     

👉Leverage : Cross 10× To 3...)  0.0717
2)  0.0697
3)  0.0650

⭕Stoploss : 0.077",5fe08c675cad26a1d4f8a27c82e8ecad,2026-09-06T15:08:31+00:00,2026-09-06T15:13:38.375882+00:00,926,coinmastertrad1
1140463,13064,"🚨 #4/USDT | LONG

⚡Leverage: Cross 50x

🎯Entry Tar... follow the signal and secure profits at targets.💎",0ec441ff5b1a0fd209fa23873897785c,2026-09-06T15:08:31+00:00,2026-09-06T15:13:38.366374+00:00,926,coinmastertrad1
1140458,13063,"🚨 #MARSCOIN/USDT | SHORT

⚡Leverage: Cross 25x

🎯E... follow the signal and secure profits at targets.💎",8e3771cf1e3fd59777011084b02753c9,2026-09-06T15:08:31+00:00,2026-09-06T15:13:38.273537+00:00,926,coinmastertrad1
1140456,13061,"SOL/USDT My Short Trade Idea 💡

Leverage 100X

Ent....500

Stop Loss   107.500

Follow Money Management",8051f14b5d4fde49d2d7ff5bff3d660c,2026-09-06T15:08:31+00:00,2026-09-06T15:13:38.269344+00:00,926,coinmastertrad1
1140444,13060,"SOLUSDTUSDT  
Exchanges: BINGX 

🟢 Short
Leverage-...4) 102.35
5) 99.15
6) 97.02
7) 🚀🚀🚀 

⛔️ SL:
113.01",2aa5d516109ca93ce88213f66f0dec95,2026-09-06T15:08:31+00:00,2026-09-06T15:13:37.967255+00:00,926,coinmastertrad1
1140441,13076,"🚀 SHORT: $FLOCK/USDT
LEVERAGE: 50x

✔️ENTRY PRICE:...0-0.06400-0.06800

STOP LOSS:  0.07710

REACTIONS?",1f2cef8975af6a5e64979dbd0337ca86,2026-09-06T15:08:31+00:00,2026-09-06T15:13:37.943167+00:00,926,coinmastertrad1
1140476,13045,"⭐️$NAORIS/USDT  LONG

🛡Leverage : Cross 25x50

‼️E....03322

Use only 3% - 5% amount of your portfolio🛍",08c141a36ef3f79f5358275dbe703690,2026-09-06T15:08:30+00:00,2026-09-06T15:13:38.452070+00:00,926,coinmastertrad1
1140465,13057,"📌Pair: FLOCK/USDT
Type: LONG 🟢
✔️Leverage:  (20X_1...92
2) 0.112
3) 0.135
4) 0.175

❌ STOP LOSS: 0.065❌",68cde7a9f908e21d85e86047c6488269,2026-09-06T15:08:30+00:00,2026-09-06T15:13:38.372981+00:00,926,coinmastertrad1
1140461,13052,"🚀 LONG: $METIS/USDT
LEVERAGE: 50x

✔️ENTRY PRICE: ...OFIT

3.39-3.52-3.80

STOP LOSS:  3.14

REACTIONS?",ab8c30b6697f53bcea6db26cf571aaf3,2026-09-06T15:08:30+00:00,2026-09-06T15:13:38.306640+00:00,926,coinmastertrad1
1140459,13049,"📇 Setup: XAN/USDT 

LONG Trade 🛫

✔️ Leverage : 75....017700
💰 Target 2 • 0.018300
💰 Target3 • 0.019800",123bf2c7539f5434d26dd848b9913572,2026-09-06T15:08:30+00:00,2026-09-06T15:13:38.271468+00:00,926,coinmastertrad1
1140453,13043,"FLOCKUSDTUSDT  
Exchanges: BINGX 

🟢 Long
Leverage....10000000
6) 0.11000000
7) 🚀🚀🚀 

⛔️ SL:
0.06800000",54ebe7dd2c75a94e8003c16a6f5c384e,2026-09-06T15:08:30+00:00,2026-09-06T15:13:38.196167+00:00,926,coinmastertrad1
1140452,13048,"🚩 SHORT #NAORIS/USDT

⚙️ 75X LEVERAGE

🛡 Entry: 0....: 0.03540
TP2: 0.03470
TP3: 0.03350

🛑 SL: 0.03950",68f1b37755cb3223c5223e54b1c5e58f,2026-09-06T15:08:30+00:00,2026-09-06T15:13:38.169729+00:00,926,coinmastertrad1
1140451,13050,"EXCHANGE/BYBIT/BITUNIX/OKX📌 


DAY TRADE 🏆

SHORT/...agement 🏆


Use only 5% of your 📈Available balance",f0389cb2b917c09a66b4baa9b10c2ff3,2026-09-06T15:08:30+00:00,2026-09-06T15:13:38.076789+00:00,926,coinmastertrad1
1140448,13042,"💫 Pair: SPX/USDT  💫

🔼 Direction: Long 🔼

✅ Levera...Take Profit: 0.6350 📈

⚠️ Stop Loss: 0.5400 ⚠️

📈📈",1094d7970014af6d8af03c35dc16cb39,2026-09-06T15:08:30+00:00,2026-09-06T15:13:38.051490+00:00,926,coinmastertrad1
1140445,13054,"🚩 SHORT #FLOCK/USDT

⚙️ 75X LEVERAGE

🛡 Entry: 0.0...: 0.07760
TP3: 0.07570

🛑 SL: 0.08550

🔥REACTIONS?",2d183bde95285e1936dcb242958314e5,2026-09-06T15:08:30+00:00,2026-09-06T15:13:37.981592+00:00,926,coinmastertrad1
1140439,13039,"📇 Setup: JUP/USDT 

LONG Trade 🛫

✔️ Leverage : 75...t 1 •0.2820
💰 Target 2 • 0.2870
💰 Target3 • 0.2928",30bae56b40bd865651f814fd7873f43d,2026-09-06T15:08:30+00:00,2026-09-06T15:13:37.922608+00:00,926,coinmastertrad1
1140440,13046,"#FLOCK   USDT — BUY (LONG) 
🎉
🟢 Leverage: Cross  5...Risk Management:
Use only 2%– 3%of your portfolio.",43443c641ef172766021f439f1d1d9cb,2026-09-06T15:08:30+00:00,2026-09-06T15:13:37.917651+00:00,926,coinmastertrad1
1140438,13041,"💰#FLOCK / USDT👑

💎Setup Type: Strong LONG  🔖Opport...TP ➝ 0.08700

4️⃣TP ➝ 0.09500

🚫Stop Loss: 0.07000",b1b2ca8ac2058bc80b3138f867b9e4f7,2026-09-06T15:08:30+00:00,2026-09-06T15:13:37.905776+00:00,926,coinmastertrad1
1140436,13037,"#XAN  USDT — BUY (LONG) 
🎉
🟢 Leverage: Cross  20x5...Risk Management:
Use only 2%– 3%of your portfolio.",0fda496d9212cdea21d707d2f0165474,2026-09-06T15:08:30+00:00,2026-09-06T15:13:37.885901+00:00,926,coinmastertrad1
1140437,13036,"✨LTC/USDT

🎗 Trade Type = LONG 🟢

⭐️ Leverage :- 2...fit = [ 54.77, 55.27, 55.90, 56.36, 57.00, 57.61 ]",641732a6359a7436c3c41d350d945fad,2026-09-06T15:08:30+00:00,2026-09-06T15:13:37.884446+00:00,926,coinmastertrad1
1140435,13051,"🚨 #FLOCK/USDT | SHORT

⚡Leverage: Cross 25x

🎯Entr... follow the signal and secure profits at targets.💎",a2a7bdfdc5d9366705999ba3013537e2,2026-09-06T15:08:30+00:00,2026-09-06T15:13:37.876983+00:00,926,coinmastertrad1
1140433,13040,"ARB/ USDT/ SHORT
Entry at market price 

Cross || ...only 1% of your wallet. 
Manage your risk properly",70d9769d388016fae7f561a9c52f0dc6,2026-09-06T15:08:30+00:00,2026-09-06T15:13:37.818827+00:00,926,coinmastertrad1
1140431,13035,"COIN: #NAORIS/USDT (LONG) SETUP

📊 Leverage 25x to...ENT IS KEY
Use only 1–2% of your capital per trade",e3426ae6e4c04caa16d3c847e1d46293,2026-09-06T15:08:30+00:00,2026-09-06T15:13:37.449859+00:00,926,coinmastertrad1
1140430,13032,"🚀 LONG
TIA/USDT
ENTRY 0.3962

🚀 0.4226
🚀 0.4882
🚀 ...ROSS
🚨 STOPLOSS 0.3704
LEVRAGE 10x- 40x

1% WALLET",04b37582ffb9c53eb245ab3e8dc1a51a,2026-09-06T15:08:29+00:00,2026-09-06T15:13:37.414212+00:00,926,coinmastertrad1
1140429,13033,"FLOCKUSDTUSDT  
Exchanges: BINGX 

🟢 Long
Leverage....09436000
6) 0.10191000
7) 🚀🚀🚀 

⛔️ SL:
0.06704000",4c6327a3ee4293b4a58103c299ba7889,2026-09-06T15:08:29+00:00,2026-09-06T15:13:37.405159+00:00,926,coinmastertrad1
1140428,13031,"🚀 LONG: $UAI/USDT
LEVERAGE: 50x

✔️ENTRY PRICE: 0....500-0.5700-0.5900

STOP LOSS:  0.5180


REACTIONS?",29ea20112917d72f7006d7de497957cc,2026-09-06T15:08:29+00:00,2026-09-06T15:13:37.396619+00:00,926,coinmastertrad1
1140427,13030,"⭐️$FLOCK/USDT  LONG

🛡Leverage : Cross 25x50

‼️En....06704

Use only 3% - 5% amount of your portfolio🛍",5f69a250ae2035b288768627ab773855,2026-09-06T15:08:29+00:00,2026-09-06T15:13:37.382572+00:00,926,coinmastertrad1
1144206,13097,"INJUSDTUSDT  
Exchanges: BINGX 

🟢 Long
Leverage- ... 5.36
4) 5.43
5) 5.51
6) 5.60
7) 🚀🚀🚀 

⛔️ SL:
4.96",db2b439293296dec4d060c2ff4f0ca32,2026-09-06T16:59:05+00:00,2026-09-06T18:04:20.724975+00:00,926,coinmastertrad1
1144205,13095,"Coin #ZEC/USDT

Position: LONG 

Leverage:  Cross ...1138

Targets: 🎯 1197, 1245, 1319

Stop Loss: 1113",3a40ab77b12549bec9b4435ea9ce9f02,2026-09-06T16:59:05+00:00,2026-09-06T18:04:20.702128+00:00,926,coinmastertrad1
1144203,13093,"LAYERUSDTUSDT  
Exchanges: BINGX 

🟢 Long
Leverage...41
5) 12244.40
6) 13223.95
7) 🚀🚀🚀 

⛔️ SL:
7500.00",994b0b56d23055c60d538eaab0485683,2026-09-06T16:59:05+00:00,2026-09-06T18:04:20.695492+00:00,926,coinmastertrad1
1144204,13099,"$BTC LONG 25x Lev 

Entry -  $79500

TP - 81000$- 82000$

SL: 78600$",4754269c329e8d102d4362deb3cf3a57,2026-09-06T16:59:05+00:00,2026-09-06T18:04:20.694765+00:00,926,coinmastertrad1
1144202,13094,"Sui/Usdt long 🟢
with 0.5% Wallet on market price 
...ite movement pe jo 5% around the liq manage 0.7412",db6e783626732f8bb926b9a085a55476,2026-09-06T16:59:05+00:00,2026-09-06T18:04:20.693825+00:00,926,coinmastertrad1
1144201,13096,"🟢LONG  #BTCUSDT

🔶 Entry : 79600 - 79500

➡️ Lever...ake Profit Targets :

👉 80300

🛑 Stop Loss : 78700",b3edcf4fde6155736aca88246c687e30,2026-09-06T16:59:05+00:00,2026-09-06T18:04:20.684925+00:00,926,coinmastertrad1
1144200,13092,"🚨 #UAI/USDT | LONG

⚡Leverage: Cross 25x

🎯Entry T... follow the signal and secure profits at targets.💎",59417903032908f81455d0d9985990f5,2026-09-06T16:59:05+00:00,2026-09-06T18:04:20.652284+00:00,926,coinmastertrad1
1146910,13120,"XRPUSDTUSDT  
Exchanges: BINGX 

🟢 Long
Leverage- ... 1.50
4) 1.58
5) 1.71
6) 1.84
7) 🚀🚀🚀 

⛔️ SL:
1.30",5a04d790c47573aeaad29459b24cd7ed,2026-09-06T18:09:15+00:00,2026-09-06T20:42:59.201155+00:00,926,coinmastertrad1
1164869,13242,"LUNA2 / USDT 

SHORT SHORT SHORT 

IST ENTRY AT MA...E 

TP 0.05300
TP 0.05260
TP 0.05205

15X LEVERAGE",4735d3158b005b79339ef19a179d3028,2026-09-07T12:18:21+00:00,2026-09-07T14:38:32.884505+00:00,926,coinmastertrad1
1164867,13240,"🌈PAIR:- LUNA2/USDT
⚡️ Direction : LONG
🛠 Leverage:...nt Usage:- 1 - 2%
(According To your Risk Setting)",ef53d602106cfae325bba33324da2f37,2026-09-07T12:18:21+00:00,2026-09-07T14:38:32.878639+00:00,926,coinmastertrad1
1164861,13241,"Coin #ZRO/USDT

Position: LONG 

Leverage:  Cross ...1.14

Targets: 🎯 1.20, 1.25, 1.32

Stop Loss: 1.11",ce4da70767e5847a7c6c003859e4acc1,2026-09-07T12:18:21+00:00,2026-09-07T14:38:32.848587+00:00,926,coinmastertrad1
1164876,13228,"$ONDOUSDT

SHORT

RR : 2

LEVERAGE : 30x

ENTRY : ...893

TAKE PROFITS 👇

1️⃣ 0.3764

STOPLOSS : 0.3956",ed36d4e86887df07708413d74a889e72,2026-09-07T12:06:51+00:00,2026-09-07T14:38:32.915120+00:00,926,coinmastertrad1
1164875,13230,"🚀 #OVER99WINS | TRADE SETUP 🚀

⭐ UNI /USDT — LONG
...o

📌 Follow the setup and manage your risk wisely.",c3a7cd5c75eddbaf129f53e682e04afd,2026-09-07T12:06:51+00:00,2026-09-07T14:38:32.904922+00:00,926,coinmastertrad1
1164874,13227,"🚀 #OVER99WINS | TRADE SETUP 🚀

⭐ TIA /USDT — LONG
...o

📌 Follow the setup and manage your risk wisely.",e2212d81136f37d33a201a573c257ef8,2026-09-07T12:06:51+00:00,2026-09-07T14:38:32.901518+00:00,926,coinmastertrad1
1164872,13225,"DAY/TRADE 🏆

LONG BTC/USDT📈📈📈( continuation trend ...agement 🏆

Use only 10% of your 📈Available balance",e1a2aad4ff7ad07c6348690394c27535,2026-09-07T12:06:51+00:00,2026-09-07T14:38:32.889328+00:00,926,coinmastertrad1
1164868,13236,AKE LONG 0.01745 TP1 0.01782,77c1056b40b11bbb1b633910b524560a,2026-09-07T12:06:51+00:00,2026-09-07T14:38:32.880269+00:00,926,coinmastertrad1
1164866,13231,"📊#DOOD/USDT — LONG

⚡️ Leverage : 20X – 25X

💹Entr...Entry After TP1

⚖️ Follow Proper Risk Management.",81847fecebb501e8596b8204c7ab37cb,2026-09-07T12:06:51+00:00,2026-09-07T14:38:32.871380+00:00,926,coinmastertrad1
1164864,13238,"🔘 Coin : #DOOD/USDT 🔘

🔴 SHORT

🔺Entry🔻: 0.002273
... 0.002091

♦️ StopLoss : 0.002361

🔱 Leverage: 25x",ef484b0e83d0b405189a72f0ca7b9bfb,2026-09-07T12:06:51+00:00,2026-09-07T14:38:32.856592+00:00,926,coinmastertrad1
1164863,13233,"#SOLV/USDT BUY (LONG) 

⚡️Leverage : Cross 25x to ...04250

⚠️Use only 3% - 5% amount of your portfolio",73b367e758879932f87acdf1642978ac,2026-09-07T12:06:51+00:00,2026-09-07T14:38:32.851514+00:00,926,coinmastertrad1
1164862,13229,"🚀 LONG: $4/USDT
LEVERAGE: 50x

✔️ENTRY PRICE: 0.02...-0.02850-0.03100

STOP LOSS:  0.02520


REACTIONS?",3a3d1414438b344972e44c1684a4163f,2026-09-07T12:06:51+00:00,2026-09-07T14:38:32.849607+00:00,926,coinmastertrad1
1164860,13226,"🔴 Short

Pair: #LTC/USDT

📊 Entry Price: 

1) 55.8...3.19
4) 52.01

Stop Loss: 59.40

Leverage: 10x-20x",1001aacf7c2594c0316fcb790d6c93f6,2026-09-07T12:06:51+00:00,2026-09-07T14:38:32.836393+00:00,926,coinmastertrad1
1164857,13237,"🚀 #AKE/USDT LONG SIGNAL 🚀
📍 Entry: 0.01740


🎯 Tak... your risk, and let's catch this move together! 🪙🔥",e512642eb2f3e23659b1a75d0d49e661,2026-09-07T12:06:51+00:00,2026-09-07T14:38:32.784272+00:00,926,coinmastertrad1
1164856,13222,"#BTC - SHORT 150X

Entry  79352

Targets 100% -200%-300% +++

SL= Will Update

Using 1% wallet",36cd25b40308fd23d6187ba72bc8981a,2026-09-07T12:06:51+00:00,2026-09-07T14:38:32.632808+00:00,926,coinmastertrad1
1164853,13204,#IOST SHORT 0.000890,e322aa93ed24a9d8a98676d4d079a325,2026-09-07T12:06:50+00:00,2026-09-07T14:38:19.724594+00:00,926,coinmastertrad1
1164852,13201,"⭐️$NAORIS/USDT  LONG

🛡Leverage : Cross 25x50

‼️E....03413

Use only 3% - 5% amount of your portfolio🛍",794ff0fd606f839303179d8f5d24341b,2026-09-07T12:06:50+00:00,2026-09-07T14:38:19.717461+00:00,926,coinmastertrad1
1164850,13217,"🔰 PAIR: SOL/ USDT 💹

🟢Position: LONG🚀

☑️ Entry Zo...:
🥇 105.03
🥈 105.52
🥉 106.55

❌ Stop Loss: 🔴103.08",cc931954145b4b9d9f4f33ba6f4002db,2026-09-07T12:06:50+00:00,2026-09-07T14:38:19.712311+00:00,926,coinmastertrad1
1164851,13203,"🟢 Long

#ZRX/USDT

Entry : 

1) 0.1031
2) 0.1000

...0.1101

🛑 Stop : 0.0966

Leverage : 10x (isolated)",ea802ed8955e4bf9c50644f06f62c08c,2026-09-07T12:06:50+00:00,2026-09-07T14:38:19.710749+00:00,926,coinmastertrad1
1164849,13198,"SHORT

TIA/USDT

MARKET PRICE 

Leverage: 10X

TP:...5% of capital 

Always use proper risk management.",de307b9f3b52d9f5644f67c8a6709aec,2026-09-07T12:06:50+00:00,2026-09-07T14:38:19.647296+00:00,926,coinmastertrad1
1164848,13219,"✨ZK/USDT

🎗 Trade Type = SHORT 🔴

⭐️ Leverage :- 2...0.010686, 0.010592, 0.010468, 0.010346, 0.010239 ]",ef9b8baf83e757ec54ab34e4e10188e7,2026-09-07T12:06:50+00:00,2026-09-07T14:38:19.641054+00:00,926,coinmastertrad1
1164846,13220,"EXCHANGE/BYBIT/BITUNIX/OKX📌 


DAY TRADE 🏆

SHORT/...agement 🏆


Use only 5% of your 📈Available balance",3ee78ba568a20b9df42feb8492406005,2026-09-07T12:06:50+00:00,2026-09-07T14:38:19.637930+00:00,926,coinmastertrad1
1164844,13206,"✅ Long

#VET/USDT

Entry zone : 0.006854 - 0.00706...734
0.007945

Stop loss :0.00657231

Leverage: 10x",61794fd2ea7b966982cb6591c45ef5cc,2026-09-07T12:06:50+00:00,2026-09-07T14:38:19.607207+00:00,926,coinmastertrad1
1164838,13212,"#IOST/USDT BUY (LONG) 

⚡️Leverage : Cross 25x to ...08490

⚠️Use only 3% - 5% amount of your portfolio",54e275c87c87fd80470b62f2b5995274,2026-09-07T12:06:50+00:00,2026-09-07T14:38:19.595423+00:00,926,coinmastertrad1
1164836,13221,"EXCHANGE/BYBIT/BITUNIX/OKX📌 


DAY TRADE 🏆

SHORT/...agement 🏆


Use only 5% of your 📈Available balance",9354e420b09f9f25f99bac28fa1f8470,2026-09-07T12:06:50+00:00,2026-09-07T14:38:19.589252+00:00,926,coinmastertrad1
1164835,13215,"⭐️$TIA/USDT  LONG

🛡Leverage : Cross 25x50

‼️Entr...0.3999

Use only 3% - 5% amount of your portfolio🛍",8a35da80f473dacbef3cdb6b2b31b273,2026-09-07T12:06:50+00:00,2026-09-07T14:38:19.588483+00:00,926,coinmastertrad1
1164834,13209,SOLUSDT LONG NOW,b603f5051de3680c3dad81703eef98d6,2026-09-07T12:06:50+00:00,2026-09-07T14:38:19.587311+00:00,926,coinmastertrad1
1164831,13216,"📈 LONG #DOOD/USDT

🚀 LEVERAGE : 50x

📊 ENTRY PRICE....00235

TP🟢0.00245

STOPLOSS 🔴0.00208


REACTIONS?",5dfb47b9c6bb6cefcfeef57ec2b94d0f,2026-09-07T12:06:50+00:00,2026-09-07T14:38:19.570250+00:00,926,coinmastertrad1
1164832,13213,"📊 Let’s LONG #IOST/USDT

💥 Leverage:  Cross 20×  -...922
2) 0.000952
3) 0.001020

🔖 Stop Loss: 0.000849",452d78880dd825994cda317671433f7e,2026-09-07T12:06:50+00:00,2026-09-07T14:38:19.569308+00:00,926,coinmastertrad1
1164829,13199,"#MARSCOIN/USDT SHORT     

👉Leverage : Cross 10× T...t

1)  0.155
2)  0.144
3)  0.133

⭕Stoploss : 0.17",07628b4701182f06b9c8789d3fbfdd79,2026-09-07T12:06:50+00:00,2026-09-07T14:38:19.441024+00:00,926,coinmastertrad1
1164820,13218,"Coin #TAO/USDT

Position: LONG 

Leverage:  Cross ...65 - 260

Targets: 🎯 270, 277, 289

Stop Loss: 255",f437c27e337d0065edd5277bae74db66,2026-09-07T12:06:50+00:00,2026-09-07T14:38:19.400207+00:00,926,coinmastertrad1
1164819,13210,"⭐️$SOL/USDT  LONG

🛡Leverage : Cross 25x50

‼️Entr... 99.91

Use only 3% - 5% amount of your portfolio🛍",fcaf8e65d8bedbf27e9d63b0a4437087,2026-09-07T12:06:50+00:00,2026-09-07T14:38:19.392275+00:00,926,coinmastertrad1
1164818,13205,"#IOST/USDT SHORT     

👉Leverage : Cross 10× To 30...00087
2)  0.00082
3)  0.00076

⭕Stoploss : 0.00094",7894ed3c53e38b40e87af5bd0719613b,2026-09-07T12:06:50+00:00,2026-09-07T14:38:19.380186+00:00,926,coinmastertrad1
1164855,13195,"SHORT

TIA/USDT

MARKET PRICE 

Leverage: 10X

TP:...5% of capital 

Always use proper risk management.",de307b9f3b52d9f5644f67c8a6709aec,2026-09-07T12:06:49+00:00,2026-09-07T14:38:19.759173+00:00,926,coinmastertrad1
1164840,13194,"🟢#UAI/USDT

📈Signal: long Leverage: Cross 20X

⚡️E...even after TP1 is hit.

📣Trade Smart • Follow Risk",b6f7d5d3fbe514fdcc4d954235dac761,2026-09-07T12:06:49+00:00,2026-09-07T14:38:19.611087+00:00,926,coinmastertrad1
1164841,13192,"🟢#CLANKER/USDT

📈Signal: long Leverage: Cross 20X
...even after TP1 is hit.

📣Trade Smart • Follow Risk",daf578caae134a8048d31781b51994dd,2026-09-07T12:06:49+00:00,2026-09-07T14:38:19.606467+00:00,926,coinmastertrad1
1164839,13196,"✅ Long

Pair: #BCH/USDT

📊 Entry Price: 

1) 253.6...70
4) 271.00

Stop Loss: 237.67

Leverage: 10x-20x",bbab73757fcbd0919e37447e98707acd,2026-09-07T12:06:49+00:00,2026-09-07T14:38:19.599732+00:00,926,coinmastertrad1
1164827,13183,"#WLDUSDT — BUY (LONG) 
🎉
🟢 Leverage: Cross  20x50
...Risk Management:
Use only 2%– 3%of your portfolio.",a5a7ec170511911b62f8511c28a86021,2026-09-07T12:06:49+00:00,2026-09-07T14:38:19.439252+00:00,926,coinmastertrad1
1164828,13197,"SHORT

CFG/USDT

MARKET PRICE 

Leverage: 10X

TP:...5% of capital 

Always use proper risk management.",e83d596c9c9cfc628ca21e47ffe80e33,2026-09-07T12:06:49+00:00,2026-09-07T14:38:19.429969+00:00,926,coinmastertrad1
1164826,13179,"📊 #F/USDT

🟢 POSITION: LONG

💰 ENTRY RANGE
➤ 0.003... 0.00315

━━━━━━━━━━━━━━━━━━

✅ Manage risk wisely",2858f8fa39ff6e7830c04fd7a8b7f92f,2026-09-07T12:06:49+00:00,2026-09-07T14:38:19.425207+00:00,926,coinmastertrad1
1164824,13175,"💵 𝐒𝐈𝐆𝐍𝐀𝐋 𝐀𝐋𝐄𝐑𝐓 💵

#FLOCK/USDT (25xSHORT)

✅ ENTRY:...

TARGETS:-0.07280/0.068/0.063

❌ STOP LOSS: 0.085",d56af3c0fd39f6fc6030a5b9dfe6d034,2026-09-07T12:06:49+00:00,2026-09-07T14:38:19.418577+00:00,926,coinmastertrad1
1164816,13188,"COIN: #ARX/USDT (LONG) SETUP

📊 Leverage 25x to 50...ENT IS KEY
Use only 1–2% of your capital per trade",ff2047f78a389ec5be88ece92c9cd1a3,2026-09-07T12:06:49+00:00,2026-09-07T14:38:19.328968+00:00,926,coinmastertrad1
1164814,13187,Arx long 0.1567 tp 0.1600,6e0fc5534332413cbc7b1ff7028e426f,2026-09-07T12:06:49+00:00,2026-09-07T14:38:19.305230+00:00,926,coinmastertrad1
1164812,13190,"🚀 #PLAY/USDT LONG SIGNAL 🚀
📍 Entry: 0.03800


🎯 Ta... your risk, and let's catch this move together! 🪙🔥",37f14aecd05afbbf731d24d0330234c1,2026-09-07T12:06:49+00:00,2026-09-07T14:38:19.274424+00:00,926,coinmastertrad1
1164813,13181,"🟢#UAI/USDT

📈Signal: short Leverage: Cross 20X

⚡️...even after TP1 is hit.

📣Trade Smart • Follow Risk",e4755f7e16319c90cbe24d484fe8a6b0,2026-09-07T12:06:49+00:00,2026-09-07T14:38:19.272916+00:00,926,coinmastertrad1
1164806,13186,"#CATI/USDT LONG     

👉Leverage : Cross 10× To 30×...  0.0604
2)  0.0598
3)  0.0585

⭕Stoploss : 0.0643",b5798629a19067472ce5ea01a4d5482a,2026-09-07T12:06:49+00:00,2026-09-07T14:38:19.173500+00:00,926,coinmastertrad1
1164796,13176,"⚡ #MANTRA/USDT

📤 Long 

💹 Buy: 0.004593 - 0.00440...- 0.004872

🧨 StopLoss: 0.004300 

🔘 Leverage: 20x",780e9f5d3c1872891e77f95f64ac2dce,2026-09-07T12:06:49+00:00,2026-09-07T14:38:19.002156+00:00,926,coinmastertrad1
1164793,13184,"#ARX/USDT LONG     

👉Leverage : Cross 10× To 30×
...
1)  0.160
2)  0.165
3)  0.180

⭕Stoploss : 0.1480",cadcd342ec0abe82a983b399d4139992,2026-09-07T12:06:49+00:00,2026-09-07T14:38:18.980598+00:00,926,coinmastertrad1
1164786,13180,"🚀 $UAI/USDT PERP 🚀

🟢 LONG

💰 Entry : 0.680$ – 0.6... 5X – 25X

⛔️ SL : 0.550$

📌 Use Only 2-5% Capital",bbd53f439cfd56551a73437b12c33f08,2026-09-07T12:06:49+00:00,2026-09-07T14:38:18.855424+00:00,926,coinmastertrad1
1164777,13177,"🔰CFG/USDT 🔰   

🟢 LONG 10X 20X

♻ ENTRY 
1️⃣ 0.133...

1️⃣ 0.137
2️⃣ 0.142
3️⃣ 0.150

⛔ STOPLOSS  0.117",097b3d558870da0f4feaae530a87b69f,2026-09-07T12:06:49+00:00,2026-09-07T14:38:18.706902+00:00,926,coinmastertrad1
1164842,13165,"🚀 #OVER99WINS | TRADE SETUP 🚀

⭐ UB /USDT — LONG

...o

📌 Follow the setup and manage your risk wisely.",bcd32cee3a093c7c9dce30826d65e7c2,2026-09-07T12:06:48+00:00,2026-09-07T14:38:19.609605+00:00,926,coinmastertrad1
1164837,13160,"#DOOD/USDT LONG     

👉Leverage : Cross 10× To 30×...00235
2)  0.00255
3)  0.00295

⭕Stoploss : 0.00205",8d879c1ee797daa905960c111de32356,2026-09-07T12:06:48+00:00,2026-09-07T14:38:19.591840+00:00,926,coinmastertrad1
1164817,13173,"📍Coin : #DOT/USDT

🟢 LONG 

👉 Entry: 0.9729 - 0.94...t 5: 1.0300
🎯 Target 6: 1.0400

❌ StopLoss: 0.9216",3dcc31843bf6bff57eaad414fde594b4,2026-09-07T12:06:48+00:00,2026-09-07T14:38:19.373351+00:00,926,coinmastertrad1
1164810,13167,"📊#ASTR/USDT–LONG–30x 🚀

📍 𝐄𝐧𝐭𝐫𝐲 𝐙𝐨𝐧𝐞:

➥ 0.0067, 0...tal.

⚠️ Disclaimer:
Trade at your own risk. DYOR.",8fdc78e7448f4dec91cef4622d3ef4c9,2026-09-07T12:06:48+00:00,2026-09-07T14:38:19.268805+00:00,926,coinmastertrad1
1164809,13169,"$ORCA/USDT #SHORT📩

✅ENTRY :-1.59/1.63

Target 1: ...𝐎𝐧𝐥𝐲 𝟏-𝟑% 𝐎𝐟 𝐎𝐮𝐫 𝐃𝐞𝐩𝐨𝐬𝐢𝐭 𝐅𝐨𝐫 𝐄𝐚𝐜𝐡 𝐓𝐫𝐚𝐝𝐞

React,??m",f52e0c089278e431db6f28de7e13d211,2026-09-07T12:06:48+00:00,2026-09-07T14:38:19.238862+00:00,926,coinmastertrad1
1164808,13163,"⌛#SUSHI/USDT  ( LONG )

🍁 Leverage 👉 20X to 25X 

...59 | 0.2479 | 0.2508 | 0.2538

🔕 Stoploss = 0.2321",24c30ff5c6886be1dfcb74b8285b0b42,2026-09-07T12:06:48+00:00,2026-09-07T14:38:19.229982+00:00,926,coinmastertrad1
1164803,13171,"#LONG 🟢🔤🔤🔤🔤🔤

#SKHYNIX/USDT

Margin Mode : Isolate...

🟥 SL : 1262.12 - 100%   

📊 LEV : 20X

🇯🇵Premium",4f03f5b812696fc48b78b149365c4065,2026-09-07T12:06:48+00:00,2026-09-07T14:38:19.159387+00:00,926,coinmastertrad1
1164797,13158,"#UBUSDT — BUY (LONG) 
🎉
🟢 Leverage: Cross  20x50

...Risk Management:
Use only 2%– 3%of your portfolio.",7dcac15aeb43797a7246eadfdabffc6e,2026-09-07T12:06:48+00:00,2026-09-07T14:38:19.007045+00:00,926,coinmastertrad1
1164792,13172,"🐳 TAO/USDT #LONG🐳

✳️ ENTRY :- 273 - 260

💢 LEVERA...0
3 : 320

⛔️ STOP-LOSS :- 252

☝️ Margin Use 2–3%",4741ff420534ca6731678ed8a20397e4,2026-09-07T12:06:48+00:00,2026-09-07T14:38:18.969152+00:00,926,coinmastertrad1
1164790,13164,"NEARUSDTUSDT  
Exchanges: BINGX 

🟢 Short
Leverage... 2.31
4) 2.29
5) 2.27
6) 2.24
7) 🚀🚀🚀 

⛔️ SL:
2.55",d2832456b2deb00c17c9f24866d8286c,2026-09-07T12:06:48+00:00,2026-09-07T14:38:18.928678+00:00,926,coinmastertrad1
1164788,13161,"#CATI/USDT LONG     

👉Leverage : Cross 10× To 30×...)  0.0652
2)  0.0662
3)  0.0672

⭕Stoploss : 0.060",af7958f1a4b179d2f1116395a7f00456,2026-09-07T12:06:48+00:00,2026-09-07T14:38:18.860506+00:00,926,coinmastertrad1
1164783,13162,"🟢WOO/USDT 📈

📈 long Setup 

💰 Entry Zone: 0.0120–0...et 1. 
✅ Move SL to breakeven after Target 1 hits.",5044c4f355448f4bf06a7fe28ce4b330,2026-09-07T12:06:48+00:00,2026-09-07T14:38:18.767853+00:00,926,coinmastertrad1
1164782,13166,"Trade: #CFG/USDT

Direction: 📉 Short 

🟢 Entry Ran...41
• Target 6: 0.1227

💠 Leverage : 5x - 10x - 20x",f5968a9263f402d9efece2d39ec09b8a,2026-09-07T12:06:48+00:00,2026-09-07T14:38:18.752203+00:00,926,coinmastertrad1
1164778,13170,"🔴 SHORT

#KAVA/USDT

Entry : 

1) 0.053910
2) 0.05...0180

🛑 Stop : 0.057306

Leverage : 10x (isolated)",3edc4d1e57ab73288adf6cf05c454d91,2026-09-07T12:06:48+00:00,2026-09-07T14:38:18.709841+00:00,926,coinmastertrad1
1164774,13134,"LINKUSDTUSDT  
Exchanges: BINGX 

🟢 Long
Leverage-...6
4) 14.43
5) 15.59
6) 16.83
7) 🚀🚀🚀 

⛔️ SL:
11.85",81e0cfc9d5ba935c3375dc14b8686f8a,2026-09-07T12:03:36+00:00,2026-09-07T14:38:18.417347+00:00,926,coinmastertrad1
1164767,13124,"POLUSDTUSDT  
Exchanges: BINGX 

🟢 Long
Leverage- ....11167000
6) 0.12060000
7) 🚀🚀🚀 

⛔️ SL:
0.09284000",f02fea6d76f8a252c9f4503ad871a800,2026-09-07T12:03:09+00:00,2026-09-07T14:38:18.163808+00:00,926,coinmastertrad1
1164766,13125,"✅ Long

Pair: #XMR/USDT

📊 Entry Price: 

1) 533.6...99
4) 570.13

Stop Loss: 500.01

Leverage: 10x-20x",66f2ee72e92f50fcbdc5b3cf7000edf4,2026-09-07T12:03:09+00:00,2026-09-07T14:38:18.109349+00:00,926,coinmastertrad1
1164765,13126,"✅ Long

#RLC/USDT

Entry zone : 0.2964 - 0.3056

T...
0.3344
0.3436

Stop loss :0.284208

Leverage: 10x",12685936725f1c108cff5be4b2980aaa,2026-09-07T12:03:09+00:00,2026-09-07T14:38:18.108300+00:00,926,coinmastertrad1
1164764,13123,"FLOCKUSDTUSDT  
Exchanges: BINGX 

🟢 Short
Leverag....06407000
6) 0.05894000
7) 🚀🚀🚀 

⛔️ SL:
0.08550000",699b1ad97f25b83ab4512c943f9688fa,2026-09-07T12:03:09+00:00,2026-09-07T14:38:17.892988+00:00,926,coinmastertrad1
1168474,13321,"#BR USDT — BUY (LONG) 
🎉
🟢 Leverage: Cross  20x50
...Risk Management:
Use only 2%– 3%of your portfolio.",3df8f55a263de444f35a5505eb2fde37,2026-09-07T15:59:40+00:00,2026-09-07T16:27:29.321077+00:00,926,coinmastertrad1
1168472,13325,"🚀 #OVER99WINS | TRADE SETUP 🚀

⭐ BR /USDT — LONG

...o

📌 Follow the setup and manage your risk wisely.",25510ebfb2958501e500bd66451d0ddd,2026-09-07T15:59:40+00:00,2026-09-07T16:27:29.311992+00:00,926,coinmastertrad1
1168471,13322,"💸 LONG —MINA

Entry: 0.08045

💸 Targets: 0.08127 /...9

💸  Stop: 0.07639

💸 Move SL to entry after TP1.",2aed2a50a13bc9b82e809b423c2a350b,2026-09-07T15:59:40+00:00,2026-09-07T16:27:29.287667+00:00,926,coinmastertrad1
1168434,13324,"COIN: #UAI  /USDT (SHORT) SETUP

📊 Leverage 25x to...ENT IS KEY
Use only 1–2% of your capital per trade",1e9273d7b10c03f0841f65add2c7f28e,2026-09-07T15:59:40+00:00,2026-09-07T16:27:28.826902+00:00,926,coinmastertrad1
1168476,13310,"🟢#WLD/USDT

📈Signal: long Leverage: Cross 20X

⚡️E...even after TP1 is hit.

📣Trade Smart • Follow Risk",6c2368282463d9e868953a1f1e69b7b0,2026-09-07T15:59:39+00:00,2026-09-07T16:27:29.327122+00:00,926,coinmastertrad1
1168468,13303,LONG CFG 0.1240,e8330bf040ed01416e039d1710fe7b3c,2026-09-07T15:59:39+00:00,2026-09-07T16:27:29.259699+00:00,926,coinmastertrad1
1168467,13307,"COIN: #IOST /USDT (SHORT) SETUP

📊 Leverage 25x to...ENT IS KEY
Use only 1–2% of your capital per trade",9e0adbb414ca11c02bb6c6cf27086fba,2026-09-07T15:59:39+00:00,2026-09-07T16:27:29.255825+00:00,926,coinmastertrad1
1168461,13305,"🚀 LONG: $PIEVERSE/USDT
LEVERAGE: 50x

✔️ENTRY PRIC...3000-1.3500-1.4700

STOP LOSS:  1.2200

REACTIONS?",3ea339eb0ab48af270643da2346e9da4,2026-09-07T15:59:39+00:00,2026-09-07T16:27:29.218844+00:00,926,coinmastertrad1
1168456,13304,"✅Entry 0.1237 -0.1220

(🆘LONG CFGUSDT 5-20x🆘)

🏹 T... 5  $0.1300
🏹Target 6  $0.1313

🚫Stop loss -0.1169",6b43b031c0a5110a5f9bbbabfe43601d,2026-09-07T15:59:39+00:00,2026-09-07T16:27:29.196456+00:00,926,coinmastertrad1
1168445,13318,"COIN: #IOST /USDT (LONG) SETUP

📊 Leverage 25x to ...ENT IS KEY
Use only 1–2% of your capital per trade",c40a36041d515b9a44c126655ecce00a,2026-09-07T15:59:39+00:00,2026-09-07T16:27:29.083435+00:00,926,coinmastertrad1
1168439,13313,"🔴 Short

Pair: #KAVA/USDT

📊 Entry Price: 

1) 0.0...) 0.052823

Stop Loss: 0.060325

Leverage: 10x-20x",cadcca857dec8f76d4d326393c19752b,2026-09-07T15:59:39+00:00,2026-09-07T16:27:29.003406+00:00,926,coinmastertrad1
1168469,13292,"🚩 SHORT #ZAMA/USDT

⚙️ 75X LEVERAGE

🛡 Entry: 0.05...: 0.05060
TP3: 0.04780

🛑 SL: 0.06100

🔥REACTIONS?",0cb686979090aa89229abde4e4265408,2026-09-07T15:57:57+00:00,2026-09-07T16:27:29.254904+00:00,926,coinmastertrad1
1168463,13296,"$BATUSDT

LONG

RR : 2

LEVERAGE : 50x

ENTRY : 0....740

TAKE PROFITS 👇

1️⃣ 0.0756

STOPLOSS : 0.0733",bebf7859741ec2e107f3cd0bfa1197b3,2026-09-07T15:57:57+00:00,2026-09-07T16:27:29.228681+00:00,926,coinmastertrad1
1168453,13295,"xrp/Usdt long 🟢
with 0.5% Wallet on market price 
...osite movement pe jo 5% around the liq manage zero",5ad85cb5302241eaa00cb6ed7a53ae69,2026-09-07T15:57:57+00:00,2026-09-07T16:27:29.165746+00:00,926,coinmastertrad1
1168444,13293,"Long #WLD 75x 0.4690

Tp: 0.4730",a5453adf2bf0441613c49af54f2c275d,2026-09-07T15:57:57+00:00,2026-09-07T16:27:29.080839+00:00,926,coinmastertrad1
1168440,13290,"🚀 #PRL/USDT LONG SIGNAL 🚀
📍 Entry: 0.1342


🎯 Take... your risk, and let's catch this move together! 🪙🔥",d6ef80f841390c6c035f1f1125c8bf2a,2026-09-07T15:57:57+00:00,2026-09-07T16:27:29.017858+00:00,926,coinmastertrad1
1168423,13289,PRL LONG 0.1342 tp1 0.1370,f0fdb9a5de015b0a705fddfc9e48f0d0,2026-09-07T15:57:57+00:00,2026-09-07T16:27:28.452005+00:00,926,coinmastertrad1
1168477,13282,"#SHORT 🔴 🔤🔤🔤🔤🔤

#NEAR/USDT 

Margin Mode : Isolate....155

🟩 SL : 2.506 - 100%

📊 LEV : 20X

🇯🇵 Premium",1ccd977c4e23510fd1ad1ac64f5e477b,2026-09-07T15:57:56+00:00,2026-09-07T16:27:29.338798+00:00,926,coinmastertrad1
1168470,13279,"🔘 Coin : #ORCA/USDT 🔘

🟢 LONG

🔺Entry🔻: 1.545

⭐️ ....608 - 1.638

♦️ StopLoss : 1.488

🔱 Leverage: 25x",329dff97e34bc9ce21d57fbe076ee7ff,2026-09-07T15:57:56+00:00,2026-09-07T16:27:29.271013+00:00,926,coinmastertrad1
1168451,13285,"TREEUSDT - LONG ( Swing trade ) 📈

Entry : Market ...t : 

*0.048
0.05
0.055
0.06*

Stoploss at : 0.034",289a844729e92342c8b96b9b785f2967,2026-09-07T15:57:56+00:00,2026-09-07T16:27:29.110632+00:00,926,coinmastertrad1
1168450,13287,"🔴 SHORT

#NEO/USDT

Entry zone : 2.271 - 2.205

Ta...060
1.994
1.927

Stop loss :2.35935

Leverage: 10x",3a11ca6196e27f682cbb4cf7633242f2,2026-09-07T15:57:56+00:00,2026-09-07T16:27:29.109652+00:00,926,coinmastertrad1
1168449,13284,"🚩 SHORT #FLOCK/USDT

⚙️ 75X LEVERAGE

🛡 Entry: 0.0...: 0.06450
TP3: 0.06340

🛑 SL: 0.07200

🔥REACTIONS?",0d65be6ddd3d9f10bb4d6f0b5958487c,2026-09-07T15:57:56+00:00,2026-09-07T16:27:29.108706+00:00,926,coinmastertrad1
1168448,13283,"🟢ICP/USDT My long Trade Setup

Leverage 75X

Entry...  3.100

Stop Loss: 2.950

Follow Money Management",aeef86750f14eab5333862883b6fa79c,2026-09-07T15:57:56+00:00,2026-09-07T16:27:29.102218+00:00,926,coinmastertrad1
1168435,13281,"➡️ #SOPH     /USDT (SHORT) 🔽🔽

⌛LEVERAGE : 20X TO ...55

💥Use only 1%margin of your total portfolio❤️😘😇",3decacf0dda673ce8ed47c106f4c98ed,2026-09-07T15:57:56+00:00,2026-09-07T16:27:28.865951+00:00,926,coinmastertrad1
1168426,13280,"TREEUSDT - LONG ( Swing trade ) 📈

Entry : Market ...t : 

*0.048
0.05
0.055
0.06*

Stoploss at : 0.034",289a844729e92342c8b96b9b785f2967,2026-09-07T15:57:56+00:00,2026-09-07T16:27:28.496288+00:00,926,coinmastertrad1
1168465,13262,"🪙 Coin: #XAN/USDT
🧭 Type: #LONG

📈 Entry Zone:
0.0... within the zone and maintain strict risk control.",d5f0127db3dea847bd680b8d3891631b,2026-09-07T15:57:00+00:00,2026-09-07T16:27:29.232516+00:00,926,coinmastertrad1
1168424,13270,"⚡️ BTC/USDT ⚡️

🔻 SCALP LONG

💎 Leverage: 10x – 15...oss: $76595

⚠️ Trade with proper risk management.",4d0162e77848f347e061d0c97d1ac8f4,2026-09-07T15:57:00+00:00,2026-09-07T16:27:28.453197+00:00,926,coinmastertrad1
1168417,13263,"#XAN/USDT LONG     

👉Leverage : Cross 10× To 30×
...)  0.0205
2)  0.0210
3)  0.0220

⭕Stoploss : 0.018",ef229a870206b6c37f301f040c94617d,2026-09-07T15:57:00+00:00,2026-09-07T16:27:28.309965+00:00,926,coinmastertrad1
1168408,13271,"🔴 SHORT

#ATOM/USDT

Entry : 

1) 1.669
2) 1.719

...) 1.553

🛑 Stop : 1.774

Leverage : 10x (isolated)",4cc168eb203b5e81875aace148d9ebba,2026-09-07T15:57:00+00:00,2026-09-07T16:27:28.083060+00:00,926,coinmastertrad1
1168411,13261,"⭐️$ZORA/USDT  LONG

🛡Leverage : Cross 25x50

‼️Ent...007809

Use only 3% - 5% amount of your portfolio🛍",f9e90102a50347300cf31510362aed4d,2026-09-07T15:56:59+00:00,2026-09-07T16:27:28.181521+00:00,926,coinmastertrad1
1168404,13247,"📍Coin : #AVNT/USDT

🟢 LONG 

👉 Entry: 0.1092 - 0.1...t 5: 0.1147
🎯 Target 6: 0.1158

❌ StopLoss: 0.1032",cb3849b54b4d95c00e40ecedd2dd776a,2026-09-07T15:56:21+00:00,2026-09-07T16:27:27.255262+00:00,926,coinmastertrad1
1174742,13359,"💰#BR/ USDT👑

💎Setup Type: Strong LONG  🔖Opportunit...TP ➝ 0.32000

4️⃣TP ➝ 0.40000

🚫Stop Loss: 0.24000",5bc17d135f337e7c754b65d960a65b5c,2026-09-07T19:56:55+00:00,2026-09-07T20:49:57.861138+00:00,926,coinmastertrad1
1174733,13356,"🚨 #SUSHI/USDT | LONG

⚡Leverage: Cross 50X

🎯Entry... follow the signal and secure profits at targets.💎",16d7e4ad40f4be225a6f4cac3e575069,2026-09-07T19:56:55+00:00,2026-09-07T20:49:57.778164+00:00,926,coinmastertrad1
1174723,13334,"🚨 #FLOCK/USDT | LONG

⚡Leverage: Cross 50X

🎯Entry... follow the signal and secure profits at targets.💎",0e81f3b28a2e706cb040e8d72c790e74,2026-09-07T19:55:06+00:00,2026-09-07T20:49:57.614594+00:00,926,coinmastertrad1
1174719,13332,"↗️ SHORT CALL ( BINANCE ) 

#CGPT/USDT 🥂

Signal T...17x LEVERAGE 👀

TAKE PROFIT -  0.01950 - 0.01700🔥🔥",dff4c61ea2287a89c21ec777035b9e88,2026-09-07T19:55:06+00:00,2026-09-07T20:49:57.514599+00:00,926,coinmastertrad1
1174715,13330,"🚀 #DOTUSDT LONG SIGNAL 🚀
📍 Entry: 1.0882


🎯 Take ... your risk, and let's catch this move together! 🪙🔥",bb620e937e95a53434be5667fb36dae1,2026-09-07T19:55:06+00:00,2026-09-07T20:49:57.073517+00:00,926,coinmastertrad1
1174721,13328,"🚀 #BUSDT LONG SIGNAL 🚀
📍 Entry: 0.1840


🎯 Take Pr... your risk, and let's catch this move together! 🪙🔥",6dd224bc16bf1c93944c340902339cfc,2026-09-07T19:55:05+00:00,2026-09-07T20:49:57.519288+00:00,926,coinmastertrad1
1174717,13329,DOT LONG 1.0882 TP1 1.1105,08e7022177e8b0f5f2280732282736e9,2026-09-07T19:55:05+00:00,2026-09-07T20:49:57.441867+00:00,926,coinmastertrad1
1189874,13520,"Coin #USELESS/USDT

Position: LONG 

Leverage:  Cr...rgets: 🎯 0.2510, 0.2780, 0.3200

Stop Loss: 0.2150",fd905af4d55ab0480d3f740fdf20ed57,2026-09-08T11:40:12+00:00,2026-09-08T12:19:54.524435+00:00,926,coinmastertrad1
1189871,13522,"🚩 SHORT #ACE/USDT

⚙️ 20X LEVERAGE

🛡 Entry: 0.169...2: 0.16000
TP3: 0.15000

🛑 SL: 0.2300

🔥REACTIONS?",f5294175fc872c9fbeeaba7021aefd57,2026-09-08T11:40:12+00:00,2026-09-08T12:19:54.510141+00:00,926,coinmastertrad1
1189867,13521,"🟢 Long

#ZRX/USDT

Entry : 

1) 0.0992
2) 0.0962

...0.1059

🛑 Stop : 0.0929

Leverage : 10x (isolated)",70e5a0ed8f6f2904a9f8878e40b900f0,2026-09-08T11:40:12+00:00,2026-09-08T12:19:54.471510+00:00,926,coinmastertrad1
1189865,13519,"🚩 SHORT #ON/USDT

⚙️ 50X LEVERAGE

🛡 Entry: 0.2064...TP2: 0.1960
TP3: 0.1860

🛑 SL: 0.2300

🔥REACTIONS?",11ac8a12c558a9d15fb3d909d7e26b44,2026-09-08T11:40:12+00:00,2026-09-08T12:19:54.440996+00:00,926,coinmastertrad1
1189877,13517,"🚨 #USELESS/USDT | SHORT

⚡Leverage: Cross 50x

🎯En... follow the signal and secure profits at targets.💎",ae9aeae95ce00f709405b5ea27b66eb1,2026-09-08T10:59:46+00:00,2026-09-08T12:19:54.579216+00:00,926,coinmastertrad1
1189876,13515,"#XPL/USDT

LONG LONG LONG 

OPEN MARKET PRICE 

TP...50
TP 0.10650
TP 0.10800

SL 0.09510

Leverage 25X",08393aba3e8b1223fb6183d9425e222f,2026-09-08T10:59:46+00:00,2026-09-08T12:19:54.555154+00:00,926,coinmastertrad1
1189875,13518,"🌹 #XPL/USDT

🟢 LONG

✅ Entry: 0.09965- 0.09823

❌ ...l advice.
💰 Stay disciplined. Protect your capital",5c9c2b0fcbf9c732850b0033e786a345,2026-09-08T10:59:46+00:00,2026-09-08T12:19:54.548118+00:00,926,coinmastertrad1
1189873,13510,"📊 #ON/USDT

🟢 POSITION: LONG

💰 ENTRY RANGE
➤ 0.19...
➤ 0.170

━━━━━━━━━━━━━━━━━━

✅ Manage risk wisely",c9240ad7dd0e67b4f029cb793c881272,2026-09-08T10:59:46+00:00,2026-09-08T12:19:54.513720+00:00,926,coinmastertrad1
1189872,13513,"🔴 Short

Pair: #VET/USDT

📊 Entry Price: 

1) 0.00...) 0.007186

Stop Loss: 0.008207

Leverage: 10x-20x",01b0c40405f86ec6112fd3f949c8ead1,2026-09-08T10:59:46+00:00,2026-09-08T12:19:54.512538+00:00,926,coinmastertrad1
1189870,13511,"$ATOM

LONG | Entry: 1.654
TP1: 1.701
TP2: 1.762
TP3: 1.825
SL: 1.597",e933cb6bf2c9d47c0f595c34aed5d402,2026-09-08T10:59:46+00:00,2026-09-08T12:19:54.503955+00:00,926,coinmastertrad1
1189869,13514,"📊#VET/USDT — LONG

⚡️ Leverage : 20X – 35X

💹Entry...Entry After TP1

⚖️ Follow Proper Risk Management.",a06dd4fb911de4e272701259c6f646ab,2026-09-08T10:59:46+00:00,2026-09-08T12:19:54.499412+00:00,926,coinmastertrad1
1189859,13512,"✨TAO/USDT

🎗 Trade Type = LONG 🟢

⭐️ Leverage :- 2...[ 258.14, 260.59, 263.33, 265.79, 269.19, 272.08 ]",72cbc34dd99a49d0b51ea5bfb5fce89f,2026-09-08T10:59:46+00:00,2026-09-08T12:19:54.345260+00:00,926,coinmastertrad1
1189851,13509,"#SOPH USDT — BUY (LONG) 
🎉
🟢 Leverage: Cross  50x7...Risk Management:
Use only 2%– 3%of your portfolio.",63a082d32c183342c6d055fa8d874a02,2026-09-08T10:59:46+00:00,2026-09-08T12:19:54.336400+00:00,926,coinmastertrad1
1189848,13508,"⭐️$BTR/USDT  LONG

🛡Leverage : Cross 25x50

‼️Entr....04664

Use only 3% - 5% amount of your portfolio🛍",3bec9a87947613cd2ac2c282d63fa8ef,2026-09-08T10:59:46+00:00,2026-09-08T12:19:54.313957+00:00,926,coinmastertrad1
1189837,13507,BTRUSDT LONG NOW,bb5b5b885c596b1d0121d18ff069f372,2026-09-08T10:59:46+00:00,2026-09-08T12:19:54.236911+00:00,926,coinmastertrad1
1189834,13506,"⭐️$IOST/USDT  LONG

🛡Leverage : Cross 25x50

‼️Ent...008486

Use only 3% - 5% amount of your portfolio🛍",483c31e96d8aab0264adf8f189341fcc,2026-09-08T10:59:46+00:00,2026-09-08T12:19:54.194677+00:00,926,coinmastertrad1
1189866,13498,"🔰 PAIR: SOL/ USDT 💹

🟢Position: LONG🚀

☑️ Entry Zo...:
🥇 103.10
🥈 103.39
🥉 103.66

❌ Stop Loss: 🔴101.80",d60a4b7864d14c425ba3d0ed7bbc858b,2026-09-08T10:59:45+00:00,2026-09-08T12:19:54.462794+00:00,926,coinmastertrad1
1189856,13502,"BICO/USDT 

SHORT SHORT SHORT 

OPEN MARKET PRICE ...2500
TP 0.022300
TP 0.022100

SL 0.026400

LEV 15X",18bf302d3b035f9eb618055881ea091b,2026-09-08T10:59:45+00:00,2026-09-08T12:19:54.365561+00:00,926,coinmastertrad1
1189855,13487,"🚨 #FLOCK/USDT | LONG

⚡Leverage: Cross 50x

🎯Entry... — follow the sign and secure profits at targets.💎",9dc2ca9320f782852732014ba38cbf8c,2026-09-08T10:59:45+00:00,2026-09-08T12:19:54.362610+00:00,926,coinmastertrad1
1189850,13499,"✅ Long

#BCH/USDT

Entry zone : 247.61 - 255.27

T...
279.39
287.01

Stop loss :237.4011

Leverage: 10x",80275fd6b56b43510abe23486cc62875,2026-09-08T10:59:45+00:00,2026-09-08T12:19:54.332930+00:00,926,coinmastertrad1
1189846,13491,"📊 Let’s LONG #SOPH /USDT

💥 Leverage:  Cross 20×  ... 0.0105
2) 0.0110
3) 0.0120

🔖 Stop Loss: 0.009380",a4c4481323d9402f509c83a4a8e5fe71,2026-09-08T10:59:45+00:00,2026-09-08T12:19:54.309249+00:00,926,coinmastertrad1
1189853,13504,"🚀 #OVER99WINS | TRADE SETUP 🚀

⭐ SOPH /USDT — LONG...o

📌 Follow the setup and manage your risk wisely.",82f043a0c34bfff235aa19ecb8a72a2d,2026-09-08T10:59:45+00:00,2026-09-08T12:19:54.308330+00:00,926,coinmastertrad1
1189845,13490,"🟢#1000CAT/USDT

📈Signal: long Leverage: Cross 20X
...even after TP1 is hit.

📣Trade Smart • Follow Risk",a4e82516159c3d1598e0d9471f3ef8b5,2026-09-08T10:59:45+00:00,2026-09-08T12:19:54.290781+00:00,926,coinmastertrad1
1189841,13501,"💰#SOPH/ USDT👑

💎Setup Type: Strong LONG  🔖Opportun...➝ 0.011800

4️⃣TP ➝ 0.012900

🚫Stop Loss: 0.008500",66d16a8345045ba97f60ae80e2dd375a,2026-09-08T10:59:45+00:00,2026-09-08T12:19:54.251008+00:00,926,coinmastertrad1
1189833,13488,"🟢COIN: #SOPH /USDT (LONG)

📊 Leverage 25x to 50x

...ENT IS KEY
Use only 1–2% of your capital per trade",9f950d7dc90f80592a5a4685a8437c32,2026-09-08T10:59:45+00:00,2026-09-08T12:19:54.185420+00:00,926,coinmastertrad1
1189868,13479,"🟢#SOPH/USDT

📈Signal: long Leverage: Cross 20X

⚡️...even after TP1 is hit.

📣Trade Smart • Follow Risk",af771b04c9351b9f49beb5f66ced1129,2026-09-08T10:59:44+00:00,2026-09-08T12:19:54.478136+00:00,926,coinmastertrad1
1189864,13478,"🟢#FORM/USDT

📈Signal: long Leverage: Cross 20X

⚡️...even after TP1 is hit.

📣Trade Smart • Follow Risk",d7b52b8a29660bb62df2041d0a22d9e1,2026-09-08T10:59:44+00:00,2026-09-08T12:19:54.429309+00:00,926,coinmastertrad1
1189863,13474,"🐳 SENT/USDT #LONG🐳

✳️ ENTRY :- 0.0148 - 0.0141

💢...0.0178

⛔️ STOP-LOSS :- 0.0138

☝️ Margin Use 2–3%",f6e7d49f8a0d79459c0857358ecd69ee,2026-09-08T10:59:44+00:00,2026-09-08T12:19:54.427694+00:00,926,coinmastertrad1
1189861,13486,"🚨 #SOPH/USDT | LONG

⚡Leverage: Cross 50x

🎯Entry ... follow the signal and secure profits at targets.💎",f858ed14c5ae7858f4b973e14c154c15,2026-09-08T10:59:44+00:00,2026-09-08T12:19:54.411455+00:00,926,coinmastertrad1
1189860,13473,"🟢AERO/USDT 📈

📈 long Setup 

💰 Entry Zone: 0.6570–...et 1. 
✅ Move SL to breakeven after Target 1 hits.",05a574dcd9171505d273614e377144f8,2026-09-08T10:59:44+00:00,2026-09-08T12:19:54.393363+00:00,926,coinmastertrad1
1189857,13485,"#USELESS/USDT LONG     

👉Leverage : Cross 10× To ...

1)  0.240
2)  0.256
3)  0.278

⭕Stoploss : 0.215",929bda7b6705e69f9d4f0ceeca4ca8c7,2026-09-08T10:59:44+00:00,2026-09-08T12:19:54.377555+00:00,926,coinmastertrad1
1189854,13483,"Coin #AKE/USDT

Position: LONG 

Leverage:  Cross ...rgets: 🎯 0.0188, 0.0194, 0.0203

Stop Loss: 0.0170",7ad761cdd69d1aefec43cb77fbb950fa,2026-09-08T10:59:44+00:00,2026-09-08T12:19:54.331115+00:00,926,coinmastertrad1
1189847,13481,"🚨 #USELESS/USDT — LONG SETUP

📍 Entry Zone: 0.215 ...ou can afford to lose.

🔥 Trade Safe. Trade Smart.",562b75877780b1c80c254df1e134a8b5,2026-09-08T10:59:44+00:00,2026-09-08T12:19:54.316076+00:00,926,coinmastertrad1
1189844,13476,"🔰 SAFE/USDT 🔰

🟢 LONG 20X

🔳 ENTRY :- 0.106

☑️ TARGET:- 0.110 - 0.116 - 0.124

🔴 STOP :- 0.096",26b1c1208824ef1c77aa3e8b71b15747,2026-09-08T10:59:44+00:00,2026-09-08T12:19:54.290007+00:00,926,coinmastertrad1
1189842,13484,"🚀 LONG: $USELESS/USDT🚀
LEVERAGE: 20X-50X

🤍 ENTRY ...60- 0.2780
—————

❌ STOP LOSS: 0.2030❌


REACTIONS",154dd8ac7267710d6affc724f5b40118,2026-09-08T10:59:44+00:00,2026-09-08T12:19:54.241477+00:00,926,coinmastertrad1
1189838,13482,"Coin #SOPH/USDT

Position: LONG 

Leverage:  Cross...rgets: 🎯 0.0108, 0.0114, 0.0122

Stop Loss: 0.0096",bdf5d696d8f9aabbeadbbd18a004581d,2026-09-08T10:59:44+00:00,2026-09-08T12:19:54.240836+00:00,926,coinmastertrad1
1189840,13472,"$BR/USDT #LONG📩

✅ENTRY :-0.2720/0.2630

Target 1:...𝐎𝐧𝐥𝐲 𝟏-𝟑% 𝐎𝐟 𝐎𝐮𝐫 𝐃𝐞𝐩𝐨𝐬𝐢𝐭 𝐅𝐨𝐫 𝐄𝐚𝐜𝐡 𝐓𝐫𝐚𝐝𝐞

React,??m",61c21d0ba1c5b95f92877673d16757b0,2026-09-08T10:59:44+00:00,2026-09-08T12:19:54.234994+00:00,926,coinmastertrad1
1189836,13468,"$NEAR LONG🟢 (25x Lev)

Entry- 2.80$

Targets- 2.312$- 2.340$- 2.377$- 2.415$

Stop Loss- 2.225$",b0f431648a8a5204791a43cd3f8d14ce,2026-09-08T10:59:44+00:00,2026-09-08T12:19:54.206266+00:00,926,coinmastertrad1
1189835,13475,"⚡️$SAFE/USDT⚡️

LONG
Leverage: 20X

Entry: 0.106

Target:

1)0.110
2)0.116
3)0.124

Stoploss: 0.096",8dcd80e2c8f0245fd263bdcb4c075109,2026-09-08T10:59:44+00:00,2026-09-08T12:19:54.202410+00:00,926,coinmastertrad1
1189832,13469,"$BTC LONG🟢 (25x Lev)

Entry -  $78000

TP - 79000$- 80000$

SL: 77000$",497624811fbd48ff141e822113e07ab5,2026-09-08T10:59:44+00:00,2026-09-08T12:19:54.186083+00:00,926,coinmastertrad1
1189831,13467,"💵 𝐒𝐈𝐆𝐍𝐀𝐋 𝐀𝐋𝐄𝐑𝐓 💵

#AERO/USDT (25xLONG)

✅ ENTRY:0....62

TARGETS:-0.6650/0.70/0.75

❌ STOP LOSS: 0.5550",2df0690ca6b2aeba2c6c2dd7961fa243,2026-09-08T10:59:44+00:00,2026-09-08T12:19:54.057161+00:00,926,coinmastertrad1
1189830,13470,"🚀 $AERO/USDT PERP 🚀

🟢 LONG

💰 Entry : 0.665$ – 0.... 5X – 25X

⛔️ SL : 0.550$

📌 Use Only 2-5% Capital",fc2f041bba7f907f6f3cd6bda5ae7d9f,2026-09-08T10:59:44+00:00,2026-09-08T12:19:54.020534+00:00,926,coinmastertrad1
1189829,13465,"🪙 Coin: #SOLV/USDT
🧭 Type: #LONG

📈 Entry Zone:
0.... within the zone and maintain strict risk control.",464790a0335146ef8ebd48f2e08d36a2,2026-09-08T10:59:43+00:00,2026-09-08T12:19:53.719529+00:00,926,coinmastertrad1
1189828,13466,"🔴 SHORT

#TRX/USDT

Entry : 

1) 0.33751
2) 0.3476...31415

🛑 Stop : 0.35877

Leverage : 10x (isolated)",cd174719ba57071d8e604538e3407a93,2026-09-08T10:59:43+00:00,2026-09-08T12:19:53.679552+00:00,926,coinmastertrad1
1189827,13464,"⚡ #BICO/USDT

📤 Long 

💹 Buy: 0.02283 - 0.02240

🧿...7 - 0.02421

🧨 StopLoss: 0.02174 

🔘 Leverage: 20x",e90e6bd837a65feab517407a657bd42e,2026-09-08T10:59:43+00:00,2026-09-08T12:19:53.663858+00:00,926,coinmastertrad1
1189819,13462,"$WLD LONG NOW

ENTRY: 0.4980 - 0.4800

TP:- 0.52 - 0.55 - 0.59

SL:- 0.44",09787c6ef7df4ef7294249cd69bbab44,2026-09-08T10:59:43+00:00,2026-09-08T12:19:42.597526+00:00,926,coinmastertrad1
1189810,13459,"📊 Let’s LONG #SOLV/USDT

💥 Leverage:  Cross 20×  -...1) 0.0047
2) 0.0049
3) 0.0053

🔖 Stop Loss: 0.0043",bccb3c0af4e22778a0ab21890357c044,2026-09-08T10:59:43+00:00,2026-09-08T12:19:42.524417+00:00,926,coinmastertrad1
1189798,13460,"#SOPH/USDT SHORT     

👉Leverage : Cross 10× To 30...0.00988
2)  0.00950
3)  0.00900

⭕Stoploss : 0.105",adfd991c38b34adad4c22a96c0aff27a,2026-09-08T10:59:43+00:00,2026-09-08T12:19:42.451461+00:00,926,coinmastertrad1
1189797,13458,"📊 Let’s LONG #SOL/USDT

💥 Leverage:  Cross 20×  - ...1) 104.55
2) 105.65
3) 106.82

🔖 Stop Loss: 101.30",b52f02097db21e5e8422f5115ddb8776,2026-09-08T10:59:43+00:00,2026-09-08T12:19:42.420996+00:00,926,coinmastertrad1
1192706,13530,"🚀 #BICOUSDT LONG SIGNAL 🚀
📍 Entry: 0.02475


🎯 Tak... your risk, and let's catch this move together! 🪙🔥",5742031480c613350992b54c39358763,2026-09-08T12:31:41+00:00,2026-09-08T13:43:49.033865+00:00,926,coinmastertrad1
1192707,13531,"🚨 #USELESS/USDT | SHORT

⚡Leverage: Cross 50x

🎯En... follow the signal and secure profits at targets.💎",5f4e0ec37d0d23e910f3c8c815f010e7,2026-09-08T12:31:41+00:00,2026-09-08T13:43:49.032598+00:00,926,coinmastertrad1
1192704,13529,BICO LONG 0.02475 tp1 0.02530,4378d9e942e2538b2cccb2bdc98e9f74,2026-09-08T12:31:41+00:00,2026-09-08T13:43:49.009895+00:00,926,coinmastertrad1
1192703,13528,"🟢#VVV/USDT

📈Signal: long Leverage: Cross 20X

⚡️E...even after TP1 is hit.

📣Trade Smart • Follow Risk",d755d163c291376c1251bfcc228ab4ae,2026-09-08T12:31:41+00:00,2026-09-08T13:43:49.008068+00:00,926,coinmastertrad1
1192700,13523,"🚀 #OVER99WINS | TRADE SETUP 🚀

⭐ CROSS /USDT — LON...o

📌 Follow the setup and manage your risk wisely.",62b1a0aee3bebbb68de14a8be8fa7afd,2026-09-08T12:31:41+00:00,2026-09-08T13:43:49.002373+00:00,926,coinmastertrad1
1198834,13613,"#SOPH USDT — SELL (SHORT) 
🎉
🟢 Leverage: Cross  50...Risk Management:
Use only 2%– 3%of your portfolio.",28cccd5326a409bae402cf01ff453cb7,2026-09-08T16:05:27+00:00,2026-09-08T16:40:42.108034+00:00,926,coinmastertrad1
1198824,13624,"🔴 SHORT

#ETC/USDT

Entry : 

1) 8.739
2) 9.001

T...) 8.134

🛑 Stop : 9.289

Leverage : 10x (isolated)",35c1df28b1aac9da882b547546e6f518,2026-09-08T16:05:27+00:00,2026-09-08T16:40:41.982651+00:00,926,coinmastertrad1
1198822,13612,"🔴 SHORT

#ADA/USDT

Entry zone : 0.23545 - 0.22860....20676
0.19987

Stop loss :0.244602

Leverage: 10x",69cba36ed5bea87e83911f509b93a798,2026-09-08T16:05:27+00:00,2026-09-08T16:40:41.976855+00:00,926,coinmastertrad1
1198818,13623,"🚀 #AKEUSDT LONG SIGNAL 🚀
📍 Entry: 0.01972


🎯 Take... your risk, and let's catch this move together! 🪙🔥",a62eaf78ee06fcb00aeed526d7c17a2b,2026-09-08T16:05:27+00:00,2026-09-08T16:40:41.915702+00:00,926,coinmastertrad1
1198816,13615,"📈 LONG #FORM/USDT

🚀 LEVERAGE : 50x

📊 ENTRY PRICE...

TP🟢0.330

TP🟢0.350

STOPLOSS 🔴0.290


REACTIONS?",7209223dce21df370272d47901a82a61,2026-09-08T16:05:27+00:00,2026-09-08T16:40:41.869621+00:00,926,coinmastertrad1
1198815,13614,"🚀 LONG: $FORM/USDT
LEVERAGE: 50x

✔️ENTRY PRICE: 0...3180-0.3310-0.3600

STOP LOSS:  0.2925

REACTIONS?",9bc702500e655ece5fa977f5e88b02eb,2026-09-08T16:05:27+00:00,2026-09-08T16:40:41.867787+00:00,926,coinmastertrad1
1198813,13620,LONG AERO 0.64367,9bf24c2e736597dd6f3c5c01a06436ee,2026-09-08T16:05:27+00:00,2026-09-08T16:40:41.855958+00:00,926,coinmastertrad1
1198811,13621,"✅Entry 0.6417 -0.6320

(🆘LONG AEROUSDT 5-20x🆘)

🏹 ... 5  $0.6803
🏹Target 6  $0.6900

🚫Stop loss -0.6058",fd9b94cf96ff53ae8188432612acf6e3,2026-09-08T16:05:27+00:00,2026-09-08T16:40:41.854961+00:00,926,coinmastertrad1
1198829,13599,SOPHUSDT SHORT NOW,53ed0e1333eddd4968f5848cea7fc141,2026-09-08T16:04:31+00:00,2026-09-08T16:40:42.035553+00:00,926,coinmastertrad1
1198807,13591,"🚀 #AKEUSDT LONG SIGNAL 🚀
📍 Entry: 0.01975


🎯 Take... your risk, and let's catch this move together! 🪙🔥",812bbd2204d0d5e93628aa3d818d2689,2026-09-08T16:04:31+00:00,2026-09-08T16:40:41.838114+00:00,926,coinmastertrad1
1198799,13588,"EXCHANGE/BYBIT/BITUNIX/OKX📌 


DAY TRADE 🏆

LONG/H...agement 🏆


Use only 5% of your 📈Available balance",5667c32ed326163e05727fb94bd0ef05,2026-09-08T16:04:31+00:00,2026-09-08T16:40:41.798881+00:00,926,coinmastertrad1
1198798,13589,"#WLD $WLD LONG TRADE

ENTRY: 0.47

TARGET: 0.51

STOPLOSS: 0.4562",2f6f2c577ce4f26b9a441f54cc89f4f0,2026-09-08T16:04:31+00:00,2026-09-08T16:40:41.793065+00:00,926,coinmastertrad1
1198795,13592,"🔴SHORT  #BTCUSDT

🔶 Entry : 78300 - 78400

➡️ Leve...ake Profit Targets :

👉 77300

🛑 Stop Loss : 79500",ea6f2ec4256ae0c6dfad5b1d7400de46,2026-09-08T16:04:31+00:00,2026-09-08T16:40:41.778870+00:00,926,coinmastertrad1
1198793,13590,AKE LONG 0.01975 TP1 0.02017,797727eb58398722e107a0ffb4f5094f,2026-09-08T16:04:31+00:00,2026-09-08T16:40:41.762748+00:00,926,coinmastertrad1
1198790,13596,"#SCR/USDT BUY (LONG) 

⚡️Leverage : Cross 25x to 5...02330

⚠️Use only 3% - 5% amount of your portfolio",c420025546c6feb5c2df0d8d63b2d9bd,2026-09-08T16:04:31+00:00,2026-09-08T16:40:41.753191+00:00,926,coinmastertrad1
1198784,13600,"⭐️$SOPH/USDT  SHORT

🛡Leverage : Cross 25x50

‼️En...009351

Use only 3% - 5% amount of your portfolio🛍",1cc2d02676261e1e75e6d144590fcac0,2026-09-08T16:04:31+00:00,2026-09-08T16:40:41.721640+00:00,926,coinmastertrad1
1198782,13597,"#VET buy setup long 

Tp 0.0080$-0.0085$-0.01-0.012-0.016$ 

Stop lose 0.0072$ 

Use 5X",76b30c16b14ad2e4c0576a451ecf501d,2026-09-08T16:04:31+00:00,2026-09-08T16:40:41.716011+00:00,926,coinmastertrad1
1198781,13594,"🟢#FLOCK/USDT

📈Signal: long Leverage: Cross 20X

⚡...even after TP1 is hit.

📣Trade Smart • Follow Risk",1fbba236c256dda308a9289583208a9c,2026-09-08T16:04:31+00:00,2026-09-08T16:40:41.644310+00:00,926,coinmastertrad1
1198823,13585,"#SHORT 🔴 🔤🔤🔤🔤🔤

#DOGE/USDT 

Margin Mode : Isolate...32

🟩 SL : 0.09206 - 100%

📊 LEV : 20X

🇯🇵 Premium",42ade274659390e05ee7944da36c9edd,2026-09-08T16:04:30+00:00,2026-09-08T16:40:41.977814+00:00,926,coinmastertrad1
1198801,13587,"🚀 #MEGAUSDT LONG SIGNAL 🚀
📍 Entry: 0.04210


🎯 Tak... your risk, and let's catch this move together! 🪙🔥",d66235661dbcf31b41bfa2ffa936c4fc,2026-09-08T16:04:30+00:00,2026-09-08T16:40:41.804838+00:00,926,coinmastertrad1
1198797,13584,"✅ Long

Pair: #NEO/USDT

📊 Entry Price: 

1) 2.160....262
4) 2.307

Stop Loss: 2.023

Leverage: 10x-20x",0292e0c3540914601366ffe866ce8d6b,2026-09-08T16:04:30+00:00,2026-09-08T16:40:41.788635+00:00,926,coinmastertrad1
1198772,13583,"ETH/USD SELL 

Entry : $ 2456.53

Target1: $  2431
Target2: $  2392
Target3: $  2354


SL : $ 2494",b28d3f7e626e25f3b36adc528de1a78b,2026-09-08T16:04:30+00:00,2026-09-08T16:40:41.507734+00:00,926,coinmastertrad1
1198754,13533,"SOL/USDT My Long Trade Idea 💡

Leverage 100X

Entr....500

Stop Loss   102.300

Follow Money Management",638f8c9df4fbb77ae5cfea3453f3e4f9,2026-09-08T16:03:16+00:00,2026-09-08T16:40:40.682067+00:00,926,coinmastertrad1
1201945,13643,"🟢COIN: #USELESS  /USDT (LONG)

📊 Leverage 25x to 5...ENT IS KEY
Use only 1–2% of your capital per trade",e01db7d0f839292228d2c523f619fac0,2026-09-08T17:10:30+00:00,2026-09-08T18:09:01.250980+00:00,926,coinmastertrad1
1201944,13641,"📊 Let’s SHORT #SOPH /USDT

💥 Leverage:  Cross 20× ....00630
2) 0.00600
3) 0.00530

🔖 Stop Loss: 0.00700",9c2a2fea5fe184b88c6aa68131697710,2026-09-08T17:10:30+00:00,2026-09-08T18:09:01.205423+00:00,926,coinmastertrad1
1201941,13644,"📊 Let’s LONG #USELESS/USDT

💥 Leverage:  Cross 20×...s: 

1) 0.302
2) 0.313
3) 0.330

🔖 Stop Loss: 0.27",1941e0c8f37976d3b9f36150d8a8a90f,2026-09-08T17:10:30+00:00,2026-09-08T18:09:01.177460+00:00,926,coinmastertrad1
1201940,13638,"💰#SOPH/ USDT👑

💎Setup Type: Strong SHORT  🔖Opportu...➝ 0.005300

4️⃣TP ➝ 0.004000

🚫Stop Loss: 0.007500",5083a42f0448d225c61ab08b0c02f2d7,2026-09-08T17:10:30+00:00,2026-09-08T18:09:01.162960+00:00,926,coinmastertrad1
1201938,13645,"🚨 #SOPH/USDT | SHORT

⚡Leverage: Cross 50x

🎯Entry... follow the signal and secure profits at targets.💎",e9d27d82d3661a9e920fc356245f0e6c,2026-09-08T17:10:30+00:00,2026-09-08T18:09:01.111768+00:00,926,coinmastertrad1
1201936,13639,"ETH/USD SELL 

Entry : $ 2491.36

Target1: $  2469
Target2: $  2442
Target3: $  2414


SL : $ 2520",1b481bf37c2bdd04a572129a1fc9d3d6,2026-09-08T17:10:30+00:00,2026-09-08T18:09:01.095485+00:00,926,coinmastertrad1
1201937,13637,"#SOL

After the nearest high is broken, a shift in...gets: 104.57 / 105.88 / 110.21
📉 Stop Loss: 100.11",cd2f58f8b940813a180c2aa1c0f879c0,2026-09-08T17:10:30+00:00,2026-09-08T18:09:01.090997+00:00,926,coinmastertrad1
1201933,13640,"ADA/USD SELL 

Entry : $ 0.22657

Target1: $  0.22...2: $  0.21596
Target3: $  0.20810


SL : $ 0.23467",0db37ffc9d542660f4ca178643eaeb99,2026-09-08T17:10:30+00:00,2026-09-08T18:09:01.053929+00:00,926,coinmastertrad1
1201927,13636,"🔴 Short

Pair: #ATOM/USDT

📊 Entry Price: 

1) 1.7....702
4) 1.664

Stop Loss: 1.900

Leverage: 10x-20x",f6e6cb0cbd004f5b1cb89b18d1843899,2026-09-08T17:10:30+00:00,2026-09-08T18:09:01.046779+00:00,926,coinmastertrad1
1201922,13635,"$INJ LONG🟢 (25x Lev)

Entry- 6.40$

Targets- 6.493$- 6.567$- 6.672$- 

Stop Loss- 6.175$",1e7bed57d5def32f86be56877a546a0c,2026-09-08T17:10:30+00:00,2026-09-08T18:09:00.991609+00:00,926,coinmastertrad1
1201935,13634,"🚨 #VVV/USDT | LONG

⚡Leverage: Cross 50x

🎯Entry T... follow the signal and secure profits at targets.💎",2cb9b3a7e7181016dd95ac0d9e278cfc,2026-09-08T17:10:29+00:00,2026-09-08T18:09:01.080433+00:00,926,coinmastertrad1
1201931,13630,"🟢COIN: #USELESS  /USDT (LONG)

📊 Leverage 25x to 5...ENT IS KEY
Use only 1–2% of your capital per trade",84664e01b4fc499de60dffe4ce6a9597,2026-09-08T17:10:29+00:00,2026-09-08T18:09:01.070668+00:00,926,coinmastertrad1
1201932,13632,"#USELESS /USDT BUY (LONG) 

⚡️Leverage : Cross 25x....2800

⚠️Use only 3% - 5% amount of your portfolio",630f4cdb7b90f547e8fd50a772ac8550,2026-09-08T17:10:29+00:00,2026-09-08T18:09:01.067287+00:00,926,coinmastertrad1
1201929,13633,"💰#EPIC/ USDT👑

💎Setup Type: Strong LONG  🔖Opportun...

🥉TP ➝ 0.5000

4️⃣TP ➝ 0.7500

🚫Stop Loss: 0.2700",feac76989618d1a3284df6ad8c5fc40e,2026-09-08T17:10:29+00:00,2026-09-08T18:09:01.065761+00:00,926,coinmastertrad1
1201923,13626,"📊 Let’s LONG #USELESS /USDT

💥 Leverage:  Cross 20...1) 0.3070
2) 0.3180
3) 0.3400

🔖 Stop Loss: 0.2800",9bbbe4afae3c4780070a1de8d8074d3e,2026-09-08T17:10:29+00:00,2026-09-08T18:09:00.990742+00:00,926,coinmastertrad1
1201921,13628,"💰#KAITO/ USDT👑

💎Setup Type: Strong LONG  🔖Opportu...

🥉TP ➝ 0.4000

4️⃣TP ➝ 0.5000

🚫Stop Loss: 0.2900",243684d7c15f8f20c16ef455c820063a,2026-09-08T17:10:29+00:00,2026-09-08T18:09:00.974447+00:00,926,coinmastertrad1
1207614,13655,"Pair: #BNB/USDT

Long • (10X-50X)

Entry
753.00

T...t your own risk. Always use proper risk management",c3f425b09496e47a8131878e80fbc91d,2026-09-08T20:56:59+00:00,2026-09-08T22:36:23.961576+00:00,926,coinmastertrad1
1207613,13659,"⚡️⚡️#EPIC/USDT⚡️⚡️

Signal Type : Long
Leverage : ...
1) 0.3913
2) 0.4063
3) 0.4211

Stop Loss : 0.3701",203cb4bac81f2f239cdbe26d4aeaa1fb,2026-09-08T20:56:59+00:00,2026-09-08T22:36:23.959595+00:00,926,coinmastertrad1
1207611,13658,"💫 Pair: ZEC/USDT  💫

🔼 Direction: Long 🔼

✅ Levera...ke Profit: 1250.00 📈

⚠️ Stop Loss: 1145.00 ⚠️

📈📈",fd2ec6eab605580fc0923f6be72b4256,2026-09-08T20:56:59+00:00,2026-09-08T22:36:23.945293+00:00,926,coinmastertrad1
1207609,13656,"🔰 PAIR: XRP/ USDT 💹

🟢Position: LONG🚀

☑️ Entry Zo...:
🥇 1.4351
🥈 1.4472
🥉 1.4727

❌ Stop Loss: 🔴1.4007",bdf981fbd2fec28f5c734b78aae76864,2026-09-08T20:56:59+00:00,2026-09-08T22:36:23.933626+00:00,926,coinmastertrad1
1207610,13657,"$ETCUSDT

LONG

RR : 2

LEVERAGE : 25x

ENTRY : 8.750

TAKE PROFITS 👇

1️⃣ 9.136

STOPLOSS : 8.561",2896f23036f09b3d12b0e8e67f27bca2,2026-09-08T20:56:59+00:00,2026-09-08T22:36:23.933063+00:00,926,coinmastertrad1
1226274,13857,"⭐️$ATOM/USDT  SHORT

🛡Leverage : Cross 25x50

‼️En... 2.218

Use only 3% - 5% amount of your portfolio🛍",bfcf8bc753be1c8206103240bedfbde3,2026-09-09T14:08:46+00:00,2026-09-09T14:59:23.651974+00:00,926,coinmastertrad1
1226271,13858,"🚨 $VVV/USDT | LONG

⚡Leverage: Cross 25x

🎯Entry T... follow the signal and secure profits at targets.💎",c0a8a6e643d79e11b42aeb8bd5536b88,2026-09-09T14:08:46+00:00,2026-09-09T14:59:23.613359+00:00,926,coinmastertrad1
1226252,13859,"🔘 Coin : #PUMP/USDT 🔘

🔴 SHORT

🔺Entry🔻: 0.004396
... 0.004131

♦️ StopLoss : 0.004551

🔱 Leverage: 25x",a7e9a214efb58c9d4236f6da8546a348,2026-09-09T14:08:46+00:00,2026-09-09T14:59:23.551112+00:00,926,coinmastertrad1
1226238,13856,"🚀 #OVER99WINS | TRADE SETUP 🚀

⭐ BR /USDT — LONG

...o

📌 Follow the setup and manage your risk wisely.",97125e85c8218a01e7b493857889b8fc,2026-09-09T14:08:46+00:00,2026-09-09T14:59:23.297774+00:00,926,coinmastertrad1
1226280,13845,"🚀 #HUMAUSDT LONG SIGNAL 🚀

📌 ENTRY ➜ 0.02319

🎯 TA...ch this move together!

🪙 Trade Smart • Trade Safe",5c139097cf484566bb73b9c2125c3677,2026-09-09T14:08:43+00:00,2026-09-09T14:59:23.743968+00:00,926,coinmastertrad1
1226278,13847,"📊 Let’s LONG #USELESS/USDT

💥 Leverage:  Cross 20×...1) 0.3300
2) 0.3500
3) 0.3900

🔖 Stop Loss: 0.3000",ef70bbaf57b72b7d7a91e5882347c8f7,2026-09-09T14:08:43+00:00,2026-09-09T14:59:23.676499+00:00,926,coinmastertrad1
1226270,13843,"🚨 #BR/USDT | LONG

⚡Leverage: Cross 25x

🎯Entry Ta... follow the signal and secure profits at targets.💎",6e55575fb412fecf25b06cb5f80b1c20,2026-09-09T14:08:43+00:00,2026-09-09T14:59:23.612554+00:00,926,coinmastertrad1
1226268,13846,"#BR USDT — BUY (LONG) 
🎉
🟢 Leverage: Cross  25x75
...Risk Management:
Use only 2%– 3%of your portfolio.",91a8259b90bcf9144d0d68bad81b569b,2026-09-09T14:08:43+00:00,2026-09-09T14:59:23.597866+00:00,926,coinmastertrad1
1226265,13841,"🔴 Short

Pair: #QTUM/USDT

📊 Entry Price: 

1) 0.9...) 0.854116

Stop Loss: 0.975408

Leverage: 10x-20x",32372949526e3fd348f0b126a275a988,2026-09-09T14:08:43+00:00,2026-09-09T14:59:23.594725+00:00,926,coinmastertrad1
1226264,13840,"✅ Long

#VET/USDT

Entry zone : 0.007526 - 0.00775...492
0.008723

Stop loss :0.00721587

Leverage: 10x",d4a2197e2d6de47507c1abddf32f5b93,2026-09-09T14:08:43+00:00,2026-09-09T14:59:23.534639+00:00,926,coinmastertrad1
1226248,13842,"🛎️ Trade: #MARSCOIN/USDT

Direction: 📈 LONG 

🟢 En...18
• Target 6: 0.1432

💠 Leverage : 5x - 10x - 20x",052c46b212f1fc577423734957698a14,2026-09-09T14:08:43+00:00,2026-09-09T14:59:23.528754+00:00,926,coinmastertrad1
1226279,13819,"💰#BR/ USDT👑

💎Setup Type: Strong LONG  🔖Opportunit...TP ➝ 0.35000

4️⃣TP ➝ 0.45000

🚫Stop Loss: 0.27000",514e9bcf1e7839c10ab5748c7abf5d07,2026-09-09T14:08:42+00:00,2026-09-09T14:59:23.732326+00:00,926,coinmastertrad1
1226276,13822,"🚀 #OVER99WINS | TRADE SETUP 🚀

⭐ BR /USDT — LONG

...o

📌 Follow the setup and manage your risk wisely.",544fda77ccdc85e1aa796ec87a38f743,2026-09-09T14:08:42+00:00,2026-09-09T14:59:23.667136+00:00,926,coinmastertrad1
1226273,13835,"#IOST /USDT BUY (LONG) 

⚡️Leverage : Cross 25x to...01145

⚠️Use only 3% - 5% amount of your portfolio",9ee3f337b818d8747ff63f3e057cc051,2026-09-09T14:08:42+00:00,2026-09-09T14:59:23.642811+00:00,926,coinmastertrad1
1226269,13833,"🚀 LONG: $IOST/USDT
LEVERAGE: 50x

✔️ENTRY PRICE: 0...001380-0.001500

STOP LOSS:  0.001200


REACTIONS?",451a5f60806dbe562580eac1d0e8165f,2026-09-09T14:08:42+00:00,2026-09-09T14:59:23.605463+00:00,926,coinmastertrad1
1226257,13820,"🔰 PAIR: AVAX/ USDT 💹

🟢Position: LONG🚀

☑️ Entry Z...gets:
🥇 8.043
🥈 8.066
🥉 8.127

❌ Stop Loss: 🔴7.960",6ba50fe29f6edaa05cc05fd990e5e948,2026-09-09T14:08:42+00:00,2026-09-09T14:59:23.569687+00:00,926,coinmastertrad1
1226253,13829,"SHORT🚨

NCLD/USDT

MARKET PRICE

Leverage: 10X/25X... 5% of Your capital

Apply proper risk management📈",bba45537a39f414c31a25092079eab23,2026-09-09T14:08:42+00:00,2026-09-09T14:59:23.556906+00:00,926,coinmastertrad1
1226260,13837,"#IOST/USDT LONG     

👉Leverage : Cross 10× To 30×...0128
2)  0.00132
3)  0.00140

⭕Stoploss : 0.001155",855579181fe84cb88a4921f81ad62b45,2026-09-09T14:08:42+00:00,2026-09-09T14:59:23.555455+00:00,926,coinmastertrad1
1226250,13836,"⭐️$ATOM/USDT  LONG

🛡Leverage : Cross 25x50

‼️Ent... 1.700

Use only 3% - 5% amount of your portfolio🛍",c20d3376c5c0c78921561871ebb559d4,2026-09-09T14:08:42+00:00,2026-09-09T14:59:23.533684+00:00,926,coinmastertrad1
1226244,13832,"⭐️$SKR/USDT  LONG

🛡Leverage : Cross 25x50

‼️Entr...020890

Use only 3% - 5% amount of your portfolio🛍",edd886f37f3ed4e5973627300a943e36,2026-09-09T14:08:42+00:00,2026-09-09T14:59:23.502967+00:00,926,coinmastertrad1
1226243,13824,"📈 LONG #IOST/USDT

🚀 LEVERAGE : 50x

📊 ENTRY PRICE...🟢0.00128

TP🟢0.00135

STOPLOSS 🔴0.0013

REACTIONS?",a71ea14c8d486fe688d4810af0cf5eb2,2026-09-09T14:08:42+00:00,2026-09-09T14:59:23.496285+00:00,926,coinmastertrad1
1226239,13826,"🔴 SHORT

#ATOM/USDT

Entry : 

1) 1.931
2) 1.988

...) 1.797

🛑 Stop : 2.052

Leverage : 10x (isolated)",bc12681428224d3a8884bbf618ad4431,2026-09-09T14:08:42+00:00,2026-09-09T14:59:23.332102+00:00,926,coinmastertrad1
1226235,13823,"⚡ #XRP/USDT

📤 Long 

💹 Buy: 1.4409 - 1.4000

🧿 Ta...149 - 1.5300

🧨 StopLoss: 1.3640 

🔘 Leverage: 20x",57163b79ae0d731c87d22cacb6519b78,2026-09-09T14:08:42+00:00,2026-09-09T14:59:23.305860+00:00,926,coinmastertrad1
1226234,13827,"📈 LONG #ATOM/USDT

🚀 LEVERAGE : 75x

📊 ENTRY PRICE...1.99

TP🟢2.05

TP🟢2.15

STOPLOSS 🔴1.84

REACTIONS?",a6e1fc32d1e25050e08063767f842adb,2026-09-09T14:08:42+00:00,2026-09-09T14:59:23.274790+00:00,926,coinmastertrad1
1226230,13830,"$SOLUSDT

LONG

RR : 2

LEVERAGE : 35x

ENTRY : 10....38

TAKE PROFITS 👇

1️⃣ 107.44

STOPLOSS : 102.87",d615d0d911101ab207110b2aad0944a9,2026-09-09T14:08:42+00:00,2026-09-09T14:59:23.200926+00:00,926,coinmastertrad1
1226226,13825,"⚡️$USELESS/USDT⚡️

LONG
Leverage: 25X

Entry: 0.31...
Target:

1)0.325
2)0.365
3)0.425

Stoploss: 0.240",731f4c96babf44e2da7fe8a1d8b11db0,2026-09-09T14:08:42+00:00,2026-09-09T14:59:23.036460+00:00,926,coinmastertrad1
1226281,13809,"🚀 #OVER99WINS | TRADE SETUP 🚀

⭐ LIT /USDT — LONG
...o

📌 Follow the setup and manage your risk wisely.",366c4026d43441f6a6130c8a6f634d86,2026-09-09T14:08:41+00:00,2026-09-09T14:59:23.766927+00:00,926,coinmastertrad1
1226277,13802,"🔰 VVV/USDT 🔰

🟢 LONG 20X

🔳 ENTRY :- 26.80

☑️ TARGET:- 27.50 - 28.70- 31.00

🔴 STOP :- 23.70",3974e3bf3f56c5e7e0bf7e66da08d95f,2026-09-09T14:08:41+00:00,2026-09-09T14:59:23.675659+00:00,926,coinmastertrad1
1226263,13805,"🪙 Coin: #FF/USDT
🧭 Type: #LONG

📈 Entry Zone:
0.15... within the zone and maintain strict risk control.",a70f433ee612e963f79b78338c2f2b9d,2026-09-09T14:08:41+00:00,2026-09-09T14:59:23.590474+00:00,926,coinmastertrad1
1226258,13815,"🚀 #LITUSDT LONG SIGNAL 🚀

📌 ENTRY ➜ 5.2100

🎯 TAKE...ch this move together!

💱 Trade Smart • Trade Safe",e8fadb0042b3fadbd1862b4755eb319d,2026-09-09T14:08:41+00:00,2026-09-09T14:59:23.570980+00:00,926,coinmastertrad1
1226256,13804,"$KAT/USDT now at current market price (Spot + Futu...$0.0062
2. $0.0065
3. $0.0067

Stop loss : $0.0054",f1f29d80264ecb8fde309af2b8b00070,2026-09-09T14:08:41+00:00,2026-09-09T14:59:23.565955+00:00,926,coinmastertrad1
1226245,13816,"📍Coin : #DOT/USDT

🔴 SHORT 

👉 Entry: 1.1820 - 1.2...t 5: 1.1250
🎯 Target 6: 1.1105

❌ StopLoss: 1.2490",68ea2c8db9456b6b5029730f6507c475,2026-09-09T14:08:41+00:00,2026-09-09T14:59:23.505073+00:00,926,coinmastertrad1
1226241,13808,"📊 Let’s LONG #LIT/USDT

💥 Leverage:  Cross 20×  - ...1) 5.3785
2) 5.5650
3) 5.7520

🔖 Stop Loss: 4.9045",34061fdd1ee8995b05c7b17fec7c22f7,2026-09-09T14:08:41+00:00,2026-09-09T14:59:23.476463+00:00,926,coinmastertrad1
1226240,13806,"🟢CATI/USDT 📈

📈 long Setup 

💰 Entry Zone: 0.0634–...et 1. 
✅ Move SL to breakeven after Target 1 hits.",1a7b08794f0da467a5add8eb42f6f449,2026-09-09T14:08:41+00:00,2026-09-09T14:59:23.474176+00:00,926,coinmastertrad1
1226236,13814,LIT LONG 5.2155 TP1 5.3245,f39dc0bbdb647c929b242c968a468493,2026-09-09T14:08:41+00:00,2026-09-09T14:59:23.307212+00:00,926,coinmastertrad1
1226231,13813,"📊 #USELESS/USDT

🟢 POSITION: LONG

💰 ENTRY RANGE
➤...
➤ 0.240

━━━━━━━━━━━━━━━━━━

✅ Manage risk wisely",b09f51c77e9d1a802edbc160058961d5,2026-09-09T14:08:41+00:00,2026-09-09T14:59:23.246078+00:00,926,coinmastertrad1
1226225,13800,"$KAT/USDT #LONG📩

✅ENTRY :-0.0060/0.005750

Target...𝐎𝐧𝐥𝐲 𝟏-𝟑% 𝐎𝐟 𝐎𝐮𝐫 𝐃𝐞𝐩𝐨𝐬𝐢𝐭 𝐅𝐨𝐫 𝐄𝐚𝐜𝐡 𝐓𝐫𝐚𝐝𝐞

React,??m",4aa3fe41d1eb57e773bf99b2ecae8d34,2026-09-09T14:08:41+00:00,2026-09-09T14:59:23.032664+00:00,926,coinmastertrad1
1226222,13801,"🟢 Long

#THETA/USDT

Entry : 

1) 0.1773
2) 0.1719...0.1894

🛑 Stop : 0.1661

Leverage : 10x (isolated)",0f18baed1f117db213d624ad54956818,2026-09-09T14:08:41+00:00,2026-09-09T14:59:22.568826+00:00,926,coinmastertrad1
1226210,13798,"Coin #SKR/USDT

Position: LONG 

Leverage:  Cross ...rgets: 🎯 0.0251, 0.0286, 0.0319

Stop Loss: 0.0202",3f964ee6c0050eb4112449bc0bd5948f,2026-09-09T14:08:41+00:00,2026-09-09T14:59:22.376147+00:00,926,coinmastertrad1
1226249,13795,"⌛#SUI/USDT  ( SHORT )

🍁 Leverage 👉 20X to 25X 

⛩...34 | 0.7763 | 0.7654 | 0.7564

🔕 Stoploss = 0.8299",06705001f3f8e9c2a1ce68051b303c7a,2026-09-09T14:08:40+00:00,2026-09-09T14:59:23.527003+00:00,926,coinmastertrad1
1226228,13796,"✅ Long

Pair: #ZIL/USDT

📊 Entry Price: 

1) 0.002...0.0030599

Stop Loss: 0.0026835

Leverage: 10x-20x",babec39b2ae80cc19f47d31fbaed4706,2026-09-09T14:08:40+00:00,2026-09-09T14:59:23.039935+00:00,926,coinmastertrad1
1226223,13789,"🔴 SHORT

#ZRX/USDT

Entry zone : 0.1084 - 0.1053

...
0.0952
0.0920

Stop loss :0.112671

Leverage: 10x",8f846f042f1d77e76cfab4d2ba99439c,2026-09-09T14:08:40+00:00,2026-09-09T14:59:22.572358+00:00,926,coinmastertrad1
1226221,13797,"🚀 $LIT/USDT PERP 🚀

🟢 LONG

💰 Entry : 5.03$ – 4.80...: 5X – 25X

⛔️ SL : 4.35$

📌 Use Only 2-5% Capital",b805282f609bbde6a63b79aff9a22479,2026-09-09T14:08:40+00:00,2026-09-09T14:59:22.539539+00:00,926,coinmastertrad1
1226219,13793,"🐳 BTR/USDT #LONG🐳

✳️ ENTRY :- 0.05170 - 0.05000

...: 0.060

⛔️ STOP-LOSS :- 0.047

☝️ Margin Use 2–3%",571727bfc82d18a1b2156be39df58c6f,2026-09-09T14:08:40+00:00,2026-09-09T14:59:22.515600+00:00,926,coinmastertrad1
1226217,13783,"🟢#IOST/USDT

📈Signal: long Leverage: Cross 20X

⚡️...even after TP1 is hit.

📣Trade Smart • Follow Risk",610eddc347ff650ace42276185e0965c,2026-09-09T14:08:40+00:00,2026-09-09T14:59:22.505078+00:00,926,coinmastertrad1
1226218,13794,"⚡️$VVV/USDT⚡️

LONG
Leverage: 20X

Entry: 26.80

Target:

1)27.50
2)28.70
3)31.00

Stoploss: 23.70",039358edd671a7812132a8385a42b639,2026-09-09T14:08:40+00:00,2026-09-09T14:59:22.504225+00:00,926,coinmastertrad1
1226214,13778,"📊 Let’s SHORT #BEAT/USDT

💥 Leverage:  Cross 20×  ...1) 0.1230
2) 0.1190
3) 0.1135

🔖 Stop Loss: 0.1310",af1ac6ea4baa1d02c39ce5693594572e,2026-09-09T14:08:40+00:00,2026-09-09T14:59:22.409639+00:00,926,coinmastertrad1
1226215,13784,"#GPSUSDT — BUY (LONG) 
🎉
🟢 Leverage: Cross  20x50
...Risk Management:
Use only 2%– 3%of your portfolio.",3ae70757d0c416bd80c692c737e9936e,2026-09-09T14:08:40+00:00,2026-09-09T14:59:22.406972+00:00,926,coinmastertrad1
1226211,13779,"📊 Let’s LONG #HYPE/USDT

💥 Leverage:  Cross 20×  -...: 

1) 86.80
2) 87.66
3) 88.70

🔖 Stop Loss: 83.70",b2b015bce27228413aa1d4887b5a85f6,2026-09-09T14:08:40+00:00,2026-09-09T14:59:22.385435+00:00,926,coinmastertrad1
1226207,13785,"#MAGMAUSDT — BUY (LONG) 
🎉
🟢 Leverage: Cross  25x7...Risk Management:
Use only 2%– 3%of your portfolio.",07471ae1821452304aecdfa676f3be7d,2026-09-09T14:08:40+00:00,2026-09-09T14:59:22.328843+00:00,926,coinmastertrad1
1226202,13791,"#MARSCOIN/USDT LONG     

👉Leverage : Cross 10× To...

1)  0.135
2)  0.139
3)  0.145

⭕Stoploss : 0.126",6d0f1b1457dd95d233405b6234a2c734,2026-09-09T14:08:40+00:00,2026-09-09T14:59:22.315826+00:00,926,coinmastertrad1
1226201,13780,"📊 Let’s SHORT #FF/USDT

💥 Leverage:  Cross 20×  - ...: 

1) 0.140
2) 0.132
3) 0.125

🔖 Stop Loss: 0.155",8ea8a208a9720f01e6893eeff8f143ee,2026-09-09T14:08:40+00:00,2026-09-09T14:59:22.222914+00:00,926,coinmastertrad1
1226196,13788,"✅ Long

#IOST/USDT

Entry zone : 0.00080694 - 0.00...
0.00093534

Stop loss :0.000773667

Leverage: 10x",551734e3dee410edcc40dd6b286039c0,2026-09-09T14:08:40+00:00,2026-09-09T14:59:22.163083+00:00,926,coinmastertrad1
1230154,13907,"USELESS/USDT

SHORT SHORT SHORT 

OPEN MARKET PRIC....29600
TP 0.29200
TP 0.29050

SL  0.33900

LEV 10X",1755d428017a9660e0b4b8e20a7c1677,2026-09-09T16:33:17+00:00,2026-09-09T17:19:56.216899+00:00,926,coinmastertrad1
1230147,13918,"#BIO | SHORT SETUP

💰 Entry: $0.02671

🎯 Target1: ...t4: $0.02570
🎯 Target5: $0.02532

🛡 STOP: $0.02805",2745eec2292fd41ecd45c6c6154cc258,2026-09-09T16:33:17+00:00,2026-09-09T17:19:56.184320+00:00,926,coinmastertrad1
1230144,13908,"🚨 #USELESS/USDT | SHORT

⚡Leverage: Cross 50x

🎯En... follow the signal and secure profits at targets.💎",3493af7c0111e7ea94cb8e9e6a28f39b,2026-09-09T16:33:17+00:00,2026-09-09T17:19:56.169921+00:00,926,coinmastertrad1
1230143,13911,"➡️ #IOST     /USDT (SHORT) 🔽🔽

⌛LEVERAGE : 20X TO ...8


💥Use only 1%margin of your total portfolio❤️😘😇",738c3e7181515ff972b5128ef30dbd05,2026-09-09T16:33:17+00:00,2026-09-09T17:19:56.163023+00:00,926,coinmastertrad1
1230126,13910,"💰#IOST/ USDT👑

💎Setup Type: Strong LONG  🔖Opportun....0018000

4️⃣TP ➝ 0.0025000

🚫Stop Loss: 0.0012800",c86f3f4ce739ef10b4e302f031f5880a,2026-09-09T16:33:17+00:00,2026-09-09T17:19:55.912287+00:00,926,coinmastertrad1
1230123,13912,"🔴 SHORT

#IOST/USDT

Entry zone : 0.00167879 - 0.0...
0.00142510

Stop loss :0.001743993

Leverage: 10x",b7029e5f427d893bd27974a3b0b01b75,2026-09-09T16:33:17+00:00,2026-09-09T17:19:55.899383+00:00,926,coinmastertrad1
1230152,13897,"#BTC - LONG 100X

Entry  78991

Targets 100% -200%-300% +++

SL= Will Update

Using 1% wallet",00db68dc347ea1d07c00f09346c40956,2026-09-09T14:47:39+00:00,2026-09-09T17:19:56.208470+00:00,926,coinmastertrad1
1230132,13898,"🔰 PAIR: OP/ USDT 💹

🔴Position: SHORT🚀

☑️ Entry Zo...:
🥇 0.1034
🥈 0.1025
🥉 0.1015

❌ Stop Loss: 🔴0.1058",be321197a9d6e927b86244707251071a,2026-09-09T14:47:39+00:00,2026-09-09T17:19:56.049019+00:00,926,coinmastertrad1
1230113,13896,"🚀 #COTIUSDT LONG SIGNAL 🚀

📌 ENTRY ➜ 0.01942

🎯 TA...ch this move together!

🪙 Trade Smart • Trade Safe",bdba71f72557d5e735767260455cef24,2026-09-09T14:47:09+00:00,2026-09-09T17:19:55.734944+00:00,926,coinmastertrad1
1230107,13895,COTI LONG 0.01942 TP1 0.01982,a08dc054d64a629c31f3729c60c9470e,2026-09-09T14:47:09+00:00,2026-09-09T17:19:55.654707+00:00,926,coinmastertrad1
1230103,13894,"🚀 #USELESSUSDT SHORT SIGNAL 🚀

📌 ENTRY ➜ 0.3072

🎯...ch this move together!

🪙 Trade Smart • Trade Safe",a0e4953da606c9843ac9a81316cbe5b3,2026-09-09T14:47:09+00:00,2026-09-09T17:19:55.633825+00:00,926,coinmastertrad1
1230115,13892,"🚨 #CROSS/USDT — POWER LONG 

🎩 ENTRY ZONE: 0.1230
...re profits step by step
🗡 NO FEAR — JUST PROFITS 🪙",b6d17240e6a5f73aadd563932ead9128,2026-09-09T14:45:37+00:00,2026-09-09T17:19:55.733117+00:00,926,coinmastertrad1
1230108,13890,"🚀 #OVER99WINS | TRADE SETUP 🚀

⭐ CROSS /USDT — LON...o

📌 Follow the setup and manage your risk wisely.",d683f9906f86ccd50ec7239dc11d7cc9,2026-09-09T14:45:36+00:00,2026-09-09T17:19:55.664953+00:00,926,coinmastertrad1
1230093,13887,"ETH/ USDT/ SHORT
Entry at market price 

Cross || ...only 1% of your wallet. 
Manage your risk properly",325d4fca2572b55e4ab1aeb1fd862c65,2026-09-09T14:45:15+00:00,2026-09-09T17:19:55.560976+00:00,926,coinmastertrad1
1230118,13885,"✅ Long

Pair: #ZIL/USDT

📊 Entry Price: 

1) 0.002...0.0030567

Stop Loss: 0.0026807

Leverage: 10x-20x",b9dd0b6012ffeb51b14967c1abf36c1b,2026-09-09T14:08:54+00:00,2026-09-09T17:19:55.756707+00:00,926,coinmastertrad1
1230114,13878,"🔘 Coin : #MAGMA/USDT 🔘

🟢 LONG

🔺Entry🔻: 0.26974

... - 0.29141

♦️ StopLoss : 0.25961

🔱 Leverage: 25x",1488460f0e05c51a492f680600c19b81,2026-09-09T14:08:54+00:00,2026-09-09T17:19:55.734091+00:00,926,coinmastertrad1
1230106,13882,"🟢 Long

#BNB/USDT

Entry : 

1) 747.740
2) 725.307...8.896

🛑 Stop : 700.632

Leverage : 10x (isolated)",8f4f60557234aa134096c3924ef9d9fc,2026-09-09T14:08:54+00:00,2026-09-09T17:19:55.623684+00:00,926,coinmastertrad1
1230100,13884,"#WLD $WLD LONG TRADE

ENTRY: 0.4495

TARGET: 0.491

STOPLOSS: 0.4345",b7922643a647b7741b4dd777df046972,2026-09-09T14:08:54+00:00,2026-09-09T17:19:55.609231+00:00,926,coinmastertrad1
1230099,13879,"#SHORT 🔴 🔤🔤🔤🔤🔤

#HYPE/USDT 

Margin Mode : Isolate...8.61

🟩 SL : 89.70 - 100%

📊 LEV : 30X

🇯🇵 Premium",4be795ddfd5e517fa0a0d9fccc2ca190,2026-09-09T14:08:54+00:00,2026-09-09T17:19:55.608123+00:00,926,coinmastertrad1
1230092,13883,"BTC/USDT Short  | 

Entry  :  79210 

TP   :  78800 / 78500 / 78000

SL  :  79600 | Risk 3% to 5%",ae4396ca2c6dd5a45a50588e1fec8ba6,2026-09-09T14:08:54+00:00,2026-09-09T17:19:55.550140+00:00,926,coinmastertrad1
1230089,13880,"BTC/USD SELL 

Entry : $ 79494

Target1: $  79129
Target2: $ 78365
Target3: $ 77684

SL : $ 80148",2b8480b529d118db18c82e22abb5cb2e,2026-09-09T14:08:54+00:00,2026-09-09T17:19:55.425896+00:00,926,coinmastertrad1
1230153,13866,"Pair: #ATOM/USDT

Short • (25X)

Entry
1.935

Targ...t your own risk. Always use proper risk management",74479c5cfca9b6a4782bb33618913a21,2026-09-09T14:08:46+00:00,2026-09-09T17:19:56.202794+00:00,926,coinmastertrad1
1230145,13871,"💫 Pair: CASHCAT/USDT  💫

🔼 Direction: Long 🔼

✅ Le...Take Profit: 0.2130 📈

⚠️ Stop Loss: 0.1770 ⚠️

📈📈",f9b7055574929d6836c29c4e9593b54a,2026-09-09T14:08:46+00:00,2026-09-09T17:19:56.169075+00:00,926,coinmastertrad1
1230090,13867,"IOST/ USDT/ SHORT
Entry at market price 

Cross ||...only 1% of your wallet. 
Manage your risk properly",2950d4c8e76e9017483a46a7536db003,2026-09-09T14:08:46+00:00,2026-09-09T17:19:55.483243+00:00,926,coinmastertrad1
1230088,13861,"✨ATOM/USDT

🎗 Trade Type = SHORT 🔴

⭐️ Leverage :-...fit = [ 1.918, 1.896, 1.876, 1.855, 1.836, 1.813 ]",2cc626ded2107daa367cf41923260742,2026-09-09T14:08:46+00:00,2026-09-09T17:19:54.139192+00:00,926,coinmastertrad1
1230087,13862,"Use only 2% Funds

#XRP/USDT (SHORT)

Entry 1 = 1....Profit
T.P 3 = 1000% Profit 

🔴Stop loss at 1.4950",72d3b530691c46dedf8bef3cf6d4dcae,2026-09-09T14:08:46+00:00,2026-09-09T17:19:54.137939+00:00,926,coinmastertrad1
1230086,13863,"⭐️$RAY/USDT  LONG

🛡Leverage : Cross 50x75

‼️Entr...1.1386

Use only 3% - 5% amount of your portfolio🛍",9d65fc079f486c3f97a29b91070a6865,2026-09-09T14:08:46+00:00,2026-09-09T17:19:54.136486+00:00,926,coinmastertrad1
1230085,13860,"📈 LONG #KAT/USDT

🚀 LEVERAGE : 50x

📊 ENTRY PRICE ...P🟢0.0059

TP🟢0.0062

STOPLOSS 🔴0.0053


REACTIONS?",a930e04ab0e969acd3a8be7b4d496979,2026-09-09T14:08:46+00:00,2026-09-09T17:19:54.034349+00:00,926,coinmastertrad1
1242008,14143,"💫 Pair: XAU/USDT  💫

🔼 Direction: Long 🔼

✅ Levera...ke Profit: 4495.00 📈

⚠️ Stop Loss: 4342.00 ⚠️

📈📈",69aaab00c8e976b08cf0d3ffdf3ffd47,2026-09-10T10:36:51+00:00,2026-09-13T19:56:54.625719+00:00,926,coinmastertrad1
1242000,14140,"💰#VTHO/ USDT👑

💎Setup Type: Strong SHORT  🔖Opportu...0004500

4️⃣TP ➝ 0.00040000

🚫Stop Loss: 0.0006700",d6417cc92435e95f59684e92e910a618,2026-09-10T10:36:51+00:00,2026-09-13T19:56:54.589923+00:00,926,coinmastertrad1
1241984,14142,"$LSK/USDT #LONG📩

✅ENTRY :-0.1240/0.1190

Target 1...𝐎𝐧𝐥𝐲 𝟏-𝟑% 𝐎𝐟 𝐎𝐮𝐫 𝐃𝐞𝐩𝐨𝐬𝐢𝐭 𝐅𝐨𝐫 𝐄𝐚𝐜𝐡 𝐓𝐫𝐚𝐝𝐞

React,??m",0d106fe07e7789e3ddb46ca1915a55ae,2026-09-10T10:36:51+00:00,2026-09-13T19:56:54.489677+00:00,926,coinmastertrad1
1241970,14137,"🚨 #EGLD/USDT | LONG

⚡Leverage: Cross 50x

🎯Entry ... follow the signal and secure profits at targets.💎",b77d926c65198a503697c989bdcbd09f,2026-09-10T10:36:51+00:00,2026-09-13T19:56:54.430899+00:00,926,coinmastertrad1
1241965,14136,"#BTWUSDT — BUY (LONG) 
🎉
🟢 Leverage: Cross  50x75
...Risk Management:
Use only 2%– 3%of your portfolio.",ede4057a0300208df6316c0550962614,2026-09-10T10:36:51+00:00,2026-09-13T19:56:54.416394+00:00,926,coinmastertrad1
1241962,14139,"💰#BR/ USDT👑

💎Setup Type: Strong LONG  🔖Opportunit...TP ➝ 0.33000

4️⃣TP ➝ 0.43000

🚫Stop Loss: 0.24800",0b103ecb7b18a1ce650c16461355dfe0,2026-09-10T10:36:51+00:00,2026-09-13T19:56:54.409901+00:00,926,coinmastertrad1
1241960,14141,"🚀 SHORT: $VTHO/USDT
LEVERAGE: 50x

✔️ENTRY PRICE: ...05400-0.0005000

STOP LOSS:  0.000620


REACTIONS?",3386d702288a3f651dd3aeef2be0ea40,2026-09-10T10:36:51+00:00,2026-09-13T19:56:54.405513+00:00,926,coinmastertrad1
1241976,14135,"⭐️$VTHO/USDT  LONG

🛡Leverage : Cross 25x50

‼️Ent...004527

Use only 3% - 5% amount of your portfolio🛍",0c8a19dc96fb62c6f19224efb2a021c0,2026-09-10T10:23:19+00:00,2026-09-13T19:56:54.464109+00:00,926,coinmastertrad1
1242016,14133,"✅ Long

#ETC/USDT

Entry zone : 7.572 - 7.807

Tak...311
8.544
8.777

Stop loss :7.26051

Leverage: 10x",712f66d87a23bb8806d42539e2fef3e6,2026-09-10T10:23:18+00:00,2026-09-13T19:56:54.650475+00:00,926,coinmastertrad1
1242014,14131,"#KAS/USDT LONG     

👉Leverage : Cross 10× To 30×
...
1)  0.040
2)  0.042
3)  0.044

⭕Stoploss : 0.0367",d5976cbb8695bf93c6c3cc22ac58ae6b,2026-09-10T10:23:18+00:00,2026-09-13T19:56:54.643419+00:00,926,coinmastertrad1
1242009,14128,"🚨 #VTHO/USDT | SHORT

⚡Leverage: Cross 50x

🎯Entry... follow the signal and secure profits at targets.💎",49dedd3bfc96489fcb7c71e19acacf50,2026-09-10T10:23:18+00:00,2026-09-13T19:56:54.626893+00:00,926,coinmastertrad1
1242006,14130,"🚨 #KAS /USDT — POWER LONG 

⚡️ ENTRY ZONE: 0.03915...re profits step by step
🪖 NO FEAR — JUST PROFITS 🪙",54359ce3303e1aea69f9018cf4d7bb19,2026-09-10T10:23:18+00:00,2026-09-13T19:56:54.616128+00:00,926,coinmastertrad1
1241979,14132,"🐳 LSK/USDT #LONG🐳

✳️ ENTRY :- 0.118 - 0.113

💢 LE...: 0.145

⛔️ STOP-LOSS :- 0.108

☝️ Margin Use 2–3%",80614d7a2d13c308e9f369fd6ebf121a,2026-09-10T10:23:18+00:00,2026-09-13T19:56:54.475274+00:00,926,coinmastertrad1
1242007,14124,"DAY/TRADE 🏆

LONG SOL/USDT📈📈📈

ENTRY: 96.59

TP1: ...agement 🏆

Use only 10% of your 📈Available balance",70ad0d436af60d7102e1496782d3f8aa,2026-09-10T09:35:16+00:00,2026-09-13T19:56:54.624820+00:00,926,coinmastertrad1
1242003,14122,"🚀 #EGLDUSDT LONG SIGNAL 🚀

📌 ENTRY ➜ 5.285

🎯 TAKE...ch this move together!

🪙 Trade Smart • Trade Safe",aed28fdda2f7deb7f5d7c8bc06d6fe15,2026-09-10T09:35:16+00:00,2026-09-13T19:56:54.605633+00:00,926,coinmastertrad1
1242001,14123,"🔰 PAIR: RUNE/ USDT 💹

🟢Position: LONG🚀

☑️ Entry Z...gets:
🥇 0.487
🥈 0.490
🥉 0.500

❌ Stop Loss: 🔴0.470",f71afe32b98b44b9220b31aefc53dd00,2026-09-10T09:35:16+00:00,2026-09-13T19:56:54.603675+00:00,926,coinmastertrad1
1241999,14125,"SHORT BNB

🔖 MARKET SETUP

 ✔️Entry: 718.5
 ⛔️ SL:... TP: 704

⚠️ Capital: 3% max. Discipline = Profit!",4f3caf7cd917f7d21262a4a0a7c905b3,2026-09-10T09:35:16+00:00,2026-09-13T19:56:54.583860+00:00,926,coinmastertrad1
1241980,14127,"⚡️$EGLD/USDT⚡️

LONG
Leverage: 25X 

Entry: 5.62 -....35

Target:

1)5.70
2)5.90
3)6.50

Stoploss: 5.00",ae64ad26c78e5aedfefd655b40b16683,2026-09-10T09:35:16+00:00,2026-09-13T19:56:54.481729+00:00,926,coinmastertrad1
1241963,14126,"📊 #EGLD/USDT

🟢 POSITION: LONG

💰 ENTRY RANGE
➤ 5....S
➤ 5.00

━━━━━━━━━━━━━━━━━━

✅ Manage risk wisely",e39ff22cb0c32112c90dddf4a332c826,2026-09-10T09:35:16+00:00,2026-09-13T19:56:54.415074+00:00,926,coinmastertrad1
1241978,14121,EGLD LONG 5.285 tp1 5.400,bfca3d6cc374136202d22e5161112904,2026-09-10T09:35:15+00:00,2026-09-13T19:56:54.473407+00:00,926,coinmastertrad1
1241983,14120,"#HIVE | SHORT SETUP

💰 Entry: $0.04445

🎯 Target1:...t4: $0.04276
🎯 Target5: $0.04214

🛡 STOP: $0.04667",70d835b40de112c453cff82de5e39057,2026-09-10T08:09:06+00:00,2026-09-13T19:56:54.487787+00:00,926,coinmastertrad1
1241988,14119,"⭐️$VTHO/USDT  LONG

🛡Leverage : Cross 25x50

‼️Ent...005131

Use only 3% - 5% amount of your portfolio🛍",74bf433745e2f624d7f2917659613d1a,2026-09-10T08:05:09+00:00,2026-09-13T19:56:54.520851+00:00,926,coinmastertrad1
1241982,14116,"🚨 #VTHO /USDT — POWER LONG 

⚡️ ENTRY ZONE: 0.0006...re profits step by step
🪖 NO FEAR — JUST PROFITS 🪙",7eeace549f99a76edcafc609dc0d1918,2026-09-10T08:05:08+00:00,2026-09-13T19:56:54.486493+00:00,926,coinmastertrad1
1241959,14115,#VTHO long 0.0006560 tp 0.0006700,a4ab9ba3cb6b0c273ae2767861d92640,2026-09-10T08:05:08+00:00,2026-09-13T19:56:54.357194+00:00,926,coinmastertrad1
1241971,14114,"⌛#ARB/USDT  ( SHORT )

🍁 Leverage 👉 20X to 25X 

⛩... 0.14249 | 0.14100 | 0.13937

🔕 Stoploss = 0.15444",3476432ee3cb7778ac03dcfa6e306b1d,2026-09-10T07:49:35+00:00,2026-09-13T19:56:54.443527+00:00,926,coinmastertrad1
1241995,14109,"$BTC LONG🟢 (25x Lev)

Entry -  $78400

Targets

1)79000$
2)79600$

SL: 77800$",50427b5b2a70c43e1af3b512ca1a252c,2026-09-10T07:43:11+00:00,2026-09-13T19:56:54.555540+00:00,926,coinmastertrad1
1241975,14112,"#ARK/USDT SHORT     

👉Leverage : Cross 10× To 30×...

1)  0.134
2)  0.130
3)  0.126

⭕Stoploss : 0.142",f7d4fc4fefb6fa4f7ed0dca0e436cf28,2026-09-10T07:43:11+00:00,2026-09-13T19:56:54.462556+00:00,926,coinmastertrad1
1241968,14111,"#VTHO  /USDT BUY (LONG) 

⚡️Leverage : Cross 25x t...05960

⚠️Use only 3% - 5% amount of your portfolio",f6e323a1eb8dd77ae03229d74f32c97a,2026-09-10T07:43:11+00:00,2026-09-13T19:56:54.425859+00:00,926,coinmastertrad1
1241967,14106,"📊#ANIME/USDT — LONG

⚡️ Leverage : 10X – 20X

💹Ent...Entry After TP1

⚖️ Follow Proper Risk Management.",8221e02bba22ca8e6366c5da28a6456f,2026-09-10T07:43:11+00:00,2026-09-13T19:56:54.422712+00:00,926,coinmastertrad1
1242012,14105,"🔰 ANIME/USDT 🔰

🟢 LONG 20X

🔳 ENTRY :- 0.0033

☑️ TARGET:- 0.0033 - 0.0036- 0.0039

🔴 STOP :- 0.0029",1e00050c3e32c49d6bea7e6ae6f60a4f,2026-09-10T07:16:16+00:00,2026-09-13T19:56:54.640321+00:00,926,coinmastertrad1
1241994,14102,"⭐ VTHO /USDT — LONG

💵 ENTRY: 0.06500-0.06300

⚙️ ...o

📌 Follow the setup and manage your risk wisely.",3b894f7e7b284397854c49cb41541603,2026-09-10T06:50:38+00:00,2026-09-13T19:56:54.549156+00:00,926,coinmastertrad1
1241991,14099,"Trade: #ATOM/USDT

Direction: 📉 Short 

🟢 Entry Ra...90
• Target 6: 1.7298

💠 Leverage : 5x - 10x - 20x",97429c2b5522d74e51a66c60e70d4d7b,2026-09-10T06:50:38+00:00,2026-09-13T19:56:54.536912+00:00,926,coinmastertrad1
1241989,14103,"#USELESS/USDT SHORT     

👉Leverage : Cross 10× To...

1)  0.223
2)  0.210
3)  0.195

⭕Stoploss : 0.251",d572cc033e857c2dc65ddbada5c3f722,2026-09-10T06:50:38+00:00,2026-09-13T19:56:54.527392+00:00,926,coinmastertrad1
1241986,14101,"Coin #VTHO/USDT

Position: LONG 

Leverage:  Cross... 0.000670, 0.000690, 0.000710

Stop Loss: 0.000610",ede54485ceb645c9fd8a50f583cae089,2026-09-10T06:50:38+00:00,2026-09-13T19:56:54.512985+00:00,926,coinmastertrad1
1242015,14096,"🐳 NEAR/USDT #LONG🐳

✳️ ENTRY :- 2.52 - 2.46

💢 LEV...3 : 2.85

⛔️ STOP-LOSS :- 2.41

☝️ Margin Use 2–3%",21b39c19106af3294151d27033d62923,2026-09-10T06:50:37+00:00,2026-09-13T19:56:54.645748+00:00,926,coinmastertrad1
1242013,14093,"$BR/USDT #LONG📩

✅ENTRY :-0.3050/0.2950

Target 1:...𝐎𝐧𝐥𝐲 𝟏-𝟑% 𝐎𝐟 𝐎𝐮𝐫 𝐃𝐞𝐩𝐨𝐬𝐢𝐭 𝐅𝐨𝐫 𝐄𝐚𝐜𝐡 𝐓𝐫𝐚𝐝𝐞

React,??m",dcf3a0b2b9f18fd10e3f3638bb71f3fa,2026-09-10T06:50:37+00:00,2026-09-13T19:56:54.642810+00:00,926,coinmastertrad1
1242002,14092,"📊#BTR/USDT–LONG–30x 🚀

📍 𝐄𝐧𝐭𝐫𝐲 𝐙𝐨𝐧𝐞:

➥ 0.066, 0.0...tal.

⚠️ Disclaimer:
Trade at your own risk. DYOR.",2adfd82f0e61d8c1d5384bcddd4edbd5,2026-09-10T06:50:37+00:00,2026-09-13T19:56:54.604959+00:00,926,coinmastertrad1
1241997,14098,"🟢 Long

#IOST/USDT

Entry : 

1) 0.00119390
2) 0.0...58

🛑 Stop : 0.00111868

Leverage : 10x (isolated)",b87125cedfd9381b89a2229a6fffcfba,2026-09-10T06:50:37+00:00,2026-09-13T19:56:54.570630+00:00,926,coinmastertrad1
1241992,14095,"🔰 SAHARA/USDT 🔰

🟢 LONG 20X

🔳 ENTRY :- 0.0110

☑️...TARGET:- 0.0115 - 0.0122- 0.0130

🔴 STOP :- 0.0097",4d1837722ff2b94f43877436f7665e6b,2026-09-10T06:50:37+00:00,2026-09-13T19:56:54.540723+00:00,926,coinmastertrad1
1241990,14097,"🔴 SHORT

#KAVA/USDT

Entry : 

1) 0.062340
2) 0.06...8027

🛑 Stop : 0.066267

Leverage : 10x (isolated)",1cbfc9ec6cba0238fb8a4e00adcbbe54,2026-09-10T06:50:37+00:00,2026-09-13T19:56:54.530553+00:00,926,coinmastertrad1
1241987,14091,"🛎️ Trade: #ATOM/USDT

Direction: 📉 Short 

🟢 Entry...90
• Target 6: 1.7298

💠 Leverage : 5x - 10x - 20x",ae765a950e707fdec3ae802b4f856f17,2026-09-10T06:50:37+00:00,2026-09-13T19:56:54.512084+00:00,926,coinmastertrad1
1241981,14094,"🔰CROSS/USDT 🔰   

🔴 SHORT 10X 20X

♻ ENTRY 
1️⃣ 0....

1️⃣ 0.112
2️⃣ 0.110
3️⃣ 0.107

⛔ STOPLOSS  0.121",6edec8c36711edfbddf7c57c99e83728,2026-09-10T06:50:37+00:00,2026-09-13T19:56:54.483318+00:00,926,coinmastertrad1
1241974,14090,"🪙 Coin: #IOST/USDT
🧭 Type: #LONG

📈 Entry Zone:
0.... within the zone and maintain strict risk control.",ec097434b404394ace3956dbb7c95349,2026-09-10T06:50:37+00:00,2026-09-13T19:56:54.457393+00:00,926,coinmastertrad1
1241973,14085,"#IO - LONG 20X

Entry  0.1318

Targets 100% -200%-300% +++

SL= Will Update

Using 1% wallet",2f46e25c67f4e78c230bc00b0f5ced85,2026-09-10T06:50:37+00:00,2026-09-13T19:56:54.451643+00:00,926,coinmastertrad1
1241972,14087,"⚡ #ANIME/USDT

📤 Long 

💹 Buy: 0.003129 - 0.003048...- 0.003320

🧨 StopLoss: 0.002910 

🔘 Leverage: 20x",c9fc27daa41e0196d2ffed880a4dea15,2026-09-10T06:50:37+00:00,2026-09-13T19:56:54.450921+00:00,926,coinmastertrad1
1241966,14086,"✅ Long

Pair: #BAT/USDT

📊 Entry Price: 

1) 0.073...) 0.078624

Stop Loss: 0.068953

Leverage: 10x-20x",4f53a1a48981a0037a40b3d38c63c290,2026-09-10T06:50:37+00:00,2026-09-13T19:56:54.415734+00:00,926,coinmastertrad1
1241964,14089,"🚀 $SAHARA/USDT PERP 🚀

🟢 LONG

💰 Entry : 0.0109$ –...5X – 25X

⛔️ SL : 0.0093$

📌 Use Only 2-5% Capital",0ded55ba854a74c875ff0c9515fa5ab4,2026-09-10T06:50:37+00:00,2026-09-13T19:56:54.414282+00:00,926,coinmastertrad1
1241956,14083,"#IOST/USDT LONG     

👉Leverage : Cross 10× To 30×....00121
2)  0.00127
3)  0.00136

⭕Stoploss : 0.0010",97012e3d7a09de6fa9f52e868cda1701,2026-09-10T06:50:37+00:00,2026-09-13T19:56:53.924644+00:00,926,coinmastertrad1
1241953,14080,"#IOST/USDT LONG     

👉Leverage : Cross 10× To 30×....00121
2)  0.00127
3)  0.00136

⭕Stoploss : 0.0010",97012e3d7a09de6fa9f52e868cda1701,2026-09-10T06:50:37+00:00,2026-09-13T19:56:53.834992+00:00,926,coinmastertrad1
1241950,14077,"📊 Let’s LONG #SNDK/USDT

💥 Leverage:  Cross 20×  
...gets: 

1) 1785
2) 1835
3) 1855

🔖 Stop Loss: 1720",640144b8e6f93d2a7c453ddcac8411ac,2026-09-10T06:50:37+00:00,2026-09-13T19:56:53.830860+00:00,926,coinmastertrad1
1241947,14082,"#BTR/USDT LONG     

👉Leverage : Cross 10× To 30×
...  0.0691
2)  0.0720
3)  0.0770

⭕Stoploss : 0.0623",7fcc77a8e9c4a4b4867c2ba84f3ce863,2026-09-10T06:50:37+00:00,2026-09-13T19:56:53.804347+00:00,926,coinmastertrad1
1241942,14084,"SHORT: USELESS/USDT🚀
LEVERAGE: 20x - 50x

🥇ENTRY P....1950

————————

❌ STOP LOSS: 0.2610❌


REACTIONS?",f83c1e47c1d36fe005bf2924a63c64e8,2026-09-10T06:50:37+00:00,2026-09-13T19:56:53.743771+00:00,926,coinmastertrad1
1241937,14074,"📊 Let’s SHORT #ZKP/USDT

💥 Leverage:  Cross 20×  -....04364
2) 0.04260
3) 0.04155

🔖 Stop Loss: 0.04700",b785ca84e08cbbd8eb85bc8e161d43cb,2026-09-10T06:50:37+00:00,2026-09-13T19:56:53.730082+00:00,926,coinmastertrad1
1241933,14078,"📍Coin : #AVNT/USDT

🟢 LONG 

👉 Entry: 0.1004 - 0.0...t 5: 0.1055
🎯 Target 6: 0.1066

❌ StopLoss: 0.0960",89bc453640f8c88210dd149c42c2409b,2026-09-10T06:50:37+00:00,2026-09-13T19:56:53.718732+00:00,926,coinmastertrad1
1241928,14075,"📊 Let’s SHORT #CYS/USDT

💥 Leverage:  Cross 20×  -...1) 0.1340
2) 0.1265
3) 0.1170

🔖 Stop Loss: 0.1570",b719f899eaa8d98027030ea29d52c692,2026-09-10T06:50:37+00:00,2026-09-13T19:56:53.701550+00:00,926,coinmastertrad1
1241926,14076,"📊 Let’s SHORT #TAC/USDT

💥 Leverage:  Cross 20×  -...420
2) 0.001325
3) 0.001175

🔖 Stop Loss: 0.001735",9db45561c22b7bef2304bbc2e15b136e,2026-09-10T06:50:37+00:00,2026-09-13T19:56:53.685173+00:00,926,coinmastertrad1
1241757,13948,"🔴 Short

Pair: #IOST/USDT

📊 Entry Price: 

1) 0.0...00182207

Stop Loss: 0.00208082

Leverage: 10x-20x",ead13f98cde30bba801469f6bae28e9d,2026-09-09T20:42:36+00:00,2026-09-13T19:55:20.852805+00:00,926,coinmastertrad1
1241752,13947,"⚡️ HEI/USDT SHORT

➡️ Entry Targets :

1. 0.1353
2...1217 💵
4. 0.1116 💵
5. 0.0850💵

🛑 Stoploss : 0.1488",74486b86bd7872de6f1f6bd137afbf15,2026-09-09T20:33:10+00:00,2026-09-13T19:55:20.837495+00:00,926,coinmastertrad1
1241763,13946,"EXCHANGE/BYBIT/BITUNIX/OKX📌 


DAY TRADE 🏆

LONG/L...agement 🏆


Use only 5% of your 📈Available balance",5385c0da3b23d8c2abc9fde4a0119df1,2026-09-09T20:17:51+00:00,2026-09-13T19:55:21.401762+00:00,926,coinmastertrad1
1241753,13945,"LONG —ORCA

Entry: 1.481

Targets: 1.495 / 1.521 /... / 1.636

Stop: 1.407

Move SL to entry after TP1.",ec0db5bcea47c4708887d3a354cba640,2026-09-09T18:10:58+00:00,2026-09-13T19:55:20.836180+00:00,926,coinmastertrad1
1252558,14296,"🔴 Short

Pair: #COMP/USDT

📊 Entry Price: 

1) 20....9.36
4) 18.93

Stop Loss: 21.62

Leverage: 10x-20x",99a04526f307d8e0ffbaf1cbbcd15389,2026-09-10T21:05:38+00:00,2026-09-13T21:41:18.925799+00:00,926,coinmastertrad1
1252577,14293,"🔰 PAIR: SAGA/ USDT 💹

🟢Position: LONG🚀

☑️ Entry Z...0.01819
🥈 0.01877
🥉 0.02017

❌ Stop Loss: 🔴0.01642",1f1c5aa54aca7a0e9e12148d54696ede,2026-09-10T20:00:05+00:00,2026-09-13T21:41:19.037301+00:00,926,coinmastertrad1
1252522,14294,"⚡️⚡️#EPIC/USDT⚡️⚡️

Signal Type : Short
Leverage :...
1) 0.3744
2) 0.3570
3) 0.3416

Stop Loss : 0.3966",124d39b693cd9ad1092d444222f4e3a2,2026-09-10T20:00:05+00:00,2026-09-13T21:41:18.662356+00:00,926,coinmastertrad1
1252520,14292,"#ETH

ETH has taken out the liquidity at the botto...55
🚀 Targets: 2479 / 2546 / 2605
📉 Stop Loss: 2379",2dd088b568fd775ccc4f7667e3f81af7,2026-09-10T20:00:05+00:00,2026-09-13T21:41:18.612209+00:00,926,coinmastertrad1
1252516,14291,"Long #VTHO 50x 0.0006100

Tp: 0.0006300",7174b29964ada20e84f9e91b253dc3a6,2026-09-10T20:00:05+00:00,2026-09-13T21:41:18.513380+00:00,926,coinmastertrad1
1252555,14261,"🚨 #SAGA/USDT | LONG

⚡Leverage: Cross 50x

🎯Entry ... follow the signal and secure profits at targets.💎",6d2094223b1c3f42c0bcf937ae0c01b3,2026-09-10T19:59:45+00:00,2026-09-13T21:41:18.895800+00:00,926,coinmastertrad1
1252572,14258,"#MET/USDT LONG     

👉Leverage : Cross 10× To 30×
...)  0.2205
2)  0.2280
3)  0.2500

⭕Stoploss : 0.202",c8d665851d91cb4bebb524036a95d246,2026-09-10T16:46:06+00:00,2026-09-13T21:41:18.972622+00:00,926,coinmastertrad1
1252564,14257,"🔴 SHORT

#KAVA/USDT

Entry zone : 0.065405 - 0.063...57435
0.055521

Stop loss :0.067945

Leverage: 10x",d751d1834ca5ffed88743a6c78eefa59,2026-09-10T16:46:06+00:00,2026-09-13T21:41:18.942722+00:00,926,coinmastertrad1
1252556,14259,"➡️ #BTR     /USDT (LONG) 🔼🔼

⌛LEVERAGE : 20X TO 75...99

💥Use only 1%margin of your total portfolio❤️😘😇",a996350cd9af249968c42d552f00ccae,2026-09-10T16:46:06+00:00,2026-09-13T21:41:18.899678+00:00,926,coinmastertrad1
1252536,14256,"BTC/USD BUY

Entry : $ 77322

Target1: $  77854
Target2: $ 79047
Target3: $ 80252

SL : $ 76352",ab7f457730d5a93fa8838ced31cdf27f,2026-09-10T16:46:06+00:00,2026-09-13T21:41:18.803557+00:00,926,coinmastertrad1
1252527,14255,"🔴SHORT  #BTCUSDT

🔶 Entry : 77400 - 77500

➡️ Leve...ake Profit Targets :

👉 76400

🛑 Stop Loss : 78600",0b9e75786260eec8a4d222828a450c44,2026-09-10T15:20:20+00:00,2026-09-13T21:41:18.693645+00:00,926,coinmastertrad1
1252421,14218,"📊 Let’s LONG #MARSCOIN/USDT

💥 Leverage:  Cross 20...) 0.1165
2) 0.1218
3) 0.1280

🔖 Stop Loss: 0.10380",0f59e13b524bbc413b23ba82743997f3,2026-09-10T15:19:28+00:00,2026-09-13T21:41:02.476749+00:00,926,coinmastertrad1
1252412,14221,"🌈PAIR:- VTHO/USDT
⚡️ Direction : LONG
🛠 Leverage: ...nt Usage:- 1 - 2%
(According To your Risk Setting)",252319429c966927e5b6645beb5c8998,2026-09-10T15:19:28+00:00,2026-09-13T21:41:02.447047+00:00,926,coinmastertrad1
1252411,14226,"⭐️$ETHFI/USDT  LONG

🛡Leverage : Cross 25x50

‼️En...0.6535

Use only 3% - 5% amount of your portfolio🛍",d5a42e45a71c8916bbf0763714b18901,2026-09-10T15:19:28+00:00,2026-09-13T21:41:02.440181+00:00,926,coinmastertrad1
1252410,14211,"⭐️$ORDER/USDT  LONG

🛡Leverage : Cross 25x50

‼️En....03622

Use only 3% - 5% amount of your portfolio🛍",22cc0576cbf2bd0bf660db03dbd16f72,2026-09-10T15:19:28+00:00,2026-09-13T21:41:02.437933+00:00,926,coinmastertrad1
1252406,14225,ETHFIUSDT LONG NOW,46692a97f1626356ee6d80433488ba2d,2026-09-10T15:19:28+00:00,2026-09-13T21:41:02.427339+00:00,926,coinmastertrad1
1252404,14224,"🚀 #ETHFIUSDT LONG SIGNAL 🚀

📌 ENTRY ➜ 0.6660

🎯 TA...ch this move together!

🪙 Trade Smart • Trade Safe",d0b722c604bb4a4b04e5501aefa166b2,2026-09-10T15:19:28+00:00,2026-09-13T21:41:02.405741+00:00,926,coinmastertrad1
1252401,14208,"⭐️$VTHO/USDT  SHORT

🛡Leverage : Cross 25x50

‼️En...007164

Use only 3% - 5% amount of your portfolio🛍",a5949bc88bb9aeba708e0e4f97504cbf,2026-09-10T15:19:28+00:00,2026-09-13T21:41:02.394027+00:00,926,coinmastertrad1
1252398,14222,"✨ZEC/USDT

🎗 Trade Type = SHORT 🔴

⭐️ Leverage :- ....95, 1144.46, 1130.96, 1120.45, 1108.04, 1092.73 ]",89187d31c24eda728200508d2145e1a5,2026-09-10T15:19:28+00:00,2026-09-13T21:41:02.371967+00:00,926,coinmastertrad1
1252392,14216,"🟢 Long

#DASH/USDT

Entry : 

1) 56.81
2) 55.10

T...) 60.69

🛑 Stop : 53.23

Leverage : 10x (isolated)",7b8efdb1ee479516f272ec5863de2c0d,2026-09-10T15:19:28+00:00,2026-09-13T21:41:02.317493+00:00,926,coinmastertrad1
1252391,14217,"✅ Long

Pair: #ETC/USDT

📊 Entry Price: 

1) 7.746....114
4) 8.275

Stop Loss: 7.258

Leverage: 10x-20x",6a5247f98965a55be00657b3ec17d21e,2026-09-10T15:19:28+00:00,2026-09-13T21:41:02.315894+00:00,926,coinmastertrad1
1252387,14213,"💵COIN NAME : #ORDER /USDT

📈POSITION : LONG(BUY)

... = 0.04188

🔖 STOPLOSS  = 0.03665


SHOW REACTIONS",03ef076b735ec1ee3642c55c6a0130c7,2026-09-10T15:19:28+00:00,2026-09-13T21:41:02.292952+00:00,926,coinmastertrad1
1252376,14215,"📈 LONG #ORDER/USDT

🚀 LEVERAGE : 50x

📊 ENTRY PRIC...P🟢0.0412

TP🟢0.0435

STOPLOSS 🔴0.0370


REACTIONS?",5b8d679a9036e679c8376254e78096e5,2026-09-10T15:19:28+00:00,2026-09-13T21:41:02.162380+00:00,926,coinmastertrad1
1252374,14220,"#MET /USDT BUY (LONG) 

⚡️Leverage : Cross 25x to ....2020

⚠️Use only 3% - 5% amount of your portfolio",27da5436c1048f61a3d099b097e7f817,2026-09-10T15:19:28+00:00,2026-09-13T21:41:02.160224+00:00,926,coinmastertrad1
1252370,14227,"Doge/Usdt long 🟢
with 0.5% Wallet on market price ...osite movement pe jo 5% around the liq manage zero",0c5ba45523936dd289c9aeb635f19feb,2026-09-10T15:19:28+00:00,2026-09-13T21:41:02.119498+00:00,926,coinmastertrad1
1252419,14203,"🟢#FLOCK/USDT

📈Signal: long Leverage: Cross 20X

⚡...even after TP1 is hit.

📣Trade Smart • Follow Risk",071f5eb031f356d160135e73f529d05d,2026-09-10T15:19:27+00:00,2026-09-13T21:41:02.460957+00:00,926,coinmastertrad1
1252408,14200,"#LONG 🟢🔤🔤🔤🔤🔤

#ETH/USDT

Margin Mode : Isolated 💎
...581

🟥 SL : 2352 - 100%   

📊 LEV : 30X

🇯🇵Premium",0debbcf08e041e59539e0b0606bb6616,2026-09-10T15:19:27+00:00,2026-09-13T21:41:02.429883+00:00,926,coinmastertrad1
1252405,14199,"✅Entry : $0.0006242-0.0006345

( 🆘SHORT VTHO/USD 5...5920
🏹Target 6  $0.0005860

🚫Stop loss : 0.0006675",a5b0d023558870b8f4841e35fb91fac6,2026-09-10T15:19:27+00:00,2026-09-13T21:41:02.408875+00:00,926,coinmastertrad1
1252386,14197,"⭐ VTHO /USDT — LONG

💵 ENTRY: 0.0006450-0.0006200
...o

📌 Follow the setup and manage your risk wisely.",5319e5efe02b2ad39795bd86b8a90eec,2026-09-10T15:19:27+00:00,2026-09-13T21:41:02.290123+00:00,926,coinmastertrad1
1252339,14195,"🚨 #BR/USDT | LONG

⚡Leverage: Cross 25x

🎯Entry Ta... follow the signal and secure profits at targets.💎",e9dc46107808bf3d50a692cc9df2eedb,2026-09-10T15:19:27+00:00,2026-09-13T21:41:01.863811+00:00,926,coinmastertrad1
1252369,14181,"SHORT

KASU/USDT

MARKET PRICE 

Leverage: 10X

TP...5% of capital 

Always use proper risk management.",6bf501123417bbdfb4665eb81a028f28,2026-09-10T15:18:27+00:00,2026-09-13T21:41:02.110826+00:00,926,coinmastertrad1
1252367,14177,"⭐ REZ /USDT — SHORT

💵 ENTRY: 0.003370-0.003460

⚙...o

📌 Follow the setup and manage your risk wisely.",a0b22fd2e964444dd0cd6f14244d887a,2026-09-10T15:18:27+00:00,2026-09-13T21:41:02.073559+00:00,926,coinmastertrad1
1252366,14171,"New longs #BTC 25x at $77,400 📈

TP : 79,400 

S/L : 75,400

R/R : 1:1",b0a8ab597eb0625cbfdf16e41c9e22c8,2026-09-10T15:18:27+00:00,2026-09-13T21:41:02.064310+00:00,926,coinmastertrad1
1252365,14169,"🟢#APR/USDT

📈Signal: long Leverage: Cross 20X

⚡️E...even after TP1 is hit.

📣Trade Smart • Follow Risk",456ea2c8a20b8f901f01c84e9a2b212c,2026-09-10T15:18:27+00:00,2026-09-13T21:41:02.043804+00:00,926,coinmastertrad1
1252362,14166,"🚩 SHORT #ZEST/USDT

⚙️ 50X LEVERAGE

🛡 Entry: 0.13...: 0.13040
TP3: 0.12850

🛑 SL: 0.14100

🔥REACTIONS?",2091ea81a99e0d0cb6015b5adaaa7ff8,2026-09-10T15:18:27+00:00,2026-09-13T21:41:01.981967+00:00,926,coinmastertrad1
1252359,14170,"🚨 #VTHO/USDT | LONG

⚡Leverage: Cross 50x

🎯Entry ... follow the signal and secure profits at targets.💎",a4f43b0b73dcf27f809458f21e45c241,2026-09-10T15:18:27+00:00,2026-09-13T21:41:01.976817+00:00,926,coinmastertrad1
1252356,14168,"Long #APR 0.1505

Tp 0.1550",f8a4d4f956a509933fb28a952c434833,2026-09-10T15:18:27+00:00,2026-09-13T21:41:01.959762+00:00,926,coinmastertrad1
1252354,14179,"🚩 SHORT #REZ/USDT

⚙️ 50X LEVERAGE

🛡 Entry: 0.003....003230
TP3: 0.003150

🛑 SL: 0.003580

🔥REACTIONS?",b3d738bebd25ae6bcb188009f63ad428,2026-09-10T15:18:27+00:00,2026-09-13T21:41:01.953103+00:00,926,coinmastertrad1
1252349,14174,"➡️ #CRV     /USDT (SHORT) 🔽🔽

⌛LEVERAGE : 20X TO 7...0


💥Use only 1%margin of your total portfolio❤️😘😇",ff7450c511a94f3a9c34126b7c3462a4,2026-09-10T15:18:27+00:00,2026-09-13T21:41:01.916551+00:00,926,coinmastertrad1
1252342,14182,"💫 Pair: BTC/USDT  💫

🔼 Direction: Long 🔼

✅ Levera... Profit: 80600.00 📈

⚠️ Stop Loss: 74550.00 ⚠️

📈📈",10e78d3070662e68c060b90691466201,2026-09-10T15:18:27+00:00,2026-09-13T21:41:01.886423+00:00,926,coinmastertrad1
1252331,14180,"ETH/ USDT/ LONG
Entry at market price 

Cross || L...only 1% of your wallet. 
Manage your risk properly",883e322e8d2dfb5331e9f79cba6e5f6d,2026-09-10T15:18:27+00:00,2026-09-13T21:41:01.761275+00:00,926,coinmastertrad1
1252380,14162,"🚀 LONG: $VTHO/USDT
LEVERAGE: 50x

✔️ENTRY PRICE: 0...800-0.00072000

STOP LOSS:  0.0006090


REACTIONS?",54c4e3468bf948f5b43d2de1a24b9f16,2026-09-10T11:44:01+00:00,2026-09-13T21:41:02.205885+00:00,926,coinmastertrad1
1252363,14159,"🚨 #PHAROS/USDT | LONG

⚡Leverage: Cross 20x

🎯Entr... follow the signal and secure profits at targets.💎",e670912eb1d1ca22837666561e7738a2,2026-09-10T11:44:01+00:00,2026-09-13T21:41:01.989962+00:00,926,coinmastertrad1
1252361,14158,"Pair: #ARB/USDT

Long • (10X-50X)

Entry
0.1477 - ...t your own risk. Always use proper risk management",9d6eb8750a4f09ef3805c1d0afb4e030,2026-09-10T11:44:01+00:00,2026-09-13T21:41:01.979468+00:00,926,coinmastertrad1
1252353,14164,"💰#VTHO/ USDT👑

💎Setup Type: Strong LONG  🔖Opportun....0007300

4️⃣TP ➝ 0.0008500

🚫Stop Loss: 0.0005800",6766c8c2fe27b35da8172ec3fcf6985e,2026-09-10T11:44:01+00:00,2026-09-13T21:41:01.950276+00:00,926,coinmastertrad1
1252351,14157,"🚨 #REZ/USDT | SHORT

⚡Leverage: Cross 50x

🎯Entry ... follow the signal and secure profits at targets.💎",788d9c37af34b12068cb1a549e687e8f,2026-09-10T11:44:01+00:00,2026-09-13T21:41:01.926062+00:00,926,coinmastertrad1
1252343,14161,"⭐️$REZ/USDT  LONG

🛡Leverage : Cross 25x50

‼️Entr...003234

Use only 3% - 5% amount of your portfolio🛍",00559f4374fef9d9d7f93fbe12b1973d,2026-09-10T11:44:01+00:00,2026-09-13T21:41:01.887598+00:00,926,coinmastertrad1
1252355,14156,"➡️ #REZ     /USDT (LONG) 🔼🔼

⌛LEVERAGE : 20X TO 75...9


💥Use only 1%margin of your total portfolio❤️😘😇",bb05bb78417b0f71367ee5a52357dc0a,2026-09-10T11:44:00+00:00,2026-09-13T21:41:01.958326+00:00,926,coinmastertrad1
1252352,14153,"Long #RVN 50x 0.002400

Tp: 0.002500",8dafd0b7f1c0f2f59b442c515271daad,2026-09-10T11:44:00+00:00,2026-09-13T21:41:01.941228+00:00,926,coinmastertrad1
1252346,14154,"⛽️Pair: PHAROS/USDT
Type: LONG 🟢
✅Leverage:  (20X_...) 0.52
2) 0.55
3) 0.60
4) 0.72

❌ STOP LOSS: 0.44❌",6dd3cd0d22e67e27c84a8359983325bf,2026-09-10T11:44:00+00:00,2026-09-13T21:41:01.906145+00:00,926,coinmastertrad1
1252341,14155,"🔴 SHORT

#RUNE/USDT

Entry : 

1) 0.4966
2) 0.5114...0.4622

🛑 Stop : 0.5278

Leverage : 10x (isolated)",aad2a9aa7d3bd7c260bf91b9a6ee42b0,2026-09-10T11:44:00+00:00,2026-09-13T21:41:01.881078+00:00,926,coinmastertrad1
1252348,14152,"#ORDER/USDT LONG     

👉Leverage : Cross 10× To 30...  0.0372
2)  0.0390
3)  0.0419

⭕Stoploss : 0.0344",4a271613cd81566323f1626bfc3a11f2,2026-09-10T10:39:37+00:00,2026-09-13T21:41:01.912654+00:00,926,coinmastertrad1
1252347,14150,"🔘 Coin : #KAS/USDT 🔘

🔴 SHORT

🔺Entry🔻: 0.03873

⭐... - 0.03678

♦️ StopLoss : 0.03998

🔱 Leverage: 25x",96bbaa44c3b5f43e5b659e62e042c509,2026-09-10T10:39:37+00:00,2026-09-13T21:41:01.910119+00:00,926,coinmastertrad1
1252334,14151,"✨HYPE/USDT

🎗 Trade Type = LONG 🟢

⭐️ Leverage :- ...[ 83.772, 84.582, 85.535, 86.288, 87.318, 88.092 ]",69180670a8f6a80fdd18f6a14a358adb,2026-09-10T10:39:37+00:00,2026-09-13T21:41:01.832168+00:00,926,coinmastertrad1
1252329,14148,"📈 LONG #VTHO/USDT

🚀 LEVERAGE : 50x

📊 ENTRY PRICE...0660

TP🟢0.000700

STOPLOSS 🔴0.000570


REACTIONS?",0d119ca7caeb1fe6ab71576daa2e1acd,2026-09-10T10:39:36+00:00,2026-09-13T21:41:01.718880+00:00,926,coinmastertrad1
1252330,14147,"⚡️$LSK/USDT⚡️

LONG
Leverage: 10X

Entry: 0.1240 -...get:

1)0.1280
2)0.1360
3)0.1490

Stoploss: 0.1070",ea958f562a9ae74dd6c8a2eb69d669f9,2026-09-10T10:37:31+00:00,2026-09-13T21:41:01.749193+00:00,926,coinmastertrad1
1252328,14146,"🚨 #ORDER/USDT — POWER LONG 

⚡️ ENTRY ZONE: 0.0363...re profits step by step
🪖 NO FEAR — JUST PROFITS 🪙",d0b98288bdc5acf5413bd8d44a5f5897,2026-09-10T10:37:03+00:00,2026-09-13T21:41:01.580202+00:00,926,coinmastertrad1
1252327,14145,"🟢LINK/USDT My Long Trade Setup

Leverage 75X

Entr...2.100

Stop Loss   11.550

Follow Money Management",0c454bc7adf28ea9c5f46fa4ffc57d06,2026-09-10T10:36:51+00:00,2026-09-13T21:41:01.491146+00:00,926,coinmastertrad1
1252326,14144,🟢LINK/USDT LONG NOW,8b91e3de5ce9ab6aa526053a3264d123,2026-09-10T10:36:51+00:00,2026-09-13T21:41:01.363277+00:00,926,coinmastertrad1
1269471,14534,"⭐ RAY /USDT — LONG

💵 ENTRY: 1.6090-1.5500

⚙️ LEV...o

📌 Follow the setup and manage your risk wisely.",9e65d0723304d258d80c15f4d861f62b,2026-09-11T20:27:39+00:00,2026-09-14T11:27:37.961703+00:00,926,coinmastertrad1
1269459,14535,"🚨 NEW TRADE SIGNAL 🚨

📊 USELESS/USDT — LONG 

📍 EN...Manage your risk & trade responsibly.

🔥 LET’S GO!",ea4f353aec122b4a5e246e3447f275d9,2026-09-11T20:27:39+00:00,2026-09-14T11:27:37.795067+00:00,926,coinmastertrad1
1269455,14531,"#USELESS/USDT

📈Signal: long Leverage: Cross 50X

...even after TP1 is hit.

📣Trade Smart • Follow Risk",3830f4220c4c90b99eea89d183a05c1e,2026-09-11T20:27:28+00:00,2026-09-14T11:27:37.778318+00:00,926,coinmastertrad1
1269477,14518,"💰#LAB / USDT👑

💎Setup Type: Strong LONG  🔖Opportun...TP ➝ 0.07300

4️⃣TP ➝ 0.08700

🚫Stop Loss: 0.05500",1fa711913d6a090db2ca3673dfd4323b,2026-09-11T20:27:27+00:00,2026-09-14T11:27:37.990753+00:00,926,coinmastertrad1
1269475,14527,"🌈PAIR:- #MET/USDT
⚡️ Direction : LONG
🛠 Leverage: ...nt Usage:- 1 - 2%
(According To your Risk Setting)",4b86a82ba9354c81319c1a4050bd2a9a,2026-09-11T20:27:27+00:00,2026-09-14T11:27:37.978842+00:00,926,coinmastertrad1
1269470,14524,"✅ Long

#ETC/USDT

Entry zone : 7.247 - 7.472

Tak...955
8.178
8.401

Stop loss :6.94896

Leverage: 10x",ed901040bbc888f2005ac05e09dcffdb,2026-09-11T20:27:27+00:00,2026-09-14T11:27:37.940035+00:00,926,coinmastertrad1
1269469,14515,"🔰 PAIR: ALICE/ USDT 💹

🟢Position: LONG🚀

☑️ Entry ...:
🥇 0.1264
🥈 0.1272
🥉 0.1284

❌ Stop Loss: 🔴0.1242",fcf86d919fb4ed867497c22bbdfb9a39,2026-09-11T20:27:27+00:00,2026-09-14T11:27:37.933753+00:00,926,coinmastertrad1
1269465,14521,"#MET/USDT BUY (LONG) 

⚡️Leverage : Cross 25x to 5....2590

⚠️Use only 3% - 5% amount of your portfolio",5b58836241f67e22574d131cd17346f3,2026-09-11T20:27:27+00:00,2026-09-14T11:27:37.912591+00:00,926,coinmastertrad1
1269464,14528,"$ETH SHORT ⚡️

ENTRY : 2455👍

TARGETS PRICE:🔼

1️⃣ 2425
2⃣ 2389
3️⃣ 2350
🤩 2277

⛔️STOP LOSS : 2588",812b22f8fe689c82000b1a60c1fd9519,2026-09-11T20:27:27+00:00,2026-09-14T11:27:37.875720+00:00,926,coinmastertrad1
1269461,14513,LABUSDT LONG NOW,f9c09a92d4c106bd6f674e990fc11f34,2026-09-11T20:27:27+00:00,2026-09-14T11:27:37.806698+00:00,926,coinmastertrad1
1269457,14517,"#LAB LONG

0.06300

Low fund use high risky",bd57b939bbb1e470b881bb47078aba17,2026-09-11T20:27:27+00:00,2026-09-14T11:27:37.789821+00:00,926,coinmastertrad1
1269448,14514,"⭐️$LAB/USDT  LONG

🛡Leverage : Cross 25x50

‼️Entr....05142

Use only 3% - 5% amount of your portfolio🛍",b88affde25a2361a5d9cb72de12b71da,2026-09-11T20:27:27+00:00,2026-09-14T11:27:37.761697+00:00,926,coinmastertrad1
1269433,14512,"💵COIN NAME : #LAB/USDT

📈POSITION : LONG(BUY)

📊 L...
TP3 = 0.064

🔖 STOPLOSS  = 0.056


SHOW REACTIONS",2122ebd27bb34a3d7f80297df68a3731,2026-09-11T20:27:27+00:00,2026-09-14T11:27:37.616791+00:00,926,coinmastertrad1
1269443,14510,"🚨 #FF/USDT | LONG

⚡Leverage: Cross 50x

🎯Entry Ta... follow the signal and secure profits at targets.💎",53e26f12ac0630ce608537f8f45d6751,2026-09-11T20:27:26+00:00,2026-09-14T11:27:37.737491+00:00,926,coinmastertrad1
1269474,14509,"🚨 #LAB/USDT | LONG

⚡Leverage: Cross 50x

🎯Entry T... follow the signal and secure profits at targets.💎",0d0529b2a94d0712b36488eff2b5d529,2026-09-11T20:27:15+00:00,2026-09-14T11:27:37.969473+00:00,926,coinmastertrad1
1269458,14508,"➡️ #LAB      /USDT (SHORT) 🔽🔽

⌛LEVERAGE : 20X TO ...0


💥Use only 1%margin of your total portfolio❤️😘😇",a81acc92a30b424b097a026df6ea189e,2026-09-11T20:27:15+00:00,2026-09-14T11:27:37.791706+00:00,926,coinmastertrad1
1269456,14507,"🟢ETH/USDT My Short Trade Setup

Leverage 100X

Ent... 2420

Stop Loss  :  2485

Follow Money Management",622722d184b0bae0f98c5ed9f19e0e2d,2026-09-11T20:27:15+00:00,2026-09-14T11:27:37.786999+00:00,926,coinmastertrad1
1269445,14505,"✨ADA/USDT

🎗 Trade Type = SHORT 🔴

⭐️ Leverage :- ...[ 0.2021, 0.1997, 0.1978, 0.1955, 0.1934, 0.1913 ]",6de73c9c677a70d6752ff33a0efc9c94,2026-09-11T20:27:15+00:00,2026-09-14T11:27:37.754904+00:00,926,coinmastertrad1
1269437,14504,"💰#ROYSOL #RAY/ USDT👑

💎Setup Type: Strong LONG  🔖O...

🥉TP ➝ 1.7500

4️⃣TP ➝ 1.9500

🚫Stop Loss: 1.4250",06814aa9e7c2976f51886e0b4b301385,2026-09-11T20:27:15+00:00,2026-09-14T11:27:37.676035+00:00,926,coinmastertrad1
1269435,14506,ETH/USDT SHORT NOW🔥,6476696a7f7a48ac609af71dc84e22fa,2026-09-11T20:27:15+00:00,2026-09-14T11:27:37.626760+00:00,926,coinmastertrad1
1269462,14497,"#NIULAI/USDT BUY (LONG) 

⚡️Leverage : Cross 25x t....1420

⚠️Use only 3% - 5% amount of your portfolio",7dc2393c4c29948fb4e1de8d139fe09c,2026-09-11T20:27:14+00:00,2026-09-14T11:27:37.814073+00:00,926,coinmastertrad1
1269452,14485,"💰#VTHO/ USDT👑

💎Setup Type: Strong LONG  🔖Opportun....0007000

4️⃣TP ➝ 0.0008500

🚫Stop Loss: 0.0004700",cb3361cb5059e61581e62f282a9e70d8,2026-09-11T20:27:14+00:00,2026-09-14T11:27:37.771611+00:00,926,coinmastertrad1
1269453,14487,"#4USDT — BUY (LONG) 
🎉
🟢 Leverage: Cross  50x75

⚡...Risk Management:
Use only 2%– 3%of your portfolio.",38595dab214b1dd2c5d21627ef85ec3e,2026-09-11T20:27:14+00:00,2026-09-14T11:27:37.701222+00:00,926,coinmastertrad1
1269434,14492,"🚀 #FFUSDT SHORT SIGNAL 🚀

📌 ENTRY ➜ 0.1652

🎯 TAKE...ch this move together!

🔑 Trade Smart • Trade Safe",d23f64ac8b3773cb493d23ddda8f30b8,2026-09-11T20:27:14+00:00,2026-09-14T11:27:37.621265+00:00,926,coinmastertrad1
1269428,14500,"📈 LONG #NIULAI/USDT

🚀 LEVERAGE : 50x

📊 ENTRY PRI...8

TP🟢0.156

TP🟢0.165

STOPLOSS 🔴0.136

REACTIONS?",177160e2d0fa68f83d71ac521685d56d,2026-09-11T20:27:14+00:00,2026-09-14T11:27:37.510413+00:00,926,coinmastertrad1
1269416,14484,"#VTHO LONG 0.0005950

USE LOW MARGIN HIGH RISKY",747fb31aa2f216275bee0ea91320af0c,2026-09-11T20:27:14+00:00,2026-09-14T11:27:37.340773+00:00,926,coinmastertrad1
1269439,14481,"Long #4USDT 0.019800

Tp 0.020325",49d9573dedd254a34666580f9f7d61e7,2026-09-11T20:27:13+00:00,2026-09-14T11:27:37.695838+00:00,926,coinmastertrad1
1269432,14479,"⭐️$SAGA/USDT  LONG

🛡Leverage : Cross 25x50

‼️Ent....01466

Use only 3% - 5% amount of your portfolio🛍",f24af5517da03a4c3616a17766687bac,2026-09-11T20:27:13+00:00,2026-09-14T11:27:37.610154+00:00,926,coinmastertrad1
1269431,14482,"#4/USDT

📈Signal: long Leverage: Cross 50X

⚡️Entr...even after TP1 is hit.

🔈Trade Smart • Follow Risk",c7c944c888f65217b12b6a10c925c450,2026-09-11T20:27:13+00:00,2026-09-14T11:27:37.571469+00:00,926,coinmastertrad1
1269425,14483,"🔴 SHORT

#NEO/USDT

Entry zone : 2.248 - 2.183

Ta...040
1.974
1.908

Stop loss :2.33581

Leverage: 10x",9ce05e038d63b43edd47b3f292d5eb52,2026-09-11T20:27:13+00:00,2026-09-14T11:27:37.494914+00:00,926,coinmastertrad1
1269422,14471,LONG #LSK 0.13490,087107495b201f9a1107872c0945dfac,2026-09-11T20:27:13+00:00,2026-09-14T11:27:37.485378+00:00,926,coinmastertrad1
1269421,14474,"⭐️$NIULAI/USDT  LONG

🛡Leverage : Cross 25x50

‼️E....09974

Use only 3% - 5% amount of your portfolio🛍",0868c399a24632a3473b55212af80363,2026-09-11T20:27:13+00:00,2026-09-14T11:27:37.473656+00:00,926,coinmastertrad1
1269418,14464,"⚡️$XAN/USDT⚡️

LONG
Leverage: 25X 

Entry: 0.0118
...h target.

📈 Risk Managed Trade | High R:R Setup 💎",ffe0f9ae4bb72545e48ef31c27d0a377,2026-09-11T20:27:13+00:00,2026-09-14T11:27:37.385988+00:00,926,coinmastertrad1
1269413,14472,"🚩 LONG #LSK/USDT

⚙️ 50X LEVERAGE

🛡 Entry: 0.1349...: 0.14050
TP3: 0.14350

🛑 SL: 0.12680

🔥REACTIONS?",566459de7760f1999b28b5b3408f0a11,2026-09-11T20:27:13+00:00,2026-09-14T11:27:37.303005+00:00,926,coinmastertrad1
1269410,14466,"🚀 $DOGS/USDT PERP 🚀

🟢 LONG

💰 Entry : 0.0000475$ ... – 25X

⛔️ SL : 0.000042$

📌 Use Only 2-5% Capital",7e48456324a47f0f3f12b737ddbda96f,2026-09-11T20:27:13+00:00,2026-09-14T11:27:37.285212+00:00,926,coinmastertrad1
1269408,14467,"🚀 LONG: $MARSCOIN/USDT🚀
LEVERAGE: 20X-50X

🤍 ENTRY...30- 0.1430
—————

❌ STOP LOSS: 0.1040❌


REACTIONS",d967acd57f4e8f830f813afa7c1ccd27,2026-09-11T20:27:13+00:00,2026-09-14T11:27:37.274249+00:00,926,coinmastertrad1
1269406,14465,"Trade: #ENA/USDT

Direction: 📈 LONG 

🟢 Entry Rang...20
• Target 6: 0.1536

💠 Leverage : 5x - 10x - 20x",d9c4274fb7c6eb2fdb31f62937263959,2026-09-11T20:27:13+00:00,2026-09-14T11:27:37.262609+00:00,926,coinmastertrad1
1269405,14475,"🔴 SHORT

#THETA/USDT

Entry : 

1) 0.1857
2) 0.191...0.1728

🛑 Stop : 0.1973

Leverage : 10x (isolated)",280b3301d56a3fe5d30755c40fdc88f9,2026-09-11T20:27:13+00:00,2026-09-14T11:27:37.261843+00:00,926,coinmastertrad1
1269427,14455,"$ZEC/USDT #SHORT📩

✅ENTRY :-1065/1100

Target 1:10...𝐎𝐧𝐥𝐲 𝟏-𝟑% 𝐎𝐟 𝐎𝐮𝐫 𝐃𝐞𝐩𝐨𝐬𝐢𝐭 𝐅𝐨𝐫 𝐄𝐚𝐜𝐡 𝐓𝐫𝐚𝐝𝐞

React,??m",82c972382c15c796baaa5ae613bde2b0,2026-09-11T20:27:12+00:00,2026-09-14T11:27:37.504214+00:00,926,coinmastertrad1
1269419,14460,"#LSK/USDT LONG     

👉Leverage : Cross 10× To 30×
...

1)  0.137
2)  0.142
3)  0.154

⭕Stoploss : 0.127",6e6e5c30ffce6a82d041b18d76d5a16b,2026-09-11T20:27:12+00:00,2026-09-14T11:27:37.450489+00:00,926,coinmastertrad1
1269407,14451,"🐳 NEWT/USDT #SHORT🐳

✳️ ENTRY :- 0.04120 - 0.04260...0.035

⛔️ STOP-LOSS :- 0.04430

☝️ Margin Use 2–3%",f4d04cf0931593546165a4a8d3c3b9d2,2026-09-11T20:27:12+00:00,2026-09-14T11:27:37.264131+00:00,926,coinmastertrad1
1269404,14462,"Coin #AKE /USDT

Position: LONG 

Leverage:  Cross...rgets: 🎯 0.0154, 0.0175, 0.0207

Stop Loss: 0.0122",9454b47cc463417ed3e4480041622432,2026-09-11T20:27:12+00:00,2026-09-14T11:27:37.204896+00:00,926,coinmastertrad1
1269402,14453,"✅ Long

#ETC/USDT

Entry zone : 7.397 - 7.626

Tak...119
8.346
8.574

Stop loss :7.09218

Leverage: 10x",6ae1f2de3fecaed25a911cfe1edba815,2026-09-11T20:27:12+00:00,2026-09-14T11:27:37.166620+00:00,926,coinmastertrad1
1269401,14447,"#LONG 🟢🔤🔤🔤🔤🔤

#SEI/USDT

Margin Mode : Isolated 💎
...

🟥 SL : 0.04247 - 100%   

📊 LEV : 20X

🇯🇵Premium",187c736ee4115c8b111e686c154001f5,2026-09-11T20:27:12+00:00,2026-09-14T11:27:37.161045+00:00,926,coinmastertrad1
1269398,14463,"📊#FF/USDT–SHORT–30x 🚀

📍 𝐄𝐧𝐭𝐫𝐲 𝐙𝐨𝐧𝐞:

➥ 0.1693, 0....tal.

⚠️ Disclaimer:
Trade at your own risk. DYOR.",540f80c5a3426df273a0f4afcbf957a7,2026-09-11T20:27:12+00:00,2026-09-14T11:27:37.155539+00:00,926,coinmastertrad1
1269399,14445,"#EVAA/USDT

📈Signal: long Leverage: Cross 50X

⚡️E...even after TP1 is hit.

🔈Trade Smart • Follow Risk",a3337ef5603740cd1ad8c21acaa2ecad,2026-09-11T20:27:12+00:00,2026-09-14T11:27:37.154669+00:00,926,coinmastertrad1
1269397,14459,"#EVAA/USDT LONG     

👉Leverage : Cross 10× To 30×...  0.5285
2)  0.5440
3)  0.5700

⭕Stoploss : 0.4940",43dd2851d36eb30b3be03056abac1d10,2026-09-11T20:27:12+00:00,2026-09-14T11:27:37.149099+00:00,926,coinmastertrad1
1269394,14450,"🟢 Long

#XMR/USDT

Entry : 

1) 503.74
2) 488.62

...538.20

🛑 Stop : 472.00

Leverage : 10x (isolated)",b1910470d3196bc6816d79a8f5739dcf,2026-09-11T20:27:12+00:00,2026-09-14T11:27:37.136180+00:00,926,coinmastertrad1
1269393,14446,"#NIULAI/USDT BUY (SHORT) 

⚡️Leverage : Cross 25x ....1310

⚠️Use only 3% - 5% amount of your portfolio",514e35d991d4f3fc6004930779579fdc,2026-09-11T20:27:12+00:00,2026-09-14T11:27:37.125030+00:00,926,coinmastertrad1
1269391,14461,"📊 #LSK/USDT

🟢 POSITION: LONG

💰 ENTRY RANGE
➤ 0.1...
➤ 0.105

━━━━━━━━━━━━━━━━━━

✅ Manage risk wisely",d58a5d729d770ef9335e951772f33c22,2026-09-11T20:27:12+00:00,2026-09-14T11:27:37.086610+00:00,926,coinmastertrad1
1269390,14454,"💵 𝐒𝐈𝐆𝐍𝐀𝐋 𝐀𝐋𝐄𝐑𝐓 💵

#USELESS/USDT (25xSHORT)

✅ ENTR...TARGETS:-0.2010/0.1930/0.1820

❌ STOP LOSS: 0.2370",43717fdae603c28dc6980f83761b72c0,2026-09-11T20:27:12+00:00,2026-09-14T11:27:37.076148+00:00,926,coinmastertrad1
1269389,14443,"📊 Let’s LONG #EVAA/USDT

💥 Leverage:  Cross 20×  -...1) 0.5286
2) 0.5450
3) 0.5700

🔖 Stop Loss: 0.4810",83be0115c900048fe1ccc5db90407356,2026-09-11T20:27:12+00:00,2026-09-14T11:27:36.760711+00:00,926,coinmastertrad1
1269388,14442,"📊 Let’s SHORT #LSK/USDT

💥 Leverage:  Cross 20×  -...1) 0.1240
2) 0.1190
3) 0.1120

🔖 Stop Loss: 0.1320",fe9f3b57587bd3455f3171bc54e7c895,2026-09-11T20:27:12+00:00,2026-09-14T11:27:36.602873+00:00,926,coinmastertrad1
1269386,14441,"📊 Let’s SHORT #LINK/USDT

💥 Leverage:  Cross 20×  ...1.2965
2) 11.1640
3) 10.9400

🔖 Stop Loss: 11.7650",8d99287528fb09ffa08018ee7a9a8553,2026-09-11T20:27:11+00:00,2026-09-14T11:27:36.575637+00:00,926,coinmastertrad1
1269385,14439,"📊 Let’s LONG #DEXE/USDT

💥 Leverage:  Cross 20×  -...: 

1) 1.970
2) 2.035
3) 2.090

🔖 Stop Loss: 1.805",da23d718ce40208eb0305f7e7fe6f35e,2026-09-11T20:27:11+00:00,2026-09-14T11:27:36.574999+00:00,926,coinmastertrad1
1269384,14438,"$LSK/USDT

SHORT SHORT SHORT 

IST ENTRY AT MARKET... 0.12608 - 0.12532 - 0.12447

16x Lev 

SL 0.13145",b38539b0df724b5783e2eb8f46e4932a,2026-09-11T20:27:11+00:00,2026-09-14T11:27:36.574264+00:00,926,coinmastertrad1
1269383,14437,"#DOTUSDT — BUY (LONG) 
🎉
🟢 Leverage: Cross  50x75
...Risk Management:
Use only 2%– 3%of your portfolio.",7a2288f387ac879bdef191ac85808a4b,2026-09-11T20:27:11+00:00,2026-09-14T11:27:36.528930+00:00,926,coinmastertrad1
1269346,14434,"#PTBUSDT — BUY (LONG) 
🎉
🟢 Leverage: Cross  50x75
...Risk Management:
Use only 2%– 3%of your portfolio.",d807c3fe058773e3f0c968c0a48ce16b,2026-09-11T20:27:11+00:00,2026-09-14T11:27:24.471651+00:00,926,coinmastertrad1
1277746,14645,"🚨 #SUSHI/USDT / LONG

⚡Leverage: Cross 50x

🎯Entry... follow the signal and secure profits at targets.💎",25e20897cd79acc7c1570da4c29dd9a9,2026-09-12T14:44:53+00:00,2026-09-14T12:53:48.085729+00:00,926,coinmastertrad1
1277707,14644,"🚨 #NIULAI/USDT | SHORT

⚡Leverage: Cross 50x

🎯Ent... follow the signal and secure profits at targets.💎",6b3d05b80dff31098b6fc98f7275c79c,2026-09-12T14:44:53+00:00,2026-09-14T12:53:47.873664+00:00,926,coinmastertrad1
1277727,14643,"🚨 #RIVER/USDT | LONG

⚡Leverage: Cross 50x

🎯Entry... follow the signal and secure profits at targets.💎",1194ecc6d6ba35b90816010e16b0594c,2026-09-11T20:29:13+00:00,2026-09-14T12:53:48.043152+00:00,926,coinmastertrad1
1277723,14642,"✨MINA/USDT

🎗 Trade Type = SHORT 🔴

⭐️ Leverage :-...990, 0.09875, 0.09778, 0.09679, 0.09554, 0.09441 ]",6ad70df88773b8b43a6d173d20d3142b,2026-09-11T20:29:13+00:00,2026-09-14T12:53:48.025930+00:00,926,coinmastertrad1
1277716,14641,"💰#LAB / USDT👑

💎Setup Type: Strong LONG  🔖Opportun...TP ➝ 0.08500

4️⃣TP ➝ 0.09700

🚫Stop Loss: 0.06400",9b84659b050e3c010918df6e8d501ef9,2026-09-11T20:29:13+00:00,2026-09-14T12:53:47.954554+00:00,926,coinmastertrad1
1277704,14640,"$BATUSDT

LONG

RR : 2

LEVERAGE : 20x

ENTRY : 0....1

TAKE PROFITS 👇

1️⃣ 0.07494

STOPLOSS : 0.06952",cf094843644c7946ab7961779227935e,2026-09-11T20:29:13+00:00,2026-09-14T12:53:47.771552+00:00,926,coinmastertrad1
1277702,14638,"🚀 #TSTUSDT LONG SIGNAL 🚀

📌 ENTRY ➜ 0.01562

🎯 TAK...ch this move together!

🔓 Trade Smart • Trade Safe",f70f768df40200679e6e0242db272659,2026-09-11T20:29:13+00:00,2026-09-14T12:53:47.394414+00:00,926,coinmastertrad1
1277701,14639,"🚨 #DOGS/USDT | LONG

⚡Leverage: Cross 50x

🎯Entry ... follow the signal and secure profits at targets.💎",19cfd01a5ccd074a962fc3871e28db7c,2026-09-11T20:29:13+00:00,2026-09-14T12:53:47.320009+00:00,926,coinmastertrad1
1277548,14632,"✅ Long

Pair: #ATOM/USDT

📊 Entry Price: 

1) 1.67....754
4) 1.789

Stop Loss: 1.569

Leverage: 10x-20x",8fdcba3be5219ab1dd93ba0fdd47a5c1,2026-09-11T20:29:13+00:00,2026-09-14T12:53:32.520813+00:00,926,coinmastertrad1
1277608,14631,"🚀 #LABUSDT LONG SIGNAL 🚀

📌 ENTRY ➜ 0.06375

🎯 TAK...ch this move together!

🔓 Trade Smart • Trade Safe",f370434978b01f0a2970b3a79b805c42,2026-09-11T20:29:12+00:00,2026-09-14T12:53:32.838558+00:00,926,coinmastertrad1
1277605,14627,"🚨 #LAB/USDT | LONG

⚡Leverage: Cross 50x

🎯Entry T... follow the signal and secure profits at targets.💎",4433168da5f47480761a9ade4d5c129e,2026-09-11T20:29:12+00:00,2026-09-14T12:53:32.828711+00:00,926,coinmastertrad1
1277592,14628,"🟢 Long

#DOT/USDT

Entry : 

1) 1.056400
2) 1.0247...8673

🛑 Stop : 0.989846

Leverage : 10x (isolated)",b6e4abcbc22392da567a48fd92980cc5,2026-09-11T20:29:12+00:00,2026-09-14T12:53:32.714553+00:00,926,coinmastertrad1
1277588,14626,"#LABUSDT — BUY (LONG) 
🎉
🟢 Leverage: Cross  50x75
...Risk Management:
Use only 2%– 3%of your portfolio.",c793d470fd980edf762d1cfc532d9ea6,2026-09-11T20:29:12+00:00,2026-09-14T12:53:32.696758+00:00,926,coinmastertrad1
1277571,14630,LAB LONG 0.06375 TP1 0.06500,e7486addea9105a563234283910b1421,2026-09-11T20:29:12+00:00,2026-09-14T12:53:32.660682+00:00,926,coinmastertrad1
1277600,14590,"🔰 PAIR: CRV/ USDT 💹

🟢Position: LONG🚀

☑️ Entry Zo...:
🥇 0.3560
🥈 0.3584
🥉 0.3625

❌ Stop Loss: 🔴0.3470",1e7ce2ee18d2f2c7a6ad4feb6f7ae687,2026-09-11T20:28:02+00:00,2026-09-14T12:53:32.789268+00:00,926,coinmastertrad1
1277567,14589,"#MET/ USDT — BUY (LONG) 
Leverage: Cross 25x – 50x...T IS KEY
👉 Use ONLY 2 – 3% of your total portfolio",7c6bd68c487998f78151f0ea3682f779,2026-09-11T20:28:02+00:00,2026-09-14T12:53:32.635966+00:00,926,coinmastertrad1
1277553,14592,"EXCHANGE/BYBIT/BITUNIX/OKX📌 


DAY TRADE 🏆

LONG/F...agement 🏆


Use only 5% of your 📈Available balance",0bc1e07dce99a0317005e2214436da17,2026-09-11T20:28:02+00:00,2026-09-14T12:53:32.545163+00:00,926,coinmastertrad1
1277593,14559,"🚀 #XANUSDT LONG SIGNAL 🚀

📌 ENTRY ➜ 0.01174

🎯 TAK...ch this move together!

🔓 Trade Smart • Trade Safe",d9925c83f257463d6f304bcd6aa88568,2026-09-11T20:27:40+00:00,2026-09-14T12:53:32.718403+00:00,926,coinmastertrad1
1277581,14553,"#MARSCOIN/ USDT — BUY (LONG) 
Leverage: Cross 25x ...T IS KEY
👉 Use ONLY 2 – 3% of your total portfolio",6f7e6d36cc2d1bc9b00dd7401c5ece76,2026-09-11T20:27:40+00:00,2026-09-14T12:53:32.685058+00:00,926,coinmastertrad1
1277573,14555,"ETH / USDT 

SHORT SHORT SHORT 

IST ENTRY AT MARKET PRICE 

TP 2600 , 2590

SL 2680

20x Leverage",f35459a70b83b4110ea87a5736cb187f,2026-09-11T20:27:40+00:00,2026-09-14T12:53:32.663077+00:00,926,coinmastertrad1
1277569,14547,"📊 Let’s LONG #MAGMA/USDT

💥 Leverage:  Cross 20×  ...1) 0.2575
2) 0.2660
3) 0.2780

🔖 Stop Loss: 0.2360",477227ec3ece86817fa5f8354e8050ae,2026-09-11T20:27:40+00:00,2026-09-14T12:53:32.645962+00:00,926,coinmastertrad1
1277544,14551,"#LONG 🟢🔤🔤🔤🔤🔤

#STX/USDT

Margin Mode : Isolated 💎
...6

🟥 SL : 0.2484 - 100%   

📊 LEV : 20X

🇯🇵Premium",a6521b82cd1ff4e42b704229442cbba9,2026-09-11T20:27:40+00:00,2026-09-14T12:53:32.511740+00:00,926,coinmastertrad1
1277543,14549,"📈 LONG #NIULAI/USDT

🚀 LEVERAGE : 50x

📊 ENTRY PRI...3

TP🟢0.148

TP🟢0.154

STOPLOSS 🔴0.133

REACTIONS?",b4c7b82d7152f0753e9be608c1fa702a,2026-09-11T20:27:40+00:00,2026-09-14T12:53:32.503817+00:00,926,coinmastertrad1
1277535,14554,"$SOL SHORT (100x) ⚡️

ENTRY : 101👍

TARGETS PRICE:...9.60
2⃣ 98.00
3️⃣ 96.00
🤩 93.38

⛔️STOP LOSS : 108",c44f29ccbbd254d0f97338c731f5c49e,2026-09-11T20:27:40+00:00,2026-09-14T12:53:32.463012+00:00,926,coinmastertrad1
1277536,14550,"💵 𝐒𝐈𝐆𝐍𝐀𝐋 𝐀𝐋𝐄𝐑𝐓 💵

#AIO/USDT (25xSHORT)

✅ ENTRY:0....TARGETS:-0.03950/0.03750/0.034

❌ STOP LOSS: 0.046",b0cc64e8d8b69d1d3beecb5a43aa87cf,2026-09-11T20:27:40+00:00,2026-09-14T12:53:32.461634+00:00,926,coinmastertrad1
1277533,14557,"🚨 NEW TRADE SIGNAL 🚨

📊 ETH/USDT — LONG 

📍 ENTRY:...Manage your risk & trade responsibly.

🔥 LET’S GO!",26977d223a15b6d5778c2e8980fe7c16,2026-09-11T20:27:40+00:00,2026-09-14T12:53:32.411938+00:00,926,coinmastertrad1
1277528,14556,"🌈PAIR:- #ETH/USDT
⚡️ Direction : LONG
🛠 Leverage: ...nt Usage:- 1 - 2%
(According To your Risk Setting)",934d88f7fb3b129265d1123eec750fb6,2026-09-11T20:27:40+00:00,2026-09-14T12:53:32.343748+00:00,926,coinmastertrad1
1277526,14544,"#THETA/ USDT — BUY (LONG) 
Leverage: Cross 25x – 5...T IS KEY
👉 Use ONLY 2 – 3% of your total portfolio",ee157bed2280bd93defc06128b050be5,2026-09-11T20:27:40+00:00,2026-09-14T12:53:31.264805+00:00,926,coinmastertrad1
1277522,14542,"#MAGMA/USDT

📈Signal: long Leverage: Cross 50X

⚡️...even after TP1 is hit.

📣Trade Smart • Follow Risk",a65f4f7dd727ae6f3c409918076237ff,2026-09-11T20:27:40+00:00,2026-09-14T12:53:31.232349+00:00,926,coinmastertrad1
1277524,14539,"⭐ FF /USDT — LONG

💵 ENTRY: 0.16400-0.15000

⚙️ LE...o

📌 Follow the setup and manage your risk wisely.",8ac37ae37d7ce88519043a0428b15c41,2026-09-11T20:27:39+00:00,2026-09-14T12:53:31.249124+00:00,926,coinmastertrad1
1277520,14537,"ETH/USD SELL 

Entry : $ 2501

Target1: $  2482
Target2: $  2442
Target3: $  2414


SL : $ 2539",9606fda8a195f00a1e7cf5028ad3a934,2026-09-11T20:27:39+00:00,2026-09-14T12:53:31.117455+00:00,926,coinmastertrad1
1283716,14913,"✅ Long

Pair: #TRB/USDT

📊 Entry Price: 

1) 17.33...57
4) 18.519

Stop Loss: 16.241

Leverage: 10x-20x",8f78b3164a25281433f6f7f488f3eb00,2026-09-12T21:01:27+00:00,2026-09-14T14:12:01.926851+00:00,926,coinmastertrad1
1283706,14914,"⌛#TAO/USDT  ( SHORT )

🍁 Leverage 👉 20X to 25X 

⛩...42 | 224.35 | 221.61 | 219.07

🔕 Stoploss = 248.07",8deb3163c3ae35929d64fca6c0daa42c,2026-09-12T21:01:27+00:00,2026-09-14T14:12:01.853551+00:00,926,coinmastertrad1
1283656,14915,"$NEARUSDT

SHORT

RR : 2

LEVERAGE : 40x

ENTRY : 2.387

TAKE PROFITS 👇

1️⃣ 2.324

STOPLOSS : 2.418",1d737cb100a5f480efdaff74519b56b0,2026-09-12T21:01:27+00:00,2026-09-14T14:12:01.296711+00:00,926,coinmastertrad1
1283692,14912,"✅ Long

#DASH/USDT

Entry zone : 54.03 - 55.71

Ta....31
60.97
62.63

Stop loss :51.8103

Leverage: 10x",0b76a03c25cce8fb980b87eb31260582,2026-09-12T17:05:34+00:00,2026-09-14T14:12:01.806851+00:00,926,coinmastertrad1
1283675,14911,"🟢 Long

#BCH/USDT

Entry : 

1) 228.58
2) 221.72

...244.21

🛑 Stop : 214.17

Leverage : 10x (isolated)",36a66c8fd80b2c6d560e2b8671fb8044,2026-09-12T17:05:34+00:00,2026-09-14T14:12:01.680006+00:00,926,coinmastertrad1
1283712,14909,"🟢LONG  #BTCUSDT

🔶 Entry : 77300 - 77400

➡️ Lever...ake Profit Targets :

👉 78400

🛑 Stop Loss : 76200",b5b9d7b2a3358e53dff71a64fa8b3c80,2026-09-12T16:32:11+00:00,2026-09-14T14:12:01.893066+00:00,926,coinmastertrad1
1283695,14910,"🔰 PAIR: ETH/ USDT 💹

🔴Position: SHORT🚀

☑️ Entry Z... Targets:
🥇 2532
🥈 2528
🥉 2520

❌ Stop Loss: 🔴2546",add0eadc7cbde9c0b2dc801195df4637,2026-09-12T16:32:11+00:00,2026-09-14T14:12:01.819539+00:00,926,coinmastertrad1
1283687,14906,"LONG —SUI

Entry: 0.7284

Targets: 0.7357 / 0.7479... 0.8041

Stop: 0.6915

Move SL to entry after TP1.",a15825628ad048486866a498967f7450,2026-09-12T16:32:11+00:00,2026-09-14T14:12:01.792191+00:00,926,coinmastertrad1
1283658,14908,"📈 LONG #LSK/USDT

🚀 LEVERAGE : 50x

📊 ENTRY PRICE ...

TP🟢0.270

TP🟢0.280

STOPLOSS 🔴0.242


REACTIONS?",4072fe254a6e3e8ddffc760d12ded276,2026-09-12T16:32:11+00:00,2026-09-14T14:12:01.308115+00:00,926,coinmastertrad1
1283708,14904,"✨HBAR/USDT

🎗 Trade Type = LONG 🟢

⭐️ Leverage :- ...526, 0.07611, 0.07673, 0.07757, 0.07841, 0.07940 ]",a21b6a78cf203be469eaa7f7073fd52b,2026-09-12T15:38:00+00:00,2026-09-14T14:12:01.863951+00:00,926,coinmastertrad1
1283698,14901,"$FLOCK LONG NOW📊

ENTRY (0.07150)🔄

TPS (0.07400-0.07672-0.08100)🔼

STOP (0.06000)⛔️",e726db4a9644851387bd9f560054658d,2026-09-12T15:38:00+00:00,2026-09-14T14:12:01.827874+00:00,926,coinmastertrad1
1283690,14902,"🚀 LONG: $TA/USDT
LEVERAGE: 50x

✔️ENTRY PRICE: 0.0...-0.06700-0.07000

STOP LOSS:  0.05850


REACTIONS?",e655b1eb0f81e8270328894c30cf0396,2026-09-12T15:38:00+00:00,2026-09-14T14:12:01.798022+00:00,926,coinmastertrad1
1283689,14894,"📈 LONG #LSK/USDT

🚀 LEVERAGE : 50x

📊 ENTRY PRICE ...
TP🟢0.250

TP🟢0.260

STOPLOSS 🔴0.223



REACTIONS?",d661e5f7927e2203967d00e99ba03618,2026-09-12T15:38:00+00:00,2026-09-14T14:12:01.796003+00:00,926,coinmastertrad1
1283688,14903,"🚀 LONG
CELO/USDT
ENTRY 0.08085

🚀 0.08379
🚀 0.0889... CROSS )
LEVRAGE 10x- 40x

1% WALLET 

DCA 0.07878",01f2a89cc3b34f59210a03f3a5e403d7,2026-09-12T15:38:00+00:00,2026-09-14T14:12:01.794160+00:00,926,coinmastertrad1
1283682,14899,"⭐ LSK /USDT — LONG

💵 ENTRY: 0.23000-0.22000

⚙️ L...o

📌 Follow the setup and manage your risk wisely.",09ca1dabb3c85acc981158aca1055920,2026-09-12T15:38:00+00:00,2026-09-14T14:12:01.775129+00:00,926,coinmastertrad1
1283669,14896,"#SHORT 🔴 🔤🔤🔤🔤🔤

#STX/USDT 

Margin Mode : Isolated...2529

🟩 SL : 0.2729- 100%

📊 LEV : 30X

🇯🇵 Premium",330b4dfbfd57be6f897e5f254dd66fde,2026-09-12T15:38:00+00:00,2026-09-14T14:12:01.645884+00:00,926,coinmastertrad1
1283664,14898,LSK long now,dabe7b188c1258c6e534fa78a8e25535,2026-09-12T15:38:00+00:00,2026-09-14T14:12:01.535298+00:00,926,coinmastertrad1
1283663,14905,"Link/Usdt long 🟢
with 0.5% Wallet on market price ...osite movement pe jo 5% around the liq manage zero",3d7097107e2096484d570d18ee203e25,2026-09-12T15:38:00+00:00,2026-09-14T14:12:01.474098+00:00,926,coinmastertrad1
1283659,14900,"🚨 #GRIFFAIN/USDT | LONG

⚡Leverage: Cross 50x

🎯En... follow the signal and secure profits at targets.💎",6360dc9810fe3e3045e27562c826d33d,2026-09-12T15:38:00+00:00,2026-09-14T14:12:01.409482+00:00,926,coinmastertrad1
1283648,14897,"🚨 #LSK/USDT | LONG

⚡Leverage: Cross 50x

🎯Entry T... follow the signal and secure profits at targets.💎",0359bc7d5e5a65b9b27bb86baa6f0250,2026-09-12T15:38:00+00:00,2026-09-14T14:12:00.967458+00:00,926,coinmastertrad1
1283643,14895,"➡️ #LSK       /USDT (SHORT) 🔽🔽

⌛LEVERAGE : 20X TO...9


💥Use only 1%margin of your total portfolio❤️😘😇",fad0b99e2fe5cec7028f415b2f518b27,2026-09-12T15:38:00+00:00,2026-09-14T14:12:00.885107+00:00,926,coinmastertrad1
1283703,14893,"📈 LONG #LSK/USDT

🚀 LEVERAGE : 50x

📊 ENTRY PRICE ...7

TP🟢0.234

TP🟢0.246

STOPLOSS 🔴0.210

REACTIONS?",7bad34ae1d6f0e18b1ef3e6bd0d0e690,2026-09-12T15:37:53+00:00,2026-09-14T14:12:01.846561+00:00,926,coinmastertrad1
1283657,14892,"🔴 SHORT

#KAVA/USDT

Entry : 

1) 0.070910
2) 0.07...6004

🛑 Stop : 0.075377

Leverage : 10x (isolated)",7995d9d94ca0ff76e711218d5c3a61a6,2026-09-12T15:37:53+00:00,2026-09-14T14:12:01.302165+00:00,926,coinmastertrad1
1283640,14889,"#LAB/ USDT — BUY (LONG) 
Leverage: Cross 25x – 50x...T IS KEY
👉 Use ONLY 2 – 3% of your total portfolio",386700c60541754c484189c0fc08ef91,2026-09-12T15:37:53+00:00,2026-09-14T14:12:00.871115+00:00,926,coinmastertrad1
1283685,14888,"🚀 #OPENUSDT LONG SIGNAL 🚀

📌 ENTRY ➜ 0.1328

🎯 TAK...ch this move together!

🔓 Trade Smart • Trade Safe",73942b547784cc806a4644a6f6406e6a,2026-09-12T15:37:50+00:00,2026-09-14T14:12:01.783984+00:00,926,coinmastertrad1
1283679,14887,"🚀 #JCTUSDT LONG SIGNAL 🚀

📌 ENTRY ➜ 0.001584

🎯 TA...ch this move together!

🔓 Trade Smart • Trade Safe",beb3670759459e6648c24abdae9b7015,2026-09-12T15:37:50+00:00,2026-09-14T14:12:01.707799+00:00,926,coinmastertrad1
1283676,14880,"⭐ RIVER /USDT — LONG

💵 ENTRY: 1.2700-1.2000

⚙️ L...o

📌 Follow the setup and manage your risk wisely.",8d509b1929fe2bdbfe2a808d98b2b50d,2026-09-12T15:37:50+00:00,2026-09-14T14:12:01.703281+00:00,926,coinmastertrad1
1283655,14882,"🚨 #UNI/USDT | LONG

⚡Leverage: Cross 50x

🎯Entry T... follow the signal and secure profits at targets.💎",ab11cd2e324d9379fc30a93c807afe75,2026-09-12T15:37:50+00:00,2026-09-14T14:12:01.287703+00:00,926,coinmastertrad1
1283704,14874,"#ACE | SHORT SETUP

💰 Entry: $0.15993

🎯 Target1: ...t4: $0.15385
🎯 Target5: $0.15161

🛡 STOP: $0.16793",46d72ecb540d421aedad3ef51ae77279,2026-09-12T15:37:49+00:00,2026-09-14T14:12:01.850803+00:00,926,coinmastertrad1
1283693,14869,"🔘 Coin : #4/USDT 🔘

🔴 SHORT

🔺Entry🔻: 0.022931

⭐️... 0.021783

♦️ StopLoss : 0.023718

🔱 Leverage: 25x",4a0ae642e63c836b0413981945e151fd,2026-09-12T15:37:49+00:00,2026-09-14T14:12:01.813203+00:00,926,coinmastertrad1
1283673,14864,LSKUSDT SHORT NOW,500bece0a648b9bb1c188bb449aedb6f,2026-09-12T15:37:49+00:00,2026-09-14T14:12:01.674380+00:00,926,coinmastertrad1
1283671,14865,"⭐️$LSK/USDT  SHORT

🛡Leverage : Cross 25x50

‼️Ent....24729

Use only 3% - 5% amount of your portfolio🛍",0eb13ac447b1af7dbc62cbe163089a86,2026-09-12T15:37:49+00:00,2026-09-14T14:12:01.650431+00:00,926,coinmastertrad1
1283670,14868,"#FLOCK/USDT

📈Signal: long Leverage: Cross 20X

⚡️...even after TP1 is hit.

📣Trade Smart • Follow Risk",d7123575ad8d00d06c657595a37814a5,2026-09-12T15:37:49+00:00,2026-09-14T14:12:01.645207+00:00,926,coinmastertrad1
1283667,14858,"🔰 PAIR: OP/ USDT 💹

🟢Position: LONG🚀

☑️ Entry Zon...:
🥇 0.0977
🥈 0.0982
🥉 0.0992

❌ Stop Loss: 🔴0.0960",5bc15de9121c195727cd785581501e23,2026-09-12T15:37:49+00:00,2026-09-14T14:12:01.637600+00:00,926,coinmastertrad1
1283666,14872,"↗️ LONG #LAB 50x

📌 Entry: 0.07450

🎯 TP: 0.07600
...t Usage: 1-3%
⚠️ According to your risk management",9984872fb163c117673e200c0d4a2a8e,2026-09-12T15:37:49+00:00,2026-09-14T14:12:01.636881+00:00,926,coinmastertrad1
1283661,14871,"⭐ LSK /USDT — SHORT

💵 ENTRY: 0.02200-0.02300

⚙️ ...o

📌 Follow the setup and manage your risk wisely.",f4cd5bb71a97f7cfb0af81faa670fcbe,2026-09-12T15:37:49+00:00,2026-09-14T14:12:01.442760+00:00,926,coinmastertrad1
1283660,14855,"➡️ #RIVER      /USDT (LONG) 🔼🔼

⌛LEVERAGE : 20X TO...0


💥Use only 1%margin of your total portfolio❤️😘😇",92be073ae72374828053d8e357a0a8da,2026-09-12T15:37:49+00:00,2026-09-14T14:12:01.417032+00:00,926,coinmastertrad1
1283654,14859,"🛎️ Trade: #SOMI/USDT

Direction: 📈 LONG 

🟢 Entry ...74
• Target 6: 0.1589

💠 Leverage : 5x - 10x - 20x",2c465f60c9b39ddde3f0380afe0da8bc,2026-09-12T15:37:49+00:00,2026-09-14T14:12:01.277354+00:00,926,coinmastertrad1
1283653,14862,"💰#LSK/ USDT👑

💎Setup Type: Strong LONG  🔖Opportuni...TP ➝ 0.24000

4️⃣TP ➝ 0.32000

🚫Stop Loss: 0.17700",92a9a96677667d6a37df6dd29573bde8,2026-09-12T15:37:49+00:00,2026-09-14T14:12:01.269495+00:00,926,coinmastertrad1
1283650,14857,"🟢HYPE/USDT My Long Trade 

Leverage 75X

Entry Poi...0.500

Stop Loss   78.500

Follow Money Management",d1947827b3108fc8da9ddd6279dab953,2026-09-12T15:37:49+00:00,2026-09-14T14:12:01.119333+00:00,926,coinmastertrad1
1283649,14873,"💫 Pair: USELESS/USDT  💫

🔼 Direction: Long 🔼

✅ Le...Take Profit: 0.2650 📈

⚠️ Stop Loss: 0.2120 ⚠️

📈📈",caeaddeda9be8cecab58a1ae071fe0dd,2026-09-12T15:37:49+00:00,2026-09-14T14:12:01.001025+00:00,926,coinmastertrad1
1283647,14856,"🚨 #AKE/USDT | SHORT

⚡Leverage: Cross 50x

🎯Entry ... follow the signal and secure profits at targets.💎",c99bcc647e0b04016b1d06dcfa12501c,2026-09-12T15:37:49+00:00,2026-09-14T14:12:00.910331+00:00,926,coinmastertrad1
1283644,14861,"🚨 #UAI/USDT | LONG

⚡Leverage: Cross 50x

🎯Entry T... follow the signal and secure profits at targets.💎",366ab19e34feebf7082be6bc527cd940,2026-09-12T15:37:49+00:00,2026-09-14T14:12:00.885927+00:00,926,coinmastertrad1
1283641,14860,"➡️ #UAI       /USDT (SHORT) 🔽🔽

⌛LEVERAGE : 20X TO...9


💥Use only 1%margin of your total portfolio❤️😘😇",e76e734f9064d2a5066a438435aa5294,2026-09-12T15:37:49+00:00,2026-09-14T14:12:00.878592+00:00,926,coinmastertrad1
1283638,14863,"📊#UAI/USDT — LONG

⚡️ Leverage : 10X – 30X

💹Entry...Entry After TP1

⚖️ Follow Proper Risk Management.",293a56064d13bba6c1d7e922aa07987a,2026-09-12T15:37:49+00:00,2026-09-14T14:12:00.859227+00:00,926,coinmastertrad1
1283634,14876,"⭐ TA /USDT — LONG

💵 ENTRY: 0.05940-0.05500

⚙️ LE...o

📌 Follow the setup and manage your risk wisely.",fb215f22bce4b957f3cb9df19aaf6edc,2026-09-12T15:37:49+00:00,2026-09-14T14:12:00.696108+00:00,926,coinmastertrad1
1283678,14845,"✅ Long

Pair: #ALGO/USDT

📊 Entry Price: 

1) 0.09...) 0.098753

Stop Loss: 0.086606

Leverage: 10x-20x",e7e9e77ba00c55b2d92a7fcba142cfc0,2026-09-12T15:37:48+00:00,2026-09-14T14:12:01.704998+00:00,926,coinmastertrad1
1283677,14850,"#LSKUSDT — BUY (LONG) 
🎉
🟢 Leverage: Cross  50x75
...Risk Management:
Use only 2%– 3%of your portfolio.",43c96bac35873d4b4db306375b21883c,2026-09-12T15:37:48+00:00,2026-09-14T14:12:01.704096+00:00,926,coinmastertrad1
1283646,14853,"Coin #MOVR/USDT

Position: LONG 

Leverage:  Cross...0.77

Targets: 🎯 0.81, 0.83, 0.85

Stop Loss: 0.75",cb3c4d988670584cbc8e3859318e6afc,2026-09-12T15:37:48+00:00,2026-09-14T14:12:00.893569+00:00,926,coinmastertrad1
1283645,14839,"💰#UNI / USDT👑

💎Setup Type: Strong LONG  🔖Opportun...600

🥉TP ➝ 7.500

4️⃣TP ➝ 8.300

🚫Stop Loss: 5.500",07cce642c868dc9cfabf23d44fba04c7,2026-09-12T15:37:48+00:00,2026-09-14T14:12:00.892056+00:00,926,coinmastertrad1
1283642,14840,"⚡️$KAVA/USDT⚡️

SHORT 
Leverage: 35X 

Entry: 0.07....063808
4)0.061750
5)0.059691

Stoploss: 0.0730489",ae3ddce1fe6d3ef9f8f12fae8cd7ded1,2026-09-12T15:37:48+00:00,2026-09-14T14:12:00.882200+00:00,926,coinmastertrad1
1283637,14836,"Coin #LSK/USDT

Position: LONG 

Leverage:  Cross ...rgets: 🎯 0.2025, 0.2080, 0.2140

Stop Loss: 0.1875",6c2a3a8e6c7c8a501e4f7dffacdcb3bd,2026-09-12T15:37:48+00:00,2026-09-14T14:12:00.857413+00:00,926,coinmastertrad1
1283636,14843,LABUSDT LONG NOW,f9c09a92d4c106bd6f674e990fc11f34,2026-09-12T15:37:48+00:00,2026-09-14T14:12:00.847353+00:00,926,coinmastertrad1
1283633,14844,"⭐️$LAB/USDT  LONG

🛡Leverage : Cross 25x50

‼️Entr....06092

Use only 3% - 5% amount of your portfolio🛍",da342ef42e3a6febf8985c8499f8d031,2026-09-12T15:37:48+00:00,2026-09-14T14:12:00.612449+00:00,926,coinmastertrad1
1283632,14847,"🚨 #LAB/USDT — TRADE LONG

LEVERAGE 25X TO 50X

⚡️ ...
⛔️ STOP LOSS: 0.07000

🪖 NO FEAR — JUST PROFITS 🧲",2d112489d8762a698490bea90c2f7200,2026-09-12T15:37:48+00:00,2026-09-14T14:12:00.606161+00:00,926,coinmastertrad1
1283631,14852,"🚀 #SOPHUSDT LONG SIGNAL 🚀

📌 ENTRY ➜ 0.004813

🎯 T...ch this move together!

🔓 Trade Smart • Trade Safe",a11887d9b739d041a4e902f809332a23,2026-09-12T15:37:48+00:00,2026-09-14T14:12:00.605138+00:00,926,coinmastertrad1
1283629,14851,SOPH LONG 0.004813 TP1 0.004915,8b6dbb1f565e11137d4061b16072cddc,2026-09-12T15:37:48+00:00,2026-09-14T14:12:00.520000+00:00,926,coinmastertrad1
1283628,14837,"🔴 SHORT

#KAVA/USDT

Entry zone : 0.070318 - 0.068...1750
0.059691

Stop loss :0.0730489

Leverage: 10x",1e8443a459db3b2a29c6324f5e326970,2026-09-12T15:37:48+00:00,2026-09-14T14:12:00.515885+00:00,926,coinmastertrad1
1283627,14848,"#RIVER/USDT SHORT     

👉Leverage : Cross 10× To 3...t

1)  1.253
2)  1.230
3)  1.200

⭕Stoploss : 1.36",bdba8ac53d3417211a8da70365f819be,2026-09-12T15:37:48+00:00,2026-09-14T14:12:00.507564+00:00,926,coinmastertrad1
1283623,14832,"#ALCH/USDT

📈Signal: long Leverage: Cross 20X

⚡️E...even after TP1 is hit.

📣Trade Smart • Follow Risk",ad407dbb463e195d1601a60f24cd7a2c,2026-09-12T15:37:48+00:00,2026-09-14T14:11:45.644964+00:00,926,coinmastertrad1
1283592,14833,"📊#GRIFFAIN/USDT–LONG–30x 🚀

📍 𝐄𝐧𝐭𝐫𝐲 𝐙𝐨𝐧𝐞:

➥ 0.013...tal.

⚠️ Disclaimer:
Trade at your own risk. DYOR.",223b3203c2ff1e47d6df4df9992e153a,2026-09-12T15:37:48+00:00,2026-09-14T14:11:45.420133+00:00,926,coinmastertrad1
1283587,14834,"🐳 LSK/USDT #SHORT🐳

✳️ ENTRY :- 0.195 - 0.204

💢 L...: 0.170

⛔️ STOP-LOSS :- 0.218

☝️ Margin Use 2–3%",11d72abec0febf18f9c9e33392d40a24,2026-09-12T15:37:48+00:00,2026-09-14T14:11:45.391699+00:00,926,coinmastertrad1
1283626,14814,"🚀 $LSK/USDT PERP 🚀

🟢 LONG

💰 Entry : 0.205$ – 0.1... 5X – 25X

⛔️ SL : 0.145$

📌 Use Only 2-5% Capital",1c64ae17624bc34ce635bdca9e32cbb9,2026-09-12T15:37:47+00:00,2026-09-14T14:11:45.677592+00:00,926,coinmastertrad1
1283619,14811,"🔴 Short

Pair: #ZIL/USDT

📊 Entry Price: 

1) 0.00...0.0025401

Stop Loss: 0.0029009

Leverage: 10x-20x",7d694ac8dfab6c2b3f6aba60c5d89b48,2026-09-12T15:37:47+00:00,2026-09-14T14:11:45.618492+00:00,926,coinmastertrad1
1283611,14821,"↗️ SPOT CALL (BINANCE)

#TUT/USDT 🥂

BUY BELOW: Ma... 0.02300 - 0.02600++ 🔥🔥

No Leverage — Spot Only 💎",66b1ca1377332349998dcdead061bf40,2026-09-12T15:37:47+00:00,2026-09-14T14:11:45.550292+00:00,926,coinmastertrad1
1283597,14829,"🔴 SHORT

#ZRX/USDT

Entry : 

1) 0.1068
2) 0.1100
...0.0994

🛑 Stop : 0.1135

Leverage : 10x (isolated)",200e5e2cec7e8fb84e69eb72d807f8bf,2026-09-12T15:37:47+00:00,2026-09-14T14:11:45.444316+00:00,926,coinmastertrad1
1283596,14826,"📊 Let’s LONG #NIULAI/USDT

💥 Leverage:  Cross 20× ...1) 0.1595
2) 0.1740
3) 0.1900

🔖 Stop Loss: 0.1150",ebeabe8c4bb385fe8785ed737f166338,2026-09-12T15:37:47+00:00,2026-09-14T14:11:45.442040+00:00,926,coinmastertrad1
1283591,14824,"🌹 #PUNDIX/USDT

🟢 LONG

✅ Entry: 0.113- 0.1096

❌ ...l advice.
💰 Stay disciplined. Protect your capital",c634b554599b326c657ca976d1252215,2026-09-12T15:37:47+00:00,2026-09-14T14:11:45.413741+00:00,926,coinmastertrad1
1283586,14810,"🪙 Coin: #MINA/USDT
🧭 Type: #LONG

📈 Entry Zone:
0.... within the zone and maintain strict risk control.",a6bfb53c23692265af8f4c6131361b9b,2026-09-12T15:37:47+00:00,2026-09-14T14:11:45.339081+00:00,926,coinmastertrad1
1283582,14815,"📍Coin : #1000BONK/USDT

🟢 LONG 

👉 Entry: 0.002780....002922
🎯 Target 6: 0.002951

❌ StopLoss: 0.002595",d93463efe18982e82cb74d80466e8ae2,2026-09-12T15:37:47+00:00,2026-09-14T14:11:45.314022+00:00,926,coinmastertrad1
1283573,14813,"🚀 LONG: $MINA/USDT🚀
LEVERAGE: 20X-50X

🤍 ENTRY PRI...0- 0.1280
—————

❌ STOP LOSS: 0.09280❌


REACTIONS",be649a50cc972741fd6c06955683d3c4,2026-09-12T15:37:47+00:00,2026-09-14T14:11:45.283509+00:00,926,coinmastertrad1
1283570,14819,"🔴 SHORT

#KAVA/USDT

Entry zone : 0.069051 - 0.067...0637
0.058616

Stop loss :0.0717328

Leverage: 10x",bd6b59ec66532ff33038bca8d47011c0,2026-09-12T15:37:47+00:00,2026-09-14T14:11:45.250722+00:00,926,coinmastertrad1
1283569,14818,"$PUNDIX/USDT #LONG📩

✅ENTRY :-0.1080/0.1030

Targe...𝐎𝐧𝐥𝐲 𝟏-𝟑% 𝐎𝐟 𝐎𝐮𝐫 𝐃𝐞𝐩𝐨𝐬𝐢𝐭 𝐅𝐨𝐫 𝐄𝐚𝐜𝐡 𝐓𝐫𝐚𝐝𝐞

React,??m",250ddf1b56bb194a3ab6ba1131f00c44,2026-09-12T15:37:47+00:00,2026-09-14T14:11:45.248605+00:00,926,coinmastertrad1
1283566,14812,"💵 𝐒𝐈𝐆𝐍𝐀𝐋 𝐀𝐋𝐄𝐑𝐓 💵

#RIVER/USDT (25xLONG)

✅ ENTRY:1...2/1.36

TARGETS:-1.47/1.54/1.63

❌ STOP LOSS: 1.21",bfc1e5273c0fd767fecf18d4bdbdfae4,2026-09-12T15:37:47+00:00,2026-09-14T14:11:45.235224+00:00,926,coinmastertrad1
1283559,14809,"#LSK/USDT LONG     

👉Leverage : Cross 10× To 30×
...

1)  0.221
2)  0.233
3)  0.257

⭕Stoploss : 0.204",4c3bdbf9a88e71b3a8d8540ae7536793,2026-09-12T15:37:47+00:00,2026-09-14T14:11:45.140448+00:00,926,coinmastertrad1
1283553,14816,"📊 #MINA/USDT

🟢 POSITION: LONG

💰 ENTRY RANGE
➤ 0....
➤ 0.092

━━━━━━━━━━━━━━━━━━

✅ Manage risk wisely",eaae9f373b0c6557a34a7e0a03993c65,2026-09-12T15:37:47+00:00,2026-09-14T14:11:44.995067+00:00,926,coinmastertrad1
1283552,14828,"#GRIFFAIN/USDT LONG     

👉Leverage : Cross 10× To...  0.0135
2)  0.0137
3)  0.0143

⭕Stoploss : 0.0127",e98a228a1a00acde13d3da4bd54b34aa,2026-09-12T15:37:47+00:00,2026-09-14T14:11:44.957441+00:00,926,coinmastertrad1
1283610,14807,"⌛#JUP/USDT  ( SHORT )

🍁 Leverage 👉 20X to 25X 

⛩...63 | 0.2339 | 0.2311 | 0.2288

🔕 Stoploss = 0.2527",eae39ec16292cd671bb647543ef05a8e,2026-09-12T15:37:46+00:00,2026-09-14T14:11:45.544912+00:00,926,coinmastertrad1
1283595,14800,"#SOMIUSDT — BUY (LONG) 
🎉
🟢 Leverage: Cross  50x75...Risk Management:
Use only 2%– 3%of your portfolio.",51a96770f3e7386c95ff4e47f67e571e,2026-09-12T15:37:46+00:00,2026-09-14T14:11:45.430911+00:00,926,coinmastertrad1
1283590,14801,"📊 4/USDT — LONG 

📍 ENTRY: CMP

🎯 TARGET 1: 0.27
🎯...Manage your risk & trade responsibly.

🔥 LET’S GO!",ced1637b7a25e97da6ed9359bf9cda74,2026-09-12T15:37:46+00:00,2026-09-14T14:11:45.404804+00:00,926,coinmastertrad1
1283589,14798,"#ETHFIUSDT — BUY (LONG) 
🎉
🟢 Leverage: Cross  50x7...Risk Management:
Use only 2%– 3%of your portfolio.",6a7344cd2e5d3c1d3b4e62670498c52a,2026-09-12T15:37:46+00:00,2026-09-14T14:11:45.394129+00:00,926,coinmastertrad1
1283579,14804,"🚀 $LSK/USDT PERP 🚀

🟢 LONG

💰 Entry : 0.205$ – 0.1... 5X – 25X

⛔️ SL : 0.145$

📌 Use Only 2-5% Capital",1c64ae17624bc34ce635bdca9e32cbb9,2026-09-12T15:37:46+00:00,2026-09-14T14:11:45.300640+00:00,926,coinmastertrad1
1283576,14806,"Coin #BEAT /USDT

Position: LONG 

Leverage:  Cros...rgets: 🎯 0.0970, 0.1010, 0.1050

Stop Loss: 0.0850",527bc9e7b86bf99ef61de91b351eae3f,2026-09-12T15:37:46+00:00,2026-09-14T14:11:45.289948+00:00,926,coinmastertrad1
1283575,14805,"Coin #PUNDIX /USDT

Position: LONG 

Leverage:  Cr...rgets: 🎯 0.1150, 0.1180, 0.1220

Stop Loss: 0.1060",8325124c3472a90ec577edda42e35193,2026-09-12T15:37:46+00:00,2026-09-14T14:11:45.287882+00:00,926,coinmastertrad1
1283574,14802,"🟢 Long

#COMP/USDT

Entry : 

1) 19.94
2) 19.34

T...) 21.30

🛑 Stop : 18.68

Leverage : 10x (isolated)",93375f5402dbf75f781fee8288971c70,2026-09-12T15:37:46+00:00,2026-09-14T14:11:45.284501+00:00,926,coinmastertrad1
1283561,14796,"📊 Let’s SHORT #MARSCOIN/USDT

💥 Leverage:  Cross 2...1) 0.1020
2) 0.0960
3) 0.0850

🔖 Stop Loss: 0.1255",1141975a2024685ef5217361e118f3f9,2026-09-12T15:37:46+00:00,2026-09-14T14:11:45.142612+00:00,926,coinmastertrad1
1288512,15133,"➡️ #CVC       /USDT (SHORT) 🔽🔽

⌛LEVERAGE : 20X TO...6


💥Use only 1%margin of your total portfolio❤️😘😇",04ddd3d57048b96cb59f30069ac1e25f,2026-09-13T18:48:19+00:00,2026-09-14T15:33:14.545039+00:00,926,coinmastertrad1
1288516,15130,"DOGE/USDT Long Trade Setup⭐️

Leverage 75X

Entry ...8520

Stop Loss   0.08305

Follow Money Management",c038b5bfafc7d8569f16a1a240d9c95e,2026-09-13T18:48:19+00:00,2026-09-14T15:33:14.544257+00:00,926,coinmastertrad1
1288511,15122,"Coin #LSK /USDT

Position: SHORT 

Leverage:  Cros...1.03

Targets: 🎯 0.92, 0.86, 0.79

Stop Loss: 1.07",dd62d7b5b750d5e202f326ff2729a056,2026-09-13T18:48:19+00:00,2026-09-14T15:33:14.538709+00:00,926,coinmastertrad1
1288508,15127,"#REZ/ USDT — BUY (LONG) 
Leverage: Cross 25x – 50x...T IS KEY
👉 Use ONLY 2 – 3% of your total portfolio",239da11f66ece09e93d4e65645b2f709,2026-09-13T18:48:19+00:00,2026-09-14T15:33:14.526689+00:00,926,coinmastertrad1
1288505,15125,"🔴 SHORT

#ZIL/USDT

Entry : 

1) 0.0029390
2) 0.00...356

🛑 Stop : 0.0031241

Leverage : 10x (isolated)",6927be9a998a7808cdbde85dff746fe4,2026-09-13T18:48:19+00:00,2026-09-14T15:33:14.474684+00:00,926,coinmastertrad1
1288496,15132,"📈 LONG #LSK/USDT

🚀 LEVERAGE : 50x

📊 ENTRY PRICE ...70

TP🟢1.00

TP🟢1.04

STOPLOSS 🔴0.890


REACTIONS?",cfc00ddae4b5a0aec7eca1faa91505c9,2026-09-13T18:48:19+00:00,2026-09-14T15:33:14.451189+00:00,926,coinmastertrad1
1288478,15129,"⭐️$STEEM/USDT  SHORT

🛡Leverage : Cross 25x50

‼️E....08723

Use only 3% - 5% amount of your portfolio🛍",6bba5333fea0bf5cf6e86b9a3dec2fd3,2026-09-13T18:48:19+00:00,2026-09-14T15:33:14.361804+00:00,926,coinmastertrad1
1288449,15119,"✨NEAR/USDT

🎗 Trade Type = SHORT 🔴

⭐️ Leverage :-...fit = [ 2.254, 2.231, 2.206, 2.189, 2.162, 2.134 ]",a3c67548ca5e48a1633b29de26589f09,2026-09-13T18:48:19+00:00,2026-09-14T15:33:14.072652+00:00,926,coinmastertrad1
1288446,15120,"🔴 SHORT

#THETA/USDT

Entry zone : 0.2165 - 0.2102...
0.1901
0.1837

Stop loss :0.224914

Leverage: 10x",e9cfc2351bd4adc35010f2c46051f798,2026-09-13T18:48:19+00:00,2026-09-14T15:33:13.993229+00:00,926,coinmastertrad1
1288524,15114,"Long #ARK 50x 0.1840

Tp: 0.1900",ccd3407761c3fb4d4f4b04f861878790,2026-09-13T18:48:18+00:00,2026-09-14T15:33:14.588213+00:00,926,coinmastertrad1
1288506,15098,"#ANIMEUSDT — BUY (LONG) 
🎉
🟢 Leverage: Cross  50x7...Risk Management:
Use only 2%– 3%of your portfolio.",157f28f3a50c23b0b3f22006a3003f64,2026-09-13T18:48:18+00:00,2026-09-14T15:33:14.478430+00:00,926,coinmastertrad1
1288499,15105,"⭐ ARK /USDT — LONG

💵 ENTRY: 0.1700-0.1680

⚙️ LEV...o

📌 Follow the setup and manage your risk wisely.",3db54b440872ae9b035a7ee7e911b9f2,2026-09-13T18:48:18+00:00,2026-09-14T15:33:14.459691+00:00,926,coinmastertrad1
1288494,15117,"#BTW/USDT

📈Signal: long Leverage: Cross 20X

⚡️En...even after TP1 is hit.

📣Trade Smart • Follow Risk",f2adab61d9315db6242afa298984e3c9,2026-09-13T18:48:18+00:00,2026-09-14T15:33:14.406111+00:00,926,coinmastertrad1
1288492,15110,"✅ Long

Pair: #ATOM/USDT

📊 Entry Price: 

1) 1.57....652
4) 1.685

Stop Loss: 1.478

Leverage: 10x-20x",7f6516eecbd60479bd22188127c813a2,2026-09-13T18:48:18+00:00,2026-09-14T15:33:14.396153+00:00,926,coinmastertrad1
1288490,15099,"🌈PAIR:- #ARK/USDT
⚡️ Direction : LONG
🛠 Leverage: ...nt Usage:- 1 - 2%
(According To your Risk Setting)",d8667ca01257c77d79c35f0a5860988b,2026-09-13T18:48:18+00:00,2026-09-14T15:33:14.386781+00:00,926,coinmastertrad1
1288489,15108,"$LTCUSDT

SHORT

RR : 2

LEVERAGE : 40x

ENTRY : 53.86

TAKE PROFITS 👇

1️⃣ 52.45

STOPLOSS : 54.56",9c52684485dce151155fbd310958afd8,2026-09-13T18:48:18+00:00,2026-09-14T15:33:14.382219+00:00,926,coinmastertrad1
1288487,15118,"🚀 #TAIKOUSDT LONG SIGNAL 🚀

📌 ENTRY ➜ 0.08490

🎯 T...ch this move together!

🔓 Trade Smart • Trade Safe",e21f60c2dc50afbbdadabba967c01671,2026-09-13T18:48:18+00:00,2026-09-14T15:33:14.379406+00:00,926,coinmastertrad1
1288484,15106,"🚀 $API3/USDT PERP 🚀

🟢 LONG

💰 Entry : 0.255$ – 0.... 5X – 25X

⛔️ SL : 0.210$

📌 Use Only 2-5% Capital",1114fb2672ca60d0a9f3fdd71503f96e,2026-09-13T18:48:18+00:00,2026-09-14T15:33:14.375169+00:00,926,coinmastertrad1
1288480,15103,"🚀 LONG: $ARK/USDT
LEVERAGE: 50x

✔️ENTRY PRICE: 0....750-0.1800-0.1900

STOP LOSS:  0.1600


REACTIONS?",26d70642447c3cfd0c99a42c9a78f7ba,2026-09-13T18:48:18+00:00,2026-09-14T15:33:14.365629+00:00,926,coinmastertrad1
1288473,15113,"#PUNDIXUSDT — BUY (LONG) 
🎉
🟢 Leverage: Cross  50x...Risk Management:
Use only 2%– 3%of your portfolio.",6472391af3780adb3e67707c76abf77c,2026-09-13T18:48:18+00:00,2026-09-14T15:33:14.350667+00:00,926,coinmastertrad1
1288471,15102,"$AVA SHORTNOW

ENTRY: 0.195- 0.200

TP:- 0.185- 0.175- 0.160

SL:- 0.0220",5ad02fca1e487ce08f149cd93c3b0ffa,2026-09-13T18:48:18+00:00,2026-09-14T15:33:14.348616+00:00,926,coinmastertrad1
1288470,15100,"🚀 LONG: $AVA/USDT
LEVERAGE: 50x

✔️ENTRY PRICE: 0....2100-0.2180-0.2350

STOP LOSS:  0.1940

REACTIONS?",6b97001fe943fca5fc97034d1407eb97,2026-09-13T18:48:18+00:00,2026-09-14T15:33:14.345179+00:00,926,coinmastertrad1
1288453,15107,"🔰 PAIR: SAND/ USDT 💹

🟢Position: LONG🚀

☑️ Entry Z...0.03594
🥈 0.03623
🥉 0.03677

❌ Stop Loss: 🔴0.03495",6a4c62f59be80f211b5332ef69e12d91,2026-09-13T18:48:18+00:00,2026-09-14T15:33:14.145505+00:00,926,coinmastertrad1
1288521,15096,"🚀 #API3USDT LONG SIGNAL 🚀

📌 ENTRY ➜ 0.2520

🎯 TAK...ch this move together!

🔓 Trade Smart • Trade Safe",07f9146db80e979bb00b582cf8f05f86,2026-09-13T18:48:17+00:00,2026-09-14T15:33:14.570560+00:00,926,coinmastertrad1
1288517,15085,"📍Coin : #AVNT/USDT

🟢 LONG 

👉 Entry: 0.1018 - 0.0...t 5: 0.1069
🎯 Target 6: 0.1080

❌ StopLoss: 0.0962",ed782693be84771e601c341d3b39f5c3,2026-09-13T18:48:17+00:00,2026-09-14T15:33:14.554665+00:00,926,coinmastertrad1
1288503,15094,"#PUNDIX / USDT — BUY (LONG) 
Leverage: Cross 25x –...T IS KEY
👉 Use ONLY 2 – 3% of your total portfolio",d6f9c912fca494c994db8d4e45ade66d,2026-09-13T18:48:17+00:00,2026-09-14T15:33:14.471160+00:00,926,coinmastertrad1
1288501,15083,#LSK SHORT 0.803,7e1aa1d7dcd6fa29377cc5701d30ed15,2026-09-13T18:48:17+00:00,2026-09-14T15:33:14.461174+00:00,926,coinmastertrad1
1288498,15079,"📊 #POWR/USDT

🟢 POSITION: LONG

💰 ENTRY RANGE
➤ 0....
➤ 0.070

━━━━━━━━━━━━━━━━━━

✅ Manage risk wisely",258da97a21a3872f7fbd37d1e28f6dfd,2026-09-13T18:48:17+00:00,2026-09-14T15:33:14.458781+00:00,926,coinmastertrad1
1288497,15095,API3 LONG 0.2520 TP1 0.2582,3e658bab0c013cdcd3792ca9d394d3dd,2026-09-13T18:48:17+00:00,2026-09-14T15:33:14.452147+00:00,926,coinmastertrad1
1288491,15087,"🟢 Long

#TRX/USDT

Entry : 

1) 0.33938
2) 0.32919...36259

🛑 Stop : 0.31799

Leverage : 10x (isolated)",cad3f91ba398a659672a16f661bd5f99,2026-09-13T18:48:17+00:00,2026-09-14T15:33:14.392812+00:00,926,coinmastertrad1
1288488,15082,"#LONG 🟢🔤🔤🔤🔤🔤

#SEI/USDT

Margin Mode : Isolated 💎
...

🟥 SL : 0.04247 - 100%   

📊 LEV : 20X

🇯🇵Premium",187c736ee4115c8b111e686c154001f5,2026-09-13T18:48:17+00:00,2026-09-14T15:33:14.381265+00:00,926,coinmastertrad1
1288486,15088,"🔰 KAVA/USDT 🔰

🟢 LONG 20X

🔳 ENTRY :- 0.079

☑️ TARGET:- 0.081 - 0.085 - 0.091

🔴 STOP :- 0.074",d5409e498526b37474dd67dd02dea77e,2026-09-13T18:48:17+00:00,2026-09-14T15:33:14.380647+00:00,926,coinmastertrad1
1288485,15092,"⭐️$STEEM/USDT  SHORT

🛡Leverage : Cross 25x50

‼️E....08534

Use only 3% - 5% amount of your portfolio🛍",2a17757d143ba8c97e01c12b53ea3af6,2026-09-13T18:48:17+00:00,2026-09-14T15:33:14.380006+00:00,926,coinmastertrad1
1288469,15090,"🐳 POLYX/USDT #LONG🐳

✳️ ENTRY :- 0.042 - 0.040

💢 ...: 0.048

⛔️ STOP-LOSS :- 0.038

☝️ Margin Use 2–3%",06ee3892aed9f94a2e01a06a6ebe5062,2026-09-13T18:48:17+00:00,2026-09-14T15:33:14.341389+00:00,926,coinmastertrad1
1288468,15084,"#LSK/USDT SHORT     

👉Leverage : Cross 10× To 30×...fit

1)  0.76
2)  0.65
3)  0.53

⭕Stoploss : 0.920",1aac9cc3cb7dbe5628c148c25a13d05e,2026-09-13T18:48:17+00:00,2026-09-14T15:33:14.339838+00:00,926,coinmastertrad1
1288467,15081,"🚀 $KAVA/USDT PERP 🚀

🟢 LONG

💰 Entry : 0.0815$ – 0... 5X – 25X

⛔️ SL : 0.066$

📌 Use Only 2-5% Capital",aa8755ab276a63cd5d61d261e8966ca6,2026-09-13T18:48:17+00:00,2026-09-14T15:33:14.335792+00:00,926,coinmastertrad1
1288464,15075,"🔴 Short

Pair: #NEO/USDT

📊 Entry Price: 

1) 2.25....141
4) 2.094

Stop Loss: 2.391

Leverage: 10x-20x",407d168edba99dd8fec543d0f74545bb,2026-09-13T18:48:17+00:00,2026-09-14T15:33:14.321811+00:00,926,coinmastertrad1
1288462,15076,"🔴 Short

Pair: #KAVA/USDT

📊 Entry Price: 

1) 0.0...) 0.074828

Stop Loss: 0.085454

Leverage: 10x-20x",dc8927bcf3aa599abf1a447e5a0c008e,2026-09-13T18:48:17+00:00,2026-09-14T15:33:14.315314+00:00,926,coinmastertrad1
1288452,15086,"$POLYX/USDT #LONG📩

✅ENTRY :-0.041/0.03950

Target...𝐎𝐧𝐥𝐲 𝟏-𝟑% 𝐎𝐟 𝐎𝐮𝐫 𝐃𝐞𝐩𝐨𝐬𝐢𝐭 𝐅𝐨𝐫 𝐄𝐚𝐜𝐡 𝐓𝐫𝐚𝐝𝐞

React,??m",88510197c5ebe07a0d0f7e47be41efea,2026-09-13T18:48:17+00:00,2026-09-14T15:33:14.132726+00:00,926,coinmastertrad1
1288450,15089,"🟢GRIFFAIN/USDT 📈

📈 long Setup 

💰 Entry Zone: 0.0...et 1. 
✅ Move SL to breakeven after Target 1 hits.",3a95630eea51bee33a9f5f9a9fbd6e05,2026-09-13T18:48:17+00:00,2026-09-14T15:33:14.117729+00:00,926,coinmastertrad1
1288441,15077,"🔴 SHORT

#QTUM/USDT

Entry zone : 0.986843 - 0.958...66601
0.837714

Stop loss :1.025167

Leverage: 10x",bdf8cdf41c6320908c372856c4a42126,2026-09-13T18:48:17+00:00,2026-09-14T15:33:13.895888+00:00,926,coinmastertrad1
1288515,15069,"Long #CTR 0.011700

Tp 0.012700",c4c51a612082fe360fcf599f2573aed4,2026-09-13T18:48:16+00:00,2026-09-14T15:33:14.552188+00:00,926,coinmastertrad1
1288481,15071,"📊#FLOCK/USDT — LONG

⚡️ Leverage : 10X – 30X

💹Ent...Entry After TP1

⚖️ Follow Proper Risk Management.",a0127940963e8ba093c93f070c2cda26,2026-09-13T18:48:16+00:00,2026-09-14T15:33:14.366210+00:00,926,coinmastertrad1
1288476,15070,"#CTR/USDT

📈Signal: long Leverage: Cross 20X

⚡️En...even after TP1 is hit.

📣Trade Smart • Follow Risk",9b645a03b4b1f4cecbfcadbe2f520211,2026-09-13T18:48:16+00:00,2026-09-14T15:33:14.357433+00:00,926,coinmastertrad1
1288463,15072,"#OPENUSDT — BUY (LONG) 
🎉
🟢 Leverage: Cross  50x75...Risk Management:
Use only 2%– 3%of your portfolio.",bd00cc9e2a7d991249e7b03b8052f901,2026-09-13T18:48:16+00:00,2026-09-14T15:33:14.321148+00:00,926,coinmastertrad1
1288454,15074,"🚀 #BIGTIMEUSDT LONG SIGNAL 🚀

📌 ENTRY ➜ 0.007548

...ch this move together!

🔓 Trade Smart • Trade Safe",c39aabcac200eac1221f958d8a858098,2026-09-13T18:48:16+00:00,2026-09-14T15:33:14.158450+00:00,926,coinmastertrad1
1288318,14945,"Pair: #ONDO/USDT

Long • (25X)

Entry
0.3471 - 0.3...t your own risk. Always use proper risk management",20afab003adc0605cea6d302ca5ef18d,2026-09-12T21:02:27+00:00,2026-09-14T15:32:57.218842+00:00,926,coinmastertrad1
1288311,14944,"✅ Long

#ETH/USDT

Entry zone : 2439.55 - 2515.00
...2752.66
2827.74

Stop loss :2338.95

Leverage: 10x",d0addbd1e8eeb026761a3d0b50733b1b,2026-09-12T21:02:27+00:00,2026-09-14T15:32:57.200572+00:00,926,coinmastertrad1
1288315,14938,"Long #FLOCK 75x 0.07900

Tp: 0.08200",48ff844167da41940b2ea476bffe23d9,2026-09-12T21:02:05+00:00,2026-09-14T15:32:57.210013+00:00,926,coinmastertrad1
1296296,15514,"⭐ AIN /USDT — LONG

💵 ENTRY: 0.10550-0.10200

⚙️ L...o

📌 Follow the setup and manage your risk wisely.",409c7ddeaa3d2d97a4c3f67ea6c26fb9,2026-09-14T16:50:04+00:00,2026-09-14T18:15:11.244773+00:00,926,coinmastertrad1
1296287,15532,"⭐ LA /USDT — SHORT

💵 ENTRY: 0.07200-0.07500

⚙️ L...o

📌 Follow the setup and manage your risk wisely.",6db93517c78cbc7c3831d94aa8a89bd0,2026-09-14T16:50:04+00:00,2026-09-14T18:15:11.233999+00:00,926,coinmastertrad1
1296284,15519,"⭐ SKYAI /USDT — LONG

💵 ENTRY: 0.052500-0.05000

⚙...o

📌 Follow the setup and manage your risk wisely.",c29755c0412b55b5977732f62ebcf087,2026-09-14T16:50:04+00:00,2026-09-14T18:15:11.218376+00:00,926,coinmastertrad1
1296282,15515,"🔴 Short

Pair: #KAVA/USDT

📊 Entry Price: 

1) 0.0...) 0.062364

Stop Loss: 0.071221

Leverage: 10x-20x",3015c3ca8fba81aeb8bef1bf9ccaf699,2026-09-14T16:50:04+00:00,2026-09-14T18:15:11.217026+00:00,926,coinmastertrad1
1296281,15522,"🚨 #FIL/USDT | LONG

⚡Leverage: Cross 50x

🎯Entry T... follow the signal and secure profits at targets.💎",5d1872a68afc36e5c2b41fcaa00fff02,2026-09-14T16:50:04+00:00,2026-09-14T18:15:11.214132+00:00,926,coinmastertrad1
1296255,15516,"⭐ REZ /USDT — LONG

💵 ENTRY: 0.004500-0.004000

⚙️...o

📌 Follow the setup and manage your risk wisely.",2b2161e08ddca31aacb6b327468547f8,2026-09-14T16:50:04+00:00,2026-09-14T18:15:11.152128+00:00,926,coinmastertrad1
1296252,15517,"🚨 SHORT 
STEEM/USDT
ENTRY 0.05455

🚀 0.05340
🚀 0.0...ROSS
🚨 STOPLOSS 0.0602
LEVRAGE 10X-40X 

3% WALLET",f753fe2836d4f69412d20fe2010fa9fd,2026-09-14T16:50:04+00:00,2026-09-14T18:15:11.145253+00:00,926,coinmastertrad1
1296250,15528,"👑 #BR /USDT — TRADE LONG

LEVERAGE 25X TO 50X

🤑 E...⛔️ STOP LOSS: 0.4940

⚡️ NO FEAR — JUST PROFITS ✔️",db2f7afadb4a5c360cf1b211aefe53d6,2026-09-14T16:50:04+00:00,2026-09-14T18:15:11.134975+00:00,926,coinmastertrad1
1296238,15518,"⭐ T /USDT — LONG

💵 ENTRY: 0.005230-0.005000

⚙️ L...o

📌 Follow the setup and manage your risk wisely.",08f406d9ab15c663e7473169eff47269,2026-09-14T16:50:04+00:00,2026-09-14T18:15:11.068897+00:00,926,coinmastertrad1
1296234,15513,"⭐️$LA/USDT  SHORT

🛡Leverage : Cross 25x50

‼️Entr...0.0774

Use only 3% - 5% amount of your portfolio🛍",cd5113c395527aabee1e2f137a8bc66f,2026-09-14T16:50:04+00:00,2026-09-14T18:15:11.048746+00:00,926,coinmastertrad1
1296299,15500,"Short lsk 0.4535 50x

Tp 1 0.4350",533bb9ad13d2accfae3ccfee80dcebd1,2026-09-14T16:50:03+00:00,2026-09-14T18:15:11.274788+00:00,926,coinmastertrad1
1296283,15510,"📈 LONG #T/USDT 

🚀 LEVERAGE : 50x

📊 ENTRY PRICE  ....00570

TP🟢0.00600

STOPLOSS 🔴0.00497


REACTIONS?",8a5ed3aabcab74df471e0fa7f294ecf4,2026-09-14T16:50:03+00:00,2026-09-14T18:15:11.217696+00:00,926,coinmastertrad1
1296274,15501,"#LSK/USDT

📈Signal: short Leverage: Cross 50X

⚡️E...even after TP1 is hit.

📣Trade Smart • Follow Risk",9fc2e5b53e39fcb14387a3b7c4f836c0,2026-09-14T16:50:03+00:00,2026-09-14T18:15:11.197674+00:00,926,coinmastertrad1
1296272,15496,"#RONIN/USDT

📈Signal: long Leverage: Cross 20X

⚡️...even after TP1 is hit.

📣Trade Smart • Follow Risk",b802ba03d1722f4df1512fca1b5df08b,2026-09-14T16:50:03+00:00,2026-09-14T18:15:11.187851+00:00,926,coinmastertrad1
1296266,15507,"#AVAAIUSDT — BUY (LONG) 
🎉
🟢 Leverage: Cross  50x7...Risk Management:
Use only 2%– 3%of your portfolio.",86f5658026aa93f95c92600f9f9fe02d,2026-09-14T16:50:03+00:00,2026-09-14T18:15:11.174037+00:00,926,coinmastertrad1
1296249,15499,"EXCHANGE/BYBIT/BITUNIX/OKX📌 


DAY TRADE 🏆

SHORT/...agement 🏆


Use only 5% of your 📈Available balance",913345ab73a091d7cdebbcf4e5470712,2026-09-14T16:50:03+00:00,2026-09-14T18:15:11.131843+00:00,926,coinmastertrad1
1296240,15504,"#AVAAIUSDT — BUY (LONG) 
🎉
🟢 Leverage: Cross  50x7...Risk Management:
Use only 2%– 3%of your portfolio.",86f5658026aa93f95c92600f9f9fe02d,2026-09-14T16:50:03+00:00,2026-09-14T18:15:11.073726+00:00,926,coinmastertrad1
1296239,15509,"🚀 #XPINUSDT LONG SIGNAL 🚀  LEVERAGE 50X-75X

📌 ENT...ch this move together!

🔓 Trade Smart • Trade Safe",d1241810ad7669dfb162e5c994704e3d,2026-09-14T16:50:03+00:00,2026-09-14T18:15:11.069604+00:00,926,coinmastertrad1
1296236,15492,"🔰 PAIR: ALICE/ USDT 💹

🟢Position: LONG🚀

☑️ Entry ...:
🥇 0.1305
🥈 0.1313
🥉 0.1332

❌ Stop Loss: 🔴0.1274",5dc3263cc801adfce38e5fb74a6c4903,2026-09-14T16:50:03+00:00,2026-09-14T18:15:11.058219+00:00,926,coinmastertrad1
1296229,15491,"#SHORT 🔴 🔤🔤🔤🔤🔤

#POL/USDT (RISKY)

Margin Mode : I...164

🟩 SL : 0.09874- 100%

📊 LEV : 30X

🇯🇵 Premium",8003a6505c4c6099681ddee997015188,2026-09-14T16:50:03+00:00,2026-09-14T18:15:11.005052+00:00,926,coinmastertrad1
1296224,15493,"📊 Let’s LONG #AIN/USDT

💥 Leverage:  Cross 20×  - ...1) 0.0100
2) 0.1050
3) 0.1120

🔖 Stop Loss: 0.0926",80befa126d81fb59db51be6fac9967e0,2026-09-14T16:50:03+00:00,2026-09-14T18:15:10.973771+00:00,926,coinmastertrad1
1296208,15511,"⭐ AVAAI /USDT — LONG

💵 ENTRY: 0.01170-0.01110

⚙️...o

📌 Follow the setup and manage your risk wisely.",f8a3e4ec3226a12cd6edab953be7ee8c,2026-09-14T16:50:03+00:00,2026-09-14T18:15:10.779843+00:00,926,coinmastertrad1
1296262,15483,"BTC/USD SELL 

Entry : $  77449

Target1: $  77130
Target2: $ 75886
Target3: $ 75035

SL : $ 78441",25cc590d4c7691579aabe3fc95cf3f45,2026-09-14T16:50:02+00:00,2026-09-14T18:15:11.165469+00:00,926,coinmastertrad1
1296257,15479,"⭐ BR /USDT — LONG

💵 ENTRY: 0.49700-0.47200

⚙️ LE...o

📌 Follow the setup and manage your risk wisely.",876a2a324f5a2bd7b2979cfce0045bac,2026-09-14T16:50:02+00:00,2026-09-14T18:15:11.156735+00:00,926,coinmastertrad1
1296256,15474,"🚨 #SOL/USDT | SHORT

⚡Leverage: Cross 100X

🎯Entry... follow the signal and secure profits at targets.💎",8d71844aac669a430da31ed022eece08,2026-09-14T16:50:02+00:00,2026-09-14T18:15:11.154066+00:00,926,coinmastertrad1
1296254,15473,"📊 Let’s LONG #BR/USDT

💥 Leverage:  Cross 20×  -  ...: 

1) 0.511
2) 0.534
3) 0.570

🔖 Stop Loss: 0.468",8ab08b7f2e6a7745b2a43e00539da900,2026-09-14T16:50:02+00:00,2026-09-14T18:15:11.148228+00:00,926,coinmastertrad1
1296241,15490,"#AIN/ USDT — BUY (LONG) 
Leverage: Cross 25x – 50x...T IS KEY
👉 Use ONLY 2 – 3% of your total portfolio",a49b81ec200516b61290db40ef8f10bd,2026-09-14T16:50:02+00:00,2026-09-14T18:15:11.077566+00:00,926,coinmastertrad1
1296237,15472,"⌛#LDO/USDT  ( LONG )

🍁 Leverage 👉 20X to 25X 

⛩️...99 | 0.3833 | 0.3876 | 0.3917

🔕 Stoploss = 0.3562",6097898d9a81b601ff2ecdecc9bd1df8,2026-09-14T16:50:02+00:00,2026-09-14T18:15:11.067247+00:00,926,coinmastertrad1
1296216,15480,"Btc 78-81k zone bear market btc short ke liye entr... uper rakh ke

Dca 82k- 86k 
long term tp 76k- 72k",308c2eb76278b5666ac27203ccc68f74,2026-09-14T16:50:02+00:00,2026-09-14T18:15:10.876805+00:00,926,coinmastertrad1
1296294,15444,"#BR/ USDT — BUY (LONG) 
Leverage: Cross 25x – 50x
...T IS KEY
👉 Use ONLY 2 – 3% of your total portfolio",924c8dcd4c6af0377212c3b79bf5dd0e,2026-09-14T14:38:18+00:00,2026-09-14T18:15:11.241285+00:00,926,coinmastertrad1
1296242,15445,"BTC/ USDT/ SHORT
Entry at market price 

Cross || ...only 1% of your wallet. 
Manage your risk properly",43eec4e659b1007cbb3585c0c55b2558,2026-09-14T14:38:18+00:00,2026-09-14T18:15:11.081354+00:00,926,coinmastertrad1
1296218,15449,"👑 #REZ /USDT — TRADE LONG

LEVERAGE 25X TO 50X

🤑 ... STOP LOSS: 0.004300

⚡️ NO FEAR — JUST PROFITS ✔️",d58443975a1b1e0c5448058aaf9d97e1,2026-09-14T14:38:18+00:00,2026-09-14T18:15:10.896716+00:00,926,coinmastertrad1
1296215,15450,"🔴 SHORT

#XLM/USDT

Entry : 

1) 0.19030
2) 0.1960...17713

🛑 Stop : 0.20228

Leverage : 10x (isolated)",9b93f3eb8f584edff1a935e0fbada350,2026-09-14T14:38:18+00:00,2026-09-14T18:15:10.834863+00:00,926,coinmastertrad1
1296209,15447,"➡️ #T      /USDT (LONG) 🔼🔼

⌛LEVERAGE : 20X TO 75X...6


💥Use only 1%margin of your total portfolio❤️😘😇",a260ec700ad10ec99eab488f4cb49b2f,2026-09-14T14:38:18+00:00,2026-09-14T18:15:10.771709+00:00,926,coinmastertrad1
1296204,15446,"➡️ #LA       /USDT (LONG) 🔼🔼

⌛LEVERAGE : 20X TO 7...6


💥Use only 1%margin of your total portfolio❤️😘😇",cca39e379353d4a641e1a5ffea3f29fd,2026-09-14T14:38:18+00:00,2026-09-14T18:15:10.755492+00:00,926,coinmastertrad1
1296286,15439,"📈 LONG #CVC/USDT 

🚀 LEVERAGE : 50x

📊 ENTRY PRICE...P🟢0.0369

TP🟢0.0385

STOPLOSS 🔴0.0330


REACTIONS?",b376d3245a9e04e9126aa97579d70033,2026-09-14T11:35:28+00:00,2026-09-14T18:15:11.226114+00:00,926,coinmastertrad1
1296261,15435,"#T/USDT LONG     

👉Leverage : Cross 10× To 30×

E...  0.0056
2)  0.0058
3)  0.0060

⭕Stoploss : 0.P052",d201fea242b71706ebd117d3958c9557,2026-09-14T11:35:28+00:00,2026-09-14T18:15:11.163168+00:00,926,coinmastertrad1
1296259,15437,"⭐️$CVC/USDT  SHORT

🛡Leverage : Cross 25x50

‼️Ent....04249

Use only 3% - 5% amount of your portfolio🛍",d5da93b38d5d5effa0bb7d6257cace4b,2026-09-14T11:35:28+00:00,2026-09-14T18:15:11.158567+00:00,926,coinmastertrad1
1296251,15442,"🚀 #LAUSDT LONG SIGNAL 🚀  LEVERAGE 50X-75X

📌 ENTRY...ch this move together!

🔓 Trade Smart • Trade Safe",1a7e478e12719cd8c74ea092fd0643eb,2026-09-14T11:35:28+00:00,2026-09-14T18:15:11.138658+00:00,926,coinmastertrad1
1296228,15440,"➡️ #SKYAI       /USDT (LONG) 🔼🔼

⌛LEVERAGE : 20X T...00

💥Use only 1%margin of your total portfolio❤️😘😇",223214652aa6afaf61ae6847eac6546c,2026-09-14T11:35:28+00:00,2026-09-14T18:15:11.003426+00:00,926,coinmastertrad1
1296179,15433,"➡️ #CVC      /USDT (SHORT) 🔽🔽

⌛LEVERAGE : 20X TO ...0


💥Use only 1%margin of your total portfolio❤️😘😇",57f6a986cd3b00c32fbdab9745851dc9,2026-09-14T11:35:28+00:00,2026-09-14T18:14:58.557503+00:00,926,coinmastertrad1
1296169,15432,"💵COIN NAME : #T/USDT

📈POSITION : LONG(BUY)

📊 LEV...
TP3 = 0.0060

🔖 STOPLOSS  = 0.0052

SHOW REACTION",624d37824c3bc75e38460befc86e7f69,2026-09-14T11:35:28+00:00,2026-09-14T18:14:58.524290+00:00,926,coinmastertrad1
1296167,15434,"🔴 SHORT

#IOTA/USDT

Entry zone : 0.044454 - 0.043...9038
0.037736

Stop loss :0.0461812

Leverage: 10x",ea2e0547b7dd84f8e364317a4199ce7a,2026-09-14T11:35:28+00:00,2026-09-14T18:14:58.518038+00:00,926,coinmastertrad1
1296163,15429,"#BANKUSDT — BUY (LONG) 
🎉
🟢 Leverage: Cross  50x75...Risk Management:
Use only 2%– 3%of your portfolio.",590da8de8f2694ba695ca5c41428378b,2026-09-14T11:35:28+00:00,2026-09-14T18:14:58.500405+00:00,926,coinmastertrad1
1296151,15430,"#B2USDT — BUY (LONG) 
🎉
🟢 Leverage: Cross  50x75

...Risk Management:
Use only 2%– 3%of your portfolio.",e7681c0e385ef1a275ccf2558a7c7901,2026-09-14T11:35:28+00:00,2026-09-14T18:14:58.427250+00:00,926,coinmastertrad1
1296195,15417,"#LSKUSDT — BUY (LONG) 
🎉
🟢 Leverage: Cross  50x75
...Risk Management:
Use only 2%– 3%of your portfolio.",1305c85890ed099370636a3a9687ea52,2026-09-14T11:35:27+00:00,2026-09-14T18:14:58.598572+00:00,926,coinmastertrad1
1296192,15425,"#REZ/ USDT — BUY (LONG) 
Leverage: Cross 25x – 50x...T IS KEY
👉 Use ONLY 2 – 3% of your total portfolio",c97289861bad94c82e6d3f96a9eb196e,2026-09-14T11:35:27+00:00,2026-09-14T18:14:58.583323+00:00,926,coinmastertrad1
1296191,15413,"⭐️$AIN/USDT  LONG

🛡Leverage : Cross 25x50

‼️Entr....08344

Use only 3% - 5% amount of your portfolio🛍",183cecba9d757333b10d61dee8d93c6b,2026-09-14T11:35:27+00:00,2026-09-14T18:14:58.581456+00:00,926,coinmastertrad1
1296189,15424,"#REZ/USDT LONG     

👉Leverage : Cross 10× To 30×
...00502
2)  0.00520
3)  0.00560

⭕Stoploss : 0.00462",c0fdd206613afe2bc67901561be6017d,2026-09-14T11:35:27+00:00,2026-09-14T18:14:58.576082+00:00,926,coinmastertrad1
1296185,15423,"👑 #REZ /USDT — TRADE LONG

LEVERAGE 25X TO 50X

🤑 ... STOP LOSS: 0.004620

☄️ NO FEAR — JUST PROFITS ✔️",7a8090af09777ff4cd3ef398c7ee2570,2026-09-14T11:35:27+00:00,2026-09-14T18:14:58.570735+00:00,926,coinmastertrad1
1296181,15409,"Long #TUSDT 0.005025

Tp 0.005165",846b1a5d6e582f51c73b11880f95cc8b,2026-09-14T11:35:27+00:00,2026-09-14T18:14:58.563360+00:00,926,coinmastertrad1
1296171,15411,"📊 Let’s LONG #AIN/USDT

💥 Leverage:  Cross 20×  - ...
1) 0.1075
2) 0.1130
3) 0.1200

🔖 Stop Loss: 0.098",d1095a6aafaa196d848025d27b8c5b2d,2026-09-14T11:35:27+00:00,2026-09-14T18:14:58.527530+00:00,926,coinmastertrad1
1296158,15421,"#LSKUSDT — BUY (LONG) 
🎉
🟢 Leverage: Cross  50x75
...Risk Management:
Use only 2%– 3%of your portfolio.",1305c85890ed099370636a3a9687ea52,2026-09-14T11:35:27+00:00,2026-09-14T18:14:58.485012+00:00,926,coinmastertrad1
1296156,15426,"🔴 Short

Pair: #XRP/USDT

📊 Entry Price: 

1) 1.40...26
4) 1.3031

Stop Loss: 1.4882

Leverage: 10x-20x",a164babea2c3cb2b30c7480823850d3e,2026-09-14T11:35:27+00:00,2026-09-14T18:14:58.475546+00:00,926,coinmastertrad1
1296147,15407,"#AIN/ USDT — BUY (LONG) 
Leverage: Cross 25x – 50x...T IS KEY
👉 Use ONLY 2 – 3% of your total portfolio",58fd795332b000daec416ac08b0a65a0,2026-09-14T11:35:27+00:00,2026-09-14T18:14:58.401436+00:00,926,coinmastertrad1
1296143,15428,"#AIN/ USDT — BUY (LONG) 
Leverage: Cross 25x – 50x...T IS KEY
👉 Use ONLY 2 – 3% of your total portfolio",e6661e94913813f59ef7b62c7128dead,2026-09-14T11:35:27+00:00,2026-09-14T18:14:58.368434+00:00,926,coinmastertrad1
1296201,15398,"#EDGE | SHORT SETUP

💰 Entry: $0.6053

🎯 Target1: ...t4: $0.58230
🎯 Target5: $0.57382

🛡 STOP: $0.63556",2dcf9c030918c2253233e7411f19848c,2026-09-14T11:35:26+00:00,2026-09-14T18:14:58.671918+00:00,926,coinmastertrad1
1296200,15387,"🚨 #PHAROS/USDT | LONG

⚡Leverage: Cross 20x

🎯Entr... follow the signal and secure profits at targets.💎",215fec63173a10388668c90a9b4dfade,2026-09-14T11:35:26+00:00,2026-09-14T18:14:58.671285+00:00,926,coinmastertrad1
1296196,15405,"📉 SHORT #CVC/USDT 

🚀 LEVERAGE : 50x

📊 ENTRY PRIC...P🟢0.0335

TP🟢0.0320

STOPLOSS 🔴0.0376


REACTIONS?",25b5da9619368a187f6cf78cacdbfb52,2026-09-14T11:35:26+00:00,2026-09-14T18:14:58.601455+00:00,926,coinmastertrad1
1296187,15404,SHORT #CVC 0.035,46bc947db90de2a01b5be0f139fd7122,2026-09-14T11:35:26+00:00,2026-09-14T18:14:58.573165+00:00,926,coinmastertrad1
1296186,15392,"⭐️$AIN/USDT  LONG

🛡Leverage : Cross 25x50

‼️Entr....08719

Use only 3% - 5% amount of your portfolio🛍",5246da5cdfbf0e5fcf8090278bcc0f56,2026-09-14T11:35:26+00:00,2026-09-14T18:14:58.571852+00:00,926,coinmastertrad1
1296176,15386,"🚨 #REZ/USDT | LONG

⚡Leverage: Cross 50x

🎯Entry T... follow the signal and secure profits at targets.💎",16044d65d6d3ebad3c392295e35587cb,2026-09-14T11:35:26+00:00,2026-09-14T18:14:58.548529+00:00,926,coinmastertrad1
1296175,15388,"Use only 2% Funds

#CVC/USDT (LONG)

Entry 1 = 0.0...rofit
T.P 3 = 1000% Profit 

🔴Stop loss at 0.03450",016389434aa20ffb129dfc689edb5e03,2026-09-14T11:35:26+00:00,2026-09-14T18:14:58.547896+00:00,926,coinmastertrad1
1296170,15393,"#CVC LONG

0.03740",76d8ca3252350ad5a3d582b8299ace77,2026-09-14T11:35:26+00:00,2026-09-14T18:14:58.524959+00:00,926,coinmastertrad1
1296168,15397,"💰#CVC/ USDT👑

💎Setup Type: Strong LONG  🔖Opportuni...TP ➝ 0.04600

4️⃣TP ➝ 0.06000

🚫Stop Loss: 0.03000",2240df9e29ba574f3f9e77c06c53efaf,2026-09-14T11:35:26+00:00,2026-09-14T18:14:58.523068+00:00,926,coinmastertrad1
1296166,15396,"💰#REZ/ USDT👑

💎Setup Type: Strong LONG  🔖Opportuni...➝ 0.005700

4️⃣TP ➝ 0.006690

🚫Stop Loss: 0.003800",b7d1fb7876a3555dbf6945072599d3c4,2026-09-14T11:35:26+00:00,2026-09-14T18:14:58.515946+00:00,926,coinmastertrad1
1296160,15403,"🚀 SHORT: $LSK/USDT
LEVERAGE: 50x

✔️ENTRY PRICE: 0...870-0.8400-0.7700

STOP LOSS:  0.9600


REACTIONS?",a09aa9fbf16b305aa57bd6801bb3365d,2026-09-14T11:35:26+00:00,2026-09-14T18:14:58.491627+00:00,926,coinmastertrad1
1296157,15400,"FILUSDT

LONG LONG LONG 

OPEN MARKET PRICE 

TP 1.0500
TP 1.0700

Sl - 0.9420

LEV 20X",9c2b7ad12adb62f748f1a5a8fcdf17f8,2026-09-14T11:35:26+00:00,2026-09-14T18:14:58.480150+00:00,926,coinmastertrad1
1296153,15390,"#AIN/ USDT — BUY (LONG) 
Leverage: Cross 25x – 50x...T IS KEY
👉 Use ONLY 2 – 3% of your total portfolio",a9671c2807744c6876dc425723dc89cc,2026-09-14T11:35:26+00:00,2026-09-14T18:14:58.448920+00:00,926,coinmastertrad1
1296144,15399,"#LSKUSDT — BUY (LONG) 
🎉
🟢 Leverage: Cross  50x75
...Risk Management:
Use only 2%– 3%of your portfolio.",d42c43821e70947cc0507cf4462a4919,2026-09-14T11:35:26+00:00,2026-09-14T18:14:58.378124+00:00,926,coinmastertrad1
1296136,15395,"#CVC LONG

0.03740",76d8ca3252350ad5a3d582b8299ace77,2026-09-14T11:35:26+00:00,2026-09-14T18:14:58.323099+00:00,926,coinmastertrad1
1296135,15402,"✅ Long

Pair: #XMR/USDT

📊 Entry Price: 

1) 509.9...17
4) 544.82

Stop Loss: 477.81

Leverage: 10x-20x",58afde6d2b7d660e2d21465e8b7db7a1,2026-09-14T11:35:26+00:00,2026-09-14T18:14:58.319204+00:00,926,coinmastertrad1
1296134,15394,"💰#REZ/ USDT👑

💎Setup Type: Strong LONG  🔖Opportuni...➝ 0.005700

4️⃣TP ➝ 0.006690

🚫Stop Loss: 0.003800",b7d1fb7876a3555dbf6945072599d3c4,2026-09-14T11:35:26+00:00,2026-09-14T18:14:58.314301+00:00,926,coinmastertrad1
1296161,15381,"⭐️$MTL/USDT  LONG

🛡Leverage : Cross 25x50

‼️Entr...0.3065

Use only 3% - 5% amount of your portfolio🛍",56460a40dbbffde9ac88ab10dc946440,2026-09-14T11:35:25+00:00,2026-09-14T18:14:58.492420+00:00,926,coinmastertrad1
1296154,15382,"📊 #PHAROS/USDT

🟢 POSITION: LONG

💰 ENTRY RANGE
➤ ...
➤ 0.420

━━━━━━━━━━━━━━━━━━

✅ Manage risk wisely",64e1630963af1d058338e2cc7c6bd952,2026-09-14T11:35:25+00:00,2026-09-14T18:14:58.473505+00:00,926,coinmastertrad1
1296198,15377,Cvc long 0.04100,209783e5f908b28392b1d00ad4054cb4,2026-09-14T07:48:33+00:00,2026-09-14T18:14:58.613486+00:00,926,coinmastertrad1
1296183,15379,"🔴 SHORT

#XLM/USDT

Entry zone : 0.19029 - 0.18475...16710
0.16153

Stop loss :0.1976825

Leverage: 10x",6166368f5eaa426db6edc6dd9722a8e4,2026-09-14T07:48:33+00:00,2026-09-14T18:14:58.564429+00:00,926,coinmastertrad1
1296137,15378,"#CVC/ USDT — BUY (LONG) 
Leverage: Cross 25x – 50x...T IS KEY
👉 Use ONLY 2 – 3% of your total portfolio",1b2048f10da1774973de39a83309f90a,2026-09-14T07:48:33+00:00,2026-09-14T18:14:58.330751+00:00,926,coinmastertrad1
1296124,15376,"✅Entry :$0.1230 - 0.1210

(LONG POWER/USDT  5-20x🆘...5  $0.1294
🏹Target 6  $0.1306

🚫Stop loss - 0.1664",1c832cb469b8fb7c0c26580c9b628ca3,2026-09-14T07:48:33+00:00,2026-09-14T18:14:58.119895+00:00,926,coinmastertrad1
1296172,15368,"Coin #EDGE/USDT

Position: LONG 

Leverage:  Cross...0.64

Targets: 🎯 0.68, 0.70, 0.72

Stop Loss: 0.62",6a2ea70b9fd901093ac96f7fda03a25e,2026-09-14T07:15:14+00:00,2026-09-14T18:14:58.535816+00:00,926,coinmastertrad1
1296145,15369,"Coin #POWER/USDT

Position: SHORT 

Leverage:  Cro...rgets: 🎯 0.1130, 0.1100, 0.1070

Stop Loss: 0.1220",b606f4727e6ba499adca1894f7b46b8a,2026-09-14T07:15:14+00:00,2026-09-14T18:14:58.384717+00:00,926,coinmastertrad1
1296141,15374,"📊 Let’s LONG #HYPE/USDT

💥 Leverage:  Cross 20×  -...: 

1) 78.30
2) 77.30
3) 75.90

🔖 Stop Loss: 81.70",2f011503f92af232cf8a2cb66352682f,2026-09-14T07:15:14+00:00,2026-09-14T18:14:58.358326+00:00,926,coinmastertrad1
1296133,15373,"🚀 #NAORISUSDT LONG SIGNAL 🚀  LEVERAGE 50X-75X

📌 E...ch this move together!

🔓 Trade Smart • Trade Safe",2a3e2c13221151c1a0db5f781dad7e74,2026-09-14T07:15:14+00:00,2026-09-14T18:14:58.312421+00:00,926,coinmastertrad1
1296126,15367,"$CVC/USDT now at current market price (Spot + Futu...$0.0368
2. $0.0401
3. $0.0441

Stop loss : $0.0291",91efb3195de365d39b5a2c2fca57f2f4,2026-09-14T07:15:14+00:00,2026-09-14T18:14:58.179464+00:00,926,coinmastertrad1
1296121,15370,"📊 POWER/USDT — LONG 

📍 ENTRY: CMP

🎯 TARGET 1: 0....Manage your risk & trade responsibly.

🔥 LET’S GO!",a7ced340d60e3e9fc6ac830dbee072bd,2026-09-14T07:15:14+00:00,2026-09-14T18:14:58.054853+00:00,926,coinmastertrad1
1296180,15352,"✨ADA/USDT

🎗 Trade Type = LONG 🟢

⭐️ Leverage :- 2...[ 0.2108, 0.2128, 0.2149, 0.2174, 0.2196, 0.2224 ]",330f124bd2304c2b9037375cbedaef8a,2026-09-14T07:15:13+00:00,2026-09-14T18:14:58.558319+00:00,926,coinmastertrad1
1296165,15363,"#MTL/USDT SHORT     

👉Leverage : Cross 10× To 30×...t

1)  0.380
2)  0.365
3)  0.349

⭕Stoploss : 0.41",ecbcf7980fd9de715c3968aecc68d7b8,2026-09-14T07:15:13+00:00,2026-09-14T18:14:58.514061+00:00,926,coinmastertrad1
1296159,15359,"🔴 SHORT MTL/USDT

CROSS/LEVERAGE 50X

ENTRY: 0.410...
USE UR RISK MANAGEMENT!! 

PATIENT IS THE KEY 🐒🐒🐒",3274a5883469d035b5ef7db7f6725adb,2026-09-14T07:15:13+00:00,2026-09-14T18:14:58.483960+00:00,926,coinmastertrad1
1296152,15353,"$UAI/USDT #SHORT📩

✅ENTRY :-0.54/0.56

Target 1: 0...𝐎𝐧𝐥𝐲 𝟏-𝟑% 𝐎𝐟 𝐎𝐮𝐫 𝐃𝐞𝐩𝐨𝐬𝐢𝐭 𝐅𝐨𝐫 𝐄𝐚𝐜𝐡 𝐓𝐫𝐚𝐝𝐞

React,??m",19757785f8138fc60d7773808d6b4de6,2026-09-14T07:15:13+00:00,2026-09-14T18:14:58.438602+00:00,926,coinmastertrad1
1296149,15351,"🛎️ Trade: #SOMI/USDT

Direction: 📈 LONG 

🟢 Entry ...88
• Target 6: 0.1604

💠 Leverage : 5x - 10x - 20x",137ff0c49db1d43d97a1bfb0f1b08f56,2026-09-14T07:15:13+00:00,2026-09-14T18:14:58.421777+00:00,926,coinmastertrad1
1296142,15356,"🚀 SHORT: $VTHO/USDT🚀
LEVERAGE: 20X-50X

🤍 ENTRY PR...0.00065
—————

❌ STOP LOSS: 0.0008660❌


REACTIONS",118ad76340b291280e8f137eb7dc635f,2026-09-14T07:15:13+00:00,2026-09-14T18:14:58.360565+00:00,926,coinmastertrad1
1296140,15364,#AIN SHORT  0.108,4be1616d7b2ea80b40f1bbf662eb4319,2026-09-14T07:15:13+00:00,2026-09-14T18:14:58.351720+00:00,926,coinmastertrad1
1296138,15354,"⚡ #DOT/USDT

📤 Long 

💹 Buy: 1.0180 - 0.9900

🧿 Ta...620 - 1.0730

🧨 StopLoss: 0.9700 

🔘 Leverage: 20x",fccce62b3784c57b3413702d7c9418c8,2026-09-14T07:15:13+00:00,2026-09-14T18:14:58.332115+00:00,926,coinmastertrad1
1296139,15355,"🌈PAIR:- #ARK/USDT
⚡️ Direction : LONG
🛠 Leverage: ...nt Usage:- 1 - 2%
(According To your Risk Setting)",e67f34224a86a10f2afdb8c801ddc996,2026-09-14T07:15:13+00:00,2026-09-14T18:14:58.331494+00:00,926,coinmastertrad1
1296131,15366,"#CVC/USDT SHORT     

👉Leverage : Cross 10× To 30×...  0.0344
2)  0.0327
3)  0.0317

⭕Stoploss : 0.0375",712c0a12e0f2fc1dd92ab4580f130976,2026-09-14T07:15:13+00:00,2026-09-14T18:14:58.271087+00:00,926,coinmastertrad1
1296130,15358,"🟢 Long

#BAT/USDT

Entry : 

1) 0.076840
2) 0.0745...2097

🛑 Stop : 0.071999

Leverage : 10x (isolated)",935fa1a6aba9b2815bd17c2f2657700b,2026-09-14T07:15:13+00:00,2026-09-14T18:14:58.229519+00:00,926,coinmastertrad1
1296128,15361,"#POWER/USDT SHORT     

👉Leverage : Cross 10× To 3...

1)  0.110
2)  0.100
3)  0.097

⭕Stoploss : 0.125",09378194ca0432ae10cd16a30a6c039d,2026-09-14T07:15:13+00:00,2026-09-14T18:14:58.214743+00:00,926,coinmastertrad1
1296127,15357,"#LONG 🟢🔤🔤🔤🔤🔤

#KAVA/USDT

Margin Mode : Isolated 💎...

🟥 SL : 0.05931 - 100%   

📊 LEV : 20X

🇯🇵Premium",c6fffe5622c800ec90a50af350aaedef,2026-09-14T07:15:13+00:00,2026-09-14T18:14:58.210756+00:00,926,coinmastertrad1
1296123,15365,"#AIN/USDT SHORT     

👉Leverage : Cross 10× To 30×...1)  0.1040
2)  0.0970
3)  0.0870

⭕Stoploss : 0.12",34e07cb8b75e4672b9d65412fd0bb586,2026-09-14T07:15:13+00:00,2026-09-14T18:14:58.097433+00:00,926,coinmastertrad1
1296119,15347,"#PORTALUSDT — BUY (LONG) 
🎉
🟢 Leverage: Cross  50x...Risk Management:
Use only 2%– 3%of your portfolio.",f5b93b3dda4b2f2e7dd1a59f61481140,2026-09-14T07:15:13+00:00,2026-09-14T18:14:57.442886+00:00,926,coinmastertrad1
1296116,15349,"📊 Let’s LONG #IOTX/USDT

💥 Leverage:  Cross 20×  -...665
2) 0.003780
3) 0.003980

🔖 Stop Loss: 0.003320",0639c7b20ffbf8626de0847c25b75540,2026-09-14T07:15:13+00:00,2026-09-14T18:14:57.428856+00:00,926,coinmastertrad1
1296112,15344,"$ZEC

Long at cmp. 1136.33

Tp. 1286

Sl. 1014",c5343ae82dbe933f5a9b07f29f324c5d,2026-09-14T07:15:12+00:00,2026-09-14T18:14:57.401704+00:00,926,coinmastertrad1
1292494,15248,"📊#BR/USDT–LONG–30x 🚀

📍 𝐄𝐧𝐭𝐫𝐲 𝐙𝐨𝐧𝐞:

➥ 0.338, 0.33...tal.

⚠️ Disclaimer:
Trade at your own risk. DYOR.",2251179c96994e8f1e5bba238a279668,2026-09-14T07:10:39+00:00,2026-09-14T16:55:24.522812+00:00,926,coinmastertrad1
1292486,15250,"➡️ #BR    /USDT (SHORT) 🔽🔽

⌛LEVERAGE : 20X TO 75X...9


💥Use only 1%margin of your total portfolio❤️😘😇",cf84944c6731787c74eb1590682db2ae,2026-09-14T07:10:39+00:00,2026-09-14T16:55:24.509657+00:00,926,coinmastertrad1
1292480,15246,"👑 #REZ /USDT — TRADE LONG

LEVERAGE 25X TO 50X

🤑 ... STOP LOSS: 0.004500

☄️ NO FEAR — JUST PROFITS ✔️",66e9fe9b778b745e1d2dfd245b9e9e4d,2026-09-14T07:10:39+00:00,2026-09-14T16:55:24.497903+00:00,926,coinmastertrad1
1292479,15255,"#REZ/ USDT — BUY (LONG) 
Leverage: Cross 25x – 50x...T IS KEY
👉 Use ONLY 2 – 3% of your total portfolio",c7e1eb7a1e535bea1b2c5601cd15ac4f,2026-09-14T07:10:39+00:00,2026-09-14T16:55:24.491593+00:00,926,coinmastertrad1
1292468,15247,"💵 𝐒𝐈𝐆𝐍𝐀𝐋 𝐀𝐋𝐄𝐑𝐓 💵

#REZ/USDT (25xLONG)

✅ ENTRY:0.0...S:-0.004750/0.004950/0.0053

❌ STOP LOSS: 0.003970",a4da9b1641e5ad4a7460d011595a38a5,2026-09-14T07:10:39+00:00,2026-09-14T16:55:24.440655+00:00,926,coinmastertrad1
1292444,15249,"🟢POWER/USDT 📈

📈 long Setup 

💰 Entry Zone: 0.138–...et 1. 
✅ Move SL to breakeven after Target 1 hits.",fdf89054f95402a17a9c778d547989fc,2026-09-14T07:10:39+00:00,2026-09-14T16:55:23.917513+00:00,926,coinmastertrad1
1292430,15252,"❖ BR/USDT

❖ LONG [ 10×20 ]

➤ Entry Zone:- 0.3525...▪️ TP2: 0.375
▪️ TP3: 0.390

➤ Stop Loss :- 0.3300",cdf07d4b898869c0771f36ccb000578a,2026-09-14T07:10:39+00:00,2026-09-14T16:55:23.809109+00:00,926,coinmastertrad1
1292424,15251,"🐳 CAKE/USDT #LONG🐳

✳️ ENTRY :- 2.33 - 2.26

💢 LEV...3 : 2.65

⛔️ STOP-LOSS :- 2.21

☝️ Margin Use 2–3%",24e4df62a427b7a4e57185f3f960168e,2026-09-14T07:10:39+00:00,2026-09-14T16:55:23.701949+00:00,926,coinmastertrad1
1292420,15242,"📈 LONG #BR/USDT

♻ Leverage: 20X

➡️ Entry :- 0.33...: 

1) 0.340
2) 0.355
3) 0.375

⭕ Stop Loss: 0.302",f0b524910c001174d7c7d0c7c44a946e,2026-09-14T07:10:39+00:00,2026-09-14T16:55:23.442567+00:00,926,coinmastertrad1
1292419,15243,"🔰POWER/USDT 🔰   

🟢 LONG 10X 20X

♻ ENTRY 
1️⃣ 0.1...

1️⃣ 0.140
2️⃣ 0.148
3️⃣ 0.160

⛔ STOPLOSS  0.114",0bdb4c54644f6a9ee95ba6a1db9e4e7d,2026-09-14T07:10:39+00:00,2026-09-14T16:55:23.431180+00:00,926,coinmastertrad1
1292418,15239,"✅ Long

#XMR/USDT

Entry zone : 509.93 - 525.71

T...
575.38
591.08

Stop loss :488.9103

Leverage: 10x",6667501e089c2b591298175556421419,2026-09-14T00:27:35+00:00,2026-09-14T16:55:23.390287+00:00,926,coinmastertrad1
1292417,15241,"🟢 Long

#BNB/USDT

Entry : 

1) 716.860
2) 695.354...5.904

🛑 Stop : 671.697

Leverage : 10x (isolated)",0c1bab4622137ec937c6fa7281ff16df,2026-09-14T00:27:35+00:00,2026-09-14T16:55:23.386454+00:00,926,coinmastertrad1
1292416,15240,"✅ Long

Pair: #IOTA/USDT

📊 Entry Price: 

1) 0.04...) 0.042993

Stop Loss: 0.037704

Leverage: 10x-20x",d1c66b84028b82448f156b5145d7450f,2026-09-14T00:27:35+00:00,2026-09-14T16:55:22.973404+00:00,926,coinmastertrad1
1292415,15238,"#AGI | SHORT SETUP

💰 Entry: $0.005021

🎯 Target1:...t4: $0.00483
🎯 Target5: $0.00476

🛡 STOP: $0.00527",688d495053f8dae79a847344f4320d59,2026-09-14T00:27:35+00:00,2026-09-14T16:55:22.914394+00:00,926,coinmastertrad1
1292406,15168,"📉 SHORT #LSK/USDT 

🚀 LEVERAGE : 50x

📊 ENTRY PRIC....01

TP🟢0.97

TP🟢0.92

STOPLOSS 🔴1.11


REACTIONS?",628d7c46019f432ce425153f05314000,2026-09-13T18:48:24+00:00,2026-09-14T16:55:09.150306+00:00,926,coinmastertrad1
1292396,15166,"➡️ #FIL      /USDT (SHORT) 🔽🔽

⌛LEVERAGE : 20X TO ...0


💥Use only 1%margin of your total portfolio❤️😘😇",b067c4d6f3bc17bca297690ab4f9ce81,2026-09-13T18:48:24+00:00,2026-09-14T16:55:09.060065+00:00,926,coinmastertrad1
1292391,15172,"➡️ #AR      /USDT (SHORT) 🔽🔽

⌛LEVERAGE : 20X TO 7...0


💥Use only 1%margin of your total portfolio❤️😘😇",0825b1b697c94809e51044f61a618c93,2026-09-13T18:48:24+00:00,2026-09-14T16:55:09.043307+00:00,926,coinmastertrad1
1292384,15169,"$AR buying Setup 

Entry : CMP till  2.619 
TP: 3.... 30% now $AR time both same category coins storage",c4a8bd319ce2f9210a84b1008ad946be,2026-09-13T18:48:24+00:00,2026-09-14T16:55:09.029656+00:00,926,coinmastertrad1
1292371,15167,"🚨 #LSK/USDT | LONG

⚡Leverage: Cross 50x

🎯Entry T... follow the signal and secure profits at targets.💎",853cc73f7e4b0396f1bad4db25024313,2026-09-13T18:48:24+00:00,2026-09-14T16:55:08.920366+00:00,926,coinmastertrad1
1292369,15164,LONG STEEM 0.060404,57944bb2353180ecc4f669c83750a939,2026-09-13T18:48:24+00:00,2026-09-14T16:55:08.917169+00:00,926,coinmastertrad1
1292365,15165,"✅Entry 0.06040-0.05940

(🆘LONG STEEMUSDT 5-20x🆘)

... $0.06370
🏹Target 6  $0.06440

🚫Stop loss -0.05741",8225a771403a35272e0db69b60471d5c,2026-09-13T18:48:24+00:00,2026-09-14T16:55:08.912119+00:00,926,coinmastertrad1
1292359,15171,"✅ Long

#IOST/USDT

Entry zone : 0.00075514 - 0.00...
0.00087530

Stop loss :0.000724005

Leverage: 10x",cd6562e753584aad298eec12b311d808,2026-09-13T18:48:24+00:00,2026-09-14T16:55:08.883639+00:00,926,coinmastertrad1
1292407,15156,LSK LONG 0.9307 TP1 0.9515,9446d4d67308ea3e074d19f35df237c1,2026-09-13T18:48:23+00:00,2026-09-14T16:55:09.159794+00:00,926,coinmastertrad1
1292368,15155,"⭐ LSK /USDT — LONG

💵 ENTRY: 0.91800-0.8500

⚙️ LE...o

📌 Follow the setup and manage your risk wisely.",36058cad30adbcf6dd1530f0b00d483e,2026-09-13T18:48:23+00:00,2026-09-14T16:55:08.916522+00:00,926,coinmastertrad1
1292358,15163,"📉 SHORT #CVC/USDT 

🚀 LEVERAGE : 50x

📊 ENTRY PRIC...TP🟢0.0333

TP🟢0.0320

STOPLOSS 🔴0.0376

REACTIONS?",8579c6db98a84499fb33d8b0286c2d25,2026-09-13T18:48:23+00:00,2026-09-14T16:55:08.872358+00:00,926,coinmastertrad1
1292357,15161,"$CVC

OPEN SHORT NOW

TP (0.03300-0.03100)

SL (0.04272)",68fbf8876fbb2f7177b5ac2af061e8a4,2026-09-13T18:48:23+00:00,2026-09-14T16:55:08.868775+00:00,926,coinmastertrad1
1292351,15154,Long LSK now 0.918,212e7b60c78c609e784e8db9e9144ae2,2026-09-13T18:48:23+00:00,2026-09-14T16:55:08.781294+00:00,926,coinmastertrad1
1292343,15158,"🔘 Coin : #BTW/USDT 🔘

🔴 SHORT

🔺Entry🔻: 0.7049

⭐️... - 0.64255

♦️ StopLoss : 0.73241

🔱 Leverage: 25x",526b6d5c05221daf21b737507b352eee,2026-09-13T18:48:23+00:00,2026-09-14T16:55:08.598278+00:00,926,coinmastertrad1
1292341,15157,"🚀 #LSKUSDT LONG SIGNAL 🚀

📌 ENTRY ➜ 0.9308

🎯 TAKE...ch this move together!

🔓 Trade Smart • Trade Safe",eca1d6826589190e305155ff5971334a,2026-09-13T18:48:23+00:00,2026-09-14T16:55:08.505873+00:00,926,coinmastertrad1
1292339,15160,"🚨 #VTHO/USDT | SHORT

⚡Leverage: Cross 50x

🎯Entry... follow the signal and secure profits at targets.💎",fa97a4b1da92edaa7114cf05ecb3f449,2026-09-13T18:48:23+00:00,2026-09-14T16:55:08.347166+00:00,926,coinmastertrad1
1292338,15159,"🚀 #LSKUSDT LONG SIGNAL 🚀

📌 ENTRY ➜ 0.9308

🎯 TAKE...ch this move together!

🔓 Trade Smart • Trade Safe",260206a5b9a8e7f433ad156d1c39cfd7,2026-09-13T18:48:23+00:00,2026-09-14T16:55:08.346148+00:00,926,coinmastertrad1
1292400,15153,"🚀 LONG: $STEEM/USDT
LEVERAGE: 50x

✔️ENTRY PRICE: ...-0.06800-0.07000

STOP LOSS:  0.05800


REACTIONS?",2d63d07f2c0a375122a6f0b6c4d19929,2026-09-13T18:48:22+00:00,2026-09-14T16:55:09.068713+00:00,926,coinmastertrad1
1292403,15151,"🔴 SHORT

#IOTA/USDT

Entry : 

1) 0.041460
2) 0.04...8591

🛑 Stop : 0.044071

Leverage : 10x (isolated)",cfcb53ab41c1db3549095315dddfb893,2026-09-13T18:48:20+00:00,2026-09-14T16:55:09.141396+00:00,926,coinmastertrad1
1292373,15149,"Pair: #NEAR/USDT

Short • (25X)

Entry
2.295 - 2.3...t your own risk. Always use proper risk management",233decbdf527c866f6f20f497efcc7ba,2026-09-13T18:48:20+00:00,2026-09-14T16:55:08.922122+00:00,926,coinmastertrad1
1292370,15147,"🚀 #BIGTIMEUSDT LONG SIGNAL 🚀

📌 ENTRY ➜ 0.007818

...ch this move together!

🔓 Trade Smart • Trade Safe",f620db6e7a0bad2cf367e6d8fc079c18,2026-09-13T18:48:20+00:00,2026-09-14T16:55:08.919251+00:00,926,coinmastertrad1
1292342,15152,"🚨 #PUNDIX/USDT | SHORT

⚡Leverage: Cross 50x

🎯Ent... follow the signal and secure profits at targets.💎",62f9590cc34c770cc311a0a3214db5bc,2026-09-13T18:48:20+00:00,2026-09-14T16:55:08.517874+00:00,926,coinmastertrad1
1292337,15148,"Pair: #CATI/USDT

Short • (5X)

Entry
0.07010 - 0....t your own risk. Always use proper risk management",4ac5a540a1da6fc4502fa4ad764cf2b7,2026-09-13T18:48:20+00:00,2026-09-14T16:55:08.064666+00:00,926,coinmastertrad1
1292336,15145,"💫 Pair: INJ/USDT  💫

🔼 Direction: Long 🔼

✅ Levera...
📈 Take Profit: 6.60 📈

⚠️ Stop Loss: 5.700 ⚠️

📈📈",7e159dd7d08312935ed54b2fdb9aab20,2026-09-13T18:48:20+00:00,2026-09-14T16:55:07.207057+00:00,926,coinmastertrad1
1292334,15144,"⭐️$LSK/USDT  LONG

🛡Leverage : Cross 25x50

‼️Entr....60550

Use only 3% - 5% amount of your portfolio🛍",d063fa3998dcd36b0ae7b902e8d03773,2026-09-13T18:48:20+00:00,2026-09-14T16:55:07.193519+00:00,926,coinmastertrad1
1292331,15142,"⭐️$CVC/USDT  SHORT

🛡Leverage : Cross 25x50

‼️Ent....04528

Use only 3% - 5% amount of your portfolio🛍",0bf9b89c891b3d7eb37fcc9e2fca9cae,2026-09-13T18:48:20+00:00,2026-09-14T16:55:07.188563+00:00,926,coinmastertrad1
1292330,15143,LSKUSDT LONG NOW,07887acd90ec447520841ce4b3124c9c,2026-09-13T18:48:20+00:00,2026-09-14T16:55:07.182965+00:00,926,coinmastertrad1
1292333,15140,"🪙#CVC/USDT

🚩POSITION — LONG

🔒  LEVERAGE — 20X75
...0.04470
TP🥉: 0.04700

⛔️ SL: 0.03800

🔥REACTIONS?😜",96aa1d49fe936dbfcd06df6339b91175,2026-09-13T18:48:19+00:00,2026-09-14T16:55:07.192869+00:00,926,coinmastertrad1
1292328,15137,"📉 SHORT #ARK/USDT 

🚀 LEVERAGE : 50x

📊 ENTRY PRIC...0

TP🟢0.163

TP🟢0.155

STOPLOSS 🔴0.183

REACTIONS?",7ec4a0e5f7dd8caecff63ef4eecd1a1b,2026-09-13T18:48:19+00:00,2026-09-14T16:55:07.113208+00:00,926,coinmastertrad1
1292327,15139,"#WLD $WLD LONG TRADE

ENTRY: 0.396

TARGET: 0.427

STOPLOSS: 0.388",ac16c173d0de1d4cbfd5fc0c1372316e,2026-09-13T18:48:19+00:00,2026-09-14T16:55:07.107643+00:00,926,coinmastertrad1
1292326,15138,"💰#BERA/ USDT👑

💎Setup Type: Strong LONG  🔖Opportun...

🥉TP ➝ 0.2500

4️⃣TP ➝ 0.3200

🚫Stop Loss: 0.1600",d73760f0298f0bab74a41101d4d4344c,2026-09-13T18:48:19+00:00,2026-09-14T16:55:07.105850+00:00,926,coinmastertrad1
1292325,15135,"💰#STEEM/ USDT👑

💎Setup Type: Strong SHORT  🔖Opport...TP ➝ 0.06000

4️⃣TP ➝ 0.05500

🚫Stop Loss: 0.07400",391a472c5b120ffb55266024b56b030b,2026-09-13T18:48:19+00:00,2026-09-14T16:55:06.974263+00:00,926,coinmastertrad1
1298246,15571,"LONG

ASTER/USDT

MARKET PRICE 

Leverage: 10X

TP...5% of capital 

Always use proper risk management.",16cfbe70de8b0b7b2f2f604f655d00ce,2026-09-14T19:17:30+00:00,2026-09-14T19:34:48.404640+00:00,926,coinmastertrad1
1298235,15574,"🔴 SHORT

#XRP/USDT

Entry : 

1) 1.4540
2) 1.4976
...1.3534

🛑 Stop : 1.5456

Leverage : 10x (isolated)",cc417a8a3679ae430043c17d72e70943,2026-09-14T19:17:30+00:00,2026-09-14T19:34:48.363179+00:00,926,coinmastertrad1
1298224,15575,"💰#ARK/ USDT👑

💎Setup Type: Strong LONG  🔖Opportuni...

🥉TP ➝ 0.2350

4️⃣TP ➝ 0.3000

🚫Stop Loss: 0.1000",7e0b20847d1458402dca4d29bd312d0a,2026-09-14T19:17:30+00:00,2026-09-14T19:34:48.289467+00:00,926,coinmastertrad1
1298232,15546,"🔴SHORT  #BTCUSDT

🔶 Entry : 78700 - 78800

➡️ Leve...ake Profit Targets :

👉 78000

🛑 Stop Loss : 79600",3687e8199fd05698c5a2ba493b22affd,2026-09-14T16:50:05+00:00,2026-09-14T19:34:48.345137+00:00,926,coinmastertrad1
1298221,15539,"🚀 #AIOUSDT LONG SIGNAL 🚀  LEVERAGE 50X-75X

📌 ENTR...ch this move together!

🔓 Trade Smart • Trade Safe",e13c2d1ea1b3a912c044577efc90ad21,2026-09-14T16:50:05+00:00,2026-09-14T19:34:48.220146+00:00,926,coinmastertrad1
1298220,15543,"BTC/USD SELL 

Entry : $  78350

Target1: $  77600
Target2: $ 76900
Target3: $ 75035

SL : $ 79400",954f2f0ab6c1ba89fcb6f1f57b97dc56,2026-09-14T16:50:05+00:00,2026-09-14T19:34:48.199571+00:00,926,coinmastertrad1
1298219,15540,"➡️ #MTL     /USDT (LONG) 🔼🔼

⌛LEVERAGE : 20X TO 75...



💥Use only 1%margin of your total portfolio❤️😘😇",53c93c56ba27e1aaf32ecab0cff6605f,2026-09-14T16:50:05+00:00,2026-09-14T19:34:48.182371+00:00,926,coinmastertrad1
1298218,15537,"LONG — UNI

Entry: 6.353

Targets: 6.418 / 6.527 /... / 6.997

Stop: 6.034

Move SL to entry after TP1.",997bd100be3d8c97a00a9a36eb62c759,2026-09-14T16:50:05+00:00,2026-09-14T19:34:48.048918+00:00,926,coinmastertrad1
1298217,15538,AIO LONG 0.03935 TP1 0.04020,34e2ed19a01cfa5e94d168bf842826a7,2026-09-14T16:50:05+00:00,2026-09-14T19:34:48.048127+00:00,926,coinmastertrad1
1298877,15578,"⭐ UNI /USDT — LONG

💵 ENTRY: 6.700-5.800

⚙️ LEVER...o

📌 Follow the setup and manage your risk wisely.",08391496805cdf581484591c86ce348e,2026-09-14T20:48:42+00:00,2026-09-14T20:51:06.516541+00:00,926,coinmastertrad1
1298874,15576,"📊 4/USDT — LONG 

📍 ENTRY: CMP

🎯 TARGET 1: 0.25
🎯...Manage your risk & trade responsibly.

🔥 LET’S GO!",6ad4bec04679d85ac833d1b0f19b1ea6,2026-09-14T20:48:41+00:00,2026-09-14T20:51:06.495858+00:00,926,coinmastertrad1
1299400,15581,"⭐ NIL /USDT — LONG

💵 ENTRY: 0.04250-0.03600

⚙️ L...o

📌 Follow the setup and manage your risk wisely.",03762c91f3565ed793a8fa52a2e822a2,2026-09-14T22:04:36+00:00,2026-09-14T22:07:32.534741+00:00,926,coinmastertrad1
1299399,15580,"⭐ VELODROME /USDT — LONG

💵 ENTRY: 0.02500-0.02000...o

📌 Follow the setup and manage your risk wisely.",62f57c71adcfbf0844461fe6a1eabd23,2026-09-14T22:04:36+00:00,2026-09-14T22:07:32.527995+00:00,926,coinmastertrad1
1310500,15709,"#POWER / USDT — BUY (LONG) 
Leverage: Cross 25x – ...T IS KEY
👉 Use ONLY 2 – 3% of your total portfolio",cf630ef8aabe81cca9e86765e00a3a03,2026-09-15T13:24:11+00:00,2026-09-15T13:34:58.420370+00:00,926,coinmastertrad1
1310499,15701,"#PLAYUSDT — BUY (LONG) 
🎉
🟢 Leverage: Cross  50x75...Risk Management:
Use only 2%– 3%of your portfolio.",00e5f59cae6be70ff161805e1196dcb9,2026-09-15T12:56:49+00:00,2026-09-15T13:34:58.414478+00:00,926,coinmastertrad1
1310511,15695,"Long #AIN 50x 0.17300

Tp: 0.17900",9c7e7b3e6f25d1e66ba65fe0b0102d2a,2026-09-15T12:11:56+00:00,2026-09-15T13:34:58.501402+00:00,926,coinmastertrad1
1310509,15690,"⭐️$AIO/USDT  SHORT

🛡Leverage : Cross 25x50

‼️Ent....04733

Use only 3% - 5% amount of your portfolio🛍",d92c857e189ba9d4b56062ee00b35f62,2026-09-15T12:11:56+00:00,2026-09-15T13:34:58.488393+00:00,926,coinmastertrad1
1310501,15693,"#XPINUSDT — BUY (LONG) 
🎉
🟢 Leverage: Cross  50x75...Risk Management:
Use only 2%– 3%of your portfolio.",3b7f26dd3e379f97d95ae264affb2942,2026-09-15T12:11:56+00:00,2026-09-15T13:34:58.421471+00:00,926,coinmastertrad1
1310493,15688,"#POWERUSDT — BUY (LONG) 
🎉
🟢 Leverage: Cross  50x
...Risk Management:
Use only 2%– 3%of your portfolio.",4555de51edb515aeb9c79f6bc098e72b,2026-09-15T12:11:55+00:00,2026-09-15T13:34:58.192805+00:00,926,coinmastertrad1
1310461,15678,"#AVAAI/USDT LONG NOW 📉
🏠ENTRY: ( 0.010316 )",54131564e0223a2db49c25f9ab0ad238,2026-09-15T12:11:55+00:00,2026-09-15T13:34:45.493680+00:00,926,coinmastertrad1
1310425,15681,"🪙#AVAAI/USDT

🚩POSITION — LONG

🔒  LEVERAGE — 20X7...10650
TP🥉: 0.010990

⛔️ SL: 0.009350

🔥REACTIONS?😜",9a1af9c9cc88a285743174e76be4052f,2026-09-15T12:11:55+00:00,2026-09-15T13:34:45.237054+00:00,926,coinmastertrad1
1310455,15666,"⭐️$AIN/USDT  SHORT

🛡Leverage : Cross 25x50

‼️Ent....19074

Use only 3% - 5% amount of your portfolio🛍",5e203db389e02618a415a2973f51f26a,2026-09-15T12:10:59+00:00,2026-09-15T13:34:45.417714+00:00,926,coinmastertrad1
1310446,15664,"📊 Let’s SHORT #AIN/USDT

💥 Leverage:  Cross 20×  -...: 

1) 0.160
2) 0.155
3) 0.145

🔖 Stop Loss: 0.182",f8bde95e30a688c9796a9d8cd49534fe,2026-09-15T12:10:59+00:00,2026-09-15T13:34:45.377685+00:00,926,coinmastertrad1
1310439,15663,"#USUSDT — BUY (LONG) 
🎉
🟢 Leverage: Cross  50x75

...Risk Management:
Use only 2%– 3%of your portfolio.",b1015012deaf740dc9005bb5590e1085,2026-09-15T12:10:59+00:00,2026-09-15T13:34:45.350966+00:00,926,coinmastertrad1
1310449,15656,"💰#SENT/ USDT👑

💎Setup Type: Strong LONG  🔖Opportun...TP ➝ 0.02500

4️⃣TP ➝ 0.03500

🚫Stop Loss: 0.01000",53812d3109e365baf13fc04f13308e64,2026-09-15T12:10:58+00:00,2026-09-15T13:34:45.392875+00:00,926,coinmastertrad1
1310443,15655,"#POWER/ USDT — BUY (LONG) 
Leverage: Cross 25x – 5...T IS KEY
👉 Use ONLY 2 – 3% of your total portfolio",deb4de22688e8248d5a7be947831757d,2026-09-15T12:10:58+00:00,2026-09-15T13:34:45.366769+00:00,926,coinmastertrad1
1310430,15654,"#ONUSDT — BUY (LONG) 
🎉
🟢 Leverage: Cross  50x75

...Risk Management:
Use only 2%– 3%of your portfolio.",0ec57a25ee9a0f4dc1f66546f8ab9010,2026-09-15T12:10:58+00:00,2026-09-15T13:34:45.248689+00:00,926,coinmastertrad1
1338329,15775,"🚨 #FLOCK/USDT | SHORT 

⚡Leverage: Cross 20x

🎯Ent... follow the signal and secure profits at targets.💎",5511ada74fc55b35fe145e38b145741a,2026-09-15T20:20:07+00:00,2026-09-15T21:38:58.856603+00:00,926,coinmastertrad1
1338317,15777,"🚨 #CAKE/USDT | SHORT 

⚡Leverage: Cross 20x

🎯Entr... follow the signal and secure profits at targets.💎",79e8261601017f6977bb5ad9359bb9e9,2026-09-15T20:20:07+00:00,2026-09-15T21:38:58.805792+00:00,926,coinmastertrad1
1338314,15781,"🚨 #ZEC/USDT | LONG

⚡Leverage: Cross 20x

🎯Entry T... follow the signal and secure profits at targets.💎",192ef02b15ea26ac9391f6c66e90082a,2026-09-15T20:20:07+00:00,2026-09-15T21:38:58.788611+00:00,926,coinmastertrad1
1338304,15780,"📊 $BTC HTF Update

This update is for the spot buy...nt, and let the market do the work.

Easy? Fire. 🔥",b5191df16f221a52bc08eee92bbbc38d,2026-09-15T20:20:07+00:00,2026-09-15T21:38:58.695894+00:00,926,coinmastertrad1
1338302,15770,"💰#AKE/ USDT👑

💎Setup Type: Strong LONG  🔖Opportuni...➝ 0.027000

4️⃣TP ➝ 0.035000

🚫Stop Loss: 0.021000",1c870ccac35fc0ae82a157f3b790c679,2026-09-15T20:20:06+00:00,2026-09-15T21:38:58.631193+00:00,926,coinmastertrad1
1338298,15769,"💰#BTW/ USDT👑

💎Setup Type: Strong LONG  🔖Opportuni...TP ➝ 1.15000

4️⃣TP ➝ 1.34000

🚫Stop Loss: 0.53000",69cec9d23a873717d6c71835c6f4ddec,2026-09-15T20:20:06+00:00,2026-09-15T21:38:58.599623+00:00,926,coinmastertrad1
1349901,15867,"#LSK/USDT SHORT NOW 📉
🏠ENTRY: ( 0.40588 )",686e42d1fc4c9b33fbe2533e9ce76418,2026-09-16T04:36:19+00:00,2026-09-16T05:55:55.006747+00:00,926,coinmastertrad1
1349897,15868,"🪙#LSK/USDT

🚩POSITION — SHORT

🔒  LEVERAGE — 20X75... 0.39500
TP🥈: 0.38000
TP🥉: 0.35600

⛔️ SL: 0.46000",3a4c03692107b704b94f9b227fbae30b,2026-09-16T04:36:19+00:00,2026-09-16T05:55:55.002816+00:00,926,coinmastertrad1
1352406,15895,"#POWER/USDT SHORT   

👉Leverage : Cross 10× To 30×...t

1)  0.126
2)  0.117
3)  0.103

⭕Stoploss : 0.14",130a585590a3c3d0967ef8c0c67f669c,2026-09-16T06:31:27+00:00,2026-09-16T07:21:53.233042+00:00,926,coinmastertrad1
1352399,15894,"#MARSCOIN/USDT LONG   

👉Leverage : Cross 10× To 3...

1)  0.101
2)  0.104
3)  0.110

⭕Stoploss : 0.095",c9c7648be606f6eac8e3c407a8454951,2026-09-16T06:31:27+00:00,2026-09-16T07:21:53.220408+00:00,926,coinmastertrad1
1352376,15872,"#LSKUSDT — BUY (LONG) 
🎉
🟢 Leverage: Cross  50x75
...Risk Management:
Use only 2%– 3%of your portfolio.",0167316de4ab2bc5270291995995237e,2026-09-16T06:29:31+00:00,2026-09-16T07:21:52.770039+00:00,926,coinmastertrad1
1354213,15911,"📊 Let’s SHORT #SYN/USDT

💥 Leverage:  Cross 20×  -...: 

1) 0.135
2) 0.126
3) 0.114

🔖 Stop Loss: 0.156",6467b9db90400b1346f46a92c6cacb2e,2026-09-16T07:42:23+00:00,2026-09-16T08:52:15.432225+00:00,926,coinmastertrad1
1356369,15918,"#LSK/ USDT — BUY (LONG) 
Leverage: Cross 25x – 50x...T IS KEY
👉 Use ONLY 2 – 3% of your total portfolio",34fbad4e11036c6e660e1367aa06afba,2026-09-16T09:30:49+00:00,2026-09-16T11:21:18.499072+00:00,926,coinmastertrad1
1356366,15916,"#SYN/USDT SHORT   

👉Leverage : Cross 10× To 30×

...

1)  0.180
2)  0.170
3)  0.160

⭕Stoploss : 0.196",6d24dbcf14cf7d40ba905d325da25c9f,2026-09-16T09:30:48+00:00,2026-09-16T11:21:18.483318+00:00,926,coinmastertrad1
1356365,15914,"⭐️$HEMI/USDT  SHORT

🛡Leverage : Cross 25x50

‼️En...007227

Use only 3% - 5% amount of your portfolio🛍",812cf40dab7dc8863af4e2ceffe0dbf4,2026-09-16T09:30:48+00:00,2026-09-16T11:21:18.463996+00:00,926,coinmastertrad1
1359086,15985,"#SYN/ USDT — BUY (LONG) 
Leverage: Cross 25x – 50x...T IS KEY
👉 Use ONLY 2 – 3% of your total portfolio",fab184754d284d209bd9dc0036141461,2026-09-16T11:55:20+00:00,2026-09-16T13:36:41.835563+00:00,926,coinmastertrad1
1359102,15981,"Long #LSK 50x 0.6550

Tp: 0.6800",bfc0994ce679dc2dc30621abac13cad8,2026-09-16T11:52:08+00:00,2026-09-16T13:36:41.909041+00:00,926,coinmastertrad1
1359096,15976,"🚨 #UNI/USDT | LONG 

⚡Leverage: Cross 25x

🎯Entry ... follow the signal and secure profits at targets.💎",0e8e0ffebf240a723577dc8200c52e2e,2026-09-16T11:51:51+00:00,2026-09-16T13:36:41.892212+00:00,926,coinmastertrad1
1359106,15975,"📊 Let’s SHORT #ADA/USDT

💥 Leverage:  Cross 20×  -...1) 0.1890
2) 0.1820
3) 0.1740

🔖 Stop Loss: 0.2000",eae183e64a049ba7a9469ea08d96009c,2026-09-16T11:51:09+00:00,2026-09-16T13:36:41.918526+00:00,926,coinmastertrad1
1359104,15973,"Long #BR 50x 0.4700

Tp: 0.4900",d9b05eacb610d55301f1a96159516305,2026-09-16T11:51:09+00:00,2026-09-16T13:36:41.913323+00:00,926,coinmastertrad1
1359103,15971,"📊 Let’s SHORT #AKE/USDT

💥 Leverage:  Cross 20×  -...1) 0.0325
2) 0.0350
3) 0.0385

🔖 Stop Loss: 0.0240",88d4d81f7e77dda79f908cd8dfa3d2b6,2026-09-16T11:51:09+00:00,2026-09-16T13:36:41.909815+00:00,926,coinmastertrad1
1359098,15968,LSKUSDT LONG NOW,07887acd90ec447520841ce4b3124c9c,2026-09-16T11:51:09+00:00,2026-09-16T13:36:41.894403+00:00,926,coinmastertrad1
1359089,15970,"#LSKUSDT — BUY (LONG) 
🎉
🟢 Leverage: Cross  50x

⚡...00
TP3: 0.68000
TP4: 0.80000

⛔️Stop Loss: 0.50000",18e513f7a23918d99de08570b82491aa,2026-09-16T11:51:09+00:00,2026-09-16T13:36:41.855691+00:00,926,coinmastertrad1
1359083,15965,"🚨 #ETH/USDT | LONG 

⚡Leverage: Cross 20-200x

🎯En... follow the signal and secure profits at targets.💎",2a71455da774063dd07657286e142e7b,2026-09-16T11:50:45+00:00,2026-09-16T13:36:41.825363+00:00,926,coinmastertrad1
1359072,15954,"🪙#BR/USDT

🚩POSITION — LONG

🔒  LEVERAGE — 20X75

...0.25800
TP🥉: 0.26700

⛔️ SL: 0.23000

🔥REACTIONS?😜",64515c7ff57f43a478966d088232b378,2026-09-16T11:50:11+00:00,2026-09-16T13:36:41.710688+00:00,926,coinmastertrad1
1359068,15951,"💰#LSK/ USDT👑

💎Setup Type: Strong LONG  🔖Opportuni...TP ➝ 0.65000

4️⃣TP ➝ 0.80000

🚫Stop Loss: 0.42000",bef51718e0488a9be6974f5480449bf0,2026-09-16T11:49:43+00:00,2026-09-16T13:36:41.614527+00:00,926,coinmastertrad1
1359074,15946,"$XRP 4-H UPDATE 🔄

BUYING AREA: 1.2300 - 1.1800🔼

...WAIT FOR PROPER CONFIRMATION AND OUR BUYING ZONE 👀",f642917bcfca09f569783103da59ebb3,2026-09-16T11:49:42+00:00,2026-09-16T13:36:41.748575+00:00,926,coinmastertrad1
1359066,15949,"📊 Let’s SHORT #AKE/USDT

💥 Leverage:  Cross 20×  -... 

1) 0.028
2) 0.027
3) 0.026

🔖 Stop Loss: 0.0306",b61a585eeffa0f0c90c06e8c9370cd94,2026-09-16T11:49:42+00:00,2026-09-16T13:36:41.562217+00:00,926,coinmastertrad1
1359081,15941,"#BR/USDT LONG NOW 📉
🏠ENTRY: ( 0.25018 )",b369d4b147e9cb4efae0be7794bd16a5,2026-09-16T11:48:58+00:00,2026-09-16T13:36:41.816064+00:00,926,coinmastertrad1
1362865,16024,"#GLM/USDT SHORT NOW 📉
🏠ENTRY: ( 0.11000 )",a61e88224ec923134fdc1917f1063ff7,2026-09-16T15:12:30+00:00,2026-09-16T15:28:05.559115+00:00,926,coinmastertrad1
1362849,16026,"🚨 #BR/USDT | SHORT 

⚡Leverage: Cross 20x

🎯Entry ... follow the signal and secure profits at targets.💎",6d93e228bde4df39d05c27ea47735618,2026-09-16T15:12:30+00:00,2026-09-16T15:28:05.447902+00:00,926,coinmastertrad1
1362843,16025,"☄️ VIP PREMIUM GROUP ☄️

 🪙#GLM/USDT

🚩POSITION — ...0.10450
TP🥉: 0.09880

⛔️ SL: 0.12300

🔥REACTIONS?😜",d679ef551c0feac019d78117dc448872,2026-09-16T15:12:30+00:00,2026-09-16T15:28:05.365015+00:00,926,coinmastertrad1
1362848,16006,"⭐️$HEI/USDT  LONG

🛡Leverage : Cross 25x50

‼️Entr....12360

Use only 3% - 5% amount of your portfolio🛍",e7ae8cfa39b4c01049445e9f031bcc5c,2026-09-16T15:10:12+00:00,2026-09-16T15:28:05.425167+00:00,926,coinmastertrad1
1362838,15994,"💰#SYN/ USDT👑

💎Setup Type: Strong LONG  🔖Opportuni...

🥉TP ➝ 0.2700

4️⃣TP ➝ 0.3500

🚫Stop Loss: 0.1700",646ced3345a7b6db674cb9132ddfe5d4,2026-09-16T13:37:42+00:00,2026-09-16T15:28:05.118118+00:00,926,coinmastertrad1
1362839,15990,"⭐️$ARB/USDT  LONG

🛡Leverage : Cross 25x50

‼️Entr....15350

Use only 3% - 5% amount of your portfolio🛍",264b80f75fc3a819350d269cfda3bc71,2026-09-16T13:37:13+00:00,2026-09-16T15:28:05.119368+00:00,926,coinmastertrad1
1366434,16075,"🚨 #LSK/USDT | SHORT 

⚡Leverage: Cross 20x

🎯Entry... follow the signal and secure profits at targets.💎",77de6d866e5a8666d478a9d994ec8903,2026-09-16T16:57:09+00:00,2026-09-16T18:30:53.308689+00:00,926,coinmastertrad1
1366416,16058,"#LSK/USDT LONG NOW 📉
🏠ENTRY: ( 0.77670)",0519636022c180e756aec2e09b602bd2,2026-09-16T16:56:08+00:00,2026-09-16T18:30:53.170584+00:00,926,coinmastertrad1
1366418,16055,"Long #LSK 50x 0.7200

Tp: 0.7400",e433ead8ecc79634a0c0599d2e800fc9,2026-09-16T16:14:24+00:00,2026-09-16T18:30:53.184209+00:00,926,coinmastertrad1
1380558,16098,"$ZEN Buying Setup:

Entry: CMp till 6.4
TP: 8$ 
SL...6.113

$ZEC making ATH next money will flow in ZEN",ea708971e83ba953202d4b86963c474b,2026-09-16T21:18:06+00:00,2026-09-16T21:38:33.122958+00:00,926,coinmastertrad1
1380557,16097,"📉 SHORT #LSK 50x

📌 Entry: 0.67800

🎯 TP: 0.6500

...t Usage: 1-3%
⚠️ According to your risk management",82ffc961cdb43ddfef3e7180ceafe02a,2026-09-16T20:19:57+00:00,2026-09-16T21:38:33.119409+00:00,926,coinmastertrad1
1380556,16096,Short #LSK 50x 0.67800,70de4dab6d3205f00582a45f470991b2,2026-09-16T20:19:57+00:00,2026-09-16T21:38:33.025513+00:00,926,coinmastertrad1
1385899,16255,"⭐️$ONE/USDT  LONG

🛡Leverage : Cross 25x50

‼️Entr...008622

Use only 3% - 5% amount of your portfolio🛍",df62639b6d85e7ba3fe9280a3f7df75a,2026-09-17T12:40:04+00:00,2026-09-17T13:58:19.645962+00:00,926,coinmastertrad1
1385906,16254,ONEUSDT LONG NOW,7e6af733c9a8e38a5150db3d8fc179c1,2026-09-17T12:39:37+00:00,2026-09-17T13:58:19.668741+00:00,926,coinmastertrad1
1385901,16250,"#ONE/ USDT — BUY (LONG) 
Leverage: Cross 25x – 50x...T IS KEY
👉 Use ONLY 2 – 3% of your total portfolio",8b5400dabc3a7b0f4536eb4e6649e5af,2026-09-17T12:35:53+00:00,2026-09-17T13:58:19.648902+00:00,926,coinmastertrad1
1385889,16244,"📊 Let’s LONG #GENIUS/USDT

💥 Leverage:  Cross 20× ...gets: 

1) 0.44
2) 0.46
3) 0.48

🔖 Stop Loss: 0.39",3301793d61da0895ea6c03ba4283e3c8,2026-09-17T12:07:37+00:00,2026-09-17T13:58:19.609116+00:00,926,coinmastertrad1
1385882,16224,"#AVA LONG

0.2850",ffbbd81261caa88d8e5e35373e0c7840,2026-09-17T11:40:24+00:00,2026-09-17T13:58:19.514226+00:00,926,coinmastertrad1
1385877,16226,"📉 SHORT #LSK 50x

📌 Entry: 0.45500

🎯 TP: 0.4300

...t Usage: 1-3%
⚠️ According to your risk management",fd285c324c88f85ec13d58dbaa4d1e08,2026-09-17T11:40:24+00:00,2026-09-17T13:58:19.191144+00:00,926,coinmastertrad1
1385875,16215,"#SKRUSDT — BUY (LONG) 
🎉
🟢 Leverage: Cross  50x75
...Risk Management:
Use only 2%– 3%of your portfolio.",086265754b65cefad3711b704f35177b,2026-09-17T11:39:17+00:00,2026-09-17T13:58:19.127558+00:00,926,coinmastertrad1
1385878,16212,"📊 Let’s LONG #NEAR/USDT

💥 Leverage:  Cross 20×  -...gets: 

1) 2.85
2) 2.95
3) 3.10

🔖 Stop Loss: 2.65",ee0c2da211971d38da7d89514ec93212,2026-09-17T09:56:33+00:00,2026-09-17T13:58:19.293982+00:00,926,coinmastertrad1
1385762,16204,"VIP PREMIUM GROUP 

💰#BR/ USDT👑

💎Setup Type: Stro...TP ➝ 0.50000

4️⃣TP ➝ 0.45000

🚫Stop Loss: 0.68000",907b246d1b44b0c455e6a5046adca4e4,2026-09-17T09:56:09+00:00,2026-09-17T13:58:04.878584+00:00,926,coinmastertrad1
1385747,16201,"#ON/USDT SHORT NOW 📉
🏠ENTRY: ( 0.1501)",a2a9528473f01d11cfb18bad6796bb43,2026-09-17T09:56:09+00:00,2026-09-17T13:58:04.762402+00:00,926,coinmastertrad1
1385734,16194,"$HYPE Buying Setup:

Entry: CMP Till 77.2
TP: 89$
SL: 75$

Stup looks ready to me",6f4509043d84a72ac4fdfe30b4b6172d,2026-09-17T09:56:09+00:00,2026-09-17T13:58:04.649340+00:00,926,coinmastertrad1
1385731,16200,"$ENA Buying Setup:

Entry: CMP till 1470
TP: 1896
...e but this time my all framework aligning let's go",c7e593509203f7207b3cde7b7dd9cee5,2026-09-17T09:56:09+00:00,2026-09-17T13:58:04.638612+00:00,926,coinmastertrad1
1385714,16203,"☄️ VIP PREMIUM GROUP ☄️

 🪙#ON/USDT

🚩POSITION — S...🥈: 0.1425
TP🥉: 0.1350

⛔️ SL: 0.1700

🔥REACTIONS?😜",1e5d94dfdf6a779aa75bc756c228a805,2026-09-17T09:56:09+00:00,2026-09-17T13:58:04.529761+00:00,926,coinmastertrad1
1385769,16190,"🪙#BR/USDT

🚩POSITION — SHORT

🔒  LEVERAGE — 20X75
...0.56800
TP🥉: 0.54800

⛔️ SL: 0.62000

🔥REACTIONS?😜",f574736a979be08c9632616aa1b4f1e1,2026-09-17T09:20:51+00:00,2026-09-17T13:58:04.902403+00:00,926,coinmastertrad1
1385736,16188,"#BR/USDT SHORT NOW 📉
🏠ENTRY: ( 0.58775)",20b65b94172beac43e85c7d8fb7fc766,2026-09-17T09:20:51+00:00,2026-09-17T13:58:04.656202+00:00,926,coinmastertrad1
1385732,16187,"⭐️$ONE/USDT  SHORT

🛡Leverage : Cross 25x50

‼️Ent...013296

Use only 3% - 5% amount of your portfolio🛍",e0da0bc7f3841adea0e25476d85c8de0,2026-09-17T08:45:35+00:00,2026-09-17T13:58:04.640643+00:00,926,coinmastertrad1
1385770,16181,"⭐️$ONE/USDT  LONG 

🛡Leverage : Cross 25x50

‼️Ent...009547

Use only 3% - 5% amount of your portfolio🛍",1ae88e170d145a1d04c645f28abad055,2026-09-17T07:49:37+00:00,2026-09-17T13:58:04.903751+00:00,926,coinmastertrad1
1385742,16180,ONEUSDT LONG NOW,7e6af733c9a8e38a5150db3d8fc179c1,2026-09-17T07:49:37+00:00,2026-09-17T13:58:04.677746+00:00,926,coinmastertrad1
1385712,16173,"📊 Let’s LONG #AVA/USDT

💥 Leverage:  Cross 20×  - ...s: 

1) 0.247
2) 0.259
3) 0.280

🔖 Stop Loss: 0.21",f17815c5022d898a33239e3cf3ae976e,2026-09-17T07:49:37+00:00,2026-09-17T13:58:04.518396+00:00,926,coinmastertrad1
1385746,16124,"#UAIUSDT — BUY (LONG) 
🎉
🟢 Leverage: Cross  50x75
...Risk Management:
Use only 2%– 3%of your portfolio.",1441c061fcb7d885703739d295ad97cf,2026-09-17T05:30:53+00:00,2026-09-17T13:58:04.753585+00:00,926,coinmastertrad1
1394243,16283,"📊 Let’s LONG #LSK/USDT

💥 Leverage:  Cross 20×  - ...1) 0.4982
2) 0.5140
3) 0.5410

🔖 Stop Loss: 0.4482",53ecd3a11a7aef2e901f059243fe50a6,2026-09-17T14:17:16+00:00,2026-09-17T15:56:02.683144+00:00,926,coinmastertrad1
1394251,16281,"🚨 #SOL/USDT | SHORT

⚡Leverage: Cross 100X

🎯Entry... follow the signal and secure profits at targets.💎",c2bdee80c1c4151aeee9e9688c248a22,2026-09-17T14:16:50+00:00,2026-09-17T15:56:02.711491+00:00,926,coinmastertrad1
1394244,16280,"🚨 #LIT/USDT | LONG 

⚡Leverage: Cross 20X

🎯Entry ... follow the signal and secure profits at targets.💎",56fe5b886a650350d92a041f8530fd03,2026-09-17T14:16:50+00:00,2026-09-17T15:56:02.688205+00:00,926,coinmastertrad1
1394240,16279,"💥VIP PREMIUM GROUP💥

#ONE USDT — BUY (LONG) 
🎉
🟢 L...Risk Management:
Use only 2%– 3%of your portfolio.",ef27c24d87d8fa7cf7ebb07f244b0be3,2026-09-17T14:16:50+00:00,2026-09-17T15:56:02.674258+00:00,926,coinmastertrad1
1394255,16271,"#AVA LONG

0.2850",ffbbd81261caa88d8e5e35373e0c7840,2026-09-17T14:16:49+00:00,2026-09-17T15:56:02.728432+00:00,926,coinmastertrad1
1394242,16272,"VIP PREMIUM GROUP

💰#AVA/ USDT👑

💎Setup Type: Stro...

🥉TP ➝ 0.3300

4️⃣TP ➝ 0.3700

🚫Stop Loss: 0.2400",2bffe35cc1bdc0dfb2a41bee4a16bc9c,2026-09-17T14:16:49+00:00,2026-09-17T15:56:02.680661+00:00,926,coinmastertrad1
1399018,16310,"#COTI LONG 0.02014

Tp 0.02056",ae5d132b7305c7576679479826a0e862,2026-09-17T19:00:36+00:00,2026-09-17T20:42:23.293346+00:00,926,coinmastertrad1
1399008,16311,"📊 Let’s LONG #COTI/USDT

💥 Leverage:  Cross 20×  -...1) 0.0205
2) 0.0213
3) 0.0227

🔖 Stop Loss: 0.0189",1e44de182125422c8a0e91262f9cc053,2026-09-17T19:00:36+00:00,2026-09-17T20:42:23.243146+00:00,926,coinmastertrad1
1398996,16293,"🚨 #ZEC/USDT | LONG

⚡Leverage: Cross 20x

🎯Entry T... follow the signal and secure profits at targets.💎",5b745695af9e64eb384f5f8c0ee29153,2026-09-17T18:59:55+00:00,2026-09-17T20:42:23.005042+00:00,926,coinmastertrad1
1409358,16435,"📊 Let’s LONG #PROM/USDT

💥 Leverage:  Cross 20×  -...1) 5.7200
2) 5.8180
3) 5.9650

🔖 Stop Loss: 5.3750",9788194807c4c5027f8962240f872cae,2026-09-18T06:17:24+00:00,2026-09-18T06:26:56.747268+00:00,926,coinmastertrad1
1414236,16453,"#ONE / USDT — BUY (LONG) 
Leverage: Cross 25x – 50...T IS KEY
👉 Use ONLY 2 – 3% of your total portfolio",b6048b71981105051c52fea5c50c79f2,2026-09-18T06:41:07+00:00,2026-09-18T08:19:46.597409+00:00,926,coinmastertrad1
1422463,16508,"📊 Let’s SHORT #AR/USDT

💥 Leverage:  Cross 20×  - ...s: 

1) 3.097
2) 2.975
3) 2.862

🔖 Stop Loss: 3.34",39c54d684d85b7cf7ea46cfffc03af4d,2026-09-18T11:34:27+00:00,2026-09-18T12:25:02.621474+00:00,926,coinmastertrad1
1422449,16507,"#ETHFI USDT — BUY (LONG) 
🎉
🟢 Leverage: Cross  50x...️Stop Loss: 0.6000

🔽 Risk Management:

 REACTS !!",ebcbb1c323e7ad28df32dc0abf26666f,2026-09-18T11:34:27+00:00,2026-09-18T12:25:02.559178+00:00,926,coinmastertrad1
1422476,16491,"#ROBOUSDT — BUY (LONG) 
🎉
🟢 Leverage: Cross  50x

...Risk Management:
Use only 2%– 3%of your portfolio.",2f80f6ab82b3a2365e26a502516dac36,2026-09-18T11:34:26+00:00,2026-09-18T12:25:02.675916+00:00,926,coinmastertrad1
1422465,16494,"🪙#ETHFI/USDT

🚩POSITION — LONG

🔒  LEVERAGE — 20X7...🥈: 0.6910
TP🥉: 0.7120

⛔️ SL: 0.6020

🔥REACTIONS?😜",6f0e2e4ea20b9fa8eb23eb1e3b96fea7,2026-09-18T11:34:26+00:00,2026-09-18T12:25:02.622942+00:00,926,coinmastertrad1
1422459,16484,"#ONE/USDT SHORT NOW 📉
🏠ENTRY: ( 0.0017144)",af189d1c4f7453e214809d0207a2d0ab,2026-09-18T11:34:26+00:00,2026-09-18T12:25:02.599961+00:00,926,coinmastertrad1
1422452,16493,"#ETHFI/USDT LONG NOW 📉
🏠ENTRY: ( 0.6689)",ea467442aca6eda0435c5d641a4b231d,2026-09-18T11:34:26+00:00,2026-09-18T12:25:02.577344+00:00,926,coinmastertrad1
1422450,16488,"💰#ETHFI/ USDT👑

💎Setup Type: Strong LONG  🔖Opportu...00

4️⃣TP ➝ 0.9000

🚫Stop Loss: 0.5800


REACTS !!",75e331891e192dee1f977eb366cec8b6,2026-09-18T11:34:26+00:00,2026-09-18T12:25:02.565026+00:00,926,coinmastertrad1
1422438,16487,"💰#G/ USDT👑

💎Setup Type: Strong LONG  🔖Opportunity...➝ 0.009000

4️⃣TP ➝ 0.009700

🚫Stop Loss: 0.007200",21a2bb7de032010b37a3ba81a80e3daf,2026-09-18T11:34:26+00:00,2026-09-18T12:25:02.403466+00:00,926,coinmastertrad1
1422437,16500,"Long #BANK 50x 0.03020

Tp: 0.03070",38f0556e5f81701a85918c5708ae4801,2026-09-18T11:34:26+00:00,2026-09-18T12:25:02.394982+00:00,926,coinmastertrad1
1422433,16485,"☄️ 🪙#ONE/USDT

🚩POSITION — SHORT

🔒  LEVERAGE — 20...100
TP🥉: 0.0015200

⛔️ SL: 0.0018900

🔥REACTIONS?😜",77ca7776d073ea9dd40a0c207433c932,2026-09-18T11:34:26+00:00,2026-09-18T12:25:02.334047+00:00,926,coinmastertrad1
1422425,16490,"#ARXUSDT — BUY (LONG) 
🎉
🟢 Leverage: Cross  50x

⚡...Risk Management:
Use only 2%– 3%of your portfolio.",971eac19f76c692b1a3234f7489eddc0,2026-09-18T11:34:26+00:00,2026-09-18T12:25:02.254713+00:00,926,coinmastertrad1
1422442,16472,"🚨 #ETHFI/USDT | LONG

⚡Leverage: Cross 20x

🎯Entry... follow the signal and secure profits at targets.💎",0ccc6fbddb8ae02f481c6f54a7b66fe2,2026-09-18T11:32:08+00:00,2026-09-18T12:25:02.467018+00:00,926,coinmastertrad1
1422441,16473,"🚨 #ETH/USDT | LONG 

⚡Leverage: Cross 20-200x

🎯En... follow the signal and secure profits at targets.💎",f3a25be458840df30e28036d8c735dd8,2026-09-18T11:32:08+00:00,2026-09-18T12:25:02.459834+00:00,926,coinmastertrad1
1422428,16479,"⭐️$G/USDT  LONG 

🛡Leverage : Cross 25x50

‼️Entry...005792

Use only 3% - 5% amount of your portfolio🛍",5e918baabc16baa1475506f70516bb1b,2026-09-18T11:32:08+00:00,2026-09-18T12:25:02.278977+00:00,926,coinmastertrad1
1422427,16471,"🚨 #ARB/USDT | LONG

⚡Leverage: Cross 20x

🎯Entry T... follow the signal and secure profits at targets.💎",39a1226d10482ff64d9a49e68e92be7c,2026-09-18T11:32:08+00:00,2026-09-18T12:25:02.265620+00:00,926,coinmastertrad1
1422424,16462,"📊 Let’s LONG #G/USDT

💥 Leverage:  Cross 20×  - 

...1) 0.0069
2) 0.0071
3) 0.0073

🔖 Stop Loss: 0.0064",42edde19313d30080d688c9f19025211,2026-09-18T11:28:25+00:00,2026-09-18T12:25:02.249771+00:00,926,coinmastertrad1
1422421,16464,"#DRIFT/ USDT — BUY (LONG) 
Leverage: Cross 25x – 5...T IS KEY
👉 Use ONLY 2 – 3% of your total portfolio",d9bd0fa6279ff25969e8fc820dabee53,2026-09-18T11:28:25+00:00,2026-09-18T12:25:02.076779+00:00,926,coinmastertrad1
1422418,16458,"$TIA buying Setup:

Entry; CMp till 0.3632
TP: 0.48
SL: 0.3453

Another high probability setup",a5810f4b9af1e91040061313189a53ee,2026-09-18T11:27:17+00:00,2026-09-18T12:25:01.928129+00:00,926,coinmastertrad1
1422415,16455,"🚨 #HYPE/USDT | LONG

⚡Leverage: Cross 20x

🎯Entry ... follow the signal and secure profits at targets.💎",35f9bc1b094a3e0c74956c160cc92dea,2026-09-18T11:27:17+00:00,2026-09-18T12:25:01.654913+00:00,926,coinmastertrad1
1428896,16592,"#BR/ USDT — BUY (LONG) 
Leverage: Cross 25x – 50x
...T IS KEY
👉 Use ONLY 2 – 3% of your total portfolio",7381eba90e458b4e9ea879bd10a17be8,2026-09-18T16:07:55+00:00,2026-09-18T16:13:02.465843+00:00,926,coinmastertrad1
1428905,16574,"#METUSDT — BUY (LONG) 
🎉
🟢 Leverage: Cross  50x

⚡...⛔️Stop Loss: 0.2355

🔽 Risk Management'
 REACTS !!",e86d5ae394b942619ef42c664ca1dad0,2026-09-18T16:02:41+00:00,2026-09-18T16:13:02.534640+00:00,926,coinmastertrad1
1428907,16560,"$SOL LONG ⚡️

LEVERAGE 20-100X💎

ENTER NOW : 109🔼

TARGET: (112-115-118-121)🔥

STOPLOSS: (102.00)",3551c7252f2dd1f406c5bcc773b8d437,2026-09-18T16:02:02+00:00,2026-09-18T16:13:02.539018+00:00,926,coinmastertrad1
1428879,16541,"🚨 #UNI/USDT | LONG 

⚡Leverage: Cross 25x

🎯Entry ... follow the signal and secure profits at targets.💎",8ceaf343fbd9f6ac6b01585249a5ca75,2026-09-18T16:00:26+00:00,2026-09-18T16:13:02.350412+00:00,926,coinmastertrad1
1428853,16527,"⭐️$MYX/USDT  LONG 

🛡Leverage : Cross 25x50

‼️Ent....07266

Use only 3% - 5% amount of your portfolio🛍",5cdacf38ca87442a6371a22278ea80ae,2026-09-18T15:58:58+00:00,2026-09-18T16:13:02.018813+00:00,926,coinmastertrad1
1428848,16525,"⭐️$G/USDT  LONG 

🛡Leverage : Cross 25x50

‼️Entry...006712

Use only 3% - 5% amount of your portfolio🛍",bac5fee84d7355883246aeb096492413,2026-09-18T15:58:58+00:00,2026-09-18T16:13:01.659304+00:00,926,coinmastertrad1
1448484,16842,"☄️ VIP PREMIUM GROUP ☄️

 🪙#4/USDT

🚩POSITION — SH...0.02400
TP🥉: 0.02315

⛔️ SL: 0.02730

🔥REACTIONS?😜",f668e2973f050dc531501f32574d3aa4,2026-09-19T16:31:20+00:00,2026-09-20T01:31:12.384103+00:00,926,coinmastertrad1
1448479,16841,"#4/USDT SHORT NOW 📉
🏠ENTRY: ( 0.02481)",fa49e532dbe6aa834f2f9e0235b1a637,2026-09-19T16:31:20+00:00,2026-09-20T01:31:12.371443+00:00,926,coinmastertrad1
1448477,16846,"💰#FLUID/ USDT👑

💎Setup Type: Strong SHORT  🔖Opport...370

🥉TP ➝ 1.500

4️⃣TP ➝ 1.800

🚫Stop Loss: 1.090",fbe80b8fb2c298b43378948d198dc8b4,2026-09-19T16:31:20+00:00,2026-09-20T01:31:12.369353+00:00,926,coinmastertrad1
1448440,16850,"💰#AKE / USDT👑

💎Setup Type: Strong LONG  🔖Opportun...➝ 0.075000

4️⃣TP ➝ 0.090000

🚫Stop Loss: 0.044000",954d052140a113e01203afd03e364179,2026-09-19T16:31:20+00:00,2026-09-20T01:31:12.236074+00:00,926,coinmastertrad1
1448475,16826,"#ONE  / USDT — BUY (LONG) 
Leverage: Cross 25x – 5...T IS KEY
👉 Use ONLY 2 – 3% of your total portfolio",9526af13036cf4268df81571c25419b2,2026-09-19T16:30:00+00:00,2026-09-20T01:31:12.366581+00:00,926,coinmastertrad1
1448468,16821,"🪙#CAP/USDT

🚩POSITION — SHORT

🔒  LEVERAGE — 20X75...0.06050
TP🥉: 0.05600

⛔️ SL: 0.07500

🔥REACTIONS?😜",0c7de143b26aea88e7a0eeecc229e9dd,2026-09-19T16:30:00+00:00,2026-09-20T01:31:12.339962+00:00,926,coinmastertrad1
1448455,16824,"📊 Let’s LONG #POWER/USDT

💥 Leverage:  Cross 20×  ... 

1) 0.132
2) 0.137
3) 0.143

🔖 Stop Loss: 0.1206",b6de4a75e5a17b178df619e81fbfd325,2026-09-19T16:30:00+00:00,2026-09-20T01:31:12.307524+00:00,926,coinmastertrad1
1448437,16784,"⭐️$MYX/USDT  LONG 

🛡Leverage : Cross 25x50

‼️Ent....08174

Use only 3% - 5% amount of your portfolio🛍",6013eb20f768cbc587142b91cb3a3e18,2026-09-19T16:28:35+00:00,2026-09-20T01:31:12.227518+00:00,926,coinmastertrad1
1448412,16783,"⭐️$ZAMA/USDT  SHORT 

🛡Leverage : Cross 25x50

‼️E....08917

Use only 3% - 5% amount of your portfolio🛍",88e5e5d56f372bed11ce2d970b545043,2026-09-19T16:28:35+00:00,2026-09-20T01:31:12.078459+00:00,926,coinmastertrad1
1448402,16781,ZAMAUSDT SHORT NOW,3618c72e6cc7b6d283a758a95385e25d,2026-09-19T16:28:35+00:00,2026-09-20T01:31:11.198636+00:00,926,coinmastertrad1
1448396,16776,"⭐️$AKE/USDT  LONG 

🛡Leverage : Cross 25x50

‼️Ent...052190

Use only 3% - 5% amount of your portfolio🛍",643d5bdc3a29d8d273c0fd659baa95aa,2026-09-19T09:24:24+00:00,2026-09-20T01:31:11.060513+00:00,926,coinmastertrad1
1448404,16772,"$APT Buying Setup:

Entry: CMP till 0.675
TP: 0.9 ...m my side as $OTHERS at resistance and its weekend",8510d0e981272de3409e70d6d7ba65cd,2026-09-19T09:05:01+00:00,2026-09-20T01:31:11.645765+00:00,926,coinmastertrad1
1448430,16770,"#AKEUSDT — BUY (LONG) 
🎉
🟢 Leverage: Cross  25x

⚡...top Loss: 0.044000

🔽 Risk Management:

 REACTS !!",ff3c6ea11b1f17272f2714f565cbe510,2026-09-19T08:58:39+00:00,2026-09-20T01:31:12.199543+00:00,926,coinmastertrad1
1448460,16760,"📊 Let’s LONG #AR/USDT

💥 Leverage:  Cross 20×  - 
...gets: 

1) 4.28
2) 4.44
3) 4.65

🔖 Stop Loss: 3.95",7bbc172f245e08a5068c0d314a9934c2,2026-09-19T08:16:03+00:00,2026-09-20T01:31:12.322392+00:00,926,coinmastertrad1
1448453,16765,"#AR / USDT — BUY (LONG) 
Leverage: Cross 25x – 50x...T IS KEY
👉 Use ONLY 2 – 3% of your total portfolio",61050660adf3707b0966b02a2b4cfe68,2026-09-19T08:16:03+00:00,2026-09-20T01:31:12.286927+00:00,926,coinmastertrad1
1448441,16762,"🪙#W/USDT

🚩POSITION — SHORT

🔒  LEVERAGE — 20X75

...10250
TP🥉: 0.009720

⛔️ SL: 0.012400

🔥REACTIONS?😜",294a6a14783070119e5f14f75b02a044,2026-09-19T08:16:03+00:00,2026-09-20T01:31:12.237590+00:00,926,coinmastertrad1
1448432,16764,AR long 4.19 tp 4.28,b09d734b8f4d7329fa6d92ade1848e02,2026-09-19T08:16:03+00:00,2026-09-20T01:31:12.209451+00:00,926,coinmastertrad1
1448418,16759,"⭐️$AKE/USDT  LONG 

🛡Leverage : Cross 25x50

‼️Ent...048108

Use only 3% - 5% amount of your portfolio🛍",3c7fbce79a3486cd72f74410f8d1d5b6,2026-09-19T08:16:03+00:00,2026-09-20T01:31:12.139141+00:00,926,coinmastertrad1
1448406,16761,"#W/USDT SHORT NOW 📉
🏠ENTRY: ( 0.010800)",d29231678dd61acaaa2c5ff7715fb900,2026-09-19T08:16:03+00:00,2026-09-20T01:31:11.732858+00:00,926,coinmastertrad1
1448376,16726,"#ONE / USDT — BUY (LONG) 
Leverage: Cross 25x – 50...T IS KEY
👉 Use ONLY 2 – 3% of your total portfolio",410240a89e3c03361d6c93cbea1179ac,2026-09-19T08:14:41+00:00,2026-09-20T01:30:58.954791+00:00,926,coinmastertrad1
1448356,16725,#ONE Long at 0.002354,7983d101c8e83b152e449e187876050b,2026-09-19T08:14:41+00:00,2026-09-20T01:30:58.900690+00:00,926,coinmastertrad1
1448350,16728,"#AR / USDT — BUY (LONG) 
Leverage: Cross 25x – 50x...T IS KEY
👉 Use ONLY 2 – 3% of your total portfolio",8f7f9ad9770a63d0a646f1321b5816c3,2026-09-19T08:14:41+00:00,2026-09-20T01:30:58.888710+00:00,926,coinmastertrad1
1448323,16724,"#FLUIDUSDT — BUY (LONG) 
🎉
🟢 Leverage: Cross  50x
...⛔️Stop Loss: 1.260

🔽 Risk Management:

 REACTS !!",dee736fcd43812a7999cc783c424f7a0,2026-09-19T04:23:06+00:00,2026-09-20T01:30:58.239548+00:00,926,coinmastertrad1
1466621,17025,"$ETH buying Setup

Entry : CMp only 
TP: 2760
SL: 2546 

High RR low risk trade only 1% SL let’s see",4208d3bef3969bdff011602898bad493,2026-09-20T16:56:35+00:00,2026-09-20T20:25:47.569225+00:00,926,coinmastertrad1
1466566,16996,"Long #AKE 50x 0.05500

Tp: 0.05700",5d0c4703ef56f0e8239665ec0a87c7b1,2026-09-20T15:07:11+00:00,2026-09-20T20:25:42.376162+00:00,926,coinmastertrad1
1466593,16980,"#C/USDT

📈Signal: short Leverage: Cross 20X

⚡️Ent...even after TP1 is hit.

📣Trade Smart • Follow Risk",5f6296238c907d0997b078a407859c26,2026-09-20T15:06:32+00:00,2026-09-20T20:25:45.602586+00:00,926,coinmastertrad1
1466578,16978,"Long #CUSDT 0.07960

Tp 0.08185",5ab1e549b628e2f06d26122e7fca9aa8,2026-09-20T15:06:32+00:00,2026-09-20T20:25:44.249743+00:00,926,coinmastertrad1
1466599,16976,"⌛#FIL/USDT  ( SHORT )

🍁 Leverage 👉 20X to 25X 

⛩...82 | 0.8779 | 0.8678 | 0.8583

🔕 Stoploss = 0.9449",b737f1e25a9ebad42db9a600feef8cf2,2026-09-20T15:05:58+00:00,2026-09-20T20:25:45.666106+00:00,926,coinmastertrad1
1466582,16973,"#ZAMAUSDT — BUY (LONG) 
🎉
🟢 Leverage: Cross  25x

...Stop Loss: 0.08470

🔽 Risk Management:

 REACTS !!",c116f980f481166d45e45a9cab982b63,2026-09-20T14:22:14+00:00,2026-09-20T20:25:44.800071+00:00,926,coinmastertrad1
1466446,16946,"#ZAMA/ USDT — BUY (LONG) 
Leverage: Cross 25x – 50...T IS KEY
👉 Use ONLY 2 – 3% of your total portfolio",ef9cc249ea532272de6e63b5e6821f83,2026-09-20T14:03:33+00:00,2026-09-20T20:25:01.388343+00:00,926,coinmastertrad1
1466409,16943,"⭐️#ZIL/USDT  SHORT

🛡Leverage : Cross 25x50

‼️Ent...0.0038

Use only 3% - 5% amount of your portfolio🛍",fde61c1ca61d3bca321dfce7ce90c9a1,2026-09-20T14:03:33+00:00,2026-09-20T20:25:01.262972+00:00,926,coinmastertrad1
1466447,16925,"#EPICUSDT — BUY (LONG) 
🎉
🟢 Leverage: Cross  25x

...️Stop Loss: 0.4580

🔽 Risk Management:

 REACTS !!",7aa87a8fdd95b413ba4114ebb50bcb43,2026-09-20T14:03:32+00:00,2026-09-20T20:25:01.390213+00:00,926,coinmastertrad1
1466443,16929,"⭐️#EVAA/USDT  LONG 

🛡Leverage : Cross 25x50

‼️En...: 0.62

Use only 3% - 5% amount of your portfolio🛍",3a17f1d93c71ec4f8543c4e4d007179d,2026-09-20T14:03:32+00:00,2026-09-20T20:25:01.373892+00:00,926,coinmastertrad1
1466413,16928,"⭐️#ZIL/USDT  SHORT

🛡Leverage : Cross 25x50

‼️Ent...0.0038

Use only 3% - 5% amount of your portfolio🛍",c32f10ce7c3e16bd2200a6a9ac889277,2026-09-20T14:03:32+00:00,2026-09-20T20:25:01.274496+00:00,926,coinmastertrad1
1466394,16927,ZILUSDT SHORT NOW,926fc074a7ab8d606e7d7f6832a5a5ae,2026-09-20T14:03:32+00:00,2026-09-20T20:25:00.669089+00:00,926,coinmastertrad1
1466448,16920,"🪙#ETHFI/USDT

🚩POSITION — SHORT

🔒  LEVERAGE — 20X...🥈: 0.6770
TP🥉: 0.6550

⛔️ SL: 0.7690

🔥REACTIONS?😜",635377f120838f991e0694778690b6b7,2026-09-20T12:15:35+00:00,2026-09-20T20:25:01.392920+00:00,926,coinmastertrad1
1466420,16919,"#ETHFI/USDT SHORT NOW 📉
🏠ENTRY: ( 0.7004)",8a3d05ecf8ac74a11498b1fb26f0e1be,2026-09-20T12:15:35+00:00,2026-09-20T20:25:01.297187+00:00,926,coinmastertrad1
1466383,16908,"💰#FIL / USDT👑

💎Setup Type: Strong LONG  🔖Opportun...

🥉TP ➝ 1.1300

4️⃣TP ➝ 1.2500

🚫Stop Loss: 0.8200",21bdcc4fe25082f9973646e90f559a96,2026-09-20T10:58:29+00:00,2026-09-20T20:24:59.758371+00:00,926,coinmastertrad1
1466454,16887,"LONG #AKE
tip 1 (0.1524)",c7e73370a011559f53dfa01d86fbfccd,2026-09-20T10:43:48+00:00,2026-09-20T20:25:01.461099+00:00,926,coinmastertrad1
1466452,16889,"⭐️$AKE/USDT  LONG 

🛡Leverage : Cross 25x50

‼️Ent...0.9864

Use only 3% - 5% amount of your portfolio🛍",d81b220b67927a0fd316b8e99fb92e3c,2026-09-20T10:43:48+00:00,2026-09-20T20:25:01.416729+00:00,926,coinmastertrad1
1466426,16884,"#G/USDT SHORT NOW 📉
🏠ENTRY: ( 0.007472)",6919c36f81dd73b65a1a49a1d3f15a7f,2026-09-20T10:43:47+00:00,2026-09-20T20:25:01.307608+00:00,926,coinmastertrad1
1466399,16885,"🪙#G/USDT

🚩POSITION — SHORT

🔒  LEVERAGE — 20X75

...07100
TP🥉: 0.006720

⛔️ SL: 0.008550

🔥REACTIONS?😜",9d37f0d4f5622255c4d4036dc02ff473,2026-09-20T10:43:47+00:00,2026-09-20T20:25:00.698322+00:00,926,coinmastertrad1
1466404,16876,"⭐️$FIL/USDT  LONG 

🛡Leverage : Cross 25x50

‼️Ent...0.9278

Use only 3% - 5% amount of your portfolio🛍",c23a1c2d9fd12da42d35b2bbe5615bf6,2026-09-20T06:37:24+00:00,2026-09-20T20:25:00.712712+00:00,926,coinmastertrad1
1466388,16875,"#STRKUSDT — BUY (LONG) 
🎉
🟢 Leverage: Cross  25x

...Stop Loss: 0.04240

🔽 Risk Management:

 REACTS !!",b3f7c8adc29a7996bea1d61948a21683,2026-09-20T06:37:12+00:00,2026-09-20T20:24:59.838884+00:00,926,coinmastertrad1
1466428,16864,"🚨 #ETH/USDT | LONG 

⚡Leverage: Cross 25x-200x

🎯E... follow the signal and secure profits at targets.💎",cec2a7d3ab9e77ef98b2a35a37af09e5,2026-09-19T20:09:00+00:00,2026-09-20T20:25:01.311152+00:00,926,coinmastertrad1
1466417,16866,"🚨 #ONE/USDT | LONG 

⚡Leverage: Cross 20x

🎯Entry ... follow the signal and secure profits at targets.💎",a552c308093bb2ea1ebb988ef3016d51,2026-09-19T20:09:00+00:00,2026-09-20T20:25:01.286963+00:00,926,coinmastertrad1
1483709,17098,"#ONE/USDT

📈Signal: long Leverage: Cross 20X

⚡️En...even after TP1 is hit.

📣Trade Smart • Follow Risk",a967edf787b36cfc37b4b50b5dc652fa,2026-09-21T03:54:47+00:00,2026-09-21T05:31:31.205572+00:00,926,coinmastertrad1
1483708,17097,"Long #ONE 0.0037

Tp 0.0038250",38762d6cd145ddd8739ae39a82390c85,2026-09-21T03:54:47+00:00,2026-09-21T05:31:31.176727+00:00,926,coinmastertrad1
1489167,17109,"#RUNEUSDT — BUY (LONG) 
🎉
🟢 Leverage: Cross  30x

...️Stop Loss: 0.5335

🔽 Risk Management:

 REACTS !!",9c68e2d54e59e4b396eff2df7c1a702d,2026-09-21T06:39:49+00:00,2026-09-21T07:33:23.019535+00:00,926,coinmastertrad1
1489158,17100,"💰#AKE / USDT👑

💎Setup Type: Strong SHORT  🔖Opportu...➝ 0.022000

4️⃣TP ➝ 0.015000

🚫Stop Loss: 0.045000",5a377f45c4770545d7433ccaf1956fc2,2026-09-21T06:38:57+00:00,2026-09-21T07:33:22.726816+00:00,926,coinmastertrad1
1492799,17137,"#FLOCK/USDT

📈Signal: short Leverage: Cross 20X

⚡...even after TP1 is hit.

📣Trade Smart • Follow Risk",b4f9f1ae69fd3f38358d0fbbab868afd,2026-09-21T09:22:21+00:00,2026-09-21T09:47:45.255009+00:00,926,coinmastertrad1
1492794,17132,"$APT Again Buying Setup

Entry: CMP till 0.718
TP:...ERS also breaking out that make our thesis perfect",a14b8a822d8d543132e035e60a57d032,2026-09-21T09:22:21+00:00,2026-09-21T09:47:45.058870+00:00,926,coinmastertrad1
1492793,17130,"🚨 📉 SHORT #ETH 200x

📌 Entry: 2,708

🎯 TP: 2,690

...t Usage: 1-3%
⚠️ According to your risk management",a5ebfcbeb4d2270ed03fcd2457326d1c,2026-09-21T09:20:34+00:00,2026-09-21T09:47:44.983096+00:00,926,coinmastertrad1
1492791,17129,"Short #ETH 200x 2,708",04500072487b48feb881b301a96be2a9,2026-09-21T09:20:34+00:00,2026-09-21T09:47:44.840111+00:00,926,coinmastertrad1
1492786,17123,"#ZETAUSDT — BUY (SHORT) 
🎉
🟢 Leverage: Cross  30x
...Stop Loss: 0.06845

🔽 Risk Management:

 REACTS !!",9a0f6d8ab4b5cd57e7ced760ba59f0a2,2026-09-21T08:30:49+00:00,2026-09-21T09:47:44.612800+00:00,926,coinmastertrad1
1492784,17121,"↗️ LONG #SAGA 50x

📌 Entry: 0.03650

🎯 TP: 0.03750...t Usage: 1-3%
⚠️ According to your risk management",c266c8dfa893afd64d88989430b36237,2026-09-21T08:30:49+00:00,2026-09-21T09:47:44.599334+00:00,926,coinmastertrad1
1492779,17117,"#ZETA/ USDT — BUY (SHORT) 
Leverage: Cross 25x – 5...T IS KEY
👉 Use ONLY 2 – 3% of your total portfolio",0044c75344def3bbf94b1d33f06a618e,2026-09-21T07:56:49+00:00,2026-09-21T09:47:44.376968+00:00,926,coinmastertrad1
1498776,17156,"#KMNO/USDT

📈Signal: long Leverage: Cross 20X

⚡️E...even after TP1 is hit.

📣Trade Smart • Follow Risk",7fbbf7fe7f6e84f0b662eb3423ae6dab,2026-09-21T10:26:59+00:00,2026-09-21T12:36:33.353641+00:00,926,coinmastertrad1
1498774,17150,"#ZAMA/ USDT — BUY (LONG) 
Leverage: Cross 25x – 50...T IS KEY
👉 Use ONLY 2 – 3% of your total portfolio",26f9a867703cf35dc305879429d29e74,2026-09-21T10:26:12+00:00,2026-09-21T12:36:33.128103+00:00,926,coinmastertrad1
1503392,17196,"⭐️#NIL/USDT  LONG

🛡Leverage : Cross 25x50

‼️Entr... 0.060

Use only 3% - 5% amount of your portfolio🛍",0efdfa326dc290f9409d445046a90724,2026-09-21T13:49:26+00:00,2026-09-21T14:38:11.668721+00:00,926,coinmastertrad1
1503373,17174,"📊 Let’s LONG #TAO/USDT

💥 Leverage:  Cross 20×  - ...1) 294.95
2) 301.85
3) 312.50

🔖 Stop Loss: 270.00",c77701e15610a2d3d30ba787575c7945,2026-09-21T13:48:41+00:00,2026-09-21T14:38:10.946079+00:00,926,coinmastertrad1
1503368,17166,"⭐️#PHA/USDT  SHORT

🛡Leverage : Cross 25x50

‼️Ent... 0.061

Use only 3% - 5% amount of your portfolio🛍",cc2323e439504cc153a06a1611e98290,2026-09-21T12:42:04+00:00,2026-09-21T14:38:10.738916+00:00,926,coinmastertrad1
1503367,17162,"#AVNTUSDT — BUY (LONG) 
🎉
🟢 Leverage: Cross  30x

...️Stop Loss: 0.1095

🔽 Risk Management:

 REACTS !!",314369e8a019d6d86d84a0e67834b9bb,2026-09-21T12:42:04+00:00,2026-09-21T14:38:10.736497+00:00,926,coinmastertrad1
1507755,17238,"💰#SAGA / USDT👑

💎Setup Type: Strong SHORT  🔖Opport...TP ➝ 0.02783

4️⃣TP ➝ 0.02692

🚫Stop Loss: 0.03899",3ae56708a2cc2e16489633b715048e04,2026-09-21T15:11:42+00:00,2026-09-21T17:36:47.298783+00:00,926,coinmastertrad1
1507754,17237,"🚨 #AVAX/USDT | LONG 

⚡Leverage: Cross 20x

🎯Entry... follow the signal and secure profits at targets.💎",c0dfc7515ad4bd9e7cf09e45e9994882,2026-09-21T15:11:42+00:00,2026-09-21T17:36:47.232988+00:00,926,coinmastertrad1
1507751,17234,"$LTC Buying Setup:

Entry; CMp till 58.5
TP: 72
SL...u know what happens when a coin breakout on weekly",e40ad8c12075ad8e93007d5ce73b7086,2026-09-21T15:11:41+00:00,2026-09-21T17:36:47.140058+00:00,926,coinmastertrad1
1507746,17226,"Now say something on this 

Called a SPOT buying o...execution 

Cheers  next time listen to Gauls only",807939f2e5207c2e2db71d81a28986c2,2026-09-21T15:11:41+00:00,2026-09-21T17:36:46.959757+00:00,926,coinmastertrad1
1507742,17223,"🪙#PHA/USDT

🚩POSITION — SHORT

🔒  LEVERAGE — 20X75...0.05340
TP🥉: 0.05050

⛔️ SL: 0.06400

🔥REACTIONS?😜",e3164b7d4b9abc30fe37463244125524,2026-09-21T15:05:17+00:00,2026-09-21T17:36:46.833985+00:00,926,coinmastertrad1
1507739,17219,"#ONE/ USDT — BUY (SHORT) 
Leverage: Cross 25x – 50...T IS KEY
👉 Use ONLY 2 – 3% of your total portfolio",72a51be01661b200bc80bd4e53791a98,2026-09-21T14:49:11+00:00,2026-09-21T17:36:46.737110+00:00,926,coinmastertrad1
1509852,17251,"$LPT Buying Setup:

Entry; CMP till 1.65
TP: 2.00
SL: 1.60

Another breakout on the way, looks good",322fb3266e09caa6135324e5bbc43484,2026-09-21T18:09:56+00:00,2026-09-21T19:20:27.742054+00:00,926,coinmastertrad1
1509851,17249,"$FLOW Buying Setup:

Entry; CMp till 0.031
TP: 0.0...u know what happens when a coin breakout like that",f42d83fbc5037f957a44d6304d3eafde,2026-09-21T18:09:56+00:00,2026-09-21T19:20:27.737884+00:00,926,coinmastertrad1
1518158,17323,"⭐️#TAO/USDT  LONG

🛡Leverage : Cross 25x50

‼️Entr...295.34

Use only 3% - 5% amount of your portfolio🛍",704dec00598cb87bcdd4c49952751fb7,2026-09-22T03:42:26+00:00,2026-09-22T04:04:12.756256+00:00,926,coinmastertrad1
1522396,17392,"📊 Let’s LONG #SAGA/USDT

💥 Leverage:  Cross 20×  -...1) 0.0425
2) 0.0440
3) 0.0465

🔖 Stop Loss: 0.0393",fc9e13367b087556ddfa9b8df1c1503b,2026-09-22T07:06:35+00:00,2026-09-22T07:46:17.750976+00:00,926,coinmastertrad1
1522364,17354,"#SAGA/ USDT — BUY (LONG) 
Leverage: Cross 25x – 50...T IS KEY
👉 Use ONLY 2 – 3% of your total portfolio",87ea1a0d0229c00fc2faedb543bd1abc,2026-09-22T07:04:22+00:00,2026-09-22T07:46:16.602627+00:00,926,coinmastertrad1
1522354,17345,"#PHA/ USDT — BUY (LONG) 
Leverage: Cross 25x – 50x...T IS KEY
👉 Use ONLY 2 – 3% of your total portfolio",f12f2bc4e379ed48dbb1007900a1d78e,2026-09-22T04:52:14+00:00,2026-09-22T07:46:16.205933+00:00,926,coinmastertrad1
1522353,17343,"#1000BONKUSDT — BUY (LONG) 
🎉
🟢 Leverage: Cross  3...top Loss: 0.003235

🔽 Risk Management:

 REACTS !!",adbba3dd6cfa1ad419d618a23356eb9f,2026-09-22T04:52:14+00:00,2026-09-22T07:46:16.173993+00:00,926,coinmastertrad1
1522352,17342,"📊 Let’s LONG #WLD/USDT

💥 Leverage:  Cross 20×  - ...1) 0.4815
2) 0.4920
3) 0.5150

🔖 Stop Loss: 0.4315",324caf5ac6a871bdb9e73bb29c6a5c29,2026-09-22T04:52:14+00:00,2026-09-22T07:46:16.149121+00:00,926,coinmastertrad1
1525082,17417,"⭐️#GRASS/USDT  LONG

🛡Leverage : Cross 25x50

‼️En...0.4311

Use only 3% - 5% amount of your portfolio🛍",92867f8541aef9679c4683fb464b13cc,2026-09-22T08:36:30+00:00,2026-09-22T09:40:53.418793+00:00,926,coinmastertrad1
1525072,17407,"#GRASS/ USDT — BUY (LONG) 
Leverage: Cross 25x – 5...T IS KEY
👉 Use ONLY 2 – 3% of your total portfolio",bf8aa3551e0da37b3d29ab763e98fe18,2026-09-22T08:27:47+00:00,2026-09-22T09:40:52.961590+00:00,926,coinmastertrad1
1525071,17405,"⭐️#COOKIE/USDT  LONG

🛡Leverage : Cross 25x50

‼️E...012455

Use only 3% - 5% amount of your portfolio🛍",6a5ca5e72c6e19f304a7367af877a837,2026-09-22T07:48:03+00:00,2026-09-22T09:40:52.952331+00:00,926,coinmastertrad1
1525068,17404,COOKIEUSDT LONG NOW,418977ee53a43dc39a28843682ae30b1,2026-09-22T07:48:03+00:00,2026-09-22T09:40:52.947592+00:00,926,coinmastertrad1
1525067,17403,"⭐️#MUBARAK/USDT  LONG

🛡Leverage : Cross 25x50

‼️....04693

Use only 3% - 5% amount of your portfolio🛍",ad5658f30f0423eb0b2dc6fab0fd8a50,2026-09-22T07:48:03+00:00,2026-09-22T09:40:52.919606+00:00,926,coinmastertrad1
1528587,17428,"🪙#DOGE/USDT

🚩POSITION — SHORT

🔒  LEVERAGE — 20X7...0.09450
TP🥉: 0.09100

⛔️ SL: 0.10700

🔥REACTIONS?😜",daf2a7b4373bd631b73ca27266360f96,2026-09-22T10:54:05+00:00,2026-09-22T11:47:53.778051+00:00,926,coinmastertrad1
1528588,17427,"#DOGE/USDT SHORT NOW 📉
🏠ENTRY: ( 0.09775 )",b7bcf3475b397aa2d1774e30c60f8bd2,2026-09-22T10:46:20+00:00,2026-09-22T11:47:53.778689+00:00,926,coinmastertrad1
1528581,17420,"📊 Let’s LONG #TST/USDT

💥 Leverage:  Cross 20×  - ....01895
2) 0.01920
3) 0.01988

🔖 Stop Loss: 0.01742",99d525c9c01453c3fc4cdec14682e70e,2026-09-22T10:16:50+00:00,2026-09-22T11:47:53.561892+00:00,926,coinmastertrad1
1532048,17463,"🪙#CROSS/USDT

🚩POSITION — SHORT

🔒  LEVERAGE — 20X...0.14430
TP🥉: 0.14000

⛔️ SL: 0.16450

🔥REACTIONS?😜",1a38e0565ec705b2d3c6770df58b2d11,2026-09-22T15:10:40+00:00,2026-09-22T15:18:55.078895+00:00,926,coinmastertrad1
1532047,17462,"#CROSS/USDT SHORT NOW 📉
🏠ENTRY: ( 0.14933 )",d94587eec329eeee23360d6a8bf11d82,2026-09-22T15:10:40+00:00,2026-09-22T15:18:55.037720+00:00,926,coinmastertrad1
1532045,17460,"⭐️#NIL/USDT  LONG

🛡Leverage : Cross 25x50

‼️Entr....07913

Use only 3% - 5% amount of your portfolio🛍",57c0f007fc1c903e677cc7e799e568d3,2026-09-22T15:10:39+00:00,2026-09-22T15:18:54.918415+00:00,926,coinmastertrad1
1532042,17458,NILUSDT LONG NOW,89afb02fd0c4c7d13c903aded0b3e006,2026-09-22T15:10:39+00:00,2026-09-22T15:18:54.894091+00:00,926,coinmastertrad1
1532041,17456,"↗️ LONG #BCH 75x

📌 Entry: 322.00

🎯 TP1: 325.00
💵...t Usage: 1-3%
⚠️ According to your risk management",d0588ba17123a5aff877705b344f558b,2026-09-22T15:10:39+00:00,2026-09-22T15:18:54.861056+00:00,926,coinmastertrad1
1532040,17455,"↗️ LONG #UAI 50x

📌 Entry: 0.4200

🎯 TP1: 0.4260
 ...t Usage: 1-3%
⚠️ According to your risk management",6b58307eda38cb932c1f0811922c39c2,2026-09-22T15:10:39+00:00,2026-09-22T15:18:54.740463+00:00,926,coinmastertrad1
1532038,17453,"#ESPORTS/USDT

📈Signal: long Leverage: Cross 20X

...even after TP1 is hit.

📣Trade Smart • Follow Risk",cd0c1108e5779f5b0771afff73e476eb,2026-09-22T13:43:00+00:00,2026-09-22T15:18:54.704434+00:00,926,coinmastertrad1
1532029,17444,"#KERNELUSDT — BUY (SHORT) 
🎉
🟢 Leverage: Cross  25...Stop Loss: 0.06490

🔽 Risk Management:

 REACTS !!",f8c4d4a8d07059c246e039c68d953ce4,2026-09-22T12:59:38+00:00,2026-09-22T15:18:54.347863+00:00,926,coinmastertrad1
1532025,17440,"#MUBARAK / USDT — BUY (LONG) 
Leverage: Cross 25x ...T IS KEY
👉 Use ONLY 2 – 3% of your total portfolio",82cdcfaf292e61912ed857af8b4a2c4f,2026-09-22T12:20:21+00:00,2026-09-22T15:18:54.139133+00:00,926,coinmastertrad1
1532017,17432,"🚨 #NEAR/USDT | LONG 

⚡Leverage: Cross 20x

🎯Entry... follow the signal and secure profits at targets.💎",1884a26b4e65ec121f1e6eb31211e4a9,2026-09-22T11:55:05+00:00,2026-09-22T15:18:53.914673+00:00,926,coinmastertrad1
1532016,17430,"📊 $BTC Update

In one line: I'm expecting $BTC to ...on.

For now, the trend is your friend.

Cheers ❤️",1eb99cef8c112a6bf0bbe207df694d75,2026-09-22T11:55:05+00:00,2026-09-22T15:18:53.908900+00:00,926,coinmastertrad1
1535562,17487,"⭐️#CHR/USDT  SHORT

🛡Leverage : Cross 25x50

‼️Ent....02637

Use only 3% - 5% amount of your portfolio🛍",fa1df1de162c795325061dffaa77ca7e,2026-09-22T17:16:44+00:00,2026-09-22T17:25:55.646203+00:00,926,coinmastertrad1
1535561,17486,CHRUSDT SHORT NOW,e01791d9c81ed5acb2942f0b9c0d64d3,2026-09-22T17:16:44+00:00,2026-09-22T17:25:55.630174+00:00,926,coinmastertrad1
1535560,17485,"🪙#FLOCK/USDT

🚩POSITION — SHORT

🔒  LEVERAGE — 20X...0.08830
TP🥉: 0.08500

⛔️ SL: 0.09999

🔥REACTIONS?😜",b4f731b4b4a9cd4926052062ff1b582c,2026-09-22T17:16:44+00:00,2026-09-22T17:25:55.596097+00:00,926,coinmastertrad1
1535559,17484,"#FLOCK/USDT SHORT NOW 📉
🏠ENTRY: ( 0.09126 )",1a64189f75bfab294f0729b10f2d0a8a,2026-09-22T16:35:21+00:00,2026-09-22T17:25:55.586129+00:00,926,coinmastertrad1
1535553,17475,"💰#MUBARAK / USDT👑

💎Setup Type: Strong LONG  🔖Oppo...TP ➝ 0.08500

4️⃣TP ➝ 0.09500

🚫Stop Loss: 0.05800",ab287b203bf60f8938a5c4bc7e8b2be9,2026-09-22T16:24:59+00:00,2026-09-22T17:25:55.234858+00:00,926,coinmastertrad1
1540236,17508,"$VIRTUAL Buying Setup:

Entry: CMP till 0.70
TP:0....laim the POC and break the trendline. Higher on it",5ba2b9478b200b0a8d79b07f5c425344,2026-09-22T20:35:01+00:00,2026-09-22T21:11:54.034780+00:00,926,coinmastertrad1
1553894,17721,"🚨 #BCH/USDT | SHORT

⚡Leverage: Cross 20x

🎯Entry ... follow the signal and secure profits at targets.💎",46681e63e4ca2aeb6e1925c3d905bcea,2026-09-23T08:32:56+00:00,2026-09-23T08:41:31.890123+00:00,926,coinmastertrad1
1553893,17719,"🚨 #ONE/USDT | SHORT

⚡Leverage: Cross 20x

🎯Entry ... follow the signal and secure profits at targets.💎",fbc603e7f82c075450efd83cf6f660bd,2026-09-23T08:32:56+00:00,2026-09-23T08:41:31.835102+00:00,926,coinmastertrad1
1553886,17717,"VIP PREMIUM GROUP

#NIL USDT — BUY (SHORT) 
🎉
🟢 Le...Stop Loss: 0.08900

🔽 Risk Management:

 REACTS !!",a9bc17bdf2e2444fd812a59d0e08831e,2026-09-23T08:32:55+00:00,2026-09-23T08:41:31.620077+00:00,926,coinmastertrad1
1553869,17706,"⭐️#NIL/USDT  LONG 

🛡Leverage : Cross 25x50

‼️Ent....09134

Use only 3% - 5% amount of your portfolio🛍",bc956c5f8f648a97880058d50c041f62,2026-09-23T08:32:02+00:00,2026-09-23T08:41:30.865191+00:00,926,coinmastertrad1
1553868,17705,"$LPT Again Buying Setup

Entry: CMP 
TP: Same like...aking out that make our thesis perfect, as always.",5fc90912f1acecad49afc747e342d84d,2026-09-23T08:31:41+00:00,2026-09-23T08:41:30.839090+00:00,926,coinmastertrad1
1553858,17692,"💰#NIL / USDT👑

💎Setup Type: Strong LONG  🔖Opportun...TP ➝ 0.13400

4️⃣TP ➝ 0.17000

🚫Stop Loss: 0.08800",74ee33a30a208ef5c69a3910fe2b4699,2026-09-23T08:30:51+00:00,2026-09-23T08:41:30.362449+00:00,926,coinmastertrad1
1553855,17690,"#B2/USDT

📈Signal: short Leverage: Cross 20X

⚡️En...even after TP1 is hit.

📣Trade Smart • Follow Risk",9050b18a82a7f5e5275c141058e5fa2a,2026-09-23T08:30:51+00:00,2026-09-23T08:41:30.214873+00:00,926,coinmastertrad1
1553779,17603,"#FLOW/USDT

📈Signal: long Leverage: Cross 20X

⚡️E...even after TP1 is hit.

📣Trade Smart • Follow Risk",1f34e371931b8fd9a0472f6f101bafbe,2026-09-23T05:48:33+00:00,2026-09-23T08:41:15.751580+00:00,926,coinmastertrad1
1553778,17602,"Long #FLOW 0.03340

Tp 0.03420",7fe8e5f7726b5a42596bb8291b3e1a81,2026-09-23T05:48:33+00:00,2026-09-23T08:41:15.700667+00:00,926,coinmastertrad1
1553776,17600,"📊 Let’s LONG #SUPER/USDT

💥 Leverage:  Cross 20×  ...s: 

1) 0.189
2) 0.198
3) 0.215

🔖 Stop Loss: 0.17",5eca83c7cda46ef64c8724c60b2eba4d,2026-09-23T05:48:32+00:00,2026-09-23T08:41:15.619638+00:00,926,coinmastertrad1
1553775,17599,"📊 Let’s LONG #NIL/USDT

💥 Leverage:  Cross 20×  - ...: 

1) 0.105
2) 0.109
3) 0.120

🔖 Stop Loss: 0.097",599eedfa9a78dd8d60347c472b1caf48,2026-09-23T05:48:32+00:00,2026-09-23T08:41:15.561932+00:00,926,coinmastertrad1
1558875,17731,"🪙#B2/USDT

🚩POSITION — SHORT

🔒  LEVERAGE — 20X75
...🥈: 0.4600
TP🥉: 0.4420

⛔️ SL: 0.5200

🔥REACTIONS?😜",50db07619e1363e33f5f4176c0dc7b3c,2026-09-23T09:03:25+00:00,2026-09-23T10:45:46.590767+00:00,926,coinmastertrad1
1558871,17727,"💰#TAKE / USDT👑

💎Setup Type: Strong LONG  🔖Opportu...TP ➝ 0.21500

4️⃣TP ➝ 0.25000

🚫Stop Loss: 0.14000",76033e2a16d503c2c89b22b38f26feb1,2026-09-23T09:03:10+00:00,2026-09-23T10:45:46.400031+00:00,926,coinmastertrad1
1563087,17748,"#ONE  USDT — SELL (SHORT) 
🎉
🟢 Leverage: Cross  25...top Loss: 0.0035000

🔽 Risk Management:

 REACTION",4f0052e3498713d4ab920d4c7cbcb0ec,2026-09-23T12:53:56+00:00,2026-09-23T12:58:59.951756+00:00,926,coinmastertrad1
1558876,17732,"⭐️#PENGU/USDT  LONG 

🛡Leverage : Cross 25x50

‼️E...009973

Use only 3% - 5% amount of your portfolio🛍",f67f0bcf484c3de7902522390bffc2f1,2026-09-23T09:16:37+00:00,2026-09-23T10:45:46.615169+00:00,926,coinmastertrad1
1558873,17729,"#B2/USDT SHORT NOW 📉
🏠ENTRY: ( 0.4748 )",47294056161cef81830d11a71109aa50,2026-09-23T09:03:10+00:00,2026-09-23T10:45:46.528122+00:00,926,coinmastertrad1
1322647,15749,"⭐️$IDOL/USDT  LONG

🛡Leverage : Cross 25x50

‼️Ent....01029

Use only 3% - 5% amount of your portfolio🛍",8e5c6063ba5fabc84f8dc28d371969e7,2026-09-15T16:43:19+00:00,2026-09-15T18:21:54.386396+00:00,926,coinmastertrad1
1322637,15742,"#SENTUSDT — BUY (LONG) 
🎉
🟢 Leverage: Cross  20x50...Risk Management:
Use only 2%– 3%of your portfolio.",e4564dd7fe9df429ff249b3d739ae329,2026-09-15T16:42:36+00:00,2026-09-15T18:21:54.277493+00:00,926,coinmastertrad1
1315725,15728,"💰#POWER/ USDT👑

💎Setup Type: Strong LONG  🔖Opportu...TP ➝ 0.25000

4️⃣TP ➝ 0.35000

🚫Stop Loss: 0.12000",57a77fbb99042bbadb2b5b587e5dcc7c,2026-09-15T15:35:20+00:00,2026-09-15T16:39:35.346882+00:00,926,coinmastertrad1
1315709,15720,"#B/USDT SHORT NOW 📉
🏠ENTRY: ( 0.2192 )",02319bcf54b73c07a654deac1d68d5f0,2026-09-15T15:35:20+00:00,2026-09-15T16:39:35.251596+00:00,926,coinmastertrad1
1315708,15719,"$ETH Short Setup:

Entry : CMP till 2525
TP: 2394
... $SUI and $AR closing both in small losses for now",f3b9f61569e274423acc965920241f02,2026-09-15T15:35:20+00:00,2026-09-15T16:39:35.222394+00:00,926,coinmastertrad1
1315704,15721,"☄️ VIP PREMIUM GROUP 

 🪙#B/USDT

🚩POSITION — SHOR...🥈: 0.2120
TP🥉: 0.2045

⛔️ SL: 0.2390

🔥REACTIONS?😜",828fcf7b37c0b81a38231503edb3c1f9,2026-09-15T15:35:20+00:00,2026-09-15T16:39:35.100627+00:00,926,coinmastertrad1
1569586,17803,"$HOLO Buying Setup:

Entry; CMP only
TP: 0.080
SL:...tup looks so good at this dip, trying to catch it.",41bd4e954523a4f4e6beb67c4fa9550b,2026-09-23T15:00:55+00:00,2026-09-23T17:06:40.300846+00:00,926,coinmastertrad1
1569580,17797,"🚨 #FIGHT USDT | SHORT

⚡Leverage: Cross 10-20X

🎯E... follow the signal and secure profits at targets.💎",5d75d93e5d6b6ed4fba5ccab39a6f9ad,2026-09-23T15:00:54+00:00,2026-09-23T17:06:40.011548+00:00,926,coinmastertrad1
1569573,17790,"🪙#MUBARAK/USDT

🚩POSITION — SHORT

🔒  LEVERAGE — 2...0.05150
TP🥉: 0.04850

⛔️ SL: 0.06200

🔥REACTIONS?😜",064dfe620f2516f118581cfaf7a121ab,2026-09-23T14:59:45+00:00,2026-09-23T17:06:39.762637+00:00,926,coinmastertrad1
1569572,17789,"#MUBARAK/USDT SHORT NOW 📉
🏠ENTRY: ( 0.05411 )",ecb865099165009a6da0c16fc80a23aa,2026-09-23T14:59:45+00:00,2026-09-23T17:06:39.664275+00:00,926,coinmastertrad1
1569568,17785,"#ONE/USDT SHORT NOW 📉
🏠ENTRY: ( 0.002952 )",ae36a3ed912079a2760be8db6d57749d,2026-09-23T14:59:45+00:00,2026-09-23T17:06:39.580829+00:00,926,coinmastertrad1
1569567,17784,"#AKE/USDT

📈Signal: long Leverage: Cross 20X

⚡️En...even after TP1 is hit.

📣Trade Smart • Follow Risk",7cbfacd7fc8728b8d4920e26b38ea581,2026-09-23T14:59:45+00:00,2026-09-23T17:06:39.430983+00:00,926,coinmastertrad1
1569566,17783,#NEAR USDT LONG MY TARGET 08$ TO 10$,615e70d6117629c7d70853c1d1d3ae85,2026-09-23T14:58:25+00:00,2026-09-23T17:06:39.425542+00:00,926,coinmastertrad1
1585839,17981,"#LSK  USDT — BUY (LONG) 
🎉
🟢 Leverage: Cross  25x
...️Stop Loss: 0.32000

🔽 Risk Management:

 REACTION",09c6ba41bcfd211000f734c49fac7f17,2026-09-24T08:04:03+00:00,2026-09-24T08:49:31.782751+00:00,926,coinmastertrad1
1585834,17976,"#LSK/USDT

📈Signal: long Leverage: Cross 50X

⚡️En...even after TP1 is hit.

📣Trade Smart • Follow Risk",1454c1106ca7e44d52714fc9a62d30bb,2026-09-24T08:04:03+00:00,2026-09-24T08:49:31.545543+00:00,926,coinmastertrad1
1585833,17975,Long lsk 0.3858 50x,5bc0d7795ba3e845636ccbfdf8227570,2026-09-24T08:04:03+00:00,2026-09-24T08:49:31.536177+00:00,926,coinmastertrad1
1590532,17994,"💰#CYS / USDT👑

💎Setup Type: Strong LONG  🔖Opportun...

🥉TP ➝ 0.2200

4️⃣TP ➝ 0.3000

🚫Stop Loss: 0.1550",f375b0daeb7f40f16a56bd16ee97bdc7,2026-09-24T09:11:27+00:00,2026-09-24T11:02:15.238314+00:00,926,coinmastertrad1
1590531,17993,"🪙#SUPER/USDT

🚩POSITION — SHORT

🔒  LEVERAGE — 20X...0.15400
TP🥉: 0.14200

⛔️ SL: 0.20500

🔥REACTIONS?😜",db535c9651ccc0da98b9c0ffbc3ab592,2026-09-24T09:11:27+00:00,2026-09-24T11:02:15.213380+00:00,926,coinmastertrad1
1590530,17992,"#SUPER/USDT SHORT NOW 📉
🏠ENTRY: ( 0.17107 )",3092f4767b11b491cdddc9ac7c7f1cfa,2026-09-24T09:11:27+00:00,2026-09-24T11:02:15.110145+00:00,926,coinmastertrad1
1590525,17986,"$FIL BUYING SETUP:

Entry: CMP till 0.94
TP: 1.09
...ntraday setup forming so availing this oppurtunity",8632a30240e924aedc2c591e1d1e2522,2026-09-24T09:11:00+00:00,2026-09-24T11:02:14.872617+00:00,926,coinmastertrad1
1593666,18009,"💰#LSK / USDT👑

💎Setup Type: Strong LONG  🔖Opportun...TP ➝ 0.50000

4️⃣TP ➝ 0.60000

🚫Stop Loss: 0.32000",26362be2796b2fd4ffd9886cb0b30e1f,2026-09-24T11:15:39+00:00,2026-09-24T13:11:48.595321+00:00,926,coinmastertrad1
1593664,18001,"💥 FREE CRYPTO SIGNALS 💥

#CYS  USDT — BUY (LONG) 
...⛔️Stop Loss: 0.1600

🔽 Risk Management:

 REACTION",b7712010861712acd5bff7c0a1771635,2026-09-24T11:15:08+00:00,2026-09-24T13:11:48.377164+00:00,926,coinmastertrad1
1597505,18033,"💰#ONE / USDT👑

💎Setup Type: Strong SHORT  🔖Opportu....0018000

4️⃣TP ➝ 0.0014000

🚫Stop Loss: 0.0028500",d993cba29d18fad944d52905172f90ad,2026-09-24T13:53:45+00:00,2026-09-24T15:12:27.659040+00:00,926,coinmastertrad1
1597502,18030,"#NIL/USDT SHORT NOW 📉
🏠ENTRY: ( 0.10923 )",4c42954678fce06be6ff5d8d4c11f948,2026-09-24T13:52:09+00:00,2026-09-24T15:12:27.481290+00:00,926,coinmastertrad1
1597500,18032,"🪙#NIL/USDT

🚩POSITION — SHORT

🔒  LEVERAGE — 20X75...0.10400
TP🥉: 0.10000

⛔️ SL: 0.12000

🔥REACTIONS?😜",f52770c029639d99a2d532045f13f44d,2026-09-24T13:52:09+00:00,2026-09-24T15:12:27.462730+00:00,926,coinmastertrad1
1605375,18082,"$PENDLE Buying Setup:

ENtry: CMP till 2.46
SL: 2.... pattern too let's roll in like last time 

CHeers",bd73ccfb8a550f4e1be90e9f94e23e01,2026-09-24T20:14:13+00:00,2026-09-24T21:07:12.883609+00:00,926,coinmastertrad1
1605372,18079,"$XRP Buying Setup

Entry: CMP 
TP:1.733
SL: 1.4484

LTC BCH in top gainers it's $XRP time now",3b8dd5c39cfd0bd7351d5d7bbce13544,2026-09-24T20:14:13+00:00,2026-09-24T21:07:12.771308+00:00,926,coinmastertrad1
1605369,18076,"💰#BTW  / USDT👑

💎Setup Type: Strong LONG 🔖Opportun...

🥉TP ➝ 1.3500

4️⃣TP ➝ 1.5000

🚫Stop Loss: 0.8800",66440a76363bbe9244958361c4f72931,2026-09-24T20:14:12+00:00,2026-09-24T21:07:12.546008+00:00,926,coinmastertrad1
1605366,18072,"$WLD Buying Setup:

Entry: CMP till 4135
TP:0.4913... pattern too on volume porfile risking 0.5RR In it",9910e7d407c13ecad45599f752fa8229,2026-09-24T20:14:12+00:00,2026-09-24T21:07:12.427128+00:00,926,coinmastertrad1
1605365,18071,"🚨 #NEAR/USDT | LONG

⚡Leverage: Cross 20x

🎯Entry ... follow the signal and secure profits at targets.💎",79fc3ddcc46c73defe7dc175bf00fd23,2026-09-24T20:14:12+00:00,2026-09-24T21:07:12.399945+00:00,926,coinmastertrad1
1605363,18069,"🚨 #BR/USDT | LONG

⚡Leverage: Cross 20x

🎯Entry Ta... follow the signal and secure profits at targets.💎",10eb3f1a848b21f3dea7a824921ee67c,2026-09-24T20:14:12+00:00,2026-09-24T21:07:12.281513+00:00,926,coinmastertrad1
1605362,18068,"🚨 #LSK/USDT | SHORT

⚡Leverage: Cross 20x

🎯Entry ... follow the signal and secure profits at targets.💎",ab0a2829426e573371d02f3f30bfded8,2026-09-24T20:14:12+00:00,2026-09-24T21:07:12.273534+00:00,926,coinmastertrad1
1605359,18064,"🚨 #LSK/USDT | SHORT

⚡Leverage: Cross 20x

🎯Entry ... follow the signal and secure profits at targets.💎",0065ee7b57704bcb23bcc1a08363d54d,2026-09-24T20:14:12+00:00,2026-09-24T21:07:12.109631+00:00,926,coinmastertrad1
1605351,18052,"#PLAY/USDT SHORT NOW 📉
🏠ENTRY: ( 0.03577 )",1a86145fd5517ce893d47758694f8c3b,2026-09-24T19:37:42+00:00,2026-09-24T21:07:11.640567+00:00,926,coinmastertrad1
1605348,18053,"☄️ FREE SINGLES EXPERT ☄️

 🪙#PLAY/USDT

🚩POSITION...0.03120
TP🥉: 0.03800

⛔️ SL: 0.03000

🔥REACTIONS?😜",9262fa024f85f31c4cba70b36f3b02f4,2026-09-24T19:37:42+00:00,2026-09-24T21:07:11.564679+00:00,926,coinmastertrad1
1605347,18051,"#PLAY/USDT SHORT NOW 📉
🏠ENTRY: ( 0.03577 )",1a86145fd5517ce893d47758694f8c3b,2026-09-24T19:37:42+00:00,2026-09-24T21:07:11.550767+00:00,926,coinmastertrad1
1617496,18161,"#XPL/ USDT — BUY (LONG) 
Leverage: Cross 25x – 50x...T IS KEY
👉 Use ONLY 2 – 3% of your total portfolio",9378e33532f1bd848c3c365bcedd3c59,2026-09-25T05:45:02+00:00,2026-09-25T07:28:27.956496+00:00,926,coinmastertrad1
1617491,18158,"#PLAY/USDT

📈Signal: short Leverage: Cross 20X

⚡️...even after TP1 is hit.

📣Trade Smart • Follow Risk",6478e5f1ec4334996274f0175e023c4a,2026-09-25T05:45:02+00:00,2026-09-25T07:28:27.613942+00:00,926,coinmastertrad1
1622175,18232,"#LSK   USDT — SELL (SHORT) 
🎉
🟢 Leverage: Cross  3...️Stop Loss: 0.41000

🔽 Risk Management:

 REACTION",c0be28c840eb25ba0f674043961446bd,2026-09-25T08:36:19+00:00,2026-09-25T09:31:02.915900+00:00,926,coinmastertrad1
1622170,18227,"🪙#FLOCK/USDT

🚩POSITION — SHORT

🔒  LEVERAGE — 20X... 0.06850
TP🥈: 0.06680
TP🥉: 0.06300

⛔️ SL: 0.07500",6380a50daf4547718d4b8f26a5250592,2026-09-25T08:02:07+00:00,2026-09-25T09:31:02.733583+00:00,926,coinmastertrad1
1622169,18226,"#FLOCK/USDT SHORT NOW 📉
🏠ENTRY: ( 0.07043 )",91242377b1beec90c8b2095ce203aeac,2026-09-25T08:02:07+00:00,2026-09-25T09:31:02.725623+00:00,926,coinmastertrad1
1622168,18224,"🚨 #LSK/USDT | SHORT

⚡Leverage: Cross 20x

🎯Entry ... follow the signal and secure profits at targets.💎",14a255362156ceffe7fce14b680986e8,2026-09-25T07:30:51+00:00,2026-09-25T09:31:02.710611+00:00,926,coinmastertrad1
1622166,18223,"🚨 #SUPER/USDT | SHORT

⚡Leverage: Cross 20X

🎯Entr... follow the signal and secure profits at targets.💎",08247b5560d5c301835738e18ebf6d24,2026-09-25T07:30:51+00:00,2026-09-25T09:31:02.697459+00:00,926,coinmastertrad1
1622165,18220,"🚨 #PHA/USDT | LONG

⚡Leverage: Cross 20x

🎯Entry T... follow the signal and secure profits at targets.💎",f9ef3ad5618289f8c1f3fad576bb55c5,2026-09-25T07:30:51+00:00,2026-09-25T09:31:02.528194+00:00,926,coinmastertrad1
1625614,18255,"#XAI/ USDT — BUY (SHORT) 
Leverage: Cross 25x – 50...T IS KEY
👉 Use ONLY 2 – 3% of your total portfolio",04d954934104af0367bd6641bba9edb2,2026-09-25T10:17:37+00:00,2026-09-25T11:30:07.374042+00:00,926,coinmastertrad1
1625606,18245,"💰#BTW  / USDT👑

💎Setup Type: Strong SHORT 🔖Opportu...

🥉TP ➝ 0.8800

4️⃣TP ➝ 0.7000

🚫Stop Loss: 1.2700",ae94ae06394df9711b562f5c497f8f0e,2026-09-25T10:11:19+00:00,2026-09-25T11:30:06.917262+00:00,926,coinmastertrad1
1625636,18278,"$RENDER Buying Setup:

Entry: CMP till 1.865
TP: 2...ing out too best $BTC Chart like $VIRTUAL 

Cheers",b19a786cd408180cf3d7112ce8f2d768,2026-09-25T11:17:25+00:00,2026-09-25T11:30:08.752412+00:00,926,coinmastertrad1
1625632,18275,"⭐️#ARK/USDT  LONG 

🛡Leverage : Cross 25x50

‼️Ent...0.2206

Use only 3% - 5% amount of your portfolio🛍",bc7bcf33a9b20bb07d7f75ed82a3af15,2026-09-25T11:16:53+00:00,2026-09-25T11:30:08.583844+00:00,926,coinmastertrad1
1625608,18249,"💰#PHA  / USDT👑

💎Setup Type: Strong LONG 🔖Opportun...TP ➝ 0.06850

4️⃣TP ➝ 0.08000

🚫Stop Loss: 0.05000",271c80791a22a920caa68efe59707068,2026-09-25T10:11:19+00:00,2026-09-25T11:30:07.055639+00:00,926,coinmastertrad1
1630743,18297,"⭐️#DEEP/USDT  LONG 

🛡Leverage : Cross 25x50

‼️En....02040

Use only 3% - 5% amount of your portfolio🛍",ea1dc7453571a44e0bca5b57ccc3a631,2026-09-25T12:34:16+00:00,2026-09-25T13:37:07.672322+00:00,926,coinmastertrad1
1630736,18291,"⭐️#JTO/USDT  LONG 

🛡Leverage : Cross 25x50

‼️Ent...0.5273

Use only 3% - 5% amount of your portfolio🛍",97390598d771e39c2fa052e999278c75,2026-09-25T12:33:32+00:00,2026-09-25T13:37:07.114037+00:00,926,coinmastertrad1
1634186,18361,"🪙#HUMA/USDT

🚩POSITION — SHORT

🔒  LEVERAGE — 20X7... 0.02670
TP🥈: 0.02590
TP🥉: 0.02450

⛔️ SL: 0.03000",70c83f91ecd7da64e8241f669cb5837e,2026-09-25T15:07:03+00:00,2026-09-25T15:50:31.026952+00:00,926,coinmastertrad1
1634185,18360,"#HUMA/USDT SHORT NOW 📉
🏠ENTRY: ( 0.02726 )",b0a448b2779d44ffc5f811fc6a99f8d0,2026-09-25T15:07:03+00:00,2026-09-25T15:50:31.008501+00:00,926,coinmastertrad1
1634184,18358,"#MUBARAK/USDT LONG NOW 📉
🏠ENTRY: ( 0.04992 )",3788c22507d85dea6c5356e12761e125,2026-09-25T15:07:03+00:00,2026-09-25T15:50:30.895889+00:00,926,coinmastertrad1
1634183,18359,"🪙#MUBARAK/USDT

🚩POSITION — LONG

🔒  LEVERAGE — 20... 0.05100
TP🥈: 0.05250
TP🥉: 0.05500

⛔️ SL: 0.04350",3dc022b851223cda3eac820401a89aa8,2026-09-25T15:07:03+00:00,2026-09-25T15:50:30.890804+00:00,926,coinmastertrad1
1634182,18357,"⭐️#PHA/USDT  LONG 

🛡Leverage : Cross 25x50

‼️Ent....06284

Use only 3% - 5% amount of your portfolio🛍",99bdb0b56fe98f0d59b0e674e06c96dd,2026-09-25T14:20:46+00:00,2026-09-25T15:50:30.878947+00:00,926,coinmastertrad1
1634178,18352,"🚨 #OP/USDT | LONG

⚡Leverage: Cross 20X

🎯Entry Ta... follow the signal and secure profits at targets.💎",27a3d2fb8d270374fcafae750800a71e,2026-09-25T14:04:02+00:00,2026-09-25T15:50:30.497430+00:00,926,coinmastertrad1
1634176,18351,"🚨 #SOL/USDT | LONG

⚡Leverage: Cross 100X

🎯Entry ... follow the signal and secure profits at targets.💎",66522dcf1c16b2d7978c419b83a4e592,2026-09-25T14:04:02+00:00,2026-09-25T15:50:30.493147+00:00,926,coinmastertrad1
1637739,18388,"#SAGA/ USDT — BUY (SHORT) 
Leverage: Cross 25x – 5...T IS KEY
👉 Use ONLY 2 – 3% of your total portfolio",96a2823f8d392e4f9193c3e8a461fe89,2026-09-25T17:15:27+00:00,2026-09-25T17:54:03.406530+00:00,926,coinmastertrad1
1654324,18474,"$STX Buying Setup:

Entry: CMP till 0.3218
TP: 0.4...risking much only 0.5RR in this trade risk

Cheers",8f1c4e4b142aaeb7c5b6bf4993d2d052,2026-09-26T07:40:29+00:00,2026-09-26T09:10:23.119837+00:00,926,coinmastertrad1
1654323,18472,"#AKE/USDT LONG NOW 📈
🏠ENTRY: ( 0.036164 )",5510f581fcf20ba28ddefa3eb8ded2bf,2026-09-26T07:35:38+00:00,2026-09-26T09:10:23.072850+00:00,926,coinmastertrad1
1654321,18473,"🪙#AKE/USDT

🚩POSITION — LONG

🔒  LEVERAGE — 20X75
...37200
TP🥈: 0.038300
TP🥉: 0.040500

⛔️ SL: 0.030000",066379c7b13375ece637f94bf6c9c244,2026-09-26T07:35:38+00:00,2026-09-26T09:10:23.050967+00:00,926,coinmastertrad1
1654279,18423,"$BTC Short Setup:

Entry: CMP till 84500
TP: 80.5K... so low volume but overall my plan looks like this",a5f8e00b95ab7ec0adff9d933c601a21,2026-09-26T07:32:53+00:00,2026-09-26T09:10:19.997776+00:00,926,coinmastertrad1
1657923,18487,"#2Z/ USDT — BUY (LONG) 
Leverage: Cross 25x – 50x
...T IS KEY
👉 Use ONLY 2 – 3% of your total portfolio",3a8afb9988f8b4be86a082fe11d0c50c,2026-09-26T09:29:45+00:00,2026-09-26T11:30:43.430520+00:00,926,coinmastertrad1
1661488,18517,"💰#LINK / USDT👑

💎Setup Type: Strong LONG 🔖Opportun...

🥉TP ➝ 16.000

4️⃣TP ➝ 20.000

🚫Stop Loss: 12.000",da71edde5d2a348a9e5e1b976f6f41e7,2026-09-26T12:55:48+00:00,2026-09-26T13:45:07.432649+00:00,926,coinmastertrad1
1661484,18516,"🪙#HUMA/USDT

🚩POSITION — LONG

🔒  LEVERAGE — 20X75...0.02960
TP🥉: 0.03100

⛔️ SL: 0.02400

🔥REACTIONS?😜",bd0dda267ca6fcc6db8c8a9afa01cc35,2026-09-26T12:55:48+00:00,2026-09-26T13:45:07.372585+00:00,926,coinmastertrad1
1661481,18515,"#HUMA/USDT LONG NOW 📈
🏠ENTRY: ( 0.02819 )",68d357a332d9ec98ca442023dccdc74c,2026-09-26T12:55:48+00:00,2026-09-26T13:45:06.724182+00:00,926,coinmastertrad1
1661480,18514,"🪙#龙虾/USDT

🚩POSITION — SHORT

🔒  LEVERAGE — 20X75
...0.09800
TP🥉: 0.09300

⛔️ SL: 0.11800

🔥REACTIONS?😜",170c273346add7b7bf0efd02eed05cfe,2026-09-26T12:55:48+00:00,2026-09-26T13:45:06.695092+00:00,926,coinmastertrad1
1661472,18511,"#SOMIUSDT — BUY (LONG) 
🎉
🟢 Leverage: Cross  25x

...️Stop Loss: 0.2018

⬇️ Risk Management:

 REACTION",5282876bd3ce1bf175e3999d1c8622aa,2026-09-26T12:40:22+00:00,2026-09-26T13:45:04.720954+00:00,926,coinmastertrad1
1664837,18521,"#RARE/ USDT — BUY (LONG) 
Leverage: Cross 25x – 50...T IS KEY
👉 Use ONLY 2 – 3% of your total portfolio",e9edeeb655b3f1b8dbbc7e831e4ef91f,2026-09-26T14:12:44+00:00,2026-09-26T15:49:17.403085+00:00,926,coinmastertrad1
1667830,18561,"🪙#DOT/USDT

🚩POSITION — LONG

🔒  LEVERAGE — 20X75
...🥈: 1.2750
TP🥉: 1.3200

⛔️ SL: 1.1500

🔥REACTIONS?😜",a522c53198f4fa528b18e980bcf76e1e,2026-09-26T17:38:32+00:00,2026-09-26T17:57:18.604618+00:00,926,coinmastertrad1
1667829,18560,"#DOT/USDT LONG NOW 📈
🏠ENTRY: ( 1.2313 )",834973da52c21f2af1a8996f2fa6bbd7,2026-09-26T17:38:32+00:00,2026-09-26T17:57:18.579195+00:00,926,coinmastertrad1
1667828,18559,"#LINK USDT — BUY (LONG) 
🎉
🟢 Leverage: Cross  30x
...️Stop Loss: 12.500

⬇️ Risk Management:

 REACTION",bd2ac5e3405eb57ffac89220bd2d260f,2026-09-26T17:38:32+00:00,2026-09-26T17:57:17.666641+00:00,926,coinmastertrad1
1667825,18555,"#QNT/ USDT — BUY (LONG) 
Leverage: Cross 25x – 50x...T IS KEY
👉 Use ONLY 2 – 3% of your total portfolio",9fabb35c8761240a03072c19df055071,2026-09-26T16:03:50+00:00,2026-09-26T17:57:17.522128+00:00,926,coinmastertrad1
1667822,18554,Qnt long 118,369f1bbe77c5c558eba15cadbfb6c5f0,2026-09-26T16:03:50+00:00,2026-09-26T17:57:17.495705+00:00,926,coinmastertrad1
