id,external_id,message_preview,hash,published_at,created_at,source_id,source_name
1011919,55600,📌 Assessment of Upward Movement Continuation Possi...2 USDT starts the next  🚀 profit wave within hours,cf34443592a798fba514f6e992307ed5,2026-09-01T09:48:31+00:00,2026-09-01T11:23:36.969660+00:00,812,binancepumpclubbitcoin
1005766,55572,🎓 Advice for Position Opening at Current Price Lev...h under a 52% outlook makes this a strategic buy 💪,e81ecbe3c0041c0538f6fb1f93b6a1f9,2026-09-01T07:07:34+00:00,2026-09-01T07:53:10.194181+00:00,812,binancepumpclubbitcoin
1025244,55637,🤷 Buy the Coin Now or Refrain From Entering Positi...h 43% conviction this belongs in every portfolio 🏆,efa16cba7b988a4ea4a12193295ecec3,2026-09-02T01:03:53+00:00,2026-09-02T01:04:45.975250+00:00,812,binancepumpclubbitcoin
1025934,55648,👨‍💼 Professional Recommendation for Position Entry...s at 🧮 0.02032 USDT is a high-speed  🚀 profit play,496aadaafb64a4907240db1b0cd29772,2026-09-02T02:40:16+00:00,2026-09-02T02:55:19.033986+00:00,812,binancepumpclubbitcoin
1025930,55641,"#HEMI/USDT (Binance)

💵Buy range: 0.019954-0.02052...ponds to 🌐GMT+2 Time Zone
02 September 2026, 04:25",fc31d09eeaa258af300c19b5f40abb32,2026-09-02T02:38:58+00:00,2026-09-02T02:55:19.012747+00:00,812,binancepumpclubbitcoin
1026882,55660,👨‍💼 Professional Recommendation for Position Entry...T with confidence at 47 accelerates capital growth,fae4387321ca9518a436770c2b035694,2026-09-02T04:38:56+00:00,2026-09-02T05:25:17.255132+00:00,812,binancepumpclubbitcoin
1026889,55651,📈 Is There Further Growth Potential for Entry at t...targets incremental upside under strict oversight.,8b32d454c8f4c30862365fbdbc7bb52e,2026-09-02T03:49:59+00:00,2026-09-02T05:25:17.301977+00:00,812,binancepumpclubbitcoin
1030453,55674,⚠️ Enter Position Now or Wait for Price Decline fo... at 🧮 0.046139 USDT remains extremely advantageous,3ff5eb42421f3deb8309755938f873c7,2026-09-02T07:53:01+00:00,2026-09-02T09:37:04.823350+00:00,812,binancepumpclubbitcoin
1032761,55690,"💰 Current Coin Attractiveness for Purchase by New ...set, ensuring sizable upside with 43% confidence 💰",5c55504ae6ab3fb269701058e7b349e2,2026-09-02T11:04:03+00:00,2026-09-02T11:19:34.096634+00:00,812,binancepumpclubbitcoin
1034791,55714,"🤷 Buy the Coin Now or Refrain From Entering Positi...0.0047501 USDT, the asset becomes a top-tier buy 🔝",0031fc830065f9c0ee25869b84f5ba0b,2026-09-02T12:53:39+00:00,2026-09-02T13:32:39.606751+00:00,812,binancepumpclubbitcoin
1034784,55705,🤔 Should You Buy the Coin Now After the Target Has...7 USDT starts the next  🚀 profit wave within hours,073c5fbaca8781b1cc5909468d830702,2026-09-02T12:24:01+00:00,2026-09-02T13:32:39.548059+00:00,812,binancepumpclubbitcoin
1036296,55719,🛑 Buy After Target Achievement or Refrain Until Co... with 🤖AI confidence at 47 yields rapid  🚀 profits,4d153565a3732cdbba590770a14e330b,2026-09-02T14:17:02+00:00,2026-09-02T15:02:21.850761+00:00,812,binancepumpclubbitcoin
1040833,55733,🎓 Advice for Position Opening at Current Price Lev...at 🧮 0.00295293 USDT secures meaningful  🚀 profits,ff138ccd9eafdaaa4fae5f516e3bf6ae,2026-09-02T19:17:32+00:00,2026-09-02T20:16:57.794760+00:00,812,binancepumpclubbitcoin
1044477,55745,💰 Current Coin Attractiveness for Purchase by New ... at 🧮 5.3861 USDT becomes a reward-rich allocation,97ff0395bfc3d2ef4d3a6bcac4a2c6b9,2026-09-02T23:06:06+00:00,2026-09-03T00:15:28.026245+00:00,812,binancepumpclubbitcoin
1046760,55766,🚦 Open Trade at Current Levels or Skip This Opport...99 USDT with a backstop at 0.1273 maximizes reward,d66544597914883ddbdf16beb128b9a0,2026-09-03T02:52:37+00:00,2026-09-03T04:11:25.093729+00:00,812,binancepumpclubbitcoin
1051538,55789,🏆 Recommendation for Trade Entry Right Now Conside...🧮 0.04786 USDT offers standout risk-adjusted value,f0fa7151c6a493e01ea6a3f341a51c89,2026-09-03T07:39:04+00:00,2026-09-03T08:40:09.058171+00:00,812,binancepumpclubbitcoin
1053136,55794,"🔍 Does It Make Sense to Buy at Current Price Level..., opening excellent prospects for continued upside",ae280ddf3c864bbd5d506f817fb06268,2026-09-03T09:08:15+00:00,2026-09-03T10:20:28.889179+00:00,812,binancepumpclubbitcoin
1057285,55807,⌛ Buy at Current Market Price or Wait for Pullback...3 USDT starts the next  🚀 profit wave within hours,ba9984d7e4f75f5ff4338211ca0d8c93,2026-09-03T11:39:06+00:00,2026-09-03T12:16:21.377087+00:00,812,binancepumpclubbitcoin
1057280,55799,🤷 Buy the Coin Now or Refrain From Entering Positi... 🧮 0.022351 USDT launches a  🚀 profitable campaign,45c5d27471799c1b345b43e6396f278a,2026-09-03T11:09:05+00:00,2026-09-03T12:16:21.023857+00:00,812,binancepumpclubbitcoin
1061712,55854,"💎 Analysis of Further Growth Potential After Succe...ed at 🧮 0.032311 USDT, a prompt buy is justified 🚀",c6a8c71aed16debd92fd3480dde4599d,2026-09-03T18:02:59+00:00,2026-09-03T21:30:45.439213+00:00,812,binancepumpclubbitcoin
1061697,55825,"📈 Is There Further Growth Potential for Entry at t...rrent levels, making the token deeply compelling 🏆",599c7194b8fd2cbac1e335b8f881c657,2026-09-03T14:54:06+00:00,2026-09-03T21:30:44.692689+00:00,812,binancepumpclubbitcoin
1061690,55816,💰 Current Coin Attractiveness for Purchase by New ...USDT with a safety net at 0.04893 protects capital,2b43426fc7894de67d50926a788070df,2026-09-03T13:36:33+00:00,2026-09-03T21:30:44.491168+00:00,812,binancepumpclubbitcoin
1061689,55813,💰 Current Coin Attractiveness for Purchase by New ...res patience for traction and structured debriefs.,479a48e5f52ae3641c2953306a4799e8,2026-09-03T12:54:06+00:00,2026-09-03T21:30:44.489634+00:00,812,binancepumpclubbitcoin
1071530,55868,🔑 Advisability of Opening Trade in Current Market ...ar 🧮 0.059179 USDT positions us for timely gains 💸,3f39cd94a5eb90292bf77ae067731d23,2026-09-04T00:52:25+00:00,2026-09-04T01:26:24.639305+00:00,812,binancepumpclubbitcoin
1071525,55860,⚠️ Enter Position Now or Wait for Price Decline fo... of 🧮 1.9821 USDT secures near-term outperformance,54db3cb83686de4340d5e7cf6bfc3e40,2026-09-04T00:10:36+00:00,2026-09-04T01:26:24.618233+00:00,812,binancepumpclubbitcoin
1079137,55890,📣 Trading Advice After Target Level Achievement fo...0996996 USDT positions the book for outsized yield,f78a642c90c250aa84c877ea7e7c91cf,2026-09-04T08:37:19+00:00,2026-09-04T08:47:49.763011+00:00,812,binancepumpclubbitcoin
1082906,55909,"🔄 Enter Trade Now or Wait for Price Drawdown?


📍 ...ds at 🧮 0.10081 USDT monetizes that projected move",18030e336392a42bef6a076c90588f8c,2026-09-04T11:39:12+00:00,2026-09-04T12:13:18.065887+00:00,812,binancepumpclubbitcoin
1082899,55907,🌐 Relevance of Trade Entry at the Current Moment i... 0.01034 USDT secures premier upside participation,8c221d3518570159618b72a5d122a443,2026-09-04T09:48:06+00:00,2026-09-04T12:13:17.984152+00:00,812,binancepumpclubbitcoin
1087970,55948,🌐 Relevance of Trade Entry at the Current Moment i...1763 USDT secures significant short-term  🚀 profit,8c4b3636e36cd0e71a57d40ce4aa9476,2026-09-04T15:40:14+00:00,2026-09-04T15:51:21.766443+00:00,812,binancepumpclubbitcoin
1090526,55956,🔬 Assessment of Purchase Viability at Current Mark...0185 USDT quote positions us for accelerated gains,4ca5c816e3428d92ae8f4174259e9842,2026-09-04T16:21:50+00:00,2026-09-04T18:25:22.170479+00:00,812,binancepumpclubbitcoin
1092518,55967,"💎 Analysis of Further Growth Potential After Succe...endation: enter 🧮 2.1011 USDT, protect 2.0947 USDT",9a32f80cb8cc35d366cc7dc2f2ca5de8,2026-09-04T19:39:15+00:00,2026-09-04T19:54:11.642760+00:00,812,binancepumpclubbitcoin
1094971,56005,🔑 Advisability of Opening Trade in Current Market ...sition at 🧮 0.0782 USDT remains highly recommended,bddc1d5c4d610a2a97d56fea3d15766e,2026-09-05T00:04:22+00:00,2026-09-05T00:40:50.425725+00:00,812,binancepumpclubbitcoin
1094970,56002,🛑 Buy After Target Achievement or Refrain Until Co...age exposure with a stop anchored at 2.1736 USDT 🌟,8f2269a5ace2bf67b43ff032dffb1ca0,2026-09-05T00:03:40+00:00,2026-09-05T00:40:50.363883+00:00,812,binancepumpclubbitcoin
1096821,56034,✨ Coin Purchase Prospects After Predicted Target L...g at 🧮 0.029171 USDT secures meaningful  🚀 profits,9ab665021badec2fbf2c8cde63e1841d,2026-09-05T05:24:15+00:00,2026-09-05T05:35:33.779333+00:00,812,binancepumpclubbitcoin
1100358,56063,🔑 Advisability of Opening Trade in Current Market ... USDT with 45% reliability is a savvy deployment 💎,1e15160436ac00c70e1f86e3586f83b2,2026-09-05T07:09:20+00:00,2026-09-05T07:29:48.413477+00:00,812,binancepumpclubbitcoin
1100356,56056,💡 Is Entry Justified at the Current Quote After Ta...xposure at 🧮 0.003098 USDT is extremely attractive,c0dfd309b244e3369e25e668b60d5d1f,2026-09-05T06:54:16+00:00,2026-09-05T07:29:48.414159+00:00,812,binancepumpclubbitcoin
1109535,56098,🧐 Analysis of Entry Opportunity After Successful T... USDT with 44% reliability is a savvy deployment 💎,40bca94950df9c780dfbb48782afcefb,2026-09-05T12:39:18+00:00,2026-09-05T13:25:51.050462+00:00,812,binancepumpclubbitcoin
1112490,56119,🔑 Advisability of Opening Trade in Current Market ...ition at 🧮 0.84698 USDT remains highly recommended,74dbd8f2687d1a48ac191f76c8484a30,2026-09-05T13:46:15+00:00,2026-09-05T15:23:11.215650+00:00,812,binancepumpclubbitcoin
1117504,56159,"🎖️ Expert Opinion on Trade Entry Advisability at A..., and a 44% confidence level validates the entry 📈",5e4b69a704d10044fe87b62a6401d7d7,2026-09-05T18:07:23+00:00,2026-09-05T18:34:56.365287+00:00,812,binancepumpclubbitcoin
1120823,56190,⚖️ Should You Open a Trade Now or Refrain From Ent... 0.15431 USDT guarantees attractive follow-through,8f0ea8e521a4b0e17922411034836c02,2026-09-05T21:06:15+00:00,2026-09-05T21:14:42.155171+00:00,812,binancepumpclubbitcoin
1120818,56178,🎥 Visual Analysis of Candlestick Patterns: AI Entr...is an excellent incentive for further development.,d2ad51ef24c5eb630cee508e7edf8aca,2026-09-05T20:16:35+00:00,2026-09-05T21:14:42.125961+00:00,812,binancepumpclubbitcoin
1122811,56214,🔑 Advisability of Opening Trade in Current Market ...DT with 0.029771 as a backstop maximizes  🚀 profit,5803d4d47038106f438cbdf1dd51895c,2026-09-05T22:54:20+00:00,2026-09-05T23:47:13.761752+00:00,812,binancepumpclubbitcoin
1122813,56210,📐 Analytical Recommendation for Opening New Trade ...near 🧮 0.4149 USDT accelerates  🚀 profit expansion,48215c4203b5dbedc3e064801a3892f2,2026-09-05T22:06:49+00:00,2026-09-05T23:47:13.789046+00:00,812,binancepumpclubbitcoin
1122802,56201,🔍 Does It Make Sense to Buy at Current Price Level...near 🧮 0.0036 USDT taps into that sponsored demand,50c087fc4cfb2423fcffdb80cc5ff1c6,2026-09-05T21:46:02+00:00,2026-09-05T23:47:13.615885+00:00,812,binancepumpclubbitcoin
1124228,56224,"#ARB/USDT (Binance)

🧮Buy zone: 0.18462-0.18988

🎯...ponds to 🌐GMT+2 Time Zone
06 September 2026, 02:28",d2d22f42e4d31b82aa9d4a5dce1df21c,2026-09-06T00:39:23+00:00,2026-09-06T01:44:41.187927+00:00,812,binancepumpclubbitcoin
1125088,56233,⌛ Buy at Current Market Price or Wait for Pullback... with 46% precision secures meaningful performance,36517f33f7a54574c63ca23152f5237e,2026-09-06T02:05:20+00:00,2026-09-06T03:11:05.818478+00:00,812,binancepumpclubbitcoin
1125084,56225,📉 Prospects for Position Entry at Current Levels A...g capital at 🧮 0.01274 USDT is extremely favorable,98e877c98a97b238e4e5ccca52e39b41,2026-09-06T01:50:20+00:00,2026-09-06T03:11:05.712134+00:00,812,binancepumpclubbitcoin
1126066,56244,📉 Prospects for Position Entry at Current Levels A... USDT with 0.7806 secured fuels  🚀 profit velocity,f212e25f69017f58de0bdb0b3701f214,2026-09-06T03:54:21+00:00,2026-09-06T05:06:00.131496+00:00,812,binancepumpclubbitcoin
1133278,56273,"🧭 Recommendation to Traders on Current Market Situ..., opening excellent prospects for continued upside",40a9c5edf70bf0abc904e1d6d9f8efae,2026-09-06T10:24:23+00:00,2026-09-06T10:39:58.088554+00:00,812,binancepumpclubbitcoin
1133269,56254,🎯 Position Entry Prospects at Current Market Price...rket participants. Suggested stop: 0.00384072 USDT,43c7e5cd07e4e1bb61646893a496ba95,2026-09-06T09:00:24+00:00,2026-09-06T10:39:57.929481+00:00,812,binancepumpclubbitcoin
1138048,56301,🎖️ Expert Opinion on Trade Entry Advisability at A...is the strategically correct decision for the desk,2f89321614c9f69016a872fa8a3f56f1,2026-09-06T13:17:37+00:00,2026-09-06T13:52:22.678501+00:00,812,binancepumpclubbitcoin
1138039,56298,🏆 Recommendation for Trade Entry Right Now Conside...h under a 46% outlook makes this a strategic buy 💪,e7b510945279e2f77053108d24d1e4e8,2026-09-06T13:16:01+00:00,2026-09-06T13:52:22.537557+00:00,812,binancepumpclubbitcoin
1138040,56282,📈 Is There Further Growth Potential for Entry at t...nd 🧮 0.061212 USDT captures the coming upside wave,53e5339dad39a5d18b8b741690930382,2026-09-06T12:31:04+00:00,2026-09-06T13:52:22.543512+00:00,812,binancepumpclubbitcoin
1147213,56318,🧐 Analysis of Entry Opportunity After Successful T...DT with 2.72 in place grows the crypto book safely,7856f9c709aa3b705807c80fff15ab28,2026-09-06T20:49:36+00:00,2026-09-06T21:00:33.492285+00:00,812,binancepumpclubbitcoin
1149028,56346,💡 Is Entry Justified at the Current Quote After Ta...esilient appreciation as trend momentum compounds.,a47bb0bf2ed4051455f74382e3a7025f,2026-09-06T23:36:44+00:00,2026-09-06T23:48:15.099022+00:00,812,binancepumpclubbitcoin
1149021,56338,📣 Trading Advice After Target Level Achievement fo...999 USDT sets the desk up ahead of the next thrust,4169789ce13ddb4d39a18e4e3ce78789,2026-09-06T22:34:37+00:00,2026-09-06T23:48:14.957538+00:00,812,binancepumpclubbitcoin
1149027,56335,🎥 Chart Pattern Visual Study: AI Entry Zone Calcul...ecame proof that the market is in a bullish phase.,57e3f188cb076a3be72e4a53daead42a,2026-09-06T22:00:28+00:00,2026-09-06T23:48:15.037925+00:00,812,binancepumpclubbitcoin
1149020,56332,📣 Trading Advice After Target Level Achievement fo...t 🧮 1245.99 USDT launches a  🚀 profitable campaign,a7cf1185ff4a18d66b7af2f7aed880a1,2026-09-06T21:49:37+00:00,2026-09-06T23:48:14.900441+00:00,812,binancepumpclubbitcoin
1150333,56354,"🔄 Enter Trade Now or Wait for Price Drawdown?


🔝 ...wth, offering superior upside with 49% assurance ⭐",4ce2eea70d51179a20521d8c44d2165d,2026-09-07T00:24:35+00:00,2026-09-07T01:50:02.588517+00:00,812,binancepumpclubbitcoin
1151006,56375,"⏳ Enter Market Now or Wait for Price Correction?

...🧮 0.1195 USDT and shield risk using 0.11939 USDT 🔥",3116f829cb840dac950913ec95cea989,2026-09-07T03:09:29+00:00,2026-09-07T03:17:59.624255+00:00,812,binancepumpclubbitcoin
1151990,56383,🎥 Visual Analysis of Candlestick Patterns: AI Entr... trading volumes at this level reached their peak.,3975c44872ffc18f22e7f3d2ccd9ef07,2026-09-07T03:31:51+00:00,2026-09-07T05:57:00.555654+00:00,812,binancepumpclubbitcoin
1159333,56412,🔍 Does It Make Sense to Buy at Current Price Level.... Allocating at 🧮 0.4642 USDT is highly compelling,6c1cb81ad32cfabc6a2fa3d08563435b,2026-09-07T08:32:53+00:00,2026-09-07T10:22:57.727174+00:00,812,binancepumpclubbitcoin
1165590,56440,📐 Analytical Recommendation for Opening New Trade ... with 44% precision secures meaningful performance,d68accd1eb037ba01e8bce18da474dad,2026-09-07T12:54:30+00:00,2026-09-07T14:52:40.608301+00:00,812,binancepumpclubbitcoin
1169168,56452,"🏆 Recommendation for Trade Entry Right Now Conside...ctors. Buy 🧮 0.00477002 USDT, stop 0.00476087 USDT",d21cf8b2cfce13e0ef51aa2626a8577c,2026-09-07T16:38:07+00:00,2026-09-07T16:40:58.367632+00:00,812,binancepumpclubbitcoin
1174960,56474,💼 Trading Recommendation on Purchase Advisability ... 🧮 6.1459 USDT converts that demand into  🚀 profit,e4211b1597a76e1197290ccc9ce99efc,2026-09-07T20:09:11+00:00,2026-09-07T21:46:53.013515+00:00,812,binancepumpclubbitcoin
1177790,56499,🚀 Analysis of Coin's Further Growth Potential for ...re at 🧮 0.4842 USDT secures maximum upside capture,e532d3e3554db043e00883cc4f687ae3,2026-09-08T01:02:01+00:00,2026-09-08T02:05:33.487291+00:00,812,binancepumpclubbitcoin
1190134,56600,⌛ Buy at Current Market Price or Wait for Pullback...g at 🧮 0.13904 USDT now secures substantial upside,a07db1e5eff310451aaca7ef9df2d357,2026-09-08T11:09:40+00:00,2026-09-08T12:31:40.859785+00:00,812,binancepumpclubbitcoin
1190129,56592,"🎬 Chart Pattern Analysis: Price Journey from Entry...r demand, which is clearly visible in the volumes.",0982bbca26d1d92b02083c754c5aa579,2026-09-08T10:54:34+00:00,2026-09-08T12:31:40.762780+00:00,812,binancepumpclubbitcoin
1199210,56628,📈 Is There Further Growth Potential for Entry at t... 0.024731 USDT print begins a  🚀 profitable ascent,1e2eac194aa606998f8042534f63d1b0,2026-09-08T14:15:11+00:00,2026-09-08T16:52:06.620414+00:00,812,binancepumpclubbitcoin
1203403,56671,"📐 Analytical Recommendation for Opening New Trade ...rowth, unlocking compelling investment potential 💸",b1d9cb5bbbe80cd8ca79a3fd3390d364,2026-09-08T17:18:57+00:00,2026-09-08T19:27:30.716609+00:00,812,binancepumpclubbitcoin
1207908,56674,🧭 Recommendation to Traders on Current Market Situ... the emerging trend into consistent mandate gains.,f3f528910cee10ff734f593f722cc3ba,2026-09-08T21:50:33+00:00,2026-09-08T23:36:38.558822+00:00,812,binancepumpclubbitcoin
1209503,56688,🔑 Advisability of Opening Trade in Current Market ...22 USDT with 🤖AI confidence at 49 maximizes payoff,8a3c6fbac7959307064f8efb5540d5f4,2026-09-09T00:46:00+00:00,2026-09-09T01:13:52.700654+00:00,812,binancepumpclubbitcoin
1209505,56680,⚠️ Enter Position Now or Wait for Price Decline fo...ensuring standout returns in the coming sessions 📊,c245ff9e3735500814ddb6153c966a3a,2026-09-09T00:16:34+00:00,2026-09-09T01:13:52.711979+00:00,812,binancepumpclubbitcoin
1211316,56699,🛑 Buy After Target Achievement or Refrain Until Co... at 🧮 0.00579984 USDT jump-starts portfolio growth,b1862cf0755f334792905f4e13bacb66,2026-09-09T03:40:45+00:00,2026-09-09T04:38:17.359412+00:00,812,binancepumpclubbitcoin
1215958,56702,"⭐ Assessment of Position Entry Attractiveness at T...nfirmation, opening an exceptional growth runway 💰",134799b492b85539ea805ff34571ea3c,2026-09-09T07:06:49+00:00,2026-09-09T07:27:17.083958+00:00,812,binancepumpclubbitcoin
1218108,56715,⚠️ Enter Position Now or Wait for Price Decline fo...03 USDT with 🤖AI confidence at 50 maximizes payoff,0c3a38b03f3cfd9c81990bc4b318f56d,2026-09-09T08:53:05+00:00,2026-09-09T09:00:27.529191+00:00,812,binancepumpclubbitcoin
1218106,56710,🚀 Analysis of Coin's Further Growth Potential for ...age exposure with a stop anchored at 1.9127 USDT 🌟,bbe2ba3b822e4610846030bd74266735,2026-09-09T08:38:19+00:00,2026-09-09T09:00:27.521050+00:00,812,binancepumpclubbitcoin
1222374,56740,📌 Assessment of Upward Movement Continuation Possi... USDT with a backstop at 0.000625 maximizes reward,a2663775ed024bb3d313ee0739062808,2026-09-09T11:15:22+00:00,2026-09-09T12:15:34.282347+00:00,812,binancepumpclubbitcoin
1222370,56730,🤔 Should You Buy the Coin Now After the Target Has...75997 USDT with 44% conviction accelerates returns,5b92237e7b48e4a60f9cff02e9ad0911,2026-09-09T10:48:23+00:00,2026-09-09T12:15:34.149308+00:00,812,binancepumpclubbitcoin
1230714,56802,🧭 Recommendation to Traders on Current Market Situ...l at 🧮 0.00323792 USDT captures the momentum surge,0bc2851a562ae2906b5525db4bbb345b,2026-09-09T17:01:54+00:00,2026-09-09T17:41:58.721724+00:00,812,binancepumpclubbitcoin
1230720,56799,"🔄 Enter Trade Now or Wait for Price Drawdown?


📶 ...ent, ensuring sizable upside with 44% confidence 💰",0a57624ec79da5d2eae97d4174c050e2,2026-09-09T17:00:53+00:00,2026-09-09T17:41:58.778847+00:00,812,binancepumpclubbitcoin
1230721,56784,🤷 Buy the Coin Now or Refrain From Entering Positi...304 USDT sets the desk up ahead of the next thrust,a326369c8c7f6ca0384fa304a3f6ef93,2026-09-09T16:17:52+00:00,2026-09-09T17:41:58.779522+00:00,812,binancepumpclubbitcoin
1230701,56771,📉 Prospects for Position Entry at Current Levels A...th 0.00954 as protection delivers short-term alpha,df4812b9126b36bedc2797d388ca4690,2026-09-09T15:48:20+00:00,2026-09-09T17:41:57.883429+00:00,812,binancepumpclubbitcoin
1255761,57005,"🔄 Enter Trade Now or Wait for Price Drawdown?


📜 ...les, offering superior upside with 47% assurance ⭐",b5869bbd0b4f343bfafc254e5041f23a,2026-09-12T07:00:39+00:00,2026-09-13T21:49:38.700646+00:00,812,binancepumpclubbitcoin
1255746,57002,🧭 Recommendation to Traders on Current Market Situ...0.0007739726 USDT opens a lucrative expansion path,dc132ca5116dfc727625cac8a3c9fb5a,2026-09-12T06:18:05+00:00,2026-09-13T21:49:38.648753+00:00,812,binancepumpclubbitcoin
1255752,56995,🌐 Relevance of Trade Entry at the Current Moment i...T with confidence at 60 accelerates capital growth,6f9a02d89500f94a103f7d438eef1ee2,2026-09-12T04:39:53+00:00,2026-09-13T21:49:38.663888+00:00,812,binancepumpclubbitcoin
1255730,56979,📣 Trading Advice After Target Level Achievement fo...ng the position at 🧮 0.1585 USDT is firmly advised,4b620d1a9b754297b7afaeef437577cc,2026-09-12T00:39:31+00:00,2026-09-13T21:49:38.539590+00:00,812,binancepumpclubbitcoin
1255711,56954,🤔 Should You Buy the Coin Now After the Target Has... 1.6537 USDT positions the book for outsized yield,631dad5b23ba1131df5b2205308a02cb,2026-09-11T04:10:19+00:00,2026-09-13T21:49:38.148654+00:00,812,binancepumpclubbitcoin
1255687,56914,🌟 Entry Prospects at Current Quote at the Moment o...al at 🧮 0.67202 USDT compounds returns immediately,152ff91731343f0c7ed19cedc7ad163e,2026-09-10T14:24:45+00:00,2026-09-13T21:49:37.605762+00:00,812,binancepumpclubbitcoin
1255649,56893,💰 Current Coin Attractiveness for Purchase by New ...T with 49% probability delivers compelling yield 🚀,11716ce45f2b52893723a3d8ebf56dd9,2026-09-10T07:03:04+00:00,2026-09-13T21:49:26.347175+00:00,812,binancepumpclubbitcoin
1255626,56879,🎲 Advisability of Opening New Position After First...ar 🧮 0.053201 USDT accelerates  🚀 profit expansion,92295486e061383756742ec0c03bdede,2026-09-10T03:41:22+00:00,2026-09-13T21:49:26.096447+00:00,812,binancepumpclubbitcoin
1255677,56871,"🤷 Buy the Coin Now or Refrain From Entering Positi...ategories, presenting an outstanding upside window",5809a38715a3745be17ebc3476a0d340,2026-09-10T03:16:26+00:00,2026-09-13T21:49:26.445623+00:00,812,binancepumpclubbitcoin
1255665,56863,"⏳ Enter Market Now or Wait for Price Correction?

...9835 USDT quote positions us for accelerated gains",458457c0091cacc6f0f31456c5e2eb13,2026-09-10T01:25:44+00:00,2026-09-13T21:49:26.383536+00:00,812,binancepumpclubbitcoin
1255621,56853,📌 Assessment of Upward Movement Continuation Possi...5910226 USDT positions the book for outsized yield,052e4b3822f58ad3f051d782e634044d,2026-09-10T01:09:43+00:00,2026-09-13T21:49:25.805966+00:00,812,binancepumpclubbitcoin
1255667,56850,🔑 Advisability of Opening Trade in Current Market ...0.062418 USDT is an excellent point of execution 🎪,3f3f1dee0ba01c1fa78d264d4325bd4d,2026-09-09T23:54:43+00:00,2026-09-13T21:49:26.393944+00:00,812,binancepumpclubbitcoin
1255619,56821,📉 Prospects for Position Entry at Current Levels A...01948 USDT with a stop anchored at 0.019427 USDT 📊,c76612d873efe3d90d43000224c2dacb,2026-09-09T18:24:42+00:00,2026-09-13T21:49:25.194839+00:00,812,binancepumpclubbitcoin
1255608,56815,🔑 Advisability of Opening Trade in Current Market ...34796 USDT initiates a high-yield trading sequence,faee18ae9d3e7e50d6a7523a48ead4fd,2026-09-09T17:54:29+00:00,2026-09-13T21:49:25.138689+00:00,812,binancepumpclubbitcoin
1271584,57203,🕐 Open Position at Current Levels or Wait for Bett...025 USDT keeps us in front of the developing trend,40115f179d6f20f0586397a354ed5757,2026-09-13T06:31:50+00:00,2026-09-14T11:42:09.806789+00:00,812,binancepumpclubbitcoin
1271554,57197,🔬 Assessment of Purchase Viability at Current Mark... USDT and contain downside through 0.019936 USDT 💰,afb3ef4ed43cd938b2209d9badd899a2,2026-09-13T06:05:05+00:00,2026-09-14T11:42:09.479862+00:00,812,binancepumpclubbitcoin
1271545,57194,🎯 Is It Wise to Buy the Coin After the Target Leve... USDT with 0.1039 secured fuels  🚀 profit velocity,d79eb40bb138b80b28682a97e945c60d,2026-09-13T06:03:07+00:00,2026-09-14T11:42:09.278381+00:00,812,binancepumpclubbitcoin
1271552,57181,📐 Analytical Recommendation for Opening New Trade ...esilient appreciation as trend momentum compounds.,366b876e259b8658d35a36764847d8d9,2026-09-13T05:21:16+00:00,2026-09-14T11:42:09.457999+00:00,812,binancepumpclubbitcoin
1271535,57178,🔬 Assessment of Purchase Viability at Current Mark...772 USDT sets the desk up ahead of the next thrust,8f8fb74901b452112ec5eb67c3a2cfaa,2026-09-13T05:20:05+00:00,2026-09-14T11:42:09.182601+00:00,812,binancepumpclubbitcoin
1271538,57172,"🔄 Enter Trade Now or Wait for Price Drawdown?


📡 ... 🧮 0.0007670322 USDT secures meaningful  🚀 profits",c56910237ab86a35570ccf1095b4a353,2026-09-13T05:09:13+00:00,2026-09-14T11:42:09.227256+00:00,812,binancepumpclubbitcoin
1271532,57171,💼 Trading Recommendation on Purchase Advisability ...ng the position at 🧮 1.5618 USDT is firmly advised,fd34b0d9b8e0145896211a9025a492bd,2026-09-13T04:55:59+00:00,2026-09-14T11:42:09.168305+00:00,812,binancepumpclubbitcoin
1271518,57146,🔍 Does It Make Sense to Buy at Current Price Level... Purchase at 🧮 0.35799 USDT with stop 0.35548 USDT,37831402d23f882190161b5a046d460d,2026-09-13T03:56:38+00:00,2026-09-14T11:42:08.995402+00:00,812,binancepumpclubbitcoin
1271523,57138,🔍 Does It Make Sense to Buy at Current Price Level...capital intelligently over the evaluation horizon.,7843eb11a8385bd96f50a012af00f7ca,2026-09-13T03:33:46+00:00,2026-09-14T11:42:09.062867+00:00,812,binancepumpclubbitcoin
1271541,57135,📈 Is There Further Growth Potential for Entry at t...🧮 0.67211 USDT triggers the next appreciation wave,e0c517d341f0e37b3f7b5dceeebaa359,2026-09-13T03:31:59+00:00,2026-09-14T11:42:09.233371+00:00,812,binancepumpclubbitcoin
1271521,57126,"⌛ Buy at Current Market Price or Wait for Pullback...on market, building a near-term  🚀 profit engine 🔥",39ea12fb0ea9b4219fd04f0c4dfea410,2026-09-13T03:16:13+00:00,2026-09-14T11:42:09.018137+00:00,812,binancepumpclubbitcoin
1271526,57121,⚖️ Should You Open a Trade Now or Refrain From Ent...s at 🧮 0.1305 USDT secures the coming vertical leg,4f3f195ed4ca930df5491421cfe7b5df,2026-09-13T02:55:39+00:00,2026-09-14T11:42:09.090017+00:00,812,binancepumpclubbitcoin
1271502,57086,🕐 Open Position at Current Levels or Wait for Bett...🧮 0.084498 USDT and restrict risk to 0.084485 USDT,ae153b6c3f7ca9330a4612747b236c08,2026-09-13T01:46:19+00:00,2026-09-14T11:41:54.546889+00:00,812,binancepumpclubbitcoin
1271478,57073,🏆 Recommendation for Trade Entry Right Now Conside...h under a 44% outlook makes this a strategic buy 💪,f41df2c33d745c075f11f5de93148a80,2026-09-13T01:22:27+00:00,2026-09-14T11:41:54.437497+00:00,812,binancepumpclubbitcoin
1271494,57068,🔍 Does It Make Sense to Buy at Current Price Level...ice of 🧮 0.4047 USDT launches the portfolio higher,a3e282efd2c8f1e719b3db5214b2c4aa,2026-09-13T01:01:01+00:00,2026-09-14T11:41:54.506808+00:00,812,binancepumpclubbitcoin
1271496,57064,"#IOST/USDT (Binance)

🛒Purchase range: 0.000880854...ponds to 🌐GMT+2 Time Zone
13 September 2026, 02:37",8543bd4db9a01d8327f6744fdbe3ffe0,2026-09-13T00:37:24+00:00,2026-09-14T11:41:54.509442+00:00,812,binancepumpclubbitcoin
1271492,57063,🧭 Recommendation to Traders on Current Market Situ...king immediate accumulation extremely attractive 🎯,c62b0eda90b7af5c0b48ce2f3cedeb9d,2026-09-13T00:02:33+00:00,2026-09-14T11:41:54.476759+00:00,812,binancepumpclubbitcoin
1271481,57060,🎖️ Expert Opinion on Trade Entry Advisability at A... at 🧮 0.32699 USDT secures the coming vertical leg,ca464295cfeef9aad1264e37b0e89283,2026-09-12T23:30:43+00:00,2026-09-14T11:41:54.447652+00:00,812,binancepumpclubbitcoin
1271454,57045,"🔄 Enter Trade Now or Wait for Price Drawdown?


📏 ...🧮 3.9101 USDT secures premier upside participation",03e680aa6fe0f46cc0f4234efdc1e565,2026-09-12T20:47:08+00:00,2026-09-14T11:41:54.137026+00:00,812,binancepumpclubbitcoin
1271447,57037,🎓 Advice for Position Opening at Current Price Lev...DT with 48% certainty accelerates  🚀 profitability,77098ee35fa45f1e1e0e97b7ec304c4b,2026-09-12T19:35:07+00:00,2026-09-14T11:41:53.992098+00:00,812,binancepumpclubbitcoin
1271436,57021,⭐ Assessment of Position Entry Attractiveness at T...ng at 🧮 0.26499 USDT secures meaningful  🚀 profits,abdac486561be35fc4cb3eb48db7235c,2026-09-12T15:24:56+00:00,2026-09-14T11:41:53.737985+00:00,812,binancepumpclubbitcoin
1279097,57397,💎 Analysis of Further Growth Potential After Succe...🧮 0.2796 USDT is an excellent point of execution 🎪,cd03ae1595cf5266f0d4acdc8d0fc1f2,2026-09-14T00:24:25+00:00,2026-09-14T13:10:52.472923+00:00,812,binancepumpclubbitcoin
1279077,57392,⌛ Buy at Current Market Price or Wait for Pullback...T with 48% probability delivers compelling yield 🚀,37ec3dc9f877a7949e926bb2b7487838,2026-09-14T00:23:27+00:00,2026-09-14T13:10:52.320601+00:00,812,binancepumpclubbitcoin
1279106,57390,"#SOLV/USDT (Binance)

📊Buy levels: 0.00548938-0.00...ponds to 🌐GMT+2 Time Zone
14 September 2026, 02:13",65e0b4d3395184d01d51631707c6f813,2026-09-14T00:23:24+00:00,2026-09-14T13:10:52.509937+00:00,812,binancepumpclubbitcoin
1279045,57360,📐 Analytical Recommendation for Opening New Trade ...th 0.00335 as protection delivers short-term alpha,3a1e884b00cc14e3e09ec31f482eb064,2026-09-13T21:10:01+00:00,2026-09-14T13:10:51.961638+00:00,812,binancepumpclubbitcoin
1279072,57356,🚦 Open Trade at Current Levels or Skip This Opport...0.00319196 USDT accelerates portfolio appreciation,6c2cec206d211d604ebd6d5e9ed8cc8d,2026-09-13T18:21:29+00:00,2026-09-14T13:10:52.295367+00:00,812,binancepumpclubbitcoin
1279071,57353,🌐 Relevance of Trade Entry at the Current Moment i...g capital at 🧮 0.98362 USDT is extremely favorable,28f7aa255adde3a65f2bee87298b958d,2026-09-13T17:17:49+00:00,2026-09-14T13:10:52.291544+00:00,812,binancepumpclubbitcoin
1279051,57330,🚦 Open Trade at Current Levels or Skip This Opport...ng capital at 🧮 0.9517 USDT is extremely favorable,53f05d7293085c08812e5bd4e737644d,2026-09-13T16:10:02+00:00,2026-09-14T13:10:52.190904+00:00,812,binancepumpclubbitcoin
1279044,57326,⌛ Buy at Current Market Price or Wait for Pullback...t 🧮 0.00362511 USDT is a high-speed  🚀 profit play,89487fae6f34d6842e5fe7c4af612d6f,2026-09-13T15:36:32+00:00,2026-09-14T13:10:51.939825+00:00,812,binancepumpclubbitcoin
1279037,57321,🔍 Does It Make Sense to Buy at Current Price Level...cators on chart. Affix a stop at 0.00604743 USDT 💰,a17a2f1105e7682f517fc9c1467bdcf5,2026-09-13T15:21:21+00:00,2026-09-14T13:10:51.859498+00:00,812,binancepumpclubbitcoin
1279030,57313,🤔 Should You Buy the Coin Now After the Target Has...at 🧮 0.00567014 USDT and guard via 0.00566768 USDT,e8c6f20612f88a162c9b7c24485e2474,2026-09-13T14:52:06+00:00,2026-09-14T13:10:51.339837+00:00,812,binancepumpclubbitcoin
1278913,57288,⚖️ Should You Open a Trade Now or Refrain From Ent...at 🧮 0.047798 USDT now accelerates revenue capture,aa6f3ea36250f6a95c8fcb1e8bd397d3,2026-09-13T14:09:59+00:00,2026-09-14T13:10:40.005681+00:00,812,binancepumpclubbitcoin
1278895,57280,💰 Current Coin Attractiveness for Purchase by New ... at 🧮 0.00349607 USDT maximizes near-dated returns,3c99cd16375e5360c7d51fb7b3fcbf34,2026-09-13T13:26:43+00:00,2026-09-14T13:10:39.964930+00:00,812,binancepumpclubbitcoin
1278881,57274,🎥 Video Analysis of Candlesticks: AI Entry Zone Ca... was made possible by strong support from volumes.,66a8d009e88834e84c4dbd5ca4029b68,2026-09-13T13:15:53+00:00,2026-09-14T13:10:39.928351+00:00,812,binancepumpclubbitcoin
1278875,57261,🔰 Expert Assessment of Coin Purchase Advisability ...🧮 0.044699 USDT with 45% accuracy maximizes upside,257d527b1b03ea2fa01fcfdecb152218,2026-09-13T12:45:48+00:00,2026-09-14T13:10:39.703711+00:00,812,binancepumpclubbitcoin
1278882,57233,🌐 Relevance of Trade Entry at the Current Moment i...t 🧮 4.3299 USDT demands rapid response capability.,79c04afa8578c2067007acba11b451d1,2026-09-13T07:26:17+00:00,2026-09-14T13:10:39.929568+00:00,812,binancepumpclubbitcoin
1278871,57223,⚠️ Enter Position Now or Wait for Price Decline fo...at 🧮 0.086762 USDT now accelerates revenue capture,305410406ebc2379c0aa30ca724f2ae8,2026-09-13T07:24:52+00:00,2026-09-14T13:10:39.558062+00:00,812,binancepumpclubbitcoin
1284298,57449,"🎥 Pattern Visual Analysis: AI Entry Zone Calculati...mpletely organic, as confirmed by volume dynamics.",cc840296e98255a05b05763d63aaf092,2026-09-14T13:15:29+00:00,2026-09-14T14:33:20.504739+00:00,812,binancepumpclubbitcoin
1284323,57448,🔰 Expert Assessment of Coin Purchase Advisability ...1736 as insurance captures the explosive repricing,18d26c074d83e6011e6fe6cdf375da48,2026-09-14T13:03:13+00:00,2026-09-14T14:33:20.742930+00:00,812,binancepumpclubbitcoin
1299993,57467,✨ Coin Purchase Prospects After Predicted Target L... 🧮 0.00736571 USDT accelerates  🚀 profit expansion,dba21d2337444f2b71447a60423388ff,2026-09-15T01:03:58+00:00,2026-09-15T01:07:17.834457+00:00,812,binancepumpclubbitcoin
1300190,57473,📌 Assessment of Upward Movement Continuation Possi...🧮 0.0108 USDT secures premier upside participation,4de1dedd6fc9a4fb356624975216ffd2,2026-09-15T01:17:57+00:00,2026-09-15T02:26:51.846142+00:00,812,binancepumpclubbitcoin
1300642,57493,⭐ Assessment of Position Entry Attractiveness at T... 🧮 0.1562 USDT print begins a  🚀 profitable ascent,601072f9d64cecdd58ca97c44d91aab0,2026-09-15T04:25:11+00:00,2026-09-15T05:05:36.291970+00:00,812,binancepumpclubbitcoin
1304516,57508,🎲 Advisability of Opening New Position After First...020759 USDT while containing risk at 0.020685 USDT,4e9f5c650ff07c2f71d11bf6c0423d26,2026-09-15T10:10:05+00:00,2026-09-15T11:00:33.387072+00:00,812,binancepumpclubbitcoin
1356666,57563,🤷 Buy the Coin Now or Refrain From Entering Positi...at 🧮 0.1306 USDT captures the forthcoming upside 💰,6432fbb7ea7500dbe273187e34dd3c60,2026-09-16T10:26:26+00:00,2026-09-16T11:30:52.275259+00:00,812,binancepumpclubbitcoin
1359543,57571,"📣 Trading Advice After Target Level Achievement fo...et supercycle, anchoring an elevated ROI outlook 🎯",7d766f9ebd4841e89d591500be963e27,2026-09-16T12:24:47+00:00,2026-09-16T13:47:06.527998+00:00,812,binancepumpclubbitcoin
1366752,57579,🕐 Open Position at Current Levels or Wait for Bett...🧮 1313.7 USDT is an excellent point of execution 🎪,aaf3c34ce77bc5b179a999b3ce9ea356,2026-09-16T18:10:16+00:00,2026-09-16T18:35:30.761048+00:00,812,binancepumpclubbitcoin
1376930,57585,🏆 Recommendation for Trade Entry Right Now Conside...t near 🧮 1361.76 USDT captures the next leg higher,b182c26fcc20b8b23e38a4fff7003c28,2026-09-16T19:10:19+00:00,2026-09-16T20:23:03.252148+00:00,812,binancepumpclubbitcoin
1387033,57686,💭 Is It Advisable to Enter a Trade at the Current ...🧮 54.378 USDT secures premier upside participation,4c6cb169bd97de4ac305866a8d935caa,2026-09-17T13:52:22+00:00,2026-09-17T14:11:23.086806+00:00,812,binancepumpclubbitcoin
1387044,57667,⭐ Assessment of Position Entry Attractiveness at T... Entering near 🧮 0.29999 USDT supports the uptrend,f6254e89774eb0be52d421baa729b7fb,2026-09-17T11:08:14+00:00,2026-09-17T14:11:23.117529+00:00,812,binancepumpclubbitcoin
1387012,57656,🎥 Price Pattern Visual Analysis: AI Entry Zone Cal...us that we did not doubt its success for a second.,0301b6977a0f019e176999a7b665ac6c,2026-09-17T10:45:46+00:00,2026-09-17T14:11:22.911889+00:00,812,binancepumpclubbitcoin
1387043,57649,👨‍💼 Professional Recommendation for Position Entry...is the strategically correct decision for the desk,2e5afaeb6294123b30ed53b2685a5cf1,2026-09-17T09:40:24+00:00,2026-09-17T14:11:23.116394+00:00,812,binancepumpclubbitcoin
1387013,57611,"🤔 Should You Buy the Coin Now After the Target Has...nts, ensuring sizable upside with 44% confidence 💰",b38e855773550b8e1107f6d0dfcb3086,2026-09-17T00:27:18+00:00,2026-09-17T14:11:22.912660+00:00,812,binancepumpclubbitcoin
1394433,57699,🚀 Analysis of Coin's Further Growth Potential for ...ng at 🧮 4.5999 USDT now secures substantial upside,746723ef419248694b48ab1d64c73f68,2026-09-17T16:02:22+00:00,2026-09-17T16:10:02.267294+00:00,812,binancepumpclubbitcoin
1396690,57725,🔰 Expert Assessment of Coin Purchase Advisability ... expectation control and predefined contingencies.,5ef463937348bfa73acc03b01b8e2db9,2026-09-17T17:55:26+00:00,2026-09-17T18:55:39.523299+00:00,812,binancepumpclubbitcoin
1396673,57709,"⏳ Enter Market Now or Wait for Price Correction?

...is the strategically correct decision for the desk",cf5b999a09a417a268e9186d70bb88c7,2026-09-17T16:55:27+00:00,2026-09-17T18:55:39.362725+00:00,812,binancepumpclubbitcoin
1400778,57754,🎯 Position Entry Prospects at Current Market Price...t accuracy at 43% sets us up for near-term alpha 📊,e0292fe38099ec21031c085678670285,2026-09-18T00:03:57+00:00,2026-09-18T01:18:54.523359+00:00,812,binancepumpclubbitcoin
1400772,57741,⭐ Assessment of Position Entry Attractiveness at T...g at 🧮 0.02553 USDT now secures substantial upside,44c6d103ea37157e77cd900c911edbfb,2026-09-17T22:17:22+00:00,2026-09-18T01:18:54.477415+00:00,812,binancepumpclubbitcoin
1403760,57771,💭 Is It Advisable to Enter a Trade at the Current ... 🧮 0.194 USDT secures premier upside participation,d16d2601fc4ed1cf193c80609ca343ee,2026-09-18T02:15:50+00:00,2026-09-18T03:12:22.722950+00:00,812,binancepumpclubbitcoin
1403752,57765,📐 Analytical Recommendation for Opening New Trade ... with 0.14 as protection delivers short-term alpha,b4868d2140b4631445f28a0c07466f09,2026-09-18T01:50:12+00:00,2026-09-18T03:12:22.648737+00:00,812,binancepumpclubbitcoin
1406641,57803,"🚀 Analysis of Coin's Further Growth Potential for ... 🧮 0.1787 USDT, the asset becomes a top-tier buy 🔝",e1837764a33d393860aba2e28513f53b,2026-09-18T04:08:02+00:00,2026-09-18T04:50:25.088317+00:00,812,binancepumpclubbitcoin
1406642,57800,"🔄 Enter Trade Now or Wait for Price Drawdown?


🔢 ...t at 🧮 0.1155 USDT now accelerates revenue capture",97a1e8e4dd3288a56e79ba95fa675782,2026-09-18T04:07:05+00:00,2026-09-18T04:50:25.090305+00:00,812,binancepumpclubbitcoin
1406624,57792,🤷 Buy the Coin Now or Refrain From Entering Positi....693 USDT guarantees meaningful pump participation,5c0922032e5823442bc7c2271e81ba87,2026-09-18T03:36:41+00:00,2026-09-18T04:50:24.916943+00:00,812,binancepumpclubbitcoin
1406628,57786,💼 Trading Recommendation on Purchase Advisability ...pital at 🧮 0.1116 USDT captures the momentum surge,7f4c53c74e6051f826189eefddb96fe3,2026-09-18T03:19:43+00:00,2026-09-18T04:50:24.982668+00:00,812,binancepumpclubbitcoin
1409789,57813,📝 Recommendation for Trade Entry After Reaching Fo...T with confidence at 36 accelerates capital growth,7b3d616b5de6e4d8096d7713d9fd2161,2026-09-18T04:51:40+00:00,2026-09-18T06:37:20.843146+00:00,812,binancepumpclubbitcoin
1414649,57833,📐 Analytical Recommendation for Opening New Trade ...4569 USDT secures significant short-term  🚀 profit,fd1adcca9a23979c7c04ec21451b5319,2026-09-18T07:34:38+00:00,2026-09-18T08:31:47.116084+00:00,812,binancepumpclubbitcoin
1419081,57878,"#RAY/USDT (Binance)

💰Entry zone: 1.7142-1.7631

🎯...ponds to 🌐GMT+2 Time Zone
18 September 2026, 12:05",e8f4f0d365b9e1f7855820f01889d35f,2026-09-18T10:06:11+00:00,2026-09-18T10:35:28.606052+00:00,812,binancepumpclubbitcoin
1419085,57866,📌 Assessment of Upward Movement Continuation Possi... with 0.1878 in place grows the crypto book safely,1ec55bcc626e2ec240d6ec16905556a2,2026-09-18T09:25:03+00:00,2026-09-18T10:35:28.618035+00:00,812,binancepumpclubbitcoin
1419066,57863,🧭 Recommendation to Traders on Current Market Situ...027 USDT with signal accuracy of 43 boosts returns,a979b40b264344b690557ca618352ed4,2026-09-18T09:23:58+00:00,2026-09-18T10:35:28.457084+00:00,812,binancepumpclubbitcoin
1422955,57919,🧭 Recommendation to Traders on Current Market Situ...near 🧮 6.8579 USDT taps into that sponsored demand,4f1e49cf57c14d45aabf5d376387b62c,2026-09-18T11:52:43+00:00,2026-09-18T12:36:04.518057+00:00,812,binancepumpclubbitcoin
1422953,57916,📈 Is There Further Growth Potential for Entry at t...t 🧮 9.2392 USDT demands rapid response capability.,523cd83d8e99863cbc18e06c0b8138d4,2026-09-18T11:51:39+00:00,2026-09-18T12:36:04.507034+00:00,812,binancepumpclubbitcoin
1422954,57910,🎯 Position Entry Prospects at Current Market Price...targets incremental upside under strict oversight.,4c8c769d2ee1048ca80978ce25ac9e35,2026-09-18T11:34:31+00:00,2026-09-18T12:36:04.515983+00:00,812,binancepumpclubbitcoin
1422938,57899,"⏰ Should You Open a Position Right Now or Wait for..., and a 49% confidence level validates the entry 📈",a894c84c1474fb2fe11e35e2b30bd1ab,2026-09-18T11:25:30+00:00,2026-09-18T12:36:04.405028+00:00,812,binancepumpclubbitcoin
1422931,57890,💰 Current Coin Attractiveness for Purchase by New ... USDT with a safety net at 0.8652 protects capital,04d7a740ef087c134ffa7e805b329b96,2026-09-18T10:36:27+00:00,2026-09-18T12:36:04.134139+00:00,812,binancepumpclubbitcoin
1425555,57945,"📊 Is Purchase Advisable at Current Price Levels fo...es and forecasts, keeping forward returns elevated",cdf7c716f65fb187c2ab72e167908c21,2026-09-18T14:17:21+00:00,2026-09-18T14:28:42.172502+00:00,812,binancepumpclubbitcoin
1425546,57926,"⭐ Assessment of Position Entry Attractiveness at T... 🧮 0.4049 USDT, the asset becomes a top-tier buy 🔝",4ff77799b198557a88e555571da168fb,2026-09-18T13:40:31+00:00,2026-09-18T14:28:42.064144+00:00,812,binancepumpclubbitcoin
1429494,57968,🎬 Market Pattern Review: Price Journey from Entry ... increase confirmed the interest of major players.,aae41bbfb14da55edf4328f91c4b52de,2026-09-18T15:42:26+00:00,2026-09-18T16:23:48.507929+00:00,812,binancepumpclubbitcoin
1429475,57967,✨ Coin Purchase Prospects After Predicted Target L...🧮 0.1356 USDT is an excellent point of execution 🎪,c4360e91f2e2ecc0849d394288c08012,2026-09-18T15:25:13+00:00,2026-09-18T16:23:48.387118+00:00,812,binancepumpclubbitcoin
1429485,57961,🔬 Assessment of Purchase Viability at Current Mark...ith 1.6023 as protection delivers short-term alpha,c18026c32eb76b31c069f99e387b2f22,2026-09-18T15:06:06+00:00,2026-09-18T16:23:48.480258+00:00,812,binancepumpclubbitcoin
1432743,57982,🎯 Position Entry Prospects at Current Market Price...levates the token to a premier buy candidate today,31e4bacd711735579398992c26c74bb7,2026-09-18T16:40:32+00:00,2026-09-18T18:24:07.160034+00:00,812,binancepumpclubbitcoin
1434979,58037,🕐 Open Position at Current Levels or Wait for Bett...6349 USDT guarantees meaningful pump participation,76936ecf744d4d27c941c5f1d6798973,2026-09-18T20:10:35+00:00,2026-09-18T20:18:24.739759+00:00,812,binancepumpclubbitcoin
1434996,58016,📉 Prospects for Position Entry at Current Levels A...h 0.016994 as protection delivers short-term alpha,22b2922a9d234eda1c056f4231ea501a,2026-09-18T18:34:35+00:00,2026-09-18T20:18:24.852290+00:00,812,binancepumpclubbitcoin
1434973,58007,🎯 Is It Wise to Buy the Coin After the Target Leve...93703 USDT with 45% accuracy rapidly grows capital,8187d46eca7e518d492bac4fcd1bec49,2026-09-18T18:25:32+00:00,2026-09-18T20:18:24.413051+00:00,812,binancepumpclubbitcoin
1437403,58076,⭐ Assessment of Position Entry Attractiveness at T... 🧮 0.3998 USDT expands crypto holdings effectively,b44198c3e134a96f292d781927c51b0a,2026-09-18T22:03:38+00:00,2026-09-18T22:14:11.219662+00:00,812,binancepumpclubbitcoin
1437397,58060,📌 Assessment of Upward Movement Continuation Possi...SDT with a backstop at 0.00317906 maximizes reward,6d5e166684c0192af019ce22a36ed811,2026-09-18T21:06:22+00:00,2026-09-18T22:14:10.965945+00:00,812,binancepumpclubbitcoin
1437377,58041,⚠️ Enter Position Now or Wait for Price Decline fo... at 🧮 0.032501 USDT secures maximum upside capture,0681702525d4a891236d78c6e63b8fca,2026-09-18T20:18:52+00:00,2026-09-18T22:14:10.658299+00:00,812,binancepumpclubbitcoin
1439563,58110,📝 Recommendation for Trade Entry After Reaching Fo...94806 USDT initiates a high-yield trading sequence,13b49d0e74e5412ffb69171fbf360e54,2026-09-19T00:04:55+00:00,2026-09-19T00:06:13.967805+00:00,812,binancepumpclubbitcoin
1439548,58084,💰 Current Coin Attractiveness for Purchase by New ...n. Executing at 🧮 0.41779 USDT is the smart play ⚡,a5469b04b778e58b7c959f3705c81d93,2026-09-18T22:39:58+00:00,2026-09-19T00:06:13.866819+00:00,812,binancepumpclubbitcoin
1441189,58134,🚀 Analysis of Coin's Further Growth Potential for ...ependable output throughout the upcoming sessions.,fb5b95e1a08c4ceb31a4c616ccbe2c57,2026-09-19T01:51:31+00:00,2026-09-19T01:55:55.645085+00:00,812,binancepumpclubbitcoin
1441186,58131,⚖️ Should You Open a Trade Now or Refrain From Ent...ring at 🧮 2.612 USDT secures meaningful  🚀 profits,0c5645def4f90a68cc03c38651a89c5c,2026-09-19T01:24:12+00:00,2026-09-19T01:55:55.557803+00:00,812,binancepumpclubbitcoin
1441195,58125,🚀 Analysis of Coin's Further Growth Potential for ...97778 USDT with a stop anchored at 0.097384 USDT 📊,a38a7ef8c6c92eb81da0615e30c0642c,2026-09-19T00:53:33+00:00,2026-09-19T01:55:55.662154+00:00,812,binancepumpclubbitcoin
1450143,58328,"🤔 Should You Buy the Coin Now After the Target Has..., opening excellent prospects for continued upside",664e8a878a115e08a04faea65dfb2650,2026-09-19T16:09:27+00:00,2026-09-20T01:47:17.844166+00:00,812,binancepumpclubbitcoin
1450138,58325,💭 Is It Advisable to Enter a Trade at the Current ...e asset at 🧮 0.065 USDT captures the impending pop,a0c481a72f926d82fa4e1e41cafb3403,2026-09-19T16:08:26+00:00,2026-09-20T01:47:17.824735+00:00,812,binancepumpclubbitcoin
1450115,58314,💭 Is It Advisable to Enter a Trade at the Current ...USDT with 0.2399 as a backstop maximizes  🚀 profit,d37d485d7945af0387af05dab5f115fa,2026-09-19T15:40:39+00:00,2026-09-20T01:47:17.331642+00:00,812,binancepumpclubbitcoin
1450110,58305,📝 Recommendation for Trade Entry After Reaching Fo...e at 🧮 0.42079 USDT secures maximum upside capture,8ad7da06066b0f82907e805204f39875,2026-09-19T14:57:37+00:00,2026-09-20T01:47:16.983408+00:00,812,binancepumpclubbitcoin
1450120,58290,🤷 Buy the Coin Now or Refrain From Entering Positi... 🧮 0.4162 USDT expands crypto holdings effectively,12023a04ffe2d231d78ad8b74bdebe41,2026-09-19T12:39:38+00:00,2026-09-20T01:47:17.630595+00:00,812,binancepumpclubbitcoin
1450133,58282,📐 Analytical Recommendation for Opening New Trade ...ital at 🧮 0.31719 USDT captures the momentum surge,a95b357e92da3b97fe4912f099dc3e8f,2026-09-19T11:48:34+00:00,2026-09-20T01:47:17.806462+00:00,812,binancepumpclubbitcoin
1450148,58274,📌 Assessment of Upward Movement Continuation Possi...72.19 USDT with 44% accuracy rapidly grows capital,128fbca251a4264fe426024de7d01cdd,2026-09-19T11:40:37+00:00,2026-09-20T01:47:17.860867+00:00,812,binancepumpclubbitcoin
1450103,58270,🧐 Analysis of Entry Opportunity After Successful T...king immediate accumulation extremely attractive 🎯,f0cf705a8877f1e1a6b13889bb798b5b,2026-09-19T11:09:06+00:00,2026-09-20T01:47:16.869998+00:00,812,binancepumpclubbitcoin
1450043,58210,🛑 Buy After Target Achievement or Refrain Until Co...near 🧮 0.1654 USDT accelerates  🚀 profit expansion,e305983cb108851f1e177597553a7f53,2026-09-19T07:56:06+00:00,2026-09-20T01:47:01.052418+00:00,812,binancepumpclubbitcoin
1450035,58190,🚀 Analysis of Coin's Further Growth Potential for ...3 USDT starts the next  🚀 profit wave within hours,3edfbd5d5dde0be90335a6b6f30b7b30,2026-09-19T06:49:55+00:00,2026-09-20T01:47:00.832046+00:00,812,binancepumpclubbitcoin
1450051,58185,🔔 Is Entry Relevant Now Considering Forecast Fulfi...e exposure with a stop anchored at 0.099106 USDT 🌟,d675b056cbd1273bb868cfaeab1e25d7,2026-09-19T06:31:49+00:00,2026-09-20T01:47:01.107872+00:00,812,binancepumpclubbitcoin
1450077,58179,📉 Prospects for Position Entry at Current Levels A...961 USDT with signal accuracy of 44 boosts returns,27b72fcc7c7e2ef37d35e120f3c28f05,2026-09-19T04:53:26+00:00,2026-09-20T01:47:01.283441+00:00,812,binancepumpclubbitcoin
1450042,58173,"🤔 Should You Buy the Coin Now After the Target Has...ve growth, presenting an outstanding upside window",a8c6d5b385422e2f5d90f128926f5f2b,2026-09-19T03:55:44+00:00,2026-09-20T01:47:01.047124+00:00,812,binancepumpclubbitcoin
1450075,58170,📉 Prospects for Position Entry at Current Levels A...2559 USDT is a strategically advantageous decision,5c80c6a6a0e1f1dca8e06372f456b232,2026-09-19T03:54:44+00:00,2026-09-20T01:47:01.271478+00:00,812,binancepumpclubbitcoin
1450054,58156,⭐ Assessment of Position Entry Attractiveness at T...g at 🧮 0.31081 USDT now secures substantial upside,f98bfeb401da500dcb0b0b3a43bf9406,2026-09-19T02:48:21+00:00,2026-09-20T01:47:01.109555+00:00,812,binancepumpclubbitcoin
1468440,58530,"⚠️ Enter Position Now or Wait for Price Decline fo...wth, ensuring sizable upside with 47% confidence 💰",731fc86d08199409339834383ee88ea8,2026-09-20T05:39:16+00:00,2026-09-20T20:42:25.446246+00:00,812,binancepumpclubbitcoin
1468426,58512,📊 Is Purchase Advisable at Current Price Levels fo...sset at 🧮 0.00503804 USDT ensures standout returns,cca9505745a7b8c86e5b3260c5ce7433,2026-09-20T05:05:01+00:00,2026-09-20T20:42:23.446685+00:00,812,binancepumpclubbitcoin
1468416,58504,"🎥 Chart Pattern Visual Study: AI Entry Zone Calcul...en in a complex market, one can earn consistently.",4274c14783a9786463f2f1c2edc32734,2026-09-20T04:52:24+00:00,2026-09-20T20:42:22.189059+00:00,812,binancepumpclubbitcoin
1468411,58497,"🔑 Advisability of Opening Trade in Current Market ...f historical growth, compounding prospective gains",f46ab438aa6b051cdcc6d14935d99beb,2026-09-20T03:42:35+00:00,2026-09-20T20:42:21.514938+00:00,812,binancepumpclubbitcoin
1468397,58474,🎖️ Expert Opinion on Trade Entry Advisability at A...Executing at 🧮 0.00385401 USDT is the smart play ⚡,29347d02f1810284cad40370c54dcdef,2026-09-20T00:46:36+00:00,2026-09-20T20:42:19.344125+00:00,812,binancepumpclubbitcoin
1468382,58464,🚦 Open Trade at Current Levels or Skip This Opport...tering near 🧮 0.00457009 USDT supports the uptrend,00f5c5ebf21ff1be2daf88feedef2380,2026-09-19T23:52:02+00:00,2026-09-20T20:42:18.141743+00:00,812,binancepumpclubbitcoin
1468373,58456,🛑 Buy After Target Achievement or Refrain Until Co...re while volatility stays contained and monitored.,650f3a1e47e22e41d0cac3b2fa4c743b,2026-09-19T23:12:17+00:00,2026-09-20T20:42:17.708290+00:00,812,binancepumpclubbitcoin
1468376,58452,🤔 Should You Buy the Coin Now After the Target Has...at 🧮 0.00794968 USDT secures meaningful  🚀 profits,8e790d9ad8c186876c1933e6e98c12f1,2026-09-19T22:52:14+00:00,2026-09-20T20:42:18.120449+00:00,812,binancepumpclubbitcoin
1468379,58449,🛑 Buy After Target Achievement or Refrain Until Co...re at 🧮 0.089191 USDT maximizes near-dated returns,cb3a49c9c9971d35835c470578634c63,2026-09-19T22:51:15+00:00,2026-09-20T20:42:18.126110+00:00,812,binancepumpclubbitcoin
1468372,58444,"🔍 Does It Make Sense to Buy at Current Price Level...ll scales, building a near-term  🚀 profit engine 🔥",6ef4eca3e10edf1dafff408abf765735,2026-09-19T22:38:43+00:00,2026-09-20T20:42:17.706717+00:00,812,binancepumpclubbitcoin
1468273,58429,📌 Assessment of Upward Movement Continuation Possi...USDT yields substantial gains over the coming days,c1683af335a72ae204f51ca45b88fff8,2026-09-19T21:56:22+00:00,2026-09-20T20:41:58.730829+00:00,812,binancepumpclubbitcoin
1468264,58416,✨ Coin Purchase Prospects After Predicted Target L...rotective liquidity at 0.1801 locks in rapid gains,31a4483a4951d2c0dcc3dff44659b873,2026-09-19T21:22:39+00:00,2026-09-20T20:41:58.174013+00:00,812,binancepumpclubbitcoin
1468226,58403,🔰 Expert Assessment of Coin Purchase Advisability ...1719 USDT guarantees meaningful pump participation,6ce123b080a196025925f868f79c7291,2026-09-19T20:32:29+00:00,2026-09-20T20:41:57.105654+00:00,812,binancepumpclubbitcoin
1468277,58389,🎓 Advice for Position Opening at Current Price Lev...0.00100717 USDT unlocks swift upside participation,aa1d2f97a904a10f5b310c22cc2282bc,2026-09-19T19:53:08+00:00,2026-09-20T20:41:58.744031+00:00,812,binancepumpclubbitcoin
1468217,58356,🎯 Is It Wise to Buy the Coin After the Target Leve...et at 🧮 0.00252996 USDT captures the impending pop,7ddcc3584b426dddb1cc0dd8167f5532,2026-09-19T18:01:37+00:00,2026-09-20T20:41:55.662649+00:00,812,binancepumpclubbitcoin
1481118,58682,📊 Is Purchase Advisable at Current Price Levels fo.... Purchase 🧮 0.058931 USDT with stop 0.058747 USDT,ce055e5de574acbee55f35489e585706,2026-09-20T18:49:20+00:00,2026-09-20T22:43:32.021899+00:00,812,binancepumpclubbitcoin
1481116,58676,"🛑 Buy After Target Achievement or Refrain Until Co...n asset price, anchoring an elevated ROI outlook 🎯",99ef51328fbfbf94db6b390f1ae7b514,2026-09-20T18:47:08+00:00,2026-09-20T22:43:32.019871+00:00,812,binancepumpclubbitcoin
1481104,58665,🎖️ Expert Opinion on Trade Entry Advisability at A...eeing high  🚀 profitability for positioned capital,c44b52f149c534f53c6bf4f48e1cc7b6,2026-09-20T18:07:25+00:00,2026-09-20T22:43:31.955804+00:00,812,binancepumpclubbitcoin
1481095,58654,📊 Is Purchase Advisable at Current Price Levels fo....1919 USDT kicks off the next capital growth cycle,1efb14902913c85b5ccf35c20a7399d5,2026-09-20T17:32:18+00:00,2026-09-20T22:43:31.579030+00:00,812,binancepumpclubbitcoin
1481083,58648,"🔬 Assessment of Purchase Viability at Current Mark... this asset, establishing ideal trading conditions",52110fe217de00df0c6db2a42bfcdb07,2026-09-20T17:19:41+00:00,2026-09-20T22:43:30.823292+00:00,812,binancepumpclubbitcoin
1481084,58645,🌐 Relevance of Trade Entry at the Current Moment i... 0.0592 USDT positions the book for outsized yield,2b642ff932fd26c0ce1890a05f5398c3,2026-09-20T17:18:22+00:00,2026-09-20T22:43:30.824620+00:00,812,binancepumpclubbitcoin
1481086,58639,"🔍 Does It Make Sense to Buy at Current Price Level...ticipants, presenting an outstanding upside window",b7247048de3e40ea3d9d08658ad80c7c,2026-09-20T16:49:31+00:00,2026-09-20T22:43:30.844131+00:00,812,binancepumpclubbitcoin
1480995,58619,🛑 Buy After Target Achievement or Refrain Until Co...ition at 🧮 0.03134 USDT remains highly recommended,23e6c18ddb35c731324adf299d80ec6e,2026-09-20T15:36:16+00:00,2026-09-20T22:43:23.648305+00:00,812,binancepumpclubbitcoin
1480974,58611,🕐 Open Position at Current Levels or Wait for Bett...SDT with 41% conviction accelerates capital growth,21bc0c948c7e3a196ef5cb275c5e5b8f,2026-09-20T15:08:28+00:00,2026-09-20T22:43:23.545452+00:00,812,binancepumpclubbitcoin
1480997,58594,🤷 Buy the Coin Now or Refrain From Entering Positi...for steady accrual of audited performance metrics.,43102453c7049bb47d7743b2e1b7521f,2026-09-20T13:08:58+00:00,2026-09-20T22:43:23.660902+00:00,812,binancepumpclubbitcoin
1480988,58591,"🌐 Relevance of Trade Entry at the Current Moment i... market test. Buy 🧮 1.128 USDT, defend 1.1269 USDT",66ae0d3803024ca7a4e91847ab6b0295,2026-09-20T12:25:15+00:00,2026-09-20T22:43:23.636961+00:00,812,binancepumpclubbitcoin
1480996,58583,⭐ Assessment of Position Entry Attractiveness at T...ormance accrual on track for the strategy horizon.,274916b3a56c89a4a7d1286da82e2c7e,2026-09-20T12:03:36+00:00,2026-09-20T22:43:23.647603+00:00,812,binancepumpclubbitcoin
1480958,58579,🚦 Open Trade at Current Levels or Skip This Opport...ring now at 🧮 0.0034001 USDT is strongly advised 💎,a55514bf0c030846eb0fe5aee362cc13,2026-09-20T09:18:38+00:00,2026-09-20T22:43:23.386640+00:00,812,binancepumpclubbitcoin
1480937,58571,⏰ Should You Open a Position Right Now or Wait for...🧮 0.00330006 USDT opens a lucrative expansion path,bdae9006f6334a74c3c43112a77bd93a,2026-09-20T08:54:25+00:00,2026-09-20T22:43:23.015416+00:00,812,binancepumpclubbitcoin
1480938,58555,🎖️ Expert Opinion on Trade Entry Advisability at A...is the strategically correct decision for the desk,548b3734a5eb4f5fcd723cc30dfe604f,2026-09-20T07:46:35+00:00,2026-09-20T22:43:23.022171+00:00,812,binancepumpclubbitcoin
1480926,58549,"⏰ Should You Open a Position Right Now or Wait for...ward movement, anchoring an elevated ROI outlook 🎯",bb162ed41182c57aef6b53d9a7cbfd99,2026-09-20T07:24:11+00:00,2026-09-20T22:43:22.801633+00:00,812,binancepumpclubbitcoin
1480923,58546,⚠️ Enter Position Now or Wait for Price Decline fo...497 USDT sets the desk up ahead of the next thrust,cba8ffce7925741df611f3137491b4a4,2026-09-20T06:51:52+00:00,2026-09-20T22:43:22.683591+00:00,812,binancepumpclubbitcoin
1484139,58789,🎲 Advisability of Opening New Position After First...8899 USDT secures significant short-term  🚀 profit,8322f696d37225288c41e2f661a1e100,2026-09-21T05:18:39+00:00,2026-09-21T05:44:31.516510+00:00,812,binancepumpclubbitcoin
1484137,58786,👨‍💼 Professional Recommendation for Position Entry...re at 🧮 0.057468 USDT jump-starts portfolio growth,6e63b8f78e429393b06937490a4f59b2,2026-09-21T05:17:45+00:00,2026-09-21T05:44:31.420644+00:00,812,binancepumpclubbitcoin
1484133,58781,🔑 Advisability of Opening Trade in Current Market ...tioning at 🧮 0.274 USDT optimizes trade efficiency,d59cfb4f65f436e58debdd48687cfa68,2026-09-21T05:05:11+00:00,2026-09-21T05:44:31.292099+00:00,812,binancepumpclubbitcoin
1484124,58770,🔰 Expert Assessment of Coin Purchase Advisability ...ding markup cycle with limited volatility leakage.,48472b435ae86049a5b11d0174e5574e,2026-09-21T04:41:02+00:00,2026-09-21T05:44:30.967554+00:00,812,binancepumpclubbitcoin
1484117,58762,🔬 Assessment of Purchase Viability at Current Mark...l at 🧮 0.055972 USDT sets up favorable performance,1027cd1201449084c7f2aa8907ae748a,2026-09-21T04:02:59+00:00,2026-09-21T05:44:30.700735+00:00,812,binancepumpclubbitcoin
1484103,58745,⌛ Buy at Current Market Price or Wait for Pullback... 0.1215 USDT quote lets us ride the imminent surge,0584abf99382cb1044cc82043824a240,2026-09-21T01:55:51+00:00,2026-09-21T05:44:30.242993+00:00,812,binancepumpclubbitcoin
1484098,58739,🧭 Recommendation to Traders on Current Market Situ... USDT with support at 0.04419 compounds  🚀 profits,c2cc7ebd8ef2b3311959d3171dc348f0,2026-09-21T01:11:26+00:00,2026-09-21T05:44:30.070119+00:00,812,binancepumpclubbitcoin
1484096,58736,"💰 Current Coin Attractiveness for Purchase by New ...ccessful bounces, keeping forward returns elevated",53aa79cf51c79226e426cd9753068046,2026-09-21T01:10:47+00:00,2026-09-21T05:44:29.948210+00:00,812,binancepumpclubbitcoin
1484092,58731,🌟 Entry Prospects at Current Quote at the Moment o... USDT with 0.1086 secured fuels  🚀 profit velocity,d5eebbfaf5e4a3ab168f85a31b5150da,2026-09-21T00:40:47+00:00,2026-09-21T05:44:29.899938+00:00,812,binancepumpclubbitcoin
1489564,58819,💎 Analysis of Further Growth Potential After Succe... USDT with 0.1037 secured fuels  🚀 profit velocity,811891ed10e7714ec9f28b2c7efea8e3,2026-09-21T07:42:40+00:00,2026-09-21T07:43:21.378001+00:00,812,binancepumpclubbitcoin
1489549,58800,📐 Analytical Recommendation for Opening New Trade ...🧮 0.0404 USDT is an excellent point of execution 🎪,efd30787cfb7b4693bff5d6922500e05,2026-09-21T06:38:21+00:00,2026-09-21T07:43:20.811283+00:00,812,binancepumpclubbitcoin
1493660,58845,🎓 Advice for Position Opening at Current Price Lev...ing high  🚀 profitability over the coming sessions,38f25d8688a64d4ad0538bb6ad1a4fbf,2026-09-21T09:34:56+00:00,2026-09-21T09:59:40.016967+00:00,812,binancepumpclubbitcoin
1493647,58830,🎯 Position Entry Prospects at Current Market Price...098867 USDT is the right choice to expand capital.,161614a5a50135ab91821aa44a2ac82b,2026-09-21T09:06:55+00:00,2026-09-21T09:59:39.413727+00:00,812,binancepumpclubbitcoin
1493642,58822,"🧭 Recommendation to Traders on Current Market Situ...sset market, establishing ideal trading conditions",7c7343ab5bf704cb5fcdf9d3e428c1dc,2026-09-21T07:57:22+00:00,2026-09-21T09:59:39.186157+00:00,812,binancepumpclubbitcoin
1499390,58925,🔑 Advisability of Opening Trade in Current Market ...883 USDT with signal accuracy of 45 boosts returns,8e2a7de519346d32cb679ccf071f8cee,2026-09-21T12:40:00+00:00,2026-09-21T12:48:29.861839+00:00,812,binancepumpclubbitcoin
1499388,58922,🌟 Entry Prospects at Current Quote at the Moment o...0332 USDT is a strategically advantageous decision,b68abadb0e89e5068eb276d6b0241f45,2026-09-21T12:38:53+00:00,2026-09-21T12:48:29.733972+00:00,812,binancepumpclubbitcoin
1499380,58912,🌟 Entry Prospects at Current Quote at the Moment o...rotective liquidity at 0.1013 locks in rapid gains,696c15e4899e877a2d9e027c4eb374a4,2026-09-21T12:19:15+00:00,2026-09-21T12:48:29.468086+00:00,812,binancepumpclubbitcoin
1499373,58903,🤷 Buy the Coin Now or Refrain From Entering Positi...at 🧮 4.3099 USDT captures the forthcoming upside 💰,2cbdc88771df28f3c68a14442d6b9e99,2026-09-21T12:03:28+00:00,2026-09-21T12:48:29.165943+00:00,812,binancepumpclubbitcoin
1499366,58895,🧐 Analysis of Entry Opportunity After Successful T...1.245 USDT with 45% conviction accelerates returns,bbcf22b430f2a6becb3b753680a79026,2026-09-21T11:33:25+00:00,2026-09-21T12:48:28.846763+00:00,812,binancepumpclubbitcoin
1499361,58889,"🔄 Enter Trade Now or Wait for Price Drawdown?


🔢 ...ital at 🧮 0.23579 USDT captures the momentum surge",2d23452f945f34916bc1eb0158f72bdc,2026-09-21T11:21:19+00:00,2026-09-21T12:48:28.694880+00:00,812,binancepumpclubbitcoin
1499352,58878,📌 Assessment of Upward Movement Continuation Possi...h under a 45% outlook makes this a strategic buy 💪,cf1e526b11a873c3cd829e690989cf5c,2026-09-21T11:09:15+00:00,2026-09-21T12:48:28.260173+00:00,812,binancepumpclubbitcoin
1499341,58864,🚀 Analysis of Coin's Further Growth Potential for ...8828 USDT is a strategically advantageous decision,bac4cf930f67dfb9df771d84d8869c8c,2026-09-21T10:24:38+00:00,2026-09-21T12:48:27.853026+00:00,812,binancepumpclubbitcoin
1499337,58859,📈 Is There Further Growth Potential for Entry at t...13 USDT with a backstop at 0.0268 maximizes reward,518c135c711da6a262fa26dcea313e71,2026-09-21T10:11:17+00:00,2026-09-21T12:48:27.660695+00:00,812,binancepumpclubbitcoin
1503845,58967,💎 Analysis of Further Growth Potential After Succe...t accuracy at 46% sets us up for near-term alpha 📊,c9e59f064f4e6bfc57ad5d8d596ecba4,2026-09-21T14:40:48+00:00,2026-09-21T14:49:18.211757+00:00,812,binancepumpclubbitcoin
1503834,58954,🔔 Is Entry Relevant Now Considering Forecast Fulfi...T with confidence at 43 accelerates capital growth,994224a59dc9d874d2b7d16afa783ac8,2026-09-21T14:25:51+00:00,2026-09-21T14:49:17.868817+00:00,812,binancepumpclubbitcoin
1503835,58953,📌 Assessment of Upward Movement Continuation Possi...1361 USDT quote positions us for accelerated gains,c70a6c907bca5ee39c9b6d319529b101,2026-09-21T14:12:14+00:00,2026-09-21T14:49:17.869769+00:00,812,binancepumpclubbitcoin
1503831,58948,"🔍 Does It Make Sense to Buy at Current Price Level... 0.087999 USDT, the asset becomes a top-tier buy 🔝",516d54d3b10c62e7ee82ba1339b8b6d8,2026-09-21T13:57:59+00:00,2026-09-21T14:49:17.693391+00:00,812,binancepumpclubbitcoin
1503825,58943,💭 Is It Advisable to Enter a Trade at the Current ...2447 USDT quote positions us for accelerated gains,8758b01c1ea63c14539561296ca1795c,2026-09-21T13:37:32+00:00,2026-09-21T14:49:17.534118+00:00,812,binancepumpclubbitcoin
1503818,58933,💡 Is Entry Justified at the Current Quote After Ta...ng at 🧮 0.02961 USDT is a prudent investment move.,5a8b64fc111e6c324e1aa66b203b28cd,2026-09-21T13:05:08+00:00,2026-09-21T14:49:17.317223+00:00,812,binancepumpclubbitcoin
1508391,59028,🧐 Analysis of Entry Opportunity After Successful T...nverts the emerging uptrend into stable  🚀 profit.,9560227d7eb9505d113e41ab1afff5c1,2026-09-21T17:34:47+00:00,2026-09-21T17:48:06.451578+00:00,812,binancepumpclubbitcoin
1508367,58998,⭐ Assessment of Position Entry Attractiveness at T...099 USDT sets the desk up ahead of the next thrust,cf8c066100f0770e25116287f7de4f9c,2026-09-21T16:21:52+00:00,2026-09-21T17:48:05.618218+00:00,812,binancepumpclubbitcoin
1508346,58971,"📈 Is There Further Growth Potential for Entry at t..., opening excellent prospects for continued upside",827e731ce89b456b8583e189e707b798,2026-09-21T15:11:40+00:00,2026-09-21T17:48:04.795378+00:00,812,binancepumpclubbitcoin
1512179,59080,💰 Current Coin Attractiveness for Purchase by New ...🧮 1.834 USDT quote lets us ride the imminent surge,dc6a7f0f7310d21f5ef8e7c2360ace7c,2026-09-21T20:41:16+00:00,2026-09-21T21:11:44.793927+00:00,812,binancepumpclubbitcoin
1512169,59067,📉 Prospects for Position Entry at Current Levels A...with 232.6 as protection delivers short-term alpha,7ec187f9d75a8bea6393c439b5047802,2026-09-21T20:16:41+00:00,2026-09-21T21:11:44.422837+00:00,812,binancepumpclubbitcoin
1512163,59059,"#SYN/USDT (Binance)

📊Buy levels: 0.2685-0.27615

...ponds to 🌐GMT+2 Time Zone
21 September 2026, 21:43",7b30b6d32a5001267f19103ee6318ac9,2026-09-21T19:46:45+00:00,2026-09-21T21:11:44.209226+00:00,812,binancepumpclubbitcoin
1512151,59047,🔰 Expert Assessment of Coin Purchase Advisability ...8049 as insurance captures the explosive repricing,c48254dfd1890e3b91d73a62cb0cf9fc,2026-09-21T18:18:46+00:00,2026-09-21T21:11:43.835472+00:00,812,binancepumpclubbitcoin
1514825,59097,📊 Is Purchase Advisable at Current Price Levels fo...is the strategically correct decision for the desk,8f949dd20e2b305ab59be779287491ff,2026-09-22T00:02:41+00:00,2026-09-22T00:19:25.686008+00:00,812,binancepumpclubbitcoin
1516956,59124,"🕐 Open Position at Current Levels or Wait for Bett...g at 🧮 0.013 USDT delivers swift, tangible returns",5465cabac22489532f65f27e7c2d71f0,2026-09-22T01:55:58+00:00,2026-09-22T02:38:24.728135+00:00,812,binancepumpclubbitcoin
1516954,59122,💼 Trading Recommendation on Purchase Advisability ...f 🧮 0.063299 USDT secures near-term outperformance,ca5e2e98756fb7500e4a3699d7a3e00d,2026-09-22T01:55:54+00:00,2026-09-22T02:38:24.602496+00:00,812,binancepumpclubbitcoin
1516945,59110,⭐ Assessment of Position Entry Attractiveness at T...SDT with 49% conviction accelerates capital growth,1eae6cc73f5115a4d22ee2419c1b28d8,2026-09-22T00:37:25+00:00,2026-09-22T02:38:24.396665+00:00,812,binancepumpclubbitcoin
1518389,59147,🌐 Relevance of Trade Entry at the Current Moment i...ing near 🧮 0.10494 USDT ensures strong performance,049a9dcd0249b1f6f70e3eee67d9e5b1,2026-09-22T04:05:17+00:00,2026-09-22T04:13:55.543262+00:00,812,binancepumpclubbitcoin
1518384,59141,"👨‍💼 Professional Recommendation for Position Entry...on market, presenting an outstanding upside window",389e5a7920736d0b6f07104637e46d11,2026-09-22T02:41:44+00:00,2026-09-22T04:13:55.314683+00:00,812,binancepumpclubbitcoin
1518383,59138,🧐 Analysis of Entry Opportunity After Successful T...sure at 🧮 1.9059 USDT jump-starts portfolio growth,e05754a140b118281cbc8179540f3d67,2026-09-22T02:40:49+00:00,2026-09-22T04:13:55.313457+00:00,812,binancepumpclubbitcoin
1523008,59215,🛑 Buy After Target Achievement or Refrain Until Co...ng at 🧮 0.00110058 USDT optimizes trade efficiency,42fde3377a0232f0ccfe2a725095d5f2,2026-09-22T07:40:35+00:00,2026-09-22T07:57:15.600920+00:00,812,binancepumpclubbitcoin
1522989,59192,"🤷 Buy the Coin Now or Refrain From Entering Positi...lf-sustaining trend, guaranteeing elevated returns",5b838123337f0cf9b874ad22a1a86d56,2026-09-22T06:36:41+00:00,2026-09-22T07:57:14.986502+00:00,812,binancepumpclubbitcoin
1522984,59186,🎖️ Expert Opinion on Trade Entry Advisability at A...nd 🧮 0.093999 USDT captures the coming upside wave,a1c0499c5a8cd91a09a95718b67fcb99,2026-09-22T06:21:23+00:00,2026-09-22T07:57:14.834480+00:00,812,binancepumpclubbitcoin
1522971,59170,⏰ Should You Open a Position Right Now or Wait for...nverts the emerging uptrend into stable  🚀 profit.,2821e22be74bb171c7c6c65e169c1f9d,2026-09-22T05:13:04+00:00,2026-09-22T07:57:14.393627+00:00,812,binancepumpclubbitcoin
1522960,59158,💎 Analysis of Further Growth Potential After Succe... the emerging trend into consistent mandate gains.,4bcf3beeb1a72768e4cd5a472d0bfdfc,2026-09-22T04:41:26+00:00,2026-09-22T07:57:14.064960+00:00,812,binancepumpclubbitcoin
1522959,59155,🚀 Analysis of Coin's Further Growth Potential for ...s a high-conviction entry with meaningful upside 📈,a29d796861cdd38a6394e513c9900563,2026-09-22T04:38:23+00:00,2026-09-22T07:57:14.049043+00:00,812,binancepumpclubbitcoin
1525905,59262,⚖️ Should You Open a Trade Now or Refrain From Ent...ds at 🧮 0.2117 USDT remains extremely advantageous,2b7cfdfa8a66b7d368e9327da5b28d6a,2026-09-22T09:34:58+00:00,2026-09-22T09:52:28.939617+00:00,812,binancepumpclubbitcoin
1525901,59257,🔰 Expert Assessment of Coin Purchase Advisability ....078498 USDT and shield risk using 0.078314 USDT 🔥,df7459052f436e610f9ac12436d9e978,2026-09-22T09:18:29+00:00,2026-09-22T09:52:28.775852+00:00,812,binancepumpclubbitcoin
1525894,59249,"🎖️ Expert Opinion on Trade Entry Advisability at A..., opening excellent prospects for continued upside",33ecf124f215424999ed6d3bea0c6559,2026-09-22T08:52:17+00:00,2026-09-22T09:52:28.563301+00:00,812,binancepumpclubbitcoin
1525876,59225,🔬 Assessment of Purchase Viability at Current Mark...ition at 🧮 0.0184 USDT strengthens near-term yield,8a7b870d30027fbdf1ea0b94d736b36d,2026-09-22T08:03:48+00:00,2026-09-22T09:52:27.863158+00:00,812,binancepumpclubbitcoin
1529155,59314,"🔄 Enter Trade Now or Wait for Price Drawdown?


📌 ...erred accumulation corridor for patient capital. 🌟",742277e9e62e38e2b86080860a5eefdb,2026-09-22T11:57:22+00:00,2026-09-22T11:58:07.124509+00:00,812,binancepumpclubbitcoin
1529153,59311,💭 Is It Advisable to Enter a Trade at the Current ...only works alongside disciplined loss containment.,31f8c69e782e862eff14c4455148b85b,2026-09-22T11:56:09+00:00,2026-09-22T11:58:07.027845+00:00,812,binancepumpclubbitcoin
1529132,59286,📐 Analytical Recommendation for Opening New Trade ...e at 🧮 0.13229 USDT secures maximum upside capture,2a1a9e154841c8901fd5362e7e45d888,2026-09-22T10:42:27+00:00,2026-09-22T11:58:06.216221+00:00,812,binancepumpclubbitcoin
1529127,59278,⚠️ Enter Position Now or Wait for Price Decline fo...205 USDT keeps us in front of the developing trend,f3216713b32032fc690b5f16f602ac28,2026-09-22T10:27:09+00:00,2026-09-22T11:58:06.007457+00:00,812,binancepumpclubbitcoin
1532484,59331,"🔑 Advisability of Opening Trade in Current Market ...rders ratio, establishing ideal trading conditions",646aed2525edb3136b354d7aa67214b7,2026-09-22T12:55:59+00:00,2026-09-22T15:30:05.966605+00:00,812,binancepumpclubbitcoin
1532471,59315,💼 Trading Recommendation on Purchase Advisability ...attractive closer to 0.00388452-0.00389481 USDT. 💎,457ac7bc5866a0df2f4d475e6f769a89,2026-09-22T12:25:58+00:00,2026-09-22T15:30:05.499405+00:00,812,binancepumpclubbitcoin
1532529,59385,"📐 Analytical Recommendation for Opening New Trade ..., and a 45% confidence level validates the entry 📈",9220e1d9d71dc47e347e4ef122b45e2e,2026-09-22T15:19:06+00:00,2026-09-22T15:30:08.058655+00:00,812,binancepumpclubbitcoin
1532524,59380,🔑 Advisability of Opening Trade in Current Market ...side buffered by 0.01826 delivers reliable returns,86f8032d49eb4963ee5671e84dd15031,2026-09-22T15:06:03+00:00,2026-09-22T15:30:07.828943+00:00,812,binancepumpclubbitcoin
1532512,59366,📊 Is Purchase Advisable at Current Price Levels fo... with 47% precision secures meaningful performance,a8d67e462755bb36433e1b7147be4f1a,2026-09-22T14:18:45+00:00,2026-09-22T15:30:07.254341+00:00,812,binancepumpclubbitcoin
1532495,59344,🌟 Entry Prospects at Current Quote at the Moment o...ing the position at 🧮 293.9 USDT is firmly advised,3ec19175d7d8162afb4dfd0ab1ac7682,2026-09-22T13:27:44+00:00,2026-09-22T15:30:06.432860+00:00,812,binancepumpclubbitcoin
1532491,59339,🎖️ Expert Opinion on Trade Entry Advisability at A...tal at 🧮 0.071601 USDT captures the momentum surge,fa7dfad61f3c9cc666223b38ff07136f,2026-09-22T13:13:03+00:00,2026-09-22T15:30:06.280595+00:00,812,binancepumpclubbitcoin
1535949,59425,"🏆 Recommendation for Trade Entry Right Now Conside...tioning phase, anchoring an elevated ROI outlook 🎯",1b09e61774bf732435f7466e65c51125,2026-09-22T17:04:48+00:00,2026-09-22T17:35:58.912131+00:00,812,binancepumpclubbitcoin
1535942,59417,🔔 Is Entry Relevant Now Considering Forecast Fulfi...USDT with 0.01595 secured fuels  🚀 profit velocity,f1eb71a6bfff512675435c166291ab31,2026-09-22T16:34:11+00:00,2026-09-22T17:35:58.695807+00:00,812,binancepumpclubbitcoin
1535936,59410,📣 Trading Advice After Target Level Achievement fo...1371 USDT quote positions us for accelerated gains,5d356e9ac3d616b232dc1901d8acdef1,2026-09-22T16:32:06+00:00,2026-09-22T17:35:58.486494+00:00,812,binancepumpclubbitcoin
1535934,59405,🤷 Buy the Coin Now or Refrain From Entering Positi...sure at 🧮 0.1497 USDT maximizes near-dated returns,927a9931ac7382218a02f27c8fc1e17c,2026-09-22T16:15:44+00:00,2026-09-22T17:35:58.340754+00:00,812,binancepumpclubbitcoin
1540468,59525,"🔬 Assessment of Purchase Viability at Current Mark...ng at 🧮 0.31 USDT delivers swift, tangible returns",043e2bbffc5bacd3b9f866cba20e62e1,2026-09-22T21:20:16+00:00,2026-09-22T21:21:47.768541+00:00,812,binancepumpclubbitcoin
1540461,59517,📝 Recommendation for Trade Entry After Reaching Fo... with 53% precision secures meaningful performance,d9a4fd957bf26c1a4007bd8d7d482ee3,2026-09-22T20:57:47+00:00,2026-09-22T21:21:47.461285+00:00,812,binancepumpclubbitcoin
1540457,59512,"🎬 Technical Pattern Analysis: Price Journey from E...e, considering the volume that entered the market.",cc46ec0775387367b9f032ba84811e0f,2026-09-22T20:56:51+00:00,2026-09-22T21:21:47.304868+00:00,812,binancepumpclubbitcoin
1540454,59508,"🚦 Open Trade at Current Levels or Skip This Opport...owth effect, establishing ideal trading conditions",fc8347598c98aa693661bb5f20ff6ddd,2026-09-22T20:46:27+00:00,2026-09-22T21:21:47.201413+00:00,812,binancepumpclubbitcoin
1540451,59505,"🎖️ Expert Opinion on Trade Entry Advisability at A...nt indicators, anchoring an elevated ROI outlook 🎯",04263ebfd4dba93e069236c7f2ffa957,2026-09-22T20:31:34+00:00,2026-09-22T21:21:47.081267+00:00,812,binancepumpclubbitcoin
1540440,59491,💰 Current Coin Attractiveness for Purchase by New ... Buying at 🧮 0.02564 USDT is a well-validated play,2a721b5910db010c7cc1a8736dc5f80d,2026-09-22T20:03:04+00:00,2026-09-22T21:21:46.687387+00:00,812,binancepumpclubbitcoin
1540428,59477,💡 Is Entry Justified at the Current Quote After Ta...1606 USDT quote positions us for accelerated gains,552c9edb946e75f9f9898068ce247314,2026-09-22T19:16:13+00:00,2026-09-22T21:21:46.289793+00:00,812,binancepumpclubbitcoin
1540420,59468,🏆 Recommendation for Trade Entry Right Now Conside...0.083808 USDT secures premier upside participation,572286f834c7f9a2a3a9b989f4fc7551,2026-09-22T19:11:03+00:00,2026-09-22T21:21:45.944865+00:00,812,binancepumpclubbitcoin
1540419,59466,✨ Coin Purchase Prospects After Predicted Target L...t 🧮 0.02471 USDT keeps trading results consistent.,1c705ca6151131e5d43bf6fc18caba9d,2026-09-22T19:10:59+00:00,2026-09-22T21:21:45.924562+00:00,812,binancepumpclubbitcoin
1540417,59463,📣 Trading Advice After Target Level Achievement fo... 0.026229 USDT converts that demand into  🚀 profit,e6f80cd30c1f69b381575d7c0cc47bdc,2026-09-22T18:48:30+00:00,2026-09-22T21:21:45.815442+00:00,812,binancepumpclubbitcoin
1540394,59439,🔔 Is Entry Relevant Now Considering Forecast Fulfi...ying near 🧮 41.269 USDT ensures strong performance,5e06bbe49ec317e2db49998f96b324c7,2026-09-22T17:41:14+00:00,2026-09-22T21:21:44.962978+00:00,812,binancepumpclubbitcoin
1540395,59436,💼 Trading Recommendation on Purchase Advisability ...1.298 USDT initiates a high-yield trading sequence,52bea6a3f4730927e4f9ed685245a87e,2026-09-22T17:39:53+00:00,2026-09-22T21:21:44.963912+00:00,812,binancepumpclubbitcoin
1544209,59609,💰 Current Coin Attractiveness for Purchase by New ...ing high  🚀 profitability over the coming sessions,0126a45726971c458ff16408b633f959,2026-09-23T00:34:45+00:00,2026-09-23T00:35:11.501873+00:00,812,binancepumpclubbitcoin
1544201,59599,📈 Is There Further Growth Potential for Entry at t...ensuring standout returns in the coming sessions 📊,7d314cd5b7f4c9bb076db812c38e835f,2026-09-23T00:06:56+00:00,2026-09-23T00:35:11.056339+00:00,812,binancepumpclubbitcoin
1544196,59593,📉 Prospects for Position Entry at Current Levels A... 20.721 USDT positions the book for outsized yield,f39edb74b48f02676e4ae168bcee5ab2,2026-09-22T23:53:56+00:00,2026-09-23T00:35:10.860614+00:00,812,binancepumpclubbitcoin
1544189,59584,🚦 Open Trade at Current Levels or Skip This Opport...rs at 🧮 0.028 USDT secures the coming vertical leg,882ca97570b2b98f79c529f2531776cf,2026-09-22T23:38:58+00:00,2026-09-23T00:35:10.612061+00:00,812,binancepumpclubbitcoin
1544183,59576,🌟 Entry Prospects at Current Quote at the Moment o... 🧮 10.194 USDT expands crypto holdings effectively,fc8cf0fce9d35d94a61d6740143a4a37,2026-09-22T23:12:08+00:00,2026-09-23T00:35:10.320047+00:00,812,binancepumpclubbitcoin
1544180,59573,💭 Is It Advisable to Enter a Trade at the Current ...side buffered by 0.01419 delivers reliable returns,98d5422715c9c491933103b89c08b25d,2026-09-22T23:10:59+00:00,2026-09-23T00:35:10.275151+00:00,812,binancepumpclubbitcoin
1544169,59560,🕐 Open Position at Current Levels or Wait for Bett...sition at 🧮 75.002 USDT remains highly recommended,14364c424b9d7b26a6dbded857d6f78e,2026-09-22T22:46:19+00:00,2026-09-23T00:35:09.865596+00:00,812,binancepumpclubbitcoin
1544165,59555,✨ Coin Purchase Prospects After Predicted Target L...ure at 🧮 0.0000093499 USDT is extremely attractive,123449fe5eba6dccaa2d0810fa506f8d,2026-09-22T22:31:19+00:00,2026-09-23T00:35:09.704727+00:00,812,binancepumpclubbitcoin
1546577,59658,"🔬 Assessment of Purchase Viability at Current Mark...of this asset, creating an ideal trading landscape",100830386b016cd5912977d75e36a0e2,2026-09-23T02:57:27+00:00,2026-09-23T03:06:35.986006+00:00,812,binancepumpclubbitcoin
1546567,59644,"⏳ Enter Market Now or Wait for Price Correction?

...662 USDT with signal accuracy of 45 boosts returns",8e579cdef1d2f7145bd09b2af7a26feb,2026-09-23T02:16:51+00:00,2026-09-23T03:06:35.648300+00:00,812,binancepumpclubbitcoin
1546558,59633,⌛ Buy at Current Market Price or Wait for Pullback...0.052339 USDT is an excellent point of execution 🎪,d79e0ad025f29d17b4b51cf1f902ac04,2026-09-23T01:35:27+00:00,2026-09-23T03:06:35.313500+00:00,812,binancepumpclubbitcoin
1546553,59627,🚦 Open Trade at Current Levels or Skip This Opport...9441 USDT secures significant short-term  🚀 profit,e356753fb987d6a8e2fe39b19ab3159a,2026-09-23T01:17:24+00:00,2026-09-23T03:06:35.089210+00:00,812,binancepumpclubbitcoin
1546543,59615,✨ Coin Purchase Prospects After Predicted Target L...USDT yields substantial gains over the coming days,3583a6ac8778dceec5cdb5e497daff26,2026-09-23T00:47:10+00:00,2026-09-23T03:06:34.702301+00:00,812,binancepumpclubbitcoin
1547972,59706,🤷 Buy the Coin Now or Refrain From Entering Positi...s a high-conviction entry with meaningful upside 📈,61cc222a62339dc38e757c2d057ae5a5,2026-09-23T04:52:31+00:00,2026-09-23T05:04:08.934431+00:00,812,binancepumpclubbitcoin
1547970,59703,⌛ Buy at Current Market Price or Wait for Pullback...0.165 USDT initiates a high-yield trading sequence,77acb089956f2616cc8a26eaa5eec8d9,2026-09-23T04:51:37+00:00,2026-09-23T05:04:08.846444+00:00,812,binancepumpclubbitcoin
1547958,59689,🧭 Recommendation to Traders on Current Market Situ...protective liquidity at 0.072 locks in rapid gains,83aabe390a89eb4eb933912d8d259349,2026-09-23T04:09:40+00:00,2026-09-23T05:04:08.413252+00:00,812,binancepumpclubbitcoin
1547953,59683,⚠️ Enter Position Now or Wait for Price Decline fo... 🧮 0.15519 USDT with risk capped at 0.15492 USDT 💎,ed61771f0f4aed4f579243bbed113738,2026-09-23T03:57:15+00:00,2026-09-23T05:04:08.208866+00:00,812,binancepumpclubbitcoin
1547946,59674,🤷 Buy the Coin Now or Refrain From Entering Positi...ating at 🧮 0.09631 USDT compounds capital reliably,8943fe20c394d6a6caea4d6fe70d79ef,2026-09-23T03:43:34+00:00,2026-09-23T05:04:07.958830+00:00,812,binancepumpclubbitcoin
1547937,59664,⏰ Should You Open a Position Right Now or Wait for...USDT yields substantial gains over the coming days,625908273b5f513945e5da7ef4e58c14,2026-09-23T03:16:51+00:00,2026-09-23T05:04:07.559523+00:00,812,binancepumpclubbitcoin
1554808,59799,"💼 Trading Recommendation on Purchase Advisability ...ful buying pressure, compounding prospective gains",6d4ab7603c6c0864cffa1575878e007f,2026-09-23T08:50:56+00:00,2026-09-23T08:52:33.126897+00:00,812,binancepumpclubbitcoin
1554789,59776,⚖️ Should You Open a Trade Now or Refrain From Ent...T with confidence at 47 accelerates capital growth,cecf1667be519ab154b282d62baf71d5,2026-09-23T07:47:59+00:00,2026-09-23T08:52:32.404220+00:00,812,binancepumpclubbitcoin
1554775,59758,👨‍💼 Professional Recommendation for Position Entry...is the strategically correct decision for the desk,9baeedca24a752474f40b31d8c919adf,2026-09-23T07:03:46+00:00,2026-09-23T08:52:31.912607+00:00,812,binancepumpclubbitcoin
1554773,59755,📝 Recommendation for Trade Entry After Reaching Fo...of 🧮 0.04564 USDT secures near-term outperformance,0687b33b7d61c8c17c4af4f76c428484,2026-09-23T07:02:39+00:00,2026-09-23T08:52:31.835952+00:00,812,binancepumpclubbitcoin
1554769,59750,💭 Is It Advisable to Enter a Trade at the Current ...tion at 🧮 0.070999 USDT remains highly recommended,43cd201a65b824f682a55df884c4ebb4,2026-09-23T06:48:15+00:00,2026-09-23T08:52:31.679476+00:00,812,binancepumpclubbitcoin
1554762,59742,🧐 Analysis of Entry Opportunity After Successful T... at 🧮 1.806 USDT launches a  🚀 profitable campaign,70f1dde5a834225c5914bc46be1e83c0,2026-09-23T06:19:19+00:00,2026-09-23T08:52:31.492911+00:00,812,binancepumpclubbitcoin
1554755,59733,🔔 Is Entry Relevant Now Considering Forecast Fulfi...king immediate accumulation extremely attractive 🎯,a07c7f49d38602fc506392ef9e9a9e8a,2026-09-23T06:03:43+00:00,2026-09-23T08:52:31.306101+00:00,812,binancepumpclubbitcoin
1554742,59716,📉 Prospects for Position Entry at Current Levels A... 🧮 0.2222 USDT converts that demand into  🚀 profit,e631b007f0d223e68e16e21b345dd460,2026-09-23T05:21:09+00:00,2026-09-23T08:52:30.811027+00:00,812,binancepumpclubbitcoin
1554737,59710,🔬 Assessment of Purchase Viability at Current Mark...365 USDT secures maximum value in the short term 🏆,0faae2e1f374d36b4df8068563629177,2026-09-23T05:08:44+00:00,2026-09-23T08:52:30.601956+00:00,812,binancepumpclubbitcoin
1559490,59833,📝 Recommendation for Trade Entry After Reaching Fo...xposure at 🧮 0.069102 USDT is extremely attractive,49c505bab3bf45afbbbc3c0ec7555dbd,2026-09-23T10:31:33+00:00,2026-09-23T10:56:06.596721+00:00,812,binancepumpclubbitcoin
1559486,59828,📐 Analytical Recommendation for Opening New Trade ...e at 🧮 0.38429 USDT secures maximum upside capture,45c0f9c118eec650d0335f21bfcacbcc,2026-09-23T10:31:25+00:00,2026-09-23T10:56:06.448843+00:00,812,binancepumpclubbitcoin
1559473,59812,"🚀 Analysis of Coin's Further Growth Potential for ...🧮 0.01189 USDT, the asset becomes a top-tier buy 🔝",18e21799429ac748ac7478615035b8df,2026-09-23T09:24:44+00:00,2026-09-23T10:56:05.983121+00:00,812,binancepumpclubbitcoin
1559471,59809,📊 Is Purchase Advisable at Current Price Levels fo...T with confidence at 44 accelerates capital growth,e081ca3c48ede11d9349936c12bf24fb,2026-09-23T09:23:48+00:00,2026-09-23T10:56:05.931646+00:00,812,binancepumpclubbitcoin
1563635,59846,🔔 Is Entry Relevant Now Considering Forecast Fulfi...ying near 🧮 0.1886 USDT ensures strong performance,5d1c04e5e32d6f37a612c5ad7c112dab,2026-09-23T13:08:50+00:00,2026-09-23T13:09:37.320458+00:00,812,binancepumpclubbitcoin
1570009,59856,🎲 Advisability of Opening New Position After First...🧮 0.351 USDT is a disciplined way to grow capital.,87bf729c4aa8baa59ed06bd59ee95bea,2026-09-23T13:53:51+00:00,2026-09-23T17:16:53.469331+00:00,812,binancepumpclubbitcoin
1570003,59851,🚀 Analysis of Coin's Further Growth Potential for ... of 🧮 1.9616 USDT secures near-term outperformance,66445d5edcac22a498153ce1b55ff43a,2026-09-23T13:38:45+00:00,2026-09-23T17:16:53.150042+00:00,812,binancepumpclubbitcoin
1575494,59883,🎖️ Expert Opinion on Trade Entry Advisability at A... 0.002085 USDT expands crypto holdings effectively,ffe01a441e94094d9bd8ea4266debb0b,2026-09-23T21:37:49+00:00,2026-09-23T22:11:15.432942+00:00,812,binancepumpclubbitcoin
1577281,59888,🔬 Assessment of Purchase Viability at Current Mark...ard the entry with a stop placed at 0.11763 USDT 🚀,1d3686d5ca08c0e7dc9faf74c8a4e869,2026-09-23T22:53:51+00:00,2026-09-24T00:57:12.839575+00:00,812,binancepumpclubbitcoin
1579702,59944,🏆 Recommendation for Trade Entry Right Now Conside... 🧮 0.176 USDT secures premier upside participation,188748597b5d74f9b9cb721f9ec7a1a6,2026-09-24T05:08:25+00:00,2026-09-24T05:09:06.957219+00:00,812,binancepumpclubbitcoin
1579686,59927,🎯 Is It Wise to Buy the Coin After the Target Leve...apital at 🧮 67.38 USDT captures the momentum surge,9c9958d0b3e7e3783e5f121277d2123b,2026-09-24T03:48:43+00:00,2026-09-24T05:09:06.339840+00:00,812,binancepumpclubbitcoin
1579683,59919,🎯 Position Entry Prospects at Current Market Price... 0.067987 USDT converts that demand into  🚀 profit,edeb65c76c6df2a9d3864f069bb781cf,2026-09-24T03:12:02+00:00,2026-09-24T05:09:06.076196+00:00,812,binancepumpclubbitcoin
1587287,59963,💰 Current Coin Attractiveness for Purchase by New ... of 🧮 0.0216 USDT secures near-term outperformance,cfcc2bfd112d3311bc34e7817e4796c1,2026-09-24T07:42:51+00:00,2026-09-24T09:01:35.402775+00:00,812,binancepumpclubbitcoin
1587281,59955,🔑 Advisability of Opening Trade in Current Market ...DT handle is a premium entry with 67% conviction 🎯,f36dfe44840205a73962d6482fcf12ec,2026-09-24T07:12:27+00:00,2026-09-24T09:01:35.049840+00:00,812,binancepumpclubbitcoin
1587278,59952,💼 Trading Recommendation on Purchase Advisability ...🧮 0.092269 USDT unlocks swift upside participation,bdad085b0e1a4a2c3d636de10c4e66af,2026-09-24T06:36:52+00:00,2026-09-24T09:01:35.029187+00:00,812,binancepumpclubbitcoin
1594264,59988,🏆 Recommendation for Trade Entry Right Now Conside...h under a 45% outlook makes this a strategic buy 💪,91e7e2f91d6b703e2d1b653aeb16af59,2026-09-24T13:17:04+00:00,2026-09-24T13:22:44.244106+00:00,812,binancepumpclubbitcoin
1601136,60047,🚦 Open Trade at Current Levels or Skip This Opport...ice of 🧮 0.1826 USDT launches the portfolio higher,8c953a0e613f20d44c37a0ab62ee385d,2026-09-24T17:10:16+00:00,2026-09-24T17:22:13.851783+00:00,812,binancepumpclubbitcoin
1601133,60044,💼 Trading Recommendation on Purchase Advisability ...at 🧮 0.058852 USDT captures the resurgent uptrend.,36d4d22373895edddc87f5771a765509,2026-09-24T17:09:07+00:00,2026-09-24T17:22:13.584699+00:00,812,binancepumpclubbitcoin
1601107,60028,🌐 Relevance of Trade Entry at the Current Moment i...917966 USDT should deliver solid mid-term returns.,125774cab05339874d6883883b92b063,2026-09-24T15:58:32+00:00,2026-09-24T17:22:12.321904+00:00,812,binancepumpclubbitcoin
1601089,60014,🧭 Recommendation to Traders on Current Market Situ...ring at 🧮 10.11 USDT secures meaningful  🚀 profits,262bd8334858bd8754d0e5ff5101567a,2026-09-24T15:04:11+00:00,2026-09-24T17:22:11.483513+00:00,812,binancepumpclubbitcoin
1601082,60005,🌟 Entry Prospects at Current Quote at the Moment o... 0.48781 USDT guarantees attractive follow-through,5ad9d5f9b636d506c6cd1eb8c3d641a5,2026-09-24T14:56:14+00:00,2026-09-24T17:22:11.055107+00:00,812,binancepumpclubbitcoin
1605508,60087,📌 Assessment of Upward Movement Continuation Possi...exposure at 🧮 0.47588 USDT is extremely attractive,907e8f7a2b32ab9a700b56fb08765c6b,2026-09-24T21:02:55+00:00,2026-09-24T21:13:40.186489+00:00,812,binancepumpclubbitcoin
1605497,60080,"#LSK/USDT (Binance)

📊Buy levels: 0.46732-0.48064
...ponds to 🌐GMT+2 Time Zone
24 September 2026, 22:26",ef713c29f5fd18fee2adca4e3b6279e2,2026-09-24T20:27:28+00:00,2026-09-24T21:13:39.574545+00:00,812,binancepumpclubbitcoin
1605495,60079,🎖️ Expert Opinion on Trade Entry Advisability at A...nside buffered by 0.2728 delivers reliable returns,bed4352c12f6287c18b523eb590f0d96,2026-09-24T20:20:51+00:00,2026-09-24T21:13:39.484546+00:00,812,binancepumpclubbitcoin
1605480,60065,"📈 Is There Further Growth Potential for Entry at t...explosion, presenting an outstanding upside window",ac6b3e7bd9a853fc263b65fdc76c445e,2026-09-24T18:11:20+00:00,2026-09-24T21:13:38.758546+00:00,812,binancepumpclubbitcoin
1605478,60061,"🔍 Does It Make Sense to Buy at Current Price Level...stems. Entry 🧮 0.01095 USDT, defense 0.010918 USDT",8e5bb155e2feb85dc57a7d92fea6fa83,2026-09-24T18:10:17+00:00,2026-09-24T21:13:38.743681+00:00,812,binancepumpclubbitcoin
1605469,60052,🌐 Relevance of Trade Entry at the Current Moment i...f 🧮 21.55 USDT offers standout risk-adjusted value,ea1dbf6a10eed182a23277f4a4bd0a1e,2026-09-24T17:47:40+00:00,2026-09-24T21:13:38.254046+00:00,812,binancepumpclubbitcoin
1607499,60114,🎥 Visual Analysis of Candlestick Patterns: AI Entr...us that we did not doubt its success for a second.,edbb03051afded19affec6eb65b018fd,2026-09-24T22:33:50+00:00,2026-09-24T23:11:07.520684+00:00,812,binancepumpclubbitcoin
1607494,60108,🧭 Recommendation to Traders on Current Market Situ...e asset at 🧮 0.02102 USDT ensures standout returns,fd01b9cb679c20b074af89a103e98f66,2026-09-24T22:06:04+00:00,2026-09-24T23:11:07.291086+00:00,812,binancepumpclubbitcoin
1609471,60152,⚖️ Should You Open a Trade Now or Refrain From Ent...USDT with a safety net at 0.00466 protects capital,abbdf982aae832ca3c88307eae4a5b54,2026-09-25T01:08:12+00:00,2026-09-25T02:16:48.954473+00:00,812,binancepumpclubbitcoin
1609464,60144,📣 Trading Advice After Target Level Achievement fo....00635016 USDT triggers the next appreciation wave,a876a044c9c08aa5a64c61e4dc63205d,2026-09-25T00:38:52+00:00,2026-09-25T02:16:48.751143+00:00,812,binancepumpclubbitcoin
1609459,60136,🌐 Relevance of Trade Entry at the Current Moment i...7213 USDT guarantees meaningful pump participation,24dae9142450f1c26579924a82adaa51,2026-09-25T00:23:52+00:00,2026-09-25T02:16:48.565177+00:00,812,binancepumpclubbitcoin
1609451,60126,⚠️ Enter Position Now or Wait for Price Decline fo...1 USDT with a backstop at 0.01453 maximizes reward,e2667b9fdd26d91696c9189a891e4806,2026-09-24T23:40:53+00:00,2026-09-25T02:16:48.124147+00:00,812,binancepumpclubbitcoin
1618312,60198,⌛ Buy at Current Market Price or Wait for Pullback...9 USDT with a backstop at 0.03591 maximizes reward,84e821a410552e268063216fb893cb86,2026-09-25T07:21:07+00:00,2026-09-25T07:41:22.641927+00:00,812,binancepumpclubbitcoin
1618309,60195,🌐 Relevance of Trade Entry at the Current Moment i...levates the token to a premier buy candidate today,c833d203ff95a49c10988d63e4d88b1a,2026-09-25T07:20:06+00:00,2026-09-25T07:41:22.459446+00:00,812,binancepumpclubbitcoin
1618296,60181,"🔄 Enter Trade Now or Wait for Price Drawdown?


⚡ ...round 🧮 1.162 USDT captures the coming upside wave",045477cb162195fdf107d71d2ededed1,2026-09-25T06:21:03+00:00,2026-09-25T07:41:21.909902+00:00,812,binancepumpclubbitcoin
1626085,60268,🔰 Expert Assessment of Coin Purchase Advisability ...cation for investors seeking risk-adjusted growth.,92e5bec05fbffce0c92bf2b46adbe6fc,2026-09-25T11:19:23+00:00,2026-09-25T11:35:12.808923+00:00,812,binancepumpclubbitcoin
1626075,60255,⭐ Assessment of Position Entry Attractiveness at T...🧮 4.9891 USDT is an excellent point of execution 🎪,dfe8f51c0913f87f0cd644db7f84e1ba,2026-09-25T10:50:59+00:00,2026-09-25T11:35:12.120971+00:00,812,binancepumpclubbitcoin
1626069,60248,🛑 Buy After Target Achievement or Refrain Until Co...ure at 🧮 0.77129 USDT maximizes near-dated returns,1773e0bd33afb1715b2c298e25440f03,2026-09-25T10:17:00+00:00,2026-09-25T11:35:11.769715+00:00,812,binancepumpclubbitcoin
1626064,60242,💼 Trading Recommendation on Purchase Advisability ...ile anchoring protection at 0.6116 limits downside,4ac6646ea74953db32f39155f84cb0e4,2026-09-25T09:58:10+00:00,2026-09-25T11:35:11.480784+00:00,812,binancepumpclubbitcoin
1626054,60230,✨ Coin Purchase Prospects After Predicted Target L... with 🤖AI confidence at 48 yields rapid  🚀 profits,274f1928064ee018a61ce85621b9f246,2026-09-25T09:23:39+00:00,2026-09-25T11:35:10.906790+00:00,812,binancepumpclubbitcoin
1626052,60227,🚀 Analysis of Coin's Further Growth Potential for ... 🧮 0.22259 USDT with 46% accuracy maximizes upside,067bd29d2fd70895d63d74be32eeceec,2026-09-25T09:22:45+00:00,2026-09-25T11:35:10.674597+00:00,812,binancepumpclubbitcoin
1626039,60214,✨ Coin Purchase Prospects After Predicted Target L... 🧮 0.03166 USDT accelerates portfolio appreciation,71cd2a7acfe3552372c9a15c13e78ece,2026-09-25T08:35:22+00:00,2026-09-25T11:35:09.872067+00:00,812,binancepumpclubbitcoin
1631160,60281,"💰 Current Coin Attractiveness for Purchase by New ... upward impulses, keeping forward returns elevated",af718b0300ae36dd9cd475f153bee39b,2026-09-25T12:18:57+00:00,2026-09-25T13:47:23.597573+00:00,812,binancepumpclubbitcoin
1634602,60329,👨‍💼 Professional Recommendation for Position Entry... tactic to expand the portfolio base methodically.,2bb17997ebe2ff6d5e56fe2ce8c5c51e,2026-09-25T15:25:33+00:00,2026-09-25T16:00:14.669772+00:00,812,binancepumpclubbitcoin
1634595,60321,"⏳ Enter Market Now or Wait for Price Correction?

...ependable output throughout the upcoming sessions.",581eb951ab5bfea01121737997645d8c,2026-09-25T14:42:55+00:00,2026-09-25T16:00:14.235880+00:00,812,binancepumpclubbitcoin
1631179,60307,✨ Coin Purchase Prospects After Predicted Target L...wnside buffered by 1.781 delivers reliable returns,fcfc5dd54b5ff86e0e6c59e0ba93f2c2,2026-09-25T13:43:49+00:00,2026-09-25T13:47:25.558706+00:00,812,binancepumpclubbitcoin
1631174,60301,📐 Analytical Recommendation for Opening New Trade ....24211 USDT with a stop anchored at 0.24094 USDT 📊,f4c0c06c8cf9423a1a09f832d805590d,2026-09-25T13:20:07+00:00,2026-09-25T13:47:24.996953+00:00,812,binancepumpclubbitcoin
1631172,60296,🎥 Video Study of Patterns: AI Entry Zone Calculati...y such powerful volume that sellers had no chance.,cdb57bb663ab23230c76777c9a11088d,2026-09-25T13:18:37+00:00,2026-09-25T13:47:24.301883+00:00,812,binancepumpclubbitcoin
1631161,60284,💼 Trading Recommendation on Purchase Advisability ...s at 🧮 0.34309 USDT is a high-speed  🚀 profit play,3b912649fcae4dd250a2ee5ac417a3be,2026-09-25T12:19:41+00:00,2026-09-25T13:47:23.607418+00:00,812,binancepumpclubbitcoin
1631153,60274,🚀 Analysis of Coin's Further Growth Potential for ... USDT monetizes the imminent AI-projected breakout,9f5541d965fbbe1398d39f5a98eda2e4,2026-09-25T12:11:18+00:00,2026-09-25T13:47:23.072590+00:00,812,binancepumpclubbitcoin
1639999,60400,⚖️ Should You Open a Trade Now or Refrain From Ent...972 USDT compounds returns as momentum accelerates,9e769ffa12b4e22b35277f4274441096,2026-09-25T19:50:32+00:00,2026-09-25T19:56:56.369352+00:00,812,binancepumpclubbitcoin
1639997,60397,🎯 Position Entry Prospects at Current Market Price...9867 USDT secures significant short-term  🚀 profit,86904d701380989efa28c45ca0848041,2026-09-25T19:34:33+00:00,2026-09-25T19:56:56.218494+00:00,812,binancepumpclubbitcoin
1639984,60381,"🤔 Should You Buy the Coin Now After the Target Has... 0.034271 USDT, the asset becomes a top-tier buy 🔝",83468631c1a904fe07bf670b51b0a8f1,2026-09-25T18:40:49+00:00,2026-09-25T19:56:55.437905+00:00,812,binancepumpclubbitcoin
1639970,60364,📌 Assessment of Upward Movement Continuation Possi...🧮 0.032679 USDT with 46% accuracy maximizes upside,4cd8e2966a1fe2d558f4a9855ac18848,2026-09-25T17:43:54+00:00,2026-09-25T19:56:54.710064+00:00,812,binancepumpclubbitcoin
1639967,60361,🎯 Position Entry Prospects at Current Market Price...59 USDT with 🤖AI confidence at 46 maximizes payoff,82d35f3fc6b9973dd7914eef1c973515,2026-09-25T17:42:58+00:00,2026-09-25T19:56:54.599168+00:00,812,binancepumpclubbitcoin
1639964,60356,"🌐 Relevance of Trade Entry at the Current Moment i...ty indicators, anchoring an elevated ROI outlook 🎯",d6caeba12639418201efa0c424dc0ce8,2026-09-25T17:21:49+00:00,2026-09-25T19:56:54.336335+00:00,812,binancepumpclubbitcoin
1639960,60351,🏆 Recommendation for Trade Entry Right Now Conside...ting at 🧮 0.029221 USDT is an advantageous trade ⚡,7af4c102d46218daa7f5332d77a18fec,2026-09-25T17:04:05+00:00,2026-09-25T19:56:54.171109+00:00,812,binancepumpclubbitcoin
1639953,60343,"⏳ Enter Market Now or Wait for Price Correction?

...USDT yields substantial gains over the coming days",ba159915a088d47d9b0dcd8464fa040a,2026-09-25T16:18:46+00:00,2026-09-25T19:56:53.696048+00:00,812,binancepumpclubbitcoin
1643795,60468,👨‍💼 Professional Recommendation for Position Entry...6208 USDT quote positions us for accelerated gains,b272a73790ff214ef425aad0287fa90b,2026-09-25T23:22:53+00:00,2026-09-25T23:51:07.373005+00:00,812,binancepumpclubbitcoin
1643785,60456,⭐ Assessment of Position Entry Attractiveness at T...eeing high  🚀 profitability for positioned capital,b50497dffe80193664939f416cc7b737,2026-09-25T22:49:14+00:00,2026-09-25T23:51:06.865891+00:00,812,binancepumpclubbitcoin
1643783,60453,🌐 Relevance of Trade Entry at the Current Moment i...on at 🧮 0.00114098 USDT remains highly recommended,71e825a72b5912bc0394aed36c20bd13,2026-09-25T22:48:12+00:00,2026-09-25T23:51:06.631787+00:00,812,binancepumpclubbitcoin
1643771,60437,🕐 Open Position at Current Levels or Wait for Bett...nd 🧮 0.024676 USDT captures the coming upside wave,26ba314a12caab55d6ffc71a8a671591,2026-09-25T21:58:49+00:00,2026-09-25T23:51:05.947850+00:00,812,binancepumpclubbitcoin
1643763,60429,"🚦 Open Trade at Current Levels or Skip This Opport...y ecosystem, establishing ideal trading conditions",3c7c35cff383c0ab3648d4c59acfb223,2026-09-25T21:26:20+00:00,2026-09-25T23:51:05.563511+00:00,812,binancepumpclubbitcoin
1643761,60426,"⚖️ Should You Open a Trade Now or Refrain From Ent...red at 🧮 0.01493 USDT, a prompt buy is justified 🚀",9f7323e172517f87b0b6ac4676fb6db6,2026-09-25T21:25:15+00:00,2026-09-25T23:51:05.369421+00:00,812,binancepumpclubbitcoin
1643754,60418,"⏳ Enter Market Now or Wait for Price Correction?

...🧮 0.01442 USDT expands crypto holdings effectively",0eec3cd82bf006414c42c349efdc84f6,2026-09-25T20:51:01+00:00,2026-09-25T23:51:05.084924+00:00,812,binancepumpclubbitcoin
1643746,60408,⚖️ Should You Open a Trade Now or Refrain From Ent...t 🧮 0.25099 USDT and restrict risk to 0.24982 USDT,660a7dd2d15c42d8c300c4f6e83fac11,2026-09-25T20:41:21+00:00,2026-09-25T23:51:04.535180+00:00,812,binancepumpclubbitcoin
1643745,60405,"🛑 Buy After Target Achievement or Refrain Until Co...uation. Entry 🧮 0.0426 USDT, defense 0.042501 USDT",766e2c0fbd3670f8462b87388665646d,2026-09-25T20:11:51+00:00,2026-09-25T23:51:04.530344+00:00,812,binancepumpclubbitcoin
1646486,60512,💼 Trading Recommendation on Purchase Advisability ... 🧮 0.56952 USDT unlocks swift upside participation,377992c45421e212d483cd9ea5f0eff0,2026-09-26T01:37:06+00:00,2026-09-26T02:14:24.724496+00:00,812,binancepumpclubbitcoin
1646481,60506,📉 Prospects for Position Entry at Current Levels A...at 🧮 0.1246 USDT captures the forthcoming upside 💰,f36e17e0024e95d48a99ddc58ecd229c,2026-09-26T01:20:25+00:00,2026-09-26T02:14:24.443223+00:00,812,binancepumpclubbitcoin
1646476,60500,🤔 Should You Buy the Coin Now After the Target Has...nt near 🧮 0.3795 USDT captures the next leg higher,2cd6a8ab3c923944fb66579be9f5fe79,2026-09-26T01:03:13+00:00,2026-09-26T02:14:24.145011+00:00,812,binancepumpclubbitcoin
1646475,60496,📝 Recommendation for Trade Entry After Reaching Fo...9 USDT initiates a  🚀 profitable capital expansion,d21b8e03c41e89e3742c9a50a330e574,2026-09-26T00:50:01+00:00,2026-09-26T02:14:23.964893+00:00,812,binancepumpclubbitcoin
1646467,60489,🛑 Buy After Target Achievement or Refrain Until Co...959 USDT secures maximum value in the short term 🏆,96795664a4c976b9f3360b7928cda482,2026-09-26T00:41:23+00:00,2026-09-26T02:14:23.649905+00:00,812,binancepumpclubbitcoin
1648063,60549,💎 Analysis of Further Growth Potential After Succe...USDT yields substantial gains over the coming days,54f4b9369e0ac616f93aa7af0828d04d,2026-09-26T04:01:01+00:00,2026-09-26T04:06:56.426543+00:00,812,binancepumpclubbitcoin
1648061,60546,🚦 Open Trade at Current Levels or Skip This Opport...ntering now at 🧮 0.1462 USDT is strongly advised 💎,ab7ff1a1d9575975cdb50a7ed3a88c53,2026-09-26T03:43:46+00:00,2026-09-26T04:06:56.243948+00:00,812,binancepumpclubbitcoin
1649756,60610,🔰 Expert Assessment of Coin Purchase Advisability ...of 🧮 0.01379 USDT secures near-term outperformance,f25ddc17ec87fc0d770ba0bb23a34c0c,2026-09-26T06:36:56+00:00,2026-09-26T06:50:23.611675+00:00,812,binancepumpclubbitcoin
1649754,60607,✨ Coin Purchase Prospects After Predicted Target L...s a high-conviction entry with meaningful upside 📈,c7acd28bc0e9672caa8f042154cde253,2026-09-26T06:36:01+00:00,2026-09-26T06:50:23.567489+00:00,812,binancepumpclubbitcoin
1649751,60603,"🔰 Expert Assessment of Coin Purchase Advisability ...historical movement, compounding prospective gains",47aa41a18b753b2ab9546be263ad40e8,2026-09-26T06:26:25+00:00,2026-09-26T06:50:23.246100+00:00,812,binancepumpclubbitcoin
1649745,60596,"⭐ Assessment of Position Entry Attractiveness at T...et control, opening an exceptional growth runway 💰",f0b3b28efebba89cea5c6b2f78dd451d,2026-09-26T05:57:53+00:00,2026-09-26T06:50:22.870763+00:00,812,binancepumpclubbitcoin
1649742,60591,🏆 Recommendation for Trade Entry Right Now Conside...USDT yields substantial gains over the coming days,d6f195280c2f88c8b6872870b01e35ac,2026-09-26T05:38:33+00:00,2026-09-26T06:50:22.548870+00:00,812,binancepumpclubbitcoin
1649731,60578,🎖️ Expert Opinion on Trade Entry Advisability at A...ting at 🧮 0.099993 USDT is an advantageous trade ⚡,9296a9e450426684d5d498e0d6a8c7f1,2026-09-26T04:47:03+00:00,2026-09-26T06:50:21.796144+00:00,812,binancepumpclubbitcoin
1655096,60646,🔬 Assessment of Purchase Viability at Current Mark... 0.0001045007 USDT accelerates  🚀 profit expansion,23a7f19ddae6510136f2c73845fc76d4,2026-09-26T08:34:44+00:00,2026-09-26T09:23:22.062505+00:00,812,binancepumpclubbitcoin
1655087,60636,📝 Recommendation for Trade Entry After Reaching Fo... 0.0000994003 USDT captures the coming upside wave,ca44701d76c4b9a253fb9e1d637b60ce,2026-09-26T07:49:05+00:00,2026-09-26T09:23:21.353901+00:00,812,binancepumpclubbitcoin
1655073,60618,"💼 Trading Recommendation on Purchase Advisability ...red at 🧮 0.03971 USDT, a prompt buy is justified 🚀",6f2ecc8b316207b15fa0eb68fe0c49f5,2026-09-26T07:12:08+00:00,2026-09-26T09:23:20.149518+00:00,812,binancepumpclubbitcoin
1658479,60682,🎬 Price Action Analysis: Price Journey from Entry ...y such powerful volume that sellers had no chance.,40a0910db919fb4c14b9532d3947fd36,2026-09-26T10:55:57+00:00,2026-09-26T11:42:40.578899+00:00,812,binancepumpclubbitcoin
1658473,60676,"📉 Prospects for Position Entry at Current Levels A...ising asset, establishing ideal trading conditions",7bed00be14816eef9962612023e400b8,2026-09-26T10:13:11+00:00,2026-09-26T11:42:39.462820+00:00,812,binancepumpclubbitcoin
1661889,60713,"💼 Trading Recommendation on Purchase Advisability ...nt trajectory, anchoring an elevated ROI outlook 🎯",078640041a59ec089242b8222318cb50,2026-09-26T12:55:53+00:00,2026-09-26T13:55:25.976431+00:00,812,binancepumpclubbitcoin
1661884,60707,🚀 Analysis of Coin's Further Growth Potential for ... 🧮 0.031219 USDT launches a  🚀 profitable campaign,40cec90024dd141062bc7b7407df5805,2026-09-26T12:36:09+00:00,2026-09-26T13:55:24.217417+00:00,812,binancepumpclubbitcoin
1661875,60694,💡 Is Entry Justified at the Current Quote After Ta...on at 🧮 0.00464694 USDT remains highly recommended,57149fbbb3f998296c3a9242a04e10cb,2026-09-26T12:07:10+00:00,2026-09-26T13:55:23.000769+00:00,812,binancepumpclubbitcoin
