id,external_id,message_preview,hash,published_at,created_at,source_id,source_name
1095434,27289,"🔴 SHORT

#DASH/USDT

Entry zone : 59.66 - 57.93

T....14
52.39
50.65

Stop loss :61.9851

Leverage: 10x",f411d5396acb5d21a798a40ecc6bb7a1,2026-09-04T22:43:45+00:00,2026-09-05T01:07:11.815718+00:00,958,crypto_global_watch_1
1095433,27287,"#PUMP $PUMP LONG TRADE

ENTRY: 0.00427

TARGETS: 0.004438 - 0.004915

STOPLOSS: 0.00416",9a4f9c67de6396aa0bf5c9be7ad4337f,2026-09-04T21:46:12+00:00,2026-09-05T01:07:11.817220+00:00,958,crypto_global_watch_1
1095435,27286,"💰#4 / USDT👑

💎Setup Type: Strong LONG  🔖Opportunit...TP ➝ 0.02700

4️⃣TP ➝ 0.03500

🚫Stop Loss: 0.02100",193f8322957b59ad20c3ed26b6266b87,2026-09-04T20:26:43+00:00,2026-09-05T01:07:11.819156+00:00,958,crypto_global_watch_1
1098340,27340,"📊 #MYX/USDT

🟢 POSITION: LONG

💰 ENTRY RANGE
➤ 0.0...
➤ 0.068

━━━━━━━━━━━━━━━━━━

✅ Manage risk wisely",f6cd5bc356cfed165b11b05524290f2b,2026-09-05T07:03:19+00:00,2026-09-05T07:08:38.563699+00:00,958,crypto_global_watch_1
1098332,27335,"🔴 SHORT

#ALGO/USDT

Entry : 

1) 0.092550
2) 0.09...6146

🛑 Stop : 0.098380

Leverage : 10x (isolated)",b6c1fd4b706f018f59fb97d0516c8672,2026-09-05T07:03:19+00:00,2026-09-05T07:08:38.497919+00:00,958,crypto_global_watch_1
1098331,27341,"📊#TUT/USDT–LONG–30x 🚀

📍 𝐄𝐧𝐭𝐫𝐲 𝐙𝐨𝐧𝐞:

➥ 0.0206, 0....tal.

⚠️ Disclaimer:
Trade at your own risk. DYOR.",656d80af83b97cacaf9801bab3838eae,2026-09-05T07:03:19+00:00,2026-09-05T07:08:38.449592+00:00,958,crypto_global_watch_1
1098328,27339,"🚀 $4/USDT PERP 🚀

🟢 LONG

💰 Entry : 0.027$ – 0.023... 5X – 25X

⛔️ SL : 0.020$

📌 Use Only 2-5% Capital",9bd3b43f068f29804aca4bd3d2c839cf,2026-09-05T07:03:19+00:00,2026-09-05T07:08:38.411106+00:00,958,crypto_global_watch_1
1098327,27330,"$LTC LONG 🟢

10x-15x Lev 

Entry -  53.60-51.50$

TP - 57$- 60$$

SL: 49$",2413ce203c3b0851eb1ea0b4b72858fe,2026-09-05T07:03:19+00:00,2026-09-05T07:08:38.410158+00:00,958,crypto_global_watch_1
1098326,27331,"⌛#BICO/USDT  ( LONG )

🍁 Leverage 👉 20X to 25X 

⛩... 0.02414 | 0.02438 | 0.02469

🔕 Stoploss = 0.02228",a4c1f69d06b4139686fe831f1c608537,2026-09-05T07:03:19+00:00,2026-09-05T07:08:38.405512+00:00,958,crypto_global_watch_1
1098322,27338,"#NOM/USDT LONG     

👉Leverage : Cross 10× To 30×
...00192
2)  0.00202
3)  0.00214

⭕Stoploss : 0.00175",da6dac38f119d39acd2fe992f95e188f,2026-09-05T07:03:19+00:00,2026-09-05T07:08:38.378954+00:00,958,crypto_global_watch_1
1098318,27329,"$XMR LONG 🟢

10x-15x Lev 

Entry -  532$

TP - 570$- 610$

SL: 499$",cd8f6970365339b86c97f1c90d44f388,2026-09-05T07:03:19+00:00,2026-09-05T07:08:38.378106+00:00,958,crypto_global_watch_1
1098315,27334,"🟢 Long

#BCH/USDT

Entry : 

1) 245.79
2) 238.41

...262.60

🛑 Stop : 230.30

Leverage : 10x (isolated)",1a46fc6f81e52773a2184419f5ce4caf,2026-09-05T07:03:19+00:00,2026-09-05T07:08:38.373436+00:00,958,crypto_global_watch_1
1098310,27326,"📊 Let’s SHORT #BE/USDT

💥 Leverage:  Cross 20×  - ...: 

1) 255.0
2) 230.0
3) 200.0

🔖 Stop Loss: 275.0",c137893426375d5b62a2be396b753ba9,2026-09-05T07:03:19+00:00,2026-09-05T07:08:38.359470+00:00,958,crypto_global_watch_1
1098312,27328,"#ACUUSDT — BUY (LONG) 
🎉
🟢 Leverage: Cross  50x

⚡...Risk Management:
Use only 2%– 3%of your portfolio.",9b6f0acc147d63a443b213c4fb4d02e0,2026-09-05T07:03:19+00:00,2026-09-05T07:08:38.357178+00:00,958,crypto_global_watch_1
1098308,27327,"📊 Let’s SHORT #CLO/USDT

💥 Leverage:  Cross 10×  -...) 0.1170
2) 0.1090
3) 0.0960

🔖 Stop Loss: 0.13255",89f4fcf8e7fc9ffe3b13019e1dc7ce4e,2026-09-05T07:03:19+00:00,2026-09-05T07:08:38.341400+00:00,958,crypto_global_watch_1
1098295,27332,"#SHORT 🔴 🔤🔤🔤🔤🔤

#TAC/USDT 

Margin Mode : Isolated...7

🟩 SL : 0.002568 - 100%

📊 LEV : 20X

🇯🇵 Premium",624fb633f50ee65ad357e9157d472ef1,2026-09-05T07:03:19+00:00,2026-09-05T07:08:37.933346+00:00,958,crypto_global_watch_1
1101385,27353,#MAGMA/USDT SHORT NOW 📉,aba7031e9846205ecb67b6273f3e2595,2026-09-05T07:47:34+00:00,2026-09-05T08:33:28.149080+00:00,958,crypto_global_watch_1
1101382,27354,"🚩 SHORT #MAGMA/USDT

⚙️ 50X LEVERAGE

🛡 Entry: 0.2...: 0.22500
TP3: 0.21200

🛑 SL: 0.27000

🔥REACTIONS?",93f315e828b5337b3126fbe071e2361d,2026-09-05T07:47:34+00:00,2026-09-05T08:33:28.016233+00:00,958,crypto_global_watch_1
1101389,27352,"Coin #AKE/USDT

Position: LONG 

Leverage:  Cross ...rgets: 🎯 0.0186, 0.0192, 0.0199

Stop Loss: 0.0168",c39cc0ca00a8233bb2e28db31e30b985,2026-09-05T07:46:13+00:00,2026-09-05T08:33:28.233744+00:00,958,crypto_global_watch_1
1101383,27349,"Short #AKE 50x 0.017900

Tp: 0.017300",ffdcb21fb8acc317eaf4e578b1c59994,2026-09-05T07:44:37+00:00,2026-09-05T08:33:28.126340+00:00,958,crypto_global_watch_1
1101388,27348,"DASHUSDTUSDT  
Exchanges: BINGX 

🟢 Long
Leverage-...5
4) 91.96
5) 99.32
6) 107.26
7) 🚀🚀🚀 

⛔️ SL:
1.00",98433e4efbdbdd46e526f4110b64ad59,2026-09-05T07:41:49+00:00,2026-09-05T08:33:28.221823+00:00,958,crypto_global_watch_1
1101376,27347,"🚩 LONG #B/USDT

⚙️ 75X LEVERAGE

🛡 Entry: 0.2035

...TP2: 0.2099
TP3: 0.2170

🛑 SL: 0.1850

🔥REACTIONS?",ab82d1ef877d5298b36c56ec0c2f4499,2026-09-05T07:41:49+00:00,2026-09-05T08:33:27.926830+00:00,958,crypto_global_watch_1
1101374,27346,B/USDT LONG NOW 📈,d88bf57ade9fd6d34f788e4ff598fd1a,2026-09-05T07:41:49+00:00,2026-09-05T08:33:27.912892+00:00,958,crypto_global_watch_1
1101434,27345,"LAUSDTUSDT  
Exchanges: BINGX 

🟢 Long
Leverage- C....07370000
6) 0.07500000
7) 🚀🚀🚀 

⛔️ SL:
0.06640000",e1481e62e3c54ee88250b8aa674ceb07,2026-09-05T07:19:49+00:00,2026-09-05T08:33:30.236235+00:00,958,crypto_global_watch_1
1101375,27344,"#AKE/USDT BUY (LONG) 

⚡️Leverage : Cross 25x to 5...01760

⚠️Use only 3% - 5% amount of your portfolio",1e514e358c1a18a380caf1d92aa87770,2026-09-05T07:14:18+00:00,2026-09-05T08:33:27.919432+00:00,958,crypto_global_watch_1
1101373,27343,"💵 𝐒𝐈𝐆𝐍𝐀𝐋 𝐀𝐋𝐄𝐑𝐓 💵

#AKE/USDT (25xLONG)

✅ ENTRY:0.0...ETS:-0.01920/0.02050/0.02250

❌ STOP LOSS: 0.01540",ba5e8776c4e6f5902b5bdb14492d551a,2026-09-05T07:12:26+00:00,2026-09-05T08:33:26.886894+00:00,958,crypto_global_watch_1
1101372,27342,"🟢 4/USDT 📈

📈 long Setup 

💰 Entry Zone: 0.0258–0....et 1. 
✅ Move SL to breakeven after Target 1 hits.",51c92a4ae5fdfefb7c5fe6349526c334,2026-09-05T07:12:26+00:00,2026-09-05T08:33:26.714765+00:00,958,crypto_global_watch_1
1105577,27395,"Pair: #DASH/USDT

Short • (10X-50X)

Entry
66.60 -... your own risk. Always use proper risk management.",dd5face5b6372223f9ecfdfd1eee2396,2026-09-05T09:36:49+00:00,2026-09-05T09:46:57.176471+00:00,958,crypto_global_watch_1
1105564,27396,"🔘 Coin : #UAI/USDT 🔘

🔴 SHORT

🔺Entry🔻: 0.4684

⭐️...95 - 0.4401

♦️ StopLoss : 0.4851

🔱 Leverage: 25x",74547cf06904328c0bf6d0b95fd8e69a,2026-09-05T09:36:49+00:00,2026-09-05T09:46:56.850350+00:00,958,crypto_global_watch_1
1105579,27394,"🚀 LONG: $AKE/USDT
LEVERAGE: 50x

✔️ENTRY PRICE: 0....0-0.02080-0.02200

STOP LOSS:  0.01830

REACTIONS?",3885efa4fe620bff4b217259f9ed9c5c,2026-09-05T09:27:32+00:00,2026-09-05T09:46:57.202403+00:00,958,crypto_global_watch_1
1105581,27387,"#4/USDT SHORT     

👉Leverage : Cross 10× To 30×

...  0.0249
2)  0.0239
3)  0.0227

⭕Stoploss : 0.0285",b58893f54bd6168ade94343dd462d0e4,2026-09-05T09:25:50+00:00,2026-09-05T09:46:57.201707+00:00,958,crypto_global_watch_1
1105578,27390,"#ACUUSDT — BUY (LONG) 

🟢 Leverage: Cross  50x

⚡️...Risk Management:
Use only 2%– 3%of your portfolio.",b7d61c1a8e85a373c9585c239bd02dfe,2026-09-05T09:25:50+00:00,2026-09-05T09:46:57.193871+00:00,958,crypto_global_watch_1
1105570,27389,"#AKE/USDT BUY (LONG) 

⚡️Leverage : Cross 25x to 5...01750

⚠️Use only 3% - 5% amount of your portfolio",0d8dbb621f1063a46a30cc79d772c31d,2026-09-05T09:25:50+00:00,2026-09-05T09:46:57.031328+00:00,958,crypto_global_watch_1
1105565,27393,"TRUMPUSDTUSDT  
Exchanges: BINGX 

🟢 Short
Leverag... 2.33
4) 2.30
5) 2.22
6) 2.18
7) 🚀🚀🚀 

⛔️ SL:
2.54",d31c3f6597c6cd9a93cf79efb15fe27c,2026-09-05T09:25:50+00:00,2026-09-05T09:46:56.865889+00:00,958,crypto_global_watch_1
1105584,27386,"Coin #AKE/USDT

Position: LONG 

Leverage:  Cross ...rgets: 🎯 0.0187, 0.0194, 0.0202

Stop Loss: 0.0172",0e7af6654dd50fe2c1b12204c9a9b7ce,2026-09-05T09:06:48+00:00,2026-09-05T09:46:57.244986+00:00,958,crypto_global_watch_1
1105586,27383,"🔴 Short

Pair: #BNB/USDT

📊 Entry Price: 

1) 748....
4) 697.115

Stop Loss: 796.112

Leverage: 10x-20x",da69c7bd61298a6cf4982bd98489fbaf,2026-09-05T09:06:11+00:00,2026-09-05T09:46:57.282923+00:00,958,crypto_global_watch_1
1105587,27381,"COIN: #UAI/USDT (LONG) SETUP

📊 Leverage 25x to 50...ENT IS KEY
Use only 1–2% of your capital per trade",81d45760a07bf5d2578fc63dbb9a291a,2026-09-05T08:35:37+00:00,2026-09-05T09:46:57.312375+00:00,958,crypto_global_watch_1
1105574,27382,"#UAI/USDT LONG     

👉Leverage : Cross 10× To 30×
...
1)  0.480
2)  0.497
3)  0.530

⭕Stoploss : 0.4435",88cf9362e4aac7bb034fcde508f8592e,2026-09-05T08:35:37+00:00,2026-09-05T09:46:57.174035+00:00,958,crypto_global_watch_1
1105569,27376,"📈 LONG #UAI/USDT

🚀 LEVERAGE : 50x

📊 ENTRY PRICE ...7

TP🟢0.490

TP🟢0.520

STOPLOSS 🔴0.440

REACTIONS?",8a5d4bd464804bddce9409811c151427,2026-09-05T08:35:37+00:00,2026-09-05T09:46:56.913196+00:00,958,crypto_global_watch_1
1105568,27377,"SOL/USDT My Short Trade Idea 💡

Leverage 100X

Ent....500

Stop Loss   101.500

Follow Money Management",fc6f7b10a7b512fa2ebd87b4fe860462,2026-09-05T08:35:37+00:00,2026-09-05T09:46:56.879296+00:00,958,crypto_global_watch_1
1105588,27368,ZKP LONG 0.04979 TP1 0.05085,5121d37045cac4e1200ed4e97c96f336,2026-09-05T08:35:36+00:00,2026-09-05T09:46:57.331474+00:00,958,crypto_global_watch_1
1105585,27372,"UBUSDTUSDT  
Exchanges: BINGX 

🟢 Long
Leverage- C....17575000
6) 0.18981000
7) 🚀🚀🚀 

⛔️ SL:
0.13430000",afdf6bfa12c0c05c89f03dfc4283f0bb,2026-09-05T08:35:36+00:00,2026-09-05T09:46:57.284292+00:00,958,crypto_global_watch_1
1105583,27366,"Coin #UAI/USDT

Position: LONG 

Leverage:  Cross ...rgets: 🎯 0.4800, 0.4950, 0.5100

Stop Loss: 0.4350",3d91726e1a79e61ad18a096f53c4b5bb,2026-09-05T08:35:36+00:00,2026-09-05T09:46:57.221837+00:00,958,crypto_global_watch_1
1105580,27369,"🚀 #ZKP/USDT LONG SIGNAL 🚀
📍 Entry: 0.04978


🎯 Tak... your risk, and let's catch this move together! 🪙🔥",e374f6c5bc0d0212782315c8ebb6f8a4,2026-09-05T08:35:36+00:00,2026-09-05T09:46:57.196830+00:00,958,crypto_global_watch_1
1105567,27360,"🚩 SHORT #MAGMA/USDT

⚙️ 50X LEVERAGE

🛡 Entry: 0.2...: 0.22500
TP3: 0.21200

🛑 SL: 0.27000

🔥REACTIONS?",93f315e828b5337b3126fbe071e2361d,2026-09-05T08:35:36+00:00,2026-09-05T09:46:56.880101+00:00,958,crypto_global_watch_1
1105566,27371,"⭐️$UB/USDT  LONG 

🛡Leverage : Cross 25x50

‼️Entr....13430

Use only 3% - 5% amount of your portfolio🛍",c8b154c7a72184b70bac38bd21eee5a3,2026-09-05T08:35:36+00:00,2026-09-05T09:46:56.871729+00:00,958,crypto_global_watch_1
1105561,27359,#MAGMA/USDT SHORT NOW 📉,aba7031e9846205ecb67b6273f3e2595,2026-09-05T08:35:36+00:00,2026-09-05T09:46:56.857464+00:00,958,crypto_global_watch_1
1105560,27355,"Short #AKE 50x 0.017900

Tp: 0.017300",ffdcb21fb8acc317eaf4e578b1c59994,2026-09-05T08:35:36+00:00,2026-09-05T09:46:56.852185+00:00,958,crypto_global_watch_1
1105559,27367,"✅ Long

#ZEC/USDT

Entry zone : 974.306 - 1004.44
...099.35
1129.34

Stop loss :934.1292

Leverage: 10x",ab688b9198dc2b16a557634c9a0716c0,2026-09-05T08:35:36+00:00,2026-09-05T09:46:56.851637+00:00,958,crypto_global_watch_1
1105556,27358,"Coin #AKE/USDT

Position: LONG 

Leverage:  Cross ...rgets: 🎯 0.0186, 0.0192, 0.0199

Stop Loss: 0.0168",c39cc0ca00a8233bb2e28db31e30b985,2026-09-05T08:35:36+00:00,2026-09-05T09:46:56.831651+00:00,958,crypto_global_watch_1
1105555,27364,"Coin #FLOCK/USDT

Position: LONG 

Leverage:  Cros...rgets: 🎯 0.0520, 0.0535, 0.0550

Stop Loss: 0.0475",69cfa9ed8758516f83d74deb391a710e,2026-09-05T08:35:36+00:00,2026-09-05T09:46:56.827692+00:00,958,crypto_global_watch_1
1105553,27363,"#MUBARAKUSDT — BUY (LONG) 
🎉
🟢 Leverage: Cross  50...Risk Management:
Use only 2%– 3%of your portfolio.",51b17c9bd2e3bdb71781086799535897,2026-09-05T08:35:36+00:00,2026-09-05T09:46:56.786644+00:00,958,crypto_global_watch_1
1107391,27411,"🚀 LONG: $1000CAT/USDT🚀
LEVERAGE: 20X-50X

🤍 ENTRY ...30- 0.0027
—————

❌ STOP LOSS: 0.0020❌


REACTIONS",8852841316ea1d138c20254d240cced2,2026-09-05T10:49:06+00:00,2026-09-05T11:25:47.408173+00:00,958,crypto_global_watch_1
1107383,27410,"CTRUSDT - LONG ( Swing trade ) 📈

Entry : Market p...*0.011
0.0113
0.0118
0.0125*

Stoploss at : 0.0083",fc053a7aee278c2e03424404c87f19f3,2026-09-05T10:49:06+00:00,2026-09-05T11:25:47.320021+00:00,958,crypto_global_watch_1
1107395,27400,"✅Entry 0.001920 - 0.001880

(🆘LONG NOMUSDT 5-20x🆘)....002023
🏹Target 6  $0.002054

🚫Stop loss -0.001825",6f80b4e3bbc72f8cb9a2d486c27e46ca,2026-09-05T10:05:11+00:00,2026-09-05T11:25:47.415649+00:00,958,crypto_global_watch_1
1107389,27406,"Pair: #B/USDT

Short • (20X)

Entry
0.19500

Targe... your own risk. Always use proper risk management.",06cca87334a0a0a249b87353d3ae64a5,2026-09-05T10:05:11+00:00,2026-09-05T11:25:47.401298+00:00,958,crypto_global_watch_1
1107388,27402,"📇 Setup: 4/USDT 

SHORT Trade 🛫

✔️ Leverage : 50X... •0.02450
💰 Target 2 • 0.02410
💰 Target3 • 0.02360",244f951151efbbb39225be1b11e30aad,2026-09-05T10:05:11+00:00,2026-09-05T11:25:47.391375+00:00,958,crypto_global_watch_1
1107382,27404,"📇 Setup: B/USDT 

SHORT Trade 🛫

✔️ Leverage : 75X... 1 •0.1850
💰 Target 2 • 0.18150
💰 Target3 • 0.1770",3e501516bbe0f24b24ac83ae66f0256d,2026-09-05T10:05:11+00:00,2026-09-05T11:25:47.315133+00:00,958,crypto_global_watch_1
1107380,27408,"HYPEUSDTUSDT  
Exchanges: BINGX 

🟢 Long
Leverage-...
4) 92.37
5) 99.76
6) 107.74
7) 🚀🚀🚀 

⛔️ SL:
84.27",1b5b3689d2d2e94dc8c888090ce800fc,2026-09-05T10:05:11+00:00,2026-09-05T11:25:47.313092+00:00,958,crypto_global_watch_1
1107378,27407,"Pair: #Q/USDT

Short • (20X)

Entry
0.028480

Targ... your own risk. Always use proper risk management.",3096d2844b5c9eb636133583b6f5146b,2026-09-05T10:05:11+00:00,2026-09-05T11:25:47.308653+00:00,958,crypto_global_watch_1
1107374,27409,"🔘 Coin : #AKE/USDT 🔘

🔴 SHORT

🔺Entry🔻: 0.018966

... 0.017449

♦️ StopLoss : 0.019664

🔱 Leverage: 25x",4153689b7a2ffe7aedd1a269a0cfcf23,2026-09-05T10:05:11+00:00,2026-09-05T11:25:47.220479+00:00,958,crypto_global_watch_1
1107372,27405,"🔰 PAIR: HYPE/ USDT 💹

🟢Position: LONG🚀

☑️ Entry Z...:
🥇 84.932
🥈 85.103
🥉 85.526

❌ Stop Loss: 🔴84.272",d2b3aa71031216f50a17043191ebf594,2026-09-05T10:05:11+00:00,2026-09-05T11:25:47.204049+00:00,958,crypto_global_watch_1
1107367,27398,"🚀 #SOMI/USDT LONG SIGNAL 🚀
📍 Entry: 0.1215


🎯 Tak... your risk, and let's catch this move together! 🪙🔥",4882a262060c3adee2bc3692f0da62b2,2026-09-05T09:48:15+00:00,2026-09-05T11:25:46.771370+00:00,958,crypto_global_watch_1
1107366,27397,SOMI LONG 0.1215 TP1 0.1240,9b31a26a744c5f33234fd95447993eba,2026-09-05T09:48:15+00:00,2026-09-05T11:25:46.701597+00:00,958,crypto_global_watch_1
1108802,27423,"🔴 SHORT

#ALGO/USDT

Entry : 

1) 0.096650
2) 0.09...9963

🛑 Stop : 0.102738

Leverage : 10x (isolated)",e3fdbcb1e3a0f2583a5525689cc3931e,2026-09-05T12:48:49+00:00,2026-09-05T13:06:45.494332+00:00,958,crypto_global_watch_1
1108811,27419,"💰#AKE / USDT👑

💎Setup Type: Strong LONG  🔖Opportun...➝ 0.025000

4️⃣TP ➝ 0.037000

🚫Stop Loss: 0.015000",8fec6e8d2c0319038426ab3a6beac40a,2026-09-05T12:48:48+00:00,2026-09-05T13:06:45.528018+00:00,958,crypto_global_watch_1
1108806,27417,"🚨 #AKE/USDT | LONG

⚡Leverage: Cross 25x

🎯Entry T... follow the signal and secure profits at targets.💎",29ada89c5623581f17ea3d46b1073fa7,2026-09-05T12:48:48+00:00,2026-09-05T13:06:45.510019+00:00,958,crypto_global_watch_1
1108805,27416,"⭐️$FLOCK/USDT  SHORT

🛡Leverage : Cross 25x50

‼️E....06683

Use only 3% - 5% amount of your portfolio🛍",6d43efdc7c43bd1fe08dee320a0c86ac,2026-09-05T12:48:48+00:00,2026-09-05T13:06:45.504959+00:00,958,crypto_global_watch_1
1108797,27413,"BANANAUSDTUSDT  
Exchanges: BINGX 

🟢 Long
Leverag... 4.85
4) 5.24
5) 5.66
6) 6.11
7) 🚀🚀🚀 

⛔️ SL:
5.00",a03219fdaa6b70107170f6fbf373e7ab,2026-09-05T12:48:48+00:00,2026-09-05T13:06:45.471224+00:00,958,crypto_global_watch_1
1108795,27414,"Long 

 $LINK:

TP: 12.1
SL: 11.6 

I typed wrong guys, no problem!",f3a7af251ae2b8fbec2c19ba6f7b89f2,2026-09-05T12:48:48+00:00,2026-09-05T13:06:45.466647+00:00,958,crypto_global_watch_1
1110763,27427,"🔴 Short

Pair: #DOGE/USDT

📊 Entry Price: 

1) 0.0...) 0.081083

Stop Loss: 0.092597

Leverage: 10x-20x",23cc5b20dc4d49bd8c10aca280863197,2026-09-05T13:13:51+00:00,2026-09-05T14:33:47.035217+00:00,958,crypto_global_watch_1
1110755,27428,"🔴 SHORT

#ADA/USDT

Entry zone : 0.22237 - 0.21590....19528
0.18877

Stop loss :0.231013

Leverage: 10x",277bb5128deae2812e506309293bf5b3,2026-09-05T13:13:51+00:00,2026-09-05T14:33:46.772584+00:00,958,crypto_global_watch_1
1110752,27424,"LTCUSDTUSDT  
Exchanges: BINGX 

🟢 Short
Leverage-...1
4) 51.07
5) 49.48
6) 48.41
7) 🚀🚀🚀 

⛔️ SL:
56.39",f360eac1d419f89dcaf765a137aa0ef5,2026-09-05T13:13:51+00:00,2026-09-05T14:33:46.633065+00:00,958,crypto_global_watch_1
1113738,27464,"💸 LONG —AAVE

Entry: 131.01

💸 Targets: 132.35 / 1...30

💸  Stop: 124.41

💸 Move SL to entry after TP1.",dd1260d6018be6a3dca182520f5c6e25,2026-09-05T15:39:20+00:00,2026-09-05T16:03:40.141997+00:00,958,crypto_global_watch_1
1113748,27463,"🚨 #TRADOOR/USDT | LONG

⚡Leverage: Cross 25x

🎯Ent... follow the signal and secure profits at targets.💎",f14cabeccbe53ed90712bc7da67b5f2e,2026-09-05T15:26:14+00:00,2026-09-05T16:03:40.237256+00:00,958,crypto_global_watch_1
1113746,27462,"🚩 LONG #UAI/USDT

⚙️ 50X LEVERAGE

🛡 Entry: 0.4675...TP2: 0.4900
TP3: 0.5150

🛑 SL: 0.4000

🔥REACTIONS?",d6066c412b05368c868f19fd4c6efac9,2026-09-05T15:26:14+00:00,2026-09-05T16:03:40.203816+00:00,958,crypto_global_watch_1
1113707,27444,"➡️ #1000CAT   /USDT (SHORT) 🔽🔽

⌛LEVERAGE : 20X TO...9


💥Use only 1%margin of your total portfolio❤️😘😇",381c646c8d61e6a42f94d97335cc6018,2026-09-05T15:03:51+00:00,2026-09-05T16:03:39.615036+00:00,958,crypto_global_watch_1
1113741,27429,"#SHORT 🔴 🔤🔤🔤🔤🔤

#NEAR/USDT 

Margin Mode : Isolate....003

🟩 SL : 2.302 - 100%

📊 LEV : 20X

🇯🇵 Premium",7ec4635b6cac295749c2995a2e2a07c1,2026-09-05T15:03:50+00:00,2026-09-05T16:03:40.157614+00:00,958,crypto_global_watch_1
1113735,27443,"PEPEUSDTUSDT  
Exchanges: BINGX 

🟢 Long
Leverage-... 3.78
4) 4.00
5) 6.00
6) 6.00
7) 🚀🚀🚀 

⛔️ SL:
3.28",f5069b55bfb2fd130ab3615e3dbfdfa1,2026-09-05T15:03:50+00:00,2026-09-05T16:03:40.109109+00:00,958,crypto_global_watch_1
1113721,27437,"📇 Setup: AKE/USDT 

LONG Trade 🛫

✔️ Leverage : 75....019900
💰 Target 2 • 0.020200
💰 Target3 • 0.020600",5cee648926bfb03c871cf3e8b5e05570,2026-09-05T15:03:50+00:00,2026-09-05T16:03:40.015380+00:00,958,crypto_global_watch_1
1113709,27432,"📈 LONG #4/USDT

🚀 LEVERAGE : 50x

📊 ENTRY PRICE   ...P🟢0.0275

TP🟢0.0290

STOPLOSS 🔴0.0235


REACTIONS?",e1f870cc4f1b00c8c3f2e8c706d71cdb,2026-09-05T15:03:50+00:00,2026-09-05T16:03:39.626597+00:00,958,crypto_global_watch_1
1113701,27433,"AKEUSDTUSDT  
Exchanges: BINGX 

🟢 Long
Leverage- ....02461000
6) 0.02658000
7) 🚀🚀🚀 

⛔️ SL:
0.01760000",5944b7f1e07f689466da7ebdaa57eca9,2026-09-05T15:03:50+00:00,2026-09-05T16:03:39.583621+00:00,958,crypto_global_watch_1
1113693,27435,"⭐️$AKE/USDT  LONG

🛡Leverage : Cross 25x50

‼️Entr...015548

Use only 3% - 5% amount of your portfolio🛍",05fdfb2f43b3c561129e1dc624df5954,2026-09-05T15:03:50+00:00,2026-09-05T16:03:39.533324+00:00,958,crypto_global_watch_1
1113681,27431,"🚀 #TUT/USDT LONG SIGNAL 🚀
📍 Entry: 0.02905


🎯 Tak... your risk, and let's catch this move together! 🪙🔥",b67d0167f757a40fc597062f6fa01ef1,2026-09-05T15:03:50+00:00,2026-09-05T16:03:38.989608+00:00,958,crypto_global_watch_1
1116234,27465,"SUSHIUSDTUSDT  
Exchanges: BINGX 

🟢 Long
Leverage....21848000
6) 0.23596000
7) 🚀🚀🚀 

⛔️ SL:
0.17740000",bbaf5d45212d8e2d26cad8018bcb1216,2026-09-05T16:16:18+00:00,2026-09-05T17:52:04.911626+00:00,958,crypto_global_watch_1
1117683,27470,"🟢 SPOT SIGNAL — BINANCE

#OPN/USDT 🥂

📍 BUY ZONE: ...⚠️ Spot Trade — No Leverage
📌 Manage Risk Properly",f879a1289a73e1bda319c8c266505bd4,2026-09-05T17:57:07+00:00,2026-09-05T19:20:56.418812+00:00,958,crypto_global_watch_1
1117677,27474,"✨OP/USDT

🎗 Trade Type = SHORT 🔴

⭐️ Leverage :- 2...[ 0.0989, 0.0980, 0.0970, 0.0959, 0.0949, 0.0938 ]",4b4fd0630be4225bf0dd4a30f6527ed2,2026-09-05T17:57:07+00:00,2026-09-05T19:20:56.398701+00:00,958,crypto_global_watch_1
1117674,27469,"NIULAIUSDTUSDT  
Exchanges: BINGX 

🟢 Short
Levera....08887000
6) 0.08176000
7) 🚀🚀🚀 

⛔️ SL:
0.13880000",1492dc42ff92d278bab9b442379b712f,2026-09-05T17:57:07+00:00,2026-09-05T19:20:56.393680+00:00,958,crypto_global_watch_1
1119319,27500,"NEARUSDTUSDT  
Exchanges: BINGX 

🟢 Short
Leverage... 2.12
4) 2.06
5) 2.00
6) 1.84
7) 🚀🚀🚀 

⛔️ SL:
2.30",e83ff013fe59e76b0dc276425feb3e18,2026-09-05T20:33:31+00:00,2026-09-05T20:55:04.968972+00:00,958,crypto_global_watch_1
1119315,27501,"✅ Long

#ONT/USDT

Entry zone : 0.053970 - 0.05564...0897
0.062558

Stop loss :0.0517452

Leverage: 10x",5fbeb3cb529b6784127ff961d73d9e6d,2026-09-05T20:33:31+00:00,2026-09-05T20:55:04.933831+00:00,958,crypto_global_watch_1
1119327,27481,"$WLDUSDT

LONG

RR : 2

LEVERAGE : 30x

ENTRY : 0....969

TAKE PROFITS 👇

1️⃣ 0.4101

STOPLOSS : 0.3904",bcaddc5ed74ecefc5758d5f15b3a36b6,2026-09-05T19:26:26+00:00,2026-09-05T20:55:05.220170+00:00,958,crypto_global_watch_1
1119326,27477,"Pair: #OP/USDT

Short • (25X)

Entry
0.10106 - 0.1... your own risk. Always use proper risk management.",70c95cf96be351bc7d9e79c8db6ee5ff,2026-09-05T19:26:26+00:00,2026-09-05T20:55:05.212799+00:00,958,crypto_global_watch_1
1119318,27480,"✅ Long

Pair: #RLC/USDT

📊 Entry Price: 

1) 0.316...16
4) 0.3382

Stop Loss: 0.2966

Leverage: 10x-20x",30bf124fa84616b061d09c4df26ab628,2026-09-05T19:26:26+00:00,2026-09-05T20:55:04.957996+00:00,958,crypto_global_watch_1
1119312,27479,"🚀 #MAGMA/USDT LONG SIGNAL 🚀
📍 Entry: 0.2852


🎯 Ta... your risk, and let's catch this move together! 🪙🔥",b43f89db4307c54f2bf8f31ff6e8363a,2026-09-05T19:26:26+00:00,2026-09-05T20:55:04.883152+00:00,958,crypto_global_watch_1
1119310,27476,"OPUSDTUSDT  
Exchanges: BINGX 

🟢 Short
Leverage- ....71639000
6) 0.65908000
7) 🚀🚀🚀 

⛔️ SL:
0.10400000",3430fd1117b8475e7e85f4d6c17ab605,2026-09-05T19:26:26+00:00,2026-09-05T20:55:04.844379+00:00,958,crypto_global_watch_1
1119306,27475,"STRKUSDTUSDT  
Exchanges: BINGX 

🟢 Short
Leverage....02475000
6) 0.02277000
7) 🚀🚀🚀 

⛔️ SL:
0.02999000",3b2b6535a91189e13cb8842428d712e9,2026-09-05T19:26:26+00:00,2026-09-05T20:55:04.817317+00:00,958,crypto_global_watch_1
1121697,27526,"BNBUSDTUSDT  
Exchanges: BINGX 

🟢 Short
Leverage-... 739.43
5) 716.32
6) 700.92
7) 🚀🚀🚀 

⛔️ SL:
816.45",4fe04cbe3db818b6d534973c84a68cc2,2026-09-05T21:41:54+00:00,2026-09-05T22:25:54.951695+00:00,958,crypto_global_watch_1
1126563,27527,"TRXUSDTUSDT  
Exchanges: BINGX 

🟢 Long
Leverage- ....44090000
6) 0.47617000
7) 🚀🚀🚀 

⛔️ SL:
0.33000000",b5016c9fadd901e1807408fb11eaa6a7,2026-09-06T05:08:16+00:00,2026-09-06T06:15:15.289377+00:00,958,crypto_global_watch_1
1126562,27529,"XMRUSDTUSDT  
Exchanges: BINGX 

🟢 Short
Leverage-... 502.35
5) 485.61
6) 446.76
7) 🚀🚀🚀 

⛔️ SL:
594.28",561f184a7c7b36412c47f20b0c65b7ff,2026-09-06T05:08:16+00:00,2026-09-06T06:15:15.288010+00:00,958,crypto_global_watch_1
1126561,27530,"🔴 SHORT

#XMR/USDT

Entry zone : 572.06 - 555.40

...0
502.35
485.61

Stop loss :594.278

Leverage: 10x",a5686deb609ef0ee227c925634ce0cd8,2026-09-06T05:08:16+00:00,2026-09-06T06:15:15.286631+00:00,958,crypto_global_watch_1
1126560,27528,"🚨 #SOL/USDT | LONG

⚡Leverage: Cross 100x

🎯Entry ... follow the signal and secure profits at targets.💎",83e72661e35260f2092ed718142a4137,2026-09-06T05:08:16+00:00,2026-09-06T06:15:15.281210+00:00,958,crypto_global_watch_1
1128434,27582,"UAIUSDTUSDT  
Exchanges: BINGX 

🟢 Long
Leverage- ...4) 1.00
5) 1.08
6) 1.17
7) 🚀🚀🚀 

⛔️ SL:
0.52000000",e03bbb7e298a4bca918dad5820694386,2026-09-06T07:25:19+00:00,2026-09-06T07:31:40.482159+00:00,958,crypto_global_watch_1
1128430,27581,"Scalp Short $BTC - 79700🔴

SL - 80200 ❌

TP - 79200-78600🚀

Lev - 10x",b26e7461255229b23168f150a4a1c4f2,2026-09-06T07:25:19+00:00,2026-09-06T07:31:40.438855+00:00,958,crypto_global_watch_1
1128449,27568,"🛎️ Trade: #DOT/USDT

Direction: 📈 LONG 

🟢 Entry R...52
• Target 6: 0.9850

💠 Leverage : 5x - 10x - 20x",b101f300efab785f092aaad0c63d43aa,2026-09-06T07:24:34+00:00,2026-09-06T07:31:40.602995+00:00,958,crypto_global_watch_1
1128448,27576,"🟢 LONG  - $ZEN

- Entry market: 7.716
- Entry limi... the funds if trading without caution & knowledge.",a83cefec7eb7305a13e74b3caf360d66,2026-09-06T07:24:34+00:00,2026-09-06T07:31:40.588587+00:00,958,crypto_global_watch_1
1128447,27574,"Pair: #BLESS/USDT

Long • (20X)

Entry
0.009260 - ...t your own risk. Always use proper risk management",fbd27491d38c8d1e35c5300ec6e66eee,2026-09-06T07:24:34+00:00,2026-09-06T07:31:40.564693+00:00,958,crypto_global_watch_1
1128446,27565,"#SHORT 🔴 🔤🔤🔤🔤🔤

#MARSCOIN/USDT 

Margin Mode : Iso...47

🟩 SL : 0.23529 - 100%

📊 LEV : 20X

🇯🇵 Premium",06d5350a9e14f9a1edbd42e8b82bab77,2026-09-06T07:24:34+00:00,2026-09-06T07:31:40.532740+00:00,958,crypto_global_watch_1
1128444,27573,"Pair: #SUSHI/USDT

Long • (20X)

Entry
0.2415 - 0....t your own risk. Always use proper risk management",ff86911e480449f106fcf54f61ef5b15,2026-09-06T07:24:34+00:00,2026-09-06T07:31:40.502341+00:00,958,crypto_global_watch_1
1128442,27570,"COIN: #IOST/USDT (LONG) SETUP

📊 Leverage 25x to 5...ENT IS KEY
Use only 1–2% of your capital per trade",efe6496f3c2278b1d977598fcc39cefe,2026-09-06T07:24:34+00:00,2026-09-06T07:31:40.500832+00:00,958,crypto_global_watch_1
1128440,27579,"🔴 SHORT

#ZEC/USDT

Entry : 

1) 1071.19
2) 1103.3...7.079

🛑 Stop : 1138.67

Leverage : 10x (isolated)",acbcbf7023b9a985dd703659270bde70,2026-09-06T07:24:34+00:00,2026-09-06T07:31:40.496186+00:00,958,crypto_global_watch_1
1128438,27577,"🟢 Long

#DASH/USDT

Entry : 

1) 65.36
2) 63.39

T...) 69.83

🛑 Stop : 61.24

Leverage : 10x (isolated)",6da6fe35331c393099feed139b19eeda,2026-09-06T07:24:34+00:00,2026-09-06T07:31:40.488167+00:00,958,crypto_global_watch_1
1128439,27564,"🐳 STRK/USDT #LONG🐳

✳️ ENTRY :- 0.03170 - 0.03000
...0.03930

⛔️ STOP-LOSS :- 0.028

☝️ Margin Use 2–3%",7a8f4c9c6c92ee7eb011f3daf06a8d0e,2026-09-06T07:24:34+00:00,2026-09-06T07:31:40.487216+00:00,958,crypto_global_watch_1
1128437,27580,"💵 𝐒𝐈𝐆𝐍𝐀𝐋 𝐀𝐋𝐄𝐑𝐓 💵

#UAI/USDT (25xLONG)

✅ ENTRY:0.6...6350

TARGETS:-0.68/0.73/0.79

❌ STOP LOSS: 0.5650",4cb741d0fa237fb2d34f8515ab15e437,2026-09-06T07:24:34+00:00,2026-09-06T07:31:40.486329+00:00,958,crypto_global_watch_1
1128433,27567,"🌈PAIR:- ZEC/USDT
⚡️ Direction : LONG
🛠 Leverage: C...nt Usage:- 1 - 2%
(According To your Risk Setting)",4eb558ec122d50298d4b00c2aff1f81e,2026-09-06T07:24:34+00:00,2026-09-06T07:31:40.473329+00:00,958,crypto_global_watch_1
1128429,27572,"🚀 LONG: $XAN/USDT🚀
LEVERAGE: 20X-50X

🤍 ENTRY PRIC...- 0.01870
—————

❌ STOP LOSS: 0.01380❌


REACTIONS",ebc30fa4732d0157db15cff40b024cbc,2026-09-06T07:24:34+00:00,2026-09-06T07:31:40.415536+00:00,958,crypto_global_watch_1
1128427,27571,"🟢FLOCK/USDT 📈

📈 long Setup 

💰 Entry Zone: 0.072–...et 1. 
✅ Move SL to breakeven after Target 1 hits.",d881c52d1cc20f97c868c81b2e827665,2026-09-06T07:24:34+00:00,2026-09-06T07:31:40.359184+00:00,958,crypto_global_watch_1
1128426,27578,"🟢 Long

#TRX/USDT

Entry : 

1) 0.33285
2) 0.32286...35562

🛑 Stop : 0.31188

Leverage : 10x (isolated)",215299bfb25be439ec0a7e0616473d56,2026-09-06T07:24:34+00:00,2026-09-06T07:31:40.349350+00:00,958,crypto_global_watch_1
1128424,27566,"🌈PAIR:- ZEC/USDT
⚡️ Direction : LONG
🛠 Leverage: C...nt Usage:- 1 - 2%
(According To your Risk Setting)",370296c5d65de4120733ce6574c3209e,2026-09-06T07:24:34+00:00,2026-09-06T07:31:40.307033+00:00,958,crypto_global_watch_1
1128445,27560,"📍Coin : #ARB/USDT

🔴 SHORT 

👉 Entry: 0.1919 - 0.1...t 5: 0.1825
🎯 Target 6: 0.1807

❌ StopLoss: 0.1999",61af6edc31600d76e2d8bacbf48769e5,2026-09-06T07:24:33+00:00,2026-09-06T07:31:40.517729+00:00,958,crypto_global_watch_1
1128428,27557,"ZENUSDTUSDT  
Exchanges: BINGX 

🟢 Long
Leverage- ...45
4) 10.20
5) 11.02
6) 11.90
7) 🚀🚀🚀 

⛔️ SL:
1.00",ca78cb453867d82331b8eea833477df0,2026-09-06T07:24:33+00:00,2026-09-06T07:31:40.367625+00:00,958,crypto_global_watch_1
1128423,27562,"⌛#SUI/USDT  ( SHORT )

🍁 Leverage 👉 20X to 25X 

⛩...15 | 0.7653 | 0.7565 | 0.7469

🔕 Stoploss = 0.8238",552aeb8cbfd165d2818ef27410cc8c90,2026-09-06T07:24:33+00:00,2026-09-06T07:31:40.304515+00:00,958,crypto_global_watch_1
1128422,27547,"⚡️⚡️ #CRV/USDT ⚡️⚡️
Exchanges: Bingx 
Signal Type:...
5) 0.40089
6) 0.40657
7) 🚀🚀🚀

Stop Targets:
5-10%",6ba6a49161049dad09f913b3100f2e0f,2026-09-06T07:24:33+00:00,2026-09-06T07:31:40.247074+00:00,958,crypto_global_watch_1
1128421,27559,"📊#SUSHI/USDT–SHORT–30x 🚀

📍 𝐄𝐧𝐭𝐫𝐲 𝐙𝐨𝐧𝐞:

➥ 0.235, ...tal.

⚠️ Disclaimer:
Trade at your own risk. DYOR.",7a9736b25be874a81147c2fd32f20572,2026-09-06T07:24:33+00:00,2026-09-06T07:31:40.246381+00:00,958,crypto_global_watch_1
1128420,27546,"⚡️⚡️ #ARK/USDT ⚡️⚡️
Exchanges: Bingx 
Signal Type:...
5) 0.12550
6) 0.12728
7) 🚀🚀🚀

Stop Targets:
5-10%",b6822953ef980330181fa3327edb6fb0,2026-09-06T07:24:33+00:00,2026-09-06T07:31:40.239880+00:00,958,crypto_global_watch_1
1128419,27548,"⚡️⚡️ #CELO/USDT ⚡️⚡️
Exchanges: Bingx 
Signal Type...
5) 0.08490
6) 0.08610
7) 🚀🚀🚀

Stop Targets:
5-10%",84063820d0f4237d224f67a65d26bae9,2026-09-06T07:24:33+00:00,2026-09-06T07:31:40.238710+00:00,958,crypto_global_watch_1
1128414,27542,"⚡️⚡️ #1000000MOG/USDT ⚡️⚡️
Exchanges: Bingx 
Signa...
5) 0.11384
6) 0.11546
7) 🚀🚀🚀

Stop Targets:
5-10%",33e962facaf26c07b90b6571a2017eab,2026-09-06T07:24:33+00:00,2026-09-06T07:31:40.034659+00:00,958,crypto_global_watch_1
1128413,27544,"⚡️⚡️ #AERO/USDT ⚡️⚡️
Exchanges: Bingx 
Signal Type...
5) 0.57452
6) 0.58265
7) 🚀🚀🚀

Stop Targets:
5-10%",b60f29a895d52bcf1e951baa219dac63,2026-09-06T07:24:33+00:00,2026-09-06T07:31:40.031564+00:00,958,crypto_global_watch_1
1128412,27543,"⚡️⚡️ #1000000BOB/USDT ⚡️⚡️
Exchanges: Bingx 
Signa...
5) 0.02055
6) 0.02084
7) 🚀🚀🚀

Stop Targets:
5-10%",d46e095cfdec2fe2b547c1995b1a2064,2026-09-06T07:24:33+00:00,2026-09-06T07:31:40.018755+00:00,958,crypto_global_watch_1
1128408,27541,"RLCUSDTUSDT  
Exchanges: BINGX 

🟢 Long
Leverage- ....36526000
6) 0.39448000
7) 🚀🚀🚀 

⛔️ SL:
0.29660000",6d84c62789e9a1b1586fbc02d865a79d,2026-09-06T07:24:33+00:00,2026-09-06T07:31:39.940882+00:00,958,crypto_global_watch_1
1128407,27539,"ZECUSDTUSDT  
Exchanges: BINGX 

🟢 Short
Leverage-...997.08
5) 917.31
6) 843.93
7) 🚀🚀🚀 

⛔️ SL:
1158.49",b9d6b72fdebcb39c69053c255d4d1e1f,2026-09-06T07:24:33+00:00,2026-09-06T07:31:39.876553+00:00,958,crypto_global_watch_1
1128404,27538,"APTUSDTUSDT  
Exchanges: BINGX 

🟢 Long
Leverage- ....74499000
6) 0.80459000
7) 🚀🚀🚀 

⛔️ SL:
0.56663000",3d69f0e1971fb028dcbab62d7ec1e8e6,2026-09-06T07:24:33+00:00,2026-09-06T07:31:39.865329+00:00,958,crypto_global_watch_1
1128403,27545,"⚡️⚡️ #ATH/USDT ⚡️⚡️
Exchanges: Bingx 
Signal Type:...
5) 0.00494
6) 0.00501
7) 🚀🚀🚀

Stop Targets:
5-10%",f9d070a9ab2b0ed2197e99383ec595a2,2026-09-06T07:24:33+00:00,2026-09-06T07:31:39.861266+00:00,958,crypto_global_watch_1
1128411,27534,"#NIL USDT — BUY (LONG) 
🎉
🟢 Leverage: Cross  75x

...Risk Management:
Use only 2%– 3%of your portfolio.",12177c146b7e52655cdf8bc5690d91d2,2026-09-06T07:24:32+00:00,2026-09-06T07:31:40.011468+00:00,958,crypto_global_watch_1
1128402,27536,"APTUSDTUSDT  
Exchanges: BINGX 

🟢 Short
Leverage-....53238000
6) 0.48979000
7) 🚀🚀🚀 

⛔️ SL:
0.64502000",ca3456709f133ec1845ee0c69bc81dce,2026-09-06T07:24:32+00:00,2026-09-06T07:31:39.767639+00:00,958,crypto_global_watch_1
1128400,27535,"📊#UAI/USDT — LONG

⚡️ Leverage : 5X – 10X

💹Entry ...Entry After TP1

⚖️ Follow Proper Risk Management.",b955da7fc26089cc6673a72b488a0048,2026-09-06T07:24:32+00:00,2026-09-06T07:31:39.642935+00:00,958,crypto_global_watch_1
1131278,27590,"✅ Long

#BNB/USDT

Entry zone : 733.300 - 755.980
...27.420
849.986

Stop loss :703.0614

Leverage: 10x",2ceffcfb967cfbc6075dcec99a9ba499,2026-09-06T08:23:04+00:00,2026-09-06T08:57:08.214570+00:00,958,crypto_global_watch_1
1131277,27589,"DASH/USDT

SHORT SHORT SHORT 

OPEN MARKET PRICE 
...9.30
TP 69.00
TP 68.80
TP 68.40

SL 74.55

LEV 32X",4930ac585ede50b2cb5f81a4c020e673,2026-09-06T08:14:39+00:00,2026-09-06T08:57:08.209933+00:00,958,crypto_global_watch_1
1131279,27588,"📊 Let’s LONG #MET/USDT

💥 Leverage:  Cross 20×  - ...gets: 

1) 0.22
2) 0.25
3) 0.29

🔖 Stop Loss: 0.18",eaea177339db99de6dd4dad3cd5363ef,2026-09-06T08:14:38+00:00,2026-09-06T08:57:08.225937+00:00,958,crypto_global_watch_1
1131275,27586,"✅ Long

Pair: #LTC/USDT

📊 Entry Price: 

1) 53.82...6.37
4) 57.50

Stop Loss: 50.42

Leverage: 10x-20x",0f8a95d02a770c1803f34ca1a4f8ca25,2026-09-06T08:14:38+00:00,2026-09-06T08:57:08.177509+00:00,958,crypto_global_watch_1
1131274,27585,"⚡ #EIGEN/USDT

📤 Long 

💹 Buy: 0.2096 - 0.2040

🧿 ...200 - 0.2222

🧨 StopLoss: 0.2000 

🔘 Leverage: 20x",a32343c10e3fdb6d70cbbc1a575d4b69,2026-09-06T08:14:38+00:00,2026-09-06T08:57:08.173280+00:00,958,crypto_global_watch_1
1131276,27584,"SUSHIUSDTUSDT  
Exchanges: BINGX 

🟢 Long
Leverage...4) 1.26
5) 1.36
6) 1.47
7) 🚀🚀🚀 

⛔️ SL:
0.22250000",5dc155423459bab441f9efb2c203ca50,2026-09-06T07:39:31+00:00,2026-09-06T08:57:08.208427+00:00,958,crypto_global_watch_1
1134854,27609,"✨LTC/USDT

🎗 Trade Type = LONG 🟢

⭐️ Leverage :- 2...fit = [ 54.77, 55.27, 55.90, 56.36, 57.00, 57.61 ]",641732a6359a7436c3c41d350d945fad,2026-09-06T10:53:36+00:00,2026-09-06T11:38:26.342143+00:00,958,crypto_global_watch_1
1134850,27604,"🚀 LONG: $UAI/USDT
LEVERAGE: 50x

✔️ENTRY PRICE: 0....500-0.5700-0.5900

STOP LOSS:  0.5180


REACTIONS?",29ea20112917d72f7006d7de497957cc,2026-09-06T10:51:24+00:00,2026-09-06T11:38:26.300414+00:00,958,crypto_global_watch_1
1134846,27605,"🚀 LONG
TIA/USDT
ENTRY 0.3962

🚀 0.4226
🚀 0.4882
🚀 ...ROSS
🚨 STOPLOSS 0.3704
LEVRAGE 10x- 40x

1% WALLET",04b37582ffb9c53eb245ab3e8dc1a51a,2026-09-06T10:51:24+00:00,2026-09-06T11:38:26.255220+00:00,958,crypto_global_watch_1
1134845,27603,"⭐️$FLOCK/USDT  LONG

🛡Leverage : Cross 25x50

‼️En....06704

Use only 3% - 5% amount of your portfolio🛍",5f69a250ae2035b288768627ab773855,2026-09-06T10:51:24+00:00,2026-09-06T11:38:26.249213+00:00,958,crypto_global_watch_1
1134843,27608,"COIN: #NAORIS/USDT (LONG) SETUP

📊 Leverage 25x to...ENT IS KEY
Use only 1–2% of your capital per trade",e3426ae6e4c04caa16d3c847e1d46293,2026-09-06T10:51:24+00:00,2026-09-06T11:38:26.233853+00:00,958,crypto_global_watch_1
1134842,27606,"FLOCKUSDTUSDT  
Exchanges: BINGX 

🟢 Long
Leverage....09436000
6) 0.10191000
7) 🚀🚀🚀 

⛔️ SL:
0.06704000",4c6327a3ee4293b4a58103c299ba7889,2026-09-06T10:51:24+00:00,2026-09-06T11:38:26.208901+00:00,958,crypto_global_watch_1
1134855,27599,"🚀 #AKT/USDT LONG SIGNAL 🚀
📍 Entry: 0.5563


🎯 Take... your risk, and let's catch this move together! 🪙🔥",d2ce73be29ffde0d53ccd98c137be69b,2026-09-06T10:12:47+00:00,2026-09-06T11:38:26.353105+00:00,958,crypto_global_watch_1
1134853,27600,"🔘 Coin : #AR/USDT 🔘

🟢 LONG

🔺Entry🔻: 3.009

⭐️ Ta....123 - 3.183

♦️ StopLoss : 2.904

🔱 Leverage: 25x",0fdff1bd9a7ca6f9604e8e6732d7c1b4,2026-09-06T10:12:47+00:00,2026-09-06T11:38:26.334446+00:00,958,crypto_global_watch_1
1134852,27601,"XRPUSDTUSDT  
Exchanges: BINGX 

🟢 Short
Leverage-... 1.38
4) 1.36
5) 1.32
6) 1.29
7) 🚀🚀🚀 

⛔️ SL:
1.50",51ee8d521969c07a8ea05c40aacc3b44,2026-09-06T10:12:47+00:00,2026-09-06T11:38:26.332471+00:00,958,crypto_global_watch_1
1134849,27602,"🔴 Short

Pair: #ZEC/USDT

📊 Entry Price: 

1) 1184...
4) 1102.40

Stop Loss: 1258.95

Leverage: 10x-20x",759662f7a8e3979d732221676e6e50d1,2026-09-06T10:12:47+00:00,2026-09-06T11:38:26.299717+00:00,958,crypto_global_watch_1
1134848,27593,"📈 LONG #FLOCK/USDT

🚀 LEVERAGE : 50x

📊 ENTRY PRIC...P🟢0.0850

TP🟢0.0900

STOPLOSS 🔴0.0750


REACTIONS?",e01890facf6abe0646ad30634080d414,2026-09-06T10:12:47+00:00,2026-09-06T11:38:26.287497+00:00,958,crypto_global_watch_1
1134844,27597,"Long #ZEC 75x 1,190

Tp: 1,210",4cfb6a29f45f8e5c0f6071a09bd8dd53,2026-09-06T10:12:47+00:00,2026-09-06T11:38:26.236225+00:00,958,crypto_global_watch_1
1134841,27598,AKT LONG 0.5563 TP1 0.5680,d11942e72e50db0f613e9544ad9e2aec,2026-09-06T10:12:47+00:00,2026-09-06T11:38:26.136532+00:00,958,crypto_global_watch_1
1134839,27595,"🔰 PAIR: SUI/ USDT 💹

🟢Position: LONG🚀

☑️ Entry Zo...:
🥇 0.7950
🥈 0.7991
🥉 0.8072

❌ Stop Loss: 🔴0.7800",905c76aca28b3cd07b3b8a7d080a3c41,2026-09-06T10:12:47+00:00,2026-09-06T11:38:26.031175+00:00,958,crypto_global_watch_1
1134838,27592,"📊 #SOLV/USDT

🟢 POSITION: LONG

💰 ENTRY RANGE
➤ 0....➤ 0.0031

━━━━━━━━━━━━━━━━━━

✅ Manage risk wisely",c260a307801fa5935a0eef6b74e27d7c,2026-09-06T10:12:47+00:00,2026-09-06T11:38:25.931938+00:00,958,crypto_global_watch_1
1134837,27591,"⭐️$ARB/USDT  LONG

🛡Leverage : Cross 25x50

‼️Entr....16500

Use only 3% - 5% amount of your portfolio🛍",1647b16d6f90b12635bbd5bfd24f1024,2026-09-06T10:12:47+00:00,2026-09-06T11:38:25.923441+00:00,958,crypto_global_watch_1
1136666,27634,"💰#FLOCK / USDT👑

💎Setup Type: Strong SHORT  🔖Oppor...TP ➝ 0.06500

4️⃣TP ➝ 0.05500

🚫Stop Loss: 0.08000",cff08f97bab5426855d1acdc4177a672,2026-09-06T12:46:42+00:00,2026-09-06T13:33:32.111366+00:00,958,crypto_global_watch_1
1136665,27627,"🚀 LONG: $METIS/USDT
LEVERAGE: 50x

✔️ENTRY PRICE: ...OFIT

3.39-3.52-3.80

STOP LOSS:  3.14

REACTIONS?",ab8c30b6697f53bcea6db26cf571aaf3,2026-09-06T12:46:42+00:00,2026-09-06T13:33:32.081394+00:00,958,crypto_global_watch_1
1136663,27632,"📌Pair: FLOCK/USDT
Type: LONG 🟢
✔️Leverage:  (20X_1...92
2) 0.112
3) 0.135
4) 0.175

❌ STOP LOSS: 0.065❌",68cde7a9f908e21d85e86047c6488269,2026-09-06T12:46:42+00:00,2026-09-06T13:33:32.064207+00:00,958,crypto_global_watch_1
1136655,27629,"🚩 SHORT #FLOCK/USDT

⚙️ 75X LEVERAGE

🛡 Entry: 0.0...: 0.07760
TP3: 0.07570

🛑 SL: 0.08550

🔥REACTIONS?",2d183bde95285e1936dcb242958314e5,2026-09-06T12:46:42+00:00,2026-09-06T13:33:32.015868+00:00,958,crypto_global_watch_1
1136654,27626,"🚨 #FLOCK/USDT | SHORT

⚡Leverage: Cross 25x

🎯Entr... follow the signal and secure profits at targets.💎",a2a7bdfdc5d9366705999ba3013537e2,2026-09-06T12:46:42+00:00,2026-09-06T13:33:32.013792+00:00,958,crypto_global_watch_1
1136660,27625,"EXCHANGE/BYBIT/BITUNIX/OKX📌 


DAY TRADE 🏆

SHORT/...agement 🏆


Use only 5% of your 📈Available balance",f0389cb2b917c09a66b4baa9b10c2ff3,2026-09-06T12:46:41+00:00,2026-09-06T13:33:32.052537+00:00,958,crypto_global_watch_1
1136661,27624,"📇 Setup: XAN/USDT 

LONG Trade 🛫

✔️ Leverage : 75....017700
💰 Target 2 • 0.018300
💰 Target3 • 0.019800",123bf2c7539f5434d26dd848b9913572,2026-09-06T12:19:57+00:00,2026-09-06T13:33:32.061348+00:00,958,crypto_global_watch_1
1136662,27621,"#FLOCK   USDT — BUY (LONG) 
🎉
🟢 Leverage: Cross  5...Risk Management:
Use only 2%– 3%of your portfolio.",43443c641ef172766021f439f1d1d9cb,2026-09-06T12:19:09+00:00,2026-09-06T13:33:32.060087+00:00,958,crypto_global_watch_1
1136653,27620,"⭐️$NAORIS/USDT  LONG

🛡Leverage : Cross 25x50

‼️E....03322

Use only 3% - 5% amount of your portfolio🛍",08c141a36ef3f79f5358275dbe703690,2026-09-06T12:19:09+00:00,2026-09-06T13:33:32.011179+00:00,958,crypto_global_watch_1
1136649,27623,"🚩 SHORT #NAORIS/USDT

⚙️ 75X LEVERAGE

🛡 Entry: 0....: 0.03540
TP2: 0.03470
TP3: 0.03350

🛑 SL: 0.03950",68f1b37755cb3223c5223e54b1c5e58f,2026-09-06T12:19:09+00:00,2026-09-06T13:33:31.957332+00:00,958,crypto_global_watch_1
1136656,27615,"💰#FLOCK / USDT👑

💎Setup Type: Strong LONG  🔖Opport...TP ➝ 0.08700

4️⃣TP ➝ 0.09500

🚫Stop Loss: 0.07000",b1b2ca8ac2058bc80b3138f867b9e4f7,2026-09-06T12:01:02+00:00,2026-09-06T13:33:32.019017+00:00,958,crypto_global_watch_1
1136658,27617,"FLOCKUSDTUSDT  
Exchanges: BINGX 

🟢 Long
Leverage....10000000
6) 0.11000000
7) 🚀🚀🚀 

⛔️ SL:
0.06800000",54ebe7dd2c75a94e8003c16a6f5c384e,2026-09-06T12:01:02+00:00,2026-09-06T13:33:32.016726+00:00,958,crypto_global_watch_1
1136650,27616,"💫 Pair: SPX/USDT  💫

🔼 Direction: Long 🔼

✅ Levera...Take Profit: 0.6350 📈

⚠️ Stop Loss: 0.5400 ⚠️

📈📈",1094d7970014af6d8af03c35dc16cb39,2026-09-06T12:01:02+00:00,2026-09-06T13:33:31.975943+00:00,958,crypto_global_watch_1
1136651,27614,"ARB/ USDT/ SHORT
Entry at market price 

Cross || ...only 1% of your wallet. 
Manage your risk properly",70d9769d388016fae7f561a9c52f0dc6,2026-09-06T11:57:12+00:00,2026-09-06T13:33:31.963740+00:00,958,crypto_global_watch_1
1136647,27613,"📇 Setup: JUP/USDT 

LONG Trade 🛫

✔️ Leverage : 75...t 1 •0.2820
💰 Target 2 • 0.2870
💰 Target3 • 0.2928",30bae56b40bd865651f814fd7873f43d,2026-09-06T11:57:12+00:00,2026-09-06T13:33:31.792431+00:00,958,crypto_global_watch_1
1136646,27611,"#XAN  USDT — BUY (LONG) 
🎉
🟢 Leverage: Cross  20x5...Risk Management:
Use only 2%– 3%of your portfolio.",0fda496d9212cdea21d707d2f0165474,2026-09-06T11:57:12+00:00,2026-09-06T13:33:31.727792+00:00,958,crypto_global_watch_1
1136645,27610,"📩TradingGain Range Alert

🟢 RANGE LONG!
📊 Coin: ZR...1.1057
🎯 TP2: 1.1308
🎯 TP3: 1.1559
📊 Win Rate: 69%",67435f3717e9ee21b32102184276fac3,2026-09-06T11:57:11+00:00,2026-09-06T13:33:31.718317+00:00,958,crypto_global_watch_1
1139895,27666,"COIN: #XAN/USDT (LONG) SETUP

📊 Leverage 25x to 50...ENT IS KEY
Use only 1–2% of your capital per trade",b876ca1226f13e2d7f3e6cb754785706,2026-09-06T15:02:25+00:00,2026-09-06T15:07:58.027845+00:00,958,crypto_global_watch_1
1139917,27661,"KAVAUSDTUSDT  
Exchanges: BINGX 

🟢 Short
Leverage....04512000
6) 0.04151000
7) 🚀🚀🚀 

⛔️ SL:
0.05698350",e6a064292dcfda3ce4b705444ee27581,2026-09-06T14:54:59+00:00,2026-09-06T15:07:58.300824+00:00,958,crypto_global_watch_1
1139915,27657,"#XAN /USDT BUY (LONG) 

⚡️Leverage : Cross 25x to ...01700

⚠️Use only 3% - 5% amount of your portfolio",98ea3d643e82ad1199128beb41636635,2026-09-06T14:54:59+00:00,2026-09-06T15:07:58.290567+00:00,958,crypto_global_watch_1
1139913,27663,ARB SHORT 0.1861 TP1 0.1820,3d622a8f14732c79d7236064cd28ad55,2026-09-06T14:54:59+00:00,2026-09-06T15:07:58.275025+00:00,958,crypto_global_watch_1
1139910,27664,"🚀 #ARB/USDT SHORT SIGNAL 🚀
📍 Entry: 0.1861


🎯 Tak... your risk, and let's catch this move together! 🪙🔥",0d91dee763b77db775197f9a59f56b92,2026-09-06T14:54:59+00:00,2026-09-06T15:07:58.258078+00:00,958,crypto_global_watch_1
1139908,27655,"🔴 SHORT

#BAT/USDT

Entry zone : 0.076044 - 0.0738...6779
0.064553

Stop loss :0.0789981

Leverage: 10x",b613b87e4777e532ba14a6f2ec328a8f,2026-09-06T14:54:59+00:00,2026-09-06T15:07:58.224876+00:00,958,crypto_global_watch_1
1139905,27654,"✨ASTER/USDT

🎗 Trade Type = SHORT 🔴

⭐️ Leverage :...[ 0.7686, 0.7606, 0.7525, 0.7449, 0.7353, 0.7256 ]",923a06e3fd98579c5cbe7be737e7ef4b,2026-09-06T14:54:59+00:00,2026-09-06T15:07:58.215715+00:00,958,crypto_global_watch_1
1139901,27662,"🔴 Short

Pair: #KAVA/USDT

📊 Entry Price: 

1) 0.0...) 0.049044

Stop Loss: 0.056009

Leverage: 10x-20x",1f34df6df33c5a0cf6c65d41d8aac51f,2026-09-06T14:54:59+00:00,2026-09-06T15:07:58.180463+00:00,958,crypto_global_watch_1
1139897,27653,"EXCHANGE/BYBIT/BITUNIX/OKX📌 


DAY TRADE 🏆

SHORT/...agement 🏆


Use only 5% of your 📈Available balance",f0389cb2b917c09a66b4baa9b10c2ff3,2026-09-06T14:54:59+00:00,2026-09-06T15:07:58.142279+00:00,958,crypto_global_watch_1
1139893,27651,"🚀 SHORT: $FLOCK/USDT
LEVERAGE: 50x

✔️ENTRY PRICE:...0-0.06400-0.06800

STOP LOSS:  0.07710

REACTIONS?",1f2cef8975af6a5e64979dbd0337ca86,2026-09-06T14:54:59+00:00,2026-09-06T15:07:57.977030+00:00,958,crypto_global_watch_1
1139916,27643,"#JUP /USDT BUY (LONG) 

⚡️Leverage : Cross 25x to ...02550

⚠️Use only 3% - 5% amount of your portfolio",5bbc9ba55e93042084e7f3c86c8ec948,2026-09-06T14:54:58+00:00,2026-09-06T15:07:58.297972+00:00,958,crypto_global_watch_1
1139904,27640,"🚨 #ETH/USDT | LONG

⚡Leverage: Cross 200x

🎯Entry ... follow the signal and secure profits at targets.💎",1cf0234854b3d36b7017e8a23e203adb,2026-09-06T14:54:58+00:00,2026-09-06T15:07:58.208492+00:00,958,crypto_global_watch_1
1139898,27645,"COIN: #FLOCK/USDT (SHORT) SETUP

📊 Leverage 25x to...ENT IS KEY
Use only 1–2% of your capital per trade",795cf02ae1d751e6b170903cb85401b4,2026-09-06T14:54:58+00:00,2026-09-06T15:07:58.143030+00:00,958,crypto_global_watch_1
1139892,27637,"🔴 SHORT

#DOT/USDT

Entry : 

1) 0.974500
2) 1.003...7079

🛑 Stop : 1.035893

Leverage : 10x (isolated)",ce6388d965485951349c7c8b741f8821,2026-09-06T14:54:58+00:00,2026-09-06T15:07:57.958350+00:00,958,crypto_global_watch_1
1139891,27641,"➡️ #NAORIS    /USDT (SHORT) 🔽🔽

⌛LEVERAGE : 20X TO...0


💥Use only 1%margin of your total portfolio❤️😘😇",4f9a1013f651fec38ff7a816dc72b9f3,2026-09-06T14:54:58+00:00,2026-09-06T15:07:57.956667+00:00,958,crypto_global_watch_1
1139889,27647,"#FLOCK/USDT SHORT     

👉Leverage : Cross 10× To 3...)  0.0717
2)  0.0697
3)  0.0650

⭕Stoploss : 0.077",5fe08c675cad26a1d4f8a27c82e8ecad,2026-09-06T14:54:58+00:00,2026-09-06T15:07:57.878392+00:00,958,crypto_global_watch_1
1139888,27636,"SOL/USDT My Short Trade Idea 💡

Leverage 100X

Ent....500

Stop Loss   107.500

Follow Money Management",8051f14b5d4fde49d2d7ff5bff3d660c,2026-09-06T14:54:58+00:00,2026-09-06T15:07:57.443774+00:00,958,crypto_global_watch_1
1139887,27635,"SOLUSDTUSDT  
Exchanges: BINGX 

🟢 Short
Leverage-...4) 102.35
5) 99.15
6) 97.02
7) 🚀🚀🚀 

⛔️ SL:
113.01",2aa5d516109ca93ce88213f66f0dec95,2026-09-06T14:54:58+00:00,2026-09-06T15:07:57.437765+00:00,958,crypto_global_watch_1
1139886,27639,"🚨 #4/USDT | LONG

⚡Leverage: Cross 50x

🎯Entry Tar... follow the signal and secure profits at targets.💎",0ec441ff5b1a0fd209fa23873897785c,2026-09-06T14:54:58+00:00,2026-09-06T15:07:57.433870+00:00,958,crypto_global_watch_1
1141155,27671,"🟢LONG  #BTCUSDT

🔶 Entry : 79600 - 79500

➡️ Lever...ake Profit Targets :

👉 80300

🛑 Stop Loss : 78700",b3edcf4fde6155736aca88246c687e30,2026-09-06T16:24:06+00:00,2026-09-06T16:31:49.845317+00:00,958,crypto_global_watch_1
1141152,27670,"Coin #ZEC/USDT

Position: LONG 

Leverage:  Cross ...1138

Targets: 🎯 1197, 1245, 1319

Stop Loss: 1113",3a40ab77b12549bec9b4435ea9ce9f02,2026-09-06T16:24:06+00:00,2026-09-06T16:31:49.822011+00:00,958,crypto_global_watch_1
1141151,27672,"INJUSDTUSDT  
Exchanges: BINGX 

🟢 Long
Leverage- ... 5.36
4) 5.43
5) 5.51
6) 5.60
7) 🚀🚀🚀 

⛔️ SL:
4.96",db2b439293296dec4d060c2ff4f0ca32,2026-09-06T16:24:06+00:00,2026-09-06T16:31:49.818664+00:00,958,crypto_global_watch_1
1141150,27669,"Sui/Usdt long 🟢
with 0.5% Wallet on market price 
...ite movement pe jo 5% around the liq manage 0.7412",db6e783626732f8bb926b9a085a55476,2026-09-06T16:24:06+00:00,2026-09-06T16:31:49.731634+00:00,958,crypto_global_watch_1
1141149,27668,"LAYERUSDTUSDT  
Exchanges: BINGX 

🟢 Long
Leverage...41
5) 12244.40
6) 13223.95
7) 🚀🚀🚀 

⛔️ SL:
7500.00",994b0b56d23055c60d538eaab0485683,2026-09-06T16:24:06+00:00,2026-09-06T16:31:49.723590+00:00,958,crypto_global_watch_1
1141148,27667,"🚨 #UAI/USDT | LONG

⚡Leverage: Cross 25x

🎯Entry T... follow the signal and secure profits at targets.💎",59417903032908f81455d0d9985990f5,2026-09-06T16:24:06+00:00,2026-09-06T16:31:49.603041+00:00,958,crypto_global_watch_1
1143975,27681,"$BTC LONG 25x Lev 

Entry -  $79500

TP - 81000$- 82000$

SL: 78600$",4754269c329e8d102d4362deb3cf3a57,2026-09-06T17:47:29+00:00,2026-09-06T17:59:29.872279+00:00,958,crypto_global_watch_1
1145169,27701,"XRPUSDTUSDT  
Exchanges: BINGX 

🟢 Long
Leverage- ... 1.50
4) 1.58
5) 1.71
6) 1.84
7) 🚀🚀🚀 

⛔️ SL:
1.30",5a04d790c47573aeaad29459b24cd7ed,2026-09-06T18:20:21+00:00,2026-09-06T19:17:57.168397+00:00,958,crypto_global_watch_1
1148347,27704,"FLOCKUSDTUSDT  
Exchanges: BINGX 

🟢 Short
Leverag....06407000
6) 0.05894000
7) 🚀🚀🚀 

⛔️ SL:
0.08550000",699b1ad97f25b83ab4512c943f9688fa,2026-09-06T21:00:15+00:00,2026-09-06T23:27:53.638249+00:00,958,crypto_global_watch_1
1151274,27710,"LINKUSDTUSDT  
Exchanges: BINGX 

🟢 Long
Leverage-...6
4) 14.43
5) 15.59
6) 16.83
7) 🚀🚀🚀 

⛔️ SL:
11.85",81e0cfc9d5ba935c3375dc14b8686f8a,2026-09-07T03:32:04+00:00,2026-09-07T04:14:54.028087+00:00,958,crypto_global_watch_1
1151257,27707,"✅ Long

#RLC/USDT

Entry zone : 0.2964 - 0.3056

T...
0.3344
0.3436

Stop loss :0.284208

Leverage: 10x",12685936725f1c108cff5be4b2980aaa,2026-09-07T03:32:04+00:00,2026-09-07T04:14:53.820569+00:00,958,crypto_global_watch_1
1151255,27706,"✅ Long

Pair: #XMR/USDT

📊 Entry Price: 

1) 533.6...99
4) 570.13

Stop Loss: 500.01

Leverage: 10x-20x",66f2ee72e92f50fcbdc5b3cf7000edf4,2026-09-07T03:32:04+00:00,2026-09-07T04:14:53.650377+00:00,958,crypto_global_watch_1
1151254,27705,"POLUSDTUSDT  
Exchanges: BINGX 

🟢 Long
Leverage- ....11167000
6) 0.12060000
7) 🚀🚀🚀 

⛔️ SL:
0.09284000",f02fea6d76f8a252c9f4503ad871a800,2026-09-07T03:32:04+00:00,2026-09-07T04:14:53.639877+00:00,958,crypto_global_watch_1
1153738,27775,"🟢#UAI/USDT

📈Signal: long Leverage: Cross 20X

⚡️E...even after TP1 is hit.

📣Trade Smart • Follow Risk",b6f7d5d3fbe514fdcc4d954235dac761,2026-09-07T07:58:40+00:00,2026-09-07T08:11:29.430606+00:00,958,crypto_global_watch_1
1153735,27771,"🚀 #PLAY/USDT LONG SIGNAL 🚀
📍 Entry: 0.03800


🎯 Ta... your risk, and let's catch this move together! 🪙🔥",37f14aecd05afbbf731d24d0330234c1,2026-09-07T07:58:40+00:00,2026-09-07T08:11:29.395013+00:00,958,crypto_global_watch_1
1153734,27767,"#CATI/USDT LONG     

👉Leverage : Cross 10× To 30×...  0.0604
2)  0.0598
3)  0.0585

⭕Stoploss : 0.0643",b5798629a19067472ce5ea01a4d5482a,2026-09-07T07:58:40+00:00,2026-09-07T08:11:29.393412+00:00,958,crypto_global_watch_1
1153733,27773,"🟢#CLANKER/USDT

📈Signal: long Leverage: Cross 20X
...even after TP1 is hit.

📣Trade Smart • Follow Risk",daf578caae134a8048d31781b51994dd,2026-09-07T07:58:40+00:00,2026-09-07T08:11:29.386898+00:00,958,crypto_global_watch_1
1153729,27764,"#WLDUSDT — BUY (LONG) 
🎉
🟢 Leverage: Cross  20x50
...Risk Management:
Use only 2%– 3%of your portfolio.",a5a7ec170511911b62f8511c28a86021,2026-09-07T07:58:40+00:00,2026-09-07T08:11:29.363209+00:00,958,crypto_global_watch_1
1153726,27769,"COIN: #ARX/USDT (LONG) SETUP

📊 Leverage 25x to 50...ENT IS KEY
Use only 1–2% of your capital per trade",ff2047f78a389ec5be88ece92c9cd1a3,2026-09-07T07:58:40+00:00,2026-09-07T08:11:29.324402+00:00,958,crypto_global_watch_1
1153724,27765,"#ARX/USDT LONG     

👉Leverage : Cross 10× To 30×
...
1)  0.160
2)  0.165
3)  0.180

⭕Stoploss : 0.1480",cadcd342ec0abe82a983b399d4139992,2026-09-07T07:58:40+00:00,2026-09-07T08:11:29.313620+00:00,958,crypto_global_watch_1
1153714,27768,Arx long 0.1567 tp 0.1600,6e0fc5534332413cbc7b1ff7028e426f,2026-09-07T07:58:40+00:00,2026-09-07T08:11:29.253036+00:00,958,crypto_global_watch_1
1153730,27762,"🟢#UAI/USDT

📈Signal: short Leverage: Cross 20X

⚡️...even after TP1 is hit.

📣Trade Smart • Follow Risk",e4755f7e16319c90cbe24d484fe8a6b0,2026-09-07T06:37:28+00:00,2026-09-07T08:11:29.351092+00:00,958,crypto_global_watch_1
1153719,27760,"📊 #F/USDT

🟢 POSITION: LONG

💰 ENTRY RANGE
➤ 0.003... 0.00315

━━━━━━━━━━━━━━━━━━

✅ Manage risk wisely",2858f8fa39ff6e7830c04fd7a8b7f92f,2026-09-07T06:37:28+00:00,2026-09-07T08:11:29.284500+00:00,958,crypto_global_watch_1
1153710,27761,"🚀 $UAI/USDT PERP 🚀

🟢 LONG

💰 Entry : 0.680$ – 0.6... 5X – 25X

⛔️ SL : 0.550$

📌 Use Only 2-5% Capital",bbd53f439cfd56551a73437b12c33f08,2026-09-07T06:37:28+00:00,2026-09-07T08:11:29.188243+00:00,958,crypto_global_watch_1
1153740,27754,"📍Coin : #DOT/USDT

🟢 LONG 

👉 Entry: 0.9729 - 0.94...t 5: 1.0300
🎯 Target 6: 1.0400

❌ StopLoss: 0.9216",3dcc31843bf6bff57eaad414fde594b4,2026-09-07T06:37:27+00:00,2026-09-07T08:11:29.462116+00:00,958,crypto_global_watch_1
1153727,27756,"💵 𝐒𝐈𝐆𝐍𝐀𝐋 𝐀𝐋𝐄𝐑𝐓 💵

#FLOCK/USDT (25xSHORT)

✅ ENTRY:...

TARGETS:-0.07280/0.068/0.063

❌ STOP LOSS: 0.085",d56af3c0fd39f6fc6030a5b9dfe6d034,2026-09-07T06:37:27+00:00,2026-09-07T08:11:29.333970+00:00,958,crypto_global_watch_1
1153722,27751,"🔴 SHORT

#KAVA/USDT

Entry : 

1) 0.053910
2) 0.05...0180

🛑 Stop : 0.057306

Leverage : 10x (isolated)",3edc4d1e57ab73288adf6cf05c454d91,2026-09-07T06:37:27+00:00,2026-09-07T08:11:29.311652+00:00,958,crypto_global_watch_1
1153718,27752,"#LONG 🟢🔤🔤🔤🔤🔤

#SKHYNIX/USDT

Margin Mode : Isolate...

🟥 SL : 1262.12 - 100%   

📊 LEV : 20X

🇯🇵Premium",4f03f5b812696fc48b78b149365c4065,2026-09-07T06:37:27+00:00,2026-09-07T08:11:29.283088+00:00,958,crypto_global_watch_1
1153716,27758,"🔰CFG/USDT 🔰   

🟢 LONG 10X 20X

♻ ENTRY 
1️⃣ 0.133...

1️⃣ 0.137
2️⃣ 0.142
3️⃣ 0.150

⛔ STOPLOSS  0.117",097b3d558870da0f4feaae530a87b69f,2026-09-07T06:37:27+00:00,2026-09-07T08:11:29.276630+00:00,958,crypto_global_watch_1
1153711,27753,"🐳 TAO/USDT #LONG🐳

✳️ ENTRY :- 273 - 260

💢 LEVERA...0
3 : 320

⛔️ STOP-LOSS :- 252

☝️ Margin Use 2–3%",4741ff420534ca6731678ed8a20397e4,2026-09-07T06:37:27+00:00,2026-09-07T08:11:29.201745+00:00,958,crypto_global_watch_1
1153708,27757,"⚡ #MANTRA/USDT

📤 Long 

💹 Buy: 0.004593 - 0.00440...- 0.004872

🧨 StopLoss: 0.004300 

🔘 Leverage: 20x",780e9f5d3c1872891e77f95f64ac2dce,2026-09-07T06:37:27+00:00,2026-09-07T08:11:29.170874+00:00,958,crypto_global_watch_1
1153739,27748,"📊#ASTR/USDT–LONG–30x 🚀

📍 𝐄𝐧𝐭𝐫𝐲 𝐙𝐨𝐧𝐞:

➥ 0.0067, 0...tal.

⚠️ Disclaimer:
Trade at your own risk. DYOR.",8fdc78e7448f4dec91cef4622d3ef4c9,2026-09-07T06:30:14+00:00,2026-09-07T08:11:29.443895+00:00,958,crypto_global_watch_1
1153737,27750,"$ORCA/USDT #SHORT📩

✅ENTRY :-1.59/1.63

Target 1: ...𝐎𝐧𝐥𝐲 𝟏-𝟑% 𝐎𝐟 𝐎𝐮𝐫 𝐃𝐞𝐩𝐨𝐬𝐢𝐭 𝐅𝐨𝐫 𝐄𝐚𝐜𝐡 𝐓𝐫𝐚𝐝𝐞

React,??m",f52e0c089278e431db6f28de7e13d211,2026-09-07T06:30:14+00:00,2026-09-07T08:11:29.407401+00:00,958,crypto_global_watch_1
1153723,27746,"NEARUSDTUSDT  
Exchanges: BINGX 

🟢 Short
Leverage... 2.31
4) 2.29
5) 2.27
6) 2.24
7) 🚀🚀🚀 

⛔️ SL:
2.55",d2832456b2deb00c17c9f24866d8286c,2026-09-07T06:30:14+00:00,2026-09-07T08:11:29.300852+00:00,958,crypto_global_watch_1
1153721,27747,"Trade: #CFG/USDT

Direction: 📉 Short 

🟢 Entry Ran...41
• Target 6: 0.1227

💠 Leverage : 5x - 10x - 20x",f5968a9263f402d9efece2d39ec09b8a,2026-09-07T06:30:14+00:00,2026-09-07T08:11:29.285811+00:00,958,crypto_global_watch_1
1153713,27743,"#CATI/USDT LONG     

👉Leverage : Cross 10× To 30×...)  0.0652
2)  0.0662
3)  0.0672

⭕Stoploss : 0.060",af7958f1a4b179d2f1116395a7f00456,2026-09-07T06:26:58+00:00,2026-09-07T08:11:29.238259+00:00,958,crypto_global_watch_1
1153712,27742,"#DOOD/USDT LONG     

👉Leverage : Cross 10× To 30×...00235
2)  0.00255
3)  0.00295

⭕Stoploss : 0.00205",8d879c1ee797daa905960c111de32356,2026-09-07T06:26:58+00:00,2026-09-07T08:11:29.208174+00:00,958,crypto_global_watch_1
1153709,27744,"🟢WOO/USDT 📈

📈 long Setup 

💰 Entry Zone: 0.0120–0...et 1. 
✅ Move SL to breakeven after Target 1 hits.",5044c4f355448f4bf06a7fe28ce4b330,2026-09-07T06:26:58+00:00,2026-09-07T08:11:29.179757+00:00,958,crypto_global_watch_1
1153706,27745,"⌛#SUSHI/USDT  ( LONG )

🍁 Leverage 👉 20X to 25X 

...59 | 0.2479 | 0.2508 | 0.2538

🔕 Stoploss = 0.2321",24c30ff5c6886be1dfcb74b8285b0b42,2026-09-07T06:26:58+00:00,2026-09-07T08:11:29.135491+00:00,958,crypto_global_watch_1
1153705,27740,"#UBUSDT — BUY (LONG) 
🎉
🟢 Leverage: Cross  20x50

...Risk Management:
Use only 2%– 3%of your portfolio.",7dcac15aeb43797a7246eadfdabffc6e,2026-09-07T06:26:58+00:00,2026-09-07T08:11:28.822810+00:00,958,crypto_global_watch_1
1158386,27811,"#BTC - SHORT 150X

Entry  79352

Targets 100% -200%-300% +++

SL= Will Update

Using 1% wallet",36cd25b40308fd23d6187ba72bc8981a,2026-09-07T09:58:45+00:00,2026-09-07T10:04:48.991890+00:00,958,crypto_global_watch_1
1158385,27810,"EXCHANGE/BYBIT/BITUNIX/OKX📌 


DAY TRADE 🏆

SHORT/...agement 🏆


Use only 5% of your 📈Available balance",9354e420b09f9f25f99bac28fa1f8470,2026-09-07T09:58:45+00:00,2026-09-07T10:04:48.970370+00:00,958,crypto_global_watch_1
1158381,27808,"✨ZK/USDT

🎗 Trade Type = SHORT 🔴

⭐️ Leverage :- 2...0.010686, 0.010592, 0.010468, 0.010346, 0.010239 ]",ef9b8baf83e757ec54ab34e4e10188e7,2026-09-07T09:58:45+00:00,2026-09-07T10:04:48.911616+00:00,958,crypto_global_watch_1
1158374,27809,"EXCHANGE/BYBIT/BITUNIX/OKX📌 


DAY TRADE 🏆

SHORT/...agement 🏆


Use only 5% of your 📈Available balance",3ee78ba568a20b9df42feb8492406005,2026-09-07T09:58:45+00:00,2026-09-07T10:04:48.833590+00:00,958,crypto_global_watch_1
1158384,27807,"Coin #TAO/USDT

Position: LONG 

Leverage:  Cross ...65 - 260

Targets: 🎯 270, 277, 289

Stop Loss: 255",f437c27e337d0065edd5277bae74db66,2026-09-07T09:53:56+00:00,2026-09-07T10:04:48.966274+00:00,958,crypto_global_watch_1
1158383,27805,"📈 LONG #DOOD/USDT

🚀 LEVERAGE : 50x

📊 ENTRY PRICE....00235

TP🟢0.00245

STOPLOSS 🔴0.00208


REACTIONS?",5dfb47b9c6bb6cefcfeef57ec2b94d0f,2026-09-07T09:53:56+00:00,2026-09-07T10:04:48.951595+00:00,958,crypto_global_watch_1
1158377,27806,"🔰 PAIR: SOL/ USDT 💹

🟢Position: LONG🚀

☑️ Entry Zo...:
🥇 105.03
🥈 105.52
🥉 106.55

❌ Stop Loss: 🔴103.08",cc931954145b4b9d9f4f33ba6f4002db,2026-09-07T09:53:56+00:00,2026-09-07T10:04:48.884572+00:00,958,crypto_global_watch_1
1158380,27802,"📊 Let’s LONG #IOST/USDT

💥 Leverage:  Cross 20×  -...922
2) 0.000952
3) 0.001020

🔖 Stop Loss: 0.000849",452d78880dd825994cda317671433f7e,2026-09-07T09:53:55+00:00,2026-09-07T10:04:48.898292+00:00,958,crypto_global_watch_1
1158379,27801,"#IOST/USDT BUY (LONG) 

⚡️Leverage : Cross 25x to ...08490

⚠️Use only 3% - 5% amount of your portfolio",54e275c87c87fd80470b62f2b5995274,2026-09-07T09:53:55+00:00,2026-09-07T10:04:48.882195+00:00,958,crypto_global_watch_1
1158376,27804,"⭐️$TIA/USDT  LONG

🛡Leverage : Cross 25x50

‼️Entr...0.3999

Use only 3% - 5% amount of your portfolio🛍",8a35da80f473dacbef3cdb6b2b31b273,2026-09-07T09:53:55+00:00,2026-09-07T10:04:48.859197+00:00,958,crypto_global_watch_1
1158375,27798,SOLUSDT LONG NOW,b603f5051de3680c3dad81703eef98d6,2026-09-07T08:41:18+00:00,2026-09-07T10:04:48.845391+00:00,958,crypto_global_watch_1
1158369,27799,"⭐️$SOL/USDT  LONG

🛡Leverage : Cross 25x50

‼️Entr... 99.91

Use only 3% - 5% amount of your portfolio🛍",fcaf8e65d8bedbf27e9d63b0a4437087,2026-09-07T08:41:18+00:00,2026-09-07T10:04:48.729365+00:00,958,crypto_global_watch_1
1158362,27793,#IOST SHORT 0.000890,e322aa93ed24a9d8a98676d4d079a325,2026-09-07T08:41:18+00:00,2026-09-07T10:04:48.594200+00:00,958,crypto_global_watch_1
1158360,27794,"#IOST/USDT SHORT     

👉Leverage : Cross 10× To 30...00087
2)  0.00082
3)  0.00076

⭕Stoploss : 0.00094",7894ed3c53e38b40e87af5bd0719613b,2026-09-07T08:41:18+00:00,2026-09-07T10:04:48.593316+00:00,958,crypto_global_watch_1
1158356,27795,"✅ Long

#VET/USDT

Entry zone : 0.006854 - 0.00706...734
0.007945

Stop loss :0.00657231

Leverage: 10x",61794fd2ea7b966982cb6591c45ef5cc,2026-09-07T08:41:18+00:00,2026-09-07T10:04:48.453511+00:00,958,crypto_global_watch_1
1158364,27784,"🟢 Long

#ZRX/USDT

Entry : 

1) 0.1031
2) 0.1000

...0.1101

🛑 Stop : 0.0966

Leverage : 10x (isolated)",ea802ed8955e4bf9c50644f06f62c08c,2026-09-07T08:15:09+00:00,2026-09-07T10:04:48.675077+00:00,958,crypto_global_watch_1
1158372,27782,"⭐️$NAORIS/USDT  LONG

🛡Leverage : Cross 25x50

‼️E....03413

Use only 3% - 5% amount of your portfolio🛍",794ff0fd606f839303179d8f5d24341b,2026-09-07T08:15:08+00:00,2026-09-07T10:04:48.812342+00:00,958,crypto_global_watch_1
1158370,27780,"#MARSCOIN/USDT SHORT     

👉Leverage : Cross 10× T...t

1)  0.155
2)  0.144
3)  0.133

⭕Stoploss : 0.17",07628b4701182f06b9c8789d3fbfdd79,2026-09-07T08:15:08+00:00,2026-09-07T10:04:48.747325+00:00,958,crypto_global_watch_1
1158354,27777,"✅ Long

Pair: #BCH/USDT

📊 Entry Price: 

1) 253.6...70
4) 271.00

Stop Loss: 237.67

Leverage: 10x-20x",bbab73757fcbd0919e37447e98707acd,2026-09-07T08:15:08+00:00,2026-09-07T10:04:48.085039+00:00,958,crypto_global_watch_1
1158353,27779,"SHORT

TIA/USDT

MARKET PRICE 

Leverage: 10X

TP:...5% of capital 

Always use proper risk management.",de307b9f3b52d9f5644f67c8a6709aec,2026-09-07T08:15:08+00:00,2026-09-07T10:04:48.068133+00:00,958,crypto_global_watch_1
1158352,27776,"SHORT

TIA/USDT

MARKET PRICE 

Leverage: 10X

TP:...5% of capital 

Always use proper risk management.",de307b9f3b52d9f5644f67c8a6709aec,2026-09-07T08:15:08+00:00,2026-09-07T10:04:48.056642+00:00,958,crypto_global_watch_1
1158351,27778,"SHORT

CFG/USDT

MARKET PRICE 

Leverage: 10X

TP:...5% of capital 

Always use proper risk management.",e83d596c9c9cfc628ca21e47ffe80e33,2026-09-07T08:15:08+00:00,2026-09-07T10:04:48.055459+00:00,958,crypto_global_watch_1
1160951,27822,"🚀 #OVER99WINS | TRADE SETUP 🚀

⭐ UNI /USDT — LONG
...o

📌 Follow the setup and manage your risk wisely.",c3a7cd5c75eddbaf129f53e682e04afd,2026-09-07T11:08:40+00:00,2026-09-07T11:36:08.301561+00:00,958,crypto_global_watch_1
1160949,27821,"🚀 LONG: $4/USDT
LEVERAGE: 50x

✔️ENTRY PRICE: 0.02...-0.02850-0.03100

STOP LOSS:  0.02520


REACTIONS?",3a3d1414438b344972e44c1684a4163f,2026-09-07T11:08:40+00:00,2026-09-07T11:36:08.287173+00:00,958,crypto_global_watch_1
1160944,27820,"$ONDOUSDT

SHORT

RR : 2

LEVERAGE : 30x

ENTRY : ...893

TAKE PROFITS 👇

1️⃣ 0.3764

STOPLOSS : 0.3956",ed36d4e86887df07708413d74a889e72,2026-09-07T10:42:13+00:00,2026-09-07T11:36:08.255428+00:00,958,crypto_global_watch_1
1160948,27819,"🚀 #OVER99WINS | TRADE SETUP 🚀

⭐ TIA /USDT — LONG
...o

📌 Follow the setup and manage your risk wisely.",e2212d81136f37d33a201a573c257ef8,2026-09-07T10:41:19+00:00,2026-09-07T11:36:08.285729+00:00,958,crypto_global_watch_1
1160947,27816,"DAY/TRADE 🏆

LONG BTC/USDT📈📈📈( continuation trend ...agement 🏆

Use only 10% of your 📈Available balance",e1a2aad4ff7ad07c6348690394c27535,2026-09-07T10:18:39+00:00,2026-09-07T11:36:08.283815+00:00,958,crypto_global_watch_1
1160946,27817,"🔴 Short

Pair: #LTC/USDT

📊 Entry Price: 

1) 55.8...3.19
4) 52.01

Stop Loss: 59.40

Leverage: 10x-20x",1001aacf7c2594c0316fcb790d6c93f6,2026-09-07T10:18:39+00:00,2026-09-07T11:36:08.274332+00:00,958,crypto_global_watch_1
1164178,27865,"🚩 SHORT #FLOCK/USDT

⚙️ 75X LEVERAGE

🛡 Entry: 0.0...: 0.06450
TP3: 0.06340

🛑 SL: 0.07200

🔥REACTIONS?",0d65be6ddd3d9f10bb4d6f0b5958487c,2026-09-07T14:11:38+00:00,2026-09-07T14:33:15.951314+00:00,958,crypto_global_watch_1
1164174,27873,"🚩 SHORT #ZAMA/USDT

⚙️ 75X LEVERAGE

🛡 Entry: 0.05...: 0.05060
TP3: 0.04780

🛑 SL: 0.06100

🔥REACTIONS?",0cb686979090aa89229abde4e4265408,2026-09-07T14:11:38+00:00,2026-09-07T14:33:15.893250+00:00,958,crypto_global_watch_1
1164169,27872,#ZAMA/USDT SHORT NOW,5689b010aa36ecb3903f35a1dce177e5,2026-09-07T14:11:38+00:00,2026-09-07T14:33:15.852595+00:00,958,crypto_global_watch_1
1164161,27868,"🔴 SHORT

#NEO/USDT

Entry zone : 2.271 - 2.205

Ta...060
1.994
1.927

Stop loss :2.35935

Leverage: 10x",3a11ca6196e27f682cbb4cf7633242f2,2026-09-07T14:11:38+00:00,2026-09-07T14:33:15.823084+00:00,958,crypto_global_watch_1
1164159,27870,PRL LONG 0.1342 tp1 0.1370,f0fdb9a5de015b0a705fddfc9e48f0d0,2026-09-07T14:11:38+00:00,2026-09-07T14:33:15.819878+00:00,958,crypto_global_watch_1
1164153,27871,"🚀 #PRL/USDT LONG SIGNAL 🚀
📍 Entry: 0.1342


🎯 Take... your risk, and let's catch this move together! 🪙🔥",d6ef80f841390c6c035f1f1125c8bf2a,2026-09-07T14:11:38+00:00,2026-09-07T14:33:15.805558+00:00,958,crypto_global_watch_1
1164147,27866,"TREEUSDT - LONG ( Swing trade ) 📈

Entry : Market ...t : 

*0.048
0.05
0.055
0.06*

Stoploss at : 0.034",289a844729e92342c8b96b9b785f2967,2026-09-07T14:11:38+00:00,2026-09-07T14:33:15.744298+00:00,958,crypto_global_watch_1
1164176,27864,"🟢ICP/USDT My long Trade Setup

Leverage 75X

Entry...  3.100

Stop Loss: 2.950

Follow Money Management",aeef86750f14eab5333862883b6fa79c,2026-09-07T13:56:52+00:00,2026-09-07T14:33:15.927182+00:00,958,crypto_global_watch_1
1164179,27863,"#SHORT 🔴 🔤🔤🔤🔤🔤

#NEAR/USDT 

Margin Mode : Isolate....155

🟩 SL : 2.506 - 100%

📊 LEV : 20X

🇯🇵 Premium",1ccd977c4e23510fd1ad1ac64f5e477b,2026-09-07T13:21:40+00:00,2026-09-07T14:33:15.961743+00:00,958,crypto_global_watch_1
1164164,27861,"TREEUSDT - LONG ( Swing trade ) 📈

Entry : Market ...t : 

*0.048
0.05
0.055
0.06*

Stoploss at : 0.034",289a844729e92342c8b96b9b785f2967,2026-09-07T13:21:40+00:00,2026-09-07T14:33:15.831151+00:00,958,crypto_global_watch_1
1164156,27862,"➡️ #SOPH     /USDT (SHORT) 🔽🔽

⌛LEVERAGE : 20X TO ...55

💥Use only 1%margin of your total portfolio❤️😘😇",3decacf0dda673ce8ed47c106f4c98ed,2026-09-07T13:21:40+00:00,2026-09-07T14:33:15.809642+00:00,958,crypto_global_watch_1
1164142,27860,"🔘 Coin : #ORCA/USDT 🔘

🟢 LONG

🔺Entry🔻: 1.545

⭐️ ....608 - 1.638

♦️ StopLoss : 1.488

🔱 Leverage: 25x",329dff97e34bc9ce21d57fbe076ee7ff,2026-09-07T13:12:51+00:00,2026-09-07T14:33:15.498588+00:00,958,crypto_global_watch_1
1164168,27859,"🔘 Coin : #ORCA/USDT 🔘

🟢 LONG

🔺Entry🔻: 1.545

⭐️ ....608 - 1.638

♦️ StopLoss : 1.488

🔱 Leverage: 25x",329dff97e34bc9ce21d57fbe076ee7ff,2026-09-07T13:12:41+00:00,2026-09-07T14:33:15.847236+00:00,958,crypto_global_watch_1
1164177,27850,"⚡️ BTC/USDT ⚡️

🔻 SCALP LONG

💎 Leverage: 10x – 15...oss: $76595

⚠️ Trade with proper risk management.",4d0162e77848f347e061d0c97d1ac8f4,2026-09-07T13:08:32+00:00,2026-09-07T14:33:15.943566+00:00,958,crypto_global_watch_1
1164170,27851,"🔴 SHORT

#ATOM/USDT

Entry : 

1) 1.669
2) 1.719

...) 1.553

🛑 Stop : 1.774

Leverage : 10x (isolated)",4cc168eb203b5e81875aace148d9ebba,2026-09-07T13:08:32+00:00,2026-09-07T14:33:15.855730+00:00,958,crypto_global_watch_1
1164149,27841,"⭐️$ZORA/USDT  LONG

🛡Leverage : Cross 25x50

‼️Ent...007809

Use only 3% - 5% amount of your portfolio🛍",f9e90102a50347300cf31510362aed4d,2026-09-07T12:50:29+00:00,2026-09-07T14:33:15.780170+00:00,958,crypto_global_watch_1
1164146,27843,"#XAN/USDT LONG     

👉Leverage : Cross 10× To 30×
...)  0.0205
2)  0.0210
3)  0.0220

⭕Stoploss : 0.018",ef229a870206b6c37f301f040c94617d,2026-09-07T12:50:29+00:00,2026-09-07T14:33:15.738014+00:00,958,crypto_global_watch_1
1164143,27842,"🪙 Coin: #XAN/USDT
🧭 Type: #LONG

📈 Entry Zone:
0.0... within the zone and maintain strict risk control.",d5f0127db3dea847bd680b8d3891631b,2026-09-07T12:50:29+00:00,2026-09-07T14:33:15.603767+00:00,958,crypto_global_watch_1
1164172,27839,"📍Coin : #AVNT/USDT

🟢 LONG 

👉 Entry: 0.1092 - 0.1...t 5: 0.1147
🎯 Target 6: 0.1158

❌ StopLoss: 0.1032",cb3849b54b4d95c00e40ecedd2dd776a,2026-09-07T12:33:09+00:00,2026-09-07T14:33:15.863778+00:00,958,crypto_global_watch_1
1164148,27834,"LUNA2 / USDT 

SHORT SHORT SHORT 

IST ENTRY AT MA...E 

TP 0.05300
TP 0.05260
TP 0.05205

15X LEVERAGE",4735d3158b005b79339ef19a179d3028,2026-09-07T12:19:51+00:00,2026-09-07T14:33:15.753276+00:00,958,crypto_global_watch_1
1164144,27833,"Coin #ZRO/USDT

Position: LONG 

Leverage:  Cross ...1.14

Targets: 🎯 1.20, 1.25, 1.32

Stop Loss: 1.11",ce4da70767e5847a7c6c003859e4acc1,2026-09-07T12:19:51+00:00,2026-09-07T14:33:15.604651+00:00,958,crypto_global_watch_1
1164139,27832,"🌈PAIR:- LUNA2/USDT
⚡️ Direction : LONG
🛠 Leverage:...nt Usage:- 1 - 2%
(According To your Risk Setting)",ef53d602106cfae325bba33324da2f37,2026-09-07T12:19:51+00:00,2026-09-07T14:33:15.283990+00:00,958,crypto_global_watch_1
1164145,27830,"🔘 Coin : #DOOD/USDT 🔘

🔴 SHORT

🔺Entry🔻: 0.002273
... 0.002091

♦️ StopLoss : 0.002361

🔱 Leverage: 25x",ef484b0e83d0b405189a72f0ca7b9bfb,2026-09-07T12:07:26+00:00,2026-09-07T14:33:15.634631+00:00,958,crypto_global_watch_1
1164141,27829,"🚀 #AKE/USDT LONG SIGNAL 🚀
📍 Entry: 0.01740


🎯 Tak... your risk, and let's catch this move together! 🪙🔥",e512642eb2f3e23659b1a75d0d49e661,2026-09-07T12:07:26+00:00,2026-09-07T14:33:15.509978+00:00,958,crypto_global_watch_1
1164140,27828,AKE LONG 0.01745 TP1 0.01782,77c1056b40b11bbb1b633910b524560a,2026-09-07T12:07:26+00:00,2026-09-07T14:33:15.488101+00:00,958,crypto_global_watch_1
1164137,27825,"#SOLV/USDT BUY (LONG) 

⚡️Leverage : Cross 25x to ...04250

⚠️Use only 3% - 5% amount of your portfolio",73b367e758879932f87acdf1642978ac,2026-09-07T12:07:26+00:00,2026-09-07T14:33:15.164944+00:00,958,crypto_global_watch_1
1164135,27823,"📊#DOOD/USDT — LONG

⚡️ Leverage : 20X – 25X

💹Entr...Entry After TP1

⚖️ Follow Proper Risk Management.",81847fecebb501e8596b8204c7ab37cb,2026-09-07T12:07:26+00:00,2026-09-07T14:33:14.699286+00:00,958,crypto_global_watch_1
1167681,27888,"COIN: #IOST /USDT (SHORT) SETUP

📊 Leverage 25x to...ENT IS KEY
Use only 1–2% of your capital per trade",9e0adbb414ca11c02bb6c6cf27086fba,2026-09-07T15:06:54+00:00,2026-09-07T16:22:22.711911+00:00,958,crypto_global_watch_1
1167677,27894,"🔴 Short

Pair: #KAVA/USDT

📊 Entry Price: 

1) 0.0...) 0.052823

Stop Loss: 0.060325

Leverage: 10x-20x",cadcca857dec8f76d4d326393c19752b,2026-09-07T15:06:54+00:00,2026-09-07T16:22:22.676890+00:00,958,crypto_global_watch_1
1167675,27891,"🟢#WLD/USDT

📈Signal: long Leverage: Cross 20X

⚡️E...even after TP1 is hit.

📣Trade Smart • Follow Risk",6c2368282463d9e868953a1f1e69b7b0,2026-09-07T15:06:54+00:00,2026-09-07T16:22:22.672157+00:00,958,crypto_global_watch_1
1167671,27886,"🚀 LONG: $PIEVERSE/USDT
LEVERAGE: 50x

✔️ENTRY PRIC...3000-1.3500-1.4700

STOP LOSS:  1.2200

REACTIONS?",3ea339eb0ab48af270643da2346e9da4,2026-09-07T15:06:53+00:00,2026-09-07T16:22:22.663094+00:00,958,crypto_global_watch_1
1167683,27876,"xrp/Usdt long 🟢
with 0.5% Wallet on market price 
...osite movement pe jo 5% around the liq manage zero",5ad85cb5302241eaa00cb6ed7a53ae69,2026-09-07T14:45:29+00:00,2026-09-07T16:22:22.748220+00:00,958,crypto_global_watch_1
1167666,27878,LONG CFG 0.1240,e8330bf040ed01416e039d1710fe7b3c,2026-09-07T14:45:29+00:00,2026-09-07T16:22:22.637466+00:00,958,crypto_global_watch_1
1167665,27879,"✅Entry 0.1237 -0.1220

(🆘LONG CFGUSDT 5-20x🆘)

🏹 T... 5  $0.1300
🏹Target 6  $0.1313

🚫Stop loss -0.1169",6b43b031c0a5110a5f9bbbabfe43601d,2026-09-07T14:45:29+00:00,2026-09-07T16:22:22.387151+00:00,958,crypto_global_watch_1
1167664,27877,"$BATUSDT

LONG

RR : 2

LEVERAGE : 50x

ENTRY : 0....740

TAKE PROFITS 👇

1️⃣ 0.0756

STOPLOSS : 0.0733",bebf7859741ec2e107f3cd0bfa1197b3,2026-09-07T14:45:29+00:00,2026-09-07T16:22:22.358098+00:00,958,crypto_global_watch_1
1167662,27874,"Long #WLD 75x 0.4690

Tp: 0.4730",a5453adf2bf0441613c49af54f2c275d,2026-09-07T14:45:29+00:00,2026-09-07T16:22:22.216734+00:00,958,crypto_global_watch_1
1169928,27910,DOT LONG 1.0882 TP1 1.1105,08e7022177e8b0f5f2280732282736e9,2026-09-07T17:30:11+00:00,2026-09-07T17:50:07.971884+00:00,958,crypto_global_watch_1
1169921,27909,"🚀 #BUSDT LONG SIGNAL 🚀
📍 Entry: 0.1840


🎯 Take Pr... your risk, and let's catch this move together! 🪙🔥",6dd224bc16bf1c93944c340902339cfc,2026-09-07T17:30:11+00:00,2026-09-07T17:50:07.857271+00:00,958,crypto_global_watch_1
1169919,27911,"🚀 #DOTUSDT LONG SIGNAL 🚀
📍 Entry: 1.0882


🎯 Take ... your risk, and let's catch this move together! 🪙🔥",bb620e937e95a53434be5667fb36dae1,2026-09-07T17:30:11+00:00,2026-09-07T17:50:07.839720+00:00,958,crypto_global_watch_1
1169911,27915,"🚨 #FLOCK/USDT | LONG

⚡Leverage: Cross 50X

🎯Entry... follow the signal and secure profits at targets.💎",0e81f3b28a2e706cb040e8d72c790e74,2026-09-07T17:30:11+00:00,2026-09-07T17:50:07.797606+00:00,958,crypto_global_watch_1
1169909,27913,"↗️ SHORT CALL ( BINANCE ) 

#CGPT/USDT 🥂

Signal T...17x LEVERAGE 👀

TAKE PROFIT -  0.01950 - 0.01700🔥🔥",dff4c61ea2287a89c21ec777035b9e88,2026-09-07T17:30:11+00:00,2026-09-07T17:50:07.740300+00:00,958,crypto_global_watch_1
1169927,27906,"🚀 #OVER99WINS | TRADE SETUP 🚀

⭐ BR /USDT — LONG

...o

📌 Follow the setup and manage your risk wisely.",25510ebfb2958501e500bd66451d0ddd,2026-09-07T16:41:58+00:00,2026-09-07T17:50:07.912648+00:00,958,crypto_global_watch_1
1169918,27905,"COIN: #UAI  /USDT (SHORT) SETUP

📊 Leverage 25x to...ENT IS KEY
Use only 1–2% of your capital per trade",1e9273d7b10c03f0841f65add2c7f28e,2026-09-07T16:41:57+00:00,2026-09-07T17:50:07.838500+00:00,958,crypto_global_watch_1
1169916,27902,"#BR USDT — BUY (LONG) 
🎉
🟢 Leverage: Cross  20x50
...Risk Management:
Use only 2%– 3%of your portfolio.",3df8f55a263de444f35a5505eb2fde37,2026-09-07T16:41:57+00:00,2026-09-07T17:50:07.812478+00:00,958,crypto_global_watch_1
1169912,27903,"💸 LONG —MINA

Entry: 0.08045

💸 Targets: 0.08127 /...9

💸  Stop: 0.07639

💸 Move SL to entry after TP1.",2aed2a50a13bc9b82e809b423c2a350b,2026-09-07T16:41:57+00:00,2026-09-07T17:50:07.803783+00:00,958,crypto_global_watch_1
1169906,27899,"COIN: #IOST /USDT (LONG) SETUP

📊 Leverage 25x to ...ENT IS KEY
Use only 1–2% of your capital per trade",c40a36041d515b9a44c126655ecce00a,2026-09-07T16:41:57+00:00,2026-09-07T17:50:07.546960+00:00,958,crypto_global_watch_1
1172532,27923,"🚨 #SUSHI/USDT | LONG

⚡Leverage: Cross 50X

🎯Entry... follow the signal and secure profits at targets.💎",16d7e4ad40f4be225a6f4cac3e575069,2026-09-07T18:39:08+00:00,2026-09-07T19:15:02.789380+00:00,958,crypto_global_watch_1
1172530,27925,"🚨 NEW TRADE SIGNAL 🚨

📊 UAI/USDT — Perpetual

📞 EN...arefully.

📈 I’ll update the trade as it develops.",6ba5e9ddf6c5ad233cc648c60faa9060,2026-09-07T18:39:08+00:00,2026-09-07T19:15:02.776703+00:00,958,crypto_global_watch_1
1174691,27926,"💰#BR/ USDT👑

💎Setup Type: Strong LONG  🔖Opportunit...TP ➝ 0.32000

4️⃣TP ➝ 0.40000

🚫Stop Loss: 0.24000",5bc17d135f337e7c754b65d960a65b5c,2026-09-07T19:30:17+00:00,2026-09-07T20:45:31.607434+00:00,958,crypto_global_watch_1
1180657,27961,"🔰 SAFE/USDT 🔰

🟢 LONG 20X

🔳 ENTRY :- 0.106

☑️ TARGET:- 0.110 - 0.116 - 0.124

🔴 STOP :- 0.096",26b1c1208824ef1c77aa3e8b71b15747,2026-09-08T07:08:56+00:00,2026-09-08T07:19:21.519318+00:00,958,crypto_global_watch_1
1180642,27960,"⚡️$SAFE/USDT⚡️

LONG
Leverage: 20X

Entry: 0.106

Target:

1)0.110
2)0.116
3)0.124

Stoploss: 0.096",8dcd80e2c8f0245fd263bdcb4c075109,2026-09-08T07:08:56+00:00,2026-09-08T07:19:21.221251+00:00,958,crypto_global_watch_1
1180658,27955,"🚀 $AERO/USDT PERP 🚀

🟢 LONG

💰 Entry : 0.665$ – 0.... 5X – 25X

⛔️ SL : 0.550$

📌 Use Only 2-5% Capital",fc2f041bba7f907f6f3cd6bda5ae7d9f,2026-09-08T06:50:20+00:00,2026-09-08T07:19:21.526732+00:00,958,crypto_global_watch_1
1180656,27951,"💵 𝐒𝐈𝐆𝐍𝐀𝐋 𝐀𝐋𝐄𝐑𝐓 💵

#AERO/USDT (25xLONG)

✅ ENTRY:0....62

TARGETS:-0.6650/0.70/0.75

❌ STOP LOSS: 0.5550",2df0690ca6b2aeba2c6c2dd7961fa243,2026-09-08T06:50:20+00:00,2026-09-08T07:19:21.501848+00:00,958,crypto_global_watch_1
1180653,27953,"$NEAR LONG🟢 (25x Lev)

Entry- 2.80$

Targets- 2.312$- 2.340$- 2.377$- 2.415$

Stop Loss- 2.225$",b0f431648a8a5204791a43cd3f8d14ce,2026-09-08T06:50:20+00:00,2026-09-08T07:19:21.399468+00:00,958,crypto_global_watch_1
1180652,27952,"🪙 Coin: #SOLV/USDT
🧭 Type: #LONG

📈 Entry Zone:
0.... within the zone and maintain strict risk control.",464790a0335146ef8ebd48f2e08d36a2,2026-09-08T06:50:20+00:00,2026-09-08T07:19:21.394445+00:00,958,crypto_global_watch_1
1180651,27956,"📊#AERO/USDT–LONG–30x 🚀

📍 𝐄𝐧𝐭𝐫𝐲 𝐙𝐨𝐧𝐞:

➥ 0.668, 0....tal.

⚠️ Disclaimer:
Trade at your own risk. DYOR.",e80098dd808bcee1853060f7aee14fff,2026-09-08T06:50:20+00:00,2026-09-08T07:19:21.384594+00:00,958,crypto_global_watch_1
1180650,27959,"🐳 SENT/USDT #LONG🐳

✳️ ENTRY :- 0.0148 - 0.0141

💢...0.0178

⛔️ STOP-LOSS :- 0.0138

☝️ Margin Use 2–3%",f6e7d49f8a0d79459c0857358ecd69ee,2026-09-08T06:50:20+00:00,2026-09-08T07:19:21.370899+00:00,958,crypto_global_watch_1
1180649,27954,"$BTC LONG🟢 (25x Lev)

Entry -  $78000

TP - 79000$- 80000$

SL: 77000$",497624811fbd48ff141e822113e07ab5,2026-09-08T06:50:20+00:00,2026-09-08T07:19:21.341945+00:00,958,crypto_global_watch_1
1180647,27958,"🟢AERO/USDT 📈

📈 long Setup 

💰 Entry Zone: 0.6570–...et 1. 
✅ Move SL to breakeven after Target 1 hits.",05a574dcd9171505d273614e377144f8,2026-09-08T06:50:20+00:00,2026-09-08T07:19:21.325746+00:00,958,crypto_global_watch_1
1180646,27957,"$BR/USDT #LONG📩

✅ENTRY :-0.2720/0.2630

Target 1:...𝐎𝐧𝐥𝐲 𝟏-𝟑% 𝐎𝐟 𝐎𝐮𝐫 𝐃𝐞𝐩𝐨𝐬𝐢𝐭 𝐅𝐨𝐫 𝐄𝐚𝐜𝐡 𝐓𝐫𝐚𝐝𝐞

React,??m",61c21d0ba1c5b95f92877673d16757b0,2026-09-08T06:50:20+00:00,2026-09-08T07:19:21.324044+00:00,958,crypto_global_watch_1
1180645,27950,"⚡ #BICO/USDT

📤 Long 

💹 Buy: 0.02283 - 0.02240

🧿...7 - 0.02421

🧨 StopLoss: 0.02174 

🔘 Leverage: 20x",e90e6bd837a65feab517407a657bd42e,2026-09-08T06:50:20+00:00,2026-09-08T07:19:21.315727+00:00,958,crypto_global_watch_1
1180643,27948,"$WLD LONG NOW

ENTRY: 0.4980 - 0.4800

TP:- 0.52 - 0.55 - 0.59

SL:- 0.44",09787c6ef7df4ef7294249cd69bbab44,2026-09-08T06:50:20+00:00,2026-09-08T07:19:21.304829+00:00,958,crypto_global_watch_1
1180641,27949,"🔴 SHORT

#TRX/USDT

Entry : 

1) 0.33751
2) 0.3476...31415

🛑 Stop : 0.35877

Leverage : 10x (isolated)",cd174719ba57071d8e604538e3407a93,2026-09-08T06:50:20+00:00,2026-09-08T07:19:21.222043+00:00,958,crypto_global_watch_1
1180648,27944,"📊 Let’s LONG #SOLV/USDT

💥 Leverage:  Cross 20×  -...1) 0.0047
2) 0.0049
3) 0.0053

🔖 Stop Loss: 0.0043",bccb3c0af4e22778a0ab21890357c044,2026-09-08T06:50:19+00:00,2026-09-08T07:19:21.341137+00:00,958,crypto_global_watch_1
1180644,27945,"#SOPH/USDT SHORT     

👉Leverage : Cross 10× To 30...0.00988
2)  0.00950
3)  0.00900

⭕Stoploss : 0.105",adfd991c38b34adad4c22a96c0aff27a,2026-09-08T06:50:19+00:00,2026-09-08T07:19:21.314289+00:00,958,crypto_global_watch_1
1180640,27943,"📊 Let’s LONG #SOL/USDT

💥 Leverage:  Cross 20×  - ...1) 104.55
2) 105.65
3) 106.82

🔖 Stop Loss: 101.30",b52f02097db21e5e8422f5115ddb8776,2026-09-08T06:50:19+00:00,2026-09-08T07:19:21.191755+00:00,958,crypto_global_watch_1
1184418,27981,"BICO/USDT 

SHORT SHORT SHORT 

OPEN MARKET PRICE ...2500
TP 0.022300
TP 0.022100

SL 0.026400

LEV 15X",18bf302d3b035f9eb618055881ea091b,2026-09-08T09:03:54+00:00,2026-09-08T09:04:18.119586+00:00,958,crypto_global_watch_1
1184416,27980,"💰#SOPH/ USDT👑

💎Setup Type: Strong LONG  🔖Opportun...➝ 0.011800

4️⃣TP ➝ 0.012900

🚫Stop Loss: 0.008500",66d16a8345045ba97f60ae80e2dd375a,2026-09-08T09:03:54+00:00,2026-09-08T09:04:18.092210+00:00,958,crypto_global_watch_1
1184404,27983,"🚀 #OVER99WINS | TRADE SETUP 🚀

⭐ SOPH /USDT — LONG...o

📌 Follow the setup and manage your risk wisely.",82f043a0c34bfff235aa19ecb8a72a2d,2026-09-08T09:03:54+00:00,2026-09-08T09:04:17.915168+00:00,958,crypto_global_watch_1
1184406,27977,"🔰 PAIR: SOL/ USDT 💹

🟢Position: LONG🚀

☑️ Entry Zo...:
🥇 103.10
🥈 103.39
🥉 103.66

❌ Stop Loss: 🔴101.80",d60a4b7864d14c425ba3d0ed7bbc858b,2026-09-08T08:35:50+00:00,2026-09-08T09:04:17.923258+00:00,958,crypto_global_watch_1
1184405,27978,"✅ Long

#BCH/USDT

Entry zone : 247.61 - 255.27

T...
279.39
287.01

Stop loss :237.4011

Leverage: 10x",80275fd6b56b43510abe23486cc62875,2026-09-08T08:35:50+00:00,2026-09-08T09:04:17.919831+00:00,958,crypto_global_watch_1
1184413,27975,"🟢#1000CAT/USDT

📈Signal: long Leverage: Cross 20X
...even after TP1 is hit.

📣Trade Smart • Follow Risk",a4e82516159c3d1598e0d9471f3ef8b5,2026-09-08T08:18:03+00:00,2026-09-08T09:04:18.072316+00:00,958,crypto_global_watch_1
1184407,27976,"📊 Let’s LONG #SOPH /USDT

💥 Leverage:  Cross 20×  ... 0.0105
2) 0.0110
3) 0.0120

🔖 Stop Loss: 0.009380",a4c4481323d9402f509c83a4a8e5fe71,2026-09-08T08:18:03+00:00,2026-09-08T09:04:17.941394+00:00,958,crypto_global_watch_1
1184414,27973,"#USELESS/USDT LONG     

👉Leverage : Cross 10× To ...

1)  0.240
2)  0.256
3)  0.278

⭕Stoploss : 0.215",929bda7b6705e69f9d4f0ceeca4ca8c7,2026-09-08T08:15:45+00:00,2026-09-08T09:04:18.065980+00:00,958,crypto_global_watch_1
1184412,27972,"Coin #SOPH/USDT

Position: LONG 

Leverage:  Cross...rgets: 🎯 0.0108, 0.0114, 0.0122

Stop Loss: 0.0096",bdf5d696d8f9aabbeadbbd18a004581d,2026-09-08T08:15:45+00:00,2026-09-08T09:04:18.059740+00:00,958,crypto_global_watch_1
1184411,27971,"🚨 #USELESS/USDT — LONG SETUP

📍 Entry Zone: 0.215 ...ou can afford to lose.

🔥 Trade Safe. Trade Smart.",562b75877780b1c80c254df1e134a8b5,2026-09-08T08:15:45+00:00,2026-09-08T09:04:18.047866+00:00,958,crypto_global_watch_1
1184415,27968,"Coin #AKE/USDT

Position: LONG 

Leverage:  Cross ...rgets: 🎯 0.0188, 0.0194, 0.0203

Stop Loss: 0.0170",7ad761cdd69d1aefec43cb77fbb950fa,2026-09-08T08:15:44+00:00,2026-09-08T09:04:18.086105+00:00,958,crypto_global_watch_1
1184410,27964,"🟢#SOPH/USDT

📈Signal: long Leverage: Cross 20X

⚡️...even after TP1 is hit.

📣Trade Smart • Follow Risk",af771b04c9351b9f49beb5f66ced1129,2026-09-08T08:15:44+00:00,2026-09-08T09:04:18.027096+00:00,958,crypto_global_watch_1
1184409,27970,"🟢COIN: #SOPH /USDT (LONG)

📊 Leverage 25x to 50x

...ENT IS KEY
Use only 1–2% of your capital per trade",9f950d7dc90f80592a5a4685a8437c32,2026-09-08T08:15:44+00:00,2026-09-08T09:04:18.013186+00:00,958,crypto_global_watch_1
1184408,27967,"🚨 #FLOCK/USDT | LONG

⚡Leverage: Cross 50x

🎯Entry... — follow the sign and secure profits at targets.💎",9dc2ca9320f782852732014ba38cbf8c,2026-09-08T08:15:44+00:00,2026-09-08T09:04:17.970433+00:00,958,crypto_global_watch_1
1184401,27969,"🚀 LONG: $USELESS/USDT🚀
LEVERAGE: 20X-50X

🤍 ENTRY ...60- 0.2780
—————

❌ STOP LOSS: 0.2030❌


REACTIONS",154dd8ac7267710d6affc724f5b40118,2026-09-08T08:15:44+00:00,2026-09-08T09:04:17.766387+00:00,958,crypto_global_watch_1
1184399,27966,"🚨 #SOPH/USDT | LONG

⚡Leverage: Cross 50x

🎯Entry ... follow the signal and secure profits at targets.💎",f858ed14c5ae7858f4b973e14c154c15,2026-09-08T08:15:44+00:00,2026-09-08T09:04:17.703332+00:00,958,crypto_global_watch_1
1184398,27963,"🟢#FORM/USDT

📈Signal: long Leverage: Cross 20X

⚡️...even after TP1 is hit.

📣Trade Smart • Follow Risk",d7b52b8a29660bb62df2041d0a22d9e1,2026-09-08T07:27:12+00:00,2026-09-08T09:04:17.674718+00:00,958,crypto_global_watch_1
1187610,28000,"🔴 Short

Pair: #VET/USDT

📊 Entry Price: 

1) 0.00...) 0.007186

Stop Loss: 0.008207

Leverage: 10x-20x",01b0c40405f86ec6112fd3f949c8ead1,2026-09-08T10:09:20+00:00,2026-09-08T10:41:02.507686+00:00,958,crypto_global_watch_1
1187605,27999,"✨TAO/USDT

🎗 Trade Type = LONG 🟢

⭐️ Leverage :- 2...[ 258.14, 260.59, 263.33, 265.79, 269.19, 272.08 ]",72cbc34dd99a49d0b51ea5bfb5fce89f,2026-09-08T10:09:20+00:00,2026-09-08T10:41:02.477491+00:00,958,crypto_global_watch_1
1187609,27993,"⭐️$IOST/USDT  LONG

🛡Leverage : Cross 25x50

‼️Ent...008486

Use only 3% - 5% amount of your portfolio🛍",483c31e96d8aab0264adf8f189341fcc,2026-09-08T10:08:15+00:00,2026-09-08T10:41:02.506116+00:00,958,crypto_global_watch_1
1187608,27998,"📊 #ON/USDT

🟢 POSITION: LONG

💰 ENTRY RANGE
➤ 0.19...
➤ 0.170

━━━━━━━━━━━━━━━━━━

✅ Manage risk wisely",c9240ad7dd0e67b4f029cb793c881272,2026-09-08T10:08:15+00:00,2026-09-08T10:41:02.492652+00:00,958,crypto_global_watch_1
1187607,27992,IOSTUSDT LONG NOW,cd9fa5befd256cfca5a75831e938068b,2026-09-08T10:08:15+00:00,2026-09-08T10:41:02.485815+00:00,958,crypto_global_watch_1
1187606,27996,"#SOPH USDT — BUY (LONG) 
🎉
🟢 Leverage: Cross  50x7...Risk Management:
Use only 2%– 3%of your portfolio.",63a082d32c183342c6d055fa8d874a02,2026-09-08T10:08:15+00:00,2026-09-08T10:41:02.479093+00:00,958,crypto_global_watch_1
1187604,27995,"⭐️$BTR/USDT  LONG

🛡Leverage : Cross 25x50

‼️Entr....04664

Use only 3% - 5% amount of your portfolio🛍",3bec9a87947613cd2ac2c282d63fa8ef,2026-09-08T10:08:15+00:00,2026-09-08T10:41:02.472350+00:00,958,crypto_global_watch_1
1187602,27994,BTRUSDT LONG NOW,bb5b5b885c596b1d0121d18ff069f372,2026-09-08T10:08:15+00:00,2026-09-08T10:41:02.453823+00:00,958,crypto_global_watch_1
1187601,27997,"$ATOM

LONG | Entry: 1.654
TP1: 1.701
TP2: 1.762
TP3: 1.825
SL: 1.597",e933cb6bf2c9d47c0f595c34aed5d402,2026-09-08T10:08:15+00:00,2026-09-08T10:41:02.451114+00:00,958,crypto_global_watch_1
1189463,28017,"📩TradingGain Range Alert

🟢 RANGE LONG!
📊 Coin: TA...6103
🎯 TP2: 0.06214
🎯 TP3: 0.06325
📊 Win Rate: 72%",56ecac3233d7c7fd590a37aecf044b2e,2026-09-08T11:44:17+00:00,2026-09-08T12:14:55.172167+00:00,958,crypto_global_watch_1
1189467,28016,"🚩 SHORT #ACE/USDT

⚙️ 20X LEVERAGE

🛡 Entry: 0.169...2: 0.16000
TP3: 0.15000

🛑 SL: 0.2300

🔥REACTIONS?",f5294175fc872c9fbeeaba7021aefd57,2026-09-08T11:37:52+00:00,2026-09-08T12:14:55.217721+00:00,958,crypto_global_watch_1
1189466,28013,"🚩 SHORT #ON/USDT

⚙️ 50X LEVERAGE

🛡 Entry: 0.2064...TP2: 0.1960
TP3: 0.1860

🛑 SL: 0.2300

🔥REACTIONS?",11ac8a12c558a9d15fb3d909d7e26b44,2026-09-08T11:34:16+00:00,2026-09-08T12:14:55.214278+00:00,958,crypto_global_watch_1
1189464,28014,"Coin #USELESS/USDT

Position: LONG 

Leverage:  Cr...rgets: 🎯 0.2510, 0.2780, 0.3200

Stop Loss: 0.2150",fd905af4d55ab0480d3f740fdf20ed57,2026-09-08T11:34:16+00:00,2026-09-08T12:14:55.200514+00:00,958,crypto_global_watch_1
1189458,28015,"🟢 Long

#ZRX/USDT

Entry : 

1) 0.0992
2) 0.0962

...0.1059

🛑 Stop : 0.0929

Leverage : 10x (isolated)",70e5a0ed8f6f2904a9f8878e40b900f0,2026-09-08T11:34:16+00:00,2026-09-08T12:14:55.140187+00:00,958,crypto_global_watch_1
1189465,28004,"🌹 #XPL/USDT

🟢 LONG

✅ Entry: 0.09965- 0.09823

❌ ...l advice.
💰 Stay disciplined. Protect your capital",5c9c2b0fcbf9c732850b0033e786a345,2026-09-08T10:45:54+00:00,2026-09-08T12:14:55.209435+00:00,958,crypto_global_watch_1
1189456,28003,"🚨 #USELESS/USDT | SHORT

⚡Leverage: Cross 50x

🎯En... follow the signal and secure profits at targets.💎",ae9aeae95ce00f709405b5ea27b66eb1,2026-09-08T10:45:54+00:00,2026-09-08T12:14:55.111311+00:00,958,crypto_global_watch_1
1189454,28005,"📊#VET/USDT — LONG

⚡️ Leverage : 20X – 35X

💹Entry...Entry After TP1

⚖️ Follow Proper Risk Management.",a06dd4fb911de4e272701259c6f646ab,2026-09-08T10:45:54+00:00,2026-09-08T12:14:55.086074+00:00,958,crypto_global_watch_1
1189453,28001,"#XPL/USDT

LONG LONG LONG 

OPEN MARKET PRICE 

TP...50
TP 0.10650
TP 0.10800

SL 0.09510

Leverage 25X",08393aba3e8b1223fb6183d9425e222f,2026-09-08T10:45:54+00:00,2026-09-08T12:14:55.003944+00:00,958,crypto_global_watch_1
1192368,28028,"SOL/USDT My Long Trade Idea 💡

Leverage 100X

Entr....500

Stop Loss   102.300

Follow Money Management",638f8c9df4fbb77ae5cfea3453f3e4f9,2026-09-08T12:57:42+00:00,2026-09-08T13:38:41.979048+00:00,958,crypto_global_watch_1
1192375,28025,"🚀 #BICOUSDT LONG SIGNAL 🚀
📍 Entry: 0.02475


🎯 Tak... your risk, and let's catch this move together! 🪙🔥",5742031480c613350992b54c39358763,2026-09-08T12:36:18+00:00,2026-09-08T13:38:42.046092+00:00,958,crypto_global_watch_1
1192373,28023,"🟢#VVV/USDT

📈Signal: long Leverage: Cross 20X

⚡️E...even after TP1 is hit.

📣Trade Smart • Follow Risk",d755d163c291376c1251bfcc228ab4ae,2026-09-08T12:36:18+00:00,2026-09-08T13:38:42.043466+00:00,958,crypto_global_watch_1
1192370,28024,BICO LONG 0.02475 tp1 0.02530,4378d9e942e2538b2cccb2bdc98e9f74,2026-09-08T12:36:18+00:00,2026-09-08T13:38:42.027006+00:00,958,crypto_global_watch_1
1192369,28026,"🚨 #USELESS/USDT | SHORT

⚡Leverage: Cross 50x

🎯En... follow the signal and secure profits at targets.💎",5f4e0ec37d0d23e910f3c8c815f010e7,2026-09-08T12:36:18+00:00,2026-09-08T13:38:42.017718+00:00,958,crypto_global_watch_1
1192374,28018,"🚀 #OVER99WINS | TRADE SETUP 🚀

⭐ CROSS /USDT — LON...o

📌 Follow the setup and manage your risk wisely.",62b1a0aee3bebbb68de14a8be8fa7afd,2026-09-08T12:36:17+00:00,2026-09-08T13:38:42.044813+00:00,958,crypto_global_watch_1
1197973,28088,"🔴 Short

 #ATOM/USDT

Entry : 

1) 1.788
2) 1.841
...) 1.664

🛑 Stop  : 1.900

Leverage: 50x (isolated)",d9c1eae10295e47285d85d9fc08123d7,2026-09-08T16:22:44+00:00,2026-09-08T16:34:51.366756+00:00,958,crypto_global_watch_1
1197981,28080,"💰#KAITO/ USDT👑

💎Setup Type: Strong LONG  🔖Opportu...

🥉TP ➝ 0.4000

4️⃣TP ➝ 0.5000

🚫Stop Loss: 0.2900",243684d7c15f8f20c16ef455c820063a,2026-09-08T16:20:12+00:00,2026-09-08T16:34:51.423262+00:00,958,crypto_global_watch_1
1197979,28087,"$INJ LONG🟢 (25x Lev)

Entry- 6.40$

Targets- 6.493$- 6.567$- 6.672$- 

Stop Loss- 6.175$",1e7bed57d5def32f86be56877a546a0c,2026-09-08T16:20:12+00:00,2026-09-08T16:34:51.401525+00:00,958,crypto_global_watch_1
1197976,28085,"💰#EPIC/ USDT👑

💎Setup Type: Strong LONG  🔖Opportun...

🥉TP ➝ 0.5000

4️⃣TP ➝ 0.7500

🚫Stop Loss: 0.2700",feac76989618d1a3284df6ad8c5fc40e,2026-09-08T16:20:12+00:00,2026-09-08T16:34:51.390730+00:00,958,crypto_global_watch_1
1197977,28082,"🟢COIN: #USELESS  /USDT (LONG)

📊 Leverage 25x to 5...ENT IS KEY
Use only 1–2% of your capital per trade",84664e01b4fc499de60dffe4ce6a9597,2026-09-08T16:20:12+00:00,2026-09-08T16:34:51.389898+00:00,958,crypto_global_watch_1
1197975,28078,"📊 Let’s LONG #USELESS /USDT

💥 Leverage:  Cross 20...1) 0.3070
2) 0.3180
3) 0.3400

🔖 Stop Loss: 0.2800",9bbbe4afae3c4780070a1de8d8074d3e,2026-09-08T16:20:12+00:00,2026-09-08T16:34:51.381334+00:00,958,crypto_global_watch_1
1197974,28086,"🚨 #VVV/USDT | LONG

⚡Leverage: Cross 50x

🎯Entry T... follow the signal and secure profits at targets.💎",2cb9b3a7e7181016dd95ac0d9e278cfc,2026-09-08T16:20:12+00:00,2026-09-08T16:34:51.376711+00:00,958,crypto_global_watch_1
1197966,28084,"#USELESS /USDT BUY (LONG) 

⚡️Leverage : Cross 25x....2800

⚠️Use only 3% - 5% amount of your portfolio",630f4cdb7b90f547e8fd50a772ac8550,2026-09-08T16:20:12+00:00,2026-09-08T16:34:51.321057+00:00,958,crypto_global_watch_1
1197967,28076,"🔴 SHORT

#ETC/USDT

Entry : 

1) 8.739
2) 9.001

T...) 8.134

🛑 Stop : 9.289

Leverage : 10x (isolated)",35c1df28b1aac9da882b547546e6f518,2026-09-08T16:03:54+00:00,2026-09-08T16:34:51.329914+00:00,958,crypto_global_watch_1
1197965,28075,"🚀 #AKEUSDT LONG SIGNAL 🚀
📍 Entry: 0.01972


🎯 Take... your risk, and let's catch this move together! 🪙🔥",a62eaf78ee06fcb00aeed526d7c17a2b,2026-09-08T16:03:54+00:00,2026-09-08T16:34:51.320253+00:00,958,crypto_global_watch_1
1197958,28073,"✅Entry 0.6417 -0.6320

(🆘LONG AEROUSDT 5-20x🆘)

🏹 ... 5  $0.6803
🏹Target 6  $0.6900

🚫Stop loss -0.6058",fd9b94cf96ff53ae8188432612acf6e3,2026-09-08T16:03:54+00:00,2026-09-08T16:34:51.278903+00:00,958,crypto_global_watch_1
1197968,28047,"🟢#FLOCK/USDT

📈Signal: long Leverage: Cross 20X

⚡...even after TP1 is hit.

📣Trade Smart • Follow Risk",1fbba236c256dda308a9289583208a9c,2026-09-08T15:53:00+00:00,2026-09-08T16:34:51.338265+00:00,958,crypto_global_watch_1
1197964,28049,"#SCR/USDT BUY (LONG) 

⚡️Leverage : Cross 25x to 5...02330

⚠️Use only 3% - 5% amount of your portfolio",c420025546c6feb5c2df0d8d63b2d9bd,2026-09-08T15:53:00+00:00,2026-09-08T16:34:51.316268+00:00,958,crypto_global_watch_1
1197957,28041,"EXCHANGE/BYBIT/BITUNIX/OKX📌 


DAY TRADE 🏆

LONG/H...agement 🏆


Use only 5% of your 📈Available balance",5667c32ed326163e05727fb94bd0ef05,2026-09-08T15:53:00+00:00,2026-09-08T16:34:51.259937+00:00,958,crypto_global_watch_1
1197953,28050,"#VET buy setup long 

Tp 0.0080$-0.0085$-0.01-0.012-0.016$ 

Stop lose 0.0072$ 

Use 5X",76b30c16b14ad2e4c0576a451ecf501d,2026-09-08T15:53:00+00:00,2026-09-08T16:34:51.240933+00:00,958,crypto_global_watch_1
1197952,28043,AKE LONG 0.01975 TP1 0.02017,797727eb58398722e107a0ffb4f5094f,2026-09-08T15:53:00+00:00,2026-09-08T16:34:51.222054+00:00,958,crypto_global_watch_1
1197951,28059,"#SOPH USDT — SELL (SHORT) 
🎉
🟢 Leverage: Cross  50...Risk Management:
Use only 2%– 3%of your portfolio.",28cccd5326a409bae402cf01ff453cb7,2026-09-08T15:53:00+00:00,2026-09-08T16:34:51.216397+00:00,958,crypto_global_watch_1
1197946,28058,"🔴 SHORT

#ADA/USDT

Entry zone : 0.23545 - 0.22860....20676
0.19987

Stop loss :0.244602

Leverage: 10x",69cba36ed5bea87e83911f509b93a798,2026-09-08T15:53:00+00:00,2026-09-08T16:34:51.133307+00:00,958,crypto_global_watch_1
1197944,28042,"#WLD $WLD LONG TRADE

ENTRY: 0.47

TARGET: 0.51

STOPLOSS: 0.4562",2f6f2c577ce4f26b9a441f54cc89f4f0,2026-09-08T15:53:00+00:00,2026-09-08T16:34:51.109357+00:00,958,crypto_global_watch_1
1197942,28038,"#SHORT 🔴 🔤🔤🔤🔤🔤

#DOGE/USDT 

Margin Mode : Isolate...32

🟩 SL : 0.09206 - 100%

📊 LEV : 20X

🇯🇵 Premium",42ade274659390e05ee7944da36c9edd,2026-09-08T15:53:00+00:00,2026-09-08T16:34:51.099290+00:00,958,crypto_global_watch_1
1197941,28040,"🚀 #MEGAUSDT LONG SIGNAL 🚀
📍 Entry: 0.04210


🎯 Tak... your risk, and let's catch this move together! 🪙🔥",d66235661dbcf31b41bfa2ffa936c4fc,2026-09-08T15:53:00+00:00,2026-09-08T16:34:51.082077+00:00,958,crypto_global_watch_1
1197939,28045,"🔴SHORT  #BTCUSDT

🔶 Entry : 78300 - 78400

➡️ Leve...ake Profit Targets :

👉 77300

🛑 Stop Loss : 79500",ea6f2ec4256ae0c6dfad5b1d7400de46,2026-09-08T15:53:00+00:00,2026-09-08T16:34:51.043178+00:00,958,crypto_global_watch_1
1197938,28060,"🚀 LONG: $FORM/USDT
LEVERAGE: 50x

✔️ENTRY PRICE: 0...3180-0.3310-0.3600

STOP LOSS:  0.2925

REACTIONS?",9bc702500e655ece5fa977f5e88b02eb,2026-09-08T15:53:00+00:00,2026-09-08T16:34:51.023465+00:00,958,crypto_global_watch_1
1197937,28061,"📈 LONG #FORM/USDT

🚀 LEVERAGE : 50x

📊 ENTRY PRICE...

TP🟢0.330

TP🟢0.350

STOPLOSS 🔴0.290


REACTIONS?",7209223dce21df370272d47901a82a61,2026-09-08T15:53:00+00:00,2026-09-08T16:34:51.015907+00:00,958,crypto_global_watch_1
1197935,28044,"🚀 #AKEUSDT LONG SIGNAL 🚀
📍 Entry: 0.01975


🎯 Take... your risk, and let's catch this move together! 🪙🔥",812bbd2204d0d5e93628aa3d818d2689,2026-09-08T15:53:00+00:00,2026-09-08T16:34:50.983409+00:00,958,crypto_global_watch_1
1197933,28053,"⭐️$SOPH/USDT  SHORT

🛡Leverage : Cross 25x50

‼️En...009351

Use only 3% - 5% amount of your portfolio🛍",1cc2d02676261e1e75e6d144590fcac0,2026-09-08T15:53:00+00:00,2026-09-08T16:34:50.974404+00:00,958,crypto_global_watch_1
1197932,28036,"ETH/USD SELL 

Entry : $ 2456.53

Target1: $  2431
Target2: $  2392
Target3: $  2354


SL : $ 2494",b28d3f7e626e25f3b36adc528de1a78b,2026-09-08T15:52:59+00:00,2026-09-08T16:34:50.813897+00:00,958,crypto_global_watch_1
1197931,28037,"✅ Long

Pair: #NEO/USDT

📊 Entry Price: 

1) 2.160....262
4) 2.307

Stop Loss: 2.023

Leverage: 10x-20x",0292e0c3540914601366ffe866ce8d6b,2026-09-08T15:52:59+00:00,2026-09-08T16:34:50.791085+00:00,958,crypto_global_watch_1
1201613,28097,"🚨 #SOPH/USDT | SHORT

⚡Leverage: Cross 50x

🎯Entry... follow the signal and secure profits at targets.💎",e9d27d82d3661a9e920fc356245f0e6c,2026-09-08T17:20:36+00:00,2026-09-08T18:04:01.227081+00:00,958,crypto_global_watch_1
1201610,28095,"🟢COIN: #USELESS  /USDT (LONG)

📊 Leverage 25x to 5...ENT IS KEY
Use only 1–2% of your capital per trade",e01db7d0f839292228d2c523f619fac0,2026-09-08T17:20:36+00:00,2026-09-08T18:04:01.186079+00:00,958,crypto_global_watch_1
1201611,28096,"📊 Let’s LONG #USELESS/USDT

💥 Leverage:  Cross 20×...s: 

1) 0.302
2) 0.313
3) 0.330

🔖 Stop Loss: 0.27",1941e0c8f37976d3b9f36150d8a8a90f,2026-09-08T17:20:36+00:00,2026-09-08T18:04:01.182677+00:00,958,crypto_global_watch_1
1201609,28093,"📊 Let’s SHORT #SOPH /USDT

💥 Leverage:  Cross 20× ....00630
2) 0.00600
3) 0.00530

🔖 Stop Loss: 0.00700",9c2a2fea5fe184b88c6aa68131697710,2026-09-08T16:38:01+00:00,2026-09-08T18:04:01.166948+00:00,958,crypto_global_watch_1
1201607,28092,"ADA/USD SELL 

Entry : $ 0.22657

Target1: $  0.22...2: $  0.21596
Target3: $  0.20810


SL : $ 0.23467",0db37ffc9d542660f4ca178643eaeb99,2026-09-08T16:38:01+00:00,2026-09-08T18:04:01.162047+00:00,958,crypto_global_watch_1
1201606,28091,"ETH/USD SELL 

Entry : $ 2491.36

Target1: $  2469
Target2: $  2442
Target3: $  2414


SL : $ 2520",1b481bf37c2bdd04a572129a1fc9d3d6,2026-09-08T16:38:01+00:00,2026-09-08T18:04:01.158378+00:00,958,crypto_global_watch_1
1201605,28090,"💰#SOPH/ USDT👑

💎Setup Type: Strong SHORT  🔖Opportu...➝ 0.005300

4️⃣TP ➝ 0.004000

🚫Stop Loss: 0.007500",5083a42f0448d225c61ab08b0c02f2d7,2026-09-08T16:38:01+00:00,2026-09-08T18:04:01.121600+00:00,958,crypto_global_watch_1
1201604,28089,"#SOL

After the nearest high is broken, a shift in...gets: 104.57 / 105.88 / 110.21
📉 Stop Loss: 100.11",cd2f58f8b940813a180c2aa1c0f879c0,2026-09-08T16:38:01+00:00,2026-09-08T18:04:01.034685+00:00,958,crypto_global_watch_1
1204715,28105,"💫 Pair: ZEC/USDT  💫

🔼 Direction: Long 🔼

✅ Levera...ke Profit: 1250.00 📈

⚠️ Stop Loss: 1145.00 ⚠️

📈📈",fd2ec6eab605580fc0923f6be72b4256,2026-09-08T19:21:35+00:00,2026-09-08T20:39:01.053675+00:00,958,crypto_global_watch_1
1204714,28106,"⚡️⚡️#EPIC/USDT⚡️⚡️

Signal Type : Long
Leverage : ...
1) 0.3913
2) 0.4063
3) 0.4211

Stop Loss : 0.3701",203cb4bac81f2f239cdbe26d4aeaa1fb,2026-09-08T19:21:35+00:00,2026-09-08T20:39:01.048522+00:00,958,crypto_global_watch_1
1204719,28104,"$ETCUSDT

LONG

RR : 2

LEVERAGE : 25x

ENTRY : 8.750

TAKE PROFITS 👇

1️⃣ 9.136

STOPLOSS : 8.561",2896f23036f09b3d12b0e8e67f27bca2,2026-09-08T19:21:34+00:00,2026-09-08T20:39:01.089201+00:00,958,crypto_global_watch_1
1204717,28102,"Pair: #BNB/USDT

Long • (10X-50X)

Entry
753.00

T...t your own risk. Always use proper risk management",c3f425b09496e47a8131878e80fbc91d,2026-09-08T19:21:34+00:00,2026-09-08T20:39:01.068919+00:00,958,crypto_global_watch_1
1204716,28103,"🔰 PAIR: XRP/ USDT 💹

🟢Position: LONG🚀

☑️ Entry Zo...:
🥇 1.4351
🥈 1.4472
🥉 1.4727

❌ Stop Loss: 🔴1.4007",bdf981fbd2fec28f5c734b78aae76864,2026-09-08T19:21:34+00:00,2026-09-08T20:39:01.066614+00:00,958,crypto_global_watch_1
1204713,28099,"🟢 Long

👉 Strategy :   Breakout Strategy

#DASH/US...4) 66.20

 Stop : 58.06

Leverage : 10x (isolated)",6dadcd0a5a87f66a22b021dcce23ccc7,2026-09-08T19:21:34+00:00,2026-09-08T20:39:00.977813+00:00,958,crypto_global_watch_1
1213539,28170,"📍Coin : #DOT/USDT

🔴 SHORT 

👉 Entry: 1.1820 - 1.2...t 5: 1.1250
🎯 Target 6: 1.1105

❌ StopLoss: 1.2490",68ea2c8db9456b6b5029730f6507c475,2026-09-09T07:00:57+00:00,2026-09-09T07:07:13.712347+00:00,958,crypto_global_watch_1
1213565,28160,"🟢CATI/USDT 📈

📈 long Setup 

💰 Entry Zone: 0.0634–...et 1. 
✅ Move SL to breakeven after Target 1 hits.",1a7b08794f0da467a5add8eb42f6f449,2026-09-09T06:42:39+00:00,2026-09-09T07:07:13.880881+00:00,958,crypto_global_watch_1
1213562,28155,"🟢 Long

#THETA/USDT

Entry : 

1) 0.1773
2) 0.1719...0.1894

🛑 Stop : 0.1661

Leverage : 10x (isolated)",0f18baed1f117db213d624ad54956818,2026-09-09T06:42:39+00:00,2026-09-09T07:07:13.828341+00:00,958,crypto_global_watch_1
1213561,28167,"📊 #USELESS/USDT

🟢 POSITION: LONG

💰 ENTRY RANGE
➤...
➤ 0.240

━━━━━━━━━━━━━━━━━━

✅ Manage risk wisely",b09f51c77e9d1a802edbc160058961d5,2026-09-09T06:42:39+00:00,2026-09-09T07:07:13.820192+00:00,958,crypto_global_watch_1
1213554,28163,"🚀 #OVER99WINS | TRADE SETUP 🚀

⭐ LIT /USDT — LONG
...o

📌 Follow the setup and manage your risk wisely.",366c4026d43441f6a6130c8a6f634d86,2026-09-09T06:42:39+00:00,2026-09-09T07:07:13.788824+00:00,958,crypto_global_watch_1
1213553,28158,"$KAT/USDT now at current market price (Spot + Futu...$0.0062
2. $0.0065
3. $0.0067

Stop loss : $0.0054",f1f29d80264ecb8fde309af2b8b00070,2026-09-09T06:42:39+00:00,2026-09-09T07:07:13.780244+00:00,958,crypto_global_watch_1
1213544,28156,"🔰 VVV/USDT 🔰

🟢 LONG 20X

🔳 ENTRY :- 26.80

☑️ TARGET:- 27.50 - 28.70- 31.00

🔴 STOP :- 23.70",3974e3bf3f56c5e7e0bf7e66da08d95f,2026-09-09T06:42:39+00:00,2026-09-09T07:07:13.741994+00:00,958,crypto_global_watch_1
1213543,28159,"🪙 Coin: #FF/USDT
🧭 Type: #LONG

📈 Entry Zone:
0.15... within the zone and maintain strict risk control.",a70f433ee612e963f79b78338c2f2b9d,2026-09-09T06:42:39+00:00,2026-09-09T07:07:13.741324+00:00,958,crypto_global_watch_1
1213541,28169,"🚀 #LITUSDT LONG SIGNAL 🚀

📌 ENTRY ➜ 5.2100

🎯 TAKE...ch this move together!

💱 Trade Smart • Trade Safe",e8fadb0042b3fadbd1862b4755eb319d,2026-09-09T06:42:39+00:00,2026-09-09T07:07:13.733459+00:00,958,crypto_global_watch_1
1213538,28168,LIT LONG 5.2155 TP1 5.3245,f39dc0bbdb647c929b242c968a468493,2026-09-09T06:42:39+00:00,2026-09-09T07:07:13.721217+00:00,958,crypto_global_watch_1
1213533,28162,"📊 Let’s LONG #LIT/USDT

💥 Leverage:  Cross 20×  - ...1) 5.3785
2) 5.5650
3) 5.7520

🔖 Stop Loss: 4.9045",34061fdd1ee8995b05c7b17fec7c22f7,2026-09-09T06:42:39+00:00,2026-09-09T07:07:13.647029+00:00,958,crypto_global_watch_1
1213564,28143,"🔴 SHORT

#ZRX/USDT

Entry zone : 0.1084 - 0.1053

...
0.0952
0.0920

Stop loss :0.112671

Leverage: 10x",8f846f042f1d77e76cfab4d2ba99439c,2026-09-09T06:42:38+00:00,2026-09-09T07:07:13.860630+00:00,958,crypto_global_watch_1
1213559,28149,"⌛#SUI/USDT  ( SHORT )

🍁 Leverage 👉 20X to 25X 

⛩...34 | 0.7763 | 0.7654 | 0.7564

🔕 Stoploss = 0.8299",06705001f3f8e9c2a1ce68051b303c7a,2026-09-09T06:42:38+00:00,2026-09-09T07:07:13.814053+00:00,958,crypto_global_watch_1
1213558,28145,"#MARSCOIN/USDT LONG     

👉Leverage : Cross 10× To...

1)  0.135
2)  0.139
3)  0.145

⭕Stoploss : 0.126",6d0f1b1457dd95d233405b6234a2c734,2026-09-09T06:42:38+00:00,2026-09-09T07:07:13.811586+00:00,958,crypto_global_watch_1
1213557,28150,"✅ Long

Pair: #ZIL/USDT

📊 Entry Price: 

1) 0.002...0.0030599

Stop Loss: 0.0026835

Leverage: 10x-20x",babec39b2ae80cc19f47d31fbaed4706,2026-09-09T06:42:38+00:00,2026-09-09T07:07:13.801749+00:00,958,crypto_global_watch_1
1213555,28148,"🐳 BTR/USDT #LONG🐳

✳️ ENTRY :- 0.05170 - 0.05000

...: 0.060

⛔️ STOP-LOSS :- 0.047

☝️ Margin Use 2–3%",571727bfc82d18a1b2156be39df58c6f,2026-09-09T06:42:38+00:00,2026-09-09T07:07:13.791771+00:00,958,crypto_global_watch_1
1213552,28147,"⚡️$VVV/USDT⚡️

LONG
Leverage: 20X

Entry: 26.80

Target:

1)27.50
2)28.70
3)31.00

Stoploss: 23.70",039358edd671a7812132a8385a42b639,2026-09-09T06:42:38+00:00,2026-09-09T07:07:13.776446+00:00,958,crypto_global_watch_1
1213550,28152,"Coin #SKR/USDT

Position: LONG 

Leverage:  Cross ...rgets: 🎯 0.0251, 0.0286, 0.0319

Stop Loss: 0.0202",3f964ee6c0050eb4112449bc0bd5948f,2026-09-09T06:42:38+00:00,2026-09-09T07:07:13.773289+00:00,958,crypto_global_watch_1
1213549,28154,"$KAT/USDT #LONG📩

✅ENTRY :-0.0060/0.005750

Target...𝐎𝐧𝐥𝐲 𝟏-𝟑% 𝐎𝐟 𝐎𝐮𝐫 𝐃𝐞𝐩𝐨𝐬𝐢𝐭 𝐅𝐨𝐫 𝐄𝐚𝐜𝐡 𝐓𝐫𝐚𝐝𝐞

React,??m",4aa3fe41d1eb57e773bf99b2ecae8d34,2026-09-09T06:42:38+00:00,2026-09-09T07:07:13.764129+00:00,958,crypto_global_watch_1
1213546,28138,"#GPSUSDT — BUY (LONG) 
🎉
🟢 Leverage: Cross  20x50
...Risk Management:
Use only 2%– 3%of your portfolio.",3ae70757d0c416bd80c692c737e9936e,2026-09-09T06:42:38+00:00,2026-09-09T07:07:13.759557+00:00,958,crypto_global_watch_1
1213545,28139,"#MAGMAUSDT — BUY (LONG) 
🎉
🟢 Leverage: Cross  25x7...Risk Management:
Use only 2%– 3%of your portfolio.",07471ae1821452304aecdfa676f3be7d,2026-09-09T06:42:38+00:00,2026-09-09T07:07:13.748941+00:00,958,crypto_global_watch_1
1213540,28142,"✅ Long

#IOST/USDT

Entry zone : 0.00080694 - 0.00...
0.00093534

Stop loss :0.000773667

Leverage: 10x",551734e3dee410edcc40dd6b286039c0,2026-09-09T06:42:38+00:00,2026-09-09T07:07:13.731906+00:00,958,crypto_global_watch_1
1213535,28137,"🟢#IOST/USDT

📈Signal: long Leverage: Cross 20X

⚡️...even after TP1 is hit.

📣Trade Smart • Follow Risk",610eddc347ff650ace42276185e0965c,2026-09-09T06:42:38+00:00,2026-09-09T07:07:13.686311+00:00,958,crypto_global_watch_1
1213532,28151,"🚀 $LIT/USDT PERP 🚀

🟢 LONG

💰 Entry : 5.03$ – 4.80...: 5X – 25X

⛔️ SL : 4.35$

📌 Use Only 2-5% Capital",b805282f609bbde6a63b79aff9a22479,2026-09-09T06:42:38+00:00,2026-09-09T07:07:13.622808+00:00,958,crypto_global_watch_1
1213529,28133,"📊 Let’s LONG #HYPE/USDT

💥 Leverage:  Cross 20×  -...: 

1) 86.80
2) 87.66
3) 88.70

🔖 Stop Loss: 83.70",b2b015bce27228413aa1d4887b5a85f6,2026-09-09T06:42:38+00:00,2026-09-09T07:07:13.436720+00:00,958,crypto_global_watch_1
1213528,28132,"📊 Let’s SHORT #BEAT/USDT

💥 Leverage:  Cross 20×  ...1) 0.1230
2) 0.1190
3) 0.1135

🔖 Stop Loss: 0.1310",af1ac6ea4baa1d02c39ce5693594572e,2026-09-09T06:42:38+00:00,2026-09-09T07:07:13.418929+00:00,958,crypto_global_watch_1
1213525,28134,"📊 Let’s SHORT #FF/USDT

💥 Leverage:  Cross 20×  - ...: 

1) 0.140
2) 0.132
3) 0.125

🔖 Stop Loss: 0.155",8ea8a208a9720f01e6893eeff8f143ee,2026-09-09T06:42:38+00:00,2026-09-09T07:07:13.364194+00:00,958,crypto_global_watch_1
1213523,28128,"📩TradingGain Range Alert

🟢 RANGE LONG!
📊 Coin: SO...00
🎯 TP2: 107.4100
🎯 TP3: 108.9600
📊 Win Rate: 83%",88d5f9f6a1b71805aa7e837c12bd0972,2026-09-09T06:42:38+00:00,2026-09-09T07:07:13.304193+00:00,958,crypto_global_watch_1
1217608,28173,"💰#BR/ USDT👑

💎Setup Type: Strong LONG  🔖Opportunit...TP ➝ 0.35000

4️⃣TP ➝ 0.45000

🚫Stop Loss: 0.27000",514e9bcf1e7839c10ab5748c7abf5d07,2026-09-09T08:04:54+00:00,2026-09-09T08:39:31.400726+00:00,958,crypto_global_watch_1
1217607,28174,"🔰 PAIR: AVAX/ USDT 💹

🟢Position: LONG🚀

☑️ Entry Z...gets:
🥇 8.043
🥈 8.066
🥉 8.127

❌ Stop Loss: 🔴7.960",6ba50fe29f6edaa05cc05fd990e5e948,2026-09-09T08:04:54+00:00,2026-09-09T08:39:31.388917+00:00,958,crypto_global_watch_1
1217606,28176,"🚀 #OVER99WINS | TRADE SETUP 🚀

⭐ BR /USDT — LONG

...o

📌 Follow the setup and manage your risk wisely.",544fda77ccdc85e1aa796ec87a38f743,2026-09-09T08:04:54+00:00,2026-09-09T08:39:31.353207+00:00,958,crypto_global_watch_1
1219935,28186,"⭐️$SKR/USDT  LONG

🛡Leverage : Cross 25x50

‼️Entr...020890

Use only 3% - 5% amount of your portfolio🛍",edd886f37f3ed4e5973627300a943e36,2026-09-09T09:30:38+00:00,2026-09-09T10:08:26.280518+00:00,958,crypto_global_watch_1
1219941,28184,"$SOLUSDT

LONG

RR : 2

LEVERAGE : 35x

ENTRY : 10....38

TAKE PROFITS 👇

1️⃣ 107.44

STOPLOSS : 102.87",d615d0d911101ab207110b2aad0944a9,2026-09-09T09:30:37+00:00,2026-09-09T10:08:26.321675+00:00,958,crypto_global_watch_1
1219940,28181,"📈 LONG #ATOM/USDT

🚀 LEVERAGE : 75x

📊 ENTRY PRICE...1.99

TP🟢2.05

TP🟢2.15

STOPLOSS 🔴1.84

REACTIONS?",a6e1fc32d1e25050e08063767f842adb,2026-09-09T09:30:37+00:00,2026-09-09T10:08:26.312774+00:00,958,crypto_global_watch_1
1219936,28183,"SHORT🚨

NCLD/USDT

MARKET PRICE

Leverage: 10X/25X... 5% of Your capital

Apply proper risk management📈",bba45537a39f414c31a25092079eab23,2026-09-09T09:30:37+00:00,2026-09-09T10:08:26.285364+00:00,958,crypto_global_watch_1
1219938,28179,"⚡️$USELESS/USDT⚡️

LONG
Leverage: 25X

Entry: 0.31...
Target:

1)0.325
2)0.365
3)0.425

Stoploss: 0.240",731f4c96babf44e2da7fe8a1d8b11db0,2026-09-09T08:46:18+00:00,2026-09-09T10:08:26.305762+00:00,958,crypto_global_watch_1
1219934,28180,"🔴 SHORT

#ATOM/USDT

Entry : 

1) 1.931
2) 1.988

...) 1.797

🛑 Stop : 2.052

Leverage : 10x (isolated)",bc12681428224d3a8884bbf618ad4431,2026-09-09T08:46:18+00:00,2026-09-09T10:08:26.257417+00:00,958,crypto_global_watch_1
1219933,28178,"📈 LONG #IOST/USDT

🚀 LEVERAGE : 50x

📊 ENTRY PRICE...🟢0.00128

TP🟢0.00135

STOPLOSS 🔴0.0013

REACTIONS?",a71ea14c8d486fe688d4810af0cf5eb2,2026-09-09T08:46:18+00:00,2026-09-09T10:08:26.247053+00:00,958,crypto_global_watch_1
1219932,28177,"⚡ #XRP/USDT

📤 Long 

💹 Buy: 1.4409 - 1.4000

🧿 Ta...149 - 1.5300

🧨 StopLoss: 1.3640 

🔘 Leverage: 20x",57163b79ae0d731c87d22cacb6519b78,2026-09-09T08:46:18+00:00,2026-09-09T10:08:26.133252+00:00,958,crypto_global_watch_1
1221629,28219,"⭐️$RAY/USDT  LONG

🛡Leverage : Cross 50x75

‼️Entr...1.1386

Use only 3% - 5% amount of your portfolio🛍",9d65fc079f486c3f97a29b91070a6865,2026-09-09T11:51:38+00:00,2026-09-09T11:57:56.947338+00:00,958,crypto_global_watch_1
1221624,28218,"Use only 2% Funds

#XRP/USDT (SHORT)

Entry 1 = 1....Profit
T.P 3 = 1000% Profit 

🔴Stop loss at 1.4950",72d3b530691c46dedf8bef3cf6d4dcae,2026-09-09T11:51:38+00:00,2026-09-09T11:57:56.919660+00:00,958,crypto_global_watch_1
1221638,28217,"✨ATOM/USDT

🎗 Trade Type = SHORT 🔴

⭐️ Leverage :-...fit = [ 1.918, 1.896, 1.876, 1.855, 1.836, 1.813 ]",2cc626ded2107daa367cf41923260742,2026-09-09T11:49:06+00:00,2026-09-09T11:57:57.059828+00:00,958,crypto_global_watch_1
1221634,28215,"🔘 Coin : #PUMP/USDT 🔘

🔴 SHORT

🔺Entry🔻: 0.004396
... 0.004131

♦️ StopLoss : 0.004551

🔱 Leverage: 25x",a7e9a214efb58c9d4236f6da8546a348,2026-09-09T11:49:06+00:00,2026-09-09T11:57:56.980567+00:00,958,crypto_global_watch_1
1221632,28216,"📈 LONG #KAT/USDT

🚀 LEVERAGE : 50x

📊 ENTRY PRICE ...P🟢0.0059

TP🟢0.0062

STOPLOSS 🔴0.0053


REACTIONS?",a930e04ab0e969acd3a8be7b4d496979,2026-09-09T11:49:06+00:00,2026-09-09T11:57:56.971961+00:00,958,crypto_global_watch_1
1221631,28214,"🚨 $VVV/USDT | LONG

⚡Leverage: Cross 25x

🎯Entry T... follow the signal and secure profits at targets.💎",c0a8a6e643d79e11b42aeb8bd5536b88,2026-09-09T11:49:06+00:00,2026-09-09T11:57:56.969261+00:00,958,crypto_global_watch_1
1221616,28213,"⭐️$ATOM/USDT  SHORT

🛡Leverage : Cross 25x50

‼️En... 2.218

Use only 3% - 5% amount of your portfolio🛍",bfcf8bc753be1c8206103240bedfbde3,2026-09-09T11:49:06+00:00,2026-09-09T11:57:56.622403+00:00,958,crypto_global_watch_1
1221622,28212,"🚀 #OVER99WINS | TRADE SETUP 🚀

⭐ BR /USDT — LONG

...o

📌 Follow the setup and manage your risk wisely.",97125e85c8218a01e7b493857889b8fc,2026-09-09T11:03:07+00:00,2026-09-09T11:57:56.906909+00:00,958,crypto_global_watch_1
1221636,28203,"📊 Let’s LONG #USELESS/USDT

💥 Leverage:  Cross 20×...1) 0.3300
2) 0.3500
3) 0.3900

🔖 Stop Loss: 0.3000",ef70bbaf57b72b7d7a91e5882347c8f7,2026-09-09T10:45:26+00:00,2026-09-09T11:57:56.986860+00:00,958,crypto_global_watch_1
1221628,28202,"#BR USDT — BUY (LONG) 
🎉
🟢 Leverage: Cross  25x75
...Risk Management:
Use only 2%– 3%of your portfolio.",91a8259b90bcf9144d0d68bad81b569b,2026-09-09T10:45:25+00:00,2026-09-09T11:57:56.952517+00:00,958,crypto_global_watch_1
1221621,28201,"🚀 #HUMAUSDT LONG SIGNAL 🚀

📌 ENTRY ➜ 0.02319

🎯 TA...ch this move together!

🪙 Trade Smart • Trade Safe",5c139097cf484566bb73b9c2125c3677,2026-09-09T10:45:25+00:00,2026-09-09T11:57:56.891249+00:00,958,crypto_global_watch_1
1221640,28198,"🛎️ Trade: #MARSCOIN/USDT

Direction: 📈 LONG 

🟢 En...18
• Target 6: 0.1432

💠 Leverage : 5x - 10x - 20x",052c46b212f1fc577423734957698a14,2026-09-09T10:23:29+00:00,2026-09-09T11:57:57.098056+00:00,958,crypto_global_watch_1
1221627,28199,"🚨 #BR/USDT | LONG

⚡Leverage: Cross 25x

🎯Entry Ta... follow the signal and secure profits at targets.💎",6e55575fb412fecf25b06cb5f80b1c20,2026-09-09T10:23:29+00:00,2026-09-09T11:57:56.949115+00:00,958,crypto_global_watch_1
1221623,28197,"🔴 Short

Pair: #QTUM/USDT

📊 Entry Price: 

1) 0.9...) 0.854116

Stop Loss: 0.975408

Leverage: 10x-20x",32372949526e3fd348f0b126a275a988,2026-09-09T10:22:40+00:00,2026-09-09T11:57:56.918234+00:00,958,crypto_global_watch_1
1221642,28196,"⭐️$ATOM/USDT  LONG

🛡Leverage : Cross 25x50

‼️Ent... 1.700

Use only 3% - 5% amount of your portfolio🛍",c20d3376c5c0c78921561871ebb559d4,2026-09-09T10:17:15+00:00,2026-09-09T11:57:57.105573+00:00,958,crypto_global_watch_1
1221635,28194,"#IOST/USDT LONG     

👉Leverage : Cross 10× To 30×...0128
2)  0.00132
3)  0.00140

⭕Stoploss : 0.001155",855579181fe84cb88a4921f81ad62b45,2026-09-09T10:17:14+00:00,2026-09-09T11:57:56.984841+00:00,958,crypto_global_watch_1
1221619,28192,"✅ Long

#VET/USDT

Entry zone : 0.007526 - 0.00775...492
0.008723

Stop loss :0.00721587

Leverage: 10x",d4a2197e2d6de47507c1abddf32f5b93,2026-09-09T10:17:14+00:00,2026-09-09T11:57:56.881004+00:00,958,crypto_global_watch_1
1221618,28189,"#IOST /USDT BUY (LONG) 

⚡️Leverage : Cross 25x to...01145

⚠️Use only 3% - 5% amount of your portfolio",9ee3f337b818d8747ff63f3e057cc051,2026-09-09T10:17:14+00:00,2026-09-09T11:57:56.675749+00:00,958,crypto_global_watch_1
1221617,28191,"#IOST/USDT LONG     

👉Leverage : Cross 10× To 30×...0128
2)  0.00132
3)  0.00140

⭕Stoploss : 0.001155",855579181fe84cb88a4921f81ad62b45,2026-09-09T10:17:14+00:00,2026-09-09T11:57:56.621587+00:00,958,crypto_global_watch_1
1221614,28188,"🚀 LONG: $IOST/USDT
LEVERAGE: 50x

✔️ENTRY PRICE: 0...001380-0.001500

STOP LOSS:  0.001200


REACTIONS?",451a5f60806dbe562580eac1d0e8165f,2026-09-09T10:17:14+00:00,2026-09-09T11:57:56.500491+00:00,958,crypto_global_watch_1
1223426,28229,"IOST/ USDT/ SHORT
Entry at market price 

Cross ||...only 1% of your wallet. 
Manage your risk properly",2950d4c8e76e9017483a46a7536db003,2026-09-09T12:16:02+00:00,2026-09-09T13:29:16.085763+00:00,958,crypto_global_watch_1
1223424,28228,"Pair: #ATOM/USDT

Short • (25X)

Entry
1.935

Targ...t your own risk. Always use proper risk management",74479c5cfca9b6a4782bb33618913a21,2026-09-09T12:05:18+00:00,2026-09-09T13:29:15.970803+00:00,958,crypto_global_watch_1
1225919,28249,"✅ Long

Pair: #ZIL/USDT

📊 Entry Price: 

1) 0.002...0.0030567

Stop Loss: 0.0026807

Leverage: 10x-20x",b9dd0b6012ffeb51b14967c1abf36c1b,2026-09-09T14:28:02+00:00,2026-09-09T14:54:23.136030+00:00,958,crypto_global_watch_1
1225922,28248,"#WLD $WLD LONG TRADE

ENTRY: 0.4495

TARGET: 0.491

STOPLOSS: 0.4345",b7922643a647b7741b4dd777df046972,2026-09-09T13:49:47+00:00,2026-09-09T14:54:23.172570+00:00,958,crypto_global_watch_1
1225915,28247,"BTC/USDT Short  | 

Entry  :  79210 

TP   :  78800 / 78500 / 78000

SL  :  79600 | Risk 3% to 5%",ae4396ca2c6dd5a45a50588e1fec8ba6,2026-09-09T13:49:47+00:00,2026-09-09T14:54:23.124009+00:00,958,crypto_global_watch_1
1225921,28242,"🔘 Coin : #MAGMA/USDT 🔘

🟢 LONG

🔺Entry🔻: 0.26974

... - 0.29141

♦️ StopLoss : 0.25961

🔱 Leverage: 25x",1488460f0e05c51a492f680600c19b81,2026-09-09T13:48:26+00:00,2026-09-09T14:54:23.168652+00:00,958,crypto_global_watch_1
1225920,28244,"BTC/USD SELL 

Entry : $ 79494

Target1: $  79129
Target2: $ 78365
Target3: $ 77684

SL : $ 80148",2b8480b529d118db18c82e22abb5cb2e,2026-09-09T13:48:26+00:00,2026-09-09T14:54:23.149277+00:00,958,crypto_global_watch_1
1225918,28243,"#SHORT 🔴 🔤🔤🔤🔤🔤

#HYPE/USDT 

Margin Mode : Isolate...8.61

🟩 SL : 89.70 - 100%

📊 LEV : 30X

🇯🇵 Premium",4be795ddfd5e517fa0a0d9fccc2ca190,2026-09-09T13:48:26+00:00,2026-09-09T14:54:23.131517+00:00,958,crypto_global_watch_1
1225914,28246,"🟢 Long

#BNB/USDT

Entry : 

1) 747.740
2) 725.307...8.896

🛑 Stop : 700.632

Leverage : 10x (isolated)",8f4f60557234aa134096c3924ef9d9fc,2026-09-09T13:48:26+00:00,2026-09-09T14:54:23.120899+00:00,958,crypto_global_watch_1
1229182,28269,"➡️ #IOST     /USDT (SHORT) 🔽🔽

⌛LEVERAGE : 20X TO ...8


💥Use only 1%margin of your total portfolio❤️😘😇",738c3e7181515ff972b5128ef30dbd05,2026-09-09T16:09:21+00:00,2026-09-09T17:13:59.785926+00:00,958,crypto_global_watch_1
1229179,28270,"🔴 SHORT

#IOST/USDT

Entry zone : 0.00167879 - 0.0...
0.00142510

Stop loss :0.001743993

Leverage: 10x",b7029e5f427d893bd27974a3b0b01b75,2026-09-09T16:09:21+00:00,2026-09-09T17:13:59.765644+00:00,958,crypto_global_watch_1
1229181,28265,"USELESS/USDT

SHORT SHORT SHORT 

OPEN MARKET PRIC....29600
TP 0.29200
TP 0.29050

SL  0.33900

LEV 10X",1755d428017a9660e0b4b8e20a7c1677,2026-09-09T16:09:20+00:00,2026-09-09T17:13:59.783171+00:00,958,crypto_global_watch_1
1229178,28266,"🚨 #USELESS/USDT | SHORT

⚡Leverage: Cross 50x

🎯En... follow the signal and secure profits at targets.💎",3493af7c0111e7ea94cb8e9e6a28f39b,2026-09-09T16:09:20+00:00,2026-09-09T17:13:59.754037+00:00,958,crypto_global_watch_1
1229174,28268,"💰#IOST/ USDT👑

💎Setup Type: Strong LONG  🔖Opportun....0018000

4️⃣TP ➝ 0.0025000

🚫Stop Loss: 0.0012800",c86f3f4ce739ef10b4e302f031f5880a,2026-09-09T16:09:20+00:00,2026-09-09T17:13:59.601851+00:00,958,crypto_global_watch_1
1229192,28261,"#BTC - LONG 100X

Entry  78991

Targets 100% -200%-300% +++

SL= Will Update

Using 1% wallet",00db68dc347ea1d07c00f09346c40956,2026-09-09T15:19:58+00:00,2026-09-09T17:13:59.882090+00:00,958,crypto_global_watch_1
1229184,28262,"🔰 PAIR: OP/ USDT 💹

🔴Position: SHORT🚀

☑️ Entry Zo...:
🥇 0.1034
🥈 0.1025
🥉 0.1015

❌ Stop Loss: 🔴0.1058",be321197a9d6e927b86244707251071a,2026-09-09T15:19:58+00:00,2026-09-09T17:13:59.807532+00:00,958,crypto_global_watch_1
1229191,28260,"🚀 #COTIUSDT LONG SIGNAL 🚀

📌 ENTRY ➜ 0.01942

🎯 TA...ch this move together!

🪙 Trade Smart • Trade Safe",bdba71f72557d5e735767260455cef24,2026-09-09T15:19:57+00:00,2026-09-09T17:13:59.852986+00:00,958,crypto_global_watch_1
1229187,28256,"🚨 #CROSS/USDT — POWER LONG 

🎩 ENTRY ZONE: 0.1230
...re profits step by step
🗡 NO FEAR — JUST PROFITS 🪙",b6d17240e6a5f73aadd563932ead9128,2026-09-09T15:19:57+00:00,2026-09-09T17:13:59.842755+00:00,958,crypto_global_watch_1
1229180,28258,"🚀 #USELESSUSDT SHORT SIGNAL 🚀

📌 ENTRY ➜ 0.3072

🎯...ch this move together!

🪙 Trade Smart • Trade Safe",a0e4953da606c9843ac9a81316cbe5b3,2026-09-09T15:19:57+00:00,2026-09-09T17:13:59.766465+00:00,958,crypto_global_watch_1
1229177,28259,COTI LONG 0.01942 TP1 0.01982,a08dc054d64a629c31f3729c60c9470e,2026-09-09T15:19:57+00:00,2026-09-09T17:13:59.732619+00:00,958,crypto_global_watch_1
1229173,28254,"🚀 #OVER99WINS | TRADE SETUP 🚀

⭐ CROSS /USDT — LON...o

📌 Follow the setup and manage your risk wisely.",d683f9906f86ccd50ec7239dc11d7cc9,2026-09-09T15:19:57+00:00,2026-09-09T17:13:59.596187+00:00,958,crypto_global_watch_1
1229170,28251,"ETH/ USDT/ SHORT
Entry at market price 

Cross || ...only 1% of your wallet. 
Manage your risk properly",325d4fca2572b55e4ab1aeb1fd862c65,2026-09-09T15:19:57+00:00,2026-09-09T17:13:59.138439+00:00,958,crypto_global_watch_1
1238381,28468,"🔴SHORT  #BTCUSDT

🔶 Entry : 77400 - 77500

➡️ Leve...ake Profit Targets :

👉 76400

🛑 Stop Loss : 78600",0b9e75786260eec8a4d222828a450c44,2026-09-10T16:02:08+00:00,2026-09-13T19:38:46.522532+00:00,958,crypto_global_watch_1
1238379,28464,"Doge/Usdt long 🟢
with 0.5% Wallet on market price ...osite movement pe jo 5% around the liq manage zero",0c5ba45523936dd289c9aeb635f19feb,2026-09-10T16:02:08+00:00,2026-09-13T19:38:46.304734+00:00,958,crypto_global_watch_1
1238378,28463,"⭐️$ETHFI/USDT  LONG

🛡Leverage : Cross 25x50

‼️En...0.6535

Use only 3% - 5% amount of your portfolio🛍",d5a42e45a71c8916bbf0763714b18901,2026-09-10T16:02:08+00:00,2026-09-13T19:38:46.288271+00:00,958,crypto_global_watch_1
1238377,28461,"🚀 #ETHFIUSDT LONG SIGNAL 🚀

📌 ENTRY ➜ 0.6660

🎯 TA...ch this move together!

🪙 Trade Smart • Trade Safe",d0b722c604bb4a4b04e5501aefa166b2,2026-09-10T16:02:08+00:00,2026-09-13T19:38:46.279842+00:00,958,crypto_global_watch_1
1238374,28459,"✨ZEC/USDT

🎗 Trade Type = SHORT 🔴

⭐️ Leverage :- ....95, 1144.46, 1130.96, 1120.45, 1108.04, 1092.73 ]",89187d31c24eda728200508d2145e1a5,2026-09-10T16:02:08+00:00,2026-09-13T19:38:46.125968+00:00,958,crypto_global_watch_1
1238373,28458,"🌈PAIR:- VTHO/USDT
⚡️ Direction : LONG
🛠 Leverage: ...nt Usage:- 1 - 2%
(According To your Risk Setting)",252319429c966927e5b6645beb5c8998,2026-09-10T16:02:08+00:00,2026-09-13T19:38:46.116280+00:00,958,crypto_global_watch_1
1238372,28457,"#MET /USDT BUY (LONG) 

⚡️Leverage : Cross 25x to ....2020

⚠️Use only 3% - 5% amount of your portfolio",27da5436c1048f61a3d099b097e7f817,2026-09-10T16:02:08+00:00,2026-09-13T19:38:46.040523+00:00,958,crypto_global_watch_1
1238370,28454,"✅ Long

Pair: #ETC/USDT

📊 Entry Price: 

1) 7.746....114
4) 8.275

Stop Loss: 7.258

Leverage: 10x-20x",6a5247f98965a55be00657b3ec17d21e,2026-09-10T16:02:07+00:00,2026-09-13T19:38:45.932164+00:00,958,crypto_global_watch_1
1238369,28455,"📊 Let’s LONG #MARSCOIN/USDT

💥 Leverage:  Cross 20...) 0.1165
2) 0.1218
3) 0.1280

🔖 Stop Loss: 0.10380",0f59e13b524bbc413b23ba82743997f3,2026-09-10T16:02:07+00:00,2026-09-13T19:38:45.904925+00:00,958,crypto_global_watch_1
1238368,28453,"🟢 Long

#DASH/USDT

Entry : 

1) 56.81
2) 55.10

T...) 60.69

🛑 Stop : 53.23

Leverage : 10x (isolated)",7b8efdb1ee479516f272ec5863de2c0d,2026-09-10T16:02:07+00:00,2026-09-13T19:38:45.836884+00:00,958,crypto_global_watch_1
1238367,28452,"📈 LONG #ORDER/USDT

🚀 LEVERAGE : 50x

📊 ENTRY PRIC...P🟢0.0412

TP🟢0.0435

STOPLOSS 🔴0.0370


REACTIONS?",5b8d679a9036e679c8376254e78096e5,2026-09-10T16:02:07+00:00,2026-09-13T19:38:45.827747+00:00,958,crypto_global_watch_1
1238366,28450,"💵COIN NAME : #ORDER /USDT

📈POSITION : LONG(BUY)

... = 0.04188

🔖 STOPLOSS  = 0.03665


SHOW REACTIONS",03ef076b735ec1ee3642c55c6a0130c7,2026-09-10T16:02:07+00:00,2026-09-13T19:38:45.818677+00:00,958,crypto_global_watch_1
1238362,28448,"⭐️$ORDER/USDT  LONG

🛡Leverage : Cross 25x50

‼️En....03622

Use only 3% - 5% amount of your portfolio🛍",22cc0576cbf2bd0bf660db03dbd16f72,2026-09-10T16:02:07+00:00,2026-09-13T19:38:45.679399+00:00,958,crypto_global_watch_1
1238360,28445,"⭐️$VTHO/USDT  SHORT

🛡Leverage : Cross 25x50

‼️En...007164

Use only 3% - 5% amount of your portfolio🛍",a5949bc88bb9aeba708e0e4f97504cbf,2026-09-10T16:02:07+00:00,2026-09-13T19:38:45.576830+00:00,958,crypto_global_watch_1
1238357,28443,"🟢#MARSCOIN/USDT

📈Signal: long Leverage: Cross 20X...even after TP1 is hit.

📣Trade Smart • Follow Risk",bd6dcfe2e557f530df827ef80e8aa969,2026-09-10T16:02:07+00:00,2026-09-13T19:38:45.544830+00:00,958,crypto_global_watch_1
1238356,28440,"🟢#FLOCK/USDT

📈Signal: long Leverage: Cross 20X

⚡...even after TP1 is hit.

📣Trade Smart • Follow Risk",071f5eb031f356d160135e73f529d05d,2026-09-10T16:02:07+00:00,2026-09-13T19:38:45.471661+00:00,958,crypto_global_watch_1
1238339,28423,"#LONG 🟢🔤🔤🔤🔤🔤

#ETH/USDT

Margin Mode : Isolated 💎
...581

🟥 SL : 2352 - 100%   

📊 LEV : 30X

🇯🇵Premium",0debbcf08e041e59539e0b0606bb6616,2026-09-10T13:40:45+00:00,2026-09-13T19:38:44.872048+00:00,958,crypto_global_watch_1
1238338,28420,"⭐ VTHO /USDT — LONG

💵 ENTRY: 0.0006450-0.0006200
...o

📌 Follow the setup and manage your risk wisely.",5319e5efe02b2ad39795bd86b8a90eec,2026-09-10T13:40:45+00:00,2026-09-13T19:38:44.736159+00:00,958,crypto_global_watch_1
1238336,28422,"✅Entry : $0.0006242-0.0006345

( 🆘SHORT VTHO/USD 5...5920
🏹Target 6  $0.0005860

🚫Stop loss : 0.0006675",a5b0d023558870b8f4841e35fb91fac6,2026-09-10T13:40:45+00:00,2026-09-13T19:38:44.696289+00:00,958,crypto_global_watch_1
1238334,28417,"💫 Pair: BTC/USDT  💫

🔼 Direction: Long 🔼

✅ Levera... Profit: 80600.00 📈

⚠️ Stop Loss: 74550.00 ⚠️

📈📈",10e78d3070662e68c060b90691466201,2026-09-10T13:40:45+00:00,2026-09-13T19:38:44.616333+00:00,958,crypto_global_watch_1
1238333,28418,"🚨 #BR/USDT | LONG

⚡Leverage: Cross 25x

🎯Entry Ta... follow the signal and secure profits at targets.💎",e9dc46107808bf3d50a692cc9df2eedb,2026-09-10T13:40:45+00:00,2026-09-13T19:38:44.605623+00:00,958,crypto_global_watch_1
1238331,28415,"ETH/ USDT/ LONG
Entry at market price 

Cross || L...only 1% of your wallet. 
Manage your risk properly",883e322e8d2dfb5331e9f79cba6e5f6d,2026-09-10T13:40:45+00:00,2026-09-13T19:38:44.535570+00:00,958,crypto_global_watch_1
1238330,28414,"🚩 SHORT #REZ/USDT

⚙️ 50X LEVERAGE

🛡 Entry: 0.003....003230
TP3: 0.003150

🛑 SL: 0.003580

🔥REACTIONS?",b3d738bebd25ae6bcb188009f63ad428,2026-09-10T13:40:45+00:00,2026-09-13T19:38:44.527069+00:00,958,crypto_global_watch_1
1238329,28412,"⭐ REZ /USDT — SHORT

💵 ENTRY: 0.003370-0.003460

⚙...o

📌 Follow the setup and manage your risk wisely.",a0b22fd2e964444dd0cd6f14244d887a,2026-09-10T13:40:45+00:00,2026-09-13T19:38:44.476592+00:00,958,crypto_global_watch_1
1238324,28409,"➡️ #CRV     /USDT (SHORT) 🔽🔽

⌛LEVERAGE : 20X TO 7...0


💥Use only 1%margin of your total portfolio❤️😘😇",ff7450c511a94f3a9c34126b7c3462a4,2026-09-10T13:40:44+00:00,2026-09-13T19:38:44.393672+00:00,958,crypto_global_watch_1
1238322,28406,"New longs #BTC 25x at $77,400 📈

TP : 79,400 

S/L : 75,400

R/R : 1:1",b0a8ab597eb0625cbfdf16e41c9e22c8,2026-09-10T13:40:44+00:00,2026-09-13T19:38:44.353759+00:00,958,crypto_global_watch_1
1238321,28405,"🚨 #VTHO/USDT | LONG

⚡Leverage: Cross 50x

🎯Entry ... follow the signal and secure profits at targets.💎",a4f43b0b73dcf27f809458f21e45c241,2026-09-10T13:40:44+00:00,2026-09-13T19:38:44.318989+00:00,958,crypto_global_watch_1
1238320,28404,"🟢#APR/USDT

📈Signal: long Leverage: Cross 20X

⚡️E...even after TP1 is hit.

📣Trade Smart • Follow Risk",456ea2c8a20b8f901f01c84e9a2b212c,2026-09-10T13:40:44+00:00,2026-09-13T19:38:44.232146+00:00,958,crypto_global_watch_1
1238319,28403,"Long #APR 0.1505

Tp 0.1550",f8a4d4f956a509933fb28a952c434833,2026-09-10T13:40:44+00:00,2026-09-13T19:38:44.218033+00:00,958,crypto_global_watch_1
1238317,28401,"🚩 SHORT #ZEST/USDT

⚙️ 50X LEVERAGE

🛡 Entry: 0.13...: 0.13040
TP3: 0.12850

🛑 SL: 0.14100

🔥REACTIONS?",2091ea81a99e0d0cb6015b5adaaa7ff8,2026-09-10T13:40:44+00:00,2026-09-13T19:38:44.195424+00:00,958,crypto_global_watch_1
1238316,28399,"🌈PAIR:- VTHO/USDT
⚡️ Direction : LONG
🛠 Leverage: ...nt Usage:- 1 - 2%
(According To your Risk Setting)",d3f9838f30b7532d196358d3f8fe7818,2026-09-10T11:51:46+00:00,2026-09-13T19:38:44.117334+00:00,958,crypto_global_watch_1
1238313,28398,"💰#VTHO/ USDT👑

💎Setup Type: Strong LONG  🔖Opportun....0007300

4️⃣TP ➝ 0.0008500

🚫Stop Loss: 0.0005800",6766c8c2fe27b35da8172ec3fcf6985e,2026-09-10T11:51:46+00:00,2026-09-13T19:38:44.005862+00:00,958,crypto_global_watch_1
1238314,28396,"🚀 LONG: $VTHO/USDT
LEVERAGE: 50x

✔️ENTRY PRICE: 0...800-0.00072000

STOP LOSS:  0.0006090


REACTIONS?",54c4e3468bf948f5b43d2de1a24b9f16,2026-09-10T11:35:43+00:00,2026-09-13T19:38:44.008584+00:00,958,crypto_global_watch_1
1238312,28393,"🚨 #PHAROS/USDT | LONG

⚡Leverage: Cross 20x

🎯Entr... follow the signal and secure profits at targets.💎",e670912eb1d1ca22837666561e7738a2,2026-09-10T11:35:43+00:00,2026-09-13T19:38:44.004619+00:00,958,crypto_global_watch_1
1238310,28395,"⭐️$REZ/USDT  LONG

🛡Leverage : Cross 25x50

‼️Entr...003234

Use only 3% - 5% amount of your portfolio🛍",00559f4374fef9d9d7f93fbe12b1973d,2026-09-10T11:35:43+00:00,2026-09-13T19:38:43.979691+00:00,958,crypto_global_watch_1
1238311,28391,"🚨 #REZ/USDT | SHORT

⚡Leverage: Cross 50x

🎯Entry ... follow the signal and secure profits at targets.💎",788d9c37af34b12068cb1a549e687e8f,2026-09-10T11:31:21+00:00,2026-09-13T19:38:44.003063+00:00,958,crypto_global_watch_1
1238309,28390,"➡️ #REZ     /USDT (LONG) 🔼🔼

⌛LEVERAGE : 20X TO 75...9


💥Use only 1%margin of your total portfolio❤️😘😇",bb05bb78417b0f71367ee5a52357dc0a,2026-09-10T11:31:21+00:00,2026-09-13T19:38:43.978406+00:00,958,crypto_global_watch_1
1238306,28388,"⛽️Pair: PHAROS/USDT
Type: LONG 🟢
✅Leverage:  (20X_...) 0.52
2) 0.55
3) 0.60
4) 0.72

❌ STOP LOSS: 0.44❌",6dd3cd0d22e67e27c84a8359983325bf,2026-09-10T11:31:21+00:00,2026-09-13T19:38:43.972274+00:00,958,crypto_global_watch_1
1238305,28389,"🔴 SHORT

#RUNE/USDT

Entry : 

1) 0.4966
2) 0.5114...0.4622

🛑 Stop : 0.5278

Leverage : 10x (isolated)",aad2a9aa7d3bd7c260bf91b9a6ee42b0,2026-09-10T11:31:21+00:00,2026-09-13T19:38:43.970276+00:00,958,crypto_global_watch_1
1238304,28392,"Pair: #ARB/USDT

Long • (10X-50X)

Entry
0.1477 - ...t your own risk. Always use proper risk management",9d6eb8750a4f09ef3805c1d0afb4e030,2026-09-10T11:31:21+00:00,2026-09-13T19:38:43.950860+00:00,958,crypto_global_watch_1
1238308,28387,"Long #RVN 50x 0.002400

Tp: 0.002500",8dafd0b7f1c0f2f59b442c515271daad,2026-09-10T10:56:19+00:00,2026-09-13T19:38:43.976222+00:00,958,crypto_global_watch_1
1238299,28381,"#ORDER/USDT LONG     

👉Leverage : Cross 10× To 30...  0.0372
2)  0.0390
3)  0.0419

⭕Stoploss : 0.0344",4a271613cd81566323f1626bfc3a11f2,2026-09-10T10:43:49+00:00,2026-09-13T19:38:43.865991+00:00,958,crypto_global_watch_1
1238292,28380,"✨HYPE/USDT

🎗 Trade Type = LONG 🟢

⭐️ Leverage :- ...[ 83.772, 84.582, 85.535, 86.288, 87.318, 88.092 ]",69180670a8f6a80fdd18f6a14a358adb,2026-09-10T10:43:49+00:00,2026-09-13T19:38:43.807377+00:00,958,crypto_global_watch_1
1238300,28377,"📈 LONG #VTHO/USDT

🚀 LEVERAGE : 50x

📊 ENTRY PRICE...0660

TP🟢0.000700

STOPLOSS 🔴0.000570


REACTIONS?",0d119ca7caeb1fe6ab71576daa2e1acd,2026-09-10T10:40:12+00:00,2026-09-13T19:38:43.867268+00:00,958,crypto_global_watch_1
1238297,28375,"🚨 #ORDER/USDT — POWER LONG 

⚡️ ENTRY ZONE: 0.0363...re profits step by step
🪖 NO FEAR — JUST PROFITS 🪙",d0b98288bdc5acf5413bd8d44a5f5897,2026-09-10T10:40:12+00:00,2026-09-13T19:38:43.861462+00:00,958,crypto_global_watch_1
1238295,28379,"🔘 Coin : #KAS/USDT 🔘

🔴 SHORT

🔺Entry🔻: 0.03873

⭐... - 0.03678

♦️ StopLoss : 0.03998

🔱 Leverage: 25x",96bbaa44c3b5f43e5b659e62e042c509,2026-09-10T10:40:12+00:00,2026-09-13T19:38:43.853023+00:00,958,crypto_global_watch_1
1238294,28376,"⚡️$LSK/USDT⚡️

LONG
Leverage: 10X

Entry: 0.1240 -...get:

1)0.1280
2)0.1360
3)0.1490

Stoploss: 0.1070",ea958f562a9ae74dd6c8a2eb69d669f9,2026-09-10T10:40:12+00:00,2026-09-13T19:38:43.849120+00:00,958,crypto_global_watch_1
1238199,28373,"🟢LINK/USDT My Long Trade Setup

Leverage 75X

Entr...2.100

Stop Loss   11.550

Follow Money Management",0c454bc7adf28ea9c5f46fa4ffc57d06,2026-09-10T10:40:12+00:00,2026-09-13T19:38:31.819897+00:00,958,crypto_global_watch_1
1238197,28372,🟢LINK/USDT LONG NOW,8b91e3de5ce9ab6aa526053a3264d123,2026-09-10T10:40:12+00:00,2026-09-13T19:38:31.740481+00:00,958,crypto_global_watch_1
1238195,28370,"$LSK/USDT #LONG📩

✅ENTRY :-0.1240/0.1190

Target 1...𝐎𝐧𝐥𝐲 𝟏-𝟑% 𝐎𝐟 𝐎𝐮𝐫 𝐃𝐞𝐩𝐨𝐬𝐢𝐭 𝐅𝐨𝐫 𝐄𝐚𝐜𝐡 𝐓𝐫𝐚𝐝𝐞

React,??m",0d106fe07e7789e3ddb46ca1915a55ae,2026-09-10T10:40:12+00:00,2026-09-13T19:38:31.705883+00:00,958,crypto_global_watch_1
1238194,28369,"🚀 SHORT: $VTHO/USDT
LEVERAGE: 50x

✔️ENTRY PRICE: ...05400-0.0005000

STOP LOSS:  0.000620


REACTIONS?",3386d702288a3f651dd3aeef2be0ea40,2026-09-10T10:40:12+00:00,2026-09-13T19:38:31.696934+00:00,958,crypto_global_watch_1
1238191,28371,"💫 Pair: XAU/USDT  💫

🔼 Direction: Long 🔼

✅ Levera...ke Profit: 4495.00 📈

⚠️ Stop Loss: 4342.00 ⚠️

📈📈",69aaab00c8e976b08cf0d3ffdf3ffd47,2026-09-10T10:40:12+00:00,2026-09-13T19:38:31.661107+00:00,958,crypto_global_watch_1
1238196,28365,"🚨 #EGLD/USDT | LONG

⚡Leverage: Cross 50x

🎯Entry ... follow the signal and secure profits at targets.💎",b77d926c65198a503697c989bdcbd09f,2026-09-10T10:40:11+00:00,2026-09-13T19:38:31.708893+00:00,958,crypto_global_watch_1
1238193,28368,"💰#VTHO/ USDT👑

💎Setup Type: Strong SHORT  🔖Opportu...0004500

4️⃣TP ➝ 0.00040000

🚫Stop Loss: 0.0006700",d6417cc92435e95f59684e92e910a618,2026-09-10T10:40:11+00:00,2026-09-13T19:38:31.686403+00:00,958,crypto_global_watch_1
1238190,28364,"#BTWUSDT — BUY (LONG) 
🎉
🟢 Leverage: Cross  50x75
...Risk Management:
Use only 2%– 3%of your portfolio.",ede4057a0300208df6316c0550962614,2026-09-10T10:40:11+00:00,2026-09-13T19:38:31.649666+00:00,958,crypto_global_watch_1
1238189,28367,"💰#BR/ USDT👑

💎Setup Type: Strong LONG  🔖Opportunit...TP ➝ 0.33000

4️⃣TP ➝ 0.43000

🚫Stop Loss: 0.24800",0b103ecb7b18a1ce650c16461355dfe0,2026-09-10T10:40:11+00:00,2026-09-13T19:38:31.617705+00:00,958,crypto_global_watch_1
1238188,28363,"⭐️$VTHO/USDT  LONG

🛡Leverage : Cross 25x50

‼️Ent...004527

Use only 3% - 5% amount of your portfolio🛍",0c8a19dc96fb62c6f19224efb2a021c0,2026-09-10T10:03:11+00:00,2026-09-13T19:38:31.606091+00:00,958,crypto_global_watch_1
1238187,28361,"✅ Long

#ETC/USDT

Entry zone : 7.572 - 7.807

Tak...311
8.544
8.777

Stop loss :7.26051

Leverage: 10x",712f66d87a23bb8806d42539e2fef3e6,2026-09-10T10:03:10+00:00,2026-09-13T19:38:31.572027+00:00,958,crypto_global_watch_1
1238186,28358,"🚨 #KAS /USDT — POWER LONG 

⚡️ ENTRY ZONE: 0.03915...re profits step by step
🪖 NO FEAR — JUST PROFITS 🪙",54359ce3303e1aea69f9018cf4d7bb19,2026-09-10T10:03:10+00:00,2026-09-13T19:38:31.569982+00:00,958,crypto_global_watch_1
1238183,28359,"#KAS/USDT LONG     

👉Leverage : Cross 10× To 30×
...
1)  0.040
2)  0.042
3)  0.044

⭕Stoploss : 0.0367",d5976cbb8695bf93c6c3cc22ac58ae6b,2026-09-10T10:03:10+00:00,2026-09-13T19:38:31.527621+00:00,958,crypto_global_watch_1
1238182,28360,"🐳 LSK/USDT #LONG🐳

✳️ ENTRY :- 0.118 - 0.113

💢 LE...: 0.145

⛔️ STOP-LOSS :- 0.108

☝️ Margin Use 2–3%",80614d7a2d13c308e9f369fd6ebf121a,2026-09-10T10:03:10+00:00,2026-09-13T19:38:31.514623+00:00,958,crypto_global_watch_1
1238181,28356,"🚨 #VTHO/USDT | SHORT

⚡Leverage: Cross 50x

🎯Entry... follow the signal and secure profits at targets.💎",49dedd3bfc96489fcb7c71e19acacf50,2026-09-10T10:03:10+00:00,2026-09-13T19:38:31.493433+00:00,958,crypto_global_watch_1
1238180,28354,"SHORT BNB

🔖 MARKET SETUP

 ✔️Entry: 718.5
 ⛔️ SL:... TP: 704

⚠️ Capital: 3% max. Discipline = Profit!",4f3caf7cd917f7d21262a4a0a7c905b3,2026-09-10T09:42:08+00:00,2026-09-13T19:38:31.418360+00:00,958,crypto_global_watch_1
1238178,28353,"📊 #EGLD/USDT

🟢 POSITION: LONG

💰 ENTRY RANGE
➤ 5....S
➤ 5.00

━━━━━━━━━━━━━━━━━━

✅ Manage risk wisely",e39ff22cb0c32112c90dddf4a332c826,2026-09-10T09:42:08+00:00,2026-09-13T19:38:31.388379+00:00,958,crypto_global_watch_1
1238177,28355,"⚡️$EGLD/USDT⚡️

LONG
Leverage: 25X 

Entry: 5.62 -....35

Target:

1)5.70
2)5.90
3)6.50

Stoploss: 5.00",ae64ad26c78e5aedfefd655b40b16683,2026-09-10T09:42:08+00:00,2026-09-13T19:38:31.385891+00:00,958,crypto_global_watch_1
1238179,28352,"DAY/TRADE 🏆

LONG SOL/USDT📈📈📈

ENTRY: 96.59

TP1: ...agement 🏆

Use only 10% of your 📈Available balance",70ad0d436af60d7102e1496782d3f8aa,2026-09-10T09:11:57+00:00,2026-09-13T19:38:31.414433+00:00,958,crypto_global_watch_1
1238176,28351,"🔰 PAIR: RUNE/ USDT 💹

🟢Position: LONG🚀

☑️ Entry Z...gets:
🥇 0.487
🥈 0.490
🥉 0.500

❌ Stop Loss: 🔴0.470",f71afe32b98b44b9220b31aefc53dd00,2026-09-10T08:35:32+00:00,2026-09-13T19:38:31.382713+00:00,958,crypto_global_watch_1
1238172,28349,EGLD LONG 5.285 tp1 5.400,bfca3d6cc374136202d22e5161112904,2026-09-10T08:35:32+00:00,2026-09-13T19:38:31.287040+00:00,958,crypto_global_watch_1
1238170,28350,"🚀 #EGLDUSDT LONG SIGNAL 🚀

📌 ENTRY ➜ 5.285

🎯 TAKE...ch this move together!

🪙 Trade Smart • Trade Safe",aed28fdda2f7deb7f5d7c8bc06d6fe15,2026-09-10T08:35:32+00:00,2026-09-13T19:38:31.245764+00:00,958,crypto_global_watch_1
1238175,28348,"#HIVE | SHORT SETUP

💰 Entry: $0.04445

🎯 Target1:...t4: $0.04276
🎯 Target5: $0.04214

🛡 STOP: $0.04667",70d835b40de112c453cff82de5e39057,2026-09-10T08:09:04+00:00,2026-09-13T19:38:31.317126+00:00,958,crypto_global_watch_1
1238174,28343,#VTHO long 0.0006560 tp 0.0006700,a4ab9ba3cb6b0c273ae2767861d92640,2026-09-10T08:09:04+00:00,2026-09-13T19:38:31.305489+00:00,958,crypto_global_watch_1
1238173,28347,"⭐️$VTHO/USDT  LONG

🛡Leverage : Cross 25x50

‼️Ent...005131

Use only 3% - 5% amount of your portfolio🛍",74bf433745e2f624d7f2917659613d1a,2026-09-10T08:09:04+00:00,2026-09-13T19:38:31.302981+00:00,958,crypto_global_watch_1
1238166,28344,"🚨 #VTHO /USDT — POWER LONG 

⚡️ ENTRY ZONE: 0.0006...re profits step by step
🪖 NO FEAR — JUST PROFITS 🪙",7eeace549f99a76edcafc609dc0d1918,2026-09-10T08:09:04+00:00,2026-09-13T19:38:31.232781+00:00,958,crypto_global_watch_1
1238168,28342,"⌛#ARB/USDT  ( SHORT )

🍁 Leverage 👉 20X to 25X 

⛩... 0.14249 | 0.14100 | 0.13937

🔕 Stoploss = 0.15444",3476432ee3cb7778ac03dcfa6e306b1d,2026-09-10T07:50:42+00:00,2026-09-13T19:38:31.243217+00:00,958,crypto_global_watch_1
1238169,28339,"#VTHO  /USDT BUY (LONG) 

⚡️Leverage : Cross 25x t...05960

⚠️Use only 3% - 5% amount of your portfolio",f6e323a1eb8dd77ae03229d74f32c97a,2026-09-10T07:44:34+00:00,2026-09-13T19:38:31.243811+00:00,958,crypto_global_watch_1
1238165,28340,"#ARK/USDT SHORT     

👉Leverage : Cross 10× To 30×...

1)  0.134
2)  0.130
3)  0.126

⭕Stoploss : 0.142",f7d4fc4fefb6fa4f7ed0dca0e436cf28,2026-09-10T07:44:34+00:00,2026-09-13T19:38:31.224966+00:00,958,crypto_global_watch_1
1238158,28337,"$BTC LONG🟢 (25x Lev)

Entry -  $78400

Targets

1)79000$
2)79600$

SL: 77800$",50427b5b2a70c43e1af3b512ca1a252c,2026-09-10T07:24:25+00:00,2026-09-13T19:38:30.884615+00:00,958,crypto_global_watch_1
1238153,28334,"📊#ANIME/USDT — LONG

⚡️ Leverage : 10X – 20X

💹Ent...Entry After TP1

⚖️ Follow Proper Risk Management.",8221e02bba22ca8e6366c5da28a6456f,2026-09-10T07:24:25+00:00,2026-09-13T19:38:30.859212+00:00,958,crypto_global_watch_1
1238156,28333,"🔰 ANIME/USDT 🔰

🟢 LONG 20X

🔳 ENTRY :- 0.0033

☑️ TARGET:- 0.0033 - 0.0036- 0.0039

🔴 STOP :- 0.0029",1e00050c3e32c49d6bea7e6ae6f60a4f,2026-09-10T07:06:01+00:00,2026-09-13T19:38:30.873282+00:00,958,crypto_global_watch_1
1238157,28331,"#USELESS/USDT SHORT     

👉Leverage : Cross 10× To...

1)  0.223
2)  0.210
3)  0.195

⭕Stoploss : 0.251",d572cc033e857c2dc65ddbada5c3f722,2026-09-10T06:38:04+00:00,2026-09-13T19:38:30.882697+00:00,958,crypto_global_watch_1
1238134,28329,"Coin #VTHO/USDT

Position: LONG 

Leverage:  Cross... 0.000670, 0.000690, 0.000710

Stop Loss: 0.000610",ede54485ceb645c9fd8a50f583cae089,2026-09-10T06:37:04+00:00,2026-09-13T19:38:30.630596+00:00,958,crypto_global_watch_1
1238128,28330,"⭐ VTHO /USDT — LONG

💵 ENTRY: 0.06500-0.06300

⚙️ ...o

📌 Follow the setup and manage your risk wisely.",3b894f7e7b284397854c49cb41541603,2026-09-10T06:37:04+00:00,2026-09-13T19:38:30.620008+00:00,958,crypto_global_watch_1
1238136,28328,"Coin #VTHO/USDT

Position: LONG 

Leverage:  Cross... 0.000670, 0.000690, 0.000710

Stop Loss: 0.000610",e99eaaea508a6ea24419ba8a7da0145f,2026-09-10T06:35:25+00:00,2026-09-13T19:38:30.657365+00:00,958,crypto_global_watch_1
1238151,28317,"Trade: #ATOM/USDT

Direction: 📉 Short 

🟢 Entry Ra...90
• Target 6: 1.7298

💠 Leverage : 5x - 10x - 20x",97429c2b5522d74e51a66c60e70d4d7b,2026-09-10T06:28:06+00:00,2026-09-13T19:38:30.798801+00:00,958,crypto_global_watch_1
1238146,28318,"$VTHO/USDT now at current market price (Spot + Fut...$0.0007
2. $0.0009
3. $0.0011

Stop loss : $0.0004",49ed3d1509b05d96c29ae075eade51a2,2026-09-10T06:28:06+00:00,2026-09-13T19:38:30.779655+00:00,958,crypto_global_watch_1
1238148,28315,"🔴 SHORT

#KAVA/USDT

Entry : 

1) 0.062340
2) 0.06...8027

🛑 Stop : 0.066267

Leverage : 10x (isolated)",1cbfc9ec6cba0238fb8a4e00adcbbe54,2026-09-10T06:28:05+00:00,2026-09-13T19:38:30.791625+00:00,958,crypto_global_watch_1
1238143,28312,"🔰CROSS/USDT 🔰   

🔴 SHORT 10X 20X

♻ ENTRY 
1️⃣ 0....

1️⃣ 0.112
2️⃣ 0.110
3️⃣ 0.107

⛔ STOPLOSS  0.121",6edec8c36711edfbddf7c57c99e83728,2026-09-10T06:28:05+00:00,2026-09-13T19:38:30.758628+00:00,958,crypto_global_watch_1
1238139,28314,"🐳 NEAR/USDT #LONG🐳

✳️ ENTRY :- 2.52 - 2.46

💢 LEV...3 : 2.85

⛔️ STOP-LOSS :- 2.41

☝️ Margin Use 2–3%",21b39c19106af3294151d27033d62923,2026-09-10T06:28:05+00:00,2026-09-13T19:38:30.681758+00:00,958,crypto_global_watch_1
1238132,28313,"🔰 SAHARA/USDT 🔰

🟢 LONG 20X

🔳 ENTRY :- 0.0110

☑️...TARGET:- 0.0115 - 0.0122- 0.0130

🔴 STOP :- 0.0097",4d1837722ff2b94f43877436f7665e6b,2026-09-10T06:28:05+00:00,2026-09-13T19:38:30.629426+00:00,958,crypto_global_watch_1
1238121,28316,"🟢 Long

#IOST/USDT

Entry : 

1) 0.00119390
2) 0.0...58

🛑 Stop : 0.00111868

Leverage : 10x (isolated)",b87125cedfd9381b89a2229a6fffcfba,2026-09-10T06:28:05+00:00,2026-09-13T19:38:30.541493+00:00,958,crypto_global_watch_1
1238160,28307,"🚀 $SAHARA/USDT PERP 🚀

🟢 LONG

💰 Entry : 0.0109$ –...5X – 25X

⛔️ SL : 0.0093$

📌 Use Only 2-5% Capital",0ded55ba854a74c875ff0c9515fa5ab4,2026-09-10T06:24:52+00:00,2026-09-13T19:38:30.888657+00:00,958,crypto_global_watch_1
1238142,28311,"$BR/USDT #LONG📩

✅ENTRY :-0.3050/0.2950

Target 1:...𝐎𝐧𝐥𝐲 𝟏-𝟑% 𝐎𝐟 𝐎𝐮𝐫 𝐃𝐞𝐩𝐨𝐬𝐢𝐭 𝐅𝐨𝐫 𝐄𝐚𝐜𝐡 𝐓𝐫𝐚𝐝𝐞

React,??m",dcf3a0b2b9f18fd10e3f3638bb71f3fa,2026-09-10T06:24:52+00:00,2026-09-13T19:38:30.756255+00:00,958,crypto_global_watch_1
1238135,28308,"🪙 Coin: #IOST/USDT
🧭 Type: #LONG

📈 Entry Zone:
0.... within the zone and maintain strict risk control.",ec097434b404394ace3956dbb7c95349,2026-09-10T06:24:52+00:00,2026-09-13T19:38:30.656557+00:00,958,crypto_global_watch_1
1238122,28310,"📊#BTR/USDT–LONG–30x 🚀

📍 𝐄𝐧𝐭𝐫𝐲 𝐙𝐨𝐧𝐞:

➥ 0.066, 0.0...tal.

⚠️ Disclaimer:
Trade at your own risk. DYOR.",2adfd82f0e61d8c1d5384bcddd4edbd5,2026-09-10T06:24:52+00:00,2026-09-13T19:38:30.550453+00:00,958,crypto_global_watch_1
1238116,28309,"🛎️ Trade: #ATOM/USDT

Direction: 📉 Short 

🟢 Entry...90
• Target 6: 1.7298

💠 Leverage : 5x - 10x - 20x",ae765a950e707fdec3ae802b4f856f17,2026-09-10T06:24:52+00:00,2026-09-13T19:38:30.490760+00:00,958,crypto_global_watch_1
1238159,28293,"📊 Let’s SHORT #CYS/USDT

💥 Leverage:  Cross 20×  -...1) 0.1340
2) 0.1265
3) 0.1170

🔖 Stop Loss: 0.1570",b719f899eaa8d98027030ea29d52c692,2026-09-10T06:24:51+00:00,2026-09-13T19:38:30.886899+00:00,958,crypto_global_watch_1
1238154,28301,"#IOST/USDT LONG     

👉Leverage : Cross 10× To 30×....00121
2)  0.00127
3)  0.00136

⭕Stoploss : 0.0010",97012e3d7a09de6fa9f52e868cda1701,2026-09-10T06:24:51+00:00,2026-09-13T19:38:30.863363+00:00,958,crypto_global_watch_1
1238147,28303,"#IO - LONG 20X

Entry  0.1318

Targets 100% -200%-300% +++

SL= Will Update

Using 1% wallet",2f46e25c67f4e78c230bc00b0f5ced85,2026-09-10T06:24:51+00:00,2026-09-13T19:38:30.787080+00:00,958,crypto_global_watch_1
1238138,28304,"✅ Long

Pair: #BAT/USDT

📊 Entry Price: 

1) 0.073...) 0.078624

Stop Loss: 0.068953

Leverage: 10x-20x",4f53a1a48981a0037a40b3d38c63c290,2026-09-10T06:24:51+00:00,2026-09-13T19:38:30.661665+00:00,958,crypto_global_watch_1
1238129,28300,"#BTR/USDT LONG     

👉Leverage : Cross 10× To 30×
...  0.0691
2)  0.0720
3)  0.0770

⭕Stoploss : 0.0623",7fcc77a8e9c4a4b4867c2ba84f3ce863,2026-09-10T06:24:51+00:00,2026-09-13T19:38:30.619376+00:00,958,crypto_global_watch_1
1238127,28295,"📊 Let’s LONG #SNDK/USDT

💥 Leverage:  Cross 20×  
...gets: 

1) 1785
2) 1835
3) 1855

🔖 Stop Loss: 1720",640144b8e6f93d2a7c453ddcac8411ac,2026-09-10T06:24:51+00:00,2026-09-13T19:38:30.613565+00:00,958,crypto_global_watch_1
1238125,28298,"#IOST/USDT LONG     

👉Leverage : Cross 10× To 30×....00121
2)  0.00127
3)  0.00136

⭕Stoploss : 0.0010",97012e3d7a09de6fa9f52e868cda1701,2026-09-10T06:24:51+00:00,2026-09-13T19:38:30.611466+00:00,958,crypto_global_watch_1
1238124,28302,"SHORT: USELESS/USDT🚀
LEVERAGE: 20x - 50x

🥇ENTRY P....1950

————————

❌ STOP LOSS: 0.2610❌


REACTIONS?",f83c1e47c1d36fe005bf2924a63c64e8,2026-09-10T06:24:51+00:00,2026-09-13T19:38:30.593020+00:00,958,crypto_global_watch_1
1238123,28305,"⚡ #ANIME/USDT

📤 Long 

💹 Buy: 0.003129 - 0.003048...- 0.003320

🧨 StopLoss: 0.002910 

🔘 Leverage: 20x",c9fc27daa41e0196d2ffed880a4dea15,2026-09-10T06:24:51+00:00,2026-09-13T19:38:30.561202+00:00,958,crypto_global_watch_1
1238120,28294,"📊 Let’s SHORT #TAC/USDT

💥 Leverage:  Cross 20×  -...420
2) 0.001325
3) 0.001175

🔖 Stop Loss: 0.001735",9db45561c22b7bef2304bbc2e15b136e,2026-09-10T06:24:51+00:00,2026-09-13T19:38:30.535803+00:00,958,crypto_global_watch_1
1238117,28292,"📊 Let’s SHORT #ZKP/USDT

💥 Leverage:  Cross 20×  -....04364
2) 0.04260
3) 0.04155

🔖 Stop Loss: 0.04700",b785ca84e08cbbd8eb85bc8e161d43cb,2026-09-10T06:24:51+00:00,2026-09-13T19:38:30.492608+00:00,958,crypto_global_watch_1
1238112,28296,"📍Coin : #AVNT/USDT

🟢 LONG 

👉 Entry: 0.1004 - 0.0...t 5: 0.1055
🎯 Target 6: 0.1066

❌ StopLoss: 0.0960",89bc453640f8c88210dd149c42c2409b,2026-09-10T06:24:51+00:00,2026-09-13T19:38:30.479713+00:00,958,crypto_global_watch_1
1238113,28289,"🔴 Short

Pair: #IOST/USDT

📊 Entry Price: 

1) 0.0...00182207

Stop Loss: 0.00208082

Leverage: 10x-20x",ead13f98cde30bba801469f6bae28e9d,2026-09-09T20:46:59+00:00,2026-09-13T19:38:30.478698+00:00,958,crypto_global_watch_1
1238111,28287,"EXCHANGE/BYBIT/BITUNIX/OKX📌 


DAY TRADE 🏆

LONG/L...agement 🏆


Use only 5% of your 📈Available balance",5385c0da3b23d8c2abc9fde4a0119df1,2026-09-09T20:46:59+00:00,2026-09-13T19:38:30.452976+00:00,958,crypto_global_watch_1
1238109,28288,"⚡️ HEI/USDT SHORT

➡️ Entry Targets :

1. 0.1353
2...1217 💵
4. 0.1116 💵
5. 0.0850💵

🛑 Stoploss : 0.1488",74486b86bd7872de6f1f6bd137afbf15,2026-09-09T20:46:59+00:00,2026-09-13T19:38:30.445403+00:00,958,crypto_global_watch_1
1249494,28670,"🚨 #LAB/USDT | LONG

⚡Leverage: Cross 50x

🎯Entry T... follow the signal and secure profits at targets.💎",4433168da5f47480761a9ade4d5c129e,2026-09-11T17:00:41+00:00,2026-09-13T21:34:36.044107+00:00,958,crypto_global_watch_1
1249482,28671,"🟢 Long

#DOT/USDT

Entry : 

1) 1.056400
2) 1.0247...8673

🛑 Stop : 0.989846

Leverage : 10x (isolated)",b6e4abcbc22392da567a48fd92980cc5,2026-09-11T17:00:41+00:00,2026-09-13T21:34:36.016027+00:00,958,crypto_global_watch_1
1249471,28669,"#LABUSDT — BUY (LONG) 
🎉
🟢 Leverage: Cross  50x75
...Risk Management:
Use only 2%– 3%of your portfolio.",c793d470fd980edf762d1cfc532d9ea6,2026-09-11T17:00:41+00:00,2026-09-13T21:34:35.928625+00:00,958,crypto_global_watch_1
1249467,28673,LAB LONG 0.06375 TP1 0.06500,e7486addea9105a563234283910b1421,2026-09-11T17:00:41+00:00,2026-09-13T21:34:35.889163+00:00,958,crypto_global_watch_1
1249487,28661,"EXCHANGE/BYBIT/BITUNIX/OKX📌 


DAY TRADE 🏆

LONG/F...agement 🏆


Use only 5% of your 📈Available balance",0bc1e07dce99a0317005e2214436da17,2026-09-11T15:06:06+00:00,2026-09-13T21:34:36.022324+00:00,958,crypto_global_watch_1
1249444,28651,"🔰 PAIR: CRV/ USDT 💹

🟢Position: LONG🚀

☑️ Entry Zo...:
🥇 0.3560
🥈 0.3584
🥉 0.3625

❌ Stop Loss: 🔴0.3470",1e7ce2ee18d2f2c7a6ad4feb6f7ae687,2026-09-11T14:41:30+00:00,2026-09-13T21:34:35.678072+00:00,958,crypto_global_watch_1
1249449,28650,"#MET/ USDT — BUY (LONG) 
Leverage: Cross 25x – 50x...T IS KEY
👉 Use ONLY 2 – 3% of your total portfolio",7c6bd68c487998f78151f0ea3682f779,2026-09-11T14:41:29+00:00,2026-09-13T21:34:35.701848+00:00,958,crypto_global_watch_1
1249498,28646,"🚀 #XANUSDT LONG SIGNAL 🚀

📌 ENTRY ➜ 0.01174

🎯 TAK...ch this move together!

🔓 Trade Smart • Trade Safe",d9925c83f257463d6f304bcd6aa88568,2026-09-11T14:25:45+00:00,2026-09-13T21:34:36.059655+00:00,958,crypto_global_watch_1
1249479,28642,"ETH / USDT 

SHORT SHORT SHORT 

IST ENTRY AT MARKET PRICE 

TP 2600 , 2590

SL 2680

20x Leverage",f35459a70b83b4110ea87a5736cb187f,2026-09-11T14:25:45+00:00,2026-09-13T21:34:35.999440+00:00,958,crypto_global_watch_1
1249457,28644,"🚨 NEW TRADE SIGNAL 🚨

📊 ETH/USDT — LONG 

📍 ENTRY:...Manage your risk & trade responsibly.

🔥 LET’S GO!",26977d223a15b6d5778c2e8980fe7c16,2026-09-11T14:25:45+00:00,2026-09-13T21:34:35.730603+00:00,958,crypto_global_watch_1
1249443,28643,"🌈PAIR:- #ETH/USDT
⚡️ Direction : LONG
🛠 Leverage: ...nt Usage:- 1 - 2%
(According To your Risk Setting)",934d88f7fb3b129265d1123eec750fb6,2026-09-11T14:25:45+00:00,2026-09-13T21:34:35.651356+00:00,958,crypto_global_watch_1
1249500,28638,"#LONG 🟢🔤🔤🔤🔤🔤

#STX/USDT

Margin Mode : Isolated 💎
...6

🟥 SL : 0.2484 - 100%   

📊 LEV : 20X

🇯🇵Premium",a6521b82cd1ff4e42b704229442cbba9,2026-09-11T14:24:35+00:00,2026-09-13T21:34:36.065506+00:00,958,crypto_global_watch_1
1249465,28641,"$SOL SHORT (100x) ⚡️

ENTRY : 101👍

TARGETS PRICE:...9.60
2⃣ 98.00
3️⃣ 96.00
🤩 93.38

⛔️STOP LOSS : 108",c44f29ccbbd254d0f97338c731f5c49e,2026-09-11T14:24:35+00:00,2026-09-13T21:34:35.862446+00:00,958,crypto_global_watch_1
1249446,28640,"#MARSCOIN/ USDT — BUY (LONG) 
Leverage: Cross 25x ...T IS KEY
👉 Use ONLY 2 – 3% of your total portfolio",6f7e6d36cc2d1bc9b00dd7401c5ece76,2026-09-11T14:24:35+00:00,2026-09-13T21:34:35.698374+00:00,958,crypto_global_watch_1
1249493,28622,"🚨 NEW TRADE SIGNAL 🚨

📊 USELESS/USDT — LONG 

📍 EN...Manage your risk & trade responsibly.

🔥 LET’S GO!",ea4f353aec122b4a5e246e3447f275d9,2026-09-11T14:24:34+00:00,2026-09-13T21:34:36.040342+00:00,958,crypto_global_watch_1
1249488,28631,"#THETA/ USDT — BUY (LONG) 
Leverage: Cross 25x – 5...T IS KEY
👉 Use ONLY 2 – 3% of your total portfolio",ee157bed2280bd93defc06128b050be5,2026-09-11T14:24:34+00:00,2026-09-13T21:34:36.024214+00:00,958,crypto_global_watch_1
1249485,28629,"#MAGMA/USDT

📈Signal: long Leverage: Cross 50X

⚡️...even after TP1 is hit.

📣Trade Smart • Follow Risk",a65f4f7dd727ae6f3c409918076237ff,2026-09-11T14:24:34+00:00,2026-09-13T21:34:36.017664+00:00,958,crypto_global_watch_1
1249484,28634,"📊 Let’s LONG #MAGMA/USDT

💥 Leverage:  Cross 20×  ...1) 0.2575
2) 0.2660
3) 0.2780

🔖 Stop Loss: 0.2360",477227ec3ece86817fa5f8354e8050ae,2026-09-11T14:24:34+00:00,2026-09-13T21:34:36.012562+00:00,958,crypto_global_watch_1
1249477,28637,"💵 𝐒𝐈𝐆𝐍𝐀𝐋 𝐀𝐋𝐄𝐑𝐓 💵

#AIO/USDT (25xSHORT)

✅ ENTRY:0....TARGETS:-0.03950/0.03750/0.034

❌ STOP LOSS: 0.046",b0cc64e8d8b69d1d3beecb5a43aa87cf,2026-09-11T14:24:34+00:00,2026-09-13T21:34:35.979898+00:00,958,crypto_global_watch_1
1249462,28626,"⭐ FF /USDT — LONG

💵 ENTRY: 0.16400-0.15000

⚙️ LE...o

📌 Follow the setup and manage your risk wisely.",8ac37ae37d7ce88519043a0428b15c41,2026-09-11T14:24:34+00:00,2026-09-13T21:34:35.832745+00:00,958,crypto_global_watch_1
1249459,28624,"ETH/USD SELL 

Entry : $ 2501

Target1: $  2482
Target2: $  2442
Target3: $  2414


SL : $ 2539",9606fda8a195f00a1e7cf5028ad3a934,2026-09-11T14:24:34+00:00,2026-09-13T21:34:35.732609+00:00,958,crypto_global_watch_1
1249454,28636,"📈 LONG #NIULAI/USDT

🚀 LEVERAGE : 50x

📊 ENTRY PRI...3

TP🟢0.148

TP🟢0.154

STOPLOSS 🔴0.133

REACTIONS?",b4c7b82d7152f0753e9be608c1fa702a,2026-09-11T14:24:34+00:00,2026-09-13T21:34:35.725931+00:00,958,crypto_global_watch_1
1249455,28618,"#USELESS/USDT

📈Signal: long Leverage: Cross 50X

...even after TP1 is hit.

📣Trade Smart • Follow Risk",3830f4220c4c90b99eea89d183a05c1e,2026-09-11T14:24:34+00:00,2026-09-13T21:34:35.723977+00:00,958,crypto_global_watch_1
1249448,28621,"⭐ RAY /USDT — LONG

💵 ENTRY: 1.6090-1.5500

⚙️ LEV...o

📌 Follow the setup and manage your risk wisely.",9e65d0723304d258d80c15f4d861f62b,2026-09-11T14:24:34+00:00,2026-09-13T21:34:35.700415+00:00,958,crypto_global_watch_1
1249497,28611,"✅ Long

#ETC/USDT

Entry zone : 7.247 - 7.472

Tak...955
8.178
8.401

Stop loss :6.94896

Leverage: 10x",ed901040bbc888f2005ac05e09dcffdb,2026-09-11T12:25:14+00:00,2026-09-13T21:34:36.058283+00:00,958,crypto_global_watch_1
1249458,28615,"$ETH SHORT ⚡️

ENTRY : 2455👍

TARGETS PRICE:🔼

1️⃣ 2425
2⃣ 2389
3️⃣ 2350
🤩 2277

⛔️STOP LOSS : 2588",812b22f8fe689c82000b1a60c1fd9519,2026-09-11T12:25:14+00:00,2026-09-13T21:34:35.731211+00:00,958,crypto_global_watch_1
1249447,28608,"#MET/USDT BUY (LONG) 

⚡️Leverage : Cross 25x to 5....2590

⚠️Use only 3% - 5% amount of your portfolio",5b58836241f67e22574d131cd17346f3,2026-09-11T12:25:14+00:00,2026-09-13T21:34:35.701010+00:00,958,crypto_global_watch_1
1249438,28614,"🌈PAIR:- #MET/USDT
⚡️ Direction : LONG
🛠 Leverage: ...nt Usage:- 1 - 2%
(According To your Risk Setting)",4b86a82ba9354c81319c1a4050bd2a9a,2026-09-11T12:25:14+00:00,2026-09-13T21:34:35.600651+00:00,958,crypto_global_watch_1
1249439,28604,"#LAB LONG

0.06300

Low fund use high risky",bd57b939bbb1e470b881bb47078aba17,2026-09-11T11:02:34+00:00,2026-09-13T21:34:35.625841+00:00,958,crypto_global_watch_1
1249437,28605,"💰#LAB / USDT👑

💎Setup Type: Strong LONG  🔖Opportun...TP ➝ 0.07300

4️⃣TP ➝ 0.08700

🚫Stop Loss: 0.05500",1fa711913d6a090db2ca3673dfd4323b,2026-09-11T11:02:34+00:00,2026-09-13T21:34:35.581955+00:00,958,crypto_global_watch_1
1249421,28602,"🔰 PAIR: ALICE/ USDT 💹

🟢Position: LONG🚀

☑️ Entry ...:
🥇 0.1264
🥈 0.1272
🥉 0.1284

❌ Stop Loss: 🔴0.1242",fcf86d919fb4ed867497c22bbdfb9a39,2026-09-11T11:02:34+00:00,2026-09-13T21:34:35.351061+00:00,958,crypto_global_watch_1
1249427,28600,LABUSDT LONG NOW,f9c09a92d4c106bd6f674e990fc11f34,2026-09-11T10:48:21+00:00,2026-09-13T21:34:35.436635+00:00,958,crypto_global_watch_1
1249422,28601,"⭐️$LAB/USDT  LONG

🛡Leverage : Cross 25x50

‼️Entr....05142

Use only 3% - 5% amount of your portfolio🛍",b88affde25a2361a5d9cb72de12b71da,2026-09-11T10:48:21+00:00,2026-09-13T21:34:35.382361+00:00,958,crypto_global_watch_1
1249435,28597,"🚨 #FF/USDT | LONG

⚡Leverage: Cross 50x

🎯Entry Ta... follow the signal and secure profits at targets.💎",53e26f12ac0630ce608537f8f45d6751,2026-09-11T10:32:16+00:00,2026-09-13T21:34:35.567040+00:00,958,crypto_global_watch_1
1249434,28595,"➡️ #LAB      /USDT (SHORT) 🔽🔽

⌛LEVERAGE : 20X TO ...0


💥Use only 1%margin of your total portfolio❤️😘😇",a81acc92a30b424b097a026df6ea189e,2026-09-11T10:32:16+00:00,2026-09-13T21:34:35.531763+00:00,958,crypto_global_watch_1
1249432,28591,"💰#ROYSOL #RAY/ USDT👑

💎Setup Type: Strong LONG  🔖O...

🥉TP ➝ 1.7500

4️⃣TP ➝ 1.9500

🚫Stop Loss: 1.4250",06814aa9e7c2976f51886e0b4b301385,2026-09-11T10:32:16+00:00,2026-09-13T21:34:35.485332+00:00,958,crypto_global_watch_1
1249430,28594,"🟢ETH/USDT My Short Trade Setup

Leverage 100X

Ent... 2420

Stop Loss  :  2485

Follow Money Management",622722d184b0bae0f98c5ed9f19e0e2d,2026-09-11T10:32:16+00:00,2026-09-13T21:34:35.483000+00:00,958,crypto_global_watch_1
1249426,28599,"💵COIN NAME : #LAB/USDT

📈POSITION : LONG(BUY)

📊 L...
TP3 = 0.064

🔖 STOPLOSS  = 0.056


SHOW REACTIONS",2122ebd27bb34a3d7f80297df68a3731,2026-09-11T10:32:16+00:00,2026-09-13T21:34:35.429253+00:00,958,crypto_global_watch_1
1249423,28592,"✨ADA/USDT

🎗 Trade Type = SHORT 🔴

⭐️ Leverage :- ...[ 0.2021, 0.1997, 0.1978, 0.1955, 0.1934, 0.1913 ]",6de73c9c677a70d6752ff33a0efc9c94,2026-09-11T10:32:16+00:00,2026-09-13T21:34:35.422002+00:00,958,crypto_global_watch_1
1249420,28596,"🚨 #LAB/USDT | LONG

⚡Leverage: Cross 50x

🎯Entry T... follow the signal and secure profits at targets.💎",0d0529b2a94d0712b36488eff2b5d529,2026-09-11T10:32:16+00:00,2026-09-13T21:34:35.339222+00:00,958,crypto_global_watch_1
1249425,28587,"📈 LONG #NIULAI/USDT

🚀 LEVERAGE : 50x

📊 ENTRY PRI...8

TP🟢0.156

TP🟢0.165

STOPLOSS 🔴0.136

REACTIONS?",177160e2d0fa68f83d71ac521685d56d,2026-09-11T10:32:15+00:00,2026-09-13T21:34:35.424513+00:00,958,crypto_global_watch_1
1249417,28584,"#NIULAI/USDT BUY (LONG) 

⚡️Leverage : Cross 25x t....1420

⚠️Use only 3% - 5% amount of your portfolio",7dc2393c4c29948fb4e1de8d139fe09c,2026-09-11T10:32:15+00:00,2026-09-13T21:34:35.221663+00:00,958,crypto_global_watch_1
1249414,28580,"📈 LONG #NIULAI/USDT

🚀 LEVERAGE : 50x

📊 ENTRY PRI...8

TP🟢0.156

TP🟢0.165

STOPLOSS 🔴0.136

REACTIONS?",177160e2d0fa68f83d71ac521685d56d,2026-09-11T09:55:46+00:00,2026-09-13T21:34:35.022894+00:00,958,crypto_global_watch_1
1249410,28577,"#NIULAI/USDT BUY (LONG) 

⚡️Leverage : Cross 25x t....1420

⚠️Use only 3% - 5% amount of your portfolio",7dc2393c4c29948fb4e1de8d139fe09c,2026-09-11T09:55:46+00:00,2026-09-13T21:34:34.859773+00:00,958,crypto_global_watch_1
1249407,28572,"🚀 #FFUSDT SHORT SIGNAL 🚀

📌 ENTRY ➜ 0.1652

🎯 TAKE...ch this move together!

🔑 Trade Smart • Trade Safe",d23f64ac8b3773cb493d23ddda8f30b8,2026-09-11T09:13:30+00:00,2026-09-13T21:34:23.455543+00:00,958,crypto_global_watch_1
1249405,28563,"🔴 SHORT

#NEO/USDT

Entry zone : 2.248 - 2.183

Ta...040
1.974
1.908

Stop loss :2.33581

Leverage: 10x",9ce05e038d63b43edd47b3f292d5eb52,2026-09-11T09:05:55+00:00,2026-09-13T21:34:23.437395+00:00,958,crypto_global_watch_1
1249400,28565,"💰#VTHO/ USDT👑

💎Setup Type: Strong LONG  🔖Opportun....0007000

4️⃣TP ➝ 0.0008500

🚫Stop Loss: 0.0004700",cb3361cb5059e61581e62f282a9e70d8,2026-09-11T09:05:55+00:00,2026-09-13T21:34:23.402582+00:00,958,crypto_global_watch_1
1249399,28561,"Long #4USDT 0.019800

Tp 0.020325",49d9573dedd254a34666580f9f7d61e7,2026-09-11T09:05:55+00:00,2026-09-13T21:34:23.401119+00:00,958,crypto_global_watch_1
1249398,28567,"#4USDT — BUY (LONG) 
🎉
🟢 Leverage: Cross  50x75

⚡...Risk Management:
Use only 2%– 3%of your portfolio.",38595dab214b1dd2c5d21627ef85ec3e,2026-09-11T09:05:55+00:00,2026-09-13T21:34:23.393879+00:00,958,crypto_global_watch_1
1249396,28562,"#4/USDT

📈Signal: long Leverage: Cross 50X

⚡️Entr...even after TP1 is hit.

🔈Trade Smart • Follow Risk",c7c944c888f65217b12b6a10c925c450,2026-09-11T09:05:55+00:00,2026-09-13T21:34:23.328468+00:00,958,crypto_global_watch_1
1249395,28559,"⭐️$SAGA/USDT  LONG

🛡Leverage : Cross 25x50

‼️Ent....01466

Use only 3% - 5% amount of your portfolio🛍",f24af5517da03a4c3616a17766687bac,2026-09-11T09:05:55+00:00,2026-09-13T21:34:23.317590+00:00,958,crypto_global_watch_1
1249373,28555,"🔴 SHORT

#THETA/USDT

Entry : 

1) 0.1857
2) 0.191...0.1728

🛑 Stop : 0.1973

Leverage : 10x (isolated)",280b3301d56a3fe5d30755c40fdc88f9,2026-09-11T09:05:55+00:00,2026-09-13T21:34:22.972537+00:00,958,crypto_global_watch_1
1249347,28554,"⭐️$NIULAI/USDT  LONG

🛡Leverage : Cross 25x50

‼️E....09974

Use only 3% - 5% amount of your portfolio🛍",0868c399a24632a3473b55212af80363,2026-09-11T09:05:55+00:00,2026-09-13T21:34:22.808800+00:00,958,crypto_global_watch_1
1249380,28551,LONG #LSK 0.13490,087107495b201f9a1107872c0945dfac,2026-09-11T07:37:19+00:00,2026-09-13T21:34:23.048401+00:00,958,crypto_global_watch_1
1249341,28552,"🚩 LONG #LSK/USDT

⚙️ 50X LEVERAGE

🛡 Entry: 0.1349...: 0.14050
TP3: 0.14350

🛑 SL: 0.12680

🔥REACTIONS?",566459de7760f1999b28b5b3408f0a11,2026-09-11T07:37:19+00:00,2026-09-13T21:34:22.782613+00:00,958,crypto_global_watch_1
1249385,28548,"🚀 $DOGS/USDT PERP 🚀

🟢 LONG

💰 Entry : 0.0000475$ ... – 25X

⛔️ SL : 0.000042$

📌 Use Only 2-5% Capital",7e48456324a47f0f3f12b737ddbda96f,2026-09-11T07:34:24+00:00,2026-09-13T21:34:23.072335+00:00,958,crypto_global_watch_1
1249384,28543,"📊#FF/USDT–SHORT–30x 🚀

📍 𝐄𝐧𝐭𝐫𝐲 𝐙𝐨𝐧𝐞:

➥ 0.1693, 0....tal.

⚠️ Disclaimer:
Trade at your own risk. DYOR.",540f80c5a3426df273a0f4afcbf957a7,2026-09-11T07:34:24+00:00,2026-09-13T21:34:23.066700+00:00,958,crypto_global_watch_1
1249376,28544,"⚡️$XAN/USDT⚡️

LONG
Leverage: 25X 

Entry: 0.0118
...h target.

📈 Risk Managed Trade | High R:R Setup 💎",ffe0f9ae4bb72545e48ef31c27d0a377,2026-09-11T07:34:24+00:00,2026-09-13T21:34:23.007346+00:00,958,crypto_global_watch_1
1249367,28541,"#LSK/USDT LONG     

👉Leverage : Cross 10× To 30×
...

1)  0.137
2)  0.142
3)  0.154

⭕Stoploss : 0.127",6e6e5c30ffce6a82d041b18d76d5a16b,2026-09-11T07:34:24+00:00,2026-09-13T21:34:22.949260+00:00,958,crypto_global_watch_1
1249353,28545,"Trade: #ENA/USDT

Direction: 📈 LONG 

🟢 Entry Rang...20
• Target 6: 0.1536

💠 Leverage : 5x - 10x - 20x",d9c4274fb7c6eb2fdb31f62937263959,2026-09-11T07:34:24+00:00,2026-09-13T21:34:22.845694+00:00,958,crypto_global_watch_1
1249351,28546,"🚀 LONG: $MARSCOIN/USDT🚀
LEVERAGE: 20X-50X

🤍 ENTRY...30- 0.1430
—————

❌ STOP LOSS: 0.1040❌


REACTIONS",d967acd57f4e8f830f813afa7c1ccd27,2026-09-11T07:34:24+00:00,2026-09-13T21:34:22.826687+00:00,958,crypto_global_watch_1
1249337,28542,"Coin #AKE /USDT

Position: LONG 

Leverage:  Cross...rgets: 🎯 0.0154, 0.0175, 0.0207

Stop Loss: 0.0122",9454b47cc463417ed3e4480041622432,2026-09-11T07:34:24+00:00,2026-09-13T21:34:22.765659+00:00,958,crypto_global_watch_1
1249390,28531,"🐳 NEWT/USDT #SHORT🐳

✳️ ENTRY :- 0.04120 - 0.04260...0.035

⛔️ STOP-LOSS :- 0.04430

☝️ Margin Use 2–3%",f4d04cf0931593546165a4a8d3c3b9d2,2026-09-11T07:34:23+00:00,2026-09-13T21:34:23.095167+00:00,958,crypto_global_watch_1
1249389,28519,"📊 Let’s LONG #DEXE/USDT

💥 Leverage:  Cross 20×  -...: 

1) 1.970
2) 2.035
3) 2.090

🔖 Stop Loss: 1.805",da23d718ce40208eb0305f7e7fe6f35e,2026-09-11T07:34:23+00:00,2026-09-13T21:34:23.094269+00:00,958,crypto_global_watch_1
1249386,28539,"#EVAA/USDT LONG     

👉Leverage : Cross 10× To 30×...  0.5285
2)  0.5440
3)  0.5700

⭕Stoploss : 0.4940",43dd2851d36eb30b3be03056abac1d10,2026-09-11T07:34:23+00:00,2026-09-13T21:34:23.074171+00:00,958,crypto_global_watch_1
1249383,28534,"$ZEC/USDT #SHORT📩

✅ENTRY :-1065/1100

Target 1:10...𝐎𝐧𝐥𝐲 𝟏-𝟑% 𝐎𝐟 𝐎𝐮𝐫 𝐃𝐞𝐩𝐨𝐬𝐢𝐭 𝐅𝐨𝐫 𝐄𝐚𝐜𝐡 𝐓𝐫𝐚𝐝𝐞

React,??m",82c972382c15c796baaa5ae613bde2b0,2026-09-11T07:34:23+00:00,2026-09-13T21:34:23.063090+00:00,958,crypto_global_watch_1
1249382,28527,"#LONG 🟢🔤🔤🔤🔤🔤

#SEI/USDT

Margin Mode : Isolated 💎
...

🟥 SL : 0.04247 - 100%   

📊 LEV : 20X

🇯🇵Premium",187c736ee4115c8b111e686c154001f5,2026-09-11T07:34:23+00:00,2026-09-13T21:34:23.058874+00:00,958,crypto_global_watch_1
1249381,28526,"#NIULAI/USDT BUY (SHORT) 

⚡️Leverage : Cross 25x ....1310

⚠️Use only 3% - 5% amount of your portfolio",514e35d991d4f3fc6004930779579fdc,2026-09-11T07:34:23+00:00,2026-09-13T21:34:23.053009+00:00,958,crypto_global_watch_1
1249379,28521,"📊 Let’s SHORT #LINK/USDT

💥 Leverage:  Cross 20×  ...1.2965
2) 11.1640
3) 10.9400

🔖 Stop Loss: 11.7650",8d99287528fb09ffa08018ee7a9a8553,2026-09-11T07:34:23+00:00,2026-09-13T21:34:23.042858+00:00,958,crypto_global_watch_1
1249377,28535,"💵 𝐒𝐈𝐆𝐍𝐀𝐋 𝐀𝐋𝐄𝐑𝐓 💵

#USELESS/USDT (25xSHORT)

✅ ENTR...TARGETS:-0.2010/0.1930/0.1820

❌ STOP LOSS: 0.2370",43717fdae603c28dc6980f83761b72c0,2026-09-11T07:34:23+00:00,2026-09-13T21:34:23.021621+00:00,958,crypto_global_watch_1
1249368,28530,"🟢 Long

#XMR/USDT

Entry : 

1) 503.74
2) 488.62

...538.20

🛑 Stop : 472.00

Leverage : 10x (isolated)",b1910470d3196bc6816d79a8f5739dcf,2026-09-11T07:34:23+00:00,2026-09-13T21:34:22.949927+00:00,958,crypto_global_watch_1
1249365,28522,"📊 Let’s SHORT #LSK/USDT

💥 Leverage:  Cross 20×  -...1) 0.1240
2) 0.1190
3) 0.1120

🔖 Stop Loss: 0.1320",fe9f3b57587bd3455f3171bc54e7c895,2026-09-11T07:34:23+00:00,2026-09-13T21:34:22.927118+00:00,958,crypto_global_watch_1
1249360,28518,"$LSK/USDT

SHORT SHORT SHORT 

IST ENTRY AT MARKET... 0.12608 - 0.12532 - 0.12447

16x Lev 

SL 0.13145",b38539b0df724b5783e2eb8f46e4932a,2026-09-11T07:34:23+00:00,2026-09-13T21:34:22.908926+00:00,958,crypto_global_watch_1
1249344,28523,"📊 Let’s LONG #EVAA/USDT

💥 Leverage:  Cross 20×  -...1) 0.5286
2) 0.5450
3) 0.5700

🔖 Stop Loss: 0.4810",83be0115c900048fe1ccc5db90407356,2026-09-11T07:34:23+00:00,2026-09-13T21:34:22.799757+00:00,958,crypto_global_watch_1
1249338,28517,"#DOTUSDT — BUY (LONG) 
🎉
🟢 Leverage: Cross  50x75
...Risk Management:
Use only 2%– 3%of your portfolio.",7a2288f387ac879bdef191ac85808a4b,2026-09-11T07:34:23+00:00,2026-09-13T21:34:22.768732+00:00,958,crypto_global_watch_1
1249332,28525,"#EVAA/USDT

📈Signal: long Leverage: Cross 50X

⚡️E...even after TP1 is hit.

🔈Trade Smart • Follow Risk",a3337ef5603740cd1ad8c21acaa2ecad,2026-09-11T07:34:23+00:00,2026-09-13T21:34:22.738119+00:00,958,crypto_global_watch_1
1249331,28540,"📊 #LSK/USDT

🟢 POSITION: LONG

💰 ENTRY RANGE
➤ 0.1...
➤ 0.105

━━━━━━━━━━━━━━━━━━

✅ Manage risk wisely",d58a5d729d770ef9335e951772f33c22,2026-09-11T07:34:23+00:00,2026-09-13T21:34:22.734633+00:00,958,crypto_global_watch_1
1249325,28533,"✅ Long

#ETC/USDT

Entry zone : 7.397 - 7.626

Tak...119
8.346
8.574

Stop loss :7.09218

Leverage: 10x",6ae1f2de3fecaed25a911cfe1edba815,2026-09-11T07:34:23+00:00,2026-09-13T21:34:22.696091+00:00,958,crypto_global_watch_1
1249362,28514,"#PTBUSDT — BUY (LONG) 
🎉
🟢 Leverage: Cross  50x75
...Risk Management:
Use only 2%– 3%of your portfolio.",d807c3fe058773e3f0c968c0a48ce16b,2026-09-11T07:34:22+00:00,2026-09-13T21:34:22.917919+00:00,958,crypto_global_watch_1
1249388,28493,"🔴 Short

Pair: #COMP/USDT

📊 Entry Price: 

1) 20....9.36
4) 18.93

Stop Loss: 21.62

Leverage: 10x-20x",99a04526f307d8e0ffbaf1cbbcd15389,2026-09-10T21:17:46+00:00,2026-09-13T21:34:23.092827+00:00,958,crypto_global_watch_1
1249375,28488,"Long #VTHO 50x 0.0006100

Tp: 0.0006300",7174b29964ada20e84f9e91b253dc3a6,2026-09-10T18:31:08+00:00,2026-09-13T21:34:23.003525+00:00,958,crypto_global_watch_1
1249370,28490,"🔰 PAIR: SAGA/ USDT 💹

🟢Position: LONG🚀

☑️ Entry Z...0.01819
🥈 0.01877
🥉 0.02017

❌ Stop Loss: 🔴0.01642",1f1c5aa54aca7a0e9e12148d54696ede,2026-09-10T18:31:08+00:00,2026-09-13T21:34:22.961411+00:00,958,crypto_global_watch_1
1249361,28491,"⚡️⚡️#EPIC/USDT⚡️⚡️

Signal Type : Short
Leverage :...
1) 0.3744
2) 0.3570
3) 0.3416

Stop Loss : 0.3966",124d39b693cd9ad1092d444222f4e3a2,2026-09-10T18:31:08+00:00,2026-09-13T21:34:22.910844+00:00,958,crypto_global_watch_1
1249335,28489,"#ETH

ETH has taken out the liquidity at the botto...55
🚀 Targets: 2479 / 2546 / 2605
📉 Stop Loss: 2379",2dd088b568fd775ccc4f7667e3f81af7,2026-09-10T18:31:08+00:00,2026-09-13T21:34:22.761959+00:00,958,crypto_global_watch_1
1249369,28483,"#MET/USDT LONG     

👉Leverage : Cross 10× To 30×
...)  0.2205
2)  0.2280
3)  0.2500

⭕Stoploss : 0.202",c8d665851d91cb4bebb524036a95d246,2026-09-10T17:16:04+00:00,2026-09-13T21:34:22.960001+00:00,958,crypto_global_watch_1
1249346,28486,"🚨 #SAGA/USDT | LONG

⚡Leverage: Cross 50x

🎯Entry ... follow the signal and secure profits at targets.💎",6d2094223b1c3f42c0bcf937ae0c01b3,2026-09-10T17:16:04+00:00,2026-09-13T21:34:22.808113+00:00,958,crypto_global_watch_1
1249340,28485,"➡️ #BTR     /USDT (LONG) 🔼🔼

⌛LEVERAGE : 20X TO 75...99

💥Use only 1%margin of your total portfolio❤️😘😇",a996350cd9af249968c42d552f00ccae,2026-09-10T17:16:04+00:00,2026-09-13T21:34:22.773642+00:00,958,crypto_global_watch_1
1249329,28481,"🔴 SHORT

#KAVA/USDT

Entry zone : 0.065405 - 0.063...57435
0.055521

Stop loss :0.067945

Leverage: 10x",d751d1834ca5ffed88743a6c78eefa59,2026-09-10T17:16:04+00:00,2026-09-13T21:34:22.727112+00:00,958,crypto_global_watch_1
1249326,28482,"BTC/USD BUY

Entry : $ 77322

Target1: $  77854
Target2: $ 79047
Target3: $ 80252

SL : $ 76352",ab7f457730d5a93fa8838ced31cdf27f,2026-09-10T17:16:04+00:00,2026-09-13T21:34:22.696983+00:00,958,crypto_global_watch_1
1262108,28873,"🚀 #API3USDT LONG SIGNAL 🚀

📌 ENTRY ➜ 0.2520

🎯 TAK...ch this move together!

🔓 Trade Smart • Trade Safe",07f9146db80e979bb00b582cf8f05f86,2026-09-13T07:56:50+00:00,2026-09-13T22:51:51.952279+00:00,958,crypto_global_watch_1
1262092,28872,API3 LONG 0.2520 TP1 0.2582,3e658bab0c013cdcd3792ca9d394d3dd,2026-09-13T07:56:50+00:00,2026-09-13T22:51:51.824515+00:00,958,crypto_global_watch_1
1262072,28871,"#PUNDIX / USDT — BUY (LONG) 
Leverage: Cross 25x –...T IS KEY
👉 Use ONLY 2 – 3% of your total portfolio",d6f9c912fca494c994db8d4e45ade66d,2026-09-13T07:27:08+00:00,2026-09-13T22:51:51.775307+00:00,958,crypto_global_watch_1
1262110,28865,"🔰 KAVA/USDT 🔰

🟢 LONG 20X

🔳 ENTRY :- 0.079

☑️ TARGET:- 0.081 - 0.085 - 0.091

🔴 STOP :- 0.074",d5409e498526b37474dd67dd02dea77e,2026-09-13T06:57:05+00:00,2026-09-13T22:51:51.956473+00:00,958,crypto_global_watch_1
1262109,28867,"🐳 POLYX/USDT #LONG🐳

✳️ ENTRY :- 0.042 - 0.040

💢 ...: 0.048

⛔️ STOP-LOSS :- 0.038

☝️ Margin Use 2–3%",06ee3892aed9f94a2e01a06a6ebe5062,2026-09-13T06:57:05+00:00,2026-09-13T22:51:51.955745+00:00,958,crypto_global_watch_1
1262107,28863,"$POLYX/USDT #LONG📩

✅ENTRY :-0.041/0.03950

Target...𝐎𝐧𝐥𝐲 𝟏-𝟑% 𝐎𝐟 𝐎𝐮𝐫 𝐃𝐞𝐩𝐨𝐬𝐢𝐭 𝐅𝐨𝐫 𝐄𝐚𝐜𝐡 𝐓𝐫𝐚𝐝𝐞

React,??m",88510197c5ebe07a0d0f7e47be41efea,2026-09-13T06:57:05+00:00,2026-09-13T22:51:51.942894+00:00,958,crypto_global_watch_1
1262104,28866,"🟢GRIFFAIN/USDT 📈

📈 long Setup 

💰 Entry Zone: 0.0...et 1. 
✅ Move SL to breakeven after Target 1 hits.",3a95630eea51bee33a9f5f9a9fbd6e05,2026-09-13T06:57:05+00:00,2026-09-13T22:51:51.887214+00:00,958,crypto_global_watch_1
1262093,28862,"📍Coin : #AVNT/USDT

🟢 LONG 

👉 Entry: 0.1018 - 0.0...t 5: 0.1069
🎯 Target 6: 0.1080

❌ StopLoss: 0.0962",ed782693be84771e601c341d3b39f5c3,2026-09-13T06:57:05+00:00,2026-09-13T22:51:51.825384+00:00,958,crypto_global_watch_1
1262089,28869,"⭐️$STEEM/USDT  SHORT

🛡Leverage : Cross 25x50

‼️E....08534

Use only 3% - 5% amount of your portfolio🛍",2a17757d143ba8c97e01c12b53ea3af6,2026-09-13T06:57:05+00:00,2026-09-13T22:51:51.818227+00:00,958,crypto_global_watch_1
1262082,28861,"#LSK/USDT SHORT     

👉Leverage : Cross 10× To 30×...fit

1)  0.76
2)  0.65
3)  0.53

⭕Stoploss : 0.920",1aac9cc3cb7dbe5628c148c25a13d05e,2026-09-13T06:57:05+00:00,2026-09-13T22:51:51.807676+00:00,958,crypto_global_watch_1
1262080,28860,#LSK SHORT 0.803,7e1aa1d7dcd6fa29377cc5701d30ed15,2026-09-13T06:57:05+00:00,2026-09-13T22:51:51.804127+00:00,958,crypto_global_watch_1
1262076,28864,"🟢 Long

#TRX/USDT

Entry : 

1) 0.33938
2) 0.32919...36259

🛑 Stop : 0.31799

Leverage : 10x (isolated)",cad3f91ba398a659672a16f661bd5f99,2026-09-13T06:57:05+00:00,2026-09-13T22:51:51.789447+00:00,958,crypto_global_watch_1
1262096,28856,"📊 #POWR/USDT

🟢 POSITION: LONG

💰 ENTRY RANGE
➤ 0....
➤ 0.070

━━━━━━━━━━━━━━━━━━

✅ Manage risk wisely",258da97a21a3872f7fbd37d1e28f6dfd,2026-09-13T06:38:53+00:00,2026-09-13T22:51:51.838196+00:00,958,crypto_global_watch_1
1262077,28858,"🚀 $KAVA/USDT PERP 🚀

🟢 LONG

💰 Entry : 0.0815$ – 0... 5X – 25X

⛔️ SL : 0.066$

📌 Use Only 2-5% Capital",aa8755ab276a63cd5d61d261e8966ca6,2026-09-13T06:38:53+00:00,2026-09-13T22:51:51.793368+00:00,958,crypto_global_watch_1
1262055,28859,"#LONG 🟢🔤🔤🔤🔤🔤

#SEI/USDT

Margin Mode : Isolated 💎
...

🟥 SL : 0.04247 - 100%   

📊 LEV : 20X

🇯🇵Premium",187c736ee4115c8b111e686c154001f5,2026-09-13T06:38:53+00:00,2026-09-13T22:51:51.744975+00:00,958,crypto_global_watch_1
1262102,28851,"🚀 #BIGTIMEUSDT LONG SIGNAL 🚀

📌 ENTRY ➜ 0.007548

...ch this move together!

🔓 Trade Smart • Trade Safe",c39aabcac200eac1221f958d8a858098,2026-09-13T06:37:14+00:00,2026-09-13T22:51:51.869394+00:00,958,crypto_global_watch_1
1262087,28853,"🔴 Short

Pair: #KAVA/USDT

📊 Entry Price: 

1) 0.0...) 0.074828

Stop Loss: 0.085454

Leverage: 10x-20x",dc8927bcf3aa599abf1a447e5a0c008e,2026-09-13T06:37:14+00:00,2026-09-13T22:51:51.813154+00:00,958,crypto_global_watch_1
1262084,28852,"🔴 Short

Pair: #NEO/USDT

📊 Entry Price: 

1) 2.25....141
4) 2.094

Stop Loss: 2.391

Leverage: 10x-20x",407d168edba99dd8fec543d0f74545bb,2026-09-13T06:37:14+00:00,2026-09-13T22:51:51.808274+00:00,958,crypto_global_watch_1
1262052,28854,"🔴 SHORT

#QTUM/USDT

Entry zone : 0.986843 - 0.958...66601
0.837714

Stop loss :1.025167

Leverage: 10x",bdf8cdf41c6320908c372856c4a42126,2026-09-13T06:37:14+00:00,2026-09-13T22:51:51.697150+00:00,958,crypto_global_watch_1
1262111,28847,"#CTR/USDT

📈Signal: long Leverage: Cross 20X

⚡️En...even after TP1 is hit.

📣Trade Smart • Follow Risk",9b645a03b4b1f4cecbfcadbe2f520211,2026-09-13T06:36:05+00:00,2026-09-13T22:51:51.974145+00:00,958,crypto_global_watch_1
1262100,28848,"📊#FLOCK/USDT — LONG

⚡️ Leverage : 10X – 30X

💹Ent...Entry After TP1

⚖️ Follow Proper Risk Management.",a0127940963e8ba093c93f070c2cda26,2026-09-13T06:36:05+00:00,2026-09-13T22:51:51.853224+00:00,958,crypto_global_watch_1
1262097,28849,"#OPENUSDT — BUY (LONG) 
🎉
🟢 Leverage: Cross  50x75...Risk Management:
Use only 2%– 3%of your portfolio.",bd00cc9e2a7d991249e7b03b8052f901,2026-09-13T06:36:05+00:00,2026-09-13T22:51:51.838831+00:00,958,crypto_global_watch_1
1262057,28846,"Long #CTR 0.011700

Tp 0.012700",c4c51a612082fe360fcf599f2573aed4,2026-09-13T06:36:05+00:00,2026-09-13T22:51:51.746753+00:00,958,crypto_global_watch_1
1262078,28842,"Pair: #ONDO/USDT

Long • (25X)

Entry
0.3471 - 0.3...t your own risk. Always use proper risk management",20afab003adc0605cea6d302ca5ef18d,2026-09-12T20:05:14+00:00,2026-09-13T22:51:51.796586+00:00,958,crypto_global_watch_1
1262030,28841,"💥 Futures (Free Signal)

✅ Long

#ETH/USDT

Entry ...2752.66
2827.74

Stop loss :2338.95

Leverage: 10x",c17827ec01d9244a880891eaa69cb1a1,2026-09-12T19:54:46+00:00,2026-09-13T22:51:51.506057+00:00,958,crypto_global_watch_1
1262074,28835,"Long #FLOCK 75x 0.07900

Tp: 0.08200",48ff844167da41940b2ea476bffe23d9,2026-09-12T18:35:36+00:00,2026-09-13T22:51:51.787026+00:00,958,crypto_global_watch_1
1262105,28821,"⌛#TAO/USDT  ( SHORT )

🍁 Leverage 👉 20X to 25X 

⛩...42 | 224.35 | 221.61 | 219.07

🔕 Stoploss = 248.07",8deb3163c3ae35929d64fca6c0daa42c,2026-09-12T18:34:41+00:00,2026-09-13T22:51:51.894282+00:00,958,crypto_global_watch_1
1262065,28822,"$NEARUSDT

SHORT

RR : 2

LEVERAGE : 40x

ENTRY : 2.387

TAKE PROFITS 👇

1️⃣ 2.324

STOPLOSS : 2.418",1d737cb100a5f480efdaff74519b56b0,2026-09-12T18:34:41+00:00,2026-09-13T22:51:51.761467+00:00,958,crypto_global_watch_1
1262091,28820,"💎 #Free Signal

✅ Long

Pair: #TRB/USDT

📊 Entry P...57
4) 18.519

Stop Loss: 16.241

Leverage: 10x-20x",67a02a951b30cf844adbb4f84171cf2c,2026-09-12T17:50:18+00:00,2026-09-13T22:51:51.822423+00:00,958,crypto_global_watch_1
1262041,28819,"✅ Long

#DASH/USDT

Entry zone : 54.03 - 55.71

Ta....31
60.97
62.63

Stop loss :51.8103

Leverage: 10x",0b76a03c25cce8fb980b87eb31260582,2026-09-12T16:55:44+00:00,2026-09-13T22:51:51.630792+00:00,958,crypto_global_watch_1
1262033,28818,"🟢 Long

#BCH/USDT

Entry : 

1) 228.58
2) 221.72

...244.21

🛑 Stop : 214.17

Leverage : 10x (isolated)",36a66c8fd80b2c6d560e2b8671fb8044,2026-09-12T16:55:44+00:00,2026-09-13T22:51:51.538876+00:00,958,crypto_global_watch_1
1262071,28816,"🟢LONG  #BTCUSDT

🔶 Entry : 77300 - 77400

➡️ Lever...ake Profit Targets :

👉 78400

🛑 Stop Loss : 76200",b5b9d7b2a3358e53dff71a64fa8b3c80,2026-09-12T16:42:12+00:00,2026-09-13T22:51:51.774293+00:00,958,crypto_global_watch_1
1262064,28815,"📈 LONG #LSK/USDT

🚀 LEVERAGE : 50x

📊 ENTRY PRICE ...

TP🟢0.270

TP🟢0.280

STOPLOSS 🔴0.242


REACTIONS?",4072fe254a6e3e8ddffc760d12ded276,2026-09-12T16:42:12+00:00,2026-09-13T22:51:51.759824+00:00,958,crypto_global_watch_1
1262035,28817,"🔰 PAIR: ETH/ USDT 💹

🔴Position: SHORT🚀

☑️ Entry Z... Targets:
🥇 2532
🥈 2528
🥉 2520

❌ Stop Loss: 🔴2546",add0eadc7cbde9c0b2dc801195df4637,2026-09-12T16:42:12+00:00,2026-09-13T22:51:51.551345+00:00,958,crypto_global_watch_1
1262103,28811,"✨HBAR/USDT

🎗 Trade Type = LONG 🟢

⭐️ Leverage :- ...526, 0.07611, 0.07673, 0.07757, 0.07841, 0.07940 ]",a21b6a78cf203be469eaa7f7073fd52b,2026-09-12T15:18:15+00:00,2026-09-13T22:51:51.884921+00:00,958,crypto_global_watch_1
1262086,28812,"Link/Usdt long 🟢
with 0.5% Wallet on market price ...osite movement pe jo 5% around the liq manage zero",3d7097107e2096484d570d18ee203e25,2026-09-12T15:18:15+00:00,2026-09-13T22:51:51.810748+00:00,958,crypto_global_watch_1
1262083,28810,"🚀 LONG
CELO/USDT
ENTRY 0.08085

🚀 0.08379
🚀 0.0889... CROSS )
LEVRAGE 10x- 40x

1% WALLET 

DCA 0.07878",01f2a89cc3b34f59210a03f3a5e403d7,2026-09-12T15:18:15+00:00,2026-09-13T22:51:51.808840+00:00,958,crypto_global_watch_1
1262079,28808,"$FLOCK LONG NOW📊

ENTRY (0.07150)🔄

TPS (0.07400-0.07672-0.08100)🔼

STOP (0.06000)⛔️",e726db4a9644851387bd9f560054658d,2026-09-12T15:18:15+00:00,2026-09-13T22:51:51.795919+00:00,958,crypto_global_watch_1
1262063,28809,"🚀 LONG: $TA/USDT
LEVERAGE: 50x

✔️ENTRY PRICE: 0.0...-0.06700-0.07000

STOP LOSS:  0.05850


REACTIONS?",e655b1eb0f81e8270328894c30cf0396,2026-09-12T15:18:15+00:00,2026-09-13T22:51:51.758773+00:00,958,crypto_global_watch_1
1262034,28807,"🚨 #GRIFFAIN/USDT | LONG

⚡Leverage: Cross 50x

🎯En... follow the signal and secure profits at targets.💎",6360dc9810fe3e3045e27562c826d33d,2026-09-12T15:18:15+00:00,2026-09-13T22:51:51.542392+00:00,958,crypto_global_watch_1
1262066,28805,LSK long now,dabe7b188c1258c6e534fa78a8e25535,2026-09-12T13:58:55+00:00,2026-09-13T22:51:51.762626+00:00,958,crypto_global_watch_1
1262061,28806,"⭐ LSK /USDT — LONG

💵 ENTRY: 0.23000-0.22000

⚙️ L...o

📌 Follow the setup and manage your risk wisely.",09ca1dabb3c85acc981158aca1055920,2026-09-12T13:58:55+00:00,2026-09-13T22:51:51.754998+00:00,958,crypto_global_watch_1
1262099,28803,"#SHORT 🔴 🔤🔤🔤🔤🔤

#STX/USDT 

Margin Mode : Isolated...2529

🟩 SL : 0.2729- 100%

📊 LEV : 30X

🇯🇵 Premium",330b4dfbfd57be6f897e5f254dd66fde,2026-09-12T13:58:54+00:00,2026-09-13T22:51:51.848275+00:00,958,crypto_global_watch_1
1262048,28804,"🚨 #LSK/USDT | LONG

⚡Leverage: Cross 50x

🎯Entry T... follow the signal and secure profits at targets.💎",0359bc7d5e5a65b9b27bb86baa6f0250,2026-09-12T13:58:54+00:00,2026-09-13T22:51:51.676328+00:00,958,crypto_global_watch_1
1262054,28802,"➡️ #LSK       /USDT (SHORT) 🔽🔽

⌛LEVERAGE : 20X TO...9


💥Use only 1%margin of your total portfolio❤️😘😇",fad0b99e2fe5cec7028f415b2f518b27,2026-09-12T13:49:19+00:00,2026-09-13T22:51:51.730706+00:00,958,crypto_global_watch_1
1262039,28801,"📈 LONG #LSK/USDT

🚀 LEVERAGE : 50x

📊 ENTRY PRICE ...
TP🟢0.250

TP🟢0.260

STOPLOSS 🔴0.223



REACTIONS?",d661e5f7927e2203967d00e99ba03618,2026-09-12T13:49:19+00:00,2026-09-13T22:51:51.606283+00:00,958,crypto_global_watch_1
1262031,28800,"📈 LONG #LSK/USDT

🚀 LEVERAGE : 50x

📊 ENTRY PRICE ...7

TP🟢0.234

TP🟢0.246

STOPLOSS 🔴0.210

REACTIONS?",7bad34ae1d6f0e18b1ef3e6bd0d0e690,2026-09-12T13:49:18+00:00,2026-09-13T22:51:51.505051+00:00,958,crypto_global_watch_1
1262029,28799,"🔴 SHORT

#KAVA/USDT

Entry : 

1) 0.070910
2) 0.07...6004

🛑 Stop : 0.075377

Leverage : 10x (isolated)",7995d9d94ca0ff76e711218d5c3a61a6,2026-09-12T13:49:18+00:00,2026-09-13T22:51:51.482839+00:00,958,crypto_global_watch_1
1262058,28798,"🚀 #OPENUSDT LONG SIGNAL 🚀

📌 ENTRY ➜ 0.1328

🎯 TAK...ch this move together!

🔓 Trade Smart • Trade Safe",73942b547784cc806a4644a6f6406e6a,2026-09-12T12:49:12+00:00,2026-09-13T22:51:51.748810+00:00,958,crypto_global_watch_1
1262056,28796,"#LAB/ USDT — BUY (LONG) 
Leverage: Cross 25x – 50x...T IS KEY
👉 Use ONLY 2 – 3% of your total portfolio",386700c60541754c484189c0fc08ef91,2026-09-12T12:49:12+00:00,2026-09-13T22:51:51.745735+00:00,958,crypto_global_watch_1
1262050,28797,"🚀 #JCTUSDT LONG SIGNAL 🚀

📌 ENTRY ➜ 0.001584

🎯 TA...ch this move together!

🔓 Trade Smart • Trade Safe",beb3670759459e6648c24abdae9b7015,2026-09-12T12:49:12+00:00,2026-09-13T22:51:51.692472+00:00,958,crypto_global_watch_1
1262040,28785,"💰 Coin: $DOT LONG

✔️Entry: 1.046$
🎯Target: 100-11...ading risk should be between 3-5% of your balance.",721277913f12cf13455052bc905b32c6,2026-09-12T12:46:52+00:00,2026-09-13T22:51:51.623998+00:00,958,crypto_global_watch_1
1262027,28784,"🚨 #UNI/USDT | LONG

⚡Leverage: Cross 50x

🎯Entry T... follow the signal and secure profits at targets.💎",ab11cd2e324d9379fc30a93c807afe75,2026-09-12T12:45:33+00:00,2026-09-13T22:51:51.252940+00:00,958,crypto_global_watch_1
1262025,28778,"⭐ TA /USDT — LONG

💵 ENTRY: 0.05940-0.05500

⚙️ LE...o

📌 Follow the setup and manage your risk wisely.",fb215f22bce4b957f3cb9df19aaf6edc,2026-09-12T12:04:38+00:00,2026-09-13T22:51:51.063203+00:00,958,crypto_global_watch_1
1262023,28782,"⭐ RIVER /USDT — LONG

💵 ENTRY: 1.2700-1.2000

⚙️ L...o

📌 Follow the setup and manage your risk wisely.",8d509b1929fe2bdbfe2a808d98b2b50d,2026-09-12T12:04:38+00:00,2026-09-13T22:51:51.038577+00:00,958,crypto_global_watch_1
1262022,28775,"💫 Pair: USELESS/USDT  💫

🔼 Direction: Long 🔼

✅ Le...Take Profit: 0.2650 📈

⚠️ Stop Loss: 0.2120 ⚠️

📈📈",caeaddeda9be8cecab58a1ae071fe0dd,2026-09-12T11:27:08+00:00,2026-09-13T22:51:50.969399+00:00,958,crypto_global_watch_1
1262020,28776,"#ACE | SHORT SETUP

💰 Entry: $0.15993

🎯 Target1: ...t4: $0.15385
🎯 Target5: $0.15161

🛡 STOP: $0.16793",46d72ecb540d421aedad3ef51ae77279,2026-09-12T11:27:08+00:00,2026-09-13T22:51:50.951137+00:00,958,crypto_global_watch_1
1262019,28774,"↗️ LONG #LAB 50x

📌 Entry: 0.07450

🎯 TP: 0.07600
...t Usage: 1-3%
⚠️ According to your risk management",9984872fb163c117673e200c0d4a2a8e,2026-09-12T11:26:14+00:00,2026-09-13T22:51:50.918092+00:00,958,crypto_global_watch_1
1262016,28772,Short lsk now,0c4b759346bf6b7ffa6ad38cf96d3d0d,2026-09-12T11:26:14+00:00,2026-09-13T22:51:37.658493+00:00,958,crypto_global_watch_1
1262013,28773,"⭐ LSK /USDT — SHORT

💵 ENTRY: 0.02200-0.02300

⚙️ ...o

📌 Follow the setup and manage your risk wisely.",f4cd5bb71a97f7cfb0af81faa670fcbe,2026-09-12T11:26:14+00:00,2026-09-13T22:51:37.631917+00:00,958,crypto_global_watch_1
1262018,28771,"🔘 Coin : #4/USDT 🔘

🔴 SHORT

🔺Entry🔻: 0.022931

⭐️... 0.021783

♦️ StopLoss : 0.023718

🔱 Leverage: 25x",4a0ae642e63c836b0413981945e151fd,2026-09-12T11:25:39+00:00,2026-09-13T22:51:37.769820+00:00,958,crypto_global_watch_1
1262014,28770,"#FLOCK/USDT

📈Signal: long Leverage: Cross 20X

⚡️...even after TP1 is hit.

📣Trade Smart • Follow Risk",d7123575ad8d00d06c657595a37814a5,2026-09-12T11:25:39+00:00,2026-09-13T22:51:37.633279+00:00,958,crypto_global_watch_1
1262011,28767,"⭐️$LSK/USDT  SHORT

🛡Leverage : Cross 25x50

‼️Ent....24729

Use only 3% - 5% amount of your portfolio🛍",0eb13ac447b1af7dbc62cbe163089a86,2026-09-12T11:25:39+00:00,2026-09-13T22:51:37.627977+00:00,958,crypto_global_watch_1
1262010,28765,"📊#UAI/USDT — LONG

⚡️ Leverage : 10X – 30X

💹Entry...Entry After TP1

⚖️ Follow Proper Risk Management.",293a56064d13bba6c1d7e922aa07987a,2026-09-12T10:44:45+00:00,2026-09-13T22:51:37.536201+00:00,958,crypto_global_watch_1
1262008,28763,"🚨 #UAI/USDT | LONG

⚡Leverage: Cross 50x

🎯Entry T... follow the signal and secure profits at targets.💎",366ab19e34feebf7082be6bc527cd940,2026-09-12T10:26:22+00:00,2026-09-13T22:51:37.494805+00:00,958,crypto_global_watch_1
1262006,28764,"💰#LSK/ USDT👑

💎Setup Type: Strong LONG  🔖Opportuni...TP ➝ 0.24000

4️⃣TP ➝ 0.32000

🚫Stop Loss: 0.17700",92a9a96677667d6a37df6dd29573bde8,2026-09-12T10:26:22+00:00,2026-09-13T22:51:37.486146+00:00,958,crypto_global_watch_1
1262000,28762,"➡️ #UAI       /USDT (SHORT) 🔽🔽

⌛LEVERAGE : 20X TO...9


💥Use only 1%margin of your total portfolio❤️😘😇",e76e734f9064d2a5066a438435aa5294,2026-09-12T10:26:22+00:00,2026-09-13T22:51:37.371549+00:00,958,crypto_global_watch_1
1262007,28759,"🔰 PAIR: OP/ USDT 💹

🟢Position: LONG🚀

☑️ Entry Zon...:
🥇 0.0977
🥈 0.0982
🥉 0.0992

❌ Stop Loss: 🔴0.0960",5bc15de9121c195727cd785581501e23,2026-09-12T10:08:42+00:00,2026-09-13T22:51:37.491852+00:00,958,crypto_global_watch_1
1262005,28760,"🛎️ Trade: #SOMI/USDT

Direction: 📈 LONG 

🟢 Entry ...74
• Target 6: 0.1589

💠 Leverage : 5x - 10x - 20x",2c465f60c9b39ddde3f0380afe0da8bc,2026-09-12T10:08:42+00:00,2026-09-13T22:51:37.420714+00:00,958,crypto_global_watch_1
1262002,28758,"🟢HYPE/USDT My Long Trade 

Leverage 75X

Entry Poi...0.500

Stop Loss   78.500

Follow Money Management",d1947827b3108fc8da9ddd6279dab953,2026-09-12T10:08:42+00:00,2026-09-13T22:51:37.398842+00:00,958,crypto_global_watch_1
1261996,28761,"➡️ #UAI       /USDT (SHORT) 🔽🔽

⌛LEVERAGE : 20X TO...9


💥Use only 1%margin of your total portfolio❤️😘😇",e76e734f9064d2a5066a438435aa5294,2026-09-12T10:08:42+00:00,2026-09-13T22:51:37.321808+00:00,958,crypto_global_watch_1
1262009,28757,"🚨 #AKE/USDT | SHORT

⚡Leverage: Cross 50x

🎯Entry ... follow the signal and secure profits at targets.💎",c99bcc647e0b04016b1d06dcfa12501c,2026-09-12T10:07:45+00:00,2026-09-13T22:51:37.517530+00:00,958,crypto_global_watch_1
1261999,28756,"➡️ #RIVER      /USDT (LONG) 🔼🔼

⌛LEVERAGE : 20X TO...0


💥Use only 1%margin of your total portfolio❤️😘😇",92be073ae72374828053d8e357a0a8da,2026-09-12T09:40:18+00:00,2026-09-13T22:51:37.362244+00:00,958,crypto_global_watch_1
1261998,28753,"🚀 #SOPHUSDT LONG SIGNAL 🚀

📌 ENTRY ➜ 0.004813

🎯 T...ch this move together!

🔓 Trade Smart • Trade Safe",a11887d9b739d041a4e902f809332a23,2026-09-12T09:40:18+00:00,2026-09-13T22:51:37.325456+00:00,958,crypto_global_watch_1
1261997,28754,"Coin #MOVR/USDT

Position: LONG 

Leverage:  Cross...0.77

Targets: 🎯 0.81, 0.83, 0.85

Stop Loss: 0.75",cb3c4d988670584cbc8e3859318e6afc,2026-09-12T09:40:18+00:00,2026-09-13T22:51:37.323828+00:00,958,crypto_global_watch_1
1262003,28752,SOPH LONG 0.004813 TP1 0.004915,8b6dbb1f565e11137d4061b16072cddc,2026-09-12T09:40:17+00:00,2026-09-13T22:51:37.407033+00:00,958,crypto_global_watch_1
1261994,28751,"#LSKUSDT — BUY (LONG) 
🎉
🟢 Leverage: Cross  50x75
...Risk Management:
Use only 2%– 3%of your portfolio.",43c96bac35873d4b4db306375b21883c,2026-09-12T09:38:43+00:00,2026-09-13T22:51:37.317441+00:00,958,crypto_global_watch_1
1261995,28749,"#RIVER/USDT SHORT     

👉Leverage : Cross 10× To 3...t

1)  1.253
2)  1.230
3)  1.200

⭕Stoploss : 1.36",bdba8ac53d3417211a8da70365f819be,2026-09-12T09:24:37+00:00,2026-09-13T22:51:37.318422+00:00,958,crypto_global_watch_1
1261990,28745,"⭐️$LAB/USDT  LONG

🛡Leverage : Cross 25x50

‼️Entr....06092

Use only 3% - 5% amount of your portfolio🛍",da342ef42e3a6febf8985c8499f8d031,2026-09-12T09:22:01+00:00,2026-09-13T22:51:37.126695+00:00,958,crypto_global_watch_1
1261975,28746,"✅ Long

Pair: #ALGO/USDT

📊 Entry Price: 

1) 0.09...) 0.098753

Stop Loss: 0.086606

Leverage: 10x-20x",e7e9e77ba00c55b2d92a7fcba142cfc0,2026-09-12T09:22:01+00:00,2026-09-13T22:51:36.956068+00:00,958,crypto_global_watch_1
1261977,28748,"🚨 #LAB/USDT — TRADE LONG

LEVERAGE 25X TO 50X

⚡️ ...
⛔️ STOP LOSS: 0.07000

🪖 NO FEAR — JUST PROFITS 🧲",2d112489d8762a698490bea90c2f7200,2026-09-12T09:22:01+00:00,2026-09-13T22:51:36.955313+00:00,958,crypto_global_watch_1
1261948,28744,LABUSDT LONG NOW,f9c09a92d4c106bd6f674e990fc11f34,2026-09-12T09:22:01+00:00,2026-09-13T22:51:36.645743+00:00,958,crypto_global_watch_1
1261980,28741,"⚡️$KAVA/USDT⚡️

SHORT 
Leverage: 35X 

Entry: 0.07....063808
4)0.061750
5)0.059691

Stoploss: 0.0730489",ae3ddce1fe6d3ef9f8f12fae8cd7ded1,2026-09-12T09:05:34+00:00,2026-09-13T22:51:36.971427+00:00,958,crypto_global_watch_1
1261987,28737,"Coin #LSK/USDT

Position: LONG 

Leverage:  Cross ...rgets: 🎯 0.2025, 0.2080, 0.2140

Stop Loss: 0.1875",6c2a3a8e6c7c8a501e4f7dffacdcb3bd,2026-09-12T08:54:54+00:00,2026-09-13T22:51:37.001545+00:00,958,crypto_global_watch_1
1261967,28738,"🔴 SHORT

#KAVA/USDT

Entry zone : 0.070318 - 0.068...1750
0.059691

Stop loss :0.0730489

Leverage: 10x",1e8443a459db3b2a29c6324f5e326970,2026-09-12T08:54:54+00:00,2026-09-13T22:51:36.833472+00:00,958,crypto_global_watch_1
1261955,28740,"💰#UNI / USDT👑

💎Setup Type: Strong LONG  🔖Opportun...600

🥉TP ➝ 7.500

4️⃣TP ➝ 8.300

🚫Stop Loss: 5.500",07cce642c868dc9cfabf23d44fba04c7,2026-09-12T08:54:54+00:00,2026-09-13T22:51:36.670607+00:00,958,crypto_global_watch_1
1261972,28733,"#ALCH/USDT

📈Signal: long Leverage: Cross 20X

⚡️E...even after TP1 is hit.

📣Trade Smart • Follow Risk",ad407dbb463e195d1601a60f24cd7a2c,2026-09-12T08:22:27+00:00,2026-09-13T22:51:36.905067+00:00,958,crypto_global_watch_1
1261971,28729,"#GRIFFAIN/USDT LONG     

👉Leverage : Cross 10× To...  0.0135
2)  0.0137
3)  0.0143

⭕Stoploss : 0.0127",e98a228a1a00acde13d3da4bd54b34aa,2026-09-12T08:22:27+00:00,2026-09-13T22:51:36.904111+00:00,958,crypto_global_watch_1
1261964,28735,"🐳 LSK/USDT #SHORT🐳

✳️ ENTRY :- 0.195 - 0.204

💢 L...: 0.170

⛔️ STOP-LOSS :- 0.218

☝️ Margin Use 2–3%",11d72abec0febf18f9c9e33392d40a24,2026-09-12T08:22:27+00:00,2026-09-13T22:51:36.792734+00:00,958,crypto_global_watch_1
1261962,28734,"📊#GRIFFAIN/USDT–LONG–30x 🚀

📍 𝐄𝐧𝐭𝐫𝐲 𝐙𝐨𝐧𝐞:

➥ 0.013...tal.

⚠️ Disclaimer:
Trade at your own risk. DYOR.",223b3203c2ff1e47d6df4df9992e153a,2026-09-12T08:22:27+00:00,2026-09-13T22:51:36.769818+00:00,958,crypto_global_watch_1
1261954,28730,"🔴 SHORT

#ZRX/USDT

Entry : 

1) 0.1068
2) 0.1100
...0.0994

🛑 Stop : 0.1135

Leverage : 10x (isolated)",200e5e2cec7e8fb84e69eb72d807f8bf,2026-09-12T08:22:27+00:00,2026-09-13T22:51:36.666254+00:00,958,crypto_global_watch_1
1261944,28727,"📊 Let’s LONG #NIULAI/USDT

💥 Leverage:  Cross 20× ...1) 0.1595
2) 0.1740
3) 0.1900

🔖 Stop Loss: 0.1150",ebeabe8c4bb385fe8785ed737f166338,2026-09-12T08:20:56+00:00,2026-09-13T22:51:36.588139+00:00,958,crypto_global_watch_1
1261974,28725,"🌹 #PUNDIX/USDT

🟢 LONG

✅ Entry: 0.113- 0.1096

❌ ...l advice.
💰 Stay disciplined. Protect your capital",c634b554599b326c657ca976d1252215,2026-09-12T07:22:44+00:00,2026-09-13T22:51:36.959476+00:00,958,crypto_global_watch_1
1261968,28720,"$PUNDIX/USDT #LONG📩

✅ENTRY :-0.1080/0.1030

Targe...𝐎𝐧𝐥𝐲 𝟏-𝟑% 𝐎𝐟 𝐎𝐮𝐫 𝐃𝐞𝐩𝐨𝐬𝐢𝐭 𝐅𝐨𝐫 𝐄𝐚𝐜𝐡 𝐓𝐫𝐚𝐝𝐞

React,??m",250ddf1b56bb194a3ab6ba1131f00c44,2026-09-12T07:18:57+00:00,2026-09-13T22:51:36.839679+00:00,958,crypto_global_watch_1
1261965,28721,"🔴 SHORT

#KAVA/USDT

Entry zone : 0.069051 - 0.067...0637
0.058616

Stop loss :0.0717328

Leverage: 10x",bd6b59ec66532ff33038bca8d47011c0,2026-09-12T07:18:57+00:00,2026-09-13T22:51:36.799069+00:00,958,crypto_global_watch_1
1261986,28709,"⌛#JUP/USDT  ( SHORT )

🍁 Leverage 👉 20X to 25X 

⛩...63 | 0.2339 | 0.2311 | 0.2288

🔕 Stoploss = 0.2527",eae39ec16292cd671bb647543ef05a8e,2026-09-12T07:18:08+00:00,2026-09-13T22:51:36.998557+00:00,958,crypto_global_watch_1
1261985,28712,"🪙 Coin: #MINA/USDT
🧭 Type: #LONG

📈 Entry Zone:
0.... within the zone and maintain strict risk control.",a6bfb53c23692265af8f4c6131361b9b,2026-09-12T07:18:08+00:00,2026-09-13T22:51:36.996664+00:00,958,crypto_global_watch_1
1261981,28717,"📍Coin : #1000BONK/USDT

🟢 LONG 

👉 Entry: 0.002780....002922
🎯 Target 6: 0.002951

❌ StopLoss: 0.002595",d93463efe18982e82cb74d80466e8ae2,2026-09-12T07:18:08+00:00,2026-09-13T22:51:36.979126+00:00,958,crypto_global_watch_1
1261966,28716,"🚀 $LSK/USDT PERP 🚀

🟢 LONG

💰 Entry : 0.205$ – 0.1... 5X – 25X

⛔️ SL : 0.145$

📌 Use Only 2-5% Capital",1c64ae17624bc34ce635bdca9e32cbb9,2026-09-12T07:18:08+00:00,2026-09-13T22:51:36.803147+00:00,958,crypto_global_watch_1
1261956,28715,"🚀 LONG: $MINA/USDT🚀
LEVERAGE: 20X-50X

🤍 ENTRY PRI...0- 0.1280
—————

❌ STOP LOSS: 0.09280❌


REACTIONS",be649a50cc972741fd6c06955683d3c4,2026-09-12T07:18:08+00:00,2026-09-13T22:51:36.672162+00:00,958,crypto_global_watch_1
1261947,28711,"#LSK/USDT LONG     

👉Leverage : Cross 10× To 30×
...

1)  0.221
2)  0.233
3)  0.257

⭕Stoploss : 0.204",4c3bdbf9a88e71b3a8d8540ae7536793,2026-09-12T07:18:08+00:00,2026-09-13T22:51:36.636398+00:00,958,crypto_global_watch_1
1261945,28714,"💵 𝐒𝐈𝐆𝐍𝐀𝐋 𝐀𝐋𝐄𝐑𝐓 💵

#RIVER/USDT (25xLONG)

✅ ENTRY:1...2/1.36

TARGETS:-1.47/1.54/1.63

❌ STOP LOSS: 1.21",bfc1e5273c0fd767fecf18d4bdbdfae4,2026-09-12T07:18:08+00:00,2026-09-13T22:51:36.629102+00:00,958,crypto_global_watch_1
1261943,28718,"📊 #MINA/USDT

🟢 POSITION: LONG

💰 ENTRY RANGE
➤ 0....
➤ 0.092

━━━━━━━━━━━━━━━━━━

✅ Manage risk wisely",eaae9f373b0c6557a34a7e0a03993c65,2026-09-12T07:18:08+00:00,2026-09-13T22:51:36.571215+00:00,958,crypto_global_watch_1
1261928,28713,"🔴 Short

Pair: #ZIL/USDT

📊 Entry Price: 

1) 0.00...0.0025401

Stop Loss: 0.0029009

Leverage: 10x-20x",7d694ac8dfab6c2b3f6aba60c5d89b48,2026-09-12T07:18:08+00:00,2026-09-13T22:51:36.405569+00:00,958,crypto_global_watch_1
1261984,28708,"Coin #BEAT /USDT

Position: LONG 

Leverage:  Cros...rgets: 🎯 0.0970, 0.1010, 0.1050

Stop Loss: 0.0850",527bc9e7b86bf99ef61de91b351eae3f,2026-09-12T07:18:07+00:00,2026-09-13T22:51:36.994733+00:00,958,crypto_global_watch_1
1261978,28702,"#SOMIUSDT — BUY (LONG) 
🎉
🟢 Leverage: Cross  50x75...Risk Management:
Use only 2%– 3%of your portfolio.",51a96770f3e7386c95ff4e47f67e571e,2026-09-12T07:18:07+00:00,2026-09-13T22:51:36.964392+00:00,958,crypto_global_watch_1
1261969,28707,"Coin #PUNDIX /USDT

Position: LONG 

Leverage:  Cr...rgets: 🎯 0.1150, 0.1180, 0.1220

Stop Loss: 0.1060",8325124c3472a90ec577edda42e35193,2026-09-12T07:18:07+00:00,2026-09-13T22:51:36.877630+00:00,958,crypto_global_watch_1
1261963,28704,"🟢 Long

#COMP/USDT

Entry : 

1) 19.94
2) 19.34

T...) 21.30

🛑 Stop : 18.68

Leverage : 10x (isolated)",93375f5402dbf75f781fee8288971c70,2026-09-12T07:18:07+00:00,2026-09-13T22:51:36.779319+00:00,958,crypto_global_watch_1
1261960,28706,"🚀 $LSK/USDT PERP 🚀

🟢 LONG

💰 Entry : 0.205$ – 0.1... 5X – 25X

⛔️ SL : 0.145$

📌 Use Only 2-5% Capital",1c64ae17624bc34ce635bdca9e32cbb9,2026-09-12T07:18:07+00:00,2026-09-13T22:51:36.725073+00:00,958,crypto_global_watch_1
1261953,28700,"#ETHFIUSDT — BUY (LONG) 
🎉
🟢 Leverage: Cross  50x7...Risk Management:
Use only 2%– 3%of your portfolio.",6a7344cd2e5d3c1d3b4e62670498c52a,2026-09-12T07:18:07+00:00,2026-09-13T22:51:36.665310+00:00,958,crypto_global_watch_1
1261940,28698,"📊 Let’s SHORT #MARSCOIN/USDT

💥 Leverage:  Cross 2...1) 0.1020
2) 0.0960
3) 0.0850

🔖 Stop Loss: 0.1255",1141975a2024685ef5217361e118f3f9,2026-09-12T07:18:07+00:00,2026-09-13T22:51:36.540426+00:00,958,crypto_global_watch_1
1261930,28703,"📊 4/USDT — LONG 

📍 ENTRY: CMP

🎯 TARGET 1: 0.27
🎯...Manage your risk & trade responsibly.

🔥 LET’S GO!",ced1637b7a25e97da6ed9359bf9cda74,2026-09-12T07:18:07+00:00,2026-09-13T22:51:36.446829+00:00,958,crypto_global_watch_1
1261946,28689,"🚨 #NIULAI/USDT | SHORT

⚡Leverage: Cross 50x

🎯Ent... follow the signal and secure profits at targets.💎",6b3d05b80dff31098b6fc98f7275c79c,2026-09-12T02:18:02+00:00,2026-09-13T22:51:36.637267+00:00,958,crypto_global_watch_1
1261939,28690,"🚨 #SUSHI/USDT / LONG

⚡Leverage: Cross 50x

🎯Entry... follow the signal and secure profits at targets.💎",25e20897cd79acc7c1570da4c29dd9a9,2026-09-12T02:18:02+00:00,2026-09-13T22:51:36.535096+00:00,958,crypto_global_watch_1
1261942,28688,"🚨 #RIVER/USDT | LONG

⚡Leverage: Cross 50x

🎯Entry... follow the signal and secure profits at targets.💎",1194ecc6d6ba35b90816010e16b0594c,2026-09-11T20:02:45+00:00,2026-09-13T22:51:36.547960+00:00,958,crypto_global_watch_1
1261924,28687,"✨MINA/USDT

🎗 Trade Type = SHORT 🔴

⭐️ Leverage :-...990, 0.09875, 0.09778, 0.09679, 0.09554, 0.09441 ]",6ad70df88773b8b43a6d173d20d3142b,2026-09-11T19:14:41+00:00,2026-09-13T22:51:36.390813+00:00,958,crypto_global_watch_1
1261936,28686,"$BATUSDT

LONG

RR : 2

LEVERAGE : 20x

ENTRY : 0....1

TAKE PROFITS 👇

1️⃣ 0.07494

STOPLOSS : 0.06952",cf094843644c7946ab7961779227935e,2026-09-11T18:40:09+00:00,2026-09-13T22:51:36.528717+00:00,958,crypto_global_watch_1
1261931,28685,"💰#LAB / USDT👑

💎Setup Type: Strong LONG  🔖Opportun...TP ➝ 0.08500

4️⃣TP ➝ 0.09700

🚫Stop Loss: 0.06400",9b84659b050e3c010918df6e8d501ef9,2026-09-11T18:40:08+00:00,2026-09-13T22:51:36.455874+00:00,958,crypto_global_watch_1
1261925,28684,"🚨 #DOGS/USDT | LONG

⚡Leverage: Cross 50x

🎯Entry ... follow the signal and secure profits at targets.💎",19cfd01a5ccd074a962fc3871e28db7c,2026-09-11T18:40:08+00:00,2026-09-13T22:51:36.391522+00:00,958,crypto_global_watch_1
1261929,28683,"🚀 #TSTUSDT LONG SIGNAL 🚀

📌 ENTRY ➜ 0.01562

🎯 TAK...ch this move together!

🔓 Trade Smart • Trade Safe",f70f768df40200679e6e0242db272659,2026-09-11T17:04:56+00:00,2026-09-13T22:51:36.447594+00:00,958,crypto_global_watch_1
1261938,28680,"💸 SHORT — JUP

Entry: 0.2477

💸 Targets: 0.2452 / ...32

💸  Stop: 0.2601

💸 Move SL to entry after TP1.",a730eaea78ab32ee318f5bbdabfed31f,2026-09-11T17:00:42+00:00,2026-09-13T22:51:36.533130+00:00,958,crypto_global_watch_1
1261950,28675,"✅ Long

Pair: #ATOM/USDT

📊 Entry Price: 

1) 1.67....754
4) 1.789

Stop Loss: 1.569

Leverage: 10x-20x",8fdcba3be5219ab1dd93ba0fdd47a5c1,2026-09-11T17:00:41+00:00,2026-09-13T22:51:36.648993+00:00,958,crypto_global_watch_1
1261935,28674,"🚀 #LABUSDT LONG SIGNAL 🚀

📌 ENTRY ➜ 0.06375

🎯 TAK...ch this move together!

🔓 Trade Smart • Trade Safe",f370434978b01f0a2970b3a79b805c42,2026-09-11T17:00:41+00:00,2026-09-13T22:51:36.526339+00:00,958,crypto_global_watch_1
1267265,29073,"#CVC LONG

0.03740",76d8ca3252350ad5a3d582b8299ace77,2026-09-14T08:44:25+00:00,2026-09-14T11:21:40.099624+00:00,958,crypto_global_watch_1
1267292,29070,"#AIN/ USDT — BUY (LONG) 
Leverage: Cross 25x – 50x...T IS KEY
👉 Use ONLY 2 – 3% of your total portfolio",a9671c2807744c6876dc425723dc89cc,2026-09-14T08:34:23+00:00,2026-09-14T11:21:40.301945+00:00,958,crypto_global_watch_1
1267247,29072,"⭐️$AIN/USDT  LONG

🛡Leverage : Cross 25x50

‼️Entr....08719

Use only 3% - 5% amount of your portfolio🛍",5246da5cdfbf0e5fcf8090278bcc0f56,2026-09-14T08:34:23+00:00,2026-09-14T11:21:39.978397+00:00,958,crypto_global_watch_1
1267307,29066,"🚨 #REZ/USDT | LONG

⚡Leverage: Cross 50x

🎯Entry T... follow the signal and secure profits at targets.💎",16044d65d6d3ebad3c392295e35587cb,2026-09-14T08:31:57+00:00,2026-09-14T11:21:40.469655+00:00,958,crypto_global_watch_1
1267287,29068,"📊 #PHAROS/USDT

🟢 POSITION: LONG

💰 ENTRY RANGE
➤ ...
➤ 0.420

━━━━━━━━━━━━━━━━━━

✅ Manage risk wisely",64e1630963af1d058338e2cc7c6bd952,2026-09-14T08:31:57+00:00,2026-09-14T11:21:40.262095+00:00,958,crypto_global_watch_1
1267308,29057,MTLUSDT LONG NOW,f547c1fc2af88350f53a75ccc21dc358,2026-09-14T08:29:36+00:00,2026-09-14T11:21:40.511520+00:00,958,crypto_global_watch_1
1267304,29058,"⭐️$MTL/USDT  LONG

🛡Leverage : Cross 25x50

‼️Entr...0.3065

Use only 3% - 5% amount of your portfolio🛍",56460a40dbbffde9ac88ab10dc946440,2026-09-14T08:29:36+00:00,2026-09-14T11:21:40.404797+00:00,958,crypto_global_watch_1
1267284,29065,"Use only 2% Funds

#CVC/USDT (LONG)

Entry 1 = 0.0...rofit
T.P 3 = 1000% Profit 

🔴Stop loss at 0.03450",016389434aa20ffb129dfc689edb5e03,2026-09-14T08:29:36+00:00,2026-09-14T11:21:40.232421+00:00,958,crypto_global_watch_1
1267277,29059,"📊 #PHAROS/USDT

🟢 POSITION: LONG

💰 ENTRY RANGE
➤ ...
➤ 0.420

━━━━━━━━━━━━━━━━━━

✅ Manage risk wisely",64e1630963af1d058338e2cc7c6bd952,2026-09-14T08:29:36+00:00,2026-09-14T11:21:40.155108+00:00,958,crypto_global_watch_1
1267274,29063,"🚨 #REZ/USDT | LONG

⚡Leverage: Cross 50x

🎯Entry T... follow the signal and secure profits at targets.💎",16044d65d6d3ebad3c392295e35587cb,2026-09-14T08:29:36+00:00,2026-09-14T11:21:40.143682+00:00,958,crypto_global_watch_1
1267259,29056,"📩TradingGain Range Alert

🟢 RANGE LONG!
📊 Coin: YB...8445
🎯 TP2: 0.08699
🎯 TP3: 0.08953
📊 Win Rate: 69%",b4f8d51cfe185de32bd9628912e17223,2026-09-14T08:29:36+00:00,2026-09-14T11:21:40.049871+00:00,958,crypto_global_watch_1
1267250,29064,"🚨 #PHAROS/USDT | LONG

⚡Leverage: Cross 20x

🎯Entr... follow the signal and secure profits at targets.💎",215fec63173a10388668c90a9b4dfade,2026-09-14T08:29:36+00:00,2026-09-14T11:21:39.987184+00:00,958,crypto_global_watch_1
1267291,29055,"🔴 SHORT

#XLM/USDT

Entry zone : 0.19029 - 0.18475...16710
0.16153

Stop loss :0.1976825

Leverage: 10x",6166368f5eaa426db6edc6dd9722a8e4,2026-09-14T07:46:17+00:00,2026-09-14T11:21:40.299777+00:00,958,crypto_global_watch_1
1267303,29033,Cvc long 0.04100,209783e5f908b28392b1d00ad4054cb4,2026-09-14T07:28:55+00:00,2026-09-14T11:21:40.400730+00:00,958,crypto_global_watch_1
1267286,29032,"✅Entry :$0.1230 - 0.1210

(LONG POWER/USDT  5-20x🆘...5  $0.1294
🏹Target 6  $0.1306

🚫Stop loss - 0.1664",1c832cb469b8fb7c0c26580c9b628ca3,2026-09-14T07:28:55+00:00,2026-09-14T11:21:40.256695+00:00,958,crypto_global_watch_1
1267278,29034,"#CVC/ USDT — BUY (LONG) 
Leverage: Cross 25x – 50x...T IS KEY
👉 Use ONLY 2 – 3% of your total portfolio",1b2048f10da1774973de39a83309f90a,2026-09-14T07:28:55+00:00,2026-09-14T11:21:40.153422+00:00,958,crypto_global_watch_1
1267276,29030,"📊 Let’s LONG #HYPE/USDT

💥 Leverage:  Cross 20×  -...: 

1) 78.30
2) 77.30
3) 75.90

🔖 Stop Loss: 81.70",2f011503f92af232cf8a2cb66352682f,2026-09-14T07:13:07+00:00,2026-09-14T11:21:40.150051+00:00,958,crypto_global_watch_1
1267279,29024,"Coin #EDGE/USDT

Position: LONG 

Leverage:  Cross...0.64

Targets: 🎯 0.68, 0.70, 0.72

Stop Loss: 0.62",6a2ea70b9fd901093ac96f7fda03a25e,2026-09-14T07:11:56+00:00,2026-09-14T11:21:40.160718+00:00,958,crypto_global_watch_1
1267275,29023,"$CVC/USDT now at current market price (Spot + Futu...$0.0368
2. $0.0401
3. $0.0441

Stop loss : $0.0291",91efb3195de365d39b5a2c2fca57f2f4,2026-09-14T07:11:56+00:00,2026-09-14T11:21:40.144831+00:00,958,crypto_global_watch_1
1267261,29026,"📊 POWER/USDT — LONG 

📍 ENTRY: CMP

🎯 TARGET 1: 0....Manage your risk & trade responsibly.

🔥 LET’S GO!",a7ced340d60e3e9fc6ac830dbee072bd,2026-09-14T07:11:56+00:00,2026-09-14T11:21:40.092646+00:00,958,crypto_global_watch_1
1267260,29025,"Coin #POWER/USDT

Position: SHORT 

Leverage:  Cro...rgets: 🎯 0.1130, 0.1100, 0.1070

Stop Loss: 0.1220",b606f4727e6ba499adca1894f7b46b8a,2026-09-14T07:11:56+00:00,2026-09-14T11:21:40.087206+00:00,958,crypto_global_watch_1
1267234,29029,"🚀 #NAORISUSDT LONG SIGNAL 🚀  LEVERAGE 50X-75X

📌 E...ch this move together!

🔓 Trade Smart • Trade Safe",2a3e2c13221151c1a0db5f781dad7e74,2026-09-14T07:11:56+00:00,2026-09-14T11:21:39.744062+00:00,958,crypto_global_watch_1
1267295,29015,"FREE SIGNAL 🚨 🐒


🔴 SHORT MTL/USDT

CROSS/LEVERAGE...
USE UR RISK MANAGEMENT!! 

PATIENT IS THE KEY 🐒🐒🐒",97e278a72b8e4a13d1c31cc86ab6a60c,2026-09-14T07:06:18+00:00,2026-09-14T11:21:40.321003+00:00,958,crypto_global_watch_1
1267281,29021,"#AIN/USDT SHORT     

👉Leverage : Cross 10× To 30×...1)  0.1040
2)  0.0970
3)  0.0870

⭕Stoploss : 0.12",34e07cb8b75e4672b9d65412fd0bb586,2026-09-14T07:06:18+00:00,2026-09-14T11:21:40.193700+00:00,958,crypto_global_watch_1
1267280,29020,#AIN SHORT  0.108,4be1616d7b2ea80b40f1bbf662eb4319,2026-09-14T07:06:18+00:00,2026-09-14T11:21:40.182328+00:00,958,crypto_global_watch_1
1267273,29017,"#POWER/USDT SHORT     

👉Leverage : Cross 10× To 3...

1)  0.110
2)  0.100
3)  0.097

⭕Stoploss : 0.125",09378194ca0432ae10cd16a30a6c039d,2026-09-14T07:06:18+00:00,2026-09-14T11:21:40.141780+00:00,958,crypto_global_watch_1
1267269,29022,"#CVC/USDT SHORT     

👉Leverage : Cross 10× To 30×...  0.0344
2)  0.0327
3)  0.0317

⭕Stoploss : 0.0375",712c0a12e0f2fc1dd92ab4580f130976,2026-09-14T07:06:18+00:00,2026-09-14T11:21:40.112945+00:00,958,crypto_global_watch_1
1267255,29012,"🚀 SHORT: $VTHO/USDT🚀
LEVERAGE: 20X-50X

🤍 ENTRY PR...0.00065
—————

❌ STOP LOSS: 0.0008660❌


REACTIONS",118ad76340b291280e8f137eb7dc635f,2026-09-14T07:06:18+00:00,2026-09-14T11:21:40.007164+00:00,958,crypto_global_watch_1
1267254,29011,"🌈PAIR:- #ARK/USDT
⚡️ Direction : LONG
🛠 Leverage: ...nt Usage:- 1 - 2%
(According To your Risk Setting)",e67f34224a86a10f2afdb8c801ddc996,2026-09-14T07:06:18+00:00,2026-09-14T11:21:40.004680+00:00,958,crypto_global_watch_1
1267251,29013,"#LONG 🟢🔤🔤🔤🔤🔤

#KAVA/USDT

Margin Mode : Isolated 💎...

🟥 SL : 0.05931 - 100%   

📊 LEV : 20X

🇯🇵Premium",c6fffe5622c800ec90a50af350aaedef,2026-09-14T07:06:18+00:00,2026-09-14T11:21:40.001277+00:00,958,crypto_global_watch_1
1267246,29009,"$UAI/USDT #SHORT📩

✅ENTRY :-0.54/0.56

Target 1: 0...𝐎𝐧𝐥𝐲 𝟏-𝟑% 𝐎𝐟 𝐎𝐮𝐫 𝐃𝐞𝐩𝐨𝐬𝐢𝐭 𝐅𝐨𝐫 𝐄𝐚𝐜𝐡 𝐓𝐫𝐚𝐝𝐞

React,??m",19757785f8138fc60d7773808d6b4de6,2026-09-14T07:06:18+00:00,2026-09-14T11:21:39.977347+00:00,958,crypto_global_watch_1
1267240,29014,"🟢 Long

#BAT/USDT

Entry : 

1) 0.076840
2) 0.0745...2097

🛑 Stop : 0.071999

Leverage : 10x (isolated)",935fa1a6aba9b2815bd17c2f2657700b,2026-09-14T07:06:18+00:00,2026-09-14T11:21:39.874625+00:00,958,crypto_global_watch_1
1267237,29019,"#MTL/USDT SHORT     

👉Leverage : Cross 10× To 30×...t

1)  0.380
2)  0.365
3)  0.349

⭕Stoploss : 0.41",ecbcf7980fd9de715c3968aecc68d7b8,2026-09-14T07:06:18+00:00,2026-09-14T11:21:39.815588+00:00,958,crypto_global_watch_1
1267231,29010,"⚡ #DOT/USDT

📤 Long 

💹 Buy: 1.0180 - 0.9900

🧿 Ta...620 - 1.0730

🧨 StopLoss: 0.9700 

🔘 Leverage: 20x",fccce62b3784c57b3413702d7c9418c8,2026-09-14T07:06:18+00:00,2026-09-14T11:21:39.692685+00:00,958,crypto_global_watch_1
1267297,29007,"🛎️ Trade: #SOMI/USDT

Direction: 📈 LONG 

🟢 Entry ...88
• Target 6: 0.1604

💠 Leverage : 5x - 10x - 20x",137ff0c49db1d43d97a1bfb0f1b08f56,2026-09-14T07:06:17+00:00,2026-09-14T11:21:40.365076+00:00,958,crypto_global_watch_1
1267290,29003,"#PORTALUSDT — BUY (LONG) 
🎉
🟢 Leverage: Cross  50x...Risk Management:
Use only 2%– 3%of your portfolio.",f5b93b3dda4b2f2e7dd1a59f61481140,2026-09-14T07:06:17+00:00,2026-09-14T11:21:40.294201+00:00,958,crypto_global_watch_1
1267268,29000,"$ZEC

Long at cmp. 1136.33

Tp. 1286

Sl. 1014",c5343ae82dbe933f5a9b07f29f324c5d,2026-09-14T07:06:17+00:00,2026-09-14T11:21:40.109679+00:00,958,crypto_global_watch_1
1267252,29008,"✨ADA/USDT

🎗 Trade Type = LONG 🟢

⭐️ Leverage :- 2...[ 0.2108, 0.2128, 0.2149, 0.2174, 0.2196, 0.2224 ]",330f124bd2304c2b9037375cbedaef8a,2026-09-14T07:06:17+00:00,2026-09-14T11:21:40.003698+00:00,958,crypto_global_watch_1
1267230,29005,"📊 Let’s LONG #IOTX/USDT

💥 Leverage:  Cross 20×  -...665
2) 0.003780
3) 0.003980

🔖 Stop Loss: 0.003320",0639c7b20ffbf8626de0847c25b75540,2026-09-14T07:06:17+00:00,2026-09-14T11:21:39.687984+00:00,958,crypto_global_watch_1
1267288,28997,"#REZ/ USDT — BUY (LONG) 
Leverage: Cross 25x – 50x...T IS KEY
👉 Use ONLY 2 – 3% of your total portfolio",c7e1eb7a1e535bea1b2c5601cd15ac4f,2026-09-14T04:59:19+00:00,2026-09-14T11:21:40.276404+00:00,958,crypto_global_watch_1
1267272,28993,"📊#BR/USDT–LONG–30x 🚀

📍 𝐄𝐧𝐭𝐫𝐲 𝐙𝐨𝐧𝐞:

➥ 0.338, 0.33...tal.

⚠️ Disclaimer:
Trade at your own risk. DYOR.",2251179c96994e8f1e5bba238a279668,2026-09-14T04:59:19+00:00,2026-09-14T11:21:40.138070+00:00,958,crypto_global_watch_1
1267270,28992,"🟢POWER/USDT 📈

📈 long Setup 

💰 Entry Zone: 0.138–...et 1. 
✅ Move SL to breakeven after Target 1 hits.",fdf89054f95402a17a9c778d547989fc,2026-09-14T04:59:19+00:00,2026-09-14T11:21:40.114187+00:00,958,crypto_global_watch_1
1267264,28989,"🔰POWER/USDT 🔰   

🟢 LONG 10X 20X

♻ ENTRY 
1️⃣ 0.1...

1️⃣ 0.140
2️⃣ 0.148
3️⃣ 0.160

⛔ STOPLOSS  0.114",0bdb4c54644f6a9ee95ba6a1db9e4e7d,2026-09-14T04:59:19+00:00,2026-09-14T11:21:40.098476+00:00,958,crypto_global_watch_1
1267248,28990,"❖ BR/USDT

❖ LONG [ 10×20 ]

➤ Entry Zone:- 0.3525...▪️ TP2: 0.375
▪️ TP3: 0.390

➤ Stop Loss :- 0.3300",cdf07d4b898869c0771f36ccb000578a,2026-09-14T04:59:19+00:00,2026-09-14T11:21:39.976486+00:00,958,crypto_global_watch_1
1267241,28991,"👑 #REZ /USDT — TRADE LONG

LEVERAGE 25X TO 50X

🤑 ... STOP LOSS: 0.004500

☄️ NO FEAR — JUST PROFITS ✔️",66e9fe9b778b745e1d2dfd245b9e9e4d,2026-09-14T04:59:19+00:00,2026-09-14T11:21:39.884001+00:00,958,crypto_global_watch_1
1267235,28994,"📈 LONG #BR/USDT

♻ Leverage: 20X

➡️ Entry :- 0.33...: 

1) 0.340
2) 0.355
3) 0.375

⭕ Stop Loss: 0.302",f0b524910c001174d7c7d0c7c44a946e,2026-09-14T04:59:19+00:00,2026-09-14T11:21:39.795024+00:00,958,crypto_global_watch_1
1267229,28987,"➡️ #BR    /USDT (SHORT) 🔽🔽

⌛LEVERAGE : 20X TO 75X...9


💥Use only 1%margin of your total portfolio❤️😘😇",cf84944c6731787c74eb1590682db2ae,2026-09-14T04:59:19+00:00,2026-09-14T11:21:39.677245+00:00,958,crypto_global_watch_1
1267227,28988,"💵 𝐒𝐈𝐆𝐍𝐀𝐋 𝐀𝐋𝐄𝐑𝐓 💵

#REZ/USDT (25xLONG)

✅ ENTRY:0.0...S:-0.004750/0.004950/0.0053

❌ STOP LOSS: 0.003970",a4da9b1641e5ad4a7460d011595a38a5,2026-09-14T04:59:19+00:00,2026-09-14T11:21:39.668833+00:00,958,crypto_global_watch_1
1267226,28986,"🐳 CAKE/USDT #LONG🐳

✳️ ENTRY :- 2.33 - 2.26

💢 LEV...3 : 2.65

⛔️ STOP-LOSS :- 2.21

☝️ Margin Use 2–3%",24e4df62a427b7a4e57185f3f960168e,2026-09-14T04:59:19+00:00,2026-09-14T11:21:39.565914+00:00,958,crypto_global_watch_1
1267224,28983,"🟢 Long

#BNB/USDT

Entry : 

1) 716.860
2) 695.354...5.904

🛑 Stop : 671.697

Leverage : 10x (isolated)",0c1bab4622137ec937c6fa7281ff16df,2026-09-14T01:42:56+00:00,2026-09-14T11:21:39.096211+00:00,958,crypto_global_watch_1
1267223,28981,"✅ Long

#XMR/USDT

Entry zone : 509.93 - 525.71

T...
575.38
591.08

Stop loss :488.9103

Leverage: 10x",6667501e089c2b591298175556421419,2026-09-14T01:42:56+00:00,2026-09-14T11:21:39.013242+00:00,958,crypto_global_watch_1
1267220,28982,"✅ Long

Pair: #IOTA/USDT

📊 Entry Price: 

1) 0.04...) 0.042993

Stop Loss: 0.037704

Leverage: 10x-20x",d1c66b84028b82448f156b5145d7450f,2026-09-14T01:42:56+00:00,2026-09-14T11:21:39.007754+00:00,958,crypto_global_watch_1
1267221,28980,"#AGI | SHORT SETUP

💰 Entry: $0.005021

🎯 Target1:...t4: $0.00483
🎯 Target5: $0.00476

🛡 STOP: $0.00527",688d495053f8dae79a847344f4320d59,2026-09-13T19:27:12+00:00,2026-09-14T11:21:39.009095+00:00,958,crypto_global_watch_1
1267094,28966,"➡️ #AR      /USDT (SHORT) 🔽🔽

⌛LEVERAGE : 20X TO 7...0


💥Use only 1%margin of your total portfolio❤️😘😇",0825b1b697c94809e51044f61a618c93,2026-09-13T17:32:04+00:00,2026-09-14T11:21:21.007372+00:00,958,crypto_global_watch_1
1267084,28965,"✅ Long

#IOST/USDT

Entry zone : 0.00075514 - 0.00...
0.00087530

Stop loss :0.000724005

Leverage: 10x",cd6562e753584aad298eec12b311d808,2026-09-13T17:29:25+00:00,2026-09-14T11:21:21.000534+00:00,958,crypto_global_watch_1
1267083,28963,"$AR buying Setup 

Entry : CMP till  2.619 
TP: 3.... 30% now $AR time both same category coins storage",c4a8bd319ce2f9210a84b1008ad946be,2026-09-13T17:29:24+00:00,2026-09-14T11:21:20.996672+00:00,958,crypto_global_watch_1
1267070,28961,"🚨 #LSK/USDT | LONG

⚡Leverage: Cross 50x

🎯Entry T... follow the signal and secure profits at targets.💎",853cc73f7e4b0396f1bad4db25024313,2026-09-13T17:29:24+00:00,2026-09-14T11:21:20.919004+00:00,958,crypto_global_watch_1
1267046,28962,"📉 SHORT #LSK/USDT 

🚀 LEVERAGE : 50x

📊 ENTRY PRIC....01

TP🟢0.97

TP🟢0.92

STOPLOSS 🔴1.11


REACTIONS?",628d7c46019f432ce425153f05314000,2026-09-13T17:29:24+00:00,2026-09-14T11:21:20.814589+00:00,958,crypto_global_watch_1
1267065,28960,"➡️ #FIL      /USDT (SHORT) 🔽🔽

⌛LEVERAGE : 20X TO ...0


💥Use only 1%margin of your total portfolio❤️😘😇",b067c4d6f3bc17bca297690ab4f9ce81,2026-09-13T16:26:27+00:00,2026-09-14T11:21:20.905068+00:00,958,crypto_global_watch_1
1267058,28958,LONG STEEM 0.060404,57944bb2353180ecc4f669c83750a939,2026-09-13T16:26:27+00:00,2026-09-14T11:21:20.879093+00:00,958,crypto_global_watch_1
1267056,28959,"✅Entry 0.06040-0.05940

(🆘LONG STEEMUSDT 5-20x🆘)

... $0.06370
🏹Target 6  $0.06440

🚫Stop loss -0.05741",8225a771403a35272e0db69b60471d5c,2026-09-13T16:26:27+00:00,2026-09-14T11:21:20.869944+00:00,958,crypto_global_watch_1
1267077,28949,"⚡️⚡️ BRC FREE SIGNAL ALERT ⚡️⚡️

📉 SHORT #CVC/USDT...P🟢0.0333

TP🟢0.0320

STOPLOSS 🔴0.0376


REACTIONS?",897a5eafa142609651bfa973032d7639,2026-09-13T16:23:27+00:00,2026-09-14T11:21:20.974021+00:00,958,crypto_global_watch_1
1267079,28947,"$CVC

OPEN SHORT NOW

TP (0.03300-0.03100)

SL (0.04272)",68fbf8876fbb2f7177b5ac2af061e8a4,2026-09-13T16:20:00+00:00,2026-09-14T11:21:20.977097+00:00,958,crypto_global_watch_1
1267040,28946,"🚨 #VTHO/USDT | SHORT

⚡Leverage: Cross 50x

🎯Entry... follow the signal and secure profits at targets.💎",fa97a4b1da92edaa7114cf05ecb3f449,2026-09-13T15:50:07+00:00,2026-09-14T11:21:20.788772+00:00,958,crypto_global_watch_1
1267121,28945,"🚀 #LSKUSDT LONG SIGNAL 🚀

📌 ENTRY ➜ 0.9308

🎯 TAKE...ch this move together!

🔓 Trade Smart • Trade Safe",260206a5b9a8e7f433ad156d1c39cfd7,2026-09-13T15:50:06+00:00,2026-09-14T11:21:21.088146+00:00,958,crypto_global_watch_1
1267111,28939,"🚀 LONG: $STEEM/USDT
LEVERAGE: 50x

✔️ENTRY PRICE: ...-0.06800-0.07000

STOP LOSS:  0.05800


REACTIONS?",2d63d07f2c0a375122a6f0b6c4d19929,2026-09-13T15:50:06+00:00,2026-09-14T11:21:21.046142+00:00,958,crypto_global_watch_1
1267106,28943,"🚀 #LSKUSDT LONG SIGNAL 🚀

📌 ENTRY ➜ 0.9308

🎯 TAKE...ch this move together!

🔓 Trade Smart • Trade Safe",eca1d6826589190e305155ff5971334a,2026-09-13T15:50:06+00:00,2026-09-14T11:21:21.035463+00:00,958,crypto_global_watch_1
1267104,28944,"🔘 Coin : #BTW/USDT 🔘

🔴 SHORT

🔺Entry🔻: 0.7049

⭐️... - 0.64255

♦️ StopLoss : 0.73241

🔱 Leverage: 25x",526b6d5c05221daf21b737507b352eee,2026-09-13T15:50:06+00:00,2026-09-14T11:21:21.030015+00:00,958,crypto_global_watch_1
1267074,28942,LSK LONG 0.9307 TP1 0.9515,9446d4d67308ea3e074d19f35df237c1,2026-09-13T15:50:06+00:00,2026-09-14T11:21:20.928961+00:00,958,crypto_global_watch_1
1267067,28938,"🚨 #PUNDIX/USDT | SHORT

⚡Leverage: Cross 50x

🎯Ent... follow the signal and secure profits at targets.💎",62f9590cc34c770cc311a0a3214db5bc,2026-09-13T15:50:06+00:00,2026-09-14T11:21:20.914534+00:00,958,crypto_global_watch_1
1267063,28941,"⭐ LSK /USDT — LONG

💵 ENTRY: 0.91800-0.8500

⚙️ LE...o

📌 Follow the setup and manage your risk wisely.",36058cad30adbcf6dd1530f0b00d483e,2026-09-13T15:50:06+00:00,2026-09-14T11:21:20.892173+00:00,958,crypto_global_watch_1
1267052,28940,Long LSK now 0.918,212e7b60c78c609e784e8db9e9144ae2,2026-09-13T15:50:06+00:00,2026-09-14T11:21:20.846323+00:00,958,crypto_global_watch_1
1267091,28937,"🔴 SHORT

#IOTA/USDT

Entry : 

1) 0.041460
2) 0.04...8591

🛑 Stop : 0.044071

Leverage : 10x (isolated)",cfcb53ab41c1db3549095315dddfb893,2026-09-13T14:52:29+00:00,2026-09-14T11:21:21.009311+00:00,958,crypto_global_watch_1
1267119,28934,"Pair: #CATI/USDT

Short • (5X)

Entry
0.07010 - 0....t your own risk. Always use proper risk management",4ac5a540a1da6fc4502fa4ad764cf2b7,2026-09-13T14:52:08+00:00,2026-09-14T11:21:21.085204+00:00,958,crypto_global_watch_1
1267097,28935,"Pair: #NEAR/USDT

Short • (25X)

Entry
2.295 - 2.3...t your own risk. Always use proper risk management",233decbdf527c866f6f20f497efcc7ba,2026-09-13T14:52:08+00:00,2026-09-14T11:21:21.016043+00:00,958,crypto_global_watch_1
1267049,28926,"🚀 #BIGTIMEUSDT LONG SIGNAL 🚀

📌 ENTRY ➜ 0.007818

...ch this move together!

🔓 Trade Smart • Trade Safe",f620db6e7a0bad2cf367e6d8fc079c18,2026-09-13T14:46:59+00:00,2026-09-14T11:21:20.835429+00:00,958,crypto_global_watch_1
1267122,28921,"⭐️$CVC/USDT  SHORT

🛡Leverage : Cross 25x50

‼️Ent....04528

Use only 3% - 5% amount of your portfolio🛍",0bf9b89c891b3d7eb37fcc9e2fca9cae,2026-09-13T14:46:36+00:00,2026-09-14T11:21:21.089226+00:00,958,crypto_global_watch_1
1267120,28923,"⭐️$LSK/USDT  LONG

🛡Leverage : Cross 25x50

‼️Entr....60550

Use only 3% - 5% amount of your portfolio🛍",d063fa3998dcd36b0ae7b902e8d03773,2026-09-13T14:46:36+00:00,2026-09-14T11:21:21.084331+00:00,958,crypto_global_watch_1
1267085,28922,LSKUSDT LONG NOW,07887acd90ec447520841ce4b3124c9c,2026-09-13T14:46:36+00:00,2026-09-14T11:21:20.998609+00:00,958,crypto_global_watch_1
1267081,28924,"💫 Pair: INJ/USDT  💫

🔼 Direction: Long 🔼

✅ Levera...
📈 Take Profit: 6.60 📈

⚠️ Stop Loss: 5.700 ⚠️

📈📈",7e159dd7d08312935ed54b2fdb9aab20,2026-09-13T14:46:36+00:00,2026-09-14T11:21:20.994769+00:00,958,crypto_global_watch_1
1267060,28919,"🪙#CVC/USDT

🚩POSITION — LONG

🔒  LEVERAGE — 20X75
...0.04470
TP🥉: 0.04700

⛔️ SL: 0.03800

🔥REACTIONS?😜",96aa1d49fe936dbfcd06df6339b91175,2026-09-13T14:46:36+00:00,2026-09-14T11:21:20.880957+00:00,958,crypto_global_watch_1
1267116,28917,"💰#BERA/ USDT👑

💎Setup Type: Strong LONG  🔖Opportun...

🥉TP ➝ 0.2500

4️⃣TP ➝ 0.3200

🚫Stop Loss: 0.1600",d73760f0298f0bab74a41101d4d4344c,2026-09-13T14:46:35+00:00,2026-09-14T11:21:21.066317+00:00,958,crypto_global_watch_1
1267099,28916,"🚀 LONG: $ARK/USDT
LEVERAGE: 50x

✔️ENTRY PRICE: 0....750-0.1800-0.1900

STOP LOSS:  0.1600


REACTIONS?",26d70642447c3cfd0c99a42c9a78f7ba,2026-09-13T14:46:35+00:00,2026-09-14T11:21:21.017650+00:00,958,crypto_global_watch_1
1267041,28918,"#WLD $WLD LONG TRADE

ENTRY: 0.396

TARGET: 0.427

STOPLOSS: 0.388",ac16c173d0de1d4cbfd5fc0c1372316e,2026-09-13T14:46:35+00:00,2026-09-14T11:21:20.787961+00:00,958,crypto_global_watch_1
1267055,28914,"📉 SHORT #ARK/USDT 

🚀 LEVERAGE : 50x

📊 ENTRY PRIC...0

TP🟢0.163

TP🟢0.155

STOPLOSS 🔴0.183

REACTIONS?",7ec4a0e5f7dd8caecff63ef4eecd1a1b,2026-09-13T13:09:30+00:00,2026-09-14T11:21:20.871185+00:00,958,crypto_global_watch_1
1267114,28904,"#REZ/ USDT — BUY (LONG) 
Leverage: Cross 25x – 50x...T IS KEY
👉 Use ONLY 2 – 3% of your total portfolio",239da11f66ece09e93d4e65645b2f709,2026-09-13T13:09:29+00:00,2026-09-14T11:21:21.064114+00:00,958,crypto_global_watch_1
1267110,28890,"#PUNDIXUSDT — BUY (LONG) 
🎉
🟢 Leverage: Cross  50x...Risk Management:
Use only 2%– 3%of your portfolio.",6472391af3780adb3e67707c76abf77c,2026-09-13T13:09:29+00:00,2026-09-14T11:21:21.045349+00:00,958,crypto_global_watch_1
1267089,28896,"✨NEAR/USDT

🎗 Trade Type = SHORT 🔴

⭐️ Leverage :-...fit = [ 2.254, 2.231, 2.206, 2.189, 2.162, 2.134 ]",a3c67548ca5e48a1633b29de26589f09,2026-09-13T13:09:29+00:00,2026-09-14T11:21:21.005372+00:00,958,crypto_global_watch_1
1267087,28895,"🚀 #TAIKOUSDT LONG SIGNAL 🚀

📌 ENTRY ➜ 0.08490

🎯 T...ch this move together!

🔓 Trade Smart • Trade Safe",e21f60c2dc50afbbdadabba967c01671,2026-09-13T13:09:29+00:00,2026-09-14T11:21:21.003813+00:00,958,crypto_global_watch_1
1267076,28907,"DOGE/USDT Long Trade Setup⭐️

Leverage 75X

Entry ...8520

Stop Loss   0.08305

Follow Money Management",c038b5bfafc7d8569f16a1a240d9c95e,2026-09-13T13:09:29+00:00,2026-09-14T11:21:20.971069+00:00,958,crypto_global_watch_1
1267072,28891,"Long #ARK 50x 0.1840

Tp: 0.1900",ccd3407761c3fb4d4f4b04f861878790,2026-09-13T13:09:29+00:00,2026-09-14T11:21:20.926104+00:00,958,crypto_global_watch_1
1267068,28910,"➡️ #CVC       /USDT (SHORT) 🔽🔽

⌛LEVERAGE : 20X TO...6


💥Use only 1%margin of your total portfolio❤️😘😇",04ddd3d57048b96cb59f30069ac1e25f,2026-09-13T13:09:29+00:00,2026-09-14T11:21:20.916654+00:00,958,crypto_global_watch_1
1267064,28909,"📈 LONG #LSK/USDT

🚀 LEVERAGE : 50x

📊 ENTRY PRICE ...70

TP🟢1.00

TP🟢1.04

STOPLOSS 🔴0.890


REACTIONS?",cfc00ddae4b5a0aec7eca1faa91505c9,2026-09-13T13:09:29+00:00,2026-09-14T11:21:20.901942+00:00,958,crypto_global_watch_1
1267061,28905,STEEMUSDT SHORT NOW,0a8b787f11243861398402f8c0334ef9,2026-09-13T13:09:29+00:00,2026-09-14T11:21:20.891031+00:00,958,crypto_global_watch_1
1267059,28906,"⭐️$STEEM/USDT  SHORT

🛡Leverage : Cross 25x50

‼️E....08723

Use only 3% - 5% amount of your portfolio🛍",6bba5333fea0bf5cf6e86b9a3dec2fd3,2026-09-13T13:09:29+00:00,2026-09-14T11:21:20.882192+00:00,958,crypto_global_watch_1
1267057,28912,"💰#STEEM/ USDT👑

💎Setup Type: Strong SHORT  🔖Opport...TP ➝ 0.06000

4️⃣TP ➝ 0.05500

🚫Stop Loss: 0.07400",391a472c5b120ffb55266024b56b030b,2026-09-13T13:09:29+00:00,2026-09-14T11:21:20.877798+00:00,958,crypto_global_watch_1
1267053,28902,"🔴 SHORT

#ZIL/USDT

Entry : 

1) 0.0029390
2) 0.00...356

🛑 Stop : 0.0031241

Leverage : 10x (isolated)",6927be9a998a7808cdbde85dff746fe4,2026-09-13T13:09:29+00:00,2026-09-14T11:21:20.851126+00:00,958,crypto_global_watch_1
1267044,28897,"🔴 SHORT

#THETA/USDT

Entry zone : 0.2165 - 0.2102...
0.1901
0.1837

Stop loss :0.224914

Leverage: 10x",e9cfc2351bd4adc35010f2c46051f798,2026-09-13T13:09:29+00:00,2026-09-14T11:21:20.804689+00:00,958,crypto_global_watch_1
1267038,28899,"Coin #LSK /USDT

Position: SHORT 

Leverage:  Cros...1.03

Targets: 🎯 0.92, 0.86, 0.79

Stop Loss: 1.07",dd62d7b5b750d5e202f326ff2729a056,2026-09-13T13:09:29+00:00,2026-09-14T11:21:20.771138+00:00,958,crypto_global_watch_1
1267036,28894,"#BTW/USDT

📈Signal: long Leverage: Cross 20X

⚡️En...even after TP1 is hit.

📣Trade Smart • Follow Risk",f2adab61d9315db6242afa298984e3c9,2026-09-13T13:09:29+00:00,2026-09-14T11:21:20.743752+00:00,958,crypto_global_watch_1
1267115,28887,"✅ Long

Pair: #ATOM/USDT

📊 Entry Price: 

1) 1.57....652
4) 1.685

Stop Loss: 1.478

Leverage: 10x-20x",7f6516eecbd60479bd22188127c813a2,2026-09-13T09:44:08+00:00,2026-09-14T11:21:21.065317+00:00,958,crypto_global_watch_1
1267100,28880,"🚀 LONG: $ARK/USDT
LEVERAGE: 50x

✔️ENTRY PRICE: 0....750-0.1800-0.1900

STOP LOSS:  0.1600


REACTIONS?",26d70642447c3cfd0c99a42c9a78f7ba,2026-09-13T09:44:08+00:00,2026-09-14T11:21:21.020022+00:00,958,crypto_global_watch_1
1267090,28885,"$LTCUSDT

SHORT

RR : 2

LEVERAGE : 40x

ENTRY : 53.86

TAKE PROFITS 👇

1️⃣ 52.45

STOPLOSS : 54.56",9c52684485dce151155fbd310958afd8,2026-09-13T09:44:08+00:00,2026-09-14T11:21:21.006126+00:00,958,crypto_global_watch_1
1267050,28882,"⭐ ARK /USDT — LONG

💵 ENTRY: 0.1700-0.1680

⚙️ LEV...o

📌 Follow the setup and manage your risk wisely.",3db54b440872ae9b035a7ee7e911b9f2,2026-09-13T09:44:08+00:00,2026-09-14T11:21:20.834362+00:00,958,crypto_global_watch_1
1267043,28883,"🚀 $API3/USDT PERP 🚀

🟢 LONG

💰 Entry : 0.255$ – 0.... 5X – 25X

⛔️ SL : 0.210$

📌 Use Only 2-5% Capital",1114fb2672ca60d0a9f3fdd71503f96e,2026-09-13T09:44:08+00:00,2026-09-14T11:21:20.802637+00:00,958,crypto_global_watch_1
1267039,28884,"🔰 PAIR: SAND/ USDT 💹

🟢Position: LONG🚀

☑️ Entry Z...0.03594
🥈 0.03623
🥉 0.03677

❌ Stop Loss: 🔴0.03495",6a4c62f59be80f211b5332ef69e12d91,2026-09-13T09:44:08+00:00,2026-09-14T11:21:20.782676+00:00,958,crypto_global_watch_1
1267071,28879,"$AVA SHORTNOW

ENTRY: 0.195- 0.200

TP:- 0.185- 0.175- 0.160

SL:- 0.0220",5ad02fca1e487ce08f149cd93c3b0ffa,2026-09-13T08:47:27+00:00,2026-09-14T11:21:20.924477+00:00,958,crypto_global_watch_1
1267123,28877,"🚀 LONG: $AVA/USDT
LEVERAGE: 50x

✔️ENTRY PRICE: 0....2100-0.2180-0.2350

STOP LOSS:  0.1940

REACTIONS?",6b97001fe943fca5fc97034d1407eb97,2026-09-13T07:56:51+00:00,2026-09-14T11:21:21.093830+00:00,958,crypto_global_watch_1
1267078,28876,"🌈PAIR:- #ARK/USDT
⚡️ Direction : LONG
🛠 Leverage: ...nt Usage:- 1 - 2%
(According To your Risk Setting)",d8667ca01257c77d79c35f0a5860988b,2026-09-13T07:56:51+00:00,2026-09-14T11:21:20.971964+00:00,958,crypto_global_watch_1
1267105,28875,"#ANIMEUSDT — BUY (LONG) 
🎉
🟢 Leverage: Cross  50x7...Risk Management:
Use only 2%– 3%of your portfolio.",157f28f3a50c23b0b3f22006a3003f64,2026-09-13T07:56:50+00:00,2026-09-14T11:21:21.033499+00:00,958,crypto_global_watch_1
1275894,29140,"📈 LONG #CVC/USDT 

🚀 LEVERAGE : 50x

📊 ENTRY PRICE...P🟢0.0369

TP🟢0.0385

STOPLOSS 🔴0.0330


REACTIONS?",b376d3245a9e04e9126aa97579d70033,2026-09-14T11:33:37+00:00,2026-09-14T12:43:05.408011+00:00,958,crypto_global_watch_1
1275893,29143,"🚀 #LAUSDT LONG SIGNAL 🚀  LEVERAGE 50X-75X

📌 ENTRY...ch this move together!

🔓 Trade Smart • Trade Safe",1a7e478e12719cd8c74ea092fd0643eb,2026-09-14T11:33:37+00:00,2026-09-14T12:43:05.406617+00:00,958,crypto_global_watch_1
1275858,29141,"➡️ #SKYAI       /USDT (LONG) 🔼🔼

⌛LEVERAGE : 20X T...00

💥Use only 1%margin of your total portfolio❤️😘😇",223214652aa6afaf61ae6847eac6546c,2026-09-14T11:33:37+00:00,2026-09-14T12:43:05.212000+00:00,958,crypto_global_watch_1
1275859,29138,"⭐️$CVC/USDT  SHORT

🛡Leverage : Cross 25x50

‼️Ent....04249

Use only 3% - 5% amount of your portfolio🛍",d5da93b38d5d5effa0bb7d6257cace4b,2026-09-14T11:33:36+00:00,2026-09-14T12:43:05.230361+00:00,958,crypto_global_watch_1
1275903,29135,"🔴 SHORT

#IOTA/USDT

Entry zone : 0.044454 - 0.043...9038
0.037736

Stop loss :0.0461812

Leverage: 10x",ea2e0547b7dd84f8e364317a4199ce7a,2026-09-14T10:51:17+00:00,2026-09-14T12:43:05.530625+00:00,958,crypto_global_watch_1
1275899,29131,"#B2USDT — BUY (LONG) 
🎉
🟢 Leverage: Cross  50x75

...Risk Management:
Use only 2%– 3%of your portfolio.",e7681c0e385ef1a275ccf2558a7c7901,2026-09-14T10:51:17+00:00,2026-09-14T12:43:05.450771+00:00,958,crypto_global_watch_1
1275896,29130,"#BANKUSDT — BUY (LONG) 
🎉
🟢 Leverage: Cross  50x75...Risk Management:
Use only 2%– 3%of your portfolio.",590da8de8f2694ba695ca5c41428378b,2026-09-14T10:51:17+00:00,2026-09-14T12:43:05.412658+00:00,958,crypto_global_watch_1
1275873,29136,"#T/USDT LONG     

👉Leverage : Cross 10× To 30×

E...  0.0056
2)  0.0058
3)  0.0060

⭕Stoploss : 0.P052",d201fea242b71706ebd117d3958c9557,2026-09-14T10:51:17+00:00,2026-09-14T12:43:05.355542+00:00,958,crypto_global_watch_1
1275870,29129,"#AIN/ USDT — BUY (LONG) 
Leverage: Cross 25x – 50x...T IS KEY
👉 Use ONLY 2 – 3% of your total portfolio",e6661e94913813f59ef7b62c7128dead,2026-09-14T10:51:17+00:00,2026-09-14T12:43:05.340731+00:00,958,crypto_global_watch_1
1275865,29134,"➡️ #CVC      /USDT (SHORT) 🔽🔽

⌛LEVERAGE : 20X TO ...0


💥Use only 1%margin of your total portfolio❤️😘😇",57f6a986cd3b00c32fbdab9745851dc9,2026-09-14T10:51:17+00:00,2026-09-14T12:43:05.318451+00:00,958,crypto_global_watch_1
1275853,29133,"💵COIN NAME : #T/USDT

📈POSITION : LONG(BUY)

📊 LEV...
TP3 = 0.0060

🔖 STOPLOSS  = 0.0052

SHOW REACTION",624d37824c3bc75e38460befc86e7f69,2026-09-14T10:51:17+00:00,2026-09-14T12:43:05.154142+00:00,958,crypto_global_watch_1
1275907,29105,"#REZ/ USDT — BUY (LONG) 
Leverage: Cross 25x – 50x...T IS KEY
👉 Use ONLY 2 – 3% of your total portfolio",c97289861bad94c82e6d3f96a9eb196e,2026-09-14T10:03:49+00:00,2026-09-14T12:43:05.539100+00:00,958,crypto_global_watch_1
1275905,29103,"👑 #REZ /USDT — TRADE LONG

LEVERAGE 25X TO 50X

🤑 ... STOP LOSS: 0.004620

☄️ NO FEAR — JUST PROFITS ✔️",7a8090af09777ff4cd3ef398c7ee2570,2026-09-14T10:03:49+00:00,2026-09-14T12:43:05.536141+00:00,958,crypto_global_watch_1
1275889,29106,"🔴 Short

Pair: #XRP/USDT

📊 Entry Price: 

1) 1.40...26
4) 1.3031

Stop Loss: 1.4882

Leverage: 10x-20x",a164babea2c3cb2b30c7480823850d3e,2026-09-14T10:03:49+00:00,2026-09-14T12:43:05.402807+00:00,958,crypto_global_watch_1
1275863,29101,"#LSKUSDT — BUY (LONG) 
🎉
🟢 Leverage: Cross  50x75
...Risk Management:
Use only 2%– 3%of your portfolio.",1305c85890ed099370636a3a9687ea52,2026-09-14T10:03:49+00:00,2026-09-14T12:43:05.285844+00:00,958,crypto_global_watch_1
1275856,29104,"#REZ/USDT LONG     

👉Leverage : Cross 10× To 30×
...00502
2)  0.00520
3)  0.00560

⭕Stoploss : 0.00462",c0fdd206613afe2bc67901561be6017d,2026-09-14T10:03:49+00:00,2026-09-14T12:43:05.176669+00:00,958,crypto_global_watch_1
1275881,29097,"#LSKUSDT — BUY (LONG) 
🎉
🟢 Leverage: Cross  50x75
...Risk Management:
Use only 2%– 3%of your portfolio.",1305c85890ed099370636a3a9687ea52,2026-09-14T10:03:48+00:00,2026-09-14T12:43:05.375695+00:00,958,crypto_global_watch_1
1275900,29089,"Long #TUSDT 0.005025

Tp 0.005165",846b1a5d6e582f51c73b11880f95cc8b,2026-09-14T10:02:11+00:00,2026-09-14T12:43:05.458293+00:00,958,crypto_global_watch_1
1275851,29093,"⭐️$AIN/USDT  LONG

🛡Leverage : Cross 25x50

‼️Entr....08344

Use only 3% - 5% amount of your portfolio🛍",183cecba9d757333b10d61dee8d93c6b,2026-09-14T10:02:11+00:00,2026-09-14T12:43:05.150122+00:00,958,crypto_global_watch_1
1275850,29091,"📊 Let’s LONG #AIN/USDT

💥 Leverage:  Cross 20×  - ...
1) 0.1075
2) 0.1130
3) 0.1200

🔖 Stop Loss: 0.098",d1095a6aafaa196d848025d27b8c5b2d,2026-09-14T10:02:11+00:00,2026-09-14T12:43:05.026122+00:00,958,crypto_global_watch_1
1275877,29084,SHORT #CVC 0.035,46bc947db90de2a01b5be0f139fd7122,2026-09-14T10:02:10+00:00,2026-09-14T12:43:05.364933+00:00,958,crypto_global_watch_1
1275876,29085,"📉 SHORT #CVC/USDT 

🚀 LEVERAGE : 50x

📊 ENTRY PRIC...P🟢0.0335

TP🟢0.0320

STOPLOSS 🔴0.0376


REACTIONS?",25b5da9619368a187f6cf78cacdbfb52,2026-09-14T10:02:10+00:00,2026-09-14T12:43:05.353936+00:00,958,crypto_global_watch_1
1275860,29087,"#AIN/ USDT — BUY (LONG) 
Leverage: Cross 25x – 50x...T IS KEY
👉 Use ONLY 2 – 3% of your total portfolio",58fd795332b000daec416ac08b0a65a0,2026-09-14T10:02:10+00:00,2026-09-14T12:43:05.238093+00:00,958,crypto_global_watch_1
1275857,29083,"🚀 SHORT: $LSK/USDT
LEVERAGE: 50x

✔️ENTRY PRICE: 0...870-0.8400-0.7700

STOP LOSS:  0.9600


REACTIONS?",a09aa9fbf16b305aa57bd6801bb3365d,2026-09-14T10:02:10+00:00,2026-09-14T12:43:05.209043+00:00,958,crypto_global_watch_1
1275874,29082,"✅ Long

Pair: #XMR/USDT

📊 Entry Price: 

1) 509.9...17
4) 544.82

Stop Loss: 477.81

Leverage: 10x-20x",58afde6d2b7d660e2d21465e8b7db7a1,2026-09-14T09:24:32+00:00,2026-09-14T12:43:05.352630+00:00,958,crypto_global_watch_1
1275845,29081,"FILUSDT

LONG LONG LONG 

OPEN MARKET PRICE 

TP 1.0500
TP 1.0700

Sl - 0.9420

LEV 20X",9c2b7ad12adb62f748f1a5a8fcdf17f8,2026-09-14T09:10:03+00:00,2026-09-14T12:43:04.761884+00:00,958,crypto_global_watch_1
1275862,29079,"#LSKUSDT — BUY (LONG) 
🎉
🟢 Leverage: Cross  50x75
...Risk Management:
Use only 2%– 3%of your portfolio.",d42c43821e70947cc0507cf4462a4919,2026-09-14T09:00:16+00:00,2026-09-14T12:43:05.243987+00:00,958,crypto_global_watch_1
1275846,29077,"💰#CVC/ USDT👑

💎Setup Type: Strong LONG  🔖Opportuni...TP ➝ 0.04600

4️⃣TP ➝ 0.06000

🚫Stop Loss: 0.03000",2240df9e29ba574f3f9e77c06c53efaf,2026-09-14T08:52:41+00:00,2026-09-14T12:43:04.773966+00:00,958,crypto_global_watch_1
1275843,29078,"#EDGE | SHORT SETUP

💰 Entry: $0.6053

🎯 Target1: ...t4: $0.58230
🎯 Target5: $0.57382

🛡 STOP: $0.63556",2dcf9c030918c2253233e7411f19848c,2026-09-14T08:52:41+00:00,2026-09-14T12:43:04.725920+00:00,958,crypto_global_watch_1
1275849,29076,"💰#REZ/ USDT👑

💎Setup Type: Strong LONG  🔖Opportuni...➝ 0.005700

4️⃣TP ➝ 0.006690

🚫Stop Loss: 0.003800",b7d1fb7876a3555dbf6945072599d3c4,2026-09-14T08:44:25+00:00,2026-09-14T12:43:05.001215+00:00,958,crypto_global_watch_1
1275844,29075,"#CVC LONG

0.03740",76d8ca3252350ad5a3d582b8299ace77,2026-09-14T08:44:25+00:00,2026-09-14T12:43:04.742333+00:00,958,crypto_global_watch_1
1275842,29074,"💰#REZ/ USDT👑

💎Setup Type: Strong LONG  🔖Opportuni...➝ 0.005700

4️⃣TP ➝ 0.006690

🚫Stop Loss: 0.003800",b7d1fb7876a3555dbf6945072599d3c4,2026-09-14T08:44:25+00:00,2026-09-14T12:43:04.724141+00:00,958,crypto_global_watch_1
1282125,29170,"#AIN/ USDT — BUY (LONG) 
Leverage: Cross 25x – 50x...T IS KEY
👉 Use ONLY 2 – 3% of your total portfolio",a49b81ec200516b61290db40ef8f10bd,2026-09-14T13:54:35+00:00,2026-09-14T14:01:14.283623+00:00,958,crypto_global_watch_1
1282111,29176,"#RONIN/USDT

📈Signal: long Leverage: Cross 20X

⚡️...even after TP1 is hit.

📣Trade Smart • Follow Risk",b802ba03d1722f4df1512fca1b5df08b,2026-09-14T13:54:35+00:00,2026-09-14T14:01:14.191786+00:00,958,crypto_global_watch_1
1282108,29172,"🔰 PAIR: ALICE/ USDT 💹

🟢Position: LONG🚀

☑️ Entry ...:
🥇 0.1305
🥈 0.1313
🥉 0.1332

❌ Stop Loss: 🔴0.1274",5dc3263cc801adfce38e5fb74a6c4903,2026-09-14T13:54:35+00:00,2026-09-14T14:01:14.168418+00:00,958,crypto_global_watch_1
1282105,29171,"#SHORT 🔴 🔤🔤🔤🔤🔤

#POL/USDT (RISKY)

Margin Mode : I...164

🟩 SL : 0.09874- 100%

📊 LEV : 30X

🇯🇵 Premium",8003a6505c4c6099681ddee997015188,2026-09-14T13:54:35+00:00,2026-09-14T14:01:14.164692+00:00,958,crypto_global_watch_1
1282103,29173,"📊 Let’s LONG #AIN/USDT

💥 Leverage:  Cross 20×  - ...1) 0.0100
2) 0.1050
3) 0.1120

🔖 Stop Loss: 0.0926",80befa126d81fb59db51be6fac9967e0,2026-09-14T13:54:35+00:00,2026-09-14T14:01:14.147988+00:00,958,crypto_global_watch_1
1282101,29163,"BTC/USD SELL 

Entry : $  77449

Target1: $  77130
Target2: $ 75886
Target3: $ 75035

SL : $ 78441",25cc590d4c7691579aabe3fc95cf3f45,2026-09-14T13:54:35+00:00,2026-09-14T14:01:14.143013+00:00,958,crypto_global_watch_1
1282132,29160,"Btc 78-81k zone bear market btc short ke liye entr... uper rakh ke

Dca 82k- 86k 
long term tp 76k- 72k",308c2eb76278b5666ac27203ccc68f74,2026-09-14T13:54:34+00:00,2026-09-14T14:01:14.333662+00:00,958,crypto_global_watch_1
1282127,29151,"🔴 SHORT

#XLM/USDT

Entry : 

1) 0.19030
2) 0.1960...17713

🛑 Stop : 0.20228

Leverage : 10x (isolated)",9b93f3eb8f584edff1a935e0fbada350,2026-09-14T13:54:34+00:00,2026-09-14T14:01:14.287296+00:00,958,crypto_global_watch_1
1282126,29148,"➡️ #T      /USDT (LONG) 🔼🔼

⌛LEVERAGE : 20X TO 75X...6


💥Use only 1%margin of your total portfolio❤️😘😇",a260ec700ad10ec99eab488f4cb49b2f,2026-09-14T13:54:34+00:00,2026-09-14T14:01:14.284534+00:00,958,crypto_global_watch_1
1282124,29153,"📊 Let’s LONG #BR/USDT

💥 Leverage:  Cross 20×  -  ...: 

1) 0.511
2) 0.534
3) 0.570

🔖 Stop Loss: 0.468",8ab08b7f2e6a7745b2a43e00539da900,2026-09-14T13:54:34+00:00,2026-09-14T14:01:14.282208+00:00,958,crypto_global_watch_1
1282119,29159,"⭐ BR /USDT — LONG

💵 ENTRY: 0.49700-0.47200

⚙️ LE...o

📌 Follow the setup and manage your risk wisely.",876a2a324f5a2bd7b2979cfce0045bac,2026-09-14T13:54:34+00:00,2026-09-14T14:01:14.263813+00:00,958,crypto_global_watch_1
1282116,29152,"⌛#LDO/USDT  ( LONG )

🍁 Leverage 👉 20X to 25X 

⛩️...99 | 0.3833 | 0.3876 | 0.3917

🔕 Stoploss = 0.3562",6097898d9a81b601ff2ecdecc9bd1df8,2026-09-14T13:54:34+00:00,2026-09-14T14:01:14.255698+00:00,958,crypto_global_watch_1
1282113,29147,"➡️ #LA       /USDT (LONG) 🔼🔼

⌛LEVERAGE : 20X TO 7...6


💥Use only 1%margin of your total portfolio❤️😘😇",cca39e379353d4a641e1a5ffea3f29fd,2026-09-14T13:54:34+00:00,2026-09-14T14:01:14.206801+00:00,958,crypto_global_watch_1
1282107,29154,"🚨 #SOL/USDT | SHORT

⚡Leverage: Cross 100X

🎯Entry... follow the signal and secure profits at targets.💎",8d71844aac669a430da31ed022eece08,2026-09-14T13:54:34+00:00,2026-09-14T14:01:14.167686+00:00,958,crypto_global_watch_1
1282106,29150,"👑 #REZ /USDT — TRADE LONG

LEVERAGE 25X TO 50X

🤑 ... STOP LOSS: 0.004300

⚡️ NO FEAR — JUST PROFITS ✔️",d58443975a1b1e0c5448058aaf9d97e1,2026-09-14T13:54:34+00:00,2026-09-14T14:01:14.162128+00:00,958,crypto_global_watch_1
1282100,29146,"BTC/ USDT/ SHORT
Entry at market price 

Cross || ...only 1% of your wallet. 
Manage your risk properly",43eec4e659b1007cbb3585c0c55b2558,2026-09-14T13:54:34+00:00,2026-09-14T14:01:14.136157+00:00,958,crypto_global_watch_1
1282099,29145,"#BR/ USDT — BUY (LONG) 
Leverage: Cross 25x – 50x
...T IS KEY
👉 Use ONLY 2 – 3% of your total portfolio",924c8dcd4c6af0377212c3b79bf5dd0e,2026-09-14T13:54:34+00:00,2026-09-14T14:01:14.021928+00:00,958,crypto_global_watch_1
1286993,29203,"⭐ LA /USDT — SHORT

💵 ENTRY: 0.07200-0.07500

⚙️ L...o

📌 Follow the setup and manage your risk wisely.",6db93517c78cbc7c3831d94aa8a89bd0,2026-09-14T15:16:39+00:00,2026-09-14T15:22:57.768381+00:00,958,crypto_global_watch_1
1286990,29202,"👑 #BR /USDT — TRADE LONG

LEVERAGE 25X TO 50X

🤑 E...⛔️ STOP LOSS: 0.4940

⚡️ NO FEAR — JUST PROFITS ✔️",db2f7afadb4a5c360cf1b211aefe53d6,2026-09-14T15:08:01+00:00,2026-09-14T15:22:57.758678+00:00,958,crypto_global_watch_1
1286996,29199,"⭐ SKYAI /USDT — LONG

💵 ENTRY: 0.052500-0.05000

⚙...o

📌 Follow the setup and manage your risk wisely.",c29755c0412b55b5977732f62ebcf087,2026-09-14T14:45:38+00:00,2026-09-14T15:22:57.789126+00:00,958,crypto_global_watch_1
1286994,29200,"🚨 #FIL/USDT | LONG

⚡Leverage: Cross 50x

🎯Entry T... follow the signal and secure profits at targets.💎",5d1872a68afc36e5c2b41fcaa00fff02,2026-09-14T14:45:38+00:00,2026-09-14T15:22:57.770760+00:00,958,crypto_global_watch_1
1286988,29198,"⭐ T /USDT — LONG

💵 ENTRY: 0.005230-0.005000

⚙️ L...o

📌 Follow the setup and manage your risk wisely.",08f406d9ab15c663e7473169eff47269,2026-09-14T14:45:38+00:00,2026-09-14T15:22:57.751937+00:00,958,crypto_global_watch_1
1286997,29184,"#AVAAIUSDT — BUY (LONG) 
🎉
🟢 Leverage: Cross  50x7...Risk Management:
Use only 2%– 3%of your portfolio.",86f5658026aa93f95c92600f9f9fe02d,2026-09-14T14:27:52+00:00,2026-09-14T15:22:57.805106+00:00,958,crypto_global_watch_1
1286995,29194,"⭐ AIN /USDT — LONG

💵 ENTRY: 0.10550-0.10200

⚙️ L...o

📌 Follow the setup and manage your risk wisely.",409c7ddeaa3d2d97a4c3f67ea6c26fb9,2026-09-14T14:27:52+00:00,2026-09-14T15:22:57.782215+00:00,958,crypto_global_watch_1
1286992,29193,"⭐️$LA/USDT  SHORT

🛡Leverage : Cross 25x50

‼️Entr...0.0774

Use only 3% - 5% amount of your portfolio🛍",cd5113c395527aabee1e2f137a8bc66f,2026-09-14T14:27:52+00:00,2026-09-14T15:22:57.766837+00:00,958,crypto_global_watch_1
1286989,29187,"#AVAAIUSDT — BUY (LONG) 
🎉
🟢 Leverage: Cross  50x7...Risk Management:
Use only 2%– 3%of your portfolio.",86f5658026aa93f95c92600f9f9fe02d,2026-09-14T14:27:52+00:00,2026-09-14T15:22:57.753283+00:00,958,crypto_global_watch_1
1286985,29181,"#LSK/USDT

📈Signal: short Leverage: Cross 50X

⚡️E...even after TP1 is hit.

📣Trade Smart • Follow Risk",9fc2e5b53e39fcb14387a3b7c4f836c0,2026-09-14T14:27:52+00:00,2026-09-14T15:22:57.733315+00:00,958,crypto_global_watch_1
1286984,29197,"🚨 SHORT 
STEEM/USDT
ENTRY 0.05455

🚀 0.05340
🚀 0.0...ROSS
🚨 STOPLOSS 0.0602
LEVRAGE 10X-40X 

3% WALLET",f753fe2836d4f69412d20fe2010fa9fd,2026-09-14T14:27:52+00:00,2026-09-14T15:22:57.731646+00:00,958,crypto_global_watch_1
1286983,29189,"🚀 #XPINUSDT LONG SIGNAL 🚀  LEVERAGE 50X-75X

📌 ENT...ch this move together!

🔓 Trade Smart • Trade Safe",d1241810ad7669dfb162e5c994704e3d,2026-09-14T14:27:52+00:00,2026-09-14T15:22:57.729707+00:00,958,crypto_global_watch_1
1286982,29190,"📈 LONG #T/USDT 

🚀 LEVERAGE : 50x

📊 ENTRY PRICE  ....00570

TP🟢0.00600

STOPLOSS 🔴0.00497


REACTIONS?",8a5ed3aabcab74df471e0fa7f294ecf4,2026-09-14T14:27:52+00:00,2026-09-14T15:22:57.691952+00:00,958,crypto_global_watch_1
1286981,29195,"🔴 Short

Pair: #KAVA/USDT

📊 Entry Price: 

1) 0.0...) 0.062364

Stop Loss: 0.071221

Leverage: 10x-20x",3015c3ca8fba81aeb8bef1bf9ccaf699,2026-09-14T14:27:52+00:00,2026-09-14T15:22:57.669396+00:00,958,crypto_global_watch_1
1286980,29196,"⭐ REZ /USDT — LONG

💵 ENTRY: 0.004500-0.004000

⚙️...o

📌 Follow the setup and manage your risk wisely.",2b2161e08ddca31aacb6b327468547f8,2026-09-14T14:27:52+00:00,2026-09-14T15:22:57.597664+00:00,958,crypto_global_watch_1
1286979,29191,"⭐ AVAAI /USDT — LONG

💵 ENTRY: 0.01170-0.01110

⚙️...o

📌 Follow the setup and manage your risk wisely.",f8a3e4ec3226a12cd6edab953be7ee8c,2026-09-14T14:27:52+00:00,2026-09-14T15:22:57.462464+00:00,958,crypto_global_watch_1
1286977,29180,"Short lsk 0.4535 50x

Tp 1 0.4350",533bb9ad13d2accfae3ccfee80dcebd1,2026-09-14T14:27:52+00:00,2026-09-14T15:22:57.441476+00:00,958,crypto_global_watch_1
1286973,29179,"EXCHANGE/BYBIT/BITUNIX/OKX📌 


DAY TRADE 🏆

SHORT/...agement 🏆


Use only 5% of your 📈Available balance",913345ab73a091d7cdebbcf4e5470712,2026-09-14T14:12:51+00:00,2026-09-14T15:22:57.381439+00:00,958,crypto_global_watch_1
1294925,29227,"BTC/USD SELL 

Entry : $  78350

Target1: $  77600
Target2: $ 76900
Target3: $ 75035

SL : $ 79400",954f2f0ab6c1ba89fcb6f1f57b97dc56,2026-09-14T17:18:27+00:00,2026-09-14T18:05:18.804664+00:00,958,crypto_global_watch_1
1294921,29225,"TAO/USDT by request 

HTF bullish, ada extreme dem...dulu sambil tunggu harga ke area demand extremenya",8571047c69c6009bc397e0b3bfbc15ce,2026-09-14T17:18:27+00:00,2026-09-14T18:05:18.762156+00:00,958,crypto_global_watch_1
1291060,29218,"BTC/USD SELL 

Entry : $  78350

Target1: $  77600
Target2: $ 76900
Target3: $ 75035

SL : $ 79400",954f2f0ab6c1ba89fcb6f1f57b97dc56,2026-09-14T16:41:44+00:00,2026-09-14T16:45:14.058627+00:00,958,crypto_global_watch_1
1291059,29220,"🔴SHORT  #BTCUSDT

🔶 Entry : 78700 - 78800

➡️ Leve...ake Profit Targets :

👉 78000

🛑 Stop Loss : 79600",3687e8199fd05698c5a2ba493b22affd,2026-09-14T16:41:44+00:00,2026-09-14T16:45:14.053679+00:00,958,crypto_global_watch_1
1291062,29207,"➡️ #MTL     /USDT (LONG) 🔼🔼

⌛LEVERAGE : 20X TO 75...



💥Use only 1%margin of your total portfolio❤️😘😇",53c93c56ba27e1aaf32ecab0cff6605f,2026-09-14T16:39:26+00:00,2026-09-14T16:45:14.078407+00:00,958,crypto_global_watch_1
1291063,29206,"🚀 #AIOUSDT LONG SIGNAL 🚀  LEVERAGE 50X-75X

📌 ENTR...ch this move together!

🔓 Trade Smart • Trade Safe",e13c2d1ea1b3a912c044577efc90ad21,2026-09-14T16:38:19+00:00,2026-09-14T16:45:14.080561+00:00,958,crypto_global_watch_1
1291061,29204,"LONG — UNI

Entry: 6.353

Targets: 6.418 / 6.527 /... / 6.997

Stop: 6.034

Move SL to entry after TP1.",997bd100be3d8c97a00a9a36eb62c759,2026-09-14T16:38:19+00:00,2026-09-14T16:45:14.064401+00:00,958,crypto_global_watch_1
1291053,29205,AIO LONG 0.03935 TP1 0.04020,34e2ed19a01cfa5e94d168bf842826a7,2026-09-14T16:38:19+00:00,2026-09-14T16:45:13.978025+00:00,958,crypto_global_watch_1
1297612,29247,"💰#ARK/ USDT👑

💎Setup Type: Strong LONG  🔖Opportuni...

🥉TP ➝ 0.2350

4️⃣TP ➝ 0.3000

🚫Stop Loss: 0.1000",7e0b20847d1458402dca4d29bd312d0a,2026-09-14T19:15:36+00:00,2026-09-14T19:25:34.655534+00:00,958,crypto_global_watch_1
1297614,29246,"🔴 SHORT

#XRP/USDT

Entry : 

1) 1.4540
2) 1.4976
...1.3534

🛑 Stop : 1.5456

Leverage : 10x (isolated)",cc417a8a3679ae430043c17d72e70943,2026-09-14T18:57:17+00:00,2026-09-14T19:25:34.662980+00:00,958,crypto_global_watch_1
1297608,29243,"LONG

ASTER/USDT

MARKET PRICE 

Leverage: 10X

TP...5% of capital 

Always use proper risk management.",16cfbe70de8b0b7b2f2f604f655d00ce,2026-09-14T18:57:17+00:00,2026-09-14T19:25:34.630638+00:00,958,crypto_global_watch_1
1298647,29250,"⭐ UNI /USDT — LONG

💵 ENTRY: 6.700-5.800

⚙️ LEVER...o

📌 Follow the setup and manage your risk wisely.",08391496805cdf581484591c86ce348e,2026-09-14T20:38:52+00:00,2026-09-14T20:42:10.404246+00:00,958,crypto_global_watch_1
1298644,29248,"📊 4/USDT — LONG 

📍 ENTRY: CMP

🎯 TARGET 1: 0.25
🎯...Manage your risk & trade responsibly.

🔥 LET’S GO!",6ad4bec04679d85ac833d1b0f19b1ea6,2026-09-14T20:38:52+00:00,2026-09-14T20:42:10.383502+00:00,958,crypto_global_watch_1
1299182,29253,"⭐ NIL /USDT — LONG

💵 ENTRY: 0.04250-0.03600

⚙️ L...o

📌 Follow the setup and manage your risk wisely.",03762c91f3565ed793a8fa52a2e822a2,2026-09-14T21:34:05+00:00,2026-09-14T21:58:34.577561+00:00,958,crypto_global_watch_1
1299181,29252,"⭐ VELODROME /USDT — LONG

💵 ENTRY: 0.02500-0.02000...o

📌 Follow the setup and manage your risk wisely.",62f57c71adcfbf0844461fe6a1eabd23,2026-09-14T21:34:05+00:00,2026-09-14T21:58:34.562494+00:00,958,crypto_global_watch_1
1301964,29281,"🐳 AIO/USDT #LONG🐳

✳️ ENTRY :- 0.042 - 0.040

💢 LE...05000

⛔️ STOP-LOSS :- 0.03800

☝️ Margin Use 2–3%",c5c67098b1edde28d47b02e67784dca3,2026-09-15T06:29:55+00:00,2026-09-15T07:21:31.248109+00:00,958,crypto_global_watch_1
1301950,29284,"🚀 LONG: $AXL/USDT🚀
LEVERAGE: 20X-50X

🤍 ENTRY PRIC...060- 0.065
—————

❌ STOP LOSS: 0.04650❌

REACTIONS",056c11889fafacfdb39fd6fc180bedda,2026-09-15T06:29:55+00:00,2026-09-15T07:21:31.167825+00:00,958,crypto_global_watch_1
1301948,29283,"📊#POWER/USDT — SHORT

⚡️ Leverage : 10X – 20X

💹En...Entry After TP1

⚖️ Follow Proper Risk Management.",4310f9cc8d4e158c0c49858b343a05d5,2026-09-15T06:29:55+00:00,2026-09-15T07:21:31.153549+00:00,958,crypto_global_watch_1
1301947,29285,"Coin #EVAA/USDT

Position: LONG 

Leverage:  Cross...0.50

Targets: 🎯 0.54, 0.57, 0.62

Stop Loss: 0.48",c405a3497022f3540547125a13d7d289,2026-09-15T06:29:55+00:00,2026-09-15T07:21:31.149385+00:00,958,crypto_global_watch_1
1301944,29282,"🚀 $ELSA/USDT PERP 🚀

🟢 LONG

💰 Entry : 0.0525$ – 0...5X – 25X

⛔️ SL : 0.0480$

📌 Use Only 2-5% Capital",e32235d689456bae52fceaefa0b5ed6a,2026-09-15T06:29:55+00:00,2026-09-15T07:21:31.065751+00:00,958,crypto_global_watch_1
1301969,29262,"VETUSDTUSDT  
Exchanges: BINGX 

🟢 Long
Leverage- ....00884000
6) 0.00955000
7) 🚀🚀🚀 

⛔️ SL:
0.00717900",92d9d0a06958f1ab2476396cb73d973c,2026-09-15T06:29:54+00:00,2026-09-15T07:21:31.259179+00:00,958,crypto_global_watch_1
1301968,29277,"🟢 Long

#ETC/USDT

Entry : 

1) 7.462
2) 7.238

Ta...) 7.972

🛑 Stop : 6.991

Leverage : 10x (isolated)",6c6f5b9d4852f867748dc085929323f5,2026-09-15T06:29:54+00:00,2026-09-15T07:21:31.257924+00:00,958,crypto_global_watch_1
1301967,29268,"✅ Long

#TRX/USDT

Entry zone : 0.32866 - 0.33883
...37084
0.38096

Stop loss :0.3151119

Leverage: 10x",73bd4c9c9f26b96f937a8f23c1799801,2026-09-15T06:29:54+00:00,2026-09-15T07:21:31.252779+00:00,958,crypto_global_watch_1
1301966,29274,"$BTC LONG🟢 (25x Lev)

Entry -  77600$- 77000$

Targets

1)78500
2)79500$

SL- 76300$",5ffb37de85069038478def3b27fc9eb7,2026-09-15T06:29:54+00:00,2026-09-15T07:21:31.252175+00:00,958,crypto_global_watch_1
1301965,29260,"SOL/ USDT/ SHORT
Entry at market price 

Cross || ...only 1% of your wallet. 
Manage your risk properly",491afa183c22797e0e750314e777bf0e,2026-09-15T06:29:54+00:00,2026-09-15T07:21:31.249333+00:00,958,crypto_global_watch_1
1301962,29270,"🚀 #ACUUSDT LONG SIGNAL 🚀  LEVERAGE 50X-75X

📌 ENTR...ch this move together!

🔓 Trade Smart • Trade Safe",dde3982e9adbf66b05a5056a56e0ea24,2026-09-15T06:29:54+00:00,2026-09-15T07:21:31.228911+00:00,958,crypto_global_watch_1
1301961,29266,"🟢AIN/USDT 📈

📈 long Setup 

💰 Entry Zone: 0.154–0....et 1. 
✅ Move SL to breakeven after Target 1 hits.",1ae2aa5eaa385f5f2b768d7a8617e7df,2026-09-15T06:29:54+00:00,2026-09-15T07:21:31.228103+00:00,958,crypto_global_watch_1
1301960,29261,"BTC/ USDT/ SHORT
Entry at market price 

Cross || ...only 1% of your wallet. 
Manage your risk properly",8772a0b7818783fcc7ee67ef57af3c32,2026-09-15T06:29:54+00:00,2026-09-15T07:21:31.223623+00:00,958,crypto_global_watch_1
1301959,29280,"🔰 CAP/USDT 🔰

🔴 SHORT 20X

🔳 ENTRY :- 0.064

☑️ TARGET:- 0.062 - 0.058 - 0.052

🔴 STOP :- 0.072",d69f68c1e9f6e1c13dbcd2d64971f546,2026-09-15T06:29:54+00:00,2026-09-15T07:21:31.208639+00:00,958,crypto_global_watch_1
1301958,29279,"❖ POWER/USDT

❖ SHORT [ 10×20 ]

➤ Entry Zone:- 0.... TP2: 0.1750
▪️ TP3: 0.1600

➤ Stop Loss :- 0.2070",21f626cdbc5d107f3eefa40eb9b92846,2026-09-15T06:29:54+00:00,2026-09-15T07:21:31.206604+00:00,958,crypto_global_watch_1
1301957,29269,"✅ Long

#BTC/USDT

Entry zone : 75567.07 - 77904.2...6.14
87591.58

Stop loss :72450.906

Leverage: 10x",7fb67c5014d332162fa9f74ff780d1e8,2026-09-15T06:29:54+00:00,2026-09-15T07:21:31.205064+00:00,958,crypto_global_watch_1
1301956,29273,"🪙 Coin: #AIO/USDT
🧭 Type: #LONG

📈 Entry Zone:
0.0... within the zone and maintain strict risk control.",64fa185a33b7153366dc99e2d4c29bc4,2026-09-15T06:29:54+00:00,2026-09-15T07:21:31.202296+00:00,958,crypto_global_watch_1
1301955,29267,"#LONG 🟢🔤🔤🔤🔤🔤

#PONS/USDT

Margin Mode : Isolated 💎...4

🟥 SL : 0.5997 - 100%   

📊 LEV : 20X

🇯🇵Premium",8b4ff6ed134f4bf0f18c0ac045602730,2026-09-15T06:29:54+00:00,2026-09-15T07:21:31.201376+00:00,958,crypto_global_watch_1
1301954,29278,"🟢 Long

#QTUM/USDT

Entry : 

1) 0.921600
2) 0.893...4651

🛑 Stop : 0.863539

Leverage : 10x (isolated)",95baa705e0ba3d3d4997860da4a650d0,2026-09-15T06:29:54+00:00,2026-09-15T07:21:31.199940+00:00,958,crypto_global_watch_1
1301953,29275,"$REZ/USDT #SHORT📩

✅ENTRY :-0.004050/0.0042

Targe...𝐎𝐧𝐥𝐲 𝟏-𝟑% 𝐎𝐟 𝐎𝐮𝐫 𝐃𝐞𝐩𝐨𝐬𝐢𝐭 𝐅𝐨𝐫 𝐄𝐚𝐜𝐡 𝐓𝐫𝐚𝐝𝐞

React,??m",8a9b2094707c50a2664ff172ea190e2a,2026-09-15T06:29:54+00:00,2026-09-15T07:21:31.198201+00:00,958,crypto_global_watch_1
1301952,29271,"📊#CTR/USDT–SHORT–20x 🚀

📍 𝐄𝐧𝐭𝐫𝐲 𝐙𝐨𝐧𝐞:

➥ 0.0121, 0...tal.

⚠️ Disclaimer:
Trade at your own risk. DYOR.",5ee3654a0bc089bf12b0072e978bc459,2026-09-15T06:29:54+00:00,2026-09-15T07:21:31.197043+00:00,958,crypto_global_watch_1
1301946,29276,"⚡ #ANKR/USDT

📥 Short 

💹 Buy: 0.004720 - 0.004902...- 0.004445

🧨 StopLoss: 0.004980 

🔘 Leverage: 20x",bd1c9545dd2ca5f05592266a4bfe3ea6,2026-09-15T06:29:54+00:00,2026-09-15T07:21:31.145672+00:00,958,crypto_global_watch_1
1301945,29265,"Coin #CAP /USDT

Position: LONG 

Leverage:  Cross...rgets: 🎯 0.0660, 0.0685, 0.0720

Stop Loss: 0.0600",fba91ec5a4c3eb21e4fad1096df3ddb4,2026-09-15T06:29:54+00:00,2026-09-15T07:21:31.136317+00:00,958,crypto_global_watch_1
1301949,29259,"#ONUSDT — BUY (LONG) 
🎉
🟢 Leverage: Cross  50x75

...Risk Management:
Use only 2%– 3%of your portfolio.",0ec57a25ee9a0f4dc1f66546f8ab9010,2026-09-15T05:59:36+00:00,2026-09-15T07:21:31.156968+00:00,958,crypto_global_watch_1
1301942,29258,"💰#SENT/ USDT👑

💎Setup Type: Strong LONG  🔖Opportun...TP ➝ 0.02500

4️⃣TP ➝ 0.03500

🚫Stop Loss: 0.01000",53812d3109e365baf13fc04f13308e64,2026-09-15T05:59:36+00:00,2026-09-15T07:21:30.990605+00:00,958,crypto_global_watch_1
1303327,29306,"⭐ AIN /USDT — SHORT

💵 ENTRY: 0.16000-0.18000

⚙️ ...o

📌 Follow the setup and manage your risk wisely.",cf7786ee11397b6aad9c8e8adf046bdb,2026-09-15T08:27:10+00:00,2026-09-15T08:39:03.806997+00:00,958,crypto_global_watch_1
1303323,29305,"#METIS | SHORT SETUP

💰 Entry: $2.959

🎯 Target1: ...t4: $2.84656
🎯 Target5: $2.80513

🛡 STOP: $3.10695",5d1140d7033c752d15d88e40d66f36f4,2026-09-15T08:27:10+00:00,2026-09-15T08:39:03.787941+00:00,958,crypto_global_watch_1
1303325,29297,"📊 Let’s SHORT #AIN/USDT

💥 Leverage:  Cross 20×  -...: 

1) 0.160
2) 0.155
3) 0.145

🔖 Stop Loss: 0.182",f8bde95e30a688c9796a9d8cd49534fe,2026-09-15T08:27:09+00:00,2026-09-15T08:39:03.798768+00:00,958,crypto_global_watch_1
1303324,29300,AINUSDT SHORT NOW,7f2392fce7635f756e43bb5deaa4535a,2026-09-15T08:27:09+00:00,2026-09-15T08:39:03.791053+00:00,958,crypto_global_watch_1
1303322,29299,"⭐️$AKE/USDT  SHORT

🛡Leverage : Cross 25x50

‼️Ent...022119

Use only 3% - 5% amount of your portfolio🛍",ed8ca6b6b526556c53764059ee9b2715,2026-09-15T08:27:09+00:00,2026-09-15T08:39:03.784589+00:00,958,crypto_global_watch_1
1303318,29301,"⭐️$AIN/USDT  SHORT

🛡Leverage : Cross 25x50

‼️Ent....19074

Use only 3% - 5% amount of your portfolio🛍",5e203db389e02618a415a2973f51f26a,2026-09-15T08:27:09+00:00,2026-09-15T08:39:03.771570+00:00,958,crypto_global_watch_1
1303317,29294,"Coin #ACE/USDT

Position: LONG 

Leverage:  Cross ...rgets: 🎯 0.1620, 0.1700, 0.1835

Stop Loss: 0.1470",c9c5b73e8b07b5a7d1f9d563287488f4,2026-09-15T08:27:09+00:00,2026-09-15T08:39:03.768277+00:00,958,crypto_global_watch_1
1303316,29295,"👑 #CAP /USDT — TRADE LONG

LEVERAGE 25X TO 50X

🤑 ...

⛔️ STOP LOSS: 0.05700

⚡️ NO FEAR — JUST PROFITS",f645d832ff42a394c808b05230a6e914,2026-09-15T08:27:09+00:00,2026-09-15T08:39:03.751806+00:00,958,crypto_global_watch_1
1303315,29288,"⭐ ON /USDT — LONG

💵 ENTRY: 0.14500-0.13770

⚙️ LE...o

📌 Follow the setup and manage your risk wisely.",3069a2411847d1fa4f7e3a207619c23d,2026-09-15T08:27:09+00:00,2026-09-15T08:39:03.748943+00:00,958,crypto_global_watch_1
1303312,29293,"#USUSDT — BUY (LONG) 
🎉
🟢 Leverage: Cross  50x75

...Risk Management:
Use only 2%– 3%of your portfolio.",b1015012deaf740dc9005bb5590e1085,2026-09-15T08:27:09+00:00,2026-09-15T08:39:03.710357+00:00,958,crypto_global_watch_1
1303310,29290,"✅Entry 0.004820-0.004700

(🆘LONG TUSDT 5-20x🆘)

🏹 ....005070
🏹Target 6  $0.005120

🚫Stop loss -0.004548",e7181b083865ae1c2a3c2f8d7b186bed,2026-09-15T08:27:09+00:00,2026-09-15T08:39:03.663606+00:00,958,crypto_global_watch_1
1303308,29286,"✨LIT/USDT

🎗 Trade Type = SHORT 🔴

⭐️ Leverage :- ...fit = [ 4.315, 4.273, 4.218, 4.174, 4.132, 4.081 ]",de8f2d22e3058558672c88ffac668640,2026-09-15T08:27:09+00:00,2026-09-15T08:39:03.641970+00:00,958,crypto_global_watch_1
1303959,29327,"#BTC

long CMP

sl 75824
Tp 81024

Apply risk management",9fe61b9d8bdd723928a489d86c9f4d15,2026-09-15T09:51:18+00:00,2026-09-15T10:03:59.903495+00:00,958,crypto_global_watch_1
1303950,29326,"💰#POWER/ USDT👑

💎Setup Type: Strong LONG  🔖Opportu...TP ➝ 0.25000

4️⃣TP ➝ 0.35000

🚫Stop Loss: 0.12000",57a77fbb99042bbadb2b5b587e5dcc7c,2026-09-15T09:51:18+00:00,2026-09-15T10:03:59.872693+00:00,958,crypto_global_watch_1
1303960,29324,"BTC/USDT Long  | 

Entry  :  76900 

TP   :  77500 / 78000 / 78500

SL  :  76000 | Risk 3% to 5%",eea1dc2e4b5af5a8dd221020dc26d3ca,2026-09-15T09:37:32+00:00,2026-09-15T10:03:59.905380+00:00,958,crypto_global_watch_1
1303955,29323,"✅ Long

Pair: #BAT/USDT

📊 Entry Price: 

1) 0.074...) 0.079906

Stop Loss: 0.070078

Leverage: 10x-20x",1c2aa9cb5022dba9f218b339e5070c4b,2026-09-15T09:37:32+00:00,2026-09-15T10:03:59.888910+00:00,958,crypto_global_watch_1
1303963,29320,"🔴 SHORT $UNI/USDT | Cross 19X

✅ Entry: 6.575

🎯 TP: 6.45 - 6.33 -  6.15 

🛑 SL: 6.85",5e78718a7f8a082849480dbce434ff74,2026-09-15T09:37:31+00:00,2026-09-15T10:03:59.924940+00:00,958,crypto_global_watch_1
1303962,29319,"Pair: #LIT/USDT

Short • (20X)

Entry
4.4612 - 4.5...t your own risk. Always use proper risk management",29d0346d44120f9d467eef1e2d0a023b,2026-09-15T09:37:31+00:00,2026-09-15T10:03:59.910040+00:00,958,crypto_global_watch_1
1303957,29318,"#PUNDIX/USDT

📈Signal: long Leverage: Cross 50X

⚡...even after TP1 is hit.

📣Trade Smart • Follow Risk",61136592d1d2b52378e79215374373a4,2026-09-15T09:10:22+00:00,2026-09-15T10:03:59.896671+00:00,958,crypto_global_watch_1
1303954,29315,"🪙#AVAAI/USDT

🚩POSITION — LONG

🔒  LEVERAGE — 20X7...10650
TP🥉: 0.010990

⛔️ SL: 0.009350

🔥REACTIONS?😜",9a1af9c9cc88a285743174e76be4052f,2026-09-15T08:58:35+00:00,2026-09-15T10:03:59.883706+00:00,958,crypto_global_watch_1
1303953,29313,"⭐ US /USDT — LONG

💵 ENTRY: 0.015800-0.015300

⚙️ ...o

📌 Follow the setup and manage your risk wisely.",a2bfa776b7dcbce21f3aba8b4f3889d5,2026-09-15T08:58:35+00:00,2026-09-15T10:03:59.881015+00:00,958,crypto_global_watch_1
1303952,29314,"#AVAAI/USDT LONG NOW 📉
🏠ENTRY: ( 0.010316 )",54131564e0223a2db49c25f9ab0ad238,2026-09-15T08:58:35+00:00,2026-09-15T10:03:59.879793+00:00,958,crypto_global_watch_1
1303951,29310,"ANKR/USDT

Short Short Short 

IST ENTRY AT MARKET...16 - 0.004570 

StopLoss: 0.004980 

Leverage: 16x",8fdf8d5ca56167d2f78f17652ecf5dd7,2026-09-15T08:49:18+00:00,2026-09-15T10:03:59.874944+00:00,958,crypto_global_watch_1
1303947,29309,"🟢TRUMP/USDT My Long Trade Setup

Leverage 50X

Ent....050

Stop Loss  :  1.920

Follow Money Management",dad9a46ab14d1cb0ea3a09a0788ddc41,2026-09-15T08:49:18+00:00,2026-09-15T10:03:59.777745+00:00,958,crypto_global_watch_1
1303946,29308,"🪙#B/USDT

🚩POSITION — SHORT

🔒  LEVERAGE — 20X75

...🥈: 0.2120
TP🥉: 0.2045

⛔️ SL: 0.2390

🔥REACTIONS?😜",3c7c8673c0f575a0a7d983642d91dbaf,2026-09-15T08:49:18+00:00,2026-09-15T10:03:59.743026+00:00,958,crypto_global_watch_1
1303945,29307,"#B/USDT SHORT NOW 📉
🏠ENTRY: ( 0.2192 )",02319bcf54b73c07a654deac1d68d5f0,2026-09-15T08:49:18+00:00,2026-09-15T10:03:59.684446+00:00,958,crypto_global_watch_1
1305921,29348,"⭐ XPIN /USDT — LONG

💵 ENTRY: 0.08450-0.08200

⚙️ ...o

📌 Follow the setup and manage your risk wisely.",feb87147d9874365456dd6079e1dce36,2026-09-15T11:27:03+00:00,2026-09-15T11:31:36.030062+00:00,958,crypto_global_watch_1
1305918,29346,"BTC/USDT

LONG LONG LONG 

OPEN MARKET PRICE 

TP 77100
TP 77500
TP 77800

SL 75900

LEV 45X",056e6da84f559aed787fa7c11ebb520b,2026-09-15T11:27:03+00:00,2026-09-15T11:31:36.009678+00:00,958,crypto_global_watch_1
1305916,29347,"Long #AIN 50x 0.16700

Tp: 0.17100",e96f6c49cdc0faff847dc0b666f43687,2026-09-15T11:27:03+00:00,2026-09-15T11:31:36.003142+00:00,958,crypto_global_watch_1
1305909,29345,"#ARIA/USDT

📈Signal: long Leverage: Cross 20X

⚡️E...even after TP1 is hit.

📣Trade Smart • Follow Risk",e4fbf0820b984db81094b14d28d0e5a6,2026-09-15T11:27:03+00:00,2026-09-15T11:31:35.975908+00:00,958,crypto_global_watch_1
1305917,29342,"UNI/USDT

LONG LONG LONG 

OPEN MARKET PRICE 

TP ...740
TP 6.780
TP 6.840
TP 6.870

SL 6.2400

LEV 25X",eacf56b6903356b83de49c17187c87f7,2026-09-15T10:51:40+00:00,2026-09-15T11:31:36.004930+00:00,958,crypto_global_watch_1
1305920,29340,"#XPINUSDT — BUY (LONG) 
🎉
🟢 Leverage: Cross  50x75...Risk Management:
Use only 2%– 3%of your portfolio.",3b7f26dd3e379f97d95ae264affb2942,2026-09-15T10:35:10+00:00,2026-09-15T11:31:36.020770+00:00,958,crypto_global_watch_1
1305907,29341,"➡️ #AKE      /USDT (SHORT) 🔽🔽

⌛LEVERAGE : 20X TO ...5


💥Use only 1%margin of your total portfolio❤️😘😇",99680d5cde408f4e12d620403539ae40,2026-09-15T10:35:10+00:00,2026-09-15T11:31:35.940804+00:00,958,crypto_global_watch_1
1305919,29335,"⭐️$AIO/USDT  SHORT

🛡Leverage : Cross 25x50

‼️Ent....04733

Use only 3% - 5% amount of your portfolio🛍",d92c857e189ba9d4b56062ee00b35f62,2026-09-15T10:25:41+00:00,2026-09-15T11:31:36.011284+00:00,958,crypto_global_watch_1
1305915,29337,"🚀 LONG: $POWER/USDT🚀
LEVERAGE: 20X-50X

🤍 ENTRY PR...1740- 0.19
—————

❌ STOP LOSS: 0.1380❌


REACTIONS",aa9931f7d1818eeb6ea5307dd01bcaed,2026-09-15T10:25:41+00:00,2026-09-15T11:31:35.999694+00:00,958,crypto_global_watch_1
1305913,29336,"LONG

BTC/USDT

MARKET PRICE 

Leverage: 10X

TP: ...5% of capital 

Always use proper risk management.",c01c9bfb5f8f15277bd9dcafa969beaa,2026-09-15T10:25:41+00:00,2026-09-15T11:31:35.992907+00:00,958,crypto_global_watch_1
1305908,29333,"🚀 #HEMIUSDT LONG SIGNAL 🚀  LEVERAGE 50X-75X

📌 ENT...ch this move together!

🔓 Trade Smart • Trade Safe",6f5e1756bd2e409b20a7df7a3c28af5d,2026-09-15T10:17:47+00:00,2026-09-15T11:31:35.967640+00:00,958,crypto_global_watch_1
1305905,29330,"#POWERUSDT — BUY (LONG) 
🎉
🟢 Leverage: Cross  50x
...Risk Management:
Use only 2%– 3%of your portfolio.",4555de51edb515aeb9c79f6bc098e72b,2026-09-15T10:16:08+00:00,2026-09-15T11:31:35.931229+00:00,958,crypto_global_watch_1
1305902,29331,"🔰 PAIR: XRP/ USDT 💹

🟢Position: LONG🚀

☑️ Entry Zo...:
🥇 1.4086
🥈 1.4121
🥉 1.4183

❌ Stop Loss: 🔴1.3979",5ab343a157af7d9a6701583df840a534,2026-09-15T10:16:08+00:00,2026-09-15T11:31:35.886527+00:00,958,crypto_global_watch_1
1305901,29328,"🚀 LONG: $AIN/USDT
LEVERAGE: 50x

✔️ENTRY PRICE: 0....670-0.1740-0.1860

STOP LOSS:  0.1535


REACTIONS?",79ca36817ec32452b8fecd91fa1b04e6,2026-09-15T10:16:08+00:00,2026-09-15T11:31:35.792611+00:00,958,crypto_global_watch_1
1309163,29377,"⭐ POWER /USDT — LONG

💵 ENTRY: 0.16600-0.16000

⚙️...o

📌 Follow the setup and manage your risk wisely.",1957562ac0f614dd168732d25bb32542,2026-09-15T13:00:13+00:00,2026-09-15T13:13:09.886904+00:00,958,crypto_global_watch_1
1309162,29376,"⭐ BTW /USDT — LONG

💵 ENTRY: 0.72000-0.68400

⚙️ L...o

📌 Follow the setup and manage your risk wisely.",0105e23034623d3a72cbec31db4519f0,2026-09-15T13:00:13+00:00,2026-09-15T13:13:09.882207+00:00,958,crypto_global_watch_1
1309155,29378,"Coin #POWER /USDT

Position: LONG 

Leverage:  Cro...rgets: 🎯 0.1710, 0.1790, 0.1920

Stop Loss: 0.1530",128615ff99d110808dbc7e4a0f9f52ce,2026-09-15T13:00:13+00:00,2026-09-15T13:13:09.812725+00:00,958,crypto_global_watch_1
1309152,29374,"🪙#AXL/USDT

🚩POSITION — SHORT

🔒  LEVERAGE — 20X75...0.04520
TP🥉: 0.04260

⛔️ SL: 0.05450

🔥REACTIONS?😜",10983e9232ce55b2e435fd6c0b071800,2026-09-15T13:00:13+00:00,2026-09-15T13:13:09.767097+00:00,958,crypto_global_watch_1
1309151,29375,"💰#AKE/ USDT👑

💎Setup Type: Strong LONG  🔖Opportuni...➝ 0.027000

4️⃣TP ➝ 0.035000

🚫Stop Loss: 0.021000",1c870ccac35fc0ae82a157f3b790c679,2026-09-15T13:00:13+00:00,2026-09-15T13:13:09.764709+00:00,958,crypto_global_watch_1
1309149,29373,"#AXL/USDT SHORT NOW 📉
🏠ENTRY: ( 0.04757 )",0280f9a7b1614b5fe17a93a2dc996010,2026-09-15T13:00:13+00:00,2026-09-15T13:13:09.759910+00:00,958,crypto_global_watch_1
1309161,29372,"💰#BTW/ USDT👑

💎Setup Type: Strong LONG  🔖Opportuni...TP ➝ 1.15000

4️⃣TP ➝ 1.34000

🚫Stop Loss: 0.53000",69cec9d23a873717d6c71835c6f4ddec,2026-09-15T12:28:48+00:00,2026-09-15T13:13:09.871486+00:00,958,crypto_global_watch_1
1309153,29366,"#PLAYUSDT — BUY (LONG) 
🎉
🟢 Leverage: Cross  50x75...Risk Management:
Use only 2%– 3%of your portfolio.",00e5f59cae6be70ff161805e1196dcb9,2026-09-15T12:28:48+00:00,2026-09-15T13:13:09.797340+00:00,958,crypto_global_watch_1
1309143,29352,"📈 LONG #AKE/USDT 

🚀 LEVERAGE : 50x

📊 ENTRY PRICE...TP🟢0.0255

TP🟢0.0270

STOPLOSS 🔴0.0223

REACTIONS?",f3f27672d8d096d3a5d8eb26720ed0b3,2026-09-15T11:49:37+00:00,2026-09-15T13:13:09.664071+00:00,958,crypto_global_watch_1
1309142,29353,"Coin #BTW /USDT

Position: LONG 

Leverage:  Cross...rgets: 🎯 0.7550, 0.7900, 0.8350

Stop Loss: 0.6800",15e6a81013566c3b9e71b97a74dd55bb,2026-09-15T11:49:37+00:00,2026-09-15T13:13:09.651132+00:00,958,crypto_global_watch_1
1309139,29351,"🔘 Coin : #SAGA/USDT 🔘

🔴 SHORT

🔺Entry🔻: 0.02031

... - 0.01928

♦️ StopLoss : 0.02124

🔱 Leverage: 25x",126ff9aa27cb9750d8784faf532e691d,2026-09-15T11:49:37+00:00,2026-09-15T13:13:09.625599+00:00,958,crypto_global_watch_1
1309138,29349,"Long #AIN 50x 0.17300

Tp: 0.17900",9c7e7b3e6f25d1e66ba65fe0b0102d2a,2026-09-15T11:49:37+00:00,2026-09-15T13:13:09.563999+00:00,958,crypto_global_watch_1
1314613,29404,"💫 Pair: ETH/USDT  💫

🔼 Direction: Long 🔼

✅ Levera...ke Profit: 2520.00 📈

⚠️ Stop Loss: 2330.00 ⚠️

📈📈",d2013a9f7ea23bf5e6a4f4991b6cdbb6,2026-09-15T15:13:05+00:00,2026-09-15T15:24:41.282809+00:00,958,crypto_global_watch_1
1314611,29403,"🔰 PAIR: ETH/ USDT 💹

🔴Position: SHORT🚀

☑️ Entry Z... Targets:
🥇 2420
🥈 2401
🥉 2387

❌ Stop Loss: 🔴2459",cb1326c2bcd0743bb43d7119a5f64be1,2026-09-15T15:13:05+00:00,2026-09-15T15:24:41.278739+00:00,958,crypto_global_watch_1
1314620,29401,"🚨 #CAKE/USDT | SHORT 

⚡Leverage: Cross 20x

🎯Entr... follow the signal and secure profits at targets.💎",79e8261601017f6977bb5ad9359bb9e9,2026-09-15T15:13:04+00:00,2026-09-15T15:24:41.312291+00:00,958,crypto_global_watch_1
1314615,29400,"🚨 #CAKE/USDT | SHORT 

⚡Leverage: Cross 20x

🎯Entr... follow the signal and secure profits at targets.💎",79e8261601017f6977bb5ad9359bb9e9,2026-09-15T15:03:19+00:00,2026-09-15T15:24:41.289806+00:00,958,crypto_global_watch_1
1314606,29399,"🚨 #FLOCK/USDT | SHORT 

⚡Leverage: Cross 20x

🎯Ent... follow the signal and secure profits at targets.💎",5511ada74fc55b35fe145e38b145741a,2026-09-15T14:40:57+00:00,2026-09-15T15:24:41.246387+00:00,958,crypto_global_watch_1
1314616,29396,"#CROSS/USDT LONG   

👉Leverage : Cross 10× To 30×
...  0.1342
2)  0.1390
3)  0.1480

⭕Stoploss : 0.1240",74369364066f544964212ae552ba04d5,2026-09-15T14:21:02+00:00,2026-09-15T15:24:41.292280+00:00,958,crypto_global_watch_1
1314607,29398,"🚀 LONG: $CROSS/USDT
LEVERAGE: 50x

✔️ENTRY PRICE: ...345-0.1400-0.1500

STOP LOSS:  0.1240


REACTIONS?",e4edc771ee21255f9e15cf178fe66b79,2026-09-15T14:21:02+00:00,2026-09-15T15:24:41.252105+00:00,958,crypto_global_watch_1
1314604,29397,"👑 #CROSS /USDT — TRADE LONG

LEVERAGE 25X TO 50X

...0

⛔️ STOP LOSS: 0.1240

⚡️ NO FEAR — JUST PROFITS",f0dd6d17e4e87bd98a99de3c816005e1,2026-09-15T14:21:02+00:00,2026-09-15T15:24:41.202750+00:00,958,crypto_global_watch_1
1314619,29391,"🚨 NEW TRADE SIGNAL 🚨

📊 AKE/USDT — LONG 

📍 ENTRY:...Manage your risk & trade responsibly.

🔥 LET’S GO!",abeb100b625bc948f49a5cbe03a8dbc3,2026-09-15T14:17:35+00:00,2026-09-15T15:24:41.299745+00:00,958,crypto_global_watch_1
1314614,29392,"ETH/USD BUY 

Entry : $ 2446.51

Target1: $  2468
... 2525
Target3: $ 2587
Target4: $ 2641

SL : $ 2393",a86d7d3758b0ac3f4a944f7c214372cf,2026-09-15T14:17:35+00:00,2026-09-15T15:24:41.288753+00:00,958,crypto_global_watch_1
1314612,29394,"🚀 #BLESSUSDT LONG SIGNAL 🚀  LEVERAGE 50X-75X

📌 EN...ch this move together!

🔓 Trade Smart • Trade Safe",198721ff0a71dbc124213f11da759b98,2026-09-15T14:17:35+00:00,2026-09-15T15:24:41.280628+00:00,958,crypto_global_watch_1
1314609,29393,BLESS LONG 0.009010 TP1 0.009200,2b35ba7030910146671306ae17ec9258,2026-09-15T14:17:35+00:00,2026-09-15T15:24:41.260720+00:00,958,crypto_global_watch_1
1314617,29389,"$FETUSDT

SHORT

RR : 2

LEVERAGE : 20x

ENTRY : 0...603

TAKE PROFITS 👇

1️⃣ 0.1520

STOPLOSS : 0.1643",44d097dbc4d26884e4f8ef56e1dc2ac5,2026-09-15T14:15:40+00:00,2026-09-15T15:24:41.294592+00:00,958,crypto_global_watch_1
1314608,29388,"#POWER/USDT LONG  ( SPOT ) 

👉Leverage : Cross 10×...

1)  0.205
2)  0.220
3)  0.250

⭕Stoploss : 0.145",ae6bc0c4739800783b3417fbd8eed497,2026-09-15T14:15:40+00:00,2026-09-15T15:24:41.255727+00:00,958,crypto_global_watch_1
1314605,29386,"📉 SHORT #IDOL/USDT 

🚀 LEVERAGE : 50x

📊 ENTRY PRI...P🟢0.0100

TP🟢0.0095

STOPLOSS 🔴0.0114


REACTIONS?",92d0228bfb9b92c47626805281e85e61,2026-09-15T14:15:40+00:00,2026-09-15T15:24:41.231340+00:00,958,crypto_global_watch_1
1314601,29385,"⭐ POWER /USDT — LONG

💵 ENTRY: 0.17700-0.16700

⚙️...o

📌 Follow the setup and manage your risk wisely.",4af5a6a7d2e8bef14726bd435b71d87d,2026-09-15T13:40:01+00:00,2026-09-15T15:24:41.160323+00:00,958,crypto_global_watch_1
1314600,29381,"#SHORT 🔴 🔤🔤🔤🔤🔤

#XLM/USDT 

Margin Mode : Isolated...840

🟩 SL : 0.2002 - 100%

📊 LEV : 30X

🇯🇵 Premium",b2b0a8c19f6a3928af1f3c1ffa1f7f67,2026-09-15T13:40:00+00:00,2026-09-15T15:24:41.127794+00:00,958,crypto_global_watch_1
1314599,29380,"💫 Pair: EIGEN/USDT  💫

🔼 Direction: Long 🔼

✅ Leve... Take Profit: 0.2160 📈

⚠️ Stop Loss: 0.190 ⚠️

📈📈",e2c4ae39e4bcfcecb5c23c0230b9373b,2026-09-15T13:40:00+00:00,2026-09-15T15:24:41.092986+00:00,958,crypto_global_watch_1
1314598,29379,"#POWER / USDT — BUY (LONG) 
Leverage: Cross 25x – ...T IS KEY
👉 Use ONLY 2 – 3% of your total portfolio",cf630ef8aabe81cca9e86765e00a3a03,2026-09-15T13:40:00+00:00,2026-09-15T15:24:41.058845+00:00,958,crypto_global_watch_1
1347223,29455,📉 SHORT BTC/USDT NOW ✔️,569381a0050804c9f14b4064e5485461,2026-09-16T02:53:36+00:00,2026-09-16T03:01:25.004754+00:00,958,crypto_global_watch_1
1347219,29456,"📉 SHORT #BTC/USDT 

🚀 LEVERAGE : 150x

📊 ENTRY PRI...

TP🟢74000

TP🟢73000

STOPLOSS 🔴78000


REACTIONS?",678e0ec7d08c1f89f25650d62394f953,2026-09-16T02:53:36+00:00,2026-09-16T03:01:24.982938+00:00,958,crypto_global_watch_1
1347218,29457,"➡️ #G     /USDT (LONG) 🔼🔼

⌛LEVERAGE : 20X TO 75X
...8


💥Use only 1%margin of your total portfolio❤️😘😇",a981b6efb09dfa3b921c7d837acd3a18,2026-09-16T02:53:36+00:00,2026-09-16T03:01:24.980755+00:00,958,crypto_global_watch_1
1347217,29453,"⚡️ SUI/USDT ⚡️

🔻 SCALP LONG

💎 Leverage: 10x – 50...ss: $0.6490

⚠️ Trade with proper risk management.",6d4f03c103098ad08ee61ceda3ed56f4,2026-09-16T02:53:36+00:00,2026-09-16T03:01:24.877414+00:00,958,crypto_global_watch_1
1353819,29537,"#SYN/USDT

📈Signal: long Leverage: Cross 20X

⚡️En...even after TP1 is hit.

📣Trade Smart • Follow Risk",9f9538e0c993756b6ceecf7bce4b68e6,2026-09-16T08:48:41+00:00,2026-09-16T08:48:57.629374+00:00,958,crypto_global_watch_1
1353821,29536,"⭐ SYN /USDT — LONG

💵 ENTRY: 0.18000-0.16000

⚙️ L...o

📌 Follow the setup and manage your risk wisely.",f8e826f259b0237bbfd71e229d76247b,2026-09-16T08:33:34+00:00,2026-09-16T08:48:57.632641+00:00,958,crypto_global_watch_1
1353810,29535,"SYNUSDTUSDT  
Exchanges: BINGX 

🟢 Short
Leverage-...600.00
5) 1500.00
6) 50.00
7) 🚀🚀🚀 

⛔️ SL:
2000.00",554026f3334188270fb48ded146688b2,2026-09-16T08:33:34+00:00,2026-09-16T08:48:57.595494+00:00,958,crypto_global_watch_1
1353827,29532,"🚀 LONG: $SYN/USDT🚀
LEVERAGE: 20X-50X

🤍 ENTRY PRIC...- 0.22- 0.25
—————

❌ STOP LOSS: 0.15❌


REACTIONS",ab895ac992f32b7a16221f1f552bd5d2,2026-09-16T08:13:36+00:00,2026-09-16T08:48:57.686470+00:00,958,crypto_global_watch_1
1353804,29533,"#LSK/ USDT — BUY (LONG) 
Leverage: Cross 25x – 50x...T IS KEY
👉 Use ONLY 2 – 3% of your total portfolio",34fbad4e11036c6e660e1367aa06afba,2026-09-16T08:13:36+00:00,2026-09-16T08:48:57.562374+00:00,958,crypto_global_watch_1
1353797,29529,"🔴 Short

Pair: #ZIL/USDT

📊 Entry Price: 

1) 0.00...0.0027775

Stop Loss: 0.0031719

Leverage: 10x-20x",8d6c17942bbe213fa6dabed51999051e,2026-09-16T08:13:36+00:00,2026-09-16T08:48:57.531104+00:00,958,crypto_global_watch_1
1353788,29531,"⭐️$HEMI/USDT  SHORT

🛡Leverage : Cross 25x50

‼️En...007227

Use only 3% - 5% amount of your portfolio🛍",812cf40dab7dc8863af4e2ceffe0dbf4,2026-09-16T08:13:36+00:00,2026-09-16T08:48:57.448014+00:00,958,crypto_global_watch_1
1353815,29528,"#SYN/USDT LONG   

👉Leverage : Cross 10× To 30×

E...fit

1)  0.22
2)  0.24
3)  0.27

⭕Stoploss : 0.193",9faeff9f493eabad052f461d6d0cbb16,2026-09-16T08:08:16+00:00,2026-09-16T08:48:57.617346+00:00,958,crypto_global_watch_1
1353823,29524,#AKE SHORT 0.286,f01e0781830910162599696e232d4b7c,2026-09-16T07:53:42+00:00,2026-09-16T08:48:57.653726+00:00,958,crypto_global_watch_1
1353822,29525,"📊 Let’s SHORT #AKE/USDT

💥 Leverage:  Cross 20×  -... 

1) 0.028
2) 0.027
3) 0.026

🔖 Stop Loss: 0.0306",b61a585eeffa0f0c90c06e8c9370cd94,2026-09-16T07:53:42+00:00,2026-09-16T08:48:57.649086+00:00,958,crypto_global_watch_1
1353814,29522,"👑 #LSK/USDT — TRADE LONG

LEVERAGE 25X TO 50X

👌 E...0

⛔️ STOP LOSS: 0.4750

⚡️ NO FEAR — JUST PROFITS",a4c6280fc6b9dc2dab7e9799f628fc7d,2026-09-16T07:53:42+00:00,2026-09-16T08:48:57.610180+00:00,958,crypto_global_watch_1
1353802,29526,"🟢 Long

#CRV/USDT

Entry : 

1) 0.313300
2) 0.3039...4734

🛑 Stop : 0.293562

Leverage : 10x (isolated)",b7092c134ba46384e622978ca055872e,2026-09-16T07:53:42+00:00,2026-09-16T08:48:57.558444+00:00,958,crypto_global_watch_1
1353825,29505,"💵 𝐒𝐈𝐆𝐍𝐀𝐋 𝐀𝐋𝐄𝐑𝐓 💵

#VTHO/USDT (25xLONG)

✅ ENTRY:0....S:-0.0007350/0.00078/0.00084

❌ STOP LOSS: 0.00061",54e633222dee6d17a6e08b5945f201ea,2026-09-16T07:21:46+00:00,2026-09-16T08:48:57.663177+00:00,958,crypto_global_watch_1
1353824,29498,"MARSCOINUSDTUSDT  
Exchanges: BINGX 

🟢 Long
Lever....12830000
6) 0.13856000
7) 🚀🚀🚀 

⛔️ SL:
0.09500000",d4282b899642f5f0d63e3f0ba1efe4b6,2026-09-16T07:21:46+00:00,2026-09-16T08:48:57.657206+00:00,958,crypto_global_watch_1
1353818,29511,"⭐ USELESS /USDT — LONG

💵 ENTRY: 0.23780-0.21400

...o

📌 Follow the setup and manage your risk wisely.",3b2182b7b7c9fb647462930b1fb60db8,2026-09-16T07:21:46+00:00,2026-09-16T08:48:57.628512+00:00,958,crypto_global_watch_1
1353816,29509,LSK LONG 0.5120 TP1 0.5235,071a4ac3d1d53fbff43937a7c1accb8f,2026-09-16T07:21:46+00:00,2026-09-16T08:48:57.623522+00:00,958,crypto_global_watch_1
1353813,29507,"$REZ/USDT #SHORT📩

✅ENTRY :-0.003550/0.003670

Tar...𝐎𝐧𝐥𝐲 𝟏-𝟑% 𝐎𝐟 𝐎𝐮𝐫 𝐃𝐞𝐩𝐨𝐬𝐢𝐭 𝐅𝐨𝐫 𝐄𝐚𝐜𝐡 𝐓𝐫𝐚𝐝𝐞

React,??m",c545d08bc713c392155ac4756f4e7da8,2026-09-16T07:21:46+00:00,2026-09-16T08:48:57.608180+00:00,958,crypto_global_watch_1
1353812,29501,"⚡️⚡️ #AEVO/USDT ⚡️⚡️
Exchanges: Bingx 
Signal Type...
5) 0.01966
6) 0.01935
7) 🚀🚀🚀

Stop Targets:
5-10%",9866aaaa9106e681766922f2e3ec0f1f,2026-09-16T07:21:46+00:00,2026-09-16T08:48:57.605777+00:00,958,crypto_global_watch_1
1353809,29510,"🚀 #LSKUSDT LONG SIGNAL 🚀  LEVERAGE 50X-75X

📌 ENTR...ch this move together!

🔓 Trade Smart • Trade Safe",123dd76ab432a29d7ee9b8edd163c8c6,2026-09-16T07:21:46+00:00,2026-09-16T08:48:57.587348+00:00,958,crypto_global_watch_1
1353806,29495,"📊#ARB/USDT — LONG

⚡️ Leverage : 10X – 30X

💹Entry...Entry After TP1

⚖️ Follow Proper Risk Management.",28200376abee0abc75d113a527f5e08c,2026-09-16T07:21:46+00:00,2026-09-16T08:48:57.569123+00:00,958,crypto_global_watch_1
1353803,29508,"🔴 SHORT

#DASH/USDT

Entry zone : 53.74 - 52.18

T....77
47.19
45.62

Stop loss :55.8326

Leverage: 10x",84ae2f50fc3e18747b229c09e72aaa5a,2026-09-16T07:21:46+00:00,2026-09-16T08:48:57.560606+00:00,958,crypto_global_watch_1
1353801,29502,"⚡️⚡️ #AERO/USDT ⚡️⚡️
Exchanges: Bingx 
Signal Type...
5) 0.49557
6) 0.48766
7) 🚀🚀🚀

Stop Targets:
5-10%",dcfc46e0fcb2124562613734c001f1f6,2026-09-16T07:21:46+00:00,2026-09-16T08:48:57.556176+00:00,958,crypto_global_watch_1
1353798,29500,"⚡️⚡️ #APEX/USDT ⚡️⚡️
Exchanges: Bingx 
Signal Type...
5) 0.19759
6) 0.19444
7) 🚀🚀🚀

Stop Targets:
5-10%",74daad27833158d7ff308d235852cae5,2026-09-16T07:21:46+00:00,2026-09-16T08:48:57.535161+00:00,958,crypto_global_watch_1
1353795,29503,"⚡️⚡️ #ASTR/USDT ⚡️⚡️
Exchanges: Bingx 
Signal Type...
5) 0.00600
6) 0.00590
7) 🚀🚀🚀

Stop Targets:
5-10%",1471f37d2000764688993109457f19d0,2026-09-16T07:21:46+00:00,2026-09-16T08:48:57.499665+00:00,958,crypto_global_watch_1
1353793,29506,"BCH-USD  
Exchanges: BYBIT

🔴 Long 
Leverage- Cros... 283.30
5) 305.97
6) 330.45
7) 🚀🚀🚀 

⛔️ SL:
208.41",8e76171e469968692645cc954c26f3c4,2026-09-16T07:21:46+00:00,2026-09-16T08:48:57.488428+00:00,958,crypto_global_watch_1
1353790,29513,"📊 Let’s SHORT #SYN/USDT

💥 Leverage:  Cross 20×  -...: 

1) 0.135
2) 0.126
3) 0.114

🔖 Stop Loss: 0.156",6467b9db90400b1346f46a92c6cacb2e,2026-09-16T07:21:46+00:00,2026-09-16T08:48:57.466531+00:00,958,crypto_global_watch_1
1353789,29512,"🔴 SHORT

#ZEC/USDT

Entry zone : 1223.10 - 1187.48...74.07
1038.27

Stop loss :1270.6036

Leverage: 10x",9d08427b45adf80f5305eb91a029000d,2026-09-16T07:21:46+00:00,2026-09-16T08:48:57.449399+00:00,958,crypto_global_watch_1
1353785,29504,"AAVE-USD  
Exchanges: BYBIT

🔴 Long 
Leverage- Cro... 155.57
5) 168.02
6) 181.46
7) 🚀🚀🚀 

⛔️ SL:
114.45",ff8c54d763bd758f34a49fc489c29701,2026-09-16T07:21:46+00:00,2026-09-16T08:48:57.385998+00:00,958,crypto_global_watch_1
1353784,29493,"IOSTUSDTUSDT  
Exchanges: BINGX 

🟢 Long
Leverage-....00084000
6) 0.00091000
7) 🚀🚀🚀 

⛔️ SL:
0.00066688",3dc33c30f4a9ec0fd9bf461f710509e9,2026-09-16T07:21:46+00:00,2026-09-16T08:48:57.379204+00:00,958,crypto_global_watch_1
1353780,29489,"🚀 SHORT: $POWER/USDT🚀
LEVERAGE: 20X-50X

🤍 ENTRY P...1170- 0.1030
—————

❌ STOP LOSS: 0.15❌


REACTIONS",882e943c80e23df8830f19e85cdb407c,2026-09-16T07:21:45+00:00,2026-09-16T08:48:57.318591+00:00,958,crypto_global_watch_1
1353779,29491,"⌛#ADA/USDT  ( SHORT )

🍁 Leverage 👉 20X to 25X 

⛩...89 | 0.1871 | 0.1849 | 0.1822

🔕 Stoploss = 0.2014",f76cddb4307948d78e4804a6f528b0c0,2026-09-16T07:21:45+00:00,2026-09-16T08:48:57.312657+00:00,958,crypto_global_watch_1
1353778,29488,"📩TradingGain Range Alert

🟢 RANGE LONG!
📊 Coin: ZE...1218.4
🎯 TP2: 1277.9
🎯 TP3: 1337.5
📊 Win Rate: 75%",9e8a693484e926b9d14451f79b42f2c0,2026-09-16T07:21:45+00:00,2026-09-16T08:48:57.042349+00:00,958,crypto_global_watch_1
1355862,29584,"Long #BR 50x 0.4700

Tp: 0.4900",d9b05eacb610d55301f1a96159516305,2026-09-16T11:15:13+00:00,2026-09-16T11:18:03.774855+00:00,958,crypto_global_watch_1
1355873,29583,"📊 Let’s SHORT #AKE/USDT

💥 Leverage:  Cross 20×  -...1) 0.0325
2) 0.0350
3) 0.0385

🔖 Stop Loss: 0.0240",32c9bdc458be1a0f624c383a4dce2ae2,2026-09-16T11:13:40+00:00,2026-09-16T11:18:03.936046+00:00,958,crypto_global_watch_1
1355888,29579,"⭐ LSK /USDT — LONG

💵 ENTRY: 0.5800-0.5500

⚙️ LEV...o

📌 Follow the setup and manage your risk wisely.",23d443595f47626472e2d3415b9ebf16,2026-09-16T11:09:19+00:00,2026-09-16T11:18:03.992034+00:00,958,crypto_global_watch_1
1355883,29582,"Long #LSK 50x 0.6700

Tp: 0.6900",bdda5c9955438a53d9c0b70c45c98b80,2026-09-16T11:09:19+00:00,2026-09-16T11:18:03.966128+00:00,958,crypto_global_watch_1
1355879,29578,"Long #LSK 50x 0.6200

Tp: 0.6500",d399742674604cdb4e87663124cd3986,2026-09-16T11:09:19+00:00,2026-09-16T11:18:03.949163+00:00,958,crypto_global_watch_1
1355877,29580,"➡️ #HEI     /USDT (LONG) 🔼🔼

⌛LEVERAGE : 20X TO 75...0


💥Use only 1%margin of your total portfolio❤️😘😇",c3d7a2bc91a79de5606ee26bdd2fa5f1,2026-09-16T11:09:19+00:00,2026-09-16T11:18:03.943034+00:00,958,crypto_global_watch_1
1355874,29581,"ZECUSDTUSDT  
Exchanges: BINGX 

🟢 Long
Leverage- ...9.86
5) 1306.65
6) 1411.18
7) 🚀🚀🚀 

⛔️ SL:
1043.49",2131cf4c7b9561030cb872ced27ecde7,2026-09-16T11:09:19+00:00,2026-09-16T11:18:03.939081+00:00,958,crypto_global_watch_1
1355875,29577,"#LSKUSDT — BUY (LONG) 
🎉
🟢 Leverage: Cross  50x

⚡...Risk Management:
Use only 2%– 3%of your portfolio.",a367d50cdf1a1145e4a47d53bf4455a3,2026-09-16T10:57:54+00:00,2026-09-16T11:18:03.939934+00:00,958,crypto_global_watch_1
1355889,29573,"⭐️$LSK/USDT  LONG

🛡Leverage : Cross 25x50

‼️Entr....45994

Use only 3% - 5% amount of your portfolio🛍",6ed9a9c43e5b8ed0743e5b320fe5ee22,2026-09-16T10:56:03+00:00,2026-09-16T11:18:03.994720+00:00,958,crypto_global_watch_1
1355884,29574,"👑 #SYN/USDT — TRADE LONG

LEVERAGE 25X TO 50X

👌 E...0

⛔️ STOP LOSS: 0.1660

⚡️ NO FEAR — JUST PROFITS",194fce2d03862fdd2266a50ff8620ff7,2026-09-16T10:56:03+00:00,2026-09-16T11:18:03.966798+00:00,958,crypto_global_watch_1
1355881,29572,LSKUSDT LONG NOW,07887acd90ec447520841ce4b3124c9c,2026-09-16T10:56:03+00:00,2026-09-16T11:18:03.958866+00:00,958,crypto_global_watch_1
1355880,29571,"🚨 #UNI/USDT | LONG 

⚡Leverage: Cross 25x

🎯Entry ... follow the signal and secure profits at targets.💎",0e8e0ffebf240a723577dc8200c52e2e,2026-09-16T10:56:03+00:00,2026-09-16T11:18:03.949849+00:00,958,crypto_global_watch_1
1355872,29575,"Pair: #MARSCOIN/USDT

Long • (25X)

Entry
0.10020 ...t your own risk. Always use proper risk management",bd9422a59a5842faffc0f5252bd81be4,2026-09-16T10:56:03+00:00,2026-09-16T11:18:03.925142+00:00,958,crypto_global_watch_1
1355869,29570,"🔘 Coin : #AKE/USDT 🔘

🟢 LONG

🔺Entry🔻: 0.028542

⭐... 0.031961

♦️ StopLoss : 0.027411

🔱 Leverage: 25x",1889d3198ef673ad207ede40e929a9f4,2026-09-16T10:56:03+00:00,2026-09-16T11:18:03.918135+00:00,958,crypto_global_watch_1
1355887,29563,"📉 SHORT #LSK/USDT 

🚀 LEVERAGE : 50x

📊 ENTRY PRIC...

TP🟢0.500

TP🟢0.470

STOPLOSS 🔴0.570


REACTIONS?",537083efca888114cb2cbdf4e2c171f0,2026-09-16T10:40:12+00:00,2026-09-16T11:18:03.987726+00:00,958,crypto_global_watch_1
1355878,29562,"📍Coin : #SYN/USDT

🔴 SHORT 

👉 Entry: 0.1713 - 0.1...t 5: 0.1618
🎯 Target 6: 0.1602

❌ StopLoss: 0.1799",ac5c3bda93969f15a3e5260e41befef7,2026-09-16T10:38:42+00:00,2026-09-16T11:18:03.946649+00:00,958,crypto_global_watch_1
1355868,29561,"SOL/USDT My Long Trade Idea 💡

Leverage 100X

Entr...8.500

Stop Loss   96.500

Follow Money Management",1e94480f2d4fbbd936f9607b7d322993,2026-09-16T10:38:42+00:00,2026-09-16T11:18:03.908895+00:00,958,crypto_global_watch_1
1355885,29559,"🚨 #ETH/USDT | LONG 

⚡Leverage: Cross 20-200x

🎯En... follow the signal and secure profits at targets.💎",2a71455da774063dd07657286e142e7b,2026-09-16T10:28:27+00:00,2026-09-16T11:18:03.970861+00:00,958,crypto_global_watch_1
1355876,29560,"🚀 #MARSCOINUSDT LONG SIGNAL 🚀  LEVERAGE 50X-75X

📌...ch this move together!

🔓 Trade Smart • Trade Safe",789fa4ffea71538dd7ed91e0774ce053,2026-09-16T10:28:27+00:00,2026-09-16T11:18:03.940682+00:00,958,crypto_global_watch_1
1355861,29551,"👑 #IDOL/USDT — TRADE LONG

LEVERAGE 25X TO 50X

👌 ...

⛔️ STOP LOSS: 0.00925

⚡️ NO FEAR — JUST PROFITS",b7a1e0ea947e02a968d3a4eb20ea3853,2026-09-16T10:11:17+00:00,2026-09-16T11:18:03.759010+00:00,958,crypto_global_watch_1
1355859,29550,"❖ SYN/USDT

❖ SHORT [ 10×20 ]

➤ Entry Zone:- 0.17... TP2: 0.1600
▪️ TP3: 0.1500

➤ Stop Loss :- 0.1900",c66b42f0cac01b6e1ffd7c30f8442b26,2026-09-16T10:11:17+00:00,2026-09-16T11:18:03.736398+00:00,958,crypto_global_watch_1
1355858,29549,"🚀 #LSKUSDT LONG SIGNAL 🚀  LEVERAGE 50X-75X

📌 ENTR...ch this move together!

🔓 Trade Smart • Trade Safe",ba00fafae684fc8b857cd3cdd3e24a25,2026-09-16T10:11:17+00:00,2026-09-16T11:18:03.714257+00:00,958,crypto_global_watch_1
1355857,29544,"#BR/USDT LONG NOW 📉
🏠ENTRY: ( 0.25018 )",b369d4b147e9cb4efae0be7794bd16a5,2026-09-16T10:11:17+00:00,2026-09-16T11:18:03.533066+00:00,958,crypto_global_watch_1
1355856,29548,LSK LONG 0.5430 TP1 0.5550,4b5ef592fe9f795325ce7d89aa52f86b,2026-09-16T10:11:17+00:00,2026-09-16T11:18:03.522286+00:00,958,crypto_global_watch_1
1355855,29545,"🪙#BR/USDT

🚩POSITION — LONG

🔒  LEVERAGE — 20X75

...0.25800
TP🥉: 0.26700

⛔️ SL: 0.23000

🔥REACTIONS?😜",64515c7ff57f43a478966d088232b378,2026-09-16T10:11:17+00:00,2026-09-16T11:18:03.501195+00:00,958,crypto_global_watch_1
1355853,29546,"🚀 LONG: $CROSS/USDT
LEVERAGE: 50x

✔️ENTRY PRICE: ...1405-0.1460-0.1600

STOP LOSS:  0.1295

REACTIONS?",b8aba330f8df18eb361c25c1b21c228c,2026-09-16T10:11:17+00:00,2026-09-16T11:18:03.488309+00:00,958,crypto_global_watch_1
1355852,29542,"💰#LSK/ USDT👑

💎Setup Type: Strong LONG  🔖Opportuni...TP ➝ 0.65000

4️⃣TP ➝ 0.80000

🚫Stop Loss: 0.42000",bef51718e0488a9be6974f5480449bf0,2026-09-16T09:03:50+00:00,2026-09-16T11:18:03.453351+00:00,958,crypto_global_watch_1
1358772,29607,"⭐️$BR/USDT  LONG

🛡Leverage : Cross 25x50

‼️Entry... 0.539

Use only 3% - 5% amount of your portfolio🛍",c77c8f4bfcaf3e992c9de0672b290cf7,2026-09-16T13:29:29+00:00,2026-09-16T13:33:44.882710+00:00,958,crypto_global_watch_1
1358771,29595,"⭐️$ARB/USDT  LONG

🛡Leverage : Cross 25x50

‼️Entr....15350

Use only 3% - 5% amount of your portfolio🛍",9f6b6e941fedb1c43e4aa62dd521def6,2026-09-16T13:29:29+00:00,2026-09-16T13:33:44.878969+00:00,958,crypto_global_watch_1
1358770,29599,"✅Entry 0.79065 - 0.78206

(🆘LONG BTWUSDT 5-20x🆘)

....828357
🏹Target 6  $0.835641

🚫Stop loss -0.749256",a254ca03f672427340bda135edb88bd2,2026-09-16T13:29:29+00:00,2026-09-16T13:33:44.877297+00:00,958,crypto_global_watch_1
1358769,29602,"#SYN/USDT

📈Signal: long Leverage: Cross 20X

⚡️En...even after TP1 is hit.

📣Trade Smart • Follow Risk",6228ed9e03f8b61e81410ba550ebf956,2026-09-16T13:29:29+00:00,2026-09-16T13:33:44.872832+00:00,958,crypto_global_watch_1
1358766,29592,"➡️ #LSK        /USDT (SHORT) 🔽🔽

⌛LEVERAGE : 20X T...0


💥Use only 1%margin of your total portfolio❤️😘😇",137613f9a9f4382802933f2bdcc8eb05,2026-09-16T13:29:29+00:00,2026-09-16T13:33:44.862963+00:00,958,crypto_global_watch_1
1358767,29604,"#LONG 🟢🔤🔤🔤🔤🔤

#BTC/USDT

Margin Mode : Isolated 💎
...8

🟥 SL : 74,509 - 100%   

📊 LEV : 30X

🇯🇵Premium",82a1716441b269b0dfc378c8a11f71c2,2026-09-16T13:29:29+00:00,2026-09-16T13:33:44.861170+00:00,958,crypto_global_watch_1
1358763,29603,"Use only 2% Funds

#LINK/USDT (SHORT)

Entry 1 = 1... Profit
T.P 3 = 1000% Profit 

🔴Stop loss at 11.50",a39ddc9959c15986dac47ff666b9138a,2026-09-16T13:29:29+00:00,2026-09-16T13:33:44.849106+00:00,958,crypto_global_watch_1
1358761,29601,"🔴 SHORT

#DASH/USDT

Entry : 

1) 53.59
2) 55.19

...) 49.88

🛑 Stop : 56.96

Leverage : 10x (isolated)",b7888203bad7cc22cb848d2a6f4d821e,2026-09-16T13:29:29+00:00,2026-09-16T13:33:44.846740+00:00,958,crypto_global_watch_1
1358760,29605,"🔰 PAIR: XRP/ USDT 💹

🔴Position: SHORT🚀

☑️ Entry Z...:
🥇 1.2782
🥈 1.2744
🥉 1.2655

❌ Stop Loss: 🔴1.2965",04c6a0f0281a1a956b0961b623914390,2026-09-16T13:29:29+00:00,2026-09-16T13:33:44.846065+00:00,958,crypto_global_watch_1
1358762,29593,"🚀 SHORT: $AIN/USDT
LEVERAGE: 50x

✔️ENTRY PRICE: 0...-0.02300-0.02100

STOP LOSS:  0.02620


REACTIONS?",ed837a17ec2330950bc307f0c96b5ef7,2026-09-16T13:29:29+00:00,2026-09-16T13:33:44.844623+00:00,958,crypto_global_watch_1
1358757,29597,"💰#SYN/ USDT👑

💎Setup Type: Strong LONG  🔖Opportuni...

🥉TP ➝ 0.2700

4️⃣TP ➝ 0.3500

🚫Stop Loss: 0.1700",646ced3345a7b6db674cb9132ddfe5d4,2026-09-16T13:29:29+00:00,2026-09-16T13:33:44.834991+00:00,958,crypto_global_watch_1
1358759,29588,"#SYN/ USDT — BUY (LONG) 
Leverage: Cross 25x – 50x...T IS KEY
👉 Use ONLY 2 – 3% of your total portfolio",fab184754d284d209bd9dc0036141461,2026-09-16T13:29:28+00:00,2026-09-16T13:33:44.840188+00:00,958,crypto_global_watch_1
1358758,29590,"📈 LONG #SYN/USDT 

🚀 LEVERAGE : 50x

📊 ENTRY PRICE...1

TP🟢0.197

TP🟢0.207

STOPLOSS 🔴0.175

REACTIONS?",525b95d2287cc82ee4dfb89a1494b49a,2026-09-16T13:29:28+00:00,2026-09-16T13:33:44.839511+00:00,958,crypto_global_watch_1
1358754,29589,"BTW/USDT 

SHORT SHORT SHORT 

OPEN MARKET PRICE 
...0.77800
TP 0.77200
TP 0.76900

SL 0.82500

LEV 10X",fcdbf8e235710b81ecc403eff76bb50c,2026-09-16T13:29:28+00:00,2026-09-16T13:33:44.795510+00:00,958,crypto_global_watch_1
1358752,29586,"Long #LSK 50x 0.6550

Tp: 0.6800",bfc0994ce679dc2dc30621abac13cad8,2026-09-16T13:29:28+00:00,2026-09-16T13:33:44.715539+00:00,958,crypto_global_watch_1
1358750,29585,"📊 Let’s SHORT #ADA/USDT

💥 Leverage:  Cross 20×  -...1) 0.1890
2) 0.1820
3) 0.1740

🔖 Stop Loss: 0.2000",eae183e64a049ba7a9469ea08d96009c,2026-09-16T11:30:36+00:00,2026-09-16T13:33:44.629327+00:00,958,crypto_global_watch_1
1362305,29649,"⭐ BR /USDT — LONG

💵 ENTRY: 0.6000-0.5800

⚙️ LEVE...o

📌 Follow the setup and manage your risk wisely.",56362d10831c75e66255af74544c7e58,2026-09-16T14:49:29+00:00,2026-09-16T15:09:14.177076+00:00,958,crypto_global_watch_1
1362306,29648,"🪙#GLM/USDT

🚩POSITION — SHORT

🔒  LEVERAGE — 20X75...0.10450
TP🥉: 0.09880

⛔️ SL: 0.12300

🔥REACTIONS?😜",b2803a9af777ca24dd58bf43543ceaf4,2026-09-16T14:36:38+00:00,2026-09-16T15:09:14.180211+00:00,958,crypto_global_watch_1
1362312,29638,"👑My Coin: $4/USDT
👀Looking for SHORT

🌟0.023478 Wi...I Will Set: 0.024219
°°°°°°°°°°°°°° As my stoploss",8c306e2267403a0b23b9fbc8e89a477f,2026-09-16T14:16:42+00:00,2026-09-16T15:09:14.209928+00:00,958,crypto_global_watch_1
1362307,29639,"🚨 #BR/USDT | SHORT 

⚡Leverage: Cross 20x

🎯Entry ... follow the signal and secure profits at targets.💎",6d93e228bde4df39d05c27ea47735618,2026-09-16T14:16:42+00:00,2026-09-16T15:09:14.182476+00:00,958,crypto_global_watch_1
1362301,29640,"#GLM/USDT SHORT NOW 📉
🏠ENTRY: ( 0.11000 )",a61e88224ec923134fdc1917f1063ff7,2026-09-16T14:16:42+00:00,2026-09-16T15:09:14.168532+00:00,958,crypto_global_watch_1
1362302,29637,"#KITE | SHORT SETUP

💰 Entry: $0.09742

🎯 Target1:...t4: $0.09372
🎯 Target5: $0.09235

🛡 STOP: $0.10229",3a64c8e14e659062e931313b41445ce0,2026-09-16T14:14:48+00:00,2026-09-16T15:09:14.169212+00:00,958,crypto_global_watch_1
1362299,29636,"⭐️$HEI/USDT  LONG

🛡Leverage : Cross 25x50

‼️Entr....12360

Use only 3% - 5% amount of your portfolio🛍",e7ae8cfa39b4c01049445e9f031bcc5c,2026-09-16T14:11:26+00:00,2026-09-16T15:09:14.160565+00:00,958,crypto_global_watch_1
1362310,29632,"🔴 Short

Pair: #ZEC/USDT

📊 Entry Price: 

1) 1248...
4) 1162.13

Stop Loss: 1327.16

Leverage: 10x-20x",57b25cbd95347517c53fcde63a4ccea4,2026-09-16T14:09:21+00:00,2026-09-16T15:09:14.192433+00:00,958,crypto_global_watch_1
1362297,29631,"💹#PORTAL/USDT SHORT SETUP 

PORTAL is showing weak... $0.01650
TP4: $0.01550
TP5: $0.01512
SL: $0.01894",42a304cfe0301002937c06419868d187,2026-09-16T14:09:21+00:00,2026-09-16T15:09:14.158113+00:00,958,crypto_global_watch_1
1362295,29630,"🚀 #4USDT LONG SIGNAL 🚀  LEVERAGE 50X-75X

📌 ENTRY ...ch this move together!

🔓 Trade Smart • Trade Safe",81ba489608565c7beb5c9382e546d893,2026-09-16T14:09:21+00:00,2026-09-16T15:09:14.151955+00:00,958,crypto_global_watch_1
1362294,29629,4USDT LONG 0.02337 TP1 0.02388,1d8dd31375e50af0445b34e7066c54d6,2026-09-16T14:09:21+00:00,2026-09-16T15:09:14.143579+00:00,958,crypto_global_watch_1
1362290,29634,"👑 #4 /USDT — TRADE LONG

LEVERAGE 25X TO 50X

👌 EN...

⛔️ STOP LOSS: 0.02200

⚡️ NO FEAR — JUST PROFITS",49250f95afbb7f1873f583ef04dc82cb,2026-09-16T14:09:21+00:00,2026-09-16T15:09:14.107840+00:00,958,crypto_global_watch_1
1362287,29619,"📊 BR/USDT — LONG 

📍 ENTRY: 0.57

🎯 TARGET 1: 0.62...Manage your risk & trade responsibly.

🔥 LET’S GO!",c9ff4baa6a2f1bae19553aa84e71b752,2026-09-16T13:50:56+00:00,2026-09-16T15:09:14.080586+00:00,958,crypto_global_watch_1
1362283,29620,"🔴SHORT  #BTCUSDT

🔶 Entry : 75800 - 75900

➡️ Leve...ake Profit Targets :

👉 74800

🛑 Stop Loss : 77000",b26b4983cf708c580d72f1bd44a46f9f,2026-09-16T13:50:56+00:00,2026-09-16T15:09:14.034219+00:00,958,crypto_global_watch_1
1362282,29618,"🔰 PAIR: XRP/ USDT 💹

🔴Position: SHORT🚀

☑️ Entry Z...:
🥇 1.2782
🥈 1.2744
🥉 1.2655

❌ Stop Loss: 🔴1.2965",04c6a0f0281a1a956b0961b623914390,2026-09-16T13:50:56+00:00,2026-09-16T15:09:14.019724+00:00,958,crypto_global_watch_1
1362281,29614,"#BR/USDT SHORT   

👉Leverage : Cross 10× To 30×

E...ofit

1)  0.57
2)  0.54
3)  0.50

⭕Stoploss : 0.62",a411e08f3db0d0e21f81b6d72336bf9f,2026-09-16T13:50:56+00:00,2026-09-16T15:09:14.005814+00:00,958,crypto_global_watch_1
1366078,29674,"#LSK/USDT LONG NOW 📉
🏠ENTRY: ( 0.77670)",0519636022c180e756aec2e09b602bd2,2026-09-16T16:54:17+00:00,2026-09-16T18:29:54.880724+00:00,958,crypto_global_watch_1
1366077,29675,"🪙#LSK/USDT

🚩POSITION — LONG

🔒  LEVERAGE — 20X75
...0.82500
TP🥉: 0.87500

⛔️ SL: 0.65000

🔥REACTIONS?😜",61f9d9728ece50be64dce70789b66298,2026-09-16T16:54:17+00:00,2026-09-16T18:29:54.877528+00:00,958,crypto_global_watch_1
1366063,29676,"LONG — NEAR

Entry: 2.481

Targets: 2.506 / 2.551 ... / 2.735

Stop: 2.356

Move SL to entry after TP1.",42cfd421c7f34c1aced19f76d5dab5e0,2026-09-16T16:54:17+00:00,2026-09-16T18:29:54.830615+00:00,958,crypto_global_watch_1
1366051,29677,"⛽️Pair: LSK/USDT
Type: LONG 🟢
✅Leverage:  (20X_100... 0.90
2) 1.10
3) 1.38
4) 1.70

❌ STOP LOSS: 0.550❌",30ef35d53d2967df6b612c87b8f5a72e,2026-09-16T16:54:17+00:00,2026-09-16T18:29:54.691858+00:00,958,crypto_global_watch_1
1366071,29673,"🌈PAIR:- #SYN/USDT
⚡️ Direction : LONG
🛠 Leverage: ...nt Usage:- 1 - 2%
(According To your Risk Setting)",09aa40da98bb80f9f498723f3e01803e,2026-09-16T16:46:26+00:00,2026-09-16T18:29:54.852175+00:00,958,crypto_global_watch_1
1366064,29672,"$BTC LONG🟢 (25x Lev)

Entry -  75650$

Targets

1)76500
2)78000$

SL- 74900$",fc480c642afb7d88020c40f3e2c242f6,2026-09-16T16:46:26+00:00,2026-09-16T18:29:54.834162+00:00,958,crypto_global_watch_1
1366052,29670,"Long #LSK 50x 0.7200

Tp: 0.7400",e433ead8ecc79634a0c0599d2e800fc9,2026-09-16T16:44:01+00:00,2026-09-16T18:29:54.707430+00:00,958,crypto_global_watch_1
1366067,29664,"🚨 #LSK/USDT | SHORT 

⚡Leverage: Cross 20x

🎯Entry... follow the signal and secure profits at targets.💎",77de6d866e5a8666d478a9d994ec8903,2026-09-16T16:40:43+00:00,2026-09-16T18:29:54.847419+00:00,958,crypto_global_watch_1
1366079,29661,"➡️ #HEI     /USDT (LONG) 🔼🔼

⌛LEVERAGE : 20X TO 75...0


💥Use only 1%margin of your total portfolio❤️😘😇",c3d7a2bc91a79de5606ee26bdd2fa5f1,2026-09-16T16:39:01+00:00,2026-09-16T18:29:54.883599+00:00,958,crypto_global_watch_1
1366072,29662,"⭐ LSK /USDT — LONG

💵 ENTRY: 0.5800-0.5500

⚙️ LEV...o

📌 Follow the setup and manage your risk wisely.",23d443595f47626472e2d3415b9ebf16,2026-09-16T16:39:01+00:00,2026-09-16T18:29:54.853107+00:00,958,crypto_global_watch_1
1366059,29660,"👑 #SYN/USDT — TRADE LONG

LEVERAGE 25X TO 50X

👌 E...0

⛔️ STOP LOSS: 0.1660

⚡️ NO FEAR — JUST PROFITS",194fce2d03862fdd2266a50ff8620ff7,2026-09-16T16:39:01+00:00,2026-09-16T18:29:54.729708+00:00,958,crypto_global_watch_1
1366055,29663,"❖ SYN/USDT

❖ SHORT [ 10×20 ]

➤ Entry Zone:- 0.17... TP2: 0.1600
▪️ TP3: 0.1500

➤ Stop Loss :- 0.1900",c66b42f0cac01b6e1ffd7c30f8442b26,2026-09-16T16:39:01+00:00,2026-09-16T18:29:54.711140+00:00,958,crypto_global_watch_1
1366048,29653,"BRUSDTUSDT  
Exchanges: BINGX 

🟢 Long
Leverage- C....84331000
6) 0.91077000
7) 🚀🚀🚀 

⛔️ SL:
0.55100000",6759b5febc8ec01c17221036808571f6,2026-09-16T15:18:49+00:00,2026-09-16T18:29:54.561534+00:00,958,crypto_global_watch_1
1376684,29708,"#BR/USDT

📈Signal: long Leverage: Cross 50X

⚡️Ent...even after TP1 is hit.

📣Trade Smart • Follow Risk",000e8f18097b773e6b5b7384ba1d74c0,2026-09-16T19:32:47+00:00,2026-09-16T20:09:45.442342+00:00,958,crypto_global_watch_1
1376683,29707,"⚡️$JUP/USDT { 25X }

📈 DIRECTION : { LONG }

🔍 ENT...199
➡️0.2229
➡️0.2260
➡️0.2277

🔴STOPLOSS : 0.2055",17b60dedd23643ae0906231844b3a859,2026-09-16T18:47:20+00:00,2026-09-16T20:09:45.435622+00:00,958,crypto_global_watch_1
1376682,29706,"ETH/USD BUY 

Entry : $ 2425.90

Target1: $  2450
... 2511
Target3: $ 2587
Target4: $ 2641

SL : $ 2340",2d4557a98521d925e33a7581f612de84,2026-09-16T18:47:20+00:00,2026-09-16T20:09:45.432217+00:00,958,crypto_global_watch_1
1376681,29705,"⚡️⚡️#IO/USDT⚡️⚡️

Signal Type : Short
Leverage : 2...
1) 0.1161
2) 0.1122
3) 0.1086

Stop Loss : 0.1221",12c7c486485871db269f30bcf7134c19,2026-09-16T18:47:20+00:00,2026-09-16T20:09:45.425607+00:00,958,crypto_global_watch_1
1376680,29704,"#LSK        /USDT (SHORT) 🔽🔽

⌛LEVERAGE : 20X TO 7...55

💥Use only 1%margin of your total portfolio❤️😘😇",6274e69677edb76adb98552f6312e630,2026-09-16T18:47:20+00:00,2026-09-16T20:09:45.422616+00:00,958,crypto_global_watch_1
1380498,29714,"LONG OP/USDT📈📈📈

ENTRY: 0.08755

TP1: 0.09856

TP2...agement 🏆

Use only 10% of your 📈Available balance",41a58634e52d36e58b312f05a8e8971f,2026-09-16T21:02:18+00:00,2026-09-16T21:35:32.351772+00:00,958,crypto_global_watch_1
1380499,29710,"📉 SHORT #LSK 50x

📌 Entry: 0.67800

🎯 TP: 0.6500

...t Usage: 1-3%
⚠️ According to your risk management",82ffc961cdb43ddfef3e7180ceafe02a,2026-09-16T20:43:16+00:00,2026-09-16T21:35:32.354344+00:00,958,crypto_global_watch_1
1380496,29709,Short #LSK 50x 0.67800,70de4dab6d3205f00582a45f470991b2,2026-09-16T20:43:16+00:00,2026-09-16T21:35:32.266290+00:00,958,crypto_global_watch_1
1384181,29834,"#LSK/USDT

📈Signal: long Leverage: Cross 50X

⚡️En...even after TP1 is hit.

📣Trade Smart • Follow Risk",11bebf408599df25bc30bef21e0cadf4,2026-09-17T13:48:55+00:00,2026-09-17T13:51:28.149341+00:00,958,crypto_global_watch_1
1384180,29835,"💫 Pair: ENA/USDT  💫

🔼 Direction: Long 🔼

✅ Levera...Take Profit: 0.1650 📈

⚠️ Stop Loss: 0.1412 ⚠️

📈📈",dd4eda2174aeaa2e9594b7c36f22574b,2026-09-17T13:48:55+00:00,2026-09-17T13:51:28.129586+00:00,958,crypto_global_watch_1
1384179,29837,"📊 Let’s LONG #LSK/USDT

💥 Leverage:  Cross 20×  - ...1) 0.4982
2) 0.5140
3) 0.5410

🔖 Stop Loss: 0.4482",53ecd3a11a7aef2e901f059243fe50a6,2026-09-17T13:48:55+00:00,2026-09-17T13:51:28.127890+00:00,958,crypto_global_watch_1
1384177,29836,"⭐ GENIUS /USDT — SHORT

💵 ENTRY: 0.3900-0.4100

⚙️...o

📌 Follow the setup and manage your risk wisely.",2c966604a71937871cfd7c807c0426c9,2026-09-17T13:48:55+00:00,2026-09-17T13:51:28.105452+00:00,958,crypto_global_watch_1
1384176,29833,"🔰 PAIR: SOL/ USDT 💹

🟢Position: LONG🚀

☑️ Entry Zo...s:
🥇 100.78
🥈 101.37
🥉 102.07

❌ Stop Loss: 🔴99.47",5b258e5f9d78248bc88b6f89c2985fd8,2026-09-17T13:35:53+00:00,2026-09-17T13:51:28.007607+00:00,958,crypto_global_watch_1
1384178,29832,"#GENIUS    /USDT (SHORT) 🔽🔽

⌛LEVERAGE : 20X TO 75...0


💥Use only 1%margin of your total portfolio❤️😘😇",99302a1e57b1adce57e198cff6e0c40e,2026-09-17T13:35:52+00:00,2026-09-17T13:51:28.112224+00:00,958,crypto_global_watch_1
1384175,29831,"🚨 #SOL/USDT | SHORT

⚡Leverage: Cross 100X

🎯Entry... follow the signal and secure profits at targets.💎",c2bdee80c1c4151aeee9e9688c248a22,2026-09-17T13:35:52+00:00,2026-09-17T13:51:27.996181+00:00,958,crypto_global_watch_1
1384173,29830,"#MARSCOIN/USDT

📈Signal: long Leverage: Cross 20X
...even after TP1 is hit.

📣Trade Smart • Follow Risk",00bc7cbb0d07bede87deab4775bed288,2026-09-17T13:35:52+00:00,2026-09-17T13:51:27.894062+00:00,958,crypto_global_watch_1
1384127,29825,"🚨 #SOL/USDT | SHORT

⚡Leverage: Cross 100X

🎯Entry... follow the signal and secure profits at targets.💎",c2bdee80c1c4151aeee9e9688c248a22,2026-09-17T13:23:19+00:00,2026-09-17T13:51:27.158653+00:00,958,crypto_global_watch_1
1384163,29824,"🚨 #LIT/USDT | LONG 

⚡Leverage: Cross 20X

🎯Entry ... follow the signal and secure profits at targets.💎",56fe5b886a650350d92a041f8530fd03,2026-09-17T13:21:07+00:00,2026-09-17T13:51:27.247558+00:00,958,crypto_global_watch_1
1384118,29823,"🔴 SHORT

#THETA/USDT

Entry : 

1) 0.1851
2) 0.190...0.1722

🛑 Stop : 0.1967

Leverage : 10x (isolated)",032b71df83b39fc77f08175d18ab5316,2026-09-17T13:19:34+00:00,2026-09-17T13:51:27.069121+00:00,958,crypto_global_watch_1
1384115,29822,"✅ Long

Pair: #IOST/USDT

📊 Entry Price: 

1) 0.00...00086509

Stop Loss: 0.00075868

Leverage: 10x-20x",ff5c5825c86824ab57a035cb33b3b2b4,2026-09-17T13:19:34+00:00,2026-09-17T13:51:27.061973+00:00,958,crypto_global_watch_1
1384155,29820,"#ONE USDT — BUY (LONG) 
🎉
🟢 Leverage: Cross  50x

...Risk Management:
Use only 2%– 3%of your portfolio.",6d4f4ca467f9af08700188fbf44072df,2026-09-17T13:15:59+00:00,2026-09-17T13:51:27.238358+00:00,958,crypto_global_watch_1
1384144,29821,"ETHUSDT

LONG LONG LONG 

OPEN MARKET PRICE 

TP 2465
TP 2480
TP 2495

SL 2390

LEV 42X",1b53eefedb5d93cac059de58c47ce25a,2026-09-17T13:15:59+00:00,2026-09-17T13:51:27.191303+00:00,958,crypto_global_watch_1
1384137,29818,"#SHORT 🔴 🔤🔤🔤🔤🔤

#LSK/USDT 

Margin Mode : Isolated...28

🟩 SL : 0.48095 - 100%

📊 LEV : 20X

🇯🇵 Premium",2b9951780b35aa577e11ba6965895c59,2026-09-17T13:15:59+00:00,2026-09-17T13:51:27.174607+00:00,958,crypto_global_watch_1
1384141,29815,"📊 Let’s LONG #GENIUS/USDT

💥 Leverage:  Cross 20× ...gets: 

1) 0.44
2) 0.46
3) 0.48

🔖 Stop Loss: 0.39",3301793d61da0895ea6c03ba4283e3c8,2026-09-17T12:07:04+00:00,2026-09-17T13:51:27.187706+00:00,958,crypto_global_watch_1
1384071,29814,"✅Entry : $0.19206-0.1940

(SYN SHORT /USDT 5-15X🆘)... $0.1820
🏹Target 6  $0.18000

🚫Stop loss : 0.20164",34af3d7113a4c114a4624659a939d5d5,2026-09-17T12:05:20+00:00,2026-09-17T13:50:28.576545+00:00,958,crypto_global_watch_1
1384069,29812,"✅ Long

#XTZ/USDT

Entry zone : 0.238329 - 0.24570...68918
0.276252

Stop loss :0.228501

Leverage: 10x",44b59f34e6261b4af6eb07b88a6e70df,2026-09-17T12:05:20+00:00,2026-09-17T13:50:28.395966+00:00,958,crypto_global_watch_1
1384068,29811,"#GENIUS/USDT

📈Signal: long Leverage: Cross 20X

⚡...even after TP1 is hit.

📣Trade Smart • Follow Risk",9d0890d808c2389db1da74c5002b80c3,2026-09-17T12:05:20+00:00,2026-09-17T13:50:28.356043+00:00,958,crypto_global_watch_1
1384066,29808,"🔘 Coin : #PUMP/USDT 🔘

🔴 SHORT

🔺Entry🔻: 0.003888
... 0.003723

♦️ StopLoss : 0.003998

🔱 Leverage: 25x",c06fbb80d41a21acf444e6195e92ef64,2026-09-17T11:40:06+00:00,2026-09-17T13:50:28.311683+00:00,958,crypto_global_watch_1
1384065,29807,"👑My Coin: $ONE/USDT
👀Looking for SHORT

🌟0.0010818... Will Set: 0.0011251
°°°°°°°°°°°°°° As my stoploss",ecbdfb99887bf1852ba35c539fb31d53,2026-09-17T11:40:06+00:00,2026-09-17T13:50:28.284496+00:00,958,crypto_global_watch_1
1384063,29805,"🔘 Coin : #ONE/USDT 🔘

🔴 SHORT

🔺Entry🔻: 0.003888

... 0.003723

♦️ StopLoss : 0.003998

🔱 Leverage: 25x",b8305c19957be647ea8655792827ab7c,2026-09-17T11:40:06+00:00,2026-09-17T13:50:28.277693+00:00,958,crypto_global_watch_1
1384062,29806,"➡️ #REZ     /USDT (LONG) 🔼🔼

⌛LEVERAGE : 20X TO 75...99

💥Use only 1%margin of your total portfolio❤️😘😇",49c957836646a2a88f014162af7d0c4c,2026-09-17T11:40:06+00:00,2026-09-17T13:50:28.272734+00:00,958,crypto_global_watch_1
1384061,29804,"⭐ AVA /USDT — LONG

💵 ENTRY: 0.2950-0.2600

⚙️ LEV...o

📌 Follow the setup and manage your risk wisely.",4f88807264aa1ae68f4156fae3bdeef4,2026-09-17T11:40:06+00:00,2026-09-17T13:50:28.139017+00:00,958,crypto_global_watch_1
1384060,29803,"💰#AVA/ USDT👑

💎Setup Type: Strong LONG  🔖Opportuni...

🥉TP ➝ 0.3300

4️⃣TP ➝ 0.3700

🚫Stop Loss: 0.2400",6533a6e0049dba7ca471e1c64f26ff1a,2026-09-17T11:40:06+00:00,2026-09-17T13:50:28.024770+00:00,958,crypto_global_watch_1
1384059,29802,"↗️ LONG #BR 50x

📌 Entry: 0.64500

🎯 TP: 0.66500

...t Usage: 1-3%
⚠️ According to your risk management",a57e255faaa86cc532dc761e17d439a7,2026-09-17T11:40:06+00:00,2026-09-17T13:50:28.009833+00:00,958,crypto_global_watch_1
1384058,29801,"LONG OP/USDT📈📈📈

ENTRY: 0.08755

TP1: 0.09856

TP2...agement 🏆

Use only 10% of your 📈Available balance",41a58634e52d36e58b312f05a8e8971f,2026-09-17T11:40:06+00:00,2026-09-17T13:50:27.955973+00:00,958,crypto_global_watch_1
1384055,29800,"Long #BR 50x 0.6600

Tp: 0.67500",bdef5a031299e50894751e92c4e3505a,2026-09-17T10:44:01+00:00,2026-09-17T13:50:27.877187+00:00,958,crypto_global_watch_1
1384054,29799,"#AVA/USDT

📈Signal: long Leverage: Cross 20X

⚡️En...even after TP1 is hit.

📣Trade Smart • Follow Risk",524882b0a8c5f707dcf67725e2436575,2026-09-17T10:44:01+00:00,2026-09-17T13:50:27.826724+00:00,958,crypto_global_watch_1
1384048,29790,"📊#REZ/USDT–LONG–35x 🚀

📍 𝐄𝐧𝐭𝐫𝐲 𝐙𝐨𝐧𝐞:

➥ 0.00386, 0...tal.

⚠️ Disclaimer:
Trade at your own risk. DYOR.",62b163fd4de1c75c35a5e7311192b7c7,2026-09-17T10:18:45+00:00,2026-09-17T13:50:27.476897+00:00,958,crypto_global_watch_1
1384047,29789,"#SKRUSDT — BUY (LONG) 
🎉
🟢 Leverage: Cross  50x75
...Risk Management:
Use only 2%– 3%of your portfolio.",086265754b65cefad3711b704f35177b,2026-09-17T10:18:45+00:00,2026-09-17T13:50:27.435077+00:00,958,crypto_global_watch_1
1384044,29786,"🚀 LONG: $AVA/USDT
LEVERAGE: 50x

✔️ENTRY PRICE: 0....460-0.2540-0.2726

STOP LOSS:  0.2270


REACTIONS?",606634627d56a3bed90be314c292d3f9,2026-09-17T10:08:56+00:00,2026-09-17T13:50:27.366754+00:00,958,crypto_global_watch_1
1384041,29785,"📊 Let’s LONG #NEAR/USDT

💥 Leverage:  Cross 20×  -...gets: 

1) 2.85
2) 2.95
3) 3.10

🔖 Stop Loss: 2.65",ee0c2da211971d38da7d89514ec93212,2026-09-17T10:00:51+00:00,2026-09-17T13:50:27.318222+00:00,958,crypto_global_watch_1
1384042,29784,"🟢HYPE/USDT My Short Trade 

Leverage 75X

Entry Po...9.000

Stop Loss   81.000

Follow Money Management",462655150b1138ee8282019ffe0295e0,2026-09-17T09:59:36+00:00,2026-09-17T13:50:27.322795+00:00,958,crypto_global_watch_1
1384039,29782,"✨SOL/USDT

🎗 Trade Type = SHORT 🔴

⭐️ Leverage :- ...fit = [ 99.29, 98.32, 97.31, 96.18, 95.34, 94.23 ]",60e25a4d8d76b50555edf0503d4b5ea3,2026-09-17T09:59:36+00:00,2026-09-17T13:50:27.187047+00:00,958,crypto_global_watch_1
1384038,29778,"📊 #NEAR/USDT

🟢 POSITION: LONG

💰 ENTRY RANGE
➤ 2....S
➤ 2.55

━━━━━━━━━━━━━━━━━━

✅ Manage risk wisely",a53c152f5f6a917b46a56285b99257eb,2026-09-17T09:44:41+00:00,2026-09-17T13:50:27.168727+00:00,958,crypto_global_watch_1
1384037,29777,"🔴 Short

Pair: #BCH/USDT

📊 Entry Price: 

1) 224....94
4) 209.20

Stop Loss: 238.90

Leverage: 10x-20x",8a23b19891455043778e1c0f60b21acc,2026-09-17T09:44:41+00:00,2026-09-17T13:50:27.151113+00:00,958,crypto_global_watch_1
1384033,29772,"🚀 #NEARUSDT LONG SIGNAL 🚀  LEVERAGE 50X-75X

📌 ENT...ch this move together!

🔓 Trade Smart • Trade Safe",82fb4c9bedbd2c9d931d60bbe29c966c,2026-09-17T09:44:41+00:00,2026-09-17T13:50:27.084009+00:00,958,crypto_global_watch_1
1384035,29770,"🪙#BR/USDT

🚩POSITION — SHORT

🔒  LEVERAGE — 20X75
...0.56800
TP🥉: 0.54800

⛔️ SL: 0.62000

🔥REACTIONS?😜",f574736a979be08c9632616aa1b4f1e1,2026-09-17T08:55:51+00:00,2026-09-17T13:50:27.110960+00:00,958,crypto_global_watch_1
1384034,29769,"#BR/USDT SHORT NOW 📉
🏠ENTRY: ( 0.58775)",20b65b94172beac43e85c7d8fb7fc766,2026-09-17T08:55:51+00:00,2026-09-17T13:50:27.092209+00:00,958,crypto_global_watch_1
1384032,29766,"💰#BR/ USDT👑

💎Setup Type: Strong SHORT  🔖Opportuni...TP ➝ 0.50000

4️⃣TP ➝ 0.45000

🚫Stop Loss: 0.68000",2c595c05578157105c503bf3f25cc11c,2026-09-17T08:55:51+00:00,2026-09-17T13:50:27.062189+00:00,958,crypto_global_watch_1
1384030,29764,"#POWER/USDT

📈Signal: short Leverage: Cross 20X

⚡...even after TP1 is hit.

📣Trade Smart • Follow Risk",58f4ad2fc9a00d03a41327aa1473c5bd,2026-09-17T08:55:51+00:00,2026-09-17T13:50:26.899759+00:00,958,crypto_global_watch_1
1384029,29763,"Short #POWER 0.13100

Tp 0.12780",9bbd5b685bc6f1cd3203593aa4e47f03,2026-09-17T08:55:51+00:00,2026-09-17T13:50:26.844992+00:00,958,crypto_global_watch_1
1384028,29761,"👑 #ONE /USDT — TRADE LONG

LEVERAGE 25X TO 50X

👌 ...
⛔️ STOP LOSS: 0.001770

⚡️ NO FEAR — JUST PROFITS",d5a2324ca289e9c821ba690608d23c0c,2026-09-17T07:49:27+00:00,2026-09-17T13:50:26.787674+00:00,958,crypto_global_watch_1
1384026,29758,"⭐️$ONE/USDT  LONG 

🛡Leverage : Cross 25x50

‼️Ent...009547

Use only 3% - 5% amount of your portfolio🛍",1ae88e170d145a1d04c645f28abad055,2026-09-17T07:49:27+00:00,2026-09-17T13:50:26.741905+00:00,958,crypto_global_watch_1
1384025,29759,"⚡️$TRX/USDT⚡️

LONG
Leverage: 25X

Entry: 0.32516 ...3)0.35689
4)0.36689
5)0.37690

Stoploss: 0.3117546",e9c9053bb457d3e7ab576a2caeeb4c28,2026-09-17T07:49:27+00:00,2026-09-17T13:50:26.736298+00:00,958,crypto_global_watch_1
1384023,29757,ONEUSDT LONG NOW,7e6af733c9a8e38a5150db3d8fc179c1,2026-09-17T07:49:27+00:00,2026-09-17T13:50:26.639730+00:00,958,crypto_global_watch_1
1384022,29755,"⚡️⚡️ #ASR/USDT ⚡️⚡️
Exchanges: Bingx 
Signal Type:...
5) 0.79468
6) 0.78200
7) 🚀🚀🚀

Stop Targets:
5-10%",d4a7f08d9bfd0e6456e56d706ca18682,2026-09-17T07:49:27+00:00,2026-09-17T13:50:26.635206+00:00,958,crypto_global_watch_1
1384021,29756,"✅ Long

#TRX/USDT

Entry zone : 0.32516 - 0.33522
...36689
0.37690

Stop loss :0.3117546

Leverage: 10x",7c44e75bfe983fdde295760d7d9cf620,2026-09-17T07:49:27+00:00,2026-09-17T13:50:26.623284+00:00,958,crypto_global_watch_1
1384019,29751,"📈 LONG #SYN/USDT

♻ Leverage: 20X

➡️ Entry :- 0.1...: 

1) 0.208
2) 0.225
3) 0.250

⭕ Stop Loss: 0.150",cd7daf5f3fd6a88653181a92adebfb26,2026-09-17T06:55:16+00:00,2026-09-17T13:50:26.528687+00:00,958,crypto_global_watch_1
1384018,29748,"🐳 SKYAI/USDT #LONG🐳

✳️ ENTRY :- 0.06300 - 0.06000...: 0.071

⛔️ STOP-LOSS :- 0.056

☝️ Margin Use 2–3%",8d47ea909b97e8ac600dd9dcb63999f3,2026-09-17T06:55:16+00:00,2026-09-17T13:50:26.387915+00:00,958,crypto_global_watch_1
1384015,29747,"📊 DASH/USDT — LONG 

📍 ENTRY: 59

🎯 TARGET 1: 60
🎯...Manage your risk & trade responsibly.

🔥 LET’S GO!",2a630fbd6444cc045e9bf01355ec40fe,2026-09-17T06:55:16+00:00,2026-09-17T13:50:26.377554+00:00,958,crypto_global_watch_1
1384013,29741,"⚡️⚡️ #ARX/USDT ⚡️⚡️
Exchanges: Bingx 
Signal Type:...
5) 0.17681
6) 0.17931
7) 🚀🚀🚀

Stop Targets:
5-10%",ab59f13999076c7fcb68c3bfd19911c3,2026-09-17T06:55:16+00:00,2026-09-17T13:50:26.254022+00:00,958,crypto_global_watch_1
1384010,29746,"⭐ TIA /USDT — LONG

💵 ENTRY: 0.3470-0.3123

⚙️ LEV...o

📌 Follow the setup and manage your risk wisely.",3dc8c28a8477fc6118fabb6021ddcd35,2026-09-17T06:55:16+00:00,2026-09-17T13:50:26.234179+00:00,958,crypto_global_watch_1
1384008,29740,"⚡️⚡️ #CFX/USDT ⚡️⚡️
Exchanges: Bingx 
Signal Type:...
5) 0.04800
6) 0.04868
7) 🚀🚀🚀

Stop Targets:
5-10%",1bfcee3e7532f398e20fd2c7c8950c66,2026-09-17T06:55:16+00:00,2026-09-17T13:50:25.918396+00:00,958,crypto_global_watch_1
1384007,29738,"⚡️⚡️ #AIA/USDT ⚡️⚡️
Exchanges: Bingx 
Signal Type:...
5) 0.07201
6) 0.07302
7) 🚀🚀🚀

Stop Targets:
5-10%",2a23ac6f92fdd9732b96f8b01553db5b,2026-09-17T06:55:16+00:00,2026-09-17T13:50:25.820005+00:00,958,crypto_global_watch_1
1384005,29739,"⚡️⚡️ #APE/USDT ⚡️⚡️
Exchanges: Bingx 
Signal Type:...
5) 0.13377
6) 0.13567
7) 🚀🚀🚀

Stop Targets:
5-10%",c0cf217bce96b5d1d2ad88aa5293a391,2026-09-17T06:55:16+00:00,2026-09-17T13:50:25.812793+00:00,958,crypto_global_watch_1
1384003,29737,"⚡️⚡️ #AAVE/USDT ⚡️⚡️
Exchanges: Bingx 
Signal Type...129.10800
6) 130.93500
7) 🚀🚀🚀

Stop Targets:
5-10%",66c12424981f2445329a022e73b733de,2026-09-17T06:55:16+00:00,2026-09-17T13:50:25.794697+00:00,958,crypto_global_watch_1
1384002,29735,"⌛#LINK/USDT  ( LONG )

🍁 Leverage 👉 20X to 25X 

⛩...52 | 11.572 | 11.681 | 11.806

🔕 Stoploss = 10.630",511b5644163ced7006431c6b60b45d00,2026-09-17T06:55:16+00:00,2026-09-17T13:50:25.786835+00:00,958,crypto_global_watch_1
1384001,29733,"⭐ UB /USDT — LONG

💵 ENTRY:0.13200-0.12500

⚙️ LEV...o

📌 Follow the setup and manage your risk wisely.",cb0997dc24ab229df57e8be2bb0e088a,2026-09-17T06:55:16+00:00,2026-09-17T13:50:25.627160+00:00,958,crypto_global_watch_1
1384000,29732,"🚀 $PONS/USDT PERP 🚀

🟢 LONG

💰 Entry : 0.622$ – 0.... 5X – 25X

⛔️ SL : 0.550$

📌 Use Only 2-5% Capital",4f42a7c7b818b6221da5f86e4df6e344,2026-09-17T06:55:16+00:00,2026-09-17T13:50:25.625450+00:00,958,crypto_global_watch_1
1383999,29731,"🚀 LONG: $AVA/USDT🚀
LEVERAGE: 20X-50X

🤍 ENTRY PRIC...0.2590- 0.28
—————

❌ STOP LOSS: 0.20❌


REACTIONS",092be452ca098dd7f3835619f66a7bf8,2026-09-17T06:55:15+00:00,2026-09-17T13:50:25.542987+00:00,958,crypto_global_watch_1
1383998,29730,"$ZEC/USDT #LONG📩

✅ENTRY :-1376/1330

Target 1: 14...𝐎𝐧𝐥𝐲 𝟏-𝟑% 𝐎𝐟 𝐎𝐮𝐫 𝐃𝐞𝐩𝐨𝐬𝐢𝐭 𝐅𝐨𝐫 𝐄𝐚𝐜𝐡 𝐓𝐫𝐚𝐝𝐞

React,??m",0d0b95ff4d4df47388a0f68f87fd11ca,2026-09-17T06:55:15+00:00,2026-09-17T13:50:25.182763+00:00,958,crypto_global_watch_1
1383996,29728,"#LONG 🟢🔤🔤🔤🔤🔤

#IO/USDT

Margin Mode : Isolated 💎

...15

🟥 SL : 0.1231- 100%   

📊 LEV : 20X

🇯🇵Premium",69c19df6814616c31f118d6aabbb9fb9,2026-09-17T06:55:15+00:00,2026-09-17T13:50:25.160405+00:00,958,crypto_global_watch_1
1383994,29725,"#BR/USDT SHORT   

👉Leverage : Cross 10× To 30×

E...ofit

1)  0.61
2)  0.56
3)  0.50

⭕Stoploss : 0.71",a8208a051290045114b7a24511f8083c,2026-09-17T06:55:15+00:00,2026-09-17T13:50:25.157737+00:00,958,crypto_global_watch_1
1383992,29727,"#AVA/USDT LONG   

👉Leverage : Cross 10× To 30×

E...

1)  0.245
2)  0.256
3)  0.267

⭕Stoploss : 0.228",318ff535cecfc5bccde188ff1abcb180,2026-09-17T06:55:15+00:00,2026-09-17T13:50:25.148953+00:00,958,crypto_global_watch_1
1393665,29856,"📊 Let’s LONG #COTI/USDT

💥 Leverage:  Cross 20×  -...1) 0.0205
2) 0.0213
3) 0.0227

🔖 Stop Loss: 0.0189",1e44de182125422c8a0e91262f9cc053,2026-09-17T15:30:57+00:00,2026-09-17T15:53:51.712322+00:00,958,crypto_global_watch_1
1393666,29855,"👑 #COTI /USDT — TRADE LONG

LEVERAGE 25X TO 50X

✅...

⛔️ STOP LOSS: 0.01900

⚡️ NO FEAR — JUST PROFITS",da7fe5c6379a1f2f797f4672d38a5186,2026-09-17T15:30:56+00:00,2026-09-17T15:53:51.727602+00:00,958,crypto_global_watch_1
1393667,29854,"#COTI     /USDT (SHORT) 🔽🔽

⌛LEVERAGE : 20X TO 75X...9


💥Use only 1%margin of your total portfolio❤️😘😇",b79197e1cddb37864094f79c5ea05422,2026-09-17T15:15:34+00:00,2026-09-17T15:53:51.765346+00:00,958,crypto_global_watch_1
1393660,29853,"📈 LONG #AVA/USDT 

🚀 LEVERAGE : 75x

📊 ENTRY PRICE...0

TP🟢0.325

TP🟢0.340

STOPLOSS 🔴0.280

REACTIONS?",1a574910bf9f29ee03ddc4bd69d4bb67,2026-09-17T15:15:34+00:00,2026-09-17T15:53:51.629113+00:00,958,crypto_global_watch_1
1393668,29848,"Long #ONE 0.0012500

Tp 0.0012930",9331e142942d153c3c1cbe01d773817c,2026-09-17T14:28:00+00:00,2026-09-17T15:53:51.777938+00:00,958,crypto_global_watch_1
1393664,29852,"✨ARB/USDT

🎗 Trade Type = SHORT 🔴

⭐️ Leverage :- ...125, 0.15936, 0.15785, 0.15626, 0.15452, 0.15256 ]",2c650ef2b6177c97e81225c9b7ef8a2d,2026-09-17T14:28:00+00:00,2026-09-17T15:53:51.706848+00:00,958,crypto_global_watch_1
1393662,29849,"#ONE/USDT

📈Signal: long Leverage: Cross 50X

⚡️En...even after TP1 is hit.

📣Trade Smart • Follow Risk",d2e22b483e5a15186121527e2dae64f1,2026-09-17T14:28:00+00:00,2026-09-17T15:53:51.662386+00:00,958,crypto_global_watch_1
1393657,29850,"🚀 #DRIFTUSDT LONG SIGNAL 🚀  LEVERAGE 50X-75X

📌 EN...ch this move together!

🔓 Trade Smart • Trade Safe",3aac47ebaa0777553c3674c3483321b2,2026-09-17T14:28:00+00:00,2026-09-17T15:53:51.564201+00:00,958,crypto_global_watch_1
1393656,29851,"🌈PAIR:- #ZEC/USDT
⚡️ Direction : LONG
🛠 Leverage: ...nt Usage:- 1 - 2%
(According To your Risk Setting)",9ff42ca91460d0a84543d7e4e2f7ff3b,2026-09-17T14:28:00+00:00,2026-09-17T15:53:51.548260+00:00,958,crypto_global_watch_1
1393652,29838,"🚨 #ZEC/USDT | LONG

⚡Leverage: Cross 20x

🎯Entry T... follow the signal and secure profits at targets.💎",5b745695af9e64eb384f5f8c0ee29153,2026-09-17T14:11:51+00:00,2026-09-17T15:53:51.332170+00:00,958,crypto_global_watch_1
1396367,29871,"🔰 PAIR: ETH/ USDT 💹

🟢Position: LONG🚀

☑️ Entry Zo...2465.56
🥈 2473.26
🥉 2486.54

❌ Stop Loss: 🔴2446.70",acf70ccb85db306f7d8430e97f2ab845,2026-09-17T18:20:11+00:00,2026-09-17T18:40:02.144462+00:00,958,crypto_global_watch_1
1396365,29866,"#SUI

SUI has flipped its trend bullish and is now...gets: 0.7442 / 0.7655 / 0.7929
📉 Stop Loss: 0.7093",645a66ab54e67503cda60796639a2d14,2026-09-17T17:41:14+00:00,2026-09-17T18:40:02.130194+00:00,958,crypto_global_watch_1
1396360,29865,"🚨 #HYPE/USDT | LONG

⚡Leverage: Cross 20x

🎯Entry ... follow the signal and secure profits at targets.💎",35f9bc1b094a3e0c74956c160cc92dea,2026-09-17T17:41:13+00:00,2026-09-17T18:40:02.111742+00:00,958,crypto_global_watch_1
1396357,29860,"✅ Long

Pair: #TRX/USDT

📊 Entry Price: 

1) 0.333...
4) 0.35676

Stop Loss: 0.31288

Leverage: 10x-20x",495d7dcd5a5a44d5251034e40c6b6253,2026-09-17T16:27:32+00:00,2026-09-17T18:40:02.060679+00:00,958,crypto_global_watch_1
1396363,29858,"🔴 SHORT

#DOT/USDT

Entry zone : 1.086959 - 1.0553...54518
0.922701

Stop loss :1.129171

Leverage: 10x",c19719ccbece6e3fdab4696bfa665c73,2026-09-17T16:18:46+00:00,2026-09-17T18:40:02.128058+00:00,958,crypto_global_watch_1
1396358,29859,"🔴 SHORT

#ZEC/USDT

Entry zone : 1517.94 - 1473.73...32.98
1288.55

Stop loss :1576.8911

Leverage: 10x",3dbc6909fe523afef8aa903c869854d9,2026-09-17T16:18:46+00:00,2026-09-17T18:40:02.106751+00:00,958,crypto_global_watch_1
1396356,29857,"⭐ SOL /USDT — SHORT

💵 ENTRY: 103.6-105.00

⚙️ LEV...o

📌 Follow the setup and manage your risk wisely.",7b391c8608076bdda2c0a0c1e5b85e9f,2026-09-17T16:18:46+00:00,2026-09-17T18:40:01.993626+00:00,958,crypto_global_watch_1
1398901,29875,"⌛#ETC/USDT  ( SHORT )

🍁 Leverage 👉 20X to 25X 

⛩... 7.151 | 7.087 | 7.001 | 6.917

🔕 Stoploss = 7.627",8001e7b677cf712b62796787d0199e36,2026-09-17T19:41:25+00:00,2026-09-17T20:38:48.160421+00:00,958,crypto_global_watch_1
1398903,29874,"💎 #Free Signal

🔴 Short

Pair: #LTC/USDT

📊 Entry ...0.91
4) 49.78

Stop Loss: 56.85

Leverage: 10x-20x",c4518500c4e9517c7344685370b11fe5,2026-09-17T19:12:29+00:00,2026-09-17T20:38:48.174159+00:00,958,crypto_global_watch_1
1400191,29887,"📉 SHORT #ZEC 100x

📌 Entry: 1,468

🎯 TP: 1,453

⛔️...t Usage: 1-3%
⚠️ According to your risk management",492d887d4abe85be32865c99a319e7df,2026-09-17T21:39:59+00:00,2026-09-18T00:55:08.027018+00:00,958,crypto_global_watch_1
1400194,29886,"Short #BR 50x 0.66100

Tp: 0.6500",01a63e7d25e97d9d37414c95f4678b65,2026-09-17T21:39:58+00:00,2026-09-18T00:55:08.045323+00:00,958,crypto_global_watch_1
1400189,29885,"#ONE    /USDT (SHORT) 🔽🔽

⌛LEVERAGE : 20X TO 75X

...5


💥Use only 1%margin of your total portfolio❤️😘😇",658d88329de2ac727a9bcd5eb52fc228,2026-09-17T21:36:11+00:00,2026-09-18T00:55:08.019724+00:00,958,crypto_global_watch_1
1411645,29938,"#ONE/USDT SHORT   

👉Leverage : Cross 10× To 30×

...
2)  0.001800
3)  0.001775

⭕Sto ifploss : 0.00190",1feed9215b03fc39956c607b71b70220,2026-09-18T07:15:15+00:00,2026-09-18T07:46:06.646731+00:00,958,crypto_global_watch_1
1411637,29936,"#CHIP/USDT 🟢 LONG

📍 Entry Zone: 0.043091 – 0.0448...n: LONG

⚠️ Manage your risk and trade responsibly",57bd68823683f37e09816c68d20baf40,2026-09-18T07:15:15+00:00,2026-09-18T07:46:06.590691+00:00,958,crypto_global_watch_1
1411640,29935,"Atom   🟢   Long 

Market Price 

Target 
1.661 / 1.680 / 1.700 / 1.750

Stoploss 1.600",29a4fc2bcd12678c8dc508697d3daa07,2026-09-18T07:02:54+00:00,2026-09-18T07:46:06.633388+00:00,958,crypto_global_watch_1
1411641,29934,"✨INJ/USDT

🎗 Trade Type = LONG 🟢

⭐️ Leverage :- 2...fit = [ 6.019, 6.087, 6.140, 6.205, 6.277, 6.340 ]",47e1073e717ae4cd10c879d18c37b6fb,2026-09-18T06:59:34+00:00,2026-09-18T07:46:06.632648+00:00,958,crypto_global_watch_1
1411651,29933,"BTC/USDT Long  | 

Entry  :  77600 

TP   :  78000 / 78200 / 78500

SL  :  77000 | Risk 3% to 5%",b8687b28ca9710d54525e34358aebebf,2026-09-18T06:38:26+00:00,2026-09-18T07:46:06.664970+00:00,958,crypto_global_watch_1
1411652,29919,"⛽️Pair: DRIFT/USDT
Type: LONG 🟢
✅Leverage:  (20X_1...21
2) 0.025
3) 0.032
4) 0.045

❌ STOP LOSS: 0.013❌",3b96e304356d3eded7087c26f676bbc6,2026-09-18T06:38:25+00:00,2026-09-18T07:46:06.680284+00:00,958,crypto_global_watch_1
1411648,29925,"📊#FORM/USDT — LONG

⚡️ Leverage : 10X – 30X

💹Entr...Entry After TP1

⚖️ Follow Proper Risk Management.",96cd8ddaf8fbed96cf507edfc2943965,2026-09-18T06:38:25+00:00,2026-09-18T07:46:06.655673+00:00,958,crypto_global_watch_1
1411638,29923,"⚡️⚡️ #CGPT/USDT ⚡️⚡️
Exchanges: Bingx 
Signal Type...
5) 0.02077
6) 0.02106
7) 🚀🚀🚀

Stop Targets:
5-10%",1e2a058cfa527e7d3c85ff5a6c618a9e,2026-09-18T06:38:25+00:00,2026-09-18T07:46:06.619818+00:00,958,crypto_global_watch_1
1411636,29930,"📊 #ONE/USDT

🔴 POSITION: SHORT

💰 ENTRY RANGE
➤ 0.... 0.00195

━━━━━━━━━━━━━━━━━━

✅ Manage risk wisely",bcb2bc1fdaf131040162e26b1e1e428e,2026-09-18T06:38:25+00:00,2026-09-18T07:46:06.584105+00:00,958,crypto_global_watch_1
1411635,29917,"📊#ONE/USDT–LONG–10x - 30x 🚀

📍 𝐄𝐧𝐭𝐫𝐲 𝐙𝐨𝐧𝐞:

➥ 0.00...tal.

⚠️ Disclaimer:
Trade at your own risk. DYOR.",eb40faa6fdf0d2c381a997cc3779258d,2026-09-18T06:38:25+00:00,2026-09-18T07:46:06.582968+00:00,958,crypto_global_watch_1
1411634,29927,"#ONE/USDT

📈Signal: long Leverage: Cross 20X

⚡️En...even after TP1 is hit.

📣Trade Smart • Follow Risk",9bf813388de7031bd9077fb3ea46ebfd,2026-09-18T06:38:25+00:00,2026-09-18T07:46:06.572678+00:00,958,crypto_global_watch_1
1411632,29928,"⚡️⚡️ #ALLO/USDT ⚡️⚡️
Exchanges: Bingx 
Signal Type...
5) 0.21861
6) 0.22171
7) 🚀🚀🚀

Stop Targets:
5-10%",39b28c885ecfac04f9f8762fa7be979e,2026-09-18T06:38:25+00:00,2026-09-18T07:46:06.566458+00:00,958,crypto_global_watch_1
1411631,29926,"⚡️⚡️ #BAS/USDT ⚡️⚡️
Exchanges: Bingx 
Signal Type:...
5) 0.02529
6) 0.02565
7) 🚀🚀🚀

Stop Targets:
5-10%",366441f8adfe3843167c051b778d4ec0,2026-09-18T06:38:25+00:00,2026-09-18T07:46:06.532971+00:00,958,crypto_global_watch_1
1411630,29924,"⚡️⚡️ #ASTR/USDT ⚡️⚡️
Exchanges: Bingx 
Signal Type...
5) 0.00673
6) 0.00683
7) 🚀🚀🚀

Stop Targets:
5-10%",44e09e24c914670f26671df958d77bfe,2026-09-18T06:38:25+00:00,2026-09-18T07:46:06.526621+00:00,958,crypto_global_watch_1
1411626,29921,"Coin #ONE /USDT

Position: SHORT 

Leverage:  Cros...s: 🎯 0.00161, 0.00153, 0.00145

Stop Loss: 0.00185",1fe3a93b1ea4b3ec96ceb9fad357adfa,2026-09-18T06:38:25+00:00,2026-09-18T07:46:06.513888+00:00,958,crypto_global_watch_1
1411625,29931,"#ONE / USDT — BUY (LONG) 
Leverage: Cross 25x – 50...T IS KEY
👉 Use ONLY 2 – 3% of your total portfolio",b6048b71981105051c52fea5c50c79f2,2026-09-18T06:38:25+00:00,2026-09-18T07:46:06.513121+00:00,958,crypto_global_watch_1
1411624,29932,"#LONG 🟢🔤🔤🔤🔤🔤

#WLD/USDT

Margin Mode : Isolated 💎
...4

🟥 SL : 0.4053 - 100%   

📊 LEV : 20X

🇯🇵Premium",2d33d752b9d76ab8092a5de7c828d6ea,2026-09-18T06:38:25+00:00,2026-09-18T07:46:06.509110+00:00,958,crypto_global_watch_1
1411621,29911,"AVAX-USD  
Exchanges: BYBIT

🔴 Short 
Leverage- Cr... 6.50
4) 5.98
5) 5.50
6) 5.06
7) 🚀🚀🚀 

⛔️ SL:
7.48",0e19af6f21aed132383ab080f79acb52,2026-09-18T06:38:25+00:00,2026-09-18T07:46:06.494685+00:00,958,crypto_global_watch_1
1411617,29929,"⚡ #POLYX/USDT

📤 Long 

💹 Buy: 0.03781 - 0.03648

...1 - 0.04010

🧨 StopLoss: 0.03400 

🔘 Leverage: 20x",fa5f0adcfa1bad245f9ea5d119d696b0,2026-09-18T06:38:25+00:00,2026-09-18T07:46:06.452871+00:00,958,crypto_global_watch_1
1411642,29907,"📊 Let’s LONG #PROM/USDT

💥 Leverage:  Cross 20×  -...1) 5.7200
2) 5.8180
3) 5.9650

🔖 Stop Loss: 5.3750",9788194807c4c5027f8962240f872cae,2026-09-18T06:38:24+00:00,2026-09-18T07:46:06.637000+00:00,958,crypto_global_watch_1
1411639,29909,"SHORT CIFR/USDT📈📈📈

ENTRY: 19.19

TP1: 17.19

TP2:...agement 🏆

Use only 10% of your 📈Available balance",68c5ad8b53ca49a5cc650a3dbbda01f8,2026-09-18T06:38:24+00:00,2026-09-18T07:46:06.628763+00:00,958,crypto_global_watch_1
1411628,29906,"#SOMIUSDT — BUY (LONG) 
🎉
🟢 Leverage: Cross  50x

...Risk Management:
Use only 2%– 3%of your portfolio.",2e3d23e2d175908af9944584e9f7751b,2026-09-18T06:38:24+00:00,2026-09-18T07:46:06.523206+00:00,958,crypto_global_watch_1
1416513,29981,"⭐ G /USDT — SHORT

💵 ENTRY: 0.007460-0.007800

⚙️ ...o

📌 Follow the setup and manage your risk wisely.",ac07225adc5e15b13a6d596ed1babf8c,2026-09-18T09:35:23+00:00,2026-09-18T09:45:26.841791+00:00,958,crypto_global_watch_1
1416531,29979,"Long #BANK 50x 0.03020

Tp: 0.03070",38f0556e5f81701a85918c5708ae4801,2026-09-18T09:32:50+00:00,2026-09-18T09:45:26.941137+00:00,958,crypto_global_watch_1
1416517,29980,"🚀 #ETHFIUSDT LONG SIGNAL 🚀  LEVERAGE 50X-75X

📌 EN...ch this move together!

🔓 Trade Smart • Trade Safe",f45a612a5d88deb5fd07264d7cfdb130,2026-09-18T09:32:50+00:00,2026-09-18T09:45:26.891079+00:00,958,crypto_global_watch_1
1416538,29978,"🚀 LONG: $ONE/USDT
LEVERAGE: 50x

✔️ENTRY PRICE: 0....001900-0.002000

STOP LOSS:  0.001680


REACTIONS?",21261cf8bb8b638f9f7610824b393832,2026-09-18T09:22:30+00:00,2026-09-18T09:45:26.987476+00:00,958,crypto_global_watch_1
1416535,29974,"Coin #XRP/USDT

Position: LONG 

Leverage:  Cross ...1.27

Targets: 🎯 1.54, 1.78, 2.16

Stop Loss: 1.21",43693424e80a22a17decd8c901ed7520,2026-09-18T09:22:30+00:00,2026-09-18T09:45:26.980316+00:00,958,crypto_global_watch_1
1416529,29975,"🔰 PAIR: ACH/ USDT 💹

🟢Position: LONG🚀

☑️ Entry Zo...0.00539
🥈 0.00548
🥉 0.00564

❌ Stop Loss: 🔴0.00512",a1f4d8ff5eadf31c11c543160ac68dd5,2026-09-18T09:22:30+00:00,2026-09-18T09:45:26.935552+00:00,958,crypto_global_watch_1
1416528,29977,"🔴 Short

Pair: #YFI/USDT

📊 Entry Price: 

1) 2191....6
4) 2039.4

Stop Loss: 2329.0

Leverage: 10x-20x",177de8f8c4b7ed395ed2d2e10560233c,2026-09-18T09:22:30+00:00,2026-09-18T09:45:26.926159+00:00,958,crypto_global_watch_1
1416526,29976,"⭐ ETHFI /USDT — LONG

💵 ENTRY: 0.6750-0.6500

⚙️ L...o

📌 Follow the setup and manage your risk wisely.",17149ab5996e151ba0348544fbe07c4d,2026-09-18T09:22:30+00:00,2026-09-18T09:45:26.912441+00:00,958,crypto_global_watch_1
1416532,29973,"⭐ ROBO /USDT — LONG

💵 ENTRY: 0.009260-0.008700

⚙...o

📌 Follow the setup and manage your risk wisely.",12f66052058f4a2eda783d6cc5e334f8,2026-09-18T09:20:50+00:00,2026-09-18T09:45:26.940490+00:00,958,crypto_global_watch_1
1416518,29972,"Long #BANK 50x 0.02950

Tp: 0.03000",ddb0004333854d9585c33746cbc831cd,2026-09-18T09:20:50+00:00,2026-09-18T09:45:26.893915+00:00,958,crypto_global_watch_1
1416540,29971,"#ROBOUSDT — BUY (LONG) 
🎉
🟢 Leverage: Cross  50x

...Risk Management:
Use only 2%– 3%of your portfolio.",2f80f6ab82b3a2365e26a502516dac36,2026-09-18T09:19:32+00:00,2026-09-18T09:45:26.995700+00:00,958,crypto_global_watch_1
1416547,29970,"💰#ETHFI/ USDT👑

💎Setup Type: Strong LONG  🔖Opportu...00

4️⃣TP ➝ 0.9000

🚫Stop Loss: 0.5800


REACTS !!",75e331891e192dee1f977eb366cec8b6,2026-09-18T09:19:31+00:00,2026-09-18T09:45:27.035813+00:00,958,crypto_global_watch_1
1416543,29968,"G USDT 🟢 LONG 

Entry Now Market 

Targets: 0.0080....008700 / 0.009350

Stop Target: 0.007310

Lev 50x",1c4866a59408bb175aee89f7ab24520c,2026-09-18T09:19:31+00:00,2026-09-18T09:45:27.011197+00:00,958,crypto_global_watch_1
1416524,29966,"BTC/USDT 

LONG LONG LONG 

Entry  At Market Price...

TP    78000 / 78300

20x   Leverage 

SL   77000",8e99665c4a209f22e9594412ec075499,2026-09-18T09:18:07+00:00,2026-09-18T09:45:26.910613+00:00,958,crypto_global_watch_1
1416521,29967,"⭐ G /USDT — LONG

💵 ENTRY: 0.008000-0.007600

⚙️ L...o

📌 Follow the setup and manage your risk wisely.",7b682715d78b9f62cf14c65be94a852a,2026-09-18T09:18:07+00:00,2026-09-18T09:45:26.903464+00:00,958,crypto_global_watch_1
1416549,29964,"#ARXUSDT — BUY (LONG) 
🎉
🟢 Leverage: Cross  50x

⚡...Risk Management:
Use only 2%– 3%of your portfolio.",971eac19f76c692b1a3234f7489eddc0,2026-09-18T09:16:48+00:00,2026-09-18T09:45:27.060464+00:00,958,crypto_global_watch_1
1416546,29963,"🪙#ETHFI/USDT

🚩POSITION — LONG

🔒  LEVERAGE — 20X7...🥈: 0.6910
TP🥉: 0.7120

⛔️ SL: 0.6020

🔥REACTIONS?😜",6f0e2e4ea20b9fa8eb23eb1e3b96fea7,2026-09-18T09:14:44+00:00,2026-09-18T09:45:27.026908+00:00,958,crypto_global_watch_1
1416539,29962,"#ETHFI/USDT LONG NOW 📉
🏠ENTRY: ( 0.6689)",ea467442aca6eda0435c5d641a4b231d,2026-09-18T09:14:44+00:00,2026-09-18T09:45:26.992941+00:00,958,crypto_global_watch_1
1416520,29961,"↗️ LONG #G 50x

📌 Entry: 0.008050

🎯 TP: 0.008350
...t Usage: 1-3%
⚠️ According to your risk management",e9aa9e5bdfdf9ef060ca056dd524d800,2026-09-18T09:11:37+00:00,2026-09-18T09:45:26.897109+00:00,958,crypto_global_watch_1
1416530,29960,"💰#G/ USDT👑

💎Setup Type: Strong LONG  🔖Opportunity...➝ 0.009000

4️⃣TP ➝ 0.009700

🚫Stop Loss: 0.007200",21a2bb7de032010b37a3ba81a80e3daf,2026-09-18T09:07:37+00:00,2026-09-18T09:45:26.937446+00:00,958,crypto_global_watch_1
1416542,29959,"🔴 SHORT

#COMP/USDT

Entry : 

1) 20.35
2) 20.96

...) 18.94

🛑 Stop : 21.63

Leverage : 10x (isolated)",e6026e7fcce83d05d7a57e4e080a2c2e,2026-09-18T09:06:49+00:00,2026-09-18T09:45:27.000541+00:00,958,crypto_global_watch_1
1416519,29958,"🪙#ONE/USDT

🚩POSITION — SHORT

🔒  LEVERAGE — 20X75...🥈: 0.1470
TP🥉: 0.1400

⛔️ SL: 0.1770

🔥REACTIONS?😜",27ed8b3301b5d7d865fc8d9e2aea2a36,2026-09-18T09:05:46+00:00,2026-09-18T09:45:26.895068+00:00,958,crypto_global_watch_1
1416534,29956,"🪙#ONE/USDT

🚩POSITION — SHORT

🔒  LEVERAGE — 20X75...100
TP🥉: 0.0015200

⛔️ SL: 0.0018900

🔥REACTIONS?😜",2359b54f01865d39a408edc3f4e7f4c3,2026-09-18T08:29:45+00:00,2026-09-18T09:45:26.979515+00:00,958,crypto_global_watch_1
1416527,29955,"#ONE/USDT SHORT NOW 📉
🏠ENTRY: ( 0.0017144)",af189d1c4f7453e214809d0207a2d0ab,2026-09-18T08:29:45+00:00,2026-09-18T09:45:26.921432+00:00,958,crypto_global_watch_1
1416545,29953,"⚡️ ETH/USDT ⚡️

🔻 SCALP LONG

💎 Leverage: 10x – 15...Loss: $2455

⚠️ Trade with proper risk management.",1db47a02ed9b0b1d195993d0eb8f165e,2026-09-18T08:28:39+00:00,2026-09-18T09:45:27.015797+00:00,958,crypto_global_watch_1
1416544,29950,"🪙 Coin: #CROSS/USDT
🧭 Type: #LONG

📈 Entry Zone:
0... within the zone and maintain strict risk control.",74e6d1fac4d63368a668845f0f840bb5,2026-09-18T08:28:39+00:00,2026-09-18T09:45:27.013631+00:00,958,crypto_global_watch_1
1416541,29951,"#CROSS/USDT LONG   

👉Leverage : Cross 10× To 30×
...)  0.180
2)  0.185
3)  0.195

⭕Sto ifploss : 0.167",c19753593b6c8b4f5b991747fab3a4db,2026-09-18T08:28:39+00:00,2026-09-18T09:45:26.997633+00:00,958,crypto_global_watch_1
1416537,29947,"#DRIFT/ USDT — BUY (LONG) 
Leverage: Cross 25x – 5...T IS KEY
👉 Use ONLY 2 – 3% of your total portfolio",d9bd0fa6279ff25969e8fc820dabee53,2026-09-18T08:28:39+00:00,2026-09-18T09:45:26.983093+00:00,958,crypto_global_watch_1
1416533,29946,"📊 Let’s LONG #G/USDT

💥 Leverage:  Cross 20×  - 

...1) 0.0069
2) 0.0071
3) 0.0073

🔖 Stop Loss: 0.0064",42edde19313d30080d688c9f19025211,2026-09-18T08:28:39+00:00,2026-09-18T09:45:26.969380+00:00,958,crypto_global_watch_1
1416523,29944,"🚨 #ETH/USDT | LONG 

⚡Leverage: Cross 20-200x

🎯En... follow the signal and secure profits at targets.💎",f3a25be458840df30e28036d8c735dd8,2026-09-18T08:28:39+00:00,2026-09-18T09:45:26.906643+00:00,958,crypto_global_watch_1
1416522,29949,"⭐️$G/USDT  LONG 

🛡Leverage : Cross 25x50

‼️Entry...005792

Use only 3% - 5% amount of your portfolio🛍",5e918baabc16baa1475506f70516bb1b,2026-09-18T08:28:39+00:00,2026-09-18T09:45:26.906023+00:00,958,crypto_global_watch_1
1416516,29945,"#NEAR/USDT LONG   

👉Leverage : Cross 10× To 30×

...t

1)  3.57
2)  3.72
3)  4.00

⭕Sto ifploss : 3.29",ff91e3bd3123a3809d6d463e71e2dffa,2026-09-18T08:28:39+00:00,2026-09-18T09:45:26.880547+00:00,958,crypto_global_watch_1
1416512,29952,"📊 Let’s LONG #DRIFT/USDT

💥 Leverage:  Cross 20×  ...01710
2) 0.01800
3) 0.01980

🔖 Stop Loss: 0.015900",9c2723e9a55c2ea0745bb36007cda4ac,2026-09-18T08:28:39+00:00,2026-09-18T09:45:26.824795+00:00,958,crypto_global_watch_1
1416511,29943,"👑 #NEAR/USDT — TRADE LONG

LEVERAGE 25X TO 50X

✅ ...0

⛔️ STOP LOSS: 3.2900

⚡️ NO FEAR — JUST PROFITS",c0bf5fccc10e79098b95b230da8e11cb,2026-09-18T08:28:39+00:00,2026-09-18T09:45:26.791633+00:00,958,crypto_global_watch_1
1416510,29942,"#G/USDT

📈Signal: long Leverage: Cross 20X

⚡️Entr...even after TP1 is hit.

📣Trade Smart • Follow Risk",bf2d1bf9b0d52c08fe59ea690a8a2ee4,2026-09-18T08:28:39+00:00,2026-09-18T09:45:26.742207+00:00,958,crypto_global_watch_1
1416509,29941,"🚨 #ETHFI/USDT | LONG

⚡Leverage: Cross 20x

🎯Entry... follow the signal and secure profits at targets.💎",0ccc6fbddb8ae02f481c6f54a7b66fe2,2026-09-18T08:28:39+00:00,2026-09-18T09:45:26.687224+00:00,958,crypto_global_watch_1
1416508,29939,"🚨 #ARB/USDT | LONG

⚡Leverage: Cross 20x

🎯Entry T... follow the signal and secure profits at targets.💎",39a1226d10482ff64d9a49e68e92be7c,2026-09-18T08:28:39+00:00,2026-09-18T09:45:26.626764+00:00,958,crypto_global_watch_1
1416507,29940,"⚡️$WLD/USDT⚡️

SHORT
Leverage: 25X

Entry: 0.4278 ...t:

1)0.4192
2)0.4107
3)0.4021

Stoploss: 0.466302",e2e2324b7d3f1a0fd8fd7582464ffd00,2026-09-18T08:28:39+00:00,2026-09-18T09:45:26.610700+00:00,958,crypto_global_watch_1
1420493,30008,"#AKE/USDT

📈Signal: long Leverage: Cross 20X

⚡️En...even after TP1 is hit.

📣Trade Smart • Follow Risk",6aa9ec64020d5547406f9b155242f35f,2026-09-18T11:45:19+00:00,2026-09-18T11:49:32.047848+00:00,958,crypto_global_watch_1
1420509,30007,"✅ Long

#DASH/USDT

Entry zone : 56.43 - 58.18

Ta....94
63.67
65.41

Stop loss :54.1074

Leverage: 10x",9e0a60ea0363c130b3c3520212a2e6ad,2026-09-18T11:44:40+00:00,2026-09-18T11:49:32.146443+00:00,958,crypto_global_watch_1
1420508,30006,"⭐ NEAR /USDT — SHORT

💵 ENTRY: 3.4500-3.7000

⚙️ L...o

📌 Follow the setup and manage your risk wisely.",257bbefb24e9ca7660df18e14b390d17,2026-09-18T11:37:53+00:00,2026-09-18T11:49:32.141691+00:00,958,crypto_global_watch_1
1420504,30005,"Pair: #ONE/USDT

Short • (20X)

Entry
0.001910 - 0...t your own risk. Always use proper risk management",73b4dd5b9fa7f7a0063e2ecf5df3e589,2026-09-18T11:37:53+00:00,2026-09-18T11:49:32.117484+00:00,958,crypto_global_watch_1
1420507,30000,"🚨 #UNI/USDT | LONG 

⚡Leverage: Cross 25x

🎯Entry ... follow the signal and secure profits at targets.💎",8ceaf343fbd9f6ac6b01585249a5ca75,2026-09-18T11:32:31+00:00,2026-09-18T11:49:32.134472+00:00,958,crypto_global_watch_1
1420505,29999,"➡️ #SYRUP    /USDT (LONG) 🔼🔼

⌛LEVERAGE : 20X TO 7...9


💥Use only 1%margin of your total portfolio❤️😘😇",779ad2eac0a4637f64201111dc956d87,2026-09-18T11:32:31+00:00,2026-09-18T11:49:32.127932+00:00,958,crypto_global_watch_1
1420500,29997,"⭐ G /USDT — LONG

💵 ENTRY: 0.007800-0.007200

⚙️ L...o

📌 Follow the setup and manage your risk wisely.",36d69c1cf8f30a73e4b4d941a6f2c3b1,2026-09-18T11:32:31+00:00,2026-09-18T11:49:32.095193+00:00,958,crypto_global_watch_1
1420492,29998,"📈 LONG #G/USDT 

🚀 LEVERAGE : 50x

📊 ENTRY PRICE  ...0.00890

TP🟢0.00950

STOPLOSS 🔴0.00770

REACTIONS?",f49f85d464f7c0075d0875138fac8555,2026-09-18T11:32:31+00:00,2026-09-18T11:49:32.041631+00:00,958,crypto_global_watch_1
1420499,29995,"#G USDT — BUY (LONG) 
🎉
🟢 Leverage: Cross  50x

⚡️...top Loss: 0.006500

🔽 Risk Management:

 REACTS !!",d590498992cb4f3c278101b6b7c45830,2026-09-18T10:28:26+00:00,2026-09-18T11:49:32.093506+00:00,958,crypto_global_watch_1
1420496,29996,"📊 Let’s SHORT #AR/USDT

💥 Leverage:  Cross 20×  - ...s: 

1) 3.097
2) 2.975
3) 2.862

🔖 Stop Loss: 3.34",39c54d684d85b7cf7ea46cfffc03af4d,2026-09-18T10:28:26+00:00,2026-09-18T11:49:32.056081+00:00,958,crypto_global_watch_1
1420494,29993,"⭐️$G/USDT  LONG 

🛡Leverage : Cross 25x50

‼️Entry...006165

Use only 3% - 5% amount of your portfolio🛍",66ab8bc6278085e4f64cfc8a13571f84,2026-09-18T10:22:21+00:00,2026-09-18T11:49:32.054769+00:00,958,crypto_global_watch_1
1420503,29989,"⌛#FIL/USDT  ( LONG )

🍁 Leverage 👉 20X to 25X 

⛩️...48 | 0.9125 | 0.9236 | 0.9329

🔕 Stoploss = 0.8502",71b19bde0c47a7fc1e7cbd75e954a1bd,2026-09-18T10:07:43+00:00,2026-09-18T11:49:32.114559+00:00,958,crypto_global_watch_1
1420502,29990,"#ZAMA    /USDT (SHORT) 🔽🔽

⌛LEVERAGE : 20X TO 75X
...9


💥Use only 1%margin of your total portfolio❤️😘😇",4ee739f521401d67cc6cb901954c83a0,2026-09-18T10:07:43+00:00,2026-09-18T11:49:32.110420+00:00,958,crypto_global_watch_1
1420495,29991,"#ETHFI USDT — BUY (LONG) 
🎉
🟢 Leverage: Cross  50x...️Stop Loss: 0.6000

🔽 Risk Management:

 REACTS !!",ebcbb1c323e7ad28df32dc0abf26666f,2026-09-18T10:07:43+00:00,2026-09-18T11:49:32.055456+00:00,958,crypto_global_watch_1
1420501,29985,"👑 #UNI/USDT — TRADE LONG

LEVERAGE 25X TO 50X

✅ E....05

⛔️ STOP LOSS: 8.47

⚡️ NO FEAR — JUST PROFITS",f9747c63a55810877f0c20e04c4d8c3e,2026-09-18T10:01:59+00:00,2026-09-18T11:49:32.109826+00:00,958,crypto_global_watch_1
1420490,29986,"#UNI/USDT LONG   

👉Leverage : Cross 10× To 30×

E...

1)  9.21
2)  9.60
3)  10.05

⭕Sto ifploss : 8.47",cf8f7887211f72dbd9304cb188b874a2,2026-09-18T10:01:59+00:00,2026-09-18T11:49:31.979175+00:00,958,crypto_global_watch_1
1420489,29987,"#S    /USDT (SHORT) 🔽🔽

⌛LEVERAGE : 20X TO 75X

📊 ...8


💥Use only 1%margin of your total portfolio❤️😘😇",b1f4f27312a3515ed74a63e8d6c68309,2026-09-18T10:01:59+00:00,2026-09-18T11:49:31.978160+00:00,958,crypto_global_watch_1
1423764,30020,"📈 LONG #G/USDT 

🚀 LEVERAGE : 50x

📊 ENTRY PRICE  ....00880

TP🟢0.00920

STOPLOSS 🔴0.00785


REACTIONS?",a9cd4c3d45a00d178c3c237f25fd9f37,2026-09-18T13:21:18+00:00,2026-09-18T13:43:28.964042+00:00,958,crypto_global_watch_1
1423762,30021,"#MYX    /USDT (SHORT) 🔽🔽

⌛LEVERAGE : 20X TO 75X

...0


💥Use only 1%margin of your total portfolio❤️😘😇",f32dafdeca73734b73daa8b19c7f7410,2026-09-18T13:21:18+00:00,2026-09-18T13:43:28.951787+00:00,958,crypto_global_watch_1
1423760,30019,"📈 LONG #STRK/USDT 

🚀 LEVERAGE : 75x

📊 ENTRY PRIC...P🟢0.0360

TP🟢0.0380

STOPLOSS 🔴0.0320


REACTIONS?",3bafbdaa01bf9b24ab6d56afd062ad92,2026-09-18T13:21:18+00:00,2026-09-18T13:43:28.942734+00:00,958,crypto_global_watch_1
1423758,30022,"👑My Coin: $DRIFT/USDT
👀Looking for SHORT

🌟0.01555...️I Will Set: 0.01608
°°°°°°°°°°°°°° As my stoploss",ef34824393d45b694a20e994b166cef7,2026-09-18T13:21:18+00:00,2026-09-18T13:43:28.933158+00:00,958,crypto_global_watch_1
1423759,30018,"🟢 Long

#BNB/USDT

Entry : 

1) 746.720
2) 724.318...7.806

🛑 Stop : 699.676

Leverage : 10x (isolated)",2fdaf11e14feae1aec808549dbc93e5d,2026-09-18T12:58:59+00:00,2026-09-18T13:43:28.935561+00:00,958,crypto_global_watch_1
1423763,30017,"⭐️$G/USDT  LONG 

🛡Leverage : Cross 25x50

‼️Entry...006815

Use only 3% - 5% amount of your portfolio🛍",50e4db8dc63c8663f564ea763998d8b0,2026-09-18T12:20:05+00:00,2026-09-18T13:43:28.954464+00:00,958,crypto_global_watch_1
1423755,30015,"⭐ SOMI /USDT — LONG

💵 ENTRY: 0.1800-0.17100

⚙️ L...o

📌 Follow the setup and manage your risk wisely.",c5696043994fb0e5aaf48ccd99573f14,2026-09-18T12:20:05+00:00,2026-09-18T13:43:28.898339+00:00,958,crypto_global_watch_1
1423757,30014,"📊 ETHFI/USDT — LONG 

📍 ENTRY: 0.6940

🎯 TARGET 1:...Manage your risk & trade responsibly.

🔥 LET’S GO!",0d0b39d5590fbf443e1380dc031c8b7d,2026-09-18T12:09:02+00:00,2026-09-18T13:43:28.931423+00:00,958,crypto_global_watch_1
1423756,30013,"SWING/TRADE 🏆

SHORT INJ/USDT📈📈📈

ENTRY: MARKET PR...agement 🏆

Use only 10% of your 📈Available balance",b23bca15b901dcf63267ab6706ed3885,2026-09-18T12:09:02+00:00,2026-09-18T13:43:28.930531+00:00,958,crypto_global_watch_1
1423754,30012,"XRP/USDT 
      
LONG LONG LONG 

OPEN MARKET PRICE 

TP 1.3450
TP 1.3900

SL 1.2100

LEV 50X",569c680c0e6c0c7f5e4603a98a4bdf81,2026-09-18T12:09:02+00:00,2026-09-18T13:43:28.822774+00:00,958,crypto_global_watch_1
1423753,30011,"🚀 #SOMIUSDT LONG SIGNAL 🚀  LEVERAGE 50X-75X

📌 ENT...ch this move together!

🔓 Trade Smart • Trade Safe",4596e1f7ee35eaa37894cd11c253f191,2026-09-18T11:52:59+00:00,2026-09-18T13:43:28.816343+00:00,958,crypto_global_watch_1
1423751,30009,"👑My Coin: $APT/USDT
👀Looking for SHORT

🌟0.6763 Wi...⚠️I Will Set: 0.6995
°°°°°°°°°°°°°° As my stoploss",7403762bbbdd9883121fdccc8ee0c438,2026-09-18T11:51:17+00:00,2026-09-18T13:43:28.742992+00:00,958,crypto_global_watch_1
1427258,30056,"⛽️Pair: F/USDT
Type: LONG 🟢
✅Leverage:  (20X_100X)...) 0.0057
3) 0.0065
4) 0.0078

❌ STOP LOSS: 0.0040❌",772d2f97c06219b2024ba69f46a8bc1b,2026-09-18T15:26:03+00:00,2026-09-18T15:36:28.054467+00:00,958,crypto_global_watch_1
1427247,30059,"BTC/USD SELL 

Entry : $ 81000

Target1: $  79400
Target2: $ 77200
Target3: $ 74600

SL : $ 83836",cba5faeb2c7a308b8476d638f6460191,2026-09-18T15:26:03+00:00,2026-09-18T15:36:27.965578+00:00,958,crypto_global_watch_1
1427245,30055,"⭐ MET /USDT — LONG

💵 ENTRY: 0.25100-0.24000

⚙️ L...o

📌 Follow the setup and manage your risk wisely.",04ad68bebb868984c8afa54e42abf457,2026-09-18T15:16:41+00:00,2026-09-18T15:36:27.949203+00:00,958,crypto_global_watch_1
1427243,30050,"🚀 LONG: $NEAR/USDT
LEVERAGE: 50x

✔️ENTRY PRICE: 3...OFIT

3.73-3.90-4.20

STOP LOSS:  3.44

REACTIONS?",ff7df13e1b678148165fda2f4ed7fc6f,2026-09-18T15:00:52+00:00,2026-09-18T15:36:27.879707+00:00,958,crypto_global_watch_1
1427252,30042,"#METUSDT — BUY (LONG) 
🎉
🟢 Leverage: Cross  50x

⚡...⛔️Stop Loss: 0.2355

🔽 Risk Management'
 REACTS !!",e86d5ae394b942619ef42c664ca1dad0,2026-09-18T14:33:25+00:00,2026-09-18T15:36:28.034045+00:00,958,crypto_global_watch_1
1427264,30041,"$SOL LONG ⚡️

LEVERAGE 20-100X💎

ENTER NOW : 109🔼

TARGET: (112-115-118-121)🔥

STOPLOSS: (102.00)",3551c7252f2dd1f406c5bcc773b8d437,2026-09-18T14:32:14+00:00,2026-09-18T15:36:28.107194+00:00,958,crypto_global_watch_1
1427249,30040,"🟢LONG  #BTCUSDT

🔶 Entry : 80000 - 80100

➡️ Lever...ake Profit Targets :

👉 81100

🛑 Stop Loss : 79000",ed479eefc17ad45436c759354766e584,2026-09-18T14:32:14+00:00,2026-09-18T15:36:27.974269+00:00,958,crypto_global_watch_1
1427272,30035,"✅Entry 0.02640 - 0.02600

(🆘LONG AKEUSDT 5-20x🆘)

... $0.02785
🏹Target 6  $0.02810

🚫Stop loss -0.02494",5f6356044d096263cbabdbe1791cccb1,2026-09-18T14:25:30+00:00,2026-09-18T15:36:28.182131+00:00,958,crypto_global_watch_1
1427269,30037,"🔴 SHORT

#ETC/USDT

Entry : 

1) 7.960
2) 8.198

T...) 7.409

🛑 Stop : 8.461

Leverage : 10x (isolated)",2811d029d1b9a1ee5e89547dcb1bde44,2026-09-18T14:25:30+00:00,2026-09-18T15:36:28.134477+00:00,958,crypto_global_watch_1
1427267,30038,"⛽️Pair: MYX/USDT
Type: LONG 🟢
✅Leverage:  (20X_100...07
2) 0.120
3) 0.135
4) 0.158

❌ STOP LOSS: 0.080❌",b15fc39b072e539768ec76d18543a05f,2026-09-18T14:25:30+00:00,2026-09-18T15:36:28.120628+00:00,958,crypto_global_watch_1
1427263,30039,"#CHR | LONG SETUP

💰 Entry: $0.017007

🎯 Target1: ...t4: $0.01765
🎯 Target5: $0.01789

🛡 STOP: $0.01616",5f83eb7dc0944ab7600038fc3a138abf,2026-09-18T14:25:30+00:00,2026-09-18T15:36:28.102264+00:00,958,crypto_global_watch_1
1427251,30033,"#LONG 🟢🔤🔤🔤🔤🔤

#ONDO/USDT

Margin Mode : Isolated 💎...0

🟥 SL : 0.3782 - 100%   

📊 LEV : 20X

🇯🇵Premium",c6d5bf5c8229c4f4342abc4e1ecc7ba3,2026-09-18T14:25:30+00:00,2026-09-18T15:36:28.023613+00:00,958,crypto_global_watch_1
1427266,30031,"🔘 Coin : #AR/USDT 🔘

🔴 SHORT

🔺Entry🔻: 3.108

⭐️ T....983 - 2.921

♦️ StopLoss : 3.213

🔱 Leverage: 25x",d300560717c9b6a0dafda7c5e1b6c53b,2026-09-18T14:20:56+00:00,2026-09-18T15:36:28.110274+00:00,958,crypto_global_watch_1
1427244,30030,"#MYX    /USDT (SHORT) 🔽🔽

⌛LEVERAGE : 20X TO 75X

...0


💥Use only 1%margin of your total portfolio❤️😘😇",f32dafdeca73734b73daa8b19c7f7410,2026-09-18T14:20:56+00:00,2026-09-18T15:36:27.899929+00:00,958,crypto_global_watch_1
1427241,30028,"📈 LONG #G/USDT 

🚀 LEVERAGE : 50x

📊 ENTRY PRICE  ....00880

TP🟢0.00920

STOPLOSS 🔴0.00785


REACTIONS?",a9cd4c3d45a00d178c3c237f25fd9f37,2026-09-18T14:20:56+00:00,2026-09-18T15:36:27.799735+00:00,958,crypto_global_watch_1
1427240,30027,"⭐️$MYX/USDT  LONG 

🛡Leverage : Cross 25x50

‼️Ent....07266

Use only 3% - 5% amount of your portfolio🛍",5cdacf38ca87442a6371a22278ea80ae,2026-09-18T14:20:56+00:00,2026-09-18T15:36:27.760331+00:00,958,crypto_global_watch_1
1427239,30029,"👑My Coin: $DRIFT/USDT
👀Looking for SHORT

🌟0.01555...️I Will Set: 0.01608
°°°°°°°°°°°°°° As my stoploss",ef34824393d45b694a20e994b166cef7,2026-09-18T14:20:56+00:00,2026-09-18T15:36:27.759657+00:00,958,crypto_global_watch_1
1427238,30025,"⭐️$G/USDT  LONG 

🛡Leverage : Cross 25x50

‼️Entry...006712

Use only 3% - 5% amount of your portfolio🛍",bac5fee84d7355883246aeb096492413,2026-09-18T14:20:55+00:00,2026-09-18T15:36:27.750496+00:00,958,crypto_global_watch_1
1431144,30063,"#BR/ USDT — BUY (LONG) 
Leverage: Cross 25x – 50x
...T IS KEY
👉 Use ONLY 2 – 3% of your total portfolio",7381eba90e458b4e9ea879bd10a17be8,2026-09-18T16:04:01+00:00,2026-09-18T17:34:28.538112+00:00,958,crypto_global_watch_1
1431143,30061,"🔴 SHORT

#ONT/USDT

Entry zone : 0.053673 - 0.0521...7133
0.045562

Stop loss :0.0557577

Leverage: 10x",75822277431585da77dedc3481d30773,2026-09-18T15:49:51+00:00,2026-09-18T17:34:28.484728+00:00,958,crypto_global_watch_1
1433843,30105,"⭐️$G/USDT  SHORT 

🛡Leverage : Cross 25x50

‼️Entr...010380

Use only 3% - 5% amount of your portfolio🛍",ed36519c67dae53ba756aec5b2c9ef46,2026-09-18T18:43:18+00:00,2026-09-18T19:27:33.439099+00:00,958,crypto_global_watch_1
1433824,30106,"#AKE   /USDT (SHORT) 🔽🔽

⌛LEVERAGE : 20X TO 75X

📊...8


💥Use only 1%margin of your total portfolio❤️😘😇",f63f2b69dd02aee50d61555c594a670f,2026-09-18T18:43:18+00:00,2026-09-18T19:27:33.147532+00:00,958,crypto_global_watch_1
1433832,30104,GUSDT SHORT NOW,8a91395cf95b584f21c91b04b8963556,2026-09-18T18:43:17+00:00,2026-09-18T19:27:33.340726+00:00,958,crypto_global_watch_1
1433818,30073,"🔴 SHORT

#ETH/USDT

Entry zone : 2659.18 - 2581.73...35.17
2257.33

Stop loss :2762.4511

Leverage: 10x",235d134ccd4d2cf8484e842c61796771,2026-09-18T17:50:11+00:00,2026-09-18T19:27:32.860820+00:00,958,crypto_global_watch_1
1433816,30071,"👑 #BR/USDT — TRADE LONG

LEVERAGE 25X TO 50X

✅ EN...0

⛔️ STOP LOSS: 0.8350

⚡️ NO FEAR — JUST PROFITS",1805fbf0db21b91b8d68935c7bc3e2e4,2026-09-18T17:44:39+00:00,2026-09-18T19:27:32.762389+00:00,958,crypto_global_watch_1
1436313,30110,"⭐ G /USDT — SHORT

💵 ENTRY: 0.007400-0.07600

⚙️ L...o

📌 Follow the setup and manage your risk wisely.",855c058ff3335780edade9d818f1796f,2026-09-18T20:08:53+00:00,2026-09-18T21:25:43.945992+00:00,958,crypto_global_watch_1
1436314,30108,"🔴 Short

Pair: #BAT/USDT

📊 Entry Price: 

1) 0.07...) 0.071812

Stop Loss: 0.082010

Leverage: 10x-20x",a16882d1407646f86b4a4656836d7ea3,2026-09-18T19:49:19+00:00,2026-09-18T21:25:43.993214+00:00,958,crypto_global_watch_1
1436312,30109,"💰#G/ USDT👑

💎Setup Type: Strong SHORT  🔖Opportunit...➝ 0.005500

4️⃣TP ➝ 0.002500

🚫Stop Loss: 0.008860",161521a816d158332deab9efd8167da9,2026-09-18T19:49:19+00:00,2026-09-18T21:25:43.942266+00:00,958,crypto_global_watch_1
1436311,30107,"#AKE   /USDT (SHORT) 🔽🔽

⌛LEVERAGE : 20X TO 75X

📊...99

💥Use only 1%margin of your total portfolio❤️😘😇",5dac33e5c436795cfb6d87dc82608de4,2026-09-18T19:49:19+00:00,2026-09-18T21:25:43.936054+00:00,958,crypto_global_watch_1
1438428,30112,"#BEL | LONG SETUP

💰 Entry: $0.12516

🎯 Target1: $...t4: $0.12992
🎯 Target5: $0.13167

🛡 STOP: $0.11890",2191c3ff56ed3e2b85fdb9c18bf06576,2026-09-18T21:47:31+00:00,2026-09-18T23:20:14.010740+00:00,958,crypto_global_watch_1
1438420,30111,"⭐ GENIUS /USDT — LONG

💵 ENTRY: 0.3424-0.3000

⚙️ ...o

📌 Follow the setup and manage your risk wisely.",f78f8869c7702c8bb53dd6cdac0c90d5,2026-09-18T21:47:31+00:00,2026-09-18T23:20:13.867533+00:00,958,crypto_global_watch_1
1446300,30316,"⭐ ONE /USDT — LONG

💵 ENTRY: 0.004500-0.004270

⚙️...o

📌 Follow the setup and manage your risk wisely.",2f981ebd623154481c6b5ba83510a6be,2026-09-20T01:06:32+00:00,2026-09-20T01:24:21.123919+00:00,958,crypto_global_watch_1
1446307,30314,"💰#ONE / USDT👑

💎Setup Type: Strong LONG  🔖Opportun....0060000

4️⃣TP ➝ 0.0080000

🚫Stop Loss: 0.0030000",80c6f8a8b2f0b8848ecf2393b77b7fec,2026-09-20T01:06:31+00:00,2026-09-20T01:24:21.143351+00:00,958,crypto_global_watch_1
1446303,30313,"⚡️Pair: EVAA/USDT
Type: LONG 🟢
💫Leverage:  (20X_10...50
2) 0.820
3) 0.950
4) 1.210

❌ STOP LOSS: 0.620❌",2fe3f1f176b24ef678d7dd570b43ac4f,2026-09-20T01:06:31+00:00,2026-09-20T01:24:21.136531+00:00,958,crypto_global_watch_1
1446316,30311,"➡️ #BANK     /USDT (LONG) 🔼🔼

⌛LEVERAGE : 20X TO 7...9


💥Use only 1%margin of your total portfolio❤️😘😇",4e349a7082344bb6d01835a5dde202af,2026-09-19T19:09:55+00:00,2026-09-20T01:24:21.165602+00:00,958,crypto_global_watch_1
1446312,30312,"🔴 Short

Pair: #KAVA/USDT

📊 Entry Price: 

1) 0.0...) 0.067484

Stop Loss: 0.077067

Leverage: 10x-20x",831d4f364b0a3ad96833fe850dacd923,2026-09-19T19:09:55+00:00,2026-09-20T01:24:21.157722+00:00,958,crypto_global_watch_1
1446334,30310,"🔴 SHORT

#ETH/USDT

Entry zone : 2725.29 - 2645.92...93.23
2313.46

Stop loss :2831.1344

Leverage: 10x",402697f93611941da6f1d8b09525619f,2026-09-19T18:49:16+00:00,2026-09-20T01:24:21.278643+00:00,958,crypto_global_watch_1
1446323,30309,"#ICP | LONG SETUP

💰 Entry: $2.91

🎯 Target1: $2.9...t4: $3.02058
🎯 Target5: $3.06132

🛡 STOP: $2.76450",b2788088b96849d2600e5187c8da5823,2026-09-19T18:49:16+00:00,2026-09-20T01:24:21.184136+00:00,958,crypto_global_watch_1
1446302,30308,"🌹 #ORDI/USDT

🟢 LONG

✅ Entry: 4.685- 4.59

❌ Stop...l advice.
💰 Stay disciplined. Protect your capital",7f8279384a8286f61297254685daff7b,2026-09-19T18:49:16+00:00,2026-09-20T01:24:21.134542+00:00,958,crypto_global_watch_1
1446336,30306,"🟢 Long

#ZEC/USDT

Entry : 

1) 1493.26
2) 1448.46...95.42

🛑 Stop : 1399.18

Leverage : 10x (isolated)",4b7b2722afa451ba4b4d5a8a2f07949a,2026-09-19T18:49:15+00:00,2026-09-20T01:24:21.294319+00:00,958,crypto_global_watch_1
1446310,30305,"✅ Long

#XMR/USDT

Entry zone : 537.05 - 553.67

T...
605.99
622.51

Stop loss :514.9131

Leverage: 10x",25ebe12e43c1bb476d9541a8955aa5b5,2026-09-19T18:49:15+00:00,2026-09-20T01:24:21.155731+00:00,958,crypto_global_watch_1
1446324,30303,"LONG — ADA

Entry: 0.2283

Targets: 0.2306 / 0.234... 0.2531

Stop: 0.2166

Move SL to entry after TP1.",c577e5446e1e23aa24f61536623b1888,2026-09-19T16:42:22+00:00,2026-09-20T01:24:21.187901+00:00,958,crypto_global_watch_1
1446298,30304,"⭐️$AR/USDT  SHORT 

🛡Leverage : Cross 25x50

‼️Ent... 4.949

Use only 3% - 5% amount of your portfolio🛍",51b0c3908f9ae8cf776a89750ab03ab7,2026-09-19T16:42:22+00:00,2026-09-20T01:24:21.118805+00:00,958,crypto_global_watch_1
1446337,30299,"XTZUSDTUSDT  
Exchanges: BINGX 

🟢 Short
Leverage-....31809000
6) 0.29264000
7) 🚀🚀🚀 

⛔️ SL:
0.38926600",ba4a28a005040b4296e0624a5ccabdaa,2026-09-19T15:47:04+00:00,2026-09-20T01:24:21.295212+00:00,958,crypto_global_watch_1
1446335,30300,"🌈PAIR:- #ONE/USDT
⚡️ Direction : LONG
🛠 Leverage: ...nt Usage:- 1 - 2%
(According To your Risk Setting)",982c131e292f558ad2981eb63858d1ef,2026-09-19T15:47:04+00:00,2026-09-20T01:24:21.284258+00:00,958,crypto_global_watch_1
1446330,30302,"🔴 SHORT

#XTZ/USDT

Entry zone : 0.374714 - 0.3638...29057
0.318088

Stop loss :0.389266

Leverage: 10x",a74998ece5c400be2b4e5205c4b6ecaa,2026-09-19T15:47:04+00:00,2026-09-20T01:24:21.270099+00:00,958,crypto_global_watch_1
1446327,30298,"🚨 #ONE/USDT | LONG 

⚡Leverage: Cross 20x

🎯Entry ... follow the signal and secure profits at targets.💎",a552c308093bb2ea1ebb988ef3016d51,2026-09-19T15:47:04+00:00,2026-09-20T01:24:21.192541+00:00,958,crypto_global_watch_1
1446285,30301,"🚀 #SOMIUSDT LONG SIGNAL 🚀  LEVERAGE 50X-75X

📌 ENT...ch this move together!

🔓 Trade Smart • Trade Safe",732491b09b0e06da60f823ee9f6319e0,2026-09-19T15:47:04+00:00,2026-09-20T01:24:20.739070+00:00,958,crypto_global_watch_1
1446332,30296,"Doge/Usdt long 🟢
with 0.5% Wallet on market price ...osite movement pe jo 5% around the liq manage zero",28e368fd3e57cc6111dc36299e200733,2026-09-19T15:12:29+00:00,2026-09-20T01:24:21.274363+00:00,958,crypto_global_watch_1
1446331,30294,"👑 #BR/USDT — TRADE LONG

LEVERAGE 25X TO 50X

✅ EN...0

⛔️ STOP LOSS: 0.9900

⚡️ NO FEAR — JUST PROFITS",70cf5385fb81980fda5b939fa76963c2,2026-09-19T15:09:59+00:00,2026-09-20T01:24:21.272891+00:00,958,crypto_global_watch_1
1446294,30295,"✨NEAR/USDT

🎗 Trade Type = LONG 🟢

⭐️ Leverage :- ...fit = [ 3.623, 3.659, 3.696, 3.732, 3.777, 3.814 ]",200049b204f0aaf00bf38cd732ea01c8,2026-09-19T15:09:59+00:00,2026-09-20T01:24:21.092505+00:00,958,crypto_global_watch_1
1446339,30293,"✅Entry 0.06925 - 0.06855

(🆘LONG CUSDT 5-20x🆘)

🏹 ... $0.07373
🏹Target 6  $0.07456

🚫Stop loss -0.06507",0e56ce3fc887cd70028d1ce3ebb8409c,2026-09-19T14:33:49+00:00,2026-09-20T01:24:21.300780+00:00,958,crypto_global_watch_1
1446328,30285,"#ONE/USDT LONG   

👉Leverage : Cross 10× To 30×

E...0257
2)  0.00267
3)  0.00288

⭕Stop Loss : 0.00237",3f9325d20bc96ba6f0b60702be25ebc4,2026-09-19T14:33:49+00:00,2026-09-20T01:24:21.256446+00:00,958,crypto_global_watch_1
1446319,30284,"🚀 #ARXUSDT LONG SIGNAL 🚀  LEVERAGE 50X-75X

📌 ENTR...ch this move together!

🔓 Trade Smart • Trade Safe",87cc2f6026c8e6cff7162f75ee6262fe,2026-09-19T14:33:49+00:00,2026-09-20T01:24:21.171097+00:00,958,crypto_global_watch_1
1446315,30290,"#CAP/USDT

📈Signal: long Leverage: Cross 20X

⚡️En...even after TP1 is hit.

📣Trade Smart • Follow Risk",2e5e7fcc85c0c2972d75325e3bd26730,2026-09-19T14:33:49+00:00,2026-09-20T01:24:21.164884+00:00,958,crypto_global_watch_1
1446309,30283,"🔴 SHORT

#XLM/USDT

Entry : 

1) 0.20054
2) 0.2065...18666

🛑 Stop : 0.21317

Leverage : 10x (isolated)",823d608fce648801369013cc7f567d45,2026-09-19T14:33:49+00:00,2026-09-20T01:24:21.147390+00:00,958,crypto_global_watch_1
1446305,30289,"🔰 PAIR: SUI/ USDT 💹

🟢Position: LONG🚀

☑️ Entry Zo...:
🥇 0.8543
🥈 0.8607
🥉 0.8712

❌ Stop Loss: 🔴0.8358",4a1adc9e7b3e4f2a3287adc7c893a367,2026-09-19T14:33:49+00:00,2026-09-20T01:24:21.141062+00:00,958,crypto_global_watch_1
1446308,30286,"📈 LONG #ZAMA/USDT 

🚀 LEVERAGE : 50x

📊 ENTRY PRIC...P🟢0.0830

TP🟢0.0870

STOPLOSS 🔴0.0740


REACTIONS?",5e5bd3670f77f3ba905462339f9ca143,2026-09-19T14:33:49+00:00,2026-09-20T01:24:21.137135+00:00,958,crypto_global_watch_1
1446297,30291,"🚨 #ETH/USDT | LONG 

⚡Leverage: Cross 25x-200x

🎯E... follow the signal and secure profits at targets.💎",cec2a7d3ab9e77ef98b2a35a37af09e5,2026-09-19T14:33:49+00:00,2026-09-20T01:24:21.117784+00:00,958,crypto_global_watch_1
1446295,30288,"#LONG 🟢🔤🔤🔤🔤🔤

#DOT/USDT

Margin Mode : Isolated 💎
...9

🟥 SL : 1.0958 - 100%   

📊 LEV : 30X

🇯🇵Premium",be945a06960aca15413415c090aa4512,2026-09-19T14:33:49+00:00,2026-09-20T01:24:21.098695+00:00,958,crypto_global_watch_1
1446292,30292,LONG CUSDT 0.06925,45f7cf104e75905e7e7045a865fb50ac,2026-09-19T14:33:49+00:00,2026-09-20T01:24:20.962079+00:00,958,crypto_global_watch_1
1446343,30279,"🚀 LONG: $AKE/USDT
LEVERAGE: 50x

✔️ENTRY PRICE: 0....-0.06570-0.07250

STOP LOSS:  0.05840


REACTIONS?",0c23efa57571e9fedfd10e402ff0fdb2,2026-09-19T14:33:48+00:00,2026-09-20T01:24:21.320030+00:00,958,crypto_global_watch_1
1446341,30281,"🪙#CAP/USDT

🚩POSITION — SHORT

🔒  LEVERAGE — 20X75...0.06050
TP🥉: 0.05600

⛔️ SL: 0.07500

🔥REACTIONS?😜",0c7de143b26aea88e7a0eeecc229e9dd,2026-09-19T14:33:48+00:00,2026-09-20T01:24:21.317905+00:00,958,crypto_global_watch_1
1446321,30277,"#ONE  / USDT — BUY (LONG) 
Leverage: Cross 25x – 5...T IS KEY
👉 Use ONLY 2 – 3% of your total portfolio",9526af13036cf4268df81571c25419b2,2026-09-19T14:33:48+00:00,2026-09-20T01:24:21.175783+00:00,958,crypto_global_watch_1
1446313,30282,"➡️ #B2      /USDT (LONG) 🔼🔼

⌛LEVERAGE : 20X TO 75...00

💥Use only 1%margin of your total portfolio❤️😘😇",6207c950b4959fb4cc7a5e8f6a4df338,2026-09-19T14:33:48+00:00,2026-09-20T01:24:21.161065+00:00,958,crypto_global_watch_1
1446304,30280,"📊 Let’s LONG #POWER/USDT

💥 Leverage:  Cross 20×  ... 

1) 0.132
2) 0.137
3) 0.143

🔖 Stop Loss: 0.1206",b6de4a75e5a17b178df619e81fbfd325,2026-09-19T14:33:48+00:00,2026-09-20T01:24:21.139947+00:00,958,crypto_global_watch_1
1446299,30278,"#POWER/USDT

📈Signal: long Leverage: Cross 20X

⚡️...even after TP1 is hit.

📣Trade Smart • Follow Risk",a9e299f5c20c1ea0bcd5b4762e4e57dd,2026-09-19T14:33:48+00:00,2026-09-20T01:24:21.122048+00:00,958,crypto_global_watch_1
1446290,30275,"⌛#UNI/USDT  ( LONG )

🍁 Leverage 👉 20X to 25X 

⛩️... 9.405 | 9.499 | 9.614 | 9.701

🔕 Stoploss = 8.811",4fe345355cc93f91f44ff76ca0963064,2026-09-19T11:53:11+00:00,2026-09-20T01:24:20.950658+00:00,958,crypto_global_watch_1
1446329,30272,"🔰 PAIR: XRP/ USDT 💹

🔴Position: SHORT🚀

☑️ Entry Z...:
🥇 1.4136
🥈 1.3994
🥉 1.3818

❌ Stop Loss: 🔴1.4475",172448e766b481dbc5020cd900607f50,2026-09-19T11:21:25+00:00,2026-09-20T01:24:21.257816+00:00,958,crypto_global_watch_1
1446322,30274,"#SAGA/USDT

📈Signal: long Leverage: Cross 20X

⚡️E...even after TP1 is hit.

📣Trade Smart • Follow Risk",e60de7e78e10dd2a0ef4c5f603f66be1,2026-09-19T11:21:25+00:00,2026-09-20T01:24:21.178290+00:00,958,crypto_global_watch_1
1446306,30273,"📊 Let’s LONG #ONE/USDT

💥 Leverage:  Cross 20×  - ...00261
2) 0.00273
3) 0.00290

🔖 Stop Loss: 0.002380",c6b31683816dd9567fa165b9c1d0c40e,2026-09-19T11:21:25+00:00,2026-09-20T01:24:21.135850+00:00,958,crypto_global_watch_1
1446314,30271,"🔴 Short

Pair: #ETC/USDT

📊 Entry Price: 

1) 8.55....145
4) 7.964

Stop Loss: 9.096

Leverage: 10x-20x",f2a6c596014e07ce993533fbd3163e41,2026-09-19T11:21:24+00:00,2026-09-20T01:24:21.163979+00:00,958,crypto_global_watch_1
1446325,30269,"👑My Coin: $PUMP/USDT
👀Looking for SHORT

🌟0.004159...I Will Set: 0.004293
°°°°°°°°°°°°°° As my stoploss",e20afc11238fa983fdbe613720b2218d,2026-09-19T10:51:54+00:00,2026-09-20T01:24:21.188569+00:00,958,crypto_global_watch_1
1446342,30268,"⭐️$ONE/USDT  LONG 

🛡Leverage : Cross 25x50

‼️Ent...022621

Use only 3% - 5% amount of your portfolio🛍",fcc3899ec5a8cafef51b65e329314a54,2026-09-19T10:39:42+00:00,2026-09-20T01:24:21.318552+00:00,958,crypto_global_watch_1
1446318,30267,ONEUSDT LONG NOW,7e6af733c9a8e38a5150db3d8fc179c1,2026-09-19T10:39:42+00:00,2026-09-20T01:24:21.170473+00:00,958,crypto_global_watch_1
1446317,30266,"🔘 Coin : #UNI/USDT 🔘

🔴 SHORT

🔺Entry🔻: 9.181

⭐️ ....906 - 8.812

♦️ StopLoss : 9.461

🔱 Leverage: 25x",f2757e43143204416a651e81bf87f221,2026-09-19T10:39:42+00:00,2026-09-20T01:24:21.168599+00:00,958,crypto_global_watch_1
1446326,30262,"🟢 ETH/USDT

SHORT SHORT SHORT 

OPEN MARKET PRICE 

TP 2635
TP 2625
TP 2610

SL 2675

LEV 35X",d06bdb6b99f22154331bf30781dc3166,2026-09-19T10:34:08+00:00,2026-09-20T01:24:21.191103+00:00,958,crypto_global_watch_1
1446320,30257,"🌹 #ERA/USDT

🟢 LONG

✅ Entry: 0.06286- 0.06160

❌ ...l advice.
💰 Stay disciplined. Protect your capital",16f9f324e103937b879a6aad2f0595a6,2026-09-19T10:34:08+00:00,2026-09-20T01:24:21.174373+00:00,958,crypto_global_watch_1
1446301,30263,"👑 #ONE/USDT — TRADE LONG

LEVERAGE 25X TO 50X

✅ E...
⛔️ STOP LOSS: 0.002420

⚡️ NO FEAR — JUST PROFITS",02bcc17ef92f44624c300d2c275d30f3,2026-09-19T10:34:08+00:00,2026-09-20T01:24:21.129649+00:00,958,crypto_global_watch_1
1446296,30265,"🚀 #FLUIDUSDT LONG SIGNAL 🚀  LEVERAGE 50X-75X

📌 EN...ch this move together!

🔓 Trade Smart • Trade Safe",614564418bf1bfefd945c1f6f5aff112,2026-09-19T10:34:08+00:00,2026-09-20T01:24:21.114618+00:00,958,crypto_global_watch_1
1446293,30264,"#ONE/USDT LONG   

👉Leverage : Cross 10× To 30×

E...0265
2)  0.00275
3)  0.00290

⭕Stop Loss : 0.00242",c9f01ce8ac3ebeeb7e908564bfc310b2,2026-09-19T10:34:08+00:00,2026-09-20T01:24:21.078004+00:00,958,crypto_global_watch_1
1446291,30259,ETH/USDT SHORT NOW 🔥,fcd236738a8c2111c31c48c88091c049,2026-09-19T10:34:08+00:00,2026-09-20T01:24:20.960815+00:00,958,crypto_global_watch_1
1446286,30258,"#B2    /USDT (SHORT) 🔽🔽

⌛LEVERAGE : 20X TO 75X

📊...9


💥Use only 1%margin of your total portfolio❤️😘😇",2ecd7b502728cba27b372fba2b2beb35,2026-09-19T10:34:08+00:00,2026-09-20T01:24:20.837937+00:00,958,crypto_global_watch_1
1446283,30260,"🟢ETH/USDT My Short Trade Setup

Leverage 100X

Ent... 2610

Stop Loss  :  2665

Follow Money Management",f3c2326080a31515bd6f45c54423e511,2026-09-19T10:34:08+00:00,2026-09-20T01:24:20.731890+00:00,958,crypto_global_watch_1
1446289,30256,"#B2    /USDT (SHORT) 🔽🔽

⌛LEVERAGE : 20X TO 75X

📊...9


💥Use only 1%margin of your total portfolio❤️😘😇",2ecd7b502728cba27b372fba2b2beb35,2026-09-19T10:31:10+00:00,2026-09-20T01:24:20.925764+00:00,958,crypto_global_watch_1
1446281,30255,"🌹 #ERA/USDT

🟢 LONG

✅ Entry: 0.06286- 0.06160

❌ ...l advice.
💰 Stay disciplined. Protect your capital",16f9f324e103937b879a6aad2f0595a6,2026-09-19T10:31:09+00:00,2026-09-20T01:24:20.153447+00:00,958,crypto_global_watch_1
1446282,30254,"🌹 #ERA/USDT

🟢 LONG

✅ Entry: 0.06286- 0.06160

❌ ...l advice.
💰 Stay disciplined. Protect your capital",16f9f324e103937b879a6aad2f0595a6,2026-09-19T10:31:01+00:00,2026-09-20T01:24:20.417015+00:00,958,crypto_global_watch_1
1446280,30253,"#ZAMA    /USDT (SHORT) 🔽🔽

⌛LEVERAGE : 20X TO 75X
...0


💥Use only 1%margin of your total portfolio❤️😘😇",76bfb20c850407d4239926b5aabe3a48,2026-09-19T10:31:01+00:00,2026-09-20T01:24:19.939672+00:00,958,crypto_global_watch_1
1446279,30251,"🪙 Coin: #EVAA/USDT
🧭 Type: #LONG

📈 Entry Zone:
0.... within the zone and maintain strict risk control.",f074465ec979c1c124233772afde8970,2026-09-19T10:07:31+00:00,2026-09-20T01:24:19.365464+00:00,958,crypto_global_watch_1
1446278,30252,"#ZAMA    /USDT (SHORT) 🔽🔽

⌛LEVERAGE : 20X TO 75X
...0


💥Use only 1%margin of your total portfolio❤️😘😇",76bfb20c850407d4239926b5aabe3a48,2026-09-19T10:07:31+00:00,2026-09-20T01:24:19.357800+00:00,958,crypto_global_watch_1
1446277,30248,"⭐️$ZAMA/USDT  SHORT 

🛡Leverage : Cross 25x50

‼️E....08917

Use only 3% - 5% amount of your portfolio🛍",88e5e5d56f372bed11ce2d970b545043,2026-09-19T09:40:41+00:00,2026-09-20T01:24:19.352577+00:00,958,crypto_global_watch_1
1446276,30250,"⭐️$MYX/USDT  LONG 

🛡Leverage : Cross 25x50

‼️Ent....08174

Use only 3% - 5% amount of your portfolio🛍",6013eb20f768cbc587142b91cb3a3e18,2026-09-19T09:40:41+00:00,2026-09-20T01:24:19.351314+00:00,958,crypto_global_watch_1
1446275,30246,"🚀 LONG: $SAGA/USDT
LEVERAGE: 50x

✔️ENTRY PRICE: 0...5-0.02880-0.03090

STOP LOSS:  0.02540

REACTIONS?",9567a5aefc7a92c7f0f202be88596369,2026-09-19T09:40:41+00:00,2026-09-20T01:24:19.347441+00:00,958,crypto_global_watch_1
1446271,30247,ZAMAUSDT SHORT NOW,3618c72e6cc7b6d283a758a95385e25d,2026-09-19T09:40:41+00:00,2026-09-20T01:24:19.335905+00:00,958,crypto_global_watch_1
1446274,30245,"AKEUSDTUSDT  
Exchanges: BINGX 

🟢 Long
Leverage- ....10260000
6) 0.11081000
7) 🚀🚀🚀 

⛔️ SL:
0.04400000",e82632fe36f2879bef46f5b6cd753761,2026-09-19T09:25:18+00:00,2026-09-20T01:24:19.346836+00:00,958,crypto_global_watch_1
1446273,30244,"#Free

#Futures_signal

🔴 SHORT

#IOTA/USDT

Entry...3543

🛑 Stop : 0.049727

Leverage : 10x (isolated)",d7def3a27fbc8ff7fe3685b1aac82a5b,2026-09-19T09:23:10+00:00,2026-09-20T01:24:19.344539+00:00,958,crypto_global_watch_1
1446269,30243,"⭐️$AKE/USDT  LONG 

🛡Leverage : Cross 25x50

‼️Ent...052190

Use only 3% - 5% amount of your portfolio🛍",643d5bdc3a29d8d273c0fd659baa95aa,2026-09-19T09:21:19+00:00,2026-09-20T01:24:19.326999+00:00,958,crypto_global_watch_1
1446268,30241,"💰#AKE / USDT👑

💎Setup Type: Strong LONG  🔖Opportun...➝ 0.075000

4️⃣TP ➝ 0.090000

🚫Stop Loss: 0.044000",954d052140a113e01203afd03e364179,2026-09-19T09:21:19+00:00,2026-09-20T01:24:19.107358+00:00,958,crypto_global_watch_1
1446121,30239,"📈 LONG #AR/USDT 

🚀 LEVERAGE : 75x

📊 ENTRY PRICE ...4.73

TP🟢4.90

TP🟢5.10

STOPLOSS 🔴4.35

REACTIONS?",0fc710b155ba2aa638afe46652554d99,2026-09-19T09:04:45+00:00,2026-09-20T01:24:00.436034+00:00,958,crypto_global_watch_1
1446166,30237,"#AKEUSDT — BUY (LONG) 
🎉
🟢 Leverage: Cross  25x

⚡...top Loss: 0.044000

🔽 Risk Management:

 REACTS !!",ff3c6ea11b1f17272f2714f565cbe510,2026-09-19T09:02:14+00:00,2026-09-20T01:24:00.782546+00:00,958,crypto_global_watch_1
1446173,30235,"👑My Coin: $FF/USDT
👀Looking for SHORT

🌟0.004226 W...I Will Set: 0.004385
°°°°°°°°°°°°°° As my stoploss",34dcf66eb26af25893b95a5ed3e0ea6b,2026-09-19T08:47:37+00:00,2026-09-20T01:24:00.867511+00:00,958,crypto_global_watch_1
1446114,30234,"#ONE /USDT

📈Signal: long Leverage: Cross 20X

⚡️E...even after TP1 is hit.

📣Trade Smart • Follow Risk",79c2b1d7b5012543bfd3e172b702417b,2026-09-19T08:47:37+00:00,2026-09-20T01:24:00.393046+00:00,958,crypto_global_watch_1
1446171,30230,"💰#FLUID/ USDT👑

💎Setup Type: Strong SHORT  🔖Opport...370

🥉TP ➝ 1.500

4️⃣TP ➝ 1.800

🚫Stop Loss: 1.090",fbe80b8fb2c298b43378948d198dc8b4,2026-09-19T08:39:09+00:00,2026-09-20T01:24:00.798707+00:00,958,crypto_global_watch_1
1446122,30232,"#HEI/USDT LONG   

👉Leverage : Cross 10× To 30×

E...
1)  0.188
2)  0.199
3)  0.217

⭕Stop Loss : 0.172",dd906149ffa9ff382d5a30858e255823,2026-09-19T08:39:09+00:00,2026-09-20T01:24:00.434834+00:00,958,crypto_global_watch_1
1446115,30233,"Coin #AKE/USDT

Position: LONG 

Leverage:  Cross ...rgets: 🎯 0.0620, 0.0650, 0.0700

Stop Loss: 0.0570",d90ff7c8b47d29523d042a1480a602ce,2026-09-19T08:39:09+00:00,2026-09-20T01:24:00.396133+00:00,958,crypto_global_watch_1
1446159,30224,"#AR / USDT — BUY (LONG) 
Leverage: Cross 25x – 50x...T IS KEY
👉 Use ONLY 2 – 3% of your total portfolio",61050660adf3707b0966b02a2b4cfe68,2026-09-19T08:35:31+00:00,2026-09-20T01:24:00.762340+00:00,958,crypto_global_watch_1
1446157,30223,"✅ Long

Pair: #SNX/USDT

📊 Entry Price: 

1) 0.221...) 0.237081

Stop Loss: 0.207920

Leverage: 10x-20x",6cd07bfde1cfbc89345a6e3f43dcac25,2026-09-19T08:35:31+00:00,2026-09-20T01:24:00.756437+00:00,958,crypto_global_watch_1
1446149,30217,"🌹 #INJ/USDT

🟢 LONG

✅ Entry: 7.575- 7.415

❌ Stop...l advice.
💰 Stay disciplined. Protect your capital",0ce648d9f65df9b3840b7de840913e5e,2026-09-19T08:35:31+00:00,2026-09-20T01:24:00.727846+00:00,958,crypto_global_watch_1
1446134,30221,"#4/USDT SHORT NOW 📉
🏠ENTRY: ( 0.02481)",fa49e532dbe6aa834f2f9e0235b1a637,2026-09-19T08:35:31+00:00,2026-09-20T01:24:00.589428+00:00,958,crypto_global_watch_1
1446133,30220,"$LINKUSDT

SHORT

RR : 2

LEVERAGE : 50x

ENTRY : ...2.306

TAKE PROFITS 👇

1️⃣ 12.06

STOPLOSS : 12.43",06c0d84ef5f0e7744f8101578c6b9836,2026-09-19T08:35:31+00:00,2026-09-20T01:24:00.588756+00:00,958,crypto_global_watch_1
1446128,30222,"🪙#4/USDT

🚩POSITION — SHORT

🔒  LEVERAGE — 20X75

...0.02400
TP🥉: 0.02315

⛔️ SL: 0.02730

🔥REACTIONS?😜",8aee372346134eca50a60458946ca992,2026-09-19T08:35:31+00:00,2026-09-20T01:24:00.564644+00:00,958,crypto_global_watch_1
1446108,30225,"#W/USDT SHORT NOW 📉
🏠ENTRY: ( 0.010800)",d29231678dd61acaaa2c5ff7715fb900,2026-09-19T08:35:31+00:00,2026-09-20T01:24:00.364727+00:00,958,crypto_global_watch_1
1446102,30219,"⭐️$AKE/USDT  LONG 

🛡Leverage : Cross 25x50

‼️Ent...048108

Use only 3% - 5% amount of your portfolio🛍",3c7fbce79a3486cd72f74410f8d1d5b6,2026-09-19T08:35:31+00:00,2026-09-20T01:24:00.329063+00:00,958,crypto_global_watch_1
1446101,30226,"🪙#W/USDT

🚩POSITION — SHORT

🔒  LEVERAGE — 20X75

...10250
TP🥉: 0.009720

⛔️ SL: 0.012400

🔥REACTIONS?😜",294a6a14783070119e5f14f75b02a044,2026-09-19T08:35:31+00:00,2026-09-20T01:24:00.324207+00:00,958,crypto_global_watch_1
1446099,30227,"#BMT | LONG SETUP

💰 Entry: $0.019854

🎯 Target1: ...t4: $0.02061
🎯 Target5: $0.02089

🛡 STOP: $0.01886",c6c897e13e67a60a5f4f8ff21d1bc788,2026-09-19T08:35:31+00:00,2026-09-20T01:24:00.307805+00:00,958,crypto_global_watch_1
1446096,30228,"📊 Let’s LONG #AR/USDT

💥 Leverage:  Cross 20×  - 
...gets: 

1) 4.28
2) 4.44
3) 4.65

🔖 Stop Loss: 3.95",7bbc172f245e08a5068c0d314a9934c2,2026-09-19T08:35:31+00:00,2026-09-20T01:24:00.291147+00:00,958,crypto_global_watch_1
1446158,30208,"🛎️ Trade: #DOT/USDT

Direction: 📉 Short 

🟢 Entry ...50
• Target 6: 1.0440

💠 Leverage : 5x - 10x - 20x",a89d736f537300598be4a1725723a11a,2026-09-19T08:35:30+00:00,2026-09-20T01:24:00.759629+00:00,958,crypto_global_watch_1
1446143,30200,"📊#VET/USDT–LONG–10x - 30x 🚀

📍 𝐄𝐧𝐭𝐫𝐲 𝐙𝐨𝐧𝐞:

➥ 0.00...tal.

⚠️ Disclaimer:
Trade at your own risk. DYOR.",5d8ac2563660a0476fc0e24d9ff8510e,2026-09-19T07:30:45+00:00,2026-09-20T01:24:00.614345+00:00,958,crypto_global_watch_1
1446139,30206,"⚡️⚡️ #BROCCOLI/USDT ⚡️⚡️
Exchanges: Bingx 
Signal ...
5) 0.01972
6) 0.02000
7) 🚀🚀🚀

Stop Targets:
5-10%",c21656cbe84677ce460bb65377e27c8b,2026-09-19T07:30:45+00:00,2026-09-20T01:24:00.599765+00:00,958,crypto_global_watch_1
1446138,30202,"⚡️⚡️ #AKT/USDT ⚡️⚡️
Exchanges: Bingx 
Signal Type:...
5) 0.59498
6) 0.60340
7) 🚀🚀🚀

Stop Targets:
5-10%",44f3d046fc077ec0a122728a6c6a7ba1,2026-09-19T07:30:45+00:00,2026-09-20T01:24:00.599019+00:00,958,crypto_global_watch_1
1446129,30205,"⚡️⚡️ #ARB/USDT ⚡️⚡️
Exchanges: Bingx 
Signal Type:...
5) 0.22897
6) 0.23221
7) 🚀🚀🚀

Stop Targets:
5-10%",85385ab72a6eefa31c245650e08023c2,2026-09-19T07:30:45+00:00,2026-09-20T01:24:00.566199+00:00,958,crypto_global_watch_1
1446103,30207,"⚡️⚡️ #CLANKER/USDT ⚡️⚡️
Exchanges: Bingx 
Signal T...) 12.19000
6) 12.36250
7) 🚀🚀🚀

Stop Targets:
5-10%",1bc5b2915862d11eeb90630922c24220,2026-09-19T07:30:45+00:00,2026-09-20T01:24:00.341889+00:00,958,crypto_global_watch_1
1446093,30203,"⚡️⚡️ #AVA/USDT ⚡️⚡️
Exchanges: Bingx 
Signal Type:...
5) 0.23246
6) 0.23575
7) 🚀🚀🚀

Stop Targets:
5-10%",0d634bdd0dd411cd08be9fc0ca4e103f,2026-09-19T07:30:45+00:00,2026-09-20T01:24:00.227463+00:00,958,crypto_global_watch_1
1446154,30197,"📉 SHORT #F/USDT 

🚀 LEVERAGE : 50x

📊 ENTRY PRICE ....00390

TP🟢0.00370

STOPLOSS 🔴0.00440


REACTIONS?",03b9f249bda14991faf81b63dc83c834,2026-09-19T06:43:21+00:00,2026-09-20T01:24:00.741370+00:00,958,crypto_global_watch_1
1446151,30198,"👑 #AR/USDT — TRADE LONG

LEVERAGE 25X TO 50X

✅ EN....70

⛔️ STOP LOSS: 3.80

⚡️ NO FEAR — JUST PROFITS",9bed261c6ef835c5c517688ea0402f81,2026-09-19T06:43:21+00:00,2026-09-20T01:24:00.736946+00:00,958,crypto_global_watch_1
1446105,30199,"#AR/USDT LONG   

👉Leverage : Cross 10× To 30×

En...fit

1)  4.08
2)  4.29
3)  4.70

⭕Stop Loss : 3.80",5f1c0634dea9dc7bc47c67e3353bad6c,2026-09-19T06:43:21+00:00,2026-09-20T01:24:00.344484+00:00,958,crypto_global_watch_1
1446100,30196,"📊#BR/USDT — LONG

⚡️ Leverage : 10X – 20X

💹Entry ...Entry After TP1

⚖️ Follow Proper Risk Management.",5c7b22764a77c7fbb6ea9538d3f5b7cd,2026-09-19T06:43:21+00:00,2026-09-20T01:24:00.315221+00:00,958,crypto_global_watch_1
1446155,30195,"📈 LONG #AKE/USDT 

🚀 LEVERAGE : 50x

📊 ENTRY PRICE...TP🟢0.0610

TP🟢0.0670

STOPLOSS 🔴0.0535

REACTIONS?",393bb57ceba8b9496513541c0e99e970,2026-09-19T06:41:18+00:00,2026-09-20T01:24:00.742549+00:00,958,crypto_global_watch_1
1446169,30194,"📈 LONG #AR/USDT 

🚀 LEVERAGE : 75x

📊 ENTRY PRICE ....40

TP🟢4.60

TP🟢4.80

STOPLOSS 🔴4.04


REACTIONS?",5ad6a21711f16f257de29e8997aeabfa,2026-09-19T06:11:11+00:00,2026-09-20T01:24:00.787663+00:00,958,crypto_global_watch_1
1446163,30190,"⌛#SUI/USDT  ( SHORT )

🍁 Leverage 👉 20X to 25X 

⛩...66 | 0.7881 | 0.7779 | 0.7702

🔕 Stoploss = 0.8491",9153465c7fb13ef5eb975726a20d6af2,2026-09-19T06:11:11+00:00,2026-09-20T01:24:00.773732+00:00,958,crypto_global_watch_1
1446150,30191,"🚀LONG: $AR/USDT🚀
LEVERAGE: 20X-50X

🤍 ENTRY PRICE:...- 4.50- 4.90
—————

❌ STOP LOSS: 3.550❌

REACTIONS",64ebccf28c22e5d047d5fd39f9b5ee93,2026-09-19T06:11:11+00:00,2026-09-20T01:24:00.730463+00:00,958,crypto_global_watch_1
1446146,30193,"✅ Long

#BAND/USDT

Entry zone : 0.1906 - 0.1965

...
0.2150
0.2209

Stop loss :0.182745

Leverage: 10x",badb7b8380d023ed41c4e5a5211dc5ce,2026-09-19T06:11:11+00:00,2026-09-20T01:24:00.717293+00:00,958,crypto_global_watch_1
1446131,30192,"🟢 Long

#ATOM/USDT

Entry : 

1) 1.690
2) 1.639

T...) 1.805

🛑 Stop : 1.583

Leverage : 10x (isolated)",0b7bb6186a0e7ba106b0dd039a9962a4,2026-09-19T06:11:11+00:00,2026-09-20T01:24:00.575303+00:00,958,crypto_global_watch_1
1446098,30189,"#SYN/USDT

📈Signal: long Leverage: Cross 20X

⚡️En...even after TP1 is hit.

📣Trade Smart • Follow Risk",20a327b45bba88fd0f7deaf24fa8e158,2026-09-19T06:11:11+00:00,2026-09-20T01:24:00.299060+00:00,958,crypto_global_watch_1
1446153,30188,"#AR/USDT LONG   

👉Leverage : Cross 10× To 30×

En...fit

1)  4.18
2)  4.32
3)  4.60

⭕Stop Loss : 3.84",afb495d8f7945ca066566456b81a8041,2026-09-19T05:46:12+00:00,2026-09-20T01:24:00.740371+00:00,958,crypto_global_watch_1
1446104,30187,"🔰 ZAMA/USDT 🔰

🟢 LONG 20X

🔳 ENTRY :- 0.064

☑️ TARGET:- 0.066 - 0.070 - 0.076

🔴 STOP :- 0.058",30e8c07df4ebf1d2ad5333496133414e,2026-09-19T05:46:12+00:00,2026-09-20T01:24:00.343810+00:00,958,crypto_global_watch_1
1446172,30175,"🌈PAIR:- #ZEC/USDT
⚡️ Direction : LONG
🛠 Leverage: ...nt Usage:- 1 - 2%
(According To your Risk Setting)",324e3b564bb659b09750048e42f9d4d7,2026-09-19T05:46:11+00:00,2026-09-20T01:24:00.815455+00:00,958,crypto_global_watch_1
1446170,30168,"⚡ #MTL/USDT

📤 Long 

💹 Buy: 0.2950 - 0.2874

🧿 Ta...100 - 0.3131

🧨 StopLoss: 0.2800 

🔘 Leverage: 20x",6cb9a8d09e5fce74312781dd658b515c,2026-09-19T05:46:11+00:00,2026-09-20T01:24:00.793434+00:00,958,crypto_global_watch_1
1446168,30162,"#FLUIDUSDT — BUY (LONG) 
🎉
🟢 Leverage: Cross  50x
...⛔️Stop Loss: 1.260

🔽 Risk Management:

 REACTS !!",dee736fcd43812a7999cc783c424f7a0,2026-09-19T05:46:11+00:00,2026-09-20T01:24:00.786541+00:00,958,crypto_global_watch_1
1446164,30179,"#SYN/USDT LONG   

👉Leverage : Cross 10× To 30×

E...

1)  0.23
2)  0.24
3)  0.253

⭕Stop Loss : 0.2090",74d8aac18ad6bac8dc2c94fbf8b73e7c,2026-09-19T05:46:11+00:00,2026-09-20T01:24:00.778060+00:00,958,crypto_global_watch_1
1446162,30180,"❖ BR/USDT

❖ SHORT [ 10×20 ]

➤ Entry Zone:- 0.875... TP2: 0.8300
▪️ TP3: 0.8000

➤ Stop Loss :- 0.9500",e5af603f56a96ec3a1af754547c48871,2026-09-19T05:46:11+00:00,2026-09-20T01:24:00.769697+00:00,958,crypto_global_watch_1
1446145,30171,"📊 #AR/USDT

🟢 POSITION: LONG

💰 ENTRY RANGE
➤ 3.88...S
➤ 3.50

━━━━━━━━━━━━━━━━━━

✅ Manage risk wisely",6a41a42f59494ebffc746d28778de306,2026-09-19T05:46:11+00:00,2026-09-20T01:24:00.712779+00:00,958,crypto_global_watch_1
1446142,30176,"📊 AKE/USDT — LONG 

📍 ENTRY: 0.048

🎯 TARGET 1: 0....Manage your risk & trade responsibly.

🔥 LET’S GO!",58299679ea527d7b4dbeed705f9a84b3,2026-09-19T05:46:11+00:00,2026-09-20T01:24:00.611973+00:00,958,crypto_global_watch_1
1446137,30163,"👑 #AKE/USDT — TRADE LONG

LEVERAGE 25X TO 50X

✅ E...

⛔️ STOP LOSS: 0.04620

⚡️ NO FEAR — JUST PROFITS",c1d0889c350526c50c388f6fc3f361f1,2026-09-19T05:46:11+00:00,2026-09-20T01:24:00.597464+00:00,958,crypto_global_watch_1
1446132,30167,"$G/USDT #LONG📩

✅ENTRY :-0.0083/0.0081

Target 1: ...𝐎𝐧𝐥𝐲 𝟏-𝟑% 𝐎𝐟 𝐎𝐮𝐫 𝐃𝐞𝐩𝐨𝐬𝐢𝐭 𝐅𝐨𝐫 𝐄𝐚𝐜𝐡 𝐓𝐫𝐚𝐝𝐞

React,??m",f136312bc7eac2fe036359882b8f8f75,2026-09-19T05:46:11+00:00,2026-09-20T01:24:00.587050+00:00,958,crypto_global_watch_1
1446126,30173,"🚀 #METUSDT LONG SIGNAL 🚀  LEVERAGE 50X-75X

📌 ENTR...ch this move together!

🔓 Trade Smart • Trade Safe",c70e6eb482a2d571d7b94ab292b256c6,2026-09-19T05:46:11+00:00,2026-09-20T01:24:00.446664+00:00,958,crypto_global_watch_1
1446124,30178,"🔰AKE/USDT 🔰   

🔴 SHORT 10X 20X

♻ ENTRY 
1️⃣ 0.04...⃣ 0.0402
2️⃣ 0.0370
3️⃣ 0.0320

⛔ STOPLOSS  0.0485",50400aa68f736c401184c14c19871e0a,2026-09-19T05:46:11+00:00,2026-09-20T01:24:00.443172+00:00,958,crypto_global_watch_1
1446125,30177,"🌹 #AKE/USDT

🔴SHORT

✅ Entry: 0.043- 0.043785

❌ S...l advice.
💰 Stay disciplined. Protect your capital",5d441da99154e7090285a398db695ae3,2026-09-19T05:46:11+00:00,2026-09-20T01:24:00.442334+00:00,958,crypto_global_watch_1
1446117,30164,"📈 LONG #SKY/USDT

♻ Leverage: 20X

➡️ Entry :- 0.0...1) 0.0740
2) 0.0760
3) 0.0780

⭕ Stop Loss: 0.0640",264aed0c4294bafaaf8676459e6a81d7,2026-09-19T05:46:11+00:00,2026-09-20T01:24:00.416193+00:00,958,crypto_global_watch_1
1446113,30161,"#AR / USDT — BUY (LONG) 
Leverage: Cross 25x – 50x...T IS KEY
👉 Use ONLY 2 – 3% of your total portfolio",8f7f9ad9770a63d0a646f1321b5816c3,2026-09-19T05:46:11+00:00,2026-09-20T01:24:00.392077+00:00,958,crypto_global_watch_1
1446109,30166,"🟢MORPHO/USDT 📈

📈 long Setup 

💰 Entry Zone: 2.64–...et 1. 
✅ Move SL to breakeven after Target 1 hits.",558fc7ee2277719efd19326ba6092cd1,2026-09-19T05:46:11+00:00,2026-09-20T01:24:00.366507+00:00,958,crypto_global_watch_1
1446107,30170,"🚀 $ONE/USDT PERP 🚀

🟢 LONG

💰 Entry : 0.00262$ – 0...X – 25X

⛔️ SL : 0.00185$

📌 Use Only 2-5% Capital",67cf224d9db3a05d50a8b7d9e09a6149,2026-09-19T05:46:11+00:00,2026-09-20T01:24:00.359093+00:00,958,crypto_global_watch_1
1446106,30169,"✅ Long

Pair: #BCH/USDT

📊 Entry Price: 

1) 248.7...51
4) 265.71

Stop Loss: 233.03

Leverage: 10x-20x",84adf5f2959a7e5b3ed7d4e4927423e7,2026-09-19T05:46:11+00:00,2026-09-20T01:24:00.350535+00:00,958,crypto_global_watch_1
1446095,30174,"📊#AKE/USDT–LONG–05x - 10x 🚀

📍 𝐄𝐧𝐭𝐫𝐲 𝐙𝐨𝐧𝐞:

➥ 0.04...tal.

⚠️ Disclaimer:
Trade at your own risk. DYOR.",6654ed2d58ad0551ea89009c0e80e966,2026-09-19T05:46:11+00:00,2026-09-20T01:24:00.269224+00:00,958,crypto_global_watch_1
1446094,30172,"$MORPHO LONG NOW

ENTRY: 2.6700 - 2.5500

TP:- 2.72- 2.84- 3.00

SL:- 2.45",603f27a2377e10de64a52506f240a60a,2026-09-19T05:46:11+00:00,2026-09-20T01:24:00.240919+00:00,958,crypto_global_watch_1
1446092,30183,"🛎️ Trade: #PYTH/USDT

Direction: 📈 LONG 

🟢 Entry ...1
• Target 6: 0.06520

💠 Leverage : 5x - 10x - 20x",55642075d60108d827af8e7571fde543,2026-09-19T05:46:11+00:00,2026-09-20T01:24:00.218901+00:00,958,crypto_global_watch_1
1446091,30165,"#LONG 🟢🔤🔤🔤🔤🔤

#PENDLE/USDT

Margin Mode : Isolated...5

🟥 SL : 2.5476 - 100%   

📊 LEV : 20X

🇯🇵Premium",ab58835bb9f3ab1dd89f235d293328e1,2026-09-19T05:46:11+00:00,2026-09-20T01:24:00.182524+00:00,958,crypto_global_watch_1
1446090,30181,"💵 𝐒𝐈𝐆𝐍𝐀𝐋 𝐀𝐋𝐄𝐑𝐓 💵

#ONE/USDT (25xLONG)

✅ ENTRY:0.0...ARGETS:-0.00285/0.0031/0.0035

❌ STOP LOSS: 0.0023",bec77c3a57d00c0a89436d377c9aea7f,2026-09-19T05:46:11+00:00,2026-09-20T01:24:00.181797+00:00,958,crypto_global_watch_1
1446135,30159,"📊#PIEVERSE/USDT — LONG

⚡️ Leverage : 10X – 20X

💹...Entry After TP1

⚖️ Follow Proper Risk Management.",15fe5ac9e8a3e2cf885649dd82781b3b,2026-09-19T05:46:10+00:00,2026-09-20T01:24:00.590071+00:00,958,crypto_global_watch_1
1446097,30160,"#ONE / USDT — BUY (LONG) 
Leverage: Cross 25x – 50...T IS KEY
👉 Use ONLY 2 – 3% of your total portfolio",410240a89e3c03361d6c93cbea1179ac,2026-09-19T05:46:10+00:00,2026-09-20T01:24:00.297413+00:00,958,crypto_global_watch_1
1446120,30158,"#AR / USDT — BUY (LONG) 
Leverage: Cross 25x – 50x...T IS KEY
👉 Use ONLY 2 – 3% of your total portfolio",8f7f9ad9770a63d0a646f1321b5816c3,2026-09-19T05:35:40+00:00,2026-09-20T01:24:00.429085+00:00,958,crypto_global_watch_1
1446089,30157,"#ONE / USDT — BUY (LONG) 
Leverage: Cross 25x – 50...T IS KEY
👉 Use ONLY 2 – 3% of your total portfolio",410240a89e3c03361d6c93cbea1179ac,2026-09-19T05:35:40+00:00,2026-09-20T01:24:00.028784+00:00,958,crypto_global_watch_1
1446088,30154,"⚡️⚡️ #AKE/USDT️️️️⚡️️⚡️
SIGNAL Type: Regular (LONG...op: Breakeven -
  Trigger: Target (1)

NO REACTS 🔥",9ae954d2a3933c541ae039380c12bf19,2026-09-19T05:35:39+00:00,2026-09-20T01:23:59.980180+00:00,958,crypto_global_watch_1
1446087,30153,"🚀 #WAL/USDT LONG
💰 Capital: $15

⚡️ Leverage: 75x
...80

🥈 TP2: 0.03330

🥉 TP3: 0.03495


🛡 SL: 0.02945",db2eb2906461a5ea0096646ccea5a7dc,2026-09-19T05:35:39+00:00,2026-09-20T01:23:59.816732+00:00,958,crypto_global_watch_1
1446083,30152,"#LONG 🟢🔤🔤🔤🔤🔤

#PENDLE/USDT

Margin Mode : Isolated...5

🟥 SL : 2.5476 - 100%   

📊 LEV : 20X

🇯🇵Premium",ab58835bb9f3ab1dd89f235d293328e1,2026-09-19T05:35:39+00:00,2026-09-20T01:23:58.908199+00:00,958,crypto_global_watch_1
1446082,30151,"🔺 $FLUID/USDT — LONG | 50x

🎯 ENTRY: 1.300 → 1.215...L: 1.260

⚠️ RISK MANAGEMENT: Manage risk smartly.",eaa6cfaa30db506aab4d0a040277a795,2026-09-19T05:34:15+00:00,2026-09-20T01:23:58.657716+00:00,958,crypto_global_watch_1
1464654,30490,"💎 #LUNA2/USDT LONG 💎

ENTRY: 6200-6000

🛑 STOP-LOS...
6400
6600
6800
7000
7300

LEVERAGE CROSS: 20X/50X",61f11db1d14afa4f47ef02735262254c,2026-09-20T18:05:19+00:00,2026-09-20T20:15:26.170451+00:00,958,crypto_global_watch_1
1464653,30488,"💎 #AVAX/USDT SHORT 💎

ENTRY: 11.00-11.20

🛑 STOPLO...0
10.80
10.70
10.50
10.30

LEVERAGE CROSS: 20X/50X",01be8952331bdc0f0542df1dda73786c,2026-09-20T18:05:19+00:00,2026-09-20T20:15:26.154895+00:00,958,crypto_global_watch_1
1464647,30483,"$ETH buying Setup

Entry : CMp only 
TP: 2760
SL: 2546 

High RR low risk trade only 1% SL let’s see",4208d3bef3969bdff011602898bad493,2026-09-20T18:05:19+00:00,2026-09-20T20:15:25.793780+00:00,958,crypto_global_watch_1
1464646,30482,"$BTC SHORT🔴 (25x Lev)

Entry -  81200$

Targets

1)80300$
2)79000$

SL- 82000$",13176b1d95b6988ce264b1cc8c91d7a2,2026-09-20T17:48:13+00:00,2026-09-20T20:15:25.758955+00:00,958,crypto_global_watch_1
1464645,30481,"✨DASH/USDT

🎗 Trade Type = LONG 🟢

⭐️ Leverage :- ...fit = [ 57.24, 57.76, 58.44, 59.01, 59.56, 60.17 ]",7c486088efa7956fa7136a999a8e12e7,2026-09-20T17:48:13+00:00,2026-09-20T20:15:25.657485+00:00,958,crypto_global_watch_1
1464635,30467,"🚀 #NEARUSDT LONG SIGNAL 🚀  LEVERAGE 50X-75X

📌 ENT...ch this move together!

🔓 Trade Smart • Trade Safe",b8afce029224388c534e472f2e2e605c,2026-09-20T16:23:27+00:00,2026-09-20T20:15:23.211524+00:00,958,crypto_global_watch_1
1464634,30469,"🔴 SHORT

#IOTA/USDT

Entry zone : 0.049913 - 0.048...3832
0.042371

Stop loss :0.0518522

Leverage: 10x",42b0ee3685753a380c730e8526cf015a,2026-09-20T16:23:27+00:00,2026-09-20T20:15:23.186625+00:00,958,crypto_global_watch_1
1464633,30468,"#GRT | LONG SETUP

💰 Entry: $0.02136

🎯 Target1: $...t4: $0.02217
🎯 Target5: $0.02247

🛡 STOP: $0.02029",acf7c3f86ee21d6710e28c9e7b9b7043,2026-09-20T16:23:27+00:00,2026-09-20T20:15:23.157896+00:00,958,crypto_global_watch_1
1464632,30465,"🔴 Short

Pair: #ALGO/USDT

📊 Entry Price: 

1) 0.1...) 0.103581

Stop Loss: 0.118290

Leverage: 10x-20x",3750fa83d5af424ad286de4a4800e5fb,2026-09-20T16:23:27+00:00,2026-09-20T20:15:23.149909+00:00,958,crypto_global_watch_1
1464630,30464,"⌛#FIL/USDT  ( SHORT )

🍁 Leverage 👉 20X to 25X 

⛩...82 | 0.8779 | 0.8678 | 0.8583

🔕 Stoploss = 0.9449",b737f1e25a9ebad42db9a600feef8cf2,2026-09-20T16:23:27+00:00,2026-09-20T20:15:22.005327+00:00,958,crypto_global_watch_1
1464629,30463,"✅Entry  -0.7110

(🆘LONG BTWUSDT 5-20x🆘)

🏹 Target ...5  $0.7568
🏹Target 6  $0.7635

🚫Stop loss -0.06707",72bd16ef3b79faf13e78dde6ad209d5e,2026-09-20T16:23:27+00:00,2026-09-20T20:15:21.990417+00:00,958,crypto_global_watch_1
1464628,30462,"🔴 SHORT

#TRX/USDT

Entry : 

1) 0.34630
2) 0.3566...32234

🛑 Stop : 0.36811

Leverage : 10x (isolated)",ddc03666f504b63ca9457f79c4059232,2026-09-20T16:23:27+00:00,2026-09-20T20:15:21.944378+00:00,958,crypto_global_watch_1
1464627,30461,"#ZAMAUSDT — BUY (LONG) 
🎉
🟢 Leverage: Cross  25x

...Stop Loss: 0.08470

🔽 Risk Management:

 REACTS !!",c116f980f481166d45e45a9cab982b63,2026-09-20T16:23:27+00:00,2026-09-20T20:15:21.927210+00:00,958,crypto_global_watch_1
1464600,30446,"🔴 SHORT

#XMR/USDT

Entry : 

1) 539.74
2) 555.93
...502.39

🛑 Stop : 573.74

Leverage : 10x (isolated)",624a2d7cb24936b8e818e50491b71e1c,2026-09-20T14:53:45+00:00,2026-09-20T20:15:18.264518+00:00,958,crypto_global_watch_1
1464596,30445,"🚨 SHORT
STG/USDT
ENTRY 0.1226

🚀 0.1120
🚀 0.1040
🚀...OSS 0.1382
LEVRAGE 10x- 40x

1% WALLET

Dca 0.1282",0e1f6c6d49a24a614b212348df2ab569,2026-09-20T14:53:45+00:00,2026-09-20T20:15:18.252323+00:00,958,crypto_global_watch_1
1464613,30435,"#ETHFI/USDT SHORT NOW 📉
🏠ENTRY: ( 0.7004)",8a3d05ecf8ac74a11498b1fb26f0e1be,2026-09-20T13:23:07+00:00,2026-09-20T20:15:18.721725+00:00,958,crypto_global_watch_1
1464610,30436,"🪙#ETHFI/USDT

🚩POSITION — SHORT

🔒  LEVERAGE — 20X...🥈: 0.6770
TP🥉: 0.6550

⛔️ SL: 0.7690

🔥REACTIONS?😜",635377f120838f991e0694778690b6b7,2026-09-20T13:23:07+00:00,2026-09-20T20:15:18.714409+00:00,958,crypto_global_watch_1
1464609,30426,"⭐️#EVAA/USDT  LONG 

🛡Leverage : Cross 25x50

‼️En...: 0.62

Use only 3% - 5% amount of your portfolio🛍",3a17f1d93c71ec4f8543c4e4d007179d,2026-09-20T13:23:07+00:00,2026-09-20T20:15:18.708521+00:00,958,crypto_global_watch_1
1464608,30428,"⭐️𝗣𝗥𝗘𝗠𝗜𝗨𝗠 𝗟𝗢𝗡𝗚 𝗦𝗘𝗧𝗨𝗣 ⭐️

#UB/USDT 


Leverage = 50...Stay focused. Consistency beats luck every time. 🚀",1885de552c3f9997e6b0c4c21c1bbe5b,2026-09-20T13:23:07+00:00,2026-09-20T20:15:18.703617+00:00,958,crypto_global_watch_1
1464603,30440,"#C/USDT

📈Signal: long Leverage: Cross 20X

⚡️Entr...even after TP1 is hit.

📣Trade Smart • Follow Risk",d1a6e0dbc130f9ffc9c84967858aaf83,2026-09-20T13:23:07+00:00,2026-09-20T20:15:18.690745+00:00,958,crypto_global_watch_1
1464601,30432,"#EPICUSDT — BUY (LONG) 
🎉
🟢 Leverage: Cross  25x

...4: 0.5820

⛔️Stop Loss: 0.4580

🔽 Risk Management:",7159d6f54b1939af8f61e206363fc191,2026-09-20T13:23:07+00:00,2026-09-20T20:15:18.675951+00:00,958,crypto_global_watch_1
1464602,30429,"⭐️#EVAA/USDT  LONG 

🛡Leverage : Cross 25x50

‼️En...: 0.62

Use only 3% - 5% amount of your portfolio🛍",3a17f1d93c71ec4f8543c4e4d007179d,2026-09-20T13:23:07+00:00,2026-09-20T20:15:18.270884+00:00,958,crypto_global_watch_1
1464597,30438,"⭐ ZIL /USDT — SHORT

💵 ENTRY: 0.03600-0.04000

⚙️ ...o

📌 Follow the setup and manage your risk wisely.",4a8dadfc8be1241f05be1fd3dd43fe72,2026-09-20T13:23:07+00:00,2026-09-20T20:15:18.254842+00:00,958,crypto_global_watch_1
1464595,30441,"#ZAMA/ USDT — BUY (LONG) 
Leverage: Cross 25x – 50...T IS KEY
👉 Use ONLY 2 – 3% of your total portfolio",ef9cc249ea532272de6e63b5e6821f83,2026-09-20T13:23:07+00:00,2026-09-20T20:15:18.251549+00:00,958,crypto_global_watch_1
1464593,30437,"BTC/USDT Short  | 

Entry  :  80400 

TP   :  80000 / 79500 / 79000

SL  :  81000 | Risk 3% to 5%",3ef2b6d4427104254b79c034c785babb,2026-09-20T13:23:07+00:00,2026-09-20T20:15:18.231694+00:00,958,crypto_global_watch_1
1464592,30433,"SOL/USDT 

LONG LONG LONG 

OPEN MARKET PRICE 

TP...108.500
TP 108.800
TP 109.100

SL 102.100

LEV 25X",5cdcc2c8c33adf6f9bb93d4ec062ed90,2026-09-20T13:23:07+00:00,2026-09-20T20:15:18.230050+00:00,958,crypto_global_watch_1
1464587,30442,"✨ Project Type :- SCALP 🌟

🌈PAIR:- #M/USDT
⚡️ Dire...nt Usage:- 1 - 2%
(According To your Risk Setting)",00748cc7d57723f651f6cae1214ade51,2026-09-20T13:23:07+00:00,2026-09-20T20:15:18.219570+00:00,958,crypto_global_watch_1
1464583,30434,"LTC/USDT 

LONG LONG LONG 

OPEN MARKET PRICE 

TP...7.30
TP 57.90
TP 58.30
TP 58.70

SL 52.10

LEV 25X",dceff3a642a1c038e920fd030a6c03b2,2026-09-20T13:23:07+00:00,2026-09-20T20:15:17.626227+00:00,958,crypto_global_watch_1
1464582,30439,"⭐️#ZIL/USDT  LONG 

🛡Leverage : Cross 25x50

‼️Ent...0.0038

Use only 3% - 5% amount of your portfolio🛍",8ddbbed57c2c1b096a646c02ff7e0874,2026-09-20T13:23:07+00:00,2026-09-20T20:15:17.625297+00:00,958,crypto_global_watch_1
1464615,30423,"#UB    /USDT (SHORT) 🔽🔽

⌛LEVERAGE : 20X TO 75X

📊...8


💥Use only 1%margin of your total portfolio❤️😘😇",0a11a17cf7cae98a9398a619eafc16cc,2026-09-20T11:40:15+00:00,2026-09-20T20:15:18.733334+00:00,958,crypto_global_watch_1
1464612,30421,"🚀 #SUSDT LONG SIGNAL 🚀  LEVERAGE 50X-75X

📌 ENTRY ...ch this move together!

🔓 Trade Smart • Trade Safe",79f483cca20192dc0ab41220a5cf251b,2026-09-20T11:40:15+00:00,2026-09-20T20:15:18.718178+00:00,958,crypto_global_watch_1
1464607,30422,"#AKE    /USDT (SHORT) 🔽🔽

⌛LEVERAGE : 20X TO 75X

...80

💥Use only 1%margin of your total portfolio❤️😘😇",2f5eb352baf91324acc8754d393d3cc6,2026-09-20T11:40:15+00:00,2026-09-20T20:15:18.702784+00:00,958,crypto_global_watch_1
1464579,30417,"🔺 $EVAA/USDT — LONG | 50x

🎯 ENTRY: 0.7730

🚀 TP: ...: 0.7350

⚠️ RISK MANAGEMENT: Manage risk smartly.",7f6386e80b70ee9a40a101f1807b4afe,2026-09-20T10:59:53+00:00,2026-09-20T20:15:17.599565+00:00,958,crypto_global_watch_1
1464394,30410,"📊 Let’s SHORT #G/USDT

💥 Leverage:  Cross 20×  - 
...1) 0.0064
2) 0.0058
3) 0.0053

🔖 Stop Loss: 0.0076",07b5137e146bbfbb70cf5bf2dc73083b,2026-09-20T10:51:45+00:00,2026-09-20T20:14:30.336966+00:00,958,crypto_global_watch_1
1464350,30413,"✨ADA/USDT

🎗 Trade Type = SHORT 🔴

⭐️ Leverage :- ...[ 0.2167, 0.2148, 0.2121, 0.2099, 0.2077, 0.2051 ]",fc3ba5319e7b2745f7d92596dc242d56,2026-09-20T10:51:45+00:00,2026-09-20T20:14:29.610959+00:00,958,crypto_global_watch_1
1464348,30412,"👑 #CELR/USDT — TRADE LONG

LEVERAGE 25X TO 50X

✅ ...
⛔️ STOP LOSS: 0.003980

⚡️ NO FEAR — JUST PROFITS",480ce96c043584055bc052bd17a89dcf,2026-09-20T10:51:45+00:00,2026-09-20T20:14:29.065999+00:00,958,crypto_global_watch_1
1464398,30409,"⭐️$AKE/USDT  LONG 

🛡Leverage : Cross 25x50

‼️Ent...0.9864

Use only 3% - 5% amount of your portfolio🛍",d81b220b67927a0fd316b8e99fb92e3c,2026-09-20T10:47:28+00:00,2026-09-20T20:14:30.352416+00:00,958,crypto_global_watch_1
1464333,30407,"LONG #AKE
tip 1 (0.1524)",c7e73370a011559f53dfa01d86fbfccd,2026-09-20T10:47:28+00:00,2026-09-20T20:14:28.436151+00:00,958,crypto_global_watch_1
1464349,30404,"🔺 $EVAA/USDT — LONG | 50x

🎯 ENTRY: 0.7730

🚀 TP: ...: 0.7350

⚠️ RISK MANAGEMENT: Manage risk smartly.",7f6386e80b70ee9a40a101f1807b4afe,2026-09-20T09:57:21+00:00,2026-09-20T20:14:29.606681+00:00,958,crypto_global_watch_1
1464407,30401,"🔻 $SYN/USDT — SHORT | 25–50x

🎯 ENTRY: 0.2450

🚀 T... RISK MANAGEMENT: Use only 2–3% of your portfolio.",d9a587c7df4096d2d8627cf53f9477f6,2026-09-20T09:54:44+00:00,2026-09-20T20:14:30.373642+00:00,958,crypto_global_watch_1
1464393,30397,"COIN: #CTSI/USDT

NARRATIVE: LONG

LEVERAGE: 50X

...2895
Tp4: 0.02998
Tp5: 0.03105

STOP LOSS: 0.02478",7b4ca6a8a42c0b6e9d52c159d67f7c07,2026-09-20T09:49:26+00:00,2026-09-20T20:14:30.336337+00:00,958,crypto_global_watch_1
1464375,30396,"#G/USDT

📈Signal: short Leverage: Cross 20X

⚡️Ent...even after TP1 is hit.

📣Trade Smart • Follow Risk",38f3153f49bc86d8f44baa0174de0114,2026-09-20T09:41:46+00:00,2026-09-20T20:14:30.287939+00:00,958,crypto_global_watch_1
1464371,30395,"🔰ONE/USDT 🔰   

🟢 LONG 10X 20X

♻ ENTRY 
1️⃣ 0.004...⃣ 0.0047
2️⃣ 0.0052
3️⃣ 0.0060

⛔ STOPLOSS  0.0032",a028009f3a8a121d46845d46eeebe2ea,2026-09-20T09:41:46+00:00,2026-09-20T20:14:30.255926+00:00,958,crypto_global_watch_1
1464364,30394,"⚡️$VET/USDT⚡️

LONG
Leverage: 35X

Entry: 0.008030....008814
4)0.009061
5)0.009308

Stoploss :0.0076994",8087ebcb5354716e070a9c06244717b9,2026-09-20T09:41:46+00:00,2026-09-20T20:14:30.243423+00:00,958,crypto_global_watch_1
1464357,30393,"⚡️$ONE/USDT⚡️

LONG
Leverage: 10X - 20X

Entry: 0....3)0.0060

Stoploss: 0.0032

B2 Recovery Trade ❤️‍🩹",af89fa97cc7d6b990d277b311ac83db8,2026-09-20T09:41:46+00:00,2026-09-20T20:14:29.648750+00:00,958,crypto_global_watch_1
1464402,30392,"🟢AKE/USDT 📈

📈 long Setup 

💰 Entry Zone: 0.0700–0...et 1. 
✅ Move SL to breakeven after Target 1 hits.",22900a87d0d458657bf565150af01c16,2026-09-20T08:49:56+00:00,2026-09-20T20:14:30.357535+00:00,958,crypto_global_watch_1
1464344,30391,"🔰 PAIR: XRP/ USDT 💹

🔴Position: SHORT🚀

☑️ Entry Z...:
🥇 1.3772
🥈 1.3737
🥉 1.3658

❌ Stop Loss: 🔴1.3916",3e63c4778b67c97fe36ae9329b70991a,2026-09-20T08:49:56+00:00,2026-09-20T20:14:28.517904+00:00,958,crypto_global_watch_1
1464415,30390,"📊#ONE/USDT — LONG

⚡️ Leverage : 10X – 30X

💹Entry...Entry After TP1

⚖️ Follow Proper Risk Management.",5fa27c0f050516f671bbc12c8b83a0dc,2026-09-20T08:48:16+00:00,2026-09-20T20:14:30.410120+00:00,958,crypto_global_watch_1
1464408,30389,"📈 LONG #ONE/USDT 

🚀 LEVERAGE : 50x

📊 ENTRY PRICE...TP🟢0.0043

TP🟢0.0045

STOPLOSS 🔴0.0038

REACTIONS?",036ced99d759f30b1eed509a3f437eea,2026-09-20T08:33:54+00:00,2026-09-20T20:14:30.374410+00:00,958,crypto_global_watch_1
1464382,30388,"✅ Long

Pair: #XMR/USDT

📊 Entry Price: 

1) 525.5...52
4) 561.50

Stop Loss: 492.44

Leverage: 10x-20x",6e2e1c3696aaf3e73e9f032f6598d5a1,2026-09-20T08:33:54+00:00,2026-09-20T20:14:30.309856+00:00,958,crypto_global_watch_1
1464343,30387,"🟢 Long

#KNC/USDT

Entry : 

1) 0.14320
2) 0.13890...15299

🛑 Stop : 0.13417

Leverage : 10x (isolated)",b6fa0a72b9dd89fde88520e7d59f251d,2026-09-20T08:33:54+00:00,2026-09-20T20:14:28.515164+00:00,958,crypto_global_watch_1
1464397,30386,"🌈PAIR:- #EVAA/USDT
⚡️ Direction : SHORT
⚙️ Leverag...nt Usage:- 1 - 2%
(According To your Risk Setting)",bf1052debcb729ff07d2d9a0a77b3996,2026-09-20T07:52:52+00:00,2026-09-20T20:14:30.343381+00:00,958,crypto_global_watch_1
1464389,30385,"🟢G USDT 🟢
Entry Market Price 
Short

Take-Profit T... 0.006500
3. 0.005600

Stop-Loss Target:🔴
0.008400",1b50202756c37b22c3b7506052b94fc9,2026-09-20T07:52:52+00:00,2026-09-20T20:14:30.330432+00:00,958,crypto_global_watch_1
1464385,30384,"#CTSI/USDT SHORT   

👉Leverage : Cross 10× To 30×
... 0.0298
2)  0.0287
3)  0.0279

⭕Stop Loss : 0.0325",5accbe2468d3c7b7388da1c1d1eb74ab,2026-09-20T07:52:51+00:00,2026-09-20T20:14:30.316721+00:00,958,crypto_global_watch_1
1464403,30383,"Coin #CELR/USDT

Position: LONG 

Leverage:  Cross...s: 🎯 0.00397, 0.00421, 0.00455

Stop Loss: 0.00351",6db30685b646a9cbcf11cbda518b040a,2026-09-20T07:44:36+00:00,2026-09-20T20:14:30.360137+00:00,958,crypto_global_watch_1
1464379,30382,"⭐ ONE /USDT — LONG

💵 ENTRY: 0.003800-0.037000

⚙️...o

📌 Follow the setup and manage your risk wisely.",4bff7d7c7031e95e917d03ff8f2fa60b,2026-09-20T07:44:36+00:00,2026-09-20T20:14:30.291984+00:00,958,crypto_global_watch_1
1464352,30379,"🌈PAIR:- #B2/USDT
⚡️ Direction : SHORT
⚙️ Leverage:...nt Usage:- 1 - 2%
(According To your Risk Setting)",19b6678ddc89a17f02c566e8b87197d1,2026-09-20T07:42:30+00:00,2026-09-20T20:14:29.615800+00:00,958,crypto_global_watch_1
1464400,30376,"Trade: #NEAR/USDT

Direction: 📉 Short 

🟢 Entry Ra...85
• Target 6: 3.2458

💠 Leverage : 5x - 10x - 20x",b3d1f962948b77699c0ab0ca49ed34cb,2026-09-20T07:24:20+00:00,2026-09-20T20:14:30.354774+00:00,958,crypto_global_watch_1
1464367,30377,"⚡️⚡️ #G/USDT️️️️⚡️️⚡️
SIGNAL Type: Regular (LONG) ...op: Breakeven -
  Trigger: Target (1)

NO REACTS 🔥",03dde8aed697a4c934a35e3367264c24,2026-09-20T07:24:20+00:00,2026-09-20T20:14:30.248081+00:00,958,crypto_global_watch_1
1464340,30378,"🌈 PAIR:- #C/USDT
⚡️ Direction : LONG
⚙️ Leverage: ...nt Usage:- 1 - 2%
(According To your Risk Setting)",da01cd9c6a0100a318c02cd0df3b9785,2026-09-20T07:24:20+00:00,2026-09-20T20:14:28.476884+00:00,958,crypto_global_watch_1
1464414,30375,"✅ Long

#VET/USDT

Entry zone : 0.008030 - 0.00827...061
0.009308

Stop loss :0.00769947

Leverage: 10x",cf55d65724eafa72d6c9957a16a4fead,2026-09-20T07:09:49+00:00,2026-09-20T20:14:30.403083+00:00,958,crypto_global_watch_1
1464411,30361,"🐳 ARK/USDT #LONG🐳

✳️ ENTRY :- 0.164 - 0.156

💢 LE...: 0.190

⛔️ STOP-LOSS :- 0.149

☝️ Margin Use 2–3%",0663c2723d397e16f37d8f2c1f1cb37f,2026-09-20T06:37:59+00:00,2026-09-20T20:14:30.383855+00:00,958,crypto_global_watch_1
1464369,30373,"⌛#XLM/USDT  ( LONG )

🍁 Leverage 👉 20X to 25X 

⛩️... 0.19880 | 0.20080 | 0.20312

🔕 Stoploss = 0.18429",3a47956e04003ddaeaebc2ad573d5918,2026-09-20T06:37:59+00:00,2026-09-20T20:14:30.253215+00:00,958,crypto_global_watch_1
1464354,30365,"⚡️⚡️ #BIGTIME/USDT ⚡️⚡️
Exchanges: Bingx 
Signal T...
5) 0.00859
6) 0.00871
7) 🚀🚀🚀

Stop Targets:
5-10%",70d01d3c5f755fc3c896b5e6f06a0fb1,2026-09-20T06:37:59+00:00,2026-09-20T20:14:29.636010+00:00,958,crypto_global_watch_1
1464353,30360,"📊#AVAAI/USDT–LONG–10x - 20x 🚀

📍 𝐄𝐧𝐭𝐫𝐲 𝐙𝐨𝐧𝐞:

➥ 0....tal.

⚠️ Disclaimer:
Trade at your own risk. DYOR.",7582344656edb7a1293f1a974d28f350,2026-09-20T06:37:59+00:00,2026-09-20T20:14:29.617099+00:00,958,crypto_global_watch_1
1464342,30362,"⚡️⚡️ #1000000MOG/USDT ⚡️⚡️
Exchanges: Bingx 
Signa...
5) 0.11204
6) 0.11363
7) 🚀🚀🚀

Stop Targets:
5-10%",5ff18cf4c98b5519d06d284a85be30b7,2026-09-20T06:37:59+00:00,2026-09-20T20:14:28.509558+00:00,958,crypto_global_watch_1
1464330,30364,"⚡️⚡️ #ALT/USDT ⚡️⚡️
Exchanges: Bingx 
Signal Type:...
5) 0.00753
6) 0.00764
7) 🚀🚀🚀

Stop Targets:
5-10%",037e63ded7d5a70861a80f709d62842a,2026-09-20T06:37:59+00:00,2026-09-20T20:14:27.056342+00:00,958,crypto_global_watch_1
1464390,30358,"#STRKUSDT — BUY (LONG) 
🎉
🟢 Leverage: Cross  25x

...Stop Loss: 0.04240

🔽 Risk Management:

 REACTS !!",b3f7c8adc29a7996bea1d61948a21683,2026-09-20T06:35:10+00:00,2026-09-20T20:14:30.331263+00:00,958,crypto_global_watch_1
1464356,30359,"Coin #ONE/USDT

Position: LONG 

Leverage:  Cross ...s: 🎯 0.00405, 0.00420, 0.00450

Stop Loss: 0.00375",72d687271792dc4a9ffbe4963d9fe916,2026-09-20T06:35:10+00:00,2026-09-20T20:14:29.637804+00:00,958,crypto_global_watch_1
1464378,30356,"#AVA/USDT

📈Signal: short Leverage: Cross 20X

⚡️E...even after TP1 is hit.

📣Trade Smart • Follow Risk",7a55498c3b1e1cb61eba64a6d543649b,2026-09-20T06:12:06+00:00,2026-09-20T20:14:30.291083+00:00,958,crypto_global_watch_1
1464362,30354,"#G/USDT

📈Signal: long Leverage: Cross 20X

⚡️Entr...even after TP1 is hit.

📣Trade Smart • Follow Risk",8032933b8810f6809aec31407c10614e,2026-09-20T06:12:06+00:00,2026-09-20T20:14:29.665999+00:00,958,crypto_global_watch_1
1464359,30357,"⚡️⚡️ #ONE/USDT️️️️⚡️️⚡️
SIGNAL Type: Regular (LONG...op: Breakeven -
  Trigger: Target (1)

NO REACTS 🔥",880a066e21c1b7463e361790c556f79c,2026-09-20T06:12:06+00:00,2026-09-20T20:14:29.657035+00:00,958,crypto_global_watch_1
1464332,30355,"⚡️⚡️ #ONE/USDT️️️️⚡️️⚡️
SIGNAL Type: Regular (LONG...op: Breakeven -
  Trigger: Target (1)

NO REACTS 🔥",a397d5a36a430bd5129760d1b074b02c,2026-09-20T06:12:06+00:00,2026-09-20T20:14:28.411875+00:00,958,crypto_global_watch_1
1464380,30352,"#ALLO/USDT

📈Signal: long Leverage: Cross 20X

⚡️E...even after TP1 is hit.

📣Trade Smart • Follow Risk",8a46036c1cd78691e488021ea2466bc5,2026-09-20T06:11:21+00:00,2026-09-20T20:14:30.295342+00:00,958,crypto_global_watch_1
1464341,30353,"Long #GUSDT 0.012145

Tp 0.012500",af27982d5499dee68e6b5fdfa3e6a0a9,2026-09-20T06:11:21+00:00,2026-09-20T20:14:28.488108+00:00,958,crypto_global_watch_1
1464383,30351,"🚀SHORT: $ONE/USDT🚀
LEVERAGE: 20X-50X

🤍 ENTRY PRIC...8- 0.0035
—————

❌ STOP LOSS: 0.004850❌

REACTIONS",71214a604afaa8efa17ca45f34a19e09,2026-09-20T05:23:13+00:00,2026-09-20T20:14:30.314087+00:00,958,crypto_global_watch_1
1464372,30350,"📊#DOOD/USDT — LONG

⚡️ Leverage : 10X – 25X

💹Entr...Entry After TP1

⚖️ Follow Proper Risk Management.",aff73bd035c3b77c00ae9e7a3ad01903,2026-09-20T05:23:13+00:00,2026-09-20T20:14:30.269983+00:00,958,crypto_global_watch_1
1464368,30344,"#SHORT 🔴 🔤🔤🔤🔤🔤

#THETA/USDT 

Margin Mode : Isolat...948

🟩 SL : 0.2281 - 100%

📊 LEV : 20X

🇯🇵 Premium",4de782a3821763f1c20e2d4ac7b9aa78,2026-09-20T05:12:36+00:00,2026-09-20T20:14:30.246513+00:00,958,crypto_global_watch_1
1464406,30337,"⚡ #LTC/USDT

📥 Short 

💹 Buy: 57.0000 - 58.3000

🧿...0 - 53.5400

🧨 StopLoss: 59.7000 

🔘 Leverage: 20x",8e896bbb8c9c3daf0030cd22364e3ce2,2026-09-20T05:08:06+00:00,2026-09-20T20:14:30.371812+00:00,958,crypto_global_watch_1
1464405,30330,"📈 LONG #CELR/USDT 

🚀 LEVERAGE : 25x

📊 ENTRY PRIC...TP🟢0.0055

TP🟢0.0060

STOPLOSS 🔴0.0046

REACTIONS?",6c3b2c3af27c0939161307111f1d1695,2026-09-20T05:08:06+00:00,2026-09-20T20:14:30.367411+00:00,958,crypto_global_watch_1
1464401,30339,"📊 #ZIL/USDT

🟢 POSITION: LONG

💰 ENTRY RANGE
➤ 0.0... 0.00330

━━━━━━━━━━━━━━━━━━

✅ Manage risk wisely",bdfaee898a2e7faffd34b6c8a1793cd2,2026-09-20T05:08:06+00:00,2026-09-20T20:14:30.355913+00:00,958,crypto_global_watch_1
1464388,30332,"🚀 #EPICUSDT LONG SIGNAL 🚀  LEVERAGE 50X-75X

📌 ENT...ch this move together!

🔓 Trade Smart • Trade Safe",22529c2cf2965a87bf112f49b7cd86af,2026-09-20T05:08:06+00:00,2026-09-20T20:14:30.326792+00:00,958,crypto_global_watch_1
1464377,30331,"💵 𝐒𝐈𝐆𝐍𝐀𝐋 𝐀𝐋𝐄𝐑𝐓 💵

#AR/USDT (25xLONG)

✅ ENTRY:4.35...210

TARGETS:-4.490/4.760/5.10

❌ STOP LOSS: 3.760",ea028a926ca2abd68c361a976b33d001,2026-09-20T05:08:06+00:00,2026-09-20T20:14:30.289287+00:00,958,crypto_global_watch_1
1464370,30335,"🟢B2/USDT 📈

📈 long Setup 

💰 Entry Zone: 0.60–0.57...et 1. 
✅ Move SL to breakeven after Target 1 hits.",180a74503a49593fe9324a1d36766001,2026-09-20T05:08:06+00:00,2026-09-20T20:14:30.253978+00:00,958,crypto_global_watch_1
1464366,30341,"⭐ ONE /USDT — LONG

💵 ENTRY: 0.0041500-0.004000

⚙...o

📌 Follow the setup and manage your risk wisely.",8f568df36c887a280a2a1f7287296485,2026-09-20T05:08:06+00:00,2026-09-20T20:14:30.245805+00:00,958,crypto_global_watch_1
1464358,30333,"📊 AVA/USDT — LONG 

📍 ENTRY: 0.2580

🎯 TARGET 1: 0...Manage your risk & trade responsibly.

🔥 LET’S GO!",6a51b7f48f0e786d30c392496836e92b,2026-09-20T05:08:06+00:00,2026-09-20T20:14:29.651975+00:00,958,crypto_global_watch_1
1464355,30342,"✅ Long

Pair: #BCH/USDT

📊 Entry Price: 

1) 246.6...41
4) 263.56

Stop Loss: 231.14

Leverage: 10x-20x",bea996508880c95fddbdabea5587ffd3,2026-09-20T05:08:06+00:00,2026-09-20T20:14:29.636742+00:00,958,crypto_global_watch_1
1464346,30334,"$ZIL/USDT #SHORT📩

✅ENTRY :-0.003950/0.0041

Targe...𝐎𝐧𝐥𝐲 𝟏-𝟑% 𝐎𝐟 𝐎𝐮𝐫 𝐃𝐞𝐩𝐨𝐬𝐢𝐭 𝐅𝐨𝐫 𝐄𝐚𝐜𝐡 𝐓𝐫𝐚𝐝𝐞

React,??m",ba41287ab15159d2fa9686ffc7bb2308,2026-09-20T05:08:06+00:00,2026-09-20T20:14:29.047799+00:00,958,crypto_global_watch_1
1464345,30338,"📍Coin : #AVNT/USDT

🔴 SHORT 

👉 Entry: 0.1070 - 0....t 5: 0.1019
🎯 Target 6: 0.1008

❌ StopLoss: 0.1120",72315cdb416e70d61159c4ee8eaa0c8f,2026-09-20T05:08:06+00:00,2026-09-20T20:14:29.037937+00:00,958,crypto_global_watch_1
1464328,30343,"#AVAAIUSDT — BUY (LONG) 
🎉
🟢 Leverage: Cross  25x
...top Loss: 0.009545

🔽 Risk Management:

 REACTS !!",a7d3a15ebea09ef80ee8f995c6d75084,2026-09-20T05:08:06+00:00,2026-09-20T20:14:26.396100+00:00,958,crypto_global_watch_1
1464322,30340,"🐳 ZIL/USDT #LONG🐳

✳️ ENTRY :- 0.0039 - 0.0037
💢 L...0.0045

⛔️ STOP-LOSS :- 0.0036

☝️ Margin Use 2–3%",e3dde05aa4821bfc392d405c601d49f5,2026-09-20T05:08:06+00:00,2026-09-20T20:14:25.205976+00:00,958,crypto_global_watch_1
1464386,30323,"ADAUSDTUSDT  
Exchanges: BINGX 

🟢 Long
Leverage- ....26155000
6) 0.28247000
7) 🚀🚀🚀 

⛔️ SL:
0.21745000",0f1a18a053c161406827222d392923e1,2026-09-20T05:05:01+00:00,2026-09-20T20:14:30.317879+00:00,958,crypto_global_watch_1
1464381,30329,"🌈PAIR:- #EPIC/USDT
⚡️ Direction : LONG
⚙️ Leverage...nt Usage:- 1 - 2%
(According To your Risk Setting)",6bba2ac838fe1e878925a3616ddf3f6f,2026-09-20T05:05:01+00:00,2026-09-20T20:14:30.302355+00:00,958,crypto_global_watch_1
1464373,30328,"👑 #CTSI/USDT — TRADE LONG

LEVERAGE 25X TO 50X

✅ ...

⛔️ STOP LOSS: 0.03180

⚡️ NO FEAR — JUST PROFITS",6711d118fea0ae69ade0ac5f0685747c,2026-09-20T05:05:01+00:00,2026-09-20T20:14:30.273974+00:00,958,crypto_global_watch_1
1464336,30327,"🔰B2/USDT 🔰   

🟢 LONG 10X 20X

♻ ENTRY 
1️⃣ 0.590
...

1️⃣ 0.625
2️⃣ 0.660
3️⃣ 0.740

⛔ STOPLOSS  0.440",85455d7a184a3263d2e3175511dd208e,2026-09-20T05:05:01+00:00,2026-09-20T20:14:28.463742+00:00,958,crypto_global_watch_1
1464334,30321,"💰#FIL / USDT👑

💎Setup Type: Strong LONG  🔖Opportun...

🥉TP ➝ 1.1300

4️⃣TP ➝ 1.2500

🚫Stop Loss: 0.8200",21bdcc4fe25082f9973646e90f559a96,2026-09-20T05:05:01+00:00,2026-09-20T20:14:28.434932+00:00,958,crypto_global_watch_1
1464331,30325,"🚀 $B2/USDT PERP 🚀

🟢 LONG

💰 Entry : 0.575$ – 0.51... 5X – 25X

⛔️ SL : 0.450$

📌 Use Only 2-5% Capital",e36f33df34965ce4f5ad06774c008fd8,2026-09-20T05:05:01+00:00,2026-09-20T20:14:27.054545+00:00,958,crypto_global_watch_1
1464326,30326,"#IOTA | LONG SETUP

💰 Entry: $0.04868

🎯 Target1: ...t4: $0.05053
🎯 Target5: $0.05121

🛡 STOP: $0.04625",92b3bbe532b6d979afa9f83d696f0bbb,2026-09-20T05:05:01+00:00,2026-09-20T20:14:26.382566+00:00,958,crypto_global_watch_1
1464324,30324,"$B2 LONG NOW

ENTRY: 0.61- 0.59

TP:- 0.6350- 0.6800- 0.7400

SL:- 0.4450",596310deed0fa1f4358c3c8c87c9983c,2026-09-20T05:05:01+00:00,2026-09-20T20:14:25.756875+00:00,958,crypto_global_watch_1
1464318,30319,"🔻 $SYN/USDT — SHORT | 25–50x

🎯 ENTRY: 0.2450

🚀 T... RISK MANAGEMENT: Use only 2–3% of your portfolio.",d9a587c7df4096d2d8627cf53f9477f6,2026-09-20T04:51:06+00:00,2026-09-20T20:14:15.073798+00:00,958,crypto_global_watch_1
1464317,30317,"🔺 $G/USDT — LONG | 25–50x

🎯 ENTRY: 0.01100

🚀 TP:... 0.01030

⚠️ RISK MANAGEMENT: Manage risk smartly.",5ccf1e2dfe12fca4579ec6f03ba21123,2026-09-20T04:51:06+00:00,2026-09-20T20:14:13.798137+00:00,958,crypto_global_watch_1
1477716,30501,"🔴 Short

Pair: #BNB/USDT

📊 Entry Price: 

1) 767....
4) 714.382

Stop Loss: 815.831

Leverage: 10x-20x",337c4d6002575bc8d2e861a5e97ed08a,2026-09-20T21:42:47+00:00,2026-09-20T22:31:05.604366+00:00,958,crypto_global_watch_1
1477715,30500,"🔴 SHORT

#ZEC/USDT

Entry zone : 1565.87 - 1520.27...75.08
1329.24

Stop loss :1626.6889

Leverage: 10x",838679a0ef165490fccd7aa45f22ddfa,2026-09-20T21:42:47+00:00,2026-09-20T22:31:05.585937+00:00,958,crypto_global_watch_1
1477714,30503,"PLUMEUSDTUSDT  
Exchanges: BINGX 

🟢 Long
Leverage....01493000
6) 0.01612000
7) 🚀🚀🚀 

⛔️ SL:
0.01192421",662ebc0fc40ab22d7e91dedde5ad2682,2026-09-20T21:42:47+00:00,2026-09-20T22:31:05.577981+00:00,958,crypto_global_watch_1
1477712,30502,"🟢CELR Usdt 🟢
Short
Market Price 
Target 🎯 
0.003337
0.003120
0.002820
Sl soon",4b44c86470d2988e65cf5b6bf2295e43,2026-09-20T21:42:47+00:00,2026-09-20T22:31:05.574967+00:00,958,crypto_global_watch_1
1483466,30510,"🔻 $AKE/USDT — SHORT | 25x

🎯 ENTRY: 0.035600 → 0.0...0.045000

⚠️ RISK MANAGEMENT: Manage risk smartly.",daf0de0080ac80e8407138459b90f881,2026-09-21T05:26:54+00:00,2026-09-21T05:27:18.993679+00:00,958,crypto_global_watch_1
1483468,30508,"🔺 $PLAY/USDT — LONG | 25x

🎯 ENTRY: 0.02828 → 0.02... 0.02612

⚠️ RISK MANAGEMENT: Manage risk smartly.",c566769fe02a8af924d4b406ba321388,2026-09-21T05:13:23+00:00,2026-09-21T05:27:19.002204+00:00,958,crypto_global_watch_1
1488338,30566,"📈 LONG #SAGA/USDT 

🚀 LEVERAGE : 50x

📊 ENTRY PRIC...TP🟢0.0380

TP🟢0.0400

STOPLOSS 🔴0.0342

REACTIONS?",acf0c315eac4e76bb7b2d5e914a8dbb6,2026-09-21T07:10:30+00:00,2026-09-21T07:29:43.059665+00:00,958,crypto_global_watch_1
1488337,30565,"🚀LONG: $OPG/USDT🚀
LEVERAGE: 20X-50X

🤍 ENTRY PRICE...1440- 0.1590
—————

❌ STOP LOSS: 0.11❌


REACTIONS",2b0054b3eb674e36b49bc2ffc8ab5be6,2026-09-21T07:10:30+00:00,2026-09-21T07:29:42.983437+00:00,958,crypto_global_watch_1
1488336,30564,"#ZETA/USDT LONG   

👉Leverage : Cross 10× To 30×

... 0.0675
2)  0.0695
3)  0.0725

⭕Stop Loss : 0.0635",b4251cad1ce50ac1bea168f1336e39ee,2026-09-21T06:48:11+00:00,2026-09-21T07:29:42.950095+00:00,958,crypto_global_watch_1
1488334,30562,"📈 LONG #ZETA/USDT 

🚀 LEVERAGE : 50x

📊 ENTRY PRIC...TP🟢0.0690

TP🟢0.0725

STOPLOSS 🔴0.0615

REACTIONS?",e78d3003ddbfed833e05714c5865636b,2026-09-21T06:48:11+00:00,2026-09-21T07:29:42.927177+00:00,958,crypto_global_watch_1
1488333,30561,"#RUNEUSDT — BUY (LONG) 
🎉
🟢 Leverage: Cross  30x

...️Stop Loss: 0.5335

🔽 Risk Management:

 REACTS !!",9c68e2d54e59e4b396eff2df7c1a702d,2026-09-21T06:48:11+00:00,2026-09-21T07:29:42.871839+00:00,958,crypto_global_watch_1
1488331,30559,"🔺 $RUNE/USDT — LONG | 30x

🎯 ENTRY: 0.5733 → 0.553...: 0.5335

⚠️ RISK MANAGEMENT: Manage risk smartly.",4a01ce90709308d4188e2d767468435b,2026-09-21T06:40:04+00:00,2026-09-21T07:29:42.726966+00:00,958,crypto_global_watch_1
1488328,30556,"⭐ ZETA /USDT — LONG

💵 ENTRY: 0.06240-0.06000

⚙️ ...o

📌 Follow the setup and manage your risk wisely.",b8cda976678c65b8d4be974b0ff465ed,2026-09-21T06:14:45+00:00,2026-09-21T07:29:42.664999+00:00,958,crypto_global_watch_1
1488327,30555,"🌹 #PTB/USDT

🔴SHORT

✅ Entry: 0.0011077- 0.0011340...l advice.
💰 Stay disciplined. Protect your capital",7a5583000874029ca7ecb27a393ef9f1,2026-09-21T06:14:45+00:00,2026-09-21T07:29:42.578448+00:00,958,crypto_global_watch_1
1488326,30554,"⭐ ZAMA /USDT — LONG

💵 ENTRY: 0.0011100-0.0010340
...o

📌 Follow the setup and manage your risk wisely.",2c85542ca928787a3ccfbd2a27820bd1,2026-09-21T06:05:44+00:00,2026-09-21T07:29:42.497065+00:00,958,crypto_global_watch_1
1488325,30553,"📍Coin : #OP/USDT

🟢 LONG 

👉 Entry: 0.1266 - 0.124...t 5: 0.1329
🎯 Target 6: 0.1343

❌ StopLoss: 0.1205",4f9eb5bc3abbdd42081227e4055b5f56,2026-09-21T06:05:43+00:00,2026-09-21T07:29:42.475799+00:00,958,crypto_global_watch_1
1488319,30547,"⚡️⚡️ #BABY/USDT ⚡️⚡️
Exchanges: Bingx 
Signal Type...
5) 0.01235
6) 0.01252
7) 🚀🚀🚀

Stop Targets:
5-10%",a76ec41dabe4c26170a75907ff212b66,2026-09-21T06:05:43+00:00,2026-09-21T07:29:42.242600+00:00,958,crypto_global_watch_1
1488318,30546,"⚡️⚡️ #BAT/USDT ⚡️⚡️
Exchanges: Bingx 
Signal Type:...
5) 0.08477
6) 0.08597
7) 🚀🚀🚀

Stop Targets:
5-10%",ee2ecf88738ec53e020dd11db42ed406,2026-09-21T06:05:43+00:00,2026-09-21T07:29:42.236381+00:00,958,crypto_global_watch_1
1488316,30544,"⚡️⚡️ #ANIME/USDT ⚡️⚡️
Exchanges: Bingx 
Signal Typ...
5) 0.00338
6) 0.00343
7) 🚀🚀🚀

Stop Targets:
5-10%",97b85e467038d0347e6f77acdb873a9c,2026-09-21T06:05:43+00:00,2026-09-21T07:29:42.107988+00:00,958,crypto_global_watch_1
1488315,30543,"⚡️⚡️ #AVAX/USDT ⚡️⚡️
Exchanges: Bingx 
Signal Type...) 12.00980
6) 12.17975
7) 🚀🚀🚀

Stop Targets:
5-10%",39e6a379b0c4f4e6f784fb1d13428b12,2026-09-21T06:05:43+00:00,2026-09-21T07:29:42.061946+00:00,958,crypto_global_watch_1
1488314,30542,"ETHUSDT  
Exchanges: BINGX 

🟢 Short
Leverage- Cro...3.98
5) 2454.79
6) 2402.00
7) 🚀🚀🚀 

⛔️ SL:
2797.93",a8e726cc678fa960150249e4b1059724,2026-09-21T06:05:43+00:00,2026-09-21T07:29:42.034703+00:00,958,crypto_global_watch_1
1488312,30540,"💵 𝐒𝐈𝐆𝐍𝐀𝐋 𝐀𝐋𝐄𝐑𝐓 💵

#SAGA/USDT (25xLONG)

✅ ENTRY:0....TARGETS:-0.037/0.03940/0.04350

❌ STOP LOSS: 0.030",2938243d5f18ab0dcc4690ef3860c930,2026-09-21T06:03:46+00:00,2026-09-21T07:29:42.004514+00:00,958,crypto_global_watch_1
1488311,30539,"📈 LONG #MIRA/USDT

♻ Leverage: 20X

➡️ Entry :- 0.....05620
2) 0.05800
3) 0.06100

⭕ Stop Loss: 0.04800",a8ee202c557d7f02c10a010d6025aade,2026-09-21T06:03:46+00:00,2026-09-21T07:29:41.889385+00:00,958,crypto_global_watch_1
1488310,30538,"📊 ARC/USDT — LONG 

📍 ENTRY: 0.075

🎯 TARGET 1: 0....Manage your risk & trade responsibly.

🔥 LET’S GO!",ee2488192d3e5bbc4b0c55b2b229631a,2026-09-21T06:03:46+00:00,2026-09-21T07:29:41.888515+00:00,958,crypto_global_watch_1
1488309,30537,"⚡ #MTL/USDT

📤 Long 

💹 Buy: 0.2984 - 0.2896

🧿 Ta...137 - 0.3168

🧨 StopLoss: 0.2830 

🔘 Leverage: 20x",e4876b926c3cc126604e6315c3c18e5f,2026-09-21T06:03:46+00:00,2026-09-21T07:29:41.864727+00:00,958,crypto_global_watch_1
1488308,30536,"📊#W/USDT–LONG–10x - 30x 🚀

📍 𝐄𝐧𝐭𝐫𝐲 𝐙𝐨𝐧𝐞:

➥ 0.0120...tal.

⚠️ Disclaimer:
Trade at your own risk. DYOR.",bdf9742e3157819bdfb9dbdab1426d4e,2026-09-21T06:03:46+00:00,2026-09-21T07:29:41.830695+00:00,958,crypto_global_watch_1
1488307,30535,"🪙 Coin: #CFG/USDT
🧭 Type: #LONG

📈 Entry Zone:
0.1... within the zone and maintain strict risk control.",5a924dd3c8d67845cf82a90ca51bbb9a,2026-09-21T06:03:46+00:00,2026-09-21T07:29:41.817145+00:00,958,crypto_global_watch_1
1488306,30534,"📊 #MINA/USDT

🟢 POSITION: LONG

💰 ENTRY RANGE
➤ 0....
➤ 0.105

━━━━━━━━━━━━━━━━━━

✅ Manage risk wisely",5316468dfcf81c8796f897b19f852ccb,2026-09-21T06:03:46+00:00,2026-09-21T07:29:41.719911+00:00,958,crypto_global_watch_1
1488305,30533,"🚀 $JUP/USDT PERP 🚀

🟢 LONG

💰 Entry : 0.315$ – 0.2... 5X – 25X

⛔️ SL : 0.250$

📌 Use Only 2-5% Capital",2f45eb14dc035c06e4eb562877fc6f6e,2026-09-21T06:03:46+00:00,2026-09-21T07:29:41.686501+00:00,958,crypto_global_watch_1
1488304,30531,"#ARB/USDT 🟢 LONG

📍 Entry Zone: 0.219834 – 0.22880...n: LONG

⚠️ Manage your risk and trade responsibly",8c1c4d3dc7a8162b144eb839c9931292,2026-09-21T06:03:46+00:00,2026-09-21T07:29:41.660487+00:00,958,crypto_global_watch_1
1488303,30532,"#LONG 🟢🔤🔤🔤🔤🔤

#ALT/USDT

Margin Mode : Isolated 💎
...
🟥 SL : 0.007003 - 100%   

📊 LEV : 20X

🇯🇵Premium",921864d4c917a27f42ebe97f38575236,2026-09-21T06:03:46+00:00,2026-09-21T07:29:41.654384+00:00,958,crypto_global_watch_1
1488302,30530,"Coin #AR /USDT

Position: LONG 

Leverage:  Cross ...4.69

Targets: 🎯 4.94, 5.15, 5.40

Stop Loss: 4.59",4cdd91dc07008d305f3d160ae9c8f72b,2026-09-21T06:03:46+00:00,2026-09-21T07:29:41.636660+00:00,958,crypto_global_watch_1
1488301,30529,"⭐ ZAMA /USDT — LONG

💵 ENTRY: 0.06570-0.06300

⚙️ ...o

📌 Follow the setup and manage your risk wisely.",80df89778822d2a1fb33c3863f564848,2026-09-21T06:03:46+00:00,2026-09-21T07:29:41.522508+00:00,958,crypto_global_watch_1
1488300,30528,"✅ Long

#ATOM/USDT

Entry zone : 1.677 - 1.729

Ta...840
1.892
1.944

Stop loss :1.60797

Leverage: 10x",7a2d860a53812af2e78902b73eb31385,2026-09-21T06:03:46+00:00,2026-09-21T07:29:41.489678+00:00,958,crypto_global_watch_1
1488299,30527,"#ETHBTC | LONG SETUP

💰 Entry: $0.03292

🎯 Target1...t4: $0.03417
🎯 Target5: $0.03463

🛡 STOP: $0.03127",cead51eeb79f1e2223f9389860ad26ed,2026-09-21T06:03:45+00:00,2026-09-21T07:29:41.454922+00:00,958,crypto_global_watch_1
1488298,30526,"🟢VVV/USDT 📈

📈 long Setup 

💰 Entry Zone: 30.900–3...et 1. 
✅ Move SL to breakeven after Target 1 hits.",bfaffd6db55fdf006a935c64d2ec8c85,2026-09-21T06:03:45+00:00,2026-09-21T07:29:41.424706+00:00,958,crypto_global_watch_1
1488297,30525,"🚀SHORT: $ZETA/USDT🚀
LEVERAGE: 20X-50X

🤍 ENTRY PRI....054- 0.050
—————

❌ STOP LOSS: 0.068❌


REACTIONS",eee6851b121aeec61296746e9cb8b511,2026-09-21T06:03:45+00:00,2026-09-21T07:29:41.381806+00:00,958,crypto_global_watch_1
1488296,30524,"🐳 MINA/USDT #LONG🐳

✳️ ENTRY :- 0.130  0.123

💢 LE...: 0.152

⛔️ STOP-LOSS :- 0.115

☝️ Margin Use 2–3%",15bfa36b914cbfc8644973a724a4b8ed,2026-09-21T06:03:45+00:00,2026-09-21T07:29:41.299164+00:00,958,crypto_global_watch_1
1488294,30522,"#PLAYUSDT — BUY (LONG) 
🎉
🟢 Leverage: Cross  25x

...Stop Loss: 0.02612

🔽 Risk Management:

 REACTS !!",e55fecd6b047ad5ac02a63fcd8c3d7ba,2026-09-21T06:03:45+00:00,2026-09-21T07:29:41.218090+00:00,958,crypto_global_watch_1
1488293,30520,"📊#ZETA/USDT — LONG

⚡️ Leverage : 10X – 30X

💹Entr...Entry After TP1

⚖️ Follow Proper Risk Management.",4deee1ee3348fe6ec4d786c0df6d8aac,2026-09-21T06:03:45+00:00,2026-09-21T07:29:41.207109+00:00,958,crypto_global_watch_1
1488292,30521,"💰#AKE / USDT👑

💎Setup Type: Strong SHORT  🔖Opportu...➝ 0.022000

4️⃣TP ➝ 0.015000

🚫Stop Loss: 0.045000",5a377f45c4770545d7433ccaf1956fc2,2026-09-21T06:03:45+00:00,2026-09-21T07:29:41.203972+00:00,958,crypto_global_watch_1
1488291,30519,"$TAO

Long at cmp. 268.42

Tp. 304.4

Sl. 241.5",d22dc600eab269497c09383c388bfbc9,2026-09-21T06:03:45+00:00,2026-09-21T07:29:41.116006+00:00,958,crypto_global_watch_1
1488285,30511,"🔺 $AR/USDT — LONG | 10–75x

🎯 ENTRY: 4.79 → 4.69

...SL: 4.59

⚠️ RISK MANAGEMENT: Manage risk smartly.",affffb0bc8e94298b406b60ab832da1d,2026-09-21T05:29:35+00:00,2026-09-21T07:29:40.896868+00:00,958,crypto_global_watch_1
1492222,30606,"Short #SAGA 50x 0.03720

Tp: 0.03650",55a2bd01e7348257a5befdfdd2de94ec,2026-09-21T09:39:25+00:00,2026-09-21T09:43:53.438666+00:00,958,crypto_global_watch_1
1492221,30605,"#ZAMA/ USDT — BUY (LONG) 
Leverage: Cross 25x – 50... TP2: 0.1055
🥉 TP3: 0.1120


⛔️ STOP LOSS: 0.09400",319ce457b63918ad0c2632d7749b997b,2026-09-21T09:36:49+00:00,2026-09-21T09:43:53.425130+00:00,958,crypto_global_watch_1
1492219,30603,"#BTC/USDT

LONG LONG LONG 

OPEN MARKET PRICE 

TP...4150
TP 84550
TP 84700
TP 85100

SL 79500

LEV 27X",56a1a4961a1bb1f4e97275ed29d784c2,2026-09-21T09:31:53+00:00,2026-09-21T09:43:53.401541+00:00,958,crypto_global_watch_1
1492217,30602,"🌹 #BTC/USDT

🟢 LONG

✅ Entry: 83760- 82400

❌ Stop...l advice.
💰 Stay disciplined. Protect your capital",abc04239269d8729ec8830cd4550c236,2026-09-21T09:31:53+00:00,2026-09-21T09:43:53.267348+00:00,958,crypto_global_watch_1
1492215,30598,"📉 SHORT #ETH 200x

📌 Entry: 2,708

🎯 TP: 2,690

⛔️...t Usage: 1-3%
⚠️ According to your risk management",38104d0ac64cd31bc71dd317640d3eb8,2026-09-21T09:31:52+00:00,2026-09-21T09:43:53.245067+00:00,958,crypto_global_watch_1
1492213,30587,"#1000PEPE | LONG SETUP

💰 Entry: $0.004062

🎯 Targ...t4: $0.00422
🎯 Target5: $0.00427

🛡 STOP: $0.00386",bb357fb6ee8cd30e35efa142c30ec37b,2026-09-21T08:50:54+00:00,2026-09-21T09:43:53.104123+00:00,958,crypto_global_watch_1
1492210,30583,"🚀 #MINAUSDT LONG SIGNAL 🚀
⚡️ LEVERAGE 50X–75X

📌 E...tch this move together!
🔓 Trade Smart • Trade Safe",ee80b99b9cd4d93359dc89e4fcb70e0c,2026-09-21T08:18:40+00:00,2026-09-21T09:43:53.062125+00:00,958,crypto_global_watch_1
1492209,30584,"🔘 Coin : #KMNO/USDT 🔘

🟢 LONG

🔺Entry🔻: 0.03376

⭐... - 0.03546

♦️ StopLoss : 0.03259

🔱 Leverage: 25x",1506e4d53cc233fbcaa4126dbf6e83c5,2026-09-21T08:18:40+00:00,2026-09-21T09:43:53.057492+00:00,958,crypto_global_watch_1
1492208,30582,"🔻 $ZETA/USDT — SHORT | 30x

🎯 ENTRY: 0.06310 → 0.0... 0.06845

⚠️ RISK MANAGEMENT: Manage risk smartly.",8040b5c79cb5df9c44ff230084d77008,2026-09-21T08:09:26+00:00,2026-09-21T09:43:52.954067+00:00,958,crypto_global_watch_1
1492207,30579,"↗️ LONG #SAGA 50x

📌 Entry: 0.03650

🎯 TP: 0.03730...t Usage: 1-3%
⚠️ According to your risk management",4768c33ab468e7f1689b9b1f78a7e3c0,2026-09-21T08:06:28+00:00,2026-09-21T09:43:52.895452+00:00,958,crypto_global_watch_1
1492206,30578,"#ZETA/ USDT — BUY (SHORT) 
Leverage: Cross 25x – 5...T IS KEY
👉 Use ONLY 2 – 3% of your total portfolio",0044c75344def3bbf94b1d33f06a618e,2026-09-21T08:06:28+00:00,2026-09-21T09:43:52.885799+00:00,958,crypto_global_watch_1
1492202,30576,"👑 #SAGA/USDT — TRADE LONG

LEVERAGE 25X TO 50X

✅ ...

⛔️ STOP LOSS: 0.03420

⚡️ NO FEAR — JUST PROFITS",c25821f94b79c8a1e6eb5cdb92b9302c,2026-09-21T08:06:27+00:00,2026-09-21T09:43:52.591552+00:00,958,crypto_global_watch_1
1492201,30575,"🌈 Pair: SAGA/USDT

📈 Direction: LONG

📌 Leverage: ...nt

📊 Trade smart. Manage risk. Stay disciplined..",06c3da2b865fe971970d815b465d4e30,2026-09-21T08:06:27+00:00,2026-09-21T09:43:52.584871+00:00,958,crypto_global_watch_1
1492200,30574,"⌛#TRX/USDT  ( LONG )

🍁 Leverage 👉 20X to 25X 

⛩️... 0.35658 | 0.36019 | 0.36486

🔕 Stoploss = 0.33188",9d472ac22bc33583fe5e149e2ee21927,2026-09-21T08:06:27+00:00,2026-09-21T09:43:52.582597+00:00,958,crypto_global_watch_1
1492199,30573,"#SAGA/USDT LONG   

👉Leverage : Cross 10× To 30×

...  0.0369
2)  0.0380
3)  0.0400

⭕Stop Loss : 0.034",ea91b4767604f4d38af6b577bfa6e737,2026-09-21T08:06:27+00:00,2026-09-21T09:43:52.579654+00:00,958,crypto_global_watch_1
1492198,30572,"SAGAUSDTUSDT  
Exchanges: BINGX 

🟢 Long
Leverage-....04666000
6) 0.05039000
7) 🚀🚀🚀 

⛔️ SL:
0.03400000",0c6554bf08d951c65341972b71a9ce48,2026-09-21T08:06:27+00:00,2026-09-21T09:43:52.553607+00:00,958,crypto_global_watch_1
1492196,30570,"🔺 $ONE/USDT — LONG | 25x

🎯 ENTRY: 0.004065 → 0.00...⚠️ RISK MANAGEMENT: Use only 1% of your portfolio.",89ba719f57935e4d292dac67f1c03045,2026-09-21T08:04:33+00:00,2026-09-21T09:43:52.394732+00:00,958,crypto_global_watch_1
1492194,30567,"🔺 $SAGA/USDT — LONG | 25–50x

🎯 ENTRY: 0.03640

🚀 ... 0.03420

⚠️ RISK MANAGEMENT: Manage risk smartly.",f77a92dec1f372ea51a3e39e1ce97cd4,2026-09-21T08:04:33+00:00,2026-09-21T09:43:52.375337+00:00,958,crypto_global_watch_1
1498487,30609,"✨OP/USDT

🎗 Trade Type = LONG 🟢

⭐️ Leverage :- 20...877, 0.13003, 0.13136, 0.13256, 0.13389, 0.13548 ]",7089fcc6fe4a79573f1d36868d1f0f2b,2026-09-21T10:59:34+00:00,2026-09-21T12:32:52.034885+00:00,958,crypto_global_watch_1
1498486,30610,"🔰 PAIR: OP/ USDT 💹

🟢Position: LONG🚀

☑️ Entry Zon...:
🥇 0.1291
🥈 0.1316
🥉 0.1347

❌ Stop Loss: 🔴0.1224",9b9772707f8f1aeab73174fc06c39344,2026-09-21T10:59:34+00:00,2026-09-21T12:32:52.028969+00:00,958,crypto_global_watch_1
1498488,30608,"#KMNO/USDT

📈Signal: long Leverage: Cross 20X

⚡️E...even after TP1 is hit.

📣Trade Smart • Follow Risk",7fbbf7fe7f6e84f0b662eb3423ae6dab,2026-09-21T10:57:38+00:00,2026-09-21T12:32:52.037879+00:00,958,crypto_global_watch_1
1502752,30680,"🌈Pair: PHA/USDT

📈Direction: LONG

📌Leverage: 25x ...nt

📊 Trade smart. Manage risk. Stay disciplined..",520893a9e18be9caec87b26b36190099,2026-09-21T14:30:05+00:00,2026-09-21T14:34:24.837831+00:00,958,crypto_global_watch_1
1502751,30679,"💰#SAGA / USDT👑

💎Setup Type: Strong SHORT  🔖Opport...TP ➝ 0.02783

4️⃣TP ➝ 0.02692

🚫Stop Loss: 0.03899",3ae56708a2cc2e16489633b715048e04,2026-09-21T14:30:05+00:00,2026-09-21T14:34:24.794225+00:00,958,crypto_global_watch_1
1502750,30678,"SHORT

AVAX/USDT

MARKET PRICE 

Leverage: 10X

TP...5% of capital 

Always use proper risk management.",4820f2c07cecf321df84e12c75bf34a4,2026-09-21T14:30:05+00:00,2026-09-21T14:34:24.713865+00:00,958,crypto_global_watch_1
1502749,30677,"#LONG 🟢🔤🔤🔤🔤🔤

#DOT/USDT

Margin Mode : Isolated 💎
...2

🟥 SL : 1.1225 - 100%   

📊 LEV : 20X

🇯🇵Premium",aca18dff24bd65770040467bdf798192,2026-09-21T14:30:05+00:00,2026-09-21T14:34:24.697405+00:00,958,crypto_global_watch_1
1502748,30676,"PUMP/USDT LONG SETUP 

PUMP is approaching a major...nel structure gives room for a larger upside move.",d602fa9643988946c4b94fe17e71d53d,2026-09-21T14:30:04+00:00,2026-09-21T14:34:24.683900+00:00,958,crypto_global_watch_1
1502747,30675,"🌹 #BNB/USDT

🟢 LONG

✅ Entry: 794.80- 780

❌ Stopl...l advice.
💰 Stay disciplined. Protect your capital",9ffb010af42f3cbe0ff5ccace248a8cd,2026-09-21T14:30:04+00:00,2026-09-21T14:34:24.667446+00:00,958,crypto_global_watch_1
1502746,30674,"🔴 SHORT

#RLC/USDT

Entry : 

1) 0.3416
2) 0.3518
...0.3179

🛑 Stop : 0.3631

Leverage : 10x (isolated)",56dbca087c79718fa84f4555a628c478,2026-09-21T14:30:04+00:00,2026-09-21T14:34:24.632570+00:00,958,crypto_global_watch_1
1502745,30673,"🌈Pair: PTB/USDT

📈Direction: LONG

📌Leverage: 25x ...nt

📊 Trade smart. Manage risk. Stay disciplined..",f0f3ef40f741b87b651a64270bb0ad77,2026-09-21T14:30:04+00:00,2026-09-21T14:34:24.546176+00:00,958,crypto_global_watch_1
1502744,30672,"🚨 #AVAX/USDT | LONG 

⚡Leverage: Cross 20x

🎯Entry... follow the signal and secure profits at targets.💎",c0dfc7515ad4bd9e7cf09e45e9994882,2026-09-21T14:30:04+00:00,2026-09-21T14:34:24.505850+00:00,958,crypto_global_watch_1
1502742,30671,"⭐️#UAI/USDT  SHORT

🛡Leverage : Cross 25x50

‼️Ent... 0.573

Use only 3% - 5% amount of your portfolio🛍",586c62815fa613f1f6819e65160bb92b,2026-09-21T14:30:04+00:00,2026-09-21T14:34:24.474999+00:00,958,crypto_global_watch_1
1502739,30667,"🔻 $SAGA/USDT — SHORT | 25x

🎯 ENTRY: 0.03410 → 0.0... 0.03899

⚠️ RISK MANAGEMENT: Manage risk smartly.",7295009ee5ad99f946d0ac578da65907,2026-09-21T14:28:00+00:00,2026-09-21T14:34:24.317787+00:00,958,crypto_global_watch_1
1502738,30666,"🔻 $UAI/USDT — SHORT | 25–50x

🎯 ENTRY: 0.618

🚀 TP... RISK MANAGEMENT: Use only 3–5% of your portfolio.",b468fc87404b02182f5c7a71d09929c0,2026-09-21T14:28:00+00:00,2026-09-21T14:34:24.304321+00:00,958,crypto_global_watch_1
1502731,30658,"🔴 SHORT

#RLC/USDT

Entry : 

1) 0.3416
2) 0.3518
...0.3179

🛑 Stop : 0.3631

Leverage : 10x (isolated)",56dbca087c79718fa84f4555a628c478,2026-09-21T13:40:32+00:00,2026-09-21T14:34:24.053354+00:00,958,crypto_global_watch_1
1502713,30637,"🔺 $NIL/USDT — LONG | 25–50x

🎯 ENTRY: 0.065

🚀 TP:... RISK MANAGEMENT: Use only 3–5% of your portfolio.",7219fbd9adb64e9166ac435858261300,2026-09-21T13:12:58+00:00,2026-09-21T14:34:23.356606+00:00,958,crypto_global_watch_1
1502712,30636,"🔴 SHORT

👉 Strategy :   Breakout Strategy

#ETC/US...4) 8.183

 Stop : 9.345

Leverage : 10x (isolated)",f90204a06ac71fc63fc8cf8abe7bf743,2026-09-21T13:05:36+00:00,2026-09-21T14:34:23.350140+00:00,958,crypto_global_watch_1
1502711,30635,"🔻 $SUI/USDT — SHORT | 20x

🎯 ENTRY: 1.037

🚀 TP: 1...SL: 1.09

⚠️ RISK MANAGEMENT: Manage risk smartly.",42db7eb525e89d28f819dc1c594bb696,2026-09-21T12:56:08+00:00,2026-09-21T14:34:23.301052+00:00,958,crypto_global_watch_1
1502710,30634,"🚀 LONG: $AKE/USDT
LEVERAGE: 50x

✔️ENTRY PRICE: 0....-0.04770-0.05000

STOP LOSS:  0.04140


REACTIONS?",9d4021e895a4ad3ec75b40f32800973d,2026-09-21T12:55:14+00:00,2026-09-21T14:34:23.288039+00:00,958,crypto_global_watch_1
1502709,30633,"🚀 #AKTUSDT LONG SIGNAL 🚀
⚡️ LEVERAGE 50X–75X

📌 EN...tch this move together!
🔓 Trade Smart • Trade Safe",023199e901d6b70f03877c0cc3095438,2026-09-21T12:55:14+00:00,2026-09-21T14:34:23.280764+00:00,958,crypto_global_watch_1
1502708,30632,"🔺 $AVNT/USDT — LONG | 30x

🎯 ENTRY: 0.1183 → 0.113...: 0.1095

⚠️ RISK MANAGEMENT: Manage risk smartly.",416a65572c4490dca98260828210c28f,2026-09-21T12:49:24+00:00,2026-09-21T14:34:23.169461+00:00,958,crypto_global_watch_1
1502705,30629,"🌈Pair: ZETA/USDT

📈Direction: LONG

📌Leverage: 25x...nt

📊 Trade smart. Manage risk. Stay disciplined..",61568e6ba55b7a53191d6c3658ce51e8,2026-09-21T12:47:29+00:00,2026-09-21T14:34:23.102243+00:00,958,crypto_global_watch_1
1502704,30628,"📊#ARKM/USDT–LONG–10x - 30x 🚀

📍 𝐄𝐧𝐭𝐫𝐲 𝐙𝐨𝐧𝐞:

➥ 0.1...tal.

⚠️ Disclaimer:
Trade at your own risk. DYOR.",3d876f145f5e391a62497fe3177eae57,2026-09-21T12:47:29+00:00,2026-09-21T14:34:23.090953+00:00,958,crypto_global_watch_1
1502703,30627,"📊 Let’s LONG #TAO/USDT

💥 Leverage:  Cross 20×  - ...1) 294.95
2) 301.85
3) 312.50

🔖 Stop Loss: 270.00",c77701e15610a2d3d30ba787575c7945,2026-09-21T12:47:29+00:00,2026-09-21T14:34:22.986410+00:00,958,crypto_global_watch_1
1502699,30621,"⭐️#PHA/USDT  SHORT

🛡Leverage : Cross 25x50

‼️Ent... 0.061

Use only 3% - 5% amount of your portfolio🛍",cc2323e439504cc153a06a1611e98290,2026-09-21T12:47:29+00:00,2026-09-21T14:34:22.905513+00:00,958,crypto_global_watch_1
1502697,30619,"#ZAMA      /USDT (SHORT) 🔽🔽

⌛LEVERAGE : 20X TO 75...5


💥Use only 1%margin of your total portfolio❤️😘😇",50a057e2f34429eb2b4fc73a0cace266,2026-09-21T12:47:28+00:00,2026-09-21T14:34:22.812058+00:00,958,crypto_global_watch_1
1502696,30618,"#AVNTUSDT — BUY (LONG) 
🎉
🟢 Leverage: Cross  30x

...️Stop Loss: 0.1095

🔽 Risk Management:

 REACTS !!",314369e8a019d6d86d84a0e67834b9bb,2026-09-21T12:47:28+00:00,2026-09-21T14:34:22.759814+00:00,958,crypto_global_watch_1
1502695,30616,"⚡️Pair: PHA/USDT
Type: LONG 🟢
💫Leverage:  (20X_100...70
2) 0.082
3) 0.099
4) 0.120

❌ STOP LOSS: 0.052❌",7e0c2819d06856961bc0974a2d39739b,2026-09-21T12:47:28+00:00,2026-09-21T14:34:22.732806+00:00,958,crypto_global_watch_1
1502694,30617,"👑My Coin: $UAI/USDT
👀Looking for SHORT

🌟0.5279 Wi...⚠️I Will Set: 0.5459
°°°°°°°°°°°°°° As my stoploss",edf01a3c45f5976f87187d6d6a4d828e,2026-09-21T12:47:28+00:00,2026-09-21T14:34:22.719345+00:00,958,crypto_global_watch_1
1502693,30613,"#PHA/USDT

📈Signal: long Leverage: Cross 50X

⚡️En...even after TP1 is hit.

📣Trade Smart • Follow Risk",0bcd0e7019c293e09cd3c6f5c5e5bfc3,2026-09-21T12:47:28+00:00,2026-09-21T14:34:22.586229+00:00,958,crypto_global_watch_1
1502692,30611,"SOL/USDT My Long Trade Idea 💡

Leverage 100X

Entr....000

Stop Loss   115.000

Follow Money Management",7539a7af83abb3d21bad7432ce78d1f9,2026-09-21T12:47:28+00:00,2026-09-21T14:34:22.568792+00:00,958,crypto_global_watch_1
1502691,30614,"Use only 2% Funds

#XRP/USDT (SHORT)

Entry 1 = 1....Profit
T.P 3 = 1000% Profit 

🔴Stop loss at 1.5650",7c3b83d189fe5fcb751f10763493e759,2026-09-21T12:47:28+00:00,2026-09-21T14:34:22.566221+00:00,958,crypto_global_watch_1
1502690,30612,"👑My Coin: $PTB/USDT
👀Looking for SHORT

🌟0.0011053... Will Set: 0.0011468
°°°°°°°°°°°°°° As my stoploss",778d41c48a632b02b2ae6e601e966677,2026-09-21T12:47:28+00:00,2026-09-21T14:34:22.565340+00:00,958,crypto_global_watch_1
1502689,30615,"#SEI     /USDT (SHORT) 🔽🔽

⌛LEVERAGE : 20X TO 75X
...0


💥Use only 1%margin of your total portfolio❤️😘😇",a18d8af7f2a120dfdaa1857fe4ab664e,2026-09-21T12:47:28+00:00,2026-09-21T14:34:22.558820+00:00,958,crypto_global_watch_1
1507180,30723,"🔰 PAIR: SAND/ USDT 💹

🟢Position: LONG🚀

☑️ Entry Z...0.04209
🥈 0.04256
🥉 0.04442

❌ Stop Loss: 🔴0.04002",173ffa0b14c98fe942d890c1a582ae20,2026-09-21T17:16:59+00:00,2026-09-21T17:33:07.034530+00:00,958,crypto_global_watch_1
1507178,30721,"#DOT | LONG SETUP

💰 Entry: $1.1939

🎯 Target1: $1...t4: $1.23927
🎯 Target5: $1.25598

🛡 STOP: $1.13420",cf84be0e3f83511b2c8172c632d685bb,2026-09-21T16:18:56+00:00,2026-09-21T17:33:06.985643+00:00,958,crypto_global_watch_1
1507177,30719,"Saga USDT
Long
Market Price
Target 

0.3700
0.3800
0.3900

Dca 0.3430",73c571d1a2f71d339a133aee81819d9d,2026-09-21T16:18:56+00:00,2026-09-21T17:33:06.948615+00:00,958,crypto_global_watch_1
1507176,30720,"#ENS | LONG SETUP

💰 Entry: $6.792

🎯 Target1: $6....t4: $7.05010
🎯 Target5: $7.14518

🛡 STOP: $6.45240",5ac93c9e129676b69fb0f636d3fc7675,2026-09-21T16:18:56+00:00,2026-09-21T17:33:06.944779+00:00,958,crypto_global_watch_1
1507173,30718,"📈 LONG #PHA/USDT 

🚀 LEVERAGE : 50x

📊 ENTRY PRICE...TP🟢0.0540

TP🟢0.0570

STOPLOSS 🔴0.0475

REACTIONS?",1a3fe6ceb94e3bb22238c51e22acb536,2026-09-21T16:18:56+00:00,2026-09-21T17:33:06.806609+00:00,958,crypto_global_watch_1
1507174,30716,"🔺 $AKE/USDT — LONG | 50x

🎯 ENTRY: 0.05398 → 0.053... 0.05065

⚠️ RISK MANAGEMENT: Manage risk smartly.",39087b9712395e8c7b9fd05b25e82e27,2026-09-21T16:09:33+00:00,2026-09-21T17:33:06.807297+00:00,958,crypto_global_watch_1
1507171,30714,"🔻 $SAGA/USDT — SHORT | 25x

🎯 ENTRY: 0.03410 → 0.0... 0.03899

⚠️ RISK MANAGEMENT: Manage risk smartly.",7295009ee5ad99f946d0ac578da65907,2026-09-21T16:09:33+00:00,2026-09-21T17:33:06.751412+00:00,958,crypto_global_watch_1
1507170,30713,"⚡️$RUNE/USDT⚡️

SHORT
Leverage: 35X

Entry: 0.6268...871
3)0.5688
4)0.5504
5)0.5321

Stoploss: 0.651202",50bfd62386a590570f28139894427d8b,2026-09-21T16:07:33+00:00,2026-09-21T17:33:06.643383+00:00,958,crypto_global_watch_1
1507168,30711,"💸 LONG — LDO

Entry: 0.4346

💸 Targets: 0.4391 / 0...99

💸  Stop: 0.4124

💸 Move SL to entry after TP1.",3b84fb4a5362a7e36a97a2683baf7896,2026-09-21T16:06:01+00:00,2026-09-21T17:33:06.615928+00:00,958,crypto_global_watch_1
1507167,30710,"🔴 SHORT

#RUNE/USDT

Entry zone : 0.6268 - 0.6086
...
0.5504
0.5321

Stop loss :0.651202

Leverage: 10x",c5d1659b0c45e4e1ba0887b5d551ab97,2026-09-21T16:06:01+00:00,2026-09-21T17:33:06.597056+00:00,958,crypto_global_watch_1
1507166,30709,"Long #ONE 50x 0.004300

Tp: 0.0044700",00a271378ef86d4d5e717da4dfc32b2c,2026-09-21T16:06:01+00:00,2026-09-21T17:33:06.584388+00:00,958,crypto_global_watch_1
1507162,30706,"$FLOW Buying Setup:

Entry; CMp till 0.031
TP: 0.0...u know what happens when a coin breakout like that",f42d83fbc5037f957a44d6304d3eafde,2026-09-21T16:06:00+00:00,2026-09-21T17:33:06.445811+00:00,958,crypto_global_watch_1
1507161,30703,"BTC/USD SELL 

Entry : $ 90109

Target1: $ 87975 
Target2: $ 84210
Target3: $ 80462 


SL : $ 92272",776955770d5cb23357d0cfa822bf25b7,2026-09-21T16:06:00+00:00,2026-09-21T17:33:06.404787+00:00,958,crypto_global_watch_1
1507160,30702,"🚀 LONG: $AKE/USDT
LEVERAGE: 50x

✔️ENTRY PRICE: 0....-0.05760-0.06210

STOP LOSS:  0.05065


REACTIONS?",074205b330fbd77d70cf8059d787f342,2026-09-21T16:06:00+00:00,2026-09-21T17:33:06.291253+00:00,958,crypto_global_watch_1
1507159,30701,"🔴 Short

Pair: #BNB/USDT

📊 Entry Price: 

1) 804....
4) 749.213

Stop Loss: 855.608

Leverage: 10x-20x",a4d752d5718ec3a9b6cd9fc3fec98c23,2026-09-21T15:23:23+00:00,2026-09-21T17:33:06.284784+00:00,958,crypto_global_watch_1
1507156,30698,"🔻 $PHA/USDT — SHORT | 20–75x

🎯 ENTRY: 0.05622

🚀 ....05050
🛑 SL: 0.06400

⚠️ TRADE SMART • MANAGE RISK",d8396fcd9a68506754f79368419c9089,2026-09-21T15:22:37+00:00,2026-09-21T17:33:06.249584+00:00,958,crypto_global_watch_1
1507155,30697,"#BNB/USDT

LONG LONG LONG 

OPEN MARKET PRICE 

TP 805.50
TP 810.20
TP 825.50

SL 761.50

LEV 25X",718b46c10002a9922be7d393c132bc67,2026-09-21T15:13:38+00:00,2026-09-21T17:33:06.134775+00:00,958,crypto_global_watch_1
1507148,30690,"#PHA/USDT | SHORT 🔥

Leverage: Cross 20X75
Entry: ... 0.05050

SL: 0.06400

⚡ Trade Smart • Manage Risk",f6576d60a94b6a906ae20fa49a61322d,2026-09-21T15:09:31+00:00,2026-09-21T17:33:05.940138+00:00,958,crypto_global_watch_1
1507149,30688,"🚀 #RUNEUSDT LONG SIGNAL 🚀
⚡️ LEVERAGE 50X–75X

📌 E...tch this move together!
🔓 Trade Smart • Trade Safe",5f086b0400fe01a5646a7d184a51d907,2026-09-21T15:07:52+00:00,2026-09-21T17:33:05.941309+00:00,958,crypto_global_watch_1
1507147,30686,"#BTC       /USDT (SHORT) 🔽🔽

⌛LEVERAGE : 20X TO 75...0


💥Use only 1%margin of your total portfolio❤️😘😇",bda2595e09c63b874c48f48147882950,2026-09-21T15:07:52+00:00,2026-09-21T17:33:05.901146+00:00,958,crypto_global_watch_1
1507146,30687,"#ONE/ USDT — BUY (SHORT) 
Leverage: Cross 25x – 50...T IS KEY
👉 Use ONLY 2 – 3% of your total portfolio",72a51be01661b200bc80bd4e53791a98,2026-09-21T15:07:52+00:00,2026-09-21T17:33:05.899959+00:00,958,crypto_global_watch_1
1507145,30683,"🪙#PHA/USDT

🚩POSITION — SHORT

🔒  LEVERAGE — 20X75...0.05340
TP🥉: 0.05050

⛔️ SL: 0.06400

🔥REACTIONS?😜",e3164b7d4b9abc30fe37463244125524,2026-09-21T15:07:52+00:00,2026-09-21T17:33:05.748750+00:00,958,crypto_global_watch_1
1507143,30684,"🌈Pair: ONE/USDT

📈Direction: SHORT

📌Leverage: 25x...nt

📊 Trade smart. Manage risk. Stay disciplined..",387383f84362ae1477fa4b2ccd63231e,2026-09-21T15:07:52+00:00,2026-09-21T17:33:05.726822+00:00,958,crypto_global_watch_1
1509732,30740,"🔴 SHORT

#DOGE/USDT

Entry : 

1) 0.098190
2) 0.10...1396

🛑 Stop : 0.104375

Leverage : 10x (isolated)",225cfb39f360b09ec4c9025c60ea42b4,2026-09-21T18:56:24+00:00,2026-09-21T19:16:52.341272+00:00,958,crypto_global_watch_1
1509731,30739,"🟢 Long

#ZEC/USDT

Entry : 

1) 1484.41
2) 1439.87...85.96

🛑 Stop : 1390.89

Leverage : 10x (isolated)",55f9cde945d8720369b1f7abfe34b318,2026-09-21T18:56:24+00:00,2026-09-21T19:16:52.304416+00:00,958,crypto_global_watch_1
1509725,30727,"👑 #MUBARAK/USDT — TRADE LONG

LEVERAGE 25X TO 50X
...

⛔️ STOP LOSS: 0.04420

⚡️ NO FEAR — JUST PROFITS",afd734264041fcbe74422ab82f220253,2026-09-21T17:47:19+00:00,2026-09-21T19:16:52.028484+00:00,958,crypto_global_watch_1
1509722,30728,"🔰 PAIR: SAND/ USDT 💹

🟢Position: LONG🚀

☑️ Entry Z...0.04209
🥈 0.04256
🥉 0.04442

❌ Stop Loss: 🔴0.04002",173ffa0b14c98fe942d890c1a582ae20,2026-09-21T17:47:19+00:00,2026-09-21T19:16:52.017011+00:00,958,crypto_global_watch_1
1511585,30748,"⚡️Pair: EVAA/USDT
Type: LONG 🟢
💫Leverage:  (20X_10...) 0.90
2) 1.00
3) 1.15
4) 1.40

❌ STOP LOSS: 0.72❌",21afdb7c7688d42af77552607e542db1,2026-09-21T19:25:31+00:00,2026-09-21T20:57:11.685706+00:00,958,crypto_global_watch_1
1511584,30747,"⚡️⚡️#ARKM/USDT⚡️⚡️

Signal Type : Long
Leverage : ...
2) 0.1265
3) 0.1317
4) 0.1362

Stop Loss : 0.1168",452421fe159165aad7c07f2e7d9a6424,2026-09-21T19:25:31+00:00,2026-09-21T20:57:11.678645+00:00,958,crypto_global_watch_1
1511583,30746,"✅Entry  -0.0042706 - 0.004230

(🆘LONG ONEUSDT 5-20...004530
🏹Target 6  $0.004580

🚫Stop loss -0.0040211",a20bdbd45daf5759fc427eaa3fd11766,2026-09-21T19:25:30+00:00,2026-09-21T20:57:11.671864+00:00,958,crypto_global_watch_1
1519594,30819,"🔺 $SAGA/USDT — LONG | 25–50x

🎯 ENTRY: 0.04050

🚀 ... RISK MANAGEMENT: Use only 2–3% of your portfolio.",0de4c437b49571450c6949551b014a32,2026-09-22T05:42:39+00:00,2026-09-22T05:48:29.969423+00:00,958,crypto_global_watch_1
1519589,30816,"✨SOL/USDT

🎗 Trade Type = LONG 🟢

⭐️ Leverage :- 2...[ 118.12, 119.43, 120.57, 121.50, 122.99, 124.45 ]",4746341ba2f28b5528a30adb54fa0fdb,2026-09-22T05:34:24+00:00,2026-09-22T05:48:29.670783+00:00,958,crypto_global_watch_1
1519587,30815,"#1000PEPE/USDT LONG   

👉Leverage : Cross 10× To 3...0540
2)  0.00560
3)  0.00604

⭕Stop Loss : 0.00495",87ac93df24b78351b6a28057576ff7fb,2026-09-22T05:34:24+00:00,2026-09-22T05:48:29.660544+00:00,958,crypto_global_watch_1
1519586,30814,"👑 #1000PEPE/USDT — TRADE LONG

LEVERAGE 25X TO 50X...
⛔️ STOP LOSS: 0.004950

⚡️ NO FEAR — JUST PROFITS",a1e320e0b830a4a4b0561d233c5bc6f8,2026-09-22T05:34:24+00:00,2026-09-22T05:48:29.633755+00:00,958,crypto_global_watch_1
1519584,30813,"🚀 $PEPE/USDT PERP 🚀

🟢 LONG

💰 Entry : 0.000052$ –... – 25X

⛔️ SL : 0.000038$

📌 Use Only 2-5% Capital",659812b0b12c9ee23169b34b3018c06f,2026-09-22T05:34:24+00:00,2026-09-22T05:48:29.524571+00:00,958,crypto_global_watch_1
1519579,30810,"🌈Pair: 1000PEPE/USDT

📈Direction: LONG

📌Leverage:...nt

📊 Trade smart. Manage risk. Stay disciplined..",e77e226e5c6855a2dd1aac281afd9cf6,2026-09-22T05:34:24+00:00,2026-09-22T05:48:29.326090+00:00,958,crypto_global_watch_1
1519578,30812,"📊#WAL/USDT–LONG–10x - 30x 🚀

📍 𝐄𝐧𝐭𝐫𝐲 𝐙𝐨𝐧𝐞:

➥ 0.03...tal.

⚠️ Disclaimer:
Trade at your own risk. DYOR.",29bec662cab00a7c8f4a2e8da8f89f03,2026-09-22T05:34:24+00:00,2026-09-22T05:48:29.314471+00:00,958,crypto_global_watch_1
1519575,30809,"🟢KERNEL/USDT 📈

📈 long Setup 

💰 Entry Zone: 0.068...et 1. 
✅ Move SL to breakeven after Target 1 hits.",bbdad9f1d1050602d0f2b0ffded17eb3,2026-09-22T05:34:24+00:00,2026-09-22T05:48:29.245972+00:00,958,crypto_global_watch_1
1519572,30808,"✅ Long

#LTC/USDT

Entry zone : 59.01 - 60.84

Tak....77
66.58
68.40

Stop loss :56.5812

Leverage: 10x",c9fb1c44dfbe92abea8f7d69ba861094,2026-09-22T05:34:24+00:00,2026-09-22T05:48:29.146533+00:00,958,crypto_global_watch_1
1519570,30807,"🔰 NEWT/USDT 🔰

🟢 LONG 20X

🔳 ENTRY :- 0.04970

☑️ TARGET:- 0.051 - 0.053 - 0.056

🔴 STOP :- 0.047",3dd10ee728d53662e4ff6447eac762b4,2026-09-22T05:34:24+00:00,2026-09-22T05:48:28.935344+00:00,958,crypto_global_watch_1
1519569,30806,"🐳 ZETA/USDT #LONG🐳

✳️ ENTRY :- 0.064  0.061

💢 LE...: 0.076

⛔️ STOP-LOSS :- 0.053

☝️ Margin Use 2–3%",d462fdb3a177a12b35987ad244de4d10,2026-09-22T05:34:24+00:00,2026-09-22T05:48:28.932122+00:00,958,crypto_global_watch_1
1519568,30805,"🟢 Long

#ETH/USDT

Entry : 

1) 2736.07
2) 2653.98...23.25

🛑 Stop : 2563.69

Leverage : 10x (isolated)",fac84f1009a4e478792b56215ce6c6e9,2026-09-22T05:34:24+00:00,2026-09-22T05:48:28.925083+00:00,958,crypto_global_watch_1
1519564,30804,"📊 KERNEL/USDT — LONG 

📍 ENTRY: 0.06640

🎯 TARGET ...Manage your risk & trade responsibly.

🔥 LET’S GO!",d033ecee48311764c932ccf7a10bcbd4,2026-09-22T05:34:24+00:00,2026-09-22T05:48:28.860507+00:00,958,crypto_global_watch_1
1519561,30803,"🚀 #WALUSDT LONG SIGNAL 🚀
⚡️ LEVERAGE 50X–75X

📌 EN...tch this move together!
🔓 Trade Smart • Trade Safe",410cffc9352ddd8ea78d98756ab55bfb,2026-09-22T05:34:24+00:00,2026-09-22T05:48:28.797677+00:00,958,crypto_global_watch_1
1519560,30802,"#PHA/USDT LONG   

👉Leverage : Cross 10× To 30×

E... 0.0562
2)  0.0580
3)  0.0610

⭕Stop Loss : 0.0516",f887a45f6e9910f07106ec23ff895f91,2026-09-22T05:34:24+00:00,2026-09-22T05:48:28.646430+00:00,958,crypto_global_watch_1
1519559,30801,"#IN/USDT LONG   

👉Leverage : Cross 10× To 30×

En...
1)  0.040
2)  0.042
3)  0.043

⭕Stop Loss : 0.036",0324de3f7ab6c0cf88686db116a9e571,2026-09-22T05:34:24+00:00,2026-09-22T05:48:28.620405+00:00,958,crypto_global_watch_1
1519551,30799,"📊 #PHA/USDT

🟢 POSITION: LONG

💰 ENTRY RANGE
➤ 0.0...
➤ 0.042

━━━━━━━━━━━━━━━━━━

✅ Manage risk wisely",9f7debf853c58e947a9cbd5235cd9fff,2026-09-22T05:34:24+00:00,2026-09-22T05:48:28.410055+00:00,958,crypto_global_watch_1
1519550,30797,"⚡️$NEWT/USDT⚡️

LONG
Leverage: 20X

Entry: 0.04970...
Target:

1)0.051
2)0.053
3)0.056

Stoploss: 0.047",b2c2378b280fb5873a3940028615b910,2026-09-22T05:34:24+00:00,2026-09-22T05:48:28.322747+00:00,958,crypto_global_watch_1
1519548,30796,"⚡️$MUBARAK/USDT⚡️

LONG
Leverage: 25X 

Entry: 0.0...get:

1)0.0485
2)0.0500
3)0.0520

Stoploss: 0.0434",c2b4f19b70e86756e4be3d5ad591bc51,2026-09-22T05:34:24+00:00,2026-09-22T05:48:28.229095+00:00,958,crypto_global_watch_1
1519543,30794,"#FARTCOIN/USDT (25xLONG)

✅ ENTRY:0.1920/0.1860

TARGETS:-0.1970/0.2070/0.2220

❌ STOP LOSS: 0.1650",74d4e06decb0aa8813dcda4e33acf921,2026-09-22T05:34:24+00:00,2026-09-22T05:48:28.065406+00:00,958,crypto_global_watch_1
1519541,30793,"✅ Long

Pair: #BNB/USDT

📊 Entry Price: 

1) 790.3...
4) 844.411

Stop Loss: 740.548

Leverage: 10x-20x",9c1e22ddf19baea379d141d5e73a3bdc,2026-09-22T05:34:24+00:00,2026-09-22T05:48:28.008046+00:00,958,crypto_global_watch_1
1519539,30791,"📈 LONG #1000PEPE/USDT

♻ Leverage: 20X

➡️ Entry :....00515
2) 0.00535
3) 0.00566

⭕ Stop Loss: 0.00455",fb1a8ed29a8042a602bb7f8d2abecef3,2026-09-22T05:34:23+00:00,2026-09-22T05:48:27.891410+00:00,958,crypto_global_watch_1
1519538,30790,"$WIF/USDT #LONG📩

✅ENTRY :-0.2480/0.2390

Target 1...𝐎𝐧𝐥𝐲 𝟏-𝟑% 𝐎𝐟 𝐎𝐮𝐫 𝐃𝐞𝐩𝐨𝐬𝐢𝐭 𝐅𝐨𝐫 𝐄𝐚𝐜𝐡 𝐓𝐫𝐚𝐝𝐞

React,??m",37b303a320e107558f5155ab3c390ad2,2026-09-22T05:34:23+00:00,2026-09-22T05:48:27.855864+00:00,958,crypto_global_watch_1
1519532,30789,"⭐️#TAO/USDT  LONG

🛡Leverage : Cross 25x50

‼️Entr...295.34

Use only 3% - 5% amount of your portfolio🛍",704dec00598cb87bcdd4c49952751fb7,2026-09-22T05:34:23+00:00,2026-09-22T05:48:27.667169+00:00,958,crypto_global_watch_1
1519530,30786,"#ONE/ USDT — BUY (LONG) 
Leverage: Cross 25x – 50x...T IS KEY
👉 Use ONLY 2 – 3% of your total portfolio",d6e6525987dc898c4be98f46b75ad43d,2026-09-22T05:34:23+00:00,2026-09-22T05:48:27.604415+00:00,958,crypto_global_watch_1
1519529,30787,"#PHA/ USDT — BUY (LONG) 
Leverage: Cross 25x – 50x...T IS KEY
👉 Use ONLY 2 – 3% of your total portfolio",f12f2bc4e379ed48dbb1007900a1d78e,2026-09-22T05:34:23+00:00,2026-09-22T05:48:27.580254+00:00,958,crypto_global_watch_1
1519528,30785,"📊#ALT/USDT — LONG

⚡️ Leverage : 10X – 30X

💹Entry...Entry After TP1

⚖️ Follow Proper Risk Management.",258625ff5f37a8c7fb0cac4b962d8edd,2026-09-22T05:34:23+00:00,2026-09-22T05:48:27.560552+00:00,958,crypto_global_watch_1
1519520,30782,"🔺 $MUBARAK/USDT — LONG | 10–50x

🎯 ENTRY: 0.0540 →...: 0.0510

⚠️ RISK MANAGEMENT: Manage risk smartly.",003f6fd6e97bbc6d375f8119f7e563e4,2026-09-22T05:27:02+00:00,2026-09-22T05:48:27.240851+00:00,958,crypto_global_watch_1
1519518,30780,"🔺 $1000BONK/USDT — LONG | 30x

🎯 ENTRY: 0.003495 →...0.003235

⚠️ RISK MANAGEMENT: Manage risk smartly.",ea5664c1efebf55d233caccb469851c9,2026-09-22T05:27:01+00:00,2026-09-22T05:48:27.156968+00:00,958,crypto_global_watch_1
1519501,30774,"🔺 $1000PEPE/USDT — LONG | 75x

🎯 ENTRY: 0.005130 →...⚠️ RISK MANAGEMENT: Use only 1% of your portfolio.",42b046bf8554ee011f6be55d37d80277,2026-09-22T05:27:01+00:00,2026-09-22T05:48:26.527611+00:00,958,crypto_global_watch_1
1519500,30773,"🔺 $PHA/USDT — LONG | 25–50x

🎯 ENTRY: 0.05500

🚀 T... RISK MANAGEMENT: Use only 2–3% of your portfolio.",1638f7d30b6f0a334f611c7cf82d97f6,2026-09-22T05:27:01+00:00,2026-09-22T05:48:26.517887+00:00,958,crypto_global_watch_1
1519498,30770,"🔺 $ZETA/USDT — LONG | 25–50x

🎯 ENTRY: 0.06400

🚀 ... 0.06120

⚠️ RISK MANAGEMENT: Manage risk smartly.",38377261f3e4084757d8e7599774c9fd,2026-09-22T05:27:01+00:00,2026-09-22T05:48:26.467959+00:00,958,crypto_global_watch_1
1519489,30767,"🔺 $ONE/USDT — LONG | 25–50x

🎯 ENTRY: 0.004430

🚀 ... RISK MANAGEMENT: Use only 2–3% of your portfolio.",c841e5eb029e5870aedff16d93b9bbb1,2026-09-22T05:27:01+00:00,2026-09-22T05:48:26.146676+00:00,958,crypto_global_watch_1
1524463,30879,"👑 #MUBARAK/USDT — TRADE LONG

LEVERAGE 25X TO 50X
...

⛔️ STOP LOSS: 0.05450

⚡️ NO FEAR — JUST PROFITS",8437032c7484d45f8cc2e7a1f02ab071,2026-09-22T09:26:23+00:00,2026-09-22T09:37:24.974647+00:00,958,crypto_global_watch_1
1524462,30878,"🟢BTC/USDT Long  | 

Entry  :  86160 

TP   :  86500 / 87000 / 87500

SL  :  85500 | Risk 3% to 5%",4e0f1ad4c3d32acc2b79da897d49f462,2026-09-22T09:06:55+00:00,2026-09-22T09:37:24.966734+00:00,958,crypto_global_watch_1
1524461,30877,"SOL/USDT My Long Trade Idea 💡

Leverage 100X

Entr....650

Stop Loss   117.000

Follow Money Management",fc548e05ed97dac0c471811764b696c1,2026-09-22T09:06:55+00:00,2026-09-22T09:37:24.915866+00:00,958,crypto_global_watch_1
1524460,30876,"🟢ETH/USDT My Long Trade Setup

Leverage 100X

Entr... 2800

Stop Loss  :  2720

Follow Money Management",17e5031c1702b778b5e982bba88af325,2026-09-22T09:06:55+00:00,2026-09-22T09:37:24.896312+00:00,958,crypto_global_watch_1
1524459,30875,"📈 LONG #GRASS/USDT 

🚀 LEVERAGE : 75x

📊 ENTRY PRI...

TP🟢0.482

TP🟢0.505

STOPLOSS 🔴0.430


REACTIONS?",de929fe20435e69d700885ebde2e1110,2026-09-22T09:06:55+00:00,2026-09-22T09:37:24.820413+00:00,958,crypto_global_watch_1
1524458,30874,"⭐️#GRASS/USDT  LONG

🛡Leverage : Cross 25x50

‼️En...0.4311

Use only 3% - 5% amount of your portfolio🛍",92867f8541aef9679c4683fb464b13cc,2026-09-22T09:06:55+00:00,2026-09-22T09:37:24.755818+00:00,958,crypto_global_watch_1
1524453,30867,"#GRASS/ USDT — BUY (LONG) 
Leverage: Cross 25x – 5...T IS KEY
👉 Use ONLY 2 – 3% of your total portfolio",bf8aa3551e0da37b3d29ab763e98fe18,2026-09-22T08:11:40+00:00,2026-09-22T09:37:24.551610+00:00,958,crypto_global_watch_1
1524452,30866,"❖ MUBARAK/USDT

❖ SHORT [ 10×20 ]

➤ Entry Zone:- ... TP2: 0.0500
▪️ TP3: 0.0490

➤ Stop Loss :- 0.0575",28a248947bd35e8bdfe0eda6ad2a2bda,2026-09-22T08:11:40+00:00,2026-09-22T09:37:24.496063+00:00,958,crypto_global_watch_1
1524451,30865,"XRP/USDT Short  | 

Entry  :  1.5143 

TP   :  1.5...0 / 1.4950 / 1.4860

SL  :  1.5230 | Risk 3% to 5%",6d6323d526f0e7fef10553230da91f04,2026-09-22T07:50:39+00:00,2026-09-22T09:37:24.447080+00:00,958,crypto_global_watch_1
1524450,30863,COOKIEUSDT LONG NOW,418977ee53a43dc39a28843682ae30b1,2026-09-22T07:50:39+00:00,2026-09-22T09:37:24.433632+00:00,958,crypto_global_watch_1
1524449,30864,"⭐️#COOKIE/USDT  LONG

🛡Leverage : Cross 25x50

‼️E...012455

Use only 3% - 5% amount of your portfolio🛍",6a5ca5e72c6e19f304a7367af877a837,2026-09-22T07:50:39+00:00,2026-09-22T09:37:24.429137+00:00,958,crypto_global_watch_1
1524448,30862,"🟢SUI/USDT My Short Trade Setup

Leverage 50X

Entr....9840

Stop Loss: 1.02384

Follow Money Management",89010265100b11ff60a253828bd5f930,2026-09-22T07:50:39+00:00,2026-09-22T09:37:24.357759+00:00,958,crypto_global_watch_1
1524445,30859,"#SHIB1000/USDT 🟢 LONG

📍 Entry Zone: 0.006076 – 0....n: LONG

⚠️ Manage your risk and trade responsibly",75f9dd41aaceb074e59fb01a7060048d,2026-09-22T07:50:39+00:00,2026-09-22T09:37:24.239050+00:00,958,crypto_global_watch_1
1524443,30857,"$ARB LONG🟢 (25x Lev)

Entry -  0.22158$

Targets

...95$
2)0.22811$
3)0.23096$
4)0.23585$

SL- 0.21465$",203bbaceedff40fdc9bd7a6bac18b928,2026-09-22T07:50:39+00:00,2026-09-22T09:37:24.188362+00:00,958,crypto_global_watch_1
1524442,30856,"🪙 Coin: #ONE/USDT
🧭 Type: #LONG

📈 Entry Zone:
0.0... within the zone and maintain strict risk control.",64478f68bcdfdaeabd726b1ae58cd303,2026-09-22T07:50:39+00:00,2026-09-22T09:37:24.086005+00:00,958,crypto_global_watch_1
1524441,30855,"🚀LONG: $MUBARAK/USDT🚀
LEVERAGE: 20X-50X

🤍 ENTRY P...50- 0.063
—————

❌ STOP LOSS: 0.04570❌


REACTIONS",a3b91f610800097b1ce1197cf3479067,2026-09-22T07:50:39+00:00,2026-09-22T09:37:24.074904+00:00,958,crypto_global_watch_1
1524440,30854,"#1000BONK/USDT now at current market price (Spot +...$0.0037
2. $0.0039
3. $0.0041

Stop loss : $0.0033",bff0d2416f1497461309c4b4454285f8,2026-09-22T07:50:39+00:00,2026-09-22T09:37:24.055119+00:00,958,crypto_global_watch_1
1524439,30853,"$SOLUSDT

LONG

RR : 2

LEVERAGE : 35x

ENTRY : 116.6

TAKE PROFITS 👇

1️⃣ 120.0

STOPLOSS : 114.9",ee68f1f370e354de381c2bcebe13ec30,2026-09-22T07:50:39+00:00,2026-09-22T09:37:24.034370+00:00,958,crypto_global_watch_1
1524438,30852,"💫 Pair: 1000FLOKI/USDT  💫

🔼 Direction: Long 🔼

✅ ...Take Profit: 0.3320 📈

⚠️ Stop Loss: 0.2810 ⚠️

📈📈",f5c951e3a41462cafc779b61a00bc68e,2026-09-22T07:50:38+00:00,2026-09-22T09:37:24.012040+00:00,958,crypto_global_watch_1
1524437,30851,"🟢DOGE/USDT Long Trade Setup

Leverage 75X

Entry P...0300

Stop Loss   0.09890

Follow Money Management",86884e01659d57e0f52aed232f4a5dfa,2026-09-22T07:50:38+00:00,2026-09-22T09:37:23.884960+00:00,958,crypto_global_watch_1
1524436,30850,"#SHORT 🔴 🔤🔤🔤🔤🔤

#1000LUNC/USDT 

Margin Mode : Iso...13

🟩 SL : 0.05685 - 100%

📊 LEV : 20X

🇯🇵 Premium",101436b145cb840dbfed449f06c121b2,2026-09-22T07:50:38+00:00,2026-09-22T09:37:23.877374+00:00,958,crypto_global_watch_1
1524435,30848,"🌹 #AVA/USDT

🟢 LONG

✅ Entry: 0.2645- 0.2590

❌ St...l advice.
💰 Stay disciplined. Protect your capital",729b94eb763504927671c1b1c01e5df3,2026-09-22T07:50:38+00:00,2026-09-22T09:37:23.876031+00:00,958,crypto_global_watch_1
1524434,30849,"📍Coin : #1MBABYDOGE/USDT

🟢 LONG 

👉 Entry: 0.0004...04415
🎯 Target 6: 0.0004460

❌ StopLoss: 0.0003940",efeaace9a4f3eed1b3b605f5e1e793dc,2026-09-22T07:50:38+00:00,2026-09-22T09:37:23.863785+00:00,958,crypto_global_watch_1
1524433,30847,"✅ Long

Pair: #ETC/USDT

📊 Entry Price: 

1) 8.673....085
4) 9.266

Stop Loss: 8.126

Leverage: 10x-20x",857acd34193bfac55840f3f17866d151,2026-09-22T07:50:38+00:00,2026-09-22T09:37:23.845049+00:00,958,crypto_global_watch_1
1524432,30846,"Trade: #1000SATS/USDT

Direction: 📈 LONG 

🟢 Entry... Target 6: 0.00001317

💠 Leverage : 5x - 10x - 20x",04dbdae158da4750a2bad814a396c302,2026-09-22T07:50:38+00:00,2026-09-22T09:37:23.702524+00:00,958,crypto_global_watch_1
1524429,30843,"AVAX-USD  
Exchanges: BYBIT

🔴 Short 
Leverage- Cr...8.75
4) 8.05
5) 7.41
6) 6.81
7) 🚀🚀🚀 

⛔️ SL:
10.07",6a46d775dfe8076f608931e1fd98dbd6,2026-09-22T07:50:38+00:00,2026-09-22T09:37:23.673700+00:00,958,crypto_global_watch_1
1524427,30839,"⚡️⚡️ #DASH/USDT ⚡️⚡️
Exchanges: Bingx 
Signal Type...) 63.16540
6) 64.05925
7) 🚀🚀🚀

Stop Targets:
5-10%",e06ffdaf6991f7dc606642492f034c5a,2026-09-22T07:50:38+00:00,2026-09-22T09:37:23.491568+00:00,958,crypto_global_watch_1
1524425,30840,"APT-USD  
Exchanges: BYBIT

🔴 Short 
Leverage- Cro....52738000
6) 0.48519000
7) 🚀🚀🚀 

⛔️ SL:
0.71715500",b41f4237eee0f3dc2e6559fc4b87accd,2026-09-22T07:50:38+00:00,2026-09-22T09:37:23.484278+00:00,958,crypto_global_watch_1
1524424,30837,"⚡️⚡️ #ALPINE/USDT ⚡️⚡️
Exchanges: Bingx 
Signal Ty...
5) 0.37280
6) 0.37808
7) 🚀🚀🚀

Stop Targets:
5-10%",30d955b0113c3473fe1abd00952e2882,2026-09-22T07:50:38+00:00,2026-09-22T09:37:23.476962+00:00,958,crypto_global_watch_1
1524423,30838,"⚡️⚡️ #ANKR/USDT ⚡️⚡️
Exchanges: Bingx 
Signal Type...
5) 0.00533
6) 0.00541
7) 🚀🚀🚀

Stop Targets:
5-10%",79bb3a4ead47318f7a7bbb70405d5ec9,2026-09-22T07:50:38+00:00,2026-09-22T09:37:23.468903+00:00,958,crypto_global_watch_1
1524422,30836,"⚡️⚡️ #APEX/USDT ⚡️⚡️
Exchanges: Bingx 
Signal Type...
5) 0.26988
6) 0.27370
7) 🚀🚀🚀

Stop Targets:
5-10%",76757a9dec6454df54364182967f19f1,2026-09-22T07:50:38+00:00,2026-09-22T09:37:23.291538+00:00,958,crypto_global_watch_1
1524421,30835,"⚡️⚡️ #ALLO/USDT ⚡️⚡️
Exchanges: Bingx 
Signal Type...
5) 0.28455
6) 0.28857
7) 🚀🚀🚀

Stop Targets:
5-10%",0bed9beb4457daf3f033351c329e767f,2026-09-22T07:50:38+00:00,2026-09-22T09:37:23.285825+00:00,958,crypto_global_watch_1
1524420,30833,"⚡️⚡️ #ADA/USDT ⚡️⚡️
Exchanges: Bingx 
Signal Type:...
5) 0.25875
6) 0.26241
7) 🚀🚀🚀

Stop Targets:
5-10%",b28b69dc9be2900029b09a6a1a6a899d,2026-09-22T07:50:38+00:00,2026-09-22T09:37:23.275387+00:00,958,crypto_global_watch_1
1524419,30834,"⚡️⚡️ #AIA/USDT ⚡️⚡️
Exchanges: Bingx 
Signal Type:...
5) 0.07269
6) 0.07372
7) 🚀🚀🚀

Stop Targets:
5-10%",71463dcc3c6721d31c3fa4bdcaae7d15,2026-09-22T07:50:38+00:00,2026-09-22T09:37:23.274537+00:00,958,crypto_global_watch_1
1524418,30832,"⚡️⚡️ #1INCH/USDT ⚡️⚡️
Exchanges: Bingx 
Signal Typ...
5) 0.10820
6) 0.10974
7) 🚀🚀🚀

Stop Targets:
5-10%",e0175a7d83e6599f7a78bf3e5058ad4b,2026-09-22T07:50:38+00:00,2026-09-22T09:37:23.271937+00:00,958,crypto_global_watch_1
1524417,30831,"📊#CYS/USDT–LONG–10x - 30x 🚀

📍 𝐄𝐧𝐭𝐫𝐲 𝐙𝐨𝐧𝐞:

➥ 0.17...tal.

⚠️ Disclaimer:
Trade at your own risk. DYOR.",9bdeda0747df59ca6ee3c310e2deac73,2026-09-22T07:50:38+00:00,2026-09-22T09:37:23.125998+00:00,958,crypto_global_watch_1
1524416,30830,"📊 Let’s LONG #SAGA/USDT

💥 Leverage:  Cross 20×  -...1) 0.0425
2) 0.0440
3) 0.0465

🔖 Stop Loss: 0.0393",fc9e13367b087556ddfa9b8df1c1503b,2026-09-22T07:50:37+00:00,2026-09-22T09:37:23.098595+00:00,958,crypto_global_watch_1
1524415,30829,"📊 Let’s LONG #WLD/USDT

💥 Leverage:  Cross 20×  - ...1) 0.4815
2) 0.4920
3) 0.5150

🔖 Stop Loss: 0.4315",324caf5ac6a871bdb9e73bb29c6a5c29,2026-09-22T07:50:37+00:00,2026-09-22T09:37:23.085569+00:00,958,crypto_global_watch_1
1524414,30827,"⭐️#MUBARAK/USDT  LONG

🛡Leverage : Cross 25x50

‼️....04693

Use only 3% - 5% amount of your portfolio🛍",ad5658f30f0423eb0b2dc6fab0fd8a50,2026-09-22T07:50:37+00:00,2026-09-22T09:37:23.045574+00:00,958,crypto_global_watch_1
1524413,30828,"🟢 LONG $MUBARAK/USDT | Cross 10X 

✅ Entry: 0.06120

🎯 TP: 0.064  - 0.068 -  0.073

🛑 SL: 0.055",5495955f2f75c2be7904400ccb12372e,2026-09-22T07:50:37+00:00,2026-09-22T09:37:23.044750+00:00,958,crypto_global_watch_1
1524410,30825,"🔺 $COOKIE/USDT — LONG | 25–50x

🎯 ENTRY: 0.013129
... RISK MANAGEMENT: Use only 3–5% of your portfolio.",bebd2ef1a671ca8d8eee0216fa96da03,2026-09-22T07:45:40+00:00,2026-09-22T09:37:22.880176+00:00,958,crypto_global_watch_1
1524409,30824,COOKIEUSDT LONG NOW,418977ee53a43dc39a28843682ae30b1,2026-09-22T07:45:40+00:00,2026-09-22T09:37:22.875675+00:00,958,crypto_global_watch_1
1524408,30822,"🔺 $MUBARAK/USDT — LONG | 25–50x

🎯 ENTRY: 0.05991
... RISK MANAGEMENT: Use only 3–5% of your portfolio.",b33585f07efe582486884121ec265ae7,2026-09-22T07:45:40+00:00,2026-09-22T09:37:22.856870+00:00,958,crypto_global_watch_1
1528348,30909,"🔘 Coin : #PUMP/USDT 🔘

🔴 SHORT

🔺Entry🔻: 0.004552
... 0.004279

♦️ StopLoss : 0.004704

🔱 Leverage: 25x",3d8dbc15202f1b7cb077615e56a4cbff,2026-09-22T11:16:20+00:00,2026-09-22T11:44:26.549281+00:00,958,crypto_global_watch_1
1528346,30906,"👑My Coin: $WIF/USDT
👀Looking for SHORT

🌟0.2541 Wi...⚠️I Will Set: 0.2635
°°°°°°°°°°°°°° As my stoploss",03b225e673e8a6f89e0b3a4428a72432,2026-09-22T11:13:18+00:00,2026-09-22T11:44:26.538824+00:00,958,crypto_global_watch_1
1528345,30904,"#DOGE/USDT SHORT NOW 📉
🏠ENTRY: ( 0.09775 )",b7bcf3475b397aa2d1774e30c60f8bd2,2026-09-22T11:13:18+00:00,2026-09-22T11:44:26.404787+00:00,958,crypto_global_watch_1
1528344,30905,"🪙#DOGE/USDT

🚩POSITION — SHORT

🔒  LEVERAGE — 20X7...0.09450
TP🥉: 0.09100

⛔️ SL: 0.10700

🔥REACTIONS?😜",daf2a7b4373bd631b73ca27266360f96,2026-09-22T11:13:18+00:00,2026-09-22T11:44:26.401601+00:00,958,crypto_global_watch_1
1528342,30903,"🔘 Coin : #KERNEL/USDT 🔘

🔴 SHORT

🔺Entry🔻: 0.06401... - 0.05888

♦️ StopLoss : 0.06652

🔱 Leverage: 25x",f82c44b9e8efc05210d7d2cd1a510893,2026-09-22T10:34:19+00:00,2026-09-22T11:44:26.386296+00:00,958,crypto_global_watch_1
1528343,30902,"🚀 LONG: $COOKIE/USDT
LEVERAGE: 50x

✔️ENTRY PRICE:...-0.01480-0.01600

STOP LOSS:  0.01310


REACTIONS?",2565828cf19c1fe6f517be64ca9aeb4a,2026-09-22T10:20:04+00:00,2026-09-22T11:44:26.387302+00:00,958,crypto_global_watch_1
1528341,30901,"📊 Let’s LONG #TST/USDT

💥 Leverage:  Cross 20×  - ....01895
2) 0.01920
3) 0.01988

🔖 Stop Loss: 0.01742",99d525c9c01453c3fc4cdec14682e70e,2026-09-22T09:59:14+00:00,2026-09-22T11:44:26.384123+00:00,958,crypto_global_watch_1
1528340,30900,"Pair: #AKE/USDT

Long • (20X)

Entry
0.052885

Tar...t your own risk. Always use proper risk management",0f7447ffadcfa8e15e84474b2884fb40,2026-09-22T09:59:14+00:00,2026-09-22T11:44:26.245528+00:00,958,crypto_global_watch_1
1528339,30898,"👑My Coin: $AKE/USDT
👀Looking for LONG

🌟0.053664 W...I Will Set: 0.051579
°°°°°°°°°°°°°° As my stoploss",1ebbcf13f4fbfc2811cbcc9c27098037,2026-09-22T09:59:14+00:00,2026-09-22T11:44:26.178251+00:00,958,crypto_global_watch_1
1528338,30899,"AKE/USDT 

LONG LONG LONG 

OPEN MARKET PRICE 

TP...13
TP 0.056328 
TP 0.057984

SL  0.051579

LEV 25X",be49846b3807990492e8c6f8aaccf084,2026-09-22T09:59:14+00:00,2026-09-22T11:44:26.171863+00:00,958,crypto_global_watch_1
1528336,30895,"⌛#ARB/USDT  ( SHORT )

🍁 Leverage 👉 20X to 25X 

⛩... 0.21020 | 0.20802 | 0.20479

🔕 Stoploss = 0.22563",644e56b37f8805282627b26cc73fd66e,2026-09-22T09:59:14+00:00,2026-09-22T11:44:26.162806+00:00,958,crypto_global_watch_1
1528332,30893,"#MUBARAK/USDT LONG   

👉Leverage : Cross 10× To 30... 0.0592
2)  0.0618
3)  0.0670

⭕Stop Loss : 0.0545",4e0e522707d3c4923c40d841f4f21666,2026-09-22T09:59:13+00:00,2026-09-22T11:44:25.930547+00:00,958,crypto_global_watch_1
1528330,30889,"👑 #MUBARAK/USDT — TRADE LONG

LEVERAGE 25X TO 50X
...

⛔️ STOP LOSS: 0.05450

⚡️ NO FEAR — JUST PROFITS",8437032c7484d45f8cc2e7a1f02ab071,2026-09-22T09:59:13+00:00,2026-09-22T11:44:25.916690+00:00,958,crypto_global_watch_1
1531617,30940,"🪙#CROSS/USDT

🚩POSITION — SHORT

🔒  LEVERAGE — 20X...0.14430
TP🥉: 0.14000

⛔️ SL: 0.16450

🔥REACTIONS?😜",1a38e0565ec705b2d3c6770df58b2d11,2026-09-22T14:47:20+00:00,2026-09-22T15:15:18.170252+00:00,958,crypto_global_watch_1
1531616,30939,"#CROSS/USDT SHORT NOW 📉
🏠ENTRY: ( 0.14933 )",d94587eec329eeee23360d6a8bf11d82,2026-09-22T14:47:20+00:00,2026-09-22T15:15:18.151698+00:00,958,crypto_global_watch_1
1531615,30937,"🌈Pair: NIL/USDT

📈Direction: LONG

📌Leverage: 25x ...nt

📊 Trade smart. Manage risk. Stay disciplined..",a645b0800e719e92819e7476a393d1a5,2026-09-22T14:46:37+00:00,2026-09-22T15:15:18.090522+00:00,958,crypto_global_watch_1
1531614,30938,"⭐ NIL /USDT — LONG

💵 ENTRY:0.08500-0.08000

⚙️ LE...o

📌 Follow the setup and manage your risk wisely.",88fb1ad061ff0df7c769a11b75447039,2026-09-22T14:46:37+00:00,2026-09-22T15:15:18.088612+00:00,958,crypto_global_watch_1
1531613,30936,"👑My Coin: $USELESS/USDT
👀Looking for SHORT

🌟0.314...️I Will Set: 0.32551
°°°°°°°°°°°°°° As my stoploss",a611480718ab40bbf5527c1812ccadb3,2026-09-22T14:46:36+00:00,2026-09-22T15:15:17.993702+00:00,958,crypto_global_watch_1
1531612,30935,"➡️ #LAB      /USDT (LONG) 🔼🔼

⌛LEVERAGE : 20X TO 7...0


💥Use only 1%margin of your total portfolio❤️😘😇",e0a00a7b9431517ddcab2b3d10122318,2026-09-22T14:46:36+00:00,2026-09-22T15:15:17.939899+00:00,958,crypto_global_watch_1
1531611,30934,"⭐️#NIL/USDT  LONG

🛡Leverage : Cross 25x50

‼️Entr....07913

Use only 3% - 5% amount of your portfolio🛍",57c0f007fc1c903e677cc7e799e568d3,2026-09-22T14:46:36+00:00,2026-09-22T15:15:17.928464+00:00,958,crypto_global_watch_1
1531610,30932,"🚀 LONG: $NIL/USDT
LEVERAGE: 50x

✔️ENTRY PRICE: 0.....09000-0.095000

STOP LOSS:  0.008000


REACTIONS?",e87301b1a2b57899fb9cb1347a3e3c80,2026-09-22T14:46:36+00:00,2026-09-22T15:15:17.886894+00:00,958,crypto_global_watch_1
1531609,30933,NILUSDT LONG NOW,89afb02fd0c4c7d13c903aded0b3e006,2026-09-22T14:46:36+00:00,2026-09-22T15:15:17.886083+00:00,958,crypto_global_watch_1
1531608,30931,"🌈Pair: BSV/USDT

📈Direction: LONG

📌Leverage: 25x ...nt

📊 Trade smart. Manage risk. Stay disciplined..",83327f7d735f7d10294e962123889cb6,2026-09-22T14:18:00+00:00,2026-09-22T15:15:17.809553+00:00,958,crypto_global_watch_1
1531607,30930,"↗️ LONG #BCH 75x

📌 Entry: 322.00

🎯 TP1: 325.00
💵...t Usage: 1-3%
⚠️ According to your risk management",d0588ba17123a5aff877705b344f558b,2026-09-22T14:18:00+00:00,2026-09-22T15:15:17.750903+00:00,958,crypto_global_watch_1
1531606,30929,"↗️ LONG #UAI 50x

📌 Entry: 0.4200

🎯 TP1: 0.4260
💵...t Usage: 1-3%
⚠️ According to your risk management",a837a3bdab97a16852adb78a84363f53,2026-09-22T14:18:00+00:00,2026-09-22T15:15:17.720212+00:00,958,crypto_global_watch_1
1531605,30928,"🔰 PAIR: BTC/ USDT 💹

🟢Position: LONG🚀

☑️ Entry Zo...6
🥈 86,498.67
🥉 87,109.42

❌ Stop Loss: 🔴85,062.93",13f00a1f28552fc1dee1a12f3aef5a1b,2026-09-22T14:14:01+00:00,2026-09-22T15:15:17.704643+00:00,958,crypto_global_watch_1
1531604,30927,"🔴 SHORT

#BCH/USDT

Entry : 

1) 314.17
2) 323.59
...292.43

🛑 Stop : 333.96

Leverage : 10x (isolated)",c982ee47256f4b39c2b34c654028e8a8,2026-09-22T14:14:01+00:00,2026-09-22T15:15:17.645721+00:00,958,crypto_global_watch_1
1531603,30926,"#SHORT 🔴 🔤🔤🔤🔤🔤

#GRT/USDT (RISKY)

Margin Mode : I...44

🟩 SL : 0.02421 - 100%

📊 LEV : 30X

🇯🇵 Premium",80cf0e3010cb1c6b4e26455ffc6c8b5e,2026-09-22T14:14:01+00:00,2026-09-22T15:15:17.549193+00:00,958,crypto_global_watch_1
1531601,30923,"#ESPORTS/USDT

📈Signal: long Leverage: Cross 20X

...even after TP1 is hit.

📣Trade Smart • Follow Risk",cd0c1108e5779f5b0771afff73e476eb,2026-09-22T14:10:28+00:00,2026-09-22T15:15:17.512537+00:00,958,crypto_global_watch_1
1531598,30920,"$AVA - LONG ( Swing trade ) 🟢

Entry : Market Pric...ways keep the size under control and stay relaxed.",720f34de7f9823fb93e58f49a1e0e0d1,2026-09-22T12:43:56+00:00,2026-09-22T15:15:17.310690+00:00,958,crypto_global_watch_1
1531595,30917,"#KERNELUSDT — BUY (SHORT) 
🎉
🟢 Leverage: Cross  25...Stop Loss: 0.06490

🔽 Risk Management:

 REACTS !!",f8c4d4a8d07059c246e039c68d953ce4,2026-09-22T12:43:56+00:00,2026-09-22T15:15:17.287765+00:00,958,crypto_global_watch_1
1531593,30915,"🚀 #KERNELUSDT SHORT SIGNAL 🚀
⚡️ LEVERAGE 50X–75X

...tch this move together!
🔓 Trade Smart • Trade Safe",a7599fc94123b2b480043bb07c1619a3,2026-09-22T12:30:01+00:00,2026-09-22T15:15:17.106617+00:00,958,crypto_global_watch_1
1531591,30912,"#MUBARAK / USDT — BUY (LONG) 
Leverage: Cross 25x ...T IS KEY
👉 Use ONLY 2 – 3% of your total portfolio",82cdcfaf292e61912ed857af8b4a2c4f,2026-09-22T12:30:01+00:00,2026-09-22T15:15:17.103049+00:00,958,crypto_global_watch_1
1531592,30911,"$ZEC

LONG | Entry: 1504
TP1: 1605
TP2: 1723
TP3: 1864
SL: 1384",bafdfff25ea9ad52f68890b07cbd00e6,2026-09-22T12:07:20+00:00,2026-09-22T15:15:17.104874+00:00,958,crypto_global_watch_1
1531590,30910,"#FLOCK       /USDT (SHORT) 🔽🔽

⌛LEVERAGE : 20X TO ...99

💥Use only 1%margin of your total portfolio❤️😘😇",c781f20d55441f9f4b91388ca5fc9d97,2026-09-22T11:58:28+00:00,2026-09-22T15:15:17.093925+00:00,958,crypto_global_watch_1
1535163,30975,"🔴 Short

Pair: #DASH/USDT

📊 Entry Price: 

1) 63....0.84
4) 59.49

Stop Loss: 67.94

Leverage: 10x-20x",fdb3e4b0285cef0ddb89c56faeb921f2,2026-09-22T17:18:57+00:00,2026-09-22T17:22:25.557828+00:00,958,crypto_global_watch_1
1535155,30966,"#AXS | LONG SETUP

💰 Entry: $1.0932

🎯 Target1: $1...t4: $1.13474
🎯 Target5: $1.15005

🛡 STOP: $1.03854",51d9001c813d7160429013b2ab48d050,2026-09-22T17:15:21+00:00,2026-09-22T17:22:25.233106+00:00,958,crypto_global_watch_1
1535154,30965,"#MEW | LONG SETUP

💰 Entry: $0.0004764

🎯 Target1:...t4: $0.00049
🎯 Target5: $0.00050

🛡 STOP: $0.00045",34ed4c45f5baddef5886aec369efe204,2026-09-22T17:15:21+00:00,2026-09-22T17:22:25.204433+00:00,958,crypto_global_watch_1
1535153,30964,"🔺 $BTC/USDT — LONG

🎯 ENTRY: $86,500

🚀 TP: $87,50... $84,200

⚠️ RISK MANAGEMENT: Manage risk smartly.",186b06cb96cae3fef089653587563830,2026-09-22T17:14:42+00:00,2026-09-22T17:22:25.151062+00:00,958,crypto_global_watch_1
1535152,30963,"🔻 $CHR/USDT — SHORT | 25–50x

🎯 ENTRY: 0.02385

🚀 ... RISK MANAGEMENT: Use only 3–5% of your portfolio.",a5307b4bfb624787b5527b676d95bd8f,2026-09-22T17:14:41+00:00,2026-09-22T17:22:25.086424+00:00,958,crypto_global_watch_1
1535146,30956,"🔴SHORT  #BTCUSDT

🔶 Entry : 86500 - 86600

➡️ Leve...ake Profit Targets :

👉 85800

🛑 Stop Loss : 87400",bd7f8e243b217859384d72c47c073283,2026-09-22T17:12:02+00:00,2026-09-22T17:22:24.852856+00:00,958,crypto_global_watch_1
1535145,30955,"📈 LONG #CHR/USDT 

🚀 LEVERAGE : 50x

📊 ENTRY PRICE...TP🟢0.0275

TP🟢0.0290

STOPLOSS 🔴0.0244

REACTIONS?",4be874ad750f5fefbc752b583342b4c4,2026-09-22T17:12:02+00:00,2026-09-22T17:22:24.836355+00:00,958,crypto_global_watch_1
1535144,30954,"⭐️#CHR/USDT  SHORT

🛡Leverage : Cross 25x50

‼️Ent....02637

Use only 3% - 5% amount of your portfolio🛍",fa1df1de162c795325061dffaa77ca7e,2026-09-22T17:12:02+00:00,2026-09-22T17:22:24.785160+00:00,958,crypto_global_watch_1
1535143,30953,CHRUSDT SHORT NOW,e01791d9c81ed5acb2942f0b9c0d64d3,2026-09-22T17:12:02+00:00,2026-09-22T17:22:24.778633+00:00,958,crypto_global_watch_1
1535142,30952,"➡️ #KERNEL     /USDT (LONG) 🔼🔼

⌛LEVERAGE : 20X TO...50

💥Use only 1%margin of your total portfolio❤️😘😇",dde7f52914bfdac90c606921876bdbb6,2026-09-22T17:12:01+00:00,2026-09-22T17:22:24.728142+00:00,958,crypto_global_watch_1
1535141,30951,"🔴 SHORT

#BAT/USDT

Entry zone : 0.091546 - 0.0888...0391
0.077712

Stop loss :0.0951016

Leverage: 10x",0687acff60606c7f6a59f59b65ac0d0a,2026-09-22T17:12:01+00:00,2026-09-22T17:22:24.628125+00:00,958,crypto_global_watch_1
1535138,30947,"#UNI

UNI is in a global uptrend and is currently ...Targets: 9.189 / 9.543 / 10.122
📉 Stop Loss: 8.672",988b2ca5a80004da7e9d8a8d6a115aac,2026-09-22T17:12:01+00:00,2026-09-22T17:22:24.544826+00:00,958,crypto_global_watch_1
1535136,30945,"💰#MUBARAK / USDT👑

💎Setup Type: Strong LONG  🔖Oppo...TP ➝ 0.08500

4️⃣TP ➝ 0.09500

🚫Stop Loss: 0.05800",ab287b203bf60f8938a5c4bc7e8b2be9,2026-09-22T17:12:01+00:00,2026-09-22T17:22:24.345621+00:00,958,crypto_global_watch_1
1535135,30944,"🪙#FLOCK/USDT

🚩POSITION — SHORT

🔒  LEVERAGE — 20X...0.08830
TP🥉: 0.08500

⛔️ SL: 0.09999

🔥REACTIONS?😜",b4f731b4b4a9cd4926052062ff1b582c,2026-09-22T17:12:01+00:00,2026-09-22T17:22:24.335972+00:00,958,crypto_global_watch_1
1535134,30943,"#FLOCK/USDT SHORT NOW 📉
🏠ENTRY: ( 0.09126 )",1a64189f75bfab294f0729b10f2d0a8a,2026-09-22T17:12:01+00:00,2026-09-22T17:22:24.334856+00:00,958,crypto_global_watch_1
1535133,30942,"NEARUSDTUSDT  
Exchanges: BINGX 

🟢 Short
Leverage... 4.24
4) 4.18
5) 4.05
6) 3.97
7) 🚀🚀🚀 

⛔️ SL:
4.62",4914dda2f2071eae93652e25cd7f5543,2026-09-22T16:25:44+00:00,2026-09-22T17:22:24.328598+00:00,958,crypto_global_watch_1
1535132,30941,"BTCUSDT

LONG LONG LONG 

OPEN MARKET PRICE 

TP 86270
TP 86400
TP 86600

SL 79100

LEV 35X",c53877239f078023dbec4d6b8f197089,2026-09-22T16:25:43+00:00,2026-09-22T17:22:24.302839+00:00,958,crypto_global_watch_1
1537484,30988,"INJ

SHORT cmp

sl 9.019
tp 4.983",51a1f40450f3afe9cf4af6d43c5c657a,2026-09-22T18:44:48+00:00,2026-09-22T19:14:39.208394+00:00,958,crypto_global_watch_1
1537483,30987,"🟢 Long

#TRX/USDT

Entry : 

1) 0.34099
2) 0.33076...36431

🛑 Stop : 0.31950

Leverage : 10x (isolated)",7491c7db562e63c683663983b0c07191,2026-09-22T18:42:29+00:00,2026-09-22T19:14:39.197571+00:00,958,crypto_global_watch_1
1540135,30996,"#IOST $IOST LONG TRADE

ENTRY: 0.000917

TARGET: 0.001083

STOPLOSS: 0.0008885",d00d4f9ac543f03a0b26c6c59151698d,2026-09-22T20:20:07+00:00,2026-09-22T21:08:45.074313+00:00,958,crypto_global_watch_1
1545413,31009,"🔴 SHORT

#BCH/USDT

Entry : 

1) 339.21
2) 349.38
...315.74

🛑 Stop : 360.58

Leverage : 10x (isolated)",5be8d3fa6d82e25d45c5281f702a9155,2026-09-23T00:30:42+00:00,2026-09-23T02:12:36.337776+00:00,958,crypto_global_watch_1
1545411,31008,"BNBUSDTUSDT  
Exchanges: BINGX 

🟢 Short
Leverage-... 753.35
5) 729.81
6) 714.11
7) 🚀🚀🚀 

⛔️ SL:
831.82",61d1b4d0f9bf0f9357373fc79c4e2e08,2026-09-23T00:30:42+00:00,2026-09-23T02:12:36.333989+00:00,958,crypto_global_watch_1
1552445,31074,"✅ Long

Pair: #THETA/USDT

📊 Entry Price: 

1) 0.2...94
4) 0.2442

Stop Loss: 0.2141

Leverage: 10x-20x",93542362a72c34c8ae167f5312ea3ac3,2026-09-23T08:13:44+00:00,2026-09-23T08:37:03.921599+00:00,958,crypto_global_watch_1
1552444,31073,"#MET/USDT 🟢 LONG

📍 Entry Zone: 0.34839 – 0.36261
...n: LONG

⚠️ Manage your risk and trade responsibly",d28d1c19e05b385c4bb64a32c3558f84,2026-09-23T08:13:44+00:00,2026-09-23T08:37:03.908676+00:00,958,crypto_global_watch_1
1552441,31072,"🚨 #BCH/USDT | SHORT

⚡Leverage: Cross 20x

🎯Entry ... follow the signal and secure profits at targets.💎",46681e63e4ca2aeb6e1925c3d905bcea,2026-09-23T08:10:27+00:00,2026-09-23T08:37:03.799425+00:00,958,crypto_global_watch_1
1552439,31070,"⭐️#NIL/USDT  LONG 

🛡Leverage : Cross 25x50

‼️Ent....09134

Use only 3% - 5% amount of your portfolio🛍",bc956c5f8f648a97880058d50c041f62,2026-09-23T08:10:27+00:00,2026-09-23T08:37:03.578495+00:00,958,crypto_global_watch_1
1552438,31071,"🚨 #ONE/USDT | SHORT

⚡Leverage: Cross 20x

🎯Entry ... follow the signal and secure profits at targets.💎",fbc603e7f82c075450efd83cf6f660bd,2026-09-23T08:10:27+00:00,2026-09-23T08:37:03.573895+00:00,958,crypto_global_watch_1
1552435,31069,NILUSDT LONG NOW,89afb02fd0c4c7d13c903aded0b3e006,2026-09-23T08:10:27+00:00,2026-09-23T08:37:03.492523+00:00,958,crypto_global_watch_1
1552431,31067,"⭐ NIL /USDT — LONG

💵 ENTRY:0.10900-0.10500

⚙️ LE...o

📌 Follow the setup and manage your risk wisely.",6ff3efe94be84030ef1e50c349d28d46,2026-09-23T08:10:27+00:00,2026-09-23T08:37:03.397937+00:00,958,crypto_global_watch_1
1552430,31066,"#NIL USDT — BUY (SHORT) 
🎉
🟢 Leverage: Cross  25x
...Stop Loss: 0.08900

🔽 Risk Management:

 REACTS !!",21d879eaf6694379a4291945a2762aba,2026-09-23T08:10:26+00:00,2026-09-23T08:37:03.182115+00:00,958,crypto_global_watch_1
1552427,31064,"#B2/USDT

📈Signal: short Leverage: Cross 20X

⚡️En...even after TP1 is hit.

📣Trade Smart • Follow Risk",9050b18a82a7f5e5275c141058e5fa2a,2026-09-23T08:10:26+00:00,2026-09-23T08:37:03.100332+00:00,958,crypto_global_watch_1
1552424,31063,"💰#NIL / USDT👑

💎Setup Type: Strong LONG  🔖Opportun...TP ➝ 0.13400

4️⃣TP ➝ 0.17000

🚫Stop Loss: 0.08800",74ee33a30a208ef5c69a3910fe2b4699,2026-09-23T08:10:26+00:00,2026-09-23T08:37:03.041071+00:00,958,crypto_global_watch_1
1552419,31061,"Pair: #BB/USDT

Long • (20X)

Entry
0.010485 - 0.0...t your own risk. Always use proper risk management",28ad6e5d40edcf3a57b2fbcd95794d9e,2026-09-23T08:10:26+00:00,2026-09-23T08:37:02.793218+00:00,958,crypto_global_watch_1
1552418,31060,"📊#BB/USDT–LONG–10x - 30x 🚀

📍 𝐄𝐧𝐭𝐫𝐲 𝐙𝐨𝐧𝐞:

➥ 0.010...tal.

⚠️ Disclaimer:
Trade at your own risk. DYOR.",299b3b027b9ba84cca06082165520c8e,2026-09-23T08:10:26+00:00,2026-09-23T08:37:02.740201+00:00,958,crypto_global_watch_1
1552417,31059,"⭐️#TAKE/USDT  LONG 

🛡Leverage : Cross 25x50

‼️En....10222

Use only 3% - 5% amount of your portfolio🛍",379b564bd893eb9c8d566a11c8a5d1f6,2026-09-23T08:10:26+00:00,2026-09-23T08:37:02.696985+00:00,958,crypto_global_watch_1
1552404,31053,"📊 Let’s LONG #SUPER/USDT

💥 Leverage:  Cross 20×  ...s: 

1) 0.189
2) 0.198
3) 0.215

🔖 Stop Loss: 0.17",5eca83c7cda46ef64c8724c60b2eba4d,2026-09-23T06:25:50+00:00,2026-09-23T08:37:02.211143+00:00,958,crypto_global_watch_1
1552403,31052,"🔰 NIL/USDT 🔰

🟢 LONG 20X

🔳 ENTRY :- 0.090

☑️ TARGET:- 0.093 - 0.097 - 0.105

🔴 STOP :- 0.082",07c1b412362d9f6326566c3ec6dbacb6,2026-09-23T06:25:50+00:00,2026-09-23T08:37:02.169455+00:00,958,crypto_global_watch_1
1552400,31051,"🟢MUBARAK/USDT 📈

📈 long Setup 

💰 Entry Zone: 0.07...et 1. 
✅ Move SL to breakeven after Target 1 hits.",c2c9be79d285c04e128dcf141d49e4a5,2026-09-23T06:25:50+00:00,2026-09-23T08:37:02.011307+00:00,958,crypto_global_watch_1
1552397,31050,"Trade: #SUPER/USDT

Direction: 📈 LONG 

🟢 Entry Ra...09
• Target 6: 0.1827

💠 Leverage : 5x - 10x - 20x",34def54f7d2f9f1037e389eb4dba4941,2026-09-23T06:25:50+00:00,2026-09-23T08:37:01.675863+00:00,958,crypto_global_watch_1
1552396,31049,"SUPERUSDTUSDT  
Exchanges: BINGX 

🟢 Long
Leverage...4) 1.00
5) 2.00
6) 3.00
7) 🚀🚀🚀 

⛔️ SL:
0.17000000",628e4060d87f927d658dd2fea6880d2d,2026-09-23T06:25:50+00:00,2026-09-23T08:37:01.674406+00:00,958,crypto_global_watch_1
1552395,31048,"📊 #BAT/USDT

🟢 POSITION: LONG

💰 ENTRY RANGE
➤ 0.0...➤ 0.0830

━━━━━━━━━━━━━━━━━━

✅ Manage risk wisely",821a8bd6cb22aae0b92844aecb1a8e35,2026-09-23T06:25:50+00:00,2026-09-23T08:37:01.653992+00:00,958,crypto_global_watch_1
1552393,31047,"#MET/USDT LONG   

👉Leverage : Cross 10× To 30×

E...
1)  0.361
2)  0.370
3)  0.382

⭕Stop Loss : 0.332",43da0626b64bcaf95608dcea46299332,2026-09-23T06:25:50+00:00,2026-09-23T08:37:01.552810+00:00,958,crypto_global_watch_1
1552389,31046,"#USELESS/USDT LONG   

👉Leverage : Cross 10× To 30...
1)  0.356
2)  0.364
3)  0.371

⭕Stop Loss : 0.329",9017f2b6be9efa19817dd5a5f5343d62,2026-09-23T06:25:50+00:00,2026-09-23T08:37:01.388667+00:00,958,crypto_global_watch_1
1552385,31044,"$MINA/USDT #LONG📩

✅ENTRY :-0.1530/0.1480

Target ...𝐎𝐧𝐥𝐲 𝟏-𝟑% 𝐎𝐟 𝐎𝐮𝐫 𝐃𝐞𝐩𝐨𝐬𝐢𝐭 𝐅𝐨𝐫 𝐄𝐚𝐜𝐡 𝐓𝐫𝐚𝐝𝐞

React,??m",bcb6f1621ea7f781c0567a79430b7697,2026-09-23T06:25:50+00:00,2026-09-23T08:37:01.109475+00:00,958,crypto_global_watch_1
1552383,31042,"🪙 Coin: #CHR/USDT
🧭 Type: #LONG

📈 Entry Zone:
0.0... within the zone and maintain strict risk control.",4f99390b9ecea4db2af1ccd3597c320f,2026-09-23T06:25:50+00:00,2026-09-23T08:37:01.035498+00:00,958,crypto_global_watch_1
1552379,31041,"🐳 PENGU/USDT #LONG🐳

✳️ ENTRY :- 0.0107  0.0102

💢...0.0130

⛔️ STOP-LOSS :- 0.0097

☝️ Margin Use 2–3%",a72e93fb978d5ad3c56f488c0f2afb6c,2026-09-23T06:25:50+00:00,2026-09-23T08:37:00.942035+00:00,958,crypto_global_watch_1
1552377,31040,"🚀 $PENGU/USDT PERP 🚀

🟢 LONG

💰 Entry : 0.0107$ – ...5X – 25X

⛔️ SL : 0.0085$

📌 Use Only 2-5% Capital",421a01477083936e19eb04121a570996,2026-09-23T06:25:50+00:00,2026-09-23T08:37:00.787430+00:00,958,crypto_global_watch_1
1552376,31039,"📊#PONS/USDT–LONG–10x - 20x 🚀

📍 𝐄𝐧𝐭𝐫𝐲 𝐙𝐨𝐧𝐞:

➥ 0.7...tal.

⚠️ Disclaimer:
Trade at your own risk. DYOR.",b5cb75b5dee329e6e94e74f4570da0a6,2026-09-23T06:25:49+00:00,2026-09-23T08:37:00.663754+00:00,958,crypto_global_watch_1
1552375,31038,"🚀LONG: $SUPER/USDT🚀
LEVERAGE: 20X-50X

🤍 ENTRY PRI...80- 0.2150
—————

❌ STOP LOSS: 0.1580❌


REACTIONS",d35538291d29b5a96e88a05dfb910eaa,2026-09-23T06:25:49+00:00,2026-09-23T08:37:00.658202+00:00,958,crypto_global_watch_1
1552373,31037,"#LONG 🟢🔤🔤🔤🔤🔤

#XLM/USDT

Margin Mode : Isolated 💎
...

🟥 SL : 0.21418 - 100%   

📊 LEV : 20X

🇯🇵Premium",299498064061a038603404069879a9b0,2026-09-23T06:25:49+00:00,2026-09-23T08:37:00.615844+00:00,958,crypto_global_watch_1
1552369,31036,"Coin #NIL /USDT

Position: LONG 

Leverage:  Cross...rgets: 🎯 0.1030, 0.1070, 0.1130

Stop Loss: 0.0940",37f4802cab8cfd6a592f1cda4286e4fb,2026-09-23T06:25:49+00:00,2026-09-23T08:37:00.429059+00:00,958,crypto_global_watch_1
1552367,31035,"⌛#NEAR/USDT  ( LONG )

🍁 Leverage 👉 20X to 25X 

⛩... 4.624 | 4.673 | 4.724 | 4.778

🔕 Stoploss = 4.322",1abc6093514a4dfbe416666ffb7dc9ef,2026-09-23T06:25:49+00:00,2026-09-23T08:37:00.309763+00:00,958,crypto_global_watch_1
1552364,31032,"🌈Pair: NIL/USDT

📈Direction: LONG

📌Leverage: 25x ...nt

📊 Trade smart. Manage risk. Stay disciplined..",fb41297d8799376c3c4e2ecc86ac3c4f,2026-09-23T06:25:49+00:00,2026-09-23T08:37:00.125766+00:00,958,crypto_global_watch_1
1552352,31027,"⚡️⚡️ #API3/USDT ⚡️⚡️
Exchanges: Bingx 
Signal Type...
5) 0.29998
6) 0.30423
7) 🚀🚀🚀

Stop Targets:
5-10%",8279e2cc6707e29a8c735bdd4cfd09bc,2026-09-23T06:25:49+00:00,2026-09-23T08:36:59.568432+00:00,958,crypto_global_watch_1
1552350,31026,"⚡️⚡️ #APT/USDT ⚡️⚡️
Exchanges: Bingx 
Signal Type:...
5) 0.88828
6) 0.90085
7) 🚀🚀🚀

Stop Targets:
5-10%",ffbcba5d5a43e33f51a597ad279896ff,2026-09-23T06:25:49+00:00,2026-09-23T08:36:59.532459+00:00,958,crypto_global_watch_1
1552347,31025,"⚡️⚡️ #ANIME/USDT ⚡️⚡️
Exchanges: Bingx 
Signal Typ...
5) 0.00375
6) 0.00381
7) 🚀🚀🚀

Stop Targets:
5-10%",183d6d178f1b72fb819bf4e07b19ff35,2026-09-23T06:25:49+00:00,2026-09-23T08:36:59.426740+00:00,958,crypto_global_watch_1
1552346,31024,"⚡️⚡️ #AGLD/USDT ⚡️⚡️
Exchanges: Bingx 
Signal Type...
5) 0.22811
6) 0.23134
7) 🚀🚀🚀

Stop Targets:
5-10%",c0452a676b03a7055d8ece4c511fbeba,2026-09-23T06:25:49+00:00,2026-09-23T08:36:59.406865+00:00,958,crypto_global_watch_1
1552345,31023,"⚡️⚡️ #AEVO/USDT ⚡️⚡️
Exchanges: Bingx 
Signal Type...
5) 0.02771
6) 0.02810
7) 🚀🚀🚀

Stop Targets:
5-10%",3b9628d94d8f20cb3a0ffcfc5136bbcd,2026-09-23T06:25:49+00:00,2026-09-23T08:36:59.240920+00:00,958,crypto_global_watch_1
1552339,31022,"⚡️⚡️ #ANKR/USDT ⚡️⚡️
Exchanges: Bingx 
Signal Type...
5) 0.00542
6) 0.00550
7) 🚀🚀🚀

Stop Targets:
5-10%",ccc76069b22790f4e897a7c5759e8a48,2026-09-23T06:25:49+00:00,2026-09-23T08:36:59.026080+00:00,958,crypto_global_watch_1
1552337,31020,"⚡️⚡️ #1000PEPE/USDT ⚡️⚡️
Exchanges: Bingx 
Signal ...
5) 0.00534
6) 0.00542
7) 🚀🚀🚀

Stop Targets:
5-10%",a5c4e8766cc3b56ad6d51528182dcaae,2026-09-23T06:25:49+00:00,2026-09-23T08:36:58.961025+00:00,958,crypto_global_watch_1
1552335,31018,"📊 Let’s LONG #NIL/USDT

💥 Leverage:  Cross 20×  - ...: 

1) 0.105
2) 0.109
3) 0.120

🔖 Stop Loss: 0.097",599eedfa9a78dd8d60347c472b1caf48,2026-09-23T06:25:49+00:00,2026-09-23T08:36:58.928806+00:00,958,crypto_global_watch_1
1552333,31016,"#NIL / USDT — BUY (LONG) 
Leverage: Cross 25x – 50...T IS KEY
👉 Use ONLY 2 – 3% of your total portfolio",304f4d42a22464ad4aff6ec69e5c75dd,2026-09-23T06:25:49+00:00,2026-09-23T08:36:58.760655+00:00,958,crypto_global_watch_1
1552334,31015,"📊#SENT/USDT — LONG

⚡️ Leverage : 10X – 30X

💹Entr...Entry After TP1

⚖️ Follow Proper Risk Management.",f09dc4770baebea6aa38ef3d2dc5611b,2026-09-23T06:25:49+00:00,2026-09-23T08:36:58.745504+00:00,958,crypto_global_watch_1
1552332,31017,"#FLOW/USDT

📈Signal: long Leverage: Cross 20X

⚡️E...even after TP1 is hit.

📣Trade Smart • Follow Risk",1f34e371931b8fd9a0472f6f101bafbe,2026-09-23T06:25:49+00:00,2026-09-23T08:36:58.742423+00:00,958,crypto_global_watch_1
1558465,31114,"PENGU/USDT

SHORT SHORT SHORT 

OPEN MARKET PRICE ...450
TP 0.010360
TP 0.010270

SL  0.011900

LEV 10X",7d7e68af73c27d2b574c0bf166ee65a0,2026-09-23T10:16:11+00:00,2026-09-23T10:42:17.552621+00:00,958,crypto_global_watch_1
1558464,31113,"↗️ LONG #BCH 75x

📌 Entry: 361

🎯 TP1: 365
💵 TP2: ...t Usage: 1-3%
⚠️ According to your risk management",181335103a749b99baeabdb258c8ec93,2026-09-23T10:16:11+00:00,2026-09-23T10:42:17.515462+00:00,958,crypto_global_watch_1
1558463,31112,"🔰 PAIR: GUN/ USDT 💹

🟢Position: LONG🚀

☑️ Entry Zo...0.00318
🥈 0.00324
🥉 0.00340

❌ Stop Loss: 🔴0.00303",14f00d8df5fe681374a74817e8267769,2026-09-23T10:16:11+00:00,2026-09-23T10:42:17.457258+00:00,958,crypto_global_watch_1
1558462,31111,"👑 #MET/USDT — TRADE LONG

LEVERAGE 25X TO 50X

✅ E...0

⛔️ STOP LOSS: 0.3680

⚡️ NO FEAR — JUST PROFITS",64e75a6315b965c87665db554fcbcb9f,2026-09-23T10:16:11+00:00,2026-09-23T10:42:17.434732+00:00,958,crypto_global_watch_1
1558459,31107,"🟢 LONG $HYPE/USDT | Cross 20X 

✅ Entry: 96

🎯 TP: 97.50  - 99.20 -  102

🛑 SL: 92",fb8846fa4d425fcd8b16f1940b81c2df,2026-09-23T10:16:11+00:00,2026-09-23T10:42:17.328892+00:00,958,crypto_global_watch_1
1558458,31106,"🔺 $HYPE/USDT — LONG | 20x

🎯 ENTRY: 96

🚀 TP: 97.5...🛑 SL: 92

⚠️ RISK MANAGEMENT: Manage risk smartly.",f551205ad1f0d1239452e2aa1a1e4371,2026-09-23T09:44:00+00:00,2026-09-23T10:42:17.275960+00:00,958,crypto_global_watch_1
1558457,31105,"🔺 $SUPER/USDT — LONG | 50x

🎯 ENTRY: 0.1980 → 0.19...: 0.1850

⚠️ RISK MANAGEMENT: Manage risk smartly.",6c9d58a1ce07ded34649c63a16458834,2026-09-23T09:44:00+00:00,2026-09-23T10:42:17.223909+00:00,958,crypto_global_watch_1
1558454,31102,"🔺 $TAKE/USDT — LONG | 25x

🎯 ENTRY: 0.20000 → 0.19... 0.15000

⚠️ RISK MANAGEMENT: Manage risk smartly.",4de2b778b34f43951058135189b4bcd7,2026-09-23T09:44:00+00:00,2026-09-23T10:42:17.155775+00:00,958,crypto_global_watch_1
1558453,31101,"🔺 $PENGU/USDT — LONG | 25–50x

🎯 ENTRY: 0.010842

... RISK MANAGEMENT: Use only 3–5% of your portfolio.",dd7642a396a51ca60824cf2ff92b3399,2026-09-23T09:44:00+00:00,2026-09-23T10:42:17.080812+00:00,958,crypto_global_watch_1
1558452,31100,"🔘 Coin : #SUPER/USDT 🔘

🔴 SHORT

🔺Entry🔻: 0.19651
... - 0.18078

♦️ StopLoss : 0.20388

🔱 Leverage: 25x",098b1c998e7b999cdb822a47ba72b970,2026-09-23T09:36:16+00:00,2026-09-23T10:42:17.074006+00:00,958,crypto_global_watch_1
1558451,31099,"🚀 LONG: $SUPER/USDT
LEVERAGE: 50x

✔️ENTRY PRICE: ...2030-0.2100-0.2280

STOP LOSS:  0.1850

REACTIONS?",f6e414607482bd661acacbbe73a35893,2026-09-23T09:36:15+00:00,2026-09-23T10:42:17.010460+00:00,958,crypto_global_watch_1
1558450,31098,"Pair: #BCH/USDT

Short • (25X)

Entry
352.65

Targ...t your own risk. Always use proper risk management",f4df9feeb1df0e18d489a4410b3a28c3,2026-09-23T09:36:15+00:00,2026-09-23T10:42:17.001624+00:00,958,crypto_global_watch_1
1558449,31097,"#TAKE        /USDT (SHORT) 🔽🔽

⌛LEVERAGE : 20X TO ...3


💥Use only 1%margin of your total portfolio❤️😘😇",81d518cafd29863155c352610dba5a37,2026-09-23T09:36:15+00:00,2026-09-23T10:42:16.970828+00:00,958,crypto_global_watch_1
1558448,31096,"#CORE        /USDT (SHORT) 🔽🔽

⌛LEVERAGE : 20X TO ...9


💥Use only 1%margin of your total portfolio❤️😘😇",ac5e70c3c04575f27a98b47ec5311cc8,2026-09-23T09:36:15+00:00,2026-09-23T10:42:16.920450+00:00,958,crypto_global_watch_1
1558447,31095,"#TAKE  USDT — BUY (LONG) 
🎉
🟢 Leverage: Cross  25x...Stop Loss: 0.15000

🔽 Risk Management:

 REACTS !!",42e86a5b826eb0d6df8b8389c24a7b1f,2026-09-23T09:36:15+00:00,2026-09-23T10:42:16.866413+00:00,958,crypto_global_watch_1
1558446,31094,"🟢 Long

#BTC/USDT

Entry : 

1) 85868.60
2) 83292....3.31

🛑 Stop : 80458.87

Leverage : 10x (isolated)",3b1df33124cb838119310ac38167eb84,2026-09-23T09:36:15+00:00,2026-09-23T10:42:16.799689+00:00,958,crypto_global_watch_1
1558445,31093,"👑My Coin: $PENGU/USDT
👀Looking for SHORT

🌟0.01081...I Will Set: 0.011199
°°°°°°°°°°°°°° As my stoploss",4d1e37576db0f7cec9df4aaf6523a84a,2026-09-23T09:36:15+00:00,2026-09-23T10:42:16.796807+00:00,958,crypto_global_watch_1
1558444,31092,"🪙#B2/USDT

🚩POSITION — SHORT

🔒  LEVERAGE — 20X75
...🥈: 0.4600
TP🥉: 0.4420

⛔️ SL: 0.5200

🔥REACTIONS?😜",50db07619e1363e33f5f4176c0dc7b3c,2026-09-23T09:36:15+00:00,2026-09-23T10:42:16.790961+00:00,958,crypto_global_watch_1
1558443,31091,"#B2/USDT SHORT NOW 📉
🏠ENTRY: ( 0.4748 )",47294056161cef81830d11a71109aa50,2026-09-23T09:36:15+00:00,2026-09-23T10:42:16.747975+00:00,958,crypto_global_watch_1
1558442,31090,"⭐️#PENGU/USDT  LONG 

🛡Leverage : Cross 25x50

‼️E...009973

Use only 3% - 5% amount of your portfolio🛍",f67f0bcf484c3de7902522390bffc2f1,2026-09-23T09:36:15+00:00,2026-09-23T10:42:16.686704+00:00,958,crypto_global_watch_1
1558440,31088,"💰#TAKE / USDT👑

💎Setup Type: Strong LONG  🔖Opportu...TP ➝ 0.21500

4️⃣TP ➝ 0.25000

🚫Stop Loss: 0.14000",76033e2a16d503c2c89b22b38f26feb1,2026-09-23T09:36:15+00:00,2026-09-23T10:42:16.583758+00:00,958,crypto_global_watch_1
1558439,31086,"✅ Long

#DOT/USDT

Entry zone : 1.141108 - 1.17640...87569
1.322685

Stop loss :1.094052

Leverage: 10x",73dda60e4702a617135e452b36ba5d90,2026-09-23T08:37:25+00:00,2026-09-23T10:42:16.583034+00:00,958,crypto_global_watch_1
1558437,31085,"$BTC LONG🟢 (25x Lev) 

Entry -  86200$

Targets

1...00$
3)87300$

SL- 85850$

Scalp With Very Small SL",5fd554ea55b37cd2702266c6028ed42b,2026-09-23T08:37:25+00:00,2026-09-23T10:42:16.560832+00:00,958,crypto_global_watch_1
1562857,31136,"SHORT ETH

🔖MARKET SETUP

 ✔️ Entry: 2722
 ⛔️ SL: ...TP: 2677

⚠️ Capital: 3% max. Discipline = Profit!",e84e4a3c941229ef39da97b0196a1f3d,2026-09-23T12:21:38+00:00,2026-09-23T12:55:39.088480+00:00,958,crypto_global_watch_1
1562856,31135,"🟢XRP/USDT My Short Trade Setup

Leverage 100X

Ent...1.5300

Stop Loss: 1.6000

Follow Money Management",26a24811ce86faee7c8fb406377f0c37,2026-09-23T12:06:06+00:00,2026-09-23T12:55:39.086638+00:00,958,crypto_global_watch_1
1562854,31133,"🚨 #FIGHT USDT | SHORT

⚡Leverage: Cross 10-20X

🎯E... follow the signal and secure profits at targets.💎",5d75d93e5d6b6ed4fba5ccab39a6f9ad,2026-09-23T12:06:06+00:00,2026-09-23T12:55:38.970896+00:00,958,crypto_global_watch_1
1562852,31131,"📈 LONG #4/USDT 

🚀 LEVERAGE : 50x

📊 ENTRY PRICE  ...P🟢0.0267

TP🟢0.0280

STOPLOSS 🔴0.0238


REACTIONS?",72030dcd82b50f1bcda6116113e0b881,2026-09-23T11:46:29+00:00,2026-09-23T12:55:38.923761+00:00,958,crypto_global_watch_1
1562851,31130,"#CHR/USDT SHORT   

👉Leverage : Cross 10× To 30×

... 0.0212
2)  0.0204
3)  0.0199

⭕Stop Loss : 0.0227",611b1119c36a5b049c9c3a8b365ceea4,2026-09-23T11:13:45+00:00,2026-09-23T12:55:38.908038+00:00,958,crypto_global_watch_1
1562849,31127,"#TAKE / USDT — BUY (LONG) 
Leverage: Cross 25x – 5...T IS KEY
👉 Use ONLY 2 – 3% of your total portfolio",158572f75aa7d80b41832abecafcf70b,2026-09-23T11:11:13+00:00,2026-09-23T12:55:38.765693+00:00,958,crypto_global_watch_1
1562847,31126,"↗️ LONG #AKE 50x

📌 Entry: 0.04800

🎯 TP: 0.049500...t Usage: 1-3%
⚠️ According to your risk management",6f42ed5417317d26c9843b9350003b63,2026-09-23T11:11:13+00:00,2026-09-23T12:55:38.747818+00:00,958,crypto_global_watch_1
1562845,31123,"🔺 $TAKE/USDT — LONG | 25–50x

🎯 ENTRY: 0.1935

🚀 T... RISK MANAGEMENT: Use only 2–3% of your portfolio.",5e244db66e0bd051b30c92e0e9269a0e,2026-09-23T11:02:57+00:00,2026-09-23T12:55:38.572667+00:00,958,crypto_global_watch_1
1562841,31121,"↗️ LONG #AKE 50x

📌 Entry: 0.04800

🎯 TP: 0.049500...t Usage: 1-3%
⚠️ According to your risk management",6f42ed5417317d26c9843b9350003b63,2026-09-23T10:52:41+00:00,2026-09-23T12:55:38.555630+00:00,958,crypto_global_watch_1
1562840,31118,"📊 BSV/USDT — SHORT

📍 ENTRY: 22.20

🎯 TARGET 1: 21...Manage your risk & trade responsibly.

🔥 LET’S GO!",f236a3c7c8e6c770421a93c42c144b2e,2026-09-23T10:42:41+00:00,2026-09-23T12:55:38.255458+00:00,958,crypto_global_watch_1
1562838,31115,"🚀 #USUSDT LONG SIGNAL 🚀
⚡️ LEVERAGE 50X–75X

📌 ENT...tch this move together!
🔓 Trade Smart • Trade Safe",bba28fc0b4df0de1ae413c9adb3b8980,2026-09-23T10:42:40+00:00,2026-09-23T12:55:38.251830+00:00,958,crypto_global_watch_1
1565705,31165,"🚀 #LITUSDT LONG SIGNAL 🚀
⚡️ LEVERAGE 50X–75X

📌 EN...tch this move together!
🔓 Trade Smart • Trade Safe",90d3030fbbfa24044d7426ce66cb3bb6,2026-09-23T14:23:03+00:00,2026-09-23T14:54:06.532080+00:00,958,crypto_global_watch_1
1565704,31164,"#SHORT 🔴 🔤🔤🔤🔤🔤

#DOT/USDT 

Margin Mode : Isolated...391

🟩 SL : 1.2004 - 100%

📊 LEV : 20X

🇯🇵 Premium",25f135bcaaf3ed3c8802411937e02425,2026-09-23T14:20:07+00:00,2026-09-23T14:54:06.431474+00:00,958,crypto_global_watch_1
1565703,31163,"🔰 PAIR: SUI/ USDT 💹

🔴Position: SHORT🚀

☑️ Entry Z...:
🥇 1.0004
🥈 0.9925
🥉 0.9859

❌ Stop Loss: 🔴1.0383",7642a9b6a5c3cae2f5d671223e618ae0,2026-09-23T14:20:07+00:00,2026-09-23T14:54:06.405059+00:00,958,crypto_global_watch_1
1565702,31162,"🪙#MUBARAK/USDT

🚩POSITION — SHORT

🔒  LEVERAGE — 2...0.05150
TP🥉: 0.04850

⛔️ SL: 0.06200

🔥REACTIONS?😜",064dfe620f2516f118581cfaf7a121ab,2026-09-23T14:20:07+00:00,2026-09-23T14:54:06.397412+00:00,958,crypto_global_watch_1
1565701,31161,"#MUBARAK/USDT SHORT NOW 📉
🏠ENTRY: ( 0.05411 )",ecb865099165009a6da0c16fc80a23aa,2026-09-23T14:20:07+00:00,2026-09-23T14:54:06.361560+00:00,958,crypto_global_watch_1
1565700,31160,"🪙#ONE/USDT

🚩POSITION — SHORT

🔒  LEVERAGE — 20X75...200
TP🥉: 0.0025700

⛔️ SL: 0.0037000

🔥REACTIONS?😜",d6d8708515b84563a230cccc7be6dcbe,2026-09-23T14:20:07+00:00,2026-09-23T14:54:06.330514+00:00,958,crypto_global_watch_1
1565699,31159,"#ONE/USDT SHORT NOW 📉
🏠ENTRY: ( 0.002952 )",ae36a3ed912079a2760be8db6d57749d,2026-09-23T14:20:07+00:00,2026-09-23T14:54:06.242522+00:00,958,crypto_global_watch_1
1565689,31147,"➡️ #SAGA      /USDT (LONG) 🔼🔼

⌛LEVERAGE : 20X TO ...0


💥Use only 1%margin of your total portfolio❤️😘😇",f30e36c9fdc5725b17f69b74637b5f20,2026-09-23T13:18:52+00:00,2026-09-23T14:54:05.863882+00:00,958,crypto_global_watch_1
1565688,31146,"📉 SHORT #MET/USDT 

🚀 LEVERAGE : 50x

📊 ENTRY PRIC...4

TP🟢0.360

TP🟢0.340

STOPLOSS 🔴0.403

REACTIONS?",66bb7f825e19abaf722b92a47e1baa6f,2026-09-23T13:03:26+00:00,2026-09-23T14:54:05.788619+00:00,958,crypto_global_watch_1
1565687,31145,"Pair: #FIL/USDT

Long • (25X)

Entry
1.0235 - 1.01...t your own risk. Always use proper risk management",63288bb33e1b8e55bdb2ac7bc4488d7f,2026-09-23T13:03:26+00:00,2026-09-23T14:54:05.782877+00:00,958,crypto_global_watch_1
1565686,31144,"✨FIL/USDT

🎗 Trade Type = LONG 🟢

⭐️ Leverage :- 2...[ 1.0354, 1.0451, 1.0569, 1.0683, 1.0771, 1.0894 ]",9c550ca1e57d17feafd5618fa6618319,2026-09-23T13:03:26+00:00,2026-09-23T14:54:05.778807+00:00,958,crypto_global_watch_1
1565685,31143,"#SAGA/USDT now at current market price (Spot + Fut...$0.0526
2. $0.0567
3. $0.0615

Stop loss : $0.0429",2cabccde922ebe11dd684b13d3a3acda,2026-09-23T13:03:26+00:00,2026-09-23T14:54:05.768945+00:00,958,crypto_global_watch_1
1565684,31142,"$ALLO LONG NOW

ENTRY: 0.3450 - 0.3300

TP:- 0.36 - 0.38 - 0.42

SL:- 0.3100",0595a5cee3802d0a292905ffe7e6dd96,2026-09-23T13:03:26+00:00,2026-09-23T14:54:05.699314+00:00,958,crypto_global_watch_1
1565683,31139,"#ONE  USDT — SELL (SHORT) 
🎉
🟢 Leverage: Cross  25...top Loss: 0.0035000

🔽 Risk Management:

 REACTION",4f0052e3498713d4ab920d4c7cbcb0ec,2026-09-23T13:03:26+00:00,2026-09-23T14:54:05.569599+00:00,958,crypto_global_watch_1
1565679,31137,"🚀 SHORT: $ONE/USDT
LEVERAGE: 50x

✔️ENTRY PRICE: 0...002850-0.002600

STOP LOSS:  0.003200


REACTIONS?",63d7959b2144c58a510c8ce1fc23b3a0,2026-09-23T13:03:26+00:00,2026-09-23T14:54:05.546705+00:00,958,crypto_global_watch_1
1329926,29452,"⚡️ HYPE/USDT ⚡️

🔻 SCALP LONG

💎 Leverage: 10x – 5...oss: $72.90

⚠️ Trade with proper risk management.",b37a290e6068c81b63d59321a2e0f690,2026-09-15T19:44:56+00:00,2026-09-15T19:53:39.968175+00:00,958,crypto_global_watch_1
1329928,29443,"#ASR | SHORT SETUP

💰 Entry: $0.8247

🎯 Target1: $...t4: $0.79336
🎯 Target5: $0.78182

🛡 STOP: $0.86594",72888eef0c5fc7db398b964196c49d27,2026-09-15T19:26:47+00:00,2026-09-15T19:53:39.976809+00:00,958,crypto_global_watch_1
1329927,29444,"⚡️ BTC/USDT ⚡️

🔻 SCALP LONG

💎 Leverage: 10x – 15...oss: $72000

⚠️ Trade with proper risk management.",82d2fe81c34f13e49e5d923d75eb556a,2026-09-15T19:26:47+00:00,2026-09-15T19:53:39.975274+00:00,958,crypto_global_watch_1
1329924,29440,"➡️ #SAGA       /USDT (SHORT) 🔽🔽

⌛LEVERAGE : 20X T...5


💥Use only 1%margin of your total portfolio❤️😘😇",fca98baf3b6ff93b8dc845ade47de802,2026-09-15T18:46:07+00:00,2026-09-15T19:53:39.958661+00:00,958,crypto_global_watch_1
1329922,29441,"➡️ #IDOL     /USDT (LONG) 🔼🔼

⌛LEVERAGE : 20X TO 7...4


💥Use only 1%margin of your total portfolio❤️😘😇",4d5a375470887058d2d89cc6ed5cc342,2026-09-15T18:46:07+00:00,2026-09-15T19:53:39.941897+00:00,958,crypto_global_watch_1
1329921,29435,"🚨 #ZEC/USDT | LONG

⚡Leverage: Cross 20x

🎯Entry T... follow the signal and secure profits at targets.💎",192ef02b15ea26ac9391f6c66e90082a,2026-09-15T18:46:06+00:00,2026-09-15T19:53:39.898856+00:00,958,crypto_global_watch_1
1321252,29433,"#ETH

After the liquidity was swept below the near...24
🚀 Targets: 2448 / 2505 / 2600
📉 Stop Loss: 2338",d97517e85ac681e4dd02dd3580d411ef,2026-09-15T17:56:01+00:00,2026-09-15T18:07:49.084015+00:00,958,crypto_global_watch_1
1321259,29418,"⭐️$IDOL/USDT  LONG

🛡Leverage : Cross 25x50

‼️Ent....01029

Use only 3% - 5% amount of your portfolio🛍",8e5c6063ba5fabc84f8dc28d371969e7,2026-09-15T16:37:55+00:00,2026-09-15T18:07:49.113157+00:00,958,crypto_global_watch_1
1321258,29420,"👑 #AIN /USDT — TRADE LONG

LEVERAGE 25X TO 50X

👌 ...0

⛔️ STOP LOSS: 0.1730

⚡️ NO FEAR — JUST PROFITS",b1e89bd9998bd60cbf5acaadb25d0019,2026-09-15T16:37:55+00:00,2026-09-15T18:07:49.107287+00:00,958,crypto_global_watch_1
1321255,29422,"#AIN/USDT LONG   

👉Leverage : Cross 10× To 30×

E...
1)  0.188
2)  0.196
3)  0.216

⭕Stoploss : 0.1730",3def1efba6f20ad028d5b68d50e608a4,2026-09-15T16:37:55+00:00,2026-09-15T18:07:49.100612+00:00,958,crypto_global_watch_1
1321248,29421,"📈 LONG #IDOL/USDT 

🚀 LEVERAGE : 50x

📊 ENTRY PRIC...TP🟢0.0120

TP🟢0.0125

STOPLOSS 🔴0.0106

REACTIONS?",307c0cffe9c344a877e4dac306af6f00,2026-09-15T16:37:55+00:00,2026-09-15T18:07:49.079915+00:00,958,crypto_global_watch_1
1321246,29416,"#SENTUSDT — BUY (LONG) 
🎉
🟢 Leverage: Cross  20x50...Risk Management:
Use only 2%– 3%of your portfolio.",e4564dd7fe9df429ff249b3d739ae329,2026-09-15T16:37:55+00:00,2026-09-15T18:07:49.073088+00:00,958,crypto_global_watch_1
1321253,29415,"📈 LONG #AIN/USDT 

🚀 LEVERAGE : 50x

📊 ENTRY PRICE...9

TP🟢0.195

TP🟢0.204

STOPLOSS 🔴0.173

REACTIONS?",4e37ffe2e2331859b5de09a81b8d918f,2026-09-15T15:45:07+00:00,2026-09-15T18:07:49.095027+00:00,958,crypto_global_watch_1
1321245,29413,"🚀 #AINUSDT SHORT SIGNAL 🚀  LEVERAGE 50X-75X

📌 ENT...ch this move together!

🔓 Trade Smart • Trade Safe",987d1cae9639824c9900cc9bf1425601,2026-09-15T15:45:07+00:00,2026-09-15T18:07:49.067408+00:00,958,crypto_global_watch_1
1321244,29412,"ETH/USD BUY 

Entry : $ 2427.44

Target1: $  2450
... 2511
Target3: $ 2587
Target4: $ 2641

SL : $ 2366",01720dccd7e63f5e2c39963a0ddc5c40,2026-09-15T15:45:07+00:00,2026-09-15T18:07:49.066289+00:00,958,crypto_global_watch_1
1321243,29414,"📈 LONG #AKE/USDT 

🚀 LEVERAGE : 50x

📊 ENTRY PRICE...TP🟢0.0290

TP🟢0.0302

STOPLOSS 🔴0.0258

REACTIONS?",c9872729986efe4b6b0abfcfe6c56697,2026-09-15T15:45:07+00:00,2026-09-15T18:07:49.050799+00:00,958,crypto_global_watch_1
1569407,31175,"💸 SHORT — NEAR

Entry: 4.276

💸 Targets: 4.231 / 4...844

💸  Stop: 4.488

💸 Move SL to entry after TP1.",19b0ec93000ab5f4ea57c70d9de6a225,2026-09-23T16:53:42+00:00,2026-09-23T17:03:04.122962+00:00,958,crypto_global_watch_1
1569406,31173,"📈 LONG #SAGA/USDT 

🚀 LEVERAGE : 50x

📊 ENTRY PRIC...TP🟢0.0540

TP🟢0.0570

STOPLOSS 🔴0.0475

REACTIONS?",8a9187252b40e470d4b02284535f2e30,2026-09-23T15:54:03+00:00,2026-09-23T17:03:04.122223+00:00,958,crypto_global_watch_1
1569405,31174,"🟢 Doge/Usdt long with 0.5% wallet on market price ...ro long term trade ha

Dca 0.09306
2nd Dca 0.09136",b4a270b301040b85ea8e0005f2ea8815,2026-09-23T15:54:03+00:00,2026-09-23T17:03:04.119873+00:00,958,crypto_global_watch_1
1569404,31172,"🐳 ZRO/USDT #LONG🐳

✳️ ENTRY :- 1.54 - 1.45

💢 LEVE...3 : 1.78

⛔️ STOP-LOSS :- 1.39

☝️ Margin Use 2–3%",cc0588c88d5b56314c1f65b7afee16cb,2026-09-23T15:54:03+00:00,2026-09-23T17:03:04.108780+00:00,958,crypto_global_watch_1
1569403,31171,"🌈Pair: TAKE/USDT

📈Direction: LONG

📌Leverage: 25x...nt

📊 Trade smart. Manage risk. Stay disciplined..",d9d1c2925f7a25784687e1ddd601c7f7,2026-09-23T15:54:03+00:00,2026-09-23T17:03:03.966425+00:00,958,crypto_global_watch_1
1569401,31170,"🚨 SHORT
FLOCK/USDT
ENTRY 0.07655

🚀 0.07540
🚀 0.05... 0.08202
LEVRAGE 10x- 40x

1% WALLET 

Dca 0.07873",3a09c3df6a089f85ba08ee4e6c5be68c,2026-09-23T15:54:03+00:00,2026-09-23T17:03:03.955554+00:00,958,crypto_global_watch_1
1569400,31167,"🌈Pair: TAKE/USDT

📈Direction: SHORT

📌Leverage: 25...nt

📊 Trade smart. Manage risk. Stay disciplined..",a3744486c09bbd0af6b3b376f28c62fa,2026-09-23T15:54:02+00:00,2026-09-23T17:03:03.950350+00:00,958,crypto_global_watch_1
1572073,31203,"Pair: #XLM/USDT

Short • (25X)

Entry
0.20325

Tar...t your own risk. Always use proper risk management",5b5e8f7f6688343528c65900cad59e62,2026-09-23T18:52:14+00:00,2026-09-23T19:01:48.712365+00:00,958,crypto_global_watch_1
1572071,31201,SHORT META 0.3480,2958778930f765d87895834247ad5933,2026-09-23T18:52:14+00:00,2026-09-23T19:01:48.658847+00:00,958,crypto_global_watch_1
1572070,31200,"✨XLM/USDT

🎗 Trade Type = SHORT 🔴

⭐️ Leverage :- ...075, 0.19871, 0.19659, 0.19472, 0.19234, 0.19028 ]",29a7b6cb37491c3bacfd074414e90258,2026-09-23T18:52:14+00:00,2026-09-23T19:01:48.530599+00:00,958,crypto_global_watch_1
1572057,31178,"🔱 Trade: #ETH/USDT 🔱

🟢 LONG ENTRY: 2663 : 2635

🀄...3. 2750
4. 2780
5. 2820
6. 2870

🛑 STOP LOSS: 2580",2367082e1c9cdb0986da04b10bef49f6,2026-09-23T17:10:46+00:00,2026-09-23T19:01:48.092130+00:00,958,crypto_global_watch_1
1574490,31207,"🔰 PAIR: XRP/ USDT 💹

🔴Position: SHORT🚀

☑️ Entry Z...:
🥇 1.4859
🥈 1.4823
🥉 1.4726

❌ Stop Loss: 🔴1.5135",58e634017adf5b03ee134c5b83ac1f60,2026-09-23T20:19:23+00:00,2026-09-23T20:44:51.318507+00:00,958,crypto_global_watch_1
1574488,31205,"#ALCH buy setup long ✅

Tp 0.058$-0.062-0.068-0.080-0.10 

Stop lose 0.052$ 

Use 1-5X max",bb223ad5357a2ac189e099880215a718,2026-09-23T19:57:09+00:00,2026-09-23T20:44:51.315418+00:00,958,crypto_global_watch_1
1582097,31290,"🚀 #FFUSDT LONG SIGNAL 🚀

⚡️ LEVERAGE 50X–75X
📌 ENT...h this move together!

🔓 Trade Smart • Trade Safe.",81d5753d8bfecfcea346c3d46684c604,2026-09-24T06:30:08+00:00,2026-09-24T06:44:06.757309+00:00,958,crypto_global_watch_1
1582098,31289,"🔺 $BTR/USDT — LONG | 10–50x

🎯 ENTRY: 0.0536 → 0.0...: 0.0506

⚠️ RISK MANAGEMENT: Manage risk smartly.",bde9e0c1819b776c6444c657bb066894,2026-09-24T06:29:39+00:00,2026-09-24T06:44:06.763456+00:00,958,crypto_global_watch_1
1582096,31288,"🔺 $ARK/USDT — LONG | 10–50x

🎯 ENTRY: 0.1710 → 0.1...: 0.1610

⚠️ RISK MANAGEMENT: Manage risk smartly.",c29df90ff60d1c4bbaf1ce80c0edafb1,2026-09-24T06:29:39+00:00,2026-09-24T06:44:06.735627+00:00,958,crypto_global_watch_1
1582093,31286,"#NIL 🟢 — LONG 

📌 Entry: $0.097
🎯 TP: $0.10 - $0.17
🛑 Stop-Loss: $0.085",a17771fc1d34cb8c9e723a5f4ed1d563,2026-09-24T06:29:39+00:00,2026-09-24T06:44:06.608449+00:00,958,crypto_global_watch_1
1582081,31274,"⌛#LINK/USDT  ( LONG )

🍁 Leverage 👉 20X to 25X 

⛩...54 | 12.879 | 13.009 | 13.155

🔕 Stoploss = 12.028",fa3b0d56e441b194a834c4cd1e0fb676,2026-09-24T06:26:27+00:00,2026-09-24T06:44:06.235040+00:00,958,crypto_global_watch_1
1582080,31272,"#PENGU $PENGU LONG TRADE

ENTRY: 0.00994

TARGET: 0.01185

STOPLOSS: 0.009685",91bb6f117fd6fbbad1d64c6b28a9ebbb,2026-09-24T06:26:27+00:00,2026-09-24T06:44:06.220225+00:00,958,crypto_global_watch_1
1582079,31271,"📊 Let’s SHORT #ONE/USDT

💥 Leverage:  Cross 20×  -....00234
2) 0.00217
3) 0.00200

🔖 Stop Loss: 0.00253",db3e60f879e51920994e6cc51b0aac8f,2026-09-24T06:26:27+00:00,2026-09-24T06:44:06.132657+00:00,958,crypto_global_watch_1
1582076,31268,"🚀SHORT: $ONE/USDT🚀
LEVERAGE: 20X-50X

🤍 ENTRY PRIC...5- 0.0020
—————

❌ STOP LOSS: 0.002770❌

REACTIONS",5f859d0f760d23dde2f448c47a257526,2026-09-24T06:26:26+00:00,2026-09-24T06:44:06.049003+00:00,958,crypto_global_watch_1
1582075,31267,"#NIL/USDT

📈Signal: long Leverage: Cross 50X

⚡️En...even after TP1 is hit.

📣Trade Smart • Follow Risk",d0b76feba90b45c50882e9673e1da363,2026-09-24T06:26:26+00:00,2026-09-24T06:44:06.015575+00:00,958,crypto_global_watch_1
1582074,31266,"Coin #BTR/USDT

Position: LONG 

Leverage:  Cross ...rgets: 🎯 0.0551, 0.0579, 0.0620

Stop Loss: 0.0506",4bdfe969efe6645fd44d2cb092a9e29d,2026-09-24T06:26:26+00:00,2026-09-24T06:44:05.965054+00:00,958,crypto_global_watch_1
1582073,31265,"⚡️⚡️ #UNI/USDT ⚡️⚡️
Exchanges: Bingx 
Signal Type:...5) 9.92584
6) 10.06630
7) 🚀🚀🚀

Stop Targets:
5-10%",e8d453eef3805f27429664bf9443a0bc,2026-09-24T06:26:26+00:00,2026-09-24T06:44:05.898450+00:00,958,crypto_global_watch_1
1582072,31264,"⚡️⚡️ #FLOKI/USDT ⚡️⚡️
Exchanges: Bingx 
Signal Typ...
5) 0.00003
6) 0.00003
7) 🚀🚀🚀

Stop Targets:
5-10%",8af6fa318ab6318e039d979f10269598,2026-09-24T06:26:26+00:00,2026-09-24T06:44:05.870806+00:00,958,crypto_global_watch_1
1582071,31263,"⚡️⚡️ #FLOCK/USDT ⚡️⚡️
Exchanges: Bingx 
Signal Typ...
5) 0.07404
6) 0.07509
7) 🚀🚀🚀

Stop Targets:
5-10%",1841a87609efd2431eebf839077b1686,2026-09-24T06:26:26+00:00,2026-09-24T06:44:05.869926+00:00,958,crypto_global_watch_1
1582069,31261,"⚡️⚡️ #MUBARAK/USDT ⚡️⚡️
Exchanges: Bingx 
Signal T...
5) 0.05812
6) 0.05894
7) 🚀🚀🚀

Stop Targets:
5-10%",328434b8b0260175e7ff04d0ce3d9ab3,2026-09-24T06:26:26+00:00,2026-09-24T06:44:05.805466+00:00,958,crypto_global_watch_1
1582068,31259,"💵 𝐒𝐈𝐆𝐍𝐀𝐋 𝐀𝐋𝐄𝐑𝐓 💵

#BTW/USDT (25xLONG)

✅ ENTRY:1.0...9750

TARGETS:-1.05/1.10/1.20

❌ STOP LOSS: 0.8650",f8b556cec5a7675314b5ec775f876b81,2026-09-24T06:26:26+00:00,2026-09-24T06:44:05.698321+00:00,958,crypto_global_watch_1
1582066,31258,"📈 NIL/USDT 📈

🔴 SHORT SETUP

💰 Entry Zone: 0.132 –...et 1. 
✅ Move SL to breakeven after Target 1 hits.",5812ff4aaf0906b77dc74c5131cb5ab7,2026-09-24T06:26:26+00:00,2026-09-24T06:44:05.641058+00:00,958,crypto_global_watch_1
1582065,31257,"📍Coin : #1000SHIB/USDT

🟢 LONG 

👉 Entry: 0.005708....006000
🎯 Target 6: 0.006060

❌ StopLoss: 0.005430",b6ff2cf349f8f216d2ffa92465328410,2026-09-24T06:26:26+00:00,2026-09-24T06:44:05.625085+00:00,958,crypto_global_watch_1
1582064,31256,"🔴 SHORT

#ETC/USDT

Entry : 

1) 9.115
2) 9.388

T...) 8.484

🛑 Stop : 9.689

Leverage : 10x (isolated)",692e5b8000ec7169309d298cf85c4e1b,2026-09-24T06:26:26+00:00,2026-09-24T06:44:05.603674+00:00,958,crypto_global_watch_1
1582063,31255,"🐳 TRIA/USDT #LONG🐳

✳️ ENTRY :- 0.0046 - 0.0044

💢...0.0056

⛔️ STOP-LOSS :- 0.0041

☝️ Margin Use 2–3%",8742ed1bfbb324e14c9c0c2406c32f08,2026-09-24T06:26:26+00:00,2026-09-24T06:44:05.486936+00:00,958,crypto_global_watch_1
1582062,31254,"#NIL        /USDT (SHORT) 🔽🔽

⌛LEVERAGE : 20X TO 7...0


💥Use only 1%margin of your total portfolio❤️😘😇",946548c1ea8dcd6b577a6a9191b599c4,2026-09-24T06:26:26+00:00,2026-09-24T06:44:05.479921+00:00,958,crypto_global_watch_1
1582061,31253,"➡️ #TAKE     /USDT (LONG) 🔼🔼

⌛LEVERAGE : 20X TO 7...0


💥Use only 1%margin of your total portfolio❤️😘😇",c254967e3b0c38a11034cd4ed495e277,2026-09-24T06:26:26+00:00,2026-09-24T06:44:05.474288+00:00,958,crypto_global_watch_1
1582060,31252,"⚡ #AVNT/USDT

📤 Long 

💹 Buy: 0.1110 - 0.1080

🧿 T...165 - 0.1176

🧨 StopLoss: 0.1052 

🔘 Leverage: 20x",8050dc3ba8f5237e9b210f63f1cbb1b0,2026-09-24T06:26:26+00:00,2026-09-24T06:44:05.449037+00:00,958,crypto_global_watch_1
1582059,31251,"Coin #ARK/USDT

Position: LONG 

Leverage:  Cross ...rgets: 🎯 0.1770, 0.1860, 0.2000

Stop Loss: 0.1610",7d9314a81e09d48c40c07eb6029c501f,2026-09-24T06:26:26+00:00,2026-09-24T06:44:05.440069+00:00,958,crypto_global_watch_1
1582058,31250,"🔰STG/USDT 🔰   

🟢 LONG 10X 20X

♻ ENTRY 
1️⃣ 0.139...

1️⃣ 0.142
2️⃣ 0.145
3️⃣ 0.150

⛔ STOPLOSS  0.130",fa4ef5951f899ff8b524b2be5b415985,2026-09-24T06:26:26+00:00,2026-09-24T06:44:05.328737+00:00,958,crypto_global_watch_1
1582056,31248,"🔴 SHORT

#LTC/USDT

Entry zone : 67.87 - 65.90

Ta...1.59
59.60
57.61

Stop loss :70.513

Leverage: 10x",658d77d54712d07cc5c6e956121fe223,2026-09-24T06:26:26+00:00,2026-09-24T06:44:05.231457+00:00,958,crypto_global_watch_1
1582055,31247,"#STG/USDT now at current market price (Spot + Futu...$0.1482
2. $0.1575
3. $0.1691

Stop loss : $0.1225",9c7584f6ee55f2056d8fe6c0f0770d5c,2026-09-24T06:26:25+00:00,2026-09-24T06:44:05.225586+00:00,958,crypto_global_watch_1
1582054,31246,"$STEEM/USDT #SHORT📩

✅ENTRY :-0.067/0.06950

Targe...𝐎𝐧𝐥𝐲 𝟏-𝟑% 𝐎𝐟 𝐎𝐮𝐫 𝐃𝐞𝐩𝐨𝐬𝐢𝐭 𝐅𝐨𝐫 𝐄𝐚𝐜𝐡 𝐓𝐫𝐚𝐝𝐞

React,??m",4d82938ab1ae053af48a6618f97305a8,2026-09-24T06:26:25+00:00,2026-09-24T06:44:05.210361+00:00,958,crypto_global_watch_1
1582053,31245,"🔴 Short

Pair: #TRX/USDT

📊 Entry Price: 

1) 0.34...
4) 0.31890

Stop Loss: 0.36419

Leverage: 10x-20x",ba9a24c10211c74e3e54462bce75d3db,2026-09-24T06:26:25+00:00,2026-09-24T06:44:05.060430+00:00,958,crypto_global_watch_1
1582052,31244,"📈 LONG #XNY/USDT

♻ Leverage: 20X

➡️ Entry :- 0.0...1) 0.0081
2) 0.0083
3) 0.0086

⭕ Stop Loss: 0.0069",47efaa43c67f7b5bf2bc88613660e4b8,2026-09-24T06:26:25+00:00,2026-09-24T06:44:05.050575+00:00,958,crypto_global_watch_1
1582051,31243,"📊#ZRO/USDT–LONG–10x - 30x 🚀

📍 𝐄𝐧𝐭𝐫𝐲 𝐙𝐨𝐧𝐞:

➥ 1.57...tal.

⚠️ Disclaimer:
Trade at your own risk. DYOR.",acb9106d920b278fea08ea4d44b94256,2026-09-24T06:26:25+00:00,2026-09-24T06:44:05.042546+00:00,958,crypto_global_watch_1
1582050,31242,"📊#LSK/USDT–LONG–10x - 30x 🚀

📍 𝐄𝐧𝐭𝐫𝐲 𝐙𝐨𝐧𝐞:

➥ 0.36...tal.

⚠️ Disclaimer:
Trade at your own risk. DYOR.",3d4169a39c11390d9c4d1ea55e1478af,2026-09-24T06:26:25+00:00,2026-09-24T06:44:05.015321+00:00,958,crypto_global_watch_1
1582049,31241,"#SHORT 🔴 🔤🔤🔤🔤🔤

#BTC/USDT 

Margin Mode : Isolated...226

🟩 SL : 84,818 - 100%

📊 LEV : 30X

🇯🇵 Premium",5caa982b8dde455cc54c489420ab1173,2026-09-24T06:26:25+00:00,2026-09-24T06:44:05.012112+00:00,958,crypto_global_watch_1
1582048,31240,"#LONG 🟢🔤🔤🔤🔤🔤

#LTC/USDT

Margin Mode : Isolated 💎
...98

🟥 SL : 64.53 - 100%   

📊 LEV : 20X

🇯🇵Premium",e3e00e4fb8ff6469d98f97a1e53b3d8f,2026-09-24T06:26:25+00:00,2026-09-24T06:44:04.848815+00:00,958,crypto_global_watch_1
1582047,31239,"📊 NOM/USDT — LONG

📍 ENTRY: 0.002340

🎯 TARGET 1: ...Manage your risk & trade responsibly.

🔥 LET’S GO!",ddc9b3d0842c811c419a37b393b988a9,2026-09-24T06:26:25+00:00,2026-09-24T06:44:04.842543+00:00,958,crypto_global_watch_1
1582046,31238,"#LSK/USDT LONG   

👉Leverage : Cross 10× To 30×

E...
1)  0.366
2)  0.378
3)  0.389

⭕Stop Loss : 0.334",80a247ab447cdada016e70bbb7c0f656,2026-09-24T06:26:25+00:00,2026-09-24T06:44:04.831887+00:00,958,crypto_global_watch_1
1582045,31237,#LSK LONG 0.355,0a1cf40709875423e7587b7702a4ea7b,2026-09-24T06:26:25+00:00,2026-09-24T06:44:04.803909+00:00,958,crypto_global_watch_1
1582044,31236,"🟢 LONG $NEAR/USDT | Cross 19X 

✅ Entry: 4.39

🎯 TP: 4.52  - 4.65 -  4.80

🛑 SL: 4",ad814ff70010f24d3d24c61888624934,2026-09-24T06:26:25+00:00,2026-09-24T06:44:04.785641+00:00,958,crypto_global_watch_1
1582043,31235,"🟢 LONG $UNI/USDT | Cross 20X 

✅ Entry: 9.28

🎯 TP: 9.65  - 10.05 -  10.50

🛑 SL: 8.50",78f3a14f0ee41ba158d3871676f2fb83,2026-09-24T06:26:25+00:00,2026-09-24T06:44:04.649633+00:00,958,crypto_global_watch_1
1582042,31234,"📊#CVC/USDT — LONG

⚡️ Leverage : 10X – 30X

💹Entry...Entry After TP1

⚖️ Follow Proper Risk Management.",c1e2208cf72f3b8c0396424310664d60,2026-09-24T06:26:25+00:00,2026-09-24T06:44:04.630745+00:00,958,crypto_global_watch_1
1582041,31233,"#LSK/ USDT — BUY (LONG) 
Leverage: Cross 25x – 50x...T IS KEY
👉 Use ONLY 2 – 3% of your total portfolio",db1ba2c26f1b44d87d3051a25779219f,2026-09-24T06:26:25+00:00,2026-09-24T06:44:04.624980+00:00,958,crypto_global_watch_1
1584954,31324,"💰#CYS / USDT👑

💎Setup Type: Strong LONG  🔖Opportun...

🥉TP ➝ 0.2200

4️⃣TP ➝ 0.3000

🚫Stop Loss: 0.1550",f375b0daeb7f40f16a56bd16ee97bdc7,2026-09-24T08:44:46+00:00,2026-09-24T08:45:21.346916+00:00,958,crypto_global_watch_1
1584952,31322,"⭐ BLESS /USDT — LONG

💵 ENTRY:0.01000-0.090000

⚙️...o

📌 Follow the setup and manage your risk wisely.",73d3bc968a797633090330940a6f803a,2026-09-24T08:44:46+00:00,2026-09-24T08:45:21.221971+00:00,958,crypto_global_watch_1
1584951,31321,"⭐ CYS /USDT — LONG

💵 ENTRY:0.1850-0.1700

⚙️ LEVE...o

📌 Follow the setup and manage your risk wisely.",d50ca8b2de38986b95ec7d2e7adf9a47,2026-09-24T08:33:58+00:00,2026-09-24T08:45:21.207847+00:00,958,crypto_global_watch_1
1584950,31320,"🔴 Short

Pair: #ETC/USDT

📊 Entry Price: 

1) 9.60....144
4) 8.941

Stop Loss: 10.21

Leverage: 10x-20x",2ec8f6ce72c9ea91bf37a91afedee4c8,2026-09-24T08:33:10+00:00,2026-09-24T08:45:21.204068+00:00,958,crypto_global_watch_1
1584948,31318,"Quick Scalping Trade 🟢
B2 USDT
Long 
Market Price 
Target 🎯 
0.5300
0.5400
0.5500

Sl
0.50000

Sl",ef524d06dcf9f276df9e3614389e1964,2026-09-24T08:29:59+00:00,2026-09-24T08:45:21.081371+00:00,958,crypto_global_watch_1
1584947,31316,"🔺 $LSK/USDT — LONG | 25x

🎯 ENTRY: 0.41650 → 0.409... 0.32000

⚠️ RISK MANAGEMENT: Manage risk smartly.",bf431a3f8131376495a7b1826b1281d3,2026-09-24T08:29:22+00:00,2026-09-24T08:45:21.018226+00:00,958,crypto_global_watch_1
1584945,31315,"🔴 SHORT

#BAT/USDT

Entry : 

1) 0.091780
2) 0.094...5430

🛑 Stop : 0.097562

Leverage : 10x (isolated)",170d171f574ccdbe22d8dad6842b79ef,2026-09-24T08:18:50+00:00,2026-09-24T08:45:21.006148+00:00,958,crypto_global_watch_1
1584944,31314,"🔴 SHORT

#DASH/USDT

Entry zone : 63.11 - 61.28

T....27
55.42
53.58

Stop loss :65.5696

Leverage: 10x",1335750f2ee2cc00221afd3102f0b957,2026-09-24T08:18:50+00:00,2026-09-24T08:45:20.951436+00:00,958,crypto_global_watch_1
1584942,31312,"NIL/USDT 

Position: LONG

Leverage: 10X To 25X 

...ss: 0.117

High volatile token so use low margin 🤝",99ef145d34dd0a73f24fe92ed9cf3e57,2026-09-24T08:18:50+00:00,2026-09-24T08:45:20.756429+00:00,958,crypto_global_watch_1
1584940,31311,"#LSK  USDT — BUY (LONG) 
🎉
🟢 Leverage: Cross  25x
...️Stop Loss: 0.32000

🔽 Risk Management:

 REACTION",b39058ca0492b142618047fc9d748980,2026-09-24T07:46:27+00:00,2026-09-24T08:45:20.750876+00:00,958,crypto_global_watch_1
1584938,31308,"#BLESS/USDT 🔴 SHORT

📍 Entry Zone: 0.009732 – 0.01...: SHORT

⚠️ Manage your risk and trade responsibly",a4bdd66927ed5295ec16f030cc695a7d,2026-09-24T07:28:03+00:00,2026-09-24T08:45:20.688551+00:00,958,crypto_global_watch_1
1584937,31306,"📊 Let’s SHORT #NIL/USDT

💥 Leverage:  Cross 20×  -...: 

1) 0.125
2) 0.119
3) 0.107

🔖 Stop Loss: 0.137",b297e7600482517a0a588c3787f14156,2026-09-24T07:17:47+00:00,2026-09-24T08:45:20.541335+00:00,958,crypto_global_watch_1
1584936,31307,"✨KMNO/USDT

🎗 Trade Type = LONG 🟢

⭐️ Leverage :- ...[ 0.0371, 0.0375, 0.0378, 0.0382, 0.0386, 0.0391 ]",94bfa7516f6242ad15d57bdb93dbeeda,2026-09-24T07:17:47+00:00,2026-09-24T08:45:20.523387+00:00,958,crypto_global_watch_1
1584935,31304,"👑 #NIL/USDT — TRADE SHORT

LEVERAGE 25X TO 50X

✅ ...0

⛔️ STOP LOSS: 0.1360

⚡️ NO FEAR — JUST PROFITS",77f51c9abfec29170abcef2d221fbdf4,2026-09-24T07:17:46+00:00,2026-09-24T08:45:20.511649+00:00,958,crypto_global_watch_1
1584933,31303,"#FF/USDT LONG   

👉Leverage : Cross 10× To 30×

En...
1)  0.140
2)  0.147
3)  0.157

⭕Stop Loss : 0.131",848992c6deb232918bae27d5e048bb13,2026-09-24T06:57:38+00:00,2026-09-24T08:45:20.436735+00:00,958,crypto_global_watch_1
1584932,31301,"#LSK/USDT

📈Signal: long Leverage: Cross 50X

⚡️En...even after TP1 is hit.

📣Trade Smart • Follow Risk",1454c1106ca7e44d52714fc9a62d30bb,2026-09-24T06:57:38+00:00,2026-09-24T08:45:20.290905+00:00,958,crypto_global_watch_1
1584930,31302,"#NOM/USDT LONG   

👉Leverage : Cross 10× To 30×

E...00275
2)  0.00287
3)  0.00300

⭕Stop Loss : 0.0025",150a5665304c9e018c9ae4dac6c3e78b,2026-09-24T06:57:38+00:00,2026-09-24T08:45:20.277046+00:00,958,crypto_global_watch_1
1584931,31300,"🪙 Coin: #FF/USDT
🧭 Type: #LONG

📈 Entry Zone:
0.13... within the zone and maintain strict risk control.",185464d2e1ad0e97883855ec5eedf796,2026-09-24T06:53:35+00:00,2026-09-24T08:45:20.289490+00:00,958,crypto_global_watch_1
1584929,31298,"📈 LONG #NIL/USDT 

🚀 LEVERAGE : 50x

📊 ENTRY PRICE...2

TP🟢0.136

TP🟢0.142

STOPLOSS 🔴0.121

REACTIONS?",61898db92d6eb5602031e246a4e1b316,2026-09-24T06:53:35+00:00,2026-09-24T08:45:20.276436+00:00,958,crypto_global_watch_1
1584928,31299,"👑 #NOM/USDT — TRADE LONG

LEVERAGE 25X TO 50X

✅ E...
⛔️ STOP LOSS: 0.002590

⚡️ NO FEAR — JUST PROFITS",11d806c425662b70a91a6e3d2d6fc4a6,2026-09-24T06:53:35+00:00,2026-09-24T08:45:20.275748+00:00,958,crypto_global_watch_1
1590129,31371,"🟢 Long

#XRP/USDT

Entry : 

1) 1.4667
2) 1.4226

...1.5670

🛑 Stop : 1.3742

Leverage : 10x (isolated)",2644c69a0d676dde6b21a5731b52fc62,2026-09-24T10:56:39+00:00,2026-09-24T10:58:58.420042+00:00,958,crypto_global_watch_1
1590128,31370,"TRUMPUSDTUSDT  
Exchanges: BINGX 

🟢 Short
Leverag... 1.91
4) 1.88
5) 1.83
6) 1.79
7) 🚀🚀🚀 

⛔️ SL:
2.08",48eebef89edc0d29122169f5c059cdbe,2026-09-24T10:56:39+00:00,2026-09-24T10:58:58.390436+00:00,958,crypto_global_watch_1
1590127,31369,"👑My Coin: $NOM/USDT
👀Looking for LONG

🌟0.002415 W...I Will Set: 0.002324
°°°°°°°°°°°°°° As my stoploss",1d2d440a79ae224924ff6be36a81add1,2026-09-24T10:56:39+00:00,2026-09-24T10:58:58.272571+00:00,958,crypto_global_watch_1
1590126,31368,"✅ Long

#QTUM/USDT

Entry zone : 0.923052 - 0.9516...41526
1.069931

Stop loss :0.884988

Leverage: 10x",f79ad52ca2b330e137474c38fd42cb84,2026-09-24T10:56:39+00:00,2026-09-24T10:58:58.263585+00:00,958,crypto_global_watch_1
1590116,31356,"Pair: #BCH/USDT

Short • (25X)

Entry
329.00

Targ...t your own risk. Always use proper risk management",6d08dc431296e8a267d944a0bb6986bd,2026-09-24T10:13:48+00:00,2026-09-24T10:58:57.863261+00:00,958,crypto_global_watch_1
1590115,31357,"Use only 2% Funds

#SUI/USDT (SHORT)

Entry 1 = 0....Profit
T.P 3 = 1000% Profit 

🔴Stop loss at 1.0400",db710f34d3c88b77fa68684f3b27021d,2026-09-24T10:13:48+00:00,2026-09-24T10:58:57.862357+00:00,958,crypto_global_watch_1
1590114,31355,"📊 #TUT/USDT

🟢 POSITION: LONG

💰 ENTRY RANGE
➤ 0.0...➤ 0.0210

━━━━━━━━━━━━━━━━━━

✅ Manage risk wisely",697f69f7caffb47573afec00c8123ddd,2026-09-24T10:13:47+00:00,2026-09-24T10:58:57.861600+00:00,958,crypto_global_watch_1
1590113,31354,"📊 Let’s LONG #NOM/USDT

💥 Leverage:  Cross 20×  - ....00265
2) 0.00276
3) 0.00298

🔖 Stop Loss: 0.00242",8b1e3e8b1edc30412693458f276dd0c6,2026-09-24T10:06:22+00:00,2026-09-24T10:58:57.811213+00:00,958,crypto_global_watch_1
1590112,31353,"#NIL/ USDT — BUY (LONG) 
Leverage: Cross 25x – 50x...T IS KEY
👉 Use ONLY 2 – 3% of your total portfolio",26f6a29ffd934988dd4189e3044a2fb9,2026-09-24T10:06:22+00:00,2026-09-24T10:58:57.719166+00:00,958,crypto_global_watch_1
1590110,31352,"👑 #NOM/USDT — TRADE LONG

LEVERAGE 25X TO 50X

✅ E...
⛔️ STOP LOSS: 0.002420

⚡️ NO FEAR — JUST PROFITS",4fd9baa41d0ee0ff44f347b72777f897,2026-09-24T10:06:22+00:00,2026-09-24T10:58:57.628534+00:00,958,crypto_global_watch_1
1590111,31350,"💰#LSK / USDT👑

💎Setup Type: Strong LONG  🔖Opportun...TP ➝ 0.50000

4️⃣TP ➝ 0.60000

🚫Stop Loss: 0.32000",26362be2796b2fd4ffd9886cb0b30e1f,2026-09-24T09:46:00+00:00,2026-09-24T10:58:57.629645+00:00,958,crypto_global_watch_1
1590109,31351,"#LSK/USDT LONG   

👉Leverage : Cross 10× To 30×

E...
1)  0.413
2)  0.525
3)  0.450

⭕Stop Loss : 0.379",eb20eae6973c752801e21eba538dfa0b,2026-09-24T09:46:00+00:00,2026-09-24T10:58:57.623080+00:00,958,crypto_global_watch_1
1590107,31348,"⭐️#NIL/USDT  SHORT

🛡Leverage : Cross 25x50

‼️Ent....14973

Use only 3% - 5% amount of your portfolio🛍",8effc32465d9cf705598ff8b60519068,2026-09-24T09:46:00+00:00,2026-09-24T10:58:57.483936+00:00,958,crypto_global_watch_1
1590105,31346,"👑 #LSK/USDT — TRADE LONG

LEVERAGE 25X TO 50X

✅ E...0

⛔️ STOP LOSS: 0.3790

⚡️ NO FEAR — JUST PROFITS",eeb1fd304dcd5cc14a536270a9ea18b0,2026-09-24T09:46:00+00:00,2026-09-24T10:58:57.417826+00:00,958,crypto_global_watch_1
1590102,31343,"🔺 $CYS/USDT — LONG | 30x

🎯 ENTRY: 0.1910 → 0.1880...: 0.1600

⚠️ RISK MANAGEMENT: Manage risk smartly.",1d14835e151ae2a8a7fd8b9b729d7420,2026-09-24T09:44:38+00:00,2026-09-24T10:58:57.268691+00:00,958,crypto_global_watch_1
1590101,31342,"🔰 PAIR: ETH/ USDT 💹

🔴Position: SHORT🚀

☑️ Entry Z... Targets:
🥇 2652
🥈 2642
🥉 2625

❌ Stop Loss: 🔴2695",759d8074e733d94f765cbfcf0b4b4d99,2026-09-24T09:36:07+00:00,2026-09-24T10:58:57.198983+00:00,958,crypto_global_watch_1
1590100,31341,"⭐️#LSK/USDT  LONG 

🛡Leverage : Cross 25x50

‼️Ent....36326

Use only 3% - 5% amount of your portfolio🛍",0ea05f12806726096de5ec146215b1ad,2026-09-24T09:36:07+00:00,2026-09-24T10:58:57.119512+00:00,958,crypto_global_watch_1
1590099,31340,LSKUSDT LONG NOW,07887acd90ec447520841ce4b3124c9c,2026-09-24T09:36:07+00:00,2026-09-24T10:58:57.116060+00:00,958,crypto_global_watch_1
1590098,31339,"✨BCH/USDT

🎗 Trade Type = SHORT 🔴

⭐️ Leverage :- ...[ 323.96, 320.32, 316.86, 314.38, 310.37, 306.42 ]",14ef7c99e10a5b2b7c4f478be5992472,2026-09-24T09:36:07+00:00,2026-09-24T10:58:57.084372+00:00,958,crypto_global_watch_1
1590093,31334,"#CYS  USDT — BUY (LONG) 
🎉
🟢 Leverage: Cross  30x
...⛔️Stop Loss: 0.1600

🔽 Risk Management:

 REACTION",e07c9462d729fe9b718c491b16db88f7,2026-09-24T09:22:53+00:00,2026-09-24T10:58:56.888428+00:00,958,crypto_global_watch_1
1590094,31333,"BTC / USDT 

SHORT SHORT SHORT 

IST ENTRY AT MARKET PRICE 

TP 82900

20x Leverage 

SL 85000",4d7d8085c6555ccc6438b9f9659ce45e,2026-09-24T09:14:22+00:00,2026-09-24T10:58:56.893395+00:00,958,crypto_global_watch_1
1590091,31329,"ETH / USDT/ LONG
Entry at market price 

Cross || ...only 1% of your wallet. 
Manage your risk properly",8cac514bcef347b3484bf8d0c52c3761,2026-09-24T09:11:05+00:00,2026-09-24T10:58:56.662487+00:00,958,crypto_global_watch_1
1590090,31328,"🌹 #FOLKS/USDT

🟢 LONG

✅ Entry: 2.487- 2.432

❌ St...l advice.
💰 Stay disciplined. Protect your capital",8973870649f3c5118576badfe29f2e0c,2026-09-24T09:11:05+00:00,2026-09-24T10:58:56.656591+00:00,958,crypto_global_watch_1
1590089,31326,"#SUPER/USDT SHORT NOW 📉
🏠ENTRY: ( 0.17107 )",3092f4767b11b491cdddc9ac7c7f1cfa,2026-09-24T08:57:11+00:00,2026-09-24T10:58:56.651275+00:00,958,crypto_global_watch_1
1590087,31327,"🪙#SUPER/USDT

🚩POSITION — SHORT

🔒  LEVERAGE — 20X...0.15400
TP🥉: 0.14200

⛔️ SL: 0.20500

🔥REACTIONS?😜",db535c9651ccc0da98b9c0ffbc3ab592,2026-09-24T08:57:11+00:00,2026-09-24T10:58:56.644259+00:00,958,crypto_global_watch_1
1590088,31325,"🚨 #LSK/USDT | SHORT

⚡Leverage: Cross 20x

🎯Entry ... follow the signal and secure profits at targets.💎",0065ee7b57704bcb23bcc1a08363d54d,2026-09-24T08:47:23+00:00,2026-09-24T10:58:56.647603+00:00,958,crypto_global_watch_1
1593386,31395,"📊 Let’s SHORT #XRP/USDT

💥 Leverage:  Cross 20×  -...1) 1.4200
2) 1.4000
3) 1.3450

🔖 Stop Loss: 1.5450",d8049a31c9752719b4b22def366fb11e,2026-09-24T12:09:15+00:00,2026-09-24T13:08:52.302312+00:00,958,crypto_global_watch_1
1593385,31394,"🔘 Coin : #ARX/USDT 🔘

🔴 SHORT

🔺Entry🔻: 0.2475

⭐️...76 - 0.2326

♦️ StopLoss : 0.2566

🔱 Leverage: 25x",f3e9e4920e832a9b23dcb278b55748da,2026-09-24T12:09:15+00:00,2026-09-24T13:08:52.266793+00:00,958,crypto_global_watch_1
1593384,31393,"BTC/USDT Long  | 

Entry  :  83400 

TP   :  83700 / 84000 / 85000

SL  :  82500 | Risk 3% to 5%",852c7a81f5df7d06164df88b2cdbd86f,2026-09-24T12:09:15+00:00,2026-09-24T13:08:52.193366+00:00,958,crypto_global_watch_1
1593382,31391,"✅ Long

Pair: #IOTA/USDT

📊 Entry Price: 

1) 0.04...) 0.049072

Stop Loss: 0.043036

Leverage: 10x-20x",e7b98c6552a3427a872fe1adcfe97803,2026-09-24T12:09:15+00:00,2026-09-24T13:08:52.085530+00:00,958,crypto_global_watch_1
1593381,31390,"📊 Let’s LONG #UNI/USDT

💥 Leverage:  Cross 20×  - ...rgets: 

1) 9.7
2) 10.8
3) 11.7

🔖 Stop Loss: 8.08",6b929326b35889f4d444d173772d6716,2026-09-24T12:09:15+00:00,2026-09-24T13:08:52.078506+00:00,958,crypto_global_watch_1
1593380,31389,"ATOMUSDTUSDT  
Exchanges: BINGX 

🟢 Short
Leverage... 1.73
4) 1.72
5) 1.58
6) 1.45
7) 🚀🚀🚀 

⛔️ SL:
1.62",990052d2a9f9e5f40d051e8b4065c921,2026-09-24T12:09:15+00:00,2026-09-24T13:08:52.016886+00:00,958,crypto_global_watch_1
1593377,31385,"🚨 #CRYPTO_PUMPS SIGNAL 🚨

↗️ LONG #PROM 50x

📌 Ent...t Usage: 1-3%
⚠️ According to your risk management",7ea65080831943c12f364479e60c4978,2026-09-24T12:04:03+00:00,2026-09-24T13:08:51.829531+00:00,958,crypto_global_watch_1
1593375,31384,"🚨 #CRYPTO_PUMPS SIGNAL 🚨

↗️ LONG #BTW 50x

📌 Entr...t Usage: 1-3%
⚠️ According to your risk management",185395792818da0ad898620adb886f62,2026-09-24T12:04:03+00:00,2026-09-24T13:08:51.807109+00:00,958,crypto_global_watch_1
1593367,31374,"🚀 #PROMUSDT LONG SIGNAL 🚀
⚡️ LEVERAGE 50X–75X

📌 E...tch this move together!
🔓 Trade Smart • Trade Safe",43ca82a9e1e242237efb673532409315,2026-09-24T11:49:38+00:00,2026-09-24T13:08:51.406674+00:00,958,crypto_global_watch_1
1593366,31373,"BROCCOLI/ USDT/ LONG
Entry at market price 

Cross...only 1% of your wallet. 
Manage your risk properly",0aa2b35dc999698ceaedb52602be7388,2026-09-24T11:49:38+00:00,2026-09-24T13:08:51.396398+00:00,958,crypto_global_watch_1
1593365,31372,"🚀 LONG: $NIL/USDT
LEVERAGE: 50x

✔️ENTRY PRICE: 0....1340-0.1400-0.1500

STOP LOSS:  0.1235

REACTIONS?",a1165db0513db3d99e488025edf886b3,2026-09-24T11:07:00+00:00,2026-09-24T13:08:51.395737+00:00,958,crypto_global_watch_1
1597171,31422,"#BB/USDT

📈Signal: long Leverage: Cross 20X

⚡️Ent...even after TP1 is hit.

📣Trade Smart • Follow Risk",055899b8b8b66f668163cd8730617e26,2026-09-24T15:07:02+00:00,2026-09-24T15:09:29.606624+00:00,958,crypto_global_watch_1
1597170,31421,"📈 LONG #ONDO/USDT 

🚀 LEVERAGE : 75x

📊 ENTRY PRIC...9

TP🟢0.525

TP🟢0.550

STOPLOSS 🔴0.470

REACTIONS?",545c9192cd0cef9539bb275a73e545df,2026-09-24T15:07:02+00:00,2026-09-24T15:09:29.572139+00:00,958,crypto_global_watch_1
1597168,31419,"↗️ LONG #BROCCOLi714 50x

📌 Entry: 0.03200

🎯 TP: ...t Usage: 1-3%
⚠️ According to your risk management",ee5836687c29b2af0c8e05064d6958d6,2026-09-24T14:17:23+00:00,2026-09-24T15:09:29.429990+00:00,958,crypto_global_watch_1
1597167,31418,"🌈PAIR:- LSK/USDT
⚡️ Direction : SHORT
🛠 Leverage: ...nt Usage:- 1 - 2%
(According To your Risk Setting)",6b25080930454b8b0be319e49d46673f,2026-09-24T14:16:57+00:00,2026-09-24T15:09:29.359965+00:00,958,crypto_global_watch_1
1597166,31417,"LSK/USDT 

SHORT SHORT SHORT 

OPEN MARKET PRICE 
...0.40500
TP 0.40200
TP 0.39900

SL 0.43500

LEV 16x",6c6b57ba5cda49d23289912c9c62a68b,2026-09-24T14:12:32+00:00,2026-09-24T15:09:29.352765+00:00,958,crypto_global_watch_1
1597165,31416,"🚨 #NEAR/USDT | LONG

⚡Leverage: Cross 20x

🎯Entry ... follow the signal and secure profits at targets.💎",79fc3ddcc46c73defe7dc175bf00fd23,2026-09-24T14:12:32+00:00,2026-09-24T15:09:29.339017+00:00,958,crypto_global_watch_1
1597164,31415,"🔘 Coin : #BTW/USDT 🔘

🔴 SHORT

🔺Entry🔻: 1.0236

⭐️...23 - 0.9621

♦️ StopLoss : 1.0598

🔱 Leverage: 25x",cada093e648cca783c876852154549c4,2026-09-24T14:10:42+00:00,2026-09-24T15:09:29.175787+00:00,958,crypto_global_watch_1
1597163,31414,"🔰 PAIR: GUN/ USDT 💹

🔴Position: SHORT🚀

☑️ Entry Z...0.00295
🥈 0.00292
🥉 0.00286

❌ Stop Loss: 🔴0.00307",1c661f341a5032b6edfe31f815092a43,2026-09-24T14:10:42+00:00,2026-09-24T15:09:29.175071+00:00,958,crypto_global_watch_1
1597162,31413,"📊 Let’s SHORT #FOGO/USDT

💥 Leverage:  Cross 20×  ...260
2) 0.005940
3) 0.005750

🔖 Stop Loss: 0.006650",3ab335fff9f7fa81f1a4c352df80d938,2026-09-24T14:10:42+00:00,2026-09-24T15:09:29.108046+00:00,958,crypto_global_watch_1
1597161,31412,"🚨 #BR/USDT | LONG

⚡Leverage: Cross 20x

🎯Entry Ta... follow the signal and secure profits at targets.💎",10eb3f1a848b21f3dea7a824921ee67c,2026-09-24T14:10:42+00:00,2026-09-24T15:09:29.093920+00:00,958,crypto_global_watch_1
1597160,31411,"Pair: #BROCCOLI/USDT

Short • (25X)

Entry
0.03084...t your own risk. Always use proper risk management",c5ef74e20826e1ca24f6ff24587e68a5,2026-09-24T14:07:40+00:00,2026-09-24T15:09:29.090250+00:00,958,crypto_global_watch_1
1597159,31410,"TAKE/USDT BUY (SHORT) 

⚡️Leverage : Cross 20x to ...06900

⚠️Use only 3% - 5% amount of your portfolio",6ed2c677a5b42a1a7b414322b174cc06,2026-09-24T14:07:40+00:00,2026-09-24T15:09:28.921517+00:00,958,crypto_global_watch_1
1597158,31409,"✅Entry  -0.4100-0.4050

(🆘LONG LSKUSDT 5-20x🆘)

🏹 ...5  $0.4305
🏹Target 6  $0.4360

🚫Stop loss -0.38696",6d1abfbe163684c11c1c3d46bcca4803,2026-09-24T14:07:40+00:00,2026-09-24T15:09:28.908136+00:00,958,crypto_global_watch_1
1597157,31408,LONG LSK 0.41072,3163f1a3fb4e5ff86d8b6d6f06e2c6fc,2026-09-24T14:07:40+00:00,2026-09-24T15:09:28.824605+00:00,958,crypto_global_watch_1
1597156,31407,"💰#ONE / USDT👑

💎Setup Type: Strong SHORT  🔖Opportu....0018000

4️⃣TP ➝ 0.0014000

🚫Stop Loss: 0.0028500",d993cba29d18fad944d52905172f90ad,2026-09-24T14:07:40+00:00,2026-09-24T15:09:28.808353+00:00,958,crypto_global_watch_1
1597155,31406,"🪙#NIL/USDT

🚩POSITION — SHORT

🔒  LEVERAGE — 20X75...0.10400
TP🥉: 0.10000

⛔️ SL: 0.12000

🔥REACTIONS?😜",f52770c029639d99a2d532045f13f44d,2026-09-24T14:07:40+00:00,2026-09-24T15:09:28.801842+00:00,958,crypto_global_watch_1
1597154,31405,"#NIL/USDT SHORT NOW 📉
🏠ENTRY: ( 0.10923 )",4c42954678fce06be6ff5d8d4c11f948,2026-09-24T14:07:40+00:00,2026-09-24T15:09:28.675211+00:00,958,crypto_global_watch_1
1597153,31402,"#NIL  USDT — SELL (SHORT) 
🎉
🟢 Leverage: Cross  30...️Stop Loss: 0.13500

🔽 Risk Management:

 REACTION",83ff250514999a9a8c71365623cbc8a4,2026-09-24T14:07:40+00:00,2026-09-24T15:09:28.662507+00:00,958,crypto_global_watch_1
1597152,31404,"📈 LONG #LSK/USDT 

🚀 LEVERAGE : 50x

📊 ENTRY PRICE...

TP🟢0.440

TP🟢0.470

STOPLOSS 🔴0.385


REACTIONS?",564a4a9b5a9616716e73358e34ae59ff,2026-09-24T14:07:40+00:00,2026-09-24T15:09:28.658187+00:00,958,crypto_global_watch_1
1597151,31403,"BTC/USD SELL 

Entry : $ 85764

Target1: $  84320
Target2: $  81986
Target3: $  79837


SL : $ 88240",9a2cbbbaa4c84ce3bc4721fd1ccac74c,2026-09-24T14:07:40+00:00,2026-09-24T15:09:28.654207+00:00,958,crypto_global_watch_1
1597149,31400,"🚀 SHORT: $ONE/USDT
LEVERAGE: 50x

✔️ENTRY PRICE: 0...025600-0.002000

STOP LOSS:  0.002570


REACTIONS?",d1b94ab8d2588f465b1a61dfe09790b2,2026-09-24T14:07:40+00:00,2026-09-24T15:09:28.430338+00:00,958,crypto_global_watch_1
1597148,31399,"#LONG 🟢🔤🔤🔤🔤🔤

#ETH/USDT

Margin Mode : Isolated 💎
...2802

🟥 SL : 2605- 100%   

📊 LEV : 30X

🇯🇵Premium",a3b1e922cb024cfeaa03be36f58eec30,2026-09-24T14:07:40+00:00,2026-09-24T15:09:28.409412+00:00,958,crypto_global_watch_1
1597147,31397,"👑My Coin: $LSK/USDT
👀Looking for SHORT

🌟0.40243 W...️I Will Set: 0.41694
°°°°°°°°°°°°°° As my stoploss",0cc4b409569aa472405955e578f95e2b,2026-09-24T14:07:40+00:00,2026-09-24T15:09:28.407663+00:00,958,crypto_global_watch_1
1597146,31398,"🚀 SHORT: $LSK/USDT
LEVERAGE: 50x

✔️ENTRY PRICE: 0...890-0.3700-0.3300

STOP LOSS:  0.4180


REACTIONS?",9b3afcc497996c593d3bf6469bac2862,2026-09-24T14:07:40+00:00,2026-09-24T15:09:28.404129+00:00,958,crypto_global_watch_1
1597145,31396,"🚀 #INITUSDT LONG SIGNAL 🚀
⚡️ LEVERAGE 50X–75X

📌 E...tch this move together!
🔓 Trade Smart • Trade Safe",a11eb235e7152f3a6fe1e4e1053eacbc,2026-09-24T14:07:40+00:00,2026-09-24T15:09:28.403269+00:00,958,crypto_global_watch_1
1600063,31460,"🔴SHORT  #BTCUSDT

🔶 Entry : 84500 - 84600

➡️ Leve...ake Profit Targets :

👉 83800

🛑 Stop Loss : 85400",a7c50b9d06f2f3907dc3731f743fe904,2026-09-24T16:27:10+00:00,2026-09-24T17:08:42.666932+00:00,958,crypto_global_watch_1
1600062,31459,"🪙#PLAY/USDT

🚩POSITION — SHORT

🔒  LEVERAGE — 20X7...0.03120
TP🥉: 0.03800

⛔️ SL: 0.03000

🔥REACTIONS?😜",a1ada2f9c3ddb3d1303d2d13892b574c,2026-09-24T16:27:10+00:00,2026-09-24T17:08:42.623821+00:00,958,crypto_global_watch_1
1600061,31458,"#PLAY/USDT SHORT NOW 📉
🏠ENTRY: ( 0.03577 )",1a86145fd5517ce893d47758694f8c3b,2026-09-24T16:27:10+00:00,2026-09-24T17:08:42.530210+00:00,958,crypto_global_watch_1
1600060,31457,"#NIL/ USDT — BUY (SHORT) 
Leverage: Cross 25x – 50...T IS KEY
👉 Use ONLY 2 – 3% of your total portfolio",381ca2976ba0612c0a9797c3373f8aa9,2026-09-24T16:27:10+00:00,2026-09-24T17:08:42.475189+00:00,958,crypto_global_watch_1
1600059,31456,"💰#BTW  / USDT👑

💎Setup Type: Strong LONG 🔖Opportun...

🥉TP ➝ 1.3500

4️⃣TP ➝ 1.5000

🚫Stop Loss: 0.8800",66440a76363bbe9244958361c4f72931,2026-09-24T16:27:10+00:00,2026-09-24T17:08:42.466099+00:00,958,crypto_global_watch_1
1600052,31447,"BROCCOLI/ USDT/ LONG
Entry at market price 

Cross...only 1% of your wallet. 
Manage your risk properly",0aa2b35dc999698ceaedb52602be7388,2026-09-24T15:49:46+00:00,2026-09-24T17:08:42.114567+00:00,958,crypto_global_watch_1
1600051,31446,"Use only 2% Funds

#SUI/USDT (SHORT)

Entry 1 = 0....Profit
T.P 3 = 1000% Profit 

🔴Stop loss at 1.0400",db710f34d3c88b77fa68684f3b27021d,2026-09-24T15:49:46+00:00,2026-09-24T17:08:42.071945+00:00,958,crypto_global_watch_1
1600050,31445,"ETH / USDT/ LONG
Entry at market price 

Cross || ...only 1% of your wallet. 
Manage your risk properly",8cac514bcef347b3484bf8d0c52c3761,2026-09-24T15:49:46+00:00,2026-09-24T17:08:42.014913+00:00,958,crypto_global_watch_1
1600030,31423,"🚀 #FOLKSUSDT LONG SIGNAL 🚀
⚡️ LEVERAGE 50X–75X

📌 ...tch this move together!
🔓 Trade Smart • Trade Safe",dc6f257a2da0800c98b95d4111152e84,2026-09-24T15:32:04+00:00,2026-09-24T17:08:41.146995+00:00,958,crypto_global_watch_1
1603522,31464,"🌹 #NOM/USDT

🔴SHORT

✅ Entry: 0.00223- 0.00228

❌ ...l advice.
💰 Stay disciplined. Protect your capital",18688cdb61518568f96fb9104ac4dc7d,2026-09-24T19:01:58+00:00,2026-09-24T19:09:46.309007+00:00,958,crypto_global_watch_1
1603524,31462,"#ETH

ETH is forming a consolidation below the res...61
🚀 Targets: 2634 / 2576 / 2478
📉 Stop Loss: 2751",bcba26315133d72f6c48d89eb58b392e,2026-09-24T18:36:54+00:00,2026-09-24T19:09:46.316803+00:00,958,crypto_global_watch_1
1605219,31477,"📉 SHORT #LSK 50x

📌 Entry: 0.43400

🎯 TP: 0.42200
...t Usage: 1-3%
⚠️ According to your risk management",511898d7172d9c9e2607c0e424179490,2026-09-24T20:15:56+00:00,2026-09-24T21:03:36.993051+00:00,958,crypto_global_watch_1
1605217,31465,"↗️ LONG #LSK 50x

📌 Entry: 0.43200

🎯 TP: 0.44200
...t Usage: 1-3%
⚠️ According to your risk management",029955faab27e677e672e9ace672c291,2026-09-24T20:13:51+00:00,2026-09-24T21:03:36.978861+00:00,958,crypto_global_watch_1
1616248,31551,"⭐️#XAI/USDT  LONG 

🛡Leverage : Cross 25x50

‼️Ent...008488

Use only 3% - 5% amount of your portfolio🛍",bcab55e21ce2c99c966f1e9f0062194e,2026-09-25T07:12:42+00:00,2026-09-25T07:22:32.065148+00:00,958,crypto_global_watch_1
1616247,31552,"📈 LONG #QNT/USDT 

🚀 LEVERAGE : 75x

📊 ENTRY PRICE....6

TP🟢109.0

TP🟢114.0

STOPLOSS 🔴98.0

REACTIONS?",f9cf90989c21486ae00c349c982f40c0,2026-09-25T07:12:42+00:00,2026-09-25T07:22:32.063753+00:00,958,crypto_global_watch_1
1616245,31549,"#QNT/USDT LONG   

👉Leverage : Cross 10× To 30×

E...e Profit

1)  105
2)  110
3)  118

⭕Stop Loss : 95",80945cff92e5ffbfd4503a8d39b977e0,2026-09-25T07:12:42+00:00,2026-09-25T07:22:31.933467+00:00,958,crypto_global_watch_1
1616244,31548,"🚨 #LSK/USDT | SHORT

⚡Leverage: Cross 20x

🎯Entry ... follow the signal and secure profits at targets.💎",14a255362156ceffe7fce14b680986e8,2026-09-25T07:12:42+00:00,2026-09-25T07:22:31.782094+00:00,958,crypto_global_watch_1
1616243,31547,"🚨 #SUPER/USDT | SHORT

⚡Leverage: Cross 20X

🎯Entr... follow the signal and secure profits at targets.💎",08247b5560d5c301835738e18ebf6d24,2026-09-25T07:12:42+00:00,2026-09-25T07:22:31.780955+00:00,958,crypto_global_watch_1
1616242,31546,"📈 QNT/USDT 📈

🟢 LONG SETUP

💰 Entry Zone: 102.00–9...et 1. 
✅ Move SL to breakeven after Target 1 hits.",a67e7ab95df3ae53a0e1c12be722ab68,2026-09-25T07:12:42+00:00,2026-09-25T07:22:31.766256+00:00,958,crypto_global_watch_1
1616241,31545,"🚨 #PHA/USDT | LONG

⚡Leverage: Cross 20x

🎯Entry T... follow the signal and secure profits at targets.💎",f9ef3ad5618289f8c1f3fad576bb55c5,2026-09-25T07:12:42+00:00,2026-09-25T07:22:31.689975+00:00,958,crypto_global_watch_1
1616234,31536,"🔺 $SAGA/USDT — LONG | 10–50x

🎯 ENTRY: 0.0337 → 0....: 0.0307

⚠️ RISK MANAGEMENT: Manage risk smartly.",8cd606f7a246a131d0eb57bbee412c27,2026-09-25T06:50:15+00:00,2026-09-25T07:22:31.176040+00:00,958,crypto_global_watch_1
1616232,31535,"📊#ONDO/USDT — LONG

⚡️ Leverage : 10X – 30X

💹Entr...Entry After TP1

⚖️ Follow Proper Risk Management.",94a772121a77c03cbbac1c8715fcd333,2026-09-25T06:45:08+00:00,2026-09-25T07:22:31.137856+00:00,958,crypto_global_watch_1
1616231,31533,"✅ Long

Pair: #TRX/USDT

📊 Entry Price: 

1) 0.338...
4) 0.36143

Stop Loss: 0.31697

Leverage: 10x-20x",fd820493b29ba1bd97e588fa548dce98,2026-09-25T06:45:08+00:00,2026-09-25T07:22:31.085849+00:00,958,crypto_global_watch_1
1616230,31534,"EDUUSDTUSDT  
Exchanges: BINGX 

🟢 Long
Leverage- ....05314000
6) 0.05372000
7) 🚀🚀🚀 

⛔️ SL:
0.04775000",e72aee4d638f0a4a2b57c5dec2e64800,2026-09-25T06:45:08+00:00,2026-09-25T07:22:31.084374+00:00,958,crypto_global_watch_1
1616229,31531,"⚡️⚡️ #ALLO/USDT ⚡️⚡️
Exchanges: Bingx 
Signal Type...
5) 0.30491
6) 0.30922
7) 🚀🚀🚀

Stop Targets:
5-10%",d64f225e4f91e1180fcc3e084914cf9b,2026-09-25T06:45:08+00:00,2026-09-25T07:22:30.853483+00:00,958,crypto_global_watch_1
1616228,31532,"⚡️⚡️ #CATI/USDT ⚡️⚡️
Exchanges: Bingx 
Signal Type...
5) 0.06493
6) 0.06584
7) 🚀🚀🚀

Stop Targets:
5-10%",8e2f04b42c8482bbf3f727da51b179be,2026-09-25T06:45:08+00:00,2026-09-25T07:22:30.847286+00:00,958,crypto_global_watch_1
1616227,31529,"⚡️⚡️ #USELESS/USDT ⚡️⚡️
Exchanges: Bingx 
Signal T...
5) 0.30112
6) 0.30539
7) 🚀🚀🚀

Stop Targets:
5-10%",ec269bfd34d9030ac9e61b657c858c8c,2026-09-25T06:45:08+00:00,2026-09-25T07:22:30.840012+00:00,958,crypto_global_watch_1
1616226,31530,"⚡️⚡️ #BOME/USDT ⚡️⚡️
Exchanges: Bingx 
Signal Type...
5) 0.00109
6) 0.00111
7) 🚀🚀🚀

Stop Targets:
5-10%",bdaa1313c5c6e6b47b76b014392db10d,2026-09-25T06:45:08+00:00,2026-09-25T07:22:30.823572+00:00,958,crypto_global_watch_1
1616224,31527,"SOLUSDTUSDT  
Exchanges: BINGX 

🟢 Short
Leverage-... 112.74
5) 109.22
6) 106.87
7) 🚀🚀🚀 

⛔️ SL:
124.49",2bcfe9ebb049b87d6247e78e7595e423,2026-09-25T06:45:08+00:00,2026-09-25T07:22:30.537594+00:00,958,crypto_global_watch_1
1616222,31525,"🚀 $MANA/USDT PERP 🚀

🟢 LONG

💰 Entry : 0.0895$ – 0...5X – 25X

⛔️ SL : 0.0810$

📌 Use Only 2-5% Capital",81e962c599468817c66894eab1244396,2026-09-25T06:45:08+00:00,2026-09-25T07:22:30.487050+00:00,958,crypto_global_watch_1
1616220,31523,"#POL - LONG 50X

Entry  0.1084
DCA 0.096

Targets 200% -300%-500% +++

SL= 0.08

Using 1% wallet",065eb39b752a5833e9950a5856625ff9,2026-09-25T06:45:08+00:00,2026-09-25T07:22:30.375445+00:00,958,crypto_global_watch_1
1616219,31519,"📊 ACE/USDT — LONG

📍 ENTRY: 0.19550

🎯 TARGET 1: 0...Manage your risk & trade responsibly.

🔥 LET’S GO!",bb4f1585058c3c9e759db04a5547bb7c,2026-09-25T06:45:08+00:00,2026-09-25T07:22:30.216498+00:00,958,crypto_global_watch_1
1616218,31521,"🐳 QNT/USDT #LONG🐳

✳️ ENTRY :- 93.50 - 90.00

💢 LE... 107.00

⛔️ STOP-LOSS :- 86.00

☝️ Margin Use 2–3%",28fea562b59fff6cfc1e709378839814,2026-09-25T06:45:08+00:00,2026-09-25T07:22:30.213145+00:00,958,crypto_global_watch_1
1616217,31520,"🚀 #BEATUSDT LONG SIGNAL 🚀

⚡️ LEVERAGE 50X–75X
📌 E...h this move together!

🔓 Trade Smart • Trade Safe.",2136e472c8e770a9c72845fbf045361d,2026-09-25T06:45:08+00:00,2026-09-25T07:22:30.209440+00:00,958,crypto_global_watch_1
1616215,31522,"🔰 FET/USDT 🔰

🔴 SHORT 20X

🔳 ENTRY :- 0.2230

☑️ TARGET:- 0.2180 - 0.2100 - 0.2000

🔴 STOP :- 0.2340",0dcde56b7d47092154dd061241484cb9,2026-09-25T06:45:08+00:00,2026-09-25T07:22:30.196857+00:00,958,crypto_global_watch_1
1616216,31518,"💵 𝐒𝐈𝐆𝐍𝐀𝐋 𝐀𝐋𝐄𝐑𝐓 💵

#MARSCOIN/USDT (25xSHORT)

✅ ENT...TARGETS:- 0.10660/0.098/0.094

❌ STOP LOSS: 0.1270",de54527e4a973bfdf85793d0b36e1bef,2026-09-25T06:45:07+00:00,2026-09-25T07:22:30.198013+00:00,958,crypto_global_watch_1
1616214,31517,"⚡️$FET/USDT⚡️

SHORT
Leverage: 20X

Entry: 0.2230
...get:

1)0.2180
2)0.2100
3)0.2000

Stoploss: 0.2340",ed176f6c0b4aceee23533487b89e4203,2026-09-25T06:45:07+00:00,2026-09-25T07:22:29.948529+00:00,958,crypto_global_watch_1
1616213,31516,"Coin #SAGA/USDT

Position: LONG 

Leverage:  Cross...rgets: 🎯 0.0357, 0.0389, 0.0425

Stop Loss: 0.0307",f046d85b7187511dda8449435fb116bb,2026-09-25T06:45:07+00:00,2026-09-25T07:22:29.855362+00:00,958,crypto_global_watch_1
1616212,31515,"Coin #H/USDT

Position: LONG 

Leverage:  Cross 10...rgets: 🎯 0.0680, 0.0715, 0.0760

Stop Loss: 0.0620",b33a7815bc479437be81f374474d4a5e,2026-09-25T06:45:07+00:00,2026-09-25T07:22:29.840287+00:00,958,crypto_global_watch_1
1616211,31513,"🪙 Coin: #CROSS/USDT
🧭 Type: #LONG

📈 Entry Zone:
0... within the zone and maintain strict risk control.",ea8ba5b350880dd75e26155397e56eba,2026-09-25T06:45:07+00:00,2026-09-25T07:22:29.827214+00:00,958,crypto_global_watch_1
1616210,31514,"🪙 Coin: #PHA/USDT
🧭 Type: #LONG

📈 Entry Zone:
0.0... within the zone and maintain strict risk control.",aa5d33595f5cc794dd7f11c9c3dc1d97,2026-09-25T06:45:07+00:00,2026-09-25T07:22:29.825815+00:00,958,crypto_global_watch_1
1616208,31510,"#LONG 🟢🔤🔤🔤🔤🔤

#ONDO/USDT

Margin Mode : Isolated 💎...0

🟥 SL : 0.5088 - 100%   

📊 LEV : 20X

🇯🇵Premium",e64236e252f71d77f47f1902c89f54ad,2026-09-25T06:45:07+00:00,2026-09-25T07:22:29.573789+00:00,958,crypto_global_watch_1
1616207,31511,"⚡ #ARK/USDT

📥 Short 

💹 Buy: 0.1853 - 0.1900

🧿 T...768 - 0.1750

🧨 StopLoss: 0.1940 

🔘 Leverage: 20x",b41dd609f9c59dddfb96975a73905e78,2026-09-25T06:45:07+00:00,2026-09-25T07:22:29.561083+00:00,958,crypto_global_watch_1
1616206,31509,"$AVA - LONG ( Swing trade ) 🟢

Entry : Market Pric...ways keep the size under control and stay relaxed.",720f34de7f9823fb93e58f49a1e0e0d1,2026-09-25T06:45:07+00:00,2026-09-25T07:22:29.554552+00:00,958,crypto_global_watch_1
1616205,31508,"📊#PHA/USDT–LONG–10x - 30x 🚀

📍 𝐄𝐧𝐭𝐫𝐲 𝐙𝐨𝐧𝐞:

➥ 0.05...tal.

⚠️ Disclaimer:
Trade at your own risk. DYOR.",f40560d1bc891fe5bcd262a38d4a5f17,2026-09-25T06:45:07+00:00,2026-09-25T07:22:29.447303+00:00,958,crypto_global_watch_1
1616204,31507,"👑 #BILL/USDT — TRADE LONG

LEVERAGE 25X TO 50X

✅ ...

⛔️ STOP LOSS: 0.01300

⚡️ NO FEAR — JUST PROFITS",d3b9b8954d72689f6062768ef624b53c,2026-09-25T06:45:07+00:00,2026-09-25T07:22:29.427074+00:00,958,crypto_global_watch_1
1616203,31506,"🌈PAIR:- #XPL /USDT
⚡️ Direction : LONG
🛠 Leverage:...nt Usage:- 1 - 2%
(According To your Risk Setting)",8ae5cdf51b424ef20a6f84e33892ee5d,2026-09-25T06:45:07+00:00,2026-09-25T07:22:29.284502+00:00,958,crypto_global_watch_1
1616202,31505,"$FET/USDT #LONG📩

✅ENTRY :-0.2230/0.2150

Target 1...𝐎𝐧𝐥𝐲 𝟏-𝟑% 𝐎𝐟 𝐎𝐮𝐫 𝐃𝐞𝐩𝐨𝐬𝐢𝐭 𝐅𝐨𝐫 𝐄𝐚𝐜𝐡 𝐓𝐫𝐚𝐝𝐞

React,??m",8719696ef9d45471450a543e079fad78,2026-09-25T06:45:07+00:00,2026-09-25T07:22:29.273418+00:00,958,crypto_global_watch_1
1616201,31504,"📍Coin : #XPL/USDT

🟢 LONG 

👉 Entry: 0.1177 - 0.11...t 5: 0.1235
🎯 Target 6: 0.1248

❌ StopLoss: 0.1130",56de69642c84a1a2407a3771140b45c5,2026-09-25T06:45:07+00:00,2026-09-25T07:22:29.170975+00:00,958,crypto_global_watch_1
1616200,31502,"#SAGA/USDT LONG   

👉Leverage : Cross 10× To 30×

...
1)  0.036
2)  0.039
3)  0.045

⭕Stop Loss : 0.031",13ba640dafbe9e6786c1d46df7cda596,2026-09-25T06:45:07+00:00,2026-09-25T07:22:29.149149+00:00,958,crypto_global_watch_1
1616198,31501,"FET/USDT 

Position: LONG

Leverage: 10X To 25X 

...
Targets:  : 0.228 - 0.24 - 0.26

Stop Loss: 0.208",da73ffc19544fc728bd242a7e6087f7e,2026-09-25T06:45:07+00:00,2026-09-25T07:22:28.899982+00:00,958,crypto_global_watch_1
1616194,31497,"🟢 Long

#COMP/USDT

Entry : 

1) 23.55
2) 22.84

T...) 25.16

🛑 Stop : 22.06

Leverage : 10x (isolated)",268c0e929f32a591df8062e0629b0136,2026-09-25T05:22:33+00:00,2026-09-25T07:22:28.854471+00:00,958,crypto_global_watch_1
1621750,31568,"🚀 #NEARUSDT LONG SIGNAL 🚀

⚡️ LEVERAGE 50X–75X
📌 E...h this move together!

🔓 Trade Smart • Trade Safe.",8d2537e2cd7bd1514ba196d93793bab7,2026-09-25T09:25:17+00:00,2026-09-25T09:27:40.404879+00:00,958,crypto_global_watch_1
1621749,31567,"🔰 PAIR: CRV/ USDT 💹

🟢Position: LONG🚀

☑️ Entry Zo...:
🥇 0.3486
🥈 0.3513
🥉 0.3571

❌ Stop Loss: 🔴0.3385",6b58d11a4db4ee95e585ad869d60618c,2026-09-25T09:25:17+00:00,2026-09-25T09:27:40.318060+00:00,958,crypto_global_watch_1
1621747,31564,🟢SOL/USDT LONG NOW,7ff52273b6f78091a181577af78c35a9,2026-09-25T08:39:51+00:00,2026-09-25T09:27:40.282614+00:00,958,crypto_global_watch_1
1621746,31565,"SOL/USDT My Long Trade Idea 💡

Leverage 100X

Entr....500

Stop Loss   116.700

Follow Money Management",db3f81acfdbee9f43af438ea856d1ce8,2026-09-25T08:39:51+00:00,2026-09-25T09:27:40.280371+00:00,958,crypto_global_watch_1
1621745,31563,"#LSK   USDT — SELL (SHORT) 
🎉
🟢 Leverage: Cross  3...️Stop Loss: 0.41000

🔽 Risk Management:

 REACTION",c0be28c840eb25ba0f674043961446bd,2026-09-25T08:39:51+00:00,2026-09-25T09:27:40.159153+00:00,958,crypto_global_watch_1
1621742,31560,"⭐ QNT /USDT — LONG

💵 ENTRY:101.40-98.00

⚙️ LEVER...o

📌 Follow the setup and manage your risk wisely.",823ad107bd9e90c65fe8c8e4388e3786,2026-09-25T07:59:45+00:00,2026-09-25T09:27:40.070084+00:00,958,crypto_global_watch_1
1621741,31559,"🪙#FLOCK/USDT

🚩POSITION — SHORT

🔒  LEVERAGE — 20X...0.06680
TP🥉: 0.06300

⛔️ SL: 0.07500

🔥REACTIONS?😜",88d727b30a7eda6dc0991bae99451f44,2026-09-25T07:59:44+00:00,2026-09-25T09:27:40.062179+00:00,958,crypto_global_watch_1
1621740,31558,"#FLOCK/USDT SHORT NOW 📉
🏠ENTRY: ( 0.07043 )",91242377b1beec90c8b2095ce203aeac,2026-09-25T07:59:44+00:00,2026-09-25T09:27:39.907816+00:00,958,crypto_global_watch_1
1621737,31557,"📉 SHORT #XPL/USDT 

🚀 LEVERAGE : 75x

📊 ENTRY PRIC...2

TP🟢0.109

TP🟢0.104

STOPLOSS 🔴0.121

REACTIONS?",107b0041310480fb3dad35e858713aeb,2026-09-25T07:58:49+00:00,2026-09-25T09:27:39.732867+00:00,958,crypto_global_watch_1
1621739,31556,"#AKE/USDT
🔴 Direction: SHORT 📉
🎯 Entry Zone: 0.034... management. High leverage can cause rapid losses.",969ed7eee5321fcc6a4063c6b4564212,2026-09-25T07:47:36+00:00,2026-09-25T09:27:39.740484+00:00,958,crypto_global_watch_1
1621738,31555,"⭐ PHA /USDT — LONG

💵 ENTRY:0.5700-0.5400

⚙️ LEVE...o

📌 Follow the setup and manage your risk wisely.",85498ce7de314c890ec404ae70d41527,2026-09-25T07:47:36+00:00,2026-09-25T09:27:39.733529+00:00,958,crypto_global_watch_1
1621736,31554,"⭐ XAI /USDT — LONG

💵 ENTRY:0.09030-0.08570

⚙️ LE...o

📌 Follow the setup and manage your risk wisely.",ea0cb50d9d3ed0b80f815b170be10622,2026-09-25T07:47:36+00:00,2026-09-25T09:27:39.730157+00:00,958,crypto_global_watch_1
1621735,31553,"📊 Let’s LONG #PHA/USDT

💥 Leverage:  Cross 20×  - ...1) 0.0571
2) 0.0591
3) 0.0611

🔖 Stop Loss: 0.0523",387aeade61d6fcc501fe59d91e1f4477,2026-09-25T07:27:34+00:00,2026-09-25T09:27:39.705673+00:00,958,crypto_global_watch_1
1625080,31632,"🔺 $JTO/USDT — LONG | 25–50x

🎯 ENTRY: 0.5516

🚀 TP... RISK MANAGEMENT: Use only 3–5% of your portfolio.",c1bfcbe7fd0881561b05868e8b5a5068,2026-09-25T11:19:17+00:00,2026-09-25T11:26:30.616497+00:00,958,crypto_global_watch_1
1625079,31630,"🔺 $ARK/USDT — LONG | 25–50x

🎯 ENTRY: 0.2356

🚀 TP... RISK MANAGEMENT: Use only 3–5% of your portfolio.",7255b751fab27e029afb0369fdadfff4,2026-09-25T11:19:17+00:00,2026-09-25T11:26:30.612582+00:00,958,crypto_global_watch_1
1625077,31628,"🔺 $CHIP/USDT — LONG | 25–50x

🎯 ENTRY: 0.04917

🚀 ... RISK MANAGEMENT: Use only 3–5% of your portfolio.",eb6b37fd034df73d1e21da5656a68d3f,2026-09-25T11:19:17+00:00,2026-09-25T11:26:30.604564+00:00,958,crypto_global_watch_1
1625076,31627,"🔻 $HYPE/USDT — SHORT | 20x

🎯 ENTRY: 94.20

🚀 TP: ...L: 98.00

⚠️ RISK MANAGEMENT: Manage risk smartly.",836beddec14c6aa4f48cf9ed071f8024,2026-09-25T11:19:17+00:00,2026-09-25T11:26:30.369375+00:00,958,crypto_global_watch_1
1625075,31626,CHIPUSDT LONG NOW,f0a2bda5fbe45686a11e6e5841855088,2026-09-25T11:19:17+00:00,2026-09-25T11:26:30.362033+00:00,958,crypto_global_watch_1
1625072,31625,"⭐️#ARK/USDT  LONG 

🛡Leverage : Cross 25x50

‼️Ent...0.2206

Use only 3% - 5% amount of your portfolio🛍",bc7bcf33a9b20bb07d7f75ed82a3af15,2026-09-25T11:18:07+00:00,2026-09-25T11:26:30.346691+00:00,958,crypto_global_watch_1
1625074,31623,"🚨 #CRYPTO_PUMPS SIGNAL 🚨

↗️ LONG #ETH 200x

📌 Ent...t Usage: 1-3%
⚠️ According to your risk management",2dc90eb9c8f0329ef2d0318d3147520b,2026-09-25T11:17:21+00:00,2026-09-25T11:26:30.347460+00:00,958,crypto_global_watch_1
1625071,31622,"💫 Pair: UNI/USDT  💫

🔼 Direction: Long 🔼

✅ Levera...📈 Take Profit: 10.05 📈

⚠️ Stop Loss: 8.700 ⚠️

📈📈",cd8bf2eaefad93c1103354ef3c4ccd88,2026-09-25T11:17:12+00:00,2026-09-25T11:26:30.154789+00:00,958,crypto_global_watch_1
1625069,31618,"↗️ LONG #SAGA 50x

📌 Entry: 0.3930

🎯 TP1: 0.4050
...t Usage: 1-3%
⚠️ According to your risk management",e1c77d2ed249c3510774c3d8fc61db7f,2026-09-25T10:52:35+00:00,2026-09-25T11:26:30.109123+00:00,958,crypto_global_watch_1
1625067,31617,"#XAI/ USDT — BUY (SHORT) 
Leverage: Cross 25x – 50...T IS KEY
👉 Use ONLY 2 – 3% of your total portfolio",04d954934104af0367bd6641bba9edb2,2026-09-25T10:52:35+00:00,2026-09-25T11:26:30.099487+00:00,958,crypto_global_watch_1
1625065,31615,"Use only 2% Funds

#ADA/USDT (SHORT)

Entry 1 = 0....Profit
T.P 3 = 1000% Profit 

🔴Stop loss at 0.2720",17e8387261484c36f828ea138d4cd0d1,2026-09-25T10:52:35+00:00,2026-09-25T11:26:29.825251+00:00,958,crypto_global_watch_1
1625064,31614,"🔴 Short

Pair: #LINK/USDT

📊 Entry Price: 

1) 14....06
4) 13.109

Stop Loss: 14.971

Leverage: 10x-20x",027d53297bbd95cfe983861a801588ae,2026-09-25T10:52:35+00:00,2026-09-25T11:26:29.793031+00:00,958,crypto_global_watch_1
1625063,31613,"#TAKE/USDT SHORT   

👉Leverage : Cross 10× To 30×
... 0.0576
2)  0.0554
3)  0.0518

⭕Stop Loss : 0.0628",db7b89dddf49fc2fbdcb11bcec631c6e,2026-09-25T10:52:35+00:00,2026-09-25T11:26:29.776034+00:00,958,crypto_global_watch_1
1625061,31611,"#XAI/ USDT — BUY (SHORT) 
Leverage: Cross 25x – 50...T IS KEY
👉 Use ONLY 2 – 3% of your total portfolio",04d954934104af0367bd6641bba9edb2,2026-09-25T10:49:46+00:00,2026-09-25T11:26:29.610954+00:00,958,crypto_global_watch_1
1625059,31609,"Use only 2% Funds

#ADA/USDT (SHORT)

Entry 1 = 0....Profit
T.P 3 = 1000% Profit 

🔴Stop loss at 0.2720",17e8387261484c36f828ea138d4cd0d1,2026-09-25T10:49:46+00:00,2026-09-25T11:26:29.563486+00:00,958,crypto_global_watch_1
1625058,31608,"🔴 Short

Pair: #LINK/USDT

📊 Entry Price: 

1) 14....06
4) 13.109

Stop Loss: 14.971

Leverage: 10x-20x",027d53297bbd95cfe983861a801588ae,2026-09-25T10:49:46+00:00,2026-09-25T11:26:29.537121+00:00,958,crypto_global_watch_1
1625057,31607,"#TAKE/USDT SHORT   

👉Leverage : Cross 10× To 30×
... 0.0576
2)  0.0554
3)  0.0518

⭕Stop Loss : 0.0628",db7b89dddf49fc2fbdcb11bcec631c6e,2026-09-25T10:49:46+00:00,2026-09-25T11:26:29.424036+00:00,958,crypto_global_watch_1
1625053,31603,"👑 #TAKE/USDT — TRADE SHORT

LEVERAGE 25X TO 50X

✅...

⛔️ STOP LOSS: 0.06280

⚡️ NO FEAR — JUST PROFITS",0d29b9d74357cb708d78682a2d6f491e,2026-09-25T10:49:46+00:00,2026-09-25T11:26:29.189764+00:00,958,crypto_global_watch_1
1625052,31602,"💰#PHA  / USDT👑

💎Setup Type: Strong LONG 🔖Opportun...TP ➝ 0.06850

4️⃣TP ➝ 0.08000

🚫Stop Loss: 0.05000",271c80791a22a920caa68efe59707068,2026-09-25T10:49:45+00:00,2026-09-25T11:26:29.153876+00:00,958,crypto_global_watch_1
1625050,31600,"💰#BTW  / USDT👑

💎Setup Type: Strong SHORT 🔖Opportu...

🥉TP ➝ 0.8800

4️⃣TP ➝ 0.7000

🚫Stop Loss: 1.2700",ae94ae06394df9711b562f5c497f8f0e,2026-09-25T10:49:45+00:00,2026-09-25T11:26:29.097933+00:00,958,crypto_global_watch_1
1625048,31598,"🚀 SHORT: $TAKE/USDT
LEVERAGE: 50x

✔️ENTRY PRICE: ...5-0.05550-0.05100

STOP LOSS:  0.06230

REACTIONS?",4dd3fc51cb8982b39e083ef3f8fed8d2,2026-09-25T10:49:45+00:00,2026-09-25T11:26:28.928524+00:00,958,crypto_global_watch_1
1625047,31597,"Long #ARK 50x 0.2280

Tp: 0.2330",179cd2a7191312cd47d4bd2c3e0ec1e5,2026-09-25T10:49:45+00:00,2026-09-25T11:26:28.898936+00:00,958,crypto_global_watch_1
1625046,31596,"🚀 #NEARUSDT LONG SIGNAL 🚀

⚡️ LEVERAGE 50X–75X
📌 E...h this move together!

🔓 Trade Smart • Trade Safe.",8d2537e2cd7bd1514ba196d93793bab7,2026-09-25T10:49:45+00:00,2026-09-25T11:26:28.849704+00:00,958,crypto_global_watch_1
1625045,31595,"🔰 PAIR: CRV/ USDT 💹

🟢Position: LONG🚀

☑️ Entry Zo...:
🥇 0.3486
🥈 0.3513
🥉 0.3571

❌ Stop Loss: 🔴0.3385",6b58d11a4db4ee95e585ad869d60618c,2026-09-25T10:49:45+00:00,2026-09-25T11:26:28.827284+00:00,958,crypto_global_watch_1
1625041,31588,"👑 #TAKE/USDT — TRADE SHORT

LEVERAGE 25X TO 50X

✅...

⛔️ STOP LOSS: 0.06280

⚡️ NO FEAR — JUST PROFITS",0d29b9d74357cb708d78682a2d6f491e,2026-09-25T09:56:08+00:00,2026-09-25T11:26:28.561590+00:00,958,crypto_global_watch_1
1625040,31587,"💰#PHA  / USDT👑

💎Setup Type: Strong LONG 🔖Opportun...TP ➝ 0.06850

4️⃣TP ➝ 0.08000

🚫Stop Loss: 0.05000",271c80791a22a920caa68efe59707068,2026-09-25T09:56:08+00:00,2026-09-25T11:26:28.535160+00:00,958,crypto_global_watch_1
1625037,31584,"🚀 SHORT: $TAKE/USDT
LEVERAGE: 50x

✔️ENTRY PRICE: ...5-0.05550-0.05100

STOP LOSS:  0.06230

REACTIONS?",4dd3fc51cb8982b39e083ef3f8fed8d2,2026-09-25T09:56:08+00:00,2026-09-25T11:26:28.405602+00:00,958,crypto_global_watch_1
1625034,31581,"🔺 $PHA/USDT — LONG | 30x

🎯 ENTRY: 0.05910 → 0.057... 0.05000

⚠️ RISK MANAGEMENT: Manage risk smartly.",7b333342c7d21c2233baca915d09a8bc,2026-09-25T09:34:27+00:00,2026-09-25T11:26:28.198215+00:00,958,crypto_global_watch_1
1625033,31580,"🔻 $BTW/USDT — SHORT | 30x

🎯 ENTRY: 1.0800 → 1.125...: 1.2700

⚠️ RISK MANAGEMENT: Manage risk smartly.",14c26391890a362be29fa4796bb05300,2026-09-25T09:34:27+00:00,2026-09-25T11:26:28.163279+00:00,958,crypto_global_watch_1
1625032,31579,"🔺 $DEEP/USDT — LONG

🎯 ENTRY: 0.021

🚀 TP: 0.025 →...L: 0.017

⚠️ RISK MANAGEMENT: Manage risk smartly.",2ae89c5104decfcfd17cb05474e36dcc,2026-09-25T09:34:27+00:00,2026-09-25T11:26:28.149629+00:00,958,crypto_global_watch_1
1625022,31569,"🚀 SHORT: $TAKE/USDT
LEVERAGE: 50x

✔️ENTRY PRICE: ...5-0.05550-0.05100

STOP LOSS:  0.06230

REACTIONS?",4dd3fc51cb8982b39e083ef3f8fed8d2,2026-09-25T09:28:14+00:00,2026-09-25T11:26:27.671183+00:00,958,crypto_global_watch_1
1630374,31653,"⚡️$PHA/USDT⚡️

LONG
Leverage: 20X

Entry: 0.070

Target:

1)0.073
2)0.077
3)0.082

Stoploss: 0.064",92c2c2367e913c0fd5eb871345fdfe3a,2026-09-25T12:42:13+00:00,2026-09-25T13:33:47.127103+00:00,958,crypto_global_watch_1
1630373,31652,"🔘 Coin : #DEEP/USDT 🔘

🔴 SHORT

🔺Entry🔻: 0.02221

... - 0.02086

♦️ StopLoss : 0.02305

🔱 Leverage: 25x",50c0cf7009c5239e4f70d1ff1f9f6056,2026-09-25T12:42:13+00:00,2026-09-25T13:33:46.918449+00:00,958,crypto_global_watch_1
1630371,31651,"🔰 PHA/USDT 🔰

🟢 LONG 20X

🔳 ENTRY :- 0.070

☑️ TARGET:- 0.073 - 0.077 - 0.082

🔴 STOP :- 0.064",4193219b37f77a2aa877493f2cb496a4,2026-09-25T12:42:13+00:00,2026-09-25T13:33:46.897533+00:00,958,crypto_global_watch_1
1630372,31650,"⚡️Pair: PHA/USDT
Type: LONG 🟢
💫Leverage:  (20X_100...078
2) 0.083
3) 0.090
4) 0.099

❌ STOP LOSS: 0.065",9035889630f6a8edb8416d049206d642,2026-09-25T12:42:12+00:00,2026-09-25T13:33:46.905801+00:00,958,crypto_global_watch_1
1630370,31649,"⭐️#DEEP/USDT  LONG 

🛡Leverage : Cross 25x50

‼️En....02040

Use only 3% - 5% amount of your portfolio🛍",ea1dc7453571a44e0bca5b57ccc3a631,2026-09-25T12:42:12+00:00,2026-09-25T13:33:46.876337+00:00,958,crypto_global_watch_1
1630368,31647,"EXCHANGE/BYBIT/BITUNIX📌 

SHORT/CHIP/USDT📈📈📈


ENT...gement 🏆


Use only 10% of your 📈Available balance",44caab824ed8ce020c15b45325dd9475,2026-09-25T12:09:18+00:00,2026-09-25T13:33:46.643582+00:00,958,crypto_global_watch_1
1630367,31646,"EXCHANGE/BYBIT/BITUNIX/OKX📌 


SHORT/WLD/USDT📈📈📈

...agement 🏆


Use only 5% of your 📈Available balance",dc610241e2257b9056b16c37385470ba,2026-09-25T12:09:18+00:00,2026-09-25T13:33:46.641992+00:00,958,crypto_global_watch_1
1630365,31645,"SHORT/XRP/USDT📈📈📈


ENTRY:  (LIMIT ORDER)

ENTRY P...agement 🏆


Use only 5% of your 📈Available balance",acee6ee1bc92d6eb8398121502dcdc35,2026-09-25T11:51:00+00:00,2026-09-25T13:33:46.617478+00:00,958,crypto_global_watch_1
1630366,31644,"🔴 SHORT $ZEC/USDT | Cross 50X

✅ Entry: MARKET PRICE 

🎯 TP: 1432.10

🛑 SL: 1669.42",868d087075f4b8c843cd777740902390,2026-09-25T11:44:06+00:00,2026-09-25T13:33:46.616865+00:00,958,crypto_global_watch_1
1630364,31643,"Use only 2% Funds

#BTC/USDT (SHORT)

Entry 1 = 84... Profit
T.P 3 = 1000% Profit 

🔴Stop loss at 87800",e46a1313df5a7d9663e6e8884674ba2f,2026-09-25T11:44:05+00:00,2026-09-25T13:33:46.616001+00:00,958,crypto_global_watch_1
1630363,31642,"🔴 SHORT

#XRP/USDT

Entry : 

1) 1.5853
2) 1.6328
...1.4756

🛑 Stop : 1.6851

Leverage : 10x (isolated)",0d205e54956f00da437bcd9dc675f820,2026-09-25T11:40:29+00:00,2026-09-25T13:33:46.398780+00:00,958,crypto_global_watch_1
1630362,31641,"🌈PAIR:- #PHA/USDT
⚡️ Direction : LONG
🛠 Leverage: ...nt Usage:- 1 - 2%
(According To your Risk Setting)",229c4be7e153f9f5734d7facb8ae620e,2026-09-25T11:40:29+00:00,2026-09-25T13:33:46.389828+00:00,958,crypto_global_watch_1
1630361,31639,"⭐ ENA /USDT — LONG

💵 ENTRY:0.23900-0.22700

⚙️ LE...o

📌 Follow the setup and manage your risk wisely.",8bd4ab27895cb38f6921a5172de14a04,2026-09-25T11:40:29+00:00,2026-09-25T13:33:46.372296+00:00,958,crypto_global_watch_1
1630360,31640,"⭐ CHIP /USDT — LONG

💵 ENTRY:0.04880-0.04600

⚙️ L...o

📌 Follow the setup and manage your risk wisely.",0ec177099c0eac4c44c4bc1f36899b75,2026-09-25T11:40:29+00:00,2026-09-25T13:33:46.370506+00:00,958,crypto_global_watch_1
1630359,31638,"⭐ JTO /USDT — LONG

💵 ENTRY:0.5400-0.5200

⚙️ LEVE...o

📌 Follow the setup and manage your risk wisely.",822f92ec82af015b552eec541fa34421,2026-09-25T11:40:29+00:00,2026-09-25T13:33:46.358984+00:00,958,crypto_global_watch_1
1630358,31637,"🔴 SHORT $ETH/USDT | Cross 50X

✅ Entry: 2714

🎯 TP: 2675 - 2625 -  2550

🛑 SL: 2805",b8980f7ede9ecc3f65908e8b27c5df9e,2026-09-25T11:40:29+00:00,2026-09-25T13:33:46.094656+00:00,958,crypto_global_watch_1
1630357,31634,"⭐️#JTO/USDT  LONG 

🛡Leverage : Cross 25x50

‼️Ent...0.5273

Use only 3% - 5% amount of your portfolio🛍",97390598d771e39c2fa052e999278c75,2026-09-25T11:40:29+00:00,2026-09-25T13:33:46.092484+00:00,958,crypto_global_watch_1
1630356,31636,"🔴 SHORT $HYPE/USDT | Cross 20X

✅ Entry: 94.20

🎯 TP: 92.50 - 91.15 -  89

🛑 SL: 98",80c10587d49fcf205c9ed1ed382a0c5a,2026-09-25T11:40:29+00:00,2026-09-25T13:33:46.081929+00:00,958,crypto_global_watch_1
1630355,31635,"🔴 SHORT

#ETH/USDT

Entry zone : 2818.88 - 2736.78...75.41
2392.90

Stop loss :2928.3546

Leverage: 10x",dbefba58b3e9602419507d73c43e2eab,2026-09-25T11:40:29+00:00,2026-09-25T13:33:46.076269+00:00,958,crypto_global_watch_1
1633841,31698,"🟢 Long

#KAVA/USDT

Entry : 

1) 0.067400
2) 0.065...2011

🛑 Stop : 0.063153

Leverage : 10x (isolated)",f4b79f94869eddeda6b8b412d6ae0330,2026-09-25T15:36:04+00:00,2026-09-25T15:47:09.959537+00:00,958,crypto_global_watch_1
1633839,31696,"👑 #NIL/USDT — TRADE LONG

LEVERAGE 25X TO 50X

✅ E...0

⛔️ STOP LOSS: 0.1250

⚡️ NO FEAR — JUST PROFITS",fa594be3ed6c74cd1fbb0b74d5312cc0,2026-09-25T15:36:04+00:00,2026-09-25T15:47:09.831775+00:00,958,crypto_global_watch_1
1633838,31695,"⚡️ BTC/USDT ⚡️

🔻 SCALP LONG

💎 Leverage: 10x – 15...oss: $82800

⚠️ Trade with proper risk management.",e567f4a10d61841e9e0a4551032cc73b,2026-09-25T15:36:04+00:00,2026-09-25T15:47:09.808064+00:00,958,crypto_global_watch_1
1633837,31694,"🪙#HUMA/USDT

🚩POSITION — SHORT

🔒  LEVERAGE — 20X7...0.02590
TP🥉: 0.02450

⛔️ SL: 0.03000

🔥REACTIONS?😜",e2048b38850d498697efcee6f5562c56,2026-09-25T14:32:35+00:00,2026-09-25T15:47:09.698033+00:00,958,crypto_global_watch_1
1633836,31693,"#HUMA/USDT SHORT NOW 📉
🏠ENTRY: ( 0.02726 )",b0a448b2779d44ffc5f811fc6a99f8d0,2026-09-25T14:32:35+00:00,2026-09-25T15:47:09.683125+00:00,958,crypto_global_watch_1
1633835,31692,"🪙#MUBARAK/USDT

🚩POSITION — LONG

🔒  LEVERAGE — 20...0.05250
TP🥉: 0.05500

⛔️ SL: 0.04350

🔥REACTIONS?😜",6bef8166b9995f229cfec8f44dca4a8c,2026-09-25T14:29:18+00:00,2026-09-25T15:47:09.649931+00:00,958,crypto_global_watch_1
1633834,31691,"#MUBARAK/USDT LONG NOW 📉
🏠ENTRY: ( 0.04992 )",3788c22507d85dea6c5356e12761e125,2026-09-25T14:29:18+00:00,2026-09-25T15:47:09.490291+00:00,958,crypto_global_watch_1
1633833,31690,"✨HYPE/USDT

🎗 Trade Type = SHORT 🔴

⭐️ Leverage :-...[ 91.020, 90.199, 89.224, 88.242, 87.305, 86.162 ]",9c21b1af769bafff84097cf1d6ee22ed,2026-09-25T14:29:18+00:00,2026-09-25T15:47:09.473694+00:00,958,crypto_global_watch_1
1633831,31688,"#PHA USDT — BUY (LONG) 
🎉
🟢 Leverage: Cross  30x

...️Stop Loss: 0.06500

🔽 Risk Management:

 REACTION",cdc326046f12bdabd4ee0a4b706c5c9e,2026-09-25T14:25:27+00:00,2026-09-25T15:47:09.433516+00:00,958,crypto_global_watch_1
1633829,31686,"✅ Long

#ETC/USDT

Entry zone : 9.127 - 9.410

Tak...0.01
10.29
10.58

Stop loss :8.7513

Leverage: 10x",cf12e59b9e5c37da858308777a85d453,2026-09-25T14:25:26+00:00,2026-09-25T15:47:09.265043+00:00,958,crypto_global_watch_1
1633828,31685,"⭐️#PHA/USDT  LONG 

🛡Leverage : Cross 25x50

‼️Ent....06284

Use only 3% - 5% amount of your portfolio🛍",99bdb0b56fe98f0d59b0e674e06c96dd,2026-09-25T14:25:26+00:00,2026-09-25T15:47:09.226159+00:00,958,crypto_global_watch_1
1633825,31681,"🚀 LONG: $PHA/USDT
LEVERAGE: 50x

✔️ENTRY PRICE: 0....7710-0.8089-0.8700

STOP LOSS:  0.7060

REACTIONS?",6263fc726cbc5984aa9e48a4bbee9a54,2026-09-25T14:25:26+00:00,2026-09-25T15:47:09.167007+00:00,958,crypto_global_watch_1
1633824,31680,"🚀 #NEARUSDT LONG SIGNAL 🚀

⚡️ LEVERAGE 50X–75X
📌 E...h this move together!

🔓 Trade Smart • Trade Safe.",f97d6aa8c489df1f8496d9866af233c8,2026-09-25T14:25:26+00:00,2026-09-25T15:47:09.004265+00:00,958,crypto_global_watch_1
1633823,31679,#NEARUSDT LONG 5.135 TP1 5.250,60a4455fa51fe20e9919e1fb6c3b61da,2026-09-25T14:25:26+00:00,2026-09-25T15:47:08.986776+00:00,958,crypto_global_watch_1
1633822,31678,"SOLUSDT

LONG LONG LONG 

OPEN MARKET PRICE 

TP 119.900
TP 120.200
TP 120.700

SL 114.400

LEV 50X",3833b62d9470d270e7e98576f90419b4,2026-09-25T14:25:26+00:00,2026-09-25T15:47:08.936150+00:00,958,crypto_global_watch_1
1633821,31677,"🚨 #OP/USDT | LONG

⚡Leverage: Cross 20X

🎯Entry Ta... follow the signal and secure profits at targets.💎",27a3d2fb8d270374fcafae750800a71e,2026-09-25T14:25:26+00:00,2026-09-25T15:47:08.841350+00:00,958,crypto_global_watch_1
1633820,31676,"🚨 #SOL/USDT | LONG

⚡Leverage: Cross 100X

🎯Entry ... follow the signal and secure profits at targets.💎",66522dcf1c16b2d7978c419b83a4e592,2026-09-25T14:25:26+00:00,2026-09-25T15:47:08.838561+00:00,958,crypto_global_watch_1
1633819,31675,"✅ Long

Pair: #XTZ/USDT

📊 Entry Price: 

1) 0.331...) 0.354072

Stop Loss: 0.310521

Leverage: 10x-20x",e55443048def1a4d792ce47c04f25c68,2026-09-25T14:25:26+00:00,2026-09-25T15:47:08.731304+00:00,958,crypto_global_watch_1
1633818,31674,"#SHORT 🔴 🔤🔤🔤🔤🔤

#ADA/USDT 

Margin Mode : Isolated...301

🟩 SL : 0.2634 - 100%

📊 LEV : 20X

🇯🇵 Premium",0648892a86bc0ed5e2063f382a9fe86a,2026-09-25T14:25:26+00:00,2026-09-25T15:47:08.723124+00:00,958,crypto_global_watch_1
1633817,31673,"ADA/USD SELL 

Entry : $ 0.25500

Target1: $ 0.250...et3: $ 0.22868
Target4: $ 0.21925 

SL : $ 0.26492",32e0352ce1b2251abd4e77ccb01ddffa,2026-09-25T14:25:26+00:00,2026-09-25T15:47:08.712046+00:00,958,crypto_global_watch_1
1633816,31672,"🔴 SHORT

#IOTA/USDT

Entry zone : 0.051778 - 0.050...5469
0.043953

Stop loss :0.0537889

Leverage: 10x",0abf12978a571fa1d2dbd4c2b086dc31,2026-09-25T14:25:26+00:00,2026-09-25T15:47:08.577715+00:00,958,crypto_global_watch_1
1633815,31671,"🔘 Coin : #HUMA/USDT 🔘

🟢 LONG

🔺Entry🔻: 0.029168

... 0.031061

♦️ StopLoss : 0.028125

🔱 Leverage: 25x",d950c6c2216f94cdacd1b00085c2d6ef,2026-09-25T14:25:26+00:00,2026-09-25T15:47:08.571585+00:00,958,crypto_global_watch_1
1633814,31670,"🔴 SHORT $TAO/USDT | Cross 50X

✅ Entry: MARKET PRICE 

🎯 TP: 250.03

🛑 SL: 320.79",0d23b79e79e9c5380df8f51fb517c302,2026-09-25T14:25:26+00:00,2026-09-25T15:47:08.460268+00:00,958,crypto_global_watch_1
1633813,31669,"🔴 SHORT $DOGE/USDT | Cross 50X

✅ Entry: MARKET PRICE 

🎯 TP: 0.08464

🛑 SL: 0.10096",52fc1427af5d0dea6d5aa25b2198809a,2026-09-25T14:25:26+00:00,2026-09-25T15:47:08.447403+00:00,958,crypto_global_watch_1
1633810,31666,"🚀 #NEARUSDT LONG SIGNAL 🚀

⚡️ LEVERAGE 50X–75X
📌 E...h this move together!

🔓 Trade Smart • Trade Safe.",f97d6aa8c489df1f8496d9866af233c8,2026-09-25T14:22:26+00:00,2026-09-25T15:47:08.303267+00:00,958,crypto_global_watch_1
1633809,31664,"SOLUSDT

LONG LONG LONG 

OPEN MARKET PRICE 

TP 119.900
TP 120.200
TP 120.700

SL 114.400

LEV 50X",3833b62d9470d270e7e98576f90419b4,2026-09-25T14:22:26+00:00,2026-09-25T15:47:08.197527+00:00,958,crypto_global_watch_1
1633808,31663,"🚨 #OP/USDT | LONG

⚡Leverage: Cross 20X

🎯Entry Ta... follow the signal and secure profits at targets.💎",27a3d2fb8d270374fcafae750800a71e,2026-09-25T14:22:26+00:00,2026-09-25T15:47:08.191388+00:00,958,crypto_global_watch_1
1633807,31665,#NEARUSDT LONG 5.135 TP1 5.250,60a4455fa51fe20e9919e1fb6c3b61da,2026-09-25T14:22:26+00:00,2026-09-25T15:47:08.104107+00:00,958,crypto_global_watch_1
1633806,31662,"🚨 #SOL/USDT | LONG

⚡Leverage: Cross 100X

🎯Entry ... follow the signal and secure profits at targets.💎",66522dcf1c16b2d7978c419b83a4e592,2026-09-25T14:22:26+00:00,2026-09-25T15:47:08.101324+00:00,958,crypto_global_watch_1
1633805,31661,"✅ Long

Pair: #XTZ/USDT

📊 Entry Price: 

1) 0.331...) 0.354072

Stop Loss: 0.310521

Leverage: 10x-20x",e55443048def1a4d792ce47c04f25c68,2026-09-25T14:22:26+00:00,2026-09-25T15:47:08.068210+00:00,958,crypto_global_watch_1
