id,external_id,message_preview,hash,published_at,created_at,source_id,source_name
1551046,39351,"📊#BB/USDT–LONG–10x - 30x 🚀

📍 𝐄𝐧𝐭𝐫𝐲 𝐙𝐨𝐧𝐞:

➥ 0.010...tal.

⚠️ Disclaimer:
Trade at your own risk. DYOR.",299b3b027b9ba84cca06082165520c8e,2026-09-23T07:38:45+00:00,2026-09-23T08:07:10.904285+00:00,1218,gainsofcryptopro
1551044,39352,"Pair: #BB/USDT

Long • (20X)

Entry
0.010485 - 0.0...t your own risk. Always use proper risk management",28ad6e5d40edcf3a57b2fbcd95794d9e,2026-09-23T07:38:45+00:00,2026-09-23T08:07:10.888343+00:00,1218,gainsofcryptopro
1551048,39350,"⭐️#TAKE/USDT  LONG 

🛡Leverage : Cross 25x50

‼️En....10222

Use only 3% - 5% amount of your portfolio🛍",379b564bd893eb9c8d566a11c8a5d1f6,2026-09-23T07:14:25+00:00,2026-09-23T08:07:10.906886+00:00,1218,gainsofcryptopro
1557651,39381,"🔘 Coin : #SUPER/USDT 🔘

🔴 SHORT

🔺Entry🔻: 0.19651
... - 0.18078

♦️ StopLoss : 0.20388

🔱 Leverage: 25x",098b1c998e7b999cdb822a47ba72b970,2026-09-23T09:33:16+00:00,2026-09-23T10:12:43.179795+00:00,1218,gainsofcryptopro
1557650,39380,"🚀 LONG: $SUPER/USDT
LEVERAGE: 50x

✔️ENTRY PRICE: ...2030-0.2100-0.2280

STOP LOSS:  0.1850

REACTIONS?",f6e414607482bd661acacbbe73a35893,2026-09-23T09:21:59+00:00,2026-09-23T10:12:43.174184+00:00,1218,gainsofcryptopro
1557649,39379,"Pair: #BCH/USDT

Short • (25X)

Entry
352.65

Targ...t your own risk. Always use proper risk management",f4df9feeb1df0e18d489a4410b3a28c3,2026-09-23T09:21:59+00:00,2026-09-23T10:12:43.109136+00:00,1218,gainsofcryptopro
1557648,39378,"#TAKE        /USDT (SHORT) 🔽🔽

⌛LEVERAGE : 20X TO ...3


💥Use only 1%margin of your total portfolio❤️😘😇",81d518cafd29863155c352610dba5a37,2026-09-23T09:13:42+00:00,2026-09-23T10:12:43.088014+00:00,1218,gainsofcryptopro
1557647,39377,"#CORE        /USDT (SHORT) 🔽🔽

⌛LEVERAGE : 20X TO ...9


💥Use only 1%margin of your total portfolio❤️😘😇",ac5e70c3c04575f27a98b47ec5311cc8,2026-09-23T09:13:41+00:00,2026-09-23T10:12:42.991997+00:00,1218,gainsofcryptopro
1557646,39375,"🟢 Long

#BTC/USDT

Entry : 

1) 85868.60
2) 83292....3.31

🛑 Stop : 80458.87

Leverage : 10x (isolated)",3b1df33124cb838119310ac38167eb84,2026-09-23T09:13:41+00:00,2026-09-23T10:12:42.985710+00:00,1218,gainsofcryptopro
1557645,39376,"#TAKE  USDT — BUY (LONG) 
🎉
🟢 Leverage: Cross  25x...Stop Loss: 0.15000

🔽 Risk Management:

 REACTS !!",42e86a5b826eb0d6df8b8389c24a7b1f,2026-09-23T09:13:41+00:00,2026-09-23T10:12:42.983873+00:00,1218,gainsofcryptopro
1557644,39374,"👑My Coin: $PENGU/USDT
👀Looking for SHORT

🌟0.01081...I Will Set: 0.011199
°°°°°°°°°°°°°° As my stoploss",4d1e37576db0f7cec9df4aaf6523a84a,2026-09-23T09:13:41+00:00,2026-09-23T10:12:42.928424+00:00,1218,gainsofcryptopro
1557643,39373,"🪙#B2/USDT

🚩POSITION — SHORT

🔒  LEVERAGE — 20X75
...🥈: 0.4600
TP🥉: 0.4420

⛔️ SL: 0.5200

🔥REACTIONS?😜",50db07619e1363e33f5f4176c0dc7b3c,2026-09-23T09:13:41+00:00,2026-09-23T10:12:42.909047+00:00,1218,gainsofcryptopro
1557642,39372,"#B2/USDT SHORT NOW 📉
🏠ENTRY: ( 0.4748 )",47294056161cef81830d11a71109aa50,2026-09-23T09:13:41+00:00,2026-09-23T10:12:42.798550+00:00,1218,gainsofcryptopro
1557641,39371,"⭐️#PENGU/USDT  LONG 

🛡Leverage : Cross 25x50

‼️E...009973

Use only 3% - 5% amount of your portfolio🛍",f67f0bcf484c3de7902522390bffc2f1,2026-09-23T09:13:41+00:00,2026-09-23T10:12:42.782693+00:00,1218,gainsofcryptopro
1557639,39369,"💰#TAKE / USDT👑

💎Setup Type: Strong LONG  🔖Opportu...TP ➝ 0.21500

4️⃣TP ➝ 0.25000

🚫Stop Loss: 0.14000",76033e2a16d503c2c89b22b38f26feb1,2026-09-23T08:53:18+00:00,2026-09-23T10:12:42.749895+00:00,1218,gainsofcryptopro
1557637,39366,"$BTC LONG🟢 (25x Lev) 

Entry -  86200$

Targets

1...00$
3)87300$

SL- 85850$

Scalp With Very Small SL",5fd554ea55b37cd2702266c6028ed42b,2026-09-23T08:53:18+00:00,2026-09-23T10:12:42.604503+00:00,1218,gainsofcryptopro
1557636,39367,"✅ Long

#DOT/USDT

Entry zone : 1.141108 - 1.17640...87569
1.322685

Stop loss :1.094052

Leverage: 10x",73dda60e4702a617135e452b36ba5d90,2026-09-23T08:53:18+00:00,2026-09-23T10:12:42.600466+00:00,1218,gainsofcryptopro
1557635,39365,"✅ Long

Pair: #THETA/USDT

📊 Entry Price: 

1) 0.2...94
4) 0.2442

Stop Loss: 0.2141

Leverage: 10x-20x",93542362a72c34c8ae167f5312ea3ac3,2026-09-23T08:53:18+00:00,2026-09-23T10:12:42.594676+00:00,1218,gainsofcryptopro
1557634,39364,"#MET/USDT 🟢 LONG

📍 Entry Zone: 0.34839 – 0.36261
...n: LONG

⚠️ Manage your risk and trade responsibly",d28d1c19e05b385c4bb64a32c3558f84,2026-09-23T08:53:18+00:00,2026-09-23T10:12:42.581213+00:00,1218,gainsofcryptopro
1557633,39363,"🚨 #BCH/USDT | SHORT

⚡Leverage: Cross 20x

🎯Entry ... follow the signal and secure profits at targets.💎",46681e63e4ca2aeb6e1925c3d905bcea,2026-09-23T08:53:18+00:00,2026-09-23T10:12:42.569143+00:00,1218,gainsofcryptopro
1557632,39362,"🚨 #ONE/USDT | SHORT

⚡Leverage: Cross 20x

🎯Entry ... follow the signal and secure profits at targets.💎",fbc603e7f82c075450efd83cf6f660bd,2026-09-23T08:53:18+00:00,2026-09-23T10:12:42.428952+00:00,1218,gainsofcryptopro
1557631,39361,"⭐️#NIL/USDT  LONG 

🛡Leverage : Cross 25x50

‼️Ent....09134

Use only 3% - 5% amount of your portfolio🛍",bc956c5f8f648a97880058d50c041f62,2026-09-23T08:53:17+00:00,2026-09-23T10:12:42.421980+00:00,1218,gainsofcryptopro
1557629,39358,"⭐ NIL /USDT — LONG

💵 ENTRY:0.10900-0.10500

⚙️ LE...o

📌 Follow the setup and manage your risk wisely.",6ff3efe94be84030ef1e50c349d28d46,2026-09-23T08:53:17+00:00,2026-09-23T10:12:42.403031+00:00,1218,gainsofcryptopro
1557626,39355,"#B2/USDT

📈Signal: short Leverage: Cross 20X

⚡️En...even after TP1 is hit.

📣Trade Smart • Follow Risk",9050b18a82a7f5e5275c141058e5fa2a,2026-09-23T08:53:17+00:00,2026-09-23T10:12:42.211683+00:00,1218,gainsofcryptopro
1557625,39357,"#NIL USDT — BUY (SHORT) 
🎉
🟢 Leverage: Cross  25x
...Stop Loss: 0.08900

🔽 Risk Management:

 REACTS !!",21d879eaf6694379a4291945a2762aba,2026-09-23T08:53:17+00:00,2026-09-23T10:12:42.206570+00:00,1218,gainsofcryptopro
1557623,39354,"💰#NIL / USDT👑

💎Setup Type: Strong LONG  🔖Opportun...TP ➝ 0.13400

4️⃣TP ➝ 0.17000

🚫Stop Loss: 0.08800",74ee33a30a208ef5c69a3910fe2b4699,2026-09-23T08:53:17+00:00,2026-09-23T10:12:42.185886+00:00,1218,gainsofcryptopro
1560634,39405,"📈 LONG #4/USDT 

🚀 LEVERAGE : 50x

📊 ENTRY PRICE  ...P🟢0.0267

TP🟢0.0280

STOPLOSS 🔴0.0238


REACTIONS?",72030dcd82b50f1bcda6116113e0b881,2026-09-23T11:27:29+00:00,2026-09-23T11:40:49.464632+00:00,1218,gainsofcryptopro
1560633,39404,"#CHR/USDT SHORT   

👉Leverage : Cross 10× To 30×

... 0.0212
2)  0.0204
3)  0.0199

⭕Stop Loss : 0.0227",611b1119c36a5b049c9c3a8b365ceea4,2026-09-23T11:27:29+00:00,2026-09-23T11:40:49.411993+00:00,1218,gainsofcryptopro
1560630,39401,"#TAKE / USDT — BUY (LONG) 
Leverage: Cross 25x – 5...T IS KEY
👉 Use ONLY 2 – 3% of your total portfolio",158572f75aa7d80b41832abecafcf70b,2026-09-23T11:27:29+00:00,2026-09-23T11:40:49.295051+00:00,1218,gainsofcryptopro
1560629,39400,"↗️ LONG #AKE 50x

📌 Entry: 0.04800

🎯 TP: 0.049500...t Usage: 1-3%
⚠️ According to your risk management",6f42ed5417317d26c9843b9350003b63,2026-09-23T11:27:29+00:00,2026-09-23T11:40:49.287624+00:00,1218,gainsofcryptopro
1560626,39397,"📊 BSV/USDT — SHORT

📍 ENTRY: 22.20

🎯 TARGET 1: 21...Manage your risk & trade responsibly.

🔥 LET’S GO!",f236a3c7c8e6c770421a93c42c144b2e,2026-09-23T11:27:29+00:00,2026-09-23T11:40:49.136048+00:00,1218,gainsofcryptopro
1560623,39394,"🚀 #USUSDT LONG SIGNAL 🚀
⚡️ LEVERAGE 50X–75X

📌 ENT...tch this move together!
🔓 Trade Smart • Trade Safe",bba28fc0b4df0de1ae413c9adb3b8980,2026-09-23T11:27:29+00:00,2026-09-23T11:40:49.100769+00:00,1218,gainsofcryptopro
1560622,39393,"PENGU/USDT

SHORT SHORT SHORT 

OPEN MARKET PRICE ...450
TP 0.010360
TP 0.010270

SL  0.011900

LEV 10X",7d7e68af73c27d2b574c0bf166ee65a0,2026-09-23T11:27:29+00:00,2026-09-23T11:40:48.970602+00:00,1218,gainsofcryptopro
1560618,39388,"↗️ LONG #BCH 75x

📌 Entry: 361

🎯 TP1: 365
💵 TP2: ...t Usage: 1-3%
⚠️ According to your risk management",181335103a749b99baeabdb258c8ec93,2026-09-23T11:26:01+00:00,2026-09-23T11:40:48.906638+00:00,1218,gainsofcryptopro
1560615,39386,"👑 #MET/USDT — TRADE LONG

LEVERAGE 25X TO 50X

✅ E...0

⛔️ STOP LOSS: 0.3680

⚡️ NO FEAR — JUST PROFITS",64e75a6315b965c87665db554fcbcb9f,2026-09-23T11:26:01+00:00,2026-09-23T11:40:48.763589+00:00,1218,gainsofcryptopro
1560613,39387,"🔰 PAIR: GUN/ USDT 💹

🟢Position: LONG🚀

☑️ Entry Zo...0.00318
🥈 0.00324
🥉 0.00340

❌ Stop Loss: 🔴0.00303",14f00d8df5fe681374a74817e8267769,2026-09-23T11:26:01+00:00,2026-09-23T11:40:48.754962+00:00,1218,gainsofcryptopro
1560614,39382,"🟢 LONG $HYPE/USDT | Cross 20X 

✅ Entry: 96

🎯 TP: 97.50  - 99.20 -  102

🛑 SL: 92",fb8846fa4d425fcd8b16f1940b81c2df,2026-09-23T11:26:00+00:00,2026-09-23T11:40:48.756852+00:00,1218,gainsofcryptopro
1564437,39429,"➡️ #SAGA      /USDT (LONG) 🔼🔼

⌛LEVERAGE : 20X TO ...0


💥Use only 1%margin of your total portfolio❤️😘😇",f30e36c9fdc5725b17f69b74637b5f20,2026-09-23T13:19:35+00:00,2026-09-23T14:22:50.265780+00:00,1218,gainsofcryptopro
1564435,39428,"📉 SHORT #MET/USDT 

🚀 LEVERAGE : 50x

📊 ENTRY PRIC...4

TP🟢0.360

TP🟢0.340

STOPLOSS 🔴0.403

REACTIONS?",66bb7f825e19abaf722b92a47e1baa6f,2026-09-23T13:19:35+00:00,2026-09-23T14:22:50.171039+00:00,1218,gainsofcryptopro
1564434,39427,"Pair: #FIL/USDT

Long • (25X)

Entry
1.0235 - 1.01...t your own risk. Always use proper risk management",63288bb33e1b8e55bdb2ac7bc4488d7f,2026-09-23T13:19:34+00:00,2026-09-23T14:22:50.154846+00:00,1218,gainsofcryptopro
1564429,39421,"✨FIL/USDT

🎗 Trade Type = LONG 🟢

⭐️ Leverage :- 2...[ 1.0354, 1.0451, 1.0569, 1.0683, 1.0771, 1.0894 ]",9c550ca1e57d17feafd5618fa6618319,2026-09-23T13:19:18+00:00,2026-09-23T14:22:49.943548+00:00,1218,gainsofcryptopro
1564428,39420,"#SAGA/USDT now at current market price (Spot + Fut...$0.0526
2. $0.0567
3. $0.0615

Stop loss : $0.0429",2cabccde922ebe11dd684b13d3a3acda,2026-09-23T13:19:18+00:00,2026-09-23T14:22:49.913866+00:00,1218,gainsofcryptopro
1564424,39416,"#ONE  USDT — SELL (SHORT) 
🎉
🟢 Leverage: Cross  25...top Loss: 0.0035000

🔽 Risk Management:

 REACTION",4f0052e3498713d4ab920d4c7cbcb0ec,2026-09-23T13:19:17+00:00,2026-09-23T14:22:49.761348+00:00,1218,gainsofcryptopro
1564422,39414,"🚀 SHORT: $ONE/USDT
LEVERAGE: 50x

✔️ENTRY PRICE: 0...002850-0.002600

STOP LOSS:  0.003200


REACTIONS?",63d7959b2144c58a510c8ce1fc23b3a0,2026-09-23T13:19:17+00:00,2026-09-23T14:22:49.688302+00:00,1218,gainsofcryptopro
1564421,39413,"SHORT ETH

🔖MARKET SETUP

 ✔️ Entry: 2722
 ⛔️ SL: ...TP: 2677

⚠️ Capital: 3% max. Discipline = Profit!",e84e4a3c941229ef39da97b0196a1f3d,2026-09-23T13:19:17+00:00,2026-09-23T14:22:49.637316+00:00,1218,gainsofcryptopro
1564420,39412,"🟢XRP/USDT My Short Trade Setup

Leverage 100X

Ent...1.5300

Stop Loss: 1.6000

Follow Money Management",26a24811ce86faee7c8fb406377f0c37,2026-09-23T12:03:34+00:00,2026-09-23T14:22:49.623296+00:00,1218,gainsofcryptopro
1564418,39407,"✅ Long

#ETH/USDT

Entry zone : 2639.67 - 2721.31
...78.47
3059.70

Stop loss :2530.8183

Leverage: 10x",e0276db63be9fb109f894ac48298ceea,2026-09-23T12:03:34+00:00,2026-09-23T14:22:49.463438+00:00,1218,gainsofcryptopro
1564417,39410,"🚨 #FIGHT USDT | SHORT

⚡Leverage: Cross 10-20X

🎯E... follow the signal and secure profits at targets.💎",5d75d93e5d6b6ed4fba5ccab39a6f9ad,2026-09-23T12:03:34+00:00,2026-09-23T14:22:49.462338+00:00,1218,gainsofcryptopro
1564415,39408,"✅ Long

Pair: #ADA/USDT

📊 Entry Price: 

1) 0.250...
4) 0.26795

Stop Loss: 0.23499

Leverage: 10x-20x",189afa35056ff8a6dab70d7bed1f2e54,2026-09-23T12:03:34+00:00,2026-09-23T14:22:49.456439+00:00,1218,gainsofcryptopro
1568640,39448,"🌈Pair: TAKE/USDT

📈Direction: SHORT

📌Leverage: 25...nt

📊 Trade smart. Manage risk. Stay disciplined..",a3744486c09bbd0af6b3b376f28c62fa,2026-09-23T15:14:10+00:00,2026-09-23T16:29:12.276933+00:00,1218,gainsofcryptopro
1568639,39447,"🚀 #LITUSDT LONG SIGNAL 🚀
⚡️ LEVERAGE 50X–75X

📌 EN...tch this move together!
🔓 Trade Smart • Trade Safe",90d3030fbbfa24044d7426ce66cb3bb6,2026-09-23T15:14:09+00:00,2026-09-23T16:29:12.273262+00:00,1218,gainsofcryptopro
1568638,39446,"#SHORT 🔴 🔤🔤🔤🔤🔤

#DOT/USDT 

Margin Mode : Isolated...391

🟩 SL : 1.2004 - 100%

📊 LEV : 20X

🇯🇵 Premium",25f135bcaaf3ed3c8802411937e02425,2026-09-23T15:14:09+00:00,2026-09-23T16:29:12.270836+00:00,1218,gainsofcryptopro
1568637,39444,"🪙#MUBARAK/USDT

🚩POSITION — SHORT

🔒  LEVERAGE — 2...0.05150
TP🥉: 0.04850

⛔️ SL: 0.06200

🔥REACTIONS?😜",064dfe620f2516f118581cfaf7a121ab,2026-09-23T15:14:09+00:00,2026-09-23T16:29:12.088135+00:00,1218,gainsofcryptopro
1568636,39445,"🔰 PAIR: SUI/ USDT 💹

🔴Position: SHORT🚀

☑️ Entry Z...:
🥇 1.0004
🥈 0.9925
🥉 0.9859

❌ Stop Loss: 🔴1.0383",7642a9b6a5c3cae2f5d671223e618ae0,2026-09-23T15:14:09+00:00,2026-09-23T16:29:12.086180+00:00,1218,gainsofcryptopro
1568635,39443,"#MUBARAK/USDT SHORT NOW 📉
🏠ENTRY: ( 0.05411 )",ecb865099165009a6da0c16fc80a23aa,2026-09-23T15:14:09+00:00,2026-09-23T16:29:12.078369+00:00,1218,gainsofcryptopro
1568634,39442,"🪙#ONE/USDT

🚩POSITION — SHORT

🔒  LEVERAGE — 20X75...200
TP🥉: 0.0025700

⛔️ SL: 0.0037000

🔥REACTIONS?😜",d6d8708515b84563a230cccc7be6dcbe,2026-09-23T15:14:09+00:00,2026-09-23T16:29:12.072264+00:00,1218,gainsofcryptopro
1568633,39441,"#ONE/USDT SHORT NOW 📉
🏠ENTRY: ( 0.002952 )",ae36a3ed912079a2760be8db6d57749d,2026-09-23T15:14:09+00:00,2026-09-23T16:29:12.071330+00:00,1218,gainsofcryptopro
1571260,39456,"💸 SHORT — NEAR

Entry: 4.276

💸 Targets: 4.231 / 4...844

💸  Stop: 4.488

💸 Move SL to entry after TP1.",19b0ec93000ab5f4ea57c70d9de6a225,2026-09-23T17:01:03+00:00,2026-09-23T18:32:59.626485+00:00,1218,gainsofcryptopro
1571258,39455,"🟢 Doge/Usdt long with 0.5% wallet on market price ...ro long term trade ha

Dca 0.09306
2nd Dca 0.09136",b4a270b301040b85ea8e0005f2ea8815,2026-09-23T17:01:03+00:00,2026-09-23T18:32:59.577057+00:00,1218,gainsofcryptopro
1571257,39453,"🐳 ZRO/USDT #LONG🐳

✳️ ENTRY :- 1.54 - 1.45

💢 LEVE...3 : 1.78

⛔️ STOP-LOSS :- 1.39

☝️ Margin Use 2–3%",cc0588c88d5b56314c1f65b7afee16cb,2026-09-23T17:01:03+00:00,2026-09-23T18:32:59.420385+00:00,1218,gainsofcryptopro
1571256,39452,"🌈Pair: TAKE/USDT

📈Direction: LONG

📌Leverage: 25x...nt

📊 Trade smart. Manage risk. Stay disciplined..",d9d1c2925f7a25784687e1ddd601c7f7,2026-09-23T17:01:03+00:00,2026-09-23T18:32:59.407036+00:00,1218,gainsofcryptopro
1571255,39451,"🚨 SHORT
FLOCK/USDT
ENTRY 0.07655

🚀 0.07540
🚀 0.05... 0.08202
LEVRAGE 10x- 40x

1% WALLET 

Dca 0.07873",3a09c3df6a089f85ba08ee4e6c5be68c,2026-09-23T17:01:03+00:00,2026-09-23T18:32:59.404217+00:00,1218,gainsofcryptopro
1571254,39454,"📈 LONG #SAGA/USDT 

🚀 LEVERAGE : 50x

📊 ENTRY PRIC...TP🟢0.0540

TP🟢0.0570

STOPLOSS 🔴0.0475

REACTIONS?",8a9187252b40e470d4b02284535f2e30,2026-09-23T17:01:03+00:00,2026-09-23T18:32:59.399142+00:00,1218,gainsofcryptopro
1574102,39475,"#ALCH buy setup long ✅

Tp 0.058$-0.062-0.068-0.080-0.10 

Stop lose 0.052$ 

Use 1-5X max",bb223ad5357a2ac189e099880215a718,2026-09-23T19:12:30+00:00,2026-09-23T20:17:04.124976+00:00,1218,gainsofcryptopro
1574100,39473,"Pair: #XLM/USDT

Short • (25X)

Entry
0.20325

Tar...t your own risk. Always use proper risk management",5b5e8f7f6688343528c65900cad59e62,2026-09-23T19:12:30+00:00,2026-09-23T20:17:03.955674+00:00,1218,gainsofcryptopro
1574098,39470,"✨XLM/USDT

🎗 Trade Type = SHORT 🔴

⭐️ Leverage :- ...075, 0.19871, 0.19659, 0.19472, 0.19234, 0.19028 ]",29a7b6cb37491c3bacfd074414e90258,2026-09-23T19:12:30+00:00,2026-09-23T20:17:03.895080+00:00,1218,gainsofcryptopro
1574097,39471,SHORT META 0.3480,2958778930f765d87895834247ad5933,2026-09-23T19:12:30+00:00,2026-09-23T20:17:03.893927+00:00,1218,gainsofcryptopro
1574091,39460,"$ONDOUSDT

SHORT

RR : 2

LEVERAGE : 15x

ENTRY : ...216

TAKE PROFITS 👇

1️⃣ 0.3925

STOPLOSS : 0.4358",cf3c0b8cacc9a3fb6c3673f5041ce29a,2026-09-23T19:12:05+00:00,2026-09-23T20:17:03.441158+00:00,1218,gainsofcryptopro
1574088,39461,"🟢 Long

#ZEC/USDT

Entry : 

1) 1523.43
2) 1477.72...27.65

🛑 Stop : 1427.45

Leverage : 10x (isolated)",b50c56ff5bc329cb98e9d7e0d8d296a2,2026-09-23T19:12:05+00:00,2026-09-23T20:17:03.422950+00:00,1218,gainsofcryptopro
1574087,39459,"KAIAUSDTUSDT  
Exchanges: BINGX 

🟢 Long
Leverage-....03560000
6) 0.03620000
7) 🚀🚀🚀 

⛔️ SL:
0.03220000",91252a41b5d03dfe4c85f39cc49e45b6,2026-09-23T19:12:05+00:00,2026-09-23T20:17:03.412887+00:00,1218,gainsofcryptopro
1575007,39477,"🔰 PAIR: XRP/ USDT 💹

🔴Position: SHORT🚀

☑️ Entry Z...:
🥇 1.4859
🥈 1.4823
🥉 1.4726

❌ Stop Loss: 🔴1.5135",58e634017adf5b03ee134c5b83ac1f60,2026-09-23T20:28:49+00:00,2026-09-23T21:45:05.011756+00:00,1218,gainsofcryptopro
1580866,39600,"⚡️⚡️ #UNI/USDT ⚡️⚡️
Exchanges: Bingx 
Signal Type:...5) 9.92584
6) 10.06630
7) 🚀🚀🚀

Stop Targets:
5-10%",e8d453eef3805f27429664bf9443a0bc,2026-09-24T05:04:51+00:00,2026-09-24T06:14:09.733646+00:00,1218,gainsofcryptopro
1580865,39599,"⚡️⚡️ #FLOKI/USDT ⚡️⚡️
Exchanges: Bingx 
Signal Typ...
5) 0.00003
6) 0.00003
7) 🚀🚀🚀

Stop Targets:
5-10%",8af6fa318ab6318e039d979f10269598,2026-09-24T05:04:51+00:00,2026-09-24T06:14:09.685122+00:00,1218,gainsofcryptopro
1580864,39598,"⚡️⚡️ #FLOCK/USDT ⚡️⚡️
Exchanges: Bingx 
Signal Typ...
5) 0.07404
6) 0.07509
7) 🚀🚀🚀

Stop Targets:
5-10%",1841a87609efd2431eebf839077b1686,2026-09-24T05:04:51+00:00,2026-09-24T06:14:09.679219+00:00,1218,gainsofcryptopro
1580862,39596,"⚡️⚡️ #MUBARAK/USDT ⚡️⚡️
Exchanges: Bingx 
Signal T...
5) 0.05812
6) 0.05894
7) 🚀🚀🚀

Stop Targets:
5-10%",328434b8b0260175e7ff04d0ce3d9ab3,2026-09-24T05:04:51+00:00,2026-09-24T06:14:09.575318+00:00,1218,gainsofcryptopro
1580860,39594,"💵 𝐒𝐈𝐆𝐍𝐀𝐋 𝐀𝐋𝐄𝐑𝐓 💵

#BTW/USDT (25xLONG)

✅ ENTRY:1.0...9750

TARGETS:-1.05/1.10/1.20

❌ STOP LOSS: 0.8650",f8b556cec5a7675314b5ec775f876b81,2026-09-24T05:04:50+00:00,2026-09-24T06:14:09.525559+00:00,1218,gainsofcryptopro
1580859,39593,"📈 NIL/USDT 📈

🔴 SHORT SETUP

💰 Entry Zone: 0.132 –...et 1. 
✅ Move SL to breakeven after Target 1 hits.",5812ff4aaf0906b77dc74c5131cb5ab7,2026-09-24T05:04:50+00:00,2026-09-24T06:14:09.466644+00:00,1218,gainsofcryptopro
1580858,39592,"📍Coin : #1000SHIB/USDT

🟢 LONG 

👉 Entry: 0.005708....006000
🎯 Target 6: 0.006060

❌ StopLoss: 0.005430",b6ff2cf349f8f216d2ffa92465328410,2026-09-24T05:03:20+00:00,2026-09-24T06:14:09.435664+00:00,1218,gainsofcryptopro
1580857,39591,"🔴 SHORT

#ETC/USDT

Entry : 

1) 9.115
2) 9.388

T...) 8.484

🛑 Stop : 9.689

Leverage : 10x (isolated)",692e5b8000ec7169309d298cf85c4e1b,2026-09-24T05:03:02+00:00,2026-09-24T06:14:09.397871+00:00,1218,gainsofcryptopro
1580856,39590,"🐳 TRIA/USDT #LONG🐳

✳️ ENTRY :- 0.0046 - 0.0044

💢...0.0056

⛔️ STOP-LOSS :- 0.0041

☝️ Margin Use 2–3%",8742ed1bfbb324e14c9c0c2406c32f08,2026-09-24T05:03:02+00:00,2026-09-24T06:14:09.368660+00:00,1218,gainsofcryptopro
1580855,39589,"#NIL        /USDT (SHORT) 🔽🔽

⌛LEVERAGE : 20X TO 7...0


💥Use only 1%margin of your total portfolio❤️😘😇",946548c1ea8dcd6b577a6a9191b599c4,2026-09-24T05:03:02+00:00,2026-09-24T06:14:09.360448+00:00,1218,gainsofcryptopro
1580854,39588,"➡️ #TAKE     /USDT (LONG) 🔼🔼

⌛LEVERAGE : 20X TO 7...0


💥Use only 1%margin of your total portfolio❤️😘😇",c254967e3b0c38a11034cd4ed495e277,2026-09-24T05:03:02+00:00,2026-09-24T06:14:09.318681+00:00,1218,gainsofcryptopro
1580853,39587,"⚡ #AVNT/USDT

📤 Long 

💹 Buy: 0.1110 - 0.1080

🧿 T...165 - 0.1176

🧨 StopLoss: 0.1052 

🔘 Leverage: 20x",8050dc3ba8f5237e9b210f63f1cbb1b0,2026-09-24T05:01:49+00:00,2026-09-24T06:14:09.288913+00:00,1218,gainsofcryptopro
1580852,39586,"Coin #ARK/USDT

Position: LONG 

Leverage:  Cross ...rgets: 🎯 0.1770, 0.1860, 0.2000

Stop Loss: 0.1610",7d9314a81e09d48c40c07eb6029c501f,2026-09-24T05:01:49+00:00,2026-09-24T06:14:09.221451+00:00,1218,gainsofcryptopro
1580851,39585,"🔰STG/USDT 🔰   

🟢 LONG 10X 20X

♻ ENTRY 
1️⃣ 0.139...

1️⃣ 0.142
2️⃣ 0.145
3️⃣ 0.150

⛔ STOPLOSS  0.130",fa4ef5951f899ff8b524b2be5b415985,2026-09-24T05:01:49+00:00,2026-09-24T06:14:09.180742+00:00,1218,gainsofcryptopro
1580849,39583,"🔴 SHORT

#LTC/USDT

Entry zone : 67.87 - 65.90

Ta...1.59
59.60
57.61

Stop loss :70.513

Leverage: 10x",658d77d54712d07cc5c6e956121fe223,2026-09-24T05:00:47+00:00,2026-09-24T06:14:09.131086+00:00,1218,gainsofcryptopro
1580847,39581,"$STEEM/USDT #SHORT📩

✅ENTRY :-0.067/0.06950

Targe...𝐎𝐧𝐥𝐲 𝟏-𝟑% 𝐎𝐟 𝐎𝐮𝐫 𝐃𝐞𝐩𝐨𝐬𝐢𝐭 𝐅𝐨𝐫 𝐄𝐚𝐜𝐡 𝐓𝐫𝐚𝐝𝐞

React,??m",4d82938ab1ae053af48a6618f97305a8,2026-09-24T05:00:25+00:00,2026-09-24T06:14:09.035737+00:00,1218,gainsofcryptopro
1580846,39580,"🔴 Short

Pair: #TRX/USDT

📊 Entry Price: 

1) 0.34...
4) 0.31890

Stop Loss: 0.36419

Leverage: 10x-20x",ba9a24c10211c74e3e54462bce75d3db,2026-09-24T05:00:25+00:00,2026-09-24T06:14:09.011881+00:00,1218,gainsofcryptopro
1580845,39579,"📈 LONG #XNY/USDT

♻ Leverage: 20X

➡️ Entry :- 0.0...1) 0.0081
2) 0.0083
3) 0.0086

⭕ Stop Loss: 0.0069",47efaa43c67f7b5bf2bc88613660e4b8,2026-09-24T05:00:25+00:00,2026-09-24T06:14:08.958208+00:00,1218,gainsofcryptopro
1580844,39578,"📊#ZRO/USDT–LONG–10x - 30x 🚀

📍 𝐄𝐧𝐭𝐫𝐲 𝐙𝐨𝐧𝐞:

➥ 1.57...tal.

⚠️ Disclaimer:
Trade at your own risk. DYOR.",acb9106d920b278fea08ea4d44b94256,2026-09-24T05:00:25+00:00,2026-09-24T06:14:08.941905+00:00,1218,gainsofcryptopro
1580843,39577,"📊#LSK/USDT–LONG–10x - 30x 🚀

📍 𝐄𝐧𝐭𝐫𝐲 𝐙𝐨𝐧𝐞:

➥ 0.36...tal.

⚠️ Disclaimer:
Trade at your own risk. DYOR.",3d4169a39c11390d9c4d1ea55e1478af,2026-09-24T05:00:25+00:00,2026-09-24T06:14:08.933549+00:00,1218,gainsofcryptopro
1580842,39576,"#SHORT 🔴 🔤🔤🔤🔤🔤

#BTC/USDT 

Margin Mode : Isolated...226

🟩 SL : 84,818 - 100%

📊 LEV : 30X

🇯🇵 Premium",5caa982b8dde455cc54c489420ab1173,2026-09-24T05:00:24+00:00,2026-09-24T06:14:08.818171+00:00,1218,gainsofcryptopro
1580841,39575,"#LONG 🟢🔤🔤🔤🔤🔤

#LTC/USDT

Margin Mode : Isolated 💎
...98

🟥 SL : 64.53 - 100%   

📊 LEV : 20X

🇯🇵Premium",e3e00e4fb8ff6469d98f97a1e53b3d8f,2026-09-24T05:00:24+00:00,2026-09-24T06:14:08.789562+00:00,1218,gainsofcryptopro
1580840,39573,"#LSK/USDT LONG   

👉Leverage : Cross 10× To 30×

E...
1)  0.366
2)  0.378
3)  0.389

⭕Stop Loss : 0.334",80a247ab447cdada016e70bbb7c0f656,2026-09-24T05:00:24+00:00,2026-09-24T06:14:08.780222+00:00,1218,gainsofcryptopro
1580839,39574,"📊 NOM/USDT — LONG

📍 ENTRY: 0.002340

🎯 TARGET 1: ...Manage your risk & trade responsibly.

🔥 LET’S GO!",ddc9b3d0842c811c419a37b393b988a9,2026-09-24T05:00:24+00:00,2026-09-24T06:14:08.764394+00:00,1218,gainsofcryptopro
1580838,39572,#LSK LONG 0.355,0a1cf40709875423e7587b7702a4ea7b,2026-09-24T05:00:24+00:00,2026-09-24T06:14:08.763476+00:00,1218,gainsofcryptopro
1580837,39571,"🟢 LONG $NEAR/USDT | Cross 19X 

✅ Entry: 4.39

🎯 TP: 4.52  - 4.65 -  4.80

🛑 SL: 4",ad814ff70010f24d3d24c61888624934,2026-09-24T05:00:24+00:00,2026-09-24T06:14:08.634276+00:00,1218,gainsofcryptopro
1580836,39570,"🟢 LONG $UNI/USDT | Cross 20X 

✅ Entry: 9.28

🎯 TP: 9.65  - 10.05 -  10.50

🛑 SL: 8.50",78f3a14f0ee41ba158d3871676f2fb83,2026-09-24T05:00:24+00:00,2026-09-24T06:14:08.599313+00:00,1218,gainsofcryptopro
1580835,39569,"📊#CVC/USDT — LONG

⚡️ Leverage : 10X – 30X

💹Entry...Entry After TP1

⚖️ Follow Proper Risk Management.",c1e2208cf72f3b8c0396424310664d60,2026-09-24T05:00:24+00:00,2026-09-24T06:14:08.591084+00:00,1218,gainsofcryptopro
1580834,39568,"#LSK/ USDT — BUY (LONG) 
Leverage: Cross 25x – 50x...T IS KEY
👉 Use ONLY 2 – 3% of your total portfolio",db1ba2c26f1b44d87d3051a25779219f,2026-09-24T05:00:24+00:00,2026-09-24T06:14:08.579080+00:00,1218,gainsofcryptopro
1584277,39668,"#BLESS/USDT 🔴 SHORT

📍 Entry Zone: 0.009732 – 0.01...: SHORT

⚠️ Manage your risk and trade responsibly",a4bdd66927ed5295ec16f030cc695a7d,2026-09-24T07:31:59+00:00,2026-09-24T08:13:02.107132+00:00,1218,gainsofcryptopro
1584276,39667,"✨KMNO/USDT

🎗 Trade Type = LONG 🟢

⭐️ Leverage :- ...[ 0.0371, 0.0375, 0.0378, 0.0382, 0.0386, 0.0391 ]",94bfa7516f6242ad15d57bdb93dbeeda,2026-09-24T07:31:59+00:00,2026-09-24T08:13:02.056447+00:00,1218,gainsofcryptopro
1584275,39666,"📊 Let’s SHORT #NIL/USDT

💥 Leverage:  Cross 20×  -...: 

1) 0.125
2) 0.119
3) 0.107

🔖 Stop Loss: 0.137",b297e7600482517a0a588c3787f14156,2026-09-24T07:31:59+00:00,2026-09-24T08:13:01.986314+00:00,1218,gainsofcryptopro
1584273,39664,"👑 #NIL/USDT — TRADE SHORT

LEVERAGE 25X TO 50X

✅ ...0

⛔️ STOP LOSS: 0.1360

⚡️ NO FEAR — JUST PROFITS",77f51c9abfec29170abcef2d221fbdf4,2026-09-24T07:13:04+00:00,2026-09-24T08:13:01.948499+00:00,1218,gainsofcryptopro
1584272,39663,"#FF/USDT LONG   

👉Leverage : Cross 10× To 30×

En...
1)  0.140
2)  0.147
3)  0.157

⭕Stop Loss : 0.131",848992c6deb232918bae27d5e048bb13,2026-09-24T07:10:03+00:00,2026-09-24T08:13:01.874598+00:00,1218,gainsofcryptopro
1584271,39662,"#NOM/USDT LONG   

👉Leverage : Cross 10× To 30×

E...00275
2)  0.00287
3)  0.00300

⭕Stop Loss : 0.0025",150a5665304c9e018c9ae4dac6c3e78b,2026-09-24T07:10:03+00:00,2026-09-24T08:13:01.857373+00:00,1218,gainsofcryptopro
1584270,39660,"🪙 Coin: #FF/USDT
🧭 Type: #LONG

📈 Entry Zone:
0.13... within the zone and maintain strict risk control.",185464d2e1ad0e97883855ec5eedf796,2026-09-24T07:10:03+00:00,2026-09-24T08:13:01.757045+00:00,1218,gainsofcryptopro
1584269,39661,"#LSK/USDT

📈Signal: long Leverage: Cross 50X

⚡️En...even after TP1 is hit.

📣Trade Smart • Follow Risk",1454c1106ca7e44d52714fc9a62d30bb,2026-09-24T07:10:03+00:00,2026-09-24T08:13:01.756314+00:00,1218,gainsofcryptopro
1584268,39659,"👑 #NOM/USDT — TRADE LONG

LEVERAGE 25X TO 50X

✅ E...
⛔️ STOP LOSS: 0.002590

⚡️ NO FEAR — JUST PROFITS",11d806c425662b70a91a6e3d2d6fc4a6,2026-09-24T07:10:03+00:00,2026-09-24T08:13:01.754509+00:00,1218,gainsofcryptopro
1584267,39658,"📈 LONG #NIL/USDT 

🚀 LEVERAGE : 50x

📊 ENTRY PRICE...2

TP🟢0.136

TP🟢0.142

STOPLOSS 🔴0.121

REACTIONS?",61898db92d6eb5602031e246a4e1b316,2026-09-24T07:10:03+00:00,2026-09-24T08:13:01.691908+00:00,1218,gainsofcryptopro
1584225,39609,"⌛#LINK/USDT  ( LONG )

🍁 Leverage 👉 20X to 25X 

⛩...54 | 12.879 | 13.009 | 13.155

🔕 Stoploss = 12.028",fa3b0d56e441b194a834c4cd1e0fb676,2026-09-24T06:29:17+00:00,2026-09-24T08:12:59.904761+00:00,1218,gainsofcryptopro
1584224,39610,"🚀 #FFUSDT LONG SIGNAL 🚀

⚡️ LEVERAGE 50X–75X
📌 ENT...h this move together!

🔓 Trade Smart • Trade Safe.",81d5753d8bfecfcea346c3d46684c604,2026-09-24T06:29:17+00:00,2026-09-24T08:12:59.903296+00:00,1218,gainsofcryptopro
1584222,39607,"#PENGU $PENGU LONG TRADE

ENTRY: 0.00994

TARGET: 0.01185

STOPLOSS: 0.009685",91bb6f117fd6fbbad1d64c6b28a9ebbb,2026-09-24T06:29:17+00:00,2026-09-24T08:12:59.888645+00:00,1218,gainsofcryptopro
1584221,39606,"📊 Let’s SHORT #ONE/USDT

💥 Leverage:  Cross 20×  -....00234
2) 0.00217
3) 0.00200

🔖 Stop Loss: 0.00253",db3e60f879e51920994e6cc51b0aac8f,2026-09-24T06:29:17+00:00,2026-09-24T08:12:59.844894+00:00,1218,gainsofcryptopro
1584219,39603,"🚀SHORT: $ONE/USDT🚀
LEVERAGE: 20X-50X

🤍 ENTRY PRIC...5- 0.0020
—————

❌ STOP LOSS: 0.002770❌

REACTIONS",5f859d0f760d23dde2f448c47a257526,2026-09-24T06:29:17+00:00,2026-09-24T08:12:59.695004+00:00,1218,gainsofcryptopro
1584217,39602,"#NIL/USDT

📈Signal: long Leverage: Cross 50X

⚡️En...even after TP1 is hit.

📣Trade Smart • Follow Risk",d0b76feba90b45c50882e9673e1da363,2026-09-24T06:29:17+00:00,2026-09-24T08:12:59.687081+00:00,1218,gainsofcryptopro
1584216,39601,"Coin #BTR/USDT

Position: LONG 

Leverage:  Cross ...rgets: 🎯 0.0551, 0.0579, 0.0620

Stop Loss: 0.0506",4bdfe969efe6645fd44d2cb092a9e29d,2026-09-24T06:29:17+00:00,2026-09-24T08:12:59.670020+00:00,1218,gainsofcryptopro
1589306,39699,"⭐️#LSK/USDT  LONG 

🛡Leverage : Cross 25x50

‼️Ent....36326

Use only 3% - 5% amount of your portfolio🛍",0ea05f12806726096de5ec146215b1ad,2026-09-24T09:34:08+00:00,2026-09-24T10:29:34.819266+00:00,1218,gainsofcryptopro
1589305,39697,"✨BCH/USDT

🎗 Trade Type = SHORT 🔴

⭐️ Leverage :- ...[ 323.96, 320.32, 316.86, 314.38, 310.37, 306.42 ]",14ef7c99e10a5b2b7c4f478be5992472,2026-09-24T09:34:08+00:00,2026-09-24T10:29:34.775958+00:00,1218,gainsofcryptopro
1589301,39692,"#CYS  USDT — BUY (LONG) 
🎉
🟢 Leverage: Cross  30x
...⛔️Stop Loss: 0.1600

🔽 Risk Management:

 REACTION",e07c9462d729fe9b718c491b16db88f7,2026-09-24T09:33:53+00:00,2026-09-24T10:29:34.644791+00:00,1218,gainsofcryptopro
1589300,39691,"BTC / USDT 

SHORT SHORT SHORT 

IST ENTRY AT MARKET PRICE 

TP 82900

20x Leverage 

SL 85000",4d7d8085c6555ccc6438b9f9659ce45e,2026-09-24T09:33:53+00:00,2026-09-24T10:29:34.569776+00:00,1218,gainsofcryptopro
1589298,39687,"ETH / USDT/ LONG
Entry at market price 

Cross || ...only 1% of your wallet. 
Manage your risk properly",8cac514bcef347b3484bf8d0c52c3761,2026-09-24T09:33:53+00:00,2026-09-24T10:29:34.441071+00:00,1218,gainsofcryptopro
1589296,39686,"🌹 #FOLKS/USDT

🟢 LONG

✅ Entry: 2.487- 2.432

❌ St...l advice.
💰 Stay disciplined. Protect your capital",8973870649f3c5118576badfe29f2e0c,2026-09-24T09:33:53+00:00,2026-09-24T10:29:34.427971+00:00,1218,gainsofcryptopro
1589297,39685,"🪙#SUPER/USDT

🚩POSITION — SHORT

🔒  LEVERAGE — 20X...0.15400
TP🥉: 0.14200

⛔️ SL: 0.20500

🔥REACTIONS?😜",db535c9651ccc0da98b9c0ffbc3ab592,2026-09-24T09:33:52+00:00,2026-09-24T10:29:34.432566+00:00,1218,gainsofcryptopro
1589295,39684,"#SUPER/USDT SHORT NOW 📉
🏠ENTRY: ( 0.17107 )",3092f4767b11b491cdddc9ac7c7f1cfa,2026-09-24T09:33:52+00:00,2026-09-24T10:29:34.373181+00:00,1218,gainsofcryptopro
1589294,39683,"🚨 #LSK/USDT | SHORT

⚡Leverage: Cross 20x

🎯Entry ... follow the signal and secure profits at targets.💎",0065ee7b57704bcb23bcc1a08363d54d,2026-09-24T09:33:52+00:00,2026-09-24T10:29:34.254402+00:00,1218,gainsofcryptopro
1589293,39682,"💰#CYS / USDT👑

💎Setup Type: Strong LONG  🔖Opportun...

🥉TP ➝ 0.2200

4️⃣TP ➝ 0.3000

🚫Stop Loss: 0.1550",f375b0daeb7f40f16a56bd16ee97bdc7,2026-09-24T09:33:52+00:00,2026-09-24T10:29:34.227397+00:00,1218,gainsofcryptopro
1589291,39680,"⭐ BLESS /USDT — LONG

💵 ENTRY:0.01000-0.090000

⚙️...o

📌 Follow the setup and manage your risk wisely.",73d3bc968a797633090330940a6f803a,2026-09-24T09:33:52+00:00,2026-09-24T10:29:34.222359+00:00,1218,gainsofcryptopro
1589290,39679,"⭐ CYS /USDT — LONG

💵 ENTRY:0.1850-0.1700

⚙️ LEVE...o

📌 Follow the setup and manage your risk wisely.",d50ca8b2de38986b95ec7d2e7adf9a47,2026-09-24T09:33:52+00:00,2026-09-24T10:29:34.214823+00:00,1218,gainsofcryptopro
1589288,39677,"Quick Scalping Trade 🟢
B2 USDT
Long 
Market Price 
Target 🎯 
0.5300
0.5400
0.5500

Sl
0.50000",e774c0465ec93a180b75037c7101f00f,2026-09-24T09:33:52+00:00,2026-09-24T10:29:34.034527+00:00,1218,gainsofcryptopro
1589287,39676,"🔴 Short

Pair: #ETC/USDT

📊 Entry Price: 

1) 9.60....144
4) 8.941

Stop Loss: 10.21

Leverage: 10x-20x",2ec8f6ce72c9ea91bf37a91afedee4c8,2026-09-24T08:31:54+00:00,2026-09-24T10:29:33.957970+00:00,1218,gainsofcryptopro
1589285,39675,"🔴 SHORT

#BAT/USDT

Entry : 

1) 0.091780
2) 0.094...5430

🛑 Stop : 0.097562

Leverage : 10x (isolated)",170d171f574ccdbe22d8dad6842b79ef,2026-09-24T08:31:54+00:00,2026-09-24T10:29:33.944868+00:00,1218,gainsofcryptopro
1589286,39674,"🔴 SHORT

#DASH/USDT

Entry zone : 63.11 - 61.28

T....27
55.42
53.58

Stop loss :65.5696

Leverage: 10x",1335750f2ee2cc00221afd3102f0b957,2026-09-24T08:31:53+00:00,2026-09-24T10:29:33.953821+00:00,1218,gainsofcryptopro
1589283,39671,"#LSK  USDT — BUY (LONG) 
🎉
🟢 Leverage: Cross  25x
...️Stop Loss: 0.32000

🔽 Risk Management:

 REACTION",b39058ca0492b142618047fc9d748980,2026-09-24T08:31:53+00:00,2026-09-24T10:29:33.792290+00:00,1218,gainsofcryptopro
1589280,39672,"NIL/USDT 

Position: LONG

Leverage: 10X To 25X 

...ss: 0.117

High volatile token so use low margin 🤝",99ef145d34dd0a73f24fe92ed9cf3e57,2026-09-24T08:31:53+00:00,2026-09-24T10:29:33.774547+00:00,1218,gainsofcryptopro
1592746,39742,"📊 Let’s SHORT #XRP/USDT

💥 Leverage:  Cross 20×  -...1) 1.4200
2) 1.4000
3) 1.3450

🔖 Stop Loss: 1.5450",d8049a31c9752719b4b22def366fb11e,2026-09-24T12:28:14+00:00,2026-09-24T12:39:26.288848+00:00,1218,gainsofcryptopro
1592743,39741,"🔘 Coin : #ARX/USDT 🔘

🔴 SHORT

🔺Entry🔻: 0.2475

⭐️...76 - 0.2326

♦️ StopLoss : 0.2566

🔱 Leverage: 25x",f3e9e4920e832a9b23dcb278b55748da,2026-09-24T12:28:14+00:00,2026-09-24T12:39:26.206434+00:00,1218,gainsofcryptopro
1592740,39740,"BTC/USDT Long  | 

Entry  :  83400 

TP   :  83700 / 84000 / 85000

SL  :  82500 | Risk 3% to 5%",852c7a81f5df7d06164df88b2cdbd86f,2026-09-24T12:28:14+00:00,2026-09-24T12:39:26.169316+00:00,1218,gainsofcryptopro
1592738,39738,"✅ Long

Pair: #IOTA/USDT

📊 Entry Price: 

1) 0.04...) 0.049072

Stop Loss: 0.043036

Leverage: 10x-20x",e7b98c6552a3427a872fe1adcfe97803,2026-09-24T12:28:14+00:00,2026-09-24T12:39:26.067502+00:00,1218,gainsofcryptopro
1592737,39737,"📊 Let’s LONG #UNI/USDT

💥 Leverage:  Cross 20×  - ...rgets: 

1) 9.7
2) 10.8
3) 11.7

🔖 Stop Loss: 8.08",6b929326b35889f4d444d173772d6716,2026-09-24T12:28:14+00:00,2026-09-24T12:39:25.958693+00:00,1218,gainsofcryptopro
1592733,39736,"ATOMUSDTUSDT  
Exchanges: BINGX 

🟢 Short
Leverage... 1.73
4) 1.72
5) 1.58
6) 1.45
7) 🚀🚀🚀 

⛔️ SL:
1.62",990052d2a9f9e5f40d051e8b4065c921,2026-09-24T12:28:14+00:00,2026-09-24T12:39:25.803169+00:00,1218,gainsofcryptopro
1592728,39734,"↗️ LONG #PROM 50x

📌 Entry: 5.80

🎯 TP: 5.95

⛔️ S...t Usage: 1-3%
⚠️ According to your risk management",525b23912f9a8967d8f1df4af7b30bf7,2026-09-24T12:28:13+00:00,2026-09-24T12:39:25.698307+00:00,1218,gainsofcryptopro
1592724,39730,"🚀 #PROMUSDT LONG SIGNAL 🚀
⚡️ LEVERAGE 50X–75X

📌 E...tch this move together!
🔓 Trade Smart • Trade Safe",43ca82a9e1e242237efb673532409315,2026-09-24T12:28:13+00:00,2026-09-24T12:39:25.407512+00:00,1218,gainsofcryptopro
1592719,39728,"BROCCOLI/ USDT/ LONG
Entry at market price 

Cross...only 1% of your wallet. 
Manage your risk properly",0aa2b35dc999698ceaedb52602be7388,2026-09-24T12:28:13+00:00,2026-09-24T12:39:25.299745+00:00,1218,gainsofcryptopro
1592718,39727,"🚀 LONG: $NIL/USDT
LEVERAGE: 50x

✔️ENTRY PRICE: 0....1340-0.1400-0.1500

STOP LOSS:  0.1235

REACTIONS?",a1165db0513db3d99e488025edf886b3,2026-09-24T12:28:13+00:00,2026-09-24T12:39:25.272932+00:00,1218,gainsofcryptopro
1592717,39726,"🟢 Long

#XRP/USDT

Entry : 

1) 1.4667
2) 1.4226

...1.5670

🛑 Stop : 1.3742

Leverage : 10x (isolated)",2644c69a0d676dde6b21a5731b52fc62,2026-09-24T12:28:13+00:00,2026-09-24T12:39:25.178424+00:00,1218,gainsofcryptopro
1592715,39725,"TRUMPUSDTUSDT  
Exchanges: BINGX 

🟢 Short
Leverag... 1.91
4) 1.88
5) 1.83
6) 1.79
7) 🚀🚀🚀 

⛔️ SL:
2.08",48eebef89edc0d29122169f5c059cdbe,2026-09-24T12:28:13+00:00,2026-09-24T12:39:24.985381+00:00,1218,gainsofcryptopro
1592710,39724,"👑My Coin: $NOM/USDT
👀Looking for LONG

🌟0.002415 W...I Will Set: 0.002324
°°°°°°°°°°°°°° As my stoploss",1d2d440a79ae224924ff6be36a81add1,2026-09-24T12:28:13+00:00,2026-09-24T12:39:24.936194+00:00,1218,gainsofcryptopro
1592709,39723,"✅ Long

#QTUM/USDT

Entry zone : 0.923052 - 0.9516...41526
1.069931

Stop loss :0.884988

Leverage: 10x",f79ad52ca2b330e137474c38fd42cb84,2026-09-24T12:28:13+00:00,2026-09-24T12:39:24.868441+00:00,1218,gainsofcryptopro
1592690,39712,"Use only 2% Funds

#SUI/USDT (SHORT)

Entry 1 = 0....Profit
T.P 3 = 1000% Profit 

🔴Stop loss at 1.0400",db710f34d3c88b77fa68684f3b27021d,2026-09-24T12:27:27+00:00,2026-09-24T12:39:24.038450+00:00,1218,gainsofcryptopro
1592688,39711,"Pair: #BCH/USDT

Short • (25X)

Entry
329.00

Targ...t your own risk. Always use proper risk management",6d08dc431296e8a267d944a0bb6986bd,2026-09-24T12:27:27+00:00,2026-09-24T12:39:24.025883+00:00,1218,gainsofcryptopro
1592687,39710,"📊 #TUT/USDT

🟢 POSITION: LONG

💰 ENTRY RANGE
➤ 0.0...➤ 0.0210

━━━━━━━━━━━━━━━━━━

✅ Manage risk wisely",697f69f7caffb47573afec00c8123ddd,2026-09-24T12:27:27+00:00,2026-09-24T12:39:24.022297+00:00,1218,gainsofcryptopro
1592682,39709,"📊 Let’s LONG #NOM/USDT

💥 Leverage:  Cross 20×  - ....00265
2) 0.00276
3) 0.00298

🔖 Stop Loss: 0.00242",8b1e3e8b1edc30412693458f276dd0c6,2026-09-24T12:27:27+00:00,2026-09-24T12:39:23.747342+00:00,1218,gainsofcryptopro
1592681,39708,"#NIL/ USDT — BUY (LONG) 
Leverage: Cross 25x – 50x...T IS KEY
👉 Use ONLY 2 – 3% of your total portfolio",26f6a29ffd934988dd4189e3044a2fb9,2026-09-24T12:27:27+00:00,2026-09-24T12:39:23.744044+00:00,1218,gainsofcryptopro
1592680,39707,"👑 #NOM/USDT — TRADE LONG

LEVERAGE 25X TO 50X

✅ E...
⛔️ STOP LOSS: 0.002420

⚡️ NO FEAR — JUST PROFITS",4fd9baa41d0ee0ff44f347b72777f897,2026-09-24T12:27:27+00:00,2026-09-24T12:39:23.727223+00:00,1218,gainsofcryptopro
1592678,39705,"💰#LSK / USDT👑

💎Setup Type: Strong LONG  🔖Opportun...TP ➝ 0.50000

4️⃣TP ➝ 0.60000

🚫Stop Loss: 0.32000",26362be2796b2fd4ffd9886cb0b30e1f,2026-09-24T12:27:27+00:00,2026-09-24T12:39:23.708399+00:00,1218,gainsofcryptopro
1592677,39706,"#LSK/USDT LONG   

👉Leverage : Cross 10× To 30×

E...
1)  0.413
2)  0.525
3)  0.450

⭕Stop Loss : 0.379",eb20eae6973c752801e21eba538dfa0b,2026-09-24T12:27:27+00:00,2026-09-24T12:39:23.699259+00:00,1218,gainsofcryptopro
1592671,39702,NILUSDT SHORT NOW,50b69475e0b68b33dd522650a4c940b3,2026-09-24T12:27:27+00:00,2026-09-24T12:39:23.407948+00:00,1218,gainsofcryptopro
1592670,39703,"⭐️#NIL/USDT  SHORT

🛡Leverage : Cross 25x50

‼️Ent....14973

Use only 3% - 5% amount of your portfolio🛍",8effc32465d9cf705598ff8b60519068,2026-09-24T12:27:27+00:00,2026-09-24T12:39:23.406001+00:00,1218,gainsofcryptopro
1592669,39700,"🔰 PAIR: ETH/ USDT 💹

🔴Position: SHORT🚀

☑️ Entry Z... Targets:
🥇 2652
🥈 2642
🥉 2625

❌ Stop Loss: 🔴2695",759d8074e733d94f765cbfcf0b4b4d99,2026-09-24T12:27:26+00:00,2026-09-24T12:39:23.404265+00:00,1218,gainsofcryptopro
1592668,39701,"👑 #LSK/USDT — TRADE LONG

LEVERAGE 25X TO 50X

✅ E...0

⛔️ STOP LOSS: 0.3790

⚡️ NO FEAR — JUST PROFITS",eeb1fd304dcd5cc14a536270a9ea18b0,2026-09-24T12:27:26+00:00,2026-09-24T12:39:23.399768+00:00,1218,gainsofcryptopro
1596365,39768,"📈 LONG #ONDO/USDT 

🚀 LEVERAGE : 75x

📊 ENTRY PRIC...9

TP🟢0.525

TP🟢0.550

STOPLOSS 🔴0.470

REACTIONS?",545c9192cd0cef9539bb275a73e545df,2026-09-24T14:24:17+00:00,2026-09-24T14:36:10.705155+00:00,1218,gainsofcryptopro
1596363,39766,"↗️ LONG #BROCCOLi714 50x

📌 Entry: 0.03200

🎯 TP: ...t Usage: 1-3%
⚠️ According to your risk management",ee5836687c29b2af0c8e05064d6958d6,2026-09-24T14:24:17+00:00,2026-09-24T14:36:10.602526+00:00,1218,gainsofcryptopro
1596362,39765,"🌈PAIR:- LSK/USDT
⚡️ Direction : SHORT
🛠 Leverage: ...nt Usage:- 1 - 2%
(According To your Risk Setting)",6b25080930454b8b0be319e49d46673f,2026-09-24T14:24:16+00:00,2026-09-24T14:36:10.598324+00:00,1218,gainsofcryptopro
1596361,39764,"LSK/USDT 

SHORT SHORT SHORT 

OPEN MARKET PRICE 
...0.40500
TP 0.40200
TP 0.39900

SL 0.43500

LEV 16x",6c6b57ba5cda49d23289912c9c62a68b,2026-09-24T14:24:16+00:00,2026-09-24T14:36:10.589071+00:00,1218,gainsofcryptopro
1596360,39763,"🚨 #NEAR/USDT | LONG

⚡Leverage: Cross 20x

🎯Entry ... follow the signal and secure profits at targets.💎",79fc3ddcc46c73defe7dc175bf00fd23,2026-09-24T14:24:16+00:00,2026-09-24T14:36:10.442785+00:00,1218,gainsofcryptopro
1596359,39760,"✅Entry  -0.4100-0.4050

(🆘LONG LSKUSDT 5-20x🆘)

🏹 ...5  $0.4305
🏹Target 6  $0.4360

🚫Stop loss -0.38696",6d1abfbe163684c11c1c3d46bcca4803,2026-09-24T14:02:53+00:00,2026-09-24T14:36:10.332089+00:00,1218,gainsofcryptopro
1596357,39761,"TAKE/USDT BUY (SHORT) 

⚡️Leverage : Cross 20x to ...06900

⚠️Use only 3% - 5% amount of your portfolio",6ed2c677a5b42a1a7b414322b174cc06,2026-09-24T14:02:53+00:00,2026-09-24T14:36:10.322362+00:00,1218,gainsofcryptopro
1596358,39762,"Pair: #BROCCOLI/USDT

Short • (25X)

Entry
0.03084...t your own risk. Always use proper risk management",c5ef74e20826e1ca24f6ff24587e68a5,2026-09-24T14:02:53+00:00,2026-09-24T14:36:10.249121+00:00,1218,gainsofcryptopro
1596356,39759,LONG LSK 0.41072,3163f1a3fb4e5ff86d8b6d6f06e2c6fc,2026-09-24T14:02:53+00:00,2026-09-24T14:36:10.226158+00:00,1218,gainsofcryptopro
1596355,39758,"💰#ONE / USDT👑

💎Setup Type: Strong SHORT  🔖Opportu....0018000

4️⃣TP ➝ 0.0014000

🚫Stop Loss: 0.0028500",d993cba29d18fad944d52905172f90ad,2026-09-24T14:02:53+00:00,2026-09-24T14:36:10.179634+00:00,1218,gainsofcryptopro
1596354,39757,"🪙#NIL/USDT

🚩POSITION — SHORT

🔒  LEVERAGE — 20X75...0.10400
TP🥉: 0.10000

⛔️ SL: 0.12000

🔥REACTIONS?😜",f52770c029639d99a2d532045f13f44d,2026-09-24T14:02:53+00:00,2026-09-24T14:36:09.995083+00:00,1218,gainsofcryptopro
1596353,39755,"📈 LONG #LSK/USDT 

🚀 LEVERAGE : 50x

📊 ENTRY PRICE...

TP🟢0.440

TP🟢0.470

STOPLOSS 🔴0.385


REACTIONS?",564a4a9b5a9616716e73358e34ae59ff,2026-09-24T14:02:53+00:00,2026-09-24T14:36:09.994431+00:00,1218,gainsofcryptopro
1596352,39756,"#NIL/USDT SHORT NOW 📉
🏠ENTRY: ( 0.10923 )",4c42954678fce06be6ff5d8d4c11f948,2026-09-24T14:02:53+00:00,2026-09-24T14:36:09.984348+00:00,1218,gainsofcryptopro
1596351,39754,"BTC/USD SELL 

Entry : $ 85764

Target1: $  84320
Target2: $  81986
Target3: $  79837


SL : $ 88240",9a2cbbbaa4c84ce3bc4721fd1ccac74c,2026-09-24T14:02:53+00:00,2026-09-24T14:36:09.968510+00:00,1218,gainsofcryptopro
1596350,39753,"#NIL  USDT — SELL (SHORT) 
🎉
🟢 Leverage: Cross  30...️Stop Loss: 0.13500

🔽 Risk Management:

 REACTION",83ff250514999a9a8c71365623cbc8a4,2026-09-24T14:02:53+00:00,2026-09-24T14:36:09.914700+00:00,1218,gainsofcryptopro
1596348,39751,"🚀 SHORT: $ONE/USDT
LEVERAGE: 50x

✔️ENTRY PRICE: 0...025600-0.002000

STOP LOSS:  0.002570


REACTIONS?",d1b94ab8d2588f465b1a61dfe09790b2,2026-09-24T14:02:53+00:00,2026-09-24T14:36:09.696472+00:00,1218,gainsofcryptopro
1596347,39750,"#LONG 🟢🔤🔤🔤🔤🔤

#ETH/USDT

Margin Mode : Isolated 💎
...2802

🟥 SL : 2605- 100%   

📊 LEV : 30X

🇯🇵Premium",a3b1e922cb024cfeaa03be36f58eec30,2026-09-24T14:02:53+00:00,2026-09-24T14:36:09.683933+00:00,1218,gainsofcryptopro
1596346,39749,"🚀 SHORT: $LSK/USDT
LEVERAGE: 50x

✔️ENTRY PRICE: 0...890-0.3700-0.3300

STOP LOSS:  0.4180


REACTIONS?",9b3afcc497996c593d3bf6469bac2862,2026-09-24T14:02:53+00:00,2026-09-24T14:36:09.666990+00:00,1218,gainsofcryptopro
1596345,39748,"👑My Coin: $LSK/USDT
👀Looking for SHORT

🌟0.40243 W...️I Will Set: 0.41694
°°°°°°°°°°°°°° As my stoploss",0cc4b409569aa472405955e578f95e2b,2026-09-24T14:02:53+00:00,2026-09-24T14:36:09.655504+00:00,1218,gainsofcryptopro
1596344,39747,"🚀 #INITUSDT LONG SIGNAL 🚀
⚡️ LEVERAGE 50X–75X

📌 E...tch this move together!
🔓 Trade Smart • Trade Safe",a11eb235e7152f3a6fe1e4e1053eacbc,2026-09-24T14:02:53+00:00,2026-09-24T14:36:09.456114+00:00,1218,gainsofcryptopro
1596343,39745,"🔰 PAIR: GUN/ USDT 💹

🔴Position: SHORT🚀

☑️ Entry Z...0.00295
🥈 0.00292
🥉 0.00286

❌ Stop Loss: 🔴0.00307",1c661f341a5032b6edfe31f815092a43,2026-09-24T14:02:52+00:00,2026-09-24T14:36:09.448416+00:00,1218,gainsofcryptopro
1596342,39746,"🔘 Coin : #BTW/USDT 🔘

🔴 SHORT

🔺Entry🔻: 1.0236

⭐️...23 - 0.9621

♦️ StopLoss : 1.0598

🔱 Leverage: 25x",cada093e648cca783c876852154549c4,2026-09-24T14:02:52+00:00,2026-09-24T14:36:09.445558+00:00,1218,gainsofcryptopro
1596341,39744,"📊 Let’s SHORT #FOGO/USDT

💥 Leverage:  Cross 20×  ...260
2) 0.005940
3) 0.005750

🔖 Stop Loss: 0.006650",3ab335fff9f7fa81f1a4c352df80d938,2026-09-24T14:02:52+00:00,2026-09-24T14:36:09.431519+00:00,1218,gainsofcryptopro
1596340,39743,"🚨 #BR/USDT | LONG

⚡Leverage: Cross 20x

🎯Entry Ta... follow the signal and secure profits at targets.💎",10eb3f1a848b21f3dea7a824921ee67c,2026-09-24T14:02:52+00:00,2026-09-24T14:36:09.430762+00:00,1218,gainsofcryptopro
1599480,39778,"🔴SHORT  #BTCUSDT

🔶 Entry : 84500 - 84600

➡️ Leve...ake Profit Targets :

👉 83800

🛑 Stop Loss : 85400",a7c50b9d06f2f3907dc3731f743fe904,2026-09-24T16:27:41+00:00,2026-09-24T16:35:17.631174+00:00,1218,gainsofcryptopro
1599479,39777,"🪙#PLAY/USDT

🚩POSITION — SHORT

🔒  LEVERAGE — 20X7...0.03120
TP🥉: 0.03800

⛔️ SL: 0.03000

🔥REACTIONS?😜",a1ada2f9c3ddb3d1303d2d13892b574c,2026-09-24T16:27:41+00:00,2026-09-24T16:35:17.620113+00:00,1218,gainsofcryptopro
1599478,39776,"#PLAY/USDT SHORT NOW 📉
🏠ENTRY: ( 0.03577 )",1a86145fd5517ce893d47758694f8c3b,2026-09-24T16:27:41+00:00,2026-09-24T16:35:17.604434+00:00,1218,gainsofcryptopro
1599477,39775,"#NIL/ USDT — BUY (SHORT) 
Leverage: Cross 25x – 50...T IS KEY
👉 Use ONLY 2 – 3% of your total portfolio",381ca2976ba0612c0a9797c3373f8aa9,2026-09-24T16:27:41+00:00,2026-09-24T16:35:17.591695+00:00,1218,gainsofcryptopro
1599476,39774,"💰#BTW  / USDT👑

💎Setup Type: Strong LONG 🔖Opportun...

🥉TP ➝ 1.3500

4️⃣TP ➝ 1.5000

🚫Stop Loss: 0.8800",66440a76363bbe9244958361c4f72931,2026-09-24T16:27:41+00:00,2026-09-24T16:35:17.542826+00:00,1218,gainsofcryptopro
1599473,39770,"🚀 #FOLKSUSDT LONG SIGNAL 🚀
⚡️ LEVERAGE 50X–75X

📌 ...tch this move together!
🔓 Trade Smart • Trade Safe",dc6f257a2da0800c98b95d4111152e84,2026-09-24T15:22:12+00:00,2026-09-24T16:35:17.421554+00:00,1218,gainsofcryptopro
1599471,39769,"#BB/USDT

📈Signal: long Leverage: Cross 20X

⚡️Ent...even after TP1 is hit.

📣Trade Smart • Follow Risk",055899b8b8b66f668163cd8730617e26,2026-09-24T15:22:12+00:00,2026-09-24T16:35:17.407779+00:00,1218,gainsofcryptopro
1604735,39812,"📉 SHORT #LSK 50x

📌 Entry: 0.43400

🎯 TP: 0.42200
...t Usage: 1-3%
⚠️ According to your risk management",511898d7172d9c9e2607c0e424179490,2026-09-24T20:18:32+00:00,2026-09-24T20:34:38.536844+00:00,1218,gainsofcryptopro
1604732,39800,"↗️ LONG #LSK 50x

📌 Entry: 0.43200

🎯 TP: 0.44200
...t Usage: 1-3%
⚠️ According to your risk management",029955faab27e677e672e9ace672c291,2026-09-24T19:49:30+00:00,2026-09-24T20:34:38.269221+00:00,1218,gainsofcryptopro
1604729,39799,"🌹 #NOM/USDT

🔴SHORT

✅ Entry: 0.00223- 0.00228

❌ ...l advice.
💰 Stay disciplined. Protect your capital",18688cdb61518568f96fb9104ac4dc7d,2026-09-24T19:49:30+00:00,2026-09-24T20:34:38.254868+00:00,1218,gainsofcryptopro
1604728,39797,"#ETH

ETH is forming a consolidation below the res...61
🚀 Targets: 2634 / 2576 / 2478
📉 Stop Loss: 2751",bcba26315133d72f6c48d89eb58b392e,2026-09-24T18:50:52+00:00,2026-09-24T20:34:38.248818+00:00,1218,gainsofcryptopro
1614742,39999,"📊 ACE/USDT — LONG

📍 ENTRY: 0.19550

🎯 TARGET 1: 0...Manage your risk & trade responsibly.

🔥 LET’S GO!",bb4f1585058c3c9e759db04a5547bb7c,2026-09-25T06:21:08+00:00,2026-09-25T06:48:13.960811+00:00,1218,gainsofcryptopro
1614741,39998,"💵 𝐒𝐈𝐆𝐍𝐀𝐋 𝐀𝐋𝐄𝐑𝐓 💵

#MARSCOIN/USDT (25xSHORT)

✅ ENT...TARGETS:- 0.10660/0.098/0.094

❌ STOP LOSS: 0.1270",de54527e4a973bfdf85793d0b36e1bef,2026-09-25T06:21:08+00:00,2026-09-25T06:48:13.924392+00:00,1218,gainsofcryptopro
1614740,39997,"⚡️$FET/USDT⚡️

SHORT
Leverage: 20X

Entry: 0.2230
...get:

1)0.2180
2)0.2100
3)0.2000

Stoploss: 0.2340",ed176f6c0b4aceee23533487b89e4203,2026-09-25T06:21:08+00:00,2026-09-25T06:48:13.903627+00:00,1218,gainsofcryptopro
1614739,39996,"Coin #SAGA/USDT

Position: LONG 

Leverage:  Cross...rgets: 🎯 0.0357, 0.0389, 0.0425

Stop Loss: 0.0307",f046d85b7187511dda8449435fb116bb,2026-09-25T06:19:58+00:00,2026-09-25T06:48:13.828874+00:00,1218,gainsofcryptopro
1614738,39995,"Coin #H/USDT

Position: LONG 

Leverage:  Cross 10...rgets: 🎯 0.0680, 0.0715, 0.0760

Stop Loss: 0.0620",b33a7815bc479437be81f374474d4a5e,2026-09-25T06:19:58+00:00,2026-09-25T06:48:13.811166+00:00,1218,gainsofcryptopro
1614737,39994,"🪙 Coin: #PHA/USDT
🧭 Type: #LONG

📈 Entry Zone:
0.0... within the zone and maintain strict risk control.",aa5d33595f5cc794dd7f11c9c3dc1d97,2026-09-25T06:19:58+00:00,2026-09-25T06:48:13.786111+00:00,1218,gainsofcryptopro
1614736,39993,"🪙 Coin: #CROSS/USDT
🧭 Type: #LONG

📈 Entry Zone:
0... within the zone and maintain strict risk control.",ea8ba5b350880dd75e26155397e56eba,2026-09-25T06:19:58+00:00,2026-09-25T06:48:13.737607+00:00,1218,gainsofcryptopro
1614734,39991,"⚡ #ARK/USDT

📥 Short 

💹 Buy: 0.1853 - 0.1900

🧿 T...768 - 0.1750

🧨 StopLoss: 0.1940 

🔘 Leverage: 20x",b41dd609f9c59dddfb96975a73905e78,2026-09-25T06:19:57+00:00,2026-09-25T06:48:13.677610+00:00,1218,gainsofcryptopro
1614733,39990,"#LONG 🟢🔤🔤🔤🔤🔤

#ONDO/USDT

Margin Mode : Isolated 💎...0

🟥 SL : 0.5088 - 100%   

📊 LEV : 20X

🇯🇵Premium",e64236e252f71d77f47f1902c89f54ad,2026-09-25T06:19:57+00:00,2026-09-25T06:48:13.613783+00:00,1218,gainsofcryptopro
1614732,39989,"$AVA - LONG ( Swing trade ) 🟢

Entry : Market Pric...ways keep the size under control and stay relaxed.",720f34de7f9823fb93e58f49a1e0e0d1,2026-09-25T06:19:57+00:00,2026-09-25T06:48:13.587635+00:00,1218,gainsofcryptopro
1614731,39988,"📊#PHA/USDT–LONG–10x - 30x 🚀

📍 𝐄𝐧𝐭𝐫𝐲 𝐙𝐨𝐧𝐞:

➥ 0.05...tal.

⚠️ Disclaimer:
Trade at your own risk. DYOR.",f40560d1bc891fe5bcd262a38d4a5f17,2026-09-25T06:19:57+00:00,2026-09-25T06:48:13.548133+00:00,1218,gainsofcryptopro
1614730,39987,"👑 #BILL/USDT — TRADE LONG

LEVERAGE 25X TO 50X

✅ ...

⛔️ STOP LOSS: 0.01300

⚡️ NO FEAR — JUST PROFITS",d3b9b8954d72689f6062768ef624b53c,2026-09-25T06:19:57+00:00,2026-09-25T06:48:13.534765+00:00,1218,gainsofcryptopro
1614729,39986,"🌈PAIR:- #XPL /USDT
⚡️ Direction : LONG
🛠 Leverage:...nt Usage:- 1 - 2%
(According To your Risk Setting)",8ae5cdf51b424ef20a6f84e33892ee5d,2026-09-25T06:19:57+00:00,2026-09-25T06:48:13.470184+00:00,1218,gainsofcryptopro
1614728,39985,"$FET/USDT #LONG📩

✅ENTRY :-0.2230/0.2150

Target 1...𝐎𝐧𝐥𝐲 𝟏-𝟑% 𝐎𝐟 𝐎𝐮𝐫 𝐃𝐞𝐩𝐨𝐬𝐢𝐭 𝐅𝐨𝐫 𝐄𝐚𝐜𝐡 𝐓𝐫𝐚𝐝𝐞

React,??m",8719696ef9d45471450a543e079fad78,2026-09-25T06:19:57+00:00,2026-09-25T06:48:13.412446+00:00,1218,gainsofcryptopro
1614727,39984,"📍Coin : #XPL/USDT

🟢 LONG 

👉 Entry: 0.1177 - 0.11...t 5: 0.1235
🎯 Target 6: 0.1248

❌ StopLoss: 0.1130",56de69642c84a1a2407a3771140b45c5,2026-09-25T06:19:57+00:00,2026-09-25T06:48:13.367523+00:00,1218,gainsofcryptopro
1614725,39982,"#SAGA/USDT LONG   

👉Leverage : Cross 10× To 30×

...
1)  0.036
2)  0.039
3)  0.045

⭕Stop Loss : 0.031",13ba640dafbe9e6786c1d46df7cda596,2026-09-25T06:19:57+00:00,2026-09-25T06:48:13.324333+00:00,1218,gainsofcryptopro
1614724,39981,"FET/USDT 

Position: LONG

Leverage: 10X To 25X 

...
Targets:  : 0.228 - 0.24 - 0.26

Stop Loss: 0.208",da73ffc19544fc728bd242a7e6087f7e,2026-09-25T06:19:57+00:00,2026-09-25T06:48:13.295297+00:00,1218,gainsofcryptopro
1620990,40031,"⭐ QNT /USDT — LONG

💵 ENTRY:101.40-98.00

⚙️ LEVER...o

📌 Follow the setup and manage your risk wisely.",823ad107bd9e90c65fe8c8e4388e3786,2026-09-25T08:08:12+00:00,2026-09-25T08:58:34.206780+00:00,1218,gainsofcryptopro
1620989,40030,"🪙#FLOCK/USDT

🚩POSITION — SHORT

🔒  LEVERAGE — 20X...0.06680
TP🥉: 0.06300

⛔️ SL: 0.07500

🔥REACTIONS?😜",88d727b30a7eda6dc0991bae99451f44,2026-09-25T08:08:12+00:00,2026-09-25T08:58:34.073706+00:00,1218,gainsofcryptopro
1620988,40029,"#FLOCK/USDT SHORT NOW 📉
🏠ENTRY: ( 0.07043 )",91242377b1beec90c8b2095ce203aeac,2026-09-25T08:08:12+00:00,2026-09-25T08:58:34.005591+00:00,1218,gainsofcryptopro
1620987,40028,"📉 SHORT #XPL/USDT 

🚀 LEVERAGE : 75x

📊 ENTRY PRIC...2

TP🟢0.109

TP🟢0.104

STOPLOSS 🔴0.121

REACTIONS?",107b0041310480fb3dad35e858713aeb,2026-09-25T08:08:12+00:00,2026-09-25T08:58:34.003978+00:00,1218,gainsofcryptopro
1620986,40027,"#AKE/USDT
🔴 Direction: SHORT 📉
🎯 Entry Zone: 0.034... management. High leverage can cause rapid losses.",969ed7eee5321fcc6a4063c6b4564212,2026-09-25T08:08:12+00:00,2026-09-25T08:58:33.958057+00:00,1218,gainsofcryptopro
1620985,40026,"⭐ PHA /USDT — LONG

💵 ENTRY:0.5700-0.5400

⚙️ LEVE...o

📌 Follow the setup and manage your risk wisely.",85498ce7de314c890ec404ae70d41527,2026-09-25T08:08:12+00:00,2026-09-25T08:58:33.930642+00:00,1218,gainsofcryptopro
1620984,40025,"⭐ XAI /USDT — LONG

💵 ENTRY:0.09030-0.08570

⚙️ LE...o

📌 Follow the setup and manage your risk wisely.",ea0cb50d9d3ed0b80f815b170be10622,2026-09-25T08:08:12+00:00,2026-09-25T08:58:33.824568+00:00,1218,gainsofcryptopro
1620983,40024,"📊 Let’s LONG #PHA/USDT

💥 Leverage:  Cross 20×  - ...1) 0.0571
2) 0.0591
3) 0.0611

🔖 Stop Loss: 0.0523",387aeade61d6fcc501fe59d91e1f4477,2026-09-25T08:08:12+00:00,2026-09-25T08:58:33.690539+00:00,1218,gainsofcryptopro
1620982,40023,"📈 LONG #QNT/USDT 

🚀 LEVERAGE : 75x

📊 ENTRY PRICE....6

TP🟢109.0

TP🟢114.0

STOPLOSS 🔴98.0

REACTIONS?",f9cf90989c21486ae00c349c982f40c0,2026-09-25T08:08:12+00:00,2026-09-25T08:58:33.679548+00:00,1218,gainsofcryptopro
1620981,40022,"⭐️#XAI/USDT  LONG 

🛡Leverage : Cross 25x50

‼️Ent...008488

Use only 3% - 5% amount of your portfolio🛍",bcab55e21ce2c99c966f1e9f0062194e,2026-09-25T08:08:12+00:00,2026-09-25T08:58:33.669650+00:00,1218,gainsofcryptopro
1620979,40020,"#QNT/USDT LONG   

👉Leverage : Cross 10× To 30×

E...e Profit

1)  105
2)  110
3)  118

⭕Stop Loss : 95",80945cff92e5ffbfd4503a8d39b977e0,2026-09-25T08:08:12+00:00,2026-09-25T08:58:33.549599+00:00,1218,gainsofcryptopro
1620978,40019,"🚨 #LSK/USDT | SHORT

⚡Leverage: Cross 20x

🎯Entry ... follow the signal and secure profits at targets.💎",14a255362156ceffe7fce14b680986e8,2026-09-25T07:10:18+00:00,2026-09-25T08:58:33.454582+00:00,1218,gainsofcryptopro
1620977,40018,"🚨 #SUPER/USDT | SHORT

⚡Leverage: Cross 20X

🎯Entr... follow the signal and secure profits at targets.💎",08247b5560d5c301835738e18ebf6d24,2026-09-25T07:10:18+00:00,2026-09-25T08:58:33.440858+00:00,1218,gainsofcryptopro
1620976,40017,"📈 QNT/USDT 📈

🟢 LONG SETUP

💰 Entry Zone: 102.00–9...et 1. 
✅ Move SL to breakeven after Target 1 hits.",a67e7ab95df3ae53a0e1c12be722ab68,2026-09-25T07:10:18+00:00,2026-09-25T08:58:33.423411+00:00,1218,gainsofcryptopro
1620975,40016,"🚨 #PHA/USDT | LONG

⚡Leverage: Cross 20x

🎯Entry T... follow the signal and secure profits at targets.💎",f9ef3ad5618289f8c1f3fad576bb55c5,2026-09-25T07:05:51+00:00,2026-09-25T08:58:33.334433+00:00,1218,gainsofcryptopro
1620974,40015,"📊#ONDO/USDT — LONG

⚡️ Leverage : 10X – 30X

💹Entr...Entry After TP1

⚖️ Follow Proper Risk Management.",94a772121a77c03cbbac1c8715fcd333,2026-09-25T07:05:51+00:00,2026-09-25T08:58:33.311454+00:00,1218,gainsofcryptopro
1620973,40014,"EDUUSDTUSDT  
Exchanges: BINGX 

🟢 Long
Leverage- ....05314000
6) 0.05372000
7) 🚀🚀🚀 

⛔️ SL:
0.04775000",e72aee4d638f0a4a2b57c5dec2e64800,2026-09-25T07:05:51+00:00,2026-09-25T08:58:33.190718+00:00,1218,gainsofcryptopro
1620972,40013,"✅ Long

Pair: #TRX/USDT

📊 Entry Price: 

1) 0.338...
4) 0.36143

Stop Loss: 0.31697

Leverage: 10x-20x",fd820493b29ba1bd97e588fa548dce98,2026-09-25T07:05:51+00:00,2026-09-25T08:58:33.187945+00:00,1218,gainsofcryptopro
1620971,40012,"⚡️⚡️ #CATI/USDT ⚡️⚡️
Exchanges: Bingx 
Signal Type...
5) 0.06493
6) 0.06584
7) 🚀🚀🚀

Stop Targets:
5-10%",8e2f04b42c8482bbf3f727da51b179be,2026-09-25T07:05:51+00:00,2026-09-25T08:58:33.177170+00:00,1218,gainsofcryptopro
1620970,40011,"⚡️⚡️ #ALLO/USDT ⚡️⚡️
Exchanges: Bingx 
Signal Type...
5) 0.30491
6) 0.30922
7) 🚀🚀🚀

Stop Targets:
5-10%",d64f225e4f91e1180fcc3e084914cf9b,2026-09-25T07:05:51+00:00,2026-09-25T08:58:33.170725+00:00,1218,gainsofcryptopro
1620969,40010,"⚡️⚡️ #BOME/USDT ⚡️⚡️
Exchanges: Bingx 
Signal Type...
5) 0.00109
6) 0.00111
7) 🚀🚀🚀

Stop Targets:
5-10%",bdaa1313c5c6e6b47b76b014392db10d,2026-09-25T07:05:51+00:00,2026-09-25T08:58:33.067812+00:00,1218,gainsofcryptopro
1620968,40009,"⚡️⚡️ #USELESS/USDT ⚡️⚡️
Exchanges: Bingx 
Signal T...
5) 0.30112
6) 0.30539
7) 🚀🚀🚀

Stop Targets:
5-10%",ec269bfd34d9030ac9e61b657c858c8c,2026-09-25T07:05:51+00:00,2026-09-25T08:58:32.936822+00:00,1218,gainsofcryptopro
1620966,40007,"SOLUSDTUSDT  
Exchanges: BINGX 

🟢 Short
Leverage-... 112.74
5) 109.22
6) 106.87
7) 🚀🚀🚀 

⛔️ SL:
124.49",2bcfe9ebb049b87d6247e78e7595e423,2026-09-25T07:05:51+00:00,2026-09-25T08:58:32.865611+00:00,1218,gainsofcryptopro
1620965,40005,"🚀 $MANA/USDT PERP 🚀

🟢 LONG

💰 Entry : 0.0895$ – 0...5X – 25X

⛔️ SL : 0.0810$

📌 Use Only 2-5% Capital",81e962c599468817c66894eab1244396,2026-09-25T07:05:51+00:00,2026-09-25T08:58:32.863683+00:00,1218,gainsofcryptopro
1620962,40003,"#POL - LONG 50X

Entry  0.1084
DCA 0.096

Targets 200% -300%-500% +++

SL= 0.08

Using 1% wallet",065eb39b752a5833e9950a5856625ff9,2026-09-25T07:05:51+00:00,2026-09-25T08:58:32.635680+00:00,1218,gainsofcryptopro
1620961,40002,"🔰 FET/USDT 🔰

🔴 SHORT 20X

🔳 ENTRY :- 0.2230

☑️ TARGET:- 0.2180 - 0.2100 - 0.2000

🔴 STOP :- 0.2340",0dcde56b7d47092154dd061241484cb9,2026-09-25T07:05:51+00:00,2026-09-25T08:58:32.628568+00:00,1218,gainsofcryptopro
1620960,40001,"🐳 QNT/USDT #LONG🐳

✳️ ENTRY :- 93.50 - 90.00

💢 LE... 107.00

⛔️ STOP-LOSS :- 86.00

☝️ Margin Use 2–3%",28fea562b59fff6cfc1e709378839814,2026-09-25T07:05:50+00:00,2026-09-25T08:58:32.616596+00:00,1218,gainsofcryptopro
1620959,40000,"🚀 #BEATUSDT LONG SIGNAL 🚀

⚡️ LEVERAGE 50X–75X
📌 E...h this move together!

🔓 Trade Smart • Trade Safe.",2136e472c8e770a9c72845fbf045361d,2026-09-25T07:05:50+00:00,2026-09-25T08:58:32.613025+00:00,1218,gainsofcryptopro
1624300,40062,"#XAI/ USDT — BUY (SHORT) 
Leverage: Cross 25x – 50...T IS KEY
👉 Use ONLY 2 – 3% of your total portfolio",04d954934104af0367bd6641bba9edb2,2026-09-25T10:24:24+00:00,2026-09-25T10:53:32.655515+00:00,1218,gainsofcryptopro
1624298,40059,"🔴 Short

Pair: #LINK/USDT

📊 Entry Price: 

1) 14....06
4) 13.109

Stop Loss: 14.971

Leverage: 10x-20x",027d53297bbd95cfe983861a801588ae,2026-09-25T10:24:24+00:00,2026-09-25T10:53:32.560573+00:00,1218,gainsofcryptopro
1624297,40060,"Use only 2% Funds

#ADA/USDT (SHORT)

Entry 1 = 0....Profit
T.P 3 = 1000% Profit 

🔴Stop loss at 0.2720",17e8387261484c36f828ea138d4cd0d1,2026-09-25T10:24:24+00:00,2026-09-25T10:53:32.542300+00:00,1218,gainsofcryptopro
1624296,40058,"#TAKE/USDT SHORT   

👉Leverage : Cross 10× To 30×
... 0.0576
2)  0.0554
3)  0.0518

⭕Stop Loss : 0.0628",db7b89dddf49fc2fbdcb11bcec631c6e,2026-09-25T10:24:24+00:00,2026-09-25T10:53:32.533194+00:00,1218,gainsofcryptopro
1624294,40056,"⭐️#TAKE/USDT  SHORT 

🛡Leverage : Cross 25x50

‼️E....06476

Use only 3% - 5% amount of your portfolio🛍",4e0260ff6b2b644f9bb9e3266f82c955,2026-09-25T09:46:21+00:00,2026-09-25T10:53:32.387654+00:00,1218,gainsofcryptopro
1624284,40046,"👑 #TAKE/USDT — TRADE SHORT

LEVERAGE 25X TO 50X

✅...

⛔️ STOP LOSS: 0.06280

⚡️ NO FEAR — JUST PROFITS",0d29b9d74357cb708d78682a2d6f491e,2026-09-25T09:45:58+00:00,2026-09-25T10:53:31.924009+00:00,1218,gainsofcryptopro
1624282,40045,"💰#PHA  / USDT👑

💎Setup Type: Strong LONG 🔖Opportun...TP ➝ 0.06850

4️⃣TP ➝ 0.08000

🚫Stop Loss: 0.05000",271c80791a22a920caa68efe59707068,2026-09-25T09:45:58+00:00,2026-09-25T10:53:31.901857+00:00,1218,gainsofcryptopro
1624283,40043,"💰#BTW  / USDT👑

💎Setup Type: Strong SHORT 🔖Opportu...

🥉TP ➝ 0.8800

4️⃣TP ➝ 0.7000

🚫Stop Loss: 1.2700",ae94ae06394df9711b562f5c497f8f0e,2026-09-25T09:45:58+00:00,2026-09-25T10:53:31.900858+00:00,1218,gainsofcryptopro
1624279,40039,"🚀 #NEARUSDT LONG SIGNAL 🚀

⚡️ LEVERAGE 50X–75X
📌 E...h this move together!

🔓 Trade Smart • Trade Safe.",8d2537e2cd7bd1514ba196d93793bab7,2026-09-25T09:45:58+00:00,2026-09-25T10:53:31.665084+00:00,1218,gainsofcryptopro
1624278,40038,"🔰 PAIR: CRV/ USDT 💹

🟢Position: LONG🚀

☑️ Entry Zo...:
🥇 0.3486
🥈 0.3513
🥉 0.3571

❌ Stop Loss: 🔴0.3385",6b58d11a4db4ee95e585ad869d60618c,2026-09-25T09:45:58+00:00,2026-09-25T10:53:31.649935+00:00,1218,gainsofcryptopro
1624277,40040,"Long #ARK 50x 0.2280

Tp: 0.2330",179cd2a7191312cd47d4bd2c3e0ec1e5,2026-09-25T09:45:58+00:00,2026-09-25T10:53:31.648537+00:00,1218,gainsofcryptopro
1624276,40041,"🚀 SHORT: $TAKE/USDT
LEVERAGE: 50x

✔️ENTRY PRICE: ...5-0.05550-0.05100

STOP LOSS:  0.06230

REACTIONS?",4dd3fc51cb8982b39e083ef3f8fed8d2,2026-09-25T09:45:58+00:00,2026-09-25T10:53:31.646355+00:00,1218,gainsofcryptopro
1624273,40036,"SOL/USDT My Long Trade Idea 💡

Leverage 100X

Entr....500

Stop Loss   116.700

Follow Money Management",db3f81acfdbee9f43af438ea856d1ce8,2026-09-25T09:02:25+00:00,2026-09-25T10:53:31.368486+00:00,1218,gainsofcryptopro
1624274,40035,🟢SOL/USDT LONG NOW,7ff52273b6f78091a181577af78c35a9,2026-09-25T09:02:24+00:00,2026-09-25T10:53:31.378863+00:00,1218,gainsofcryptopro
1624272,40034,"#LSK   USDT — SELL (SHORT) 
🎉
🟢 Leverage: Cross  3...️Stop Loss: 0.41000

🔽 Risk Management:

 REACTION",c0be28c840eb25ba0f674043961446bd,2026-09-25T09:02:24+00:00,2026-09-25T10:53:31.367461+00:00,1218,gainsofcryptopro
1629413,40100,"EXCHANGE/BYBIT/BITUNIX📌 

SHORT/CHIP/USDT📈📈📈


ENT...gement 🏆


Use only 10% of your 📈Available balance",44caab824ed8ce020c15b45325dd9475,2026-09-25T12:18:31+00:00,2026-09-25T13:01:36.015489+00:00,1218,gainsofcryptopro
1629412,40099,"EXCHANGE/BYBIT/BITUNIX/OKX📌 


SHORT/WLD/USDT📈📈📈

...agement 🏆


Use only 5% of your 📈Available balance",dc610241e2257b9056b16c37385470ba,2026-09-25T12:18:31+00:00,2026-09-25T13:01:36.001263+00:00,1218,gainsofcryptopro
1629411,40098,"SHORT/XRP/USDT📈📈📈


ENTRY:  (LIMIT ORDER)

ENTRY P...agement 🏆


Use only 5% of your 📈Available balance",acee6ee1bc92d6eb8398121502dcdc35,2026-09-25T12:18:31+00:00,2026-09-25T13:01:35.990882+00:00,1218,gainsofcryptopro
1629398,40083,"🔴 SHORT $ZEC/USDT | Cross 50X

✅ Entry: MARKET PRICE 

🎯 TP: 1432.10

🛑 SL: 1669.42",868d087075f4b8c843cd777740902390,2026-09-25T12:17:54+00:00,2026-09-25T13:01:35.200194+00:00,1218,gainsofcryptopro
1629397,40082,"Use only 2% Funds

#BTC/USDT (SHORT)

Entry 1 = 84... Profit
T.P 3 = 1000% Profit 

🔴Stop loss at 87800",e46a1313df5a7d9663e6e8884674ba2f,2026-09-25T12:17:54+00:00,2026-09-25T13:01:35.095022+00:00,1218,gainsofcryptopro
1629396,40081,"🔴 SHORT

#XRP/USDT

Entry : 

1) 1.5853
2) 1.6328
...1.4756

🛑 Stop : 1.6851

Leverage : 10x (isolated)",0d205e54956f00da437bcd9dc675f820,2026-09-25T12:17:54+00:00,2026-09-25T13:01:35.093677+00:00,1218,gainsofcryptopro
1629395,40080,"🌈PAIR:- #PHA/USDT
⚡️ Direction : LONG
🛠 Leverage: ...nt Usage:- 1 - 2%
(According To your Risk Setting)",229c4be7e153f9f5734d7facb8ae620e,2026-09-25T12:17:54+00:00,2026-09-25T13:01:35.061685+00:00,1218,gainsofcryptopro
1629394,40078,"⭐ ENA /USDT — LONG

💵 ENTRY:0.23900-0.22700

⚙️ LE...o

📌 Follow the setup and manage your risk wisely.",8bd4ab27895cb38f6921a5172de14a04,2026-09-25T12:17:54+00:00,2026-09-25T13:01:34.929133+00:00,1218,gainsofcryptopro
1629393,40079,"⭐ CHIP /USDT — LONG

💵 ENTRY:0.04880-0.04600

⚙️ L...o

📌 Follow the setup and manage your risk wisely.",0ec177099c0eac4c44c4bc1f36899b75,2026-09-25T12:17:54+00:00,2026-09-25T13:01:34.922210+00:00,1218,gainsofcryptopro
1629392,40076,"🔴 SHORT $ETH/USDT | Cross 50X

✅ Entry: 2714

🎯 TP: 2675 - 2625 -  2550

🛑 SL: 2805",b8980f7ede9ecc3f65908e8b27c5df9e,2026-09-25T12:17:54+00:00,2026-09-25T13:01:34.804379+00:00,1218,gainsofcryptopro
1629391,40075,"🔴 SHORT $HYPE/USDT | Cross 20X

✅ Entry: 94.20

🎯 TP: 92.50 - 91.15 -  89

🛑 SL: 98",80c10587d49fcf205c9ed1ed382a0c5a,2026-09-25T12:17:54+00:00,2026-09-25T13:01:34.786076+00:00,1218,gainsofcryptopro
1629390,40077,"⭐ JTO /USDT — LONG

💵 ENTRY:0.5400-0.5200

⚙️ LEVE...o

📌 Follow the setup and manage your risk wisely.",822f92ec82af015b552eec541fa34421,2026-09-25T12:17:54+00:00,2026-09-25T13:01:34.784602+00:00,1218,gainsofcryptopro
1629388,40074,"🔴 SHORT

#ETH/USDT

Entry zone : 2818.88 - 2736.78...75.41
2392.90

Stop loss :2928.3546

Leverage: 10x",dbefba58b3e9602419507d73c43e2eab,2026-09-25T11:20:09+00:00,2026-09-25T13:01:34.640967+00:00,1218,gainsofcryptopro
1629389,40073,"⭐️#JTO/USDT  LONG 

🛡Leverage : Cross 25x50

‼️Ent...0.5273

Use only 3% - 5% amount of your portfolio🛍",97390598d771e39c2fa052e999278c75,2026-09-25T11:20:02+00:00,2026-09-25T13:01:34.643632+00:00,1218,gainsofcryptopro
1629387,40071,"⭐️#ARK/USDT  LONG 

🛡Leverage : Cross 25x50

‼️Ent...0.2206

Use only 3% - 5% amount of your portfolio🛍",bc7bcf33a9b20bb07d7f75ed82a3af15,2026-09-25T11:15:41+00:00,2026-09-25T13:01:34.495565+00:00,1218,gainsofcryptopro
1629384,40069,"↗️ LONG #ETH 200x

📌 Entry: 2.730

🎯 TP1: 2,743
💵 ...t Usage: 1-3%
⚠️ According to your risk management",0047e98b3b89f039b1be4511199d8088,2026-09-25T11:15:41+00:00,2026-09-25T13:01:34.478998+00:00,1218,gainsofcryptopro
1629383,40068,"💫 Pair: UNI/USDT  💫

🔼 Direction: Long 🔼

✅ Levera...📈 Take Profit: 10.05 📈

⚠️ Stop Loss: 8.700 ⚠️

📈📈",cd8bf2eaefad93c1103354ef3c4ccd88,2026-09-25T11:15:41+00:00,2026-09-25T13:01:34.319207+00:00,1218,gainsofcryptopro
1629381,40066,"#JTO         /USDT (SHORT) 🔽🔽

⌛LEVERAGE : 20X TO ...6


💥Use only 1%margin of your total portfolio❤️😘😇",6f88911a211699a1772b6815ed32c2b7,2026-09-25T11:15:41+00:00,2026-09-25T13:01:34.121970+00:00,1218,gainsofcryptopro
1629380,40067,"CHIP/USDT  LONG 

Leverage : Cross 25x50

Entry : ...0.04780

Use only 3% - 5% amount of your portfolio",8d75ed298e67b56fec93fb59c10aa97c,2026-09-25T11:15:41+00:00,2026-09-25T13:01:33.996930+00:00,1218,gainsofcryptopro
1629378,40063,"↗️ LONG #SAGA 50x

📌 Entry: 0.3930

🎯 TP1: 0.4050
...t Usage: 1-3%
⚠️ According to your risk management",e1c77d2ed249c3510774c3d8fc61db7f,2026-09-25T11:15:41+00:00,2026-09-25T13:01:33.987800+00:00,1218,gainsofcryptopro
1633088,40120,"🚀 #NEARUSDT LONG SIGNAL 🚀

⚡️ LEVERAGE 50X–75X
📌 E...h this move together!

🔓 Trade Smart • Trade Safe.",f97d6aa8c489df1f8496d9866af233c8,2026-09-25T13:57:19+00:00,2026-09-25T15:13:45.557995+00:00,1218,gainsofcryptopro
1633087,40119,#NEARUSDT LONG 5.135 TP1 5.250,60a4455fa51fe20e9919e1fb6c3b61da,2026-09-25T13:57:19+00:00,2026-09-25T15:13:45.548195+00:00,1218,gainsofcryptopro
1633086,40118,"SOLUSDT

LONG LONG LONG 

OPEN MARKET PRICE 

TP 119.900
TP 120.200
TP 120.700

SL 114.400

LEV 50X",3833b62d9470d270e7e98576f90419b4,2026-09-25T13:57:19+00:00,2026-09-25T15:13:45.520416+00:00,1218,gainsofcryptopro
1633085,40117,"🚨 #OP/USDT | LONG

⚡Leverage: Cross 20X

🎯Entry Ta... follow the signal and secure profits at targets.💎",27a3d2fb8d270374fcafae750800a71e,2026-09-25T13:57:19+00:00,2026-09-25T15:13:45.518901+00:00,1218,gainsofcryptopro
1633084,40116,"🚨 #SOL/USDT | LONG

⚡Leverage: Cross 100X

🎯Entry ... follow the signal and secure profits at targets.💎",66522dcf1c16b2d7978c419b83a4e592,2026-09-25T13:57:19+00:00,2026-09-25T15:13:45.509202+00:00,1218,gainsofcryptopro
1633083,40115,"✅ Long

Pair: #XTZ/USDT

📊 Entry Price: 

1) 0.331...) 0.354072

Stop Loss: 0.310521

Leverage: 10x-20x",e55443048def1a4d792ce47c04f25c68,2026-09-25T13:57:19+00:00,2026-09-25T15:13:45.302567+00:00,1218,gainsofcryptopro
1633082,40114,"#SHORT 🔴 🔤🔤🔤🔤🔤

#ADA/USDT 

Margin Mode : Isolated...301

🟩 SL : 0.2634 - 100%

📊 LEV : 20X

🇯🇵 Premium",0648892a86bc0ed5e2063f382a9fe86a,2026-09-25T13:57:19+00:00,2026-09-25T15:13:45.283457+00:00,1218,gainsofcryptopro
1633081,40113,"ADA/USD SELL 

Entry : $ 0.25500

Target1: $ 0.250...et3: $ 0.22868
Target4: $ 0.21925 

SL : $ 0.26492",32e0352ce1b2251abd4e77ccb01ddffa,2026-09-25T13:57:19+00:00,2026-09-25T15:13:45.265523+00:00,1218,gainsofcryptopro
1633080,40112,"🔘 Coin : #HUMA/USDT 🔘

🟢 LONG

🔺Entry🔻: 0.029168

... 0.031061

♦️ StopLoss : 0.028125

🔱 Leverage: 25x",d950c6c2216f94cdacd1b00085c2d6ef,2026-09-25T13:57:19+00:00,2026-09-25T15:13:45.254525+00:00,1218,gainsofcryptopro
1633079,40111,"🔴 SHORT

#IOTA/USDT

Entry zone : 0.051778 - 0.050...5469
0.043953

Stop loss :0.0537889

Leverage: 10x",0abf12978a571fa1d2dbd4c2b086dc31,2026-09-25T13:57:19+00:00,2026-09-25T15:13:45.150810+00:00,1218,gainsofcryptopro
1633078,40110,"🔴 SHORT $TAO/USDT | Cross 50X

✅ Entry: MARKET PRICE 

🎯 TP: 250.03

🛑 SL: 320.79",0d23b79e79e9c5380df8f51fb517c302,2026-09-25T13:57:18+00:00,2026-09-25T15:13:45.024771+00:00,1218,gainsofcryptopro
1633077,40109,"🔴 SHORT $DOGE/USDT | Cross 50X

✅ Entry: MARKET PRICE 

🎯 TP: 0.08464

🛑 SL: 0.10096",52fc1427af5d0dea6d5aa25b2198809a,2026-09-25T13:57:18+00:00,2026-09-25T15:13:45.012326+00:00,1218,gainsofcryptopro
1633074,40106,"⚡️$PHA/USDT⚡️

LONG
Leverage: 20X

Entry: 0.070

Target:

1)0.073
2)0.077
3)0.082

Stoploss: 0.064",92c2c2367e913c0fd5eb871345fdfe3a,2026-09-25T13:57:18+00:00,2026-09-25T15:13:44.864150+00:00,1218,gainsofcryptopro
1633073,40105,"🔘 Coin : #DEEP/USDT 🔘

🔴 SHORT

🔺Entry🔻: 0.02221

... - 0.02086

♦️ StopLoss : 0.02305

🔱 Leverage: 25x",50c0cf7009c5239e4f70d1ff1f9f6056,2026-09-25T13:57:18+00:00,2026-09-25T15:13:44.708885+00:00,1218,gainsofcryptopro
1633072,40103,"⚡️Pair: PHA/USDT
Type: LONG 🟢
💫Leverage:  (20X_100...078
2) 0.083
3) 0.090
4) 0.099

❌ STOP LOSS: 0.065",9035889630f6a8edb8416d049206d642,2026-09-25T13:57:18+00:00,2026-09-25T15:13:44.702376+00:00,1218,gainsofcryptopro
1633071,40102,"⭐️#DEEP/USDT  LONG 

🛡Leverage : Cross 25x50

‼️En....02040

Use only 3% - 5% amount of your portfolio🛍",ea1dc7453571a44e0bca5b57ccc3a631,2026-09-25T13:57:18+00:00,2026-09-25T15:13:44.700694+00:00,1218,gainsofcryptopro
1633070,40104,"🔰 PHA/USDT 🔰

🟢 LONG 20X

🔳 ENTRY :- 0.070

☑️ TARGET:- 0.073 - 0.077 - 0.082

🔴 STOP :- 0.064",4193219b37f77a2aa877493f2cb496a4,2026-09-25T13:57:18+00:00,2026-09-25T15:13:44.689269+00:00,1218,gainsofcryptopro
1639440,40143,"🌈PAIR:- #PHA/USDT
⚡️ Direction : LONG
🛠 Leverage: ...nt Usage:- 1 - 2%
(According To your Risk Setting)",ab99af2d79a0748ad898f11e3e9c4a91,2026-09-25T17:41:07+00:00,2026-09-25T19:17:59.998782+00:00,1218,gainsofcryptopro
1639439,40142,"SPKUSDTUSDT  
Exchanges: BINGX 

🟢 Long
Leverage- ...5.25
5) 3537.27
6) 3820.25
7) 🚀🚀🚀 

⛔️ SL:
2450.00",4bc26cc3a8c6760e1632a83f11de24d1,2026-09-25T17:41:07+00:00,2026-09-25T19:17:59.898748+00:00,1218,gainsofcryptopro
1639438,40141,"🔴 SHORT $WLD/USDT | Cross 50X

✅ Entry: MARKET PRICE 

🎯 TP: 0.4029

🛑 SL: 0.4802",6d1d6ce0ab19eba6017fdd3f314afa07,2026-09-25T17:41:07+00:00,2026-09-25T19:17:59.855662+00:00,1218,gainsofcryptopro
1639437,40140,"🔴 SHORT $SEI/USDT | Cross 50X

✅ Entry: MARKET PRICE 

🎯 TP: 0.05748

🛑 SL: 0.07343",b33302bbf566345b07be9d727f550df1,2026-09-25T17:41:07+00:00,2026-09-25T19:17:59.847734+00:00,1218,gainsofcryptopro
1639436,40139,"#SAGA/ USDT — BUY (SHORT) 
Leverage: Cross 25x – 5...T IS KEY
👉 Use ONLY 2 – 3% of your total portfolio",96a2823f8d392e4f9193c3e8a461fe89,2026-09-25T17:41:07+00:00,2026-09-25T19:17:59.845637+00:00,1218,gainsofcryptopro
1639435,40138,"💸 SHORT — LINK

Entry: 13.744

💸 Targets: 13.605 /...77

💸  Stop: 14.440

💸 Move SL to entry after TP1.",98198d174a92b8f675aac435346efa07,2026-09-25T17:41:06+00:00,2026-09-25T19:17:59.716458+00:00,1218,gainsofcryptopro
1639434,40137,"🟢 Long

#KAVA/USDT

Entry : 

1) 0.067400
2) 0.065...2011

🛑 Stop : 0.063153

Leverage : 10x (isolated)",f4b79f94869eddeda6b8b412d6ae0330,2026-09-25T17:41:06+00:00,2026-09-25T19:17:59.610769+00:00,1218,gainsofcryptopro
1639433,40136,"🚀 #USUSDT LONG SIGNAL 🚀

⚡️ LEVERAGE 50X–75X
📌 ENT...h this move together!

🔓 Trade Smart • Trade Safe.",f708d6b624f12fbe1bc64b7910d0de89,2026-09-25T17:41:06+00:00,2026-09-25T19:17:59.477960+00:00,1218,gainsofcryptopro
1639432,40135,"👑 #NIL/USDT — TRADE LONG

LEVERAGE 25X TO 50X

✅ E...0

⛔️ STOP LOSS: 0.1250

⚡️ NO FEAR — JUST PROFITS",fa594be3ed6c74cd1fbb0b74d5312cc0,2026-09-25T17:41:06+00:00,2026-09-25T19:17:59.472049+00:00,1218,gainsofcryptopro
1639431,40134,"⚡️ BTC/USDT ⚡️

🔻 SCALP LONG

💎 Leverage: 10x – 15...oss: $82800

⚠️ Trade with proper risk management.",e567f4a10d61841e9e0a4551032cc73b,2026-09-25T17:41:06+00:00,2026-09-25T19:17:59.465649+00:00,1218,gainsofcryptopro
1639430,40133,"🪙#HUMA/USDT

🚩POSITION — SHORT

🔒  LEVERAGE — 20X7...0.02590
TP🥉: 0.02450

⛔️ SL: 0.03000

🔥REACTIONS?😜",e2048b38850d498697efcee6f5562c56,2026-09-25T17:41:06+00:00,2026-09-25T19:17:59.454911+00:00,1218,gainsofcryptopro
1639429,40132,"#HUMA/USDT SHORT NOW 📉
🏠ENTRY: ( 0.02726 )",b0a448b2779d44ffc5f811fc6a99f8d0,2026-09-25T17:41:06+00:00,2026-09-25T19:17:59.335308+00:00,1218,gainsofcryptopro
1639428,40131,"🪙#MUBARAK/USDT

🚩POSITION — LONG

🔒  LEVERAGE — 20...0.05250
TP🥉: 0.05500

⛔️ SL: 0.04350

🔥REACTIONS?😜",6bef8166b9995f229cfec8f44dca4a8c,2026-09-25T17:41:06+00:00,2026-09-25T19:17:59.177537+00:00,1218,gainsofcryptopro
1639427,40130,"#MUBARAK/USDT LONG NOW 📉
🏠ENTRY: ( 0.04992 )",3788c22507d85dea6c5356e12761e125,2026-09-25T17:41:06+00:00,2026-09-25T19:17:59.164505+00:00,1218,gainsofcryptopro
1639426,40128,"#PHA USDT — BUY (LONG) 
🎉
🟢 Leverage: Cross  30x

...️Stop Loss: 0.06500

🔽 Risk Management:

 REACTION",cdc326046f12bdabd4ee0a4b706c5c9e,2026-09-25T17:41:06+00:00,2026-09-25T19:17:59.159360+00:00,1218,gainsofcryptopro
1639425,40129,"✨HYPE/USDT

🎗 Trade Type = SHORT 🔴

⭐️ Leverage :-...[ 91.020, 90.199, 89.224, 88.242, 87.305, 86.162 ]",9c21b1af769bafff84097cf1d6ee22ed,2026-09-25T17:41:06+00:00,2026-09-25T19:17:59.156982+00:00,1218,gainsofcryptopro
1639421,40125,"⭐️#PHA/USDT  LONG 

🛡Leverage : Cross 25x50

‼️Ent....06284

Use only 3% - 5% amount of your portfolio🛍",99bdb0b56fe98f0d59b0e674e06c96dd,2026-09-25T17:41:06+00:00,2026-09-25T19:17:58.846182+00:00,1218,gainsofcryptopro
1639420,40126,"✅ Long

#ETC/USDT

Entry zone : 9.127 - 9.410

Tak...0.01
10.29
10.58

Stop loss :8.7513

Leverage: 10x",cf12e59b9e5c37da858308777a85d453,2026-09-25T17:41:06+00:00,2026-09-25T19:17:58.843707+00:00,1218,gainsofcryptopro
1639419,40121,"🚀 LONG: $PHA/USDT
LEVERAGE: 50x

✔️ENTRY PRICE: 0....7710-0.8089-0.8700

STOP LOSS:  0.7060

REACTIONS?",6263fc726cbc5984aa9e48a4bbee9a54,2026-09-25T17:41:05+00:00,2026-09-25T19:17:58.831008+00:00,1218,gainsofcryptopro
1641616,40164,"🔴 SHORT

#RLC/USDT

Entry : 

1) 0.3674
2) 0.3784
...0.3419

🛑 Stop : 0.3905

Leverage : 10x (isolated)",496c103a24f2d1d36bb895d44e1f08d1,2026-09-25T20:51:38+00:00,2026-09-25T21:09:55.801605+00:00,1218,gainsofcryptopro
1641617,40163,"⌛#ONE/USDT  ( LONG )

🍁 Leverage 👉 20X to 25X 

⛩️...85 | 0.0025396 | 0.0025687

🔕 Stoploss = 0.0023523",096d2c3b7b569eacedd4d411f255b4ea,2026-09-25T19:41:01+00:00,2026-09-25T21:09:55.804313+00:00,1218,gainsofcryptopro
1643109,40166,"Long #PHA 50x 0.08730

Tp: 0.08900",80146bafd50b8371f7a1eee5dc83ef8b,2026-09-25T21:42:36+00:00,2026-09-25T23:10:02.376099+00:00,1218,gainsofcryptopro
1643108,40165,"↗️ LONG #PHA 50x

📌 Entry: 0.08500

🎯 TP: 0.08750
...t Usage: 1-3%
⚠️ According to your risk management",483f29931ef3b27d174d94720e6c8682,2026-09-25T21:42:36+00:00,2026-09-25T23:10:02.371027+00:00,1218,gainsofcryptopro
1649116,40257,"💵 𝐒𝐈𝐆𝐍𝐀𝐋 𝐀𝐋𝐄𝐑𝐓 💵

#BTW/USDT (25xSHORT)

✅ ENTRY:0.....9650

TARGETS:- 0.90/0.83/0.75

❌ STOP LOSS: 1.13",c79311a2203b2b2e7a747068f1570c17,2026-09-26T06:31:20+00:00,2026-09-26T06:31:32.188385+00:00,1218,gainsofcryptopro
1649115,40256,"📍Coin : #VELODROME/USDT

🟢 LONG 

👉 Entry: 0.03880...: 0.04080
🎯 Target 6: 0.04122

❌ StopLoss: 0.03650",a834e796e0d24ef8fa73bf591f08247f,2026-09-26T06:31:20+00:00,2026-09-26T06:31:32.166797+00:00,1218,gainsofcryptopro
1649114,40255,"⚡ #MARSCOIN/USDT

📤 Long 

💹 Buy: 0.1169 - 0.1147
...228 - 0.1240

🧨 StopLoss: 0.1115 

🔘 Leverage: 20x",7251dea0f79e1ee20d8469f27edcea37,2026-09-26T06:31:20+00:00,2026-09-26T06:31:32.149818+00:00,1218,gainsofcryptopro
1649113,40254,"#ENA/USDT LONG   

👉Leverage : Cross 10× To 30×

E...1)  0.281
2)  0.290
3)  0.302

⭕Stop Loss : 0.2596",55c003823d8197ece8f8a453850b03cd,2026-09-26T06:31:20+00:00,2026-09-26T06:31:32.140282+00:00,1218,gainsofcryptopro
1649111,40252,"❖ ARK/USDT

❖ SHORT [ 10×20 ]

➤ Entry Zone:- 0.28... TP2: 0.2650
▪️ TP3: 0.2500

➤ Stop Loss :- 0.3000",dce1cfa9c026f18270551eb8d2ec8f50,2026-09-26T06:29:51+00:00,2026-09-26T06:31:31.763307+00:00,1218,gainsofcryptopro
1649110,40251,"🚀 $ARK/USDT PERP 🚀

🟢 LONG

💰 Entry : 0.270$ – 0.2... 5X – 25X

⛔️ SL : 0.200$

📌 Use Only 2-5% Capital",88e32b431bf6189959b927061539afa1,2026-09-26T06:29:51+00:00,2026-09-26T06:31:31.748809+00:00,1218,gainsofcryptopro
1649109,40250,"🪙 Coin: #ENA/USDT
🧭 Type: #LONG

📈 Entry Zone:
0.2... within the zone and maintain strict risk control.",3790defd577fb6a72e585b70bffd61bc,2026-09-26T06:29:32+00:00,2026-09-26T06:31:31.727495+00:00,1218,gainsofcryptopro
1649108,40249,"#LONG 🟢🔤🔤🔤🔤🔤

#DOT/USDT

Margin Mode : Isolated 💎
...8

🟥 SL : 1.1709 - 100%   

📊 LEV : 20X

🇯🇵Premium",f19194a9e6340b568c77f98fa4ca1a47,2026-09-26T06:29:32+00:00,2026-09-26T06:31:31.694878+00:00,1218,gainsofcryptopro
1649107,40248,"Coin #PHA/USDT

Position: LONG 

Leverage:  Cross ...rgets: 🎯 0.0875, 0.0928, 0.1000

Stop Loss: 0.0775",3864eafafefddb6d215c228cbfed7073,2026-09-26T06:29:32+00:00,2026-09-26T06:31:31.433991+00:00,1218,gainsofcryptopro
1649106,40247,"📊 SAGA/USDT — LONG

📍 ENTRY: 0.045

🎯 TARGET 1: 0....Manage your risk & trade responsibly.

🔥 LET’S GO!",aaab98880c52908505562580d9a82b14,2026-09-26T06:29:32+00:00,2026-09-26T06:31:31.411306+00:00,1218,gainsofcryptopro
1649105,40246,"📈 AERO/USDT 📈

🟢 LONG SETUP

💰 Entry Zone: 0.88 – ...et 1. 
✅ Move SL to breakeven after Target 1 hits.",3628ca9f9bac350e68b2fbc31e50eba3,2026-09-26T06:29:32+00:00,2026-09-26T06:31:31.393618+00:00,1218,gainsofcryptopro
1649103,40244,"🔴 SHORT $PUMPFUN/USDT | Cross 50X

✅ Entry: MARKET PRICE 

🎯 TP: 0.003894

🛑 SL: 0.004764",6ca314f74d5189b41bd16529095cea63,2026-09-26T06:29:31+00:00,2026-09-26T06:31:31.338179+00:00,1218,gainsofcryptopro
1649102,40243,"🔴 SHORT $LINK/USDT | Cross 50X

✅ Entry: MARKET PRICE 

🎯 TP: 12.153

🛑 SL: 14.797",24a6ebaa12d9d89f1d67320ceb0d7a52,2026-09-26T06:29:31+00:00,2026-09-26T06:31:31.060150+00:00,1218,gainsofcryptopro
1649101,40242,"💫 Pair: BTC/USDT  💫

 🔽 Direction: Short 🔽

✅ Leve... Profit: 80800.00 📉

⚠️ Stop Loss: 85100.00 ⚠️

📉📉",d6610aa4a1a1784602050c173ac361a7,2026-09-26T06:29:31+00:00,2026-09-26T06:31:31.042544+00:00,1218,gainsofcryptopro
1649100,40241,"🟢 Long

#KAVA/USDT

Entry : 

1) 0.067920
2) 0.065...2566

🛑 Stop : 0.063641

Leverage : 10x (isolated)",af0803548ac3e2fa6dfa59c277ff3cbf,2026-09-26T06:29:31+00:00,2026-09-26T06:31:31.041420+00:00,1218,gainsofcryptopro
1649099,40240,"🐳 JTO/USDT #LONG🐳

✳️ ENTRY :- 0.58 - 0.55

💢 LEVE...3 : 0.70

⛔️ STOP-LOSS :- 0.52

☝️ Margin Use 2–3%",6d934330b6bf0b589bf52d907d584004,2026-09-26T06:29:31+00:00,2026-09-26T06:31:31.032922+00:00,1218,gainsofcryptopro
1649098,40239,"🚀 #CCUSDT LONG SIGNAL 🚀

⚡️ LEVERAGE 50X–75X
📌 ENT...h this move together!

🔓 Trade Smart • Trade Safe.",5be16c8d13f775a3ac89d8d62e04b5b9,2026-09-26T06:29:31+00:00,2026-09-26T06:31:30.728407+00:00,1218,gainsofcryptopro
1649097,40238,"$SENT/USDT #LONG📩

✅ENTRY :-0.02420/0.02340

Targe...𝐎𝐧𝐥𝐲 𝟏-𝟑% 𝐎𝐟 𝐎𝐮𝐫 𝐃𝐞𝐩𝐨𝐬𝐢𝐭 𝐅𝐨𝐫 𝐄𝐚𝐜𝐡 𝐓𝐫𝐚𝐝𝐞

React,??m",f2a0bd440916dd99298c7331152c1bbc,2026-09-26T06:29:31+00:00,2026-09-26T06:31:30.632480+00:00,1218,gainsofcryptopro
1649096,40237,"📊 #AERO/USDT

🟢 POSITION: LONG

💰 ENTRY RANGE
➤ 0....
➤ 0.790

━━━━━━━━━━━━━━━━━━

✅ Manage risk wisely",8bf277dbccccb25908e72e9f63a73bd4,2026-09-26T06:29:31+00:00,2026-09-26T06:31:30.624964+00:00,1218,gainsofcryptopro
1649095,40235,"📊#ENA/USDT–LONG–10x - 30x 🚀

📍 𝐄𝐧𝐭𝐫𝐲 𝐙𝐨𝐧𝐞:

➥ 0.27...tal.

⚠️ Disclaimer:
Trade at your own risk. DYOR.",dd44169bc5b6ea7dd19e014d21730409,2026-09-26T06:29:31+00:00,2026-09-26T06:31:30.600071+00:00,1218,gainsofcryptopro
1649094,40236,"✅ Long

#XTZ/USDT

Entry zone : 0.313407 - 0.32310...53632
0.363277

Stop loss :0.300483

Leverage: 10x",32117acb5540ac336237820129479d10,2026-09-26T06:29:31+00:00,2026-09-26T06:31:30.599265+00:00,1218,gainsofcryptopro
1649092,40233,"⚡️⚡️ #TWT/USDT ⚡️⚡️
Exchanges: Bingx 
Signal Type:...
5) 0.62498
6) 0.63382
7) 🚀🚀🚀

Stop Targets:
5-10%",2030d0f8eb701dc7754e49ec0b1c8eb3,2026-09-26T06:29:31+00:00,2026-09-26T06:31:30.216764+00:00,1218,gainsofcryptopro
1649090,40230,"⚡️⚡️ #XMR/USDT ⚡️⚡️
Exchanges: Bingx 
Signal Type:...593.25020
6) 601.64525
7) 🚀🚀🚀

Stop Targets:
5-10%",55a52f55f2dd4d7f78465434136de809,2026-09-26T06:29:31+00:00,2026-09-26T06:31:30.186210+00:00,1218,gainsofcryptopro
1649089,40231,"⚡️⚡️ #QTUM/USDT ⚡️⚡️
Exchanges: Bingx 
Signal Type...
5) 1.10081
6) 1.11639
7) 🚀🚀🚀

Stop Targets:
5-10%",7077333c9c7f579a5c50bba338e5fc19,2026-09-26T06:29:31+00:00,2026-09-26T06:31:30.181030+00:00,1218,gainsofcryptopro
1649087,40228,"BTCUSDTUSDT  
Exchanges: BINGX 

🟢 Short
Leverage-...5
5) 72605.43
6) 66797.00
7) 🚀🚀🚀 

⛔️ SL:
87966.98",c18881f13adce21f12704e33a64a903c,2026-09-26T06:29:31+00:00,2026-09-26T06:31:29.783923+00:00,1218,gainsofcryptopro
1649086,40227,"#SPK /USDT

📈Signal: Long Leverage: Cross 20X

⚡️E...even after TP1 is hit.

📣Trade Smart • Follow Risk",70b2ba69039dd6db330bab23a30e2bb7,2026-09-26T06:29:31+00:00,2026-09-26T06:31:29.737031+00:00,1218,gainsofcryptopro
1649085,40226,"#POWERUSDT — BUY (LONG) 
🎉
🟢 Leverage: Cross  25x
...️Stop Loss: 0.1080

⬇️ Risk Management:

 REACTION",e571e22f4c34b591e9a8320166c0c3c2,2026-09-26T06:29:30+00:00,2026-09-26T06:31:29.510163+00:00,1218,gainsofcryptopro
1649084,40225,"📊#SKY/USDT — LONG

⚡️ Leverage : 10X – 30X

💹Entry...Entry After TP1

⚖️ Follow Proper Risk Management.",348210fd46c4bc79f4049bd9cc48a2e9,2026-09-26T06:29:30+00:00,2026-09-26T06:31:29.504376+00:00,1218,gainsofcryptopro
1651865,40266,"#RARE/USDT LONG   

👉Leverage : Cross 10× To 30×

... 0.0215
2)  0.0225
3)  0.0240

⭕Stop Loss : 0.0196",b84e224e787bdb11e4655a69a0ec4a3c,2026-09-26T07:04:26+00:00,2026-09-26T08:32:30.753214+00:00,1218,gainsofcryptopro
1651863,40264,"📈 LONG #RARE/USDT 

🚀 LEVERAGE : 50x

📊 ENTRY PRIC...TP🟢0.0225

TP🟢0.0240

STOPLOSS 🔴0.0195

REACTIONS?",e34065d9d894ff42424583c389fa3716,2026-09-26T07:04:26+00:00,2026-09-26T08:32:30.721544+00:00,1218,gainsofcryptopro
1651860,40263,"📈 LONG #ARK/USDT 

🚀 LEVERAGE : 20x

📊 ENTRY PRICE...2

TP🟢0.302

TP🟢0.320

STOPLOSS 🔴0.272

REACTIONS?",8141dadf4480fb5bb5766d29c136444d,2026-09-26T07:04:26+00:00,2026-09-26T08:32:30.409505+00:00,1218,gainsofcryptopro
1651859,40260,"Coin #RARE/USDT

Position: LONG 

Leverage:  Cross...rgets: 🎯 0.0201, 0.0212, 0.0230

Stop Loss: 0.0179",fe50c321679451bc98836c6777e3beb9,2026-09-26T06:47:27+00:00,2026-09-26T08:32:30.406916+00:00,1218,gainsofcryptopro
1656903,40333,"📊 Let’s SHORT #ARK/USDT

💥 Leverage:  Cross 20×  -...
1) 0.2657
2) 0.2575
3) 0.2478

🔖 Stop Loss: 0.289",0deeadefa40b652bb6e7689633194094,2026-09-26T10:39:03+00:00,2026-09-26T10:57:06.729643+00:00,1218,gainsofcryptopro
1656902,40332,"#RARE        /USDT (SHORT) 🔽🔽

⌛LEVERAGE : 20X TO ...55

💥Use only 1%margin of your total portfolio❤️😘😇",0677958a5e2a077c4b250e8c5a0fdfb3,2026-09-26T10:39:03+00:00,2026-09-26T10:57:06.686216+00:00,1218,gainsofcryptopro
1656900,40330,"⭐ ENA /USDT — LONG

💵 ENTRY:0.27700-0.25000

⚙️ LE...o

📌 Follow the setup and manage your risk wisely.",29b6327690be1e253d287d19bdb5ad3e,2026-09-26T10:31:50+00:00,2026-09-26T10:57:06.610730+00:00,1218,gainsofcryptopro
1656899,40329,"🚀 LONG: $MUBARAK/USDT
LEVERAGE: 50x

✔️ENTRY PRICE...-0.05900-0.06200

STOP LOSS:  0.05230


REACTIONS?",9c7483c57a5224c47c6987d40f4498ff,2026-09-26T10:31:50+00:00,2026-09-26T10:57:05.932402+00:00,1218,gainsofcryptopro
1656898,40328,"✅ Long

Pair: #XRP/USDT

📊 Entry Price: 

1) 1.539...30
4) 1.6452

Stop Loss: 1.4428

Leverage: 10x-20x",dc43fcb0647278390285f5c8df9a271e,2026-09-26T10:31:50+00:00,2026-09-26T10:57:05.902272+00:00,1218,gainsofcryptopro
1656897,40327,"#RESOLV/USDT LONG   

👉Leverage : Cross 10× To 30×... 0.0214
2)  0.0220
3)  0.0240

⭕Stop Loss : 0.0198",82765afc72908949bde112ec3d9c78b4,2026-09-26T10:31:50+00:00,2026-09-26T10:57:05.841647+00:00,1218,gainsofcryptopro
1656896,40326,"📊 Let’s LONG #TNSR/USDT

💥 Leverage:  Cross 20×  -...0.04535
2) 0.04600
3) 0.04699

🔖 Stop Loss: 0.0415",44b1bc2bc17987e0973d564966089692,2026-09-26T10:31:50+00:00,2026-09-26T10:57:05.795317+00:00,1218,gainsofcryptopro
1656895,40324,"📊 Let’s LONG #2Z/USDT

💥 Leverage:  Cross 20×  - 
...1) 0.0744
2) 0.0769
3) 0.0840

🔖 Stop Loss: 0.0537",4b52d746cc48a2dcf0333ba84569f193,2026-09-26T10:31:50+00:00,2026-09-26T10:57:05.039432+00:00,1218,gainsofcryptopro
1656894,40325,"👑 #RESOLV/USDT — TRADE LONG

LEVERAGE 25X TO 50X

...

⛔️ STOP LOSS: 0.01980

⚡️ NO FEAR — JUST PROFITS",9642eef34df8671b9c8669f5c83ca24e,2026-09-26T10:31:50+00:00,2026-09-26T10:57:05.034040+00:00,1218,gainsofcryptopro
1656893,40323,"$BATUSDT

LONG

RR : 2

LEVERAGE : 20x

ENTRY : 0....0

TAKE PROFITS 👇

1️⃣ 0.09777

STOPLOSS : 0.09067",6c6a55cf1f479c6918d887e795967965,2026-09-26T10:31:50+00:00,2026-09-26T10:57:05.007008+00:00,1218,gainsofcryptopro
1656892,40322,"#2Z/ USDT — BUY (LONG) 
Leverage: Cross 25x – 50x
...T IS KEY
👉 Use ONLY 2 – 3% of your total portfolio",3a8afb9988f8b4be86a082fe11d0c50c,2026-09-26T10:31:50+00:00,2026-09-26T10:57:04.923722+00:00,1218,gainsofcryptopro
1656891,40321,"#REZ/USDT LONG   

👉Leverage : Cross 10× To 30×

E...0458
2)  0.00470
3)  0.00482

⭕Stop Loss : 0.00420",11802a6d8a16315f69fb79dd1104206a,2026-09-26T10:31:50+00:00,2026-09-26T10:57:04.183624+00:00,1218,gainsofcryptopro
1656890,40320,"⭐️#RARE/USDT  SHORT

🛡Leverage : Cross 25x50

‼️En....02413

Use only 3% - 5% amount of your portfolio🛍",06e260bbf67bb6492b33ae4b08212668,2026-09-26T10:31:50+00:00,2026-09-26T10:57:04.170389+00:00,1218,gainsofcryptopro
1656888,40318,"#MUBARAK/USDT

📈Signal: Long Leverage: Cross 20X

...even after TP1 is hit.

📣Trade Smart • Follow Risk",06b493c7dbade071a8330a5bfa8a2a5e,2026-09-26T10:31:50+00:00,2026-09-26T10:57:04.113151+00:00,1218,gainsofcryptopro
1656887,40317,"📈 LONG #ENA/USDT 

🚀 LEVERAGE : 75x

📊 ENTRY PRICE...2

TP🟢0.290

TP🟢0.305

STOPLOSS 🔴0.260

REACTIONS?",4a0c2086705b268c65363986ae28e539,2026-09-26T10:31:49+00:00,2026-09-26T10:57:03.373270+00:00,1218,gainsofcryptopro
1656886,40316,"🚀 #RUNEUSDT LONG SIGNAL 🚀

⚡️ LEVERAGE 50X–75X
📌 E...h this move together!

🔓 Trade Smart • Trade Safe.",2df08f93a26b280e73e2fbed5c8af43e,2026-09-26T10:31:49+00:00,2026-09-26T10:57:03.330582+00:00,1218,gainsofcryptopro
1656885,40315,"📉 SHORT #PHA/USDT 

🚀 LEVERAGE : 50x

📊 ENTRY PRIC...TP🟢0.0720

TP🟢0.0690

STOPLOSS 🔴0.0810

REACTIONS?",6fd85780bb279d25680f6cd91862ed89,2026-09-26T10:31:49+00:00,2026-09-26T10:57:03.316021+00:00,1218,gainsofcryptopro
1656884,40314,"📈 LONG #2Z/USDT 

🚀 LEVERAGE : 50x

📊 ENTRY PRICE ...TP🟢0.0780

TP🟢0.0820

STOPLOSS 🔴0.0695

REACTIONS?",ed91d37928075a49915a3cedb84a559c,2026-09-26T10:31:49+00:00,2026-09-26T10:57:03.255903+00:00,1218,gainsofcryptopro
1656883,40313,"Pair: #TAO/USDT

Short • (20X)

Entry
313.65

Targ...t your own risk. Always use proper risk management",5812dafd0a79fde67ffd458bae5ddc35,2026-09-26T10:31:49+00:00,2026-09-26T10:57:03.255130+00:00,1218,gainsofcryptopro
1656830,40269,"📊 Let’s LONG #RARE/USDT

💥 Leverage:  Cross 20×  -...) 0.0231
2) 0.0248
3) 0.0260

🔖 Stop Loss: 0.02070",85a5577291f19b9c5d6bbdb1f01408ac,2026-09-26T09:32:13+00:00,2026-09-26T10:56:52.330142+00:00,1218,gainsofcryptopro
1656828,40267,"#AKE/USDT LONG NOW 📈
🏠ENTRY: ( 0.036164 )",5510f581fcf20ba28ddefa3eb8ded2bf,2026-09-26T09:32:13+00:00,2026-09-26T10:56:52.313058+00:00,1218,gainsofcryptopro
1656827,40268,"🪙#AKE/USDT

🚩POSITION — LONG

🔒  LEVERAGE — 20X75
...38300
TP🥉: 0.040500

⛔️ SL: 0.030000

🔥REACTIONS?😜",f72d6ead53be83df21964da671f14291,2026-09-26T09:32:13+00:00,2026-09-26T10:56:52.311016+00:00,1218,gainsofcryptopro
1660467,40374,"🪙#HUMA/USDT

🚩POSITION — LONG

🔒  LEVERAGE — 20X75...0.02960
TP🥉: 0.03100

⛔️ SL: 0.02400

🔥REACTIONS?😜",bd0dda267ca6fcc6db8c8a9afa01cc35,2026-09-26T13:05:15+00:00,2026-09-26T13:11:17.088185+00:00,1218,gainsofcryptopro
1660466,40373,"#HUMA/USDT LONG NOW 📈
🏠ENTRY: ( 0.02819 )",68d357a332d9ec98ca442023dccdc74c,2026-09-26T13:05:15+00:00,2026-09-26T13:11:17.062105+00:00,1218,gainsofcryptopro
1660465,40372,"💰#LINK / USDT👑

💎Setup Type: Strong LONG 🔖Opportun...

🥉TP ➝ 16.000

4️⃣TP ➝ 20.000

🚫Stop Loss: 12.000",da71edde5d2a348a9e5e1b976f6f41e7,2026-09-26T13:05:15+00:00,2026-09-26T13:11:16.952338+00:00,1218,gainsofcryptopro
1660464,40371,"🔴 SHORT

#BAND/USDT

Entry : 

1) 0.2282
2) 0.2350...0.2124

🛑 Stop : 0.2425

Leverage : 10x (isolated)",b0f3ff3dce749c59e3063dcedbc30b9c,2026-09-26T13:05:15+00:00,2026-09-26T13:11:16.906623+00:00,1218,gainsofcryptopro
1660461,40368,"🪙#龙虾/USDT

🚩POSITION — SHORT

🔒  LEVERAGE — 20X75
...0.09800
TP🥉: 0.09300

⛔️ SL: 0.11800

🔥REACTIONS?😜",170c273346add7b7bf0efd02eed05cfe,2026-09-26T13:05:15+00:00,2026-09-26T13:11:16.883554+00:00,1218,gainsofcryptopro
1660460,40366,"🔴 SHORT

#DASH/USDT

Entry zone : 70.53 - 68.48

T....00
61.94
59.87

Stop loss :73.2736

Leverage: 10x",5ec9a4273c53c9f425d14cc313474f60,2026-09-26T12:33:49+00:00,2026-09-26T13:11:16.341546+00:00,1218,gainsofcryptopro
1660459,40365,"🚨 #DOT/USDT | LONG

⚡Leverage: Cross 20x

🎯Entry T... follow the signal and secure profits at targets.💎",696ebd4b7783e3d9a501a583974ef527,2026-09-26T12:31:30+00:00,2026-09-26T13:11:16.254187+00:00,1218,gainsofcryptopro
1660458,40364,"🚨 #LINK/USDT | LONG

⚡Leverage: Cross 20x

🎯Entry ... follow the signal and secure profits at targets.💎",78a33c3084eed28aaa98a5094ed59cba,2026-09-26T12:31:30+00:00,2026-09-26T13:11:15.727182+00:00,1218,gainsofcryptopro
1660457,40362,"Coin #SPELL/USDT

Position: LONG 

Leverage:  Cros... 0.000113, 0.000118, 0.000125

Stop Loss: 0.000104",a7ff2c6470a237831be33a8f8dbaa67d,2026-09-26T12:31:30+00:00,2026-09-26T13:11:15.718563+00:00,1218,gainsofcryptopro
1660456,40363,"🚨 #ONDO/USDT | LONG

⚡Leverage: Cross 20x

🎯Entry ... follow the signal and secure profits at targets.💎",d50eaa381364a0a610ad4b504153e558,2026-09-26T12:31:30+00:00,2026-09-26T13:11:15.714348+00:00,1218,gainsofcryptopro
1660448,40349,"🔘 Coin : #ENA/USDT 🔘

🔴 SHORT

🔺Entry🔻: 0.27986

⭐... - 0.26853

♦️ StopLoss : 0.28826

🔱 Leverage: 25x",d584895cc22c608f1fac5848e69867ab,2026-09-26T12:31:04+00:00,2026-09-26T13:11:14.398852+00:00,1218,gainsofcryptopro
1660444,40348,"#MOODENG/USDT 🟢 LONG

📍 Entry Zone: 0.049794 – 0.0...n: LONG

⚠️ Manage your risk and trade responsibly",e20cd32a71ac0466924fdddfa180f017,2026-09-26T12:31:04+00:00,2026-09-26T13:11:13.749655+00:00,1218,gainsofcryptopro
1660443,40347,"#ARK/USDT

📈Signal: Long Leverage: Cross 20X

⚡️En...even after TP1 is hit.

📣Trade Smart • Follow Risk",a06cb31559d1709fda02a3a7be036677,2026-09-26T12:31:04+00:00,2026-09-26T13:11:13.716324+00:00,1218,gainsofcryptopro
1660440,40344,"✨NEAR/USDT

🎗 Trade Type = LONG 🟢

💫 Leverage :- 2...fit = [ 4.964, 5.019, 5.064, 5.121, 5.164, 5.231 ]",4d1e133e1f45df0999bc66683ef6abd7,2026-09-26T11:20:23+00:00,2026-09-26T13:11:13.688475+00:00,1218,gainsofcryptopro
1660439,40343,"⭐️#US/USDT  LONG 

🛡Leverage : Cross 25x50

‼️Entr...021720

Use only 3% - 5% amount of your portfolio🛍",50059e11ab8f8acacef57877a84498ec,2026-09-26T11:20:23+00:00,2026-09-26T13:11:13.107681+00:00,1218,gainsofcryptopro
1660437,40341,"↗️ LONG #PHA 50x

📌 Entry: 0.08050

🎯 TP: 0.08300
...t Usage: 1-3%
⚠️ According to your risk management",820698c780aab2184877aec464a6d420,2026-09-26T10:59:26+00:00,2026-09-26T13:11:13.065194+00:00,1218,gainsofcryptopro
1660436,40340,"🚀 #CLOUSDT LONG SIGNAL 🚀

⚡️ LEVERAGE 50X–75X
📌 EN...h this move together!

🔓 Trade Smart • Trade Safe.",16599bc2fa0c1230269e8b3fc0e7bbea,2026-09-26T10:59:26+00:00,2026-09-26T13:11:13.060883+00:00,1218,gainsofcryptopro
1660433,40337,"✅Entry  -0.1210-0.1200

(🆘LONG XPLUSDT 5-20x🆘)

🏹 ...5  $0.1266
🏹Target 6  $0.1278

🚫Stop loss -0.11653",908c5e5778092a8540b99fe3645c866b,2026-09-26T10:59:26+00:00,2026-09-26T13:11:12.412665+00:00,1218,gainsofcryptopro
1660430,40338,"🔰 PAIR: RUNE/ USDT 💹

🟢Position: LONG🚀

☑️ Entry Z...gets:
🥇 0.709
🥈 0.715
🥉 0.725

❌ Stop Loss: 🔴0.686",cbbc096151058a2aec259b608aba8e37,2026-09-26T10:59:26+00:00,2026-09-26T13:11:12.390686+00:00,1218,gainsofcryptopro
1660432,40336,LONG XPL 0.12106,0e08f663ad8a54171dbde4e1ea187c99,2026-09-26T10:59:25+00:00,2026-09-26T13:11:12.409888+00:00,1218,gainsofcryptopro
1660431,40334,"#SOMIUSDT — BUY (LONG) 
🎉
🟢 Leverage: Cross  25x

...️Stop Loss: 0.2018

⬇️ Risk Management:

 REACTION",5282876bd3ce1bf175e3999d1c8622aa,2026-09-26T10:59:25+00:00,2026-09-26T13:11:12.392935+00:00,1218,gainsofcryptopro
1663894,40402,"SHIBUSDTUSDT  
Exchanges: BINGX 

🟢 Long
Leverage-... 6.00
4) 6.00
5) 6.48
6) 7.00
7) 🚀🚀🚀 

⛔️ SL:
5.63",da50a99ebb905483b508d77e9dc7e4a8,2026-09-26T15:02:11+00:00,2026-09-26T15:15:48.171877+00:00,1218,gainsofcryptopro
1663893,40401,"✨BCH/USDT

🎗 Trade Type = SHORT 🔴

⭐️ Leverage :- ...[ 329.79, 326.25, 322.69, 319.14, 315.86, 312.52 ]",17c684dd498453c91dff1322ee7b0978,2026-09-26T15:02:11+00:00,2026-09-26T15:15:48.171254+00:00,1218,gainsofcryptopro
1663892,40400,"🚀 #BEATUSDT LONG SIGNAL 🚀

⚡️ LEVERAGE 50X–75X
📌 E...h this move together!

🔓 Trade Smart • Trade Safe.",7ea207b7002849007bc122406a8a809c,2026-09-26T15:02:10+00:00,2026-09-26T15:15:48.070392+00:00,1218,gainsofcryptopro
1663884,40391,"💹#HEI/USDT — LONG SETUP

HEI is compressing inside... next expansion move.

Invalidation below $0.1347.",582902e413411f99821a51153ad2832c,2026-09-26T15:01:46+00:00,2026-09-26T15:15:46.474850+00:00,1218,gainsofcryptopro
1663882,40384,"🌈PAIR:- #US/USDT
⚡️ Direction : LONG
🛠 Leverage: C...nt Usage:- 1 - 2%
(According To your Risk Setting)",3ce9f817829d582dc422bf5267b0f3e0,2026-09-26T15:01:46+00:00,2026-09-26T15:15:45.534418+00:00,1218,gainsofcryptopro
1663880,40383,"⭐ RARE /USDT — LONG

💵 ENTRY:0.023500-0.022300

⚙️...o

📌 Follow the setup and manage your risk wisely.",c22b1e9db00c231b93283247f694b6db,2026-09-26T15:01:46+00:00,2026-09-26T15:15:45.526739+00:00,1218,gainsofcryptopro
1663879,40382,"#RARE/ USDT — BUY (LONG) 
Leverage: Cross 25x – 50...T IS KEY
👉 Use ONLY 2 – 3% of your total portfolio",e9edeeb655b3f1b8dbbc7e831e4ef91f,2026-09-26T15:01:46+00:00,2026-09-26T15:15:45.509899+00:00,1218,gainsofcryptopro
1663876,40379,"#SHORT 🔴 🔤🔤🔤🔤🔤

#BCH/USDT 

Margin Mode : Isolated...00.6

🟩 SL : 347.2 - 100%

📊 LEV : 20X

🇯🇵 Premium",d1f5521e22d3b4ed7c826bf9d48caf40,2026-09-26T13:41:00+00:00,2026-09-26T15:15:44.488314+00:00,1218,gainsofcryptopro
1663877,40376,"⭐️#PHA/USDT  LONG

🛡Leverage : Cross 25x50

‼️Entr....07487

Use only 3% - 5% amount of your portfolio🛍",4bfff4251edd21519d2ea242ad262724,2026-09-26T13:40:10+00:00,2026-09-26T15:15:44.502623+00:00,1218,gainsofcryptopro
1663875,40378,"👑My Coin: $Q/USDT
👀Looking for SHORT

🌟0.037053 Wi...I Will Set: 0.038476
°°°°°°°°°°°°°° As my stoploss",309d27c0deb52f145565a86f3af151d9,2026-09-26T13:40:10+00:00,2026-09-26T15:15:44.479962+00:00,1218,gainsofcryptopro
1663874,40377,"⭐ Q /USDT — LONG

💵 ENTRY:0.022500-0.020000

⚙️ LE...o

📌 Follow the setup and manage your risk wisely.",790bdc7dfcad77335ac2b992d5735cc5,2026-09-26T13:40:10+00:00,2026-09-26T15:15:44.471728+00:00,1218,gainsofcryptopro
1667222,40440,"⚡️⚡️#NEAR/USDT⚡️⚡️

Signal Type : Short
Leverage :....911
2) 4.729
3) 4.559
4) 4.464

Stop Loss : 5.223",9e3f24d687a5fb0b0e90ba62ddf833c6,2026-09-26T17:09:47+00:00,2026-09-26T17:23:42.306698+00:00,1218,gainsofcryptopro
1667219,40437,"$FLOW Again Buying Setup

Entry: CMP 
TP: 0.0380
S... very confident on this setup. It should work fine",332e8c68220579140bc45ec10e5edf89,2026-09-26T17:09:46+00:00,2026-09-26T17:23:41.256165+00:00,1218,gainsofcryptopro
1667218,40435,"🪙#DOT/USDT

🚩POSITION — LONG

🔒  LEVERAGE — 20X75
...🥈: 1.2750
TP🥉: 1.3200

⛔️ SL: 1.1500

🔥REACTIONS?😜",a522c53198f4fa528b18e980bcf76e1e,2026-09-26T17:09:46+00:00,2026-09-26T17:23:41.214996+00:00,1218,gainsofcryptopro
1667217,40436,"#LINK USDT — BUY (LONG) 
🎉
🟢 Leverage: Cross  30x
...️Stop Loss: 12.500

⬇️ Risk Management:

 REACTION",bd2ac5e3405eb57ffac89220bd2d260f,2026-09-26T17:09:46+00:00,2026-09-26T17:23:41.205436+00:00,1218,gainsofcryptopro
1667216,40434,"#DOT/USDT LONG NOW 📈
🏠ENTRY: ( 1.2313 )",834973da52c21f2af1a8996f2fa6bbd7,2026-09-26T17:09:46+00:00,2026-09-26T17:23:41.177138+00:00,1218,gainsofcryptopro
1667215,40433,"🔴 Short

Pair: #ZIL/USDT

📊 Entry Price: 

1) 0.00...0.0036180

Stop Loss: 0.0041318

Leverage: 10x-20x",6c9b52872419ab45479acbc6896ad2f6,2026-09-26T16:24:52+00:00,2026-09-26T17:23:40.505468+00:00,1218,gainsofcryptopro
1667213,40431,"🔴 SHORT

#ALGO/USDT

Entry zone : 0.125175 - 0.121...9923
0.106259

Stop loss :0.1300371

Leverage: 10x",38292f2cbdce0939d227e92003718286,2026-09-26T16:14:58+00:00,2026-09-26T17:23:40.422645+00:00,1218,gainsofcryptopro
1667212,40430,"#QNT/ USDT — BUY (LONG) 
Leverage: Cross 25x – 50x...T IS KEY
👉 Use ONLY 2 – 3% of your total portfolio",9fabb35c8761240a03072c19df055071,2026-09-26T16:14:57+00:00,2026-09-26T17:23:40.399019+00:00,1218,gainsofcryptopro
1667210,40426,"👑 #RARE /USDT — TRADE LONG

LEVERAGE 25X TO 50X

✔...

⛔️ STOP LOSS: 0.02130

⚡️ NO FEAR — JUST PROFITS",9e47c19be91fba8bd4b4499422a356fd,2026-09-26T16:14:57+00:00,2026-09-26T17:23:39.895666+00:00,1218,gainsofcryptopro
1667193,40406,"👑 #HUMA/USDT — TRADE LONG

LEVERAGE 25X TO 50X

✔️...

⛔️ STOP LOSS: 0.02770

⚡️ NO FEAR — JUST PROFITS",8c3d71c2265d70ea31ac492b89e9dce7,2026-09-26T16:14:30+00:00,2026-09-26T17:23:37.253963+00:00,1218,gainsofcryptopro
1667191,40407,"🔴SHORT  #ETHUSDT

🔶 Entry : 2700.00 - 2702.00

➡️ ...Profit Targets :

👉 2670.00

🛑 Stop Loss : 2734.00",f321a243f08b9c54166cf62a15f03213,2026-09-26T16:14:30+00:00,2026-09-26T17:23:37.247429+00:00,1218,gainsofcryptopro
1667189,40403,"📊 SPOT SIGNAL

#BR/USDT ☑️

Signal Type: SPOT BUY ...isk properly and avoid overexposure.

Cryptotegic™",d9162e8b6e09d208c73b79f4373295ea,2026-09-26T16:14:30+00:00,2026-09-26T17:23:37.221808+00:00,1218,gainsofcryptopro
1671052,40444,"✅ Long

#VET/USDT

Entry zone : 0.009179 - 0.00946...357
0.010639

Stop loss :0.00880059

Leverage: 10x",ed3e9b535ab5158ea34b21ee1e5ef573,2026-09-26T18:53:39+00:00,2026-09-26T19:21:50.133068+00:00,1218,gainsofcryptopro
1671054,40443,"🟢 Long

#QTUM/USDT

Entry : 

1) 1.036900
2) 1.005...7839

🛑 Stop : 0.971575

Leverage : 10x (isolated)",dff30cfe93ec1cf65714d251f89c2302,2026-09-26T18:53:38+00:00,2026-09-26T19:21:50.151337+00:00,1218,gainsofcryptopro
1671053,40441,"🚨 #ATOM/USDT | LONG

⚡Leverage: Cross 20x

🎯Entry ... follow the signal and secure profits at targets.💎",f591f353687ba9b396e05cef1e6f7267,2026-09-26T18:53:38+00:00,2026-09-26T19:21:50.134230+00:00,1218,gainsofcryptopro
1676505,40482,"🚨 #NEAR/USDT | LONG

⚡Leverage: Cross 20x

🎯Entry ... follow the signal and secure profits at targets.💎",a98bedaf6258d4cff6729ee1ea01d688,2026-09-26T22:55:21+00:00,2026-09-26T23:31:29.172452+00:00,1218,gainsofcryptopro
1676503,40481,"🚨 #SUPER/USDT | LONG

⚡Leverage: Cross 20x

🎯Entry... follow the signal and secure profits at targets.💎",3813d40b0dc5691a8bbb49fd8ae2bd7c,2026-09-26T22:53:24+00:00,2026-09-26T23:31:29.049648+00:00,1218,gainsofcryptopro
1676501,40476,"🔴 SHORT

#ZEC/USDT

Entry : 

1) 1677.41
2) 1727.7...61.35

🛑 Stop : 1783.08

Leverage : 10x (isolated)",20bbe42fd877090f80b1bd5f8c14a497,2026-09-26T22:31:18+00:00,2026-09-26T23:31:28.331027+00:00,1218,gainsofcryptopro
1676498,40473,"💫 Pair: NEAR/USDT  💫

🔼 Direction: Long 🔼

✅ Lever...📈 Take Profit: 5.440 📈

⚠️ Stop Loss: 4.450 ⚠️

📈📈",9f145e39d84c95671e8837125f7c7265,2026-09-26T22:26:59+00:00,2026-09-26T23:31:27.573444+00:00,1218,gainsofcryptopro
1676475,40446,"✅ Long

Pair: #COMP/USDT

📊 Entry Price: 

1) 23.9...5.03
4) 25.53

Stop Loss: 22.39

Leverage: 10x-20x",84a2d6b746177aa64073a8467c4cbe32,2026-09-26T22:26:25+00:00,2026-09-26T23:31:23.218904+00:00,1218,gainsofcryptopro
1676473,40445,"#HNT | LONG SETUP

💰 Entry: $0.5598

🎯 Target1: $0...t4: $0.58107
🎯 Target5: $0.58891

🛡 STOP: $0.53181",03fb30bee5cd1907732a582c0fd588ca,2026-09-26T22:26:25+00:00,2026-09-26T23:31:23.189369+00:00,1218,gainsofcryptopro
1682547,40552,"❖ US/USDT

❖ SHORT [ 10×20 ]

➤ Entry Zone:- 0.030... TP2: 0.0270
▪️ TP3: 0.0250

➤ Stop Loss :- 0.0325",06d8afefd0e39bb8882fd80b5aa991bf,2026-09-27T05:57:29+00:00,2026-09-27T07:05:33.658973+00:00,1218,gainsofcryptopro
1682546,40551,"⚡️⚡️ #STEEM/USDT ⚡️⚡️
Exchanges: Bingx 
Signal Typ...
5) 0.06950
6) 0.07049
7) 🚀🚀🚀

Stop Targets:
5-10%",d7dcd3c87d577e0a83ddfb59bd4de362,2026-09-27T05:57:29+00:00,2026-09-27T07:05:33.632332+00:00,1218,gainsofcryptopro
1682545,40550,"⚡️⚡️ #VTHO/USDT ⚡️⚡️
Exchanges: Bingx 
Signal Type...
5) 0.00083
6) 0.00084
7) 🚀🚀🚀

Stop Targets:
5-10%",a3571bebd9a6f512eeb0c7e70d012fca,2026-09-27T05:57:29+00:00,2026-09-27T07:05:33.570089+00:00,1218,gainsofcryptopro
1682544,40549,"⚡️⚡️ #THE/USDT ⚡️⚡️
Exchanges: Bingx 
Signal Type:...
5) 0.08752
6) 0.08876
7) 🚀🚀🚀

Stop Targets:
5-10%",5d98ef7aa8208c324c924911c707388d,2026-09-27T05:57:29+00:00,2026-09-27T07:05:33.541295+00:00,1218,gainsofcryptopro
1682543,40548,"⚡️⚡️ #POL/USDT ⚡️⚡️
Exchanges: Bingx 
Signal Type:...
5) 0.12660
6) 0.12839
7) 🚀🚀🚀

Stop Targets:
5-10%",490e748554bd77aede62ab93d9b1280f,2026-09-27T05:57:29+00:00,2026-09-27T07:05:33.518867+00:00,1218,gainsofcryptopro
1682542,40547,"⚡️⚡️ #UMA/USDT ⚡️⚡️
Exchanges: Bingx 
Signal Type:...
5) 0.44944
6) 0.45580
7) 🚀🚀🚀

Stop Targets:
5-10%",3bdf2c3e5c07aa1a5d3f86943448181c,2026-09-27T05:57:29+00:00,2026-09-27T07:05:32.151598+00:00,1218,gainsofcryptopro
1682541,40546,"⚡️⚡️ #XAI/USDT ⚡️⚡️
Exchanges: Bingx 
Signal Type:...
5) 0.00976
6) 0.00990
7) 🚀🚀🚀

Stop Targets:
5-10%",7d65daf11667087103fa6b7ec91f055e,2026-09-27T05:57:29+00:00,2026-09-27T07:05:32.142504+00:00,1218,gainsofcryptopro
1682540,40545,"📊#TAIKO/USDT–LONG–10x - 30x 🚀

📍 𝐄𝐧𝐭𝐫𝐲 𝐙𝐨𝐧𝐞:

➥ 0....tal.

⚠️ Disclaimer:
Trade at your own risk. DYOR.",53559901e3b5d9a6d8ad966e3fc38b23,2026-09-27T05:57:29+00:00,2026-09-27T07:05:32.105818+00:00,1218,gainsofcryptopro
1682539,40544,"🟢 Long

#ZIL/USDT

Entry : 

1) 0.0037200
2) 0.003...745

🛑 Stop : 0.0034856

Leverage : 10x (isolated)",6d8d51566fcac70c789a4ee7cbbdd913,2026-09-27T05:57:29+00:00,2026-09-27T07:05:32.063932+00:00,1218,gainsofcryptopro
1682537,40542,"🔰 SEI/USDT 🔰

🟢 LONG 20X

🔳 ENTRY :- 0.07265

☑️ TARGET:- 0.07460 - 0.079 - 0.086

🔴 STOP :- 0.068",ae9569b88b839201417b4a3386701f97,2026-09-27T05:54:49+00:00,2026-09-27T07:05:30.954975+00:00,1218,gainsofcryptopro
1682536,40541,"⌛#AVAX/USDT  ( SHORT )

🍁 Leverage 👉 20X to 25X 

...09 | 10.300 | 10.191 | 10.054

🔕 Stoploss = 11.161",fcf3ccc1b16f3bf1bf4ed0966740af6d,2026-09-27T05:54:49+00:00,2026-09-27T07:05:30.935629+00:00,1218,gainsofcryptopro
1682535,40539,"🐳 KITE/USDT #LONG🐳

✳️ ENTRY :- 0.158 - 0.151

💢 L...: 0.182

⛔️ STOP-LOSS :- 0.144

☝️ Margin Use 2–3%",0cd92e8644ef6a4b43a4f36b50ceeefc,2026-09-27T05:54:34+00:00,2026-09-27T07:05:30.882132+00:00,1218,gainsofcryptopro
1682534,40540,"💵 𝐒𝐈𝐆𝐍𝐀𝐋 𝐀𝐋𝐄𝐑𝐓 💵

#IN/USDT (25xLONG)

✅ ENTRY:0.04...
TARGETS:- 0.04450/0.047/0.051

❌ STOP LOSS: 0.037",dec5e7db7847e1ca9c66f93edb63ec11,2026-09-27T05:54:34+00:00,2026-09-27T07:05:30.872999+00:00,1218,gainsofcryptopro
1682533,40538,"📊 #IN/USDT

🟢 POSITION: LONG

💰 ENTRY RANGE
➤ 0.04...➤ 0.0360

━━━━━━━━━━━━━━━━━━

✅ Manage risk wisely",3bb5fe66dbff06db3ca69c28ebb4458d,2026-09-27T05:54:34+00:00,2026-09-27T07:05:30.762034+00:00,1218,gainsofcryptopro
1682532,40537,"🚀LONG: $RARE/USDT🚀
LEVERAGE: 20X-50X

🤍 ENTRY PRIC...350- 0.02570
—————

❌ STOP LOSS: 0.019❌

REACTIONS",2d2a9b1b853794871ab84433a5e067e4,2026-09-27T05:54:34+00:00,2026-09-27T07:05:30.720882+00:00,1218,gainsofcryptopro
1682528,40532,"📈 SOON/USDT 📈

🟢 LONG SETUP

💰 Entry Zone: 0.2670 ...et 1. 
✅ Move SL to breakeven after Target 1 hits.",5d07a0a6b26dc96e431a8b721cf184f4,2026-09-27T05:54:34+00:00,2026-09-27T07:05:30.561877+00:00,1218,gainsofcryptopro
1682527,40533,"🚀 $KITE/USDT PERP 🚀

🟢 LONG

💰 Entry : 0.156$ – 0.... 5X – 25X

⛔️ SL : 0.130$

📌 Use Only 2-5% Capital",17f470cea0fe425fa34ca147695d4850,2026-09-27T05:54:34+00:00,2026-09-27T07:05:30.558180+00:00,1218,gainsofcryptopro
1682526,40531,"⭐ US /USDT — LONG

💵 ENTRY:0.030880-0.029300

⚙️ L...o

📌 Follow the setup and manage your risk wisely.",90eebb217f7fa56af7f7e476a7744fed,2026-09-27T05:54:34+00:00,2026-09-27T07:05:30.469373+00:00,1218,gainsofcryptopro
1682525,40530,"📈 LONG #US/USDT

♻ Leverage: 20X

➡️ Entry :- 0.03...1) 0.0315
2) 0.0330
3) 0.0350

⭕ Stop Loss: 0.0262",1fbd03d0ed531044f6b86df68cab90d1,2026-09-27T05:54:34+00:00,2026-09-27T07:05:30.457400+00:00,1218,gainsofcryptopro
1682524,40529,"$GRASS/USDT #LONG📩

✅ENTRY :-0.5790/0.5590

Target...𝐎𝐧𝐥𝐲 𝟏-𝟑% 𝐎𝐟 𝐎𝐮𝐫 𝐃𝐞𝐩𝐨𝐬𝐢𝐭 𝐅𝐨𝐫 𝐄𝐚𝐜𝐡 𝐓𝐫𝐚𝐝𝐞

React,??m",09eddc5a6a8d61368e639b9cb17bac47,2026-09-27T05:54:34+00:00,2026-09-27T07:05:30.423144+00:00,1218,gainsofcryptopro
1682522,40527,"#MARSCOIN/USDT

LONG LONG LONG 

OPEN MARKET PRICE...3200
TP 0.13500
TP 0.13700

 SL  0.11150

 LEV 15X",5fc4ed6999b64df497294b0b40c88387,2026-09-27T05:54:33+00:00,2026-09-27T07:05:30.345247+00:00,1218,gainsofcryptopro
1682520,40525,"#TRUST/USDT

📈Signal: Long Leverage: Cross 20X

⚡️...even after TP1 is hit.

📣Trade Smart • Follow Risk",b8c2f9233625b6addf016763fe587d36,2026-09-27T05:54:33+00:00,2026-09-27T07:05:30.240848+00:00,1218,gainsofcryptopro
1682519,40524,"#CROSSUSDT — BUY (LONG) 
🎉
🟢 Leverage: Cross  25x
...️Stop Loss: 0.1460

⬇️ Risk Management:

 REACTION",f008a9514998f46be7648ed76063cbef,2026-09-27T05:54:33+00:00,2026-09-27T07:05:30.168492+00:00,1218,gainsofcryptopro
1686166,40591,"⭐️#US/USDT  LONG 

🛡Leverage : Cross 25x50

‼️Entr...029725

Use only 3% - 5% amount of your portfolio🛍",6cfceed3dd82b9f6838dc47a318ce495,2026-09-27T08:47:14+00:00,2026-09-27T09:10:23.450611+00:00,1218,gainsofcryptopro
1686164,40589,"📊#DEEP/USDT — LONG

⚡️ Leverage : 10X – 30X

💹Entr...Entry After TP1

⚖️ Follow Proper Risk Management.",77c053c9c0218e4532c282a3a6c62c8a,2026-09-27T08:47:14+00:00,2026-09-27T09:10:23.390770+00:00,1218,gainsofcryptopro
1686163,40588,"📊 Let’s LONG #Q/USDT

💥 Leverage:  Cross 20×  - 

...0.04730
2) 0.05150
3) 0.05600

🔖 Stop Loss: 0.0417",315fb17b6744ee1a8c0ffb6b0d19b415,2026-09-27T08:47:14+00:00,2026-09-27T09:10:21.959506+00:00,1218,gainsofcryptopro
1686162,40587,"LYN/USDT

LONG LONG LONG 

OPEN MARKET PRICE 

TP ...0.04010
TP 0.04050
TP 0.04090

SL 0.03705

LEV 20X",4521cc3c87fc8120b79d62b690d221a0,2026-09-27T08:47:14+00:00,2026-09-27T09:10:21.900418+00:00,1218,gainsofcryptopro
1686161,40586,"#Q/USDT

📈Signal: Long Leverage: Cross 20X

⚡️Entr...even after TP1 is hit.

📣Trade Smart • Follow Risk",f9e85251cd90d0ec92f67bf8b3c3d39d,2026-09-27T08:47:14+00:00,2026-09-27T09:10:21.893008+00:00,1218,gainsofcryptopro
1686160,40585,"📈 LONG #SOON/USDT 

🚀 LEVERAGE : 50x

📊 ENTRY PRIC...TP🟢0.0309

TP🟢0.0320

STOPLOSS 🔴0.0285

REACTIONS?",821150859f271003b77dfec22e9f64a9,2026-09-27T08:47:14+00:00,2026-09-27T09:10:21.864957+00:00,1218,gainsofcryptopro
1686159,40584,"NEARUSDTUSDT  
Exchanges: BINGX 

🟢 Long
Leverage-... 5.30
4) 5.60
5) 6.05
6) 6.53
7) 🚀🚀🚀 

⛔️ SL:
4.55",8491392d7a2d468f1e9044779872197a,2026-09-27T08:47:14+00:00,2026-09-27T09:10:21.853285+00:00,1218,gainsofcryptopro
1686158,40583,"📍Coin : #SUPER/USDT

🟢 LONG 

👉 Entry: 0.2047 - 0....t 5: 0.2149
🎯 Target 6: 0.2170

❌ StopLoss: 0.1954",7b6c5598d1523db709d4c52016932360,2026-09-27T08:47:14+00:00,2026-09-27T09:10:20.433974+00:00,1218,gainsofcryptopro
1686157,40582,"👑My Coin: $LYN/USDT
👀Looking for LONG

🌟0.03932 Wi...️I Will Set: 0.03801
°°°°°°°°°°°°°° As my stoploss",01a8d6887d409f90cbf3b6194fa2b8e3,2026-09-27T07:27:15+00:00,2026-09-27T09:10:20.404279+00:00,1218,gainsofcryptopro
1686156,40581,"💰#RUNE / USDT👑

💎Setup Type: Strong LONG 🔖Opportun...

🥉TP ➝ 0.9000

4️⃣TP ➝ 0.9900

🚫Stop Loss: 0.7100",33a726c7a16d97570b52dbbe0869c8be,2026-09-27T07:27:15+00:00,2026-09-27T09:10:20.399911+00:00,1218,gainsofcryptopro
1686154,40580,"#SOON/USDT LONG   

👉Leverage : Cross 10× To 30×

...
1)  0.310
2)  0.322
3)  0.338

⭕Stop Loss : 0.284",0f0c8c24f4a68179c384e4cdeeffed56,2026-09-27T07:27:15+00:00,2026-09-27T09:10:20.366729+00:00,1218,gainsofcryptopro
1686153,40578,"⭐ QNT /USDT — LONG

💵 ENTRY:174.00-172.00

⚙️ LEVE...o

📌 Follow the setup and manage your risk wisely.",84908d650ef750fa43d9696de87463a9,2026-09-27T07:27:15+00:00,2026-09-27T09:10:19.047465+00:00,1218,gainsofcryptopro
1686152,40577,"#SOON/ USDT — BUY (LONG) 
Leverage: Cross 25x – 50...T IS KEY
👉 Use ONLY 2 – 3% of your total portfolio",174ce7bc33e2c2fdad35d162c48cb20b,2026-09-27T07:27:15+00:00,2026-09-27T09:10:19.022252+00:00,1218,gainsofcryptopro
1686150,40575,"✅ Long

#KAVA/USDT

Entry zone : 0.065979 - 0.0680...4447
0.076478

Stop loss :0.0632586

Leverage: 10x",49a8198e555c87ca5bb354780b7dbd10,2026-09-27T07:27:15+00:00,2026-09-27T09:10:18.996430+00:00,1218,gainsofcryptopro
1686149,40576,"🌈PAIR:- #SAGA/USDT
⚡️ Direction : SHORT
🛠 Leverage...nt Usage:- 1 - 2%
(According To your Risk Setting)",87d9b28387f00c726a77ccd01c6dfa68,2026-09-27T07:27:15+00:00,2026-09-27T09:10:18.991743+00:00,1218,gainsofcryptopro
1686142,40558,"#US/USDT LONG   

👉Leverage : Cross 10× To 30×

En... 0.0320
2)  0.0331
3)  0.0350

⭕Stop Loss : 0.0295",dbc5d76ae5ec5a395009982fbd0da511,2026-09-27T07:26:42+00:00,2026-09-27T09:10:15.955138+00:00,1218,gainsofcryptopro
1686140,40560,"Coin #RUNE/USDT

Position: LONG 

Leverage:  Cross...rgets: 🎯 0.8000, 0.8370, 0.8890

Stop Loss: 0.7320",46a14001e3628c1315b637710670d5e8,2026-09-27T07:26:42+00:00,2026-09-27T09:10:15.949136+00:00,1218,gainsofcryptopro
1686139,40559,"#QNT/ USDT — BUY (LONG) 
Leverage: Cross 25x – 50x...T IS KEY
👉 Use ONLY 2 – 3% of your total portfolio",4c4d5057f8f9c4b934f4d6b9c12ad2cd,2026-09-27T07:26:42+00:00,2026-09-27T09:10:15.948203+00:00,1218,gainsofcryptopro
1686138,40556,"#QNT/USDT LONG   

👉Leverage : Cross 10× To 30×

E... Profit

1)  185
2)  191
3)  200

⭕Stop Loss : 170",0a4589a5020e806821b2717e88bb604b,2026-09-27T07:26:42+00:00,2026-09-27T09:10:13.369074+00:00,1218,gainsofcryptopro
1686137,40554,"#RARE/USDT

📈Signal: Long Leverage: Cross 20X

⚡️E...even after TP1 is hit.

📣Trade Smart • Follow Risk",2d3eafd7cdfab3770b4d8220a1cdda83,2026-09-27T07:26:42+00:00,2026-09-27T09:10:13.359104+00:00,1218,gainsofcryptopro
1686136,40555,"Pair: #BCH/USDT

Short • (20X)

Entry
341.25 - 344...t your own risk. Always use proper risk management",1143a7f0c947b0bf7fe3f58ee694d4f9,2026-09-27T07:26:42+00:00,2026-09-27T09:10:13.358370+00:00,1218,gainsofcryptopro
1686135,40557,"⚡️$Q/USDT⚡️

LONG
Leverage: 25X

Entry: 0.0433

Ta...get:

1)0.0455
2)0.0490
3)0.0530

Stoploss: 0.0343",322b07ff424fe0a4914a45e49eab0863,2026-09-27T07:26:42+00:00,2026-09-27T09:10:13.343549+00:00,1218,gainsofcryptopro
1686134,40553,"🚀 #BTWUSDT LONG SIGNAL 🚀

⚡️ LEVERAGE 50X–75X
📌 EN...h this move together!

🔓 Trade Smart • Trade Safe.",0137973e876547bbcc11e33fa9323f58,2026-09-27T07:26:42+00:00,2026-09-27T09:10:13.327409+00:00,1218,gainsofcryptopro
1688911,40615,"✅ Long

Pair: #DASH/USDT

📊 Entry Price: 

1) 68.5...1.84
4) 73.28

Stop Loss: 64.26

Leverage: 10x-20x",07fd84e097ee056f36b6c73af61a3dc0,2026-09-27T11:39:24+00:00,2026-09-27T11:50:06.097344+00:00,1218,gainsofcryptopro
1688910,40614,"❖ SOON/USDT

❖ SHORT [ 10×20 ]

➤ Entry Zone:- 0.2...
▪️ TP2: 0.270
▪️ TP3: 0.250

➤ Stop Loss :- 0.315",1d6888575ba1cf316fabc615b1a9fb7d,2026-09-27T11:39:24+00:00,2026-09-27T11:50:06.013920+00:00,1218,gainsofcryptopro
1688909,40613,"✨ARB/USDT

🎗 Trade Type = SHORT 🔴

⭐️ Leverage :- ...590, 0.22360, 0.22082, 0.21866, 0.21659, 0.21380 ]",6aff67faefa4f2cd1abd60fce7d2610b,2026-09-27T11:39:24+00:00,2026-09-27T11:50:06.004914+00:00,1218,gainsofcryptopro
1688908,40612,"🔴 SHORT $BTC/USDT | Cross 10X

✅ Entry: MARKET PRICE 

🎯 TP: 85369.3

🛑 SL: 83427.6",fea746f3d177430d6e2bfb48f0b92d42,2026-09-27T11:39:24+00:00,2026-09-27T11:50:05.924256+00:00,1218,gainsofcryptopro
1688906,40611,"🚀 #WLDUSDT LONG SIGNAL 🚀

⚡️ LEVERAGE 50X–75X
📌 EN...h this move together!

🔓 Trade Smart • Trade Safe.",23f5942d2f2e0f2f8ce606fb888fce14,2026-09-27T11:39:24+00:00,2026-09-27T11:50:04.595575+00:00,1218,gainsofcryptopro
1688907,40610,"📈 LONG #GRASS/USDT 

🚀 LEVERAGE : 75x

📊 ENTRY PRI... 

TP¹🟢0.64

TP²🟢0.67

STOPLOSS 🔴0.60


REACTIONS?",72b6ad9d1b227d95ea51abd2ac0ccebe,2026-09-27T11:39:24+00:00,2026-09-27T11:50:04.593713+00:00,1218,gainsofcryptopro
1688904,40608,"🌈PAIR:- #Q/USDT
⚡️ Direction : LONG
🛠 Leverage: Cr...nt Usage:- 1 - 2%
(According To your Risk Setting)",b91550587d049784c104fa84f9f52469,2026-09-27T11:39:24+00:00,2026-09-27T11:50:04.469961+00:00,1218,gainsofcryptopro
1688903,40607,"#QNT USDT — BUY (LONG) 
🎉
🟢 Leverage: Cross  50x

...️Stop Loss: 158.00

⬇️ Risk Management:

 REACTION",e1b89f8aee67a417450a67898595e260,2026-09-27T10:27:33+00:00,2026-09-27T11:50:04.407751+00:00,1218,gainsofcryptopro
1688902,40606,"📊 Q/USDT — LONG

📍 ENTRY: 0.04670

🎯 TARGET 1: 0.0...Manage your risk & trade responsibly.

🔥 LET’S GO!",8f09a0fae84a27fa86a200bff1bb1e08,2026-09-27T10:27:32+00:00,2026-09-27T11:50:03.016570+00:00,1218,gainsofcryptopro
1688901,40605,"⚡️Pair: Q/USDT
Type: LONG 🟢
💫Leverage:  (20X_100X)...52
2) 0.059
3) 0.072
4) 0.099

❌ STOP LOSS: 0.035❌",82216b3cab86facc9d0d9f46c886a021,2026-09-27T10:27:32+00:00,2026-09-27T11:50:03.004505+00:00,1218,gainsofcryptopro
1688900,40604,"🔰 PAIR: ADA/ USDT 💹

🟢Position: LONG🚀

☑️ Entry Zo...:
🥇 0.2570
🥈 0.2600
🥉 0.2632

❌ Stop Loss: 🔴0.2500",ea84a76a73c291e1881262621ae6034a,2026-09-27T10:27:32+00:00,2026-09-27T11:50:02.952847+00:00,1218,gainsofcryptopro
1688899,40602,"👑 #Q/USDT — TRADE LONG

LEVERAGE 25X TO 50X

✔️ EN...

⛔️ STOP LOSS: 0.04420

⚡️ NO FEAR — JUST PROFITS",c5eaeb79de06e034bf5537947c547a76,2026-09-27T10:27:32+00:00,2026-09-27T11:50:02.893227+00:00,1218,gainsofcryptopro
1688897,40601,"🚀 LONG: $QNT/USDT
LEVERAGE: 50x

✔️ENTRY PRICE: 17...176.50-187.00-203.00

STOP LOSS:  164


REACTIONS?",91228b86d31266a3eb4eced973c3bf11,2026-09-27T10:27:32+00:00,2026-09-27T11:50:01.384823+00:00,1218,gainsofcryptopro
1688896,40600,"💎#W/USDT  SHORT

👍Leverage : Cross 25x50

🔝Entry :...016250

Use only 3% - 5% amount of your portfolio🤩",12ef3a44b265adbd32b493a6c72ecd26,2026-09-27T10:27:32+00:00,2026-09-27T11:50:01.355860+00:00,1218,gainsofcryptopro
1688893,40597,"📊 Let’s LONG #Q/USDT

💥 Leverage:  Cross 20×  - 

...1) 0.0488
2) 0.0503
3) 0.0560

🔖 Stop Loss: 0.0442",1ae7a51ab4705211881d9c83c8265c4b,2026-09-27T10:27:32+00:00,2026-09-27T11:50:01.227937+00:00,1218,gainsofcryptopro
1688888,40596,"🟢ETH/USDT My Short Trade Setup

Leverage 100X

Ent... 2670

Stop Loss  :  2725

Follow Money Management",f7efdf68379765b97307c67772ad9fde,2026-09-27T10:27:32+00:00,2026-09-27T11:49:58.575606+00:00,1218,gainsofcryptopro
1688887,40594,"🔴 SHORT $WLD/USDT | Cross 50X

✅ Entry: MARKET PRICE 

🎯 TP: 0.5125

🛑 SL: 0.5583",4d67268b5d2279cd826f23b151b39224,2026-09-27T10:27:32+00:00,2026-09-27T11:49:58.541320+00:00,1218,gainsofcryptopro
1688886,40595,"📈 LONG #XVG/USDT 

🚀 LEVERAGE : 50x

📊 ENTRY PRICE...🟢0.0038

TP²🟢0.0040

STOPLOSS 🔴0.0035


REACTIONS?",c2016e2f7437a4d97be5be1594c8cd0c,2026-09-27T10:27:32+00:00,2026-09-27T11:49:58.537029+00:00,1218,gainsofcryptopro
1688884,40593,"#QNT/USDT

📈Signal: Long Leverage: Cross 20X

⚡️En...even after TP1 is hit.

📣Trade Smart • Follow Risk",479708a777a9851a3a9b8025f72a652e,2026-09-27T10:27:32+00:00,2026-09-27T11:49:58.510780+00:00,1218,gainsofcryptopro
1688885,40592,"📉 SHORT #W/USDT 

🚀 LEVERAGE : 50x

📊 ENTRY PRICE ...TP🟢0.0146

TP🟢0.0141

STOPLOSS 🔴0.0158

REACTIONS?",616a211aacb8c5cfc18a534a80c75f7d,2026-09-27T10:27:31+00:00,2026-09-27T11:49:58.528581+00:00,1218,gainsofcryptopro
1691964,40616,"🔴 SHORT

#SNX/USDT

Entry zone : 0.275731 - 0.2677...42134
0.234063

Stop loss :0.286439

Leverage: 10x",ce01e2ae428c8d6dc9ebb32decb92e47,2026-09-27T13:54:05+00:00,2026-09-27T14:11:25.844934+00:00,1218,gainsofcryptopro
1694949,40694,"💹#BNB/USDT — BREAKOUT LONG SETUP

BNB just broke o...kens.

Let the breakout work. Don't chase candles.",daa69de1c04db990269afe3e54804a9e,2026-09-27T16:17:02+00:00,2026-09-27T16:36:17.432350+00:00,1218,gainsofcryptopro
1694896,40665,"📉 SHORT #US/USDT 

🚀 LEVERAGE : 50x

📊 ENTRY PRICE...TP🟢0.0288

TP🟢0.0275

STOPLOSS 🔴0.0313

REACTIONS?",71dc2b65efebaf3ed1c8a36a232d6da6,2026-09-27T15:50:04+00:00,2026-09-27T16:35:54.333049+00:00,1218,gainsofcryptopro
1694893,40656,"#NIGHTUSDT — BUY (LONG) 
🎉
🟢 Leverage: Cross  25x
...Stop Loss: 0.02472

⬇️ Risk Management:

 REACTION",1dcb439e9f6ea997d0da00c1762462b0,2026-09-27T15:50:04+00:00,2026-09-27T16:35:52.475593+00:00,1218,gainsofcryptopro
1694891,40655,"🚀 LONG: $QNT/USDT
LEVERAGE: 50x

✔️ENTRY PRICE: 16....00-179.00-195.00

STOP LOSS:  158.00


REACTIONS?",6ba834068cfbc8e4a9193ab11a60c957,2026-09-27T15:50:04+00:00,2026-09-27T16:35:52.435093+00:00,1218,gainsofcryptopro
1694857,40627,"💎#ONE/USDT  LONG

👍Leverage : Cross 25x50

🔝Entry ...019850

Use only 3% - 5% amount of your portfolio🤩",fc6cb8dd49ada1e92d70f26b6c9c3d02,2026-09-27T15:48:47+00:00,2026-09-27T16:35:37.011778+00:00,1218,gainsofcryptopro
1694856,40628,"EXCHANGE/BYBIT/BITUNIX/OKX📌 



LONG/MAGIC/USDT📈📈📈...agement 🏆


Use only 5% of your 📈Available balance",5c014da2b240c1582c3edceb9484896a,2026-09-27T15:48:47+00:00,2026-09-27T16:35:37.007790+00:00,1218,gainsofcryptopro
1694855,40626,ONEUSDT LONG NOW,7e6af733c9a8e38a5150db3d8fc179c1,2026-09-27T15:48:47+00:00,2026-09-27T16:35:36.973939+00:00,1218,gainsofcryptopro
1694854,40624,"#ONE/USDT LONG NOW 📈
🏠ENTRY: ( 0.0021489 )",a2c0429b42712c2a5173b92534be63b3,2026-09-27T15:48:47+00:00,2026-09-27T16:35:35.225452+00:00,1218,gainsofcryptopro
1694853,40622,"XLMUSDTUSDT  
Exchanges: BINGX 

🟢 Long
Leverage- ....26127000
6) 0.28217000
7) 🚀🚀🚀 

⛔️ SL:
0.19872000",2c747ade1617a4ffde595d19a95efe02,2026-09-27T15:48:47+00:00,2026-09-27T16:35:35.217869+00:00,1218,gainsofcryptopro
1694852,40623,"#HYPE - LONG 50X

Entry  92.2
DCA will update if n...% -200%-300% +++

SL= Will update

Using 1% wallet",38d41cb39ce619ece4a49f28e30d7176,2026-09-27T15:48:47+00:00,2026-09-27T16:35:35.204751+00:00,1218,gainsofcryptopro
1694851,40625,"🪙#ONE/USDT

🚩POSITION — LONG

🔒  LEVERAGE — 20X75
...200
TP🥉: 0.0024500

⛔️ SL: 0.0018700

🔥REACTIONS?😜",311898c9a3b767117094699484f25b52,2026-09-27T15:48:47+00:00,2026-09-27T16:35:35.203936+00:00,1218,gainsofcryptopro
1698788,40697,"$JUPUSDT

SHORT

RR : 2

LEVERAGE : 15x

ENTRY : 0.3397

TAKE PROFITS 👇

1️⃣ 0.317

STOPLOSS : 0.351",364fa3eb1ac2177b16e0440cc956411b,2026-09-27T18:38:19+00:00,2026-09-27T19:05:18.976145+00:00,1218,gainsofcryptopro
1698786,40698,"#Q/USDT SHORT NOW 📉
🏠ENTRY: ( 0.033029 )",dfc440e7c4e7b9cacbbfe6029bde2935,2026-09-27T18:38:19+00:00,2026-09-27T19:05:18.941098+00:00,1218,gainsofcryptopro
1698785,40699,"🪙#Q/USDT

🚩POSITION — SHORT

🔒  LEVERAGE — 20X75

...31350
TP🥉: 0.029600

⛔️ SL: 0.037000

🔥REACTIONS?😜",f245200e7fce7d8eabc3b973d79e7356,2026-09-27T18:38:19+00:00,2026-09-27T19:05:18.936006+00:00,1218,gainsofcryptopro
1700895,40719,"APTUSDTUSDT  
Exchanges: BINGX 

🟢 Long
Leverage- ...6040000
5) 1.04
6) 1.12
7) 🚀🚀🚀 

⛔️ SL:
0.78890000",2cf6c5563093354087aa62418f3f47ce,2026-09-27T20:41:30+00:00,2026-09-27T21:18:24.833624+00:00,1218,gainsofcryptopro
1700894,40716,"#DYM | LONG SETUP

💰 Entry: $0.02111

🎯 Target1: $...t4: $0.02191
🎯 Target5: $0.02221

🛡 STOP: $0.02005",12f8c7836461a247be1276a0b00a6583,2026-09-27T19:49:22+00:00,2026-09-27T21:18:24.748032+00:00,1218,gainsofcryptopro
1700893,40718,"🪙#PLAY/USDT

🚩POSITION — LONG

🔒  LEVERAGE — 20X75...0.03450
TP🥉: 0.03660

⛔️ SL: 0.02800

🔥REACTIONS?😜",fce519d2490b374d702f13adb80ed76e,2026-09-27T19:49:22+00:00,2026-09-27T21:18:24.722369+00:00,1218,gainsofcryptopro
1700892,40717,"#PLAY/USDT LONG NOW 📈
🏠ENTRY: ( 0.03254 )",e448ee80f9bd0f6e2efce1b3d06980f9,2026-09-27T19:49:22+00:00,2026-09-27T21:18:24.701346+00:00,1218,gainsofcryptopro
1702767,40721,"✅ Long

#ETH/USDT

Entry zone : 2594.71 - 2674.96
...27.74
3007.59

Stop loss :2487.7128

Leverage: 10x",2cfed52358fbcd9c05aa2b5e6d492828,2026-09-27T23:10:38+00:00,2026-09-27T23:16:35.351001+00:00,1218,gainsofcryptopro
1702766,40722,"✅ Long

Pair: #VET/USDT

📊 Entry Price: 

1) 0.009...) 0.009743

Stop Loss: 0.008545

Leverage: 10x-20x",d3136da6555a728f821460abcad4b18d,2026-09-27T23:10:38+00:00,2026-09-27T23:16:35.339819+00:00,1218,gainsofcryptopro
1702765,40720,"🟢 Long

#XTZ/USDT

Entry : 

1) 0.319500
2) 0.3099...1358

🛑 Stop : 0.299371

Leverage : 10x (isolated)",b5241666c2434f86837864998a3279d2,2026-09-27T23:10:38+00:00,2026-09-27T23:16:35.331206+00:00,1218,gainsofcryptopro
1711606,40820,"🚨 #ETH/USDT | SHORT 

⚡Leverage: Cross 200x

🎯Entr... follow the signal and secure profits at targets.💎",57a61ba4a8563d7ea1d2e78acc16916c,2026-09-28T07:28:15+00:00,2026-09-28T08:39:31.281394+00:00,1218,gainsofcryptopro
1711604,40819,"#SAGAUSDT — BUY (LONG) 
🎉
🟢 Leverage: Cross  50x

...Stop Loss: 0.02500

⬇️ Risk Management:

 REACTION",70d9f598c9b8ad3f5e261bb3268644a9,2026-09-28T07:28:15+00:00,2026-09-28T08:39:31.250655+00:00,1218,gainsofcryptopro
1711602,40816,"❖ GRT/USDT

❖ SHORT [ 10×20 ]

➤ Entry Zone:- 0.03... TP2: 0.0300
▪️ TP3: 0.0285

➤ Stop Loss :- 0.0345",af66b69a0a645704812d3aacc4cbf2bd,2026-09-28T07:28:15+00:00,2026-09-28T08:39:28.661497+00:00,1218,gainsofcryptopro
1711601,40815,"Coin #QNT/USDT

Position: LONG 

Leverage:  Cross ...82 - 272

Targets: 🎯 292, 306, 342

Stop Loss: 262",c3aa142f1fb02201bac204d48316443f,2026-09-28T07:28:15+00:00,2026-09-28T08:39:28.645686+00:00,1218,gainsofcryptopro
1711600,40814,"🚀 #LYNUSDT LONG SIGNAL 🚀

⚡️ LEVERAGE 50X–75X
📌 EN...h this move together!

🔓 Trade Smart • Trade Safe.",033b922696cc92516cc027be302bc47f,2026-09-28T07:28:15+00:00,2026-09-28T08:39:28.626930+00:00,1218,gainsofcryptopro
1711599,40813,"🚀LONG: $RARE/USDT🚀
LEVERAGE: 20X-50X

🤍 ENTRY PRIC...22- 0.024
—————

❌ STOP LOSS: 0.01720❌


REACTIONS",d6fd727c5b75354f7f1e26f497fcefcb,2026-09-28T07:28:15+00:00,2026-09-28T08:39:28.614542+00:00,1218,gainsofcryptopro
1711598,40812,"📈 SYN/USDT 📈

🔴 SHORT SETUP

💰 Entry Zone: 0.1730 ...et 1. 
✅ Move SL to breakeven after Target 1 hits.",7b7af650384dc80a9bb662bd51a6442a,2026-09-28T07:28:15+00:00,2026-09-28T08:39:26.534358+00:00,1218,gainsofcryptopro
1711597,40811,"📊 ONDO/USDT — SHORT

📍 ENTRY: 0.5850

🎯 TARGET 1: ...Manage your risk & trade responsibly.

🔥 LET’S GO!",c6ab769c9b401cf537ed22a086c110ba,2026-09-28T07:28:15+00:00,2026-09-28T08:39:26.436729+00:00,1218,gainsofcryptopro
1711596,40810,"#LONG 🟢🔤🔤🔤🔤🔤

#WLD/USDT

Margin Mode : Isolated 💎
...6

🟥 SL : 0.5064 - 100%   

📊 LEV : 20X

🇯🇵Premium",c2c67f9a4f88dbde0435f1e6ff0679d3,2026-09-28T07:28:15+00:00,2026-09-28T08:39:26.366204+00:00,1218,gainsofcryptopro
1711595,40809,"📊#IMX/USDT–SHORT–10x - 30x 🚀

📍 𝐄𝐧𝐭𝐫𝐲 𝐙𝐨𝐧𝐞:

➥ 0.1...tal.

⚠️ Disclaimer:
Trade at your own risk. DYOR.",e821ea1a1be254b900dc0dcf4b8927fe,2026-09-28T07:28:15+00:00,2026-09-28T08:39:26.358191+00:00,1218,gainsofcryptopro
1711594,40808,"💵 𝐒𝐈𝐆𝐍𝐀𝐋 𝐀𝐋𝐄𝐑𝐓 💵

#GRT/USDT (25xLONG)

✅ ENTRY:0.0...TS:- 0.03550/0.03790/0.04250

❌ STOP LOSS: 0.02950",b6cc8594629893ac46235c8adf554b25,2026-09-28T07:28:14+00:00,2026-09-28T08:39:26.338357+00:00,1218,gainsofcryptopro
1711591,40805,"$INX/USDT #LONG📩

✅ENTRY :-0.007050/0.0068

Target... 𝐎𝐧𝐥𝐲 𝟏-𝟑% 𝐎𝐟 𝐎𝐮𝐫 𝐃𝐞𝐩𝐨𝐬𝐢𝐭 𝐅𝐨𝐫 𝐄𝐚𝐜𝐡 𝐓𝐫𝐚𝐝𝐞

React,??",9800ac6a428bd61160ea182194073749,2026-09-28T07:28:14+00:00,2026-09-28T08:39:23.775103+00:00,1218,gainsofcryptopro
1711590,40804,"🟢 Long

#NEO/USDT

Entry : 

1) 2.621
2) 2.542

Ta...) 2.800

🛑 Stop : 2.455

Leverage : 10x (isolated)",3623867339885d5d0e3883a26a664401,2026-09-28T07:28:14+00:00,2026-09-28T08:39:23.749806+00:00,1218,gainsofcryptopro
1711589,40803,"PYTHUSDTUSDT  
Exchanges: BINGX 

🟢 Short
Leverage....07658000
6) 0.07045000
7) 🚀🚀🚀 

⛔️ SL:
0.07849000",968acb683211af99fb416b5124d2421b,2026-09-28T07:28:14+00:00,2026-09-28T08:39:23.748958+00:00,1218,gainsofcryptopro
1711588,40802,"⚡️⚡️ #STBL/USDT ⚡️⚡️
Exchanges: Bingx 
Signal Type...
5) 0.02889
6) 0.02929
7) 🚀🚀🚀

Stop Targets:
5-10%",46fe56653c4973de86c9176534d50ce6,2026-09-28T07:28:14+00:00,2026-09-28T08:39:21.650929+00:00,1218,gainsofcryptopro
1711587,40801,"⚡️⚡️ #THE/USDT ⚡️⚡️
Exchanges: Bingx 
Signal Type:...
5) 0.08787
6) 0.08912
7) 🚀🚀🚀

Stop Targets:
5-10%",f1872800b7f86e7bc2e8e56c50a41c2f,2026-09-28T07:28:14+00:00,2026-09-28T08:39:21.615865+00:00,1218,gainsofcryptopro
1711586,40800,"⚡️⚡️ #TOSHI/USDT ⚡️⚡️
Exchanges: Bingx 
Signal Typ...
5) 0.00013
6) 0.00014
7) 🚀🚀🚀

Stop Targets:
5-10%",f9ba6bccac895609a904e02f997f5469,2026-09-28T07:28:14+00:00,2026-09-28T08:39:21.482758+00:00,1218,gainsofcryptopro
1711585,40798,"⚡️⚡️ #VET/USDT ⚡️⚡️
Exchanges: Bingx 
Signal Type:...
5) 0.00968
6) 0.00981
7) 🚀🚀🚀

Stop Targets:
5-10%",cc253a09a9b54147f9df29aea540bdf1,2026-09-28T07:28:14+00:00,2026-09-28T08:39:18.856696+00:00,1218,gainsofcryptopro
1711584,40799,"⚡️⚡️ #TRB/USDT ⚡️⚡️
Exchanges: Bingx 
Signal Type:...) 20.59262
6) 20.88403
7) 🚀🚀🚀

Stop Targets:
5-10%",8c6749c8063a1c429aa005d8c96a749b,2026-09-28T07:28:14+00:00,2026-09-28T08:39:18.854281+00:00,1218,gainsofcryptopro
1711583,40797,"⚡️⚡️ #TURTLE/USDT ⚡️⚡️
Exchanges: Bingx 
Signal Ty...
5) 0.04710
6) 0.04776
7) 🚀🚀🚀

Stop Targets:
5-10%",f8f6e2b06ec7307b5651991e2fa2c1ec,2026-09-28T07:28:14+00:00,2026-09-28T08:39:18.806488+00:00,1218,gainsofcryptopro
1711581,40796,"⚡️⚡️ #USELESS/USDT ⚡️⚡️
Exchanges: Bingx 
Signal T...
5) 0.30158
6) 0.30585
7) 🚀🚀🚀

Stop Targets:
5-10%",af658e9aad0b8479233771db3d505342,2026-09-28T07:28:14+00:00,2026-09-28T08:39:18.754600+00:00,1218,gainsofcryptopro
1711579,40795,"⚡️⚡️ #TIA/USDT ⚡️⚡️
Exchanges: Bingx 
Signal Type:...
5) 0.53413
6) 0.54169
7) 🚀🚀🚀

Stop Targets:
5-10%",24484f1b5e8d4f0245789469cf829f98,2026-09-28T07:28:14+00:00,2026-09-28T08:39:15.793006+00:00,1218,gainsofcryptopro
1711578,40794,"⚡️⚡️ #WOO/USDT ⚡️⚡️
Exchanges: Bingx 
Signal Type:...
5) 0.01518
6) 0.01539
7) 🚀🚀🚀

Stop Targets:
5-10%",1fe3d642f9f49db3bb54b8f66d0cc773,2026-09-28T07:28:14+00:00,2026-09-28T08:39:15.780182+00:00,1218,gainsofcryptopro
1711577,40793,"💫 Pair: MERL/USDT  💫

🔼 Direction: Long 🔼

✅ Lever...ke Profit: 0.03250 📈

⚠️ Stop Loss: 0.02932 ⚠️

📈📈",cddb3e375f87f878204a6934a1e01227,2026-09-28T07:28:13+00:00,2026-09-28T08:39:15.729603+00:00,1218,gainsofcryptopro
1711571,40791,"🐳 ONE/USDT #LONG🐳

✳️ ENTRY :- 0.0028 - 0.0029

💢 ...0.0037

⛔️ STOP-LOSS :- 0.0024

☝️ Margin Use 2–3%",e8bbc28f2e019f7e285da54d70a4cad5,2026-09-28T07:28:12+00:00,2026-09-28T08:39:13.684653+00:00,1218,gainsofcryptopro
1711569,40790,"🚀 $SKY/USDT PERP 🚀

🟢 LONG

💰 Entry : 0.0850$ – 0....5X – 25X

⛔️ SL : 0.0730$

📌 Use Only 2-5% Capital",e03d7fc44017d063ac42f5fd4e071ccb,2026-09-28T07:28:12+00:00,2026-09-28T08:39:11.265003+00:00,1218,gainsofcryptopro
1711568,40789,"🪙 Coin: #GRT/USDT
🧭 Type: #LONG

📈 Entry Zone:
0.0... within the zone and maintain strict risk control.",f14469e1ac549daa832b1ae88eee8da5,2026-09-28T07:28:12+00:00,2026-09-28T08:39:11.211664+00:00,1218,gainsofcryptopro
1711565,40787,"🌈PAIR:- #SEI/USDT
⚡️ Direction : LONG
🛠 Leverage: ...nt Usage:- 1 - 2%
(According To your Risk Setting)",af5b6b98b0db7bbaa9ef15272b8d7c31,2026-09-28T07:28:12+00:00,2026-09-28T08:39:11.088217+00:00,1218,gainsofcryptopro
1711562,40786,"#ONE/USDT LONG   

👉Leverage : Cross 10× To 30×

E...0276
2)  0.00288
3)  0.00310

⭕Stop Loss : 0.00254",fffef13c54fd6a1c962fc39c39944ece,2026-09-28T07:28:12+00:00,2026-09-28T08:39:09.064424+00:00,1218,gainsofcryptopro
1711559,40785,"#SYN/USDT SHORT   

👉Leverage : Cross 10× To 30×

...

1)  0.166
2)  0.158
3)  0.150

⭕Stop Loss : 0.18",c80941253e5ef46f3c34235f00024851,2026-09-28T07:28:12+00:00,2026-09-28T08:39:06.708584+00:00,1218,gainsofcryptopro
1711558,40784,"📊#CAP/USDT — LONG

⚡️ Leverage : 10X – 30X

💹Entry...Entry After TP1

⚖️ Follow Proper Risk Management.",338d0d0121d7102faccd2981c6cfd0ee,2026-09-28T07:28:12+00:00,2026-09-28T08:39:06.664452+00:00,1218,gainsofcryptopro
1719013,40866,"🔴 SHORT

#LINK/USDT

Entry zone : 14.884 - 14.451
...
13.070
12.635

Stop loss :15.46257

Leverage: 10x",041826dd0dae82dc6ac02c4803691cc3,2026-09-28T12:27:48+00:00,2026-09-28T12:29:32.483821+00:00,1218,gainsofcryptopro
1719012,40865,"🔴 LONG $LINK/USDT | Cross 50X

✅ Entry: MARKET PRICE 

🎯 TP: OPEN

🛑 SL: 14.419",d3467f17f65584e77d870b52d2d7663f,2026-09-28T12:27:48+00:00,2026-09-28T12:29:32.457938+00:00,1218,gainsofcryptopro
1719011,40864,"🪙#NMR/USDT

🚩POSITION — LONG

🔒  LEVERAGE — 20X75
...P🥈: 11.100
TP🥉: 11.700

⛔️ SL: 9.150

🔥REACTIONS?😜",1993a57edf7f5cd839855771604ff334,2026-09-28T12:27:48+00:00,2026-09-28T12:29:29.824818+00:00,1218,gainsofcryptopro
1719010,40863,"#NMR/USDT LONG NOW 📈
🏠ENTRY: ( 10.543 )",298f1e7bdc1ee1b9f2a71b9a84c18247,2026-09-28T12:27:48+00:00,2026-09-28T12:29:29.755351+00:00,1218,gainsofcryptopro
1719009,40862,"💎#QNT/USDT  LONG

👍Leverage : Cross 25x50

🏠Entry ...211.90

Use only 3% - 5% amount of your portfolio🤩",3ae11d74ea25b764f9cf71ddc737e2df,2026-09-28T12:27:48+00:00,2026-09-28T12:29:29.702469+00:00,1218,gainsofcryptopro
1719008,40861,"QNTUSDT LONG NOW 

🏠ENTRY: 236.42",84da35fea0063cc4fe909aa3d2d62e7f,2026-09-28T12:27:48+00:00,2026-09-28T12:29:29.682743+00:00,1218,gainsofcryptopro
1719007,40860,"💎#HBAR/USDT  LONG

👍Leverage : Cross 25x50

🏠Entry....10625

Use only 3% - 5% amount of your portfolio🤩",53ea369695715f492f288f47f4148af9,2026-09-28T10:51:59+00:00,2026-09-28T12:29:29.656002+00:00,1218,gainsofcryptopro
1719006,40859,"HBARUSDT LONG NOW 

🏠ENTRY: 0.11510",65d30e213045febc28326682e5a192bf,2026-09-28T10:51:59+00:00,2026-09-28T12:29:27.335205+00:00,1218,gainsofcryptopro
1719005,40858,"⚡️$GRT/USDT⚡️

LONG
Leverage: 20x

Entry: 0.03142 ...1)0.03205
2)0.03268
3)0.03331

Stoploss: 0.0285922",ed3afc72f6f3e5481dbfb0e54ba5488c,2026-09-28T10:51:58+00:00,2026-09-28T12:29:27.299611+00:00,1218,gainsofcryptopro
1719003,40856,"🚀 #CAPUSDT LONG SIGNAL 🚀

⚡️ LEVERAGE 50X–75X
📌 EN...h this move together!

🔓 Trade Smart • Trade Safe.",ab3286cc9ed0922e4ca7812dfcf90cd4,2026-09-28T10:51:58+00:00,2026-09-28T12:29:27.215992+00:00,1218,gainsofcryptopro
1719000,40852,"🚀 $ALGO/USDT PERP 🚀

🟢 LONG

💰 Entry : 0.129$ – 0.... 5X – 25X

⛔️ SL : 0.114$

📌 Use Only 2-5% Capital",6cf40cc00d010247bbfdb997108596d1,2026-09-28T10:51:58+00:00,2026-09-28T12:29:24.117597+00:00,1218,gainsofcryptopro
1718999,40851,"🚀SHORT: $QNT/USDT🚀
LEVERAGE: 20X-50X

🤍 ENTRY PRIC...220- 209- 192
—————

❌ STOP LOSS: 256❌


REACTIONS",9ed761aeb660cee92a3e985a57f8572b,2026-09-28T10:51:58+00:00,2026-09-28T12:29:21.443049+00:00,1218,gainsofcryptopro
1718998,40850,"📊 #ALGO/USDT

🟢 POSITION: LONG

💰 ENTRY RANGE
➤ 0....
➤ 0.113

━━━━━━━━━━━━━━━━━━

✅ Manage risk wisely",8d783450c44a736cc77cc82e9be804cc,2026-09-28T10:51:58+00:00,2026-09-28T12:29:21.420455+00:00,1218,gainsofcryptopro
1718997,40849,"💎#QNT/USDT  LONG

👍Leverage : Cross 25x50

🏠Entry ...183.66

Use only 3% - 5% amount of your portfolio🤩",4eaa7b6d0bc117e08509f1b5ceb0d1c2,2026-09-28T10:51:58+00:00,2026-09-28T12:29:21.349306+00:00,1218,gainsofcryptopro
1718996,40848,"QNTUSDT LONG NOW 

🏠ENTRY: 212.67",ed6960bb1d676064f2da0af3749c98f0,2026-09-28T10:51:58+00:00,2026-09-28T12:29:21.322746+00:00,1218,gainsofcryptopro
1718995,40847,"#BTW/USDT LONG   

👉Leverage : Cross 10× To 30×

E...fit

1)  1.41
2)  1.47
3)  1.55

⭕Stop Loss : 1.29",267b5ead44a5ab255c7e1e96edec4e08,2026-09-28T10:51:58+00:00,2026-09-28T12:29:17.857503+00:00,1218,gainsofcryptopro
1718993,40845,"👑 #BTW/USDT — TRADE LONG


✔️ ENTRY ZONE: 1.3850

...500

⛔️ STOP LOSS: 1.29

⚡️ NO FEAR — JUST PROFITS",e76490fce3080319139be741b7f7e82a,2026-09-28T10:51:57+00:00,2026-09-28T12:29:17.820138+00:00,1218,gainsofcryptopro
1718992,40844,"QNTUSDTUSDT  
Exchanges: BINGX 

🟢 Short
Leverage-... 170.20
5) 156.58
6) 144.06
7) 🚀🚀🚀 

⛔️ SL:
232.00",15d43cb62aed1f3b49cfff4821109fc4,2026-09-28T10:51:57+00:00,2026-09-28T12:29:17.767434+00:00,1218,gainsofcryptopro
1718991,40843,"✨AAVE/USDT

🎗 Trade Type = SHORT 🔴

⭐️ Leverage :-...[ 145.03, 143.59, 141.82, 140.33, 139.04, 136.95 ]",a5753c8bcb5e02a6aaba1ad62d82331b,2026-09-28T10:51:57+00:00,2026-09-28T12:29:17.736287+00:00,1218,gainsofcryptopro
1718989,40842,"SHORT

HBAR/USDT

MARKET PRICE 

Leverage: 10X

TP...5% of capital 

Always use proper risk management.",f8db52614de65dff32149fae5d4b1301,2026-09-28T10:51:57+00:00,2026-09-28T12:29:15.147839+00:00,1218,gainsofcryptopro
1718988,40839,"🪙#RARE/USDT

🚩POSITION — SHORT

🔒  LEVERAGE — 20X7...0.01750
TP🥉: 0.01650

⛔️ SL: 0.02090

🔥REACTIONS?😜",6f690a6c14c948b4b4c4d837621cf65c,2026-09-28T10:51:57+00:00,2026-09-28T12:29:15.130087+00:00,1218,gainsofcryptopro
1718987,40838,"#RARE/USDT SHORT NOW 📉
🏠ENTRY: ( 0.01841 )",a5d9612858f16f1fb503e923722b3540,2026-09-28T10:51:57+00:00,2026-09-28T12:29:15.103028+00:00,1218,gainsofcryptopro
1718985,40835,"🚨 #LYN/USDT | SHORT 

⚡Leverage: Cross 20x

🎯Entry... follow the signal and secure profits at targets.💎",383fc72c3894980d8427dc895ef56cee,2026-09-28T10:51:57+00:00,2026-09-28T12:29:14.841324+00:00,1218,gainsofcryptopro
1718984,40834,"#QNT/ USDT — BUY (SHORT) 
Leverage: Cross 25x – 50...T IS KEY
👉 Use ONLY 2 – 3% of your total portfolio",e0a9eab1e63c8c16eef155410bdb19b0,2026-09-28T10:51:57+00:00,2026-09-28T12:29:14.830512+00:00,1218,gainsofcryptopro
1718983,40833,"💰#QNT / USDT👑

💎Setup Type: Strong SHORT 🔖Opportun...

🥉TP ➝ 182.00

4️⃣TP ➝ 160.00

🚫Stop Loss: 230.00",6cd48a3acb7ba64daa59f91b4187facb,2026-09-28T10:51:57+00:00,2026-09-28T12:29:14.829423+00:00,1218,gainsofcryptopro
1718981,40831,"🪙 Coin: #HBAR/USDT
🧭 Type: #LONG

📈 Entry Zone:
0.... within the zone and maintain strict risk control.",3fc2cf2312fd65afa8b438b17bdaca5c,2026-09-28T10:51:56+00:00,2026-09-28T12:29:14.782872+00:00,1218,gainsofcryptopro
1718980,40828,"ONEUSDT LONG NOW 

🏠ENTRY: 0.0025410",ac37f8637a295b695fb34e79167a5ab8,2026-09-28T10:51:56+00:00,2026-09-28T12:29:14.657198+00:00,1218,gainsofcryptopro
1718979,40829,"💎#ONE/USDT  LONG

👍Leverage : Cross 25x50

🔝Entry ...022630

Use only 3% - 5% amount of your portfolio🤩",19ae6dbd033876cf42537081c18f818a,2026-09-28T10:51:56+00:00,2026-09-28T12:29:14.646550+00:00,1218,gainsofcryptopro
1718978,40827,"#MARSCOIN/USDT

📈Signal: long Leverage: Cross 20X
...even after TP1 is hit.

📣Trade Smart • Follow Risk",80f204deb2a2467f3eaf8fbdb9233b26,2026-09-28T10:51:56+00:00,2026-09-28T12:29:14.644921+00:00,1218,gainsofcryptopro
1718976,40826,"#Q/USDT SHORT   

👉Leverage : Cross 10× To 30×

En...0.0272
2)  0.0250
3)  0.02300

⭕Stop Loss : 0.0296",2ba5a169fecd007c4d7d44f8a785c210,2026-09-28T10:51:56+00:00,2026-09-28T12:29:14.632965+00:00,1218,gainsofcryptopro
1718974,40823,"✅ Long

#XLM/USDT

Entry zone : 0.20187 - 0.20812
...22778
0.23399

Stop loss :0.1935516

Leverage: 10x",315eeabe6008754728af70f61ffc64fa,2026-09-28T10:51:56+00:00,2026-09-28T12:29:14.450414+00:00,1218,gainsofcryptopro
1718973,40824,"$PUMP/USDT #LONG📩

✅ENTRY :-0.004830/0.0047

Targe... 𝐎𝐧𝐥𝐲 𝟏-𝟑% 𝐎𝐟 𝐎𝐮𝐫 𝐃𝐞𝐩𝐨𝐬𝐢𝐭 𝐅𝐨𝐫 𝐄𝐚𝐜𝐡 𝐓𝐫𝐚𝐝𝐞

React,??",7354847073fc6d87dea5e2b38e96852a,2026-09-28T10:51:56+00:00,2026-09-28T12:29:14.448857+00:00,1218,gainsofcryptopro
1718972,40822,"📊 Let’s LONG #MARSCOIN/USDT

💥 Leverage:  Cross 20...s: 

1) 0.143
2) 0.150
3) 0.157

🔖 Stop Loss: 0.12",8aa200525160552f0199e37f9d7d3ead,2026-09-28T10:51:56+00:00,2026-09-28T12:29:14.443522+00:00,1218,gainsofcryptopro
1723359,40888,"#GRT/USDT SHORT   

👉Leverage : Cross 10× To 30×

...3090
2)  0.02987
3)  0.02893

⭕Stop Loss : 0.03359",d2b1416586d91137439a953cfdc7f079,2026-09-28T14:26:15+00:00,2026-09-28T15:27:10.890026+00:00,1218,gainsofcryptopro
1723358,40887,#GRT SHORT 0.0315,1931ffafd1f3b2a521e0e714fb9b74e0,2026-09-28T14:26:15+00:00,2026-09-28T15:27:07.857622+00:00,1218,gainsofcryptopro
1723356,40886,"📊 Let’s LONG #HBAR/USDT

💥 Leverage:  Cross 20×  -...: 

1) 0.123
2) 0.127
3) 0.136

🔖 Stop Loss: 0.112",24dadca2f799a431828f73049eeeed49,2026-09-28T14:26:14+00:00,2026-09-28T15:27:07.747186+00:00,1218,gainsofcryptopro
1723352,40885,"⚡️ BTC/USDT ⚡️

🔻 SCALP LONG

💎 Leverage: 10x – 15...oss: $82000

⚠️ Trade with proper risk management.",166d00264fef3f0909c1a415d46ae716,2026-09-28T14:12:12+00:00,2026-09-28T15:27:07.688171+00:00,1218,gainsofcryptopro
1723349,40883,SHORT GRT 0.3220,01846d286c5aab37ff3fa6155c560e17,2026-09-28T14:12:11+00:00,2026-09-28T15:27:04.419002+00:00,1218,gainsofcryptopro
1723348,40882,"#LTC | SHORT SETUP

💰 Entry: $70.1

🎯 Target1: $69... $67.43620
🎯 Target5: $66.45480

🛡 STOP: $73.60500",fbf782bf603202d872c1fab842680bc3,2026-09-28T14:12:11+00:00,2026-09-28T15:27:01.162916+00:00,1218,gainsofcryptopro
1723344,40881,"#SHORT 🔴 🔤🔤🔤🔤🔤

#POL/USDT 

Margin Mode : Isolated...55

🟩 SL : 0.12588 - 100%

📊 LEV : 20X

🇯🇵 Premium",624cf1f6e4a0f62bd65fb9ce577b9981,2026-09-28T14:12:11+00:00,2026-09-28T15:27:00.997524+00:00,1218,gainsofcryptopro
1723341,40880,"✨DASH/USDT

🎗 Trade Type = LONG 🟢

⭐️ Leverage :- ...fit = [ 66.59, 67.36, 67.92, 68.74, 69.28, 70.18 ]",1c8fde355fa7721214e8e5bb86b1b2c5,2026-09-28T14:12:11+00:00,2026-09-28T15:26:57.242375+00:00,1218,gainsofcryptopro
1723340,40879,"🌈PAIR:- #QNT/USDT
⚡️ Direction : SHORT
🛠 Leverage:...nt Usage:- 1 - 2%
(According To your Risk Setting)",0ed018e1e2ecbf324bc46ba66cffd6be,2026-09-28T14:12:11+00:00,2026-09-28T15:26:53.805484+00:00,1218,gainsofcryptopro
1723339,40878,"🔘 Coin : #GRT/USDT 🔘

🔴 SHORT

🔺Entry🔻: 0.03204

⭐... - 0.03011

♦️ StopLoss : 0.03323

🔱 Leverage: 25x",44f9e17a68570b8345ba17d59594f83d,2026-09-28T14:12:11+00:00,2026-09-28T15:26:53.794318+00:00,1218,gainsofcryptopro
1723338,40877,"🚀 #ONEUSDT LONG SIGNAL 🚀

⚡️ LEVERAGE 50X–75X
📌 EN...h this move together!

🔓 Trade Smart • Trade Safe.",839514a29a75d8920ccf09baab2ac4e9,2026-09-28T14:12:11+00:00,2026-09-28T15:26:53.779163+00:00,1218,gainsofcryptopro
1723337,40876,"#HBAR/ USDT — BUY (LONG) 
Leverage: Cross 25x – 50...T IS KEY
👉 Use ONLY 2 – 3% of your total portfolio",9371692b78639ef83c0147e637237d8e,2026-09-28T14:12:11+00:00,2026-09-28T15:26:53.649687+00:00,1218,gainsofcryptopro
1723336,40875,"↗️ LONG #QNT 75x

📌 Entry: 242

🎯 TP: 249

⛔️ SL: ...t Usage: 1-3%
⚠️ According to your risk management",b743ade70edada3c924e0c6e8b882385,2026-09-28T14:12:11+00:00,2026-09-28T15:26:50.833415+00:00,1218,gainsofcryptopro
1723335,40874,"🔴 SHORT

#XLM/USDT

Entry : 

1) 0.22602
2) 0.2328...21038

🛑 Stop : 0.24025

Leverage : 10x (isolated)",6fe587102f91dfd73c227ad0ef7ac607,2026-09-28T12:37:43+00:00,2026-09-28T15:26:50.821620+00:00,1218,gainsofcryptopro
1723334,40873,"$WLDUSDT

LONG

RR : 2

LEVERAGE : 20x

ENTRY : 0.5140

TAKE PROFITS 👇

1️⃣ 0.5405

STOPLOSS : 0.501",ef5245f24ce6a07e57f00bd33ddbdf10,2026-09-28T12:32:33+00:00,2026-09-28T15:26:50.806857+00:00,1218,gainsofcryptopro
1723332,40870,"✅ Long

Pair: #DASH/USDT

📊 Entry Price: 

1) 64.7...7.77
4) 69.12

Stop Loss: 60.62

Leverage: 10x-20x",a884b593df40bf4f3817f028c20b82b8,2026-09-28T12:32:33+00:00,2026-09-28T15:26:47.414758+00:00,1218,gainsofcryptopro
1723329,40871,"🔰 PAIR: ETH/ USDT 💹

🟢Position: LONG🚀

☑️ Entry Zo...2663.01
🥈 2669.75
🥉 2678.39

❌ Stop Loss: 🔴2636.38",571eca20a8741b7b3fd8ff56e30764bb,2026-09-28T12:32:33+00:00,2026-09-28T15:26:47.383248+00:00,1218,gainsofcryptopro
1723330,40868,"👑 #QNT/USDT — TRADE LONG

LEVERAGE 25X TO 50X

✔️ ... 200

⛔️ STOP LOSS: 231

⚡️ NO FEAR — JUST PROFITS",bbfe5e422929589e799d90f1cbdf3ce7,2026-09-28T12:32:32+00:00,2026-09-28T15:26:47.384087+00:00,1218,gainsofcryptopro
1723328,40867,"👑 #ONE/USDT — TRADE SHORT

LEVERAGE 25X TO 50X

✔️...
⛔️ STOP LOSS: 0.002530

⚡️ NO FEAR — JUST PROFITS",c8777d2f0668007e3545af1d569b3601,2026-09-28T12:32:32+00:00,2026-09-28T15:26:47.373995+00:00,1218,gainsofcryptopro
1727344,40919,"🔴 SHORT

#CRV/USDT

Entry zone : 0.355865 - 0.3455...12504
0.302087

Stop loss :0.369685

Leverage: 10x",b398500306f7da4cb043ee8d12418816,2026-09-28T17:41:57+00:00,2026-09-28T17:49:03.645587+00:00,1218,gainsofcryptopro
1727343,40918,"💸 SHORT — RUNE

Entry: 0.7440

💸 Targets: 0.7367 /...87

💸  Stop: 0.7812

💸 Move SL to entry after TP1.",90f5ec8786cddaf82cceb0c26474be14,2026-09-28T16:34:23+00:00,2026-09-28T17:49:03.610176+00:00,1218,gainsofcryptopro
1727336,40910,"🟢LONG  #BTCUSDT

🔶 Entry : 83000 - 83100

➡️ Lever...ake Profit Targets :

👉 83800

🛑 Stop Loss : 82200",80c5017ccee92076f74d7da0a874ce2a,2026-09-28T16:33:46+00:00,2026-09-28T17:49:03.317389+00:00,1218,gainsofcryptopro
1727332,40906,"#BTW/USDT SHORT NOW 📉
🏠ENTRY: ( 1.05169 )",e7b4ee0c54ccaf0cb37e1330ac64cd5c,2026-09-28T16:33:46+00:00,2026-09-28T17:49:03.214801+00:00,1218,gainsofcryptopro
1727330,40904,"📉 SHORT #QNT/USDT 

🚀 LEVERAGE : 75x

📊 ENTRY PRIC... 

TP🟢223.0

TP🟢212.0

STOPLOSS 🔴243.0

REACTIONS?",f6a3603de66502cc2b8222a3bdc8173d,2026-09-28T16:33:46+00:00,2026-09-28T17:49:03.126996+00:00,1218,gainsofcryptopro
1727329,40903,"💫 Pair: WLD/USDT  💫

🔼 Direction: Long 🔼

✅ Levera...Take Profit: 0.5350 📈

⚠️ Stop Loss: 0.4550 ⚠️

📈📈",1d0677d39a236867a82695c34f528b71,2026-09-28T16:33:46+00:00,2026-09-28T17:49:03.083611+00:00,1218,gainsofcryptopro
1729355,40925,"💵#ARX/ USDT👑

💎Setup Type: Strong SHORT 🔖Opportuni...

🥉TP ➝ 0.2215

4️⃣TP ➝ 0.2083

🚫Stop Loss: 0.2927",a7a72679ac5ae116166b7933f6404652,2026-09-28T19:05:03+00:00,2026-09-28T19:49:04.295439+00:00,1218,gainsofcryptopro
1729353,40924,"#MARSCOIN/USDT — BUY (LONG) 
🎉
🟢Leverage: Cross  2...️Stop Loss: 0.13717

⬇️Risk Management:

 REACTION",8ba5852355a3d6af80f2bff32fcb2ef9,2026-09-28T19:05:02+00:00,2026-09-28T19:49:04.138666+00:00,1218,gainsofcryptopro
1729354,40923,"⚡️⚡️#STRK/USDT⚡️⚡️

Signal Type : Long
Leverage : ...0.04079
2) 0.04203
3) 0.04327

Stop Loss : 0.03889",788aefb7249ca10240e5fc3e6f9e5ba5,2026-09-28T19:00:17+00:00,2026-09-28T19:49:04.146102+00:00,1218,gainsofcryptopro
1729352,40921,"🔴 SHORT $CRV/USDT | Cross 50X

✅ Entry: MARKET PRICE 

🎯 TP: 0.3280

🛑 SL: 0.3764",d44a3e090d78fee0ebf485db0ee1444c,2026-09-28T19:00:17+00:00,2026-09-28T19:49:04.127166+00:00,1218,gainsofcryptopro
1729350,40920,"🔴 SHORT

#ALGO/USDT

Entry : 

1) 0.137490
2) 0.14...7977

🛑 Stop : 0.146151

Leverage : 10x (isolated)",d13b0f16060bf37e3b62f3ad6d0fd7a3,2026-09-28T19:00:17+00:00,2026-09-28T19:49:04.120160+00:00,1218,gainsofcryptopro
1732744,40930,"🚨 #ZEC/USDT | LONG

⚡Leverage: Cross 20x

🎯Entry T... follow the signal and secure profits at targets.💎",9d36ff18b5b2345e69b27b54b4d06ad1,2026-09-28T22:06:44+00:00,2026-09-28T23:40:15.507927+00:00,1218,gainsofcryptopro
1732742,40926,"Long #QNT 75x 237

Tp: 241",36146528ec3bf5c67f199ed5b08bfefc,2026-09-28T22:06:44+00:00,2026-09-28T23:40:15.497319+00:00,1218,gainsofcryptopro
1736973,40933,"#LRC | SHORT SETUP

💰 Entry: $0.00989

🎯 Target1: ...t4: $0.00951
🎯 Target5: $0.00938

🛡 STOP: $0.01038",a17e7dfec3139760c29d1f15b4a75ab2,2026-09-29T04:42:16+00:00,2026-09-29T05:48:59.565821+00:00,1218,gainsofcryptopro
1741729,41075,"#C98 | LONG SETUP

💰 Entry: $0.01613

🎯 Target1: $...t4: $0.01674
🎯 Target5: $0.01697

🛡 STOP: $0.01532",b2472f887838e5d05664d6a0db6d424a,2026-09-29T06:43:36+00:00,2026-09-29T07:52:19.165512+00:00,1218,gainsofcryptopro
1741728,41073,"#MINA | LONG SETUP

💰 Entry: $0.15218

🎯 Target1: ...t4: $0.15796
🎯 Target5: $0.16009

🛡 STOP: $0.14457",661b9abb47007953ef286a55978332a8,2026-09-29T06:43:36+00:00,2026-09-29T07:52:19.120789+00:00,1218,gainsofcryptopro
1741727,41072,"📊#CRV/USDT–SHORT–10x - 30x 🚀

📍 𝐄𝐧𝐭𝐫𝐲 𝐙𝐨𝐧𝐞:

➥ 0.3...tal.

⚠️ Disclaimer:
Trade at your own risk. DYOR.",58e7e6b8347e055a5baf9ab40380002e,2026-09-29T06:43:36+00:00,2026-09-29T07:52:19.110655+00:00,1218,gainsofcryptopro
1741726,41074,"🚀 #HBARUSDT SHORT SIGNAL 🚀

⚡️ LEVERAGE 50X–75X
📌 ...h this move together!

🔓 Trade Smart • Trade Safe.",9ff70bd859e31c1327cd414f8d5c0dc1,2026-09-29T06:43:36+00:00,2026-09-29T07:52:19.107095+00:00,1218,gainsofcryptopro
1741725,41071,"🛎️ Trade: #VELODROME/USDT

Direction: 📈 LONG 

🟢 E...5
• Target 6: 0.03782

💠 Leverage : 5x - 10x - 20x",e56110a633fa795ed39873368708daa4,2026-09-29T06:43:36+00:00,2026-09-29T07:52:19.105199+00:00,1218,gainsofcryptopro
1741724,41070,"🟢 Long

#DASH/USDT

Entry : 

1) 59.91
2) 58.11

T...) 64.00

🛑 Stop : 56.13

Leverage : 10x (isolated)",4c705fccf572d26164ad5e377247cc50,2026-09-29T06:43:36+00:00,2026-09-29T07:52:19.027610+00:00,1218,gainsofcryptopro
1741723,41069,"🟢 Long

#BCH/USDT

Entry : 

1) 304.86
2) 295.71

...325.71

🛑 Stop : 285.65

Leverage : 10x (isolated)",f3438df5cfdc58ce3df1d851bb5fdfdb,2026-09-29T06:43:36+00:00,2026-09-29T07:52:18.954936+00:00,1218,gainsofcryptopro
1741721,41067,"🐳 CRV/USDT #LONG🐳

✳️ ENTRY :- 0.3860- 0.3700

💢 L...0.4500

⛔️ STOP-LOSS :- 0.3600

☝️ Margin Use 2–3%",93955450405dd5fd4c142e0e5da15eff,2026-09-29T06:43:36+00:00,2026-09-29T07:52:18.817542+00:00,1218,gainsofcryptopro
1741720,41068,"$ZEC/USDT #SHORT📩

✅ENTRY :-1380/1425

Target 1: 1... 𝐎𝐧𝐥𝐲 𝟏-𝟑% 𝐎𝐟 𝐎𝐮𝐫 𝐃𝐞𝐩𝐨𝐬𝐢𝐭 𝐅𝐨𝐫 𝐄𝐚𝐜𝐡 𝐓𝐫𝐚𝐝𝐞

React,??",d5cdd0bb3465279c4182bf52d27652ca,2026-09-29T06:43:36+00:00,2026-09-29T07:52:18.793129+00:00,1218,gainsofcryptopro
1741714,41064,"✨GRT/USDT

🎗 Trade Type = LONG 🟢

⭐️ Leverage :- 2...073, 0.03103, 0.03137, 0.03164, 0.03196, 0.03239 ]",f7104a8ee15abadd9615c8a4b1736910,2026-09-29T06:43:36+00:00,2026-09-29T07:52:18.465671+00:00,1218,gainsofcryptopro
1741713,41063,"#GRASS/USDT LONG   

👉Leverage : Cross 10× To 30×
...

1)  0.702
2)  0.745
3)  0.800

⭕Stop Loss : 0.63",2bf4e71509a89b49ce9da943c5a6581c,2026-09-29T06:43:36+00:00,2026-09-29T07:52:18.434078+00:00,1218,gainsofcryptopro
1741709,41060,"🚀LONG: $GRASS/USDT🚀
LEVERAGE: 20X-50X

🤍 ENTRY PRI...0.7450- 0.80
—————

❌ STOP LOSS: 0.58❌


REACTIONS",00da7c8a379548d47ec39b604e7410de,2026-09-29T06:43:36+00:00,2026-09-29T07:52:18.306291+00:00,1218,gainsofcryptopro
1741704,41059,"Coin #ALGO/USDT

Position: LONG 

Leverage:  Cross...rgets: 🎯 0.1466, 0.1652, 0.2000

Stop Loss: 0.1230",326f8d282d300af39027fb25244344e6,2026-09-29T06:43:36+00:00,2026-09-29T07:52:18.089888+00:00,1218,gainsofcryptopro
1741703,41058,"🔰NMR/USDT 🔰   

🟢 LONG 10X 20X

♻ ENTRY 
1️⃣ 14.23...

1️⃣ 14.88
2️⃣ 15.60
3️⃣ 16.80

⛔ STOPLOSS  12.14",c5bb2e58a81227486f0c4b5621eb922b,2026-09-29T06:43:35+00:00,2026-09-29T07:52:18.046022+00:00,1218,gainsofcryptopro
1741702,41057,"✅ Long

#ZEC/USDT

Entry zone : 1410.01 - 1453.62
...90.98
1634.37

Stop loss :1351.8666

Leverage: 10x",120fab979f69e4afad22a593bbc13fb0,2026-09-29T06:43:35+00:00,2026-09-29T07:52:18.036837+00:00,1218,gainsofcryptopro
1741701,41056,"🔰 LINK/USDT 🔰

🔴 SHORT 20X

🔳 ENTRY :- 15.05

☑️ TARGET:- 14.70 - 14.10 - 13.20

🔴 STOP :- 16.00",831406f5e6c7e9e21ff4bd0a5c432a56,2026-09-29T06:43:35+00:00,2026-09-29T07:52:18.014457+00:00,1218,gainsofcryptopro
1741700,41055,"🚀 $ARX/USDT PERP 🚀

🟢 LONG

💰 Entry : 0.265$ – 0.2... 5X – 25X

⛔️ SL : 0.210$

📌 Use Only 2-5% Capital",99e1acda7120323cec54066f61463f95,2026-09-29T06:43:35+00:00,2026-09-29T07:52:17.961259+00:00,1218,gainsofcryptopro
1741694,41054,"📈 LONG #NIGHT/USDT

♻ Leverage: 20X

➡️ Entry :- 0...
1) 0.0290
2) 0.0300
3) 0.0320

⭕ Stop Loss: 0.026",082274a3cf1bed7c281c060ddf15ef50,2026-09-29T06:43:35+00:00,2026-09-29T07:52:17.660490+00:00,1218,gainsofcryptopro
1741692,41051,"💵 𝐒𝐈𝐆𝐍𝐀𝐋 𝐀𝐋𝐄𝐑𝐓 💵

#0G/USDT (25xLONG)

✅ ENTRY:0.27...
TARGETS:- 0.2830/0.2990/0.3250

❌ STOP LOSS: 0.24",f4ade97889b467b62ed29715ea58ef6f,2026-09-29T06:43:35+00:00,2026-09-29T07:52:17.645275+00:00,1218,gainsofcryptopro
1741691,41052,"⚡ #HBAR/USDT

📥 Short 

💹 Buy: 0.1189 - 0.1228

🧿 ...144 - 0.1133

🧨 StopLoss: 0.1255 

🔘 Leverage: 20x",cebfc0d26a2d5a6ae1ec5f46b9ac1b89,2026-09-29T06:43:35+00:00,2026-09-29T07:52:17.637895+00:00,1218,gainsofcryptopro
1741690,41050,"⚡️⚡️ #LINK/USDT ⚡️⚡️
Exchanges: Bingx 
Signal Type...) 13.82646
6) 13.60583
7) 🚀🚀🚀

Stop Targets:
5-10%",b9b07f026ca3a08eace1a2dfa60f0e45,2026-09-29T06:43:35+00:00,2026-09-29T07:52:17.551782+00:00,1218,gainsofcryptopro
1741684,41049,"⚡️⚡️ #IOTA/USDT ⚡️⚡️
Exchanges: Bingx 
Signal Type...
5) 0.05197
6) 0.05114
7) 🚀🚀🚀

Stop Targets:
5-10%",a7092a05b44b5260fe4f9aad4cd2a72e,2026-09-29T06:43:35+00:00,2026-09-29T07:52:17.277961+00:00,1218,gainsofcryptopro
1741682,41048,"⚡️⚡️ #AIN/USDT ⚡️⚡️
Exchanges: Bingx 
Signal Type:...
5) 0.02179
6) 0.02144
7) 🚀🚀🚀

Stop Targets:
5-10%",b354054f89566cbb64095c896c34ce51,2026-09-29T06:43:35+00:00,2026-09-29T07:52:17.249937+00:00,1218,gainsofcryptopro
1741681,41046,"⚡️⚡️ #HBAR/USDT ⚡️⚡️
Exchanges: Bingx 
Signal Type...
5) 0.11318
6) 0.11137
7) 🚀🚀🚀

Stop Targets:
5-10%",a80c36f498fa539904c36b7711f8be29,2026-09-29T06:43:35+00:00,2026-09-29T07:52:17.237499+00:00,1218,gainsofcryptopro
1741679,41045,"⚡️⚡️ #NMR/USDT ⚡️⚡️
Exchanges: Bingx 
Signal Type:...) 12.91184
6) 12.70580
7) 🚀🚀🚀

Stop Targets:
5-10%",8801e0673f130cea86d5abfe0c249a51,2026-09-29T06:43:35+00:00,2026-09-29T07:52:17.142743+00:00,1218,gainsofcryptopro
1741674,41044,"#LONG 🟢🔤🔤🔤🔤🔤

#CRV/USDT

Margin Mode : Isolated 💎
...1

🟥 SL : 0.3664 - 100%   

📊 LEV : 20X

🇯🇵Premium",1779639ac2265d8726651db7e55cca9b,2026-09-29T06:43:35+00:00,2026-09-29T07:52:16.880562+00:00,1218,gainsofcryptopro
1741673,41043,"✅ Long

Pair: #LTC/USDT

📊 Entry Price: 

1) 68.41...1.66
4) 73.09

Stop Loss: 64.10

Leverage: 10x-20x",13dd1a2ab5ede2134cc2c7b669cec42f,2026-09-29T06:43:35+00:00,2026-09-29T07:52:16.876626+00:00,1218,gainsofcryptopro
1741672,41042,"🌹 #NEAR/USDT

🔴SHORT

✅ Entry: 4.561- 4.651

❌ Sto...l advice.
💰 Stay disciplined. Protect your capital",12dde59fa32e6fd17f3ea112814a6edd,2026-09-29T06:43:35+00:00,2026-09-29T07:52:16.865251+00:00,1218,gainsofcryptopro
1741671,41041,"#GRASS/ USDT — BUY (LONG) 
Leverage: Cross 25x – 5...T IS KEY
👉 Use ONLY 2 – 3% of your total portfolio",3b6547bd96e7836ece726267b28e62ac,2026-09-29T06:43:35+00:00,2026-09-29T07:52:16.861870+00:00,1218,gainsofcryptopro
1741668,41040,"📊 Let’s LONG #GRASS/USDT

💥 Leverage:  Cross 20×  ...: 

1) 0.713
2) 0.745
3) 0.780

🔖 Stop Loss: 0.655",ba9485d934fc280c3c93aec328e8ac42,2026-09-29T06:43:35+00:00,2026-09-29T07:52:16.769110+00:00,1218,gainsofcryptopro
1741663,41039,"📊 Let’s LONG #FIGHT/USDT

💥 Leverage:  Cross 20×  ....00433
2) 0.00440
3) 0.00460

🔖 Stop Loss: 0.00412",32d32ec13de4b40d5ee8fcb2149d5d3e,2026-09-29T06:43:34+00:00,2026-09-29T07:52:16.489281+00:00,1218,gainsofcryptopro
1741662,41037,"#ALGO/USDT — BUY (LONG) 
🎉
🟢Leverage: Cross  25x

...⛔️Stop Loss: 0.1272

⬇️Risk Management:

 REACTION",0780c1c5cd561462f6dc98783e429afc,2026-09-29T06:43:34+00:00,2026-09-29T07:52:16.469948+00:00,1218,gainsofcryptopro
1745440,41113,"🪙#NMR/USDT

🚩POSITION — SHORT

🔒  LEVERAGE — 20X

...🥈: 11.700
TP🥉: 11.100

⛔️ SL: 14.400

🔥REACTIONS?😜",9fdc72ed1871b6c7ddf5a4ad82d2df3f,2026-09-29T09:29:45+00:00,2026-09-29T09:53:16.685727+00:00,1218,gainsofcryptopro
1745439,41112,"#NMR/USDT SHORT NOW 📉
🏠ENTRY: ( 12.432 )",e8974c069c2d15dec75ddf320f4b7fb9,2026-09-29T09:29:45+00:00,2026-09-29T09:53:16.677399+00:00,1218,gainsofcryptopro
1745438,41111,"📊 CVX/USDT — LONG

📍 ENTRY: 2.31

🎯 TARGET 1: 2.37...Manage your risk & trade responsibly.

🔥 LET’S GO!",0a8c2ae8cf0c07af41a2aca8f06bed2f,2026-09-29T09:29:45+00:00,2026-09-29T09:53:16.628255+00:00,1218,gainsofcryptopro
1745437,41110,"🪙#CLO/USDT

🚩POSITION — SHORT

🔒  LEVERAGE — 20X

...🥈: 0.0555
TP🥉: 0.0520

⛔️ SL: 0.0680

🔥REACTIONS?😜",c591dbb1b25d9109b245bdba32a39bc1,2026-09-29T09:29:45+00:00,2026-09-29T09:53:16.569718+00:00,1218,gainsofcryptopro
1745436,41109,"#CLO/USDT SHORT NOW 📉
🏠ENTRY: ( 0.0592 )",644f4b0f5dd39faabd81e505cb26e6bb,2026-09-29T09:29:45+00:00,2026-09-29T09:53:16.557974+00:00,1218,gainsofcryptopro
1745435,41108,"💎#SOON/USDT  LONG

👍Leverage : Cross 25x50

🔝Entry...0.3285

Use only 3% - 5% amount of your portfolio🤩",fcab7c226ea1013ae4690d2dca720197,2026-09-29T09:29:45+00:00,2026-09-29T09:53:16.542157+00:00,1218,gainsofcryptopro
1745434,41107,"SOONUSDT LONG NOW 

🏠ENTRY: 0.3615",291b6d1776b54a9cc8800730ab5581d8,2026-09-29T09:29:45+00:00,2026-09-29T09:53:16.527450+00:00,1218,gainsofcryptopro
1745433,41106,"⚡️$ARX/USDT⚡️

LONG
Leverage: 20X 

Entry: 0.2685

Target:

1)0.2720
2)0.29
3)0.34

Stoploss: 0.24",11dd002969ea35ef5ff1f78b2db3a01b,2026-09-29T09:29:44+00:00,2026-09-29T09:53:16.471073+00:00,1218,gainsofcryptopro
1745432,41105,"BTC/USD SELL 

Entry : $ 83718

Target1: $  82800
Target2: $  80800
Target3: $  79000

SL : $ 85425",6d4f28087f8ec5749f3ac087a4e055e0,2026-09-29T09:29:44+00:00,2026-09-29T09:53:16.381163+00:00,1218,gainsofcryptopro
1745431,41104,"👑 CRV/USDT — TRADE LONG

LEVERAGE 25X TO 50X

✅ EN...0

⛔️ STOP LOSS: 0.3750

⚡️ NO FEAR — JUST PROFITS",05210ef16e286e9d1978f1a0805cc9b5,2026-09-29T09:29:44+00:00,2026-09-29T09:53:16.366131+00:00,1218,gainsofcryptopro
1745423,41096,"#CELO/USDT — BUY (LONG) 
🎉
🟢Leverage: Cross  25x

...️Stop Loss: 0.09725

⬇️Risk Management:

 REACTION",70a62a1809469736da98b06f5128bb6d,2026-09-29T08:35:32+00:00,2026-09-29T09:53:16.072204+00:00,1218,gainsofcryptopro
1745422,41095,"🔴 Short

Pair: #ETC/USDT

📊 Entry Price: 

1) 9.22....781
4) 8.586

Stop Loss: 9.806

Leverage: 10x-20x",c57440da49e7fbcb412b98dd0656b7c6,2026-09-29T08:35:32+00:00,2026-09-29T09:53:15.925333+00:00,1218,gainsofcryptopro
1745420,41094,"⭐ CRV/USDT — LONG

💵 ENTRY: 0.3960-0.3800

⚙️ LEVE...o

📌 Follow the setup and manage your risk wisely.",34dc81c7d6bc5da31bf7e28c20fb3dc6,2026-09-29T08:04:03+00:00,2026-09-29T09:53:15.911759+00:00,1218,gainsofcryptopro
1745421,41093,"#AKE/USDT 🟢 LONG

📍 Entry Zone: 0.032631 – 0.03396...n: LONG

⚠️ Manage your risk and trade responsibly",1714d182b3e23f7b85b1457f9ac0bdae,2026-09-29T07:52:56+00:00,2026-09-29T09:53:15.918822+00:00,1218,gainsofcryptopro
1745419,41092,"💎#ONE/USDT  LONG

👍Leverage : Cross 25x50

🔝Entry ...020550

Use only 3% - 5% amount of your portfolio🤩",51f32f52ca61bb8c7ee93fb73fb20e13,2026-09-29T07:52:56+00:00,2026-09-29T09:53:15.882496+00:00,1218,gainsofcryptopro
1745418,41091,"ONEUSDT LONG NOW 

🏠ENTRY: 0.0022380",257071220ef1ff5a1b1da910eb401ea0,2026-09-29T07:52:56+00:00,2026-09-29T09:53:15.874330+00:00,1218,gainsofcryptopro
1745417,41090,"Coin #AKE/USDT

Position: LONG 

Leverage:  Cross ...rgets: 🎯 0.0335, 0.0455, 0.0380

Stop Loss: 0.0300",5ac69357e18f1269778bf8d8b1a2d867,2026-09-29T07:52:56+00:00,2026-09-29T09:53:15.735879+00:00,1218,gainsofcryptopro
1745416,41089,"⭐ ARX/USDT — LONG

💵 ENTRY: 0.2880-0.2700

⚙️ LEVE...o

📌 Follow the setup and manage your risk wisely.",d8ea18db06b3e0571c0bb6c33ed89f50,2026-09-29T07:52:56+00:00,2026-09-29T09:53:15.710012+00:00,1218,gainsofcryptopro
1745414,41087,"⌛#INJ/USDT  ( SHORT )

🍁 Leverage 👉 20X to 25X 

⛩... 7.292 | 7.214 | 7.131 | 7.033

🔕 Stoploss = 7.811",dae4f1082842dd9d7ad9a2dccd798319,2026-09-29T07:52:55+00:00,2026-09-29T09:53:15.696630+00:00,1218,gainsofcryptopro
1745412,41084,"$QNT /USDT 

Long Long Long 

Open at market price

TP 257.20
TP 259.57

Set sl : 239.65

lev 19X",0d6a1591d19aa5f88d18e9461fc17f02,2026-09-29T07:52:55+00:00,2026-09-29T09:53:15.512489+00:00,1218,gainsofcryptopro
1745411,41082,"⭐ CELO/USDT — LONG

💵 ENTRY: 0.10440-0.10200

⚙️ L...o

📌 Follow the setup and manage your risk wisely.",298ae3db13f05841d6ba5ba3566bfdc1,2026-09-29T07:52:55+00:00,2026-09-29T09:53:15.509196+00:00,1218,gainsofcryptopro
1745410,41081,"❖ CRV/USDT

❖ SHORT [ 10×20 ]

➤ Entry Zone:- 0.39... TP2: 0.3750
▪️ TP3: 0.3600

➤ Stop Loss :- 0.4200",51b041be545bdc41f6695ff313b528c4,2026-09-29T07:52:55+00:00,2026-09-29T09:53:15.503720+00:00,1218,gainsofcryptopro
1745409,41080,"🔴 Short

Pair: #COMP/USDT

📊 Entry Price: 

1) 24....3.15
4) 22.63

Stop Loss: 25.85

Leverage: 10x-20x",64c090feadfbc534a730cc2d178d9cd9,2026-09-29T07:52:55+00:00,2026-09-29T09:53:15.491511+00:00,1218,gainsofcryptopro
1745408,41083,"⭐ GRASS/USDT — SHORT

💵 ENTRY: 0.6800-0.7000

⚙️ L...o

📌 Follow the setup and manage your risk wisely.",bab79044b20363579f95bb230e97f0c3,2026-09-29T07:52:55+00:00,2026-09-29T09:53:15.490777+00:00,1218,gainsofcryptopro
1749551,41158,"💵#QNT/ USDT👑

💎Setup Type: Strong LONG 🔖Opportunit...

🥉TP ➝ 295.00

4️⃣TP ➝ 350.00

🚫Stop Loss: 200.00",81a94235ce64bd17ad564914d7a1922b,2026-09-29T11:42:01+00:00,2026-09-29T12:07:15.603456+00:00,1218,gainsofcryptopro
1749549,41156,"👑 0G/USDT — TRADE LONG

LEVERAGE 25X TO 50X

✅ ENT...0

⛔️ STOP LOSS: 0.2990

⚡️ NO FEAR — JUST PROFITS",69348d8bea3e85042f0a5ac51b7cfe16,2026-09-29T11:40:43+00:00,2026-09-29T12:07:15.586015+00:00,1218,gainsofcryptopro
1749548,41155,"💎#CELO/USDT  LONG

👍Leverage : Cross 25x50

🔝Entry....10745

Use only 3% - 5% amount of your portfolio🤩",50f760ae72aa391c15e98bf7de503a9e,2026-09-29T11:40:42+00:00,2026-09-29T12:07:15.557872+00:00,1218,gainsofcryptopro
1749547,41154,"CELOUSDT LONG NOW 

🏠ENTRY: 0.11645",5308f62ba0abfbf66125203d19186223,2026-09-29T11:40:42+00:00,2026-09-29T12:07:15.446948+00:00,1218,gainsofcryptopro
1749539,41145,"💎#NMR/USDT  LONG

👍Leverage : Cross 25x50

🔝Entry ...12.340

Use only 3% - 5% amount of your portfolio🤩",8809097561f5855da5edb0a7392bc899,2026-09-29T11:36:01+00:00,2026-09-29T12:07:15.157945+00:00,1218,gainsofcryptopro
1749538,41146,"📈 LONG #0G/USDT 

🚀 LEVERAGE : 50x

📊  ENTRY PRICE...

TP🟢0.324

TP🟢0.340

STOPLOSS 🔴0.300


REACTIONS?",7bc6cb6769fa75d47ea919db727aa5ed,2026-09-29T11:36:01+00:00,2026-09-29T12:07:15.156588+00:00,1218,gainsofcryptopro
1749540,41144,"NMRUSDT LONG NOW 

🏠ENTRY: 13.121",0cb080a0b70ba3e2f682f767fa992421,2026-09-29T11:36:00+00:00,2026-09-29T12:07:15.159481+00:00,1218,gainsofcryptopro
1749537,41143,"📊 #SYRUP/USDT

🟢 POSITION: LONG

💰 ENTRY RANGE
➤ 0...
➤ 0.200

━━━━━━━━━━━━━━━━━━

✅ Manage risk wisely",e6449bfd05fe1ddf7cd707fa099bfbc7,2026-09-29T11:36:00+00:00,2026-09-29T12:07:15.012572+00:00,1218,gainsofcryptopro
1749536,41142,"📊#CELO/USDT — LONG

⚡️ Leverage : 10X – 30X

💹Entr...Entry After TP1

⚖️ Follow Proper Risk Management.",c4cb27ceffa9343ca1e3d0eb55356943,2026-09-29T11:36:00+00:00,2026-09-29T12:07:15.009915+00:00,1218,gainsofcryptopro
1749535,41141,"🚨 #QNT/USDT | LONG 

⚡Leverage: Cross 20x

🎯Entry ... follow the signal and secure profits at targets.💎",05c51c31bab3b86bd03e0de24de173e4,2026-09-29T11:36:00+00:00,2026-09-29T12:07:14.988067+00:00,1218,gainsofcryptopro
1749534,41140,"#BTW/USDT

📈Signal: long Leverage: Cross 20X

⚡️En...even after TP1 is hit.

📣Trade Smart • Follow Risk",616f564839b37ffa5611a44cfec02e04,2026-09-29T11:36:00+00:00,2026-09-29T12:07:14.987428+00:00,1218,gainsofcryptopro
1749533,41139,"Nmr USDT
Short
Market Price 
Target 🎯 
13.10
13.00
12.80
12.60
12.50
12.20
Sl 13.890",9a45f16452e8de415d2dbc98e7121510,2026-09-29T11:36:00+00:00,2026-09-29T12:07:14.960006+00:00,1218,gainsofcryptopro
1749531,41138,"🔘 Coin : #VIRTUAL/USDT 🔘

🔴 SHORT

🔺Entry🔻: 0.8176...44 - 0.7846

♦️ StopLoss : 0.8422

🔱 Leverage: 25x",5b906a8e42327e42f1b709458a58c6a9,2026-09-29T11:36:00+00:00,2026-09-29T12:07:14.827273+00:00,1218,gainsofcryptopro
1749525,41129,"👑My Coin: $QNT/USDT
👀Looking for SHORT

🌟255.41 Wi...⚠️I Will Set: 265.42
°°°°°°°°°°°°°° As my stoploss",844051285cae27f59861b74567b55993,2026-09-29T11:35:34+00:00,2026-09-29T12:07:14.592521+00:00,1218,gainsofcryptopro
1749524,41127,"BTC/ USDT/ SHORT
Entry at market price 

Cross || ...only 1% of your wallet. 
Manage your risk properly",82a299cbad92a913c6f8715698760937,2026-09-29T11:35:34+00:00,2026-09-29T12:07:14.589677+00:00,1218,gainsofcryptopro
1749523,41128,"🔰 PAIR: SUI/ USDT 💹

🟢Position: LONG🚀

☑️ Entry Zo...:
🥇 1.1735
🥈 1.1809
🥉 1.1920

❌ Stop Loss: 🔴1.1425",f86436a96c4f48c0ec6dffe4bce43248,2026-09-29T11:35:34+00:00,2026-09-29T12:07:14.577079+00:00,1218,gainsofcryptopro
1749522,41126,"Pair: #GRT/USDT

Long • (20X)

Entry
0.03055 - 0.0...t your own risk. Always use proper risk management",32e42d8eefee2536988885def57a1bed,2026-09-29T11:35:34+00:00,2026-09-29T12:07:14.500725+00:00,1218,gainsofcryptopro
1749521,41123,"⚡️$1INCH/USDT⚡️

SHORT
Leverage: 25X

Entry: 0.101...1)0.09969
2)0.09765
3)0.09562

Stoploss: 0.1108748",4cfeaaa4785c7916cdd485b68d9094d5,2026-09-29T11:35:34+00:00,2026-09-29T12:07:14.384131+00:00,1218,gainsofcryptopro
1749520,41125,"HBARUSDTUSDT  
Exchanges: BINGX 

🟢 Long
Leverage-....15163000
6) 0.16376000
7) 🚀🚀🚀 

⛔️ SL:
0.11300000",5b93bb9daf5fd2640ef8e9c0b19534a9,2026-09-29T11:35:34+00:00,2026-09-29T12:07:14.380193+00:00,1218,gainsofcryptopro
1749519,41122,"🌈PAIR:- #0G/USDT
⚡️ Direction : LONG
🛠 Leverage: C...nt Usage:- 1 - 2%
(According To your Risk Setting)",90b9f841e368e6bbe47f8c736df6d630,2026-09-29T11:35:34+00:00,2026-09-29T12:07:14.370092+00:00,1218,gainsofcryptopro
1749518,41124,"🚀 LONG: $QNT/USDT
LEVERAGE: 50x

✔️ENTRY PRICE: 25...- PROFIT

260-271-290

STOP LOSS:  239

REACTIONS?",854f801b413d9b79e1b6e27c0240cc3c,2026-09-29T11:35:34+00:00,2026-09-29T12:07:14.369321+00:00,1218,gainsofcryptopro
1749517,41121,"🚀 LONG: $HBAR/USDT
LEVERAGE: 50x

✔️ENTRY PRICE: 0...200-0.1250-0.1300

STOP LOSS:  0.1130


REACTIONS?",5c3f2043fcf076dece5801d30a584198,2026-09-29T11:35:33+00:00,2026-09-29T12:07:14.346017+00:00,1218,gainsofcryptopro
1756829,41193,"✅ Long

Pair: #LINK/USDT

📊 Entry Price: 

1) 14.9...10
4) 15.921

Stop Loss: 13.963

Leverage: 10x-20x",22158278462b7be1645531d95b59fa42,2026-09-29T16:09:13+00:00,2026-09-29T16:46:09.773843+00:00,1218,gainsofcryptopro
1756828,41192,"↗️ LONG #QNT 75x

📌 Entry: 249

🎯 TP: 253

⛔️ SL: ...t Usage: 1-3%
⚠️ According to your risk management",2a407737fe891987dc8871d205560d3e,2026-09-29T16:09:13+00:00,2026-09-29T16:46:09.768721+00:00,1218,gainsofcryptopro
1756827,41191,"✅ Long

#ETH/USDT

Entry zone : 2615.11 - 2695.99
...50.76
3031.23

Stop loss :2507.2707

Leverage: 10x",b08de2e40c0365b39c489001d9e8d7ae,2026-09-29T16:09:13+00:00,2026-09-29T16:46:09.756486+00:00,1218,gainsofcryptopro
1756826,41190,"DEEPUSDTUSDT  
Exchanges: BINGX 

🟢 Short
Leverage....02039000
6) 0.01876000
7) 🚀🚀🚀 

⛔️ SL:
0.02258550",835f6382a746bb843f8bc50538be1bcb,2026-09-29T16:09:13+00:00,2026-09-29T16:46:09.652951+00:00,1218,gainsofcryptopro
1756825,41189,"#GRASS/USDT LONG   

👉Leverage : Cross 10× To 30×
...it

1)  0.72
2)  0.75
3)  0.79

⭕Stop Loss : 0.669",b37a6ea0f76a6333ac6e65e6d7179ef5,2026-09-29T15:02:46+00:00,2026-09-29T16:46:09.629053+00:00,1218,gainsofcryptopro
1756824,41188,"✅Entry  -0.4065 - 0.3960

(🆘LONG CRVUSDT 5-20x🆘)

... 5  $0.4290
🏹Target 6  $0.4330

🚫Stop loss -0.3839",6abd803fe058ee8203fe2295cc5b6766,2026-09-29T15:02:45+00:00,2026-09-29T16:46:09.614605+00:00,1218,gainsofcryptopro
1756823,41187,LONG CRV 0.40654,7c7333828a4699dc1114aabaf4db35a8,2026-09-29T15:02:45+00:00,2026-09-29T16:46:09.595691+00:00,1218,gainsofcryptopro
1756822,41186,"🚨 #ETHFI/USDT | LONG 

⚡Leverage: Cross 20x

🎯Entr... follow the signal and secure profits at targets.💎",0c164572d6a87c5b188ca0983979e53f,2026-09-29T15:02:45+00:00,2026-09-29T16:46:09.571204+00:00,1218,gainsofcryptopro
1756821,41185,"🚨 #USELESS/USDT | LONG 

⚡Leverage: Cross 20x

🎯En... follow the signal and secure profits at targets.💎",6e8ccba2fc09f27c3068be4bd2fdc130,2026-09-29T15:02:45+00:00,2026-09-29T16:46:09.506023+00:00,1218,gainsofcryptopro
1756819,41183,"⭐ 0G/USDT — LONG

💵 ENTRY: 0.34800-0:33800

⚙️ LEV...o

📌 Follow the setup and manage your risk wisely.",0150e7efd3f7c95721652bb81538cd43,2026-09-29T15:02:45+00:00,2026-09-29T16:46:09.427990+00:00,1218,gainsofcryptopro
1756818,41182,"✨LINK/USDT

🎗 Trade Type = SHORT 🔴

⭐️ Leverage :-...[ 15.027, 14.871, 14.716, 14.559, 14.428, 14.236 ]",5b3b92d53d75d81ec0e3219012ecffbf,2026-09-29T15:02:45+00:00,2026-09-29T16:46:09.389390+00:00,1218,gainsofcryptopro
1756816,41180,"👑 GRASS/USDT — TRADE LONG

LEVERAGE 25X TO 50X

✅ ...0

⛔️ STOP LOSS: 0.6690

⚡️ NO FEAR — JUST PROFITS",1c84c943c54cd56c0c63795a18916880,2026-09-29T15:02:45+00:00,2026-09-29T16:46:09.362222+00:00,1218,gainsofcryptopro
1756814,41178,"#LONG 🟢🔤🔤🔤🔤🔤

#ETH/USDT

Margin Mode : Isolated 💎
...992

🟥 SL : 2629 - 100%   

📊 LEV : 20X

🇯🇵Premium",9b5c200645b610439d73db5cfe2da275,2026-09-29T15:02:45+00:00,2026-09-29T16:46:09.237360+00:00,1218,gainsofcryptopro
1756813,41177,"🚀 #TRIAUSDT LONG SIGNAL 🚀

⚡️ LEVERAGE 50X–75X
📌 E...h this move together!

🔓 Trade Smart • Trade Safe.",1ef4d97f8c35cbd7c028d87ae4a1b00a,2026-09-29T15:02:45+00:00,2026-09-29T16:46:09.214973+00:00,1218,gainsofcryptopro
1756805,41169,"ZEC‼️ 

LONG NOW  🚀
Leverage 75X
Target 🎯 100% / 300% / 600%
Margin 1% wallet size 

Stop-loss: Wait",439d7bfed151e578e7c3d92df4699f2c,2026-09-29T15:02:03+00:00,2026-09-29T16:46:08.853616+00:00,1218,gainsofcryptopro
1756804,41168,"⭐ NMR/USDT — LONG

💵 ENTRY: 12.400-12.00

⚙️ LEVER...o

📌 Follow the setup and manage your risk wisely.",e7bd79c8cf720b84132537b50d3bccdd,2026-09-29T15:02:03+00:00,2026-09-29T16:46:08.800501+00:00,1218,gainsofcryptopro
1756803,41167,"🔴 SHORT

#ONT/USDT

Entry zone : 0.059925 - 0.0581...2623
0.050869

Stop loss :0.0622526

Leverage: 10x",c72f42d6ba4e8b1ab084dc271abfb1b6,2026-09-29T15:02:03+00:00,2026-09-29T16:46:08.788844+00:00,1218,gainsofcryptopro
1756802,41166,"🔴 SHORT

#XRP/USDT

Entry : 

1) 1.5468
2) 1.5932
...1.4397

🛑 Stop : 1.6442

Leverage : 10x (isolated)",a2cf00f1e679226f3a047eac743303be,2026-09-29T15:02:03+00:00,2026-09-29T16:46:08.775201+00:00,1218,gainsofcryptopro
1756801,41165,"💎#0G/USDT  LONG

👍Leverage : Cross 25x50

🔝Entry :...0.3192

Use only 3% - 5% amount of your portfolio🤩",169f317f54478ce6b5150f553b6dea85,2026-09-29T15:02:02+00:00,2026-09-29T16:46:08.762524+00:00,1218,gainsofcryptopro
1756797,41163,"🔘 Coin : #WIF/USDT 🔘

🟢 LONG

🔺Entry🔻: 0.2404

⭐️ ...01 - 0.2524

♦️ StopLoss : 0.2323

🔱 Leverage: 25x",310dd4118f022095214d89fd6160d30e,2026-09-29T15:02:02+00:00,2026-09-29T16:46:08.484980+00:00,1218,gainsofcryptopro
1756795,41162,"$XAI - LONG ( Swing trade ) 📈📈📈

Entry : Market Pr...having dropped 100-fold from its all-time high.📈📈📈",ea2da659dce5cd6286e9a89c518f9080,2026-09-29T15:02:02+00:00,2026-09-29T16:46:08.475737+00:00,1218,gainsofcryptopro
1756794,41161,"#0G/ USDT — BUY (LONG) 
Leverage: Cross 25x – 50x
...T IS KEY
👉 Use ONLY 2 – 3% of your total portfolio",3c9f26d51ffd6559b69a6edeae32141e,2026-09-29T15:02:02+00:00,2026-09-29T16:46:08.473742+00:00,1218,gainsofcryptopro
1762143,41243,"MOVRUSDTUSDT  
Exchanges: BINGX 

🟢 Long
Leverage-... 1.33
4) 1.44
5) 1.55
6) 1.68
7) 🚀🚀🚀 

⛔️ SL:
1.06",1cfc1c1887986391011365a4eae6d4ea,2026-09-29T19:56:23+00:00,2026-09-29T20:59:48.444143+00:00,1218,gainsofcryptopro
1762142,41242,"↗️ LONG #MOVR 50x

📌 Entry: 1.17

🎯 TP1: 1.20
💵 TP...t Usage: 1-3%
⚠️ According to your risk management",1bcc6eceb9e097b9335c4bb0478ce11b,2026-09-29T19:19:20+00:00,2026-09-29T20:59:48.431152+00:00,1218,gainsofcryptopro
1762124,41219,"🔰 PAIR: XRP/ USDT 💹

🟢Position: LONG🚀

☑️ Entry Zo...:
🥇 1.4974
🥈 1.5040
🥉 1.5163

❌ Stop Loss: 🔴1.4742",66f19f0c9f15dfdab74f0d1b3a4b15e2,2026-09-29T19:05:34+00:00,2026-09-29T20:59:47.676226+00:00,1218,gainsofcryptopro
1762122,41216,"↗️ LONG #QNT 75x

📌 Entry: 267

🎯 TP1: 273
💵 TP2: ...t Usage: 1-3%
⚠️ According to your risk management",937d427acb33946378d09421c15fe032,2026-09-29T19:05:34+00:00,2026-09-29T20:59:47.532822+00:00,1218,gainsofcryptopro
1762121,41217,"ETH/USD BUY 

Entry : $  2686

Target1: $ 2700
Target2: $ 2770
Target3: $ 2900


SL : $ 2644",5c17ab2da531bc12b7837e8be778e037,2026-09-29T19:05:34+00:00,2026-09-29T20:59:47.531228+00:00,1218,gainsofcryptopro
1762119,41214,"🪙#LYN/USDT

🚩POSITION — SHORT

🔒  LEVERAGE — 20X

...0.03460
TP🥉: 0.03230

⛔️ SL: 0.04300

🔥REACTIONS?😜",0a49449ddedcb4c93155fcd170af8972,2026-09-29T19:05:33+00:00,2026-09-29T20:59:47.439356+00:00,1218,gainsofcryptopro
1762118,41213,"#LYN/USDT SHORT NOW 📉
🏠ENTRY: ( 0.03674 )",93f75458abda3fc9d022eb696fad38c3,2026-09-29T19:05:33+00:00,2026-09-29T20:59:47.427514+00:00,1218,gainsofcryptopro
1762117,41212,"↗️ LONG #QNT 75x

📌 Entry: 254

🎯 TP: 258

⛔️ SL: ...t Usage: 1-3%
⚠️ According to your risk management",e51f12d84a2a3777d9d17f03ee31e8a0,2026-09-29T19:05:33+00:00,2026-09-29T20:59:47.326262+00:00,1218,gainsofcryptopro
1767054,41260,"HYPEUSDTUSDT  
Exchanges: BINGX 

🟢 Short
Leverage...0
4) 83.04
5) 81.73
6) 75.19
7) 🚀🚀🚀 

⛔️ SL:
89.48",71b0dac5e254eef83e4c6814579fa5ad,2026-09-30T01:31:09+00:00,2026-09-30T02:15:51.628254+00:00,1218,gainsofcryptopro
1767052,41259,"#AIOZ | SHORT SETUP

💰 Entry: $0.11112

🎯 Target1:...t4: $0.10690
🎯 Target5: $0.10534

🛡 STOP: $0.11668",7a5f98ebfabf3c52a4c2ad165be37694,2026-09-30T01:31:09+00:00,2026-09-30T02:15:51.607662+00:00,1218,gainsofcryptopro
1767051,41258,"💫 Pair: HYPE/USDT  💫

🔼 Direction: Long 🔼

✅ Lever...📈 Take Profit: 88.90 📈

⚠️ Stop Loss: 84.20 ⚠️

📈📈",3b368ea6d501f86de477e3d46c9c92dd,2026-09-30T01:31:09+00:00,2026-09-30T02:15:51.543728+00:00,1218,gainsofcryptopro
1767040,41244,"⚡️Pair: ESPORTS/USDT
Type: LONG 🟢
💫Leverage:  (20X...15
2) 0.018
3) 0.022
4) 0.028

❌ STOP LOSS: 0.009❌",79c4533fff45a7fa67024e001be073a6,2026-09-30T01:30:31+00:00,2026-09-30T02:15:51.041288+00:00,1218,gainsofcryptopro
